trade_number,entry_time,entry_time_utc,source_status,route,block,active_symbol,quantity,tp,sp,extra_ticks,arm_points,be_mode,status,baseline_outcome,first_exit_direction,first_exit_reason,first_exit_index,first_exit_time,buy_exit_reason,sell_exit_reason,buy_exit_index,sell_exit_index,buy_exit_price,sell_exit_price,baseline_buy_net,baseline_sell_net,baseline_pair_net,candidate_status,survivor,armed,arm_index,arm_time,candidate_exit_reason,candidate_exit_price,candidate_survivor_net,candidate_pair_net,delta_vs_baseline,classification
2175,2025-08-03 18:00:00,2025-08-03T22:00:00+00:00,VALIDATED_SOURCE,WEEKLY,AUGUST,NQU5,2,9.75,1.0,0,0.5,PRICE_BE,RESOLVED,DOUBLE_STOP,BUY,STOP,3,2025-08-03 22:00:00.090916277+00:00,STOP,STOP,3,9,22847.75,22851.0,-109.0,-59.0,-168.0,RESOLVED,SELL,True,4.0,2025-08-03 22:00:00.124718131+00:00,PRICE_BE,22851.0,-59.0,-168.0,0.0,RAW_DOUBLE_STOP_RESCUED
2175,2025-08-03 18:00:00,2025-08-03T22:00:00+00:00,VALIDATED_SOURCE,WEEKLY,AUGUST,NQU5,2,9.75,1.0,0,0.5,COST_COVER_BE,RESOLVED,DOUBLE_STOP,BUY,STOP,3,2025-08-03 22:00:00.090916277+00:00,STOP,STOP,3,9,22847.75,22851.0,-109.0,-59.0,-168.0,RESOLVED,SELL,True,4.0,2025-08-03 22:00:00.124718131+00:00,COST_COVER_BE,22851.0,-59.0,-168.0,0.0,RAW_DOUBLE_STOP_RESCUED
2175,2025-08-03 18:00:00,2025-08-03T22:00:00+00:00,VALIDATED_SOURCE,WEEKLY,AUGUST,NQU5,2,9.75,1.0,0,1.0,PRICE_BE,RESOLVED,DOUBLE_STOP,BUY,STOP,3,2025-08-03 22:00:00.090916277+00:00,STOP,STOP,3,9,22847.75,22851.0,-109.0,-59.0,-168.0,RESOLVED,SELL,True,4.0,2025-08-03 22:00:00.124718131+00:00,PRICE_BE,22851.0,-59.0,-168.0,0.0,RAW_DOUBLE_STOP_RESCUED
2175,2025-08-03 18:00:00,2025-08-03T22:00:00+00:00,VALIDATED_SOURCE,WEEKLY,AUGUST,NQU5,2,9.75,1.0,0,1.0,COST_COVER_BE,RESOLVED,DOUBLE_STOP,BUY,STOP,3,2025-08-03 22:00:00.090916277+00:00,STOP,STOP,3,9,22847.75,22851.0,-109.0,-59.0,-168.0,RESOLVED,SELL,True,4.0,2025-08-03 22:00:00.124718131+00:00,COST_COVER_BE,22851.0,-59.0,-168.0,0.0,RAW_DOUBLE_STOP_RESCUED
2175,2025-08-03 18:00:00,2025-08-03T22:00:00+00:00,VALIDATED_SOURCE,WEEKLY,AUGUST,NQU5,2,9.75,1.0,0,2.0,PRICE_BE,RESOLVED,DOUBLE_STOP,BUY,STOP,3,2025-08-03 22:00:00.090916277+00:00,STOP,STOP,3,9,22847.75,22851.0,-109.0,-59.0,-168.0,RESOLVED,SELL,True,4.0,2025-08-03 22:00:00.124718131+00:00,PRICE_BE,22851.0,-59.0,-168.0,0.0,RAW_DOUBLE_STOP_RESCUED
2175,2025-08-03 18:00:00,2025-08-03T22:00:00+00:00,VALIDATED_SOURCE,WEEKLY,AUGUST,NQU5,2,9.75,1.0,0,2.0,COST_COVER_BE,RESOLVED,DOUBLE_STOP,BUY,STOP,3,2025-08-03 22:00:00.090916277+00:00,STOP,STOP,3,9,22847.75,22851.0,-109.0,-59.0,-168.0,RESOLVED,SELL,True,4.0,2025-08-03 22:00:00.124718131+00:00,COST_COVER_BE,22851.0,-59.0,-168.0,0.0,RAW_DOUBLE_STOP_RESCUED
2175,2025-08-03 18:00:00,2025-08-03T22:00:00+00:00,VALIDATED_SOURCE,WEEKLY,AUGUST,NQU5,2,9.75,1.0,0,3.0,PRICE_BE,RESOLVED,DOUBLE_STOP,BUY,STOP,3,2025-08-03 22:00:00.090916277+00:00,STOP,STOP,3,9,22847.75,22851.0,-109.0,-59.0,-168.0,RESOLVED,SELL,True,6.0,2025-08-03 22:00:00.124953493+00:00,PRICE_BE,22851.0,-59.0,-168.0,0.0,RAW_DOUBLE_STOP_RESCUED
2175,2025-08-03 18:00:00,2025-08-03T22:00:00+00:00,VALIDATED_SOURCE,WEEKLY,AUGUST,NQU5,2,9.75,1.0,0,3.0,COST_COVER_BE,RESOLVED,DOUBLE_STOP,BUY,STOP,3,2025-08-03 22:00:00.090916277+00:00,STOP,STOP,3,9,22847.75,22851.0,-109.0,-59.0,-168.0,RESOLVED,SELL,True,6.0,2025-08-03 22:00:00.124953493+00:00,COST_COVER_BE,22851.0,-59.0,-168.0,0.0,RAW_DOUBLE_STOP_RESCUED
2175,2025-08-03 18:00:00,2025-08-03T22:00:00+00:00,VALIDATED_SOURCE,WEEKLY,AUGUST,NQU5,2,9.75,1.0,0,4.0,PRICE_BE,RESOLVED,DOUBLE_STOP,BUY,STOP,3,2025-08-03 22:00:00.090916277+00:00,STOP,STOP,3,9,22847.75,22851.0,-109.0,-59.0,-168.0,RESOLVED,SELL,False,,,ORIGINAL_STOP_BEFORE_ARM,22851.0,-59.0,-168.0,0.0,RAW_DOUBLE_STOP_NOT_RESCUED
2175,2025-08-03 18:00:00,2025-08-03T22:00:00+00:00,VALIDATED_SOURCE,WEEKLY,AUGUST,NQU5,2,9.75,1.0,0,4.0,COST_COVER_BE,RESOLVED,DOUBLE_STOP,BUY,STOP,3,2025-08-03 22:00:00.090916277+00:00,STOP,STOP,3,9,22847.75,22851.0,-109.0,-59.0,-168.0,RESOLVED,SELL,False,,,ORIGINAL_STOP_BEFORE_ARM,22851.0,-59.0,-168.0,0.0,RAW_DOUBLE_STOP_NOT_RESCUED
2175,2025-08-03 18:00:00,2025-08-03T22:00:00+00:00,VALIDATED_SOURCE,WEEKLY,AUGUST,NQU5,2,9.75,1.0,0,5.0,PRICE_BE,RESOLVED,DOUBLE_STOP,BUY,STOP,3,2025-08-03 22:00:00.090916277+00:00,STOP,STOP,3,9,22847.75,22851.0,-109.0,-59.0,-168.0,RESOLVED,SELL,False,,,ORIGINAL_STOP_BEFORE_ARM,22851.0,-59.0,-168.0,0.0,RAW_DOUBLE_STOP_NOT_RESCUED
2175,2025-08-03 18:00:00,2025-08-03T22:00:00+00:00,VALIDATED_SOURCE,WEEKLY,AUGUST,NQU5,2,9.75,1.0,0,5.0,COST_COVER_BE,RESOLVED,DOUBLE_STOP,BUY,STOP,3,2025-08-03 22:00:00.090916277+00:00,STOP,STOP,3,9,22847.75,22851.0,-109.0,-59.0,-168.0,RESOLVED,SELL,False,,,ORIGINAL_STOP_BEFORE_ARM,22851.0,-59.0,-168.0,0.0,RAW_DOUBLE_STOP_NOT_RESCUED
2175,2025-08-03 18:00:00,2025-08-03T22:00:00+00:00,VALIDATED_SOURCE,WEEKLY,AUGUST,NQU5,2,9.75,1.0,0,8.0,PRICE_BE,RESOLVED,DOUBLE_STOP,BUY,STOP,3,2025-08-03 22:00:00.090916277+00:00,STOP,STOP,3,9,22847.75,22851.0,-109.0,-59.0,-168.0,RESOLVED,SELL,False,,,ORIGINAL_STOP_BEFORE_ARM,22851.0,-59.0,-168.0,0.0,RAW_DOUBLE_STOP_NOT_RESCUED
2175,2025-08-03 18:00:00,2025-08-03T22:00:00+00:00,VALIDATED_SOURCE,WEEKLY,AUGUST,NQU5,2,9.75,1.0,0,8.0,COST_COVER_BE,RESOLVED,DOUBLE_STOP,BUY,STOP,3,2025-08-03 22:00:00.090916277+00:00,STOP,STOP,3,9,22847.75,22851.0,-109.0,-59.0,-168.0,RESOLVED,SELL,False,,,ORIGINAL_STOP_BEFORE_ARM,22851.0,-59.0,-168.0,0.0,RAW_DOUBLE_STOP_NOT_RESCUED
2175,2025-08-03 18:00:00,2025-08-03T22:00:00+00:00,VALIDATED_SOURCE,WEEKLY,AUGUST,NQU5,2,9.75,1.0,1,0.5,PRICE_BE,RESOLVED,DOUBLE_STOP,BUY,STOP,3,2025-08-03 22:00:00.090916277+00:00,STOP,STOP,3,9,22847.5,22851.25,-119.0,-69.0,-188.0,RESOLVED,SELL,True,4.0,2025-08-03 22:00:00.124718131+00:00,PRICE_BE,22851.25,-69.0,-188.0,0.0,RAW_DOUBLE_STOP_RESCUED
2175,2025-08-03 18:00:00,2025-08-03T22:00:00+00:00,VALIDATED_SOURCE,WEEKLY,AUGUST,NQU5,2,9.75,1.0,1,0.5,COST_COVER_BE,RESOLVED,DOUBLE_STOP,BUY,STOP,3,2025-08-03 22:00:00.090916277+00:00,STOP,STOP,3,9,22847.5,22851.25,-119.0,-69.0,-188.0,RESOLVED,SELL,True,4.0,2025-08-03 22:00:00.124718131+00:00,COST_COVER_BE,22851.25,-69.0,-188.0,0.0,RAW_DOUBLE_STOP_RESCUED
2175,2025-08-03 18:00:00,2025-08-03T22:00:00+00:00,VALIDATED_SOURCE,WEEKLY,AUGUST,NQU5,2,9.75,1.0,1,1.0,PRICE_BE,RESOLVED,DOUBLE_STOP,BUY,STOP,3,2025-08-03 22:00:00.090916277+00:00,STOP,STOP,3,9,22847.5,22851.25,-119.0,-69.0,-188.0,RESOLVED,SELL,True,4.0,2025-08-03 22:00:00.124718131+00:00,PRICE_BE,22851.25,-69.0,-188.0,0.0,RAW_DOUBLE_STOP_RESCUED
2175,2025-08-03 18:00:00,2025-08-03T22:00:00+00:00,VALIDATED_SOURCE,WEEKLY,AUGUST,NQU5,2,9.75,1.0,1,1.0,COST_COVER_BE,RESOLVED,DOUBLE_STOP,BUY,STOP,3,2025-08-03 22:00:00.090916277+00:00,STOP,STOP,3,9,22847.5,22851.25,-119.0,-69.0,-188.0,RESOLVED,SELL,True,4.0,2025-08-03 22:00:00.124718131+00:00,COST_COVER_BE,22851.25,-69.0,-188.0,0.0,RAW_DOUBLE_STOP_RESCUED
2175,2025-08-03 18:00:00,2025-08-03T22:00:00+00:00,VALIDATED_SOURCE,WEEKLY,AUGUST,NQU5,2,9.75,1.0,1,2.0,PRICE_BE,RESOLVED,DOUBLE_STOP,BUY,STOP,3,2025-08-03 22:00:00.090916277+00:00,STOP,STOP,3,9,22847.5,22851.25,-119.0,-69.0,-188.0,RESOLVED,SELL,True,4.0,2025-08-03 22:00:00.124718131+00:00,PRICE_BE,22851.25,-69.0,-188.0,0.0,RAW_DOUBLE_STOP_RESCUED
2175,2025-08-03 18:00:00,2025-08-03T22:00:00+00:00,VALIDATED_SOURCE,WEEKLY,AUGUST,NQU5,2,9.75,1.0,1,2.0,COST_COVER_BE,RESOLVED,DOUBLE_STOP,BUY,STOP,3,2025-08-03 22:00:00.090916277+00:00,STOP,STOP,3,9,22847.5,22851.25,-119.0,-69.0,-188.0,RESOLVED,SELL,True,4.0,2025-08-03 22:00:00.124718131+00:00,COST_COVER_BE,22851.25,-69.0,-188.0,0.0,RAW_DOUBLE_STOP_RESCUED
2175,2025-08-03 18:00:00,2025-08-03T22:00:00+00:00,VALIDATED_SOURCE,WEEKLY,AUGUST,NQU5,2,9.75,1.0,1,3.0,PRICE_BE,RESOLVED,DOUBLE_STOP,BUY,STOP,3,2025-08-03 22:00:00.090916277+00:00,STOP,STOP,3,9,22847.5,22851.25,-119.0,-69.0,-188.0,RESOLVED,SELL,True,6.0,2025-08-03 22:00:00.124953493+00:00,PRICE_BE,22851.25,-69.0,-188.0,0.0,RAW_DOUBLE_STOP_RESCUED
2175,2025-08-03 18:00:00,2025-08-03T22:00:00+00:00,VALIDATED_SOURCE,WEEKLY,AUGUST,NQU5,2,9.75,1.0,1,3.0,COST_COVER_BE,RESOLVED,DOUBLE_STOP,BUY,STOP,3,2025-08-03 22:00:00.090916277+00:00,STOP,STOP,3,9,22847.5,22851.25,-119.0,-69.0,-188.0,RESOLVED,SELL,True,6.0,2025-08-03 22:00:00.124953493+00:00,COST_COVER_BE,22851.25,-69.0,-188.0,0.0,RAW_DOUBLE_STOP_RESCUED
2175,2025-08-03 18:00:00,2025-08-03T22:00:00+00:00,VALIDATED_SOURCE,WEEKLY,AUGUST,NQU5,2,9.75,1.0,1,4.0,PRICE_BE,RESOLVED,DOUBLE_STOP,BUY,STOP,3,2025-08-03 22:00:00.090916277+00:00,STOP,STOP,3,9,22847.5,22851.25,-119.0,-69.0,-188.0,RESOLVED,SELL,False,,,ORIGINAL_STOP_BEFORE_ARM,22851.25,-69.0,-188.0,0.0,RAW_DOUBLE_STOP_NOT_RESCUED
2175,2025-08-03 18:00:00,2025-08-03T22:00:00+00:00,VALIDATED_SOURCE,WEEKLY,AUGUST,NQU5,2,9.75,1.0,1,4.0,COST_COVER_BE,RESOLVED,DOUBLE_STOP,BUY,STOP,3,2025-08-03 22:00:00.090916277+00:00,STOP,STOP,3,9,22847.5,22851.25,-119.0,-69.0,-188.0,RESOLVED,SELL,False,,,ORIGINAL_STOP_BEFORE_ARM,22851.25,-69.0,-188.0,0.0,RAW_DOUBLE_STOP_NOT_RESCUED
2175,2025-08-03 18:00:00,2025-08-03T22:00:00+00:00,VALIDATED_SOURCE,WEEKLY,AUGUST,NQU5,2,9.75,1.0,1,5.0,PRICE_BE,RESOLVED,DOUBLE_STOP,BUY,STOP,3,2025-08-03 22:00:00.090916277+00:00,STOP,STOP,3,9,22847.5,22851.25,-119.0,-69.0,-188.0,RESOLVED,SELL,False,,,ORIGINAL_STOP_BEFORE_ARM,22851.25,-69.0,-188.0,0.0,RAW_DOUBLE_STOP_NOT_RESCUED
2175,2025-08-03 18:00:00,2025-08-03T22:00:00+00:00,VALIDATED_SOURCE,WEEKLY,AUGUST,NQU5,2,9.75,1.0,1,5.0,COST_COVER_BE,RESOLVED,DOUBLE_STOP,BUY,STOP,3,2025-08-03 22:00:00.090916277+00:00,STOP,STOP,3,9,22847.5,22851.25,-119.0,-69.0,-188.0,RESOLVED,SELL,False,,,ORIGINAL_STOP_BEFORE_ARM,22851.25,-69.0,-188.0,0.0,RAW_DOUBLE_STOP_NOT_RESCUED
2175,2025-08-03 18:00:00,2025-08-03T22:00:00+00:00,VALIDATED_SOURCE,WEEKLY,AUGUST,NQU5,2,9.75,1.0,1,8.0,PRICE_BE,RESOLVED,DOUBLE_STOP,BUY,STOP,3,2025-08-03 22:00:00.090916277+00:00,STOP,STOP,3,9,22847.5,22851.25,-119.0,-69.0,-188.0,RESOLVED,SELL,False,,,ORIGINAL_STOP_BEFORE_ARM,22851.25,-69.0,-188.0,0.0,RAW_DOUBLE_STOP_NOT_RESCUED
2175,2025-08-03 18:00:00,2025-08-03T22:00:00+00:00,VALIDATED_SOURCE,WEEKLY,AUGUST,NQU5,2,9.75,1.0,1,8.0,COST_COVER_BE,RESOLVED,DOUBLE_STOP,BUY,STOP,3,2025-08-03 22:00:00.090916277+00:00,STOP,STOP,3,9,22847.5,22851.25,-119.0,-69.0,-188.0,RESOLVED,SELL,False,,,ORIGINAL_STOP_BEFORE_ARM,22851.25,-69.0,-188.0,0.0,RAW_DOUBLE_STOP_NOT_RESCUED
2175,2025-08-03 18:00:00,2025-08-03T22:00:00+00:00,VALIDATED_SOURCE,WEEKLY,AUGUST,NQU5,2,9.75,1.0,2,0.5,PRICE_BE,RESOLVED,DOUBLE_STOP,BUY,STOP,3,2025-08-03 22:00:00.090916277+00:00,STOP,STOP,3,9,22847.25,22851.5,-129.0,-79.0,-208.0,RESOLVED,SELL,True,4.0,2025-08-03 22:00:00.124718131+00:00,PRICE_BE,22851.5,-79.0,-208.0,0.0,RAW_DOUBLE_STOP_RESCUED
2175,2025-08-03 18:00:00,2025-08-03T22:00:00+00:00,VALIDATED_SOURCE,WEEKLY,AUGUST,NQU5,2,9.75,1.0,2,0.5,COST_COVER_BE,RESOLVED,DOUBLE_STOP,BUY,STOP,3,2025-08-03 22:00:00.090916277+00:00,STOP,STOP,3,9,22847.25,22851.5,-129.0,-79.0,-208.0,RESOLVED,SELL,True,4.0,2025-08-03 22:00:00.124718131+00:00,COST_COVER_BE,22851.5,-79.0,-208.0,0.0,RAW_DOUBLE_STOP_RESCUED
2175,2025-08-03 18:00:00,2025-08-03T22:00:00+00:00,VALIDATED_SOURCE,WEEKLY,AUGUST,NQU5,2,9.75,1.0,2,1.0,PRICE_BE,RESOLVED,DOUBLE_STOP,BUY,STOP,3,2025-08-03 22:00:00.090916277+00:00,STOP,STOP,3,9,22847.25,22851.5,-129.0,-79.0,-208.0,RESOLVED,SELL,True,4.0,2025-08-03 22:00:00.124718131+00:00,PRICE_BE,22851.5,-79.0,-208.0,0.0,RAW_DOUBLE_STOP_RESCUED
2175,2025-08-03 18:00:00,2025-08-03T22:00:00+00:00,VALIDATED_SOURCE,WEEKLY,AUGUST,NQU5,2,9.75,1.0,2,1.0,COST_COVER_BE,RESOLVED,DOUBLE_STOP,BUY,STOP,3,2025-08-03 22:00:00.090916277+00:00,STOP,STOP,3,9,22847.25,22851.5,-129.0,-79.0,-208.0,RESOLVED,SELL,True,4.0,2025-08-03 22:00:00.124718131+00:00,COST_COVER_BE,22851.5,-79.0,-208.0,0.0,RAW_DOUBLE_STOP_RESCUED
2175,2025-08-03 18:00:00,2025-08-03T22:00:00+00:00,VALIDATED_SOURCE,WEEKLY,AUGUST,NQU5,2,9.75,1.0,2,2.0,PRICE_BE,RESOLVED,DOUBLE_STOP,BUY,STOP,3,2025-08-03 22:00:00.090916277+00:00,STOP,STOP,3,9,22847.25,22851.5,-129.0,-79.0,-208.0,RESOLVED,SELL,True,4.0,2025-08-03 22:00:00.124718131+00:00,PRICE_BE,22851.5,-79.0,-208.0,0.0,RAW_DOUBLE_STOP_RESCUED
2175,2025-08-03 18:00:00,2025-08-03T22:00:00+00:00,VALIDATED_SOURCE,WEEKLY,AUGUST,NQU5,2,9.75,1.0,2,2.0,COST_COVER_BE,RESOLVED,DOUBLE_STOP,BUY,STOP,3,2025-08-03 22:00:00.090916277+00:00,STOP,STOP,3,9,22847.25,22851.5,-129.0,-79.0,-208.0,RESOLVED,SELL,True,4.0,2025-08-03 22:00:00.124718131+00:00,COST_COVER_BE,22851.5,-79.0,-208.0,0.0,RAW_DOUBLE_STOP_RESCUED
2175,2025-08-03 18:00:00,2025-08-03T22:00:00+00:00,VALIDATED_SOURCE,WEEKLY,AUGUST,NQU5,2,9.75,1.0,2,3.0,PRICE_BE,RESOLVED,DOUBLE_STOP,BUY,STOP,3,2025-08-03 22:00:00.090916277+00:00,STOP,STOP,3,9,22847.25,22851.5,-129.0,-79.0,-208.0,RESOLVED,SELL,True,6.0,2025-08-03 22:00:00.124953493+00:00,PRICE_BE,22851.5,-79.0,-208.0,0.0,RAW_DOUBLE_STOP_RESCUED
2175,2025-08-03 18:00:00,2025-08-03T22:00:00+00:00,VALIDATED_SOURCE,WEEKLY,AUGUST,NQU5,2,9.75,1.0,2,3.0,COST_COVER_BE,RESOLVED,DOUBLE_STOP,BUY,STOP,3,2025-08-03 22:00:00.090916277+00:00,STOP,STOP,3,9,22847.25,22851.5,-129.0,-79.0,-208.0,RESOLVED,SELL,True,6.0,2025-08-03 22:00:00.124953493+00:00,COST_COVER_BE,22851.5,-79.0,-208.0,0.0,RAW_DOUBLE_STOP_RESCUED
2175,2025-08-03 18:00:00,2025-08-03T22:00:00+00:00,VALIDATED_SOURCE,WEEKLY,AUGUST,NQU5,2,9.75,1.0,2,4.0,PRICE_BE,RESOLVED,DOUBLE_STOP,BUY,STOP,3,2025-08-03 22:00:00.090916277+00:00,STOP,STOP,3,9,22847.25,22851.5,-129.0,-79.0,-208.0,RESOLVED,SELL,False,,,ORIGINAL_STOP_BEFORE_ARM,22851.5,-79.0,-208.0,0.0,RAW_DOUBLE_STOP_NOT_RESCUED
2175,2025-08-03 18:00:00,2025-08-03T22:00:00+00:00,VALIDATED_SOURCE,WEEKLY,AUGUST,NQU5,2,9.75,1.0,2,4.0,COST_COVER_BE,RESOLVED,DOUBLE_STOP,BUY,STOP,3,2025-08-03 22:00:00.090916277+00:00,STOP,STOP,3,9,22847.25,22851.5,-129.0,-79.0,-208.0,RESOLVED,SELL,False,,,ORIGINAL_STOP_BEFORE_ARM,22851.5,-79.0,-208.0,0.0,RAW_DOUBLE_STOP_NOT_RESCUED
2175,2025-08-03 18:00:00,2025-08-03T22:00:00+00:00,VALIDATED_SOURCE,WEEKLY,AUGUST,NQU5,2,9.75,1.0,2,5.0,PRICE_BE,RESOLVED,DOUBLE_STOP,BUY,STOP,3,2025-08-03 22:00:00.090916277+00:00,STOP,STOP,3,9,22847.25,22851.5,-129.0,-79.0,-208.0,RESOLVED,SELL,False,,,ORIGINAL_STOP_BEFORE_ARM,22851.5,-79.0,-208.0,0.0,RAW_DOUBLE_STOP_NOT_RESCUED
2175,2025-08-03 18:00:00,2025-08-03T22:00:00+00:00,VALIDATED_SOURCE,WEEKLY,AUGUST,NQU5,2,9.75,1.0,2,5.0,COST_COVER_BE,RESOLVED,DOUBLE_STOP,BUY,STOP,3,2025-08-03 22:00:00.090916277+00:00,STOP,STOP,3,9,22847.25,22851.5,-129.0,-79.0,-208.0,RESOLVED,SELL,False,,,ORIGINAL_STOP_BEFORE_ARM,22851.5,-79.0,-208.0,0.0,RAW_DOUBLE_STOP_NOT_RESCUED
2175,2025-08-03 18:00:00,2025-08-03T22:00:00+00:00,VALIDATED_SOURCE,WEEKLY,AUGUST,NQU5,2,9.75,1.0,2,8.0,PRICE_BE,RESOLVED,DOUBLE_STOP,BUY,STOP,3,2025-08-03 22:00:00.090916277+00:00,STOP,STOP,3,9,22847.25,22851.5,-129.0,-79.0,-208.0,RESOLVED,SELL,False,,,ORIGINAL_STOP_BEFORE_ARM,22851.5,-79.0,-208.0,0.0,RAW_DOUBLE_STOP_NOT_RESCUED
2175,2025-08-03 18:00:00,2025-08-03T22:00:00+00:00,VALIDATED_SOURCE,WEEKLY,AUGUST,NQU5,2,9.75,1.0,2,8.0,COST_COVER_BE,RESOLVED,DOUBLE_STOP,BUY,STOP,3,2025-08-03 22:00:00.090916277+00:00,STOP,STOP,3,9,22847.25,22851.5,-129.0,-79.0,-208.0,RESOLVED,SELL,False,,,ORIGINAL_STOP_BEFORE_ARM,22851.5,-79.0,-208.0,0.0,RAW_DOUBLE_STOP_NOT_RESCUED
2175,2025-08-03 18:00:00,2025-08-03T22:00:00+00:00,VALIDATED_SOURCE,WEEKLY,AUGUST,NQU5,2,9.75,1.0,4,0.5,PRICE_BE,RESOLVED,DOUBLE_STOP,BUY,STOP,3,2025-08-03 22:00:00.090916277+00:00,STOP,STOP,3,9,22846.75,22852.0,-149.0,-99.0,-248.0,RESOLVED,SELL,True,4.0,2025-08-03 22:00:00.124718131+00:00,PRICE_BE,22852.0,-99.0,-248.0,0.0,RAW_DOUBLE_STOP_RESCUED
2175,2025-08-03 18:00:00,2025-08-03T22:00:00+00:00,VALIDATED_SOURCE,WEEKLY,AUGUST,NQU5,2,9.75,1.0,4,0.5,COST_COVER_BE,RESOLVED,DOUBLE_STOP,BUY,STOP,3,2025-08-03 22:00:00.090916277+00:00,STOP,STOP,3,9,22846.75,22852.0,-149.0,-99.0,-248.0,RESOLVED,SELL,True,4.0,2025-08-03 22:00:00.124718131+00:00,COST_COVER_BE,22852.0,-99.0,-248.0,0.0,RAW_DOUBLE_STOP_RESCUED
2175,2025-08-03 18:00:00,2025-08-03T22:00:00+00:00,VALIDATED_SOURCE,WEEKLY,AUGUST,NQU5,2,9.75,1.0,4,1.0,PRICE_BE,RESOLVED,DOUBLE_STOP,BUY,STOP,3,2025-08-03 22:00:00.090916277+00:00,STOP,STOP,3,9,22846.75,22852.0,-149.0,-99.0,-248.0,RESOLVED,SELL,True,4.0,2025-08-03 22:00:00.124718131+00:00,PRICE_BE,22852.0,-99.0,-248.0,0.0,RAW_DOUBLE_STOP_RESCUED
2175,2025-08-03 18:00:00,2025-08-03T22:00:00+00:00,VALIDATED_SOURCE,WEEKLY,AUGUST,NQU5,2,9.75,1.0,4,1.0,COST_COVER_BE,RESOLVED,DOUBLE_STOP,BUY,STOP,3,2025-08-03 22:00:00.090916277+00:00,STOP,STOP,3,9,22846.75,22852.0,-149.0,-99.0,-248.0,RESOLVED,SELL,True,4.0,2025-08-03 22:00:00.124718131+00:00,COST_COVER_BE,22852.0,-99.0,-248.0,0.0,RAW_DOUBLE_STOP_RESCUED
2175,2025-08-03 18:00:00,2025-08-03T22:00:00+00:00,VALIDATED_SOURCE,WEEKLY,AUGUST,NQU5,2,9.75,1.0,4,2.0,PRICE_BE,RESOLVED,DOUBLE_STOP,BUY,STOP,3,2025-08-03 22:00:00.090916277+00:00,STOP,STOP,3,9,22846.75,22852.0,-149.0,-99.0,-248.0,RESOLVED,SELL,True,4.0,2025-08-03 22:00:00.124718131+00:00,PRICE_BE,22852.0,-99.0,-248.0,0.0,RAW_DOUBLE_STOP_RESCUED
2175,2025-08-03 18:00:00,2025-08-03T22:00:00+00:00,VALIDATED_SOURCE,WEEKLY,AUGUST,NQU5,2,9.75,1.0,4,2.0,COST_COVER_BE,RESOLVED,DOUBLE_STOP,BUY,STOP,3,2025-08-03 22:00:00.090916277+00:00,STOP,STOP,3,9,22846.75,22852.0,-149.0,-99.0,-248.0,RESOLVED,SELL,True,4.0,2025-08-03 22:00:00.124718131+00:00,COST_COVER_BE,22852.0,-99.0,-248.0,0.0,RAW_DOUBLE_STOP_RESCUED
2175,2025-08-03 18:00:00,2025-08-03T22:00:00+00:00,VALIDATED_SOURCE,WEEKLY,AUGUST,NQU5,2,9.75,1.0,4,3.0,PRICE_BE,RESOLVED,DOUBLE_STOP,BUY,STOP,3,2025-08-03 22:00:00.090916277+00:00,STOP,STOP,3,9,22846.75,22852.0,-149.0,-99.0,-248.0,RESOLVED,SELL,True,6.0,2025-08-03 22:00:00.124953493+00:00,PRICE_BE,22852.0,-99.0,-248.0,0.0,RAW_DOUBLE_STOP_RESCUED
2175,2025-08-03 18:00:00,2025-08-03T22:00:00+00:00,VALIDATED_SOURCE,WEEKLY,AUGUST,NQU5,2,9.75,1.0,4,3.0,COST_COVER_BE,RESOLVED,DOUBLE_STOP,BUY,STOP,3,2025-08-03 22:00:00.090916277+00:00,STOP,STOP,3,9,22846.75,22852.0,-149.0,-99.0,-248.0,RESOLVED,SELL,True,6.0,2025-08-03 22:00:00.124953493+00:00,COST_COVER_BE,22852.0,-99.0,-248.0,0.0,RAW_DOUBLE_STOP_RESCUED
2175,2025-08-03 18:00:00,2025-08-03T22:00:00+00:00,VALIDATED_SOURCE,WEEKLY,AUGUST,NQU5,2,9.75,1.0,4,4.0,PRICE_BE,RESOLVED,DOUBLE_STOP,BUY,STOP,3,2025-08-03 22:00:00.090916277+00:00,STOP,STOP,3,9,22846.75,22852.0,-149.0,-99.0,-248.0,RESOLVED,SELL,False,,,ORIGINAL_STOP_BEFORE_ARM,22852.0,-99.0,-248.0,0.0,RAW_DOUBLE_STOP_NOT_RESCUED
2175,2025-08-03 18:00:00,2025-08-03T22:00:00+00:00,VALIDATED_SOURCE,WEEKLY,AUGUST,NQU5,2,9.75,1.0,4,4.0,COST_COVER_BE,RESOLVED,DOUBLE_STOP,BUY,STOP,3,2025-08-03 22:00:00.090916277+00:00,STOP,STOP,3,9,22846.75,22852.0,-149.0,-99.0,-248.0,RESOLVED,SELL,False,,,ORIGINAL_STOP_BEFORE_ARM,22852.0,-99.0,-248.0,0.0,RAW_DOUBLE_STOP_NOT_RESCUED
2175,2025-08-03 18:00:00,2025-08-03T22:00:00+00:00,VALIDATED_SOURCE,WEEKLY,AUGUST,NQU5,2,9.75,1.0,4,5.0,PRICE_BE,RESOLVED,DOUBLE_STOP,BUY,STOP,3,2025-08-03 22:00:00.090916277+00:00,STOP,STOP,3,9,22846.75,22852.0,-149.0,-99.0,-248.0,RESOLVED,SELL,False,,,ORIGINAL_STOP_BEFORE_ARM,22852.0,-99.0,-248.0,0.0,RAW_DOUBLE_STOP_NOT_RESCUED
2175,2025-08-03 18:00:00,2025-08-03T22:00:00+00:00,VALIDATED_SOURCE,WEEKLY,AUGUST,NQU5,2,9.75,1.0,4,5.0,COST_COVER_BE,RESOLVED,DOUBLE_STOP,BUY,STOP,3,2025-08-03 22:00:00.090916277+00:00,STOP,STOP,3,9,22846.75,22852.0,-149.0,-99.0,-248.0,RESOLVED,SELL,False,,,ORIGINAL_STOP_BEFORE_ARM,22852.0,-99.0,-248.0,0.0,RAW_DOUBLE_STOP_NOT_RESCUED
2175,2025-08-03 18:00:00,2025-08-03T22:00:00+00:00,VALIDATED_SOURCE,WEEKLY,AUGUST,NQU5,2,9.75,1.0,4,8.0,PRICE_BE,RESOLVED,DOUBLE_STOP,BUY,STOP,3,2025-08-03 22:00:00.090916277+00:00,STOP,STOP,3,9,22846.75,22852.0,-149.0,-99.0,-248.0,RESOLVED,SELL,False,,,ORIGINAL_STOP_BEFORE_ARM,22852.0,-99.0,-248.0,0.0,RAW_DOUBLE_STOP_NOT_RESCUED
2175,2025-08-03 18:00:00,2025-08-03T22:00:00+00:00,VALIDATED_SOURCE,WEEKLY,AUGUST,NQU5,2,9.75,1.0,4,8.0,COST_COVER_BE,RESOLVED,DOUBLE_STOP,BUY,STOP,3,2025-08-03 22:00:00.090916277+00:00,STOP,STOP,3,9,22846.75,22852.0,-149.0,-99.0,-248.0,RESOLVED,SELL,False,,,ORIGINAL_STOP_BEFORE_ARM,22852.0,-99.0,-248.0,0.0,RAW_DOUBLE_STOP_NOT_RESCUED
2176,2025-08-04 09:30:00,2025-08-04T13:30:00+00:00,VALIDATED_SOURCE,NY,AUGUST,NQU5,2,16.0,1.0,0,0.5,PRICE_BE,RESOLVED,DOUBLE_STOP,SELL,STOP,3,2025-08-04 13:30:00.001358323+00:00,STOP,STOP,379,3,23093.25,23094.75,-49.0,-49.0,-98.0,RESOLVED,BUY,True,4.0,2025-08-04 13:30:00.001486317+00:00,PRICE_BE,23095.0,21.0,-28.0,70.0,RAW_DOUBLE_STOP_RESCUED
2176,2025-08-04 09:30:00,2025-08-04T13:30:00+00:00,VALIDATED_SOURCE,NY,AUGUST,NQU5,2,16.0,1.0,0,0.5,COST_COVER_BE,RESOLVED,DOUBLE_STOP,SELL,STOP,3,2025-08-04 13:30:00.001358323+00:00,STOP,STOP,379,3,23093.25,23094.75,-49.0,-49.0,-98.0,RESOLVED,BUY,True,4.0,2025-08-04 13:30:00.001486317+00:00,COST_COVER_BE,23094.25,-9.0,-58.0,40.0,RAW_DOUBLE_STOP_RESCUED
2176,2025-08-04 09:30:00,2025-08-04T13:30:00+00:00,VALIDATED_SOURCE,NY,AUGUST,NQU5,2,16.0,1.0,0,1.0,PRICE_BE,RESOLVED,DOUBLE_STOP,SELL,STOP,3,2025-08-04 13:30:00.001358323+00:00,STOP,STOP,379,3,23093.25,23094.75,-49.0,-49.0,-98.0,RESOLVED,BUY,True,12.0,2025-08-04 13:30:00.009461137+00:00,PRICE_BE,23095.0,21.0,-28.0,70.0,RAW_DOUBLE_STOP_RESCUED
2176,2025-08-04 09:30:00,2025-08-04T13:30:00+00:00,VALIDATED_SOURCE,NY,AUGUST,NQU5,2,16.0,1.0,0,1.0,COST_COVER_BE,RESOLVED,DOUBLE_STOP,SELL,STOP,3,2025-08-04 13:30:00.001358323+00:00,STOP,STOP,379,3,23093.25,23094.75,-49.0,-49.0,-98.0,RESOLVED,BUY,True,12.0,2025-08-04 13:30:00.009461137+00:00,COST_COVER_BE,23094.75,11.0,-38.0,60.0,RAW_DOUBLE_STOP_RESCUED
2176,2025-08-04 09:30:00,2025-08-04T13:30:00+00:00,VALIDATED_SOURCE,NY,AUGUST,NQU5,2,16.0,1.0,0,2.0,PRICE_BE,RESOLVED,DOUBLE_STOP,SELL,STOP,3,2025-08-04 13:30:00.001358323+00:00,STOP,STOP,379,3,23093.25,23094.75,-49.0,-49.0,-98.0,RESOLVED,BUY,True,34.0,2025-08-04 13:30:00.023349729+00:00,PRICE_BE,23094.5,1.0,-48.0,50.0,RAW_DOUBLE_STOP_RESCUED
2176,2025-08-04 09:30:00,2025-08-04T13:30:00+00:00,VALIDATED_SOURCE,NY,AUGUST,NQU5,2,16.0,1.0,0,2.0,COST_COVER_BE,RESOLVED,DOUBLE_STOP,SELL,STOP,3,2025-08-04 13:30:00.001358323+00:00,STOP,STOP,379,3,23093.25,23094.75,-49.0,-49.0,-98.0,RESOLVED,BUY,True,34.0,2025-08-04 13:30:00.023349729+00:00,COST_COVER_BE,23094.75,11.0,-38.0,60.0,RAW_DOUBLE_STOP_RESCUED
2176,2025-08-04 09:30:00,2025-08-04T13:30:00+00:00,VALIDATED_SOURCE,NY,AUGUST,NQU5,2,16.0,1.0,0,3.0,PRICE_BE,RESOLVED,DOUBLE_STOP,SELL,STOP,3,2025-08-04 13:30:00.001358323+00:00,STOP,STOP,379,3,23093.25,23094.75,-49.0,-49.0,-98.0,RESOLVED,BUY,True,233.0,2025-08-04 13:30:00.754023509+00:00,PRICE_BE,23094.25,-9.0,-58.0,40.0,RAW_DOUBLE_STOP_RESCUED
2176,2025-08-04 09:30:00,2025-08-04T13:30:00+00:00,VALIDATED_SOURCE,NY,AUGUST,NQU5,2,16.0,1.0,0,3.0,COST_COVER_BE,RESOLVED,DOUBLE_STOP,SELL,STOP,3,2025-08-04 13:30:00.001358323+00:00,STOP,STOP,379,3,23093.25,23094.75,-49.0,-49.0,-98.0,RESOLVED,BUY,True,233.0,2025-08-04 13:30:00.754023509+00:00,COST_COVER_BE,23094.75,11.0,-38.0,60.0,RAW_DOUBLE_STOP_RESCUED
2176,2025-08-04 09:30:00,2025-08-04T13:30:00+00:00,VALIDATED_SOURCE,NY,AUGUST,NQU5,2,16.0,1.0,0,4.0,PRICE_BE,RESOLVED,DOUBLE_STOP,SELL,STOP,3,2025-08-04 13:30:00.001358323+00:00,STOP,STOP,379,3,23093.25,23094.75,-49.0,-49.0,-98.0,RESOLVED,BUY,True,277.0,2025-08-04 13:30:01.010454335+00:00,PRICE_BE,23094.25,-9.0,-58.0,40.0,RAW_DOUBLE_STOP_RESCUED
2176,2025-08-04 09:30:00,2025-08-04T13:30:00+00:00,VALIDATED_SOURCE,NY,AUGUST,NQU5,2,16.0,1.0,0,4.0,COST_COVER_BE,RESOLVED,DOUBLE_STOP,SELL,STOP,3,2025-08-04 13:30:00.001358323+00:00,STOP,STOP,379,3,23093.25,23094.75,-49.0,-49.0,-98.0,RESOLVED,BUY,True,277.0,2025-08-04 13:30:01.010454335+00:00,COST_COVER_BE,23094.75,11.0,-38.0,60.0,RAW_DOUBLE_STOP_RESCUED
2176,2025-08-04 09:30:00,2025-08-04T13:30:00+00:00,VALIDATED_SOURCE,NY,AUGUST,NQU5,2,16.0,1.0,0,5.0,PRICE_BE,RESOLVED,DOUBLE_STOP,SELL,STOP,3,2025-08-04 13:30:00.001358323+00:00,STOP,STOP,379,3,23093.25,23094.75,-49.0,-49.0,-98.0,RESOLVED,BUY,False,,,ORIGINAL_STOP_BEFORE_ARM,23093.25,-49.0,-98.0,0.0,RAW_DOUBLE_STOP_NOT_RESCUED
2176,2025-08-04 09:30:00,2025-08-04T13:30:00+00:00,VALIDATED_SOURCE,NY,AUGUST,NQU5,2,16.0,1.0,0,5.0,COST_COVER_BE,RESOLVED,DOUBLE_STOP,SELL,STOP,3,2025-08-04 13:30:00.001358323+00:00,STOP,STOP,379,3,23093.25,23094.75,-49.0,-49.0,-98.0,RESOLVED,BUY,False,,,ORIGINAL_STOP_BEFORE_ARM,23093.25,-49.0,-98.0,0.0,RAW_DOUBLE_STOP_NOT_RESCUED
2176,2025-08-04 09:30:00,2025-08-04T13:30:00+00:00,VALIDATED_SOURCE,NY,AUGUST,NQU5,2,16.0,1.0,0,8.0,PRICE_BE,RESOLVED,DOUBLE_STOP,SELL,STOP,3,2025-08-04 13:30:00.001358323+00:00,STOP,STOP,379,3,23093.25,23094.75,-49.0,-49.0,-98.0,RESOLVED,BUY,False,,,ORIGINAL_STOP_BEFORE_ARM,23093.25,-49.0,-98.0,0.0,RAW_DOUBLE_STOP_NOT_RESCUED
2176,2025-08-04 09:30:00,2025-08-04T13:30:00+00:00,VALIDATED_SOURCE,NY,AUGUST,NQU5,2,16.0,1.0,0,8.0,COST_COVER_BE,RESOLVED,DOUBLE_STOP,SELL,STOP,3,2025-08-04 13:30:00.001358323+00:00,STOP,STOP,379,3,23093.25,23094.75,-49.0,-49.0,-98.0,RESOLVED,BUY,False,,,ORIGINAL_STOP_BEFORE_ARM,23093.25,-49.0,-98.0,0.0,RAW_DOUBLE_STOP_NOT_RESCUED
2176,2025-08-04 09:30:00,2025-08-04T13:30:00+00:00,VALIDATED_SOURCE,NY,AUGUST,NQU5,2,16.0,1.0,1,0.5,PRICE_BE,RESOLVED,DOUBLE_STOP,SELL,STOP,3,2025-08-04 13:30:00.001358323+00:00,STOP,STOP,379,3,23093.0,23095.0,-59.0,-59.0,-118.0,RESOLVED,BUY,True,4.0,2025-08-04 13:30:00.001486317+00:00,PRICE_BE,23094.75,11.0,-48.0,70.0,RAW_DOUBLE_STOP_RESCUED
2176,2025-08-04 09:30:00,2025-08-04T13:30:00+00:00,VALIDATED_SOURCE,NY,AUGUST,NQU5,2,16.0,1.0,1,0.5,COST_COVER_BE,RESOLVED,DOUBLE_STOP,SELL,STOP,3,2025-08-04 13:30:00.001358323+00:00,STOP,STOP,379,3,23093.0,23095.0,-59.0,-59.0,-118.0,RESOLVED,BUY,True,4.0,2025-08-04 13:30:00.001486317+00:00,COST_COVER_BE,23094.0,-19.0,-78.0,40.0,RAW_DOUBLE_STOP_RESCUED
2176,2025-08-04 09:30:00,2025-08-04T13:30:00+00:00,VALIDATED_SOURCE,NY,AUGUST,NQU5,2,16.0,1.0,1,1.0,PRICE_BE,RESOLVED,DOUBLE_STOP,SELL,STOP,3,2025-08-04 13:30:00.001358323+00:00,STOP,STOP,379,3,23093.0,23095.0,-59.0,-59.0,-118.0,RESOLVED,BUY,True,12.0,2025-08-04 13:30:00.009461137+00:00,PRICE_BE,23094.75,11.0,-48.0,70.0,RAW_DOUBLE_STOP_RESCUED
2176,2025-08-04 09:30:00,2025-08-04T13:30:00+00:00,VALIDATED_SOURCE,NY,AUGUST,NQU5,2,16.0,1.0,1,1.0,COST_COVER_BE,RESOLVED,DOUBLE_STOP,SELL,STOP,3,2025-08-04 13:30:00.001358323+00:00,STOP,STOP,379,3,23093.0,23095.0,-59.0,-59.0,-118.0,RESOLVED,BUY,True,12.0,2025-08-04 13:30:00.009461137+00:00,COST_COVER_BE,23094.5,1.0,-58.0,60.0,RAW_DOUBLE_STOP_RESCUED
2176,2025-08-04 09:30:00,2025-08-04T13:30:00+00:00,VALIDATED_SOURCE,NY,AUGUST,NQU5,2,16.0,1.0,1,2.0,PRICE_BE,RESOLVED,DOUBLE_STOP,SELL,STOP,3,2025-08-04 13:30:00.001358323+00:00,STOP,STOP,379,3,23093.0,23095.0,-59.0,-59.0,-118.0,RESOLVED,BUY,True,34.0,2025-08-04 13:30:00.023349729+00:00,PRICE_BE,23094.25,-9.0,-68.0,50.0,RAW_DOUBLE_STOP_RESCUED
2176,2025-08-04 09:30:00,2025-08-04T13:30:00+00:00,VALIDATED_SOURCE,NY,AUGUST,NQU5,2,16.0,1.0,1,2.0,COST_COVER_BE,RESOLVED,DOUBLE_STOP,SELL,STOP,3,2025-08-04 13:30:00.001358323+00:00,STOP,STOP,379,3,23093.0,23095.0,-59.0,-59.0,-118.0,RESOLVED,BUY,True,34.0,2025-08-04 13:30:00.023349729+00:00,COST_COVER_BE,23094.5,1.0,-58.0,60.0,RAW_DOUBLE_STOP_RESCUED
2176,2025-08-04 09:30:00,2025-08-04T13:30:00+00:00,VALIDATED_SOURCE,NY,AUGUST,NQU5,2,16.0,1.0,1,3.0,PRICE_BE,RESOLVED,DOUBLE_STOP,SELL,STOP,3,2025-08-04 13:30:00.001358323+00:00,STOP,STOP,379,3,23093.0,23095.0,-59.0,-59.0,-118.0,RESOLVED,BUY,True,233.0,2025-08-04 13:30:00.754023509+00:00,PRICE_BE,23094.0,-19.0,-78.0,40.0,RAW_DOUBLE_STOP_RESCUED
2176,2025-08-04 09:30:00,2025-08-04T13:30:00+00:00,VALIDATED_SOURCE,NY,AUGUST,NQU5,2,16.0,1.0,1,3.0,COST_COVER_BE,RESOLVED,DOUBLE_STOP,SELL,STOP,3,2025-08-04 13:30:00.001358323+00:00,STOP,STOP,379,3,23093.0,23095.0,-59.0,-59.0,-118.0,RESOLVED,BUY,True,233.0,2025-08-04 13:30:00.754023509+00:00,COST_COVER_BE,23094.5,1.0,-58.0,60.0,RAW_DOUBLE_STOP_RESCUED
2176,2025-08-04 09:30:00,2025-08-04T13:30:00+00:00,VALIDATED_SOURCE,NY,AUGUST,NQU5,2,16.0,1.0,1,4.0,PRICE_BE,RESOLVED,DOUBLE_STOP,SELL,STOP,3,2025-08-04 13:30:00.001358323+00:00,STOP,STOP,379,3,23093.0,23095.0,-59.0,-59.0,-118.0,RESOLVED,BUY,True,277.0,2025-08-04 13:30:01.010454335+00:00,PRICE_BE,23094.0,-19.0,-78.0,40.0,RAW_DOUBLE_STOP_RESCUED
2176,2025-08-04 09:30:00,2025-08-04T13:30:00+00:00,VALIDATED_SOURCE,NY,AUGUST,NQU5,2,16.0,1.0,1,4.0,COST_COVER_BE,RESOLVED,DOUBLE_STOP,SELL,STOP,3,2025-08-04 13:30:00.001358323+00:00,STOP,STOP,379,3,23093.0,23095.0,-59.0,-59.0,-118.0,RESOLVED,BUY,True,277.0,2025-08-04 13:30:01.010454335+00:00,COST_COVER_BE,23094.5,1.0,-58.0,60.0,RAW_DOUBLE_STOP_RESCUED
2176,2025-08-04 09:30:00,2025-08-04T13:30:00+00:00,VALIDATED_SOURCE,NY,AUGUST,NQU5,2,16.0,1.0,1,5.0,PRICE_BE,RESOLVED,DOUBLE_STOP,SELL,STOP,3,2025-08-04 13:30:00.001358323+00:00,STOP,STOP,379,3,23093.0,23095.0,-59.0,-59.0,-118.0,RESOLVED,BUY,False,,,ORIGINAL_STOP_BEFORE_ARM,23093.0,-59.0,-118.0,0.0,RAW_DOUBLE_STOP_NOT_RESCUED
2176,2025-08-04 09:30:00,2025-08-04T13:30:00+00:00,VALIDATED_SOURCE,NY,AUGUST,NQU5,2,16.0,1.0,1,5.0,COST_COVER_BE,RESOLVED,DOUBLE_STOP,SELL,STOP,3,2025-08-04 13:30:00.001358323+00:00,STOP,STOP,379,3,23093.0,23095.0,-59.0,-59.0,-118.0,RESOLVED,BUY,False,,,ORIGINAL_STOP_BEFORE_ARM,23093.0,-59.0,-118.0,0.0,RAW_DOUBLE_STOP_NOT_RESCUED
2176,2025-08-04 09:30:00,2025-08-04T13:30:00+00:00,VALIDATED_SOURCE,NY,AUGUST,NQU5,2,16.0,1.0,1,8.0,PRICE_BE,RESOLVED,DOUBLE_STOP,SELL,STOP,3,2025-08-04 13:30:00.001358323+00:00,STOP,STOP,379,3,23093.0,23095.0,-59.0,-59.0,-118.0,RESOLVED,BUY,False,,,ORIGINAL_STOP_BEFORE_ARM,23093.0,-59.0,-118.0,0.0,RAW_DOUBLE_STOP_NOT_RESCUED
2176,2025-08-04 09:30:00,2025-08-04T13:30:00+00:00,VALIDATED_SOURCE,NY,AUGUST,NQU5,2,16.0,1.0,1,8.0,COST_COVER_BE,RESOLVED,DOUBLE_STOP,SELL,STOP,3,2025-08-04 13:30:00.001358323+00:00,STOP,STOP,379,3,23093.0,23095.0,-59.0,-59.0,-118.0,RESOLVED,BUY,False,,,ORIGINAL_STOP_BEFORE_ARM,23093.0,-59.0,-118.0,0.0,RAW_DOUBLE_STOP_NOT_RESCUED
2176,2025-08-04 09:30:00,2025-08-04T13:30:00+00:00,VALIDATED_SOURCE,NY,AUGUST,NQU5,2,16.0,1.0,2,0.5,PRICE_BE,RESOLVED,DOUBLE_STOP,SELL,STOP,3,2025-08-04 13:30:00.001358323+00:00,STOP,STOP,379,3,23092.75,23095.25,-69.0,-69.0,-138.0,RESOLVED,BUY,True,4.0,2025-08-04 13:30:00.001486317+00:00,PRICE_BE,23094.5,1.0,-68.0,70.0,RAW_DOUBLE_STOP_RESCUED
2176,2025-08-04 09:30:00,2025-08-04T13:30:00+00:00,VALIDATED_SOURCE,NY,AUGUST,NQU5,2,16.0,1.0,2,0.5,COST_COVER_BE,RESOLVED,DOUBLE_STOP,SELL,STOP,3,2025-08-04 13:30:00.001358323+00:00,STOP,STOP,379,3,23092.75,23095.25,-69.0,-69.0,-138.0,RESOLVED,BUY,True,4.0,2025-08-04 13:30:00.001486317+00:00,COST_COVER_BE,23093.75,-29.0,-98.0,40.0,RAW_DOUBLE_STOP_RESCUED
2176,2025-08-04 09:30:00,2025-08-04T13:30:00+00:00,VALIDATED_SOURCE,NY,AUGUST,NQU5,2,16.0,1.0,2,1.0,PRICE_BE,RESOLVED,DOUBLE_STOP,SELL,STOP,3,2025-08-04 13:30:00.001358323+00:00,STOP,STOP,379,3,23092.75,23095.25,-69.0,-69.0,-138.0,RESOLVED,BUY,True,12.0,2025-08-04 13:30:00.009461137+00:00,PRICE_BE,23094.5,1.0,-68.0,70.0,RAW_DOUBLE_STOP_RESCUED
2176,2025-08-04 09:30:00,2025-08-04T13:30:00+00:00,VALIDATED_SOURCE,NY,AUGUST,NQU5,2,16.0,1.0,2,1.0,COST_COVER_BE,RESOLVED,DOUBLE_STOP,SELL,STOP,3,2025-08-04 13:30:00.001358323+00:00,STOP,STOP,379,3,23092.75,23095.25,-69.0,-69.0,-138.0,RESOLVED,BUY,True,12.0,2025-08-04 13:30:00.009461137+00:00,COST_COVER_BE,23094.25,-9.0,-78.0,60.0,RAW_DOUBLE_STOP_RESCUED
2176,2025-08-04 09:30:00,2025-08-04T13:30:00+00:00,VALIDATED_SOURCE,NY,AUGUST,NQU5,2,16.0,1.0,2,2.0,PRICE_BE,RESOLVED,DOUBLE_STOP,SELL,STOP,3,2025-08-04 13:30:00.001358323+00:00,STOP,STOP,379,3,23092.75,23095.25,-69.0,-69.0,-138.0,RESOLVED,BUY,True,34.0,2025-08-04 13:30:00.023349729+00:00,PRICE_BE,23094.0,-19.0,-88.0,50.0,RAW_DOUBLE_STOP_RESCUED
2176,2025-08-04 09:30:00,2025-08-04T13:30:00+00:00,VALIDATED_SOURCE,NY,AUGUST,NQU5,2,16.0,1.0,2,2.0,COST_COVER_BE,RESOLVED,DOUBLE_STOP,SELL,STOP,3,2025-08-04 13:30:00.001358323+00:00,STOP,STOP,379,3,23092.75,23095.25,-69.0,-69.0,-138.0,RESOLVED,BUY,True,34.0,2025-08-04 13:30:00.023349729+00:00,COST_COVER_BE,23094.25,-9.0,-78.0,60.0,RAW_DOUBLE_STOP_RESCUED
2176,2025-08-04 09:30:00,2025-08-04T13:30:00+00:00,VALIDATED_SOURCE,NY,AUGUST,NQU5,2,16.0,1.0,2,3.0,PRICE_BE,RESOLVED,DOUBLE_STOP,SELL,STOP,3,2025-08-04 13:30:00.001358323+00:00,STOP,STOP,379,3,23092.75,23095.25,-69.0,-69.0,-138.0,RESOLVED,BUY,True,233.0,2025-08-04 13:30:00.754023509+00:00,PRICE_BE,23093.75,-29.0,-98.0,40.0,RAW_DOUBLE_STOP_RESCUED
2176,2025-08-04 09:30:00,2025-08-04T13:30:00+00:00,VALIDATED_SOURCE,NY,AUGUST,NQU5,2,16.0,1.0,2,3.0,COST_COVER_BE,RESOLVED,DOUBLE_STOP,SELL,STOP,3,2025-08-04 13:30:00.001358323+00:00,STOP,STOP,379,3,23092.75,23095.25,-69.0,-69.0,-138.0,RESOLVED,BUY,True,233.0,2025-08-04 13:30:00.754023509+00:00,COST_COVER_BE,23094.25,-9.0,-78.0,60.0,RAW_DOUBLE_STOP_RESCUED
2176,2025-08-04 09:30:00,2025-08-04T13:30:00+00:00,VALIDATED_SOURCE,NY,AUGUST,NQU5,2,16.0,1.0,2,4.0,PRICE_BE,RESOLVED,DOUBLE_STOP,SELL,STOP,3,2025-08-04 13:30:00.001358323+00:00,STOP,STOP,379,3,23092.75,23095.25,-69.0,-69.0,-138.0,RESOLVED,BUY,True,277.0,2025-08-04 13:30:01.010454335+00:00,PRICE_BE,23093.75,-29.0,-98.0,40.0,RAW_DOUBLE_STOP_RESCUED
2176,2025-08-04 09:30:00,2025-08-04T13:30:00+00:00,VALIDATED_SOURCE,NY,AUGUST,NQU5,2,16.0,1.0,2,4.0,COST_COVER_BE,RESOLVED,DOUBLE_STOP,SELL,STOP,3,2025-08-04 13:30:00.001358323+00:00,STOP,STOP,379,3,23092.75,23095.25,-69.0,-69.0,-138.0,RESOLVED,BUY,True,277.0,2025-08-04 13:30:01.010454335+00:00,COST_COVER_BE,23094.25,-9.0,-78.0,60.0,RAW_DOUBLE_STOP_RESCUED
2176,2025-08-04 09:30:00,2025-08-04T13:30:00+00:00,VALIDATED_SOURCE,NY,AUGUST,NQU5,2,16.0,1.0,2,5.0,PRICE_BE,RESOLVED,DOUBLE_STOP,SELL,STOP,3,2025-08-04 13:30:00.001358323+00:00,STOP,STOP,379,3,23092.75,23095.25,-69.0,-69.0,-138.0,RESOLVED,BUY,False,,,ORIGINAL_STOP_BEFORE_ARM,23092.75,-69.0,-138.0,0.0,RAW_DOUBLE_STOP_NOT_RESCUED
2176,2025-08-04 09:30:00,2025-08-04T13:30:00+00:00,VALIDATED_SOURCE,NY,AUGUST,NQU5,2,16.0,1.0,2,5.0,COST_COVER_BE,RESOLVED,DOUBLE_STOP,SELL,STOP,3,2025-08-04 13:30:00.001358323+00:00,STOP,STOP,379,3,23092.75,23095.25,-69.0,-69.0,-138.0,RESOLVED,BUY,False,,,ORIGINAL_STOP_BEFORE_ARM,23092.75,-69.0,-138.0,0.0,RAW_DOUBLE_STOP_NOT_RESCUED
2176,2025-08-04 09:30:00,2025-08-04T13:30:00+00:00,VALIDATED_SOURCE,NY,AUGUST,NQU5,2,16.0,1.0,2,8.0,PRICE_BE,RESOLVED,DOUBLE_STOP,SELL,STOP,3,2025-08-04 13:30:00.001358323+00:00,STOP,STOP,379,3,23092.75,23095.25,-69.0,-69.0,-138.0,RESOLVED,BUY,False,,,ORIGINAL_STOP_BEFORE_ARM,23092.75,-69.0,-138.0,0.0,RAW_DOUBLE_STOP_NOT_RESCUED
2176,2025-08-04 09:30:00,2025-08-04T13:30:00+00:00,VALIDATED_SOURCE,NY,AUGUST,NQU5,2,16.0,1.0,2,8.0,COST_COVER_BE,RESOLVED,DOUBLE_STOP,SELL,STOP,3,2025-08-04 13:30:00.001358323+00:00,STOP,STOP,379,3,23092.75,23095.25,-69.0,-69.0,-138.0,RESOLVED,BUY,False,,,ORIGINAL_STOP_BEFORE_ARM,23092.75,-69.0,-138.0,0.0,RAW_DOUBLE_STOP_NOT_RESCUED
2176,2025-08-04 09:30:00,2025-08-04T13:30:00+00:00,VALIDATED_SOURCE,NY,AUGUST,NQU5,2,16.0,1.0,4,0.5,PRICE_BE,RESOLVED,DOUBLE_STOP,SELL,STOP,3,2025-08-04 13:30:00.001358323+00:00,STOP,STOP,379,3,23092.25,23095.75,-89.0,-89.0,-178.0,RESOLVED,BUY,True,4.0,2025-08-04 13:30:00.001486317+00:00,PRICE_BE,23094.0,-19.0,-108.0,70.0,RAW_DOUBLE_STOP_RESCUED
2176,2025-08-04 09:30:00,2025-08-04T13:30:00+00:00,VALIDATED_SOURCE,NY,AUGUST,NQU5,2,16.0,1.0,4,0.5,COST_COVER_BE,RESOLVED,DOUBLE_STOP,SELL,STOP,3,2025-08-04 13:30:00.001358323+00:00,STOP,STOP,379,3,23092.25,23095.75,-89.0,-89.0,-178.0,RESOLVED,BUY,True,4.0,2025-08-04 13:30:00.001486317+00:00,COST_COVER_BE,23093.25,-49.0,-138.0,40.0,RAW_DOUBLE_STOP_RESCUED
2176,2025-08-04 09:30:00,2025-08-04T13:30:00+00:00,VALIDATED_SOURCE,NY,AUGUST,NQU5,2,16.0,1.0,4,1.0,PRICE_BE,RESOLVED,DOUBLE_STOP,SELL,STOP,3,2025-08-04 13:30:00.001358323+00:00,STOP,STOP,379,3,23092.25,23095.75,-89.0,-89.0,-178.0,RESOLVED,BUY,True,12.0,2025-08-04 13:30:00.009461137+00:00,PRICE_BE,23094.0,-19.0,-108.0,70.0,RAW_DOUBLE_STOP_RESCUED
2176,2025-08-04 09:30:00,2025-08-04T13:30:00+00:00,VALIDATED_SOURCE,NY,AUGUST,NQU5,2,16.0,1.0,4,1.0,COST_COVER_BE,RESOLVED,DOUBLE_STOP,SELL,STOP,3,2025-08-04 13:30:00.001358323+00:00,STOP,STOP,379,3,23092.25,23095.75,-89.0,-89.0,-178.0,RESOLVED,BUY,True,12.0,2025-08-04 13:30:00.009461137+00:00,COST_COVER_BE,23093.75,-29.0,-118.0,60.0,RAW_DOUBLE_STOP_RESCUED
2176,2025-08-04 09:30:00,2025-08-04T13:30:00+00:00,VALIDATED_SOURCE,NY,AUGUST,NQU5,2,16.0,1.0,4,2.0,PRICE_BE,RESOLVED,DOUBLE_STOP,SELL,STOP,3,2025-08-04 13:30:00.001358323+00:00,STOP,STOP,379,3,23092.25,23095.75,-89.0,-89.0,-178.0,RESOLVED,BUY,True,34.0,2025-08-04 13:30:00.023349729+00:00,PRICE_BE,23093.5,-39.0,-128.0,50.0,RAW_DOUBLE_STOP_RESCUED
2176,2025-08-04 09:30:00,2025-08-04T13:30:00+00:00,VALIDATED_SOURCE,NY,AUGUST,NQU5,2,16.0,1.0,4,2.0,COST_COVER_BE,RESOLVED,DOUBLE_STOP,SELL,STOP,3,2025-08-04 13:30:00.001358323+00:00,STOP,STOP,379,3,23092.25,23095.75,-89.0,-89.0,-178.0,RESOLVED,BUY,True,34.0,2025-08-04 13:30:00.023349729+00:00,COST_COVER_BE,23093.75,-29.0,-118.0,60.0,RAW_DOUBLE_STOP_RESCUED
2176,2025-08-04 09:30:00,2025-08-04T13:30:00+00:00,VALIDATED_SOURCE,NY,AUGUST,NQU5,2,16.0,1.0,4,3.0,PRICE_BE,RESOLVED,DOUBLE_STOP,SELL,STOP,3,2025-08-04 13:30:00.001358323+00:00,STOP,STOP,379,3,23092.25,23095.75,-89.0,-89.0,-178.0,RESOLVED,BUY,True,233.0,2025-08-04 13:30:00.754023509+00:00,PRICE_BE,23093.25,-49.0,-138.0,40.0,RAW_DOUBLE_STOP_RESCUED
2176,2025-08-04 09:30:00,2025-08-04T13:30:00+00:00,VALIDATED_SOURCE,NY,AUGUST,NQU5,2,16.0,1.0,4,3.0,COST_COVER_BE,RESOLVED,DOUBLE_STOP,SELL,STOP,3,2025-08-04 13:30:00.001358323+00:00,STOP,STOP,379,3,23092.25,23095.75,-89.0,-89.0,-178.0,RESOLVED,BUY,True,233.0,2025-08-04 13:30:00.754023509+00:00,COST_COVER_BE,23093.75,-29.0,-118.0,60.0,RAW_DOUBLE_STOP_RESCUED
2176,2025-08-04 09:30:00,2025-08-04T13:30:00+00:00,VALIDATED_SOURCE,NY,AUGUST,NQU5,2,16.0,1.0,4,4.0,PRICE_BE,RESOLVED,DOUBLE_STOP,SELL,STOP,3,2025-08-04 13:30:00.001358323+00:00,STOP,STOP,379,3,23092.25,23095.75,-89.0,-89.0,-178.0,RESOLVED,BUY,True,277.0,2025-08-04 13:30:01.010454335+00:00,PRICE_BE,23093.25,-49.0,-138.0,40.0,RAW_DOUBLE_STOP_RESCUED
2176,2025-08-04 09:30:00,2025-08-04T13:30:00+00:00,VALIDATED_SOURCE,NY,AUGUST,NQU5,2,16.0,1.0,4,4.0,COST_COVER_BE,RESOLVED,DOUBLE_STOP,SELL,STOP,3,2025-08-04 13:30:00.001358323+00:00,STOP,STOP,379,3,23092.25,23095.75,-89.0,-89.0,-178.0,RESOLVED,BUY,True,277.0,2025-08-04 13:30:01.010454335+00:00,COST_COVER_BE,23093.75,-29.0,-118.0,60.0,RAW_DOUBLE_STOP_RESCUED
2176,2025-08-04 09:30:00,2025-08-04T13:30:00+00:00,VALIDATED_SOURCE,NY,AUGUST,NQU5,2,16.0,1.0,4,5.0,PRICE_BE,RESOLVED,DOUBLE_STOP,SELL,STOP,3,2025-08-04 13:30:00.001358323+00:00,STOP,STOP,379,3,23092.25,23095.75,-89.0,-89.0,-178.0,RESOLVED,BUY,False,,,ORIGINAL_STOP_BEFORE_ARM,23092.25,-89.0,-178.0,0.0,RAW_DOUBLE_STOP_NOT_RESCUED
2176,2025-08-04 09:30:00,2025-08-04T13:30:00+00:00,VALIDATED_SOURCE,NY,AUGUST,NQU5,2,16.0,1.0,4,5.0,COST_COVER_BE,RESOLVED,DOUBLE_STOP,SELL,STOP,3,2025-08-04 13:30:00.001358323+00:00,STOP,STOP,379,3,23092.25,23095.75,-89.0,-89.0,-178.0,RESOLVED,BUY,False,,,ORIGINAL_STOP_BEFORE_ARM,23092.25,-89.0,-178.0,0.0,RAW_DOUBLE_STOP_NOT_RESCUED
2176,2025-08-04 09:30:00,2025-08-04T13:30:00+00:00,VALIDATED_SOURCE,NY,AUGUST,NQU5,2,16.0,1.0,4,8.0,PRICE_BE,RESOLVED,DOUBLE_STOP,SELL,STOP,3,2025-08-04 13:30:00.001358323+00:00,STOP,STOP,379,3,23092.25,23095.75,-89.0,-89.0,-178.0,RESOLVED,BUY,False,,,ORIGINAL_STOP_BEFORE_ARM,23092.25,-89.0,-178.0,0.0,RAW_DOUBLE_STOP_NOT_RESCUED
2176,2025-08-04 09:30:00,2025-08-04T13:30:00+00:00,VALIDATED_SOURCE,NY,AUGUST,NQU5,2,16.0,1.0,4,8.0,COST_COVER_BE,RESOLVED,DOUBLE_STOP,SELL,STOP,3,2025-08-04 13:30:00.001358323+00:00,STOP,STOP,379,3,23092.25,23095.75,-89.0,-89.0,-178.0,RESOLVED,BUY,False,,,ORIGINAL_STOP_BEFORE_ARM,23092.25,-89.0,-178.0,0.0,RAW_DOUBLE_STOP_NOT_RESCUED
2177,2025-08-04 18:00:00,2025-08-04T22:00:00+00:00,VALIDATED_SOURCE,WEEKDAY_PREMIUM,AUGUST,NQU5,2,10.0,1.0,0,0.5,PRICE_BE,RESOLVED,DOUBLE_STOP,BUY,STOP,4,2025-08-04 22:00:00.014832971+00:00,STOP,STOP,4,21,23353.0,23355.25,-59.0,-69.0,-128.0,RESOLVED,SELL,True,5.0,2025-08-04 22:00:00.016038063+00:00,PRICE_BE,23355.25,-69.0,-128.0,0.0,RAW_DOUBLE_STOP_RESCUED
2177,2025-08-04 18:00:00,2025-08-04T22:00:00+00:00,VALIDATED_SOURCE,WEEKDAY_PREMIUM,AUGUST,NQU5,2,10.0,1.0,0,0.5,COST_COVER_BE,RESOLVED,DOUBLE_STOP,BUY,STOP,4,2025-08-04 22:00:00.014832971+00:00,STOP,STOP,4,21,23353.0,23355.25,-59.0,-69.0,-128.0,RESOLVED,SELL,True,5.0,2025-08-04 22:00:00.016038063+00:00,COST_COVER_BE,23355.25,-69.0,-128.0,0.0,RAW_DOUBLE_STOP_RESCUED
2177,2025-08-04 18:00:00,2025-08-04T22:00:00+00:00,VALIDATED_SOURCE,WEEKDAY_PREMIUM,AUGUST,NQU5,2,10.0,1.0,0,1.0,PRICE_BE,RESOLVED,DOUBLE_STOP,BUY,STOP,4,2025-08-04 22:00:00.014832971+00:00,STOP,STOP,4,21,23353.0,23355.25,-59.0,-69.0,-128.0,RESOLVED,SELL,True,5.0,2025-08-04 22:00:00.016038063+00:00,PRICE_BE,23355.25,-69.0,-128.0,0.0,RAW_DOUBLE_STOP_RESCUED
2177,2025-08-04 18:00:00,2025-08-04T22:00:00+00:00,VALIDATED_SOURCE,WEEKDAY_PREMIUM,AUGUST,NQU5,2,10.0,1.0,0,1.0,COST_COVER_BE,RESOLVED,DOUBLE_STOP,BUY,STOP,4,2025-08-04 22:00:00.014832971+00:00,STOP,STOP,4,21,23353.0,23355.25,-59.0,-69.0,-128.0,RESOLVED,SELL,True,5.0,2025-08-04 22:00:00.016038063+00:00,COST_COVER_BE,23355.25,-69.0,-128.0,0.0,RAW_DOUBLE_STOP_RESCUED
2177,2025-08-04 18:00:00,2025-08-04T22:00:00+00:00,VALIDATED_SOURCE,WEEKDAY_PREMIUM,AUGUST,NQU5,2,10.0,1.0,0,2.0,PRICE_BE,RESOLVED,DOUBLE_STOP,BUY,STOP,4,2025-08-04 22:00:00.014832971+00:00,STOP,STOP,4,21,23353.0,23355.25,-59.0,-69.0,-128.0,RESOLVED,SELL,True,11.0,2025-08-04 22:00:00.021674139+00:00,PRICE_BE,23355.25,-69.0,-128.0,0.0,RAW_DOUBLE_STOP_RESCUED
2177,2025-08-04 18:00:00,2025-08-04T22:00:00+00:00,VALIDATED_SOURCE,WEEKDAY_PREMIUM,AUGUST,NQU5,2,10.0,1.0,0,2.0,COST_COVER_BE,RESOLVED,DOUBLE_STOP,BUY,STOP,4,2025-08-04 22:00:00.014832971+00:00,STOP,STOP,4,21,23353.0,23355.25,-59.0,-69.0,-128.0,RESOLVED,SELL,True,11.0,2025-08-04 22:00:00.021674139+00:00,COST_COVER_BE,23355.25,-69.0,-128.0,0.0,RAW_DOUBLE_STOP_RESCUED
2177,2025-08-04 18:00:00,2025-08-04T22:00:00+00:00,VALIDATED_SOURCE,WEEKDAY_PREMIUM,AUGUST,NQU5,2,10.0,1.0,0,3.0,PRICE_BE,RESOLVED,DOUBLE_STOP,BUY,STOP,4,2025-08-04 22:00:00.014832971+00:00,STOP,STOP,4,21,23353.0,23355.25,-59.0,-69.0,-128.0,RESOLVED,SELL,True,11.0,2025-08-04 22:00:00.021674139+00:00,PRICE_BE,23355.25,-69.0,-128.0,0.0,RAW_DOUBLE_STOP_RESCUED
2177,2025-08-04 18:00:00,2025-08-04T22:00:00+00:00,VALIDATED_SOURCE,WEEKDAY_PREMIUM,AUGUST,NQU5,2,10.0,1.0,0,3.0,COST_COVER_BE,RESOLVED,DOUBLE_STOP,BUY,STOP,4,2025-08-04 22:00:00.014832971+00:00,STOP,STOP,4,21,23353.0,23355.25,-59.0,-69.0,-128.0,RESOLVED,SELL,True,11.0,2025-08-04 22:00:00.021674139+00:00,COST_COVER_BE,23355.25,-69.0,-128.0,0.0,RAW_DOUBLE_STOP_RESCUED
2177,2025-08-04 18:00:00,2025-08-04T22:00:00+00:00,VALIDATED_SOURCE,WEEKDAY_PREMIUM,AUGUST,NQU5,2,10.0,1.0,0,4.0,PRICE_BE,RESOLVED,DOUBLE_STOP,BUY,STOP,4,2025-08-04 22:00:00.014832971+00:00,STOP,STOP,4,21,23353.0,23355.25,-59.0,-69.0,-128.0,RESOLVED,SELL,False,,,ORIGINAL_STOP_BEFORE_ARM,23355.25,-69.0,-128.0,0.0,RAW_DOUBLE_STOP_NOT_RESCUED
2177,2025-08-04 18:00:00,2025-08-04T22:00:00+00:00,VALIDATED_SOURCE,WEEKDAY_PREMIUM,AUGUST,NQU5,2,10.0,1.0,0,4.0,COST_COVER_BE,RESOLVED,DOUBLE_STOP,BUY,STOP,4,2025-08-04 22:00:00.014832971+00:00,STOP,STOP,4,21,23353.0,23355.25,-59.0,-69.0,-128.0,RESOLVED,SELL,False,,,ORIGINAL_STOP_BEFORE_ARM,23355.25,-69.0,-128.0,0.0,RAW_DOUBLE_STOP_NOT_RESCUED
2177,2025-08-04 18:00:00,2025-08-04T22:00:00+00:00,VALIDATED_SOURCE,WEEKDAY_PREMIUM,AUGUST,NQU5,2,10.0,1.0,0,5.0,PRICE_BE,RESOLVED,DOUBLE_STOP,BUY,STOP,4,2025-08-04 22:00:00.014832971+00:00,STOP,STOP,4,21,23353.0,23355.25,-59.0,-69.0,-128.0,RESOLVED,SELL,False,,,ORIGINAL_STOP_BEFORE_ARM,23355.25,-69.0,-128.0,0.0,RAW_DOUBLE_STOP_NOT_RESCUED
2177,2025-08-04 18:00:00,2025-08-04T22:00:00+00:00,VALIDATED_SOURCE,WEEKDAY_PREMIUM,AUGUST,NQU5,2,10.0,1.0,0,5.0,COST_COVER_BE,RESOLVED,DOUBLE_STOP,BUY,STOP,4,2025-08-04 22:00:00.014832971+00:00,STOP,STOP,4,21,23353.0,23355.25,-59.0,-69.0,-128.0,RESOLVED,SELL,False,,,ORIGINAL_STOP_BEFORE_ARM,23355.25,-69.0,-128.0,0.0,RAW_DOUBLE_STOP_NOT_RESCUED
2177,2025-08-04 18:00:00,2025-08-04T22:00:00+00:00,VALIDATED_SOURCE,WEEKDAY_PREMIUM,AUGUST,NQU5,2,10.0,1.0,0,8.0,PRICE_BE,RESOLVED,DOUBLE_STOP,BUY,STOP,4,2025-08-04 22:00:00.014832971+00:00,STOP,STOP,4,21,23353.0,23355.25,-59.0,-69.0,-128.0,RESOLVED,SELL,False,,,ORIGINAL_STOP_BEFORE_ARM,23355.25,-69.0,-128.0,0.0,RAW_DOUBLE_STOP_NOT_RESCUED
2177,2025-08-04 18:00:00,2025-08-04T22:00:00+00:00,VALIDATED_SOURCE,WEEKDAY_PREMIUM,AUGUST,NQU5,2,10.0,1.0,0,8.0,COST_COVER_BE,RESOLVED,DOUBLE_STOP,BUY,STOP,4,2025-08-04 22:00:00.014832971+00:00,STOP,STOP,4,21,23353.0,23355.25,-59.0,-69.0,-128.0,RESOLVED,SELL,False,,,ORIGINAL_STOP_BEFORE_ARM,23355.25,-69.0,-128.0,0.0,RAW_DOUBLE_STOP_NOT_RESCUED
2177,2025-08-04 18:00:00,2025-08-04T22:00:00+00:00,VALIDATED_SOURCE,WEEKDAY_PREMIUM,AUGUST,NQU5,2,10.0,1.0,1,0.5,PRICE_BE,RESOLVED,DOUBLE_STOP,BUY,STOP,4,2025-08-04 22:00:00.014832971+00:00,STOP,STOP,4,21,23352.75,23355.5,-69.0,-79.0,-148.0,RESOLVED,SELL,True,5.0,2025-08-04 22:00:00.016038063+00:00,PRICE_BE,23355.5,-79.0,-148.0,0.0,RAW_DOUBLE_STOP_RESCUED
2177,2025-08-04 18:00:00,2025-08-04T22:00:00+00:00,VALIDATED_SOURCE,WEEKDAY_PREMIUM,AUGUST,NQU5,2,10.0,1.0,1,0.5,COST_COVER_BE,RESOLVED,DOUBLE_STOP,BUY,STOP,4,2025-08-04 22:00:00.014832971+00:00,STOP,STOP,4,21,23352.75,23355.5,-69.0,-79.0,-148.0,RESOLVED,SELL,True,5.0,2025-08-04 22:00:00.016038063+00:00,COST_COVER_BE,23355.5,-79.0,-148.0,0.0,RAW_DOUBLE_STOP_RESCUED
2177,2025-08-04 18:00:00,2025-08-04T22:00:00+00:00,VALIDATED_SOURCE,WEEKDAY_PREMIUM,AUGUST,NQU5,2,10.0,1.0,1,1.0,PRICE_BE,RESOLVED,DOUBLE_STOP,BUY,STOP,4,2025-08-04 22:00:00.014832971+00:00,STOP,STOP,4,21,23352.75,23355.5,-69.0,-79.0,-148.0,RESOLVED,SELL,True,5.0,2025-08-04 22:00:00.016038063+00:00,PRICE_BE,23355.5,-79.0,-148.0,0.0,RAW_DOUBLE_STOP_RESCUED
2177,2025-08-04 18:00:00,2025-08-04T22:00:00+00:00,VALIDATED_SOURCE,WEEKDAY_PREMIUM,AUGUST,NQU5,2,10.0,1.0,1,1.0,COST_COVER_BE,RESOLVED,DOUBLE_STOP,BUY,STOP,4,2025-08-04 22:00:00.014832971+00:00,STOP,STOP,4,21,23352.75,23355.5,-69.0,-79.0,-148.0,RESOLVED,SELL,True,5.0,2025-08-04 22:00:00.016038063+00:00,COST_COVER_BE,23355.5,-79.0,-148.0,0.0,RAW_DOUBLE_STOP_RESCUED
2177,2025-08-04 18:00:00,2025-08-04T22:00:00+00:00,VALIDATED_SOURCE,WEEKDAY_PREMIUM,AUGUST,NQU5,2,10.0,1.0,1,2.0,PRICE_BE,RESOLVED,DOUBLE_STOP,BUY,STOP,4,2025-08-04 22:00:00.014832971+00:00,STOP,STOP,4,21,23352.75,23355.5,-69.0,-79.0,-148.0,RESOLVED,SELL,True,11.0,2025-08-04 22:00:00.021674139+00:00,PRICE_BE,23355.5,-79.0,-148.0,0.0,RAW_DOUBLE_STOP_RESCUED
2177,2025-08-04 18:00:00,2025-08-04T22:00:00+00:00,VALIDATED_SOURCE,WEEKDAY_PREMIUM,AUGUST,NQU5,2,10.0,1.0,1,2.0,COST_COVER_BE,RESOLVED,DOUBLE_STOP,BUY,STOP,4,2025-08-04 22:00:00.014832971+00:00,STOP,STOP,4,21,23352.75,23355.5,-69.0,-79.0,-148.0,RESOLVED,SELL,True,11.0,2025-08-04 22:00:00.021674139+00:00,COST_COVER_BE,23355.5,-79.0,-148.0,0.0,RAW_DOUBLE_STOP_RESCUED
2177,2025-08-04 18:00:00,2025-08-04T22:00:00+00:00,VALIDATED_SOURCE,WEEKDAY_PREMIUM,AUGUST,NQU5,2,10.0,1.0,1,3.0,PRICE_BE,RESOLVED,DOUBLE_STOP,BUY,STOP,4,2025-08-04 22:00:00.014832971+00:00,STOP,STOP,4,21,23352.75,23355.5,-69.0,-79.0,-148.0,RESOLVED,SELL,True,11.0,2025-08-04 22:00:00.021674139+00:00,PRICE_BE,23355.5,-79.0,-148.0,0.0,RAW_DOUBLE_STOP_RESCUED
2177,2025-08-04 18:00:00,2025-08-04T22:00:00+00:00,VALIDATED_SOURCE,WEEKDAY_PREMIUM,AUGUST,NQU5,2,10.0,1.0,1,3.0,COST_COVER_BE,RESOLVED,DOUBLE_STOP,BUY,STOP,4,2025-08-04 22:00:00.014832971+00:00,STOP,STOP,4,21,23352.75,23355.5,-69.0,-79.0,-148.0,RESOLVED,SELL,True,11.0,2025-08-04 22:00:00.021674139+00:00,COST_COVER_BE,23355.5,-79.0,-148.0,0.0,RAW_DOUBLE_STOP_RESCUED
2177,2025-08-04 18:00:00,2025-08-04T22:00:00+00:00,VALIDATED_SOURCE,WEEKDAY_PREMIUM,AUGUST,NQU5,2,10.0,1.0,1,4.0,PRICE_BE,RESOLVED,DOUBLE_STOP,BUY,STOP,4,2025-08-04 22:00:00.014832971+00:00,STOP,STOP,4,21,23352.75,23355.5,-69.0,-79.0,-148.0,RESOLVED,SELL,False,,,ORIGINAL_STOP_BEFORE_ARM,23355.5,-79.0,-148.0,0.0,RAW_DOUBLE_STOP_NOT_RESCUED
2177,2025-08-04 18:00:00,2025-08-04T22:00:00+00:00,VALIDATED_SOURCE,WEEKDAY_PREMIUM,AUGUST,NQU5,2,10.0,1.0,1,4.0,COST_COVER_BE,RESOLVED,DOUBLE_STOP,BUY,STOP,4,2025-08-04 22:00:00.014832971+00:00,STOP,STOP,4,21,23352.75,23355.5,-69.0,-79.0,-148.0,RESOLVED,SELL,False,,,ORIGINAL_STOP_BEFORE_ARM,23355.5,-79.0,-148.0,0.0,RAW_DOUBLE_STOP_NOT_RESCUED
2177,2025-08-04 18:00:00,2025-08-04T22:00:00+00:00,VALIDATED_SOURCE,WEEKDAY_PREMIUM,AUGUST,NQU5,2,10.0,1.0,1,5.0,PRICE_BE,RESOLVED,DOUBLE_STOP,BUY,STOP,4,2025-08-04 22:00:00.014832971+00:00,STOP,STOP,4,21,23352.75,23355.5,-69.0,-79.0,-148.0,RESOLVED,SELL,False,,,ORIGINAL_STOP_BEFORE_ARM,23355.5,-79.0,-148.0,0.0,RAW_DOUBLE_STOP_NOT_RESCUED
2177,2025-08-04 18:00:00,2025-08-04T22:00:00+00:00,VALIDATED_SOURCE,WEEKDAY_PREMIUM,AUGUST,NQU5,2,10.0,1.0,1,5.0,COST_COVER_BE,RESOLVED,DOUBLE_STOP,BUY,STOP,4,2025-08-04 22:00:00.014832971+00:00,STOP,STOP,4,21,23352.75,23355.5,-69.0,-79.0,-148.0,RESOLVED,SELL,False,,,ORIGINAL_STOP_BEFORE_ARM,23355.5,-79.0,-148.0,0.0,RAW_DOUBLE_STOP_NOT_RESCUED
2177,2025-08-04 18:00:00,2025-08-04T22:00:00+00:00,VALIDATED_SOURCE,WEEKDAY_PREMIUM,AUGUST,NQU5,2,10.0,1.0,1,8.0,PRICE_BE,RESOLVED,DOUBLE_STOP,BUY,STOP,4,2025-08-04 22:00:00.014832971+00:00,STOP,STOP,4,21,23352.75,23355.5,-69.0,-79.0,-148.0,RESOLVED,SELL,False,,,ORIGINAL_STOP_BEFORE_ARM,23355.5,-79.0,-148.0,0.0,RAW_DOUBLE_STOP_NOT_RESCUED
2177,2025-08-04 18:00:00,2025-08-04T22:00:00+00:00,VALIDATED_SOURCE,WEEKDAY_PREMIUM,AUGUST,NQU5,2,10.0,1.0,1,8.0,COST_COVER_BE,RESOLVED,DOUBLE_STOP,BUY,STOP,4,2025-08-04 22:00:00.014832971+00:00,STOP,STOP,4,21,23352.75,23355.5,-69.0,-79.0,-148.0,RESOLVED,SELL,False,,,ORIGINAL_STOP_BEFORE_ARM,23355.5,-79.0,-148.0,0.0,RAW_DOUBLE_STOP_NOT_RESCUED
2177,2025-08-04 18:00:00,2025-08-04T22:00:00+00:00,VALIDATED_SOURCE,WEEKDAY_PREMIUM,AUGUST,NQU5,2,10.0,1.0,2,0.5,PRICE_BE,RESOLVED,DOUBLE_STOP,BUY,STOP,4,2025-08-04 22:00:00.014832971+00:00,STOP,STOP,4,21,23352.5,23355.75,-79.0,-89.0,-168.0,RESOLVED,SELL,True,5.0,2025-08-04 22:00:00.016038063+00:00,PRICE_BE,23355.75,-89.0,-168.0,0.0,RAW_DOUBLE_STOP_RESCUED
2177,2025-08-04 18:00:00,2025-08-04T22:00:00+00:00,VALIDATED_SOURCE,WEEKDAY_PREMIUM,AUGUST,NQU5,2,10.0,1.0,2,0.5,COST_COVER_BE,RESOLVED,DOUBLE_STOP,BUY,STOP,4,2025-08-04 22:00:00.014832971+00:00,STOP,STOP,4,21,23352.5,23355.75,-79.0,-89.0,-168.0,RESOLVED,SELL,True,5.0,2025-08-04 22:00:00.016038063+00:00,COST_COVER_BE,23355.75,-89.0,-168.0,0.0,RAW_DOUBLE_STOP_RESCUED
2177,2025-08-04 18:00:00,2025-08-04T22:00:00+00:00,VALIDATED_SOURCE,WEEKDAY_PREMIUM,AUGUST,NQU5,2,10.0,1.0,2,1.0,PRICE_BE,RESOLVED,DOUBLE_STOP,BUY,STOP,4,2025-08-04 22:00:00.014832971+00:00,STOP,STOP,4,21,23352.5,23355.75,-79.0,-89.0,-168.0,RESOLVED,SELL,True,5.0,2025-08-04 22:00:00.016038063+00:00,PRICE_BE,23355.75,-89.0,-168.0,0.0,RAW_DOUBLE_STOP_RESCUED
2177,2025-08-04 18:00:00,2025-08-04T22:00:00+00:00,VALIDATED_SOURCE,WEEKDAY_PREMIUM,AUGUST,NQU5,2,10.0,1.0,2,1.0,COST_COVER_BE,RESOLVED,DOUBLE_STOP,BUY,STOP,4,2025-08-04 22:00:00.014832971+00:00,STOP,STOP,4,21,23352.5,23355.75,-79.0,-89.0,-168.0,RESOLVED,SELL,True,5.0,2025-08-04 22:00:00.016038063+00:00,COST_COVER_BE,23355.75,-89.0,-168.0,0.0,RAW_DOUBLE_STOP_RESCUED
2177,2025-08-04 18:00:00,2025-08-04T22:00:00+00:00,VALIDATED_SOURCE,WEEKDAY_PREMIUM,AUGUST,NQU5,2,10.0,1.0,2,2.0,PRICE_BE,RESOLVED,DOUBLE_STOP,BUY,STOP,4,2025-08-04 22:00:00.014832971+00:00,STOP,STOP,4,21,23352.5,23355.75,-79.0,-89.0,-168.0,RESOLVED,SELL,True,11.0,2025-08-04 22:00:00.021674139+00:00,PRICE_BE,23355.75,-89.0,-168.0,0.0,RAW_DOUBLE_STOP_RESCUED
2177,2025-08-04 18:00:00,2025-08-04T22:00:00+00:00,VALIDATED_SOURCE,WEEKDAY_PREMIUM,AUGUST,NQU5,2,10.0,1.0,2,2.0,COST_COVER_BE,RESOLVED,DOUBLE_STOP,BUY,STOP,4,2025-08-04 22:00:00.014832971+00:00,STOP,STOP,4,21,23352.5,23355.75,-79.0,-89.0,-168.0,RESOLVED,SELL,True,11.0,2025-08-04 22:00:00.021674139+00:00,COST_COVER_BE,23355.75,-89.0,-168.0,0.0,RAW_DOUBLE_STOP_RESCUED
2177,2025-08-04 18:00:00,2025-08-04T22:00:00+00:00,VALIDATED_SOURCE,WEEKDAY_PREMIUM,AUGUST,NQU5,2,10.0,1.0,2,3.0,PRICE_BE,RESOLVED,DOUBLE_STOP,BUY,STOP,4,2025-08-04 22:00:00.014832971+00:00,STOP,STOP,4,21,23352.5,23355.75,-79.0,-89.0,-168.0,RESOLVED,SELL,True,11.0,2025-08-04 22:00:00.021674139+00:00,PRICE_BE,23355.75,-89.0,-168.0,0.0,RAW_DOUBLE_STOP_RESCUED
2177,2025-08-04 18:00:00,2025-08-04T22:00:00+00:00,VALIDATED_SOURCE,WEEKDAY_PREMIUM,AUGUST,NQU5,2,10.0,1.0,2,3.0,COST_COVER_BE,RESOLVED,DOUBLE_STOP,BUY,STOP,4,2025-08-04 22:00:00.014832971+00:00,STOP,STOP,4,21,23352.5,23355.75,-79.0,-89.0,-168.0,RESOLVED,SELL,True,11.0,2025-08-04 22:00:00.021674139+00:00,COST_COVER_BE,23355.75,-89.0,-168.0,0.0,RAW_DOUBLE_STOP_RESCUED
2177,2025-08-04 18:00:00,2025-08-04T22:00:00+00:00,VALIDATED_SOURCE,WEEKDAY_PREMIUM,AUGUST,NQU5,2,10.0,1.0,2,4.0,PRICE_BE,RESOLVED,DOUBLE_STOP,BUY,STOP,4,2025-08-04 22:00:00.014832971+00:00,STOP,STOP,4,21,23352.5,23355.75,-79.0,-89.0,-168.0,RESOLVED,SELL,False,,,ORIGINAL_STOP_BEFORE_ARM,23355.75,-89.0,-168.0,0.0,RAW_DOUBLE_STOP_NOT_RESCUED
2177,2025-08-04 18:00:00,2025-08-04T22:00:00+00:00,VALIDATED_SOURCE,WEEKDAY_PREMIUM,AUGUST,NQU5,2,10.0,1.0,2,4.0,COST_COVER_BE,RESOLVED,DOUBLE_STOP,BUY,STOP,4,2025-08-04 22:00:00.014832971+00:00,STOP,STOP,4,21,23352.5,23355.75,-79.0,-89.0,-168.0,RESOLVED,SELL,False,,,ORIGINAL_STOP_BEFORE_ARM,23355.75,-89.0,-168.0,0.0,RAW_DOUBLE_STOP_NOT_RESCUED
2177,2025-08-04 18:00:00,2025-08-04T22:00:00+00:00,VALIDATED_SOURCE,WEEKDAY_PREMIUM,AUGUST,NQU5,2,10.0,1.0,2,5.0,PRICE_BE,RESOLVED,DOUBLE_STOP,BUY,STOP,4,2025-08-04 22:00:00.014832971+00:00,STOP,STOP,4,21,23352.5,23355.75,-79.0,-89.0,-168.0,RESOLVED,SELL,False,,,ORIGINAL_STOP_BEFORE_ARM,23355.75,-89.0,-168.0,0.0,RAW_DOUBLE_STOP_NOT_RESCUED
2177,2025-08-04 18:00:00,2025-08-04T22:00:00+00:00,VALIDATED_SOURCE,WEEKDAY_PREMIUM,AUGUST,NQU5,2,10.0,1.0,2,5.0,COST_COVER_BE,RESOLVED,DOUBLE_STOP,BUY,STOP,4,2025-08-04 22:00:00.014832971+00:00,STOP,STOP,4,21,23352.5,23355.75,-79.0,-89.0,-168.0,RESOLVED,SELL,False,,,ORIGINAL_STOP_BEFORE_ARM,23355.75,-89.0,-168.0,0.0,RAW_DOUBLE_STOP_NOT_RESCUED
2177,2025-08-04 18:00:00,2025-08-04T22:00:00+00:00,VALIDATED_SOURCE,WEEKDAY_PREMIUM,AUGUST,NQU5,2,10.0,1.0,2,8.0,PRICE_BE,RESOLVED,DOUBLE_STOP,BUY,STOP,4,2025-08-04 22:00:00.014832971+00:00,STOP,STOP,4,21,23352.5,23355.75,-79.0,-89.0,-168.0,RESOLVED,SELL,False,,,ORIGINAL_STOP_BEFORE_ARM,23355.75,-89.0,-168.0,0.0,RAW_DOUBLE_STOP_NOT_RESCUED
2177,2025-08-04 18:00:00,2025-08-04T22:00:00+00:00,VALIDATED_SOURCE,WEEKDAY_PREMIUM,AUGUST,NQU5,2,10.0,1.0,2,8.0,COST_COVER_BE,RESOLVED,DOUBLE_STOP,BUY,STOP,4,2025-08-04 22:00:00.014832971+00:00,STOP,STOP,4,21,23352.5,23355.75,-79.0,-89.0,-168.0,RESOLVED,SELL,False,,,ORIGINAL_STOP_BEFORE_ARM,23355.75,-89.0,-168.0,0.0,RAW_DOUBLE_STOP_NOT_RESCUED
2177,2025-08-04 18:00:00,2025-08-04T22:00:00+00:00,VALIDATED_SOURCE,WEEKDAY_PREMIUM,AUGUST,NQU5,2,10.0,1.0,4,0.5,PRICE_BE,RESOLVED,DOUBLE_STOP,BUY,STOP,4,2025-08-04 22:00:00.014832971+00:00,STOP,STOP,4,21,23352.0,23356.25,-99.0,-109.0,-208.0,RESOLVED,SELL,True,5.0,2025-08-04 22:00:00.016038063+00:00,PRICE_BE,23356.25,-109.0,-208.0,0.0,RAW_DOUBLE_STOP_RESCUED
2177,2025-08-04 18:00:00,2025-08-04T22:00:00+00:00,VALIDATED_SOURCE,WEEKDAY_PREMIUM,AUGUST,NQU5,2,10.0,1.0,4,0.5,COST_COVER_BE,RESOLVED,DOUBLE_STOP,BUY,STOP,4,2025-08-04 22:00:00.014832971+00:00,STOP,STOP,4,21,23352.0,23356.25,-99.0,-109.0,-208.0,RESOLVED,SELL,True,5.0,2025-08-04 22:00:00.016038063+00:00,COST_COVER_BE,23356.25,-109.0,-208.0,0.0,RAW_DOUBLE_STOP_RESCUED
2177,2025-08-04 18:00:00,2025-08-04T22:00:00+00:00,VALIDATED_SOURCE,WEEKDAY_PREMIUM,AUGUST,NQU5,2,10.0,1.0,4,1.0,PRICE_BE,RESOLVED,DOUBLE_STOP,BUY,STOP,4,2025-08-04 22:00:00.014832971+00:00,STOP,STOP,4,21,23352.0,23356.25,-99.0,-109.0,-208.0,RESOLVED,SELL,True,5.0,2025-08-04 22:00:00.016038063+00:00,PRICE_BE,23356.25,-109.0,-208.0,0.0,RAW_DOUBLE_STOP_RESCUED
2177,2025-08-04 18:00:00,2025-08-04T22:00:00+00:00,VALIDATED_SOURCE,WEEKDAY_PREMIUM,AUGUST,NQU5,2,10.0,1.0,4,1.0,COST_COVER_BE,RESOLVED,DOUBLE_STOP,BUY,STOP,4,2025-08-04 22:00:00.014832971+00:00,STOP,STOP,4,21,23352.0,23356.25,-99.0,-109.0,-208.0,RESOLVED,SELL,True,5.0,2025-08-04 22:00:00.016038063+00:00,COST_COVER_BE,23356.25,-109.0,-208.0,0.0,RAW_DOUBLE_STOP_RESCUED
2177,2025-08-04 18:00:00,2025-08-04T22:00:00+00:00,VALIDATED_SOURCE,WEEKDAY_PREMIUM,AUGUST,NQU5,2,10.0,1.0,4,2.0,PRICE_BE,RESOLVED,DOUBLE_STOP,BUY,STOP,4,2025-08-04 22:00:00.014832971+00:00,STOP,STOP,4,21,23352.0,23356.25,-99.0,-109.0,-208.0,RESOLVED,SELL,True,11.0,2025-08-04 22:00:00.021674139+00:00,PRICE_BE,23356.25,-109.0,-208.0,0.0,RAW_DOUBLE_STOP_RESCUED
2177,2025-08-04 18:00:00,2025-08-04T22:00:00+00:00,VALIDATED_SOURCE,WEEKDAY_PREMIUM,AUGUST,NQU5,2,10.0,1.0,4,2.0,COST_COVER_BE,RESOLVED,DOUBLE_STOP,BUY,STOP,4,2025-08-04 22:00:00.014832971+00:00,STOP,STOP,4,21,23352.0,23356.25,-99.0,-109.0,-208.0,RESOLVED,SELL,True,11.0,2025-08-04 22:00:00.021674139+00:00,COST_COVER_BE,23356.25,-109.0,-208.0,0.0,RAW_DOUBLE_STOP_RESCUED
2177,2025-08-04 18:00:00,2025-08-04T22:00:00+00:00,VALIDATED_SOURCE,WEEKDAY_PREMIUM,AUGUST,NQU5,2,10.0,1.0,4,3.0,PRICE_BE,RESOLVED,DOUBLE_STOP,BUY,STOP,4,2025-08-04 22:00:00.014832971+00:00,STOP,STOP,4,21,23352.0,23356.25,-99.0,-109.0,-208.0,RESOLVED,SELL,True,11.0,2025-08-04 22:00:00.021674139+00:00,PRICE_BE,23356.25,-109.0,-208.0,0.0,RAW_DOUBLE_STOP_RESCUED
2177,2025-08-04 18:00:00,2025-08-04T22:00:00+00:00,VALIDATED_SOURCE,WEEKDAY_PREMIUM,AUGUST,NQU5,2,10.0,1.0,4,3.0,COST_COVER_BE,RESOLVED,DOUBLE_STOP,BUY,STOP,4,2025-08-04 22:00:00.014832971+00:00,STOP,STOP,4,21,23352.0,23356.25,-99.0,-109.0,-208.0,RESOLVED,SELL,True,11.0,2025-08-04 22:00:00.021674139+00:00,COST_COVER_BE,23356.25,-109.0,-208.0,0.0,RAW_DOUBLE_STOP_RESCUED
2177,2025-08-04 18:00:00,2025-08-04T22:00:00+00:00,VALIDATED_SOURCE,WEEKDAY_PREMIUM,AUGUST,NQU5,2,10.0,1.0,4,4.0,PRICE_BE,RESOLVED,DOUBLE_STOP,BUY,STOP,4,2025-08-04 22:00:00.014832971+00:00,STOP,STOP,4,21,23352.0,23356.25,-99.0,-109.0,-208.0,RESOLVED,SELL,False,,,ORIGINAL_STOP_BEFORE_ARM,23356.25,-109.0,-208.0,0.0,RAW_DOUBLE_STOP_NOT_RESCUED
2177,2025-08-04 18:00:00,2025-08-04T22:00:00+00:00,VALIDATED_SOURCE,WEEKDAY_PREMIUM,AUGUST,NQU5,2,10.0,1.0,4,4.0,COST_COVER_BE,RESOLVED,DOUBLE_STOP,BUY,STOP,4,2025-08-04 22:00:00.014832971+00:00,STOP,STOP,4,21,23352.0,23356.25,-99.0,-109.0,-208.0,RESOLVED,SELL,False,,,ORIGINAL_STOP_BEFORE_ARM,23356.25,-109.0,-208.0,0.0,RAW_DOUBLE_STOP_NOT_RESCUED
2177,2025-08-04 18:00:00,2025-08-04T22:00:00+00:00,VALIDATED_SOURCE,WEEKDAY_PREMIUM,AUGUST,NQU5,2,10.0,1.0,4,5.0,PRICE_BE,RESOLVED,DOUBLE_STOP,BUY,STOP,4,2025-08-04 22:00:00.014832971+00:00,STOP,STOP,4,21,23352.0,23356.25,-99.0,-109.0,-208.0,RESOLVED,SELL,False,,,ORIGINAL_STOP_BEFORE_ARM,23356.25,-109.0,-208.0,0.0,RAW_DOUBLE_STOP_NOT_RESCUED
2177,2025-08-04 18:00:00,2025-08-04T22:00:00+00:00,VALIDATED_SOURCE,WEEKDAY_PREMIUM,AUGUST,NQU5,2,10.0,1.0,4,5.0,COST_COVER_BE,RESOLVED,DOUBLE_STOP,BUY,STOP,4,2025-08-04 22:00:00.014832971+00:00,STOP,STOP,4,21,23352.0,23356.25,-99.0,-109.0,-208.0,RESOLVED,SELL,False,,,ORIGINAL_STOP_BEFORE_ARM,23356.25,-109.0,-208.0,0.0,RAW_DOUBLE_STOP_NOT_RESCUED
2177,2025-08-04 18:00:00,2025-08-04T22:00:00+00:00,VALIDATED_SOURCE,WEEKDAY_PREMIUM,AUGUST,NQU5,2,10.0,1.0,4,8.0,PRICE_BE,RESOLVED,DOUBLE_STOP,BUY,STOP,4,2025-08-04 22:00:00.014832971+00:00,STOP,STOP,4,21,23352.0,23356.25,-99.0,-109.0,-208.0,RESOLVED,SELL,False,,,ORIGINAL_STOP_BEFORE_ARM,23356.25,-109.0,-208.0,0.0,RAW_DOUBLE_STOP_NOT_RESCUED
2177,2025-08-04 18:00:00,2025-08-04T22:00:00+00:00,VALIDATED_SOURCE,WEEKDAY_PREMIUM,AUGUST,NQU5,2,10.0,1.0,4,8.0,COST_COVER_BE,RESOLVED,DOUBLE_STOP,BUY,STOP,4,2025-08-04 22:00:00.014832971+00:00,STOP,STOP,4,21,23352.0,23356.25,-99.0,-109.0,-208.0,RESOLVED,SELL,False,,,ORIGINAL_STOP_BEFORE_ARM,23356.25,-109.0,-208.0,0.0,RAW_DOUBLE_STOP_NOT_RESCUED
2178,2025-08-05 09:30:00,2025-08-05T13:30:00+00:00,VALIDATED_SOURCE,NY,AUGUST,NQU5,2,16.0,1.0,0,0.5,PRICE_BE,RESOLVED,DOUBLE_STOP,SELL,STOP,2,2025-08-05 13:30:00.002312089+00:00,STOP,STOP,127,2,23347.5,23349.0,-49.0,-49.0,-98.0,RESOLVED,BUY,True,3.0,2025-08-05 13:30:00.002424301+00:00,PRICE_BE,23348.5,-9.0,-58.0,40.0,RAW_DOUBLE_STOP_RESCUED
2178,2025-08-05 09:30:00,2025-08-05T13:30:00+00:00,VALIDATED_SOURCE,NY,AUGUST,NQU5,2,16.0,1.0,0,0.5,COST_COVER_BE,RESOLVED,DOUBLE_STOP,SELL,STOP,2,2025-08-05 13:30:00.002312089+00:00,STOP,STOP,127,2,23347.5,23349.0,-49.0,-49.0,-98.0,RESOLVED,BUY,True,3.0,2025-08-05 13:30:00.002424301+00:00,COST_COVER_BE,23348.75,1.0,-48.0,50.0,RAW_DOUBLE_STOP_RESCUED
2178,2025-08-05 09:30:00,2025-08-05T13:30:00+00:00,VALIDATED_SOURCE,NY,AUGUST,NQU5,2,16.0,1.0,0,1.0,PRICE_BE,RESOLVED,DOUBLE_STOP,SELL,STOP,2,2025-08-05 13:30:00.002312089+00:00,STOP,STOP,127,2,23347.5,23349.0,-49.0,-49.0,-98.0,RESOLVED,BUY,True,7.0,2025-08-05 13:30:00.003189395+00:00,PRICE_BE,23348.5,-9.0,-58.0,40.0,RAW_DOUBLE_STOP_RESCUED
2178,2025-08-05 09:30:00,2025-08-05T13:30:00+00:00,VALIDATED_SOURCE,NY,AUGUST,NQU5,2,16.0,1.0,0,1.0,COST_COVER_BE,RESOLVED,DOUBLE_STOP,SELL,STOP,2,2025-08-05 13:30:00.002312089+00:00,STOP,STOP,127,2,23347.5,23349.0,-49.0,-49.0,-98.0,RESOLVED,BUY,True,7.0,2025-08-05 13:30:00.003189395+00:00,COST_COVER_BE,23349.0,11.0,-38.0,60.0,RAW_DOUBLE_STOP_RESCUED
2178,2025-08-05 09:30:00,2025-08-05T13:30:00+00:00,VALIDATED_SOURCE,NY,AUGUST,NQU5,2,16.0,1.0,0,2.0,PRICE_BE,RESOLVED,DOUBLE_STOP,SELL,STOP,2,2025-08-05 13:30:00.002312089+00:00,STOP,STOP,127,2,23347.5,23349.0,-49.0,-49.0,-98.0,RESOLVED,BUY,True,56.0,2025-08-05 13:30:00.033655067+00:00,PRICE_BE,23348.5,-9.0,-58.0,40.0,RAW_DOUBLE_STOP_RESCUED
2178,2025-08-05 09:30:00,2025-08-05T13:30:00+00:00,VALIDATED_SOURCE,NY,AUGUST,NQU5,2,16.0,1.0,0,2.0,COST_COVER_BE,RESOLVED,DOUBLE_STOP,SELL,STOP,2,2025-08-05 13:30:00.002312089+00:00,STOP,STOP,127,2,23347.5,23349.0,-49.0,-49.0,-98.0,RESOLVED,BUY,True,56.0,2025-08-05 13:30:00.033655067+00:00,COST_COVER_BE,23349.0,11.0,-38.0,60.0,RAW_DOUBLE_STOP_RESCUED
2178,2025-08-05 09:30:00,2025-08-05T13:30:00+00:00,VALIDATED_SOURCE,NY,AUGUST,NQU5,2,16.0,1.0,0,3.0,PRICE_BE,RESOLVED,DOUBLE_STOP,SELL,STOP,2,2025-08-05 13:30:00.002312089+00:00,STOP,STOP,127,2,23347.5,23349.0,-49.0,-49.0,-98.0,RESOLVED,BUY,False,,,ORIGINAL_STOP_BEFORE_ARM,23347.5,-49.0,-98.0,0.0,RAW_DOUBLE_STOP_NOT_RESCUED
2178,2025-08-05 09:30:00,2025-08-05T13:30:00+00:00,VALIDATED_SOURCE,NY,AUGUST,NQU5,2,16.0,1.0,0,3.0,COST_COVER_BE,RESOLVED,DOUBLE_STOP,SELL,STOP,2,2025-08-05 13:30:00.002312089+00:00,STOP,STOP,127,2,23347.5,23349.0,-49.0,-49.0,-98.0,RESOLVED,BUY,False,,,ORIGINAL_STOP_BEFORE_ARM,23347.5,-49.0,-98.0,0.0,RAW_DOUBLE_STOP_NOT_RESCUED
2178,2025-08-05 09:30:00,2025-08-05T13:30:00+00:00,VALIDATED_SOURCE,NY,AUGUST,NQU5,2,16.0,1.0,0,4.0,PRICE_BE,RESOLVED,DOUBLE_STOP,SELL,STOP,2,2025-08-05 13:30:00.002312089+00:00,STOP,STOP,127,2,23347.5,23349.0,-49.0,-49.0,-98.0,RESOLVED,BUY,False,,,ORIGINAL_STOP_BEFORE_ARM,23347.5,-49.0,-98.0,0.0,RAW_DOUBLE_STOP_NOT_RESCUED
2178,2025-08-05 09:30:00,2025-08-05T13:30:00+00:00,VALIDATED_SOURCE,NY,AUGUST,NQU5,2,16.0,1.0,0,4.0,COST_COVER_BE,RESOLVED,DOUBLE_STOP,SELL,STOP,2,2025-08-05 13:30:00.002312089+00:00,STOP,STOP,127,2,23347.5,23349.0,-49.0,-49.0,-98.0,RESOLVED,BUY,False,,,ORIGINAL_STOP_BEFORE_ARM,23347.5,-49.0,-98.0,0.0,RAW_DOUBLE_STOP_NOT_RESCUED
2178,2025-08-05 09:30:00,2025-08-05T13:30:00+00:00,VALIDATED_SOURCE,NY,AUGUST,NQU5,2,16.0,1.0,0,5.0,PRICE_BE,RESOLVED,DOUBLE_STOP,SELL,STOP,2,2025-08-05 13:30:00.002312089+00:00,STOP,STOP,127,2,23347.5,23349.0,-49.0,-49.0,-98.0,RESOLVED,BUY,False,,,ORIGINAL_STOP_BEFORE_ARM,23347.5,-49.0,-98.0,0.0,RAW_DOUBLE_STOP_NOT_RESCUED
2178,2025-08-05 09:30:00,2025-08-05T13:30:00+00:00,VALIDATED_SOURCE,NY,AUGUST,NQU5,2,16.0,1.0,0,5.0,COST_COVER_BE,RESOLVED,DOUBLE_STOP,SELL,STOP,2,2025-08-05 13:30:00.002312089+00:00,STOP,STOP,127,2,23347.5,23349.0,-49.0,-49.0,-98.0,RESOLVED,BUY,False,,,ORIGINAL_STOP_BEFORE_ARM,23347.5,-49.0,-98.0,0.0,RAW_DOUBLE_STOP_NOT_RESCUED
2178,2025-08-05 09:30:00,2025-08-05T13:30:00+00:00,VALIDATED_SOURCE,NY,AUGUST,NQU5,2,16.0,1.0,0,8.0,PRICE_BE,RESOLVED,DOUBLE_STOP,SELL,STOP,2,2025-08-05 13:30:00.002312089+00:00,STOP,STOP,127,2,23347.5,23349.0,-49.0,-49.0,-98.0,RESOLVED,BUY,False,,,ORIGINAL_STOP_BEFORE_ARM,23347.5,-49.0,-98.0,0.0,RAW_DOUBLE_STOP_NOT_RESCUED
2178,2025-08-05 09:30:00,2025-08-05T13:30:00+00:00,VALIDATED_SOURCE,NY,AUGUST,NQU5,2,16.0,1.0,0,8.0,COST_COVER_BE,RESOLVED,DOUBLE_STOP,SELL,STOP,2,2025-08-05 13:30:00.002312089+00:00,STOP,STOP,127,2,23347.5,23349.0,-49.0,-49.0,-98.0,RESOLVED,BUY,False,,,ORIGINAL_STOP_BEFORE_ARM,23347.5,-49.0,-98.0,0.0,RAW_DOUBLE_STOP_NOT_RESCUED
2178,2025-08-05 09:30:00,2025-08-05T13:30:00+00:00,VALIDATED_SOURCE,NY,AUGUST,NQU5,2,16.0,1.0,1,0.5,PRICE_BE,RESOLVED,DOUBLE_STOP,SELL,STOP,2,2025-08-05 13:30:00.002312089+00:00,STOP,STOP,127,2,23347.25,23349.25,-59.0,-59.0,-118.0,RESOLVED,BUY,True,3.0,2025-08-05 13:30:00.002424301+00:00,PRICE_BE,23348.25,-19.0,-78.0,40.0,RAW_DOUBLE_STOP_RESCUED
2178,2025-08-05 09:30:00,2025-08-05T13:30:00+00:00,VALIDATED_SOURCE,NY,AUGUST,NQU5,2,16.0,1.0,1,0.5,COST_COVER_BE,RESOLVED,DOUBLE_STOP,SELL,STOP,2,2025-08-05 13:30:00.002312089+00:00,STOP,STOP,127,2,23347.25,23349.25,-59.0,-59.0,-118.0,RESOLVED,BUY,True,3.0,2025-08-05 13:30:00.002424301+00:00,COST_COVER_BE,23348.5,-9.0,-68.0,50.0,RAW_DOUBLE_STOP_RESCUED
2178,2025-08-05 09:30:00,2025-08-05T13:30:00+00:00,VALIDATED_SOURCE,NY,AUGUST,NQU5,2,16.0,1.0,1,1.0,PRICE_BE,RESOLVED,DOUBLE_STOP,SELL,STOP,2,2025-08-05 13:30:00.002312089+00:00,STOP,STOP,127,2,23347.25,23349.25,-59.0,-59.0,-118.0,RESOLVED,BUY,True,7.0,2025-08-05 13:30:00.003189395+00:00,PRICE_BE,23348.25,-19.0,-78.0,40.0,RAW_DOUBLE_STOP_RESCUED
2178,2025-08-05 09:30:00,2025-08-05T13:30:00+00:00,VALIDATED_SOURCE,NY,AUGUST,NQU5,2,16.0,1.0,1,1.0,COST_COVER_BE,RESOLVED,DOUBLE_STOP,SELL,STOP,2,2025-08-05 13:30:00.002312089+00:00,STOP,STOP,127,2,23347.25,23349.25,-59.0,-59.0,-118.0,RESOLVED,BUY,True,7.0,2025-08-05 13:30:00.003189395+00:00,COST_COVER_BE,23348.75,1.0,-58.0,60.0,RAW_DOUBLE_STOP_RESCUED
2178,2025-08-05 09:30:00,2025-08-05T13:30:00+00:00,VALIDATED_SOURCE,NY,AUGUST,NQU5,2,16.0,1.0,1,2.0,PRICE_BE,RESOLVED,DOUBLE_STOP,SELL,STOP,2,2025-08-05 13:30:00.002312089+00:00,STOP,STOP,127,2,23347.25,23349.25,-59.0,-59.0,-118.0,RESOLVED,BUY,True,56.0,2025-08-05 13:30:00.033655067+00:00,PRICE_BE,23348.25,-19.0,-78.0,40.0,RAW_DOUBLE_STOP_RESCUED
2178,2025-08-05 09:30:00,2025-08-05T13:30:00+00:00,VALIDATED_SOURCE,NY,AUGUST,NQU5,2,16.0,1.0,1,2.0,COST_COVER_BE,RESOLVED,DOUBLE_STOP,SELL,STOP,2,2025-08-05 13:30:00.002312089+00:00,STOP,STOP,127,2,23347.25,23349.25,-59.0,-59.0,-118.0,RESOLVED,BUY,True,56.0,2025-08-05 13:30:00.033655067+00:00,COST_COVER_BE,23348.75,1.0,-58.0,60.0,RAW_DOUBLE_STOP_RESCUED
2178,2025-08-05 09:30:00,2025-08-05T13:30:00+00:00,VALIDATED_SOURCE,NY,AUGUST,NQU5,2,16.0,1.0,1,3.0,PRICE_BE,RESOLVED,DOUBLE_STOP,SELL,STOP,2,2025-08-05 13:30:00.002312089+00:00,STOP,STOP,127,2,23347.25,23349.25,-59.0,-59.0,-118.0,RESOLVED,BUY,False,,,ORIGINAL_STOP_BEFORE_ARM,23347.25,-59.0,-118.0,0.0,RAW_DOUBLE_STOP_NOT_RESCUED
2178,2025-08-05 09:30:00,2025-08-05T13:30:00+00:00,VALIDATED_SOURCE,NY,AUGUST,NQU5,2,16.0,1.0,1,3.0,COST_COVER_BE,RESOLVED,DOUBLE_STOP,SELL,STOP,2,2025-08-05 13:30:00.002312089+00:00,STOP,STOP,127,2,23347.25,23349.25,-59.0,-59.0,-118.0,RESOLVED,BUY,False,,,ORIGINAL_STOP_BEFORE_ARM,23347.25,-59.0,-118.0,0.0,RAW_DOUBLE_STOP_NOT_RESCUED
2178,2025-08-05 09:30:00,2025-08-05T13:30:00+00:00,VALIDATED_SOURCE,NY,AUGUST,NQU5,2,16.0,1.0,1,4.0,PRICE_BE,RESOLVED,DOUBLE_STOP,SELL,STOP,2,2025-08-05 13:30:00.002312089+00:00,STOP,STOP,127,2,23347.25,23349.25,-59.0,-59.0,-118.0,RESOLVED,BUY,False,,,ORIGINAL_STOP_BEFORE_ARM,23347.25,-59.0,-118.0,0.0,RAW_DOUBLE_STOP_NOT_RESCUED
2178,2025-08-05 09:30:00,2025-08-05T13:30:00+00:00,VALIDATED_SOURCE,NY,AUGUST,NQU5,2,16.0,1.0,1,4.0,COST_COVER_BE,RESOLVED,DOUBLE_STOP,SELL,STOP,2,2025-08-05 13:30:00.002312089+00:00,STOP,STOP,127,2,23347.25,23349.25,-59.0,-59.0,-118.0,RESOLVED,BUY,False,,,ORIGINAL_STOP_BEFORE_ARM,23347.25,-59.0,-118.0,0.0,RAW_DOUBLE_STOP_NOT_RESCUED
2178,2025-08-05 09:30:00,2025-08-05T13:30:00+00:00,VALIDATED_SOURCE,NY,AUGUST,NQU5,2,16.0,1.0,1,5.0,PRICE_BE,RESOLVED,DOUBLE_STOP,SELL,STOP,2,2025-08-05 13:30:00.002312089+00:00,STOP,STOP,127,2,23347.25,23349.25,-59.0,-59.0,-118.0,RESOLVED,BUY,False,,,ORIGINAL_STOP_BEFORE_ARM,23347.25,-59.0,-118.0,0.0,RAW_DOUBLE_STOP_NOT_RESCUED
2178,2025-08-05 09:30:00,2025-08-05T13:30:00+00:00,VALIDATED_SOURCE,NY,AUGUST,NQU5,2,16.0,1.0,1,5.0,COST_COVER_BE,RESOLVED,DOUBLE_STOP,SELL,STOP,2,2025-08-05 13:30:00.002312089+00:00,STOP,STOP,127,2,23347.25,23349.25,-59.0,-59.0,-118.0,RESOLVED,BUY,False,,,ORIGINAL_STOP_BEFORE_ARM,23347.25,-59.0,-118.0,0.0,RAW_DOUBLE_STOP_NOT_RESCUED
2178,2025-08-05 09:30:00,2025-08-05T13:30:00+00:00,VALIDATED_SOURCE,NY,AUGUST,NQU5,2,16.0,1.0,1,8.0,PRICE_BE,RESOLVED,DOUBLE_STOP,SELL,STOP,2,2025-08-05 13:30:00.002312089+00:00,STOP,STOP,127,2,23347.25,23349.25,-59.0,-59.0,-118.0,RESOLVED,BUY,False,,,ORIGINAL_STOP_BEFORE_ARM,23347.25,-59.0,-118.0,0.0,RAW_DOUBLE_STOP_NOT_RESCUED
2178,2025-08-05 09:30:00,2025-08-05T13:30:00+00:00,VALIDATED_SOURCE,NY,AUGUST,NQU5,2,16.0,1.0,1,8.0,COST_COVER_BE,RESOLVED,DOUBLE_STOP,SELL,STOP,2,2025-08-05 13:30:00.002312089+00:00,STOP,STOP,127,2,23347.25,23349.25,-59.0,-59.0,-118.0,RESOLVED,BUY,False,,,ORIGINAL_STOP_BEFORE_ARM,23347.25,-59.0,-118.0,0.0,RAW_DOUBLE_STOP_NOT_RESCUED
2178,2025-08-05 09:30:00,2025-08-05T13:30:00+00:00,VALIDATED_SOURCE,NY,AUGUST,NQU5,2,16.0,1.0,2,0.5,PRICE_BE,RESOLVED,DOUBLE_STOP,SELL,STOP,2,2025-08-05 13:30:00.002312089+00:00,STOP,STOP,127,2,23347.0,23349.5,-69.0,-69.0,-138.0,RESOLVED,BUY,True,3.0,2025-08-05 13:30:00.002424301+00:00,PRICE_BE,23348.0,-29.0,-98.0,40.0,RAW_DOUBLE_STOP_RESCUED
2178,2025-08-05 09:30:00,2025-08-05T13:30:00+00:00,VALIDATED_SOURCE,NY,AUGUST,NQU5,2,16.0,1.0,2,0.5,COST_COVER_BE,RESOLVED,DOUBLE_STOP,SELL,STOP,2,2025-08-05 13:30:00.002312089+00:00,STOP,STOP,127,2,23347.0,23349.5,-69.0,-69.0,-138.0,RESOLVED,BUY,True,3.0,2025-08-05 13:30:00.002424301+00:00,COST_COVER_BE,23348.25,-19.0,-88.0,50.0,RAW_DOUBLE_STOP_RESCUED
2178,2025-08-05 09:30:00,2025-08-05T13:30:00+00:00,VALIDATED_SOURCE,NY,AUGUST,NQU5,2,16.0,1.0,2,1.0,PRICE_BE,RESOLVED,DOUBLE_STOP,SELL,STOP,2,2025-08-05 13:30:00.002312089+00:00,STOP,STOP,127,2,23347.0,23349.5,-69.0,-69.0,-138.0,RESOLVED,BUY,True,7.0,2025-08-05 13:30:00.003189395+00:00,PRICE_BE,23348.0,-29.0,-98.0,40.0,RAW_DOUBLE_STOP_RESCUED
2178,2025-08-05 09:30:00,2025-08-05T13:30:00+00:00,VALIDATED_SOURCE,NY,AUGUST,NQU5,2,16.0,1.0,2,1.0,COST_COVER_BE,RESOLVED,DOUBLE_STOP,SELL,STOP,2,2025-08-05 13:30:00.002312089+00:00,STOP,STOP,127,2,23347.0,23349.5,-69.0,-69.0,-138.0,RESOLVED,BUY,True,7.0,2025-08-05 13:30:00.003189395+00:00,COST_COVER_BE,23348.5,-9.0,-78.0,60.0,RAW_DOUBLE_STOP_RESCUED
2178,2025-08-05 09:30:00,2025-08-05T13:30:00+00:00,VALIDATED_SOURCE,NY,AUGUST,NQU5,2,16.0,1.0,2,2.0,PRICE_BE,RESOLVED,DOUBLE_STOP,SELL,STOP,2,2025-08-05 13:30:00.002312089+00:00,STOP,STOP,127,2,23347.0,23349.5,-69.0,-69.0,-138.0,RESOLVED,BUY,True,56.0,2025-08-05 13:30:00.033655067+00:00,PRICE_BE,23348.0,-29.0,-98.0,40.0,RAW_DOUBLE_STOP_RESCUED
2178,2025-08-05 09:30:00,2025-08-05T13:30:00+00:00,VALIDATED_SOURCE,NY,AUGUST,NQU5,2,16.0,1.0,2,2.0,COST_COVER_BE,RESOLVED,DOUBLE_STOP,SELL,STOP,2,2025-08-05 13:30:00.002312089+00:00,STOP,STOP,127,2,23347.0,23349.5,-69.0,-69.0,-138.0,RESOLVED,BUY,True,56.0,2025-08-05 13:30:00.033655067+00:00,COST_COVER_BE,23348.5,-9.0,-78.0,60.0,RAW_DOUBLE_STOP_RESCUED
2178,2025-08-05 09:30:00,2025-08-05T13:30:00+00:00,VALIDATED_SOURCE,NY,AUGUST,NQU5,2,16.0,1.0,2,3.0,PRICE_BE,RESOLVED,DOUBLE_STOP,SELL,STOP,2,2025-08-05 13:30:00.002312089+00:00,STOP,STOP,127,2,23347.0,23349.5,-69.0,-69.0,-138.0,RESOLVED,BUY,False,,,ORIGINAL_STOP_BEFORE_ARM,23347.0,-69.0,-138.0,0.0,RAW_DOUBLE_STOP_NOT_RESCUED
2178,2025-08-05 09:30:00,2025-08-05T13:30:00+00:00,VALIDATED_SOURCE,NY,AUGUST,NQU5,2,16.0,1.0,2,3.0,COST_COVER_BE,RESOLVED,DOUBLE_STOP,SELL,STOP,2,2025-08-05 13:30:00.002312089+00:00,STOP,STOP,127,2,23347.0,23349.5,-69.0,-69.0,-138.0,RESOLVED,BUY,False,,,ORIGINAL_STOP_BEFORE_ARM,23347.0,-69.0,-138.0,0.0,RAW_DOUBLE_STOP_NOT_RESCUED
2178,2025-08-05 09:30:00,2025-08-05T13:30:00+00:00,VALIDATED_SOURCE,NY,AUGUST,NQU5,2,16.0,1.0,2,4.0,PRICE_BE,RESOLVED,DOUBLE_STOP,SELL,STOP,2,2025-08-05 13:30:00.002312089+00:00,STOP,STOP,127,2,23347.0,23349.5,-69.0,-69.0,-138.0,RESOLVED,BUY,False,,,ORIGINAL_STOP_BEFORE_ARM,23347.0,-69.0,-138.0,0.0,RAW_DOUBLE_STOP_NOT_RESCUED
2178,2025-08-05 09:30:00,2025-08-05T13:30:00+00:00,VALIDATED_SOURCE,NY,AUGUST,NQU5,2,16.0,1.0,2,4.0,COST_COVER_BE,RESOLVED,DOUBLE_STOP,SELL,STOP,2,2025-08-05 13:30:00.002312089+00:00,STOP,STOP,127,2,23347.0,23349.5,-69.0,-69.0,-138.0,RESOLVED,BUY,False,,,ORIGINAL_STOP_BEFORE_ARM,23347.0,-69.0,-138.0,0.0,RAW_DOUBLE_STOP_NOT_RESCUED
2178,2025-08-05 09:30:00,2025-08-05T13:30:00+00:00,VALIDATED_SOURCE,NY,AUGUST,NQU5,2,16.0,1.0,2,5.0,PRICE_BE,RESOLVED,DOUBLE_STOP,SELL,STOP,2,2025-08-05 13:30:00.002312089+00:00,STOP,STOP,127,2,23347.0,23349.5,-69.0,-69.0,-138.0,RESOLVED,BUY,False,,,ORIGINAL_STOP_BEFORE_ARM,23347.0,-69.0,-138.0,0.0,RAW_DOUBLE_STOP_NOT_RESCUED
2178,2025-08-05 09:30:00,2025-08-05T13:30:00+00:00,VALIDATED_SOURCE,NY,AUGUST,NQU5,2,16.0,1.0,2,5.0,COST_COVER_BE,RESOLVED,DOUBLE_STOP,SELL,STOP,2,2025-08-05 13:30:00.002312089+00:00,STOP,STOP,127,2,23347.0,23349.5,-69.0,-69.0,-138.0,RESOLVED,BUY,False,,,ORIGINAL_STOP_BEFORE_ARM,23347.0,-69.0,-138.0,0.0,RAW_DOUBLE_STOP_NOT_RESCUED
2178,2025-08-05 09:30:00,2025-08-05T13:30:00+00:00,VALIDATED_SOURCE,NY,AUGUST,NQU5,2,16.0,1.0,2,8.0,PRICE_BE,RESOLVED,DOUBLE_STOP,SELL,STOP,2,2025-08-05 13:30:00.002312089+00:00,STOP,STOP,127,2,23347.0,23349.5,-69.0,-69.0,-138.0,RESOLVED,BUY,False,,,ORIGINAL_STOP_BEFORE_ARM,23347.0,-69.0,-138.0,0.0,RAW_DOUBLE_STOP_NOT_RESCUED
2178,2025-08-05 09:30:00,2025-08-05T13:30:00+00:00,VALIDATED_SOURCE,NY,AUGUST,NQU5,2,16.0,1.0,2,8.0,COST_COVER_BE,RESOLVED,DOUBLE_STOP,SELL,STOP,2,2025-08-05 13:30:00.002312089+00:00,STOP,STOP,127,2,23347.0,23349.5,-69.0,-69.0,-138.0,RESOLVED,BUY,False,,,ORIGINAL_STOP_BEFORE_ARM,23347.0,-69.0,-138.0,0.0,RAW_DOUBLE_STOP_NOT_RESCUED
2178,2025-08-05 09:30:00,2025-08-05T13:30:00+00:00,VALIDATED_SOURCE,NY,AUGUST,NQU5,2,16.0,1.0,4,0.5,PRICE_BE,RESOLVED,DOUBLE_STOP,SELL,STOP,2,2025-08-05 13:30:00.002312089+00:00,STOP,STOP,127,2,23346.5,23350.0,-89.0,-89.0,-178.0,RESOLVED,BUY,True,3.0,2025-08-05 13:30:00.002424301+00:00,PRICE_BE,23347.5,-49.0,-138.0,40.0,RAW_DOUBLE_STOP_RESCUED
2178,2025-08-05 09:30:00,2025-08-05T13:30:00+00:00,VALIDATED_SOURCE,NY,AUGUST,NQU5,2,16.0,1.0,4,0.5,COST_COVER_BE,RESOLVED,DOUBLE_STOP,SELL,STOP,2,2025-08-05 13:30:00.002312089+00:00,STOP,STOP,127,2,23346.5,23350.0,-89.0,-89.0,-178.0,RESOLVED,BUY,True,3.0,2025-08-05 13:30:00.002424301+00:00,COST_COVER_BE,23347.75,-39.0,-128.0,50.0,RAW_DOUBLE_STOP_RESCUED
2178,2025-08-05 09:30:00,2025-08-05T13:30:00+00:00,VALIDATED_SOURCE,NY,AUGUST,NQU5,2,16.0,1.0,4,1.0,PRICE_BE,RESOLVED,DOUBLE_STOP,SELL,STOP,2,2025-08-05 13:30:00.002312089+00:00,STOP,STOP,127,2,23346.5,23350.0,-89.0,-89.0,-178.0,RESOLVED,BUY,True,7.0,2025-08-05 13:30:00.003189395+00:00,PRICE_BE,23347.5,-49.0,-138.0,40.0,RAW_DOUBLE_STOP_RESCUED
2178,2025-08-05 09:30:00,2025-08-05T13:30:00+00:00,VALIDATED_SOURCE,NY,AUGUST,NQU5,2,16.0,1.0,4,1.0,COST_COVER_BE,RESOLVED,DOUBLE_STOP,SELL,STOP,2,2025-08-05 13:30:00.002312089+00:00,STOP,STOP,127,2,23346.5,23350.0,-89.0,-89.0,-178.0,RESOLVED,BUY,True,7.0,2025-08-05 13:30:00.003189395+00:00,COST_COVER_BE,23348.0,-29.0,-118.0,60.0,RAW_DOUBLE_STOP_RESCUED
2178,2025-08-05 09:30:00,2025-08-05T13:30:00+00:00,VALIDATED_SOURCE,NY,AUGUST,NQU5,2,16.0,1.0,4,2.0,PRICE_BE,RESOLVED,DOUBLE_STOP,SELL,STOP,2,2025-08-05 13:30:00.002312089+00:00,STOP,STOP,127,2,23346.5,23350.0,-89.0,-89.0,-178.0,RESOLVED,BUY,True,56.0,2025-08-05 13:30:00.033655067+00:00,PRICE_BE,23347.5,-49.0,-138.0,40.0,RAW_DOUBLE_STOP_RESCUED
2178,2025-08-05 09:30:00,2025-08-05T13:30:00+00:00,VALIDATED_SOURCE,NY,AUGUST,NQU5,2,16.0,1.0,4,2.0,COST_COVER_BE,RESOLVED,DOUBLE_STOP,SELL,STOP,2,2025-08-05 13:30:00.002312089+00:00,STOP,STOP,127,2,23346.5,23350.0,-89.0,-89.0,-178.0,RESOLVED,BUY,True,56.0,2025-08-05 13:30:00.033655067+00:00,COST_COVER_BE,23348.0,-29.0,-118.0,60.0,RAW_DOUBLE_STOP_RESCUED
2178,2025-08-05 09:30:00,2025-08-05T13:30:00+00:00,VALIDATED_SOURCE,NY,AUGUST,NQU5,2,16.0,1.0,4,3.0,PRICE_BE,RESOLVED,DOUBLE_STOP,SELL,STOP,2,2025-08-05 13:30:00.002312089+00:00,STOP,STOP,127,2,23346.5,23350.0,-89.0,-89.0,-178.0,RESOLVED,BUY,False,,,ORIGINAL_STOP_BEFORE_ARM,23346.5,-89.0,-178.0,0.0,RAW_DOUBLE_STOP_NOT_RESCUED
2178,2025-08-05 09:30:00,2025-08-05T13:30:00+00:00,VALIDATED_SOURCE,NY,AUGUST,NQU5,2,16.0,1.0,4,3.0,COST_COVER_BE,RESOLVED,DOUBLE_STOP,SELL,STOP,2,2025-08-05 13:30:00.002312089+00:00,STOP,STOP,127,2,23346.5,23350.0,-89.0,-89.0,-178.0,RESOLVED,BUY,False,,,ORIGINAL_STOP_BEFORE_ARM,23346.5,-89.0,-178.0,0.0,RAW_DOUBLE_STOP_NOT_RESCUED
2178,2025-08-05 09:30:00,2025-08-05T13:30:00+00:00,VALIDATED_SOURCE,NY,AUGUST,NQU5,2,16.0,1.0,4,4.0,PRICE_BE,RESOLVED,DOUBLE_STOP,SELL,STOP,2,2025-08-05 13:30:00.002312089+00:00,STOP,STOP,127,2,23346.5,23350.0,-89.0,-89.0,-178.0,RESOLVED,BUY,False,,,ORIGINAL_STOP_BEFORE_ARM,23346.5,-89.0,-178.0,0.0,RAW_DOUBLE_STOP_NOT_RESCUED
2178,2025-08-05 09:30:00,2025-08-05T13:30:00+00:00,VALIDATED_SOURCE,NY,AUGUST,NQU5,2,16.0,1.0,4,4.0,COST_COVER_BE,RESOLVED,DOUBLE_STOP,SELL,STOP,2,2025-08-05 13:30:00.002312089+00:00,STOP,STOP,127,2,23346.5,23350.0,-89.0,-89.0,-178.0,RESOLVED,BUY,False,,,ORIGINAL_STOP_BEFORE_ARM,23346.5,-89.0,-178.0,0.0,RAW_DOUBLE_STOP_NOT_RESCUED
2178,2025-08-05 09:30:00,2025-08-05T13:30:00+00:00,VALIDATED_SOURCE,NY,AUGUST,NQU5,2,16.0,1.0,4,5.0,PRICE_BE,RESOLVED,DOUBLE_STOP,SELL,STOP,2,2025-08-05 13:30:00.002312089+00:00,STOP,STOP,127,2,23346.5,23350.0,-89.0,-89.0,-178.0,RESOLVED,BUY,False,,,ORIGINAL_STOP_BEFORE_ARM,23346.5,-89.0,-178.0,0.0,RAW_DOUBLE_STOP_NOT_RESCUED
2178,2025-08-05 09:30:00,2025-08-05T13:30:00+00:00,VALIDATED_SOURCE,NY,AUGUST,NQU5,2,16.0,1.0,4,5.0,COST_COVER_BE,RESOLVED,DOUBLE_STOP,SELL,STOP,2,2025-08-05 13:30:00.002312089+00:00,STOP,STOP,127,2,23346.5,23350.0,-89.0,-89.0,-178.0,RESOLVED,BUY,False,,,ORIGINAL_STOP_BEFORE_ARM,23346.5,-89.0,-178.0,0.0,RAW_DOUBLE_STOP_NOT_RESCUED
2178,2025-08-05 09:30:00,2025-08-05T13:30:00+00:00,VALIDATED_SOURCE,NY,AUGUST,NQU5,2,16.0,1.0,4,8.0,PRICE_BE,RESOLVED,DOUBLE_STOP,SELL,STOP,2,2025-08-05 13:30:00.002312089+00:00,STOP,STOP,127,2,23346.5,23350.0,-89.0,-89.0,-178.0,RESOLVED,BUY,False,,,ORIGINAL_STOP_BEFORE_ARM,23346.5,-89.0,-178.0,0.0,RAW_DOUBLE_STOP_NOT_RESCUED
2178,2025-08-05 09:30:00,2025-08-05T13:30:00+00:00,VALIDATED_SOURCE,NY,AUGUST,NQU5,2,16.0,1.0,4,8.0,COST_COVER_BE,RESOLVED,DOUBLE_STOP,SELL,STOP,2,2025-08-05 13:30:00.002312089+00:00,STOP,STOP,127,2,23346.5,23350.0,-89.0,-89.0,-178.0,RESOLVED,BUY,False,,,ORIGINAL_STOP_BEFORE_ARM,23346.5,-89.0,-178.0,0.0,RAW_DOUBLE_STOP_NOT_RESCUED
2179,2025-08-05 18:00:00,2025-08-05T22:00:00+00:00,VALIDATED_SOURCE,WEEKDAY_PREMIUM,AUGUST,NQU5,2,10.0,1.0,0,0.5,PRICE_BE,RESOLVED,DOUBLE_STOP,BUY,STOP,1,2025-08-05 22:00:00.021693303+00:00,STOP,STOP,1,9,23091.0,23093.5,-49.0,-89.0,-138.0,RESOLVED,SELL,True,4.0,2025-08-05 22:00:00.022072179+00:00,PRICE_BE,23092.0,-29.0,-78.0,60.0,RAW_DOUBLE_STOP_RESCUED
2179,2025-08-05 18:00:00,2025-08-05T22:00:00+00:00,VALIDATED_SOURCE,WEEKDAY_PREMIUM,AUGUST,NQU5,2,10.0,1.0,0,0.5,COST_COVER_BE,RESOLVED,DOUBLE_STOP,BUY,STOP,1,2025-08-05 22:00:00.021693303+00:00,STOP,STOP,1,9,23091.0,23093.5,-49.0,-89.0,-138.0,RESOLVED,SELL,True,4.0,2025-08-05 22:00:00.022072179+00:00,COST_COVER_BE,23092.0,-29.0,-78.0,60.0,RAW_DOUBLE_STOP_RESCUED
2179,2025-08-05 18:00:00,2025-08-05T22:00:00+00:00,VALIDATED_SOURCE,WEEKDAY_PREMIUM,AUGUST,NQU5,2,10.0,1.0,0,1.0,PRICE_BE,RESOLVED,DOUBLE_STOP,BUY,STOP,1,2025-08-05 22:00:00.021693303+00:00,STOP,STOP,1,9,23091.0,23093.5,-49.0,-89.0,-138.0,RESOLVED,SELL,False,,,ORIGINAL_STOP_BEFORE_ARM,23093.5,-89.0,-138.0,0.0,RAW_DOUBLE_STOP_NOT_RESCUED
2179,2025-08-05 18:00:00,2025-08-05T22:00:00+00:00,VALIDATED_SOURCE,WEEKDAY_PREMIUM,AUGUST,NQU5,2,10.0,1.0,0,1.0,COST_COVER_BE,RESOLVED,DOUBLE_STOP,BUY,STOP,1,2025-08-05 22:00:00.021693303+00:00,STOP,STOP,1,9,23091.0,23093.5,-49.0,-89.0,-138.0,RESOLVED,SELL,False,,,ORIGINAL_STOP_BEFORE_ARM,23093.5,-89.0,-138.0,0.0,RAW_DOUBLE_STOP_NOT_RESCUED
2179,2025-08-05 18:00:00,2025-08-05T22:00:00+00:00,VALIDATED_SOURCE,WEEKDAY_PREMIUM,AUGUST,NQU5,2,10.0,1.0,0,2.0,PRICE_BE,RESOLVED,DOUBLE_STOP,BUY,STOP,1,2025-08-05 22:00:00.021693303+00:00,STOP,STOP,1,9,23091.0,23093.5,-49.0,-89.0,-138.0,RESOLVED,SELL,False,,,ORIGINAL_STOP_BEFORE_ARM,23093.5,-89.0,-138.0,0.0,RAW_DOUBLE_STOP_NOT_RESCUED
2179,2025-08-05 18:00:00,2025-08-05T22:00:00+00:00,VALIDATED_SOURCE,WEEKDAY_PREMIUM,AUGUST,NQU5,2,10.0,1.0,0,2.0,COST_COVER_BE,RESOLVED,DOUBLE_STOP,BUY,STOP,1,2025-08-05 22:00:00.021693303+00:00,STOP,STOP,1,9,23091.0,23093.5,-49.0,-89.0,-138.0,RESOLVED,SELL,False,,,ORIGINAL_STOP_BEFORE_ARM,23093.5,-89.0,-138.0,0.0,RAW_DOUBLE_STOP_NOT_RESCUED
2179,2025-08-05 18:00:00,2025-08-05T22:00:00+00:00,VALIDATED_SOURCE,WEEKDAY_PREMIUM,AUGUST,NQU5,2,10.0,1.0,0,3.0,PRICE_BE,RESOLVED,DOUBLE_STOP,BUY,STOP,1,2025-08-05 22:00:00.021693303+00:00,STOP,STOP,1,9,23091.0,23093.5,-49.0,-89.0,-138.0,RESOLVED,SELL,False,,,ORIGINAL_STOP_BEFORE_ARM,23093.5,-89.0,-138.0,0.0,RAW_DOUBLE_STOP_NOT_RESCUED
2179,2025-08-05 18:00:00,2025-08-05T22:00:00+00:00,VALIDATED_SOURCE,WEEKDAY_PREMIUM,AUGUST,NQU5,2,10.0,1.0,0,3.0,COST_COVER_BE,RESOLVED,DOUBLE_STOP,BUY,STOP,1,2025-08-05 22:00:00.021693303+00:00,STOP,STOP,1,9,23091.0,23093.5,-49.0,-89.0,-138.0,RESOLVED,SELL,False,,,ORIGINAL_STOP_BEFORE_ARM,23093.5,-89.0,-138.0,0.0,RAW_DOUBLE_STOP_NOT_RESCUED
2179,2025-08-05 18:00:00,2025-08-05T22:00:00+00:00,VALIDATED_SOURCE,WEEKDAY_PREMIUM,AUGUST,NQU5,2,10.0,1.0,0,4.0,PRICE_BE,RESOLVED,DOUBLE_STOP,BUY,STOP,1,2025-08-05 22:00:00.021693303+00:00,STOP,STOP,1,9,23091.0,23093.5,-49.0,-89.0,-138.0,RESOLVED,SELL,False,,,ORIGINAL_STOP_BEFORE_ARM,23093.5,-89.0,-138.0,0.0,RAW_DOUBLE_STOP_NOT_RESCUED
2179,2025-08-05 18:00:00,2025-08-05T22:00:00+00:00,VALIDATED_SOURCE,WEEKDAY_PREMIUM,AUGUST,NQU5,2,10.0,1.0,0,4.0,COST_COVER_BE,RESOLVED,DOUBLE_STOP,BUY,STOP,1,2025-08-05 22:00:00.021693303+00:00,STOP,STOP,1,9,23091.0,23093.5,-49.0,-89.0,-138.0,RESOLVED,SELL,False,,,ORIGINAL_STOP_BEFORE_ARM,23093.5,-89.0,-138.0,0.0,RAW_DOUBLE_STOP_NOT_RESCUED
2179,2025-08-05 18:00:00,2025-08-05T22:00:00+00:00,VALIDATED_SOURCE,WEEKDAY_PREMIUM,AUGUST,NQU5,2,10.0,1.0,0,5.0,PRICE_BE,RESOLVED,DOUBLE_STOP,BUY,STOP,1,2025-08-05 22:00:00.021693303+00:00,STOP,STOP,1,9,23091.0,23093.5,-49.0,-89.0,-138.0,RESOLVED,SELL,False,,,ORIGINAL_STOP_BEFORE_ARM,23093.5,-89.0,-138.0,0.0,RAW_DOUBLE_STOP_NOT_RESCUED
2179,2025-08-05 18:00:00,2025-08-05T22:00:00+00:00,VALIDATED_SOURCE,WEEKDAY_PREMIUM,AUGUST,NQU5,2,10.0,1.0,0,5.0,COST_COVER_BE,RESOLVED,DOUBLE_STOP,BUY,STOP,1,2025-08-05 22:00:00.021693303+00:00,STOP,STOP,1,9,23091.0,23093.5,-49.0,-89.0,-138.0,RESOLVED,SELL,False,,,ORIGINAL_STOP_BEFORE_ARM,23093.5,-89.0,-138.0,0.0,RAW_DOUBLE_STOP_NOT_RESCUED
2179,2025-08-05 18:00:00,2025-08-05T22:00:00+00:00,VALIDATED_SOURCE,WEEKDAY_PREMIUM,AUGUST,NQU5,2,10.0,1.0,0,8.0,PRICE_BE,RESOLVED,DOUBLE_STOP,BUY,STOP,1,2025-08-05 22:00:00.021693303+00:00,STOP,STOP,1,9,23091.0,23093.5,-49.0,-89.0,-138.0,RESOLVED,SELL,False,,,ORIGINAL_STOP_BEFORE_ARM,23093.5,-89.0,-138.0,0.0,RAW_DOUBLE_STOP_NOT_RESCUED
2179,2025-08-05 18:00:00,2025-08-05T22:00:00+00:00,VALIDATED_SOURCE,WEEKDAY_PREMIUM,AUGUST,NQU5,2,10.0,1.0,0,8.0,COST_COVER_BE,RESOLVED,DOUBLE_STOP,BUY,STOP,1,2025-08-05 22:00:00.021693303+00:00,STOP,STOP,1,9,23091.0,23093.5,-49.0,-89.0,-138.0,RESOLVED,SELL,False,,,ORIGINAL_STOP_BEFORE_ARM,23093.5,-89.0,-138.0,0.0,RAW_DOUBLE_STOP_NOT_RESCUED
2179,2025-08-05 18:00:00,2025-08-05T22:00:00+00:00,VALIDATED_SOURCE,WEEKDAY_PREMIUM,AUGUST,NQU5,2,10.0,1.0,1,0.5,PRICE_BE,RESOLVED,DOUBLE_STOP,BUY,STOP,1,2025-08-05 22:00:00.021693303+00:00,STOP,STOP,1,9,23090.75,23093.75,-59.0,-99.0,-158.0,RESOLVED,SELL,True,4.0,2025-08-05 22:00:00.022072179+00:00,PRICE_BE,23092.25,-39.0,-98.0,60.0,RAW_DOUBLE_STOP_RESCUED
2179,2025-08-05 18:00:00,2025-08-05T22:00:00+00:00,VALIDATED_SOURCE,WEEKDAY_PREMIUM,AUGUST,NQU5,2,10.0,1.0,1,0.5,COST_COVER_BE,RESOLVED,DOUBLE_STOP,BUY,STOP,1,2025-08-05 22:00:00.021693303+00:00,STOP,STOP,1,9,23090.75,23093.75,-59.0,-99.0,-158.0,RESOLVED,SELL,True,4.0,2025-08-05 22:00:00.022072179+00:00,COST_COVER_BE,23092.25,-39.0,-98.0,60.0,RAW_DOUBLE_STOP_RESCUED
2179,2025-08-05 18:00:00,2025-08-05T22:00:00+00:00,VALIDATED_SOURCE,WEEKDAY_PREMIUM,AUGUST,NQU5,2,10.0,1.0,1,1.0,PRICE_BE,RESOLVED,DOUBLE_STOP,BUY,STOP,1,2025-08-05 22:00:00.021693303+00:00,STOP,STOP,1,9,23090.75,23093.75,-59.0,-99.0,-158.0,RESOLVED,SELL,False,,,ORIGINAL_STOP_BEFORE_ARM,23093.75,-99.0,-158.0,0.0,RAW_DOUBLE_STOP_NOT_RESCUED
2179,2025-08-05 18:00:00,2025-08-05T22:00:00+00:00,VALIDATED_SOURCE,WEEKDAY_PREMIUM,AUGUST,NQU5,2,10.0,1.0,1,1.0,COST_COVER_BE,RESOLVED,DOUBLE_STOP,BUY,STOP,1,2025-08-05 22:00:00.021693303+00:00,STOP,STOP,1,9,23090.75,23093.75,-59.0,-99.0,-158.0,RESOLVED,SELL,False,,,ORIGINAL_STOP_BEFORE_ARM,23093.75,-99.0,-158.0,0.0,RAW_DOUBLE_STOP_NOT_RESCUED
2179,2025-08-05 18:00:00,2025-08-05T22:00:00+00:00,VALIDATED_SOURCE,WEEKDAY_PREMIUM,AUGUST,NQU5,2,10.0,1.0,1,2.0,PRICE_BE,RESOLVED,DOUBLE_STOP,BUY,STOP,1,2025-08-05 22:00:00.021693303+00:00,STOP,STOP,1,9,23090.75,23093.75,-59.0,-99.0,-158.0,RESOLVED,SELL,False,,,ORIGINAL_STOP_BEFORE_ARM,23093.75,-99.0,-158.0,0.0,RAW_DOUBLE_STOP_NOT_RESCUED
2179,2025-08-05 18:00:00,2025-08-05T22:00:00+00:00,VALIDATED_SOURCE,WEEKDAY_PREMIUM,AUGUST,NQU5,2,10.0,1.0,1,2.0,COST_COVER_BE,RESOLVED,DOUBLE_STOP,BUY,STOP,1,2025-08-05 22:00:00.021693303+00:00,STOP,STOP,1,9,23090.75,23093.75,-59.0,-99.0,-158.0,RESOLVED,SELL,False,,,ORIGINAL_STOP_BEFORE_ARM,23093.75,-99.0,-158.0,0.0,RAW_DOUBLE_STOP_NOT_RESCUED
2179,2025-08-05 18:00:00,2025-08-05T22:00:00+00:00,VALIDATED_SOURCE,WEEKDAY_PREMIUM,AUGUST,NQU5,2,10.0,1.0,1,3.0,PRICE_BE,RESOLVED,DOUBLE_STOP,BUY,STOP,1,2025-08-05 22:00:00.021693303+00:00,STOP,STOP,1,9,23090.75,23093.75,-59.0,-99.0,-158.0,RESOLVED,SELL,False,,,ORIGINAL_STOP_BEFORE_ARM,23093.75,-99.0,-158.0,0.0,RAW_DOUBLE_STOP_NOT_RESCUED
2179,2025-08-05 18:00:00,2025-08-05T22:00:00+00:00,VALIDATED_SOURCE,WEEKDAY_PREMIUM,AUGUST,NQU5,2,10.0,1.0,1,3.0,COST_COVER_BE,RESOLVED,DOUBLE_STOP,BUY,STOP,1,2025-08-05 22:00:00.021693303+00:00,STOP,STOP,1,9,23090.75,23093.75,-59.0,-99.0,-158.0,RESOLVED,SELL,False,,,ORIGINAL_STOP_BEFORE_ARM,23093.75,-99.0,-158.0,0.0,RAW_DOUBLE_STOP_NOT_RESCUED
2179,2025-08-05 18:00:00,2025-08-05T22:00:00+00:00,VALIDATED_SOURCE,WEEKDAY_PREMIUM,AUGUST,NQU5,2,10.0,1.0,1,4.0,PRICE_BE,RESOLVED,DOUBLE_STOP,BUY,STOP,1,2025-08-05 22:00:00.021693303+00:00,STOP,STOP,1,9,23090.75,23093.75,-59.0,-99.0,-158.0,RESOLVED,SELL,False,,,ORIGINAL_STOP_BEFORE_ARM,23093.75,-99.0,-158.0,0.0,RAW_DOUBLE_STOP_NOT_RESCUED
2179,2025-08-05 18:00:00,2025-08-05T22:00:00+00:00,VALIDATED_SOURCE,WEEKDAY_PREMIUM,AUGUST,NQU5,2,10.0,1.0,1,4.0,COST_COVER_BE,RESOLVED,DOUBLE_STOP,BUY,STOP,1,2025-08-05 22:00:00.021693303+00:00,STOP,STOP,1,9,23090.75,23093.75,-59.0,-99.0,-158.0,RESOLVED,SELL,False,,,ORIGINAL_STOP_BEFORE_ARM,23093.75,-99.0,-158.0,0.0,RAW_DOUBLE_STOP_NOT_RESCUED
2179,2025-08-05 18:00:00,2025-08-05T22:00:00+00:00,VALIDATED_SOURCE,WEEKDAY_PREMIUM,AUGUST,NQU5,2,10.0,1.0,1,5.0,PRICE_BE,RESOLVED,DOUBLE_STOP,BUY,STOP,1,2025-08-05 22:00:00.021693303+00:00,STOP,STOP,1,9,23090.75,23093.75,-59.0,-99.0,-158.0,RESOLVED,SELL,False,,,ORIGINAL_STOP_BEFORE_ARM,23093.75,-99.0,-158.0,0.0,RAW_DOUBLE_STOP_NOT_RESCUED
2179,2025-08-05 18:00:00,2025-08-05T22:00:00+00:00,VALIDATED_SOURCE,WEEKDAY_PREMIUM,AUGUST,NQU5,2,10.0,1.0,1,5.0,COST_COVER_BE,RESOLVED,DOUBLE_STOP,BUY,STOP,1,2025-08-05 22:00:00.021693303+00:00,STOP,STOP,1,9,23090.75,23093.75,-59.0,-99.0,-158.0,RESOLVED,SELL,False,,,ORIGINAL_STOP_BEFORE_ARM,23093.75,-99.0,-158.0,0.0,RAW_DOUBLE_STOP_NOT_RESCUED
2179,2025-08-05 18:00:00,2025-08-05T22:00:00+00:00,VALIDATED_SOURCE,WEEKDAY_PREMIUM,AUGUST,NQU5,2,10.0,1.0,1,8.0,PRICE_BE,RESOLVED,DOUBLE_STOP,BUY,STOP,1,2025-08-05 22:00:00.021693303+00:00,STOP,STOP,1,9,23090.75,23093.75,-59.0,-99.0,-158.0,RESOLVED,SELL,False,,,ORIGINAL_STOP_BEFORE_ARM,23093.75,-99.0,-158.0,0.0,RAW_DOUBLE_STOP_NOT_RESCUED
2179,2025-08-05 18:00:00,2025-08-05T22:00:00+00:00,VALIDATED_SOURCE,WEEKDAY_PREMIUM,AUGUST,NQU5,2,10.0,1.0,1,8.0,COST_COVER_BE,RESOLVED,DOUBLE_STOP,BUY,STOP,1,2025-08-05 22:00:00.021693303+00:00,STOP,STOP,1,9,23090.75,23093.75,-59.0,-99.0,-158.0,RESOLVED,SELL,False,,,ORIGINAL_STOP_BEFORE_ARM,23093.75,-99.0,-158.0,0.0,RAW_DOUBLE_STOP_NOT_RESCUED
2179,2025-08-05 18:00:00,2025-08-05T22:00:00+00:00,VALIDATED_SOURCE,WEEKDAY_PREMIUM,AUGUST,NQU5,2,10.0,1.0,2,0.5,PRICE_BE,RESOLVED,DOUBLE_STOP,BUY,STOP,1,2025-08-05 22:00:00.021693303+00:00,STOP,STOP,1,9,23090.5,23094.0,-69.0,-109.0,-178.0,RESOLVED,SELL,True,4.0,2025-08-05 22:00:00.022072179+00:00,PRICE_BE,23092.5,-49.0,-118.0,60.0,RAW_DOUBLE_STOP_RESCUED
2179,2025-08-05 18:00:00,2025-08-05T22:00:00+00:00,VALIDATED_SOURCE,WEEKDAY_PREMIUM,AUGUST,NQU5,2,10.0,1.0,2,0.5,COST_COVER_BE,RESOLVED,DOUBLE_STOP,BUY,STOP,1,2025-08-05 22:00:00.021693303+00:00,STOP,STOP,1,9,23090.5,23094.0,-69.0,-109.0,-178.0,RESOLVED,SELL,True,4.0,2025-08-05 22:00:00.022072179+00:00,COST_COVER_BE,23092.5,-49.0,-118.0,60.0,RAW_DOUBLE_STOP_RESCUED
2179,2025-08-05 18:00:00,2025-08-05T22:00:00+00:00,VALIDATED_SOURCE,WEEKDAY_PREMIUM,AUGUST,NQU5,2,10.0,1.0,2,1.0,PRICE_BE,RESOLVED,DOUBLE_STOP,BUY,STOP,1,2025-08-05 22:00:00.021693303+00:00,STOP,STOP,1,9,23090.5,23094.0,-69.0,-109.0,-178.0,RESOLVED,SELL,False,,,ORIGINAL_STOP_BEFORE_ARM,23094.0,-109.0,-178.0,0.0,RAW_DOUBLE_STOP_NOT_RESCUED
2179,2025-08-05 18:00:00,2025-08-05T22:00:00+00:00,VALIDATED_SOURCE,WEEKDAY_PREMIUM,AUGUST,NQU5,2,10.0,1.0,2,1.0,COST_COVER_BE,RESOLVED,DOUBLE_STOP,BUY,STOP,1,2025-08-05 22:00:00.021693303+00:00,STOP,STOP,1,9,23090.5,23094.0,-69.0,-109.0,-178.0,RESOLVED,SELL,False,,,ORIGINAL_STOP_BEFORE_ARM,23094.0,-109.0,-178.0,0.0,RAW_DOUBLE_STOP_NOT_RESCUED
2179,2025-08-05 18:00:00,2025-08-05T22:00:00+00:00,VALIDATED_SOURCE,WEEKDAY_PREMIUM,AUGUST,NQU5,2,10.0,1.0,2,2.0,PRICE_BE,RESOLVED,DOUBLE_STOP,BUY,STOP,1,2025-08-05 22:00:00.021693303+00:00,STOP,STOP,1,9,23090.5,23094.0,-69.0,-109.0,-178.0,RESOLVED,SELL,False,,,ORIGINAL_STOP_BEFORE_ARM,23094.0,-109.0,-178.0,0.0,RAW_DOUBLE_STOP_NOT_RESCUED
2179,2025-08-05 18:00:00,2025-08-05T22:00:00+00:00,VALIDATED_SOURCE,WEEKDAY_PREMIUM,AUGUST,NQU5,2,10.0,1.0,2,2.0,COST_COVER_BE,RESOLVED,DOUBLE_STOP,BUY,STOP,1,2025-08-05 22:00:00.021693303+00:00,STOP,STOP,1,9,23090.5,23094.0,-69.0,-109.0,-178.0,RESOLVED,SELL,False,,,ORIGINAL_STOP_BEFORE_ARM,23094.0,-109.0,-178.0,0.0,RAW_DOUBLE_STOP_NOT_RESCUED
2179,2025-08-05 18:00:00,2025-08-05T22:00:00+00:00,VALIDATED_SOURCE,WEEKDAY_PREMIUM,AUGUST,NQU5,2,10.0,1.0,2,3.0,PRICE_BE,RESOLVED,DOUBLE_STOP,BUY,STOP,1,2025-08-05 22:00:00.021693303+00:00,STOP,STOP,1,9,23090.5,23094.0,-69.0,-109.0,-178.0,RESOLVED,SELL,False,,,ORIGINAL_STOP_BEFORE_ARM,23094.0,-109.0,-178.0,0.0,RAW_DOUBLE_STOP_NOT_RESCUED
2179,2025-08-05 18:00:00,2025-08-05T22:00:00+00:00,VALIDATED_SOURCE,WEEKDAY_PREMIUM,AUGUST,NQU5,2,10.0,1.0,2,3.0,COST_COVER_BE,RESOLVED,DOUBLE_STOP,BUY,STOP,1,2025-08-05 22:00:00.021693303+00:00,STOP,STOP,1,9,23090.5,23094.0,-69.0,-109.0,-178.0,RESOLVED,SELL,False,,,ORIGINAL_STOP_BEFORE_ARM,23094.0,-109.0,-178.0,0.0,RAW_DOUBLE_STOP_NOT_RESCUED
2179,2025-08-05 18:00:00,2025-08-05T22:00:00+00:00,VALIDATED_SOURCE,WEEKDAY_PREMIUM,AUGUST,NQU5,2,10.0,1.0,2,4.0,PRICE_BE,RESOLVED,DOUBLE_STOP,BUY,STOP,1,2025-08-05 22:00:00.021693303+00:00,STOP,STOP,1,9,23090.5,23094.0,-69.0,-109.0,-178.0,RESOLVED,SELL,False,,,ORIGINAL_STOP_BEFORE_ARM,23094.0,-109.0,-178.0,0.0,RAW_DOUBLE_STOP_NOT_RESCUED
2179,2025-08-05 18:00:00,2025-08-05T22:00:00+00:00,VALIDATED_SOURCE,WEEKDAY_PREMIUM,AUGUST,NQU5,2,10.0,1.0,2,4.0,COST_COVER_BE,RESOLVED,DOUBLE_STOP,BUY,STOP,1,2025-08-05 22:00:00.021693303+00:00,STOP,STOP,1,9,23090.5,23094.0,-69.0,-109.0,-178.0,RESOLVED,SELL,False,,,ORIGINAL_STOP_BEFORE_ARM,23094.0,-109.0,-178.0,0.0,RAW_DOUBLE_STOP_NOT_RESCUED
2179,2025-08-05 18:00:00,2025-08-05T22:00:00+00:00,VALIDATED_SOURCE,WEEKDAY_PREMIUM,AUGUST,NQU5,2,10.0,1.0,2,5.0,PRICE_BE,RESOLVED,DOUBLE_STOP,BUY,STOP,1,2025-08-05 22:00:00.021693303+00:00,STOP,STOP,1,9,23090.5,23094.0,-69.0,-109.0,-178.0,RESOLVED,SELL,False,,,ORIGINAL_STOP_BEFORE_ARM,23094.0,-109.0,-178.0,0.0,RAW_DOUBLE_STOP_NOT_RESCUED
2179,2025-08-05 18:00:00,2025-08-05T22:00:00+00:00,VALIDATED_SOURCE,WEEKDAY_PREMIUM,AUGUST,NQU5,2,10.0,1.0,2,5.0,COST_COVER_BE,RESOLVED,DOUBLE_STOP,BUY,STOP,1,2025-08-05 22:00:00.021693303+00:00,STOP,STOP,1,9,23090.5,23094.0,-69.0,-109.0,-178.0,RESOLVED,SELL,False,,,ORIGINAL_STOP_BEFORE_ARM,23094.0,-109.0,-178.0,0.0,RAW_DOUBLE_STOP_NOT_RESCUED
2179,2025-08-05 18:00:00,2025-08-05T22:00:00+00:00,VALIDATED_SOURCE,WEEKDAY_PREMIUM,AUGUST,NQU5,2,10.0,1.0,2,8.0,PRICE_BE,RESOLVED,DOUBLE_STOP,BUY,STOP,1,2025-08-05 22:00:00.021693303+00:00,STOP,STOP,1,9,23090.5,23094.0,-69.0,-109.0,-178.0,RESOLVED,SELL,False,,,ORIGINAL_STOP_BEFORE_ARM,23094.0,-109.0,-178.0,0.0,RAW_DOUBLE_STOP_NOT_RESCUED
2179,2025-08-05 18:00:00,2025-08-05T22:00:00+00:00,VALIDATED_SOURCE,WEEKDAY_PREMIUM,AUGUST,NQU5,2,10.0,1.0,2,8.0,COST_COVER_BE,RESOLVED,DOUBLE_STOP,BUY,STOP,1,2025-08-05 22:00:00.021693303+00:00,STOP,STOP,1,9,23090.5,23094.0,-69.0,-109.0,-178.0,RESOLVED,SELL,False,,,ORIGINAL_STOP_BEFORE_ARM,23094.0,-109.0,-178.0,0.0,RAW_DOUBLE_STOP_NOT_RESCUED
2179,2025-08-05 18:00:00,2025-08-05T22:00:00+00:00,VALIDATED_SOURCE,WEEKDAY_PREMIUM,AUGUST,NQU5,2,10.0,1.0,4,0.5,PRICE_BE,RESOLVED,DOUBLE_STOP,BUY,STOP,1,2025-08-05 22:00:00.021693303+00:00,STOP,STOP,1,9,23090.0,23094.5,-89.0,-129.0,-218.0,RESOLVED,SELL,True,4.0,2025-08-05 22:00:00.022072179+00:00,PRICE_BE,23093.0,-69.0,-158.0,60.0,RAW_DOUBLE_STOP_RESCUED
2179,2025-08-05 18:00:00,2025-08-05T22:00:00+00:00,VALIDATED_SOURCE,WEEKDAY_PREMIUM,AUGUST,NQU5,2,10.0,1.0,4,0.5,COST_COVER_BE,RESOLVED,DOUBLE_STOP,BUY,STOP,1,2025-08-05 22:00:00.021693303+00:00,STOP,STOP,1,9,23090.0,23094.5,-89.0,-129.0,-218.0,RESOLVED,SELL,True,4.0,2025-08-05 22:00:00.022072179+00:00,COST_COVER_BE,23093.0,-69.0,-158.0,60.0,RAW_DOUBLE_STOP_RESCUED
2179,2025-08-05 18:00:00,2025-08-05T22:00:00+00:00,VALIDATED_SOURCE,WEEKDAY_PREMIUM,AUGUST,NQU5,2,10.0,1.0,4,1.0,PRICE_BE,RESOLVED,DOUBLE_STOP,BUY,STOP,1,2025-08-05 22:00:00.021693303+00:00,STOP,STOP,1,9,23090.0,23094.5,-89.0,-129.0,-218.0,RESOLVED,SELL,False,,,ORIGINAL_STOP_BEFORE_ARM,23094.5,-129.0,-218.0,0.0,RAW_DOUBLE_STOP_NOT_RESCUED
2179,2025-08-05 18:00:00,2025-08-05T22:00:00+00:00,VALIDATED_SOURCE,WEEKDAY_PREMIUM,AUGUST,NQU5,2,10.0,1.0,4,1.0,COST_COVER_BE,RESOLVED,DOUBLE_STOP,BUY,STOP,1,2025-08-05 22:00:00.021693303+00:00,STOP,STOP,1,9,23090.0,23094.5,-89.0,-129.0,-218.0,RESOLVED,SELL,False,,,ORIGINAL_STOP_BEFORE_ARM,23094.5,-129.0,-218.0,0.0,RAW_DOUBLE_STOP_NOT_RESCUED
2179,2025-08-05 18:00:00,2025-08-05T22:00:00+00:00,VALIDATED_SOURCE,WEEKDAY_PREMIUM,AUGUST,NQU5,2,10.0,1.0,4,2.0,PRICE_BE,RESOLVED,DOUBLE_STOP,BUY,STOP,1,2025-08-05 22:00:00.021693303+00:00,STOP,STOP,1,9,23090.0,23094.5,-89.0,-129.0,-218.0,RESOLVED,SELL,False,,,ORIGINAL_STOP_BEFORE_ARM,23094.5,-129.0,-218.0,0.0,RAW_DOUBLE_STOP_NOT_RESCUED
2179,2025-08-05 18:00:00,2025-08-05T22:00:00+00:00,VALIDATED_SOURCE,WEEKDAY_PREMIUM,AUGUST,NQU5,2,10.0,1.0,4,2.0,COST_COVER_BE,RESOLVED,DOUBLE_STOP,BUY,STOP,1,2025-08-05 22:00:00.021693303+00:00,STOP,STOP,1,9,23090.0,23094.5,-89.0,-129.0,-218.0,RESOLVED,SELL,False,,,ORIGINAL_STOP_BEFORE_ARM,23094.5,-129.0,-218.0,0.0,RAW_DOUBLE_STOP_NOT_RESCUED
2179,2025-08-05 18:00:00,2025-08-05T22:00:00+00:00,VALIDATED_SOURCE,WEEKDAY_PREMIUM,AUGUST,NQU5,2,10.0,1.0,4,3.0,PRICE_BE,RESOLVED,DOUBLE_STOP,BUY,STOP,1,2025-08-05 22:00:00.021693303+00:00,STOP,STOP,1,9,23090.0,23094.5,-89.0,-129.0,-218.0,RESOLVED,SELL,False,,,ORIGINAL_STOP_BEFORE_ARM,23094.5,-129.0,-218.0,0.0,RAW_DOUBLE_STOP_NOT_RESCUED
2179,2025-08-05 18:00:00,2025-08-05T22:00:00+00:00,VALIDATED_SOURCE,WEEKDAY_PREMIUM,AUGUST,NQU5,2,10.0,1.0,4,3.0,COST_COVER_BE,RESOLVED,DOUBLE_STOP,BUY,STOP,1,2025-08-05 22:00:00.021693303+00:00,STOP,STOP,1,9,23090.0,23094.5,-89.0,-129.0,-218.0,RESOLVED,SELL,False,,,ORIGINAL_STOP_BEFORE_ARM,23094.5,-129.0,-218.0,0.0,RAW_DOUBLE_STOP_NOT_RESCUED
2179,2025-08-05 18:00:00,2025-08-05T22:00:00+00:00,VALIDATED_SOURCE,WEEKDAY_PREMIUM,AUGUST,NQU5,2,10.0,1.0,4,4.0,PRICE_BE,RESOLVED,DOUBLE_STOP,BUY,STOP,1,2025-08-05 22:00:00.021693303+00:00,STOP,STOP,1,9,23090.0,23094.5,-89.0,-129.0,-218.0,RESOLVED,SELL,False,,,ORIGINAL_STOP_BEFORE_ARM,23094.5,-129.0,-218.0,0.0,RAW_DOUBLE_STOP_NOT_RESCUED
2179,2025-08-05 18:00:00,2025-08-05T22:00:00+00:00,VALIDATED_SOURCE,WEEKDAY_PREMIUM,AUGUST,NQU5,2,10.0,1.0,4,4.0,COST_COVER_BE,RESOLVED,DOUBLE_STOP,BUY,STOP,1,2025-08-05 22:00:00.021693303+00:00,STOP,STOP,1,9,23090.0,23094.5,-89.0,-129.0,-218.0,RESOLVED,SELL,False,,,ORIGINAL_STOP_BEFORE_ARM,23094.5,-129.0,-218.0,0.0,RAW_DOUBLE_STOP_NOT_RESCUED
2179,2025-08-05 18:00:00,2025-08-05T22:00:00+00:00,VALIDATED_SOURCE,WEEKDAY_PREMIUM,AUGUST,NQU5,2,10.0,1.0,4,5.0,PRICE_BE,RESOLVED,DOUBLE_STOP,BUY,STOP,1,2025-08-05 22:00:00.021693303+00:00,STOP,STOP,1,9,23090.0,23094.5,-89.0,-129.0,-218.0,RESOLVED,SELL,False,,,ORIGINAL_STOP_BEFORE_ARM,23094.5,-129.0,-218.0,0.0,RAW_DOUBLE_STOP_NOT_RESCUED
2179,2025-08-05 18:00:00,2025-08-05T22:00:00+00:00,VALIDATED_SOURCE,WEEKDAY_PREMIUM,AUGUST,NQU5,2,10.0,1.0,4,5.0,COST_COVER_BE,RESOLVED,DOUBLE_STOP,BUY,STOP,1,2025-08-05 22:00:00.021693303+00:00,STOP,STOP,1,9,23090.0,23094.5,-89.0,-129.0,-218.0,RESOLVED,SELL,False,,,ORIGINAL_STOP_BEFORE_ARM,23094.5,-129.0,-218.0,0.0,RAW_DOUBLE_STOP_NOT_RESCUED
2179,2025-08-05 18:00:00,2025-08-05T22:00:00+00:00,VALIDATED_SOURCE,WEEKDAY_PREMIUM,AUGUST,NQU5,2,10.0,1.0,4,8.0,PRICE_BE,RESOLVED,DOUBLE_STOP,BUY,STOP,1,2025-08-05 22:00:00.021693303+00:00,STOP,STOP,1,9,23090.0,23094.5,-89.0,-129.0,-218.0,RESOLVED,SELL,False,,,ORIGINAL_STOP_BEFORE_ARM,23094.5,-129.0,-218.0,0.0,RAW_DOUBLE_STOP_NOT_RESCUED
2179,2025-08-05 18:00:00,2025-08-05T22:00:00+00:00,VALIDATED_SOURCE,WEEKDAY_PREMIUM,AUGUST,NQU5,2,10.0,1.0,4,8.0,COST_COVER_BE,RESOLVED,DOUBLE_STOP,BUY,STOP,1,2025-08-05 22:00:00.021693303+00:00,STOP,STOP,1,9,23090.0,23094.5,-89.0,-129.0,-218.0,RESOLVED,SELL,False,,,ORIGINAL_STOP_BEFORE_ARM,23094.5,-129.0,-218.0,0.0,RAW_DOUBLE_STOP_NOT_RESCUED
2180,2025-08-06 09:30:00,2025-08-06T13:30:00+00:00,VALIDATED_SOURCE,NY,AUGUST,NQU5,2,16.0,1.0,0,0.5,PRICE_BE,RESOLVED,DOUBLE_STOP,BUY,STOP,2,2025-08-06 13:30:00.001585691+00:00,STOP,STOP,2,10,23168.5,23170.0,-49.0,-49.0,-98.0,RESOLVED,SELL,False,,,ORIGINAL_STOP_BEFORE_ARM,23170.0,-49.0,-98.0,0.0,RAW_DOUBLE_STOP_NOT_RESCUED
2180,2025-08-06 09:30:00,2025-08-06T13:30:00+00:00,VALIDATED_SOURCE,NY,AUGUST,NQU5,2,16.0,1.0,0,0.5,COST_COVER_BE,RESOLVED,DOUBLE_STOP,BUY,STOP,2,2025-08-06 13:30:00.001585691+00:00,STOP,STOP,2,10,23168.5,23170.0,-49.0,-49.0,-98.0,RESOLVED,SELL,False,,,ORIGINAL_STOP_BEFORE_ARM,23170.0,-49.0,-98.0,0.0,RAW_DOUBLE_STOP_NOT_RESCUED
2180,2025-08-06 09:30:00,2025-08-06T13:30:00+00:00,VALIDATED_SOURCE,NY,AUGUST,NQU5,2,16.0,1.0,0,1.0,PRICE_BE,RESOLVED,DOUBLE_STOP,BUY,STOP,2,2025-08-06 13:30:00.001585691+00:00,STOP,STOP,2,10,23168.5,23170.0,-49.0,-49.0,-98.0,RESOLVED,SELL,False,,,ORIGINAL_STOP_BEFORE_ARM,23170.0,-49.0,-98.0,0.0,RAW_DOUBLE_STOP_NOT_RESCUED
2180,2025-08-06 09:30:00,2025-08-06T13:30:00+00:00,VALIDATED_SOURCE,NY,AUGUST,NQU5,2,16.0,1.0,0,1.0,COST_COVER_BE,RESOLVED,DOUBLE_STOP,BUY,STOP,2,2025-08-06 13:30:00.001585691+00:00,STOP,STOP,2,10,23168.5,23170.0,-49.0,-49.0,-98.0,RESOLVED,SELL,False,,,ORIGINAL_STOP_BEFORE_ARM,23170.0,-49.0,-98.0,0.0,RAW_DOUBLE_STOP_NOT_RESCUED
2180,2025-08-06 09:30:00,2025-08-06T13:30:00+00:00,VALIDATED_SOURCE,NY,AUGUST,NQU5,2,16.0,1.0,0,2.0,PRICE_BE,RESOLVED,DOUBLE_STOP,BUY,STOP,2,2025-08-06 13:30:00.001585691+00:00,STOP,STOP,2,10,23168.5,23170.0,-49.0,-49.0,-98.0,RESOLVED,SELL,False,,,ORIGINAL_STOP_BEFORE_ARM,23170.0,-49.0,-98.0,0.0,RAW_DOUBLE_STOP_NOT_RESCUED
2180,2025-08-06 09:30:00,2025-08-06T13:30:00+00:00,VALIDATED_SOURCE,NY,AUGUST,NQU5,2,16.0,1.0,0,2.0,COST_COVER_BE,RESOLVED,DOUBLE_STOP,BUY,STOP,2,2025-08-06 13:30:00.001585691+00:00,STOP,STOP,2,10,23168.5,23170.0,-49.0,-49.0,-98.0,RESOLVED,SELL,False,,,ORIGINAL_STOP_BEFORE_ARM,23170.0,-49.0,-98.0,0.0,RAW_DOUBLE_STOP_NOT_RESCUED
2180,2025-08-06 09:30:00,2025-08-06T13:30:00+00:00,VALIDATED_SOURCE,NY,AUGUST,NQU5,2,16.0,1.0,0,3.0,PRICE_BE,RESOLVED,DOUBLE_STOP,BUY,STOP,2,2025-08-06 13:30:00.001585691+00:00,STOP,STOP,2,10,23168.5,23170.0,-49.0,-49.0,-98.0,RESOLVED,SELL,False,,,ORIGINAL_STOP_BEFORE_ARM,23170.0,-49.0,-98.0,0.0,RAW_DOUBLE_STOP_NOT_RESCUED
2180,2025-08-06 09:30:00,2025-08-06T13:30:00+00:00,VALIDATED_SOURCE,NY,AUGUST,NQU5,2,16.0,1.0,0,3.0,COST_COVER_BE,RESOLVED,DOUBLE_STOP,BUY,STOP,2,2025-08-06 13:30:00.001585691+00:00,STOP,STOP,2,10,23168.5,23170.0,-49.0,-49.0,-98.0,RESOLVED,SELL,False,,,ORIGINAL_STOP_BEFORE_ARM,23170.0,-49.0,-98.0,0.0,RAW_DOUBLE_STOP_NOT_RESCUED
2180,2025-08-06 09:30:00,2025-08-06T13:30:00+00:00,VALIDATED_SOURCE,NY,AUGUST,NQU5,2,16.0,1.0,0,4.0,PRICE_BE,RESOLVED,DOUBLE_STOP,BUY,STOP,2,2025-08-06 13:30:00.001585691+00:00,STOP,STOP,2,10,23168.5,23170.0,-49.0,-49.0,-98.0,RESOLVED,SELL,False,,,ORIGINAL_STOP_BEFORE_ARM,23170.0,-49.0,-98.0,0.0,RAW_DOUBLE_STOP_NOT_RESCUED
2180,2025-08-06 09:30:00,2025-08-06T13:30:00+00:00,VALIDATED_SOURCE,NY,AUGUST,NQU5,2,16.0,1.0,0,4.0,COST_COVER_BE,RESOLVED,DOUBLE_STOP,BUY,STOP,2,2025-08-06 13:30:00.001585691+00:00,STOP,STOP,2,10,23168.5,23170.0,-49.0,-49.0,-98.0,RESOLVED,SELL,False,,,ORIGINAL_STOP_BEFORE_ARM,23170.0,-49.0,-98.0,0.0,RAW_DOUBLE_STOP_NOT_RESCUED
2180,2025-08-06 09:30:00,2025-08-06T13:30:00+00:00,VALIDATED_SOURCE,NY,AUGUST,NQU5,2,16.0,1.0,0,5.0,PRICE_BE,RESOLVED,DOUBLE_STOP,BUY,STOP,2,2025-08-06 13:30:00.001585691+00:00,STOP,STOP,2,10,23168.5,23170.0,-49.0,-49.0,-98.0,RESOLVED,SELL,False,,,ORIGINAL_STOP_BEFORE_ARM,23170.0,-49.0,-98.0,0.0,RAW_DOUBLE_STOP_NOT_RESCUED
2180,2025-08-06 09:30:00,2025-08-06T13:30:00+00:00,VALIDATED_SOURCE,NY,AUGUST,NQU5,2,16.0,1.0,0,5.0,COST_COVER_BE,RESOLVED,DOUBLE_STOP,BUY,STOP,2,2025-08-06 13:30:00.001585691+00:00,STOP,STOP,2,10,23168.5,23170.0,-49.0,-49.0,-98.0,RESOLVED,SELL,False,,,ORIGINAL_STOP_BEFORE_ARM,23170.0,-49.0,-98.0,0.0,RAW_DOUBLE_STOP_NOT_RESCUED
2180,2025-08-06 09:30:00,2025-08-06T13:30:00+00:00,VALIDATED_SOURCE,NY,AUGUST,NQU5,2,16.0,1.0,0,8.0,PRICE_BE,RESOLVED,DOUBLE_STOP,BUY,STOP,2,2025-08-06 13:30:00.001585691+00:00,STOP,STOP,2,10,23168.5,23170.0,-49.0,-49.0,-98.0,RESOLVED,SELL,False,,,ORIGINAL_STOP_BEFORE_ARM,23170.0,-49.0,-98.0,0.0,RAW_DOUBLE_STOP_NOT_RESCUED
2180,2025-08-06 09:30:00,2025-08-06T13:30:00+00:00,VALIDATED_SOURCE,NY,AUGUST,NQU5,2,16.0,1.0,0,8.0,COST_COVER_BE,RESOLVED,DOUBLE_STOP,BUY,STOP,2,2025-08-06 13:30:00.001585691+00:00,STOP,STOP,2,10,23168.5,23170.0,-49.0,-49.0,-98.0,RESOLVED,SELL,False,,,ORIGINAL_STOP_BEFORE_ARM,23170.0,-49.0,-98.0,0.0,RAW_DOUBLE_STOP_NOT_RESCUED
2180,2025-08-06 09:30:00,2025-08-06T13:30:00+00:00,VALIDATED_SOURCE,NY,AUGUST,NQU5,2,16.0,1.0,1,0.5,PRICE_BE,RESOLVED,DOUBLE_STOP,BUY,STOP,2,2025-08-06 13:30:00.001585691+00:00,STOP,STOP,2,10,23168.25,23170.25,-59.0,-59.0,-118.0,RESOLVED,SELL,False,,,ORIGINAL_STOP_BEFORE_ARM,23170.25,-59.0,-118.0,0.0,RAW_DOUBLE_STOP_NOT_RESCUED
2180,2025-08-06 09:30:00,2025-08-06T13:30:00+00:00,VALIDATED_SOURCE,NY,AUGUST,NQU5,2,16.0,1.0,1,0.5,COST_COVER_BE,RESOLVED,DOUBLE_STOP,BUY,STOP,2,2025-08-06 13:30:00.001585691+00:00,STOP,STOP,2,10,23168.25,23170.25,-59.0,-59.0,-118.0,RESOLVED,SELL,False,,,ORIGINAL_STOP_BEFORE_ARM,23170.25,-59.0,-118.0,0.0,RAW_DOUBLE_STOP_NOT_RESCUED
2180,2025-08-06 09:30:00,2025-08-06T13:30:00+00:00,VALIDATED_SOURCE,NY,AUGUST,NQU5,2,16.0,1.0,1,1.0,PRICE_BE,RESOLVED,DOUBLE_STOP,BUY,STOP,2,2025-08-06 13:30:00.001585691+00:00,STOP,STOP,2,10,23168.25,23170.25,-59.0,-59.0,-118.0,RESOLVED,SELL,False,,,ORIGINAL_STOP_BEFORE_ARM,23170.25,-59.0,-118.0,0.0,RAW_DOUBLE_STOP_NOT_RESCUED
2180,2025-08-06 09:30:00,2025-08-06T13:30:00+00:00,VALIDATED_SOURCE,NY,AUGUST,NQU5,2,16.0,1.0,1,1.0,COST_COVER_BE,RESOLVED,DOUBLE_STOP,BUY,STOP,2,2025-08-06 13:30:00.001585691+00:00,STOP,STOP,2,10,23168.25,23170.25,-59.0,-59.0,-118.0,RESOLVED,SELL,False,,,ORIGINAL_STOP_BEFORE_ARM,23170.25,-59.0,-118.0,0.0,RAW_DOUBLE_STOP_NOT_RESCUED
2180,2025-08-06 09:30:00,2025-08-06T13:30:00+00:00,VALIDATED_SOURCE,NY,AUGUST,NQU5,2,16.0,1.0,1,2.0,PRICE_BE,RESOLVED,DOUBLE_STOP,BUY,STOP,2,2025-08-06 13:30:00.001585691+00:00,STOP,STOP,2,10,23168.25,23170.25,-59.0,-59.0,-118.0,RESOLVED,SELL,False,,,ORIGINAL_STOP_BEFORE_ARM,23170.25,-59.0,-118.0,0.0,RAW_DOUBLE_STOP_NOT_RESCUED
2180,2025-08-06 09:30:00,2025-08-06T13:30:00+00:00,VALIDATED_SOURCE,NY,AUGUST,NQU5,2,16.0,1.0,1,2.0,COST_COVER_BE,RESOLVED,DOUBLE_STOP,BUY,STOP,2,2025-08-06 13:30:00.001585691+00:00,STOP,STOP,2,10,23168.25,23170.25,-59.0,-59.0,-118.0,RESOLVED,SELL,False,,,ORIGINAL_STOP_BEFORE_ARM,23170.25,-59.0,-118.0,0.0,RAW_DOUBLE_STOP_NOT_RESCUED
2180,2025-08-06 09:30:00,2025-08-06T13:30:00+00:00,VALIDATED_SOURCE,NY,AUGUST,NQU5,2,16.0,1.0,1,3.0,PRICE_BE,RESOLVED,DOUBLE_STOP,BUY,STOP,2,2025-08-06 13:30:00.001585691+00:00,STOP,STOP,2,10,23168.25,23170.25,-59.0,-59.0,-118.0,RESOLVED,SELL,False,,,ORIGINAL_STOP_BEFORE_ARM,23170.25,-59.0,-118.0,0.0,RAW_DOUBLE_STOP_NOT_RESCUED
2180,2025-08-06 09:30:00,2025-08-06T13:30:00+00:00,VALIDATED_SOURCE,NY,AUGUST,NQU5,2,16.0,1.0,1,3.0,COST_COVER_BE,RESOLVED,DOUBLE_STOP,BUY,STOP,2,2025-08-06 13:30:00.001585691+00:00,STOP,STOP,2,10,23168.25,23170.25,-59.0,-59.0,-118.0,RESOLVED,SELL,False,,,ORIGINAL_STOP_BEFORE_ARM,23170.25,-59.0,-118.0,0.0,RAW_DOUBLE_STOP_NOT_RESCUED
2180,2025-08-06 09:30:00,2025-08-06T13:30:00+00:00,VALIDATED_SOURCE,NY,AUGUST,NQU5,2,16.0,1.0,1,4.0,PRICE_BE,RESOLVED,DOUBLE_STOP,BUY,STOP,2,2025-08-06 13:30:00.001585691+00:00,STOP,STOP,2,10,23168.25,23170.25,-59.0,-59.0,-118.0,RESOLVED,SELL,False,,,ORIGINAL_STOP_BEFORE_ARM,23170.25,-59.0,-118.0,0.0,RAW_DOUBLE_STOP_NOT_RESCUED
2180,2025-08-06 09:30:00,2025-08-06T13:30:00+00:00,VALIDATED_SOURCE,NY,AUGUST,NQU5,2,16.0,1.0,1,4.0,COST_COVER_BE,RESOLVED,DOUBLE_STOP,BUY,STOP,2,2025-08-06 13:30:00.001585691+00:00,STOP,STOP,2,10,23168.25,23170.25,-59.0,-59.0,-118.0,RESOLVED,SELL,False,,,ORIGINAL_STOP_BEFORE_ARM,23170.25,-59.0,-118.0,0.0,RAW_DOUBLE_STOP_NOT_RESCUED
2180,2025-08-06 09:30:00,2025-08-06T13:30:00+00:00,VALIDATED_SOURCE,NY,AUGUST,NQU5,2,16.0,1.0,1,5.0,PRICE_BE,RESOLVED,DOUBLE_STOP,BUY,STOP,2,2025-08-06 13:30:00.001585691+00:00,STOP,STOP,2,10,23168.25,23170.25,-59.0,-59.0,-118.0,RESOLVED,SELL,False,,,ORIGINAL_STOP_BEFORE_ARM,23170.25,-59.0,-118.0,0.0,RAW_DOUBLE_STOP_NOT_RESCUED
2180,2025-08-06 09:30:00,2025-08-06T13:30:00+00:00,VALIDATED_SOURCE,NY,AUGUST,NQU5,2,16.0,1.0,1,5.0,COST_COVER_BE,RESOLVED,DOUBLE_STOP,BUY,STOP,2,2025-08-06 13:30:00.001585691+00:00,STOP,STOP,2,10,23168.25,23170.25,-59.0,-59.0,-118.0,RESOLVED,SELL,False,,,ORIGINAL_STOP_BEFORE_ARM,23170.25,-59.0,-118.0,0.0,RAW_DOUBLE_STOP_NOT_RESCUED
2180,2025-08-06 09:30:00,2025-08-06T13:30:00+00:00,VALIDATED_SOURCE,NY,AUGUST,NQU5,2,16.0,1.0,1,8.0,PRICE_BE,RESOLVED,DOUBLE_STOP,BUY,STOP,2,2025-08-06 13:30:00.001585691+00:00,STOP,STOP,2,10,23168.25,23170.25,-59.0,-59.0,-118.0,RESOLVED,SELL,False,,,ORIGINAL_STOP_BEFORE_ARM,23170.25,-59.0,-118.0,0.0,RAW_DOUBLE_STOP_NOT_RESCUED
2180,2025-08-06 09:30:00,2025-08-06T13:30:00+00:00,VALIDATED_SOURCE,NY,AUGUST,NQU5,2,16.0,1.0,1,8.0,COST_COVER_BE,RESOLVED,DOUBLE_STOP,BUY,STOP,2,2025-08-06 13:30:00.001585691+00:00,STOP,STOP,2,10,23168.25,23170.25,-59.0,-59.0,-118.0,RESOLVED,SELL,False,,,ORIGINAL_STOP_BEFORE_ARM,23170.25,-59.0,-118.0,0.0,RAW_DOUBLE_STOP_NOT_RESCUED
2180,2025-08-06 09:30:00,2025-08-06T13:30:00+00:00,VALIDATED_SOURCE,NY,AUGUST,NQU5,2,16.0,1.0,2,0.5,PRICE_BE,RESOLVED,DOUBLE_STOP,BUY,STOP,2,2025-08-06 13:30:00.001585691+00:00,STOP,STOP,2,10,23168.0,23170.5,-69.0,-69.0,-138.0,RESOLVED,SELL,False,,,ORIGINAL_STOP_BEFORE_ARM,23170.5,-69.0,-138.0,0.0,RAW_DOUBLE_STOP_NOT_RESCUED
2180,2025-08-06 09:30:00,2025-08-06T13:30:00+00:00,VALIDATED_SOURCE,NY,AUGUST,NQU5,2,16.0,1.0,2,0.5,COST_COVER_BE,RESOLVED,DOUBLE_STOP,BUY,STOP,2,2025-08-06 13:30:00.001585691+00:00,STOP,STOP,2,10,23168.0,23170.5,-69.0,-69.0,-138.0,RESOLVED,SELL,False,,,ORIGINAL_STOP_BEFORE_ARM,23170.5,-69.0,-138.0,0.0,RAW_DOUBLE_STOP_NOT_RESCUED
2180,2025-08-06 09:30:00,2025-08-06T13:30:00+00:00,VALIDATED_SOURCE,NY,AUGUST,NQU5,2,16.0,1.0,2,1.0,PRICE_BE,RESOLVED,DOUBLE_STOP,BUY,STOP,2,2025-08-06 13:30:00.001585691+00:00,STOP,STOP,2,10,23168.0,23170.5,-69.0,-69.0,-138.0,RESOLVED,SELL,False,,,ORIGINAL_STOP_BEFORE_ARM,23170.5,-69.0,-138.0,0.0,RAW_DOUBLE_STOP_NOT_RESCUED
2180,2025-08-06 09:30:00,2025-08-06T13:30:00+00:00,VALIDATED_SOURCE,NY,AUGUST,NQU5,2,16.0,1.0,2,1.0,COST_COVER_BE,RESOLVED,DOUBLE_STOP,BUY,STOP,2,2025-08-06 13:30:00.001585691+00:00,STOP,STOP,2,10,23168.0,23170.5,-69.0,-69.0,-138.0,RESOLVED,SELL,False,,,ORIGINAL_STOP_BEFORE_ARM,23170.5,-69.0,-138.0,0.0,RAW_DOUBLE_STOP_NOT_RESCUED
2180,2025-08-06 09:30:00,2025-08-06T13:30:00+00:00,VALIDATED_SOURCE,NY,AUGUST,NQU5,2,16.0,1.0,2,2.0,PRICE_BE,RESOLVED,DOUBLE_STOP,BUY,STOP,2,2025-08-06 13:30:00.001585691+00:00,STOP,STOP,2,10,23168.0,23170.5,-69.0,-69.0,-138.0,RESOLVED,SELL,False,,,ORIGINAL_STOP_BEFORE_ARM,23170.5,-69.0,-138.0,0.0,RAW_DOUBLE_STOP_NOT_RESCUED
2180,2025-08-06 09:30:00,2025-08-06T13:30:00+00:00,VALIDATED_SOURCE,NY,AUGUST,NQU5,2,16.0,1.0,2,2.0,COST_COVER_BE,RESOLVED,DOUBLE_STOP,BUY,STOP,2,2025-08-06 13:30:00.001585691+00:00,STOP,STOP,2,10,23168.0,23170.5,-69.0,-69.0,-138.0,RESOLVED,SELL,False,,,ORIGINAL_STOP_BEFORE_ARM,23170.5,-69.0,-138.0,0.0,RAW_DOUBLE_STOP_NOT_RESCUED
2180,2025-08-06 09:30:00,2025-08-06T13:30:00+00:00,VALIDATED_SOURCE,NY,AUGUST,NQU5,2,16.0,1.0,2,3.0,PRICE_BE,RESOLVED,DOUBLE_STOP,BUY,STOP,2,2025-08-06 13:30:00.001585691+00:00,STOP,STOP,2,10,23168.0,23170.5,-69.0,-69.0,-138.0,RESOLVED,SELL,False,,,ORIGINAL_STOP_BEFORE_ARM,23170.5,-69.0,-138.0,0.0,RAW_DOUBLE_STOP_NOT_RESCUED
2180,2025-08-06 09:30:00,2025-08-06T13:30:00+00:00,VALIDATED_SOURCE,NY,AUGUST,NQU5,2,16.0,1.0,2,3.0,COST_COVER_BE,RESOLVED,DOUBLE_STOP,BUY,STOP,2,2025-08-06 13:30:00.001585691+00:00,STOP,STOP,2,10,23168.0,23170.5,-69.0,-69.0,-138.0,RESOLVED,SELL,False,,,ORIGINAL_STOP_BEFORE_ARM,23170.5,-69.0,-138.0,0.0,RAW_DOUBLE_STOP_NOT_RESCUED
2180,2025-08-06 09:30:00,2025-08-06T13:30:00+00:00,VALIDATED_SOURCE,NY,AUGUST,NQU5,2,16.0,1.0,2,4.0,PRICE_BE,RESOLVED,DOUBLE_STOP,BUY,STOP,2,2025-08-06 13:30:00.001585691+00:00,STOP,STOP,2,10,23168.0,23170.5,-69.0,-69.0,-138.0,RESOLVED,SELL,False,,,ORIGINAL_STOP_BEFORE_ARM,23170.5,-69.0,-138.0,0.0,RAW_DOUBLE_STOP_NOT_RESCUED
2180,2025-08-06 09:30:00,2025-08-06T13:30:00+00:00,VALIDATED_SOURCE,NY,AUGUST,NQU5,2,16.0,1.0,2,4.0,COST_COVER_BE,RESOLVED,DOUBLE_STOP,BUY,STOP,2,2025-08-06 13:30:00.001585691+00:00,STOP,STOP,2,10,23168.0,23170.5,-69.0,-69.0,-138.0,RESOLVED,SELL,False,,,ORIGINAL_STOP_BEFORE_ARM,23170.5,-69.0,-138.0,0.0,RAW_DOUBLE_STOP_NOT_RESCUED
2180,2025-08-06 09:30:00,2025-08-06T13:30:00+00:00,VALIDATED_SOURCE,NY,AUGUST,NQU5,2,16.0,1.0,2,5.0,PRICE_BE,RESOLVED,DOUBLE_STOP,BUY,STOP,2,2025-08-06 13:30:00.001585691+00:00,STOP,STOP,2,10,23168.0,23170.5,-69.0,-69.0,-138.0,RESOLVED,SELL,False,,,ORIGINAL_STOP_BEFORE_ARM,23170.5,-69.0,-138.0,0.0,RAW_DOUBLE_STOP_NOT_RESCUED
2180,2025-08-06 09:30:00,2025-08-06T13:30:00+00:00,VALIDATED_SOURCE,NY,AUGUST,NQU5,2,16.0,1.0,2,5.0,COST_COVER_BE,RESOLVED,DOUBLE_STOP,BUY,STOP,2,2025-08-06 13:30:00.001585691+00:00,STOP,STOP,2,10,23168.0,23170.5,-69.0,-69.0,-138.0,RESOLVED,SELL,False,,,ORIGINAL_STOP_BEFORE_ARM,23170.5,-69.0,-138.0,0.0,RAW_DOUBLE_STOP_NOT_RESCUED
2180,2025-08-06 09:30:00,2025-08-06T13:30:00+00:00,VALIDATED_SOURCE,NY,AUGUST,NQU5,2,16.0,1.0,2,8.0,PRICE_BE,RESOLVED,DOUBLE_STOP,BUY,STOP,2,2025-08-06 13:30:00.001585691+00:00,STOP,STOP,2,10,23168.0,23170.5,-69.0,-69.0,-138.0,RESOLVED,SELL,False,,,ORIGINAL_STOP_BEFORE_ARM,23170.5,-69.0,-138.0,0.0,RAW_DOUBLE_STOP_NOT_RESCUED
2180,2025-08-06 09:30:00,2025-08-06T13:30:00+00:00,VALIDATED_SOURCE,NY,AUGUST,NQU5,2,16.0,1.0,2,8.0,COST_COVER_BE,RESOLVED,DOUBLE_STOP,BUY,STOP,2,2025-08-06 13:30:00.001585691+00:00,STOP,STOP,2,10,23168.0,23170.5,-69.0,-69.0,-138.0,RESOLVED,SELL,False,,,ORIGINAL_STOP_BEFORE_ARM,23170.5,-69.0,-138.0,0.0,RAW_DOUBLE_STOP_NOT_RESCUED
2180,2025-08-06 09:30:00,2025-08-06T13:30:00+00:00,VALIDATED_SOURCE,NY,AUGUST,NQU5,2,16.0,1.0,4,0.5,PRICE_BE,RESOLVED,DOUBLE_STOP,BUY,STOP,2,2025-08-06 13:30:00.001585691+00:00,STOP,STOP,2,10,23167.5,23171.0,-89.0,-89.0,-178.0,RESOLVED,SELL,False,,,ORIGINAL_STOP_BEFORE_ARM,23171.0,-89.0,-178.0,0.0,RAW_DOUBLE_STOP_NOT_RESCUED
2180,2025-08-06 09:30:00,2025-08-06T13:30:00+00:00,VALIDATED_SOURCE,NY,AUGUST,NQU5,2,16.0,1.0,4,0.5,COST_COVER_BE,RESOLVED,DOUBLE_STOP,BUY,STOP,2,2025-08-06 13:30:00.001585691+00:00,STOP,STOP,2,10,23167.5,23171.0,-89.0,-89.0,-178.0,RESOLVED,SELL,False,,,ORIGINAL_STOP_BEFORE_ARM,23171.0,-89.0,-178.0,0.0,RAW_DOUBLE_STOP_NOT_RESCUED
2180,2025-08-06 09:30:00,2025-08-06T13:30:00+00:00,VALIDATED_SOURCE,NY,AUGUST,NQU5,2,16.0,1.0,4,1.0,PRICE_BE,RESOLVED,DOUBLE_STOP,BUY,STOP,2,2025-08-06 13:30:00.001585691+00:00,STOP,STOP,2,10,23167.5,23171.0,-89.0,-89.0,-178.0,RESOLVED,SELL,False,,,ORIGINAL_STOP_BEFORE_ARM,23171.0,-89.0,-178.0,0.0,RAW_DOUBLE_STOP_NOT_RESCUED
2180,2025-08-06 09:30:00,2025-08-06T13:30:00+00:00,VALIDATED_SOURCE,NY,AUGUST,NQU5,2,16.0,1.0,4,1.0,COST_COVER_BE,RESOLVED,DOUBLE_STOP,BUY,STOP,2,2025-08-06 13:30:00.001585691+00:00,STOP,STOP,2,10,23167.5,23171.0,-89.0,-89.0,-178.0,RESOLVED,SELL,False,,,ORIGINAL_STOP_BEFORE_ARM,23171.0,-89.0,-178.0,0.0,RAW_DOUBLE_STOP_NOT_RESCUED
2180,2025-08-06 09:30:00,2025-08-06T13:30:00+00:00,VALIDATED_SOURCE,NY,AUGUST,NQU5,2,16.0,1.0,4,2.0,PRICE_BE,RESOLVED,DOUBLE_STOP,BUY,STOP,2,2025-08-06 13:30:00.001585691+00:00,STOP,STOP,2,10,23167.5,23171.0,-89.0,-89.0,-178.0,RESOLVED,SELL,False,,,ORIGINAL_STOP_BEFORE_ARM,23171.0,-89.0,-178.0,0.0,RAW_DOUBLE_STOP_NOT_RESCUED
2180,2025-08-06 09:30:00,2025-08-06T13:30:00+00:00,VALIDATED_SOURCE,NY,AUGUST,NQU5,2,16.0,1.0,4,2.0,COST_COVER_BE,RESOLVED,DOUBLE_STOP,BUY,STOP,2,2025-08-06 13:30:00.001585691+00:00,STOP,STOP,2,10,23167.5,23171.0,-89.0,-89.0,-178.0,RESOLVED,SELL,False,,,ORIGINAL_STOP_BEFORE_ARM,23171.0,-89.0,-178.0,0.0,RAW_DOUBLE_STOP_NOT_RESCUED
2180,2025-08-06 09:30:00,2025-08-06T13:30:00+00:00,VALIDATED_SOURCE,NY,AUGUST,NQU5,2,16.0,1.0,4,3.0,PRICE_BE,RESOLVED,DOUBLE_STOP,BUY,STOP,2,2025-08-06 13:30:00.001585691+00:00,STOP,STOP,2,10,23167.5,23171.0,-89.0,-89.0,-178.0,RESOLVED,SELL,False,,,ORIGINAL_STOP_BEFORE_ARM,23171.0,-89.0,-178.0,0.0,RAW_DOUBLE_STOP_NOT_RESCUED
2180,2025-08-06 09:30:00,2025-08-06T13:30:00+00:00,VALIDATED_SOURCE,NY,AUGUST,NQU5,2,16.0,1.0,4,3.0,COST_COVER_BE,RESOLVED,DOUBLE_STOP,BUY,STOP,2,2025-08-06 13:30:00.001585691+00:00,STOP,STOP,2,10,23167.5,23171.0,-89.0,-89.0,-178.0,RESOLVED,SELL,False,,,ORIGINAL_STOP_BEFORE_ARM,23171.0,-89.0,-178.0,0.0,RAW_DOUBLE_STOP_NOT_RESCUED
2180,2025-08-06 09:30:00,2025-08-06T13:30:00+00:00,VALIDATED_SOURCE,NY,AUGUST,NQU5,2,16.0,1.0,4,4.0,PRICE_BE,RESOLVED,DOUBLE_STOP,BUY,STOP,2,2025-08-06 13:30:00.001585691+00:00,STOP,STOP,2,10,23167.5,23171.0,-89.0,-89.0,-178.0,RESOLVED,SELL,False,,,ORIGINAL_STOP_BEFORE_ARM,23171.0,-89.0,-178.0,0.0,RAW_DOUBLE_STOP_NOT_RESCUED
2180,2025-08-06 09:30:00,2025-08-06T13:30:00+00:00,VALIDATED_SOURCE,NY,AUGUST,NQU5,2,16.0,1.0,4,4.0,COST_COVER_BE,RESOLVED,DOUBLE_STOP,BUY,STOP,2,2025-08-06 13:30:00.001585691+00:00,STOP,STOP,2,10,23167.5,23171.0,-89.0,-89.0,-178.0,RESOLVED,SELL,False,,,ORIGINAL_STOP_BEFORE_ARM,23171.0,-89.0,-178.0,0.0,RAW_DOUBLE_STOP_NOT_RESCUED
2180,2025-08-06 09:30:00,2025-08-06T13:30:00+00:00,VALIDATED_SOURCE,NY,AUGUST,NQU5,2,16.0,1.0,4,5.0,PRICE_BE,RESOLVED,DOUBLE_STOP,BUY,STOP,2,2025-08-06 13:30:00.001585691+00:00,STOP,STOP,2,10,23167.5,23171.0,-89.0,-89.0,-178.0,RESOLVED,SELL,False,,,ORIGINAL_STOP_BEFORE_ARM,23171.0,-89.0,-178.0,0.0,RAW_DOUBLE_STOP_NOT_RESCUED
2180,2025-08-06 09:30:00,2025-08-06T13:30:00+00:00,VALIDATED_SOURCE,NY,AUGUST,NQU5,2,16.0,1.0,4,5.0,COST_COVER_BE,RESOLVED,DOUBLE_STOP,BUY,STOP,2,2025-08-06 13:30:00.001585691+00:00,STOP,STOP,2,10,23167.5,23171.0,-89.0,-89.0,-178.0,RESOLVED,SELL,False,,,ORIGINAL_STOP_BEFORE_ARM,23171.0,-89.0,-178.0,0.0,RAW_DOUBLE_STOP_NOT_RESCUED
2180,2025-08-06 09:30:00,2025-08-06T13:30:00+00:00,VALIDATED_SOURCE,NY,AUGUST,NQU5,2,16.0,1.0,4,8.0,PRICE_BE,RESOLVED,DOUBLE_STOP,BUY,STOP,2,2025-08-06 13:30:00.001585691+00:00,STOP,STOP,2,10,23167.5,23171.0,-89.0,-89.0,-178.0,RESOLVED,SELL,False,,,ORIGINAL_STOP_BEFORE_ARM,23171.0,-89.0,-178.0,0.0,RAW_DOUBLE_STOP_NOT_RESCUED
2180,2025-08-06 09:30:00,2025-08-06T13:30:00+00:00,VALIDATED_SOURCE,NY,AUGUST,NQU5,2,16.0,1.0,4,8.0,COST_COVER_BE,RESOLVED,DOUBLE_STOP,BUY,STOP,2,2025-08-06 13:30:00.001585691+00:00,STOP,STOP,2,10,23167.5,23171.0,-89.0,-89.0,-178.0,RESOLVED,SELL,False,,,ORIGINAL_STOP_BEFORE_ARM,23171.0,-89.0,-178.0,0.0,RAW_DOUBLE_STOP_NOT_RESCUED
2181,2025-08-07 09:30:00,2025-08-07T13:30:00+00:00,VALIDATED_SOURCE,NY,AUGUST,NQU5,2,16.0,1.0,0,0.5,PRICE_BE,RESOLVED,DOUBLE_STOP,SELL,STOP,20,2025-08-07 13:30:00.015403787+00:00,STOP,STOP,135,20,23600.0,23601.75,-59.0,-49.0,-108.0,RESOLVED,BUY,True,22.0,2025-08-07 13:30:00.016929851+00:00,PRICE_BE,23601.25,-9.0,-58.0,50.0,RAW_DOUBLE_STOP_RESCUED
2181,2025-08-07 09:30:00,2025-08-07T13:30:00+00:00,VALIDATED_SOURCE,NY,AUGUST,NQU5,2,16.0,1.0,0,0.5,COST_COVER_BE,RESOLVED,DOUBLE_STOP,SELL,STOP,20,2025-08-07 13:30:00.015403787+00:00,STOP,STOP,135,20,23600.0,23601.75,-59.0,-49.0,-108.0,RESOLVED,BUY,True,22.0,2025-08-07 13:30:00.016929851+00:00,COST_COVER_BE,23601.5,1.0,-48.0,60.0,RAW_DOUBLE_STOP_RESCUED
2181,2025-08-07 09:30:00,2025-08-07T13:30:00+00:00,VALIDATED_SOURCE,NY,AUGUST,NQU5,2,16.0,1.0,0,1.0,PRICE_BE,RESOLVED,DOUBLE_STOP,SELL,STOP,20,2025-08-07 13:30:00.015403787+00:00,STOP,STOP,135,20,23600.0,23601.75,-59.0,-49.0,-108.0,RESOLVED,BUY,True,25.0,2025-08-07 13:30:00.017354419+00:00,PRICE_BE,23601.25,-9.0,-58.0,50.0,RAW_DOUBLE_STOP_RESCUED
2181,2025-08-07 09:30:00,2025-08-07T13:30:00+00:00,VALIDATED_SOURCE,NY,AUGUST,NQU5,2,16.0,1.0,0,1.0,COST_COVER_BE,RESOLVED,DOUBLE_STOP,SELL,STOP,20,2025-08-07 13:30:00.015403787+00:00,STOP,STOP,135,20,23600.0,23601.75,-59.0,-49.0,-108.0,RESOLVED,BUY,True,25.0,2025-08-07 13:30:00.017354419+00:00,COST_COVER_BE,23601.5,1.0,-48.0,60.0,RAW_DOUBLE_STOP_RESCUED
2181,2025-08-07 09:30:00,2025-08-07T13:30:00+00:00,VALIDATED_SOURCE,NY,AUGUST,NQU5,2,16.0,1.0,0,2.0,PRICE_BE,RESOLVED,DOUBLE_STOP,SELL,STOP,20,2025-08-07 13:30:00.015403787+00:00,STOP,STOP,135,20,23600.0,23601.75,-59.0,-49.0,-108.0,RESOLVED,BUY,True,46.0,2025-08-07 13:30:00.036421919+00:00,PRICE_BE,23601.25,-9.0,-58.0,50.0,RAW_DOUBLE_STOP_RESCUED
2181,2025-08-07 09:30:00,2025-08-07T13:30:00+00:00,VALIDATED_SOURCE,NY,AUGUST,NQU5,2,16.0,1.0,0,2.0,COST_COVER_BE,RESOLVED,DOUBLE_STOP,SELL,STOP,20,2025-08-07 13:30:00.015403787+00:00,STOP,STOP,135,20,23600.0,23601.75,-59.0,-49.0,-108.0,RESOLVED,BUY,True,46.0,2025-08-07 13:30:00.036421919+00:00,COST_COVER_BE,23601.75,11.0,-38.0,70.0,RAW_DOUBLE_STOP_RESCUED
2181,2025-08-07 09:30:00,2025-08-07T13:30:00+00:00,VALIDATED_SOURCE,NY,AUGUST,NQU5,2,16.0,1.0,0,3.0,PRICE_BE,RESOLVED,DOUBLE_STOP,SELL,STOP,20,2025-08-07 13:30:00.015403787+00:00,STOP,STOP,135,20,23600.0,23601.75,-59.0,-49.0,-108.0,RESOLVED,BUY,True,50.0,2025-08-07 13:30:00.036421919+00:00,PRICE_BE,23601.25,-9.0,-58.0,50.0,RAW_DOUBLE_STOP_RESCUED
2181,2025-08-07 09:30:00,2025-08-07T13:30:00+00:00,VALIDATED_SOURCE,NY,AUGUST,NQU5,2,16.0,1.0,0,3.0,COST_COVER_BE,RESOLVED,DOUBLE_STOP,SELL,STOP,20,2025-08-07 13:30:00.015403787+00:00,STOP,STOP,135,20,23600.0,23601.75,-59.0,-49.0,-108.0,RESOLVED,BUY,True,50.0,2025-08-07 13:30:00.036421919+00:00,COST_COVER_BE,23601.75,11.0,-38.0,70.0,RAW_DOUBLE_STOP_RESCUED
2181,2025-08-07 09:30:00,2025-08-07T13:30:00+00:00,VALIDATED_SOURCE,NY,AUGUST,NQU5,2,16.0,1.0,0,4.0,PRICE_BE,RESOLVED,DOUBLE_STOP,SELL,STOP,20,2025-08-07 13:30:00.015403787+00:00,STOP,STOP,135,20,23600.0,23601.75,-59.0,-49.0,-108.0,RESOLVED,BUY,False,,,ORIGINAL_STOP_BEFORE_ARM,23600.0,-59.0,-108.0,0.0,RAW_DOUBLE_STOP_NOT_RESCUED
2181,2025-08-07 09:30:00,2025-08-07T13:30:00+00:00,VALIDATED_SOURCE,NY,AUGUST,NQU5,2,16.0,1.0,0,4.0,COST_COVER_BE,RESOLVED,DOUBLE_STOP,SELL,STOP,20,2025-08-07 13:30:00.015403787+00:00,STOP,STOP,135,20,23600.0,23601.75,-59.0,-49.0,-108.0,RESOLVED,BUY,False,,,ORIGINAL_STOP_BEFORE_ARM,23600.0,-59.0,-108.0,0.0,RAW_DOUBLE_STOP_NOT_RESCUED
2181,2025-08-07 09:30:00,2025-08-07T13:30:00+00:00,VALIDATED_SOURCE,NY,AUGUST,NQU5,2,16.0,1.0,0,5.0,PRICE_BE,RESOLVED,DOUBLE_STOP,SELL,STOP,20,2025-08-07 13:30:00.015403787+00:00,STOP,STOP,135,20,23600.0,23601.75,-59.0,-49.0,-108.0,RESOLVED,BUY,False,,,ORIGINAL_STOP_BEFORE_ARM,23600.0,-59.0,-108.0,0.0,RAW_DOUBLE_STOP_NOT_RESCUED
2181,2025-08-07 09:30:00,2025-08-07T13:30:00+00:00,VALIDATED_SOURCE,NY,AUGUST,NQU5,2,16.0,1.0,0,5.0,COST_COVER_BE,RESOLVED,DOUBLE_STOP,SELL,STOP,20,2025-08-07 13:30:00.015403787+00:00,STOP,STOP,135,20,23600.0,23601.75,-59.0,-49.0,-108.0,RESOLVED,BUY,False,,,ORIGINAL_STOP_BEFORE_ARM,23600.0,-59.0,-108.0,0.0,RAW_DOUBLE_STOP_NOT_RESCUED
2181,2025-08-07 09:30:00,2025-08-07T13:30:00+00:00,VALIDATED_SOURCE,NY,AUGUST,NQU5,2,16.0,1.0,0,8.0,PRICE_BE,RESOLVED,DOUBLE_STOP,SELL,STOP,20,2025-08-07 13:30:00.015403787+00:00,STOP,STOP,135,20,23600.0,23601.75,-59.0,-49.0,-108.0,RESOLVED,BUY,False,,,ORIGINAL_STOP_BEFORE_ARM,23600.0,-59.0,-108.0,0.0,RAW_DOUBLE_STOP_NOT_RESCUED
2181,2025-08-07 09:30:00,2025-08-07T13:30:00+00:00,VALIDATED_SOURCE,NY,AUGUST,NQU5,2,16.0,1.0,0,8.0,COST_COVER_BE,RESOLVED,DOUBLE_STOP,SELL,STOP,20,2025-08-07 13:30:00.015403787+00:00,STOP,STOP,135,20,23600.0,23601.75,-59.0,-49.0,-108.0,RESOLVED,BUY,False,,,ORIGINAL_STOP_BEFORE_ARM,23600.0,-59.0,-108.0,0.0,RAW_DOUBLE_STOP_NOT_RESCUED
2181,2025-08-07 09:30:00,2025-08-07T13:30:00+00:00,VALIDATED_SOURCE,NY,AUGUST,NQU5,2,16.0,1.0,1,0.5,PRICE_BE,RESOLVED,DOUBLE_STOP,SELL,STOP,20,2025-08-07 13:30:00.015403787+00:00,STOP,STOP,135,20,23599.75,23602.0,-69.0,-59.0,-128.0,RESOLVED,BUY,True,22.0,2025-08-07 13:30:00.016929851+00:00,PRICE_BE,23601.0,-19.0,-78.0,50.0,RAW_DOUBLE_STOP_RESCUED
2181,2025-08-07 09:30:00,2025-08-07T13:30:00+00:00,VALIDATED_SOURCE,NY,AUGUST,NQU5,2,16.0,1.0,1,0.5,COST_COVER_BE,RESOLVED,DOUBLE_STOP,SELL,STOP,20,2025-08-07 13:30:00.015403787+00:00,STOP,STOP,135,20,23599.75,23602.0,-69.0,-59.0,-128.0,RESOLVED,BUY,True,22.0,2025-08-07 13:30:00.016929851+00:00,COST_COVER_BE,23601.25,-9.0,-68.0,60.0,RAW_DOUBLE_STOP_RESCUED
2181,2025-08-07 09:30:00,2025-08-07T13:30:00+00:00,VALIDATED_SOURCE,NY,AUGUST,NQU5,2,16.0,1.0,1,1.0,PRICE_BE,RESOLVED,DOUBLE_STOP,SELL,STOP,20,2025-08-07 13:30:00.015403787+00:00,STOP,STOP,135,20,23599.75,23602.0,-69.0,-59.0,-128.0,RESOLVED,BUY,True,25.0,2025-08-07 13:30:00.017354419+00:00,PRICE_BE,23601.0,-19.0,-78.0,50.0,RAW_DOUBLE_STOP_RESCUED
2181,2025-08-07 09:30:00,2025-08-07T13:30:00+00:00,VALIDATED_SOURCE,NY,AUGUST,NQU5,2,16.0,1.0,1,1.0,COST_COVER_BE,RESOLVED,DOUBLE_STOP,SELL,STOP,20,2025-08-07 13:30:00.015403787+00:00,STOP,STOP,135,20,23599.75,23602.0,-69.0,-59.0,-128.0,RESOLVED,BUY,True,25.0,2025-08-07 13:30:00.017354419+00:00,COST_COVER_BE,23601.25,-9.0,-68.0,60.0,RAW_DOUBLE_STOP_RESCUED
2181,2025-08-07 09:30:00,2025-08-07T13:30:00+00:00,VALIDATED_SOURCE,NY,AUGUST,NQU5,2,16.0,1.0,1,2.0,PRICE_BE,RESOLVED,DOUBLE_STOP,SELL,STOP,20,2025-08-07 13:30:00.015403787+00:00,STOP,STOP,135,20,23599.75,23602.0,-69.0,-59.0,-128.0,RESOLVED,BUY,True,46.0,2025-08-07 13:30:00.036421919+00:00,PRICE_BE,23601.0,-19.0,-78.0,50.0,RAW_DOUBLE_STOP_RESCUED
2181,2025-08-07 09:30:00,2025-08-07T13:30:00+00:00,VALIDATED_SOURCE,NY,AUGUST,NQU5,2,16.0,1.0,1,2.0,COST_COVER_BE,RESOLVED,DOUBLE_STOP,SELL,STOP,20,2025-08-07 13:30:00.015403787+00:00,STOP,STOP,135,20,23599.75,23602.0,-69.0,-59.0,-128.0,RESOLVED,BUY,True,46.0,2025-08-07 13:30:00.036421919+00:00,COST_COVER_BE,23601.5,1.0,-58.0,70.0,RAW_DOUBLE_STOP_RESCUED
2181,2025-08-07 09:30:00,2025-08-07T13:30:00+00:00,VALIDATED_SOURCE,NY,AUGUST,NQU5,2,16.0,1.0,1,3.0,PRICE_BE,RESOLVED,DOUBLE_STOP,SELL,STOP,20,2025-08-07 13:30:00.015403787+00:00,STOP,STOP,135,20,23599.75,23602.0,-69.0,-59.0,-128.0,RESOLVED,BUY,True,50.0,2025-08-07 13:30:00.036421919+00:00,PRICE_BE,23601.0,-19.0,-78.0,50.0,RAW_DOUBLE_STOP_RESCUED
2181,2025-08-07 09:30:00,2025-08-07T13:30:00+00:00,VALIDATED_SOURCE,NY,AUGUST,NQU5,2,16.0,1.0,1,3.0,COST_COVER_BE,RESOLVED,DOUBLE_STOP,SELL,STOP,20,2025-08-07 13:30:00.015403787+00:00,STOP,STOP,135,20,23599.75,23602.0,-69.0,-59.0,-128.0,RESOLVED,BUY,True,50.0,2025-08-07 13:30:00.036421919+00:00,COST_COVER_BE,23601.5,1.0,-58.0,70.0,RAW_DOUBLE_STOP_RESCUED
2181,2025-08-07 09:30:00,2025-08-07T13:30:00+00:00,VALIDATED_SOURCE,NY,AUGUST,NQU5,2,16.0,1.0,1,4.0,PRICE_BE,RESOLVED,DOUBLE_STOP,SELL,STOP,20,2025-08-07 13:30:00.015403787+00:00,STOP,STOP,135,20,23599.75,23602.0,-69.0,-59.0,-128.0,RESOLVED,BUY,False,,,ORIGINAL_STOP_BEFORE_ARM,23599.75,-69.0,-128.0,0.0,RAW_DOUBLE_STOP_NOT_RESCUED
2181,2025-08-07 09:30:00,2025-08-07T13:30:00+00:00,VALIDATED_SOURCE,NY,AUGUST,NQU5,2,16.0,1.0,1,4.0,COST_COVER_BE,RESOLVED,DOUBLE_STOP,SELL,STOP,20,2025-08-07 13:30:00.015403787+00:00,STOP,STOP,135,20,23599.75,23602.0,-69.0,-59.0,-128.0,RESOLVED,BUY,False,,,ORIGINAL_STOP_BEFORE_ARM,23599.75,-69.0,-128.0,0.0,RAW_DOUBLE_STOP_NOT_RESCUED
2181,2025-08-07 09:30:00,2025-08-07T13:30:00+00:00,VALIDATED_SOURCE,NY,AUGUST,NQU5,2,16.0,1.0,1,5.0,PRICE_BE,RESOLVED,DOUBLE_STOP,SELL,STOP,20,2025-08-07 13:30:00.015403787+00:00,STOP,STOP,135,20,23599.75,23602.0,-69.0,-59.0,-128.0,RESOLVED,BUY,False,,,ORIGINAL_STOP_BEFORE_ARM,23599.75,-69.0,-128.0,0.0,RAW_DOUBLE_STOP_NOT_RESCUED
2181,2025-08-07 09:30:00,2025-08-07T13:30:00+00:00,VALIDATED_SOURCE,NY,AUGUST,NQU5,2,16.0,1.0,1,5.0,COST_COVER_BE,RESOLVED,DOUBLE_STOP,SELL,STOP,20,2025-08-07 13:30:00.015403787+00:00,STOP,STOP,135,20,23599.75,23602.0,-69.0,-59.0,-128.0,RESOLVED,BUY,False,,,ORIGINAL_STOP_BEFORE_ARM,23599.75,-69.0,-128.0,0.0,RAW_DOUBLE_STOP_NOT_RESCUED
2181,2025-08-07 09:30:00,2025-08-07T13:30:00+00:00,VALIDATED_SOURCE,NY,AUGUST,NQU5,2,16.0,1.0,1,8.0,PRICE_BE,RESOLVED,DOUBLE_STOP,SELL,STOP,20,2025-08-07 13:30:00.015403787+00:00,STOP,STOP,135,20,23599.75,23602.0,-69.0,-59.0,-128.0,RESOLVED,BUY,False,,,ORIGINAL_STOP_BEFORE_ARM,23599.75,-69.0,-128.0,0.0,RAW_DOUBLE_STOP_NOT_RESCUED
2181,2025-08-07 09:30:00,2025-08-07T13:30:00+00:00,VALIDATED_SOURCE,NY,AUGUST,NQU5,2,16.0,1.0,1,8.0,COST_COVER_BE,RESOLVED,DOUBLE_STOP,SELL,STOP,20,2025-08-07 13:30:00.015403787+00:00,STOP,STOP,135,20,23599.75,23602.0,-69.0,-59.0,-128.0,RESOLVED,BUY,False,,,ORIGINAL_STOP_BEFORE_ARM,23599.75,-69.0,-128.0,0.0,RAW_DOUBLE_STOP_NOT_RESCUED
2181,2025-08-07 09:30:00,2025-08-07T13:30:00+00:00,VALIDATED_SOURCE,NY,AUGUST,NQU5,2,16.0,1.0,2,0.5,PRICE_BE,RESOLVED,DOUBLE_STOP,SELL,STOP,20,2025-08-07 13:30:00.015403787+00:00,STOP,STOP,135,20,23599.5,23602.25,-79.0,-69.0,-148.0,RESOLVED,BUY,True,22.0,2025-08-07 13:30:00.016929851+00:00,PRICE_BE,23600.75,-29.0,-98.0,50.0,RAW_DOUBLE_STOP_RESCUED
2181,2025-08-07 09:30:00,2025-08-07T13:30:00+00:00,VALIDATED_SOURCE,NY,AUGUST,NQU5,2,16.0,1.0,2,0.5,COST_COVER_BE,RESOLVED,DOUBLE_STOP,SELL,STOP,20,2025-08-07 13:30:00.015403787+00:00,STOP,STOP,135,20,23599.5,23602.25,-79.0,-69.0,-148.0,RESOLVED,BUY,True,22.0,2025-08-07 13:30:00.016929851+00:00,COST_COVER_BE,23601.0,-19.0,-88.0,60.0,RAW_DOUBLE_STOP_RESCUED
2181,2025-08-07 09:30:00,2025-08-07T13:30:00+00:00,VALIDATED_SOURCE,NY,AUGUST,NQU5,2,16.0,1.0,2,1.0,PRICE_BE,RESOLVED,DOUBLE_STOP,SELL,STOP,20,2025-08-07 13:30:00.015403787+00:00,STOP,STOP,135,20,23599.5,23602.25,-79.0,-69.0,-148.0,RESOLVED,BUY,True,25.0,2025-08-07 13:30:00.017354419+00:00,PRICE_BE,23600.75,-29.0,-98.0,50.0,RAW_DOUBLE_STOP_RESCUED
2181,2025-08-07 09:30:00,2025-08-07T13:30:00+00:00,VALIDATED_SOURCE,NY,AUGUST,NQU5,2,16.0,1.0,2,1.0,COST_COVER_BE,RESOLVED,DOUBLE_STOP,SELL,STOP,20,2025-08-07 13:30:00.015403787+00:00,STOP,STOP,135,20,23599.5,23602.25,-79.0,-69.0,-148.0,RESOLVED,BUY,True,25.0,2025-08-07 13:30:00.017354419+00:00,COST_COVER_BE,23601.0,-19.0,-88.0,60.0,RAW_DOUBLE_STOP_RESCUED
2181,2025-08-07 09:30:00,2025-08-07T13:30:00+00:00,VALIDATED_SOURCE,NY,AUGUST,NQU5,2,16.0,1.0,2,2.0,PRICE_BE,RESOLVED,DOUBLE_STOP,SELL,STOP,20,2025-08-07 13:30:00.015403787+00:00,STOP,STOP,135,20,23599.5,23602.25,-79.0,-69.0,-148.0,RESOLVED,BUY,True,46.0,2025-08-07 13:30:00.036421919+00:00,PRICE_BE,23600.75,-29.0,-98.0,50.0,RAW_DOUBLE_STOP_RESCUED
2181,2025-08-07 09:30:00,2025-08-07T13:30:00+00:00,VALIDATED_SOURCE,NY,AUGUST,NQU5,2,16.0,1.0,2,2.0,COST_COVER_BE,RESOLVED,DOUBLE_STOP,SELL,STOP,20,2025-08-07 13:30:00.015403787+00:00,STOP,STOP,135,20,23599.5,23602.25,-79.0,-69.0,-148.0,RESOLVED,BUY,True,46.0,2025-08-07 13:30:00.036421919+00:00,COST_COVER_BE,23601.25,-9.0,-78.0,70.0,RAW_DOUBLE_STOP_RESCUED
2181,2025-08-07 09:30:00,2025-08-07T13:30:00+00:00,VALIDATED_SOURCE,NY,AUGUST,NQU5,2,16.0,1.0,2,3.0,PRICE_BE,RESOLVED,DOUBLE_STOP,SELL,STOP,20,2025-08-07 13:30:00.015403787+00:00,STOP,STOP,135,20,23599.5,23602.25,-79.0,-69.0,-148.0,RESOLVED,BUY,True,50.0,2025-08-07 13:30:00.036421919+00:00,PRICE_BE,23600.75,-29.0,-98.0,50.0,RAW_DOUBLE_STOP_RESCUED
2181,2025-08-07 09:30:00,2025-08-07T13:30:00+00:00,VALIDATED_SOURCE,NY,AUGUST,NQU5,2,16.0,1.0,2,3.0,COST_COVER_BE,RESOLVED,DOUBLE_STOP,SELL,STOP,20,2025-08-07 13:30:00.015403787+00:00,STOP,STOP,135,20,23599.5,23602.25,-79.0,-69.0,-148.0,RESOLVED,BUY,True,50.0,2025-08-07 13:30:00.036421919+00:00,COST_COVER_BE,23601.25,-9.0,-78.0,70.0,RAW_DOUBLE_STOP_RESCUED
2181,2025-08-07 09:30:00,2025-08-07T13:30:00+00:00,VALIDATED_SOURCE,NY,AUGUST,NQU5,2,16.0,1.0,2,4.0,PRICE_BE,RESOLVED,DOUBLE_STOP,SELL,STOP,20,2025-08-07 13:30:00.015403787+00:00,STOP,STOP,135,20,23599.5,23602.25,-79.0,-69.0,-148.0,RESOLVED,BUY,False,,,ORIGINAL_STOP_BEFORE_ARM,23599.5,-79.0,-148.0,0.0,RAW_DOUBLE_STOP_NOT_RESCUED
2181,2025-08-07 09:30:00,2025-08-07T13:30:00+00:00,VALIDATED_SOURCE,NY,AUGUST,NQU5,2,16.0,1.0,2,4.0,COST_COVER_BE,RESOLVED,DOUBLE_STOP,SELL,STOP,20,2025-08-07 13:30:00.015403787+00:00,STOP,STOP,135,20,23599.5,23602.25,-79.0,-69.0,-148.0,RESOLVED,BUY,False,,,ORIGINAL_STOP_BEFORE_ARM,23599.5,-79.0,-148.0,0.0,RAW_DOUBLE_STOP_NOT_RESCUED
2181,2025-08-07 09:30:00,2025-08-07T13:30:00+00:00,VALIDATED_SOURCE,NY,AUGUST,NQU5,2,16.0,1.0,2,5.0,PRICE_BE,RESOLVED,DOUBLE_STOP,SELL,STOP,20,2025-08-07 13:30:00.015403787+00:00,STOP,STOP,135,20,23599.5,23602.25,-79.0,-69.0,-148.0,RESOLVED,BUY,False,,,ORIGINAL_STOP_BEFORE_ARM,23599.5,-79.0,-148.0,0.0,RAW_DOUBLE_STOP_NOT_RESCUED
2181,2025-08-07 09:30:00,2025-08-07T13:30:00+00:00,VALIDATED_SOURCE,NY,AUGUST,NQU5,2,16.0,1.0,2,5.0,COST_COVER_BE,RESOLVED,DOUBLE_STOP,SELL,STOP,20,2025-08-07 13:30:00.015403787+00:00,STOP,STOP,135,20,23599.5,23602.25,-79.0,-69.0,-148.0,RESOLVED,BUY,False,,,ORIGINAL_STOP_BEFORE_ARM,23599.5,-79.0,-148.0,0.0,RAW_DOUBLE_STOP_NOT_RESCUED
2181,2025-08-07 09:30:00,2025-08-07T13:30:00+00:00,VALIDATED_SOURCE,NY,AUGUST,NQU5,2,16.0,1.0,2,8.0,PRICE_BE,RESOLVED,DOUBLE_STOP,SELL,STOP,20,2025-08-07 13:30:00.015403787+00:00,STOP,STOP,135,20,23599.5,23602.25,-79.0,-69.0,-148.0,RESOLVED,BUY,False,,,ORIGINAL_STOP_BEFORE_ARM,23599.5,-79.0,-148.0,0.0,RAW_DOUBLE_STOP_NOT_RESCUED
2181,2025-08-07 09:30:00,2025-08-07T13:30:00+00:00,VALIDATED_SOURCE,NY,AUGUST,NQU5,2,16.0,1.0,2,8.0,COST_COVER_BE,RESOLVED,DOUBLE_STOP,SELL,STOP,20,2025-08-07 13:30:00.015403787+00:00,STOP,STOP,135,20,23599.5,23602.25,-79.0,-69.0,-148.0,RESOLVED,BUY,False,,,ORIGINAL_STOP_BEFORE_ARM,23599.5,-79.0,-148.0,0.0,RAW_DOUBLE_STOP_NOT_RESCUED
2181,2025-08-07 09:30:00,2025-08-07T13:30:00+00:00,VALIDATED_SOURCE,NY,AUGUST,NQU5,2,16.0,1.0,4,0.5,PRICE_BE,RESOLVED,DOUBLE_STOP,SELL,STOP,20,2025-08-07 13:30:00.015403787+00:00,STOP,STOP,135,20,23599.0,23602.75,-99.0,-89.0,-188.0,RESOLVED,BUY,True,22.0,2025-08-07 13:30:00.016929851+00:00,PRICE_BE,23600.25,-49.0,-138.0,50.0,RAW_DOUBLE_STOP_RESCUED
2181,2025-08-07 09:30:00,2025-08-07T13:30:00+00:00,VALIDATED_SOURCE,NY,AUGUST,NQU5,2,16.0,1.0,4,0.5,COST_COVER_BE,RESOLVED,DOUBLE_STOP,SELL,STOP,20,2025-08-07 13:30:00.015403787+00:00,STOP,STOP,135,20,23599.0,23602.75,-99.0,-89.0,-188.0,RESOLVED,BUY,True,22.0,2025-08-07 13:30:00.016929851+00:00,COST_COVER_BE,23600.5,-39.0,-128.0,60.0,RAW_DOUBLE_STOP_RESCUED
2181,2025-08-07 09:30:00,2025-08-07T13:30:00+00:00,VALIDATED_SOURCE,NY,AUGUST,NQU5,2,16.0,1.0,4,1.0,PRICE_BE,RESOLVED,DOUBLE_STOP,SELL,STOP,20,2025-08-07 13:30:00.015403787+00:00,STOP,STOP,135,20,23599.0,23602.75,-99.0,-89.0,-188.0,RESOLVED,BUY,True,25.0,2025-08-07 13:30:00.017354419+00:00,PRICE_BE,23600.25,-49.0,-138.0,50.0,RAW_DOUBLE_STOP_RESCUED
2181,2025-08-07 09:30:00,2025-08-07T13:30:00+00:00,VALIDATED_SOURCE,NY,AUGUST,NQU5,2,16.0,1.0,4,1.0,COST_COVER_BE,RESOLVED,DOUBLE_STOP,SELL,STOP,20,2025-08-07 13:30:00.015403787+00:00,STOP,STOP,135,20,23599.0,23602.75,-99.0,-89.0,-188.0,RESOLVED,BUY,True,25.0,2025-08-07 13:30:00.017354419+00:00,COST_COVER_BE,23600.5,-39.0,-128.0,60.0,RAW_DOUBLE_STOP_RESCUED
2181,2025-08-07 09:30:00,2025-08-07T13:30:00+00:00,VALIDATED_SOURCE,NY,AUGUST,NQU5,2,16.0,1.0,4,2.0,PRICE_BE,RESOLVED,DOUBLE_STOP,SELL,STOP,20,2025-08-07 13:30:00.015403787+00:00,STOP,STOP,135,20,23599.0,23602.75,-99.0,-89.0,-188.0,RESOLVED,BUY,True,46.0,2025-08-07 13:30:00.036421919+00:00,PRICE_BE,23600.25,-49.0,-138.0,50.0,RAW_DOUBLE_STOP_RESCUED
2181,2025-08-07 09:30:00,2025-08-07T13:30:00+00:00,VALIDATED_SOURCE,NY,AUGUST,NQU5,2,16.0,1.0,4,2.0,COST_COVER_BE,RESOLVED,DOUBLE_STOP,SELL,STOP,20,2025-08-07 13:30:00.015403787+00:00,STOP,STOP,135,20,23599.0,23602.75,-99.0,-89.0,-188.0,RESOLVED,BUY,True,46.0,2025-08-07 13:30:00.036421919+00:00,COST_COVER_BE,23600.75,-29.0,-118.0,70.0,RAW_DOUBLE_STOP_RESCUED
2181,2025-08-07 09:30:00,2025-08-07T13:30:00+00:00,VALIDATED_SOURCE,NY,AUGUST,NQU5,2,16.0,1.0,4,3.0,PRICE_BE,RESOLVED,DOUBLE_STOP,SELL,STOP,20,2025-08-07 13:30:00.015403787+00:00,STOP,STOP,135,20,23599.0,23602.75,-99.0,-89.0,-188.0,RESOLVED,BUY,True,50.0,2025-08-07 13:30:00.036421919+00:00,PRICE_BE,23600.25,-49.0,-138.0,50.0,RAW_DOUBLE_STOP_RESCUED
2181,2025-08-07 09:30:00,2025-08-07T13:30:00+00:00,VALIDATED_SOURCE,NY,AUGUST,NQU5,2,16.0,1.0,4,3.0,COST_COVER_BE,RESOLVED,DOUBLE_STOP,SELL,STOP,20,2025-08-07 13:30:00.015403787+00:00,STOP,STOP,135,20,23599.0,23602.75,-99.0,-89.0,-188.0,RESOLVED,BUY,True,50.0,2025-08-07 13:30:00.036421919+00:00,COST_COVER_BE,23600.75,-29.0,-118.0,70.0,RAW_DOUBLE_STOP_RESCUED
2181,2025-08-07 09:30:00,2025-08-07T13:30:00+00:00,VALIDATED_SOURCE,NY,AUGUST,NQU5,2,16.0,1.0,4,4.0,PRICE_BE,RESOLVED,DOUBLE_STOP,SELL,STOP,20,2025-08-07 13:30:00.015403787+00:00,STOP,STOP,135,20,23599.0,23602.75,-99.0,-89.0,-188.0,RESOLVED,BUY,False,,,ORIGINAL_STOP_BEFORE_ARM,23599.0,-99.0,-188.0,0.0,RAW_DOUBLE_STOP_NOT_RESCUED
2181,2025-08-07 09:30:00,2025-08-07T13:30:00+00:00,VALIDATED_SOURCE,NY,AUGUST,NQU5,2,16.0,1.0,4,4.0,COST_COVER_BE,RESOLVED,DOUBLE_STOP,SELL,STOP,20,2025-08-07 13:30:00.015403787+00:00,STOP,STOP,135,20,23599.0,23602.75,-99.0,-89.0,-188.0,RESOLVED,BUY,False,,,ORIGINAL_STOP_BEFORE_ARM,23599.0,-99.0,-188.0,0.0,RAW_DOUBLE_STOP_NOT_RESCUED
2181,2025-08-07 09:30:00,2025-08-07T13:30:00+00:00,VALIDATED_SOURCE,NY,AUGUST,NQU5,2,16.0,1.0,4,5.0,PRICE_BE,RESOLVED,DOUBLE_STOP,SELL,STOP,20,2025-08-07 13:30:00.015403787+00:00,STOP,STOP,135,20,23599.0,23602.75,-99.0,-89.0,-188.0,RESOLVED,BUY,False,,,ORIGINAL_STOP_BEFORE_ARM,23599.0,-99.0,-188.0,0.0,RAW_DOUBLE_STOP_NOT_RESCUED
2181,2025-08-07 09:30:00,2025-08-07T13:30:00+00:00,VALIDATED_SOURCE,NY,AUGUST,NQU5,2,16.0,1.0,4,5.0,COST_COVER_BE,RESOLVED,DOUBLE_STOP,SELL,STOP,20,2025-08-07 13:30:00.015403787+00:00,STOP,STOP,135,20,23599.0,23602.75,-99.0,-89.0,-188.0,RESOLVED,BUY,False,,,ORIGINAL_STOP_BEFORE_ARM,23599.0,-99.0,-188.0,0.0,RAW_DOUBLE_STOP_NOT_RESCUED
2181,2025-08-07 09:30:00,2025-08-07T13:30:00+00:00,VALIDATED_SOURCE,NY,AUGUST,NQU5,2,16.0,1.0,4,8.0,PRICE_BE,RESOLVED,DOUBLE_STOP,SELL,STOP,20,2025-08-07 13:30:00.015403787+00:00,STOP,STOP,135,20,23599.0,23602.75,-99.0,-89.0,-188.0,RESOLVED,BUY,False,,,ORIGINAL_STOP_BEFORE_ARM,23599.0,-99.0,-188.0,0.0,RAW_DOUBLE_STOP_NOT_RESCUED
2181,2025-08-07 09:30:00,2025-08-07T13:30:00+00:00,VALIDATED_SOURCE,NY,AUGUST,NQU5,2,16.0,1.0,4,8.0,COST_COVER_BE,RESOLVED,DOUBLE_STOP,SELL,STOP,20,2025-08-07 13:30:00.015403787+00:00,STOP,STOP,135,20,23599.0,23602.75,-99.0,-89.0,-188.0,RESOLVED,BUY,False,,,ORIGINAL_STOP_BEFORE_ARM,23599.0,-99.0,-188.0,0.0,RAW_DOUBLE_STOP_NOT_RESCUED
2182,2025-08-07 18:00:00,2025-08-07T22:00:00+00:00,VALIDATED_SOURCE,WEEKDAY_WEAK,AUGUST,NQU5,1,10.0,1.0,0,0.5,PRICE_BE,RESOLVED,DOUBLE_STOP,SELL,STOP,6,2025-08-07 22:00:00.027019439+00:00,STOP,STOP,13,6,23517.5,23521.5,-24.5,-74.5,-99.0,RESOLVED,BUY,True,7.0,2025-08-07 22:00:00.027145059+00:00,PRICE_BE,23518.5,-4.5,-79.0,20.0,RAW_DOUBLE_STOP_RESCUED
2182,2025-08-07 18:00:00,2025-08-07T22:00:00+00:00,VALIDATED_SOURCE,WEEKDAY_WEAK,AUGUST,NQU5,1,10.0,1.0,0,0.5,COST_COVER_BE,RESOLVED,DOUBLE_STOP,SELL,STOP,6,2025-08-07 22:00:00.027019439+00:00,STOP,STOP,13,6,23517.5,23521.5,-24.5,-74.5,-99.0,RESOLVED,BUY,True,7.0,2025-08-07 22:00:00.027145059+00:00,COST_COVER_BE,23518.5,-4.5,-79.0,20.0,RAW_DOUBLE_STOP_RESCUED
2182,2025-08-07 18:00:00,2025-08-07T22:00:00+00:00,VALIDATED_SOURCE,WEEKDAY_WEAK,AUGUST,NQU5,1,10.0,1.0,0,1.0,PRICE_BE,RESOLVED,DOUBLE_STOP,SELL,STOP,6,2025-08-07 22:00:00.027019439+00:00,STOP,STOP,13,6,23517.5,23521.5,-24.5,-74.5,-99.0,RESOLVED,BUY,True,7.0,2025-08-07 22:00:00.027145059+00:00,PRICE_BE,23518.5,-4.5,-79.0,20.0,RAW_DOUBLE_STOP_RESCUED
2182,2025-08-07 18:00:00,2025-08-07T22:00:00+00:00,VALIDATED_SOURCE,WEEKDAY_WEAK,AUGUST,NQU5,1,10.0,1.0,0,1.0,COST_COVER_BE,RESOLVED,DOUBLE_STOP,SELL,STOP,6,2025-08-07 22:00:00.027019439+00:00,STOP,STOP,13,6,23517.5,23521.5,-24.5,-74.5,-99.0,RESOLVED,BUY,True,7.0,2025-08-07 22:00:00.027145059+00:00,COST_COVER_BE,23518.5,-4.5,-79.0,20.0,RAW_DOUBLE_STOP_RESCUED
2182,2025-08-07 18:00:00,2025-08-07T22:00:00+00:00,VALIDATED_SOURCE,WEEKDAY_WEAK,AUGUST,NQU5,1,10.0,1.0,0,2.0,PRICE_BE,RESOLVED,DOUBLE_STOP,SELL,STOP,6,2025-08-07 22:00:00.027019439+00:00,STOP,STOP,13,6,23517.5,23521.5,-24.5,-74.5,-99.0,RESOLVED,BUY,True,7.0,2025-08-07 22:00:00.027145059+00:00,PRICE_BE,23518.5,-4.5,-79.0,20.0,RAW_DOUBLE_STOP_RESCUED
2182,2025-08-07 18:00:00,2025-08-07T22:00:00+00:00,VALIDATED_SOURCE,WEEKDAY_WEAK,AUGUST,NQU5,1,10.0,1.0,0,2.0,COST_COVER_BE,RESOLVED,DOUBLE_STOP,SELL,STOP,6,2025-08-07 22:00:00.027019439+00:00,STOP,STOP,13,6,23517.5,23521.5,-24.5,-74.5,-99.0,RESOLVED,BUY,True,7.0,2025-08-07 22:00:00.027145059+00:00,COST_COVER_BE,23518.5,-4.5,-79.0,20.0,RAW_DOUBLE_STOP_RESCUED
2182,2025-08-07 18:00:00,2025-08-07T22:00:00+00:00,VALIDATED_SOURCE,WEEKDAY_WEAK,AUGUST,NQU5,1,10.0,1.0,0,3.0,PRICE_BE,RESOLVED,DOUBLE_STOP,SELL,STOP,6,2025-08-07 22:00:00.027019439+00:00,STOP,STOP,13,6,23517.5,23521.5,-24.5,-74.5,-99.0,RESOLVED,BUY,True,7.0,2025-08-07 22:00:00.027145059+00:00,PRICE_BE,23518.5,-4.5,-79.0,20.0,RAW_DOUBLE_STOP_RESCUED
2182,2025-08-07 18:00:00,2025-08-07T22:00:00+00:00,VALIDATED_SOURCE,WEEKDAY_WEAK,AUGUST,NQU5,1,10.0,1.0,0,3.0,COST_COVER_BE,RESOLVED,DOUBLE_STOP,SELL,STOP,6,2025-08-07 22:00:00.027019439+00:00,STOP,STOP,13,6,23517.5,23521.5,-24.5,-74.5,-99.0,RESOLVED,BUY,True,7.0,2025-08-07 22:00:00.027145059+00:00,COST_COVER_BE,23518.5,-4.5,-79.0,20.0,RAW_DOUBLE_STOP_RESCUED
2182,2025-08-07 18:00:00,2025-08-07T22:00:00+00:00,VALIDATED_SOURCE,WEEKDAY_WEAK,AUGUST,NQU5,1,10.0,1.0,0,4.0,PRICE_BE,RESOLVED,DOUBLE_STOP,SELL,STOP,6,2025-08-07 22:00:00.027019439+00:00,STOP,STOP,13,6,23517.5,23521.5,-24.5,-74.5,-99.0,RESOLVED,BUY,True,7.0,2025-08-07 22:00:00.027145059+00:00,PRICE_BE,23518.5,-4.5,-79.0,20.0,RAW_DOUBLE_STOP_RESCUED
2182,2025-08-07 18:00:00,2025-08-07T22:00:00+00:00,VALIDATED_SOURCE,WEEKDAY_WEAK,AUGUST,NQU5,1,10.0,1.0,0,4.0,COST_COVER_BE,RESOLVED,DOUBLE_STOP,SELL,STOP,6,2025-08-07 22:00:00.027019439+00:00,STOP,STOP,13,6,23517.5,23521.5,-24.5,-74.5,-99.0,RESOLVED,BUY,True,7.0,2025-08-07 22:00:00.027145059+00:00,COST_COVER_BE,23518.5,-4.5,-79.0,20.0,RAW_DOUBLE_STOP_RESCUED
2182,2025-08-07 18:00:00,2025-08-07T22:00:00+00:00,VALIDATED_SOURCE,WEEKDAY_WEAK,AUGUST,NQU5,1,10.0,1.0,0,5.0,PRICE_BE,RESOLVED,DOUBLE_STOP,SELL,STOP,6,2025-08-07 22:00:00.027019439+00:00,STOP,STOP,13,6,23517.5,23521.5,-24.5,-74.5,-99.0,RESOLVED,BUY,False,,,ORIGINAL_STOP_BEFORE_ARM,23517.5,-24.5,-99.0,0.0,RAW_DOUBLE_STOP_NOT_RESCUED
2182,2025-08-07 18:00:00,2025-08-07T22:00:00+00:00,VALIDATED_SOURCE,WEEKDAY_WEAK,AUGUST,NQU5,1,10.0,1.0,0,5.0,COST_COVER_BE,RESOLVED,DOUBLE_STOP,SELL,STOP,6,2025-08-07 22:00:00.027019439+00:00,STOP,STOP,13,6,23517.5,23521.5,-24.5,-74.5,-99.0,RESOLVED,BUY,False,,,ORIGINAL_STOP_BEFORE_ARM,23517.5,-24.5,-99.0,0.0,RAW_DOUBLE_STOP_NOT_RESCUED
2182,2025-08-07 18:00:00,2025-08-07T22:00:00+00:00,VALIDATED_SOURCE,WEEKDAY_WEAK,AUGUST,NQU5,1,10.0,1.0,0,8.0,PRICE_BE,RESOLVED,DOUBLE_STOP,SELL,STOP,6,2025-08-07 22:00:00.027019439+00:00,STOP,STOP,13,6,23517.5,23521.5,-24.5,-74.5,-99.0,RESOLVED,BUY,False,,,ORIGINAL_STOP_BEFORE_ARM,23517.5,-24.5,-99.0,0.0,RAW_DOUBLE_STOP_NOT_RESCUED
2182,2025-08-07 18:00:00,2025-08-07T22:00:00+00:00,VALIDATED_SOURCE,WEEKDAY_WEAK,AUGUST,NQU5,1,10.0,1.0,0,8.0,COST_COVER_BE,RESOLVED,DOUBLE_STOP,SELL,STOP,6,2025-08-07 22:00:00.027019439+00:00,STOP,STOP,13,6,23517.5,23521.5,-24.5,-74.5,-99.0,RESOLVED,BUY,False,,,ORIGINAL_STOP_BEFORE_ARM,23517.5,-24.5,-99.0,0.0,RAW_DOUBLE_STOP_NOT_RESCUED
2182,2025-08-07 18:00:00,2025-08-07T22:00:00+00:00,VALIDATED_SOURCE,WEEKDAY_WEAK,AUGUST,NQU5,1,10.0,1.0,1,0.5,PRICE_BE,RESOLVED,DOUBLE_STOP,SELL,STOP,6,2025-08-07 22:00:00.027019439+00:00,STOP,STOP,13,6,23517.25,23521.75,-29.5,-79.5,-109.0,RESOLVED,BUY,True,7.0,2025-08-07 22:00:00.027145059+00:00,PRICE_BE,23518.25,-9.5,-89.0,20.0,RAW_DOUBLE_STOP_RESCUED
2182,2025-08-07 18:00:00,2025-08-07T22:00:00+00:00,VALIDATED_SOURCE,WEEKDAY_WEAK,AUGUST,NQU5,1,10.0,1.0,1,0.5,COST_COVER_BE,RESOLVED,DOUBLE_STOP,SELL,STOP,6,2025-08-07 22:00:00.027019439+00:00,STOP,STOP,13,6,23517.25,23521.75,-29.5,-79.5,-109.0,RESOLVED,BUY,True,7.0,2025-08-07 22:00:00.027145059+00:00,COST_COVER_BE,23518.25,-9.5,-89.0,20.0,RAW_DOUBLE_STOP_RESCUED
2182,2025-08-07 18:00:00,2025-08-07T22:00:00+00:00,VALIDATED_SOURCE,WEEKDAY_WEAK,AUGUST,NQU5,1,10.0,1.0,1,1.0,PRICE_BE,RESOLVED,DOUBLE_STOP,SELL,STOP,6,2025-08-07 22:00:00.027019439+00:00,STOP,STOP,13,6,23517.25,23521.75,-29.5,-79.5,-109.0,RESOLVED,BUY,True,7.0,2025-08-07 22:00:00.027145059+00:00,PRICE_BE,23518.25,-9.5,-89.0,20.0,RAW_DOUBLE_STOP_RESCUED
2182,2025-08-07 18:00:00,2025-08-07T22:00:00+00:00,VALIDATED_SOURCE,WEEKDAY_WEAK,AUGUST,NQU5,1,10.0,1.0,1,1.0,COST_COVER_BE,RESOLVED,DOUBLE_STOP,SELL,STOP,6,2025-08-07 22:00:00.027019439+00:00,STOP,STOP,13,6,23517.25,23521.75,-29.5,-79.5,-109.0,RESOLVED,BUY,True,7.0,2025-08-07 22:00:00.027145059+00:00,COST_COVER_BE,23518.25,-9.5,-89.0,20.0,RAW_DOUBLE_STOP_RESCUED
2182,2025-08-07 18:00:00,2025-08-07T22:00:00+00:00,VALIDATED_SOURCE,WEEKDAY_WEAK,AUGUST,NQU5,1,10.0,1.0,1,2.0,PRICE_BE,RESOLVED,DOUBLE_STOP,SELL,STOP,6,2025-08-07 22:00:00.027019439+00:00,STOP,STOP,13,6,23517.25,23521.75,-29.5,-79.5,-109.0,RESOLVED,BUY,True,7.0,2025-08-07 22:00:00.027145059+00:00,PRICE_BE,23518.25,-9.5,-89.0,20.0,RAW_DOUBLE_STOP_RESCUED
2182,2025-08-07 18:00:00,2025-08-07T22:00:00+00:00,VALIDATED_SOURCE,WEEKDAY_WEAK,AUGUST,NQU5,1,10.0,1.0,1,2.0,COST_COVER_BE,RESOLVED,DOUBLE_STOP,SELL,STOP,6,2025-08-07 22:00:00.027019439+00:00,STOP,STOP,13,6,23517.25,23521.75,-29.5,-79.5,-109.0,RESOLVED,BUY,True,7.0,2025-08-07 22:00:00.027145059+00:00,COST_COVER_BE,23518.25,-9.5,-89.0,20.0,RAW_DOUBLE_STOP_RESCUED
2182,2025-08-07 18:00:00,2025-08-07T22:00:00+00:00,VALIDATED_SOURCE,WEEKDAY_WEAK,AUGUST,NQU5,1,10.0,1.0,1,3.0,PRICE_BE,RESOLVED,DOUBLE_STOP,SELL,STOP,6,2025-08-07 22:00:00.027019439+00:00,STOP,STOP,13,6,23517.25,23521.75,-29.5,-79.5,-109.0,RESOLVED,BUY,True,7.0,2025-08-07 22:00:00.027145059+00:00,PRICE_BE,23518.25,-9.5,-89.0,20.0,RAW_DOUBLE_STOP_RESCUED
2182,2025-08-07 18:00:00,2025-08-07T22:00:00+00:00,VALIDATED_SOURCE,WEEKDAY_WEAK,AUGUST,NQU5,1,10.0,1.0,1,3.0,COST_COVER_BE,RESOLVED,DOUBLE_STOP,SELL,STOP,6,2025-08-07 22:00:00.027019439+00:00,STOP,STOP,13,6,23517.25,23521.75,-29.5,-79.5,-109.0,RESOLVED,BUY,True,7.0,2025-08-07 22:00:00.027145059+00:00,COST_COVER_BE,23518.25,-9.5,-89.0,20.0,RAW_DOUBLE_STOP_RESCUED
2182,2025-08-07 18:00:00,2025-08-07T22:00:00+00:00,VALIDATED_SOURCE,WEEKDAY_WEAK,AUGUST,NQU5,1,10.0,1.0,1,4.0,PRICE_BE,RESOLVED,DOUBLE_STOP,SELL,STOP,6,2025-08-07 22:00:00.027019439+00:00,STOP,STOP,13,6,23517.25,23521.75,-29.5,-79.5,-109.0,RESOLVED,BUY,True,7.0,2025-08-07 22:00:00.027145059+00:00,PRICE_BE,23518.25,-9.5,-89.0,20.0,RAW_DOUBLE_STOP_RESCUED
2182,2025-08-07 18:00:00,2025-08-07T22:00:00+00:00,VALIDATED_SOURCE,WEEKDAY_WEAK,AUGUST,NQU5,1,10.0,1.0,1,4.0,COST_COVER_BE,RESOLVED,DOUBLE_STOP,SELL,STOP,6,2025-08-07 22:00:00.027019439+00:00,STOP,STOP,13,6,23517.25,23521.75,-29.5,-79.5,-109.0,RESOLVED,BUY,True,7.0,2025-08-07 22:00:00.027145059+00:00,COST_COVER_BE,23518.25,-9.5,-89.0,20.0,RAW_DOUBLE_STOP_RESCUED
2182,2025-08-07 18:00:00,2025-08-07T22:00:00+00:00,VALIDATED_SOURCE,WEEKDAY_WEAK,AUGUST,NQU5,1,10.0,1.0,1,5.0,PRICE_BE,RESOLVED,DOUBLE_STOP,SELL,STOP,6,2025-08-07 22:00:00.027019439+00:00,STOP,STOP,13,6,23517.25,23521.75,-29.5,-79.5,-109.0,RESOLVED,BUY,False,,,ORIGINAL_STOP_BEFORE_ARM,23517.25,-29.5,-109.0,0.0,RAW_DOUBLE_STOP_NOT_RESCUED
2182,2025-08-07 18:00:00,2025-08-07T22:00:00+00:00,VALIDATED_SOURCE,WEEKDAY_WEAK,AUGUST,NQU5,1,10.0,1.0,1,5.0,COST_COVER_BE,RESOLVED,DOUBLE_STOP,SELL,STOP,6,2025-08-07 22:00:00.027019439+00:00,STOP,STOP,13,6,23517.25,23521.75,-29.5,-79.5,-109.0,RESOLVED,BUY,False,,,ORIGINAL_STOP_BEFORE_ARM,23517.25,-29.5,-109.0,0.0,RAW_DOUBLE_STOP_NOT_RESCUED
2182,2025-08-07 18:00:00,2025-08-07T22:00:00+00:00,VALIDATED_SOURCE,WEEKDAY_WEAK,AUGUST,NQU5,1,10.0,1.0,1,8.0,PRICE_BE,RESOLVED,DOUBLE_STOP,SELL,STOP,6,2025-08-07 22:00:00.027019439+00:00,STOP,STOP,13,6,23517.25,23521.75,-29.5,-79.5,-109.0,RESOLVED,BUY,False,,,ORIGINAL_STOP_BEFORE_ARM,23517.25,-29.5,-109.0,0.0,RAW_DOUBLE_STOP_NOT_RESCUED
2182,2025-08-07 18:00:00,2025-08-07T22:00:00+00:00,VALIDATED_SOURCE,WEEKDAY_WEAK,AUGUST,NQU5,1,10.0,1.0,1,8.0,COST_COVER_BE,RESOLVED,DOUBLE_STOP,SELL,STOP,6,2025-08-07 22:00:00.027019439+00:00,STOP,STOP,13,6,23517.25,23521.75,-29.5,-79.5,-109.0,RESOLVED,BUY,False,,,ORIGINAL_STOP_BEFORE_ARM,23517.25,-29.5,-109.0,0.0,RAW_DOUBLE_STOP_NOT_RESCUED
2182,2025-08-07 18:00:00,2025-08-07T22:00:00+00:00,VALIDATED_SOURCE,WEEKDAY_WEAK,AUGUST,NQU5,1,10.0,1.0,2,0.5,PRICE_BE,RESOLVED,DOUBLE_STOP,SELL,STOP,6,2025-08-07 22:00:00.027019439+00:00,STOP,STOP,13,6,23517.0,23522.0,-34.5,-84.5,-119.0,RESOLVED,BUY,True,7.0,2025-08-07 22:00:00.027145059+00:00,PRICE_BE,23518.0,-14.5,-99.0,20.0,RAW_DOUBLE_STOP_RESCUED
2182,2025-08-07 18:00:00,2025-08-07T22:00:00+00:00,VALIDATED_SOURCE,WEEKDAY_WEAK,AUGUST,NQU5,1,10.0,1.0,2,0.5,COST_COVER_BE,RESOLVED,DOUBLE_STOP,SELL,STOP,6,2025-08-07 22:00:00.027019439+00:00,STOP,STOP,13,6,23517.0,23522.0,-34.5,-84.5,-119.0,RESOLVED,BUY,True,7.0,2025-08-07 22:00:00.027145059+00:00,COST_COVER_BE,23518.0,-14.5,-99.0,20.0,RAW_DOUBLE_STOP_RESCUED
2182,2025-08-07 18:00:00,2025-08-07T22:00:00+00:00,VALIDATED_SOURCE,WEEKDAY_WEAK,AUGUST,NQU5,1,10.0,1.0,2,1.0,PRICE_BE,RESOLVED,DOUBLE_STOP,SELL,STOP,6,2025-08-07 22:00:00.027019439+00:00,STOP,STOP,13,6,23517.0,23522.0,-34.5,-84.5,-119.0,RESOLVED,BUY,True,7.0,2025-08-07 22:00:00.027145059+00:00,PRICE_BE,23518.0,-14.5,-99.0,20.0,RAW_DOUBLE_STOP_RESCUED
2182,2025-08-07 18:00:00,2025-08-07T22:00:00+00:00,VALIDATED_SOURCE,WEEKDAY_WEAK,AUGUST,NQU5,1,10.0,1.0,2,1.0,COST_COVER_BE,RESOLVED,DOUBLE_STOP,SELL,STOP,6,2025-08-07 22:00:00.027019439+00:00,STOP,STOP,13,6,23517.0,23522.0,-34.5,-84.5,-119.0,RESOLVED,BUY,True,7.0,2025-08-07 22:00:00.027145059+00:00,COST_COVER_BE,23518.0,-14.5,-99.0,20.0,RAW_DOUBLE_STOP_RESCUED
2182,2025-08-07 18:00:00,2025-08-07T22:00:00+00:00,VALIDATED_SOURCE,WEEKDAY_WEAK,AUGUST,NQU5,1,10.0,1.0,2,2.0,PRICE_BE,RESOLVED,DOUBLE_STOP,SELL,STOP,6,2025-08-07 22:00:00.027019439+00:00,STOP,STOP,13,6,23517.0,23522.0,-34.5,-84.5,-119.0,RESOLVED,BUY,True,7.0,2025-08-07 22:00:00.027145059+00:00,PRICE_BE,23518.0,-14.5,-99.0,20.0,RAW_DOUBLE_STOP_RESCUED
2182,2025-08-07 18:00:00,2025-08-07T22:00:00+00:00,VALIDATED_SOURCE,WEEKDAY_WEAK,AUGUST,NQU5,1,10.0,1.0,2,2.0,COST_COVER_BE,RESOLVED,DOUBLE_STOP,SELL,STOP,6,2025-08-07 22:00:00.027019439+00:00,STOP,STOP,13,6,23517.0,23522.0,-34.5,-84.5,-119.0,RESOLVED,BUY,True,7.0,2025-08-07 22:00:00.027145059+00:00,COST_COVER_BE,23518.0,-14.5,-99.0,20.0,RAW_DOUBLE_STOP_RESCUED
2182,2025-08-07 18:00:00,2025-08-07T22:00:00+00:00,VALIDATED_SOURCE,WEEKDAY_WEAK,AUGUST,NQU5,1,10.0,1.0,2,3.0,PRICE_BE,RESOLVED,DOUBLE_STOP,SELL,STOP,6,2025-08-07 22:00:00.027019439+00:00,STOP,STOP,13,6,23517.0,23522.0,-34.5,-84.5,-119.0,RESOLVED,BUY,True,7.0,2025-08-07 22:00:00.027145059+00:00,PRICE_BE,23518.0,-14.5,-99.0,20.0,RAW_DOUBLE_STOP_RESCUED
2182,2025-08-07 18:00:00,2025-08-07T22:00:00+00:00,VALIDATED_SOURCE,WEEKDAY_WEAK,AUGUST,NQU5,1,10.0,1.0,2,3.0,COST_COVER_BE,RESOLVED,DOUBLE_STOP,SELL,STOP,6,2025-08-07 22:00:00.027019439+00:00,STOP,STOP,13,6,23517.0,23522.0,-34.5,-84.5,-119.0,RESOLVED,BUY,True,7.0,2025-08-07 22:00:00.027145059+00:00,COST_COVER_BE,23518.0,-14.5,-99.0,20.0,RAW_DOUBLE_STOP_RESCUED
2182,2025-08-07 18:00:00,2025-08-07T22:00:00+00:00,VALIDATED_SOURCE,WEEKDAY_WEAK,AUGUST,NQU5,1,10.0,1.0,2,4.0,PRICE_BE,RESOLVED,DOUBLE_STOP,SELL,STOP,6,2025-08-07 22:00:00.027019439+00:00,STOP,STOP,13,6,23517.0,23522.0,-34.5,-84.5,-119.0,RESOLVED,BUY,True,7.0,2025-08-07 22:00:00.027145059+00:00,PRICE_BE,23518.0,-14.5,-99.0,20.0,RAW_DOUBLE_STOP_RESCUED
2182,2025-08-07 18:00:00,2025-08-07T22:00:00+00:00,VALIDATED_SOURCE,WEEKDAY_WEAK,AUGUST,NQU5,1,10.0,1.0,2,4.0,COST_COVER_BE,RESOLVED,DOUBLE_STOP,SELL,STOP,6,2025-08-07 22:00:00.027019439+00:00,STOP,STOP,13,6,23517.0,23522.0,-34.5,-84.5,-119.0,RESOLVED,BUY,True,7.0,2025-08-07 22:00:00.027145059+00:00,COST_COVER_BE,23518.0,-14.5,-99.0,20.0,RAW_DOUBLE_STOP_RESCUED
2182,2025-08-07 18:00:00,2025-08-07T22:00:00+00:00,VALIDATED_SOURCE,WEEKDAY_WEAK,AUGUST,NQU5,1,10.0,1.0,2,5.0,PRICE_BE,RESOLVED,DOUBLE_STOP,SELL,STOP,6,2025-08-07 22:00:00.027019439+00:00,STOP,STOP,13,6,23517.0,23522.0,-34.5,-84.5,-119.0,RESOLVED,BUY,False,,,ORIGINAL_STOP_BEFORE_ARM,23517.0,-34.5,-119.0,0.0,RAW_DOUBLE_STOP_NOT_RESCUED
2182,2025-08-07 18:00:00,2025-08-07T22:00:00+00:00,VALIDATED_SOURCE,WEEKDAY_WEAK,AUGUST,NQU5,1,10.0,1.0,2,5.0,COST_COVER_BE,RESOLVED,DOUBLE_STOP,SELL,STOP,6,2025-08-07 22:00:00.027019439+00:00,STOP,STOP,13,6,23517.0,23522.0,-34.5,-84.5,-119.0,RESOLVED,BUY,False,,,ORIGINAL_STOP_BEFORE_ARM,23517.0,-34.5,-119.0,0.0,RAW_DOUBLE_STOP_NOT_RESCUED
2182,2025-08-07 18:00:00,2025-08-07T22:00:00+00:00,VALIDATED_SOURCE,WEEKDAY_WEAK,AUGUST,NQU5,1,10.0,1.0,2,8.0,PRICE_BE,RESOLVED,DOUBLE_STOP,SELL,STOP,6,2025-08-07 22:00:00.027019439+00:00,STOP,STOP,13,6,23517.0,23522.0,-34.5,-84.5,-119.0,RESOLVED,BUY,False,,,ORIGINAL_STOP_BEFORE_ARM,23517.0,-34.5,-119.0,0.0,RAW_DOUBLE_STOP_NOT_RESCUED
2182,2025-08-07 18:00:00,2025-08-07T22:00:00+00:00,VALIDATED_SOURCE,WEEKDAY_WEAK,AUGUST,NQU5,1,10.0,1.0,2,8.0,COST_COVER_BE,RESOLVED,DOUBLE_STOP,SELL,STOP,6,2025-08-07 22:00:00.027019439+00:00,STOP,STOP,13,6,23517.0,23522.0,-34.5,-84.5,-119.0,RESOLVED,BUY,False,,,ORIGINAL_STOP_BEFORE_ARM,23517.0,-34.5,-119.0,0.0,RAW_DOUBLE_STOP_NOT_RESCUED
2182,2025-08-07 18:00:00,2025-08-07T22:00:00+00:00,VALIDATED_SOURCE,WEEKDAY_WEAK,AUGUST,NQU5,1,10.0,1.0,4,0.5,PRICE_BE,RESOLVED,DOUBLE_STOP,SELL,STOP,6,2025-08-07 22:00:00.027019439+00:00,STOP,STOP,13,6,23516.5,23522.5,-44.5,-94.5,-139.0,RESOLVED,BUY,True,7.0,2025-08-07 22:00:00.027145059+00:00,PRICE_BE,23517.5,-24.5,-119.0,20.0,RAW_DOUBLE_STOP_RESCUED
2182,2025-08-07 18:00:00,2025-08-07T22:00:00+00:00,VALIDATED_SOURCE,WEEKDAY_WEAK,AUGUST,NQU5,1,10.0,1.0,4,0.5,COST_COVER_BE,RESOLVED,DOUBLE_STOP,SELL,STOP,6,2025-08-07 22:00:00.027019439+00:00,STOP,STOP,13,6,23516.5,23522.5,-44.5,-94.5,-139.0,RESOLVED,BUY,True,7.0,2025-08-07 22:00:00.027145059+00:00,COST_COVER_BE,23517.5,-24.5,-119.0,20.0,RAW_DOUBLE_STOP_RESCUED
2182,2025-08-07 18:00:00,2025-08-07T22:00:00+00:00,VALIDATED_SOURCE,WEEKDAY_WEAK,AUGUST,NQU5,1,10.0,1.0,4,1.0,PRICE_BE,RESOLVED,DOUBLE_STOP,SELL,STOP,6,2025-08-07 22:00:00.027019439+00:00,STOP,STOP,13,6,23516.5,23522.5,-44.5,-94.5,-139.0,RESOLVED,BUY,True,7.0,2025-08-07 22:00:00.027145059+00:00,PRICE_BE,23517.5,-24.5,-119.0,20.0,RAW_DOUBLE_STOP_RESCUED
2182,2025-08-07 18:00:00,2025-08-07T22:00:00+00:00,VALIDATED_SOURCE,WEEKDAY_WEAK,AUGUST,NQU5,1,10.0,1.0,4,1.0,COST_COVER_BE,RESOLVED,DOUBLE_STOP,SELL,STOP,6,2025-08-07 22:00:00.027019439+00:00,STOP,STOP,13,6,23516.5,23522.5,-44.5,-94.5,-139.0,RESOLVED,BUY,True,7.0,2025-08-07 22:00:00.027145059+00:00,COST_COVER_BE,23517.5,-24.5,-119.0,20.0,RAW_DOUBLE_STOP_RESCUED
2182,2025-08-07 18:00:00,2025-08-07T22:00:00+00:00,VALIDATED_SOURCE,WEEKDAY_WEAK,AUGUST,NQU5,1,10.0,1.0,4,2.0,PRICE_BE,RESOLVED,DOUBLE_STOP,SELL,STOP,6,2025-08-07 22:00:00.027019439+00:00,STOP,STOP,13,6,23516.5,23522.5,-44.5,-94.5,-139.0,RESOLVED,BUY,True,7.0,2025-08-07 22:00:00.027145059+00:00,PRICE_BE,23517.5,-24.5,-119.0,20.0,RAW_DOUBLE_STOP_RESCUED
2182,2025-08-07 18:00:00,2025-08-07T22:00:00+00:00,VALIDATED_SOURCE,WEEKDAY_WEAK,AUGUST,NQU5,1,10.0,1.0,4,2.0,COST_COVER_BE,RESOLVED,DOUBLE_STOP,SELL,STOP,6,2025-08-07 22:00:00.027019439+00:00,STOP,STOP,13,6,23516.5,23522.5,-44.5,-94.5,-139.0,RESOLVED,BUY,True,7.0,2025-08-07 22:00:00.027145059+00:00,COST_COVER_BE,23517.5,-24.5,-119.0,20.0,RAW_DOUBLE_STOP_RESCUED
2182,2025-08-07 18:00:00,2025-08-07T22:00:00+00:00,VALIDATED_SOURCE,WEEKDAY_WEAK,AUGUST,NQU5,1,10.0,1.0,4,3.0,PRICE_BE,RESOLVED,DOUBLE_STOP,SELL,STOP,6,2025-08-07 22:00:00.027019439+00:00,STOP,STOP,13,6,23516.5,23522.5,-44.5,-94.5,-139.0,RESOLVED,BUY,True,7.0,2025-08-07 22:00:00.027145059+00:00,PRICE_BE,23517.5,-24.5,-119.0,20.0,RAW_DOUBLE_STOP_RESCUED
2182,2025-08-07 18:00:00,2025-08-07T22:00:00+00:00,VALIDATED_SOURCE,WEEKDAY_WEAK,AUGUST,NQU5,1,10.0,1.0,4,3.0,COST_COVER_BE,RESOLVED,DOUBLE_STOP,SELL,STOP,6,2025-08-07 22:00:00.027019439+00:00,STOP,STOP,13,6,23516.5,23522.5,-44.5,-94.5,-139.0,RESOLVED,BUY,True,7.0,2025-08-07 22:00:00.027145059+00:00,COST_COVER_BE,23517.5,-24.5,-119.0,20.0,RAW_DOUBLE_STOP_RESCUED
2182,2025-08-07 18:00:00,2025-08-07T22:00:00+00:00,VALIDATED_SOURCE,WEEKDAY_WEAK,AUGUST,NQU5,1,10.0,1.0,4,4.0,PRICE_BE,RESOLVED,DOUBLE_STOP,SELL,STOP,6,2025-08-07 22:00:00.027019439+00:00,STOP,STOP,13,6,23516.5,23522.5,-44.5,-94.5,-139.0,RESOLVED,BUY,True,7.0,2025-08-07 22:00:00.027145059+00:00,PRICE_BE,23517.5,-24.5,-119.0,20.0,RAW_DOUBLE_STOP_RESCUED
2182,2025-08-07 18:00:00,2025-08-07T22:00:00+00:00,VALIDATED_SOURCE,WEEKDAY_WEAK,AUGUST,NQU5,1,10.0,1.0,4,4.0,COST_COVER_BE,RESOLVED,DOUBLE_STOP,SELL,STOP,6,2025-08-07 22:00:00.027019439+00:00,STOP,STOP,13,6,23516.5,23522.5,-44.5,-94.5,-139.0,RESOLVED,BUY,True,7.0,2025-08-07 22:00:00.027145059+00:00,COST_COVER_BE,23517.5,-24.5,-119.0,20.0,RAW_DOUBLE_STOP_RESCUED
2182,2025-08-07 18:00:00,2025-08-07T22:00:00+00:00,VALIDATED_SOURCE,WEEKDAY_WEAK,AUGUST,NQU5,1,10.0,1.0,4,5.0,PRICE_BE,RESOLVED,DOUBLE_STOP,SELL,STOP,6,2025-08-07 22:00:00.027019439+00:00,STOP,STOP,13,6,23516.5,23522.5,-44.5,-94.5,-139.0,RESOLVED,BUY,False,,,ORIGINAL_STOP_BEFORE_ARM,23516.5,-44.5,-139.0,0.0,RAW_DOUBLE_STOP_NOT_RESCUED
2182,2025-08-07 18:00:00,2025-08-07T22:00:00+00:00,VALIDATED_SOURCE,WEEKDAY_WEAK,AUGUST,NQU5,1,10.0,1.0,4,5.0,COST_COVER_BE,RESOLVED,DOUBLE_STOP,SELL,STOP,6,2025-08-07 22:00:00.027019439+00:00,STOP,STOP,13,6,23516.5,23522.5,-44.5,-94.5,-139.0,RESOLVED,BUY,False,,,ORIGINAL_STOP_BEFORE_ARM,23516.5,-44.5,-139.0,0.0,RAW_DOUBLE_STOP_NOT_RESCUED
2182,2025-08-07 18:00:00,2025-08-07T22:00:00+00:00,VALIDATED_SOURCE,WEEKDAY_WEAK,AUGUST,NQU5,1,10.0,1.0,4,8.0,PRICE_BE,RESOLVED,DOUBLE_STOP,SELL,STOP,6,2025-08-07 22:00:00.027019439+00:00,STOP,STOP,13,6,23516.5,23522.5,-44.5,-94.5,-139.0,RESOLVED,BUY,False,,,ORIGINAL_STOP_BEFORE_ARM,23516.5,-44.5,-139.0,0.0,RAW_DOUBLE_STOP_NOT_RESCUED
2182,2025-08-07 18:00:00,2025-08-07T22:00:00+00:00,VALIDATED_SOURCE,WEEKDAY_WEAK,AUGUST,NQU5,1,10.0,1.0,4,8.0,COST_COVER_BE,RESOLVED,DOUBLE_STOP,SELL,STOP,6,2025-08-07 22:00:00.027019439+00:00,STOP,STOP,13,6,23516.5,23522.5,-44.5,-94.5,-139.0,RESOLVED,BUY,False,,,ORIGINAL_STOP_BEFORE_ARM,23516.5,-44.5,-139.0,0.0,RAW_DOUBLE_STOP_NOT_RESCUED
2183,2025-08-08 09:30:00,2025-08-08T13:30:00+00:00,VALIDATED_SOURCE,NY,AUGUST,NQU5,2,16.0,1.0,0,0.5,PRICE_BE,RESOLVED,BUY_TARGET,SELL,STOP,13,2025-08-08 13:30:00.010224383+00:00,TARGET,STOP,1480,13,23558.0,23542.5,631.0,-49.0,582.0,RESOLVED,BUY,True,15.0,2025-08-08 13:30:00.012525707+00:00,PRICE_BE,23542.25,1.0,-48.0,-630.0,RAW_TARGET_WINNER_SCRATCHED
2183,2025-08-08 09:30:00,2025-08-08T13:30:00+00:00,VALIDATED_SOURCE,NY,AUGUST,NQU5,2,16.0,1.0,0,0.5,COST_COVER_BE,RESOLVED,BUY_TARGET,SELL,STOP,13,2025-08-08 13:30:00.010224383+00:00,TARGET,STOP,1480,13,23558.0,23542.5,631.0,-49.0,582.0,RESOLVED,BUY,True,15.0,2025-08-08 13:30:00.012525707+00:00,COST_COVER_BE,23542.25,1.0,-48.0,-630.0,RAW_TARGET_WINNER_SCRATCHED
2183,2025-08-08 09:30:00,2025-08-08T13:30:00+00:00,VALIDATED_SOURCE,NY,AUGUST,NQU5,2,16.0,1.0,0,1.0,PRICE_BE,RESOLVED,BUY_TARGET,SELL,STOP,13,2025-08-08 13:30:00.010224383+00:00,TARGET,STOP,1480,13,23558.0,23542.5,631.0,-49.0,582.0,RESOLVED,BUY,True,25.0,2025-08-08 13:30:00.022689841+00:00,PRICE_BE,23541.75,-19.0,-68.0,-650.0,RAW_TARGET_WINNER_SCRATCHED
2183,2025-08-08 09:30:00,2025-08-08T13:30:00+00:00,VALIDATED_SOURCE,NY,AUGUST,NQU5,2,16.0,1.0,0,1.0,COST_COVER_BE,RESOLVED,BUY_TARGET,SELL,STOP,13,2025-08-08 13:30:00.010224383+00:00,TARGET,STOP,1480,13,23558.0,23542.5,631.0,-49.0,582.0,RESOLVED,BUY,True,25.0,2025-08-08 13:30:00.022689841+00:00,COST_COVER_BE,23542.5,11.0,-38.0,-620.0,RAW_TARGET_WINNER_SCRATCHED
2183,2025-08-08 09:30:00,2025-08-08T13:30:00+00:00,VALIDATED_SOURCE,NY,AUGUST,NQU5,2,16.0,1.0,0,2.0,PRICE_BE,RESOLVED,BUY_TARGET,SELL,STOP,13,2025-08-08 13:30:00.010224383+00:00,TARGET,STOP,1480,13,23558.0,23542.5,631.0,-49.0,582.0,RESOLVED,BUY,True,34.0,2025-08-08 13:30:00.028238619+00:00,PRICE_BE,23541.75,-19.0,-68.0,-650.0,RAW_TARGET_WINNER_SCRATCHED
2183,2025-08-08 09:30:00,2025-08-08T13:30:00+00:00,VALIDATED_SOURCE,NY,AUGUST,NQU5,2,16.0,1.0,0,2.0,COST_COVER_BE,RESOLVED,BUY_TARGET,SELL,STOP,13,2025-08-08 13:30:00.010224383+00:00,TARGET,STOP,1480,13,23558.0,23542.5,631.0,-49.0,582.0,RESOLVED,BUY,True,34.0,2025-08-08 13:30:00.028238619+00:00,COST_COVER_BE,23542.5,11.0,-38.0,-620.0,RAW_TARGET_WINNER_SCRATCHED
2183,2025-08-08 09:30:00,2025-08-08T13:30:00+00:00,VALIDATED_SOURCE,NY,AUGUST,NQU5,2,16.0,1.0,0,3.0,PRICE_BE,RESOLVED,BUY_TARGET,SELL,STOP,13,2025-08-08 13:30:00.010224383+00:00,TARGET,STOP,1480,13,23558.0,23542.5,631.0,-49.0,582.0,RESOLVED,BUY,True,51.0,2025-08-08 13:30:00.040660763+00:00,PRICE_BE,23541.75,-19.0,-68.0,-650.0,RAW_TARGET_WINNER_SCRATCHED
2183,2025-08-08 09:30:00,2025-08-08T13:30:00+00:00,VALIDATED_SOURCE,NY,AUGUST,NQU5,2,16.0,1.0,0,3.0,COST_COVER_BE,RESOLVED,BUY_TARGET,SELL,STOP,13,2025-08-08 13:30:00.010224383+00:00,TARGET,STOP,1480,13,23558.0,23542.5,631.0,-49.0,582.0,RESOLVED,BUY,True,51.0,2025-08-08 13:30:00.040660763+00:00,COST_COVER_BE,23542.5,11.0,-38.0,-620.0,RAW_TARGET_WINNER_SCRATCHED
2183,2025-08-08 09:30:00,2025-08-08T13:30:00+00:00,VALIDATED_SOURCE,NY,AUGUST,NQU5,2,16.0,1.0,0,4.0,PRICE_BE,RESOLVED,BUY_TARGET,SELL,STOP,13,2025-08-08 13:30:00.010224383+00:00,TARGET,STOP,1480,13,23558.0,23542.5,631.0,-49.0,582.0,RESOLVED,BUY,True,58.0,2025-08-08 13:30:00.045089465+00:00,PRICE_BE,23541.75,-19.0,-68.0,-650.0,RAW_TARGET_WINNER_SCRATCHED
2183,2025-08-08 09:30:00,2025-08-08T13:30:00+00:00,VALIDATED_SOURCE,NY,AUGUST,NQU5,2,16.0,1.0,0,4.0,COST_COVER_BE,RESOLVED,BUY_TARGET,SELL,STOP,13,2025-08-08 13:30:00.010224383+00:00,TARGET,STOP,1480,13,23558.0,23542.5,631.0,-49.0,582.0,RESOLVED,BUY,True,58.0,2025-08-08 13:30:00.045089465+00:00,COST_COVER_BE,23542.5,11.0,-38.0,-620.0,RAW_TARGET_WINNER_SCRATCHED
2183,2025-08-08 09:30:00,2025-08-08T13:30:00+00:00,VALIDATED_SOURCE,NY,AUGUST,NQU5,2,16.0,1.0,0,5.0,PRICE_BE,RESOLVED,BUY_TARGET,SELL,STOP,13,2025-08-08 13:30:00.010224383+00:00,TARGET,STOP,1480,13,23558.0,23542.5,631.0,-49.0,582.0,RESOLVED,BUY,True,117.0,2025-08-08 13:30:00.124113329+00:00,PRICE_BE,23541.75,-19.0,-68.0,-650.0,RAW_TARGET_WINNER_SCRATCHED
2183,2025-08-08 09:30:00,2025-08-08T13:30:00+00:00,VALIDATED_SOURCE,NY,AUGUST,NQU5,2,16.0,1.0,0,5.0,COST_COVER_BE,RESOLVED,BUY_TARGET,SELL,STOP,13,2025-08-08 13:30:00.010224383+00:00,TARGET,STOP,1480,13,23558.0,23542.5,631.0,-49.0,582.0,RESOLVED,BUY,True,117.0,2025-08-08 13:30:00.124113329+00:00,COST_COVER_BE,23542.5,11.0,-38.0,-620.0,RAW_TARGET_WINNER_SCRATCHED
2183,2025-08-08 09:30:00,2025-08-08T13:30:00+00:00,VALIDATED_SOURCE,NY,AUGUST,NQU5,2,16.0,1.0,0,8.0,PRICE_BE,RESOLVED,BUY_TARGET,SELL,STOP,13,2025-08-08 13:30:00.010224383+00:00,TARGET,STOP,1480,13,23558.0,23542.5,631.0,-49.0,582.0,RESOLVED,BUY,True,561.0,2025-08-08 13:30:04.381564609+00:00,TARGET_AFTER_ARM,23558.0,631.0,582.0,0.0,RAW_TARGET_WINNER_PRESERVED
2183,2025-08-08 09:30:00,2025-08-08T13:30:00+00:00,VALIDATED_SOURCE,NY,AUGUST,NQU5,2,16.0,1.0,0,8.0,COST_COVER_BE,RESOLVED,BUY_TARGET,SELL,STOP,13,2025-08-08 13:30:00.010224383+00:00,TARGET,STOP,1480,13,23558.0,23542.5,631.0,-49.0,582.0,RESOLVED,BUY,True,561.0,2025-08-08 13:30:04.381564609+00:00,TARGET_AFTER_ARM,23558.0,631.0,582.0,0.0,RAW_TARGET_WINNER_PRESERVED
2183,2025-08-08 09:30:00,2025-08-08T13:30:00+00:00,VALIDATED_SOURCE,NY,AUGUST,NQU5,2,16.0,1.0,1,0.5,PRICE_BE,RESOLVED,BUY_TARGET,SELL,STOP,13,2025-08-08 13:30:00.010224383+00:00,TARGET,STOP,1480,13,23558.0,23542.75,631.0,-59.0,572.0,RESOLVED,BUY,True,15.0,2025-08-08 13:30:00.012525707+00:00,PRICE_BE,23542.0,-9.0,-68.0,-640.0,RAW_TARGET_WINNER_SCRATCHED
2183,2025-08-08 09:30:00,2025-08-08T13:30:00+00:00,VALIDATED_SOURCE,NY,AUGUST,NQU5,2,16.0,1.0,1,0.5,COST_COVER_BE,RESOLVED,BUY_TARGET,SELL,STOP,13,2025-08-08 13:30:00.010224383+00:00,TARGET,STOP,1480,13,23558.0,23542.75,631.0,-59.0,572.0,RESOLVED,BUY,True,15.0,2025-08-08 13:30:00.012525707+00:00,COST_COVER_BE,23542.0,-9.0,-68.0,-640.0,RAW_TARGET_WINNER_SCRATCHED
2183,2025-08-08 09:30:00,2025-08-08T13:30:00+00:00,VALIDATED_SOURCE,NY,AUGUST,NQU5,2,16.0,1.0,1,1.0,PRICE_BE,RESOLVED,BUY_TARGET,SELL,STOP,13,2025-08-08 13:30:00.010224383+00:00,TARGET,STOP,1480,13,23558.0,23542.75,631.0,-59.0,572.0,RESOLVED,BUY,True,25.0,2025-08-08 13:30:00.022689841+00:00,PRICE_BE,23541.5,-29.0,-88.0,-660.0,RAW_TARGET_WINNER_SCRATCHED
2183,2025-08-08 09:30:00,2025-08-08T13:30:00+00:00,VALIDATED_SOURCE,NY,AUGUST,NQU5,2,16.0,1.0,1,1.0,COST_COVER_BE,RESOLVED,BUY_TARGET,SELL,STOP,13,2025-08-08 13:30:00.010224383+00:00,TARGET,STOP,1480,13,23558.0,23542.75,631.0,-59.0,572.0,RESOLVED,BUY,True,25.0,2025-08-08 13:30:00.022689841+00:00,COST_COVER_BE,23542.25,1.0,-58.0,-630.0,RAW_TARGET_WINNER_SCRATCHED
2183,2025-08-08 09:30:00,2025-08-08T13:30:00+00:00,VALIDATED_SOURCE,NY,AUGUST,NQU5,2,16.0,1.0,1,2.0,PRICE_BE,RESOLVED,BUY_TARGET,SELL,STOP,13,2025-08-08 13:30:00.010224383+00:00,TARGET,STOP,1480,13,23558.0,23542.75,631.0,-59.0,572.0,RESOLVED,BUY,True,34.0,2025-08-08 13:30:00.028238619+00:00,PRICE_BE,23541.5,-29.0,-88.0,-660.0,RAW_TARGET_WINNER_SCRATCHED
2183,2025-08-08 09:30:00,2025-08-08T13:30:00+00:00,VALIDATED_SOURCE,NY,AUGUST,NQU5,2,16.0,1.0,1,2.0,COST_COVER_BE,RESOLVED,BUY_TARGET,SELL,STOP,13,2025-08-08 13:30:00.010224383+00:00,TARGET,STOP,1480,13,23558.0,23542.75,631.0,-59.0,572.0,RESOLVED,BUY,True,34.0,2025-08-08 13:30:00.028238619+00:00,COST_COVER_BE,23542.25,1.0,-58.0,-630.0,RAW_TARGET_WINNER_SCRATCHED
2183,2025-08-08 09:30:00,2025-08-08T13:30:00+00:00,VALIDATED_SOURCE,NY,AUGUST,NQU5,2,16.0,1.0,1,3.0,PRICE_BE,RESOLVED,BUY_TARGET,SELL,STOP,13,2025-08-08 13:30:00.010224383+00:00,TARGET,STOP,1480,13,23558.0,23542.75,631.0,-59.0,572.0,RESOLVED,BUY,True,51.0,2025-08-08 13:30:00.040660763+00:00,PRICE_BE,23541.5,-29.0,-88.0,-660.0,RAW_TARGET_WINNER_SCRATCHED
2183,2025-08-08 09:30:00,2025-08-08T13:30:00+00:00,VALIDATED_SOURCE,NY,AUGUST,NQU5,2,16.0,1.0,1,3.0,COST_COVER_BE,RESOLVED,BUY_TARGET,SELL,STOP,13,2025-08-08 13:30:00.010224383+00:00,TARGET,STOP,1480,13,23558.0,23542.75,631.0,-59.0,572.0,RESOLVED,BUY,True,51.0,2025-08-08 13:30:00.040660763+00:00,COST_COVER_BE,23542.25,1.0,-58.0,-630.0,RAW_TARGET_WINNER_SCRATCHED
2183,2025-08-08 09:30:00,2025-08-08T13:30:00+00:00,VALIDATED_SOURCE,NY,AUGUST,NQU5,2,16.0,1.0,1,4.0,PRICE_BE,RESOLVED,BUY_TARGET,SELL,STOP,13,2025-08-08 13:30:00.010224383+00:00,TARGET,STOP,1480,13,23558.0,23542.75,631.0,-59.0,572.0,RESOLVED,BUY,True,58.0,2025-08-08 13:30:00.045089465+00:00,PRICE_BE,23541.5,-29.0,-88.0,-660.0,RAW_TARGET_WINNER_SCRATCHED
2183,2025-08-08 09:30:00,2025-08-08T13:30:00+00:00,VALIDATED_SOURCE,NY,AUGUST,NQU5,2,16.0,1.0,1,4.0,COST_COVER_BE,RESOLVED,BUY_TARGET,SELL,STOP,13,2025-08-08 13:30:00.010224383+00:00,TARGET,STOP,1480,13,23558.0,23542.75,631.0,-59.0,572.0,RESOLVED,BUY,True,58.0,2025-08-08 13:30:00.045089465+00:00,COST_COVER_BE,23542.25,1.0,-58.0,-630.0,RAW_TARGET_WINNER_SCRATCHED
2183,2025-08-08 09:30:00,2025-08-08T13:30:00+00:00,VALIDATED_SOURCE,NY,AUGUST,NQU5,2,16.0,1.0,1,5.0,PRICE_BE,RESOLVED,BUY_TARGET,SELL,STOP,13,2025-08-08 13:30:00.010224383+00:00,TARGET,STOP,1480,13,23558.0,23542.75,631.0,-59.0,572.0,RESOLVED,BUY,True,117.0,2025-08-08 13:30:00.124113329+00:00,PRICE_BE,23541.5,-29.0,-88.0,-660.0,RAW_TARGET_WINNER_SCRATCHED
2183,2025-08-08 09:30:00,2025-08-08T13:30:00+00:00,VALIDATED_SOURCE,NY,AUGUST,NQU5,2,16.0,1.0,1,5.0,COST_COVER_BE,RESOLVED,BUY_TARGET,SELL,STOP,13,2025-08-08 13:30:00.010224383+00:00,TARGET,STOP,1480,13,23558.0,23542.75,631.0,-59.0,572.0,RESOLVED,BUY,True,117.0,2025-08-08 13:30:00.124113329+00:00,COST_COVER_BE,23542.25,1.0,-58.0,-630.0,RAW_TARGET_WINNER_SCRATCHED
2183,2025-08-08 09:30:00,2025-08-08T13:30:00+00:00,VALIDATED_SOURCE,NY,AUGUST,NQU5,2,16.0,1.0,1,8.0,PRICE_BE,RESOLVED,BUY_TARGET,SELL,STOP,13,2025-08-08 13:30:00.010224383+00:00,TARGET,STOP,1480,13,23558.0,23542.75,631.0,-59.0,572.0,RESOLVED,BUY,True,561.0,2025-08-08 13:30:04.381564609+00:00,TARGET_AFTER_ARM,23558.0,631.0,572.0,0.0,RAW_TARGET_WINNER_PRESERVED
2183,2025-08-08 09:30:00,2025-08-08T13:30:00+00:00,VALIDATED_SOURCE,NY,AUGUST,NQU5,2,16.0,1.0,1,8.0,COST_COVER_BE,RESOLVED,BUY_TARGET,SELL,STOP,13,2025-08-08 13:30:00.010224383+00:00,TARGET,STOP,1480,13,23558.0,23542.75,631.0,-59.0,572.0,RESOLVED,BUY,True,561.0,2025-08-08 13:30:04.381564609+00:00,TARGET_AFTER_ARM,23558.0,631.0,572.0,0.0,RAW_TARGET_WINNER_PRESERVED
2183,2025-08-08 09:30:00,2025-08-08T13:30:00+00:00,VALIDATED_SOURCE,NY,AUGUST,NQU5,2,16.0,1.0,2,0.5,PRICE_BE,RESOLVED,BUY_TARGET,SELL,STOP,13,2025-08-08 13:30:00.010224383+00:00,TARGET,STOP,1480,13,23558.0,23543.0,631.0,-69.0,562.0,RESOLVED,BUY,True,15.0,2025-08-08 13:30:00.012525707+00:00,PRICE_BE,23541.75,-19.0,-88.0,-650.0,RAW_TARGET_WINNER_SCRATCHED
2183,2025-08-08 09:30:00,2025-08-08T13:30:00+00:00,VALIDATED_SOURCE,NY,AUGUST,NQU5,2,16.0,1.0,2,0.5,COST_COVER_BE,RESOLVED,BUY_TARGET,SELL,STOP,13,2025-08-08 13:30:00.010224383+00:00,TARGET,STOP,1480,13,23558.0,23543.0,631.0,-69.0,562.0,RESOLVED,BUY,True,15.0,2025-08-08 13:30:00.012525707+00:00,COST_COVER_BE,23541.75,-19.0,-88.0,-650.0,RAW_TARGET_WINNER_SCRATCHED
2183,2025-08-08 09:30:00,2025-08-08T13:30:00+00:00,VALIDATED_SOURCE,NY,AUGUST,NQU5,2,16.0,1.0,2,1.0,PRICE_BE,RESOLVED,BUY_TARGET,SELL,STOP,13,2025-08-08 13:30:00.010224383+00:00,TARGET,STOP,1480,13,23558.0,23543.0,631.0,-69.0,562.0,RESOLVED,BUY,True,25.0,2025-08-08 13:30:00.022689841+00:00,PRICE_BE,23541.25,-39.0,-108.0,-670.0,RAW_TARGET_WINNER_SCRATCHED
2183,2025-08-08 09:30:00,2025-08-08T13:30:00+00:00,VALIDATED_SOURCE,NY,AUGUST,NQU5,2,16.0,1.0,2,1.0,COST_COVER_BE,RESOLVED,BUY_TARGET,SELL,STOP,13,2025-08-08 13:30:00.010224383+00:00,TARGET,STOP,1480,13,23558.0,23543.0,631.0,-69.0,562.0,RESOLVED,BUY,True,25.0,2025-08-08 13:30:00.022689841+00:00,COST_COVER_BE,23542.0,-9.0,-78.0,-640.0,RAW_TARGET_WINNER_SCRATCHED
2183,2025-08-08 09:30:00,2025-08-08T13:30:00+00:00,VALIDATED_SOURCE,NY,AUGUST,NQU5,2,16.0,1.0,2,2.0,PRICE_BE,RESOLVED,BUY_TARGET,SELL,STOP,13,2025-08-08 13:30:00.010224383+00:00,TARGET,STOP,1480,13,23558.0,23543.0,631.0,-69.0,562.0,RESOLVED,BUY,True,34.0,2025-08-08 13:30:00.028238619+00:00,PRICE_BE,23541.25,-39.0,-108.0,-670.0,RAW_TARGET_WINNER_SCRATCHED
2183,2025-08-08 09:30:00,2025-08-08T13:30:00+00:00,VALIDATED_SOURCE,NY,AUGUST,NQU5,2,16.0,1.0,2,2.0,COST_COVER_BE,RESOLVED,BUY_TARGET,SELL,STOP,13,2025-08-08 13:30:00.010224383+00:00,TARGET,STOP,1480,13,23558.0,23543.0,631.0,-69.0,562.0,RESOLVED,BUY,True,34.0,2025-08-08 13:30:00.028238619+00:00,COST_COVER_BE,23542.0,-9.0,-78.0,-640.0,RAW_TARGET_WINNER_SCRATCHED
2183,2025-08-08 09:30:00,2025-08-08T13:30:00+00:00,VALIDATED_SOURCE,NY,AUGUST,NQU5,2,16.0,1.0,2,3.0,PRICE_BE,RESOLVED,BUY_TARGET,SELL,STOP,13,2025-08-08 13:30:00.010224383+00:00,TARGET,STOP,1480,13,23558.0,23543.0,631.0,-69.0,562.0,RESOLVED,BUY,True,51.0,2025-08-08 13:30:00.040660763+00:00,PRICE_BE,23541.25,-39.0,-108.0,-670.0,RAW_TARGET_WINNER_SCRATCHED
2183,2025-08-08 09:30:00,2025-08-08T13:30:00+00:00,VALIDATED_SOURCE,NY,AUGUST,NQU5,2,16.0,1.0,2,3.0,COST_COVER_BE,RESOLVED,BUY_TARGET,SELL,STOP,13,2025-08-08 13:30:00.010224383+00:00,TARGET,STOP,1480,13,23558.0,23543.0,631.0,-69.0,562.0,RESOLVED,BUY,True,51.0,2025-08-08 13:30:00.040660763+00:00,COST_COVER_BE,23542.0,-9.0,-78.0,-640.0,RAW_TARGET_WINNER_SCRATCHED
2183,2025-08-08 09:30:00,2025-08-08T13:30:00+00:00,VALIDATED_SOURCE,NY,AUGUST,NQU5,2,16.0,1.0,2,4.0,PRICE_BE,RESOLVED,BUY_TARGET,SELL,STOP,13,2025-08-08 13:30:00.010224383+00:00,TARGET,STOP,1480,13,23558.0,23543.0,631.0,-69.0,562.0,RESOLVED,BUY,True,58.0,2025-08-08 13:30:00.045089465+00:00,PRICE_BE,23541.25,-39.0,-108.0,-670.0,RAW_TARGET_WINNER_SCRATCHED
2183,2025-08-08 09:30:00,2025-08-08T13:30:00+00:00,VALIDATED_SOURCE,NY,AUGUST,NQU5,2,16.0,1.0,2,4.0,COST_COVER_BE,RESOLVED,BUY_TARGET,SELL,STOP,13,2025-08-08 13:30:00.010224383+00:00,TARGET,STOP,1480,13,23558.0,23543.0,631.0,-69.0,562.0,RESOLVED,BUY,True,58.0,2025-08-08 13:30:00.045089465+00:00,COST_COVER_BE,23542.0,-9.0,-78.0,-640.0,RAW_TARGET_WINNER_SCRATCHED
2183,2025-08-08 09:30:00,2025-08-08T13:30:00+00:00,VALIDATED_SOURCE,NY,AUGUST,NQU5,2,16.0,1.0,2,5.0,PRICE_BE,RESOLVED,BUY_TARGET,SELL,STOP,13,2025-08-08 13:30:00.010224383+00:00,TARGET,STOP,1480,13,23558.0,23543.0,631.0,-69.0,562.0,RESOLVED,BUY,True,117.0,2025-08-08 13:30:00.124113329+00:00,PRICE_BE,23541.25,-39.0,-108.0,-670.0,RAW_TARGET_WINNER_SCRATCHED
2183,2025-08-08 09:30:00,2025-08-08T13:30:00+00:00,VALIDATED_SOURCE,NY,AUGUST,NQU5,2,16.0,1.0,2,5.0,COST_COVER_BE,RESOLVED,BUY_TARGET,SELL,STOP,13,2025-08-08 13:30:00.010224383+00:00,TARGET,STOP,1480,13,23558.0,23543.0,631.0,-69.0,562.0,RESOLVED,BUY,True,117.0,2025-08-08 13:30:00.124113329+00:00,COST_COVER_BE,23542.0,-9.0,-78.0,-640.0,RAW_TARGET_WINNER_SCRATCHED
2183,2025-08-08 09:30:00,2025-08-08T13:30:00+00:00,VALIDATED_SOURCE,NY,AUGUST,NQU5,2,16.0,1.0,2,8.0,PRICE_BE,RESOLVED,BUY_TARGET,SELL,STOP,13,2025-08-08 13:30:00.010224383+00:00,TARGET,STOP,1480,13,23558.0,23543.0,631.0,-69.0,562.0,RESOLVED,BUY,True,561.0,2025-08-08 13:30:04.381564609+00:00,TARGET_AFTER_ARM,23558.0,631.0,562.0,0.0,RAW_TARGET_WINNER_PRESERVED
2183,2025-08-08 09:30:00,2025-08-08T13:30:00+00:00,VALIDATED_SOURCE,NY,AUGUST,NQU5,2,16.0,1.0,2,8.0,COST_COVER_BE,RESOLVED,BUY_TARGET,SELL,STOP,13,2025-08-08 13:30:00.010224383+00:00,TARGET,STOP,1480,13,23558.0,23543.0,631.0,-69.0,562.0,RESOLVED,BUY,True,561.0,2025-08-08 13:30:04.381564609+00:00,TARGET_AFTER_ARM,23558.0,631.0,562.0,0.0,RAW_TARGET_WINNER_PRESERVED
2183,2025-08-08 09:30:00,2025-08-08T13:30:00+00:00,VALIDATED_SOURCE,NY,AUGUST,NQU5,2,16.0,1.0,4,0.5,PRICE_BE,RESOLVED,BUY_TARGET,SELL,STOP,13,2025-08-08 13:30:00.010224383+00:00,TARGET,STOP,1480,13,23558.0,23543.5,631.0,-89.0,542.0,RESOLVED,BUY,True,15.0,2025-08-08 13:30:00.012525707+00:00,PRICE_BE,23541.25,-39.0,-128.0,-670.0,RAW_TARGET_WINNER_SCRATCHED
2183,2025-08-08 09:30:00,2025-08-08T13:30:00+00:00,VALIDATED_SOURCE,NY,AUGUST,NQU5,2,16.0,1.0,4,0.5,COST_COVER_BE,RESOLVED,BUY_TARGET,SELL,STOP,13,2025-08-08 13:30:00.010224383+00:00,TARGET,STOP,1480,13,23558.0,23543.5,631.0,-89.0,542.0,RESOLVED,BUY,True,15.0,2025-08-08 13:30:00.012525707+00:00,COST_COVER_BE,23541.25,-39.0,-128.0,-670.0,RAW_TARGET_WINNER_SCRATCHED
2183,2025-08-08 09:30:00,2025-08-08T13:30:00+00:00,VALIDATED_SOURCE,NY,AUGUST,NQU5,2,16.0,1.0,4,1.0,PRICE_BE,RESOLVED,BUY_TARGET,SELL,STOP,13,2025-08-08 13:30:00.010224383+00:00,TARGET,STOP,1480,13,23558.0,23543.5,631.0,-89.0,542.0,RESOLVED,BUY,True,25.0,2025-08-08 13:30:00.022689841+00:00,PRICE_BE,23540.75,-59.0,-148.0,-690.0,RAW_TARGET_WINNER_SCRATCHED
2183,2025-08-08 09:30:00,2025-08-08T13:30:00+00:00,VALIDATED_SOURCE,NY,AUGUST,NQU5,2,16.0,1.0,4,1.0,COST_COVER_BE,RESOLVED,BUY_TARGET,SELL,STOP,13,2025-08-08 13:30:00.010224383+00:00,TARGET,STOP,1480,13,23558.0,23543.5,631.0,-89.0,542.0,RESOLVED,BUY,True,25.0,2025-08-08 13:30:00.022689841+00:00,COST_COVER_BE,23541.5,-29.0,-118.0,-660.0,RAW_TARGET_WINNER_SCRATCHED
2183,2025-08-08 09:30:00,2025-08-08T13:30:00+00:00,VALIDATED_SOURCE,NY,AUGUST,NQU5,2,16.0,1.0,4,2.0,PRICE_BE,RESOLVED,BUY_TARGET,SELL,STOP,13,2025-08-08 13:30:00.010224383+00:00,TARGET,STOP,1480,13,23558.0,23543.5,631.0,-89.0,542.0,RESOLVED,BUY,True,34.0,2025-08-08 13:30:00.028238619+00:00,PRICE_BE,23540.75,-59.0,-148.0,-690.0,RAW_TARGET_WINNER_SCRATCHED
2183,2025-08-08 09:30:00,2025-08-08T13:30:00+00:00,VALIDATED_SOURCE,NY,AUGUST,NQU5,2,16.0,1.0,4,2.0,COST_COVER_BE,RESOLVED,BUY_TARGET,SELL,STOP,13,2025-08-08 13:30:00.010224383+00:00,TARGET,STOP,1480,13,23558.0,23543.5,631.0,-89.0,542.0,RESOLVED,BUY,True,34.0,2025-08-08 13:30:00.028238619+00:00,COST_COVER_BE,23541.5,-29.0,-118.0,-660.0,RAW_TARGET_WINNER_SCRATCHED
2183,2025-08-08 09:30:00,2025-08-08T13:30:00+00:00,VALIDATED_SOURCE,NY,AUGUST,NQU5,2,16.0,1.0,4,3.0,PRICE_BE,RESOLVED,BUY_TARGET,SELL,STOP,13,2025-08-08 13:30:00.010224383+00:00,TARGET,STOP,1480,13,23558.0,23543.5,631.0,-89.0,542.0,RESOLVED,BUY,True,51.0,2025-08-08 13:30:00.040660763+00:00,PRICE_BE,23540.75,-59.0,-148.0,-690.0,RAW_TARGET_WINNER_SCRATCHED
2183,2025-08-08 09:30:00,2025-08-08T13:30:00+00:00,VALIDATED_SOURCE,NY,AUGUST,NQU5,2,16.0,1.0,4,3.0,COST_COVER_BE,RESOLVED,BUY_TARGET,SELL,STOP,13,2025-08-08 13:30:00.010224383+00:00,TARGET,STOP,1480,13,23558.0,23543.5,631.0,-89.0,542.0,RESOLVED,BUY,True,51.0,2025-08-08 13:30:00.040660763+00:00,COST_COVER_BE,23541.5,-29.0,-118.0,-660.0,RAW_TARGET_WINNER_SCRATCHED
2183,2025-08-08 09:30:00,2025-08-08T13:30:00+00:00,VALIDATED_SOURCE,NY,AUGUST,NQU5,2,16.0,1.0,4,4.0,PRICE_BE,RESOLVED,BUY_TARGET,SELL,STOP,13,2025-08-08 13:30:00.010224383+00:00,TARGET,STOP,1480,13,23558.0,23543.5,631.0,-89.0,542.0,RESOLVED,BUY,True,58.0,2025-08-08 13:30:00.045089465+00:00,PRICE_BE,23540.75,-59.0,-148.0,-690.0,RAW_TARGET_WINNER_SCRATCHED
2183,2025-08-08 09:30:00,2025-08-08T13:30:00+00:00,VALIDATED_SOURCE,NY,AUGUST,NQU5,2,16.0,1.0,4,4.0,COST_COVER_BE,RESOLVED,BUY_TARGET,SELL,STOP,13,2025-08-08 13:30:00.010224383+00:00,TARGET,STOP,1480,13,23558.0,23543.5,631.0,-89.0,542.0,RESOLVED,BUY,True,58.0,2025-08-08 13:30:00.045089465+00:00,COST_COVER_BE,23541.5,-29.0,-118.0,-660.0,RAW_TARGET_WINNER_SCRATCHED
2183,2025-08-08 09:30:00,2025-08-08T13:30:00+00:00,VALIDATED_SOURCE,NY,AUGUST,NQU5,2,16.0,1.0,4,5.0,PRICE_BE,RESOLVED,BUY_TARGET,SELL,STOP,13,2025-08-08 13:30:00.010224383+00:00,TARGET,STOP,1480,13,23558.0,23543.5,631.0,-89.0,542.0,RESOLVED,BUY,True,117.0,2025-08-08 13:30:00.124113329+00:00,PRICE_BE,23540.75,-59.0,-148.0,-690.0,RAW_TARGET_WINNER_SCRATCHED
2183,2025-08-08 09:30:00,2025-08-08T13:30:00+00:00,VALIDATED_SOURCE,NY,AUGUST,NQU5,2,16.0,1.0,4,5.0,COST_COVER_BE,RESOLVED,BUY_TARGET,SELL,STOP,13,2025-08-08 13:30:00.010224383+00:00,TARGET,STOP,1480,13,23558.0,23543.5,631.0,-89.0,542.0,RESOLVED,BUY,True,117.0,2025-08-08 13:30:00.124113329+00:00,COST_COVER_BE,23541.5,-29.0,-118.0,-660.0,RAW_TARGET_WINNER_SCRATCHED
2183,2025-08-08 09:30:00,2025-08-08T13:30:00+00:00,VALIDATED_SOURCE,NY,AUGUST,NQU5,2,16.0,1.0,4,8.0,PRICE_BE,RESOLVED,BUY_TARGET,SELL,STOP,13,2025-08-08 13:30:00.010224383+00:00,TARGET,STOP,1480,13,23558.0,23543.5,631.0,-89.0,542.0,RESOLVED,BUY,True,561.0,2025-08-08 13:30:04.381564609+00:00,TARGET_AFTER_ARM,23558.0,631.0,542.0,0.0,RAW_TARGET_WINNER_PRESERVED
2183,2025-08-08 09:30:00,2025-08-08T13:30:00+00:00,VALIDATED_SOURCE,NY,AUGUST,NQU5,2,16.0,1.0,4,8.0,COST_COVER_BE,RESOLVED,BUY_TARGET,SELL,STOP,13,2025-08-08 13:30:00.010224383+00:00,TARGET,STOP,1480,13,23558.0,23543.5,631.0,-89.0,542.0,RESOLVED,BUY,True,561.0,2025-08-08 13:30:04.381564609+00:00,TARGET_AFTER_ARM,23558.0,631.0,542.0,0.0,RAW_TARGET_WINNER_PRESERVED
2184,2025-08-10 18:00:00,2025-08-10T22:00:00+00:00,VALIDATED_SOURCE,WEEKLY,AUGUST,NQU5,2,10.0,1.0,0,0.5,PRICE_BE,RESOLVED,DOUBLE_STOP,BUY,STOP,0,2025-08-10 22:00:00.069726097+00:00,STOP,STOP,0,5,23763.0,23766.0,-59.0,-99.0,-158.0,RESOLVED,SELL,True,2.0,2025-08-10 22:00:00.101023519+00:00,PRICE_BE,23764.5,-39.0,-98.0,60.0,RAW_DOUBLE_STOP_RESCUED
2184,2025-08-10 18:00:00,2025-08-10T22:00:00+00:00,VALIDATED_SOURCE,WEEKLY,AUGUST,NQU5,2,10.0,1.0,0,0.5,COST_COVER_BE,RESOLVED,DOUBLE_STOP,BUY,STOP,0,2025-08-10 22:00:00.069726097+00:00,STOP,STOP,0,5,23763.0,23766.0,-59.0,-99.0,-158.0,RESOLVED,SELL,True,2.0,2025-08-10 22:00:00.101023519+00:00,COST_COVER_BE,23764.5,-39.0,-98.0,60.0,RAW_DOUBLE_STOP_RESCUED
2184,2025-08-10 18:00:00,2025-08-10T22:00:00+00:00,VALIDATED_SOURCE,WEEKLY,AUGUST,NQU5,2,10.0,1.0,0,1.0,PRICE_BE,RESOLVED,DOUBLE_STOP,BUY,STOP,0,2025-08-10 22:00:00.069726097+00:00,STOP,STOP,0,5,23763.0,23766.0,-59.0,-99.0,-158.0,RESOLVED,SELL,True,2.0,2025-08-10 22:00:00.101023519+00:00,PRICE_BE,23764.5,-39.0,-98.0,60.0,RAW_DOUBLE_STOP_RESCUED
2184,2025-08-10 18:00:00,2025-08-10T22:00:00+00:00,VALIDATED_SOURCE,WEEKLY,AUGUST,NQU5,2,10.0,1.0,0,1.0,COST_COVER_BE,RESOLVED,DOUBLE_STOP,BUY,STOP,0,2025-08-10 22:00:00.069726097+00:00,STOP,STOP,0,5,23763.0,23766.0,-59.0,-99.0,-158.0,RESOLVED,SELL,True,2.0,2025-08-10 22:00:00.101023519+00:00,COST_COVER_BE,23764.5,-39.0,-98.0,60.0,RAW_DOUBLE_STOP_RESCUED
2184,2025-08-10 18:00:00,2025-08-10T22:00:00+00:00,VALIDATED_SOURCE,WEEKLY,AUGUST,NQU5,2,10.0,1.0,0,2.0,PRICE_BE,RESOLVED,DOUBLE_STOP,BUY,STOP,0,2025-08-10 22:00:00.069726097+00:00,STOP,STOP,0,5,23763.0,23766.0,-59.0,-99.0,-158.0,RESOLVED,SELL,False,,,ORIGINAL_STOP_BEFORE_ARM,23766.0,-99.0,-158.0,0.0,RAW_DOUBLE_STOP_NOT_RESCUED
2184,2025-08-10 18:00:00,2025-08-10T22:00:00+00:00,VALIDATED_SOURCE,WEEKLY,AUGUST,NQU5,2,10.0,1.0,0,2.0,COST_COVER_BE,RESOLVED,DOUBLE_STOP,BUY,STOP,0,2025-08-10 22:00:00.069726097+00:00,STOP,STOP,0,5,23763.0,23766.0,-59.0,-99.0,-158.0,RESOLVED,SELL,False,,,ORIGINAL_STOP_BEFORE_ARM,23766.0,-99.0,-158.0,0.0,RAW_DOUBLE_STOP_NOT_RESCUED
2184,2025-08-10 18:00:00,2025-08-10T22:00:00+00:00,VALIDATED_SOURCE,WEEKLY,AUGUST,NQU5,2,10.0,1.0,0,3.0,PRICE_BE,RESOLVED,DOUBLE_STOP,BUY,STOP,0,2025-08-10 22:00:00.069726097+00:00,STOP,STOP,0,5,23763.0,23766.0,-59.0,-99.0,-158.0,RESOLVED,SELL,False,,,ORIGINAL_STOP_BEFORE_ARM,23766.0,-99.0,-158.0,0.0,RAW_DOUBLE_STOP_NOT_RESCUED
2184,2025-08-10 18:00:00,2025-08-10T22:00:00+00:00,VALIDATED_SOURCE,WEEKLY,AUGUST,NQU5,2,10.0,1.0,0,3.0,COST_COVER_BE,RESOLVED,DOUBLE_STOP,BUY,STOP,0,2025-08-10 22:00:00.069726097+00:00,STOP,STOP,0,5,23763.0,23766.0,-59.0,-99.0,-158.0,RESOLVED,SELL,False,,,ORIGINAL_STOP_BEFORE_ARM,23766.0,-99.0,-158.0,0.0,RAW_DOUBLE_STOP_NOT_RESCUED
2184,2025-08-10 18:00:00,2025-08-10T22:00:00+00:00,VALIDATED_SOURCE,WEEKLY,AUGUST,NQU5,2,10.0,1.0,0,4.0,PRICE_BE,RESOLVED,DOUBLE_STOP,BUY,STOP,0,2025-08-10 22:00:00.069726097+00:00,STOP,STOP,0,5,23763.0,23766.0,-59.0,-99.0,-158.0,RESOLVED,SELL,False,,,ORIGINAL_STOP_BEFORE_ARM,23766.0,-99.0,-158.0,0.0,RAW_DOUBLE_STOP_NOT_RESCUED
2184,2025-08-10 18:00:00,2025-08-10T22:00:00+00:00,VALIDATED_SOURCE,WEEKLY,AUGUST,NQU5,2,10.0,1.0,0,4.0,COST_COVER_BE,RESOLVED,DOUBLE_STOP,BUY,STOP,0,2025-08-10 22:00:00.069726097+00:00,STOP,STOP,0,5,23763.0,23766.0,-59.0,-99.0,-158.0,RESOLVED,SELL,False,,,ORIGINAL_STOP_BEFORE_ARM,23766.0,-99.0,-158.0,0.0,RAW_DOUBLE_STOP_NOT_RESCUED
2184,2025-08-10 18:00:00,2025-08-10T22:00:00+00:00,VALIDATED_SOURCE,WEEKLY,AUGUST,NQU5,2,10.0,1.0,0,5.0,PRICE_BE,RESOLVED,DOUBLE_STOP,BUY,STOP,0,2025-08-10 22:00:00.069726097+00:00,STOP,STOP,0,5,23763.0,23766.0,-59.0,-99.0,-158.0,RESOLVED,SELL,False,,,ORIGINAL_STOP_BEFORE_ARM,23766.0,-99.0,-158.0,0.0,RAW_DOUBLE_STOP_NOT_RESCUED
2184,2025-08-10 18:00:00,2025-08-10T22:00:00+00:00,VALIDATED_SOURCE,WEEKLY,AUGUST,NQU5,2,10.0,1.0,0,5.0,COST_COVER_BE,RESOLVED,DOUBLE_STOP,BUY,STOP,0,2025-08-10 22:00:00.069726097+00:00,STOP,STOP,0,5,23763.0,23766.0,-59.0,-99.0,-158.0,RESOLVED,SELL,False,,,ORIGINAL_STOP_BEFORE_ARM,23766.0,-99.0,-158.0,0.0,RAW_DOUBLE_STOP_NOT_RESCUED
2184,2025-08-10 18:00:00,2025-08-10T22:00:00+00:00,VALIDATED_SOURCE,WEEKLY,AUGUST,NQU5,2,10.0,1.0,0,8.0,PRICE_BE,RESOLVED,DOUBLE_STOP,BUY,STOP,0,2025-08-10 22:00:00.069726097+00:00,STOP,STOP,0,5,23763.0,23766.0,-59.0,-99.0,-158.0,RESOLVED,SELL,False,,,ORIGINAL_STOP_BEFORE_ARM,23766.0,-99.0,-158.0,0.0,RAW_DOUBLE_STOP_NOT_RESCUED
2184,2025-08-10 18:00:00,2025-08-10T22:00:00+00:00,VALIDATED_SOURCE,WEEKLY,AUGUST,NQU5,2,10.0,1.0,0,8.0,COST_COVER_BE,RESOLVED,DOUBLE_STOP,BUY,STOP,0,2025-08-10 22:00:00.069726097+00:00,STOP,STOP,0,5,23763.0,23766.0,-59.0,-99.0,-158.0,RESOLVED,SELL,False,,,ORIGINAL_STOP_BEFORE_ARM,23766.0,-99.0,-158.0,0.0,RAW_DOUBLE_STOP_NOT_RESCUED
2184,2025-08-10 18:00:00,2025-08-10T22:00:00+00:00,VALIDATED_SOURCE,WEEKLY,AUGUST,NQU5,2,10.0,1.0,1,0.5,PRICE_BE,RESOLVED,DOUBLE_STOP,BUY,STOP,0,2025-08-10 22:00:00.069726097+00:00,STOP,STOP,0,5,23762.75,23766.25,-69.0,-109.0,-178.0,RESOLVED,SELL,True,2.0,2025-08-10 22:00:00.101023519+00:00,PRICE_BE,23764.75,-49.0,-118.0,60.0,RAW_DOUBLE_STOP_RESCUED
2184,2025-08-10 18:00:00,2025-08-10T22:00:00+00:00,VALIDATED_SOURCE,WEEKLY,AUGUST,NQU5,2,10.0,1.0,1,0.5,COST_COVER_BE,RESOLVED,DOUBLE_STOP,BUY,STOP,0,2025-08-10 22:00:00.069726097+00:00,STOP,STOP,0,5,23762.75,23766.25,-69.0,-109.0,-178.0,RESOLVED,SELL,True,2.0,2025-08-10 22:00:00.101023519+00:00,COST_COVER_BE,23764.75,-49.0,-118.0,60.0,RAW_DOUBLE_STOP_RESCUED
2184,2025-08-10 18:00:00,2025-08-10T22:00:00+00:00,VALIDATED_SOURCE,WEEKLY,AUGUST,NQU5,2,10.0,1.0,1,1.0,PRICE_BE,RESOLVED,DOUBLE_STOP,BUY,STOP,0,2025-08-10 22:00:00.069726097+00:00,STOP,STOP,0,5,23762.75,23766.25,-69.0,-109.0,-178.0,RESOLVED,SELL,True,2.0,2025-08-10 22:00:00.101023519+00:00,PRICE_BE,23764.75,-49.0,-118.0,60.0,RAW_DOUBLE_STOP_RESCUED
2184,2025-08-10 18:00:00,2025-08-10T22:00:00+00:00,VALIDATED_SOURCE,WEEKLY,AUGUST,NQU5,2,10.0,1.0,1,1.0,COST_COVER_BE,RESOLVED,DOUBLE_STOP,BUY,STOP,0,2025-08-10 22:00:00.069726097+00:00,STOP,STOP,0,5,23762.75,23766.25,-69.0,-109.0,-178.0,RESOLVED,SELL,True,2.0,2025-08-10 22:00:00.101023519+00:00,COST_COVER_BE,23764.75,-49.0,-118.0,60.0,RAW_DOUBLE_STOP_RESCUED
2184,2025-08-10 18:00:00,2025-08-10T22:00:00+00:00,VALIDATED_SOURCE,WEEKLY,AUGUST,NQU5,2,10.0,1.0,1,2.0,PRICE_BE,RESOLVED,DOUBLE_STOP,BUY,STOP,0,2025-08-10 22:00:00.069726097+00:00,STOP,STOP,0,5,23762.75,23766.25,-69.0,-109.0,-178.0,RESOLVED,SELL,False,,,ORIGINAL_STOP_BEFORE_ARM,23766.25,-109.0,-178.0,0.0,RAW_DOUBLE_STOP_NOT_RESCUED
2184,2025-08-10 18:00:00,2025-08-10T22:00:00+00:00,VALIDATED_SOURCE,WEEKLY,AUGUST,NQU5,2,10.0,1.0,1,2.0,COST_COVER_BE,RESOLVED,DOUBLE_STOP,BUY,STOP,0,2025-08-10 22:00:00.069726097+00:00,STOP,STOP,0,5,23762.75,23766.25,-69.0,-109.0,-178.0,RESOLVED,SELL,False,,,ORIGINAL_STOP_BEFORE_ARM,23766.25,-109.0,-178.0,0.0,RAW_DOUBLE_STOP_NOT_RESCUED
2184,2025-08-10 18:00:00,2025-08-10T22:00:00+00:00,VALIDATED_SOURCE,WEEKLY,AUGUST,NQU5,2,10.0,1.0,1,3.0,PRICE_BE,RESOLVED,DOUBLE_STOP,BUY,STOP,0,2025-08-10 22:00:00.069726097+00:00,STOP,STOP,0,5,23762.75,23766.25,-69.0,-109.0,-178.0,RESOLVED,SELL,False,,,ORIGINAL_STOP_BEFORE_ARM,23766.25,-109.0,-178.0,0.0,RAW_DOUBLE_STOP_NOT_RESCUED
2184,2025-08-10 18:00:00,2025-08-10T22:00:00+00:00,VALIDATED_SOURCE,WEEKLY,AUGUST,NQU5,2,10.0,1.0,1,3.0,COST_COVER_BE,RESOLVED,DOUBLE_STOP,BUY,STOP,0,2025-08-10 22:00:00.069726097+00:00,STOP,STOP,0,5,23762.75,23766.25,-69.0,-109.0,-178.0,RESOLVED,SELL,False,,,ORIGINAL_STOP_BEFORE_ARM,23766.25,-109.0,-178.0,0.0,RAW_DOUBLE_STOP_NOT_RESCUED
2184,2025-08-10 18:00:00,2025-08-10T22:00:00+00:00,VALIDATED_SOURCE,WEEKLY,AUGUST,NQU5,2,10.0,1.0,1,4.0,PRICE_BE,RESOLVED,DOUBLE_STOP,BUY,STOP,0,2025-08-10 22:00:00.069726097+00:00,STOP,STOP,0,5,23762.75,23766.25,-69.0,-109.0,-178.0,RESOLVED,SELL,False,,,ORIGINAL_STOP_BEFORE_ARM,23766.25,-109.0,-178.0,0.0,RAW_DOUBLE_STOP_NOT_RESCUED
2184,2025-08-10 18:00:00,2025-08-10T22:00:00+00:00,VALIDATED_SOURCE,WEEKLY,AUGUST,NQU5,2,10.0,1.0,1,4.0,COST_COVER_BE,RESOLVED,DOUBLE_STOP,BUY,STOP,0,2025-08-10 22:00:00.069726097+00:00,STOP,STOP,0,5,23762.75,23766.25,-69.0,-109.0,-178.0,RESOLVED,SELL,False,,,ORIGINAL_STOP_BEFORE_ARM,23766.25,-109.0,-178.0,0.0,RAW_DOUBLE_STOP_NOT_RESCUED
2184,2025-08-10 18:00:00,2025-08-10T22:00:00+00:00,VALIDATED_SOURCE,WEEKLY,AUGUST,NQU5,2,10.0,1.0,1,5.0,PRICE_BE,RESOLVED,DOUBLE_STOP,BUY,STOP,0,2025-08-10 22:00:00.069726097+00:00,STOP,STOP,0,5,23762.75,23766.25,-69.0,-109.0,-178.0,RESOLVED,SELL,False,,,ORIGINAL_STOP_BEFORE_ARM,23766.25,-109.0,-178.0,0.0,RAW_DOUBLE_STOP_NOT_RESCUED
2184,2025-08-10 18:00:00,2025-08-10T22:00:00+00:00,VALIDATED_SOURCE,WEEKLY,AUGUST,NQU5,2,10.0,1.0,1,5.0,COST_COVER_BE,RESOLVED,DOUBLE_STOP,BUY,STOP,0,2025-08-10 22:00:00.069726097+00:00,STOP,STOP,0,5,23762.75,23766.25,-69.0,-109.0,-178.0,RESOLVED,SELL,False,,,ORIGINAL_STOP_BEFORE_ARM,23766.25,-109.0,-178.0,0.0,RAW_DOUBLE_STOP_NOT_RESCUED
2184,2025-08-10 18:00:00,2025-08-10T22:00:00+00:00,VALIDATED_SOURCE,WEEKLY,AUGUST,NQU5,2,10.0,1.0,1,8.0,PRICE_BE,RESOLVED,DOUBLE_STOP,BUY,STOP,0,2025-08-10 22:00:00.069726097+00:00,STOP,STOP,0,5,23762.75,23766.25,-69.0,-109.0,-178.0,RESOLVED,SELL,False,,,ORIGINAL_STOP_BEFORE_ARM,23766.25,-109.0,-178.0,0.0,RAW_DOUBLE_STOP_NOT_RESCUED
2184,2025-08-10 18:00:00,2025-08-10T22:00:00+00:00,VALIDATED_SOURCE,WEEKLY,AUGUST,NQU5,2,10.0,1.0,1,8.0,COST_COVER_BE,RESOLVED,DOUBLE_STOP,BUY,STOP,0,2025-08-10 22:00:00.069726097+00:00,STOP,STOP,0,5,23762.75,23766.25,-69.0,-109.0,-178.0,RESOLVED,SELL,False,,,ORIGINAL_STOP_BEFORE_ARM,23766.25,-109.0,-178.0,0.0,RAW_DOUBLE_STOP_NOT_RESCUED
2184,2025-08-10 18:00:00,2025-08-10T22:00:00+00:00,VALIDATED_SOURCE,WEEKLY,AUGUST,NQU5,2,10.0,1.0,2,0.5,PRICE_BE,RESOLVED,DOUBLE_STOP,BUY,STOP,0,2025-08-10 22:00:00.069726097+00:00,STOP,STOP,0,5,23762.5,23766.5,-79.0,-119.0,-198.0,RESOLVED,SELL,True,2.0,2025-08-10 22:00:00.101023519+00:00,PRICE_BE,23765.0,-59.0,-138.0,60.0,RAW_DOUBLE_STOP_RESCUED
2184,2025-08-10 18:00:00,2025-08-10T22:00:00+00:00,VALIDATED_SOURCE,WEEKLY,AUGUST,NQU5,2,10.0,1.0,2,0.5,COST_COVER_BE,RESOLVED,DOUBLE_STOP,BUY,STOP,0,2025-08-10 22:00:00.069726097+00:00,STOP,STOP,0,5,23762.5,23766.5,-79.0,-119.0,-198.0,RESOLVED,SELL,True,2.0,2025-08-10 22:00:00.101023519+00:00,COST_COVER_BE,23765.0,-59.0,-138.0,60.0,RAW_DOUBLE_STOP_RESCUED
2184,2025-08-10 18:00:00,2025-08-10T22:00:00+00:00,VALIDATED_SOURCE,WEEKLY,AUGUST,NQU5,2,10.0,1.0,2,1.0,PRICE_BE,RESOLVED,DOUBLE_STOP,BUY,STOP,0,2025-08-10 22:00:00.069726097+00:00,STOP,STOP,0,5,23762.5,23766.5,-79.0,-119.0,-198.0,RESOLVED,SELL,True,2.0,2025-08-10 22:00:00.101023519+00:00,PRICE_BE,23765.0,-59.0,-138.0,60.0,RAW_DOUBLE_STOP_RESCUED
2184,2025-08-10 18:00:00,2025-08-10T22:00:00+00:00,VALIDATED_SOURCE,WEEKLY,AUGUST,NQU5,2,10.0,1.0,2,1.0,COST_COVER_BE,RESOLVED,DOUBLE_STOP,BUY,STOP,0,2025-08-10 22:00:00.069726097+00:00,STOP,STOP,0,5,23762.5,23766.5,-79.0,-119.0,-198.0,RESOLVED,SELL,True,2.0,2025-08-10 22:00:00.101023519+00:00,COST_COVER_BE,23765.0,-59.0,-138.0,60.0,RAW_DOUBLE_STOP_RESCUED
2184,2025-08-10 18:00:00,2025-08-10T22:00:00+00:00,VALIDATED_SOURCE,WEEKLY,AUGUST,NQU5,2,10.0,1.0,2,2.0,PRICE_BE,RESOLVED,DOUBLE_STOP,BUY,STOP,0,2025-08-10 22:00:00.069726097+00:00,STOP,STOP,0,5,23762.5,23766.5,-79.0,-119.0,-198.0,RESOLVED,SELL,False,,,ORIGINAL_STOP_BEFORE_ARM,23766.5,-119.0,-198.0,0.0,RAW_DOUBLE_STOP_NOT_RESCUED
2184,2025-08-10 18:00:00,2025-08-10T22:00:00+00:00,VALIDATED_SOURCE,WEEKLY,AUGUST,NQU5,2,10.0,1.0,2,2.0,COST_COVER_BE,RESOLVED,DOUBLE_STOP,BUY,STOP,0,2025-08-10 22:00:00.069726097+00:00,STOP,STOP,0,5,23762.5,23766.5,-79.0,-119.0,-198.0,RESOLVED,SELL,False,,,ORIGINAL_STOP_BEFORE_ARM,23766.5,-119.0,-198.0,0.0,RAW_DOUBLE_STOP_NOT_RESCUED
2184,2025-08-10 18:00:00,2025-08-10T22:00:00+00:00,VALIDATED_SOURCE,WEEKLY,AUGUST,NQU5,2,10.0,1.0,2,3.0,PRICE_BE,RESOLVED,DOUBLE_STOP,BUY,STOP,0,2025-08-10 22:00:00.069726097+00:00,STOP,STOP,0,5,23762.5,23766.5,-79.0,-119.0,-198.0,RESOLVED,SELL,False,,,ORIGINAL_STOP_BEFORE_ARM,23766.5,-119.0,-198.0,0.0,RAW_DOUBLE_STOP_NOT_RESCUED
2184,2025-08-10 18:00:00,2025-08-10T22:00:00+00:00,VALIDATED_SOURCE,WEEKLY,AUGUST,NQU5,2,10.0,1.0,2,3.0,COST_COVER_BE,RESOLVED,DOUBLE_STOP,BUY,STOP,0,2025-08-10 22:00:00.069726097+00:00,STOP,STOP,0,5,23762.5,23766.5,-79.0,-119.0,-198.0,RESOLVED,SELL,False,,,ORIGINAL_STOP_BEFORE_ARM,23766.5,-119.0,-198.0,0.0,RAW_DOUBLE_STOP_NOT_RESCUED
2184,2025-08-10 18:00:00,2025-08-10T22:00:00+00:00,VALIDATED_SOURCE,WEEKLY,AUGUST,NQU5,2,10.0,1.0,2,4.0,PRICE_BE,RESOLVED,DOUBLE_STOP,BUY,STOP,0,2025-08-10 22:00:00.069726097+00:00,STOP,STOP,0,5,23762.5,23766.5,-79.0,-119.0,-198.0,RESOLVED,SELL,False,,,ORIGINAL_STOP_BEFORE_ARM,23766.5,-119.0,-198.0,0.0,RAW_DOUBLE_STOP_NOT_RESCUED
2184,2025-08-10 18:00:00,2025-08-10T22:00:00+00:00,VALIDATED_SOURCE,WEEKLY,AUGUST,NQU5,2,10.0,1.0,2,4.0,COST_COVER_BE,RESOLVED,DOUBLE_STOP,BUY,STOP,0,2025-08-10 22:00:00.069726097+00:00,STOP,STOP,0,5,23762.5,23766.5,-79.0,-119.0,-198.0,RESOLVED,SELL,False,,,ORIGINAL_STOP_BEFORE_ARM,23766.5,-119.0,-198.0,0.0,RAW_DOUBLE_STOP_NOT_RESCUED
2184,2025-08-10 18:00:00,2025-08-10T22:00:00+00:00,VALIDATED_SOURCE,WEEKLY,AUGUST,NQU5,2,10.0,1.0,2,5.0,PRICE_BE,RESOLVED,DOUBLE_STOP,BUY,STOP,0,2025-08-10 22:00:00.069726097+00:00,STOP,STOP,0,5,23762.5,23766.5,-79.0,-119.0,-198.0,RESOLVED,SELL,False,,,ORIGINAL_STOP_BEFORE_ARM,23766.5,-119.0,-198.0,0.0,RAW_DOUBLE_STOP_NOT_RESCUED
2184,2025-08-10 18:00:00,2025-08-10T22:00:00+00:00,VALIDATED_SOURCE,WEEKLY,AUGUST,NQU5,2,10.0,1.0,2,5.0,COST_COVER_BE,RESOLVED,DOUBLE_STOP,BUY,STOP,0,2025-08-10 22:00:00.069726097+00:00,STOP,STOP,0,5,23762.5,23766.5,-79.0,-119.0,-198.0,RESOLVED,SELL,False,,,ORIGINAL_STOP_BEFORE_ARM,23766.5,-119.0,-198.0,0.0,RAW_DOUBLE_STOP_NOT_RESCUED
2184,2025-08-10 18:00:00,2025-08-10T22:00:00+00:00,VALIDATED_SOURCE,WEEKLY,AUGUST,NQU5,2,10.0,1.0,2,8.0,PRICE_BE,RESOLVED,DOUBLE_STOP,BUY,STOP,0,2025-08-10 22:00:00.069726097+00:00,STOP,STOP,0,5,23762.5,23766.5,-79.0,-119.0,-198.0,RESOLVED,SELL,False,,,ORIGINAL_STOP_BEFORE_ARM,23766.5,-119.0,-198.0,0.0,RAW_DOUBLE_STOP_NOT_RESCUED
2184,2025-08-10 18:00:00,2025-08-10T22:00:00+00:00,VALIDATED_SOURCE,WEEKLY,AUGUST,NQU5,2,10.0,1.0,2,8.0,COST_COVER_BE,RESOLVED,DOUBLE_STOP,BUY,STOP,0,2025-08-10 22:00:00.069726097+00:00,STOP,STOP,0,5,23762.5,23766.5,-79.0,-119.0,-198.0,RESOLVED,SELL,False,,,ORIGINAL_STOP_BEFORE_ARM,23766.5,-119.0,-198.0,0.0,RAW_DOUBLE_STOP_NOT_RESCUED
2184,2025-08-10 18:00:00,2025-08-10T22:00:00+00:00,VALIDATED_SOURCE,WEEKLY,AUGUST,NQU5,2,10.0,1.0,4,0.5,PRICE_BE,RESOLVED,DOUBLE_STOP,BUY,STOP,0,2025-08-10 22:00:00.069726097+00:00,STOP,STOP,0,5,23762.0,23767.0,-99.0,-139.0,-238.0,RESOLVED,SELL,True,2.0,2025-08-10 22:00:00.101023519+00:00,PRICE_BE,23765.5,-79.0,-178.0,60.0,RAW_DOUBLE_STOP_RESCUED
2184,2025-08-10 18:00:00,2025-08-10T22:00:00+00:00,VALIDATED_SOURCE,WEEKLY,AUGUST,NQU5,2,10.0,1.0,4,0.5,COST_COVER_BE,RESOLVED,DOUBLE_STOP,BUY,STOP,0,2025-08-10 22:00:00.069726097+00:00,STOP,STOP,0,5,23762.0,23767.0,-99.0,-139.0,-238.0,RESOLVED,SELL,True,2.0,2025-08-10 22:00:00.101023519+00:00,COST_COVER_BE,23765.5,-79.0,-178.0,60.0,RAW_DOUBLE_STOP_RESCUED
2184,2025-08-10 18:00:00,2025-08-10T22:00:00+00:00,VALIDATED_SOURCE,WEEKLY,AUGUST,NQU5,2,10.0,1.0,4,1.0,PRICE_BE,RESOLVED,DOUBLE_STOP,BUY,STOP,0,2025-08-10 22:00:00.069726097+00:00,STOP,STOP,0,5,23762.0,23767.0,-99.0,-139.0,-238.0,RESOLVED,SELL,True,2.0,2025-08-10 22:00:00.101023519+00:00,PRICE_BE,23765.5,-79.0,-178.0,60.0,RAW_DOUBLE_STOP_RESCUED
2184,2025-08-10 18:00:00,2025-08-10T22:00:00+00:00,VALIDATED_SOURCE,WEEKLY,AUGUST,NQU5,2,10.0,1.0,4,1.0,COST_COVER_BE,RESOLVED,DOUBLE_STOP,BUY,STOP,0,2025-08-10 22:00:00.069726097+00:00,STOP,STOP,0,5,23762.0,23767.0,-99.0,-139.0,-238.0,RESOLVED,SELL,True,2.0,2025-08-10 22:00:00.101023519+00:00,COST_COVER_BE,23765.5,-79.0,-178.0,60.0,RAW_DOUBLE_STOP_RESCUED
2184,2025-08-10 18:00:00,2025-08-10T22:00:00+00:00,VALIDATED_SOURCE,WEEKLY,AUGUST,NQU5,2,10.0,1.0,4,2.0,PRICE_BE,RESOLVED,DOUBLE_STOP,BUY,STOP,0,2025-08-10 22:00:00.069726097+00:00,STOP,STOP,0,5,23762.0,23767.0,-99.0,-139.0,-238.0,RESOLVED,SELL,False,,,ORIGINAL_STOP_BEFORE_ARM,23767.0,-139.0,-238.0,0.0,RAW_DOUBLE_STOP_NOT_RESCUED
2184,2025-08-10 18:00:00,2025-08-10T22:00:00+00:00,VALIDATED_SOURCE,WEEKLY,AUGUST,NQU5,2,10.0,1.0,4,2.0,COST_COVER_BE,RESOLVED,DOUBLE_STOP,BUY,STOP,0,2025-08-10 22:00:00.069726097+00:00,STOP,STOP,0,5,23762.0,23767.0,-99.0,-139.0,-238.0,RESOLVED,SELL,False,,,ORIGINAL_STOP_BEFORE_ARM,23767.0,-139.0,-238.0,0.0,RAW_DOUBLE_STOP_NOT_RESCUED
2184,2025-08-10 18:00:00,2025-08-10T22:00:00+00:00,VALIDATED_SOURCE,WEEKLY,AUGUST,NQU5,2,10.0,1.0,4,3.0,PRICE_BE,RESOLVED,DOUBLE_STOP,BUY,STOP,0,2025-08-10 22:00:00.069726097+00:00,STOP,STOP,0,5,23762.0,23767.0,-99.0,-139.0,-238.0,RESOLVED,SELL,False,,,ORIGINAL_STOP_BEFORE_ARM,23767.0,-139.0,-238.0,0.0,RAW_DOUBLE_STOP_NOT_RESCUED
2184,2025-08-10 18:00:00,2025-08-10T22:00:00+00:00,VALIDATED_SOURCE,WEEKLY,AUGUST,NQU5,2,10.0,1.0,4,3.0,COST_COVER_BE,RESOLVED,DOUBLE_STOP,BUY,STOP,0,2025-08-10 22:00:00.069726097+00:00,STOP,STOP,0,5,23762.0,23767.0,-99.0,-139.0,-238.0,RESOLVED,SELL,False,,,ORIGINAL_STOP_BEFORE_ARM,23767.0,-139.0,-238.0,0.0,RAW_DOUBLE_STOP_NOT_RESCUED
2184,2025-08-10 18:00:00,2025-08-10T22:00:00+00:00,VALIDATED_SOURCE,WEEKLY,AUGUST,NQU5,2,10.0,1.0,4,4.0,PRICE_BE,RESOLVED,DOUBLE_STOP,BUY,STOP,0,2025-08-10 22:00:00.069726097+00:00,STOP,STOP,0,5,23762.0,23767.0,-99.0,-139.0,-238.0,RESOLVED,SELL,False,,,ORIGINAL_STOP_BEFORE_ARM,23767.0,-139.0,-238.0,0.0,RAW_DOUBLE_STOP_NOT_RESCUED
2184,2025-08-10 18:00:00,2025-08-10T22:00:00+00:00,VALIDATED_SOURCE,WEEKLY,AUGUST,NQU5,2,10.0,1.0,4,4.0,COST_COVER_BE,RESOLVED,DOUBLE_STOP,BUY,STOP,0,2025-08-10 22:00:00.069726097+00:00,STOP,STOP,0,5,23762.0,23767.0,-99.0,-139.0,-238.0,RESOLVED,SELL,False,,,ORIGINAL_STOP_BEFORE_ARM,23767.0,-139.0,-238.0,0.0,RAW_DOUBLE_STOP_NOT_RESCUED
2184,2025-08-10 18:00:00,2025-08-10T22:00:00+00:00,VALIDATED_SOURCE,WEEKLY,AUGUST,NQU5,2,10.0,1.0,4,5.0,PRICE_BE,RESOLVED,DOUBLE_STOP,BUY,STOP,0,2025-08-10 22:00:00.069726097+00:00,STOP,STOP,0,5,23762.0,23767.0,-99.0,-139.0,-238.0,RESOLVED,SELL,False,,,ORIGINAL_STOP_BEFORE_ARM,23767.0,-139.0,-238.0,0.0,RAW_DOUBLE_STOP_NOT_RESCUED
2184,2025-08-10 18:00:00,2025-08-10T22:00:00+00:00,VALIDATED_SOURCE,WEEKLY,AUGUST,NQU5,2,10.0,1.0,4,5.0,COST_COVER_BE,RESOLVED,DOUBLE_STOP,BUY,STOP,0,2025-08-10 22:00:00.069726097+00:00,STOP,STOP,0,5,23762.0,23767.0,-99.0,-139.0,-238.0,RESOLVED,SELL,False,,,ORIGINAL_STOP_BEFORE_ARM,23767.0,-139.0,-238.0,0.0,RAW_DOUBLE_STOP_NOT_RESCUED
2184,2025-08-10 18:00:00,2025-08-10T22:00:00+00:00,VALIDATED_SOURCE,WEEKLY,AUGUST,NQU5,2,10.0,1.0,4,8.0,PRICE_BE,RESOLVED,DOUBLE_STOP,BUY,STOP,0,2025-08-10 22:00:00.069726097+00:00,STOP,STOP,0,5,23762.0,23767.0,-99.0,-139.0,-238.0,RESOLVED,SELL,False,,,ORIGINAL_STOP_BEFORE_ARM,23767.0,-139.0,-238.0,0.0,RAW_DOUBLE_STOP_NOT_RESCUED
2184,2025-08-10 18:00:00,2025-08-10T22:00:00+00:00,VALIDATED_SOURCE,WEEKLY,AUGUST,NQU5,2,10.0,1.0,4,8.0,COST_COVER_BE,RESOLVED,DOUBLE_STOP,BUY,STOP,0,2025-08-10 22:00:00.069726097+00:00,STOP,STOP,0,5,23762.0,23767.0,-99.0,-139.0,-238.0,RESOLVED,SELL,False,,,ORIGINAL_STOP_BEFORE_ARM,23767.0,-139.0,-238.0,0.0,RAW_DOUBLE_STOP_NOT_RESCUED
2185,2025-08-11 09:30:00,2025-08-11T13:30:00+00:00,VALIDATED_SOURCE,NY,AUGUST,NQU5,2,16.0,1.0,0,0.5,PRICE_BE,RESOLVED,DOUBLE_STOP,SELL,STOP,27,2025-08-11 13:30:00.021664129+00:00,STOP,STOP,258,27,23715.0,23716.5,-49.0,-49.0,-98.0,RESOLVED,BUY,True,28.0,2025-08-11 13:30:00.021664129+00:00,PRICE_BE,23716.25,1.0,-48.0,50.0,RAW_DOUBLE_STOP_RESCUED
2185,2025-08-11 09:30:00,2025-08-11T13:30:00+00:00,VALIDATED_SOURCE,NY,AUGUST,NQU5,2,16.0,1.0,0,0.5,COST_COVER_BE,RESOLVED,DOUBLE_STOP,SELL,STOP,27,2025-08-11 13:30:00.021664129+00:00,STOP,STOP,258,27,23715.0,23716.5,-49.0,-49.0,-98.0,RESOLVED,BUY,True,28.0,2025-08-11 13:30:00.021664129+00:00,COST_COVER_BE,23716.25,1.0,-48.0,50.0,RAW_DOUBLE_STOP_RESCUED
2185,2025-08-11 09:30:00,2025-08-11T13:30:00+00:00,VALIDATED_SOURCE,NY,AUGUST,NQU5,2,16.0,1.0,0,1.0,PRICE_BE,RESOLVED,DOUBLE_STOP,SELL,STOP,27,2025-08-11 13:30:00.021664129+00:00,STOP,STOP,258,27,23715.0,23716.5,-49.0,-49.0,-98.0,RESOLVED,BUY,True,33.0,2025-08-11 13:30:00.023946273+00:00,PRICE_BE,23716.25,1.0,-48.0,50.0,RAW_DOUBLE_STOP_RESCUED
2185,2025-08-11 09:30:00,2025-08-11T13:30:00+00:00,VALIDATED_SOURCE,NY,AUGUST,NQU5,2,16.0,1.0,0,1.0,COST_COVER_BE,RESOLVED,DOUBLE_STOP,SELL,STOP,27,2025-08-11 13:30:00.021664129+00:00,STOP,STOP,258,27,23715.0,23716.5,-49.0,-49.0,-98.0,RESOLVED,BUY,True,33.0,2025-08-11 13:30:00.023946273+00:00,COST_COVER_BE,23716.25,1.0,-48.0,50.0,RAW_DOUBLE_STOP_RESCUED
2185,2025-08-11 09:30:00,2025-08-11T13:30:00+00:00,VALIDATED_SOURCE,NY,AUGUST,NQU5,2,16.0,1.0,0,2.0,PRICE_BE,RESOLVED,DOUBLE_STOP,SELL,STOP,27,2025-08-11 13:30:00.021664129+00:00,STOP,STOP,258,27,23715.0,23716.5,-49.0,-49.0,-98.0,RESOLVED,BUY,True,47.0,2025-08-11 13:30:00.042518261+00:00,PRICE_BE,23716.25,1.0,-48.0,50.0,RAW_DOUBLE_STOP_RESCUED
2185,2025-08-11 09:30:00,2025-08-11T13:30:00+00:00,VALIDATED_SOURCE,NY,AUGUST,NQU5,2,16.0,1.0,0,2.0,COST_COVER_BE,RESOLVED,DOUBLE_STOP,SELL,STOP,27,2025-08-11 13:30:00.021664129+00:00,STOP,STOP,258,27,23715.0,23716.5,-49.0,-49.0,-98.0,RESOLVED,BUY,True,47.0,2025-08-11 13:30:00.042518261+00:00,COST_COVER_BE,23716.5,11.0,-38.0,60.0,RAW_DOUBLE_STOP_RESCUED
2185,2025-08-11 09:30:00,2025-08-11T13:30:00+00:00,VALIDATED_SOURCE,NY,AUGUST,NQU5,2,16.0,1.0,0,3.0,PRICE_BE,RESOLVED,DOUBLE_STOP,SELL,STOP,27,2025-08-11 13:30:00.021664129+00:00,STOP,STOP,258,27,23715.0,23716.5,-49.0,-49.0,-98.0,RESOLVED,BUY,True,74.0,2025-08-11 13:30:00.063647155+00:00,PRICE_BE,23716.25,1.0,-48.0,50.0,RAW_DOUBLE_STOP_RESCUED
2185,2025-08-11 09:30:00,2025-08-11T13:30:00+00:00,VALIDATED_SOURCE,NY,AUGUST,NQU5,2,16.0,1.0,0,3.0,COST_COVER_BE,RESOLVED,DOUBLE_STOP,SELL,STOP,27,2025-08-11 13:30:00.021664129+00:00,STOP,STOP,258,27,23715.0,23716.5,-49.0,-49.0,-98.0,RESOLVED,BUY,True,74.0,2025-08-11 13:30:00.063647155+00:00,COST_COVER_BE,23716.5,11.0,-38.0,60.0,RAW_DOUBLE_STOP_RESCUED
2185,2025-08-11 09:30:00,2025-08-11T13:30:00+00:00,VALIDATED_SOURCE,NY,AUGUST,NQU5,2,16.0,1.0,0,4.0,PRICE_BE,RESOLVED,DOUBLE_STOP,SELL,STOP,27,2025-08-11 13:30:00.021664129+00:00,STOP,STOP,258,27,23715.0,23716.5,-49.0,-49.0,-98.0,RESOLVED,BUY,False,,,ORIGINAL_STOP_BEFORE_ARM,23715.0,-49.0,-98.0,0.0,RAW_DOUBLE_STOP_NOT_RESCUED
2185,2025-08-11 09:30:00,2025-08-11T13:30:00+00:00,VALIDATED_SOURCE,NY,AUGUST,NQU5,2,16.0,1.0,0,4.0,COST_COVER_BE,RESOLVED,DOUBLE_STOP,SELL,STOP,27,2025-08-11 13:30:00.021664129+00:00,STOP,STOP,258,27,23715.0,23716.5,-49.0,-49.0,-98.0,RESOLVED,BUY,False,,,ORIGINAL_STOP_BEFORE_ARM,23715.0,-49.0,-98.0,0.0,RAW_DOUBLE_STOP_NOT_RESCUED
2185,2025-08-11 09:30:00,2025-08-11T13:30:00+00:00,VALIDATED_SOURCE,NY,AUGUST,NQU5,2,16.0,1.0,0,5.0,PRICE_BE,RESOLVED,DOUBLE_STOP,SELL,STOP,27,2025-08-11 13:30:00.021664129+00:00,STOP,STOP,258,27,23715.0,23716.5,-49.0,-49.0,-98.0,RESOLVED,BUY,False,,,ORIGINAL_STOP_BEFORE_ARM,23715.0,-49.0,-98.0,0.0,RAW_DOUBLE_STOP_NOT_RESCUED
2185,2025-08-11 09:30:00,2025-08-11T13:30:00+00:00,VALIDATED_SOURCE,NY,AUGUST,NQU5,2,16.0,1.0,0,5.0,COST_COVER_BE,RESOLVED,DOUBLE_STOP,SELL,STOP,27,2025-08-11 13:30:00.021664129+00:00,STOP,STOP,258,27,23715.0,23716.5,-49.0,-49.0,-98.0,RESOLVED,BUY,False,,,ORIGINAL_STOP_BEFORE_ARM,23715.0,-49.0,-98.0,0.0,RAW_DOUBLE_STOP_NOT_RESCUED
2185,2025-08-11 09:30:00,2025-08-11T13:30:00+00:00,VALIDATED_SOURCE,NY,AUGUST,NQU5,2,16.0,1.0,0,8.0,PRICE_BE,RESOLVED,DOUBLE_STOP,SELL,STOP,27,2025-08-11 13:30:00.021664129+00:00,STOP,STOP,258,27,23715.0,23716.5,-49.0,-49.0,-98.0,RESOLVED,BUY,False,,,ORIGINAL_STOP_BEFORE_ARM,23715.0,-49.0,-98.0,0.0,RAW_DOUBLE_STOP_NOT_RESCUED
2185,2025-08-11 09:30:00,2025-08-11T13:30:00+00:00,VALIDATED_SOURCE,NY,AUGUST,NQU5,2,16.0,1.0,0,8.0,COST_COVER_BE,RESOLVED,DOUBLE_STOP,SELL,STOP,27,2025-08-11 13:30:00.021664129+00:00,STOP,STOP,258,27,23715.0,23716.5,-49.0,-49.0,-98.0,RESOLVED,BUY,False,,,ORIGINAL_STOP_BEFORE_ARM,23715.0,-49.0,-98.0,0.0,RAW_DOUBLE_STOP_NOT_RESCUED
2185,2025-08-11 09:30:00,2025-08-11T13:30:00+00:00,VALIDATED_SOURCE,NY,AUGUST,NQU5,2,16.0,1.0,1,0.5,PRICE_BE,RESOLVED,DOUBLE_STOP,SELL,STOP,27,2025-08-11 13:30:00.021664129+00:00,STOP,STOP,258,27,23714.75,23716.75,-59.0,-59.0,-118.0,RESOLVED,BUY,True,28.0,2025-08-11 13:30:00.021664129+00:00,PRICE_BE,23716.0,-9.0,-68.0,50.0,RAW_DOUBLE_STOP_RESCUED
2185,2025-08-11 09:30:00,2025-08-11T13:30:00+00:00,VALIDATED_SOURCE,NY,AUGUST,NQU5,2,16.0,1.0,1,0.5,COST_COVER_BE,RESOLVED,DOUBLE_STOP,SELL,STOP,27,2025-08-11 13:30:00.021664129+00:00,STOP,STOP,258,27,23714.75,23716.75,-59.0,-59.0,-118.0,RESOLVED,BUY,True,28.0,2025-08-11 13:30:00.021664129+00:00,COST_COVER_BE,23716.0,-9.0,-68.0,50.0,RAW_DOUBLE_STOP_RESCUED
2185,2025-08-11 09:30:00,2025-08-11T13:30:00+00:00,VALIDATED_SOURCE,NY,AUGUST,NQU5,2,16.0,1.0,1,1.0,PRICE_BE,RESOLVED,DOUBLE_STOP,SELL,STOP,27,2025-08-11 13:30:00.021664129+00:00,STOP,STOP,258,27,23714.75,23716.75,-59.0,-59.0,-118.0,RESOLVED,BUY,True,33.0,2025-08-11 13:30:00.023946273+00:00,PRICE_BE,23716.0,-9.0,-68.0,50.0,RAW_DOUBLE_STOP_RESCUED
2185,2025-08-11 09:30:00,2025-08-11T13:30:00+00:00,VALIDATED_SOURCE,NY,AUGUST,NQU5,2,16.0,1.0,1,1.0,COST_COVER_BE,RESOLVED,DOUBLE_STOP,SELL,STOP,27,2025-08-11 13:30:00.021664129+00:00,STOP,STOP,258,27,23714.75,23716.75,-59.0,-59.0,-118.0,RESOLVED,BUY,True,33.0,2025-08-11 13:30:00.023946273+00:00,COST_COVER_BE,23716.0,-9.0,-68.0,50.0,RAW_DOUBLE_STOP_RESCUED
2185,2025-08-11 09:30:00,2025-08-11T13:30:00+00:00,VALIDATED_SOURCE,NY,AUGUST,NQU5,2,16.0,1.0,1,2.0,PRICE_BE,RESOLVED,DOUBLE_STOP,SELL,STOP,27,2025-08-11 13:30:00.021664129+00:00,STOP,STOP,258,27,23714.75,23716.75,-59.0,-59.0,-118.0,RESOLVED,BUY,True,47.0,2025-08-11 13:30:00.042518261+00:00,PRICE_BE,23716.0,-9.0,-68.0,50.0,RAW_DOUBLE_STOP_RESCUED
2185,2025-08-11 09:30:00,2025-08-11T13:30:00+00:00,VALIDATED_SOURCE,NY,AUGUST,NQU5,2,16.0,1.0,1,2.0,COST_COVER_BE,RESOLVED,DOUBLE_STOP,SELL,STOP,27,2025-08-11 13:30:00.021664129+00:00,STOP,STOP,258,27,23714.75,23716.75,-59.0,-59.0,-118.0,RESOLVED,BUY,True,47.0,2025-08-11 13:30:00.042518261+00:00,COST_COVER_BE,23716.25,1.0,-58.0,60.0,RAW_DOUBLE_STOP_RESCUED
2185,2025-08-11 09:30:00,2025-08-11T13:30:00+00:00,VALIDATED_SOURCE,NY,AUGUST,NQU5,2,16.0,1.0,1,3.0,PRICE_BE,RESOLVED,DOUBLE_STOP,SELL,STOP,27,2025-08-11 13:30:00.021664129+00:00,STOP,STOP,258,27,23714.75,23716.75,-59.0,-59.0,-118.0,RESOLVED,BUY,True,74.0,2025-08-11 13:30:00.063647155+00:00,PRICE_BE,23716.0,-9.0,-68.0,50.0,RAW_DOUBLE_STOP_RESCUED
2185,2025-08-11 09:30:00,2025-08-11T13:30:00+00:00,VALIDATED_SOURCE,NY,AUGUST,NQU5,2,16.0,1.0,1,3.0,COST_COVER_BE,RESOLVED,DOUBLE_STOP,SELL,STOP,27,2025-08-11 13:30:00.021664129+00:00,STOP,STOP,258,27,23714.75,23716.75,-59.0,-59.0,-118.0,RESOLVED,BUY,True,74.0,2025-08-11 13:30:00.063647155+00:00,COST_COVER_BE,23716.25,1.0,-58.0,60.0,RAW_DOUBLE_STOP_RESCUED
2185,2025-08-11 09:30:00,2025-08-11T13:30:00+00:00,VALIDATED_SOURCE,NY,AUGUST,NQU5,2,16.0,1.0,1,4.0,PRICE_BE,RESOLVED,DOUBLE_STOP,SELL,STOP,27,2025-08-11 13:30:00.021664129+00:00,STOP,STOP,258,27,23714.75,23716.75,-59.0,-59.0,-118.0,RESOLVED,BUY,False,,,ORIGINAL_STOP_BEFORE_ARM,23714.75,-59.0,-118.0,0.0,RAW_DOUBLE_STOP_NOT_RESCUED
2185,2025-08-11 09:30:00,2025-08-11T13:30:00+00:00,VALIDATED_SOURCE,NY,AUGUST,NQU5,2,16.0,1.0,1,4.0,COST_COVER_BE,RESOLVED,DOUBLE_STOP,SELL,STOP,27,2025-08-11 13:30:00.021664129+00:00,STOP,STOP,258,27,23714.75,23716.75,-59.0,-59.0,-118.0,RESOLVED,BUY,False,,,ORIGINAL_STOP_BEFORE_ARM,23714.75,-59.0,-118.0,0.0,RAW_DOUBLE_STOP_NOT_RESCUED
2185,2025-08-11 09:30:00,2025-08-11T13:30:00+00:00,VALIDATED_SOURCE,NY,AUGUST,NQU5,2,16.0,1.0,1,5.0,PRICE_BE,RESOLVED,DOUBLE_STOP,SELL,STOP,27,2025-08-11 13:30:00.021664129+00:00,STOP,STOP,258,27,23714.75,23716.75,-59.0,-59.0,-118.0,RESOLVED,BUY,False,,,ORIGINAL_STOP_BEFORE_ARM,23714.75,-59.0,-118.0,0.0,RAW_DOUBLE_STOP_NOT_RESCUED
2185,2025-08-11 09:30:00,2025-08-11T13:30:00+00:00,VALIDATED_SOURCE,NY,AUGUST,NQU5,2,16.0,1.0,1,5.0,COST_COVER_BE,RESOLVED,DOUBLE_STOP,SELL,STOP,27,2025-08-11 13:30:00.021664129+00:00,STOP,STOP,258,27,23714.75,23716.75,-59.0,-59.0,-118.0,RESOLVED,BUY,False,,,ORIGINAL_STOP_BEFORE_ARM,23714.75,-59.0,-118.0,0.0,RAW_DOUBLE_STOP_NOT_RESCUED
2185,2025-08-11 09:30:00,2025-08-11T13:30:00+00:00,VALIDATED_SOURCE,NY,AUGUST,NQU5,2,16.0,1.0,1,8.0,PRICE_BE,RESOLVED,DOUBLE_STOP,SELL,STOP,27,2025-08-11 13:30:00.021664129+00:00,STOP,STOP,258,27,23714.75,23716.75,-59.0,-59.0,-118.0,RESOLVED,BUY,False,,,ORIGINAL_STOP_BEFORE_ARM,23714.75,-59.0,-118.0,0.0,RAW_DOUBLE_STOP_NOT_RESCUED
2185,2025-08-11 09:30:00,2025-08-11T13:30:00+00:00,VALIDATED_SOURCE,NY,AUGUST,NQU5,2,16.0,1.0,1,8.0,COST_COVER_BE,RESOLVED,DOUBLE_STOP,SELL,STOP,27,2025-08-11 13:30:00.021664129+00:00,STOP,STOP,258,27,23714.75,23716.75,-59.0,-59.0,-118.0,RESOLVED,BUY,False,,,ORIGINAL_STOP_BEFORE_ARM,23714.75,-59.0,-118.0,0.0,RAW_DOUBLE_STOP_NOT_RESCUED
2185,2025-08-11 09:30:00,2025-08-11T13:30:00+00:00,VALIDATED_SOURCE,NY,AUGUST,NQU5,2,16.0,1.0,2,0.5,PRICE_BE,RESOLVED,DOUBLE_STOP,SELL,STOP,27,2025-08-11 13:30:00.021664129+00:00,STOP,STOP,258,27,23714.5,23717.0,-69.0,-69.0,-138.0,RESOLVED,BUY,True,28.0,2025-08-11 13:30:00.021664129+00:00,PRICE_BE,23715.75,-19.0,-88.0,50.0,RAW_DOUBLE_STOP_RESCUED
2185,2025-08-11 09:30:00,2025-08-11T13:30:00+00:00,VALIDATED_SOURCE,NY,AUGUST,NQU5,2,16.0,1.0,2,0.5,COST_COVER_BE,RESOLVED,DOUBLE_STOP,SELL,STOP,27,2025-08-11 13:30:00.021664129+00:00,STOP,STOP,258,27,23714.5,23717.0,-69.0,-69.0,-138.0,RESOLVED,BUY,True,28.0,2025-08-11 13:30:00.021664129+00:00,COST_COVER_BE,23715.75,-19.0,-88.0,50.0,RAW_DOUBLE_STOP_RESCUED
2185,2025-08-11 09:30:00,2025-08-11T13:30:00+00:00,VALIDATED_SOURCE,NY,AUGUST,NQU5,2,16.0,1.0,2,1.0,PRICE_BE,RESOLVED,DOUBLE_STOP,SELL,STOP,27,2025-08-11 13:30:00.021664129+00:00,STOP,STOP,258,27,23714.5,23717.0,-69.0,-69.0,-138.0,RESOLVED,BUY,True,33.0,2025-08-11 13:30:00.023946273+00:00,PRICE_BE,23715.75,-19.0,-88.0,50.0,RAW_DOUBLE_STOP_RESCUED
2185,2025-08-11 09:30:00,2025-08-11T13:30:00+00:00,VALIDATED_SOURCE,NY,AUGUST,NQU5,2,16.0,1.0,2,1.0,COST_COVER_BE,RESOLVED,DOUBLE_STOP,SELL,STOP,27,2025-08-11 13:30:00.021664129+00:00,STOP,STOP,258,27,23714.5,23717.0,-69.0,-69.0,-138.0,RESOLVED,BUY,True,33.0,2025-08-11 13:30:00.023946273+00:00,COST_COVER_BE,23715.75,-19.0,-88.0,50.0,RAW_DOUBLE_STOP_RESCUED
2185,2025-08-11 09:30:00,2025-08-11T13:30:00+00:00,VALIDATED_SOURCE,NY,AUGUST,NQU5,2,16.0,1.0,2,2.0,PRICE_BE,RESOLVED,DOUBLE_STOP,SELL,STOP,27,2025-08-11 13:30:00.021664129+00:00,STOP,STOP,258,27,23714.5,23717.0,-69.0,-69.0,-138.0,RESOLVED,BUY,True,47.0,2025-08-11 13:30:00.042518261+00:00,PRICE_BE,23715.75,-19.0,-88.0,50.0,RAW_DOUBLE_STOP_RESCUED
2185,2025-08-11 09:30:00,2025-08-11T13:30:00+00:00,VALIDATED_SOURCE,NY,AUGUST,NQU5,2,16.0,1.0,2,2.0,COST_COVER_BE,RESOLVED,DOUBLE_STOP,SELL,STOP,27,2025-08-11 13:30:00.021664129+00:00,STOP,STOP,258,27,23714.5,23717.0,-69.0,-69.0,-138.0,RESOLVED,BUY,True,47.0,2025-08-11 13:30:00.042518261+00:00,COST_COVER_BE,23716.0,-9.0,-78.0,60.0,RAW_DOUBLE_STOP_RESCUED
2185,2025-08-11 09:30:00,2025-08-11T13:30:00+00:00,VALIDATED_SOURCE,NY,AUGUST,NQU5,2,16.0,1.0,2,3.0,PRICE_BE,RESOLVED,DOUBLE_STOP,SELL,STOP,27,2025-08-11 13:30:00.021664129+00:00,STOP,STOP,258,27,23714.5,23717.0,-69.0,-69.0,-138.0,RESOLVED,BUY,True,74.0,2025-08-11 13:30:00.063647155+00:00,PRICE_BE,23715.75,-19.0,-88.0,50.0,RAW_DOUBLE_STOP_RESCUED
2185,2025-08-11 09:30:00,2025-08-11T13:30:00+00:00,VALIDATED_SOURCE,NY,AUGUST,NQU5,2,16.0,1.0,2,3.0,COST_COVER_BE,RESOLVED,DOUBLE_STOP,SELL,STOP,27,2025-08-11 13:30:00.021664129+00:00,STOP,STOP,258,27,23714.5,23717.0,-69.0,-69.0,-138.0,RESOLVED,BUY,True,74.0,2025-08-11 13:30:00.063647155+00:00,COST_COVER_BE,23716.0,-9.0,-78.0,60.0,RAW_DOUBLE_STOP_RESCUED
2185,2025-08-11 09:30:00,2025-08-11T13:30:00+00:00,VALIDATED_SOURCE,NY,AUGUST,NQU5,2,16.0,1.0,2,4.0,PRICE_BE,RESOLVED,DOUBLE_STOP,SELL,STOP,27,2025-08-11 13:30:00.021664129+00:00,STOP,STOP,258,27,23714.5,23717.0,-69.0,-69.0,-138.0,RESOLVED,BUY,False,,,ORIGINAL_STOP_BEFORE_ARM,23714.5,-69.0,-138.0,0.0,RAW_DOUBLE_STOP_NOT_RESCUED
2185,2025-08-11 09:30:00,2025-08-11T13:30:00+00:00,VALIDATED_SOURCE,NY,AUGUST,NQU5,2,16.0,1.0,2,4.0,COST_COVER_BE,RESOLVED,DOUBLE_STOP,SELL,STOP,27,2025-08-11 13:30:00.021664129+00:00,STOP,STOP,258,27,23714.5,23717.0,-69.0,-69.0,-138.0,RESOLVED,BUY,False,,,ORIGINAL_STOP_BEFORE_ARM,23714.5,-69.0,-138.0,0.0,RAW_DOUBLE_STOP_NOT_RESCUED
2185,2025-08-11 09:30:00,2025-08-11T13:30:00+00:00,VALIDATED_SOURCE,NY,AUGUST,NQU5,2,16.0,1.0,2,5.0,PRICE_BE,RESOLVED,DOUBLE_STOP,SELL,STOP,27,2025-08-11 13:30:00.021664129+00:00,STOP,STOP,258,27,23714.5,23717.0,-69.0,-69.0,-138.0,RESOLVED,BUY,False,,,ORIGINAL_STOP_BEFORE_ARM,23714.5,-69.0,-138.0,0.0,RAW_DOUBLE_STOP_NOT_RESCUED
2185,2025-08-11 09:30:00,2025-08-11T13:30:00+00:00,VALIDATED_SOURCE,NY,AUGUST,NQU5,2,16.0,1.0,2,5.0,COST_COVER_BE,RESOLVED,DOUBLE_STOP,SELL,STOP,27,2025-08-11 13:30:00.021664129+00:00,STOP,STOP,258,27,23714.5,23717.0,-69.0,-69.0,-138.0,RESOLVED,BUY,False,,,ORIGINAL_STOP_BEFORE_ARM,23714.5,-69.0,-138.0,0.0,RAW_DOUBLE_STOP_NOT_RESCUED
2185,2025-08-11 09:30:00,2025-08-11T13:30:00+00:00,VALIDATED_SOURCE,NY,AUGUST,NQU5,2,16.0,1.0,2,8.0,PRICE_BE,RESOLVED,DOUBLE_STOP,SELL,STOP,27,2025-08-11 13:30:00.021664129+00:00,STOP,STOP,258,27,23714.5,23717.0,-69.0,-69.0,-138.0,RESOLVED,BUY,False,,,ORIGINAL_STOP_BEFORE_ARM,23714.5,-69.0,-138.0,0.0,RAW_DOUBLE_STOP_NOT_RESCUED
2185,2025-08-11 09:30:00,2025-08-11T13:30:00+00:00,VALIDATED_SOURCE,NY,AUGUST,NQU5,2,16.0,1.0,2,8.0,COST_COVER_BE,RESOLVED,DOUBLE_STOP,SELL,STOP,27,2025-08-11 13:30:00.021664129+00:00,STOP,STOP,258,27,23714.5,23717.0,-69.0,-69.0,-138.0,RESOLVED,BUY,False,,,ORIGINAL_STOP_BEFORE_ARM,23714.5,-69.0,-138.0,0.0,RAW_DOUBLE_STOP_NOT_RESCUED
2185,2025-08-11 09:30:00,2025-08-11T13:30:00+00:00,VALIDATED_SOURCE,NY,AUGUST,NQU5,2,16.0,1.0,4,0.5,PRICE_BE,RESOLVED,DOUBLE_STOP,SELL,STOP,27,2025-08-11 13:30:00.021664129+00:00,STOP,STOP,258,27,23714.0,23717.5,-89.0,-89.0,-178.0,RESOLVED,BUY,True,28.0,2025-08-11 13:30:00.021664129+00:00,PRICE_BE,23715.25,-39.0,-128.0,50.0,RAW_DOUBLE_STOP_RESCUED
2185,2025-08-11 09:30:00,2025-08-11T13:30:00+00:00,VALIDATED_SOURCE,NY,AUGUST,NQU5,2,16.0,1.0,4,0.5,COST_COVER_BE,RESOLVED,DOUBLE_STOP,SELL,STOP,27,2025-08-11 13:30:00.021664129+00:00,STOP,STOP,258,27,23714.0,23717.5,-89.0,-89.0,-178.0,RESOLVED,BUY,True,28.0,2025-08-11 13:30:00.021664129+00:00,COST_COVER_BE,23715.25,-39.0,-128.0,50.0,RAW_DOUBLE_STOP_RESCUED
2185,2025-08-11 09:30:00,2025-08-11T13:30:00+00:00,VALIDATED_SOURCE,NY,AUGUST,NQU5,2,16.0,1.0,4,1.0,PRICE_BE,RESOLVED,DOUBLE_STOP,SELL,STOP,27,2025-08-11 13:30:00.021664129+00:00,STOP,STOP,258,27,23714.0,23717.5,-89.0,-89.0,-178.0,RESOLVED,BUY,True,33.0,2025-08-11 13:30:00.023946273+00:00,PRICE_BE,23715.25,-39.0,-128.0,50.0,RAW_DOUBLE_STOP_RESCUED
2185,2025-08-11 09:30:00,2025-08-11T13:30:00+00:00,VALIDATED_SOURCE,NY,AUGUST,NQU5,2,16.0,1.0,4,1.0,COST_COVER_BE,RESOLVED,DOUBLE_STOP,SELL,STOP,27,2025-08-11 13:30:00.021664129+00:00,STOP,STOP,258,27,23714.0,23717.5,-89.0,-89.0,-178.0,RESOLVED,BUY,True,33.0,2025-08-11 13:30:00.023946273+00:00,COST_COVER_BE,23715.25,-39.0,-128.0,50.0,RAW_DOUBLE_STOP_RESCUED
2185,2025-08-11 09:30:00,2025-08-11T13:30:00+00:00,VALIDATED_SOURCE,NY,AUGUST,NQU5,2,16.0,1.0,4,2.0,PRICE_BE,RESOLVED,DOUBLE_STOP,SELL,STOP,27,2025-08-11 13:30:00.021664129+00:00,STOP,STOP,258,27,23714.0,23717.5,-89.0,-89.0,-178.0,RESOLVED,BUY,True,47.0,2025-08-11 13:30:00.042518261+00:00,PRICE_BE,23715.25,-39.0,-128.0,50.0,RAW_DOUBLE_STOP_RESCUED
2185,2025-08-11 09:30:00,2025-08-11T13:30:00+00:00,VALIDATED_SOURCE,NY,AUGUST,NQU5,2,16.0,1.0,4,2.0,COST_COVER_BE,RESOLVED,DOUBLE_STOP,SELL,STOP,27,2025-08-11 13:30:00.021664129+00:00,STOP,STOP,258,27,23714.0,23717.5,-89.0,-89.0,-178.0,RESOLVED,BUY,True,47.0,2025-08-11 13:30:00.042518261+00:00,COST_COVER_BE,23715.5,-29.0,-118.0,60.0,RAW_DOUBLE_STOP_RESCUED
2185,2025-08-11 09:30:00,2025-08-11T13:30:00+00:00,VALIDATED_SOURCE,NY,AUGUST,NQU5,2,16.0,1.0,4,3.0,PRICE_BE,RESOLVED,DOUBLE_STOP,SELL,STOP,27,2025-08-11 13:30:00.021664129+00:00,STOP,STOP,258,27,23714.0,23717.5,-89.0,-89.0,-178.0,RESOLVED,BUY,True,74.0,2025-08-11 13:30:00.063647155+00:00,PRICE_BE,23715.25,-39.0,-128.0,50.0,RAW_DOUBLE_STOP_RESCUED
2185,2025-08-11 09:30:00,2025-08-11T13:30:00+00:00,VALIDATED_SOURCE,NY,AUGUST,NQU5,2,16.0,1.0,4,3.0,COST_COVER_BE,RESOLVED,DOUBLE_STOP,SELL,STOP,27,2025-08-11 13:30:00.021664129+00:00,STOP,STOP,258,27,23714.0,23717.5,-89.0,-89.0,-178.0,RESOLVED,BUY,True,74.0,2025-08-11 13:30:00.063647155+00:00,COST_COVER_BE,23715.5,-29.0,-118.0,60.0,RAW_DOUBLE_STOP_RESCUED
2185,2025-08-11 09:30:00,2025-08-11T13:30:00+00:00,VALIDATED_SOURCE,NY,AUGUST,NQU5,2,16.0,1.0,4,4.0,PRICE_BE,RESOLVED,DOUBLE_STOP,SELL,STOP,27,2025-08-11 13:30:00.021664129+00:00,STOP,STOP,258,27,23714.0,23717.5,-89.0,-89.0,-178.0,RESOLVED,BUY,False,,,ORIGINAL_STOP_BEFORE_ARM,23714.0,-89.0,-178.0,0.0,RAW_DOUBLE_STOP_NOT_RESCUED
2185,2025-08-11 09:30:00,2025-08-11T13:30:00+00:00,VALIDATED_SOURCE,NY,AUGUST,NQU5,2,16.0,1.0,4,4.0,COST_COVER_BE,RESOLVED,DOUBLE_STOP,SELL,STOP,27,2025-08-11 13:30:00.021664129+00:00,STOP,STOP,258,27,23714.0,23717.5,-89.0,-89.0,-178.0,RESOLVED,BUY,False,,,ORIGINAL_STOP_BEFORE_ARM,23714.0,-89.0,-178.0,0.0,RAW_DOUBLE_STOP_NOT_RESCUED
2185,2025-08-11 09:30:00,2025-08-11T13:30:00+00:00,VALIDATED_SOURCE,NY,AUGUST,NQU5,2,16.0,1.0,4,5.0,PRICE_BE,RESOLVED,DOUBLE_STOP,SELL,STOP,27,2025-08-11 13:30:00.021664129+00:00,STOP,STOP,258,27,23714.0,23717.5,-89.0,-89.0,-178.0,RESOLVED,BUY,False,,,ORIGINAL_STOP_BEFORE_ARM,23714.0,-89.0,-178.0,0.0,RAW_DOUBLE_STOP_NOT_RESCUED
2185,2025-08-11 09:30:00,2025-08-11T13:30:00+00:00,VALIDATED_SOURCE,NY,AUGUST,NQU5,2,16.0,1.0,4,5.0,COST_COVER_BE,RESOLVED,DOUBLE_STOP,SELL,STOP,27,2025-08-11 13:30:00.021664129+00:00,STOP,STOP,258,27,23714.0,23717.5,-89.0,-89.0,-178.0,RESOLVED,BUY,False,,,ORIGINAL_STOP_BEFORE_ARM,23714.0,-89.0,-178.0,0.0,RAW_DOUBLE_STOP_NOT_RESCUED
2185,2025-08-11 09:30:00,2025-08-11T13:30:00+00:00,VALIDATED_SOURCE,NY,AUGUST,NQU5,2,16.0,1.0,4,8.0,PRICE_BE,RESOLVED,DOUBLE_STOP,SELL,STOP,27,2025-08-11 13:30:00.021664129+00:00,STOP,STOP,258,27,23714.0,23717.5,-89.0,-89.0,-178.0,RESOLVED,BUY,False,,,ORIGINAL_STOP_BEFORE_ARM,23714.0,-89.0,-178.0,0.0,RAW_DOUBLE_STOP_NOT_RESCUED
2185,2025-08-11 09:30:00,2025-08-11T13:30:00+00:00,VALIDATED_SOURCE,NY,AUGUST,NQU5,2,16.0,1.0,4,8.0,COST_COVER_BE,RESOLVED,DOUBLE_STOP,SELL,STOP,27,2025-08-11 13:30:00.021664129+00:00,STOP,STOP,258,27,23714.0,23717.5,-89.0,-89.0,-178.0,RESOLVED,BUY,False,,,ORIGINAL_STOP_BEFORE_ARM,23714.0,-89.0,-178.0,0.0,RAW_DOUBLE_STOP_NOT_RESCUED
2186,2025-08-12 09:30:00,2025-08-12T13:30:00+00:00,VALIDATED_SOURCE,NY,AUGUST,NQU5,2,16.0,1.0,0,0.5,PRICE_BE,RESOLVED,DOUBLE_STOP,SELL,STOP,3,2025-08-12 13:30:00.002884207+00:00,STOP,STOP,7,3,23732.25,23733.75,-49.0,-49.0,-98.0,RESOLVED,BUY,False,,,ORIGINAL_STOP_BEFORE_ARM,23732.25,-49.0,-98.0,0.0,RAW_DOUBLE_STOP_NOT_RESCUED
2186,2025-08-12 09:30:00,2025-08-12T13:30:00+00:00,VALIDATED_SOURCE,NY,AUGUST,NQU5,2,16.0,1.0,0,0.5,COST_COVER_BE,RESOLVED,DOUBLE_STOP,SELL,STOP,3,2025-08-12 13:30:00.002884207+00:00,STOP,STOP,7,3,23732.25,23733.75,-49.0,-49.0,-98.0,RESOLVED,BUY,False,,,ORIGINAL_STOP_BEFORE_ARM,23732.25,-49.0,-98.0,0.0,RAW_DOUBLE_STOP_NOT_RESCUED
2186,2025-08-12 09:30:00,2025-08-12T13:30:00+00:00,VALIDATED_SOURCE,NY,AUGUST,NQU5,2,16.0,1.0,0,1.0,PRICE_BE,RESOLVED,DOUBLE_STOP,SELL,STOP,3,2025-08-12 13:30:00.002884207+00:00,STOP,STOP,7,3,23732.25,23733.75,-49.0,-49.0,-98.0,RESOLVED,BUY,False,,,ORIGINAL_STOP_BEFORE_ARM,23732.25,-49.0,-98.0,0.0,RAW_DOUBLE_STOP_NOT_RESCUED
2186,2025-08-12 09:30:00,2025-08-12T13:30:00+00:00,VALIDATED_SOURCE,NY,AUGUST,NQU5,2,16.0,1.0,0,1.0,COST_COVER_BE,RESOLVED,DOUBLE_STOP,SELL,STOP,3,2025-08-12 13:30:00.002884207+00:00,STOP,STOP,7,3,23732.25,23733.75,-49.0,-49.0,-98.0,RESOLVED,BUY,False,,,ORIGINAL_STOP_BEFORE_ARM,23732.25,-49.0,-98.0,0.0,RAW_DOUBLE_STOP_NOT_RESCUED
2186,2025-08-12 09:30:00,2025-08-12T13:30:00+00:00,VALIDATED_SOURCE,NY,AUGUST,NQU5,2,16.0,1.0,0,2.0,PRICE_BE,RESOLVED,DOUBLE_STOP,SELL,STOP,3,2025-08-12 13:30:00.002884207+00:00,STOP,STOP,7,3,23732.25,23733.75,-49.0,-49.0,-98.0,RESOLVED,BUY,False,,,ORIGINAL_STOP_BEFORE_ARM,23732.25,-49.0,-98.0,0.0,RAW_DOUBLE_STOP_NOT_RESCUED
2186,2025-08-12 09:30:00,2025-08-12T13:30:00+00:00,VALIDATED_SOURCE,NY,AUGUST,NQU5,2,16.0,1.0,0,2.0,COST_COVER_BE,RESOLVED,DOUBLE_STOP,SELL,STOP,3,2025-08-12 13:30:00.002884207+00:00,STOP,STOP,7,3,23732.25,23733.75,-49.0,-49.0,-98.0,RESOLVED,BUY,False,,,ORIGINAL_STOP_BEFORE_ARM,23732.25,-49.0,-98.0,0.0,RAW_DOUBLE_STOP_NOT_RESCUED
2186,2025-08-12 09:30:00,2025-08-12T13:30:00+00:00,VALIDATED_SOURCE,NY,AUGUST,NQU5,2,16.0,1.0,0,3.0,PRICE_BE,RESOLVED,DOUBLE_STOP,SELL,STOP,3,2025-08-12 13:30:00.002884207+00:00,STOP,STOP,7,3,23732.25,23733.75,-49.0,-49.0,-98.0,RESOLVED,BUY,False,,,ORIGINAL_STOP_BEFORE_ARM,23732.25,-49.0,-98.0,0.0,RAW_DOUBLE_STOP_NOT_RESCUED
2186,2025-08-12 09:30:00,2025-08-12T13:30:00+00:00,VALIDATED_SOURCE,NY,AUGUST,NQU5,2,16.0,1.0,0,3.0,COST_COVER_BE,RESOLVED,DOUBLE_STOP,SELL,STOP,3,2025-08-12 13:30:00.002884207+00:00,STOP,STOP,7,3,23732.25,23733.75,-49.0,-49.0,-98.0,RESOLVED,BUY,False,,,ORIGINAL_STOP_BEFORE_ARM,23732.25,-49.0,-98.0,0.0,RAW_DOUBLE_STOP_NOT_RESCUED
2186,2025-08-12 09:30:00,2025-08-12T13:30:00+00:00,VALIDATED_SOURCE,NY,AUGUST,NQU5,2,16.0,1.0,0,4.0,PRICE_BE,RESOLVED,DOUBLE_STOP,SELL,STOP,3,2025-08-12 13:30:00.002884207+00:00,STOP,STOP,7,3,23732.25,23733.75,-49.0,-49.0,-98.0,RESOLVED,BUY,False,,,ORIGINAL_STOP_BEFORE_ARM,23732.25,-49.0,-98.0,0.0,RAW_DOUBLE_STOP_NOT_RESCUED
2186,2025-08-12 09:30:00,2025-08-12T13:30:00+00:00,VALIDATED_SOURCE,NY,AUGUST,NQU5,2,16.0,1.0,0,4.0,COST_COVER_BE,RESOLVED,DOUBLE_STOP,SELL,STOP,3,2025-08-12 13:30:00.002884207+00:00,STOP,STOP,7,3,23732.25,23733.75,-49.0,-49.0,-98.0,RESOLVED,BUY,False,,,ORIGINAL_STOP_BEFORE_ARM,23732.25,-49.0,-98.0,0.0,RAW_DOUBLE_STOP_NOT_RESCUED
2186,2025-08-12 09:30:00,2025-08-12T13:30:00+00:00,VALIDATED_SOURCE,NY,AUGUST,NQU5,2,16.0,1.0,0,5.0,PRICE_BE,RESOLVED,DOUBLE_STOP,SELL,STOP,3,2025-08-12 13:30:00.002884207+00:00,STOP,STOP,7,3,23732.25,23733.75,-49.0,-49.0,-98.0,RESOLVED,BUY,False,,,ORIGINAL_STOP_BEFORE_ARM,23732.25,-49.0,-98.0,0.0,RAW_DOUBLE_STOP_NOT_RESCUED
2186,2025-08-12 09:30:00,2025-08-12T13:30:00+00:00,VALIDATED_SOURCE,NY,AUGUST,NQU5,2,16.0,1.0,0,5.0,COST_COVER_BE,RESOLVED,DOUBLE_STOP,SELL,STOP,3,2025-08-12 13:30:00.002884207+00:00,STOP,STOP,7,3,23732.25,23733.75,-49.0,-49.0,-98.0,RESOLVED,BUY,False,,,ORIGINAL_STOP_BEFORE_ARM,23732.25,-49.0,-98.0,0.0,RAW_DOUBLE_STOP_NOT_RESCUED
2186,2025-08-12 09:30:00,2025-08-12T13:30:00+00:00,VALIDATED_SOURCE,NY,AUGUST,NQU5,2,16.0,1.0,0,8.0,PRICE_BE,RESOLVED,DOUBLE_STOP,SELL,STOP,3,2025-08-12 13:30:00.002884207+00:00,STOP,STOP,7,3,23732.25,23733.75,-49.0,-49.0,-98.0,RESOLVED,BUY,False,,,ORIGINAL_STOP_BEFORE_ARM,23732.25,-49.0,-98.0,0.0,RAW_DOUBLE_STOP_NOT_RESCUED
2186,2025-08-12 09:30:00,2025-08-12T13:30:00+00:00,VALIDATED_SOURCE,NY,AUGUST,NQU5,2,16.0,1.0,0,8.0,COST_COVER_BE,RESOLVED,DOUBLE_STOP,SELL,STOP,3,2025-08-12 13:30:00.002884207+00:00,STOP,STOP,7,3,23732.25,23733.75,-49.0,-49.0,-98.0,RESOLVED,BUY,False,,,ORIGINAL_STOP_BEFORE_ARM,23732.25,-49.0,-98.0,0.0,RAW_DOUBLE_STOP_NOT_RESCUED
2186,2025-08-12 09:30:00,2025-08-12T13:30:00+00:00,VALIDATED_SOURCE,NY,AUGUST,NQU5,2,16.0,1.0,1,0.5,PRICE_BE,RESOLVED,DOUBLE_STOP,SELL,STOP,3,2025-08-12 13:30:00.002884207+00:00,STOP,STOP,7,3,23732.0,23734.0,-59.0,-59.0,-118.0,RESOLVED,BUY,False,,,ORIGINAL_STOP_BEFORE_ARM,23732.0,-59.0,-118.0,0.0,RAW_DOUBLE_STOP_NOT_RESCUED
2186,2025-08-12 09:30:00,2025-08-12T13:30:00+00:00,VALIDATED_SOURCE,NY,AUGUST,NQU5,2,16.0,1.0,1,0.5,COST_COVER_BE,RESOLVED,DOUBLE_STOP,SELL,STOP,3,2025-08-12 13:30:00.002884207+00:00,STOP,STOP,7,3,23732.0,23734.0,-59.0,-59.0,-118.0,RESOLVED,BUY,False,,,ORIGINAL_STOP_BEFORE_ARM,23732.0,-59.0,-118.0,0.0,RAW_DOUBLE_STOP_NOT_RESCUED
2186,2025-08-12 09:30:00,2025-08-12T13:30:00+00:00,VALIDATED_SOURCE,NY,AUGUST,NQU5,2,16.0,1.0,1,1.0,PRICE_BE,RESOLVED,DOUBLE_STOP,SELL,STOP,3,2025-08-12 13:30:00.002884207+00:00,STOP,STOP,7,3,23732.0,23734.0,-59.0,-59.0,-118.0,RESOLVED,BUY,False,,,ORIGINAL_STOP_BEFORE_ARM,23732.0,-59.0,-118.0,0.0,RAW_DOUBLE_STOP_NOT_RESCUED
2186,2025-08-12 09:30:00,2025-08-12T13:30:00+00:00,VALIDATED_SOURCE,NY,AUGUST,NQU5,2,16.0,1.0,1,1.0,COST_COVER_BE,RESOLVED,DOUBLE_STOP,SELL,STOP,3,2025-08-12 13:30:00.002884207+00:00,STOP,STOP,7,3,23732.0,23734.0,-59.0,-59.0,-118.0,RESOLVED,BUY,False,,,ORIGINAL_STOP_BEFORE_ARM,23732.0,-59.0,-118.0,0.0,RAW_DOUBLE_STOP_NOT_RESCUED
2186,2025-08-12 09:30:00,2025-08-12T13:30:00+00:00,VALIDATED_SOURCE,NY,AUGUST,NQU5,2,16.0,1.0,1,2.0,PRICE_BE,RESOLVED,DOUBLE_STOP,SELL,STOP,3,2025-08-12 13:30:00.002884207+00:00,STOP,STOP,7,3,23732.0,23734.0,-59.0,-59.0,-118.0,RESOLVED,BUY,False,,,ORIGINAL_STOP_BEFORE_ARM,23732.0,-59.0,-118.0,0.0,RAW_DOUBLE_STOP_NOT_RESCUED
2186,2025-08-12 09:30:00,2025-08-12T13:30:00+00:00,VALIDATED_SOURCE,NY,AUGUST,NQU5,2,16.0,1.0,1,2.0,COST_COVER_BE,RESOLVED,DOUBLE_STOP,SELL,STOP,3,2025-08-12 13:30:00.002884207+00:00,STOP,STOP,7,3,23732.0,23734.0,-59.0,-59.0,-118.0,RESOLVED,BUY,False,,,ORIGINAL_STOP_BEFORE_ARM,23732.0,-59.0,-118.0,0.0,RAW_DOUBLE_STOP_NOT_RESCUED
2186,2025-08-12 09:30:00,2025-08-12T13:30:00+00:00,VALIDATED_SOURCE,NY,AUGUST,NQU5,2,16.0,1.0,1,3.0,PRICE_BE,RESOLVED,DOUBLE_STOP,SELL,STOP,3,2025-08-12 13:30:00.002884207+00:00,STOP,STOP,7,3,23732.0,23734.0,-59.0,-59.0,-118.0,RESOLVED,BUY,False,,,ORIGINAL_STOP_BEFORE_ARM,23732.0,-59.0,-118.0,0.0,RAW_DOUBLE_STOP_NOT_RESCUED
2186,2025-08-12 09:30:00,2025-08-12T13:30:00+00:00,VALIDATED_SOURCE,NY,AUGUST,NQU5,2,16.0,1.0,1,3.0,COST_COVER_BE,RESOLVED,DOUBLE_STOP,SELL,STOP,3,2025-08-12 13:30:00.002884207+00:00,STOP,STOP,7,3,23732.0,23734.0,-59.0,-59.0,-118.0,RESOLVED,BUY,False,,,ORIGINAL_STOP_BEFORE_ARM,23732.0,-59.0,-118.0,0.0,RAW_DOUBLE_STOP_NOT_RESCUED
2186,2025-08-12 09:30:00,2025-08-12T13:30:00+00:00,VALIDATED_SOURCE,NY,AUGUST,NQU5,2,16.0,1.0,1,4.0,PRICE_BE,RESOLVED,DOUBLE_STOP,SELL,STOP,3,2025-08-12 13:30:00.002884207+00:00,STOP,STOP,7,3,23732.0,23734.0,-59.0,-59.0,-118.0,RESOLVED,BUY,False,,,ORIGINAL_STOP_BEFORE_ARM,23732.0,-59.0,-118.0,0.0,RAW_DOUBLE_STOP_NOT_RESCUED
2186,2025-08-12 09:30:00,2025-08-12T13:30:00+00:00,VALIDATED_SOURCE,NY,AUGUST,NQU5,2,16.0,1.0,1,4.0,COST_COVER_BE,RESOLVED,DOUBLE_STOP,SELL,STOP,3,2025-08-12 13:30:00.002884207+00:00,STOP,STOP,7,3,23732.0,23734.0,-59.0,-59.0,-118.0,RESOLVED,BUY,False,,,ORIGINAL_STOP_BEFORE_ARM,23732.0,-59.0,-118.0,0.0,RAW_DOUBLE_STOP_NOT_RESCUED
2186,2025-08-12 09:30:00,2025-08-12T13:30:00+00:00,VALIDATED_SOURCE,NY,AUGUST,NQU5,2,16.0,1.0,1,5.0,PRICE_BE,RESOLVED,DOUBLE_STOP,SELL,STOP,3,2025-08-12 13:30:00.002884207+00:00,STOP,STOP,7,3,23732.0,23734.0,-59.0,-59.0,-118.0,RESOLVED,BUY,False,,,ORIGINAL_STOP_BEFORE_ARM,23732.0,-59.0,-118.0,0.0,RAW_DOUBLE_STOP_NOT_RESCUED
2186,2025-08-12 09:30:00,2025-08-12T13:30:00+00:00,VALIDATED_SOURCE,NY,AUGUST,NQU5,2,16.0,1.0,1,5.0,COST_COVER_BE,RESOLVED,DOUBLE_STOP,SELL,STOP,3,2025-08-12 13:30:00.002884207+00:00,STOP,STOP,7,3,23732.0,23734.0,-59.0,-59.0,-118.0,RESOLVED,BUY,False,,,ORIGINAL_STOP_BEFORE_ARM,23732.0,-59.0,-118.0,0.0,RAW_DOUBLE_STOP_NOT_RESCUED
2186,2025-08-12 09:30:00,2025-08-12T13:30:00+00:00,VALIDATED_SOURCE,NY,AUGUST,NQU5,2,16.0,1.0,1,8.0,PRICE_BE,RESOLVED,DOUBLE_STOP,SELL,STOP,3,2025-08-12 13:30:00.002884207+00:00,STOP,STOP,7,3,23732.0,23734.0,-59.0,-59.0,-118.0,RESOLVED,BUY,False,,,ORIGINAL_STOP_BEFORE_ARM,23732.0,-59.0,-118.0,0.0,RAW_DOUBLE_STOP_NOT_RESCUED
2186,2025-08-12 09:30:00,2025-08-12T13:30:00+00:00,VALIDATED_SOURCE,NY,AUGUST,NQU5,2,16.0,1.0,1,8.0,COST_COVER_BE,RESOLVED,DOUBLE_STOP,SELL,STOP,3,2025-08-12 13:30:00.002884207+00:00,STOP,STOP,7,3,23732.0,23734.0,-59.0,-59.0,-118.0,RESOLVED,BUY,False,,,ORIGINAL_STOP_BEFORE_ARM,23732.0,-59.0,-118.0,0.0,RAW_DOUBLE_STOP_NOT_RESCUED
2186,2025-08-12 09:30:00,2025-08-12T13:30:00+00:00,VALIDATED_SOURCE,NY,AUGUST,NQU5,2,16.0,1.0,2,0.5,PRICE_BE,RESOLVED,DOUBLE_STOP,SELL,STOP,3,2025-08-12 13:30:00.002884207+00:00,STOP,STOP,7,3,23731.75,23734.25,-69.0,-69.0,-138.0,RESOLVED,BUY,False,,,ORIGINAL_STOP_BEFORE_ARM,23731.75,-69.0,-138.0,0.0,RAW_DOUBLE_STOP_NOT_RESCUED
2186,2025-08-12 09:30:00,2025-08-12T13:30:00+00:00,VALIDATED_SOURCE,NY,AUGUST,NQU5,2,16.0,1.0,2,0.5,COST_COVER_BE,RESOLVED,DOUBLE_STOP,SELL,STOP,3,2025-08-12 13:30:00.002884207+00:00,STOP,STOP,7,3,23731.75,23734.25,-69.0,-69.0,-138.0,RESOLVED,BUY,False,,,ORIGINAL_STOP_BEFORE_ARM,23731.75,-69.0,-138.0,0.0,RAW_DOUBLE_STOP_NOT_RESCUED
2186,2025-08-12 09:30:00,2025-08-12T13:30:00+00:00,VALIDATED_SOURCE,NY,AUGUST,NQU5,2,16.0,1.0,2,1.0,PRICE_BE,RESOLVED,DOUBLE_STOP,SELL,STOP,3,2025-08-12 13:30:00.002884207+00:00,STOP,STOP,7,3,23731.75,23734.25,-69.0,-69.0,-138.0,RESOLVED,BUY,False,,,ORIGINAL_STOP_BEFORE_ARM,23731.75,-69.0,-138.0,0.0,RAW_DOUBLE_STOP_NOT_RESCUED
2186,2025-08-12 09:30:00,2025-08-12T13:30:00+00:00,VALIDATED_SOURCE,NY,AUGUST,NQU5,2,16.0,1.0,2,1.0,COST_COVER_BE,RESOLVED,DOUBLE_STOP,SELL,STOP,3,2025-08-12 13:30:00.002884207+00:00,STOP,STOP,7,3,23731.75,23734.25,-69.0,-69.0,-138.0,RESOLVED,BUY,False,,,ORIGINAL_STOP_BEFORE_ARM,23731.75,-69.0,-138.0,0.0,RAW_DOUBLE_STOP_NOT_RESCUED
2186,2025-08-12 09:30:00,2025-08-12T13:30:00+00:00,VALIDATED_SOURCE,NY,AUGUST,NQU5,2,16.0,1.0,2,2.0,PRICE_BE,RESOLVED,DOUBLE_STOP,SELL,STOP,3,2025-08-12 13:30:00.002884207+00:00,STOP,STOP,7,3,23731.75,23734.25,-69.0,-69.0,-138.0,RESOLVED,BUY,False,,,ORIGINAL_STOP_BEFORE_ARM,23731.75,-69.0,-138.0,0.0,RAW_DOUBLE_STOP_NOT_RESCUED
2186,2025-08-12 09:30:00,2025-08-12T13:30:00+00:00,VALIDATED_SOURCE,NY,AUGUST,NQU5,2,16.0,1.0,2,2.0,COST_COVER_BE,RESOLVED,DOUBLE_STOP,SELL,STOP,3,2025-08-12 13:30:00.002884207+00:00,STOP,STOP,7,3,23731.75,23734.25,-69.0,-69.0,-138.0,RESOLVED,BUY,False,,,ORIGINAL_STOP_BEFORE_ARM,23731.75,-69.0,-138.0,0.0,RAW_DOUBLE_STOP_NOT_RESCUED
2186,2025-08-12 09:30:00,2025-08-12T13:30:00+00:00,VALIDATED_SOURCE,NY,AUGUST,NQU5,2,16.0,1.0,2,3.0,PRICE_BE,RESOLVED,DOUBLE_STOP,SELL,STOP,3,2025-08-12 13:30:00.002884207+00:00,STOP,STOP,7,3,23731.75,23734.25,-69.0,-69.0,-138.0,RESOLVED,BUY,False,,,ORIGINAL_STOP_BEFORE_ARM,23731.75,-69.0,-138.0,0.0,RAW_DOUBLE_STOP_NOT_RESCUED
2186,2025-08-12 09:30:00,2025-08-12T13:30:00+00:00,VALIDATED_SOURCE,NY,AUGUST,NQU5,2,16.0,1.0,2,3.0,COST_COVER_BE,RESOLVED,DOUBLE_STOP,SELL,STOP,3,2025-08-12 13:30:00.002884207+00:00,STOP,STOP,7,3,23731.75,23734.25,-69.0,-69.0,-138.0,RESOLVED,BUY,False,,,ORIGINAL_STOP_BEFORE_ARM,23731.75,-69.0,-138.0,0.0,RAW_DOUBLE_STOP_NOT_RESCUED
2186,2025-08-12 09:30:00,2025-08-12T13:30:00+00:00,VALIDATED_SOURCE,NY,AUGUST,NQU5,2,16.0,1.0,2,4.0,PRICE_BE,RESOLVED,DOUBLE_STOP,SELL,STOP,3,2025-08-12 13:30:00.002884207+00:00,STOP,STOP,7,3,23731.75,23734.25,-69.0,-69.0,-138.0,RESOLVED,BUY,False,,,ORIGINAL_STOP_BEFORE_ARM,23731.75,-69.0,-138.0,0.0,RAW_DOUBLE_STOP_NOT_RESCUED
2186,2025-08-12 09:30:00,2025-08-12T13:30:00+00:00,VALIDATED_SOURCE,NY,AUGUST,NQU5,2,16.0,1.0,2,4.0,COST_COVER_BE,RESOLVED,DOUBLE_STOP,SELL,STOP,3,2025-08-12 13:30:00.002884207+00:00,STOP,STOP,7,3,23731.75,23734.25,-69.0,-69.0,-138.0,RESOLVED,BUY,False,,,ORIGINAL_STOP_BEFORE_ARM,23731.75,-69.0,-138.0,0.0,RAW_DOUBLE_STOP_NOT_RESCUED
2186,2025-08-12 09:30:00,2025-08-12T13:30:00+00:00,VALIDATED_SOURCE,NY,AUGUST,NQU5,2,16.0,1.0,2,5.0,PRICE_BE,RESOLVED,DOUBLE_STOP,SELL,STOP,3,2025-08-12 13:30:00.002884207+00:00,STOP,STOP,7,3,23731.75,23734.25,-69.0,-69.0,-138.0,RESOLVED,BUY,False,,,ORIGINAL_STOP_BEFORE_ARM,23731.75,-69.0,-138.0,0.0,RAW_DOUBLE_STOP_NOT_RESCUED
2186,2025-08-12 09:30:00,2025-08-12T13:30:00+00:00,VALIDATED_SOURCE,NY,AUGUST,NQU5,2,16.0,1.0,2,5.0,COST_COVER_BE,RESOLVED,DOUBLE_STOP,SELL,STOP,3,2025-08-12 13:30:00.002884207+00:00,STOP,STOP,7,3,23731.75,23734.25,-69.0,-69.0,-138.0,RESOLVED,BUY,False,,,ORIGINAL_STOP_BEFORE_ARM,23731.75,-69.0,-138.0,0.0,RAW_DOUBLE_STOP_NOT_RESCUED
2186,2025-08-12 09:30:00,2025-08-12T13:30:00+00:00,VALIDATED_SOURCE,NY,AUGUST,NQU5,2,16.0,1.0,2,8.0,PRICE_BE,RESOLVED,DOUBLE_STOP,SELL,STOP,3,2025-08-12 13:30:00.002884207+00:00,STOP,STOP,7,3,23731.75,23734.25,-69.0,-69.0,-138.0,RESOLVED,BUY,False,,,ORIGINAL_STOP_BEFORE_ARM,23731.75,-69.0,-138.0,0.0,RAW_DOUBLE_STOP_NOT_RESCUED
2186,2025-08-12 09:30:00,2025-08-12T13:30:00+00:00,VALIDATED_SOURCE,NY,AUGUST,NQU5,2,16.0,1.0,2,8.0,COST_COVER_BE,RESOLVED,DOUBLE_STOP,SELL,STOP,3,2025-08-12 13:30:00.002884207+00:00,STOP,STOP,7,3,23731.75,23734.25,-69.0,-69.0,-138.0,RESOLVED,BUY,False,,,ORIGINAL_STOP_BEFORE_ARM,23731.75,-69.0,-138.0,0.0,RAW_DOUBLE_STOP_NOT_RESCUED
2186,2025-08-12 09:30:00,2025-08-12T13:30:00+00:00,VALIDATED_SOURCE,NY,AUGUST,NQU5,2,16.0,1.0,4,0.5,PRICE_BE,RESOLVED,DOUBLE_STOP,SELL,STOP,3,2025-08-12 13:30:00.002884207+00:00,STOP,STOP,7,3,23731.25,23734.75,-89.0,-89.0,-178.0,RESOLVED,BUY,False,,,ORIGINAL_STOP_BEFORE_ARM,23731.25,-89.0,-178.0,0.0,RAW_DOUBLE_STOP_NOT_RESCUED
2186,2025-08-12 09:30:00,2025-08-12T13:30:00+00:00,VALIDATED_SOURCE,NY,AUGUST,NQU5,2,16.0,1.0,4,0.5,COST_COVER_BE,RESOLVED,DOUBLE_STOP,SELL,STOP,3,2025-08-12 13:30:00.002884207+00:00,STOP,STOP,7,3,23731.25,23734.75,-89.0,-89.0,-178.0,RESOLVED,BUY,False,,,ORIGINAL_STOP_BEFORE_ARM,23731.25,-89.0,-178.0,0.0,RAW_DOUBLE_STOP_NOT_RESCUED
2186,2025-08-12 09:30:00,2025-08-12T13:30:00+00:00,VALIDATED_SOURCE,NY,AUGUST,NQU5,2,16.0,1.0,4,1.0,PRICE_BE,RESOLVED,DOUBLE_STOP,SELL,STOP,3,2025-08-12 13:30:00.002884207+00:00,STOP,STOP,7,3,23731.25,23734.75,-89.0,-89.0,-178.0,RESOLVED,BUY,False,,,ORIGINAL_STOP_BEFORE_ARM,23731.25,-89.0,-178.0,0.0,RAW_DOUBLE_STOP_NOT_RESCUED
2186,2025-08-12 09:30:00,2025-08-12T13:30:00+00:00,VALIDATED_SOURCE,NY,AUGUST,NQU5,2,16.0,1.0,4,1.0,COST_COVER_BE,RESOLVED,DOUBLE_STOP,SELL,STOP,3,2025-08-12 13:30:00.002884207+00:00,STOP,STOP,7,3,23731.25,23734.75,-89.0,-89.0,-178.0,RESOLVED,BUY,False,,,ORIGINAL_STOP_BEFORE_ARM,23731.25,-89.0,-178.0,0.0,RAW_DOUBLE_STOP_NOT_RESCUED
2186,2025-08-12 09:30:00,2025-08-12T13:30:00+00:00,VALIDATED_SOURCE,NY,AUGUST,NQU5,2,16.0,1.0,4,2.0,PRICE_BE,RESOLVED,DOUBLE_STOP,SELL,STOP,3,2025-08-12 13:30:00.002884207+00:00,STOP,STOP,7,3,23731.25,23734.75,-89.0,-89.0,-178.0,RESOLVED,BUY,False,,,ORIGINAL_STOP_BEFORE_ARM,23731.25,-89.0,-178.0,0.0,RAW_DOUBLE_STOP_NOT_RESCUED
2186,2025-08-12 09:30:00,2025-08-12T13:30:00+00:00,VALIDATED_SOURCE,NY,AUGUST,NQU5,2,16.0,1.0,4,2.0,COST_COVER_BE,RESOLVED,DOUBLE_STOP,SELL,STOP,3,2025-08-12 13:30:00.002884207+00:00,STOP,STOP,7,3,23731.25,23734.75,-89.0,-89.0,-178.0,RESOLVED,BUY,False,,,ORIGINAL_STOP_BEFORE_ARM,23731.25,-89.0,-178.0,0.0,RAW_DOUBLE_STOP_NOT_RESCUED
2186,2025-08-12 09:30:00,2025-08-12T13:30:00+00:00,VALIDATED_SOURCE,NY,AUGUST,NQU5,2,16.0,1.0,4,3.0,PRICE_BE,RESOLVED,DOUBLE_STOP,SELL,STOP,3,2025-08-12 13:30:00.002884207+00:00,STOP,STOP,7,3,23731.25,23734.75,-89.0,-89.0,-178.0,RESOLVED,BUY,False,,,ORIGINAL_STOP_BEFORE_ARM,23731.25,-89.0,-178.0,0.0,RAW_DOUBLE_STOP_NOT_RESCUED
2186,2025-08-12 09:30:00,2025-08-12T13:30:00+00:00,VALIDATED_SOURCE,NY,AUGUST,NQU5,2,16.0,1.0,4,3.0,COST_COVER_BE,RESOLVED,DOUBLE_STOP,SELL,STOP,3,2025-08-12 13:30:00.002884207+00:00,STOP,STOP,7,3,23731.25,23734.75,-89.0,-89.0,-178.0,RESOLVED,BUY,False,,,ORIGINAL_STOP_BEFORE_ARM,23731.25,-89.0,-178.0,0.0,RAW_DOUBLE_STOP_NOT_RESCUED
2186,2025-08-12 09:30:00,2025-08-12T13:30:00+00:00,VALIDATED_SOURCE,NY,AUGUST,NQU5,2,16.0,1.0,4,4.0,PRICE_BE,RESOLVED,DOUBLE_STOP,SELL,STOP,3,2025-08-12 13:30:00.002884207+00:00,STOP,STOP,7,3,23731.25,23734.75,-89.0,-89.0,-178.0,RESOLVED,BUY,False,,,ORIGINAL_STOP_BEFORE_ARM,23731.25,-89.0,-178.0,0.0,RAW_DOUBLE_STOP_NOT_RESCUED
2186,2025-08-12 09:30:00,2025-08-12T13:30:00+00:00,VALIDATED_SOURCE,NY,AUGUST,NQU5,2,16.0,1.0,4,4.0,COST_COVER_BE,RESOLVED,DOUBLE_STOP,SELL,STOP,3,2025-08-12 13:30:00.002884207+00:00,STOP,STOP,7,3,23731.25,23734.75,-89.0,-89.0,-178.0,RESOLVED,BUY,False,,,ORIGINAL_STOP_BEFORE_ARM,23731.25,-89.0,-178.0,0.0,RAW_DOUBLE_STOP_NOT_RESCUED
2186,2025-08-12 09:30:00,2025-08-12T13:30:00+00:00,VALIDATED_SOURCE,NY,AUGUST,NQU5,2,16.0,1.0,4,5.0,PRICE_BE,RESOLVED,DOUBLE_STOP,SELL,STOP,3,2025-08-12 13:30:00.002884207+00:00,STOP,STOP,7,3,23731.25,23734.75,-89.0,-89.0,-178.0,RESOLVED,BUY,False,,,ORIGINAL_STOP_BEFORE_ARM,23731.25,-89.0,-178.0,0.0,RAW_DOUBLE_STOP_NOT_RESCUED
2186,2025-08-12 09:30:00,2025-08-12T13:30:00+00:00,VALIDATED_SOURCE,NY,AUGUST,NQU5,2,16.0,1.0,4,5.0,COST_COVER_BE,RESOLVED,DOUBLE_STOP,SELL,STOP,3,2025-08-12 13:30:00.002884207+00:00,STOP,STOP,7,3,23731.25,23734.75,-89.0,-89.0,-178.0,RESOLVED,BUY,False,,,ORIGINAL_STOP_BEFORE_ARM,23731.25,-89.0,-178.0,0.0,RAW_DOUBLE_STOP_NOT_RESCUED
2186,2025-08-12 09:30:00,2025-08-12T13:30:00+00:00,VALIDATED_SOURCE,NY,AUGUST,NQU5,2,16.0,1.0,4,8.0,PRICE_BE,RESOLVED,DOUBLE_STOP,SELL,STOP,3,2025-08-12 13:30:00.002884207+00:00,STOP,STOP,7,3,23731.25,23734.75,-89.0,-89.0,-178.0,RESOLVED,BUY,False,,,ORIGINAL_STOP_BEFORE_ARM,23731.25,-89.0,-178.0,0.0,RAW_DOUBLE_STOP_NOT_RESCUED
2186,2025-08-12 09:30:00,2025-08-12T13:30:00+00:00,VALIDATED_SOURCE,NY,AUGUST,NQU5,2,16.0,1.0,4,8.0,COST_COVER_BE,RESOLVED,DOUBLE_STOP,SELL,STOP,3,2025-08-12 13:30:00.002884207+00:00,STOP,STOP,7,3,23731.25,23734.75,-89.0,-89.0,-178.0,RESOLVED,BUY,False,,,ORIGINAL_STOP_BEFORE_ARM,23731.25,-89.0,-178.0,0.0,RAW_DOUBLE_STOP_NOT_RESCUED
2187,2025-08-12 18:00:00,2025-08-12T22:00:00+00:00,VALIDATED_SOURCE,WEEKDAY_WEAK,AUGUST,NQU5,1,10.0,1.0,0,0.5,PRICE_BE,RESOLVED,SELL_TARGET,BUY,STOP,0,2025-08-12 22:00:00.004098373+00:00,STOP,TARGET,0,46,23943.5,23934.75,-39.5,195.5,156.0,RESOLVED,SELL,True,1.0,2025-08-12 22:00:00.004242019+00:00,TARGET_AFTER_ARM,23934.75,195.5,156.0,0.0,RAW_TARGET_WINNER_PRESERVED
2187,2025-08-12 18:00:00,2025-08-12T22:00:00+00:00,VALIDATED_SOURCE,WEEKDAY_WEAK,AUGUST,NQU5,1,10.0,1.0,0,0.5,COST_COVER_BE,RESOLVED,SELL_TARGET,BUY,STOP,0,2025-08-12 22:00:00.004098373+00:00,STOP,TARGET,0,46,23943.5,23934.75,-39.5,195.5,156.0,RESOLVED,SELL,True,1.0,2025-08-12 22:00:00.004242019+00:00,TARGET_AFTER_ARM,23934.75,195.5,156.0,0.0,RAW_TARGET_WINNER_PRESERVED
2187,2025-08-12 18:00:00,2025-08-12T22:00:00+00:00,VALIDATED_SOURCE,WEEKDAY_WEAK,AUGUST,NQU5,1,10.0,1.0,0,1.0,PRICE_BE,RESOLVED,SELL_TARGET,BUY,STOP,0,2025-08-12 22:00:00.004098373+00:00,STOP,TARGET,0,46,23943.5,23934.75,-39.5,195.5,156.0,RESOLVED,SELL,True,1.0,2025-08-12 22:00:00.004242019+00:00,TARGET_AFTER_ARM,23934.75,195.5,156.0,0.0,RAW_TARGET_WINNER_PRESERVED
2187,2025-08-12 18:00:00,2025-08-12T22:00:00+00:00,VALIDATED_SOURCE,WEEKDAY_WEAK,AUGUST,NQU5,1,10.0,1.0,0,1.0,COST_COVER_BE,RESOLVED,SELL_TARGET,BUY,STOP,0,2025-08-12 22:00:00.004098373+00:00,STOP,TARGET,0,46,23943.5,23934.75,-39.5,195.5,156.0,RESOLVED,SELL,True,1.0,2025-08-12 22:00:00.004242019+00:00,TARGET_AFTER_ARM,23934.75,195.5,156.0,0.0,RAW_TARGET_WINNER_PRESERVED
2187,2025-08-12 18:00:00,2025-08-12T22:00:00+00:00,VALIDATED_SOURCE,WEEKDAY_WEAK,AUGUST,NQU5,1,10.0,1.0,0,2.0,PRICE_BE,RESOLVED,SELL_TARGET,BUY,STOP,0,2025-08-12 22:00:00.004098373+00:00,STOP,TARGET,0,46,23943.5,23934.75,-39.5,195.5,156.0,RESOLVED,SELL,True,5.0,2025-08-12 22:00:00.013646925+00:00,TARGET_AFTER_ARM,23934.75,195.5,156.0,0.0,RAW_TARGET_WINNER_PRESERVED
2187,2025-08-12 18:00:00,2025-08-12T22:00:00+00:00,VALIDATED_SOURCE,WEEKDAY_WEAK,AUGUST,NQU5,1,10.0,1.0,0,2.0,COST_COVER_BE,RESOLVED,SELL_TARGET,BUY,STOP,0,2025-08-12 22:00:00.004098373+00:00,STOP,TARGET,0,46,23943.5,23934.75,-39.5,195.5,156.0,RESOLVED,SELL,True,5.0,2025-08-12 22:00:00.013646925+00:00,TARGET_AFTER_ARM,23934.75,195.5,156.0,0.0,RAW_TARGET_WINNER_PRESERVED
2187,2025-08-12 18:00:00,2025-08-12T22:00:00+00:00,VALIDATED_SOURCE,WEEKDAY_WEAK,AUGUST,NQU5,1,10.0,1.0,0,3.0,PRICE_BE,RESOLVED,SELL_TARGET,BUY,STOP,0,2025-08-12 22:00:00.004098373+00:00,STOP,TARGET,0,46,23943.5,23934.75,-39.5,195.5,156.0,RESOLVED,SELL,True,5.0,2025-08-12 22:00:00.013646925+00:00,TARGET_AFTER_ARM,23934.75,195.5,156.0,0.0,RAW_TARGET_WINNER_PRESERVED
2187,2025-08-12 18:00:00,2025-08-12T22:00:00+00:00,VALIDATED_SOURCE,WEEKDAY_WEAK,AUGUST,NQU5,1,10.0,1.0,0,3.0,COST_COVER_BE,RESOLVED,SELL_TARGET,BUY,STOP,0,2025-08-12 22:00:00.004098373+00:00,STOP,TARGET,0,46,23943.5,23934.75,-39.5,195.5,156.0,RESOLVED,SELL,True,5.0,2025-08-12 22:00:00.013646925+00:00,TARGET_AFTER_ARM,23934.75,195.5,156.0,0.0,RAW_TARGET_WINNER_PRESERVED
2187,2025-08-12 18:00:00,2025-08-12T22:00:00+00:00,VALIDATED_SOURCE,WEEKDAY_WEAK,AUGUST,NQU5,1,10.0,1.0,0,4.0,PRICE_BE,RESOLVED,SELL_TARGET,BUY,STOP,0,2025-08-12 22:00:00.004098373+00:00,STOP,TARGET,0,46,23943.5,23934.75,-39.5,195.5,156.0,RESOLVED,SELL,True,7.0,2025-08-12 22:00:00.015089069+00:00,TARGET_AFTER_ARM,23934.75,195.5,156.0,0.0,RAW_TARGET_WINNER_PRESERVED
2187,2025-08-12 18:00:00,2025-08-12T22:00:00+00:00,VALIDATED_SOURCE,WEEKDAY_WEAK,AUGUST,NQU5,1,10.0,1.0,0,4.0,COST_COVER_BE,RESOLVED,SELL_TARGET,BUY,STOP,0,2025-08-12 22:00:00.004098373+00:00,STOP,TARGET,0,46,23943.5,23934.75,-39.5,195.5,156.0,RESOLVED,SELL,True,7.0,2025-08-12 22:00:00.015089069+00:00,TARGET_AFTER_ARM,23934.75,195.5,156.0,0.0,RAW_TARGET_WINNER_PRESERVED
2187,2025-08-12 18:00:00,2025-08-12T22:00:00+00:00,VALIDATED_SOURCE,WEEKDAY_WEAK,AUGUST,NQU5,1,10.0,1.0,0,5.0,PRICE_BE,RESOLVED,SELL_TARGET,BUY,STOP,0,2025-08-12 22:00:00.004098373+00:00,STOP,TARGET,0,46,23943.5,23934.75,-39.5,195.5,156.0,RESOLVED,SELL,True,11.0,2025-08-12 22:00:00.017830379+00:00,TARGET_AFTER_ARM,23934.75,195.5,156.0,0.0,RAW_TARGET_WINNER_PRESERVED
2187,2025-08-12 18:00:00,2025-08-12T22:00:00+00:00,VALIDATED_SOURCE,WEEKDAY_WEAK,AUGUST,NQU5,1,10.0,1.0,0,5.0,COST_COVER_BE,RESOLVED,SELL_TARGET,BUY,STOP,0,2025-08-12 22:00:00.004098373+00:00,STOP,TARGET,0,46,23943.5,23934.75,-39.5,195.5,156.0,RESOLVED,SELL,True,11.0,2025-08-12 22:00:00.017830379+00:00,TARGET_AFTER_ARM,23934.75,195.5,156.0,0.0,RAW_TARGET_WINNER_PRESERVED
2187,2025-08-12 18:00:00,2025-08-12T22:00:00+00:00,VALIDATED_SOURCE,WEEKDAY_WEAK,AUGUST,NQU5,1,10.0,1.0,0,8.0,PRICE_BE,RESOLVED,SELL_TARGET,BUY,STOP,0,2025-08-12 22:00:00.004098373+00:00,STOP,TARGET,0,46,23943.5,23934.75,-39.5,195.5,156.0,RESOLVED,SELL,True,28.0,2025-08-12 22:00:00.355665493+00:00,TARGET_AFTER_ARM,23934.75,195.5,156.0,0.0,RAW_TARGET_WINNER_PRESERVED
2187,2025-08-12 18:00:00,2025-08-12T22:00:00+00:00,VALIDATED_SOURCE,WEEKDAY_WEAK,AUGUST,NQU5,1,10.0,1.0,0,8.0,COST_COVER_BE,RESOLVED,SELL_TARGET,BUY,STOP,0,2025-08-12 22:00:00.004098373+00:00,STOP,TARGET,0,46,23943.5,23934.75,-39.5,195.5,156.0,RESOLVED,SELL,True,28.0,2025-08-12 22:00:00.355665493+00:00,TARGET_AFTER_ARM,23934.75,195.5,156.0,0.0,RAW_TARGET_WINNER_PRESERVED
2187,2025-08-12 18:00:00,2025-08-12T22:00:00+00:00,VALIDATED_SOURCE,WEEKDAY_WEAK,AUGUST,NQU5,1,10.0,1.0,1,0.5,PRICE_BE,RESOLVED,SELL_TARGET,BUY,STOP,0,2025-08-12 22:00:00.004098373+00:00,STOP,TARGET,0,46,23943.25,23934.75,-44.5,195.5,151.0,RESOLVED,SELL,True,1.0,2025-08-12 22:00:00.004242019+00:00,TARGET_AFTER_ARM,23934.75,195.5,151.0,0.0,RAW_TARGET_WINNER_PRESERVED
2187,2025-08-12 18:00:00,2025-08-12T22:00:00+00:00,VALIDATED_SOURCE,WEEKDAY_WEAK,AUGUST,NQU5,1,10.0,1.0,1,0.5,COST_COVER_BE,RESOLVED,SELL_TARGET,BUY,STOP,0,2025-08-12 22:00:00.004098373+00:00,STOP,TARGET,0,46,23943.25,23934.75,-44.5,195.5,151.0,RESOLVED,SELL,True,1.0,2025-08-12 22:00:00.004242019+00:00,TARGET_AFTER_ARM,23934.75,195.5,151.0,0.0,RAW_TARGET_WINNER_PRESERVED
2187,2025-08-12 18:00:00,2025-08-12T22:00:00+00:00,VALIDATED_SOURCE,WEEKDAY_WEAK,AUGUST,NQU5,1,10.0,1.0,1,1.0,PRICE_BE,RESOLVED,SELL_TARGET,BUY,STOP,0,2025-08-12 22:00:00.004098373+00:00,STOP,TARGET,0,46,23943.25,23934.75,-44.5,195.5,151.0,RESOLVED,SELL,True,1.0,2025-08-12 22:00:00.004242019+00:00,TARGET_AFTER_ARM,23934.75,195.5,151.0,0.0,RAW_TARGET_WINNER_PRESERVED
2187,2025-08-12 18:00:00,2025-08-12T22:00:00+00:00,VALIDATED_SOURCE,WEEKDAY_WEAK,AUGUST,NQU5,1,10.0,1.0,1,1.0,COST_COVER_BE,RESOLVED,SELL_TARGET,BUY,STOP,0,2025-08-12 22:00:00.004098373+00:00,STOP,TARGET,0,46,23943.25,23934.75,-44.5,195.5,151.0,RESOLVED,SELL,True,1.0,2025-08-12 22:00:00.004242019+00:00,TARGET_AFTER_ARM,23934.75,195.5,151.0,0.0,RAW_TARGET_WINNER_PRESERVED
2187,2025-08-12 18:00:00,2025-08-12T22:00:00+00:00,VALIDATED_SOURCE,WEEKDAY_WEAK,AUGUST,NQU5,1,10.0,1.0,1,2.0,PRICE_BE,RESOLVED,SELL_TARGET,BUY,STOP,0,2025-08-12 22:00:00.004098373+00:00,STOP,TARGET,0,46,23943.25,23934.75,-44.5,195.5,151.0,RESOLVED,SELL,True,5.0,2025-08-12 22:00:00.013646925+00:00,TARGET_AFTER_ARM,23934.75,195.5,151.0,0.0,RAW_TARGET_WINNER_PRESERVED
2187,2025-08-12 18:00:00,2025-08-12T22:00:00+00:00,VALIDATED_SOURCE,WEEKDAY_WEAK,AUGUST,NQU5,1,10.0,1.0,1,2.0,COST_COVER_BE,RESOLVED,SELL_TARGET,BUY,STOP,0,2025-08-12 22:00:00.004098373+00:00,STOP,TARGET,0,46,23943.25,23934.75,-44.5,195.5,151.0,RESOLVED,SELL,True,5.0,2025-08-12 22:00:00.013646925+00:00,TARGET_AFTER_ARM,23934.75,195.5,151.0,0.0,RAW_TARGET_WINNER_PRESERVED
2187,2025-08-12 18:00:00,2025-08-12T22:00:00+00:00,VALIDATED_SOURCE,WEEKDAY_WEAK,AUGUST,NQU5,1,10.0,1.0,1,3.0,PRICE_BE,RESOLVED,SELL_TARGET,BUY,STOP,0,2025-08-12 22:00:00.004098373+00:00,STOP,TARGET,0,46,23943.25,23934.75,-44.5,195.5,151.0,RESOLVED,SELL,True,5.0,2025-08-12 22:00:00.013646925+00:00,TARGET_AFTER_ARM,23934.75,195.5,151.0,0.0,RAW_TARGET_WINNER_PRESERVED
2187,2025-08-12 18:00:00,2025-08-12T22:00:00+00:00,VALIDATED_SOURCE,WEEKDAY_WEAK,AUGUST,NQU5,1,10.0,1.0,1,3.0,COST_COVER_BE,RESOLVED,SELL_TARGET,BUY,STOP,0,2025-08-12 22:00:00.004098373+00:00,STOP,TARGET,0,46,23943.25,23934.75,-44.5,195.5,151.0,RESOLVED,SELL,True,5.0,2025-08-12 22:00:00.013646925+00:00,TARGET_AFTER_ARM,23934.75,195.5,151.0,0.0,RAW_TARGET_WINNER_PRESERVED
2187,2025-08-12 18:00:00,2025-08-12T22:00:00+00:00,VALIDATED_SOURCE,WEEKDAY_WEAK,AUGUST,NQU5,1,10.0,1.0,1,4.0,PRICE_BE,RESOLVED,SELL_TARGET,BUY,STOP,0,2025-08-12 22:00:00.004098373+00:00,STOP,TARGET,0,46,23943.25,23934.75,-44.5,195.5,151.0,RESOLVED,SELL,True,7.0,2025-08-12 22:00:00.015089069+00:00,TARGET_AFTER_ARM,23934.75,195.5,151.0,0.0,RAW_TARGET_WINNER_PRESERVED
2187,2025-08-12 18:00:00,2025-08-12T22:00:00+00:00,VALIDATED_SOURCE,WEEKDAY_WEAK,AUGUST,NQU5,1,10.0,1.0,1,4.0,COST_COVER_BE,RESOLVED,SELL_TARGET,BUY,STOP,0,2025-08-12 22:00:00.004098373+00:00,STOP,TARGET,0,46,23943.25,23934.75,-44.5,195.5,151.0,RESOLVED,SELL,True,7.0,2025-08-12 22:00:00.015089069+00:00,TARGET_AFTER_ARM,23934.75,195.5,151.0,0.0,RAW_TARGET_WINNER_PRESERVED
2187,2025-08-12 18:00:00,2025-08-12T22:00:00+00:00,VALIDATED_SOURCE,WEEKDAY_WEAK,AUGUST,NQU5,1,10.0,1.0,1,5.0,PRICE_BE,RESOLVED,SELL_TARGET,BUY,STOP,0,2025-08-12 22:00:00.004098373+00:00,STOP,TARGET,0,46,23943.25,23934.75,-44.5,195.5,151.0,RESOLVED,SELL,True,11.0,2025-08-12 22:00:00.017830379+00:00,TARGET_AFTER_ARM,23934.75,195.5,151.0,0.0,RAW_TARGET_WINNER_PRESERVED
2187,2025-08-12 18:00:00,2025-08-12T22:00:00+00:00,VALIDATED_SOURCE,WEEKDAY_WEAK,AUGUST,NQU5,1,10.0,1.0,1,5.0,COST_COVER_BE,RESOLVED,SELL_TARGET,BUY,STOP,0,2025-08-12 22:00:00.004098373+00:00,STOP,TARGET,0,46,23943.25,23934.75,-44.5,195.5,151.0,RESOLVED,SELL,True,11.0,2025-08-12 22:00:00.017830379+00:00,TARGET_AFTER_ARM,23934.75,195.5,151.0,0.0,RAW_TARGET_WINNER_PRESERVED
2187,2025-08-12 18:00:00,2025-08-12T22:00:00+00:00,VALIDATED_SOURCE,WEEKDAY_WEAK,AUGUST,NQU5,1,10.0,1.0,1,8.0,PRICE_BE,RESOLVED,SELL_TARGET,BUY,STOP,0,2025-08-12 22:00:00.004098373+00:00,STOP,TARGET,0,46,23943.25,23934.75,-44.5,195.5,151.0,RESOLVED,SELL,True,28.0,2025-08-12 22:00:00.355665493+00:00,TARGET_AFTER_ARM,23934.75,195.5,151.0,0.0,RAW_TARGET_WINNER_PRESERVED
2187,2025-08-12 18:00:00,2025-08-12T22:00:00+00:00,VALIDATED_SOURCE,WEEKDAY_WEAK,AUGUST,NQU5,1,10.0,1.0,1,8.0,COST_COVER_BE,RESOLVED,SELL_TARGET,BUY,STOP,0,2025-08-12 22:00:00.004098373+00:00,STOP,TARGET,0,46,23943.25,23934.75,-44.5,195.5,151.0,RESOLVED,SELL,True,28.0,2025-08-12 22:00:00.355665493+00:00,TARGET_AFTER_ARM,23934.75,195.5,151.0,0.0,RAW_TARGET_WINNER_PRESERVED
2187,2025-08-12 18:00:00,2025-08-12T22:00:00+00:00,VALIDATED_SOURCE,WEEKDAY_WEAK,AUGUST,NQU5,1,10.0,1.0,2,0.5,PRICE_BE,RESOLVED,SELL_TARGET,BUY,STOP,0,2025-08-12 22:00:00.004098373+00:00,STOP,TARGET,0,46,23943.0,23934.75,-49.5,195.5,146.0,RESOLVED,SELL,True,1.0,2025-08-12 22:00:00.004242019+00:00,TARGET_AFTER_ARM,23934.75,195.5,146.0,0.0,RAW_TARGET_WINNER_PRESERVED
2187,2025-08-12 18:00:00,2025-08-12T22:00:00+00:00,VALIDATED_SOURCE,WEEKDAY_WEAK,AUGUST,NQU5,1,10.0,1.0,2,0.5,COST_COVER_BE,RESOLVED,SELL_TARGET,BUY,STOP,0,2025-08-12 22:00:00.004098373+00:00,STOP,TARGET,0,46,23943.0,23934.75,-49.5,195.5,146.0,RESOLVED,SELL,True,1.0,2025-08-12 22:00:00.004242019+00:00,TARGET_AFTER_ARM,23934.75,195.5,146.0,0.0,RAW_TARGET_WINNER_PRESERVED
2187,2025-08-12 18:00:00,2025-08-12T22:00:00+00:00,VALIDATED_SOURCE,WEEKDAY_WEAK,AUGUST,NQU5,1,10.0,1.0,2,1.0,PRICE_BE,RESOLVED,SELL_TARGET,BUY,STOP,0,2025-08-12 22:00:00.004098373+00:00,STOP,TARGET,0,46,23943.0,23934.75,-49.5,195.5,146.0,RESOLVED,SELL,True,1.0,2025-08-12 22:00:00.004242019+00:00,TARGET_AFTER_ARM,23934.75,195.5,146.0,0.0,RAW_TARGET_WINNER_PRESERVED
2187,2025-08-12 18:00:00,2025-08-12T22:00:00+00:00,VALIDATED_SOURCE,WEEKDAY_WEAK,AUGUST,NQU5,1,10.0,1.0,2,1.0,COST_COVER_BE,RESOLVED,SELL_TARGET,BUY,STOP,0,2025-08-12 22:00:00.004098373+00:00,STOP,TARGET,0,46,23943.0,23934.75,-49.5,195.5,146.0,RESOLVED,SELL,True,1.0,2025-08-12 22:00:00.004242019+00:00,TARGET_AFTER_ARM,23934.75,195.5,146.0,0.0,RAW_TARGET_WINNER_PRESERVED
2187,2025-08-12 18:00:00,2025-08-12T22:00:00+00:00,VALIDATED_SOURCE,WEEKDAY_WEAK,AUGUST,NQU5,1,10.0,1.0,2,2.0,PRICE_BE,RESOLVED,SELL_TARGET,BUY,STOP,0,2025-08-12 22:00:00.004098373+00:00,STOP,TARGET,0,46,23943.0,23934.75,-49.5,195.5,146.0,RESOLVED,SELL,True,5.0,2025-08-12 22:00:00.013646925+00:00,TARGET_AFTER_ARM,23934.75,195.5,146.0,0.0,RAW_TARGET_WINNER_PRESERVED
2187,2025-08-12 18:00:00,2025-08-12T22:00:00+00:00,VALIDATED_SOURCE,WEEKDAY_WEAK,AUGUST,NQU5,1,10.0,1.0,2,2.0,COST_COVER_BE,RESOLVED,SELL_TARGET,BUY,STOP,0,2025-08-12 22:00:00.004098373+00:00,STOP,TARGET,0,46,23943.0,23934.75,-49.5,195.5,146.0,RESOLVED,SELL,True,5.0,2025-08-12 22:00:00.013646925+00:00,TARGET_AFTER_ARM,23934.75,195.5,146.0,0.0,RAW_TARGET_WINNER_PRESERVED
2187,2025-08-12 18:00:00,2025-08-12T22:00:00+00:00,VALIDATED_SOURCE,WEEKDAY_WEAK,AUGUST,NQU5,1,10.0,1.0,2,3.0,PRICE_BE,RESOLVED,SELL_TARGET,BUY,STOP,0,2025-08-12 22:00:00.004098373+00:00,STOP,TARGET,0,46,23943.0,23934.75,-49.5,195.5,146.0,RESOLVED,SELL,True,5.0,2025-08-12 22:00:00.013646925+00:00,TARGET_AFTER_ARM,23934.75,195.5,146.0,0.0,RAW_TARGET_WINNER_PRESERVED
2187,2025-08-12 18:00:00,2025-08-12T22:00:00+00:00,VALIDATED_SOURCE,WEEKDAY_WEAK,AUGUST,NQU5,1,10.0,1.0,2,3.0,COST_COVER_BE,RESOLVED,SELL_TARGET,BUY,STOP,0,2025-08-12 22:00:00.004098373+00:00,STOP,TARGET,0,46,23943.0,23934.75,-49.5,195.5,146.0,RESOLVED,SELL,True,5.0,2025-08-12 22:00:00.013646925+00:00,TARGET_AFTER_ARM,23934.75,195.5,146.0,0.0,RAW_TARGET_WINNER_PRESERVED
2187,2025-08-12 18:00:00,2025-08-12T22:00:00+00:00,VALIDATED_SOURCE,WEEKDAY_WEAK,AUGUST,NQU5,1,10.0,1.0,2,4.0,PRICE_BE,RESOLVED,SELL_TARGET,BUY,STOP,0,2025-08-12 22:00:00.004098373+00:00,STOP,TARGET,0,46,23943.0,23934.75,-49.5,195.5,146.0,RESOLVED,SELL,True,7.0,2025-08-12 22:00:00.015089069+00:00,TARGET_AFTER_ARM,23934.75,195.5,146.0,0.0,RAW_TARGET_WINNER_PRESERVED
2187,2025-08-12 18:00:00,2025-08-12T22:00:00+00:00,VALIDATED_SOURCE,WEEKDAY_WEAK,AUGUST,NQU5,1,10.0,1.0,2,4.0,COST_COVER_BE,RESOLVED,SELL_TARGET,BUY,STOP,0,2025-08-12 22:00:00.004098373+00:00,STOP,TARGET,0,46,23943.0,23934.75,-49.5,195.5,146.0,RESOLVED,SELL,True,7.0,2025-08-12 22:00:00.015089069+00:00,TARGET_AFTER_ARM,23934.75,195.5,146.0,0.0,RAW_TARGET_WINNER_PRESERVED
2187,2025-08-12 18:00:00,2025-08-12T22:00:00+00:00,VALIDATED_SOURCE,WEEKDAY_WEAK,AUGUST,NQU5,1,10.0,1.0,2,5.0,PRICE_BE,RESOLVED,SELL_TARGET,BUY,STOP,0,2025-08-12 22:00:00.004098373+00:00,STOP,TARGET,0,46,23943.0,23934.75,-49.5,195.5,146.0,RESOLVED,SELL,True,11.0,2025-08-12 22:00:00.017830379+00:00,TARGET_AFTER_ARM,23934.75,195.5,146.0,0.0,RAW_TARGET_WINNER_PRESERVED
2187,2025-08-12 18:00:00,2025-08-12T22:00:00+00:00,VALIDATED_SOURCE,WEEKDAY_WEAK,AUGUST,NQU5,1,10.0,1.0,2,5.0,COST_COVER_BE,RESOLVED,SELL_TARGET,BUY,STOP,0,2025-08-12 22:00:00.004098373+00:00,STOP,TARGET,0,46,23943.0,23934.75,-49.5,195.5,146.0,RESOLVED,SELL,True,11.0,2025-08-12 22:00:00.017830379+00:00,TARGET_AFTER_ARM,23934.75,195.5,146.0,0.0,RAW_TARGET_WINNER_PRESERVED
2187,2025-08-12 18:00:00,2025-08-12T22:00:00+00:00,VALIDATED_SOURCE,WEEKDAY_WEAK,AUGUST,NQU5,1,10.0,1.0,2,8.0,PRICE_BE,RESOLVED,SELL_TARGET,BUY,STOP,0,2025-08-12 22:00:00.004098373+00:00,STOP,TARGET,0,46,23943.0,23934.75,-49.5,195.5,146.0,RESOLVED,SELL,True,28.0,2025-08-12 22:00:00.355665493+00:00,TARGET_AFTER_ARM,23934.75,195.5,146.0,0.0,RAW_TARGET_WINNER_PRESERVED
2187,2025-08-12 18:00:00,2025-08-12T22:00:00+00:00,VALIDATED_SOURCE,WEEKDAY_WEAK,AUGUST,NQU5,1,10.0,1.0,2,8.0,COST_COVER_BE,RESOLVED,SELL_TARGET,BUY,STOP,0,2025-08-12 22:00:00.004098373+00:00,STOP,TARGET,0,46,23943.0,23934.75,-49.5,195.5,146.0,RESOLVED,SELL,True,28.0,2025-08-12 22:00:00.355665493+00:00,TARGET_AFTER_ARM,23934.75,195.5,146.0,0.0,RAW_TARGET_WINNER_PRESERVED
2187,2025-08-12 18:00:00,2025-08-12T22:00:00+00:00,VALIDATED_SOURCE,WEEKDAY_WEAK,AUGUST,NQU5,1,10.0,1.0,4,0.5,PRICE_BE,RESOLVED,SELL_TARGET,BUY,STOP,0,2025-08-12 22:00:00.004098373+00:00,STOP,TARGET,0,46,23942.5,23934.75,-59.5,195.5,136.0,RESOLVED,SELL,True,1.0,2025-08-12 22:00:00.004242019+00:00,TARGET_AFTER_ARM,23934.75,195.5,136.0,0.0,RAW_TARGET_WINNER_PRESERVED
2187,2025-08-12 18:00:00,2025-08-12T22:00:00+00:00,VALIDATED_SOURCE,WEEKDAY_WEAK,AUGUST,NQU5,1,10.0,1.0,4,0.5,COST_COVER_BE,RESOLVED,SELL_TARGET,BUY,STOP,0,2025-08-12 22:00:00.004098373+00:00,STOP,TARGET,0,46,23942.5,23934.75,-59.5,195.5,136.0,RESOLVED,SELL,True,1.0,2025-08-12 22:00:00.004242019+00:00,TARGET_AFTER_ARM,23934.75,195.5,136.0,0.0,RAW_TARGET_WINNER_PRESERVED
2187,2025-08-12 18:00:00,2025-08-12T22:00:00+00:00,VALIDATED_SOURCE,WEEKDAY_WEAK,AUGUST,NQU5,1,10.0,1.0,4,1.0,PRICE_BE,RESOLVED,SELL_TARGET,BUY,STOP,0,2025-08-12 22:00:00.004098373+00:00,STOP,TARGET,0,46,23942.5,23934.75,-59.5,195.5,136.0,RESOLVED,SELL,True,1.0,2025-08-12 22:00:00.004242019+00:00,TARGET_AFTER_ARM,23934.75,195.5,136.0,0.0,RAW_TARGET_WINNER_PRESERVED
2187,2025-08-12 18:00:00,2025-08-12T22:00:00+00:00,VALIDATED_SOURCE,WEEKDAY_WEAK,AUGUST,NQU5,1,10.0,1.0,4,1.0,COST_COVER_BE,RESOLVED,SELL_TARGET,BUY,STOP,0,2025-08-12 22:00:00.004098373+00:00,STOP,TARGET,0,46,23942.5,23934.75,-59.5,195.5,136.0,RESOLVED,SELL,True,1.0,2025-08-12 22:00:00.004242019+00:00,TARGET_AFTER_ARM,23934.75,195.5,136.0,0.0,RAW_TARGET_WINNER_PRESERVED
2187,2025-08-12 18:00:00,2025-08-12T22:00:00+00:00,VALIDATED_SOURCE,WEEKDAY_WEAK,AUGUST,NQU5,1,10.0,1.0,4,2.0,PRICE_BE,RESOLVED,SELL_TARGET,BUY,STOP,0,2025-08-12 22:00:00.004098373+00:00,STOP,TARGET,0,46,23942.5,23934.75,-59.5,195.5,136.0,RESOLVED,SELL,True,5.0,2025-08-12 22:00:00.013646925+00:00,TARGET_AFTER_ARM,23934.75,195.5,136.0,0.0,RAW_TARGET_WINNER_PRESERVED
2187,2025-08-12 18:00:00,2025-08-12T22:00:00+00:00,VALIDATED_SOURCE,WEEKDAY_WEAK,AUGUST,NQU5,1,10.0,1.0,4,2.0,COST_COVER_BE,RESOLVED,SELL_TARGET,BUY,STOP,0,2025-08-12 22:00:00.004098373+00:00,STOP,TARGET,0,46,23942.5,23934.75,-59.5,195.5,136.0,RESOLVED,SELL,True,5.0,2025-08-12 22:00:00.013646925+00:00,TARGET_AFTER_ARM,23934.75,195.5,136.0,0.0,RAW_TARGET_WINNER_PRESERVED
2187,2025-08-12 18:00:00,2025-08-12T22:00:00+00:00,VALIDATED_SOURCE,WEEKDAY_WEAK,AUGUST,NQU5,1,10.0,1.0,4,3.0,PRICE_BE,RESOLVED,SELL_TARGET,BUY,STOP,0,2025-08-12 22:00:00.004098373+00:00,STOP,TARGET,0,46,23942.5,23934.75,-59.5,195.5,136.0,RESOLVED,SELL,True,5.0,2025-08-12 22:00:00.013646925+00:00,TARGET_AFTER_ARM,23934.75,195.5,136.0,0.0,RAW_TARGET_WINNER_PRESERVED
2187,2025-08-12 18:00:00,2025-08-12T22:00:00+00:00,VALIDATED_SOURCE,WEEKDAY_WEAK,AUGUST,NQU5,1,10.0,1.0,4,3.0,COST_COVER_BE,RESOLVED,SELL_TARGET,BUY,STOP,0,2025-08-12 22:00:00.004098373+00:00,STOP,TARGET,0,46,23942.5,23934.75,-59.5,195.5,136.0,RESOLVED,SELL,True,5.0,2025-08-12 22:00:00.013646925+00:00,TARGET_AFTER_ARM,23934.75,195.5,136.0,0.0,RAW_TARGET_WINNER_PRESERVED
2187,2025-08-12 18:00:00,2025-08-12T22:00:00+00:00,VALIDATED_SOURCE,WEEKDAY_WEAK,AUGUST,NQU5,1,10.0,1.0,4,4.0,PRICE_BE,RESOLVED,SELL_TARGET,BUY,STOP,0,2025-08-12 22:00:00.004098373+00:00,STOP,TARGET,0,46,23942.5,23934.75,-59.5,195.5,136.0,RESOLVED,SELL,True,7.0,2025-08-12 22:00:00.015089069+00:00,TARGET_AFTER_ARM,23934.75,195.5,136.0,0.0,RAW_TARGET_WINNER_PRESERVED
2187,2025-08-12 18:00:00,2025-08-12T22:00:00+00:00,VALIDATED_SOURCE,WEEKDAY_WEAK,AUGUST,NQU5,1,10.0,1.0,4,4.0,COST_COVER_BE,RESOLVED,SELL_TARGET,BUY,STOP,0,2025-08-12 22:00:00.004098373+00:00,STOP,TARGET,0,46,23942.5,23934.75,-59.5,195.5,136.0,RESOLVED,SELL,True,7.0,2025-08-12 22:00:00.015089069+00:00,TARGET_AFTER_ARM,23934.75,195.5,136.0,0.0,RAW_TARGET_WINNER_PRESERVED
2187,2025-08-12 18:00:00,2025-08-12T22:00:00+00:00,VALIDATED_SOURCE,WEEKDAY_WEAK,AUGUST,NQU5,1,10.0,1.0,4,5.0,PRICE_BE,RESOLVED,SELL_TARGET,BUY,STOP,0,2025-08-12 22:00:00.004098373+00:00,STOP,TARGET,0,46,23942.5,23934.75,-59.5,195.5,136.0,RESOLVED,SELL,True,11.0,2025-08-12 22:00:00.017830379+00:00,TARGET_AFTER_ARM,23934.75,195.5,136.0,0.0,RAW_TARGET_WINNER_PRESERVED
2187,2025-08-12 18:00:00,2025-08-12T22:00:00+00:00,VALIDATED_SOURCE,WEEKDAY_WEAK,AUGUST,NQU5,1,10.0,1.0,4,5.0,COST_COVER_BE,RESOLVED,SELL_TARGET,BUY,STOP,0,2025-08-12 22:00:00.004098373+00:00,STOP,TARGET,0,46,23942.5,23934.75,-59.5,195.5,136.0,RESOLVED,SELL,True,11.0,2025-08-12 22:00:00.017830379+00:00,TARGET_AFTER_ARM,23934.75,195.5,136.0,0.0,RAW_TARGET_WINNER_PRESERVED
2187,2025-08-12 18:00:00,2025-08-12T22:00:00+00:00,VALIDATED_SOURCE,WEEKDAY_WEAK,AUGUST,NQU5,1,10.0,1.0,4,8.0,PRICE_BE,RESOLVED,SELL_TARGET,BUY,STOP,0,2025-08-12 22:00:00.004098373+00:00,STOP,TARGET,0,46,23942.5,23934.75,-59.5,195.5,136.0,RESOLVED,SELL,True,28.0,2025-08-12 22:00:00.355665493+00:00,TARGET_AFTER_ARM,23934.75,195.5,136.0,0.0,RAW_TARGET_WINNER_PRESERVED
2187,2025-08-12 18:00:00,2025-08-12T22:00:00+00:00,VALIDATED_SOURCE,WEEKDAY_WEAK,AUGUST,NQU5,1,10.0,1.0,4,8.0,COST_COVER_BE,RESOLVED,SELL_TARGET,BUY,STOP,0,2025-08-12 22:00:00.004098373+00:00,STOP,TARGET,0,46,23942.5,23934.75,-59.5,195.5,136.0,RESOLVED,SELL,True,28.0,2025-08-12 22:00:00.355665493+00:00,TARGET_AFTER_ARM,23934.75,195.5,136.0,0.0,RAW_TARGET_WINNER_PRESERVED
2188,2025-08-13 09:30:00,2025-08-13T13:30:00+00:00,VALIDATED_SOURCE,NY,AUGUST,NQU5,2,16.0,1.0,0,0.5,PRICE_BE,RESOLVED,DOUBLE_STOP,BUY,STOP,14,2025-08-13 13:30:00.006217433+00:00,STOP,STOP,14,32,24043.75,24045.25,-49.0,-49.0,-98.0,RESOLVED,SELL,False,,,ORIGINAL_STOP_BEFORE_ARM,24045.25,-49.0,-98.0,0.0,RAW_DOUBLE_STOP_NOT_RESCUED
2188,2025-08-13 09:30:00,2025-08-13T13:30:00+00:00,VALIDATED_SOURCE,NY,AUGUST,NQU5,2,16.0,1.0,0,0.5,COST_COVER_BE,RESOLVED,DOUBLE_STOP,BUY,STOP,14,2025-08-13 13:30:00.006217433+00:00,STOP,STOP,14,32,24043.75,24045.25,-49.0,-49.0,-98.0,RESOLVED,SELL,False,,,ORIGINAL_STOP_BEFORE_ARM,24045.25,-49.0,-98.0,0.0,RAW_DOUBLE_STOP_NOT_RESCUED
2188,2025-08-13 09:30:00,2025-08-13T13:30:00+00:00,VALIDATED_SOURCE,NY,AUGUST,NQU5,2,16.0,1.0,0,1.0,PRICE_BE,RESOLVED,DOUBLE_STOP,BUY,STOP,14,2025-08-13 13:30:00.006217433+00:00,STOP,STOP,14,32,24043.75,24045.25,-49.0,-49.0,-98.0,RESOLVED,SELL,False,,,ORIGINAL_STOP_BEFORE_ARM,24045.25,-49.0,-98.0,0.0,RAW_DOUBLE_STOP_NOT_RESCUED
2188,2025-08-13 09:30:00,2025-08-13T13:30:00+00:00,VALIDATED_SOURCE,NY,AUGUST,NQU5,2,16.0,1.0,0,1.0,COST_COVER_BE,RESOLVED,DOUBLE_STOP,BUY,STOP,14,2025-08-13 13:30:00.006217433+00:00,STOP,STOP,14,32,24043.75,24045.25,-49.0,-49.0,-98.0,RESOLVED,SELL,False,,,ORIGINAL_STOP_BEFORE_ARM,24045.25,-49.0,-98.0,0.0,RAW_DOUBLE_STOP_NOT_RESCUED
2188,2025-08-13 09:30:00,2025-08-13T13:30:00+00:00,VALIDATED_SOURCE,NY,AUGUST,NQU5,2,16.0,1.0,0,2.0,PRICE_BE,RESOLVED,DOUBLE_STOP,BUY,STOP,14,2025-08-13 13:30:00.006217433+00:00,STOP,STOP,14,32,24043.75,24045.25,-49.0,-49.0,-98.0,RESOLVED,SELL,False,,,ORIGINAL_STOP_BEFORE_ARM,24045.25,-49.0,-98.0,0.0,RAW_DOUBLE_STOP_NOT_RESCUED
2188,2025-08-13 09:30:00,2025-08-13T13:30:00+00:00,VALIDATED_SOURCE,NY,AUGUST,NQU5,2,16.0,1.0,0,2.0,COST_COVER_BE,RESOLVED,DOUBLE_STOP,BUY,STOP,14,2025-08-13 13:30:00.006217433+00:00,STOP,STOP,14,32,24043.75,24045.25,-49.0,-49.0,-98.0,RESOLVED,SELL,False,,,ORIGINAL_STOP_BEFORE_ARM,24045.25,-49.0,-98.0,0.0,RAW_DOUBLE_STOP_NOT_RESCUED
2188,2025-08-13 09:30:00,2025-08-13T13:30:00+00:00,VALIDATED_SOURCE,NY,AUGUST,NQU5,2,16.0,1.0,0,3.0,PRICE_BE,RESOLVED,DOUBLE_STOP,BUY,STOP,14,2025-08-13 13:30:00.006217433+00:00,STOP,STOP,14,32,24043.75,24045.25,-49.0,-49.0,-98.0,RESOLVED,SELL,False,,,ORIGINAL_STOP_BEFORE_ARM,24045.25,-49.0,-98.0,0.0,RAW_DOUBLE_STOP_NOT_RESCUED
2188,2025-08-13 09:30:00,2025-08-13T13:30:00+00:00,VALIDATED_SOURCE,NY,AUGUST,NQU5,2,16.0,1.0,0,3.0,COST_COVER_BE,RESOLVED,DOUBLE_STOP,BUY,STOP,14,2025-08-13 13:30:00.006217433+00:00,STOP,STOP,14,32,24043.75,24045.25,-49.0,-49.0,-98.0,RESOLVED,SELL,False,,,ORIGINAL_STOP_BEFORE_ARM,24045.25,-49.0,-98.0,0.0,RAW_DOUBLE_STOP_NOT_RESCUED
2188,2025-08-13 09:30:00,2025-08-13T13:30:00+00:00,VALIDATED_SOURCE,NY,AUGUST,NQU5,2,16.0,1.0,0,4.0,PRICE_BE,RESOLVED,DOUBLE_STOP,BUY,STOP,14,2025-08-13 13:30:00.006217433+00:00,STOP,STOP,14,32,24043.75,24045.25,-49.0,-49.0,-98.0,RESOLVED,SELL,False,,,ORIGINAL_STOP_BEFORE_ARM,24045.25,-49.0,-98.0,0.0,RAW_DOUBLE_STOP_NOT_RESCUED
2188,2025-08-13 09:30:00,2025-08-13T13:30:00+00:00,VALIDATED_SOURCE,NY,AUGUST,NQU5,2,16.0,1.0,0,4.0,COST_COVER_BE,RESOLVED,DOUBLE_STOP,BUY,STOP,14,2025-08-13 13:30:00.006217433+00:00,STOP,STOP,14,32,24043.75,24045.25,-49.0,-49.0,-98.0,RESOLVED,SELL,False,,,ORIGINAL_STOP_BEFORE_ARM,24045.25,-49.0,-98.0,0.0,RAW_DOUBLE_STOP_NOT_RESCUED
2188,2025-08-13 09:30:00,2025-08-13T13:30:00+00:00,VALIDATED_SOURCE,NY,AUGUST,NQU5,2,16.0,1.0,0,5.0,PRICE_BE,RESOLVED,DOUBLE_STOP,BUY,STOP,14,2025-08-13 13:30:00.006217433+00:00,STOP,STOP,14,32,24043.75,24045.25,-49.0,-49.0,-98.0,RESOLVED,SELL,False,,,ORIGINAL_STOP_BEFORE_ARM,24045.25,-49.0,-98.0,0.0,RAW_DOUBLE_STOP_NOT_RESCUED
2188,2025-08-13 09:30:00,2025-08-13T13:30:00+00:00,VALIDATED_SOURCE,NY,AUGUST,NQU5,2,16.0,1.0,0,5.0,COST_COVER_BE,RESOLVED,DOUBLE_STOP,BUY,STOP,14,2025-08-13 13:30:00.006217433+00:00,STOP,STOP,14,32,24043.75,24045.25,-49.0,-49.0,-98.0,RESOLVED,SELL,False,,,ORIGINAL_STOP_BEFORE_ARM,24045.25,-49.0,-98.0,0.0,RAW_DOUBLE_STOP_NOT_RESCUED
2188,2025-08-13 09:30:00,2025-08-13T13:30:00+00:00,VALIDATED_SOURCE,NY,AUGUST,NQU5,2,16.0,1.0,0,8.0,PRICE_BE,RESOLVED,DOUBLE_STOP,BUY,STOP,14,2025-08-13 13:30:00.006217433+00:00,STOP,STOP,14,32,24043.75,24045.25,-49.0,-49.0,-98.0,RESOLVED,SELL,False,,,ORIGINAL_STOP_BEFORE_ARM,24045.25,-49.0,-98.0,0.0,RAW_DOUBLE_STOP_NOT_RESCUED
2188,2025-08-13 09:30:00,2025-08-13T13:30:00+00:00,VALIDATED_SOURCE,NY,AUGUST,NQU5,2,16.0,1.0,0,8.0,COST_COVER_BE,RESOLVED,DOUBLE_STOP,BUY,STOP,14,2025-08-13 13:30:00.006217433+00:00,STOP,STOP,14,32,24043.75,24045.25,-49.0,-49.0,-98.0,RESOLVED,SELL,False,,,ORIGINAL_STOP_BEFORE_ARM,24045.25,-49.0,-98.0,0.0,RAW_DOUBLE_STOP_NOT_RESCUED
2188,2025-08-13 09:30:00,2025-08-13T13:30:00+00:00,VALIDATED_SOURCE,NY,AUGUST,NQU5,2,16.0,1.0,1,0.5,PRICE_BE,RESOLVED,DOUBLE_STOP,BUY,STOP,14,2025-08-13 13:30:00.006217433+00:00,STOP,STOP,14,32,24043.5,24045.5,-59.0,-59.0,-118.0,RESOLVED,SELL,False,,,ORIGINAL_STOP_BEFORE_ARM,24045.5,-59.0,-118.0,0.0,RAW_DOUBLE_STOP_NOT_RESCUED
2188,2025-08-13 09:30:00,2025-08-13T13:30:00+00:00,VALIDATED_SOURCE,NY,AUGUST,NQU5,2,16.0,1.0,1,0.5,COST_COVER_BE,RESOLVED,DOUBLE_STOP,BUY,STOP,14,2025-08-13 13:30:00.006217433+00:00,STOP,STOP,14,32,24043.5,24045.5,-59.0,-59.0,-118.0,RESOLVED,SELL,False,,,ORIGINAL_STOP_BEFORE_ARM,24045.5,-59.0,-118.0,0.0,RAW_DOUBLE_STOP_NOT_RESCUED
2188,2025-08-13 09:30:00,2025-08-13T13:30:00+00:00,VALIDATED_SOURCE,NY,AUGUST,NQU5,2,16.0,1.0,1,1.0,PRICE_BE,RESOLVED,DOUBLE_STOP,BUY,STOP,14,2025-08-13 13:30:00.006217433+00:00,STOP,STOP,14,32,24043.5,24045.5,-59.0,-59.0,-118.0,RESOLVED,SELL,False,,,ORIGINAL_STOP_BEFORE_ARM,24045.5,-59.0,-118.0,0.0,RAW_DOUBLE_STOP_NOT_RESCUED
2188,2025-08-13 09:30:00,2025-08-13T13:30:00+00:00,VALIDATED_SOURCE,NY,AUGUST,NQU5,2,16.0,1.0,1,1.0,COST_COVER_BE,RESOLVED,DOUBLE_STOP,BUY,STOP,14,2025-08-13 13:30:00.006217433+00:00,STOP,STOP,14,32,24043.5,24045.5,-59.0,-59.0,-118.0,RESOLVED,SELL,False,,,ORIGINAL_STOP_BEFORE_ARM,24045.5,-59.0,-118.0,0.0,RAW_DOUBLE_STOP_NOT_RESCUED
2188,2025-08-13 09:30:00,2025-08-13T13:30:00+00:00,VALIDATED_SOURCE,NY,AUGUST,NQU5,2,16.0,1.0,1,2.0,PRICE_BE,RESOLVED,DOUBLE_STOP,BUY,STOP,14,2025-08-13 13:30:00.006217433+00:00,STOP,STOP,14,32,24043.5,24045.5,-59.0,-59.0,-118.0,RESOLVED,SELL,False,,,ORIGINAL_STOP_BEFORE_ARM,24045.5,-59.0,-118.0,0.0,RAW_DOUBLE_STOP_NOT_RESCUED
2188,2025-08-13 09:30:00,2025-08-13T13:30:00+00:00,VALIDATED_SOURCE,NY,AUGUST,NQU5,2,16.0,1.0,1,2.0,COST_COVER_BE,RESOLVED,DOUBLE_STOP,BUY,STOP,14,2025-08-13 13:30:00.006217433+00:00,STOP,STOP,14,32,24043.5,24045.5,-59.0,-59.0,-118.0,RESOLVED,SELL,False,,,ORIGINAL_STOP_BEFORE_ARM,24045.5,-59.0,-118.0,0.0,RAW_DOUBLE_STOP_NOT_RESCUED
2188,2025-08-13 09:30:00,2025-08-13T13:30:00+00:00,VALIDATED_SOURCE,NY,AUGUST,NQU5,2,16.0,1.0,1,3.0,PRICE_BE,RESOLVED,DOUBLE_STOP,BUY,STOP,14,2025-08-13 13:30:00.006217433+00:00,STOP,STOP,14,32,24043.5,24045.5,-59.0,-59.0,-118.0,RESOLVED,SELL,False,,,ORIGINAL_STOP_BEFORE_ARM,24045.5,-59.0,-118.0,0.0,RAW_DOUBLE_STOP_NOT_RESCUED
2188,2025-08-13 09:30:00,2025-08-13T13:30:00+00:00,VALIDATED_SOURCE,NY,AUGUST,NQU5,2,16.0,1.0,1,3.0,COST_COVER_BE,RESOLVED,DOUBLE_STOP,BUY,STOP,14,2025-08-13 13:30:00.006217433+00:00,STOP,STOP,14,32,24043.5,24045.5,-59.0,-59.0,-118.0,RESOLVED,SELL,False,,,ORIGINAL_STOP_BEFORE_ARM,24045.5,-59.0,-118.0,0.0,RAW_DOUBLE_STOP_NOT_RESCUED
2188,2025-08-13 09:30:00,2025-08-13T13:30:00+00:00,VALIDATED_SOURCE,NY,AUGUST,NQU5,2,16.0,1.0,1,4.0,PRICE_BE,RESOLVED,DOUBLE_STOP,BUY,STOP,14,2025-08-13 13:30:00.006217433+00:00,STOP,STOP,14,32,24043.5,24045.5,-59.0,-59.0,-118.0,RESOLVED,SELL,False,,,ORIGINAL_STOP_BEFORE_ARM,24045.5,-59.0,-118.0,0.0,RAW_DOUBLE_STOP_NOT_RESCUED
2188,2025-08-13 09:30:00,2025-08-13T13:30:00+00:00,VALIDATED_SOURCE,NY,AUGUST,NQU5,2,16.0,1.0,1,4.0,COST_COVER_BE,RESOLVED,DOUBLE_STOP,BUY,STOP,14,2025-08-13 13:30:00.006217433+00:00,STOP,STOP,14,32,24043.5,24045.5,-59.0,-59.0,-118.0,RESOLVED,SELL,False,,,ORIGINAL_STOP_BEFORE_ARM,24045.5,-59.0,-118.0,0.0,RAW_DOUBLE_STOP_NOT_RESCUED
2188,2025-08-13 09:30:00,2025-08-13T13:30:00+00:00,VALIDATED_SOURCE,NY,AUGUST,NQU5,2,16.0,1.0,1,5.0,PRICE_BE,RESOLVED,DOUBLE_STOP,BUY,STOP,14,2025-08-13 13:30:00.006217433+00:00,STOP,STOP,14,32,24043.5,24045.5,-59.0,-59.0,-118.0,RESOLVED,SELL,False,,,ORIGINAL_STOP_BEFORE_ARM,24045.5,-59.0,-118.0,0.0,RAW_DOUBLE_STOP_NOT_RESCUED
2188,2025-08-13 09:30:00,2025-08-13T13:30:00+00:00,VALIDATED_SOURCE,NY,AUGUST,NQU5,2,16.0,1.0,1,5.0,COST_COVER_BE,RESOLVED,DOUBLE_STOP,BUY,STOP,14,2025-08-13 13:30:00.006217433+00:00,STOP,STOP,14,32,24043.5,24045.5,-59.0,-59.0,-118.0,RESOLVED,SELL,False,,,ORIGINAL_STOP_BEFORE_ARM,24045.5,-59.0,-118.0,0.0,RAW_DOUBLE_STOP_NOT_RESCUED
2188,2025-08-13 09:30:00,2025-08-13T13:30:00+00:00,VALIDATED_SOURCE,NY,AUGUST,NQU5,2,16.0,1.0,1,8.0,PRICE_BE,RESOLVED,DOUBLE_STOP,BUY,STOP,14,2025-08-13 13:30:00.006217433+00:00,STOP,STOP,14,32,24043.5,24045.5,-59.0,-59.0,-118.0,RESOLVED,SELL,False,,,ORIGINAL_STOP_BEFORE_ARM,24045.5,-59.0,-118.0,0.0,RAW_DOUBLE_STOP_NOT_RESCUED
2188,2025-08-13 09:30:00,2025-08-13T13:30:00+00:00,VALIDATED_SOURCE,NY,AUGUST,NQU5,2,16.0,1.0,1,8.0,COST_COVER_BE,RESOLVED,DOUBLE_STOP,BUY,STOP,14,2025-08-13 13:30:00.006217433+00:00,STOP,STOP,14,32,24043.5,24045.5,-59.0,-59.0,-118.0,RESOLVED,SELL,False,,,ORIGINAL_STOP_BEFORE_ARM,24045.5,-59.0,-118.0,0.0,RAW_DOUBLE_STOP_NOT_RESCUED
2188,2025-08-13 09:30:00,2025-08-13T13:30:00+00:00,VALIDATED_SOURCE,NY,AUGUST,NQU5,2,16.0,1.0,2,0.5,PRICE_BE,RESOLVED,DOUBLE_STOP,BUY,STOP,14,2025-08-13 13:30:00.006217433+00:00,STOP,STOP,14,32,24043.25,24045.75,-69.0,-69.0,-138.0,RESOLVED,SELL,False,,,ORIGINAL_STOP_BEFORE_ARM,24045.75,-69.0,-138.0,0.0,RAW_DOUBLE_STOP_NOT_RESCUED
2188,2025-08-13 09:30:00,2025-08-13T13:30:00+00:00,VALIDATED_SOURCE,NY,AUGUST,NQU5,2,16.0,1.0,2,0.5,COST_COVER_BE,RESOLVED,DOUBLE_STOP,BUY,STOP,14,2025-08-13 13:30:00.006217433+00:00,STOP,STOP,14,32,24043.25,24045.75,-69.0,-69.0,-138.0,RESOLVED,SELL,False,,,ORIGINAL_STOP_BEFORE_ARM,24045.75,-69.0,-138.0,0.0,RAW_DOUBLE_STOP_NOT_RESCUED
2188,2025-08-13 09:30:00,2025-08-13T13:30:00+00:00,VALIDATED_SOURCE,NY,AUGUST,NQU5,2,16.0,1.0,2,1.0,PRICE_BE,RESOLVED,DOUBLE_STOP,BUY,STOP,14,2025-08-13 13:30:00.006217433+00:00,STOP,STOP,14,32,24043.25,24045.75,-69.0,-69.0,-138.0,RESOLVED,SELL,False,,,ORIGINAL_STOP_BEFORE_ARM,24045.75,-69.0,-138.0,0.0,RAW_DOUBLE_STOP_NOT_RESCUED
2188,2025-08-13 09:30:00,2025-08-13T13:30:00+00:00,VALIDATED_SOURCE,NY,AUGUST,NQU5,2,16.0,1.0,2,1.0,COST_COVER_BE,RESOLVED,DOUBLE_STOP,BUY,STOP,14,2025-08-13 13:30:00.006217433+00:00,STOP,STOP,14,32,24043.25,24045.75,-69.0,-69.0,-138.0,RESOLVED,SELL,False,,,ORIGINAL_STOP_BEFORE_ARM,24045.75,-69.0,-138.0,0.0,RAW_DOUBLE_STOP_NOT_RESCUED
2188,2025-08-13 09:30:00,2025-08-13T13:30:00+00:00,VALIDATED_SOURCE,NY,AUGUST,NQU5,2,16.0,1.0,2,2.0,PRICE_BE,RESOLVED,DOUBLE_STOP,BUY,STOP,14,2025-08-13 13:30:00.006217433+00:00,STOP,STOP,14,32,24043.25,24045.75,-69.0,-69.0,-138.0,RESOLVED,SELL,False,,,ORIGINAL_STOP_BEFORE_ARM,24045.75,-69.0,-138.0,0.0,RAW_DOUBLE_STOP_NOT_RESCUED
2188,2025-08-13 09:30:00,2025-08-13T13:30:00+00:00,VALIDATED_SOURCE,NY,AUGUST,NQU5,2,16.0,1.0,2,2.0,COST_COVER_BE,RESOLVED,DOUBLE_STOP,BUY,STOP,14,2025-08-13 13:30:00.006217433+00:00,STOP,STOP,14,32,24043.25,24045.75,-69.0,-69.0,-138.0,RESOLVED,SELL,False,,,ORIGINAL_STOP_BEFORE_ARM,24045.75,-69.0,-138.0,0.0,RAW_DOUBLE_STOP_NOT_RESCUED
2188,2025-08-13 09:30:00,2025-08-13T13:30:00+00:00,VALIDATED_SOURCE,NY,AUGUST,NQU5,2,16.0,1.0,2,3.0,PRICE_BE,RESOLVED,DOUBLE_STOP,BUY,STOP,14,2025-08-13 13:30:00.006217433+00:00,STOP,STOP,14,32,24043.25,24045.75,-69.0,-69.0,-138.0,RESOLVED,SELL,False,,,ORIGINAL_STOP_BEFORE_ARM,24045.75,-69.0,-138.0,0.0,RAW_DOUBLE_STOP_NOT_RESCUED
2188,2025-08-13 09:30:00,2025-08-13T13:30:00+00:00,VALIDATED_SOURCE,NY,AUGUST,NQU5,2,16.0,1.0,2,3.0,COST_COVER_BE,RESOLVED,DOUBLE_STOP,BUY,STOP,14,2025-08-13 13:30:00.006217433+00:00,STOP,STOP,14,32,24043.25,24045.75,-69.0,-69.0,-138.0,RESOLVED,SELL,False,,,ORIGINAL_STOP_BEFORE_ARM,24045.75,-69.0,-138.0,0.0,RAW_DOUBLE_STOP_NOT_RESCUED
2188,2025-08-13 09:30:00,2025-08-13T13:30:00+00:00,VALIDATED_SOURCE,NY,AUGUST,NQU5,2,16.0,1.0,2,4.0,PRICE_BE,RESOLVED,DOUBLE_STOP,BUY,STOP,14,2025-08-13 13:30:00.006217433+00:00,STOP,STOP,14,32,24043.25,24045.75,-69.0,-69.0,-138.0,RESOLVED,SELL,False,,,ORIGINAL_STOP_BEFORE_ARM,24045.75,-69.0,-138.0,0.0,RAW_DOUBLE_STOP_NOT_RESCUED
2188,2025-08-13 09:30:00,2025-08-13T13:30:00+00:00,VALIDATED_SOURCE,NY,AUGUST,NQU5,2,16.0,1.0,2,4.0,COST_COVER_BE,RESOLVED,DOUBLE_STOP,BUY,STOP,14,2025-08-13 13:30:00.006217433+00:00,STOP,STOP,14,32,24043.25,24045.75,-69.0,-69.0,-138.0,RESOLVED,SELL,False,,,ORIGINAL_STOP_BEFORE_ARM,24045.75,-69.0,-138.0,0.0,RAW_DOUBLE_STOP_NOT_RESCUED
2188,2025-08-13 09:30:00,2025-08-13T13:30:00+00:00,VALIDATED_SOURCE,NY,AUGUST,NQU5,2,16.0,1.0,2,5.0,PRICE_BE,RESOLVED,DOUBLE_STOP,BUY,STOP,14,2025-08-13 13:30:00.006217433+00:00,STOP,STOP,14,32,24043.25,24045.75,-69.0,-69.0,-138.0,RESOLVED,SELL,False,,,ORIGINAL_STOP_BEFORE_ARM,24045.75,-69.0,-138.0,0.0,RAW_DOUBLE_STOP_NOT_RESCUED
2188,2025-08-13 09:30:00,2025-08-13T13:30:00+00:00,VALIDATED_SOURCE,NY,AUGUST,NQU5,2,16.0,1.0,2,5.0,COST_COVER_BE,RESOLVED,DOUBLE_STOP,BUY,STOP,14,2025-08-13 13:30:00.006217433+00:00,STOP,STOP,14,32,24043.25,24045.75,-69.0,-69.0,-138.0,RESOLVED,SELL,False,,,ORIGINAL_STOP_BEFORE_ARM,24045.75,-69.0,-138.0,0.0,RAW_DOUBLE_STOP_NOT_RESCUED
2188,2025-08-13 09:30:00,2025-08-13T13:30:00+00:00,VALIDATED_SOURCE,NY,AUGUST,NQU5,2,16.0,1.0,2,8.0,PRICE_BE,RESOLVED,DOUBLE_STOP,BUY,STOP,14,2025-08-13 13:30:00.006217433+00:00,STOP,STOP,14,32,24043.25,24045.75,-69.0,-69.0,-138.0,RESOLVED,SELL,False,,,ORIGINAL_STOP_BEFORE_ARM,24045.75,-69.0,-138.0,0.0,RAW_DOUBLE_STOP_NOT_RESCUED
2188,2025-08-13 09:30:00,2025-08-13T13:30:00+00:00,VALIDATED_SOURCE,NY,AUGUST,NQU5,2,16.0,1.0,2,8.0,COST_COVER_BE,RESOLVED,DOUBLE_STOP,BUY,STOP,14,2025-08-13 13:30:00.006217433+00:00,STOP,STOP,14,32,24043.25,24045.75,-69.0,-69.0,-138.0,RESOLVED,SELL,False,,,ORIGINAL_STOP_BEFORE_ARM,24045.75,-69.0,-138.0,0.0,RAW_DOUBLE_STOP_NOT_RESCUED
2188,2025-08-13 09:30:00,2025-08-13T13:30:00+00:00,VALIDATED_SOURCE,NY,AUGUST,NQU5,2,16.0,1.0,4,0.5,PRICE_BE,RESOLVED,DOUBLE_STOP,BUY,STOP,14,2025-08-13 13:30:00.006217433+00:00,STOP,STOP,14,32,24042.75,24046.25,-89.0,-89.0,-178.0,RESOLVED,SELL,False,,,ORIGINAL_STOP_BEFORE_ARM,24046.25,-89.0,-178.0,0.0,RAW_DOUBLE_STOP_NOT_RESCUED
2188,2025-08-13 09:30:00,2025-08-13T13:30:00+00:00,VALIDATED_SOURCE,NY,AUGUST,NQU5,2,16.0,1.0,4,0.5,COST_COVER_BE,RESOLVED,DOUBLE_STOP,BUY,STOP,14,2025-08-13 13:30:00.006217433+00:00,STOP,STOP,14,32,24042.75,24046.25,-89.0,-89.0,-178.0,RESOLVED,SELL,False,,,ORIGINAL_STOP_BEFORE_ARM,24046.25,-89.0,-178.0,0.0,RAW_DOUBLE_STOP_NOT_RESCUED
2188,2025-08-13 09:30:00,2025-08-13T13:30:00+00:00,VALIDATED_SOURCE,NY,AUGUST,NQU5,2,16.0,1.0,4,1.0,PRICE_BE,RESOLVED,DOUBLE_STOP,BUY,STOP,14,2025-08-13 13:30:00.006217433+00:00,STOP,STOP,14,32,24042.75,24046.25,-89.0,-89.0,-178.0,RESOLVED,SELL,False,,,ORIGINAL_STOP_BEFORE_ARM,24046.25,-89.0,-178.0,0.0,RAW_DOUBLE_STOP_NOT_RESCUED
2188,2025-08-13 09:30:00,2025-08-13T13:30:00+00:00,VALIDATED_SOURCE,NY,AUGUST,NQU5,2,16.0,1.0,4,1.0,COST_COVER_BE,RESOLVED,DOUBLE_STOP,BUY,STOP,14,2025-08-13 13:30:00.006217433+00:00,STOP,STOP,14,32,24042.75,24046.25,-89.0,-89.0,-178.0,RESOLVED,SELL,False,,,ORIGINAL_STOP_BEFORE_ARM,24046.25,-89.0,-178.0,0.0,RAW_DOUBLE_STOP_NOT_RESCUED
2188,2025-08-13 09:30:00,2025-08-13T13:30:00+00:00,VALIDATED_SOURCE,NY,AUGUST,NQU5,2,16.0,1.0,4,2.0,PRICE_BE,RESOLVED,DOUBLE_STOP,BUY,STOP,14,2025-08-13 13:30:00.006217433+00:00,STOP,STOP,14,32,24042.75,24046.25,-89.0,-89.0,-178.0,RESOLVED,SELL,False,,,ORIGINAL_STOP_BEFORE_ARM,24046.25,-89.0,-178.0,0.0,RAW_DOUBLE_STOP_NOT_RESCUED
2188,2025-08-13 09:30:00,2025-08-13T13:30:00+00:00,VALIDATED_SOURCE,NY,AUGUST,NQU5,2,16.0,1.0,4,2.0,COST_COVER_BE,RESOLVED,DOUBLE_STOP,BUY,STOP,14,2025-08-13 13:30:00.006217433+00:00,STOP,STOP,14,32,24042.75,24046.25,-89.0,-89.0,-178.0,RESOLVED,SELL,False,,,ORIGINAL_STOP_BEFORE_ARM,24046.25,-89.0,-178.0,0.0,RAW_DOUBLE_STOP_NOT_RESCUED
2188,2025-08-13 09:30:00,2025-08-13T13:30:00+00:00,VALIDATED_SOURCE,NY,AUGUST,NQU5,2,16.0,1.0,4,3.0,PRICE_BE,RESOLVED,DOUBLE_STOP,BUY,STOP,14,2025-08-13 13:30:00.006217433+00:00,STOP,STOP,14,32,24042.75,24046.25,-89.0,-89.0,-178.0,RESOLVED,SELL,False,,,ORIGINAL_STOP_BEFORE_ARM,24046.25,-89.0,-178.0,0.0,RAW_DOUBLE_STOP_NOT_RESCUED
2188,2025-08-13 09:30:00,2025-08-13T13:30:00+00:00,VALIDATED_SOURCE,NY,AUGUST,NQU5,2,16.0,1.0,4,3.0,COST_COVER_BE,RESOLVED,DOUBLE_STOP,BUY,STOP,14,2025-08-13 13:30:00.006217433+00:00,STOP,STOP,14,32,24042.75,24046.25,-89.0,-89.0,-178.0,RESOLVED,SELL,False,,,ORIGINAL_STOP_BEFORE_ARM,24046.25,-89.0,-178.0,0.0,RAW_DOUBLE_STOP_NOT_RESCUED
2188,2025-08-13 09:30:00,2025-08-13T13:30:00+00:00,VALIDATED_SOURCE,NY,AUGUST,NQU5,2,16.0,1.0,4,4.0,PRICE_BE,RESOLVED,DOUBLE_STOP,BUY,STOP,14,2025-08-13 13:30:00.006217433+00:00,STOP,STOP,14,32,24042.75,24046.25,-89.0,-89.0,-178.0,RESOLVED,SELL,False,,,ORIGINAL_STOP_BEFORE_ARM,24046.25,-89.0,-178.0,0.0,RAW_DOUBLE_STOP_NOT_RESCUED
2188,2025-08-13 09:30:00,2025-08-13T13:30:00+00:00,VALIDATED_SOURCE,NY,AUGUST,NQU5,2,16.0,1.0,4,4.0,COST_COVER_BE,RESOLVED,DOUBLE_STOP,BUY,STOP,14,2025-08-13 13:30:00.006217433+00:00,STOP,STOP,14,32,24042.75,24046.25,-89.0,-89.0,-178.0,RESOLVED,SELL,False,,,ORIGINAL_STOP_BEFORE_ARM,24046.25,-89.0,-178.0,0.0,RAW_DOUBLE_STOP_NOT_RESCUED
2188,2025-08-13 09:30:00,2025-08-13T13:30:00+00:00,VALIDATED_SOURCE,NY,AUGUST,NQU5,2,16.0,1.0,4,5.0,PRICE_BE,RESOLVED,DOUBLE_STOP,BUY,STOP,14,2025-08-13 13:30:00.006217433+00:00,STOP,STOP,14,32,24042.75,24046.25,-89.0,-89.0,-178.0,RESOLVED,SELL,False,,,ORIGINAL_STOP_BEFORE_ARM,24046.25,-89.0,-178.0,0.0,RAW_DOUBLE_STOP_NOT_RESCUED
2188,2025-08-13 09:30:00,2025-08-13T13:30:00+00:00,VALIDATED_SOURCE,NY,AUGUST,NQU5,2,16.0,1.0,4,5.0,COST_COVER_BE,RESOLVED,DOUBLE_STOP,BUY,STOP,14,2025-08-13 13:30:00.006217433+00:00,STOP,STOP,14,32,24042.75,24046.25,-89.0,-89.0,-178.0,RESOLVED,SELL,False,,,ORIGINAL_STOP_BEFORE_ARM,24046.25,-89.0,-178.0,0.0,RAW_DOUBLE_STOP_NOT_RESCUED
2188,2025-08-13 09:30:00,2025-08-13T13:30:00+00:00,VALIDATED_SOURCE,NY,AUGUST,NQU5,2,16.0,1.0,4,8.0,PRICE_BE,RESOLVED,DOUBLE_STOP,BUY,STOP,14,2025-08-13 13:30:00.006217433+00:00,STOP,STOP,14,32,24042.75,24046.25,-89.0,-89.0,-178.0,RESOLVED,SELL,False,,,ORIGINAL_STOP_BEFORE_ARM,24046.25,-89.0,-178.0,0.0,RAW_DOUBLE_STOP_NOT_RESCUED
2188,2025-08-13 09:30:00,2025-08-13T13:30:00+00:00,VALIDATED_SOURCE,NY,AUGUST,NQU5,2,16.0,1.0,4,8.0,COST_COVER_BE,RESOLVED,DOUBLE_STOP,BUY,STOP,14,2025-08-13 13:30:00.006217433+00:00,STOP,STOP,14,32,24042.75,24046.25,-89.0,-89.0,-178.0,RESOLVED,SELL,False,,,ORIGINAL_STOP_BEFORE_ARM,24046.25,-89.0,-178.0,0.0,RAW_DOUBLE_STOP_NOT_RESCUED
2189,2025-08-14 09:30:00,2025-08-14T13:30:00+00:00,VALIDATED_SOURCE,NY,AUGUST,NQU5,2,16.0,1.0,0,0.5,PRICE_BE,RESOLVED,DOUBLE_STOP,SELL,STOP,2,2025-08-14 13:30:00.002120361+00:00,STOP,STOP,230,2,23857.0,23858.5,-49.0,-49.0,-98.0,RESOLVED,BUY,True,3.0,2025-08-14 13:30:00.002126207+00:00,PRICE_BE,23858.0,-9.0,-58.0,40.0,RAW_DOUBLE_STOP_RESCUED
2189,2025-08-14 09:30:00,2025-08-14T13:30:00+00:00,VALIDATED_SOURCE,NY,AUGUST,NQU5,2,16.0,1.0,0,0.5,COST_COVER_BE,RESOLVED,DOUBLE_STOP,SELL,STOP,2,2025-08-14 13:30:00.002120361+00:00,STOP,STOP,230,2,23857.0,23858.5,-49.0,-49.0,-98.0,RESOLVED,BUY,True,3.0,2025-08-14 13:30:00.002126207+00:00,COST_COVER_BE,23858.0,-9.0,-58.0,40.0,RAW_DOUBLE_STOP_RESCUED
2189,2025-08-14 09:30:00,2025-08-14T13:30:00+00:00,VALIDATED_SOURCE,NY,AUGUST,NQU5,2,16.0,1.0,0,1.0,PRICE_BE,RESOLVED,DOUBLE_STOP,SELL,STOP,2,2025-08-14 13:30:00.002120361+00:00,STOP,STOP,230,2,23857.0,23858.5,-49.0,-49.0,-98.0,RESOLVED,BUY,True,5.0,2025-08-14 13:30:00.002428835+00:00,PRICE_BE,23858.0,-9.0,-58.0,40.0,RAW_DOUBLE_STOP_RESCUED
2189,2025-08-14 09:30:00,2025-08-14T13:30:00+00:00,VALIDATED_SOURCE,NY,AUGUST,NQU5,2,16.0,1.0,0,1.0,COST_COVER_BE,RESOLVED,DOUBLE_STOP,SELL,STOP,2,2025-08-14 13:30:00.002120361+00:00,STOP,STOP,230,2,23857.0,23858.5,-49.0,-49.0,-98.0,RESOLVED,BUY,True,5.0,2025-08-14 13:30:00.002428835+00:00,COST_COVER_BE,23858.25,1.0,-48.0,50.0,RAW_DOUBLE_STOP_RESCUED
2189,2025-08-14 09:30:00,2025-08-14T13:30:00+00:00,VALIDATED_SOURCE,NY,AUGUST,NQU5,2,16.0,1.0,0,2.0,PRICE_BE,RESOLVED,DOUBLE_STOP,SELL,STOP,2,2025-08-14 13:30:00.002120361+00:00,STOP,STOP,230,2,23857.0,23858.5,-49.0,-49.0,-98.0,RESOLVED,BUY,True,12.0,2025-08-14 13:30:00.005267511+00:00,PRICE_BE,23858.0,-9.0,-58.0,40.0,RAW_DOUBLE_STOP_RESCUED
2189,2025-08-14 09:30:00,2025-08-14T13:30:00+00:00,VALIDATED_SOURCE,NY,AUGUST,NQU5,2,16.0,1.0,0,2.0,COST_COVER_BE,RESOLVED,DOUBLE_STOP,SELL,STOP,2,2025-08-14 13:30:00.002120361+00:00,STOP,STOP,230,2,23857.0,23858.5,-49.0,-49.0,-98.0,RESOLVED,BUY,True,12.0,2025-08-14 13:30:00.005267511+00:00,COST_COVER_BE,23858.5,11.0,-38.0,60.0,RAW_DOUBLE_STOP_RESCUED
2189,2025-08-14 09:30:00,2025-08-14T13:30:00+00:00,VALIDATED_SOURCE,NY,AUGUST,NQU5,2,16.0,1.0,0,3.0,PRICE_BE,RESOLVED,DOUBLE_STOP,SELL,STOP,2,2025-08-14 13:30:00.002120361+00:00,STOP,STOP,230,2,23857.0,23858.5,-49.0,-49.0,-98.0,RESOLVED,BUY,True,20.0,2025-08-14 13:30:00.007029311+00:00,PRICE_BE,23858.0,-9.0,-58.0,40.0,RAW_DOUBLE_STOP_RESCUED
2189,2025-08-14 09:30:00,2025-08-14T13:30:00+00:00,VALIDATED_SOURCE,NY,AUGUST,NQU5,2,16.0,1.0,0,3.0,COST_COVER_BE,RESOLVED,DOUBLE_STOP,SELL,STOP,2,2025-08-14 13:30:00.002120361+00:00,STOP,STOP,230,2,23857.0,23858.5,-49.0,-49.0,-98.0,RESOLVED,BUY,True,20.0,2025-08-14 13:30:00.007029311+00:00,COST_COVER_BE,23858.5,11.0,-38.0,60.0,RAW_DOUBLE_STOP_RESCUED
2189,2025-08-14 09:30:00,2025-08-14T13:30:00+00:00,VALIDATED_SOURCE,NY,AUGUST,NQU5,2,16.0,1.0,0,4.0,PRICE_BE,RESOLVED,DOUBLE_STOP,SELL,STOP,2,2025-08-14 13:30:00.002120361+00:00,STOP,STOP,230,2,23857.0,23858.5,-49.0,-49.0,-98.0,RESOLVED,BUY,True,21.0,2025-08-14 13:30:00.007029311+00:00,PRICE_BE,23858.0,-9.0,-58.0,40.0,RAW_DOUBLE_STOP_RESCUED
2189,2025-08-14 09:30:00,2025-08-14T13:30:00+00:00,VALIDATED_SOURCE,NY,AUGUST,NQU5,2,16.0,1.0,0,4.0,COST_COVER_BE,RESOLVED,DOUBLE_STOP,SELL,STOP,2,2025-08-14 13:30:00.002120361+00:00,STOP,STOP,230,2,23857.0,23858.5,-49.0,-49.0,-98.0,RESOLVED,BUY,True,21.0,2025-08-14 13:30:00.007029311+00:00,COST_COVER_BE,23858.5,11.0,-38.0,60.0,RAW_DOUBLE_STOP_RESCUED
2189,2025-08-14 09:30:00,2025-08-14T13:30:00+00:00,VALIDATED_SOURCE,NY,AUGUST,NQU5,2,16.0,1.0,0,5.0,PRICE_BE,RESOLVED,DOUBLE_STOP,SELL,STOP,2,2025-08-14 13:30:00.002120361+00:00,STOP,STOP,230,2,23857.0,23858.5,-49.0,-49.0,-98.0,RESOLVED,BUY,True,113.0,2025-08-14 13:30:00.092442377+00:00,PRICE_BE,23858.0,-9.0,-58.0,40.0,RAW_DOUBLE_STOP_RESCUED
2189,2025-08-14 09:30:00,2025-08-14T13:30:00+00:00,VALIDATED_SOURCE,NY,AUGUST,NQU5,2,16.0,1.0,0,5.0,COST_COVER_BE,RESOLVED,DOUBLE_STOP,SELL,STOP,2,2025-08-14 13:30:00.002120361+00:00,STOP,STOP,230,2,23857.0,23858.5,-49.0,-49.0,-98.0,RESOLVED,BUY,True,113.0,2025-08-14 13:30:00.092442377+00:00,COST_COVER_BE,23858.5,11.0,-38.0,60.0,RAW_DOUBLE_STOP_RESCUED
2189,2025-08-14 09:30:00,2025-08-14T13:30:00+00:00,VALIDATED_SOURCE,NY,AUGUST,NQU5,2,16.0,1.0,0,8.0,PRICE_BE,RESOLVED,DOUBLE_STOP,SELL,STOP,2,2025-08-14 13:30:00.002120361+00:00,STOP,STOP,230,2,23857.0,23858.5,-49.0,-49.0,-98.0,RESOLVED,BUY,False,,,ORIGINAL_STOP_BEFORE_ARM,23857.0,-49.0,-98.0,0.0,RAW_DOUBLE_STOP_NOT_RESCUED
2189,2025-08-14 09:30:00,2025-08-14T13:30:00+00:00,VALIDATED_SOURCE,NY,AUGUST,NQU5,2,16.0,1.0,0,8.0,COST_COVER_BE,RESOLVED,DOUBLE_STOP,SELL,STOP,2,2025-08-14 13:30:00.002120361+00:00,STOP,STOP,230,2,23857.0,23858.5,-49.0,-49.0,-98.0,RESOLVED,BUY,False,,,ORIGINAL_STOP_BEFORE_ARM,23857.0,-49.0,-98.0,0.0,RAW_DOUBLE_STOP_NOT_RESCUED
2189,2025-08-14 09:30:00,2025-08-14T13:30:00+00:00,VALIDATED_SOURCE,NY,AUGUST,NQU5,2,16.0,1.0,1,0.5,PRICE_BE,RESOLVED,DOUBLE_STOP,SELL,STOP,2,2025-08-14 13:30:00.002120361+00:00,STOP,STOP,230,2,23856.75,23858.75,-59.0,-59.0,-118.0,RESOLVED,BUY,True,3.0,2025-08-14 13:30:00.002126207+00:00,PRICE_BE,23857.75,-19.0,-78.0,40.0,RAW_DOUBLE_STOP_RESCUED
2189,2025-08-14 09:30:00,2025-08-14T13:30:00+00:00,VALIDATED_SOURCE,NY,AUGUST,NQU5,2,16.0,1.0,1,0.5,COST_COVER_BE,RESOLVED,DOUBLE_STOP,SELL,STOP,2,2025-08-14 13:30:00.002120361+00:00,STOP,STOP,230,2,23856.75,23858.75,-59.0,-59.0,-118.0,RESOLVED,BUY,True,3.0,2025-08-14 13:30:00.002126207+00:00,COST_COVER_BE,23857.75,-19.0,-78.0,40.0,RAW_DOUBLE_STOP_RESCUED
2189,2025-08-14 09:30:00,2025-08-14T13:30:00+00:00,VALIDATED_SOURCE,NY,AUGUST,NQU5,2,16.0,1.0,1,1.0,PRICE_BE,RESOLVED,DOUBLE_STOP,SELL,STOP,2,2025-08-14 13:30:00.002120361+00:00,STOP,STOP,230,2,23856.75,23858.75,-59.0,-59.0,-118.0,RESOLVED,BUY,True,5.0,2025-08-14 13:30:00.002428835+00:00,PRICE_BE,23857.75,-19.0,-78.0,40.0,RAW_DOUBLE_STOP_RESCUED
2189,2025-08-14 09:30:00,2025-08-14T13:30:00+00:00,VALIDATED_SOURCE,NY,AUGUST,NQU5,2,16.0,1.0,1,1.0,COST_COVER_BE,RESOLVED,DOUBLE_STOP,SELL,STOP,2,2025-08-14 13:30:00.002120361+00:00,STOP,STOP,230,2,23856.75,23858.75,-59.0,-59.0,-118.0,RESOLVED,BUY,True,5.0,2025-08-14 13:30:00.002428835+00:00,COST_COVER_BE,23858.0,-9.0,-68.0,50.0,RAW_DOUBLE_STOP_RESCUED
2189,2025-08-14 09:30:00,2025-08-14T13:30:00+00:00,VALIDATED_SOURCE,NY,AUGUST,NQU5,2,16.0,1.0,1,2.0,PRICE_BE,RESOLVED,DOUBLE_STOP,SELL,STOP,2,2025-08-14 13:30:00.002120361+00:00,STOP,STOP,230,2,23856.75,23858.75,-59.0,-59.0,-118.0,RESOLVED,BUY,True,12.0,2025-08-14 13:30:00.005267511+00:00,PRICE_BE,23857.75,-19.0,-78.0,40.0,RAW_DOUBLE_STOP_RESCUED
2189,2025-08-14 09:30:00,2025-08-14T13:30:00+00:00,VALIDATED_SOURCE,NY,AUGUST,NQU5,2,16.0,1.0,1,2.0,COST_COVER_BE,RESOLVED,DOUBLE_STOP,SELL,STOP,2,2025-08-14 13:30:00.002120361+00:00,STOP,STOP,230,2,23856.75,23858.75,-59.0,-59.0,-118.0,RESOLVED,BUY,True,12.0,2025-08-14 13:30:00.005267511+00:00,COST_COVER_BE,23858.25,1.0,-58.0,60.0,RAW_DOUBLE_STOP_RESCUED
2189,2025-08-14 09:30:00,2025-08-14T13:30:00+00:00,VALIDATED_SOURCE,NY,AUGUST,NQU5,2,16.0,1.0,1,3.0,PRICE_BE,RESOLVED,DOUBLE_STOP,SELL,STOP,2,2025-08-14 13:30:00.002120361+00:00,STOP,STOP,230,2,23856.75,23858.75,-59.0,-59.0,-118.0,RESOLVED,BUY,True,20.0,2025-08-14 13:30:00.007029311+00:00,PRICE_BE,23857.75,-19.0,-78.0,40.0,RAW_DOUBLE_STOP_RESCUED
2189,2025-08-14 09:30:00,2025-08-14T13:30:00+00:00,VALIDATED_SOURCE,NY,AUGUST,NQU5,2,16.0,1.0,1,3.0,COST_COVER_BE,RESOLVED,DOUBLE_STOP,SELL,STOP,2,2025-08-14 13:30:00.002120361+00:00,STOP,STOP,230,2,23856.75,23858.75,-59.0,-59.0,-118.0,RESOLVED,BUY,True,20.0,2025-08-14 13:30:00.007029311+00:00,COST_COVER_BE,23858.25,1.0,-58.0,60.0,RAW_DOUBLE_STOP_RESCUED
2189,2025-08-14 09:30:00,2025-08-14T13:30:00+00:00,VALIDATED_SOURCE,NY,AUGUST,NQU5,2,16.0,1.0,1,4.0,PRICE_BE,RESOLVED,DOUBLE_STOP,SELL,STOP,2,2025-08-14 13:30:00.002120361+00:00,STOP,STOP,230,2,23856.75,23858.75,-59.0,-59.0,-118.0,RESOLVED,BUY,True,21.0,2025-08-14 13:30:00.007029311+00:00,PRICE_BE,23857.75,-19.0,-78.0,40.0,RAW_DOUBLE_STOP_RESCUED
2189,2025-08-14 09:30:00,2025-08-14T13:30:00+00:00,VALIDATED_SOURCE,NY,AUGUST,NQU5,2,16.0,1.0,1,4.0,COST_COVER_BE,RESOLVED,DOUBLE_STOP,SELL,STOP,2,2025-08-14 13:30:00.002120361+00:00,STOP,STOP,230,2,23856.75,23858.75,-59.0,-59.0,-118.0,RESOLVED,BUY,True,21.0,2025-08-14 13:30:00.007029311+00:00,COST_COVER_BE,23858.25,1.0,-58.0,60.0,RAW_DOUBLE_STOP_RESCUED
2189,2025-08-14 09:30:00,2025-08-14T13:30:00+00:00,VALIDATED_SOURCE,NY,AUGUST,NQU5,2,16.0,1.0,1,5.0,PRICE_BE,RESOLVED,DOUBLE_STOP,SELL,STOP,2,2025-08-14 13:30:00.002120361+00:00,STOP,STOP,230,2,23856.75,23858.75,-59.0,-59.0,-118.0,RESOLVED,BUY,True,113.0,2025-08-14 13:30:00.092442377+00:00,PRICE_BE,23857.75,-19.0,-78.0,40.0,RAW_DOUBLE_STOP_RESCUED
2189,2025-08-14 09:30:00,2025-08-14T13:30:00+00:00,VALIDATED_SOURCE,NY,AUGUST,NQU5,2,16.0,1.0,1,5.0,COST_COVER_BE,RESOLVED,DOUBLE_STOP,SELL,STOP,2,2025-08-14 13:30:00.002120361+00:00,STOP,STOP,230,2,23856.75,23858.75,-59.0,-59.0,-118.0,RESOLVED,BUY,True,113.0,2025-08-14 13:30:00.092442377+00:00,COST_COVER_BE,23858.25,1.0,-58.0,60.0,RAW_DOUBLE_STOP_RESCUED
2189,2025-08-14 09:30:00,2025-08-14T13:30:00+00:00,VALIDATED_SOURCE,NY,AUGUST,NQU5,2,16.0,1.0,1,8.0,PRICE_BE,RESOLVED,DOUBLE_STOP,SELL,STOP,2,2025-08-14 13:30:00.002120361+00:00,STOP,STOP,230,2,23856.75,23858.75,-59.0,-59.0,-118.0,RESOLVED,BUY,False,,,ORIGINAL_STOP_BEFORE_ARM,23856.75,-59.0,-118.0,0.0,RAW_DOUBLE_STOP_NOT_RESCUED
2189,2025-08-14 09:30:00,2025-08-14T13:30:00+00:00,VALIDATED_SOURCE,NY,AUGUST,NQU5,2,16.0,1.0,1,8.0,COST_COVER_BE,RESOLVED,DOUBLE_STOP,SELL,STOP,2,2025-08-14 13:30:00.002120361+00:00,STOP,STOP,230,2,23856.75,23858.75,-59.0,-59.0,-118.0,RESOLVED,BUY,False,,,ORIGINAL_STOP_BEFORE_ARM,23856.75,-59.0,-118.0,0.0,RAW_DOUBLE_STOP_NOT_RESCUED
2189,2025-08-14 09:30:00,2025-08-14T13:30:00+00:00,VALIDATED_SOURCE,NY,AUGUST,NQU5,2,16.0,1.0,2,0.5,PRICE_BE,RESOLVED,DOUBLE_STOP,SELL,STOP,2,2025-08-14 13:30:00.002120361+00:00,STOP,STOP,230,2,23856.5,23859.0,-69.0,-69.0,-138.0,RESOLVED,BUY,True,3.0,2025-08-14 13:30:00.002126207+00:00,PRICE_BE,23857.5,-29.0,-98.0,40.0,RAW_DOUBLE_STOP_RESCUED
2189,2025-08-14 09:30:00,2025-08-14T13:30:00+00:00,VALIDATED_SOURCE,NY,AUGUST,NQU5,2,16.0,1.0,2,0.5,COST_COVER_BE,RESOLVED,DOUBLE_STOP,SELL,STOP,2,2025-08-14 13:30:00.002120361+00:00,STOP,STOP,230,2,23856.5,23859.0,-69.0,-69.0,-138.0,RESOLVED,BUY,True,3.0,2025-08-14 13:30:00.002126207+00:00,COST_COVER_BE,23857.5,-29.0,-98.0,40.0,RAW_DOUBLE_STOP_RESCUED
2189,2025-08-14 09:30:00,2025-08-14T13:30:00+00:00,VALIDATED_SOURCE,NY,AUGUST,NQU5,2,16.0,1.0,2,1.0,PRICE_BE,RESOLVED,DOUBLE_STOP,SELL,STOP,2,2025-08-14 13:30:00.002120361+00:00,STOP,STOP,230,2,23856.5,23859.0,-69.0,-69.0,-138.0,RESOLVED,BUY,True,5.0,2025-08-14 13:30:00.002428835+00:00,PRICE_BE,23857.5,-29.0,-98.0,40.0,RAW_DOUBLE_STOP_RESCUED
2189,2025-08-14 09:30:00,2025-08-14T13:30:00+00:00,VALIDATED_SOURCE,NY,AUGUST,NQU5,2,16.0,1.0,2,1.0,COST_COVER_BE,RESOLVED,DOUBLE_STOP,SELL,STOP,2,2025-08-14 13:30:00.002120361+00:00,STOP,STOP,230,2,23856.5,23859.0,-69.0,-69.0,-138.0,RESOLVED,BUY,True,5.0,2025-08-14 13:30:00.002428835+00:00,COST_COVER_BE,23857.75,-19.0,-88.0,50.0,RAW_DOUBLE_STOP_RESCUED
2189,2025-08-14 09:30:00,2025-08-14T13:30:00+00:00,VALIDATED_SOURCE,NY,AUGUST,NQU5,2,16.0,1.0,2,2.0,PRICE_BE,RESOLVED,DOUBLE_STOP,SELL,STOP,2,2025-08-14 13:30:00.002120361+00:00,STOP,STOP,230,2,23856.5,23859.0,-69.0,-69.0,-138.0,RESOLVED,BUY,True,12.0,2025-08-14 13:30:00.005267511+00:00,PRICE_BE,23857.5,-29.0,-98.0,40.0,RAW_DOUBLE_STOP_RESCUED
2189,2025-08-14 09:30:00,2025-08-14T13:30:00+00:00,VALIDATED_SOURCE,NY,AUGUST,NQU5,2,16.0,1.0,2,2.0,COST_COVER_BE,RESOLVED,DOUBLE_STOP,SELL,STOP,2,2025-08-14 13:30:00.002120361+00:00,STOP,STOP,230,2,23856.5,23859.0,-69.0,-69.0,-138.0,RESOLVED,BUY,True,12.0,2025-08-14 13:30:00.005267511+00:00,COST_COVER_BE,23858.0,-9.0,-78.0,60.0,RAW_DOUBLE_STOP_RESCUED
2189,2025-08-14 09:30:00,2025-08-14T13:30:00+00:00,VALIDATED_SOURCE,NY,AUGUST,NQU5,2,16.0,1.0,2,3.0,PRICE_BE,RESOLVED,DOUBLE_STOP,SELL,STOP,2,2025-08-14 13:30:00.002120361+00:00,STOP,STOP,230,2,23856.5,23859.0,-69.0,-69.0,-138.0,RESOLVED,BUY,True,20.0,2025-08-14 13:30:00.007029311+00:00,PRICE_BE,23857.5,-29.0,-98.0,40.0,RAW_DOUBLE_STOP_RESCUED
2189,2025-08-14 09:30:00,2025-08-14T13:30:00+00:00,VALIDATED_SOURCE,NY,AUGUST,NQU5,2,16.0,1.0,2,3.0,COST_COVER_BE,RESOLVED,DOUBLE_STOP,SELL,STOP,2,2025-08-14 13:30:00.002120361+00:00,STOP,STOP,230,2,23856.5,23859.0,-69.0,-69.0,-138.0,RESOLVED,BUY,True,20.0,2025-08-14 13:30:00.007029311+00:00,COST_COVER_BE,23858.0,-9.0,-78.0,60.0,RAW_DOUBLE_STOP_RESCUED
2189,2025-08-14 09:30:00,2025-08-14T13:30:00+00:00,VALIDATED_SOURCE,NY,AUGUST,NQU5,2,16.0,1.0,2,4.0,PRICE_BE,RESOLVED,DOUBLE_STOP,SELL,STOP,2,2025-08-14 13:30:00.002120361+00:00,STOP,STOP,230,2,23856.5,23859.0,-69.0,-69.0,-138.0,RESOLVED,BUY,True,21.0,2025-08-14 13:30:00.007029311+00:00,PRICE_BE,23857.5,-29.0,-98.0,40.0,RAW_DOUBLE_STOP_RESCUED
2189,2025-08-14 09:30:00,2025-08-14T13:30:00+00:00,VALIDATED_SOURCE,NY,AUGUST,NQU5,2,16.0,1.0,2,4.0,COST_COVER_BE,RESOLVED,DOUBLE_STOP,SELL,STOP,2,2025-08-14 13:30:00.002120361+00:00,STOP,STOP,230,2,23856.5,23859.0,-69.0,-69.0,-138.0,RESOLVED,BUY,True,21.0,2025-08-14 13:30:00.007029311+00:00,COST_COVER_BE,23858.0,-9.0,-78.0,60.0,RAW_DOUBLE_STOP_RESCUED
2189,2025-08-14 09:30:00,2025-08-14T13:30:00+00:00,VALIDATED_SOURCE,NY,AUGUST,NQU5,2,16.0,1.0,2,5.0,PRICE_BE,RESOLVED,DOUBLE_STOP,SELL,STOP,2,2025-08-14 13:30:00.002120361+00:00,STOP,STOP,230,2,23856.5,23859.0,-69.0,-69.0,-138.0,RESOLVED,BUY,True,113.0,2025-08-14 13:30:00.092442377+00:00,PRICE_BE,23857.5,-29.0,-98.0,40.0,RAW_DOUBLE_STOP_RESCUED
2189,2025-08-14 09:30:00,2025-08-14T13:30:00+00:00,VALIDATED_SOURCE,NY,AUGUST,NQU5,2,16.0,1.0,2,5.0,COST_COVER_BE,RESOLVED,DOUBLE_STOP,SELL,STOP,2,2025-08-14 13:30:00.002120361+00:00,STOP,STOP,230,2,23856.5,23859.0,-69.0,-69.0,-138.0,RESOLVED,BUY,True,113.0,2025-08-14 13:30:00.092442377+00:00,COST_COVER_BE,23858.0,-9.0,-78.0,60.0,RAW_DOUBLE_STOP_RESCUED
2189,2025-08-14 09:30:00,2025-08-14T13:30:00+00:00,VALIDATED_SOURCE,NY,AUGUST,NQU5,2,16.0,1.0,2,8.0,PRICE_BE,RESOLVED,DOUBLE_STOP,SELL,STOP,2,2025-08-14 13:30:00.002120361+00:00,STOP,STOP,230,2,23856.5,23859.0,-69.0,-69.0,-138.0,RESOLVED,BUY,False,,,ORIGINAL_STOP_BEFORE_ARM,23856.5,-69.0,-138.0,0.0,RAW_DOUBLE_STOP_NOT_RESCUED
2189,2025-08-14 09:30:00,2025-08-14T13:30:00+00:00,VALIDATED_SOURCE,NY,AUGUST,NQU5,2,16.0,1.0,2,8.0,COST_COVER_BE,RESOLVED,DOUBLE_STOP,SELL,STOP,2,2025-08-14 13:30:00.002120361+00:00,STOP,STOP,230,2,23856.5,23859.0,-69.0,-69.0,-138.0,RESOLVED,BUY,False,,,ORIGINAL_STOP_BEFORE_ARM,23856.5,-69.0,-138.0,0.0,RAW_DOUBLE_STOP_NOT_RESCUED
2189,2025-08-14 09:30:00,2025-08-14T13:30:00+00:00,VALIDATED_SOURCE,NY,AUGUST,NQU5,2,16.0,1.0,4,0.5,PRICE_BE,RESOLVED,DOUBLE_STOP,SELL,STOP,2,2025-08-14 13:30:00.002120361+00:00,STOP,STOP,230,2,23856.0,23859.5,-89.0,-89.0,-178.0,RESOLVED,BUY,True,3.0,2025-08-14 13:30:00.002126207+00:00,PRICE_BE,23857.0,-49.0,-138.0,40.0,RAW_DOUBLE_STOP_RESCUED
2189,2025-08-14 09:30:00,2025-08-14T13:30:00+00:00,VALIDATED_SOURCE,NY,AUGUST,NQU5,2,16.0,1.0,4,0.5,COST_COVER_BE,RESOLVED,DOUBLE_STOP,SELL,STOP,2,2025-08-14 13:30:00.002120361+00:00,STOP,STOP,230,2,23856.0,23859.5,-89.0,-89.0,-178.0,RESOLVED,BUY,True,3.0,2025-08-14 13:30:00.002126207+00:00,COST_COVER_BE,23857.0,-49.0,-138.0,40.0,RAW_DOUBLE_STOP_RESCUED
2189,2025-08-14 09:30:00,2025-08-14T13:30:00+00:00,VALIDATED_SOURCE,NY,AUGUST,NQU5,2,16.0,1.0,4,1.0,PRICE_BE,RESOLVED,DOUBLE_STOP,SELL,STOP,2,2025-08-14 13:30:00.002120361+00:00,STOP,STOP,230,2,23856.0,23859.5,-89.0,-89.0,-178.0,RESOLVED,BUY,True,5.0,2025-08-14 13:30:00.002428835+00:00,PRICE_BE,23857.0,-49.0,-138.0,40.0,RAW_DOUBLE_STOP_RESCUED
2189,2025-08-14 09:30:00,2025-08-14T13:30:00+00:00,VALIDATED_SOURCE,NY,AUGUST,NQU5,2,16.0,1.0,4,1.0,COST_COVER_BE,RESOLVED,DOUBLE_STOP,SELL,STOP,2,2025-08-14 13:30:00.002120361+00:00,STOP,STOP,230,2,23856.0,23859.5,-89.0,-89.0,-178.0,RESOLVED,BUY,True,5.0,2025-08-14 13:30:00.002428835+00:00,COST_COVER_BE,23857.25,-39.0,-128.0,50.0,RAW_DOUBLE_STOP_RESCUED
2189,2025-08-14 09:30:00,2025-08-14T13:30:00+00:00,VALIDATED_SOURCE,NY,AUGUST,NQU5,2,16.0,1.0,4,2.0,PRICE_BE,RESOLVED,DOUBLE_STOP,SELL,STOP,2,2025-08-14 13:30:00.002120361+00:00,STOP,STOP,230,2,23856.0,23859.5,-89.0,-89.0,-178.0,RESOLVED,BUY,True,12.0,2025-08-14 13:30:00.005267511+00:00,PRICE_BE,23857.0,-49.0,-138.0,40.0,RAW_DOUBLE_STOP_RESCUED
2189,2025-08-14 09:30:00,2025-08-14T13:30:00+00:00,VALIDATED_SOURCE,NY,AUGUST,NQU5,2,16.0,1.0,4,2.0,COST_COVER_BE,RESOLVED,DOUBLE_STOP,SELL,STOP,2,2025-08-14 13:30:00.002120361+00:00,STOP,STOP,230,2,23856.0,23859.5,-89.0,-89.0,-178.0,RESOLVED,BUY,True,12.0,2025-08-14 13:30:00.005267511+00:00,COST_COVER_BE,23857.5,-29.0,-118.0,60.0,RAW_DOUBLE_STOP_RESCUED
2189,2025-08-14 09:30:00,2025-08-14T13:30:00+00:00,VALIDATED_SOURCE,NY,AUGUST,NQU5,2,16.0,1.0,4,3.0,PRICE_BE,RESOLVED,DOUBLE_STOP,SELL,STOP,2,2025-08-14 13:30:00.002120361+00:00,STOP,STOP,230,2,23856.0,23859.5,-89.0,-89.0,-178.0,RESOLVED,BUY,True,20.0,2025-08-14 13:30:00.007029311+00:00,PRICE_BE,23857.0,-49.0,-138.0,40.0,RAW_DOUBLE_STOP_RESCUED
2189,2025-08-14 09:30:00,2025-08-14T13:30:00+00:00,VALIDATED_SOURCE,NY,AUGUST,NQU5,2,16.0,1.0,4,3.0,COST_COVER_BE,RESOLVED,DOUBLE_STOP,SELL,STOP,2,2025-08-14 13:30:00.002120361+00:00,STOP,STOP,230,2,23856.0,23859.5,-89.0,-89.0,-178.0,RESOLVED,BUY,True,20.0,2025-08-14 13:30:00.007029311+00:00,COST_COVER_BE,23857.5,-29.0,-118.0,60.0,RAW_DOUBLE_STOP_RESCUED
2189,2025-08-14 09:30:00,2025-08-14T13:30:00+00:00,VALIDATED_SOURCE,NY,AUGUST,NQU5,2,16.0,1.0,4,4.0,PRICE_BE,RESOLVED,DOUBLE_STOP,SELL,STOP,2,2025-08-14 13:30:00.002120361+00:00,STOP,STOP,230,2,23856.0,23859.5,-89.0,-89.0,-178.0,RESOLVED,BUY,True,21.0,2025-08-14 13:30:00.007029311+00:00,PRICE_BE,23857.0,-49.0,-138.0,40.0,RAW_DOUBLE_STOP_RESCUED
2189,2025-08-14 09:30:00,2025-08-14T13:30:00+00:00,VALIDATED_SOURCE,NY,AUGUST,NQU5,2,16.0,1.0,4,4.0,COST_COVER_BE,RESOLVED,DOUBLE_STOP,SELL,STOP,2,2025-08-14 13:30:00.002120361+00:00,STOP,STOP,230,2,23856.0,23859.5,-89.0,-89.0,-178.0,RESOLVED,BUY,True,21.0,2025-08-14 13:30:00.007029311+00:00,COST_COVER_BE,23857.5,-29.0,-118.0,60.0,RAW_DOUBLE_STOP_RESCUED
2189,2025-08-14 09:30:00,2025-08-14T13:30:00+00:00,VALIDATED_SOURCE,NY,AUGUST,NQU5,2,16.0,1.0,4,5.0,PRICE_BE,RESOLVED,DOUBLE_STOP,SELL,STOP,2,2025-08-14 13:30:00.002120361+00:00,STOP,STOP,230,2,23856.0,23859.5,-89.0,-89.0,-178.0,RESOLVED,BUY,True,113.0,2025-08-14 13:30:00.092442377+00:00,PRICE_BE,23857.0,-49.0,-138.0,40.0,RAW_DOUBLE_STOP_RESCUED
2189,2025-08-14 09:30:00,2025-08-14T13:30:00+00:00,VALIDATED_SOURCE,NY,AUGUST,NQU5,2,16.0,1.0,4,5.0,COST_COVER_BE,RESOLVED,DOUBLE_STOP,SELL,STOP,2,2025-08-14 13:30:00.002120361+00:00,STOP,STOP,230,2,23856.0,23859.5,-89.0,-89.0,-178.0,RESOLVED,BUY,True,113.0,2025-08-14 13:30:00.092442377+00:00,COST_COVER_BE,23857.5,-29.0,-118.0,60.0,RAW_DOUBLE_STOP_RESCUED
2189,2025-08-14 09:30:00,2025-08-14T13:30:00+00:00,VALIDATED_SOURCE,NY,AUGUST,NQU5,2,16.0,1.0,4,8.0,PRICE_BE,RESOLVED,DOUBLE_STOP,SELL,STOP,2,2025-08-14 13:30:00.002120361+00:00,STOP,STOP,230,2,23856.0,23859.5,-89.0,-89.0,-178.0,RESOLVED,BUY,False,,,ORIGINAL_STOP_BEFORE_ARM,23856.0,-89.0,-178.0,0.0,RAW_DOUBLE_STOP_NOT_RESCUED
2189,2025-08-14 09:30:00,2025-08-14T13:30:00+00:00,VALIDATED_SOURCE,NY,AUGUST,NQU5,2,16.0,1.0,4,8.0,COST_COVER_BE,RESOLVED,DOUBLE_STOP,SELL,STOP,2,2025-08-14 13:30:00.002120361+00:00,STOP,STOP,230,2,23856.0,23859.5,-89.0,-89.0,-178.0,RESOLVED,BUY,False,,,ORIGINAL_STOP_BEFORE_ARM,23856.0,-89.0,-178.0,0.0,RAW_DOUBLE_STOP_NOT_RESCUED
2190,2025-08-14 18:00:00,2025-08-14T22:00:00+00:00,VALIDATED_SOURCE,WEEKDAY_WEAK,AUGUST,NQU5,1,10.0,1.0,0,0.5,PRICE_BE,RESOLVED,DOUBLE_STOP,BUY,STOP,1,2025-08-14 22:00:00.016362047+00:00,STOP,STOP,1,35,23885.25,23886.5,-79.5,35.5,-44.0,RESOLVED,SELL,True,2.0,2025-08-14 22:00:00.019052863+00:00,PRICE_BE,23886.5,35.5,-44.0,0.0,RAW_DOUBLE_STOP_RESCUED
2190,2025-08-14 18:00:00,2025-08-14T22:00:00+00:00,VALIDATED_SOURCE,WEEKDAY_WEAK,AUGUST,NQU5,1,10.0,1.0,0,0.5,COST_COVER_BE,RESOLVED,DOUBLE_STOP,BUY,STOP,1,2025-08-14 22:00:00.016362047+00:00,STOP,STOP,1,35,23885.25,23886.5,-79.5,35.5,-44.0,RESOLVED,SELL,True,2.0,2025-08-14 22:00:00.019052863+00:00,COST_COVER_BE,23886.5,35.5,-44.0,0.0,RAW_DOUBLE_STOP_RESCUED
2190,2025-08-14 18:00:00,2025-08-14T22:00:00+00:00,VALIDATED_SOURCE,WEEKDAY_WEAK,AUGUST,NQU5,1,10.0,1.0,0,1.0,PRICE_BE,RESOLVED,DOUBLE_STOP,BUY,STOP,1,2025-08-14 22:00:00.016362047+00:00,STOP,STOP,1,35,23885.25,23886.5,-79.5,35.5,-44.0,RESOLVED,SELL,True,2.0,2025-08-14 22:00:00.019052863+00:00,PRICE_BE,23886.5,35.5,-44.0,0.0,RAW_DOUBLE_STOP_RESCUED
2190,2025-08-14 18:00:00,2025-08-14T22:00:00+00:00,VALIDATED_SOURCE,WEEKDAY_WEAK,AUGUST,NQU5,1,10.0,1.0,0,1.0,COST_COVER_BE,RESOLVED,DOUBLE_STOP,BUY,STOP,1,2025-08-14 22:00:00.016362047+00:00,STOP,STOP,1,35,23885.25,23886.5,-79.5,35.5,-44.0,RESOLVED,SELL,True,2.0,2025-08-14 22:00:00.019052863+00:00,COST_COVER_BE,23886.5,35.5,-44.0,0.0,RAW_DOUBLE_STOP_RESCUED
2190,2025-08-14 18:00:00,2025-08-14T22:00:00+00:00,VALIDATED_SOURCE,WEEKDAY_WEAK,AUGUST,NQU5,1,10.0,1.0,0,2.0,PRICE_BE,RESOLVED,DOUBLE_STOP,BUY,STOP,1,2025-08-14 22:00:00.016362047+00:00,STOP,STOP,1,35,23885.25,23886.5,-79.5,35.5,-44.0,RESOLVED,SELL,True,2.0,2025-08-14 22:00:00.019052863+00:00,PRICE_BE,23886.5,35.5,-44.0,0.0,RAW_DOUBLE_STOP_RESCUED
2190,2025-08-14 18:00:00,2025-08-14T22:00:00+00:00,VALIDATED_SOURCE,WEEKDAY_WEAK,AUGUST,NQU5,1,10.0,1.0,0,2.0,COST_COVER_BE,RESOLVED,DOUBLE_STOP,BUY,STOP,1,2025-08-14 22:00:00.016362047+00:00,STOP,STOP,1,35,23885.25,23886.5,-79.5,35.5,-44.0,RESOLVED,SELL,True,2.0,2025-08-14 22:00:00.019052863+00:00,COST_COVER_BE,23886.5,35.5,-44.0,0.0,RAW_DOUBLE_STOP_RESCUED
2190,2025-08-14 18:00:00,2025-08-14T22:00:00+00:00,VALIDATED_SOURCE,WEEKDAY_WEAK,AUGUST,NQU5,1,10.0,1.0,0,3.0,PRICE_BE,RESOLVED,DOUBLE_STOP,BUY,STOP,1,2025-08-14 22:00:00.016362047+00:00,STOP,STOP,1,35,23885.25,23886.5,-79.5,35.5,-44.0,RESOLVED,SELL,True,2.0,2025-08-14 22:00:00.019052863+00:00,PRICE_BE,23886.5,35.5,-44.0,0.0,RAW_DOUBLE_STOP_RESCUED
2190,2025-08-14 18:00:00,2025-08-14T22:00:00+00:00,VALIDATED_SOURCE,WEEKDAY_WEAK,AUGUST,NQU5,1,10.0,1.0,0,3.0,COST_COVER_BE,RESOLVED,DOUBLE_STOP,BUY,STOP,1,2025-08-14 22:00:00.016362047+00:00,STOP,STOP,1,35,23885.25,23886.5,-79.5,35.5,-44.0,RESOLVED,SELL,True,2.0,2025-08-14 22:00:00.019052863+00:00,COST_COVER_BE,23886.5,35.5,-44.0,0.0,RAW_DOUBLE_STOP_RESCUED
2190,2025-08-14 18:00:00,2025-08-14T22:00:00+00:00,VALIDATED_SOURCE,WEEKDAY_WEAK,AUGUST,NQU5,1,10.0,1.0,0,4.0,PRICE_BE,RESOLVED,DOUBLE_STOP,BUY,STOP,1,2025-08-14 22:00:00.016362047+00:00,STOP,STOP,1,35,23885.25,23886.5,-79.5,35.5,-44.0,RESOLVED,SELL,True,4.0,2025-08-14 22:00:00.020070167+00:00,PRICE_BE,23886.5,35.5,-44.0,0.0,RAW_DOUBLE_STOP_RESCUED
2190,2025-08-14 18:00:00,2025-08-14T22:00:00+00:00,VALIDATED_SOURCE,WEEKDAY_WEAK,AUGUST,NQU5,1,10.0,1.0,0,4.0,COST_COVER_BE,RESOLVED,DOUBLE_STOP,BUY,STOP,1,2025-08-14 22:00:00.016362047+00:00,STOP,STOP,1,35,23885.25,23886.5,-79.5,35.5,-44.0,RESOLVED,SELL,True,4.0,2025-08-14 22:00:00.020070167+00:00,COST_COVER_BE,23886.5,35.5,-44.0,0.0,RAW_DOUBLE_STOP_RESCUED
2190,2025-08-14 18:00:00,2025-08-14T22:00:00+00:00,VALIDATED_SOURCE,WEEKDAY_WEAK,AUGUST,NQU5,1,10.0,1.0,0,5.0,PRICE_BE,RESOLVED,DOUBLE_STOP,BUY,STOP,1,2025-08-14 22:00:00.016362047+00:00,STOP,STOP,1,35,23885.25,23886.5,-79.5,35.5,-44.0,RESOLVED,SELL,True,5.0,2025-08-14 22:00:00.041541359+00:00,PRICE_BE,23886.5,35.5,-44.0,0.0,RAW_DOUBLE_STOP_RESCUED
2190,2025-08-14 18:00:00,2025-08-14T22:00:00+00:00,VALIDATED_SOURCE,WEEKDAY_WEAK,AUGUST,NQU5,1,10.0,1.0,0,5.0,COST_COVER_BE,RESOLVED,DOUBLE_STOP,BUY,STOP,1,2025-08-14 22:00:00.016362047+00:00,STOP,STOP,1,35,23885.25,23886.5,-79.5,35.5,-44.0,RESOLVED,SELL,True,5.0,2025-08-14 22:00:00.041541359+00:00,COST_COVER_BE,23886.5,35.5,-44.0,0.0,RAW_DOUBLE_STOP_RESCUED
2190,2025-08-14 18:00:00,2025-08-14T22:00:00+00:00,VALIDATED_SOURCE,WEEKDAY_WEAK,AUGUST,NQU5,1,10.0,1.0,0,8.0,PRICE_BE,RESOLVED,DOUBLE_STOP,BUY,STOP,1,2025-08-14 22:00:00.016362047+00:00,STOP,STOP,1,35,23885.25,23886.5,-79.5,35.5,-44.0,RESOLVED,SELL,True,11.0,2025-08-14 22:00:00.219751947+00:00,PRICE_BE,23886.5,35.5,-44.0,0.0,RAW_DOUBLE_STOP_RESCUED
2190,2025-08-14 18:00:00,2025-08-14T22:00:00+00:00,VALIDATED_SOURCE,WEEKDAY_WEAK,AUGUST,NQU5,1,10.0,1.0,0,8.0,COST_COVER_BE,RESOLVED,DOUBLE_STOP,BUY,STOP,1,2025-08-14 22:00:00.016362047+00:00,STOP,STOP,1,35,23885.25,23886.5,-79.5,35.5,-44.0,RESOLVED,SELL,True,11.0,2025-08-14 22:00:00.219751947+00:00,COST_COVER_BE,23886.5,35.5,-44.0,0.0,RAW_DOUBLE_STOP_RESCUED
2190,2025-08-14 18:00:00,2025-08-14T22:00:00+00:00,VALIDATED_SOURCE,WEEKDAY_WEAK,AUGUST,NQU5,1,10.0,1.0,1,0.5,PRICE_BE,RESOLVED,DOUBLE_STOP,BUY,STOP,1,2025-08-14 22:00:00.016362047+00:00,STOP,STOP,1,35,23885.0,23886.75,-84.5,30.5,-54.0,RESOLVED,SELL,True,2.0,2025-08-14 22:00:00.019052863+00:00,PRICE_BE,23886.75,30.5,-54.0,0.0,RAW_DOUBLE_STOP_RESCUED
2190,2025-08-14 18:00:00,2025-08-14T22:00:00+00:00,VALIDATED_SOURCE,WEEKDAY_WEAK,AUGUST,NQU5,1,10.0,1.0,1,0.5,COST_COVER_BE,RESOLVED,DOUBLE_STOP,BUY,STOP,1,2025-08-14 22:00:00.016362047+00:00,STOP,STOP,1,35,23885.0,23886.75,-84.5,30.5,-54.0,RESOLVED,SELL,True,2.0,2025-08-14 22:00:00.019052863+00:00,COST_COVER_BE,23886.75,30.5,-54.0,0.0,RAW_DOUBLE_STOP_RESCUED
2190,2025-08-14 18:00:00,2025-08-14T22:00:00+00:00,VALIDATED_SOURCE,WEEKDAY_WEAK,AUGUST,NQU5,1,10.0,1.0,1,1.0,PRICE_BE,RESOLVED,DOUBLE_STOP,BUY,STOP,1,2025-08-14 22:00:00.016362047+00:00,STOP,STOP,1,35,23885.0,23886.75,-84.5,30.5,-54.0,RESOLVED,SELL,True,2.0,2025-08-14 22:00:00.019052863+00:00,PRICE_BE,23886.75,30.5,-54.0,0.0,RAW_DOUBLE_STOP_RESCUED
2190,2025-08-14 18:00:00,2025-08-14T22:00:00+00:00,VALIDATED_SOURCE,WEEKDAY_WEAK,AUGUST,NQU5,1,10.0,1.0,1,1.0,COST_COVER_BE,RESOLVED,DOUBLE_STOP,BUY,STOP,1,2025-08-14 22:00:00.016362047+00:00,STOP,STOP,1,35,23885.0,23886.75,-84.5,30.5,-54.0,RESOLVED,SELL,True,2.0,2025-08-14 22:00:00.019052863+00:00,COST_COVER_BE,23886.75,30.5,-54.0,0.0,RAW_DOUBLE_STOP_RESCUED
2190,2025-08-14 18:00:00,2025-08-14T22:00:00+00:00,VALIDATED_SOURCE,WEEKDAY_WEAK,AUGUST,NQU5,1,10.0,1.0,1,2.0,PRICE_BE,RESOLVED,DOUBLE_STOP,BUY,STOP,1,2025-08-14 22:00:00.016362047+00:00,STOP,STOP,1,35,23885.0,23886.75,-84.5,30.5,-54.0,RESOLVED,SELL,True,2.0,2025-08-14 22:00:00.019052863+00:00,PRICE_BE,23886.75,30.5,-54.0,0.0,RAW_DOUBLE_STOP_RESCUED
2190,2025-08-14 18:00:00,2025-08-14T22:00:00+00:00,VALIDATED_SOURCE,WEEKDAY_WEAK,AUGUST,NQU5,1,10.0,1.0,1,2.0,COST_COVER_BE,RESOLVED,DOUBLE_STOP,BUY,STOP,1,2025-08-14 22:00:00.016362047+00:00,STOP,STOP,1,35,23885.0,23886.75,-84.5,30.5,-54.0,RESOLVED,SELL,True,2.0,2025-08-14 22:00:00.019052863+00:00,COST_COVER_BE,23886.75,30.5,-54.0,0.0,RAW_DOUBLE_STOP_RESCUED
2190,2025-08-14 18:00:00,2025-08-14T22:00:00+00:00,VALIDATED_SOURCE,WEEKDAY_WEAK,AUGUST,NQU5,1,10.0,1.0,1,3.0,PRICE_BE,RESOLVED,DOUBLE_STOP,BUY,STOP,1,2025-08-14 22:00:00.016362047+00:00,STOP,STOP,1,35,23885.0,23886.75,-84.5,30.5,-54.0,RESOLVED,SELL,True,2.0,2025-08-14 22:00:00.019052863+00:00,PRICE_BE,23886.75,30.5,-54.0,0.0,RAW_DOUBLE_STOP_RESCUED
2190,2025-08-14 18:00:00,2025-08-14T22:00:00+00:00,VALIDATED_SOURCE,WEEKDAY_WEAK,AUGUST,NQU5,1,10.0,1.0,1,3.0,COST_COVER_BE,RESOLVED,DOUBLE_STOP,BUY,STOP,1,2025-08-14 22:00:00.016362047+00:00,STOP,STOP,1,35,23885.0,23886.75,-84.5,30.5,-54.0,RESOLVED,SELL,True,2.0,2025-08-14 22:00:00.019052863+00:00,COST_COVER_BE,23886.75,30.5,-54.0,0.0,RAW_DOUBLE_STOP_RESCUED
2190,2025-08-14 18:00:00,2025-08-14T22:00:00+00:00,VALIDATED_SOURCE,WEEKDAY_WEAK,AUGUST,NQU5,1,10.0,1.0,1,4.0,PRICE_BE,RESOLVED,DOUBLE_STOP,BUY,STOP,1,2025-08-14 22:00:00.016362047+00:00,STOP,STOP,1,35,23885.0,23886.75,-84.5,30.5,-54.0,RESOLVED,SELL,True,4.0,2025-08-14 22:00:00.020070167+00:00,PRICE_BE,23886.75,30.5,-54.0,0.0,RAW_DOUBLE_STOP_RESCUED
2190,2025-08-14 18:00:00,2025-08-14T22:00:00+00:00,VALIDATED_SOURCE,WEEKDAY_WEAK,AUGUST,NQU5,1,10.0,1.0,1,4.0,COST_COVER_BE,RESOLVED,DOUBLE_STOP,BUY,STOP,1,2025-08-14 22:00:00.016362047+00:00,STOP,STOP,1,35,23885.0,23886.75,-84.5,30.5,-54.0,RESOLVED,SELL,True,4.0,2025-08-14 22:00:00.020070167+00:00,COST_COVER_BE,23886.75,30.5,-54.0,0.0,RAW_DOUBLE_STOP_RESCUED
2190,2025-08-14 18:00:00,2025-08-14T22:00:00+00:00,VALIDATED_SOURCE,WEEKDAY_WEAK,AUGUST,NQU5,1,10.0,1.0,1,5.0,PRICE_BE,RESOLVED,DOUBLE_STOP,BUY,STOP,1,2025-08-14 22:00:00.016362047+00:00,STOP,STOP,1,35,23885.0,23886.75,-84.5,30.5,-54.0,RESOLVED,SELL,True,5.0,2025-08-14 22:00:00.041541359+00:00,PRICE_BE,23886.75,30.5,-54.0,0.0,RAW_DOUBLE_STOP_RESCUED
2190,2025-08-14 18:00:00,2025-08-14T22:00:00+00:00,VALIDATED_SOURCE,WEEKDAY_WEAK,AUGUST,NQU5,1,10.0,1.0,1,5.0,COST_COVER_BE,RESOLVED,DOUBLE_STOP,BUY,STOP,1,2025-08-14 22:00:00.016362047+00:00,STOP,STOP,1,35,23885.0,23886.75,-84.5,30.5,-54.0,RESOLVED,SELL,True,5.0,2025-08-14 22:00:00.041541359+00:00,COST_COVER_BE,23886.75,30.5,-54.0,0.0,RAW_DOUBLE_STOP_RESCUED
2190,2025-08-14 18:00:00,2025-08-14T22:00:00+00:00,VALIDATED_SOURCE,WEEKDAY_WEAK,AUGUST,NQU5,1,10.0,1.0,1,8.0,PRICE_BE,RESOLVED,DOUBLE_STOP,BUY,STOP,1,2025-08-14 22:00:00.016362047+00:00,STOP,STOP,1,35,23885.0,23886.75,-84.5,30.5,-54.0,RESOLVED,SELL,True,11.0,2025-08-14 22:00:00.219751947+00:00,PRICE_BE,23886.75,30.5,-54.0,0.0,RAW_DOUBLE_STOP_RESCUED
2190,2025-08-14 18:00:00,2025-08-14T22:00:00+00:00,VALIDATED_SOURCE,WEEKDAY_WEAK,AUGUST,NQU5,1,10.0,1.0,1,8.0,COST_COVER_BE,RESOLVED,DOUBLE_STOP,BUY,STOP,1,2025-08-14 22:00:00.016362047+00:00,STOP,STOP,1,35,23885.0,23886.75,-84.5,30.5,-54.0,RESOLVED,SELL,True,11.0,2025-08-14 22:00:00.219751947+00:00,COST_COVER_BE,23886.75,30.5,-54.0,0.0,RAW_DOUBLE_STOP_RESCUED
2190,2025-08-14 18:00:00,2025-08-14T22:00:00+00:00,VALIDATED_SOURCE,WEEKDAY_WEAK,AUGUST,NQU5,1,10.0,1.0,2,0.5,PRICE_BE,RESOLVED,DOUBLE_STOP,BUY,STOP,1,2025-08-14 22:00:00.016362047+00:00,STOP,STOP,1,35,23884.75,23887.0,-89.5,25.5,-64.0,RESOLVED,SELL,True,2.0,2025-08-14 22:00:00.019052863+00:00,PRICE_BE,23887.0,25.5,-64.0,0.0,RAW_DOUBLE_STOP_RESCUED
2190,2025-08-14 18:00:00,2025-08-14T22:00:00+00:00,VALIDATED_SOURCE,WEEKDAY_WEAK,AUGUST,NQU5,1,10.0,1.0,2,0.5,COST_COVER_BE,RESOLVED,DOUBLE_STOP,BUY,STOP,1,2025-08-14 22:00:00.016362047+00:00,STOP,STOP,1,35,23884.75,23887.0,-89.5,25.5,-64.0,RESOLVED,SELL,True,2.0,2025-08-14 22:00:00.019052863+00:00,COST_COVER_BE,23887.0,25.5,-64.0,0.0,RAW_DOUBLE_STOP_RESCUED
2190,2025-08-14 18:00:00,2025-08-14T22:00:00+00:00,VALIDATED_SOURCE,WEEKDAY_WEAK,AUGUST,NQU5,1,10.0,1.0,2,1.0,PRICE_BE,RESOLVED,DOUBLE_STOP,BUY,STOP,1,2025-08-14 22:00:00.016362047+00:00,STOP,STOP,1,35,23884.75,23887.0,-89.5,25.5,-64.0,RESOLVED,SELL,True,2.0,2025-08-14 22:00:00.019052863+00:00,PRICE_BE,23887.0,25.5,-64.0,0.0,RAW_DOUBLE_STOP_RESCUED
2190,2025-08-14 18:00:00,2025-08-14T22:00:00+00:00,VALIDATED_SOURCE,WEEKDAY_WEAK,AUGUST,NQU5,1,10.0,1.0,2,1.0,COST_COVER_BE,RESOLVED,DOUBLE_STOP,BUY,STOP,1,2025-08-14 22:00:00.016362047+00:00,STOP,STOP,1,35,23884.75,23887.0,-89.5,25.5,-64.0,RESOLVED,SELL,True,2.0,2025-08-14 22:00:00.019052863+00:00,COST_COVER_BE,23887.0,25.5,-64.0,0.0,RAW_DOUBLE_STOP_RESCUED
2190,2025-08-14 18:00:00,2025-08-14T22:00:00+00:00,VALIDATED_SOURCE,WEEKDAY_WEAK,AUGUST,NQU5,1,10.0,1.0,2,2.0,PRICE_BE,RESOLVED,DOUBLE_STOP,BUY,STOP,1,2025-08-14 22:00:00.016362047+00:00,STOP,STOP,1,35,23884.75,23887.0,-89.5,25.5,-64.0,RESOLVED,SELL,True,2.0,2025-08-14 22:00:00.019052863+00:00,PRICE_BE,23887.0,25.5,-64.0,0.0,RAW_DOUBLE_STOP_RESCUED
2190,2025-08-14 18:00:00,2025-08-14T22:00:00+00:00,VALIDATED_SOURCE,WEEKDAY_WEAK,AUGUST,NQU5,1,10.0,1.0,2,2.0,COST_COVER_BE,RESOLVED,DOUBLE_STOP,BUY,STOP,1,2025-08-14 22:00:00.016362047+00:00,STOP,STOP,1,35,23884.75,23887.0,-89.5,25.5,-64.0,RESOLVED,SELL,True,2.0,2025-08-14 22:00:00.019052863+00:00,COST_COVER_BE,23887.0,25.5,-64.0,0.0,RAW_DOUBLE_STOP_RESCUED
2190,2025-08-14 18:00:00,2025-08-14T22:00:00+00:00,VALIDATED_SOURCE,WEEKDAY_WEAK,AUGUST,NQU5,1,10.0,1.0,2,3.0,PRICE_BE,RESOLVED,DOUBLE_STOP,BUY,STOP,1,2025-08-14 22:00:00.016362047+00:00,STOP,STOP,1,35,23884.75,23887.0,-89.5,25.5,-64.0,RESOLVED,SELL,True,2.0,2025-08-14 22:00:00.019052863+00:00,PRICE_BE,23887.0,25.5,-64.0,0.0,RAW_DOUBLE_STOP_RESCUED
2190,2025-08-14 18:00:00,2025-08-14T22:00:00+00:00,VALIDATED_SOURCE,WEEKDAY_WEAK,AUGUST,NQU5,1,10.0,1.0,2,3.0,COST_COVER_BE,RESOLVED,DOUBLE_STOP,BUY,STOP,1,2025-08-14 22:00:00.016362047+00:00,STOP,STOP,1,35,23884.75,23887.0,-89.5,25.5,-64.0,RESOLVED,SELL,True,2.0,2025-08-14 22:00:00.019052863+00:00,COST_COVER_BE,23887.0,25.5,-64.0,0.0,RAW_DOUBLE_STOP_RESCUED
2190,2025-08-14 18:00:00,2025-08-14T22:00:00+00:00,VALIDATED_SOURCE,WEEKDAY_WEAK,AUGUST,NQU5,1,10.0,1.0,2,4.0,PRICE_BE,RESOLVED,DOUBLE_STOP,BUY,STOP,1,2025-08-14 22:00:00.016362047+00:00,STOP,STOP,1,35,23884.75,23887.0,-89.5,25.5,-64.0,RESOLVED,SELL,True,4.0,2025-08-14 22:00:00.020070167+00:00,PRICE_BE,23887.0,25.5,-64.0,0.0,RAW_DOUBLE_STOP_RESCUED
2190,2025-08-14 18:00:00,2025-08-14T22:00:00+00:00,VALIDATED_SOURCE,WEEKDAY_WEAK,AUGUST,NQU5,1,10.0,1.0,2,4.0,COST_COVER_BE,RESOLVED,DOUBLE_STOP,BUY,STOP,1,2025-08-14 22:00:00.016362047+00:00,STOP,STOP,1,35,23884.75,23887.0,-89.5,25.5,-64.0,RESOLVED,SELL,True,4.0,2025-08-14 22:00:00.020070167+00:00,COST_COVER_BE,23887.0,25.5,-64.0,0.0,RAW_DOUBLE_STOP_RESCUED
2190,2025-08-14 18:00:00,2025-08-14T22:00:00+00:00,VALIDATED_SOURCE,WEEKDAY_WEAK,AUGUST,NQU5,1,10.0,1.0,2,5.0,PRICE_BE,RESOLVED,DOUBLE_STOP,BUY,STOP,1,2025-08-14 22:00:00.016362047+00:00,STOP,STOP,1,35,23884.75,23887.0,-89.5,25.5,-64.0,RESOLVED,SELL,True,5.0,2025-08-14 22:00:00.041541359+00:00,PRICE_BE,23887.0,25.5,-64.0,0.0,RAW_DOUBLE_STOP_RESCUED
2190,2025-08-14 18:00:00,2025-08-14T22:00:00+00:00,VALIDATED_SOURCE,WEEKDAY_WEAK,AUGUST,NQU5,1,10.0,1.0,2,5.0,COST_COVER_BE,RESOLVED,DOUBLE_STOP,BUY,STOP,1,2025-08-14 22:00:00.016362047+00:00,STOP,STOP,1,35,23884.75,23887.0,-89.5,25.5,-64.0,RESOLVED,SELL,True,5.0,2025-08-14 22:00:00.041541359+00:00,COST_COVER_BE,23887.0,25.5,-64.0,0.0,RAW_DOUBLE_STOP_RESCUED
2190,2025-08-14 18:00:00,2025-08-14T22:00:00+00:00,VALIDATED_SOURCE,WEEKDAY_WEAK,AUGUST,NQU5,1,10.0,1.0,2,8.0,PRICE_BE,RESOLVED,DOUBLE_STOP,BUY,STOP,1,2025-08-14 22:00:00.016362047+00:00,STOP,STOP,1,35,23884.75,23887.0,-89.5,25.5,-64.0,RESOLVED,SELL,True,11.0,2025-08-14 22:00:00.219751947+00:00,PRICE_BE,23887.0,25.5,-64.0,0.0,RAW_DOUBLE_STOP_RESCUED
2190,2025-08-14 18:00:00,2025-08-14T22:00:00+00:00,VALIDATED_SOURCE,WEEKDAY_WEAK,AUGUST,NQU5,1,10.0,1.0,2,8.0,COST_COVER_BE,RESOLVED,DOUBLE_STOP,BUY,STOP,1,2025-08-14 22:00:00.016362047+00:00,STOP,STOP,1,35,23884.75,23887.0,-89.5,25.5,-64.0,RESOLVED,SELL,True,11.0,2025-08-14 22:00:00.219751947+00:00,COST_COVER_BE,23887.0,25.5,-64.0,0.0,RAW_DOUBLE_STOP_RESCUED
2190,2025-08-14 18:00:00,2025-08-14T22:00:00+00:00,VALIDATED_SOURCE,WEEKDAY_WEAK,AUGUST,NQU5,1,10.0,1.0,4,0.5,PRICE_BE,RESOLVED,DOUBLE_STOP,BUY,STOP,1,2025-08-14 22:00:00.016362047+00:00,STOP,STOP,1,35,23884.25,23887.5,-99.5,15.5,-84.0,RESOLVED,SELL,True,2.0,2025-08-14 22:00:00.019052863+00:00,PRICE_BE,23887.5,15.5,-84.0,0.0,RAW_DOUBLE_STOP_RESCUED
2190,2025-08-14 18:00:00,2025-08-14T22:00:00+00:00,VALIDATED_SOURCE,WEEKDAY_WEAK,AUGUST,NQU5,1,10.0,1.0,4,0.5,COST_COVER_BE,RESOLVED,DOUBLE_STOP,BUY,STOP,1,2025-08-14 22:00:00.016362047+00:00,STOP,STOP,1,35,23884.25,23887.5,-99.5,15.5,-84.0,RESOLVED,SELL,True,2.0,2025-08-14 22:00:00.019052863+00:00,COST_COVER_BE,23887.5,15.5,-84.0,0.0,RAW_DOUBLE_STOP_RESCUED
2190,2025-08-14 18:00:00,2025-08-14T22:00:00+00:00,VALIDATED_SOURCE,WEEKDAY_WEAK,AUGUST,NQU5,1,10.0,1.0,4,1.0,PRICE_BE,RESOLVED,DOUBLE_STOP,BUY,STOP,1,2025-08-14 22:00:00.016362047+00:00,STOP,STOP,1,35,23884.25,23887.5,-99.5,15.5,-84.0,RESOLVED,SELL,True,2.0,2025-08-14 22:00:00.019052863+00:00,PRICE_BE,23887.5,15.5,-84.0,0.0,RAW_DOUBLE_STOP_RESCUED
2190,2025-08-14 18:00:00,2025-08-14T22:00:00+00:00,VALIDATED_SOURCE,WEEKDAY_WEAK,AUGUST,NQU5,1,10.0,1.0,4,1.0,COST_COVER_BE,RESOLVED,DOUBLE_STOP,BUY,STOP,1,2025-08-14 22:00:00.016362047+00:00,STOP,STOP,1,35,23884.25,23887.5,-99.5,15.5,-84.0,RESOLVED,SELL,True,2.0,2025-08-14 22:00:00.019052863+00:00,COST_COVER_BE,23887.5,15.5,-84.0,0.0,RAW_DOUBLE_STOP_RESCUED
2190,2025-08-14 18:00:00,2025-08-14T22:00:00+00:00,VALIDATED_SOURCE,WEEKDAY_WEAK,AUGUST,NQU5,1,10.0,1.0,4,2.0,PRICE_BE,RESOLVED,DOUBLE_STOP,BUY,STOP,1,2025-08-14 22:00:00.016362047+00:00,STOP,STOP,1,35,23884.25,23887.5,-99.5,15.5,-84.0,RESOLVED,SELL,True,2.0,2025-08-14 22:00:00.019052863+00:00,PRICE_BE,23887.5,15.5,-84.0,0.0,RAW_DOUBLE_STOP_RESCUED
2190,2025-08-14 18:00:00,2025-08-14T22:00:00+00:00,VALIDATED_SOURCE,WEEKDAY_WEAK,AUGUST,NQU5,1,10.0,1.0,4,2.0,COST_COVER_BE,RESOLVED,DOUBLE_STOP,BUY,STOP,1,2025-08-14 22:00:00.016362047+00:00,STOP,STOP,1,35,23884.25,23887.5,-99.5,15.5,-84.0,RESOLVED,SELL,True,2.0,2025-08-14 22:00:00.019052863+00:00,COST_COVER_BE,23887.5,15.5,-84.0,0.0,RAW_DOUBLE_STOP_RESCUED
2190,2025-08-14 18:00:00,2025-08-14T22:00:00+00:00,VALIDATED_SOURCE,WEEKDAY_WEAK,AUGUST,NQU5,1,10.0,1.0,4,3.0,PRICE_BE,RESOLVED,DOUBLE_STOP,BUY,STOP,1,2025-08-14 22:00:00.016362047+00:00,STOP,STOP,1,35,23884.25,23887.5,-99.5,15.5,-84.0,RESOLVED,SELL,True,2.0,2025-08-14 22:00:00.019052863+00:00,PRICE_BE,23887.5,15.5,-84.0,0.0,RAW_DOUBLE_STOP_RESCUED
2190,2025-08-14 18:00:00,2025-08-14T22:00:00+00:00,VALIDATED_SOURCE,WEEKDAY_WEAK,AUGUST,NQU5,1,10.0,1.0,4,3.0,COST_COVER_BE,RESOLVED,DOUBLE_STOP,BUY,STOP,1,2025-08-14 22:00:00.016362047+00:00,STOP,STOP,1,35,23884.25,23887.5,-99.5,15.5,-84.0,RESOLVED,SELL,True,2.0,2025-08-14 22:00:00.019052863+00:00,COST_COVER_BE,23887.5,15.5,-84.0,0.0,RAW_DOUBLE_STOP_RESCUED
2190,2025-08-14 18:00:00,2025-08-14T22:00:00+00:00,VALIDATED_SOURCE,WEEKDAY_WEAK,AUGUST,NQU5,1,10.0,1.0,4,4.0,PRICE_BE,RESOLVED,DOUBLE_STOP,BUY,STOP,1,2025-08-14 22:00:00.016362047+00:00,STOP,STOP,1,35,23884.25,23887.5,-99.5,15.5,-84.0,RESOLVED,SELL,True,4.0,2025-08-14 22:00:00.020070167+00:00,PRICE_BE,23887.5,15.5,-84.0,0.0,RAW_DOUBLE_STOP_RESCUED
2190,2025-08-14 18:00:00,2025-08-14T22:00:00+00:00,VALIDATED_SOURCE,WEEKDAY_WEAK,AUGUST,NQU5,1,10.0,1.0,4,4.0,COST_COVER_BE,RESOLVED,DOUBLE_STOP,BUY,STOP,1,2025-08-14 22:00:00.016362047+00:00,STOP,STOP,1,35,23884.25,23887.5,-99.5,15.5,-84.0,RESOLVED,SELL,True,4.0,2025-08-14 22:00:00.020070167+00:00,COST_COVER_BE,23887.5,15.5,-84.0,0.0,RAW_DOUBLE_STOP_RESCUED
2190,2025-08-14 18:00:00,2025-08-14T22:00:00+00:00,VALIDATED_SOURCE,WEEKDAY_WEAK,AUGUST,NQU5,1,10.0,1.0,4,5.0,PRICE_BE,RESOLVED,DOUBLE_STOP,BUY,STOP,1,2025-08-14 22:00:00.016362047+00:00,STOP,STOP,1,35,23884.25,23887.5,-99.5,15.5,-84.0,RESOLVED,SELL,True,5.0,2025-08-14 22:00:00.041541359+00:00,PRICE_BE,23887.5,15.5,-84.0,0.0,RAW_DOUBLE_STOP_RESCUED
2190,2025-08-14 18:00:00,2025-08-14T22:00:00+00:00,VALIDATED_SOURCE,WEEKDAY_WEAK,AUGUST,NQU5,1,10.0,1.0,4,5.0,COST_COVER_BE,RESOLVED,DOUBLE_STOP,BUY,STOP,1,2025-08-14 22:00:00.016362047+00:00,STOP,STOP,1,35,23884.25,23887.5,-99.5,15.5,-84.0,RESOLVED,SELL,True,5.0,2025-08-14 22:00:00.041541359+00:00,COST_COVER_BE,23887.5,15.5,-84.0,0.0,RAW_DOUBLE_STOP_RESCUED
2190,2025-08-14 18:00:00,2025-08-14T22:00:00+00:00,VALIDATED_SOURCE,WEEKDAY_WEAK,AUGUST,NQU5,1,10.0,1.0,4,8.0,PRICE_BE,RESOLVED,DOUBLE_STOP,BUY,STOP,1,2025-08-14 22:00:00.016362047+00:00,STOP,STOP,1,35,23884.25,23887.5,-99.5,15.5,-84.0,RESOLVED,SELL,True,11.0,2025-08-14 22:00:00.219751947+00:00,PRICE_BE,23887.5,15.5,-84.0,0.0,RAW_DOUBLE_STOP_RESCUED
2190,2025-08-14 18:00:00,2025-08-14T22:00:00+00:00,VALIDATED_SOURCE,WEEKDAY_WEAK,AUGUST,NQU5,1,10.0,1.0,4,8.0,COST_COVER_BE,RESOLVED,DOUBLE_STOP,BUY,STOP,1,2025-08-14 22:00:00.016362047+00:00,STOP,STOP,1,35,23884.25,23887.5,-99.5,15.5,-84.0,RESOLVED,SELL,True,11.0,2025-08-14 22:00:00.219751947+00:00,COST_COVER_BE,23887.5,15.5,-84.0,0.0,RAW_DOUBLE_STOP_RESCUED
2191,2025-08-15 09:30:00,2025-08-15T13:30:00+00:00,VALIDATED_SOURCE,NY,AUGUST,NQU5,2,16.0,1.0,0,0.5,PRICE_BE,RESOLVED,DOUBLE_STOP,SELL,STOP,7,2025-08-15 13:30:00.004084377+00:00,STOP,STOP,92,7,23908.5,23910.25,-49.0,-59.0,-108.0,RESOLVED,BUY,True,9.0,2025-08-15 13:30:00.006093739+00:00,PRICE_BE,23910.0,11.0,-48.0,60.0,RAW_DOUBLE_STOP_RESCUED
2191,2025-08-15 09:30:00,2025-08-15T13:30:00+00:00,VALIDATED_SOURCE,NY,AUGUST,NQU5,2,16.0,1.0,0,0.5,COST_COVER_BE,RESOLVED,DOUBLE_STOP,SELL,STOP,7,2025-08-15 13:30:00.004084377+00:00,STOP,STOP,92,7,23908.5,23910.25,-49.0,-59.0,-108.0,RESOLVED,BUY,True,9.0,2025-08-15 13:30:00.006093739+00:00,COST_COVER_BE,23910.0,11.0,-48.0,60.0,RAW_DOUBLE_STOP_RESCUED
2191,2025-08-15 09:30:00,2025-08-15T13:30:00+00:00,VALIDATED_SOURCE,NY,AUGUST,NQU5,2,16.0,1.0,0,1.0,PRICE_BE,RESOLVED,DOUBLE_STOP,SELL,STOP,7,2025-08-15 13:30:00.004084377+00:00,STOP,STOP,92,7,23908.5,23910.25,-49.0,-59.0,-108.0,RESOLVED,BUY,True,16.0,2025-08-15 13:30:00.011093729+00:00,PRICE_BE,23910.0,11.0,-48.0,60.0,RAW_DOUBLE_STOP_RESCUED
2191,2025-08-15 09:30:00,2025-08-15T13:30:00+00:00,VALIDATED_SOURCE,NY,AUGUST,NQU5,2,16.0,1.0,0,1.0,COST_COVER_BE,RESOLVED,DOUBLE_STOP,SELL,STOP,7,2025-08-15 13:30:00.004084377+00:00,STOP,STOP,92,7,23908.5,23910.25,-49.0,-59.0,-108.0,RESOLVED,BUY,True,16.0,2025-08-15 13:30:00.011093729+00:00,COST_COVER_BE,23910.0,11.0,-48.0,60.0,RAW_DOUBLE_STOP_RESCUED
2191,2025-08-15 09:30:00,2025-08-15T13:30:00+00:00,VALIDATED_SOURCE,NY,AUGUST,NQU5,2,16.0,1.0,0,2.0,PRICE_BE,RESOLVED,DOUBLE_STOP,SELL,STOP,7,2025-08-15 13:30:00.004084377+00:00,STOP,STOP,92,7,23908.5,23910.25,-49.0,-59.0,-108.0,RESOLVED,BUY,False,,,ORIGINAL_STOP_BEFORE_ARM,23908.5,-49.0,-108.0,0.0,RAW_DOUBLE_STOP_NOT_RESCUED
2191,2025-08-15 09:30:00,2025-08-15T13:30:00+00:00,VALIDATED_SOURCE,NY,AUGUST,NQU5,2,16.0,1.0,0,2.0,COST_COVER_BE,RESOLVED,DOUBLE_STOP,SELL,STOP,7,2025-08-15 13:30:00.004084377+00:00,STOP,STOP,92,7,23908.5,23910.25,-49.0,-59.0,-108.0,RESOLVED,BUY,False,,,ORIGINAL_STOP_BEFORE_ARM,23908.5,-49.0,-108.0,0.0,RAW_DOUBLE_STOP_NOT_RESCUED
2191,2025-08-15 09:30:00,2025-08-15T13:30:00+00:00,VALIDATED_SOURCE,NY,AUGUST,NQU5,2,16.0,1.0,0,3.0,PRICE_BE,RESOLVED,DOUBLE_STOP,SELL,STOP,7,2025-08-15 13:30:00.004084377+00:00,STOP,STOP,92,7,23908.5,23910.25,-49.0,-59.0,-108.0,RESOLVED,BUY,False,,,ORIGINAL_STOP_BEFORE_ARM,23908.5,-49.0,-108.0,0.0,RAW_DOUBLE_STOP_NOT_RESCUED
2191,2025-08-15 09:30:00,2025-08-15T13:30:00+00:00,VALIDATED_SOURCE,NY,AUGUST,NQU5,2,16.0,1.0,0,3.0,COST_COVER_BE,RESOLVED,DOUBLE_STOP,SELL,STOP,7,2025-08-15 13:30:00.004084377+00:00,STOP,STOP,92,7,23908.5,23910.25,-49.0,-59.0,-108.0,RESOLVED,BUY,False,,,ORIGINAL_STOP_BEFORE_ARM,23908.5,-49.0,-108.0,0.0,RAW_DOUBLE_STOP_NOT_RESCUED
2191,2025-08-15 09:30:00,2025-08-15T13:30:00+00:00,VALIDATED_SOURCE,NY,AUGUST,NQU5,2,16.0,1.0,0,4.0,PRICE_BE,RESOLVED,DOUBLE_STOP,SELL,STOP,7,2025-08-15 13:30:00.004084377+00:00,STOP,STOP,92,7,23908.5,23910.25,-49.0,-59.0,-108.0,RESOLVED,BUY,False,,,ORIGINAL_STOP_BEFORE_ARM,23908.5,-49.0,-108.0,0.0,RAW_DOUBLE_STOP_NOT_RESCUED
2191,2025-08-15 09:30:00,2025-08-15T13:30:00+00:00,VALIDATED_SOURCE,NY,AUGUST,NQU5,2,16.0,1.0,0,4.0,COST_COVER_BE,RESOLVED,DOUBLE_STOP,SELL,STOP,7,2025-08-15 13:30:00.004084377+00:00,STOP,STOP,92,7,23908.5,23910.25,-49.0,-59.0,-108.0,RESOLVED,BUY,False,,,ORIGINAL_STOP_BEFORE_ARM,23908.5,-49.0,-108.0,0.0,RAW_DOUBLE_STOP_NOT_RESCUED
2191,2025-08-15 09:30:00,2025-08-15T13:30:00+00:00,VALIDATED_SOURCE,NY,AUGUST,NQU5,2,16.0,1.0,0,5.0,PRICE_BE,RESOLVED,DOUBLE_STOP,SELL,STOP,7,2025-08-15 13:30:00.004084377+00:00,STOP,STOP,92,7,23908.5,23910.25,-49.0,-59.0,-108.0,RESOLVED,BUY,False,,,ORIGINAL_STOP_BEFORE_ARM,23908.5,-49.0,-108.0,0.0,RAW_DOUBLE_STOP_NOT_RESCUED
2191,2025-08-15 09:30:00,2025-08-15T13:30:00+00:00,VALIDATED_SOURCE,NY,AUGUST,NQU5,2,16.0,1.0,0,5.0,COST_COVER_BE,RESOLVED,DOUBLE_STOP,SELL,STOP,7,2025-08-15 13:30:00.004084377+00:00,STOP,STOP,92,7,23908.5,23910.25,-49.0,-59.0,-108.0,RESOLVED,BUY,False,,,ORIGINAL_STOP_BEFORE_ARM,23908.5,-49.0,-108.0,0.0,RAW_DOUBLE_STOP_NOT_RESCUED
2191,2025-08-15 09:30:00,2025-08-15T13:30:00+00:00,VALIDATED_SOURCE,NY,AUGUST,NQU5,2,16.0,1.0,0,8.0,PRICE_BE,RESOLVED,DOUBLE_STOP,SELL,STOP,7,2025-08-15 13:30:00.004084377+00:00,STOP,STOP,92,7,23908.5,23910.25,-49.0,-59.0,-108.0,RESOLVED,BUY,False,,,ORIGINAL_STOP_BEFORE_ARM,23908.5,-49.0,-108.0,0.0,RAW_DOUBLE_STOP_NOT_RESCUED
2191,2025-08-15 09:30:00,2025-08-15T13:30:00+00:00,VALIDATED_SOURCE,NY,AUGUST,NQU5,2,16.0,1.0,0,8.0,COST_COVER_BE,RESOLVED,DOUBLE_STOP,SELL,STOP,7,2025-08-15 13:30:00.004084377+00:00,STOP,STOP,92,7,23908.5,23910.25,-49.0,-59.0,-108.0,RESOLVED,BUY,False,,,ORIGINAL_STOP_BEFORE_ARM,23908.5,-49.0,-108.0,0.0,RAW_DOUBLE_STOP_NOT_RESCUED
2191,2025-08-15 09:30:00,2025-08-15T13:30:00+00:00,VALIDATED_SOURCE,NY,AUGUST,NQU5,2,16.0,1.0,1,0.5,PRICE_BE,RESOLVED,DOUBLE_STOP,SELL,STOP,7,2025-08-15 13:30:00.004084377+00:00,STOP,STOP,92,7,23908.25,23910.5,-59.0,-69.0,-128.0,RESOLVED,BUY,True,9.0,2025-08-15 13:30:00.006093739+00:00,PRICE_BE,23909.75,1.0,-68.0,60.0,RAW_DOUBLE_STOP_RESCUED
2191,2025-08-15 09:30:00,2025-08-15T13:30:00+00:00,VALIDATED_SOURCE,NY,AUGUST,NQU5,2,16.0,1.0,1,0.5,COST_COVER_BE,RESOLVED,DOUBLE_STOP,SELL,STOP,7,2025-08-15 13:30:00.004084377+00:00,STOP,STOP,92,7,23908.25,23910.5,-59.0,-69.0,-128.0,RESOLVED,BUY,True,9.0,2025-08-15 13:30:00.006093739+00:00,COST_COVER_BE,23909.75,1.0,-68.0,60.0,RAW_DOUBLE_STOP_RESCUED
2191,2025-08-15 09:30:00,2025-08-15T13:30:00+00:00,VALIDATED_SOURCE,NY,AUGUST,NQU5,2,16.0,1.0,1,1.0,PRICE_BE,RESOLVED,DOUBLE_STOP,SELL,STOP,7,2025-08-15 13:30:00.004084377+00:00,STOP,STOP,92,7,23908.25,23910.5,-59.0,-69.0,-128.0,RESOLVED,BUY,True,16.0,2025-08-15 13:30:00.011093729+00:00,PRICE_BE,23909.75,1.0,-68.0,60.0,RAW_DOUBLE_STOP_RESCUED
2191,2025-08-15 09:30:00,2025-08-15T13:30:00+00:00,VALIDATED_SOURCE,NY,AUGUST,NQU5,2,16.0,1.0,1,1.0,COST_COVER_BE,RESOLVED,DOUBLE_STOP,SELL,STOP,7,2025-08-15 13:30:00.004084377+00:00,STOP,STOP,92,7,23908.25,23910.5,-59.0,-69.0,-128.0,RESOLVED,BUY,True,16.0,2025-08-15 13:30:00.011093729+00:00,COST_COVER_BE,23909.75,1.0,-68.0,60.0,RAW_DOUBLE_STOP_RESCUED
2191,2025-08-15 09:30:00,2025-08-15T13:30:00+00:00,VALIDATED_SOURCE,NY,AUGUST,NQU5,2,16.0,1.0,1,2.0,PRICE_BE,RESOLVED,DOUBLE_STOP,SELL,STOP,7,2025-08-15 13:30:00.004084377+00:00,STOP,STOP,92,7,23908.25,23910.5,-59.0,-69.0,-128.0,RESOLVED,BUY,False,,,ORIGINAL_STOP_BEFORE_ARM,23908.25,-59.0,-128.0,0.0,RAW_DOUBLE_STOP_NOT_RESCUED
2191,2025-08-15 09:30:00,2025-08-15T13:30:00+00:00,VALIDATED_SOURCE,NY,AUGUST,NQU5,2,16.0,1.0,1,2.0,COST_COVER_BE,RESOLVED,DOUBLE_STOP,SELL,STOP,7,2025-08-15 13:30:00.004084377+00:00,STOP,STOP,92,7,23908.25,23910.5,-59.0,-69.0,-128.0,RESOLVED,BUY,False,,,ORIGINAL_STOP_BEFORE_ARM,23908.25,-59.0,-128.0,0.0,RAW_DOUBLE_STOP_NOT_RESCUED
2191,2025-08-15 09:30:00,2025-08-15T13:30:00+00:00,VALIDATED_SOURCE,NY,AUGUST,NQU5,2,16.0,1.0,1,3.0,PRICE_BE,RESOLVED,DOUBLE_STOP,SELL,STOP,7,2025-08-15 13:30:00.004084377+00:00,STOP,STOP,92,7,23908.25,23910.5,-59.0,-69.0,-128.0,RESOLVED,BUY,False,,,ORIGINAL_STOP_BEFORE_ARM,23908.25,-59.0,-128.0,0.0,RAW_DOUBLE_STOP_NOT_RESCUED
2191,2025-08-15 09:30:00,2025-08-15T13:30:00+00:00,VALIDATED_SOURCE,NY,AUGUST,NQU5,2,16.0,1.0,1,3.0,COST_COVER_BE,RESOLVED,DOUBLE_STOP,SELL,STOP,7,2025-08-15 13:30:00.004084377+00:00,STOP,STOP,92,7,23908.25,23910.5,-59.0,-69.0,-128.0,RESOLVED,BUY,False,,,ORIGINAL_STOP_BEFORE_ARM,23908.25,-59.0,-128.0,0.0,RAW_DOUBLE_STOP_NOT_RESCUED
2191,2025-08-15 09:30:00,2025-08-15T13:30:00+00:00,VALIDATED_SOURCE,NY,AUGUST,NQU5,2,16.0,1.0,1,4.0,PRICE_BE,RESOLVED,DOUBLE_STOP,SELL,STOP,7,2025-08-15 13:30:00.004084377+00:00,STOP,STOP,92,7,23908.25,23910.5,-59.0,-69.0,-128.0,RESOLVED,BUY,False,,,ORIGINAL_STOP_BEFORE_ARM,23908.25,-59.0,-128.0,0.0,RAW_DOUBLE_STOP_NOT_RESCUED
2191,2025-08-15 09:30:00,2025-08-15T13:30:00+00:00,VALIDATED_SOURCE,NY,AUGUST,NQU5,2,16.0,1.0,1,4.0,COST_COVER_BE,RESOLVED,DOUBLE_STOP,SELL,STOP,7,2025-08-15 13:30:00.004084377+00:00,STOP,STOP,92,7,23908.25,23910.5,-59.0,-69.0,-128.0,RESOLVED,BUY,False,,,ORIGINAL_STOP_BEFORE_ARM,23908.25,-59.0,-128.0,0.0,RAW_DOUBLE_STOP_NOT_RESCUED
2191,2025-08-15 09:30:00,2025-08-15T13:30:00+00:00,VALIDATED_SOURCE,NY,AUGUST,NQU5,2,16.0,1.0,1,5.0,PRICE_BE,RESOLVED,DOUBLE_STOP,SELL,STOP,7,2025-08-15 13:30:00.004084377+00:00,STOP,STOP,92,7,23908.25,23910.5,-59.0,-69.0,-128.0,RESOLVED,BUY,False,,,ORIGINAL_STOP_BEFORE_ARM,23908.25,-59.0,-128.0,0.0,RAW_DOUBLE_STOP_NOT_RESCUED
2191,2025-08-15 09:30:00,2025-08-15T13:30:00+00:00,VALIDATED_SOURCE,NY,AUGUST,NQU5,2,16.0,1.0,1,5.0,COST_COVER_BE,RESOLVED,DOUBLE_STOP,SELL,STOP,7,2025-08-15 13:30:00.004084377+00:00,STOP,STOP,92,7,23908.25,23910.5,-59.0,-69.0,-128.0,RESOLVED,BUY,False,,,ORIGINAL_STOP_BEFORE_ARM,23908.25,-59.0,-128.0,0.0,RAW_DOUBLE_STOP_NOT_RESCUED
2191,2025-08-15 09:30:00,2025-08-15T13:30:00+00:00,VALIDATED_SOURCE,NY,AUGUST,NQU5,2,16.0,1.0,1,8.0,PRICE_BE,RESOLVED,DOUBLE_STOP,SELL,STOP,7,2025-08-15 13:30:00.004084377+00:00,STOP,STOP,92,7,23908.25,23910.5,-59.0,-69.0,-128.0,RESOLVED,BUY,False,,,ORIGINAL_STOP_BEFORE_ARM,23908.25,-59.0,-128.0,0.0,RAW_DOUBLE_STOP_NOT_RESCUED
2191,2025-08-15 09:30:00,2025-08-15T13:30:00+00:00,VALIDATED_SOURCE,NY,AUGUST,NQU5,2,16.0,1.0,1,8.0,COST_COVER_BE,RESOLVED,DOUBLE_STOP,SELL,STOP,7,2025-08-15 13:30:00.004084377+00:00,STOP,STOP,92,7,23908.25,23910.5,-59.0,-69.0,-128.0,RESOLVED,BUY,False,,,ORIGINAL_STOP_BEFORE_ARM,23908.25,-59.0,-128.0,0.0,RAW_DOUBLE_STOP_NOT_RESCUED
2191,2025-08-15 09:30:00,2025-08-15T13:30:00+00:00,VALIDATED_SOURCE,NY,AUGUST,NQU5,2,16.0,1.0,2,0.5,PRICE_BE,RESOLVED,DOUBLE_STOP,SELL,STOP,7,2025-08-15 13:30:00.004084377+00:00,STOP,STOP,92,7,23908.0,23910.75,-69.0,-79.0,-148.0,RESOLVED,BUY,True,9.0,2025-08-15 13:30:00.006093739+00:00,PRICE_BE,23909.5,-9.0,-88.0,60.0,RAW_DOUBLE_STOP_RESCUED
2191,2025-08-15 09:30:00,2025-08-15T13:30:00+00:00,VALIDATED_SOURCE,NY,AUGUST,NQU5,2,16.0,1.0,2,0.5,COST_COVER_BE,RESOLVED,DOUBLE_STOP,SELL,STOP,7,2025-08-15 13:30:00.004084377+00:00,STOP,STOP,92,7,23908.0,23910.75,-69.0,-79.0,-148.0,RESOLVED,BUY,True,9.0,2025-08-15 13:30:00.006093739+00:00,COST_COVER_BE,23909.5,-9.0,-88.0,60.0,RAW_DOUBLE_STOP_RESCUED
2191,2025-08-15 09:30:00,2025-08-15T13:30:00+00:00,VALIDATED_SOURCE,NY,AUGUST,NQU5,2,16.0,1.0,2,1.0,PRICE_BE,RESOLVED,DOUBLE_STOP,SELL,STOP,7,2025-08-15 13:30:00.004084377+00:00,STOP,STOP,92,7,23908.0,23910.75,-69.0,-79.0,-148.0,RESOLVED,BUY,True,16.0,2025-08-15 13:30:00.011093729+00:00,PRICE_BE,23909.5,-9.0,-88.0,60.0,RAW_DOUBLE_STOP_RESCUED
2191,2025-08-15 09:30:00,2025-08-15T13:30:00+00:00,VALIDATED_SOURCE,NY,AUGUST,NQU5,2,16.0,1.0,2,1.0,COST_COVER_BE,RESOLVED,DOUBLE_STOP,SELL,STOP,7,2025-08-15 13:30:00.004084377+00:00,STOP,STOP,92,7,23908.0,23910.75,-69.0,-79.0,-148.0,RESOLVED,BUY,True,16.0,2025-08-15 13:30:00.011093729+00:00,COST_COVER_BE,23909.5,-9.0,-88.0,60.0,RAW_DOUBLE_STOP_RESCUED
2191,2025-08-15 09:30:00,2025-08-15T13:30:00+00:00,VALIDATED_SOURCE,NY,AUGUST,NQU5,2,16.0,1.0,2,2.0,PRICE_BE,RESOLVED,DOUBLE_STOP,SELL,STOP,7,2025-08-15 13:30:00.004084377+00:00,STOP,STOP,92,7,23908.0,23910.75,-69.0,-79.0,-148.0,RESOLVED,BUY,False,,,ORIGINAL_STOP_BEFORE_ARM,23908.0,-69.0,-148.0,0.0,RAW_DOUBLE_STOP_NOT_RESCUED
2191,2025-08-15 09:30:00,2025-08-15T13:30:00+00:00,VALIDATED_SOURCE,NY,AUGUST,NQU5,2,16.0,1.0,2,2.0,COST_COVER_BE,RESOLVED,DOUBLE_STOP,SELL,STOP,7,2025-08-15 13:30:00.004084377+00:00,STOP,STOP,92,7,23908.0,23910.75,-69.0,-79.0,-148.0,RESOLVED,BUY,False,,,ORIGINAL_STOP_BEFORE_ARM,23908.0,-69.0,-148.0,0.0,RAW_DOUBLE_STOP_NOT_RESCUED
2191,2025-08-15 09:30:00,2025-08-15T13:30:00+00:00,VALIDATED_SOURCE,NY,AUGUST,NQU5,2,16.0,1.0,2,3.0,PRICE_BE,RESOLVED,DOUBLE_STOP,SELL,STOP,7,2025-08-15 13:30:00.004084377+00:00,STOP,STOP,92,7,23908.0,23910.75,-69.0,-79.0,-148.0,RESOLVED,BUY,False,,,ORIGINAL_STOP_BEFORE_ARM,23908.0,-69.0,-148.0,0.0,RAW_DOUBLE_STOP_NOT_RESCUED
2191,2025-08-15 09:30:00,2025-08-15T13:30:00+00:00,VALIDATED_SOURCE,NY,AUGUST,NQU5,2,16.0,1.0,2,3.0,COST_COVER_BE,RESOLVED,DOUBLE_STOP,SELL,STOP,7,2025-08-15 13:30:00.004084377+00:00,STOP,STOP,92,7,23908.0,23910.75,-69.0,-79.0,-148.0,RESOLVED,BUY,False,,,ORIGINAL_STOP_BEFORE_ARM,23908.0,-69.0,-148.0,0.0,RAW_DOUBLE_STOP_NOT_RESCUED
2191,2025-08-15 09:30:00,2025-08-15T13:30:00+00:00,VALIDATED_SOURCE,NY,AUGUST,NQU5,2,16.0,1.0,2,4.0,PRICE_BE,RESOLVED,DOUBLE_STOP,SELL,STOP,7,2025-08-15 13:30:00.004084377+00:00,STOP,STOP,92,7,23908.0,23910.75,-69.0,-79.0,-148.0,RESOLVED,BUY,False,,,ORIGINAL_STOP_BEFORE_ARM,23908.0,-69.0,-148.0,0.0,RAW_DOUBLE_STOP_NOT_RESCUED
2191,2025-08-15 09:30:00,2025-08-15T13:30:00+00:00,VALIDATED_SOURCE,NY,AUGUST,NQU5,2,16.0,1.0,2,4.0,COST_COVER_BE,RESOLVED,DOUBLE_STOP,SELL,STOP,7,2025-08-15 13:30:00.004084377+00:00,STOP,STOP,92,7,23908.0,23910.75,-69.0,-79.0,-148.0,RESOLVED,BUY,False,,,ORIGINAL_STOP_BEFORE_ARM,23908.0,-69.0,-148.0,0.0,RAW_DOUBLE_STOP_NOT_RESCUED
2191,2025-08-15 09:30:00,2025-08-15T13:30:00+00:00,VALIDATED_SOURCE,NY,AUGUST,NQU5,2,16.0,1.0,2,5.0,PRICE_BE,RESOLVED,DOUBLE_STOP,SELL,STOP,7,2025-08-15 13:30:00.004084377+00:00,STOP,STOP,92,7,23908.0,23910.75,-69.0,-79.0,-148.0,RESOLVED,BUY,False,,,ORIGINAL_STOP_BEFORE_ARM,23908.0,-69.0,-148.0,0.0,RAW_DOUBLE_STOP_NOT_RESCUED
2191,2025-08-15 09:30:00,2025-08-15T13:30:00+00:00,VALIDATED_SOURCE,NY,AUGUST,NQU5,2,16.0,1.0,2,5.0,COST_COVER_BE,RESOLVED,DOUBLE_STOP,SELL,STOP,7,2025-08-15 13:30:00.004084377+00:00,STOP,STOP,92,7,23908.0,23910.75,-69.0,-79.0,-148.0,RESOLVED,BUY,False,,,ORIGINAL_STOP_BEFORE_ARM,23908.0,-69.0,-148.0,0.0,RAW_DOUBLE_STOP_NOT_RESCUED
2191,2025-08-15 09:30:00,2025-08-15T13:30:00+00:00,VALIDATED_SOURCE,NY,AUGUST,NQU5,2,16.0,1.0,2,8.0,PRICE_BE,RESOLVED,DOUBLE_STOP,SELL,STOP,7,2025-08-15 13:30:00.004084377+00:00,STOP,STOP,92,7,23908.0,23910.75,-69.0,-79.0,-148.0,RESOLVED,BUY,False,,,ORIGINAL_STOP_BEFORE_ARM,23908.0,-69.0,-148.0,0.0,RAW_DOUBLE_STOP_NOT_RESCUED
2191,2025-08-15 09:30:00,2025-08-15T13:30:00+00:00,VALIDATED_SOURCE,NY,AUGUST,NQU5,2,16.0,1.0,2,8.0,COST_COVER_BE,RESOLVED,DOUBLE_STOP,SELL,STOP,7,2025-08-15 13:30:00.004084377+00:00,STOP,STOP,92,7,23908.0,23910.75,-69.0,-79.0,-148.0,RESOLVED,BUY,False,,,ORIGINAL_STOP_BEFORE_ARM,23908.0,-69.0,-148.0,0.0,RAW_DOUBLE_STOP_NOT_RESCUED
2191,2025-08-15 09:30:00,2025-08-15T13:30:00+00:00,VALIDATED_SOURCE,NY,AUGUST,NQU5,2,16.0,1.0,4,0.5,PRICE_BE,RESOLVED,DOUBLE_STOP,SELL,STOP,7,2025-08-15 13:30:00.004084377+00:00,STOP,STOP,92,7,23907.5,23911.25,-89.0,-99.0,-188.0,RESOLVED,BUY,True,9.0,2025-08-15 13:30:00.006093739+00:00,PRICE_BE,23909.0,-29.0,-128.0,60.0,RAW_DOUBLE_STOP_RESCUED
2191,2025-08-15 09:30:00,2025-08-15T13:30:00+00:00,VALIDATED_SOURCE,NY,AUGUST,NQU5,2,16.0,1.0,4,0.5,COST_COVER_BE,RESOLVED,DOUBLE_STOP,SELL,STOP,7,2025-08-15 13:30:00.004084377+00:00,STOP,STOP,92,7,23907.5,23911.25,-89.0,-99.0,-188.0,RESOLVED,BUY,True,9.0,2025-08-15 13:30:00.006093739+00:00,COST_COVER_BE,23909.0,-29.0,-128.0,60.0,RAW_DOUBLE_STOP_RESCUED
2191,2025-08-15 09:30:00,2025-08-15T13:30:00+00:00,VALIDATED_SOURCE,NY,AUGUST,NQU5,2,16.0,1.0,4,1.0,PRICE_BE,RESOLVED,DOUBLE_STOP,SELL,STOP,7,2025-08-15 13:30:00.004084377+00:00,STOP,STOP,92,7,23907.5,23911.25,-89.0,-99.0,-188.0,RESOLVED,BUY,True,16.0,2025-08-15 13:30:00.011093729+00:00,PRICE_BE,23909.0,-29.0,-128.0,60.0,RAW_DOUBLE_STOP_RESCUED
2191,2025-08-15 09:30:00,2025-08-15T13:30:00+00:00,VALIDATED_SOURCE,NY,AUGUST,NQU5,2,16.0,1.0,4,1.0,COST_COVER_BE,RESOLVED,DOUBLE_STOP,SELL,STOP,7,2025-08-15 13:30:00.004084377+00:00,STOP,STOP,92,7,23907.5,23911.25,-89.0,-99.0,-188.0,RESOLVED,BUY,True,16.0,2025-08-15 13:30:00.011093729+00:00,COST_COVER_BE,23909.0,-29.0,-128.0,60.0,RAW_DOUBLE_STOP_RESCUED
2191,2025-08-15 09:30:00,2025-08-15T13:30:00+00:00,VALIDATED_SOURCE,NY,AUGUST,NQU5,2,16.0,1.0,4,2.0,PRICE_BE,RESOLVED,DOUBLE_STOP,SELL,STOP,7,2025-08-15 13:30:00.004084377+00:00,STOP,STOP,92,7,23907.5,23911.25,-89.0,-99.0,-188.0,RESOLVED,BUY,False,,,ORIGINAL_STOP_BEFORE_ARM,23907.5,-89.0,-188.0,0.0,RAW_DOUBLE_STOP_NOT_RESCUED
2191,2025-08-15 09:30:00,2025-08-15T13:30:00+00:00,VALIDATED_SOURCE,NY,AUGUST,NQU5,2,16.0,1.0,4,2.0,COST_COVER_BE,RESOLVED,DOUBLE_STOP,SELL,STOP,7,2025-08-15 13:30:00.004084377+00:00,STOP,STOP,92,7,23907.5,23911.25,-89.0,-99.0,-188.0,RESOLVED,BUY,False,,,ORIGINAL_STOP_BEFORE_ARM,23907.5,-89.0,-188.0,0.0,RAW_DOUBLE_STOP_NOT_RESCUED
2191,2025-08-15 09:30:00,2025-08-15T13:30:00+00:00,VALIDATED_SOURCE,NY,AUGUST,NQU5,2,16.0,1.0,4,3.0,PRICE_BE,RESOLVED,DOUBLE_STOP,SELL,STOP,7,2025-08-15 13:30:00.004084377+00:00,STOP,STOP,92,7,23907.5,23911.25,-89.0,-99.0,-188.0,RESOLVED,BUY,False,,,ORIGINAL_STOP_BEFORE_ARM,23907.5,-89.0,-188.0,0.0,RAW_DOUBLE_STOP_NOT_RESCUED
2191,2025-08-15 09:30:00,2025-08-15T13:30:00+00:00,VALIDATED_SOURCE,NY,AUGUST,NQU5,2,16.0,1.0,4,3.0,COST_COVER_BE,RESOLVED,DOUBLE_STOP,SELL,STOP,7,2025-08-15 13:30:00.004084377+00:00,STOP,STOP,92,7,23907.5,23911.25,-89.0,-99.0,-188.0,RESOLVED,BUY,False,,,ORIGINAL_STOP_BEFORE_ARM,23907.5,-89.0,-188.0,0.0,RAW_DOUBLE_STOP_NOT_RESCUED
2191,2025-08-15 09:30:00,2025-08-15T13:30:00+00:00,VALIDATED_SOURCE,NY,AUGUST,NQU5,2,16.0,1.0,4,4.0,PRICE_BE,RESOLVED,DOUBLE_STOP,SELL,STOP,7,2025-08-15 13:30:00.004084377+00:00,STOP,STOP,92,7,23907.5,23911.25,-89.0,-99.0,-188.0,RESOLVED,BUY,False,,,ORIGINAL_STOP_BEFORE_ARM,23907.5,-89.0,-188.0,0.0,RAW_DOUBLE_STOP_NOT_RESCUED
2191,2025-08-15 09:30:00,2025-08-15T13:30:00+00:00,VALIDATED_SOURCE,NY,AUGUST,NQU5,2,16.0,1.0,4,4.0,COST_COVER_BE,RESOLVED,DOUBLE_STOP,SELL,STOP,7,2025-08-15 13:30:00.004084377+00:00,STOP,STOP,92,7,23907.5,23911.25,-89.0,-99.0,-188.0,RESOLVED,BUY,False,,,ORIGINAL_STOP_BEFORE_ARM,23907.5,-89.0,-188.0,0.0,RAW_DOUBLE_STOP_NOT_RESCUED
2191,2025-08-15 09:30:00,2025-08-15T13:30:00+00:00,VALIDATED_SOURCE,NY,AUGUST,NQU5,2,16.0,1.0,4,5.0,PRICE_BE,RESOLVED,DOUBLE_STOP,SELL,STOP,7,2025-08-15 13:30:00.004084377+00:00,STOP,STOP,92,7,23907.5,23911.25,-89.0,-99.0,-188.0,RESOLVED,BUY,False,,,ORIGINAL_STOP_BEFORE_ARM,23907.5,-89.0,-188.0,0.0,RAW_DOUBLE_STOP_NOT_RESCUED
2191,2025-08-15 09:30:00,2025-08-15T13:30:00+00:00,VALIDATED_SOURCE,NY,AUGUST,NQU5,2,16.0,1.0,4,5.0,COST_COVER_BE,RESOLVED,DOUBLE_STOP,SELL,STOP,7,2025-08-15 13:30:00.004084377+00:00,STOP,STOP,92,7,23907.5,23911.25,-89.0,-99.0,-188.0,RESOLVED,BUY,False,,,ORIGINAL_STOP_BEFORE_ARM,23907.5,-89.0,-188.0,0.0,RAW_DOUBLE_STOP_NOT_RESCUED
2191,2025-08-15 09:30:00,2025-08-15T13:30:00+00:00,VALIDATED_SOURCE,NY,AUGUST,NQU5,2,16.0,1.0,4,8.0,PRICE_BE,RESOLVED,DOUBLE_STOP,SELL,STOP,7,2025-08-15 13:30:00.004084377+00:00,STOP,STOP,92,7,23907.5,23911.25,-89.0,-99.0,-188.0,RESOLVED,BUY,False,,,ORIGINAL_STOP_BEFORE_ARM,23907.5,-89.0,-188.0,0.0,RAW_DOUBLE_STOP_NOT_RESCUED
2191,2025-08-15 09:30:00,2025-08-15T13:30:00+00:00,VALIDATED_SOURCE,NY,AUGUST,NQU5,2,16.0,1.0,4,8.0,COST_COVER_BE,RESOLVED,DOUBLE_STOP,SELL,STOP,7,2025-08-15 13:30:00.004084377+00:00,STOP,STOP,92,7,23907.5,23911.25,-89.0,-99.0,-188.0,RESOLVED,BUY,False,,,ORIGINAL_STOP_BEFORE_ARM,23907.5,-89.0,-188.0,0.0,RAW_DOUBLE_STOP_NOT_RESCUED
2223,2025-09-14 18:00:00,2025-09-14T22:00:00+00:00,VALIDATED_SOURCE,WEEKLY,SEPTEMBER,NQU5,2,10.0,1.0,0,0.5,PRICE_BE,RESOLVED,DOUBLE_STOP,BUY,STOP,0,2025-09-14 22:00:00.090704431+00:00,STOP,STOP,0,9,24113.25,24120.0,-99.0,-209.0,-308.0,RESOLVED,SELL,True,1.0,2025-09-14 22:00:00.090809027+00:00,PRICE_BE,24120.0,-209.0,-308.0,0.0,RAW_DOUBLE_STOP_RESCUED
2223,2025-09-14 18:00:00,2025-09-14T22:00:00+00:00,VALIDATED_SOURCE,WEEKLY,SEPTEMBER,NQU5,2,10.0,1.0,0,0.5,COST_COVER_BE,RESOLVED,DOUBLE_STOP,BUY,STOP,0,2025-09-14 22:00:00.090704431+00:00,STOP,STOP,0,9,24113.25,24120.0,-99.0,-209.0,-308.0,RESOLVED,SELL,True,1.0,2025-09-14 22:00:00.090809027+00:00,COST_COVER_BE,24120.0,-209.0,-308.0,0.0,RAW_DOUBLE_STOP_RESCUED
2223,2025-09-14 18:00:00,2025-09-14T22:00:00+00:00,VALIDATED_SOURCE,WEEKLY,SEPTEMBER,NQU5,2,10.0,1.0,0,1.0,PRICE_BE,RESOLVED,DOUBLE_STOP,BUY,STOP,0,2025-09-14 22:00:00.090704431+00:00,STOP,STOP,0,9,24113.25,24120.0,-99.0,-209.0,-308.0,RESOLVED,SELL,True,1.0,2025-09-14 22:00:00.090809027+00:00,PRICE_BE,24120.0,-209.0,-308.0,0.0,RAW_DOUBLE_STOP_RESCUED
2223,2025-09-14 18:00:00,2025-09-14T22:00:00+00:00,VALIDATED_SOURCE,WEEKLY,SEPTEMBER,NQU5,2,10.0,1.0,0,1.0,COST_COVER_BE,RESOLVED,DOUBLE_STOP,BUY,STOP,0,2025-09-14 22:00:00.090704431+00:00,STOP,STOP,0,9,24113.25,24120.0,-99.0,-209.0,-308.0,RESOLVED,SELL,True,1.0,2025-09-14 22:00:00.090809027+00:00,COST_COVER_BE,24120.0,-209.0,-308.0,0.0,RAW_DOUBLE_STOP_RESCUED
2223,2025-09-14 18:00:00,2025-09-14T22:00:00+00:00,VALIDATED_SOURCE,WEEKLY,SEPTEMBER,NQU5,2,10.0,1.0,0,2.0,PRICE_BE,RESOLVED,DOUBLE_STOP,BUY,STOP,0,2025-09-14 22:00:00.090704431+00:00,STOP,STOP,0,9,24113.25,24120.0,-99.0,-209.0,-308.0,RESOLVED,SELL,False,,,ORIGINAL_STOP_BEFORE_ARM,24120.0,-209.0,-308.0,0.0,RAW_DOUBLE_STOP_NOT_RESCUED
2223,2025-09-14 18:00:00,2025-09-14T22:00:00+00:00,VALIDATED_SOURCE,WEEKLY,SEPTEMBER,NQU5,2,10.0,1.0,0,2.0,COST_COVER_BE,RESOLVED,DOUBLE_STOP,BUY,STOP,0,2025-09-14 22:00:00.090704431+00:00,STOP,STOP,0,9,24113.25,24120.0,-99.0,-209.0,-308.0,RESOLVED,SELL,False,,,ORIGINAL_STOP_BEFORE_ARM,24120.0,-209.0,-308.0,0.0,RAW_DOUBLE_STOP_NOT_RESCUED
2223,2025-09-14 18:00:00,2025-09-14T22:00:00+00:00,VALIDATED_SOURCE,WEEKLY,SEPTEMBER,NQU5,2,10.0,1.0,0,3.0,PRICE_BE,RESOLVED,DOUBLE_STOP,BUY,STOP,0,2025-09-14 22:00:00.090704431+00:00,STOP,STOP,0,9,24113.25,24120.0,-99.0,-209.0,-308.0,RESOLVED,SELL,False,,,ORIGINAL_STOP_BEFORE_ARM,24120.0,-209.0,-308.0,0.0,RAW_DOUBLE_STOP_NOT_RESCUED
2223,2025-09-14 18:00:00,2025-09-14T22:00:00+00:00,VALIDATED_SOURCE,WEEKLY,SEPTEMBER,NQU5,2,10.0,1.0,0,3.0,COST_COVER_BE,RESOLVED,DOUBLE_STOP,BUY,STOP,0,2025-09-14 22:00:00.090704431+00:00,STOP,STOP,0,9,24113.25,24120.0,-99.0,-209.0,-308.0,RESOLVED,SELL,False,,,ORIGINAL_STOP_BEFORE_ARM,24120.0,-209.0,-308.0,0.0,RAW_DOUBLE_STOP_NOT_RESCUED
2223,2025-09-14 18:00:00,2025-09-14T22:00:00+00:00,VALIDATED_SOURCE,WEEKLY,SEPTEMBER,NQU5,2,10.0,1.0,0,4.0,PRICE_BE,RESOLVED,DOUBLE_STOP,BUY,STOP,0,2025-09-14 22:00:00.090704431+00:00,STOP,STOP,0,9,24113.25,24120.0,-99.0,-209.0,-308.0,RESOLVED,SELL,False,,,ORIGINAL_STOP_BEFORE_ARM,24120.0,-209.0,-308.0,0.0,RAW_DOUBLE_STOP_NOT_RESCUED
2223,2025-09-14 18:00:00,2025-09-14T22:00:00+00:00,VALIDATED_SOURCE,WEEKLY,SEPTEMBER,NQU5,2,10.0,1.0,0,4.0,COST_COVER_BE,RESOLVED,DOUBLE_STOP,BUY,STOP,0,2025-09-14 22:00:00.090704431+00:00,STOP,STOP,0,9,24113.25,24120.0,-99.0,-209.0,-308.0,RESOLVED,SELL,False,,,ORIGINAL_STOP_BEFORE_ARM,24120.0,-209.0,-308.0,0.0,RAW_DOUBLE_STOP_NOT_RESCUED
2223,2025-09-14 18:00:00,2025-09-14T22:00:00+00:00,VALIDATED_SOURCE,WEEKLY,SEPTEMBER,NQU5,2,10.0,1.0,0,5.0,PRICE_BE,RESOLVED,DOUBLE_STOP,BUY,STOP,0,2025-09-14 22:00:00.090704431+00:00,STOP,STOP,0,9,24113.25,24120.0,-99.0,-209.0,-308.0,RESOLVED,SELL,False,,,ORIGINAL_STOP_BEFORE_ARM,24120.0,-209.0,-308.0,0.0,RAW_DOUBLE_STOP_NOT_RESCUED
2223,2025-09-14 18:00:00,2025-09-14T22:00:00+00:00,VALIDATED_SOURCE,WEEKLY,SEPTEMBER,NQU5,2,10.0,1.0,0,5.0,COST_COVER_BE,RESOLVED,DOUBLE_STOP,BUY,STOP,0,2025-09-14 22:00:00.090704431+00:00,STOP,STOP,0,9,24113.25,24120.0,-99.0,-209.0,-308.0,RESOLVED,SELL,False,,,ORIGINAL_STOP_BEFORE_ARM,24120.0,-209.0,-308.0,0.0,RAW_DOUBLE_STOP_NOT_RESCUED
2223,2025-09-14 18:00:00,2025-09-14T22:00:00+00:00,VALIDATED_SOURCE,WEEKLY,SEPTEMBER,NQU5,2,10.0,1.0,0,8.0,PRICE_BE,RESOLVED,DOUBLE_STOP,BUY,STOP,0,2025-09-14 22:00:00.090704431+00:00,STOP,STOP,0,9,24113.25,24120.0,-99.0,-209.0,-308.0,RESOLVED,SELL,False,,,ORIGINAL_STOP_BEFORE_ARM,24120.0,-209.0,-308.0,0.0,RAW_DOUBLE_STOP_NOT_RESCUED
2223,2025-09-14 18:00:00,2025-09-14T22:00:00+00:00,VALIDATED_SOURCE,WEEKLY,SEPTEMBER,NQU5,2,10.0,1.0,0,8.0,COST_COVER_BE,RESOLVED,DOUBLE_STOP,BUY,STOP,0,2025-09-14 22:00:00.090704431+00:00,STOP,STOP,0,9,24113.25,24120.0,-99.0,-209.0,-308.0,RESOLVED,SELL,False,,,ORIGINAL_STOP_BEFORE_ARM,24120.0,-209.0,-308.0,0.0,RAW_DOUBLE_STOP_NOT_RESCUED
2223,2025-09-14 18:00:00,2025-09-14T22:00:00+00:00,VALIDATED_SOURCE,WEEKLY,SEPTEMBER,NQU5,2,10.0,1.0,1,0.5,PRICE_BE,RESOLVED,DOUBLE_STOP,BUY,STOP,0,2025-09-14 22:00:00.090704431+00:00,STOP,STOP,0,9,24113.0,24120.25,-109.0,-219.0,-328.0,RESOLVED,SELL,True,1.0,2025-09-14 22:00:00.090809027+00:00,PRICE_BE,24120.25,-219.0,-328.0,0.0,RAW_DOUBLE_STOP_RESCUED
2223,2025-09-14 18:00:00,2025-09-14T22:00:00+00:00,VALIDATED_SOURCE,WEEKLY,SEPTEMBER,NQU5,2,10.0,1.0,1,0.5,COST_COVER_BE,RESOLVED,DOUBLE_STOP,BUY,STOP,0,2025-09-14 22:00:00.090704431+00:00,STOP,STOP,0,9,24113.0,24120.25,-109.0,-219.0,-328.0,RESOLVED,SELL,True,1.0,2025-09-14 22:00:00.090809027+00:00,COST_COVER_BE,24120.25,-219.0,-328.0,0.0,RAW_DOUBLE_STOP_RESCUED
2223,2025-09-14 18:00:00,2025-09-14T22:00:00+00:00,VALIDATED_SOURCE,WEEKLY,SEPTEMBER,NQU5,2,10.0,1.0,1,1.0,PRICE_BE,RESOLVED,DOUBLE_STOP,BUY,STOP,0,2025-09-14 22:00:00.090704431+00:00,STOP,STOP,0,9,24113.0,24120.25,-109.0,-219.0,-328.0,RESOLVED,SELL,True,1.0,2025-09-14 22:00:00.090809027+00:00,PRICE_BE,24120.25,-219.0,-328.0,0.0,RAW_DOUBLE_STOP_RESCUED
2223,2025-09-14 18:00:00,2025-09-14T22:00:00+00:00,VALIDATED_SOURCE,WEEKLY,SEPTEMBER,NQU5,2,10.0,1.0,1,1.0,COST_COVER_BE,RESOLVED,DOUBLE_STOP,BUY,STOP,0,2025-09-14 22:00:00.090704431+00:00,STOP,STOP,0,9,24113.0,24120.25,-109.0,-219.0,-328.0,RESOLVED,SELL,True,1.0,2025-09-14 22:00:00.090809027+00:00,COST_COVER_BE,24120.25,-219.0,-328.0,0.0,RAW_DOUBLE_STOP_RESCUED
2223,2025-09-14 18:00:00,2025-09-14T22:00:00+00:00,VALIDATED_SOURCE,WEEKLY,SEPTEMBER,NQU5,2,10.0,1.0,1,2.0,PRICE_BE,RESOLVED,DOUBLE_STOP,BUY,STOP,0,2025-09-14 22:00:00.090704431+00:00,STOP,STOP,0,9,24113.0,24120.25,-109.0,-219.0,-328.0,RESOLVED,SELL,False,,,ORIGINAL_STOP_BEFORE_ARM,24120.25,-219.0,-328.0,0.0,RAW_DOUBLE_STOP_NOT_RESCUED
2223,2025-09-14 18:00:00,2025-09-14T22:00:00+00:00,VALIDATED_SOURCE,WEEKLY,SEPTEMBER,NQU5,2,10.0,1.0,1,2.0,COST_COVER_BE,RESOLVED,DOUBLE_STOP,BUY,STOP,0,2025-09-14 22:00:00.090704431+00:00,STOP,STOP,0,9,24113.0,24120.25,-109.0,-219.0,-328.0,RESOLVED,SELL,False,,,ORIGINAL_STOP_BEFORE_ARM,24120.25,-219.0,-328.0,0.0,RAW_DOUBLE_STOP_NOT_RESCUED
2223,2025-09-14 18:00:00,2025-09-14T22:00:00+00:00,VALIDATED_SOURCE,WEEKLY,SEPTEMBER,NQU5,2,10.0,1.0,1,3.0,PRICE_BE,RESOLVED,DOUBLE_STOP,BUY,STOP,0,2025-09-14 22:00:00.090704431+00:00,STOP,STOP,0,9,24113.0,24120.25,-109.0,-219.0,-328.0,RESOLVED,SELL,False,,,ORIGINAL_STOP_BEFORE_ARM,24120.25,-219.0,-328.0,0.0,RAW_DOUBLE_STOP_NOT_RESCUED
2223,2025-09-14 18:00:00,2025-09-14T22:00:00+00:00,VALIDATED_SOURCE,WEEKLY,SEPTEMBER,NQU5,2,10.0,1.0,1,3.0,COST_COVER_BE,RESOLVED,DOUBLE_STOP,BUY,STOP,0,2025-09-14 22:00:00.090704431+00:00,STOP,STOP,0,9,24113.0,24120.25,-109.0,-219.0,-328.0,RESOLVED,SELL,False,,,ORIGINAL_STOP_BEFORE_ARM,24120.25,-219.0,-328.0,0.0,RAW_DOUBLE_STOP_NOT_RESCUED
2223,2025-09-14 18:00:00,2025-09-14T22:00:00+00:00,VALIDATED_SOURCE,WEEKLY,SEPTEMBER,NQU5,2,10.0,1.0,1,4.0,PRICE_BE,RESOLVED,DOUBLE_STOP,BUY,STOP,0,2025-09-14 22:00:00.090704431+00:00,STOP,STOP,0,9,24113.0,24120.25,-109.0,-219.0,-328.0,RESOLVED,SELL,False,,,ORIGINAL_STOP_BEFORE_ARM,24120.25,-219.0,-328.0,0.0,RAW_DOUBLE_STOP_NOT_RESCUED
2223,2025-09-14 18:00:00,2025-09-14T22:00:00+00:00,VALIDATED_SOURCE,WEEKLY,SEPTEMBER,NQU5,2,10.0,1.0,1,4.0,COST_COVER_BE,RESOLVED,DOUBLE_STOP,BUY,STOP,0,2025-09-14 22:00:00.090704431+00:00,STOP,STOP,0,9,24113.0,24120.25,-109.0,-219.0,-328.0,RESOLVED,SELL,False,,,ORIGINAL_STOP_BEFORE_ARM,24120.25,-219.0,-328.0,0.0,RAW_DOUBLE_STOP_NOT_RESCUED
2223,2025-09-14 18:00:00,2025-09-14T22:00:00+00:00,VALIDATED_SOURCE,WEEKLY,SEPTEMBER,NQU5,2,10.0,1.0,1,5.0,PRICE_BE,RESOLVED,DOUBLE_STOP,BUY,STOP,0,2025-09-14 22:00:00.090704431+00:00,STOP,STOP,0,9,24113.0,24120.25,-109.0,-219.0,-328.0,RESOLVED,SELL,False,,,ORIGINAL_STOP_BEFORE_ARM,24120.25,-219.0,-328.0,0.0,RAW_DOUBLE_STOP_NOT_RESCUED
2223,2025-09-14 18:00:00,2025-09-14T22:00:00+00:00,VALIDATED_SOURCE,WEEKLY,SEPTEMBER,NQU5,2,10.0,1.0,1,5.0,COST_COVER_BE,RESOLVED,DOUBLE_STOP,BUY,STOP,0,2025-09-14 22:00:00.090704431+00:00,STOP,STOP,0,9,24113.0,24120.25,-109.0,-219.0,-328.0,RESOLVED,SELL,False,,,ORIGINAL_STOP_BEFORE_ARM,24120.25,-219.0,-328.0,0.0,RAW_DOUBLE_STOP_NOT_RESCUED
2223,2025-09-14 18:00:00,2025-09-14T22:00:00+00:00,VALIDATED_SOURCE,WEEKLY,SEPTEMBER,NQU5,2,10.0,1.0,1,8.0,PRICE_BE,RESOLVED,DOUBLE_STOP,BUY,STOP,0,2025-09-14 22:00:00.090704431+00:00,STOP,STOP,0,9,24113.0,24120.25,-109.0,-219.0,-328.0,RESOLVED,SELL,False,,,ORIGINAL_STOP_BEFORE_ARM,24120.25,-219.0,-328.0,0.0,RAW_DOUBLE_STOP_NOT_RESCUED
2223,2025-09-14 18:00:00,2025-09-14T22:00:00+00:00,VALIDATED_SOURCE,WEEKLY,SEPTEMBER,NQU5,2,10.0,1.0,1,8.0,COST_COVER_BE,RESOLVED,DOUBLE_STOP,BUY,STOP,0,2025-09-14 22:00:00.090704431+00:00,STOP,STOP,0,9,24113.0,24120.25,-109.0,-219.0,-328.0,RESOLVED,SELL,False,,,ORIGINAL_STOP_BEFORE_ARM,24120.25,-219.0,-328.0,0.0,RAW_DOUBLE_STOP_NOT_RESCUED
2223,2025-09-14 18:00:00,2025-09-14T22:00:00+00:00,VALIDATED_SOURCE,WEEKLY,SEPTEMBER,NQU5,2,10.0,1.0,2,0.5,PRICE_BE,RESOLVED,DOUBLE_STOP,BUY,STOP,0,2025-09-14 22:00:00.090704431+00:00,STOP,STOP,0,9,24112.75,24120.5,-119.0,-229.0,-348.0,RESOLVED,SELL,True,1.0,2025-09-14 22:00:00.090809027+00:00,PRICE_BE,24120.5,-229.0,-348.0,0.0,RAW_DOUBLE_STOP_RESCUED
2223,2025-09-14 18:00:00,2025-09-14T22:00:00+00:00,VALIDATED_SOURCE,WEEKLY,SEPTEMBER,NQU5,2,10.0,1.0,2,0.5,COST_COVER_BE,RESOLVED,DOUBLE_STOP,BUY,STOP,0,2025-09-14 22:00:00.090704431+00:00,STOP,STOP,0,9,24112.75,24120.5,-119.0,-229.0,-348.0,RESOLVED,SELL,True,1.0,2025-09-14 22:00:00.090809027+00:00,COST_COVER_BE,24120.5,-229.0,-348.0,0.0,RAW_DOUBLE_STOP_RESCUED
2223,2025-09-14 18:00:00,2025-09-14T22:00:00+00:00,VALIDATED_SOURCE,WEEKLY,SEPTEMBER,NQU5,2,10.0,1.0,2,1.0,PRICE_BE,RESOLVED,DOUBLE_STOP,BUY,STOP,0,2025-09-14 22:00:00.090704431+00:00,STOP,STOP,0,9,24112.75,24120.5,-119.0,-229.0,-348.0,RESOLVED,SELL,True,1.0,2025-09-14 22:00:00.090809027+00:00,PRICE_BE,24120.5,-229.0,-348.0,0.0,RAW_DOUBLE_STOP_RESCUED
2223,2025-09-14 18:00:00,2025-09-14T22:00:00+00:00,VALIDATED_SOURCE,WEEKLY,SEPTEMBER,NQU5,2,10.0,1.0,2,1.0,COST_COVER_BE,RESOLVED,DOUBLE_STOP,BUY,STOP,0,2025-09-14 22:00:00.090704431+00:00,STOP,STOP,0,9,24112.75,24120.5,-119.0,-229.0,-348.0,RESOLVED,SELL,True,1.0,2025-09-14 22:00:00.090809027+00:00,COST_COVER_BE,24120.5,-229.0,-348.0,0.0,RAW_DOUBLE_STOP_RESCUED
2223,2025-09-14 18:00:00,2025-09-14T22:00:00+00:00,VALIDATED_SOURCE,WEEKLY,SEPTEMBER,NQU5,2,10.0,1.0,2,2.0,PRICE_BE,RESOLVED,DOUBLE_STOP,BUY,STOP,0,2025-09-14 22:00:00.090704431+00:00,STOP,STOP,0,9,24112.75,24120.5,-119.0,-229.0,-348.0,RESOLVED,SELL,False,,,ORIGINAL_STOP_BEFORE_ARM,24120.5,-229.0,-348.0,0.0,RAW_DOUBLE_STOP_NOT_RESCUED
2223,2025-09-14 18:00:00,2025-09-14T22:00:00+00:00,VALIDATED_SOURCE,WEEKLY,SEPTEMBER,NQU5,2,10.0,1.0,2,2.0,COST_COVER_BE,RESOLVED,DOUBLE_STOP,BUY,STOP,0,2025-09-14 22:00:00.090704431+00:00,STOP,STOP,0,9,24112.75,24120.5,-119.0,-229.0,-348.0,RESOLVED,SELL,False,,,ORIGINAL_STOP_BEFORE_ARM,24120.5,-229.0,-348.0,0.0,RAW_DOUBLE_STOP_NOT_RESCUED
2223,2025-09-14 18:00:00,2025-09-14T22:00:00+00:00,VALIDATED_SOURCE,WEEKLY,SEPTEMBER,NQU5,2,10.0,1.0,2,3.0,PRICE_BE,RESOLVED,DOUBLE_STOP,BUY,STOP,0,2025-09-14 22:00:00.090704431+00:00,STOP,STOP,0,9,24112.75,24120.5,-119.0,-229.0,-348.0,RESOLVED,SELL,False,,,ORIGINAL_STOP_BEFORE_ARM,24120.5,-229.0,-348.0,0.0,RAW_DOUBLE_STOP_NOT_RESCUED
2223,2025-09-14 18:00:00,2025-09-14T22:00:00+00:00,VALIDATED_SOURCE,WEEKLY,SEPTEMBER,NQU5,2,10.0,1.0,2,3.0,COST_COVER_BE,RESOLVED,DOUBLE_STOP,BUY,STOP,0,2025-09-14 22:00:00.090704431+00:00,STOP,STOP,0,9,24112.75,24120.5,-119.0,-229.0,-348.0,RESOLVED,SELL,False,,,ORIGINAL_STOP_BEFORE_ARM,24120.5,-229.0,-348.0,0.0,RAW_DOUBLE_STOP_NOT_RESCUED
2223,2025-09-14 18:00:00,2025-09-14T22:00:00+00:00,VALIDATED_SOURCE,WEEKLY,SEPTEMBER,NQU5,2,10.0,1.0,2,4.0,PRICE_BE,RESOLVED,DOUBLE_STOP,BUY,STOP,0,2025-09-14 22:00:00.090704431+00:00,STOP,STOP,0,9,24112.75,24120.5,-119.0,-229.0,-348.0,RESOLVED,SELL,False,,,ORIGINAL_STOP_BEFORE_ARM,24120.5,-229.0,-348.0,0.0,RAW_DOUBLE_STOP_NOT_RESCUED
2223,2025-09-14 18:00:00,2025-09-14T22:00:00+00:00,VALIDATED_SOURCE,WEEKLY,SEPTEMBER,NQU5,2,10.0,1.0,2,4.0,COST_COVER_BE,RESOLVED,DOUBLE_STOP,BUY,STOP,0,2025-09-14 22:00:00.090704431+00:00,STOP,STOP,0,9,24112.75,24120.5,-119.0,-229.0,-348.0,RESOLVED,SELL,False,,,ORIGINAL_STOP_BEFORE_ARM,24120.5,-229.0,-348.0,0.0,RAW_DOUBLE_STOP_NOT_RESCUED
2223,2025-09-14 18:00:00,2025-09-14T22:00:00+00:00,VALIDATED_SOURCE,WEEKLY,SEPTEMBER,NQU5,2,10.0,1.0,2,5.0,PRICE_BE,RESOLVED,DOUBLE_STOP,BUY,STOP,0,2025-09-14 22:00:00.090704431+00:00,STOP,STOP,0,9,24112.75,24120.5,-119.0,-229.0,-348.0,RESOLVED,SELL,False,,,ORIGINAL_STOP_BEFORE_ARM,24120.5,-229.0,-348.0,0.0,RAW_DOUBLE_STOP_NOT_RESCUED
2223,2025-09-14 18:00:00,2025-09-14T22:00:00+00:00,VALIDATED_SOURCE,WEEKLY,SEPTEMBER,NQU5,2,10.0,1.0,2,5.0,COST_COVER_BE,RESOLVED,DOUBLE_STOP,BUY,STOP,0,2025-09-14 22:00:00.090704431+00:00,STOP,STOP,0,9,24112.75,24120.5,-119.0,-229.0,-348.0,RESOLVED,SELL,False,,,ORIGINAL_STOP_BEFORE_ARM,24120.5,-229.0,-348.0,0.0,RAW_DOUBLE_STOP_NOT_RESCUED
2223,2025-09-14 18:00:00,2025-09-14T22:00:00+00:00,VALIDATED_SOURCE,WEEKLY,SEPTEMBER,NQU5,2,10.0,1.0,2,8.0,PRICE_BE,RESOLVED,DOUBLE_STOP,BUY,STOP,0,2025-09-14 22:00:00.090704431+00:00,STOP,STOP,0,9,24112.75,24120.5,-119.0,-229.0,-348.0,RESOLVED,SELL,False,,,ORIGINAL_STOP_BEFORE_ARM,24120.5,-229.0,-348.0,0.0,RAW_DOUBLE_STOP_NOT_RESCUED
2223,2025-09-14 18:00:00,2025-09-14T22:00:00+00:00,VALIDATED_SOURCE,WEEKLY,SEPTEMBER,NQU5,2,10.0,1.0,2,8.0,COST_COVER_BE,RESOLVED,DOUBLE_STOP,BUY,STOP,0,2025-09-14 22:00:00.090704431+00:00,STOP,STOP,0,9,24112.75,24120.5,-119.0,-229.0,-348.0,RESOLVED,SELL,False,,,ORIGINAL_STOP_BEFORE_ARM,24120.5,-229.0,-348.0,0.0,RAW_DOUBLE_STOP_NOT_RESCUED
2223,2025-09-14 18:00:00,2025-09-14T22:00:00+00:00,VALIDATED_SOURCE,WEEKLY,SEPTEMBER,NQU5,2,10.0,1.0,4,0.5,PRICE_BE,RESOLVED,DOUBLE_STOP,BUY,STOP,0,2025-09-14 22:00:00.090704431+00:00,STOP,STOP,0,9,24112.25,24121.0,-139.0,-249.0,-388.0,RESOLVED,SELL,True,1.0,2025-09-14 22:00:00.090809027+00:00,PRICE_BE,24121.0,-249.0,-388.0,0.0,RAW_DOUBLE_STOP_RESCUED
2223,2025-09-14 18:00:00,2025-09-14T22:00:00+00:00,VALIDATED_SOURCE,WEEKLY,SEPTEMBER,NQU5,2,10.0,1.0,4,0.5,COST_COVER_BE,RESOLVED,DOUBLE_STOP,BUY,STOP,0,2025-09-14 22:00:00.090704431+00:00,STOP,STOP,0,9,24112.25,24121.0,-139.0,-249.0,-388.0,RESOLVED,SELL,True,1.0,2025-09-14 22:00:00.090809027+00:00,COST_COVER_BE,24121.0,-249.0,-388.0,0.0,RAW_DOUBLE_STOP_RESCUED
2223,2025-09-14 18:00:00,2025-09-14T22:00:00+00:00,VALIDATED_SOURCE,WEEKLY,SEPTEMBER,NQU5,2,10.0,1.0,4,1.0,PRICE_BE,RESOLVED,DOUBLE_STOP,BUY,STOP,0,2025-09-14 22:00:00.090704431+00:00,STOP,STOP,0,9,24112.25,24121.0,-139.0,-249.0,-388.0,RESOLVED,SELL,True,1.0,2025-09-14 22:00:00.090809027+00:00,PRICE_BE,24121.0,-249.0,-388.0,0.0,RAW_DOUBLE_STOP_RESCUED
2223,2025-09-14 18:00:00,2025-09-14T22:00:00+00:00,VALIDATED_SOURCE,WEEKLY,SEPTEMBER,NQU5,2,10.0,1.0,4,1.0,COST_COVER_BE,RESOLVED,DOUBLE_STOP,BUY,STOP,0,2025-09-14 22:00:00.090704431+00:00,STOP,STOP,0,9,24112.25,24121.0,-139.0,-249.0,-388.0,RESOLVED,SELL,True,1.0,2025-09-14 22:00:00.090809027+00:00,COST_COVER_BE,24121.0,-249.0,-388.0,0.0,RAW_DOUBLE_STOP_RESCUED
2223,2025-09-14 18:00:00,2025-09-14T22:00:00+00:00,VALIDATED_SOURCE,WEEKLY,SEPTEMBER,NQU5,2,10.0,1.0,4,2.0,PRICE_BE,RESOLVED,DOUBLE_STOP,BUY,STOP,0,2025-09-14 22:00:00.090704431+00:00,STOP,STOP,0,9,24112.25,24121.0,-139.0,-249.0,-388.0,RESOLVED,SELL,False,,,ORIGINAL_STOP_BEFORE_ARM,24121.0,-249.0,-388.0,0.0,RAW_DOUBLE_STOP_NOT_RESCUED
2223,2025-09-14 18:00:00,2025-09-14T22:00:00+00:00,VALIDATED_SOURCE,WEEKLY,SEPTEMBER,NQU5,2,10.0,1.0,4,2.0,COST_COVER_BE,RESOLVED,DOUBLE_STOP,BUY,STOP,0,2025-09-14 22:00:00.090704431+00:00,STOP,STOP,0,9,24112.25,24121.0,-139.0,-249.0,-388.0,RESOLVED,SELL,False,,,ORIGINAL_STOP_BEFORE_ARM,24121.0,-249.0,-388.0,0.0,RAW_DOUBLE_STOP_NOT_RESCUED
2223,2025-09-14 18:00:00,2025-09-14T22:00:00+00:00,VALIDATED_SOURCE,WEEKLY,SEPTEMBER,NQU5,2,10.0,1.0,4,3.0,PRICE_BE,RESOLVED,DOUBLE_STOP,BUY,STOP,0,2025-09-14 22:00:00.090704431+00:00,STOP,STOP,0,9,24112.25,24121.0,-139.0,-249.0,-388.0,RESOLVED,SELL,False,,,ORIGINAL_STOP_BEFORE_ARM,24121.0,-249.0,-388.0,0.0,RAW_DOUBLE_STOP_NOT_RESCUED
2223,2025-09-14 18:00:00,2025-09-14T22:00:00+00:00,VALIDATED_SOURCE,WEEKLY,SEPTEMBER,NQU5,2,10.0,1.0,4,3.0,COST_COVER_BE,RESOLVED,DOUBLE_STOP,BUY,STOP,0,2025-09-14 22:00:00.090704431+00:00,STOP,STOP,0,9,24112.25,24121.0,-139.0,-249.0,-388.0,RESOLVED,SELL,False,,,ORIGINAL_STOP_BEFORE_ARM,24121.0,-249.0,-388.0,0.0,RAW_DOUBLE_STOP_NOT_RESCUED
2223,2025-09-14 18:00:00,2025-09-14T22:00:00+00:00,VALIDATED_SOURCE,WEEKLY,SEPTEMBER,NQU5,2,10.0,1.0,4,4.0,PRICE_BE,RESOLVED,DOUBLE_STOP,BUY,STOP,0,2025-09-14 22:00:00.090704431+00:00,STOP,STOP,0,9,24112.25,24121.0,-139.0,-249.0,-388.0,RESOLVED,SELL,False,,,ORIGINAL_STOP_BEFORE_ARM,24121.0,-249.0,-388.0,0.0,RAW_DOUBLE_STOP_NOT_RESCUED
2223,2025-09-14 18:00:00,2025-09-14T22:00:00+00:00,VALIDATED_SOURCE,WEEKLY,SEPTEMBER,NQU5,2,10.0,1.0,4,4.0,COST_COVER_BE,RESOLVED,DOUBLE_STOP,BUY,STOP,0,2025-09-14 22:00:00.090704431+00:00,STOP,STOP,0,9,24112.25,24121.0,-139.0,-249.0,-388.0,RESOLVED,SELL,False,,,ORIGINAL_STOP_BEFORE_ARM,24121.0,-249.0,-388.0,0.0,RAW_DOUBLE_STOP_NOT_RESCUED
2223,2025-09-14 18:00:00,2025-09-14T22:00:00+00:00,VALIDATED_SOURCE,WEEKLY,SEPTEMBER,NQU5,2,10.0,1.0,4,5.0,PRICE_BE,RESOLVED,DOUBLE_STOP,BUY,STOP,0,2025-09-14 22:00:00.090704431+00:00,STOP,STOP,0,9,24112.25,24121.0,-139.0,-249.0,-388.0,RESOLVED,SELL,False,,,ORIGINAL_STOP_BEFORE_ARM,24121.0,-249.0,-388.0,0.0,RAW_DOUBLE_STOP_NOT_RESCUED
2223,2025-09-14 18:00:00,2025-09-14T22:00:00+00:00,VALIDATED_SOURCE,WEEKLY,SEPTEMBER,NQU5,2,10.0,1.0,4,5.0,COST_COVER_BE,RESOLVED,DOUBLE_STOP,BUY,STOP,0,2025-09-14 22:00:00.090704431+00:00,STOP,STOP,0,9,24112.25,24121.0,-139.0,-249.0,-388.0,RESOLVED,SELL,False,,,ORIGINAL_STOP_BEFORE_ARM,24121.0,-249.0,-388.0,0.0,RAW_DOUBLE_STOP_NOT_RESCUED
2223,2025-09-14 18:00:00,2025-09-14T22:00:00+00:00,VALIDATED_SOURCE,WEEKLY,SEPTEMBER,NQU5,2,10.0,1.0,4,8.0,PRICE_BE,RESOLVED,DOUBLE_STOP,BUY,STOP,0,2025-09-14 22:00:00.090704431+00:00,STOP,STOP,0,9,24112.25,24121.0,-139.0,-249.0,-388.0,RESOLVED,SELL,False,,,ORIGINAL_STOP_BEFORE_ARM,24121.0,-249.0,-388.0,0.0,RAW_DOUBLE_STOP_NOT_RESCUED
2223,2025-09-14 18:00:00,2025-09-14T22:00:00+00:00,VALIDATED_SOURCE,WEEKLY,SEPTEMBER,NQU5,2,10.0,1.0,4,8.0,COST_COVER_BE,RESOLVED,DOUBLE_STOP,BUY,STOP,0,2025-09-14 22:00:00.090704431+00:00,STOP,STOP,0,9,24112.25,24121.0,-139.0,-249.0,-388.0,RESOLVED,SELL,False,,,ORIGINAL_STOP_BEFORE_ARM,24121.0,-249.0,-388.0,0.0,RAW_DOUBLE_STOP_NOT_RESCUED
2224,2025-09-15 09:30:00,2025-09-15T13:30:00+00:00,VALIDATED_SOURCE,NY,SEPTEMBER,NQZ5,2,16.0,1.0,0,0.5,PRICE_BE,RESOLVED,DOUBLE_STOP,SELL,STOP,14,2025-09-15 13:30:00.029880037+00:00,STOP,STOP,112,14,24417.75,24419.25,-49.0,-49.0,-98.0,RESOLVED,BUY,True,15.0,2025-09-15 13:30:00.030392481+00:00,PRICE_BE,24418.75,-9.0,-58.0,40.0,RAW_DOUBLE_STOP_RESCUED
2224,2025-09-15 09:30:00,2025-09-15T13:30:00+00:00,VALIDATED_SOURCE,NY,SEPTEMBER,NQZ5,2,16.0,1.0,0,0.5,COST_COVER_BE,RESOLVED,DOUBLE_STOP,SELL,STOP,14,2025-09-15 13:30:00.029880037+00:00,STOP,STOP,112,14,24417.75,24419.25,-49.0,-49.0,-98.0,RESOLVED,BUY,True,15.0,2025-09-15 13:30:00.030392481+00:00,COST_COVER_BE,24418.75,-9.0,-58.0,40.0,RAW_DOUBLE_STOP_RESCUED
2224,2025-09-15 09:30:00,2025-09-15T13:30:00+00:00,VALIDATED_SOURCE,NY,SEPTEMBER,NQZ5,2,16.0,1.0,0,1.0,PRICE_BE,RESOLVED,DOUBLE_STOP,SELL,STOP,14,2025-09-15 13:30:00.029880037+00:00,STOP,STOP,112,14,24417.75,24419.25,-49.0,-49.0,-98.0,RESOLVED,BUY,True,17.0,2025-09-15 13:30:00.030823253+00:00,PRICE_BE,24418.75,-9.0,-58.0,40.0,RAW_DOUBLE_STOP_RESCUED
2224,2025-09-15 09:30:00,2025-09-15T13:30:00+00:00,VALIDATED_SOURCE,NY,SEPTEMBER,NQZ5,2,16.0,1.0,0,1.0,COST_COVER_BE,RESOLVED,DOUBLE_STOP,SELL,STOP,14,2025-09-15 13:30:00.029880037+00:00,STOP,STOP,112,14,24417.75,24419.25,-49.0,-49.0,-98.0,RESOLVED,BUY,True,17.0,2025-09-15 13:30:00.030823253+00:00,COST_COVER_BE,24418.75,-9.0,-58.0,40.0,RAW_DOUBLE_STOP_RESCUED
2224,2025-09-15 09:30:00,2025-09-15T13:30:00+00:00,VALIDATED_SOURCE,NY,SEPTEMBER,NQZ5,2,16.0,1.0,0,2.0,PRICE_BE,RESOLVED,DOUBLE_STOP,SELL,STOP,14,2025-09-15 13:30:00.029880037+00:00,STOP,STOP,112,14,24417.75,24419.25,-49.0,-49.0,-98.0,RESOLVED,BUY,False,,,ORIGINAL_STOP_BEFORE_ARM,24417.75,-49.0,-98.0,0.0,RAW_DOUBLE_STOP_NOT_RESCUED
2224,2025-09-15 09:30:00,2025-09-15T13:30:00+00:00,VALIDATED_SOURCE,NY,SEPTEMBER,NQZ5,2,16.0,1.0,0,2.0,COST_COVER_BE,RESOLVED,DOUBLE_STOP,SELL,STOP,14,2025-09-15 13:30:00.029880037+00:00,STOP,STOP,112,14,24417.75,24419.25,-49.0,-49.0,-98.0,RESOLVED,BUY,False,,,ORIGINAL_STOP_BEFORE_ARM,24417.75,-49.0,-98.0,0.0,RAW_DOUBLE_STOP_NOT_RESCUED
2224,2025-09-15 09:30:00,2025-09-15T13:30:00+00:00,VALIDATED_SOURCE,NY,SEPTEMBER,NQZ5,2,16.0,1.0,0,3.0,PRICE_BE,RESOLVED,DOUBLE_STOP,SELL,STOP,14,2025-09-15 13:30:00.029880037+00:00,STOP,STOP,112,14,24417.75,24419.25,-49.0,-49.0,-98.0,RESOLVED,BUY,False,,,ORIGINAL_STOP_BEFORE_ARM,24417.75,-49.0,-98.0,0.0,RAW_DOUBLE_STOP_NOT_RESCUED
2224,2025-09-15 09:30:00,2025-09-15T13:30:00+00:00,VALIDATED_SOURCE,NY,SEPTEMBER,NQZ5,2,16.0,1.0,0,3.0,COST_COVER_BE,RESOLVED,DOUBLE_STOP,SELL,STOP,14,2025-09-15 13:30:00.029880037+00:00,STOP,STOP,112,14,24417.75,24419.25,-49.0,-49.0,-98.0,RESOLVED,BUY,False,,,ORIGINAL_STOP_BEFORE_ARM,24417.75,-49.0,-98.0,0.0,RAW_DOUBLE_STOP_NOT_RESCUED
2224,2025-09-15 09:30:00,2025-09-15T13:30:00+00:00,VALIDATED_SOURCE,NY,SEPTEMBER,NQZ5,2,16.0,1.0,0,4.0,PRICE_BE,RESOLVED,DOUBLE_STOP,SELL,STOP,14,2025-09-15 13:30:00.029880037+00:00,STOP,STOP,112,14,24417.75,24419.25,-49.0,-49.0,-98.0,RESOLVED,BUY,False,,,ORIGINAL_STOP_BEFORE_ARM,24417.75,-49.0,-98.0,0.0,RAW_DOUBLE_STOP_NOT_RESCUED
2224,2025-09-15 09:30:00,2025-09-15T13:30:00+00:00,VALIDATED_SOURCE,NY,SEPTEMBER,NQZ5,2,16.0,1.0,0,4.0,COST_COVER_BE,RESOLVED,DOUBLE_STOP,SELL,STOP,14,2025-09-15 13:30:00.029880037+00:00,STOP,STOP,112,14,24417.75,24419.25,-49.0,-49.0,-98.0,RESOLVED,BUY,False,,,ORIGINAL_STOP_BEFORE_ARM,24417.75,-49.0,-98.0,0.0,RAW_DOUBLE_STOP_NOT_RESCUED
2224,2025-09-15 09:30:00,2025-09-15T13:30:00+00:00,VALIDATED_SOURCE,NY,SEPTEMBER,NQZ5,2,16.0,1.0,0,5.0,PRICE_BE,RESOLVED,DOUBLE_STOP,SELL,STOP,14,2025-09-15 13:30:00.029880037+00:00,STOP,STOP,112,14,24417.75,24419.25,-49.0,-49.0,-98.0,RESOLVED,BUY,False,,,ORIGINAL_STOP_BEFORE_ARM,24417.75,-49.0,-98.0,0.0,RAW_DOUBLE_STOP_NOT_RESCUED
2224,2025-09-15 09:30:00,2025-09-15T13:30:00+00:00,VALIDATED_SOURCE,NY,SEPTEMBER,NQZ5,2,16.0,1.0,0,5.0,COST_COVER_BE,RESOLVED,DOUBLE_STOP,SELL,STOP,14,2025-09-15 13:30:00.029880037+00:00,STOP,STOP,112,14,24417.75,24419.25,-49.0,-49.0,-98.0,RESOLVED,BUY,False,,,ORIGINAL_STOP_BEFORE_ARM,24417.75,-49.0,-98.0,0.0,RAW_DOUBLE_STOP_NOT_RESCUED
2224,2025-09-15 09:30:00,2025-09-15T13:30:00+00:00,VALIDATED_SOURCE,NY,SEPTEMBER,NQZ5,2,16.0,1.0,0,8.0,PRICE_BE,RESOLVED,DOUBLE_STOP,SELL,STOP,14,2025-09-15 13:30:00.029880037+00:00,STOP,STOP,112,14,24417.75,24419.25,-49.0,-49.0,-98.0,RESOLVED,BUY,False,,,ORIGINAL_STOP_BEFORE_ARM,24417.75,-49.0,-98.0,0.0,RAW_DOUBLE_STOP_NOT_RESCUED
2224,2025-09-15 09:30:00,2025-09-15T13:30:00+00:00,VALIDATED_SOURCE,NY,SEPTEMBER,NQZ5,2,16.0,1.0,0,8.0,COST_COVER_BE,RESOLVED,DOUBLE_STOP,SELL,STOP,14,2025-09-15 13:30:00.029880037+00:00,STOP,STOP,112,14,24417.75,24419.25,-49.0,-49.0,-98.0,RESOLVED,BUY,False,,,ORIGINAL_STOP_BEFORE_ARM,24417.75,-49.0,-98.0,0.0,RAW_DOUBLE_STOP_NOT_RESCUED
2224,2025-09-15 09:30:00,2025-09-15T13:30:00+00:00,VALIDATED_SOURCE,NY,SEPTEMBER,NQZ5,2,16.0,1.0,1,0.5,PRICE_BE,RESOLVED,DOUBLE_STOP,SELL,STOP,14,2025-09-15 13:30:00.029880037+00:00,STOP,STOP,112,14,24417.5,24419.5,-59.0,-59.0,-118.0,RESOLVED,BUY,True,15.0,2025-09-15 13:30:00.030392481+00:00,PRICE_BE,24418.5,-19.0,-78.0,40.0,RAW_DOUBLE_STOP_RESCUED
2224,2025-09-15 09:30:00,2025-09-15T13:30:00+00:00,VALIDATED_SOURCE,NY,SEPTEMBER,NQZ5,2,16.0,1.0,1,0.5,COST_COVER_BE,RESOLVED,DOUBLE_STOP,SELL,STOP,14,2025-09-15 13:30:00.029880037+00:00,STOP,STOP,112,14,24417.5,24419.5,-59.0,-59.0,-118.0,RESOLVED,BUY,True,15.0,2025-09-15 13:30:00.030392481+00:00,COST_COVER_BE,24418.5,-19.0,-78.0,40.0,RAW_DOUBLE_STOP_RESCUED
2224,2025-09-15 09:30:00,2025-09-15T13:30:00+00:00,VALIDATED_SOURCE,NY,SEPTEMBER,NQZ5,2,16.0,1.0,1,1.0,PRICE_BE,RESOLVED,DOUBLE_STOP,SELL,STOP,14,2025-09-15 13:30:00.029880037+00:00,STOP,STOP,112,14,24417.5,24419.5,-59.0,-59.0,-118.0,RESOLVED,BUY,True,17.0,2025-09-15 13:30:00.030823253+00:00,PRICE_BE,24418.5,-19.0,-78.0,40.0,RAW_DOUBLE_STOP_RESCUED
2224,2025-09-15 09:30:00,2025-09-15T13:30:00+00:00,VALIDATED_SOURCE,NY,SEPTEMBER,NQZ5,2,16.0,1.0,1,1.0,COST_COVER_BE,RESOLVED,DOUBLE_STOP,SELL,STOP,14,2025-09-15 13:30:00.029880037+00:00,STOP,STOP,112,14,24417.5,24419.5,-59.0,-59.0,-118.0,RESOLVED,BUY,True,17.0,2025-09-15 13:30:00.030823253+00:00,COST_COVER_BE,24418.5,-19.0,-78.0,40.0,RAW_DOUBLE_STOP_RESCUED
2224,2025-09-15 09:30:00,2025-09-15T13:30:00+00:00,VALIDATED_SOURCE,NY,SEPTEMBER,NQZ5,2,16.0,1.0,1,2.0,PRICE_BE,RESOLVED,DOUBLE_STOP,SELL,STOP,14,2025-09-15 13:30:00.029880037+00:00,STOP,STOP,112,14,24417.5,24419.5,-59.0,-59.0,-118.0,RESOLVED,BUY,False,,,ORIGINAL_STOP_BEFORE_ARM,24417.5,-59.0,-118.0,0.0,RAW_DOUBLE_STOP_NOT_RESCUED
2224,2025-09-15 09:30:00,2025-09-15T13:30:00+00:00,VALIDATED_SOURCE,NY,SEPTEMBER,NQZ5,2,16.0,1.0,1,2.0,COST_COVER_BE,RESOLVED,DOUBLE_STOP,SELL,STOP,14,2025-09-15 13:30:00.029880037+00:00,STOP,STOP,112,14,24417.5,24419.5,-59.0,-59.0,-118.0,RESOLVED,BUY,False,,,ORIGINAL_STOP_BEFORE_ARM,24417.5,-59.0,-118.0,0.0,RAW_DOUBLE_STOP_NOT_RESCUED
2224,2025-09-15 09:30:00,2025-09-15T13:30:00+00:00,VALIDATED_SOURCE,NY,SEPTEMBER,NQZ5,2,16.0,1.0,1,3.0,PRICE_BE,RESOLVED,DOUBLE_STOP,SELL,STOP,14,2025-09-15 13:30:00.029880037+00:00,STOP,STOP,112,14,24417.5,24419.5,-59.0,-59.0,-118.0,RESOLVED,BUY,False,,,ORIGINAL_STOP_BEFORE_ARM,24417.5,-59.0,-118.0,0.0,RAW_DOUBLE_STOP_NOT_RESCUED
2224,2025-09-15 09:30:00,2025-09-15T13:30:00+00:00,VALIDATED_SOURCE,NY,SEPTEMBER,NQZ5,2,16.0,1.0,1,3.0,COST_COVER_BE,RESOLVED,DOUBLE_STOP,SELL,STOP,14,2025-09-15 13:30:00.029880037+00:00,STOP,STOP,112,14,24417.5,24419.5,-59.0,-59.0,-118.0,RESOLVED,BUY,False,,,ORIGINAL_STOP_BEFORE_ARM,24417.5,-59.0,-118.0,0.0,RAW_DOUBLE_STOP_NOT_RESCUED
2224,2025-09-15 09:30:00,2025-09-15T13:30:00+00:00,VALIDATED_SOURCE,NY,SEPTEMBER,NQZ5,2,16.0,1.0,1,4.0,PRICE_BE,RESOLVED,DOUBLE_STOP,SELL,STOP,14,2025-09-15 13:30:00.029880037+00:00,STOP,STOP,112,14,24417.5,24419.5,-59.0,-59.0,-118.0,RESOLVED,BUY,False,,,ORIGINAL_STOP_BEFORE_ARM,24417.5,-59.0,-118.0,0.0,RAW_DOUBLE_STOP_NOT_RESCUED
2224,2025-09-15 09:30:00,2025-09-15T13:30:00+00:00,VALIDATED_SOURCE,NY,SEPTEMBER,NQZ5,2,16.0,1.0,1,4.0,COST_COVER_BE,RESOLVED,DOUBLE_STOP,SELL,STOP,14,2025-09-15 13:30:00.029880037+00:00,STOP,STOP,112,14,24417.5,24419.5,-59.0,-59.0,-118.0,RESOLVED,BUY,False,,,ORIGINAL_STOP_BEFORE_ARM,24417.5,-59.0,-118.0,0.0,RAW_DOUBLE_STOP_NOT_RESCUED
2224,2025-09-15 09:30:00,2025-09-15T13:30:00+00:00,VALIDATED_SOURCE,NY,SEPTEMBER,NQZ5,2,16.0,1.0,1,5.0,PRICE_BE,RESOLVED,DOUBLE_STOP,SELL,STOP,14,2025-09-15 13:30:00.029880037+00:00,STOP,STOP,112,14,24417.5,24419.5,-59.0,-59.0,-118.0,RESOLVED,BUY,False,,,ORIGINAL_STOP_BEFORE_ARM,24417.5,-59.0,-118.0,0.0,RAW_DOUBLE_STOP_NOT_RESCUED
2224,2025-09-15 09:30:00,2025-09-15T13:30:00+00:00,VALIDATED_SOURCE,NY,SEPTEMBER,NQZ5,2,16.0,1.0,1,5.0,COST_COVER_BE,RESOLVED,DOUBLE_STOP,SELL,STOP,14,2025-09-15 13:30:00.029880037+00:00,STOP,STOP,112,14,24417.5,24419.5,-59.0,-59.0,-118.0,RESOLVED,BUY,False,,,ORIGINAL_STOP_BEFORE_ARM,24417.5,-59.0,-118.0,0.0,RAW_DOUBLE_STOP_NOT_RESCUED
2224,2025-09-15 09:30:00,2025-09-15T13:30:00+00:00,VALIDATED_SOURCE,NY,SEPTEMBER,NQZ5,2,16.0,1.0,1,8.0,PRICE_BE,RESOLVED,DOUBLE_STOP,SELL,STOP,14,2025-09-15 13:30:00.029880037+00:00,STOP,STOP,112,14,24417.5,24419.5,-59.0,-59.0,-118.0,RESOLVED,BUY,False,,,ORIGINAL_STOP_BEFORE_ARM,24417.5,-59.0,-118.0,0.0,RAW_DOUBLE_STOP_NOT_RESCUED
2224,2025-09-15 09:30:00,2025-09-15T13:30:00+00:00,VALIDATED_SOURCE,NY,SEPTEMBER,NQZ5,2,16.0,1.0,1,8.0,COST_COVER_BE,RESOLVED,DOUBLE_STOP,SELL,STOP,14,2025-09-15 13:30:00.029880037+00:00,STOP,STOP,112,14,24417.5,24419.5,-59.0,-59.0,-118.0,RESOLVED,BUY,False,,,ORIGINAL_STOP_BEFORE_ARM,24417.5,-59.0,-118.0,0.0,RAW_DOUBLE_STOP_NOT_RESCUED
2224,2025-09-15 09:30:00,2025-09-15T13:30:00+00:00,VALIDATED_SOURCE,NY,SEPTEMBER,NQZ5,2,16.0,1.0,2,0.5,PRICE_BE,RESOLVED,DOUBLE_STOP,SELL,STOP,14,2025-09-15 13:30:00.029880037+00:00,STOP,STOP,112,14,24417.25,24419.75,-69.0,-69.0,-138.0,RESOLVED,BUY,True,15.0,2025-09-15 13:30:00.030392481+00:00,PRICE_BE,24418.25,-29.0,-98.0,40.0,RAW_DOUBLE_STOP_RESCUED
2224,2025-09-15 09:30:00,2025-09-15T13:30:00+00:00,VALIDATED_SOURCE,NY,SEPTEMBER,NQZ5,2,16.0,1.0,2,0.5,COST_COVER_BE,RESOLVED,DOUBLE_STOP,SELL,STOP,14,2025-09-15 13:30:00.029880037+00:00,STOP,STOP,112,14,24417.25,24419.75,-69.0,-69.0,-138.0,RESOLVED,BUY,True,15.0,2025-09-15 13:30:00.030392481+00:00,COST_COVER_BE,24418.25,-29.0,-98.0,40.0,RAW_DOUBLE_STOP_RESCUED
2224,2025-09-15 09:30:00,2025-09-15T13:30:00+00:00,VALIDATED_SOURCE,NY,SEPTEMBER,NQZ5,2,16.0,1.0,2,1.0,PRICE_BE,RESOLVED,DOUBLE_STOP,SELL,STOP,14,2025-09-15 13:30:00.029880037+00:00,STOP,STOP,112,14,24417.25,24419.75,-69.0,-69.0,-138.0,RESOLVED,BUY,True,17.0,2025-09-15 13:30:00.030823253+00:00,PRICE_BE,24418.25,-29.0,-98.0,40.0,RAW_DOUBLE_STOP_RESCUED
2224,2025-09-15 09:30:00,2025-09-15T13:30:00+00:00,VALIDATED_SOURCE,NY,SEPTEMBER,NQZ5,2,16.0,1.0,2,1.0,COST_COVER_BE,RESOLVED,DOUBLE_STOP,SELL,STOP,14,2025-09-15 13:30:00.029880037+00:00,STOP,STOP,112,14,24417.25,24419.75,-69.0,-69.0,-138.0,RESOLVED,BUY,True,17.0,2025-09-15 13:30:00.030823253+00:00,COST_COVER_BE,24418.25,-29.0,-98.0,40.0,RAW_DOUBLE_STOP_RESCUED
2224,2025-09-15 09:30:00,2025-09-15T13:30:00+00:00,VALIDATED_SOURCE,NY,SEPTEMBER,NQZ5,2,16.0,1.0,2,2.0,PRICE_BE,RESOLVED,DOUBLE_STOP,SELL,STOP,14,2025-09-15 13:30:00.029880037+00:00,STOP,STOP,112,14,24417.25,24419.75,-69.0,-69.0,-138.0,RESOLVED,BUY,False,,,ORIGINAL_STOP_BEFORE_ARM,24417.25,-69.0,-138.0,0.0,RAW_DOUBLE_STOP_NOT_RESCUED
2224,2025-09-15 09:30:00,2025-09-15T13:30:00+00:00,VALIDATED_SOURCE,NY,SEPTEMBER,NQZ5,2,16.0,1.0,2,2.0,COST_COVER_BE,RESOLVED,DOUBLE_STOP,SELL,STOP,14,2025-09-15 13:30:00.029880037+00:00,STOP,STOP,112,14,24417.25,24419.75,-69.0,-69.0,-138.0,RESOLVED,BUY,False,,,ORIGINAL_STOP_BEFORE_ARM,24417.25,-69.0,-138.0,0.0,RAW_DOUBLE_STOP_NOT_RESCUED
2224,2025-09-15 09:30:00,2025-09-15T13:30:00+00:00,VALIDATED_SOURCE,NY,SEPTEMBER,NQZ5,2,16.0,1.0,2,3.0,PRICE_BE,RESOLVED,DOUBLE_STOP,SELL,STOP,14,2025-09-15 13:30:00.029880037+00:00,STOP,STOP,112,14,24417.25,24419.75,-69.0,-69.0,-138.0,RESOLVED,BUY,False,,,ORIGINAL_STOP_BEFORE_ARM,24417.25,-69.0,-138.0,0.0,RAW_DOUBLE_STOP_NOT_RESCUED
2224,2025-09-15 09:30:00,2025-09-15T13:30:00+00:00,VALIDATED_SOURCE,NY,SEPTEMBER,NQZ5,2,16.0,1.0,2,3.0,COST_COVER_BE,RESOLVED,DOUBLE_STOP,SELL,STOP,14,2025-09-15 13:30:00.029880037+00:00,STOP,STOP,112,14,24417.25,24419.75,-69.0,-69.0,-138.0,RESOLVED,BUY,False,,,ORIGINAL_STOP_BEFORE_ARM,24417.25,-69.0,-138.0,0.0,RAW_DOUBLE_STOP_NOT_RESCUED
2224,2025-09-15 09:30:00,2025-09-15T13:30:00+00:00,VALIDATED_SOURCE,NY,SEPTEMBER,NQZ5,2,16.0,1.0,2,4.0,PRICE_BE,RESOLVED,DOUBLE_STOP,SELL,STOP,14,2025-09-15 13:30:00.029880037+00:00,STOP,STOP,112,14,24417.25,24419.75,-69.0,-69.0,-138.0,RESOLVED,BUY,False,,,ORIGINAL_STOP_BEFORE_ARM,24417.25,-69.0,-138.0,0.0,RAW_DOUBLE_STOP_NOT_RESCUED
2224,2025-09-15 09:30:00,2025-09-15T13:30:00+00:00,VALIDATED_SOURCE,NY,SEPTEMBER,NQZ5,2,16.0,1.0,2,4.0,COST_COVER_BE,RESOLVED,DOUBLE_STOP,SELL,STOP,14,2025-09-15 13:30:00.029880037+00:00,STOP,STOP,112,14,24417.25,24419.75,-69.0,-69.0,-138.0,RESOLVED,BUY,False,,,ORIGINAL_STOP_BEFORE_ARM,24417.25,-69.0,-138.0,0.0,RAW_DOUBLE_STOP_NOT_RESCUED
2224,2025-09-15 09:30:00,2025-09-15T13:30:00+00:00,VALIDATED_SOURCE,NY,SEPTEMBER,NQZ5,2,16.0,1.0,2,5.0,PRICE_BE,RESOLVED,DOUBLE_STOP,SELL,STOP,14,2025-09-15 13:30:00.029880037+00:00,STOP,STOP,112,14,24417.25,24419.75,-69.0,-69.0,-138.0,RESOLVED,BUY,False,,,ORIGINAL_STOP_BEFORE_ARM,24417.25,-69.0,-138.0,0.0,RAW_DOUBLE_STOP_NOT_RESCUED
2224,2025-09-15 09:30:00,2025-09-15T13:30:00+00:00,VALIDATED_SOURCE,NY,SEPTEMBER,NQZ5,2,16.0,1.0,2,5.0,COST_COVER_BE,RESOLVED,DOUBLE_STOP,SELL,STOP,14,2025-09-15 13:30:00.029880037+00:00,STOP,STOP,112,14,24417.25,24419.75,-69.0,-69.0,-138.0,RESOLVED,BUY,False,,,ORIGINAL_STOP_BEFORE_ARM,24417.25,-69.0,-138.0,0.0,RAW_DOUBLE_STOP_NOT_RESCUED
2224,2025-09-15 09:30:00,2025-09-15T13:30:00+00:00,VALIDATED_SOURCE,NY,SEPTEMBER,NQZ5,2,16.0,1.0,2,8.0,PRICE_BE,RESOLVED,DOUBLE_STOP,SELL,STOP,14,2025-09-15 13:30:00.029880037+00:00,STOP,STOP,112,14,24417.25,24419.75,-69.0,-69.0,-138.0,RESOLVED,BUY,False,,,ORIGINAL_STOP_BEFORE_ARM,24417.25,-69.0,-138.0,0.0,RAW_DOUBLE_STOP_NOT_RESCUED
2224,2025-09-15 09:30:00,2025-09-15T13:30:00+00:00,VALIDATED_SOURCE,NY,SEPTEMBER,NQZ5,2,16.0,1.0,2,8.0,COST_COVER_BE,RESOLVED,DOUBLE_STOP,SELL,STOP,14,2025-09-15 13:30:00.029880037+00:00,STOP,STOP,112,14,24417.25,24419.75,-69.0,-69.0,-138.0,RESOLVED,BUY,False,,,ORIGINAL_STOP_BEFORE_ARM,24417.25,-69.0,-138.0,0.0,RAW_DOUBLE_STOP_NOT_RESCUED
2224,2025-09-15 09:30:00,2025-09-15T13:30:00+00:00,VALIDATED_SOURCE,NY,SEPTEMBER,NQZ5,2,16.0,1.0,4,0.5,PRICE_BE,RESOLVED,DOUBLE_STOP,SELL,STOP,14,2025-09-15 13:30:00.029880037+00:00,STOP,STOP,112,14,24416.75,24420.25,-89.0,-89.0,-178.0,RESOLVED,BUY,True,15.0,2025-09-15 13:30:00.030392481+00:00,PRICE_BE,24417.75,-49.0,-138.0,40.0,RAW_DOUBLE_STOP_RESCUED
2224,2025-09-15 09:30:00,2025-09-15T13:30:00+00:00,VALIDATED_SOURCE,NY,SEPTEMBER,NQZ5,2,16.0,1.0,4,0.5,COST_COVER_BE,RESOLVED,DOUBLE_STOP,SELL,STOP,14,2025-09-15 13:30:00.029880037+00:00,STOP,STOP,112,14,24416.75,24420.25,-89.0,-89.0,-178.0,RESOLVED,BUY,True,15.0,2025-09-15 13:30:00.030392481+00:00,COST_COVER_BE,24417.75,-49.0,-138.0,40.0,RAW_DOUBLE_STOP_RESCUED
2224,2025-09-15 09:30:00,2025-09-15T13:30:00+00:00,VALIDATED_SOURCE,NY,SEPTEMBER,NQZ5,2,16.0,1.0,4,1.0,PRICE_BE,RESOLVED,DOUBLE_STOP,SELL,STOP,14,2025-09-15 13:30:00.029880037+00:00,STOP,STOP,112,14,24416.75,24420.25,-89.0,-89.0,-178.0,RESOLVED,BUY,True,17.0,2025-09-15 13:30:00.030823253+00:00,PRICE_BE,24417.75,-49.0,-138.0,40.0,RAW_DOUBLE_STOP_RESCUED
2224,2025-09-15 09:30:00,2025-09-15T13:30:00+00:00,VALIDATED_SOURCE,NY,SEPTEMBER,NQZ5,2,16.0,1.0,4,1.0,COST_COVER_BE,RESOLVED,DOUBLE_STOP,SELL,STOP,14,2025-09-15 13:30:00.029880037+00:00,STOP,STOP,112,14,24416.75,24420.25,-89.0,-89.0,-178.0,RESOLVED,BUY,True,17.0,2025-09-15 13:30:00.030823253+00:00,COST_COVER_BE,24417.75,-49.0,-138.0,40.0,RAW_DOUBLE_STOP_RESCUED
2224,2025-09-15 09:30:00,2025-09-15T13:30:00+00:00,VALIDATED_SOURCE,NY,SEPTEMBER,NQZ5,2,16.0,1.0,4,2.0,PRICE_BE,RESOLVED,DOUBLE_STOP,SELL,STOP,14,2025-09-15 13:30:00.029880037+00:00,STOP,STOP,112,14,24416.75,24420.25,-89.0,-89.0,-178.0,RESOLVED,BUY,False,,,ORIGINAL_STOP_BEFORE_ARM,24416.75,-89.0,-178.0,0.0,RAW_DOUBLE_STOP_NOT_RESCUED
2224,2025-09-15 09:30:00,2025-09-15T13:30:00+00:00,VALIDATED_SOURCE,NY,SEPTEMBER,NQZ5,2,16.0,1.0,4,2.0,COST_COVER_BE,RESOLVED,DOUBLE_STOP,SELL,STOP,14,2025-09-15 13:30:00.029880037+00:00,STOP,STOP,112,14,24416.75,24420.25,-89.0,-89.0,-178.0,RESOLVED,BUY,False,,,ORIGINAL_STOP_BEFORE_ARM,24416.75,-89.0,-178.0,0.0,RAW_DOUBLE_STOP_NOT_RESCUED
2224,2025-09-15 09:30:00,2025-09-15T13:30:00+00:00,VALIDATED_SOURCE,NY,SEPTEMBER,NQZ5,2,16.0,1.0,4,3.0,PRICE_BE,RESOLVED,DOUBLE_STOP,SELL,STOP,14,2025-09-15 13:30:00.029880037+00:00,STOP,STOP,112,14,24416.75,24420.25,-89.0,-89.0,-178.0,RESOLVED,BUY,False,,,ORIGINAL_STOP_BEFORE_ARM,24416.75,-89.0,-178.0,0.0,RAW_DOUBLE_STOP_NOT_RESCUED
2224,2025-09-15 09:30:00,2025-09-15T13:30:00+00:00,VALIDATED_SOURCE,NY,SEPTEMBER,NQZ5,2,16.0,1.0,4,3.0,COST_COVER_BE,RESOLVED,DOUBLE_STOP,SELL,STOP,14,2025-09-15 13:30:00.029880037+00:00,STOP,STOP,112,14,24416.75,24420.25,-89.0,-89.0,-178.0,RESOLVED,BUY,False,,,ORIGINAL_STOP_BEFORE_ARM,24416.75,-89.0,-178.0,0.0,RAW_DOUBLE_STOP_NOT_RESCUED
2224,2025-09-15 09:30:00,2025-09-15T13:30:00+00:00,VALIDATED_SOURCE,NY,SEPTEMBER,NQZ5,2,16.0,1.0,4,4.0,PRICE_BE,RESOLVED,DOUBLE_STOP,SELL,STOP,14,2025-09-15 13:30:00.029880037+00:00,STOP,STOP,112,14,24416.75,24420.25,-89.0,-89.0,-178.0,RESOLVED,BUY,False,,,ORIGINAL_STOP_BEFORE_ARM,24416.75,-89.0,-178.0,0.0,RAW_DOUBLE_STOP_NOT_RESCUED
2224,2025-09-15 09:30:00,2025-09-15T13:30:00+00:00,VALIDATED_SOURCE,NY,SEPTEMBER,NQZ5,2,16.0,1.0,4,4.0,COST_COVER_BE,RESOLVED,DOUBLE_STOP,SELL,STOP,14,2025-09-15 13:30:00.029880037+00:00,STOP,STOP,112,14,24416.75,24420.25,-89.0,-89.0,-178.0,RESOLVED,BUY,False,,,ORIGINAL_STOP_BEFORE_ARM,24416.75,-89.0,-178.0,0.0,RAW_DOUBLE_STOP_NOT_RESCUED
2224,2025-09-15 09:30:00,2025-09-15T13:30:00+00:00,VALIDATED_SOURCE,NY,SEPTEMBER,NQZ5,2,16.0,1.0,4,5.0,PRICE_BE,RESOLVED,DOUBLE_STOP,SELL,STOP,14,2025-09-15 13:30:00.029880037+00:00,STOP,STOP,112,14,24416.75,24420.25,-89.0,-89.0,-178.0,RESOLVED,BUY,False,,,ORIGINAL_STOP_BEFORE_ARM,24416.75,-89.0,-178.0,0.0,RAW_DOUBLE_STOP_NOT_RESCUED
2224,2025-09-15 09:30:00,2025-09-15T13:30:00+00:00,VALIDATED_SOURCE,NY,SEPTEMBER,NQZ5,2,16.0,1.0,4,5.0,COST_COVER_BE,RESOLVED,DOUBLE_STOP,SELL,STOP,14,2025-09-15 13:30:00.029880037+00:00,STOP,STOP,112,14,24416.75,24420.25,-89.0,-89.0,-178.0,RESOLVED,BUY,False,,,ORIGINAL_STOP_BEFORE_ARM,24416.75,-89.0,-178.0,0.0,RAW_DOUBLE_STOP_NOT_RESCUED
2224,2025-09-15 09:30:00,2025-09-15T13:30:00+00:00,VALIDATED_SOURCE,NY,SEPTEMBER,NQZ5,2,16.0,1.0,4,8.0,PRICE_BE,RESOLVED,DOUBLE_STOP,SELL,STOP,14,2025-09-15 13:30:00.029880037+00:00,STOP,STOP,112,14,24416.75,24420.25,-89.0,-89.0,-178.0,RESOLVED,BUY,False,,,ORIGINAL_STOP_BEFORE_ARM,24416.75,-89.0,-178.0,0.0,RAW_DOUBLE_STOP_NOT_RESCUED
2224,2025-09-15 09:30:00,2025-09-15T13:30:00+00:00,VALIDATED_SOURCE,NY,SEPTEMBER,NQZ5,2,16.0,1.0,4,8.0,COST_COVER_BE,RESOLVED,DOUBLE_STOP,SELL,STOP,14,2025-09-15 13:30:00.029880037+00:00,STOP,STOP,112,14,24416.75,24420.25,-89.0,-89.0,-178.0,RESOLVED,BUY,False,,,ORIGINAL_STOP_BEFORE_ARM,24416.75,-89.0,-178.0,0.0,RAW_DOUBLE_STOP_NOT_RESCUED
2225,2025-09-16 09:30:00,2025-09-16T13:30:00+00:00,VALIDATED_SOURCE,NY,SEPTEMBER,NQZ5,2,16.0,1.0,0,0.5,PRICE_BE,RESOLVED,DOUBLE_STOP,SELL,STOP,16,2025-09-16 13:30:00.022596787+00:00,STOP,STOP,162,16,24587.5,24588.75,-49.0,-39.0,-88.0,RESOLVED,BUY,True,23.0,2025-09-16 13:30:00.037111025+00:00,PRICE_BE,24588.5,-9.0,-48.0,40.0,RAW_DOUBLE_STOP_RESCUED
2225,2025-09-16 09:30:00,2025-09-16T13:30:00+00:00,VALIDATED_SOURCE,NY,SEPTEMBER,NQZ5,2,16.0,1.0,0,0.5,COST_COVER_BE,RESOLVED,DOUBLE_STOP,SELL,STOP,16,2025-09-16 13:30:00.022596787+00:00,STOP,STOP,162,16,24587.5,24588.75,-49.0,-39.0,-88.0,RESOLVED,BUY,True,23.0,2025-09-16 13:30:00.037111025+00:00,COST_COVER_BE,24589.0,11.0,-28.0,60.0,RAW_DOUBLE_STOP_RESCUED
2225,2025-09-16 09:30:00,2025-09-16T13:30:00+00:00,VALIDATED_SOURCE,NY,SEPTEMBER,NQZ5,2,16.0,1.0,0,1.0,PRICE_BE,RESOLVED,DOUBLE_STOP,SELL,STOP,16,2025-09-16 13:30:00.022596787+00:00,STOP,STOP,162,16,24587.5,24588.75,-49.0,-39.0,-88.0,RESOLVED,BUY,True,24.0,2025-09-16 13:30:00.043762303+00:00,PRICE_BE,24588.5,-9.0,-48.0,40.0,RAW_DOUBLE_STOP_RESCUED
2225,2025-09-16 09:30:00,2025-09-16T13:30:00+00:00,VALIDATED_SOURCE,NY,SEPTEMBER,NQZ5,2,16.0,1.0,0,1.0,COST_COVER_BE,RESOLVED,DOUBLE_STOP,SELL,STOP,16,2025-09-16 13:30:00.022596787+00:00,STOP,STOP,162,16,24587.5,24588.75,-49.0,-39.0,-88.0,RESOLVED,BUY,True,24.0,2025-09-16 13:30:00.043762303+00:00,COST_COVER_BE,24589.0,11.0,-28.0,60.0,RAW_DOUBLE_STOP_RESCUED
2225,2025-09-16 09:30:00,2025-09-16T13:30:00+00:00,VALIDATED_SOURCE,NY,SEPTEMBER,NQZ5,2,16.0,1.0,0,2.0,PRICE_BE,RESOLVED,DOUBLE_STOP,SELL,STOP,16,2025-09-16 13:30:00.022596787+00:00,STOP,STOP,162,16,24587.5,24588.75,-49.0,-39.0,-88.0,RESOLVED,BUY,True,33.0,2025-09-16 13:30:00.053626909+00:00,PRICE_BE,24588.5,-9.0,-48.0,40.0,RAW_DOUBLE_STOP_RESCUED
2225,2025-09-16 09:30:00,2025-09-16T13:30:00+00:00,VALIDATED_SOURCE,NY,SEPTEMBER,NQZ5,2,16.0,1.0,0,2.0,COST_COVER_BE,RESOLVED,DOUBLE_STOP,SELL,STOP,16,2025-09-16 13:30:00.022596787+00:00,STOP,STOP,162,16,24587.5,24588.75,-49.0,-39.0,-88.0,RESOLVED,BUY,True,33.0,2025-09-16 13:30:00.053626909+00:00,COST_COVER_BE,24589.0,11.0,-28.0,60.0,RAW_DOUBLE_STOP_RESCUED
2225,2025-09-16 09:30:00,2025-09-16T13:30:00+00:00,VALIDATED_SOURCE,NY,SEPTEMBER,NQZ5,2,16.0,1.0,0,3.0,PRICE_BE,RESOLVED,DOUBLE_STOP,SELL,STOP,16,2025-09-16 13:30:00.022596787+00:00,STOP,STOP,162,16,24587.5,24588.75,-49.0,-39.0,-88.0,RESOLVED,BUY,False,,,ORIGINAL_STOP_BEFORE_ARM,24587.5,-49.0,-88.0,0.0,RAW_DOUBLE_STOP_NOT_RESCUED
2225,2025-09-16 09:30:00,2025-09-16T13:30:00+00:00,VALIDATED_SOURCE,NY,SEPTEMBER,NQZ5,2,16.0,1.0,0,3.0,COST_COVER_BE,RESOLVED,DOUBLE_STOP,SELL,STOP,16,2025-09-16 13:30:00.022596787+00:00,STOP,STOP,162,16,24587.5,24588.75,-49.0,-39.0,-88.0,RESOLVED,BUY,False,,,ORIGINAL_STOP_BEFORE_ARM,24587.5,-49.0,-88.0,0.0,RAW_DOUBLE_STOP_NOT_RESCUED
2225,2025-09-16 09:30:00,2025-09-16T13:30:00+00:00,VALIDATED_SOURCE,NY,SEPTEMBER,NQZ5,2,16.0,1.0,0,4.0,PRICE_BE,RESOLVED,DOUBLE_STOP,SELL,STOP,16,2025-09-16 13:30:00.022596787+00:00,STOP,STOP,162,16,24587.5,24588.75,-49.0,-39.0,-88.0,RESOLVED,BUY,False,,,ORIGINAL_STOP_BEFORE_ARM,24587.5,-49.0,-88.0,0.0,RAW_DOUBLE_STOP_NOT_RESCUED
2225,2025-09-16 09:30:00,2025-09-16T13:30:00+00:00,VALIDATED_SOURCE,NY,SEPTEMBER,NQZ5,2,16.0,1.0,0,4.0,COST_COVER_BE,RESOLVED,DOUBLE_STOP,SELL,STOP,16,2025-09-16 13:30:00.022596787+00:00,STOP,STOP,162,16,24587.5,24588.75,-49.0,-39.0,-88.0,RESOLVED,BUY,False,,,ORIGINAL_STOP_BEFORE_ARM,24587.5,-49.0,-88.0,0.0,RAW_DOUBLE_STOP_NOT_RESCUED
2225,2025-09-16 09:30:00,2025-09-16T13:30:00+00:00,VALIDATED_SOURCE,NY,SEPTEMBER,NQZ5,2,16.0,1.0,0,5.0,PRICE_BE,RESOLVED,DOUBLE_STOP,SELL,STOP,16,2025-09-16 13:30:00.022596787+00:00,STOP,STOP,162,16,24587.5,24588.75,-49.0,-39.0,-88.0,RESOLVED,BUY,False,,,ORIGINAL_STOP_BEFORE_ARM,24587.5,-49.0,-88.0,0.0,RAW_DOUBLE_STOP_NOT_RESCUED
2225,2025-09-16 09:30:00,2025-09-16T13:30:00+00:00,VALIDATED_SOURCE,NY,SEPTEMBER,NQZ5,2,16.0,1.0,0,5.0,COST_COVER_BE,RESOLVED,DOUBLE_STOP,SELL,STOP,16,2025-09-16 13:30:00.022596787+00:00,STOP,STOP,162,16,24587.5,24588.75,-49.0,-39.0,-88.0,RESOLVED,BUY,False,,,ORIGINAL_STOP_BEFORE_ARM,24587.5,-49.0,-88.0,0.0,RAW_DOUBLE_STOP_NOT_RESCUED
2225,2025-09-16 09:30:00,2025-09-16T13:30:00+00:00,VALIDATED_SOURCE,NY,SEPTEMBER,NQZ5,2,16.0,1.0,0,8.0,PRICE_BE,RESOLVED,DOUBLE_STOP,SELL,STOP,16,2025-09-16 13:30:00.022596787+00:00,STOP,STOP,162,16,24587.5,24588.75,-49.0,-39.0,-88.0,RESOLVED,BUY,False,,,ORIGINAL_STOP_BEFORE_ARM,24587.5,-49.0,-88.0,0.0,RAW_DOUBLE_STOP_NOT_RESCUED
2225,2025-09-16 09:30:00,2025-09-16T13:30:00+00:00,VALIDATED_SOURCE,NY,SEPTEMBER,NQZ5,2,16.0,1.0,0,8.0,COST_COVER_BE,RESOLVED,DOUBLE_STOP,SELL,STOP,16,2025-09-16 13:30:00.022596787+00:00,STOP,STOP,162,16,24587.5,24588.75,-49.0,-39.0,-88.0,RESOLVED,BUY,False,,,ORIGINAL_STOP_BEFORE_ARM,24587.5,-49.0,-88.0,0.0,RAW_DOUBLE_STOP_NOT_RESCUED
2225,2025-09-16 09:30:00,2025-09-16T13:30:00+00:00,VALIDATED_SOURCE,NY,SEPTEMBER,NQZ5,2,16.0,1.0,1,0.5,PRICE_BE,RESOLVED,DOUBLE_STOP,SELL,STOP,16,2025-09-16 13:30:00.022596787+00:00,STOP,STOP,162,16,24587.25,24589.0,-59.0,-49.0,-108.0,RESOLVED,BUY,True,23.0,2025-09-16 13:30:00.037111025+00:00,PRICE_BE,24588.25,-19.0,-68.0,40.0,RAW_DOUBLE_STOP_RESCUED
2225,2025-09-16 09:30:00,2025-09-16T13:30:00+00:00,VALIDATED_SOURCE,NY,SEPTEMBER,NQZ5,2,16.0,1.0,1,0.5,COST_COVER_BE,RESOLVED,DOUBLE_STOP,SELL,STOP,16,2025-09-16 13:30:00.022596787+00:00,STOP,STOP,162,16,24587.25,24589.0,-59.0,-49.0,-108.0,RESOLVED,BUY,True,23.0,2025-09-16 13:30:00.037111025+00:00,COST_COVER_BE,24588.75,1.0,-48.0,60.0,RAW_DOUBLE_STOP_RESCUED
2225,2025-09-16 09:30:00,2025-09-16T13:30:00+00:00,VALIDATED_SOURCE,NY,SEPTEMBER,NQZ5,2,16.0,1.0,1,1.0,PRICE_BE,RESOLVED,DOUBLE_STOP,SELL,STOP,16,2025-09-16 13:30:00.022596787+00:00,STOP,STOP,162,16,24587.25,24589.0,-59.0,-49.0,-108.0,RESOLVED,BUY,True,24.0,2025-09-16 13:30:00.043762303+00:00,PRICE_BE,24588.25,-19.0,-68.0,40.0,RAW_DOUBLE_STOP_RESCUED
2225,2025-09-16 09:30:00,2025-09-16T13:30:00+00:00,VALIDATED_SOURCE,NY,SEPTEMBER,NQZ5,2,16.0,1.0,1,1.0,COST_COVER_BE,RESOLVED,DOUBLE_STOP,SELL,STOP,16,2025-09-16 13:30:00.022596787+00:00,STOP,STOP,162,16,24587.25,24589.0,-59.0,-49.0,-108.0,RESOLVED,BUY,True,24.0,2025-09-16 13:30:00.043762303+00:00,COST_COVER_BE,24588.75,1.0,-48.0,60.0,RAW_DOUBLE_STOP_RESCUED
2225,2025-09-16 09:30:00,2025-09-16T13:30:00+00:00,VALIDATED_SOURCE,NY,SEPTEMBER,NQZ5,2,16.0,1.0,1,2.0,PRICE_BE,RESOLVED,DOUBLE_STOP,SELL,STOP,16,2025-09-16 13:30:00.022596787+00:00,STOP,STOP,162,16,24587.25,24589.0,-59.0,-49.0,-108.0,RESOLVED,BUY,True,33.0,2025-09-16 13:30:00.053626909+00:00,PRICE_BE,24588.25,-19.0,-68.0,40.0,RAW_DOUBLE_STOP_RESCUED
2225,2025-09-16 09:30:00,2025-09-16T13:30:00+00:00,VALIDATED_SOURCE,NY,SEPTEMBER,NQZ5,2,16.0,1.0,1,2.0,COST_COVER_BE,RESOLVED,DOUBLE_STOP,SELL,STOP,16,2025-09-16 13:30:00.022596787+00:00,STOP,STOP,162,16,24587.25,24589.0,-59.0,-49.0,-108.0,RESOLVED,BUY,True,33.0,2025-09-16 13:30:00.053626909+00:00,COST_COVER_BE,24588.75,1.0,-48.0,60.0,RAW_DOUBLE_STOP_RESCUED
2225,2025-09-16 09:30:00,2025-09-16T13:30:00+00:00,VALIDATED_SOURCE,NY,SEPTEMBER,NQZ5,2,16.0,1.0,1,3.0,PRICE_BE,RESOLVED,DOUBLE_STOP,SELL,STOP,16,2025-09-16 13:30:00.022596787+00:00,STOP,STOP,162,16,24587.25,24589.0,-59.0,-49.0,-108.0,RESOLVED,BUY,False,,,ORIGINAL_STOP_BEFORE_ARM,24587.25,-59.0,-108.0,0.0,RAW_DOUBLE_STOP_NOT_RESCUED
2225,2025-09-16 09:30:00,2025-09-16T13:30:00+00:00,VALIDATED_SOURCE,NY,SEPTEMBER,NQZ5,2,16.0,1.0,1,3.0,COST_COVER_BE,RESOLVED,DOUBLE_STOP,SELL,STOP,16,2025-09-16 13:30:00.022596787+00:00,STOP,STOP,162,16,24587.25,24589.0,-59.0,-49.0,-108.0,RESOLVED,BUY,False,,,ORIGINAL_STOP_BEFORE_ARM,24587.25,-59.0,-108.0,0.0,RAW_DOUBLE_STOP_NOT_RESCUED
2225,2025-09-16 09:30:00,2025-09-16T13:30:00+00:00,VALIDATED_SOURCE,NY,SEPTEMBER,NQZ5,2,16.0,1.0,1,4.0,PRICE_BE,RESOLVED,DOUBLE_STOP,SELL,STOP,16,2025-09-16 13:30:00.022596787+00:00,STOP,STOP,162,16,24587.25,24589.0,-59.0,-49.0,-108.0,RESOLVED,BUY,False,,,ORIGINAL_STOP_BEFORE_ARM,24587.25,-59.0,-108.0,0.0,RAW_DOUBLE_STOP_NOT_RESCUED
2225,2025-09-16 09:30:00,2025-09-16T13:30:00+00:00,VALIDATED_SOURCE,NY,SEPTEMBER,NQZ5,2,16.0,1.0,1,4.0,COST_COVER_BE,RESOLVED,DOUBLE_STOP,SELL,STOP,16,2025-09-16 13:30:00.022596787+00:00,STOP,STOP,162,16,24587.25,24589.0,-59.0,-49.0,-108.0,RESOLVED,BUY,False,,,ORIGINAL_STOP_BEFORE_ARM,24587.25,-59.0,-108.0,0.0,RAW_DOUBLE_STOP_NOT_RESCUED
2225,2025-09-16 09:30:00,2025-09-16T13:30:00+00:00,VALIDATED_SOURCE,NY,SEPTEMBER,NQZ5,2,16.0,1.0,1,5.0,PRICE_BE,RESOLVED,DOUBLE_STOP,SELL,STOP,16,2025-09-16 13:30:00.022596787+00:00,STOP,STOP,162,16,24587.25,24589.0,-59.0,-49.0,-108.0,RESOLVED,BUY,False,,,ORIGINAL_STOP_BEFORE_ARM,24587.25,-59.0,-108.0,0.0,RAW_DOUBLE_STOP_NOT_RESCUED
2225,2025-09-16 09:30:00,2025-09-16T13:30:00+00:00,VALIDATED_SOURCE,NY,SEPTEMBER,NQZ5,2,16.0,1.0,1,5.0,COST_COVER_BE,RESOLVED,DOUBLE_STOP,SELL,STOP,16,2025-09-16 13:30:00.022596787+00:00,STOP,STOP,162,16,24587.25,24589.0,-59.0,-49.0,-108.0,RESOLVED,BUY,False,,,ORIGINAL_STOP_BEFORE_ARM,24587.25,-59.0,-108.0,0.0,RAW_DOUBLE_STOP_NOT_RESCUED
2225,2025-09-16 09:30:00,2025-09-16T13:30:00+00:00,VALIDATED_SOURCE,NY,SEPTEMBER,NQZ5,2,16.0,1.0,1,8.0,PRICE_BE,RESOLVED,DOUBLE_STOP,SELL,STOP,16,2025-09-16 13:30:00.022596787+00:00,STOP,STOP,162,16,24587.25,24589.0,-59.0,-49.0,-108.0,RESOLVED,BUY,False,,,ORIGINAL_STOP_BEFORE_ARM,24587.25,-59.0,-108.0,0.0,RAW_DOUBLE_STOP_NOT_RESCUED
2225,2025-09-16 09:30:00,2025-09-16T13:30:00+00:00,VALIDATED_SOURCE,NY,SEPTEMBER,NQZ5,2,16.0,1.0,1,8.0,COST_COVER_BE,RESOLVED,DOUBLE_STOP,SELL,STOP,16,2025-09-16 13:30:00.022596787+00:00,STOP,STOP,162,16,24587.25,24589.0,-59.0,-49.0,-108.0,RESOLVED,BUY,False,,,ORIGINAL_STOP_BEFORE_ARM,24587.25,-59.0,-108.0,0.0,RAW_DOUBLE_STOP_NOT_RESCUED
2225,2025-09-16 09:30:00,2025-09-16T13:30:00+00:00,VALIDATED_SOURCE,NY,SEPTEMBER,NQZ5,2,16.0,1.0,2,0.5,PRICE_BE,RESOLVED,DOUBLE_STOP,SELL,STOP,16,2025-09-16 13:30:00.022596787+00:00,STOP,STOP,162,16,24587.0,24589.25,-69.0,-59.0,-128.0,RESOLVED,BUY,True,23.0,2025-09-16 13:30:00.037111025+00:00,PRICE_BE,24588.0,-29.0,-88.0,40.0,RAW_DOUBLE_STOP_RESCUED
2225,2025-09-16 09:30:00,2025-09-16T13:30:00+00:00,VALIDATED_SOURCE,NY,SEPTEMBER,NQZ5,2,16.0,1.0,2,0.5,COST_COVER_BE,RESOLVED,DOUBLE_STOP,SELL,STOP,16,2025-09-16 13:30:00.022596787+00:00,STOP,STOP,162,16,24587.0,24589.25,-69.0,-59.0,-128.0,RESOLVED,BUY,True,23.0,2025-09-16 13:30:00.037111025+00:00,COST_COVER_BE,24588.5,-9.0,-68.0,60.0,RAW_DOUBLE_STOP_RESCUED
2225,2025-09-16 09:30:00,2025-09-16T13:30:00+00:00,VALIDATED_SOURCE,NY,SEPTEMBER,NQZ5,2,16.0,1.0,2,1.0,PRICE_BE,RESOLVED,DOUBLE_STOP,SELL,STOP,16,2025-09-16 13:30:00.022596787+00:00,STOP,STOP,162,16,24587.0,24589.25,-69.0,-59.0,-128.0,RESOLVED,BUY,True,24.0,2025-09-16 13:30:00.043762303+00:00,PRICE_BE,24588.0,-29.0,-88.0,40.0,RAW_DOUBLE_STOP_RESCUED
2225,2025-09-16 09:30:00,2025-09-16T13:30:00+00:00,VALIDATED_SOURCE,NY,SEPTEMBER,NQZ5,2,16.0,1.0,2,1.0,COST_COVER_BE,RESOLVED,DOUBLE_STOP,SELL,STOP,16,2025-09-16 13:30:00.022596787+00:00,STOP,STOP,162,16,24587.0,24589.25,-69.0,-59.0,-128.0,RESOLVED,BUY,True,24.0,2025-09-16 13:30:00.043762303+00:00,COST_COVER_BE,24588.5,-9.0,-68.0,60.0,RAW_DOUBLE_STOP_RESCUED
2225,2025-09-16 09:30:00,2025-09-16T13:30:00+00:00,VALIDATED_SOURCE,NY,SEPTEMBER,NQZ5,2,16.0,1.0,2,2.0,PRICE_BE,RESOLVED,DOUBLE_STOP,SELL,STOP,16,2025-09-16 13:30:00.022596787+00:00,STOP,STOP,162,16,24587.0,24589.25,-69.0,-59.0,-128.0,RESOLVED,BUY,True,33.0,2025-09-16 13:30:00.053626909+00:00,PRICE_BE,24588.0,-29.0,-88.0,40.0,RAW_DOUBLE_STOP_RESCUED
2225,2025-09-16 09:30:00,2025-09-16T13:30:00+00:00,VALIDATED_SOURCE,NY,SEPTEMBER,NQZ5,2,16.0,1.0,2,2.0,COST_COVER_BE,RESOLVED,DOUBLE_STOP,SELL,STOP,16,2025-09-16 13:30:00.022596787+00:00,STOP,STOP,162,16,24587.0,24589.25,-69.0,-59.0,-128.0,RESOLVED,BUY,True,33.0,2025-09-16 13:30:00.053626909+00:00,COST_COVER_BE,24588.5,-9.0,-68.0,60.0,RAW_DOUBLE_STOP_RESCUED
2225,2025-09-16 09:30:00,2025-09-16T13:30:00+00:00,VALIDATED_SOURCE,NY,SEPTEMBER,NQZ5,2,16.0,1.0,2,3.0,PRICE_BE,RESOLVED,DOUBLE_STOP,SELL,STOP,16,2025-09-16 13:30:00.022596787+00:00,STOP,STOP,162,16,24587.0,24589.25,-69.0,-59.0,-128.0,RESOLVED,BUY,False,,,ORIGINAL_STOP_BEFORE_ARM,24587.0,-69.0,-128.0,0.0,RAW_DOUBLE_STOP_NOT_RESCUED
2225,2025-09-16 09:30:00,2025-09-16T13:30:00+00:00,VALIDATED_SOURCE,NY,SEPTEMBER,NQZ5,2,16.0,1.0,2,3.0,COST_COVER_BE,RESOLVED,DOUBLE_STOP,SELL,STOP,16,2025-09-16 13:30:00.022596787+00:00,STOP,STOP,162,16,24587.0,24589.25,-69.0,-59.0,-128.0,RESOLVED,BUY,False,,,ORIGINAL_STOP_BEFORE_ARM,24587.0,-69.0,-128.0,0.0,RAW_DOUBLE_STOP_NOT_RESCUED
2225,2025-09-16 09:30:00,2025-09-16T13:30:00+00:00,VALIDATED_SOURCE,NY,SEPTEMBER,NQZ5,2,16.0,1.0,2,4.0,PRICE_BE,RESOLVED,DOUBLE_STOP,SELL,STOP,16,2025-09-16 13:30:00.022596787+00:00,STOP,STOP,162,16,24587.0,24589.25,-69.0,-59.0,-128.0,RESOLVED,BUY,False,,,ORIGINAL_STOP_BEFORE_ARM,24587.0,-69.0,-128.0,0.0,RAW_DOUBLE_STOP_NOT_RESCUED
2225,2025-09-16 09:30:00,2025-09-16T13:30:00+00:00,VALIDATED_SOURCE,NY,SEPTEMBER,NQZ5,2,16.0,1.0,2,4.0,COST_COVER_BE,RESOLVED,DOUBLE_STOP,SELL,STOP,16,2025-09-16 13:30:00.022596787+00:00,STOP,STOP,162,16,24587.0,24589.25,-69.0,-59.0,-128.0,RESOLVED,BUY,False,,,ORIGINAL_STOP_BEFORE_ARM,24587.0,-69.0,-128.0,0.0,RAW_DOUBLE_STOP_NOT_RESCUED
2225,2025-09-16 09:30:00,2025-09-16T13:30:00+00:00,VALIDATED_SOURCE,NY,SEPTEMBER,NQZ5,2,16.0,1.0,2,5.0,PRICE_BE,RESOLVED,DOUBLE_STOP,SELL,STOP,16,2025-09-16 13:30:00.022596787+00:00,STOP,STOP,162,16,24587.0,24589.25,-69.0,-59.0,-128.0,RESOLVED,BUY,False,,,ORIGINAL_STOP_BEFORE_ARM,24587.0,-69.0,-128.0,0.0,RAW_DOUBLE_STOP_NOT_RESCUED
2225,2025-09-16 09:30:00,2025-09-16T13:30:00+00:00,VALIDATED_SOURCE,NY,SEPTEMBER,NQZ5,2,16.0,1.0,2,5.0,COST_COVER_BE,RESOLVED,DOUBLE_STOP,SELL,STOP,16,2025-09-16 13:30:00.022596787+00:00,STOP,STOP,162,16,24587.0,24589.25,-69.0,-59.0,-128.0,RESOLVED,BUY,False,,,ORIGINAL_STOP_BEFORE_ARM,24587.0,-69.0,-128.0,0.0,RAW_DOUBLE_STOP_NOT_RESCUED
2225,2025-09-16 09:30:00,2025-09-16T13:30:00+00:00,VALIDATED_SOURCE,NY,SEPTEMBER,NQZ5,2,16.0,1.0,2,8.0,PRICE_BE,RESOLVED,DOUBLE_STOP,SELL,STOP,16,2025-09-16 13:30:00.022596787+00:00,STOP,STOP,162,16,24587.0,24589.25,-69.0,-59.0,-128.0,RESOLVED,BUY,False,,,ORIGINAL_STOP_BEFORE_ARM,24587.0,-69.0,-128.0,0.0,RAW_DOUBLE_STOP_NOT_RESCUED
2225,2025-09-16 09:30:00,2025-09-16T13:30:00+00:00,VALIDATED_SOURCE,NY,SEPTEMBER,NQZ5,2,16.0,1.0,2,8.0,COST_COVER_BE,RESOLVED,DOUBLE_STOP,SELL,STOP,16,2025-09-16 13:30:00.022596787+00:00,STOP,STOP,162,16,24587.0,24589.25,-69.0,-59.0,-128.0,RESOLVED,BUY,False,,,ORIGINAL_STOP_BEFORE_ARM,24587.0,-69.0,-128.0,0.0,RAW_DOUBLE_STOP_NOT_RESCUED
2225,2025-09-16 09:30:00,2025-09-16T13:30:00+00:00,VALIDATED_SOURCE,NY,SEPTEMBER,NQZ5,2,16.0,1.0,4,0.5,PRICE_BE,RESOLVED,DOUBLE_STOP,SELL,STOP,16,2025-09-16 13:30:00.022596787+00:00,STOP,STOP,162,16,24586.5,24589.75,-89.0,-79.0,-168.0,RESOLVED,BUY,True,23.0,2025-09-16 13:30:00.037111025+00:00,PRICE_BE,24587.5,-49.0,-128.0,40.0,RAW_DOUBLE_STOP_RESCUED
2225,2025-09-16 09:30:00,2025-09-16T13:30:00+00:00,VALIDATED_SOURCE,NY,SEPTEMBER,NQZ5,2,16.0,1.0,4,0.5,COST_COVER_BE,RESOLVED,DOUBLE_STOP,SELL,STOP,16,2025-09-16 13:30:00.022596787+00:00,STOP,STOP,162,16,24586.5,24589.75,-89.0,-79.0,-168.0,RESOLVED,BUY,True,23.0,2025-09-16 13:30:00.037111025+00:00,COST_COVER_BE,24588.0,-29.0,-108.0,60.0,RAW_DOUBLE_STOP_RESCUED
2225,2025-09-16 09:30:00,2025-09-16T13:30:00+00:00,VALIDATED_SOURCE,NY,SEPTEMBER,NQZ5,2,16.0,1.0,4,1.0,PRICE_BE,RESOLVED,DOUBLE_STOP,SELL,STOP,16,2025-09-16 13:30:00.022596787+00:00,STOP,STOP,162,16,24586.5,24589.75,-89.0,-79.0,-168.0,RESOLVED,BUY,True,24.0,2025-09-16 13:30:00.043762303+00:00,PRICE_BE,24587.5,-49.0,-128.0,40.0,RAW_DOUBLE_STOP_RESCUED
2225,2025-09-16 09:30:00,2025-09-16T13:30:00+00:00,VALIDATED_SOURCE,NY,SEPTEMBER,NQZ5,2,16.0,1.0,4,1.0,COST_COVER_BE,RESOLVED,DOUBLE_STOP,SELL,STOP,16,2025-09-16 13:30:00.022596787+00:00,STOP,STOP,162,16,24586.5,24589.75,-89.0,-79.0,-168.0,RESOLVED,BUY,True,24.0,2025-09-16 13:30:00.043762303+00:00,COST_COVER_BE,24588.0,-29.0,-108.0,60.0,RAW_DOUBLE_STOP_RESCUED
2225,2025-09-16 09:30:00,2025-09-16T13:30:00+00:00,VALIDATED_SOURCE,NY,SEPTEMBER,NQZ5,2,16.0,1.0,4,2.0,PRICE_BE,RESOLVED,DOUBLE_STOP,SELL,STOP,16,2025-09-16 13:30:00.022596787+00:00,STOP,STOP,162,16,24586.5,24589.75,-89.0,-79.0,-168.0,RESOLVED,BUY,True,33.0,2025-09-16 13:30:00.053626909+00:00,PRICE_BE,24587.5,-49.0,-128.0,40.0,RAW_DOUBLE_STOP_RESCUED
2225,2025-09-16 09:30:00,2025-09-16T13:30:00+00:00,VALIDATED_SOURCE,NY,SEPTEMBER,NQZ5,2,16.0,1.0,4,2.0,COST_COVER_BE,RESOLVED,DOUBLE_STOP,SELL,STOP,16,2025-09-16 13:30:00.022596787+00:00,STOP,STOP,162,16,24586.5,24589.75,-89.0,-79.0,-168.0,RESOLVED,BUY,True,33.0,2025-09-16 13:30:00.053626909+00:00,COST_COVER_BE,24588.0,-29.0,-108.0,60.0,RAW_DOUBLE_STOP_RESCUED
2225,2025-09-16 09:30:00,2025-09-16T13:30:00+00:00,VALIDATED_SOURCE,NY,SEPTEMBER,NQZ5,2,16.0,1.0,4,3.0,PRICE_BE,RESOLVED,DOUBLE_STOP,SELL,STOP,16,2025-09-16 13:30:00.022596787+00:00,STOP,STOP,162,16,24586.5,24589.75,-89.0,-79.0,-168.0,RESOLVED,BUY,False,,,ORIGINAL_STOP_BEFORE_ARM,24586.5,-89.0,-168.0,0.0,RAW_DOUBLE_STOP_NOT_RESCUED
2225,2025-09-16 09:30:00,2025-09-16T13:30:00+00:00,VALIDATED_SOURCE,NY,SEPTEMBER,NQZ5,2,16.0,1.0,4,3.0,COST_COVER_BE,RESOLVED,DOUBLE_STOP,SELL,STOP,16,2025-09-16 13:30:00.022596787+00:00,STOP,STOP,162,16,24586.5,24589.75,-89.0,-79.0,-168.0,RESOLVED,BUY,False,,,ORIGINAL_STOP_BEFORE_ARM,24586.5,-89.0,-168.0,0.0,RAW_DOUBLE_STOP_NOT_RESCUED
2225,2025-09-16 09:30:00,2025-09-16T13:30:00+00:00,VALIDATED_SOURCE,NY,SEPTEMBER,NQZ5,2,16.0,1.0,4,4.0,PRICE_BE,RESOLVED,DOUBLE_STOP,SELL,STOP,16,2025-09-16 13:30:00.022596787+00:00,STOP,STOP,162,16,24586.5,24589.75,-89.0,-79.0,-168.0,RESOLVED,BUY,False,,,ORIGINAL_STOP_BEFORE_ARM,24586.5,-89.0,-168.0,0.0,RAW_DOUBLE_STOP_NOT_RESCUED
2225,2025-09-16 09:30:00,2025-09-16T13:30:00+00:00,VALIDATED_SOURCE,NY,SEPTEMBER,NQZ5,2,16.0,1.0,4,4.0,COST_COVER_BE,RESOLVED,DOUBLE_STOP,SELL,STOP,16,2025-09-16 13:30:00.022596787+00:00,STOP,STOP,162,16,24586.5,24589.75,-89.0,-79.0,-168.0,RESOLVED,BUY,False,,,ORIGINAL_STOP_BEFORE_ARM,24586.5,-89.0,-168.0,0.0,RAW_DOUBLE_STOP_NOT_RESCUED
2225,2025-09-16 09:30:00,2025-09-16T13:30:00+00:00,VALIDATED_SOURCE,NY,SEPTEMBER,NQZ5,2,16.0,1.0,4,5.0,PRICE_BE,RESOLVED,DOUBLE_STOP,SELL,STOP,16,2025-09-16 13:30:00.022596787+00:00,STOP,STOP,162,16,24586.5,24589.75,-89.0,-79.0,-168.0,RESOLVED,BUY,False,,,ORIGINAL_STOP_BEFORE_ARM,24586.5,-89.0,-168.0,0.0,RAW_DOUBLE_STOP_NOT_RESCUED
2225,2025-09-16 09:30:00,2025-09-16T13:30:00+00:00,VALIDATED_SOURCE,NY,SEPTEMBER,NQZ5,2,16.0,1.0,4,5.0,COST_COVER_BE,RESOLVED,DOUBLE_STOP,SELL,STOP,16,2025-09-16 13:30:00.022596787+00:00,STOP,STOP,162,16,24586.5,24589.75,-89.0,-79.0,-168.0,RESOLVED,BUY,False,,,ORIGINAL_STOP_BEFORE_ARM,24586.5,-89.0,-168.0,0.0,RAW_DOUBLE_STOP_NOT_RESCUED
2225,2025-09-16 09:30:00,2025-09-16T13:30:00+00:00,VALIDATED_SOURCE,NY,SEPTEMBER,NQZ5,2,16.0,1.0,4,8.0,PRICE_BE,RESOLVED,DOUBLE_STOP,SELL,STOP,16,2025-09-16 13:30:00.022596787+00:00,STOP,STOP,162,16,24586.5,24589.75,-89.0,-79.0,-168.0,RESOLVED,BUY,False,,,ORIGINAL_STOP_BEFORE_ARM,24586.5,-89.0,-168.0,0.0,RAW_DOUBLE_STOP_NOT_RESCUED
2225,2025-09-16 09:30:00,2025-09-16T13:30:00+00:00,VALIDATED_SOURCE,NY,SEPTEMBER,NQZ5,2,16.0,1.0,4,8.0,COST_COVER_BE,RESOLVED,DOUBLE_STOP,SELL,STOP,16,2025-09-16 13:30:00.022596787+00:00,STOP,STOP,162,16,24586.5,24589.75,-89.0,-79.0,-168.0,RESOLVED,BUY,False,,,ORIGINAL_STOP_BEFORE_ARM,24586.5,-89.0,-168.0,0.0,RAW_DOUBLE_STOP_NOT_RESCUED
2226,2025-09-17 09:30:00,2025-09-17T13:30:00+00:00,DIAGNOSTIC_ONLY_DEGRADED_SOURCE,NY,SEPTEMBER,NQZ5,2,16.0,1.0,0,0.5,PRICE_BE,RESOLVED,BUY_TARGET,SELL,STOP,5,2025-09-17 13:30:00.002117549+00:00,TARGET,STOP,1060,5,24537.25,24521.75,631.0,-49.0,582.0,RESOLVED,BUY,True,7.0,2025-09-17 13:30:00.006073675+00:00,PRICE_BE,24521.25,-9.0,-58.0,-640.0,RAW_TARGET_WINNER_SCRATCHED
2226,2025-09-17 09:30:00,2025-09-17T13:30:00+00:00,DIAGNOSTIC_ONLY_DEGRADED_SOURCE,NY,SEPTEMBER,NQZ5,2,16.0,1.0,0,0.5,COST_COVER_BE,RESOLVED,BUY_TARGET,SELL,STOP,5,2025-09-17 13:30:00.002117549+00:00,TARGET,STOP,1060,5,24537.25,24521.75,631.0,-49.0,582.0,RESOLVED,BUY,True,7.0,2025-09-17 13:30:00.006073675+00:00,COST_COVER_BE,24521.5,1.0,-48.0,-630.0,RAW_TARGET_WINNER_SCRATCHED
2226,2025-09-17 09:30:00,2025-09-17T13:30:00+00:00,DIAGNOSTIC_ONLY_DEGRADED_SOURCE,NY,SEPTEMBER,NQZ5,2,16.0,1.0,0,1.0,PRICE_BE,RESOLVED,BUY_TARGET,SELL,STOP,5,2025-09-17 13:30:00.002117549+00:00,TARGET,STOP,1060,5,24537.25,24521.75,631.0,-49.0,582.0,RESOLVED,BUY,True,9.0,2025-09-17 13:30:00.014722617+00:00,PRICE_BE,24521.25,-9.0,-58.0,-640.0,RAW_TARGET_WINNER_SCRATCHED
2226,2025-09-17 09:30:00,2025-09-17T13:30:00+00:00,DIAGNOSTIC_ONLY_DEGRADED_SOURCE,NY,SEPTEMBER,NQZ5,2,16.0,1.0,0,1.0,COST_COVER_BE,RESOLVED,BUY_TARGET,SELL,STOP,5,2025-09-17 13:30:00.002117549+00:00,TARGET,STOP,1060,5,24537.25,24521.75,631.0,-49.0,582.0,RESOLVED,BUY,True,9.0,2025-09-17 13:30:00.014722617+00:00,COST_COVER_BE,24521.75,11.0,-38.0,-620.0,RAW_TARGET_WINNER_SCRATCHED
2226,2025-09-17 09:30:00,2025-09-17T13:30:00+00:00,DIAGNOSTIC_ONLY_DEGRADED_SOURCE,NY,SEPTEMBER,NQZ5,2,16.0,1.0,0,2.0,PRICE_BE,RESOLVED,BUY_TARGET,SELL,STOP,5,2025-09-17 13:30:00.002117549+00:00,TARGET,STOP,1060,5,24537.25,24521.75,631.0,-49.0,582.0,RESOLVED,BUY,True,84.0,2025-09-17 13:30:00.203823179+00:00,PRICE_BE,24521.25,-9.0,-58.0,-640.0,RAW_TARGET_WINNER_SCRATCHED
2226,2025-09-17 09:30:00,2025-09-17T13:30:00+00:00,DIAGNOSTIC_ONLY_DEGRADED_SOURCE,NY,SEPTEMBER,NQZ5,2,16.0,1.0,0,2.0,COST_COVER_BE,RESOLVED,BUY_TARGET,SELL,STOP,5,2025-09-17 13:30:00.002117549+00:00,TARGET,STOP,1060,5,24537.25,24521.75,631.0,-49.0,582.0,RESOLVED,BUY,True,84.0,2025-09-17 13:30:00.203823179+00:00,COST_COVER_BE,24521.75,11.0,-38.0,-620.0,RAW_TARGET_WINNER_SCRATCHED
2226,2025-09-17 09:30:00,2025-09-17T13:30:00+00:00,DIAGNOSTIC_ONLY_DEGRADED_SOURCE,NY,SEPTEMBER,NQZ5,2,16.0,1.0,0,3.0,PRICE_BE,RESOLVED,BUY_TARGET,SELL,STOP,5,2025-09-17 13:30:00.002117549+00:00,TARGET,STOP,1060,5,24537.25,24521.75,631.0,-49.0,582.0,RESOLVED,BUY,True,144.0,2025-09-17 13:30:00.548978267+00:00,PRICE_BE,24521.25,-9.0,-58.0,-640.0,RAW_TARGET_WINNER_SCRATCHED
2226,2025-09-17 09:30:00,2025-09-17T13:30:00+00:00,DIAGNOSTIC_ONLY_DEGRADED_SOURCE,NY,SEPTEMBER,NQZ5,2,16.0,1.0,0,3.0,COST_COVER_BE,RESOLVED,BUY_TARGET,SELL,STOP,5,2025-09-17 13:30:00.002117549+00:00,TARGET,STOP,1060,5,24537.25,24521.75,631.0,-49.0,582.0,RESOLVED,BUY,True,144.0,2025-09-17 13:30:00.548978267+00:00,COST_COVER_BE,24521.75,11.0,-38.0,-620.0,RAW_TARGET_WINNER_SCRATCHED
2226,2025-09-17 09:30:00,2025-09-17T13:30:00+00:00,DIAGNOSTIC_ONLY_DEGRADED_SOURCE,NY,SEPTEMBER,NQZ5,2,16.0,1.0,0,4.0,PRICE_BE,RESOLVED,BUY_TARGET,SELL,STOP,5,2025-09-17 13:30:00.002117549+00:00,TARGET,STOP,1060,5,24537.25,24521.75,631.0,-49.0,582.0,RESOLVED,BUY,True,285.0,2025-09-17 13:30:01.584120149+00:00,TARGET_AFTER_ARM,24537.25,631.0,582.0,0.0,RAW_TARGET_WINNER_PRESERVED
2226,2025-09-17 09:30:00,2025-09-17T13:30:00+00:00,DIAGNOSTIC_ONLY_DEGRADED_SOURCE,NY,SEPTEMBER,NQZ5,2,16.0,1.0,0,4.0,COST_COVER_BE,RESOLVED,BUY_TARGET,SELL,STOP,5,2025-09-17 13:30:00.002117549+00:00,TARGET,STOP,1060,5,24537.25,24521.75,631.0,-49.0,582.0,RESOLVED,BUY,True,285.0,2025-09-17 13:30:01.584120149+00:00,TARGET_AFTER_ARM,24537.25,631.0,582.0,0.0,RAW_TARGET_WINNER_PRESERVED
2226,2025-09-17 09:30:00,2025-09-17T13:30:00+00:00,DIAGNOSTIC_ONLY_DEGRADED_SOURCE,NY,SEPTEMBER,NQZ5,2,16.0,1.0,0,5.0,PRICE_BE,RESOLVED,BUY_TARGET,SELL,STOP,5,2025-09-17 13:30:00.002117549+00:00,TARGET,STOP,1060,5,24537.25,24521.75,631.0,-49.0,582.0,RESOLVED,BUY,True,301.0,2025-09-17 13:30:01.739356049+00:00,TARGET_AFTER_ARM,24537.25,631.0,582.0,0.0,RAW_TARGET_WINNER_PRESERVED
2226,2025-09-17 09:30:00,2025-09-17T13:30:00+00:00,DIAGNOSTIC_ONLY_DEGRADED_SOURCE,NY,SEPTEMBER,NQZ5,2,16.0,1.0,0,5.0,COST_COVER_BE,RESOLVED,BUY_TARGET,SELL,STOP,5,2025-09-17 13:30:00.002117549+00:00,TARGET,STOP,1060,5,24537.25,24521.75,631.0,-49.0,582.0,RESOLVED,BUY,True,301.0,2025-09-17 13:30:01.739356049+00:00,TARGET_AFTER_ARM,24537.25,631.0,582.0,0.0,RAW_TARGET_WINNER_PRESERVED
2226,2025-09-17 09:30:00,2025-09-17T13:30:00+00:00,DIAGNOSTIC_ONLY_DEGRADED_SOURCE,NY,SEPTEMBER,NQZ5,2,16.0,1.0,0,8.0,PRICE_BE,RESOLVED,BUY_TARGET,SELL,STOP,5,2025-09-17 13:30:00.002117549+00:00,TARGET,STOP,1060,5,24537.25,24521.75,631.0,-49.0,582.0,RESOLVED,BUY,True,400.0,2025-09-17 13:30:02.325880515+00:00,TARGET_AFTER_ARM,24537.25,631.0,582.0,0.0,RAW_TARGET_WINNER_PRESERVED
2226,2025-09-17 09:30:00,2025-09-17T13:30:00+00:00,DIAGNOSTIC_ONLY_DEGRADED_SOURCE,NY,SEPTEMBER,NQZ5,2,16.0,1.0,0,8.0,COST_COVER_BE,RESOLVED,BUY_TARGET,SELL,STOP,5,2025-09-17 13:30:00.002117549+00:00,TARGET,STOP,1060,5,24537.25,24521.75,631.0,-49.0,582.0,RESOLVED,BUY,True,400.0,2025-09-17 13:30:02.325880515+00:00,TARGET_AFTER_ARM,24537.25,631.0,582.0,0.0,RAW_TARGET_WINNER_PRESERVED
2226,2025-09-17 09:30:00,2025-09-17T13:30:00+00:00,DIAGNOSTIC_ONLY_DEGRADED_SOURCE,NY,SEPTEMBER,NQZ5,2,16.0,1.0,1,0.5,PRICE_BE,RESOLVED,BUY_TARGET,SELL,STOP,5,2025-09-17 13:30:00.002117549+00:00,TARGET,STOP,1060,5,24537.25,24522.0,631.0,-59.0,572.0,RESOLVED,BUY,True,7.0,2025-09-17 13:30:00.006073675+00:00,PRICE_BE,24521.0,-19.0,-78.0,-650.0,RAW_TARGET_WINNER_SCRATCHED
2226,2025-09-17 09:30:00,2025-09-17T13:30:00+00:00,DIAGNOSTIC_ONLY_DEGRADED_SOURCE,NY,SEPTEMBER,NQZ5,2,16.0,1.0,1,0.5,COST_COVER_BE,RESOLVED,BUY_TARGET,SELL,STOP,5,2025-09-17 13:30:00.002117549+00:00,TARGET,STOP,1060,5,24537.25,24522.0,631.0,-59.0,572.0,RESOLVED,BUY,True,7.0,2025-09-17 13:30:00.006073675+00:00,COST_COVER_BE,24521.25,-9.0,-68.0,-640.0,RAW_TARGET_WINNER_SCRATCHED
2226,2025-09-17 09:30:00,2025-09-17T13:30:00+00:00,DIAGNOSTIC_ONLY_DEGRADED_SOURCE,NY,SEPTEMBER,NQZ5,2,16.0,1.0,1,1.0,PRICE_BE,RESOLVED,BUY_TARGET,SELL,STOP,5,2025-09-17 13:30:00.002117549+00:00,TARGET,STOP,1060,5,24537.25,24522.0,631.0,-59.0,572.0,RESOLVED,BUY,True,9.0,2025-09-17 13:30:00.014722617+00:00,PRICE_BE,24521.0,-19.0,-78.0,-650.0,RAW_TARGET_WINNER_SCRATCHED
2226,2025-09-17 09:30:00,2025-09-17T13:30:00+00:00,DIAGNOSTIC_ONLY_DEGRADED_SOURCE,NY,SEPTEMBER,NQZ5,2,16.0,1.0,1,1.0,COST_COVER_BE,RESOLVED,BUY_TARGET,SELL,STOP,5,2025-09-17 13:30:00.002117549+00:00,TARGET,STOP,1060,5,24537.25,24522.0,631.0,-59.0,572.0,RESOLVED,BUY,True,9.0,2025-09-17 13:30:00.014722617+00:00,COST_COVER_BE,24521.5,1.0,-58.0,-630.0,RAW_TARGET_WINNER_SCRATCHED
2226,2025-09-17 09:30:00,2025-09-17T13:30:00+00:00,DIAGNOSTIC_ONLY_DEGRADED_SOURCE,NY,SEPTEMBER,NQZ5,2,16.0,1.0,1,2.0,PRICE_BE,RESOLVED,BUY_TARGET,SELL,STOP,5,2025-09-17 13:30:00.002117549+00:00,TARGET,STOP,1060,5,24537.25,24522.0,631.0,-59.0,572.0,RESOLVED,BUY,True,84.0,2025-09-17 13:30:00.203823179+00:00,PRICE_BE,24521.0,-19.0,-78.0,-650.0,RAW_TARGET_WINNER_SCRATCHED
2226,2025-09-17 09:30:00,2025-09-17T13:30:00+00:00,DIAGNOSTIC_ONLY_DEGRADED_SOURCE,NY,SEPTEMBER,NQZ5,2,16.0,1.0,1,2.0,COST_COVER_BE,RESOLVED,BUY_TARGET,SELL,STOP,5,2025-09-17 13:30:00.002117549+00:00,TARGET,STOP,1060,5,24537.25,24522.0,631.0,-59.0,572.0,RESOLVED,BUY,True,84.0,2025-09-17 13:30:00.203823179+00:00,COST_COVER_BE,24521.5,1.0,-58.0,-630.0,RAW_TARGET_WINNER_SCRATCHED
2226,2025-09-17 09:30:00,2025-09-17T13:30:00+00:00,DIAGNOSTIC_ONLY_DEGRADED_SOURCE,NY,SEPTEMBER,NQZ5,2,16.0,1.0,1,3.0,PRICE_BE,RESOLVED,BUY_TARGET,SELL,STOP,5,2025-09-17 13:30:00.002117549+00:00,TARGET,STOP,1060,5,24537.25,24522.0,631.0,-59.0,572.0,RESOLVED,BUY,True,144.0,2025-09-17 13:30:00.548978267+00:00,PRICE_BE,24521.0,-19.0,-78.0,-650.0,RAW_TARGET_WINNER_SCRATCHED
2226,2025-09-17 09:30:00,2025-09-17T13:30:00+00:00,DIAGNOSTIC_ONLY_DEGRADED_SOURCE,NY,SEPTEMBER,NQZ5,2,16.0,1.0,1,3.0,COST_COVER_BE,RESOLVED,BUY_TARGET,SELL,STOP,5,2025-09-17 13:30:00.002117549+00:00,TARGET,STOP,1060,5,24537.25,24522.0,631.0,-59.0,572.0,RESOLVED,BUY,True,144.0,2025-09-17 13:30:00.548978267+00:00,COST_COVER_BE,24521.5,1.0,-58.0,-630.0,RAW_TARGET_WINNER_SCRATCHED
2226,2025-09-17 09:30:00,2025-09-17T13:30:00+00:00,DIAGNOSTIC_ONLY_DEGRADED_SOURCE,NY,SEPTEMBER,NQZ5,2,16.0,1.0,1,4.0,PRICE_BE,RESOLVED,BUY_TARGET,SELL,STOP,5,2025-09-17 13:30:00.002117549+00:00,TARGET,STOP,1060,5,24537.25,24522.0,631.0,-59.0,572.0,RESOLVED,BUY,True,285.0,2025-09-17 13:30:01.584120149+00:00,TARGET_AFTER_ARM,24537.25,631.0,572.0,0.0,RAW_TARGET_WINNER_PRESERVED
2226,2025-09-17 09:30:00,2025-09-17T13:30:00+00:00,DIAGNOSTIC_ONLY_DEGRADED_SOURCE,NY,SEPTEMBER,NQZ5,2,16.0,1.0,1,4.0,COST_COVER_BE,RESOLVED,BUY_TARGET,SELL,STOP,5,2025-09-17 13:30:00.002117549+00:00,TARGET,STOP,1060,5,24537.25,24522.0,631.0,-59.0,572.0,RESOLVED,BUY,True,285.0,2025-09-17 13:30:01.584120149+00:00,TARGET_AFTER_ARM,24537.25,631.0,572.0,0.0,RAW_TARGET_WINNER_PRESERVED
2226,2025-09-17 09:30:00,2025-09-17T13:30:00+00:00,DIAGNOSTIC_ONLY_DEGRADED_SOURCE,NY,SEPTEMBER,NQZ5,2,16.0,1.0,1,5.0,PRICE_BE,RESOLVED,BUY_TARGET,SELL,STOP,5,2025-09-17 13:30:00.002117549+00:00,TARGET,STOP,1060,5,24537.25,24522.0,631.0,-59.0,572.0,RESOLVED,BUY,True,301.0,2025-09-17 13:30:01.739356049+00:00,TARGET_AFTER_ARM,24537.25,631.0,572.0,0.0,RAW_TARGET_WINNER_PRESERVED
2226,2025-09-17 09:30:00,2025-09-17T13:30:00+00:00,DIAGNOSTIC_ONLY_DEGRADED_SOURCE,NY,SEPTEMBER,NQZ5,2,16.0,1.0,1,5.0,COST_COVER_BE,RESOLVED,BUY_TARGET,SELL,STOP,5,2025-09-17 13:30:00.002117549+00:00,TARGET,STOP,1060,5,24537.25,24522.0,631.0,-59.0,572.0,RESOLVED,BUY,True,301.0,2025-09-17 13:30:01.739356049+00:00,TARGET_AFTER_ARM,24537.25,631.0,572.0,0.0,RAW_TARGET_WINNER_PRESERVED
2226,2025-09-17 09:30:00,2025-09-17T13:30:00+00:00,DIAGNOSTIC_ONLY_DEGRADED_SOURCE,NY,SEPTEMBER,NQZ5,2,16.0,1.0,1,8.0,PRICE_BE,RESOLVED,BUY_TARGET,SELL,STOP,5,2025-09-17 13:30:00.002117549+00:00,TARGET,STOP,1060,5,24537.25,24522.0,631.0,-59.0,572.0,RESOLVED,BUY,True,400.0,2025-09-17 13:30:02.325880515+00:00,TARGET_AFTER_ARM,24537.25,631.0,572.0,0.0,RAW_TARGET_WINNER_PRESERVED
2226,2025-09-17 09:30:00,2025-09-17T13:30:00+00:00,DIAGNOSTIC_ONLY_DEGRADED_SOURCE,NY,SEPTEMBER,NQZ5,2,16.0,1.0,1,8.0,COST_COVER_BE,RESOLVED,BUY_TARGET,SELL,STOP,5,2025-09-17 13:30:00.002117549+00:00,TARGET,STOP,1060,5,24537.25,24522.0,631.0,-59.0,572.0,RESOLVED,BUY,True,400.0,2025-09-17 13:30:02.325880515+00:00,TARGET_AFTER_ARM,24537.25,631.0,572.0,0.0,RAW_TARGET_WINNER_PRESERVED
2226,2025-09-17 09:30:00,2025-09-17T13:30:00+00:00,DIAGNOSTIC_ONLY_DEGRADED_SOURCE,NY,SEPTEMBER,NQZ5,2,16.0,1.0,2,0.5,PRICE_BE,RESOLVED,BUY_TARGET,SELL,STOP,5,2025-09-17 13:30:00.002117549+00:00,TARGET,STOP,1060,5,24537.25,24522.25,631.0,-69.0,562.0,RESOLVED,BUY,True,7.0,2025-09-17 13:30:00.006073675+00:00,PRICE_BE,24520.75,-29.0,-98.0,-660.0,RAW_TARGET_WINNER_SCRATCHED
2226,2025-09-17 09:30:00,2025-09-17T13:30:00+00:00,DIAGNOSTIC_ONLY_DEGRADED_SOURCE,NY,SEPTEMBER,NQZ5,2,16.0,1.0,2,0.5,COST_COVER_BE,RESOLVED,BUY_TARGET,SELL,STOP,5,2025-09-17 13:30:00.002117549+00:00,TARGET,STOP,1060,5,24537.25,24522.25,631.0,-69.0,562.0,RESOLVED,BUY,True,7.0,2025-09-17 13:30:00.006073675+00:00,COST_COVER_BE,24521.0,-19.0,-88.0,-650.0,RAW_TARGET_WINNER_SCRATCHED
2226,2025-09-17 09:30:00,2025-09-17T13:30:00+00:00,DIAGNOSTIC_ONLY_DEGRADED_SOURCE,NY,SEPTEMBER,NQZ5,2,16.0,1.0,2,1.0,PRICE_BE,RESOLVED,BUY_TARGET,SELL,STOP,5,2025-09-17 13:30:00.002117549+00:00,TARGET,STOP,1060,5,24537.25,24522.25,631.0,-69.0,562.0,RESOLVED,BUY,True,9.0,2025-09-17 13:30:00.014722617+00:00,PRICE_BE,24520.75,-29.0,-98.0,-660.0,RAW_TARGET_WINNER_SCRATCHED
2226,2025-09-17 09:30:00,2025-09-17T13:30:00+00:00,DIAGNOSTIC_ONLY_DEGRADED_SOURCE,NY,SEPTEMBER,NQZ5,2,16.0,1.0,2,1.0,COST_COVER_BE,RESOLVED,BUY_TARGET,SELL,STOP,5,2025-09-17 13:30:00.002117549+00:00,TARGET,STOP,1060,5,24537.25,24522.25,631.0,-69.0,562.0,RESOLVED,BUY,True,9.0,2025-09-17 13:30:00.014722617+00:00,COST_COVER_BE,24521.25,-9.0,-78.0,-640.0,RAW_TARGET_WINNER_SCRATCHED
2226,2025-09-17 09:30:00,2025-09-17T13:30:00+00:00,DIAGNOSTIC_ONLY_DEGRADED_SOURCE,NY,SEPTEMBER,NQZ5,2,16.0,1.0,2,2.0,PRICE_BE,RESOLVED,BUY_TARGET,SELL,STOP,5,2025-09-17 13:30:00.002117549+00:00,TARGET,STOP,1060,5,24537.25,24522.25,631.0,-69.0,562.0,RESOLVED,BUY,True,84.0,2025-09-17 13:30:00.203823179+00:00,PRICE_BE,24520.75,-29.0,-98.0,-660.0,RAW_TARGET_WINNER_SCRATCHED
2226,2025-09-17 09:30:00,2025-09-17T13:30:00+00:00,DIAGNOSTIC_ONLY_DEGRADED_SOURCE,NY,SEPTEMBER,NQZ5,2,16.0,1.0,2,2.0,COST_COVER_BE,RESOLVED,BUY_TARGET,SELL,STOP,5,2025-09-17 13:30:00.002117549+00:00,TARGET,STOP,1060,5,24537.25,24522.25,631.0,-69.0,562.0,RESOLVED,BUY,True,84.0,2025-09-17 13:30:00.203823179+00:00,COST_COVER_BE,24521.25,-9.0,-78.0,-640.0,RAW_TARGET_WINNER_SCRATCHED
2226,2025-09-17 09:30:00,2025-09-17T13:30:00+00:00,DIAGNOSTIC_ONLY_DEGRADED_SOURCE,NY,SEPTEMBER,NQZ5,2,16.0,1.0,2,3.0,PRICE_BE,RESOLVED,BUY_TARGET,SELL,STOP,5,2025-09-17 13:30:00.002117549+00:00,TARGET,STOP,1060,5,24537.25,24522.25,631.0,-69.0,562.0,RESOLVED,BUY,True,144.0,2025-09-17 13:30:00.548978267+00:00,PRICE_BE,24520.75,-29.0,-98.0,-660.0,RAW_TARGET_WINNER_SCRATCHED
2226,2025-09-17 09:30:00,2025-09-17T13:30:00+00:00,DIAGNOSTIC_ONLY_DEGRADED_SOURCE,NY,SEPTEMBER,NQZ5,2,16.0,1.0,2,3.0,COST_COVER_BE,RESOLVED,BUY_TARGET,SELL,STOP,5,2025-09-17 13:30:00.002117549+00:00,TARGET,STOP,1060,5,24537.25,24522.25,631.0,-69.0,562.0,RESOLVED,BUY,True,144.0,2025-09-17 13:30:00.548978267+00:00,COST_COVER_BE,24521.25,-9.0,-78.0,-640.0,RAW_TARGET_WINNER_SCRATCHED
2226,2025-09-17 09:30:00,2025-09-17T13:30:00+00:00,DIAGNOSTIC_ONLY_DEGRADED_SOURCE,NY,SEPTEMBER,NQZ5,2,16.0,1.0,2,4.0,PRICE_BE,RESOLVED,BUY_TARGET,SELL,STOP,5,2025-09-17 13:30:00.002117549+00:00,TARGET,STOP,1060,5,24537.25,24522.25,631.0,-69.0,562.0,RESOLVED,BUY,True,285.0,2025-09-17 13:30:01.584120149+00:00,TARGET_AFTER_ARM,24537.25,631.0,562.0,0.0,RAW_TARGET_WINNER_PRESERVED
2226,2025-09-17 09:30:00,2025-09-17T13:30:00+00:00,DIAGNOSTIC_ONLY_DEGRADED_SOURCE,NY,SEPTEMBER,NQZ5,2,16.0,1.0,2,4.0,COST_COVER_BE,RESOLVED,BUY_TARGET,SELL,STOP,5,2025-09-17 13:30:00.002117549+00:00,TARGET,STOP,1060,5,24537.25,24522.25,631.0,-69.0,562.0,RESOLVED,BUY,True,285.0,2025-09-17 13:30:01.584120149+00:00,TARGET_AFTER_ARM,24537.25,631.0,562.0,0.0,RAW_TARGET_WINNER_PRESERVED
2226,2025-09-17 09:30:00,2025-09-17T13:30:00+00:00,DIAGNOSTIC_ONLY_DEGRADED_SOURCE,NY,SEPTEMBER,NQZ5,2,16.0,1.0,2,5.0,PRICE_BE,RESOLVED,BUY_TARGET,SELL,STOP,5,2025-09-17 13:30:00.002117549+00:00,TARGET,STOP,1060,5,24537.25,24522.25,631.0,-69.0,562.0,RESOLVED,BUY,True,301.0,2025-09-17 13:30:01.739356049+00:00,TARGET_AFTER_ARM,24537.25,631.0,562.0,0.0,RAW_TARGET_WINNER_PRESERVED
2226,2025-09-17 09:30:00,2025-09-17T13:30:00+00:00,DIAGNOSTIC_ONLY_DEGRADED_SOURCE,NY,SEPTEMBER,NQZ5,2,16.0,1.0,2,5.0,COST_COVER_BE,RESOLVED,BUY_TARGET,SELL,STOP,5,2025-09-17 13:30:00.002117549+00:00,TARGET,STOP,1060,5,24537.25,24522.25,631.0,-69.0,562.0,RESOLVED,BUY,True,301.0,2025-09-17 13:30:01.739356049+00:00,TARGET_AFTER_ARM,24537.25,631.0,562.0,0.0,RAW_TARGET_WINNER_PRESERVED
2226,2025-09-17 09:30:00,2025-09-17T13:30:00+00:00,DIAGNOSTIC_ONLY_DEGRADED_SOURCE,NY,SEPTEMBER,NQZ5,2,16.0,1.0,2,8.0,PRICE_BE,RESOLVED,BUY_TARGET,SELL,STOP,5,2025-09-17 13:30:00.002117549+00:00,TARGET,STOP,1060,5,24537.25,24522.25,631.0,-69.0,562.0,RESOLVED,BUY,True,400.0,2025-09-17 13:30:02.325880515+00:00,TARGET_AFTER_ARM,24537.25,631.0,562.0,0.0,RAW_TARGET_WINNER_PRESERVED
2226,2025-09-17 09:30:00,2025-09-17T13:30:00+00:00,DIAGNOSTIC_ONLY_DEGRADED_SOURCE,NY,SEPTEMBER,NQZ5,2,16.0,1.0,2,8.0,COST_COVER_BE,RESOLVED,BUY_TARGET,SELL,STOP,5,2025-09-17 13:30:00.002117549+00:00,TARGET,STOP,1060,5,24537.25,24522.25,631.0,-69.0,562.0,RESOLVED,BUY,True,400.0,2025-09-17 13:30:02.325880515+00:00,TARGET_AFTER_ARM,24537.25,631.0,562.0,0.0,RAW_TARGET_WINNER_PRESERVED
2226,2025-09-17 09:30:00,2025-09-17T13:30:00+00:00,DIAGNOSTIC_ONLY_DEGRADED_SOURCE,NY,SEPTEMBER,NQZ5,2,16.0,1.0,4,0.5,PRICE_BE,RESOLVED,BUY_TARGET,SELL,STOP,5,2025-09-17 13:30:00.002117549+00:00,TARGET,STOP,1060,5,24537.25,24522.75,631.0,-89.0,542.0,RESOLVED,BUY,True,7.0,2025-09-17 13:30:00.006073675+00:00,PRICE_BE,24520.25,-49.0,-138.0,-680.0,RAW_TARGET_WINNER_SCRATCHED
2226,2025-09-17 09:30:00,2025-09-17T13:30:00+00:00,DIAGNOSTIC_ONLY_DEGRADED_SOURCE,NY,SEPTEMBER,NQZ5,2,16.0,1.0,4,0.5,COST_COVER_BE,RESOLVED,BUY_TARGET,SELL,STOP,5,2025-09-17 13:30:00.002117549+00:00,TARGET,STOP,1060,5,24537.25,24522.75,631.0,-89.0,542.0,RESOLVED,BUY,True,7.0,2025-09-17 13:30:00.006073675+00:00,COST_COVER_BE,24520.5,-39.0,-128.0,-670.0,RAW_TARGET_WINNER_SCRATCHED
2226,2025-09-17 09:30:00,2025-09-17T13:30:00+00:00,DIAGNOSTIC_ONLY_DEGRADED_SOURCE,NY,SEPTEMBER,NQZ5,2,16.0,1.0,4,1.0,PRICE_BE,RESOLVED,BUY_TARGET,SELL,STOP,5,2025-09-17 13:30:00.002117549+00:00,TARGET,STOP,1060,5,24537.25,24522.75,631.0,-89.0,542.0,RESOLVED,BUY,True,9.0,2025-09-17 13:30:00.014722617+00:00,PRICE_BE,24520.25,-49.0,-138.0,-680.0,RAW_TARGET_WINNER_SCRATCHED
2226,2025-09-17 09:30:00,2025-09-17T13:30:00+00:00,DIAGNOSTIC_ONLY_DEGRADED_SOURCE,NY,SEPTEMBER,NQZ5,2,16.0,1.0,4,1.0,COST_COVER_BE,RESOLVED,BUY_TARGET,SELL,STOP,5,2025-09-17 13:30:00.002117549+00:00,TARGET,STOP,1060,5,24537.25,24522.75,631.0,-89.0,542.0,RESOLVED,BUY,True,9.0,2025-09-17 13:30:00.014722617+00:00,COST_COVER_BE,24520.75,-29.0,-118.0,-660.0,RAW_TARGET_WINNER_SCRATCHED
2226,2025-09-17 09:30:00,2025-09-17T13:30:00+00:00,DIAGNOSTIC_ONLY_DEGRADED_SOURCE,NY,SEPTEMBER,NQZ5,2,16.0,1.0,4,2.0,PRICE_BE,RESOLVED,BUY_TARGET,SELL,STOP,5,2025-09-17 13:30:00.002117549+00:00,TARGET,STOP,1060,5,24537.25,24522.75,631.0,-89.0,542.0,RESOLVED,BUY,True,84.0,2025-09-17 13:30:00.203823179+00:00,PRICE_BE,24520.25,-49.0,-138.0,-680.0,RAW_TARGET_WINNER_SCRATCHED
2226,2025-09-17 09:30:00,2025-09-17T13:30:00+00:00,DIAGNOSTIC_ONLY_DEGRADED_SOURCE,NY,SEPTEMBER,NQZ5,2,16.0,1.0,4,2.0,COST_COVER_BE,RESOLVED,BUY_TARGET,SELL,STOP,5,2025-09-17 13:30:00.002117549+00:00,TARGET,STOP,1060,5,24537.25,24522.75,631.0,-89.0,542.0,RESOLVED,BUY,True,84.0,2025-09-17 13:30:00.203823179+00:00,COST_COVER_BE,24520.75,-29.0,-118.0,-660.0,RAW_TARGET_WINNER_SCRATCHED
2226,2025-09-17 09:30:00,2025-09-17T13:30:00+00:00,DIAGNOSTIC_ONLY_DEGRADED_SOURCE,NY,SEPTEMBER,NQZ5,2,16.0,1.0,4,3.0,PRICE_BE,RESOLVED,BUY_TARGET,SELL,STOP,5,2025-09-17 13:30:00.002117549+00:00,TARGET,STOP,1060,5,24537.25,24522.75,631.0,-89.0,542.0,RESOLVED,BUY,True,144.0,2025-09-17 13:30:00.548978267+00:00,PRICE_BE,24520.25,-49.0,-138.0,-680.0,RAW_TARGET_WINNER_SCRATCHED
2226,2025-09-17 09:30:00,2025-09-17T13:30:00+00:00,DIAGNOSTIC_ONLY_DEGRADED_SOURCE,NY,SEPTEMBER,NQZ5,2,16.0,1.0,4,3.0,COST_COVER_BE,RESOLVED,BUY_TARGET,SELL,STOP,5,2025-09-17 13:30:00.002117549+00:00,TARGET,STOP,1060,5,24537.25,24522.75,631.0,-89.0,542.0,RESOLVED,BUY,True,144.0,2025-09-17 13:30:00.548978267+00:00,COST_COVER_BE,24520.75,-29.0,-118.0,-660.0,RAW_TARGET_WINNER_SCRATCHED
2226,2025-09-17 09:30:00,2025-09-17T13:30:00+00:00,DIAGNOSTIC_ONLY_DEGRADED_SOURCE,NY,SEPTEMBER,NQZ5,2,16.0,1.0,4,4.0,PRICE_BE,RESOLVED,BUY_TARGET,SELL,STOP,5,2025-09-17 13:30:00.002117549+00:00,TARGET,STOP,1060,5,24537.25,24522.75,631.0,-89.0,542.0,RESOLVED,BUY,True,285.0,2025-09-17 13:30:01.584120149+00:00,TARGET_AFTER_ARM,24537.25,631.0,542.0,0.0,RAW_TARGET_WINNER_PRESERVED
2226,2025-09-17 09:30:00,2025-09-17T13:30:00+00:00,DIAGNOSTIC_ONLY_DEGRADED_SOURCE,NY,SEPTEMBER,NQZ5,2,16.0,1.0,4,4.0,COST_COVER_BE,RESOLVED,BUY_TARGET,SELL,STOP,5,2025-09-17 13:30:00.002117549+00:00,TARGET,STOP,1060,5,24537.25,24522.75,631.0,-89.0,542.0,RESOLVED,BUY,True,285.0,2025-09-17 13:30:01.584120149+00:00,TARGET_AFTER_ARM,24537.25,631.0,542.0,0.0,RAW_TARGET_WINNER_PRESERVED
2226,2025-09-17 09:30:00,2025-09-17T13:30:00+00:00,DIAGNOSTIC_ONLY_DEGRADED_SOURCE,NY,SEPTEMBER,NQZ5,2,16.0,1.0,4,5.0,PRICE_BE,RESOLVED,BUY_TARGET,SELL,STOP,5,2025-09-17 13:30:00.002117549+00:00,TARGET,STOP,1060,5,24537.25,24522.75,631.0,-89.0,542.0,RESOLVED,BUY,True,301.0,2025-09-17 13:30:01.739356049+00:00,TARGET_AFTER_ARM,24537.25,631.0,542.0,0.0,RAW_TARGET_WINNER_PRESERVED
2226,2025-09-17 09:30:00,2025-09-17T13:30:00+00:00,DIAGNOSTIC_ONLY_DEGRADED_SOURCE,NY,SEPTEMBER,NQZ5,2,16.0,1.0,4,5.0,COST_COVER_BE,RESOLVED,BUY_TARGET,SELL,STOP,5,2025-09-17 13:30:00.002117549+00:00,TARGET,STOP,1060,5,24537.25,24522.75,631.0,-89.0,542.0,RESOLVED,BUY,True,301.0,2025-09-17 13:30:01.739356049+00:00,TARGET_AFTER_ARM,24537.25,631.0,542.0,0.0,RAW_TARGET_WINNER_PRESERVED
2226,2025-09-17 09:30:00,2025-09-17T13:30:00+00:00,DIAGNOSTIC_ONLY_DEGRADED_SOURCE,NY,SEPTEMBER,NQZ5,2,16.0,1.0,4,8.0,PRICE_BE,RESOLVED,BUY_TARGET,SELL,STOP,5,2025-09-17 13:30:00.002117549+00:00,TARGET,STOP,1060,5,24537.25,24522.75,631.0,-89.0,542.0,RESOLVED,BUY,True,400.0,2025-09-17 13:30:02.325880515+00:00,TARGET_AFTER_ARM,24537.25,631.0,542.0,0.0,RAW_TARGET_WINNER_PRESERVED
2226,2025-09-17 09:30:00,2025-09-17T13:30:00+00:00,DIAGNOSTIC_ONLY_DEGRADED_SOURCE,NY,SEPTEMBER,NQZ5,2,16.0,1.0,4,8.0,COST_COVER_BE,RESOLVED,BUY_TARGET,SELL,STOP,5,2025-09-17 13:30:00.002117549+00:00,TARGET,STOP,1060,5,24537.25,24522.75,631.0,-89.0,542.0,RESOLVED,BUY,True,400.0,2025-09-17 13:30:02.325880515+00:00,TARGET_AFTER_ARM,24537.25,631.0,542.0,0.0,RAW_TARGET_WINNER_PRESERVED
2227,2025-09-17 18:00:00,2025-09-17T22:00:00+00:00,DIAGNOSTIC_ONLY_DEGRADED_SOURCE,WEEKDAY_WEAK,SEPTEMBER,NQZ5,1,10.0,1.0,0,0.5,PRICE_BE,RESOLVED,DOUBLE_STOP,SELL,STOP,0,2025-09-17 22:00:00.021525167+00:00,STOP,STOP,7,0,24497.0,24504.0,-39.5,-119.5,-159.0,RESOLVED,BUY,False,,,ORIGINAL_STOP_BEFORE_ARM,24497.0,-39.5,-159.0,0.0,RAW_DOUBLE_STOP_NOT_RESCUED
2227,2025-09-17 18:00:00,2025-09-17T22:00:00+00:00,DIAGNOSTIC_ONLY_DEGRADED_SOURCE,WEEKDAY_WEAK,SEPTEMBER,NQZ5,1,10.0,1.0,0,0.5,COST_COVER_BE,RESOLVED,DOUBLE_STOP,SELL,STOP,0,2025-09-17 22:00:00.021525167+00:00,STOP,STOP,7,0,24497.0,24504.0,-39.5,-119.5,-159.0,RESOLVED,BUY,False,,,ORIGINAL_STOP_BEFORE_ARM,24497.0,-39.5,-159.0,0.0,RAW_DOUBLE_STOP_NOT_RESCUED
2227,2025-09-17 18:00:00,2025-09-17T22:00:00+00:00,DIAGNOSTIC_ONLY_DEGRADED_SOURCE,WEEKDAY_WEAK,SEPTEMBER,NQZ5,1,10.0,1.0,0,1.0,PRICE_BE,RESOLVED,DOUBLE_STOP,SELL,STOP,0,2025-09-17 22:00:00.021525167+00:00,STOP,STOP,7,0,24497.0,24504.0,-39.5,-119.5,-159.0,RESOLVED,BUY,False,,,ORIGINAL_STOP_BEFORE_ARM,24497.0,-39.5,-159.0,0.0,RAW_DOUBLE_STOP_NOT_RESCUED
2227,2025-09-17 18:00:00,2025-09-17T22:00:00+00:00,DIAGNOSTIC_ONLY_DEGRADED_SOURCE,WEEKDAY_WEAK,SEPTEMBER,NQZ5,1,10.0,1.0,0,1.0,COST_COVER_BE,RESOLVED,DOUBLE_STOP,SELL,STOP,0,2025-09-17 22:00:00.021525167+00:00,STOP,STOP,7,0,24497.0,24504.0,-39.5,-119.5,-159.0,RESOLVED,BUY,False,,,ORIGINAL_STOP_BEFORE_ARM,24497.0,-39.5,-159.0,0.0,RAW_DOUBLE_STOP_NOT_RESCUED
2227,2025-09-17 18:00:00,2025-09-17T22:00:00+00:00,DIAGNOSTIC_ONLY_DEGRADED_SOURCE,WEEKDAY_WEAK,SEPTEMBER,NQZ5,1,10.0,1.0,0,2.0,PRICE_BE,RESOLVED,DOUBLE_STOP,SELL,STOP,0,2025-09-17 22:00:00.021525167+00:00,STOP,STOP,7,0,24497.0,24504.0,-39.5,-119.5,-159.0,RESOLVED,BUY,False,,,ORIGINAL_STOP_BEFORE_ARM,24497.0,-39.5,-159.0,0.0,RAW_DOUBLE_STOP_NOT_RESCUED
2227,2025-09-17 18:00:00,2025-09-17T22:00:00+00:00,DIAGNOSTIC_ONLY_DEGRADED_SOURCE,WEEKDAY_WEAK,SEPTEMBER,NQZ5,1,10.0,1.0,0,2.0,COST_COVER_BE,RESOLVED,DOUBLE_STOP,SELL,STOP,0,2025-09-17 22:00:00.021525167+00:00,STOP,STOP,7,0,24497.0,24504.0,-39.5,-119.5,-159.0,RESOLVED,BUY,False,,,ORIGINAL_STOP_BEFORE_ARM,24497.0,-39.5,-159.0,0.0,RAW_DOUBLE_STOP_NOT_RESCUED
2227,2025-09-17 18:00:00,2025-09-17T22:00:00+00:00,DIAGNOSTIC_ONLY_DEGRADED_SOURCE,WEEKDAY_WEAK,SEPTEMBER,NQZ5,1,10.0,1.0,0,3.0,PRICE_BE,RESOLVED,DOUBLE_STOP,SELL,STOP,0,2025-09-17 22:00:00.021525167+00:00,STOP,STOP,7,0,24497.0,24504.0,-39.5,-119.5,-159.0,RESOLVED,BUY,False,,,ORIGINAL_STOP_BEFORE_ARM,24497.0,-39.5,-159.0,0.0,RAW_DOUBLE_STOP_NOT_RESCUED
2227,2025-09-17 18:00:00,2025-09-17T22:00:00+00:00,DIAGNOSTIC_ONLY_DEGRADED_SOURCE,WEEKDAY_WEAK,SEPTEMBER,NQZ5,1,10.0,1.0,0,3.0,COST_COVER_BE,RESOLVED,DOUBLE_STOP,SELL,STOP,0,2025-09-17 22:00:00.021525167+00:00,STOP,STOP,7,0,24497.0,24504.0,-39.5,-119.5,-159.0,RESOLVED,BUY,False,,,ORIGINAL_STOP_BEFORE_ARM,24497.0,-39.5,-159.0,0.0,RAW_DOUBLE_STOP_NOT_RESCUED
2227,2025-09-17 18:00:00,2025-09-17T22:00:00+00:00,DIAGNOSTIC_ONLY_DEGRADED_SOURCE,WEEKDAY_WEAK,SEPTEMBER,NQZ5,1,10.0,1.0,0,4.0,PRICE_BE,RESOLVED,DOUBLE_STOP,SELL,STOP,0,2025-09-17 22:00:00.021525167+00:00,STOP,STOP,7,0,24497.0,24504.0,-39.5,-119.5,-159.0,RESOLVED,BUY,False,,,ORIGINAL_STOP_BEFORE_ARM,24497.0,-39.5,-159.0,0.0,RAW_DOUBLE_STOP_NOT_RESCUED
2227,2025-09-17 18:00:00,2025-09-17T22:00:00+00:00,DIAGNOSTIC_ONLY_DEGRADED_SOURCE,WEEKDAY_WEAK,SEPTEMBER,NQZ5,1,10.0,1.0,0,4.0,COST_COVER_BE,RESOLVED,DOUBLE_STOP,SELL,STOP,0,2025-09-17 22:00:00.021525167+00:00,STOP,STOP,7,0,24497.0,24504.0,-39.5,-119.5,-159.0,RESOLVED,BUY,False,,,ORIGINAL_STOP_BEFORE_ARM,24497.0,-39.5,-159.0,0.0,RAW_DOUBLE_STOP_NOT_RESCUED
2227,2025-09-17 18:00:00,2025-09-17T22:00:00+00:00,DIAGNOSTIC_ONLY_DEGRADED_SOURCE,WEEKDAY_WEAK,SEPTEMBER,NQZ5,1,10.0,1.0,0,5.0,PRICE_BE,RESOLVED,DOUBLE_STOP,SELL,STOP,0,2025-09-17 22:00:00.021525167+00:00,STOP,STOP,7,0,24497.0,24504.0,-39.5,-119.5,-159.0,RESOLVED,BUY,False,,,ORIGINAL_STOP_BEFORE_ARM,24497.0,-39.5,-159.0,0.0,RAW_DOUBLE_STOP_NOT_RESCUED
2227,2025-09-17 18:00:00,2025-09-17T22:00:00+00:00,DIAGNOSTIC_ONLY_DEGRADED_SOURCE,WEEKDAY_WEAK,SEPTEMBER,NQZ5,1,10.0,1.0,0,5.0,COST_COVER_BE,RESOLVED,DOUBLE_STOP,SELL,STOP,0,2025-09-17 22:00:00.021525167+00:00,STOP,STOP,7,0,24497.0,24504.0,-39.5,-119.5,-159.0,RESOLVED,BUY,False,,,ORIGINAL_STOP_BEFORE_ARM,24497.0,-39.5,-159.0,0.0,RAW_DOUBLE_STOP_NOT_RESCUED
2227,2025-09-17 18:00:00,2025-09-17T22:00:00+00:00,DIAGNOSTIC_ONLY_DEGRADED_SOURCE,WEEKDAY_WEAK,SEPTEMBER,NQZ5,1,10.0,1.0,0,8.0,PRICE_BE,RESOLVED,DOUBLE_STOP,SELL,STOP,0,2025-09-17 22:00:00.021525167+00:00,STOP,STOP,7,0,24497.0,24504.0,-39.5,-119.5,-159.0,RESOLVED,BUY,False,,,ORIGINAL_STOP_BEFORE_ARM,24497.0,-39.5,-159.0,0.0,RAW_DOUBLE_STOP_NOT_RESCUED
2227,2025-09-17 18:00:00,2025-09-17T22:00:00+00:00,DIAGNOSTIC_ONLY_DEGRADED_SOURCE,WEEKDAY_WEAK,SEPTEMBER,NQZ5,1,10.0,1.0,0,8.0,COST_COVER_BE,RESOLVED,DOUBLE_STOP,SELL,STOP,0,2025-09-17 22:00:00.021525167+00:00,STOP,STOP,7,0,24497.0,24504.0,-39.5,-119.5,-159.0,RESOLVED,BUY,False,,,ORIGINAL_STOP_BEFORE_ARM,24497.0,-39.5,-159.0,0.0,RAW_DOUBLE_STOP_NOT_RESCUED
2227,2025-09-17 18:00:00,2025-09-17T22:00:00+00:00,DIAGNOSTIC_ONLY_DEGRADED_SOURCE,WEEKDAY_WEAK,SEPTEMBER,NQZ5,1,10.0,1.0,1,0.5,PRICE_BE,RESOLVED,DOUBLE_STOP,SELL,STOP,0,2025-09-17 22:00:00.021525167+00:00,STOP,STOP,7,0,24496.75,24504.25,-44.5,-124.5,-169.0,RESOLVED,BUY,False,,,ORIGINAL_STOP_BEFORE_ARM,24496.75,-44.5,-169.0,0.0,RAW_DOUBLE_STOP_NOT_RESCUED
2227,2025-09-17 18:00:00,2025-09-17T22:00:00+00:00,DIAGNOSTIC_ONLY_DEGRADED_SOURCE,WEEKDAY_WEAK,SEPTEMBER,NQZ5,1,10.0,1.0,1,0.5,COST_COVER_BE,RESOLVED,DOUBLE_STOP,SELL,STOP,0,2025-09-17 22:00:00.021525167+00:00,STOP,STOP,7,0,24496.75,24504.25,-44.5,-124.5,-169.0,RESOLVED,BUY,False,,,ORIGINAL_STOP_BEFORE_ARM,24496.75,-44.5,-169.0,0.0,RAW_DOUBLE_STOP_NOT_RESCUED
2227,2025-09-17 18:00:00,2025-09-17T22:00:00+00:00,DIAGNOSTIC_ONLY_DEGRADED_SOURCE,WEEKDAY_WEAK,SEPTEMBER,NQZ5,1,10.0,1.0,1,1.0,PRICE_BE,RESOLVED,DOUBLE_STOP,SELL,STOP,0,2025-09-17 22:00:00.021525167+00:00,STOP,STOP,7,0,24496.75,24504.25,-44.5,-124.5,-169.0,RESOLVED,BUY,False,,,ORIGINAL_STOP_BEFORE_ARM,24496.75,-44.5,-169.0,0.0,RAW_DOUBLE_STOP_NOT_RESCUED
2227,2025-09-17 18:00:00,2025-09-17T22:00:00+00:00,DIAGNOSTIC_ONLY_DEGRADED_SOURCE,WEEKDAY_WEAK,SEPTEMBER,NQZ5,1,10.0,1.0,1,1.0,COST_COVER_BE,RESOLVED,DOUBLE_STOP,SELL,STOP,0,2025-09-17 22:00:00.021525167+00:00,STOP,STOP,7,0,24496.75,24504.25,-44.5,-124.5,-169.0,RESOLVED,BUY,False,,,ORIGINAL_STOP_BEFORE_ARM,24496.75,-44.5,-169.0,0.0,RAW_DOUBLE_STOP_NOT_RESCUED
2227,2025-09-17 18:00:00,2025-09-17T22:00:00+00:00,DIAGNOSTIC_ONLY_DEGRADED_SOURCE,WEEKDAY_WEAK,SEPTEMBER,NQZ5,1,10.0,1.0,1,2.0,PRICE_BE,RESOLVED,DOUBLE_STOP,SELL,STOP,0,2025-09-17 22:00:00.021525167+00:00,STOP,STOP,7,0,24496.75,24504.25,-44.5,-124.5,-169.0,RESOLVED,BUY,False,,,ORIGINAL_STOP_BEFORE_ARM,24496.75,-44.5,-169.0,0.0,RAW_DOUBLE_STOP_NOT_RESCUED
2227,2025-09-17 18:00:00,2025-09-17T22:00:00+00:00,DIAGNOSTIC_ONLY_DEGRADED_SOURCE,WEEKDAY_WEAK,SEPTEMBER,NQZ5,1,10.0,1.0,1,2.0,COST_COVER_BE,RESOLVED,DOUBLE_STOP,SELL,STOP,0,2025-09-17 22:00:00.021525167+00:00,STOP,STOP,7,0,24496.75,24504.25,-44.5,-124.5,-169.0,RESOLVED,BUY,False,,,ORIGINAL_STOP_BEFORE_ARM,24496.75,-44.5,-169.0,0.0,RAW_DOUBLE_STOP_NOT_RESCUED
2227,2025-09-17 18:00:00,2025-09-17T22:00:00+00:00,DIAGNOSTIC_ONLY_DEGRADED_SOURCE,WEEKDAY_WEAK,SEPTEMBER,NQZ5,1,10.0,1.0,1,3.0,PRICE_BE,RESOLVED,DOUBLE_STOP,SELL,STOP,0,2025-09-17 22:00:00.021525167+00:00,STOP,STOP,7,0,24496.75,24504.25,-44.5,-124.5,-169.0,RESOLVED,BUY,False,,,ORIGINAL_STOP_BEFORE_ARM,24496.75,-44.5,-169.0,0.0,RAW_DOUBLE_STOP_NOT_RESCUED
2227,2025-09-17 18:00:00,2025-09-17T22:00:00+00:00,DIAGNOSTIC_ONLY_DEGRADED_SOURCE,WEEKDAY_WEAK,SEPTEMBER,NQZ5,1,10.0,1.0,1,3.0,COST_COVER_BE,RESOLVED,DOUBLE_STOP,SELL,STOP,0,2025-09-17 22:00:00.021525167+00:00,STOP,STOP,7,0,24496.75,24504.25,-44.5,-124.5,-169.0,RESOLVED,BUY,False,,,ORIGINAL_STOP_BEFORE_ARM,24496.75,-44.5,-169.0,0.0,RAW_DOUBLE_STOP_NOT_RESCUED
2227,2025-09-17 18:00:00,2025-09-17T22:00:00+00:00,DIAGNOSTIC_ONLY_DEGRADED_SOURCE,WEEKDAY_WEAK,SEPTEMBER,NQZ5,1,10.0,1.0,1,4.0,PRICE_BE,RESOLVED,DOUBLE_STOP,SELL,STOP,0,2025-09-17 22:00:00.021525167+00:00,STOP,STOP,7,0,24496.75,24504.25,-44.5,-124.5,-169.0,RESOLVED,BUY,False,,,ORIGINAL_STOP_BEFORE_ARM,24496.75,-44.5,-169.0,0.0,RAW_DOUBLE_STOP_NOT_RESCUED
2227,2025-09-17 18:00:00,2025-09-17T22:00:00+00:00,DIAGNOSTIC_ONLY_DEGRADED_SOURCE,WEEKDAY_WEAK,SEPTEMBER,NQZ5,1,10.0,1.0,1,4.0,COST_COVER_BE,RESOLVED,DOUBLE_STOP,SELL,STOP,0,2025-09-17 22:00:00.021525167+00:00,STOP,STOP,7,0,24496.75,24504.25,-44.5,-124.5,-169.0,RESOLVED,BUY,False,,,ORIGINAL_STOP_BEFORE_ARM,24496.75,-44.5,-169.0,0.0,RAW_DOUBLE_STOP_NOT_RESCUED
2227,2025-09-17 18:00:00,2025-09-17T22:00:00+00:00,DIAGNOSTIC_ONLY_DEGRADED_SOURCE,WEEKDAY_WEAK,SEPTEMBER,NQZ5,1,10.0,1.0,1,5.0,PRICE_BE,RESOLVED,DOUBLE_STOP,SELL,STOP,0,2025-09-17 22:00:00.021525167+00:00,STOP,STOP,7,0,24496.75,24504.25,-44.5,-124.5,-169.0,RESOLVED,BUY,False,,,ORIGINAL_STOP_BEFORE_ARM,24496.75,-44.5,-169.0,0.0,RAW_DOUBLE_STOP_NOT_RESCUED
2227,2025-09-17 18:00:00,2025-09-17T22:00:00+00:00,DIAGNOSTIC_ONLY_DEGRADED_SOURCE,WEEKDAY_WEAK,SEPTEMBER,NQZ5,1,10.0,1.0,1,5.0,COST_COVER_BE,RESOLVED,DOUBLE_STOP,SELL,STOP,0,2025-09-17 22:00:00.021525167+00:00,STOP,STOP,7,0,24496.75,24504.25,-44.5,-124.5,-169.0,RESOLVED,BUY,False,,,ORIGINAL_STOP_BEFORE_ARM,24496.75,-44.5,-169.0,0.0,RAW_DOUBLE_STOP_NOT_RESCUED
2227,2025-09-17 18:00:00,2025-09-17T22:00:00+00:00,DIAGNOSTIC_ONLY_DEGRADED_SOURCE,WEEKDAY_WEAK,SEPTEMBER,NQZ5,1,10.0,1.0,1,8.0,PRICE_BE,RESOLVED,DOUBLE_STOP,SELL,STOP,0,2025-09-17 22:00:00.021525167+00:00,STOP,STOP,7,0,24496.75,24504.25,-44.5,-124.5,-169.0,RESOLVED,BUY,False,,,ORIGINAL_STOP_BEFORE_ARM,24496.75,-44.5,-169.0,0.0,RAW_DOUBLE_STOP_NOT_RESCUED
2227,2025-09-17 18:00:00,2025-09-17T22:00:00+00:00,DIAGNOSTIC_ONLY_DEGRADED_SOURCE,WEEKDAY_WEAK,SEPTEMBER,NQZ5,1,10.0,1.0,1,8.0,COST_COVER_BE,RESOLVED,DOUBLE_STOP,SELL,STOP,0,2025-09-17 22:00:00.021525167+00:00,STOP,STOP,7,0,24496.75,24504.25,-44.5,-124.5,-169.0,RESOLVED,BUY,False,,,ORIGINAL_STOP_BEFORE_ARM,24496.75,-44.5,-169.0,0.0,RAW_DOUBLE_STOP_NOT_RESCUED
2227,2025-09-17 18:00:00,2025-09-17T22:00:00+00:00,DIAGNOSTIC_ONLY_DEGRADED_SOURCE,WEEKDAY_WEAK,SEPTEMBER,NQZ5,1,10.0,1.0,2,0.5,PRICE_BE,RESOLVED,DOUBLE_STOP,SELL,STOP,0,2025-09-17 22:00:00.021525167+00:00,STOP,STOP,7,0,24496.5,24504.5,-49.5,-129.5,-179.0,RESOLVED,BUY,False,,,ORIGINAL_STOP_BEFORE_ARM,24496.5,-49.5,-179.0,0.0,RAW_DOUBLE_STOP_NOT_RESCUED
2227,2025-09-17 18:00:00,2025-09-17T22:00:00+00:00,DIAGNOSTIC_ONLY_DEGRADED_SOURCE,WEEKDAY_WEAK,SEPTEMBER,NQZ5,1,10.0,1.0,2,0.5,COST_COVER_BE,RESOLVED,DOUBLE_STOP,SELL,STOP,0,2025-09-17 22:00:00.021525167+00:00,STOP,STOP,7,0,24496.5,24504.5,-49.5,-129.5,-179.0,RESOLVED,BUY,False,,,ORIGINAL_STOP_BEFORE_ARM,24496.5,-49.5,-179.0,0.0,RAW_DOUBLE_STOP_NOT_RESCUED
2227,2025-09-17 18:00:00,2025-09-17T22:00:00+00:00,DIAGNOSTIC_ONLY_DEGRADED_SOURCE,WEEKDAY_WEAK,SEPTEMBER,NQZ5,1,10.0,1.0,2,1.0,PRICE_BE,RESOLVED,DOUBLE_STOP,SELL,STOP,0,2025-09-17 22:00:00.021525167+00:00,STOP,STOP,7,0,24496.5,24504.5,-49.5,-129.5,-179.0,RESOLVED,BUY,False,,,ORIGINAL_STOP_BEFORE_ARM,24496.5,-49.5,-179.0,0.0,RAW_DOUBLE_STOP_NOT_RESCUED
2227,2025-09-17 18:00:00,2025-09-17T22:00:00+00:00,DIAGNOSTIC_ONLY_DEGRADED_SOURCE,WEEKDAY_WEAK,SEPTEMBER,NQZ5,1,10.0,1.0,2,1.0,COST_COVER_BE,RESOLVED,DOUBLE_STOP,SELL,STOP,0,2025-09-17 22:00:00.021525167+00:00,STOP,STOP,7,0,24496.5,24504.5,-49.5,-129.5,-179.0,RESOLVED,BUY,False,,,ORIGINAL_STOP_BEFORE_ARM,24496.5,-49.5,-179.0,0.0,RAW_DOUBLE_STOP_NOT_RESCUED
2227,2025-09-17 18:00:00,2025-09-17T22:00:00+00:00,DIAGNOSTIC_ONLY_DEGRADED_SOURCE,WEEKDAY_WEAK,SEPTEMBER,NQZ5,1,10.0,1.0,2,2.0,PRICE_BE,RESOLVED,DOUBLE_STOP,SELL,STOP,0,2025-09-17 22:00:00.021525167+00:00,STOP,STOP,7,0,24496.5,24504.5,-49.5,-129.5,-179.0,RESOLVED,BUY,False,,,ORIGINAL_STOP_BEFORE_ARM,24496.5,-49.5,-179.0,0.0,RAW_DOUBLE_STOP_NOT_RESCUED
2227,2025-09-17 18:00:00,2025-09-17T22:00:00+00:00,DIAGNOSTIC_ONLY_DEGRADED_SOURCE,WEEKDAY_WEAK,SEPTEMBER,NQZ5,1,10.0,1.0,2,2.0,COST_COVER_BE,RESOLVED,DOUBLE_STOP,SELL,STOP,0,2025-09-17 22:00:00.021525167+00:00,STOP,STOP,7,0,24496.5,24504.5,-49.5,-129.5,-179.0,RESOLVED,BUY,False,,,ORIGINAL_STOP_BEFORE_ARM,24496.5,-49.5,-179.0,0.0,RAW_DOUBLE_STOP_NOT_RESCUED
2227,2025-09-17 18:00:00,2025-09-17T22:00:00+00:00,DIAGNOSTIC_ONLY_DEGRADED_SOURCE,WEEKDAY_WEAK,SEPTEMBER,NQZ5,1,10.0,1.0,2,3.0,PRICE_BE,RESOLVED,DOUBLE_STOP,SELL,STOP,0,2025-09-17 22:00:00.021525167+00:00,STOP,STOP,7,0,24496.5,24504.5,-49.5,-129.5,-179.0,RESOLVED,BUY,False,,,ORIGINAL_STOP_BEFORE_ARM,24496.5,-49.5,-179.0,0.0,RAW_DOUBLE_STOP_NOT_RESCUED
2227,2025-09-17 18:00:00,2025-09-17T22:00:00+00:00,DIAGNOSTIC_ONLY_DEGRADED_SOURCE,WEEKDAY_WEAK,SEPTEMBER,NQZ5,1,10.0,1.0,2,3.0,COST_COVER_BE,RESOLVED,DOUBLE_STOP,SELL,STOP,0,2025-09-17 22:00:00.021525167+00:00,STOP,STOP,7,0,24496.5,24504.5,-49.5,-129.5,-179.0,RESOLVED,BUY,False,,,ORIGINAL_STOP_BEFORE_ARM,24496.5,-49.5,-179.0,0.0,RAW_DOUBLE_STOP_NOT_RESCUED
2227,2025-09-17 18:00:00,2025-09-17T22:00:00+00:00,DIAGNOSTIC_ONLY_DEGRADED_SOURCE,WEEKDAY_WEAK,SEPTEMBER,NQZ5,1,10.0,1.0,2,4.0,PRICE_BE,RESOLVED,DOUBLE_STOP,SELL,STOP,0,2025-09-17 22:00:00.021525167+00:00,STOP,STOP,7,0,24496.5,24504.5,-49.5,-129.5,-179.0,RESOLVED,BUY,False,,,ORIGINAL_STOP_BEFORE_ARM,24496.5,-49.5,-179.0,0.0,RAW_DOUBLE_STOP_NOT_RESCUED
2227,2025-09-17 18:00:00,2025-09-17T22:00:00+00:00,DIAGNOSTIC_ONLY_DEGRADED_SOURCE,WEEKDAY_WEAK,SEPTEMBER,NQZ5,1,10.0,1.0,2,4.0,COST_COVER_BE,RESOLVED,DOUBLE_STOP,SELL,STOP,0,2025-09-17 22:00:00.021525167+00:00,STOP,STOP,7,0,24496.5,24504.5,-49.5,-129.5,-179.0,RESOLVED,BUY,False,,,ORIGINAL_STOP_BEFORE_ARM,24496.5,-49.5,-179.0,0.0,RAW_DOUBLE_STOP_NOT_RESCUED
2227,2025-09-17 18:00:00,2025-09-17T22:00:00+00:00,DIAGNOSTIC_ONLY_DEGRADED_SOURCE,WEEKDAY_WEAK,SEPTEMBER,NQZ5,1,10.0,1.0,2,5.0,PRICE_BE,RESOLVED,DOUBLE_STOP,SELL,STOP,0,2025-09-17 22:00:00.021525167+00:00,STOP,STOP,7,0,24496.5,24504.5,-49.5,-129.5,-179.0,RESOLVED,BUY,False,,,ORIGINAL_STOP_BEFORE_ARM,24496.5,-49.5,-179.0,0.0,RAW_DOUBLE_STOP_NOT_RESCUED
2227,2025-09-17 18:00:00,2025-09-17T22:00:00+00:00,DIAGNOSTIC_ONLY_DEGRADED_SOURCE,WEEKDAY_WEAK,SEPTEMBER,NQZ5,1,10.0,1.0,2,5.0,COST_COVER_BE,RESOLVED,DOUBLE_STOP,SELL,STOP,0,2025-09-17 22:00:00.021525167+00:00,STOP,STOP,7,0,24496.5,24504.5,-49.5,-129.5,-179.0,RESOLVED,BUY,False,,,ORIGINAL_STOP_BEFORE_ARM,24496.5,-49.5,-179.0,0.0,RAW_DOUBLE_STOP_NOT_RESCUED
2227,2025-09-17 18:00:00,2025-09-17T22:00:00+00:00,DIAGNOSTIC_ONLY_DEGRADED_SOURCE,WEEKDAY_WEAK,SEPTEMBER,NQZ5,1,10.0,1.0,2,8.0,PRICE_BE,RESOLVED,DOUBLE_STOP,SELL,STOP,0,2025-09-17 22:00:00.021525167+00:00,STOP,STOP,7,0,24496.5,24504.5,-49.5,-129.5,-179.0,RESOLVED,BUY,False,,,ORIGINAL_STOP_BEFORE_ARM,24496.5,-49.5,-179.0,0.0,RAW_DOUBLE_STOP_NOT_RESCUED
2227,2025-09-17 18:00:00,2025-09-17T22:00:00+00:00,DIAGNOSTIC_ONLY_DEGRADED_SOURCE,WEEKDAY_WEAK,SEPTEMBER,NQZ5,1,10.0,1.0,2,8.0,COST_COVER_BE,RESOLVED,DOUBLE_STOP,SELL,STOP,0,2025-09-17 22:00:00.021525167+00:00,STOP,STOP,7,0,24496.5,24504.5,-49.5,-129.5,-179.0,RESOLVED,BUY,False,,,ORIGINAL_STOP_BEFORE_ARM,24496.5,-49.5,-179.0,0.0,RAW_DOUBLE_STOP_NOT_RESCUED
2227,2025-09-17 18:00:00,2025-09-17T22:00:00+00:00,DIAGNOSTIC_ONLY_DEGRADED_SOURCE,WEEKDAY_WEAK,SEPTEMBER,NQZ5,1,10.0,1.0,4,0.5,PRICE_BE,RESOLVED,DOUBLE_STOP,SELL,STOP,0,2025-09-17 22:00:00.021525167+00:00,STOP,STOP,7,0,24496.0,24505.0,-59.5,-139.5,-199.0,RESOLVED,BUY,False,,,ORIGINAL_STOP_BEFORE_ARM,24496.0,-59.5,-199.0,0.0,RAW_DOUBLE_STOP_NOT_RESCUED
2227,2025-09-17 18:00:00,2025-09-17T22:00:00+00:00,DIAGNOSTIC_ONLY_DEGRADED_SOURCE,WEEKDAY_WEAK,SEPTEMBER,NQZ5,1,10.0,1.0,4,0.5,COST_COVER_BE,RESOLVED,DOUBLE_STOP,SELL,STOP,0,2025-09-17 22:00:00.021525167+00:00,STOP,STOP,7,0,24496.0,24505.0,-59.5,-139.5,-199.0,RESOLVED,BUY,False,,,ORIGINAL_STOP_BEFORE_ARM,24496.0,-59.5,-199.0,0.0,RAW_DOUBLE_STOP_NOT_RESCUED
2227,2025-09-17 18:00:00,2025-09-17T22:00:00+00:00,DIAGNOSTIC_ONLY_DEGRADED_SOURCE,WEEKDAY_WEAK,SEPTEMBER,NQZ5,1,10.0,1.0,4,1.0,PRICE_BE,RESOLVED,DOUBLE_STOP,SELL,STOP,0,2025-09-17 22:00:00.021525167+00:00,STOP,STOP,7,0,24496.0,24505.0,-59.5,-139.5,-199.0,RESOLVED,BUY,False,,,ORIGINAL_STOP_BEFORE_ARM,24496.0,-59.5,-199.0,0.0,RAW_DOUBLE_STOP_NOT_RESCUED
2227,2025-09-17 18:00:00,2025-09-17T22:00:00+00:00,DIAGNOSTIC_ONLY_DEGRADED_SOURCE,WEEKDAY_WEAK,SEPTEMBER,NQZ5,1,10.0,1.0,4,1.0,COST_COVER_BE,RESOLVED,DOUBLE_STOP,SELL,STOP,0,2025-09-17 22:00:00.021525167+00:00,STOP,STOP,7,0,24496.0,24505.0,-59.5,-139.5,-199.0,RESOLVED,BUY,False,,,ORIGINAL_STOP_BEFORE_ARM,24496.0,-59.5,-199.0,0.0,RAW_DOUBLE_STOP_NOT_RESCUED
2227,2025-09-17 18:00:00,2025-09-17T22:00:00+00:00,DIAGNOSTIC_ONLY_DEGRADED_SOURCE,WEEKDAY_WEAK,SEPTEMBER,NQZ5,1,10.0,1.0,4,2.0,PRICE_BE,RESOLVED,DOUBLE_STOP,SELL,STOP,0,2025-09-17 22:00:00.021525167+00:00,STOP,STOP,7,0,24496.0,24505.0,-59.5,-139.5,-199.0,RESOLVED,BUY,False,,,ORIGINAL_STOP_BEFORE_ARM,24496.0,-59.5,-199.0,0.0,RAW_DOUBLE_STOP_NOT_RESCUED
2227,2025-09-17 18:00:00,2025-09-17T22:00:00+00:00,DIAGNOSTIC_ONLY_DEGRADED_SOURCE,WEEKDAY_WEAK,SEPTEMBER,NQZ5,1,10.0,1.0,4,2.0,COST_COVER_BE,RESOLVED,DOUBLE_STOP,SELL,STOP,0,2025-09-17 22:00:00.021525167+00:00,STOP,STOP,7,0,24496.0,24505.0,-59.5,-139.5,-199.0,RESOLVED,BUY,False,,,ORIGINAL_STOP_BEFORE_ARM,24496.0,-59.5,-199.0,0.0,RAW_DOUBLE_STOP_NOT_RESCUED
2227,2025-09-17 18:00:00,2025-09-17T22:00:00+00:00,DIAGNOSTIC_ONLY_DEGRADED_SOURCE,WEEKDAY_WEAK,SEPTEMBER,NQZ5,1,10.0,1.0,4,3.0,PRICE_BE,RESOLVED,DOUBLE_STOP,SELL,STOP,0,2025-09-17 22:00:00.021525167+00:00,STOP,STOP,7,0,24496.0,24505.0,-59.5,-139.5,-199.0,RESOLVED,BUY,False,,,ORIGINAL_STOP_BEFORE_ARM,24496.0,-59.5,-199.0,0.0,RAW_DOUBLE_STOP_NOT_RESCUED
2227,2025-09-17 18:00:00,2025-09-17T22:00:00+00:00,DIAGNOSTIC_ONLY_DEGRADED_SOURCE,WEEKDAY_WEAK,SEPTEMBER,NQZ5,1,10.0,1.0,4,3.0,COST_COVER_BE,RESOLVED,DOUBLE_STOP,SELL,STOP,0,2025-09-17 22:00:00.021525167+00:00,STOP,STOP,7,0,24496.0,24505.0,-59.5,-139.5,-199.0,RESOLVED,BUY,False,,,ORIGINAL_STOP_BEFORE_ARM,24496.0,-59.5,-199.0,0.0,RAW_DOUBLE_STOP_NOT_RESCUED
2227,2025-09-17 18:00:00,2025-09-17T22:00:00+00:00,DIAGNOSTIC_ONLY_DEGRADED_SOURCE,WEEKDAY_WEAK,SEPTEMBER,NQZ5,1,10.0,1.0,4,4.0,PRICE_BE,RESOLVED,DOUBLE_STOP,SELL,STOP,0,2025-09-17 22:00:00.021525167+00:00,STOP,STOP,7,0,24496.0,24505.0,-59.5,-139.5,-199.0,RESOLVED,BUY,False,,,ORIGINAL_STOP_BEFORE_ARM,24496.0,-59.5,-199.0,0.0,RAW_DOUBLE_STOP_NOT_RESCUED
2227,2025-09-17 18:00:00,2025-09-17T22:00:00+00:00,DIAGNOSTIC_ONLY_DEGRADED_SOURCE,WEEKDAY_WEAK,SEPTEMBER,NQZ5,1,10.0,1.0,4,4.0,COST_COVER_BE,RESOLVED,DOUBLE_STOP,SELL,STOP,0,2025-09-17 22:00:00.021525167+00:00,STOP,STOP,7,0,24496.0,24505.0,-59.5,-139.5,-199.0,RESOLVED,BUY,False,,,ORIGINAL_STOP_BEFORE_ARM,24496.0,-59.5,-199.0,0.0,RAW_DOUBLE_STOP_NOT_RESCUED
2227,2025-09-17 18:00:00,2025-09-17T22:00:00+00:00,DIAGNOSTIC_ONLY_DEGRADED_SOURCE,WEEKDAY_WEAK,SEPTEMBER,NQZ5,1,10.0,1.0,4,5.0,PRICE_BE,RESOLVED,DOUBLE_STOP,SELL,STOP,0,2025-09-17 22:00:00.021525167+00:00,STOP,STOP,7,0,24496.0,24505.0,-59.5,-139.5,-199.0,RESOLVED,BUY,False,,,ORIGINAL_STOP_BEFORE_ARM,24496.0,-59.5,-199.0,0.0,RAW_DOUBLE_STOP_NOT_RESCUED
2227,2025-09-17 18:00:00,2025-09-17T22:00:00+00:00,DIAGNOSTIC_ONLY_DEGRADED_SOURCE,WEEKDAY_WEAK,SEPTEMBER,NQZ5,1,10.0,1.0,4,5.0,COST_COVER_BE,RESOLVED,DOUBLE_STOP,SELL,STOP,0,2025-09-17 22:00:00.021525167+00:00,STOP,STOP,7,0,24496.0,24505.0,-59.5,-139.5,-199.0,RESOLVED,BUY,False,,,ORIGINAL_STOP_BEFORE_ARM,24496.0,-59.5,-199.0,0.0,RAW_DOUBLE_STOP_NOT_RESCUED
2227,2025-09-17 18:00:00,2025-09-17T22:00:00+00:00,DIAGNOSTIC_ONLY_DEGRADED_SOURCE,WEEKDAY_WEAK,SEPTEMBER,NQZ5,1,10.0,1.0,4,8.0,PRICE_BE,RESOLVED,DOUBLE_STOP,SELL,STOP,0,2025-09-17 22:00:00.021525167+00:00,STOP,STOP,7,0,24496.0,24505.0,-59.5,-139.5,-199.0,RESOLVED,BUY,False,,,ORIGINAL_STOP_BEFORE_ARM,24496.0,-59.5,-199.0,0.0,RAW_DOUBLE_STOP_NOT_RESCUED
2227,2025-09-17 18:00:00,2025-09-17T22:00:00+00:00,DIAGNOSTIC_ONLY_DEGRADED_SOURCE,WEEKDAY_WEAK,SEPTEMBER,NQZ5,1,10.0,1.0,4,8.0,COST_COVER_BE,RESOLVED,DOUBLE_STOP,SELL,STOP,0,2025-09-17 22:00:00.021525167+00:00,STOP,STOP,7,0,24496.0,24505.0,-59.5,-139.5,-199.0,RESOLVED,BUY,False,,,ORIGINAL_STOP_BEFORE_ARM,24496.0,-59.5,-199.0,0.0,RAW_DOUBLE_STOP_NOT_RESCUED
2228,2025-09-18 09:30:00,2025-09-18T13:30:00+00:00,VALIDATED_SOURCE,NY,SEPTEMBER,NQZ5,2,16.0,1.0,0,0.5,PRICE_BE,RESOLVED,DOUBLE_STOP,BUY,STOP,15,2025-09-18 13:30:00.011009345+00:00,STOP,STOP,15,29,24679.5,24680.5,-19.0,-59.0,-78.0,RESOLVED,SELL,True,17.0,2025-09-18 13:30:00.011009345+00:00,PRICE_BE,24680.0,-39.0,-58.0,20.0,RAW_DOUBLE_STOP_RESCUED
2228,2025-09-18 09:30:00,2025-09-18T13:30:00+00:00,VALIDATED_SOURCE,NY,SEPTEMBER,NQZ5,2,16.0,1.0,0,0.5,COST_COVER_BE,RESOLVED,DOUBLE_STOP,BUY,STOP,15,2025-09-18 13:30:00.011009345+00:00,STOP,STOP,15,29,24679.5,24680.5,-19.0,-59.0,-78.0,RESOLVED,SELL,True,17.0,2025-09-18 13:30:00.011009345+00:00,COST_COVER_BE,24680.0,-39.0,-58.0,20.0,RAW_DOUBLE_STOP_RESCUED
2228,2025-09-18 09:30:00,2025-09-18T13:30:00+00:00,VALIDATED_SOURCE,NY,SEPTEMBER,NQZ5,2,16.0,1.0,0,1.0,PRICE_BE,RESOLVED,DOUBLE_STOP,BUY,STOP,15,2025-09-18 13:30:00.011009345+00:00,STOP,STOP,15,29,24679.5,24680.5,-19.0,-59.0,-78.0,RESOLVED,SELL,False,,,ORIGINAL_STOP_BEFORE_ARM,24680.5,-59.0,-78.0,0.0,RAW_DOUBLE_STOP_NOT_RESCUED
2228,2025-09-18 09:30:00,2025-09-18T13:30:00+00:00,VALIDATED_SOURCE,NY,SEPTEMBER,NQZ5,2,16.0,1.0,0,1.0,COST_COVER_BE,RESOLVED,DOUBLE_STOP,BUY,STOP,15,2025-09-18 13:30:00.011009345+00:00,STOP,STOP,15,29,24679.5,24680.5,-19.0,-59.0,-78.0,RESOLVED,SELL,False,,,ORIGINAL_STOP_BEFORE_ARM,24680.5,-59.0,-78.0,0.0,RAW_DOUBLE_STOP_NOT_RESCUED
2228,2025-09-18 09:30:00,2025-09-18T13:30:00+00:00,VALIDATED_SOURCE,NY,SEPTEMBER,NQZ5,2,16.0,1.0,0,2.0,PRICE_BE,RESOLVED,DOUBLE_STOP,BUY,STOP,15,2025-09-18 13:30:00.011009345+00:00,STOP,STOP,15,29,24679.5,24680.5,-19.0,-59.0,-78.0,RESOLVED,SELL,False,,,ORIGINAL_STOP_BEFORE_ARM,24680.5,-59.0,-78.0,0.0,RAW_DOUBLE_STOP_NOT_RESCUED
2228,2025-09-18 09:30:00,2025-09-18T13:30:00+00:00,VALIDATED_SOURCE,NY,SEPTEMBER,NQZ5,2,16.0,1.0,0,2.0,COST_COVER_BE,RESOLVED,DOUBLE_STOP,BUY,STOP,15,2025-09-18 13:30:00.011009345+00:00,STOP,STOP,15,29,24679.5,24680.5,-19.0,-59.0,-78.0,RESOLVED,SELL,False,,,ORIGINAL_STOP_BEFORE_ARM,24680.5,-59.0,-78.0,0.0,RAW_DOUBLE_STOP_NOT_RESCUED
2228,2025-09-18 09:30:00,2025-09-18T13:30:00+00:00,VALIDATED_SOURCE,NY,SEPTEMBER,NQZ5,2,16.0,1.0,0,3.0,PRICE_BE,RESOLVED,DOUBLE_STOP,BUY,STOP,15,2025-09-18 13:30:00.011009345+00:00,STOP,STOP,15,29,24679.5,24680.5,-19.0,-59.0,-78.0,RESOLVED,SELL,False,,,ORIGINAL_STOP_BEFORE_ARM,24680.5,-59.0,-78.0,0.0,RAW_DOUBLE_STOP_NOT_RESCUED
2228,2025-09-18 09:30:00,2025-09-18T13:30:00+00:00,VALIDATED_SOURCE,NY,SEPTEMBER,NQZ5,2,16.0,1.0,0,3.0,COST_COVER_BE,RESOLVED,DOUBLE_STOP,BUY,STOP,15,2025-09-18 13:30:00.011009345+00:00,STOP,STOP,15,29,24679.5,24680.5,-19.0,-59.0,-78.0,RESOLVED,SELL,False,,,ORIGINAL_STOP_BEFORE_ARM,24680.5,-59.0,-78.0,0.0,RAW_DOUBLE_STOP_NOT_RESCUED
2228,2025-09-18 09:30:00,2025-09-18T13:30:00+00:00,VALIDATED_SOURCE,NY,SEPTEMBER,NQZ5,2,16.0,1.0,0,4.0,PRICE_BE,RESOLVED,DOUBLE_STOP,BUY,STOP,15,2025-09-18 13:30:00.011009345+00:00,STOP,STOP,15,29,24679.5,24680.5,-19.0,-59.0,-78.0,RESOLVED,SELL,False,,,ORIGINAL_STOP_BEFORE_ARM,24680.5,-59.0,-78.0,0.0,RAW_DOUBLE_STOP_NOT_RESCUED
2228,2025-09-18 09:30:00,2025-09-18T13:30:00+00:00,VALIDATED_SOURCE,NY,SEPTEMBER,NQZ5,2,16.0,1.0,0,4.0,COST_COVER_BE,RESOLVED,DOUBLE_STOP,BUY,STOP,15,2025-09-18 13:30:00.011009345+00:00,STOP,STOP,15,29,24679.5,24680.5,-19.0,-59.0,-78.0,RESOLVED,SELL,False,,,ORIGINAL_STOP_BEFORE_ARM,24680.5,-59.0,-78.0,0.0,RAW_DOUBLE_STOP_NOT_RESCUED
2228,2025-09-18 09:30:00,2025-09-18T13:30:00+00:00,VALIDATED_SOURCE,NY,SEPTEMBER,NQZ5,2,16.0,1.0,0,5.0,PRICE_BE,RESOLVED,DOUBLE_STOP,BUY,STOP,15,2025-09-18 13:30:00.011009345+00:00,STOP,STOP,15,29,24679.5,24680.5,-19.0,-59.0,-78.0,RESOLVED,SELL,False,,,ORIGINAL_STOP_BEFORE_ARM,24680.5,-59.0,-78.0,0.0,RAW_DOUBLE_STOP_NOT_RESCUED
2228,2025-09-18 09:30:00,2025-09-18T13:30:00+00:00,VALIDATED_SOURCE,NY,SEPTEMBER,NQZ5,2,16.0,1.0,0,5.0,COST_COVER_BE,RESOLVED,DOUBLE_STOP,BUY,STOP,15,2025-09-18 13:30:00.011009345+00:00,STOP,STOP,15,29,24679.5,24680.5,-19.0,-59.0,-78.0,RESOLVED,SELL,False,,,ORIGINAL_STOP_BEFORE_ARM,24680.5,-59.0,-78.0,0.0,RAW_DOUBLE_STOP_NOT_RESCUED
2228,2025-09-18 09:30:00,2025-09-18T13:30:00+00:00,VALIDATED_SOURCE,NY,SEPTEMBER,NQZ5,2,16.0,1.0,0,8.0,PRICE_BE,RESOLVED,DOUBLE_STOP,BUY,STOP,15,2025-09-18 13:30:00.011009345+00:00,STOP,STOP,15,29,24679.5,24680.5,-19.0,-59.0,-78.0,RESOLVED,SELL,False,,,ORIGINAL_STOP_BEFORE_ARM,24680.5,-59.0,-78.0,0.0,RAW_DOUBLE_STOP_NOT_RESCUED
2228,2025-09-18 09:30:00,2025-09-18T13:30:00+00:00,VALIDATED_SOURCE,NY,SEPTEMBER,NQZ5,2,16.0,1.0,0,8.0,COST_COVER_BE,RESOLVED,DOUBLE_STOP,BUY,STOP,15,2025-09-18 13:30:00.011009345+00:00,STOP,STOP,15,29,24679.5,24680.5,-19.0,-59.0,-78.0,RESOLVED,SELL,False,,,ORIGINAL_STOP_BEFORE_ARM,24680.5,-59.0,-78.0,0.0,RAW_DOUBLE_STOP_NOT_RESCUED
2228,2025-09-18 09:30:00,2025-09-18T13:30:00+00:00,VALIDATED_SOURCE,NY,SEPTEMBER,NQZ5,2,16.0,1.0,1,0.5,PRICE_BE,RESOLVED,DOUBLE_STOP,BUY,STOP,15,2025-09-18 13:30:00.011009345+00:00,STOP,STOP,15,29,24679.25,24680.75,-29.0,-69.0,-98.0,RESOLVED,SELL,True,17.0,2025-09-18 13:30:00.011009345+00:00,PRICE_BE,24680.25,-49.0,-78.0,20.0,RAW_DOUBLE_STOP_RESCUED
2228,2025-09-18 09:30:00,2025-09-18T13:30:00+00:00,VALIDATED_SOURCE,NY,SEPTEMBER,NQZ5,2,16.0,1.0,1,0.5,COST_COVER_BE,RESOLVED,DOUBLE_STOP,BUY,STOP,15,2025-09-18 13:30:00.011009345+00:00,STOP,STOP,15,29,24679.25,24680.75,-29.0,-69.0,-98.0,RESOLVED,SELL,True,17.0,2025-09-18 13:30:00.011009345+00:00,COST_COVER_BE,24680.25,-49.0,-78.0,20.0,RAW_DOUBLE_STOP_RESCUED
2228,2025-09-18 09:30:00,2025-09-18T13:30:00+00:00,VALIDATED_SOURCE,NY,SEPTEMBER,NQZ5,2,16.0,1.0,1,1.0,PRICE_BE,RESOLVED,DOUBLE_STOP,BUY,STOP,15,2025-09-18 13:30:00.011009345+00:00,STOP,STOP,15,29,24679.25,24680.75,-29.0,-69.0,-98.0,RESOLVED,SELL,False,,,ORIGINAL_STOP_BEFORE_ARM,24680.75,-69.0,-98.0,0.0,RAW_DOUBLE_STOP_NOT_RESCUED
2228,2025-09-18 09:30:00,2025-09-18T13:30:00+00:00,VALIDATED_SOURCE,NY,SEPTEMBER,NQZ5,2,16.0,1.0,1,1.0,COST_COVER_BE,RESOLVED,DOUBLE_STOP,BUY,STOP,15,2025-09-18 13:30:00.011009345+00:00,STOP,STOP,15,29,24679.25,24680.75,-29.0,-69.0,-98.0,RESOLVED,SELL,False,,,ORIGINAL_STOP_BEFORE_ARM,24680.75,-69.0,-98.0,0.0,RAW_DOUBLE_STOP_NOT_RESCUED
2228,2025-09-18 09:30:00,2025-09-18T13:30:00+00:00,VALIDATED_SOURCE,NY,SEPTEMBER,NQZ5,2,16.0,1.0,1,2.0,PRICE_BE,RESOLVED,DOUBLE_STOP,BUY,STOP,15,2025-09-18 13:30:00.011009345+00:00,STOP,STOP,15,29,24679.25,24680.75,-29.0,-69.0,-98.0,RESOLVED,SELL,False,,,ORIGINAL_STOP_BEFORE_ARM,24680.75,-69.0,-98.0,0.0,RAW_DOUBLE_STOP_NOT_RESCUED
2228,2025-09-18 09:30:00,2025-09-18T13:30:00+00:00,VALIDATED_SOURCE,NY,SEPTEMBER,NQZ5,2,16.0,1.0,1,2.0,COST_COVER_BE,RESOLVED,DOUBLE_STOP,BUY,STOP,15,2025-09-18 13:30:00.011009345+00:00,STOP,STOP,15,29,24679.25,24680.75,-29.0,-69.0,-98.0,RESOLVED,SELL,False,,,ORIGINAL_STOP_BEFORE_ARM,24680.75,-69.0,-98.0,0.0,RAW_DOUBLE_STOP_NOT_RESCUED
2228,2025-09-18 09:30:00,2025-09-18T13:30:00+00:00,VALIDATED_SOURCE,NY,SEPTEMBER,NQZ5,2,16.0,1.0,1,3.0,PRICE_BE,RESOLVED,DOUBLE_STOP,BUY,STOP,15,2025-09-18 13:30:00.011009345+00:00,STOP,STOP,15,29,24679.25,24680.75,-29.0,-69.0,-98.0,RESOLVED,SELL,False,,,ORIGINAL_STOP_BEFORE_ARM,24680.75,-69.0,-98.0,0.0,RAW_DOUBLE_STOP_NOT_RESCUED
2228,2025-09-18 09:30:00,2025-09-18T13:30:00+00:00,VALIDATED_SOURCE,NY,SEPTEMBER,NQZ5,2,16.0,1.0,1,3.0,COST_COVER_BE,RESOLVED,DOUBLE_STOP,BUY,STOP,15,2025-09-18 13:30:00.011009345+00:00,STOP,STOP,15,29,24679.25,24680.75,-29.0,-69.0,-98.0,RESOLVED,SELL,False,,,ORIGINAL_STOP_BEFORE_ARM,24680.75,-69.0,-98.0,0.0,RAW_DOUBLE_STOP_NOT_RESCUED
2228,2025-09-18 09:30:00,2025-09-18T13:30:00+00:00,VALIDATED_SOURCE,NY,SEPTEMBER,NQZ5,2,16.0,1.0,1,4.0,PRICE_BE,RESOLVED,DOUBLE_STOP,BUY,STOP,15,2025-09-18 13:30:00.011009345+00:00,STOP,STOP,15,29,24679.25,24680.75,-29.0,-69.0,-98.0,RESOLVED,SELL,False,,,ORIGINAL_STOP_BEFORE_ARM,24680.75,-69.0,-98.0,0.0,RAW_DOUBLE_STOP_NOT_RESCUED
2228,2025-09-18 09:30:00,2025-09-18T13:30:00+00:00,VALIDATED_SOURCE,NY,SEPTEMBER,NQZ5,2,16.0,1.0,1,4.0,COST_COVER_BE,RESOLVED,DOUBLE_STOP,BUY,STOP,15,2025-09-18 13:30:00.011009345+00:00,STOP,STOP,15,29,24679.25,24680.75,-29.0,-69.0,-98.0,RESOLVED,SELL,False,,,ORIGINAL_STOP_BEFORE_ARM,24680.75,-69.0,-98.0,0.0,RAW_DOUBLE_STOP_NOT_RESCUED
2228,2025-09-18 09:30:00,2025-09-18T13:30:00+00:00,VALIDATED_SOURCE,NY,SEPTEMBER,NQZ5,2,16.0,1.0,1,5.0,PRICE_BE,RESOLVED,DOUBLE_STOP,BUY,STOP,15,2025-09-18 13:30:00.011009345+00:00,STOP,STOP,15,29,24679.25,24680.75,-29.0,-69.0,-98.0,RESOLVED,SELL,False,,,ORIGINAL_STOP_BEFORE_ARM,24680.75,-69.0,-98.0,0.0,RAW_DOUBLE_STOP_NOT_RESCUED
2228,2025-09-18 09:30:00,2025-09-18T13:30:00+00:00,VALIDATED_SOURCE,NY,SEPTEMBER,NQZ5,2,16.0,1.0,1,5.0,COST_COVER_BE,RESOLVED,DOUBLE_STOP,BUY,STOP,15,2025-09-18 13:30:00.011009345+00:00,STOP,STOP,15,29,24679.25,24680.75,-29.0,-69.0,-98.0,RESOLVED,SELL,False,,,ORIGINAL_STOP_BEFORE_ARM,24680.75,-69.0,-98.0,0.0,RAW_DOUBLE_STOP_NOT_RESCUED
2228,2025-09-18 09:30:00,2025-09-18T13:30:00+00:00,VALIDATED_SOURCE,NY,SEPTEMBER,NQZ5,2,16.0,1.0,1,8.0,PRICE_BE,RESOLVED,DOUBLE_STOP,BUY,STOP,15,2025-09-18 13:30:00.011009345+00:00,STOP,STOP,15,29,24679.25,24680.75,-29.0,-69.0,-98.0,RESOLVED,SELL,False,,,ORIGINAL_STOP_BEFORE_ARM,24680.75,-69.0,-98.0,0.0,RAW_DOUBLE_STOP_NOT_RESCUED
2228,2025-09-18 09:30:00,2025-09-18T13:30:00+00:00,VALIDATED_SOURCE,NY,SEPTEMBER,NQZ5,2,16.0,1.0,1,8.0,COST_COVER_BE,RESOLVED,DOUBLE_STOP,BUY,STOP,15,2025-09-18 13:30:00.011009345+00:00,STOP,STOP,15,29,24679.25,24680.75,-29.0,-69.0,-98.0,RESOLVED,SELL,False,,,ORIGINAL_STOP_BEFORE_ARM,24680.75,-69.0,-98.0,0.0,RAW_DOUBLE_STOP_NOT_RESCUED
2228,2025-09-18 09:30:00,2025-09-18T13:30:00+00:00,VALIDATED_SOURCE,NY,SEPTEMBER,NQZ5,2,16.0,1.0,2,0.5,PRICE_BE,RESOLVED,DOUBLE_STOP,BUY,STOP,15,2025-09-18 13:30:00.011009345+00:00,STOP,STOP,15,29,24679.0,24681.0,-39.0,-79.0,-118.0,RESOLVED,SELL,True,17.0,2025-09-18 13:30:00.011009345+00:00,PRICE_BE,24680.5,-59.0,-98.0,20.0,RAW_DOUBLE_STOP_RESCUED
2228,2025-09-18 09:30:00,2025-09-18T13:30:00+00:00,VALIDATED_SOURCE,NY,SEPTEMBER,NQZ5,2,16.0,1.0,2,0.5,COST_COVER_BE,RESOLVED,DOUBLE_STOP,BUY,STOP,15,2025-09-18 13:30:00.011009345+00:00,STOP,STOP,15,29,24679.0,24681.0,-39.0,-79.0,-118.0,RESOLVED,SELL,True,17.0,2025-09-18 13:30:00.011009345+00:00,COST_COVER_BE,24680.5,-59.0,-98.0,20.0,RAW_DOUBLE_STOP_RESCUED
2228,2025-09-18 09:30:00,2025-09-18T13:30:00+00:00,VALIDATED_SOURCE,NY,SEPTEMBER,NQZ5,2,16.0,1.0,2,1.0,PRICE_BE,RESOLVED,DOUBLE_STOP,BUY,STOP,15,2025-09-18 13:30:00.011009345+00:00,STOP,STOP,15,29,24679.0,24681.0,-39.0,-79.0,-118.0,RESOLVED,SELL,False,,,ORIGINAL_STOP_BEFORE_ARM,24681.0,-79.0,-118.0,0.0,RAW_DOUBLE_STOP_NOT_RESCUED
2228,2025-09-18 09:30:00,2025-09-18T13:30:00+00:00,VALIDATED_SOURCE,NY,SEPTEMBER,NQZ5,2,16.0,1.0,2,1.0,COST_COVER_BE,RESOLVED,DOUBLE_STOP,BUY,STOP,15,2025-09-18 13:30:00.011009345+00:00,STOP,STOP,15,29,24679.0,24681.0,-39.0,-79.0,-118.0,RESOLVED,SELL,False,,,ORIGINAL_STOP_BEFORE_ARM,24681.0,-79.0,-118.0,0.0,RAW_DOUBLE_STOP_NOT_RESCUED
2228,2025-09-18 09:30:00,2025-09-18T13:30:00+00:00,VALIDATED_SOURCE,NY,SEPTEMBER,NQZ5,2,16.0,1.0,2,2.0,PRICE_BE,RESOLVED,DOUBLE_STOP,BUY,STOP,15,2025-09-18 13:30:00.011009345+00:00,STOP,STOP,15,29,24679.0,24681.0,-39.0,-79.0,-118.0,RESOLVED,SELL,False,,,ORIGINAL_STOP_BEFORE_ARM,24681.0,-79.0,-118.0,0.0,RAW_DOUBLE_STOP_NOT_RESCUED
2228,2025-09-18 09:30:00,2025-09-18T13:30:00+00:00,VALIDATED_SOURCE,NY,SEPTEMBER,NQZ5,2,16.0,1.0,2,2.0,COST_COVER_BE,RESOLVED,DOUBLE_STOP,BUY,STOP,15,2025-09-18 13:30:00.011009345+00:00,STOP,STOP,15,29,24679.0,24681.0,-39.0,-79.0,-118.0,RESOLVED,SELL,False,,,ORIGINAL_STOP_BEFORE_ARM,24681.0,-79.0,-118.0,0.0,RAW_DOUBLE_STOP_NOT_RESCUED
2228,2025-09-18 09:30:00,2025-09-18T13:30:00+00:00,VALIDATED_SOURCE,NY,SEPTEMBER,NQZ5,2,16.0,1.0,2,3.0,PRICE_BE,RESOLVED,DOUBLE_STOP,BUY,STOP,15,2025-09-18 13:30:00.011009345+00:00,STOP,STOP,15,29,24679.0,24681.0,-39.0,-79.0,-118.0,RESOLVED,SELL,False,,,ORIGINAL_STOP_BEFORE_ARM,24681.0,-79.0,-118.0,0.0,RAW_DOUBLE_STOP_NOT_RESCUED
2228,2025-09-18 09:30:00,2025-09-18T13:30:00+00:00,VALIDATED_SOURCE,NY,SEPTEMBER,NQZ5,2,16.0,1.0,2,3.0,COST_COVER_BE,RESOLVED,DOUBLE_STOP,BUY,STOP,15,2025-09-18 13:30:00.011009345+00:00,STOP,STOP,15,29,24679.0,24681.0,-39.0,-79.0,-118.0,RESOLVED,SELL,False,,,ORIGINAL_STOP_BEFORE_ARM,24681.0,-79.0,-118.0,0.0,RAW_DOUBLE_STOP_NOT_RESCUED
2228,2025-09-18 09:30:00,2025-09-18T13:30:00+00:00,VALIDATED_SOURCE,NY,SEPTEMBER,NQZ5,2,16.0,1.0,2,4.0,PRICE_BE,RESOLVED,DOUBLE_STOP,BUY,STOP,15,2025-09-18 13:30:00.011009345+00:00,STOP,STOP,15,29,24679.0,24681.0,-39.0,-79.0,-118.0,RESOLVED,SELL,False,,,ORIGINAL_STOP_BEFORE_ARM,24681.0,-79.0,-118.0,0.0,RAW_DOUBLE_STOP_NOT_RESCUED
2228,2025-09-18 09:30:00,2025-09-18T13:30:00+00:00,VALIDATED_SOURCE,NY,SEPTEMBER,NQZ5,2,16.0,1.0,2,4.0,COST_COVER_BE,RESOLVED,DOUBLE_STOP,BUY,STOP,15,2025-09-18 13:30:00.011009345+00:00,STOP,STOP,15,29,24679.0,24681.0,-39.0,-79.0,-118.0,RESOLVED,SELL,False,,,ORIGINAL_STOP_BEFORE_ARM,24681.0,-79.0,-118.0,0.0,RAW_DOUBLE_STOP_NOT_RESCUED
2228,2025-09-18 09:30:00,2025-09-18T13:30:00+00:00,VALIDATED_SOURCE,NY,SEPTEMBER,NQZ5,2,16.0,1.0,2,5.0,PRICE_BE,RESOLVED,DOUBLE_STOP,BUY,STOP,15,2025-09-18 13:30:00.011009345+00:00,STOP,STOP,15,29,24679.0,24681.0,-39.0,-79.0,-118.0,RESOLVED,SELL,False,,,ORIGINAL_STOP_BEFORE_ARM,24681.0,-79.0,-118.0,0.0,RAW_DOUBLE_STOP_NOT_RESCUED
2228,2025-09-18 09:30:00,2025-09-18T13:30:00+00:00,VALIDATED_SOURCE,NY,SEPTEMBER,NQZ5,2,16.0,1.0,2,5.0,COST_COVER_BE,RESOLVED,DOUBLE_STOP,BUY,STOP,15,2025-09-18 13:30:00.011009345+00:00,STOP,STOP,15,29,24679.0,24681.0,-39.0,-79.0,-118.0,RESOLVED,SELL,False,,,ORIGINAL_STOP_BEFORE_ARM,24681.0,-79.0,-118.0,0.0,RAW_DOUBLE_STOP_NOT_RESCUED
2228,2025-09-18 09:30:00,2025-09-18T13:30:00+00:00,VALIDATED_SOURCE,NY,SEPTEMBER,NQZ5,2,16.0,1.0,2,8.0,PRICE_BE,RESOLVED,DOUBLE_STOP,BUY,STOP,15,2025-09-18 13:30:00.011009345+00:00,STOP,STOP,15,29,24679.0,24681.0,-39.0,-79.0,-118.0,RESOLVED,SELL,False,,,ORIGINAL_STOP_BEFORE_ARM,24681.0,-79.0,-118.0,0.0,RAW_DOUBLE_STOP_NOT_RESCUED
2228,2025-09-18 09:30:00,2025-09-18T13:30:00+00:00,VALIDATED_SOURCE,NY,SEPTEMBER,NQZ5,2,16.0,1.0,2,8.0,COST_COVER_BE,RESOLVED,DOUBLE_STOP,BUY,STOP,15,2025-09-18 13:30:00.011009345+00:00,STOP,STOP,15,29,24679.0,24681.0,-39.0,-79.0,-118.0,RESOLVED,SELL,False,,,ORIGINAL_STOP_BEFORE_ARM,24681.0,-79.0,-118.0,0.0,RAW_DOUBLE_STOP_NOT_RESCUED
2228,2025-09-18 09:30:00,2025-09-18T13:30:00+00:00,VALIDATED_SOURCE,NY,SEPTEMBER,NQZ5,2,16.0,1.0,4,0.5,PRICE_BE,RESOLVED,DOUBLE_STOP,BUY,STOP,15,2025-09-18 13:30:00.011009345+00:00,STOP,STOP,15,29,24678.5,24681.5,-59.0,-99.0,-158.0,RESOLVED,SELL,True,17.0,2025-09-18 13:30:00.011009345+00:00,PRICE_BE,24681.0,-79.0,-138.0,20.0,RAW_DOUBLE_STOP_RESCUED
2228,2025-09-18 09:30:00,2025-09-18T13:30:00+00:00,VALIDATED_SOURCE,NY,SEPTEMBER,NQZ5,2,16.0,1.0,4,0.5,COST_COVER_BE,RESOLVED,DOUBLE_STOP,BUY,STOP,15,2025-09-18 13:30:00.011009345+00:00,STOP,STOP,15,29,24678.5,24681.5,-59.0,-99.0,-158.0,RESOLVED,SELL,True,17.0,2025-09-18 13:30:00.011009345+00:00,COST_COVER_BE,24681.0,-79.0,-138.0,20.0,RAW_DOUBLE_STOP_RESCUED
2228,2025-09-18 09:30:00,2025-09-18T13:30:00+00:00,VALIDATED_SOURCE,NY,SEPTEMBER,NQZ5,2,16.0,1.0,4,1.0,PRICE_BE,RESOLVED,DOUBLE_STOP,BUY,STOP,15,2025-09-18 13:30:00.011009345+00:00,STOP,STOP,15,29,24678.5,24681.5,-59.0,-99.0,-158.0,RESOLVED,SELL,False,,,ORIGINAL_STOP_BEFORE_ARM,24681.5,-99.0,-158.0,0.0,RAW_DOUBLE_STOP_NOT_RESCUED
2228,2025-09-18 09:30:00,2025-09-18T13:30:00+00:00,VALIDATED_SOURCE,NY,SEPTEMBER,NQZ5,2,16.0,1.0,4,1.0,COST_COVER_BE,RESOLVED,DOUBLE_STOP,BUY,STOP,15,2025-09-18 13:30:00.011009345+00:00,STOP,STOP,15,29,24678.5,24681.5,-59.0,-99.0,-158.0,RESOLVED,SELL,False,,,ORIGINAL_STOP_BEFORE_ARM,24681.5,-99.0,-158.0,0.0,RAW_DOUBLE_STOP_NOT_RESCUED
2228,2025-09-18 09:30:00,2025-09-18T13:30:00+00:00,VALIDATED_SOURCE,NY,SEPTEMBER,NQZ5,2,16.0,1.0,4,2.0,PRICE_BE,RESOLVED,DOUBLE_STOP,BUY,STOP,15,2025-09-18 13:30:00.011009345+00:00,STOP,STOP,15,29,24678.5,24681.5,-59.0,-99.0,-158.0,RESOLVED,SELL,False,,,ORIGINAL_STOP_BEFORE_ARM,24681.5,-99.0,-158.0,0.0,RAW_DOUBLE_STOP_NOT_RESCUED
2228,2025-09-18 09:30:00,2025-09-18T13:30:00+00:00,VALIDATED_SOURCE,NY,SEPTEMBER,NQZ5,2,16.0,1.0,4,2.0,COST_COVER_BE,RESOLVED,DOUBLE_STOP,BUY,STOP,15,2025-09-18 13:30:00.011009345+00:00,STOP,STOP,15,29,24678.5,24681.5,-59.0,-99.0,-158.0,RESOLVED,SELL,False,,,ORIGINAL_STOP_BEFORE_ARM,24681.5,-99.0,-158.0,0.0,RAW_DOUBLE_STOP_NOT_RESCUED
2228,2025-09-18 09:30:00,2025-09-18T13:30:00+00:00,VALIDATED_SOURCE,NY,SEPTEMBER,NQZ5,2,16.0,1.0,4,3.0,PRICE_BE,RESOLVED,DOUBLE_STOP,BUY,STOP,15,2025-09-18 13:30:00.011009345+00:00,STOP,STOP,15,29,24678.5,24681.5,-59.0,-99.0,-158.0,RESOLVED,SELL,False,,,ORIGINAL_STOP_BEFORE_ARM,24681.5,-99.0,-158.0,0.0,RAW_DOUBLE_STOP_NOT_RESCUED
2228,2025-09-18 09:30:00,2025-09-18T13:30:00+00:00,VALIDATED_SOURCE,NY,SEPTEMBER,NQZ5,2,16.0,1.0,4,3.0,COST_COVER_BE,RESOLVED,DOUBLE_STOP,BUY,STOP,15,2025-09-18 13:30:00.011009345+00:00,STOP,STOP,15,29,24678.5,24681.5,-59.0,-99.0,-158.0,RESOLVED,SELL,False,,,ORIGINAL_STOP_BEFORE_ARM,24681.5,-99.0,-158.0,0.0,RAW_DOUBLE_STOP_NOT_RESCUED
2228,2025-09-18 09:30:00,2025-09-18T13:30:00+00:00,VALIDATED_SOURCE,NY,SEPTEMBER,NQZ5,2,16.0,1.0,4,4.0,PRICE_BE,RESOLVED,DOUBLE_STOP,BUY,STOP,15,2025-09-18 13:30:00.011009345+00:00,STOP,STOP,15,29,24678.5,24681.5,-59.0,-99.0,-158.0,RESOLVED,SELL,False,,,ORIGINAL_STOP_BEFORE_ARM,24681.5,-99.0,-158.0,0.0,RAW_DOUBLE_STOP_NOT_RESCUED
2228,2025-09-18 09:30:00,2025-09-18T13:30:00+00:00,VALIDATED_SOURCE,NY,SEPTEMBER,NQZ5,2,16.0,1.0,4,4.0,COST_COVER_BE,RESOLVED,DOUBLE_STOP,BUY,STOP,15,2025-09-18 13:30:00.011009345+00:00,STOP,STOP,15,29,24678.5,24681.5,-59.0,-99.0,-158.0,RESOLVED,SELL,False,,,ORIGINAL_STOP_BEFORE_ARM,24681.5,-99.0,-158.0,0.0,RAW_DOUBLE_STOP_NOT_RESCUED
2228,2025-09-18 09:30:00,2025-09-18T13:30:00+00:00,VALIDATED_SOURCE,NY,SEPTEMBER,NQZ5,2,16.0,1.0,4,5.0,PRICE_BE,RESOLVED,DOUBLE_STOP,BUY,STOP,15,2025-09-18 13:30:00.011009345+00:00,STOP,STOP,15,29,24678.5,24681.5,-59.0,-99.0,-158.0,RESOLVED,SELL,False,,,ORIGINAL_STOP_BEFORE_ARM,24681.5,-99.0,-158.0,0.0,RAW_DOUBLE_STOP_NOT_RESCUED
2228,2025-09-18 09:30:00,2025-09-18T13:30:00+00:00,VALIDATED_SOURCE,NY,SEPTEMBER,NQZ5,2,16.0,1.0,4,5.0,COST_COVER_BE,RESOLVED,DOUBLE_STOP,BUY,STOP,15,2025-09-18 13:30:00.011009345+00:00,STOP,STOP,15,29,24678.5,24681.5,-59.0,-99.0,-158.0,RESOLVED,SELL,False,,,ORIGINAL_STOP_BEFORE_ARM,24681.5,-99.0,-158.0,0.0,RAW_DOUBLE_STOP_NOT_RESCUED
2228,2025-09-18 09:30:00,2025-09-18T13:30:00+00:00,VALIDATED_SOURCE,NY,SEPTEMBER,NQZ5,2,16.0,1.0,4,8.0,PRICE_BE,RESOLVED,DOUBLE_STOP,BUY,STOP,15,2025-09-18 13:30:00.011009345+00:00,STOP,STOP,15,29,24678.5,24681.5,-59.0,-99.0,-158.0,RESOLVED,SELL,False,,,ORIGINAL_STOP_BEFORE_ARM,24681.5,-99.0,-158.0,0.0,RAW_DOUBLE_STOP_NOT_RESCUED
2228,2025-09-18 09:30:00,2025-09-18T13:30:00+00:00,VALIDATED_SOURCE,NY,SEPTEMBER,NQZ5,2,16.0,1.0,4,8.0,COST_COVER_BE,RESOLVED,DOUBLE_STOP,BUY,STOP,15,2025-09-18 13:30:00.011009345+00:00,STOP,STOP,15,29,24678.5,24681.5,-59.0,-99.0,-158.0,RESOLVED,SELL,False,,,ORIGINAL_STOP_BEFORE_ARM,24681.5,-99.0,-158.0,0.0,RAW_DOUBLE_STOP_NOT_RESCUED
2229,2025-09-19 09:30:00,2025-09-19T13:30:00+00:00,VALIDATED_SOURCE,NY,SEPTEMBER,NQZ5,2,16.0,1.0,0,0.5,PRICE_BE,RESOLVED,DOUBLE_STOP,SELL,STOP,1,2025-09-19 13:30:00.002401229+00:00,STOP,STOP,15,1,24767.75,24768.5,-19.0,-49.0,-68.0,RESOLVED,BUY,True,2.0,2025-09-19 13:30:00.003123751+00:00,PRICE_BE,24768.0,-9.0,-58.0,10.0,RAW_DOUBLE_STOP_RESCUED
2229,2025-09-19 09:30:00,2025-09-19T13:30:00+00:00,VALIDATED_SOURCE,NY,SEPTEMBER,NQZ5,2,16.0,1.0,0,0.5,COST_COVER_BE,RESOLVED,DOUBLE_STOP,SELL,STOP,1,2025-09-19 13:30:00.002401229+00:00,STOP,STOP,15,1,24767.75,24768.5,-19.0,-49.0,-68.0,RESOLVED,BUY,True,2.0,2025-09-19 13:30:00.003123751+00:00,COST_COVER_BE,24768.0,-9.0,-58.0,10.0,RAW_DOUBLE_STOP_RESCUED
2229,2025-09-19 09:30:00,2025-09-19T13:30:00+00:00,VALIDATED_SOURCE,NY,SEPTEMBER,NQZ5,2,16.0,1.0,0,1.0,PRICE_BE,RESOLVED,DOUBLE_STOP,SELL,STOP,1,2025-09-19 13:30:00.002401229+00:00,STOP,STOP,15,1,24767.75,24768.5,-19.0,-49.0,-68.0,RESOLVED,BUY,True,5.0,2025-09-19 13:30:00.003867851+00:00,PRICE_BE,24768.0,-9.0,-58.0,10.0,RAW_DOUBLE_STOP_RESCUED
2229,2025-09-19 09:30:00,2025-09-19T13:30:00+00:00,VALIDATED_SOURCE,NY,SEPTEMBER,NQZ5,2,16.0,1.0,0,1.0,COST_COVER_BE,RESOLVED,DOUBLE_STOP,SELL,STOP,1,2025-09-19 13:30:00.002401229+00:00,STOP,STOP,15,1,24767.75,24768.5,-19.0,-49.0,-68.0,RESOLVED,BUY,True,5.0,2025-09-19 13:30:00.003867851+00:00,COST_COVER_BE,24768.0,-9.0,-58.0,10.0,RAW_DOUBLE_STOP_RESCUED
2229,2025-09-19 09:30:00,2025-09-19T13:30:00+00:00,VALIDATED_SOURCE,NY,SEPTEMBER,NQZ5,2,16.0,1.0,0,2.0,PRICE_BE,RESOLVED,DOUBLE_STOP,SELL,STOP,1,2025-09-19 13:30:00.002401229+00:00,STOP,STOP,15,1,24767.75,24768.5,-19.0,-49.0,-68.0,RESOLVED,BUY,False,,,ORIGINAL_STOP_BEFORE_ARM,24767.75,-19.0,-68.0,0.0,RAW_DOUBLE_STOP_NOT_RESCUED
2229,2025-09-19 09:30:00,2025-09-19T13:30:00+00:00,VALIDATED_SOURCE,NY,SEPTEMBER,NQZ5,2,16.0,1.0,0,2.0,COST_COVER_BE,RESOLVED,DOUBLE_STOP,SELL,STOP,1,2025-09-19 13:30:00.002401229+00:00,STOP,STOP,15,1,24767.75,24768.5,-19.0,-49.0,-68.0,RESOLVED,BUY,False,,,ORIGINAL_STOP_BEFORE_ARM,24767.75,-19.0,-68.0,0.0,RAW_DOUBLE_STOP_NOT_RESCUED
2229,2025-09-19 09:30:00,2025-09-19T13:30:00+00:00,VALIDATED_SOURCE,NY,SEPTEMBER,NQZ5,2,16.0,1.0,0,3.0,PRICE_BE,RESOLVED,DOUBLE_STOP,SELL,STOP,1,2025-09-19 13:30:00.002401229+00:00,STOP,STOP,15,1,24767.75,24768.5,-19.0,-49.0,-68.0,RESOLVED,BUY,False,,,ORIGINAL_STOP_BEFORE_ARM,24767.75,-19.0,-68.0,0.0,RAW_DOUBLE_STOP_NOT_RESCUED
2229,2025-09-19 09:30:00,2025-09-19T13:30:00+00:00,VALIDATED_SOURCE,NY,SEPTEMBER,NQZ5,2,16.0,1.0,0,3.0,COST_COVER_BE,RESOLVED,DOUBLE_STOP,SELL,STOP,1,2025-09-19 13:30:00.002401229+00:00,STOP,STOP,15,1,24767.75,24768.5,-19.0,-49.0,-68.0,RESOLVED,BUY,False,,,ORIGINAL_STOP_BEFORE_ARM,24767.75,-19.0,-68.0,0.0,RAW_DOUBLE_STOP_NOT_RESCUED
2229,2025-09-19 09:30:00,2025-09-19T13:30:00+00:00,VALIDATED_SOURCE,NY,SEPTEMBER,NQZ5,2,16.0,1.0,0,4.0,PRICE_BE,RESOLVED,DOUBLE_STOP,SELL,STOP,1,2025-09-19 13:30:00.002401229+00:00,STOP,STOP,15,1,24767.75,24768.5,-19.0,-49.0,-68.0,RESOLVED,BUY,False,,,ORIGINAL_STOP_BEFORE_ARM,24767.75,-19.0,-68.0,0.0,RAW_DOUBLE_STOP_NOT_RESCUED
2229,2025-09-19 09:30:00,2025-09-19T13:30:00+00:00,VALIDATED_SOURCE,NY,SEPTEMBER,NQZ5,2,16.0,1.0,0,4.0,COST_COVER_BE,RESOLVED,DOUBLE_STOP,SELL,STOP,1,2025-09-19 13:30:00.002401229+00:00,STOP,STOP,15,1,24767.75,24768.5,-19.0,-49.0,-68.0,RESOLVED,BUY,False,,,ORIGINAL_STOP_BEFORE_ARM,24767.75,-19.0,-68.0,0.0,RAW_DOUBLE_STOP_NOT_RESCUED
2229,2025-09-19 09:30:00,2025-09-19T13:30:00+00:00,VALIDATED_SOURCE,NY,SEPTEMBER,NQZ5,2,16.0,1.0,0,5.0,PRICE_BE,RESOLVED,DOUBLE_STOP,SELL,STOP,1,2025-09-19 13:30:00.002401229+00:00,STOP,STOP,15,1,24767.75,24768.5,-19.0,-49.0,-68.0,RESOLVED,BUY,False,,,ORIGINAL_STOP_BEFORE_ARM,24767.75,-19.0,-68.0,0.0,RAW_DOUBLE_STOP_NOT_RESCUED
2229,2025-09-19 09:30:00,2025-09-19T13:30:00+00:00,VALIDATED_SOURCE,NY,SEPTEMBER,NQZ5,2,16.0,1.0,0,5.0,COST_COVER_BE,RESOLVED,DOUBLE_STOP,SELL,STOP,1,2025-09-19 13:30:00.002401229+00:00,STOP,STOP,15,1,24767.75,24768.5,-19.0,-49.0,-68.0,RESOLVED,BUY,False,,,ORIGINAL_STOP_BEFORE_ARM,24767.75,-19.0,-68.0,0.0,RAW_DOUBLE_STOP_NOT_RESCUED
2229,2025-09-19 09:30:00,2025-09-19T13:30:00+00:00,VALIDATED_SOURCE,NY,SEPTEMBER,NQZ5,2,16.0,1.0,0,8.0,PRICE_BE,RESOLVED,DOUBLE_STOP,SELL,STOP,1,2025-09-19 13:30:00.002401229+00:00,STOP,STOP,15,1,24767.75,24768.5,-19.0,-49.0,-68.0,RESOLVED,BUY,False,,,ORIGINAL_STOP_BEFORE_ARM,24767.75,-19.0,-68.0,0.0,RAW_DOUBLE_STOP_NOT_RESCUED
2229,2025-09-19 09:30:00,2025-09-19T13:30:00+00:00,VALIDATED_SOURCE,NY,SEPTEMBER,NQZ5,2,16.0,1.0,0,8.0,COST_COVER_BE,RESOLVED,DOUBLE_STOP,SELL,STOP,1,2025-09-19 13:30:00.002401229+00:00,STOP,STOP,15,1,24767.75,24768.5,-19.0,-49.0,-68.0,RESOLVED,BUY,False,,,ORIGINAL_STOP_BEFORE_ARM,24767.75,-19.0,-68.0,0.0,RAW_DOUBLE_STOP_NOT_RESCUED
2229,2025-09-19 09:30:00,2025-09-19T13:30:00+00:00,VALIDATED_SOURCE,NY,SEPTEMBER,NQZ5,2,16.0,1.0,1,0.5,PRICE_BE,RESOLVED,DOUBLE_STOP,SELL,STOP,1,2025-09-19 13:30:00.002401229+00:00,STOP,STOP,15,1,24767.5,24768.75,-29.0,-59.0,-88.0,RESOLVED,BUY,True,2.0,2025-09-19 13:30:00.003123751+00:00,PRICE_BE,24767.75,-19.0,-78.0,10.0,RAW_DOUBLE_STOP_RESCUED
2229,2025-09-19 09:30:00,2025-09-19T13:30:00+00:00,VALIDATED_SOURCE,NY,SEPTEMBER,NQZ5,2,16.0,1.0,1,0.5,COST_COVER_BE,RESOLVED,DOUBLE_STOP,SELL,STOP,1,2025-09-19 13:30:00.002401229+00:00,STOP,STOP,15,1,24767.5,24768.75,-29.0,-59.0,-88.0,RESOLVED,BUY,True,2.0,2025-09-19 13:30:00.003123751+00:00,COST_COVER_BE,24767.75,-19.0,-78.0,10.0,RAW_DOUBLE_STOP_RESCUED
2229,2025-09-19 09:30:00,2025-09-19T13:30:00+00:00,VALIDATED_SOURCE,NY,SEPTEMBER,NQZ5,2,16.0,1.0,1,1.0,PRICE_BE,RESOLVED,DOUBLE_STOP,SELL,STOP,1,2025-09-19 13:30:00.002401229+00:00,STOP,STOP,15,1,24767.5,24768.75,-29.0,-59.0,-88.0,RESOLVED,BUY,True,5.0,2025-09-19 13:30:00.003867851+00:00,PRICE_BE,24767.75,-19.0,-78.0,10.0,RAW_DOUBLE_STOP_RESCUED
2229,2025-09-19 09:30:00,2025-09-19T13:30:00+00:00,VALIDATED_SOURCE,NY,SEPTEMBER,NQZ5,2,16.0,1.0,1,1.0,COST_COVER_BE,RESOLVED,DOUBLE_STOP,SELL,STOP,1,2025-09-19 13:30:00.002401229+00:00,STOP,STOP,15,1,24767.5,24768.75,-29.0,-59.0,-88.0,RESOLVED,BUY,True,5.0,2025-09-19 13:30:00.003867851+00:00,COST_COVER_BE,24767.75,-19.0,-78.0,10.0,RAW_DOUBLE_STOP_RESCUED
2229,2025-09-19 09:30:00,2025-09-19T13:30:00+00:00,VALIDATED_SOURCE,NY,SEPTEMBER,NQZ5,2,16.0,1.0,1,2.0,PRICE_BE,RESOLVED,DOUBLE_STOP,SELL,STOP,1,2025-09-19 13:30:00.002401229+00:00,STOP,STOP,15,1,24767.5,24768.75,-29.0,-59.0,-88.0,RESOLVED,BUY,False,,,ORIGINAL_STOP_BEFORE_ARM,24767.5,-29.0,-88.0,0.0,RAW_DOUBLE_STOP_NOT_RESCUED
2229,2025-09-19 09:30:00,2025-09-19T13:30:00+00:00,VALIDATED_SOURCE,NY,SEPTEMBER,NQZ5,2,16.0,1.0,1,2.0,COST_COVER_BE,RESOLVED,DOUBLE_STOP,SELL,STOP,1,2025-09-19 13:30:00.002401229+00:00,STOP,STOP,15,1,24767.5,24768.75,-29.0,-59.0,-88.0,RESOLVED,BUY,False,,,ORIGINAL_STOP_BEFORE_ARM,24767.5,-29.0,-88.0,0.0,RAW_DOUBLE_STOP_NOT_RESCUED
2229,2025-09-19 09:30:00,2025-09-19T13:30:00+00:00,VALIDATED_SOURCE,NY,SEPTEMBER,NQZ5,2,16.0,1.0,1,3.0,PRICE_BE,RESOLVED,DOUBLE_STOP,SELL,STOP,1,2025-09-19 13:30:00.002401229+00:00,STOP,STOP,15,1,24767.5,24768.75,-29.0,-59.0,-88.0,RESOLVED,BUY,False,,,ORIGINAL_STOP_BEFORE_ARM,24767.5,-29.0,-88.0,0.0,RAW_DOUBLE_STOP_NOT_RESCUED
2229,2025-09-19 09:30:00,2025-09-19T13:30:00+00:00,VALIDATED_SOURCE,NY,SEPTEMBER,NQZ5,2,16.0,1.0,1,3.0,COST_COVER_BE,RESOLVED,DOUBLE_STOP,SELL,STOP,1,2025-09-19 13:30:00.002401229+00:00,STOP,STOP,15,1,24767.5,24768.75,-29.0,-59.0,-88.0,RESOLVED,BUY,False,,,ORIGINAL_STOP_BEFORE_ARM,24767.5,-29.0,-88.0,0.0,RAW_DOUBLE_STOP_NOT_RESCUED
2229,2025-09-19 09:30:00,2025-09-19T13:30:00+00:00,VALIDATED_SOURCE,NY,SEPTEMBER,NQZ5,2,16.0,1.0,1,4.0,PRICE_BE,RESOLVED,DOUBLE_STOP,SELL,STOP,1,2025-09-19 13:30:00.002401229+00:00,STOP,STOP,15,1,24767.5,24768.75,-29.0,-59.0,-88.0,RESOLVED,BUY,False,,,ORIGINAL_STOP_BEFORE_ARM,24767.5,-29.0,-88.0,0.0,RAW_DOUBLE_STOP_NOT_RESCUED
2229,2025-09-19 09:30:00,2025-09-19T13:30:00+00:00,VALIDATED_SOURCE,NY,SEPTEMBER,NQZ5,2,16.0,1.0,1,4.0,COST_COVER_BE,RESOLVED,DOUBLE_STOP,SELL,STOP,1,2025-09-19 13:30:00.002401229+00:00,STOP,STOP,15,1,24767.5,24768.75,-29.0,-59.0,-88.0,RESOLVED,BUY,False,,,ORIGINAL_STOP_BEFORE_ARM,24767.5,-29.0,-88.0,0.0,RAW_DOUBLE_STOP_NOT_RESCUED
2229,2025-09-19 09:30:00,2025-09-19T13:30:00+00:00,VALIDATED_SOURCE,NY,SEPTEMBER,NQZ5,2,16.0,1.0,1,5.0,PRICE_BE,RESOLVED,DOUBLE_STOP,SELL,STOP,1,2025-09-19 13:30:00.002401229+00:00,STOP,STOP,15,1,24767.5,24768.75,-29.0,-59.0,-88.0,RESOLVED,BUY,False,,,ORIGINAL_STOP_BEFORE_ARM,24767.5,-29.0,-88.0,0.0,RAW_DOUBLE_STOP_NOT_RESCUED
2229,2025-09-19 09:30:00,2025-09-19T13:30:00+00:00,VALIDATED_SOURCE,NY,SEPTEMBER,NQZ5,2,16.0,1.0,1,5.0,COST_COVER_BE,RESOLVED,DOUBLE_STOP,SELL,STOP,1,2025-09-19 13:30:00.002401229+00:00,STOP,STOP,15,1,24767.5,24768.75,-29.0,-59.0,-88.0,RESOLVED,BUY,False,,,ORIGINAL_STOP_BEFORE_ARM,24767.5,-29.0,-88.0,0.0,RAW_DOUBLE_STOP_NOT_RESCUED
2229,2025-09-19 09:30:00,2025-09-19T13:30:00+00:00,VALIDATED_SOURCE,NY,SEPTEMBER,NQZ5,2,16.0,1.0,1,8.0,PRICE_BE,RESOLVED,DOUBLE_STOP,SELL,STOP,1,2025-09-19 13:30:00.002401229+00:00,STOP,STOP,15,1,24767.5,24768.75,-29.0,-59.0,-88.0,RESOLVED,BUY,False,,,ORIGINAL_STOP_BEFORE_ARM,24767.5,-29.0,-88.0,0.0,RAW_DOUBLE_STOP_NOT_RESCUED
2229,2025-09-19 09:30:00,2025-09-19T13:30:00+00:00,VALIDATED_SOURCE,NY,SEPTEMBER,NQZ5,2,16.0,1.0,1,8.0,COST_COVER_BE,RESOLVED,DOUBLE_STOP,SELL,STOP,1,2025-09-19 13:30:00.002401229+00:00,STOP,STOP,15,1,24767.5,24768.75,-29.0,-59.0,-88.0,RESOLVED,BUY,False,,,ORIGINAL_STOP_BEFORE_ARM,24767.5,-29.0,-88.0,0.0,RAW_DOUBLE_STOP_NOT_RESCUED
2229,2025-09-19 09:30:00,2025-09-19T13:30:00+00:00,VALIDATED_SOURCE,NY,SEPTEMBER,NQZ5,2,16.0,1.0,2,0.5,PRICE_BE,RESOLVED,DOUBLE_STOP,SELL,STOP,1,2025-09-19 13:30:00.002401229+00:00,STOP,STOP,15,1,24767.25,24769.0,-39.0,-69.0,-108.0,RESOLVED,BUY,True,2.0,2025-09-19 13:30:00.003123751+00:00,PRICE_BE,24767.5,-29.0,-98.0,10.0,RAW_DOUBLE_STOP_RESCUED
2229,2025-09-19 09:30:00,2025-09-19T13:30:00+00:00,VALIDATED_SOURCE,NY,SEPTEMBER,NQZ5,2,16.0,1.0,2,0.5,COST_COVER_BE,RESOLVED,DOUBLE_STOP,SELL,STOP,1,2025-09-19 13:30:00.002401229+00:00,STOP,STOP,15,1,24767.25,24769.0,-39.0,-69.0,-108.0,RESOLVED,BUY,True,2.0,2025-09-19 13:30:00.003123751+00:00,COST_COVER_BE,24767.5,-29.0,-98.0,10.0,RAW_DOUBLE_STOP_RESCUED
2229,2025-09-19 09:30:00,2025-09-19T13:30:00+00:00,VALIDATED_SOURCE,NY,SEPTEMBER,NQZ5,2,16.0,1.0,2,1.0,PRICE_BE,RESOLVED,DOUBLE_STOP,SELL,STOP,1,2025-09-19 13:30:00.002401229+00:00,STOP,STOP,15,1,24767.25,24769.0,-39.0,-69.0,-108.0,RESOLVED,BUY,True,5.0,2025-09-19 13:30:00.003867851+00:00,PRICE_BE,24767.5,-29.0,-98.0,10.0,RAW_DOUBLE_STOP_RESCUED
2229,2025-09-19 09:30:00,2025-09-19T13:30:00+00:00,VALIDATED_SOURCE,NY,SEPTEMBER,NQZ5,2,16.0,1.0,2,1.0,COST_COVER_BE,RESOLVED,DOUBLE_STOP,SELL,STOP,1,2025-09-19 13:30:00.002401229+00:00,STOP,STOP,15,1,24767.25,24769.0,-39.0,-69.0,-108.0,RESOLVED,BUY,True,5.0,2025-09-19 13:30:00.003867851+00:00,COST_COVER_BE,24767.5,-29.0,-98.0,10.0,RAW_DOUBLE_STOP_RESCUED
2229,2025-09-19 09:30:00,2025-09-19T13:30:00+00:00,VALIDATED_SOURCE,NY,SEPTEMBER,NQZ5,2,16.0,1.0,2,2.0,PRICE_BE,RESOLVED,DOUBLE_STOP,SELL,STOP,1,2025-09-19 13:30:00.002401229+00:00,STOP,STOP,15,1,24767.25,24769.0,-39.0,-69.0,-108.0,RESOLVED,BUY,False,,,ORIGINAL_STOP_BEFORE_ARM,24767.25,-39.0,-108.0,0.0,RAW_DOUBLE_STOP_NOT_RESCUED
2229,2025-09-19 09:30:00,2025-09-19T13:30:00+00:00,VALIDATED_SOURCE,NY,SEPTEMBER,NQZ5,2,16.0,1.0,2,2.0,COST_COVER_BE,RESOLVED,DOUBLE_STOP,SELL,STOP,1,2025-09-19 13:30:00.002401229+00:00,STOP,STOP,15,1,24767.25,24769.0,-39.0,-69.0,-108.0,RESOLVED,BUY,False,,,ORIGINAL_STOP_BEFORE_ARM,24767.25,-39.0,-108.0,0.0,RAW_DOUBLE_STOP_NOT_RESCUED
2229,2025-09-19 09:30:00,2025-09-19T13:30:00+00:00,VALIDATED_SOURCE,NY,SEPTEMBER,NQZ5,2,16.0,1.0,2,3.0,PRICE_BE,RESOLVED,DOUBLE_STOP,SELL,STOP,1,2025-09-19 13:30:00.002401229+00:00,STOP,STOP,15,1,24767.25,24769.0,-39.0,-69.0,-108.0,RESOLVED,BUY,False,,,ORIGINAL_STOP_BEFORE_ARM,24767.25,-39.0,-108.0,0.0,RAW_DOUBLE_STOP_NOT_RESCUED
2229,2025-09-19 09:30:00,2025-09-19T13:30:00+00:00,VALIDATED_SOURCE,NY,SEPTEMBER,NQZ5,2,16.0,1.0,2,3.0,COST_COVER_BE,RESOLVED,DOUBLE_STOP,SELL,STOP,1,2025-09-19 13:30:00.002401229+00:00,STOP,STOP,15,1,24767.25,24769.0,-39.0,-69.0,-108.0,RESOLVED,BUY,False,,,ORIGINAL_STOP_BEFORE_ARM,24767.25,-39.0,-108.0,0.0,RAW_DOUBLE_STOP_NOT_RESCUED
2229,2025-09-19 09:30:00,2025-09-19T13:30:00+00:00,VALIDATED_SOURCE,NY,SEPTEMBER,NQZ5,2,16.0,1.0,2,4.0,PRICE_BE,RESOLVED,DOUBLE_STOP,SELL,STOP,1,2025-09-19 13:30:00.002401229+00:00,STOP,STOP,15,1,24767.25,24769.0,-39.0,-69.0,-108.0,RESOLVED,BUY,False,,,ORIGINAL_STOP_BEFORE_ARM,24767.25,-39.0,-108.0,0.0,RAW_DOUBLE_STOP_NOT_RESCUED
2229,2025-09-19 09:30:00,2025-09-19T13:30:00+00:00,VALIDATED_SOURCE,NY,SEPTEMBER,NQZ5,2,16.0,1.0,2,4.0,COST_COVER_BE,RESOLVED,DOUBLE_STOP,SELL,STOP,1,2025-09-19 13:30:00.002401229+00:00,STOP,STOP,15,1,24767.25,24769.0,-39.0,-69.0,-108.0,RESOLVED,BUY,False,,,ORIGINAL_STOP_BEFORE_ARM,24767.25,-39.0,-108.0,0.0,RAW_DOUBLE_STOP_NOT_RESCUED
2229,2025-09-19 09:30:00,2025-09-19T13:30:00+00:00,VALIDATED_SOURCE,NY,SEPTEMBER,NQZ5,2,16.0,1.0,2,5.0,PRICE_BE,RESOLVED,DOUBLE_STOP,SELL,STOP,1,2025-09-19 13:30:00.002401229+00:00,STOP,STOP,15,1,24767.25,24769.0,-39.0,-69.0,-108.0,RESOLVED,BUY,False,,,ORIGINAL_STOP_BEFORE_ARM,24767.25,-39.0,-108.0,0.0,RAW_DOUBLE_STOP_NOT_RESCUED
2229,2025-09-19 09:30:00,2025-09-19T13:30:00+00:00,VALIDATED_SOURCE,NY,SEPTEMBER,NQZ5,2,16.0,1.0,2,5.0,COST_COVER_BE,RESOLVED,DOUBLE_STOP,SELL,STOP,1,2025-09-19 13:30:00.002401229+00:00,STOP,STOP,15,1,24767.25,24769.0,-39.0,-69.0,-108.0,RESOLVED,BUY,False,,,ORIGINAL_STOP_BEFORE_ARM,24767.25,-39.0,-108.0,0.0,RAW_DOUBLE_STOP_NOT_RESCUED
2229,2025-09-19 09:30:00,2025-09-19T13:30:00+00:00,VALIDATED_SOURCE,NY,SEPTEMBER,NQZ5,2,16.0,1.0,2,8.0,PRICE_BE,RESOLVED,DOUBLE_STOP,SELL,STOP,1,2025-09-19 13:30:00.002401229+00:00,STOP,STOP,15,1,24767.25,24769.0,-39.0,-69.0,-108.0,RESOLVED,BUY,False,,,ORIGINAL_STOP_BEFORE_ARM,24767.25,-39.0,-108.0,0.0,RAW_DOUBLE_STOP_NOT_RESCUED
2229,2025-09-19 09:30:00,2025-09-19T13:30:00+00:00,VALIDATED_SOURCE,NY,SEPTEMBER,NQZ5,2,16.0,1.0,2,8.0,COST_COVER_BE,RESOLVED,DOUBLE_STOP,SELL,STOP,1,2025-09-19 13:30:00.002401229+00:00,STOP,STOP,15,1,24767.25,24769.0,-39.0,-69.0,-108.0,RESOLVED,BUY,False,,,ORIGINAL_STOP_BEFORE_ARM,24767.25,-39.0,-108.0,0.0,RAW_DOUBLE_STOP_NOT_RESCUED
2229,2025-09-19 09:30:00,2025-09-19T13:30:00+00:00,VALIDATED_SOURCE,NY,SEPTEMBER,NQZ5,2,16.0,1.0,4,0.5,PRICE_BE,RESOLVED,DOUBLE_STOP,SELL,STOP,1,2025-09-19 13:30:00.002401229+00:00,STOP,STOP,15,1,24766.75,24769.5,-59.0,-89.0,-148.0,RESOLVED,BUY,True,2.0,2025-09-19 13:30:00.003123751+00:00,PRICE_BE,24767.0,-49.0,-138.0,10.0,RAW_DOUBLE_STOP_RESCUED
2229,2025-09-19 09:30:00,2025-09-19T13:30:00+00:00,VALIDATED_SOURCE,NY,SEPTEMBER,NQZ5,2,16.0,1.0,4,0.5,COST_COVER_BE,RESOLVED,DOUBLE_STOP,SELL,STOP,1,2025-09-19 13:30:00.002401229+00:00,STOP,STOP,15,1,24766.75,24769.5,-59.0,-89.0,-148.0,RESOLVED,BUY,True,2.0,2025-09-19 13:30:00.003123751+00:00,COST_COVER_BE,24767.0,-49.0,-138.0,10.0,RAW_DOUBLE_STOP_RESCUED
2229,2025-09-19 09:30:00,2025-09-19T13:30:00+00:00,VALIDATED_SOURCE,NY,SEPTEMBER,NQZ5,2,16.0,1.0,4,1.0,PRICE_BE,RESOLVED,DOUBLE_STOP,SELL,STOP,1,2025-09-19 13:30:00.002401229+00:00,STOP,STOP,15,1,24766.75,24769.5,-59.0,-89.0,-148.0,RESOLVED,BUY,True,5.0,2025-09-19 13:30:00.003867851+00:00,PRICE_BE,24767.0,-49.0,-138.0,10.0,RAW_DOUBLE_STOP_RESCUED
2229,2025-09-19 09:30:00,2025-09-19T13:30:00+00:00,VALIDATED_SOURCE,NY,SEPTEMBER,NQZ5,2,16.0,1.0,4,1.0,COST_COVER_BE,RESOLVED,DOUBLE_STOP,SELL,STOP,1,2025-09-19 13:30:00.002401229+00:00,STOP,STOP,15,1,24766.75,24769.5,-59.0,-89.0,-148.0,RESOLVED,BUY,True,5.0,2025-09-19 13:30:00.003867851+00:00,COST_COVER_BE,24767.0,-49.0,-138.0,10.0,RAW_DOUBLE_STOP_RESCUED
2229,2025-09-19 09:30:00,2025-09-19T13:30:00+00:00,VALIDATED_SOURCE,NY,SEPTEMBER,NQZ5,2,16.0,1.0,4,2.0,PRICE_BE,RESOLVED,DOUBLE_STOP,SELL,STOP,1,2025-09-19 13:30:00.002401229+00:00,STOP,STOP,15,1,24766.75,24769.5,-59.0,-89.0,-148.0,RESOLVED,BUY,False,,,ORIGINAL_STOP_BEFORE_ARM,24766.75,-59.0,-148.0,0.0,RAW_DOUBLE_STOP_NOT_RESCUED
2229,2025-09-19 09:30:00,2025-09-19T13:30:00+00:00,VALIDATED_SOURCE,NY,SEPTEMBER,NQZ5,2,16.0,1.0,4,2.0,COST_COVER_BE,RESOLVED,DOUBLE_STOP,SELL,STOP,1,2025-09-19 13:30:00.002401229+00:00,STOP,STOP,15,1,24766.75,24769.5,-59.0,-89.0,-148.0,RESOLVED,BUY,False,,,ORIGINAL_STOP_BEFORE_ARM,24766.75,-59.0,-148.0,0.0,RAW_DOUBLE_STOP_NOT_RESCUED
2229,2025-09-19 09:30:00,2025-09-19T13:30:00+00:00,VALIDATED_SOURCE,NY,SEPTEMBER,NQZ5,2,16.0,1.0,4,3.0,PRICE_BE,RESOLVED,DOUBLE_STOP,SELL,STOP,1,2025-09-19 13:30:00.002401229+00:00,STOP,STOP,15,1,24766.75,24769.5,-59.0,-89.0,-148.0,RESOLVED,BUY,False,,,ORIGINAL_STOP_BEFORE_ARM,24766.75,-59.0,-148.0,0.0,RAW_DOUBLE_STOP_NOT_RESCUED
2229,2025-09-19 09:30:00,2025-09-19T13:30:00+00:00,VALIDATED_SOURCE,NY,SEPTEMBER,NQZ5,2,16.0,1.0,4,3.0,COST_COVER_BE,RESOLVED,DOUBLE_STOP,SELL,STOP,1,2025-09-19 13:30:00.002401229+00:00,STOP,STOP,15,1,24766.75,24769.5,-59.0,-89.0,-148.0,RESOLVED,BUY,False,,,ORIGINAL_STOP_BEFORE_ARM,24766.75,-59.0,-148.0,0.0,RAW_DOUBLE_STOP_NOT_RESCUED
2229,2025-09-19 09:30:00,2025-09-19T13:30:00+00:00,VALIDATED_SOURCE,NY,SEPTEMBER,NQZ5,2,16.0,1.0,4,4.0,PRICE_BE,RESOLVED,DOUBLE_STOP,SELL,STOP,1,2025-09-19 13:30:00.002401229+00:00,STOP,STOP,15,1,24766.75,24769.5,-59.0,-89.0,-148.0,RESOLVED,BUY,False,,,ORIGINAL_STOP_BEFORE_ARM,24766.75,-59.0,-148.0,0.0,RAW_DOUBLE_STOP_NOT_RESCUED
2229,2025-09-19 09:30:00,2025-09-19T13:30:00+00:00,VALIDATED_SOURCE,NY,SEPTEMBER,NQZ5,2,16.0,1.0,4,4.0,COST_COVER_BE,RESOLVED,DOUBLE_STOP,SELL,STOP,1,2025-09-19 13:30:00.002401229+00:00,STOP,STOP,15,1,24766.75,24769.5,-59.0,-89.0,-148.0,RESOLVED,BUY,False,,,ORIGINAL_STOP_BEFORE_ARM,24766.75,-59.0,-148.0,0.0,RAW_DOUBLE_STOP_NOT_RESCUED
2229,2025-09-19 09:30:00,2025-09-19T13:30:00+00:00,VALIDATED_SOURCE,NY,SEPTEMBER,NQZ5,2,16.0,1.0,4,5.0,PRICE_BE,RESOLVED,DOUBLE_STOP,SELL,STOP,1,2025-09-19 13:30:00.002401229+00:00,STOP,STOP,15,1,24766.75,24769.5,-59.0,-89.0,-148.0,RESOLVED,BUY,False,,,ORIGINAL_STOP_BEFORE_ARM,24766.75,-59.0,-148.0,0.0,RAW_DOUBLE_STOP_NOT_RESCUED
2229,2025-09-19 09:30:00,2025-09-19T13:30:00+00:00,VALIDATED_SOURCE,NY,SEPTEMBER,NQZ5,2,16.0,1.0,4,5.0,COST_COVER_BE,RESOLVED,DOUBLE_STOP,SELL,STOP,1,2025-09-19 13:30:00.002401229+00:00,STOP,STOP,15,1,24766.75,24769.5,-59.0,-89.0,-148.0,RESOLVED,BUY,False,,,ORIGINAL_STOP_BEFORE_ARM,24766.75,-59.0,-148.0,0.0,RAW_DOUBLE_STOP_NOT_RESCUED
2229,2025-09-19 09:30:00,2025-09-19T13:30:00+00:00,VALIDATED_SOURCE,NY,SEPTEMBER,NQZ5,2,16.0,1.0,4,8.0,PRICE_BE,RESOLVED,DOUBLE_STOP,SELL,STOP,1,2025-09-19 13:30:00.002401229+00:00,STOP,STOP,15,1,24766.75,24769.5,-59.0,-89.0,-148.0,RESOLVED,BUY,False,,,ORIGINAL_STOP_BEFORE_ARM,24766.75,-59.0,-148.0,0.0,RAW_DOUBLE_STOP_NOT_RESCUED
2229,2025-09-19 09:30:00,2025-09-19T13:30:00+00:00,VALIDATED_SOURCE,NY,SEPTEMBER,NQZ5,2,16.0,1.0,4,8.0,COST_COVER_BE,RESOLVED,DOUBLE_STOP,SELL,STOP,1,2025-09-19 13:30:00.002401229+00:00,STOP,STOP,15,1,24766.75,24769.5,-59.0,-89.0,-148.0,RESOLVED,BUY,False,,,ORIGINAL_STOP_BEFORE_ARM,24766.75,-59.0,-148.0,0.0,RAW_DOUBLE_STOP_NOT_RESCUED
