trade_number,entry_time_et,route,source_status,active_symbol,control_pair_net,profile,execution_mode,stop_mode,extra_ticks,status,direction,proof_time_utc,proof_trigger,entry_time_utc,entry_price,target,stop,trade_taken,exit_reason,exit_time_utc,exit_price,candidate_net,delta_vs_control,chase_points,spread,max_gap_before_proof_seconds,entry_index,limit_price
2175,2025-08-03 18:00,WEEKLY,VALIDATED_SOURCE,NQU5,-118.0,OCO_LIMIT_0P5_TTL_1S,OCO_STOP_LIMIT,ORIGINAL_SURVIVOR_STOP,0,RESOLVED,SELL,2025-08-03 22:00:00.090916277+00:00,22849.25,2025-08-03 22:00:00.624680757+00:00,22852.25,22840.0,22850.75,True,LIVE_STOP,2025-08-03 22:00:00.624680757+00:00,22853.5,-59.0,59.0,0.0,1.25,0.05724138,,
2175,2025-08-03 18:00,WEEKLY,VALIDATED_SOURCE,NQU5,-118.0,OCO_LIMIT_0P5_TTL_1S,OCO_STOP_LIMIT,ORIGINAL_SURVIVOR_STOP,1,RESOLVED,SELL,2025-08-03 22:00:00.090916277+00:00,22849.25,2025-08-03 22:00:00.624680757+00:00,22852.0,22840.0,22850.75,True,LIVE_STOP,2025-08-03 22:00:00.624680757+00:00,22853.75,-79.0,39.0,0.0,1.25,0.05724138,,
2175,2025-08-03 18:00,WEEKLY,VALIDATED_SOURCE,NQU5,-118.0,OCO_LIMIT_0P5_TTL_1S,OCO_STOP_LIMIT,ORIGINAL_SURVIVOR_STOP,2,RESOLVED,SELL,2025-08-03 22:00:00.090916277+00:00,22849.25,2025-08-03 22:00:00.624680757+00:00,22851.75,22840.0,22850.75,True,LIVE_STOP,2025-08-03 22:00:00.624680757+00:00,22854.0,-99.0,19.0,0.0,1.25,0.05724138,,
2175,2025-08-03 18:00,WEEKLY,VALIDATED_SOURCE,NQU5,-118.0,OCO_LIMIT_0P5_TTL_1S,OCO_STOP_LIMIT,ORIGINAL_SURVIVOR_STOP,4,RESOLVED,SELL,2025-08-03 22:00:00.090916277+00:00,22849.25,2025-08-03 22:00:00.624680757+00:00,22851.25,22840.0,22850.75,True,LIVE_STOP,2025-08-03 22:00:00.624680757+00:00,22854.5,-139.0,-21.0,0.0,1.25,0.05724138,,
2175,2025-08-03 18:00,WEEKLY,VALIDATED_SOURCE,NQU5,-118.0,OCO_LIMIT_0P5_TTL_1S,OCO_STOP_LIMIT,ONE_POINT_FROM_FILL,0,RESOLVED,SELL,2025-08-03 22:00:00.090916277+00:00,22849.25,2025-08-03 22:00:00.624680757+00:00,22852.25,22840.0,22853.25,True,LIVE_STOP,2025-08-03 22:00:00.624680757+00:00,22853.5,-59.0,59.0,0.0,1.25,0.05724138,,
2175,2025-08-03 18:00,WEEKLY,VALIDATED_SOURCE,NQU5,-118.0,OCO_LIMIT_0P5_TTL_1S,OCO_STOP_LIMIT,ONE_POINT_FROM_FILL,1,RESOLVED,SELL,2025-08-03 22:00:00.090916277+00:00,22849.25,2025-08-03 22:00:00.624680757+00:00,22852.0,22840.0,22853.0,True,LIVE_STOP,2025-08-03 22:00:00.624680757+00:00,22853.75,-79.0,39.0,0.0,1.25,0.05724138,,
2175,2025-08-03 18:00,WEEKLY,VALIDATED_SOURCE,NQU5,-118.0,OCO_LIMIT_0P5_TTL_1S,OCO_STOP_LIMIT,ONE_POINT_FROM_FILL,2,RESOLVED,SELL,2025-08-03 22:00:00.090916277+00:00,22849.25,2025-08-03 22:00:00.624680757+00:00,22851.75,22840.0,22852.75,True,LIVE_STOP,2025-08-03 22:00:00.624680757+00:00,22854.0,-99.0,19.0,0.0,1.25,0.05724138,,
2175,2025-08-03 18:00,WEEKLY,VALIDATED_SOURCE,NQU5,-118.0,OCO_LIMIT_0P5_TTL_1S,OCO_STOP_LIMIT,ONE_POINT_FROM_FILL,4,RESOLVED,SELL,2025-08-03 22:00:00.090916277+00:00,22849.25,2025-08-03 22:00:00.624680757+00:00,22851.25,22840.0,22852.25,True,LIVE_STOP,2025-08-03 22:00:00.624680757+00:00,22854.5,-139.0,-21.0,0.0,1.25,0.05724138,,
2175,2025-08-03 18:00,WEEKLY,VALIDATED_SOURCE,NQU5,-118.0,OCO_LIMIT_1P0_TTL_1S,OCO_STOP_LIMIT,ORIGINAL_SURVIVOR_STOP,0,RESOLVED,SELL,2025-08-03 22:00:00.090916277+00:00,22849.25,2025-08-03 22:00:00.624680757+00:00,22852.25,22840.0,22850.75,True,LIVE_STOP,2025-08-03 22:00:00.624680757+00:00,22853.5,-59.0,59.0,0.0,1.25,0.05724138,,
2175,2025-08-03 18:00,WEEKLY,VALIDATED_SOURCE,NQU5,-118.0,OCO_LIMIT_1P0_TTL_1S,OCO_STOP_LIMIT,ORIGINAL_SURVIVOR_STOP,1,RESOLVED,SELL,2025-08-03 22:00:00.090916277+00:00,22849.25,2025-08-03 22:00:00.624680757+00:00,22852.0,22840.0,22850.75,True,LIVE_STOP,2025-08-03 22:00:00.624680757+00:00,22853.75,-79.0,39.0,0.0,1.25,0.05724138,,
2175,2025-08-03 18:00,WEEKLY,VALIDATED_SOURCE,NQU5,-118.0,OCO_LIMIT_1P0_TTL_1S,OCO_STOP_LIMIT,ORIGINAL_SURVIVOR_STOP,2,RESOLVED,SELL,2025-08-03 22:00:00.090916277+00:00,22849.25,2025-08-03 22:00:00.624680757+00:00,22851.75,22840.0,22850.75,True,LIVE_STOP,2025-08-03 22:00:00.624680757+00:00,22854.0,-99.0,19.0,0.0,1.25,0.05724138,,
2175,2025-08-03 18:00,WEEKLY,VALIDATED_SOURCE,NQU5,-118.0,OCO_LIMIT_1P0_TTL_1S,OCO_STOP_LIMIT,ORIGINAL_SURVIVOR_STOP,4,RESOLVED,SELL,2025-08-03 22:00:00.090916277+00:00,22849.25,2025-08-03 22:00:00.624680757+00:00,22851.25,22840.0,22850.75,True,LIVE_STOP,2025-08-03 22:00:00.624680757+00:00,22854.5,-139.0,-21.0,0.0,1.25,0.05724138,,
2175,2025-08-03 18:00,WEEKLY,VALIDATED_SOURCE,NQU5,-118.0,OCO_LIMIT_1P0_TTL_1S,OCO_STOP_LIMIT,ONE_POINT_FROM_FILL,0,RESOLVED,SELL,2025-08-03 22:00:00.090916277+00:00,22849.25,2025-08-03 22:00:00.624680757+00:00,22852.25,22840.0,22853.25,True,LIVE_STOP,2025-08-03 22:00:00.624680757+00:00,22853.5,-59.0,59.0,0.0,1.25,0.05724138,,
2175,2025-08-03 18:00,WEEKLY,VALIDATED_SOURCE,NQU5,-118.0,OCO_LIMIT_1P0_TTL_1S,OCO_STOP_LIMIT,ONE_POINT_FROM_FILL,1,RESOLVED,SELL,2025-08-03 22:00:00.090916277+00:00,22849.25,2025-08-03 22:00:00.624680757+00:00,22852.0,22840.0,22853.0,True,LIVE_STOP,2025-08-03 22:00:00.624680757+00:00,22853.75,-79.0,39.0,0.0,1.25,0.05724138,,
2175,2025-08-03 18:00,WEEKLY,VALIDATED_SOURCE,NQU5,-118.0,OCO_LIMIT_1P0_TTL_1S,OCO_STOP_LIMIT,ONE_POINT_FROM_FILL,2,RESOLVED,SELL,2025-08-03 22:00:00.090916277+00:00,22849.25,2025-08-03 22:00:00.624680757+00:00,22851.75,22840.0,22852.75,True,LIVE_STOP,2025-08-03 22:00:00.624680757+00:00,22854.0,-99.0,19.0,0.0,1.25,0.05724138,,
2175,2025-08-03 18:00,WEEKLY,VALIDATED_SOURCE,NQU5,-118.0,OCO_LIMIT_1P0_TTL_1S,OCO_STOP_LIMIT,ONE_POINT_FROM_FILL,4,RESOLVED,SELL,2025-08-03 22:00:00.090916277+00:00,22849.25,2025-08-03 22:00:00.624680757+00:00,22851.25,22840.0,22852.25,True,LIVE_STOP,2025-08-03 22:00:00.624680757+00:00,22854.5,-139.0,-21.0,0.0,1.25,0.05724138,,
2175,2025-08-03 18:00,WEEKLY,VALIDATED_SOURCE,NQU5,-118.0,OCO_LIMIT_2P0_TTL_1S,OCO_STOP_LIMIT,ORIGINAL_SURVIVOR_STOP,0,RESOLVED,SELL,2025-08-03 22:00:00.090916277+00:00,22849.25,2025-08-03 22:00:00.090916277+00:00,22847.75,22840.0,22850.75,True,LIVE_STOP,2025-08-03 22:00:00.090916277+00:00,22851.0,-139.0,-21.0,1.5,3.25,0.05724138,,
2175,2025-08-03 18:00,WEEKLY,VALIDATED_SOURCE,NQU5,-118.0,OCO_LIMIT_2P0_TTL_1S,OCO_STOP_LIMIT,ORIGINAL_SURVIVOR_STOP,1,RESOLVED,SELL,2025-08-03 22:00:00.090916277+00:00,22849.25,2025-08-03 22:00:00.090916277+00:00,22847.5,22840.0,22850.75,True,LIVE_STOP,2025-08-03 22:00:00.090916277+00:00,22851.25,-159.0,-41.0,1.75,3.25,0.05724138,,
2175,2025-08-03 18:00,WEEKLY,VALIDATED_SOURCE,NQU5,-118.0,OCO_LIMIT_2P0_TTL_1S,OCO_STOP_LIMIT,ORIGINAL_SURVIVOR_STOP,2,RESOLVED,SELL,2025-08-03 22:00:00.090916277+00:00,22849.25,2025-08-03 22:00:00.090916277+00:00,22847.25,22840.0,22850.75,True,LIVE_STOP,2025-08-03 22:00:00.090916277+00:00,22851.5,-179.0,-61.0,2.0,3.25,0.05724138,,
2175,2025-08-03 18:00,WEEKLY,VALIDATED_SOURCE,NQU5,-118.0,OCO_LIMIT_2P0_TTL_1S,OCO_STOP_LIMIT,ORIGINAL_SURVIVOR_STOP,4,RESOLVED,SELL,2025-08-03 22:00:00.090916277+00:00,22849.25,2025-08-03 22:00:00.090916277+00:00,22847.25,22840.0,22850.75,True,LIVE_STOP,2025-08-03 22:00:00.090916277+00:00,22852.0,-199.0,-81.0,2.0,3.25,0.05724138,,
2175,2025-08-03 18:00,WEEKLY,VALIDATED_SOURCE,NQU5,-118.0,OCO_LIMIT_2P0_TTL_1S,OCO_STOP_LIMIT,ONE_POINT_FROM_FILL,0,RESOLVED,SELL,2025-08-03 22:00:00.090916277+00:00,22849.25,2025-08-03 22:00:00.090916277+00:00,22847.75,22840.0,22848.75,True,LIVE_STOP,2025-08-03 22:00:00.090916277+00:00,22851.0,-139.0,-21.0,1.5,3.25,0.05724138,,
2175,2025-08-03 18:00,WEEKLY,VALIDATED_SOURCE,NQU5,-118.0,OCO_LIMIT_2P0_TTL_1S,OCO_STOP_LIMIT,ONE_POINT_FROM_FILL,1,RESOLVED,SELL,2025-08-03 22:00:00.090916277+00:00,22849.25,2025-08-03 22:00:00.090916277+00:00,22847.5,22840.0,22848.5,True,LIVE_STOP,2025-08-03 22:00:00.090916277+00:00,22851.25,-159.0,-41.0,1.75,3.25,0.05724138,,
2175,2025-08-03 18:00,WEEKLY,VALIDATED_SOURCE,NQU5,-118.0,OCO_LIMIT_2P0_TTL_1S,OCO_STOP_LIMIT,ONE_POINT_FROM_FILL,2,RESOLVED,SELL,2025-08-03 22:00:00.090916277+00:00,22849.25,2025-08-03 22:00:00.090916277+00:00,22847.25,22840.0,22848.25,True,LIVE_STOP,2025-08-03 22:00:00.090916277+00:00,22851.5,-179.0,-61.0,2.0,3.25,0.05724138,,
2175,2025-08-03 18:00,WEEKLY,VALIDATED_SOURCE,NQU5,-118.0,OCO_LIMIT_2P0_TTL_1S,OCO_STOP_LIMIT,ONE_POINT_FROM_FILL,4,RESOLVED,SELL,2025-08-03 22:00:00.090916277+00:00,22849.25,2025-08-03 22:00:00.090916277+00:00,22847.25,22840.0,22848.25,True,LIVE_STOP,2025-08-03 22:00:00.090916277+00:00,22852.0,-199.0,-81.0,2.0,3.25,0.05724138,,
2175,2025-08-03 18:00,WEEKLY,VALIDATED_SOURCE,NQU5,-118.0,CTRL_100MS_CAP_0P5,CONTROLLER_MARKET,ORIGINAL_SURVIVOR_STOP,0,SKIP_SPREAD_GATE,SELL,2025-08-03 22:00:00.090916277+00:00,22849.25,,,,,False,,,,0.0,118.0,,3.5,,12.0,
2175,2025-08-03 18:00,WEEKLY,VALIDATED_SOURCE,NQU5,-118.0,CTRL_100MS_CAP_0P5,CONTROLLER_MARKET,ORIGINAL_SURVIVOR_STOP,1,SKIP_SPREAD_GATE,SELL,2025-08-03 22:00:00.090916277+00:00,22849.25,,,,,False,,,,0.0,118.0,,3.5,,12.0,
2175,2025-08-03 18:00,WEEKLY,VALIDATED_SOURCE,NQU5,-118.0,CTRL_100MS_CAP_0P5,CONTROLLER_MARKET,ORIGINAL_SURVIVOR_STOP,2,SKIP_SPREAD_GATE,SELL,2025-08-03 22:00:00.090916277+00:00,22849.25,,,,,False,,,,0.0,118.0,,3.5,,12.0,
2175,2025-08-03 18:00,WEEKLY,VALIDATED_SOURCE,NQU5,-118.0,CTRL_100MS_CAP_0P5,CONTROLLER_MARKET,ORIGINAL_SURVIVOR_STOP,4,SKIP_SPREAD_GATE,SELL,2025-08-03 22:00:00.090916277+00:00,22849.25,,,,,False,,,,0.0,118.0,,3.5,,12.0,
2175,2025-08-03 18:00,WEEKLY,VALIDATED_SOURCE,NQU5,-118.0,CTRL_100MS_CAP_0P5,CONTROLLER_MARKET,ONE_POINT_FROM_FILL,0,SKIP_SPREAD_GATE,SELL,2025-08-03 22:00:00.090916277+00:00,22849.25,,,,,False,,,,0.0,118.0,,3.5,,12.0,
2175,2025-08-03 18:00,WEEKLY,VALIDATED_SOURCE,NQU5,-118.0,CTRL_100MS_CAP_0P5,CONTROLLER_MARKET,ONE_POINT_FROM_FILL,1,SKIP_SPREAD_GATE,SELL,2025-08-03 22:00:00.090916277+00:00,22849.25,,,,,False,,,,0.0,118.0,,3.5,,12.0,
2175,2025-08-03 18:00,WEEKLY,VALIDATED_SOURCE,NQU5,-118.0,CTRL_100MS_CAP_0P5,CONTROLLER_MARKET,ONE_POINT_FROM_FILL,2,SKIP_SPREAD_GATE,SELL,2025-08-03 22:00:00.090916277+00:00,22849.25,,,,,False,,,,0.0,118.0,,3.5,,12.0,
2175,2025-08-03 18:00,WEEKLY,VALIDATED_SOURCE,NQU5,-118.0,CTRL_100MS_CAP_0P5,CONTROLLER_MARKET,ONE_POINT_FROM_FILL,4,SKIP_SPREAD_GATE,SELL,2025-08-03 22:00:00.090916277+00:00,22849.25,,,,,False,,,,0.0,118.0,,3.5,,12.0,
2175,2025-08-03 18:00,WEEKLY,VALIDATED_SOURCE,NQU5,-118.0,CTRL_250MS_CAP_1P0,CONTROLLER_MARKET,ORIGINAL_SURVIVOR_STOP,0,SKIP_SPREAD_GATE,SELL,2025-08-03 22:00:00.090916277+00:00,22849.25,,,,,False,,,,0.0,118.0,,3.5,,14.0,
2175,2025-08-03 18:00,WEEKLY,VALIDATED_SOURCE,NQU5,-118.0,CTRL_250MS_CAP_1P0,CONTROLLER_MARKET,ORIGINAL_SURVIVOR_STOP,1,SKIP_SPREAD_GATE,SELL,2025-08-03 22:00:00.090916277+00:00,22849.25,,,,,False,,,,0.0,118.0,,3.5,,14.0,
2175,2025-08-03 18:00,WEEKLY,VALIDATED_SOURCE,NQU5,-118.0,CTRL_250MS_CAP_1P0,CONTROLLER_MARKET,ORIGINAL_SURVIVOR_STOP,2,SKIP_SPREAD_GATE,SELL,2025-08-03 22:00:00.090916277+00:00,22849.25,,,,,False,,,,0.0,118.0,,3.5,,14.0,
2175,2025-08-03 18:00,WEEKLY,VALIDATED_SOURCE,NQU5,-118.0,CTRL_250MS_CAP_1P0,CONTROLLER_MARKET,ORIGINAL_SURVIVOR_STOP,4,SKIP_SPREAD_GATE,SELL,2025-08-03 22:00:00.090916277+00:00,22849.25,,,,,False,,,,0.0,118.0,,3.5,,14.0,
2175,2025-08-03 18:00,WEEKLY,VALIDATED_SOURCE,NQU5,-118.0,CTRL_250MS_CAP_1P0,CONTROLLER_MARKET,ONE_POINT_FROM_FILL,0,SKIP_SPREAD_GATE,SELL,2025-08-03 22:00:00.090916277+00:00,22849.25,,,,,False,,,,0.0,118.0,,3.5,,14.0,
2175,2025-08-03 18:00,WEEKLY,VALIDATED_SOURCE,NQU5,-118.0,CTRL_250MS_CAP_1P0,CONTROLLER_MARKET,ONE_POINT_FROM_FILL,1,SKIP_SPREAD_GATE,SELL,2025-08-03 22:00:00.090916277+00:00,22849.25,,,,,False,,,,0.0,118.0,,3.5,,14.0,
2175,2025-08-03 18:00,WEEKLY,VALIDATED_SOURCE,NQU5,-118.0,CTRL_250MS_CAP_1P0,CONTROLLER_MARKET,ONE_POINT_FROM_FILL,2,SKIP_SPREAD_GATE,SELL,2025-08-03 22:00:00.090916277+00:00,22849.25,,,,,False,,,,0.0,118.0,,3.5,,14.0,
2175,2025-08-03 18:00,WEEKLY,VALIDATED_SOURCE,NQU5,-118.0,CTRL_250MS_CAP_1P0,CONTROLLER_MARKET,ONE_POINT_FROM_FILL,4,SKIP_SPREAD_GATE,SELL,2025-08-03 22:00:00.090916277+00:00,22849.25,,,,,False,,,,0.0,118.0,,3.5,,14.0,
2175,2025-08-03 18:00,WEEKLY,VALIDATED_SOURCE,NQU5,-118.0,CTRL_500MS_CAP_1P0,CONTROLLER_MARKET,ORIGINAL_SURVIVOR_STOP,0,SKIP_SPREAD_GATE,SELL,2025-08-03 22:00:00.090916277+00:00,22849.25,,,,,False,,,,0.0,118.0,,3.0,,18.0,
2175,2025-08-03 18:00,WEEKLY,VALIDATED_SOURCE,NQU5,-118.0,CTRL_500MS_CAP_1P0,CONTROLLER_MARKET,ORIGINAL_SURVIVOR_STOP,1,SKIP_SPREAD_GATE,SELL,2025-08-03 22:00:00.090916277+00:00,22849.25,,,,,False,,,,0.0,118.0,,3.0,,18.0,
2175,2025-08-03 18:00,WEEKLY,VALIDATED_SOURCE,NQU5,-118.0,CTRL_500MS_CAP_1P0,CONTROLLER_MARKET,ORIGINAL_SURVIVOR_STOP,2,SKIP_SPREAD_GATE,SELL,2025-08-03 22:00:00.090916277+00:00,22849.25,,,,,False,,,,0.0,118.0,,3.0,,18.0,
2175,2025-08-03 18:00,WEEKLY,VALIDATED_SOURCE,NQU5,-118.0,CTRL_500MS_CAP_1P0,CONTROLLER_MARKET,ORIGINAL_SURVIVOR_STOP,4,SKIP_SPREAD_GATE,SELL,2025-08-03 22:00:00.090916277+00:00,22849.25,,,,,False,,,,0.0,118.0,,3.0,,18.0,
2175,2025-08-03 18:00,WEEKLY,VALIDATED_SOURCE,NQU5,-118.0,CTRL_500MS_CAP_1P0,CONTROLLER_MARKET,ONE_POINT_FROM_FILL,0,SKIP_SPREAD_GATE,SELL,2025-08-03 22:00:00.090916277+00:00,22849.25,,,,,False,,,,0.0,118.0,,3.0,,18.0,
2175,2025-08-03 18:00,WEEKLY,VALIDATED_SOURCE,NQU5,-118.0,CTRL_500MS_CAP_1P0,CONTROLLER_MARKET,ONE_POINT_FROM_FILL,1,SKIP_SPREAD_GATE,SELL,2025-08-03 22:00:00.090916277+00:00,22849.25,,,,,False,,,,0.0,118.0,,3.0,,18.0,
2175,2025-08-03 18:00,WEEKLY,VALIDATED_SOURCE,NQU5,-118.0,CTRL_500MS_CAP_1P0,CONTROLLER_MARKET,ONE_POINT_FROM_FILL,2,SKIP_SPREAD_GATE,SELL,2025-08-03 22:00:00.090916277+00:00,22849.25,,,,,False,,,,0.0,118.0,,3.0,,18.0,
2175,2025-08-03 18:00,WEEKLY,VALIDATED_SOURCE,NQU5,-118.0,CTRL_500MS_CAP_1P0,CONTROLLER_MARKET,ONE_POINT_FROM_FILL,4,SKIP_SPREAD_GATE,SELL,2025-08-03 22:00:00.090916277+00:00,22849.25,,,,,False,,,,0.0,118.0,,3.0,,18.0,
2175,2025-08-03 18:00,WEEKLY,VALIDATED_SOURCE,NQU5,-118.0,CTRL_1S_CAP_2P0,CONTROLLER_MARKET,ORIGINAL_SURVIVOR_STOP,0,RESOLVED,SELL,2025-08-03 22:00:00.090916277+00:00,22849.25,2025-08-03 22:00:01.109249673+00:00,22856.75,22840.0,22850.75,True,LIVE_STOP,2025-08-03 22:00:01.109249673+00:00,22860.25,-149.0,-31.0,0.0,3.5,0.05724138,,
2175,2025-08-03 18:00,WEEKLY,VALIDATED_SOURCE,NQU5,-118.0,CTRL_1S_CAP_2P0,CONTROLLER_MARKET,ORIGINAL_SURVIVOR_STOP,1,RESOLVED,SELL,2025-08-03 22:00:00.090916277+00:00,22849.25,2025-08-03 22:00:01.109249673+00:00,22856.5,22840.0,22850.75,True,LIVE_STOP,2025-08-03 22:00:01.109249673+00:00,22860.5,-169.0,-51.0,0.0,3.5,0.05724138,,
2175,2025-08-03 18:00,WEEKLY,VALIDATED_SOURCE,NQU5,-118.0,CTRL_1S_CAP_2P0,CONTROLLER_MARKET,ORIGINAL_SURVIVOR_STOP,2,RESOLVED,SELL,2025-08-03 22:00:00.090916277+00:00,22849.25,2025-08-03 22:00:01.109249673+00:00,22856.25,22840.0,22850.75,True,LIVE_STOP,2025-08-03 22:00:01.109249673+00:00,22860.75,-189.0,-71.0,0.0,3.5,0.05724138,,
2175,2025-08-03 18:00,WEEKLY,VALIDATED_SOURCE,NQU5,-118.0,CTRL_1S_CAP_2P0,CONTROLLER_MARKET,ORIGINAL_SURVIVOR_STOP,4,RESOLVED,SELL,2025-08-03 22:00:00.090916277+00:00,22849.25,2025-08-03 22:00:01.109249673+00:00,22855.75,22840.0,22850.75,True,LIVE_STOP,2025-08-03 22:00:01.109249673+00:00,22861.25,-229.0,-111.0,0.0,3.5,0.05724138,,
2175,2025-08-03 18:00,WEEKLY,VALIDATED_SOURCE,NQU5,-118.0,CTRL_1S_CAP_2P0,CONTROLLER_MARKET,ONE_POINT_FROM_FILL,0,RESOLVED,SELL,2025-08-03 22:00:00.090916277+00:00,22849.25,2025-08-03 22:00:01.109249673+00:00,22856.75,22840.0,22857.75,True,LIVE_STOP,2025-08-03 22:00:01.109249673+00:00,22860.25,-149.0,-31.0,0.0,3.5,0.05724138,,
2175,2025-08-03 18:00,WEEKLY,VALIDATED_SOURCE,NQU5,-118.0,CTRL_1S_CAP_2P0,CONTROLLER_MARKET,ONE_POINT_FROM_FILL,1,RESOLVED,SELL,2025-08-03 22:00:00.090916277+00:00,22849.25,2025-08-03 22:00:01.109249673+00:00,22856.5,22840.0,22857.5,True,LIVE_STOP,2025-08-03 22:00:01.109249673+00:00,22860.5,-169.0,-51.0,0.0,3.5,0.05724138,,
2175,2025-08-03 18:00,WEEKLY,VALIDATED_SOURCE,NQU5,-118.0,CTRL_1S_CAP_2P0,CONTROLLER_MARKET,ONE_POINT_FROM_FILL,2,RESOLVED,SELL,2025-08-03 22:00:00.090916277+00:00,22849.25,2025-08-03 22:00:01.109249673+00:00,22856.25,22840.0,22857.25,True,LIVE_STOP,2025-08-03 22:00:01.109249673+00:00,22860.75,-189.0,-71.0,0.0,3.5,0.05724138,,
2175,2025-08-03 18:00,WEEKLY,VALIDATED_SOURCE,NQU5,-118.0,CTRL_1S_CAP_2P0,CONTROLLER_MARKET,ONE_POINT_FROM_FILL,4,RESOLVED,SELL,2025-08-03 22:00:00.090916277+00:00,22849.25,2025-08-03 22:00:01.109249673+00:00,22855.75,22840.0,22856.75,True,LIVE_STOP,2025-08-03 22:00:01.109249673+00:00,22861.25,-229.0,-111.0,0.0,3.5,0.05724138,,
2176,2025-08-04 09:30,NY,VALIDATED_SOURCE,NQU5,-118.0,OCO_LIMIT_0P5_TTL_1S,OCO_STOP_LIMIT,ORIGINAL_SURVIVOR_STOP,0,RESOLVED,BUY,2025-08-04 13:30:00.001358323+00:00,23094.75,2025-08-04 13:30:00.001358323+00:00,23094.75,23110.25,23093.25,True,LIVE_STOP,2025-08-04 13:30:01.633650431+00:00,23093.25,-69.0,49.0,0.0,1.0,0.000786522,,
2176,2025-08-04 09:30,NY,VALIDATED_SOURCE,NQU5,-118.0,OCO_LIMIT_0P5_TTL_1S,OCO_STOP_LIMIT,ORIGINAL_SURVIVOR_STOP,1,RESOLVED,BUY,2025-08-04 13:30:00.001358323+00:00,23094.75,2025-08-04 13:30:00.001358323+00:00,23095.0,23110.25,23093.25,True,LIVE_STOP,2025-08-04 13:30:01.633650431+00:00,23093.0,-89.0,29.0,0.25,1.0,0.000786522,,
2176,2025-08-04 09:30,NY,VALIDATED_SOURCE,NQU5,-118.0,OCO_LIMIT_0P5_TTL_1S,OCO_STOP_LIMIT,ORIGINAL_SURVIVOR_STOP,2,RESOLVED,BUY,2025-08-04 13:30:00.001358323+00:00,23094.75,2025-08-04 13:30:00.001358323+00:00,23095.25,23110.25,23093.25,True,LIVE_STOP,2025-08-04 13:30:01.633650431+00:00,23092.75,-109.0,9.0,0.5,1.0,0.000786522,,
2176,2025-08-04 09:30,NY,VALIDATED_SOURCE,NQU5,-118.0,OCO_LIMIT_0P5_TTL_1S,OCO_STOP_LIMIT,ORIGINAL_SURVIVOR_STOP,4,RESOLVED,BUY,2025-08-04 13:30:00.001358323+00:00,23094.75,2025-08-04 13:30:00.001358323+00:00,23095.25,23110.25,23093.25,True,LIVE_STOP,2025-08-04 13:30:01.633650431+00:00,23092.25,-129.0,-11.0,0.5,1.0,0.000786522,,
2176,2025-08-04 09:30,NY,VALIDATED_SOURCE,NQU5,-118.0,OCO_LIMIT_0P5_TTL_1S,OCO_STOP_LIMIT,ONE_POINT_FROM_FILL,0,RESOLVED,BUY,2025-08-04 13:30:00.001358323+00:00,23094.75,2025-08-04 13:30:00.001358323+00:00,23094.75,23110.25,23093.75,True,LIVE_STOP,2025-08-04 13:30:00.001358323+00:00,23093.75,-49.0,69.0,0.0,1.0,0.000786522,,
2176,2025-08-04 09:30,NY,VALIDATED_SOURCE,NQU5,-118.0,OCO_LIMIT_0P5_TTL_1S,OCO_STOP_LIMIT,ONE_POINT_FROM_FILL,1,RESOLVED,BUY,2025-08-04 13:30:00.001358323+00:00,23094.75,2025-08-04 13:30:00.001358323+00:00,23095.0,23110.25,23094.0,True,LIVE_STOP,2025-08-04 13:30:00.001358323+00:00,23093.5,-69.0,49.0,0.25,1.0,0.000786522,,
2176,2025-08-04 09:30,NY,VALIDATED_SOURCE,NQU5,-118.0,OCO_LIMIT_0P5_TTL_1S,OCO_STOP_LIMIT,ONE_POINT_FROM_FILL,2,RESOLVED,BUY,2025-08-04 13:30:00.001358323+00:00,23094.75,2025-08-04 13:30:00.001358323+00:00,23095.25,23110.25,23094.25,True,LIVE_STOP,2025-08-04 13:30:00.001358323+00:00,23093.25,-89.0,29.0,0.5,1.0,0.000786522,,
2176,2025-08-04 09:30,NY,VALIDATED_SOURCE,NQU5,-118.0,OCO_LIMIT_0P5_TTL_1S,OCO_STOP_LIMIT,ONE_POINT_FROM_FILL,4,RESOLVED,BUY,2025-08-04 13:30:00.001358323+00:00,23094.75,2025-08-04 13:30:00.001358323+00:00,23095.25,23110.25,23094.25,True,LIVE_STOP,2025-08-04 13:30:00.001358323+00:00,23092.75,-109.0,9.0,0.5,1.0,0.000786522,,
2176,2025-08-04 09:30,NY,VALIDATED_SOURCE,NQU5,-118.0,OCO_LIMIT_1P0_TTL_1S,OCO_STOP_LIMIT,ORIGINAL_SURVIVOR_STOP,0,RESOLVED,BUY,2025-08-04 13:30:00.001358323+00:00,23094.75,2025-08-04 13:30:00.001358323+00:00,23094.75,23110.25,23093.25,True,LIVE_STOP,2025-08-04 13:30:01.633650431+00:00,23093.25,-69.0,49.0,0.0,1.0,0.000786522,,
2176,2025-08-04 09:30,NY,VALIDATED_SOURCE,NQU5,-118.0,OCO_LIMIT_1P0_TTL_1S,OCO_STOP_LIMIT,ORIGINAL_SURVIVOR_STOP,1,RESOLVED,BUY,2025-08-04 13:30:00.001358323+00:00,23094.75,2025-08-04 13:30:00.001358323+00:00,23095.0,23110.25,23093.25,True,LIVE_STOP,2025-08-04 13:30:01.633650431+00:00,23093.0,-89.0,29.0,0.25,1.0,0.000786522,,
2176,2025-08-04 09:30,NY,VALIDATED_SOURCE,NQU5,-118.0,OCO_LIMIT_1P0_TTL_1S,OCO_STOP_LIMIT,ORIGINAL_SURVIVOR_STOP,2,RESOLVED,BUY,2025-08-04 13:30:00.001358323+00:00,23094.75,2025-08-04 13:30:00.001358323+00:00,23095.25,23110.25,23093.25,True,LIVE_STOP,2025-08-04 13:30:01.633650431+00:00,23092.75,-109.0,9.0,0.5,1.0,0.000786522,,
2176,2025-08-04 09:30,NY,VALIDATED_SOURCE,NQU5,-118.0,OCO_LIMIT_1P0_TTL_1S,OCO_STOP_LIMIT,ORIGINAL_SURVIVOR_STOP,4,RESOLVED,BUY,2025-08-04 13:30:00.001358323+00:00,23094.75,2025-08-04 13:30:00.001358323+00:00,23095.75,23110.25,23093.25,True,LIVE_STOP,2025-08-04 13:30:01.633650431+00:00,23092.25,-149.0,-31.0,1.0,1.0,0.000786522,,
2176,2025-08-04 09:30,NY,VALIDATED_SOURCE,NQU5,-118.0,OCO_LIMIT_1P0_TTL_1S,OCO_STOP_LIMIT,ONE_POINT_FROM_FILL,0,RESOLVED,BUY,2025-08-04 13:30:00.001358323+00:00,23094.75,2025-08-04 13:30:00.001358323+00:00,23094.75,23110.25,23093.75,True,LIVE_STOP,2025-08-04 13:30:00.001358323+00:00,23093.75,-49.0,69.0,0.0,1.0,0.000786522,,
2176,2025-08-04 09:30,NY,VALIDATED_SOURCE,NQU5,-118.0,OCO_LIMIT_1P0_TTL_1S,OCO_STOP_LIMIT,ONE_POINT_FROM_FILL,1,RESOLVED,BUY,2025-08-04 13:30:00.001358323+00:00,23094.75,2025-08-04 13:30:00.001358323+00:00,23095.0,23110.25,23094.0,True,LIVE_STOP,2025-08-04 13:30:00.001358323+00:00,23093.5,-69.0,49.0,0.25,1.0,0.000786522,,
2176,2025-08-04 09:30,NY,VALIDATED_SOURCE,NQU5,-118.0,OCO_LIMIT_1P0_TTL_1S,OCO_STOP_LIMIT,ONE_POINT_FROM_FILL,2,RESOLVED,BUY,2025-08-04 13:30:00.001358323+00:00,23094.75,2025-08-04 13:30:00.001358323+00:00,23095.25,23110.25,23094.25,True,LIVE_STOP,2025-08-04 13:30:00.001358323+00:00,23093.25,-89.0,29.0,0.5,1.0,0.000786522,,
2176,2025-08-04 09:30,NY,VALIDATED_SOURCE,NQU5,-118.0,OCO_LIMIT_1P0_TTL_1S,OCO_STOP_LIMIT,ONE_POINT_FROM_FILL,4,RESOLVED,BUY,2025-08-04 13:30:00.001358323+00:00,23094.75,2025-08-04 13:30:00.001358323+00:00,23095.75,23110.25,23094.75,True,LIVE_STOP,2025-08-04 13:30:00.001358323+00:00,23092.75,-129.0,-11.0,1.0,1.0,0.000786522,,
2176,2025-08-04 09:30,NY,VALIDATED_SOURCE,NQU5,-118.0,OCO_LIMIT_2P0_TTL_1S,OCO_STOP_LIMIT,ORIGINAL_SURVIVOR_STOP,0,RESOLVED,BUY,2025-08-04 13:30:00.001358323+00:00,23094.75,2025-08-04 13:30:00.001358323+00:00,23094.75,23110.25,23093.25,True,LIVE_STOP,2025-08-04 13:30:01.633650431+00:00,23093.25,-69.0,49.0,0.0,1.0,0.000786522,,
2176,2025-08-04 09:30,NY,VALIDATED_SOURCE,NQU5,-118.0,OCO_LIMIT_2P0_TTL_1S,OCO_STOP_LIMIT,ORIGINAL_SURVIVOR_STOP,1,RESOLVED,BUY,2025-08-04 13:30:00.001358323+00:00,23094.75,2025-08-04 13:30:00.001358323+00:00,23095.0,23110.25,23093.25,True,LIVE_STOP,2025-08-04 13:30:01.633650431+00:00,23093.0,-89.0,29.0,0.25,1.0,0.000786522,,
2176,2025-08-04 09:30,NY,VALIDATED_SOURCE,NQU5,-118.0,OCO_LIMIT_2P0_TTL_1S,OCO_STOP_LIMIT,ORIGINAL_SURVIVOR_STOP,2,RESOLVED,BUY,2025-08-04 13:30:00.001358323+00:00,23094.75,2025-08-04 13:30:00.001358323+00:00,23095.25,23110.25,23093.25,True,LIVE_STOP,2025-08-04 13:30:01.633650431+00:00,23092.75,-109.0,9.0,0.5,1.0,0.000786522,,
2176,2025-08-04 09:30,NY,VALIDATED_SOURCE,NQU5,-118.0,OCO_LIMIT_2P0_TTL_1S,OCO_STOP_LIMIT,ORIGINAL_SURVIVOR_STOP,4,RESOLVED,BUY,2025-08-04 13:30:00.001358323+00:00,23094.75,2025-08-04 13:30:00.001358323+00:00,23095.75,23110.25,23093.25,True,LIVE_STOP,2025-08-04 13:30:01.633650431+00:00,23092.25,-149.0,-31.0,1.0,1.0,0.000786522,,
2176,2025-08-04 09:30,NY,VALIDATED_SOURCE,NQU5,-118.0,OCO_LIMIT_2P0_TTL_1S,OCO_STOP_LIMIT,ONE_POINT_FROM_FILL,0,RESOLVED,BUY,2025-08-04 13:30:00.001358323+00:00,23094.75,2025-08-04 13:30:00.001358323+00:00,23094.75,23110.25,23093.75,True,LIVE_STOP,2025-08-04 13:30:00.001358323+00:00,23093.75,-49.0,69.0,0.0,1.0,0.000786522,,
2176,2025-08-04 09:30,NY,VALIDATED_SOURCE,NQU5,-118.0,OCO_LIMIT_2P0_TTL_1S,OCO_STOP_LIMIT,ONE_POINT_FROM_FILL,1,RESOLVED,BUY,2025-08-04 13:30:00.001358323+00:00,23094.75,2025-08-04 13:30:00.001358323+00:00,23095.0,23110.25,23094.0,True,LIVE_STOP,2025-08-04 13:30:00.001358323+00:00,23093.5,-69.0,49.0,0.25,1.0,0.000786522,,
2176,2025-08-04 09:30,NY,VALIDATED_SOURCE,NQU5,-118.0,OCO_LIMIT_2P0_TTL_1S,OCO_STOP_LIMIT,ONE_POINT_FROM_FILL,2,RESOLVED,BUY,2025-08-04 13:30:00.001358323+00:00,23094.75,2025-08-04 13:30:00.001358323+00:00,23095.25,23110.25,23094.25,True,LIVE_STOP,2025-08-04 13:30:00.001358323+00:00,23093.25,-89.0,29.0,0.5,1.0,0.000786522,,
2176,2025-08-04 09:30,NY,VALIDATED_SOURCE,NQU5,-118.0,OCO_LIMIT_2P0_TTL_1S,OCO_STOP_LIMIT,ONE_POINT_FROM_FILL,4,RESOLVED,BUY,2025-08-04 13:30:00.001358323+00:00,23094.75,2025-08-04 13:30:00.001358323+00:00,23095.75,23110.25,23094.75,True,LIVE_STOP,2025-08-04 13:30:00.001358323+00:00,23092.75,-129.0,-11.0,1.0,1.0,0.000786522,,
2176,2025-08-04 09:30,NY,VALIDATED_SOURCE,NQU5,-118.0,CTRL_100MS_CAP_0P5,CONTROLLER_MARKET,ORIGINAL_SURVIVOR_STOP,0,SKIP_CHASE_CAP,BUY,2025-08-04 13:30:00.001358323+00:00,23094.75,,23096.25,,,False,,,,0.0,118.0,1.5,0.5,,92.0,
2176,2025-08-04 09:30,NY,VALIDATED_SOURCE,NQU5,-118.0,CTRL_100MS_CAP_0P5,CONTROLLER_MARKET,ORIGINAL_SURVIVOR_STOP,1,SKIP_CHASE_CAP,BUY,2025-08-04 13:30:00.001358323+00:00,23094.75,,23096.5,,,False,,,,0.0,118.0,1.75,0.5,,92.0,
2176,2025-08-04 09:30,NY,VALIDATED_SOURCE,NQU5,-118.0,CTRL_100MS_CAP_0P5,CONTROLLER_MARKET,ORIGINAL_SURVIVOR_STOP,2,SKIP_CHASE_CAP,BUY,2025-08-04 13:30:00.001358323+00:00,23094.75,,23096.75,,,False,,,,0.0,118.0,2.0,0.5,,92.0,
2176,2025-08-04 09:30,NY,VALIDATED_SOURCE,NQU5,-118.0,CTRL_100MS_CAP_0P5,CONTROLLER_MARKET,ORIGINAL_SURVIVOR_STOP,4,SKIP_CHASE_CAP,BUY,2025-08-04 13:30:00.001358323+00:00,23094.75,,23097.25,,,False,,,,0.0,118.0,2.5,0.5,,92.0,
2176,2025-08-04 09:30,NY,VALIDATED_SOURCE,NQU5,-118.0,CTRL_100MS_CAP_0P5,CONTROLLER_MARKET,ONE_POINT_FROM_FILL,0,SKIP_CHASE_CAP,BUY,2025-08-04 13:30:00.001358323+00:00,23094.75,,23096.25,,,False,,,,0.0,118.0,1.5,0.5,,92.0,
2176,2025-08-04 09:30,NY,VALIDATED_SOURCE,NQU5,-118.0,CTRL_100MS_CAP_0P5,CONTROLLER_MARKET,ONE_POINT_FROM_FILL,1,SKIP_CHASE_CAP,BUY,2025-08-04 13:30:00.001358323+00:00,23094.75,,23096.5,,,False,,,,0.0,118.0,1.75,0.5,,92.0,
2176,2025-08-04 09:30,NY,VALIDATED_SOURCE,NQU5,-118.0,CTRL_100MS_CAP_0P5,CONTROLLER_MARKET,ONE_POINT_FROM_FILL,2,SKIP_CHASE_CAP,BUY,2025-08-04 13:30:00.001358323+00:00,23094.75,,23096.75,,,False,,,,0.0,118.0,2.0,0.5,,92.0,
2176,2025-08-04 09:30,NY,VALIDATED_SOURCE,NQU5,-118.0,CTRL_100MS_CAP_0P5,CONTROLLER_MARKET,ONE_POINT_FROM_FILL,4,SKIP_CHASE_CAP,BUY,2025-08-04 13:30:00.001358323+00:00,23094.75,,23097.25,,,False,,,,0.0,118.0,2.5,0.5,,92.0,
2176,2025-08-04 09:30,NY,VALIDATED_SOURCE,NQU5,-118.0,CTRL_250MS_CAP_1P0,CONTROLLER_MARKET,ORIGINAL_SURVIVOR_STOP,0,RESOLVED,BUY,2025-08-04 13:30:00.001358323+00:00,23094.75,2025-08-04 13:30:00.263746149+00:00,23095.5,23110.25,23093.25,True,LIVE_STOP,2025-08-04 13:30:01.633650431+00:00,23093.25,-99.0,19.0,0.75,0.5,0.000786522,,
2176,2025-08-04 09:30,NY,VALIDATED_SOURCE,NQU5,-118.0,CTRL_250MS_CAP_1P0,CONTROLLER_MARKET,ORIGINAL_SURVIVOR_STOP,1,RESOLVED,BUY,2025-08-04 13:30:00.001358323+00:00,23094.75,2025-08-04 13:30:00.263746149+00:00,23095.75,23110.25,23093.25,True,LIVE_STOP,2025-08-04 13:30:01.633650431+00:00,23093.0,-119.0,-1.0,1.0,0.5,0.000786522,,
2176,2025-08-04 09:30,NY,VALIDATED_SOURCE,NQU5,-118.0,CTRL_250MS_CAP_1P0,CONTROLLER_MARKET,ORIGINAL_SURVIVOR_STOP,2,SKIP_CHASE_CAP,BUY,2025-08-04 13:30:00.001358323+00:00,23094.75,,23096.0,,,False,,,,0.0,118.0,1.25,0.5,,129.0,
2176,2025-08-04 09:30,NY,VALIDATED_SOURCE,NQU5,-118.0,CTRL_250MS_CAP_1P0,CONTROLLER_MARKET,ORIGINAL_SURVIVOR_STOP,4,SKIP_CHASE_CAP,BUY,2025-08-04 13:30:00.001358323+00:00,23094.75,,23096.5,,,False,,,,0.0,118.0,1.75,0.5,,129.0,
2176,2025-08-04 09:30,NY,VALIDATED_SOURCE,NQU5,-118.0,CTRL_250MS_CAP_1P0,CONTROLLER_MARKET,ONE_POINT_FROM_FILL,0,RESOLVED,BUY,2025-08-04 13:30:00.001358323+00:00,23094.75,2025-08-04 13:30:00.263746149+00:00,23095.5,23110.25,23094.5,True,LIVE_STOP,2025-08-04 13:30:01.619683083+00:00,23094.5,-49.0,69.0,0.75,0.5,0.000786522,,
2176,2025-08-04 09:30,NY,VALIDATED_SOURCE,NQU5,-118.0,CTRL_250MS_CAP_1P0,CONTROLLER_MARKET,ONE_POINT_FROM_FILL,1,RESOLVED,BUY,2025-08-04 13:30:00.001358323+00:00,23094.75,2025-08-04 13:30:00.263746149+00:00,23095.75,23110.25,23094.75,True,LIVE_STOP,2025-08-04 13:30:00.559563737+00:00,23094.5,-59.0,59.0,1.0,0.5,0.000786522,,
2176,2025-08-04 09:30,NY,VALIDATED_SOURCE,NQU5,-118.0,CTRL_250MS_CAP_1P0,CONTROLLER_MARKET,ONE_POINT_FROM_FILL,2,SKIP_CHASE_CAP,BUY,2025-08-04 13:30:00.001358323+00:00,23094.75,,23096.0,,,False,,,,0.0,118.0,1.25,0.5,,129.0,
2176,2025-08-04 09:30,NY,VALIDATED_SOURCE,NQU5,-118.0,CTRL_250MS_CAP_1P0,CONTROLLER_MARKET,ONE_POINT_FROM_FILL,4,SKIP_CHASE_CAP,BUY,2025-08-04 13:30:00.001358323+00:00,23094.75,,23096.5,,,False,,,,0.0,118.0,1.75,0.5,,129.0,
2176,2025-08-04 09:30,NY,VALIDATED_SOURCE,NQU5,-118.0,CTRL_500MS_CAP_1P0,CONTROLLER_MARKET,ORIGINAL_SURVIVOR_STOP,0,SKIP_CHASE_CAP,BUY,2025-08-04 13:30:00.001358323+00:00,23094.75,,23096.25,,,False,,,,0.0,118.0,1.5,0.5,,177.0,
2176,2025-08-04 09:30,NY,VALIDATED_SOURCE,NQU5,-118.0,CTRL_500MS_CAP_1P0,CONTROLLER_MARKET,ORIGINAL_SURVIVOR_STOP,1,SKIP_CHASE_CAP,BUY,2025-08-04 13:30:00.001358323+00:00,23094.75,,23096.5,,,False,,,,0.0,118.0,1.75,0.5,,177.0,
2176,2025-08-04 09:30,NY,VALIDATED_SOURCE,NQU5,-118.0,CTRL_500MS_CAP_1P0,CONTROLLER_MARKET,ORIGINAL_SURVIVOR_STOP,2,SKIP_CHASE_CAP,BUY,2025-08-04 13:30:00.001358323+00:00,23094.75,,23096.75,,,False,,,,0.0,118.0,2.0,0.5,,177.0,
2176,2025-08-04 09:30,NY,VALIDATED_SOURCE,NQU5,-118.0,CTRL_500MS_CAP_1P0,CONTROLLER_MARKET,ORIGINAL_SURVIVOR_STOP,4,SKIP_CHASE_CAP,BUY,2025-08-04 13:30:00.001358323+00:00,23094.75,,23097.25,,,False,,,,0.0,118.0,2.5,0.5,,177.0,
2176,2025-08-04 09:30,NY,VALIDATED_SOURCE,NQU5,-118.0,CTRL_500MS_CAP_1P0,CONTROLLER_MARKET,ONE_POINT_FROM_FILL,0,SKIP_CHASE_CAP,BUY,2025-08-04 13:30:00.001358323+00:00,23094.75,,23096.25,,,False,,,,0.0,118.0,1.5,0.5,,177.0,
2176,2025-08-04 09:30,NY,VALIDATED_SOURCE,NQU5,-118.0,CTRL_500MS_CAP_1P0,CONTROLLER_MARKET,ONE_POINT_FROM_FILL,1,SKIP_CHASE_CAP,BUY,2025-08-04 13:30:00.001358323+00:00,23094.75,,23096.5,,,False,,,,0.0,118.0,1.75,0.5,,177.0,
2176,2025-08-04 09:30,NY,VALIDATED_SOURCE,NQU5,-118.0,CTRL_500MS_CAP_1P0,CONTROLLER_MARKET,ONE_POINT_FROM_FILL,2,SKIP_CHASE_CAP,BUY,2025-08-04 13:30:00.001358323+00:00,23094.75,,23096.75,,,False,,,,0.0,118.0,2.0,0.5,,177.0,
2176,2025-08-04 09:30,NY,VALIDATED_SOURCE,NQU5,-118.0,CTRL_500MS_CAP_1P0,CONTROLLER_MARKET,ONE_POINT_FROM_FILL,4,SKIP_CHASE_CAP,BUY,2025-08-04 13:30:00.001358323+00:00,23094.75,,23097.25,,,False,,,,0.0,118.0,2.5,0.5,,177.0,
2176,2025-08-04 09:30,NY,VALIDATED_SOURCE,NQU5,-118.0,CTRL_1S_CAP_2P0,CONTROLLER_MARKET,ORIGINAL_SURVIVOR_STOP,0,SKIP_CHASE_CAP,BUY,2025-08-04 13:30:00.001358323+00:00,23094.75,,23097.25,,,False,,,,0.0,118.0,2.5,0.5,,274.0,
2176,2025-08-04 09:30,NY,VALIDATED_SOURCE,NQU5,-118.0,CTRL_1S_CAP_2P0,CONTROLLER_MARKET,ORIGINAL_SURVIVOR_STOP,1,SKIP_CHASE_CAP,BUY,2025-08-04 13:30:00.001358323+00:00,23094.75,,23097.5,,,False,,,,0.0,118.0,2.75,0.5,,274.0,
2176,2025-08-04 09:30,NY,VALIDATED_SOURCE,NQU5,-118.0,CTRL_1S_CAP_2P0,CONTROLLER_MARKET,ORIGINAL_SURVIVOR_STOP,2,SKIP_CHASE_CAP,BUY,2025-08-04 13:30:00.001358323+00:00,23094.75,,23097.75,,,False,,,,0.0,118.0,3.0,0.5,,274.0,
2176,2025-08-04 09:30,NY,VALIDATED_SOURCE,NQU5,-118.0,CTRL_1S_CAP_2P0,CONTROLLER_MARKET,ORIGINAL_SURVIVOR_STOP,4,SKIP_CHASE_CAP,BUY,2025-08-04 13:30:00.001358323+00:00,23094.75,,23098.25,,,False,,,,0.0,118.0,3.5,0.5,,274.0,
2176,2025-08-04 09:30,NY,VALIDATED_SOURCE,NQU5,-118.0,CTRL_1S_CAP_2P0,CONTROLLER_MARKET,ONE_POINT_FROM_FILL,0,SKIP_CHASE_CAP,BUY,2025-08-04 13:30:00.001358323+00:00,23094.75,,23097.25,,,False,,,,0.0,118.0,2.5,0.5,,274.0,
2176,2025-08-04 09:30,NY,VALIDATED_SOURCE,NQU5,-118.0,CTRL_1S_CAP_2P0,CONTROLLER_MARKET,ONE_POINT_FROM_FILL,1,SKIP_CHASE_CAP,BUY,2025-08-04 13:30:00.001358323+00:00,23094.75,,23097.5,,,False,,,,0.0,118.0,2.75,0.5,,274.0,
2176,2025-08-04 09:30,NY,VALIDATED_SOURCE,NQU5,-118.0,CTRL_1S_CAP_2P0,CONTROLLER_MARKET,ONE_POINT_FROM_FILL,2,SKIP_CHASE_CAP,BUY,2025-08-04 13:30:00.001358323+00:00,23094.75,,23097.75,,,False,,,,0.0,118.0,3.0,0.5,,274.0,
2176,2025-08-04 09:30,NY,VALIDATED_SOURCE,NQU5,-118.0,CTRL_1S_CAP_2P0,CONTROLLER_MARKET,ONE_POINT_FROM_FILL,4,SKIP_CHASE_CAP,BUY,2025-08-04 13:30:00.001358323+00:00,23094.75,,23098.25,,,False,,,,0.0,118.0,3.5,0.5,,274.0,
2177,2025-08-04 18:00,WEEKDAY_PREMIUM,VALIDATED_SOURCE,NQU5,-118.0,OCO_LIMIT_0P5_TTL_1S,OCO_STOP_LIMIT,ORIGINAL_SURVIVOR_STOP,0,RESOLVED,SELL,2025-08-04 22:00:00.014832971+00:00,23353.25,2025-08-04 22:00:00.117516003+00:00,23354.25,23343.75,23354.75,True,LIVE_STOP,2025-08-04 22:00:00.117516003+00:00,23355.25,-49.0,69.0,0.0,1.0,0.009526914,,
2177,2025-08-04 18:00,WEEKDAY_PREMIUM,VALIDATED_SOURCE,NQU5,-118.0,OCO_LIMIT_0P5_TTL_1S,OCO_STOP_LIMIT,ORIGINAL_SURVIVOR_STOP,1,RESOLVED,SELL,2025-08-04 22:00:00.014832971+00:00,23353.25,2025-08-04 22:00:00.117516003+00:00,23354.0,23343.75,23354.75,True,LIVE_STOP,2025-08-04 22:00:00.117516003+00:00,23355.5,-69.0,49.0,0.0,1.0,0.009526914,,
2177,2025-08-04 18:00,WEEKDAY_PREMIUM,VALIDATED_SOURCE,NQU5,-118.0,OCO_LIMIT_0P5_TTL_1S,OCO_STOP_LIMIT,ORIGINAL_SURVIVOR_STOP,2,RESOLVED,SELL,2025-08-04 22:00:00.014832971+00:00,23353.25,2025-08-04 22:00:00.117516003+00:00,23353.75,23343.75,23354.75,True,LIVE_STOP,2025-08-04 22:00:00.117516003+00:00,23355.75,-89.0,29.0,0.0,1.0,0.009526914,,
2177,2025-08-04 18:00,WEEKDAY_PREMIUM,VALIDATED_SOURCE,NQU5,-118.0,OCO_LIMIT_0P5_TTL_1S,OCO_STOP_LIMIT,ORIGINAL_SURVIVOR_STOP,4,RESOLVED,SELL,2025-08-04 22:00:00.014832971+00:00,23353.25,2025-08-04 22:00:00.117516003+00:00,23353.25,23343.75,23354.75,True,LIVE_STOP,2025-08-04 22:00:00.117516003+00:00,23356.25,-129.0,-11.0,0.0,1.0,0.009526914,,
2177,2025-08-04 18:00,WEEKDAY_PREMIUM,VALIDATED_SOURCE,NQU5,-118.0,OCO_LIMIT_0P5_TTL_1S,OCO_STOP_LIMIT,ONE_POINT_FROM_FILL,0,RESOLVED,SELL,2025-08-04 22:00:00.014832971+00:00,23353.25,2025-08-04 22:00:00.117516003+00:00,23354.25,23343.75,23355.25,True,LIVE_STOP,2025-08-04 22:00:00.117516003+00:00,23355.25,-49.0,69.0,0.0,1.0,0.009526914,,
2177,2025-08-04 18:00,WEEKDAY_PREMIUM,VALIDATED_SOURCE,NQU5,-118.0,OCO_LIMIT_0P5_TTL_1S,OCO_STOP_LIMIT,ONE_POINT_FROM_FILL,1,RESOLVED,SELL,2025-08-04 22:00:00.014832971+00:00,23353.25,2025-08-04 22:00:00.117516003+00:00,23354.0,23343.75,23355.0,True,LIVE_STOP,2025-08-04 22:00:00.117516003+00:00,23355.5,-69.0,49.0,0.0,1.0,0.009526914,,
2177,2025-08-04 18:00,WEEKDAY_PREMIUM,VALIDATED_SOURCE,NQU5,-118.0,OCO_LIMIT_0P5_TTL_1S,OCO_STOP_LIMIT,ONE_POINT_FROM_FILL,2,RESOLVED,SELL,2025-08-04 22:00:00.014832971+00:00,23353.25,2025-08-04 22:00:00.117516003+00:00,23353.75,23343.75,23354.75,True,LIVE_STOP,2025-08-04 22:00:00.117516003+00:00,23355.75,-89.0,29.0,0.0,1.0,0.009526914,,
2177,2025-08-04 18:00,WEEKDAY_PREMIUM,VALIDATED_SOURCE,NQU5,-118.0,OCO_LIMIT_0P5_TTL_1S,OCO_STOP_LIMIT,ONE_POINT_FROM_FILL,4,RESOLVED,SELL,2025-08-04 22:00:00.014832971+00:00,23353.25,2025-08-04 22:00:00.117516003+00:00,23353.25,23343.75,23354.25,True,LIVE_STOP,2025-08-04 22:00:00.117516003+00:00,23356.25,-129.0,-11.0,0.0,1.0,0.009526914,,
2177,2025-08-04 18:00,WEEKDAY_PREMIUM,VALIDATED_SOURCE,NQU5,-118.0,OCO_LIMIT_1P0_TTL_1S,OCO_STOP_LIMIT,ORIGINAL_SURVIVOR_STOP,0,RESOLVED,SELL,2025-08-04 22:00:00.014832971+00:00,23353.25,2025-08-04 22:00:00.017243077+00:00,23352.5,23343.75,23354.75,True,LIVE_STOP,2025-08-04 22:00:00.117516003+00:00,23355.25,-119.0,-1.0,0.75,1.75,0.009526914,,
2177,2025-08-04 18:00,WEEKDAY_PREMIUM,VALIDATED_SOURCE,NQU5,-118.0,OCO_LIMIT_1P0_TTL_1S,OCO_STOP_LIMIT,ORIGINAL_SURVIVOR_STOP,1,RESOLVED,SELL,2025-08-04 22:00:00.014832971+00:00,23353.25,2025-08-04 22:00:00.017243077+00:00,23352.25,23343.75,23354.75,True,LIVE_STOP,2025-08-04 22:00:00.117516003+00:00,23355.5,-139.0,-21.0,1.0,1.75,0.009526914,,
2177,2025-08-04 18:00,WEEKDAY_PREMIUM,VALIDATED_SOURCE,NQU5,-118.0,OCO_LIMIT_1P0_TTL_1S,OCO_STOP_LIMIT,ORIGINAL_SURVIVOR_STOP,2,RESOLVED,SELL,2025-08-04 22:00:00.014832971+00:00,23353.25,2025-08-04 22:00:00.017243077+00:00,23352.25,23343.75,23354.75,True,LIVE_STOP,2025-08-04 22:00:00.117516003+00:00,23355.75,-149.0,-31.0,1.0,1.75,0.009526914,,
2177,2025-08-04 18:00,WEEKDAY_PREMIUM,VALIDATED_SOURCE,NQU5,-118.0,OCO_LIMIT_1P0_TTL_1S,OCO_STOP_LIMIT,ORIGINAL_SURVIVOR_STOP,4,RESOLVED,SELL,2025-08-04 22:00:00.014832971+00:00,23353.25,2025-08-04 22:00:00.017243077+00:00,23352.25,23343.75,23354.75,True,LIVE_STOP,2025-08-04 22:00:00.117516003+00:00,23356.25,-169.0,-51.0,1.0,1.75,0.009526914,,
2177,2025-08-04 18:00,WEEKDAY_PREMIUM,VALIDATED_SOURCE,NQU5,-118.0,OCO_LIMIT_1P0_TTL_1S,OCO_STOP_LIMIT,ONE_POINT_FROM_FILL,0,RESOLVED,SELL,2025-08-04 22:00:00.014832971+00:00,23353.25,2025-08-04 22:00:00.017243077+00:00,23352.5,23343.75,23353.5,True,LIVE_STOP,2025-08-04 22:00:00.017243077+00:00,23354.25,-79.0,39.0,0.75,1.75,0.009526914,,
2177,2025-08-04 18:00,WEEKDAY_PREMIUM,VALIDATED_SOURCE,NQU5,-118.0,OCO_LIMIT_1P0_TTL_1S,OCO_STOP_LIMIT,ONE_POINT_FROM_FILL,1,RESOLVED,SELL,2025-08-04 22:00:00.014832971+00:00,23353.25,2025-08-04 22:00:00.017243077+00:00,23352.25,23343.75,23353.25,True,LIVE_STOP,2025-08-04 22:00:00.017243077+00:00,23354.5,-99.0,19.0,1.0,1.75,0.009526914,,
2177,2025-08-04 18:00,WEEKDAY_PREMIUM,VALIDATED_SOURCE,NQU5,-118.0,OCO_LIMIT_1P0_TTL_1S,OCO_STOP_LIMIT,ONE_POINT_FROM_FILL,2,RESOLVED,SELL,2025-08-04 22:00:00.014832971+00:00,23353.25,2025-08-04 22:00:00.017243077+00:00,23352.25,23343.75,23353.25,True,LIVE_STOP,2025-08-04 22:00:00.017243077+00:00,23354.75,-109.0,9.0,1.0,1.75,0.009526914,,
2177,2025-08-04 18:00,WEEKDAY_PREMIUM,VALIDATED_SOURCE,NQU5,-118.0,OCO_LIMIT_1P0_TTL_1S,OCO_STOP_LIMIT,ONE_POINT_FROM_FILL,4,RESOLVED,SELL,2025-08-04 22:00:00.014832971+00:00,23353.25,2025-08-04 22:00:00.017243077+00:00,23352.25,23343.75,23353.25,True,LIVE_STOP,2025-08-04 22:00:00.017243077+00:00,23355.25,-129.0,-11.0,1.0,1.75,0.009526914,,
2177,2025-08-04 18:00,WEEKDAY_PREMIUM,VALIDATED_SOURCE,NQU5,-118.0,OCO_LIMIT_2P0_TTL_1S,OCO_STOP_LIMIT,ORIGINAL_SURVIVOR_STOP,0,RESOLVED,SELL,2025-08-04 22:00:00.014832971+00:00,23353.25,2025-08-04 22:00:00.014832971+00:00,23353.0,23343.75,23354.75,True,LIVE_STOP,2025-08-04 22:00:00.014832971+00:00,23355.25,-99.0,19.0,0.25,2.25,0.009526914,,
2177,2025-08-04 18:00,WEEKDAY_PREMIUM,VALIDATED_SOURCE,NQU5,-118.0,OCO_LIMIT_2P0_TTL_1S,OCO_STOP_LIMIT,ORIGINAL_SURVIVOR_STOP,1,RESOLVED,SELL,2025-08-04 22:00:00.014832971+00:00,23353.25,2025-08-04 22:00:00.014832971+00:00,23352.75,23343.75,23354.75,True,LIVE_STOP,2025-08-04 22:00:00.014832971+00:00,23355.5,-119.0,-1.0,0.5,2.25,0.009526914,,
2177,2025-08-04 18:00,WEEKDAY_PREMIUM,VALIDATED_SOURCE,NQU5,-118.0,OCO_LIMIT_2P0_TTL_1S,OCO_STOP_LIMIT,ORIGINAL_SURVIVOR_STOP,2,RESOLVED,SELL,2025-08-04 22:00:00.014832971+00:00,23353.25,2025-08-04 22:00:00.014832971+00:00,23352.5,23343.75,23354.75,True,LIVE_STOP,2025-08-04 22:00:00.014832971+00:00,23355.75,-139.0,-21.0,0.75,2.25,0.009526914,,
2177,2025-08-04 18:00,WEEKDAY_PREMIUM,VALIDATED_SOURCE,NQU5,-118.0,OCO_LIMIT_2P0_TTL_1S,OCO_STOP_LIMIT,ORIGINAL_SURVIVOR_STOP,4,RESOLVED,SELL,2025-08-04 22:00:00.014832971+00:00,23353.25,2025-08-04 22:00:00.014832971+00:00,23352.0,23343.75,23354.75,True,LIVE_STOP,2025-08-04 22:00:00.014832971+00:00,23356.25,-179.0,-61.0,1.25,2.25,0.009526914,,
2177,2025-08-04 18:00,WEEKDAY_PREMIUM,VALIDATED_SOURCE,NQU5,-118.0,OCO_LIMIT_2P0_TTL_1S,OCO_STOP_LIMIT,ONE_POINT_FROM_FILL,0,RESOLVED,SELL,2025-08-04 22:00:00.014832971+00:00,23353.25,2025-08-04 22:00:00.014832971+00:00,23353.0,23343.75,23354.0,True,LIVE_STOP,2025-08-04 22:00:00.014832971+00:00,23355.25,-99.0,19.0,0.25,2.25,0.009526914,,
2177,2025-08-04 18:00,WEEKDAY_PREMIUM,VALIDATED_SOURCE,NQU5,-118.0,OCO_LIMIT_2P0_TTL_1S,OCO_STOP_LIMIT,ONE_POINT_FROM_FILL,1,RESOLVED,SELL,2025-08-04 22:00:00.014832971+00:00,23353.25,2025-08-04 22:00:00.014832971+00:00,23352.75,23343.75,23353.75,True,LIVE_STOP,2025-08-04 22:00:00.014832971+00:00,23355.5,-119.0,-1.0,0.5,2.25,0.009526914,,
2177,2025-08-04 18:00,WEEKDAY_PREMIUM,VALIDATED_SOURCE,NQU5,-118.0,OCO_LIMIT_2P0_TTL_1S,OCO_STOP_LIMIT,ONE_POINT_FROM_FILL,2,RESOLVED,SELL,2025-08-04 22:00:00.014832971+00:00,23353.25,2025-08-04 22:00:00.014832971+00:00,23352.5,23343.75,23353.5,True,LIVE_STOP,2025-08-04 22:00:00.014832971+00:00,23355.75,-139.0,-21.0,0.75,2.25,0.009526914,,
2177,2025-08-04 18:00,WEEKDAY_PREMIUM,VALIDATED_SOURCE,NQU5,-118.0,OCO_LIMIT_2P0_TTL_1S,OCO_STOP_LIMIT,ONE_POINT_FROM_FILL,4,RESOLVED,SELL,2025-08-04 22:00:00.014832971+00:00,23353.25,2025-08-04 22:00:00.014832971+00:00,23352.0,23343.75,23353.0,True,LIVE_STOP,2025-08-04 22:00:00.014832971+00:00,23356.25,-179.0,-61.0,1.25,2.25,0.009526914,,
2177,2025-08-04 18:00,WEEKDAY_PREMIUM,VALIDATED_SOURCE,NQU5,-118.0,CTRL_100MS_CAP_0P5,CONTROLLER_MARKET,ORIGINAL_SURVIVOR_STOP,0,SKIP_CHASE_CAP,SELL,2025-08-04 22:00:00.014832971+00:00,23353.25,,23351.0,,,False,,,,0.0,118.0,2.25,2.0,,19.0,
2177,2025-08-04 18:00,WEEKDAY_PREMIUM,VALIDATED_SOURCE,NQU5,-118.0,CTRL_100MS_CAP_0P5,CONTROLLER_MARKET,ORIGINAL_SURVIVOR_STOP,1,SKIP_CHASE_CAP,SELL,2025-08-04 22:00:00.014832971+00:00,23353.25,,23350.75,,,False,,,,0.0,118.0,2.5,2.0,,19.0,
2177,2025-08-04 18:00,WEEKDAY_PREMIUM,VALIDATED_SOURCE,NQU5,-118.0,CTRL_100MS_CAP_0P5,CONTROLLER_MARKET,ORIGINAL_SURVIVOR_STOP,2,SKIP_CHASE_CAP,SELL,2025-08-04 22:00:00.014832971+00:00,23353.25,,23350.5,,,False,,,,0.0,118.0,2.75,2.0,,19.0,
2177,2025-08-04 18:00,WEEKDAY_PREMIUM,VALIDATED_SOURCE,NQU5,-118.0,CTRL_100MS_CAP_0P5,CONTROLLER_MARKET,ORIGINAL_SURVIVOR_STOP,4,SKIP_CHASE_CAP,SELL,2025-08-04 22:00:00.014832971+00:00,23353.25,,23350.0,,,False,,,,0.0,118.0,3.25,2.0,,19.0,
2177,2025-08-04 18:00,WEEKDAY_PREMIUM,VALIDATED_SOURCE,NQU5,-118.0,CTRL_100MS_CAP_0P5,CONTROLLER_MARKET,ONE_POINT_FROM_FILL,0,SKIP_CHASE_CAP,SELL,2025-08-04 22:00:00.014832971+00:00,23353.25,,23351.0,,,False,,,,0.0,118.0,2.25,2.0,,19.0,
2177,2025-08-04 18:00,WEEKDAY_PREMIUM,VALIDATED_SOURCE,NQU5,-118.0,CTRL_100MS_CAP_0P5,CONTROLLER_MARKET,ONE_POINT_FROM_FILL,1,SKIP_CHASE_CAP,SELL,2025-08-04 22:00:00.014832971+00:00,23353.25,,23350.75,,,False,,,,0.0,118.0,2.5,2.0,,19.0,
2177,2025-08-04 18:00,WEEKDAY_PREMIUM,VALIDATED_SOURCE,NQU5,-118.0,CTRL_100MS_CAP_0P5,CONTROLLER_MARKET,ONE_POINT_FROM_FILL,2,SKIP_CHASE_CAP,SELL,2025-08-04 22:00:00.014832971+00:00,23353.25,,23350.5,,,False,,,,0.0,118.0,2.75,2.0,,19.0,
2177,2025-08-04 18:00,WEEKDAY_PREMIUM,VALIDATED_SOURCE,NQU5,-118.0,CTRL_100MS_CAP_0P5,CONTROLLER_MARKET,ONE_POINT_FROM_FILL,4,SKIP_CHASE_CAP,SELL,2025-08-04 22:00:00.014832971+00:00,23353.25,,23350.0,,,False,,,,0.0,118.0,3.25,2.0,,19.0,
2177,2025-08-04 18:00,WEEKDAY_PREMIUM,VALIDATED_SOURCE,NQU5,-118.0,CTRL_250MS_CAP_1P0,CONTROLLER_MARKET,ORIGINAL_SURVIVOR_STOP,0,SKIP_SPREAD_GATE,SELL,2025-08-04 22:00:00.014832971+00:00,23353.25,,,,,False,,,,0.0,118.0,,3.75,,34.0,
2177,2025-08-04 18:00,WEEKDAY_PREMIUM,VALIDATED_SOURCE,NQU5,-118.0,CTRL_250MS_CAP_1P0,CONTROLLER_MARKET,ORIGINAL_SURVIVOR_STOP,1,SKIP_SPREAD_GATE,SELL,2025-08-04 22:00:00.014832971+00:00,23353.25,,,,,False,,,,0.0,118.0,,3.75,,34.0,
2177,2025-08-04 18:00,WEEKDAY_PREMIUM,VALIDATED_SOURCE,NQU5,-118.0,CTRL_250MS_CAP_1P0,CONTROLLER_MARKET,ORIGINAL_SURVIVOR_STOP,2,SKIP_SPREAD_GATE,SELL,2025-08-04 22:00:00.014832971+00:00,23353.25,,,,,False,,,,0.0,118.0,,3.75,,34.0,
2177,2025-08-04 18:00,WEEKDAY_PREMIUM,VALIDATED_SOURCE,NQU5,-118.0,CTRL_250MS_CAP_1P0,CONTROLLER_MARKET,ORIGINAL_SURVIVOR_STOP,4,SKIP_SPREAD_GATE,SELL,2025-08-04 22:00:00.014832971+00:00,23353.25,,,,,False,,,,0.0,118.0,,3.75,,34.0,
2177,2025-08-04 18:00,WEEKDAY_PREMIUM,VALIDATED_SOURCE,NQU5,-118.0,CTRL_250MS_CAP_1P0,CONTROLLER_MARKET,ONE_POINT_FROM_FILL,0,SKIP_SPREAD_GATE,SELL,2025-08-04 22:00:00.014832971+00:00,23353.25,,,,,False,,,,0.0,118.0,,3.75,,34.0,
2177,2025-08-04 18:00,WEEKDAY_PREMIUM,VALIDATED_SOURCE,NQU5,-118.0,CTRL_250MS_CAP_1P0,CONTROLLER_MARKET,ONE_POINT_FROM_FILL,1,SKIP_SPREAD_GATE,SELL,2025-08-04 22:00:00.014832971+00:00,23353.25,,,,,False,,,,0.0,118.0,,3.75,,34.0,
2177,2025-08-04 18:00,WEEKDAY_PREMIUM,VALIDATED_SOURCE,NQU5,-118.0,CTRL_250MS_CAP_1P0,CONTROLLER_MARKET,ONE_POINT_FROM_FILL,2,SKIP_SPREAD_GATE,SELL,2025-08-04 22:00:00.014832971+00:00,23353.25,,,,,False,,,,0.0,118.0,,3.75,,34.0,
2177,2025-08-04 18:00,WEEKDAY_PREMIUM,VALIDATED_SOURCE,NQU5,-118.0,CTRL_250MS_CAP_1P0,CONTROLLER_MARKET,ONE_POINT_FROM_FILL,4,SKIP_SPREAD_GATE,SELL,2025-08-04 22:00:00.014832971+00:00,23353.25,,,,,False,,,,0.0,118.0,,3.75,,34.0,
2177,2025-08-04 18:00,WEEKDAY_PREMIUM,VALIDATED_SOURCE,NQU5,-118.0,CTRL_500MS_CAP_1P0,CONTROLLER_MARKET,ORIGINAL_SURVIVOR_STOP,0,SKIP_SPREAD_GATE,SELL,2025-08-04 22:00:00.014832971+00:00,23353.25,,,,,False,,,,0.0,118.0,,5.25,,48.0,
2177,2025-08-04 18:00,WEEKDAY_PREMIUM,VALIDATED_SOURCE,NQU5,-118.0,CTRL_500MS_CAP_1P0,CONTROLLER_MARKET,ORIGINAL_SURVIVOR_STOP,1,SKIP_SPREAD_GATE,SELL,2025-08-04 22:00:00.014832971+00:00,23353.25,,,,,False,,,,0.0,118.0,,5.25,,48.0,
2177,2025-08-04 18:00,WEEKDAY_PREMIUM,VALIDATED_SOURCE,NQU5,-118.0,CTRL_500MS_CAP_1P0,CONTROLLER_MARKET,ORIGINAL_SURVIVOR_STOP,2,SKIP_SPREAD_GATE,SELL,2025-08-04 22:00:00.014832971+00:00,23353.25,,,,,False,,,,0.0,118.0,,5.25,,48.0,
2177,2025-08-04 18:00,WEEKDAY_PREMIUM,VALIDATED_SOURCE,NQU5,-118.0,CTRL_500MS_CAP_1P0,CONTROLLER_MARKET,ORIGINAL_SURVIVOR_STOP,4,SKIP_SPREAD_GATE,SELL,2025-08-04 22:00:00.014832971+00:00,23353.25,,,,,False,,,,0.0,118.0,,5.25,,48.0,
2177,2025-08-04 18:00,WEEKDAY_PREMIUM,VALIDATED_SOURCE,NQU5,-118.0,CTRL_500MS_CAP_1P0,CONTROLLER_MARKET,ONE_POINT_FROM_FILL,0,SKIP_SPREAD_GATE,SELL,2025-08-04 22:00:00.014832971+00:00,23353.25,,,,,False,,,,0.0,118.0,,5.25,,48.0,
2177,2025-08-04 18:00,WEEKDAY_PREMIUM,VALIDATED_SOURCE,NQU5,-118.0,CTRL_500MS_CAP_1P0,CONTROLLER_MARKET,ONE_POINT_FROM_FILL,1,SKIP_SPREAD_GATE,SELL,2025-08-04 22:00:00.014832971+00:00,23353.25,,,,,False,,,,0.0,118.0,,5.25,,48.0,
2177,2025-08-04 18:00,WEEKDAY_PREMIUM,VALIDATED_SOURCE,NQU5,-118.0,CTRL_500MS_CAP_1P0,CONTROLLER_MARKET,ONE_POINT_FROM_FILL,2,SKIP_SPREAD_GATE,SELL,2025-08-04 22:00:00.014832971+00:00,23353.25,,,,,False,,,,0.0,118.0,,5.25,,48.0,
2177,2025-08-04 18:00,WEEKDAY_PREMIUM,VALIDATED_SOURCE,NQU5,-118.0,CTRL_500MS_CAP_1P0,CONTROLLER_MARKET,ONE_POINT_FROM_FILL,4,SKIP_SPREAD_GATE,SELL,2025-08-04 22:00:00.014832971+00:00,23353.25,,,,,False,,,,0.0,118.0,,5.25,,48.0,
2177,2025-08-04 18:00,WEEKDAY_PREMIUM,VALIDATED_SOURCE,NQU5,-118.0,CTRL_1S_CAP_2P0,CONTROLLER_MARKET,ORIGINAL_SURVIVOR_STOP,0,RESOLVED,SELL,2025-08-04 22:00:00.014832971+00:00,23353.25,2025-08-04 22:00:01.022912835+00:00,23356.75,23343.75,23354.75,True,LIVE_STOP,2025-08-04 22:00:01.022912835+00:00,23359.5,-119.0,-1.0,0.0,2.75,0.009526914,,
2177,2025-08-04 18:00,WEEKDAY_PREMIUM,VALIDATED_SOURCE,NQU5,-118.0,CTRL_1S_CAP_2P0,CONTROLLER_MARKET,ORIGINAL_SURVIVOR_STOP,1,RESOLVED,SELL,2025-08-04 22:00:00.014832971+00:00,23353.25,2025-08-04 22:00:01.022912835+00:00,23356.5,23343.75,23354.75,True,LIVE_STOP,2025-08-04 22:00:01.022912835+00:00,23359.75,-139.0,-21.0,0.0,2.75,0.009526914,,
2177,2025-08-04 18:00,WEEKDAY_PREMIUM,VALIDATED_SOURCE,NQU5,-118.0,CTRL_1S_CAP_2P0,CONTROLLER_MARKET,ORIGINAL_SURVIVOR_STOP,2,RESOLVED,SELL,2025-08-04 22:00:00.014832971+00:00,23353.25,2025-08-04 22:00:01.022912835+00:00,23356.25,23343.75,23354.75,True,LIVE_STOP,2025-08-04 22:00:01.022912835+00:00,23360.0,-159.0,-41.0,0.0,2.75,0.009526914,,
2177,2025-08-04 18:00,WEEKDAY_PREMIUM,VALIDATED_SOURCE,NQU5,-118.0,CTRL_1S_CAP_2P0,CONTROLLER_MARKET,ORIGINAL_SURVIVOR_STOP,4,RESOLVED,SELL,2025-08-04 22:00:00.014832971+00:00,23353.25,2025-08-04 22:00:01.022912835+00:00,23355.75,23343.75,23354.75,True,LIVE_STOP,2025-08-04 22:00:01.022912835+00:00,23360.5,-199.0,-81.0,0.0,2.75,0.009526914,,
2177,2025-08-04 18:00,WEEKDAY_PREMIUM,VALIDATED_SOURCE,NQU5,-118.0,CTRL_1S_CAP_2P0,CONTROLLER_MARKET,ONE_POINT_FROM_FILL,0,RESOLVED,SELL,2025-08-04 22:00:00.014832971+00:00,23353.25,2025-08-04 22:00:01.022912835+00:00,23356.75,23343.75,23357.75,True,LIVE_STOP,2025-08-04 22:00:01.022912835+00:00,23359.5,-119.0,-1.0,0.0,2.75,0.009526914,,
2177,2025-08-04 18:00,WEEKDAY_PREMIUM,VALIDATED_SOURCE,NQU5,-118.0,CTRL_1S_CAP_2P0,CONTROLLER_MARKET,ONE_POINT_FROM_FILL,1,RESOLVED,SELL,2025-08-04 22:00:00.014832971+00:00,23353.25,2025-08-04 22:00:01.022912835+00:00,23356.5,23343.75,23357.5,True,LIVE_STOP,2025-08-04 22:00:01.022912835+00:00,23359.75,-139.0,-21.0,0.0,2.75,0.009526914,,
2177,2025-08-04 18:00,WEEKDAY_PREMIUM,VALIDATED_SOURCE,NQU5,-118.0,CTRL_1S_CAP_2P0,CONTROLLER_MARKET,ONE_POINT_FROM_FILL,2,RESOLVED,SELL,2025-08-04 22:00:00.014832971+00:00,23353.25,2025-08-04 22:00:01.022912835+00:00,23356.25,23343.75,23357.25,True,LIVE_STOP,2025-08-04 22:00:01.022912835+00:00,23360.0,-159.0,-41.0,0.0,2.75,0.009526914,,
2177,2025-08-04 18:00,WEEKDAY_PREMIUM,VALIDATED_SOURCE,NQU5,-118.0,CTRL_1S_CAP_2P0,CONTROLLER_MARKET,ONE_POINT_FROM_FILL,4,RESOLVED,SELL,2025-08-04 22:00:00.014832971+00:00,23353.25,2025-08-04 22:00:01.022912835+00:00,23355.75,23343.75,23356.75,True,LIVE_STOP,2025-08-04 22:00:01.022912835+00:00,23360.5,-199.0,-81.0,0.0,2.75,0.009526914,,
2178,2025-08-05 09:30,NY,VALIDATED_SOURCE,NQU5,-118.0,OCO_LIMIT_0P5_TTL_1S,OCO_STOP_LIMIT,ORIGINAL_SURVIVOR_STOP,0,RESOLVED,BUY,2025-08-05 13:30:00.002312089+00:00,23349.0,2025-08-05 13:30:00.002312089+00:00,23349.0,23364.5,23347.5,True,LIVE_STOP,2025-08-05 13:30:00.099007947+00:00,23347.5,-69.0,49.0,0.0,0.25,0.00210002,,
2178,2025-08-05 09:30,NY,VALIDATED_SOURCE,NQU5,-118.0,OCO_LIMIT_0P5_TTL_1S,OCO_STOP_LIMIT,ORIGINAL_SURVIVOR_STOP,1,RESOLVED,BUY,2025-08-05 13:30:00.002312089+00:00,23349.0,2025-08-05 13:30:00.002312089+00:00,23349.25,23364.5,23347.5,True,LIVE_STOP,2025-08-05 13:30:00.099007947+00:00,23347.25,-89.0,29.0,0.25,0.25,0.00210002,,
2178,2025-08-05 09:30,NY,VALIDATED_SOURCE,NQU5,-118.0,OCO_LIMIT_0P5_TTL_1S,OCO_STOP_LIMIT,ORIGINAL_SURVIVOR_STOP,2,RESOLVED,BUY,2025-08-05 13:30:00.002312089+00:00,23349.0,2025-08-05 13:30:00.002312089+00:00,23349.5,23364.5,23347.5,True,LIVE_STOP,2025-08-05 13:30:00.099007947+00:00,23347.0,-109.0,9.0,0.5,0.25,0.00210002,,
2178,2025-08-05 09:30,NY,VALIDATED_SOURCE,NQU5,-118.0,OCO_LIMIT_0P5_TTL_1S,OCO_STOP_LIMIT,ORIGINAL_SURVIVOR_STOP,4,RESOLVED,BUY,2025-08-05 13:30:00.002312089+00:00,23349.0,2025-08-05 13:30:00.002312089+00:00,23349.5,23364.5,23347.5,True,LIVE_STOP,2025-08-05 13:30:00.099007947+00:00,23346.5,-129.0,-11.0,0.5,0.25,0.00210002,,
2178,2025-08-05 09:30,NY,VALIDATED_SOURCE,NQU5,-118.0,OCO_LIMIT_0P5_TTL_1S,OCO_STOP_LIMIT,ONE_POINT_FROM_FILL,0,RESOLVED,BUY,2025-08-05 13:30:00.002312089+00:00,23349.0,2025-08-05 13:30:00.002312089+00:00,23349.0,23364.5,23348.0,True,LIVE_STOP,2025-08-05 13:30:00.007625613+00:00,23348.0,-49.0,69.0,0.0,0.25,0.00210002,,
2178,2025-08-05 09:30,NY,VALIDATED_SOURCE,NQU5,-118.0,OCO_LIMIT_0P5_TTL_1S,OCO_STOP_LIMIT,ONE_POINT_FROM_FILL,1,RESOLVED,BUY,2025-08-05 13:30:00.002312089+00:00,23349.0,2025-08-05 13:30:00.002312089+00:00,23349.25,23364.5,23348.25,True,LIVE_STOP,2025-08-05 13:30:00.005117423+00:00,23348.0,-59.0,59.0,0.25,0.25,0.00210002,,
2178,2025-08-05 09:30,NY,VALIDATED_SOURCE,NQU5,-118.0,OCO_LIMIT_0P5_TTL_1S,OCO_STOP_LIMIT,ONE_POINT_FROM_FILL,2,RESOLVED,BUY,2025-08-05 13:30:00.002312089+00:00,23349.0,2025-08-05 13:30:00.002312089+00:00,23349.5,23364.5,23348.5,True,LIVE_STOP,2025-08-05 13:30:00.003073363+00:00,23348.0,-69.0,49.0,0.5,0.25,0.00210002,,
2178,2025-08-05 09:30,NY,VALIDATED_SOURCE,NQU5,-118.0,OCO_LIMIT_0P5_TTL_1S,OCO_STOP_LIMIT,ONE_POINT_FROM_FILL,4,RESOLVED,BUY,2025-08-05 13:30:00.002312089+00:00,23349.0,2025-08-05 13:30:00.002312089+00:00,23349.5,23364.5,23348.5,True,LIVE_STOP,2025-08-05 13:30:00.003073363+00:00,23347.5,-89.0,29.0,0.5,0.25,0.00210002,,
2178,2025-08-05 09:30,NY,VALIDATED_SOURCE,NQU5,-118.0,OCO_LIMIT_1P0_TTL_1S,OCO_STOP_LIMIT,ORIGINAL_SURVIVOR_STOP,0,RESOLVED,BUY,2025-08-05 13:30:00.002312089+00:00,23349.0,2025-08-05 13:30:00.002312089+00:00,23349.0,23364.5,23347.5,True,LIVE_STOP,2025-08-05 13:30:00.099007947+00:00,23347.5,-69.0,49.0,0.0,0.25,0.00210002,,
2178,2025-08-05 09:30,NY,VALIDATED_SOURCE,NQU5,-118.0,OCO_LIMIT_1P0_TTL_1S,OCO_STOP_LIMIT,ORIGINAL_SURVIVOR_STOP,1,RESOLVED,BUY,2025-08-05 13:30:00.002312089+00:00,23349.0,2025-08-05 13:30:00.002312089+00:00,23349.25,23364.5,23347.5,True,LIVE_STOP,2025-08-05 13:30:00.099007947+00:00,23347.25,-89.0,29.0,0.25,0.25,0.00210002,,
2178,2025-08-05 09:30,NY,VALIDATED_SOURCE,NQU5,-118.0,OCO_LIMIT_1P0_TTL_1S,OCO_STOP_LIMIT,ORIGINAL_SURVIVOR_STOP,2,RESOLVED,BUY,2025-08-05 13:30:00.002312089+00:00,23349.0,2025-08-05 13:30:00.002312089+00:00,23349.5,23364.5,23347.5,True,LIVE_STOP,2025-08-05 13:30:00.099007947+00:00,23347.0,-109.0,9.0,0.5,0.25,0.00210002,,
2178,2025-08-05 09:30,NY,VALIDATED_SOURCE,NQU5,-118.0,OCO_LIMIT_1P0_TTL_1S,OCO_STOP_LIMIT,ORIGINAL_SURVIVOR_STOP,4,RESOLVED,BUY,2025-08-05 13:30:00.002312089+00:00,23349.0,2025-08-05 13:30:00.002312089+00:00,23350.0,23364.5,23347.5,True,LIVE_STOP,2025-08-05 13:30:00.099007947+00:00,23346.5,-149.0,-31.0,1.0,0.25,0.00210002,,
2178,2025-08-05 09:30,NY,VALIDATED_SOURCE,NQU5,-118.0,OCO_LIMIT_1P0_TTL_1S,OCO_STOP_LIMIT,ONE_POINT_FROM_FILL,0,RESOLVED,BUY,2025-08-05 13:30:00.002312089+00:00,23349.0,2025-08-05 13:30:00.002312089+00:00,23349.0,23364.5,23348.0,True,LIVE_STOP,2025-08-05 13:30:00.007625613+00:00,23348.0,-49.0,69.0,0.0,0.25,0.00210002,,
2178,2025-08-05 09:30,NY,VALIDATED_SOURCE,NQU5,-118.0,OCO_LIMIT_1P0_TTL_1S,OCO_STOP_LIMIT,ONE_POINT_FROM_FILL,1,RESOLVED,BUY,2025-08-05 13:30:00.002312089+00:00,23349.0,2025-08-05 13:30:00.002312089+00:00,23349.25,23364.5,23348.25,True,LIVE_STOP,2025-08-05 13:30:00.005117423+00:00,23348.0,-59.0,59.0,0.25,0.25,0.00210002,,
2178,2025-08-05 09:30,NY,VALIDATED_SOURCE,NQU5,-118.0,OCO_LIMIT_1P0_TTL_1S,OCO_STOP_LIMIT,ONE_POINT_FROM_FILL,2,RESOLVED,BUY,2025-08-05 13:30:00.002312089+00:00,23349.0,2025-08-05 13:30:00.002312089+00:00,23349.5,23364.5,23348.5,True,LIVE_STOP,2025-08-05 13:30:00.003073363+00:00,23348.0,-69.0,49.0,0.5,0.25,0.00210002,,
2178,2025-08-05 09:30,NY,VALIDATED_SOURCE,NQU5,-118.0,OCO_LIMIT_1P0_TTL_1S,OCO_STOP_LIMIT,ONE_POINT_FROM_FILL,4,RESOLVED,BUY,2025-08-05 13:30:00.002312089+00:00,23349.0,2025-08-05 13:30:00.002312089+00:00,23350.0,23364.5,23349.0,True,LIVE_STOP,2025-08-05 13:30:00.002312089+00:00,23347.75,-99.0,19.0,1.0,0.25,0.00210002,,
2178,2025-08-05 09:30,NY,VALIDATED_SOURCE,NQU5,-118.0,OCO_LIMIT_2P0_TTL_1S,OCO_STOP_LIMIT,ORIGINAL_SURVIVOR_STOP,0,RESOLVED,BUY,2025-08-05 13:30:00.002312089+00:00,23349.0,2025-08-05 13:30:00.002312089+00:00,23349.0,23364.5,23347.5,True,LIVE_STOP,2025-08-05 13:30:00.099007947+00:00,23347.5,-69.0,49.0,0.0,0.25,0.00210002,,
2178,2025-08-05 09:30,NY,VALIDATED_SOURCE,NQU5,-118.0,OCO_LIMIT_2P0_TTL_1S,OCO_STOP_LIMIT,ORIGINAL_SURVIVOR_STOP,1,RESOLVED,BUY,2025-08-05 13:30:00.002312089+00:00,23349.0,2025-08-05 13:30:00.002312089+00:00,23349.25,23364.5,23347.5,True,LIVE_STOP,2025-08-05 13:30:00.099007947+00:00,23347.25,-89.0,29.0,0.25,0.25,0.00210002,,
2178,2025-08-05 09:30,NY,VALIDATED_SOURCE,NQU5,-118.0,OCO_LIMIT_2P0_TTL_1S,OCO_STOP_LIMIT,ORIGINAL_SURVIVOR_STOP,2,RESOLVED,BUY,2025-08-05 13:30:00.002312089+00:00,23349.0,2025-08-05 13:30:00.002312089+00:00,23349.5,23364.5,23347.5,True,LIVE_STOP,2025-08-05 13:30:00.099007947+00:00,23347.0,-109.0,9.0,0.5,0.25,0.00210002,,
2178,2025-08-05 09:30,NY,VALIDATED_SOURCE,NQU5,-118.0,OCO_LIMIT_2P0_TTL_1S,OCO_STOP_LIMIT,ORIGINAL_SURVIVOR_STOP,4,RESOLVED,BUY,2025-08-05 13:30:00.002312089+00:00,23349.0,2025-08-05 13:30:00.002312089+00:00,23350.0,23364.5,23347.5,True,LIVE_STOP,2025-08-05 13:30:00.099007947+00:00,23346.5,-149.0,-31.0,1.0,0.25,0.00210002,,
2178,2025-08-05 09:30,NY,VALIDATED_SOURCE,NQU5,-118.0,OCO_LIMIT_2P0_TTL_1S,OCO_STOP_LIMIT,ONE_POINT_FROM_FILL,0,RESOLVED,BUY,2025-08-05 13:30:00.002312089+00:00,23349.0,2025-08-05 13:30:00.002312089+00:00,23349.0,23364.5,23348.0,True,LIVE_STOP,2025-08-05 13:30:00.007625613+00:00,23348.0,-49.0,69.0,0.0,0.25,0.00210002,,
2178,2025-08-05 09:30,NY,VALIDATED_SOURCE,NQU5,-118.0,OCO_LIMIT_2P0_TTL_1S,OCO_STOP_LIMIT,ONE_POINT_FROM_FILL,1,RESOLVED,BUY,2025-08-05 13:30:00.002312089+00:00,23349.0,2025-08-05 13:30:00.002312089+00:00,23349.25,23364.5,23348.25,True,LIVE_STOP,2025-08-05 13:30:00.005117423+00:00,23348.0,-59.0,59.0,0.25,0.25,0.00210002,,
2178,2025-08-05 09:30,NY,VALIDATED_SOURCE,NQU5,-118.0,OCO_LIMIT_2P0_TTL_1S,OCO_STOP_LIMIT,ONE_POINT_FROM_FILL,2,RESOLVED,BUY,2025-08-05 13:30:00.002312089+00:00,23349.0,2025-08-05 13:30:00.002312089+00:00,23349.5,23364.5,23348.5,True,LIVE_STOP,2025-08-05 13:30:00.003073363+00:00,23348.0,-69.0,49.0,0.5,0.25,0.00210002,,
2178,2025-08-05 09:30,NY,VALIDATED_SOURCE,NQU5,-118.0,OCO_LIMIT_2P0_TTL_1S,OCO_STOP_LIMIT,ONE_POINT_FROM_FILL,4,RESOLVED,BUY,2025-08-05 13:30:00.002312089+00:00,23349.0,2025-08-05 13:30:00.002312089+00:00,23350.0,23364.5,23349.0,True,LIVE_STOP,2025-08-05 13:30:00.002312089+00:00,23347.75,-99.0,19.0,1.0,0.25,0.00210002,,
2178,2025-08-05 09:30,NY,VALIDATED_SOURCE,NQU5,-118.0,CTRL_100MS_CAP_0P5,CONTROLLER_MARKET,ORIGINAL_SURVIVOR_STOP,0,RESOLVED,BUY,2025-08-05 13:30:00.002312089+00:00,23349.0,2025-08-05 13:30:00.102741755+00:00,23347.5,23364.5,23347.5,True,LIVE_STOP,2025-08-05 13:30:00.102741755+00:00,23347.0,-29.0,89.0,0.0,0.5,0.00210002,,
2178,2025-08-05 09:30,NY,VALIDATED_SOURCE,NQU5,-118.0,CTRL_100MS_CAP_0P5,CONTROLLER_MARKET,ORIGINAL_SURVIVOR_STOP,1,RESOLVED,BUY,2025-08-05 13:30:00.002312089+00:00,23349.0,2025-08-05 13:30:00.102741755+00:00,23347.75,23364.5,23347.5,True,LIVE_STOP,2025-08-05 13:30:00.102741755+00:00,23346.75,-49.0,69.0,0.0,0.5,0.00210002,,
2178,2025-08-05 09:30,NY,VALIDATED_SOURCE,NQU5,-118.0,CTRL_100MS_CAP_0P5,CONTROLLER_MARKET,ORIGINAL_SURVIVOR_STOP,2,RESOLVED,BUY,2025-08-05 13:30:00.002312089+00:00,23349.0,2025-08-05 13:30:00.102741755+00:00,23348.0,23364.5,23347.5,True,LIVE_STOP,2025-08-05 13:30:00.102741755+00:00,23346.5,-69.0,49.0,0.0,0.5,0.00210002,,
2178,2025-08-05 09:30,NY,VALIDATED_SOURCE,NQU5,-118.0,CTRL_100MS_CAP_0P5,CONTROLLER_MARKET,ORIGINAL_SURVIVOR_STOP,4,RESOLVED,BUY,2025-08-05 13:30:00.002312089+00:00,23349.0,2025-08-05 13:30:00.102741755+00:00,23348.5,23364.5,23347.5,True,LIVE_STOP,2025-08-05 13:30:00.102741755+00:00,23346.0,-109.0,9.0,0.0,0.5,0.00210002,,
2178,2025-08-05 09:30,NY,VALIDATED_SOURCE,NQU5,-118.0,CTRL_100MS_CAP_0P5,CONTROLLER_MARKET,ONE_POINT_FROM_FILL,0,RESOLVED,BUY,2025-08-05 13:30:00.002312089+00:00,23349.0,2025-08-05 13:30:00.102741755+00:00,23347.5,23364.5,23346.5,True,LIVE_STOP,2025-08-05 13:30:00.152807961+00:00,23346.5,-49.0,69.0,0.0,0.5,0.00210002,,
2178,2025-08-05 09:30,NY,VALIDATED_SOURCE,NQU5,-118.0,CTRL_100MS_CAP_0P5,CONTROLLER_MARKET,ONE_POINT_FROM_FILL,1,RESOLVED,BUY,2025-08-05 13:30:00.002312089+00:00,23349.0,2025-08-05 13:30:00.102741755+00:00,23347.75,23364.5,23346.75,True,LIVE_STOP,2025-08-05 13:30:00.103617187+00:00,23346.5,-59.0,59.0,0.0,0.5,0.00210002,,
2178,2025-08-05 09:30,NY,VALIDATED_SOURCE,NQU5,-118.0,CTRL_100MS_CAP_0P5,CONTROLLER_MARKET,ONE_POINT_FROM_FILL,2,RESOLVED,BUY,2025-08-05 13:30:00.002312089+00:00,23349.0,2025-08-05 13:30:00.102741755+00:00,23348.0,23364.5,23347.0,True,LIVE_STOP,2025-08-05 13:30:00.102741755+00:00,23346.5,-69.0,49.0,0.0,0.5,0.00210002,,
2178,2025-08-05 09:30,NY,VALIDATED_SOURCE,NQU5,-118.0,CTRL_100MS_CAP_0P5,CONTROLLER_MARKET,ONE_POINT_FROM_FILL,4,RESOLVED,BUY,2025-08-05 13:30:00.002312089+00:00,23349.0,2025-08-05 13:30:00.102741755+00:00,23348.5,23364.5,23347.5,True,LIVE_STOP,2025-08-05 13:30:00.102741755+00:00,23346.0,-109.0,9.0,0.0,0.5,0.00210002,,
2178,2025-08-05 09:30,NY,VALIDATED_SOURCE,NQU5,-118.0,CTRL_250MS_CAP_1P0,CONTROLLER_MARKET,ORIGINAL_SURVIVOR_STOP,0,RESOLVED,BUY,2025-08-05 13:30:00.002312089+00:00,23349.0,2025-08-05 13:30:00.259057697+00:00,23346.75,23364.5,23347.5,True,LIVE_STOP,2025-08-05 13:30:00.259057697+00:00,23346.0,-39.0,79.0,0.0,0.75,0.00210002,,
2178,2025-08-05 09:30,NY,VALIDATED_SOURCE,NQU5,-118.0,CTRL_250MS_CAP_1P0,CONTROLLER_MARKET,ORIGINAL_SURVIVOR_STOP,1,RESOLVED,BUY,2025-08-05 13:30:00.002312089+00:00,23349.0,2025-08-05 13:30:00.259057697+00:00,23347.0,23364.5,23347.5,True,LIVE_STOP,2025-08-05 13:30:00.259057697+00:00,23345.75,-59.0,59.0,0.0,0.75,0.00210002,,
2178,2025-08-05 09:30,NY,VALIDATED_SOURCE,NQU5,-118.0,CTRL_250MS_CAP_1P0,CONTROLLER_MARKET,ORIGINAL_SURVIVOR_STOP,2,RESOLVED,BUY,2025-08-05 13:30:00.002312089+00:00,23349.0,2025-08-05 13:30:00.259057697+00:00,23347.25,23364.5,23347.5,True,LIVE_STOP,2025-08-05 13:30:00.259057697+00:00,23345.5,-79.0,39.0,0.0,0.75,0.00210002,,
2178,2025-08-05 09:30,NY,VALIDATED_SOURCE,NQU5,-118.0,CTRL_250MS_CAP_1P0,CONTROLLER_MARKET,ORIGINAL_SURVIVOR_STOP,4,RESOLVED,BUY,2025-08-05 13:30:00.002312089+00:00,23349.0,2025-08-05 13:30:00.259057697+00:00,23347.75,23364.5,23347.5,True,LIVE_STOP,2025-08-05 13:30:00.259057697+00:00,23345.0,-119.0,-1.0,0.0,0.75,0.00210002,,
2178,2025-08-05 09:30,NY,VALIDATED_SOURCE,NQU5,-118.0,CTRL_250MS_CAP_1P0,CONTROLLER_MARKET,ONE_POINT_FROM_FILL,0,RESOLVED,BUY,2025-08-05 13:30:00.002312089+00:00,23349.0,2025-08-05 13:30:00.259057697+00:00,23346.75,23364.5,23345.75,True,LIVE_STOP,2025-08-05 13:30:00.263906187+00:00,23345.75,-49.0,69.0,0.0,0.75,0.00210002,,
2178,2025-08-05 09:30,NY,VALIDATED_SOURCE,NQU5,-118.0,CTRL_250MS_CAP_1P0,CONTROLLER_MARKET,ONE_POINT_FROM_FILL,1,RESOLVED,BUY,2025-08-05 13:30:00.002312089+00:00,23349.0,2025-08-05 13:30:00.259057697+00:00,23347.0,23364.5,23346.0,True,LIVE_STOP,2025-08-05 13:30:00.259057697+00:00,23345.75,-59.0,59.0,0.0,0.75,0.00210002,,
2178,2025-08-05 09:30,NY,VALIDATED_SOURCE,NQU5,-118.0,CTRL_250MS_CAP_1P0,CONTROLLER_MARKET,ONE_POINT_FROM_FILL,2,RESOLVED,BUY,2025-08-05 13:30:00.002312089+00:00,23349.0,2025-08-05 13:30:00.259057697+00:00,23347.25,23364.5,23346.25,True,LIVE_STOP,2025-08-05 13:30:00.259057697+00:00,23345.5,-79.0,39.0,0.0,0.75,0.00210002,,
2178,2025-08-05 09:30,NY,VALIDATED_SOURCE,NQU5,-118.0,CTRL_250MS_CAP_1P0,CONTROLLER_MARKET,ONE_POINT_FROM_FILL,4,RESOLVED,BUY,2025-08-05 13:30:00.002312089+00:00,23349.0,2025-08-05 13:30:00.259057697+00:00,23347.75,23364.5,23346.75,True,LIVE_STOP,2025-08-05 13:30:00.259057697+00:00,23345.0,-119.0,-1.0,0.0,0.75,0.00210002,,
2178,2025-08-05 09:30,NY,VALIDATED_SOURCE,NQU5,-118.0,CTRL_500MS_CAP_1P0,CONTROLLER_MARKET,ORIGINAL_SURVIVOR_STOP,0,RESOLVED,BUY,2025-08-05 13:30:00.002312089+00:00,23349.0,2025-08-05 13:30:00.515384139+00:00,23341.75,23364.5,23347.5,True,LIVE_STOP,2025-08-05 13:30:00.515384139+00:00,23341.25,-29.0,89.0,0.0,0.5,0.00210002,,
2178,2025-08-05 09:30,NY,VALIDATED_SOURCE,NQU5,-118.0,CTRL_500MS_CAP_1P0,CONTROLLER_MARKET,ORIGINAL_SURVIVOR_STOP,1,RESOLVED,BUY,2025-08-05 13:30:00.002312089+00:00,23349.0,2025-08-05 13:30:00.515384139+00:00,23342.0,23364.5,23347.5,True,LIVE_STOP,2025-08-05 13:30:00.515384139+00:00,23341.0,-49.0,69.0,0.0,0.5,0.00210002,,
2178,2025-08-05 09:30,NY,VALIDATED_SOURCE,NQU5,-118.0,CTRL_500MS_CAP_1P0,CONTROLLER_MARKET,ORIGINAL_SURVIVOR_STOP,2,RESOLVED,BUY,2025-08-05 13:30:00.002312089+00:00,23349.0,2025-08-05 13:30:00.515384139+00:00,23342.25,23364.5,23347.5,True,LIVE_STOP,2025-08-05 13:30:00.515384139+00:00,23340.75,-69.0,49.0,0.0,0.5,0.00210002,,
2178,2025-08-05 09:30,NY,VALIDATED_SOURCE,NQU5,-118.0,CTRL_500MS_CAP_1P0,CONTROLLER_MARKET,ORIGINAL_SURVIVOR_STOP,4,RESOLVED,BUY,2025-08-05 13:30:00.002312089+00:00,23349.0,2025-08-05 13:30:00.515384139+00:00,23342.75,23364.5,23347.5,True,LIVE_STOP,2025-08-05 13:30:00.515384139+00:00,23340.25,-109.0,9.0,0.0,0.5,0.00210002,,
2178,2025-08-05 09:30,NY,VALIDATED_SOURCE,NQU5,-118.0,CTRL_500MS_CAP_1P0,CONTROLLER_MARKET,ONE_POINT_FROM_FILL,0,RESOLVED,BUY,2025-08-05 13:30:00.002312089+00:00,23349.0,2025-08-05 13:30:00.515384139+00:00,23341.75,23364.5,23340.75,True,LIVE_STOP,2025-08-05 13:30:01.233654569+00:00,23340.75,-49.0,69.0,0.0,0.5,0.00210002,,
2178,2025-08-05 09:30,NY,VALIDATED_SOURCE,NQU5,-118.0,CTRL_500MS_CAP_1P0,CONTROLLER_MARKET,ONE_POINT_FROM_FILL,1,RESOLVED,BUY,2025-08-05 13:30:00.002312089+00:00,23349.0,2025-08-05 13:30:00.515384139+00:00,23342.0,23364.5,23341.0,True,LIVE_STOP,2025-08-05 13:30:01.189784805+00:00,23340.75,-59.0,59.0,0.0,0.5,0.00210002,,
2178,2025-08-05 09:30,NY,VALIDATED_SOURCE,NQU5,-118.0,CTRL_500MS_CAP_1P0,CONTROLLER_MARKET,ONE_POINT_FROM_FILL,2,RESOLVED,BUY,2025-08-05 13:30:00.002312089+00:00,23349.0,2025-08-05 13:30:00.515384139+00:00,23342.25,23364.5,23341.25,True,LIVE_STOP,2025-08-05 13:30:00.515384139+00:00,23340.75,-69.0,49.0,0.0,0.5,0.00210002,,
2178,2025-08-05 09:30,NY,VALIDATED_SOURCE,NQU5,-118.0,CTRL_500MS_CAP_1P0,CONTROLLER_MARKET,ONE_POINT_FROM_FILL,4,RESOLVED,BUY,2025-08-05 13:30:00.002312089+00:00,23349.0,2025-08-05 13:30:00.515384139+00:00,23342.75,23364.5,23341.75,True,LIVE_STOP,2025-08-05 13:30:00.515384139+00:00,23340.25,-109.0,9.0,0.0,0.5,0.00210002,,
2178,2025-08-05 09:30,NY,VALIDATED_SOURCE,NQU5,-118.0,CTRL_1S_CAP_2P0,CONTROLLER_MARKET,ORIGINAL_SURVIVOR_STOP,0,RESOLVED,BUY,2025-08-05 13:30:00.002312089+00:00,23349.0,2025-08-05 13:30:01.006075753+00:00,23343.75,23364.5,23347.5,True,LIVE_STOP,2025-08-05 13:30:01.006075753+00:00,23343.25,-29.0,89.0,0.0,0.5,0.00210002,,
2178,2025-08-05 09:30,NY,VALIDATED_SOURCE,NQU5,-118.0,CTRL_1S_CAP_2P0,CONTROLLER_MARKET,ORIGINAL_SURVIVOR_STOP,1,RESOLVED,BUY,2025-08-05 13:30:00.002312089+00:00,23349.0,2025-08-05 13:30:01.006075753+00:00,23344.0,23364.5,23347.5,True,LIVE_STOP,2025-08-05 13:30:01.006075753+00:00,23343.0,-49.0,69.0,0.0,0.5,0.00210002,,
2178,2025-08-05 09:30,NY,VALIDATED_SOURCE,NQU5,-118.0,CTRL_1S_CAP_2P0,CONTROLLER_MARKET,ORIGINAL_SURVIVOR_STOP,2,RESOLVED,BUY,2025-08-05 13:30:00.002312089+00:00,23349.0,2025-08-05 13:30:01.006075753+00:00,23344.25,23364.5,23347.5,True,LIVE_STOP,2025-08-05 13:30:01.006075753+00:00,23342.75,-69.0,49.0,0.0,0.5,0.00210002,,
2178,2025-08-05 09:30,NY,VALIDATED_SOURCE,NQU5,-118.0,CTRL_1S_CAP_2P0,CONTROLLER_MARKET,ORIGINAL_SURVIVOR_STOP,4,RESOLVED,BUY,2025-08-05 13:30:00.002312089+00:00,23349.0,2025-08-05 13:30:01.006075753+00:00,23344.75,23364.5,23347.5,True,LIVE_STOP,2025-08-05 13:30:01.006075753+00:00,23342.25,-109.0,9.0,0.0,0.5,0.00210002,,
2178,2025-08-05 09:30,NY,VALIDATED_SOURCE,NQU5,-118.0,CTRL_1S_CAP_2P0,CONTROLLER_MARKET,ONE_POINT_FROM_FILL,0,RESOLVED,BUY,2025-08-05 13:30:00.002312089+00:00,23349.0,2025-08-05 13:30:01.006075753+00:00,23343.75,23364.5,23342.75,True,LIVE_STOP,2025-08-05 13:30:01.011514715+00:00,23342.75,-49.0,69.0,0.0,0.5,0.00210002,,
2178,2025-08-05 09:30,NY,VALIDATED_SOURCE,NQU5,-118.0,CTRL_1S_CAP_2P0,CONTROLLER_MARKET,ONE_POINT_FROM_FILL,1,RESOLVED,BUY,2025-08-05 13:30:00.002312089+00:00,23349.0,2025-08-05 13:30:01.006075753+00:00,23344.0,23364.5,23343.0,True,LIVE_STOP,2025-08-05 13:30:01.010280669+00:00,23342.75,-59.0,59.0,0.0,0.5,0.00210002,,
2178,2025-08-05 09:30,NY,VALIDATED_SOURCE,NQU5,-118.0,CTRL_1S_CAP_2P0,CONTROLLER_MARKET,ONE_POINT_FROM_FILL,2,RESOLVED,BUY,2025-08-05 13:30:00.002312089+00:00,23349.0,2025-08-05 13:30:01.006075753+00:00,23344.25,23364.5,23343.25,True,LIVE_STOP,2025-08-05 13:30:01.006075753+00:00,23342.75,-69.0,49.0,0.0,0.5,0.00210002,,
2178,2025-08-05 09:30,NY,VALIDATED_SOURCE,NQU5,-118.0,CTRL_1S_CAP_2P0,CONTROLLER_MARKET,ONE_POINT_FROM_FILL,4,RESOLVED,BUY,2025-08-05 13:30:00.002312089+00:00,23349.0,2025-08-05 13:30:01.006075753+00:00,23344.75,23364.5,23343.75,True,LIVE_STOP,2025-08-05 13:30:01.006075753+00:00,23342.25,-109.0,9.0,0.0,0.5,0.00210002,,
2179,2025-08-05 18:00,WEEKDAY_PREMIUM,VALIDATED_SOURCE,NQU5,332.0,OCO_LIMIT_0P5_TTL_1S,OCO_STOP_LIMIT,ORIGINAL_SURVIVOR_STOP,0,RESOLVED,SELL,2025-08-05 22:00:00.021693303+00:00,23091.0,2025-08-05 22:00:00.022062617+00:00,23091.0,23081.5,23092.5,True,LIVE_STOP,2025-08-05 22:00:00.022072179+00:00,23100.0,-369.0,-701.0,0.0,0.25,0.003986258,,
2179,2025-08-05 18:00,WEEKDAY_PREMIUM,VALIDATED_SOURCE,NQU5,332.0,OCO_LIMIT_0P5_TTL_1S,OCO_STOP_LIMIT,ORIGINAL_SURVIVOR_STOP,1,RESOLVED,SELL,2025-08-05 22:00:00.021693303+00:00,23091.0,2025-08-05 22:00:00.022062617+00:00,23090.75,23081.5,23092.5,True,LIVE_STOP,2025-08-05 22:00:00.022072179+00:00,23100.25,-389.0,-721.0,0.25,0.25,0.003986258,,
2179,2025-08-05 18:00,WEEKDAY_PREMIUM,VALIDATED_SOURCE,NQU5,332.0,OCO_LIMIT_0P5_TTL_1S,OCO_STOP_LIMIT,ORIGINAL_SURVIVOR_STOP,2,RESOLVED,SELL,2025-08-05 22:00:00.021693303+00:00,23091.0,2025-08-05 22:00:00.022062617+00:00,23090.5,23081.5,23092.5,True,LIVE_STOP,2025-08-05 22:00:00.022072179+00:00,23100.5,-409.0,-741.0,0.5,0.25,0.003986258,,
2179,2025-08-05 18:00,WEEKDAY_PREMIUM,VALIDATED_SOURCE,NQU5,332.0,OCO_LIMIT_0P5_TTL_1S,OCO_STOP_LIMIT,ORIGINAL_SURVIVOR_STOP,4,RESOLVED,SELL,2025-08-05 22:00:00.021693303+00:00,23091.0,2025-08-05 22:00:00.022062617+00:00,23090.5,23081.5,23092.5,True,LIVE_STOP,2025-08-05 22:00:00.022072179+00:00,23101.0,-429.0,-761.0,0.5,0.25,0.003986258,,
2179,2025-08-05 18:00,WEEKDAY_PREMIUM,VALIDATED_SOURCE,NQU5,332.0,OCO_LIMIT_0P5_TTL_1S,OCO_STOP_LIMIT,ONE_POINT_FROM_FILL,0,RESOLVED,SELL,2025-08-05 22:00:00.021693303+00:00,23091.0,2025-08-05 22:00:00.022062617+00:00,23091.0,23081.5,23092.0,True,LIVE_STOP,2025-08-05 22:00:00.022072179+00:00,23100.0,-369.0,-701.0,0.0,0.25,0.003986258,,
2179,2025-08-05 18:00,WEEKDAY_PREMIUM,VALIDATED_SOURCE,NQU5,332.0,OCO_LIMIT_0P5_TTL_1S,OCO_STOP_LIMIT,ONE_POINT_FROM_FILL,1,RESOLVED,SELL,2025-08-05 22:00:00.021693303+00:00,23091.0,2025-08-05 22:00:00.022062617+00:00,23090.75,23081.5,23091.75,True,LIVE_STOP,2025-08-05 22:00:00.022072179+00:00,23100.25,-389.0,-721.0,0.25,0.25,0.003986258,,
2179,2025-08-05 18:00,WEEKDAY_PREMIUM,VALIDATED_SOURCE,NQU5,332.0,OCO_LIMIT_0P5_TTL_1S,OCO_STOP_LIMIT,ONE_POINT_FROM_FILL,2,RESOLVED,SELL,2025-08-05 22:00:00.021693303+00:00,23091.0,2025-08-05 22:00:00.022062617+00:00,23090.5,23081.5,23091.5,True,LIVE_STOP,2025-08-05 22:00:00.022067743+00:00,23092.0,-69.0,-401.0,0.5,0.25,0.003986258,,
2179,2025-08-05 18:00,WEEKDAY_PREMIUM,VALIDATED_SOURCE,NQU5,332.0,OCO_LIMIT_0P5_TTL_1S,OCO_STOP_LIMIT,ONE_POINT_FROM_FILL,4,RESOLVED,SELL,2025-08-05 22:00:00.021693303+00:00,23091.0,2025-08-05 22:00:00.022062617+00:00,23090.5,23081.5,23091.5,True,LIVE_STOP,2025-08-05 22:00:00.022067743+00:00,23092.5,-89.0,-421.0,0.5,0.25,0.003986258,,
2179,2025-08-05 18:00,WEEKDAY_PREMIUM,VALIDATED_SOURCE,NQU5,332.0,OCO_LIMIT_1P0_TTL_1S,OCO_STOP_LIMIT,ORIGINAL_SURVIVOR_STOP,0,RESOLVED,SELL,2025-08-05 22:00:00.021693303+00:00,23091.0,2025-08-05 22:00:00.022062617+00:00,23091.0,23081.5,23092.5,True,LIVE_STOP,2025-08-05 22:00:00.022072179+00:00,23100.0,-369.0,-701.0,0.0,0.25,0.003986258,,
2179,2025-08-05 18:00,WEEKDAY_PREMIUM,VALIDATED_SOURCE,NQU5,332.0,OCO_LIMIT_1P0_TTL_1S,OCO_STOP_LIMIT,ORIGINAL_SURVIVOR_STOP,1,RESOLVED,SELL,2025-08-05 22:00:00.021693303+00:00,23091.0,2025-08-05 22:00:00.022062617+00:00,23090.75,23081.5,23092.5,True,LIVE_STOP,2025-08-05 22:00:00.022072179+00:00,23100.25,-389.0,-721.0,0.25,0.25,0.003986258,,
2179,2025-08-05 18:00,WEEKDAY_PREMIUM,VALIDATED_SOURCE,NQU5,332.0,OCO_LIMIT_1P0_TTL_1S,OCO_STOP_LIMIT,ORIGINAL_SURVIVOR_STOP,2,RESOLVED,SELL,2025-08-05 22:00:00.021693303+00:00,23091.0,2025-08-05 22:00:00.022062617+00:00,23090.5,23081.5,23092.5,True,LIVE_STOP,2025-08-05 22:00:00.022072179+00:00,23100.5,-409.0,-741.0,0.5,0.25,0.003986258,,
2179,2025-08-05 18:00,WEEKDAY_PREMIUM,VALIDATED_SOURCE,NQU5,332.0,OCO_LIMIT_1P0_TTL_1S,OCO_STOP_LIMIT,ORIGINAL_SURVIVOR_STOP,4,RESOLVED,SELL,2025-08-05 22:00:00.021693303+00:00,23091.0,2025-08-05 22:00:00.022062617+00:00,23090.0,23081.5,23092.5,True,LIVE_STOP,2025-08-05 22:00:00.022072179+00:00,23101.0,-449.0,-781.0,1.0,0.25,0.003986258,,
2179,2025-08-05 18:00,WEEKDAY_PREMIUM,VALIDATED_SOURCE,NQU5,332.0,OCO_LIMIT_1P0_TTL_1S,OCO_STOP_LIMIT,ONE_POINT_FROM_FILL,0,RESOLVED,SELL,2025-08-05 22:00:00.021693303+00:00,23091.0,2025-08-05 22:00:00.022062617+00:00,23091.0,23081.5,23092.0,True,LIVE_STOP,2025-08-05 22:00:00.022072179+00:00,23100.0,-369.0,-701.0,0.0,0.25,0.003986258,,
2179,2025-08-05 18:00,WEEKDAY_PREMIUM,VALIDATED_SOURCE,NQU5,332.0,OCO_LIMIT_1P0_TTL_1S,OCO_STOP_LIMIT,ONE_POINT_FROM_FILL,1,RESOLVED,SELL,2025-08-05 22:00:00.021693303+00:00,23091.0,2025-08-05 22:00:00.022062617+00:00,23090.75,23081.5,23091.75,True,LIVE_STOP,2025-08-05 22:00:00.022072179+00:00,23100.25,-389.0,-721.0,0.25,0.25,0.003986258,,
2179,2025-08-05 18:00,WEEKDAY_PREMIUM,VALIDATED_SOURCE,NQU5,332.0,OCO_LIMIT_1P0_TTL_1S,OCO_STOP_LIMIT,ONE_POINT_FROM_FILL,2,RESOLVED,SELL,2025-08-05 22:00:00.021693303+00:00,23091.0,2025-08-05 22:00:00.022062617+00:00,23090.5,23081.5,23091.5,True,LIVE_STOP,2025-08-05 22:00:00.022067743+00:00,23092.0,-69.0,-401.0,0.5,0.25,0.003986258,,
2179,2025-08-05 18:00,WEEKDAY_PREMIUM,VALIDATED_SOURCE,NQU5,332.0,OCO_LIMIT_1P0_TTL_1S,OCO_STOP_LIMIT,ONE_POINT_FROM_FILL,4,RESOLVED,SELL,2025-08-05 22:00:00.021693303+00:00,23091.0,2025-08-05 22:00:00.022062617+00:00,23090.0,23081.5,23091.0,True,LIVE_STOP,2025-08-05 22:00:00.022062617+00:00,23092.25,-99.0,-431.0,1.0,0.25,0.003986258,,
2179,2025-08-05 18:00,WEEKDAY_PREMIUM,VALIDATED_SOURCE,NQU5,332.0,OCO_LIMIT_2P0_TTL_1S,OCO_STOP_LIMIT,ORIGINAL_SURVIVOR_STOP,0,RESOLVED,SELL,2025-08-05 22:00:00.021693303+00:00,23091.0,2025-08-05 22:00:00.022062617+00:00,23091.0,23081.5,23092.5,True,LIVE_STOP,2025-08-05 22:00:00.022072179+00:00,23100.0,-369.0,-701.0,0.0,0.25,0.003986258,,
2179,2025-08-05 18:00,WEEKDAY_PREMIUM,VALIDATED_SOURCE,NQU5,332.0,OCO_LIMIT_2P0_TTL_1S,OCO_STOP_LIMIT,ORIGINAL_SURVIVOR_STOP,1,RESOLVED,SELL,2025-08-05 22:00:00.021693303+00:00,23091.0,2025-08-05 22:00:00.022062617+00:00,23090.75,23081.5,23092.5,True,LIVE_STOP,2025-08-05 22:00:00.022072179+00:00,23100.25,-389.0,-721.0,0.25,0.25,0.003986258,,
2179,2025-08-05 18:00,WEEKDAY_PREMIUM,VALIDATED_SOURCE,NQU5,332.0,OCO_LIMIT_2P0_TTL_1S,OCO_STOP_LIMIT,ORIGINAL_SURVIVOR_STOP,2,RESOLVED,SELL,2025-08-05 22:00:00.021693303+00:00,23091.0,2025-08-05 22:00:00.022062617+00:00,23090.5,23081.5,23092.5,True,LIVE_STOP,2025-08-05 22:00:00.022072179+00:00,23100.5,-409.0,-741.0,0.5,0.25,0.003986258,,
2179,2025-08-05 18:00,WEEKDAY_PREMIUM,VALIDATED_SOURCE,NQU5,332.0,OCO_LIMIT_2P0_TTL_1S,OCO_STOP_LIMIT,ORIGINAL_SURVIVOR_STOP,4,RESOLVED,SELL,2025-08-05 22:00:00.021693303+00:00,23091.0,2025-08-05 22:00:00.022062617+00:00,23090.0,23081.5,23092.5,True,LIVE_STOP,2025-08-05 22:00:00.022072179+00:00,23101.0,-449.0,-781.0,1.0,0.25,0.003986258,,
2179,2025-08-05 18:00,WEEKDAY_PREMIUM,VALIDATED_SOURCE,NQU5,332.0,OCO_LIMIT_2P0_TTL_1S,OCO_STOP_LIMIT,ONE_POINT_FROM_FILL,0,RESOLVED,SELL,2025-08-05 22:00:00.021693303+00:00,23091.0,2025-08-05 22:00:00.022062617+00:00,23091.0,23081.5,23092.0,True,LIVE_STOP,2025-08-05 22:00:00.022072179+00:00,23100.0,-369.0,-701.0,0.0,0.25,0.003986258,,
2179,2025-08-05 18:00,WEEKDAY_PREMIUM,VALIDATED_SOURCE,NQU5,332.0,OCO_LIMIT_2P0_TTL_1S,OCO_STOP_LIMIT,ONE_POINT_FROM_FILL,1,RESOLVED,SELL,2025-08-05 22:00:00.021693303+00:00,23091.0,2025-08-05 22:00:00.022062617+00:00,23090.75,23081.5,23091.75,True,LIVE_STOP,2025-08-05 22:00:00.022072179+00:00,23100.25,-389.0,-721.0,0.25,0.25,0.003986258,,
2179,2025-08-05 18:00,WEEKDAY_PREMIUM,VALIDATED_SOURCE,NQU5,332.0,OCO_LIMIT_2P0_TTL_1S,OCO_STOP_LIMIT,ONE_POINT_FROM_FILL,2,RESOLVED,SELL,2025-08-05 22:00:00.021693303+00:00,23091.0,2025-08-05 22:00:00.022062617+00:00,23090.5,23081.5,23091.5,True,LIVE_STOP,2025-08-05 22:00:00.022067743+00:00,23092.0,-69.0,-401.0,0.5,0.25,0.003986258,,
2179,2025-08-05 18:00,WEEKDAY_PREMIUM,VALIDATED_SOURCE,NQU5,332.0,OCO_LIMIT_2P0_TTL_1S,OCO_STOP_LIMIT,ONE_POINT_FROM_FILL,4,RESOLVED,SELL,2025-08-05 22:00:00.021693303+00:00,23091.0,2025-08-05 22:00:00.022062617+00:00,23090.0,23081.5,23091.0,True,LIVE_STOP,2025-08-05 22:00:00.022062617+00:00,23092.25,-99.0,-431.0,1.0,0.25,0.003986258,,
2179,2025-08-05 18:00,WEEKDAY_PREMIUM,VALIDATED_SOURCE,NQU5,332.0,CTRL_100MS_CAP_0P5,CONTROLLER_MARKET,ORIGINAL_SURVIVOR_STOP,0,RESOLVED,SELL,2025-08-05 22:00:00.021693303+00:00,23091.0,2025-08-05 22:00:00.859014893+00:00,23091.5,23081.5,23092.5,True,LIVE_STOP,2025-08-05 22:00:00.859014893+00:00,23093.5,-89.0,-421.0,0.0,2.0,0.003986258,,
2179,2025-08-05 18:00,WEEKDAY_PREMIUM,VALIDATED_SOURCE,NQU5,332.0,CTRL_100MS_CAP_0P5,CONTROLLER_MARKET,ORIGINAL_SURVIVOR_STOP,1,RESOLVED,SELL,2025-08-05 22:00:00.021693303+00:00,23091.0,2025-08-05 22:00:00.859014893+00:00,23091.25,23081.5,23092.5,True,LIVE_STOP,2025-08-05 22:00:00.859014893+00:00,23093.75,-109.0,-441.0,0.0,2.0,0.003986258,,
2179,2025-08-05 18:00,WEEKDAY_PREMIUM,VALIDATED_SOURCE,NQU5,332.0,CTRL_100MS_CAP_0P5,CONTROLLER_MARKET,ORIGINAL_SURVIVOR_STOP,2,RESOLVED,SELL,2025-08-05 22:00:00.021693303+00:00,23091.0,2025-08-05 22:00:00.859014893+00:00,23091.0,23081.5,23092.5,True,LIVE_STOP,2025-08-05 22:00:00.859014893+00:00,23094.0,-129.0,-461.0,0.0,2.0,0.003986258,,
2179,2025-08-05 18:00,WEEKDAY_PREMIUM,VALIDATED_SOURCE,NQU5,332.0,CTRL_100MS_CAP_0P5,CONTROLLER_MARKET,ORIGINAL_SURVIVOR_STOP,4,RESOLVED,SELL,2025-08-05 22:00:00.021693303+00:00,23091.0,2025-08-05 22:00:00.859014893+00:00,23090.5,23081.5,23092.5,True,LIVE_STOP,2025-08-05 22:00:00.859014893+00:00,23094.5,-169.0,-501.0,0.5,2.0,0.003986258,,
2179,2025-08-05 18:00,WEEKDAY_PREMIUM,VALIDATED_SOURCE,NQU5,332.0,CTRL_100MS_CAP_0P5,CONTROLLER_MARKET,ONE_POINT_FROM_FILL,0,RESOLVED,SELL,2025-08-05 22:00:00.021693303+00:00,23091.0,2025-08-05 22:00:00.859014893+00:00,23091.5,23081.5,23092.5,True,LIVE_STOP,2025-08-05 22:00:00.859014893+00:00,23093.5,-89.0,-421.0,0.0,2.0,0.003986258,,
2179,2025-08-05 18:00,WEEKDAY_PREMIUM,VALIDATED_SOURCE,NQU5,332.0,CTRL_100MS_CAP_0P5,CONTROLLER_MARKET,ONE_POINT_FROM_FILL,1,RESOLVED,SELL,2025-08-05 22:00:00.021693303+00:00,23091.0,2025-08-05 22:00:00.859014893+00:00,23091.25,23081.5,23092.25,True,LIVE_STOP,2025-08-05 22:00:00.859014893+00:00,23093.75,-109.0,-441.0,0.0,2.0,0.003986258,,
2179,2025-08-05 18:00,WEEKDAY_PREMIUM,VALIDATED_SOURCE,NQU5,332.0,CTRL_100MS_CAP_0P5,CONTROLLER_MARKET,ONE_POINT_FROM_FILL,2,RESOLVED,SELL,2025-08-05 22:00:00.021693303+00:00,23091.0,2025-08-05 22:00:00.859014893+00:00,23091.0,23081.5,23092.0,True,LIVE_STOP,2025-08-05 22:00:00.859014893+00:00,23094.0,-129.0,-461.0,0.0,2.0,0.003986258,,
2179,2025-08-05 18:00,WEEKDAY_PREMIUM,VALIDATED_SOURCE,NQU5,332.0,CTRL_100MS_CAP_0P5,CONTROLLER_MARKET,ONE_POINT_FROM_FILL,4,RESOLVED,SELL,2025-08-05 22:00:00.021693303+00:00,23091.0,2025-08-05 22:00:00.859014893+00:00,23090.5,23081.5,23091.5,True,LIVE_STOP,2025-08-05 22:00:00.859014893+00:00,23094.5,-169.0,-501.0,0.5,2.0,0.003986258,,
2179,2025-08-05 18:00,WEEKDAY_PREMIUM,VALIDATED_SOURCE,NQU5,332.0,CTRL_250MS_CAP_1P0,CONTROLLER_MARKET,ORIGINAL_SURVIVOR_STOP,0,RESOLVED,SELL,2025-08-05 22:00:00.021693303+00:00,23091.0,2025-08-05 22:00:00.859014893+00:00,23091.5,23081.5,23092.5,True,LIVE_STOP,2025-08-05 22:00:00.859014893+00:00,23093.5,-89.0,-421.0,0.0,2.0,0.003986258,,
2179,2025-08-05 18:00,WEEKDAY_PREMIUM,VALIDATED_SOURCE,NQU5,332.0,CTRL_250MS_CAP_1P0,CONTROLLER_MARKET,ORIGINAL_SURVIVOR_STOP,1,RESOLVED,SELL,2025-08-05 22:00:00.021693303+00:00,23091.0,2025-08-05 22:00:00.859014893+00:00,23091.25,23081.5,23092.5,True,LIVE_STOP,2025-08-05 22:00:00.859014893+00:00,23093.75,-109.0,-441.0,0.0,2.0,0.003986258,,
2179,2025-08-05 18:00,WEEKDAY_PREMIUM,VALIDATED_SOURCE,NQU5,332.0,CTRL_250MS_CAP_1P0,CONTROLLER_MARKET,ORIGINAL_SURVIVOR_STOP,2,RESOLVED,SELL,2025-08-05 22:00:00.021693303+00:00,23091.0,2025-08-05 22:00:00.859014893+00:00,23091.0,23081.5,23092.5,True,LIVE_STOP,2025-08-05 22:00:00.859014893+00:00,23094.0,-129.0,-461.0,0.0,2.0,0.003986258,,
2179,2025-08-05 18:00,WEEKDAY_PREMIUM,VALIDATED_SOURCE,NQU5,332.0,CTRL_250MS_CAP_1P0,CONTROLLER_MARKET,ORIGINAL_SURVIVOR_STOP,4,RESOLVED,SELL,2025-08-05 22:00:00.021693303+00:00,23091.0,2025-08-05 22:00:00.859014893+00:00,23090.5,23081.5,23092.5,True,LIVE_STOP,2025-08-05 22:00:00.859014893+00:00,23094.5,-169.0,-501.0,0.5,2.0,0.003986258,,
2179,2025-08-05 18:00,WEEKDAY_PREMIUM,VALIDATED_SOURCE,NQU5,332.0,CTRL_250MS_CAP_1P0,CONTROLLER_MARKET,ONE_POINT_FROM_FILL,0,RESOLVED,SELL,2025-08-05 22:00:00.021693303+00:00,23091.0,2025-08-05 22:00:00.859014893+00:00,23091.5,23081.5,23092.5,True,LIVE_STOP,2025-08-05 22:00:00.859014893+00:00,23093.5,-89.0,-421.0,0.0,2.0,0.003986258,,
2179,2025-08-05 18:00,WEEKDAY_PREMIUM,VALIDATED_SOURCE,NQU5,332.0,CTRL_250MS_CAP_1P0,CONTROLLER_MARKET,ONE_POINT_FROM_FILL,1,RESOLVED,SELL,2025-08-05 22:00:00.021693303+00:00,23091.0,2025-08-05 22:00:00.859014893+00:00,23091.25,23081.5,23092.25,True,LIVE_STOP,2025-08-05 22:00:00.859014893+00:00,23093.75,-109.0,-441.0,0.0,2.0,0.003986258,,
2179,2025-08-05 18:00,WEEKDAY_PREMIUM,VALIDATED_SOURCE,NQU5,332.0,CTRL_250MS_CAP_1P0,CONTROLLER_MARKET,ONE_POINT_FROM_FILL,2,RESOLVED,SELL,2025-08-05 22:00:00.021693303+00:00,23091.0,2025-08-05 22:00:00.859014893+00:00,23091.0,23081.5,23092.0,True,LIVE_STOP,2025-08-05 22:00:00.859014893+00:00,23094.0,-129.0,-461.0,0.0,2.0,0.003986258,,
2179,2025-08-05 18:00,WEEKDAY_PREMIUM,VALIDATED_SOURCE,NQU5,332.0,CTRL_250MS_CAP_1P0,CONTROLLER_MARKET,ONE_POINT_FROM_FILL,4,RESOLVED,SELL,2025-08-05 22:00:00.021693303+00:00,23091.0,2025-08-05 22:00:00.859014893+00:00,23090.5,23081.5,23091.5,True,LIVE_STOP,2025-08-05 22:00:00.859014893+00:00,23094.5,-169.0,-501.0,0.5,2.0,0.003986258,,
2179,2025-08-05 18:00,WEEKDAY_PREMIUM,VALIDATED_SOURCE,NQU5,332.0,CTRL_500MS_CAP_1P0,CONTROLLER_MARKET,ORIGINAL_SURVIVOR_STOP,0,RESOLVED,SELL,2025-08-05 22:00:00.021693303+00:00,23091.0,2025-08-05 22:00:00.859014893+00:00,23091.5,23081.5,23092.5,True,LIVE_STOP,2025-08-05 22:00:00.859014893+00:00,23093.5,-89.0,-421.0,0.0,2.0,0.003986258,,
2179,2025-08-05 18:00,WEEKDAY_PREMIUM,VALIDATED_SOURCE,NQU5,332.0,CTRL_500MS_CAP_1P0,CONTROLLER_MARKET,ORIGINAL_SURVIVOR_STOP,1,RESOLVED,SELL,2025-08-05 22:00:00.021693303+00:00,23091.0,2025-08-05 22:00:00.859014893+00:00,23091.25,23081.5,23092.5,True,LIVE_STOP,2025-08-05 22:00:00.859014893+00:00,23093.75,-109.0,-441.0,0.0,2.0,0.003986258,,
2179,2025-08-05 18:00,WEEKDAY_PREMIUM,VALIDATED_SOURCE,NQU5,332.0,CTRL_500MS_CAP_1P0,CONTROLLER_MARKET,ORIGINAL_SURVIVOR_STOP,2,RESOLVED,SELL,2025-08-05 22:00:00.021693303+00:00,23091.0,2025-08-05 22:00:00.859014893+00:00,23091.0,23081.5,23092.5,True,LIVE_STOP,2025-08-05 22:00:00.859014893+00:00,23094.0,-129.0,-461.0,0.0,2.0,0.003986258,,
2179,2025-08-05 18:00,WEEKDAY_PREMIUM,VALIDATED_SOURCE,NQU5,332.0,CTRL_500MS_CAP_1P0,CONTROLLER_MARKET,ORIGINAL_SURVIVOR_STOP,4,RESOLVED,SELL,2025-08-05 22:00:00.021693303+00:00,23091.0,2025-08-05 22:00:00.859014893+00:00,23090.5,23081.5,23092.5,True,LIVE_STOP,2025-08-05 22:00:00.859014893+00:00,23094.5,-169.0,-501.0,0.5,2.0,0.003986258,,
2179,2025-08-05 18:00,WEEKDAY_PREMIUM,VALIDATED_SOURCE,NQU5,332.0,CTRL_500MS_CAP_1P0,CONTROLLER_MARKET,ONE_POINT_FROM_FILL,0,RESOLVED,SELL,2025-08-05 22:00:00.021693303+00:00,23091.0,2025-08-05 22:00:00.859014893+00:00,23091.5,23081.5,23092.5,True,LIVE_STOP,2025-08-05 22:00:00.859014893+00:00,23093.5,-89.0,-421.0,0.0,2.0,0.003986258,,
2179,2025-08-05 18:00,WEEKDAY_PREMIUM,VALIDATED_SOURCE,NQU5,332.0,CTRL_500MS_CAP_1P0,CONTROLLER_MARKET,ONE_POINT_FROM_FILL,1,RESOLVED,SELL,2025-08-05 22:00:00.021693303+00:00,23091.0,2025-08-05 22:00:00.859014893+00:00,23091.25,23081.5,23092.25,True,LIVE_STOP,2025-08-05 22:00:00.859014893+00:00,23093.75,-109.0,-441.0,0.0,2.0,0.003986258,,
2179,2025-08-05 18:00,WEEKDAY_PREMIUM,VALIDATED_SOURCE,NQU5,332.0,CTRL_500MS_CAP_1P0,CONTROLLER_MARKET,ONE_POINT_FROM_FILL,2,RESOLVED,SELL,2025-08-05 22:00:00.021693303+00:00,23091.0,2025-08-05 22:00:00.859014893+00:00,23091.0,23081.5,23092.0,True,LIVE_STOP,2025-08-05 22:00:00.859014893+00:00,23094.0,-129.0,-461.0,0.0,2.0,0.003986258,,
2179,2025-08-05 18:00,WEEKDAY_PREMIUM,VALIDATED_SOURCE,NQU5,332.0,CTRL_500MS_CAP_1P0,CONTROLLER_MARKET,ONE_POINT_FROM_FILL,4,RESOLVED,SELL,2025-08-05 22:00:00.021693303+00:00,23091.0,2025-08-05 22:00:00.859014893+00:00,23090.5,23081.5,23091.5,True,LIVE_STOP,2025-08-05 22:00:00.859014893+00:00,23094.5,-169.0,-501.0,0.5,2.0,0.003986258,,
2179,2025-08-05 18:00,WEEKDAY_PREMIUM,VALIDATED_SOURCE,NQU5,332.0,CTRL_1S_CAP_2P0,CONTROLLER_MARKET,ORIGINAL_SURVIVOR_STOP,0,RESOLVED,SELL,2025-08-05 22:00:00.021693303+00:00,23091.0,2025-08-05 22:00:01.092669347+00:00,23093.0,23081.5,23092.5,True,LIVE_STOP,2025-08-05 22:00:01.092669347+00:00,23094.75,-79.0,-411.0,0.0,1.75,0.003986258,,
2179,2025-08-05 18:00,WEEKDAY_PREMIUM,VALIDATED_SOURCE,NQU5,332.0,CTRL_1S_CAP_2P0,CONTROLLER_MARKET,ORIGINAL_SURVIVOR_STOP,1,RESOLVED,SELL,2025-08-05 22:00:00.021693303+00:00,23091.0,2025-08-05 22:00:01.092669347+00:00,23092.75,23081.5,23092.5,True,LIVE_STOP,2025-08-05 22:00:01.092669347+00:00,23095.0,-99.0,-431.0,0.0,1.75,0.003986258,,
2179,2025-08-05 18:00,WEEKDAY_PREMIUM,VALIDATED_SOURCE,NQU5,332.0,CTRL_1S_CAP_2P0,CONTROLLER_MARKET,ORIGINAL_SURVIVOR_STOP,2,RESOLVED,SELL,2025-08-05 22:00:00.021693303+00:00,23091.0,2025-08-05 22:00:01.092669347+00:00,23092.5,23081.5,23092.5,True,LIVE_STOP,2025-08-05 22:00:01.092669347+00:00,23095.25,-119.0,-451.0,0.0,1.75,0.003986258,,
2179,2025-08-05 18:00,WEEKDAY_PREMIUM,VALIDATED_SOURCE,NQU5,332.0,CTRL_1S_CAP_2P0,CONTROLLER_MARKET,ORIGINAL_SURVIVOR_STOP,4,RESOLVED,SELL,2025-08-05 22:00:00.021693303+00:00,23091.0,2025-08-05 22:00:01.092669347+00:00,23092.0,23081.5,23092.5,True,LIVE_STOP,2025-08-05 22:00:01.092669347+00:00,23095.75,-159.0,-491.0,0.0,1.75,0.003986258,,
2179,2025-08-05 18:00,WEEKDAY_PREMIUM,VALIDATED_SOURCE,NQU5,332.0,CTRL_1S_CAP_2P0,CONTROLLER_MARKET,ONE_POINT_FROM_FILL,0,RESOLVED,SELL,2025-08-05 22:00:00.021693303+00:00,23091.0,2025-08-05 22:00:01.092669347+00:00,23093.0,23081.5,23094.0,True,LIVE_STOP,2025-08-05 22:00:01.092669347+00:00,23094.75,-79.0,-411.0,0.0,1.75,0.003986258,,
2179,2025-08-05 18:00,WEEKDAY_PREMIUM,VALIDATED_SOURCE,NQU5,332.0,CTRL_1S_CAP_2P0,CONTROLLER_MARKET,ONE_POINT_FROM_FILL,1,RESOLVED,SELL,2025-08-05 22:00:00.021693303+00:00,23091.0,2025-08-05 22:00:01.092669347+00:00,23092.75,23081.5,23093.75,True,LIVE_STOP,2025-08-05 22:00:01.092669347+00:00,23095.0,-99.0,-431.0,0.0,1.75,0.003986258,,
2179,2025-08-05 18:00,WEEKDAY_PREMIUM,VALIDATED_SOURCE,NQU5,332.0,CTRL_1S_CAP_2P0,CONTROLLER_MARKET,ONE_POINT_FROM_FILL,2,RESOLVED,SELL,2025-08-05 22:00:00.021693303+00:00,23091.0,2025-08-05 22:00:01.092669347+00:00,23092.5,23081.5,23093.5,True,LIVE_STOP,2025-08-05 22:00:01.092669347+00:00,23095.25,-119.0,-451.0,0.0,1.75,0.003986258,,
2179,2025-08-05 18:00,WEEKDAY_PREMIUM,VALIDATED_SOURCE,NQU5,332.0,CTRL_1S_CAP_2P0,CONTROLLER_MARKET,ONE_POINT_FROM_FILL,4,RESOLVED,SELL,2025-08-05 22:00:00.021693303+00:00,23091.0,2025-08-05 22:00:01.092669347+00:00,23092.0,23081.5,23093.0,True,LIVE_STOP,2025-08-05 22:00:01.092669347+00:00,23095.75,-159.0,-491.0,0.0,1.75,0.003986258,,
2180,2025-08-06 09:30,NY,VALIDATED_SOURCE,NQU5,-118.0,OCO_LIMIT_0P5_TTL_1S,OCO_STOP_LIMIT,ORIGINAL_SURVIVOR_STOP,0,RESOLVED,SELL,2025-08-06 13:30:00.001585691+00:00,23168.5,2025-08-06 13:30:00.001585691+00:00,23168.5,23153.0,23170.0,True,LIVE_STOP,2025-08-06 13:30:00.005568971+00:00,23170.0,-69.0,49.0,0.0,0.5,0.001463896,,
2180,2025-08-06 09:30,NY,VALIDATED_SOURCE,NQU5,-118.0,OCO_LIMIT_0P5_TTL_1S,OCO_STOP_LIMIT,ORIGINAL_SURVIVOR_STOP,1,RESOLVED,SELL,2025-08-06 13:30:00.001585691+00:00,23168.5,2025-08-06 13:30:00.001585691+00:00,23168.25,23153.0,23170.0,True,LIVE_STOP,2025-08-06 13:30:00.005568971+00:00,23170.25,-89.0,29.0,0.25,0.5,0.001463896,,
2180,2025-08-06 09:30,NY,VALIDATED_SOURCE,NQU5,-118.0,OCO_LIMIT_0P5_TTL_1S,OCO_STOP_LIMIT,ORIGINAL_SURVIVOR_STOP,2,RESOLVED,SELL,2025-08-06 13:30:00.001585691+00:00,23168.5,2025-08-06 13:30:00.001585691+00:00,23168.0,23153.0,23170.0,True,LIVE_STOP,2025-08-06 13:30:00.005568971+00:00,23170.5,-109.0,9.0,0.5,0.5,0.001463896,,
2180,2025-08-06 09:30,NY,VALIDATED_SOURCE,NQU5,-118.0,OCO_LIMIT_0P5_TTL_1S,OCO_STOP_LIMIT,ORIGINAL_SURVIVOR_STOP,4,RESOLVED,SELL,2025-08-06 13:30:00.001585691+00:00,23168.5,2025-08-06 13:30:00.001585691+00:00,23168.0,23153.0,23170.0,True,LIVE_STOP,2025-08-06 13:30:00.005568971+00:00,23171.0,-129.0,-11.0,0.5,0.5,0.001463896,,
2180,2025-08-06 09:30,NY,VALIDATED_SOURCE,NQU5,-118.0,OCO_LIMIT_0P5_TTL_1S,OCO_STOP_LIMIT,ONE_POINT_FROM_FILL,0,RESOLVED,SELL,2025-08-06 13:30:00.001585691+00:00,23168.5,2025-08-06 13:30:00.001585691+00:00,23168.5,23153.0,23169.5,True,LIVE_STOP,2025-08-06 13:30:00.005499223+00:00,23169.75,-59.0,59.0,0.0,0.5,0.001463896,,
2180,2025-08-06 09:30,NY,VALIDATED_SOURCE,NQU5,-118.0,OCO_LIMIT_0P5_TTL_1S,OCO_STOP_LIMIT,ONE_POINT_FROM_FILL,1,RESOLVED,SELL,2025-08-06 13:30:00.001585691+00:00,23168.5,2025-08-06 13:30:00.001585691+00:00,23168.25,23153.0,23169.25,True,LIVE_STOP,2025-08-06 13:30:00.003183873+00:00,23169.5,-59.0,59.0,0.25,0.5,0.001463896,,
2180,2025-08-06 09:30,NY,VALIDATED_SOURCE,NQU5,-118.0,OCO_LIMIT_0P5_TTL_1S,OCO_STOP_LIMIT,ONE_POINT_FROM_FILL,2,RESOLVED,SELL,2025-08-06 13:30:00.001585691+00:00,23168.5,2025-08-06 13:30:00.001585691+00:00,23168.0,23153.0,23169.0,True,LIVE_STOP,2025-08-06 13:30:00.001585691+00:00,23169.5,-69.0,49.0,0.5,0.5,0.001463896,,
2180,2025-08-06 09:30,NY,VALIDATED_SOURCE,NQU5,-118.0,OCO_LIMIT_0P5_TTL_1S,OCO_STOP_LIMIT,ONE_POINT_FROM_FILL,4,RESOLVED,SELL,2025-08-06 13:30:00.001585691+00:00,23168.5,2025-08-06 13:30:00.001585691+00:00,23168.0,23153.0,23169.0,True,LIVE_STOP,2025-08-06 13:30:00.001585691+00:00,23170.0,-89.0,29.0,0.5,0.5,0.001463896,,
2180,2025-08-06 09:30,NY,VALIDATED_SOURCE,NQU5,-118.0,OCO_LIMIT_1P0_TTL_1S,OCO_STOP_LIMIT,ORIGINAL_SURVIVOR_STOP,0,RESOLVED,SELL,2025-08-06 13:30:00.001585691+00:00,23168.5,2025-08-06 13:30:00.001585691+00:00,23168.5,23153.0,23170.0,True,LIVE_STOP,2025-08-06 13:30:00.005568971+00:00,23170.0,-69.0,49.0,0.0,0.5,0.001463896,,
2180,2025-08-06 09:30,NY,VALIDATED_SOURCE,NQU5,-118.0,OCO_LIMIT_1P0_TTL_1S,OCO_STOP_LIMIT,ORIGINAL_SURVIVOR_STOP,1,RESOLVED,SELL,2025-08-06 13:30:00.001585691+00:00,23168.5,2025-08-06 13:30:00.001585691+00:00,23168.25,23153.0,23170.0,True,LIVE_STOP,2025-08-06 13:30:00.005568971+00:00,23170.25,-89.0,29.0,0.25,0.5,0.001463896,,
2180,2025-08-06 09:30,NY,VALIDATED_SOURCE,NQU5,-118.0,OCO_LIMIT_1P0_TTL_1S,OCO_STOP_LIMIT,ORIGINAL_SURVIVOR_STOP,2,RESOLVED,SELL,2025-08-06 13:30:00.001585691+00:00,23168.5,2025-08-06 13:30:00.001585691+00:00,23168.0,23153.0,23170.0,True,LIVE_STOP,2025-08-06 13:30:00.005568971+00:00,23170.5,-109.0,9.0,0.5,0.5,0.001463896,,
2180,2025-08-06 09:30,NY,VALIDATED_SOURCE,NQU5,-118.0,OCO_LIMIT_1P0_TTL_1S,OCO_STOP_LIMIT,ORIGINAL_SURVIVOR_STOP,4,RESOLVED,SELL,2025-08-06 13:30:00.001585691+00:00,23168.5,2025-08-06 13:30:00.001585691+00:00,23167.5,23153.0,23170.0,True,LIVE_STOP,2025-08-06 13:30:00.005568971+00:00,23171.0,-149.0,-31.0,1.0,0.5,0.001463896,,
2180,2025-08-06 09:30,NY,VALIDATED_SOURCE,NQU5,-118.0,OCO_LIMIT_1P0_TTL_1S,OCO_STOP_LIMIT,ONE_POINT_FROM_FILL,0,RESOLVED,SELL,2025-08-06 13:30:00.001585691+00:00,23168.5,2025-08-06 13:30:00.001585691+00:00,23168.5,23153.0,23169.5,True,LIVE_STOP,2025-08-06 13:30:00.005499223+00:00,23169.75,-59.0,59.0,0.0,0.5,0.001463896,,
2180,2025-08-06 09:30,NY,VALIDATED_SOURCE,NQU5,-118.0,OCO_LIMIT_1P0_TTL_1S,OCO_STOP_LIMIT,ONE_POINT_FROM_FILL,1,RESOLVED,SELL,2025-08-06 13:30:00.001585691+00:00,23168.5,2025-08-06 13:30:00.001585691+00:00,23168.25,23153.0,23169.25,True,LIVE_STOP,2025-08-06 13:30:00.003183873+00:00,23169.5,-59.0,59.0,0.25,0.5,0.001463896,,
2180,2025-08-06 09:30,NY,VALIDATED_SOURCE,NQU5,-118.0,OCO_LIMIT_1P0_TTL_1S,OCO_STOP_LIMIT,ONE_POINT_FROM_FILL,2,RESOLVED,SELL,2025-08-06 13:30:00.001585691+00:00,23168.5,2025-08-06 13:30:00.001585691+00:00,23168.0,23153.0,23169.0,True,LIVE_STOP,2025-08-06 13:30:00.001585691+00:00,23169.5,-69.0,49.0,0.5,0.5,0.001463896,,
2180,2025-08-06 09:30,NY,VALIDATED_SOURCE,NQU5,-118.0,OCO_LIMIT_1P0_TTL_1S,OCO_STOP_LIMIT,ONE_POINT_FROM_FILL,4,RESOLVED,SELL,2025-08-06 13:30:00.001585691+00:00,23168.5,2025-08-06 13:30:00.001585691+00:00,23167.5,23153.0,23168.5,True,LIVE_STOP,2025-08-06 13:30:00.001585691+00:00,23170.0,-109.0,9.0,1.0,0.5,0.001463896,,
2180,2025-08-06 09:30,NY,VALIDATED_SOURCE,NQU5,-118.0,OCO_LIMIT_2P0_TTL_1S,OCO_STOP_LIMIT,ORIGINAL_SURVIVOR_STOP,0,RESOLVED,SELL,2025-08-06 13:30:00.001585691+00:00,23168.5,2025-08-06 13:30:00.001585691+00:00,23168.5,23153.0,23170.0,True,LIVE_STOP,2025-08-06 13:30:00.005568971+00:00,23170.0,-69.0,49.0,0.0,0.5,0.001463896,,
2180,2025-08-06 09:30,NY,VALIDATED_SOURCE,NQU5,-118.0,OCO_LIMIT_2P0_TTL_1S,OCO_STOP_LIMIT,ORIGINAL_SURVIVOR_STOP,1,RESOLVED,SELL,2025-08-06 13:30:00.001585691+00:00,23168.5,2025-08-06 13:30:00.001585691+00:00,23168.25,23153.0,23170.0,True,LIVE_STOP,2025-08-06 13:30:00.005568971+00:00,23170.25,-89.0,29.0,0.25,0.5,0.001463896,,
2180,2025-08-06 09:30,NY,VALIDATED_SOURCE,NQU5,-118.0,OCO_LIMIT_2P0_TTL_1S,OCO_STOP_LIMIT,ORIGINAL_SURVIVOR_STOP,2,RESOLVED,SELL,2025-08-06 13:30:00.001585691+00:00,23168.5,2025-08-06 13:30:00.001585691+00:00,23168.0,23153.0,23170.0,True,LIVE_STOP,2025-08-06 13:30:00.005568971+00:00,23170.5,-109.0,9.0,0.5,0.5,0.001463896,,
2180,2025-08-06 09:30,NY,VALIDATED_SOURCE,NQU5,-118.0,OCO_LIMIT_2P0_TTL_1S,OCO_STOP_LIMIT,ORIGINAL_SURVIVOR_STOP,4,RESOLVED,SELL,2025-08-06 13:30:00.001585691+00:00,23168.5,2025-08-06 13:30:00.001585691+00:00,23167.5,23153.0,23170.0,True,LIVE_STOP,2025-08-06 13:30:00.005568971+00:00,23171.0,-149.0,-31.0,1.0,0.5,0.001463896,,
2180,2025-08-06 09:30,NY,VALIDATED_SOURCE,NQU5,-118.0,OCO_LIMIT_2P0_TTL_1S,OCO_STOP_LIMIT,ONE_POINT_FROM_FILL,0,RESOLVED,SELL,2025-08-06 13:30:00.001585691+00:00,23168.5,2025-08-06 13:30:00.001585691+00:00,23168.5,23153.0,23169.5,True,LIVE_STOP,2025-08-06 13:30:00.005499223+00:00,23169.75,-59.0,59.0,0.0,0.5,0.001463896,,
2180,2025-08-06 09:30,NY,VALIDATED_SOURCE,NQU5,-118.0,OCO_LIMIT_2P0_TTL_1S,OCO_STOP_LIMIT,ONE_POINT_FROM_FILL,1,RESOLVED,SELL,2025-08-06 13:30:00.001585691+00:00,23168.5,2025-08-06 13:30:00.001585691+00:00,23168.25,23153.0,23169.25,True,LIVE_STOP,2025-08-06 13:30:00.003183873+00:00,23169.5,-59.0,59.0,0.25,0.5,0.001463896,,
2180,2025-08-06 09:30,NY,VALIDATED_SOURCE,NQU5,-118.0,OCO_LIMIT_2P0_TTL_1S,OCO_STOP_LIMIT,ONE_POINT_FROM_FILL,2,RESOLVED,SELL,2025-08-06 13:30:00.001585691+00:00,23168.5,2025-08-06 13:30:00.001585691+00:00,23168.0,23153.0,23169.0,True,LIVE_STOP,2025-08-06 13:30:00.001585691+00:00,23169.5,-69.0,49.0,0.5,0.5,0.001463896,,
2180,2025-08-06 09:30,NY,VALIDATED_SOURCE,NQU5,-118.0,OCO_LIMIT_2P0_TTL_1S,OCO_STOP_LIMIT,ONE_POINT_FROM_FILL,4,RESOLVED,SELL,2025-08-06 13:30:00.001585691+00:00,23168.5,2025-08-06 13:30:00.001585691+00:00,23167.5,23153.0,23168.5,True,LIVE_STOP,2025-08-06 13:30:00.001585691+00:00,23170.0,-109.0,9.0,1.0,0.5,0.001463896,,
2180,2025-08-06 09:30,NY,VALIDATED_SOURCE,NQU5,-118.0,CTRL_100MS_CAP_0P5,CONTROLLER_MARKET,ORIGINAL_SURVIVOR_STOP,0,RESOLVED,SELL,2025-08-06 13:30:00.001585691+00:00,23168.5,2025-08-06 13:30:00.104283871+00:00,23171.25,23153.0,23170.0,True,LIVE_STOP,2025-08-06 13:30:00.104283871+00:00,23171.5,-19.0,99.0,0.0,0.25,0.001463896,,
2180,2025-08-06 09:30,NY,VALIDATED_SOURCE,NQU5,-118.0,CTRL_100MS_CAP_0P5,CONTROLLER_MARKET,ORIGINAL_SURVIVOR_STOP,1,RESOLVED,SELL,2025-08-06 13:30:00.001585691+00:00,23168.5,2025-08-06 13:30:00.104283871+00:00,23171.0,23153.0,23170.0,True,LIVE_STOP,2025-08-06 13:30:00.104283871+00:00,23171.75,-39.0,79.0,0.0,0.25,0.001463896,,
2180,2025-08-06 09:30,NY,VALIDATED_SOURCE,NQU5,-118.0,CTRL_100MS_CAP_0P5,CONTROLLER_MARKET,ORIGINAL_SURVIVOR_STOP,2,RESOLVED,SELL,2025-08-06 13:30:00.001585691+00:00,23168.5,2025-08-06 13:30:00.104283871+00:00,23170.75,23153.0,23170.0,True,LIVE_STOP,2025-08-06 13:30:00.104283871+00:00,23172.0,-59.0,59.0,0.0,0.25,0.001463896,,
2180,2025-08-06 09:30,NY,VALIDATED_SOURCE,NQU5,-118.0,CTRL_100MS_CAP_0P5,CONTROLLER_MARKET,ORIGINAL_SURVIVOR_STOP,4,RESOLVED,SELL,2025-08-06 13:30:00.001585691+00:00,23168.5,2025-08-06 13:30:00.104283871+00:00,23170.25,23153.0,23170.0,True,LIVE_STOP,2025-08-06 13:30:00.104283871+00:00,23172.5,-99.0,19.0,0.0,0.25,0.001463896,,
2180,2025-08-06 09:30,NY,VALIDATED_SOURCE,NQU5,-118.0,CTRL_100MS_CAP_0P5,CONTROLLER_MARKET,ONE_POINT_FROM_FILL,0,RESOLVED,SELL,2025-08-06 13:30:00.001585691+00:00,23168.5,2025-08-06 13:30:00.104283871+00:00,23171.25,23153.0,23172.25,True,LIVE_STOP,2025-08-06 13:30:00.384056049+00:00,23172.0,-39.0,79.0,0.0,0.25,0.001463896,,
2180,2025-08-06 09:30,NY,VALIDATED_SOURCE,NQU5,-118.0,CTRL_100MS_CAP_0P5,CONTROLLER_MARKET,ONE_POINT_FROM_FILL,1,RESOLVED,SELL,2025-08-06 13:30:00.001585691+00:00,23168.5,2025-08-06 13:30:00.104283871+00:00,23171.0,23153.0,23172.0,True,LIVE_STOP,2025-08-06 13:30:00.344292941+00:00,23172.25,-59.0,59.0,0.0,0.25,0.001463896,,
2180,2025-08-06 09:30,NY,VALIDATED_SOURCE,NQU5,-118.0,CTRL_100MS_CAP_0P5,CONTROLLER_MARKET,ONE_POINT_FROM_FILL,2,RESOLVED,SELL,2025-08-06 13:30:00.001585691+00:00,23168.5,2025-08-06 13:30:00.104283871+00:00,23170.75,23153.0,23171.75,True,LIVE_STOP,2025-08-06 13:30:00.336863837+00:00,23172.25,-69.0,49.0,0.0,0.25,0.001463896,,
2180,2025-08-06 09:30,NY,VALIDATED_SOURCE,NQU5,-118.0,CTRL_100MS_CAP_0P5,CONTROLLER_MARKET,ONE_POINT_FROM_FILL,4,RESOLVED,SELL,2025-08-06 13:30:00.001585691+00:00,23168.5,2025-08-06 13:30:00.104283871+00:00,23170.25,23153.0,23171.25,True,LIVE_STOP,2025-08-06 13:30:00.104283871+00:00,23172.5,-99.0,19.0,0.0,0.25,0.001463896,,
2180,2025-08-06 09:30,NY,VALIDATED_SOURCE,NQU5,-118.0,CTRL_250MS_CAP_1P0,CONTROLLER_MARKET,ORIGINAL_SURVIVOR_STOP,0,RESOLVED,SELL,2025-08-06 13:30:00.001585691+00:00,23168.5,2025-08-06 13:30:00.260508419+00:00,23168.5,23153.0,23170.0,True,LIVE_STOP,2025-08-06 13:30:00.325873203+00:00,23170.0,-69.0,49.0,0.0,0.25,0.001463896,,
2180,2025-08-06 09:30,NY,VALIDATED_SOURCE,NQU5,-118.0,CTRL_250MS_CAP_1P0,CONTROLLER_MARKET,ORIGINAL_SURVIVOR_STOP,1,RESOLVED,SELL,2025-08-06 13:30:00.001585691+00:00,23168.5,2025-08-06 13:30:00.260508419+00:00,23168.25,23153.0,23170.0,True,LIVE_STOP,2025-08-06 13:30:00.325873203+00:00,23170.25,-89.0,29.0,0.25,0.25,0.001463896,,
2180,2025-08-06 09:30,NY,VALIDATED_SOURCE,NQU5,-118.0,CTRL_250MS_CAP_1P0,CONTROLLER_MARKET,ORIGINAL_SURVIVOR_STOP,2,RESOLVED,SELL,2025-08-06 13:30:00.001585691+00:00,23168.5,2025-08-06 13:30:00.260508419+00:00,23168.0,23153.0,23170.0,True,LIVE_STOP,2025-08-06 13:30:00.325873203+00:00,23170.5,-109.0,9.0,0.5,0.25,0.001463896,,
2180,2025-08-06 09:30,NY,VALIDATED_SOURCE,NQU5,-118.0,CTRL_250MS_CAP_1P0,CONTROLLER_MARKET,ORIGINAL_SURVIVOR_STOP,4,RESOLVED,SELL,2025-08-06 13:30:00.001585691+00:00,23168.5,2025-08-06 13:30:00.260508419+00:00,23167.5,23153.0,23170.0,True,LIVE_STOP,2025-08-06 13:30:00.325873203+00:00,23171.0,-149.0,-31.0,1.0,0.25,0.001463896,,
2180,2025-08-06 09:30,NY,VALIDATED_SOURCE,NQU5,-118.0,CTRL_250MS_CAP_1P0,CONTROLLER_MARKET,ONE_POINT_FROM_FILL,0,RESOLVED,SELL,2025-08-06 13:30:00.001585691+00:00,23168.5,2025-08-06 13:30:00.260508419+00:00,23168.5,23153.0,23169.5,True,LIVE_STOP,2025-08-06 13:30:00.325871031+00:00,23169.75,-59.0,59.0,0.0,0.25,0.001463896,,
2180,2025-08-06 09:30,NY,VALIDATED_SOURCE,NQU5,-118.0,CTRL_250MS_CAP_1P0,CONTROLLER_MARKET,ONE_POINT_FROM_FILL,1,RESOLVED,SELL,2025-08-06 13:30:00.001585691+00:00,23168.5,2025-08-06 13:30:00.260508419+00:00,23168.25,23153.0,23169.25,True,LIVE_STOP,2025-08-06 13:30:00.284427385+00:00,23169.5,-59.0,59.0,0.25,0.25,0.001463896,,
2180,2025-08-06 09:30,NY,VALIDATED_SOURCE,NQU5,-118.0,CTRL_250MS_CAP_1P0,CONTROLLER_MARKET,ONE_POINT_FROM_FILL,2,RESOLVED,SELL,2025-08-06 13:30:00.001585691+00:00,23168.5,2025-08-06 13:30:00.260508419+00:00,23168.0,23153.0,23169.0,True,LIVE_STOP,2025-08-06 13:30:00.284335633+00:00,23169.5,-69.0,49.0,0.5,0.25,0.001463896,,
2180,2025-08-06 09:30,NY,VALIDATED_SOURCE,NQU5,-118.0,CTRL_250MS_CAP_1P0,CONTROLLER_MARKET,ONE_POINT_FROM_FILL,4,RESOLVED,SELL,2025-08-06 13:30:00.001585691+00:00,23168.5,2025-08-06 13:30:00.260508419+00:00,23167.5,23153.0,23168.5,True,LIVE_STOP,2025-08-06 13:30:00.260508419+00:00,23169.75,-99.0,19.0,1.0,0.25,0.001463896,,
2180,2025-08-06 09:30,NY,VALIDATED_SOURCE,NQU5,-118.0,CTRL_500MS_CAP_1P0,CONTROLLER_MARKET,ORIGINAL_SURVIVOR_STOP,0,RESOLVED,SELL,2025-08-06 13:30:00.001585691+00:00,23168.5,2025-08-06 13:30:00.503782705+00:00,23171.75,23153.0,23170.0,True,LIVE_STOP,2025-08-06 13:30:00.503782705+00:00,23172.25,-29.0,89.0,0.0,0.5,0.001463896,,
2180,2025-08-06 09:30,NY,VALIDATED_SOURCE,NQU5,-118.0,CTRL_500MS_CAP_1P0,CONTROLLER_MARKET,ORIGINAL_SURVIVOR_STOP,1,RESOLVED,SELL,2025-08-06 13:30:00.001585691+00:00,23168.5,2025-08-06 13:30:00.503782705+00:00,23171.5,23153.0,23170.0,True,LIVE_STOP,2025-08-06 13:30:00.503782705+00:00,23172.5,-49.0,69.0,0.0,0.5,0.001463896,,
2180,2025-08-06 09:30,NY,VALIDATED_SOURCE,NQU5,-118.0,CTRL_500MS_CAP_1P0,CONTROLLER_MARKET,ORIGINAL_SURVIVOR_STOP,2,RESOLVED,SELL,2025-08-06 13:30:00.001585691+00:00,23168.5,2025-08-06 13:30:00.503782705+00:00,23171.25,23153.0,23170.0,True,LIVE_STOP,2025-08-06 13:30:00.503782705+00:00,23172.75,-69.0,49.0,0.0,0.5,0.001463896,,
2180,2025-08-06 09:30,NY,VALIDATED_SOURCE,NQU5,-118.0,CTRL_500MS_CAP_1P0,CONTROLLER_MARKET,ORIGINAL_SURVIVOR_STOP,4,RESOLVED,SELL,2025-08-06 13:30:00.001585691+00:00,23168.5,2025-08-06 13:30:00.503782705+00:00,23170.75,23153.0,23170.0,True,LIVE_STOP,2025-08-06 13:30:00.503782705+00:00,23173.25,-109.0,9.0,0.0,0.5,0.001463896,,
2180,2025-08-06 09:30,NY,VALIDATED_SOURCE,NQU5,-118.0,CTRL_500MS_CAP_1P0,CONTROLLER_MARKET,ONE_POINT_FROM_FILL,0,RESOLVED,SELL,2025-08-06 13:30:00.001585691+00:00,23168.5,2025-08-06 13:30:00.503782705+00:00,23171.75,23153.0,23172.75,True,LIVE_STOP,2025-08-06 13:30:02.329742299+00:00,23172.75,-49.0,69.0,0.0,0.5,0.001463896,,
2180,2025-08-06 09:30,NY,VALIDATED_SOURCE,NQU5,-118.0,CTRL_500MS_CAP_1P0,CONTROLLER_MARKET,ONE_POINT_FROM_FILL,1,RESOLVED,SELL,2025-08-06 13:30:00.001585691+00:00,23168.5,2025-08-06 13:30:00.503782705+00:00,23171.5,23153.0,23172.5,True,LIVE_STOP,2025-08-06 13:30:02.329742299+00:00,23173.0,-69.0,49.0,0.0,0.5,0.001463896,,
2180,2025-08-06 09:30,NY,VALIDATED_SOURCE,NQU5,-118.0,CTRL_500MS_CAP_1P0,CONTROLLER_MARKET,ONE_POINT_FROM_FILL,2,RESOLVED,SELL,2025-08-06 13:30:00.001585691+00:00,23168.5,2025-08-06 13:30:00.503782705+00:00,23171.25,23153.0,23172.25,True,LIVE_STOP,2025-08-06 13:30:00.503782705+00:00,23172.75,-69.0,49.0,0.0,0.5,0.001463896,,
2180,2025-08-06 09:30,NY,VALIDATED_SOURCE,NQU5,-118.0,CTRL_500MS_CAP_1P0,CONTROLLER_MARKET,ONE_POINT_FROM_FILL,4,RESOLVED,SELL,2025-08-06 13:30:00.001585691+00:00,23168.5,2025-08-06 13:30:00.503782705+00:00,23170.75,23153.0,23171.75,True,LIVE_STOP,2025-08-06 13:30:00.503782705+00:00,23173.25,-109.0,9.0,0.0,0.5,0.001463896,,
2180,2025-08-06 09:30,NY,VALIDATED_SOURCE,NQU5,-118.0,CTRL_1S_CAP_2P0,CONTROLLER_MARKET,ORIGINAL_SURVIVOR_STOP,0,SKIP_CHASE_CAP,SELL,2025-08-06 13:30:00.001585691+00:00,23168.5,,23166.25,,,False,,,,0.0,118.0,2.25,0.5,,270.0,
2180,2025-08-06 09:30,NY,VALIDATED_SOURCE,NQU5,-118.0,CTRL_1S_CAP_2P0,CONTROLLER_MARKET,ORIGINAL_SURVIVOR_STOP,1,SKIP_CHASE_CAP,SELL,2025-08-06 13:30:00.001585691+00:00,23168.5,,23166.0,,,False,,,,0.0,118.0,2.5,0.5,,270.0,
2180,2025-08-06 09:30,NY,VALIDATED_SOURCE,NQU5,-118.0,CTRL_1S_CAP_2P0,CONTROLLER_MARKET,ORIGINAL_SURVIVOR_STOP,2,SKIP_CHASE_CAP,SELL,2025-08-06 13:30:00.001585691+00:00,23168.5,,23165.75,,,False,,,,0.0,118.0,2.75,0.5,,270.0,
2180,2025-08-06 09:30,NY,VALIDATED_SOURCE,NQU5,-118.0,CTRL_1S_CAP_2P0,CONTROLLER_MARKET,ORIGINAL_SURVIVOR_STOP,4,SKIP_CHASE_CAP,SELL,2025-08-06 13:30:00.001585691+00:00,23168.5,,23165.25,,,False,,,,0.0,118.0,3.25,0.5,,270.0,
2180,2025-08-06 09:30,NY,VALIDATED_SOURCE,NQU5,-118.0,CTRL_1S_CAP_2P0,CONTROLLER_MARKET,ONE_POINT_FROM_FILL,0,SKIP_CHASE_CAP,SELL,2025-08-06 13:30:00.001585691+00:00,23168.5,,23166.25,,,False,,,,0.0,118.0,2.25,0.5,,270.0,
2180,2025-08-06 09:30,NY,VALIDATED_SOURCE,NQU5,-118.0,CTRL_1S_CAP_2P0,CONTROLLER_MARKET,ONE_POINT_FROM_FILL,1,SKIP_CHASE_CAP,SELL,2025-08-06 13:30:00.001585691+00:00,23168.5,,23166.0,,,False,,,,0.0,118.0,2.5,0.5,,270.0,
2180,2025-08-06 09:30,NY,VALIDATED_SOURCE,NQU5,-118.0,CTRL_1S_CAP_2P0,CONTROLLER_MARKET,ONE_POINT_FROM_FILL,2,SKIP_CHASE_CAP,SELL,2025-08-06 13:30:00.001585691+00:00,23168.5,,23165.75,,,False,,,,0.0,118.0,2.75,0.5,,270.0,
2180,2025-08-06 09:30,NY,VALIDATED_SOURCE,NQU5,-118.0,CTRL_1S_CAP_2P0,CONTROLLER_MARKET,ONE_POINT_FROM_FILL,4,SKIP_CHASE_CAP,SELL,2025-08-06 13:30:00.001585691+00:00,23168.5,,23165.25,,,False,,,,0.0,118.0,3.25,0.5,,270.0,
2181,2025-08-07 09:30,NY,VALIDATED_SOURCE,NQU5,572.0,OCO_LIMIT_0P5_TTL_1S,OCO_STOP_LIMIT,ORIGINAL_SURVIVOR_STOP,0,RESOLVED,BUY,2025-08-07 13:30:00.015403787+00:00,23601.75,2025-08-07 13:30:00.015403787+00:00,23601.75,23617.25,23600.25,True,LIVE_STOP,2025-08-07 13:30:00.117150477+00:00,23600.25,-69.0,-641.0,0.0,0.5,0.002764176,,
2181,2025-08-07 09:30,NY,VALIDATED_SOURCE,NQU5,572.0,OCO_LIMIT_0P5_TTL_1S,OCO_STOP_LIMIT,ORIGINAL_SURVIVOR_STOP,1,RESOLVED,BUY,2025-08-07 13:30:00.015403787+00:00,23601.75,2025-08-07 13:30:00.015403787+00:00,23602.0,23617.25,23600.25,True,LIVE_STOP,2025-08-07 13:30:00.117150477+00:00,23600.0,-89.0,-661.0,0.25,0.5,0.002764176,,
2181,2025-08-07 09:30,NY,VALIDATED_SOURCE,NQU5,572.0,OCO_LIMIT_0P5_TTL_1S,OCO_STOP_LIMIT,ORIGINAL_SURVIVOR_STOP,2,RESOLVED,BUY,2025-08-07 13:30:00.015403787+00:00,23601.75,2025-08-07 13:30:00.015403787+00:00,23602.25,23617.25,23600.25,True,LIVE_STOP,2025-08-07 13:30:00.117150477+00:00,23599.75,-109.0,-681.0,0.5,0.5,0.002764176,,
2181,2025-08-07 09:30,NY,VALIDATED_SOURCE,NQU5,572.0,OCO_LIMIT_0P5_TTL_1S,OCO_STOP_LIMIT,ORIGINAL_SURVIVOR_STOP,4,RESOLVED,BUY,2025-08-07 13:30:00.015403787+00:00,23601.75,2025-08-07 13:30:00.015403787+00:00,23602.25,23617.25,23600.25,True,LIVE_STOP,2025-08-07 13:30:00.117150477+00:00,23599.25,-129.0,-701.0,0.5,0.5,0.002764176,,
2181,2025-08-07 09:30,NY,VALIDATED_SOURCE,NQU5,572.0,OCO_LIMIT_0P5_TTL_1S,OCO_STOP_LIMIT,ONE_POINT_FROM_FILL,0,RESOLVED,BUY,2025-08-07 13:30:00.015403787+00:00,23601.75,2025-08-07 13:30:00.015403787+00:00,23601.75,23617.25,23600.75,True,LIVE_STOP,2025-08-07 13:30:00.067854773+00:00,23600.75,-49.0,-621.0,0.0,0.5,0.002764176,,
2181,2025-08-07 09:30,NY,VALIDATED_SOURCE,NQU5,572.0,OCO_LIMIT_0P5_TTL_1S,OCO_STOP_LIMIT,ONE_POINT_FROM_FILL,1,RESOLVED,BUY,2025-08-07 13:30:00.015403787+00:00,23601.75,2025-08-07 13:30:00.015403787+00:00,23602.0,23617.25,23601.0,True,LIVE_STOP,2025-08-07 13:30:00.016929851+00:00,23600.75,-59.0,-631.0,0.25,0.5,0.002764176,,
2181,2025-08-07 09:30,NY,VALIDATED_SOURCE,NQU5,572.0,OCO_LIMIT_0P5_TTL_1S,OCO_STOP_LIMIT,ONE_POINT_FROM_FILL,2,RESOLVED,BUY,2025-08-07 13:30:00.015403787+00:00,23601.75,2025-08-07 13:30:00.015403787+00:00,23602.25,23617.25,23601.25,True,LIVE_STOP,2025-08-07 13:30:00.015403787+00:00,23600.75,-69.0,-641.0,0.5,0.5,0.002764176,,
2181,2025-08-07 09:30,NY,VALIDATED_SOURCE,NQU5,572.0,OCO_LIMIT_0P5_TTL_1S,OCO_STOP_LIMIT,ONE_POINT_FROM_FILL,4,RESOLVED,BUY,2025-08-07 13:30:00.015403787+00:00,23601.75,2025-08-07 13:30:00.015403787+00:00,23602.25,23617.25,23601.25,True,LIVE_STOP,2025-08-07 13:30:00.015403787+00:00,23600.25,-89.0,-661.0,0.5,0.5,0.002764176,,
2181,2025-08-07 09:30,NY,VALIDATED_SOURCE,NQU5,572.0,OCO_LIMIT_1P0_TTL_1S,OCO_STOP_LIMIT,ORIGINAL_SURVIVOR_STOP,0,RESOLVED,BUY,2025-08-07 13:30:00.015403787+00:00,23601.75,2025-08-07 13:30:00.015403787+00:00,23601.75,23617.25,23600.25,True,LIVE_STOP,2025-08-07 13:30:00.117150477+00:00,23600.25,-69.0,-641.0,0.0,0.5,0.002764176,,
2181,2025-08-07 09:30,NY,VALIDATED_SOURCE,NQU5,572.0,OCO_LIMIT_1P0_TTL_1S,OCO_STOP_LIMIT,ORIGINAL_SURVIVOR_STOP,1,RESOLVED,BUY,2025-08-07 13:30:00.015403787+00:00,23601.75,2025-08-07 13:30:00.015403787+00:00,23602.0,23617.25,23600.25,True,LIVE_STOP,2025-08-07 13:30:00.117150477+00:00,23600.0,-89.0,-661.0,0.25,0.5,0.002764176,,
2181,2025-08-07 09:30,NY,VALIDATED_SOURCE,NQU5,572.0,OCO_LIMIT_1P0_TTL_1S,OCO_STOP_LIMIT,ORIGINAL_SURVIVOR_STOP,2,RESOLVED,BUY,2025-08-07 13:30:00.015403787+00:00,23601.75,2025-08-07 13:30:00.015403787+00:00,23602.25,23617.25,23600.25,True,LIVE_STOP,2025-08-07 13:30:00.117150477+00:00,23599.75,-109.0,-681.0,0.5,0.5,0.002764176,,
2181,2025-08-07 09:30,NY,VALIDATED_SOURCE,NQU5,572.0,OCO_LIMIT_1P0_TTL_1S,OCO_STOP_LIMIT,ORIGINAL_SURVIVOR_STOP,4,RESOLVED,BUY,2025-08-07 13:30:00.015403787+00:00,23601.75,2025-08-07 13:30:00.015403787+00:00,23602.75,23617.25,23600.25,True,LIVE_STOP,2025-08-07 13:30:00.117150477+00:00,23599.25,-149.0,-721.0,1.0,0.5,0.002764176,,
2181,2025-08-07 09:30,NY,VALIDATED_SOURCE,NQU5,572.0,OCO_LIMIT_1P0_TTL_1S,OCO_STOP_LIMIT,ONE_POINT_FROM_FILL,0,RESOLVED,BUY,2025-08-07 13:30:00.015403787+00:00,23601.75,2025-08-07 13:30:00.015403787+00:00,23601.75,23617.25,23600.75,True,LIVE_STOP,2025-08-07 13:30:00.067854773+00:00,23600.75,-49.0,-621.0,0.0,0.5,0.002764176,,
2181,2025-08-07 09:30,NY,VALIDATED_SOURCE,NQU5,572.0,OCO_LIMIT_1P0_TTL_1S,OCO_STOP_LIMIT,ONE_POINT_FROM_FILL,1,RESOLVED,BUY,2025-08-07 13:30:00.015403787+00:00,23601.75,2025-08-07 13:30:00.015403787+00:00,23602.0,23617.25,23601.0,True,LIVE_STOP,2025-08-07 13:30:00.016929851+00:00,23600.75,-59.0,-631.0,0.25,0.5,0.002764176,,
2181,2025-08-07 09:30,NY,VALIDATED_SOURCE,NQU5,572.0,OCO_LIMIT_1P0_TTL_1S,OCO_STOP_LIMIT,ONE_POINT_FROM_FILL,2,RESOLVED,BUY,2025-08-07 13:30:00.015403787+00:00,23601.75,2025-08-07 13:30:00.015403787+00:00,23602.25,23617.25,23601.25,True,LIVE_STOP,2025-08-07 13:30:00.015403787+00:00,23600.75,-69.0,-641.0,0.5,0.5,0.002764176,,
2181,2025-08-07 09:30,NY,VALIDATED_SOURCE,NQU5,572.0,OCO_LIMIT_1P0_TTL_1S,OCO_STOP_LIMIT,ONE_POINT_FROM_FILL,4,RESOLVED,BUY,2025-08-07 13:30:00.015403787+00:00,23601.75,2025-08-07 13:30:00.015403787+00:00,23602.75,23617.25,23601.75,True,LIVE_STOP,2025-08-07 13:30:00.015403787+00:00,23600.25,-109.0,-681.0,1.0,0.5,0.002764176,,
2181,2025-08-07 09:30,NY,VALIDATED_SOURCE,NQU5,572.0,OCO_LIMIT_2P0_TTL_1S,OCO_STOP_LIMIT,ORIGINAL_SURVIVOR_STOP,0,RESOLVED,BUY,2025-08-07 13:30:00.015403787+00:00,23601.75,2025-08-07 13:30:00.015403787+00:00,23601.75,23617.25,23600.25,True,LIVE_STOP,2025-08-07 13:30:00.117150477+00:00,23600.25,-69.0,-641.0,0.0,0.5,0.002764176,,
2181,2025-08-07 09:30,NY,VALIDATED_SOURCE,NQU5,572.0,OCO_LIMIT_2P0_TTL_1S,OCO_STOP_LIMIT,ORIGINAL_SURVIVOR_STOP,1,RESOLVED,BUY,2025-08-07 13:30:00.015403787+00:00,23601.75,2025-08-07 13:30:00.015403787+00:00,23602.0,23617.25,23600.25,True,LIVE_STOP,2025-08-07 13:30:00.117150477+00:00,23600.0,-89.0,-661.0,0.25,0.5,0.002764176,,
2181,2025-08-07 09:30,NY,VALIDATED_SOURCE,NQU5,572.0,OCO_LIMIT_2P0_TTL_1S,OCO_STOP_LIMIT,ORIGINAL_SURVIVOR_STOP,2,RESOLVED,BUY,2025-08-07 13:30:00.015403787+00:00,23601.75,2025-08-07 13:30:00.015403787+00:00,23602.25,23617.25,23600.25,True,LIVE_STOP,2025-08-07 13:30:00.117150477+00:00,23599.75,-109.0,-681.0,0.5,0.5,0.002764176,,
2181,2025-08-07 09:30,NY,VALIDATED_SOURCE,NQU5,572.0,OCO_LIMIT_2P0_TTL_1S,OCO_STOP_LIMIT,ORIGINAL_SURVIVOR_STOP,4,RESOLVED,BUY,2025-08-07 13:30:00.015403787+00:00,23601.75,2025-08-07 13:30:00.015403787+00:00,23602.75,23617.25,23600.25,True,LIVE_STOP,2025-08-07 13:30:00.117150477+00:00,23599.25,-149.0,-721.0,1.0,0.5,0.002764176,,
2181,2025-08-07 09:30,NY,VALIDATED_SOURCE,NQU5,572.0,OCO_LIMIT_2P0_TTL_1S,OCO_STOP_LIMIT,ONE_POINT_FROM_FILL,0,RESOLVED,BUY,2025-08-07 13:30:00.015403787+00:00,23601.75,2025-08-07 13:30:00.015403787+00:00,23601.75,23617.25,23600.75,True,LIVE_STOP,2025-08-07 13:30:00.067854773+00:00,23600.75,-49.0,-621.0,0.0,0.5,0.002764176,,
2181,2025-08-07 09:30,NY,VALIDATED_SOURCE,NQU5,572.0,OCO_LIMIT_2P0_TTL_1S,OCO_STOP_LIMIT,ONE_POINT_FROM_FILL,1,RESOLVED,BUY,2025-08-07 13:30:00.015403787+00:00,23601.75,2025-08-07 13:30:00.015403787+00:00,23602.0,23617.25,23601.0,True,LIVE_STOP,2025-08-07 13:30:00.016929851+00:00,23600.75,-59.0,-631.0,0.25,0.5,0.002764176,,
2181,2025-08-07 09:30,NY,VALIDATED_SOURCE,NQU5,572.0,OCO_LIMIT_2P0_TTL_1S,OCO_STOP_LIMIT,ONE_POINT_FROM_FILL,2,RESOLVED,BUY,2025-08-07 13:30:00.015403787+00:00,23601.75,2025-08-07 13:30:00.015403787+00:00,23602.25,23617.25,23601.25,True,LIVE_STOP,2025-08-07 13:30:00.015403787+00:00,23600.75,-69.0,-641.0,0.5,0.5,0.002764176,,
2181,2025-08-07 09:30,NY,VALIDATED_SOURCE,NQU5,572.0,OCO_LIMIT_2P0_TTL_1S,OCO_STOP_LIMIT,ONE_POINT_FROM_FILL,4,RESOLVED,BUY,2025-08-07 13:30:00.015403787+00:00,23601.75,2025-08-07 13:30:00.015403787+00:00,23602.75,23617.25,23601.75,True,LIVE_STOP,2025-08-07 13:30:00.015403787+00:00,23600.25,-109.0,-681.0,1.0,0.5,0.002764176,,
2181,2025-08-07 09:30,NY,VALIDATED_SOURCE,NQU5,572.0,CTRL_100MS_CAP_0P5,CONTROLLER_MARKET,ORIGINAL_SURVIVOR_STOP,0,RESOLVED,BUY,2025-08-07 13:30:00.015403787+00:00,23601.75,2025-08-07 13:30:00.117150477+00:00,23600.75,23617.25,23600.25,True,LIVE_STOP,2025-08-07 13:30:00.117150477+00:00,23600.25,-29.0,-601.0,0.0,0.5,0.002764176,,
2181,2025-08-07 09:30,NY,VALIDATED_SOURCE,NQU5,572.0,CTRL_100MS_CAP_0P5,CONTROLLER_MARKET,ORIGINAL_SURVIVOR_STOP,1,RESOLVED,BUY,2025-08-07 13:30:00.015403787+00:00,23601.75,2025-08-07 13:30:00.117150477+00:00,23601.0,23617.25,23600.25,True,LIVE_STOP,2025-08-07 13:30:00.117150477+00:00,23600.0,-49.0,-621.0,0.0,0.5,0.002764176,,
2181,2025-08-07 09:30,NY,VALIDATED_SOURCE,NQU5,572.0,CTRL_100MS_CAP_0P5,CONTROLLER_MARKET,ORIGINAL_SURVIVOR_STOP,2,RESOLVED,BUY,2025-08-07 13:30:00.015403787+00:00,23601.75,2025-08-07 13:30:00.117150477+00:00,23601.25,23617.25,23600.25,True,LIVE_STOP,2025-08-07 13:30:00.117150477+00:00,23599.75,-69.0,-641.0,0.0,0.5,0.002764176,,
2181,2025-08-07 09:30,NY,VALIDATED_SOURCE,NQU5,572.0,CTRL_100MS_CAP_0P5,CONTROLLER_MARKET,ORIGINAL_SURVIVOR_STOP,4,RESOLVED,BUY,2025-08-07 13:30:00.015403787+00:00,23601.75,2025-08-07 13:30:00.117150477+00:00,23601.75,23617.25,23600.25,True,LIVE_STOP,2025-08-07 13:30:00.117150477+00:00,23599.25,-109.0,-681.0,0.0,0.5,0.002764176,,
2181,2025-08-07 09:30,NY,VALIDATED_SOURCE,NQU5,572.0,CTRL_100MS_CAP_0P5,CONTROLLER_MARKET,ONE_POINT_FROM_FILL,0,RESOLVED,BUY,2025-08-07 13:30:00.015403787+00:00,23601.75,2025-08-07 13:30:00.117150477+00:00,23600.75,23617.25,23599.75,True,LIVE_STOP,2025-08-07 13:30:00.287609771+00:00,23599.75,-49.0,-621.0,0.0,0.5,0.002764176,,
2181,2025-08-07 09:30,NY,VALIDATED_SOURCE,NQU5,572.0,CTRL_100MS_CAP_0P5,CONTROLLER_MARKET,ONE_POINT_FROM_FILL,1,RESOLVED,BUY,2025-08-07 13:30:00.015403787+00:00,23601.75,2025-08-07 13:30:00.117150477+00:00,23601.0,23617.25,23600.0,True,LIVE_STOP,2025-08-07 13:30:00.280480139+00:00,23599.75,-59.0,-631.0,0.0,0.5,0.002764176,,
2181,2025-08-07 09:30,NY,VALIDATED_SOURCE,NQU5,572.0,CTRL_100MS_CAP_0P5,CONTROLLER_MARKET,ONE_POINT_FROM_FILL,2,RESOLVED,BUY,2025-08-07 13:30:00.015403787+00:00,23601.75,2025-08-07 13:30:00.117150477+00:00,23601.25,23617.25,23600.25,True,LIVE_STOP,2025-08-07 13:30:00.117150477+00:00,23599.75,-69.0,-641.0,0.0,0.5,0.002764176,,
2181,2025-08-07 09:30,NY,VALIDATED_SOURCE,NQU5,572.0,CTRL_100MS_CAP_0P5,CONTROLLER_MARKET,ONE_POINT_FROM_FILL,4,RESOLVED,BUY,2025-08-07 13:30:00.015403787+00:00,23601.75,2025-08-07 13:30:00.117150477+00:00,23601.75,23617.25,23600.75,True,LIVE_STOP,2025-08-07 13:30:00.117150477+00:00,23599.25,-109.0,-681.0,0.0,0.5,0.002764176,,
2181,2025-08-07 09:30,NY,VALIDATED_SOURCE,NQU5,572.0,CTRL_250MS_CAP_1P0,CONTROLLER_MARKET,ORIGINAL_SURVIVOR_STOP,0,RESOLVED,BUY,2025-08-07 13:30:00.015403787+00:00,23601.75,2025-08-07 13:30:00.280480139+00:00,23600.5,23617.25,23600.25,True,LIVE_STOP,2025-08-07 13:30:00.280480139+00:00,23600.0,-29.0,-601.0,0.0,0.5,0.002764176,,
2181,2025-08-07 09:30,NY,VALIDATED_SOURCE,NQU5,572.0,CTRL_250MS_CAP_1P0,CONTROLLER_MARKET,ORIGINAL_SURVIVOR_STOP,1,RESOLVED,BUY,2025-08-07 13:30:00.015403787+00:00,23601.75,2025-08-07 13:30:00.280480139+00:00,23600.75,23617.25,23600.25,True,LIVE_STOP,2025-08-07 13:30:00.280480139+00:00,23599.75,-49.0,-621.0,0.0,0.5,0.002764176,,
2181,2025-08-07 09:30,NY,VALIDATED_SOURCE,NQU5,572.0,CTRL_250MS_CAP_1P0,CONTROLLER_MARKET,ORIGINAL_SURVIVOR_STOP,2,RESOLVED,BUY,2025-08-07 13:30:00.015403787+00:00,23601.75,2025-08-07 13:30:00.280480139+00:00,23601.0,23617.25,23600.25,True,LIVE_STOP,2025-08-07 13:30:00.280480139+00:00,23599.5,-69.0,-641.0,0.0,0.5,0.002764176,,
2181,2025-08-07 09:30,NY,VALIDATED_SOURCE,NQU5,572.0,CTRL_250MS_CAP_1P0,CONTROLLER_MARKET,ORIGINAL_SURVIVOR_STOP,4,RESOLVED,BUY,2025-08-07 13:30:00.015403787+00:00,23601.75,2025-08-07 13:30:00.280480139+00:00,23601.5,23617.25,23600.25,True,LIVE_STOP,2025-08-07 13:30:00.280480139+00:00,23599.0,-109.0,-681.0,0.0,0.5,0.002764176,,
2181,2025-08-07 09:30,NY,VALIDATED_SOURCE,NQU5,572.0,CTRL_250MS_CAP_1P0,CONTROLLER_MARKET,ONE_POINT_FROM_FILL,0,RESOLVED,BUY,2025-08-07 13:30:00.015403787+00:00,23601.75,2025-08-07 13:30:00.280480139+00:00,23600.5,23617.25,23599.5,True,LIVE_STOP,2025-08-07 13:30:00.297983603+00:00,23599.5,-49.0,-621.0,0.0,0.5,0.002764176,,
2181,2025-08-07 09:30,NY,VALIDATED_SOURCE,NQU5,572.0,CTRL_250MS_CAP_1P0,CONTROLLER_MARKET,ONE_POINT_FROM_FILL,1,RESOLVED,BUY,2025-08-07 13:30:00.015403787+00:00,23601.75,2025-08-07 13:30:00.280480139+00:00,23600.75,23617.25,23599.75,True,LIVE_STOP,2025-08-07 13:30:00.287609771+00:00,23599.5,-59.0,-631.0,0.0,0.5,0.002764176,,
2181,2025-08-07 09:30,NY,VALIDATED_SOURCE,NQU5,572.0,CTRL_250MS_CAP_1P0,CONTROLLER_MARKET,ONE_POINT_FROM_FILL,2,RESOLVED,BUY,2025-08-07 13:30:00.015403787+00:00,23601.75,2025-08-07 13:30:00.280480139+00:00,23601.0,23617.25,23600.0,True,LIVE_STOP,2025-08-07 13:30:00.280480139+00:00,23599.5,-69.0,-641.0,0.0,0.5,0.002764176,,
2181,2025-08-07 09:30,NY,VALIDATED_SOURCE,NQU5,572.0,CTRL_250MS_CAP_1P0,CONTROLLER_MARKET,ONE_POINT_FROM_FILL,4,RESOLVED,BUY,2025-08-07 13:30:00.015403787+00:00,23601.75,2025-08-07 13:30:00.280480139+00:00,23601.5,23617.25,23600.5,True,LIVE_STOP,2025-08-07 13:30:00.280480139+00:00,23599.0,-109.0,-681.0,0.0,0.5,0.002764176,,
2181,2025-08-07 09:30,NY,VALIDATED_SOURCE,NQU5,572.0,CTRL_500MS_CAP_1P0,CONTROLLER_MARKET,ORIGINAL_SURVIVOR_STOP,0,RESOLVED,BUY,2025-08-07 13:30:00.015403787+00:00,23601.75,2025-08-07 13:30:00.516169551+00:00,23599.25,23617.25,23600.25,True,LIVE_STOP,2025-08-07 13:30:00.516169551+00:00,23599.0,-19.0,-591.0,0.0,0.25,0.002764176,,
2181,2025-08-07 09:30,NY,VALIDATED_SOURCE,NQU5,572.0,CTRL_500MS_CAP_1P0,CONTROLLER_MARKET,ORIGINAL_SURVIVOR_STOP,1,RESOLVED,BUY,2025-08-07 13:30:00.015403787+00:00,23601.75,2025-08-07 13:30:00.516169551+00:00,23599.5,23617.25,23600.25,True,LIVE_STOP,2025-08-07 13:30:00.516169551+00:00,23598.75,-39.0,-611.0,0.0,0.25,0.002764176,,
2181,2025-08-07 09:30,NY,VALIDATED_SOURCE,NQU5,572.0,CTRL_500MS_CAP_1P0,CONTROLLER_MARKET,ORIGINAL_SURVIVOR_STOP,2,RESOLVED,BUY,2025-08-07 13:30:00.015403787+00:00,23601.75,2025-08-07 13:30:00.516169551+00:00,23599.75,23617.25,23600.25,True,LIVE_STOP,2025-08-07 13:30:00.516169551+00:00,23598.5,-59.0,-631.0,0.0,0.25,0.002764176,,
2181,2025-08-07 09:30,NY,VALIDATED_SOURCE,NQU5,572.0,CTRL_500MS_CAP_1P0,CONTROLLER_MARKET,ORIGINAL_SURVIVOR_STOP,4,RESOLVED,BUY,2025-08-07 13:30:00.015403787+00:00,23601.75,2025-08-07 13:30:00.516169551+00:00,23600.25,23617.25,23600.25,True,LIVE_STOP,2025-08-07 13:30:00.516169551+00:00,23598.0,-99.0,-671.0,0.0,0.25,0.002764176,,
2181,2025-08-07 09:30,NY,VALIDATED_SOURCE,NQU5,572.0,CTRL_500MS_CAP_1P0,CONTROLLER_MARKET,ONE_POINT_FROM_FILL,0,RESOLVED,BUY,2025-08-07 13:30:00.015403787+00:00,23601.75,2025-08-07 13:30:00.516169551+00:00,23599.25,23617.25,23598.25,True,LIVE_STOP,2025-08-07 13:30:00.517365427+00:00,23598.25,-49.0,-621.0,0.0,0.25,0.002764176,,
2181,2025-08-07 09:30,NY,VALIDATED_SOURCE,NQU5,572.0,CTRL_500MS_CAP_1P0,CONTROLLER_MARKET,ONE_POINT_FROM_FILL,1,RESOLVED,BUY,2025-08-07 13:30:00.015403787+00:00,23601.75,2025-08-07 13:30:00.516169551+00:00,23599.5,23617.25,23598.5,True,LIVE_STOP,2025-08-07 13:30:00.517365427+00:00,23598.0,-69.0,-641.0,0.0,0.25,0.002764176,,
2181,2025-08-07 09:30,NY,VALIDATED_SOURCE,NQU5,572.0,CTRL_500MS_CAP_1P0,CONTROLLER_MARKET,ONE_POINT_FROM_FILL,2,RESOLVED,BUY,2025-08-07 13:30:00.015403787+00:00,23601.75,2025-08-07 13:30:00.516169551+00:00,23599.75,23617.25,23598.75,True,LIVE_STOP,2025-08-07 13:30:00.516507763+00:00,23598.25,-69.0,-641.0,0.0,0.25,0.002764176,,
2181,2025-08-07 09:30,NY,VALIDATED_SOURCE,NQU5,572.0,CTRL_500MS_CAP_1P0,CONTROLLER_MARKET,ONE_POINT_FROM_FILL,4,RESOLVED,BUY,2025-08-07 13:30:00.015403787+00:00,23601.75,2025-08-07 13:30:00.516169551+00:00,23600.25,23617.25,23599.25,True,LIVE_STOP,2025-08-07 13:30:00.516169551+00:00,23598.0,-99.0,-671.0,0.0,0.25,0.002764176,,
2181,2025-08-07 09:30,NY,VALIDATED_SOURCE,NQU5,572.0,CTRL_1S_CAP_2P0,CONTROLLER_MARKET,ORIGINAL_SURVIVOR_STOP,0,RESOLVED,BUY,2025-08-07 13:30:00.015403787+00:00,23601.75,2025-08-07 13:30:01.017421109+00:00,23600.0,23617.25,23600.25,True,LIVE_STOP,2025-08-07 13:30:01.017421109+00:00,23599.5,-29.0,-601.0,0.0,0.5,0.002764176,,
2181,2025-08-07 09:30,NY,VALIDATED_SOURCE,NQU5,572.0,CTRL_1S_CAP_2P0,CONTROLLER_MARKET,ORIGINAL_SURVIVOR_STOP,1,RESOLVED,BUY,2025-08-07 13:30:00.015403787+00:00,23601.75,2025-08-07 13:30:01.017421109+00:00,23600.25,23617.25,23600.25,True,LIVE_STOP,2025-08-07 13:30:01.017421109+00:00,23599.25,-49.0,-621.0,0.0,0.5,0.002764176,,
2181,2025-08-07 09:30,NY,VALIDATED_SOURCE,NQU5,572.0,CTRL_1S_CAP_2P0,CONTROLLER_MARKET,ORIGINAL_SURVIVOR_STOP,2,RESOLVED,BUY,2025-08-07 13:30:00.015403787+00:00,23601.75,2025-08-07 13:30:01.017421109+00:00,23600.5,23617.25,23600.25,True,LIVE_STOP,2025-08-07 13:30:01.017421109+00:00,23599.0,-69.0,-641.0,0.0,0.5,0.002764176,,
2181,2025-08-07 09:30,NY,VALIDATED_SOURCE,NQU5,572.0,CTRL_1S_CAP_2P0,CONTROLLER_MARKET,ORIGINAL_SURVIVOR_STOP,4,RESOLVED,BUY,2025-08-07 13:30:00.015403787+00:00,23601.75,2025-08-07 13:30:01.017421109+00:00,23601.0,23617.25,23600.25,True,LIVE_STOP,2025-08-07 13:30:01.017421109+00:00,23598.5,-109.0,-681.0,0.0,0.5,0.002764176,,
2181,2025-08-07 09:30,NY,VALIDATED_SOURCE,NQU5,572.0,CTRL_1S_CAP_2P0,CONTROLLER_MARKET,ONE_POINT_FROM_FILL,0,RESOLVED,BUY,2025-08-07 13:30:00.015403787+00:00,23601.75,2025-08-07 13:30:01.017421109+00:00,23600.0,23617.25,23599.0,True,LIVE_STOP,2025-08-07 13:30:01.050744693+00:00,23599.0,-49.0,-621.0,0.0,0.5,0.002764176,,
2181,2025-08-07 09:30,NY,VALIDATED_SOURCE,NQU5,572.0,CTRL_1S_CAP_2P0,CONTROLLER_MARKET,ONE_POINT_FROM_FILL,1,RESOLVED,BUY,2025-08-07 13:30:00.015403787+00:00,23601.75,2025-08-07 13:30:01.017421109+00:00,23600.25,23617.25,23599.25,True,LIVE_STOP,2025-08-07 13:30:01.025107771+00:00,23599.0,-59.0,-631.0,0.0,0.5,0.002764176,,
2181,2025-08-07 09:30,NY,VALIDATED_SOURCE,NQU5,572.0,CTRL_1S_CAP_2P0,CONTROLLER_MARKET,ONE_POINT_FROM_FILL,2,RESOLVED,BUY,2025-08-07 13:30:00.015403787+00:00,23601.75,2025-08-07 13:30:01.017421109+00:00,23600.5,23617.25,23599.5,True,LIVE_STOP,2025-08-07 13:30:01.017421109+00:00,23599.0,-69.0,-641.0,0.0,0.5,0.002764176,,
2181,2025-08-07 09:30,NY,VALIDATED_SOURCE,NQU5,572.0,CTRL_1S_CAP_2P0,CONTROLLER_MARKET,ONE_POINT_FROM_FILL,4,RESOLVED,BUY,2025-08-07 13:30:00.015403787+00:00,23601.75,2025-08-07 13:30:01.017421109+00:00,23601.0,23617.25,23600.0,True,LIVE_STOP,2025-08-07 13:30:01.017421109+00:00,23598.5,-109.0,-681.0,0.0,0.5,0.002764176,,
2182,2025-08-07 18:00,WEEKDAY_WEAK,VALIDATED_SOURCE,NQU5,-59.0,OCO_LIMIT_0P5_TTL_1S,OCO_STOP_LIMIT,ORIGINAL_SURVIVOR_STOP,0,RESOLVED,BUY,2025-08-07 22:00:00.027019439+00:00,23519.0,2025-08-07 22:00:00.041814941+00:00,23519.0,23528.5,23517.5,True,LIVE_STOP,2025-08-07 22:00:00.041814941+00:00,23517.0,-44.5,14.5,0.0,2.0,0.014668788,,
2182,2025-08-07 18:00,WEEKDAY_WEAK,VALIDATED_SOURCE,NQU5,-59.0,OCO_LIMIT_0P5_TTL_1S,OCO_STOP_LIMIT,ORIGINAL_SURVIVOR_STOP,1,RESOLVED,BUY,2025-08-07 22:00:00.027019439+00:00,23519.0,2025-08-07 22:00:00.041814941+00:00,23519.25,23528.5,23517.5,True,LIVE_STOP,2025-08-07 22:00:00.041814941+00:00,23516.75,-54.5,4.5,0.25,2.0,0.014668788,,
2182,2025-08-07 18:00,WEEKDAY_WEAK,VALIDATED_SOURCE,NQU5,-59.0,OCO_LIMIT_0P5_TTL_1S,OCO_STOP_LIMIT,ORIGINAL_SURVIVOR_STOP,2,RESOLVED,BUY,2025-08-07 22:00:00.027019439+00:00,23519.0,2025-08-07 22:00:00.041814941+00:00,23519.5,23528.5,23517.5,True,LIVE_STOP,2025-08-07 22:00:00.041814941+00:00,23516.5,-64.5,-5.5,0.5,2.0,0.014668788,,
2182,2025-08-07 18:00,WEEKDAY_WEAK,VALIDATED_SOURCE,NQU5,-59.0,OCO_LIMIT_0P5_TTL_1S,OCO_STOP_LIMIT,ORIGINAL_SURVIVOR_STOP,4,RESOLVED,BUY,2025-08-07 22:00:00.027019439+00:00,23519.0,2025-08-07 22:00:00.041814941+00:00,23519.5,23528.5,23517.5,True,LIVE_STOP,2025-08-07 22:00:00.041814941+00:00,23516.0,-74.5,-15.5,0.5,2.0,0.014668788,,
2182,2025-08-07 18:00,WEEKDAY_WEAK,VALIDATED_SOURCE,NQU5,-59.0,OCO_LIMIT_0P5_TTL_1S,OCO_STOP_LIMIT,ONE_POINT_FROM_FILL,0,RESOLVED,BUY,2025-08-07 22:00:00.027019439+00:00,23519.0,2025-08-07 22:00:00.041814941+00:00,23519.0,23528.5,23518.0,True,LIVE_STOP,2025-08-07 22:00:00.041814941+00:00,23517.0,-44.5,14.5,0.0,2.0,0.014668788,,
2182,2025-08-07 18:00,WEEKDAY_WEAK,VALIDATED_SOURCE,NQU5,-59.0,OCO_LIMIT_0P5_TTL_1S,OCO_STOP_LIMIT,ONE_POINT_FROM_FILL,1,RESOLVED,BUY,2025-08-07 22:00:00.027019439+00:00,23519.0,2025-08-07 22:00:00.041814941+00:00,23519.25,23528.5,23518.25,True,LIVE_STOP,2025-08-07 22:00:00.041814941+00:00,23516.75,-54.5,4.5,0.25,2.0,0.014668788,,
2182,2025-08-07 18:00,WEEKDAY_WEAK,VALIDATED_SOURCE,NQU5,-59.0,OCO_LIMIT_0P5_TTL_1S,OCO_STOP_LIMIT,ONE_POINT_FROM_FILL,2,RESOLVED,BUY,2025-08-07 22:00:00.027019439+00:00,23519.0,2025-08-07 22:00:00.041814941+00:00,23519.5,23528.5,23518.5,True,LIVE_STOP,2025-08-07 22:00:00.041814941+00:00,23516.5,-64.5,-5.5,0.5,2.0,0.014668788,,
2182,2025-08-07 18:00,WEEKDAY_WEAK,VALIDATED_SOURCE,NQU5,-59.0,OCO_LIMIT_0P5_TTL_1S,OCO_STOP_LIMIT,ONE_POINT_FROM_FILL,4,RESOLVED,BUY,2025-08-07 22:00:00.027019439+00:00,23519.0,2025-08-07 22:00:00.041814941+00:00,23519.5,23528.5,23518.5,True,LIVE_STOP,2025-08-07 22:00:00.041814941+00:00,23516.0,-74.5,-15.5,0.5,2.0,0.014668788,,
2182,2025-08-07 18:00,WEEKDAY_WEAK,VALIDATED_SOURCE,NQU5,-59.0,OCO_LIMIT_1P0_TTL_1S,OCO_STOP_LIMIT,ORIGINAL_SURVIVOR_STOP,0,RESOLVED,BUY,2025-08-07 22:00:00.027019439+00:00,23519.0,2025-08-07 22:00:00.041814941+00:00,23519.0,23528.5,23517.5,True,LIVE_STOP,2025-08-07 22:00:00.041814941+00:00,23517.0,-44.5,14.5,0.0,2.0,0.014668788,,
2182,2025-08-07 18:00,WEEKDAY_WEAK,VALIDATED_SOURCE,NQU5,-59.0,OCO_LIMIT_1P0_TTL_1S,OCO_STOP_LIMIT,ORIGINAL_SURVIVOR_STOP,1,RESOLVED,BUY,2025-08-07 22:00:00.027019439+00:00,23519.0,2025-08-07 22:00:00.041814941+00:00,23519.25,23528.5,23517.5,True,LIVE_STOP,2025-08-07 22:00:00.041814941+00:00,23516.75,-54.5,4.5,0.25,2.0,0.014668788,,
2182,2025-08-07 18:00,WEEKDAY_WEAK,VALIDATED_SOURCE,NQU5,-59.0,OCO_LIMIT_1P0_TTL_1S,OCO_STOP_LIMIT,ORIGINAL_SURVIVOR_STOP,2,RESOLVED,BUY,2025-08-07 22:00:00.027019439+00:00,23519.0,2025-08-07 22:00:00.041814941+00:00,23519.5,23528.5,23517.5,True,LIVE_STOP,2025-08-07 22:00:00.041814941+00:00,23516.5,-64.5,-5.5,0.5,2.0,0.014668788,,
2182,2025-08-07 18:00,WEEKDAY_WEAK,VALIDATED_SOURCE,NQU5,-59.0,OCO_LIMIT_1P0_TTL_1S,OCO_STOP_LIMIT,ORIGINAL_SURVIVOR_STOP,4,RESOLVED,BUY,2025-08-07 22:00:00.027019439+00:00,23519.0,2025-08-07 22:00:00.041814941+00:00,23520.0,23528.5,23517.5,True,LIVE_STOP,2025-08-07 22:00:00.041814941+00:00,23516.0,-84.5,-25.5,1.0,2.0,0.014668788,,
2182,2025-08-07 18:00,WEEKDAY_WEAK,VALIDATED_SOURCE,NQU5,-59.0,OCO_LIMIT_1P0_TTL_1S,OCO_STOP_LIMIT,ONE_POINT_FROM_FILL,0,RESOLVED,BUY,2025-08-07 22:00:00.027019439+00:00,23519.0,2025-08-07 22:00:00.041814941+00:00,23519.0,23528.5,23518.0,True,LIVE_STOP,2025-08-07 22:00:00.041814941+00:00,23517.0,-44.5,14.5,0.0,2.0,0.014668788,,
2182,2025-08-07 18:00,WEEKDAY_WEAK,VALIDATED_SOURCE,NQU5,-59.0,OCO_LIMIT_1P0_TTL_1S,OCO_STOP_LIMIT,ONE_POINT_FROM_FILL,1,RESOLVED,BUY,2025-08-07 22:00:00.027019439+00:00,23519.0,2025-08-07 22:00:00.041814941+00:00,23519.25,23528.5,23518.25,True,LIVE_STOP,2025-08-07 22:00:00.041814941+00:00,23516.75,-54.5,4.5,0.25,2.0,0.014668788,,
2182,2025-08-07 18:00,WEEKDAY_WEAK,VALIDATED_SOURCE,NQU5,-59.0,OCO_LIMIT_1P0_TTL_1S,OCO_STOP_LIMIT,ONE_POINT_FROM_FILL,2,RESOLVED,BUY,2025-08-07 22:00:00.027019439+00:00,23519.0,2025-08-07 22:00:00.041814941+00:00,23519.5,23528.5,23518.5,True,LIVE_STOP,2025-08-07 22:00:00.041814941+00:00,23516.5,-64.5,-5.5,0.5,2.0,0.014668788,,
2182,2025-08-07 18:00,WEEKDAY_WEAK,VALIDATED_SOURCE,NQU5,-59.0,OCO_LIMIT_1P0_TTL_1S,OCO_STOP_LIMIT,ONE_POINT_FROM_FILL,4,RESOLVED,BUY,2025-08-07 22:00:00.027019439+00:00,23519.0,2025-08-07 22:00:00.041814941+00:00,23520.0,23528.5,23519.0,True,LIVE_STOP,2025-08-07 22:00:00.041814941+00:00,23516.0,-84.5,-25.5,1.0,2.0,0.014668788,,
2182,2025-08-07 18:00,WEEKDAY_WEAK,VALIDATED_SOURCE,NQU5,-59.0,OCO_LIMIT_2P0_TTL_1S,OCO_STOP_LIMIT,ORIGINAL_SURVIVOR_STOP,0,RESOLVED,BUY,2025-08-07 22:00:00.027019439+00:00,23519.0,2025-08-07 22:00:00.041814941+00:00,23519.0,23528.5,23517.5,True,LIVE_STOP,2025-08-07 22:00:00.041814941+00:00,23517.0,-44.5,14.5,0.0,2.0,0.014668788,,
2182,2025-08-07 18:00,WEEKDAY_WEAK,VALIDATED_SOURCE,NQU5,-59.0,OCO_LIMIT_2P0_TTL_1S,OCO_STOP_LIMIT,ORIGINAL_SURVIVOR_STOP,1,RESOLVED,BUY,2025-08-07 22:00:00.027019439+00:00,23519.0,2025-08-07 22:00:00.041814941+00:00,23519.25,23528.5,23517.5,True,LIVE_STOP,2025-08-07 22:00:00.041814941+00:00,23516.75,-54.5,4.5,0.25,2.0,0.014668788,,
2182,2025-08-07 18:00,WEEKDAY_WEAK,VALIDATED_SOURCE,NQU5,-59.0,OCO_LIMIT_2P0_TTL_1S,OCO_STOP_LIMIT,ORIGINAL_SURVIVOR_STOP,2,RESOLVED,BUY,2025-08-07 22:00:00.027019439+00:00,23519.0,2025-08-07 22:00:00.041814941+00:00,23519.5,23528.5,23517.5,True,LIVE_STOP,2025-08-07 22:00:00.041814941+00:00,23516.5,-64.5,-5.5,0.5,2.0,0.014668788,,
2182,2025-08-07 18:00,WEEKDAY_WEAK,VALIDATED_SOURCE,NQU5,-59.0,OCO_LIMIT_2P0_TTL_1S,OCO_STOP_LIMIT,ORIGINAL_SURVIVOR_STOP,4,RESOLVED,BUY,2025-08-07 22:00:00.027019439+00:00,23519.0,2025-08-07 22:00:00.041814941+00:00,23520.0,23528.5,23517.5,True,LIVE_STOP,2025-08-07 22:00:00.041814941+00:00,23516.0,-84.5,-25.5,1.0,2.0,0.014668788,,
2182,2025-08-07 18:00,WEEKDAY_WEAK,VALIDATED_SOURCE,NQU5,-59.0,OCO_LIMIT_2P0_TTL_1S,OCO_STOP_LIMIT,ONE_POINT_FROM_FILL,0,RESOLVED,BUY,2025-08-07 22:00:00.027019439+00:00,23519.0,2025-08-07 22:00:00.041814941+00:00,23519.0,23528.5,23518.0,True,LIVE_STOP,2025-08-07 22:00:00.041814941+00:00,23517.0,-44.5,14.5,0.0,2.0,0.014668788,,
2182,2025-08-07 18:00,WEEKDAY_WEAK,VALIDATED_SOURCE,NQU5,-59.0,OCO_LIMIT_2P0_TTL_1S,OCO_STOP_LIMIT,ONE_POINT_FROM_FILL,1,RESOLVED,BUY,2025-08-07 22:00:00.027019439+00:00,23519.0,2025-08-07 22:00:00.041814941+00:00,23519.25,23528.5,23518.25,True,LIVE_STOP,2025-08-07 22:00:00.041814941+00:00,23516.75,-54.5,4.5,0.25,2.0,0.014668788,,
2182,2025-08-07 18:00,WEEKDAY_WEAK,VALIDATED_SOURCE,NQU5,-59.0,OCO_LIMIT_2P0_TTL_1S,OCO_STOP_LIMIT,ONE_POINT_FROM_FILL,2,RESOLVED,BUY,2025-08-07 22:00:00.027019439+00:00,23519.0,2025-08-07 22:00:00.041814941+00:00,23519.5,23528.5,23518.5,True,LIVE_STOP,2025-08-07 22:00:00.041814941+00:00,23516.5,-64.5,-5.5,0.5,2.0,0.014668788,,
2182,2025-08-07 18:00,WEEKDAY_WEAK,VALIDATED_SOURCE,NQU5,-59.0,OCO_LIMIT_2P0_TTL_1S,OCO_STOP_LIMIT,ONE_POINT_FROM_FILL,4,RESOLVED,BUY,2025-08-07 22:00:00.027019439+00:00,23519.0,2025-08-07 22:00:00.041814941+00:00,23520.0,23528.5,23519.0,True,LIVE_STOP,2025-08-07 22:00:00.041814941+00:00,23516.0,-84.5,-25.5,1.0,2.0,0.014668788,,
2182,2025-08-07 18:00,WEEKDAY_WEAK,VALIDATED_SOURCE,NQU5,-59.0,CTRL_100MS_CAP_0P5,CONTROLLER_MARKET,ORIGINAL_SURVIVOR_STOP,0,SKIP_SPREAD_GATE,BUY,2025-08-07 22:00:00.027019439+00:00,23519.0,,,,,False,,,,0.0,59.0,,2.25,,18.0,
2182,2025-08-07 18:00,WEEKDAY_WEAK,VALIDATED_SOURCE,NQU5,-59.0,CTRL_100MS_CAP_0P5,CONTROLLER_MARKET,ORIGINAL_SURVIVOR_STOP,1,SKIP_SPREAD_GATE,BUY,2025-08-07 22:00:00.027019439+00:00,23519.0,,,,,False,,,,0.0,59.0,,2.25,,18.0,
2182,2025-08-07 18:00,WEEKDAY_WEAK,VALIDATED_SOURCE,NQU5,-59.0,CTRL_100MS_CAP_0P5,CONTROLLER_MARKET,ORIGINAL_SURVIVOR_STOP,2,SKIP_SPREAD_GATE,BUY,2025-08-07 22:00:00.027019439+00:00,23519.0,,,,,False,,,,0.0,59.0,,2.25,,18.0,
2182,2025-08-07 18:00,WEEKDAY_WEAK,VALIDATED_SOURCE,NQU5,-59.0,CTRL_100MS_CAP_0P5,CONTROLLER_MARKET,ORIGINAL_SURVIVOR_STOP,4,SKIP_SPREAD_GATE,BUY,2025-08-07 22:00:00.027019439+00:00,23519.0,,,,,False,,,,0.0,59.0,,2.25,,18.0,
2182,2025-08-07 18:00,WEEKDAY_WEAK,VALIDATED_SOURCE,NQU5,-59.0,CTRL_100MS_CAP_0P5,CONTROLLER_MARKET,ONE_POINT_FROM_FILL,0,SKIP_SPREAD_GATE,BUY,2025-08-07 22:00:00.027019439+00:00,23519.0,,,,,False,,,,0.0,59.0,,2.25,,18.0,
2182,2025-08-07 18:00,WEEKDAY_WEAK,VALIDATED_SOURCE,NQU5,-59.0,CTRL_100MS_CAP_0P5,CONTROLLER_MARKET,ONE_POINT_FROM_FILL,1,SKIP_SPREAD_GATE,BUY,2025-08-07 22:00:00.027019439+00:00,23519.0,,,,,False,,,,0.0,59.0,,2.25,,18.0,
2182,2025-08-07 18:00,WEEKDAY_WEAK,VALIDATED_SOURCE,NQU5,-59.0,CTRL_100MS_CAP_0P5,CONTROLLER_MARKET,ONE_POINT_FROM_FILL,2,SKIP_SPREAD_GATE,BUY,2025-08-07 22:00:00.027019439+00:00,23519.0,,,,,False,,,,0.0,59.0,,2.25,,18.0,
2182,2025-08-07 18:00,WEEKDAY_WEAK,VALIDATED_SOURCE,NQU5,-59.0,CTRL_100MS_CAP_0P5,CONTROLLER_MARKET,ONE_POINT_FROM_FILL,4,SKIP_SPREAD_GATE,BUY,2025-08-07 22:00:00.027019439+00:00,23519.0,,,,,False,,,,0.0,59.0,,2.25,,18.0,
2182,2025-08-07 18:00,WEEKDAY_WEAK,VALIDATED_SOURCE,NQU5,-59.0,CTRL_250MS_CAP_1P0,CONTROLLER_MARKET,ORIGINAL_SURVIVOR_STOP,0,SKIP_SPREAD_GATE,BUY,2025-08-07 22:00:00.027019439+00:00,23519.0,,,,,False,,,,0.0,59.0,,3.75,,23.0,
2182,2025-08-07 18:00,WEEKDAY_WEAK,VALIDATED_SOURCE,NQU5,-59.0,CTRL_250MS_CAP_1P0,CONTROLLER_MARKET,ORIGINAL_SURVIVOR_STOP,1,SKIP_SPREAD_GATE,BUY,2025-08-07 22:00:00.027019439+00:00,23519.0,,,,,False,,,,0.0,59.0,,3.75,,23.0,
2182,2025-08-07 18:00,WEEKDAY_WEAK,VALIDATED_SOURCE,NQU5,-59.0,CTRL_250MS_CAP_1P0,CONTROLLER_MARKET,ORIGINAL_SURVIVOR_STOP,2,SKIP_SPREAD_GATE,BUY,2025-08-07 22:00:00.027019439+00:00,23519.0,,,,,False,,,,0.0,59.0,,3.75,,23.0,
2182,2025-08-07 18:00,WEEKDAY_WEAK,VALIDATED_SOURCE,NQU5,-59.0,CTRL_250MS_CAP_1P0,CONTROLLER_MARKET,ORIGINAL_SURVIVOR_STOP,4,SKIP_SPREAD_GATE,BUY,2025-08-07 22:00:00.027019439+00:00,23519.0,,,,,False,,,,0.0,59.0,,3.75,,23.0,
2182,2025-08-07 18:00,WEEKDAY_WEAK,VALIDATED_SOURCE,NQU5,-59.0,CTRL_250MS_CAP_1P0,CONTROLLER_MARKET,ONE_POINT_FROM_FILL,0,SKIP_SPREAD_GATE,BUY,2025-08-07 22:00:00.027019439+00:00,23519.0,,,,,False,,,,0.0,59.0,,3.75,,23.0,
2182,2025-08-07 18:00,WEEKDAY_WEAK,VALIDATED_SOURCE,NQU5,-59.0,CTRL_250MS_CAP_1P0,CONTROLLER_MARKET,ONE_POINT_FROM_FILL,1,SKIP_SPREAD_GATE,BUY,2025-08-07 22:00:00.027019439+00:00,23519.0,,,,,False,,,,0.0,59.0,,3.75,,23.0,
2182,2025-08-07 18:00,WEEKDAY_WEAK,VALIDATED_SOURCE,NQU5,-59.0,CTRL_250MS_CAP_1P0,CONTROLLER_MARKET,ONE_POINT_FROM_FILL,2,SKIP_SPREAD_GATE,BUY,2025-08-07 22:00:00.027019439+00:00,23519.0,,,,,False,,,,0.0,59.0,,3.75,,23.0,
2182,2025-08-07 18:00,WEEKDAY_WEAK,VALIDATED_SOURCE,NQU5,-59.0,CTRL_250MS_CAP_1P0,CONTROLLER_MARKET,ONE_POINT_FROM_FILL,4,SKIP_SPREAD_GATE,BUY,2025-08-07 22:00:00.027019439+00:00,23519.0,,,,,False,,,,0.0,59.0,,3.75,,23.0,
2182,2025-08-07 18:00,WEEKDAY_WEAK,VALIDATED_SOURCE,NQU5,-59.0,CTRL_500MS_CAP_1P0,CONTROLLER_MARKET,ORIGINAL_SURVIVOR_STOP,0,SKIP_SPREAD_GATE,BUY,2025-08-07 22:00:00.027019439+00:00,23519.0,,,,,False,,,,0.0,59.0,,3.0,,29.0,
2182,2025-08-07 18:00,WEEKDAY_WEAK,VALIDATED_SOURCE,NQU5,-59.0,CTRL_500MS_CAP_1P0,CONTROLLER_MARKET,ORIGINAL_SURVIVOR_STOP,1,SKIP_SPREAD_GATE,BUY,2025-08-07 22:00:00.027019439+00:00,23519.0,,,,,False,,,,0.0,59.0,,3.0,,29.0,
2182,2025-08-07 18:00,WEEKDAY_WEAK,VALIDATED_SOURCE,NQU5,-59.0,CTRL_500MS_CAP_1P0,CONTROLLER_MARKET,ORIGINAL_SURVIVOR_STOP,2,SKIP_SPREAD_GATE,BUY,2025-08-07 22:00:00.027019439+00:00,23519.0,,,,,False,,,,0.0,59.0,,3.0,,29.0,
2182,2025-08-07 18:00,WEEKDAY_WEAK,VALIDATED_SOURCE,NQU5,-59.0,CTRL_500MS_CAP_1P0,CONTROLLER_MARKET,ORIGINAL_SURVIVOR_STOP,4,SKIP_SPREAD_GATE,BUY,2025-08-07 22:00:00.027019439+00:00,23519.0,,,,,False,,,,0.0,59.0,,3.0,,29.0,
2182,2025-08-07 18:00,WEEKDAY_WEAK,VALIDATED_SOURCE,NQU5,-59.0,CTRL_500MS_CAP_1P0,CONTROLLER_MARKET,ONE_POINT_FROM_FILL,0,SKIP_SPREAD_GATE,BUY,2025-08-07 22:00:00.027019439+00:00,23519.0,,,,,False,,,,0.0,59.0,,3.0,,29.0,
2182,2025-08-07 18:00,WEEKDAY_WEAK,VALIDATED_SOURCE,NQU5,-59.0,CTRL_500MS_CAP_1P0,CONTROLLER_MARKET,ONE_POINT_FROM_FILL,1,SKIP_SPREAD_GATE,BUY,2025-08-07 22:00:00.027019439+00:00,23519.0,,,,,False,,,,0.0,59.0,,3.0,,29.0,
2182,2025-08-07 18:00,WEEKDAY_WEAK,VALIDATED_SOURCE,NQU5,-59.0,CTRL_500MS_CAP_1P0,CONTROLLER_MARKET,ONE_POINT_FROM_FILL,2,SKIP_SPREAD_GATE,BUY,2025-08-07 22:00:00.027019439+00:00,23519.0,,,,,False,,,,0.0,59.0,,3.0,,29.0,
2182,2025-08-07 18:00,WEEKDAY_WEAK,VALIDATED_SOURCE,NQU5,-59.0,CTRL_500MS_CAP_1P0,CONTROLLER_MARKET,ONE_POINT_FROM_FILL,4,SKIP_SPREAD_GATE,BUY,2025-08-07 22:00:00.027019439+00:00,23519.0,,,,,False,,,,0.0,59.0,,3.0,,29.0,
2182,2025-08-07 18:00,WEEKDAY_WEAK,VALIDATED_SOURCE,NQU5,-59.0,CTRL_1S_CAP_2P0,CONTROLLER_MARKET,ORIGINAL_SURVIVOR_STOP,0,SKIP_CHASE_CAP,BUY,2025-08-07 22:00:00.027019439+00:00,23519.0,,23523.5,,,False,,,,0.0,59.0,4.5,4.0,,38.0,
2182,2025-08-07 18:00,WEEKDAY_WEAK,VALIDATED_SOURCE,NQU5,-59.0,CTRL_1S_CAP_2P0,CONTROLLER_MARKET,ORIGINAL_SURVIVOR_STOP,1,SKIP_CHASE_CAP,BUY,2025-08-07 22:00:00.027019439+00:00,23519.0,,23523.75,,,False,,,,0.0,59.0,4.75,4.0,,38.0,
2182,2025-08-07 18:00,WEEKDAY_WEAK,VALIDATED_SOURCE,NQU5,-59.0,CTRL_1S_CAP_2P0,CONTROLLER_MARKET,ORIGINAL_SURVIVOR_STOP,2,SKIP_CHASE_CAP,BUY,2025-08-07 22:00:00.027019439+00:00,23519.0,,23524.0,,,False,,,,0.0,59.0,5.0,4.0,,38.0,
2182,2025-08-07 18:00,WEEKDAY_WEAK,VALIDATED_SOURCE,NQU5,-59.0,CTRL_1S_CAP_2P0,CONTROLLER_MARKET,ORIGINAL_SURVIVOR_STOP,4,SKIP_CHASE_CAP,BUY,2025-08-07 22:00:00.027019439+00:00,23519.0,,23524.5,,,False,,,,0.0,59.0,5.5,4.0,,38.0,
2182,2025-08-07 18:00,WEEKDAY_WEAK,VALIDATED_SOURCE,NQU5,-59.0,CTRL_1S_CAP_2P0,CONTROLLER_MARKET,ONE_POINT_FROM_FILL,0,SKIP_CHASE_CAP,BUY,2025-08-07 22:00:00.027019439+00:00,23519.0,,23523.5,,,False,,,,0.0,59.0,4.5,4.0,,38.0,
2182,2025-08-07 18:00,WEEKDAY_WEAK,VALIDATED_SOURCE,NQU5,-59.0,CTRL_1S_CAP_2P0,CONTROLLER_MARKET,ONE_POINT_FROM_FILL,1,SKIP_CHASE_CAP,BUY,2025-08-07 22:00:00.027019439+00:00,23519.0,,23523.75,,,False,,,,0.0,59.0,4.75,4.0,,38.0,
2182,2025-08-07 18:00,WEEKDAY_WEAK,VALIDATED_SOURCE,NQU5,-59.0,CTRL_1S_CAP_2P0,CONTROLLER_MARKET,ONE_POINT_FROM_FILL,2,SKIP_CHASE_CAP,BUY,2025-08-07 22:00:00.027019439+00:00,23519.0,,23524.0,,,False,,,,0.0,59.0,5.0,4.0,,38.0,
2182,2025-08-07 18:00,WEEKDAY_WEAK,VALIDATED_SOURCE,NQU5,-59.0,CTRL_1S_CAP_2P0,CONTROLLER_MARKET,ONE_POINT_FROM_FILL,4,SKIP_CHASE_CAP,BUY,2025-08-07 22:00:00.027019439+00:00,23519.0,,23524.5,,,False,,,,0.0,59.0,5.5,4.0,,38.0,
2183,2025-08-08 09:30,NY,VALIDATED_SOURCE,NQU5,-118.0,OCO_LIMIT_0P5_TTL_1S,OCO_STOP_LIMIT,ORIGINAL_SURVIVOR_STOP,0,RESOLVED,BUY,2025-08-08 13:30:00.010224383+00:00,23542.5,2025-08-08 13:30:00.010224383+00:00,23542.5,23558.0,23541.0,True,ORIGINAL_TARGET,2025-08-08 13:30:22.384797917+00:00,23558.0,611.0,729.0,0.0,0.5,0.002865912,,
2183,2025-08-08 09:30,NY,VALIDATED_SOURCE,NQU5,-118.0,OCO_LIMIT_0P5_TTL_1S,OCO_STOP_LIMIT,ORIGINAL_SURVIVOR_STOP,1,RESOLVED,BUY,2025-08-08 13:30:00.010224383+00:00,23542.5,2025-08-08 13:30:00.010224383+00:00,23542.75,23558.0,23541.0,True,ORIGINAL_TARGET,2025-08-08 13:30:22.384797917+00:00,23558.0,601.0,719.0,0.25,0.5,0.002865912,,
2183,2025-08-08 09:30,NY,VALIDATED_SOURCE,NQU5,-118.0,OCO_LIMIT_0P5_TTL_1S,OCO_STOP_LIMIT,ORIGINAL_SURVIVOR_STOP,2,RESOLVED,BUY,2025-08-08 13:30:00.010224383+00:00,23542.5,2025-08-08 13:30:00.010224383+00:00,23543.0,23558.0,23541.0,True,ORIGINAL_TARGET,2025-08-08 13:30:22.384797917+00:00,23558.0,591.0,709.0,0.5,0.5,0.002865912,,
2183,2025-08-08 09:30,NY,VALIDATED_SOURCE,NQU5,-118.0,OCO_LIMIT_0P5_TTL_1S,OCO_STOP_LIMIT,ORIGINAL_SURVIVOR_STOP,4,RESOLVED,BUY,2025-08-08 13:30:00.010224383+00:00,23542.5,2025-08-08 13:30:00.010224383+00:00,23543.0,23558.0,23541.0,True,ORIGINAL_TARGET,2025-08-08 13:30:22.384797917+00:00,23558.0,591.0,709.0,0.5,0.5,0.002865912,,
2183,2025-08-08 09:30,NY,VALIDATED_SOURCE,NQU5,-118.0,OCO_LIMIT_0P5_TTL_1S,OCO_STOP_LIMIT,ONE_POINT_FROM_FILL,0,RESOLVED,BUY,2025-08-08 13:30:00.010224383+00:00,23542.5,2025-08-08 13:30:00.010224383+00:00,23542.5,23558.0,23541.5,True,LIVE_STOP,2025-08-08 13:30:01.920930661+00:00,23541.5,-49.0,69.0,0.0,0.5,0.002865912,,
2183,2025-08-08 09:30,NY,VALIDATED_SOURCE,NQU5,-118.0,OCO_LIMIT_0P5_TTL_1S,OCO_STOP_LIMIT,ONE_POINT_FROM_FILL,1,RESOLVED,BUY,2025-08-08 13:30:00.010224383+00:00,23542.5,2025-08-08 13:30:00.010224383+00:00,23542.75,23558.0,23541.75,True,LIVE_STOP,2025-08-08 13:30:01.117748849+00:00,23541.5,-59.0,59.0,0.25,0.5,0.002865912,,
2183,2025-08-08 09:30,NY,VALIDATED_SOURCE,NQU5,-118.0,OCO_LIMIT_0P5_TTL_1S,OCO_STOP_LIMIT,ONE_POINT_FROM_FILL,2,RESOLVED,BUY,2025-08-08 13:30:00.010224383+00:00,23542.5,2025-08-08 13:30:00.010224383+00:00,23543.0,23558.0,23542.0,True,LIVE_STOP,2025-08-08 13:30:00.010224383+00:00,23541.5,-69.0,49.0,0.5,0.5,0.002865912,,
2183,2025-08-08 09:30,NY,VALIDATED_SOURCE,NQU5,-118.0,OCO_LIMIT_0P5_TTL_1S,OCO_STOP_LIMIT,ONE_POINT_FROM_FILL,4,RESOLVED,BUY,2025-08-08 13:30:00.010224383+00:00,23542.5,2025-08-08 13:30:00.010224383+00:00,23543.0,23558.0,23542.0,True,LIVE_STOP,2025-08-08 13:30:00.010224383+00:00,23541.0,-89.0,29.0,0.5,0.5,0.002865912,,
2183,2025-08-08 09:30,NY,VALIDATED_SOURCE,NQU5,-118.0,OCO_LIMIT_1P0_TTL_1S,OCO_STOP_LIMIT,ORIGINAL_SURVIVOR_STOP,0,RESOLVED,BUY,2025-08-08 13:30:00.010224383+00:00,23542.5,2025-08-08 13:30:00.010224383+00:00,23542.5,23558.0,23541.0,True,ORIGINAL_TARGET,2025-08-08 13:30:22.384797917+00:00,23558.0,611.0,729.0,0.0,0.5,0.002865912,,
2183,2025-08-08 09:30,NY,VALIDATED_SOURCE,NQU5,-118.0,OCO_LIMIT_1P0_TTL_1S,OCO_STOP_LIMIT,ORIGINAL_SURVIVOR_STOP,1,RESOLVED,BUY,2025-08-08 13:30:00.010224383+00:00,23542.5,2025-08-08 13:30:00.010224383+00:00,23542.75,23558.0,23541.0,True,ORIGINAL_TARGET,2025-08-08 13:30:22.384797917+00:00,23558.0,601.0,719.0,0.25,0.5,0.002865912,,
2183,2025-08-08 09:30,NY,VALIDATED_SOURCE,NQU5,-118.0,OCO_LIMIT_1P0_TTL_1S,OCO_STOP_LIMIT,ORIGINAL_SURVIVOR_STOP,2,RESOLVED,BUY,2025-08-08 13:30:00.010224383+00:00,23542.5,2025-08-08 13:30:00.010224383+00:00,23543.0,23558.0,23541.0,True,ORIGINAL_TARGET,2025-08-08 13:30:22.384797917+00:00,23558.0,591.0,709.0,0.5,0.5,0.002865912,,
2183,2025-08-08 09:30,NY,VALIDATED_SOURCE,NQU5,-118.0,OCO_LIMIT_1P0_TTL_1S,OCO_STOP_LIMIT,ORIGINAL_SURVIVOR_STOP,4,RESOLVED,BUY,2025-08-08 13:30:00.010224383+00:00,23542.5,2025-08-08 13:30:00.010224383+00:00,23543.5,23558.0,23541.0,True,ORIGINAL_TARGET,2025-08-08 13:30:22.384797917+00:00,23558.0,571.0,689.0,1.0,0.5,0.002865912,,
2183,2025-08-08 09:30,NY,VALIDATED_SOURCE,NQU5,-118.0,OCO_LIMIT_1P0_TTL_1S,OCO_STOP_LIMIT,ONE_POINT_FROM_FILL,0,RESOLVED,BUY,2025-08-08 13:30:00.010224383+00:00,23542.5,2025-08-08 13:30:00.010224383+00:00,23542.5,23558.0,23541.5,True,LIVE_STOP,2025-08-08 13:30:01.920930661+00:00,23541.5,-49.0,69.0,0.0,0.5,0.002865912,,
2183,2025-08-08 09:30,NY,VALIDATED_SOURCE,NQU5,-118.0,OCO_LIMIT_1P0_TTL_1S,OCO_STOP_LIMIT,ONE_POINT_FROM_FILL,1,RESOLVED,BUY,2025-08-08 13:30:00.010224383+00:00,23542.5,2025-08-08 13:30:00.010224383+00:00,23542.75,23558.0,23541.75,True,LIVE_STOP,2025-08-08 13:30:01.117748849+00:00,23541.5,-59.0,59.0,0.25,0.5,0.002865912,,
2183,2025-08-08 09:30,NY,VALIDATED_SOURCE,NQU5,-118.0,OCO_LIMIT_1P0_TTL_1S,OCO_STOP_LIMIT,ONE_POINT_FROM_FILL,2,RESOLVED,BUY,2025-08-08 13:30:00.010224383+00:00,23542.5,2025-08-08 13:30:00.010224383+00:00,23543.0,23558.0,23542.0,True,LIVE_STOP,2025-08-08 13:30:00.010224383+00:00,23541.5,-69.0,49.0,0.5,0.5,0.002865912,,
2183,2025-08-08 09:30,NY,VALIDATED_SOURCE,NQU5,-118.0,OCO_LIMIT_1P0_TTL_1S,OCO_STOP_LIMIT,ONE_POINT_FROM_FILL,4,RESOLVED,BUY,2025-08-08 13:30:00.010224383+00:00,23542.5,2025-08-08 13:30:00.010224383+00:00,23543.5,23558.0,23542.5,True,LIVE_STOP,2025-08-08 13:30:00.010224383+00:00,23541.0,-109.0,9.0,1.0,0.5,0.002865912,,
2183,2025-08-08 09:30,NY,VALIDATED_SOURCE,NQU5,-118.0,OCO_LIMIT_2P0_TTL_1S,OCO_STOP_LIMIT,ORIGINAL_SURVIVOR_STOP,0,RESOLVED,BUY,2025-08-08 13:30:00.010224383+00:00,23542.5,2025-08-08 13:30:00.010224383+00:00,23542.5,23558.0,23541.0,True,ORIGINAL_TARGET,2025-08-08 13:30:22.384797917+00:00,23558.0,611.0,729.0,0.0,0.5,0.002865912,,
2183,2025-08-08 09:30,NY,VALIDATED_SOURCE,NQU5,-118.0,OCO_LIMIT_2P0_TTL_1S,OCO_STOP_LIMIT,ORIGINAL_SURVIVOR_STOP,1,RESOLVED,BUY,2025-08-08 13:30:00.010224383+00:00,23542.5,2025-08-08 13:30:00.010224383+00:00,23542.75,23558.0,23541.0,True,ORIGINAL_TARGET,2025-08-08 13:30:22.384797917+00:00,23558.0,601.0,719.0,0.25,0.5,0.002865912,,
2183,2025-08-08 09:30,NY,VALIDATED_SOURCE,NQU5,-118.0,OCO_LIMIT_2P0_TTL_1S,OCO_STOP_LIMIT,ORIGINAL_SURVIVOR_STOP,2,RESOLVED,BUY,2025-08-08 13:30:00.010224383+00:00,23542.5,2025-08-08 13:30:00.010224383+00:00,23543.0,23558.0,23541.0,True,ORIGINAL_TARGET,2025-08-08 13:30:22.384797917+00:00,23558.0,591.0,709.0,0.5,0.5,0.002865912,,
2183,2025-08-08 09:30,NY,VALIDATED_SOURCE,NQU5,-118.0,OCO_LIMIT_2P0_TTL_1S,OCO_STOP_LIMIT,ORIGINAL_SURVIVOR_STOP,4,RESOLVED,BUY,2025-08-08 13:30:00.010224383+00:00,23542.5,2025-08-08 13:30:00.010224383+00:00,23543.5,23558.0,23541.0,True,ORIGINAL_TARGET,2025-08-08 13:30:22.384797917+00:00,23558.0,571.0,689.0,1.0,0.5,0.002865912,,
2183,2025-08-08 09:30,NY,VALIDATED_SOURCE,NQU5,-118.0,OCO_LIMIT_2P0_TTL_1S,OCO_STOP_LIMIT,ONE_POINT_FROM_FILL,0,RESOLVED,BUY,2025-08-08 13:30:00.010224383+00:00,23542.5,2025-08-08 13:30:00.010224383+00:00,23542.5,23558.0,23541.5,True,LIVE_STOP,2025-08-08 13:30:01.920930661+00:00,23541.5,-49.0,69.0,0.0,0.5,0.002865912,,
2183,2025-08-08 09:30,NY,VALIDATED_SOURCE,NQU5,-118.0,OCO_LIMIT_2P0_TTL_1S,OCO_STOP_LIMIT,ONE_POINT_FROM_FILL,1,RESOLVED,BUY,2025-08-08 13:30:00.010224383+00:00,23542.5,2025-08-08 13:30:00.010224383+00:00,23542.75,23558.0,23541.75,True,LIVE_STOP,2025-08-08 13:30:01.117748849+00:00,23541.5,-59.0,59.0,0.25,0.5,0.002865912,,
2183,2025-08-08 09:30,NY,VALIDATED_SOURCE,NQU5,-118.0,OCO_LIMIT_2P0_TTL_1S,OCO_STOP_LIMIT,ONE_POINT_FROM_FILL,2,RESOLVED,BUY,2025-08-08 13:30:00.010224383+00:00,23542.5,2025-08-08 13:30:00.010224383+00:00,23543.0,23558.0,23542.0,True,LIVE_STOP,2025-08-08 13:30:00.010224383+00:00,23541.5,-69.0,49.0,0.5,0.5,0.002865912,,
2183,2025-08-08 09:30,NY,VALIDATED_SOURCE,NQU5,-118.0,OCO_LIMIT_2P0_TTL_1S,OCO_STOP_LIMIT,ONE_POINT_FROM_FILL,4,RESOLVED,BUY,2025-08-08 13:30:00.010224383+00:00,23542.5,2025-08-08 13:30:00.010224383+00:00,23543.5,23558.0,23542.5,True,LIVE_STOP,2025-08-08 13:30:00.010224383+00:00,23541.0,-109.0,9.0,1.0,0.5,0.002865912,,
2183,2025-08-08 09:30,NY,VALIDATED_SOURCE,NQU5,-118.0,CTRL_100MS_CAP_0P5,CONTROLLER_MARKET,ORIGINAL_SURVIVOR_STOP,0,SKIP_CHASE_CAP,BUY,2025-08-08 13:30:00.010224383+00:00,23542.5,,23546.25,,,False,,,,0.0,118.0,3.75,0.5,,106.0,
2183,2025-08-08 09:30,NY,VALIDATED_SOURCE,NQU5,-118.0,CTRL_100MS_CAP_0P5,CONTROLLER_MARKET,ORIGINAL_SURVIVOR_STOP,1,SKIP_CHASE_CAP,BUY,2025-08-08 13:30:00.010224383+00:00,23542.5,,23546.5,,,False,,,,0.0,118.0,4.0,0.5,,106.0,
2183,2025-08-08 09:30,NY,VALIDATED_SOURCE,NQU5,-118.0,CTRL_100MS_CAP_0P5,CONTROLLER_MARKET,ORIGINAL_SURVIVOR_STOP,2,SKIP_CHASE_CAP,BUY,2025-08-08 13:30:00.010224383+00:00,23542.5,,23546.75,,,False,,,,0.0,118.0,4.25,0.5,,106.0,
2183,2025-08-08 09:30,NY,VALIDATED_SOURCE,NQU5,-118.0,CTRL_100MS_CAP_0P5,CONTROLLER_MARKET,ORIGINAL_SURVIVOR_STOP,4,SKIP_CHASE_CAP,BUY,2025-08-08 13:30:00.010224383+00:00,23542.5,,23547.25,,,False,,,,0.0,118.0,4.75,0.5,,106.0,
2183,2025-08-08 09:30,NY,VALIDATED_SOURCE,NQU5,-118.0,CTRL_100MS_CAP_0P5,CONTROLLER_MARKET,ONE_POINT_FROM_FILL,0,SKIP_CHASE_CAP,BUY,2025-08-08 13:30:00.010224383+00:00,23542.5,,23546.25,,,False,,,,0.0,118.0,3.75,0.5,,106.0,
2183,2025-08-08 09:30,NY,VALIDATED_SOURCE,NQU5,-118.0,CTRL_100MS_CAP_0P5,CONTROLLER_MARKET,ONE_POINT_FROM_FILL,1,SKIP_CHASE_CAP,BUY,2025-08-08 13:30:00.010224383+00:00,23542.5,,23546.5,,,False,,,,0.0,118.0,4.0,0.5,,106.0,
2183,2025-08-08 09:30,NY,VALIDATED_SOURCE,NQU5,-118.0,CTRL_100MS_CAP_0P5,CONTROLLER_MARKET,ONE_POINT_FROM_FILL,2,SKIP_CHASE_CAP,BUY,2025-08-08 13:30:00.010224383+00:00,23542.5,,23546.75,,,False,,,,0.0,118.0,4.25,0.5,,106.0,
2183,2025-08-08 09:30,NY,VALIDATED_SOURCE,NQU5,-118.0,CTRL_100MS_CAP_0P5,CONTROLLER_MARKET,ONE_POINT_FROM_FILL,4,SKIP_CHASE_CAP,BUY,2025-08-08 13:30:00.010224383+00:00,23542.5,,23547.25,,,False,,,,0.0,118.0,4.75,0.5,,106.0,
2183,2025-08-08 09:30,NY,VALIDATED_SOURCE,NQU5,-118.0,CTRL_250MS_CAP_1P0,CONTROLLER_MARKET,ORIGINAL_SURVIVOR_STOP,0,SKIP_CHASE_CAP,BUY,2025-08-08 13:30:00.010224383+00:00,23542.5,,23545.75,,,False,,,,0.0,118.0,3.25,0.25,,182.0,
2183,2025-08-08 09:30,NY,VALIDATED_SOURCE,NQU5,-118.0,CTRL_250MS_CAP_1P0,CONTROLLER_MARKET,ORIGINAL_SURVIVOR_STOP,1,SKIP_CHASE_CAP,BUY,2025-08-08 13:30:00.010224383+00:00,23542.5,,23546.0,,,False,,,,0.0,118.0,3.5,0.25,,182.0,
2183,2025-08-08 09:30,NY,VALIDATED_SOURCE,NQU5,-118.0,CTRL_250MS_CAP_1P0,CONTROLLER_MARKET,ORIGINAL_SURVIVOR_STOP,2,SKIP_CHASE_CAP,BUY,2025-08-08 13:30:00.010224383+00:00,23542.5,,23546.25,,,False,,,,0.0,118.0,3.75,0.25,,182.0,
2183,2025-08-08 09:30,NY,VALIDATED_SOURCE,NQU5,-118.0,CTRL_250MS_CAP_1P0,CONTROLLER_MARKET,ORIGINAL_SURVIVOR_STOP,4,SKIP_CHASE_CAP,BUY,2025-08-08 13:30:00.010224383+00:00,23542.5,,23546.75,,,False,,,,0.0,118.0,4.25,0.25,,182.0,
2183,2025-08-08 09:30,NY,VALIDATED_SOURCE,NQU5,-118.0,CTRL_250MS_CAP_1P0,CONTROLLER_MARKET,ONE_POINT_FROM_FILL,0,SKIP_CHASE_CAP,BUY,2025-08-08 13:30:00.010224383+00:00,23542.5,,23545.75,,,False,,,,0.0,118.0,3.25,0.25,,182.0,
2183,2025-08-08 09:30,NY,VALIDATED_SOURCE,NQU5,-118.0,CTRL_250MS_CAP_1P0,CONTROLLER_MARKET,ONE_POINT_FROM_FILL,1,SKIP_CHASE_CAP,BUY,2025-08-08 13:30:00.010224383+00:00,23542.5,,23546.0,,,False,,,,0.0,118.0,3.5,0.25,,182.0,
2183,2025-08-08 09:30,NY,VALIDATED_SOURCE,NQU5,-118.0,CTRL_250MS_CAP_1P0,CONTROLLER_MARKET,ONE_POINT_FROM_FILL,2,SKIP_CHASE_CAP,BUY,2025-08-08 13:30:00.010224383+00:00,23542.5,,23546.25,,,False,,,,0.0,118.0,3.75,0.25,,182.0,
2183,2025-08-08 09:30,NY,VALIDATED_SOURCE,NQU5,-118.0,CTRL_250MS_CAP_1P0,CONTROLLER_MARKET,ONE_POINT_FROM_FILL,4,SKIP_CHASE_CAP,BUY,2025-08-08 13:30:00.010224383+00:00,23542.5,,23546.75,,,False,,,,0.0,118.0,4.25,0.25,,182.0,
2183,2025-08-08 09:30,NY,VALIDATED_SOURCE,NQU5,-118.0,CTRL_500MS_CAP_1P0,CONTROLLER_MARKET,ORIGINAL_SURVIVOR_STOP,0,SKIP_CHASE_CAP,BUY,2025-08-08 13:30:00.010224383+00:00,23542.5,,23545.25,,,False,,,,0.0,118.0,2.75,0.25,,214.0,
2183,2025-08-08 09:30,NY,VALIDATED_SOURCE,NQU5,-118.0,CTRL_500MS_CAP_1P0,CONTROLLER_MARKET,ORIGINAL_SURVIVOR_STOP,1,SKIP_CHASE_CAP,BUY,2025-08-08 13:30:00.010224383+00:00,23542.5,,23545.5,,,False,,,,0.0,118.0,3.0,0.25,,214.0,
2183,2025-08-08 09:30,NY,VALIDATED_SOURCE,NQU5,-118.0,CTRL_500MS_CAP_1P0,CONTROLLER_MARKET,ORIGINAL_SURVIVOR_STOP,2,SKIP_CHASE_CAP,BUY,2025-08-08 13:30:00.010224383+00:00,23542.5,,23545.75,,,False,,,,0.0,118.0,3.25,0.25,,214.0,
2183,2025-08-08 09:30,NY,VALIDATED_SOURCE,NQU5,-118.0,CTRL_500MS_CAP_1P0,CONTROLLER_MARKET,ORIGINAL_SURVIVOR_STOP,4,SKIP_CHASE_CAP,BUY,2025-08-08 13:30:00.010224383+00:00,23542.5,,23546.25,,,False,,,,0.0,118.0,3.75,0.25,,214.0,
2183,2025-08-08 09:30,NY,VALIDATED_SOURCE,NQU5,-118.0,CTRL_500MS_CAP_1P0,CONTROLLER_MARKET,ONE_POINT_FROM_FILL,0,SKIP_CHASE_CAP,BUY,2025-08-08 13:30:00.010224383+00:00,23542.5,,23545.25,,,False,,,,0.0,118.0,2.75,0.25,,214.0,
2183,2025-08-08 09:30,NY,VALIDATED_SOURCE,NQU5,-118.0,CTRL_500MS_CAP_1P0,CONTROLLER_MARKET,ONE_POINT_FROM_FILL,1,SKIP_CHASE_CAP,BUY,2025-08-08 13:30:00.010224383+00:00,23542.5,,23545.5,,,False,,,,0.0,118.0,3.0,0.25,,214.0,
2183,2025-08-08 09:30,NY,VALIDATED_SOURCE,NQU5,-118.0,CTRL_500MS_CAP_1P0,CONTROLLER_MARKET,ONE_POINT_FROM_FILL,2,SKIP_CHASE_CAP,BUY,2025-08-08 13:30:00.010224383+00:00,23542.5,,23545.75,,,False,,,,0.0,118.0,3.25,0.25,,214.0,
2183,2025-08-08 09:30,NY,VALIDATED_SOURCE,NQU5,-118.0,CTRL_500MS_CAP_1P0,CONTROLLER_MARKET,ONE_POINT_FROM_FILL,4,SKIP_CHASE_CAP,BUY,2025-08-08 13:30:00.010224383+00:00,23542.5,,23546.25,,,False,,,,0.0,118.0,3.75,0.25,,214.0,
2183,2025-08-08 09:30,NY,VALIDATED_SOURCE,NQU5,-118.0,CTRL_1S_CAP_2P0,CONTROLLER_MARKET,ORIGINAL_SURVIVOR_STOP,0,RESOLVED,BUY,2025-08-08 13:30:00.010224383+00:00,23542.5,2025-08-08 13:30:01.010593385+00:00,23543.25,23558.0,23541.0,True,ORIGINAL_TARGET,2025-08-08 13:30:22.384797917+00:00,23558.0,581.0,699.0,0.75,0.5,0.002865912,,
2183,2025-08-08 09:30,NY,VALIDATED_SOURCE,NQU5,-118.0,CTRL_1S_CAP_2P0,CONTROLLER_MARKET,ORIGINAL_SURVIVOR_STOP,1,RESOLVED,BUY,2025-08-08 13:30:00.010224383+00:00,23542.5,2025-08-08 13:30:01.010593385+00:00,23543.5,23558.0,23541.0,True,ORIGINAL_TARGET,2025-08-08 13:30:22.384797917+00:00,23558.0,571.0,689.0,1.0,0.5,0.002865912,,
2183,2025-08-08 09:30,NY,VALIDATED_SOURCE,NQU5,-118.0,CTRL_1S_CAP_2P0,CONTROLLER_MARKET,ORIGINAL_SURVIVOR_STOP,2,RESOLVED,BUY,2025-08-08 13:30:00.010224383+00:00,23542.5,2025-08-08 13:30:01.010593385+00:00,23543.75,23558.0,23541.0,True,ORIGINAL_TARGET,2025-08-08 13:30:22.384797917+00:00,23558.0,561.0,679.0,1.25,0.5,0.002865912,,
2183,2025-08-08 09:30,NY,VALIDATED_SOURCE,NQU5,-118.0,CTRL_1S_CAP_2P0,CONTROLLER_MARKET,ORIGINAL_SURVIVOR_STOP,4,RESOLVED,BUY,2025-08-08 13:30:00.010224383+00:00,23542.5,2025-08-08 13:30:01.010593385+00:00,23544.25,23558.0,23541.0,True,ORIGINAL_TARGET,2025-08-08 13:30:22.384797917+00:00,23558.0,541.0,659.0,1.75,0.5,0.002865912,,
2183,2025-08-08 09:30,NY,VALIDATED_SOURCE,NQU5,-118.0,CTRL_1S_CAP_2P0,CONTROLLER_MARKET,ONE_POINT_FROM_FILL,0,RESOLVED,BUY,2025-08-08 13:30:00.010224383+00:00,23542.5,2025-08-08 13:30:01.010593385+00:00,23543.25,23558.0,23542.25,True,LIVE_STOP,2025-08-08 13:30:01.069752543+00:00,23542.25,-49.0,69.0,0.75,0.5,0.002865912,,
2183,2025-08-08 09:30,NY,VALIDATED_SOURCE,NQU5,-118.0,CTRL_1S_CAP_2P0,CONTROLLER_MARKET,ONE_POINT_FROM_FILL,1,RESOLVED,BUY,2025-08-08 13:30:00.010224383+00:00,23542.5,2025-08-08 13:30:01.010593385+00:00,23543.5,23558.0,23542.5,True,LIVE_STOP,2025-08-08 13:30:01.069752543+00:00,23542.0,-69.0,49.0,1.0,0.5,0.002865912,,
2183,2025-08-08 09:30,NY,VALIDATED_SOURCE,NQU5,-118.0,CTRL_1S_CAP_2P0,CONTROLLER_MARKET,ONE_POINT_FROM_FILL,2,RESOLVED,BUY,2025-08-08 13:30:00.010224383+00:00,23542.5,2025-08-08 13:30:01.010593385+00:00,23543.75,23558.0,23542.75,True,LIVE_STOP,2025-08-08 13:30:01.010593385+00:00,23542.25,-69.0,49.0,1.25,0.5,0.002865912,,
2183,2025-08-08 09:30,NY,VALIDATED_SOURCE,NQU5,-118.0,CTRL_1S_CAP_2P0,CONTROLLER_MARKET,ONE_POINT_FROM_FILL,4,RESOLVED,BUY,2025-08-08 13:30:00.010224383+00:00,23542.5,2025-08-08 13:30:01.010593385+00:00,23544.25,23558.0,23543.25,True,LIVE_STOP,2025-08-08 13:30:01.010593385+00:00,23541.75,-109.0,9.0,1.75,0.5,0.002865912,,
2184,2025-08-10 18:00,WEEKLY,VALIDATED_SOURCE,NQU5,-118.0,OCO_LIMIT_0P5_TTL_1S,OCO_STOP_LIMIT,ORIGINAL_SURVIVOR_STOP,0,RESOLVED,SELL,2025-08-10 22:00:00.069726097+00:00,23763.25,2025-08-10 22:00:00.069726097+00:00,23763.0,23753.75,23764.75,True,LIVE_STOP,2025-08-10 22:00:00.101325695+00:00,23766.0,-129.0,-11.0,0.25,1.5,,,
2184,2025-08-10 18:00,WEEKLY,VALIDATED_SOURCE,NQU5,-118.0,OCO_LIMIT_0P5_TTL_1S,OCO_STOP_LIMIT,ORIGINAL_SURVIVOR_STOP,1,RESOLVED,SELL,2025-08-10 22:00:00.069726097+00:00,23763.25,2025-08-10 22:00:00.069726097+00:00,23762.75,23753.75,23764.75,True,LIVE_STOP,2025-08-10 22:00:00.101325695+00:00,23766.25,-149.0,-31.0,0.5,1.5,,,
2184,2025-08-10 18:00,WEEKLY,VALIDATED_SOURCE,NQU5,-118.0,OCO_LIMIT_0P5_TTL_1S,OCO_STOP_LIMIT,ORIGINAL_SURVIVOR_STOP,2,RESOLVED,SELL,2025-08-10 22:00:00.069726097+00:00,23763.25,2025-08-10 22:00:00.069726097+00:00,23762.75,23753.75,23764.75,True,LIVE_STOP,2025-08-10 22:00:00.101325695+00:00,23766.5,-159.0,-41.0,0.5,1.5,,,
2184,2025-08-10 18:00,WEEKLY,VALIDATED_SOURCE,NQU5,-118.0,OCO_LIMIT_0P5_TTL_1S,OCO_STOP_LIMIT,ORIGINAL_SURVIVOR_STOP,4,RESOLVED,SELL,2025-08-10 22:00:00.069726097+00:00,23763.25,2025-08-10 22:00:00.069726097+00:00,23762.75,23753.75,23764.75,True,LIVE_STOP,2025-08-10 22:00:00.101325695+00:00,23767.0,-179.0,-61.0,0.5,1.5,,,
2184,2025-08-10 18:00,WEEKLY,VALIDATED_SOURCE,NQU5,-118.0,OCO_LIMIT_0P5_TTL_1S,OCO_STOP_LIMIT,ONE_POINT_FROM_FILL,0,RESOLVED,SELL,2025-08-10 22:00:00.069726097+00:00,23763.25,2025-08-10 22:00:00.069726097+00:00,23763.0,23753.75,23764.0,True,LIVE_STOP,2025-08-10 22:00:00.069726097+00:00,23764.5,-69.0,49.0,0.25,1.5,,,
2184,2025-08-10 18:00,WEEKLY,VALIDATED_SOURCE,NQU5,-118.0,OCO_LIMIT_0P5_TTL_1S,OCO_STOP_LIMIT,ONE_POINT_FROM_FILL,1,RESOLVED,SELL,2025-08-10 22:00:00.069726097+00:00,23763.25,2025-08-10 22:00:00.069726097+00:00,23762.75,23753.75,23763.75,True,LIVE_STOP,2025-08-10 22:00:00.069726097+00:00,23764.75,-89.0,29.0,0.5,1.5,,,
2184,2025-08-10 18:00,WEEKLY,VALIDATED_SOURCE,NQU5,-118.0,OCO_LIMIT_0P5_TTL_1S,OCO_STOP_LIMIT,ONE_POINT_FROM_FILL,2,RESOLVED,SELL,2025-08-10 22:00:00.069726097+00:00,23763.25,2025-08-10 22:00:00.069726097+00:00,23762.75,23753.75,23763.75,True,LIVE_STOP,2025-08-10 22:00:00.069726097+00:00,23765.0,-99.0,19.0,0.5,1.5,,,
2184,2025-08-10 18:00,WEEKLY,VALIDATED_SOURCE,NQU5,-118.0,OCO_LIMIT_0P5_TTL_1S,OCO_STOP_LIMIT,ONE_POINT_FROM_FILL,4,RESOLVED,SELL,2025-08-10 22:00:00.069726097+00:00,23763.25,2025-08-10 22:00:00.069726097+00:00,23762.75,23753.75,23763.75,True,LIVE_STOP,2025-08-10 22:00:00.069726097+00:00,23765.5,-119.0,-1.0,0.5,1.5,,,
2184,2025-08-10 18:00,WEEKLY,VALIDATED_SOURCE,NQU5,-118.0,OCO_LIMIT_1P0_TTL_1S,OCO_STOP_LIMIT,ORIGINAL_SURVIVOR_STOP,0,RESOLVED,SELL,2025-08-10 22:00:00.069726097+00:00,23763.25,2025-08-10 22:00:00.069726097+00:00,23763.0,23753.75,23764.75,True,LIVE_STOP,2025-08-10 22:00:00.101325695+00:00,23766.0,-129.0,-11.0,0.25,1.5,,,
2184,2025-08-10 18:00,WEEKLY,VALIDATED_SOURCE,NQU5,-118.0,OCO_LIMIT_1P0_TTL_1S,OCO_STOP_LIMIT,ORIGINAL_SURVIVOR_STOP,1,RESOLVED,SELL,2025-08-10 22:00:00.069726097+00:00,23763.25,2025-08-10 22:00:00.069726097+00:00,23762.75,23753.75,23764.75,True,LIVE_STOP,2025-08-10 22:00:00.101325695+00:00,23766.25,-149.0,-31.0,0.5,1.5,,,
2184,2025-08-10 18:00,WEEKLY,VALIDATED_SOURCE,NQU5,-118.0,OCO_LIMIT_1P0_TTL_1S,OCO_STOP_LIMIT,ORIGINAL_SURVIVOR_STOP,2,RESOLVED,SELL,2025-08-10 22:00:00.069726097+00:00,23763.25,2025-08-10 22:00:00.069726097+00:00,23762.5,23753.75,23764.75,True,LIVE_STOP,2025-08-10 22:00:00.101325695+00:00,23766.5,-169.0,-51.0,0.75,1.5,,,
2184,2025-08-10 18:00,WEEKLY,VALIDATED_SOURCE,NQU5,-118.0,OCO_LIMIT_1P0_TTL_1S,OCO_STOP_LIMIT,ORIGINAL_SURVIVOR_STOP,4,RESOLVED,SELL,2025-08-10 22:00:00.069726097+00:00,23763.25,2025-08-10 22:00:00.069726097+00:00,23762.25,23753.75,23764.75,True,LIVE_STOP,2025-08-10 22:00:00.101325695+00:00,23767.0,-199.0,-81.0,1.0,1.5,,,
2184,2025-08-10 18:00,WEEKLY,VALIDATED_SOURCE,NQU5,-118.0,OCO_LIMIT_1P0_TTL_1S,OCO_STOP_LIMIT,ONE_POINT_FROM_FILL,0,RESOLVED,SELL,2025-08-10 22:00:00.069726097+00:00,23763.25,2025-08-10 22:00:00.069726097+00:00,23763.0,23753.75,23764.0,True,LIVE_STOP,2025-08-10 22:00:00.069726097+00:00,23764.5,-69.0,49.0,0.25,1.5,,,
2184,2025-08-10 18:00,WEEKLY,VALIDATED_SOURCE,NQU5,-118.0,OCO_LIMIT_1P0_TTL_1S,OCO_STOP_LIMIT,ONE_POINT_FROM_FILL,1,RESOLVED,SELL,2025-08-10 22:00:00.069726097+00:00,23763.25,2025-08-10 22:00:00.069726097+00:00,23762.75,23753.75,23763.75,True,LIVE_STOP,2025-08-10 22:00:00.069726097+00:00,23764.75,-89.0,29.0,0.5,1.5,,,
2184,2025-08-10 18:00,WEEKLY,VALIDATED_SOURCE,NQU5,-118.0,OCO_LIMIT_1P0_TTL_1S,OCO_STOP_LIMIT,ONE_POINT_FROM_FILL,2,RESOLVED,SELL,2025-08-10 22:00:00.069726097+00:00,23763.25,2025-08-10 22:00:00.069726097+00:00,23762.5,23753.75,23763.5,True,LIVE_STOP,2025-08-10 22:00:00.069726097+00:00,23765.0,-109.0,9.0,0.75,1.5,,,
2184,2025-08-10 18:00,WEEKLY,VALIDATED_SOURCE,NQU5,-118.0,OCO_LIMIT_1P0_TTL_1S,OCO_STOP_LIMIT,ONE_POINT_FROM_FILL,4,RESOLVED,SELL,2025-08-10 22:00:00.069726097+00:00,23763.25,2025-08-10 22:00:00.069726097+00:00,23762.25,23753.75,23763.25,True,LIVE_STOP,2025-08-10 22:00:00.069726097+00:00,23765.5,-139.0,-21.0,1.0,1.5,,,
2184,2025-08-10 18:00,WEEKLY,VALIDATED_SOURCE,NQU5,-118.0,OCO_LIMIT_2P0_TTL_1S,OCO_STOP_LIMIT,ORIGINAL_SURVIVOR_STOP,0,RESOLVED,SELL,2025-08-10 22:00:00.069726097+00:00,23763.25,2025-08-10 22:00:00.069726097+00:00,23763.0,23753.75,23764.75,True,LIVE_STOP,2025-08-10 22:00:00.101325695+00:00,23766.0,-129.0,-11.0,0.25,1.5,,,
2184,2025-08-10 18:00,WEEKLY,VALIDATED_SOURCE,NQU5,-118.0,OCO_LIMIT_2P0_TTL_1S,OCO_STOP_LIMIT,ORIGINAL_SURVIVOR_STOP,1,RESOLVED,SELL,2025-08-10 22:00:00.069726097+00:00,23763.25,2025-08-10 22:00:00.069726097+00:00,23762.75,23753.75,23764.75,True,LIVE_STOP,2025-08-10 22:00:00.101325695+00:00,23766.25,-149.0,-31.0,0.5,1.5,,,
2184,2025-08-10 18:00,WEEKLY,VALIDATED_SOURCE,NQU5,-118.0,OCO_LIMIT_2P0_TTL_1S,OCO_STOP_LIMIT,ORIGINAL_SURVIVOR_STOP,2,RESOLVED,SELL,2025-08-10 22:00:00.069726097+00:00,23763.25,2025-08-10 22:00:00.069726097+00:00,23762.5,23753.75,23764.75,True,LIVE_STOP,2025-08-10 22:00:00.101325695+00:00,23766.5,-169.0,-51.0,0.75,1.5,,,
2184,2025-08-10 18:00,WEEKLY,VALIDATED_SOURCE,NQU5,-118.0,OCO_LIMIT_2P0_TTL_1S,OCO_STOP_LIMIT,ORIGINAL_SURVIVOR_STOP,4,RESOLVED,SELL,2025-08-10 22:00:00.069726097+00:00,23763.25,2025-08-10 22:00:00.069726097+00:00,23762.0,23753.75,23764.75,True,LIVE_STOP,2025-08-10 22:00:00.101325695+00:00,23767.0,-209.0,-91.0,1.25,1.5,,,
2184,2025-08-10 18:00,WEEKLY,VALIDATED_SOURCE,NQU5,-118.0,OCO_LIMIT_2P0_TTL_1S,OCO_STOP_LIMIT,ONE_POINT_FROM_FILL,0,RESOLVED,SELL,2025-08-10 22:00:00.069726097+00:00,23763.25,2025-08-10 22:00:00.069726097+00:00,23763.0,23753.75,23764.0,True,LIVE_STOP,2025-08-10 22:00:00.069726097+00:00,23764.5,-69.0,49.0,0.25,1.5,,,
2184,2025-08-10 18:00,WEEKLY,VALIDATED_SOURCE,NQU5,-118.0,OCO_LIMIT_2P0_TTL_1S,OCO_STOP_LIMIT,ONE_POINT_FROM_FILL,1,RESOLVED,SELL,2025-08-10 22:00:00.069726097+00:00,23763.25,2025-08-10 22:00:00.069726097+00:00,23762.75,23753.75,23763.75,True,LIVE_STOP,2025-08-10 22:00:00.069726097+00:00,23764.75,-89.0,29.0,0.5,1.5,,,
2184,2025-08-10 18:00,WEEKLY,VALIDATED_SOURCE,NQU5,-118.0,OCO_LIMIT_2P0_TTL_1S,OCO_STOP_LIMIT,ONE_POINT_FROM_FILL,2,RESOLVED,SELL,2025-08-10 22:00:00.069726097+00:00,23763.25,2025-08-10 22:00:00.069726097+00:00,23762.5,23753.75,23763.5,True,LIVE_STOP,2025-08-10 22:00:00.069726097+00:00,23765.0,-109.0,9.0,0.75,1.5,,,
2184,2025-08-10 18:00,WEEKLY,VALIDATED_SOURCE,NQU5,-118.0,OCO_LIMIT_2P0_TTL_1S,OCO_STOP_LIMIT,ONE_POINT_FROM_FILL,4,RESOLVED,SELL,2025-08-10 22:00:00.069726097+00:00,23763.25,2025-08-10 22:00:00.069726097+00:00,23762.0,23753.75,23763.0,True,LIVE_STOP,2025-08-10 22:00:00.069726097+00:00,23765.5,-149.0,-31.0,1.25,1.5,,,
2184,2025-08-10 18:00,WEEKLY,VALIDATED_SOURCE,NQU5,-118.0,CTRL_100MS_CAP_0P5,CONTROLLER_MARKET,ORIGINAL_SURVIVOR_STOP,0,SKIP_SPREAD_GATE,SELL,2025-08-10 22:00:00.069726097+00:00,23763.25,,,,,False,,,,0.0,118.0,,6.75,,23.0,
2184,2025-08-10 18:00,WEEKLY,VALIDATED_SOURCE,NQU5,-118.0,CTRL_100MS_CAP_0P5,CONTROLLER_MARKET,ORIGINAL_SURVIVOR_STOP,1,SKIP_SPREAD_GATE,SELL,2025-08-10 22:00:00.069726097+00:00,23763.25,,,,,False,,,,0.0,118.0,,6.75,,23.0,
2184,2025-08-10 18:00,WEEKLY,VALIDATED_SOURCE,NQU5,-118.0,CTRL_100MS_CAP_0P5,CONTROLLER_MARKET,ORIGINAL_SURVIVOR_STOP,2,SKIP_SPREAD_GATE,SELL,2025-08-10 22:00:00.069726097+00:00,23763.25,,,,,False,,,,0.0,118.0,,6.75,,23.0,
2184,2025-08-10 18:00,WEEKLY,VALIDATED_SOURCE,NQU5,-118.0,CTRL_100MS_CAP_0P5,CONTROLLER_MARKET,ORIGINAL_SURVIVOR_STOP,4,SKIP_SPREAD_GATE,SELL,2025-08-10 22:00:00.069726097+00:00,23763.25,,,,,False,,,,0.0,118.0,,6.75,,23.0,
2184,2025-08-10 18:00,WEEKLY,VALIDATED_SOURCE,NQU5,-118.0,CTRL_100MS_CAP_0P5,CONTROLLER_MARKET,ONE_POINT_FROM_FILL,0,SKIP_SPREAD_GATE,SELL,2025-08-10 22:00:00.069726097+00:00,23763.25,,,,,False,,,,0.0,118.0,,6.75,,23.0,
2184,2025-08-10 18:00,WEEKLY,VALIDATED_SOURCE,NQU5,-118.0,CTRL_100MS_CAP_0P5,CONTROLLER_MARKET,ONE_POINT_FROM_FILL,1,SKIP_SPREAD_GATE,SELL,2025-08-10 22:00:00.069726097+00:00,23763.25,,,,,False,,,,0.0,118.0,,6.75,,23.0,
2184,2025-08-10 18:00,WEEKLY,VALIDATED_SOURCE,NQU5,-118.0,CTRL_100MS_CAP_0P5,CONTROLLER_MARKET,ONE_POINT_FROM_FILL,2,SKIP_SPREAD_GATE,SELL,2025-08-10 22:00:00.069726097+00:00,23763.25,,,,,False,,,,0.0,118.0,,6.75,,23.0,
2184,2025-08-10 18:00,WEEKLY,VALIDATED_SOURCE,NQU5,-118.0,CTRL_100MS_CAP_0P5,CONTROLLER_MARKET,ONE_POINT_FROM_FILL,4,SKIP_SPREAD_GATE,SELL,2025-08-10 22:00:00.069726097+00:00,23763.25,,,,,False,,,,0.0,118.0,,6.75,,23.0,
2184,2025-08-10 18:00,WEEKLY,VALIDATED_SOURCE,NQU5,-118.0,CTRL_250MS_CAP_1P0,CONTROLLER_MARKET,ORIGINAL_SURVIVOR_STOP,0,SKIP_SPREAD_GATE,SELL,2025-08-10 22:00:00.069726097+00:00,23763.25,,,,,False,,,,0.0,118.0,,4.5,,28.0,
2184,2025-08-10 18:00,WEEKLY,VALIDATED_SOURCE,NQU5,-118.0,CTRL_250MS_CAP_1P0,CONTROLLER_MARKET,ORIGINAL_SURVIVOR_STOP,1,SKIP_SPREAD_GATE,SELL,2025-08-10 22:00:00.069726097+00:00,23763.25,,,,,False,,,,0.0,118.0,,4.5,,28.0,
2184,2025-08-10 18:00,WEEKLY,VALIDATED_SOURCE,NQU5,-118.0,CTRL_250MS_CAP_1P0,CONTROLLER_MARKET,ORIGINAL_SURVIVOR_STOP,2,SKIP_SPREAD_GATE,SELL,2025-08-10 22:00:00.069726097+00:00,23763.25,,,,,False,,,,0.0,118.0,,4.5,,28.0,
2184,2025-08-10 18:00,WEEKLY,VALIDATED_SOURCE,NQU5,-118.0,CTRL_250MS_CAP_1P0,CONTROLLER_MARKET,ORIGINAL_SURVIVOR_STOP,4,SKIP_SPREAD_GATE,SELL,2025-08-10 22:00:00.069726097+00:00,23763.25,,,,,False,,,,0.0,118.0,,4.5,,28.0,
2184,2025-08-10 18:00,WEEKLY,VALIDATED_SOURCE,NQU5,-118.0,CTRL_250MS_CAP_1P0,CONTROLLER_MARKET,ONE_POINT_FROM_FILL,0,SKIP_SPREAD_GATE,SELL,2025-08-10 22:00:00.069726097+00:00,23763.25,,,,,False,,,,0.0,118.0,,4.5,,28.0,
2184,2025-08-10 18:00,WEEKLY,VALIDATED_SOURCE,NQU5,-118.0,CTRL_250MS_CAP_1P0,CONTROLLER_MARKET,ONE_POINT_FROM_FILL,1,SKIP_SPREAD_GATE,SELL,2025-08-10 22:00:00.069726097+00:00,23763.25,,,,,False,,,,0.0,118.0,,4.5,,28.0,
2184,2025-08-10 18:00,WEEKLY,VALIDATED_SOURCE,NQU5,-118.0,CTRL_250MS_CAP_1P0,CONTROLLER_MARKET,ONE_POINT_FROM_FILL,2,SKIP_SPREAD_GATE,SELL,2025-08-10 22:00:00.069726097+00:00,23763.25,,,,,False,,,,0.0,118.0,,4.5,,28.0,
2184,2025-08-10 18:00,WEEKLY,VALIDATED_SOURCE,NQU5,-118.0,CTRL_250MS_CAP_1P0,CONTROLLER_MARKET,ONE_POINT_FROM_FILL,4,SKIP_SPREAD_GATE,SELL,2025-08-10 22:00:00.069726097+00:00,23763.25,,,,,False,,,,0.0,118.0,,4.5,,28.0,
2184,2025-08-10 18:00,WEEKLY,VALIDATED_SOURCE,NQU5,-118.0,CTRL_500MS_CAP_1P0,CONTROLLER_MARKET,ORIGINAL_SURVIVOR_STOP,0,SKIP_SPREAD_GATE,SELL,2025-08-10 22:00:00.069726097+00:00,23763.25,,,,,False,,,,0.0,118.0,,3.5,,31.0,
2184,2025-08-10 18:00,WEEKLY,VALIDATED_SOURCE,NQU5,-118.0,CTRL_500MS_CAP_1P0,CONTROLLER_MARKET,ORIGINAL_SURVIVOR_STOP,1,SKIP_SPREAD_GATE,SELL,2025-08-10 22:00:00.069726097+00:00,23763.25,,,,,False,,,,0.0,118.0,,3.5,,31.0,
2184,2025-08-10 18:00,WEEKLY,VALIDATED_SOURCE,NQU5,-118.0,CTRL_500MS_CAP_1P0,CONTROLLER_MARKET,ORIGINAL_SURVIVOR_STOP,2,SKIP_SPREAD_GATE,SELL,2025-08-10 22:00:00.069726097+00:00,23763.25,,,,,False,,,,0.0,118.0,,3.5,,31.0,
2184,2025-08-10 18:00,WEEKLY,VALIDATED_SOURCE,NQU5,-118.0,CTRL_500MS_CAP_1P0,CONTROLLER_MARKET,ORIGINAL_SURVIVOR_STOP,4,SKIP_SPREAD_GATE,SELL,2025-08-10 22:00:00.069726097+00:00,23763.25,,,,,False,,,,0.0,118.0,,3.5,,31.0,
2184,2025-08-10 18:00,WEEKLY,VALIDATED_SOURCE,NQU5,-118.0,CTRL_500MS_CAP_1P0,CONTROLLER_MARKET,ONE_POINT_FROM_FILL,0,SKIP_SPREAD_GATE,SELL,2025-08-10 22:00:00.069726097+00:00,23763.25,,,,,False,,,,0.0,118.0,,3.5,,31.0,
2184,2025-08-10 18:00,WEEKLY,VALIDATED_SOURCE,NQU5,-118.0,CTRL_500MS_CAP_1P0,CONTROLLER_MARKET,ONE_POINT_FROM_FILL,1,SKIP_SPREAD_GATE,SELL,2025-08-10 22:00:00.069726097+00:00,23763.25,,,,,False,,,,0.0,118.0,,3.5,,31.0,
2184,2025-08-10 18:00,WEEKLY,VALIDATED_SOURCE,NQU5,-118.0,CTRL_500MS_CAP_1P0,CONTROLLER_MARKET,ONE_POINT_FROM_FILL,2,SKIP_SPREAD_GATE,SELL,2025-08-10 22:00:00.069726097+00:00,23763.25,,,,,False,,,,0.0,118.0,,3.5,,31.0,
2184,2025-08-10 18:00,WEEKLY,VALIDATED_SOURCE,NQU5,-118.0,CTRL_500MS_CAP_1P0,CONTROLLER_MARKET,ONE_POINT_FROM_FILL,4,SKIP_SPREAD_GATE,SELL,2025-08-10 22:00:00.069726097+00:00,23763.25,,,,,False,,,,0.0,118.0,,3.5,,31.0,
2184,2025-08-10 18:00,WEEKLY,VALIDATED_SOURCE,NQU5,-118.0,CTRL_1S_CAP_2P0,CONTROLLER_MARKET,ORIGINAL_SURVIVOR_STOP,0,SKIP_SPREAD_GATE,SELL,2025-08-10 22:00:00.069726097+00:00,23763.25,,,,,False,,,,0.0,118.0,,4.5,,39.0,
2184,2025-08-10 18:00,WEEKLY,VALIDATED_SOURCE,NQU5,-118.0,CTRL_1S_CAP_2P0,CONTROLLER_MARKET,ORIGINAL_SURVIVOR_STOP,1,SKIP_SPREAD_GATE,SELL,2025-08-10 22:00:00.069726097+00:00,23763.25,,,,,False,,,,0.0,118.0,,4.5,,39.0,
2184,2025-08-10 18:00,WEEKLY,VALIDATED_SOURCE,NQU5,-118.0,CTRL_1S_CAP_2P0,CONTROLLER_MARKET,ORIGINAL_SURVIVOR_STOP,2,SKIP_SPREAD_GATE,SELL,2025-08-10 22:00:00.069726097+00:00,23763.25,,,,,False,,,,0.0,118.0,,4.5,,39.0,
2184,2025-08-10 18:00,WEEKLY,VALIDATED_SOURCE,NQU5,-118.0,CTRL_1S_CAP_2P0,CONTROLLER_MARKET,ORIGINAL_SURVIVOR_STOP,4,SKIP_SPREAD_GATE,SELL,2025-08-10 22:00:00.069726097+00:00,23763.25,,,,,False,,,,0.0,118.0,,4.5,,39.0,
2184,2025-08-10 18:00,WEEKLY,VALIDATED_SOURCE,NQU5,-118.0,CTRL_1S_CAP_2P0,CONTROLLER_MARKET,ONE_POINT_FROM_FILL,0,SKIP_SPREAD_GATE,SELL,2025-08-10 22:00:00.069726097+00:00,23763.25,,,,,False,,,,0.0,118.0,,4.5,,39.0,
2184,2025-08-10 18:00,WEEKLY,VALIDATED_SOURCE,NQU5,-118.0,CTRL_1S_CAP_2P0,CONTROLLER_MARKET,ONE_POINT_FROM_FILL,1,SKIP_SPREAD_GATE,SELL,2025-08-10 22:00:00.069726097+00:00,23763.25,,,,,False,,,,0.0,118.0,,4.5,,39.0,
2184,2025-08-10 18:00,WEEKLY,VALIDATED_SOURCE,NQU5,-118.0,CTRL_1S_CAP_2P0,CONTROLLER_MARKET,ONE_POINT_FROM_FILL,2,SKIP_SPREAD_GATE,SELL,2025-08-10 22:00:00.069726097+00:00,23763.25,,,,,False,,,,0.0,118.0,,4.5,,39.0,
2184,2025-08-10 18:00,WEEKLY,VALIDATED_SOURCE,NQU5,-118.0,CTRL_1S_CAP_2P0,CONTROLLER_MARKET,ONE_POINT_FROM_FILL,4,SKIP_SPREAD_GATE,SELL,2025-08-10 22:00:00.069726097+00:00,23763.25,,,,,False,,,,0.0,118.0,,4.5,,39.0,
2185,2025-08-11 09:30,NY,VALIDATED_SOURCE,NQU5,-118.0,OCO_LIMIT_0P5_TTL_1S,OCO_STOP_LIMIT,ORIGINAL_SURVIVOR_STOP,0,RESOLVED,BUY,2025-08-11 13:30:00.021664129+00:00,23716.5,2025-08-11 13:30:00.021664129+00:00,23716.5,23732.0,23715.0,True,LIVE_STOP,2025-08-11 13:30:00.679304243+00:00,23715.0,-69.0,49.0,0.0,0.5,0.003817496,,
2185,2025-08-11 09:30,NY,VALIDATED_SOURCE,NQU5,-118.0,OCO_LIMIT_0P5_TTL_1S,OCO_STOP_LIMIT,ORIGINAL_SURVIVOR_STOP,1,RESOLVED,BUY,2025-08-11 13:30:00.021664129+00:00,23716.5,2025-08-11 13:30:00.021664129+00:00,23716.75,23732.0,23715.0,True,LIVE_STOP,2025-08-11 13:30:00.679304243+00:00,23714.75,-89.0,29.0,0.25,0.5,0.003817496,,
2185,2025-08-11 09:30,NY,VALIDATED_SOURCE,NQU5,-118.0,OCO_LIMIT_0P5_TTL_1S,OCO_STOP_LIMIT,ORIGINAL_SURVIVOR_STOP,2,RESOLVED,BUY,2025-08-11 13:30:00.021664129+00:00,23716.5,2025-08-11 13:30:00.021664129+00:00,23717.0,23732.0,23715.0,True,LIVE_STOP,2025-08-11 13:30:00.679304243+00:00,23714.5,-109.0,9.0,0.5,0.5,0.003817496,,
2185,2025-08-11 09:30,NY,VALIDATED_SOURCE,NQU5,-118.0,OCO_LIMIT_0P5_TTL_1S,OCO_STOP_LIMIT,ORIGINAL_SURVIVOR_STOP,4,RESOLVED,BUY,2025-08-11 13:30:00.021664129+00:00,23716.5,2025-08-11 13:30:00.021664129+00:00,23717.0,23732.0,23715.0,True,LIVE_STOP,2025-08-11 13:30:00.679304243+00:00,23714.0,-129.0,-11.0,0.5,0.5,0.003817496,,
2185,2025-08-11 09:30,NY,VALIDATED_SOURCE,NQU5,-118.0,OCO_LIMIT_0P5_TTL_1S,OCO_STOP_LIMIT,ONE_POINT_FROM_FILL,0,RESOLVED,BUY,2025-08-11 13:30:00.021664129+00:00,23716.5,2025-08-11 13:30:00.021664129+00:00,23716.5,23732.0,23715.5,True,LIVE_STOP,2025-08-11 13:30:00.676906791+00:00,23715.5,-49.0,69.0,0.0,0.5,0.003817496,,
2185,2025-08-11 09:30,NY,VALIDATED_SOURCE,NQU5,-118.0,OCO_LIMIT_0P5_TTL_1S,OCO_STOP_LIMIT,ONE_POINT_FROM_FILL,1,RESOLVED,BUY,2025-08-11 13:30:00.021664129+00:00,23716.5,2025-08-11 13:30:00.021664129+00:00,23716.75,23732.0,23715.75,True,LIVE_STOP,2025-08-11 13:30:00.662098061+00:00,23715.5,-59.0,59.0,0.25,0.5,0.003817496,,
2185,2025-08-11 09:30,NY,VALIDATED_SOURCE,NQU5,-118.0,OCO_LIMIT_0P5_TTL_1S,OCO_STOP_LIMIT,ONE_POINT_FROM_FILL,2,RESOLVED,BUY,2025-08-11 13:30:00.021664129+00:00,23716.5,2025-08-11 13:30:00.021664129+00:00,23717.0,23732.0,23716.0,True,LIVE_STOP,2025-08-11 13:30:00.021664129+00:00,23715.5,-69.0,49.0,0.5,0.5,0.003817496,,
2185,2025-08-11 09:30,NY,VALIDATED_SOURCE,NQU5,-118.0,OCO_LIMIT_0P5_TTL_1S,OCO_STOP_LIMIT,ONE_POINT_FROM_FILL,4,RESOLVED,BUY,2025-08-11 13:30:00.021664129+00:00,23716.5,2025-08-11 13:30:00.021664129+00:00,23717.0,23732.0,23716.0,True,LIVE_STOP,2025-08-11 13:30:00.021664129+00:00,23715.0,-89.0,29.0,0.5,0.5,0.003817496,,
2185,2025-08-11 09:30,NY,VALIDATED_SOURCE,NQU5,-118.0,OCO_LIMIT_1P0_TTL_1S,OCO_STOP_LIMIT,ORIGINAL_SURVIVOR_STOP,0,RESOLVED,BUY,2025-08-11 13:30:00.021664129+00:00,23716.5,2025-08-11 13:30:00.021664129+00:00,23716.5,23732.0,23715.0,True,LIVE_STOP,2025-08-11 13:30:00.679304243+00:00,23715.0,-69.0,49.0,0.0,0.5,0.003817496,,
2185,2025-08-11 09:30,NY,VALIDATED_SOURCE,NQU5,-118.0,OCO_LIMIT_1P0_TTL_1S,OCO_STOP_LIMIT,ORIGINAL_SURVIVOR_STOP,1,RESOLVED,BUY,2025-08-11 13:30:00.021664129+00:00,23716.5,2025-08-11 13:30:00.021664129+00:00,23716.75,23732.0,23715.0,True,LIVE_STOP,2025-08-11 13:30:00.679304243+00:00,23714.75,-89.0,29.0,0.25,0.5,0.003817496,,
2185,2025-08-11 09:30,NY,VALIDATED_SOURCE,NQU5,-118.0,OCO_LIMIT_1P0_TTL_1S,OCO_STOP_LIMIT,ORIGINAL_SURVIVOR_STOP,2,RESOLVED,BUY,2025-08-11 13:30:00.021664129+00:00,23716.5,2025-08-11 13:30:00.021664129+00:00,23717.0,23732.0,23715.0,True,LIVE_STOP,2025-08-11 13:30:00.679304243+00:00,23714.5,-109.0,9.0,0.5,0.5,0.003817496,,
2185,2025-08-11 09:30,NY,VALIDATED_SOURCE,NQU5,-118.0,OCO_LIMIT_1P0_TTL_1S,OCO_STOP_LIMIT,ORIGINAL_SURVIVOR_STOP,4,RESOLVED,BUY,2025-08-11 13:30:00.021664129+00:00,23716.5,2025-08-11 13:30:00.021664129+00:00,23717.5,23732.0,23715.0,True,LIVE_STOP,2025-08-11 13:30:00.679304243+00:00,23714.0,-149.0,-31.0,1.0,0.5,0.003817496,,
2185,2025-08-11 09:30,NY,VALIDATED_SOURCE,NQU5,-118.0,OCO_LIMIT_1P0_TTL_1S,OCO_STOP_LIMIT,ONE_POINT_FROM_FILL,0,RESOLVED,BUY,2025-08-11 13:30:00.021664129+00:00,23716.5,2025-08-11 13:30:00.021664129+00:00,23716.5,23732.0,23715.5,True,LIVE_STOP,2025-08-11 13:30:00.676906791+00:00,23715.5,-49.0,69.0,0.0,0.5,0.003817496,,
2185,2025-08-11 09:30,NY,VALIDATED_SOURCE,NQU5,-118.0,OCO_LIMIT_1P0_TTL_1S,OCO_STOP_LIMIT,ONE_POINT_FROM_FILL,1,RESOLVED,BUY,2025-08-11 13:30:00.021664129+00:00,23716.5,2025-08-11 13:30:00.021664129+00:00,23716.75,23732.0,23715.75,True,LIVE_STOP,2025-08-11 13:30:00.662098061+00:00,23715.5,-59.0,59.0,0.25,0.5,0.003817496,,
2185,2025-08-11 09:30,NY,VALIDATED_SOURCE,NQU5,-118.0,OCO_LIMIT_1P0_TTL_1S,OCO_STOP_LIMIT,ONE_POINT_FROM_FILL,2,RESOLVED,BUY,2025-08-11 13:30:00.021664129+00:00,23716.5,2025-08-11 13:30:00.021664129+00:00,23717.0,23732.0,23716.0,True,LIVE_STOP,2025-08-11 13:30:00.021664129+00:00,23715.5,-69.0,49.0,0.5,0.5,0.003817496,,
2185,2025-08-11 09:30,NY,VALIDATED_SOURCE,NQU5,-118.0,OCO_LIMIT_1P0_TTL_1S,OCO_STOP_LIMIT,ONE_POINT_FROM_FILL,4,RESOLVED,BUY,2025-08-11 13:30:00.021664129+00:00,23716.5,2025-08-11 13:30:00.021664129+00:00,23717.5,23732.0,23716.5,True,LIVE_STOP,2025-08-11 13:30:00.021664129+00:00,23715.0,-109.0,9.0,1.0,0.5,0.003817496,,
2185,2025-08-11 09:30,NY,VALIDATED_SOURCE,NQU5,-118.0,OCO_LIMIT_2P0_TTL_1S,OCO_STOP_LIMIT,ORIGINAL_SURVIVOR_STOP,0,RESOLVED,BUY,2025-08-11 13:30:00.021664129+00:00,23716.5,2025-08-11 13:30:00.021664129+00:00,23716.5,23732.0,23715.0,True,LIVE_STOP,2025-08-11 13:30:00.679304243+00:00,23715.0,-69.0,49.0,0.0,0.5,0.003817496,,
2185,2025-08-11 09:30,NY,VALIDATED_SOURCE,NQU5,-118.0,OCO_LIMIT_2P0_TTL_1S,OCO_STOP_LIMIT,ORIGINAL_SURVIVOR_STOP,1,RESOLVED,BUY,2025-08-11 13:30:00.021664129+00:00,23716.5,2025-08-11 13:30:00.021664129+00:00,23716.75,23732.0,23715.0,True,LIVE_STOP,2025-08-11 13:30:00.679304243+00:00,23714.75,-89.0,29.0,0.25,0.5,0.003817496,,
2185,2025-08-11 09:30,NY,VALIDATED_SOURCE,NQU5,-118.0,OCO_LIMIT_2P0_TTL_1S,OCO_STOP_LIMIT,ORIGINAL_SURVIVOR_STOP,2,RESOLVED,BUY,2025-08-11 13:30:00.021664129+00:00,23716.5,2025-08-11 13:30:00.021664129+00:00,23717.0,23732.0,23715.0,True,LIVE_STOP,2025-08-11 13:30:00.679304243+00:00,23714.5,-109.0,9.0,0.5,0.5,0.003817496,,
2185,2025-08-11 09:30,NY,VALIDATED_SOURCE,NQU5,-118.0,OCO_LIMIT_2P0_TTL_1S,OCO_STOP_LIMIT,ORIGINAL_SURVIVOR_STOP,4,RESOLVED,BUY,2025-08-11 13:30:00.021664129+00:00,23716.5,2025-08-11 13:30:00.021664129+00:00,23717.5,23732.0,23715.0,True,LIVE_STOP,2025-08-11 13:30:00.679304243+00:00,23714.0,-149.0,-31.0,1.0,0.5,0.003817496,,
2185,2025-08-11 09:30,NY,VALIDATED_SOURCE,NQU5,-118.0,OCO_LIMIT_2P0_TTL_1S,OCO_STOP_LIMIT,ONE_POINT_FROM_FILL,0,RESOLVED,BUY,2025-08-11 13:30:00.021664129+00:00,23716.5,2025-08-11 13:30:00.021664129+00:00,23716.5,23732.0,23715.5,True,LIVE_STOP,2025-08-11 13:30:00.676906791+00:00,23715.5,-49.0,69.0,0.0,0.5,0.003817496,,
2185,2025-08-11 09:30,NY,VALIDATED_SOURCE,NQU5,-118.0,OCO_LIMIT_2P0_TTL_1S,OCO_STOP_LIMIT,ONE_POINT_FROM_FILL,1,RESOLVED,BUY,2025-08-11 13:30:00.021664129+00:00,23716.5,2025-08-11 13:30:00.021664129+00:00,23716.75,23732.0,23715.75,True,LIVE_STOP,2025-08-11 13:30:00.662098061+00:00,23715.5,-59.0,59.0,0.25,0.5,0.003817496,,
2185,2025-08-11 09:30,NY,VALIDATED_SOURCE,NQU5,-118.0,OCO_LIMIT_2P0_TTL_1S,OCO_STOP_LIMIT,ONE_POINT_FROM_FILL,2,RESOLVED,BUY,2025-08-11 13:30:00.021664129+00:00,23716.5,2025-08-11 13:30:00.021664129+00:00,23717.0,23732.0,23716.0,True,LIVE_STOP,2025-08-11 13:30:00.021664129+00:00,23715.5,-69.0,49.0,0.5,0.5,0.003817496,,
2185,2025-08-11 09:30,NY,VALIDATED_SOURCE,NQU5,-118.0,OCO_LIMIT_2P0_TTL_1S,OCO_STOP_LIMIT,ONE_POINT_FROM_FILL,4,RESOLVED,BUY,2025-08-11 13:30:00.021664129+00:00,23716.5,2025-08-11 13:30:00.021664129+00:00,23717.5,23732.0,23716.5,True,LIVE_STOP,2025-08-11 13:30:00.021664129+00:00,23715.0,-109.0,9.0,1.0,0.5,0.003817496,,
2185,2025-08-11 09:30,NY,VALIDATED_SOURCE,NQU5,-118.0,CTRL_100MS_CAP_0P5,CONTROLLER_MARKET,ORIGINAL_SURVIVOR_STOP,0,RESOLVED,BUY,2025-08-11 13:30:00.021664129+00:00,23716.5,2025-08-11 13:30:00.122246239+00:00,23717.0,23732.0,23715.0,True,LIVE_STOP,2025-08-11 13:30:00.679304243+00:00,23715.0,-89.0,29.0,0.5,0.25,0.003817496,,
2185,2025-08-11 09:30,NY,VALIDATED_SOURCE,NQU5,-118.0,CTRL_100MS_CAP_0P5,CONTROLLER_MARKET,ORIGINAL_SURVIVOR_STOP,1,SKIP_CHASE_CAP,BUY,2025-08-11 13:30:00.021664129+00:00,23716.5,,23717.25,,,False,,,,0.0,118.0,0.75,0.25,,105.0,
2185,2025-08-11 09:30,NY,VALIDATED_SOURCE,NQU5,-118.0,CTRL_100MS_CAP_0P5,CONTROLLER_MARKET,ORIGINAL_SURVIVOR_STOP,2,SKIP_CHASE_CAP,BUY,2025-08-11 13:30:00.021664129+00:00,23716.5,,23717.5,,,False,,,,0.0,118.0,1.0,0.25,,105.0,
2185,2025-08-11 09:30,NY,VALIDATED_SOURCE,NQU5,-118.0,CTRL_100MS_CAP_0P5,CONTROLLER_MARKET,ORIGINAL_SURVIVOR_STOP,4,SKIP_CHASE_CAP,BUY,2025-08-11 13:30:00.021664129+00:00,23716.5,,23718.0,,,False,,,,0.0,118.0,1.5,0.25,,105.0,
2185,2025-08-11 09:30,NY,VALIDATED_SOURCE,NQU5,-118.0,CTRL_100MS_CAP_0P5,CONTROLLER_MARKET,ONE_POINT_FROM_FILL,0,RESOLVED,BUY,2025-08-11 13:30:00.021664129+00:00,23716.5,2025-08-11 13:30:00.122246239+00:00,23717.0,23732.0,23716.0,True,LIVE_STOP,2025-08-11 13:30:00.620485767+00:00,23716.25,-39.0,79.0,0.5,0.25,0.003817496,,
2185,2025-08-11 09:30,NY,VALIDATED_SOURCE,NQU5,-118.0,CTRL_100MS_CAP_0P5,CONTROLLER_MARKET,ONE_POINT_FROM_FILL,1,SKIP_CHASE_CAP,BUY,2025-08-11 13:30:00.021664129+00:00,23716.5,,23717.25,,,False,,,,0.0,118.0,0.75,0.25,,105.0,
2185,2025-08-11 09:30,NY,VALIDATED_SOURCE,NQU5,-118.0,CTRL_100MS_CAP_0P5,CONTROLLER_MARKET,ONE_POINT_FROM_FILL,2,SKIP_CHASE_CAP,BUY,2025-08-11 13:30:00.021664129+00:00,23716.5,,23717.5,,,False,,,,0.0,118.0,1.0,0.25,,105.0,
2185,2025-08-11 09:30,NY,VALIDATED_SOURCE,NQU5,-118.0,CTRL_100MS_CAP_0P5,CONTROLLER_MARKET,ONE_POINT_FROM_FILL,4,SKIP_CHASE_CAP,BUY,2025-08-11 13:30:00.021664129+00:00,23716.5,,23718.0,,,False,,,,0.0,118.0,1.5,0.25,,105.0,
2185,2025-08-11 09:30,NY,VALIDATED_SOURCE,NQU5,-118.0,CTRL_250MS_CAP_1P0,CONTROLLER_MARKET,ORIGINAL_SURVIVOR_STOP,0,RESOLVED,BUY,2025-08-11 13:30:00.021664129+00:00,23716.5,2025-08-11 13:30:00.273068713+00:00,23717.5,23732.0,23715.0,True,LIVE_STOP,2025-08-11 13:30:00.679304243+00:00,23715.0,-109.0,9.0,1.0,0.5,0.003817496,,
2185,2025-08-11 09:30,NY,VALIDATED_SOURCE,NQU5,-118.0,CTRL_250MS_CAP_1P0,CONTROLLER_MARKET,ORIGINAL_SURVIVOR_STOP,1,SKIP_CHASE_CAP,BUY,2025-08-11 13:30:00.021664129+00:00,23716.5,,23717.75,,,False,,,,0.0,118.0,1.25,0.5,,168.0,
2185,2025-08-11 09:30,NY,VALIDATED_SOURCE,NQU5,-118.0,CTRL_250MS_CAP_1P0,CONTROLLER_MARKET,ORIGINAL_SURVIVOR_STOP,2,SKIP_CHASE_CAP,BUY,2025-08-11 13:30:00.021664129+00:00,23716.5,,23718.0,,,False,,,,0.0,118.0,1.5,0.5,,168.0,
2185,2025-08-11 09:30,NY,VALIDATED_SOURCE,NQU5,-118.0,CTRL_250MS_CAP_1P0,CONTROLLER_MARKET,ORIGINAL_SURVIVOR_STOP,4,SKIP_CHASE_CAP,BUY,2025-08-11 13:30:00.021664129+00:00,23716.5,,23718.5,,,False,,,,0.0,118.0,2.0,0.5,,168.0,
2185,2025-08-11 09:30,NY,VALIDATED_SOURCE,NQU5,-118.0,CTRL_250MS_CAP_1P0,CONTROLLER_MARKET,ONE_POINT_FROM_FILL,0,RESOLVED,BUY,2025-08-11 13:30:00.021664129+00:00,23716.5,2025-08-11 13:30:00.273068713+00:00,23717.5,23732.0,23716.5,True,LIVE_STOP,2025-08-11 13:30:00.361752233+00:00,23716.5,-49.0,69.0,1.0,0.5,0.003817496,,
2185,2025-08-11 09:30,NY,VALIDATED_SOURCE,NQU5,-118.0,CTRL_250MS_CAP_1P0,CONTROLLER_MARKET,ONE_POINT_FROM_FILL,1,SKIP_CHASE_CAP,BUY,2025-08-11 13:30:00.021664129+00:00,23716.5,,23717.75,,,False,,,,0.0,118.0,1.25,0.5,,168.0,
2185,2025-08-11 09:30,NY,VALIDATED_SOURCE,NQU5,-118.0,CTRL_250MS_CAP_1P0,CONTROLLER_MARKET,ONE_POINT_FROM_FILL,2,SKIP_CHASE_CAP,BUY,2025-08-11 13:30:00.021664129+00:00,23716.5,,23718.0,,,False,,,,0.0,118.0,1.5,0.5,,168.0,
2185,2025-08-11 09:30,NY,VALIDATED_SOURCE,NQU5,-118.0,CTRL_250MS_CAP_1P0,CONTROLLER_MARKET,ONE_POINT_FROM_FILL,4,SKIP_CHASE_CAP,BUY,2025-08-11 13:30:00.021664129+00:00,23716.5,,23718.5,,,False,,,,0.0,118.0,2.0,0.5,,168.0,
2185,2025-08-11 09:30,NY,VALIDATED_SOURCE,NQU5,-118.0,CTRL_500MS_CAP_1P0,CONTROLLER_MARKET,ORIGINAL_SURVIVOR_STOP,0,RESOLVED,BUY,2025-08-11 13:30:00.021664129+00:00,23716.5,2025-08-11 13:30:00.530265715+00:00,23717.5,23732.0,23715.0,True,LIVE_STOP,2025-08-11 13:30:00.679304243+00:00,23715.0,-109.0,9.0,1.0,0.5,0.003817496,,
2185,2025-08-11 09:30,NY,VALIDATED_SOURCE,NQU5,-118.0,CTRL_500MS_CAP_1P0,CONTROLLER_MARKET,ORIGINAL_SURVIVOR_STOP,1,SKIP_CHASE_CAP,BUY,2025-08-11 13:30:00.021664129+00:00,23716.5,,23717.75,,,False,,,,0.0,118.0,1.25,0.5,,221.0,
2185,2025-08-11 09:30,NY,VALIDATED_SOURCE,NQU5,-118.0,CTRL_500MS_CAP_1P0,CONTROLLER_MARKET,ORIGINAL_SURVIVOR_STOP,2,SKIP_CHASE_CAP,BUY,2025-08-11 13:30:00.021664129+00:00,23716.5,,23718.0,,,False,,,,0.0,118.0,1.5,0.5,,221.0,
2185,2025-08-11 09:30,NY,VALIDATED_SOURCE,NQU5,-118.0,CTRL_500MS_CAP_1P0,CONTROLLER_MARKET,ORIGINAL_SURVIVOR_STOP,4,SKIP_CHASE_CAP,BUY,2025-08-11 13:30:00.021664129+00:00,23716.5,,23718.5,,,False,,,,0.0,118.0,2.0,0.5,,221.0,
2185,2025-08-11 09:30,NY,VALIDATED_SOURCE,NQU5,-118.0,CTRL_500MS_CAP_1P0,CONTROLLER_MARKET,ONE_POINT_FROM_FILL,0,RESOLVED,BUY,2025-08-11 13:30:00.021664129+00:00,23716.5,2025-08-11 13:30:00.530265715+00:00,23717.5,23732.0,23716.5,True,LIVE_STOP,2025-08-11 13:30:00.600951133+00:00,23716.5,-49.0,69.0,1.0,0.5,0.003817496,,
2185,2025-08-11 09:30,NY,VALIDATED_SOURCE,NQU5,-118.0,CTRL_500MS_CAP_1P0,CONTROLLER_MARKET,ONE_POINT_FROM_FILL,1,SKIP_CHASE_CAP,BUY,2025-08-11 13:30:00.021664129+00:00,23716.5,,23717.75,,,False,,,,0.0,118.0,1.25,0.5,,221.0,
2185,2025-08-11 09:30,NY,VALIDATED_SOURCE,NQU5,-118.0,CTRL_500MS_CAP_1P0,CONTROLLER_MARKET,ONE_POINT_FROM_FILL,2,SKIP_CHASE_CAP,BUY,2025-08-11 13:30:00.021664129+00:00,23716.5,,23718.0,,,False,,,,0.0,118.0,1.5,0.5,,221.0,
2185,2025-08-11 09:30,NY,VALIDATED_SOURCE,NQU5,-118.0,CTRL_500MS_CAP_1P0,CONTROLLER_MARKET,ONE_POINT_FROM_FILL,4,SKIP_CHASE_CAP,BUY,2025-08-11 13:30:00.021664129+00:00,23716.5,,23718.5,,,False,,,,0.0,118.0,2.0,0.5,,221.0,
2185,2025-08-11 09:30,NY,VALIDATED_SOURCE,NQU5,-118.0,CTRL_1S_CAP_2P0,CONTROLLER_MARKET,ORIGINAL_SURVIVOR_STOP,0,RESOLVED,BUY,2025-08-11 13:30:00.021664129+00:00,23716.5,2025-08-11 13:30:01.023626167+00:00,23715.25,23732.0,23715.0,True,LIVE_STOP,2025-08-11 13:30:01.023626167+00:00,23714.75,-29.0,89.0,0.0,0.5,0.003817496,,
2185,2025-08-11 09:30,NY,VALIDATED_SOURCE,NQU5,-118.0,CTRL_1S_CAP_2P0,CONTROLLER_MARKET,ORIGINAL_SURVIVOR_STOP,1,RESOLVED,BUY,2025-08-11 13:30:00.021664129+00:00,23716.5,2025-08-11 13:30:01.023626167+00:00,23715.5,23732.0,23715.0,True,LIVE_STOP,2025-08-11 13:30:01.023626167+00:00,23714.5,-49.0,69.0,0.0,0.5,0.003817496,,
2185,2025-08-11 09:30,NY,VALIDATED_SOURCE,NQU5,-118.0,CTRL_1S_CAP_2P0,CONTROLLER_MARKET,ORIGINAL_SURVIVOR_STOP,2,RESOLVED,BUY,2025-08-11 13:30:00.021664129+00:00,23716.5,2025-08-11 13:30:01.023626167+00:00,23715.75,23732.0,23715.0,True,LIVE_STOP,2025-08-11 13:30:01.023626167+00:00,23714.25,-69.0,49.0,0.0,0.5,0.003817496,,
2185,2025-08-11 09:30,NY,VALIDATED_SOURCE,NQU5,-118.0,CTRL_1S_CAP_2P0,CONTROLLER_MARKET,ORIGINAL_SURVIVOR_STOP,4,RESOLVED,BUY,2025-08-11 13:30:00.021664129+00:00,23716.5,2025-08-11 13:30:01.023626167+00:00,23716.25,23732.0,23715.0,True,LIVE_STOP,2025-08-11 13:30:01.023626167+00:00,23713.75,-109.0,9.0,0.0,0.5,0.003817496,,
2185,2025-08-11 09:30,NY,VALIDATED_SOURCE,NQU5,-118.0,CTRL_1S_CAP_2P0,CONTROLLER_MARKET,ONE_POINT_FROM_FILL,0,RESOLVED,BUY,2025-08-11 13:30:00.021664129+00:00,23716.5,2025-08-11 13:30:01.023626167+00:00,23715.25,23732.0,23714.25,True,LIVE_STOP,2025-08-11 13:31:01.927889091+00:00,23714.25,-49.0,69.0,0.0,0.5,0.003817496,,
2185,2025-08-11 09:30,NY,VALIDATED_SOURCE,NQU5,-118.0,CTRL_1S_CAP_2P0,CONTROLLER_MARKET,ONE_POINT_FROM_FILL,1,RESOLVED,BUY,2025-08-11 13:30:00.021664129+00:00,23716.5,2025-08-11 13:30:01.023626167+00:00,23715.5,23732.0,23714.5,True,LIVE_STOP,2025-08-11 13:31:01.927889091+00:00,23714.0,-69.0,49.0,0.0,0.5,0.003817496,,
2185,2025-08-11 09:30,NY,VALIDATED_SOURCE,NQU5,-118.0,CTRL_1S_CAP_2P0,CONTROLLER_MARKET,ONE_POINT_FROM_FILL,2,RESOLVED,BUY,2025-08-11 13:30:00.021664129+00:00,23716.5,2025-08-11 13:30:01.023626167+00:00,23715.75,23732.0,23714.75,True,LIVE_STOP,2025-08-11 13:30:01.023626167+00:00,23714.25,-69.0,49.0,0.0,0.5,0.003817496,,
2185,2025-08-11 09:30,NY,VALIDATED_SOURCE,NQU5,-118.0,CTRL_1S_CAP_2P0,CONTROLLER_MARKET,ONE_POINT_FROM_FILL,4,RESOLVED,BUY,2025-08-11 13:30:00.021664129+00:00,23716.5,2025-08-11 13:30:01.023626167+00:00,23716.25,23732.0,23715.25,True,LIVE_STOP,2025-08-11 13:30:01.023626167+00:00,23713.75,-109.0,9.0,0.0,0.5,0.003817496,,
2186,2025-08-12 09:30,NY,VALIDATED_SOURCE,NQU5,572.0,OCO_LIMIT_0P5_TTL_1S,OCO_STOP_LIMIT,ORIGINAL_SURVIVOR_STOP,0,RESOLVED,BUY,2025-08-12 13:30:00.002884207+00:00,23733.75,2025-08-12 13:30:00.002884207+00:00,23733.75,23749.25,23732.25,True,LIVE_STOP,2025-08-12 13:30:00.002884207+00:00,23732.25,-69.0,-641.0,0.0,1.5,0.001433568,,
2186,2025-08-12 09:30,NY,VALIDATED_SOURCE,NQU5,572.0,OCO_LIMIT_0P5_TTL_1S,OCO_STOP_LIMIT,ORIGINAL_SURVIVOR_STOP,1,RESOLVED,BUY,2025-08-12 13:30:00.002884207+00:00,23733.75,2025-08-12 13:30:00.002884207+00:00,23734.0,23749.25,23732.25,True,LIVE_STOP,2025-08-12 13:30:00.002884207+00:00,23732.0,-89.0,-661.0,0.25,1.5,0.001433568,,
2186,2025-08-12 09:30,NY,VALIDATED_SOURCE,NQU5,572.0,OCO_LIMIT_0P5_TTL_1S,OCO_STOP_LIMIT,ORIGINAL_SURVIVOR_STOP,2,RESOLVED,BUY,2025-08-12 13:30:00.002884207+00:00,23733.75,2025-08-12 13:30:00.002884207+00:00,23734.25,23749.25,23732.25,True,LIVE_STOP,2025-08-12 13:30:00.002884207+00:00,23731.75,-109.0,-681.0,0.5,1.5,0.001433568,,
2186,2025-08-12 09:30,NY,VALIDATED_SOURCE,NQU5,572.0,OCO_LIMIT_0P5_TTL_1S,OCO_STOP_LIMIT,ORIGINAL_SURVIVOR_STOP,4,RESOLVED,BUY,2025-08-12 13:30:00.002884207+00:00,23733.75,2025-08-12 13:30:00.002884207+00:00,23734.25,23749.25,23732.25,True,LIVE_STOP,2025-08-12 13:30:00.002884207+00:00,23731.25,-129.0,-701.0,0.5,1.5,0.001433568,,
2186,2025-08-12 09:30,NY,VALIDATED_SOURCE,NQU5,572.0,OCO_LIMIT_0P5_TTL_1S,OCO_STOP_LIMIT,ONE_POINT_FROM_FILL,0,RESOLVED,BUY,2025-08-12 13:30:00.002884207+00:00,23733.75,2025-08-12 13:30:00.002884207+00:00,23733.75,23749.25,23732.75,True,LIVE_STOP,2025-08-12 13:30:00.002884207+00:00,23732.25,-69.0,-641.0,0.0,1.5,0.001433568,,
2186,2025-08-12 09:30,NY,VALIDATED_SOURCE,NQU5,572.0,OCO_LIMIT_0P5_TTL_1S,OCO_STOP_LIMIT,ONE_POINT_FROM_FILL,1,RESOLVED,BUY,2025-08-12 13:30:00.002884207+00:00,23733.75,2025-08-12 13:30:00.002884207+00:00,23734.0,23749.25,23733.0,True,LIVE_STOP,2025-08-12 13:30:00.002884207+00:00,23732.0,-89.0,-661.0,0.25,1.5,0.001433568,,
2186,2025-08-12 09:30,NY,VALIDATED_SOURCE,NQU5,572.0,OCO_LIMIT_0P5_TTL_1S,OCO_STOP_LIMIT,ONE_POINT_FROM_FILL,2,RESOLVED,BUY,2025-08-12 13:30:00.002884207+00:00,23733.75,2025-08-12 13:30:00.002884207+00:00,23734.25,23749.25,23733.25,True,LIVE_STOP,2025-08-12 13:30:00.002884207+00:00,23731.75,-109.0,-681.0,0.5,1.5,0.001433568,,
2186,2025-08-12 09:30,NY,VALIDATED_SOURCE,NQU5,572.0,OCO_LIMIT_0P5_TTL_1S,OCO_STOP_LIMIT,ONE_POINT_FROM_FILL,4,RESOLVED,BUY,2025-08-12 13:30:00.002884207+00:00,23733.75,2025-08-12 13:30:00.002884207+00:00,23734.25,23749.25,23733.25,True,LIVE_STOP,2025-08-12 13:30:00.002884207+00:00,23731.25,-129.0,-701.0,0.5,1.5,0.001433568,,
2186,2025-08-12 09:30,NY,VALIDATED_SOURCE,NQU5,572.0,OCO_LIMIT_1P0_TTL_1S,OCO_STOP_LIMIT,ORIGINAL_SURVIVOR_STOP,0,RESOLVED,BUY,2025-08-12 13:30:00.002884207+00:00,23733.75,2025-08-12 13:30:00.002884207+00:00,23733.75,23749.25,23732.25,True,LIVE_STOP,2025-08-12 13:30:00.002884207+00:00,23732.25,-69.0,-641.0,0.0,1.5,0.001433568,,
2186,2025-08-12 09:30,NY,VALIDATED_SOURCE,NQU5,572.0,OCO_LIMIT_1P0_TTL_1S,OCO_STOP_LIMIT,ORIGINAL_SURVIVOR_STOP,1,RESOLVED,BUY,2025-08-12 13:30:00.002884207+00:00,23733.75,2025-08-12 13:30:00.002884207+00:00,23734.0,23749.25,23732.25,True,LIVE_STOP,2025-08-12 13:30:00.002884207+00:00,23732.0,-89.0,-661.0,0.25,1.5,0.001433568,,
2186,2025-08-12 09:30,NY,VALIDATED_SOURCE,NQU5,572.0,OCO_LIMIT_1P0_TTL_1S,OCO_STOP_LIMIT,ORIGINAL_SURVIVOR_STOP,2,RESOLVED,BUY,2025-08-12 13:30:00.002884207+00:00,23733.75,2025-08-12 13:30:00.002884207+00:00,23734.25,23749.25,23732.25,True,LIVE_STOP,2025-08-12 13:30:00.002884207+00:00,23731.75,-109.0,-681.0,0.5,1.5,0.001433568,,
2186,2025-08-12 09:30,NY,VALIDATED_SOURCE,NQU5,572.0,OCO_LIMIT_1P0_TTL_1S,OCO_STOP_LIMIT,ORIGINAL_SURVIVOR_STOP,4,RESOLVED,BUY,2025-08-12 13:30:00.002884207+00:00,23733.75,2025-08-12 13:30:00.002884207+00:00,23734.75,23749.25,23732.25,True,LIVE_STOP,2025-08-12 13:30:00.002884207+00:00,23731.25,-149.0,-721.0,1.0,1.5,0.001433568,,
2186,2025-08-12 09:30,NY,VALIDATED_SOURCE,NQU5,572.0,OCO_LIMIT_1P0_TTL_1S,OCO_STOP_LIMIT,ONE_POINT_FROM_FILL,0,RESOLVED,BUY,2025-08-12 13:30:00.002884207+00:00,23733.75,2025-08-12 13:30:00.002884207+00:00,23733.75,23749.25,23732.75,True,LIVE_STOP,2025-08-12 13:30:00.002884207+00:00,23732.25,-69.0,-641.0,0.0,1.5,0.001433568,,
2186,2025-08-12 09:30,NY,VALIDATED_SOURCE,NQU5,572.0,OCO_LIMIT_1P0_TTL_1S,OCO_STOP_LIMIT,ONE_POINT_FROM_FILL,1,RESOLVED,BUY,2025-08-12 13:30:00.002884207+00:00,23733.75,2025-08-12 13:30:00.002884207+00:00,23734.0,23749.25,23733.0,True,LIVE_STOP,2025-08-12 13:30:00.002884207+00:00,23732.0,-89.0,-661.0,0.25,1.5,0.001433568,,
2186,2025-08-12 09:30,NY,VALIDATED_SOURCE,NQU5,572.0,OCO_LIMIT_1P0_TTL_1S,OCO_STOP_LIMIT,ONE_POINT_FROM_FILL,2,RESOLVED,BUY,2025-08-12 13:30:00.002884207+00:00,23733.75,2025-08-12 13:30:00.002884207+00:00,23734.25,23749.25,23733.25,True,LIVE_STOP,2025-08-12 13:30:00.002884207+00:00,23731.75,-109.0,-681.0,0.5,1.5,0.001433568,,
2186,2025-08-12 09:30,NY,VALIDATED_SOURCE,NQU5,572.0,OCO_LIMIT_1P0_TTL_1S,OCO_STOP_LIMIT,ONE_POINT_FROM_FILL,4,RESOLVED,BUY,2025-08-12 13:30:00.002884207+00:00,23733.75,2025-08-12 13:30:00.002884207+00:00,23734.75,23749.25,23733.75,True,LIVE_STOP,2025-08-12 13:30:00.002884207+00:00,23731.25,-149.0,-721.0,1.0,1.5,0.001433568,,
2186,2025-08-12 09:30,NY,VALIDATED_SOURCE,NQU5,572.0,OCO_LIMIT_2P0_TTL_1S,OCO_STOP_LIMIT,ORIGINAL_SURVIVOR_STOP,0,RESOLVED,BUY,2025-08-12 13:30:00.002884207+00:00,23733.75,2025-08-12 13:30:00.002884207+00:00,23733.75,23749.25,23732.25,True,LIVE_STOP,2025-08-12 13:30:00.002884207+00:00,23732.25,-69.0,-641.0,0.0,1.5,0.001433568,,
2186,2025-08-12 09:30,NY,VALIDATED_SOURCE,NQU5,572.0,OCO_LIMIT_2P0_TTL_1S,OCO_STOP_LIMIT,ORIGINAL_SURVIVOR_STOP,1,RESOLVED,BUY,2025-08-12 13:30:00.002884207+00:00,23733.75,2025-08-12 13:30:00.002884207+00:00,23734.0,23749.25,23732.25,True,LIVE_STOP,2025-08-12 13:30:00.002884207+00:00,23732.0,-89.0,-661.0,0.25,1.5,0.001433568,,
2186,2025-08-12 09:30,NY,VALIDATED_SOURCE,NQU5,572.0,OCO_LIMIT_2P0_TTL_1S,OCO_STOP_LIMIT,ORIGINAL_SURVIVOR_STOP,2,RESOLVED,BUY,2025-08-12 13:30:00.002884207+00:00,23733.75,2025-08-12 13:30:00.002884207+00:00,23734.25,23749.25,23732.25,True,LIVE_STOP,2025-08-12 13:30:00.002884207+00:00,23731.75,-109.0,-681.0,0.5,1.5,0.001433568,,
2186,2025-08-12 09:30,NY,VALIDATED_SOURCE,NQU5,572.0,OCO_LIMIT_2P0_TTL_1S,OCO_STOP_LIMIT,ORIGINAL_SURVIVOR_STOP,4,RESOLVED,BUY,2025-08-12 13:30:00.002884207+00:00,23733.75,2025-08-12 13:30:00.002884207+00:00,23734.75,23749.25,23732.25,True,LIVE_STOP,2025-08-12 13:30:00.002884207+00:00,23731.25,-149.0,-721.0,1.0,1.5,0.001433568,,
2186,2025-08-12 09:30,NY,VALIDATED_SOURCE,NQU5,572.0,OCO_LIMIT_2P0_TTL_1S,OCO_STOP_LIMIT,ONE_POINT_FROM_FILL,0,RESOLVED,BUY,2025-08-12 13:30:00.002884207+00:00,23733.75,2025-08-12 13:30:00.002884207+00:00,23733.75,23749.25,23732.75,True,LIVE_STOP,2025-08-12 13:30:00.002884207+00:00,23732.25,-69.0,-641.0,0.0,1.5,0.001433568,,
2186,2025-08-12 09:30,NY,VALIDATED_SOURCE,NQU5,572.0,OCO_LIMIT_2P0_TTL_1S,OCO_STOP_LIMIT,ONE_POINT_FROM_FILL,1,RESOLVED,BUY,2025-08-12 13:30:00.002884207+00:00,23733.75,2025-08-12 13:30:00.002884207+00:00,23734.0,23749.25,23733.0,True,LIVE_STOP,2025-08-12 13:30:00.002884207+00:00,23732.0,-89.0,-661.0,0.25,1.5,0.001433568,,
2186,2025-08-12 09:30,NY,VALIDATED_SOURCE,NQU5,572.0,OCO_LIMIT_2P0_TTL_1S,OCO_STOP_LIMIT,ONE_POINT_FROM_FILL,2,RESOLVED,BUY,2025-08-12 13:30:00.002884207+00:00,23733.75,2025-08-12 13:30:00.002884207+00:00,23734.25,23749.25,23733.25,True,LIVE_STOP,2025-08-12 13:30:00.002884207+00:00,23731.75,-109.0,-681.0,0.5,1.5,0.001433568,,
2186,2025-08-12 09:30,NY,VALIDATED_SOURCE,NQU5,572.0,OCO_LIMIT_2P0_TTL_1S,OCO_STOP_LIMIT,ONE_POINT_FROM_FILL,4,RESOLVED,BUY,2025-08-12 13:30:00.002884207+00:00,23733.75,2025-08-12 13:30:00.002884207+00:00,23734.75,23749.25,23733.75,True,LIVE_STOP,2025-08-12 13:30:00.002884207+00:00,23731.25,-149.0,-721.0,1.0,1.5,0.001433568,,
2186,2025-08-12 09:30,NY,VALIDATED_SOURCE,NQU5,572.0,CTRL_100MS_CAP_0P5,CONTROLLER_MARKET,ORIGINAL_SURVIVOR_STOP,0,RESOLVED,BUY,2025-08-12 13:30:00.002884207+00:00,23733.75,2025-08-12 13:30:00.114805719+00:00,23733.0,23749.25,23732.25,True,LIVE_STOP,2025-08-12 13:30:00.114805719+00:00,23732.25,-39.0,-611.0,0.0,0.75,0.001433568,,
2186,2025-08-12 09:30,NY,VALIDATED_SOURCE,NQU5,572.0,CTRL_100MS_CAP_0P5,CONTROLLER_MARKET,ORIGINAL_SURVIVOR_STOP,1,RESOLVED,BUY,2025-08-12 13:30:00.002884207+00:00,23733.75,2025-08-12 13:30:00.114805719+00:00,23733.25,23749.25,23732.25,True,LIVE_STOP,2025-08-12 13:30:00.114805719+00:00,23732.0,-59.0,-631.0,0.0,0.75,0.001433568,,
2186,2025-08-12 09:30,NY,VALIDATED_SOURCE,NQU5,572.0,CTRL_100MS_CAP_0P5,CONTROLLER_MARKET,ORIGINAL_SURVIVOR_STOP,2,RESOLVED,BUY,2025-08-12 13:30:00.002884207+00:00,23733.75,2025-08-12 13:30:00.114805719+00:00,23733.5,23749.25,23732.25,True,LIVE_STOP,2025-08-12 13:30:00.114805719+00:00,23731.75,-79.0,-651.0,0.0,0.75,0.001433568,,
2186,2025-08-12 09:30,NY,VALIDATED_SOURCE,NQU5,572.0,CTRL_100MS_CAP_0P5,CONTROLLER_MARKET,ORIGINAL_SURVIVOR_STOP,4,RESOLVED,BUY,2025-08-12 13:30:00.002884207+00:00,23733.75,2025-08-12 13:30:00.114805719+00:00,23734.0,23749.25,23732.25,True,LIVE_STOP,2025-08-12 13:30:00.114805719+00:00,23731.25,-119.0,-691.0,0.25,0.75,0.001433568,,
2186,2025-08-12 09:30,NY,VALIDATED_SOURCE,NQU5,572.0,CTRL_100MS_CAP_0P5,CONTROLLER_MARKET,ONE_POINT_FROM_FILL,0,RESOLVED,BUY,2025-08-12 13:30:00.002884207+00:00,23733.75,2025-08-12 13:30:00.114805719+00:00,23733.0,23749.25,23732.0,True,LIVE_STOP,2025-08-12 13:30:00.214106133+00:00,23732.5,-29.0,-601.0,0.0,0.75,0.001433568,,
2186,2025-08-12 09:30,NY,VALIDATED_SOURCE,NQU5,572.0,CTRL_100MS_CAP_0P5,CONTROLLER_MARKET,ONE_POINT_FROM_FILL,1,RESOLVED,BUY,2025-08-12 13:30:00.002884207+00:00,23733.75,2025-08-12 13:30:00.114805719+00:00,23733.25,23749.25,23732.25,True,LIVE_STOP,2025-08-12 13:30:00.114805719+00:00,23732.0,-59.0,-631.0,0.0,0.75,0.001433568,,
2186,2025-08-12 09:30,NY,VALIDATED_SOURCE,NQU5,572.0,CTRL_100MS_CAP_0P5,CONTROLLER_MARKET,ONE_POINT_FROM_FILL,2,RESOLVED,BUY,2025-08-12 13:30:00.002884207+00:00,23733.75,2025-08-12 13:30:00.114805719+00:00,23733.5,23749.25,23732.5,True,LIVE_STOP,2025-08-12 13:30:00.114805719+00:00,23731.75,-79.0,-651.0,0.0,0.75,0.001433568,,
2186,2025-08-12 09:30,NY,VALIDATED_SOURCE,NQU5,572.0,CTRL_100MS_CAP_0P5,CONTROLLER_MARKET,ONE_POINT_FROM_FILL,4,RESOLVED,BUY,2025-08-12 13:30:00.002884207+00:00,23733.75,2025-08-12 13:30:00.114805719+00:00,23734.0,23749.25,23733.0,True,LIVE_STOP,2025-08-12 13:30:00.114805719+00:00,23731.25,-119.0,-691.0,0.25,0.75,0.001433568,,
2186,2025-08-12 09:30,NY,VALIDATED_SOURCE,NQU5,572.0,CTRL_250MS_CAP_1P0,CONTROLLER_MARKET,ORIGINAL_SURVIVOR_STOP,0,RESOLVED,BUY,2025-08-12 13:30:00.002884207+00:00,23733.75,2025-08-12 13:30:00.281782645+00:00,23732.75,23749.25,23732.25,True,LIVE_STOP,2025-08-12 13:30:00.284848669+00:00,23732.25,-29.0,-601.0,0.0,0.25,0.001433568,,
2186,2025-08-12 09:30,NY,VALIDATED_SOURCE,NQU5,572.0,CTRL_250MS_CAP_1P0,CONTROLLER_MARKET,ORIGINAL_SURVIVOR_STOP,1,RESOLVED,BUY,2025-08-12 13:30:00.002884207+00:00,23733.75,2025-08-12 13:30:00.281782645+00:00,23733.0,23749.25,23732.25,True,LIVE_STOP,2025-08-12 13:30:00.284848669+00:00,23732.0,-49.0,-621.0,0.0,0.25,0.001433568,,
2186,2025-08-12 09:30,NY,VALIDATED_SOURCE,NQU5,572.0,CTRL_250MS_CAP_1P0,CONTROLLER_MARKET,ORIGINAL_SURVIVOR_STOP,2,RESOLVED,BUY,2025-08-12 13:30:00.002884207+00:00,23733.75,2025-08-12 13:30:00.281782645+00:00,23733.25,23749.25,23732.25,True,LIVE_STOP,2025-08-12 13:30:00.284848669+00:00,23731.75,-69.0,-641.0,0.0,0.25,0.001433568,,
2186,2025-08-12 09:30,NY,VALIDATED_SOURCE,NQU5,572.0,CTRL_250MS_CAP_1P0,CONTROLLER_MARKET,ORIGINAL_SURVIVOR_STOP,4,RESOLVED,BUY,2025-08-12 13:30:00.002884207+00:00,23733.75,2025-08-12 13:30:00.281782645+00:00,23733.75,23749.25,23732.25,True,LIVE_STOP,2025-08-12 13:30:00.284848669+00:00,23731.25,-109.0,-681.0,0.0,0.25,0.001433568,,
2186,2025-08-12 09:30,NY,VALIDATED_SOURCE,NQU5,572.0,CTRL_250MS_CAP_1P0,CONTROLLER_MARKET,ONE_POINT_FROM_FILL,0,RESOLVED,BUY,2025-08-12 13:30:00.002884207+00:00,23733.75,2025-08-12 13:30:00.281782645+00:00,23732.75,23749.25,23731.75,True,LIVE_STOP,2025-08-12 13:30:00.395477049+00:00,23731.75,-49.0,-621.0,0.0,0.25,0.001433568,,
2186,2025-08-12 09:30,NY,VALIDATED_SOURCE,NQU5,572.0,CTRL_250MS_CAP_1P0,CONTROLLER_MARKET,ONE_POINT_FROM_FILL,1,RESOLVED,BUY,2025-08-12 13:30:00.002884207+00:00,23733.75,2025-08-12 13:30:00.281782645+00:00,23733.0,23749.25,23732.0,True,LIVE_STOP,2025-08-12 13:30:00.395477049+00:00,23731.5,-69.0,-641.0,0.0,0.25,0.001433568,,
2186,2025-08-12 09:30,NY,VALIDATED_SOURCE,NQU5,572.0,CTRL_250MS_CAP_1P0,CONTROLLER_MARKET,ONE_POINT_FROM_FILL,2,RESOLVED,BUY,2025-08-12 13:30:00.002884207+00:00,23733.75,2025-08-12 13:30:00.281782645+00:00,23733.25,23749.25,23732.25,True,LIVE_STOP,2025-08-12 13:30:00.284848669+00:00,23731.75,-69.0,-641.0,0.0,0.25,0.001433568,,
2186,2025-08-12 09:30,NY,VALIDATED_SOURCE,NQU5,572.0,CTRL_250MS_CAP_1P0,CONTROLLER_MARKET,ONE_POINT_FROM_FILL,4,RESOLVED,BUY,2025-08-12 13:30:00.002884207+00:00,23733.75,2025-08-12 13:30:00.281782645+00:00,23733.75,23749.25,23732.75,True,LIVE_STOP,2025-08-12 13:30:00.281782645+00:00,23731.5,-99.0,-671.0,0.0,0.25,0.001433568,,
2186,2025-08-12 09:30,NY,VALIDATED_SOURCE,NQU5,572.0,CTRL_500MS_CAP_1P0,CONTROLLER_MARKET,ORIGINAL_SURVIVOR_STOP,0,RESOLVED,BUY,2025-08-12 13:30:00.002884207+00:00,23733.75,2025-08-12 13:30:00.507118973+00:00,23730.25,23749.25,23732.25,True,LIVE_STOP,2025-08-12 13:30:00.507118973+00:00,23730.0,-19.0,-591.0,0.0,0.25,0.001433568,,
2186,2025-08-12 09:30,NY,VALIDATED_SOURCE,NQU5,572.0,CTRL_500MS_CAP_1P0,CONTROLLER_MARKET,ORIGINAL_SURVIVOR_STOP,1,RESOLVED,BUY,2025-08-12 13:30:00.002884207+00:00,23733.75,2025-08-12 13:30:00.507118973+00:00,23730.5,23749.25,23732.25,True,LIVE_STOP,2025-08-12 13:30:00.507118973+00:00,23729.75,-39.0,-611.0,0.0,0.25,0.001433568,,
2186,2025-08-12 09:30,NY,VALIDATED_SOURCE,NQU5,572.0,CTRL_500MS_CAP_1P0,CONTROLLER_MARKET,ORIGINAL_SURVIVOR_STOP,2,RESOLVED,BUY,2025-08-12 13:30:00.002884207+00:00,23733.75,2025-08-12 13:30:00.507118973+00:00,23730.75,23749.25,23732.25,True,LIVE_STOP,2025-08-12 13:30:00.507118973+00:00,23729.5,-59.0,-631.0,0.0,0.25,0.001433568,,
2186,2025-08-12 09:30,NY,VALIDATED_SOURCE,NQU5,572.0,CTRL_500MS_CAP_1P0,CONTROLLER_MARKET,ORIGINAL_SURVIVOR_STOP,4,RESOLVED,BUY,2025-08-12 13:30:00.002884207+00:00,23733.75,2025-08-12 13:30:00.507118973+00:00,23731.25,23749.25,23732.25,True,LIVE_STOP,2025-08-12 13:30:00.507118973+00:00,23729.0,-99.0,-671.0,0.0,0.25,0.001433568,,
2186,2025-08-12 09:30,NY,VALIDATED_SOURCE,NQU5,572.0,CTRL_500MS_CAP_1P0,CONTROLLER_MARKET,ONE_POINT_FROM_FILL,0,RESOLVED,BUY,2025-08-12 13:30:00.002884207+00:00,23733.75,2025-08-12 13:30:00.507118973+00:00,23730.25,23749.25,23729.25,True,LIVE_STOP,2025-08-12 13:30:00.597518189+00:00,23729.25,-49.0,-621.0,0.0,0.25,0.001433568,,
2186,2025-08-12 09:30,NY,VALIDATED_SOURCE,NQU5,572.0,CTRL_500MS_CAP_1P0,CONTROLLER_MARKET,ONE_POINT_FROM_FILL,1,RESOLVED,BUY,2025-08-12 13:30:00.002884207+00:00,23733.75,2025-08-12 13:30:00.507118973+00:00,23730.5,23749.25,23729.5,True,LIVE_STOP,2025-08-12 13:30:00.525466985+00:00,23729.25,-59.0,-631.0,0.0,0.25,0.001433568,,
2186,2025-08-12 09:30,NY,VALIDATED_SOURCE,NQU5,572.0,CTRL_500MS_CAP_1P0,CONTROLLER_MARKET,ONE_POINT_FROM_FILL,2,RESOLVED,BUY,2025-08-12 13:30:00.002884207+00:00,23733.75,2025-08-12 13:30:00.507118973+00:00,23730.75,23749.25,23729.75,True,LIVE_STOP,2025-08-12 13:30:00.512480617+00:00,23729.25,-69.0,-641.0,0.0,0.25,0.001433568,,
2186,2025-08-12 09:30,NY,VALIDATED_SOURCE,NQU5,572.0,CTRL_500MS_CAP_1P0,CONTROLLER_MARKET,ONE_POINT_FROM_FILL,4,RESOLVED,BUY,2025-08-12 13:30:00.002884207+00:00,23733.75,2025-08-12 13:30:00.507118973+00:00,23731.25,23749.25,23730.25,True,LIVE_STOP,2025-08-12 13:30:00.507118973+00:00,23729.0,-99.0,-671.0,0.0,0.25,0.001433568,,
2186,2025-08-12 09:30,NY,VALIDATED_SOURCE,NQU5,572.0,CTRL_1S_CAP_2P0,CONTROLLER_MARKET,ORIGINAL_SURVIVOR_STOP,0,RESOLVED,BUY,2025-08-12 13:30:00.002884207+00:00,23733.75,2025-08-12 13:30:01.008775241+00:00,23730.0,23749.25,23732.25,True,LIVE_STOP,2025-08-12 13:30:01.008775241+00:00,23729.5,-29.0,-601.0,0.0,0.5,0.001433568,,
2186,2025-08-12 09:30,NY,VALIDATED_SOURCE,NQU5,572.0,CTRL_1S_CAP_2P0,CONTROLLER_MARKET,ORIGINAL_SURVIVOR_STOP,1,RESOLVED,BUY,2025-08-12 13:30:00.002884207+00:00,23733.75,2025-08-12 13:30:01.008775241+00:00,23730.25,23749.25,23732.25,True,LIVE_STOP,2025-08-12 13:30:01.008775241+00:00,23729.25,-49.0,-621.0,0.0,0.5,0.001433568,,
2186,2025-08-12 09:30,NY,VALIDATED_SOURCE,NQU5,572.0,CTRL_1S_CAP_2P0,CONTROLLER_MARKET,ORIGINAL_SURVIVOR_STOP,2,RESOLVED,BUY,2025-08-12 13:30:00.002884207+00:00,23733.75,2025-08-12 13:30:01.008775241+00:00,23730.5,23749.25,23732.25,True,LIVE_STOP,2025-08-12 13:30:01.008775241+00:00,23729.0,-69.0,-641.0,0.0,0.5,0.001433568,,
2186,2025-08-12 09:30,NY,VALIDATED_SOURCE,NQU5,572.0,CTRL_1S_CAP_2P0,CONTROLLER_MARKET,ORIGINAL_SURVIVOR_STOP,4,RESOLVED,BUY,2025-08-12 13:30:00.002884207+00:00,23733.75,2025-08-12 13:30:01.008775241+00:00,23731.0,23749.25,23732.25,True,LIVE_STOP,2025-08-12 13:30:01.008775241+00:00,23728.5,-109.0,-681.0,0.0,0.5,0.001433568,,
2186,2025-08-12 09:30,NY,VALIDATED_SOURCE,NQU5,572.0,CTRL_1S_CAP_2P0,CONTROLLER_MARKET,ONE_POINT_FROM_FILL,0,RESOLVED,BUY,2025-08-12 13:30:00.002884207+00:00,23733.75,2025-08-12 13:30:01.008775241+00:00,23730.0,23749.25,23729.0,True,LIVE_STOP,2025-08-12 13:30:01.039569283+00:00,23729.0,-49.0,-621.0,0.0,0.5,0.001433568,,
2186,2025-08-12 09:30,NY,VALIDATED_SOURCE,NQU5,572.0,CTRL_1S_CAP_2P0,CONTROLLER_MARKET,ONE_POINT_FROM_FILL,1,RESOLVED,BUY,2025-08-12 13:30:00.002884207+00:00,23733.75,2025-08-12 13:30:01.008775241+00:00,23730.25,23749.25,23729.25,True,LIVE_STOP,2025-08-12 13:30:01.012981925+00:00,23729.0,-59.0,-631.0,0.0,0.5,0.001433568,,
2186,2025-08-12 09:30,NY,VALIDATED_SOURCE,NQU5,572.0,CTRL_1S_CAP_2P0,CONTROLLER_MARKET,ONE_POINT_FROM_FILL,2,RESOLVED,BUY,2025-08-12 13:30:00.002884207+00:00,23733.75,2025-08-12 13:30:01.008775241+00:00,23730.5,23749.25,23729.5,True,LIVE_STOP,2025-08-12 13:30:01.008775241+00:00,23729.0,-69.0,-641.0,0.0,0.5,0.001433568,,
2186,2025-08-12 09:30,NY,VALIDATED_SOURCE,NQU5,572.0,CTRL_1S_CAP_2P0,CONTROLLER_MARKET,ONE_POINT_FROM_FILL,4,RESOLVED,BUY,2025-08-12 13:30:00.002884207+00:00,23733.75,2025-08-12 13:30:01.008775241+00:00,23731.0,23749.25,23730.0,True,LIVE_STOP,2025-08-12 13:30:01.008775241+00:00,23728.5,-109.0,-681.0,0.0,0.5,0.001433568,,
2187,2025-08-12 18:00,WEEKDAY_WEAK,VALIDATED_SOURCE,NQU5,166.0,OCO_LIMIT_0P5_TTL_1S,OCO_STOP_LIMIT,ORIGINAL_SURVIVOR_STOP,0,SKIP_STOP_LIMIT_NOT_FILLED,SELL,2025-08-12 22:00:00.004098373+00:00,23944.25,,,,,False,,,,0.0,-166.0,,,,,23943.75
2187,2025-08-12 18:00,WEEKDAY_WEAK,VALIDATED_SOURCE,NQU5,166.0,OCO_LIMIT_0P5_TTL_1S,OCO_STOP_LIMIT,ORIGINAL_SURVIVOR_STOP,1,SKIP_STOP_LIMIT_NOT_FILLED,SELL,2025-08-12 22:00:00.004098373+00:00,23944.25,,,,,False,,,,0.0,-166.0,,,,,23943.75
2187,2025-08-12 18:00,WEEKDAY_WEAK,VALIDATED_SOURCE,NQU5,166.0,OCO_LIMIT_0P5_TTL_1S,OCO_STOP_LIMIT,ORIGINAL_SURVIVOR_STOP,2,SKIP_STOP_LIMIT_NOT_FILLED,SELL,2025-08-12 22:00:00.004098373+00:00,23944.25,,,,,False,,,,0.0,-166.0,,,,,23943.75
2187,2025-08-12 18:00,WEEKDAY_WEAK,VALIDATED_SOURCE,NQU5,166.0,OCO_LIMIT_0P5_TTL_1S,OCO_STOP_LIMIT,ORIGINAL_SURVIVOR_STOP,4,SKIP_STOP_LIMIT_NOT_FILLED,SELL,2025-08-12 22:00:00.004098373+00:00,23944.25,,,,,False,,,,0.0,-166.0,,,,,23943.75
2187,2025-08-12 18:00,WEEKDAY_WEAK,VALIDATED_SOURCE,NQU5,166.0,OCO_LIMIT_0P5_TTL_1S,OCO_STOP_LIMIT,ONE_POINT_FROM_FILL,0,SKIP_STOP_LIMIT_NOT_FILLED,SELL,2025-08-12 22:00:00.004098373+00:00,23944.25,,,,,False,,,,0.0,-166.0,,,,,23943.75
2187,2025-08-12 18:00,WEEKDAY_WEAK,VALIDATED_SOURCE,NQU5,166.0,OCO_LIMIT_0P5_TTL_1S,OCO_STOP_LIMIT,ONE_POINT_FROM_FILL,1,SKIP_STOP_LIMIT_NOT_FILLED,SELL,2025-08-12 22:00:00.004098373+00:00,23944.25,,,,,False,,,,0.0,-166.0,,,,,23943.75
2187,2025-08-12 18:00,WEEKDAY_WEAK,VALIDATED_SOURCE,NQU5,166.0,OCO_LIMIT_0P5_TTL_1S,OCO_STOP_LIMIT,ONE_POINT_FROM_FILL,2,SKIP_STOP_LIMIT_NOT_FILLED,SELL,2025-08-12 22:00:00.004098373+00:00,23944.25,,,,,False,,,,0.0,-166.0,,,,,23943.75
2187,2025-08-12 18:00,WEEKDAY_WEAK,VALIDATED_SOURCE,NQU5,166.0,OCO_LIMIT_0P5_TTL_1S,OCO_STOP_LIMIT,ONE_POINT_FROM_FILL,4,SKIP_STOP_LIMIT_NOT_FILLED,SELL,2025-08-12 22:00:00.004098373+00:00,23944.25,,,,,False,,,,0.0,-166.0,,,,,23943.75
2187,2025-08-12 18:00,WEEKDAY_WEAK,VALIDATED_SOURCE,NQU5,166.0,OCO_LIMIT_1P0_TTL_1S,OCO_STOP_LIMIT,ORIGINAL_SURVIVOR_STOP,0,SKIP_STOP_LIMIT_NOT_FILLED,SELL,2025-08-12 22:00:00.004098373+00:00,23944.25,,,,,False,,,,0.0,-166.0,,,,,23943.25
2187,2025-08-12 18:00,WEEKDAY_WEAK,VALIDATED_SOURCE,NQU5,166.0,OCO_LIMIT_1P0_TTL_1S,OCO_STOP_LIMIT,ORIGINAL_SURVIVOR_STOP,1,SKIP_STOP_LIMIT_NOT_FILLED,SELL,2025-08-12 22:00:00.004098373+00:00,23944.25,,,,,False,,,,0.0,-166.0,,,,,23943.25
2187,2025-08-12 18:00,WEEKDAY_WEAK,VALIDATED_SOURCE,NQU5,166.0,OCO_LIMIT_1P0_TTL_1S,OCO_STOP_LIMIT,ORIGINAL_SURVIVOR_STOP,2,SKIP_STOP_LIMIT_NOT_FILLED,SELL,2025-08-12 22:00:00.004098373+00:00,23944.25,,,,,False,,,,0.0,-166.0,,,,,23943.25
2187,2025-08-12 18:00,WEEKDAY_WEAK,VALIDATED_SOURCE,NQU5,166.0,OCO_LIMIT_1P0_TTL_1S,OCO_STOP_LIMIT,ORIGINAL_SURVIVOR_STOP,4,SKIP_STOP_LIMIT_NOT_FILLED,SELL,2025-08-12 22:00:00.004098373+00:00,23944.25,,,,,False,,,,0.0,-166.0,,,,,23943.25
2187,2025-08-12 18:00,WEEKDAY_WEAK,VALIDATED_SOURCE,NQU5,166.0,OCO_LIMIT_1P0_TTL_1S,OCO_STOP_LIMIT,ONE_POINT_FROM_FILL,0,SKIP_STOP_LIMIT_NOT_FILLED,SELL,2025-08-12 22:00:00.004098373+00:00,23944.25,,,,,False,,,,0.0,-166.0,,,,,23943.25
2187,2025-08-12 18:00,WEEKDAY_WEAK,VALIDATED_SOURCE,NQU5,166.0,OCO_LIMIT_1P0_TTL_1S,OCO_STOP_LIMIT,ONE_POINT_FROM_FILL,1,SKIP_STOP_LIMIT_NOT_FILLED,SELL,2025-08-12 22:00:00.004098373+00:00,23944.25,,,,,False,,,,0.0,-166.0,,,,,23943.25
2187,2025-08-12 18:00,WEEKDAY_WEAK,VALIDATED_SOURCE,NQU5,166.0,OCO_LIMIT_1P0_TTL_1S,OCO_STOP_LIMIT,ONE_POINT_FROM_FILL,2,SKIP_STOP_LIMIT_NOT_FILLED,SELL,2025-08-12 22:00:00.004098373+00:00,23944.25,,,,,False,,,,0.0,-166.0,,,,,23943.25
2187,2025-08-12 18:00,WEEKDAY_WEAK,VALIDATED_SOURCE,NQU5,166.0,OCO_LIMIT_1P0_TTL_1S,OCO_STOP_LIMIT,ONE_POINT_FROM_FILL,4,SKIP_STOP_LIMIT_NOT_FILLED,SELL,2025-08-12 22:00:00.004098373+00:00,23944.25,,,,,False,,,,0.0,-166.0,,,,,23943.25
2187,2025-08-12 18:00,WEEKDAY_WEAK,VALIDATED_SOURCE,NQU5,166.0,OCO_LIMIT_2P0_TTL_1S,OCO_STOP_LIMIT,ORIGINAL_SURVIVOR_STOP,0,RESOLVED,SELL,2025-08-12 22:00:00.004098373+00:00,23944.25,2025-08-12 22:00:00.004098373+00:00,23943.5,23934.75,23945.75,True,LIVE_STOP,2025-08-12 22:00:00.004098373+00:00,23945.75,-49.5,-215.5,0.75,2.25,,,
2187,2025-08-12 18:00,WEEKDAY_WEAK,VALIDATED_SOURCE,NQU5,166.0,OCO_LIMIT_2P0_TTL_1S,OCO_STOP_LIMIT,ORIGINAL_SURVIVOR_STOP,1,RESOLVED,SELL,2025-08-12 22:00:00.004098373+00:00,23944.25,2025-08-12 22:00:00.004098373+00:00,23943.25,23934.75,23945.75,True,LIVE_STOP,2025-08-12 22:00:00.004098373+00:00,23946.0,-59.5,-225.5,1.0,2.25,,,
2187,2025-08-12 18:00,WEEKDAY_WEAK,VALIDATED_SOURCE,NQU5,166.0,OCO_LIMIT_2P0_TTL_1S,OCO_STOP_LIMIT,ORIGINAL_SURVIVOR_STOP,2,RESOLVED,SELL,2025-08-12 22:00:00.004098373+00:00,23944.25,2025-08-12 22:00:00.004098373+00:00,23943.0,23934.75,23945.75,True,LIVE_STOP,2025-08-12 22:00:00.004098373+00:00,23946.25,-69.5,-235.5,1.25,2.25,,,
2187,2025-08-12 18:00,WEEKDAY_WEAK,VALIDATED_SOURCE,NQU5,166.0,OCO_LIMIT_2P0_TTL_1S,OCO_STOP_LIMIT,ORIGINAL_SURVIVOR_STOP,4,RESOLVED,SELL,2025-08-12 22:00:00.004098373+00:00,23944.25,2025-08-12 22:00:00.004098373+00:00,23942.5,23934.75,23945.75,True,LIVE_STOP,2025-08-12 22:00:00.004098373+00:00,23946.75,-89.5,-255.5,1.75,2.25,,,
2187,2025-08-12 18:00,WEEKDAY_WEAK,VALIDATED_SOURCE,NQU5,166.0,OCO_LIMIT_2P0_TTL_1S,OCO_STOP_LIMIT,ONE_POINT_FROM_FILL,0,RESOLVED,SELL,2025-08-12 22:00:00.004098373+00:00,23944.25,2025-08-12 22:00:00.004098373+00:00,23943.5,23934.75,23944.5,True,LIVE_STOP,2025-08-12 22:00:00.004098373+00:00,23945.75,-49.5,-215.5,0.75,2.25,,,
2187,2025-08-12 18:00,WEEKDAY_WEAK,VALIDATED_SOURCE,NQU5,166.0,OCO_LIMIT_2P0_TTL_1S,OCO_STOP_LIMIT,ONE_POINT_FROM_FILL,1,RESOLVED,SELL,2025-08-12 22:00:00.004098373+00:00,23944.25,2025-08-12 22:00:00.004098373+00:00,23943.25,23934.75,23944.25,True,LIVE_STOP,2025-08-12 22:00:00.004098373+00:00,23946.0,-59.5,-225.5,1.0,2.25,,,
2187,2025-08-12 18:00,WEEKDAY_WEAK,VALIDATED_SOURCE,NQU5,166.0,OCO_LIMIT_2P0_TTL_1S,OCO_STOP_LIMIT,ONE_POINT_FROM_FILL,2,RESOLVED,SELL,2025-08-12 22:00:00.004098373+00:00,23944.25,2025-08-12 22:00:00.004098373+00:00,23943.0,23934.75,23944.0,True,LIVE_STOP,2025-08-12 22:00:00.004098373+00:00,23946.25,-69.5,-235.5,1.25,2.25,,,
2187,2025-08-12 18:00,WEEKDAY_WEAK,VALIDATED_SOURCE,NQU5,166.0,OCO_LIMIT_2P0_TTL_1S,OCO_STOP_LIMIT,ONE_POINT_FROM_FILL,4,RESOLVED,SELL,2025-08-12 22:00:00.004098373+00:00,23944.25,2025-08-12 22:00:00.004098373+00:00,23942.5,23934.75,23943.5,True,LIVE_STOP,2025-08-12 22:00:00.004098373+00:00,23946.75,-89.5,-255.5,1.75,2.25,,,
2187,2025-08-12 18:00,WEEKDAY_WEAK,VALIDATED_SOURCE,NQU5,166.0,CTRL_100MS_CAP_0P5,CONTROLLER_MARKET,ORIGINAL_SURVIVOR_STOP,0,SKIP_SPREAD_GATE,SELL,2025-08-12 22:00:00.004098373+00:00,23944.25,,,,,False,,,,0.0,-166.0,,2.5,,20.0,
2187,2025-08-12 18:00,WEEKDAY_WEAK,VALIDATED_SOURCE,NQU5,166.0,CTRL_100MS_CAP_0P5,CONTROLLER_MARKET,ORIGINAL_SURVIVOR_STOP,1,SKIP_SPREAD_GATE,SELL,2025-08-12 22:00:00.004098373+00:00,23944.25,,,,,False,,,,0.0,-166.0,,2.5,,20.0,
2187,2025-08-12 18:00,WEEKDAY_WEAK,VALIDATED_SOURCE,NQU5,166.0,CTRL_100MS_CAP_0P5,CONTROLLER_MARKET,ORIGINAL_SURVIVOR_STOP,2,SKIP_SPREAD_GATE,SELL,2025-08-12 22:00:00.004098373+00:00,23944.25,,,,,False,,,,0.0,-166.0,,2.5,,20.0,
2187,2025-08-12 18:00,WEEKDAY_WEAK,VALIDATED_SOURCE,NQU5,166.0,CTRL_100MS_CAP_0P5,CONTROLLER_MARKET,ORIGINAL_SURVIVOR_STOP,4,SKIP_SPREAD_GATE,SELL,2025-08-12 22:00:00.004098373+00:00,23944.25,,,,,False,,,,0.0,-166.0,,2.5,,20.0,
2187,2025-08-12 18:00,WEEKDAY_WEAK,VALIDATED_SOURCE,NQU5,166.0,CTRL_100MS_CAP_0P5,CONTROLLER_MARKET,ONE_POINT_FROM_FILL,0,SKIP_SPREAD_GATE,SELL,2025-08-12 22:00:00.004098373+00:00,23944.25,,,,,False,,,,0.0,-166.0,,2.5,,20.0,
2187,2025-08-12 18:00,WEEKDAY_WEAK,VALIDATED_SOURCE,NQU5,166.0,CTRL_100MS_CAP_0P5,CONTROLLER_MARKET,ONE_POINT_FROM_FILL,1,SKIP_SPREAD_GATE,SELL,2025-08-12 22:00:00.004098373+00:00,23944.25,,,,,False,,,,0.0,-166.0,,2.5,,20.0,
2187,2025-08-12 18:00,WEEKDAY_WEAK,VALIDATED_SOURCE,NQU5,166.0,CTRL_100MS_CAP_0P5,CONTROLLER_MARKET,ONE_POINT_FROM_FILL,2,SKIP_SPREAD_GATE,SELL,2025-08-12 22:00:00.004098373+00:00,23944.25,,,,,False,,,,0.0,-166.0,,2.5,,20.0,
2187,2025-08-12 18:00,WEEKDAY_WEAK,VALIDATED_SOURCE,NQU5,166.0,CTRL_100MS_CAP_0P5,CONTROLLER_MARKET,ONE_POINT_FROM_FILL,4,SKIP_SPREAD_GATE,SELL,2025-08-12 22:00:00.004098373+00:00,23944.25,,,,,False,,,,0.0,-166.0,,2.5,,20.0,
2187,2025-08-12 18:00,WEEKDAY_WEAK,VALIDATED_SOURCE,NQU5,166.0,CTRL_250MS_CAP_1P0,CONTROLLER_MARKET,ORIGINAL_SURVIVOR_STOP,0,SKIP_SPREAD_GATE,SELL,2025-08-12 22:00:00.004098373+00:00,23944.25,,,,,False,,,,0.0,-166.0,,2.75,,23.0,
2187,2025-08-12 18:00,WEEKDAY_WEAK,VALIDATED_SOURCE,NQU5,166.0,CTRL_250MS_CAP_1P0,CONTROLLER_MARKET,ORIGINAL_SURVIVOR_STOP,1,SKIP_SPREAD_GATE,SELL,2025-08-12 22:00:00.004098373+00:00,23944.25,,,,,False,,,,0.0,-166.0,,2.75,,23.0,
2187,2025-08-12 18:00,WEEKDAY_WEAK,VALIDATED_SOURCE,NQU5,166.0,CTRL_250MS_CAP_1P0,CONTROLLER_MARKET,ORIGINAL_SURVIVOR_STOP,2,SKIP_SPREAD_GATE,SELL,2025-08-12 22:00:00.004098373+00:00,23944.25,,,,,False,,,,0.0,-166.0,,2.75,,23.0,
2187,2025-08-12 18:00,WEEKDAY_WEAK,VALIDATED_SOURCE,NQU5,166.0,CTRL_250MS_CAP_1P0,CONTROLLER_MARKET,ORIGINAL_SURVIVOR_STOP,4,SKIP_SPREAD_GATE,SELL,2025-08-12 22:00:00.004098373+00:00,23944.25,,,,,False,,,,0.0,-166.0,,2.75,,23.0,
2187,2025-08-12 18:00,WEEKDAY_WEAK,VALIDATED_SOURCE,NQU5,166.0,CTRL_250MS_CAP_1P0,CONTROLLER_MARKET,ONE_POINT_FROM_FILL,0,SKIP_SPREAD_GATE,SELL,2025-08-12 22:00:00.004098373+00:00,23944.25,,,,,False,,,,0.0,-166.0,,2.75,,23.0,
2187,2025-08-12 18:00,WEEKDAY_WEAK,VALIDATED_SOURCE,NQU5,166.0,CTRL_250MS_CAP_1P0,CONTROLLER_MARKET,ONE_POINT_FROM_FILL,1,SKIP_SPREAD_GATE,SELL,2025-08-12 22:00:00.004098373+00:00,23944.25,,,,,False,,,,0.0,-166.0,,2.75,,23.0,
2187,2025-08-12 18:00,WEEKDAY_WEAK,VALIDATED_SOURCE,NQU5,166.0,CTRL_250MS_CAP_1P0,CONTROLLER_MARKET,ONE_POINT_FROM_FILL,2,SKIP_SPREAD_GATE,SELL,2025-08-12 22:00:00.004098373+00:00,23944.25,,,,,False,,,,0.0,-166.0,,2.75,,23.0,
2187,2025-08-12 18:00,WEEKDAY_WEAK,VALIDATED_SOURCE,NQU5,166.0,CTRL_250MS_CAP_1P0,CONTROLLER_MARKET,ONE_POINT_FROM_FILL,4,SKIP_SPREAD_GATE,SELL,2025-08-12 22:00:00.004098373+00:00,23944.25,,,,,False,,,,0.0,-166.0,,2.75,,23.0,
2187,2025-08-12 18:00,WEEKDAY_WEAK,VALIDATED_SOURCE,NQU5,166.0,CTRL_500MS_CAP_1P0,CONTROLLER_MARKET,ORIGINAL_SURVIVOR_STOP,0,SKIP_SPREAD_GATE,SELL,2025-08-12 22:00:00.004098373+00:00,23944.25,,,,,False,,,,0.0,-166.0,,2.25,,31.0,
2187,2025-08-12 18:00,WEEKDAY_WEAK,VALIDATED_SOURCE,NQU5,166.0,CTRL_500MS_CAP_1P0,CONTROLLER_MARKET,ORIGINAL_SURVIVOR_STOP,1,SKIP_SPREAD_GATE,SELL,2025-08-12 22:00:00.004098373+00:00,23944.25,,,,,False,,,,0.0,-166.0,,2.25,,31.0,
2187,2025-08-12 18:00,WEEKDAY_WEAK,VALIDATED_SOURCE,NQU5,166.0,CTRL_500MS_CAP_1P0,CONTROLLER_MARKET,ORIGINAL_SURVIVOR_STOP,2,SKIP_SPREAD_GATE,SELL,2025-08-12 22:00:00.004098373+00:00,23944.25,,,,,False,,,,0.0,-166.0,,2.25,,31.0,
2187,2025-08-12 18:00,WEEKDAY_WEAK,VALIDATED_SOURCE,NQU5,166.0,CTRL_500MS_CAP_1P0,CONTROLLER_MARKET,ORIGINAL_SURVIVOR_STOP,4,SKIP_SPREAD_GATE,SELL,2025-08-12 22:00:00.004098373+00:00,23944.25,,,,,False,,,,0.0,-166.0,,2.25,,31.0,
2187,2025-08-12 18:00,WEEKDAY_WEAK,VALIDATED_SOURCE,NQU5,166.0,CTRL_500MS_CAP_1P0,CONTROLLER_MARKET,ONE_POINT_FROM_FILL,0,SKIP_SPREAD_GATE,SELL,2025-08-12 22:00:00.004098373+00:00,23944.25,,,,,False,,,,0.0,-166.0,,2.25,,31.0,
2187,2025-08-12 18:00,WEEKDAY_WEAK,VALIDATED_SOURCE,NQU5,166.0,CTRL_500MS_CAP_1P0,CONTROLLER_MARKET,ONE_POINT_FROM_FILL,1,SKIP_SPREAD_GATE,SELL,2025-08-12 22:00:00.004098373+00:00,23944.25,,,,,False,,,,0.0,-166.0,,2.25,,31.0,
2187,2025-08-12 18:00,WEEKDAY_WEAK,VALIDATED_SOURCE,NQU5,166.0,CTRL_500MS_CAP_1P0,CONTROLLER_MARKET,ONE_POINT_FROM_FILL,2,SKIP_SPREAD_GATE,SELL,2025-08-12 22:00:00.004098373+00:00,23944.25,,,,,False,,,,0.0,-166.0,,2.25,,31.0,
2187,2025-08-12 18:00,WEEKDAY_WEAK,VALIDATED_SOURCE,NQU5,166.0,CTRL_500MS_CAP_1P0,CONTROLLER_MARKET,ONE_POINT_FROM_FILL,4,SKIP_SPREAD_GATE,SELL,2025-08-12 22:00:00.004098373+00:00,23944.25,,,,,False,,,,0.0,-166.0,,2.25,,31.0,
2187,2025-08-12 18:00,WEEKDAY_WEAK,VALIDATED_SOURCE,NQU5,166.0,CTRL_1S_CAP_2P0,CONTROLLER_MARKET,ORIGINAL_SURVIVOR_STOP,0,SKIP_SPREAD_GATE,SELL,2025-08-12 22:00:00.004098373+00:00,23944.25,,,,,False,,,,0.0,-166.0,,4.75,,46.0,
2187,2025-08-12 18:00,WEEKDAY_WEAK,VALIDATED_SOURCE,NQU5,166.0,CTRL_1S_CAP_2P0,CONTROLLER_MARKET,ORIGINAL_SURVIVOR_STOP,1,SKIP_SPREAD_GATE,SELL,2025-08-12 22:00:00.004098373+00:00,23944.25,,,,,False,,,,0.0,-166.0,,4.75,,46.0,
2187,2025-08-12 18:00,WEEKDAY_WEAK,VALIDATED_SOURCE,NQU5,166.0,CTRL_1S_CAP_2P0,CONTROLLER_MARKET,ORIGINAL_SURVIVOR_STOP,2,SKIP_SPREAD_GATE,SELL,2025-08-12 22:00:00.004098373+00:00,23944.25,,,,,False,,,,0.0,-166.0,,4.75,,46.0,
2187,2025-08-12 18:00,WEEKDAY_WEAK,VALIDATED_SOURCE,NQU5,166.0,CTRL_1S_CAP_2P0,CONTROLLER_MARKET,ORIGINAL_SURVIVOR_STOP,4,SKIP_SPREAD_GATE,SELL,2025-08-12 22:00:00.004098373+00:00,23944.25,,,,,False,,,,0.0,-166.0,,4.75,,46.0,
2187,2025-08-12 18:00,WEEKDAY_WEAK,VALIDATED_SOURCE,NQU5,166.0,CTRL_1S_CAP_2P0,CONTROLLER_MARKET,ONE_POINT_FROM_FILL,0,SKIP_SPREAD_GATE,SELL,2025-08-12 22:00:00.004098373+00:00,23944.25,,,,,False,,,,0.0,-166.0,,4.75,,46.0,
2187,2025-08-12 18:00,WEEKDAY_WEAK,VALIDATED_SOURCE,NQU5,166.0,CTRL_1S_CAP_2P0,CONTROLLER_MARKET,ONE_POINT_FROM_FILL,1,SKIP_SPREAD_GATE,SELL,2025-08-12 22:00:00.004098373+00:00,23944.25,,,,,False,,,,0.0,-166.0,,4.75,,46.0,
2187,2025-08-12 18:00,WEEKDAY_WEAK,VALIDATED_SOURCE,NQU5,166.0,CTRL_1S_CAP_2P0,CONTROLLER_MARKET,ONE_POINT_FROM_FILL,2,SKIP_SPREAD_GATE,SELL,2025-08-12 22:00:00.004098373+00:00,23944.25,,,,,False,,,,0.0,-166.0,,4.75,,46.0,
2187,2025-08-12 18:00,WEEKDAY_WEAK,VALIDATED_SOURCE,NQU5,166.0,CTRL_1S_CAP_2P0,CONTROLLER_MARKET,ONE_POINT_FROM_FILL,4,SKIP_SPREAD_GATE,SELL,2025-08-12 22:00:00.004098373+00:00,23944.25,,,,,False,,,,0.0,-166.0,,4.75,,46.0,
2188,2025-08-13 09:30,NY,VALIDATED_SOURCE,NQU5,-118.0,OCO_LIMIT_0P5_TTL_1S,OCO_STOP_LIMIT,ORIGINAL_SURVIVOR_STOP,0,RESOLVED,SELL,2025-08-13 13:30:00.006217433+00:00,24043.75,2025-08-13 13:30:00.006217433+00:00,24043.75,24028.25,24045.25,True,LIVE_STOP,2025-08-13 13:30:00.021244021+00:00,24045.25,-69.0,49.0,0.0,0.75,0.001669826,,
2188,2025-08-13 09:30,NY,VALIDATED_SOURCE,NQU5,-118.0,OCO_LIMIT_0P5_TTL_1S,OCO_STOP_LIMIT,ORIGINAL_SURVIVOR_STOP,1,RESOLVED,SELL,2025-08-13 13:30:00.006217433+00:00,24043.75,2025-08-13 13:30:00.006217433+00:00,24043.5,24028.25,24045.25,True,LIVE_STOP,2025-08-13 13:30:00.021244021+00:00,24045.5,-89.0,29.0,0.25,0.75,0.001669826,,
2188,2025-08-13 09:30,NY,VALIDATED_SOURCE,NQU5,-118.0,OCO_LIMIT_0P5_TTL_1S,OCO_STOP_LIMIT,ORIGINAL_SURVIVOR_STOP,2,RESOLVED,SELL,2025-08-13 13:30:00.006217433+00:00,24043.75,2025-08-13 13:30:00.006217433+00:00,24043.25,24028.25,24045.25,True,LIVE_STOP,2025-08-13 13:30:00.021244021+00:00,24045.75,-109.0,9.0,0.5,0.75,0.001669826,,
2188,2025-08-13 09:30,NY,VALIDATED_SOURCE,NQU5,-118.0,OCO_LIMIT_0P5_TTL_1S,OCO_STOP_LIMIT,ORIGINAL_SURVIVOR_STOP,4,RESOLVED,SELL,2025-08-13 13:30:00.006217433+00:00,24043.75,2025-08-13 13:30:00.006217433+00:00,24043.25,24028.25,24045.25,True,LIVE_STOP,2025-08-13 13:30:00.021244021+00:00,24046.25,-129.0,-11.0,0.5,0.75,0.001669826,,
2188,2025-08-13 09:30,NY,VALIDATED_SOURCE,NQU5,-118.0,OCO_LIMIT_0P5_TTL_1S,OCO_STOP_LIMIT,ONE_POINT_FROM_FILL,0,RESOLVED,SELL,2025-08-13 13:30:00.006217433+00:00,24043.75,2025-08-13 13:30:00.006217433+00:00,24043.75,24028.25,24044.75,True,LIVE_STOP,2025-08-13 13:30:00.010982087+00:00,24044.75,-49.0,69.0,0.0,0.75,0.001669826,,
2188,2025-08-13 09:30,NY,VALIDATED_SOURCE,NQU5,-118.0,OCO_LIMIT_0P5_TTL_1S,OCO_STOP_LIMIT,ONE_POINT_FROM_FILL,1,RESOLVED,SELL,2025-08-13 13:30:00.006217433+00:00,24043.75,2025-08-13 13:30:00.006217433+00:00,24043.5,24028.25,24044.5,True,LIVE_STOP,2025-08-13 13:30:00.006217433+00:00,24044.75,-59.0,59.0,0.25,0.75,0.001669826,,
2188,2025-08-13 09:30,NY,VALIDATED_SOURCE,NQU5,-118.0,OCO_LIMIT_0P5_TTL_1S,OCO_STOP_LIMIT,ONE_POINT_FROM_FILL,2,RESOLVED,SELL,2025-08-13 13:30:00.006217433+00:00,24043.75,2025-08-13 13:30:00.006217433+00:00,24043.25,24028.25,24044.25,True,LIVE_STOP,2025-08-13 13:30:00.006217433+00:00,24045.0,-79.0,39.0,0.5,0.75,0.001669826,,
2188,2025-08-13 09:30,NY,VALIDATED_SOURCE,NQU5,-118.0,OCO_LIMIT_0P5_TTL_1S,OCO_STOP_LIMIT,ONE_POINT_FROM_FILL,4,RESOLVED,SELL,2025-08-13 13:30:00.006217433+00:00,24043.75,2025-08-13 13:30:00.006217433+00:00,24043.25,24028.25,24044.25,True,LIVE_STOP,2025-08-13 13:30:00.006217433+00:00,24045.5,-99.0,19.0,0.5,0.75,0.001669826,,
2188,2025-08-13 09:30,NY,VALIDATED_SOURCE,NQU5,-118.0,OCO_LIMIT_1P0_TTL_1S,OCO_STOP_LIMIT,ORIGINAL_SURVIVOR_STOP,0,RESOLVED,SELL,2025-08-13 13:30:00.006217433+00:00,24043.75,2025-08-13 13:30:00.006217433+00:00,24043.75,24028.25,24045.25,True,LIVE_STOP,2025-08-13 13:30:00.021244021+00:00,24045.25,-69.0,49.0,0.0,0.75,0.001669826,,
2188,2025-08-13 09:30,NY,VALIDATED_SOURCE,NQU5,-118.0,OCO_LIMIT_1P0_TTL_1S,OCO_STOP_LIMIT,ORIGINAL_SURVIVOR_STOP,1,RESOLVED,SELL,2025-08-13 13:30:00.006217433+00:00,24043.75,2025-08-13 13:30:00.006217433+00:00,24043.5,24028.25,24045.25,True,LIVE_STOP,2025-08-13 13:30:00.021244021+00:00,24045.5,-89.0,29.0,0.25,0.75,0.001669826,,
2188,2025-08-13 09:30,NY,VALIDATED_SOURCE,NQU5,-118.0,OCO_LIMIT_1P0_TTL_1S,OCO_STOP_LIMIT,ORIGINAL_SURVIVOR_STOP,2,RESOLVED,SELL,2025-08-13 13:30:00.006217433+00:00,24043.75,2025-08-13 13:30:00.006217433+00:00,24043.25,24028.25,24045.25,True,LIVE_STOP,2025-08-13 13:30:00.021244021+00:00,24045.75,-109.0,9.0,0.5,0.75,0.001669826,,
2188,2025-08-13 09:30,NY,VALIDATED_SOURCE,NQU5,-118.0,OCO_LIMIT_1P0_TTL_1S,OCO_STOP_LIMIT,ORIGINAL_SURVIVOR_STOP,4,RESOLVED,SELL,2025-08-13 13:30:00.006217433+00:00,24043.75,2025-08-13 13:30:00.006217433+00:00,24042.75,24028.25,24045.25,True,LIVE_STOP,2025-08-13 13:30:00.021244021+00:00,24046.25,-149.0,-31.0,1.0,0.75,0.001669826,,
2188,2025-08-13 09:30,NY,VALIDATED_SOURCE,NQU5,-118.0,OCO_LIMIT_1P0_TTL_1S,OCO_STOP_LIMIT,ONE_POINT_FROM_FILL,0,RESOLVED,SELL,2025-08-13 13:30:00.006217433+00:00,24043.75,2025-08-13 13:30:00.006217433+00:00,24043.75,24028.25,24044.75,True,LIVE_STOP,2025-08-13 13:30:00.010982087+00:00,24044.75,-49.0,69.0,0.0,0.75,0.001669826,,
2188,2025-08-13 09:30,NY,VALIDATED_SOURCE,NQU5,-118.0,OCO_LIMIT_1P0_TTL_1S,OCO_STOP_LIMIT,ONE_POINT_FROM_FILL,1,RESOLVED,SELL,2025-08-13 13:30:00.006217433+00:00,24043.75,2025-08-13 13:30:00.006217433+00:00,24043.5,24028.25,24044.5,True,LIVE_STOP,2025-08-13 13:30:00.006217433+00:00,24044.75,-59.0,59.0,0.25,0.75,0.001669826,,
2188,2025-08-13 09:30,NY,VALIDATED_SOURCE,NQU5,-118.0,OCO_LIMIT_1P0_TTL_1S,OCO_STOP_LIMIT,ONE_POINT_FROM_FILL,2,RESOLVED,SELL,2025-08-13 13:30:00.006217433+00:00,24043.75,2025-08-13 13:30:00.006217433+00:00,24043.25,24028.25,24044.25,True,LIVE_STOP,2025-08-13 13:30:00.006217433+00:00,24045.0,-79.0,39.0,0.5,0.75,0.001669826,,
2188,2025-08-13 09:30,NY,VALIDATED_SOURCE,NQU5,-118.0,OCO_LIMIT_1P0_TTL_1S,OCO_STOP_LIMIT,ONE_POINT_FROM_FILL,4,RESOLVED,SELL,2025-08-13 13:30:00.006217433+00:00,24043.75,2025-08-13 13:30:00.006217433+00:00,24042.75,24028.25,24043.75,True,LIVE_STOP,2025-08-13 13:30:00.006217433+00:00,24045.5,-119.0,-1.0,1.0,0.75,0.001669826,,
2188,2025-08-13 09:30,NY,VALIDATED_SOURCE,NQU5,-118.0,OCO_LIMIT_2P0_TTL_1S,OCO_STOP_LIMIT,ORIGINAL_SURVIVOR_STOP,0,RESOLVED,SELL,2025-08-13 13:30:00.006217433+00:00,24043.75,2025-08-13 13:30:00.006217433+00:00,24043.75,24028.25,24045.25,True,LIVE_STOP,2025-08-13 13:30:00.021244021+00:00,24045.25,-69.0,49.0,0.0,0.75,0.001669826,,
2188,2025-08-13 09:30,NY,VALIDATED_SOURCE,NQU5,-118.0,OCO_LIMIT_2P0_TTL_1S,OCO_STOP_LIMIT,ORIGINAL_SURVIVOR_STOP,1,RESOLVED,SELL,2025-08-13 13:30:00.006217433+00:00,24043.75,2025-08-13 13:30:00.006217433+00:00,24043.5,24028.25,24045.25,True,LIVE_STOP,2025-08-13 13:30:00.021244021+00:00,24045.5,-89.0,29.0,0.25,0.75,0.001669826,,
2188,2025-08-13 09:30,NY,VALIDATED_SOURCE,NQU5,-118.0,OCO_LIMIT_2P0_TTL_1S,OCO_STOP_LIMIT,ORIGINAL_SURVIVOR_STOP,2,RESOLVED,SELL,2025-08-13 13:30:00.006217433+00:00,24043.75,2025-08-13 13:30:00.006217433+00:00,24043.25,24028.25,24045.25,True,LIVE_STOP,2025-08-13 13:30:00.021244021+00:00,24045.75,-109.0,9.0,0.5,0.75,0.001669826,,
2188,2025-08-13 09:30,NY,VALIDATED_SOURCE,NQU5,-118.0,OCO_LIMIT_2P0_TTL_1S,OCO_STOP_LIMIT,ORIGINAL_SURVIVOR_STOP,4,RESOLVED,SELL,2025-08-13 13:30:00.006217433+00:00,24043.75,2025-08-13 13:30:00.006217433+00:00,24042.75,24028.25,24045.25,True,LIVE_STOP,2025-08-13 13:30:00.021244021+00:00,24046.25,-149.0,-31.0,1.0,0.75,0.001669826,,
2188,2025-08-13 09:30,NY,VALIDATED_SOURCE,NQU5,-118.0,OCO_LIMIT_2P0_TTL_1S,OCO_STOP_LIMIT,ONE_POINT_FROM_FILL,0,RESOLVED,SELL,2025-08-13 13:30:00.006217433+00:00,24043.75,2025-08-13 13:30:00.006217433+00:00,24043.75,24028.25,24044.75,True,LIVE_STOP,2025-08-13 13:30:00.010982087+00:00,24044.75,-49.0,69.0,0.0,0.75,0.001669826,,
2188,2025-08-13 09:30,NY,VALIDATED_SOURCE,NQU5,-118.0,OCO_LIMIT_2P0_TTL_1S,OCO_STOP_LIMIT,ONE_POINT_FROM_FILL,1,RESOLVED,SELL,2025-08-13 13:30:00.006217433+00:00,24043.75,2025-08-13 13:30:00.006217433+00:00,24043.5,24028.25,24044.5,True,LIVE_STOP,2025-08-13 13:30:00.006217433+00:00,24044.75,-59.0,59.0,0.25,0.75,0.001669826,,
2188,2025-08-13 09:30,NY,VALIDATED_SOURCE,NQU5,-118.0,OCO_LIMIT_2P0_TTL_1S,OCO_STOP_LIMIT,ONE_POINT_FROM_FILL,2,RESOLVED,SELL,2025-08-13 13:30:00.006217433+00:00,24043.75,2025-08-13 13:30:00.006217433+00:00,24043.25,24028.25,24044.25,True,LIVE_STOP,2025-08-13 13:30:00.006217433+00:00,24045.0,-79.0,39.0,0.5,0.75,0.001669826,,
2188,2025-08-13 09:30,NY,VALIDATED_SOURCE,NQU5,-118.0,OCO_LIMIT_2P0_TTL_1S,OCO_STOP_LIMIT,ONE_POINT_FROM_FILL,4,RESOLVED,SELL,2025-08-13 13:30:00.006217433+00:00,24043.75,2025-08-13 13:30:00.006217433+00:00,24042.75,24028.25,24043.75,True,LIVE_STOP,2025-08-13 13:30:00.006217433+00:00,24045.5,-119.0,-1.0,1.0,0.75,0.001669826,,
2188,2025-08-13 09:30,NY,VALIDATED_SOURCE,NQU5,-118.0,CTRL_100MS_CAP_0P5,CONTROLLER_MARKET,ORIGINAL_SURVIVOR_STOP,0,RESOLVED,SELL,2025-08-13 13:30:00.006217433+00:00,24043.75,2025-08-13 13:30:00.106595153+00:00,24045.25,24028.25,24045.25,True,LIVE_STOP,2025-08-13 13:30:00.106595153+00:00,24045.5,-19.0,99.0,0.0,0.25,0.001669826,,
2188,2025-08-13 09:30,NY,VALIDATED_SOURCE,NQU5,-118.0,CTRL_100MS_CAP_0P5,CONTROLLER_MARKET,ORIGINAL_SURVIVOR_STOP,1,RESOLVED,SELL,2025-08-13 13:30:00.006217433+00:00,24043.75,2025-08-13 13:30:00.106595153+00:00,24045.0,24028.25,24045.25,True,LIVE_STOP,2025-08-13 13:30:00.106595153+00:00,24045.75,-39.0,79.0,0.0,0.25,0.001669826,,
2188,2025-08-13 09:30,NY,VALIDATED_SOURCE,NQU5,-118.0,CTRL_100MS_CAP_0P5,CONTROLLER_MARKET,ORIGINAL_SURVIVOR_STOP,2,RESOLVED,SELL,2025-08-13 13:30:00.006217433+00:00,24043.75,2025-08-13 13:30:00.106595153+00:00,24044.75,24028.25,24045.25,True,LIVE_STOP,2025-08-13 13:30:00.106595153+00:00,24046.0,-59.0,59.0,0.0,0.25,0.001669826,,
2188,2025-08-13 09:30,NY,VALIDATED_SOURCE,NQU5,-118.0,CTRL_100MS_CAP_0P5,CONTROLLER_MARKET,ORIGINAL_SURVIVOR_STOP,4,RESOLVED,SELL,2025-08-13 13:30:00.006217433+00:00,24043.75,2025-08-13 13:30:00.106595153+00:00,24044.25,24028.25,24045.25,True,LIVE_STOP,2025-08-13 13:30:00.106595153+00:00,24046.5,-99.0,19.0,0.0,0.25,0.001669826,,
2188,2025-08-13 09:30,NY,VALIDATED_SOURCE,NQU5,-118.0,CTRL_100MS_CAP_0P5,CONTROLLER_MARKET,ONE_POINT_FROM_FILL,0,RESOLVED,SELL,2025-08-13 13:30:00.006217433+00:00,24043.75,2025-08-13 13:30:00.106595153+00:00,24045.25,24028.25,24046.25,True,LIVE_STOP,2025-08-13 13:30:00.120752877+00:00,24046.25,-49.0,69.0,0.0,0.25,0.001669826,,
2188,2025-08-13 09:30,NY,VALIDATED_SOURCE,NQU5,-118.0,CTRL_100MS_CAP_0P5,CONTROLLER_MARKET,ONE_POINT_FROM_FILL,1,RESOLVED,SELL,2025-08-13 13:30:00.006217433+00:00,24043.75,2025-08-13 13:30:00.106595153+00:00,24045.0,24028.25,24046.0,True,LIVE_STOP,2025-08-13 13:30:00.120465007+00:00,24046.25,-59.0,59.0,0.0,0.25,0.001669826,,
2188,2025-08-13 09:30,NY,VALIDATED_SOURCE,NQU5,-118.0,CTRL_100MS_CAP_0P5,CONTROLLER_MARKET,ONE_POINT_FROM_FILL,2,RESOLVED,SELL,2025-08-13 13:30:00.006217433+00:00,24043.75,2025-08-13 13:30:00.106595153+00:00,24044.75,24028.25,24045.75,True,LIVE_STOP,2025-08-13 13:30:00.108166659+00:00,24046.25,-69.0,49.0,0.0,0.25,0.001669826,,
2188,2025-08-13 09:30,NY,VALIDATED_SOURCE,NQU5,-118.0,CTRL_100MS_CAP_0P5,CONTROLLER_MARKET,ONE_POINT_FROM_FILL,4,RESOLVED,SELL,2025-08-13 13:30:00.006217433+00:00,24043.75,2025-08-13 13:30:00.106595153+00:00,24044.25,24028.25,24045.25,True,LIVE_STOP,2025-08-13 13:30:00.106595153+00:00,24046.5,-99.0,19.0,0.0,0.25,0.001669826,,
2188,2025-08-13 09:30,NY,VALIDATED_SOURCE,NQU5,-118.0,CTRL_250MS_CAP_1P0,CONTROLLER_MARKET,ORIGINAL_SURVIVOR_STOP,0,RESOLVED,SELL,2025-08-13 13:30:00.006217433+00:00,24043.75,2025-08-13 13:30:00.261686927+00:00,24046.5,24028.25,24045.25,True,LIVE_STOP,2025-08-13 13:30:00.261686927+00:00,24047.0,-29.0,89.0,0.0,0.5,0.001669826,,
2188,2025-08-13 09:30,NY,VALIDATED_SOURCE,NQU5,-118.0,CTRL_250MS_CAP_1P0,CONTROLLER_MARKET,ORIGINAL_SURVIVOR_STOP,1,RESOLVED,SELL,2025-08-13 13:30:00.006217433+00:00,24043.75,2025-08-13 13:30:00.261686927+00:00,24046.25,24028.25,24045.25,True,LIVE_STOP,2025-08-13 13:30:00.261686927+00:00,24047.25,-49.0,69.0,0.0,0.5,0.001669826,,
2188,2025-08-13 09:30,NY,VALIDATED_SOURCE,NQU5,-118.0,CTRL_250MS_CAP_1P0,CONTROLLER_MARKET,ORIGINAL_SURVIVOR_STOP,2,RESOLVED,SELL,2025-08-13 13:30:00.006217433+00:00,24043.75,2025-08-13 13:30:00.261686927+00:00,24046.0,24028.25,24045.25,True,LIVE_STOP,2025-08-13 13:30:00.261686927+00:00,24047.5,-69.0,49.0,0.0,0.5,0.001669826,,
2188,2025-08-13 09:30,NY,VALIDATED_SOURCE,NQU5,-118.0,CTRL_250MS_CAP_1P0,CONTROLLER_MARKET,ORIGINAL_SURVIVOR_STOP,4,RESOLVED,SELL,2025-08-13 13:30:00.006217433+00:00,24043.75,2025-08-13 13:30:00.261686927+00:00,24045.5,24028.25,24045.25,True,LIVE_STOP,2025-08-13 13:30:00.261686927+00:00,24048.0,-109.0,9.0,0.0,0.5,0.001669826,,
2188,2025-08-13 09:30,NY,VALIDATED_SOURCE,NQU5,-118.0,CTRL_250MS_CAP_1P0,CONTROLLER_MARKET,ONE_POINT_FROM_FILL,0,RESOLVED,SELL,2025-08-13 13:30:00.006217433+00:00,24043.75,2025-08-13 13:30:00.261686927+00:00,24046.5,24028.25,24047.5,True,LIVE_STOP,2025-08-13 13:30:01.721456229+00:00,24047.5,-49.0,69.0,0.0,0.5,0.001669826,,
2188,2025-08-13 09:30,NY,VALIDATED_SOURCE,NQU5,-118.0,CTRL_250MS_CAP_1P0,CONTROLLER_MARKET,ONE_POINT_FROM_FILL,1,RESOLVED,SELL,2025-08-13 13:30:00.006217433+00:00,24043.75,2025-08-13 13:30:00.261686927+00:00,24046.25,24028.25,24047.25,True,LIVE_STOP,2025-08-13 13:30:01.721456229+00:00,24047.75,-69.0,49.0,0.0,0.5,0.001669826,,
2188,2025-08-13 09:30,NY,VALIDATED_SOURCE,NQU5,-118.0,CTRL_250MS_CAP_1P0,CONTROLLER_MARKET,ONE_POINT_FROM_FILL,2,RESOLVED,SELL,2025-08-13 13:30:00.006217433+00:00,24043.75,2025-08-13 13:30:00.261686927+00:00,24046.0,24028.25,24047.0,True,LIVE_STOP,2025-08-13 13:30:00.261686927+00:00,24047.5,-69.0,49.0,0.0,0.5,0.001669826,,
2188,2025-08-13 09:30,NY,VALIDATED_SOURCE,NQU5,-118.0,CTRL_250MS_CAP_1P0,CONTROLLER_MARKET,ONE_POINT_FROM_FILL,4,RESOLVED,SELL,2025-08-13 13:30:00.006217433+00:00,24043.75,2025-08-13 13:30:00.261686927+00:00,24045.5,24028.25,24046.5,True,LIVE_STOP,2025-08-13 13:30:00.261686927+00:00,24048.0,-109.0,9.0,0.0,0.5,0.001669826,,
2188,2025-08-13 09:30,NY,VALIDATED_SOURCE,NQU5,-118.0,CTRL_500MS_CAP_1P0,CONTROLLER_MARKET,ORIGINAL_SURVIVOR_STOP,0,RESOLVED,SELL,2025-08-13 13:30:00.006217433+00:00,24043.75,2025-08-13 13:30:00.506761203+00:00,24042.75,24028.25,24045.25,True,LIVE_STOP,2025-08-13 13:30:01.548122197+00:00,24045.25,-109.0,9.0,1.0,0.25,0.001669826,,
2188,2025-08-13 09:30,NY,VALIDATED_SOURCE,NQU5,-118.0,CTRL_500MS_CAP_1P0,CONTROLLER_MARKET,ORIGINAL_SURVIVOR_STOP,1,SKIP_CHASE_CAP,SELL,2025-08-13 13:30:00.006217433+00:00,24043.75,,24042.5,,,False,,,,0.0,118.0,1.25,0.25,,211.0,
2188,2025-08-13 09:30,NY,VALIDATED_SOURCE,NQU5,-118.0,CTRL_500MS_CAP_1P0,CONTROLLER_MARKET,ORIGINAL_SURVIVOR_STOP,2,SKIP_CHASE_CAP,SELL,2025-08-13 13:30:00.006217433+00:00,24043.75,,24042.25,,,False,,,,0.0,118.0,1.5,0.25,,211.0,
2188,2025-08-13 09:30,NY,VALIDATED_SOURCE,NQU5,-118.0,CTRL_500MS_CAP_1P0,CONTROLLER_MARKET,ORIGINAL_SURVIVOR_STOP,4,SKIP_CHASE_CAP,SELL,2025-08-13 13:30:00.006217433+00:00,24043.75,,24041.75,,,False,,,,0.0,118.0,2.0,0.25,,211.0,
2188,2025-08-13 09:30,NY,VALIDATED_SOURCE,NQU5,-118.0,CTRL_500MS_CAP_1P0,CONTROLLER_MARKET,ONE_POINT_FROM_FILL,0,RESOLVED,SELL,2025-08-13 13:30:00.006217433+00:00,24043.75,2025-08-13 13:30:00.506761203+00:00,24042.75,24028.25,24043.75,True,LIVE_STOP,2025-08-13 13:30:00.560652277+00:00,24043.75,-49.0,69.0,1.0,0.25,0.001669826,,
2188,2025-08-13 09:30,NY,VALIDATED_SOURCE,NQU5,-118.0,CTRL_500MS_CAP_1P0,CONTROLLER_MARKET,ONE_POINT_FROM_FILL,1,SKIP_CHASE_CAP,SELL,2025-08-13 13:30:00.006217433+00:00,24043.75,,24042.5,,,False,,,,0.0,118.0,1.25,0.25,,211.0,
2188,2025-08-13 09:30,NY,VALIDATED_SOURCE,NQU5,-118.0,CTRL_500MS_CAP_1P0,CONTROLLER_MARKET,ONE_POINT_FROM_FILL,2,SKIP_CHASE_CAP,SELL,2025-08-13 13:30:00.006217433+00:00,24043.75,,24042.25,,,False,,,,0.0,118.0,1.5,0.25,,211.0,
2188,2025-08-13 09:30,NY,VALIDATED_SOURCE,NQU5,-118.0,CTRL_500MS_CAP_1P0,CONTROLLER_MARKET,ONE_POINT_FROM_FILL,4,SKIP_CHASE_CAP,SELL,2025-08-13 13:30:00.006217433+00:00,24043.75,,24041.75,,,False,,,,0.0,118.0,2.0,0.25,,211.0,
2188,2025-08-13 09:30,NY,VALIDATED_SOURCE,NQU5,-118.0,CTRL_1S_CAP_2P0,CONTROLLER_MARKET,ORIGINAL_SURVIVOR_STOP,0,RESOLVED,SELL,2025-08-13 13:30:00.006217433+00:00,24043.75,2025-08-13 13:30:01.009455845+00:00,24042.25,24028.25,24045.25,True,LIVE_STOP,2025-08-13 13:30:01.548122197+00:00,24045.25,-129.0,-11.0,1.5,0.5,0.001669826,,
2188,2025-08-13 09:30,NY,VALIDATED_SOURCE,NQU5,-118.0,CTRL_1S_CAP_2P0,CONTROLLER_MARKET,ORIGINAL_SURVIVOR_STOP,1,RESOLVED,SELL,2025-08-13 13:30:00.006217433+00:00,24043.75,2025-08-13 13:30:01.009455845+00:00,24042.0,24028.25,24045.25,True,LIVE_STOP,2025-08-13 13:30:01.548122197+00:00,24045.5,-149.0,-31.0,1.75,0.5,0.001669826,,
2188,2025-08-13 09:30,NY,VALIDATED_SOURCE,NQU5,-118.0,CTRL_1S_CAP_2P0,CONTROLLER_MARKET,ORIGINAL_SURVIVOR_STOP,2,RESOLVED,SELL,2025-08-13 13:30:00.006217433+00:00,24043.75,2025-08-13 13:30:01.009455845+00:00,24041.75,24028.25,24045.25,True,LIVE_STOP,2025-08-13 13:30:01.548122197+00:00,24045.75,-169.0,-51.0,2.0,0.5,0.001669826,,
2188,2025-08-13 09:30,NY,VALIDATED_SOURCE,NQU5,-118.0,CTRL_1S_CAP_2P0,CONTROLLER_MARKET,ORIGINAL_SURVIVOR_STOP,4,SKIP_CHASE_CAP,SELL,2025-08-13 13:30:00.006217433+00:00,24043.75,,24041.25,,,False,,,,0.0,118.0,2.5,0.5,,290.0,
2188,2025-08-13 09:30,NY,VALIDATED_SOURCE,NQU5,-118.0,CTRL_1S_CAP_2P0,CONTROLLER_MARKET,ONE_POINT_FROM_FILL,0,RESOLVED,SELL,2025-08-13 13:30:00.006217433+00:00,24043.75,2025-08-13 13:30:01.009455845+00:00,24042.25,24028.25,24043.25,True,LIVE_STOP,2025-08-13 13:30:01.097619689+00:00,24043.25,-49.0,69.0,1.5,0.5,0.001669826,,
2188,2025-08-13 09:30,NY,VALIDATED_SOURCE,NQU5,-118.0,CTRL_1S_CAP_2P0,CONTROLLER_MARKET,ONE_POINT_FROM_FILL,1,RESOLVED,SELL,2025-08-13 13:30:00.006217433+00:00,24043.75,2025-08-13 13:30:01.009455845+00:00,24042.0,24028.25,24043.0,True,LIVE_STOP,2025-08-13 13:30:01.095114987+00:00,24043.25,-59.0,59.0,1.75,0.5,0.001669826,,
2188,2025-08-13 09:30,NY,VALIDATED_SOURCE,NQU5,-118.0,CTRL_1S_CAP_2P0,CONTROLLER_MARKET,ONE_POINT_FROM_FILL,2,RESOLVED,SELL,2025-08-13 13:30:00.006217433+00:00,24043.75,2025-08-13 13:30:01.009455845+00:00,24041.75,24028.25,24042.75,True,LIVE_STOP,2025-08-13 13:30:01.009455845+00:00,24043.25,-69.0,49.0,2.0,0.5,0.001669826,,
2188,2025-08-13 09:30,NY,VALIDATED_SOURCE,NQU5,-118.0,CTRL_1S_CAP_2P0,CONTROLLER_MARKET,ONE_POINT_FROM_FILL,4,SKIP_CHASE_CAP,SELL,2025-08-13 13:30:00.006217433+00:00,24043.75,,24041.25,,,False,,,,0.0,118.0,2.5,0.5,,290.0,
2189,2025-08-14 09:30,NY,VALIDATED_SOURCE,NQU5,572.0,OCO_LIMIT_0P5_TTL_1S,OCO_STOP_LIMIT,ORIGINAL_SURVIVOR_STOP,0,RESOLVED,BUY,2025-08-14 13:30:00.002120361+00:00,23858.5,2025-08-14 13:30:00.002120361+00:00,23858.5,23874.0,23857.0,True,LIVE_STOP,2025-08-14 13:30:00.543101447+00:00,23857.0,-69.0,-641.0,0.0,1.0,0.000381486,,
2189,2025-08-14 09:30,NY,VALIDATED_SOURCE,NQU5,572.0,OCO_LIMIT_0P5_TTL_1S,OCO_STOP_LIMIT,ORIGINAL_SURVIVOR_STOP,1,RESOLVED,BUY,2025-08-14 13:30:00.002120361+00:00,23858.5,2025-08-14 13:30:00.002120361+00:00,23858.75,23874.0,23857.0,True,LIVE_STOP,2025-08-14 13:30:00.543101447+00:00,23856.75,-89.0,-661.0,0.25,1.0,0.000381486,,
2189,2025-08-14 09:30,NY,VALIDATED_SOURCE,NQU5,572.0,OCO_LIMIT_0P5_TTL_1S,OCO_STOP_LIMIT,ORIGINAL_SURVIVOR_STOP,2,RESOLVED,BUY,2025-08-14 13:30:00.002120361+00:00,23858.5,2025-08-14 13:30:00.002120361+00:00,23859.0,23874.0,23857.0,True,LIVE_STOP,2025-08-14 13:30:00.543101447+00:00,23856.5,-109.0,-681.0,0.5,1.0,0.000381486,,
2189,2025-08-14 09:30,NY,VALIDATED_SOURCE,NQU5,572.0,OCO_LIMIT_0P5_TTL_1S,OCO_STOP_LIMIT,ORIGINAL_SURVIVOR_STOP,4,RESOLVED,BUY,2025-08-14 13:30:00.002120361+00:00,23858.5,2025-08-14 13:30:00.002120361+00:00,23859.0,23874.0,23857.0,True,LIVE_STOP,2025-08-14 13:30:00.543101447+00:00,23856.0,-129.0,-701.0,0.5,1.0,0.000381486,,
2189,2025-08-14 09:30,NY,VALIDATED_SOURCE,NQU5,572.0,OCO_LIMIT_0P5_TTL_1S,OCO_STOP_LIMIT,ONE_POINT_FROM_FILL,0,RESOLVED,BUY,2025-08-14 13:30:00.002120361+00:00,23858.5,2025-08-14 13:30:00.002120361+00:00,23858.5,23874.0,23857.5,True,LIVE_STOP,2025-08-14 13:30:00.002120361+00:00,23857.5,-49.0,-621.0,0.0,1.0,0.000381486,,
2189,2025-08-14 09:30,NY,VALIDATED_SOURCE,NQU5,572.0,OCO_LIMIT_0P5_TTL_1S,OCO_STOP_LIMIT,ONE_POINT_FROM_FILL,1,RESOLVED,BUY,2025-08-14 13:30:00.002120361+00:00,23858.5,2025-08-14 13:30:00.002120361+00:00,23858.75,23874.0,23857.75,True,LIVE_STOP,2025-08-14 13:30:00.002120361+00:00,23857.25,-69.0,-641.0,0.25,1.0,0.000381486,,
2189,2025-08-14 09:30,NY,VALIDATED_SOURCE,NQU5,572.0,OCO_LIMIT_0P5_TTL_1S,OCO_STOP_LIMIT,ONE_POINT_FROM_FILL,2,RESOLVED,BUY,2025-08-14 13:30:00.002120361+00:00,23858.5,2025-08-14 13:30:00.002120361+00:00,23859.0,23874.0,23858.0,True,LIVE_STOP,2025-08-14 13:30:00.002120361+00:00,23857.0,-89.0,-661.0,0.5,1.0,0.000381486,,
2189,2025-08-14 09:30,NY,VALIDATED_SOURCE,NQU5,572.0,OCO_LIMIT_0P5_TTL_1S,OCO_STOP_LIMIT,ONE_POINT_FROM_FILL,4,RESOLVED,BUY,2025-08-14 13:30:00.002120361+00:00,23858.5,2025-08-14 13:30:00.002120361+00:00,23859.0,23874.0,23858.0,True,LIVE_STOP,2025-08-14 13:30:00.002120361+00:00,23856.5,-109.0,-681.0,0.5,1.0,0.000381486,,
2189,2025-08-14 09:30,NY,VALIDATED_SOURCE,NQU5,572.0,OCO_LIMIT_1P0_TTL_1S,OCO_STOP_LIMIT,ORIGINAL_SURVIVOR_STOP,0,RESOLVED,BUY,2025-08-14 13:30:00.002120361+00:00,23858.5,2025-08-14 13:30:00.002120361+00:00,23858.5,23874.0,23857.0,True,LIVE_STOP,2025-08-14 13:30:00.543101447+00:00,23857.0,-69.0,-641.0,0.0,1.0,0.000381486,,
2189,2025-08-14 09:30,NY,VALIDATED_SOURCE,NQU5,572.0,OCO_LIMIT_1P0_TTL_1S,OCO_STOP_LIMIT,ORIGINAL_SURVIVOR_STOP,1,RESOLVED,BUY,2025-08-14 13:30:00.002120361+00:00,23858.5,2025-08-14 13:30:00.002120361+00:00,23858.75,23874.0,23857.0,True,LIVE_STOP,2025-08-14 13:30:00.543101447+00:00,23856.75,-89.0,-661.0,0.25,1.0,0.000381486,,
2189,2025-08-14 09:30,NY,VALIDATED_SOURCE,NQU5,572.0,OCO_LIMIT_1P0_TTL_1S,OCO_STOP_LIMIT,ORIGINAL_SURVIVOR_STOP,2,RESOLVED,BUY,2025-08-14 13:30:00.002120361+00:00,23858.5,2025-08-14 13:30:00.002120361+00:00,23859.0,23874.0,23857.0,True,LIVE_STOP,2025-08-14 13:30:00.543101447+00:00,23856.5,-109.0,-681.0,0.5,1.0,0.000381486,,
2189,2025-08-14 09:30,NY,VALIDATED_SOURCE,NQU5,572.0,OCO_LIMIT_1P0_TTL_1S,OCO_STOP_LIMIT,ORIGINAL_SURVIVOR_STOP,4,RESOLVED,BUY,2025-08-14 13:30:00.002120361+00:00,23858.5,2025-08-14 13:30:00.002120361+00:00,23859.5,23874.0,23857.0,True,LIVE_STOP,2025-08-14 13:30:00.543101447+00:00,23856.0,-149.0,-721.0,1.0,1.0,0.000381486,,
2189,2025-08-14 09:30,NY,VALIDATED_SOURCE,NQU5,572.0,OCO_LIMIT_1P0_TTL_1S,OCO_STOP_LIMIT,ONE_POINT_FROM_FILL,0,RESOLVED,BUY,2025-08-14 13:30:00.002120361+00:00,23858.5,2025-08-14 13:30:00.002120361+00:00,23858.5,23874.0,23857.5,True,LIVE_STOP,2025-08-14 13:30:00.002120361+00:00,23857.5,-49.0,-621.0,0.0,1.0,0.000381486,,
2189,2025-08-14 09:30,NY,VALIDATED_SOURCE,NQU5,572.0,OCO_LIMIT_1P0_TTL_1S,OCO_STOP_LIMIT,ONE_POINT_FROM_FILL,1,RESOLVED,BUY,2025-08-14 13:30:00.002120361+00:00,23858.5,2025-08-14 13:30:00.002120361+00:00,23858.75,23874.0,23857.75,True,LIVE_STOP,2025-08-14 13:30:00.002120361+00:00,23857.25,-69.0,-641.0,0.25,1.0,0.000381486,,
2189,2025-08-14 09:30,NY,VALIDATED_SOURCE,NQU5,572.0,OCO_LIMIT_1P0_TTL_1S,OCO_STOP_LIMIT,ONE_POINT_FROM_FILL,2,RESOLVED,BUY,2025-08-14 13:30:00.002120361+00:00,23858.5,2025-08-14 13:30:00.002120361+00:00,23859.0,23874.0,23858.0,True,LIVE_STOP,2025-08-14 13:30:00.002120361+00:00,23857.0,-89.0,-661.0,0.5,1.0,0.000381486,,
2189,2025-08-14 09:30,NY,VALIDATED_SOURCE,NQU5,572.0,OCO_LIMIT_1P0_TTL_1S,OCO_STOP_LIMIT,ONE_POINT_FROM_FILL,4,RESOLVED,BUY,2025-08-14 13:30:00.002120361+00:00,23858.5,2025-08-14 13:30:00.002120361+00:00,23859.5,23874.0,23858.5,True,LIVE_STOP,2025-08-14 13:30:00.002120361+00:00,23856.5,-129.0,-701.0,1.0,1.0,0.000381486,,
2189,2025-08-14 09:30,NY,VALIDATED_SOURCE,NQU5,572.0,OCO_LIMIT_2P0_TTL_1S,OCO_STOP_LIMIT,ORIGINAL_SURVIVOR_STOP,0,RESOLVED,BUY,2025-08-14 13:30:00.002120361+00:00,23858.5,2025-08-14 13:30:00.002120361+00:00,23858.5,23874.0,23857.0,True,LIVE_STOP,2025-08-14 13:30:00.543101447+00:00,23857.0,-69.0,-641.0,0.0,1.0,0.000381486,,
2189,2025-08-14 09:30,NY,VALIDATED_SOURCE,NQU5,572.0,OCO_LIMIT_2P0_TTL_1S,OCO_STOP_LIMIT,ORIGINAL_SURVIVOR_STOP,1,RESOLVED,BUY,2025-08-14 13:30:00.002120361+00:00,23858.5,2025-08-14 13:30:00.002120361+00:00,23858.75,23874.0,23857.0,True,LIVE_STOP,2025-08-14 13:30:00.543101447+00:00,23856.75,-89.0,-661.0,0.25,1.0,0.000381486,,
2189,2025-08-14 09:30,NY,VALIDATED_SOURCE,NQU5,572.0,OCO_LIMIT_2P0_TTL_1S,OCO_STOP_LIMIT,ORIGINAL_SURVIVOR_STOP,2,RESOLVED,BUY,2025-08-14 13:30:00.002120361+00:00,23858.5,2025-08-14 13:30:00.002120361+00:00,23859.0,23874.0,23857.0,True,LIVE_STOP,2025-08-14 13:30:00.543101447+00:00,23856.5,-109.0,-681.0,0.5,1.0,0.000381486,,
2189,2025-08-14 09:30,NY,VALIDATED_SOURCE,NQU5,572.0,OCO_LIMIT_2P0_TTL_1S,OCO_STOP_LIMIT,ORIGINAL_SURVIVOR_STOP,4,RESOLVED,BUY,2025-08-14 13:30:00.002120361+00:00,23858.5,2025-08-14 13:30:00.002120361+00:00,23859.5,23874.0,23857.0,True,LIVE_STOP,2025-08-14 13:30:00.543101447+00:00,23856.0,-149.0,-721.0,1.0,1.0,0.000381486,,
2189,2025-08-14 09:30,NY,VALIDATED_SOURCE,NQU5,572.0,OCO_LIMIT_2P0_TTL_1S,OCO_STOP_LIMIT,ONE_POINT_FROM_FILL,0,RESOLVED,BUY,2025-08-14 13:30:00.002120361+00:00,23858.5,2025-08-14 13:30:00.002120361+00:00,23858.5,23874.0,23857.5,True,LIVE_STOP,2025-08-14 13:30:00.002120361+00:00,23857.5,-49.0,-621.0,0.0,1.0,0.000381486,,
2189,2025-08-14 09:30,NY,VALIDATED_SOURCE,NQU5,572.0,OCO_LIMIT_2P0_TTL_1S,OCO_STOP_LIMIT,ONE_POINT_FROM_FILL,1,RESOLVED,BUY,2025-08-14 13:30:00.002120361+00:00,23858.5,2025-08-14 13:30:00.002120361+00:00,23858.75,23874.0,23857.75,True,LIVE_STOP,2025-08-14 13:30:00.002120361+00:00,23857.25,-69.0,-641.0,0.25,1.0,0.000381486,,
2189,2025-08-14 09:30,NY,VALIDATED_SOURCE,NQU5,572.0,OCO_LIMIT_2P0_TTL_1S,OCO_STOP_LIMIT,ONE_POINT_FROM_FILL,2,RESOLVED,BUY,2025-08-14 13:30:00.002120361+00:00,23858.5,2025-08-14 13:30:00.002120361+00:00,23859.0,23874.0,23858.0,True,LIVE_STOP,2025-08-14 13:30:00.002120361+00:00,23857.0,-89.0,-661.0,0.5,1.0,0.000381486,,
2189,2025-08-14 09:30,NY,VALIDATED_SOURCE,NQU5,572.0,OCO_LIMIT_2P0_TTL_1S,OCO_STOP_LIMIT,ONE_POINT_FROM_FILL,4,RESOLVED,BUY,2025-08-14 13:30:00.002120361+00:00,23858.5,2025-08-14 13:30:00.002120361+00:00,23859.5,23874.0,23858.5,True,LIVE_STOP,2025-08-14 13:30:00.002120361+00:00,23856.5,-129.0,-701.0,1.0,1.0,0.000381486,,
2189,2025-08-14 09:30,NY,VALIDATED_SOURCE,NQU5,572.0,CTRL_100MS_CAP_0P5,CONTROLLER_MARKET,ORIGINAL_SURVIVOR_STOP,0,SKIP_CHASE_CAP,BUY,2025-08-14 13:30:00.002120361+00:00,23858.5,,23862.25,,,False,,,,0.0,-572.0,3.75,0.5,,120.0,
2189,2025-08-14 09:30,NY,VALIDATED_SOURCE,NQU5,572.0,CTRL_100MS_CAP_0P5,CONTROLLER_MARKET,ORIGINAL_SURVIVOR_STOP,1,SKIP_CHASE_CAP,BUY,2025-08-14 13:30:00.002120361+00:00,23858.5,,23862.5,,,False,,,,0.0,-572.0,4.0,0.5,,120.0,
2189,2025-08-14 09:30,NY,VALIDATED_SOURCE,NQU5,572.0,CTRL_100MS_CAP_0P5,CONTROLLER_MARKET,ORIGINAL_SURVIVOR_STOP,2,SKIP_CHASE_CAP,BUY,2025-08-14 13:30:00.002120361+00:00,23858.5,,23862.75,,,False,,,,0.0,-572.0,4.25,0.5,,120.0,
2189,2025-08-14 09:30,NY,VALIDATED_SOURCE,NQU5,572.0,CTRL_100MS_CAP_0P5,CONTROLLER_MARKET,ORIGINAL_SURVIVOR_STOP,4,SKIP_CHASE_CAP,BUY,2025-08-14 13:30:00.002120361+00:00,23858.5,,23863.25,,,False,,,,0.0,-572.0,4.75,0.5,,120.0,
2189,2025-08-14 09:30,NY,VALIDATED_SOURCE,NQU5,572.0,CTRL_100MS_CAP_0P5,CONTROLLER_MARKET,ONE_POINT_FROM_FILL,0,SKIP_CHASE_CAP,BUY,2025-08-14 13:30:00.002120361+00:00,23858.5,,23862.25,,,False,,,,0.0,-572.0,3.75,0.5,,120.0,
2189,2025-08-14 09:30,NY,VALIDATED_SOURCE,NQU5,572.0,CTRL_100MS_CAP_0P5,CONTROLLER_MARKET,ONE_POINT_FROM_FILL,1,SKIP_CHASE_CAP,BUY,2025-08-14 13:30:00.002120361+00:00,23858.5,,23862.5,,,False,,,,0.0,-572.0,4.0,0.5,,120.0,
2189,2025-08-14 09:30,NY,VALIDATED_SOURCE,NQU5,572.0,CTRL_100MS_CAP_0P5,CONTROLLER_MARKET,ONE_POINT_FROM_FILL,2,SKIP_CHASE_CAP,BUY,2025-08-14 13:30:00.002120361+00:00,23858.5,,23862.75,,,False,,,,0.0,-572.0,4.25,0.5,,120.0,
2189,2025-08-14 09:30,NY,VALIDATED_SOURCE,NQU5,572.0,CTRL_100MS_CAP_0P5,CONTROLLER_MARKET,ONE_POINT_FROM_FILL,4,SKIP_CHASE_CAP,BUY,2025-08-14 13:30:00.002120361+00:00,23858.5,,23863.25,,,False,,,,0.0,-572.0,4.75,0.5,,120.0,
2189,2025-08-14 09:30,NY,VALIDATED_SOURCE,NQU5,572.0,CTRL_250MS_CAP_1P0,CONTROLLER_MARKET,ORIGINAL_SURVIVOR_STOP,0,SKIP_CHASE_CAP,BUY,2025-08-14 13:30:00.002120361+00:00,23858.5,,23861.0,,,False,,,,0.0,-572.0,2.5,0.25,,165.0,
2189,2025-08-14 09:30,NY,VALIDATED_SOURCE,NQU5,572.0,CTRL_250MS_CAP_1P0,CONTROLLER_MARKET,ORIGINAL_SURVIVOR_STOP,1,SKIP_CHASE_CAP,BUY,2025-08-14 13:30:00.002120361+00:00,23858.5,,23861.25,,,False,,,,0.0,-572.0,2.75,0.25,,165.0,
2189,2025-08-14 09:30,NY,VALIDATED_SOURCE,NQU5,572.0,CTRL_250MS_CAP_1P0,CONTROLLER_MARKET,ORIGINAL_SURVIVOR_STOP,2,SKIP_CHASE_CAP,BUY,2025-08-14 13:30:00.002120361+00:00,23858.5,,23861.5,,,False,,,,0.0,-572.0,3.0,0.25,,165.0,
2189,2025-08-14 09:30,NY,VALIDATED_SOURCE,NQU5,572.0,CTRL_250MS_CAP_1P0,CONTROLLER_MARKET,ORIGINAL_SURVIVOR_STOP,4,SKIP_CHASE_CAP,BUY,2025-08-14 13:30:00.002120361+00:00,23858.5,,23862.0,,,False,,,,0.0,-572.0,3.5,0.25,,165.0,
2189,2025-08-14 09:30,NY,VALIDATED_SOURCE,NQU5,572.0,CTRL_250MS_CAP_1P0,CONTROLLER_MARKET,ONE_POINT_FROM_FILL,0,SKIP_CHASE_CAP,BUY,2025-08-14 13:30:00.002120361+00:00,23858.5,,23861.0,,,False,,,,0.0,-572.0,2.5,0.25,,165.0,
2189,2025-08-14 09:30,NY,VALIDATED_SOURCE,NQU5,572.0,CTRL_250MS_CAP_1P0,CONTROLLER_MARKET,ONE_POINT_FROM_FILL,1,SKIP_CHASE_CAP,BUY,2025-08-14 13:30:00.002120361+00:00,23858.5,,23861.25,,,False,,,,0.0,-572.0,2.75,0.25,,165.0,
2189,2025-08-14 09:30,NY,VALIDATED_SOURCE,NQU5,572.0,CTRL_250MS_CAP_1P0,CONTROLLER_MARKET,ONE_POINT_FROM_FILL,2,SKIP_CHASE_CAP,BUY,2025-08-14 13:30:00.002120361+00:00,23858.5,,23861.5,,,False,,,,0.0,-572.0,3.0,0.25,,165.0,
2189,2025-08-14 09:30,NY,VALIDATED_SOURCE,NQU5,572.0,CTRL_250MS_CAP_1P0,CONTROLLER_MARKET,ONE_POINT_FROM_FILL,4,SKIP_CHASE_CAP,BUY,2025-08-14 13:30:00.002120361+00:00,23858.5,,23862.0,,,False,,,,0.0,-572.0,3.5,0.25,,165.0,
2189,2025-08-14 09:30,NY,VALIDATED_SOURCE,NQU5,572.0,CTRL_500MS_CAP_1P0,CONTROLLER_MARKET,ORIGINAL_SURVIVOR_STOP,0,RESOLVED,BUY,2025-08-14 13:30:00.002120361+00:00,23858.5,2025-08-14 13:30:00.518301855+00:00,23858.75,23874.0,23857.0,True,LIVE_STOP,2025-08-14 13:30:00.543101447+00:00,23857.0,-79.0,-651.0,0.25,0.5,0.000381486,,
2189,2025-08-14 09:30,NY,VALIDATED_SOURCE,NQU5,572.0,CTRL_500MS_CAP_1P0,CONTROLLER_MARKET,ORIGINAL_SURVIVOR_STOP,1,RESOLVED,BUY,2025-08-14 13:30:00.002120361+00:00,23858.5,2025-08-14 13:30:00.518301855+00:00,23859.0,23874.0,23857.0,True,LIVE_STOP,2025-08-14 13:30:00.543101447+00:00,23856.75,-99.0,-671.0,0.5,0.5,0.000381486,,
2189,2025-08-14 09:30,NY,VALIDATED_SOURCE,NQU5,572.0,CTRL_500MS_CAP_1P0,CONTROLLER_MARKET,ORIGINAL_SURVIVOR_STOP,2,RESOLVED,BUY,2025-08-14 13:30:00.002120361+00:00,23858.5,2025-08-14 13:30:00.518301855+00:00,23859.25,23874.0,23857.0,True,LIVE_STOP,2025-08-14 13:30:00.543101447+00:00,23856.5,-119.0,-691.0,0.75,0.5,0.000381486,,
2189,2025-08-14 09:30,NY,VALIDATED_SOURCE,NQU5,572.0,CTRL_500MS_CAP_1P0,CONTROLLER_MARKET,ORIGINAL_SURVIVOR_STOP,4,SKIP_CHASE_CAP,BUY,2025-08-14 13:30:00.002120361+00:00,23858.5,,23859.75,,,False,,,,0.0,-572.0,1.25,0.5,,225.0,
2189,2025-08-14 09:30,NY,VALIDATED_SOURCE,NQU5,572.0,CTRL_500MS_CAP_1P0,CONTROLLER_MARKET,ONE_POINT_FROM_FILL,0,RESOLVED,BUY,2025-08-14 13:30:00.002120361+00:00,23858.5,2025-08-14 13:30:00.518301855+00:00,23858.75,23874.0,23857.75,True,LIVE_STOP,2025-08-14 13:30:00.531760177+00:00,23857.75,-49.0,-621.0,0.25,0.5,0.000381486,,
2189,2025-08-14 09:30,NY,VALIDATED_SOURCE,NQU5,572.0,CTRL_500MS_CAP_1P0,CONTROLLER_MARKET,ONE_POINT_FROM_FILL,1,RESOLVED,BUY,2025-08-14 13:30:00.002120361+00:00,23858.5,2025-08-14 13:30:00.518301855+00:00,23859.0,23874.0,23858.0,True,LIVE_STOP,2025-08-14 13:30:00.531699583+00:00,23857.75,-59.0,-631.0,0.5,0.5,0.000381486,,
2189,2025-08-14 09:30,NY,VALIDATED_SOURCE,NQU5,572.0,CTRL_500MS_CAP_1P0,CONTROLLER_MARKET,ONE_POINT_FROM_FILL,2,RESOLVED,BUY,2025-08-14 13:30:00.002120361+00:00,23858.5,2025-08-14 13:30:00.518301855+00:00,23859.25,23874.0,23858.25,True,LIVE_STOP,2025-08-14 13:30:00.518301855+00:00,23857.75,-69.0,-641.0,0.75,0.5,0.000381486,,
2189,2025-08-14 09:30,NY,VALIDATED_SOURCE,NQU5,572.0,CTRL_500MS_CAP_1P0,CONTROLLER_MARKET,ONE_POINT_FROM_FILL,4,SKIP_CHASE_CAP,BUY,2025-08-14 13:30:00.002120361+00:00,23858.5,,23859.75,,,False,,,,0.0,-572.0,1.25,0.5,,225.0,
2189,2025-08-14 09:30,NY,VALIDATED_SOURCE,NQU5,572.0,CTRL_1S_CAP_2P0,CONTROLLER_MARKET,ORIGINAL_SURVIVOR_STOP,0,RESOLVED,BUY,2025-08-14 13:30:00.002120361+00:00,23858.5,2025-08-14 13:30:01.008338147+00:00,23859.75,23874.0,23857.0,True,LIVE_STOP,2025-08-14 13:30:27.696040547+00:00,23857.0,-119.0,-691.0,1.25,0.75,0.000381486,,
2189,2025-08-14 09:30,NY,VALIDATED_SOURCE,NQU5,572.0,CTRL_1S_CAP_2P0,CONTROLLER_MARKET,ORIGINAL_SURVIVOR_STOP,1,RESOLVED,BUY,2025-08-14 13:30:00.002120361+00:00,23858.5,2025-08-14 13:30:01.008338147+00:00,23860.0,23874.0,23857.0,True,LIVE_STOP,2025-08-14 13:30:27.696040547+00:00,23856.75,-139.0,-711.0,1.5,0.75,0.000381486,,
2189,2025-08-14 09:30,NY,VALIDATED_SOURCE,NQU5,572.0,CTRL_1S_CAP_2P0,CONTROLLER_MARKET,ORIGINAL_SURVIVOR_STOP,2,RESOLVED,BUY,2025-08-14 13:30:00.002120361+00:00,23858.5,2025-08-14 13:30:01.008338147+00:00,23860.25,23874.0,23857.0,True,LIVE_STOP,2025-08-14 13:30:27.696040547+00:00,23856.5,-159.0,-731.0,1.75,0.75,0.000381486,,
2189,2025-08-14 09:30,NY,VALIDATED_SOURCE,NQU5,572.0,CTRL_1S_CAP_2P0,CONTROLLER_MARKET,ORIGINAL_SURVIVOR_STOP,4,SKIP_CHASE_CAP,BUY,2025-08-14 13:30:00.002120361+00:00,23858.5,,23860.75,,,False,,,,0.0,-572.0,2.25,0.75,,307.0,
2189,2025-08-14 09:30,NY,VALIDATED_SOURCE,NQU5,572.0,CTRL_1S_CAP_2P0,CONTROLLER_MARKET,ONE_POINT_FROM_FILL,0,RESOLVED,BUY,2025-08-14 13:30:00.002120361+00:00,23858.5,2025-08-14 13:30:01.008338147+00:00,23859.75,23874.0,23858.75,True,LIVE_STOP,2025-08-14 13:30:01.040146265+00:00,23858.75,-49.0,-621.0,1.25,0.75,0.000381486,,
2189,2025-08-14 09:30,NY,VALIDATED_SOURCE,NQU5,572.0,CTRL_1S_CAP_2P0,CONTROLLER_MARKET,ONE_POINT_FROM_FILL,1,RESOLVED,BUY,2025-08-14 13:30:00.002120361+00:00,23858.5,2025-08-14 13:30:01.008338147+00:00,23860.0,23874.0,23859.0,True,LIVE_STOP,2025-08-14 13:30:01.008338147+00:00,23858.75,-59.0,-631.0,1.5,0.75,0.000381486,,
2189,2025-08-14 09:30,NY,VALIDATED_SOURCE,NQU5,572.0,CTRL_1S_CAP_2P0,CONTROLLER_MARKET,ONE_POINT_FROM_FILL,2,RESOLVED,BUY,2025-08-14 13:30:00.002120361+00:00,23858.5,2025-08-14 13:30:01.008338147+00:00,23860.25,23874.0,23859.25,True,LIVE_STOP,2025-08-14 13:30:01.008338147+00:00,23858.5,-79.0,-651.0,1.75,0.75,0.000381486,,
2189,2025-08-14 09:30,NY,VALIDATED_SOURCE,NQU5,572.0,CTRL_1S_CAP_2P0,CONTROLLER_MARKET,ONE_POINT_FROM_FILL,4,SKIP_CHASE_CAP,BUY,2025-08-14 13:30:00.002120361+00:00,23858.5,,23860.75,,,False,,,,0.0,-572.0,2.25,0.75,,307.0,
2190,2025-08-14 18:00,WEEKDAY_WEAK,VALIDATED_SOURCE,NQU5,-59.0,OCO_LIMIT_0P5_TTL_1S,OCO_STOP_LIMIT,ORIGINAL_SURVIVOR_STOP,0,SKIP_STOP_LIMIT_NOT_FILLED,SELL,2025-08-14 22:00:00.016362047+00:00,23888.0,,,,,False,,,,0.0,59.0,,,,,23887.5
2190,2025-08-14 18:00,WEEKDAY_WEAK,VALIDATED_SOURCE,NQU5,-59.0,OCO_LIMIT_0P5_TTL_1S,OCO_STOP_LIMIT,ORIGINAL_SURVIVOR_STOP,1,SKIP_STOP_LIMIT_NOT_FILLED,SELL,2025-08-14 22:00:00.016362047+00:00,23888.0,,,,,False,,,,0.0,59.0,,,,,23887.5
2190,2025-08-14 18:00,WEEKDAY_WEAK,VALIDATED_SOURCE,NQU5,-59.0,OCO_LIMIT_0P5_TTL_1S,OCO_STOP_LIMIT,ORIGINAL_SURVIVOR_STOP,2,SKIP_STOP_LIMIT_NOT_FILLED,SELL,2025-08-14 22:00:00.016362047+00:00,23888.0,,,,,False,,,,0.0,59.0,,,,,23887.5
2190,2025-08-14 18:00,WEEKDAY_WEAK,VALIDATED_SOURCE,NQU5,-59.0,OCO_LIMIT_0P5_TTL_1S,OCO_STOP_LIMIT,ORIGINAL_SURVIVOR_STOP,4,SKIP_STOP_LIMIT_NOT_FILLED,SELL,2025-08-14 22:00:00.016362047+00:00,23888.0,,,,,False,,,,0.0,59.0,,,,,23887.5
2190,2025-08-14 18:00,WEEKDAY_WEAK,VALIDATED_SOURCE,NQU5,-59.0,OCO_LIMIT_0P5_TTL_1S,OCO_STOP_LIMIT,ONE_POINT_FROM_FILL,0,SKIP_STOP_LIMIT_NOT_FILLED,SELL,2025-08-14 22:00:00.016362047+00:00,23888.0,,,,,False,,,,0.0,59.0,,,,,23887.5
2190,2025-08-14 18:00,WEEKDAY_WEAK,VALIDATED_SOURCE,NQU5,-59.0,OCO_LIMIT_0P5_TTL_1S,OCO_STOP_LIMIT,ONE_POINT_FROM_FILL,1,SKIP_STOP_LIMIT_NOT_FILLED,SELL,2025-08-14 22:00:00.016362047+00:00,23888.0,,,,,False,,,,0.0,59.0,,,,,23887.5
2190,2025-08-14 18:00,WEEKDAY_WEAK,VALIDATED_SOURCE,NQU5,-59.0,OCO_LIMIT_0P5_TTL_1S,OCO_STOP_LIMIT,ONE_POINT_FROM_FILL,2,SKIP_STOP_LIMIT_NOT_FILLED,SELL,2025-08-14 22:00:00.016362047+00:00,23888.0,,,,,False,,,,0.0,59.0,,,,,23887.5
2190,2025-08-14 18:00,WEEKDAY_WEAK,VALIDATED_SOURCE,NQU5,-59.0,OCO_LIMIT_0P5_TTL_1S,OCO_STOP_LIMIT,ONE_POINT_FROM_FILL,4,SKIP_STOP_LIMIT_NOT_FILLED,SELL,2025-08-14 22:00:00.016362047+00:00,23888.0,,,,,False,,,,0.0,59.0,,,,,23887.5
2190,2025-08-14 18:00,WEEKDAY_WEAK,VALIDATED_SOURCE,NQU5,-59.0,OCO_LIMIT_1P0_TTL_1S,OCO_STOP_LIMIT,ORIGINAL_SURVIVOR_STOP,0,SKIP_STOP_LIMIT_NOT_FILLED,SELL,2025-08-14 22:00:00.016362047+00:00,23888.0,,,,,False,,,,0.0,59.0,,,,,23887.0
2190,2025-08-14 18:00,WEEKDAY_WEAK,VALIDATED_SOURCE,NQU5,-59.0,OCO_LIMIT_1P0_TTL_1S,OCO_STOP_LIMIT,ORIGINAL_SURVIVOR_STOP,1,SKIP_STOP_LIMIT_NOT_FILLED,SELL,2025-08-14 22:00:00.016362047+00:00,23888.0,,,,,False,,,,0.0,59.0,,,,,23887.0
2190,2025-08-14 18:00,WEEKDAY_WEAK,VALIDATED_SOURCE,NQU5,-59.0,OCO_LIMIT_1P0_TTL_1S,OCO_STOP_LIMIT,ORIGINAL_SURVIVOR_STOP,2,SKIP_STOP_LIMIT_NOT_FILLED,SELL,2025-08-14 22:00:00.016362047+00:00,23888.0,,,,,False,,,,0.0,59.0,,,,,23887.0
2190,2025-08-14 18:00,WEEKDAY_WEAK,VALIDATED_SOURCE,NQU5,-59.0,OCO_LIMIT_1P0_TTL_1S,OCO_STOP_LIMIT,ORIGINAL_SURVIVOR_STOP,4,SKIP_STOP_LIMIT_NOT_FILLED,SELL,2025-08-14 22:00:00.016362047+00:00,23888.0,,,,,False,,,,0.0,59.0,,,,,23887.0
2190,2025-08-14 18:00,WEEKDAY_WEAK,VALIDATED_SOURCE,NQU5,-59.0,OCO_LIMIT_1P0_TTL_1S,OCO_STOP_LIMIT,ONE_POINT_FROM_FILL,0,SKIP_STOP_LIMIT_NOT_FILLED,SELL,2025-08-14 22:00:00.016362047+00:00,23888.0,,,,,False,,,,0.0,59.0,,,,,23887.0
2190,2025-08-14 18:00,WEEKDAY_WEAK,VALIDATED_SOURCE,NQU5,-59.0,OCO_LIMIT_1P0_TTL_1S,OCO_STOP_LIMIT,ONE_POINT_FROM_FILL,1,SKIP_STOP_LIMIT_NOT_FILLED,SELL,2025-08-14 22:00:00.016362047+00:00,23888.0,,,,,False,,,,0.0,59.0,,,,,23887.0
2190,2025-08-14 18:00,WEEKDAY_WEAK,VALIDATED_SOURCE,NQU5,-59.0,OCO_LIMIT_1P0_TTL_1S,OCO_STOP_LIMIT,ONE_POINT_FROM_FILL,2,SKIP_STOP_LIMIT_NOT_FILLED,SELL,2025-08-14 22:00:00.016362047+00:00,23888.0,,,,,False,,,,0.0,59.0,,,,,23887.0
2190,2025-08-14 18:00,WEEKDAY_WEAK,VALIDATED_SOURCE,NQU5,-59.0,OCO_LIMIT_1P0_TTL_1S,OCO_STOP_LIMIT,ONE_POINT_FROM_FILL,4,SKIP_STOP_LIMIT_NOT_FILLED,SELL,2025-08-14 22:00:00.016362047+00:00,23888.0,,,,,False,,,,0.0,59.0,,,,,23887.0
2190,2025-08-14 18:00,WEEKDAY_WEAK,VALIDATED_SOURCE,NQU5,-59.0,OCO_LIMIT_2P0_TTL_1S,OCO_STOP_LIMIT,ORIGINAL_SURVIVOR_STOP,0,SKIP_STOP_LIMIT_NOT_FILLED,SELL,2025-08-14 22:00:00.016362047+00:00,23888.0,,,,,False,,,,0.0,59.0,,,,,23886.0
2190,2025-08-14 18:00,WEEKDAY_WEAK,VALIDATED_SOURCE,NQU5,-59.0,OCO_LIMIT_2P0_TTL_1S,OCO_STOP_LIMIT,ORIGINAL_SURVIVOR_STOP,1,SKIP_STOP_LIMIT_NOT_FILLED,SELL,2025-08-14 22:00:00.016362047+00:00,23888.0,,,,,False,,,,0.0,59.0,,,,,23886.0
2190,2025-08-14 18:00,WEEKDAY_WEAK,VALIDATED_SOURCE,NQU5,-59.0,OCO_LIMIT_2P0_TTL_1S,OCO_STOP_LIMIT,ORIGINAL_SURVIVOR_STOP,2,SKIP_STOP_LIMIT_NOT_FILLED,SELL,2025-08-14 22:00:00.016362047+00:00,23888.0,,,,,False,,,,0.0,59.0,,,,,23886.0
2190,2025-08-14 18:00,WEEKDAY_WEAK,VALIDATED_SOURCE,NQU5,-59.0,OCO_LIMIT_2P0_TTL_1S,OCO_STOP_LIMIT,ORIGINAL_SURVIVOR_STOP,4,SKIP_STOP_LIMIT_NOT_FILLED,SELL,2025-08-14 22:00:00.016362047+00:00,23888.0,,,,,False,,,,0.0,59.0,,,,,23886.0
2190,2025-08-14 18:00,WEEKDAY_WEAK,VALIDATED_SOURCE,NQU5,-59.0,OCO_LIMIT_2P0_TTL_1S,OCO_STOP_LIMIT,ONE_POINT_FROM_FILL,0,SKIP_STOP_LIMIT_NOT_FILLED,SELL,2025-08-14 22:00:00.016362047+00:00,23888.0,,,,,False,,,,0.0,59.0,,,,,23886.0
2190,2025-08-14 18:00,WEEKDAY_WEAK,VALIDATED_SOURCE,NQU5,-59.0,OCO_LIMIT_2P0_TTL_1S,OCO_STOP_LIMIT,ONE_POINT_FROM_FILL,1,SKIP_STOP_LIMIT_NOT_FILLED,SELL,2025-08-14 22:00:00.016362047+00:00,23888.0,,,,,False,,,,0.0,59.0,,,,,23886.0
2190,2025-08-14 18:00,WEEKDAY_WEAK,VALIDATED_SOURCE,NQU5,-59.0,OCO_LIMIT_2P0_TTL_1S,OCO_STOP_LIMIT,ONE_POINT_FROM_FILL,2,SKIP_STOP_LIMIT_NOT_FILLED,SELL,2025-08-14 22:00:00.016362047+00:00,23888.0,,,,,False,,,,0.0,59.0,,,,,23886.0
2190,2025-08-14 18:00,WEEKDAY_WEAK,VALIDATED_SOURCE,NQU5,-59.0,OCO_LIMIT_2P0_TTL_1S,OCO_STOP_LIMIT,ONE_POINT_FROM_FILL,4,SKIP_STOP_LIMIT_NOT_FILLED,SELL,2025-08-14 22:00:00.016362047+00:00,23888.0,,,,,False,,,,0.0,59.0,,,,,23886.0
2190,2025-08-14 18:00,WEEKDAY_WEAK,VALIDATED_SOURCE,NQU5,-59.0,CTRL_100MS_CAP_0P5,CONTROLLER_MARKET,ORIGINAL_SURVIVOR_STOP,0,SKIP_SPREAD_GATE,SELL,2025-08-14 22:00:00.016362047+00:00,23888.0,,,,,False,,,,0.0,59.0,,2.25,,6.0,
2190,2025-08-14 18:00,WEEKDAY_WEAK,VALIDATED_SOURCE,NQU5,-59.0,CTRL_100MS_CAP_0P5,CONTROLLER_MARKET,ORIGINAL_SURVIVOR_STOP,1,SKIP_SPREAD_GATE,SELL,2025-08-14 22:00:00.016362047+00:00,23888.0,,,,,False,,,,0.0,59.0,,2.25,,6.0,
2190,2025-08-14 18:00,WEEKDAY_WEAK,VALIDATED_SOURCE,NQU5,-59.0,CTRL_100MS_CAP_0P5,CONTROLLER_MARKET,ORIGINAL_SURVIVOR_STOP,2,SKIP_SPREAD_GATE,SELL,2025-08-14 22:00:00.016362047+00:00,23888.0,,,,,False,,,,0.0,59.0,,2.25,,6.0,
2190,2025-08-14 18:00,WEEKDAY_WEAK,VALIDATED_SOURCE,NQU5,-59.0,CTRL_100MS_CAP_0P5,CONTROLLER_MARKET,ORIGINAL_SURVIVOR_STOP,4,SKIP_SPREAD_GATE,SELL,2025-08-14 22:00:00.016362047+00:00,23888.0,,,,,False,,,,0.0,59.0,,2.25,,6.0,
2190,2025-08-14 18:00,WEEKDAY_WEAK,VALIDATED_SOURCE,NQU5,-59.0,CTRL_100MS_CAP_0P5,CONTROLLER_MARKET,ONE_POINT_FROM_FILL,0,SKIP_SPREAD_GATE,SELL,2025-08-14 22:00:00.016362047+00:00,23888.0,,,,,False,,,,0.0,59.0,,2.25,,6.0,
2190,2025-08-14 18:00,WEEKDAY_WEAK,VALIDATED_SOURCE,NQU5,-59.0,CTRL_100MS_CAP_0P5,CONTROLLER_MARKET,ONE_POINT_FROM_FILL,1,SKIP_SPREAD_GATE,SELL,2025-08-14 22:00:00.016362047+00:00,23888.0,,,,,False,,,,0.0,59.0,,2.25,,6.0,
2190,2025-08-14 18:00,WEEKDAY_WEAK,VALIDATED_SOURCE,NQU5,-59.0,CTRL_100MS_CAP_0P5,CONTROLLER_MARKET,ONE_POINT_FROM_FILL,2,SKIP_SPREAD_GATE,SELL,2025-08-14 22:00:00.016362047+00:00,23888.0,,,,,False,,,,0.0,59.0,,2.25,,6.0,
2190,2025-08-14 18:00,WEEKDAY_WEAK,VALIDATED_SOURCE,NQU5,-59.0,CTRL_100MS_CAP_0P5,CONTROLLER_MARKET,ONE_POINT_FROM_FILL,4,SKIP_SPREAD_GATE,SELL,2025-08-14 22:00:00.016362047+00:00,23888.0,,,,,False,,,,0.0,59.0,,2.25,,6.0,
2190,2025-08-14 18:00,WEEKDAY_WEAK,VALIDATED_SOURCE,NQU5,-59.0,CTRL_250MS_CAP_1P0,CONTROLLER_MARKET,ORIGINAL_SURVIVOR_STOP,0,SKIP_SPREAD_GATE,SELL,2025-08-14 22:00:00.016362047+00:00,23888.0,,,,,False,,,,0.0,59.0,,4.25,,14.0,
2190,2025-08-14 18:00,WEEKDAY_WEAK,VALIDATED_SOURCE,NQU5,-59.0,CTRL_250MS_CAP_1P0,CONTROLLER_MARKET,ORIGINAL_SURVIVOR_STOP,1,SKIP_SPREAD_GATE,SELL,2025-08-14 22:00:00.016362047+00:00,23888.0,,,,,False,,,,0.0,59.0,,4.25,,14.0,
2190,2025-08-14 18:00,WEEKDAY_WEAK,VALIDATED_SOURCE,NQU5,-59.0,CTRL_250MS_CAP_1P0,CONTROLLER_MARKET,ORIGINAL_SURVIVOR_STOP,2,SKIP_SPREAD_GATE,SELL,2025-08-14 22:00:00.016362047+00:00,23888.0,,,,,False,,,,0.0,59.0,,4.25,,14.0,
2190,2025-08-14 18:00,WEEKDAY_WEAK,VALIDATED_SOURCE,NQU5,-59.0,CTRL_250MS_CAP_1P0,CONTROLLER_MARKET,ORIGINAL_SURVIVOR_STOP,4,SKIP_SPREAD_GATE,SELL,2025-08-14 22:00:00.016362047+00:00,23888.0,,,,,False,,,,0.0,59.0,,4.25,,14.0,
2190,2025-08-14 18:00,WEEKDAY_WEAK,VALIDATED_SOURCE,NQU5,-59.0,CTRL_250MS_CAP_1P0,CONTROLLER_MARKET,ONE_POINT_FROM_FILL,0,SKIP_SPREAD_GATE,SELL,2025-08-14 22:00:00.016362047+00:00,23888.0,,,,,False,,,,0.0,59.0,,4.25,,14.0,
2190,2025-08-14 18:00,WEEKDAY_WEAK,VALIDATED_SOURCE,NQU5,-59.0,CTRL_250MS_CAP_1P0,CONTROLLER_MARKET,ONE_POINT_FROM_FILL,1,SKIP_SPREAD_GATE,SELL,2025-08-14 22:00:00.016362047+00:00,23888.0,,,,,False,,,,0.0,59.0,,4.25,,14.0,
2190,2025-08-14 18:00,WEEKDAY_WEAK,VALIDATED_SOURCE,NQU5,-59.0,CTRL_250MS_CAP_1P0,CONTROLLER_MARKET,ONE_POINT_FROM_FILL,2,SKIP_SPREAD_GATE,SELL,2025-08-14 22:00:00.016362047+00:00,23888.0,,,,,False,,,,0.0,59.0,,4.25,,14.0,
2190,2025-08-14 18:00,WEEKDAY_WEAK,VALIDATED_SOURCE,NQU5,-59.0,CTRL_250MS_CAP_1P0,CONTROLLER_MARKET,ONE_POINT_FROM_FILL,4,SKIP_SPREAD_GATE,SELL,2025-08-14 22:00:00.016362047+00:00,23888.0,,,,,False,,,,0.0,59.0,,4.25,,14.0,
2190,2025-08-14 18:00,WEEKDAY_WEAK,VALIDATED_SOURCE,NQU5,-59.0,CTRL_500MS_CAP_1P0,CONTROLLER_MARKET,ORIGINAL_SURVIVOR_STOP,0,SKIP_CHASE_CAP,SELL,2025-08-14 22:00:00.016362047+00:00,23888.0,,23882.5,,,False,,,,0.0,59.0,5.5,2.0,,15.0,
2190,2025-08-14 18:00,WEEKDAY_WEAK,VALIDATED_SOURCE,NQU5,-59.0,CTRL_500MS_CAP_1P0,CONTROLLER_MARKET,ORIGINAL_SURVIVOR_STOP,1,SKIP_CHASE_CAP,SELL,2025-08-14 22:00:00.016362047+00:00,23888.0,,23882.25,,,False,,,,0.0,59.0,5.75,2.0,,15.0,
2190,2025-08-14 18:00,WEEKDAY_WEAK,VALIDATED_SOURCE,NQU5,-59.0,CTRL_500MS_CAP_1P0,CONTROLLER_MARKET,ORIGINAL_SURVIVOR_STOP,2,SKIP_CHASE_CAP,SELL,2025-08-14 22:00:00.016362047+00:00,23888.0,,23882.0,,,False,,,,0.0,59.0,6.0,2.0,,15.0,
2190,2025-08-14 18:00,WEEKDAY_WEAK,VALIDATED_SOURCE,NQU5,-59.0,CTRL_500MS_CAP_1P0,CONTROLLER_MARKET,ORIGINAL_SURVIVOR_STOP,4,SKIP_CHASE_CAP,SELL,2025-08-14 22:00:00.016362047+00:00,23888.0,,23881.5,,,False,,,,0.0,59.0,6.5,2.0,,15.0,
2190,2025-08-14 18:00,WEEKDAY_WEAK,VALIDATED_SOURCE,NQU5,-59.0,CTRL_500MS_CAP_1P0,CONTROLLER_MARKET,ONE_POINT_FROM_FILL,0,SKIP_CHASE_CAP,SELL,2025-08-14 22:00:00.016362047+00:00,23888.0,,23882.5,,,False,,,,0.0,59.0,5.5,2.0,,15.0,
2190,2025-08-14 18:00,WEEKDAY_WEAK,VALIDATED_SOURCE,NQU5,-59.0,CTRL_500MS_CAP_1P0,CONTROLLER_MARKET,ONE_POINT_FROM_FILL,1,SKIP_CHASE_CAP,SELL,2025-08-14 22:00:00.016362047+00:00,23888.0,,23882.25,,,False,,,,0.0,59.0,5.75,2.0,,15.0,
2190,2025-08-14 18:00,WEEKDAY_WEAK,VALIDATED_SOURCE,NQU5,-59.0,CTRL_500MS_CAP_1P0,CONTROLLER_MARKET,ONE_POINT_FROM_FILL,2,SKIP_CHASE_CAP,SELL,2025-08-14 22:00:00.016362047+00:00,23888.0,,23882.0,,,False,,,,0.0,59.0,6.0,2.0,,15.0,
2190,2025-08-14 18:00,WEEKDAY_WEAK,VALIDATED_SOURCE,NQU5,-59.0,CTRL_500MS_CAP_1P0,CONTROLLER_MARKET,ONE_POINT_FROM_FILL,4,SKIP_CHASE_CAP,SELL,2025-08-14 22:00:00.016362047+00:00,23888.0,,23881.5,,,False,,,,0.0,59.0,6.5,2.0,,15.0,
2190,2025-08-14 18:00,WEEKDAY_WEAK,VALIDATED_SOURCE,NQU5,-59.0,CTRL_1S_CAP_2P0,CONTROLLER_MARKET,ORIGINAL_SURVIVOR_STOP,0,SKIP_CHASE_CAP,SELL,2025-08-14 22:00:00.016362047+00:00,23888.0,,23882.5,,,False,,,,0.0,59.0,5.5,1.75,,21.0,
2190,2025-08-14 18:00,WEEKDAY_WEAK,VALIDATED_SOURCE,NQU5,-59.0,CTRL_1S_CAP_2P0,CONTROLLER_MARKET,ORIGINAL_SURVIVOR_STOP,1,SKIP_CHASE_CAP,SELL,2025-08-14 22:00:00.016362047+00:00,23888.0,,23882.25,,,False,,,,0.0,59.0,5.75,1.75,,21.0,
2190,2025-08-14 18:00,WEEKDAY_WEAK,VALIDATED_SOURCE,NQU5,-59.0,CTRL_1S_CAP_2P0,CONTROLLER_MARKET,ORIGINAL_SURVIVOR_STOP,2,SKIP_CHASE_CAP,SELL,2025-08-14 22:00:00.016362047+00:00,23888.0,,23882.0,,,False,,,,0.0,59.0,6.0,1.75,,21.0,
2190,2025-08-14 18:00,WEEKDAY_WEAK,VALIDATED_SOURCE,NQU5,-59.0,CTRL_1S_CAP_2P0,CONTROLLER_MARKET,ORIGINAL_SURVIVOR_STOP,4,SKIP_CHASE_CAP,SELL,2025-08-14 22:00:00.016362047+00:00,23888.0,,23881.5,,,False,,,,0.0,59.0,6.5,1.75,,21.0,
2190,2025-08-14 18:00,WEEKDAY_WEAK,VALIDATED_SOURCE,NQU5,-59.0,CTRL_1S_CAP_2P0,CONTROLLER_MARKET,ONE_POINT_FROM_FILL,0,SKIP_CHASE_CAP,SELL,2025-08-14 22:00:00.016362047+00:00,23888.0,,23882.5,,,False,,,,0.0,59.0,5.5,1.75,,21.0,
2190,2025-08-14 18:00,WEEKDAY_WEAK,VALIDATED_SOURCE,NQU5,-59.0,CTRL_1S_CAP_2P0,CONTROLLER_MARKET,ONE_POINT_FROM_FILL,1,SKIP_CHASE_CAP,SELL,2025-08-14 22:00:00.016362047+00:00,23888.0,,23882.25,,,False,,,,0.0,59.0,5.75,1.75,,21.0,
2190,2025-08-14 18:00,WEEKDAY_WEAK,VALIDATED_SOURCE,NQU5,-59.0,CTRL_1S_CAP_2P0,CONTROLLER_MARKET,ONE_POINT_FROM_FILL,2,SKIP_CHASE_CAP,SELL,2025-08-14 22:00:00.016362047+00:00,23888.0,,23882.0,,,False,,,,0.0,59.0,6.0,1.75,,21.0,
2190,2025-08-14 18:00,WEEKDAY_WEAK,VALIDATED_SOURCE,NQU5,-59.0,CTRL_1S_CAP_2P0,CONTROLLER_MARKET,ONE_POINT_FROM_FILL,4,SKIP_CHASE_CAP,SELL,2025-08-14 22:00:00.016362047+00:00,23888.0,,23881.5,,,False,,,,0.0,59.0,6.5,1.75,,21.0,
2191,2025-08-15 09:30,NY,VALIDATED_SOURCE,NQU5,-118.0,OCO_LIMIT_0P5_TTL_1S,OCO_STOP_LIMIT,ORIGINAL_SURVIVOR_STOP,0,RESOLVED,BUY,2025-08-15 13:30:00.004084377+00:00,23910.0,2025-08-15 13:30:00.004084377+00:00,23910.25,23925.5,23908.5,True,LIVE_STOP,2025-08-15 13:30:00.146488255+00:00,23908.5,-79.0,39.0,0.25,1.25,0.000671796,,
2191,2025-08-15 09:30,NY,VALIDATED_SOURCE,NQU5,-118.0,OCO_LIMIT_0P5_TTL_1S,OCO_STOP_LIMIT,ORIGINAL_SURVIVOR_STOP,1,RESOLVED,BUY,2025-08-15 13:30:00.004084377+00:00,23910.0,2025-08-15 13:30:00.004084377+00:00,23910.5,23925.5,23908.5,True,LIVE_STOP,2025-08-15 13:30:00.146488255+00:00,23908.25,-99.0,19.0,0.5,1.25,0.000671796,,
2191,2025-08-15 09:30,NY,VALIDATED_SOURCE,NQU5,-118.0,OCO_LIMIT_0P5_TTL_1S,OCO_STOP_LIMIT,ORIGINAL_SURVIVOR_STOP,2,RESOLVED,BUY,2025-08-15 13:30:00.004084377+00:00,23910.0,2025-08-15 13:30:00.004084377+00:00,23910.5,23925.5,23908.5,True,LIVE_STOP,2025-08-15 13:30:00.146488255+00:00,23908.0,-109.0,9.0,0.5,1.25,0.000671796,,
2191,2025-08-15 09:30,NY,VALIDATED_SOURCE,NQU5,-118.0,OCO_LIMIT_0P5_TTL_1S,OCO_STOP_LIMIT,ORIGINAL_SURVIVOR_STOP,4,RESOLVED,BUY,2025-08-15 13:30:00.004084377+00:00,23910.0,2025-08-15 13:30:00.004084377+00:00,23910.5,23925.5,23908.5,True,LIVE_STOP,2025-08-15 13:30:00.146488255+00:00,23907.5,-129.0,-11.0,0.5,1.25,0.000671796,,
2191,2025-08-15 09:30,NY,VALIDATED_SOURCE,NQU5,-118.0,OCO_LIMIT_0P5_TTL_1S,OCO_STOP_LIMIT,ONE_POINT_FROM_FILL,0,RESOLVED,BUY,2025-08-15 13:30:00.004084377+00:00,23910.0,2025-08-15 13:30:00.004084377+00:00,23910.25,23925.5,23909.25,True,LIVE_STOP,2025-08-15 13:30:00.004084377+00:00,23909.0,-59.0,59.0,0.25,1.25,0.000671796,,
2191,2025-08-15 09:30,NY,VALIDATED_SOURCE,NQU5,-118.0,OCO_LIMIT_0P5_TTL_1S,OCO_STOP_LIMIT,ONE_POINT_FROM_FILL,1,RESOLVED,BUY,2025-08-15 13:30:00.004084377+00:00,23910.0,2025-08-15 13:30:00.004084377+00:00,23910.5,23925.5,23909.5,True,LIVE_STOP,2025-08-15 13:30:00.004084377+00:00,23908.75,-79.0,39.0,0.5,1.25,0.000671796,,
2191,2025-08-15 09:30,NY,VALIDATED_SOURCE,NQU5,-118.0,OCO_LIMIT_0P5_TTL_1S,OCO_STOP_LIMIT,ONE_POINT_FROM_FILL,2,RESOLVED,BUY,2025-08-15 13:30:00.004084377+00:00,23910.0,2025-08-15 13:30:00.004084377+00:00,23910.5,23925.5,23909.5,True,LIVE_STOP,2025-08-15 13:30:00.004084377+00:00,23908.5,-89.0,29.0,0.5,1.25,0.000671796,,
2191,2025-08-15 09:30,NY,VALIDATED_SOURCE,NQU5,-118.0,OCO_LIMIT_0P5_TTL_1S,OCO_STOP_LIMIT,ONE_POINT_FROM_FILL,4,RESOLVED,BUY,2025-08-15 13:30:00.004084377+00:00,23910.0,2025-08-15 13:30:00.004084377+00:00,23910.5,23925.5,23909.5,True,LIVE_STOP,2025-08-15 13:30:00.004084377+00:00,23908.0,-109.0,9.0,0.5,1.25,0.000671796,,
2191,2025-08-15 09:30,NY,VALIDATED_SOURCE,NQU5,-118.0,OCO_LIMIT_1P0_TTL_1S,OCO_STOP_LIMIT,ORIGINAL_SURVIVOR_STOP,0,RESOLVED,BUY,2025-08-15 13:30:00.004084377+00:00,23910.0,2025-08-15 13:30:00.004084377+00:00,23910.25,23925.5,23908.5,True,LIVE_STOP,2025-08-15 13:30:00.146488255+00:00,23908.5,-79.0,39.0,0.25,1.25,0.000671796,,
2191,2025-08-15 09:30,NY,VALIDATED_SOURCE,NQU5,-118.0,OCO_LIMIT_1P0_TTL_1S,OCO_STOP_LIMIT,ORIGINAL_SURVIVOR_STOP,1,RESOLVED,BUY,2025-08-15 13:30:00.004084377+00:00,23910.0,2025-08-15 13:30:00.004084377+00:00,23910.5,23925.5,23908.5,True,LIVE_STOP,2025-08-15 13:30:00.146488255+00:00,23908.25,-99.0,19.0,0.5,1.25,0.000671796,,
2191,2025-08-15 09:30,NY,VALIDATED_SOURCE,NQU5,-118.0,OCO_LIMIT_1P0_TTL_1S,OCO_STOP_LIMIT,ORIGINAL_SURVIVOR_STOP,2,RESOLVED,BUY,2025-08-15 13:30:00.004084377+00:00,23910.0,2025-08-15 13:30:00.004084377+00:00,23910.75,23925.5,23908.5,True,LIVE_STOP,2025-08-15 13:30:00.146488255+00:00,23908.0,-119.0,-1.0,0.75,1.25,0.000671796,,
2191,2025-08-15 09:30,NY,VALIDATED_SOURCE,NQU5,-118.0,OCO_LIMIT_1P0_TTL_1S,OCO_STOP_LIMIT,ORIGINAL_SURVIVOR_STOP,4,RESOLVED,BUY,2025-08-15 13:30:00.004084377+00:00,23910.0,2025-08-15 13:30:00.004084377+00:00,23911.0,23925.5,23908.5,True,LIVE_STOP,2025-08-15 13:30:00.146488255+00:00,23907.5,-149.0,-31.0,1.0,1.25,0.000671796,,
2191,2025-08-15 09:30,NY,VALIDATED_SOURCE,NQU5,-118.0,OCO_LIMIT_1P0_TTL_1S,OCO_STOP_LIMIT,ONE_POINT_FROM_FILL,0,RESOLVED,BUY,2025-08-15 13:30:00.004084377+00:00,23910.0,2025-08-15 13:30:00.004084377+00:00,23910.25,23925.5,23909.25,True,LIVE_STOP,2025-08-15 13:30:00.004084377+00:00,23909.0,-59.0,59.0,0.25,1.25,0.000671796,,
2191,2025-08-15 09:30,NY,VALIDATED_SOURCE,NQU5,-118.0,OCO_LIMIT_1P0_TTL_1S,OCO_STOP_LIMIT,ONE_POINT_FROM_FILL,1,RESOLVED,BUY,2025-08-15 13:30:00.004084377+00:00,23910.0,2025-08-15 13:30:00.004084377+00:00,23910.5,23925.5,23909.5,True,LIVE_STOP,2025-08-15 13:30:00.004084377+00:00,23908.75,-79.0,39.0,0.5,1.25,0.000671796,,
2191,2025-08-15 09:30,NY,VALIDATED_SOURCE,NQU5,-118.0,OCO_LIMIT_1P0_TTL_1S,OCO_STOP_LIMIT,ONE_POINT_FROM_FILL,2,RESOLVED,BUY,2025-08-15 13:30:00.004084377+00:00,23910.0,2025-08-15 13:30:00.004084377+00:00,23910.75,23925.5,23909.75,True,LIVE_STOP,2025-08-15 13:30:00.004084377+00:00,23908.5,-99.0,19.0,0.75,1.25,0.000671796,,
2191,2025-08-15 09:30,NY,VALIDATED_SOURCE,NQU5,-118.0,OCO_LIMIT_1P0_TTL_1S,OCO_STOP_LIMIT,ONE_POINT_FROM_FILL,4,RESOLVED,BUY,2025-08-15 13:30:00.004084377+00:00,23910.0,2025-08-15 13:30:00.004084377+00:00,23911.0,23925.5,23910.0,True,LIVE_STOP,2025-08-15 13:30:00.004084377+00:00,23908.0,-129.0,-11.0,1.0,1.25,0.000671796,,
2191,2025-08-15 09:30,NY,VALIDATED_SOURCE,NQU5,-118.0,OCO_LIMIT_2P0_TTL_1S,OCO_STOP_LIMIT,ORIGINAL_SURVIVOR_STOP,0,RESOLVED,BUY,2025-08-15 13:30:00.004084377+00:00,23910.0,2025-08-15 13:30:00.004084377+00:00,23910.25,23925.5,23908.5,True,LIVE_STOP,2025-08-15 13:30:00.146488255+00:00,23908.5,-79.0,39.0,0.25,1.25,0.000671796,,
2191,2025-08-15 09:30,NY,VALIDATED_SOURCE,NQU5,-118.0,OCO_LIMIT_2P0_TTL_1S,OCO_STOP_LIMIT,ORIGINAL_SURVIVOR_STOP,1,RESOLVED,BUY,2025-08-15 13:30:00.004084377+00:00,23910.0,2025-08-15 13:30:00.004084377+00:00,23910.5,23925.5,23908.5,True,LIVE_STOP,2025-08-15 13:30:00.146488255+00:00,23908.25,-99.0,19.0,0.5,1.25,0.000671796,,
2191,2025-08-15 09:30,NY,VALIDATED_SOURCE,NQU5,-118.0,OCO_LIMIT_2P0_TTL_1S,OCO_STOP_LIMIT,ORIGINAL_SURVIVOR_STOP,2,RESOLVED,BUY,2025-08-15 13:30:00.004084377+00:00,23910.0,2025-08-15 13:30:00.004084377+00:00,23910.75,23925.5,23908.5,True,LIVE_STOP,2025-08-15 13:30:00.146488255+00:00,23908.0,-119.0,-1.0,0.75,1.25,0.000671796,,
2191,2025-08-15 09:30,NY,VALIDATED_SOURCE,NQU5,-118.0,OCO_LIMIT_2P0_TTL_1S,OCO_STOP_LIMIT,ORIGINAL_SURVIVOR_STOP,4,RESOLVED,BUY,2025-08-15 13:30:00.004084377+00:00,23910.0,2025-08-15 13:30:00.004084377+00:00,23911.25,23925.5,23908.5,True,LIVE_STOP,2025-08-15 13:30:00.146488255+00:00,23907.5,-159.0,-41.0,1.25,1.25,0.000671796,,
2191,2025-08-15 09:30,NY,VALIDATED_SOURCE,NQU5,-118.0,OCO_LIMIT_2P0_TTL_1S,OCO_STOP_LIMIT,ONE_POINT_FROM_FILL,0,RESOLVED,BUY,2025-08-15 13:30:00.004084377+00:00,23910.0,2025-08-15 13:30:00.004084377+00:00,23910.25,23925.5,23909.25,True,LIVE_STOP,2025-08-15 13:30:00.004084377+00:00,23909.0,-59.0,59.0,0.25,1.25,0.000671796,,
2191,2025-08-15 09:30,NY,VALIDATED_SOURCE,NQU5,-118.0,OCO_LIMIT_2P0_TTL_1S,OCO_STOP_LIMIT,ONE_POINT_FROM_FILL,1,RESOLVED,BUY,2025-08-15 13:30:00.004084377+00:00,23910.0,2025-08-15 13:30:00.004084377+00:00,23910.5,23925.5,23909.5,True,LIVE_STOP,2025-08-15 13:30:00.004084377+00:00,23908.75,-79.0,39.0,0.5,1.25,0.000671796,,
2191,2025-08-15 09:30,NY,VALIDATED_SOURCE,NQU5,-118.0,OCO_LIMIT_2P0_TTL_1S,OCO_STOP_LIMIT,ONE_POINT_FROM_FILL,2,RESOLVED,BUY,2025-08-15 13:30:00.004084377+00:00,23910.0,2025-08-15 13:30:00.004084377+00:00,23910.75,23925.5,23909.75,True,LIVE_STOP,2025-08-15 13:30:00.004084377+00:00,23908.5,-99.0,19.0,0.75,1.25,0.000671796,,
2191,2025-08-15 09:30,NY,VALIDATED_SOURCE,NQU5,-118.0,OCO_LIMIT_2P0_TTL_1S,OCO_STOP_LIMIT,ONE_POINT_FROM_FILL,4,RESOLVED,BUY,2025-08-15 13:30:00.004084377+00:00,23910.0,2025-08-15 13:30:00.004084377+00:00,23911.25,23925.5,23910.25,True,LIVE_STOP,2025-08-15 13:30:00.004084377+00:00,23908.0,-139.0,-21.0,1.25,1.25,0.000671796,,
2191,2025-08-15 09:30,NY,VALIDATED_SOURCE,NQU5,-118.0,CTRL_100MS_CAP_0P5,CONTROLLER_MARKET,ORIGINAL_SURVIVOR_STOP,0,RESOLVED,BUY,2025-08-15 13:30:00.004084377+00:00,23910.0,2025-08-15 13:30:00.108182075+00:00,23910.25,23925.5,23908.5,True,LIVE_STOP,2025-08-15 13:30:00.146488255+00:00,23908.5,-79.0,39.0,0.25,0.5,0.000671796,,
2191,2025-08-15 09:30,NY,VALIDATED_SOURCE,NQU5,-118.0,CTRL_100MS_CAP_0P5,CONTROLLER_MARKET,ORIGINAL_SURVIVOR_STOP,1,RESOLVED,BUY,2025-08-15 13:30:00.004084377+00:00,23910.0,2025-08-15 13:30:00.108182075+00:00,23910.5,23925.5,23908.5,True,LIVE_STOP,2025-08-15 13:30:00.146488255+00:00,23908.25,-99.0,19.0,0.5,0.5,0.000671796,,
2191,2025-08-15 09:30,NY,VALIDATED_SOURCE,NQU5,-118.0,CTRL_100MS_CAP_0P5,CONTROLLER_MARKET,ORIGINAL_SURVIVOR_STOP,2,SKIP_CHASE_CAP,BUY,2025-08-15 13:30:00.004084377+00:00,23910.0,,23910.75,,,False,,,,0.0,118.0,0.75,0.5,,61.0,
2191,2025-08-15 09:30,NY,VALIDATED_SOURCE,NQU5,-118.0,CTRL_100MS_CAP_0P5,CONTROLLER_MARKET,ORIGINAL_SURVIVOR_STOP,4,SKIP_CHASE_CAP,BUY,2025-08-15 13:30:00.004084377+00:00,23910.0,,23911.25,,,False,,,,0.0,118.0,1.25,0.5,,61.0,
2191,2025-08-15 09:30,NY,VALIDATED_SOURCE,NQU5,-118.0,CTRL_100MS_CAP_0P5,CONTROLLER_MARKET,ONE_POINT_FROM_FILL,0,RESOLVED,BUY,2025-08-15 13:30:00.004084377+00:00,23910.0,2025-08-15 13:30:00.108182075+00:00,23910.25,23925.5,23909.25,True,LIVE_STOP,2025-08-15 13:30:00.139724017+00:00,23909.25,-49.0,69.0,0.25,0.5,0.000671796,,
2191,2025-08-15 09:30,NY,VALIDATED_SOURCE,NQU5,-118.0,CTRL_100MS_CAP_0P5,CONTROLLER_MARKET,ONE_POINT_FROM_FILL,1,RESOLVED,BUY,2025-08-15 13:30:00.004084377+00:00,23910.0,2025-08-15 13:30:00.108182075+00:00,23910.5,23925.5,23909.5,True,LIVE_STOP,2025-08-15 13:30:00.126127903+00:00,23909.25,-59.0,59.0,0.5,0.5,0.000671796,,
2191,2025-08-15 09:30,NY,VALIDATED_SOURCE,NQU5,-118.0,CTRL_100MS_CAP_0P5,CONTROLLER_MARKET,ONE_POINT_FROM_FILL,2,SKIP_CHASE_CAP,BUY,2025-08-15 13:30:00.004084377+00:00,23910.0,,23910.75,,,False,,,,0.0,118.0,0.75,0.5,,61.0,
2191,2025-08-15 09:30,NY,VALIDATED_SOURCE,NQU5,-118.0,CTRL_100MS_CAP_0P5,CONTROLLER_MARKET,ONE_POINT_FROM_FILL,4,SKIP_CHASE_CAP,BUY,2025-08-15 13:30:00.004084377+00:00,23910.0,,23911.25,,,False,,,,0.0,118.0,1.25,0.5,,61.0,
2191,2025-08-15 09:30,NY,VALIDATED_SOURCE,NQU5,-118.0,CTRL_250MS_CAP_1P0,CONTROLLER_MARKET,ORIGINAL_SURVIVOR_STOP,0,RESOLVED,BUY,2025-08-15 13:30:00.004084377+00:00,23910.0,2025-08-15 13:30:00.254107721+00:00,23908.75,23925.5,23908.5,True,LIVE_STOP,2025-08-15 13:30:00.254107721+00:00,23908.25,-29.0,89.0,0.0,0.5,0.000671796,,
2191,2025-08-15 09:30,NY,VALIDATED_SOURCE,NQU5,-118.0,CTRL_250MS_CAP_1P0,CONTROLLER_MARKET,ORIGINAL_SURVIVOR_STOP,1,RESOLVED,BUY,2025-08-15 13:30:00.004084377+00:00,23910.0,2025-08-15 13:30:00.254107721+00:00,23909.0,23925.5,23908.5,True,LIVE_STOP,2025-08-15 13:30:00.254107721+00:00,23908.0,-49.0,69.0,0.0,0.5,0.000671796,,
2191,2025-08-15 09:30,NY,VALIDATED_SOURCE,NQU5,-118.0,CTRL_250MS_CAP_1P0,CONTROLLER_MARKET,ORIGINAL_SURVIVOR_STOP,2,RESOLVED,BUY,2025-08-15 13:30:00.004084377+00:00,23910.0,2025-08-15 13:30:00.254107721+00:00,23909.25,23925.5,23908.5,True,LIVE_STOP,2025-08-15 13:30:00.254107721+00:00,23907.75,-69.0,49.0,0.0,0.5,0.000671796,,
2191,2025-08-15 09:30,NY,VALIDATED_SOURCE,NQU5,-118.0,CTRL_250MS_CAP_1P0,CONTROLLER_MARKET,ORIGINAL_SURVIVOR_STOP,4,RESOLVED,BUY,2025-08-15 13:30:00.004084377+00:00,23910.0,2025-08-15 13:30:00.254107721+00:00,23909.75,23925.5,23908.5,True,LIVE_STOP,2025-08-15 13:30:00.254107721+00:00,23907.25,-109.0,9.0,0.0,0.5,0.000671796,,
2191,2025-08-15 09:30,NY,VALIDATED_SOURCE,NQU5,-118.0,CTRL_250MS_CAP_1P0,CONTROLLER_MARKET,ONE_POINT_FROM_FILL,0,RESOLVED,BUY,2025-08-15 13:30:00.004084377+00:00,23910.0,2025-08-15 13:30:00.254107721+00:00,23908.75,23925.5,23907.75,True,LIVE_STOP,2025-08-15 13:30:00.275545339+00:00,23907.75,-49.0,69.0,0.0,0.5,0.000671796,,
2191,2025-08-15 09:30,NY,VALIDATED_SOURCE,NQU5,-118.0,CTRL_250MS_CAP_1P0,CONTROLLER_MARKET,ONE_POINT_FROM_FILL,1,RESOLVED,BUY,2025-08-15 13:30:00.004084377+00:00,23910.0,2025-08-15 13:30:00.254107721+00:00,23909.0,23925.5,23908.0,True,LIVE_STOP,2025-08-15 13:30:00.274629211+00:00,23907.75,-59.0,59.0,0.0,0.5,0.000671796,,
2191,2025-08-15 09:30,NY,VALIDATED_SOURCE,NQU5,-118.0,CTRL_250MS_CAP_1P0,CONTROLLER_MARKET,ONE_POINT_FROM_FILL,2,RESOLVED,BUY,2025-08-15 13:30:00.004084377+00:00,23910.0,2025-08-15 13:30:00.254107721+00:00,23909.25,23925.5,23908.25,True,LIVE_STOP,2025-08-15 13:30:00.254107721+00:00,23907.75,-69.0,49.0,0.0,0.5,0.000671796,,
2191,2025-08-15 09:30,NY,VALIDATED_SOURCE,NQU5,-118.0,CTRL_250MS_CAP_1P0,CONTROLLER_MARKET,ONE_POINT_FROM_FILL,4,RESOLVED,BUY,2025-08-15 13:30:00.004084377+00:00,23910.0,2025-08-15 13:30:00.254107721+00:00,23909.75,23925.5,23908.75,True,LIVE_STOP,2025-08-15 13:30:00.254107721+00:00,23907.25,-109.0,9.0,0.0,0.5,0.000671796,,
2191,2025-08-15 09:30,NY,VALIDATED_SOURCE,NQU5,-118.0,CTRL_500MS_CAP_1P0,CONTROLLER_MARKET,ORIGINAL_SURVIVOR_STOP,0,RESOLVED,BUY,2025-08-15 13:30:00.004084377+00:00,23910.0,2025-08-15 13:30:00.505150007+00:00,23907.75,23925.5,23908.5,True,LIVE_STOP,2025-08-15 13:30:00.505150007+00:00,23907.5,-19.0,99.0,0.0,0.25,0.000671796,,
2191,2025-08-15 09:30,NY,VALIDATED_SOURCE,NQU5,-118.0,CTRL_500MS_CAP_1P0,CONTROLLER_MARKET,ORIGINAL_SURVIVOR_STOP,1,RESOLVED,BUY,2025-08-15 13:30:00.004084377+00:00,23910.0,2025-08-15 13:30:00.505150007+00:00,23908.0,23925.5,23908.5,True,LIVE_STOP,2025-08-15 13:30:00.505150007+00:00,23907.25,-39.0,79.0,0.0,0.25,0.000671796,,
2191,2025-08-15 09:30,NY,VALIDATED_SOURCE,NQU5,-118.0,CTRL_500MS_CAP_1P0,CONTROLLER_MARKET,ORIGINAL_SURVIVOR_STOP,2,RESOLVED,BUY,2025-08-15 13:30:00.004084377+00:00,23910.0,2025-08-15 13:30:00.505150007+00:00,23908.25,23925.5,23908.5,True,LIVE_STOP,2025-08-15 13:30:00.505150007+00:00,23907.0,-59.0,59.0,0.0,0.25,0.000671796,,
2191,2025-08-15 09:30,NY,VALIDATED_SOURCE,NQU5,-118.0,CTRL_500MS_CAP_1P0,CONTROLLER_MARKET,ORIGINAL_SURVIVOR_STOP,4,RESOLVED,BUY,2025-08-15 13:30:00.004084377+00:00,23910.0,2025-08-15 13:30:00.505150007+00:00,23908.75,23925.5,23908.5,True,LIVE_STOP,2025-08-15 13:30:00.505150007+00:00,23906.5,-99.0,19.0,0.0,0.25,0.000671796,,
2191,2025-08-15 09:30,NY,VALIDATED_SOURCE,NQU5,-118.0,CTRL_500MS_CAP_1P0,CONTROLLER_MARKET,ONE_POINT_FROM_FILL,0,RESOLVED,BUY,2025-08-15 13:30:00.004084377+00:00,23910.0,2025-08-15 13:30:00.505150007+00:00,23907.75,23925.5,23906.75,True,LIVE_STOP,2025-08-15 13:30:00.617306463+00:00,23906.75,-49.0,69.0,0.0,0.25,0.000671796,,
2191,2025-08-15 09:30,NY,VALIDATED_SOURCE,NQU5,-118.0,CTRL_500MS_CAP_1P0,CONTROLLER_MARKET,ONE_POINT_FROM_FILL,1,RESOLVED,BUY,2025-08-15 13:30:00.004084377+00:00,23910.0,2025-08-15 13:30:00.505150007+00:00,23908.0,23925.5,23907.0,True,LIVE_STOP,2025-08-15 13:30:00.613964853+00:00,23906.75,-59.0,59.0,0.0,0.25,0.000671796,,
2191,2025-08-15 09:30,NY,VALIDATED_SOURCE,NQU5,-118.0,CTRL_500MS_CAP_1P0,CONTROLLER_MARKET,ONE_POINT_FROM_FILL,2,RESOLVED,BUY,2025-08-15 13:30:00.004084377+00:00,23910.0,2025-08-15 13:30:00.505150007+00:00,23908.25,23925.5,23907.25,True,LIVE_STOP,2025-08-15 13:30:00.604117793+00:00,23906.75,-69.0,49.0,0.0,0.25,0.000671796,,
2191,2025-08-15 09:30,NY,VALIDATED_SOURCE,NQU5,-118.0,CTRL_500MS_CAP_1P0,CONTROLLER_MARKET,ONE_POINT_FROM_FILL,4,RESOLVED,BUY,2025-08-15 13:30:00.004084377+00:00,23910.0,2025-08-15 13:30:00.505150007+00:00,23908.75,23925.5,23907.75,True,LIVE_STOP,2025-08-15 13:30:00.505150007+00:00,23906.5,-99.0,19.0,0.0,0.25,0.000671796,,
2191,2025-08-15 09:30,NY,VALIDATED_SOURCE,NQU5,-118.0,CTRL_1S_CAP_2P0,CONTROLLER_MARKET,ORIGINAL_SURVIVOR_STOP,0,RESOLVED,BUY,2025-08-15 13:30:00.004084377+00:00,23910.0,2025-08-15 13:30:01.005356861+00:00,23905.0,23925.5,23908.5,True,LIVE_STOP,2025-08-15 13:30:01.005356861+00:00,23904.5,-29.0,89.0,0.0,0.5,0.000671796,,
2191,2025-08-15 09:30,NY,VALIDATED_SOURCE,NQU5,-118.0,CTRL_1S_CAP_2P0,CONTROLLER_MARKET,ORIGINAL_SURVIVOR_STOP,1,RESOLVED,BUY,2025-08-15 13:30:00.004084377+00:00,23910.0,2025-08-15 13:30:01.005356861+00:00,23905.25,23925.5,23908.5,True,LIVE_STOP,2025-08-15 13:30:01.005356861+00:00,23904.25,-49.0,69.0,0.0,0.5,0.000671796,,
2191,2025-08-15 09:30,NY,VALIDATED_SOURCE,NQU5,-118.0,CTRL_1S_CAP_2P0,CONTROLLER_MARKET,ORIGINAL_SURVIVOR_STOP,2,RESOLVED,BUY,2025-08-15 13:30:00.004084377+00:00,23910.0,2025-08-15 13:30:01.005356861+00:00,23905.5,23925.5,23908.5,True,LIVE_STOP,2025-08-15 13:30:01.005356861+00:00,23904.0,-69.0,49.0,0.0,0.5,0.000671796,,
2191,2025-08-15 09:30,NY,VALIDATED_SOURCE,NQU5,-118.0,CTRL_1S_CAP_2P0,CONTROLLER_MARKET,ORIGINAL_SURVIVOR_STOP,4,RESOLVED,BUY,2025-08-15 13:30:00.004084377+00:00,23910.0,2025-08-15 13:30:01.005356861+00:00,23906.0,23925.5,23908.5,True,LIVE_STOP,2025-08-15 13:30:01.005356861+00:00,23903.5,-109.0,9.0,0.0,0.5,0.000671796,,
2191,2025-08-15 09:30,NY,VALIDATED_SOURCE,NQU5,-118.0,CTRL_1S_CAP_2P0,CONTROLLER_MARKET,ONE_POINT_FROM_FILL,0,RESOLVED,BUY,2025-08-15 13:30:00.004084377+00:00,23910.0,2025-08-15 13:30:01.005356861+00:00,23905.0,23925.5,23904.0,True,LIVE_STOP,2025-08-15 13:30:01.018606505+00:00,23904.0,-49.0,69.0,0.0,0.5,0.000671796,,
2191,2025-08-15 09:30,NY,VALIDATED_SOURCE,NQU5,-118.0,CTRL_1S_CAP_2P0,CONTROLLER_MARKET,ONE_POINT_FROM_FILL,1,RESOLVED,BUY,2025-08-15 13:30:00.004084377+00:00,23910.0,2025-08-15 13:30:01.005356861+00:00,23905.25,23925.5,23904.25,True,LIVE_STOP,2025-08-15 13:30:01.018606505+00:00,23903.75,-69.0,49.0,0.0,0.5,0.000671796,,
2191,2025-08-15 09:30,NY,VALIDATED_SOURCE,NQU5,-118.0,CTRL_1S_CAP_2P0,CONTROLLER_MARKET,ONE_POINT_FROM_FILL,2,RESOLVED,BUY,2025-08-15 13:30:00.004084377+00:00,23910.0,2025-08-15 13:30:01.005356861+00:00,23905.5,23925.5,23904.5,True,LIVE_STOP,2025-08-15 13:30:01.005356861+00:00,23904.0,-69.0,49.0,0.0,0.5,0.000671796,,
2191,2025-08-15 09:30,NY,VALIDATED_SOURCE,NQU5,-118.0,CTRL_1S_CAP_2P0,CONTROLLER_MARKET,ONE_POINT_FROM_FILL,4,RESOLVED,BUY,2025-08-15 13:30:00.004084377+00:00,23910.0,2025-08-15 13:30:01.005356861+00:00,23906.0,23925.5,23905.0,True,LIVE_STOP,2025-08-15 13:30:01.005356861+00:00,23903.5,-109.0,9.0,0.0,0.5,0.000671796,,
2223,2025-09-14 18:00,WEEKLY,VALIDATED_SOURCE,NQU5,-118.0,OCO_LIMIT_0P5_TTL_1S,OCO_STOP_LIMIT,ORIGINAL_SURVIVOR_STOP,0,RESOLVED,SELL,2025-09-14 22:00:00.090704431+00:00,24114.5,2025-09-14 22:00:00.122904335+00:00,24121.25,24105.0,24116.0,True,LIVE_STOP,2025-09-14 22:00:00.122904335+00:00,24121.75,-29.0,89.0,0.0,0.5,,,
2223,2025-09-14 18:00,WEEKLY,VALIDATED_SOURCE,NQU5,-118.0,OCO_LIMIT_0P5_TTL_1S,OCO_STOP_LIMIT,ORIGINAL_SURVIVOR_STOP,1,RESOLVED,SELL,2025-09-14 22:00:00.090704431+00:00,24114.5,2025-09-14 22:00:00.122904335+00:00,24121.0,24105.0,24116.0,True,LIVE_STOP,2025-09-14 22:00:00.122904335+00:00,24122.0,-49.0,69.0,0.0,0.5,,,
2223,2025-09-14 18:00,WEEKLY,VALIDATED_SOURCE,NQU5,-118.0,OCO_LIMIT_0P5_TTL_1S,OCO_STOP_LIMIT,ORIGINAL_SURVIVOR_STOP,2,RESOLVED,SELL,2025-09-14 22:00:00.090704431+00:00,24114.5,2025-09-14 22:00:00.122904335+00:00,24120.75,24105.0,24116.0,True,LIVE_STOP,2025-09-14 22:00:00.122904335+00:00,24122.25,-69.0,49.0,0.0,0.5,,,
2223,2025-09-14 18:00,WEEKLY,VALIDATED_SOURCE,NQU5,-118.0,OCO_LIMIT_0P5_TTL_1S,OCO_STOP_LIMIT,ORIGINAL_SURVIVOR_STOP,4,RESOLVED,SELL,2025-09-14 22:00:00.090704431+00:00,24114.5,2025-09-14 22:00:00.122904335+00:00,24120.25,24105.0,24116.0,True,LIVE_STOP,2025-09-14 22:00:00.122904335+00:00,24122.75,-109.0,9.0,0.0,0.5,,,
2223,2025-09-14 18:00,WEEKLY,VALIDATED_SOURCE,NQU5,-118.0,OCO_LIMIT_0P5_TTL_1S,OCO_STOP_LIMIT,ONE_POINT_FROM_FILL,0,RESOLVED,SELL,2025-09-14 22:00:00.090704431+00:00,24114.5,2025-09-14 22:00:00.122904335+00:00,24121.25,24105.0,24122.25,True,LIVE_STOP,2025-09-14 22:00:00.497722011+00:00,24124.75,-149.0,-31.0,0.0,0.5,,,
2223,2025-09-14 18:00,WEEKLY,VALIDATED_SOURCE,NQU5,-118.0,OCO_LIMIT_0P5_TTL_1S,OCO_STOP_LIMIT,ONE_POINT_FROM_FILL,1,RESOLVED,SELL,2025-09-14 22:00:00.090704431+00:00,24114.5,2025-09-14 22:00:00.122904335+00:00,24121.0,24105.0,24122.0,True,LIVE_STOP,2025-09-14 22:00:00.126903303+00:00,24122.25,-59.0,59.0,0.0,0.5,,,
2223,2025-09-14 18:00,WEEKLY,VALIDATED_SOURCE,NQU5,-118.0,OCO_LIMIT_0P5_TTL_1S,OCO_STOP_LIMIT,ONE_POINT_FROM_FILL,2,RESOLVED,SELL,2025-09-14 22:00:00.090704431+00:00,24114.5,2025-09-14 22:00:00.122904335+00:00,24120.75,24105.0,24121.75,True,LIVE_STOP,2025-09-14 22:00:00.122904335+00:00,24122.25,-69.0,49.0,0.0,0.5,,,
2223,2025-09-14 18:00,WEEKLY,VALIDATED_SOURCE,NQU5,-118.0,OCO_LIMIT_0P5_TTL_1S,OCO_STOP_LIMIT,ONE_POINT_FROM_FILL,4,RESOLVED,SELL,2025-09-14 22:00:00.090704431+00:00,24114.5,2025-09-14 22:00:00.122904335+00:00,24120.25,24105.0,24121.25,True,LIVE_STOP,2025-09-14 22:00:00.122904335+00:00,24122.75,-109.0,9.0,0.0,0.5,,,
2223,2025-09-14 18:00,WEEKLY,VALIDATED_SOURCE,NQU5,-118.0,OCO_LIMIT_1P0_TTL_1S,OCO_STOP_LIMIT,ORIGINAL_SURVIVOR_STOP,0,RESOLVED,SELL,2025-09-14 22:00:00.090704431+00:00,24114.5,2025-09-14 22:00:00.122904335+00:00,24121.25,24105.0,24116.0,True,LIVE_STOP,2025-09-14 22:00:00.122904335+00:00,24121.75,-29.0,89.0,0.0,0.5,,,
2223,2025-09-14 18:00,WEEKLY,VALIDATED_SOURCE,NQU5,-118.0,OCO_LIMIT_1P0_TTL_1S,OCO_STOP_LIMIT,ORIGINAL_SURVIVOR_STOP,1,RESOLVED,SELL,2025-09-14 22:00:00.090704431+00:00,24114.5,2025-09-14 22:00:00.122904335+00:00,24121.0,24105.0,24116.0,True,LIVE_STOP,2025-09-14 22:00:00.122904335+00:00,24122.0,-49.0,69.0,0.0,0.5,,,
2223,2025-09-14 18:00,WEEKLY,VALIDATED_SOURCE,NQU5,-118.0,OCO_LIMIT_1P0_TTL_1S,OCO_STOP_LIMIT,ORIGINAL_SURVIVOR_STOP,2,RESOLVED,SELL,2025-09-14 22:00:00.090704431+00:00,24114.5,2025-09-14 22:00:00.122904335+00:00,24120.75,24105.0,24116.0,True,LIVE_STOP,2025-09-14 22:00:00.122904335+00:00,24122.25,-69.0,49.0,0.0,0.5,,,
2223,2025-09-14 18:00,WEEKLY,VALIDATED_SOURCE,NQU5,-118.0,OCO_LIMIT_1P0_TTL_1S,OCO_STOP_LIMIT,ORIGINAL_SURVIVOR_STOP,4,RESOLVED,SELL,2025-09-14 22:00:00.090704431+00:00,24114.5,2025-09-14 22:00:00.122904335+00:00,24120.25,24105.0,24116.0,True,LIVE_STOP,2025-09-14 22:00:00.122904335+00:00,24122.75,-109.0,9.0,0.0,0.5,,,
2223,2025-09-14 18:00,WEEKLY,VALIDATED_SOURCE,NQU5,-118.0,OCO_LIMIT_1P0_TTL_1S,OCO_STOP_LIMIT,ONE_POINT_FROM_FILL,0,RESOLVED,SELL,2025-09-14 22:00:00.090704431+00:00,24114.5,2025-09-14 22:00:00.122904335+00:00,24121.25,24105.0,24122.25,True,LIVE_STOP,2025-09-14 22:00:00.497722011+00:00,24124.75,-149.0,-31.0,0.0,0.5,,,
2223,2025-09-14 18:00,WEEKLY,VALIDATED_SOURCE,NQU5,-118.0,OCO_LIMIT_1P0_TTL_1S,OCO_STOP_LIMIT,ONE_POINT_FROM_FILL,1,RESOLVED,SELL,2025-09-14 22:00:00.090704431+00:00,24114.5,2025-09-14 22:00:00.122904335+00:00,24121.0,24105.0,24122.0,True,LIVE_STOP,2025-09-14 22:00:00.126903303+00:00,24122.25,-59.0,59.0,0.0,0.5,,,
2223,2025-09-14 18:00,WEEKLY,VALIDATED_SOURCE,NQU5,-118.0,OCO_LIMIT_1P0_TTL_1S,OCO_STOP_LIMIT,ONE_POINT_FROM_FILL,2,RESOLVED,SELL,2025-09-14 22:00:00.090704431+00:00,24114.5,2025-09-14 22:00:00.122904335+00:00,24120.75,24105.0,24121.75,True,LIVE_STOP,2025-09-14 22:00:00.122904335+00:00,24122.25,-69.0,49.0,0.0,0.5,,,
2223,2025-09-14 18:00,WEEKLY,VALIDATED_SOURCE,NQU5,-118.0,OCO_LIMIT_1P0_TTL_1S,OCO_STOP_LIMIT,ONE_POINT_FROM_FILL,4,RESOLVED,SELL,2025-09-14 22:00:00.090704431+00:00,24114.5,2025-09-14 22:00:00.122904335+00:00,24120.25,24105.0,24121.25,True,LIVE_STOP,2025-09-14 22:00:00.122904335+00:00,24122.75,-109.0,9.0,0.0,0.5,,,
2223,2025-09-14 18:00,WEEKLY,VALIDATED_SOURCE,NQU5,-118.0,OCO_LIMIT_2P0_TTL_1S,OCO_STOP_LIMIT,ORIGINAL_SURVIVOR_STOP,0,RESOLVED,SELL,2025-09-14 22:00:00.090704431+00:00,24114.5,2025-09-14 22:00:00.122904335+00:00,24121.25,24105.0,24116.0,True,LIVE_STOP,2025-09-14 22:00:00.122904335+00:00,24121.75,-29.0,89.0,0.0,0.5,,,
2223,2025-09-14 18:00,WEEKLY,VALIDATED_SOURCE,NQU5,-118.0,OCO_LIMIT_2P0_TTL_1S,OCO_STOP_LIMIT,ORIGINAL_SURVIVOR_STOP,1,RESOLVED,SELL,2025-09-14 22:00:00.090704431+00:00,24114.5,2025-09-14 22:00:00.122904335+00:00,24121.0,24105.0,24116.0,True,LIVE_STOP,2025-09-14 22:00:00.122904335+00:00,24122.0,-49.0,69.0,0.0,0.5,,,
2223,2025-09-14 18:00,WEEKLY,VALIDATED_SOURCE,NQU5,-118.0,OCO_LIMIT_2P0_TTL_1S,OCO_STOP_LIMIT,ORIGINAL_SURVIVOR_STOP,2,RESOLVED,SELL,2025-09-14 22:00:00.090704431+00:00,24114.5,2025-09-14 22:00:00.122904335+00:00,24120.75,24105.0,24116.0,True,LIVE_STOP,2025-09-14 22:00:00.122904335+00:00,24122.25,-69.0,49.0,0.0,0.5,,,
2223,2025-09-14 18:00,WEEKLY,VALIDATED_SOURCE,NQU5,-118.0,OCO_LIMIT_2P0_TTL_1S,OCO_STOP_LIMIT,ORIGINAL_SURVIVOR_STOP,4,RESOLVED,SELL,2025-09-14 22:00:00.090704431+00:00,24114.5,2025-09-14 22:00:00.122904335+00:00,24120.25,24105.0,24116.0,True,LIVE_STOP,2025-09-14 22:00:00.122904335+00:00,24122.75,-109.0,9.0,0.0,0.5,,,
2223,2025-09-14 18:00,WEEKLY,VALIDATED_SOURCE,NQU5,-118.0,OCO_LIMIT_2P0_TTL_1S,OCO_STOP_LIMIT,ONE_POINT_FROM_FILL,0,RESOLVED,SELL,2025-09-14 22:00:00.090704431+00:00,24114.5,2025-09-14 22:00:00.122904335+00:00,24121.25,24105.0,24122.25,True,LIVE_STOP,2025-09-14 22:00:00.497722011+00:00,24124.75,-149.0,-31.0,0.0,0.5,,,
2223,2025-09-14 18:00,WEEKLY,VALIDATED_SOURCE,NQU5,-118.0,OCO_LIMIT_2P0_TTL_1S,OCO_STOP_LIMIT,ONE_POINT_FROM_FILL,1,RESOLVED,SELL,2025-09-14 22:00:00.090704431+00:00,24114.5,2025-09-14 22:00:00.122904335+00:00,24121.0,24105.0,24122.0,True,LIVE_STOP,2025-09-14 22:00:00.126903303+00:00,24122.25,-59.0,59.0,0.0,0.5,,,
2223,2025-09-14 18:00,WEEKLY,VALIDATED_SOURCE,NQU5,-118.0,OCO_LIMIT_2P0_TTL_1S,OCO_STOP_LIMIT,ONE_POINT_FROM_FILL,2,RESOLVED,SELL,2025-09-14 22:00:00.090704431+00:00,24114.5,2025-09-14 22:00:00.122904335+00:00,24120.75,24105.0,24121.75,True,LIVE_STOP,2025-09-14 22:00:00.122904335+00:00,24122.25,-69.0,49.0,0.0,0.5,,,
2223,2025-09-14 18:00,WEEKLY,VALIDATED_SOURCE,NQU5,-118.0,OCO_LIMIT_2P0_TTL_1S,OCO_STOP_LIMIT,ONE_POINT_FROM_FILL,4,RESOLVED,SELL,2025-09-14 22:00:00.090704431+00:00,24114.5,2025-09-14 22:00:00.122904335+00:00,24120.25,24105.0,24121.25,True,LIVE_STOP,2025-09-14 22:00:00.122904335+00:00,24122.75,-109.0,9.0,0.0,0.5,,,
2223,2025-09-14 18:00,WEEKLY,VALIDATED_SOURCE,NQU5,-118.0,CTRL_100MS_CAP_0P5,CONTROLLER_MARKET,ORIGINAL_SURVIVOR_STOP,0,SKIP_SPREAD_GATE,SELL,2025-09-14 22:00:00.090704431+00:00,24114.5,,,,,False,,,,0.0,118.0,,4.5,,42.0,
2223,2025-09-14 18:00,WEEKLY,VALIDATED_SOURCE,NQU5,-118.0,CTRL_100MS_CAP_0P5,CONTROLLER_MARKET,ORIGINAL_SURVIVOR_STOP,1,SKIP_SPREAD_GATE,SELL,2025-09-14 22:00:00.090704431+00:00,24114.5,,,,,False,,,,0.0,118.0,,4.5,,42.0,
2223,2025-09-14 18:00,WEEKLY,VALIDATED_SOURCE,NQU5,-118.0,CTRL_100MS_CAP_0P5,CONTROLLER_MARKET,ORIGINAL_SURVIVOR_STOP,2,SKIP_SPREAD_GATE,SELL,2025-09-14 22:00:00.090704431+00:00,24114.5,,,,,False,,,,0.0,118.0,,4.5,,42.0,
2223,2025-09-14 18:00,WEEKLY,VALIDATED_SOURCE,NQU5,-118.0,CTRL_100MS_CAP_0P5,CONTROLLER_MARKET,ORIGINAL_SURVIVOR_STOP,4,SKIP_SPREAD_GATE,SELL,2025-09-14 22:00:00.090704431+00:00,24114.5,,,,,False,,,,0.0,118.0,,4.5,,42.0,
2223,2025-09-14 18:00,WEEKLY,VALIDATED_SOURCE,NQU5,-118.0,CTRL_100MS_CAP_0P5,CONTROLLER_MARKET,ONE_POINT_FROM_FILL,0,SKIP_SPREAD_GATE,SELL,2025-09-14 22:00:00.090704431+00:00,24114.5,,,,,False,,,,0.0,118.0,,4.5,,42.0,
2223,2025-09-14 18:00,WEEKLY,VALIDATED_SOURCE,NQU5,-118.0,CTRL_100MS_CAP_0P5,CONTROLLER_MARKET,ONE_POINT_FROM_FILL,1,SKIP_SPREAD_GATE,SELL,2025-09-14 22:00:00.090704431+00:00,24114.5,,,,,False,,,,0.0,118.0,,4.5,,42.0,
2223,2025-09-14 18:00,WEEKLY,VALIDATED_SOURCE,NQU5,-118.0,CTRL_100MS_CAP_0P5,CONTROLLER_MARKET,ONE_POINT_FROM_FILL,2,SKIP_SPREAD_GATE,SELL,2025-09-14 22:00:00.090704431+00:00,24114.5,,,,,False,,,,0.0,118.0,,4.5,,42.0,
2223,2025-09-14 18:00,WEEKLY,VALIDATED_SOURCE,NQU5,-118.0,CTRL_100MS_CAP_0P5,CONTROLLER_MARKET,ONE_POINT_FROM_FILL,4,SKIP_SPREAD_GATE,SELL,2025-09-14 22:00:00.090704431+00:00,24114.5,,,,,False,,,,0.0,118.0,,4.5,,42.0,
2223,2025-09-14 18:00,WEEKLY,VALIDATED_SOURCE,NQU5,-118.0,CTRL_250MS_CAP_1P0,CONTROLLER_MARKET,ORIGINAL_SURVIVOR_STOP,0,SKIP_SPREAD_GATE,SELL,2025-09-14 22:00:00.090704431+00:00,24114.5,,,,,False,,,,0.0,118.0,,6.75,,48.0,
2223,2025-09-14 18:00,WEEKLY,VALIDATED_SOURCE,NQU5,-118.0,CTRL_250MS_CAP_1P0,CONTROLLER_MARKET,ORIGINAL_SURVIVOR_STOP,1,SKIP_SPREAD_GATE,SELL,2025-09-14 22:00:00.090704431+00:00,24114.5,,,,,False,,,,0.0,118.0,,6.75,,48.0,
2223,2025-09-14 18:00,WEEKLY,VALIDATED_SOURCE,NQU5,-118.0,CTRL_250MS_CAP_1P0,CONTROLLER_MARKET,ORIGINAL_SURVIVOR_STOP,2,SKIP_SPREAD_GATE,SELL,2025-09-14 22:00:00.090704431+00:00,24114.5,,,,,False,,,,0.0,118.0,,6.75,,48.0,
2223,2025-09-14 18:00,WEEKLY,VALIDATED_SOURCE,NQU5,-118.0,CTRL_250MS_CAP_1P0,CONTROLLER_MARKET,ORIGINAL_SURVIVOR_STOP,4,SKIP_SPREAD_GATE,SELL,2025-09-14 22:00:00.090704431+00:00,24114.5,,,,,False,,,,0.0,118.0,,6.75,,48.0,
2223,2025-09-14 18:00,WEEKLY,VALIDATED_SOURCE,NQU5,-118.0,CTRL_250MS_CAP_1P0,CONTROLLER_MARKET,ONE_POINT_FROM_FILL,0,SKIP_SPREAD_GATE,SELL,2025-09-14 22:00:00.090704431+00:00,24114.5,,,,,False,,,,0.0,118.0,,6.75,,48.0,
2223,2025-09-14 18:00,WEEKLY,VALIDATED_SOURCE,NQU5,-118.0,CTRL_250MS_CAP_1P0,CONTROLLER_MARKET,ONE_POINT_FROM_FILL,1,SKIP_SPREAD_GATE,SELL,2025-09-14 22:00:00.090704431+00:00,24114.5,,,,,False,,,,0.0,118.0,,6.75,,48.0,
2223,2025-09-14 18:00,WEEKLY,VALIDATED_SOURCE,NQU5,-118.0,CTRL_250MS_CAP_1P0,CONTROLLER_MARKET,ONE_POINT_FROM_FILL,2,SKIP_SPREAD_GATE,SELL,2025-09-14 22:00:00.090704431+00:00,24114.5,,,,,False,,,,0.0,118.0,,6.75,,48.0,
2223,2025-09-14 18:00,WEEKLY,VALIDATED_SOURCE,NQU5,-118.0,CTRL_250MS_CAP_1P0,CONTROLLER_MARKET,ONE_POINT_FROM_FILL,4,SKIP_SPREAD_GATE,SELL,2025-09-14 22:00:00.090704431+00:00,24114.5,,,,,False,,,,0.0,118.0,,6.75,,48.0,
2223,2025-09-14 18:00,WEEKLY,VALIDATED_SOURCE,NQU5,-118.0,CTRL_500MS_CAP_1P0,CONTROLLER_MARKET,ORIGINAL_SURVIVOR_STOP,0,SKIP_SPREAD_GATE,SELL,2025-09-14 22:00:00.090704431+00:00,24114.5,,,,,False,,,,0.0,118.0,,6.75,,52.0,
2223,2025-09-14 18:00,WEEKLY,VALIDATED_SOURCE,NQU5,-118.0,CTRL_500MS_CAP_1P0,CONTROLLER_MARKET,ORIGINAL_SURVIVOR_STOP,1,SKIP_SPREAD_GATE,SELL,2025-09-14 22:00:00.090704431+00:00,24114.5,,,,,False,,,,0.0,118.0,,6.75,,52.0,
2223,2025-09-14 18:00,WEEKLY,VALIDATED_SOURCE,NQU5,-118.0,CTRL_500MS_CAP_1P0,CONTROLLER_MARKET,ORIGINAL_SURVIVOR_STOP,2,SKIP_SPREAD_GATE,SELL,2025-09-14 22:00:00.090704431+00:00,24114.5,,,,,False,,,,0.0,118.0,,6.75,,52.0,
2223,2025-09-14 18:00,WEEKLY,VALIDATED_SOURCE,NQU5,-118.0,CTRL_500MS_CAP_1P0,CONTROLLER_MARKET,ORIGINAL_SURVIVOR_STOP,4,SKIP_SPREAD_GATE,SELL,2025-09-14 22:00:00.090704431+00:00,24114.5,,,,,False,,,,0.0,118.0,,6.75,,52.0,
2223,2025-09-14 18:00,WEEKLY,VALIDATED_SOURCE,NQU5,-118.0,CTRL_500MS_CAP_1P0,CONTROLLER_MARKET,ONE_POINT_FROM_FILL,0,SKIP_SPREAD_GATE,SELL,2025-09-14 22:00:00.090704431+00:00,24114.5,,,,,False,,,,0.0,118.0,,6.75,,52.0,
2223,2025-09-14 18:00,WEEKLY,VALIDATED_SOURCE,NQU5,-118.0,CTRL_500MS_CAP_1P0,CONTROLLER_MARKET,ONE_POINT_FROM_FILL,1,SKIP_SPREAD_GATE,SELL,2025-09-14 22:00:00.090704431+00:00,24114.5,,,,,False,,,,0.0,118.0,,6.75,,52.0,
2223,2025-09-14 18:00,WEEKLY,VALIDATED_SOURCE,NQU5,-118.0,CTRL_500MS_CAP_1P0,CONTROLLER_MARKET,ONE_POINT_FROM_FILL,2,SKIP_SPREAD_GATE,SELL,2025-09-14 22:00:00.090704431+00:00,24114.5,,,,,False,,,,0.0,118.0,,6.75,,52.0,
2223,2025-09-14 18:00,WEEKLY,VALIDATED_SOURCE,NQU5,-118.0,CTRL_500MS_CAP_1P0,CONTROLLER_MARKET,ONE_POINT_FROM_FILL,4,SKIP_SPREAD_GATE,SELL,2025-09-14 22:00:00.090704431+00:00,24114.5,,,,,False,,,,0.0,118.0,,6.75,,52.0,
2223,2025-09-14 18:00,WEEKLY,VALIDATED_SOURCE,NQU5,-118.0,CTRL_1S_CAP_2P0,CONTROLLER_MARKET,ORIGINAL_SURVIVOR_STOP,0,RESOLVED,SELL,2025-09-14 22:00:00.090704431+00:00,24114.5,2025-09-14 22:00:01.360255091+00:00,24115.5,24105.0,24116.0,True,LIVE_STOP,2025-09-14 22:00:01.360255091+00:00,24116.75,-59.0,59.0,0.0,1.25,,,
2223,2025-09-14 18:00,WEEKLY,VALIDATED_SOURCE,NQU5,-118.0,CTRL_1S_CAP_2P0,CONTROLLER_MARKET,ORIGINAL_SURVIVOR_STOP,1,RESOLVED,SELL,2025-09-14 22:00:00.090704431+00:00,24114.5,2025-09-14 22:00:01.360255091+00:00,24115.25,24105.0,24116.0,True,LIVE_STOP,2025-09-14 22:00:01.360255091+00:00,24117.0,-79.0,39.0,0.0,1.25,,,
2223,2025-09-14 18:00,WEEKLY,VALIDATED_SOURCE,NQU5,-118.0,CTRL_1S_CAP_2P0,CONTROLLER_MARKET,ORIGINAL_SURVIVOR_STOP,2,RESOLVED,SELL,2025-09-14 22:00:00.090704431+00:00,24114.5,2025-09-14 22:00:01.360255091+00:00,24115.0,24105.0,24116.0,True,LIVE_STOP,2025-09-14 22:00:01.360255091+00:00,24117.25,-99.0,19.0,0.0,1.25,,,
2223,2025-09-14 18:00,WEEKLY,VALIDATED_SOURCE,NQU5,-118.0,CTRL_1S_CAP_2P0,CONTROLLER_MARKET,ORIGINAL_SURVIVOR_STOP,4,RESOLVED,SELL,2025-09-14 22:00:00.090704431+00:00,24114.5,2025-09-14 22:00:01.360255091+00:00,24114.5,24105.0,24116.0,True,LIVE_STOP,2025-09-14 22:00:01.360255091+00:00,24117.75,-139.0,-21.0,0.0,1.25,,,
2223,2025-09-14 18:00,WEEKLY,VALIDATED_SOURCE,NQU5,-118.0,CTRL_1S_CAP_2P0,CONTROLLER_MARKET,ONE_POINT_FROM_FILL,0,RESOLVED,SELL,2025-09-14 22:00:00.090704431+00:00,24114.5,2025-09-14 22:00:01.360255091+00:00,24115.5,24105.0,24116.5,True,LIVE_STOP,2025-09-14 22:00:01.360255091+00:00,24116.75,-59.0,59.0,0.0,1.25,,,
2223,2025-09-14 18:00,WEEKLY,VALIDATED_SOURCE,NQU5,-118.0,CTRL_1S_CAP_2P0,CONTROLLER_MARKET,ONE_POINT_FROM_FILL,1,RESOLVED,SELL,2025-09-14 22:00:00.090704431+00:00,24114.5,2025-09-14 22:00:01.360255091+00:00,24115.25,24105.0,24116.25,True,LIVE_STOP,2025-09-14 22:00:01.360255091+00:00,24117.0,-79.0,39.0,0.0,1.25,,,
2223,2025-09-14 18:00,WEEKLY,VALIDATED_SOURCE,NQU5,-118.0,CTRL_1S_CAP_2P0,CONTROLLER_MARKET,ONE_POINT_FROM_FILL,2,RESOLVED,SELL,2025-09-14 22:00:00.090704431+00:00,24114.5,2025-09-14 22:00:01.360255091+00:00,24115.0,24105.0,24116.0,True,LIVE_STOP,2025-09-14 22:00:01.360255091+00:00,24117.25,-99.0,19.0,0.0,1.25,,,
2223,2025-09-14 18:00,WEEKLY,VALIDATED_SOURCE,NQU5,-118.0,CTRL_1S_CAP_2P0,CONTROLLER_MARKET,ONE_POINT_FROM_FILL,4,RESOLVED,SELL,2025-09-14 22:00:00.090704431+00:00,24114.5,2025-09-14 22:00:01.360255091+00:00,24114.5,24105.0,24115.5,True,LIVE_STOP,2025-09-14 22:00:01.360255091+00:00,24117.75,-139.0,-21.0,0.0,1.25,,,
2224,2025-09-15 09:30,NY,VALIDATED_SOURCE,NQZ5,-118.0,OCO_LIMIT_0P5_TTL_1S,OCO_STOP_LIMIT,ORIGINAL_SURVIVOR_STOP,0,RESOLVED,BUY,2025-09-15 13:30:00.029880037+00:00,24419.25,2025-09-15 13:30:00.029880037+00:00,24419.25,24434.75,24417.75,True,LIVE_STOP,2025-09-15 13:30:00.075979975+00:00,24417.75,-69.0,49.0,0.0,0.5,0.009570768,,
2224,2025-09-15 09:30,NY,VALIDATED_SOURCE,NQZ5,-118.0,OCO_LIMIT_0P5_TTL_1S,OCO_STOP_LIMIT,ORIGINAL_SURVIVOR_STOP,1,RESOLVED,BUY,2025-09-15 13:30:00.029880037+00:00,24419.25,2025-09-15 13:30:00.029880037+00:00,24419.5,24434.75,24417.75,True,LIVE_STOP,2025-09-15 13:30:00.075979975+00:00,24417.5,-89.0,29.0,0.25,0.5,0.009570768,,
2224,2025-09-15 09:30,NY,VALIDATED_SOURCE,NQZ5,-118.0,OCO_LIMIT_0P5_TTL_1S,OCO_STOP_LIMIT,ORIGINAL_SURVIVOR_STOP,2,RESOLVED,BUY,2025-09-15 13:30:00.029880037+00:00,24419.25,2025-09-15 13:30:00.029880037+00:00,24419.75,24434.75,24417.75,True,LIVE_STOP,2025-09-15 13:30:00.075979975+00:00,24417.25,-109.0,9.0,0.5,0.5,0.009570768,,
2224,2025-09-15 09:30,NY,VALIDATED_SOURCE,NQZ5,-118.0,OCO_LIMIT_0P5_TTL_1S,OCO_STOP_LIMIT,ORIGINAL_SURVIVOR_STOP,4,RESOLVED,BUY,2025-09-15 13:30:00.029880037+00:00,24419.25,2025-09-15 13:30:00.029880037+00:00,24419.75,24434.75,24417.75,True,LIVE_STOP,2025-09-15 13:30:00.075979975+00:00,24416.75,-129.0,-11.0,0.5,0.5,0.009570768,,
2224,2025-09-15 09:30,NY,VALIDATED_SOURCE,NQZ5,-118.0,OCO_LIMIT_0P5_TTL_1S,OCO_STOP_LIMIT,ONE_POINT_FROM_FILL,0,RESOLVED,BUY,2025-09-15 13:30:00.029880037+00:00,24419.25,2025-09-15 13:30:00.029880037+00:00,24419.25,24434.75,24418.25,True,LIVE_STOP,2025-09-15 13:30:00.050882255+00:00,24418.25,-49.0,69.0,0.0,0.5,0.009570768,,
2224,2025-09-15 09:30,NY,VALIDATED_SOURCE,NQZ5,-118.0,OCO_LIMIT_0P5_TTL_1S,OCO_STOP_LIMIT,ONE_POINT_FROM_FILL,1,RESOLVED,BUY,2025-09-15 13:30:00.029880037+00:00,24419.25,2025-09-15 13:30:00.029880037+00:00,24419.5,24434.75,24418.5,True,LIVE_STOP,2025-09-15 13:30:00.050439657+00:00,24418.25,-59.0,59.0,0.25,0.5,0.009570768,,
2224,2025-09-15 09:30,NY,VALIDATED_SOURCE,NQZ5,-118.0,OCO_LIMIT_0P5_TTL_1S,OCO_STOP_LIMIT,ONE_POINT_FROM_FILL,2,RESOLVED,BUY,2025-09-15 13:30:00.029880037+00:00,24419.25,2025-09-15 13:30:00.029880037+00:00,24419.75,24434.75,24418.75,True,LIVE_STOP,2025-09-15 13:30:00.029880037+00:00,24418.25,-69.0,49.0,0.5,0.5,0.009570768,,
2224,2025-09-15 09:30,NY,VALIDATED_SOURCE,NQZ5,-118.0,OCO_LIMIT_0P5_TTL_1S,OCO_STOP_LIMIT,ONE_POINT_FROM_FILL,4,RESOLVED,BUY,2025-09-15 13:30:00.029880037+00:00,24419.25,2025-09-15 13:30:00.029880037+00:00,24419.75,24434.75,24418.75,True,LIVE_STOP,2025-09-15 13:30:00.029880037+00:00,24417.75,-89.0,29.0,0.5,0.5,0.009570768,,
2224,2025-09-15 09:30,NY,VALIDATED_SOURCE,NQZ5,-118.0,OCO_LIMIT_1P0_TTL_1S,OCO_STOP_LIMIT,ORIGINAL_SURVIVOR_STOP,0,RESOLVED,BUY,2025-09-15 13:30:00.029880037+00:00,24419.25,2025-09-15 13:30:00.029880037+00:00,24419.25,24434.75,24417.75,True,LIVE_STOP,2025-09-15 13:30:00.075979975+00:00,24417.75,-69.0,49.0,0.0,0.5,0.009570768,,
2224,2025-09-15 09:30,NY,VALIDATED_SOURCE,NQZ5,-118.0,OCO_LIMIT_1P0_TTL_1S,OCO_STOP_LIMIT,ORIGINAL_SURVIVOR_STOP,1,RESOLVED,BUY,2025-09-15 13:30:00.029880037+00:00,24419.25,2025-09-15 13:30:00.029880037+00:00,24419.5,24434.75,24417.75,True,LIVE_STOP,2025-09-15 13:30:00.075979975+00:00,24417.5,-89.0,29.0,0.25,0.5,0.009570768,,
2224,2025-09-15 09:30,NY,VALIDATED_SOURCE,NQZ5,-118.0,OCO_LIMIT_1P0_TTL_1S,OCO_STOP_LIMIT,ORIGINAL_SURVIVOR_STOP,2,RESOLVED,BUY,2025-09-15 13:30:00.029880037+00:00,24419.25,2025-09-15 13:30:00.029880037+00:00,24419.75,24434.75,24417.75,True,LIVE_STOP,2025-09-15 13:30:00.075979975+00:00,24417.25,-109.0,9.0,0.5,0.5,0.009570768,,
2224,2025-09-15 09:30,NY,VALIDATED_SOURCE,NQZ5,-118.0,OCO_LIMIT_1P0_TTL_1S,OCO_STOP_LIMIT,ORIGINAL_SURVIVOR_STOP,4,RESOLVED,BUY,2025-09-15 13:30:00.029880037+00:00,24419.25,2025-09-15 13:30:00.029880037+00:00,24420.25,24434.75,24417.75,True,LIVE_STOP,2025-09-15 13:30:00.075979975+00:00,24416.75,-149.0,-31.0,1.0,0.5,0.009570768,,
2224,2025-09-15 09:30,NY,VALIDATED_SOURCE,NQZ5,-118.0,OCO_LIMIT_1P0_TTL_1S,OCO_STOP_LIMIT,ONE_POINT_FROM_FILL,0,RESOLVED,BUY,2025-09-15 13:30:00.029880037+00:00,24419.25,2025-09-15 13:30:00.029880037+00:00,24419.25,24434.75,24418.25,True,LIVE_STOP,2025-09-15 13:30:00.050882255+00:00,24418.25,-49.0,69.0,0.0,0.5,0.009570768,,
2224,2025-09-15 09:30,NY,VALIDATED_SOURCE,NQZ5,-118.0,OCO_LIMIT_1P0_TTL_1S,OCO_STOP_LIMIT,ONE_POINT_FROM_FILL,1,RESOLVED,BUY,2025-09-15 13:30:00.029880037+00:00,24419.25,2025-09-15 13:30:00.029880037+00:00,24419.5,24434.75,24418.5,True,LIVE_STOP,2025-09-15 13:30:00.050439657+00:00,24418.25,-59.0,59.0,0.25,0.5,0.009570768,,
2224,2025-09-15 09:30,NY,VALIDATED_SOURCE,NQZ5,-118.0,OCO_LIMIT_1P0_TTL_1S,OCO_STOP_LIMIT,ONE_POINT_FROM_FILL,2,RESOLVED,BUY,2025-09-15 13:30:00.029880037+00:00,24419.25,2025-09-15 13:30:00.029880037+00:00,24419.75,24434.75,24418.75,True,LIVE_STOP,2025-09-15 13:30:00.029880037+00:00,24418.25,-69.0,49.0,0.5,0.5,0.009570768,,
2224,2025-09-15 09:30,NY,VALIDATED_SOURCE,NQZ5,-118.0,OCO_LIMIT_1P0_TTL_1S,OCO_STOP_LIMIT,ONE_POINT_FROM_FILL,4,RESOLVED,BUY,2025-09-15 13:30:00.029880037+00:00,24419.25,2025-09-15 13:30:00.029880037+00:00,24420.25,24434.75,24419.25,True,LIVE_STOP,2025-09-15 13:30:00.029880037+00:00,24417.75,-109.0,9.0,1.0,0.5,0.009570768,,
2224,2025-09-15 09:30,NY,VALIDATED_SOURCE,NQZ5,-118.0,OCO_LIMIT_2P0_TTL_1S,OCO_STOP_LIMIT,ORIGINAL_SURVIVOR_STOP,0,RESOLVED,BUY,2025-09-15 13:30:00.029880037+00:00,24419.25,2025-09-15 13:30:00.029880037+00:00,24419.25,24434.75,24417.75,True,LIVE_STOP,2025-09-15 13:30:00.075979975+00:00,24417.75,-69.0,49.0,0.0,0.5,0.009570768,,
2224,2025-09-15 09:30,NY,VALIDATED_SOURCE,NQZ5,-118.0,OCO_LIMIT_2P0_TTL_1S,OCO_STOP_LIMIT,ORIGINAL_SURVIVOR_STOP,1,RESOLVED,BUY,2025-09-15 13:30:00.029880037+00:00,24419.25,2025-09-15 13:30:00.029880037+00:00,24419.5,24434.75,24417.75,True,LIVE_STOP,2025-09-15 13:30:00.075979975+00:00,24417.5,-89.0,29.0,0.25,0.5,0.009570768,,
2224,2025-09-15 09:30,NY,VALIDATED_SOURCE,NQZ5,-118.0,OCO_LIMIT_2P0_TTL_1S,OCO_STOP_LIMIT,ORIGINAL_SURVIVOR_STOP,2,RESOLVED,BUY,2025-09-15 13:30:00.029880037+00:00,24419.25,2025-09-15 13:30:00.029880037+00:00,24419.75,24434.75,24417.75,True,LIVE_STOP,2025-09-15 13:30:00.075979975+00:00,24417.25,-109.0,9.0,0.5,0.5,0.009570768,,
2224,2025-09-15 09:30,NY,VALIDATED_SOURCE,NQZ5,-118.0,OCO_LIMIT_2P0_TTL_1S,OCO_STOP_LIMIT,ORIGINAL_SURVIVOR_STOP,4,RESOLVED,BUY,2025-09-15 13:30:00.029880037+00:00,24419.25,2025-09-15 13:30:00.029880037+00:00,24420.25,24434.75,24417.75,True,LIVE_STOP,2025-09-15 13:30:00.075979975+00:00,24416.75,-149.0,-31.0,1.0,0.5,0.009570768,,
2224,2025-09-15 09:30,NY,VALIDATED_SOURCE,NQZ5,-118.0,OCO_LIMIT_2P0_TTL_1S,OCO_STOP_LIMIT,ONE_POINT_FROM_FILL,0,RESOLVED,BUY,2025-09-15 13:30:00.029880037+00:00,24419.25,2025-09-15 13:30:00.029880037+00:00,24419.25,24434.75,24418.25,True,LIVE_STOP,2025-09-15 13:30:00.050882255+00:00,24418.25,-49.0,69.0,0.0,0.5,0.009570768,,
2224,2025-09-15 09:30,NY,VALIDATED_SOURCE,NQZ5,-118.0,OCO_LIMIT_2P0_TTL_1S,OCO_STOP_LIMIT,ONE_POINT_FROM_FILL,1,RESOLVED,BUY,2025-09-15 13:30:00.029880037+00:00,24419.25,2025-09-15 13:30:00.029880037+00:00,24419.5,24434.75,24418.5,True,LIVE_STOP,2025-09-15 13:30:00.050439657+00:00,24418.25,-59.0,59.0,0.25,0.5,0.009570768,,
2224,2025-09-15 09:30,NY,VALIDATED_SOURCE,NQZ5,-118.0,OCO_LIMIT_2P0_TTL_1S,OCO_STOP_LIMIT,ONE_POINT_FROM_FILL,2,RESOLVED,BUY,2025-09-15 13:30:00.029880037+00:00,24419.25,2025-09-15 13:30:00.029880037+00:00,24419.75,24434.75,24418.75,True,LIVE_STOP,2025-09-15 13:30:00.029880037+00:00,24418.25,-69.0,49.0,0.5,0.5,0.009570768,,
2224,2025-09-15 09:30,NY,VALIDATED_SOURCE,NQZ5,-118.0,OCO_LIMIT_2P0_TTL_1S,OCO_STOP_LIMIT,ONE_POINT_FROM_FILL,4,RESOLVED,BUY,2025-09-15 13:30:00.029880037+00:00,24419.25,2025-09-15 13:30:00.029880037+00:00,24420.25,24434.75,24419.25,True,LIVE_STOP,2025-09-15 13:30:00.029880037+00:00,24417.75,-109.0,9.0,1.0,0.5,0.009570768,,
2224,2025-09-15 09:30,NY,VALIDATED_SOURCE,NQZ5,-118.0,CTRL_100MS_CAP_0P5,CONTROLLER_MARKET,ORIGINAL_SURVIVOR_STOP,0,RESOLVED,BUY,2025-09-15 13:30:00.029880037+00:00,24419.25,2025-09-15 13:30:00.130314537+00:00,24419.25,24434.75,24417.75,True,LIVE_STOP,2025-09-15 13:30:00.150653541+00:00,24417.75,-69.0,49.0,0.0,0.25,0.009570768,,
2224,2025-09-15 09:30,NY,VALIDATED_SOURCE,NQZ5,-118.0,CTRL_100MS_CAP_0P5,CONTROLLER_MARKET,ORIGINAL_SURVIVOR_STOP,1,RESOLVED,BUY,2025-09-15 13:30:00.029880037+00:00,24419.25,2025-09-15 13:30:00.130314537+00:00,24419.5,24434.75,24417.75,True,LIVE_STOP,2025-09-15 13:30:00.150653541+00:00,24417.5,-89.0,29.0,0.25,0.25,0.009570768,,
2224,2025-09-15 09:30,NY,VALIDATED_SOURCE,NQZ5,-118.0,CTRL_100MS_CAP_0P5,CONTROLLER_MARKET,ORIGINAL_SURVIVOR_STOP,2,RESOLVED,BUY,2025-09-15 13:30:00.029880037+00:00,24419.25,2025-09-15 13:30:00.130314537+00:00,24419.75,24434.75,24417.75,True,LIVE_STOP,2025-09-15 13:30:00.150653541+00:00,24417.25,-109.0,9.0,0.5,0.25,0.009570768,,
2224,2025-09-15 09:30,NY,VALIDATED_SOURCE,NQZ5,-118.0,CTRL_100MS_CAP_0P5,CONTROLLER_MARKET,ORIGINAL_SURVIVOR_STOP,4,SKIP_CHASE_CAP,BUY,2025-09-15 13:30:00.029880037+00:00,24419.25,,24420.25,,,False,,,,0.0,118.0,1.0,0.25,,99.0,
2224,2025-09-15 09:30,NY,VALIDATED_SOURCE,NQZ5,-118.0,CTRL_100MS_CAP_0P5,CONTROLLER_MARKET,ONE_POINT_FROM_FILL,0,RESOLVED,BUY,2025-09-15 13:30:00.029880037+00:00,24419.25,2025-09-15 13:30:00.130314537+00:00,24419.25,24434.75,24418.25,True,LIVE_STOP,2025-09-15 13:30:00.133939197+00:00,24418.25,-49.0,69.0,0.0,0.25,0.009570768,,
2224,2025-09-15 09:30,NY,VALIDATED_SOURCE,NQZ5,-118.0,CTRL_100MS_CAP_0P5,CONTROLLER_MARKET,ONE_POINT_FROM_FILL,1,RESOLVED,BUY,2025-09-15 13:30:00.029880037+00:00,24419.25,2025-09-15 13:30:00.130314537+00:00,24419.5,24434.75,24418.5,True,LIVE_STOP,2025-09-15 13:30:00.130511597+00:00,24418.25,-59.0,59.0,0.25,0.25,0.009570768,,
2224,2025-09-15 09:30,NY,VALIDATED_SOURCE,NQZ5,-118.0,CTRL_100MS_CAP_0P5,CONTROLLER_MARKET,ONE_POINT_FROM_FILL,2,RESOLVED,BUY,2025-09-15 13:30:00.029880037+00:00,24419.25,2025-09-15 13:30:00.130314537+00:00,24419.75,24434.75,24418.75,True,LIVE_STOP,2025-09-15 13:30:00.130384921+00:00,24418.25,-69.0,49.0,0.5,0.25,0.009570768,,
2224,2025-09-15 09:30,NY,VALIDATED_SOURCE,NQZ5,-118.0,CTRL_100MS_CAP_0P5,CONTROLLER_MARKET,ONE_POINT_FROM_FILL,4,SKIP_CHASE_CAP,BUY,2025-09-15 13:30:00.029880037+00:00,24419.25,,24420.25,,,False,,,,0.0,118.0,1.0,0.25,,99.0,
2224,2025-09-15 09:30,NY,VALIDATED_SOURCE,NQZ5,-118.0,CTRL_250MS_CAP_1P0,CONTROLLER_MARKET,ORIGINAL_SURVIVOR_STOP,0,RESOLVED,BUY,2025-09-15 13:30:00.029880037+00:00,24419.25,2025-09-15 13:30:00.300207463+00:00,24419.5,24434.75,24417.75,True,LIVE_STOP,2025-09-15 13:30:00.342874029+00:00,24418.0,-69.0,49.0,0.25,0.5,0.009570768,,
2224,2025-09-15 09:30,NY,VALIDATED_SOURCE,NQZ5,-118.0,CTRL_250MS_CAP_1P0,CONTROLLER_MARKET,ORIGINAL_SURVIVOR_STOP,1,RESOLVED,BUY,2025-09-15 13:30:00.029880037+00:00,24419.25,2025-09-15 13:30:00.300207463+00:00,24419.75,24434.75,24417.75,True,LIVE_STOP,2025-09-15 13:30:00.342874029+00:00,24417.75,-89.0,29.0,0.5,0.5,0.009570768,,
2224,2025-09-15 09:30,NY,VALIDATED_SOURCE,NQZ5,-118.0,CTRL_250MS_CAP_1P0,CONTROLLER_MARKET,ORIGINAL_SURVIVOR_STOP,2,RESOLVED,BUY,2025-09-15 13:30:00.029880037+00:00,24419.25,2025-09-15 13:30:00.300207463+00:00,24420.0,24434.75,24417.75,True,LIVE_STOP,2025-09-15 13:30:00.342874029+00:00,24417.5,-109.0,9.0,0.75,0.5,0.009570768,,
2224,2025-09-15 09:30,NY,VALIDATED_SOURCE,NQZ5,-118.0,CTRL_250MS_CAP_1P0,CONTROLLER_MARKET,ORIGINAL_SURVIVOR_STOP,4,SKIP_CHASE_CAP,BUY,2025-09-15 13:30:00.029880037+00:00,24419.25,,24420.5,,,False,,,,0.0,118.0,1.25,0.5,,145.0,
2224,2025-09-15 09:30,NY,VALIDATED_SOURCE,NQZ5,-118.0,CTRL_250MS_CAP_1P0,CONTROLLER_MARKET,ONE_POINT_FROM_FILL,0,RESOLVED,BUY,2025-09-15 13:30:00.029880037+00:00,24419.25,2025-09-15 13:30:00.300207463+00:00,24419.5,24434.75,24418.5,True,LIVE_STOP,2025-09-15 13:30:00.323143997+00:00,24418.5,-49.0,69.0,0.25,0.5,0.009570768,,
2224,2025-09-15 09:30,NY,VALIDATED_SOURCE,NQZ5,-118.0,CTRL_250MS_CAP_1P0,CONTROLLER_MARKET,ONE_POINT_FROM_FILL,1,RESOLVED,BUY,2025-09-15 13:30:00.029880037+00:00,24419.25,2025-09-15 13:30:00.300207463+00:00,24419.75,24434.75,24418.75,True,LIVE_STOP,2025-09-15 13:30:00.323143997+00:00,24418.25,-69.0,49.0,0.5,0.5,0.009570768,,
2224,2025-09-15 09:30,NY,VALIDATED_SOURCE,NQZ5,-118.0,CTRL_250MS_CAP_1P0,CONTROLLER_MARKET,ONE_POINT_FROM_FILL,2,RESOLVED,BUY,2025-09-15 13:30:00.029880037+00:00,24419.25,2025-09-15 13:30:00.300207463+00:00,24420.0,24434.75,24419.0,True,LIVE_STOP,2025-09-15 13:30:00.300207463+00:00,24418.5,-69.0,49.0,0.75,0.5,0.009570768,,
2224,2025-09-15 09:30,NY,VALIDATED_SOURCE,NQZ5,-118.0,CTRL_250MS_CAP_1P0,CONTROLLER_MARKET,ONE_POINT_FROM_FILL,4,SKIP_CHASE_CAP,BUY,2025-09-15 13:30:00.029880037+00:00,24419.25,,24420.5,,,False,,,,0.0,118.0,1.25,0.5,,145.0,
2224,2025-09-15 09:30,NY,VALIDATED_SOURCE,NQZ5,-118.0,CTRL_500MS_CAP_1P0,CONTROLLER_MARKET,ORIGINAL_SURVIVOR_STOP,0,RESOLVED,BUY,2025-09-15 13:30:00.029880037+00:00,24419.25,2025-09-15 13:30:00.539738523+00:00,24417.5,24434.75,24417.75,True,LIVE_STOP,2025-09-15 13:30:00.539738523+00:00,24417.25,-19.0,99.0,0.0,0.25,0.009570768,,
2224,2025-09-15 09:30,NY,VALIDATED_SOURCE,NQZ5,-118.0,CTRL_500MS_CAP_1P0,CONTROLLER_MARKET,ORIGINAL_SURVIVOR_STOP,1,RESOLVED,BUY,2025-09-15 13:30:00.029880037+00:00,24419.25,2025-09-15 13:30:00.539738523+00:00,24417.75,24434.75,24417.75,True,LIVE_STOP,2025-09-15 13:30:00.539738523+00:00,24417.0,-39.0,79.0,0.0,0.25,0.009570768,,
2224,2025-09-15 09:30,NY,VALIDATED_SOURCE,NQZ5,-118.0,CTRL_500MS_CAP_1P0,CONTROLLER_MARKET,ORIGINAL_SURVIVOR_STOP,2,RESOLVED,BUY,2025-09-15 13:30:00.029880037+00:00,24419.25,2025-09-15 13:30:00.539738523+00:00,24418.0,24434.75,24417.75,True,LIVE_STOP,2025-09-15 13:30:00.539738523+00:00,24416.75,-59.0,59.0,0.0,0.25,0.009570768,,
2224,2025-09-15 09:30,NY,VALIDATED_SOURCE,NQZ5,-118.0,CTRL_500MS_CAP_1P0,CONTROLLER_MARKET,ORIGINAL_SURVIVOR_STOP,4,RESOLVED,BUY,2025-09-15 13:30:00.029880037+00:00,24419.25,2025-09-15 13:30:00.539738523+00:00,24418.5,24434.75,24417.75,True,LIVE_STOP,2025-09-15 13:30:00.539738523+00:00,24416.25,-99.0,19.0,0.0,0.25,0.009570768,,
2224,2025-09-15 09:30,NY,VALIDATED_SOURCE,NQZ5,-118.0,CTRL_500MS_CAP_1P0,CONTROLLER_MARKET,ONE_POINT_FROM_FILL,0,RESOLVED,BUY,2025-09-15 13:30:00.029880037+00:00,24419.25,2025-09-15 13:30:00.539738523+00:00,24417.5,24434.75,24416.5,True,LIVE_STOP,2025-09-15 13:30:00.597782243+00:00,24416.5,-49.0,69.0,0.0,0.25,0.009570768,,
2224,2025-09-15 09:30,NY,VALIDATED_SOURCE,NQZ5,-118.0,CTRL_500MS_CAP_1P0,CONTROLLER_MARKET,ONE_POINT_FROM_FILL,1,RESOLVED,BUY,2025-09-15 13:30:00.029880037+00:00,24419.25,2025-09-15 13:30:00.539738523+00:00,24417.75,24434.75,24416.75,True,LIVE_STOP,2025-09-15 13:30:00.597782243+00:00,24416.25,-69.0,49.0,0.0,0.25,0.009570768,,
2224,2025-09-15 09:30,NY,VALIDATED_SOURCE,NQZ5,-118.0,CTRL_500MS_CAP_1P0,CONTROLLER_MARKET,ONE_POINT_FROM_FILL,2,RESOLVED,BUY,2025-09-15 13:30:00.029880037+00:00,24419.25,2025-09-15 13:30:00.539738523+00:00,24418.0,24434.75,24417.0,True,LIVE_STOP,2025-09-15 13:30:00.560623763+00:00,24416.5,-69.0,49.0,0.0,0.25,0.009570768,,
2224,2025-09-15 09:30,NY,VALIDATED_SOURCE,NQZ5,-118.0,CTRL_500MS_CAP_1P0,CONTROLLER_MARKET,ONE_POINT_FROM_FILL,4,RESOLVED,BUY,2025-09-15 13:30:00.029880037+00:00,24419.25,2025-09-15 13:30:00.539738523+00:00,24418.5,24434.75,24417.5,True,LIVE_STOP,2025-09-15 13:30:00.539738523+00:00,24416.25,-99.0,19.0,0.0,0.25,0.009570768,,
2224,2025-09-15 09:30,NY,VALIDATED_SOURCE,NQZ5,-118.0,CTRL_1S_CAP_2P0,CONTROLLER_MARKET,ORIGINAL_SURVIVOR_STOP,0,RESOLVED,BUY,2025-09-15 13:30:00.029880037+00:00,24419.25,2025-09-15 13:30:01.029992951+00:00,24415.25,24434.75,24417.75,True,LIVE_STOP,2025-09-15 13:30:01.029992951+00:00,24415.0,-19.0,99.0,0.0,0.25,0.009570768,,
2224,2025-09-15 09:30,NY,VALIDATED_SOURCE,NQZ5,-118.0,CTRL_1S_CAP_2P0,CONTROLLER_MARKET,ORIGINAL_SURVIVOR_STOP,1,RESOLVED,BUY,2025-09-15 13:30:00.029880037+00:00,24419.25,2025-09-15 13:30:01.029992951+00:00,24415.5,24434.75,24417.75,True,LIVE_STOP,2025-09-15 13:30:01.029992951+00:00,24414.75,-39.0,79.0,0.0,0.25,0.009570768,,
2224,2025-09-15 09:30,NY,VALIDATED_SOURCE,NQZ5,-118.0,CTRL_1S_CAP_2P0,CONTROLLER_MARKET,ORIGINAL_SURVIVOR_STOP,2,RESOLVED,BUY,2025-09-15 13:30:00.029880037+00:00,24419.25,2025-09-15 13:30:01.029992951+00:00,24415.75,24434.75,24417.75,True,LIVE_STOP,2025-09-15 13:30:01.029992951+00:00,24414.5,-59.0,59.0,0.0,0.25,0.009570768,,
2224,2025-09-15 09:30,NY,VALIDATED_SOURCE,NQZ5,-118.0,CTRL_1S_CAP_2P0,CONTROLLER_MARKET,ORIGINAL_SURVIVOR_STOP,4,RESOLVED,BUY,2025-09-15 13:30:00.029880037+00:00,24419.25,2025-09-15 13:30:01.029992951+00:00,24416.25,24434.75,24417.75,True,LIVE_STOP,2025-09-15 13:30:01.029992951+00:00,24414.0,-99.0,19.0,0.0,0.25,0.009570768,,
2224,2025-09-15 09:30,NY,VALIDATED_SOURCE,NQZ5,-118.0,CTRL_1S_CAP_2P0,CONTROLLER_MARKET,ONE_POINT_FROM_FILL,0,RESOLVED,BUY,2025-09-15 13:30:00.029880037+00:00,24419.25,2025-09-15 13:30:01.029992951+00:00,24415.25,24434.75,24414.25,True,LIVE_STOP,2025-09-15 13:30:01.087519347+00:00,24414.25,-49.0,69.0,0.0,0.25,0.009570768,,
2224,2025-09-15 09:30,NY,VALIDATED_SOURCE,NQZ5,-118.0,CTRL_1S_CAP_2P0,CONTROLLER_MARKET,ONE_POINT_FROM_FILL,1,RESOLVED,BUY,2025-09-15 13:30:00.029880037+00:00,24419.25,2025-09-15 13:30:01.029992951+00:00,24415.5,24434.75,24414.5,True,LIVE_STOP,2025-09-15 13:30:01.053711123+00:00,24414.25,-59.0,59.0,0.0,0.25,0.009570768,,
2224,2025-09-15 09:30,NY,VALIDATED_SOURCE,NQZ5,-118.0,CTRL_1S_CAP_2P0,CONTROLLER_MARKET,ONE_POINT_FROM_FILL,2,RESOLVED,BUY,2025-09-15 13:30:00.029880037+00:00,24419.25,2025-09-15 13:30:01.029992951+00:00,24415.75,24434.75,24414.75,True,LIVE_STOP,2025-09-15 13:30:01.039234069+00:00,24414.25,-69.0,49.0,0.0,0.25,0.009570768,,
2224,2025-09-15 09:30,NY,VALIDATED_SOURCE,NQZ5,-118.0,CTRL_1S_CAP_2P0,CONTROLLER_MARKET,ONE_POINT_FROM_FILL,4,RESOLVED,BUY,2025-09-15 13:30:00.029880037+00:00,24419.25,2025-09-15 13:30:01.029992951+00:00,24416.25,24434.75,24415.25,True,LIVE_STOP,2025-09-15 13:30:01.029992951+00:00,24414.0,-99.0,19.0,0.0,0.25,0.009570768,,
2225,2025-09-16 09:30,NY,VALIDATED_SOURCE,NQZ5,-118.0,OCO_LIMIT_0P5_TTL_1S,OCO_STOP_LIMIT,ORIGINAL_SURVIVOR_STOP,0,RESOLVED,BUY,2025-09-16 13:30:00.022596787+00:00,24589.0,2025-09-16 13:30:00.022596787+00:00,24588.75,24604.5,24587.5,True,LIVE_STOP,2025-09-16 13:30:00.138490135+00:00,24587.0,-79.0,39.0,0.0,0.75,0.00877602,,
2225,2025-09-16 09:30,NY,VALIDATED_SOURCE,NQZ5,-118.0,OCO_LIMIT_0P5_TTL_1S,OCO_STOP_LIMIT,ORIGINAL_SURVIVOR_STOP,1,RESOLVED,BUY,2025-09-16 13:30:00.022596787+00:00,24589.0,2025-09-16 13:30:00.022596787+00:00,24589.0,24604.5,24587.5,True,LIVE_STOP,2025-09-16 13:30:00.138490135+00:00,24586.75,-99.0,19.0,0.0,0.75,0.00877602,,
2225,2025-09-16 09:30,NY,VALIDATED_SOURCE,NQZ5,-118.0,OCO_LIMIT_0P5_TTL_1S,OCO_STOP_LIMIT,ORIGINAL_SURVIVOR_STOP,2,RESOLVED,BUY,2025-09-16 13:30:00.022596787+00:00,24589.0,2025-09-16 13:30:00.022596787+00:00,24589.25,24604.5,24587.5,True,LIVE_STOP,2025-09-16 13:30:00.138490135+00:00,24586.5,-119.0,-1.0,0.25,0.75,0.00877602,,
2225,2025-09-16 09:30,NY,VALIDATED_SOURCE,NQZ5,-118.0,OCO_LIMIT_0P5_TTL_1S,OCO_STOP_LIMIT,ORIGINAL_SURVIVOR_STOP,4,RESOLVED,BUY,2025-09-16 13:30:00.022596787+00:00,24589.0,2025-09-16 13:30:00.022596787+00:00,24589.5,24604.5,24587.5,True,LIVE_STOP,2025-09-16 13:30:00.138490135+00:00,24586.0,-149.0,-31.0,0.5,0.75,0.00877602,,
2225,2025-09-16 09:30,NY,VALIDATED_SOURCE,NQZ5,-118.0,OCO_LIMIT_0P5_TTL_1S,OCO_STOP_LIMIT,ONE_POINT_FROM_FILL,0,RESOLVED,BUY,2025-09-16 13:30:00.022596787+00:00,24589.0,2025-09-16 13:30:00.022596787+00:00,24588.75,24604.5,24587.75,True,LIVE_STOP,2025-09-16 13:30:00.131886037+00:00,24587.75,-49.0,69.0,0.0,0.75,0.00877602,,
2225,2025-09-16 09:30,NY,VALIDATED_SOURCE,NQZ5,-118.0,OCO_LIMIT_0P5_TTL_1S,OCO_STOP_LIMIT,ONE_POINT_FROM_FILL,1,RESOLVED,BUY,2025-09-16 13:30:00.022596787+00:00,24589.0,2025-09-16 13:30:00.022596787+00:00,24589.0,24604.5,24588.0,True,LIVE_STOP,2025-09-16 13:30:00.022596787+00:00,24587.75,-59.0,59.0,0.0,0.75,0.00877602,,
2225,2025-09-16 09:30,NY,VALIDATED_SOURCE,NQZ5,-118.0,OCO_LIMIT_0P5_TTL_1S,OCO_STOP_LIMIT,ONE_POINT_FROM_FILL,2,RESOLVED,BUY,2025-09-16 13:30:00.022596787+00:00,24589.0,2025-09-16 13:30:00.022596787+00:00,24589.25,24604.5,24588.25,True,LIVE_STOP,2025-09-16 13:30:00.022596787+00:00,24587.5,-79.0,39.0,0.25,0.75,0.00877602,,
2225,2025-09-16 09:30,NY,VALIDATED_SOURCE,NQZ5,-118.0,OCO_LIMIT_0P5_TTL_1S,OCO_STOP_LIMIT,ONE_POINT_FROM_FILL,4,RESOLVED,BUY,2025-09-16 13:30:00.022596787+00:00,24589.0,2025-09-16 13:30:00.022596787+00:00,24589.5,24604.5,24588.5,True,LIVE_STOP,2025-09-16 13:30:00.022596787+00:00,24587.0,-109.0,9.0,0.5,0.75,0.00877602,,
2225,2025-09-16 09:30,NY,VALIDATED_SOURCE,NQZ5,-118.0,OCO_LIMIT_1P0_TTL_1S,OCO_STOP_LIMIT,ORIGINAL_SURVIVOR_STOP,0,RESOLVED,BUY,2025-09-16 13:30:00.022596787+00:00,24589.0,2025-09-16 13:30:00.022596787+00:00,24588.75,24604.5,24587.5,True,LIVE_STOP,2025-09-16 13:30:00.138490135+00:00,24587.0,-79.0,39.0,0.0,0.75,0.00877602,,
2225,2025-09-16 09:30,NY,VALIDATED_SOURCE,NQZ5,-118.0,OCO_LIMIT_1P0_TTL_1S,OCO_STOP_LIMIT,ORIGINAL_SURVIVOR_STOP,1,RESOLVED,BUY,2025-09-16 13:30:00.022596787+00:00,24589.0,2025-09-16 13:30:00.022596787+00:00,24589.0,24604.5,24587.5,True,LIVE_STOP,2025-09-16 13:30:00.138490135+00:00,24586.75,-99.0,19.0,0.0,0.75,0.00877602,,
2225,2025-09-16 09:30,NY,VALIDATED_SOURCE,NQZ5,-118.0,OCO_LIMIT_1P0_TTL_1S,OCO_STOP_LIMIT,ORIGINAL_SURVIVOR_STOP,2,RESOLVED,BUY,2025-09-16 13:30:00.022596787+00:00,24589.0,2025-09-16 13:30:00.022596787+00:00,24589.25,24604.5,24587.5,True,LIVE_STOP,2025-09-16 13:30:00.138490135+00:00,24586.5,-119.0,-1.0,0.25,0.75,0.00877602,,
2225,2025-09-16 09:30,NY,VALIDATED_SOURCE,NQZ5,-118.0,OCO_LIMIT_1P0_TTL_1S,OCO_STOP_LIMIT,ORIGINAL_SURVIVOR_STOP,4,RESOLVED,BUY,2025-09-16 13:30:00.022596787+00:00,24589.0,2025-09-16 13:30:00.022596787+00:00,24589.75,24604.5,24587.5,True,LIVE_STOP,2025-09-16 13:30:00.138490135+00:00,24586.0,-159.0,-41.0,0.75,0.75,0.00877602,,
2225,2025-09-16 09:30,NY,VALIDATED_SOURCE,NQZ5,-118.0,OCO_LIMIT_1P0_TTL_1S,OCO_STOP_LIMIT,ONE_POINT_FROM_FILL,0,RESOLVED,BUY,2025-09-16 13:30:00.022596787+00:00,24589.0,2025-09-16 13:30:00.022596787+00:00,24588.75,24604.5,24587.75,True,LIVE_STOP,2025-09-16 13:30:00.131886037+00:00,24587.75,-49.0,69.0,0.0,0.75,0.00877602,,
2225,2025-09-16 09:30,NY,VALIDATED_SOURCE,NQZ5,-118.0,OCO_LIMIT_1P0_TTL_1S,OCO_STOP_LIMIT,ONE_POINT_FROM_FILL,1,RESOLVED,BUY,2025-09-16 13:30:00.022596787+00:00,24589.0,2025-09-16 13:30:00.022596787+00:00,24589.0,24604.5,24588.0,True,LIVE_STOP,2025-09-16 13:30:00.022596787+00:00,24587.75,-59.0,59.0,0.0,0.75,0.00877602,,
2225,2025-09-16 09:30,NY,VALIDATED_SOURCE,NQZ5,-118.0,OCO_LIMIT_1P0_TTL_1S,OCO_STOP_LIMIT,ONE_POINT_FROM_FILL,2,RESOLVED,BUY,2025-09-16 13:30:00.022596787+00:00,24589.0,2025-09-16 13:30:00.022596787+00:00,24589.25,24604.5,24588.25,True,LIVE_STOP,2025-09-16 13:30:00.022596787+00:00,24587.5,-79.0,39.0,0.25,0.75,0.00877602,,
2225,2025-09-16 09:30,NY,VALIDATED_SOURCE,NQZ5,-118.0,OCO_LIMIT_1P0_TTL_1S,OCO_STOP_LIMIT,ONE_POINT_FROM_FILL,4,RESOLVED,BUY,2025-09-16 13:30:00.022596787+00:00,24589.0,2025-09-16 13:30:00.022596787+00:00,24589.75,24604.5,24588.75,True,LIVE_STOP,2025-09-16 13:30:00.022596787+00:00,24587.0,-119.0,-1.0,0.75,0.75,0.00877602,,
2225,2025-09-16 09:30,NY,VALIDATED_SOURCE,NQZ5,-118.0,OCO_LIMIT_2P0_TTL_1S,OCO_STOP_LIMIT,ORIGINAL_SURVIVOR_STOP,0,RESOLVED,BUY,2025-09-16 13:30:00.022596787+00:00,24589.0,2025-09-16 13:30:00.022596787+00:00,24588.75,24604.5,24587.5,True,LIVE_STOP,2025-09-16 13:30:00.138490135+00:00,24587.0,-79.0,39.0,0.0,0.75,0.00877602,,
2225,2025-09-16 09:30,NY,VALIDATED_SOURCE,NQZ5,-118.0,OCO_LIMIT_2P0_TTL_1S,OCO_STOP_LIMIT,ORIGINAL_SURVIVOR_STOP,1,RESOLVED,BUY,2025-09-16 13:30:00.022596787+00:00,24589.0,2025-09-16 13:30:00.022596787+00:00,24589.0,24604.5,24587.5,True,LIVE_STOP,2025-09-16 13:30:00.138490135+00:00,24586.75,-99.0,19.0,0.0,0.75,0.00877602,,
2225,2025-09-16 09:30,NY,VALIDATED_SOURCE,NQZ5,-118.0,OCO_LIMIT_2P0_TTL_1S,OCO_STOP_LIMIT,ORIGINAL_SURVIVOR_STOP,2,RESOLVED,BUY,2025-09-16 13:30:00.022596787+00:00,24589.0,2025-09-16 13:30:00.022596787+00:00,24589.25,24604.5,24587.5,True,LIVE_STOP,2025-09-16 13:30:00.138490135+00:00,24586.5,-119.0,-1.0,0.25,0.75,0.00877602,,
2225,2025-09-16 09:30,NY,VALIDATED_SOURCE,NQZ5,-118.0,OCO_LIMIT_2P0_TTL_1S,OCO_STOP_LIMIT,ORIGINAL_SURVIVOR_STOP,4,RESOLVED,BUY,2025-09-16 13:30:00.022596787+00:00,24589.0,2025-09-16 13:30:00.022596787+00:00,24589.75,24604.5,24587.5,True,LIVE_STOP,2025-09-16 13:30:00.138490135+00:00,24586.0,-159.0,-41.0,0.75,0.75,0.00877602,,
2225,2025-09-16 09:30,NY,VALIDATED_SOURCE,NQZ5,-118.0,OCO_LIMIT_2P0_TTL_1S,OCO_STOP_LIMIT,ONE_POINT_FROM_FILL,0,RESOLVED,BUY,2025-09-16 13:30:00.022596787+00:00,24589.0,2025-09-16 13:30:00.022596787+00:00,24588.75,24604.5,24587.75,True,LIVE_STOP,2025-09-16 13:30:00.131886037+00:00,24587.75,-49.0,69.0,0.0,0.75,0.00877602,,
2225,2025-09-16 09:30,NY,VALIDATED_SOURCE,NQZ5,-118.0,OCO_LIMIT_2P0_TTL_1S,OCO_STOP_LIMIT,ONE_POINT_FROM_FILL,1,RESOLVED,BUY,2025-09-16 13:30:00.022596787+00:00,24589.0,2025-09-16 13:30:00.022596787+00:00,24589.0,24604.5,24588.0,True,LIVE_STOP,2025-09-16 13:30:00.022596787+00:00,24587.75,-59.0,59.0,0.0,0.75,0.00877602,,
2225,2025-09-16 09:30,NY,VALIDATED_SOURCE,NQZ5,-118.0,OCO_LIMIT_2P0_TTL_1S,OCO_STOP_LIMIT,ONE_POINT_FROM_FILL,2,RESOLVED,BUY,2025-09-16 13:30:00.022596787+00:00,24589.0,2025-09-16 13:30:00.022596787+00:00,24589.25,24604.5,24588.25,True,LIVE_STOP,2025-09-16 13:30:00.022596787+00:00,24587.5,-79.0,39.0,0.25,0.75,0.00877602,,
2225,2025-09-16 09:30,NY,VALIDATED_SOURCE,NQZ5,-118.0,OCO_LIMIT_2P0_TTL_1S,OCO_STOP_LIMIT,ONE_POINT_FROM_FILL,4,RESOLVED,BUY,2025-09-16 13:30:00.022596787+00:00,24589.0,2025-09-16 13:30:00.022596787+00:00,24589.75,24604.5,24588.75,True,LIVE_STOP,2025-09-16 13:30:00.022596787+00:00,24587.0,-119.0,-1.0,0.75,0.75,0.00877602,,
2225,2025-09-16 09:30,NY,VALIDATED_SOURCE,NQZ5,-118.0,CTRL_100MS_CAP_0P5,CONTROLLER_MARKET,ORIGINAL_SURVIVOR_STOP,0,RESOLVED,BUY,2025-09-16 13:30:00.022596787+00:00,24589.0,2025-09-16 13:30:00.131497425+00:00,24588.25,24604.5,24587.5,True,LIVE_STOP,2025-09-16 13:30:00.138490135+00:00,24587.0,-59.0,59.0,0.0,0.25,0.00877602,,
2225,2025-09-16 09:30,NY,VALIDATED_SOURCE,NQZ5,-118.0,CTRL_100MS_CAP_0P5,CONTROLLER_MARKET,ORIGINAL_SURVIVOR_STOP,1,RESOLVED,BUY,2025-09-16 13:30:00.022596787+00:00,24589.0,2025-09-16 13:30:00.131497425+00:00,24588.5,24604.5,24587.5,True,LIVE_STOP,2025-09-16 13:30:00.138490135+00:00,24586.75,-79.0,39.0,0.0,0.25,0.00877602,,
2225,2025-09-16 09:30,NY,VALIDATED_SOURCE,NQZ5,-118.0,CTRL_100MS_CAP_0P5,CONTROLLER_MARKET,ORIGINAL_SURVIVOR_STOP,2,RESOLVED,BUY,2025-09-16 13:30:00.022596787+00:00,24589.0,2025-09-16 13:30:00.131497425+00:00,24588.75,24604.5,24587.5,True,LIVE_STOP,2025-09-16 13:30:00.138490135+00:00,24586.5,-99.0,19.0,0.0,0.25,0.00877602,,
2225,2025-09-16 09:30,NY,VALIDATED_SOURCE,NQZ5,-118.0,CTRL_100MS_CAP_0P5,CONTROLLER_MARKET,ORIGINAL_SURVIVOR_STOP,4,RESOLVED,BUY,2025-09-16 13:30:00.022596787+00:00,24589.0,2025-09-16 13:30:00.131497425+00:00,24589.25,24604.5,24587.5,True,LIVE_STOP,2025-09-16 13:30:00.138490135+00:00,24586.0,-139.0,-21.0,0.25,0.25,0.00877602,,
2225,2025-09-16 09:30,NY,VALIDATED_SOURCE,NQZ5,-118.0,CTRL_100MS_CAP_0P5,CONTROLLER_MARKET,ONE_POINT_FROM_FILL,0,RESOLVED,BUY,2025-09-16 13:30:00.022596787+00:00,24589.0,2025-09-16 13:30:00.131497425+00:00,24588.25,24604.5,24587.25,True,LIVE_STOP,2025-09-16 13:30:00.138490135+00:00,24587.0,-59.0,59.0,0.0,0.25,0.00877602,,
2225,2025-09-16 09:30,NY,VALIDATED_SOURCE,NQZ5,-118.0,CTRL_100MS_CAP_0P5,CONTROLLER_MARKET,ONE_POINT_FROM_FILL,1,RESOLVED,BUY,2025-09-16 13:30:00.022596787+00:00,24589.0,2025-09-16 13:30:00.131497425+00:00,24588.5,24604.5,24587.5,True,LIVE_STOP,2025-09-16 13:30:00.138490135+00:00,24586.75,-79.0,39.0,0.0,0.25,0.00877602,,
2225,2025-09-16 09:30,NY,VALIDATED_SOURCE,NQZ5,-118.0,CTRL_100MS_CAP_0P5,CONTROLLER_MARKET,ONE_POINT_FROM_FILL,2,RESOLVED,BUY,2025-09-16 13:30:00.022596787+00:00,24589.0,2025-09-16 13:30:00.131497425+00:00,24588.75,24604.5,24587.75,True,LIVE_STOP,2025-09-16 13:30:00.131886037+00:00,24587.25,-69.0,49.0,0.0,0.25,0.00877602,,
2225,2025-09-16 09:30,NY,VALIDATED_SOURCE,NQZ5,-118.0,CTRL_100MS_CAP_0P5,CONTROLLER_MARKET,ONE_POINT_FROM_FILL,4,RESOLVED,BUY,2025-09-16 13:30:00.022596787+00:00,24589.0,2025-09-16 13:30:00.131497425+00:00,24589.25,24604.5,24588.25,True,LIVE_STOP,2025-09-16 13:30:00.131497425+00:00,24587.0,-99.0,19.0,0.25,0.25,0.00877602,,
2225,2025-09-16 09:30,NY,VALIDATED_SOURCE,NQZ5,-118.0,CTRL_250MS_CAP_1P0,CONTROLLER_MARKET,ORIGINAL_SURVIVOR_STOP,0,SKIP_CHASE_CAP,BUY,2025-09-16 13:30:00.022596787+00:00,24589.0,,24590.5,,,False,,,,0.0,118.0,1.5,0.5,,111.0,
2225,2025-09-16 09:30,NY,VALIDATED_SOURCE,NQZ5,-118.0,CTRL_250MS_CAP_1P0,CONTROLLER_MARKET,ORIGINAL_SURVIVOR_STOP,1,SKIP_CHASE_CAP,BUY,2025-09-16 13:30:00.022596787+00:00,24589.0,,24590.75,,,False,,,,0.0,118.0,1.75,0.5,,111.0,
2225,2025-09-16 09:30,NY,VALIDATED_SOURCE,NQZ5,-118.0,CTRL_250MS_CAP_1P0,CONTROLLER_MARKET,ORIGINAL_SURVIVOR_STOP,2,SKIP_CHASE_CAP,BUY,2025-09-16 13:30:00.022596787+00:00,24589.0,,24591.0,,,False,,,,0.0,118.0,2.0,0.5,,111.0,
2225,2025-09-16 09:30,NY,VALIDATED_SOURCE,NQZ5,-118.0,CTRL_250MS_CAP_1P0,CONTROLLER_MARKET,ORIGINAL_SURVIVOR_STOP,4,SKIP_CHASE_CAP,BUY,2025-09-16 13:30:00.022596787+00:00,24589.0,,24591.5,,,False,,,,0.0,118.0,2.5,0.5,,111.0,
2225,2025-09-16 09:30,NY,VALIDATED_SOURCE,NQZ5,-118.0,CTRL_250MS_CAP_1P0,CONTROLLER_MARKET,ONE_POINT_FROM_FILL,0,SKIP_CHASE_CAP,BUY,2025-09-16 13:30:00.022596787+00:00,24589.0,,24590.5,,,False,,,,0.0,118.0,1.5,0.5,,111.0,
2225,2025-09-16 09:30,NY,VALIDATED_SOURCE,NQZ5,-118.0,CTRL_250MS_CAP_1P0,CONTROLLER_MARKET,ONE_POINT_FROM_FILL,1,SKIP_CHASE_CAP,BUY,2025-09-16 13:30:00.022596787+00:00,24589.0,,24590.75,,,False,,,,0.0,118.0,1.75,0.5,,111.0,
2225,2025-09-16 09:30,NY,VALIDATED_SOURCE,NQZ5,-118.0,CTRL_250MS_CAP_1P0,CONTROLLER_MARKET,ONE_POINT_FROM_FILL,2,SKIP_CHASE_CAP,BUY,2025-09-16 13:30:00.022596787+00:00,24589.0,,24591.0,,,False,,,,0.0,118.0,2.0,0.5,,111.0,
2225,2025-09-16 09:30,NY,VALIDATED_SOURCE,NQZ5,-118.0,CTRL_250MS_CAP_1P0,CONTROLLER_MARKET,ONE_POINT_FROM_FILL,4,SKIP_CHASE_CAP,BUY,2025-09-16 13:30:00.022596787+00:00,24589.0,,24591.5,,,False,,,,0.0,118.0,2.5,0.5,,111.0,
2225,2025-09-16 09:30,NY,VALIDATED_SOURCE,NQZ5,-118.0,CTRL_500MS_CAP_1P0,CONTROLLER_MARKET,ORIGINAL_SURVIVOR_STOP,0,RESOLVED,BUY,2025-09-16 13:30:00.022596787+00:00,24589.0,2025-09-16 13:30:00.523524723+00:00,24586.75,24604.5,24587.5,True,LIVE_STOP,2025-09-16 13:30:00.523524723+00:00,24586.0,-39.0,79.0,0.0,0.75,0.00877602,,
2225,2025-09-16 09:30,NY,VALIDATED_SOURCE,NQZ5,-118.0,CTRL_500MS_CAP_1P0,CONTROLLER_MARKET,ORIGINAL_SURVIVOR_STOP,1,RESOLVED,BUY,2025-09-16 13:30:00.022596787+00:00,24589.0,2025-09-16 13:30:00.523524723+00:00,24587.0,24604.5,24587.5,True,LIVE_STOP,2025-09-16 13:30:00.523524723+00:00,24585.75,-59.0,59.0,0.0,0.75,0.00877602,,
2225,2025-09-16 09:30,NY,VALIDATED_SOURCE,NQZ5,-118.0,CTRL_500MS_CAP_1P0,CONTROLLER_MARKET,ORIGINAL_SURVIVOR_STOP,2,RESOLVED,BUY,2025-09-16 13:30:00.022596787+00:00,24589.0,2025-09-16 13:30:00.523524723+00:00,24587.25,24604.5,24587.5,True,LIVE_STOP,2025-09-16 13:30:00.523524723+00:00,24585.5,-79.0,39.0,0.0,0.75,0.00877602,,
2225,2025-09-16 09:30,NY,VALIDATED_SOURCE,NQZ5,-118.0,CTRL_500MS_CAP_1P0,CONTROLLER_MARKET,ORIGINAL_SURVIVOR_STOP,4,RESOLVED,BUY,2025-09-16 13:30:00.022596787+00:00,24589.0,2025-09-16 13:30:00.523524723+00:00,24587.75,24604.5,24587.5,True,LIVE_STOP,2025-09-16 13:30:00.523524723+00:00,24585.0,-119.0,-1.0,0.0,0.75,0.00877602,,
2225,2025-09-16 09:30,NY,VALIDATED_SOURCE,NQZ5,-118.0,CTRL_500MS_CAP_1P0,CONTROLLER_MARKET,ONE_POINT_FROM_FILL,0,RESOLVED,BUY,2025-09-16 13:30:00.022596787+00:00,24589.0,2025-09-16 13:30:00.523524723+00:00,24586.75,24604.5,24585.75,True,LIVE_STOP,2025-09-16 13:30:00.697303539+00:00,24587.25,11.0,129.0,0.0,0.75,0.00877602,,
2225,2025-09-16 09:30,NY,VALIDATED_SOURCE,NQZ5,-118.0,CTRL_500MS_CAP_1P0,CONTROLLER_MARKET,ONE_POINT_FROM_FILL,1,RESOLVED,BUY,2025-09-16 13:30:00.022596787+00:00,24589.0,2025-09-16 13:30:00.523524723+00:00,24587.0,24604.5,24586.0,True,LIVE_STOP,2025-09-16 13:30:00.523524723+00:00,24585.75,-59.0,59.0,0.0,0.75,0.00877602,,
2225,2025-09-16 09:30,NY,VALIDATED_SOURCE,NQZ5,-118.0,CTRL_500MS_CAP_1P0,CONTROLLER_MARKET,ONE_POINT_FROM_FILL,2,RESOLVED,BUY,2025-09-16 13:30:00.022596787+00:00,24589.0,2025-09-16 13:30:00.523524723+00:00,24587.25,24604.5,24586.25,True,LIVE_STOP,2025-09-16 13:30:00.523524723+00:00,24585.5,-79.0,39.0,0.0,0.75,0.00877602,,
2225,2025-09-16 09:30,NY,VALIDATED_SOURCE,NQZ5,-118.0,CTRL_500MS_CAP_1P0,CONTROLLER_MARKET,ONE_POINT_FROM_FILL,4,RESOLVED,BUY,2025-09-16 13:30:00.022596787+00:00,24589.0,2025-09-16 13:30:00.523524723+00:00,24587.75,24604.5,24586.75,True,LIVE_STOP,2025-09-16 13:30:00.523524723+00:00,24585.0,-119.0,-1.0,0.0,0.75,0.00877602,,
2225,2025-09-16 09:30,NY,VALIDATED_SOURCE,NQZ5,-118.0,CTRL_1S_CAP_2P0,CONTROLLER_MARKET,ORIGINAL_SURVIVOR_STOP,0,RESOLVED,BUY,2025-09-16 13:30:00.022596787+00:00,24589.0,2025-09-16 13:30:01.024826257+00:00,24589.25,24604.5,24587.5,True,LIVE_STOP,2025-09-16 13:30:10.726245339+00:00,24588.5,-39.0,79.0,0.25,0.25,0.00877602,,
2225,2025-09-16 09:30,NY,VALIDATED_SOURCE,NQZ5,-118.0,CTRL_1S_CAP_2P0,CONTROLLER_MARKET,ORIGINAL_SURVIVOR_STOP,1,RESOLVED,BUY,2025-09-16 13:30:00.022596787+00:00,24589.0,2025-09-16 13:30:01.024826257+00:00,24589.5,24604.5,24587.5,True,LIVE_STOP,2025-09-16 13:30:10.726245339+00:00,24588.25,-59.0,59.0,0.5,0.25,0.00877602,,
2225,2025-09-16 09:30,NY,VALIDATED_SOURCE,NQZ5,-118.0,CTRL_1S_CAP_2P0,CONTROLLER_MARKET,ORIGINAL_SURVIVOR_STOP,2,RESOLVED,BUY,2025-09-16 13:30:00.022596787+00:00,24589.0,2025-09-16 13:30:01.024826257+00:00,24589.75,24604.5,24587.5,True,LIVE_STOP,2025-09-16 13:30:10.726245339+00:00,24588.0,-79.0,39.0,0.75,0.25,0.00877602,,
2225,2025-09-16 09:30,NY,VALIDATED_SOURCE,NQZ5,-118.0,CTRL_1S_CAP_2P0,CONTROLLER_MARKET,ORIGINAL_SURVIVOR_STOP,4,RESOLVED,BUY,2025-09-16 13:30:00.022596787+00:00,24589.0,2025-09-16 13:30:01.024826257+00:00,24590.25,24604.5,24587.5,True,LIVE_STOP,2025-09-16 13:30:10.726245339+00:00,24587.5,-119.0,-1.0,1.25,0.25,0.00877602,,
2225,2025-09-16 09:30,NY,VALIDATED_SOURCE,NQZ5,-118.0,CTRL_1S_CAP_2P0,CONTROLLER_MARKET,ONE_POINT_FROM_FILL,0,RESOLVED,BUY,2025-09-16 13:30:00.022596787+00:00,24589.0,2025-09-16 13:30:01.024826257+00:00,24589.25,24604.5,24588.25,True,LIVE_STOP,2025-09-16 13:30:10.726245339+00:00,24588.5,-39.0,79.0,0.25,0.25,0.00877602,,
2225,2025-09-16 09:30,NY,VALIDATED_SOURCE,NQZ5,-118.0,CTRL_1S_CAP_2P0,CONTROLLER_MARKET,ONE_POINT_FROM_FILL,1,RESOLVED,BUY,2025-09-16 13:30:00.022596787+00:00,24589.0,2025-09-16 13:30:01.024826257+00:00,24589.5,24604.5,24588.5,True,LIVE_STOP,2025-09-16 13:30:10.398012771+00:00,24588.25,-59.0,59.0,0.5,0.25,0.00877602,,
2225,2025-09-16 09:30,NY,VALIDATED_SOURCE,NQZ5,-118.0,CTRL_1S_CAP_2P0,CONTROLLER_MARKET,ONE_POINT_FROM_FILL,2,RESOLVED,BUY,2025-09-16 13:30:00.022596787+00:00,24589.0,2025-09-16 13:30:01.024826257+00:00,24589.75,24604.5,24588.75,True,LIVE_STOP,2025-09-16 13:30:10.395656019+00:00,24588.25,-69.0,49.0,0.75,0.25,0.00877602,,
2225,2025-09-16 09:30,NY,VALIDATED_SOURCE,NQZ5,-118.0,CTRL_1S_CAP_2P0,CONTROLLER_MARKET,ONE_POINT_FROM_FILL,4,RESOLVED,BUY,2025-09-16 13:30:00.022596787+00:00,24589.0,2025-09-16 13:30:01.024826257+00:00,24590.25,24604.5,24589.25,True,LIVE_STOP,2025-09-16 13:30:01.024826257+00:00,24588.0,-99.0,19.0,1.25,0.25,0.00877602,,
2226,2025-09-17 09:30,NY,DIAGNOSTIC_ONLY_DEGRADED_SOURCE,NQZ5,572.0,OCO_LIMIT_0P5_TTL_1S,OCO_STOP_LIMIT,ORIGINAL_SURVIVOR_STOP,0,RESOLVED,BUY,2025-09-17 13:30:00.002117549+00:00,24521.75,2025-09-17 13:30:00.002117549+00:00,24521.75,24537.25,24520.25,True,ORIGINAL_TARGET,2025-09-17 13:30:14.097234225+00:00,24537.25,611.0,39.0,0.0,0.5,0.000989658,,
2226,2025-09-17 09:30,NY,DIAGNOSTIC_ONLY_DEGRADED_SOURCE,NQZ5,572.0,OCO_LIMIT_0P5_TTL_1S,OCO_STOP_LIMIT,ORIGINAL_SURVIVOR_STOP,1,RESOLVED,BUY,2025-09-17 13:30:00.002117549+00:00,24521.75,2025-09-17 13:30:00.002117549+00:00,24522.0,24537.25,24520.25,True,ORIGINAL_TARGET,2025-09-17 13:30:14.097234225+00:00,24537.25,601.0,29.0,0.25,0.5,0.000989658,,
2226,2025-09-17 09:30,NY,DIAGNOSTIC_ONLY_DEGRADED_SOURCE,NQZ5,572.0,OCO_LIMIT_0P5_TTL_1S,OCO_STOP_LIMIT,ORIGINAL_SURVIVOR_STOP,2,RESOLVED,BUY,2025-09-17 13:30:00.002117549+00:00,24521.75,2025-09-17 13:30:00.002117549+00:00,24522.25,24537.25,24520.25,True,ORIGINAL_TARGET,2025-09-17 13:30:14.097234225+00:00,24537.25,591.0,19.0,0.5,0.5,0.000989658,,
2226,2025-09-17 09:30,NY,DIAGNOSTIC_ONLY_DEGRADED_SOURCE,NQZ5,572.0,OCO_LIMIT_0P5_TTL_1S,OCO_STOP_LIMIT,ORIGINAL_SURVIVOR_STOP,4,RESOLVED,BUY,2025-09-17 13:30:00.002117549+00:00,24521.75,2025-09-17 13:30:00.002117549+00:00,24522.25,24537.25,24520.25,True,ORIGINAL_TARGET,2025-09-17 13:30:14.097234225+00:00,24537.25,591.0,19.0,0.5,0.5,0.000989658,,
2226,2025-09-17 09:30,NY,DIAGNOSTIC_ONLY_DEGRADED_SOURCE,NQZ5,572.0,OCO_LIMIT_0P5_TTL_1S,OCO_STOP_LIMIT,ONE_POINT_FROM_FILL,0,RESOLVED,BUY,2025-09-17 13:30:00.002117549+00:00,24521.75,2025-09-17 13:30:00.002117549+00:00,24521.75,24537.25,24520.75,True,LIVE_STOP,2025-09-17 13:30:00.057383619+00:00,24520.75,-49.0,-621.0,0.0,0.5,0.000989658,,
2226,2025-09-17 09:30,NY,DIAGNOSTIC_ONLY_DEGRADED_SOURCE,NQZ5,572.0,OCO_LIMIT_0P5_TTL_1S,OCO_STOP_LIMIT,ONE_POINT_FROM_FILL,1,RESOLVED,BUY,2025-09-17 13:30:00.002117549+00:00,24521.75,2025-09-17 13:30:00.002117549+00:00,24522.0,24537.25,24521.0,True,LIVE_STOP,2025-09-17 13:30:00.002922291+00:00,24520.75,-59.0,-631.0,0.25,0.5,0.000989658,,
2226,2025-09-17 09:30,NY,DIAGNOSTIC_ONLY_DEGRADED_SOURCE,NQZ5,572.0,OCO_LIMIT_0P5_TTL_1S,OCO_STOP_LIMIT,ONE_POINT_FROM_FILL,2,RESOLVED,BUY,2025-09-17 13:30:00.002117549+00:00,24521.75,2025-09-17 13:30:00.002117549+00:00,24522.25,24537.25,24521.25,True,LIVE_STOP,2025-09-17 13:30:00.002117549+00:00,24520.75,-69.0,-641.0,0.5,0.5,0.000989658,,
2226,2025-09-17 09:30,NY,DIAGNOSTIC_ONLY_DEGRADED_SOURCE,NQZ5,572.0,OCO_LIMIT_0P5_TTL_1S,OCO_STOP_LIMIT,ONE_POINT_FROM_FILL,4,RESOLVED,BUY,2025-09-17 13:30:00.002117549+00:00,24521.75,2025-09-17 13:30:00.002117549+00:00,24522.25,24537.25,24521.25,True,LIVE_STOP,2025-09-17 13:30:00.002117549+00:00,24520.25,-89.0,-661.0,0.5,0.5,0.000989658,,
2226,2025-09-17 09:30,NY,DIAGNOSTIC_ONLY_DEGRADED_SOURCE,NQZ5,572.0,OCO_LIMIT_1P0_TTL_1S,OCO_STOP_LIMIT,ORIGINAL_SURVIVOR_STOP,0,RESOLVED,BUY,2025-09-17 13:30:00.002117549+00:00,24521.75,2025-09-17 13:30:00.002117549+00:00,24521.75,24537.25,24520.25,True,ORIGINAL_TARGET,2025-09-17 13:30:14.097234225+00:00,24537.25,611.0,39.0,0.0,0.5,0.000989658,,
2226,2025-09-17 09:30,NY,DIAGNOSTIC_ONLY_DEGRADED_SOURCE,NQZ5,572.0,OCO_LIMIT_1P0_TTL_1S,OCO_STOP_LIMIT,ORIGINAL_SURVIVOR_STOP,1,RESOLVED,BUY,2025-09-17 13:30:00.002117549+00:00,24521.75,2025-09-17 13:30:00.002117549+00:00,24522.0,24537.25,24520.25,True,ORIGINAL_TARGET,2025-09-17 13:30:14.097234225+00:00,24537.25,601.0,29.0,0.25,0.5,0.000989658,,
2226,2025-09-17 09:30,NY,DIAGNOSTIC_ONLY_DEGRADED_SOURCE,NQZ5,572.0,OCO_LIMIT_1P0_TTL_1S,OCO_STOP_LIMIT,ORIGINAL_SURVIVOR_STOP,2,RESOLVED,BUY,2025-09-17 13:30:00.002117549+00:00,24521.75,2025-09-17 13:30:00.002117549+00:00,24522.25,24537.25,24520.25,True,ORIGINAL_TARGET,2025-09-17 13:30:14.097234225+00:00,24537.25,591.0,19.0,0.5,0.5,0.000989658,,
2226,2025-09-17 09:30,NY,DIAGNOSTIC_ONLY_DEGRADED_SOURCE,NQZ5,572.0,OCO_LIMIT_1P0_TTL_1S,OCO_STOP_LIMIT,ORIGINAL_SURVIVOR_STOP,4,RESOLVED,BUY,2025-09-17 13:30:00.002117549+00:00,24521.75,2025-09-17 13:30:00.002117549+00:00,24522.75,24537.25,24520.25,True,ORIGINAL_TARGET,2025-09-17 13:30:14.097234225+00:00,24537.25,571.0,-1.0,1.0,0.5,0.000989658,,
2226,2025-09-17 09:30,NY,DIAGNOSTIC_ONLY_DEGRADED_SOURCE,NQZ5,572.0,OCO_LIMIT_1P0_TTL_1S,OCO_STOP_LIMIT,ONE_POINT_FROM_FILL,0,RESOLVED,BUY,2025-09-17 13:30:00.002117549+00:00,24521.75,2025-09-17 13:30:00.002117549+00:00,24521.75,24537.25,24520.75,True,LIVE_STOP,2025-09-17 13:30:00.057383619+00:00,24520.75,-49.0,-621.0,0.0,0.5,0.000989658,,
2226,2025-09-17 09:30,NY,DIAGNOSTIC_ONLY_DEGRADED_SOURCE,NQZ5,572.0,OCO_LIMIT_1P0_TTL_1S,OCO_STOP_LIMIT,ONE_POINT_FROM_FILL,1,RESOLVED,BUY,2025-09-17 13:30:00.002117549+00:00,24521.75,2025-09-17 13:30:00.002117549+00:00,24522.0,24537.25,24521.0,True,LIVE_STOP,2025-09-17 13:30:00.002922291+00:00,24520.75,-59.0,-631.0,0.25,0.5,0.000989658,,
2226,2025-09-17 09:30,NY,DIAGNOSTIC_ONLY_DEGRADED_SOURCE,NQZ5,572.0,OCO_LIMIT_1P0_TTL_1S,OCO_STOP_LIMIT,ONE_POINT_FROM_FILL,2,RESOLVED,BUY,2025-09-17 13:30:00.002117549+00:00,24521.75,2025-09-17 13:30:00.002117549+00:00,24522.25,24537.25,24521.25,True,LIVE_STOP,2025-09-17 13:30:00.002117549+00:00,24520.75,-69.0,-641.0,0.5,0.5,0.000989658,,
2226,2025-09-17 09:30,NY,DIAGNOSTIC_ONLY_DEGRADED_SOURCE,NQZ5,572.0,OCO_LIMIT_1P0_TTL_1S,OCO_STOP_LIMIT,ONE_POINT_FROM_FILL,4,RESOLVED,BUY,2025-09-17 13:30:00.002117549+00:00,24521.75,2025-09-17 13:30:00.002117549+00:00,24522.75,24537.25,24521.75,True,LIVE_STOP,2025-09-17 13:30:00.002117549+00:00,24520.25,-109.0,-681.0,1.0,0.5,0.000989658,,
2226,2025-09-17 09:30,NY,DIAGNOSTIC_ONLY_DEGRADED_SOURCE,NQZ5,572.0,OCO_LIMIT_2P0_TTL_1S,OCO_STOP_LIMIT,ORIGINAL_SURVIVOR_STOP,0,RESOLVED,BUY,2025-09-17 13:30:00.002117549+00:00,24521.75,2025-09-17 13:30:00.002117549+00:00,24521.75,24537.25,24520.25,True,ORIGINAL_TARGET,2025-09-17 13:30:14.097234225+00:00,24537.25,611.0,39.0,0.0,0.5,0.000989658,,
2226,2025-09-17 09:30,NY,DIAGNOSTIC_ONLY_DEGRADED_SOURCE,NQZ5,572.0,OCO_LIMIT_2P0_TTL_1S,OCO_STOP_LIMIT,ORIGINAL_SURVIVOR_STOP,1,RESOLVED,BUY,2025-09-17 13:30:00.002117549+00:00,24521.75,2025-09-17 13:30:00.002117549+00:00,24522.0,24537.25,24520.25,True,ORIGINAL_TARGET,2025-09-17 13:30:14.097234225+00:00,24537.25,601.0,29.0,0.25,0.5,0.000989658,,
2226,2025-09-17 09:30,NY,DIAGNOSTIC_ONLY_DEGRADED_SOURCE,NQZ5,572.0,OCO_LIMIT_2P0_TTL_1S,OCO_STOP_LIMIT,ORIGINAL_SURVIVOR_STOP,2,RESOLVED,BUY,2025-09-17 13:30:00.002117549+00:00,24521.75,2025-09-17 13:30:00.002117549+00:00,24522.25,24537.25,24520.25,True,ORIGINAL_TARGET,2025-09-17 13:30:14.097234225+00:00,24537.25,591.0,19.0,0.5,0.5,0.000989658,,
2226,2025-09-17 09:30,NY,DIAGNOSTIC_ONLY_DEGRADED_SOURCE,NQZ5,572.0,OCO_LIMIT_2P0_TTL_1S,OCO_STOP_LIMIT,ORIGINAL_SURVIVOR_STOP,4,RESOLVED,BUY,2025-09-17 13:30:00.002117549+00:00,24521.75,2025-09-17 13:30:00.002117549+00:00,24522.75,24537.25,24520.25,True,ORIGINAL_TARGET,2025-09-17 13:30:14.097234225+00:00,24537.25,571.0,-1.0,1.0,0.5,0.000989658,,
2226,2025-09-17 09:30,NY,DIAGNOSTIC_ONLY_DEGRADED_SOURCE,NQZ5,572.0,OCO_LIMIT_2P0_TTL_1S,OCO_STOP_LIMIT,ONE_POINT_FROM_FILL,0,RESOLVED,BUY,2025-09-17 13:30:00.002117549+00:00,24521.75,2025-09-17 13:30:00.002117549+00:00,24521.75,24537.25,24520.75,True,LIVE_STOP,2025-09-17 13:30:00.057383619+00:00,24520.75,-49.0,-621.0,0.0,0.5,0.000989658,,
2226,2025-09-17 09:30,NY,DIAGNOSTIC_ONLY_DEGRADED_SOURCE,NQZ5,572.0,OCO_LIMIT_2P0_TTL_1S,OCO_STOP_LIMIT,ONE_POINT_FROM_FILL,1,RESOLVED,BUY,2025-09-17 13:30:00.002117549+00:00,24521.75,2025-09-17 13:30:00.002117549+00:00,24522.0,24537.25,24521.0,True,LIVE_STOP,2025-09-17 13:30:00.002922291+00:00,24520.75,-59.0,-631.0,0.25,0.5,0.000989658,,
2226,2025-09-17 09:30,NY,DIAGNOSTIC_ONLY_DEGRADED_SOURCE,NQZ5,572.0,OCO_LIMIT_2P0_TTL_1S,OCO_STOP_LIMIT,ONE_POINT_FROM_FILL,2,RESOLVED,BUY,2025-09-17 13:30:00.002117549+00:00,24521.75,2025-09-17 13:30:00.002117549+00:00,24522.25,24537.25,24521.25,True,LIVE_STOP,2025-09-17 13:30:00.002117549+00:00,24520.75,-69.0,-641.0,0.5,0.5,0.000989658,,
2226,2025-09-17 09:30,NY,DIAGNOSTIC_ONLY_DEGRADED_SOURCE,NQZ5,572.0,OCO_LIMIT_2P0_TTL_1S,OCO_STOP_LIMIT,ONE_POINT_FROM_FILL,4,RESOLVED,BUY,2025-09-17 13:30:00.002117549+00:00,24521.75,2025-09-17 13:30:00.002117549+00:00,24522.75,24537.25,24521.75,True,LIVE_STOP,2025-09-17 13:30:00.002117549+00:00,24520.25,-109.0,-681.0,1.0,0.5,0.000989658,,
2226,2025-09-17 09:30,NY,DIAGNOSTIC_ONLY_DEGRADED_SOURCE,NQZ5,572.0,CTRL_100MS_CAP_0P5,CONTROLLER_MARKET,ORIGINAL_SURVIVOR_STOP,0,RESOLVED,BUY,2025-09-17 13:30:00.002117549+00:00,24521.75,2025-09-17 13:30:00.102617017+00:00,24522.25,24537.25,24520.25,True,ORIGINAL_TARGET,2025-09-17 13:30:14.097234225+00:00,24537.25,591.0,19.0,0.5,0.25,0.000989658,,
2226,2025-09-17 09:30,NY,DIAGNOSTIC_ONLY_DEGRADED_SOURCE,NQZ5,572.0,CTRL_100MS_CAP_0P5,CONTROLLER_MARKET,ORIGINAL_SURVIVOR_STOP,1,SKIP_CHASE_CAP,BUY,2025-09-17 13:30:00.002117549+00:00,24521.75,,24522.5,,,False,,,,0.0,-572.0,0.75,0.25,,46.0,
2226,2025-09-17 09:30,NY,DIAGNOSTIC_ONLY_DEGRADED_SOURCE,NQZ5,572.0,CTRL_100MS_CAP_0P5,CONTROLLER_MARKET,ORIGINAL_SURVIVOR_STOP,2,SKIP_CHASE_CAP,BUY,2025-09-17 13:30:00.002117549+00:00,24521.75,,24522.75,,,False,,,,0.0,-572.0,1.0,0.25,,46.0,
2226,2025-09-17 09:30,NY,DIAGNOSTIC_ONLY_DEGRADED_SOURCE,NQZ5,572.0,CTRL_100MS_CAP_0P5,CONTROLLER_MARKET,ORIGINAL_SURVIVOR_STOP,4,SKIP_CHASE_CAP,BUY,2025-09-17 13:30:00.002117549+00:00,24521.75,,24523.25,,,False,,,,0.0,-572.0,1.5,0.25,,46.0,
2226,2025-09-17 09:30,NY,DIAGNOSTIC_ONLY_DEGRADED_SOURCE,NQZ5,572.0,CTRL_100MS_CAP_0P5,CONTROLLER_MARKET,ONE_POINT_FROM_FILL,0,RESOLVED,BUY,2025-09-17 13:30:00.002117549+00:00,24521.75,2025-09-17 13:30:00.102617017+00:00,24522.25,24537.25,24521.25,True,LIVE_STOP,2025-09-17 13:30:00.146929251+00:00,24521.25,-49.0,-621.0,0.5,0.25,0.000989658,,
2226,2025-09-17 09:30,NY,DIAGNOSTIC_ONLY_DEGRADED_SOURCE,NQZ5,572.0,CTRL_100MS_CAP_0P5,CONTROLLER_MARKET,ONE_POINT_FROM_FILL,1,SKIP_CHASE_CAP,BUY,2025-09-17 13:30:00.002117549+00:00,24521.75,,24522.5,,,False,,,,0.0,-572.0,0.75,0.25,,46.0,
2226,2025-09-17 09:30,NY,DIAGNOSTIC_ONLY_DEGRADED_SOURCE,NQZ5,572.0,CTRL_100MS_CAP_0P5,CONTROLLER_MARKET,ONE_POINT_FROM_FILL,2,SKIP_CHASE_CAP,BUY,2025-09-17 13:30:00.002117549+00:00,24521.75,,24522.75,,,False,,,,0.0,-572.0,1.0,0.25,,46.0,
2226,2025-09-17 09:30,NY,DIAGNOSTIC_ONLY_DEGRADED_SOURCE,NQZ5,572.0,CTRL_100MS_CAP_0P5,CONTROLLER_MARKET,ONE_POINT_FROM_FILL,4,SKIP_CHASE_CAP,BUY,2025-09-17 13:30:00.002117549+00:00,24521.75,,24523.25,,,False,,,,0.0,-572.0,1.5,0.25,,46.0,
2226,2025-09-17 09:30,NY,DIAGNOSTIC_ONLY_DEGRADED_SOURCE,NQZ5,572.0,CTRL_250MS_CAP_1P0,CONTROLLER_MARKET,ORIGINAL_SURVIVOR_STOP,0,SKIP_CHASE_CAP,BUY,2025-09-17 13:30:00.002117549+00:00,24521.75,,24523.5,,,False,,,,0.0,-572.0,1.75,0.25,,89.0,
2226,2025-09-17 09:30,NY,DIAGNOSTIC_ONLY_DEGRADED_SOURCE,NQZ5,572.0,CTRL_250MS_CAP_1P0,CONTROLLER_MARKET,ORIGINAL_SURVIVOR_STOP,1,SKIP_CHASE_CAP,BUY,2025-09-17 13:30:00.002117549+00:00,24521.75,,24523.75,,,False,,,,0.0,-572.0,2.0,0.25,,89.0,
2226,2025-09-17 09:30,NY,DIAGNOSTIC_ONLY_DEGRADED_SOURCE,NQZ5,572.0,CTRL_250MS_CAP_1P0,CONTROLLER_MARKET,ORIGINAL_SURVIVOR_STOP,2,SKIP_CHASE_CAP,BUY,2025-09-17 13:30:00.002117549+00:00,24521.75,,24524.0,,,False,,,,0.0,-572.0,2.25,0.25,,89.0,
2226,2025-09-17 09:30,NY,DIAGNOSTIC_ONLY_DEGRADED_SOURCE,NQZ5,572.0,CTRL_250MS_CAP_1P0,CONTROLLER_MARKET,ORIGINAL_SURVIVOR_STOP,4,SKIP_CHASE_CAP,BUY,2025-09-17 13:30:00.002117549+00:00,24521.75,,24524.5,,,False,,,,0.0,-572.0,2.75,0.25,,89.0,
2226,2025-09-17 09:30,NY,DIAGNOSTIC_ONLY_DEGRADED_SOURCE,NQZ5,572.0,CTRL_250MS_CAP_1P0,CONTROLLER_MARKET,ONE_POINT_FROM_FILL,0,SKIP_CHASE_CAP,BUY,2025-09-17 13:30:00.002117549+00:00,24521.75,,24523.5,,,False,,,,0.0,-572.0,1.75,0.25,,89.0,
2226,2025-09-17 09:30,NY,DIAGNOSTIC_ONLY_DEGRADED_SOURCE,NQZ5,572.0,CTRL_250MS_CAP_1P0,CONTROLLER_MARKET,ONE_POINT_FROM_FILL,1,SKIP_CHASE_CAP,BUY,2025-09-17 13:30:00.002117549+00:00,24521.75,,24523.75,,,False,,,,0.0,-572.0,2.0,0.25,,89.0,
2226,2025-09-17 09:30,NY,DIAGNOSTIC_ONLY_DEGRADED_SOURCE,NQZ5,572.0,CTRL_250MS_CAP_1P0,CONTROLLER_MARKET,ONE_POINT_FROM_FILL,2,SKIP_CHASE_CAP,BUY,2025-09-17 13:30:00.002117549+00:00,24521.75,,24524.0,,,False,,,,0.0,-572.0,2.25,0.25,,89.0,
2226,2025-09-17 09:30,NY,DIAGNOSTIC_ONLY_DEGRADED_SOURCE,NQZ5,572.0,CTRL_250MS_CAP_1P0,CONTROLLER_MARKET,ONE_POINT_FROM_FILL,4,SKIP_CHASE_CAP,BUY,2025-09-17 13:30:00.002117549+00:00,24521.75,,24524.5,,,False,,,,0.0,-572.0,2.75,0.25,,89.0,
2226,2025-09-17 09:30,NY,DIAGNOSTIC_ONLY_DEGRADED_SOURCE,NQZ5,572.0,CTRL_500MS_CAP_1P0,CONTROLLER_MARKET,ORIGINAL_SURVIVOR_STOP,0,SKIP_CHASE_CAP,BUY,2025-09-17 13:30:00.002117549+00:00,24521.75,,24523.5,,,False,,,,0.0,-572.0,1.75,0.25,,133.0,
2226,2025-09-17 09:30,NY,DIAGNOSTIC_ONLY_DEGRADED_SOURCE,NQZ5,572.0,CTRL_500MS_CAP_1P0,CONTROLLER_MARKET,ORIGINAL_SURVIVOR_STOP,1,SKIP_CHASE_CAP,BUY,2025-09-17 13:30:00.002117549+00:00,24521.75,,24523.75,,,False,,,,0.0,-572.0,2.0,0.25,,133.0,
2226,2025-09-17 09:30,NY,DIAGNOSTIC_ONLY_DEGRADED_SOURCE,NQZ5,572.0,CTRL_500MS_CAP_1P0,CONTROLLER_MARKET,ORIGINAL_SURVIVOR_STOP,2,SKIP_CHASE_CAP,BUY,2025-09-17 13:30:00.002117549+00:00,24521.75,,24524.0,,,False,,,,0.0,-572.0,2.25,0.25,,133.0,
2226,2025-09-17 09:30,NY,DIAGNOSTIC_ONLY_DEGRADED_SOURCE,NQZ5,572.0,CTRL_500MS_CAP_1P0,CONTROLLER_MARKET,ORIGINAL_SURVIVOR_STOP,4,SKIP_CHASE_CAP,BUY,2025-09-17 13:30:00.002117549+00:00,24521.75,,24524.5,,,False,,,,0.0,-572.0,2.75,0.25,,133.0,
2226,2025-09-17 09:30,NY,DIAGNOSTIC_ONLY_DEGRADED_SOURCE,NQZ5,572.0,CTRL_500MS_CAP_1P0,CONTROLLER_MARKET,ONE_POINT_FROM_FILL,0,SKIP_CHASE_CAP,BUY,2025-09-17 13:30:00.002117549+00:00,24521.75,,24523.5,,,False,,,,0.0,-572.0,1.75,0.25,,133.0,
2226,2025-09-17 09:30,NY,DIAGNOSTIC_ONLY_DEGRADED_SOURCE,NQZ5,572.0,CTRL_500MS_CAP_1P0,CONTROLLER_MARKET,ONE_POINT_FROM_FILL,1,SKIP_CHASE_CAP,BUY,2025-09-17 13:30:00.002117549+00:00,24521.75,,24523.75,,,False,,,,0.0,-572.0,2.0,0.25,,133.0,
2226,2025-09-17 09:30,NY,DIAGNOSTIC_ONLY_DEGRADED_SOURCE,NQZ5,572.0,CTRL_500MS_CAP_1P0,CONTROLLER_MARKET,ONE_POINT_FROM_FILL,2,SKIP_CHASE_CAP,BUY,2025-09-17 13:30:00.002117549+00:00,24521.75,,24524.0,,,False,,,,0.0,-572.0,2.25,0.25,,133.0,
2226,2025-09-17 09:30,NY,DIAGNOSTIC_ONLY_DEGRADED_SOURCE,NQZ5,572.0,CTRL_500MS_CAP_1P0,CONTROLLER_MARKET,ONE_POINT_FROM_FILL,4,SKIP_CHASE_CAP,BUY,2025-09-17 13:30:00.002117549+00:00,24521.75,,24524.5,,,False,,,,0.0,-572.0,2.75,0.25,,133.0,
2226,2025-09-17 09:30,NY,DIAGNOSTIC_ONLY_DEGRADED_SOURCE,NQZ5,572.0,CTRL_1S_CAP_2P0,CONTROLLER_MARKET,ORIGINAL_SURVIVOR_STOP,0,RESOLVED,BUY,2025-09-17 13:30:00.002117549+00:00,24521.75,2025-09-17 13:30:01.031371299+00:00,24521.75,24537.25,24520.25,True,ORIGINAL_TARGET,2025-09-17 13:30:14.097234225+00:00,24537.25,611.0,39.0,0.0,0.25,0.000989658,,
2226,2025-09-17 09:30,NY,DIAGNOSTIC_ONLY_DEGRADED_SOURCE,NQZ5,572.0,CTRL_1S_CAP_2P0,CONTROLLER_MARKET,ORIGINAL_SURVIVOR_STOP,1,RESOLVED,BUY,2025-09-17 13:30:00.002117549+00:00,24521.75,2025-09-17 13:30:01.031371299+00:00,24522.0,24537.25,24520.25,True,ORIGINAL_TARGET,2025-09-17 13:30:14.097234225+00:00,24537.25,601.0,29.0,0.25,0.25,0.000989658,,
2226,2025-09-17 09:30,NY,DIAGNOSTIC_ONLY_DEGRADED_SOURCE,NQZ5,572.0,CTRL_1S_CAP_2P0,CONTROLLER_MARKET,ORIGINAL_SURVIVOR_STOP,2,RESOLVED,BUY,2025-09-17 13:30:00.002117549+00:00,24521.75,2025-09-17 13:30:01.031371299+00:00,24522.25,24537.25,24520.25,True,ORIGINAL_TARGET,2025-09-17 13:30:14.097234225+00:00,24537.25,591.0,19.0,0.5,0.25,0.000989658,,
2226,2025-09-17 09:30,NY,DIAGNOSTIC_ONLY_DEGRADED_SOURCE,NQZ5,572.0,CTRL_1S_CAP_2P0,CONTROLLER_MARKET,ORIGINAL_SURVIVOR_STOP,4,RESOLVED,BUY,2025-09-17 13:30:00.002117549+00:00,24521.75,2025-09-17 13:30:01.031371299+00:00,24522.75,24537.25,24520.25,True,ORIGINAL_TARGET,2025-09-17 13:30:14.097234225+00:00,24537.25,571.0,-1.0,1.0,0.25,0.000989658,,
2226,2025-09-17 09:30,NY,DIAGNOSTIC_ONLY_DEGRADED_SOURCE,NQZ5,572.0,CTRL_1S_CAP_2P0,CONTROLLER_MARKET,ONE_POINT_FROM_FILL,0,RESOLVED,BUY,2025-09-17 13:30:00.002117549+00:00,24521.75,2025-09-17 13:30:01.031371299+00:00,24521.75,24537.25,24520.75,True,LIVE_STOP,2025-09-17 13:30:01.042003511+00:00,24520.75,-49.0,-621.0,0.0,0.25,0.000989658,,
2226,2025-09-17 09:30,NY,DIAGNOSTIC_ONLY_DEGRADED_SOURCE,NQZ5,572.0,CTRL_1S_CAP_2P0,CONTROLLER_MARKET,ONE_POINT_FROM_FILL,1,RESOLVED,BUY,2025-09-17 13:30:00.002117549+00:00,24521.75,2025-09-17 13:30:01.031371299+00:00,24522.0,24537.25,24521.0,True,LIVE_STOP,2025-09-17 13:30:01.035043689+00:00,24521.0,-49.0,-621.0,0.25,0.25,0.000989658,,
2226,2025-09-17 09:30,NY,DIAGNOSTIC_ONLY_DEGRADED_SOURCE,NQZ5,572.0,CTRL_1S_CAP_2P0,CONTROLLER_MARKET,ONE_POINT_FROM_FILL,2,RESOLVED,BUY,2025-09-17 13:30:00.002117549+00:00,24521.75,2025-09-17 13:30:01.031371299+00:00,24522.25,24537.25,24521.25,True,LIVE_STOP,2025-09-17 13:30:01.035043689+00:00,24520.75,-69.0,-641.0,0.5,0.25,0.000989658,,
2226,2025-09-17 09:30,NY,DIAGNOSTIC_ONLY_DEGRADED_SOURCE,NQZ5,572.0,CTRL_1S_CAP_2P0,CONTROLLER_MARKET,ONE_POINT_FROM_FILL,4,RESOLVED,BUY,2025-09-17 13:30:00.002117549+00:00,24521.75,2025-09-17 13:30:01.031371299+00:00,24522.75,24537.25,24521.75,True,LIVE_STOP,2025-09-17 13:30:01.031371299+00:00,24520.5,-99.0,-671.0,1.0,0.25,0.000989658,,
2227,2025-09-17 18:00,WEEKDAY_WEAK,DIAGNOSTIC_ONLY_DEGRADED_SOURCE,NQZ5,-59.0,OCO_LIMIT_0P5_TTL_1S,OCO_STOP_LIMIT,ORIGINAL_SURVIVOR_STOP,0,RESOLVED,BUY,2025-09-17 22:00:00.021525167+00:00,24499.25,2025-09-17 22:00:00.097594973+00:00,24499.0,24508.75,24497.75,True,LIVE_STOP,2025-09-17 22:00:00.099248305+00:00,24497.0,-44.5,14.5,0.0,0.75,,,
2227,2025-09-17 18:00,WEEKDAY_WEAK,DIAGNOSTIC_ONLY_DEGRADED_SOURCE,NQZ5,-59.0,OCO_LIMIT_0P5_TTL_1S,OCO_STOP_LIMIT,ORIGINAL_SURVIVOR_STOP,1,RESOLVED,BUY,2025-09-17 22:00:00.021525167+00:00,24499.25,2025-09-17 22:00:00.097594973+00:00,24499.25,24508.75,24497.75,True,LIVE_STOP,2025-09-17 22:00:00.099248305+00:00,24496.75,-54.5,4.5,0.0,0.75,,,
2227,2025-09-17 18:00,WEEKDAY_WEAK,DIAGNOSTIC_ONLY_DEGRADED_SOURCE,NQZ5,-59.0,OCO_LIMIT_0P5_TTL_1S,OCO_STOP_LIMIT,ORIGINAL_SURVIVOR_STOP,2,RESOLVED,BUY,2025-09-17 22:00:00.021525167+00:00,24499.25,2025-09-17 22:00:00.097594973+00:00,24499.5,24508.75,24497.75,True,LIVE_STOP,2025-09-17 22:00:00.099248305+00:00,24496.5,-64.5,-5.5,0.25,0.75,,,
2227,2025-09-17 18:00,WEEKDAY_WEAK,DIAGNOSTIC_ONLY_DEGRADED_SOURCE,NQZ5,-59.0,OCO_LIMIT_0P5_TTL_1S,OCO_STOP_LIMIT,ORIGINAL_SURVIVOR_STOP,4,RESOLVED,BUY,2025-09-17 22:00:00.021525167+00:00,24499.25,2025-09-17 22:00:00.097594973+00:00,24499.75,24508.75,24497.75,True,LIVE_STOP,2025-09-17 22:00:00.099248305+00:00,24496.0,-79.5,-20.5,0.5,0.75,,,
2227,2025-09-17 18:00,WEEKDAY_WEAK,DIAGNOSTIC_ONLY_DEGRADED_SOURCE,NQZ5,-59.0,OCO_LIMIT_0P5_TTL_1S,OCO_STOP_LIMIT,ONE_POINT_FROM_FILL,0,RESOLVED,BUY,2025-09-17 22:00:00.021525167+00:00,24499.25,2025-09-17 22:00:00.097594973+00:00,24499.0,24508.75,24498.0,True,LIVE_STOP,2025-09-17 22:00:00.098733365+00:00,24498.0,-24.5,34.5,0.0,0.75,,,
2227,2025-09-17 18:00,WEEKDAY_WEAK,DIAGNOSTIC_ONLY_DEGRADED_SOURCE,NQZ5,-59.0,OCO_LIMIT_0P5_TTL_1S,OCO_STOP_LIMIT,ONE_POINT_FROM_FILL,1,RESOLVED,BUY,2025-09-17 22:00:00.021525167+00:00,24499.25,2025-09-17 22:00:00.097594973+00:00,24499.25,24508.75,24498.25,True,LIVE_STOP,2025-09-17 22:00:00.097594973+00:00,24498.0,-29.5,29.5,0.0,0.75,,,
2227,2025-09-17 18:00,WEEKDAY_WEAK,DIAGNOSTIC_ONLY_DEGRADED_SOURCE,NQZ5,-59.0,OCO_LIMIT_0P5_TTL_1S,OCO_STOP_LIMIT,ONE_POINT_FROM_FILL,2,RESOLVED,BUY,2025-09-17 22:00:00.021525167+00:00,24499.25,2025-09-17 22:00:00.097594973+00:00,24499.5,24508.75,24498.5,True,LIVE_STOP,2025-09-17 22:00:00.097594973+00:00,24497.75,-39.5,19.5,0.25,0.75,,,
2227,2025-09-17 18:00,WEEKDAY_WEAK,DIAGNOSTIC_ONLY_DEGRADED_SOURCE,NQZ5,-59.0,OCO_LIMIT_0P5_TTL_1S,OCO_STOP_LIMIT,ONE_POINT_FROM_FILL,4,RESOLVED,BUY,2025-09-17 22:00:00.021525167+00:00,24499.25,2025-09-17 22:00:00.097594973+00:00,24499.75,24508.75,24498.75,True,LIVE_STOP,2025-09-17 22:00:00.097594973+00:00,24497.25,-54.5,4.5,0.5,0.75,,,
2227,2025-09-17 18:00,WEEKDAY_WEAK,DIAGNOSTIC_ONLY_DEGRADED_SOURCE,NQZ5,-59.0,OCO_LIMIT_1P0_TTL_1S,OCO_STOP_LIMIT,ORIGINAL_SURVIVOR_STOP,0,RESOLVED,BUY,2025-09-17 22:00:00.021525167+00:00,24499.25,2025-09-17 22:00:00.097594973+00:00,24499.0,24508.75,24497.75,True,LIVE_STOP,2025-09-17 22:00:00.099248305+00:00,24497.0,-44.5,14.5,0.0,0.75,,,
2227,2025-09-17 18:00,WEEKDAY_WEAK,DIAGNOSTIC_ONLY_DEGRADED_SOURCE,NQZ5,-59.0,OCO_LIMIT_1P0_TTL_1S,OCO_STOP_LIMIT,ORIGINAL_SURVIVOR_STOP,1,RESOLVED,BUY,2025-09-17 22:00:00.021525167+00:00,24499.25,2025-09-17 22:00:00.097594973+00:00,24499.25,24508.75,24497.75,True,LIVE_STOP,2025-09-17 22:00:00.099248305+00:00,24496.75,-54.5,4.5,0.0,0.75,,,
2227,2025-09-17 18:00,WEEKDAY_WEAK,DIAGNOSTIC_ONLY_DEGRADED_SOURCE,NQZ5,-59.0,OCO_LIMIT_1P0_TTL_1S,OCO_STOP_LIMIT,ORIGINAL_SURVIVOR_STOP,2,RESOLVED,BUY,2025-09-17 22:00:00.021525167+00:00,24499.25,2025-09-17 22:00:00.097594973+00:00,24499.5,24508.75,24497.75,True,LIVE_STOP,2025-09-17 22:00:00.099248305+00:00,24496.5,-64.5,-5.5,0.25,0.75,,,
2227,2025-09-17 18:00,WEEKDAY_WEAK,DIAGNOSTIC_ONLY_DEGRADED_SOURCE,NQZ5,-59.0,OCO_LIMIT_1P0_TTL_1S,OCO_STOP_LIMIT,ORIGINAL_SURVIVOR_STOP,4,RESOLVED,BUY,2025-09-17 22:00:00.021525167+00:00,24499.25,2025-09-17 22:00:00.097594973+00:00,24500.0,24508.75,24497.75,True,LIVE_STOP,2025-09-17 22:00:00.099248305+00:00,24496.0,-84.5,-25.5,0.75,0.75,,,
2227,2025-09-17 18:00,WEEKDAY_WEAK,DIAGNOSTIC_ONLY_DEGRADED_SOURCE,NQZ5,-59.0,OCO_LIMIT_1P0_TTL_1S,OCO_STOP_LIMIT,ONE_POINT_FROM_FILL,0,RESOLVED,BUY,2025-09-17 22:00:00.021525167+00:00,24499.25,2025-09-17 22:00:00.097594973+00:00,24499.0,24508.75,24498.0,True,LIVE_STOP,2025-09-17 22:00:00.098733365+00:00,24498.0,-24.5,34.5,0.0,0.75,,,
2227,2025-09-17 18:00,WEEKDAY_WEAK,DIAGNOSTIC_ONLY_DEGRADED_SOURCE,NQZ5,-59.0,OCO_LIMIT_1P0_TTL_1S,OCO_STOP_LIMIT,ONE_POINT_FROM_FILL,1,RESOLVED,BUY,2025-09-17 22:00:00.021525167+00:00,24499.25,2025-09-17 22:00:00.097594973+00:00,24499.25,24508.75,24498.25,True,LIVE_STOP,2025-09-17 22:00:00.097594973+00:00,24498.0,-29.5,29.5,0.0,0.75,,,
2227,2025-09-17 18:00,WEEKDAY_WEAK,DIAGNOSTIC_ONLY_DEGRADED_SOURCE,NQZ5,-59.0,OCO_LIMIT_1P0_TTL_1S,OCO_STOP_LIMIT,ONE_POINT_FROM_FILL,2,RESOLVED,BUY,2025-09-17 22:00:00.021525167+00:00,24499.25,2025-09-17 22:00:00.097594973+00:00,24499.5,24508.75,24498.5,True,LIVE_STOP,2025-09-17 22:00:00.097594973+00:00,24497.75,-39.5,19.5,0.25,0.75,,,
2227,2025-09-17 18:00,WEEKDAY_WEAK,DIAGNOSTIC_ONLY_DEGRADED_SOURCE,NQZ5,-59.0,OCO_LIMIT_1P0_TTL_1S,OCO_STOP_LIMIT,ONE_POINT_FROM_FILL,4,RESOLVED,BUY,2025-09-17 22:00:00.021525167+00:00,24499.25,2025-09-17 22:00:00.097594973+00:00,24500.0,24508.75,24499.0,True,LIVE_STOP,2025-09-17 22:00:00.097594973+00:00,24497.25,-59.5,-0.5,0.75,0.75,,,
2227,2025-09-17 18:00,WEEKDAY_WEAK,DIAGNOSTIC_ONLY_DEGRADED_SOURCE,NQZ5,-59.0,OCO_LIMIT_2P0_TTL_1S,OCO_STOP_LIMIT,ORIGINAL_SURVIVOR_STOP,0,RESOLVED,BUY,2025-09-17 22:00:00.021525167+00:00,24499.25,2025-09-17 22:00:00.097594973+00:00,24499.0,24508.75,24497.75,True,LIVE_STOP,2025-09-17 22:00:00.099248305+00:00,24497.0,-44.5,14.5,0.0,0.75,,,
2227,2025-09-17 18:00,WEEKDAY_WEAK,DIAGNOSTIC_ONLY_DEGRADED_SOURCE,NQZ5,-59.0,OCO_LIMIT_2P0_TTL_1S,OCO_STOP_LIMIT,ORIGINAL_SURVIVOR_STOP,1,RESOLVED,BUY,2025-09-17 22:00:00.021525167+00:00,24499.25,2025-09-17 22:00:00.097594973+00:00,24499.25,24508.75,24497.75,True,LIVE_STOP,2025-09-17 22:00:00.099248305+00:00,24496.75,-54.5,4.5,0.0,0.75,,,
2227,2025-09-17 18:00,WEEKDAY_WEAK,DIAGNOSTIC_ONLY_DEGRADED_SOURCE,NQZ5,-59.0,OCO_LIMIT_2P0_TTL_1S,OCO_STOP_LIMIT,ORIGINAL_SURVIVOR_STOP,2,RESOLVED,BUY,2025-09-17 22:00:00.021525167+00:00,24499.25,2025-09-17 22:00:00.097594973+00:00,24499.5,24508.75,24497.75,True,LIVE_STOP,2025-09-17 22:00:00.099248305+00:00,24496.5,-64.5,-5.5,0.25,0.75,,,
2227,2025-09-17 18:00,WEEKDAY_WEAK,DIAGNOSTIC_ONLY_DEGRADED_SOURCE,NQZ5,-59.0,OCO_LIMIT_2P0_TTL_1S,OCO_STOP_LIMIT,ORIGINAL_SURVIVOR_STOP,4,RESOLVED,BUY,2025-09-17 22:00:00.021525167+00:00,24499.25,2025-09-17 22:00:00.097594973+00:00,24500.0,24508.75,24497.75,True,LIVE_STOP,2025-09-17 22:00:00.099248305+00:00,24496.0,-84.5,-25.5,0.75,0.75,,,
2227,2025-09-17 18:00,WEEKDAY_WEAK,DIAGNOSTIC_ONLY_DEGRADED_SOURCE,NQZ5,-59.0,OCO_LIMIT_2P0_TTL_1S,OCO_STOP_LIMIT,ONE_POINT_FROM_FILL,0,RESOLVED,BUY,2025-09-17 22:00:00.021525167+00:00,24499.25,2025-09-17 22:00:00.097594973+00:00,24499.0,24508.75,24498.0,True,LIVE_STOP,2025-09-17 22:00:00.098733365+00:00,24498.0,-24.5,34.5,0.0,0.75,,,
2227,2025-09-17 18:00,WEEKDAY_WEAK,DIAGNOSTIC_ONLY_DEGRADED_SOURCE,NQZ5,-59.0,OCO_LIMIT_2P0_TTL_1S,OCO_STOP_LIMIT,ONE_POINT_FROM_FILL,1,RESOLVED,BUY,2025-09-17 22:00:00.021525167+00:00,24499.25,2025-09-17 22:00:00.097594973+00:00,24499.25,24508.75,24498.25,True,LIVE_STOP,2025-09-17 22:00:00.097594973+00:00,24498.0,-29.5,29.5,0.0,0.75,,,
2227,2025-09-17 18:00,WEEKDAY_WEAK,DIAGNOSTIC_ONLY_DEGRADED_SOURCE,NQZ5,-59.0,OCO_LIMIT_2P0_TTL_1S,OCO_STOP_LIMIT,ONE_POINT_FROM_FILL,2,RESOLVED,BUY,2025-09-17 22:00:00.021525167+00:00,24499.25,2025-09-17 22:00:00.097594973+00:00,24499.5,24508.75,24498.5,True,LIVE_STOP,2025-09-17 22:00:00.097594973+00:00,24497.75,-39.5,19.5,0.25,0.75,,,
2227,2025-09-17 18:00,WEEKDAY_WEAK,DIAGNOSTIC_ONLY_DEGRADED_SOURCE,NQZ5,-59.0,OCO_LIMIT_2P0_TTL_1S,OCO_STOP_LIMIT,ONE_POINT_FROM_FILL,4,RESOLVED,BUY,2025-09-17 22:00:00.021525167+00:00,24499.25,2025-09-17 22:00:00.097594973+00:00,24500.0,24508.75,24499.0,True,LIVE_STOP,2025-09-17 22:00:00.097594973+00:00,24497.25,-59.5,-0.5,0.75,0.75,,,
2227,2025-09-17 18:00,WEEKDAY_WEAK,DIAGNOSTIC_ONLY_DEGRADED_SOURCE,NQZ5,-59.0,CTRL_100MS_CAP_0P5,CONTROLLER_MARKET,ORIGINAL_SURVIVOR_STOP,0,SKIP_SPREAD_GATE,BUY,2025-09-17 22:00:00.021525167+00:00,24499.25,,,,,False,,,,0.0,59.0,,5.75,,11.0,
2227,2025-09-17 18:00,WEEKDAY_WEAK,DIAGNOSTIC_ONLY_DEGRADED_SOURCE,NQZ5,-59.0,CTRL_100MS_CAP_0P5,CONTROLLER_MARKET,ORIGINAL_SURVIVOR_STOP,1,SKIP_SPREAD_GATE,BUY,2025-09-17 22:00:00.021525167+00:00,24499.25,,,,,False,,,,0.0,59.0,,5.75,,11.0,
2227,2025-09-17 18:00,WEEKDAY_WEAK,DIAGNOSTIC_ONLY_DEGRADED_SOURCE,NQZ5,-59.0,CTRL_100MS_CAP_0P5,CONTROLLER_MARKET,ORIGINAL_SURVIVOR_STOP,2,SKIP_SPREAD_GATE,BUY,2025-09-17 22:00:00.021525167+00:00,24499.25,,,,,False,,,,0.0,59.0,,5.75,,11.0,
2227,2025-09-17 18:00,WEEKDAY_WEAK,DIAGNOSTIC_ONLY_DEGRADED_SOURCE,NQZ5,-59.0,CTRL_100MS_CAP_0P5,CONTROLLER_MARKET,ORIGINAL_SURVIVOR_STOP,4,SKIP_SPREAD_GATE,BUY,2025-09-17 22:00:00.021525167+00:00,24499.25,,,,,False,,,,0.0,59.0,,5.75,,11.0,
2227,2025-09-17 18:00,WEEKDAY_WEAK,DIAGNOSTIC_ONLY_DEGRADED_SOURCE,NQZ5,-59.0,CTRL_100MS_CAP_0P5,CONTROLLER_MARKET,ONE_POINT_FROM_FILL,0,SKIP_SPREAD_GATE,BUY,2025-09-17 22:00:00.021525167+00:00,24499.25,,,,,False,,,,0.0,59.0,,5.75,,11.0,
2227,2025-09-17 18:00,WEEKDAY_WEAK,DIAGNOSTIC_ONLY_DEGRADED_SOURCE,NQZ5,-59.0,CTRL_100MS_CAP_0P5,CONTROLLER_MARKET,ONE_POINT_FROM_FILL,1,SKIP_SPREAD_GATE,BUY,2025-09-17 22:00:00.021525167+00:00,24499.25,,,,,False,,,,0.0,59.0,,5.75,,11.0,
2227,2025-09-17 18:00,WEEKDAY_WEAK,DIAGNOSTIC_ONLY_DEGRADED_SOURCE,NQZ5,-59.0,CTRL_100MS_CAP_0P5,CONTROLLER_MARKET,ONE_POINT_FROM_FILL,2,SKIP_SPREAD_GATE,BUY,2025-09-17 22:00:00.021525167+00:00,24499.25,,,,,False,,,,0.0,59.0,,5.75,,11.0,
2227,2025-09-17 18:00,WEEKDAY_WEAK,DIAGNOSTIC_ONLY_DEGRADED_SOURCE,NQZ5,-59.0,CTRL_100MS_CAP_0P5,CONTROLLER_MARKET,ONE_POINT_FROM_FILL,4,SKIP_SPREAD_GATE,BUY,2025-09-17 22:00:00.021525167+00:00,24499.25,,,,,False,,,,0.0,59.0,,5.75,,11.0,
2227,2025-09-17 18:00,WEEKDAY_WEAK,DIAGNOSTIC_ONLY_DEGRADED_SOURCE,NQZ5,-59.0,CTRL_250MS_CAP_1P0,CONTROLLER_MARKET,ORIGINAL_SURVIVOR_STOP,0,SKIP_SPREAD_GATE,BUY,2025-09-17 22:00:00.021525167+00:00,24499.25,,,,,False,,,,0.0,59.0,,5.0,,14.0,
2227,2025-09-17 18:00,WEEKDAY_WEAK,DIAGNOSTIC_ONLY_DEGRADED_SOURCE,NQZ5,-59.0,CTRL_250MS_CAP_1P0,CONTROLLER_MARKET,ORIGINAL_SURVIVOR_STOP,1,SKIP_SPREAD_GATE,BUY,2025-09-17 22:00:00.021525167+00:00,24499.25,,,,,False,,,,0.0,59.0,,5.0,,14.0,
2227,2025-09-17 18:00,WEEKDAY_WEAK,DIAGNOSTIC_ONLY_DEGRADED_SOURCE,NQZ5,-59.0,CTRL_250MS_CAP_1P0,CONTROLLER_MARKET,ORIGINAL_SURVIVOR_STOP,2,SKIP_SPREAD_GATE,BUY,2025-09-17 22:00:00.021525167+00:00,24499.25,,,,,False,,,,0.0,59.0,,5.0,,14.0,
2227,2025-09-17 18:00,WEEKDAY_WEAK,DIAGNOSTIC_ONLY_DEGRADED_SOURCE,NQZ5,-59.0,CTRL_250MS_CAP_1P0,CONTROLLER_MARKET,ORIGINAL_SURVIVOR_STOP,4,SKIP_SPREAD_GATE,BUY,2025-09-17 22:00:00.021525167+00:00,24499.25,,,,,False,,,,0.0,59.0,,5.0,,14.0,
2227,2025-09-17 18:00,WEEKDAY_WEAK,DIAGNOSTIC_ONLY_DEGRADED_SOURCE,NQZ5,-59.0,CTRL_250MS_CAP_1P0,CONTROLLER_MARKET,ONE_POINT_FROM_FILL,0,SKIP_SPREAD_GATE,BUY,2025-09-17 22:00:00.021525167+00:00,24499.25,,,,,False,,,,0.0,59.0,,5.0,,14.0,
2227,2025-09-17 18:00,WEEKDAY_WEAK,DIAGNOSTIC_ONLY_DEGRADED_SOURCE,NQZ5,-59.0,CTRL_250MS_CAP_1P0,CONTROLLER_MARKET,ONE_POINT_FROM_FILL,1,SKIP_SPREAD_GATE,BUY,2025-09-17 22:00:00.021525167+00:00,24499.25,,,,,False,,,,0.0,59.0,,5.0,,14.0,
2227,2025-09-17 18:00,WEEKDAY_WEAK,DIAGNOSTIC_ONLY_DEGRADED_SOURCE,NQZ5,-59.0,CTRL_250MS_CAP_1P0,CONTROLLER_MARKET,ONE_POINT_FROM_FILL,2,SKIP_SPREAD_GATE,BUY,2025-09-17 22:00:00.021525167+00:00,24499.25,,,,,False,,,,0.0,59.0,,5.0,,14.0,
2227,2025-09-17 18:00,WEEKDAY_WEAK,DIAGNOSTIC_ONLY_DEGRADED_SOURCE,NQZ5,-59.0,CTRL_250MS_CAP_1P0,CONTROLLER_MARKET,ONE_POINT_FROM_FILL,4,SKIP_SPREAD_GATE,BUY,2025-09-17 22:00:00.021525167+00:00,24499.25,,,,,False,,,,0.0,59.0,,5.0,,14.0,
2227,2025-09-17 18:00,WEEKDAY_WEAK,DIAGNOSTIC_ONLY_DEGRADED_SOURCE,NQZ5,-59.0,CTRL_500MS_CAP_1P0,CONTROLLER_MARKET,ORIGINAL_SURVIVOR_STOP,0,SKIP_SPREAD_GATE,BUY,2025-09-17 22:00:00.021525167+00:00,24499.25,,,,,False,,,,0.0,59.0,,4.25,,19.0,
2227,2025-09-17 18:00,WEEKDAY_WEAK,DIAGNOSTIC_ONLY_DEGRADED_SOURCE,NQZ5,-59.0,CTRL_500MS_CAP_1P0,CONTROLLER_MARKET,ORIGINAL_SURVIVOR_STOP,1,SKIP_SPREAD_GATE,BUY,2025-09-17 22:00:00.021525167+00:00,24499.25,,,,,False,,,,0.0,59.0,,4.25,,19.0,
2227,2025-09-17 18:00,WEEKDAY_WEAK,DIAGNOSTIC_ONLY_DEGRADED_SOURCE,NQZ5,-59.0,CTRL_500MS_CAP_1P0,CONTROLLER_MARKET,ORIGINAL_SURVIVOR_STOP,2,SKIP_SPREAD_GATE,BUY,2025-09-17 22:00:00.021525167+00:00,24499.25,,,,,False,,,,0.0,59.0,,4.25,,19.0,
2227,2025-09-17 18:00,WEEKDAY_WEAK,DIAGNOSTIC_ONLY_DEGRADED_SOURCE,NQZ5,-59.0,CTRL_500MS_CAP_1P0,CONTROLLER_MARKET,ORIGINAL_SURVIVOR_STOP,4,SKIP_SPREAD_GATE,BUY,2025-09-17 22:00:00.021525167+00:00,24499.25,,,,,False,,,,0.0,59.0,,4.25,,19.0,
2227,2025-09-17 18:00,WEEKDAY_WEAK,DIAGNOSTIC_ONLY_DEGRADED_SOURCE,NQZ5,-59.0,CTRL_500MS_CAP_1P0,CONTROLLER_MARKET,ONE_POINT_FROM_FILL,0,SKIP_SPREAD_GATE,BUY,2025-09-17 22:00:00.021525167+00:00,24499.25,,,,,False,,,,0.0,59.0,,4.25,,19.0,
2227,2025-09-17 18:00,WEEKDAY_WEAK,DIAGNOSTIC_ONLY_DEGRADED_SOURCE,NQZ5,-59.0,CTRL_500MS_CAP_1P0,CONTROLLER_MARKET,ONE_POINT_FROM_FILL,1,SKIP_SPREAD_GATE,BUY,2025-09-17 22:00:00.021525167+00:00,24499.25,,,,,False,,,,0.0,59.0,,4.25,,19.0,
2227,2025-09-17 18:00,WEEKDAY_WEAK,DIAGNOSTIC_ONLY_DEGRADED_SOURCE,NQZ5,-59.0,CTRL_500MS_CAP_1P0,CONTROLLER_MARKET,ONE_POINT_FROM_FILL,2,SKIP_SPREAD_GATE,BUY,2025-09-17 22:00:00.021525167+00:00,24499.25,,,,,False,,,,0.0,59.0,,4.25,,19.0,
2227,2025-09-17 18:00,WEEKDAY_WEAK,DIAGNOSTIC_ONLY_DEGRADED_SOURCE,NQZ5,-59.0,CTRL_500MS_CAP_1P0,CONTROLLER_MARKET,ONE_POINT_FROM_FILL,4,SKIP_SPREAD_GATE,BUY,2025-09-17 22:00:00.021525167+00:00,24499.25,,,,,False,,,,0.0,59.0,,4.25,,19.0,
2227,2025-09-17 18:00,WEEKDAY_WEAK,DIAGNOSTIC_ONLY_DEGRADED_SOURCE,NQZ5,-59.0,CTRL_1S_CAP_2P0,CONTROLLER_MARKET,ORIGINAL_SURVIVOR_STOP,0,SKIP_CHASE_CAP,BUY,2025-09-17 22:00:00.021525167+00:00,24499.25,,24503.0,,,False,,,,0.0,59.0,3.75,3.75,,29.0,
2227,2025-09-17 18:00,WEEKDAY_WEAK,DIAGNOSTIC_ONLY_DEGRADED_SOURCE,NQZ5,-59.0,CTRL_1S_CAP_2P0,CONTROLLER_MARKET,ORIGINAL_SURVIVOR_STOP,1,SKIP_CHASE_CAP,BUY,2025-09-17 22:00:00.021525167+00:00,24499.25,,24503.25,,,False,,,,0.0,59.0,4.0,3.75,,29.0,
2227,2025-09-17 18:00,WEEKDAY_WEAK,DIAGNOSTIC_ONLY_DEGRADED_SOURCE,NQZ5,-59.0,CTRL_1S_CAP_2P0,CONTROLLER_MARKET,ORIGINAL_SURVIVOR_STOP,2,SKIP_CHASE_CAP,BUY,2025-09-17 22:00:00.021525167+00:00,24499.25,,24503.5,,,False,,,,0.0,59.0,4.25,3.75,,29.0,
2227,2025-09-17 18:00,WEEKDAY_WEAK,DIAGNOSTIC_ONLY_DEGRADED_SOURCE,NQZ5,-59.0,CTRL_1S_CAP_2P0,CONTROLLER_MARKET,ORIGINAL_SURVIVOR_STOP,4,SKIP_CHASE_CAP,BUY,2025-09-17 22:00:00.021525167+00:00,24499.25,,24504.0,,,False,,,,0.0,59.0,4.75,3.75,,29.0,
2227,2025-09-17 18:00,WEEKDAY_WEAK,DIAGNOSTIC_ONLY_DEGRADED_SOURCE,NQZ5,-59.0,CTRL_1S_CAP_2P0,CONTROLLER_MARKET,ONE_POINT_FROM_FILL,0,SKIP_CHASE_CAP,BUY,2025-09-17 22:00:00.021525167+00:00,24499.25,,24503.0,,,False,,,,0.0,59.0,3.75,3.75,,29.0,
2227,2025-09-17 18:00,WEEKDAY_WEAK,DIAGNOSTIC_ONLY_DEGRADED_SOURCE,NQZ5,-59.0,CTRL_1S_CAP_2P0,CONTROLLER_MARKET,ONE_POINT_FROM_FILL,1,SKIP_CHASE_CAP,BUY,2025-09-17 22:00:00.021525167+00:00,24499.25,,24503.25,,,False,,,,0.0,59.0,4.0,3.75,,29.0,
2227,2025-09-17 18:00,WEEKDAY_WEAK,DIAGNOSTIC_ONLY_DEGRADED_SOURCE,NQZ5,-59.0,CTRL_1S_CAP_2P0,CONTROLLER_MARKET,ONE_POINT_FROM_FILL,2,SKIP_CHASE_CAP,BUY,2025-09-17 22:00:00.021525167+00:00,24499.25,,24503.5,,,False,,,,0.0,59.0,4.25,3.75,,29.0,
2227,2025-09-17 18:00,WEEKDAY_WEAK,DIAGNOSTIC_ONLY_DEGRADED_SOURCE,NQZ5,-59.0,CTRL_1S_CAP_2P0,CONTROLLER_MARKET,ONE_POINT_FROM_FILL,4,SKIP_CHASE_CAP,BUY,2025-09-17 22:00:00.021525167+00:00,24499.25,,24504.0,,,False,,,,0.0,59.0,4.75,3.75,,29.0,
2228,2025-09-18 09:30,NY,VALIDATED_SOURCE,NQZ5,572.0,OCO_LIMIT_0P5_TTL_1S,OCO_STOP_LIMIT,ORIGINAL_SURVIVOR_STOP,0,RESOLVED,SELL,2025-09-18 13:30:00.011009345+00:00,24678.75,2025-09-18 13:30:00.011009345+00:00,24679.5,24663.25,24680.25,True,LIVE_STOP,2025-09-18 13:30:00.021592615+00:00,24680.5,-49.0,-621.0,0.0,0.5,0.003563144,,
2228,2025-09-18 09:30,NY,VALIDATED_SOURCE,NQZ5,572.0,OCO_LIMIT_0P5_TTL_1S,OCO_STOP_LIMIT,ORIGINAL_SURVIVOR_STOP,1,RESOLVED,SELL,2025-09-18 13:30:00.011009345+00:00,24678.75,2025-09-18 13:30:00.011009345+00:00,24679.25,24663.25,24680.25,True,LIVE_STOP,2025-09-18 13:30:00.021592615+00:00,24680.75,-69.0,-641.0,0.0,0.5,0.003563144,,
2228,2025-09-18 09:30,NY,VALIDATED_SOURCE,NQZ5,572.0,OCO_LIMIT_0P5_TTL_1S,OCO_STOP_LIMIT,ORIGINAL_SURVIVOR_STOP,2,RESOLVED,SELL,2025-09-18 13:30:00.011009345+00:00,24678.75,2025-09-18 13:30:00.011009345+00:00,24679.0,24663.25,24680.25,True,LIVE_STOP,2025-09-18 13:30:00.021592615+00:00,24681.0,-89.0,-661.0,0.0,0.5,0.003563144,,
2228,2025-09-18 09:30,NY,VALIDATED_SOURCE,NQZ5,572.0,OCO_LIMIT_0P5_TTL_1S,OCO_STOP_LIMIT,ORIGINAL_SURVIVOR_STOP,4,RESOLVED,SELL,2025-09-18 13:30:00.011009345+00:00,24678.75,2025-09-18 13:30:00.011009345+00:00,24678.5,24663.25,24680.25,True,LIVE_STOP,2025-09-18 13:30:00.021592615+00:00,24681.5,-129.0,-701.0,0.25,0.5,0.003563144,,
2228,2025-09-18 09:30,NY,VALIDATED_SOURCE,NQZ5,572.0,OCO_LIMIT_0P5_TTL_1S,OCO_STOP_LIMIT,ONE_POINT_FROM_FILL,0,RESOLVED,SELL,2025-09-18 13:30:00.011009345+00:00,24678.75,2025-09-18 13:30:00.011009345+00:00,24679.5,24663.25,24680.5,True,LIVE_STOP,2025-09-18 13:30:00.021592615+00:00,24680.5,-49.0,-621.0,0.0,0.5,0.003563144,,
2228,2025-09-18 09:30,NY,VALIDATED_SOURCE,NQZ5,572.0,OCO_LIMIT_0P5_TTL_1S,OCO_STOP_LIMIT,ONE_POINT_FROM_FILL,1,RESOLVED,SELL,2025-09-18 13:30:00.011009345+00:00,24678.75,2025-09-18 13:30:00.011009345+00:00,24679.25,24663.25,24680.25,True,LIVE_STOP,2025-09-18 13:30:00.021592615+00:00,24680.75,-69.0,-641.0,0.0,0.5,0.003563144,,
2228,2025-09-18 09:30,NY,VALIDATED_SOURCE,NQZ5,572.0,OCO_LIMIT_0P5_TTL_1S,OCO_STOP_LIMIT,ONE_POINT_FROM_FILL,2,RESOLVED,SELL,2025-09-18 13:30:00.011009345+00:00,24678.75,2025-09-18 13:30:00.011009345+00:00,24679.0,24663.25,24680.0,True,LIVE_STOP,2025-09-18 13:30:00.011009345+00:00,24680.5,-69.0,-641.0,0.0,0.5,0.003563144,,
2228,2025-09-18 09:30,NY,VALIDATED_SOURCE,NQZ5,572.0,OCO_LIMIT_0P5_TTL_1S,OCO_STOP_LIMIT,ONE_POINT_FROM_FILL,4,RESOLVED,SELL,2025-09-18 13:30:00.011009345+00:00,24678.75,2025-09-18 13:30:00.011009345+00:00,24678.5,24663.25,24679.5,True,LIVE_STOP,2025-09-18 13:30:00.011009345+00:00,24681.0,-109.0,-681.0,0.25,0.5,0.003563144,,
2228,2025-09-18 09:30,NY,VALIDATED_SOURCE,NQZ5,572.0,OCO_LIMIT_1P0_TTL_1S,OCO_STOP_LIMIT,ORIGINAL_SURVIVOR_STOP,0,RESOLVED,SELL,2025-09-18 13:30:00.011009345+00:00,24678.75,2025-09-18 13:30:00.011009345+00:00,24679.5,24663.25,24680.25,True,LIVE_STOP,2025-09-18 13:30:00.021592615+00:00,24680.5,-49.0,-621.0,0.0,0.5,0.003563144,,
2228,2025-09-18 09:30,NY,VALIDATED_SOURCE,NQZ5,572.0,OCO_LIMIT_1P0_TTL_1S,OCO_STOP_LIMIT,ORIGINAL_SURVIVOR_STOP,1,RESOLVED,SELL,2025-09-18 13:30:00.011009345+00:00,24678.75,2025-09-18 13:30:00.011009345+00:00,24679.25,24663.25,24680.25,True,LIVE_STOP,2025-09-18 13:30:00.021592615+00:00,24680.75,-69.0,-641.0,0.0,0.5,0.003563144,,
2228,2025-09-18 09:30,NY,VALIDATED_SOURCE,NQZ5,572.0,OCO_LIMIT_1P0_TTL_1S,OCO_STOP_LIMIT,ORIGINAL_SURVIVOR_STOP,2,RESOLVED,SELL,2025-09-18 13:30:00.011009345+00:00,24678.75,2025-09-18 13:30:00.011009345+00:00,24679.0,24663.25,24680.25,True,LIVE_STOP,2025-09-18 13:30:00.021592615+00:00,24681.0,-89.0,-661.0,0.0,0.5,0.003563144,,
2228,2025-09-18 09:30,NY,VALIDATED_SOURCE,NQZ5,572.0,OCO_LIMIT_1P0_TTL_1S,OCO_STOP_LIMIT,ORIGINAL_SURVIVOR_STOP,4,RESOLVED,SELL,2025-09-18 13:30:00.011009345+00:00,24678.75,2025-09-18 13:30:00.011009345+00:00,24678.5,24663.25,24680.25,True,LIVE_STOP,2025-09-18 13:30:00.021592615+00:00,24681.5,-129.0,-701.0,0.25,0.5,0.003563144,,
2228,2025-09-18 09:30,NY,VALIDATED_SOURCE,NQZ5,572.0,OCO_LIMIT_1P0_TTL_1S,OCO_STOP_LIMIT,ONE_POINT_FROM_FILL,0,RESOLVED,SELL,2025-09-18 13:30:00.011009345+00:00,24678.75,2025-09-18 13:30:00.011009345+00:00,24679.5,24663.25,24680.5,True,LIVE_STOP,2025-09-18 13:30:00.021592615+00:00,24680.5,-49.0,-621.0,0.0,0.5,0.003563144,,
2228,2025-09-18 09:30,NY,VALIDATED_SOURCE,NQZ5,572.0,OCO_LIMIT_1P0_TTL_1S,OCO_STOP_LIMIT,ONE_POINT_FROM_FILL,1,RESOLVED,SELL,2025-09-18 13:30:00.011009345+00:00,24678.75,2025-09-18 13:30:00.011009345+00:00,24679.25,24663.25,24680.25,True,LIVE_STOP,2025-09-18 13:30:00.021592615+00:00,24680.75,-69.0,-641.0,0.0,0.5,0.003563144,,
2228,2025-09-18 09:30,NY,VALIDATED_SOURCE,NQZ5,572.0,OCO_LIMIT_1P0_TTL_1S,OCO_STOP_LIMIT,ONE_POINT_FROM_FILL,2,RESOLVED,SELL,2025-09-18 13:30:00.011009345+00:00,24678.75,2025-09-18 13:30:00.011009345+00:00,24679.0,24663.25,24680.0,True,LIVE_STOP,2025-09-18 13:30:00.011009345+00:00,24680.5,-69.0,-641.0,0.0,0.5,0.003563144,,
2228,2025-09-18 09:30,NY,VALIDATED_SOURCE,NQZ5,572.0,OCO_LIMIT_1P0_TTL_1S,OCO_STOP_LIMIT,ONE_POINT_FROM_FILL,4,RESOLVED,SELL,2025-09-18 13:30:00.011009345+00:00,24678.75,2025-09-18 13:30:00.011009345+00:00,24678.5,24663.25,24679.5,True,LIVE_STOP,2025-09-18 13:30:00.011009345+00:00,24681.0,-109.0,-681.0,0.25,0.5,0.003563144,,
2228,2025-09-18 09:30,NY,VALIDATED_SOURCE,NQZ5,572.0,OCO_LIMIT_2P0_TTL_1S,OCO_STOP_LIMIT,ORIGINAL_SURVIVOR_STOP,0,RESOLVED,SELL,2025-09-18 13:30:00.011009345+00:00,24678.75,2025-09-18 13:30:00.011009345+00:00,24679.5,24663.25,24680.25,True,LIVE_STOP,2025-09-18 13:30:00.021592615+00:00,24680.5,-49.0,-621.0,0.0,0.5,0.003563144,,
2228,2025-09-18 09:30,NY,VALIDATED_SOURCE,NQZ5,572.0,OCO_LIMIT_2P0_TTL_1S,OCO_STOP_LIMIT,ORIGINAL_SURVIVOR_STOP,1,RESOLVED,SELL,2025-09-18 13:30:00.011009345+00:00,24678.75,2025-09-18 13:30:00.011009345+00:00,24679.25,24663.25,24680.25,True,LIVE_STOP,2025-09-18 13:30:00.021592615+00:00,24680.75,-69.0,-641.0,0.0,0.5,0.003563144,,
2228,2025-09-18 09:30,NY,VALIDATED_SOURCE,NQZ5,572.0,OCO_LIMIT_2P0_TTL_1S,OCO_STOP_LIMIT,ORIGINAL_SURVIVOR_STOP,2,RESOLVED,SELL,2025-09-18 13:30:00.011009345+00:00,24678.75,2025-09-18 13:30:00.011009345+00:00,24679.0,24663.25,24680.25,True,LIVE_STOP,2025-09-18 13:30:00.021592615+00:00,24681.0,-89.0,-661.0,0.0,0.5,0.003563144,,
2228,2025-09-18 09:30,NY,VALIDATED_SOURCE,NQZ5,572.0,OCO_LIMIT_2P0_TTL_1S,OCO_STOP_LIMIT,ORIGINAL_SURVIVOR_STOP,4,RESOLVED,SELL,2025-09-18 13:30:00.011009345+00:00,24678.75,2025-09-18 13:30:00.011009345+00:00,24678.5,24663.25,24680.25,True,LIVE_STOP,2025-09-18 13:30:00.021592615+00:00,24681.5,-129.0,-701.0,0.25,0.5,0.003563144,,
2228,2025-09-18 09:30,NY,VALIDATED_SOURCE,NQZ5,572.0,OCO_LIMIT_2P0_TTL_1S,OCO_STOP_LIMIT,ONE_POINT_FROM_FILL,0,RESOLVED,SELL,2025-09-18 13:30:00.011009345+00:00,24678.75,2025-09-18 13:30:00.011009345+00:00,24679.5,24663.25,24680.5,True,LIVE_STOP,2025-09-18 13:30:00.021592615+00:00,24680.5,-49.0,-621.0,0.0,0.5,0.003563144,,
2228,2025-09-18 09:30,NY,VALIDATED_SOURCE,NQZ5,572.0,OCO_LIMIT_2P0_TTL_1S,OCO_STOP_LIMIT,ONE_POINT_FROM_FILL,1,RESOLVED,SELL,2025-09-18 13:30:00.011009345+00:00,24678.75,2025-09-18 13:30:00.011009345+00:00,24679.25,24663.25,24680.25,True,LIVE_STOP,2025-09-18 13:30:00.021592615+00:00,24680.75,-69.0,-641.0,0.0,0.5,0.003563144,,
2228,2025-09-18 09:30,NY,VALIDATED_SOURCE,NQZ5,572.0,OCO_LIMIT_2P0_TTL_1S,OCO_STOP_LIMIT,ONE_POINT_FROM_FILL,2,RESOLVED,SELL,2025-09-18 13:30:00.011009345+00:00,24678.75,2025-09-18 13:30:00.011009345+00:00,24679.0,24663.25,24680.0,True,LIVE_STOP,2025-09-18 13:30:00.011009345+00:00,24680.5,-69.0,-641.0,0.0,0.5,0.003563144,,
2228,2025-09-18 09:30,NY,VALIDATED_SOURCE,NQZ5,572.0,OCO_LIMIT_2P0_TTL_1S,OCO_STOP_LIMIT,ONE_POINT_FROM_FILL,4,RESOLVED,SELL,2025-09-18 13:30:00.011009345+00:00,24678.75,2025-09-18 13:30:00.011009345+00:00,24678.5,24663.25,24679.5,True,LIVE_STOP,2025-09-18 13:30:00.011009345+00:00,24681.0,-109.0,-681.0,0.25,0.5,0.003563144,,
2228,2025-09-18 09:30,NY,VALIDATED_SOURCE,NQZ5,572.0,CTRL_100MS_CAP_0P5,CONTROLLER_MARKET,ORIGINAL_SURVIVOR_STOP,0,RESOLVED,SELL,2025-09-18 13:30:00.011009345+00:00,24678.75,2025-09-18 13:30:00.116056651+00:00,24680.5,24663.25,24680.25,True,LIVE_STOP,2025-09-18 13:30:00.116056651+00:00,24681.25,-39.0,-611.0,0.0,0.75,0.003563144,,
2228,2025-09-18 09:30,NY,VALIDATED_SOURCE,NQZ5,572.0,CTRL_100MS_CAP_0P5,CONTROLLER_MARKET,ORIGINAL_SURVIVOR_STOP,1,RESOLVED,SELL,2025-09-18 13:30:00.011009345+00:00,24678.75,2025-09-18 13:30:00.116056651+00:00,24680.25,24663.25,24680.25,True,LIVE_STOP,2025-09-18 13:30:00.116056651+00:00,24681.5,-59.0,-631.0,0.0,0.75,0.003563144,,
2228,2025-09-18 09:30,NY,VALIDATED_SOURCE,NQZ5,572.0,CTRL_100MS_CAP_0P5,CONTROLLER_MARKET,ORIGINAL_SURVIVOR_STOP,2,RESOLVED,SELL,2025-09-18 13:30:00.011009345+00:00,24678.75,2025-09-18 13:30:00.116056651+00:00,24680.0,24663.25,24680.25,True,LIVE_STOP,2025-09-18 13:30:00.116056651+00:00,24681.75,-79.0,-651.0,0.0,0.75,0.003563144,,
2228,2025-09-18 09:30,NY,VALIDATED_SOURCE,NQZ5,572.0,CTRL_100MS_CAP_0P5,CONTROLLER_MARKET,ORIGINAL_SURVIVOR_STOP,4,RESOLVED,SELL,2025-09-18 13:30:00.011009345+00:00,24678.75,2025-09-18 13:30:00.116056651+00:00,24679.5,24663.25,24680.25,True,LIVE_STOP,2025-09-18 13:30:00.116056651+00:00,24682.25,-119.0,-691.0,0.0,0.75,0.003563144,,
2228,2025-09-18 09:30,NY,VALIDATED_SOURCE,NQZ5,572.0,CTRL_100MS_CAP_0P5,CONTROLLER_MARKET,ONE_POINT_FROM_FILL,0,RESOLVED,SELL,2025-09-18 13:30:00.011009345+00:00,24678.75,2025-09-18 13:30:00.116056651+00:00,24680.5,24663.25,24681.5,True,LIVE_STOP,2025-09-18 13:30:00.135832737+00:00,24681.75,-59.0,-631.0,0.0,0.75,0.003563144,,
2228,2025-09-18 09:30,NY,VALIDATED_SOURCE,NQZ5,572.0,CTRL_100MS_CAP_0P5,CONTROLLER_MARKET,ONE_POINT_FROM_FILL,1,RESOLVED,SELL,2025-09-18 13:30:00.011009345+00:00,24678.75,2025-09-18 13:30:00.116056651+00:00,24680.25,24663.25,24681.25,True,LIVE_STOP,2025-09-18 13:30:00.116056651+00:00,24681.5,-59.0,-631.0,0.0,0.75,0.003563144,,
2228,2025-09-18 09:30,NY,VALIDATED_SOURCE,NQZ5,572.0,CTRL_100MS_CAP_0P5,CONTROLLER_MARKET,ONE_POINT_FROM_FILL,2,RESOLVED,SELL,2025-09-18 13:30:00.011009345+00:00,24678.75,2025-09-18 13:30:00.116056651+00:00,24680.0,24663.25,24681.0,True,LIVE_STOP,2025-09-18 13:30:00.116056651+00:00,24681.75,-79.0,-651.0,0.0,0.75,0.003563144,,
2228,2025-09-18 09:30,NY,VALIDATED_SOURCE,NQZ5,572.0,CTRL_100MS_CAP_0P5,CONTROLLER_MARKET,ONE_POINT_FROM_FILL,4,RESOLVED,SELL,2025-09-18 13:30:00.011009345+00:00,24678.75,2025-09-18 13:30:00.116056651+00:00,24679.5,24663.25,24680.5,True,LIVE_STOP,2025-09-18 13:30:00.116056651+00:00,24682.25,-119.0,-691.0,0.0,0.75,0.003563144,,
2228,2025-09-18 09:30,NY,VALIDATED_SOURCE,NQZ5,572.0,CTRL_250MS_CAP_1P0,CONTROLLER_MARKET,ORIGINAL_SURVIVOR_STOP,0,RESOLVED,SELL,2025-09-18 13:30:00.011009345+00:00,24678.75,2025-09-18 13:30:00.265938527+00:00,24679.75,24663.25,24680.25,True,LIVE_STOP,2025-09-18 13:30:00.275123367+00:00,24680.25,-29.0,-601.0,0.0,0.25,0.003563144,,
2228,2025-09-18 09:30,NY,VALIDATED_SOURCE,NQZ5,572.0,CTRL_250MS_CAP_1P0,CONTROLLER_MARKET,ORIGINAL_SURVIVOR_STOP,1,RESOLVED,SELL,2025-09-18 13:30:00.011009345+00:00,24678.75,2025-09-18 13:30:00.265938527+00:00,24679.5,24663.25,24680.25,True,LIVE_STOP,2025-09-18 13:30:00.275123367+00:00,24680.5,-49.0,-621.0,0.0,0.25,0.003563144,,
2228,2025-09-18 09:30,NY,VALIDATED_SOURCE,NQZ5,572.0,CTRL_250MS_CAP_1P0,CONTROLLER_MARKET,ORIGINAL_SURVIVOR_STOP,2,RESOLVED,SELL,2025-09-18 13:30:00.011009345+00:00,24678.75,2025-09-18 13:30:00.265938527+00:00,24679.25,24663.25,24680.25,True,LIVE_STOP,2025-09-18 13:30:00.275123367+00:00,24680.75,-69.0,-641.0,0.0,0.25,0.003563144,,
2228,2025-09-18 09:30,NY,VALIDATED_SOURCE,NQZ5,572.0,CTRL_250MS_CAP_1P0,CONTROLLER_MARKET,ORIGINAL_SURVIVOR_STOP,4,RESOLVED,SELL,2025-09-18 13:30:00.011009345+00:00,24678.75,2025-09-18 13:30:00.265938527+00:00,24678.75,24663.25,24680.25,True,LIVE_STOP,2025-09-18 13:30:00.275123367+00:00,24681.25,-109.0,-681.0,0.0,0.25,0.003563144,,
2228,2025-09-18 09:30,NY,VALIDATED_SOURCE,NQZ5,572.0,CTRL_250MS_CAP_1P0,CONTROLLER_MARKET,ONE_POINT_FROM_FILL,0,RESOLVED,SELL,2025-09-18 13:30:00.011009345+00:00,24678.75,2025-09-18 13:30:00.265938527+00:00,24679.75,24663.25,24680.75,True,LIVE_STOP,2025-09-18 13:30:00.314393791+00:00,24680.75,-49.0,-621.0,0.0,0.25,0.003563144,,
2228,2025-09-18 09:30,NY,VALIDATED_SOURCE,NQZ5,572.0,CTRL_250MS_CAP_1P0,CONTROLLER_MARKET,ONE_POINT_FROM_FILL,1,RESOLVED,SELL,2025-09-18 13:30:00.011009345+00:00,24678.75,2025-09-18 13:30:00.265938527+00:00,24679.5,24663.25,24680.5,True,LIVE_STOP,2025-09-18 13:30:00.314393791+00:00,24681.0,-69.0,-641.0,0.0,0.25,0.003563144,,
2228,2025-09-18 09:30,NY,VALIDATED_SOURCE,NQZ5,572.0,CTRL_250MS_CAP_1P0,CONTROLLER_MARKET,ONE_POINT_FROM_FILL,2,RESOLVED,SELL,2025-09-18 13:30:00.011009345+00:00,24678.75,2025-09-18 13:30:00.265938527+00:00,24679.25,24663.25,24680.25,True,LIVE_STOP,2025-09-18 13:30:00.275123367+00:00,24680.75,-69.0,-641.0,0.0,0.25,0.003563144,,
2228,2025-09-18 09:30,NY,VALIDATED_SOURCE,NQZ5,572.0,CTRL_250MS_CAP_1P0,CONTROLLER_MARKET,ONE_POINT_FROM_FILL,4,RESOLVED,SELL,2025-09-18 13:30:00.011009345+00:00,24678.75,2025-09-18 13:30:00.265938527+00:00,24678.75,24663.25,24679.75,True,LIVE_STOP,2025-09-18 13:30:00.265938527+00:00,24681.0,-99.0,-671.0,0.0,0.25,0.003563144,,
2228,2025-09-18 09:30,NY,VALIDATED_SOURCE,NQZ5,572.0,CTRL_500MS_CAP_1P0,CONTROLLER_MARKET,ORIGINAL_SURVIVOR_STOP,0,SKIP_CHASE_CAP,SELL,2025-09-18 13:30:00.011009345+00:00,24678.75,,24676.75,,,False,,,,0.0,-572.0,2.0,0.5,,146.0,
2228,2025-09-18 09:30,NY,VALIDATED_SOURCE,NQZ5,572.0,CTRL_500MS_CAP_1P0,CONTROLLER_MARKET,ORIGINAL_SURVIVOR_STOP,1,SKIP_CHASE_CAP,SELL,2025-09-18 13:30:00.011009345+00:00,24678.75,,24676.5,,,False,,,,0.0,-572.0,2.25,0.5,,146.0,
2228,2025-09-18 09:30,NY,VALIDATED_SOURCE,NQZ5,572.0,CTRL_500MS_CAP_1P0,CONTROLLER_MARKET,ORIGINAL_SURVIVOR_STOP,2,SKIP_CHASE_CAP,SELL,2025-09-18 13:30:00.011009345+00:00,24678.75,,24676.25,,,False,,,,0.0,-572.0,2.5,0.5,,146.0,
2228,2025-09-18 09:30,NY,VALIDATED_SOURCE,NQZ5,572.0,CTRL_500MS_CAP_1P0,CONTROLLER_MARKET,ORIGINAL_SURVIVOR_STOP,4,SKIP_CHASE_CAP,SELL,2025-09-18 13:30:00.011009345+00:00,24678.75,,24675.75,,,False,,,,0.0,-572.0,3.0,0.5,,146.0,
2228,2025-09-18 09:30,NY,VALIDATED_SOURCE,NQZ5,572.0,CTRL_500MS_CAP_1P0,CONTROLLER_MARKET,ONE_POINT_FROM_FILL,0,SKIP_CHASE_CAP,SELL,2025-09-18 13:30:00.011009345+00:00,24678.75,,24676.75,,,False,,,,0.0,-572.0,2.0,0.5,,146.0,
2228,2025-09-18 09:30,NY,VALIDATED_SOURCE,NQZ5,572.0,CTRL_500MS_CAP_1P0,CONTROLLER_MARKET,ONE_POINT_FROM_FILL,1,SKIP_CHASE_CAP,SELL,2025-09-18 13:30:00.011009345+00:00,24678.75,,24676.5,,,False,,,,0.0,-572.0,2.25,0.5,,146.0,
2228,2025-09-18 09:30,NY,VALIDATED_SOURCE,NQZ5,572.0,CTRL_500MS_CAP_1P0,CONTROLLER_MARKET,ONE_POINT_FROM_FILL,2,SKIP_CHASE_CAP,SELL,2025-09-18 13:30:00.011009345+00:00,24678.75,,24676.25,,,False,,,,0.0,-572.0,2.5,0.5,,146.0,
2228,2025-09-18 09:30,NY,VALIDATED_SOURCE,NQZ5,572.0,CTRL_500MS_CAP_1P0,CONTROLLER_MARKET,ONE_POINT_FROM_FILL,4,SKIP_CHASE_CAP,SELL,2025-09-18 13:30:00.011009345+00:00,24678.75,,24675.75,,,False,,,,0.0,-572.0,3.0,0.5,,146.0,
2228,2025-09-18 09:30,NY,VALIDATED_SOURCE,NQZ5,572.0,CTRL_1S_CAP_2P0,CONTROLLER_MARKET,ORIGINAL_SURVIVOR_STOP,0,SKIP_CHASE_CAP,SELL,2025-09-18 13:30:00.011009345+00:00,24678.75,,24675.5,,,False,,,,0.0,-572.0,3.25,0.25,,248.0,
2228,2025-09-18 09:30,NY,VALIDATED_SOURCE,NQZ5,572.0,CTRL_1S_CAP_2P0,CONTROLLER_MARKET,ORIGINAL_SURVIVOR_STOP,1,SKIP_CHASE_CAP,SELL,2025-09-18 13:30:00.011009345+00:00,24678.75,,24675.25,,,False,,,,0.0,-572.0,3.5,0.25,,248.0,
2228,2025-09-18 09:30,NY,VALIDATED_SOURCE,NQZ5,572.0,CTRL_1S_CAP_2P0,CONTROLLER_MARKET,ORIGINAL_SURVIVOR_STOP,2,SKIP_CHASE_CAP,SELL,2025-09-18 13:30:00.011009345+00:00,24678.75,,24675.0,,,False,,,,0.0,-572.0,3.75,0.25,,248.0,
2228,2025-09-18 09:30,NY,VALIDATED_SOURCE,NQZ5,572.0,CTRL_1S_CAP_2P0,CONTROLLER_MARKET,ORIGINAL_SURVIVOR_STOP,4,SKIP_CHASE_CAP,SELL,2025-09-18 13:30:00.011009345+00:00,24678.75,,24674.5,,,False,,,,0.0,-572.0,4.25,0.25,,248.0,
2228,2025-09-18 09:30,NY,VALIDATED_SOURCE,NQZ5,572.0,CTRL_1S_CAP_2P0,CONTROLLER_MARKET,ONE_POINT_FROM_FILL,0,SKIP_CHASE_CAP,SELL,2025-09-18 13:30:00.011009345+00:00,24678.75,,24675.5,,,False,,,,0.0,-572.0,3.25,0.25,,248.0,
2228,2025-09-18 09:30,NY,VALIDATED_SOURCE,NQZ5,572.0,CTRL_1S_CAP_2P0,CONTROLLER_MARKET,ONE_POINT_FROM_FILL,1,SKIP_CHASE_CAP,SELL,2025-09-18 13:30:00.011009345+00:00,24678.75,,24675.25,,,False,,,,0.0,-572.0,3.5,0.25,,248.0,
2228,2025-09-18 09:30,NY,VALIDATED_SOURCE,NQZ5,572.0,CTRL_1S_CAP_2P0,CONTROLLER_MARKET,ONE_POINT_FROM_FILL,2,SKIP_CHASE_CAP,SELL,2025-09-18 13:30:00.011009345+00:00,24678.75,,24675.0,,,False,,,,0.0,-572.0,3.75,0.25,,248.0,
2228,2025-09-18 09:30,NY,VALIDATED_SOURCE,NQZ5,572.0,CTRL_1S_CAP_2P0,CONTROLLER_MARKET,ONE_POINT_FROM_FILL,4,SKIP_CHASE_CAP,SELL,2025-09-18 13:30:00.011009345+00:00,24678.75,,24674.5,,,False,,,,0.0,-572.0,4.25,0.25,,248.0,
2229,2025-09-19 09:30,NY,VALIDATED_SOURCE,NQZ5,-118.0,OCO_LIMIT_0P5_TTL_1S,OCO_STOP_LIMIT,ORIGINAL_SURVIVOR_STOP,0,RESOLVED,BUY,2025-09-19 13:30:00.002401229+00:00,24768.5,2025-09-19 13:30:00.002401229+00:00,24768.5,24784.0,24767.0,True,LIVE_STOP,2025-09-19 13:30:00.009256491+00:00,24767.75,-39.0,79.0,0.0,0.5,0.000889746,,
2229,2025-09-19 09:30,NY,VALIDATED_SOURCE,NQZ5,-118.0,OCO_LIMIT_0P5_TTL_1S,OCO_STOP_LIMIT,ORIGINAL_SURVIVOR_STOP,1,RESOLVED,BUY,2025-09-19 13:30:00.002401229+00:00,24768.5,2025-09-19 13:30:00.002401229+00:00,24768.75,24784.0,24767.0,True,LIVE_STOP,2025-09-19 13:30:00.009256491+00:00,24767.5,-59.0,59.0,0.25,0.5,0.000889746,,
2229,2025-09-19 09:30,NY,VALIDATED_SOURCE,NQZ5,-118.0,OCO_LIMIT_0P5_TTL_1S,OCO_STOP_LIMIT,ORIGINAL_SURVIVOR_STOP,2,RESOLVED,BUY,2025-09-19 13:30:00.002401229+00:00,24768.5,2025-09-19 13:30:00.002401229+00:00,24769.0,24784.0,24767.0,True,LIVE_STOP,2025-09-19 13:30:00.009256491+00:00,24767.25,-79.0,39.0,0.5,0.5,0.000889746,,
2229,2025-09-19 09:30,NY,VALIDATED_SOURCE,NQZ5,-118.0,OCO_LIMIT_0P5_TTL_1S,OCO_STOP_LIMIT,ORIGINAL_SURVIVOR_STOP,4,RESOLVED,BUY,2025-09-19 13:30:00.002401229+00:00,24768.5,2025-09-19 13:30:00.002401229+00:00,24769.0,24784.0,24767.0,True,LIVE_STOP,2025-09-19 13:30:00.009256491+00:00,24766.75,-99.0,19.0,0.5,0.5,0.000889746,,
2229,2025-09-19 09:30,NY,VALIDATED_SOURCE,NQZ5,-118.0,OCO_LIMIT_0P5_TTL_1S,OCO_STOP_LIMIT,ONE_POINT_FROM_FILL,0,RESOLVED,BUY,2025-09-19 13:30:00.002401229+00:00,24768.5,2025-09-19 13:30:00.002401229+00:00,24768.5,24784.0,24767.5,True,LIVE_STOP,2025-09-19 13:30:00.005529247+00:00,24768.0,-29.0,89.0,0.0,0.5,0.000889746,,
2229,2025-09-19 09:30,NY,VALIDATED_SOURCE,NQZ5,-118.0,OCO_LIMIT_0P5_TTL_1S,OCO_STOP_LIMIT,ONE_POINT_FROM_FILL,1,RESOLVED,BUY,2025-09-19 13:30:00.002401229+00:00,24768.5,2025-09-19 13:30:00.002401229+00:00,24768.75,24784.0,24767.75,True,LIVE_STOP,2025-09-19 13:30:00.005529247+00:00,24767.75,-49.0,69.0,0.25,0.5,0.000889746,,
2229,2025-09-19 09:30,NY,VALIDATED_SOURCE,NQZ5,-118.0,OCO_LIMIT_0P5_TTL_1S,OCO_STOP_LIMIT,ONE_POINT_FROM_FILL,2,RESOLVED,BUY,2025-09-19 13:30:00.002401229+00:00,24768.5,2025-09-19 13:30:00.002401229+00:00,24769.0,24784.0,24768.0,True,LIVE_STOP,2025-09-19 13:30:00.002401229+00:00,24767.5,-69.0,49.0,0.5,0.5,0.000889746,,
2229,2025-09-19 09:30,NY,VALIDATED_SOURCE,NQZ5,-118.0,OCO_LIMIT_0P5_TTL_1S,OCO_STOP_LIMIT,ONE_POINT_FROM_FILL,4,RESOLVED,BUY,2025-09-19 13:30:00.002401229+00:00,24768.5,2025-09-19 13:30:00.002401229+00:00,24769.0,24784.0,24768.0,True,LIVE_STOP,2025-09-19 13:30:00.002401229+00:00,24767.0,-89.0,29.0,0.5,0.5,0.000889746,,
2229,2025-09-19 09:30,NY,VALIDATED_SOURCE,NQZ5,-118.0,OCO_LIMIT_1P0_TTL_1S,OCO_STOP_LIMIT,ORIGINAL_SURVIVOR_STOP,0,RESOLVED,BUY,2025-09-19 13:30:00.002401229+00:00,24768.5,2025-09-19 13:30:00.002401229+00:00,24768.5,24784.0,24767.0,True,LIVE_STOP,2025-09-19 13:30:00.009256491+00:00,24767.75,-39.0,79.0,0.0,0.5,0.000889746,,
2229,2025-09-19 09:30,NY,VALIDATED_SOURCE,NQZ5,-118.0,OCO_LIMIT_1P0_TTL_1S,OCO_STOP_LIMIT,ORIGINAL_SURVIVOR_STOP,1,RESOLVED,BUY,2025-09-19 13:30:00.002401229+00:00,24768.5,2025-09-19 13:30:00.002401229+00:00,24768.75,24784.0,24767.0,True,LIVE_STOP,2025-09-19 13:30:00.009256491+00:00,24767.5,-59.0,59.0,0.25,0.5,0.000889746,,
2229,2025-09-19 09:30,NY,VALIDATED_SOURCE,NQZ5,-118.0,OCO_LIMIT_1P0_TTL_1S,OCO_STOP_LIMIT,ORIGINAL_SURVIVOR_STOP,2,RESOLVED,BUY,2025-09-19 13:30:00.002401229+00:00,24768.5,2025-09-19 13:30:00.002401229+00:00,24769.0,24784.0,24767.0,True,LIVE_STOP,2025-09-19 13:30:00.009256491+00:00,24767.25,-79.0,39.0,0.5,0.5,0.000889746,,
2229,2025-09-19 09:30,NY,VALIDATED_SOURCE,NQZ5,-118.0,OCO_LIMIT_1P0_TTL_1S,OCO_STOP_LIMIT,ORIGINAL_SURVIVOR_STOP,4,RESOLVED,BUY,2025-09-19 13:30:00.002401229+00:00,24768.5,2025-09-19 13:30:00.002401229+00:00,24769.5,24784.0,24767.0,True,LIVE_STOP,2025-09-19 13:30:00.009256491+00:00,24766.75,-119.0,-1.0,1.0,0.5,0.000889746,,
2229,2025-09-19 09:30,NY,VALIDATED_SOURCE,NQZ5,-118.0,OCO_LIMIT_1P0_TTL_1S,OCO_STOP_LIMIT,ONE_POINT_FROM_FILL,0,RESOLVED,BUY,2025-09-19 13:30:00.002401229+00:00,24768.5,2025-09-19 13:30:00.002401229+00:00,24768.5,24784.0,24767.5,True,LIVE_STOP,2025-09-19 13:30:00.005529247+00:00,24768.0,-29.0,89.0,0.0,0.5,0.000889746,,
2229,2025-09-19 09:30,NY,VALIDATED_SOURCE,NQZ5,-118.0,OCO_LIMIT_1P0_TTL_1S,OCO_STOP_LIMIT,ONE_POINT_FROM_FILL,1,RESOLVED,BUY,2025-09-19 13:30:00.002401229+00:00,24768.5,2025-09-19 13:30:00.002401229+00:00,24768.75,24784.0,24767.75,True,LIVE_STOP,2025-09-19 13:30:00.005529247+00:00,24767.75,-49.0,69.0,0.25,0.5,0.000889746,,
2229,2025-09-19 09:30,NY,VALIDATED_SOURCE,NQZ5,-118.0,OCO_LIMIT_1P0_TTL_1S,OCO_STOP_LIMIT,ONE_POINT_FROM_FILL,2,RESOLVED,BUY,2025-09-19 13:30:00.002401229+00:00,24768.5,2025-09-19 13:30:00.002401229+00:00,24769.0,24784.0,24768.0,True,LIVE_STOP,2025-09-19 13:30:00.002401229+00:00,24767.5,-69.0,49.0,0.5,0.5,0.000889746,,
2229,2025-09-19 09:30,NY,VALIDATED_SOURCE,NQZ5,-118.0,OCO_LIMIT_1P0_TTL_1S,OCO_STOP_LIMIT,ONE_POINT_FROM_FILL,4,RESOLVED,BUY,2025-09-19 13:30:00.002401229+00:00,24768.5,2025-09-19 13:30:00.002401229+00:00,24769.5,24784.0,24768.5,True,LIVE_STOP,2025-09-19 13:30:00.002401229+00:00,24767.0,-109.0,9.0,1.0,0.5,0.000889746,,
2229,2025-09-19 09:30,NY,VALIDATED_SOURCE,NQZ5,-118.0,OCO_LIMIT_2P0_TTL_1S,OCO_STOP_LIMIT,ORIGINAL_SURVIVOR_STOP,0,RESOLVED,BUY,2025-09-19 13:30:00.002401229+00:00,24768.5,2025-09-19 13:30:00.002401229+00:00,24768.5,24784.0,24767.0,True,LIVE_STOP,2025-09-19 13:30:00.009256491+00:00,24767.75,-39.0,79.0,0.0,0.5,0.000889746,,
2229,2025-09-19 09:30,NY,VALIDATED_SOURCE,NQZ5,-118.0,OCO_LIMIT_2P0_TTL_1S,OCO_STOP_LIMIT,ORIGINAL_SURVIVOR_STOP,1,RESOLVED,BUY,2025-09-19 13:30:00.002401229+00:00,24768.5,2025-09-19 13:30:00.002401229+00:00,24768.75,24784.0,24767.0,True,LIVE_STOP,2025-09-19 13:30:00.009256491+00:00,24767.5,-59.0,59.0,0.25,0.5,0.000889746,,
2229,2025-09-19 09:30,NY,VALIDATED_SOURCE,NQZ5,-118.0,OCO_LIMIT_2P0_TTL_1S,OCO_STOP_LIMIT,ORIGINAL_SURVIVOR_STOP,2,RESOLVED,BUY,2025-09-19 13:30:00.002401229+00:00,24768.5,2025-09-19 13:30:00.002401229+00:00,24769.0,24784.0,24767.0,True,LIVE_STOP,2025-09-19 13:30:00.009256491+00:00,24767.25,-79.0,39.0,0.5,0.5,0.000889746,,
2229,2025-09-19 09:30,NY,VALIDATED_SOURCE,NQZ5,-118.0,OCO_LIMIT_2P0_TTL_1S,OCO_STOP_LIMIT,ORIGINAL_SURVIVOR_STOP,4,RESOLVED,BUY,2025-09-19 13:30:00.002401229+00:00,24768.5,2025-09-19 13:30:00.002401229+00:00,24769.5,24784.0,24767.0,True,LIVE_STOP,2025-09-19 13:30:00.009256491+00:00,24766.75,-119.0,-1.0,1.0,0.5,0.000889746,,
2229,2025-09-19 09:30,NY,VALIDATED_SOURCE,NQZ5,-118.0,OCO_LIMIT_2P0_TTL_1S,OCO_STOP_LIMIT,ONE_POINT_FROM_FILL,0,RESOLVED,BUY,2025-09-19 13:30:00.002401229+00:00,24768.5,2025-09-19 13:30:00.002401229+00:00,24768.5,24784.0,24767.5,True,LIVE_STOP,2025-09-19 13:30:00.005529247+00:00,24768.0,-29.0,89.0,0.0,0.5,0.000889746,,
2229,2025-09-19 09:30,NY,VALIDATED_SOURCE,NQZ5,-118.0,OCO_LIMIT_2P0_TTL_1S,OCO_STOP_LIMIT,ONE_POINT_FROM_FILL,1,RESOLVED,BUY,2025-09-19 13:30:00.002401229+00:00,24768.5,2025-09-19 13:30:00.002401229+00:00,24768.75,24784.0,24767.75,True,LIVE_STOP,2025-09-19 13:30:00.005529247+00:00,24767.75,-49.0,69.0,0.25,0.5,0.000889746,,
2229,2025-09-19 09:30,NY,VALIDATED_SOURCE,NQZ5,-118.0,OCO_LIMIT_2P0_TTL_1S,OCO_STOP_LIMIT,ONE_POINT_FROM_FILL,2,RESOLVED,BUY,2025-09-19 13:30:00.002401229+00:00,24768.5,2025-09-19 13:30:00.002401229+00:00,24769.0,24784.0,24768.0,True,LIVE_STOP,2025-09-19 13:30:00.002401229+00:00,24767.5,-69.0,49.0,0.5,0.5,0.000889746,,
2229,2025-09-19 09:30,NY,VALIDATED_SOURCE,NQZ5,-118.0,OCO_LIMIT_2P0_TTL_1S,OCO_STOP_LIMIT,ONE_POINT_FROM_FILL,4,RESOLVED,BUY,2025-09-19 13:30:00.002401229+00:00,24768.5,2025-09-19 13:30:00.002401229+00:00,24769.5,24784.0,24768.5,True,LIVE_STOP,2025-09-19 13:30:00.002401229+00:00,24767.0,-109.0,9.0,1.0,0.5,0.000889746,,
2229,2025-09-19 09:30,NY,VALIDATED_SOURCE,NQZ5,-118.0,CTRL_100MS_CAP_0P5,CONTROLLER_MARKET,ORIGINAL_SURVIVOR_STOP,0,SKIP_CHASE_CAP,BUY,2025-09-19 13:30:00.002401229+00:00,24768.5,,24771.75,,,False,,,,0.0,118.0,3.25,0.5,,107.0,
2229,2025-09-19 09:30,NY,VALIDATED_SOURCE,NQZ5,-118.0,CTRL_100MS_CAP_0P5,CONTROLLER_MARKET,ORIGINAL_SURVIVOR_STOP,1,SKIP_CHASE_CAP,BUY,2025-09-19 13:30:00.002401229+00:00,24768.5,,24772.0,,,False,,,,0.0,118.0,3.5,0.5,,107.0,
2229,2025-09-19 09:30,NY,VALIDATED_SOURCE,NQZ5,-118.0,CTRL_100MS_CAP_0P5,CONTROLLER_MARKET,ORIGINAL_SURVIVOR_STOP,2,SKIP_CHASE_CAP,BUY,2025-09-19 13:30:00.002401229+00:00,24768.5,,24772.25,,,False,,,,0.0,118.0,3.75,0.5,,107.0,
2229,2025-09-19 09:30,NY,VALIDATED_SOURCE,NQZ5,-118.0,CTRL_100MS_CAP_0P5,CONTROLLER_MARKET,ORIGINAL_SURVIVOR_STOP,4,SKIP_CHASE_CAP,BUY,2025-09-19 13:30:00.002401229+00:00,24768.5,,24772.75,,,False,,,,0.0,118.0,4.25,0.5,,107.0,
2229,2025-09-19 09:30,NY,VALIDATED_SOURCE,NQZ5,-118.0,CTRL_100MS_CAP_0P5,CONTROLLER_MARKET,ONE_POINT_FROM_FILL,0,SKIP_CHASE_CAP,BUY,2025-09-19 13:30:00.002401229+00:00,24768.5,,24771.75,,,False,,,,0.0,118.0,3.25,0.5,,107.0,
2229,2025-09-19 09:30,NY,VALIDATED_SOURCE,NQZ5,-118.0,CTRL_100MS_CAP_0P5,CONTROLLER_MARKET,ONE_POINT_FROM_FILL,1,SKIP_CHASE_CAP,BUY,2025-09-19 13:30:00.002401229+00:00,24768.5,,24772.0,,,False,,,,0.0,118.0,3.5,0.5,,107.0,
2229,2025-09-19 09:30,NY,VALIDATED_SOURCE,NQZ5,-118.0,CTRL_100MS_CAP_0P5,CONTROLLER_MARKET,ONE_POINT_FROM_FILL,2,SKIP_CHASE_CAP,BUY,2025-09-19 13:30:00.002401229+00:00,24768.5,,24772.25,,,False,,,,0.0,118.0,3.75,0.5,,107.0,
2229,2025-09-19 09:30,NY,VALIDATED_SOURCE,NQZ5,-118.0,CTRL_100MS_CAP_0P5,CONTROLLER_MARKET,ONE_POINT_FROM_FILL,4,SKIP_CHASE_CAP,BUY,2025-09-19 13:30:00.002401229+00:00,24768.5,,24772.75,,,False,,,,0.0,118.0,4.25,0.5,,107.0,
2229,2025-09-19 09:30,NY,VALIDATED_SOURCE,NQZ5,-118.0,CTRL_250MS_CAP_1P0,CONTROLLER_MARKET,ORIGINAL_SURVIVOR_STOP,0,RESOLVED,BUY,2025-09-19 13:30:00.002401229+00:00,24768.5,2025-09-19 13:30:00.252848297+00:00,24768.75,24784.0,24767.0,True,LIVE_STOP,2025-09-19 13:30:00.937218365+00:00,24767.0,-79.0,39.0,0.25,0.5,0.000889746,,
2229,2025-09-19 09:30,NY,VALIDATED_SOURCE,NQZ5,-118.0,CTRL_250MS_CAP_1P0,CONTROLLER_MARKET,ORIGINAL_SURVIVOR_STOP,1,RESOLVED,BUY,2025-09-19 13:30:00.002401229+00:00,24768.5,2025-09-19 13:30:00.252848297+00:00,24769.0,24784.0,24767.0,True,LIVE_STOP,2025-09-19 13:30:00.937218365+00:00,24766.75,-99.0,19.0,0.5,0.5,0.000889746,,
2229,2025-09-19 09:30,NY,VALIDATED_SOURCE,NQZ5,-118.0,CTRL_250MS_CAP_1P0,CONTROLLER_MARKET,ORIGINAL_SURVIVOR_STOP,2,RESOLVED,BUY,2025-09-19 13:30:00.002401229+00:00,24768.5,2025-09-19 13:30:00.252848297+00:00,24769.25,24784.0,24767.0,True,LIVE_STOP,2025-09-19 13:30:00.937218365+00:00,24766.5,-119.0,-1.0,0.75,0.5,0.000889746,,
2229,2025-09-19 09:30,NY,VALIDATED_SOURCE,NQZ5,-118.0,CTRL_250MS_CAP_1P0,CONTROLLER_MARKET,ORIGINAL_SURVIVOR_STOP,4,SKIP_CHASE_CAP,BUY,2025-09-19 13:30:00.002401229+00:00,24768.5,,24769.75,,,False,,,,0.0,118.0,1.25,0.5,,198.0,
2229,2025-09-19 09:30,NY,VALIDATED_SOURCE,NQZ5,-118.0,CTRL_250MS_CAP_1P0,CONTROLLER_MARKET,ONE_POINT_FROM_FILL,0,RESOLVED,BUY,2025-09-19 13:30:00.002401229+00:00,24768.5,2025-09-19 13:30:00.252848297+00:00,24768.75,24784.0,24767.75,True,LIVE_STOP,2025-09-19 13:30:00.837398941+00:00,24767.75,-49.0,69.0,0.25,0.5,0.000889746,,
2229,2025-09-19 09:30,NY,VALIDATED_SOURCE,NQZ5,-118.0,CTRL_250MS_CAP_1P0,CONTROLLER_MARKET,ONE_POINT_FROM_FILL,1,RESOLVED,BUY,2025-09-19 13:30:00.002401229+00:00,24768.5,2025-09-19 13:30:00.252848297+00:00,24769.0,24784.0,24768.0,True,LIVE_STOP,2025-09-19 13:30:00.790223001+00:00,24767.75,-59.0,59.0,0.5,0.5,0.000889746,,
2229,2025-09-19 09:30,NY,VALIDATED_SOURCE,NQZ5,-118.0,CTRL_250MS_CAP_1P0,CONTROLLER_MARKET,ONE_POINT_FROM_FILL,2,RESOLVED,BUY,2025-09-19 13:30:00.002401229+00:00,24768.5,2025-09-19 13:30:00.252848297+00:00,24769.25,24784.0,24768.25,True,LIVE_STOP,2025-09-19 13:30:00.252848297+00:00,24767.75,-69.0,49.0,0.75,0.5,0.000889746,,
2229,2025-09-19 09:30,NY,VALIDATED_SOURCE,NQZ5,-118.0,CTRL_250MS_CAP_1P0,CONTROLLER_MARKET,ONE_POINT_FROM_FILL,4,SKIP_CHASE_CAP,BUY,2025-09-19 13:30:00.002401229+00:00,24768.5,,24769.75,,,False,,,,0.0,118.0,1.25,0.5,,198.0,
2229,2025-09-19 09:30,NY,VALIDATED_SOURCE,NQZ5,-118.0,CTRL_500MS_CAP_1P0,CONTROLLER_MARKET,ORIGINAL_SURVIVOR_STOP,0,SKIP_CHASE_CAP,BUY,2025-09-19 13:30:00.002401229+00:00,24768.5,,24771.5,,,False,,,,0.0,118.0,3.0,0.25,,270.0,
2229,2025-09-19 09:30,NY,VALIDATED_SOURCE,NQZ5,-118.0,CTRL_500MS_CAP_1P0,CONTROLLER_MARKET,ORIGINAL_SURVIVOR_STOP,1,SKIP_CHASE_CAP,BUY,2025-09-19 13:30:00.002401229+00:00,24768.5,,24771.75,,,False,,,,0.0,118.0,3.25,0.25,,270.0,
2229,2025-09-19 09:30,NY,VALIDATED_SOURCE,NQZ5,-118.0,CTRL_500MS_CAP_1P0,CONTROLLER_MARKET,ORIGINAL_SURVIVOR_STOP,2,SKIP_CHASE_CAP,BUY,2025-09-19 13:30:00.002401229+00:00,24768.5,,24772.0,,,False,,,,0.0,118.0,3.5,0.25,,270.0,
2229,2025-09-19 09:30,NY,VALIDATED_SOURCE,NQZ5,-118.0,CTRL_500MS_CAP_1P0,CONTROLLER_MARKET,ORIGINAL_SURVIVOR_STOP,4,SKIP_CHASE_CAP,BUY,2025-09-19 13:30:00.002401229+00:00,24768.5,,24772.5,,,False,,,,0.0,118.0,4.0,0.25,,270.0,
2229,2025-09-19 09:30,NY,VALIDATED_SOURCE,NQZ5,-118.0,CTRL_500MS_CAP_1P0,CONTROLLER_MARKET,ONE_POINT_FROM_FILL,0,SKIP_CHASE_CAP,BUY,2025-09-19 13:30:00.002401229+00:00,24768.5,,24771.5,,,False,,,,0.0,118.0,3.0,0.25,,270.0,
2229,2025-09-19 09:30,NY,VALIDATED_SOURCE,NQZ5,-118.0,CTRL_500MS_CAP_1P0,CONTROLLER_MARKET,ONE_POINT_FROM_FILL,1,SKIP_CHASE_CAP,BUY,2025-09-19 13:30:00.002401229+00:00,24768.5,,24771.75,,,False,,,,0.0,118.0,3.25,0.25,,270.0,
2229,2025-09-19 09:30,NY,VALIDATED_SOURCE,NQZ5,-118.0,CTRL_500MS_CAP_1P0,CONTROLLER_MARKET,ONE_POINT_FROM_FILL,2,SKIP_CHASE_CAP,BUY,2025-09-19 13:30:00.002401229+00:00,24768.5,,24772.0,,,False,,,,0.0,118.0,3.5,0.25,,270.0,
2229,2025-09-19 09:30,NY,VALIDATED_SOURCE,NQZ5,-118.0,CTRL_500MS_CAP_1P0,CONTROLLER_MARKET,ONE_POINT_FROM_FILL,4,SKIP_CHASE_CAP,BUY,2025-09-19 13:30:00.002401229+00:00,24768.5,,24772.5,,,False,,,,0.0,118.0,4.0,0.25,,270.0,
2229,2025-09-19 09:30,NY,VALIDATED_SOURCE,NQZ5,-118.0,CTRL_1S_CAP_2P0,CONTROLLER_MARKET,ORIGINAL_SURVIVOR_STOP,0,RESOLVED,BUY,2025-09-19 13:30:00.002401229+00:00,24768.5,2025-09-19 13:30:01.002404549+00:00,24766.75,24784.0,24767.0,True,LIVE_STOP,2025-09-19 13:30:01.002404549+00:00,24766.25,-29.0,89.0,0.0,0.5,0.000889746,,
2229,2025-09-19 09:30,NY,VALIDATED_SOURCE,NQZ5,-118.0,CTRL_1S_CAP_2P0,CONTROLLER_MARKET,ORIGINAL_SURVIVOR_STOP,1,RESOLVED,BUY,2025-09-19 13:30:00.002401229+00:00,24768.5,2025-09-19 13:30:01.002404549+00:00,24767.0,24784.0,24767.0,True,LIVE_STOP,2025-09-19 13:30:01.002404549+00:00,24766.0,-49.0,69.0,0.0,0.5,0.000889746,,
2229,2025-09-19 09:30,NY,VALIDATED_SOURCE,NQZ5,-118.0,CTRL_1S_CAP_2P0,CONTROLLER_MARKET,ORIGINAL_SURVIVOR_STOP,2,RESOLVED,BUY,2025-09-19 13:30:00.002401229+00:00,24768.5,2025-09-19 13:30:01.002404549+00:00,24767.25,24784.0,24767.0,True,LIVE_STOP,2025-09-19 13:30:01.002404549+00:00,24765.75,-69.0,49.0,0.0,0.5,0.000889746,,
2229,2025-09-19 09:30,NY,VALIDATED_SOURCE,NQZ5,-118.0,CTRL_1S_CAP_2P0,CONTROLLER_MARKET,ORIGINAL_SURVIVOR_STOP,4,RESOLVED,BUY,2025-09-19 13:30:00.002401229+00:00,24768.5,2025-09-19 13:30:01.002404549+00:00,24767.75,24784.0,24767.0,True,LIVE_STOP,2025-09-19 13:30:01.002404549+00:00,24765.25,-109.0,9.0,0.0,0.5,0.000889746,,
2229,2025-09-19 09:30,NY,VALIDATED_SOURCE,NQZ5,-118.0,CTRL_1S_CAP_2P0,CONTROLLER_MARKET,ONE_POINT_FROM_FILL,0,RESOLVED,BUY,2025-09-19 13:30:00.002401229+00:00,24768.5,2025-09-19 13:30:01.002404549+00:00,24766.75,24784.0,24765.75,True,LIVE_STOP,2025-09-19 13:30:01.006777707+00:00,24765.75,-49.0,69.0,0.0,0.5,0.000889746,,
2229,2025-09-19 09:30,NY,VALIDATED_SOURCE,NQZ5,-118.0,CTRL_1S_CAP_2P0,CONTROLLER_MARKET,ONE_POINT_FROM_FILL,1,RESOLVED,BUY,2025-09-19 13:30:00.002401229+00:00,24768.5,2025-09-19 13:30:01.002404549+00:00,24767.0,24784.0,24766.0,True,LIVE_STOP,2025-09-19 13:30:01.005371793+00:00,24765.75,-59.0,59.0,0.0,0.5,0.000889746,,
2229,2025-09-19 09:30,NY,VALIDATED_SOURCE,NQZ5,-118.0,CTRL_1S_CAP_2P0,CONTROLLER_MARKET,ONE_POINT_FROM_FILL,2,RESOLVED,BUY,2025-09-19 13:30:00.002401229+00:00,24768.5,2025-09-19 13:30:01.002404549+00:00,24767.25,24784.0,24766.25,True,LIVE_STOP,2025-09-19 13:30:01.002404549+00:00,24765.75,-69.0,49.0,0.0,0.5,0.000889746,,
2229,2025-09-19 09:30,NY,VALIDATED_SOURCE,NQZ5,-118.0,CTRL_1S_CAP_2P0,CONTROLLER_MARKET,ONE_POINT_FROM_FILL,4,RESOLVED,BUY,2025-09-19 13:30:00.002401229+00:00,24768.5,2025-09-19 13:30:01.002404549+00:00,24767.75,24784.0,24766.75,True,LIVE_STOP,2025-09-19 13:30:01.002404549+00:00,24765.25,-109.0,9.0,0.0,0.5,0.000889746,,
