trade_number,entry_time_et,dataset_split,source_status,route,quantity,rule,family,extra_slippage_ticks,control_pair_net,control_buy_net,control_sell_net,survivor,loser,usable_survivor_session,candidate_pair_net,candidate_buy_net,candidate_sell_net,delta_vs_control,floor_fired,exit_reason,candidate_exit_time_utc,candidate_exit_price,pair_peak_before_exit,protected_floor_at_exit,activation_r,lock_pct_at_exit
2175,2025-08-03 18:00,DISCOVERY_AUGUST,VALIDATED_SOURCE,WEEKLY,2,CONTROL_NO_PAIR_FLOOR,CONTROL,0,-118.0,-59.0,-59.0,SELL,BUY,False,-118.0,-59.0,-59.0,0.0,False,CONTROL_OR_NO_SINGLE_SURVIVOR,,,,,999.0,
2175,2025-08-03 18:00,DISCOVERY_AUGUST,VALIDATED_SOURCE,WEEKLY,2,CONTROL_NO_PAIR_FLOOR,CONTROL,1,-118.0,-59.0,-59.0,SELL,BUY,False,-118.0,-59.0,-59.0,0.0,False,CONTROL_OR_NO_SINGLE_SURVIVOR,,,,,999.0,
2175,2025-08-03 18:00,DISCOVERY_AUGUST,VALIDATED_SOURCE,WEEKLY,2,CONTROL_NO_PAIR_FLOOR,CONTROL,2,-118.0,-59.0,-59.0,SELL,BUY,False,-118.0,-59.0,-59.0,0.0,False,CONTROL_OR_NO_SINGLE_SURVIVOR,,,,,999.0,
2175,2025-08-03 18:00,DISCOVERY_AUGUST,VALIDATED_SOURCE,WEEKLY,2,CONTROL_NO_PAIR_FLOOR,CONTROL,4,-118.0,-59.0,-59.0,SELL,BUY,False,-118.0,-59.0,-59.0,0.0,False,CONTROL_OR_NO_SINGLE_SURVIVOR,,,,,999.0,
2175,2025-08-03 18:00,DISCOVERY_AUGUST,VALIDATED_SOURCE,WEEKLY,2,FIXED_50_ARM_2R,FIXED,0,-118.0,-59.0,-59.0,SELL,BUY,False,-118.0,-59.0,-59.0,0.0,False,CONTROL_OR_NO_SINGLE_SURVIVOR,,,,,2.0,
2175,2025-08-03 18:00,DISCOVERY_AUGUST,VALIDATED_SOURCE,WEEKLY,2,FIXED_50_ARM_2R,FIXED,1,-118.0,-59.0,-59.0,SELL,BUY,False,-118.0,-59.0,-59.0,0.0,False,CONTROL_OR_NO_SINGLE_SURVIVOR,,,,,2.0,
2175,2025-08-03 18:00,DISCOVERY_AUGUST,VALIDATED_SOURCE,WEEKLY,2,FIXED_50_ARM_2R,FIXED,2,-118.0,-59.0,-59.0,SELL,BUY,False,-118.0,-59.0,-59.0,0.0,False,CONTROL_OR_NO_SINGLE_SURVIVOR,,,,,2.0,
2175,2025-08-03 18:00,DISCOVERY_AUGUST,VALIDATED_SOURCE,WEEKLY,2,FIXED_50_ARM_2R,FIXED,4,-118.0,-59.0,-59.0,SELL,BUY,False,-118.0,-59.0,-59.0,0.0,False,CONTROL_OR_NO_SINGLE_SURVIVOR,,,,,2.0,
2175,2025-08-03 18:00,DISCOVERY_AUGUST,VALIDATED_SOURCE,WEEKLY,2,FIXED_65_ARM_2R,FIXED,0,-118.0,-59.0,-59.0,SELL,BUY,False,-118.0,-59.0,-59.0,0.0,False,CONTROL_OR_NO_SINGLE_SURVIVOR,,,,,2.0,
2175,2025-08-03 18:00,DISCOVERY_AUGUST,VALIDATED_SOURCE,WEEKLY,2,FIXED_65_ARM_2R,FIXED,1,-118.0,-59.0,-59.0,SELL,BUY,False,-118.0,-59.0,-59.0,0.0,False,CONTROL_OR_NO_SINGLE_SURVIVOR,,,,,2.0,
2175,2025-08-03 18:00,DISCOVERY_AUGUST,VALIDATED_SOURCE,WEEKLY,2,FIXED_65_ARM_2R,FIXED,2,-118.0,-59.0,-59.0,SELL,BUY,False,-118.0,-59.0,-59.0,0.0,False,CONTROL_OR_NO_SINGLE_SURVIVOR,,,,,2.0,
2175,2025-08-03 18:00,DISCOVERY_AUGUST,VALIDATED_SOURCE,WEEKLY,2,FIXED_65_ARM_2R,FIXED,4,-118.0,-59.0,-59.0,SELL,BUY,False,-118.0,-59.0,-59.0,0.0,False,CONTROL_OR_NO_SINGLE_SURVIVOR,,,,,2.0,
2175,2025-08-03 18:00,DISCOVERY_AUGUST,VALIDATED_SOURCE,WEEKLY,2,FIXED_75_ARM_2R,FIXED,0,-118.0,-59.0,-59.0,SELL,BUY,False,-118.0,-59.0,-59.0,0.0,False,CONTROL_OR_NO_SINGLE_SURVIVOR,,,,,2.0,
2175,2025-08-03 18:00,DISCOVERY_AUGUST,VALIDATED_SOURCE,WEEKLY,2,FIXED_75_ARM_2R,FIXED,1,-118.0,-59.0,-59.0,SELL,BUY,False,-118.0,-59.0,-59.0,0.0,False,CONTROL_OR_NO_SINGLE_SURVIVOR,,,,,2.0,
2175,2025-08-03 18:00,DISCOVERY_AUGUST,VALIDATED_SOURCE,WEEKLY,2,FIXED_75_ARM_2R,FIXED,2,-118.0,-59.0,-59.0,SELL,BUY,False,-118.0,-59.0,-59.0,0.0,False,CONTROL_OR_NO_SINGLE_SURVIVOR,,,,,2.0,
2175,2025-08-03 18:00,DISCOVERY_AUGUST,VALIDATED_SOURCE,WEEKLY,2,FIXED_75_ARM_2R,FIXED,4,-118.0,-59.0,-59.0,SELL,BUY,False,-118.0,-59.0,-59.0,0.0,False,CONTROL_OR_NO_SINGLE_SURVIVOR,,,,,2.0,
2175,2025-08-03 18:00,DISCOVERY_AUGUST,VALIDATED_SOURCE,WEEKLY,2,FIXED_85_ARM_2R,FIXED,0,-118.0,-59.0,-59.0,SELL,BUY,False,-118.0,-59.0,-59.0,0.0,False,CONTROL_OR_NO_SINGLE_SURVIVOR,,,,,2.0,
2175,2025-08-03 18:00,DISCOVERY_AUGUST,VALIDATED_SOURCE,WEEKLY,2,FIXED_85_ARM_2R,FIXED,1,-118.0,-59.0,-59.0,SELL,BUY,False,-118.0,-59.0,-59.0,0.0,False,CONTROL_OR_NO_SINGLE_SURVIVOR,,,,,2.0,
2175,2025-08-03 18:00,DISCOVERY_AUGUST,VALIDATED_SOURCE,WEEKLY,2,FIXED_85_ARM_2R,FIXED,2,-118.0,-59.0,-59.0,SELL,BUY,False,-118.0,-59.0,-59.0,0.0,False,CONTROL_OR_NO_SINGLE_SURVIVOR,,,,,2.0,
2175,2025-08-03 18:00,DISCOVERY_AUGUST,VALIDATED_SOURCE,WEEKLY,2,FIXED_85_ARM_2R,FIXED,4,-118.0,-59.0,-59.0,SELL,BUY,False,-118.0,-59.0,-59.0,0.0,False,CONTROL_OR_NO_SINGLE_SURVIVOR,,,,,2.0,
2175,2025-08-03 18:00,DISCOVERY_AUGUST,VALIDATED_SOURCE,WEEKLY,2,FIXED_50_ARM_3R,FIXED,0,-118.0,-59.0,-59.0,SELL,BUY,False,-118.0,-59.0,-59.0,0.0,False,CONTROL_OR_NO_SINGLE_SURVIVOR,,,,,3.0,
2175,2025-08-03 18:00,DISCOVERY_AUGUST,VALIDATED_SOURCE,WEEKLY,2,FIXED_50_ARM_3R,FIXED,1,-118.0,-59.0,-59.0,SELL,BUY,False,-118.0,-59.0,-59.0,0.0,False,CONTROL_OR_NO_SINGLE_SURVIVOR,,,,,3.0,
2175,2025-08-03 18:00,DISCOVERY_AUGUST,VALIDATED_SOURCE,WEEKLY,2,FIXED_50_ARM_3R,FIXED,2,-118.0,-59.0,-59.0,SELL,BUY,False,-118.0,-59.0,-59.0,0.0,False,CONTROL_OR_NO_SINGLE_SURVIVOR,,,,,3.0,
2175,2025-08-03 18:00,DISCOVERY_AUGUST,VALIDATED_SOURCE,WEEKLY,2,FIXED_50_ARM_3R,FIXED,4,-118.0,-59.0,-59.0,SELL,BUY,False,-118.0,-59.0,-59.0,0.0,False,CONTROL_OR_NO_SINGLE_SURVIVOR,,,,,3.0,
2175,2025-08-03 18:00,DISCOVERY_AUGUST,VALIDATED_SOURCE,WEEKLY,2,FIXED_65_ARM_3R,FIXED,0,-118.0,-59.0,-59.0,SELL,BUY,False,-118.0,-59.0,-59.0,0.0,False,CONTROL_OR_NO_SINGLE_SURVIVOR,,,,,3.0,
2175,2025-08-03 18:00,DISCOVERY_AUGUST,VALIDATED_SOURCE,WEEKLY,2,FIXED_65_ARM_3R,FIXED,1,-118.0,-59.0,-59.0,SELL,BUY,False,-118.0,-59.0,-59.0,0.0,False,CONTROL_OR_NO_SINGLE_SURVIVOR,,,,,3.0,
2175,2025-08-03 18:00,DISCOVERY_AUGUST,VALIDATED_SOURCE,WEEKLY,2,FIXED_65_ARM_3R,FIXED,2,-118.0,-59.0,-59.0,SELL,BUY,False,-118.0,-59.0,-59.0,0.0,False,CONTROL_OR_NO_SINGLE_SURVIVOR,,,,,3.0,
2175,2025-08-03 18:00,DISCOVERY_AUGUST,VALIDATED_SOURCE,WEEKLY,2,FIXED_65_ARM_3R,FIXED,4,-118.0,-59.0,-59.0,SELL,BUY,False,-118.0,-59.0,-59.0,0.0,False,CONTROL_OR_NO_SINGLE_SURVIVOR,,,,,3.0,
2175,2025-08-03 18:00,DISCOVERY_AUGUST,VALIDATED_SOURCE,WEEKLY,2,FIXED_75_ARM_3R,FIXED,0,-118.0,-59.0,-59.0,SELL,BUY,False,-118.0,-59.0,-59.0,0.0,False,CONTROL_OR_NO_SINGLE_SURVIVOR,,,,,3.0,
2175,2025-08-03 18:00,DISCOVERY_AUGUST,VALIDATED_SOURCE,WEEKLY,2,FIXED_75_ARM_3R,FIXED,1,-118.0,-59.0,-59.0,SELL,BUY,False,-118.0,-59.0,-59.0,0.0,False,CONTROL_OR_NO_SINGLE_SURVIVOR,,,,,3.0,
2175,2025-08-03 18:00,DISCOVERY_AUGUST,VALIDATED_SOURCE,WEEKLY,2,FIXED_75_ARM_3R,FIXED,2,-118.0,-59.0,-59.0,SELL,BUY,False,-118.0,-59.0,-59.0,0.0,False,CONTROL_OR_NO_SINGLE_SURVIVOR,,,,,3.0,
2175,2025-08-03 18:00,DISCOVERY_AUGUST,VALIDATED_SOURCE,WEEKLY,2,FIXED_75_ARM_3R,FIXED,4,-118.0,-59.0,-59.0,SELL,BUY,False,-118.0,-59.0,-59.0,0.0,False,CONTROL_OR_NO_SINGLE_SURVIVOR,,,,,3.0,
2175,2025-08-03 18:00,DISCOVERY_AUGUST,VALIDATED_SOURCE,WEEKLY,2,FIXED_85_ARM_3R,FIXED,0,-118.0,-59.0,-59.0,SELL,BUY,False,-118.0,-59.0,-59.0,0.0,False,CONTROL_OR_NO_SINGLE_SURVIVOR,,,,,3.0,
2175,2025-08-03 18:00,DISCOVERY_AUGUST,VALIDATED_SOURCE,WEEKLY,2,FIXED_85_ARM_3R,FIXED,1,-118.0,-59.0,-59.0,SELL,BUY,False,-118.0,-59.0,-59.0,0.0,False,CONTROL_OR_NO_SINGLE_SURVIVOR,,,,,3.0,
2175,2025-08-03 18:00,DISCOVERY_AUGUST,VALIDATED_SOURCE,WEEKLY,2,FIXED_85_ARM_3R,FIXED,2,-118.0,-59.0,-59.0,SELL,BUY,False,-118.0,-59.0,-59.0,0.0,False,CONTROL_OR_NO_SINGLE_SURVIVOR,,,,,3.0,
2175,2025-08-03 18:00,DISCOVERY_AUGUST,VALIDATED_SOURCE,WEEKLY,2,FIXED_85_ARM_3R,FIXED,4,-118.0,-59.0,-59.0,SELL,BUY,False,-118.0,-59.0,-59.0,0.0,False,CONTROL_OR_NO_SINGLE_SURVIVOR,,,,,3.0,
2175,2025-08-03 18:00,DISCOVERY_AUGUST,VALIDATED_SOURCE,WEEKLY,2,FIXED_50_ARM_4R,FIXED,0,-118.0,-59.0,-59.0,SELL,BUY,False,-118.0,-59.0,-59.0,0.0,False,CONTROL_OR_NO_SINGLE_SURVIVOR,,,,,4.0,
2175,2025-08-03 18:00,DISCOVERY_AUGUST,VALIDATED_SOURCE,WEEKLY,2,FIXED_50_ARM_4R,FIXED,1,-118.0,-59.0,-59.0,SELL,BUY,False,-118.0,-59.0,-59.0,0.0,False,CONTROL_OR_NO_SINGLE_SURVIVOR,,,,,4.0,
2175,2025-08-03 18:00,DISCOVERY_AUGUST,VALIDATED_SOURCE,WEEKLY,2,FIXED_50_ARM_4R,FIXED,2,-118.0,-59.0,-59.0,SELL,BUY,False,-118.0,-59.0,-59.0,0.0,False,CONTROL_OR_NO_SINGLE_SURVIVOR,,,,,4.0,
2175,2025-08-03 18:00,DISCOVERY_AUGUST,VALIDATED_SOURCE,WEEKLY,2,FIXED_50_ARM_4R,FIXED,4,-118.0,-59.0,-59.0,SELL,BUY,False,-118.0,-59.0,-59.0,0.0,False,CONTROL_OR_NO_SINGLE_SURVIVOR,,,,,4.0,
2175,2025-08-03 18:00,DISCOVERY_AUGUST,VALIDATED_SOURCE,WEEKLY,2,FIXED_65_ARM_4R,FIXED,0,-118.0,-59.0,-59.0,SELL,BUY,False,-118.0,-59.0,-59.0,0.0,False,CONTROL_OR_NO_SINGLE_SURVIVOR,,,,,4.0,
2175,2025-08-03 18:00,DISCOVERY_AUGUST,VALIDATED_SOURCE,WEEKLY,2,FIXED_65_ARM_4R,FIXED,1,-118.0,-59.0,-59.0,SELL,BUY,False,-118.0,-59.0,-59.0,0.0,False,CONTROL_OR_NO_SINGLE_SURVIVOR,,,,,4.0,
2175,2025-08-03 18:00,DISCOVERY_AUGUST,VALIDATED_SOURCE,WEEKLY,2,FIXED_65_ARM_4R,FIXED,2,-118.0,-59.0,-59.0,SELL,BUY,False,-118.0,-59.0,-59.0,0.0,False,CONTROL_OR_NO_SINGLE_SURVIVOR,,,,,4.0,
2175,2025-08-03 18:00,DISCOVERY_AUGUST,VALIDATED_SOURCE,WEEKLY,2,FIXED_65_ARM_4R,FIXED,4,-118.0,-59.0,-59.0,SELL,BUY,False,-118.0,-59.0,-59.0,0.0,False,CONTROL_OR_NO_SINGLE_SURVIVOR,,,,,4.0,
2175,2025-08-03 18:00,DISCOVERY_AUGUST,VALIDATED_SOURCE,WEEKLY,2,FIXED_75_ARM_4R,FIXED,0,-118.0,-59.0,-59.0,SELL,BUY,False,-118.0,-59.0,-59.0,0.0,False,CONTROL_OR_NO_SINGLE_SURVIVOR,,,,,4.0,
2175,2025-08-03 18:00,DISCOVERY_AUGUST,VALIDATED_SOURCE,WEEKLY,2,FIXED_75_ARM_4R,FIXED,1,-118.0,-59.0,-59.0,SELL,BUY,False,-118.0,-59.0,-59.0,0.0,False,CONTROL_OR_NO_SINGLE_SURVIVOR,,,,,4.0,
2175,2025-08-03 18:00,DISCOVERY_AUGUST,VALIDATED_SOURCE,WEEKLY,2,FIXED_75_ARM_4R,FIXED,2,-118.0,-59.0,-59.0,SELL,BUY,False,-118.0,-59.0,-59.0,0.0,False,CONTROL_OR_NO_SINGLE_SURVIVOR,,,,,4.0,
2175,2025-08-03 18:00,DISCOVERY_AUGUST,VALIDATED_SOURCE,WEEKLY,2,FIXED_75_ARM_4R,FIXED,4,-118.0,-59.0,-59.0,SELL,BUY,False,-118.0,-59.0,-59.0,0.0,False,CONTROL_OR_NO_SINGLE_SURVIVOR,,,,,4.0,
2175,2025-08-03 18:00,DISCOVERY_AUGUST,VALIDATED_SOURCE,WEEKLY,2,FIXED_85_ARM_4R,FIXED,0,-118.0,-59.0,-59.0,SELL,BUY,False,-118.0,-59.0,-59.0,0.0,False,CONTROL_OR_NO_SINGLE_SURVIVOR,,,,,4.0,
2175,2025-08-03 18:00,DISCOVERY_AUGUST,VALIDATED_SOURCE,WEEKLY,2,FIXED_85_ARM_4R,FIXED,1,-118.0,-59.0,-59.0,SELL,BUY,False,-118.0,-59.0,-59.0,0.0,False,CONTROL_OR_NO_SINGLE_SURVIVOR,,,,,4.0,
2175,2025-08-03 18:00,DISCOVERY_AUGUST,VALIDATED_SOURCE,WEEKLY,2,FIXED_85_ARM_4R,FIXED,2,-118.0,-59.0,-59.0,SELL,BUY,False,-118.0,-59.0,-59.0,0.0,False,CONTROL_OR_NO_SINGLE_SURVIVOR,,,,,4.0,
2175,2025-08-03 18:00,DISCOVERY_AUGUST,VALIDATED_SOURCE,WEEKLY,2,FIXED_85_ARM_4R,FIXED,4,-118.0,-59.0,-59.0,SELL,BUY,False,-118.0,-59.0,-59.0,0.0,False,CONTROL_OR_NO_SINGLE_SURVIVOR,,,,,4.0,
2175,2025-08-03 18:00,DISCOVERY_AUGUST,VALIDATED_SOURCE,WEEKLY,2,FIXED_50_ARM_5R,FIXED,0,-118.0,-59.0,-59.0,SELL,BUY,False,-118.0,-59.0,-59.0,0.0,False,CONTROL_OR_NO_SINGLE_SURVIVOR,,,,,5.0,
2175,2025-08-03 18:00,DISCOVERY_AUGUST,VALIDATED_SOURCE,WEEKLY,2,FIXED_50_ARM_5R,FIXED,1,-118.0,-59.0,-59.0,SELL,BUY,False,-118.0,-59.0,-59.0,0.0,False,CONTROL_OR_NO_SINGLE_SURVIVOR,,,,,5.0,
2175,2025-08-03 18:00,DISCOVERY_AUGUST,VALIDATED_SOURCE,WEEKLY,2,FIXED_50_ARM_5R,FIXED,2,-118.0,-59.0,-59.0,SELL,BUY,False,-118.0,-59.0,-59.0,0.0,False,CONTROL_OR_NO_SINGLE_SURVIVOR,,,,,5.0,
2175,2025-08-03 18:00,DISCOVERY_AUGUST,VALIDATED_SOURCE,WEEKLY,2,FIXED_50_ARM_5R,FIXED,4,-118.0,-59.0,-59.0,SELL,BUY,False,-118.0,-59.0,-59.0,0.0,False,CONTROL_OR_NO_SINGLE_SURVIVOR,,,,,5.0,
2175,2025-08-03 18:00,DISCOVERY_AUGUST,VALIDATED_SOURCE,WEEKLY,2,FIXED_65_ARM_5R,FIXED,0,-118.0,-59.0,-59.0,SELL,BUY,False,-118.0,-59.0,-59.0,0.0,False,CONTROL_OR_NO_SINGLE_SURVIVOR,,,,,5.0,
2175,2025-08-03 18:00,DISCOVERY_AUGUST,VALIDATED_SOURCE,WEEKLY,2,FIXED_65_ARM_5R,FIXED,1,-118.0,-59.0,-59.0,SELL,BUY,False,-118.0,-59.0,-59.0,0.0,False,CONTROL_OR_NO_SINGLE_SURVIVOR,,,,,5.0,
2175,2025-08-03 18:00,DISCOVERY_AUGUST,VALIDATED_SOURCE,WEEKLY,2,FIXED_65_ARM_5R,FIXED,2,-118.0,-59.0,-59.0,SELL,BUY,False,-118.0,-59.0,-59.0,0.0,False,CONTROL_OR_NO_SINGLE_SURVIVOR,,,,,5.0,
2175,2025-08-03 18:00,DISCOVERY_AUGUST,VALIDATED_SOURCE,WEEKLY,2,FIXED_65_ARM_5R,FIXED,4,-118.0,-59.0,-59.0,SELL,BUY,False,-118.0,-59.0,-59.0,0.0,False,CONTROL_OR_NO_SINGLE_SURVIVOR,,,,,5.0,
2175,2025-08-03 18:00,DISCOVERY_AUGUST,VALIDATED_SOURCE,WEEKLY,2,FIXED_75_ARM_5R,FIXED,0,-118.0,-59.0,-59.0,SELL,BUY,False,-118.0,-59.0,-59.0,0.0,False,CONTROL_OR_NO_SINGLE_SURVIVOR,,,,,5.0,
2175,2025-08-03 18:00,DISCOVERY_AUGUST,VALIDATED_SOURCE,WEEKLY,2,FIXED_75_ARM_5R,FIXED,1,-118.0,-59.0,-59.0,SELL,BUY,False,-118.0,-59.0,-59.0,0.0,False,CONTROL_OR_NO_SINGLE_SURVIVOR,,,,,5.0,
2175,2025-08-03 18:00,DISCOVERY_AUGUST,VALIDATED_SOURCE,WEEKLY,2,FIXED_75_ARM_5R,FIXED,2,-118.0,-59.0,-59.0,SELL,BUY,False,-118.0,-59.0,-59.0,0.0,False,CONTROL_OR_NO_SINGLE_SURVIVOR,,,,,5.0,
2175,2025-08-03 18:00,DISCOVERY_AUGUST,VALIDATED_SOURCE,WEEKLY,2,FIXED_75_ARM_5R,FIXED,4,-118.0,-59.0,-59.0,SELL,BUY,False,-118.0,-59.0,-59.0,0.0,False,CONTROL_OR_NO_SINGLE_SURVIVOR,,,,,5.0,
2175,2025-08-03 18:00,DISCOVERY_AUGUST,VALIDATED_SOURCE,WEEKLY,2,FIXED_85_ARM_5R,FIXED,0,-118.0,-59.0,-59.0,SELL,BUY,False,-118.0,-59.0,-59.0,0.0,False,CONTROL_OR_NO_SINGLE_SURVIVOR,,,,,5.0,
2175,2025-08-03 18:00,DISCOVERY_AUGUST,VALIDATED_SOURCE,WEEKLY,2,FIXED_85_ARM_5R,FIXED,1,-118.0,-59.0,-59.0,SELL,BUY,False,-118.0,-59.0,-59.0,0.0,False,CONTROL_OR_NO_SINGLE_SURVIVOR,,,,,5.0,
2175,2025-08-03 18:00,DISCOVERY_AUGUST,VALIDATED_SOURCE,WEEKLY,2,FIXED_85_ARM_5R,FIXED,2,-118.0,-59.0,-59.0,SELL,BUY,False,-118.0,-59.0,-59.0,0.0,False,CONTROL_OR_NO_SINGLE_SURVIVOR,,,,,5.0,
2175,2025-08-03 18:00,DISCOVERY_AUGUST,VALIDATED_SOURCE,WEEKLY,2,FIXED_85_ARM_5R,FIXED,4,-118.0,-59.0,-59.0,SELL,BUY,False,-118.0,-59.0,-59.0,0.0,False,CONTROL_OR_NO_SINGLE_SURVIVOR,,,,,5.0,
2175,2025-08-03 18:00,DISCOVERY_AUGUST,VALIDATED_SOURCE,WEEKLY,2,DYNAMIC_FAST_2R_4R_6R_8R,DYNAMIC,0,-118.0,-59.0,-59.0,SELL,BUY,False,-118.0,-59.0,-59.0,0.0,False,CONTROL_OR_NO_SINGLE_SURVIVOR,,,,,2.0,
2175,2025-08-03 18:00,DISCOVERY_AUGUST,VALIDATED_SOURCE,WEEKLY,2,DYNAMIC_FAST_2R_4R_6R_8R,DYNAMIC,1,-118.0,-59.0,-59.0,SELL,BUY,False,-118.0,-59.0,-59.0,0.0,False,CONTROL_OR_NO_SINGLE_SURVIVOR,,,,,2.0,
2175,2025-08-03 18:00,DISCOVERY_AUGUST,VALIDATED_SOURCE,WEEKLY,2,DYNAMIC_FAST_2R_4R_6R_8R,DYNAMIC,2,-118.0,-59.0,-59.0,SELL,BUY,False,-118.0,-59.0,-59.0,0.0,False,CONTROL_OR_NO_SINGLE_SURVIVOR,,,,,2.0,
2175,2025-08-03 18:00,DISCOVERY_AUGUST,VALIDATED_SOURCE,WEEKLY,2,DYNAMIC_FAST_2R_4R_6R_8R,DYNAMIC,4,-118.0,-59.0,-59.0,SELL,BUY,False,-118.0,-59.0,-59.0,0.0,False,CONTROL_OR_NO_SINGLE_SURVIVOR,,,,,2.0,
2175,2025-08-03 18:00,DISCOVERY_AUGUST,VALIDATED_SOURCE,WEEKLY,2,DYNAMIC_BALANCED_3R_5R_8R_12R,DYNAMIC,0,-118.0,-59.0,-59.0,SELL,BUY,False,-118.0,-59.0,-59.0,0.0,False,CONTROL_OR_NO_SINGLE_SURVIVOR,,,,,3.0,
2175,2025-08-03 18:00,DISCOVERY_AUGUST,VALIDATED_SOURCE,WEEKLY,2,DYNAMIC_BALANCED_3R_5R_8R_12R,DYNAMIC,1,-118.0,-59.0,-59.0,SELL,BUY,False,-118.0,-59.0,-59.0,0.0,False,CONTROL_OR_NO_SINGLE_SURVIVOR,,,,,3.0,
2175,2025-08-03 18:00,DISCOVERY_AUGUST,VALIDATED_SOURCE,WEEKLY,2,DYNAMIC_BALANCED_3R_5R_8R_12R,DYNAMIC,2,-118.0,-59.0,-59.0,SELL,BUY,False,-118.0,-59.0,-59.0,0.0,False,CONTROL_OR_NO_SINGLE_SURVIVOR,,,,,3.0,
2175,2025-08-03 18:00,DISCOVERY_AUGUST,VALIDATED_SOURCE,WEEKLY,2,DYNAMIC_BALANCED_3R_5R_8R_12R,DYNAMIC,4,-118.0,-59.0,-59.0,SELL,BUY,False,-118.0,-59.0,-59.0,0.0,False,CONTROL_OR_NO_SINGLE_SURVIVOR,,,,,3.0,
2175,2025-08-03 18:00,DISCOVERY_AUGUST,VALIDATED_SOURCE,WEEKLY,2,DYNAMIC_LOOSE_4R_7R_11R_16R,DYNAMIC,0,-118.0,-59.0,-59.0,SELL,BUY,False,-118.0,-59.0,-59.0,0.0,False,CONTROL_OR_NO_SINGLE_SURVIVOR,,,,,4.0,
2175,2025-08-03 18:00,DISCOVERY_AUGUST,VALIDATED_SOURCE,WEEKLY,2,DYNAMIC_LOOSE_4R_7R_11R_16R,DYNAMIC,1,-118.0,-59.0,-59.0,SELL,BUY,False,-118.0,-59.0,-59.0,0.0,False,CONTROL_OR_NO_SINGLE_SURVIVOR,,,,,4.0,
2175,2025-08-03 18:00,DISCOVERY_AUGUST,VALIDATED_SOURCE,WEEKLY,2,DYNAMIC_LOOSE_4R_7R_11R_16R,DYNAMIC,2,-118.0,-59.0,-59.0,SELL,BUY,False,-118.0,-59.0,-59.0,0.0,False,CONTROL_OR_NO_SINGLE_SURVIVOR,,,,,4.0,
2175,2025-08-03 18:00,DISCOVERY_AUGUST,VALIDATED_SOURCE,WEEKLY,2,DYNAMIC_LOOSE_4R_7R_11R_16R,DYNAMIC,4,-118.0,-59.0,-59.0,SELL,BUY,False,-118.0,-59.0,-59.0,0.0,False,CONTROL_OR_NO_SINGLE_SURVIVOR,,,,,4.0,
2175,2025-08-03 18:00,DISCOVERY_AUGUST,VALIDATED_SOURCE,WEEKLY,2,ADAPTIVE_VOL_ARM_3R,ADAPTIVE,0,-118.0,-59.0,-59.0,SELL,BUY,False,-118.0,-59.0,-59.0,0.0,False,CONTROL_OR_NO_SINGLE_SURVIVOR,,,,,3.0,
2175,2025-08-03 18:00,DISCOVERY_AUGUST,VALIDATED_SOURCE,WEEKLY,2,ADAPTIVE_VOL_ARM_3R,ADAPTIVE,1,-118.0,-59.0,-59.0,SELL,BUY,False,-118.0,-59.0,-59.0,0.0,False,CONTROL_OR_NO_SINGLE_SURVIVOR,,,,,3.0,
2175,2025-08-03 18:00,DISCOVERY_AUGUST,VALIDATED_SOURCE,WEEKLY,2,ADAPTIVE_VOL_ARM_3R,ADAPTIVE,2,-118.0,-59.0,-59.0,SELL,BUY,False,-118.0,-59.0,-59.0,0.0,False,CONTROL_OR_NO_SINGLE_SURVIVOR,,,,,3.0,
2175,2025-08-03 18:00,DISCOVERY_AUGUST,VALIDATED_SOURCE,WEEKLY,2,ADAPTIVE_VOL_ARM_3R,ADAPTIVE,4,-118.0,-59.0,-59.0,SELL,BUY,False,-118.0,-59.0,-59.0,0.0,False,CONTROL_OR_NO_SINGLE_SURVIVOR,,,,,3.0,
2175,2025-08-03 18:00,DISCOVERY_AUGUST,VALIDATED_SOURCE,WEEKLY,2,ADAPTIVE_VOL_ARM_4R,ADAPTIVE,0,-118.0,-59.0,-59.0,SELL,BUY,False,-118.0,-59.0,-59.0,0.0,False,CONTROL_OR_NO_SINGLE_SURVIVOR,,,,,4.0,
2175,2025-08-03 18:00,DISCOVERY_AUGUST,VALIDATED_SOURCE,WEEKLY,2,ADAPTIVE_VOL_ARM_4R,ADAPTIVE,1,-118.0,-59.0,-59.0,SELL,BUY,False,-118.0,-59.0,-59.0,0.0,False,CONTROL_OR_NO_SINGLE_SURVIVOR,,,,,4.0,
2175,2025-08-03 18:00,DISCOVERY_AUGUST,VALIDATED_SOURCE,WEEKLY,2,ADAPTIVE_VOL_ARM_4R,ADAPTIVE,2,-118.0,-59.0,-59.0,SELL,BUY,False,-118.0,-59.0,-59.0,0.0,False,CONTROL_OR_NO_SINGLE_SURVIVOR,,,,,4.0,
2175,2025-08-03 18:00,DISCOVERY_AUGUST,VALIDATED_SOURCE,WEEKLY,2,ADAPTIVE_VOL_ARM_4R,ADAPTIVE,4,-118.0,-59.0,-59.0,SELL,BUY,False,-118.0,-59.0,-59.0,0.0,False,CONTROL_OR_NO_SINGLE_SURVIVOR,,,,,4.0,
2176,2025-08-04 09:30,DISCOVERY_AUGUST,VALIDATED_SOURCE,NY,2,CONTROL_NO_PAIR_FLOOR,CONTROL,0,-118.0,-59.0,-59.0,SELL,BUY,False,-118.0,-59.0,-59.0,0.0,False,CONTROL_OR_NO_SINGLE_SURVIVOR,,,,,999.0,
2176,2025-08-04 09:30,DISCOVERY_AUGUST,VALIDATED_SOURCE,NY,2,CONTROL_NO_PAIR_FLOOR,CONTROL,1,-118.0,-59.0,-59.0,SELL,BUY,False,-118.0,-59.0,-59.0,0.0,False,CONTROL_OR_NO_SINGLE_SURVIVOR,,,,,999.0,
2176,2025-08-04 09:30,DISCOVERY_AUGUST,VALIDATED_SOURCE,NY,2,CONTROL_NO_PAIR_FLOOR,CONTROL,2,-118.0,-59.0,-59.0,SELL,BUY,False,-118.0,-59.0,-59.0,0.0,False,CONTROL_OR_NO_SINGLE_SURVIVOR,,,,,999.0,
2176,2025-08-04 09:30,DISCOVERY_AUGUST,VALIDATED_SOURCE,NY,2,CONTROL_NO_PAIR_FLOOR,CONTROL,4,-118.0,-59.0,-59.0,SELL,BUY,False,-118.0,-59.0,-59.0,0.0,False,CONTROL_OR_NO_SINGLE_SURVIVOR,,,,,999.0,
2176,2025-08-04 09:30,DISCOVERY_AUGUST,VALIDATED_SOURCE,NY,2,FIXED_50_ARM_2R,FIXED,0,-118.0,-59.0,-59.0,SELL,BUY,False,-118.0,-59.0,-59.0,0.0,False,CONTROL_OR_NO_SINGLE_SURVIVOR,,,,,2.0,
2176,2025-08-04 09:30,DISCOVERY_AUGUST,VALIDATED_SOURCE,NY,2,FIXED_50_ARM_2R,FIXED,1,-118.0,-59.0,-59.0,SELL,BUY,False,-118.0,-59.0,-59.0,0.0,False,CONTROL_OR_NO_SINGLE_SURVIVOR,,,,,2.0,
2176,2025-08-04 09:30,DISCOVERY_AUGUST,VALIDATED_SOURCE,NY,2,FIXED_50_ARM_2R,FIXED,2,-118.0,-59.0,-59.0,SELL,BUY,False,-118.0,-59.0,-59.0,0.0,False,CONTROL_OR_NO_SINGLE_SURVIVOR,,,,,2.0,
2176,2025-08-04 09:30,DISCOVERY_AUGUST,VALIDATED_SOURCE,NY,2,FIXED_50_ARM_2R,FIXED,4,-118.0,-59.0,-59.0,SELL,BUY,False,-118.0,-59.0,-59.0,0.0,False,CONTROL_OR_NO_SINGLE_SURVIVOR,,,,,2.0,
2176,2025-08-04 09:30,DISCOVERY_AUGUST,VALIDATED_SOURCE,NY,2,FIXED_65_ARM_2R,FIXED,0,-118.0,-59.0,-59.0,SELL,BUY,False,-118.0,-59.0,-59.0,0.0,False,CONTROL_OR_NO_SINGLE_SURVIVOR,,,,,2.0,
2176,2025-08-04 09:30,DISCOVERY_AUGUST,VALIDATED_SOURCE,NY,2,FIXED_65_ARM_2R,FIXED,1,-118.0,-59.0,-59.0,SELL,BUY,False,-118.0,-59.0,-59.0,0.0,False,CONTROL_OR_NO_SINGLE_SURVIVOR,,,,,2.0,
2176,2025-08-04 09:30,DISCOVERY_AUGUST,VALIDATED_SOURCE,NY,2,FIXED_65_ARM_2R,FIXED,2,-118.0,-59.0,-59.0,SELL,BUY,False,-118.0,-59.0,-59.0,0.0,False,CONTROL_OR_NO_SINGLE_SURVIVOR,,,,,2.0,
2176,2025-08-04 09:30,DISCOVERY_AUGUST,VALIDATED_SOURCE,NY,2,FIXED_65_ARM_2R,FIXED,4,-118.0,-59.0,-59.0,SELL,BUY,False,-118.0,-59.0,-59.0,0.0,False,CONTROL_OR_NO_SINGLE_SURVIVOR,,,,,2.0,
2176,2025-08-04 09:30,DISCOVERY_AUGUST,VALIDATED_SOURCE,NY,2,FIXED_75_ARM_2R,FIXED,0,-118.0,-59.0,-59.0,SELL,BUY,False,-118.0,-59.0,-59.0,0.0,False,CONTROL_OR_NO_SINGLE_SURVIVOR,,,,,2.0,
2176,2025-08-04 09:30,DISCOVERY_AUGUST,VALIDATED_SOURCE,NY,2,FIXED_75_ARM_2R,FIXED,1,-118.0,-59.0,-59.0,SELL,BUY,False,-118.0,-59.0,-59.0,0.0,False,CONTROL_OR_NO_SINGLE_SURVIVOR,,,,,2.0,
2176,2025-08-04 09:30,DISCOVERY_AUGUST,VALIDATED_SOURCE,NY,2,FIXED_75_ARM_2R,FIXED,2,-118.0,-59.0,-59.0,SELL,BUY,False,-118.0,-59.0,-59.0,0.0,False,CONTROL_OR_NO_SINGLE_SURVIVOR,,,,,2.0,
2176,2025-08-04 09:30,DISCOVERY_AUGUST,VALIDATED_SOURCE,NY,2,FIXED_75_ARM_2R,FIXED,4,-118.0,-59.0,-59.0,SELL,BUY,False,-118.0,-59.0,-59.0,0.0,False,CONTROL_OR_NO_SINGLE_SURVIVOR,,,,,2.0,
2176,2025-08-04 09:30,DISCOVERY_AUGUST,VALIDATED_SOURCE,NY,2,FIXED_85_ARM_2R,FIXED,0,-118.0,-59.0,-59.0,SELL,BUY,False,-118.0,-59.0,-59.0,0.0,False,CONTROL_OR_NO_SINGLE_SURVIVOR,,,,,2.0,
2176,2025-08-04 09:30,DISCOVERY_AUGUST,VALIDATED_SOURCE,NY,2,FIXED_85_ARM_2R,FIXED,1,-118.0,-59.0,-59.0,SELL,BUY,False,-118.0,-59.0,-59.0,0.0,False,CONTROL_OR_NO_SINGLE_SURVIVOR,,,,,2.0,
2176,2025-08-04 09:30,DISCOVERY_AUGUST,VALIDATED_SOURCE,NY,2,FIXED_85_ARM_2R,FIXED,2,-118.0,-59.0,-59.0,SELL,BUY,False,-118.0,-59.0,-59.0,0.0,False,CONTROL_OR_NO_SINGLE_SURVIVOR,,,,,2.0,
2176,2025-08-04 09:30,DISCOVERY_AUGUST,VALIDATED_SOURCE,NY,2,FIXED_85_ARM_2R,FIXED,4,-118.0,-59.0,-59.0,SELL,BUY,False,-118.0,-59.0,-59.0,0.0,False,CONTROL_OR_NO_SINGLE_SURVIVOR,,,,,2.0,
2176,2025-08-04 09:30,DISCOVERY_AUGUST,VALIDATED_SOURCE,NY,2,FIXED_50_ARM_3R,FIXED,0,-118.0,-59.0,-59.0,SELL,BUY,False,-118.0,-59.0,-59.0,0.0,False,CONTROL_OR_NO_SINGLE_SURVIVOR,,,,,3.0,
2176,2025-08-04 09:30,DISCOVERY_AUGUST,VALIDATED_SOURCE,NY,2,FIXED_50_ARM_3R,FIXED,1,-118.0,-59.0,-59.0,SELL,BUY,False,-118.0,-59.0,-59.0,0.0,False,CONTROL_OR_NO_SINGLE_SURVIVOR,,,,,3.0,
2176,2025-08-04 09:30,DISCOVERY_AUGUST,VALIDATED_SOURCE,NY,2,FIXED_50_ARM_3R,FIXED,2,-118.0,-59.0,-59.0,SELL,BUY,False,-118.0,-59.0,-59.0,0.0,False,CONTROL_OR_NO_SINGLE_SURVIVOR,,,,,3.0,
2176,2025-08-04 09:30,DISCOVERY_AUGUST,VALIDATED_SOURCE,NY,2,FIXED_50_ARM_3R,FIXED,4,-118.0,-59.0,-59.0,SELL,BUY,False,-118.0,-59.0,-59.0,0.0,False,CONTROL_OR_NO_SINGLE_SURVIVOR,,,,,3.0,
2176,2025-08-04 09:30,DISCOVERY_AUGUST,VALIDATED_SOURCE,NY,2,FIXED_65_ARM_3R,FIXED,0,-118.0,-59.0,-59.0,SELL,BUY,False,-118.0,-59.0,-59.0,0.0,False,CONTROL_OR_NO_SINGLE_SURVIVOR,,,,,3.0,
2176,2025-08-04 09:30,DISCOVERY_AUGUST,VALIDATED_SOURCE,NY,2,FIXED_65_ARM_3R,FIXED,1,-118.0,-59.0,-59.0,SELL,BUY,False,-118.0,-59.0,-59.0,0.0,False,CONTROL_OR_NO_SINGLE_SURVIVOR,,,,,3.0,
2176,2025-08-04 09:30,DISCOVERY_AUGUST,VALIDATED_SOURCE,NY,2,FIXED_65_ARM_3R,FIXED,2,-118.0,-59.0,-59.0,SELL,BUY,False,-118.0,-59.0,-59.0,0.0,False,CONTROL_OR_NO_SINGLE_SURVIVOR,,,,,3.0,
2176,2025-08-04 09:30,DISCOVERY_AUGUST,VALIDATED_SOURCE,NY,2,FIXED_65_ARM_3R,FIXED,4,-118.0,-59.0,-59.0,SELL,BUY,False,-118.0,-59.0,-59.0,0.0,False,CONTROL_OR_NO_SINGLE_SURVIVOR,,,,,3.0,
2176,2025-08-04 09:30,DISCOVERY_AUGUST,VALIDATED_SOURCE,NY,2,FIXED_75_ARM_3R,FIXED,0,-118.0,-59.0,-59.0,SELL,BUY,False,-118.0,-59.0,-59.0,0.0,False,CONTROL_OR_NO_SINGLE_SURVIVOR,,,,,3.0,
2176,2025-08-04 09:30,DISCOVERY_AUGUST,VALIDATED_SOURCE,NY,2,FIXED_75_ARM_3R,FIXED,1,-118.0,-59.0,-59.0,SELL,BUY,False,-118.0,-59.0,-59.0,0.0,False,CONTROL_OR_NO_SINGLE_SURVIVOR,,,,,3.0,
2176,2025-08-04 09:30,DISCOVERY_AUGUST,VALIDATED_SOURCE,NY,2,FIXED_75_ARM_3R,FIXED,2,-118.0,-59.0,-59.0,SELL,BUY,False,-118.0,-59.0,-59.0,0.0,False,CONTROL_OR_NO_SINGLE_SURVIVOR,,,,,3.0,
2176,2025-08-04 09:30,DISCOVERY_AUGUST,VALIDATED_SOURCE,NY,2,FIXED_75_ARM_3R,FIXED,4,-118.0,-59.0,-59.0,SELL,BUY,False,-118.0,-59.0,-59.0,0.0,False,CONTROL_OR_NO_SINGLE_SURVIVOR,,,,,3.0,
2176,2025-08-04 09:30,DISCOVERY_AUGUST,VALIDATED_SOURCE,NY,2,FIXED_85_ARM_3R,FIXED,0,-118.0,-59.0,-59.0,SELL,BUY,False,-118.0,-59.0,-59.0,0.0,False,CONTROL_OR_NO_SINGLE_SURVIVOR,,,,,3.0,
2176,2025-08-04 09:30,DISCOVERY_AUGUST,VALIDATED_SOURCE,NY,2,FIXED_85_ARM_3R,FIXED,1,-118.0,-59.0,-59.0,SELL,BUY,False,-118.0,-59.0,-59.0,0.0,False,CONTROL_OR_NO_SINGLE_SURVIVOR,,,,,3.0,
2176,2025-08-04 09:30,DISCOVERY_AUGUST,VALIDATED_SOURCE,NY,2,FIXED_85_ARM_3R,FIXED,2,-118.0,-59.0,-59.0,SELL,BUY,False,-118.0,-59.0,-59.0,0.0,False,CONTROL_OR_NO_SINGLE_SURVIVOR,,,,,3.0,
2176,2025-08-04 09:30,DISCOVERY_AUGUST,VALIDATED_SOURCE,NY,2,FIXED_85_ARM_3R,FIXED,4,-118.0,-59.0,-59.0,SELL,BUY,False,-118.0,-59.0,-59.0,0.0,False,CONTROL_OR_NO_SINGLE_SURVIVOR,,,,,3.0,
2176,2025-08-04 09:30,DISCOVERY_AUGUST,VALIDATED_SOURCE,NY,2,FIXED_50_ARM_4R,FIXED,0,-118.0,-59.0,-59.0,SELL,BUY,False,-118.0,-59.0,-59.0,0.0,False,CONTROL_OR_NO_SINGLE_SURVIVOR,,,,,4.0,
2176,2025-08-04 09:30,DISCOVERY_AUGUST,VALIDATED_SOURCE,NY,2,FIXED_50_ARM_4R,FIXED,1,-118.0,-59.0,-59.0,SELL,BUY,False,-118.0,-59.0,-59.0,0.0,False,CONTROL_OR_NO_SINGLE_SURVIVOR,,,,,4.0,
2176,2025-08-04 09:30,DISCOVERY_AUGUST,VALIDATED_SOURCE,NY,2,FIXED_50_ARM_4R,FIXED,2,-118.0,-59.0,-59.0,SELL,BUY,False,-118.0,-59.0,-59.0,0.0,False,CONTROL_OR_NO_SINGLE_SURVIVOR,,,,,4.0,
2176,2025-08-04 09:30,DISCOVERY_AUGUST,VALIDATED_SOURCE,NY,2,FIXED_50_ARM_4R,FIXED,4,-118.0,-59.0,-59.0,SELL,BUY,False,-118.0,-59.0,-59.0,0.0,False,CONTROL_OR_NO_SINGLE_SURVIVOR,,,,,4.0,
2176,2025-08-04 09:30,DISCOVERY_AUGUST,VALIDATED_SOURCE,NY,2,FIXED_65_ARM_4R,FIXED,0,-118.0,-59.0,-59.0,SELL,BUY,False,-118.0,-59.0,-59.0,0.0,False,CONTROL_OR_NO_SINGLE_SURVIVOR,,,,,4.0,
2176,2025-08-04 09:30,DISCOVERY_AUGUST,VALIDATED_SOURCE,NY,2,FIXED_65_ARM_4R,FIXED,1,-118.0,-59.0,-59.0,SELL,BUY,False,-118.0,-59.0,-59.0,0.0,False,CONTROL_OR_NO_SINGLE_SURVIVOR,,,,,4.0,
2176,2025-08-04 09:30,DISCOVERY_AUGUST,VALIDATED_SOURCE,NY,2,FIXED_65_ARM_4R,FIXED,2,-118.0,-59.0,-59.0,SELL,BUY,False,-118.0,-59.0,-59.0,0.0,False,CONTROL_OR_NO_SINGLE_SURVIVOR,,,,,4.0,
2176,2025-08-04 09:30,DISCOVERY_AUGUST,VALIDATED_SOURCE,NY,2,FIXED_65_ARM_4R,FIXED,4,-118.0,-59.0,-59.0,SELL,BUY,False,-118.0,-59.0,-59.0,0.0,False,CONTROL_OR_NO_SINGLE_SURVIVOR,,,,,4.0,
2176,2025-08-04 09:30,DISCOVERY_AUGUST,VALIDATED_SOURCE,NY,2,FIXED_75_ARM_4R,FIXED,0,-118.0,-59.0,-59.0,SELL,BUY,False,-118.0,-59.0,-59.0,0.0,False,CONTROL_OR_NO_SINGLE_SURVIVOR,,,,,4.0,
2176,2025-08-04 09:30,DISCOVERY_AUGUST,VALIDATED_SOURCE,NY,2,FIXED_75_ARM_4R,FIXED,1,-118.0,-59.0,-59.0,SELL,BUY,False,-118.0,-59.0,-59.0,0.0,False,CONTROL_OR_NO_SINGLE_SURVIVOR,,,,,4.0,
2176,2025-08-04 09:30,DISCOVERY_AUGUST,VALIDATED_SOURCE,NY,2,FIXED_75_ARM_4R,FIXED,2,-118.0,-59.0,-59.0,SELL,BUY,False,-118.0,-59.0,-59.0,0.0,False,CONTROL_OR_NO_SINGLE_SURVIVOR,,,,,4.0,
2176,2025-08-04 09:30,DISCOVERY_AUGUST,VALIDATED_SOURCE,NY,2,FIXED_75_ARM_4R,FIXED,4,-118.0,-59.0,-59.0,SELL,BUY,False,-118.0,-59.0,-59.0,0.0,False,CONTROL_OR_NO_SINGLE_SURVIVOR,,,,,4.0,
2176,2025-08-04 09:30,DISCOVERY_AUGUST,VALIDATED_SOURCE,NY,2,FIXED_85_ARM_4R,FIXED,0,-118.0,-59.0,-59.0,SELL,BUY,False,-118.0,-59.0,-59.0,0.0,False,CONTROL_OR_NO_SINGLE_SURVIVOR,,,,,4.0,
2176,2025-08-04 09:30,DISCOVERY_AUGUST,VALIDATED_SOURCE,NY,2,FIXED_85_ARM_4R,FIXED,1,-118.0,-59.0,-59.0,SELL,BUY,False,-118.0,-59.0,-59.0,0.0,False,CONTROL_OR_NO_SINGLE_SURVIVOR,,,,,4.0,
2176,2025-08-04 09:30,DISCOVERY_AUGUST,VALIDATED_SOURCE,NY,2,FIXED_85_ARM_4R,FIXED,2,-118.0,-59.0,-59.0,SELL,BUY,False,-118.0,-59.0,-59.0,0.0,False,CONTROL_OR_NO_SINGLE_SURVIVOR,,,,,4.0,
2176,2025-08-04 09:30,DISCOVERY_AUGUST,VALIDATED_SOURCE,NY,2,FIXED_85_ARM_4R,FIXED,4,-118.0,-59.0,-59.0,SELL,BUY,False,-118.0,-59.0,-59.0,0.0,False,CONTROL_OR_NO_SINGLE_SURVIVOR,,,,,4.0,
2176,2025-08-04 09:30,DISCOVERY_AUGUST,VALIDATED_SOURCE,NY,2,FIXED_50_ARM_5R,FIXED,0,-118.0,-59.0,-59.0,SELL,BUY,False,-118.0,-59.0,-59.0,0.0,False,CONTROL_OR_NO_SINGLE_SURVIVOR,,,,,5.0,
2176,2025-08-04 09:30,DISCOVERY_AUGUST,VALIDATED_SOURCE,NY,2,FIXED_50_ARM_5R,FIXED,1,-118.0,-59.0,-59.0,SELL,BUY,False,-118.0,-59.0,-59.0,0.0,False,CONTROL_OR_NO_SINGLE_SURVIVOR,,,,,5.0,
2176,2025-08-04 09:30,DISCOVERY_AUGUST,VALIDATED_SOURCE,NY,2,FIXED_50_ARM_5R,FIXED,2,-118.0,-59.0,-59.0,SELL,BUY,False,-118.0,-59.0,-59.0,0.0,False,CONTROL_OR_NO_SINGLE_SURVIVOR,,,,,5.0,
2176,2025-08-04 09:30,DISCOVERY_AUGUST,VALIDATED_SOURCE,NY,2,FIXED_50_ARM_5R,FIXED,4,-118.0,-59.0,-59.0,SELL,BUY,False,-118.0,-59.0,-59.0,0.0,False,CONTROL_OR_NO_SINGLE_SURVIVOR,,,,,5.0,
2176,2025-08-04 09:30,DISCOVERY_AUGUST,VALIDATED_SOURCE,NY,2,FIXED_65_ARM_5R,FIXED,0,-118.0,-59.0,-59.0,SELL,BUY,False,-118.0,-59.0,-59.0,0.0,False,CONTROL_OR_NO_SINGLE_SURVIVOR,,,,,5.0,
2176,2025-08-04 09:30,DISCOVERY_AUGUST,VALIDATED_SOURCE,NY,2,FIXED_65_ARM_5R,FIXED,1,-118.0,-59.0,-59.0,SELL,BUY,False,-118.0,-59.0,-59.0,0.0,False,CONTROL_OR_NO_SINGLE_SURVIVOR,,,,,5.0,
2176,2025-08-04 09:30,DISCOVERY_AUGUST,VALIDATED_SOURCE,NY,2,FIXED_65_ARM_5R,FIXED,2,-118.0,-59.0,-59.0,SELL,BUY,False,-118.0,-59.0,-59.0,0.0,False,CONTROL_OR_NO_SINGLE_SURVIVOR,,,,,5.0,
2176,2025-08-04 09:30,DISCOVERY_AUGUST,VALIDATED_SOURCE,NY,2,FIXED_65_ARM_5R,FIXED,4,-118.0,-59.0,-59.0,SELL,BUY,False,-118.0,-59.0,-59.0,0.0,False,CONTROL_OR_NO_SINGLE_SURVIVOR,,,,,5.0,
2176,2025-08-04 09:30,DISCOVERY_AUGUST,VALIDATED_SOURCE,NY,2,FIXED_75_ARM_5R,FIXED,0,-118.0,-59.0,-59.0,SELL,BUY,False,-118.0,-59.0,-59.0,0.0,False,CONTROL_OR_NO_SINGLE_SURVIVOR,,,,,5.0,
2176,2025-08-04 09:30,DISCOVERY_AUGUST,VALIDATED_SOURCE,NY,2,FIXED_75_ARM_5R,FIXED,1,-118.0,-59.0,-59.0,SELL,BUY,False,-118.0,-59.0,-59.0,0.0,False,CONTROL_OR_NO_SINGLE_SURVIVOR,,,,,5.0,
2176,2025-08-04 09:30,DISCOVERY_AUGUST,VALIDATED_SOURCE,NY,2,FIXED_75_ARM_5R,FIXED,2,-118.0,-59.0,-59.0,SELL,BUY,False,-118.0,-59.0,-59.0,0.0,False,CONTROL_OR_NO_SINGLE_SURVIVOR,,,,,5.0,
2176,2025-08-04 09:30,DISCOVERY_AUGUST,VALIDATED_SOURCE,NY,2,FIXED_75_ARM_5R,FIXED,4,-118.0,-59.0,-59.0,SELL,BUY,False,-118.0,-59.0,-59.0,0.0,False,CONTROL_OR_NO_SINGLE_SURVIVOR,,,,,5.0,
2176,2025-08-04 09:30,DISCOVERY_AUGUST,VALIDATED_SOURCE,NY,2,FIXED_85_ARM_5R,FIXED,0,-118.0,-59.0,-59.0,SELL,BUY,False,-118.0,-59.0,-59.0,0.0,False,CONTROL_OR_NO_SINGLE_SURVIVOR,,,,,5.0,
2176,2025-08-04 09:30,DISCOVERY_AUGUST,VALIDATED_SOURCE,NY,2,FIXED_85_ARM_5R,FIXED,1,-118.0,-59.0,-59.0,SELL,BUY,False,-118.0,-59.0,-59.0,0.0,False,CONTROL_OR_NO_SINGLE_SURVIVOR,,,,,5.0,
2176,2025-08-04 09:30,DISCOVERY_AUGUST,VALIDATED_SOURCE,NY,2,FIXED_85_ARM_5R,FIXED,2,-118.0,-59.0,-59.0,SELL,BUY,False,-118.0,-59.0,-59.0,0.0,False,CONTROL_OR_NO_SINGLE_SURVIVOR,,,,,5.0,
2176,2025-08-04 09:30,DISCOVERY_AUGUST,VALIDATED_SOURCE,NY,2,FIXED_85_ARM_5R,FIXED,4,-118.0,-59.0,-59.0,SELL,BUY,False,-118.0,-59.0,-59.0,0.0,False,CONTROL_OR_NO_SINGLE_SURVIVOR,,,,,5.0,
2176,2025-08-04 09:30,DISCOVERY_AUGUST,VALIDATED_SOURCE,NY,2,DYNAMIC_FAST_2R_4R_6R_8R,DYNAMIC,0,-118.0,-59.0,-59.0,SELL,BUY,False,-118.0,-59.0,-59.0,0.0,False,CONTROL_OR_NO_SINGLE_SURVIVOR,,,,,2.0,
2176,2025-08-04 09:30,DISCOVERY_AUGUST,VALIDATED_SOURCE,NY,2,DYNAMIC_FAST_2R_4R_6R_8R,DYNAMIC,1,-118.0,-59.0,-59.0,SELL,BUY,False,-118.0,-59.0,-59.0,0.0,False,CONTROL_OR_NO_SINGLE_SURVIVOR,,,,,2.0,
2176,2025-08-04 09:30,DISCOVERY_AUGUST,VALIDATED_SOURCE,NY,2,DYNAMIC_FAST_2R_4R_6R_8R,DYNAMIC,2,-118.0,-59.0,-59.0,SELL,BUY,False,-118.0,-59.0,-59.0,0.0,False,CONTROL_OR_NO_SINGLE_SURVIVOR,,,,,2.0,
2176,2025-08-04 09:30,DISCOVERY_AUGUST,VALIDATED_SOURCE,NY,2,DYNAMIC_FAST_2R_4R_6R_8R,DYNAMIC,4,-118.0,-59.0,-59.0,SELL,BUY,False,-118.0,-59.0,-59.0,0.0,False,CONTROL_OR_NO_SINGLE_SURVIVOR,,,,,2.0,
2176,2025-08-04 09:30,DISCOVERY_AUGUST,VALIDATED_SOURCE,NY,2,DYNAMIC_BALANCED_3R_5R_8R_12R,DYNAMIC,0,-118.0,-59.0,-59.0,SELL,BUY,False,-118.0,-59.0,-59.0,0.0,False,CONTROL_OR_NO_SINGLE_SURVIVOR,,,,,3.0,
2176,2025-08-04 09:30,DISCOVERY_AUGUST,VALIDATED_SOURCE,NY,2,DYNAMIC_BALANCED_3R_5R_8R_12R,DYNAMIC,1,-118.0,-59.0,-59.0,SELL,BUY,False,-118.0,-59.0,-59.0,0.0,False,CONTROL_OR_NO_SINGLE_SURVIVOR,,,,,3.0,
2176,2025-08-04 09:30,DISCOVERY_AUGUST,VALIDATED_SOURCE,NY,2,DYNAMIC_BALANCED_3R_5R_8R_12R,DYNAMIC,2,-118.0,-59.0,-59.0,SELL,BUY,False,-118.0,-59.0,-59.0,0.0,False,CONTROL_OR_NO_SINGLE_SURVIVOR,,,,,3.0,
2176,2025-08-04 09:30,DISCOVERY_AUGUST,VALIDATED_SOURCE,NY,2,DYNAMIC_BALANCED_3R_5R_8R_12R,DYNAMIC,4,-118.0,-59.0,-59.0,SELL,BUY,False,-118.0,-59.0,-59.0,0.0,False,CONTROL_OR_NO_SINGLE_SURVIVOR,,,,,3.0,
2176,2025-08-04 09:30,DISCOVERY_AUGUST,VALIDATED_SOURCE,NY,2,DYNAMIC_LOOSE_4R_7R_11R_16R,DYNAMIC,0,-118.0,-59.0,-59.0,SELL,BUY,False,-118.0,-59.0,-59.0,0.0,False,CONTROL_OR_NO_SINGLE_SURVIVOR,,,,,4.0,
2176,2025-08-04 09:30,DISCOVERY_AUGUST,VALIDATED_SOURCE,NY,2,DYNAMIC_LOOSE_4R_7R_11R_16R,DYNAMIC,1,-118.0,-59.0,-59.0,SELL,BUY,False,-118.0,-59.0,-59.0,0.0,False,CONTROL_OR_NO_SINGLE_SURVIVOR,,,,,4.0,
2176,2025-08-04 09:30,DISCOVERY_AUGUST,VALIDATED_SOURCE,NY,2,DYNAMIC_LOOSE_4R_7R_11R_16R,DYNAMIC,2,-118.0,-59.0,-59.0,SELL,BUY,False,-118.0,-59.0,-59.0,0.0,False,CONTROL_OR_NO_SINGLE_SURVIVOR,,,,,4.0,
2176,2025-08-04 09:30,DISCOVERY_AUGUST,VALIDATED_SOURCE,NY,2,DYNAMIC_LOOSE_4R_7R_11R_16R,DYNAMIC,4,-118.0,-59.0,-59.0,SELL,BUY,False,-118.0,-59.0,-59.0,0.0,False,CONTROL_OR_NO_SINGLE_SURVIVOR,,,,,4.0,
2176,2025-08-04 09:30,DISCOVERY_AUGUST,VALIDATED_SOURCE,NY,2,ADAPTIVE_VOL_ARM_3R,ADAPTIVE,0,-118.0,-59.0,-59.0,SELL,BUY,False,-118.0,-59.0,-59.0,0.0,False,CONTROL_OR_NO_SINGLE_SURVIVOR,,,,,3.0,
2176,2025-08-04 09:30,DISCOVERY_AUGUST,VALIDATED_SOURCE,NY,2,ADAPTIVE_VOL_ARM_3R,ADAPTIVE,1,-118.0,-59.0,-59.0,SELL,BUY,False,-118.0,-59.0,-59.0,0.0,False,CONTROL_OR_NO_SINGLE_SURVIVOR,,,,,3.0,
2176,2025-08-04 09:30,DISCOVERY_AUGUST,VALIDATED_SOURCE,NY,2,ADAPTIVE_VOL_ARM_3R,ADAPTIVE,2,-118.0,-59.0,-59.0,SELL,BUY,False,-118.0,-59.0,-59.0,0.0,False,CONTROL_OR_NO_SINGLE_SURVIVOR,,,,,3.0,
2176,2025-08-04 09:30,DISCOVERY_AUGUST,VALIDATED_SOURCE,NY,2,ADAPTIVE_VOL_ARM_3R,ADAPTIVE,4,-118.0,-59.0,-59.0,SELL,BUY,False,-118.0,-59.0,-59.0,0.0,False,CONTROL_OR_NO_SINGLE_SURVIVOR,,,,,3.0,
2176,2025-08-04 09:30,DISCOVERY_AUGUST,VALIDATED_SOURCE,NY,2,ADAPTIVE_VOL_ARM_4R,ADAPTIVE,0,-118.0,-59.0,-59.0,SELL,BUY,False,-118.0,-59.0,-59.0,0.0,False,CONTROL_OR_NO_SINGLE_SURVIVOR,,,,,4.0,
2176,2025-08-04 09:30,DISCOVERY_AUGUST,VALIDATED_SOURCE,NY,2,ADAPTIVE_VOL_ARM_4R,ADAPTIVE,1,-118.0,-59.0,-59.0,SELL,BUY,False,-118.0,-59.0,-59.0,0.0,False,CONTROL_OR_NO_SINGLE_SURVIVOR,,,,,4.0,
2176,2025-08-04 09:30,DISCOVERY_AUGUST,VALIDATED_SOURCE,NY,2,ADAPTIVE_VOL_ARM_4R,ADAPTIVE,2,-118.0,-59.0,-59.0,SELL,BUY,False,-118.0,-59.0,-59.0,0.0,False,CONTROL_OR_NO_SINGLE_SURVIVOR,,,,,4.0,
2176,2025-08-04 09:30,DISCOVERY_AUGUST,VALIDATED_SOURCE,NY,2,ADAPTIVE_VOL_ARM_4R,ADAPTIVE,4,-118.0,-59.0,-59.0,SELL,BUY,False,-118.0,-59.0,-59.0,0.0,False,CONTROL_OR_NO_SINGLE_SURVIVOR,,,,,4.0,
2177,2025-08-04 18:00,DISCOVERY_AUGUST,VALIDATED_SOURCE,WEEKDAY_PREMIUM,2,CONTROL_NO_PAIR_FLOOR,CONTROL,0,-118.0,-59.0,-59.0,SELL,BUY,False,-118.0,-59.0,-59.0,0.0,False,CONTROL_OR_NO_SINGLE_SURVIVOR,,,,,999.0,
2177,2025-08-04 18:00,DISCOVERY_AUGUST,VALIDATED_SOURCE,WEEKDAY_PREMIUM,2,CONTROL_NO_PAIR_FLOOR,CONTROL,1,-118.0,-59.0,-59.0,SELL,BUY,False,-118.0,-59.0,-59.0,0.0,False,CONTROL_OR_NO_SINGLE_SURVIVOR,,,,,999.0,
2177,2025-08-04 18:00,DISCOVERY_AUGUST,VALIDATED_SOURCE,WEEKDAY_PREMIUM,2,CONTROL_NO_PAIR_FLOOR,CONTROL,2,-118.0,-59.0,-59.0,SELL,BUY,False,-118.0,-59.0,-59.0,0.0,False,CONTROL_OR_NO_SINGLE_SURVIVOR,,,,,999.0,
2177,2025-08-04 18:00,DISCOVERY_AUGUST,VALIDATED_SOURCE,WEEKDAY_PREMIUM,2,CONTROL_NO_PAIR_FLOOR,CONTROL,4,-118.0,-59.0,-59.0,SELL,BUY,False,-118.0,-59.0,-59.0,0.0,False,CONTROL_OR_NO_SINGLE_SURVIVOR,,,,,999.0,
2177,2025-08-04 18:00,DISCOVERY_AUGUST,VALIDATED_SOURCE,WEEKDAY_PREMIUM,2,FIXED_50_ARM_2R,FIXED,0,-118.0,-59.0,-59.0,SELL,BUY,False,-118.0,-59.0,-59.0,0.0,False,CONTROL_OR_NO_SINGLE_SURVIVOR,,,,,2.0,
2177,2025-08-04 18:00,DISCOVERY_AUGUST,VALIDATED_SOURCE,WEEKDAY_PREMIUM,2,FIXED_50_ARM_2R,FIXED,1,-118.0,-59.0,-59.0,SELL,BUY,False,-118.0,-59.0,-59.0,0.0,False,CONTROL_OR_NO_SINGLE_SURVIVOR,,,,,2.0,
2177,2025-08-04 18:00,DISCOVERY_AUGUST,VALIDATED_SOURCE,WEEKDAY_PREMIUM,2,FIXED_50_ARM_2R,FIXED,2,-118.0,-59.0,-59.0,SELL,BUY,False,-118.0,-59.0,-59.0,0.0,False,CONTROL_OR_NO_SINGLE_SURVIVOR,,,,,2.0,
2177,2025-08-04 18:00,DISCOVERY_AUGUST,VALIDATED_SOURCE,WEEKDAY_PREMIUM,2,FIXED_50_ARM_2R,FIXED,4,-118.0,-59.0,-59.0,SELL,BUY,False,-118.0,-59.0,-59.0,0.0,False,CONTROL_OR_NO_SINGLE_SURVIVOR,,,,,2.0,
2177,2025-08-04 18:00,DISCOVERY_AUGUST,VALIDATED_SOURCE,WEEKDAY_PREMIUM,2,FIXED_65_ARM_2R,FIXED,0,-118.0,-59.0,-59.0,SELL,BUY,False,-118.0,-59.0,-59.0,0.0,False,CONTROL_OR_NO_SINGLE_SURVIVOR,,,,,2.0,
2177,2025-08-04 18:00,DISCOVERY_AUGUST,VALIDATED_SOURCE,WEEKDAY_PREMIUM,2,FIXED_65_ARM_2R,FIXED,1,-118.0,-59.0,-59.0,SELL,BUY,False,-118.0,-59.0,-59.0,0.0,False,CONTROL_OR_NO_SINGLE_SURVIVOR,,,,,2.0,
2177,2025-08-04 18:00,DISCOVERY_AUGUST,VALIDATED_SOURCE,WEEKDAY_PREMIUM,2,FIXED_65_ARM_2R,FIXED,2,-118.0,-59.0,-59.0,SELL,BUY,False,-118.0,-59.0,-59.0,0.0,False,CONTROL_OR_NO_SINGLE_SURVIVOR,,,,,2.0,
2177,2025-08-04 18:00,DISCOVERY_AUGUST,VALIDATED_SOURCE,WEEKDAY_PREMIUM,2,FIXED_65_ARM_2R,FIXED,4,-118.0,-59.0,-59.0,SELL,BUY,False,-118.0,-59.0,-59.0,0.0,False,CONTROL_OR_NO_SINGLE_SURVIVOR,,,,,2.0,
2177,2025-08-04 18:00,DISCOVERY_AUGUST,VALIDATED_SOURCE,WEEKDAY_PREMIUM,2,FIXED_75_ARM_2R,FIXED,0,-118.0,-59.0,-59.0,SELL,BUY,False,-118.0,-59.0,-59.0,0.0,False,CONTROL_OR_NO_SINGLE_SURVIVOR,,,,,2.0,
2177,2025-08-04 18:00,DISCOVERY_AUGUST,VALIDATED_SOURCE,WEEKDAY_PREMIUM,2,FIXED_75_ARM_2R,FIXED,1,-118.0,-59.0,-59.0,SELL,BUY,False,-118.0,-59.0,-59.0,0.0,False,CONTROL_OR_NO_SINGLE_SURVIVOR,,,,,2.0,
2177,2025-08-04 18:00,DISCOVERY_AUGUST,VALIDATED_SOURCE,WEEKDAY_PREMIUM,2,FIXED_75_ARM_2R,FIXED,2,-118.0,-59.0,-59.0,SELL,BUY,False,-118.0,-59.0,-59.0,0.0,False,CONTROL_OR_NO_SINGLE_SURVIVOR,,,,,2.0,
2177,2025-08-04 18:00,DISCOVERY_AUGUST,VALIDATED_SOURCE,WEEKDAY_PREMIUM,2,FIXED_75_ARM_2R,FIXED,4,-118.0,-59.0,-59.0,SELL,BUY,False,-118.0,-59.0,-59.0,0.0,False,CONTROL_OR_NO_SINGLE_SURVIVOR,,,,,2.0,
2177,2025-08-04 18:00,DISCOVERY_AUGUST,VALIDATED_SOURCE,WEEKDAY_PREMIUM,2,FIXED_85_ARM_2R,FIXED,0,-118.0,-59.0,-59.0,SELL,BUY,False,-118.0,-59.0,-59.0,0.0,False,CONTROL_OR_NO_SINGLE_SURVIVOR,,,,,2.0,
2177,2025-08-04 18:00,DISCOVERY_AUGUST,VALIDATED_SOURCE,WEEKDAY_PREMIUM,2,FIXED_85_ARM_2R,FIXED,1,-118.0,-59.0,-59.0,SELL,BUY,False,-118.0,-59.0,-59.0,0.0,False,CONTROL_OR_NO_SINGLE_SURVIVOR,,,,,2.0,
2177,2025-08-04 18:00,DISCOVERY_AUGUST,VALIDATED_SOURCE,WEEKDAY_PREMIUM,2,FIXED_85_ARM_2R,FIXED,2,-118.0,-59.0,-59.0,SELL,BUY,False,-118.0,-59.0,-59.0,0.0,False,CONTROL_OR_NO_SINGLE_SURVIVOR,,,,,2.0,
2177,2025-08-04 18:00,DISCOVERY_AUGUST,VALIDATED_SOURCE,WEEKDAY_PREMIUM,2,FIXED_85_ARM_2R,FIXED,4,-118.0,-59.0,-59.0,SELL,BUY,False,-118.0,-59.0,-59.0,0.0,False,CONTROL_OR_NO_SINGLE_SURVIVOR,,,,,2.0,
2177,2025-08-04 18:00,DISCOVERY_AUGUST,VALIDATED_SOURCE,WEEKDAY_PREMIUM,2,FIXED_50_ARM_3R,FIXED,0,-118.0,-59.0,-59.0,SELL,BUY,False,-118.0,-59.0,-59.0,0.0,False,CONTROL_OR_NO_SINGLE_SURVIVOR,,,,,3.0,
2177,2025-08-04 18:00,DISCOVERY_AUGUST,VALIDATED_SOURCE,WEEKDAY_PREMIUM,2,FIXED_50_ARM_3R,FIXED,1,-118.0,-59.0,-59.0,SELL,BUY,False,-118.0,-59.0,-59.0,0.0,False,CONTROL_OR_NO_SINGLE_SURVIVOR,,,,,3.0,
2177,2025-08-04 18:00,DISCOVERY_AUGUST,VALIDATED_SOURCE,WEEKDAY_PREMIUM,2,FIXED_50_ARM_3R,FIXED,2,-118.0,-59.0,-59.0,SELL,BUY,False,-118.0,-59.0,-59.0,0.0,False,CONTROL_OR_NO_SINGLE_SURVIVOR,,,,,3.0,
2177,2025-08-04 18:00,DISCOVERY_AUGUST,VALIDATED_SOURCE,WEEKDAY_PREMIUM,2,FIXED_50_ARM_3R,FIXED,4,-118.0,-59.0,-59.0,SELL,BUY,False,-118.0,-59.0,-59.0,0.0,False,CONTROL_OR_NO_SINGLE_SURVIVOR,,,,,3.0,
2177,2025-08-04 18:00,DISCOVERY_AUGUST,VALIDATED_SOURCE,WEEKDAY_PREMIUM,2,FIXED_65_ARM_3R,FIXED,0,-118.0,-59.0,-59.0,SELL,BUY,False,-118.0,-59.0,-59.0,0.0,False,CONTROL_OR_NO_SINGLE_SURVIVOR,,,,,3.0,
2177,2025-08-04 18:00,DISCOVERY_AUGUST,VALIDATED_SOURCE,WEEKDAY_PREMIUM,2,FIXED_65_ARM_3R,FIXED,1,-118.0,-59.0,-59.0,SELL,BUY,False,-118.0,-59.0,-59.0,0.0,False,CONTROL_OR_NO_SINGLE_SURVIVOR,,,,,3.0,
2177,2025-08-04 18:00,DISCOVERY_AUGUST,VALIDATED_SOURCE,WEEKDAY_PREMIUM,2,FIXED_65_ARM_3R,FIXED,2,-118.0,-59.0,-59.0,SELL,BUY,False,-118.0,-59.0,-59.0,0.0,False,CONTROL_OR_NO_SINGLE_SURVIVOR,,,,,3.0,
2177,2025-08-04 18:00,DISCOVERY_AUGUST,VALIDATED_SOURCE,WEEKDAY_PREMIUM,2,FIXED_65_ARM_3R,FIXED,4,-118.0,-59.0,-59.0,SELL,BUY,False,-118.0,-59.0,-59.0,0.0,False,CONTROL_OR_NO_SINGLE_SURVIVOR,,,,,3.0,
2177,2025-08-04 18:00,DISCOVERY_AUGUST,VALIDATED_SOURCE,WEEKDAY_PREMIUM,2,FIXED_75_ARM_3R,FIXED,0,-118.0,-59.0,-59.0,SELL,BUY,False,-118.0,-59.0,-59.0,0.0,False,CONTROL_OR_NO_SINGLE_SURVIVOR,,,,,3.0,
2177,2025-08-04 18:00,DISCOVERY_AUGUST,VALIDATED_SOURCE,WEEKDAY_PREMIUM,2,FIXED_75_ARM_3R,FIXED,1,-118.0,-59.0,-59.0,SELL,BUY,False,-118.0,-59.0,-59.0,0.0,False,CONTROL_OR_NO_SINGLE_SURVIVOR,,,,,3.0,
2177,2025-08-04 18:00,DISCOVERY_AUGUST,VALIDATED_SOURCE,WEEKDAY_PREMIUM,2,FIXED_75_ARM_3R,FIXED,2,-118.0,-59.0,-59.0,SELL,BUY,False,-118.0,-59.0,-59.0,0.0,False,CONTROL_OR_NO_SINGLE_SURVIVOR,,,,,3.0,
2177,2025-08-04 18:00,DISCOVERY_AUGUST,VALIDATED_SOURCE,WEEKDAY_PREMIUM,2,FIXED_75_ARM_3R,FIXED,4,-118.0,-59.0,-59.0,SELL,BUY,False,-118.0,-59.0,-59.0,0.0,False,CONTROL_OR_NO_SINGLE_SURVIVOR,,,,,3.0,
2177,2025-08-04 18:00,DISCOVERY_AUGUST,VALIDATED_SOURCE,WEEKDAY_PREMIUM,2,FIXED_85_ARM_3R,FIXED,0,-118.0,-59.0,-59.0,SELL,BUY,False,-118.0,-59.0,-59.0,0.0,False,CONTROL_OR_NO_SINGLE_SURVIVOR,,,,,3.0,
2177,2025-08-04 18:00,DISCOVERY_AUGUST,VALIDATED_SOURCE,WEEKDAY_PREMIUM,2,FIXED_85_ARM_3R,FIXED,1,-118.0,-59.0,-59.0,SELL,BUY,False,-118.0,-59.0,-59.0,0.0,False,CONTROL_OR_NO_SINGLE_SURVIVOR,,,,,3.0,
2177,2025-08-04 18:00,DISCOVERY_AUGUST,VALIDATED_SOURCE,WEEKDAY_PREMIUM,2,FIXED_85_ARM_3R,FIXED,2,-118.0,-59.0,-59.0,SELL,BUY,False,-118.0,-59.0,-59.0,0.0,False,CONTROL_OR_NO_SINGLE_SURVIVOR,,,,,3.0,
2177,2025-08-04 18:00,DISCOVERY_AUGUST,VALIDATED_SOURCE,WEEKDAY_PREMIUM,2,FIXED_85_ARM_3R,FIXED,4,-118.0,-59.0,-59.0,SELL,BUY,False,-118.0,-59.0,-59.0,0.0,False,CONTROL_OR_NO_SINGLE_SURVIVOR,,,,,3.0,
2177,2025-08-04 18:00,DISCOVERY_AUGUST,VALIDATED_SOURCE,WEEKDAY_PREMIUM,2,FIXED_50_ARM_4R,FIXED,0,-118.0,-59.0,-59.0,SELL,BUY,False,-118.0,-59.0,-59.0,0.0,False,CONTROL_OR_NO_SINGLE_SURVIVOR,,,,,4.0,
2177,2025-08-04 18:00,DISCOVERY_AUGUST,VALIDATED_SOURCE,WEEKDAY_PREMIUM,2,FIXED_50_ARM_4R,FIXED,1,-118.0,-59.0,-59.0,SELL,BUY,False,-118.0,-59.0,-59.0,0.0,False,CONTROL_OR_NO_SINGLE_SURVIVOR,,,,,4.0,
2177,2025-08-04 18:00,DISCOVERY_AUGUST,VALIDATED_SOURCE,WEEKDAY_PREMIUM,2,FIXED_50_ARM_4R,FIXED,2,-118.0,-59.0,-59.0,SELL,BUY,False,-118.0,-59.0,-59.0,0.0,False,CONTROL_OR_NO_SINGLE_SURVIVOR,,,,,4.0,
2177,2025-08-04 18:00,DISCOVERY_AUGUST,VALIDATED_SOURCE,WEEKDAY_PREMIUM,2,FIXED_50_ARM_4R,FIXED,4,-118.0,-59.0,-59.0,SELL,BUY,False,-118.0,-59.0,-59.0,0.0,False,CONTROL_OR_NO_SINGLE_SURVIVOR,,,,,4.0,
2177,2025-08-04 18:00,DISCOVERY_AUGUST,VALIDATED_SOURCE,WEEKDAY_PREMIUM,2,FIXED_65_ARM_4R,FIXED,0,-118.0,-59.0,-59.0,SELL,BUY,False,-118.0,-59.0,-59.0,0.0,False,CONTROL_OR_NO_SINGLE_SURVIVOR,,,,,4.0,
2177,2025-08-04 18:00,DISCOVERY_AUGUST,VALIDATED_SOURCE,WEEKDAY_PREMIUM,2,FIXED_65_ARM_4R,FIXED,1,-118.0,-59.0,-59.0,SELL,BUY,False,-118.0,-59.0,-59.0,0.0,False,CONTROL_OR_NO_SINGLE_SURVIVOR,,,,,4.0,
2177,2025-08-04 18:00,DISCOVERY_AUGUST,VALIDATED_SOURCE,WEEKDAY_PREMIUM,2,FIXED_65_ARM_4R,FIXED,2,-118.0,-59.0,-59.0,SELL,BUY,False,-118.0,-59.0,-59.0,0.0,False,CONTROL_OR_NO_SINGLE_SURVIVOR,,,,,4.0,
2177,2025-08-04 18:00,DISCOVERY_AUGUST,VALIDATED_SOURCE,WEEKDAY_PREMIUM,2,FIXED_65_ARM_4R,FIXED,4,-118.0,-59.0,-59.0,SELL,BUY,False,-118.0,-59.0,-59.0,0.0,False,CONTROL_OR_NO_SINGLE_SURVIVOR,,,,,4.0,
2177,2025-08-04 18:00,DISCOVERY_AUGUST,VALIDATED_SOURCE,WEEKDAY_PREMIUM,2,FIXED_75_ARM_4R,FIXED,0,-118.0,-59.0,-59.0,SELL,BUY,False,-118.0,-59.0,-59.0,0.0,False,CONTROL_OR_NO_SINGLE_SURVIVOR,,,,,4.0,
2177,2025-08-04 18:00,DISCOVERY_AUGUST,VALIDATED_SOURCE,WEEKDAY_PREMIUM,2,FIXED_75_ARM_4R,FIXED,1,-118.0,-59.0,-59.0,SELL,BUY,False,-118.0,-59.0,-59.0,0.0,False,CONTROL_OR_NO_SINGLE_SURVIVOR,,,,,4.0,
2177,2025-08-04 18:00,DISCOVERY_AUGUST,VALIDATED_SOURCE,WEEKDAY_PREMIUM,2,FIXED_75_ARM_4R,FIXED,2,-118.0,-59.0,-59.0,SELL,BUY,False,-118.0,-59.0,-59.0,0.0,False,CONTROL_OR_NO_SINGLE_SURVIVOR,,,,,4.0,
2177,2025-08-04 18:00,DISCOVERY_AUGUST,VALIDATED_SOURCE,WEEKDAY_PREMIUM,2,FIXED_75_ARM_4R,FIXED,4,-118.0,-59.0,-59.0,SELL,BUY,False,-118.0,-59.0,-59.0,0.0,False,CONTROL_OR_NO_SINGLE_SURVIVOR,,,,,4.0,
2177,2025-08-04 18:00,DISCOVERY_AUGUST,VALIDATED_SOURCE,WEEKDAY_PREMIUM,2,FIXED_85_ARM_4R,FIXED,0,-118.0,-59.0,-59.0,SELL,BUY,False,-118.0,-59.0,-59.0,0.0,False,CONTROL_OR_NO_SINGLE_SURVIVOR,,,,,4.0,
2177,2025-08-04 18:00,DISCOVERY_AUGUST,VALIDATED_SOURCE,WEEKDAY_PREMIUM,2,FIXED_85_ARM_4R,FIXED,1,-118.0,-59.0,-59.0,SELL,BUY,False,-118.0,-59.0,-59.0,0.0,False,CONTROL_OR_NO_SINGLE_SURVIVOR,,,,,4.0,
2177,2025-08-04 18:00,DISCOVERY_AUGUST,VALIDATED_SOURCE,WEEKDAY_PREMIUM,2,FIXED_85_ARM_4R,FIXED,2,-118.0,-59.0,-59.0,SELL,BUY,False,-118.0,-59.0,-59.0,0.0,False,CONTROL_OR_NO_SINGLE_SURVIVOR,,,,,4.0,
2177,2025-08-04 18:00,DISCOVERY_AUGUST,VALIDATED_SOURCE,WEEKDAY_PREMIUM,2,FIXED_85_ARM_4R,FIXED,4,-118.0,-59.0,-59.0,SELL,BUY,False,-118.0,-59.0,-59.0,0.0,False,CONTROL_OR_NO_SINGLE_SURVIVOR,,,,,4.0,
2177,2025-08-04 18:00,DISCOVERY_AUGUST,VALIDATED_SOURCE,WEEKDAY_PREMIUM,2,FIXED_50_ARM_5R,FIXED,0,-118.0,-59.0,-59.0,SELL,BUY,False,-118.0,-59.0,-59.0,0.0,False,CONTROL_OR_NO_SINGLE_SURVIVOR,,,,,5.0,
2177,2025-08-04 18:00,DISCOVERY_AUGUST,VALIDATED_SOURCE,WEEKDAY_PREMIUM,2,FIXED_50_ARM_5R,FIXED,1,-118.0,-59.0,-59.0,SELL,BUY,False,-118.0,-59.0,-59.0,0.0,False,CONTROL_OR_NO_SINGLE_SURVIVOR,,,,,5.0,
2177,2025-08-04 18:00,DISCOVERY_AUGUST,VALIDATED_SOURCE,WEEKDAY_PREMIUM,2,FIXED_50_ARM_5R,FIXED,2,-118.0,-59.0,-59.0,SELL,BUY,False,-118.0,-59.0,-59.0,0.0,False,CONTROL_OR_NO_SINGLE_SURVIVOR,,,,,5.0,
2177,2025-08-04 18:00,DISCOVERY_AUGUST,VALIDATED_SOURCE,WEEKDAY_PREMIUM,2,FIXED_50_ARM_5R,FIXED,4,-118.0,-59.0,-59.0,SELL,BUY,False,-118.0,-59.0,-59.0,0.0,False,CONTROL_OR_NO_SINGLE_SURVIVOR,,,,,5.0,
2177,2025-08-04 18:00,DISCOVERY_AUGUST,VALIDATED_SOURCE,WEEKDAY_PREMIUM,2,FIXED_65_ARM_5R,FIXED,0,-118.0,-59.0,-59.0,SELL,BUY,False,-118.0,-59.0,-59.0,0.0,False,CONTROL_OR_NO_SINGLE_SURVIVOR,,,,,5.0,
2177,2025-08-04 18:00,DISCOVERY_AUGUST,VALIDATED_SOURCE,WEEKDAY_PREMIUM,2,FIXED_65_ARM_5R,FIXED,1,-118.0,-59.0,-59.0,SELL,BUY,False,-118.0,-59.0,-59.0,0.0,False,CONTROL_OR_NO_SINGLE_SURVIVOR,,,,,5.0,
2177,2025-08-04 18:00,DISCOVERY_AUGUST,VALIDATED_SOURCE,WEEKDAY_PREMIUM,2,FIXED_65_ARM_5R,FIXED,2,-118.0,-59.0,-59.0,SELL,BUY,False,-118.0,-59.0,-59.0,0.0,False,CONTROL_OR_NO_SINGLE_SURVIVOR,,,,,5.0,
2177,2025-08-04 18:00,DISCOVERY_AUGUST,VALIDATED_SOURCE,WEEKDAY_PREMIUM,2,FIXED_65_ARM_5R,FIXED,4,-118.0,-59.0,-59.0,SELL,BUY,False,-118.0,-59.0,-59.0,0.0,False,CONTROL_OR_NO_SINGLE_SURVIVOR,,,,,5.0,
2177,2025-08-04 18:00,DISCOVERY_AUGUST,VALIDATED_SOURCE,WEEKDAY_PREMIUM,2,FIXED_75_ARM_5R,FIXED,0,-118.0,-59.0,-59.0,SELL,BUY,False,-118.0,-59.0,-59.0,0.0,False,CONTROL_OR_NO_SINGLE_SURVIVOR,,,,,5.0,
2177,2025-08-04 18:00,DISCOVERY_AUGUST,VALIDATED_SOURCE,WEEKDAY_PREMIUM,2,FIXED_75_ARM_5R,FIXED,1,-118.0,-59.0,-59.0,SELL,BUY,False,-118.0,-59.0,-59.0,0.0,False,CONTROL_OR_NO_SINGLE_SURVIVOR,,,,,5.0,
2177,2025-08-04 18:00,DISCOVERY_AUGUST,VALIDATED_SOURCE,WEEKDAY_PREMIUM,2,FIXED_75_ARM_5R,FIXED,2,-118.0,-59.0,-59.0,SELL,BUY,False,-118.0,-59.0,-59.0,0.0,False,CONTROL_OR_NO_SINGLE_SURVIVOR,,,,,5.0,
2177,2025-08-04 18:00,DISCOVERY_AUGUST,VALIDATED_SOURCE,WEEKDAY_PREMIUM,2,FIXED_75_ARM_5R,FIXED,4,-118.0,-59.0,-59.0,SELL,BUY,False,-118.0,-59.0,-59.0,0.0,False,CONTROL_OR_NO_SINGLE_SURVIVOR,,,,,5.0,
2177,2025-08-04 18:00,DISCOVERY_AUGUST,VALIDATED_SOURCE,WEEKDAY_PREMIUM,2,FIXED_85_ARM_5R,FIXED,0,-118.0,-59.0,-59.0,SELL,BUY,False,-118.0,-59.0,-59.0,0.0,False,CONTROL_OR_NO_SINGLE_SURVIVOR,,,,,5.0,
2177,2025-08-04 18:00,DISCOVERY_AUGUST,VALIDATED_SOURCE,WEEKDAY_PREMIUM,2,FIXED_85_ARM_5R,FIXED,1,-118.0,-59.0,-59.0,SELL,BUY,False,-118.0,-59.0,-59.0,0.0,False,CONTROL_OR_NO_SINGLE_SURVIVOR,,,,,5.0,
2177,2025-08-04 18:00,DISCOVERY_AUGUST,VALIDATED_SOURCE,WEEKDAY_PREMIUM,2,FIXED_85_ARM_5R,FIXED,2,-118.0,-59.0,-59.0,SELL,BUY,False,-118.0,-59.0,-59.0,0.0,False,CONTROL_OR_NO_SINGLE_SURVIVOR,,,,,5.0,
2177,2025-08-04 18:00,DISCOVERY_AUGUST,VALIDATED_SOURCE,WEEKDAY_PREMIUM,2,FIXED_85_ARM_5R,FIXED,4,-118.0,-59.0,-59.0,SELL,BUY,False,-118.0,-59.0,-59.0,0.0,False,CONTROL_OR_NO_SINGLE_SURVIVOR,,,,,5.0,
2177,2025-08-04 18:00,DISCOVERY_AUGUST,VALIDATED_SOURCE,WEEKDAY_PREMIUM,2,DYNAMIC_FAST_2R_4R_6R_8R,DYNAMIC,0,-118.0,-59.0,-59.0,SELL,BUY,False,-118.0,-59.0,-59.0,0.0,False,CONTROL_OR_NO_SINGLE_SURVIVOR,,,,,2.0,
2177,2025-08-04 18:00,DISCOVERY_AUGUST,VALIDATED_SOURCE,WEEKDAY_PREMIUM,2,DYNAMIC_FAST_2R_4R_6R_8R,DYNAMIC,1,-118.0,-59.0,-59.0,SELL,BUY,False,-118.0,-59.0,-59.0,0.0,False,CONTROL_OR_NO_SINGLE_SURVIVOR,,,,,2.0,
2177,2025-08-04 18:00,DISCOVERY_AUGUST,VALIDATED_SOURCE,WEEKDAY_PREMIUM,2,DYNAMIC_FAST_2R_4R_6R_8R,DYNAMIC,2,-118.0,-59.0,-59.0,SELL,BUY,False,-118.0,-59.0,-59.0,0.0,False,CONTROL_OR_NO_SINGLE_SURVIVOR,,,,,2.0,
2177,2025-08-04 18:00,DISCOVERY_AUGUST,VALIDATED_SOURCE,WEEKDAY_PREMIUM,2,DYNAMIC_FAST_2R_4R_6R_8R,DYNAMIC,4,-118.0,-59.0,-59.0,SELL,BUY,False,-118.0,-59.0,-59.0,0.0,False,CONTROL_OR_NO_SINGLE_SURVIVOR,,,,,2.0,
2177,2025-08-04 18:00,DISCOVERY_AUGUST,VALIDATED_SOURCE,WEEKDAY_PREMIUM,2,DYNAMIC_BALANCED_3R_5R_8R_12R,DYNAMIC,0,-118.0,-59.0,-59.0,SELL,BUY,False,-118.0,-59.0,-59.0,0.0,False,CONTROL_OR_NO_SINGLE_SURVIVOR,,,,,3.0,
2177,2025-08-04 18:00,DISCOVERY_AUGUST,VALIDATED_SOURCE,WEEKDAY_PREMIUM,2,DYNAMIC_BALANCED_3R_5R_8R_12R,DYNAMIC,1,-118.0,-59.0,-59.0,SELL,BUY,False,-118.0,-59.0,-59.0,0.0,False,CONTROL_OR_NO_SINGLE_SURVIVOR,,,,,3.0,
2177,2025-08-04 18:00,DISCOVERY_AUGUST,VALIDATED_SOURCE,WEEKDAY_PREMIUM,2,DYNAMIC_BALANCED_3R_5R_8R_12R,DYNAMIC,2,-118.0,-59.0,-59.0,SELL,BUY,False,-118.0,-59.0,-59.0,0.0,False,CONTROL_OR_NO_SINGLE_SURVIVOR,,,,,3.0,
2177,2025-08-04 18:00,DISCOVERY_AUGUST,VALIDATED_SOURCE,WEEKDAY_PREMIUM,2,DYNAMIC_BALANCED_3R_5R_8R_12R,DYNAMIC,4,-118.0,-59.0,-59.0,SELL,BUY,False,-118.0,-59.0,-59.0,0.0,False,CONTROL_OR_NO_SINGLE_SURVIVOR,,,,,3.0,
2177,2025-08-04 18:00,DISCOVERY_AUGUST,VALIDATED_SOURCE,WEEKDAY_PREMIUM,2,DYNAMIC_LOOSE_4R_7R_11R_16R,DYNAMIC,0,-118.0,-59.0,-59.0,SELL,BUY,False,-118.0,-59.0,-59.0,0.0,False,CONTROL_OR_NO_SINGLE_SURVIVOR,,,,,4.0,
2177,2025-08-04 18:00,DISCOVERY_AUGUST,VALIDATED_SOURCE,WEEKDAY_PREMIUM,2,DYNAMIC_LOOSE_4R_7R_11R_16R,DYNAMIC,1,-118.0,-59.0,-59.0,SELL,BUY,False,-118.0,-59.0,-59.0,0.0,False,CONTROL_OR_NO_SINGLE_SURVIVOR,,,,,4.0,
2177,2025-08-04 18:00,DISCOVERY_AUGUST,VALIDATED_SOURCE,WEEKDAY_PREMIUM,2,DYNAMIC_LOOSE_4R_7R_11R_16R,DYNAMIC,2,-118.0,-59.0,-59.0,SELL,BUY,False,-118.0,-59.0,-59.0,0.0,False,CONTROL_OR_NO_SINGLE_SURVIVOR,,,,,4.0,
2177,2025-08-04 18:00,DISCOVERY_AUGUST,VALIDATED_SOURCE,WEEKDAY_PREMIUM,2,DYNAMIC_LOOSE_4R_7R_11R_16R,DYNAMIC,4,-118.0,-59.0,-59.0,SELL,BUY,False,-118.0,-59.0,-59.0,0.0,False,CONTROL_OR_NO_SINGLE_SURVIVOR,,,,,4.0,
2177,2025-08-04 18:00,DISCOVERY_AUGUST,VALIDATED_SOURCE,WEEKDAY_PREMIUM,2,ADAPTIVE_VOL_ARM_3R,ADAPTIVE,0,-118.0,-59.0,-59.0,SELL,BUY,False,-118.0,-59.0,-59.0,0.0,False,CONTROL_OR_NO_SINGLE_SURVIVOR,,,,,3.0,
2177,2025-08-04 18:00,DISCOVERY_AUGUST,VALIDATED_SOURCE,WEEKDAY_PREMIUM,2,ADAPTIVE_VOL_ARM_3R,ADAPTIVE,1,-118.0,-59.0,-59.0,SELL,BUY,False,-118.0,-59.0,-59.0,0.0,False,CONTROL_OR_NO_SINGLE_SURVIVOR,,,,,3.0,
2177,2025-08-04 18:00,DISCOVERY_AUGUST,VALIDATED_SOURCE,WEEKDAY_PREMIUM,2,ADAPTIVE_VOL_ARM_3R,ADAPTIVE,2,-118.0,-59.0,-59.0,SELL,BUY,False,-118.0,-59.0,-59.0,0.0,False,CONTROL_OR_NO_SINGLE_SURVIVOR,,,,,3.0,
2177,2025-08-04 18:00,DISCOVERY_AUGUST,VALIDATED_SOURCE,WEEKDAY_PREMIUM,2,ADAPTIVE_VOL_ARM_3R,ADAPTIVE,4,-118.0,-59.0,-59.0,SELL,BUY,False,-118.0,-59.0,-59.0,0.0,False,CONTROL_OR_NO_SINGLE_SURVIVOR,,,,,3.0,
2177,2025-08-04 18:00,DISCOVERY_AUGUST,VALIDATED_SOURCE,WEEKDAY_PREMIUM,2,ADAPTIVE_VOL_ARM_4R,ADAPTIVE,0,-118.0,-59.0,-59.0,SELL,BUY,False,-118.0,-59.0,-59.0,0.0,False,CONTROL_OR_NO_SINGLE_SURVIVOR,,,,,4.0,
2177,2025-08-04 18:00,DISCOVERY_AUGUST,VALIDATED_SOURCE,WEEKDAY_PREMIUM,2,ADAPTIVE_VOL_ARM_4R,ADAPTIVE,1,-118.0,-59.0,-59.0,SELL,BUY,False,-118.0,-59.0,-59.0,0.0,False,CONTROL_OR_NO_SINGLE_SURVIVOR,,,,,4.0,
2177,2025-08-04 18:00,DISCOVERY_AUGUST,VALIDATED_SOURCE,WEEKDAY_PREMIUM,2,ADAPTIVE_VOL_ARM_4R,ADAPTIVE,2,-118.0,-59.0,-59.0,SELL,BUY,False,-118.0,-59.0,-59.0,0.0,False,CONTROL_OR_NO_SINGLE_SURVIVOR,,,,,4.0,
2177,2025-08-04 18:00,DISCOVERY_AUGUST,VALIDATED_SOURCE,WEEKDAY_PREMIUM,2,ADAPTIVE_VOL_ARM_4R,ADAPTIVE,4,-118.0,-59.0,-59.0,SELL,BUY,False,-118.0,-59.0,-59.0,0.0,False,CONTROL_OR_NO_SINGLE_SURVIVOR,,,,,4.0,
2178,2025-08-05 09:30,DISCOVERY_AUGUST,VALIDATED_SOURCE,NY,2,CONTROL_NO_PAIR_FLOOR,CONTROL,0,-118.0,-59.0,-59.0,SELL,BUY,False,-118.0,-59.0,-59.0,0.0,False,CONTROL_OR_NO_SINGLE_SURVIVOR,,,,,999.0,
2178,2025-08-05 09:30,DISCOVERY_AUGUST,VALIDATED_SOURCE,NY,2,CONTROL_NO_PAIR_FLOOR,CONTROL,1,-118.0,-59.0,-59.0,SELL,BUY,False,-118.0,-59.0,-59.0,0.0,False,CONTROL_OR_NO_SINGLE_SURVIVOR,,,,,999.0,
2178,2025-08-05 09:30,DISCOVERY_AUGUST,VALIDATED_SOURCE,NY,2,CONTROL_NO_PAIR_FLOOR,CONTROL,2,-118.0,-59.0,-59.0,SELL,BUY,False,-118.0,-59.0,-59.0,0.0,False,CONTROL_OR_NO_SINGLE_SURVIVOR,,,,,999.0,
2178,2025-08-05 09:30,DISCOVERY_AUGUST,VALIDATED_SOURCE,NY,2,CONTROL_NO_PAIR_FLOOR,CONTROL,4,-118.0,-59.0,-59.0,SELL,BUY,False,-118.0,-59.0,-59.0,0.0,False,CONTROL_OR_NO_SINGLE_SURVIVOR,,,,,999.0,
2178,2025-08-05 09:30,DISCOVERY_AUGUST,VALIDATED_SOURCE,NY,2,FIXED_50_ARM_2R,FIXED,0,-118.0,-59.0,-59.0,SELL,BUY,False,-118.0,-59.0,-59.0,0.0,False,CONTROL_OR_NO_SINGLE_SURVIVOR,,,,,2.0,
2178,2025-08-05 09:30,DISCOVERY_AUGUST,VALIDATED_SOURCE,NY,2,FIXED_50_ARM_2R,FIXED,1,-118.0,-59.0,-59.0,SELL,BUY,False,-118.0,-59.0,-59.0,0.0,False,CONTROL_OR_NO_SINGLE_SURVIVOR,,,,,2.0,
2178,2025-08-05 09:30,DISCOVERY_AUGUST,VALIDATED_SOURCE,NY,2,FIXED_50_ARM_2R,FIXED,2,-118.0,-59.0,-59.0,SELL,BUY,False,-118.0,-59.0,-59.0,0.0,False,CONTROL_OR_NO_SINGLE_SURVIVOR,,,,,2.0,
2178,2025-08-05 09:30,DISCOVERY_AUGUST,VALIDATED_SOURCE,NY,2,FIXED_50_ARM_2R,FIXED,4,-118.0,-59.0,-59.0,SELL,BUY,False,-118.0,-59.0,-59.0,0.0,False,CONTROL_OR_NO_SINGLE_SURVIVOR,,,,,2.0,
2178,2025-08-05 09:30,DISCOVERY_AUGUST,VALIDATED_SOURCE,NY,2,FIXED_65_ARM_2R,FIXED,0,-118.0,-59.0,-59.0,SELL,BUY,False,-118.0,-59.0,-59.0,0.0,False,CONTROL_OR_NO_SINGLE_SURVIVOR,,,,,2.0,
2178,2025-08-05 09:30,DISCOVERY_AUGUST,VALIDATED_SOURCE,NY,2,FIXED_65_ARM_2R,FIXED,1,-118.0,-59.0,-59.0,SELL,BUY,False,-118.0,-59.0,-59.0,0.0,False,CONTROL_OR_NO_SINGLE_SURVIVOR,,,,,2.0,
2178,2025-08-05 09:30,DISCOVERY_AUGUST,VALIDATED_SOURCE,NY,2,FIXED_65_ARM_2R,FIXED,2,-118.0,-59.0,-59.0,SELL,BUY,False,-118.0,-59.0,-59.0,0.0,False,CONTROL_OR_NO_SINGLE_SURVIVOR,,,,,2.0,
2178,2025-08-05 09:30,DISCOVERY_AUGUST,VALIDATED_SOURCE,NY,2,FIXED_65_ARM_2R,FIXED,4,-118.0,-59.0,-59.0,SELL,BUY,False,-118.0,-59.0,-59.0,0.0,False,CONTROL_OR_NO_SINGLE_SURVIVOR,,,,,2.0,
2178,2025-08-05 09:30,DISCOVERY_AUGUST,VALIDATED_SOURCE,NY,2,FIXED_75_ARM_2R,FIXED,0,-118.0,-59.0,-59.0,SELL,BUY,False,-118.0,-59.0,-59.0,0.0,False,CONTROL_OR_NO_SINGLE_SURVIVOR,,,,,2.0,
2178,2025-08-05 09:30,DISCOVERY_AUGUST,VALIDATED_SOURCE,NY,2,FIXED_75_ARM_2R,FIXED,1,-118.0,-59.0,-59.0,SELL,BUY,False,-118.0,-59.0,-59.0,0.0,False,CONTROL_OR_NO_SINGLE_SURVIVOR,,,,,2.0,
2178,2025-08-05 09:30,DISCOVERY_AUGUST,VALIDATED_SOURCE,NY,2,FIXED_75_ARM_2R,FIXED,2,-118.0,-59.0,-59.0,SELL,BUY,False,-118.0,-59.0,-59.0,0.0,False,CONTROL_OR_NO_SINGLE_SURVIVOR,,,,,2.0,
2178,2025-08-05 09:30,DISCOVERY_AUGUST,VALIDATED_SOURCE,NY,2,FIXED_75_ARM_2R,FIXED,4,-118.0,-59.0,-59.0,SELL,BUY,False,-118.0,-59.0,-59.0,0.0,False,CONTROL_OR_NO_SINGLE_SURVIVOR,,,,,2.0,
2178,2025-08-05 09:30,DISCOVERY_AUGUST,VALIDATED_SOURCE,NY,2,FIXED_85_ARM_2R,FIXED,0,-118.0,-59.0,-59.0,SELL,BUY,False,-118.0,-59.0,-59.0,0.0,False,CONTROL_OR_NO_SINGLE_SURVIVOR,,,,,2.0,
2178,2025-08-05 09:30,DISCOVERY_AUGUST,VALIDATED_SOURCE,NY,2,FIXED_85_ARM_2R,FIXED,1,-118.0,-59.0,-59.0,SELL,BUY,False,-118.0,-59.0,-59.0,0.0,False,CONTROL_OR_NO_SINGLE_SURVIVOR,,,,,2.0,
2178,2025-08-05 09:30,DISCOVERY_AUGUST,VALIDATED_SOURCE,NY,2,FIXED_85_ARM_2R,FIXED,2,-118.0,-59.0,-59.0,SELL,BUY,False,-118.0,-59.0,-59.0,0.0,False,CONTROL_OR_NO_SINGLE_SURVIVOR,,,,,2.0,
2178,2025-08-05 09:30,DISCOVERY_AUGUST,VALIDATED_SOURCE,NY,2,FIXED_85_ARM_2R,FIXED,4,-118.0,-59.0,-59.0,SELL,BUY,False,-118.0,-59.0,-59.0,0.0,False,CONTROL_OR_NO_SINGLE_SURVIVOR,,,,,2.0,
2178,2025-08-05 09:30,DISCOVERY_AUGUST,VALIDATED_SOURCE,NY,2,FIXED_50_ARM_3R,FIXED,0,-118.0,-59.0,-59.0,SELL,BUY,False,-118.0,-59.0,-59.0,0.0,False,CONTROL_OR_NO_SINGLE_SURVIVOR,,,,,3.0,
2178,2025-08-05 09:30,DISCOVERY_AUGUST,VALIDATED_SOURCE,NY,2,FIXED_50_ARM_3R,FIXED,1,-118.0,-59.0,-59.0,SELL,BUY,False,-118.0,-59.0,-59.0,0.0,False,CONTROL_OR_NO_SINGLE_SURVIVOR,,,,,3.0,
2178,2025-08-05 09:30,DISCOVERY_AUGUST,VALIDATED_SOURCE,NY,2,FIXED_50_ARM_3R,FIXED,2,-118.0,-59.0,-59.0,SELL,BUY,False,-118.0,-59.0,-59.0,0.0,False,CONTROL_OR_NO_SINGLE_SURVIVOR,,,,,3.0,
2178,2025-08-05 09:30,DISCOVERY_AUGUST,VALIDATED_SOURCE,NY,2,FIXED_50_ARM_3R,FIXED,4,-118.0,-59.0,-59.0,SELL,BUY,False,-118.0,-59.0,-59.0,0.0,False,CONTROL_OR_NO_SINGLE_SURVIVOR,,,,,3.0,
2178,2025-08-05 09:30,DISCOVERY_AUGUST,VALIDATED_SOURCE,NY,2,FIXED_65_ARM_3R,FIXED,0,-118.0,-59.0,-59.0,SELL,BUY,False,-118.0,-59.0,-59.0,0.0,False,CONTROL_OR_NO_SINGLE_SURVIVOR,,,,,3.0,
2178,2025-08-05 09:30,DISCOVERY_AUGUST,VALIDATED_SOURCE,NY,2,FIXED_65_ARM_3R,FIXED,1,-118.0,-59.0,-59.0,SELL,BUY,False,-118.0,-59.0,-59.0,0.0,False,CONTROL_OR_NO_SINGLE_SURVIVOR,,,,,3.0,
2178,2025-08-05 09:30,DISCOVERY_AUGUST,VALIDATED_SOURCE,NY,2,FIXED_65_ARM_3R,FIXED,2,-118.0,-59.0,-59.0,SELL,BUY,False,-118.0,-59.0,-59.0,0.0,False,CONTROL_OR_NO_SINGLE_SURVIVOR,,,,,3.0,
2178,2025-08-05 09:30,DISCOVERY_AUGUST,VALIDATED_SOURCE,NY,2,FIXED_65_ARM_3R,FIXED,4,-118.0,-59.0,-59.0,SELL,BUY,False,-118.0,-59.0,-59.0,0.0,False,CONTROL_OR_NO_SINGLE_SURVIVOR,,,,,3.0,
2178,2025-08-05 09:30,DISCOVERY_AUGUST,VALIDATED_SOURCE,NY,2,FIXED_75_ARM_3R,FIXED,0,-118.0,-59.0,-59.0,SELL,BUY,False,-118.0,-59.0,-59.0,0.0,False,CONTROL_OR_NO_SINGLE_SURVIVOR,,,,,3.0,
2178,2025-08-05 09:30,DISCOVERY_AUGUST,VALIDATED_SOURCE,NY,2,FIXED_75_ARM_3R,FIXED,1,-118.0,-59.0,-59.0,SELL,BUY,False,-118.0,-59.0,-59.0,0.0,False,CONTROL_OR_NO_SINGLE_SURVIVOR,,,,,3.0,
2178,2025-08-05 09:30,DISCOVERY_AUGUST,VALIDATED_SOURCE,NY,2,FIXED_75_ARM_3R,FIXED,2,-118.0,-59.0,-59.0,SELL,BUY,False,-118.0,-59.0,-59.0,0.0,False,CONTROL_OR_NO_SINGLE_SURVIVOR,,,,,3.0,
2178,2025-08-05 09:30,DISCOVERY_AUGUST,VALIDATED_SOURCE,NY,2,FIXED_75_ARM_3R,FIXED,4,-118.0,-59.0,-59.0,SELL,BUY,False,-118.0,-59.0,-59.0,0.0,False,CONTROL_OR_NO_SINGLE_SURVIVOR,,,,,3.0,
2178,2025-08-05 09:30,DISCOVERY_AUGUST,VALIDATED_SOURCE,NY,2,FIXED_85_ARM_3R,FIXED,0,-118.0,-59.0,-59.0,SELL,BUY,False,-118.0,-59.0,-59.0,0.0,False,CONTROL_OR_NO_SINGLE_SURVIVOR,,,,,3.0,
2178,2025-08-05 09:30,DISCOVERY_AUGUST,VALIDATED_SOURCE,NY,2,FIXED_85_ARM_3R,FIXED,1,-118.0,-59.0,-59.0,SELL,BUY,False,-118.0,-59.0,-59.0,0.0,False,CONTROL_OR_NO_SINGLE_SURVIVOR,,,,,3.0,
2178,2025-08-05 09:30,DISCOVERY_AUGUST,VALIDATED_SOURCE,NY,2,FIXED_85_ARM_3R,FIXED,2,-118.0,-59.0,-59.0,SELL,BUY,False,-118.0,-59.0,-59.0,0.0,False,CONTROL_OR_NO_SINGLE_SURVIVOR,,,,,3.0,
2178,2025-08-05 09:30,DISCOVERY_AUGUST,VALIDATED_SOURCE,NY,2,FIXED_85_ARM_3R,FIXED,4,-118.0,-59.0,-59.0,SELL,BUY,False,-118.0,-59.0,-59.0,0.0,False,CONTROL_OR_NO_SINGLE_SURVIVOR,,,,,3.0,
2178,2025-08-05 09:30,DISCOVERY_AUGUST,VALIDATED_SOURCE,NY,2,FIXED_50_ARM_4R,FIXED,0,-118.0,-59.0,-59.0,SELL,BUY,False,-118.0,-59.0,-59.0,0.0,False,CONTROL_OR_NO_SINGLE_SURVIVOR,,,,,4.0,
2178,2025-08-05 09:30,DISCOVERY_AUGUST,VALIDATED_SOURCE,NY,2,FIXED_50_ARM_4R,FIXED,1,-118.0,-59.0,-59.0,SELL,BUY,False,-118.0,-59.0,-59.0,0.0,False,CONTROL_OR_NO_SINGLE_SURVIVOR,,,,,4.0,
2178,2025-08-05 09:30,DISCOVERY_AUGUST,VALIDATED_SOURCE,NY,2,FIXED_50_ARM_4R,FIXED,2,-118.0,-59.0,-59.0,SELL,BUY,False,-118.0,-59.0,-59.0,0.0,False,CONTROL_OR_NO_SINGLE_SURVIVOR,,,,,4.0,
2178,2025-08-05 09:30,DISCOVERY_AUGUST,VALIDATED_SOURCE,NY,2,FIXED_50_ARM_4R,FIXED,4,-118.0,-59.0,-59.0,SELL,BUY,False,-118.0,-59.0,-59.0,0.0,False,CONTROL_OR_NO_SINGLE_SURVIVOR,,,,,4.0,
2178,2025-08-05 09:30,DISCOVERY_AUGUST,VALIDATED_SOURCE,NY,2,FIXED_65_ARM_4R,FIXED,0,-118.0,-59.0,-59.0,SELL,BUY,False,-118.0,-59.0,-59.0,0.0,False,CONTROL_OR_NO_SINGLE_SURVIVOR,,,,,4.0,
2178,2025-08-05 09:30,DISCOVERY_AUGUST,VALIDATED_SOURCE,NY,2,FIXED_65_ARM_4R,FIXED,1,-118.0,-59.0,-59.0,SELL,BUY,False,-118.0,-59.0,-59.0,0.0,False,CONTROL_OR_NO_SINGLE_SURVIVOR,,,,,4.0,
2178,2025-08-05 09:30,DISCOVERY_AUGUST,VALIDATED_SOURCE,NY,2,FIXED_65_ARM_4R,FIXED,2,-118.0,-59.0,-59.0,SELL,BUY,False,-118.0,-59.0,-59.0,0.0,False,CONTROL_OR_NO_SINGLE_SURVIVOR,,,,,4.0,
2178,2025-08-05 09:30,DISCOVERY_AUGUST,VALIDATED_SOURCE,NY,2,FIXED_65_ARM_4R,FIXED,4,-118.0,-59.0,-59.0,SELL,BUY,False,-118.0,-59.0,-59.0,0.0,False,CONTROL_OR_NO_SINGLE_SURVIVOR,,,,,4.0,
2178,2025-08-05 09:30,DISCOVERY_AUGUST,VALIDATED_SOURCE,NY,2,FIXED_75_ARM_4R,FIXED,0,-118.0,-59.0,-59.0,SELL,BUY,False,-118.0,-59.0,-59.0,0.0,False,CONTROL_OR_NO_SINGLE_SURVIVOR,,,,,4.0,
2178,2025-08-05 09:30,DISCOVERY_AUGUST,VALIDATED_SOURCE,NY,2,FIXED_75_ARM_4R,FIXED,1,-118.0,-59.0,-59.0,SELL,BUY,False,-118.0,-59.0,-59.0,0.0,False,CONTROL_OR_NO_SINGLE_SURVIVOR,,,,,4.0,
2178,2025-08-05 09:30,DISCOVERY_AUGUST,VALIDATED_SOURCE,NY,2,FIXED_75_ARM_4R,FIXED,2,-118.0,-59.0,-59.0,SELL,BUY,False,-118.0,-59.0,-59.0,0.0,False,CONTROL_OR_NO_SINGLE_SURVIVOR,,,,,4.0,
2178,2025-08-05 09:30,DISCOVERY_AUGUST,VALIDATED_SOURCE,NY,2,FIXED_75_ARM_4R,FIXED,4,-118.0,-59.0,-59.0,SELL,BUY,False,-118.0,-59.0,-59.0,0.0,False,CONTROL_OR_NO_SINGLE_SURVIVOR,,,,,4.0,
2178,2025-08-05 09:30,DISCOVERY_AUGUST,VALIDATED_SOURCE,NY,2,FIXED_85_ARM_4R,FIXED,0,-118.0,-59.0,-59.0,SELL,BUY,False,-118.0,-59.0,-59.0,0.0,False,CONTROL_OR_NO_SINGLE_SURVIVOR,,,,,4.0,
2178,2025-08-05 09:30,DISCOVERY_AUGUST,VALIDATED_SOURCE,NY,2,FIXED_85_ARM_4R,FIXED,1,-118.0,-59.0,-59.0,SELL,BUY,False,-118.0,-59.0,-59.0,0.0,False,CONTROL_OR_NO_SINGLE_SURVIVOR,,,,,4.0,
2178,2025-08-05 09:30,DISCOVERY_AUGUST,VALIDATED_SOURCE,NY,2,FIXED_85_ARM_4R,FIXED,2,-118.0,-59.0,-59.0,SELL,BUY,False,-118.0,-59.0,-59.0,0.0,False,CONTROL_OR_NO_SINGLE_SURVIVOR,,,,,4.0,
2178,2025-08-05 09:30,DISCOVERY_AUGUST,VALIDATED_SOURCE,NY,2,FIXED_85_ARM_4R,FIXED,4,-118.0,-59.0,-59.0,SELL,BUY,False,-118.0,-59.0,-59.0,0.0,False,CONTROL_OR_NO_SINGLE_SURVIVOR,,,,,4.0,
2178,2025-08-05 09:30,DISCOVERY_AUGUST,VALIDATED_SOURCE,NY,2,FIXED_50_ARM_5R,FIXED,0,-118.0,-59.0,-59.0,SELL,BUY,False,-118.0,-59.0,-59.0,0.0,False,CONTROL_OR_NO_SINGLE_SURVIVOR,,,,,5.0,
2178,2025-08-05 09:30,DISCOVERY_AUGUST,VALIDATED_SOURCE,NY,2,FIXED_50_ARM_5R,FIXED,1,-118.0,-59.0,-59.0,SELL,BUY,False,-118.0,-59.0,-59.0,0.0,False,CONTROL_OR_NO_SINGLE_SURVIVOR,,,,,5.0,
2178,2025-08-05 09:30,DISCOVERY_AUGUST,VALIDATED_SOURCE,NY,2,FIXED_50_ARM_5R,FIXED,2,-118.0,-59.0,-59.0,SELL,BUY,False,-118.0,-59.0,-59.0,0.0,False,CONTROL_OR_NO_SINGLE_SURVIVOR,,,,,5.0,
2178,2025-08-05 09:30,DISCOVERY_AUGUST,VALIDATED_SOURCE,NY,2,FIXED_50_ARM_5R,FIXED,4,-118.0,-59.0,-59.0,SELL,BUY,False,-118.0,-59.0,-59.0,0.0,False,CONTROL_OR_NO_SINGLE_SURVIVOR,,,,,5.0,
2178,2025-08-05 09:30,DISCOVERY_AUGUST,VALIDATED_SOURCE,NY,2,FIXED_65_ARM_5R,FIXED,0,-118.0,-59.0,-59.0,SELL,BUY,False,-118.0,-59.0,-59.0,0.0,False,CONTROL_OR_NO_SINGLE_SURVIVOR,,,,,5.0,
2178,2025-08-05 09:30,DISCOVERY_AUGUST,VALIDATED_SOURCE,NY,2,FIXED_65_ARM_5R,FIXED,1,-118.0,-59.0,-59.0,SELL,BUY,False,-118.0,-59.0,-59.0,0.0,False,CONTROL_OR_NO_SINGLE_SURVIVOR,,,,,5.0,
2178,2025-08-05 09:30,DISCOVERY_AUGUST,VALIDATED_SOURCE,NY,2,FIXED_65_ARM_5R,FIXED,2,-118.0,-59.0,-59.0,SELL,BUY,False,-118.0,-59.0,-59.0,0.0,False,CONTROL_OR_NO_SINGLE_SURVIVOR,,,,,5.0,
2178,2025-08-05 09:30,DISCOVERY_AUGUST,VALIDATED_SOURCE,NY,2,FIXED_65_ARM_5R,FIXED,4,-118.0,-59.0,-59.0,SELL,BUY,False,-118.0,-59.0,-59.0,0.0,False,CONTROL_OR_NO_SINGLE_SURVIVOR,,,,,5.0,
2178,2025-08-05 09:30,DISCOVERY_AUGUST,VALIDATED_SOURCE,NY,2,FIXED_75_ARM_5R,FIXED,0,-118.0,-59.0,-59.0,SELL,BUY,False,-118.0,-59.0,-59.0,0.0,False,CONTROL_OR_NO_SINGLE_SURVIVOR,,,,,5.0,
2178,2025-08-05 09:30,DISCOVERY_AUGUST,VALIDATED_SOURCE,NY,2,FIXED_75_ARM_5R,FIXED,1,-118.0,-59.0,-59.0,SELL,BUY,False,-118.0,-59.0,-59.0,0.0,False,CONTROL_OR_NO_SINGLE_SURVIVOR,,,,,5.0,
2178,2025-08-05 09:30,DISCOVERY_AUGUST,VALIDATED_SOURCE,NY,2,FIXED_75_ARM_5R,FIXED,2,-118.0,-59.0,-59.0,SELL,BUY,False,-118.0,-59.0,-59.0,0.0,False,CONTROL_OR_NO_SINGLE_SURVIVOR,,,,,5.0,
2178,2025-08-05 09:30,DISCOVERY_AUGUST,VALIDATED_SOURCE,NY,2,FIXED_75_ARM_5R,FIXED,4,-118.0,-59.0,-59.0,SELL,BUY,False,-118.0,-59.0,-59.0,0.0,False,CONTROL_OR_NO_SINGLE_SURVIVOR,,,,,5.0,
2178,2025-08-05 09:30,DISCOVERY_AUGUST,VALIDATED_SOURCE,NY,2,FIXED_85_ARM_5R,FIXED,0,-118.0,-59.0,-59.0,SELL,BUY,False,-118.0,-59.0,-59.0,0.0,False,CONTROL_OR_NO_SINGLE_SURVIVOR,,,,,5.0,
2178,2025-08-05 09:30,DISCOVERY_AUGUST,VALIDATED_SOURCE,NY,2,FIXED_85_ARM_5R,FIXED,1,-118.0,-59.0,-59.0,SELL,BUY,False,-118.0,-59.0,-59.0,0.0,False,CONTROL_OR_NO_SINGLE_SURVIVOR,,,,,5.0,
2178,2025-08-05 09:30,DISCOVERY_AUGUST,VALIDATED_SOURCE,NY,2,FIXED_85_ARM_5R,FIXED,2,-118.0,-59.0,-59.0,SELL,BUY,False,-118.0,-59.0,-59.0,0.0,False,CONTROL_OR_NO_SINGLE_SURVIVOR,,,,,5.0,
2178,2025-08-05 09:30,DISCOVERY_AUGUST,VALIDATED_SOURCE,NY,2,FIXED_85_ARM_5R,FIXED,4,-118.0,-59.0,-59.0,SELL,BUY,False,-118.0,-59.0,-59.0,0.0,False,CONTROL_OR_NO_SINGLE_SURVIVOR,,,,,5.0,
2178,2025-08-05 09:30,DISCOVERY_AUGUST,VALIDATED_SOURCE,NY,2,DYNAMIC_FAST_2R_4R_6R_8R,DYNAMIC,0,-118.0,-59.0,-59.0,SELL,BUY,False,-118.0,-59.0,-59.0,0.0,False,CONTROL_OR_NO_SINGLE_SURVIVOR,,,,,2.0,
2178,2025-08-05 09:30,DISCOVERY_AUGUST,VALIDATED_SOURCE,NY,2,DYNAMIC_FAST_2R_4R_6R_8R,DYNAMIC,1,-118.0,-59.0,-59.0,SELL,BUY,False,-118.0,-59.0,-59.0,0.0,False,CONTROL_OR_NO_SINGLE_SURVIVOR,,,,,2.0,
2178,2025-08-05 09:30,DISCOVERY_AUGUST,VALIDATED_SOURCE,NY,2,DYNAMIC_FAST_2R_4R_6R_8R,DYNAMIC,2,-118.0,-59.0,-59.0,SELL,BUY,False,-118.0,-59.0,-59.0,0.0,False,CONTROL_OR_NO_SINGLE_SURVIVOR,,,,,2.0,
2178,2025-08-05 09:30,DISCOVERY_AUGUST,VALIDATED_SOURCE,NY,2,DYNAMIC_FAST_2R_4R_6R_8R,DYNAMIC,4,-118.0,-59.0,-59.0,SELL,BUY,False,-118.0,-59.0,-59.0,0.0,False,CONTROL_OR_NO_SINGLE_SURVIVOR,,,,,2.0,
2178,2025-08-05 09:30,DISCOVERY_AUGUST,VALIDATED_SOURCE,NY,2,DYNAMIC_BALANCED_3R_5R_8R_12R,DYNAMIC,0,-118.0,-59.0,-59.0,SELL,BUY,False,-118.0,-59.0,-59.0,0.0,False,CONTROL_OR_NO_SINGLE_SURVIVOR,,,,,3.0,
2178,2025-08-05 09:30,DISCOVERY_AUGUST,VALIDATED_SOURCE,NY,2,DYNAMIC_BALANCED_3R_5R_8R_12R,DYNAMIC,1,-118.0,-59.0,-59.0,SELL,BUY,False,-118.0,-59.0,-59.0,0.0,False,CONTROL_OR_NO_SINGLE_SURVIVOR,,,,,3.0,
2178,2025-08-05 09:30,DISCOVERY_AUGUST,VALIDATED_SOURCE,NY,2,DYNAMIC_BALANCED_3R_5R_8R_12R,DYNAMIC,2,-118.0,-59.0,-59.0,SELL,BUY,False,-118.0,-59.0,-59.0,0.0,False,CONTROL_OR_NO_SINGLE_SURVIVOR,,,,,3.0,
2178,2025-08-05 09:30,DISCOVERY_AUGUST,VALIDATED_SOURCE,NY,2,DYNAMIC_BALANCED_3R_5R_8R_12R,DYNAMIC,4,-118.0,-59.0,-59.0,SELL,BUY,False,-118.0,-59.0,-59.0,0.0,False,CONTROL_OR_NO_SINGLE_SURVIVOR,,,,,3.0,
2178,2025-08-05 09:30,DISCOVERY_AUGUST,VALIDATED_SOURCE,NY,2,DYNAMIC_LOOSE_4R_7R_11R_16R,DYNAMIC,0,-118.0,-59.0,-59.0,SELL,BUY,False,-118.0,-59.0,-59.0,0.0,False,CONTROL_OR_NO_SINGLE_SURVIVOR,,,,,4.0,
2178,2025-08-05 09:30,DISCOVERY_AUGUST,VALIDATED_SOURCE,NY,2,DYNAMIC_LOOSE_4R_7R_11R_16R,DYNAMIC,1,-118.0,-59.0,-59.0,SELL,BUY,False,-118.0,-59.0,-59.0,0.0,False,CONTROL_OR_NO_SINGLE_SURVIVOR,,,,,4.0,
2178,2025-08-05 09:30,DISCOVERY_AUGUST,VALIDATED_SOURCE,NY,2,DYNAMIC_LOOSE_4R_7R_11R_16R,DYNAMIC,2,-118.0,-59.0,-59.0,SELL,BUY,False,-118.0,-59.0,-59.0,0.0,False,CONTROL_OR_NO_SINGLE_SURVIVOR,,,,,4.0,
2178,2025-08-05 09:30,DISCOVERY_AUGUST,VALIDATED_SOURCE,NY,2,DYNAMIC_LOOSE_4R_7R_11R_16R,DYNAMIC,4,-118.0,-59.0,-59.0,SELL,BUY,False,-118.0,-59.0,-59.0,0.0,False,CONTROL_OR_NO_SINGLE_SURVIVOR,,,,,4.0,
2178,2025-08-05 09:30,DISCOVERY_AUGUST,VALIDATED_SOURCE,NY,2,ADAPTIVE_VOL_ARM_3R,ADAPTIVE,0,-118.0,-59.0,-59.0,SELL,BUY,False,-118.0,-59.0,-59.0,0.0,False,CONTROL_OR_NO_SINGLE_SURVIVOR,,,,,3.0,
2178,2025-08-05 09:30,DISCOVERY_AUGUST,VALIDATED_SOURCE,NY,2,ADAPTIVE_VOL_ARM_3R,ADAPTIVE,1,-118.0,-59.0,-59.0,SELL,BUY,False,-118.0,-59.0,-59.0,0.0,False,CONTROL_OR_NO_SINGLE_SURVIVOR,,,,,3.0,
2178,2025-08-05 09:30,DISCOVERY_AUGUST,VALIDATED_SOURCE,NY,2,ADAPTIVE_VOL_ARM_3R,ADAPTIVE,2,-118.0,-59.0,-59.0,SELL,BUY,False,-118.0,-59.0,-59.0,0.0,False,CONTROL_OR_NO_SINGLE_SURVIVOR,,,,,3.0,
2178,2025-08-05 09:30,DISCOVERY_AUGUST,VALIDATED_SOURCE,NY,2,ADAPTIVE_VOL_ARM_3R,ADAPTIVE,4,-118.0,-59.0,-59.0,SELL,BUY,False,-118.0,-59.0,-59.0,0.0,False,CONTROL_OR_NO_SINGLE_SURVIVOR,,,,,3.0,
2178,2025-08-05 09:30,DISCOVERY_AUGUST,VALIDATED_SOURCE,NY,2,ADAPTIVE_VOL_ARM_4R,ADAPTIVE,0,-118.0,-59.0,-59.0,SELL,BUY,False,-118.0,-59.0,-59.0,0.0,False,CONTROL_OR_NO_SINGLE_SURVIVOR,,,,,4.0,
2178,2025-08-05 09:30,DISCOVERY_AUGUST,VALIDATED_SOURCE,NY,2,ADAPTIVE_VOL_ARM_4R,ADAPTIVE,1,-118.0,-59.0,-59.0,SELL,BUY,False,-118.0,-59.0,-59.0,0.0,False,CONTROL_OR_NO_SINGLE_SURVIVOR,,,,,4.0,
2178,2025-08-05 09:30,DISCOVERY_AUGUST,VALIDATED_SOURCE,NY,2,ADAPTIVE_VOL_ARM_4R,ADAPTIVE,2,-118.0,-59.0,-59.0,SELL,BUY,False,-118.0,-59.0,-59.0,0.0,False,CONTROL_OR_NO_SINGLE_SURVIVOR,,,,,4.0,
2178,2025-08-05 09:30,DISCOVERY_AUGUST,VALIDATED_SOURCE,NY,2,ADAPTIVE_VOL_ARM_4R,ADAPTIVE,4,-118.0,-59.0,-59.0,SELL,BUY,False,-118.0,-59.0,-59.0,0.0,False,CONTROL_OR_NO_SINGLE_SURVIVOR,,,,,4.0,
2179,2025-08-05 18:00,DISCOVERY_AUGUST,VALIDATED_SOURCE,WEEKDAY_PREMIUM,2,CONTROL_NO_PAIR_FLOOR,CONTROL,0,332.0,-59.0,391.0,SELL,BUY,True,332.0,-59.0,391.0,0.0,False,CONTROL_OR_NO_SINGLE_SURVIVOR,,,,,999.0,
2179,2025-08-05 18:00,DISCOVERY_AUGUST,VALIDATED_SOURCE,WEEKDAY_PREMIUM,2,CONTROL_NO_PAIR_FLOOR,CONTROL,1,332.0,-59.0,391.0,SELL,BUY,True,332.0,-59.0,391.0,0.0,False,CONTROL_OR_NO_SINGLE_SURVIVOR,,,,,999.0,
2179,2025-08-05 18:00,DISCOVERY_AUGUST,VALIDATED_SOURCE,WEEKDAY_PREMIUM,2,CONTROL_NO_PAIR_FLOOR,CONTROL,2,332.0,-59.0,391.0,SELL,BUY,True,332.0,-59.0,391.0,0.0,False,CONTROL_OR_NO_SINGLE_SURVIVOR,,,,,999.0,
2179,2025-08-05 18:00,DISCOVERY_AUGUST,VALIDATED_SOURCE,WEEKDAY_PREMIUM,2,CONTROL_NO_PAIR_FLOOR,CONTROL,4,332.0,-59.0,391.0,SELL,BUY,True,332.0,-59.0,391.0,0.0,False,CONTROL_OR_NO_SINGLE_SURVIVOR,,,,,999.0,
2179,2025-08-05 18:00,DISCOVERY_AUGUST,VALIDATED_SOURCE,WEEKDAY_PREMIUM,2,FIXED_50_ARM_2R,FIXED,0,332.0,-59.0,391.0,SELL,BUY,True,332.0,-59.0,391.0,0.0,False,CONTROL_TARGET_REACHED,,,292.0,146.0,2.0,0.5
2179,2025-08-05 18:00,DISCOVERY_AUGUST,VALIDATED_SOURCE,WEEKDAY_PREMIUM,2,FIXED_50_ARM_2R,FIXED,1,332.0,-59.0,391.0,SELL,BUY,True,332.0,-59.0,391.0,0.0,False,CONTROL_TARGET_REACHED,,,292.0,146.0,2.0,0.5
2179,2025-08-05 18:00,DISCOVERY_AUGUST,VALIDATED_SOURCE,WEEKDAY_PREMIUM,2,FIXED_50_ARM_2R,FIXED,2,332.0,-59.0,391.0,SELL,BUY,True,332.0,-59.0,391.0,0.0,False,CONTROL_TARGET_REACHED,,,292.0,146.0,2.0,0.5
2179,2025-08-05 18:00,DISCOVERY_AUGUST,VALIDATED_SOURCE,WEEKDAY_PREMIUM,2,FIXED_50_ARM_2R,FIXED,4,332.0,-59.0,391.0,SELL,BUY,True,332.0,-59.0,391.0,0.0,False,CONTROL_TARGET_REACHED,,,292.0,146.0,2.0,0.5
2179,2025-08-05 18:00,DISCOVERY_AUGUST,VALIDATED_SOURCE,WEEKDAY_PREMIUM,2,FIXED_65_ARM_2R,FIXED,0,332.0,-59.0,391.0,SELL,BUY,True,332.0,-59.0,391.0,0.0,False,CONTROL_TARGET_REACHED,,,292.0,189.8,2.0,0.65
2179,2025-08-05 18:00,DISCOVERY_AUGUST,VALIDATED_SOURCE,WEEKDAY_PREMIUM,2,FIXED_65_ARM_2R,FIXED,1,332.0,-59.0,391.0,SELL,BUY,True,332.0,-59.0,391.0,0.0,False,CONTROL_TARGET_REACHED,,,292.0,189.8,2.0,0.65
2179,2025-08-05 18:00,DISCOVERY_AUGUST,VALIDATED_SOURCE,WEEKDAY_PREMIUM,2,FIXED_65_ARM_2R,FIXED,2,332.0,-59.0,391.0,SELL,BUY,True,332.0,-59.0,391.0,0.0,False,CONTROL_TARGET_REACHED,,,292.0,189.8,2.0,0.65
2179,2025-08-05 18:00,DISCOVERY_AUGUST,VALIDATED_SOURCE,WEEKDAY_PREMIUM,2,FIXED_65_ARM_2R,FIXED,4,332.0,-59.0,391.0,SELL,BUY,True,332.0,-59.0,391.0,0.0,False,CONTROL_TARGET_REACHED,,,292.0,189.8,2.0,0.65
2179,2025-08-05 18:00,DISCOVERY_AUGUST,VALIDATED_SOURCE,WEEKDAY_PREMIUM,2,FIXED_75_ARM_2R,FIXED,0,332.0,-59.0,391.0,SELL,BUY,True,332.0,-59.0,391.0,0.0,False,CONTROL_TARGET_REACHED,,,292.0,219.0,2.0,0.75
2179,2025-08-05 18:00,DISCOVERY_AUGUST,VALIDATED_SOURCE,WEEKDAY_PREMIUM,2,FIXED_75_ARM_2R,FIXED,1,332.0,-59.0,391.0,SELL,BUY,True,332.0,-59.0,391.0,0.0,False,CONTROL_TARGET_REACHED,,,292.0,219.0,2.0,0.75
2179,2025-08-05 18:00,DISCOVERY_AUGUST,VALIDATED_SOURCE,WEEKDAY_PREMIUM,2,FIXED_75_ARM_2R,FIXED,2,332.0,-59.0,391.0,SELL,BUY,True,332.0,-59.0,391.0,0.0,False,CONTROL_TARGET_REACHED,,,292.0,219.0,2.0,0.75
2179,2025-08-05 18:00,DISCOVERY_AUGUST,VALIDATED_SOURCE,WEEKDAY_PREMIUM,2,FIXED_75_ARM_2R,FIXED,4,332.0,-59.0,391.0,SELL,BUY,True,332.0,-59.0,391.0,0.0,False,CONTROL_TARGET_REACHED,,,292.0,219.0,2.0,0.75
2179,2025-08-05 18:00,DISCOVERY_AUGUST,VALIDATED_SOURCE,WEEKDAY_PREMIUM,2,FIXED_85_ARM_2R,FIXED,0,332.0,-59.0,391.0,SELL,BUY,True,232.0,-59.0,291.0,-100.0,True,PAIR_PROTECTED_FLOOR,2025-08-05T22:03:57.111036533+00:00,23084.0,282.0,239.7,2.0,0.85
2179,2025-08-05 18:00,DISCOVERY_AUGUST,VALIDATED_SOURCE,WEEKDAY_PREMIUM,2,FIXED_85_ARM_2R,FIXED,1,332.0,-59.0,391.0,SELL,BUY,True,222.0,-59.0,281.0,-110.0,True,PAIR_PROTECTED_FLOOR,2025-08-05T22:03:57.111036533+00:00,23084.25,282.0,239.7,2.0,0.85
2179,2025-08-05 18:00,DISCOVERY_AUGUST,VALIDATED_SOURCE,WEEKDAY_PREMIUM,2,FIXED_85_ARM_2R,FIXED,2,332.0,-59.0,391.0,SELL,BUY,True,212.0,-59.0,271.0,-120.0,True,PAIR_PROTECTED_FLOOR,2025-08-05T22:03:57.111036533+00:00,23084.5,282.0,239.7,2.0,0.85
2179,2025-08-05 18:00,DISCOVERY_AUGUST,VALIDATED_SOURCE,WEEKDAY_PREMIUM,2,FIXED_85_ARM_2R,FIXED,4,332.0,-59.0,391.0,SELL,BUY,True,192.0,-59.0,251.0,-140.0,True,PAIR_PROTECTED_FLOOR,2025-08-05T22:03:57.111036533+00:00,23085.0,282.0,239.7,2.0,0.85
2179,2025-08-05 18:00,DISCOVERY_AUGUST,VALIDATED_SOURCE,WEEKDAY_PREMIUM,2,FIXED_50_ARM_3R,FIXED,0,332.0,-59.0,391.0,SELL,BUY,True,332.0,-59.0,391.0,0.0,False,CONTROL_TARGET_REACHED,,,292.0,146.0,3.0,0.5
2179,2025-08-05 18:00,DISCOVERY_AUGUST,VALIDATED_SOURCE,WEEKDAY_PREMIUM,2,FIXED_50_ARM_3R,FIXED,1,332.0,-59.0,391.0,SELL,BUY,True,332.0,-59.0,391.0,0.0,False,CONTROL_TARGET_REACHED,,,292.0,146.0,3.0,0.5
2179,2025-08-05 18:00,DISCOVERY_AUGUST,VALIDATED_SOURCE,WEEKDAY_PREMIUM,2,FIXED_50_ARM_3R,FIXED,2,332.0,-59.0,391.0,SELL,BUY,True,332.0,-59.0,391.0,0.0,False,CONTROL_TARGET_REACHED,,,292.0,146.0,3.0,0.5
2179,2025-08-05 18:00,DISCOVERY_AUGUST,VALIDATED_SOURCE,WEEKDAY_PREMIUM,2,FIXED_50_ARM_3R,FIXED,4,332.0,-59.0,391.0,SELL,BUY,True,332.0,-59.0,391.0,0.0,False,CONTROL_TARGET_REACHED,,,292.0,146.0,3.0,0.5
2179,2025-08-05 18:00,DISCOVERY_AUGUST,VALIDATED_SOURCE,WEEKDAY_PREMIUM,2,FIXED_65_ARM_3R,FIXED,0,332.0,-59.0,391.0,SELL,BUY,True,332.0,-59.0,391.0,0.0,False,CONTROL_TARGET_REACHED,,,292.0,189.8,3.0,0.65
2179,2025-08-05 18:00,DISCOVERY_AUGUST,VALIDATED_SOURCE,WEEKDAY_PREMIUM,2,FIXED_65_ARM_3R,FIXED,1,332.0,-59.0,391.0,SELL,BUY,True,332.0,-59.0,391.0,0.0,False,CONTROL_TARGET_REACHED,,,292.0,189.8,3.0,0.65
2179,2025-08-05 18:00,DISCOVERY_AUGUST,VALIDATED_SOURCE,WEEKDAY_PREMIUM,2,FIXED_65_ARM_3R,FIXED,2,332.0,-59.0,391.0,SELL,BUY,True,332.0,-59.0,391.0,0.0,False,CONTROL_TARGET_REACHED,,,292.0,189.8,3.0,0.65
2179,2025-08-05 18:00,DISCOVERY_AUGUST,VALIDATED_SOURCE,WEEKDAY_PREMIUM,2,FIXED_65_ARM_3R,FIXED,4,332.0,-59.0,391.0,SELL,BUY,True,332.0,-59.0,391.0,0.0,False,CONTROL_TARGET_REACHED,,,292.0,189.8,3.0,0.65
2179,2025-08-05 18:00,DISCOVERY_AUGUST,VALIDATED_SOURCE,WEEKDAY_PREMIUM,2,FIXED_75_ARM_3R,FIXED,0,332.0,-59.0,391.0,SELL,BUY,True,332.0,-59.0,391.0,0.0,False,CONTROL_TARGET_REACHED,,,292.0,219.0,3.0,0.75
2179,2025-08-05 18:00,DISCOVERY_AUGUST,VALIDATED_SOURCE,WEEKDAY_PREMIUM,2,FIXED_75_ARM_3R,FIXED,1,332.0,-59.0,391.0,SELL,BUY,True,332.0,-59.0,391.0,0.0,False,CONTROL_TARGET_REACHED,,,292.0,219.0,3.0,0.75
2179,2025-08-05 18:00,DISCOVERY_AUGUST,VALIDATED_SOURCE,WEEKDAY_PREMIUM,2,FIXED_75_ARM_3R,FIXED,2,332.0,-59.0,391.0,SELL,BUY,True,332.0,-59.0,391.0,0.0,False,CONTROL_TARGET_REACHED,,,292.0,219.0,3.0,0.75
2179,2025-08-05 18:00,DISCOVERY_AUGUST,VALIDATED_SOURCE,WEEKDAY_PREMIUM,2,FIXED_75_ARM_3R,FIXED,4,332.0,-59.0,391.0,SELL,BUY,True,332.0,-59.0,391.0,0.0,False,CONTROL_TARGET_REACHED,,,292.0,219.0,3.0,0.75
2179,2025-08-05 18:00,DISCOVERY_AUGUST,VALIDATED_SOURCE,WEEKDAY_PREMIUM,2,FIXED_85_ARM_3R,FIXED,0,332.0,-59.0,391.0,SELL,BUY,True,232.0,-59.0,291.0,-100.0,True,PAIR_PROTECTED_FLOOR,2025-08-05T22:03:57.111036533+00:00,23084.0,282.0,239.7,3.0,0.85
2179,2025-08-05 18:00,DISCOVERY_AUGUST,VALIDATED_SOURCE,WEEKDAY_PREMIUM,2,FIXED_85_ARM_3R,FIXED,1,332.0,-59.0,391.0,SELL,BUY,True,222.0,-59.0,281.0,-110.0,True,PAIR_PROTECTED_FLOOR,2025-08-05T22:03:57.111036533+00:00,23084.25,282.0,239.7,3.0,0.85
2179,2025-08-05 18:00,DISCOVERY_AUGUST,VALIDATED_SOURCE,WEEKDAY_PREMIUM,2,FIXED_85_ARM_3R,FIXED,2,332.0,-59.0,391.0,SELL,BUY,True,212.0,-59.0,271.0,-120.0,True,PAIR_PROTECTED_FLOOR,2025-08-05T22:03:57.111036533+00:00,23084.5,282.0,239.7,3.0,0.85
2179,2025-08-05 18:00,DISCOVERY_AUGUST,VALIDATED_SOURCE,WEEKDAY_PREMIUM,2,FIXED_85_ARM_3R,FIXED,4,332.0,-59.0,391.0,SELL,BUY,True,192.0,-59.0,251.0,-140.0,True,PAIR_PROTECTED_FLOOR,2025-08-05T22:03:57.111036533+00:00,23085.0,282.0,239.7,3.0,0.85
2179,2025-08-05 18:00,DISCOVERY_AUGUST,VALIDATED_SOURCE,WEEKDAY_PREMIUM,2,FIXED_50_ARM_4R,FIXED,0,332.0,-59.0,391.0,SELL,BUY,True,332.0,-59.0,391.0,0.0,False,CONTROL_TARGET_REACHED,,,292.0,146.0,4.0,0.5
2179,2025-08-05 18:00,DISCOVERY_AUGUST,VALIDATED_SOURCE,WEEKDAY_PREMIUM,2,FIXED_50_ARM_4R,FIXED,1,332.0,-59.0,391.0,SELL,BUY,True,332.0,-59.0,391.0,0.0,False,CONTROL_TARGET_REACHED,,,292.0,146.0,4.0,0.5
2179,2025-08-05 18:00,DISCOVERY_AUGUST,VALIDATED_SOURCE,WEEKDAY_PREMIUM,2,FIXED_50_ARM_4R,FIXED,2,332.0,-59.0,391.0,SELL,BUY,True,332.0,-59.0,391.0,0.0,False,CONTROL_TARGET_REACHED,,,292.0,146.0,4.0,0.5
2179,2025-08-05 18:00,DISCOVERY_AUGUST,VALIDATED_SOURCE,WEEKDAY_PREMIUM,2,FIXED_50_ARM_4R,FIXED,4,332.0,-59.0,391.0,SELL,BUY,True,332.0,-59.0,391.0,0.0,False,CONTROL_TARGET_REACHED,,,292.0,146.0,4.0,0.5
2179,2025-08-05 18:00,DISCOVERY_AUGUST,VALIDATED_SOURCE,WEEKDAY_PREMIUM,2,FIXED_65_ARM_4R,FIXED,0,332.0,-59.0,391.0,SELL,BUY,True,332.0,-59.0,391.0,0.0,False,CONTROL_TARGET_REACHED,,,292.0,189.8,4.0,0.65
2179,2025-08-05 18:00,DISCOVERY_AUGUST,VALIDATED_SOURCE,WEEKDAY_PREMIUM,2,FIXED_65_ARM_4R,FIXED,1,332.0,-59.0,391.0,SELL,BUY,True,332.0,-59.0,391.0,0.0,False,CONTROL_TARGET_REACHED,,,292.0,189.8,4.0,0.65
2179,2025-08-05 18:00,DISCOVERY_AUGUST,VALIDATED_SOURCE,WEEKDAY_PREMIUM,2,FIXED_65_ARM_4R,FIXED,2,332.0,-59.0,391.0,SELL,BUY,True,332.0,-59.0,391.0,0.0,False,CONTROL_TARGET_REACHED,,,292.0,189.8,4.0,0.65
2179,2025-08-05 18:00,DISCOVERY_AUGUST,VALIDATED_SOURCE,WEEKDAY_PREMIUM,2,FIXED_65_ARM_4R,FIXED,4,332.0,-59.0,391.0,SELL,BUY,True,332.0,-59.0,391.0,0.0,False,CONTROL_TARGET_REACHED,,,292.0,189.8,4.0,0.65
2179,2025-08-05 18:00,DISCOVERY_AUGUST,VALIDATED_SOURCE,WEEKDAY_PREMIUM,2,FIXED_75_ARM_4R,FIXED,0,332.0,-59.0,391.0,SELL,BUY,True,332.0,-59.0,391.0,0.0,False,CONTROL_TARGET_REACHED,,,292.0,219.0,4.0,0.75
2179,2025-08-05 18:00,DISCOVERY_AUGUST,VALIDATED_SOURCE,WEEKDAY_PREMIUM,2,FIXED_75_ARM_4R,FIXED,1,332.0,-59.0,391.0,SELL,BUY,True,332.0,-59.0,391.0,0.0,False,CONTROL_TARGET_REACHED,,,292.0,219.0,4.0,0.75
2179,2025-08-05 18:00,DISCOVERY_AUGUST,VALIDATED_SOURCE,WEEKDAY_PREMIUM,2,FIXED_75_ARM_4R,FIXED,2,332.0,-59.0,391.0,SELL,BUY,True,332.0,-59.0,391.0,0.0,False,CONTROL_TARGET_REACHED,,,292.0,219.0,4.0,0.75
2179,2025-08-05 18:00,DISCOVERY_AUGUST,VALIDATED_SOURCE,WEEKDAY_PREMIUM,2,FIXED_75_ARM_4R,FIXED,4,332.0,-59.0,391.0,SELL,BUY,True,332.0,-59.0,391.0,0.0,False,CONTROL_TARGET_REACHED,,,292.0,219.0,4.0,0.75
2179,2025-08-05 18:00,DISCOVERY_AUGUST,VALIDATED_SOURCE,WEEKDAY_PREMIUM,2,FIXED_85_ARM_4R,FIXED,0,332.0,-59.0,391.0,SELL,BUY,True,232.0,-59.0,291.0,-100.0,True,PAIR_PROTECTED_FLOOR,2025-08-05T22:03:57.111036533+00:00,23084.0,282.0,239.7,4.0,0.85
2179,2025-08-05 18:00,DISCOVERY_AUGUST,VALIDATED_SOURCE,WEEKDAY_PREMIUM,2,FIXED_85_ARM_4R,FIXED,1,332.0,-59.0,391.0,SELL,BUY,True,222.0,-59.0,281.0,-110.0,True,PAIR_PROTECTED_FLOOR,2025-08-05T22:03:57.111036533+00:00,23084.25,282.0,239.7,4.0,0.85
2179,2025-08-05 18:00,DISCOVERY_AUGUST,VALIDATED_SOURCE,WEEKDAY_PREMIUM,2,FIXED_85_ARM_4R,FIXED,2,332.0,-59.0,391.0,SELL,BUY,True,212.0,-59.0,271.0,-120.0,True,PAIR_PROTECTED_FLOOR,2025-08-05T22:03:57.111036533+00:00,23084.5,282.0,239.7,4.0,0.85
2179,2025-08-05 18:00,DISCOVERY_AUGUST,VALIDATED_SOURCE,WEEKDAY_PREMIUM,2,FIXED_85_ARM_4R,FIXED,4,332.0,-59.0,391.0,SELL,BUY,True,192.0,-59.0,251.0,-140.0,True,PAIR_PROTECTED_FLOOR,2025-08-05T22:03:57.111036533+00:00,23085.0,282.0,239.7,4.0,0.85
2179,2025-08-05 18:00,DISCOVERY_AUGUST,VALIDATED_SOURCE,WEEKDAY_PREMIUM,2,FIXED_50_ARM_5R,FIXED,0,332.0,-59.0,391.0,SELL,BUY,True,332.0,-59.0,391.0,0.0,False,CONTROL_TARGET_REACHED,,,292.0,,5.0,
2179,2025-08-05 18:00,DISCOVERY_AUGUST,VALIDATED_SOURCE,WEEKDAY_PREMIUM,2,FIXED_50_ARM_5R,FIXED,1,332.0,-59.0,391.0,SELL,BUY,True,332.0,-59.0,391.0,0.0,False,CONTROL_TARGET_REACHED,,,292.0,,5.0,
2179,2025-08-05 18:00,DISCOVERY_AUGUST,VALIDATED_SOURCE,WEEKDAY_PREMIUM,2,FIXED_50_ARM_5R,FIXED,2,332.0,-59.0,391.0,SELL,BUY,True,332.0,-59.0,391.0,0.0,False,CONTROL_TARGET_REACHED,,,292.0,,5.0,
2179,2025-08-05 18:00,DISCOVERY_AUGUST,VALIDATED_SOURCE,WEEKDAY_PREMIUM,2,FIXED_50_ARM_5R,FIXED,4,332.0,-59.0,391.0,SELL,BUY,True,332.0,-59.0,391.0,0.0,False,CONTROL_TARGET_REACHED,,,292.0,,5.0,
2179,2025-08-05 18:00,DISCOVERY_AUGUST,VALIDATED_SOURCE,WEEKDAY_PREMIUM,2,FIXED_65_ARM_5R,FIXED,0,332.0,-59.0,391.0,SELL,BUY,True,332.0,-59.0,391.0,0.0,False,CONTROL_TARGET_REACHED,,,292.0,,5.0,
2179,2025-08-05 18:00,DISCOVERY_AUGUST,VALIDATED_SOURCE,WEEKDAY_PREMIUM,2,FIXED_65_ARM_5R,FIXED,1,332.0,-59.0,391.0,SELL,BUY,True,332.0,-59.0,391.0,0.0,False,CONTROL_TARGET_REACHED,,,292.0,,5.0,
2179,2025-08-05 18:00,DISCOVERY_AUGUST,VALIDATED_SOURCE,WEEKDAY_PREMIUM,2,FIXED_65_ARM_5R,FIXED,2,332.0,-59.0,391.0,SELL,BUY,True,332.0,-59.0,391.0,0.0,False,CONTROL_TARGET_REACHED,,,292.0,,5.0,
2179,2025-08-05 18:00,DISCOVERY_AUGUST,VALIDATED_SOURCE,WEEKDAY_PREMIUM,2,FIXED_65_ARM_5R,FIXED,4,332.0,-59.0,391.0,SELL,BUY,True,332.0,-59.0,391.0,0.0,False,CONTROL_TARGET_REACHED,,,292.0,,5.0,
2179,2025-08-05 18:00,DISCOVERY_AUGUST,VALIDATED_SOURCE,WEEKDAY_PREMIUM,2,FIXED_75_ARM_5R,FIXED,0,332.0,-59.0,391.0,SELL,BUY,True,332.0,-59.0,391.0,0.0,False,CONTROL_TARGET_REACHED,,,292.0,,5.0,
2179,2025-08-05 18:00,DISCOVERY_AUGUST,VALIDATED_SOURCE,WEEKDAY_PREMIUM,2,FIXED_75_ARM_5R,FIXED,1,332.0,-59.0,391.0,SELL,BUY,True,332.0,-59.0,391.0,0.0,False,CONTROL_TARGET_REACHED,,,292.0,,5.0,
2179,2025-08-05 18:00,DISCOVERY_AUGUST,VALIDATED_SOURCE,WEEKDAY_PREMIUM,2,FIXED_75_ARM_5R,FIXED,2,332.0,-59.0,391.0,SELL,BUY,True,332.0,-59.0,391.0,0.0,False,CONTROL_TARGET_REACHED,,,292.0,,5.0,
2179,2025-08-05 18:00,DISCOVERY_AUGUST,VALIDATED_SOURCE,WEEKDAY_PREMIUM,2,FIXED_75_ARM_5R,FIXED,4,332.0,-59.0,391.0,SELL,BUY,True,332.0,-59.0,391.0,0.0,False,CONTROL_TARGET_REACHED,,,292.0,,5.0,
2179,2025-08-05 18:00,DISCOVERY_AUGUST,VALIDATED_SOURCE,WEEKDAY_PREMIUM,2,FIXED_85_ARM_5R,FIXED,0,332.0,-59.0,391.0,SELL,BUY,True,332.0,-59.0,391.0,0.0,False,CONTROL_TARGET_REACHED,,,292.0,,5.0,
2179,2025-08-05 18:00,DISCOVERY_AUGUST,VALIDATED_SOURCE,WEEKDAY_PREMIUM,2,FIXED_85_ARM_5R,FIXED,1,332.0,-59.0,391.0,SELL,BUY,True,332.0,-59.0,391.0,0.0,False,CONTROL_TARGET_REACHED,,,292.0,,5.0,
2179,2025-08-05 18:00,DISCOVERY_AUGUST,VALIDATED_SOURCE,WEEKDAY_PREMIUM,2,FIXED_85_ARM_5R,FIXED,2,332.0,-59.0,391.0,SELL,BUY,True,332.0,-59.0,391.0,0.0,False,CONTROL_TARGET_REACHED,,,292.0,,5.0,
2179,2025-08-05 18:00,DISCOVERY_AUGUST,VALIDATED_SOURCE,WEEKDAY_PREMIUM,2,FIXED_85_ARM_5R,FIXED,4,332.0,-59.0,391.0,SELL,BUY,True,332.0,-59.0,391.0,0.0,False,CONTROL_TARGET_REACHED,,,292.0,,5.0,
2179,2025-08-05 18:00,DISCOVERY_AUGUST,VALIDATED_SOURCE,WEEKDAY_PREMIUM,2,DYNAMIC_FAST_2R_4R_6R_8R,DYNAMIC,0,332.0,-59.0,391.0,SELL,BUY,True,332.0,-59.0,391.0,0.0,False,CONTROL_TARGET_REACHED,,,292.0,189.8,2.0,0.65
2179,2025-08-05 18:00,DISCOVERY_AUGUST,VALIDATED_SOURCE,WEEKDAY_PREMIUM,2,DYNAMIC_FAST_2R_4R_6R_8R,DYNAMIC,1,332.0,-59.0,391.0,SELL,BUY,True,332.0,-59.0,391.0,0.0,False,CONTROL_TARGET_REACHED,,,292.0,189.8,2.0,0.65
2179,2025-08-05 18:00,DISCOVERY_AUGUST,VALIDATED_SOURCE,WEEKDAY_PREMIUM,2,DYNAMIC_FAST_2R_4R_6R_8R,DYNAMIC,2,332.0,-59.0,391.0,SELL,BUY,True,332.0,-59.0,391.0,0.0,False,CONTROL_TARGET_REACHED,,,292.0,189.8,2.0,0.65
2179,2025-08-05 18:00,DISCOVERY_AUGUST,VALIDATED_SOURCE,WEEKDAY_PREMIUM,2,DYNAMIC_FAST_2R_4R_6R_8R,DYNAMIC,4,332.0,-59.0,391.0,SELL,BUY,True,332.0,-59.0,391.0,0.0,False,CONTROL_TARGET_REACHED,,,292.0,189.8,2.0,0.65
2179,2025-08-05 18:00,DISCOVERY_AUGUST,VALIDATED_SOURCE,WEEKDAY_PREMIUM,2,DYNAMIC_BALANCED_3R_5R_8R_12R,DYNAMIC,0,332.0,-59.0,391.0,SELL,BUY,True,332.0,-59.0,391.0,0.0,False,CONTROL_TARGET_REACHED,,,292.0,146.0,3.0,0.5
2179,2025-08-05 18:00,DISCOVERY_AUGUST,VALIDATED_SOURCE,WEEKDAY_PREMIUM,2,DYNAMIC_BALANCED_3R_5R_8R_12R,DYNAMIC,1,332.0,-59.0,391.0,SELL,BUY,True,332.0,-59.0,391.0,0.0,False,CONTROL_TARGET_REACHED,,,292.0,146.0,3.0,0.5
2179,2025-08-05 18:00,DISCOVERY_AUGUST,VALIDATED_SOURCE,WEEKDAY_PREMIUM,2,DYNAMIC_BALANCED_3R_5R_8R_12R,DYNAMIC,2,332.0,-59.0,391.0,SELL,BUY,True,332.0,-59.0,391.0,0.0,False,CONTROL_TARGET_REACHED,,,292.0,146.0,3.0,0.5
2179,2025-08-05 18:00,DISCOVERY_AUGUST,VALIDATED_SOURCE,WEEKDAY_PREMIUM,2,DYNAMIC_BALANCED_3R_5R_8R_12R,DYNAMIC,4,332.0,-59.0,391.0,SELL,BUY,True,332.0,-59.0,391.0,0.0,False,CONTROL_TARGET_REACHED,,,292.0,146.0,3.0,0.5
2179,2025-08-05 18:00,DISCOVERY_AUGUST,VALIDATED_SOURCE,WEEKDAY_PREMIUM,2,DYNAMIC_LOOSE_4R_7R_11R_16R,DYNAMIC,0,332.0,-59.0,391.0,SELL,BUY,True,332.0,-59.0,391.0,0.0,False,CONTROL_TARGET_REACHED,,,292.0,146.0,4.0,0.5
2179,2025-08-05 18:00,DISCOVERY_AUGUST,VALIDATED_SOURCE,WEEKDAY_PREMIUM,2,DYNAMIC_LOOSE_4R_7R_11R_16R,DYNAMIC,1,332.0,-59.0,391.0,SELL,BUY,True,332.0,-59.0,391.0,0.0,False,CONTROL_TARGET_REACHED,,,292.0,146.0,4.0,0.5
2179,2025-08-05 18:00,DISCOVERY_AUGUST,VALIDATED_SOURCE,WEEKDAY_PREMIUM,2,DYNAMIC_LOOSE_4R_7R_11R_16R,DYNAMIC,2,332.0,-59.0,391.0,SELL,BUY,True,332.0,-59.0,391.0,0.0,False,CONTROL_TARGET_REACHED,,,292.0,146.0,4.0,0.5
2179,2025-08-05 18:00,DISCOVERY_AUGUST,VALIDATED_SOURCE,WEEKDAY_PREMIUM,2,DYNAMIC_LOOSE_4R_7R_11R_16R,DYNAMIC,4,332.0,-59.0,391.0,SELL,BUY,True,332.0,-59.0,391.0,0.0,False,CONTROL_TARGET_REACHED,,,292.0,146.0,4.0,0.5
2179,2025-08-05 18:00,DISCOVERY_AUGUST,VALIDATED_SOURCE,WEEKDAY_PREMIUM,2,ADAPTIVE_VOL_ARM_3R,ADAPTIVE,0,332.0,-59.0,391.0,SELL,BUY,True,332.0,-59.0,391.0,0.0,False,CONTROL_TARGET_REACHED,,,292.0,146.0,3.0,0.5
2179,2025-08-05 18:00,DISCOVERY_AUGUST,VALIDATED_SOURCE,WEEKDAY_PREMIUM,2,ADAPTIVE_VOL_ARM_3R,ADAPTIVE,1,332.0,-59.0,391.0,SELL,BUY,True,332.0,-59.0,391.0,0.0,False,CONTROL_TARGET_REACHED,,,292.0,146.0,3.0,0.5
2179,2025-08-05 18:00,DISCOVERY_AUGUST,VALIDATED_SOURCE,WEEKDAY_PREMIUM,2,ADAPTIVE_VOL_ARM_3R,ADAPTIVE,2,332.0,-59.0,391.0,SELL,BUY,True,332.0,-59.0,391.0,0.0,False,CONTROL_TARGET_REACHED,,,292.0,146.0,3.0,0.5
2179,2025-08-05 18:00,DISCOVERY_AUGUST,VALIDATED_SOURCE,WEEKDAY_PREMIUM,2,ADAPTIVE_VOL_ARM_3R,ADAPTIVE,4,332.0,-59.0,391.0,SELL,BUY,True,332.0,-59.0,391.0,0.0,False,CONTROL_TARGET_REACHED,,,292.0,146.0,3.0,0.5
2179,2025-08-05 18:00,DISCOVERY_AUGUST,VALIDATED_SOURCE,WEEKDAY_PREMIUM,2,ADAPTIVE_VOL_ARM_4R,ADAPTIVE,0,332.0,-59.0,391.0,SELL,BUY,True,332.0,-59.0,391.0,0.0,False,CONTROL_TARGET_REACHED,,,292.0,146.0,4.0,0.5
2179,2025-08-05 18:00,DISCOVERY_AUGUST,VALIDATED_SOURCE,WEEKDAY_PREMIUM,2,ADAPTIVE_VOL_ARM_4R,ADAPTIVE,1,332.0,-59.0,391.0,SELL,BUY,True,332.0,-59.0,391.0,0.0,False,CONTROL_TARGET_REACHED,,,292.0,146.0,4.0,0.5
2179,2025-08-05 18:00,DISCOVERY_AUGUST,VALIDATED_SOURCE,WEEKDAY_PREMIUM,2,ADAPTIVE_VOL_ARM_4R,ADAPTIVE,2,332.0,-59.0,391.0,SELL,BUY,True,332.0,-59.0,391.0,0.0,False,CONTROL_TARGET_REACHED,,,292.0,146.0,4.0,0.5
2179,2025-08-05 18:00,DISCOVERY_AUGUST,VALIDATED_SOURCE,WEEKDAY_PREMIUM,2,ADAPTIVE_VOL_ARM_4R,ADAPTIVE,4,332.0,-59.0,391.0,SELL,BUY,True,332.0,-59.0,391.0,0.0,False,CONTROL_TARGET_REACHED,,,292.0,146.0,4.0,0.5
2180,2025-08-06 09:30,DISCOVERY_AUGUST,VALIDATED_SOURCE,NY,2,CONTROL_NO_PAIR_FLOOR,CONTROL,0,-118.0,-59.0,-59.0,SELL,BUY,False,-118.0,-59.0,-59.0,0.0,False,CONTROL_OR_NO_SINGLE_SURVIVOR,,,,,999.0,
2180,2025-08-06 09:30,DISCOVERY_AUGUST,VALIDATED_SOURCE,NY,2,CONTROL_NO_PAIR_FLOOR,CONTROL,1,-118.0,-59.0,-59.0,SELL,BUY,False,-118.0,-59.0,-59.0,0.0,False,CONTROL_OR_NO_SINGLE_SURVIVOR,,,,,999.0,
2180,2025-08-06 09:30,DISCOVERY_AUGUST,VALIDATED_SOURCE,NY,2,CONTROL_NO_PAIR_FLOOR,CONTROL,2,-118.0,-59.0,-59.0,SELL,BUY,False,-118.0,-59.0,-59.0,0.0,False,CONTROL_OR_NO_SINGLE_SURVIVOR,,,,,999.0,
2180,2025-08-06 09:30,DISCOVERY_AUGUST,VALIDATED_SOURCE,NY,2,CONTROL_NO_PAIR_FLOOR,CONTROL,4,-118.0,-59.0,-59.0,SELL,BUY,False,-118.0,-59.0,-59.0,0.0,False,CONTROL_OR_NO_SINGLE_SURVIVOR,,,,,999.0,
2180,2025-08-06 09:30,DISCOVERY_AUGUST,VALIDATED_SOURCE,NY,2,FIXED_50_ARM_2R,FIXED,0,-118.0,-59.0,-59.0,SELL,BUY,False,-118.0,-59.0,-59.0,0.0,False,CONTROL_OR_NO_SINGLE_SURVIVOR,,,,,2.0,
2180,2025-08-06 09:30,DISCOVERY_AUGUST,VALIDATED_SOURCE,NY,2,FIXED_50_ARM_2R,FIXED,1,-118.0,-59.0,-59.0,SELL,BUY,False,-118.0,-59.0,-59.0,0.0,False,CONTROL_OR_NO_SINGLE_SURVIVOR,,,,,2.0,
2180,2025-08-06 09:30,DISCOVERY_AUGUST,VALIDATED_SOURCE,NY,2,FIXED_50_ARM_2R,FIXED,2,-118.0,-59.0,-59.0,SELL,BUY,False,-118.0,-59.0,-59.0,0.0,False,CONTROL_OR_NO_SINGLE_SURVIVOR,,,,,2.0,
2180,2025-08-06 09:30,DISCOVERY_AUGUST,VALIDATED_SOURCE,NY,2,FIXED_50_ARM_2R,FIXED,4,-118.0,-59.0,-59.0,SELL,BUY,False,-118.0,-59.0,-59.0,0.0,False,CONTROL_OR_NO_SINGLE_SURVIVOR,,,,,2.0,
2180,2025-08-06 09:30,DISCOVERY_AUGUST,VALIDATED_SOURCE,NY,2,FIXED_65_ARM_2R,FIXED,0,-118.0,-59.0,-59.0,SELL,BUY,False,-118.0,-59.0,-59.0,0.0,False,CONTROL_OR_NO_SINGLE_SURVIVOR,,,,,2.0,
2180,2025-08-06 09:30,DISCOVERY_AUGUST,VALIDATED_SOURCE,NY,2,FIXED_65_ARM_2R,FIXED,1,-118.0,-59.0,-59.0,SELL,BUY,False,-118.0,-59.0,-59.0,0.0,False,CONTROL_OR_NO_SINGLE_SURVIVOR,,,,,2.0,
2180,2025-08-06 09:30,DISCOVERY_AUGUST,VALIDATED_SOURCE,NY,2,FIXED_65_ARM_2R,FIXED,2,-118.0,-59.0,-59.0,SELL,BUY,False,-118.0,-59.0,-59.0,0.0,False,CONTROL_OR_NO_SINGLE_SURVIVOR,,,,,2.0,
2180,2025-08-06 09:30,DISCOVERY_AUGUST,VALIDATED_SOURCE,NY,2,FIXED_65_ARM_2R,FIXED,4,-118.0,-59.0,-59.0,SELL,BUY,False,-118.0,-59.0,-59.0,0.0,False,CONTROL_OR_NO_SINGLE_SURVIVOR,,,,,2.0,
2180,2025-08-06 09:30,DISCOVERY_AUGUST,VALIDATED_SOURCE,NY,2,FIXED_75_ARM_2R,FIXED,0,-118.0,-59.0,-59.0,SELL,BUY,False,-118.0,-59.0,-59.0,0.0,False,CONTROL_OR_NO_SINGLE_SURVIVOR,,,,,2.0,
2180,2025-08-06 09:30,DISCOVERY_AUGUST,VALIDATED_SOURCE,NY,2,FIXED_75_ARM_2R,FIXED,1,-118.0,-59.0,-59.0,SELL,BUY,False,-118.0,-59.0,-59.0,0.0,False,CONTROL_OR_NO_SINGLE_SURVIVOR,,,,,2.0,
2180,2025-08-06 09:30,DISCOVERY_AUGUST,VALIDATED_SOURCE,NY,2,FIXED_75_ARM_2R,FIXED,2,-118.0,-59.0,-59.0,SELL,BUY,False,-118.0,-59.0,-59.0,0.0,False,CONTROL_OR_NO_SINGLE_SURVIVOR,,,,,2.0,
2180,2025-08-06 09:30,DISCOVERY_AUGUST,VALIDATED_SOURCE,NY,2,FIXED_75_ARM_2R,FIXED,4,-118.0,-59.0,-59.0,SELL,BUY,False,-118.0,-59.0,-59.0,0.0,False,CONTROL_OR_NO_SINGLE_SURVIVOR,,,,,2.0,
2180,2025-08-06 09:30,DISCOVERY_AUGUST,VALIDATED_SOURCE,NY,2,FIXED_85_ARM_2R,FIXED,0,-118.0,-59.0,-59.0,SELL,BUY,False,-118.0,-59.0,-59.0,0.0,False,CONTROL_OR_NO_SINGLE_SURVIVOR,,,,,2.0,
2180,2025-08-06 09:30,DISCOVERY_AUGUST,VALIDATED_SOURCE,NY,2,FIXED_85_ARM_2R,FIXED,1,-118.0,-59.0,-59.0,SELL,BUY,False,-118.0,-59.0,-59.0,0.0,False,CONTROL_OR_NO_SINGLE_SURVIVOR,,,,,2.0,
2180,2025-08-06 09:30,DISCOVERY_AUGUST,VALIDATED_SOURCE,NY,2,FIXED_85_ARM_2R,FIXED,2,-118.0,-59.0,-59.0,SELL,BUY,False,-118.0,-59.0,-59.0,0.0,False,CONTROL_OR_NO_SINGLE_SURVIVOR,,,,,2.0,
2180,2025-08-06 09:30,DISCOVERY_AUGUST,VALIDATED_SOURCE,NY,2,FIXED_85_ARM_2R,FIXED,4,-118.0,-59.0,-59.0,SELL,BUY,False,-118.0,-59.0,-59.0,0.0,False,CONTROL_OR_NO_SINGLE_SURVIVOR,,,,,2.0,
2180,2025-08-06 09:30,DISCOVERY_AUGUST,VALIDATED_SOURCE,NY,2,FIXED_50_ARM_3R,FIXED,0,-118.0,-59.0,-59.0,SELL,BUY,False,-118.0,-59.0,-59.0,0.0,False,CONTROL_OR_NO_SINGLE_SURVIVOR,,,,,3.0,
2180,2025-08-06 09:30,DISCOVERY_AUGUST,VALIDATED_SOURCE,NY,2,FIXED_50_ARM_3R,FIXED,1,-118.0,-59.0,-59.0,SELL,BUY,False,-118.0,-59.0,-59.0,0.0,False,CONTROL_OR_NO_SINGLE_SURVIVOR,,,,,3.0,
2180,2025-08-06 09:30,DISCOVERY_AUGUST,VALIDATED_SOURCE,NY,2,FIXED_50_ARM_3R,FIXED,2,-118.0,-59.0,-59.0,SELL,BUY,False,-118.0,-59.0,-59.0,0.0,False,CONTROL_OR_NO_SINGLE_SURVIVOR,,,,,3.0,
2180,2025-08-06 09:30,DISCOVERY_AUGUST,VALIDATED_SOURCE,NY,2,FIXED_50_ARM_3R,FIXED,4,-118.0,-59.0,-59.0,SELL,BUY,False,-118.0,-59.0,-59.0,0.0,False,CONTROL_OR_NO_SINGLE_SURVIVOR,,,,,3.0,
2180,2025-08-06 09:30,DISCOVERY_AUGUST,VALIDATED_SOURCE,NY,2,FIXED_65_ARM_3R,FIXED,0,-118.0,-59.0,-59.0,SELL,BUY,False,-118.0,-59.0,-59.0,0.0,False,CONTROL_OR_NO_SINGLE_SURVIVOR,,,,,3.0,
2180,2025-08-06 09:30,DISCOVERY_AUGUST,VALIDATED_SOURCE,NY,2,FIXED_65_ARM_3R,FIXED,1,-118.0,-59.0,-59.0,SELL,BUY,False,-118.0,-59.0,-59.0,0.0,False,CONTROL_OR_NO_SINGLE_SURVIVOR,,,,,3.0,
2180,2025-08-06 09:30,DISCOVERY_AUGUST,VALIDATED_SOURCE,NY,2,FIXED_65_ARM_3R,FIXED,2,-118.0,-59.0,-59.0,SELL,BUY,False,-118.0,-59.0,-59.0,0.0,False,CONTROL_OR_NO_SINGLE_SURVIVOR,,,,,3.0,
2180,2025-08-06 09:30,DISCOVERY_AUGUST,VALIDATED_SOURCE,NY,2,FIXED_65_ARM_3R,FIXED,4,-118.0,-59.0,-59.0,SELL,BUY,False,-118.0,-59.0,-59.0,0.0,False,CONTROL_OR_NO_SINGLE_SURVIVOR,,,,,3.0,
2180,2025-08-06 09:30,DISCOVERY_AUGUST,VALIDATED_SOURCE,NY,2,FIXED_75_ARM_3R,FIXED,0,-118.0,-59.0,-59.0,SELL,BUY,False,-118.0,-59.0,-59.0,0.0,False,CONTROL_OR_NO_SINGLE_SURVIVOR,,,,,3.0,
2180,2025-08-06 09:30,DISCOVERY_AUGUST,VALIDATED_SOURCE,NY,2,FIXED_75_ARM_3R,FIXED,1,-118.0,-59.0,-59.0,SELL,BUY,False,-118.0,-59.0,-59.0,0.0,False,CONTROL_OR_NO_SINGLE_SURVIVOR,,,,,3.0,
2180,2025-08-06 09:30,DISCOVERY_AUGUST,VALIDATED_SOURCE,NY,2,FIXED_75_ARM_3R,FIXED,2,-118.0,-59.0,-59.0,SELL,BUY,False,-118.0,-59.0,-59.0,0.0,False,CONTROL_OR_NO_SINGLE_SURVIVOR,,,,,3.0,
2180,2025-08-06 09:30,DISCOVERY_AUGUST,VALIDATED_SOURCE,NY,2,FIXED_75_ARM_3R,FIXED,4,-118.0,-59.0,-59.0,SELL,BUY,False,-118.0,-59.0,-59.0,0.0,False,CONTROL_OR_NO_SINGLE_SURVIVOR,,,,,3.0,
2180,2025-08-06 09:30,DISCOVERY_AUGUST,VALIDATED_SOURCE,NY,2,FIXED_85_ARM_3R,FIXED,0,-118.0,-59.0,-59.0,SELL,BUY,False,-118.0,-59.0,-59.0,0.0,False,CONTROL_OR_NO_SINGLE_SURVIVOR,,,,,3.0,
2180,2025-08-06 09:30,DISCOVERY_AUGUST,VALIDATED_SOURCE,NY,2,FIXED_85_ARM_3R,FIXED,1,-118.0,-59.0,-59.0,SELL,BUY,False,-118.0,-59.0,-59.0,0.0,False,CONTROL_OR_NO_SINGLE_SURVIVOR,,,,,3.0,
2180,2025-08-06 09:30,DISCOVERY_AUGUST,VALIDATED_SOURCE,NY,2,FIXED_85_ARM_3R,FIXED,2,-118.0,-59.0,-59.0,SELL,BUY,False,-118.0,-59.0,-59.0,0.0,False,CONTROL_OR_NO_SINGLE_SURVIVOR,,,,,3.0,
2180,2025-08-06 09:30,DISCOVERY_AUGUST,VALIDATED_SOURCE,NY,2,FIXED_85_ARM_3R,FIXED,4,-118.0,-59.0,-59.0,SELL,BUY,False,-118.0,-59.0,-59.0,0.0,False,CONTROL_OR_NO_SINGLE_SURVIVOR,,,,,3.0,
2180,2025-08-06 09:30,DISCOVERY_AUGUST,VALIDATED_SOURCE,NY,2,FIXED_50_ARM_4R,FIXED,0,-118.0,-59.0,-59.0,SELL,BUY,False,-118.0,-59.0,-59.0,0.0,False,CONTROL_OR_NO_SINGLE_SURVIVOR,,,,,4.0,
2180,2025-08-06 09:30,DISCOVERY_AUGUST,VALIDATED_SOURCE,NY,2,FIXED_50_ARM_4R,FIXED,1,-118.0,-59.0,-59.0,SELL,BUY,False,-118.0,-59.0,-59.0,0.0,False,CONTROL_OR_NO_SINGLE_SURVIVOR,,,,,4.0,
2180,2025-08-06 09:30,DISCOVERY_AUGUST,VALIDATED_SOURCE,NY,2,FIXED_50_ARM_4R,FIXED,2,-118.0,-59.0,-59.0,SELL,BUY,False,-118.0,-59.0,-59.0,0.0,False,CONTROL_OR_NO_SINGLE_SURVIVOR,,,,,4.0,
2180,2025-08-06 09:30,DISCOVERY_AUGUST,VALIDATED_SOURCE,NY,2,FIXED_50_ARM_4R,FIXED,4,-118.0,-59.0,-59.0,SELL,BUY,False,-118.0,-59.0,-59.0,0.0,False,CONTROL_OR_NO_SINGLE_SURVIVOR,,,,,4.0,
2180,2025-08-06 09:30,DISCOVERY_AUGUST,VALIDATED_SOURCE,NY,2,FIXED_65_ARM_4R,FIXED,0,-118.0,-59.0,-59.0,SELL,BUY,False,-118.0,-59.0,-59.0,0.0,False,CONTROL_OR_NO_SINGLE_SURVIVOR,,,,,4.0,
2180,2025-08-06 09:30,DISCOVERY_AUGUST,VALIDATED_SOURCE,NY,2,FIXED_65_ARM_4R,FIXED,1,-118.0,-59.0,-59.0,SELL,BUY,False,-118.0,-59.0,-59.0,0.0,False,CONTROL_OR_NO_SINGLE_SURVIVOR,,,,,4.0,
2180,2025-08-06 09:30,DISCOVERY_AUGUST,VALIDATED_SOURCE,NY,2,FIXED_65_ARM_4R,FIXED,2,-118.0,-59.0,-59.0,SELL,BUY,False,-118.0,-59.0,-59.0,0.0,False,CONTROL_OR_NO_SINGLE_SURVIVOR,,,,,4.0,
2180,2025-08-06 09:30,DISCOVERY_AUGUST,VALIDATED_SOURCE,NY,2,FIXED_65_ARM_4R,FIXED,4,-118.0,-59.0,-59.0,SELL,BUY,False,-118.0,-59.0,-59.0,0.0,False,CONTROL_OR_NO_SINGLE_SURVIVOR,,,,,4.0,
2180,2025-08-06 09:30,DISCOVERY_AUGUST,VALIDATED_SOURCE,NY,2,FIXED_75_ARM_4R,FIXED,0,-118.0,-59.0,-59.0,SELL,BUY,False,-118.0,-59.0,-59.0,0.0,False,CONTROL_OR_NO_SINGLE_SURVIVOR,,,,,4.0,
2180,2025-08-06 09:30,DISCOVERY_AUGUST,VALIDATED_SOURCE,NY,2,FIXED_75_ARM_4R,FIXED,1,-118.0,-59.0,-59.0,SELL,BUY,False,-118.0,-59.0,-59.0,0.0,False,CONTROL_OR_NO_SINGLE_SURVIVOR,,,,,4.0,
2180,2025-08-06 09:30,DISCOVERY_AUGUST,VALIDATED_SOURCE,NY,2,FIXED_75_ARM_4R,FIXED,2,-118.0,-59.0,-59.0,SELL,BUY,False,-118.0,-59.0,-59.0,0.0,False,CONTROL_OR_NO_SINGLE_SURVIVOR,,,,,4.0,
2180,2025-08-06 09:30,DISCOVERY_AUGUST,VALIDATED_SOURCE,NY,2,FIXED_75_ARM_4R,FIXED,4,-118.0,-59.0,-59.0,SELL,BUY,False,-118.0,-59.0,-59.0,0.0,False,CONTROL_OR_NO_SINGLE_SURVIVOR,,,,,4.0,
2180,2025-08-06 09:30,DISCOVERY_AUGUST,VALIDATED_SOURCE,NY,2,FIXED_85_ARM_4R,FIXED,0,-118.0,-59.0,-59.0,SELL,BUY,False,-118.0,-59.0,-59.0,0.0,False,CONTROL_OR_NO_SINGLE_SURVIVOR,,,,,4.0,
2180,2025-08-06 09:30,DISCOVERY_AUGUST,VALIDATED_SOURCE,NY,2,FIXED_85_ARM_4R,FIXED,1,-118.0,-59.0,-59.0,SELL,BUY,False,-118.0,-59.0,-59.0,0.0,False,CONTROL_OR_NO_SINGLE_SURVIVOR,,,,,4.0,
2180,2025-08-06 09:30,DISCOVERY_AUGUST,VALIDATED_SOURCE,NY,2,FIXED_85_ARM_4R,FIXED,2,-118.0,-59.0,-59.0,SELL,BUY,False,-118.0,-59.0,-59.0,0.0,False,CONTROL_OR_NO_SINGLE_SURVIVOR,,,,,4.0,
2180,2025-08-06 09:30,DISCOVERY_AUGUST,VALIDATED_SOURCE,NY,2,FIXED_85_ARM_4R,FIXED,4,-118.0,-59.0,-59.0,SELL,BUY,False,-118.0,-59.0,-59.0,0.0,False,CONTROL_OR_NO_SINGLE_SURVIVOR,,,,,4.0,
2180,2025-08-06 09:30,DISCOVERY_AUGUST,VALIDATED_SOURCE,NY,2,FIXED_50_ARM_5R,FIXED,0,-118.0,-59.0,-59.0,SELL,BUY,False,-118.0,-59.0,-59.0,0.0,False,CONTROL_OR_NO_SINGLE_SURVIVOR,,,,,5.0,
2180,2025-08-06 09:30,DISCOVERY_AUGUST,VALIDATED_SOURCE,NY,2,FIXED_50_ARM_5R,FIXED,1,-118.0,-59.0,-59.0,SELL,BUY,False,-118.0,-59.0,-59.0,0.0,False,CONTROL_OR_NO_SINGLE_SURVIVOR,,,,,5.0,
2180,2025-08-06 09:30,DISCOVERY_AUGUST,VALIDATED_SOURCE,NY,2,FIXED_50_ARM_5R,FIXED,2,-118.0,-59.0,-59.0,SELL,BUY,False,-118.0,-59.0,-59.0,0.0,False,CONTROL_OR_NO_SINGLE_SURVIVOR,,,,,5.0,
2180,2025-08-06 09:30,DISCOVERY_AUGUST,VALIDATED_SOURCE,NY,2,FIXED_50_ARM_5R,FIXED,4,-118.0,-59.0,-59.0,SELL,BUY,False,-118.0,-59.0,-59.0,0.0,False,CONTROL_OR_NO_SINGLE_SURVIVOR,,,,,5.0,
2180,2025-08-06 09:30,DISCOVERY_AUGUST,VALIDATED_SOURCE,NY,2,FIXED_65_ARM_5R,FIXED,0,-118.0,-59.0,-59.0,SELL,BUY,False,-118.0,-59.0,-59.0,0.0,False,CONTROL_OR_NO_SINGLE_SURVIVOR,,,,,5.0,
2180,2025-08-06 09:30,DISCOVERY_AUGUST,VALIDATED_SOURCE,NY,2,FIXED_65_ARM_5R,FIXED,1,-118.0,-59.0,-59.0,SELL,BUY,False,-118.0,-59.0,-59.0,0.0,False,CONTROL_OR_NO_SINGLE_SURVIVOR,,,,,5.0,
2180,2025-08-06 09:30,DISCOVERY_AUGUST,VALIDATED_SOURCE,NY,2,FIXED_65_ARM_5R,FIXED,2,-118.0,-59.0,-59.0,SELL,BUY,False,-118.0,-59.0,-59.0,0.0,False,CONTROL_OR_NO_SINGLE_SURVIVOR,,,,,5.0,
2180,2025-08-06 09:30,DISCOVERY_AUGUST,VALIDATED_SOURCE,NY,2,FIXED_65_ARM_5R,FIXED,4,-118.0,-59.0,-59.0,SELL,BUY,False,-118.0,-59.0,-59.0,0.0,False,CONTROL_OR_NO_SINGLE_SURVIVOR,,,,,5.0,
2180,2025-08-06 09:30,DISCOVERY_AUGUST,VALIDATED_SOURCE,NY,2,FIXED_75_ARM_5R,FIXED,0,-118.0,-59.0,-59.0,SELL,BUY,False,-118.0,-59.0,-59.0,0.0,False,CONTROL_OR_NO_SINGLE_SURVIVOR,,,,,5.0,
2180,2025-08-06 09:30,DISCOVERY_AUGUST,VALIDATED_SOURCE,NY,2,FIXED_75_ARM_5R,FIXED,1,-118.0,-59.0,-59.0,SELL,BUY,False,-118.0,-59.0,-59.0,0.0,False,CONTROL_OR_NO_SINGLE_SURVIVOR,,,,,5.0,
2180,2025-08-06 09:30,DISCOVERY_AUGUST,VALIDATED_SOURCE,NY,2,FIXED_75_ARM_5R,FIXED,2,-118.0,-59.0,-59.0,SELL,BUY,False,-118.0,-59.0,-59.0,0.0,False,CONTROL_OR_NO_SINGLE_SURVIVOR,,,,,5.0,
2180,2025-08-06 09:30,DISCOVERY_AUGUST,VALIDATED_SOURCE,NY,2,FIXED_75_ARM_5R,FIXED,4,-118.0,-59.0,-59.0,SELL,BUY,False,-118.0,-59.0,-59.0,0.0,False,CONTROL_OR_NO_SINGLE_SURVIVOR,,,,,5.0,
2180,2025-08-06 09:30,DISCOVERY_AUGUST,VALIDATED_SOURCE,NY,2,FIXED_85_ARM_5R,FIXED,0,-118.0,-59.0,-59.0,SELL,BUY,False,-118.0,-59.0,-59.0,0.0,False,CONTROL_OR_NO_SINGLE_SURVIVOR,,,,,5.0,
2180,2025-08-06 09:30,DISCOVERY_AUGUST,VALIDATED_SOURCE,NY,2,FIXED_85_ARM_5R,FIXED,1,-118.0,-59.0,-59.0,SELL,BUY,False,-118.0,-59.0,-59.0,0.0,False,CONTROL_OR_NO_SINGLE_SURVIVOR,,,,,5.0,
2180,2025-08-06 09:30,DISCOVERY_AUGUST,VALIDATED_SOURCE,NY,2,FIXED_85_ARM_5R,FIXED,2,-118.0,-59.0,-59.0,SELL,BUY,False,-118.0,-59.0,-59.0,0.0,False,CONTROL_OR_NO_SINGLE_SURVIVOR,,,,,5.0,
2180,2025-08-06 09:30,DISCOVERY_AUGUST,VALIDATED_SOURCE,NY,2,FIXED_85_ARM_5R,FIXED,4,-118.0,-59.0,-59.0,SELL,BUY,False,-118.0,-59.0,-59.0,0.0,False,CONTROL_OR_NO_SINGLE_SURVIVOR,,,,,5.0,
2180,2025-08-06 09:30,DISCOVERY_AUGUST,VALIDATED_SOURCE,NY,2,DYNAMIC_FAST_2R_4R_6R_8R,DYNAMIC,0,-118.0,-59.0,-59.0,SELL,BUY,False,-118.0,-59.0,-59.0,0.0,False,CONTROL_OR_NO_SINGLE_SURVIVOR,,,,,2.0,
2180,2025-08-06 09:30,DISCOVERY_AUGUST,VALIDATED_SOURCE,NY,2,DYNAMIC_FAST_2R_4R_6R_8R,DYNAMIC,1,-118.0,-59.0,-59.0,SELL,BUY,False,-118.0,-59.0,-59.0,0.0,False,CONTROL_OR_NO_SINGLE_SURVIVOR,,,,,2.0,
2180,2025-08-06 09:30,DISCOVERY_AUGUST,VALIDATED_SOURCE,NY,2,DYNAMIC_FAST_2R_4R_6R_8R,DYNAMIC,2,-118.0,-59.0,-59.0,SELL,BUY,False,-118.0,-59.0,-59.0,0.0,False,CONTROL_OR_NO_SINGLE_SURVIVOR,,,,,2.0,
2180,2025-08-06 09:30,DISCOVERY_AUGUST,VALIDATED_SOURCE,NY,2,DYNAMIC_FAST_2R_4R_6R_8R,DYNAMIC,4,-118.0,-59.0,-59.0,SELL,BUY,False,-118.0,-59.0,-59.0,0.0,False,CONTROL_OR_NO_SINGLE_SURVIVOR,,,,,2.0,
2180,2025-08-06 09:30,DISCOVERY_AUGUST,VALIDATED_SOURCE,NY,2,DYNAMIC_BALANCED_3R_5R_8R_12R,DYNAMIC,0,-118.0,-59.0,-59.0,SELL,BUY,False,-118.0,-59.0,-59.0,0.0,False,CONTROL_OR_NO_SINGLE_SURVIVOR,,,,,3.0,
2180,2025-08-06 09:30,DISCOVERY_AUGUST,VALIDATED_SOURCE,NY,2,DYNAMIC_BALANCED_3R_5R_8R_12R,DYNAMIC,1,-118.0,-59.0,-59.0,SELL,BUY,False,-118.0,-59.0,-59.0,0.0,False,CONTROL_OR_NO_SINGLE_SURVIVOR,,,,,3.0,
2180,2025-08-06 09:30,DISCOVERY_AUGUST,VALIDATED_SOURCE,NY,2,DYNAMIC_BALANCED_3R_5R_8R_12R,DYNAMIC,2,-118.0,-59.0,-59.0,SELL,BUY,False,-118.0,-59.0,-59.0,0.0,False,CONTROL_OR_NO_SINGLE_SURVIVOR,,,,,3.0,
2180,2025-08-06 09:30,DISCOVERY_AUGUST,VALIDATED_SOURCE,NY,2,DYNAMIC_BALANCED_3R_5R_8R_12R,DYNAMIC,4,-118.0,-59.0,-59.0,SELL,BUY,False,-118.0,-59.0,-59.0,0.0,False,CONTROL_OR_NO_SINGLE_SURVIVOR,,,,,3.0,
2180,2025-08-06 09:30,DISCOVERY_AUGUST,VALIDATED_SOURCE,NY,2,DYNAMIC_LOOSE_4R_7R_11R_16R,DYNAMIC,0,-118.0,-59.0,-59.0,SELL,BUY,False,-118.0,-59.0,-59.0,0.0,False,CONTROL_OR_NO_SINGLE_SURVIVOR,,,,,4.0,
2180,2025-08-06 09:30,DISCOVERY_AUGUST,VALIDATED_SOURCE,NY,2,DYNAMIC_LOOSE_4R_7R_11R_16R,DYNAMIC,1,-118.0,-59.0,-59.0,SELL,BUY,False,-118.0,-59.0,-59.0,0.0,False,CONTROL_OR_NO_SINGLE_SURVIVOR,,,,,4.0,
2180,2025-08-06 09:30,DISCOVERY_AUGUST,VALIDATED_SOURCE,NY,2,DYNAMIC_LOOSE_4R_7R_11R_16R,DYNAMIC,2,-118.0,-59.0,-59.0,SELL,BUY,False,-118.0,-59.0,-59.0,0.0,False,CONTROL_OR_NO_SINGLE_SURVIVOR,,,,,4.0,
2180,2025-08-06 09:30,DISCOVERY_AUGUST,VALIDATED_SOURCE,NY,2,DYNAMIC_LOOSE_4R_7R_11R_16R,DYNAMIC,4,-118.0,-59.0,-59.0,SELL,BUY,False,-118.0,-59.0,-59.0,0.0,False,CONTROL_OR_NO_SINGLE_SURVIVOR,,,,,4.0,
2180,2025-08-06 09:30,DISCOVERY_AUGUST,VALIDATED_SOURCE,NY,2,ADAPTIVE_VOL_ARM_3R,ADAPTIVE,0,-118.0,-59.0,-59.0,SELL,BUY,False,-118.0,-59.0,-59.0,0.0,False,CONTROL_OR_NO_SINGLE_SURVIVOR,,,,,3.0,
2180,2025-08-06 09:30,DISCOVERY_AUGUST,VALIDATED_SOURCE,NY,2,ADAPTIVE_VOL_ARM_3R,ADAPTIVE,1,-118.0,-59.0,-59.0,SELL,BUY,False,-118.0,-59.0,-59.0,0.0,False,CONTROL_OR_NO_SINGLE_SURVIVOR,,,,,3.0,
2180,2025-08-06 09:30,DISCOVERY_AUGUST,VALIDATED_SOURCE,NY,2,ADAPTIVE_VOL_ARM_3R,ADAPTIVE,2,-118.0,-59.0,-59.0,SELL,BUY,False,-118.0,-59.0,-59.0,0.0,False,CONTROL_OR_NO_SINGLE_SURVIVOR,,,,,3.0,
2180,2025-08-06 09:30,DISCOVERY_AUGUST,VALIDATED_SOURCE,NY,2,ADAPTIVE_VOL_ARM_3R,ADAPTIVE,4,-118.0,-59.0,-59.0,SELL,BUY,False,-118.0,-59.0,-59.0,0.0,False,CONTROL_OR_NO_SINGLE_SURVIVOR,,,,,3.0,
2180,2025-08-06 09:30,DISCOVERY_AUGUST,VALIDATED_SOURCE,NY,2,ADAPTIVE_VOL_ARM_4R,ADAPTIVE,0,-118.0,-59.0,-59.0,SELL,BUY,False,-118.0,-59.0,-59.0,0.0,False,CONTROL_OR_NO_SINGLE_SURVIVOR,,,,,4.0,
2180,2025-08-06 09:30,DISCOVERY_AUGUST,VALIDATED_SOURCE,NY,2,ADAPTIVE_VOL_ARM_4R,ADAPTIVE,1,-118.0,-59.0,-59.0,SELL,BUY,False,-118.0,-59.0,-59.0,0.0,False,CONTROL_OR_NO_SINGLE_SURVIVOR,,,,,4.0,
2180,2025-08-06 09:30,DISCOVERY_AUGUST,VALIDATED_SOURCE,NY,2,ADAPTIVE_VOL_ARM_4R,ADAPTIVE,2,-118.0,-59.0,-59.0,SELL,BUY,False,-118.0,-59.0,-59.0,0.0,False,CONTROL_OR_NO_SINGLE_SURVIVOR,,,,,4.0,
2180,2025-08-06 09:30,DISCOVERY_AUGUST,VALIDATED_SOURCE,NY,2,ADAPTIVE_VOL_ARM_4R,ADAPTIVE,4,-118.0,-59.0,-59.0,SELL,BUY,False,-118.0,-59.0,-59.0,0.0,False,CONTROL_OR_NO_SINGLE_SURVIVOR,,,,,4.0,
2181,2025-08-07 09:30,DISCOVERY_AUGUST,VALIDATED_SOURCE,NY,2,CONTROL_NO_PAIR_FLOOR,CONTROL,0,572.0,-59.0,631.0,SELL,BUY,True,572.0,-59.0,631.0,0.0,False,CONTROL_OR_NO_SINGLE_SURVIVOR,,,,,999.0,
2181,2025-08-07 09:30,DISCOVERY_AUGUST,VALIDATED_SOURCE,NY,2,CONTROL_NO_PAIR_FLOOR,CONTROL,1,572.0,-59.0,631.0,SELL,BUY,True,572.0,-59.0,631.0,0.0,False,CONTROL_OR_NO_SINGLE_SURVIVOR,,,,,999.0,
2181,2025-08-07 09:30,DISCOVERY_AUGUST,VALIDATED_SOURCE,NY,2,CONTROL_NO_PAIR_FLOOR,CONTROL,2,572.0,-59.0,631.0,SELL,BUY,True,572.0,-59.0,631.0,0.0,False,CONTROL_OR_NO_SINGLE_SURVIVOR,,,,,999.0,
2181,2025-08-07 09:30,DISCOVERY_AUGUST,VALIDATED_SOURCE,NY,2,CONTROL_NO_PAIR_FLOOR,CONTROL,4,572.0,-59.0,631.0,SELL,BUY,True,572.0,-59.0,631.0,0.0,False,CONTROL_OR_NO_SINGLE_SURVIVOR,,,,,999.0,
2181,2025-08-07 09:30,DISCOVERY_AUGUST,VALIDATED_SOURCE,NY,2,FIXED_50_ARM_2R,FIXED,0,572.0,-59.0,631.0,SELL,BUY,True,572.0,-59.0,631.0,0.0,False,CONTROL_TARGET_REACHED,,,532.0,266.0,2.0,0.5
2181,2025-08-07 09:30,DISCOVERY_AUGUST,VALIDATED_SOURCE,NY,2,FIXED_50_ARM_2R,FIXED,1,572.0,-59.0,631.0,SELL,BUY,True,572.0,-59.0,631.0,0.0,False,CONTROL_TARGET_REACHED,,,532.0,266.0,2.0,0.5
2181,2025-08-07 09:30,DISCOVERY_AUGUST,VALIDATED_SOURCE,NY,2,FIXED_50_ARM_2R,FIXED,2,572.0,-59.0,631.0,SELL,BUY,True,572.0,-59.0,631.0,0.0,False,CONTROL_TARGET_REACHED,,,532.0,266.0,2.0,0.5
2181,2025-08-07 09:30,DISCOVERY_AUGUST,VALIDATED_SOURCE,NY,2,FIXED_50_ARM_2R,FIXED,4,572.0,-59.0,631.0,SELL,BUY,True,572.0,-59.0,631.0,0.0,False,CONTROL_TARGET_REACHED,,,532.0,266.0,2.0,0.5
2181,2025-08-07 09:30,DISCOVERY_AUGUST,VALIDATED_SOURCE,NY,2,FIXED_65_ARM_2R,FIXED,0,572.0,-59.0,631.0,SELL,BUY,True,572.0,-59.0,631.0,0.0,False,CONTROL_TARGET_REACHED,,,532.0,345.8,2.0,0.65
2181,2025-08-07 09:30,DISCOVERY_AUGUST,VALIDATED_SOURCE,NY,2,FIXED_65_ARM_2R,FIXED,1,572.0,-59.0,631.0,SELL,BUY,True,572.0,-59.0,631.0,0.0,False,CONTROL_TARGET_REACHED,,,532.0,345.8,2.0,0.65
2181,2025-08-07 09:30,DISCOVERY_AUGUST,VALIDATED_SOURCE,NY,2,FIXED_65_ARM_2R,FIXED,2,572.0,-59.0,631.0,SELL,BUY,True,572.0,-59.0,631.0,0.0,False,CONTROL_TARGET_REACHED,,,532.0,345.8,2.0,0.65
2181,2025-08-07 09:30,DISCOVERY_AUGUST,VALIDATED_SOURCE,NY,2,FIXED_65_ARM_2R,FIXED,4,572.0,-59.0,631.0,SELL,BUY,True,572.0,-59.0,631.0,0.0,False,CONTROL_TARGET_REACHED,,,532.0,345.8,2.0,0.65
2181,2025-08-07 09:30,DISCOVERY_AUGUST,VALIDATED_SOURCE,NY,2,FIXED_75_ARM_2R,FIXED,0,572.0,-59.0,631.0,SELL,BUY,True,572.0,-59.0,631.0,0.0,False,CONTROL_TARGET_REACHED,,,532.0,399.0,2.0,0.75
2181,2025-08-07 09:30,DISCOVERY_AUGUST,VALIDATED_SOURCE,NY,2,FIXED_75_ARM_2R,FIXED,1,572.0,-59.0,631.0,SELL,BUY,True,572.0,-59.0,631.0,0.0,False,CONTROL_TARGET_REACHED,,,532.0,399.0,2.0,0.75
2181,2025-08-07 09:30,DISCOVERY_AUGUST,VALIDATED_SOURCE,NY,2,FIXED_75_ARM_2R,FIXED,2,572.0,-59.0,631.0,SELL,BUY,True,572.0,-59.0,631.0,0.0,False,CONTROL_TARGET_REACHED,,,532.0,399.0,2.0,0.75
2181,2025-08-07 09:30,DISCOVERY_AUGUST,VALIDATED_SOURCE,NY,2,FIXED_75_ARM_2R,FIXED,4,572.0,-59.0,631.0,SELL,BUY,True,572.0,-59.0,631.0,0.0,False,CONTROL_TARGET_REACHED,,,532.0,399.0,2.0,0.75
2181,2025-08-07 09:30,DISCOVERY_AUGUST,VALIDATED_SOURCE,NY,2,FIXED_85_ARM_2R,FIXED,0,572.0,-59.0,631.0,SELL,BUY,True,102.0,-59.0,161.0,-470.0,True,PAIR_PROTECTED_FLOOR,2025-08-07T13:30:04.050839059+00:00,23596.5,122.0,103.7,2.0,0.85
2181,2025-08-07 09:30,DISCOVERY_AUGUST,VALIDATED_SOURCE,NY,2,FIXED_85_ARM_2R,FIXED,1,572.0,-59.0,631.0,SELL,BUY,True,92.0,-59.0,151.0,-480.0,True,PAIR_PROTECTED_FLOOR,2025-08-07T13:30:04.050839059+00:00,23596.75,122.0,103.7,2.0,0.85
2181,2025-08-07 09:30,DISCOVERY_AUGUST,VALIDATED_SOURCE,NY,2,FIXED_85_ARM_2R,FIXED,2,572.0,-59.0,631.0,SELL,BUY,True,82.0,-59.0,141.0,-490.0,True,PAIR_PROTECTED_FLOOR,2025-08-07T13:30:04.050839059+00:00,23597.0,122.0,103.7,2.0,0.85
2181,2025-08-07 09:30,DISCOVERY_AUGUST,VALIDATED_SOURCE,NY,2,FIXED_85_ARM_2R,FIXED,4,572.0,-59.0,631.0,SELL,BUY,True,62.0,-59.0,121.0,-510.0,True,PAIR_PROTECTED_FLOOR,2025-08-07T13:30:04.050839059+00:00,23597.5,122.0,103.7,2.0,0.85
2181,2025-08-07 09:30,DISCOVERY_AUGUST,VALIDATED_SOURCE,NY,2,FIXED_50_ARM_3R,FIXED,0,572.0,-59.0,631.0,SELL,BUY,True,572.0,-59.0,631.0,0.0,False,CONTROL_TARGET_REACHED,,,532.0,266.0,3.0,0.5
2181,2025-08-07 09:30,DISCOVERY_AUGUST,VALIDATED_SOURCE,NY,2,FIXED_50_ARM_3R,FIXED,1,572.0,-59.0,631.0,SELL,BUY,True,572.0,-59.0,631.0,0.0,False,CONTROL_TARGET_REACHED,,,532.0,266.0,3.0,0.5
2181,2025-08-07 09:30,DISCOVERY_AUGUST,VALIDATED_SOURCE,NY,2,FIXED_50_ARM_3R,FIXED,2,572.0,-59.0,631.0,SELL,BUY,True,572.0,-59.0,631.0,0.0,False,CONTROL_TARGET_REACHED,,,532.0,266.0,3.0,0.5
2181,2025-08-07 09:30,DISCOVERY_AUGUST,VALIDATED_SOURCE,NY,2,FIXED_50_ARM_3R,FIXED,4,572.0,-59.0,631.0,SELL,BUY,True,572.0,-59.0,631.0,0.0,False,CONTROL_TARGET_REACHED,,,532.0,266.0,3.0,0.5
2181,2025-08-07 09:30,DISCOVERY_AUGUST,VALIDATED_SOURCE,NY,2,FIXED_65_ARM_3R,FIXED,0,572.0,-59.0,631.0,SELL,BUY,True,572.0,-59.0,631.0,0.0,False,CONTROL_TARGET_REACHED,,,532.0,345.8,3.0,0.65
2181,2025-08-07 09:30,DISCOVERY_AUGUST,VALIDATED_SOURCE,NY,2,FIXED_65_ARM_3R,FIXED,1,572.0,-59.0,631.0,SELL,BUY,True,572.0,-59.0,631.0,0.0,False,CONTROL_TARGET_REACHED,,,532.0,345.8,3.0,0.65
2181,2025-08-07 09:30,DISCOVERY_AUGUST,VALIDATED_SOURCE,NY,2,FIXED_65_ARM_3R,FIXED,2,572.0,-59.0,631.0,SELL,BUY,True,572.0,-59.0,631.0,0.0,False,CONTROL_TARGET_REACHED,,,532.0,345.8,3.0,0.65
2181,2025-08-07 09:30,DISCOVERY_AUGUST,VALIDATED_SOURCE,NY,2,FIXED_65_ARM_3R,FIXED,4,572.0,-59.0,631.0,SELL,BUY,True,572.0,-59.0,631.0,0.0,False,CONTROL_TARGET_REACHED,,,532.0,345.8,3.0,0.65
2181,2025-08-07 09:30,DISCOVERY_AUGUST,VALIDATED_SOURCE,NY,2,FIXED_75_ARM_3R,FIXED,0,572.0,-59.0,631.0,SELL,BUY,True,572.0,-59.0,631.0,0.0,False,CONTROL_TARGET_REACHED,,,532.0,399.0,3.0,0.75
2181,2025-08-07 09:30,DISCOVERY_AUGUST,VALIDATED_SOURCE,NY,2,FIXED_75_ARM_3R,FIXED,1,572.0,-59.0,631.0,SELL,BUY,True,572.0,-59.0,631.0,0.0,False,CONTROL_TARGET_REACHED,,,532.0,399.0,3.0,0.75
2181,2025-08-07 09:30,DISCOVERY_AUGUST,VALIDATED_SOURCE,NY,2,FIXED_75_ARM_3R,FIXED,2,572.0,-59.0,631.0,SELL,BUY,True,572.0,-59.0,631.0,0.0,False,CONTROL_TARGET_REACHED,,,532.0,399.0,3.0,0.75
2181,2025-08-07 09:30,DISCOVERY_AUGUST,VALIDATED_SOURCE,NY,2,FIXED_75_ARM_3R,FIXED,4,572.0,-59.0,631.0,SELL,BUY,True,572.0,-59.0,631.0,0.0,False,CONTROL_TARGET_REACHED,,,532.0,399.0,3.0,0.75
2181,2025-08-07 09:30,DISCOVERY_AUGUST,VALIDATED_SOURCE,NY,2,FIXED_85_ARM_3R,FIXED,0,572.0,-59.0,631.0,SELL,BUY,True,202.0,-59.0,261.0,-370.0,True,PAIR_PROTECTED_FLOOR,2025-08-07T13:30:04.162655749+00:00,23594.0,242.0,205.7,3.0,0.85
2181,2025-08-07 09:30,DISCOVERY_AUGUST,VALIDATED_SOURCE,NY,2,FIXED_85_ARM_3R,FIXED,1,572.0,-59.0,631.0,SELL,BUY,True,192.0,-59.0,251.0,-380.0,True,PAIR_PROTECTED_FLOOR,2025-08-07T13:30:04.162655749+00:00,23594.25,242.0,205.7,3.0,0.85
2181,2025-08-07 09:30,DISCOVERY_AUGUST,VALIDATED_SOURCE,NY,2,FIXED_85_ARM_3R,FIXED,2,572.0,-59.0,631.0,SELL,BUY,True,182.0,-59.0,241.0,-390.0,True,PAIR_PROTECTED_FLOOR,2025-08-07T13:30:04.162655749+00:00,23594.5,242.0,205.7,3.0,0.85
2181,2025-08-07 09:30,DISCOVERY_AUGUST,VALIDATED_SOURCE,NY,2,FIXED_85_ARM_3R,FIXED,4,572.0,-59.0,631.0,SELL,BUY,True,162.0,-59.0,221.0,-410.0,True,PAIR_PROTECTED_FLOOR,2025-08-07T13:30:04.162655749+00:00,23595.0,242.0,205.7,3.0,0.85
2181,2025-08-07 09:30,DISCOVERY_AUGUST,VALIDATED_SOURCE,NY,2,FIXED_50_ARM_4R,FIXED,0,572.0,-59.0,631.0,SELL,BUY,True,572.0,-59.0,631.0,0.0,False,CONTROL_TARGET_REACHED,,,532.0,266.0,4.0,0.5
2181,2025-08-07 09:30,DISCOVERY_AUGUST,VALIDATED_SOURCE,NY,2,FIXED_50_ARM_4R,FIXED,1,572.0,-59.0,631.0,SELL,BUY,True,572.0,-59.0,631.0,0.0,False,CONTROL_TARGET_REACHED,,,532.0,266.0,4.0,0.5
2181,2025-08-07 09:30,DISCOVERY_AUGUST,VALIDATED_SOURCE,NY,2,FIXED_50_ARM_4R,FIXED,2,572.0,-59.0,631.0,SELL,BUY,True,572.0,-59.0,631.0,0.0,False,CONTROL_TARGET_REACHED,,,532.0,266.0,4.0,0.5
2181,2025-08-07 09:30,DISCOVERY_AUGUST,VALIDATED_SOURCE,NY,2,FIXED_50_ARM_4R,FIXED,4,572.0,-59.0,631.0,SELL,BUY,True,572.0,-59.0,631.0,0.0,False,CONTROL_TARGET_REACHED,,,532.0,266.0,4.0,0.5
2181,2025-08-07 09:30,DISCOVERY_AUGUST,VALIDATED_SOURCE,NY,2,FIXED_65_ARM_4R,FIXED,0,572.0,-59.0,631.0,SELL,BUY,True,572.0,-59.0,631.0,0.0,False,CONTROL_TARGET_REACHED,,,532.0,345.8,4.0,0.65
2181,2025-08-07 09:30,DISCOVERY_AUGUST,VALIDATED_SOURCE,NY,2,FIXED_65_ARM_4R,FIXED,1,572.0,-59.0,631.0,SELL,BUY,True,572.0,-59.0,631.0,0.0,False,CONTROL_TARGET_REACHED,,,532.0,345.8,4.0,0.65
2181,2025-08-07 09:30,DISCOVERY_AUGUST,VALIDATED_SOURCE,NY,2,FIXED_65_ARM_4R,FIXED,2,572.0,-59.0,631.0,SELL,BUY,True,572.0,-59.0,631.0,0.0,False,CONTROL_TARGET_REACHED,,,532.0,345.8,4.0,0.65
2181,2025-08-07 09:30,DISCOVERY_AUGUST,VALIDATED_SOURCE,NY,2,FIXED_65_ARM_4R,FIXED,4,572.0,-59.0,631.0,SELL,BUY,True,572.0,-59.0,631.0,0.0,False,CONTROL_TARGET_REACHED,,,532.0,345.8,4.0,0.65
2181,2025-08-07 09:30,DISCOVERY_AUGUST,VALIDATED_SOURCE,NY,2,FIXED_75_ARM_4R,FIXED,0,572.0,-59.0,631.0,SELL,BUY,True,572.0,-59.0,631.0,0.0,False,CONTROL_TARGET_REACHED,,,532.0,399.0,4.0,0.75
2181,2025-08-07 09:30,DISCOVERY_AUGUST,VALIDATED_SOURCE,NY,2,FIXED_75_ARM_4R,FIXED,1,572.0,-59.0,631.0,SELL,BUY,True,572.0,-59.0,631.0,0.0,False,CONTROL_TARGET_REACHED,,,532.0,399.0,4.0,0.75
2181,2025-08-07 09:30,DISCOVERY_AUGUST,VALIDATED_SOURCE,NY,2,FIXED_75_ARM_4R,FIXED,2,572.0,-59.0,631.0,SELL,BUY,True,572.0,-59.0,631.0,0.0,False,CONTROL_TARGET_REACHED,,,532.0,399.0,4.0,0.75
2181,2025-08-07 09:30,DISCOVERY_AUGUST,VALIDATED_SOURCE,NY,2,FIXED_75_ARM_4R,FIXED,4,572.0,-59.0,631.0,SELL,BUY,True,572.0,-59.0,631.0,0.0,False,CONTROL_TARGET_REACHED,,,532.0,399.0,4.0,0.75
2181,2025-08-07 09:30,DISCOVERY_AUGUST,VALIDATED_SOURCE,NY,2,FIXED_85_ARM_4R,FIXED,0,572.0,-59.0,631.0,SELL,BUY,True,202.0,-59.0,261.0,-370.0,True,PAIR_PROTECTED_FLOOR,2025-08-07T13:30:04.162655749+00:00,23594.0,242.0,205.7,4.0,0.85
2181,2025-08-07 09:30,DISCOVERY_AUGUST,VALIDATED_SOURCE,NY,2,FIXED_85_ARM_4R,FIXED,1,572.0,-59.0,631.0,SELL,BUY,True,192.0,-59.0,251.0,-380.0,True,PAIR_PROTECTED_FLOOR,2025-08-07T13:30:04.162655749+00:00,23594.25,242.0,205.7,4.0,0.85
2181,2025-08-07 09:30,DISCOVERY_AUGUST,VALIDATED_SOURCE,NY,2,FIXED_85_ARM_4R,FIXED,2,572.0,-59.0,631.0,SELL,BUY,True,182.0,-59.0,241.0,-390.0,True,PAIR_PROTECTED_FLOOR,2025-08-07T13:30:04.162655749+00:00,23594.5,242.0,205.7,4.0,0.85
2181,2025-08-07 09:30,DISCOVERY_AUGUST,VALIDATED_SOURCE,NY,2,FIXED_85_ARM_4R,FIXED,4,572.0,-59.0,631.0,SELL,BUY,True,162.0,-59.0,221.0,-410.0,True,PAIR_PROTECTED_FLOOR,2025-08-07T13:30:04.162655749+00:00,23595.0,242.0,205.7,4.0,0.85
2181,2025-08-07 09:30,DISCOVERY_AUGUST,VALIDATED_SOURCE,NY,2,FIXED_50_ARM_5R,FIXED,0,572.0,-59.0,631.0,SELL,BUY,True,572.0,-59.0,631.0,0.0,False,CONTROL_TARGET_REACHED,,,532.0,266.0,5.0,0.5
2181,2025-08-07 09:30,DISCOVERY_AUGUST,VALIDATED_SOURCE,NY,2,FIXED_50_ARM_5R,FIXED,1,572.0,-59.0,631.0,SELL,BUY,True,572.0,-59.0,631.0,0.0,False,CONTROL_TARGET_REACHED,,,532.0,266.0,5.0,0.5
2181,2025-08-07 09:30,DISCOVERY_AUGUST,VALIDATED_SOURCE,NY,2,FIXED_50_ARM_5R,FIXED,2,572.0,-59.0,631.0,SELL,BUY,True,572.0,-59.0,631.0,0.0,False,CONTROL_TARGET_REACHED,,,532.0,266.0,5.0,0.5
2181,2025-08-07 09:30,DISCOVERY_AUGUST,VALIDATED_SOURCE,NY,2,FIXED_50_ARM_5R,FIXED,4,572.0,-59.0,631.0,SELL,BUY,True,572.0,-59.0,631.0,0.0,False,CONTROL_TARGET_REACHED,,,532.0,266.0,5.0,0.5
2181,2025-08-07 09:30,DISCOVERY_AUGUST,VALIDATED_SOURCE,NY,2,FIXED_65_ARM_5R,FIXED,0,572.0,-59.0,631.0,SELL,BUY,True,572.0,-59.0,631.0,0.0,False,CONTROL_TARGET_REACHED,,,532.0,345.8,5.0,0.65
2181,2025-08-07 09:30,DISCOVERY_AUGUST,VALIDATED_SOURCE,NY,2,FIXED_65_ARM_5R,FIXED,1,572.0,-59.0,631.0,SELL,BUY,True,572.0,-59.0,631.0,0.0,False,CONTROL_TARGET_REACHED,,,532.0,345.8,5.0,0.65
2181,2025-08-07 09:30,DISCOVERY_AUGUST,VALIDATED_SOURCE,NY,2,FIXED_65_ARM_5R,FIXED,2,572.0,-59.0,631.0,SELL,BUY,True,572.0,-59.0,631.0,0.0,False,CONTROL_TARGET_REACHED,,,532.0,345.8,5.0,0.65
2181,2025-08-07 09:30,DISCOVERY_AUGUST,VALIDATED_SOURCE,NY,2,FIXED_65_ARM_5R,FIXED,4,572.0,-59.0,631.0,SELL,BUY,True,572.0,-59.0,631.0,0.0,False,CONTROL_TARGET_REACHED,,,532.0,345.8,5.0,0.65
2181,2025-08-07 09:30,DISCOVERY_AUGUST,VALIDATED_SOURCE,NY,2,FIXED_75_ARM_5R,FIXED,0,572.0,-59.0,631.0,SELL,BUY,True,572.0,-59.0,631.0,0.0,False,CONTROL_TARGET_REACHED,,,532.0,399.0,5.0,0.75
2181,2025-08-07 09:30,DISCOVERY_AUGUST,VALIDATED_SOURCE,NY,2,FIXED_75_ARM_5R,FIXED,1,572.0,-59.0,631.0,SELL,BUY,True,572.0,-59.0,631.0,0.0,False,CONTROL_TARGET_REACHED,,,532.0,399.0,5.0,0.75
2181,2025-08-07 09:30,DISCOVERY_AUGUST,VALIDATED_SOURCE,NY,2,FIXED_75_ARM_5R,FIXED,2,572.0,-59.0,631.0,SELL,BUY,True,572.0,-59.0,631.0,0.0,False,CONTROL_TARGET_REACHED,,,532.0,399.0,5.0,0.75
2181,2025-08-07 09:30,DISCOVERY_AUGUST,VALIDATED_SOURCE,NY,2,FIXED_75_ARM_5R,FIXED,4,572.0,-59.0,631.0,SELL,BUY,True,572.0,-59.0,631.0,0.0,False,CONTROL_TARGET_REACHED,,,532.0,399.0,5.0,0.75
2181,2025-08-07 09:30,DISCOVERY_AUGUST,VALIDATED_SOURCE,NY,2,FIXED_85_ARM_5R,FIXED,0,572.0,-59.0,631.0,SELL,BUY,True,572.0,-59.0,631.0,0.0,False,CONTROL_TARGET_REACHED,,,532.0,452.2,5.0,0.85
2181,2025-08-07 09:30,DISCOVERY_AUGUST,VALIDATED_SOURCE,NY,2,FIXED_85_ARM_5R,FIXED,1,572.0,-59.0,631.0,SELL,BUY,True,572.0,-59.0,631.0,0.0,False,CONTROL_TARGET_REACHED,,,532.0,452.2,5.0,0.85
2181,2025-08-07 09:30,DISCOVERY_AUGUST,VALIDATED_SOURCE,NY,2,FIXED_85_ARM_5R,FIXED,2,572.0,-59.0,631.0,SELL,BUY,True,572.0,-59.0,631.0,0.0,False,CONTROL_TARGET_REACHED,,,532.0,452.2,5.0,0.85
2181,2025-08-07 09:30,DISCOVERY_AUGUST,VALIDATED_SOURCE,NY,2,FIXED_85_ARM_5R,FIXED,4,572.0,-59.0,631.0,SELL,BUY,True,572.0,-59.0,631.0,0.0,False,CONTROL_TARGET_REACHED,,,532.0,452.2,5.0,0.85
2181,2025-08-07 09:30,DISCOVERY_AUGUST,VALIDATED_SOURCE,NY,2,DYNAMIC_FAST_2R_4R_6R_8R,DYNAMIC,0,572.0,-59.0,631.0,SELL,BUY,True,572.0,-59.0,631.0,0.0,False,CONTROL_TARGET_REACHED,,,532.0,452.2,2.0,0.85
2181,2025-08-07 09:30,DISCOVERY_AUGUST,VALIDATED_SOURCE,NY,2,DYNAMIC_FAST_2R_4R_6R_8R,DYNAMIC,1,572.0,-59.0,631.0,SELL,BUY,True,572.0,-59.0,631.0,0.0,False,CONTROL_TARGET_REACHED,,,532.0,452.2,2.0,0.85
2181,2025-08-07 09:30,DISCOVERY_AUGUST,VALIDATED_SOURCE,NY,2,DYNAMIC_FAST_2R_4R_6R_8R,DYNAMIC,2,572.0,-59.0,631.0,SELL,BUY,True,572.0,-59.0,631.0,0.0,False,CONTROL_TARGET_REACHED,,,532.0,452.2,2.0,0.85
2181,2025-08-07 09:30,DISCOVERY_AUGUST,VALIDATED_SOURCE,NY,2,DYNAMIC_FAST_2R_4R_6R_8R,DYNAMIC,4,572.0,-59.0,631.0,SELL,BUY,True,572.0,-59.0,631.0,0.0,False,CONTROL_TARGET_REACHED,,,532.0,452.2,2.0,0.85
2181,2025-08-07 09:30,DISCOVERY_AUGUST,VALIDATED_SOURCE,NY,2,DYNAMIC_BALANCED_3R_5R_8R_12R,DYNAMIC,0,572.0,-59.0,631.0,SELL,BUY,True,572.0,-59.0,631.0,0.0,False,CONTROL_TARGET_REACHED,,,532.0,399.0,3.0,0.75
2181,2025-08-07 09:30,DISCOVERY_AUGUST,VALIDATED_SOURCE,NY,2,DYNAMIC_BALANCED_3R_5R_8R_12R,DYNAMIC,1,572.0,-59.0,631.0,SELL,BUY,True,572.0,-59.0,631.0,0.0,False,CONTROL_TARGET_REACHED,,,532.0,399.0,3.0,0.75
2181,2025-08-07 09:30,DISCOVERY_AUGUST,VALIDATED_SOURCE,NY,2,DYNAMIC_BALANCED_3R_5R_8R_12R,DYNAMIC,2,572.0,-59.0,631.0,SELL,BUY,True,572.0,-59.0,631.0,0.0,False,CONTROL_TARGET_REACHED,,,532.0,399.0,3.0,0.75
2181,2025-08-07 09:30,DISCOVERY_AUGUST,VALIDATED_SOURCE,NY,2,DYNAMIC_BALANCED_3R_5R_8R_12R,DYNAMIC,4,572.0,-59.0,631.0,SELL,BUY,True,572.0,-59.0,631.0,0.0,False,CONTROL_TARGET_REACHED,,,532.0,399.0,3.0,0.75
2181,2025-08-07 09:30,DISCOVERY_AUGUST,VALIDATED_SOURCE,NY,2,DYNAMIC_LOOSE_4R_7R_11R_16R,DYNAMIC,0,572.0,-59.0,631.0,SELL,BUY,True,572.0,-59.0,631.0,0.0,False,CONTROL_TARGET_REACHED,,,532.0,345.8,4.0,0.65
2181,2025-08-07 09:30,DISCOVERY_AUGUST,VALIDATED_SOURCE,NY,2,DYNAMIC_LOOSE_4R_7R_11R_16R,DYNAMIC,1,572.0,-59.0,631.0,SELL,BUY,True,572.0,-59.0,631.0,0.0,False,CONTROL_TARGET_REACHED,,,532.0,345.8,4.0,0.65
2181,2025-08-07 09:30,DISCOVERY_AUGUST,VALIDATED_SOURCE,NY,2,DYNAMIC_LOOSE_4R_7R_11R_16R,DYNAMIC,2,572.0,-59.0,631.0,SELL,BUY,True,572.0,-59.0,631.0,0.0,False,CONTROL_TARGET_REACHED,,,532.0,345.8,4.0,0.65
2181,2025-08-07 09:30,DISCOVERY_AUGUST,VALIDATED_SOURCE,NY,2,DYNAMIC_LOOSE_4R_7R_11R_16R,DYNAMIC,4,572.0,-59.0,631.0,SELL,BUY,True,572.0,-59.0,631.0,0.0,False,CONTROL_TARGET_REACHED,,,532.0,345.8,4.0,0.65
2181,2025-08-07 09:30,DISCOVERY_AUGUST,VALIDATED_SOURCE,NY,2,ADAPTIVE_VOL_ARM_3R,ADAPTIVE,0,572.0,-59.0,631.0,SELL,BUY,True,572.0,-59.0,631.0,0.0,False,CONTROL_TARGET_REACHED,,,532.0,399.0,3.0,0.75
2181,2025-08-07 09:30,DISCOVERY_AUGUST,VALIDATED_SOURCE,NY,2,ADAPTIVE_VOL_ARM_3R,ADAPTIVE,1,572.0,-59.0,631.0,SELL,BUY,True,572.0,-59.0,631.0,0.0,False,CONTROL_TARGET_REACHED,,,532.0,399.0,3.0,0.75
2181,2025-08-07 09:30,DISCOVERY_AUGUST,VALIDATED_SOURCE,NY,2,ADAPTIVE_VOL_ARM_3R,ADAPTIVE,2,572.0,-59.0,631.0,SELL,BUY,True,572.0,-59.0,631.0,0.0,False,CONTROL_TARGET_REACHED,,,532.0,399.0,3.0,0.75
2181,2025-08-07 09:30,DISCOVERY_AUGUST,VALIDATED_SOURCE,NY,2,ADAPTIVE_VOL_ARM_3R,ADAPTIVE,4,572.0,-59.0,631.0,SELL,BUY,True,572.0,-59.0,631.0,0.0,False,CONTROL_TARGET_REACHED,,,532.0,399.0,3.0,0.75
2181,2025-08-07 09:30,DISCOVERY_AUGUST,VALIDATED_SOURCE,NY,2,ADAPTIVE_VOL_ARM_4R,ADAPTIVE,0,572.0,-59.0,631.0,SELL,BUY,True,572.0,-59.0,631.0,0.0,False,CONTROL_TARGET_REACHED,,,532.0,399.0,4.0,0.75
2181,2025-08-07 09:30,DISCOVERY_AUGUST,VALIDATED_SOURCE,NY,2,ADAPTIVE_VOL_ARM_4R,ADAPTIVE,1,572.0,-59.0,631.0,SELL,BUY,True,572.0,-59.0,631.0,0.0,False,CONTROL_TARGET_REACHED,,,532.0,399.0,4.0,0.75
2181,2025-08-07 09:30,DISCOVERY_AUGUST,VALIDATED_SOURCE,NY,2,ADAPTIVE_VOL_ARM_4R,ADAPTIVE,2,572.0,-59.0,631.0,SELL,BUY,True,572.0,-59.0,631.0,0.0,False,CONTROL_TARGET_REACHED,,,532.0,399.0,4.0,0.75
2181,2025-08-07 09:30,DISCOVERY_AUGUST,VALIDATED_SOURCE,NY,2,ADAPTIVE_VOL_ARM_4R,ADAPTIVE,4,572.0,-59.0,631.0,SELL,BUY,True,572.0,-59.0,631.0,0.0,False,CONTROL_TARGET_REACHED,,,532.0,399.0,4.0,0.75
2182,2025-08-07 18:00,DISCOVERY_AUGUST,VALIDATED_SOURCE,WEEKDAY_WEAK,1,CONTROL_NO_PAIR_FLOOR,CONTROL,0,-59.0,-29.5,-29.5,SELL,BUY,False,-59.0,-29.5,-29.5,0.0,False,CONTROL_OR_NO_SINGLE_SURVIVOR,,,,,999.0,
2182,2025-08-07 18:00,DISCOVERY_AUGUST,VALIDATED_SOURCE,WEEKDAY_WEAK,1,CONTROL_NO_PAIR_FLOOR,CONTROL,1,-59.0,-29.5,-29.5,SELL,BUY,False,-59.0,-29.5,-29.5,0.0,False,CONTROL_OR_NO_SINGLE_SURVIVOR,,,,,999.0,
2182,2025-08-07 18:00,DISCOVERY_AUGUST,VALIDATED_SOURCE,WEEKDAY_WEAK,1,CONTROL_NO_PAIR_FLOOR,CONTROL,2,-59.0,-29.5,-29.5,SELL,BUY,False,-59.0,-29.5,-29.5,0.0,False,CONTROL_OR_NO_SINGLE_SURVIVOR,,,,,999.0,
2182,2025-08-07 18:00,DISCOVERY_AUGUST,VALIDATED_SOURCE,WEEKDAY_WEAK,1,CONTROL_NO_PAIR_FLOOR,CONTROL,4,-59.0,-29.5,-29.5,SELL,BUY,False,-59.0,-29.5,-29.5,0.0,False,CONTROL_OR_NO_SINGLE_SURVIVOR,,,,,999.0,
2182,2025-08-07 18:00,DISCOVERY_AUGUST,VALIDATED_SOURCE,WEEKDAY_WEAK,1,FIXED_50_ARM_2R,FIXED,0,-59.0,-29.5,-29.5,SELL,BUY,False,-59.0,-29.5,-29.5,0.0,False,CONTROL_OR_NO_SINGLE_SURVIVOR,,,,,2.0,
2182,2025-08-07 18:00,DISCOVERY_AUGUST,VALIDATED_SOURCE,WEEKDAY_WEAK,1,FIXED_50_ARM_2R,FIXED,1,-59.0,-29.5,-29.5,SELL,BUY,False,-59.0,-29.5,-29.5,0.0,False,CONTROL_OR_NO_SINGLE_SURVIVOR,,,,,2.0,
2182,2025-08-07 18:00,DISCOVERY_AUGUST,VALIDATED_SOURCE,WEEKDAY_WEAK,1,FIXED_50_ARM_2R,FIXED,2,-59.0,-29.5,-29.5,SELL,BUY,False,-59.0,-29.5,-29.5,0.0,False,CONTROL_OR_NO_SINGLE_SURVIVOR,,,,,2.0,
2182,2025-08-07 18:00,DISCOVERY_AUGUST,VALIDATED_SOURCE,WEEKDAY_WEAK,1,FIXED_50_ARM_2R,FIXED,4,-59.0,-29.5,-29.5,SELL,BUY,False,-59.0,-29.5,-29.5,0.0,False,CONTROL_OR_NO_SINGLE_SURVIVOR,,,,,2.0,
2182,2025-08-07 18:00,DISCOVERY_AUGUST,VALIDATED_SOURCE,WEEKDAY_WEAK,1,FIXED_65_ARM_2R,FIXED,0,-59.0,-29.5,-29.5,SELL,BUY,False,-59.0,-29.5,-29.5,0.0,False,CONTROL_OR_NO_SINGLE_SURVIVOR,,,,,2.0,
2182,2025-08-07 18:00,DISCOVERY_AUGUST,VALIDATED_SOURCE,WEEKDAY_WEAK,1,FIXED_65_ARM_2R,FIXED,1,-59.0,-29.5,-29.5,SELL,BUY,False,-59.0,-29.5,-29.5,0.0,False,CONTROL_OR_NO_SINGLE_SURVIVOR,,,,,2.0,
2182,2025-08-07 18:00,DISCOVERY_AUGUST,VALIDATED_SOURCE,WEEKDAY_WEAK,1,FIXED_65_ARM_2R,FIXED,2,-59.0,-29.5,-29.5,SELL,BUY,False,-59.0,-29.5,-29.5,0.0,False,CONTROL_OR_NO_SINGLE_SURVIVOR,,,,,2.0,
2182,2025-08-07 18:00,DISCOVERY_AUGUST,VALIDATED_SOURCE,WEEKDAY_WEAK,1,FIXED_65_ARM_2R,FIXED,4,-59.0,-29.5,-29.5,SELL,BUY,False,-59.0,-29.5,-29.5,0.0,False,CONTROL_OR_NO_SINGLE_SURVIVOR,,,,,2.0,
2182,2025-08-07 18:00,DISCOVERY_AUGUST,VALIDATED_SOURCE,WEEKDAY_WEAK,1,FIXED_75_ARM_2R,FIXED,0,-59.0,-29.5,-29.5,SELL,BUY,False,-59.0,-29.5,-29.5,0.0,False,CONTROL_OR_NO_SINGLE_SURVIVOR,,,,,2.0,
2182,2025-08-07 18:00,DISCOVERY_AUGUST,VALIDATED_SOURCE,WEEKDAY_WEAK,1,FIXED_75_ARM_2R,FIXED,1,-59.0,-29.5,-29.5,SELL,BUY,False,-59.0,-29.5,-29.5,0.0,False,CONTROL_OR_NO_SINGLE_SURVIVOR,,,,,2.0,
2182,2025-08-07 18:00,DISCOVERY_AUGUST,VALIDATED_SOURCE,WEEKDAY_WEAK,1,FIXED_75_ARM_2R,FIXED,2,-59.0,-29.5,-29.5,SELL,BUY,False,-59.0,-29.5,-29.5,0.0,False,CONTROL_OR_NO_SINGLE_SURVIVOR,,,,,2.0,
2182,2025-08-07 18:00,DISCOVERY_AUGUST,VALIDATED_SOURCE,WEEKDAY_WEAK,1,FIXED_75_ARM_2R,FIXED,4,-59.0,-29.5,-29.5,SELL,BUY,False,-59.0,-29.5,-29.5,0.0,False,CONTROL_OR_NO_SINGLE_SURVIVOR,,,,,2.0,
2182,2025-08-07 18:00,DISCOVERY_AUGUST,VALIDATED_SOURCE,WEEKDAY_WEAK,1,FIXED_85_ARM_2R,FIXED,0,-59.0,-29.5,-29.5,SELL,BUY,False,-59.0,-29.5,-29.5,0.0,False,CONTROL_OR_NO_SINGLE_SURVIVOR,,,,,2.0,
2182,2025-08-07 18:00,DISCOVERY_AUGUST,VALIDATED_SOURCE,WEEKDAY_WEAK,1,FIXED_85_ARM_2R,FIXED,1,-59.0,-29.5,-29.5,SELL,BUY,False,-59.0,-29.5,-29.5,0.0,False,CONTROL_OR_NO_SINGLE_SURVIVOR,,,,,2.0,
2182,2025-08-07 18:00,DISCOVERY_AUGUST,VALIDATED_SOURCE,WEEKDAY_WEAK,1,FIXED_85_ARM_2R,FIXED,2,-59.0,-29.5,-29.5,SELL,BUY,False,-59.0,-29.5,-29.5,0.0,False,CONTROL_OR_NO_SINGLE_SURVIVOR,,,,,2.0,
2182,2025-08-07 18:00,DISCOVERY_AUGUST,VALIDATED_SOURCE,WEEKDAY_WEAK,1,FIXED_85_ARM_2R,FIXED,4,-59.0,-29.5,-29.5,SELL,BUY,False,-59.0,-29.5,-29.5,0.0,False,CONTROL_OR_NO_SINGLE_SURVIVOR,,,,,2.0,
2182,2025-08-07 18:00,DISCOVERY_AUGUST,VALIDATED_SOURCE,WEEKDAY_WEAK,1,FIXED_50_ARM_3R,FIXED,0,-59.0,-29.5,-29.5,SELL,BUY,False,-59.0,-29.5,-29.5,0.0,False,CONTROL_OR_NO_SINGLE_SURVIVOR,,,,,3.0,
2182,2025-08-07 18:00,DISCOVERY_AUGUST,VALIDATED_SOURCE,WEEKDAY_WEAK,1,FIXED_50_ARM_3R,FIXED,1,-59.0,-29.5,-29.5,SELL,BUY,False,-59.0,-29.5,-29.5,0.0,False,CONTROL_OR_NO_SINGLE_SURVIVOR,,,,,3.0,
2182,2025-08-07 18:00,DISCOVERY_AUGUST,VALIDATED_SOURCE,WEEKDAY_WEAK,1,FIXED_50_ARM_3R,FIXED,2,-59.0,-29.5,-29.5,SELL,BUY,False,-59.0,-29.5,-29.5,0.0,False,CONTROL_OR_NO_SINGLE_SURVIVOR,,,,,3.0,
2182,2025-08-07 18:00,DISCOVERY_AUGUST,VALIDATED_SOURCE,WEEKDAY_WEAK,1,FIXED_50_ARM_3R,FIXED,4,-59.0,-29.5,-29.5,SELL,BUY,False,-59.0,-29.5,-29.5,0.0,False,CONTROL_OR_NO_SINGLE_SURVIVOR,,,,,3.0,
2182,2025-08-07 18:00,DISCOVERY_AUGUST,VALIDATED_SOURCE,WEEKDAY_WEAK,1,FIXED_65_ARM_3R,FIXED,0,-59.0,-29.5,-29.5,SELL,BUY,False,-59.0,-29.5,-29.5,0.0,False,CONTROL_OR_NO_SINGLE_SURVIVOR,,,,,3.0,
2182,2025-08-07 18:00,DISCOVERY_AUGUST,VALIDATED_SOURCE,WEEKDAY_WEAK,1,FIXED_65_ARM_3R,FIXED,1,-59.0,-29.5,-29.5,SELL,BUY,False,-59.0,-29.5,-29.5,0.0,False,CONTROL_OR_NO_SINGLE_SURVIVOR,,,,,3.0,
2182,2025-08-07 18:00,DISCOVERY_AUGUST,VALIDATED_SOURCE,WEEKDAY_WEAK,1,FIXED_65_ARM_3R,FIXED,2,-59.0,-29.5,-29.5,SELL,BUY,False,-59.0,-29.5,-29.5,0.0,False,CONTROL_OR_NO_SINGLE_SURVIVOR,,,,,3.0,
2182,2025-08-07 18:00,DISCOVERY_AUGUST,VALIDATED_SOURCE,WEEKDAY_WEAK,1,FIXED_65_ARM_3R,FIXED,4,-59.0,-29.5,-29.5,SELL,BUY,False,-59.0,-29.5,-29.5,0.0,False,CONTROL_OR_NO_SINGLE_SURVIVOR,,,,,3.0,
2182,2025-08-07 18:00,DISCOVERY_AUGUST,VALIDATED_SOURCE,WEEKDAY_WEAK,1,FIXED_75_ARM_3R,FIXED,0,-59.0,-29.5,-29.5,SELL,BUY,False,-59.0,-29.5,-29.5,0.0,False,CONTROL_OR_NO_SINGLE_SURVIVOR,,,,,3.0,
2182,2025-08-07 18:00,DISCOVERY_AUGUST,VALIDATED_SOURCE,WEEKDAY_WEAK,1,FIXED_75_ARM_3R,FIXED,1,-59.0,-29.5,-29.5,SELL,BUY,False,-59.0,-29.5,-29.5,0.0,False,CONTROL_OR_NO_SINGLE_SURVIVOR,,,,,3.0,
2182,2025-08-07 18:00,DISCOVERY_AUGUST,VALIDATED_SOURCE,WEEKDAY_WEAK,1,FIXED_75_ARM_3R,FIXED,2,-59.0,-29.5,-29.5,SELL,BUY,False,-59.0,-29.5,-29.5,0.0,False,CONTROL_OR_NO_SINGLE_SURVIVOR,,,,,3.0,
2182,2025-08-07 18:00,DISCOVERY_AUGUST,VALIDATED_SOURCE,WEEKDAY_WEAK,1,FIXED_75_ARM_3R,FIXED,4,-59.0,-29.5,-29.5,SELL,BUY,False,-59.0,-29.5,-29.5,0.0,False,CONTROL_OR_NO_SINGLE_SURVIVOR,,,,,3.0,
2182,2025-08-07 18:00,DISCOVERY_AUGUST,VALIDATED_SOURCE,WEEKDAY_WEAK,1,FIXED_85_ARM_3R,FIXED,0,-59.0,-29.5,-29.5,SELL,BUY,False,-59.0,-29.5,-29.5,0.0,False,CONTROL_OR_NO_SINGLE_SURVIVOR,,,,,3.0,
2182,2025-08-07 18:00,DISCOVERY_AUGUST,VALIDATED_SOURCE,WEEKDAY_WEAK,1,FIXED_85_ARM_3R,FIXED,1,-59.0,-29.5,-29.5,SELL,BUY,False,-59.0,-29.5,-29.5,0.0,False,CONTROL_OR_NO_SINGLE_SURVIVOR,,,,,3.0,
2182,2025-08-07 18:00,DISCOVERY_AUGUST,VALIDATED_SOURCE,WEEKDAY_WEAK,1,FIXED_85_ARM_3R,FIXED,2,-59.0,-29.5,-29.5,SELL,BUY,False,-59.0,-29.5,-29.5,0.0,False,CONTROL_OR_NO_SINGLE_SURVIVOR,,,,,3.0,
2182,2025-08-07 18:00,DISCOVERY_AUGUST,VALIDATED_SOURCE,WEEKDAY_WEAK,1,FIXED_85_ARM_3R,FIXED,4,-59.0,-29.5,-29.5,SELL,BUY,False,-59.0,-29.5,-29.5,0.0,False,CONTROL_OR_NO_SINGLE_SURVIVOR,,,,,3.0,
2182,2025-08-07 18:00,DISCOVERY_AUGUST,VALIDATED_SOURCE,WEEKDAY_WEAK,1,FIXED_50_ARM_4R,FIXED,0,-59.0,-29.5,-29.5,SELL,BUY,False,-59.0,-29.5,-29.5,0.0,False,CONTROL_OR_NO_SINGLE_SURVIVOR,,,,,4.0,
2182,2025-08-07 18:00,DISCOVERY_AUGUST,VALIDATED_SOURCE,WEEKDAY_WEAK,1,FIXED_50_ARM_4R,FIXED,1,-59.0,-29.5,-29.5,SELL,BUY,False,-59.0,-29.5,-29.5,0.0,False,CONTROL_OR_NO_SINGLE_SURVIVOR,,,,,4.0,
2182,2025-08-07 18:00,DISCOVERY_AUGUST,VALIDATED_SOURCE,WEEKDAY_WEAK,1,FIXED_50_ARM_4R,FIXED,2,-59.0,-29.5,-29.5,SELL,BUY,False,-59.0,-29.5,-29.5,0.0,False,CONTROL_OR_NO_SINGLE_SURVIVOR,,,,,4.0,
2182,2025-08-07 18:00,DISCOVERY_AUGUST,VALIDATED_SOURCE,WEEKDAY_WEAK,1,FIXED_50_ARM_4R,FIXED,4,-59.0,-29.5,-29.5,SELL,BUY,False,-59.0,-29.5,-29.5,0.0,False,CONTROL_OR_NO_SINGLE_SURVIVOR,,,,,4.0,
2182,2025-08-07 18:00,DISCOVERY_AUGUST,VALIDATED_SOURCE,WEEKDAY_WEAK,1,FIXED_65_ARM_4R,FIXED,0,-59.0,-29.5,-29.5,SELL,BUY,False,-59.0,-29.5,-29.5,0.0,False,CONTROL_OR_NO_SINGLE_SURVIVOR,,,,,4.0,
2182,2025-08-07 18:00,DISCOVERY_AUGUST,VALIDATED_SOURCE,WEEKDAY_WEAK,1,FIXED_65_ARM_4R,FIXED,1,-59.0,-29.5,-29.5,SELL,BUY,False,-59.0,-29.5,-29.5,0.0,False,CONTROL_OR_NO_SINGLE_SURVIVOR,,,,,4.0,
2182,2025-08-07 18:00,DISCOVERY_AUGUST,VALIDATED_SOURCE,WEEKDAY_WEAK,1,FIXED_65_ARM_4R,FIXED,2,-59.0,-29.5,-29.5,SELL,BUY,False,-59.0,-29.5,-29.5,0.0,False,CONTROL_OR_NO_SINGLE_SURVIVOR,,,,,4.0,
2182,2025-08-07 18:00,DISCOVERY_AUGUST,VALIDATED_SOURCE,WEEKDAY_WEAK,1,FIXED_65_ARM_4R,FIXED,4,-59.0,-29.5,-29.5,SELL,BUY,False,-59.0,-29.5,-29.5,0.0,False,CONTROL_OR_NO_SINGLE_SURVIVOR,,,,,4.0,
2182,2025-08-07 18:00,DISCOVERY_AUGUST,VALIDATED_SOURCE,WEEKDAY_WEAK,1,FIXED_75_ARM_4R,FIXED,0,-59.0,-29.5,-29.5,SELL,BUY,False,-59.0,-29.5,-29.5,0.0,False,CONTROL_OR_NO_SINGLE_SURVIVOR,,,,,4.0,
2182,2025-08-07 18:00,DISCOVERY_AUGUST,VALIDATED_SOURCE,WEEKDAY_WEAK,1,FIXED_75_ARM_4R,FIXED,1,-59.0,-29.5,-29.5,SELL,BUY,False,-59.0,-29.5,-29.5,0.0,False,CONTROL_OR_NO_SINGLE_SURVIVOR,,,,,4.0,
2182,2025-08-07 18:00,DISCOVERY_AUGUST,VALIDATED_SOURCE,WEEKDAY_WEAK,1,FIXED_75_ARM_4R,FIXED,2,-59.0,-29.5,-29.5,SELL,BUY,False,-59.0,-29.5,-29.5,0.0,False,CONTROL_OR_NO_SINGLE_SURVIVOR,,,,,4.0,
2182,2025-08-07 18:00,DISCOVERY_AUGUST,VALIDATED_SOURCE,WEEKDAY_WEAK,1,FIXED_75_ARM_4R,FIXED,4,-59.0,-29.5,-29.5,SELL,BUY,False,-59.0,-29.5,-29.5,0.0,False,CONTROL_OR_NO_SINGLE_SURVIVOR,,,,,4.0,
2182,2025-08-07 18:00,DISCOVERY_AUGUST,VALIDATED_SOURCE,WEEKDAY_WEAK,1,FIXED_85_ARM_4R,FIXED,0,-59.0,-29.5,-29.5,SELL,BUY,False,-59.0,-29.5,-29.5,0.0,False,CONTROL_OR_NO_SINGLE_SURVIVOR,,,,,4.0,
2182,2025-08-07 18:00,DISCOVERY_AUGUST,VALIDATED_SOURCE,WEEKDAY_WEAK,1,FIXED_85_ARM_4R,FIXED,1,-59.0,-29.5,-29.5,SELL,BUY,False,-59.0,-29.5,-29.5,0.0,False,CONTROL_OR_NO_SINGLE_SURVIVOR,,,,,4.0,
2182,2025-08-07 18:00,DISCOVERY_AUGUST,VALIDATED_SOURCE,WEEKDAY_WEAK,1,FIXED_85_ARM_4R,FIXED,2,-59.0,-29.5,-29.5,SELL,BUY,False,-59.0,-29.5,-29.5,0.0,False,CONTROL_OR_NO_SINGLE_SURVIVOR,,,,,4.0,
2182,2025-08-07 18:00,DISCOVERY_AUGUST,VALIDATED_SOURCE,WEEKDAY_WEAK,1,FIXED_85_ARM_4R,FIXED,4,-59.0,-29.5,-29.5,SELL,BUY,False,-59.0,-29.5,-29.5,0.0,False,CONTROL_OR_NO_SINGLE_SURVIVOR,,,,,4.0,
2182,2025-08-07 18:00,DISCOVERY_AUGUST,VALIDATED_SOURCE,WEEKDAY_WEAK,1,FIXED_50_ARM_5R,FIXED,0,-59.0,-29.5,-29.5,SELL,BUY,False,-59.0,-29.5,-29.5,0.0,False,CONTROL_OR_NO_SINGLE_SURVIVOR,,,,,5.0,
2182,2025-08-07 18:00,DISCOVERY_AUGUST,VALIDATED_SOURCE,WEEKDAY_WEAK,1,FIXED_50_ARM_5R,FIXED,1,-59.0,-29.5,-29.5,SELL,BUY,False,-59.0,-29.5,-29.5,0.0,False,CONTROL_OR_NO_SINGLE_SURVIVOR,,,,,5.0,
2182,2025-08-07 18:00,DISCOVERY_AUGUST,VALIDATED_SOURCE,WEEKDAY_WEAK,1,FIXED_50_ARM_5R,FIXED,2,-59.0,-29.5,-29.5,SELL,BUY,False,-59.0,-29.5,-29.5,0.0,False,CONTROL_OR_NO_SINGLE_SURVIVOR,,,,,5.0,
2182,2025-08-07 18:00,DISCOVERY_AUGUST,VALIDATED_SOURCE,WEEKDAY_WEAK,1,FIXED_50_ARM_5R,FIXED,4,-59.0,-29.5,-29.5,SELL,BUY,False,-59.0,-29.5,-29.5,0.0,False,CONTROL_OR_NO_SINGLE_SURVIVOR,,,,,5.0,
2182,2025-08-07 18:00,DISCOVERY_AUGUST,VALIDATED_SOURCE,WEEKDAY_WEAK,1,FIXED_65_ARM_5R,FIXED,0,-59.0,-29.5,-29.5,SELL,BUY,False,-59.0,-29.5,-29.5,0.0,False,CONTROL_OR_NO_SINGLE_SURVIVOR,,,,,5.0,
2182,2025-08-07 18:00,DISCOVERY_AUGUST,VALIDATED_SOURCE,WEEKDAY_WEAK,1,FIXED_65_ARM_5R,FIXED,1,-59.0,-29.5,-29.5,SELL,BUY,False,-59.0,-29.5,-29.5,0.0,False,CONTROL_OR_NO_SINGLE_SURVIVOR,,,,,5.0,
2182,2025-08-07 18:00,DISCOVERY_AUGUST,VALIDATED_SOURCE,WEEKDAY_WEAK,1,FIXED_65_ARM_5R,FIXED,2,-59.0,-29.5,-29.5,SELL,BUY,False,-59.0,-29.5,-29.5,0.0,False,CONTROL_OR_NO_SINGLE_SURVIVOR,,,,,5.0,
2182,2025-08-07 18:00,DISCOVERY_AUGUST,VALIDATED_SOURCE,WEEKDAY_WEAK,1,FIXED_65_ARM_5R,FIXED,4,-59.0,-29.5,-29.5,SELL,BUY,False,-59.0,-29.5,-29.5,0.0,False,CONTROL_OR_NO_SINGLE_SURVIVOR,,,,,5.0,
2182,2025-08-07 18:00,DISCOVERY_AUGUST,VALIDATED_SOURCE,WEEKDAY_WEAK,1,FIXED_75_ARM_5R,FIXED,0,-59.0,-29.5,-29.5,SELL,BUY,False,-59.0,-29.5,-29.5,0.0,False,CONTROL_OR_NO_SINGLE_SURVIVOR,,,,,5.0,
2182,2025-08-07 18:00,DISCOVERY_AUGUST,VALIDATED_SOURCE,WEEKDAY_WEAK,1,FIXED_75_ARM_5R,FIXED,1,-59.0,-29.5,-29.5,SELL,BUY,False,-59.0,-29.5,-29.5,0.0,False,CONTROL_OR_NO_SINGLE_SURVIVOR,,,,,5.0,
2182,2025-08-07 18:00,DISCOVERY_AUGUST,VALIDATED_SOURCE,WEEKDAY_WEAK,1,FIXED_75_ARM_5R,FIXED,2,-59.0,-29.5,-29.5,SELL,BUY,False,-59.0,-29.5,-29.5,0.0,False,CONTROL_OR_NO_SINGLE_SURVIVOR,,,,,5.0,
2182,2025-08-07 18:00,DISCOVERY_AUGUST,VALIDATED_SOURCE,WEEKDAY_WEAK,1,FIXED_75_ARM_5R,FIXED,4,-59.0,-29.5,-29.5,SELL,BUY,False,-59.0,-29.5,-29.5,0.0,False,CONTROL_OR_NO_SINGLE_SURVIVOR,,,,,5.0,
2182,2025-08-07 18:00,DISCOVERY_AUGUST,VALIDATED_SOURCE,WEEKDAY_WEAK,1,FIXED_85_ARM_5R,FIXED,0,-59.0,-29.5,-29.5,SELL,BUY,False,-59.0,-29.5,-29.5,0.0,False,CONTROL_OR_NO_SINGLE_SURVIVOR,,,,,5.0,
2182,2025-08-07 18:00,DISCOVERY_AUGUST,VALIDATED_SOURCE,WEEKDAY_WEAK,1,FIXED_85_ARM_5R,FIXED,1,-59.0,-29.5,-29.5,SELL,BUY,False,-59.0,-29.5,-29.5,0.0,False,CONTROL_OR_NO_SINGLE_SURVIVOR,,,,,5.0,
2182,2025-08-07 18:00,DISCOVERY_AUGUST,VALIDATED_SOURCE,WEEKDAY_WEAK,1,FIXED_85_ARM_5R,FIXED,2,-59.0,-29.5,-29.5,SELL,BUY,False,-59.0,-29.5,-29.5,0.0,False,CONTROL_OR_NO_SINGLE_SURVIVOR,,,,,5.0,
2182,2025-08-07 18:00,DISCOVERY_AUGUST,VALIDATED_SOURCE,WEEKDAY_WEAK,1,FIXED_85_ARM_5R,FIXED,4,-59.0,-29.5,-29.5,SELL,BUY,False,-59.0,-29.5,-29.5,0.0,False,CONTROL_OR_NO_SINGLE_SURVIVOR,,,,,5.0,
2182,2025-08-07 18:00,DISCOVERY_AUGUST,VALIDATED_SOURCE,WEEKDAY_WEAK,1,DYNAMIC_FAST_2R_4R_6R_8R,DYNAMIC,0,-59.0,-29.5,-29.5,SELL,BUY,False,-59.0,-29.5,-29.5,0.0,False,CONTROL_OR_NO_SINGLE_SURVIVOR,,,,,2.0,
2182,2025-08-07 18:00,DISCOVERY_AUGUST,VALIDATED_SOURCE,WEEKDAY_WEAK,1,DYNAMIC_FAST_2R_4R_6R_8R,DYNAMIC,1,-59.0,-29.5,-29.5,SELL,BUY,False,-59.0,-29.5,-29.5,0.0,False,CONTROL_OR_NO_SINGLE_SURVIVOR,,,,,2.0,
2182,2025-08-07 18:00,DISCOVERY_AUGUST,VALIDATED_SOURCE,WEEKDAY_WEAK,1,DYNAMIC_FAST_2R_4R_6R_8R,DYNAMIC,2,-59.0,-29.5,-29.5,SELL,BUY,False,-59.0,-29.5,-29.5,0.0,False,CONTROL_OR_NO_SINGLE_SURVIVOR,,,,,2.0,
2182,2025-08-07 18:00,DISCOVERY_AUGUST,VALIDATED_SOURCE,WEEKDAY_WEAK,1,DYNAMIC_FAST_2R_4R_6R_8R,DYNAMIC,4,-59.0,-29.5,-29.5,SELL,BUY,False,-59.0,-29.5,-29.5,0.0,False,CONTROL_OR_NO_SINGLE_SURVIVOR,,,,,2.0,
2182,2025-08-07 18:00,DISCOVERY_AUGUST,VALIDATED_SOURCE,WEEKDAY_WEAK,1,DYNAMIC_BALANCED_3R_5R_8R_12R,DYNAMIC,0,-59.0,-29.5,-29.5,SELL,BUY,False,-59.0,-29.5,-29.5,0.0,False,CONTROL_OR_NO_SINGLE_SURVIVOR,,,,,3.0,
2182,2025-08-07 18:00,DISCOVERY_AUGUST,VALIDATED_SOURCE,WEEKDAY_WEAK,1,DYNAMIC_BALANCED_3R_5R_8R_12R,DYNAMIC,1,-59.0,-29.5,-29.5,SELL,BUY,False,-59.0,-29.5,-29.5,0.0,False,CONTROL_OR_NO_SINGLE_SURVIVOR,,,,,3.0,
2182,2025-08-07 18:00,DISCOVERY_AUGUST,VALIDATED_SOURCE,WEEKDAY_WEAK,1,DYNAMIC_BALANCED_3R_5R_8R_12R,DYNAMIC,2,-59.0,-29.5,-29.5,SELL,BUY,False,-59.0,-29.5,-29.5,0.0,False,CONTROL_OR_NO_SINGLE_SURVIVOR,,,,,3.0,
2182,2025-08-07 18:00,DISCOVERY_AUGUST,VALIDATED_SOURCE,WEEKDAY_WEAK,1,DYNAMIC_BALANCED_3R_5R_8R_12R,DYNAMIC,4,-59.0,-29.5,-29.5,SELL,BUY,False,-59.0,-29.5,-29.5,0.0,False,CONTROL_OR_NO_SINGLE_SURVIVOR,,,,,3.0,
2182,2025-08-07 18:00,DISCOVERY_AUGUST,VALIDATED_SOURCE,WEEKDAY_WEAK,1,DYNAMIC_LOOSE_4R_7R_11R_16R,DYNAMIC,0,-59.0,-29.5,-29.5,SELL,BUY,False,-59.0,-29.5,-29.5,0.0,False,CONTROL_OR_NO_SINGLE_SURVIVOR,,,,,4.0,
2182,2025-08-07 18:00,DISCOVERY_AUGUST,VALIDATED_SOURCE,WEEKDAY_WEAK,1,DYNAMIC_LOOSE_4R_7R_11R_16R,DYNAMIC,1,-59.0,-29.5,-29.5,SELL,BUY,False,-59.0,-29.5,-29.5,0.0,False,CONTROL_OR_NO_SINGLE_SURVIVOR,,,,,4.0,
2182,2025-08-07 18:00,DISCOVERY_AUGUST,VALIDATED_SOURCE,WEEKDAY_WEAK,1,DYNAMIC_LOOSE_4R_7R_11R_16R,DYNAMIC,2,-59.0,-29.5,-29.5,SELL,BUY,False,-59.0,-29.5,-29.5,0.0,False,CONTROL_OR_NO_SINGLE_SURVIVOR,,,,,4.0,
2182,2025-08-07 18:00,DISCOVERY_AUGUST,VALIDATED_SOURCE,WEEKDAY_WEAK,1,DYNAMIC_LOOSE_4R_7R_11R_16R,DYNAMIC,4,-59.0,-29.5,-29.5,SELL,BUY,False,-59.0,-29.5,-29.5,0.0,False,CONTROL_OR_NO_SINGLE_SURVIVOR,,,,,4.0,
2182,2025-08-07 18:00,DISCOVERY_AUGUST,VALIDATED_SOURCE,WEEKDAY_WEAK,1,ADAPTIVE_VOL_ARM_3R,ADAPTIVE,0,-59.0,-29.5,-29.5,SELL,BUY,False,-59.0,-29.5,-29.5,0.0,False,CONTROL_OR_NO_SINGLE_SURVIVOR,,,,,3.0,
2182,2025-08-07 18:00,DISCOVERY_AUGUST,VALIDATED_SOURCE,WEEKDAY_WEAK,1,ADAPTIVE_VOL_ARM_3R,ADAPTIVE,1,-59.0,-29.5,-29.5,SELL,BUY,False,-59.0,-29.5,-29.5,0.0,False,CONTROL_OR_NO_SINGLE_SURVIVOR,,,,,3.0,
2182,2025-08-07 18:00,DISCOVERY_AUGUST,VALIDATED_SOURCE,WEEKDAY_WEAK,1,ADAPTIVE_VOL_ARM_3R,ADAPTIVE,2,-59.0,-29.5,-29.5,SELL,BUY,False,-59.0,-29.5,-29.5,0.0,False,CONTROL_OR_NO_SINGLE_SURVIVOR,,,,,3.0,
2182,2025-08-07 18:00,DISCOVERY_AUGUST,VALIDATED_SOURCE,WEEKDAY_WEAK,1,ADAPTIVE_VOL_ARM_3R,ADAPTIVE,4,-59.0,-29.5,-29.5,SELL,BUY,False,-59.0,-29.5,-29.5,0.0,False,CONTROL_OR_NO_SINGLE_SURVIVOR,,,,,3.0,
2182,2025-08-07 18:00,DISCOVERY_AUGUST,VALIDATED_SOURCE,WEEKDAY_WEAK,1,ADAPTIVE_VOL_ARM_4R,ADAPTIVE,0,-59.0,-29.5,-29.5,SELL,BUY,False,-59.0,-29.5,-29.5,0.0,False,CONTROL_OR_NO_SINGLE_SURVIVOR,,,,,4.0,
2182,2025-08-07 18:00,DISCOVERY_AUGUST,VALIDATED_SOURCE,WEEKDAY_WEAK,1,ADAPTIVE_VOL_ARM_4R,ADAPTIVE,1,-59.0,-29.5,-29.5,SELL,BUY,False,-59.0,-29.5,-29.5,0.0,False,CONTROL_OR_NO_SINGLE_SURVIVOR,,,,,4.0,
2182,2025-08-07 18:00,DISCOVERY_AUGUST,VALIDATED_SOURCE,WEEKDAY_WEAK,1,ADAPTIVE_VOL_ARM_4R,ADAPTIVE,2,-59.0,-29.5,-29.5,SELL,BUY,False,-59.0,-29.5,-29.5,0.0,False,CONTROL_OR_NO_SINGLE_SURVIVOR,,,,,4.0,
2182,2025-08-07 18:00,DISCOVERY_AUGUST,VALIDATED_SOURCE,WEEKDAY_WEAK,1,ADAPTIVE_VOL_ARM_4R,ADAPTIVE,4,-59.0,-29.5,-29.5,SELL,BUY,False,-59.0,-29.5,-29.5,0.0,False,CONTROL_OR_NO_SINGLE_SURVIVOR,,,,,4.0,
2183,2025-08-08 09:30,DISCOVERY_AUGUST,VALIDATED_SOURCE,NY,2,CONTROL_NO_PAIR_FLOOR,CONTROL,0,-118.0,-59.0,-59.0,SELL,BUY,False,-118.0,-59.0,-59.0,0.0,False,CONTROL_OR_NO_SINGLE_SURVIVOR,,,,,999.0,
2183,2025-08-08 09:30,DISCOVERY_AUGUST,VALIDATED_SOURCE,NY,2,CONTROL_NO_PAIR_FLOOR,CONTROL,1,-118.0,-59.0,-59.0,SELL,BUY,False,-118.0,-59.0,-59.0,0.0,False,CONTROL_OR_NO_SINGLE_SURVIVOR,,,,,999.0,
2183,2025-08-08 09:30,DISCOVERY_AUGUST,VALIDATED_SOURCE,NY,2,CONTROL_NO_PAIR_FLOOR,CONTROL,2,-118.0,-59.0,-59.0,SELL,BUY,False,-118.0,-59.0,-59.0,0.0,False,CONTROL_OR_NO_SINGLE_SURVIVOR,,,,,999.0,
2183,2025-08-08 09:30,DISCOVERY_AUGUST,VALIDATED_SOURCE,NY,2,CONTROL_NO_PAIR_FLOOR,CONTROL,4,-118.0,-59.0,-59.0,SELL,BUY,False,-118.0,-59.0,-59.0,0.0,False,CONTROL_OR_NO_SINGLE_SURVIVOR,,,,,999.0,
2183,2025-08-08 09:30,DISCOVERY_AUGUST,VALIDATED_SOURCE,NY,2,FIXED_50_ARM_2R,FIXED,0,-118.0,-59.0,-59.0,SELL,BUY,False,-118.0,-59.0,-59.0,0.0,False,CONTROL_OR_NO_SINGLE_SURVIVOR,,,,,2.0,
2183,2025-08-08 09:30,DISCOVERY_AUGUST,VALIDATED_SOURCE,NY,2,FIXED_50_ARM_2R,FIXED,1,-118.0,-59.0,-59.0,SELL,BUY,False,-118.0,-59.0,-59.0,0.0,False,CONTROL_OR_NO_SINGLE_SURVIVOR,,,,,2.0,
2183,2025-08-08 09:30,DISCOVERY_AUGUST,VALIDATED_SOURCE,NY,2,FIXED_50_ARM_2R,FIXED,2,-118.0,-59.0,-59.0,SELL,BUY,False,-118.0,-59.0,-59.0,0.0,False,CONTROL_OR_NO_SINGLE_SURVIVOR,,,,,2.0,
2183,2025-08-08 09:30,DISCOVERY_AUGUST,VALIDATED_SOURCE,NY,2,FIXED_50_ARM_2R,FIXED,4,-118.0,-59.0,-59.0,SELL,BUY,False,-118.0,-59.0,-59.0,0.0,False,CONTROL_OR_NO_SINGLE_SURVIVOR,,,,,2.0,
2183,2025-08-08 09:30,DISCOVERY_AUGUST,VALIDATED_SOURCE,NY,2,FIXED_65_ARM_2R,FIXED,0,-118.0,-59.0,-59.0,SELL,BUY,False,-118.0,-59.0,-59.0,0.0,False,CONTROL_OR_NO_SINGLE_SURVIVOR,,,,,2.0,
2183,2025-08-08 09:30,DISCOVERY_AUGUST,VALIDATED_SOURCE,NY,2,FIXED_65_ARM_2R,FIXED,1,-118.0,-59.0,-59.0,SELL,BUY,False,-118.0,-59.0,-59.0,0.0,False,CONTROL_OR_NO_SINGLE_SURVIVOR,,,,,2.0,
2183,2025-08-08 09:30,DISCOVERY_AUGUST,VALIDATED_SOURCE,NY,2,FIXED_65_ARM_2R,FIXED,2,-118.0,-59.0,-59.0,SELL,BUY,False,-118.0,-59.0,-59.0,0.0,False,CONTROL_OR_NO_SINGLE_SURVIVOR,,,,,2.0,
2183,2025-08-08 09:30,DISCOVERY_AUGUST,VALIDATED_SOURCE,NY,2,FIXED_65_ARM_2R,FIXED,4,-118.0,-59.0,-59.0,SELL,BUY,False,-118.0,-59.0,-59.0,0.0,False,CONTROL_OR_NO_SINGLE_SURVIVOR,,,,,2.0,
2183,2025-08-08 09:30,DISCOVERY_AUGUST,VALIDATED_SOURCE,NY,2,FIXED_75_ARM_2R,FIXED,0,-118.0,-59.0,-59.0,SELL,BUY,False,-118.0,-59.0,-59.0,0.0,False,CONTROL_OR_NO_SINGLE_SURVIVOR,,,,,2.0,
2183,2025-08-08 09:30,DISCOVERY_AUGUST,VALIDATED_SOURCE,NY,2,FIXED_75_ARM_2R,FIXED,1,-118.0,-59.0,-59.0,SELL,BUY,False,-118.0,-59.0,-59.0,0.0,False,CONTROL_OR_NO_SINGLE_SURVIVOR,,,,,2.0,
2183,2025-08-08 09:30,DISCOVERY_AUGUST,VALIDATED_SOURCE,NY,2,FIXED_75_ARM_2R,FIXED,2,-118.0,-59.0,-59.0,SELL,BUY,False,-118.0,-59.0,-59.0,0.0,False,CONTROL_OR_NO_SINGLE_SURVIVOR,,,,,2.0,
2183,2025-08-08 09:30,DISCOVERY_AUGUST,VALIDATED_SOURCE,NY,2,FIXED_75_ARM_2R,FIXED,4,-118.0,-59.0,-59.0,SELL,BUY,False,-118.0,-59.0,-59.0,0.0,False,CONTROL_OR_NO_SINGLE_SURVIVOR,,,,,2.0,
2183,2025-08-08 09:30,DISCOVERY_AUGUST,VALIDATED_SOURCE,NY,2,FIXED_85_ARM_2R,FIXED,0,-118.0,-59.0,-59.0,SELL,BUY,False,-118.0,-59.0,-59.0,0.0,False,CONTROL_OR_NO_SINGLE_SURVIVOR,,,,,2.0,
2183,2025-08-08 09:30,DISCOVERY_AUGUST,VALIDATED_SOURCE,NY,2,FIXED_85_ARM_2R,FIXED,1,-118.0,-59.0,-59.0,SELL,BUY,False,-118.0,-59.0,-59.0,0.0,False,CONTROL_OR_NO_SINGLE_SURVIVOR,,,,,2.0,
2183,2025-08-08 09:30,DISCOVERY_AUGUST,VALIDATED_SOURCE,NY,2,FIXED_85_ARM_2R,FIXED,2,-118.0,-59.0,-59.0,SELL,BUY,False,-118.0,-59.0,-59.0,0.0,False,CONTROL_OR_NO_SINGLE_SURVIVOR,,,,,2.0,
2183,2025-08-08 09:30,DISCOVERY_AUGUST,VALIDATED_SOURCE,NY,2,FIXED_85_ARM_2R,FIXED,4,-118.0,-59.0,-59.0,SELL,BUY,False,-118.0,-59.0,-59.0,0.0,False,CONTROL_OR_NO_SINGLE_SURVIVOR,,,,,2.0,
2183,2025-08-08 09:30,DISCOVERY_AUGUST,VALIDATED_SOURCE,NY,2,FIXED_50_ARM_3R,FIXED,0,-118.0,-59.0,-59.0,SELL,BUY,False,-118.0,-59.0,-59.0,0.0,False,CONTROL_OR_NO_SINGLE_SURVIVOR,,,,,3.0,
2183,2025-08-08 09:30,DISCOVERY_AUGUST,VALIDATED_SOURCE,NY,2,FIXED_50_ARM_3R,FIXED,1,-118.0,-59.0,-59.0,SELL,BUY,False,-118.0,-59.0,-59.0,0.0,False,CONTROL_OR_NO_SINGLE_SURVIVOR,,,,,3.0,
2183,2025-08-08 09:30,DISCOVERY_AUGUST,VALIDATED_SOURCE,NY,2,FIXED_50_ARM_3R,FIXED,2,-118.0,-59.0,-59.0,SELL,BUY,False,-118.0,-59.0,-59.0,0.0,False,CONTROL_OR_NO_SINGLE_SURVIVOR,,,,,3.0,
2183,2025-08-08 09:30,DISCOVERY_AUGUST,VALIDATED_SOURCE,NY,2,FIXED_50_ARM_3R,FIXED,4,-118.0,-59.0,-59.0,SELL,BUY,False,-118.0,-59.0,-59.0,0.0,False,CONTROL_OR_NO_SINGLE_SURVIVOR,,,,,3.0,
2183,2025-08-08 09:30,DISCOVERY_AUGUST,VALIDATED_SOURCE,NY,2,FIXED_65_ARM_3R,FIXED,0,-118.0,-59.0,-59.0,SELL,BUY,False,-118.0,-59.0,-59.0,0.0,False,CONTROL_OR_NO_SINGLE_SURVIVOR,,,,,3.0,
2183,2025-08-08 09:30,DISCOVERY_AUGUST,VALIDATED_SOURCE,NY,2,FIXED_65_ARM_3R,FIXED,1,-118.0,-59.0,-59.0,SELL,BUY,False,-118.0,-59.0,-59.0,0.0,False,CONTROL_OR_NO_SINGLE_SURVIVOR,,,,,3.0,
2183,2025-08-08 09:30,DISCOVERY_AUGUST,VALIDATED_SOURCE,NY,2,FIXED_65_ARM_3R,FIXED,2,-118.0,-59.0,-59.0,SELL,BUY,False,-118.0,-59.0,-59.0,0.0,False,CONTROL_OR_NO_SINGLE_SURVIVOR,,,,,3.0,
2183,2025-08-08 09:30,DISCOVERY_AUGUST,VALIDATED_SOURCE,NY,2,FIXED_65_ARM_3R,FIXED,4,-118.0,-59.0,-59.0,SELL,BUY,False,-118.0,-59.0,-59.0,0.0,False,CONTROL_OR_NO_SINGLE_SURVIVOR,,,,,3.0,
2183,2025-08-08 09:30,DISCOVERY_AUGUST,VALIDATED_SOURCE,NY,2,FIXED_75_ARM_3R,FIXED,0,-118.0,-59.0,-59.0,SELL,BUY,False,-118.0,-59.0,-59.0,0.0,False,CONTROL_OR_NO_SINGLE_SURVIVOR,,,,,3.0,
2183,2025-08-08 09:30,DISCOVERY_AUGUST,VALIDATED_SOURCE,NY,2,FIXED_75_ARM_3R,FIXED,1,-118.0,-59.0,-59.0,SELL,BUY,False,-118.0,-59.0,-59.0,0.0,False,CONTROL_OR_NO_SINGLE_SURVIVOR,,,,,3.0,
2183,2025-08-08 09:30,DISCOVERY_AUGUST,VALIDATED_SOURCE,NY,2,FIXED_75_ARM_3R,FIXED,2,-118.0,-59.0,-59.0,SELL,BUY,False,-118.0,-59.0,-59.0,0.0,False,CONTROL_OR_NO_SINGLE_SURVIVOR,,,,,3.0,
2183,2025-08-08 09:30,DISCOVERY_AUGUST,VALIDATED_SOURCE,NY,2,FIXED_75_ARM_3R,FIXED,4,-118.0,-59.0,-59.0,SELL,BUY,False,-118.0,-59.0,-59.0,0.0,False,CONTROL_OR_NO_SINGLE_SURVIVOR,,,,,3.0,
2183,2025-08-08 09:30,DISCOVERY_AUGUST,VALIDATED_SOURCE,NY,2,FIXED_85_ARM_3R,FIXED,0,-118.0,-59.0,-59.0,SELL,BUY,False,-118.0,-59.0,-59.0,0.0,False,CONTROL_OR_NO_SINGLE_SURVIVOR,,,,,3.0,
2183,2025-08-08 09:30,DISCOVERY_AUGUST,VALIDATED_SOURCE,NY,2,FIXED_85_ARM_3R,FIXED,1,-118.0,-59.0,-59.0,SELL,BUY,False,-118.0,-59.0,-59.0,0.0,False,CONTROL_OR_NO_SINGLE_SURVIVOR,,,,,3.0,
2183,2025-08-08 09:30,DISCOVERY_AUGUST,VALIDATED_SOURCE,NY,2,FIXED_85_ARM_3R,FIXED,2,-118.0,-59.0,-59.0,SELL,BUY,False,-118.0,-59.0,-59.0,0.0,False,CONTROL_OR_NO_SINGLE_SURVIVOR,,,,,3.0,
2183,2025-08-08 09:30,DISCOVERY_AUGUST,VALIDATED_SOURCE,NY,2,FIXED_85_ARM_3R,FIXED,4,-118.0,-59.0,-59.0,SELL,BUY,False,-118.0,-59.0,-59.0,0.0,False,CONTROL_OR_NO_SINGLE_SURVIVOR,,,,,3.0,
2183,2025-08-08 09:30,DISCOVERY_AUGUST,VALIDATED_SOURCE,NY,2,FIXED_50_ARM_4R,FIXED,0,-118.0,-59.0,-59.0,SELL,BUY,False,-118.0,-59.0,-59.0,0.0,False,CONTROL_OR_NO_SINGLE_SURVIVOR,,,,,4.0,
2183,2025-08-08 09:30,DISCOVERY_AUGUST,VALIDATED_SOURCE,NY,2,FIXED_50_ARM_4R,FIXED,1,-118.0,-59.0,-59.0,SELL,BUY,False,-118.0,-59.0,-59.0,0.0,False,CONTROL_OR_NO_SINGLE_SURVIVOR,,,,,4.0,
2183,2025-08-08 09:30,DISCOVERY_AUGUST,VALIDATED_SOURCE,NY,2,FIXED_50_ARM_4R,FIXED,2,-118.0,-59.0,-59.0,SELL,BUY,False,-118.0,-59.0,-59.0,0.0,False,CONTROL_OR_NO_SINGLE_SURVIVOR,,,,,4.0,
2183,2025-08-08 09:30,DISCOVERY_AUGUST,VALIDATED_SOURCE,NY,2,FIXED_50_ARM_4R,FIXED,4,-118.0,-59.0,-59.0,SELL,BUY,False,-118.0,-59.0,-59.0,0.0,False,CONTROL_OR_NO_SINGLE_SURVIVOR,,,,,4.0,
2183,2025-08-08 09:30,DISCOVERY_AUGUST,VALIDATED_SOURCE,NY,2,FIXED_65_ARM_4R,FIXED,0,-118.0,-59.0,-59.0,SELL,BUY,False,-118.0,-59.0,-59.0,0.0,False,CONTROL_OR_NO_SINGLE_SURVIVOR,,,,,4.0,
2183,2025-08-08 09:30,DISCOVERY_AUGUST,VALIDATED_SOURCE,NY,2,FIXED_65_ARM_4R,FIXED,1,-118.0,-59.0,-59.0,SELL,BUY,False,-118.0,-59.0,-59.0,0.0,False,CONTROL_OR_NO_SINGLE_SURVIVOR,,,,,4.0,
2183,2025-08-08 09:30,DISCOVERY_AUGUST,VALIDATED_SOURCE,NY,2,FIXED_65_ARM_4R,FIXED,2,-118.0,-59.0,-59.0,SELL,BUY,False,-118.0,-59.0,-59.0,0.0,False,CONTROL_OR_NO_SINGLE_SURVIVOR,,,,,4.0,
2183,2025-08-08 09:30,DISCOVERY_AUGUST,VALIDATED_SOURCE,NY,2,FIXED_65_ARM_4R,FIXED,4,-118.0,-59.0,-59.0,SELL,BUY,False,-118.0,-59.0,-59.0,0.0,False,CONTROL_OR_NO_SINGLE_SURVIVOR,,,,,4.0,
2183,2025-08-08 09:30,DISCOVERY_AUGUST,VALIDATED_SOURCE,NY,2,FIXED_75_ARM_4R,FIXED,0,-118.0,-59.0,-59.0,SELL,BUY,False,-118.0,-59.0,-59.0,0.0,False,CONTROL_OR_NO_SINGLE_SURVIVOR,,,,,4.0,
2183,2025-08-08 09:30,DISCOVERY_AUGUST,VALIDATED_SOURCE,NY,2,FIXED_75_ARM_4R,FIXED,1,-118.0,-59.0,-59.0,SELL,BUY,False,-118.0,-59.0,-59.0,0.0,False,CONTROL_OR_NO_SINGLE_SURVIVOR,,,,,4.0,
2183,2025-08-08 09:30,DISCOVERY_AUGUST,VALIDATED_SOURCE,NY,2,FIXED_75_ARM_4R,FIXED,2,-118.0,-59.0,-59.0,SELL,BUY,False,-118.0,-59.0,-59.0,0.0,False,CONTROL_OR_NO_SINGLE_SURVIVOR,,,,,4.0,
2183,2025-08-08 09:30,DISCOVERY_AUGUST,VALIDATED_SOURCE,NY,2,FIXED_75_ARM_4R,FIXED,4,-118.0,-59.0,-59.0,SELL,BUY,False,-118.0,-59.0,-59.0,0.0,False,CONTROL_OR_NO_SINGLE_SURVIVOR,,,,,4.0,
2183,2025-08-08 09:30,DISCOVERY_AUGUST,VALIDATED_SOURCE,NY,2,FIXED_85_ARM_4R,FIXED,0,-118.0,-59.0,-59.0,SELL,BUY,False,-118.0,-59.0,-59.0,0.0,False,CONTROL_OR_NO_SINGLE_SURVIVOR,,,,,4.0,
2183,2025-08-08 09:30,DISCOVERY_AUGUST,VALIDATED_SOURCE,NY,2,FIXED_85_ARM_4R,FIXED,1,-118.0,-59.0,-59.0,SELL,BUY,False,-118.0,-59.0,-59.0,0.0,False,CONTROL_OR_NO_SINGLE_SURVIVOR,,,,,4.0,
2183,2025-08-08 09:30,DISCOVERY_AUGUST,VALIDATED_SOURCE,NY,2,FIXED_85_ARM_4R,FIXED,2,-118.0,-59.0,-59.0,SELL,BUY,False,-118.0,-59.0,-59.0,0.0,False,CONTROL_OR_NO_SINGLE_SURVIVOR,,,,,4.0,
2183,2025-08-08 09:30,DISCOVERY_AUGUST,VALIDATED_SOURCE,NY,2,FIXED_85_ARM_4R,FIXED,4,-118.0,-59.0,-59.0,SELL,BUY,False,-118.0,-59.0,-59.0,0.0,False,CONTROL_OR_NO_SINGLE_SURVIVOR,,,,,4.0,
2183,2025-08-08 09:30,DISCOVERY_AUGUST,VALIDATED_SOURCE,NY,2,FIXED_50_ARM_5R,FIXED,0,-118.0,-59.0,-59.0,SELL,BUY,False,-118.0,-59.0,-59.0,0.0,False,CONTROL_OR_NO_SINGLE_SURVIVOR,,,,,5.0,
2183,2025-08-08 09:30,DISCOVERY_AUGUST,VALIDATED_SOURCE,NY,2,FIXED_50_ARM_5R,FIXED,1,-118.0,-59.0,-59.0,SELL,BUY,False,-118.0,-59.0,-59.0,0.0,False,CONTROL_OR_NO_SINGLE_SURVIVOR,,,,,5.0,
2183,2025-08-08 09:30,DISCOVERY_AUGUST,VALIDATED_SOURCE,NY,2,FIXED_50_ARM_5R,FIXED,2,-118.0,-59.0,-59.0,SELL,BUY,False,-118.0,-59.0,-59.0,0.0,False,CONTROL_OR_NO_SINGLE_SURVIVOR,,,,,5.0,
2183,2025-08-08 09:30,DISCOVERY_AUGUST,VALIDATED_SOURCE,NY,2,FIXED_50_ARM_5R,FIXED,4,-118.0,-59.0,-59.0,SELL,BUY,False,-118.0,-59.0,-59.0,0.0,False,CONTROL_OR_NO_SINGLE_SURVIVOR,,,,,5.0,
2183,2025-08-08 09:30,DISCOVERY_AUGUST,VALIDATED_SOURCE,NY,2,FIXED_65_ARM_5R,FIXED,0,-118.0,-59.0,-59.0,SELL,BUY,False,-118.0,-59.0,-59.0,0.0,False,CONTROL_OR_NO_SINGLE_SURVIVOR,,,,,5.0,
2183,2025-08-08 09:30,DISCOVERY_AUGUST,VALIDATED_SOURCE,NY,2,FIXED_65_ARM_5R,FIXED,1,-118.0,-59.0,-59.0,SELL,BUY,False,-118.0,-59.0,-59.0,0.0,False,CONTROL_OR_NO_SINGLE_SURVIVOR,,,,,5.0,
2183,2025-08-08 09:30,DISCOVERY_AUGUST,VALIDATED_SOURCE,NY,2,FIXED_65_ARM_5R,FIXED,2,-118.0,-59.0,-59.0,SELL,BUY,False,-118.0,-59.0,-59.0,0.0,False,CONTROL_OR_NO_SINGLE_SURVIVOR,,,,,5.0,
2183,2025-08-08 09:30,DISCOVERY_AUGUST,VALIDATED_SOURCE,NY,2,FIXED_65_ARM_5R,FIXED,4,-118.0,-59.0,-59.0,SELL,BUY,False,-118.0,-59.0,-59.0,0.0,False,CONTROL_OR_NO_SINGLE_SURVIVOR,,,,,5.0,
2183,2025-08-08 09:30,DISCOVERY_AUGUST,VALIDATED_SOURCE,NY,2,FIXED_75_ARM_5R,FIXED,0,-118.0,-59.0,-59.0,SELL,BUY,False,-118.0,-59.0,-59.0,0.0,False,CONTROL_OR_NO_SINGLE_SURVIVOR,,,,,5.0,
2183,2025-08-08 09:30,DISCOVERY_AUGUST,VALIDATED_SOURCE,NY,2,FIXED_75_ARM_5R,FIXED,1,-118.0,-59.0,-59.0,SELL,BUY,False,-118.0,-59.0,-59.0,0.0,False,CONTROL_OR_NO_SINGLE_SURVIVOR,,,,,5.0,
2183,2025-08-08 09:30,DISCOVERY_AUGUST,VALIDATED_SOURCE,NY,2,FIXED_75_ARM_5R,FIXED,2,-118.0,-59.0,-59.0,SELL,BUY,False,-118.0,-59.0,-59.0,0.0,False,CONTROL_OR_NO_SINGLE_SURVIVOR,,,,,5.0,
2183,2025-08-08 09:30,DISCOVERY_AUGUST,VALIDATED_SOURCE,NY,2,FIXED_75_ARM_5R,FIXED,4,-118.0,-59.0,-59.0,SELL,BUY,False,-118.0,-59.0,-59.0,0.0,False,CONTROL_OR_NO_SINGLE_SURVIVOR,,,,,5.0,
2183,2025-08-08 09:30,DISCOVERY_AUGUST,VALIDATED_SOURCE,NY,2,FIXED_85_ARM_5R,FIXED,0,-118.0,-59.0,-59.0,SELL,BUY,False,-118.0,-59.0,-59.0,0.0,False,CONTROL_OR_NO_SINGLE_SURVIVOR,,,,,5.0,
2183,2025-08-08 09:30,DISCOVERY_AUGUST,VALIDATED_SOURCE,NY,2,FIXED_85_ARM_5R,FIXED,1,-118.0,-59.0,-59.0,SELL,BUY,False,-118.0,-59.0,-59.0,0.0,False,CONTROL_OR_NO_SINGLE_SURVIVOR,,,,,5.0,
2183,2025-08-08 09:30,DISCOVERY_AUGUST,VALIDATED_SOURCE,NY,2,FIXED_85_ARM_5R,FIXED,2,-118.0,-59.0,-59.0,SELL,BUY,False,-118.0,-59.0,-59.0,0.0,False,CONTROL_OR_NO_SINGLE_SURVIVOR,,,,,5.0,
2183,2025-08-08 09:30,DISCOVERY_AUGUST,VALIDATED_SOURCE,NY,2,FIXED_85_ARM_5R,FIXED,4,-118.0,-59.0,-59.0,SELL,BUY,False,-118.0,-59.0,-59.0,0.0,False,CONTROL_OR_NO_SINGLE_SURVIVOR,,,,,5.0,
2183,2025-08-08 09:30,DISCOVERY_AUGUST,VALIDATED_SOURCE,NY,2,DYNAMIC_FAST_2R_4R_6R_8R,DYNAMIC,0,-118.0,-59.0,-59.0,SELL,BUY,False,-118.0,-59.0,-59.0,0.0,False,CONTROL_OR_NO_SINGLE_SURVIVOR,,,,,2.0,
2183,2025-08-08 09:30,DISCOVERY_AUGUST,VALIDATED_SOURCE,NY,2,DYNAMIC_FAST_2R_4R_6R_8R,DYNAMIC,1,-118.0,-59.0,-59.0,SELL,BUY,False,-118.0,-59.0,-59.0,0.0,False,CONTROL_OR_NO_SINGLE_SURVIVOR,,,,,2.0,
2183,2025-08-08 09:30,DISCOVERY_AUGUST,VALIDATED_SOURCE,NY,2,DYNAMIC_FAST_2R_4R_6R_8R,DYNAMIC,2,-118.0,-59.0,-59.0,SELL,BUY,False,-118.0,-59.0,-59.0,0.0,False,CONTROL_OR_NO_SINGLE_SURVIVOR,,,,,2.0,
2183,2025-08-08 09:30,DISCOVERY_AUGUST,VALIDATED_SOURCE,NY,2,DYNAMIC_FAST_2R_4R_6R_8R,DYNAMIC,4,-118.0,-59.0,-59.0,SELL,BUY,False,-118.0,-59.0,-59.0,0.0,False,CONTROL_OR_NO_SINGLE_SURVIVOR,,,,,2.0,
2183,2025-08-08 09:30,DISCOVERY_AUGUST,VALIDATED_SOURCE,NY,2,DYNAMIC_BALANCED_3R_5R_8R_12R,DYNAMIC,0,-118.0,-59.0,-59.0,SELL,BUY,False,-118.0,-59.0,-59.0,0.0,False,CONTROL_OR_NO_SINGLE_SURVIVOR,,,,,3.0,
2183,2025-08-08 09:30,DISCOVERY_AUGUST,VALIDATED_SOURCE,NY,2,DYNAMIC_BALANCED_3R_5R_8R_12R,DYNAMIC,1,-118.0,-59.0,-59.0,SELL,BUY,False,-118.0,-59.0,-59.0,0.0,False,CONTROL_OR_NO_SINGLE_SURVIVOR,,,,,3.0,
2183,2025-08-08 09:30,DISCOVERY_AUGUST,VALIDATED_SOURCE,NY,2,DYNAMIC_BALANCED_3R_5R_8R_12R,DYNAMIC,2,-118.0,-59.0,-59.0,SELL,BUY,False,-118.0,-59.0,-59.0,0.0,False,CONTROL_OR_NO_SINGLE_SURVIVOR,,,,,3.0,
2183,2025-08-08 09:30,DISCOVERY_AUGUST,VALIDATED_SOURCE,NY,2,DYNAMIC_BALANCED_3R_5R_8R_12R,DYNAMIC,4,-118.0,-59.0,-59.0,SELL,BUY,False,-118.0,-59.0,-59.0,0.0,False,CONTROL_OR_NO_SINGLE_SURVIVOR,,,,,3.0,
2183,2025-08-08 09:30,DISCOVERY_AUGUST,VALIDATED_SOURCE,NY,2,DYNAMIC_LOOSE_4R_7R_11R_16R,DYNAMIC,0,-118.0,-59.0,-59.0,SELL,BUY,False,-118.0,-59.0,-59.0,0.0,False,CONTROL_OR_NO_SINGLE_SURVIVOR,,,,,4.0,
2183,2025-08-08 09:30,DISCOVERY_AUGUST,VALIDATED_SOURCE,NY,2,DYNAMIC_LOOSE_4R_7R_11R_16R,DYNAMIC,1,-118.0,-59.0,-59.0,SELL,BUY,False,-118.0,-59.0,-59.0,0.0,False,CONTROL_OR_NO_SINGLE_SURVIVOR,,,,,4.0,
2183,2025-08-08 09:30,DISCOVERY_AUGUST,VALIDATED_SOURCE,NY,2,DYNAMIC_LOOSE_4R_7R_11R_16R,DYNAMIC,2,-118.0,-59.0,-59.0,SELL,BUY,False,-118.0,-59.0,-59.0,0.0,False,CONTROL_OR_NO_SINGLE_SURVIVOR,,,,,4.0,
2183,2025-08-08 09:30,DISCOVERY_AUGUST,VALIDATED_SOURCE,NY,2,DYNAMIC_LOOSE_4R_7R_11R_16R,DYNAMIC,4,-118.0,-59.0,-59.0,SELL,BUY,False,-118.0,-59.0,-59.0,0.0,False,CONTROL_OR_NO_SINGLE_SURVIVOR,,,,,4.0,
2183,2025-08-08 09:30,DISCOVERY_AUGUST,VALIDATED_SOURCE,NY,2,ADAPTIVE_VOL_ARM_3R,ADAPTIVE,0,-118.0,-59.0,-59.0,SELL,BUY,False,-118.0,-59.0,-59.0,0.0,False,CONTROL_OR_NO_SINGLE_SURVIVOR,,,,,3.0,
2183,2025-08-08 09:30,DISCOVERY_AUGUST,VALIDATED_SOURCE,NY,2,ADAPTIVE_VOL_ARM_3R,ADAPTIVE,1,-118.0,-59.0,-59.0,SELL,BUY,False,-118.0,-59.0,-59.0,0.0,False,CONTROL_OR_NO_SINGLE_SURVIVOR,,,,,3.0,
2183,2025-08-08 09:30,DISCOVERY_AUGUST,VALIDATED_SOURCE,NY,2,ADAPTIVE_VOL_ARM_3R,ADAPTIVE,2,-118.0,-59.0,-59.0,SELL,BUY,False,-118.0,-59.0,-59.0,0.0,False,CONTROL_OR_NO_SINGLE_SURVIVOR,,,,,3.0,
2183,2025-08-08 09:30,DISCOVERY_AUGUST,VALIDATED_SOURCE,NY,2,ADAPTIVE_VOL_ARM_3R,ADAPTIVE,4,-118.0,-59.0,-59.0,SELL,BUY,False,-118.0,-59.0,-59.0,0.0,False,CONTROL_OR_NO_SINGLE_SURVIVOR,,,,,3.0,
2183,2025-08-08 09:30,DISCOVERY_AUGUST,VALIDATED_SOURCE,NY,2,ADAPTIVE_VOL_ARM_4R,ADAPTIVE,0,-118.0,-59.0,-59.0,SELL,BUY,False,-118.0,-59.0,-59.0,0.0,False,CONTROL_OR_NO_SINGLE_SURVIVOR,,,,,4.0,
2183,2025-08-08 09:30,DISCOVERY_AUGUST,VALIDATED_SOURCE,NY,2,ADAPTIVE_VOL_ARM_4R,ADAPTIVE,1,-118.0,-59.0,-59.0,SELL,BUY,False,-118.0,-59.0,-59.0,0.0,False,CONTROL_OR_NO_SINGLE_SURVIVOR,,,,,4.0,
2183,2025-08-08 09:30,DISCOVERY_AUGUST,VALIDATED_SOURCE,NY,2,ADAPTIVE_VOL_ARM_4R,ADAPTIVE,2,-118.0,-59.0,-59.0,SELL,BUY,False,-118.0,-59.0,-59.0,0.0,False,CONTROL_OR_NO_SINGLE_SURVIVOR,,,,,4.0,
2183,2025-08-08 09:30,DISCOVERY_AUGUST,VALIDATED_SOURCE,NY,2,ADAPTIVE_VOL_ARM_4R,ADAPTIVE,4,-118.0,-59.0,-59.0,SELL,BUY,False,-118.0,-59.0,-59.0,0.0,False,CONTROL_OR_NO_SINGLE_SURVIVOR,,,,,4.0,
2184,2025-08-10 18:00,DISCOVERY_AUGUST,VALIDATED_SOURCE,WEEKLY,2,CONTROL_NO_PAIR_FLOOR,CONTROL,0,-118.0,-59.0,-59.0,SELL,BUY,False,-118.0,-59.0,-59.0,0.0,False,CONTROL_OR_NO_SINGLE_SURVIVOR,,,,,999.0,
2184,2025-08-10 18:00,DISCOVERY_AUGUST,VALIDATED_SOURCE,WEEKLY,2,CONTROL_NO_PAIR_FLOOR,CONTROL,1,-118.0,-59.0,-59.0,SELL,BUY,False,-118.0,-59.0,-59.0,0.0,False,CONTROL_OR_NO_SINGLE_SURVIVOR,,,,,999.0,
2184,2025-08-10 18:00,DISCOVERY_AUGUST,VALIDATED_SOURCE,WEEKLY,2,CONTROL_NO_PAIR_FLOOR,CONTROL,2,-118.0,-59.0,-59.0,SELL,BUY,False,-118.0,-59.0,-59.0,0.0,False,CONTROL_OR_NO_SINGLE_SURVIVOR,,,,,999.0,
2184,2025-08-10 18:00,DISCOVERY_AUGUST,VALIDATED_SOURCE,WEEKLY,2,CONTROL_NO_PAIR_FLOOR,CONTROL,4,-118.0,-59.0,-59.0,SELL,BUY,False,-118.0,-59.0,-59.0,0.0,False,CONTROL_OR_NO_SINGLE_SURVIVOR,,,,,999.0,
2184,2025-08-10 18:00,DISCOVERY_AUGUST,VALIDATED_SOURCE,WEEKLY,2,FIXED_50_ARM_2R,FIXED,0,-118.0,-59.0,-59.0,SELL,BUY,False,-118.0,-59.0,-59.0,0.0,False,CONTROL_OR_NO_SINGLE_SURVIVOR,,,,,2.0,
2184,2025-08-10 18:00,DISCOVERY_AUGUST,VALIDATED_SOURCE,WEEKLY,2,FIXED_50_ARM_2R,FIXED,1,-118.0,-59.0,-59.0,SELL,BUY,False,-118.0,-59.0,-59.0,0.0,False,CONTROL_OR_NO_SINGLE_SURVIVOR,,,,,2.0,
2184,2025-08-10 18:00,DISCOVERY_AUGUST,VALIDATED_SOURCE,WEEKLY,2,FIXED_50_ARM_2R,FIXED,2,-118.0,-59.0,-59.0,SELL,BUY,False,-118.0,-59.0,-59.0,0.0,False,CONTROL_OR_NO_SINGLE_SURVIVOR,,,,,2.0,
2184,2025-08-10 18:00,DISCOVERY_AUGUST,VALIDATED_SOURCE,WEEKLY,2,FIXED_50_ARM_2R,FIXED,4,-118.0,-59.0,-59.0,SELL,BUY,False,-118.0,-59.0,-59.0,0.0,False,CONTROL_OR_NO_SINGLE_SURVIVOR,,,,,2.0,
2184,2025-08-10 18:00,DISCOVERY_AUGUST,VALIDATED_SOURCE,WEEKLY,2,FIXED_65_ARM_2R,FIXED,0,-118.0,-59.0,-59.0,SELL,BUY,False,-118.0,-59.0,-59.0,0.0,False,CONTROL_OR_NO_SINGLE_SURVIVOR,,,,,2.0,
2184,2025-08-10 18:00,DISCOVERY_AUGUST,VALIDATED_SOURCE,WEEKLY,2,FIXED_65_ARM_2R,FIXED,1,-118.0,-59.0,-59.0,SELL,BUY,False,-118.0,-59.0,-59.0,0.0,False,CONTROL_OR_NO_SINGLE_SURVIVOR,,,,,2.0,
2184,2025-08-10 18:00,DISCOVERY_AUGUST,VALIDATED_SOURCE,WEEKLY,2,FIXED_65_ARM_2R,FIXED,2,-118.0,-59.0,-59.0,SELL,BUY,False,-118.0,-59.0,-59.0,0.0,False,CONTROL_OR_NO_SINGLE_SURVIVOR,,,,,2.0,
2184,2025-08-10 18:00,DISCOVERY_AUGUST,VALIDATED_SOURCE,WEEKLY,2,FIXED_65_ARM_2R,FIXED,4,-118.0,-59.0,-59.0,SELL,BUY,False,-118.0,-59.0,-59.0,0.0,False,CONTROL_OR_NO_SINGLE_SURVIVOR,,,,,2.0,
2184,2025-08-10 18:00,DISCOVERY_AUGUST,VALIDATED_SOURCE,WEEKLY,2,FIXED_75_ARM_2R,FIXED,0,-118.0,-59.0,-59.0,SELL,BUY,False,-118.0,-59.0,-59.0,0.0,False,CONTROL_OR_NO_SINGLE_SURVIVOR,,,,,2.0,
2184,2025-08-10 18:00,DISCOVERY_AUGUST,VALIDATED_SOURCE,WEEKLY,2,FIXED_75_ARM_2R,FIXED,1,-118.0,-59.0,-59.0,SELL,BUY,False,-118.0,-59.0,-59.0,0.0,False,CONTROL_OR_NO_SINGLE_SURVIVOR,,,,,2.0,
2184,2025-08-10 18:00,DISCOVERY_AUGUST,VALIDATED_SOURCE,WEEKLY,2,FIXED_75_ARM_2R,FIXED,2,-118.0,-59.0,-59.0,SELL,BUY,False,-118.0,-59.0,-59.0,0.0,False,CONTROL_OR_NO_SINGLE_SURVIVOR,,,,,2.0,
2184,2025-08-10 18:00,DISCOVERY_AUGUST,VALIDATED_SOURCE,WEEKLY,2,FIXED_75_ARM_2R,FIXED,4,-118.0,-59.0,-59.0,SELL,BUY,False,-118.0,-59.0,-59.0,0.0,False,CONTROL_OR_NO_SINGLE_SURVIVOR,,,,,2.0,
2184,2025-08-10 18:00,DISCOVERY_AUGUST,VALIDATED_SOURCE,WEEKLY,2,FIXED_85_ARM_2R,FIXED,0,-118.0,-59.0,-59.0,SELL,BUY,False,-118.0,-59.0,-59.0,0.0,False,CONTROL_OR_NO_SINGLE_SURVIVOR,,,,,2.0,
2184,2025-08-10 18:00,DISCOVERY_AUGUST,VALIDATED_SOURCE,WEEKLY,2,FIXED_85_ARM_2R,FIXED,1,-118.0,-59.0,-59.0,SELL,BUY,False,-118.0,-59.0,-59.0,0.0,False,CONTROL_OR_NO_SINGLE_SURVIVOR,,,,,2.0,
2184,2025-08-10 18:00,DISCOVERY_AUGUST,VALIDATED_SOURCE,WEEKLY,2,FIXED_85_ARM_2R,FIXED,2,-118.0,-59.0,-59.0,SELL,BUY,False,-118.0,-59.0,-59.0,0.0,False,CONTROL_OR_NO_SINGLE_SURVIVOR,,,,,2.0,
2184,2025-08-10 18:00,DISCOVERY_AUGUST,VALIDATED_SOURCE,WEEKLY,2,FIXED_85_ARM_2R,FIXED,4,-118.0,-59.0,-59.0,SELL,BUY,False,-118.0,-59.0,-59.0,0.0,False,CONTROL_OR_NO_SINGLE_SURVIVOR,,,,,2.0,
2184,2025-08-10 18:00,DISCOVERY_AUGUST,VALIDATED_SOURCE,WEEKLY,2,FIXED_50_ARM_3R,FIXED,0,-118.0,-59.0,-59.0,SELL,BUY,False,-118.0,-59.0,-59.0,0.0,False,CONTROL_OR_NO_SINGLE_SURVIVOR,,,,,3.0,
2184,2025-08-10 18:00,DISCOVERY_AUGUST,VALIDATED_SOURCE,WEEKLY,2,FIXED_50_ARM_3R,FIXED,1,-118.0,-59.0,-59.0,SELL,BUY,False,-118.0,-59.0,-59.0,0.0,False,CONTROL_OR_NO_SINGLE_SURVIVOR,,,,,3.0,
2184,2025-08-10 18:00,DISCOVERY_AUGUST,VALIDATED_SOURCE,WEEKLY,2,FIXED_50_ARM_3R,FIXED,2,-118.0,-59.0,-59.0,SELL,BUY,False,-118.0,-59.0,-59.0,0.0,False,CONTROL_OR_NO_SINGLE_SURVIVOR,,,,,3.0,
2184,2025-08-10 18:00,DISCOVERY_AUGUST,VALIDATED_SOURCE,WEEKLY,2,FIXED_50_ARM_3R,FIXED,4,-118.0,-59.0,-59.0,SELL,BUY,False,-118.0,-59.0,-59.0,0.0,False,CONTROL_OR_NO_SINGLE_SURVIVOR,,,,,3.0,
2184,2025-08-10 18:00,DISCOVERY_AUGUST,VALIDATED_SOURCE,WEEKLY,2,FIXED_65_ARM_3R,FIXED,0,-118.0,-59.0,-59.0,SELL,BUY,False,-118.0,-59.0,-59.0,0.0,False,CONTROL_OR_NO_SINGLE_SURVIVOR,,,,,3.0,
2184,2025-08-10 18:00,DISCOVERY_AUGUST,VALIDATED_SOURCE,WEEKLY,2,FIXED_65_ARM_3R,FIXED,1,-118.0,-59.0,-59.0,SELL,BUY,False,-118.0,-59.0,-59.0,0.0,False,CONTROL_OR_NO_SINGLE_SURVIVOR,,,,,3.0,
2184,2025-08-10 18:00,DISCOVERY_AUGUST,VALIDATED_SOURCE,WEEKLY,2,FIXED_65_ARM_3R,FIXED,2,-118.0,-59.0,-59.0,SELL,BUY,False,-118.0,-59.0,-59.0,0.0,False,CONTROL_OR_NO_SINGLE_SURVIVOR,,,,,3.0,
2184,2025-08-10 18:00,DISCOVERY_AUGUST,VALIDATED_SOURCE,WEEKLY,2,FIXED_65_ARM_3R,FIXED,4,-118.0,-59.0,-59.0,SELL,BUY,False,-118.0,-59.0,-59.0,0.0,False,CONTROL_OR_NO_SINGLE_SURVIVOR,,,,,3.0,
2184,2025-08-10 18:00,DISCOVERY_AUGUST,VALIDATED_SOURCE,WEEKLY,2,FIXED_75_ARM_3R,FIXED,0,-118.0,-59.0,-59.0,SELL,BUY,False,-118.0,-59.0,-59.0,0.0,False,CONTROL_OR_NO_SINGLE_SURVIVOR,,,,,3.0,
2184,2025-08-10 18:00,DISCOVERY_AUGUST,VALIDATED_SOURCE,WEEKLY,2,FIXED_75_ARM_3R,FIXED,1,-118.0,-59.0,-59.0,SELL,BUY,False,-118.0,-59.0,-59.0,0.0,False,CONTROL_OR_NO_SINGLE_SURVIVOR,,,,,3.0,
2184,2025-08-10 18:00,DISCOVERY_AUGUST,VALIDATED_SOURCE,WEEKLY,2,FIXED_75_ARM_3R,FIXED,2,-118.0,-59.0,-59.0,SELL,BUY,False,-118.0,-59.0,-59.0,0.0,False,CONTROL_OR_NO_SINGLE_SURVIVOR,,,,,3.0,
2184,2025-08-10 18:00,DISCOVERY_AUGUST,VALIDATED_SOURCE,WEEKLY,2,FIXED_75_ARM_3R,FIXED,4,-118.0,-59.0,-59.0,SELL,BUY,False,-118.0,-59.0,-59.0,0.0,False,CONTROL_OR_NO_SINGLE_SURVIVOR,,,,,3.0,
2184,2025-08-10 18:00,DISCOVERY_AUGUST,VALIDATED_SOURCE,WEEKLY,2,FIXED_85_ARM_3R,FIXED,0,-118.0,-59.0,-59.0,SELL,BUY,False,-118.0,-59.0,-59.0,0.0,False,CONTROL_OR_NO_SINGLE_SURVIVOR,,,,,3.0,
2184,2025-08-10 18:00,DISCOVERY_AUGUST,VALIDATED_SOURCE,WEEKLY,2,FIXED_85_ARM_3R,FIXED,1,-118.0,-59.0,-59.0,SELL,BUY,False,-118.0,-59.0,-59.0,0.0,False,CONTROL_OR_NO_SINGLE_SURVIVOR,,,,,3.0,
2184,2025-08-10 18:00,DISCOVERY_AUGUST,VALIDATED_SOURCE,WEEKLY,2,FIXED_85_ARM_3R,FIXED,2,-118.0,-59.0,-59.0,SELL,BUY,False,-118.0,-59.0,-59.0,0.0,False,CONTROL_OR_NO_SINGLE_SURVIVOR,,,,,3.0,
2184,2025-08-10 18:00,DISCOVERY_AUGUST,VALIDATED_SOURCE,WEEKLY,2,FIXED_85_ARM_3R,FIXED,4,-118.0,-59.0,-59.0,SELL,BUY,False,-118.0,-59.0,-59.0,0.0,False,CONTROL_OR_NO_SINGLE_SURVIVOR,,,,,3.0,
2184,2025-08-10 18:00,DISCOVERY_AUGUST,VALIDATED_SOURCE,WEEKLY,2,FIXED_50_ARM_4R,FIXED,0,-118.0,-59.0,-59.0,SELL,BUY,False,-118.0,-59.0,-59.0,0.0,False,CONTROL_OR_NO_SINGLE_SURVIVOR,,,,,4.0,
2184,2025-08-10 18:00,DISCOVERY_AUGUST,VALIDATED_SOURCE,WEEKLY,2,FIXED_50_ARM_4R,FIXED,1,-118.0,-59.0,-59.0,SELL,BUY,False,-118.0,-59.0,-59.0,0.0,False,CONTROL_OR_NO_SINGLE_SURVIVOR,,,,,4.0,
2184,2025-08-10 18:00,DISCOVERY_AUGUST,VALIDATED_SOURCE,WEEKLY,2,FIXED_50_ARM_4R,FIXED,2,-118.0,-59.0,-59.0,SELL,BUY,False,-118.0,-59.0,-59.0,0.0,False,CONTROL_OR_NO_SINGLE_SURVIVOR,,,,,4.0,
2184,2025-08-10 18:00,DISCOVERY_AUGUST,VALIDATED_SOURCE,WEEKLY,2,FIXED_50_ARM_4R,FIXED,4,-118.0,-59.0,-59.0,SELL,BUY,False,-118.0,-59.0,-59.0,0.0,False,CONTROL_OR_NO_SINGLE_SURVIVOR,,,,,4.0,
2184,2025-08-10 18:00,DISCOVERY_AUGUST,VALIDATED_SOURCE,WEEKLY,2,FIXED_65_ARM_4R,FIXED,0,-118.0,-59.0,-59.0,SELL,BUY,False,-118.0,-59.0,-59.0,0.0,False,CONTROL_OR_NO_SINGLE_SURVIVOR,,,,,4.0,
2184,2025-08-10 18:00,DISCOVERY_AUGUST,VALIDATED_SOURCE,WEEKLY,2,FIXED_65_ARM_4R,FIXED,1,-118.0,-59.0,-59.0,SELL,BUY,False,-118.0,-59.0,-59.0,0.0,False,CONTROL_OR_NO_SINGLE_SURVIVOR,,,,,4.0,
2184,2025-08-10 18:00,DISCOVERY_AUGUST,VALIDATED_SOURCE,WEEKLY,2,FIXED_65_ARM_4R,FIXED,2,-118.0,-59.0,-59.0,SELL,BUY,False,-118.0,-59.0,-59.0,0.0,False,CONTROL_OR_NO_SINGLE_SURVIVOR,,,,,4.0,
2184,2025-08-10 18:00,DISCOVERY_AUGUST,VALIDATED_SOURCE,WEEKLY,2,FIXED_65_ARM_4R,FIXED,4,-118.0,-59.0,-59.0,SELL,BUY,False,-118.0,-59.0,-59.0,0.0,False,CONTROL_OR_NO_SINGLE_SURVIVOR,,,,,4.0,
2184,2025-08-10 18:00,DISCOVERY_AUGUST,VALIDATED_SOURCE,WEEKLY,2,FIXED_75_ARM_4R,FIXED,0,-118.0,-59.0,-59.0,SELL,BUY,False,-118.0,-59.0,-59.0,0.0,False,CONTROL_OR_NO_SINGLE_SURVIVOR,,,,,4.0,
2184,2025-08-10 18:00,DISCOVERY_AUGUST,VALIDATED_SOURCE,WEEKLY,2,FIXED_75_ARM_4R,FIXED,1,-118.0,-59.0,-59.0,SELL,BUY,False,-118.0,-59.0,-59.0,0.0,False,CONTROL_OR_NO_SINGLE_SURVIVOR,,,,,4.0,
2184,2025-08-10 18:00,DISCOVERY_AUGUST,VALIDATED_SOURCE,WEEKLY,2,FIXED_75_ARM_4R,FIXED,2,-118.0,-59.0,-59.0,SELL,BUY,False,-118.0,-59.0,-59.0,0.0,False,CONTROL_OR_NO_SINGLE_SURVIVOR,,,,,4.0,
2184,2025-08-10 18:00,DISCOVERY_AUGUST,VALIDATED_SOURCE,WEEKLY,2,FIXED_75_ARM_4R,FIXED,4,-118.0,-59.0,-59.0,SELL,BUY,False,-118.0,-59.0,-59.0,0.0,False,CONTROL_OR_NO_SINGLE_SURVIVOR,,,,,4.0,
2184,2025-08-10 18:00,DISCOVERY_AUGUST,VALIDATED_SOURCE,WEEKLY,2,FIXED_85_ARM_4R,FIXED,0,-118.0,-59.0,-59.0,SELL,BUY,False,-118.0,-59.0,-59.0,0.0,False,CONTROL_OR_NO_SINGLE_SURVIVOR,,,,,4.0,
2184,2025-08-10 18:00,DISCOVERY_AUGUST,VALIDATED_SOURCE,WEEKLY,2,FIXED_85_ARM_4R,FIXED,1,-118.0,-59.0,-59.0,SELL,BUY,False,-118.0,-59.0,-59.0,0.0,False,CONTROL_OR_NO_SINGLE_SURVIVOR,,,,,4.0,
2184,2025-08-10 18:00,DISCOVERY_AUGUST,VALIDATED_SOURCE,WEEKLY,2,FIXED_85_ARM_4R,FIXED,2,-118.0,-59.0,-59.0,SELL,BUY,False,-118.0,-59.0,-59.0,0.0,False,CONTROL_OR_NO_SINGLE_SURVIVOR,,,,,4.0,
2184,2025-08-10 18:00,DISCOVERY_AUGUST,VALIDATED_SOURCE,WEEKLY,2,FIXED_85_ARM_4R,FIXED,4,-118.0,-59.0,-59.0,SELL,BUY,False,-118.0,-59.0,-59.0,0.0,False,CONTROL_OR_NO_SINGLE_SURVIVOR,,,,,4.0,
2184,2025-08-10 18:00,DISCOVERY_AUGUST,VALIDATED_SOURCE,WEEKLY,2,FIXED_50_ARM_5R,FIXED,0,-118.0,-59.0,-59.0,SELL,BUY,False,-118.0,-59.0,-59.0,0.0,False,CONTROL_OR_NO_SINGLE_SURVIVOR,,,,,5.0,
2184,2025-08-10 18:00,DISCOVERY_AUGUST,VALIDATED_SOURCE,WEEKLY,2,FIXED_50_ARM_5R,FIXED,1,-118.0,-59.0,-59.0,SELL,BUY,False,-118.0,-59.0,-59.0,0.0,False,CONTROL_OR_NO_SINGLE_SURVIVOR,,,,,5.0,
2184,2025-08-10 18:00,DISCOVERY_AUGUST,VALIDATED_SOURCE,WEEKLY,2,FIXED_50_ARM_5R,FIXED,2,-118.0,-59.0,-59.0,SELL,BUY,False,-118.0,-59.0,-59.0,0.0,False,CONTROL_OR_NO_SINGLE_SURVIVOR,,,,,5.0,
2184,2025-08-10 18:00,DISCOVERY_AUGUST,VALIDATED_SOURCE,WEEKLY,2,FIXED_50_ARM_5R,FIXED,4,-118.0,-59.0,-59.0,SELL,BUY,False,-118.0,-59.0,-59.0,0.0,False,CONTROL_OR_NO_SINGLE_SURVIVOR,,,,,5.0,
2184,2025-08-10 18:00,DISCOVERY_AUGUST,VALIDATED_SOURCE,WEEKLY,2,FIXED_65_ARM_5R,FIXED,0,-118.0,-59.0,-59.0,SELL,BUY,False,-118.0,-59.0,-59.0,0.0,False,CONTROL_OR_NO_SINGLE_SURVIVOR,,,,,5.0,
2184,2025-08-10 18:00,DISCOVERY_AUGUST,VALIDATED_SOURCE,WEEKLY,2,FIXED_65_ARM_5R,FIXED,1,-118.0,-59.0,-59.0,SELL,BUY,False,-118.0,-59.0,-59.0,0.0,False,CONTROL_OR_NO_SINGLE_SURVIVOR,,,,,5.0,
2184,2025-08-10 18:00,DISCOVERY_AUGUST,VALIDATED_SOURCE,WEEKLY,2,FIXED_65_ARM_5R,FIXED,2,-118.0,-59.0,-59.0,SELL,BUY,False,-118.0,-59.0,-59.0,0.0,False,CONTROL_OR_NO_SINGLE_SURVIVOR,,,,,5.0,
2184,2025-08-10 18:00,DISCOVERY_AUGUST,VALIDATED_SOURCE,WEEKLY,2,FIXED_65_ARM_5R,FIXED,4,-118.0,-59.0,-59.0,SELL,BUY,False,-118.0,-59.0,-59.0,0.0,False,CONTROL_OR_NO_SINGLE_SURVIVOR,,,,,5.0,
2184,2025-08-10 18:00,DISCOVERY_AUGUST,VALIDATED_SOURCE,WEEKLY,2,FIXED_75_ARM_5R,FIXED,0,-118.0,-59.0,-59.0,SELL,BUY,False,-118.0,-59.0,-59.0,0.0,False,CONTROL_OR_NO_SINGLE_SURVIVOR,,,,,5.0,
2184,2025-08-10 18:00,DISCOVERY_AUGUST,VALIDATED_SOURCE,WEEKLY,2,FIXED_75_ARM_5R,FIXED,1,-118.0,-59.0,-59.0,SELL,BUY,False,-118.0,-59.0,-59.0,0.0,False,CONTROL_OR_NO_SINGLE_SURVIVOR,,,,,5.0,
2184,2025-08-10 18:00,DISCOVERY_AUGUST,VALIDATED_SOURCE,WEEKLY,2,FIXED_75_ARM_5R,FIXED,2,-118.0,-59.0,-59.0,SELL,BUY,False,-118.0,-59.0,-59.0,0.0,False,CONTROL_OR_NO_SINGLE_SURVIVOR,,,,,5.0,
2184,2025-08-10 18:00,DISCOVERY_AUGUST,VALIDATED_SOURCE,WEEKLY,2,FIXED_75_ARM_5R,FIXED,4,-118.0,-59.0,-59.0,SELL,BUY,False,-118.0,-59.0,-59.0,0.0,False,CONTROL_OR_NO_SINGLE_SURVIVOR,,,,,5.0,
2184,2025-08-10 18:00,DISCOVERY_AUGUST,VALIDATED_SOURCE,WEEKLY,2,FIXED_85_ARM_5R,FIXED,0,-118.0,-59.0,-59.0,SELL,BUY,False,-118.0,-59.0,-59.0,0.0,False,CONTROL_OR_NO_SINGLE_SURVIVOR,,,,,5.0,
2184,2025-08-10 18:00,DISCOVERY_AUGUST,VALIDATED_SOURCE,WEEKLY,2,FIXED_85_ARM_5R,FIXED,1,-118.0,-59.0,-59.0,SELL,BUY,False,-118.0,-59.0,-59.0,0.0,False,CONTROL_OR_NO_SINGLE_SURVIVOR,,,,,5.0,
2184,2025-08-10 18:00,DISCOVERY_AUGUST,VALIDATED_SOURCE,WEEKLY,2,FIXED_85_ARM_5R,FIXED,2,-118.0,-59.0,-59.0,SELL,BUY,False,-118.0,-59.0,-59.0,0.0,False,CONTROL_OR_NO_SINGLE_SURVIVOR,,,,,5.0,
2184,2025-08-10 18:00,DISCOVERY_AUGUST,VALIDATED_SOURCE,WEEKLY,2,FIXED_85_ARM_5R,FIXED,4,-118.0,-59.0,-59.0,SELL,BUY,False,-118.0,-59.0,-59.0,0.0,False,CONTROL_OR_NO_SINGLE_SURVIVOR,,,,,5.0,
2184,2025-08-10 18:00,DISCOVERY_AUGUST,VALIDATED_SOURCE,WEEKLY,2,DYNAMIC_FAST_2R_4R_6R_8R,DYNAMIC,0,-118.0,-59.0,-59.0,SELL,BUY,False,-118.0,-59.0,-59.0,0.0,False,CONTROL_OR_NO_SINGLE_SURVIVOR,,,,,2.0,
2184,2025-08-10 18:00,DISCOVERY_AUGUST,VALIDATED_SOURCE,WEEKLY,2,DYNAMIC_FAST_2R_4R_6R_8R,DYNAMIC,1,-118.0,-59.0,-59.0,SELL,BUY,False,-118.0,-59.0,-59.0,0.0,False,CONTROL_OR_NO_SINGLE_SURVIVOR,,,,,2.0,
2184,2025-08-10 18:00,DISCOVERY_AUGUST,VALIDATED_SOURCE,WEEKLY,2,DYNAMIC_FAST_2R_4R_6R_8R,DYNAMIC,2,-118.0,-59.0,-59.0,SELL,BUY,False,-118.0,-59.0,-59.0,0.0,False,CONTROL_OR_NO_SINGLE_SURVIVOR,,,,,2.0,
2184,2025-08-10 18:00,DISCOVERY_AUGUST,VALIDATED_SOURCE,WEEKLY,2,DYNAMIC_FAST_2R_4R_6R_8R,DYNAMIC,4,-118.0,-59.0,-59.0,SELL,BUY,False,-118.0,-59.0,-59.0,0.0,False,CONTROL_OR_NO_SINGLE_SURVIVOR,,,,,2.0,
2184,2025-08-10 18:00,DISCOVERY_AUGUST,VALIDATED_SOURCE,WEEKLY,2,DYNAMIC_BALANCED_3R_5R_8R_12R,DYNAMIC,0,-118.0,-59.0,-59.0,SELL,BUY,False,-118.0,-59.0,-59.0,0.0,False,CONTROL_OR_NO_SINGLE_SURVIVOR,,,,,3.0,
2184,2025-08-10 18:00,DISCOVERY_AUGUST,VALIDATED_SOURCE,WEEKLY,2,DYNAMIC_BALANCED_3R_5R_8R_12R,DYNAMIC,1,-118.0,-59.0,-59.0,SELL,BUY,False,-118.0,-59.0,-59.0,0.0,False,CONTROL_OR_NO_SINGLE_SURVIVOR,,,,,3.0,
2184,2025-08-10 18:00,DISCOVERY_AUGUST,VALIDATED_SOURCE,WEEKLY,2,DYNAMIC_BALANCED_3R_5R_8R_12R,DYNAMIC,2,-118.0,-59.0,-59.0,SELL,BUY,False,-118.0,-59.0,-59.0,0.0,False,CONTROL_OR_NO_SINGLE_SURVIVOR,,,,,3.0,
2184,2025-08-10 18:00,DISCOVERY_AUGUST,VALIDATED_SOURCE,WEEKLY,2,DYNAMIC_BALANCED_3R_5R_8R_12R,DYNAMIC,4,-118.0,-59.0,-59.0,SELL,BUY,False,-118.0,-59.0,-59.0,0.0,False,CONTROL_OR_NO_SINGLE_SURVIVOR,,,,,3.0,
2184,2025-08-10 18:00,DISCOVERY_AUGUST,VALIDATED_SOURCE,WEEKLY,2,DYNAMIC_LOOSE_4R_7R_11R_16R,DYNAMIC,0,-118.0,-59.0,-59.0,SELL,BUY,False,-118.0,-59.0,-59.0,0.0,False,CONTROL_OR_NO_SINGLE_SURVIVOR,,,,,4.0,
2184,2025-08-10 18:00,DISCOVERY_AUGUST,VALIDATED_SOURCE,WEEKLY,2,DYNAMIC_LOOSE_4R_7R_11R_16R,DYNAMIC,1,-118.0,-59.0,-59.0,SELL,BUY,False,-118.0,-59.0,-59.0,0.0,False,CONTROL_OR_NO_SINGLE_SURVIVOR,,,,,4.0,
2184,2025-08-10 18:00,DISCOVERY_AUGUST,VALIDATED_SOURCE,WEEKLY,2,DYNAMIC_LOOSE_4R_7R_11R_16R,DYNAMIC,2,-118.0,-59.0,-59.0,SELL,BUY,False,-118.0,-59.0,-59.0,0.0,False,CONTROL_OR_NO_SINGLE_SURVIVOR,,,,,4.0,
2184,2025-08-10 18:00,DISCOVERY_AUGUST,VALIDATED_SOURCE,WEEKLY,2,DYNAMIC_LOOSE_4R_7R_11R_16R,DYNAMIC,4,-118.0,-59.0,-59.0,SELL,BUY,False,-118.0,-59.0,-59.0,0.0,False,CONTROL_OR_NO_SINGLE_SURVIVOR,,,,,4.0,
2184,2025-08-10 18:00,DISCOVERY_AUGUST,VALIDATED_SOURCE,WEEKLY,2,ADAPTIVE_VOL_ARM_3R,ADAPTIVE,0,-118.0,-59.0,-59.0,SELL,BUY,False,-118.0,-59.0,-59.0,0.0,False,CONTROL_OR_NO_SINGLE_SURVIVOR,,,,,3.0,
2184,2025-08-10 18:00,DISCOVERY_AUGUST,VALIDATED_SOURCE,WEEKLY,2,ADAPTIVE_VOL_ARM_3R,ADAPTIVE,1,-118.0,-59.0,-59.0,SELL,BUY,False,-118.0,-59.0,-59.0,0.0,False,CONTROL_OR_NO_SINGLE_SURVIVOR,,,,,3.0,
2184,2025-08-10 18:00,DISCOVERY_AUGUST,VALIDATED_SOURCE,WEEKLY,2,ADAPTIVE_VOL_ARM_3R,ADAPTIVE,2,-118.0,-59.0,-59.0,SELL,BUY,False,-118.0,-59.0,-59.0,0.0,False,CONTROL_OR_NO_SINGLE_SURVIVOR,,,,,3.0,
2184,2025-08-10 18:00,DISCOVERY_AUGUST,VALIDATED_SOURCE,WEEKLY,2,ADAPTIVE_VOL_ARM_3R,ADAPTIVE,4,-118.0,-59.0,-59.0,SELL,BUY,False,-118.0,-59.0,-59.0,0.0,False,CONTROL_OR_NO_SINGLE_SURVIVOR,,,,,3.0,
2184,2025-08-10 18:00,DISCOVERY_AUGUST,VALIDATED_SOURCE,WEEKLY,2,ADAPTIVE_VOL_ARM_4R,ADAPTIVE,0,-118.0,-59.0,-59.0,SELL,BUY,False,-118.0,-59.0,-59.0,0.0,False,CONTROL_OR_NO_SINGLE_SURVIVOR,,,,,4.0,
2184,2025-08-10 18:00,DISCOVERY_AUGUST,VALIDATED_SOURCE,WEEKLY,2,ADAPTIVE_VOL_ARM_4R,ADAPTIVE,1,-118.0,-59.0,-59.0,SELL,BUY,False,-118.0,-59.0,-59.0,0.0,False,CONTROL_OR_NO_SINGLE_SURVIVOR,,,,,4.0,
2184,2025-08-10 18:00,DISCOVERY_AUGUST,VALIDATED_SOURCE,WEEKLY,2,ADAPTIVE_VOL_ARM_4R,ADAPTIVE,2,-118.0,-59.0,-59.0,SELL,BUY,False,-118.0,-59.0,-59.0,0.0,False,CONTROL_OR_NO_SINGLE_SURVIVOR,,,,,4.0,
2184,2025-08-10 18:00,DISCOVERY_AUGUST,VALIDATED_SOURCE,WEEKLY,2,ADAPTIVE_VOL_ARM_4R,ADAPTIVE,4,-118.0,-59.0,-59.0,SELL,BUY,False,-118.0,-59.0,-59.0,0.0,False,CONTROL_OR_NO_SINGLE_SURVIVOR,,,,,4.0,
2185,2025-08-11 09:30,DISCOVERY_AUGUST,VALIDATED_SOURCE,NY,2,CONTROL_NO_PAIR_FLOOR,CONTROL,0,-118.0,-59.0,-59.0,SELL,BUY,False,-118.0,-59.0,-59.0,0.0,False,CONTROL_OR_NO_SINGLE_SURVIVOR,,,,,999.0,
2185,2025-08-11 09:30,DISCOVERY_AUGUST,VALIDATED_SOURCE,NY,2,CONTROL_NO_PAIR_FLOOR,CONTROL,1,-118.0,-59.0,-59.0,SELL,BUY,False,-118.0,-59.0,-59.0,0.0,False,CONTROL_OR_NO_SINGLE_SURVIVOR,,,,,999.0,
2185,2025-08-11 09:30,DISCOVERY_AUGUST,VALIDATED_SOURCE,NY,2,CONTROL_NO_PAIR_FLOOR,CONTROL,2,-118.0,-59.0,-59.0,SELL,BUY,False,-118.0,-59.0,-59.0,0.0,False,CONTROL_OR_NO_SINGLE_SURVIVOR,,,,,999.0,
2185,2025-08-11 09:30,DISCOVERY_AUGUST,VALIDATED_SOURCE,NY,2,CONTROL_NO_PAIR_FLOOR,CONTROL,4,-118.0,-59.0,-59.0,SELL,BUY,False,-118.0,-59.0,-59.0,0.0,False,CONTROL_OR_NO_SINGLE_SURVIVOR,,,,,999.0,
2185,2025-08-11 09:30,DISCOVERY_AUGUST,VALIDATED_SOURCE,NY,2,FIXED_50_ARM_2R,FIXED,0,-118.0,-59.0,-59.0,SELL,BUY,False,-118.0,-59.0,-59.0,0.0,False,CONTROL_OR_NO_SINGLE_SURVIVOR,,,,,2.0,
2185,2025-08-11 09:30,DISCOVERY_AUGUST,VALIDATED_SOURCE,NY,2,FIXED_50_ARM_2R,FIXED,1,-118.0,-59.0,-59.0,SELL,BUY,False,-118.0,-59.0,-59.0,0.0,False,CONTROL_OR_NO_SINGLE_SURVIVOR,,,,,2.0,
2185,2025-08-11 09:30,DISCOVERY_AUGUST,VALIDATED_SOURCE,NY,2,FIXED_50_ARM_2R,FIXED,2,-118.0,-59.0,-59.0,SELL,BUY,False,-118.0,-59.0,-59.0,0.0,False,CONTROL_OR_NO_SINGLE_SURVIVOR,,,,,2.0,
2185,2025-08-11 09:30,DISCOVERY_AUGUST,VALIDATED_SOURCE,NY,2,FIXED_50_ARM_2R,FIXED,4,-118.0,-59.0,-59.0,SELL,BUY,False,-118.0,-59.0,-59.0,0.0,False,CONTROL_OR_NO_SINGLE_SURVIVOR,,,,,2.0,
2185,2025-08-11 09:30,DISCOVERY_AUGUST,VALIDATED_SOURCE,NY,2,FIXED_65_ARM_2R,FIXED,0,-118.0,-59.0,-59.0,SELL,BUY,False,-118.0,-59.0,-59.0,0.0,False,CONTROL_OR_NO_SINGLE_SURVIVOR,,,,,2.0,
2185,2025-08-11 09:30,DISCOVERY_AUGUST,VALIDATED_SOURCE,NY,2,FIXED_65_ARM_2R,FIXED,1,-118.0,-59.0,-59.0,SELL,BUY,False,-118.0,-59.0,-59.0,0.0,False,CONTROL_OR_NO_SINGLE_SURVIVOR,,,,,2.0,
2185,2025-08-11 09:30,DISCOVERY_AUGUST,VALIDATED_SOURCE,NY,2,FIXED_65_ARM_2R,FIXED,2,-118.0,-59.0,-59.0,SELL,BUY,False,-118.0,-59.0,-59.0,0.0,False,CONTROL_OR_NO_SINGLE_SURVIVOR,,,,,2.0,
2185,2025-08-11 09:30,DISCOVERY_AUGUST,VALIDATED_SOURCE,NY,2,FIXED_65_ARM_2R,FIXED,4,-118.0,-59.0,-59.0,SELL,BUY,False,-118.0,-59.0,-59.0,0.0,False,CONTROL_OR_NO_SINGLE_SURVIVOR,,,,,2.0,
2185,2025-08-11 09:30,DISCOVERY_AUGUST,VALIDATED_SOURCE,NY,2,FIXED_75_ARM_2R,FIXED,0,-118.0,-59.0,-59.0,SELL,BUY,False,-118.0,-59.0,-59.0,0.0,False,CONTROL_OR_NO_SINGLE_SURVIVOR,,,,,2.0,
2185,2025-08-11 09:30,DISCOVERY_AUGUST,VALIDATED_SOURCE,NY,2,FIXED_75_ARM_2R,FIXED,1,-118.0,-59.0,-59.0,SELL,BUY,False,-118.0,-59.0,-59.0,0.0,False,CONTROL_OR_NO_SINGLE_SURVIVOR,,,,,2.0,
2185,2025-08-11 09:30,DISCOVERY_AUGUST,VALIDATED_SOURCE,NY,2,FIXED_75_ARM_2R,FIXED,2,-118.0,-59.0,-59.0,SELL,BUY,False,-118.0,-59.0,-59.0,0.0,False,CONTROL_OR_NO_SINGLE_SURVIVOR,,,,,2.0,
2185,2025-08-11 09:30,DISCOVERY_AUGUST,VALIDATED_SOURCE,NY,2,FIXED_75_ARM_2R,FIXED,4,-118.0,-59.0,-59.0,SELL,BUY,False,-118.0,-59.0,-59.0,0.0,False,CONTROL_OR_NO_SINGLE_SURVIVOR,,,,,2.0,
2185,2025-08-11 09:30,DISCOVERY_AUGUST,VALIDATED_SOURCE,NY,2,FIXED_85_ARM_2R,FIXED,0,-118.0,-59.0,-59.0,SELL,BUY,False,-118.0,-59.0,-59.0,0.0,False,CONTROL_OR_NO_SINGLE_SURVIVOR,,,,,2.0,
2185,2025-08-11 09:30,DISCOVERY_AUGUST,VALIDATED_SOURCE,NY,2,FIXED_85_ARM_2R,FIXED,1,-118.0,-59.0,-59.0,SELL,BUY,False,-118.0,-59.0,-59.0,0.0,False,CONTROL_OR_NO_SINGLE_SURVIVOR,,,,,2.0,
2185,2025-08-11 09:30,DISCOVERY_AUGUST,VALIDATED_SOURCE,NY,2,FIXED_85_ARM_2R,FIXED,2,-118.0,-59.0,-59.0,SELL,BUY,False,-118.0,-59.0,-59.0,0.0,False,CONTROL_OR_NO_SINGLE_SURVIVOR,,,,,2.0,
2185,2025-08-11 09:30,DISCOVERY_AUGUST,VALIDATED_SOURCE,NY,2,FIXED_85_ARM_2R,FIXED,4,-118.0,-59.0,-59.0,SELL,BUY,False,-118.0,-59.0,-59.0,0.0,False,CONTROL_OR_NO_SINGLE_SURVIVOR,,,,,2.0,
2185,2025-08-11 09:30,DISCOVERY_AUGUST,VALIDATED_SOURCE,NY,2,FIXED_50_ARM_3R,FIXED,0,-118.0,-59.0,-59.0,SELL,BUY,False,-118.0,-59.0,-59.0,0.0,False,CONTROL_OR_NO_SINGLE_SURVIVOR,,,,,3.0,
2185,2025-08-11 09:30,DISCOVERY_AUGUST,VALIDATED_SOURCE,NY,2,FIXED_50_ARM_3R,FIXED,1,-118.0,-59.0,-59.0,SELL,BUY,False,-118.0,-59.0,-59.0,0.0,False,CONTROL_OR_NO_SINGLE_SURVIVOR,,,,,3.0,
2185,2025-08-11 09:30,DISCOVERY_AUGUST,VALIDATED_SOURCE,NY,2,FIXED_50_ARM_3R,FIXED,2,-118.0,-59.0,-59.0,SELL,BUY,False,-118.0,-59.0,-59.0,0.0,False,CONTROL_OR_NO_SINGLE_SURVIVOR,,,,,3.0,
2185,2025-08-11 09:30,DISCOVERY_AUGUST,VALIDATED_SOURCE,NY,2,FIXED_50_ARM_3R,FIXED,4,-118.0,-59.0,-59.0,SELL,BUY,False,-118.0,-59.0,-59.0,0.0,False,CONTROL_OR_NO_SINGLE_SURVIVOR,,,,,3.0,
2185,2025-08-11 09:30,DISCOVERY_AUGUST,VALIDATED_SOURCE,NY,2,FIXED_65_ARM_3R,FIXED,0,-118.0,-59.0,-59.0,SELL,BUY,False,-118.0,-59.0,-59.0,0.0,False,CONTROL_OR_NO_SINGLE_SURVIVOR,,,,,3.0,
2185,2025-08-11 09:30,DISCOVERY_AUGUST,VALIDATED_SOURCE,NY,2,FIXED_65_ARM_3R,FIXED,1,-118.0,-59.0,-59.0,SELL,BUY,False,-118.0,-59.0,-59.0,0.0,False,CONTROL_OR_NO_SINGLE_SURVIVOR,,,,,3.0,
2185,2025-08-11 09:30,DISCOVERY_AUGUST,VALIDATED_SOURCE,NY,2,FIXED_65_ARM_3R,FIXED,2,-118.0,-59.0,-59.0,SELL,BUY,False,-118.0,-59.0,-59.0,0.0,False,CONTROL_OR_NO_SINGLE_SURVIVOR,,,,,3.0,
2185,2025-08-11 09:30,DISCOVERY_AUGUST,VALIDATED_SOURCE,NY,2,FIXED_65_ARM_3R,FIXED,4,-118.0,-59.0,-59.0,SELL,BUY,False,-118.0,-59.0,-59.0,0.0,False,CONTROL_OR_NO_SINGLE_SURVIVOR,,,,,3.0,
2185,2025-08-11 09:30,DISCOVERY_AUGUST,VALIDATED_SOURCE,NY,2,FIXED_75_ARM_3R,FIXED,0,-118.0,-59.0,-59.0,SELL,BUY,False,-118.0,-59.0,-59.0,0.0,False,CONTROL_OR_NO_SINGLE_SURVIVOR,,,,,3.0,
2185,2025-08-11 09:30,DISCOVERY_AUGUST,VALIDATED_SOURCE,NY,2,FIXED_75_ARM_3R,FIXED,1,-118.0,-59.0,-59.0,SELL,BUY,False,-118.0,-59.0,-59.0,0.0,False,CONTROL_OR_NO_SINGLE_SURVIVOR,,,,,3.0,
2185,2025-08-11 09:30,DISCOVERY_AUGUST,VALIDATED_SOURCE,NY,2,FIXED_75_ARM_3R,FIXED,2,-118.0,-59.0,-59.0,SELL,BUY,False,-118.0,-59.0,-59.0,0.0,False,CONTROL_OR_NO_SINGLE_SURVIVOR,,,,,3.0,
2185,2025-08-11 09:30,DISCOVERY_AUGUST,VALIDATED_SOURCE,NY,2,FIXED_75_ARM_3R,FIXED,4,-118.0,-59.0,-59.0,SELL,BUY,False,-118.0,-59.0,-59.0,0.0,False,CONTROL_OR_NO_SINGLE_SURVIVOR,,,,,3.0,
2185,2025-08-11 09:30,DISCOVERY_AUGUST,VALIDATED_SOURCE,NY,2,FIXED_85_ARM_3R,FIXED,0,-118.0,-59.0,-59.0,SELL,BUY,False,-118.0,-59.0,-59.0,0.0,False,CONTROL_OR_NO_SINGLE_SURVIVOR,,,,,3.0,
2185,2025-08-11 09:30,DISCOVERY_AUGUST,VALIDATED_SOURCE,NY,2,FIXED_85_ARM_3R,FIXED,1,-118.0,-59.0,-59.0,SELL,BUY,False,-118.0,-59.0,-59.0,0.0,False,CONTROL_OR_NO_SINGLE_SURVIVOR,,,,,3.0,
2185,2025-08-11 09:30,DISCOVERY_AUGUST,VALIDATED_SOURCE,NY,2,FIXED_85_ARM_3R,FIXED,2,-118.0,-59.0,-59.0,SELL,BUY,False,-118.0,-59.0,-59.0,0.0,False,CONTROL_OR_NO_SINGLE_SURVIVOR,,,,,3.0,
2185,2025-08-11 09:30,DISCOVERY_AUGUST,VALIDATED_SOURCE,NY,2,FIXED_85_ARM_3R,FIXED,4,-118.0,-59.0,-59.0,SELL,BUY,False,-118.0,-59.0,-59.0,0.0,False,CONTROL_OR_NO_SINGLE_SURVIVOR,,,,,3.0,
2185,2025-08-11 09:30,DISCOVERY_AUGUST,VALIDATED_SOURCE,NY,2,FIXED_50_ARM_4R,FIXED,0,-118.0,-59.0,-59.0,SELL,BUY,False,-118.0,-59.0,-59.0,0.0,False,CONTROL_OR_NO_SINGLE_SURVIVOR,,,,,4.0,
2185,2025-08-11 09:30,DISCOVERY_AUGUST,VALIDATED_SOURCE,NY,2,FIXED_50_ARM_4R,FIXED,1,-118.0,-59.0,-59.0,SELL,BUY,False,-118.0,-59.0,-59.0,0.0,False,CONTROL_OR_NO_SINGLE_SURVIVOR,,,,,4.0,
2185,2025-08-11 09:30,DISCOVERY_AUGUST,VALIDATED_SOURCE,NY,2,FIXED_50_ARM_4R,FIXED,2,-118.0,-59.0,-59.0,SELL,BUY,False,-118.0,-59.0,-59.0,0.0,False,CONTROL_OR_NO_SINGLE_SURVIVOR,,,,,4.0,
2185,2025-08-11 09:30,DISCOVERY_AUGUST,VALIDATED_SOURCE,NY,2,FIXED_50_ARM_4R,FIXED,4,-118.0,-59.0,-59.0,SELL,BUY,False,-118.0,-59.0,-59.0,0.0,False,CONTROL_OR_NO_SINGLE_SURVIVOR,,,,,4.0,
2185,2025-08-11 09:30,DISCOVERY_AUGUST,VALIDATED_SOURCE,NY,2,FIXED_65_ARM_4R,FIXED,0,-118.0,-59.0,-59.0,SELL,BUY,False,-118.0,-59.0,-59.0,0.0,False,CONTROL_OR_NO_SINGLE_SURVIVOR,,,,,4.0,
2185,2025-08-11 09:30,DISCOVERY_AUGUST,VALIDATED_SOURCE,NY,2,FIXED_65_ARM_4R,FIXED,1,-118.0,-59.0,-59.0,SELL,BUY,False,-118.0,-59.0,-59.0,0.0,False,CONTROL_OR_NO_SINGLE_SURVIVOR,,,,,4.0,
2185,2025-08-11 09:30,DISCOVERY_AUGUST,VALIDATED_SOURCE,NY,2,FIXED_65_ARM_4R,FIXED,2,-118.0,-59.0,-59.0,SELL,BUY,False,-118.0,-59.0,-59.0,0.0,False,CONTROL_OR_NO_SINGLE_SURVIVOR,,,,,4.0,
2185,2025-08-11 09:30,DISCOVERY_AUGUST,VALIDATED_SOURCE,NY,2,FIXED_65_ARM_4R,FIXED,4,-118.0,-59.0,-59.0,SELL,BUY,False,-118.0,-59.0,-59.0,0.0,False,CONTROL_OR_NO_SINGLE_SURVIVOR,,,,,4.0,
2185,2025-08-11 09:30,DISCOVERY_AUGUST,VALIDATED_SOURCE,NY,2,FIXED_75_ARM_4R,FIXED,0,-118.0,-59.0,-59.0,SELL,BUY,False,-118.0,-59.0,-59.0,0.0,False,CONTROL_OR_NO_SINGLE_SURVIVOR,,,,,4.0,
2185,2025-08-11 09:30,DISCOVERY_AUGUST,VALIDATED_SOURCE,NY,2,FIXED_75_ARM_4R,FIXED,1,-118.0,-59.0,-59.0,SELL,BUY,False,-118.0,-59.0,-59.0,0.0,False,CONTROL_OR_NO_SINGLE_SURVIVOR,,,,,4.0,
2185,2025-08-11 09:30,DISCOVERY_AUGUST,VALIDATED_SOURCE,NY,2,FIXED_75_ARM_4R,FIXED,2,-118.0,-59.0,-59.0,SELL,BUY,False,-118.0,-59.0,-59.0,0.0,False,CONTROL_OR_NO_SINGLE_SURVIVOR,,,,,4.0,
2185,2025-08-11 09:30,DISCOVERY_AUGUST,VALIDATED_SOURCE,NY,2,FIXED_75_ARM_4R,FIXED,4,-118.0,-59.0,-59.0,SELL,BUY,False,-118.0,-59.0,-59.0,0.0,False,CONTROL_OR_NO_SINGLE_SURVIVOR,,,,,4.0,
2185,2025-08-11 09:30,DISCOVERY_AUGUST,VALIDATED_SOURCE,NY,2,FIXED_85_ARM_4R,FIXED,0,-118.0,-59.0,-59.0,SELL,BUY,False,-118.0,-59.0,-59.0,0.0,False,CONTROL_OR_NO_SINGLE_SURVIVOR,,,,,4.0,
2185,2025-08-11 09:30,DISCOVERY_AUGUST,VALIDATED_SOURCE,NY,2,FIXED_85_ARM_4R,FIXED,1,-118.0,-59.0,-59.0,SELL,BUY,False,-118.0,-59.0,-59.0,0.0,False,CONTROL_OR_NO_SINGLE_SURVIVOR,,,,,4.0,
2185,2025-08-11 09:30,DISCOVERY_AUGUST,VALIDATED_SOURCE,NY,2,FIXED_85_ARM_4R,FIXED,2,-118.0,-59.0,-59.0,SELL,BUY,False,-118.0,-59.0,-59.0,0.0,False,CONTROL_OR_NO_SINGLE_SURVIVOR,,,,,4.0,
2185,2025-08-11 09:30,DISCOVERY_AUGUST,VALIDATED_SOURCE,NY,2,FIXED_85_ARM_4R,FIXED,4,-118.0,-59.0,-59.0,SELL,BUY,False,-118.0,-59.0,-59.0,0.0,False,CONTROL_OR_NO_SINGLE_SURVIVOR,,,,,4.0,
2185,2025-08-11 09:30,DISCOVERY_AUGUST,VALIDATED_SOURCE,NY,2,FIXED_50_ARM_5R,FIXED,0,-118.0,-59.0,-59.0,SELL,BUY,False,-118.0,-59.0,-59.0,0.0,False,CONTROL_OR_NO_SINGLE_SURVIVOR,,,,,5.0,
2185,2025-08-11 09:30,DISCOVERY_AUGUST,VALIDATED_SOURCE,NY,2,FIXED_50_ARM_5R,FIXED,1,-118.0,-59.0,-59.0,SELL,BUY,False,-118.0,-59.0,-59.0,0.0,False,CONTROL_OR_NO_SINGLE_SURVIVOR,,,,,5.0,
2185,2025-08-11 09:30,DISCOVERY_AUGUST,VALIDATED_SOURCE,NY,2,FIXED_50_ARM_5R,FIXED,2,-118.0,-59.0,-59.0,SELL,BUY,False,-118.0,-59.0,-59.0,0.0,False,CONTROL_OR_NO_SINGLE_SURVIVOR,,,,,5.0,
2185,2025-08-11 09:30,DISCOVERY_AUGUST,VALIDATED_SOURCE,NY,2,FIXED_50_ARM_5R,FIXED,4,-118.0,-59.0,-59.0,SELL,BUY,False,-118.0,-59.0,-59.0,0.0,False,CONTROL_OR_NO_SINGLE_SURVIVOR,,,,,5.0,
2185,2025-08-11 09:30,DISCOVERY_AUGUST,VALIDATED_SOURCE,NY,2,FIXED_65_ARM_5R,FIXED,0,-118.0,-59.0,-59.0,SELL,BUY,False,-118.0,-59.0,-59.0,0.0,False,CONTROL_OR_NO_SINGLE_SURVIVOR,,,,,5.0,
2185,2025-08-11 09:30,DISCOVERY_AUGUST,VALIDATED_SOURCE,NY,2,FIXED_65_ARM_5R,FIXED,1,-118.0,-59.0,-59.0,SELL,BUY,False,-118.0,-59.0,-59.0,0.0,False,CONTROL_OR_NO_SINGLE_SURVIVOR,,,,,5.0,
2185,2025-08-11 09:30,DISCOVERY_AUGUST,VALIDATED_SOURCE,NY,2,FIXED_65_ARM_5R,FIXED,2,-118.0,-59.0,-59.0,SELL,BUY,False,-118.0,-59.0,-59.0,0.0,False,CONTROL_OR_NO_SINGLE_SURVIVOR,,,,,5.0,
2185,2025-08-11 09:30,DISCOVERY_AUGUST,VALIDATED_SOURCE,NY,2,FIXED_65_ARM_5R,FIXED,4,-118.0,-59.0,-59.0,SELL,BUY,False,-118.0,-59.0,-59.0,0.0,False,CONTROL_OR_NO_SINGLE_SURVIVOR,,,,,5.0,
2185,2025-08-11 09:30,DISCOVERY_AUGUST,VALIDATED_SOURCE,NY,2,FIXED_75_ARM_5R,FIXED,0,-118.0,-59.0,-59.0,SELL,BUY,False,-118.0,-59.0,-59.0,0.0,False,CONTROL_OR_NO_SINGLE_SURVIVOR,,,,,5.0,
2185,2025-08-11 09:30,DISCOVERY_AUGUST,VALIDATED_SOURCE,NY,2,FIXED_75_ARM_5R,FIXED,1,-118.0,-59.0,-59.0,SELL,BUY,False,-118.0,-59.0,-59.0,0.0,False,CONTROL_OR_NO_SINGLE_SURVIVOR,,,,,5.0,
2185,2025-08-11 09:30,DISCOVERY_AUGUST,VALIDATED_SOURCE,NY,2,FIXED_75_ARM_5R,FIXED,2,-118.0,-59.0,-59.0,SELL,BUY,False,-118.0,-59.0,-59.0,0.0,False,CONTROL_OR_NO_SINGLE_SURVIVOR,,,,,5.0,
2185,2025-08-11 09:30,DISCOVERY_AUGUST,VALIDATED_SOURCE,NY,2,FIXED_75_ARM_5R,FIXED,4,-118.0,-59.0,-59.0,SELL,BUY,False,-118.0,-59.0,-59.0,0.0,False,CONTROL_OR_NO_SINGLE_SURVIVOR,,,,,5.0,
2185,2025-08-11 09:30,DISCOVERY_AUGUST,VALIDATED_SOURCE,NY,2,FIXED_85_ARM_5R,FIXED,0,-118.0,-59.0,-59.0,SELL,BUY,False,-118.0,-59.0,-59.0,0.0,False,CONTROL_OR_NO_SINGLE_SURVIVOR,,,,,5.0,
2185,2025-08-11 09:30,DISCOVERY_AUGUST,VALIDATED_SOURCE,NY,2,FIXED_85_ARM_5R,FIXED,1,-118.0,-59.0,-59.0,SELL,BUY,False,-118.0,-59.0,-59.0,0.0,False,CONTROL_OR_NO_SINGLE_SURVIVOR,,,,,5.0,
2185,2025-08-11 09:30,DISCOVERY_AUGUST,VALIDATED_SOURCE,NY,2,FIXED_85_ARM_5R,FIXED,2,-118.0,-59.0,-59.0,SELL,BUY,False,-118.0,-59.0,-59.0,0.0,False,CONTROL_OR_NO_SINGLE_SURVIVOR,,,,,5.0,
2185,2025-08-11 09:30,DISCOVERY_AUGUST,VALIDATED_SOURCE,NY,2,FIXED_85_ARM_5R,FIXED,4,-118.0,-59.0,-59.0,SELL,BUY,False,-118.0,-59.0,-59.0,0.0,False,CONTROL_OR_NO_SINGLE_SURVIVOR,,,,,5.0,
2185,2025-08-11 09:30,DISCOVERY_AUGUST,VALIDATED_SOURCE,NY,2,DYNAMIC_FAST_2R_4R_6R_8R,DYNAMIC,0,-118.0,-59.0,-59.0,SELL,BUY,False,-118.0,-59.0,-59.0,0.0,False,CONTROL_OR_NO_SINGLE_SURVIVOR,,,,,2.0,
2185,2025-08-11 09:30,DISCOVERY_AUGUST,VALIDATED_SOURCE,NY,2,DYNAMIC_FAST_2R_4R_6R_8R,DYNAMIC,1,-118.0,-59.0,-59.0,SELL,BUY,False,-118.0,-59.0,-59.0,0.0,False,CONTROL_OR_NO_SINGLE_SURVIVOR,,,,,2.0,
2185,2025-08-11 09:30,DISCOVERY_AUGUST,VALIDATED_SOURCE,NY,2,DYNAMIC_FAST_2R_4R_6R_8R,DYNAMIC,2,-118.0,-59.0,-59.0,SELL,BUY,False,-118.0,-59.0,-59.0,0.0,False,CONTROL_OR_NO_SINGLE_SURVIVOR,,,,,2.0,
2185,2025-08-11 09:30,DISCOVERY_AUGUST,VALIDATED_SOURCE,NY,2,DYNAMIC_FAST_2R_4R_6R_8R,DYNAMIC,4,-118.0,-59.0,-59.0,SELL,BUY,False,-118.0,-59.0,-59.0,0.0,False,CONTROL_OR_NO_SINGLE_SURVIVOR,,,,,2.0,
2185,2025-08-11 09:30,DISCOVERY_AUGUST,VALIDATED_SOURCE,NY,2,DYNAMIC_BALANCED_3R_5R_8R_12R,DYNAMIC,0,-118.0,-59.0,-59.0,SELL,BUY,False,-118.0,-59.0,-59.0,0.0,False,CONTROL_OR_NO_SINGLE_SURVIVOR,,,,,3.0,
2185,2025-08-11 09:30,DISCOVERY_AUGUST,VALIDATED_SOURCE,NY,2,DYNAMIC_BALANCED_3R_5R_8R_12R,DYNAMIC,1,-118.0,-59.0,-59.0,SELL,BUY,False,-118.0,-59.0,-59.0,0.0,False,CONTROL_OR_NO_SINGLE_SURVIVOR,,,,,3.0,
2185,2025-08-11 09:30,DISCOVERY_AUGUST,VALIDATED_SOURCE,NY,2,DYNAMIC_BALANCED_3R_5R_8R_12R,DYNAMIC,2,-118.0,-59.0,-59.0,SELL,BUY,False,-118.0,-59.0,-59.0,0.0,False,CONTROL_OR_NO_SINGLE_SURVIVOR,,,,,3.0,
2185,2025-08-11 09:30,DISCOVERY_AUGUST,VALIDATED_SOURCE,NY,2,DYNAMIC_BALANCED_3R_5R_8R_12R,DYNAMIC,4,-118.0,-59.0,-59.0,SELL,BUY,False,-118.0,-59.0,-59.0,0.0,False,CONTROL_OR_NO_SINGLE_SURVIVOR,,,,,3.0,
2185,2025-08-11 09:30,DISCOVERY_AUGUST,VALIDATED_SOURCE,NY,2,DYNAMIC_LOOSE_4R_7R_11R_16R,DYNAMIC,0,-118.0,-59.0,-59.0,SELL,BUY,False,-118.0,-59.0,-59.0,0.0,False,CONTROL_OR_NO_SINGLE_SURVIVOR,,,,,4.0,
2185,2025-08-11 09:30,DISCOVERY_AUGUST,VALIDATED_SOURCE,NY,2,DYNAMIC_LOOSE_4R_7R_11R_16R,DYNAMIC,1,-118.0,-59.0,-59.0,SELL,BUY,False,-118.0,-59.0,-59.0,0.0,False,CONTROL_OR_NO_SINGLE_SURVIVOR,,,,,4.0,
2185,2025-08-11 09:30,DISCOVERY_AUGUST,VALIDATED_SOURCE,NY,2,DYNAMIC_LOOSE_4R_7R_11R_16R,DYNAMIC,2,-118.0,-59.0,-59.0,SELL,BUY,False,-118.0,-59.0,-59.0,0.0,False,CONTROL_OR_NO_SINGLE_SURVIVOR,,,,,4.0,
2185,2025-08-11 09:30,DISCOVERY_AUGUST,VALIDATED_SOURCE,NY,2,DYNAMIC_LOOSE_4R_7R_11R_16R,DYNAMIC,4,-118.0,-59.0,-59.0,SELL,BUY,False,-118.0,-59.0,-59.0,0.0,False,CONTROL_OR_NO_SINGLE_SURVIVOR,,,,,4.0,
2185,2025-08-11 09:30,DISCOVERY_AUGUST,VALIDATED_SOURCE,NY,2,ADAPTIVE_VOL_ARM_3R,ADAPTIVE,0,-118.0,-59.0,-59.0,SELL,BUY,False,-118.0,-59.0,-59.0,0.0,False,CONTROL_OR_NO_SINGLE_SURVIVOR,,,,,3.0,
2185,2025-08-11 09:30,DISCOVERY_AUGUST,VALIDATED_SOURCE,NY,2,ADAPTIVE_VOL_ARM_3R,ADAPTIVE,1,-118.0,-59.0,-59.0,SELL,BUY,False,-118.0,-59.0,-59.0,0.0,False,CONTROL_OR_NO_SINGLE_SURVIVOR,,,,,3.0,
2185,2025-08-11 09:30,DISCOVERY_AUGUST,VALIDATED_SOURCE,NY,2,ADAPTIVE_VOL_ARM_3R,ADAPTIVE,2,-118.0,-59.0,-59.0,SELL,BUY,False,-118.0,-59.0,-59.0,0.0,False,CONTROL_OR_NO_SINGLE_SURVIVOR,,,,,3.0,
2185,2025-08-11 09:30,DISCOVERY_AUGUST,VALIDATED_SOURCE,NY,2,ADAPTIVE_VOL_ARM_3R,ADAPTIVE,4,-118.0,-59.0,-59.0,SELL,BUY,False,-118.0,-59.0,-59.0,0.0,False,CONTROL_OR_NO_SINGLE_SURVIVOR,,,,,3.0,
2185,2025-08-11 09:30,DISCOVERY_AUGUST,VALIDATED_SOURCE,NY,2,ADAPTIVE_VOL_ARM_4R,ADAPTIVE,0,-118.0,-59.0,-59.0,SELL,BUY,False,-118.0,-59.0,-59.0,0.0,False,CONTROL_OR_NO_SINGLE_SURVIVOR,,,,,4.0,
2185,2025-08-11 09:30,DISCOVERY_AUGUST,VALIDATED_SOURCE,NY,2,ADAPTIVE_VOL_ARM_4R,ADAPTIVE,1,-118.0,-59.0,-59.0,SELL,BUY,False,-118.0,-59.0,-59.0,0.0,False,CONTROL_OR_NO_SINGLE_SURVIVOR,,,,,4.0,
2185,2025-08-11 09:30,DISCOVERY_AUGUST,VALIDATED_SOURCE,NY,2,ADAPTIVE_VOL_ARM_4R,ADAPTIVE,2,-118.0,-59.0,-59.0,SELL,BUY,False,-118.0,-59.0,-59.0,0.0,False,CONTROL_OR_NO_SINGLE_SURVIVOR,,,,,4.0,
2185,2025-08-11 09:30,DISCOVERY_AUGUST,VALIDATED_SOURCE,NY,2,ADAPTIVE_VOL_ARM_4R,ADAPTIVE,4,-118.0,-59.0,-59.0,SELL,BUY,False,-118.0,-59.0,-59.0,0.0,False,CONTROL_OR_NO_SINGLE_SURVIVOR,,,,,4.0,
2186,2025-08-12 09:30,DISCOVERY_AUGUST,VALIDATED_SOURCE,NY,2,CONTROL_NO_PAIR_FLOOR,CONTROL,0,572.0,-59.0,631.0,SELL,BUY,True,572.0,-59.0,631.0,0.0,False,CONTROL_OR_NO_SINGLE_SURVIVOR,,,,,999.0,
2186,2025-08-12 09:30,DISCOVERY_AUGUST,VALIDATED_SOURCE,NY,2,CONTROL_NO_PAIR_FLOOR,CONTROL,1,572.0,-59.0,631.0,SELL,BUY,True,572.0,-59.0,631.0,0.0,False,CONTROL_OR_NO_SINGLE_SURVIVOR,,,,,999.0,
2186,2025-08-12 09:30,DISCOVERY_AUGUST,VALIDATED_SOURCE,NY,2,CONTROL_NO_PAIR_FLOOR,CONTROL,2,572.0,-59.0,631.0,SELL,BUY,True,572.0,-59.0,631.0,0.0,False,CONTROL_OR_NO_SINGLE_SURVIVOR,,,,,999.0,
2186,2025-08-12 09:30,DISCOVERY_AUGUST,VALIDATED_SOURCE,NY,2,CONTROL_NO_PAIR_FLOOR,CONTROL,4,572.0,-59.0,631.0,SELL,BUY,True,572.0,-59.0,631.0,0.0,False,CONTROL_OR_NO_SINGLE_SURVIVOR,,,,,999.0,
2186,2025-08-12 09:30,DISCOVERY_AUGUST,VALIDATED_SOURCE,NY,2,FIXED_50_ARM_2R,FIXED,0,572.0,-59.0,631.0,SELL,BUY,True,162.0,-59.0,221.0,-410.0,True,PAIR_PROTECTED_FLOOR,2025-08-12T13:30:06.266114577+00:00,23727.0,352.0,176.0,2.0,0.5
2186,2025-08-12 09:30,DISCOVERY_AUGUST,VALIDATED_SOURCE,NY,2,FIXED_50_ARM_2R,FIXED,1,572.0,-59.0,631.0,SELL,BUY,True,152.0,-59.0,211.0,-420.0,True,PAIR_PROTECTED_FLOOR,2025-08-12T13:30:06.266114577+00:00,23727.25,352.0,176.0,2.0,0.5
2186,2025-08-12 09:30,DISCOVERY_AUGUST,VALIDATED_SOURCE,NY,2,FIXED_50_ARM_2R,FIXED,2,572.0,-59.0,631.0,SELL,BUY,True,142.0,-59.0,201.0,-430.0,True,PAIR_PROTECTED_FLOOR,2025-08-12T13:30:06.266114577+00:00,23727.5,352.0,176.0,2.0,0.5
2186,2025-08-12 09:30,DISCOVERY_AUGUST,VALIDATED_SOURCE,NY,2,FIXED_50_ARM_2R,FIXED,4,572.0,-59.0,631.0,SELL,BUY,True,122.0,-59.0,181.0,-450.0,True,PAIR_PROTECTED_FLOOR,2025-08-12T13:30:06.266114577+00:00,23728.0,352.0,176.0,2.0,0.5
2186,2025-08-12 09:30,DISCOVERY_AUGUST,VALIDATED_SOURCE,NY,2,FIXED_65_ARM_2R,FIXED,0,572.0,-59.0,631.0,SELL,BUY,True,112.0,-59.0,171.0,-460.0,True,PAIR_PROTECTED_FLOOR,2025-08-12T13:30:02.142981863+00:00,23728.25,182.0,118.3,2.0,0.65
2186,2025-08-12 09:30,DISCOVERY_AUGUST,VALIDATED_SOURCE,NY,2,FIXED_65_ARM_2R,FIXED,1,572.0,-59.0,631.0,SELL,BUY,True,102.0,-59.0,161.0,-470.0,True,PAIR_PROTECTED_FLOOR,2025-08-12T13:30:02.142981863+00:00,23728.5,182.0,118.3,2.0,0.65
2186,2025-08-12 09:30,DISCOVERY_AUGUST,VALIDATED_SOURCE,NY,2,FIXED_65_ARM_2R,FIXED,2,572.0,-59.0,631.0,SELL,BUY,True,92.0,-59.0,151.0,-480.0,True,PAIR_PROTECTED_FLOOR,2025-08-12T13:30:02.142981863+00:00,23728.75,182.0,118.3,2.0,0.65
2186,2025-08-12 09:30,DISCOVERY_AUGUST,VALIDATED_SOURCE,NY,2,FIXED_65_ARM_2R,FIXED,4,572.0,-59.0,631.0,SELL,BUY,True,72.0,-59.0,131.0,-500.0,True,PAIR_PROTECTED_FLOOR,2025-08-12T13:30:02.142981863+00:00,23729.25,182.0,118.3,2.0,0.65
2186,2025-08-12 09:30,DISCOVERY_AUGUST,VALIDATED_SOURCE,NY,2,FIXED_75_ARM_2R,FIXED,0,572.0,-59.0,631.0,SELL,BUY,True,132.0,-59.0,191.0,-440.0,True,PAIR_PROTECTED_FLOOR,2025-08-12T13:30:02.120685203+00:00,23727.75,182.0,136.5,2.0,0.75
2186,2025-08-12 09:30,DISCOVERY_AUGUST,VALIDATED_SOURCE,NY,2,FIXED_75_ARM_2R,FIXED,1,572.0,-59.0,631.0,SELL,BUY,True,122.0,-59.0,181.0,-450.0,True,PAIR_PROTECTED_FLOOR,2025-08-12T13:30:02.120685203+00:00,23728.0,182.0,136.5,2.0,0.75
2186,2025-08-12 09:30,DISCOVERY_AUGUST,VALIDATED_SOURCE,NY,2,FIXED_75_ARM_2R,FIXED,2,572.0,-59.0,631.0,SELL,BUY,True,112.0,-59.0,171.0,-460.0,True,PAIR_PROTECTED_FLOOR,2025-08-12T13:30:02.120685203+00:00,23728.25,182.0,136.5,2.0,0.75
2186,2025-08-12 09:30,DISCOVERY_AUGUST,VALIDATED_SOURCE,NY,2,FIXED_75_ARM_2R,FIXED,4,572.0,-59.0,631.0,SELL,BUY,True,92.0,-59.0,151.0,-480.0,True,PAIR_PROTECTED_FLOOR,2025-08-12T13:30:02.120685203+00:00,23728.75,182.0,136.5,2.0,0.75
2186,2025-08-12 09:30,DISCOVERY_AUGUST,VALIDATED_SOURCE,NY,2,FIXED_85_ARM_2R,FIXED,0,572.0,-59.0,631.0,SELL,BUY,True,152.0,-59.0,211.0,-420.0,True,PAIR_PROTECTED_FLOOR,2025-08-12T13:30:02.109406789+00:00,23727.25,182.0,154.7,2.0,0.85
2186,2025-08-12 09:30,DISCOVERY_AUGUST,VALIDATED_SOURCE,NY,2,FIXED_85_ARM_2R,FIXED,1,572.0,-59.0,631.0,SELL,BUY,True,142.0,-59.0,201.0,-430.0,True,PAIR_PROTECTED_FLOOR,2025-08-12T13:30:02.109406789+00:00,23727.5,182.0,154.7,2.0,0.85
2186,2025-08-12 09:30,DISCOVERY_AUGUST,VALIDATED_SOURCE,NY,2,FIXED_85_ARM_2R,FIXED,2,572.0,-59.0,631.0,SELL,BUY,True,132.0,-59.0,191.0,-440.0,True,PAIR_PROTECTED_FLOOR,2025-08-12T13:30:02.109406789+00:00,23727.75,182.0,154.7,2.0,0.85
2186,2025-08-12 09:30,DISCOVERY_AUGUST,VALIDATED_SOURCE,NY,2,FIXED_85_ARM_2R,FIXED,4,572.0,-59.0,631.0,SELL,BUY,True,112.0,-59.0,171.0,-460.0,True,PAIR_PROTECTED_FLOOR,2025-08-12T13:30:02.109406789+00:00,23728.25,182.0,154.7,2.0,0.85
2186,2025-08-12 09:30,DISCOVERY_AUGUST,VALIDATED_SOURCE,NY,2,FIXED_50_ARM_3R,FIXED,0,572.0,-59.0,631.0,SELL,BUY,True,162.0,-59.0,221.0,-410.0,True,PAIR_PROTECTED_FLOOR,2025-08-12T13:30:06.266114577+00:00,23727.0,352.0,176.0,3.0,0.5
2186,2025-08-12 09:30,DISCOVERY_AUGUST,VALIDATED_SOURCE,NY,2,FIXED_50_ARM_3R,FIXED,1,572.0,-59.0,631.0,SELL,BUY,True,152.0,-59.0,211.0,-420.0,True,PAIR_PROTECTED_FLOOR,2025-08-12T13:30:06.266114577+00:00,23727.25,352.0,176.0,3.0,0.5
2186,2025-08-12 09:30,DISCOVERY_AUGUST,VALIDATED_SOURCE,NY,2,FIXED_50_ARM_3R,FIXED,2,572.0,-59.0,631.0,SELL,BUY,True,142.0,-59.0,201.0,-430.0,True,PAIR_PROTECTED_FLOOR,2025-08-12T13:30:06.266114577+00:00,23727.5,352.0,176.0,3.0,0.5
2186,2025-08-12 09:30,DISCOVERY_AUGUST,VALIDATED_SOURCE,NY,2,FIXED_50_ARM_3R,FIXED,4,572.0,-59.0,631.0,SELL,BUY,True,122.0,-59.0,181.0,-450.0,True,PAIR_PROTECTED_FLOOR,2025-08-12T13:30:06.266114577+00:00,23728.0,352.0,176.0,3.0,0.5
2186,2025-08-12 09:30,DISCOVERY_AUGUST,VALIDATED_SOURCE,NY,2,FIXED_65_ARM_3R,FIXED,0,572.0,-59.0,631.0,SELL,BUY,True,112.0,-59.0,171.0,-460.0,True,PAIR_PROTECTED_FLOOR,2025-08-12T13:30:02.142981863+00:00,23728.25,182.0,118.3,3.0,0.65
2186,2025-08-12 09:30,DISCOVERY_AUGUST,VALIDATED_SOURCE,NY,2,FIXED_65_ARM_3R,FIXED,1,572.0,-59.0,631.0,SELL,BUY,True,102.0,-59.0,161.0,-470.0,True,PAIR_PROTECTED_FLOOR,2025-08-12T13:30:02.142981863+00:00,23728.5,182.0,118.3,3.0,0.65
2186,2025-08-12 09:30,DISCOVERY_AUGUST,VALIDATED_SOURCE,NY,2,FIXED_65_ARM_3R,FIXED,2,572.0,-59.0,631.0,SELL,BUY,True,92.0,-59.0,151.0,-480.0,True,PAIR_PROTECTED_FLOOR,2025-08-12T13:30:02.142981863+00:00,23728.75,182.0,118.3,3.0,0.65
2186,2025-08-12 09:30,DISCOVERY_AUGUST,VALIDATED_SOURCE,NY,2,FIXED_65_ARM_3R,FIXED,4,572.0,-59.0,631.0,SELL,BUY,True,72.0,-59.0,131.0,-500.0,True,PAIR_PROTECTED_FLOOR,2025-08-12T13:30:02.142981863+00:00,23729.25,182.0,118.3,3.0,0.65
2186,2025-08-12 09:30,DISCOVERY_AUGUST,VALIDATED_SOURCE,NY,2,FIXED_75_ARM_3R,FIXED,0,572.0,-59.0,631.0,SELL,BUY,True,132.0,-59.0,191.0,-440.0,True,PAIR_PROTECTED_FLOOR,2025-08-12T13:30:02.120685203+00:00,23727.75,182.0,136.5,3.0,0.75
2186,2025-08-12 09:30,DISCOVERY_AUGUST,VALIDATED_SOURCE,NY,2,FIXED_75_ARM_3R,FIXED,1,572.0,-59.0,631.0,SELL,BUY,True,122.0,-59.0,181.0,-450.0,True,PAIR_PROTECTED_FLOOR,2025-08-12T13:30:02.120685203+00:00,23728.0,182.0,136.5,3.0,0.75
2186,2025-08-12 09:30,DISCOVERY_AUGUST,VALIDATED_SOURCE,NY,2,FIXED_75_ARM_3R,FIXED,2,572.0,-59.0,631.0,SELL,BUY,True,112.0,-59.0,171.0,-460.0,True,PAIR_PROTECTED_FLOOR,2025-08-12T13:30:02.120685203+00:00,23728.25,182.0,136.5,3.0,0.75
2186,2025-08-12 09:30,DISCOVERY_AUGUST,VALIDATED_SOURCE,NY,2,FIXED_75_ARM_3R,FIXED,4,572.0,-59.0,631.0,SELL,BUY,True,92.0,-59.0,151.0,-480.0,True,PAIR_PROTECTED_FLOOR,2025-08-12T13:30:02.120685203+00:00,23728.75,182.0,136.5,3.0,0.75
2186,2025-08-12 09:30,DISCOVERY_AUGUST,VALIDATED_SOURCE,NY,2,FIXED_85_ARM_3R,FIXED,0,572.0,-59.0,631.0,SELL,BUY,True,152.0,-59.0,211.0,-420.0,True,PAIR_PROTECTED_FLOOR,2025-08-12T13:30:02.109406789+00:00,23727.25,182.0,154.7,3.0,0.85
2186,2025-08-12 09:30,DISCOVERY_AUGUST,VALIDATED_SOURCE,NY,2,FIXED_85_ARM_3R,FIXED,1,572.0,-59.0,631.0,SELL,BUY,True,142.0,-59.0,201.0,-430.0,True,PAIR_PROTECTED_FLOOR,2025-08-12T13:30:02.109406789+00:00,23727.5,182.0,154.7,3.0,0.85
2186,2025-08-12 09:30,DISCOVERY_AUGUST,VALIDATED_SOURCE,NY,2,FIXED_85_ARM_3R,FIXED,2,572.0,-59.0,631.0,SELL,BUY,True,132.0,-59.0,191.0,-440.0,True,PAIR_PROTECTED_FLOOR,2025-08-12T13:30:02.109406789+00:00,23727.75,182.0,154.7,3.0,0.85
2186,2025-08-12 09:30,DISCOVERY_AUGUST,VALIDATED_SOURCE,NY,2,FIXED_85_ARM_3R,FIXED,4,572.0,-59.0,631.0,SELL,BUY,True,112.0,-59.0,171.0,-460.0,True,PAIR_PROTECTED_FLOOR,2025-08-12T13:30:02.109406789+00:00,23728.25,182.0,154.7,3.0,0.85
2186,2025-08-12 09:30,DISCOVERY_AUGUST,VALIDATED_SOURCE,NY,2,FIXED_50_ARM_4R,FIXED,0,572.0,-59.0,631.0,SELL,BUY,True,162.0,-59.0,221.0,-410.0,True,PAIR_PROTECTED_FLOOR,2025-08-12T13:30:06.266114577+00:00,23727.0,352.0,176.0,4.0,0.5
2186,2025-08-12 09:30,DISCOVERY_AUGUST,VALIDATED_SOURCE,NY,2,FIXED_50_ARM_4R,FIXED,1,572.0,-59.0,631.0,SELL,BUY,True,152.0,-59.0,211.0,-420.0,True,PAIR_PROTECTED_FLOOR,2025-08-12T13:30:06.266114577+00:00,23727.25,352.0,176.0,4.0,0.5
2186,2025-08-12 09:30,DISCOVERY_AUGUST,VALIDATED_SOURCE,NY,2,FIXED_50_ARM_4R,FIXED,2,572.0,-59.0,631.0,SELL,BUY,True,142.0,-59.0,201.0,-430.0,True,PAIR_PROTECTED_FLOOR,2025-08-12T13:30:06.266114577+00:00,23727.5,352.0,176.0,4.0,0.5
2186,2025-08-12 09:30,DISCOVERY_AUGUST,VALIDATED_SOURCE,NY,2,FIXED_50_ARM_4R,FIXED,4,572.0,-59.0,631.0,SELL,BUY,True,122.0,-59.0,181.0,-450.0,True,PAIR_PROTECTED_FLOOR,2025-08-12T13:30:06.266114577+00:00,23728.0,352.0,176.0,4.0,0.5
2186,2025-08-12 09:30,DISCOVERY_AUGUST,VALIDATED_SOURCE,NY,2,FIXED_65_ARM_4R,FIXED,0,572.0,-59.0,631.0,SELL,BUY,True,222.0,-59.0,281.0,-350.0,True,PAIR_PROTECTED_FLOOR,2025-08-12T13:30:05.602889375+00:00,23725.5,352.0,228.8,4.0,0.65
2186,2025-08-12 09:30,DISCOVERY_AUGUST,VALIDATED_SOURCE,NY,2,FIXED_65_ARM_4R,FIXED,1,572.0,-59.0,631.0,SELL,BUY,True,212.0,-59.0,271.0,-360.0,True,PAIR_PROTECTED_FLOOR,2025-08-12T13:30:05.602889375+00:00,23725.75,352.0,228.8,4.0,0.65
2186,2025-08-12 09:30,DISCOVERY_AUGUST,VALIDATED_SOURCE,NY,2,FIXED_65_ARM_4R,FIXED,2,572.0,-59.0,631.0,SELL,BUY,True,202.0,-59.0,261.0,-370.0,True,PAIR_PROTECTED_FLOOR,2025-08-12T13:30:05.602889375+00:00,23726.0,352.0,228.8,4.0,0.65
2186,2025-08-12 09:30,DISCOVERY_AUGUST,VALIDATED_SOURCE,NY,2,FIXED_65_ARM_4R,FIXED,4,572.0,-59.0,631.0,SELL,BUY,True,182.0,-59.0,241.0,-390.0,True,PAIR_PROTECTED_FLOOR,2025-08-12T13:30:05.602889375+00:00,23726.5,352.0,228.8,4.0,0.65
2186,2025-08-12 09:30,DISCOVERY_AUGUST,VALIDATED_SOURCE,NY,2,FIXED_75_ARM_4R,FIXED,0,572.0,-59.0,631.0,SELL,BUY,True,222.0,-59.0,281.0,-350.0,True,PAIR_PROTECTED_FLOOR,2025-08-12T13:30:03.379147979+00:00,23725.5,322.0,241.5,4.0,0.75
2186,2025-08-12 09:30,DISCOVERY_AUGUST,VALIDATED_SOURCE,NY,2,FIXED_75_ARM_4R,FIXED,1,572.0,-59.0,631.0,SELL,BUY,True,212.0,-59.0,271.0,-360.0,True,PAIR_PROTECTED_FLOOR,2025-08-12T13:30:03.379147979+00:00,23725.75,322.0,241.5,4.0,0.75
2186,2025-08-12 09:30,DISCOVERY_AUGUST,VALIDATED_SOURCE,NY,2,FIXED_75_ARM_4R,FIXED,2,572.0,-59.0,631.0,SELL,BUY,True,202.0,-59.0,261.0,-370.0,True,PAIR_PROTECTED_FLOOR,2025-08-12T13:30:03.379147979+00:00,23726.0,322.0,241.5,4.0,0.75
2186,2025-08-12 09:30,DISCOVERY_AUGUST,VALIDATED_SOURCE,NY,2,FIXED_75_ARM_4R,FIXED,4,572.0,-59.0,631.0,SELL,BUY,True,182.0,-59.0,241.0,-390.0,True,PAIR_PROTECTED_FLOOR,2025-08-12T13:30:03.379147979+00:00,23726.5,322.0,241.5,4.0,0.75
2186,2025-08-12 09:30,DISCOVERY_AUGUST,VALIDATED_SOURCE,NY,2,FIXED_85_ARM_4R,FIXED,0,572.0,-59.0,631.0,SELL,BUY,True,272.0,-59.0,331.0,-300.0,True,PAIR_PROTECTED_FLOOR,2025-08-12T13:30:02.938627853+00:00,23724.25,322.0,273.7,4.0,0.85
2186,2025-08-12 09:30,DISCOVERY_AUGUST,VALIDATED_SOURCE,NY,2,FIXED_85_ARM_4R,FIXED,1,572.0,-59.0,631.0,SELL,BUY,True,262.0,-59.0,321.0,-310.0,True,PAIR_PROTECTED_FLOOR,2025-08-12T13:30:02.938627853+00:00,23724.5,322.0,273.7,4.0,0.85
2186,2025-08-12 09:30,DISCOVERY_AUGUST,VALIDATED_SOURCE,NY,2,FIXED_85_ARM_4R,FIXED,2,572.0,-59.0,631.0,SELL,BUY,True,252.0,-59.0,311.0,-320.0,True,PAIR_PROTECTED_FLOOR,2025-08-12T13:30:02.938627853+00:00,23724.75,322.0,273.7,4.0,0.85
2186,2025-08-12 09:30,DISCOVERY_AUGUST,VALIDATED_SOURCE,NY,2,FIXED_85_ARM_4R,FIXED,4,572.0,-59.0,631.0,SELL,BUY,True,232.0,-59.0,291.0,-340.0,True,PAIR_PROTECTED_FLOOR,2025-08-12T13:30:02.938627853+00:00,23725.25,322.0,273.7,4.0,0.85
2186,2025-08-12 09:30,DISCOVERY_AUGUST,VALIDATED_SOURCE,NY,2,FIXED_50_ARM_5R,FIXED,0,572.0,-59.0,631.0,SELL,BUY,True,162.0,-59.0,221.0,-410.0,True,PAIR_PROTECTED_FLOOR,2025-08-12T13:30:06.266114577+00:00,23727.0,352.0,176.0,5.0,0.5
2186,2025-08-12 09:30,DISCOVERY_AUGUST,VALIDATED_SOURCE,NY,2,FIXED_50_ARM_5R,FIXED,1,572.0,-59.0,631.0,SELL,BUY,True,152.0,-59.0,211.0,-420.0,True,PAIR_PROTECTED_FLOOR,2025-08-12T13:30:06.266114577+00:00,23727.25,352.0,176.0,5.0,0.5
2186,2025-08-12 09:30,DISCOVERY_AUGUST,VALIDATED_SOURCE,NY,2,FIXED_50_ARM_5R,FIXED,2,572.0,-59.0,631.0,SELL,BUY,True,142.0,-59.0,201.0,-430.0,True,PAIR_PROTECTED_FLOOR,2025-08-12T13:30:06.266114577+00:00,23727.5,352.0,176.0,5.0,0.5
2186,2025-08-12 09:30,DISCOVERY_AUGUST,VALIDATED_SOURCE,NY,2,FIXED_50_ARM_5R,FIXED,4,572.0,-59.0,631.0,SELL,BUY,True,122.0,-59.0,181.0,-450.0,True,PAIR_PROTECTED_FLOOR,2025-08-12T13:30:06.266114577+00:00,23728.0,352.0,176.0,5.0,0.5
2186,2025-08-12 09:30,DISCOVERY_AUGUST,VALIDATED_SOURCE,NY,2,FIXED_65_ARM_5R,FIXED,0,572.0,-59.0,631.0,SELL,BUY,True,222.0,-59.0,281.0,-350.0,True,PAIR_PROTECTED_FLOOR,2025-08-12T13:30:05.602889375+00:00,23725.5,352.0,228.8,5.0,0.65
2186,2025-08-12 09:30,DISCOVERY_AUGUST,VALIDATED_SOURCE,NY,2,FIXED_65_ARM_5R,FIXED,1,572.0,-59.0,631.0,SELL,BUY,True,212.0,-59.0,271.0,-360.0,True,PAIR_PROTECTED_FLOOR,2025-08-12T13:30:05.602889375+00:00,23725.75,352.0,228.8,5.0,0.65
2186,2025-08-12 09:30,DISCOVERY_AUGUST,VALIDATED_SOURCE,NY,2,FIXED_65_ARM_5R,FIXED,2,572.0,-59.0,631.0,SELL,BUY,True,202.0,-59.0,261.0,-370.0,True,PAIR_PROTECTED_FLOOR,2025-08-12T13:30:05.602889375+00:00,23726.0,352.0,228.8,5.0,0.65
2186,2025-08-12 09:30,DISCOVERY_AUGUST,VALIDATED_SOURCE,NY,2,FIXED_65_ARM_5R,FIXED,4,572.0,-59.0,631.0,SELL,BUY,True,182.0,-59.0,241.0,-390.0,True,PAIR_PROTECTED_FLOOR,2025-08-12T13:30:05.602889375+00:00,23726.5,352.0,228.8,5.0,0.65
2186,2025-08-12 09:30,DISCOVERY_AUGUST,VALIDATED_SOURCE,NY,2,FIXED_75_ARM_5R,FIXED,0,572.0,-59.0,631.0,SELL,BUY,True,222.0,-59.0,281.0,-350.0,True,PAIR_PROTECTED_FLOOR,2025-08-12T13:30:03.379147979+00:00,23725.5,322.0,241.5,5.0,0.75
2186,2025-08-12 09:30,DISCOVERY_AUGUST,VALIDATED_SOURCE,NY,2,FIXED_75_ARM_5R,FIXED,1,572.0,-59.0,631.0,SELL,BUY,True,212.0,-59.0,271.0,-360.0,True,PAIR_PROTECTED_FLOOR,2025-08-12T13:30:03.379147979+00:00,23725.75,322.0,241.5,5.0,0.75
2186,2025-08-12 09:30,DISCOVERY_AUGUST,VALIDATED_SOURCE,NY,2,FIXED_75_ARM_5R,FIXED,2,572.0,-59.0,631.0,SELL,BUY,True,202.0,-59.0,261.0,-370.0,True,PAIR_PROTECTED_FLOOR,2025-08-12T13:30:03.379147979+00:00,23726.0,322.0,241.5,5.0,0.75
2186,2025-08-12 09:30,DISCOVERY_AUGUST,VALIDATED_SOURCE,NY,2,FIXED_75_ARM_5R,FIXED,4,572.0,-59.0,631.0,SELL,BUY,True,182.0,-59.0,241.0,-390.0,True,PAIR_PROTECTED_FLOOR,2025-08-12T13:30:03.379147979+00:00,23726.5,322.0,241.5,5.0,0.75
2186,2025-08-12 09:30,DISCOVERY_AUGUST,VALIDATED_SOURCE,NY,2,FIXED_85_ARM_5R,FIXED,0,572.0,-59.0,631.0,SELL,BUY,True,272.0,-59.0,331.0,-300.0,True,PAIR_PROTECTED_FLOOR,2025-08-12T13:30:02.938627853+00:00,23724.25,322.0,273.7,5.0,0.85
2186,2025-08-12 09:30,DISCOVERY_AUGUST,VALIDATED_SOURCE,NY,2,FIXED_85_ARM_5R,FIXED,1,572.0,-59.0,631.0,SELL,BUY,True,262.0,-59.0,321.0,-310.0,True,PAIR_PROTECTED_FLOOR,2025-08-12T13:30:02.938627853+00:00,23724.5,322.0,273.7,5.0,0.85
2186,2025-08-12 09:30,DISCOVERY_AUGUST,VALIDATED_SOURCE,NY,2,FIXED_85_ARM_5R,FIXED,2,572.0,-59.0,631.0,SELL,BUY,True,252.0,-59.0,311.0,-320.0,True,PAIR_PROTECTED_FLOOR,2025-08-12T13:30:02.938627853+00:00,23724.75,322.0,273.7,5.0,0.85
2186,2025-08-12 09:30,DISCOVERY_AUGUST,VALIDATED_SOURCE,NY,2,FIXED_85_ARM_5R,FIXED,4,572.0,-59.0,631.0,SELL,BUY,True,232.0,-59.0,291.0,-340.0,True,PAIR_PROTECTED_FLOOR,2025-08-12T13:30:02.938627853+00:00,23725.25,322.0,273.7,5.0,0.85
2186,2025-08-12 09:30,DISCOVERY_AUGUST,VALIDATED_SOURCE,NY,2,DYNAMIC_FAST_2R_4R_6R_8R,DYNAMIC,0,572.0,-59.0,631.0,SELL,BUY,True,222.0,-59.0,281.0,-350.0,True,PAIR_PROTECTED_FLOOR,2025-08-12T13:30:05.602889375+00:00,23725.5,352.0,228.8,2.0,0.65
2186,2025-08-12 09:30,DISCOVERY_AUGUST,VALIDATED_SOURCE,NY,2,DYNAMIC_FAST_2R_4R_6R_8R,DYNAMIC,1,572.0,-59.0,631.0,SELL,BUY,True,212.0,-59.0,271.0,-360.0,True,PAIR_PROTECTED_FLOOR,2025-08-12T13:30:05.602889375+00:00,23725.75,352.0,228.8,2.0,0.65
2186,2025-08-12 09:30,DISCOVERY_AUGUST,VALIDATED_SOURCE,NY,2,DYNAMIC_FAST_2R_4R_6R_8R,DYNAMIC,2,572.0,-59.0,631.0,SELL,BUY,True,202.0,-59.0,261.0,-370.0,True,PAIR_PROTECTED_FLOOR,2025-08-12T13:30:05.602889375+00:00,23726.0,352.0,228.8,2.0,0.65
2186,2025-08-12 09:30,DISCOVERY_AUGUST,VALIDATED_SOURCE,NY,2,DYNAMIC_FAST_2R_4R_6R_8R,DYNAMIC,4,572.0,-59.0,631.0,SELL,BUY,True,182.0,-59.0,241.0,-390.0,True,PAIR_PROTECTED_FLOOR,2025-08-12T13:30:05.602889375+00:00,23726.5,352.0,228.8,2.0,0.65
2186,2025-08-12 09:30,DISCOVERY_AUGUST,VALIDATED_SOURCE,NY,2,DYNAMIC_BALANCED_3R_5R_8R_12R,DYNAMIC,0,572.0,-59.0,631.0,SELL,BUY,True,222.0,-59.0,281.0,-350.0,True,PAIR_PROTECTED_FLOOR,2025-08-12T13:30:05.602889375+00:00,23725.5,352.0,228.8,3.0,0.65
2186,2025-08-12 09:30,DISCOVERY_AUGUST,VALIDATED_SOURCE,NY,2,DYNAMIC_BALANCED_3R_5R_8R_12R,DYNAMIC,1,572.0,-59.0,631.0,SELL,BUY,True,212.0,-59.0,271.0,-360.0,True,PAIR_PROTECTED_FLOOR,2025-08-12T13:30:05.602889375+00:00,23725.75,352.0,228.8,3.0,0.65
2186,2025-08-12 09:30,DISCOVERY_AUGUST,VALIDATED_SOURCE,NY,2,DYNAMIC_BALANCED_3R_5R_8R_12R,DYNAMIC,2,572.0,-59.0,631.0,SELL,BUY,True,202.0,-59.0,261.0,-370.0,True,PAIR_PROTECTED_FLOOR,2025-08-12T13:30:05.602889375+00:00,23726.0,352.0,228.8,3.0,0.65
2186,2025-08-12 09:30,DISCOVERY_AUGUST,VALIDATED_SOURCE,NY,2,DYNAMIC_BALANCED_3R_5R_8R_12R,DYNAMIC,4,572.0,-59.0,631.0,SELL,BUY,True,182.0,-59.0,241.0,-390.0,True,PAIR_PROTECTED_FLOOR,2025-08-12T13:30:05.602889375+00:00,23726.5,352.0,228.8,3.0,0.65
2186,2025-08-12 09:30,DISCOVERY_AUGUST,VALIDATED_SOURCE,NY,2,DYNAMIC_LOOSE_4R_7R_11R_16R,DYNAMIC,0,572.0,-59.0,631.0,SELL,BUY,True,162.0,-59.0,221.0,-410.0,True,PAIR_PROTECTED_FLOOR,2025-08-12T13:30:06.266114577+00:00,23727.0,352.0,176.0,4.0,0.5
2186,2025-08-12 09:30,DISCOVERY_AUGUST,VALIDATED_SOURCE,NY,2,DYNAMIC_LOOSE_4R_7R_11R_16R,DYNAMIC,1,572.0,-59.0,631.0,SELL,BUY,True,152.0,-59.0,211.0,-420.0,True,PAIR_PROTECTED_FLOOR,2025-08-12T13:30:06.266114577+00:00,23727.25,352.0,176.0,4.0,0.5
2186,2025-08-12 09:30,DISCOVERY_AUGUST,VALIDATED_SOURCE,NY,2,DYNAMIC_LOOSE_4R_7R_11R_16R,DYNAMIC,2,572.0,-59.0,631.0,SELL,BUY,True,142.0,-59.0,201.0,-430.0,True,PAIR_PROTECTED_FLOOR,2025-08-12T13:30:06.266114577+00:00,23727.5,352.0,176.0,4.0,0.5
2186,2025-08-12 09:30,DISCOVERY_AUGUST,VALIDATED_SOURCE,NY,2,DYNAMIC_LOOSE_4R_7R_11R_16R,DYNAMIC,4,572.0,-59.0,631.0,SELL,BUY,True,122.0,-59.0,181.0,-450.0,True,PAIR_PROTECTED_FLOOR,2025-08-12T13:30:06.266114577+00:00,23728.0,352.0,176.0,4.0,0.5
2186,2025-08-12 09:30,DISCOVERY_AUGUST,VALIDATED_SOURCE,NY,2,ADAPTIVE_VOL_ARM_3R,ADAPTIVE,0,572.0,-59.0,631.0,SELL,BUY,True,112.0,-59.0,171.0,-460.0,True,PAIR_PROTECTED_FLOOR,2025-08-12T13:30:02.142981863+00:00,23728.25,182.0,118.3,3.0,0.65
2186,2025-08-12 09:30,DISCOVERY_AUGUST,VALIDATED_SOURCE,NY,2,ADAPTIVE_VOL_ARM_3R,ADAPTIVE,1,572.0,-59.0,631.0,SELL,BUY,True,102.0,-59.0,161.0,-470.0,True,PAIR_PROTECTED_FLOOR,2025-08-12T13:30:02.142981863+00:00,23728.5,182.0,118.3,3.0,0.65
2186,2025-08-12 09:30,DISCOVERY_AUGUST,VALIDATED_SOURCE,NY,2,ADAPTIVE_VOL_ARM_3R,ADAPTIVE,2,572.0,-59.0,631.0,SELL,BUY,True,92.0,-59.0,151.0,-480.0,True,PAIR_PROTECTED_FLOOR,2025-08-12T13:30:02.142981863+00:00,23728.75,182.0,118.3,3.0,0.65
2186,2025-08-12 09:30,DISCOVERY_AUGUST,VALIDATED_SOURCE,NY,2,ADAPTIVE_VOL_ARM_3R,ADAPTIVE,4,572.0,-59.0,631.0,SELL,BUY,True,72.0,-59.0,131.0,-500.0,True,PAIR_PROTECTED_FLOOR,2025-08-12T13:30:02.142981863+00:00,23729.25,182.0,118.3,3.0,0.65
2186,2025-08-12 09:30,DISCOVERY_AUGUST,VALIDATED_SOURCE,NY,2,ADAPTIVE_VOL_ARM_4R,ADAPTIVE,0,572.0,-59.0,631.0,SELL,BUY,True,222.0,-59.0,281.0,-350.0,True,PAIR_PROTECTED_FLOOR,2025-08-12T13:30:05.602889375+00:00,23725.5,352.0,228.8,4.0,0.65
2186,2025-08-12 09:30,DISCOVERY_AUGUST,VALIDATED_SOURCE,NY,2,ADAPTIVE_VOL_ARM_4R,ADAPTIVE,1,572.0,-59.0,631.0,SELL,BUY,True,212.0,-59.0,271.0,-360.0,True,PAIR_PROTECTED_FLOOR,2025-08-12T13:30:05.602889375+00:00,23725.75,352.0,228.8,4.0,0.65
2186,2025-08-12 09:30,DISCOVERY_AUGUST,VALIDATED_SOURCE,NY,2,ADAPTIVE_VOL_ARM_4R,ADAPTIVE,2,572.0,-59.0,631.0,SELL,BUY,True,202.0,-59.0,261.0,-370.0,True,PAIR_PROTECTED_FLOOR,2025-08-12T13:30:05.602889375+00:00,23726.0,352.0,228.8,4.0,0.65
2186,2025-08-12 09:30,DISCOVERY_AUGUST,VALIDATED_SOURCE,NY,2,ADAPTIVE_VOL_ARM_4R,ADAPTIVE,4,572.0,-59.0,631.0,SELL,BUY,True,182.0,-59.0,241.0,-390.0,True,PAIR_PROTECTED_FLOOR,2025-08-12T13:30:05.602889375+00:00,23726.5,352.0,228.8,4.0,0.65
2187,2025-08-12 18:00,DISCOVERY_AUGUST,VALIDATED_SOURCE,WEEKDAY_WEAK,1,CONTROL_NO_PAIR_FLOOR,CONTROL,0,166.0,-29.5,195.5,SELL,BUY,True,166.0,-29.5,195.5,0.0,False,CONTROL_OR_NO_SINGLE_SURVIVOR,,,,,999.0,
2187,2025-08-12 18:00,DISCOVERY_AUGUST,VALIDATED_SOURCE,WEEKDAY_WEAK,1,CONTROL_NO_PAIR_FLOOR,CONTROL,1,166.0,-29.5,195.5,SELL,BUY,True,166.0,-29.5,195.5,0.0,False,CONTROL_OR_NO_SINGLE_SURVIVOR,,,,,999.0,
2187,2025-08-12 18:00,DISCOVERY_AUGUST,VALIDATED_SOURCE,WEEKDAY_WEAK,1,CONTROL_NO_PAIR_FLOOR,CONTROL,2,166.0,-29.5,195.5,SELL,BUY,True,166.0,-29.5,195.5,0.0,False,CONTROL_OR_NO_SINGLE_SURVIVOR,,,,,999.0,
2187,2025-08-12 18:00,DISCOVERY_AUGUST,VALIDATED_SOURCE,WEEKDAY_WEAK,1,CONTROL_NO_PAIR_FLOOR,CONTROL,4,166.0,-29.5,195.5,SELL,BUY,True,166.0,-29.5,195.5,0.0,False,CONTROL_OR_NO_SINGLE_SURVIVOR,,,,,999.0,
2187,2025-08-12 18:00,DISCOVERY_AUGUST,VALIDATED_SOURCE,WEEKDAY_WEAK,1,FIXED_50_ARM_2R,FIXED,0,166.0,-29.5,195.5,SELL,BUY,True,31.0,-29.5,60.5,-135.0,True,PAIR_PROTECTED_FLOOR,2025-08-12T22:00:00.110292121+00:00,23941.5,81.0,40.5,2.0,0.5
2187,2025-08-12 18:00,DISCOVERY_AUGUST,VALIDATED_SOURCE,WEEKDAY_WEAK,1,FIXED_50_ARM_2R,FIXED,1,166.0,-29.5,195.5,SELL,BUY,True,26.0,-29.5,55.5,-140.0,True,PAIR_PROTECTED_FLOOR,2025-08-12T22:00:00.110292121+00:00,23941.75,81.0,40.5,2.0,0.5
2187,2025-08-12 18:00,DISCOVERY_AUGUST,VALIDATED_SOURCE,WEEKDAY_WEAK,1,FIXED_50_ARM_2R,FIXED,2,166.0,-29.5,195.5,SELL,BUY,True,21.0,-29.5,50.5,-145.0,True,PAIR_PROTECTED_FLOOR,2025-08-12T22:00:00.110292121+00:00,23942.0,81.0,40.5,2.0,0.5
2187,2025-08-12 18:00,DISCOVERY_AUGUST,VALIDATED_SOURCE,WEEKDAY_WEAK,1,FIXED_50_ARM_2R,FIXED,4,166.0,-29.5,195.5,SELL,BUY,True,11.0,-29.5,40.5,-155.0,True,PAIR_PROTECTED_FLOOR,2025-08-12T22:00:00.110292121+00:00,23942.5,81.0,40.5,2.0,0.5
2187,2025-08-12 18:00,DISCOVERY_AUGUST,VALIDATED_SOURCE,WEEKDAY_WEAK,1,FIXED_65_ARM_2R,FIXED,0,166.0,-29.5,195.5,SELL,BUY,True,31.0,-29.5,60.5,-135.0,True,PAIR_PROTECTED_FLOOR,2025-08-12T22:00:00.110292121+00:00,23941.5,81.0,52.65,2.0,0.65
2187,2025-08-12 18:00,DISCOVERY_AUGUST,VALIDATED_SOURCE,WEEKDAY_WEAK,1,FIXED_65_ARM_2R,FIXED,1,166.0,-29.5,195.5,SELL,BUY,True,26.0,-29.5,55.5,-140.0,True,PAIR_PROTECTED_FLOOR,2025-08-12T22:00:00.110292121+00:00,23941.75,81.0,52.65,2.0,0.65
2187,2025-08-12 18:00,DISCOVERY_AUGUST,VALIDATED_SOURCE,WEEKDAY_WEAK,1,FIXED_65_ARM_2R,FIXED,2,166.0,-29.5,195.5,SELL,BUY,True,21.0,-29.5,50.5,-145.0,True,PAIR_PROTECTED_FLOOR,2025-08-12T22:00:00.110292121+00:00,23942.0,81.0,52.65,2.0,0.65
2187,2025-08-12 18:00,DISCOVERY_AUGUST,VALIDATED_SOURCE,WEEKDAY_WEAK,1,FIXED_65_ARM_2R,FIXED,4,166.0,-29.5,195.5,SELL,BUY,True,11.0,-29.5,40.5,-155.0,True,PAIR_PROTECTED_FLOOR,2025-08-12T22:00:00.110292121+00:00,23942.5,81.0,52.65,2.0,0.65
2187,2025-08-12 18:00,DISCOVERY_AUGUST,VALIDATED_SOURCE,WEEKDAY_WEAK,1,FIXED_75_ARM_2R,FIXED,0,166.0,-29.5,195.5,SELL,BUY,True,56.0,-29.5,85.5,-110.0,True,PAIR_PROTECTED_FLOOR,2025-08-12T22:00:00.040204585+00:00,23940.25,81.0,60.75,2.0,0.75
2187,2025-08-12 18:00,DISCOVERY_AUGUST,VALIDATED_SOURCE,WEEKDAY_WEAK,1,FIXED_75_ARM_2R,FIXED,1,166.0,-29.5,195.5,SELL,BUY,True,51.0,-29.5,80.5,-115.0,True,PAIR_PROTECTED_FLOOR,2025-08-12T22:00:00.040204585+00:00,23940.5,81.0,60.75,2.0,0.75
2187,2025-08-12 18:00,DISCOVERY_AUGUST,VALIDATED_SOURCE,WEEKDAY_WEAK,1,FIXED_75_ARM_2R,FIXED,2,166.0,-29.5,195.5,SELL,BUY,True,46.0,-29.5,75.5,-120.0,True,PAIR_PROTECTED_FLOOR,2025-08-12T22:00:00.040204585+00:00,23940.75,81.0,60.75,2.0,0.75
2187,2025-08-12 18:00,DISCOVERY_AUGUST,VALIDATED_SOURCE,WEEKDAY_WEAK,1,FIXED_75_ARM_2R,FIXED,4,166.0,-29.5,195.5,SELL,BUY,True,36.0,-29.5,65.5,-130.0,True,PAIR_PROTECTED_FLOOR,2025-08-12T22:00:00.040204585+00:00,23941.25,81.0,60.75,2.0,0.75
2187,2025-08-12 18:00,DISCOVERY_AUGUST,VALIDATED_SOURCE,WEEKDAY_WEAK,1,FIXED_85_ARM_2R,FIXED,0,166.0,-29.5,195.5,SELL,BUY,True,56.0,-29.5,85.5,-110.0,True,PAIR_PROTECTED_FLOOR,2025-08-12T22:00:00.040204585+00:00,23940.25,81.0,68.85,2.0,0.85
2187,2025-08-12 18:00,DISCOVERY_AUGUST,VALIDATED_SOURCE,WEEKDAY_WEAK,1,FIXED_85_ARM_2R,FIXED,1,166.0,-29.5,195.5,SELL,BUY,True,51.0,-29.5,80.5,-115.0,True,PAIR_PROTECTED_FLOOR,2025-08-12T22:00:00.040204585+00:00,23940.5,81.0,68.85,2.0,0.85
2187,2025-08-12 18:00,DISCOVERY_AUGUST,VALIDATED_SOURCE,WEEKDAY_WEAK,1,FIXED_85_ARM_2R,FIXED,2,166.0,-29.5,195.5,SELL,BUY,True,46.0,-29.5,75.5,-120.0,True,PAIR_PROTECTED_FLOOR,2025-08-12T22:00:00.040204585+00:00,23940.75,81.0,68.85,2.0,0.85
2187,2025-08-12 18:00,DISCOVERY_AUGUST,VALIDATED_SOURCE,WEEKDAY_WEAK,1,FIXED_85_ARM_2R,FIXED,4,166.0,-29.5,195.5,SELL,BUY,True,36.0,-29.5,65.5,-130.0,True,PAIR_PROTECTED_FLOOR,2025-08-12T22:00:00.040204585+00:00,23941.25,81.0,68.85,2.0,0.85
2187,2025-08-12 18:00,DISCOVERY_AUGUST,VALIDATED_SOURCE,WEEKDAY_WEAK,1,FIXED_50_ARM_3R,FIXED,0,166.0,-29.5,195.5,SELL,BUY,True,166.0,-29.5,195.5,0.0,False,CONTROL_TARGET_REACHED,,,141.0,70.5,3.0,0.5
2187,2025-08-12 18:00,DISCOVERY_AUGUST,VALIDATED_SOURCE,WEEKDAY_WEAK,1,FIXED_50_ARM_3R,FIXED,1,166.0,-29.5,195.5,SELL,BUY,True,166.0,-29.5,195.5,0.0,False,CONTROL_TARGET_REACHED,,,141.0,70.5,3.0,0.5
2187,2025-08-12 18:00,DISCOVERY_AUGUST,VALIDATED_SOURCE,WEEKDAY_WEAK,1,FIXED_50_ARM_3R,FIXED,2,166.0,-29.5,195.5,SELL,BUY,True,166.0,-29.5,195.5,0.0,False,CONTROL_TARGET_REACHED,,,141.0,70.5,3.0,0.5
2187,2025-08-12 18:00,DISCOVERY_AUGUST,VALIDATED_SOURCE,WEEKDAY_WEAK,1,FIXED_50_ARM_3R,FIXED,4,166.0,-29.5,195.5,SELL,BUY,True,166.0,-29.5,195.5,0.0,False,CONTROL_TARGET_REACHED,,,141.0,70.5,3.0,0.5
2187,2025-08-12 18:00,DISCOVERY_AUGUST,VALIDATED_SOURCE,WEEKDAY_WEAK,1,FIXED_65_ARM_3R,FIXED,0,166.0,-29.5,195.5,SELL,BUY,True,91.0,-29.5,120.5,-75.0,True,PAIR_PROTECTED_FLOOR,2025-08-12T22:00:01.006925677+00:00,23938.5,141.0,91.65,3.0,0.65
2187,2025-08-12 18:00,DISCOVERY_AUGUST,VALIDATED_SOURCE,WEEKDAY_WEAK,1,FIXED_65_ARM_3R,FIXED,1,166.0,-29.5,195.5,SELL,BUY,True,86.0,-29.5,115.5,-80.0,True,PAIR_PROTECTED_FLOOR,2025-08-12T22:00:01.006925677+00:00,23938.75,141.0,91.65,3.0,0.65
2187,2025-08-12 18:00,DISCOVERY_AUGUST,VALIDATED_SOURCE,WEEKDAY_WEAK,1,FIXED_65_ARM_3R,FIXED,2,166.0,-29.5,195.5,SELL,BUY,True,81.0,-29.5,110.5,-85.0,True,PAIR_PROTECTED_FLOOR,2025-08-12T22:00:01.006925677+00:00,23939.0,141.0,91.65,3.0,0.65
2187,2025-08-12 18:00,DISCOVERY_AUGUST,VALIDATED_SOURCE,WEEKDAY_WEAK,1,FIXED_65_ARM_3R,FIXED,4,166.0,-29.5,195.5,SELL,BUY,True,71.0,-29.5,100.5,-95.0,True,PAIR_PROTECTED_FLOOR,2025-08-12T22:00:01.006925677+00:00,23939.5,141.0,91.65,3.0,0.65
2187,2025-08-12 18:00,DISCOVERY_AUGUST,VALIDATED_SOURCE,WEEKDAY_WEAK,1,FIXED_75_ARM_3R,FIXED,0,166.0,-29.5,195.5,SELL,BUY,True,91.0,-29.5,120.5,-75.0,True,PAIR_PROTECTED_FLOOR,2025-08-12T22:00:01.006925677+00:00,23938.5,141.0,105.75,3.0,0.75
2187,2025-08-12 18:00,DISCOVERY_AUGUST,VALIDATED_SOURCE,WEEKDAY_WEAK,1,FIXED_75_ARM_3R,FIXED,1,166.0,-29.5,195.5,SELL,BUY,True,86.0,-29.5,115.5,-80.0,True,PAIR_PROTECTED_FLOOR,2025-08-12T22:00:01.006925677+00:00,23938.75,141.0,105.75,3.0,0.75
2187,2025-08-12 18:00,DISCOVERY_AUGUST,VALIDATED_SOURCE,WEEKDAY_WEAK,1,FIXED_75_ARM_3R,FIXED,2,166.0,-29.5,195.5,SELL,BUY,True,81.0,-29.5,110.5,-85.0,True,PAIR_PROTECTED_FLOOR,2025-08-12T22:00:01.006925677+00:00,23939.0,141.0,105.75,3.0,0.75
2187,2025-08-12 18:00,DISCOVERY_AUGUST,VALIDATED_SOURCE,WEEKDAY_WEAK,1,FIXED_75_ARM_3R,FIXED,4,166.0,-29.5,195.5,SELL,BUY,True,71.0,-29.5,100.5,-95.0,True,PAIR_PROTECTED_FLOOR,2025-08-12T22:00:01.006925677+00:00,23939.5,141.0,105.75,3.0,0.75
2187,2025-08-12 18:00,DISCOVERY_AUGUST,VALIDATED_SOURCE,WEEKDAY_WEAK,1,FIXED_85_ARM_3R,FIXED,0,166.0,-29.5,195.5,SELL,BUY,True,106.0,-29.5,135.5,-60.0,True,PAIR_PROTECTED_FLOOR,2025-08-12T22:00:00.964425831+00:00,23937.75,141.0,119.85,3.0,0.85
2187,2025-08-12 18:00,DISCOVERY_AUGUST,VALIDATED_SOURCE,WEEKDAY_WEAK,1,FIXED_85_ARM_3R,FIXED,1,166.0,-29.5,195.5,SELL,BUY,True,101.0,-29.5,130.5,-65.0,True,PAIR_PROTECTED_FLOOR,2025-08-12T22:00:00.964425831+00:00,23938.0,141.0,119.85,3.0,0.85
2187,2025-08-12 18:00,DISCOVERY_AUGUST,VALIDATED_SOURCE,WEEKDAY_WEAK,1,FIXED_85_ARM_3R,FIXED,2,166.0,-29.5,195.5,SELL,BUY,True,96.0,-29.5,125.5,-70.0,True,PAIR_PROTECTED_FLOOR,2025-08-12T22:00:00.964425831+00:00,23938.25,141.0,119.85,3.0,0.85
2187,2025-08-12 18:00,DISCOVERY_AUGUST,VALIDATED_SOURCE,WEEKDAY_WEAK,1,FIXED_85_ARM_3R,FIXED,4,166.0,-29.5,195.5,SELL,BUY,True,86.0,-29.5,115.5,-80.0,True,PAIR_PROTECTED_FLOOR,2025-08-12T22:00:00.964425831+00:00,23938.75,141.0,119.85,3.0,0.85
2187,2025-08-12 18:00,DISCOVERY_AUGUST,VALIDATED_SOURCE,WEEKDAY_WEAK,1,FIXED_50_ARM_4R,FIXED,0,166.0,-29.5,195.5,SELL,BUY,True,166.0,-29.5,195.5,0.0,False,CONTROL_TARGET_REACHED,,,141.0,70.5,4.0,0.5
2187,2025-08-12 18:00,DISCOVERY_AUGUST,VALIDATED_SOURCE,WEEKDAY_WEAK,1,FIXED_50_ARM_4R,FIXED,1,166.0,-29.5,195.5,SELL,BUY,True,166.0,-29.5,195.5,0.0,False,CONTROL_TARGET_REACHED,,,141.0,70.5,4.0,0.5
2187,2025-08-12 18:00,DISCOVERY_AUGUST,VALIDATED_SOURCE,WEEKDAY_WEAK,1,FIXED_50_ARM_4R,FIXED,2,166.0,-29.5,195.5,SELL,BUY,True,166.0,-29.5,195.5,0.0,False,CONTROL_TARGET_REACHED,,,141.0,70.5,4.0,0.5
2187,2025-08-12 18:00,DISCOVERY_AUGUST,VALIDATED_SOURCE,WEEKDAY_WEAK,1,FIXED_50_ARM_4R,FIXED,4,166.0,-29.5,195.5,SELL,BUY,True,166.0,-29.5,195.5,0.0,False,CONTROL_TARGET_REACHED,,,141.0,70.5,4.0,0.5
2187,2025-08-12 18:00,DISCOVERY_AUGUST,VALIDATED_SOURCE,WEEKDAY_WEAK,1,FIXED_65_ARM_4R,FIXED,0,166.0,-29.5,195.5,SELL,BUY,True,91.0,-29.5,120.5,-75.0,True,PAIR_PROTECTED_FLOOR,2025-08-12T22:00:01.006925677+00:00,23938.5,141.0,91.65,4.0,0.65
2187,2025-08-12 18:00,DISCOVERY_AUGUST,VALIDATED_SOURCE,WEEKDAY_WEAK,1,FIXED_65_ARM_4R,FIXED,1,166.0,-29.5,195.5,SELL,BUY,True,86.0,-29.5,115.5,-80.0,True,PAIR_PROTECTED_FLOOR,2025-08-12T22:00:01.006925677+00:00,23938.75,141.0,91.65,4.0,0.65
2187,2025-08-12 18:00,DISCOVERY_AUGUST,VALIDATED_SOURCE,WEEKDAY_WEAK,1,FIXED_65_ARM_4R,FIXED,2,166.0,-29.5,195.5,SELL,BUY,True,81.0,-29.5,110.5,-85.0,True,PAIR_PROTECTED_FLOOR,2025-08-12T22:00:01.006925677+00:00,23939.0,141.0,91.65,4.0,0.65
2187,2025-08-12 18:00,DISCOVERY_AUGUST,VALIDATED_SOURCE,WEEKDAY_WEAK,1,FIXED_65_ARM_4R,FIXED,4,166.0,-29.5,195.5,SELL,BUY,True,71.0,-29.5,100.5,-95.0,True,PAIR_PROTECTED_FLOOR,2025-08-12T22:00:01.006925677+00:00,23939.5,141.0,91.65,4.0,0.65
2187,2025-08-12 18:00,DISCOVERY_AUGUST,VALIDATED_SOURCE,WEEKDAY_WEAK,1,FIXED_75_ARM_4R,FIXED,0,166.0,-29.5,195.5,SELL,BUY,True,91.0,-29.5,120.5,-75.0,True,PAIR_PROTECTED_FLOOR,2025-08-12T22:00:01.006925677+00:00,23938.5,141.0,105.75,4.0,0.75
2187,2025-08-12 18:00,DISCOVERY_AUGUST,VALIDATED_SOURCE,WEEKDAY_WEAK,1,FIXED_75_ARM_4R,FIXED,1,166.0,-29.5,195.5,SELL,BUY,True,86.0,-29.5,115.5,-80.0,True,PAIR_PROTECTED_FLOOR,2025-08-12T22:00:01.006925677+00:00,23938.75,141.0,105.75,4.0,0.75
2187,2025-08-12 18:00,DISCOVERY_AUGUST,VALIDATED_SOURCE,WEEKDAY_WEAK,1,FIXED_75_ARM_4R,FIXED,2,166.0,-29.5,195.5,SELL,BUY,True,81.0,-29.5,110.5,-85.0,True,PAIR_PROTECTED_FLOOR,2025-08-12T22:00:01.006925677+00:00,23939.0,141.0,105.75,4.0,0.75
2187,2025-08-12 18:00,DISCOVERY_AUGUST,VALIDATED_SOURCE,WEEKDAY_WEAK,1,FIXED_75_ARM_4R,FIXED,4,166.0,-29.5,195.5,SELL,BUY,True,71.0,-29.5,100.5,-95.0,True,PAIR_PROTECTED_FLOOR,2025-08-12T22:00:01.006925677+00:00,23939.5,141.0,105.75,4.0,0.75
2187,2025-08-12 18:00,DISCOVERY_AUGUST,VALIDATED_SOURCE,WEEKDAY_WEAK,1,FIXED_85_ARM_4R,FIXED,0,166.0,-29.5,195.5,SELL,BUY,True,106.0,-29.5,135.5,-60.0,True,PAIR_PROTECTED_FLOOR,2025-08-12T22:00:00.964425831+00:00,23937.75,141.0,119.85,4.0,0.85
2187,2025-08-12 18:00,DISCOVERY_AUGUST,VALIDATED_SOURCE,WEEKDAY_WEAK,1,FIXED_85_ARM_4R,FIXED,1,166.0,-29.5,195.5,SELL,BUY,True,101.0,-29.5,130.5,-65.0,True,PAIR_PROTECTED_FLOOR,2025-08-12T22:00:00.964425831+00:00,23938.0,141.0,119.85,4.0,0.85
2187,2025-08-12 18:00,DISCOVERY_AUGUST,VALIDATED_SOURCE,WEEKDAY_WEAK,1,FIXED_85_ARM_4R,FIXED,2,166.0,-29.5,195.5,SELL,BUY,True,96.0,-29.5,125.5,-70.0,True,PAIR_PROTECTED_FLOOR,2025-08-12T22:00:00.964425831+00:00,23938.25,141.0,119.85,4.0,0.85
2187,2025-08-12 18:00,DISCOVERY_AUGUST,VALIDATED_SOURCE,WEEKDAY_WEAK,1,FIXED_85_ARM_4R,FIXED,4,166.0,-29.5,195.5,SELL,BUY,True,86.0,-29.5,115.5,-80.0,True,PAIR_PROTECTED_FLOOR,2025-08-12T22:00:00.964425831+00:00,23938.75,141.0,119.85,4.0,0.85
2187,2025-08-12 18:00,DISCOVERY_AUGUST,VALIDATED_SOURCE,WEEKDAY_WEAK,1,FIXED_50_ARM_5R,FIXED,0,166.0,-29.5,195.5,SELL,BUY,True,166.0,-29.5,195.5,0.0,False,CONTROL_TARGET_REACHED,,,141.0,,5.0,
2187,2025-08-12 18:00,DISCOVERY_AUGUST,VALIDATED_SOURCE,WEEKDAY_WEAK,1,FIXED_50_ARM_5R,FIXED,1,166.0,-29.5,195.5,SELL,BUY,True,166.0,-29.5,195.5,0.0,False,CONTROL_TARGET_REACHED,,,141.0,,5.0,
2187,2025-08-12 18:00,DISCOVERY_AUGUST,VALIDATED_SOURCE,WEEKDAY_WEAK,1,FIXED_50_ARM_5R,FIXED,2,166.0,-29.5,195.5,SELL,BUY,True,166.0,-29.5,195.5,0.0,False,CONTROL_TARGET_REACHED,,,141.0,,5.0,
2187,2025-08-12 18:00,DISCOVERY_AUGUST,VALIDATED_SOURCE,WEEKDAY_WEAK,1,FIXED_50_ARM_5R,FIXED,4,166.0,-29.5,195.5,SELL,BUY,True,166.0,-29.5,195.5,0.0,False,CONTROL_TARGET_REACHED,,,141.0,,5.0,
2187,2025-08-12 18:00,DISCOVERY_AUGUST,VALIDATED_SOURCE,WEEKDAY_WEAK,1,FIXED_65_ARM_5R,FIXED,0,166.0,-29.5,195.5,SELL,BUY,True,166.0,-29.5,195.5,0.0,False,CONTROL_TARGET_REACHED,,,141.0,,5.0,
2187,2025-08-12 18:00,DISCOVERY_AUGUST,VALIDATED_SOURCE,WEEKDAY_WEAK,1,FIXED_65_ARM_5R,FIXED,1,166.0,-29.5,195.5,SELL,BUY,True,166.0,-29.5,195.5,0.0,False,CONTROL_TARGET_REACHED,,,141.0,,5.0,
2187,2025-08-12 18:00,DISCOVERY_AUGUST,VALIDATED_SOURCE,WEEKDAY_WEAK,1,FIXED_65_ARM_5R,FIXED,2,166.0,-29.5,195.5,SELL,BUY,True,166.0,-29.5,195.5,0.0,False,CONTROL_TARGET_REACHED,,,141.0,,5.0,
2187,2025-08-12 18:00,DISCOVERY_AUGUST,VALIDATED_SOURCE,WEEKDAY_WEAK,1,FIXED_65_ARM_5R,FIXED,4,166.0,-29.5,195.5,SELL,BUY,True,166.0,-29.5,195.5,0.0,False,CONTROL_TARGET_REACHED,,,141.0,,5.0,
2187,2025-08-12 18:00,DISCOVERY_AUGUST,VALIDATED_SOURCE,WEEKDAY_WEAK,1,FIXED_75_ARM_5R,FIXED,0,166.0,-29.5,195.5,SELL,BUY,True,166.0,-29.5,195.5,0.0,False,CONTROL_TARGET_REACHED,,,141.0,,5.0,
2187,2025-08-12 18:00,DISCOVERY_AUGUST,VALIDATED_SOURCE,WEEKDAY_WEAK,1,FIXED_75_ARM_5R,FIXED,1,166.0,-29.5,195.5,SELL,BUY,True,166.0,-29.5,195.5,0.0,False,CONTROL_TARGET_REACHED,,,141.0,,5.0,
2187,2025-08-12 18:00,DISCOVERY_AUGUST,VALIDATED_SOURCE,WEEKDAY_WEAK,1,FIXED_75_ARM_5R,FIXED,2,166.0,-29.5,195.5,SELL,BUY,True,166.0,-29.5,195.5,0.0,False,CONTROL_TARGET_REACHED,,,141.0,,5.0,
2187,2025-08-12 18:00,DISCOVERY_AUGUST,VALIDATED_SOURCE,WEEKDAY_WEAK,1,FIXED_75_ARM_5R,FIXED,4,166.0,-29.5,195.5,SELL,BUY,True,166.0,-29.5,195.5,0.0,False,CONTROL_TARGET_REACHED,,,141.0,,5.0,
2187,2025-08-12 18:00,DISCOVERY_AUGUST,VALIDATED_SOURCE,WEEKDAY_WEAK,1,FIXED_85_ARM_5R,FIXED,0,166.0,-29.5,195.5,SELL,BUY,True,166.0,-29.5,195.5,0.0,False,CONTROL_TARGET_REACHED,,,141.0,,5.0,
2187,2025-08-12 18:00,DISCOVERY_AUGUST,VALIDATED_SOURCE,WEEKDAY_WEAK,1,FIXED_85_ARM_5R,FIXED,1,166.0,-29.5,195.5,SELL,BUY,True,166.0,-29.5,195.5,0.0,False,CONTROL_TARGET_REACHED,,,141.0,,5.0,
2187,2025-08-12 18:00,DISCOVERY_AUGUST,VALIDATED_SOURCE,WEEKDAY_WEAK,1,FIXED_85_ARM_5R,FIXED,2,166.0,-29.5,195.5,SELL,BUY,True,166.0,-29.5,195.5,0.0,False,CONTROL_TARGET_REACHED,,,141.0,,5.0,
2187,2025-08-12 18:00,DISCOVERY_AUGUST,VALIDATED_SOURCE,WEEKDAY_WEAK,1,FIXED_85_ARM_5R,FIXED,4,166.0,-29.5,195.5,SELL,BUY,True,166.0,-29.5,195.5,0.0,False,CONTROL_TARGET_REACHED,,,141.0,,5.0,
2187,2025-08-12 18:00,DISCOVERY_AUGUST,VALIDATED_SOURCE,WEEKDAY_WEAK,1,DYNAMIC_FAST_2R_4R_6R_8R,DYNAMIC,0,166.0,-29.5,195.5,SELL,BUY,True,31.0,-29.5,60.5,-135.0,True,PAIR_PROTECTED_FLOOR,2025-08-12T22:00:00.110292121+00:00,23941.5,81.0,40.5,2.0,0.5
2187,2025-08-12 18:00,DISCOVERY_AUGUST,VALIDATED_SOURCE,WEEKDAY_WEAK,1,DYNAMIC_FAST_2R_4R_6R_8R,DYNAMIC,1,166.0,-29.5,195.5,SELL,BUY,True,26.0,-29.5,55.5,-140.0,True,PAIR_PROTECTED_FLOOR,2025-08-12T22:00:00.110292121+00:00,23941.75,81.0,40.5,2.0,0.5
2187,2025-08-12 18:00,DISCOVERY_AUGUST,VALIDATED_SOURCE,WEEKDAY_WEAK,1,DYNAMIC_FAST_2R_4R_6R_8R,DYNAMIC,2,166.0,-29.5,195.5,SELL,BUY,True,21.0,-29.5,50.5,-145.0,True,PAIR_PROTECTED_FLOOR,2025-08-12T22:00:00.110292121+00:00,23942.0,81.0,40.5,2.0,0.5
2187,2025-08-12 18:00,DISCOVERY_AUGUST,VALIDATED_SOURCE,WEEKDAY_WEAK,1,DYNAMIC_FAST_2R_4R_6R_8R,DYNAMIC,4,166.0,-29.5,195.5,SELL,BUY,True,11.0,-29.5,40.5,-155.0,True,PAIR_PROTECTED_FLOOR,2025-08-12T22:00:00.110292121+00:00,23942.5,81.0,40.5,2.0,0.5
2187,2025-08-12 18:00,DISCOVERY_AUGUST,VALIDATED_SOURCE,WEEKDAY_WEAK,1,DYNAMIC_BALANCED_3R_5R_8R_12R,DYNAMIC,0,166.0,-29.5,195.5,SELL,BUY,True,166.0,-29.5,195.5,0.0,False,CONTROL_TARGET_REACHED,,,141.0,70.5,3.0,0.5
2187,2025-08-12 18:00,DISCOVERY_AUGUST,VALIDATED_SOURCE,WEEKDAY_WEAK,1,DYNAMIC_BALANCED_3R_5R_8R_12R,DYNAMIC,1,166.0,-29.5,195.5,SELL,BUY,True,166.0,-29.5,195.5,0.0,False,CONTROL_TARGET_REACHED,,,141.0,70.5,3.0,0.5
2187,2025-08-12 18:00,DISCOVERY_AUGUST,VALIDATED_SOURCE,WEEKDAY_WEAK,1,DYNAMIC_BALANCED_3R_5R_8R_12R,DYNAMIC,2,166.0,-29.5,195.5,SELL,BUY,True,166.0,-29.5,195.5,0.0,False,CONTROL_TARGET_REACHED,,,141.0,70.5,3.0,0.5
2187,2025-08-12 18:00,DISCOVERY_AUGUST,VALIDATED_SOURCE,WEEKDAY_WEAK,1,DYNAMIC_BALANCED_3R_5R_8R_12R,DYNAMIC,4,166.0,-29.5,195.5,SELL,BUY,True,166.0,-29.5,195.5,0.0,False,CONTROL_TARGET_REACHED,,,141.0,70.5,3.0,0.5
2187,2025-08-12 18:00,DISCOVERY_AUGUST,VALIDATED_SOURCE,WEEKDAY_WEAK,1,DYNAMIC_LOOSE_4R_7R_11R_16R,DYNAMIC,0,166.0,-29.5,195.5,SELL,BUY,True,166.0,-29.5,195.5,0.0,False,CONTROL_TARGET_REACHED,,,141.0,70.5,4.0,0.5
2187,2025-08-12 18:00,DISCOVERY_AUGUST,VALIDATED_SOURCE,WEEKDAY_WEAK,1,DYNAMIC_LOOSE_4R_7R_11R_16R,DYNAMIC,1,166.0,-29.5,195.5,SELL,BUY,True,166.0,-29.5,195.5,0.0,False,CONTROL_TARGET_REACHED,,,141.0,70.5,4.0,0.5
2187,2025-08-12 18:00,DISCOVERY_AUGUST,VALIDATED_SOURCE,WEEKDAY_WEAK,1,DYNAMIC_LOOSE_4R_7R_11R_16R,DYNAMIC,2,166.0,-29.5,195.5,SELL,BUY,True,166.0,-29.5,195.5,0.0,False,CONTROL_TARGET_REACHED,,,141.0,70.5,4.0,0.5
2187,2025-08-12 18:00,DISCOVERY_AUGUST,VALIDATED_SOURCE,WEEKDAY_WEAK,1,DYNAMIC_LOOSE_4R_7R_11R_16R,DYNAMIC,4,166.0,-29.5,195.5,SELL,BUY,True,166.0,-29.5,195.5,0.0,False,CONTROL_TARGET_REACHED,,,141.0,70.5,4.0,0.5
2187,2025-08-12 18:00,DISCOVERY_AUGUST,VALIDATED_SOURCE,WEEKDAY_WEAK,1,ADAPTIVE_VOL_ARM_3R,ADAPTIVE,0,166.0,-29.5,195.5,SELL,BUY,True,91.0,-29.5,120.5,-75.0,True,PAIR_PROTECTED_FLOOR,2025-08-12T22:00:01.006925677+00:00,23938.5,141.0,91.65,3.0,0.65
2187,2025-08-12 18:00,DISCOVERY_AUGUST,VALIDATED_SOURCE,WEEKDAY_WEAK,1,ADAPTIVE_VOL_ARM_3R,ADAPTIVE,1,166.0,-29.5,195.5,SELL,BUY,True,86.0,-29.5,115.5,-80.0,True,PAIR_PROTECTED_FLOOR,2025-08-12T22:00:01.006925677+00:00,23938.75,141.0,91.65,3.0,0.65
2187,2025-08-12 18:00,DISCOVERY_AUGUST,VALIDATED_SOURCE,WEEKDAY_WEAK,1,ADAPTIVE_VOL_ARM_3R,ADAPTIVE,2,166.0,-29.5,195.5,SELL,BUY,True,81.0,-29.5,110.5,-85.0,True,PAIR_PROTECTED_FLOOR,2025-08-12T22:00:01.006925677+00:00,23939.0,141.0,91.65,3.0,0.65
2187,2025-08-12 18:00,DISCOVERY_AUGUST,VALIDATED_SOURCE,WEEKDAY_WEAK,1,ADAPTIVE_VOL_ARM_3R,ADAPTIVE,4,166.0,-29.5,195.5,SELL,BUY,True,71.0,-29.5,100.5,-95.0,True,PAIR_PROTECTED_FLOOR,2025-08-12T22:00:01.006925677+00:00,23939.5,141.0,91.65,3.0,0.65
2187,2025-08-12 18:00,DISCOVERY_AUGUST,VALIDATED_SOURCE,WEEKDAY_WEAK,1,ADAPTIVE_VOL_ARM_4R,ADAPTIVE,0,166.0,-29.5,195.5,SELL,BUY,True,91.0,-29.5,120.5,-75.0,True,PAIR_PROTECTED_FLOOR,2025-08-12T22:00:01.006925677+00:00,23938.5,141.0,91.65,4.0,0.65
2187,2025-08-12 18:00,DISCOVERY_AUGUST,VALIDATED_SOURCE,WEEKDAY_WEAK,1,ADAPTIVE_VOL_ARM_4R,ADAPTIVE,1,166.0,-29.5,195.5,SELL,BUY,True,86.0,-29.5,115.5,-80.0,True,PAIR_PROTECTED_FLOOR,2025-08-12T22:00:01.006925677+00:00,23938.75,141.0,91.65,4.0,0.65
2187,2025-08-12 18:00,DISCOVERY_AUGUST,VALIDATED_SOURCE,WEEKDAY_WEAK,1,ADAPTIVE_VOL_ARM_4R,ADAPTIVE,2,166.0,-29.5,195.5,SELL,BUY,True,81.0,-29.5,110.5,-85.0,True,PAIR_PROTECTED_FLOOR,2025-08-12T22:00:01.006925677+00:00,23939.0,141.0,91.65,4.0,0.65
2187,2025-08-12 18:00,DISCOVERY_AUGUST,VALIDATED_SOURCE,WEEKDAY_WEAK,1,ADAPTIVE_VOL_ARM_4R,ADAPTIVE,4,166.0,-29.5,195.5,SELL,BUY,True,71.0,-29.5,100.5,-95.0,True,PAIR_PROTECTED_FLOOR,2025-08-12T22:00:01.006925677+00:00,23939.5,141.0,91.65,4.0,0.65
2188,2025-08-13 09:30,DISCOVERY_AUGUST,VALIDATED_SOURCE,NY,2,CONTROL_NO_PAIR_FLOOR,CONTROL,0,-118.0,-59.0,-59.0,SELL,BUY,False,-118.0,-59.0,-59.0,0.0,False,CONTROL_OR_NO_SINGLE_SURVIVOR,,,,,999.0,
2188,2025-08-13 09:30,DISCOVERY_AUGUST,VALIDATED_SOURCE,NY,2,CONTROL_NO_PAIR_FLOOR,CONTROL,1,-118.0,-59.0,-59.0,SELL,BUY,False,-118.0,-59.0,-59.0,0.0,False,CONTROL_OR_NO_SINGLE_SURVIVOR,,,,,999.0,
2188,2025-08-13 09:30,DISCOVERY_AUGUST,VALIDATED_SOURCE,NY,2,CONTROL_NO_PAIR_FLOOR,CONTROL,2,-118.0,-59.0,-59.0,SELL,BUY,False,-118.0,-59.0,-59.0,0.0,False,CONTROL_OR_NO_SINGLE_SURVIVOR,,,,,999.0,
2188,2025-08-13 09:30,DISCOVERY_AUGUST,VALIDATED_SOURCE,NY,2,CONTROL_NO_PAIR_FLOOR,CONTROL,4,-118.0,-59.0,-59.0,SELL,BUY,False,-118.0,-59.0,-59.0,0.0,False,CONTROL_OR_NO_SINGLE_SURVIVOR,,,,,999.0,
2188,2025-08-13 09:30,DISCOVERY_AUGUST,VALIDATED_SOURCE,NY,2,FIXED_50_ARM_2R,FIXED,0,-118.0,-59.0,-59.0,SELL,BUY,False,-118.0,-59.0,-59.0,0.0,False,CONTROL_OR_NO_SINGLE_SURVIVOR,,,,,2.0,
2188,2025-08-13 09:30,DISCOVERY_AUGUST,VALIDATED_SOURCE,NY,2,FIXED_50_ARM_2R,FIXED,1,-118.0,-59.0,-59.0,SELL,BUY,False,-118.0,-59.0,-59.0,0.0,False,CONTROL_OR_NO_SINGLE_SURVIVOR,,,,,2.0,
2188,2025-08-13 09:30,DISCOVERY_AUGUST,VALIDATED_SOURCE,NY,2,FIXED_50_ARM_2R,FIXED,2,-118.0,-59.0,-59.0,SELL,BUY,False,-118.0,-59.0,-59.0,0.0,False,CONTROL_OR_NO_SINGLE_SURVIVOR,,,,,2.0,
2188,2025-08-13 09:30,DISCOVERY_AUGUST,VALIDATED_SOURCE,NY,2,FIXED_50_ARM_2R,FIXED,4,-118.0,-59.0,-59.0,SELL,BUY,False,-118.0,-59.0,-59.0,0.0,False,CONTROL_OR_NO_SINGLE_SURVIVOR,,,,,2.0,
2188,2025-08-13 09:30,DISCOVERY_AUGUST,VALIDATED_SOURCE,NY,2,FIXED_65_ARM_2R,FIXED,0,-118.0,-59.0,-59.0,SELL,BUY,False,-118.0,-59.0,-59.0,0.0,False,CONTROL_OR_NO_SINGLE_SURVIVOR,,,,,2.0,
2188,2025-08-13 09:30,DISCOVERY_AUGUST,VALIDATED_SOURCE,NY,2,FIXED_65_ARM_2R,FIXED,1,-118.0,-59.0,-59.0,SELL,BUY,False,-118.0,-59.0,-59.0,0.0,False,CONTROL_OR_NO_SINGLE_SURVIVOR,,,,,2.0,
2188,2025-08-13 09:30,DISCOVERY_AUGUST,VALIDATED_SOURCE,NY,2,FIXED_65_ARM_2R,FIXED,2,-118.0,-59.0,-59.0,SELL,BUY,False,-118.0,-59.0,-59.0,0.0,False,CONTROL_OR_NO_SINGLE_SURVIVOR,,,,,2.0,
2188,2025-08-13 09:30,DISCOVERY_AUGUST,VALIDATED_SOURCE,NY,2,FIXED_65_ARM_2R,FIXED,4,-118.0,-59.0,-59.0,SELL,BUY,False,-118.0,-59.0,-59.0,0.0,False,CONTROL_OR_NO_SINGLE_SURVIVOR,,,,,2.0,
2188,2025-08-13 09:30,DISCOVERY_AUGUST,VALIDATED_SOURCE,NY,2,FIXED_75_ARM_2R,FIXED,0,-118.0,-59.0,-59.0,SELL,BUY,False,-118.0,-59.0,-59.0,0.0,False,CONTROL_OR_NO_SINGLE_SURVIVOR,,,,,2.0,
2188,2025-08-13 09:30,DISCOVERY_AUGUST,VALIDATED_SOURCE,NY,2,FIXED_75_ARM_2R,FIXED,1,-118.0,-59.0,-59.0,SELL,BUY,False,-118.0,-59.0,-59.0,0.0,False,CONTROL_OR_NO_SINGLE_SURVIVOR,,,,,2.0,
2188,2025-08-13 09:30,DISCOVERY_AUGUST,VALIDATED_SOURCE,NY,2,FIXED_75_ARM_2R,FIXED,2,-118.0,-59.0,-59.0,SELL,BUY,False,-118.0,-59.0,-59.0,0.0,False,CONTROL_OR_NO_SINGLE_SURVIVOR,,,,,2.0,
2188,2025-08-13 09:30,DISCOVERY_AUGUST,VALIDATED_SOURCE,NY,2,FIXED_75_ARM_2R,FIXED,4,-118.0,-59.0,-59.0,SELL,BUY,False,-118.0,-59.0,-59.0,0.0,False,CONTROL_OR_NO_SINGLE_SURVIVOR,,,,,2.0,
2188,2025-08-13 09:30,DISCOVERY_AUGUST,VALIDATED_SOURCE,NY,2,FIXED_85_ARM_2R,FIXED,0,-118.0,-59.0,-59.0,SELL,BUY,False,-118.0,-59.0,-59.0,0.0,False,CONTROL_OR_NO_SINGLE_SURVIVOR,,,,,2.0,
2188,2025-08-13 09:30,DISCOVERY_AUGUST,VALIDATED_SOURCE,NY,2,FIXED_85_ARM_2R,FIXED,1,-118.0,-59.0,-59.0,SELL,BUY,False,-118.0,-59.0,-59.0,0.0,False,CONTROL_OR_NO_SINGLE_SURVIVOR,,,,,2.0,
2188,2025-08-13 09:30,DISCOVERY_AUGUST,VALIDATED_SOURCE,NY,2,FIXED_85_ARM_2R,FIXED,2,-118.0,-59.0,-59.0,SELL,BUY,False,-118.0,-59.0,-59.0,0.0,False,CONTROL_OR_NO_SINGLE_SURVIVOR,,,,,2.0,
2188,2025-08-13 09:30,DISCOVERY_AUGUST,VALIDATED_SOURCE,NY,2,FIXED_85_ARM_2R,FIXED,4,-118.0,-59.0,-59.0,SELL,BUY,False,-118.0,-59.0,-59.0,0.0,False,CONTROL_OR_NO_SINGLE_SURVIVOR,,,,,2.0,
2188,2025-08-13 09:30,DISCOVERY_AUGUST,VALIDATED_SOURCE,NY,2,FIXED_50_ARM_3R,FIXED,0,-118.0,-59.0,-59.0,SELL,BUY,False,-118.0,-59.0,-59.0,0.0,False,CONTROL_OR_NO_SINGLE_SURVIVOR,,,,,3.0,
2188,2025-08-13 09:30,DISCOVERY_AUGUST,VALIDATED_SOURCE,NY,2,FIXED_50_ARM_3R,FIXED,1,-118.0,-59.0,-59.0,SELL,BUY,False,-118.0,-59.0,-59.0,0.0,False,CONTROL_OR_NO_SINGLE_SURVIVOR,,,,,3.0,
2188,2025-08-13 09:30,DISCOVERY_AUGUST,VALIDATED_SOURCE,NY,2,FIXED_50_ARM_3R,FIXED,2,-118.0,-59.0,-59.0,SELL,BUY,False,-118.0,-59.0,-59.0,0.0,False,CONTROL_OR_NO_SINGLE_SURVIVOR,,,,,3.0,
2188,2025-08-13 09:30,DISCOVERY_AUGUST,VALIDATED_SOURCE,NY,2,FIXED_50_ARM_3R,FIXED,4,-118.0,-59.0,-59.0,SELL,BUY,False,-118.0,-59.0,-59.0,0.0,False,CONTROL_OR_NO_SINGLE_SURVIVOR,,,,,3.0,
2188,2025-08-13 09:30,DISCOVERY_AUGUST,VALIDATED_SOURCE,NY,2,FIXED_65_ARM_3R,FIXED,0,-118.0,-59.0,-59.0,SELL,BUY,False,-118.0,-59.0,-59.0,0.0,False,CONTROL_OR_NO_SINGLE_SURVIVOR,,,,,3.0,
2188,2025-08-13 09:30,DISCOVERY_AUGUST,VALIDATED_SOURCE,NY,2,FIXED_65_ARM_3R,FIXED,1,-118.0,-59.0,-59.0,SELL,BUY,False,-118.0,-59.0,-59.0,0.0,False,CONTROL_OR_NO_SINGLE_SURVIVOR,,,,,3.0,
2188,2025-08-13 09:30,DISCOVERY_AUGUST,VALIDATED_SOURCE,NY,2,FIXED_65_ARM_3R,FIXED,2,-118.0,-59.0,-59.0,SELL,BUY,False,-118.0,-59.0,-59.0,0.0,False,CONTROL_OR_NO_SINGLE_SURVIVOR,,,,,3.0,
2188,2025-08-13 09:30,DISCOVERY_AUGUST,VALIDATED_SOURCE,NY,2,FIXED_65_ARM_3R,FIXED,4,-118.0,-59.0,-59.0,SELL,BUY,False,-118.0,-59.0,-59.0,0.0,False,CONTROL_OR_NO_SINGLE_SURVIVOR,,,,,3.0,
2188,2025-08-13 09:30,DISCOVERY_AUGUST,VALIDATED_SOURCE,NY,2,FIXED_75_ARM_3R,FIXED,0,-118.0,-59.0,-59.0,SELL,BUY,False,-118.0,-59.0,-59.0,0.0,False,CONTROL_OR_NO_SINGLE_SURVIVOR,,,,,3.0,
2188,2025-08-13 09:30,DISCOVERY_AUGUST,VALIDATED_SOURCE,NY,2,FIXED_75_ARM_3R,FIXED,1,-118.0,-59.0,-59.0,SELL,BUY,False,-118.0,-59.0,-59.0,0.0,False,CONTROL_OR_NO_SINGLE_SURVIVOR,,,,,3.0,
2188,2025-08-13 09:30,DISCOVERY_AUGUST,VALIDATED_SOURCE,NY,2,FIXED_75_ARM_3R,FIXED,2,-118.0,-59.0,-59.0,SELL,BUY,False,-118.0,-59.0,-59.0,0.0,False,CONTROL_OR_NO_SINGLE_SURVIVOR,,,,,3.0,
2188,2025-08-13 09:30,DISCOVERY_AUGUST,VALIDATED_SOURCE,NY,2,FIXED_75_ARM_3R,FIXED,4,-118.0,-59.0,-59.0,SELL,BUY,False,-118.0,-59.0,-59.0,0.0,False,CONTROL_OR_NO_SINGLE_SURVIVOR,,,,,3.0,
2188,2025-08-13 09:30,DISCOVERY_AUGUST,VALIDATED_SOURCE,NY,2,FIXED_85_ARM_3R,FIXED,0,-118.0,-59.0,-59.0,SELL,BUY,False,-118.0,-59.0,-59.0,0.0,False,CONTROL_OR_NO_SINGLE_SURVIVOR,,,,,3.0,
2188,2025-08-13 09:30,DISCOVERY_AUGUST,VALIDATED_SOURCE,NY,2,FIXED_85_ARM_3R,FIXED,1,-118.0,-59.0,-59.0,SELL,BUY,False,-118.0,-59.0,-59.0,0.0,False,CONTROL_OR_NO_SINGLE_SURVIVOR,,,,,3.0,
2188,2025-08-13 09:30,DISCOVERY_AUGUST,VALIDATED_SOURCE,NY,2,FIXED_85_ARM_3R,FIXED,2,-118.0,-59.0,-59.0,SELL,BUY,False,-118.0,-59.0,-59.0,0.0,False,CONTROL_OR_NO_SINGLE_SURVIVOR,,,,,3.0,
2188,2025-08-13 09:30,DISCOVERY_AUGUST,VALIDATED_SOURCE,NY,2,FIXED_85_ARM_3R,FIXED,4,-118.0,-59.0,-59.0,SELL,BUY,False,-118.0,-59.0,-59.0,0.0,False,CONTROL_OR_NO_SINGLE_SURVIVOR,,,,,3.0,
2188,2025-08-13 09:30,DISCOVERY_AUGUST,VALIDATED_SOURCE,NY,2,FIXED_50_ARM_4R,FIXED,0,-118.0,-59.0,-59.0,SELL,BUY,False,-118.0,-59.0,-59.0,0.0,False,CONTROL_OR_NO_SINGLE_SURVIVOR,,,,,4.0,
2188,2025-08-13 09:30,DISCOVERY_AUGUST,VALIDATED_SOURCE,NY,2,FIXED_50_ARM_4R,FIXED,1,-118.0,-59.0,-59.0,SELL,BUY,False,-118.0,-59.0,-59.0,0.0,False,CONTROL_OR_NO_SINGLE_SURVIVOR,,,,,4.0,
2188,2025-08-13 09:30,DISCOVERY_AUGUST,VALIDATED_SOURCE,NY,2,FIXED_50_ARM_4R,FIXED,2,-118.0,-59.0,-59.0,SELL,BUY,False,-118.0,-59.0,-59.0,0.0,False,CONTROL_OR_NO_SINGLE_SURVIVOR,,,,,4.0,
2188,2025-08-13 09:30,DISCOVERY_AUGUST,VALIDATED_SOURCE,NY,2,FIXED_50_ARM_4R,FIXED,4,-118.0,-59.0,-59.0,SELL,BUY,False,-118.0,-59.0,-59.0,0.0,False,CONTROL_OR_NO_SINGLE_SURVIVOR,,,,,4.0,
2188,2025-08-13 09:30,DISCOVERY_AUGUST,VALIDATED_SOURCE,NY,2,FIXED_65_ARM_4R,FIXED,0,-118.0,-59.0,-59.0,SELL,BUY,False,-118.0,-59.0,-59.0,0.0,False,CONTROL_OR_NO_SINGLE_SURVIVOR,,,,,4.0,
2188,2025-08-13 09:30,DISCOVERY_AUGUST,VALIDATED_SOURCE,NY,2,FIXED_65_ARM_4R,FIXED,1,-118.0,-59.0,-59.0,SELL,BUY,False,-118.0,-59.0,-59.0,0.0,False,CONTROL_OR_NO_SINGLE_SURVIVOR,,,,,4.0,
2188,2025-08-13 09:30,DISCOVERY_AUGUST,VALIDATED_SOURCE,NY,2,FIXED_65_ARM_4R,FIXED,2,-118.0,-59.0,-59.0,SELL,BUY,False,-118.0,-59.0,-59.0,0.0,False,CONTROL_OR_NO_SINGLE_SURVIVOR,,,,,4.0,
2188,2025-08-13 09:30,DISCOVERY_AUGUST,VALIDATED_SOURCE,NY,2,FIXED_65_ARM_4R,FIXED,4,-118.0,-59.0,-59.0,SELL,BUY,False,-118.0,-59.0,-59.0,0.0,False,CONTROL_OR_NO_SINGLE_SURVIVOR,,,,,4.0,
2188,2025-08-13 09:30,DISCOVERY_AUGUST,VALIDATED_SOURCE,NY,2,FIXED_75_ARM_4R,FIXED,0,-118.0,-59.0,-59.0,SELL,BUY,False,-118.0,-59.0,-59.0,0.0,False,CONTROL_OR_NO_SINGLE_SURVIVOR,,,,,4.0,
2188,2025-08-13 09:30,DISCOVERY_AUGUST,VALIDATED_SOURCE,NY,2,FIXED_75_ARM_4R,FIXED,1,-118.0,-59.0,-59.0,SELL,BUY,False,-118.0,-59.0,-59.0,0.0,False,CONTROL_OR_NO_SINGLE_SURVIVOR,,,,,4.0,
2188,2025-08-13 09:30,DISCOVERY_AUGUST,VALIDATED_SOURCE,NY,2,FIXED_75_ARM_4R,FIXED,2,-118.0,-59.0,-59.0,SELL,BUY,False,-118.0,-59.0,-59.0,0.0,False,CONTROL_OR_NO_SINGLE_SURVIVOR,,,,,4.0,
2188,2025-08-13 09:30,DISCOVERY_AUGUST,VALIDATED_SOURCE,NY,2,FIXED_75_ARM_4R,FIXED,4,-118.0,-59.0,-59.0,SELL,BUY,False,-118.0,-59.0,-59.0,0.0,False,CONTROL_OR_NO_SINGLE_SURVIVOR,,,,,4.0,
2188,2025-08-13 09:30,DISCOVERY_AUGUST,VALIDATED_SOURCE,NY,2,FIXED_85_ARM_4R,FIXED,0,-118.0,-59.0,-59.0,SELL,BUY,False,-118.0,-59.0,-59.0,0.0,False,CONTROL_OR_NO_SINGLE_SURVIVOR,,,,,4.0,
2188,2025-08-13 09:30,DISCOVERY_AUGUST,VALIDATED_SOURCE,NY,2,FIXED_85_ARM_4R,FIXED,1,-118.0,-59.0,-59.0,SELL,BUY,False,-118.0,-59.0,-59.0,0.0,False,CONTROL_OR_NO_SINGLE_SURVIVOR,,,,,4.0,
2188,2025-08-13 09:30,DISCOVERY_AUGUST,VALIDATED_SOURCE,NY,2,FIXED_85_ARM_4R,FIXED,2,-118.0,-59.0,-59.0,SELL,BUY,False,-118.0,-59.0,-59.0,0.0,False,CONTROL_OR_NO_SINGLE_SURVIVOR,,,,,4.0,
2188,2025-08-13 09:30,DISCOVERY_AUGUST,VALIDATED_SOURCE,NY,2,FIXED_85_ARM_4R,FIXED,4,-118.0,-59.0,-59.0,SELL,BUY,False,-118.0,-59.0,-59.0,0.0,False,CONTROL_OR_NO_SINGLE_SURVIVOR,,,,,4.0,
2188,2025-08-13 09:30,DISCOVERY_AUGUST,VALIDATED_SOURCE,NY,2,FIXED_50_ARM_5R,FIXED,0,-118.0,-59.0,-59.0,SELL,BUY,False,-118.0,-59.0,-59.0,0.0,False,CONTROL_OR_NO_SINGLE_SURVIVOR,,,,,5.0,
2188,2025-08-13 09:30,DISCOVERY_AUGUST,VALIDATED_SOURCE,NY,2,FIXED_50_ARM_5R,FIXED,1,-118.0,-59.0,-59.0,SELL,BUY,False,-118.0,-59.0,-59.0,0.0,False,CONTROL_OR_NO_SINGLE_SURVIVOR,,,,,5.0,
2188,2025-08-13 09:30,DISCOVERY_AUGUST,VALIDATED_SOURCE,NY,2,FIXED_50_ARM_5R,FIXED,2,-118.0,-59.0,-59.0,SELL,BUY,False,-118.0,-59.0,-59.0,0.0,False,CONTROL_OR_NO_SINGLE_SURVIVOR,,,,,5.0,
2188,2025-08-13 09:30,DISCOVERY_AUGUST,VALIDATED_SOURCE,NY,2,FIXED_50_ARM_5R,FIXED,4,-118.0,-59.0,-59.0,SELL,BUY,False,-118.0,-59.0,-59.0,0.0,False,CONTROL_OR_NO_SINGLE_SURVIVOR,,,,,5.0,
2188,2025-08-13 09:30,DISCOVERY_AUGUST,VALIDATED_SOURCE,NY,2,FIXED_65_ARM_5R,FIXED,0,-118.0,-59.0,-59.0,SELL,BUY,False,-118.0,-59.0,-59.0,0.0,False,CONTROL_OR_NO_SINGLE_SURVIVOR,,,,,5.0,
2188,2025-08-13 09:30,DISCOVERY_AUGUST,VALIDATED_SOURCE,NY,2,FIXED_65_ARM_5R,FIXED,1,-118.0,-59.0,-59.0,SELL,BUY,False,-118.0,-59.0,-59.0,0.0,False,CONTROL_OR_NO_SINGLE_SURVIVOR,,,,,5.0,
2188,2025-08-13 09:30,DISCOVERY_AUGUST,VALIDATED_SOURCE,NY,2,FIXED_65_ARM_5R,FIXED,2,-118.0,-59.0,-59.0,SELL,BUY,False,-118.0,-59.0,-59.0,0.0,False,CONTROL_OR_NO_SINGLE_SURVIVOR,,,,,5.0,
2188,2025-08-13 09:30,DISCOVERY_AUGUST,VALIDATED_SOURCE,NY,2,FIXED_65_ARM_5R,FIXED,4,-118.0,-59.0,-59.0,SELL,BUY,False,-118.0,-59.0,-59.0,0.0,False,CONTROL_OR_NO_SINGLE_SURVIVOR,,,,,5.0,
2188,2025-08-13 09:30,DISCOVERY_AUGUST,VALIDATED_SOURCE,NY,2,FIXED_75_ARM_5R,FIXED,0,-118.0,-59.0,-59.0,SELL,BUY,False,-118.0,-59.0,-59.0,0.0,False,CONTROL_OR_NO_SINGLE_SURVIVOR,,,,,5.0,
2188,2025-08-13 09:30,DISCOVERY_AUGUST,VALIDATED_SOURCE,NY,2,FIXED_75_ARM_5R,FIXED,1,-118.0,-59.0,-59.0,SELL,BUY,False,-118.0,-59.0,-59.0,0.0,False,CONTROL_OR_NO_SINGLE_SURVIVOR,,,,,5.0,
2188,2025-08-13 09:30,DISCOVERY_AUGUST,VALIDATED_SOURCE,NY,2,FIXED_75_ARM_5R,FIXED,2,-118.0,-59.0,-59.0,SELL,BUY,False,-118.0,-59.0,-59.0,0.0,False,CONTROL_OR_NO_SINGLE_SURVIVOR,,,,,5.0,
2188,2025-08-13 09:30,DISCOVERY_AUGUST,VALIDATED_SOURCE,NY,2,FIXED_75_ARM_5R,FIXED,4,-118.0,-59.0,-59.0,SELL,BUY,False,-118.0,-59.0,-59.0,0.0,False,CONTROL_OR_NO_SINGLE_SURVIVOR,,,,,5.0,
2188,2025-08-13 09:30,DISCOVERY_AUGUST,VALIDATED_SOURCE,NY,2,FIXED_85_ARM_5R,FIXED,0,-118.0,-59.0,-59.0,SELL,BUY,False,-118.0,-59.0,-59.0,0.0,False,CONTROL_OR_NO_SINGLE_SURVIVOR,,,,,5.0,
2188,2025-08-13 09:30,DISCOVERY_AUGUST,VALIDATED_SOURCE,NY,2,FIXED_85_ARM_5R,FIXED,1,-118.0,-59.0,-59.0,SELL,BUY,False,-118.0,-59.0,-59.0,0.0,False,CONTROL_OR_NO_SINGLE_SURVIVOR,,,,,5.0,
2188,2025-08-13 09:30,DISCOVERY_AUGUST,VALIDATED_SOURCE,NY,2,FIXED_85_ARM_5R,FIXED,2,-118.0,-59.0,-59.0,SELL,BUY,False,-118.0,-59.0,-59.0,0.0,False,CONTROL_OR_NO_SINGLE_SURVIVOR,,,,,5.0,
2188,2025-08-13 09:30,DISCOVERY_AUGUST,VALIDATED_SOURCE,NY,2,FIXED_85_ARM_5R,FIXED,4,-118.0,-59.0,-59.0,SELL,BUY,False,-118.0,-59.0,-59.0,0.0,False,CONTROL_OR_NO_SINGLE_SURVIVOR,,,,,5.0,
2188,2025-08-13 09:30,DISCOVERY_AUGUST,VALIDATED_SOURCE,NY,2,DYNAMIC_FAST_2R_4R_6R_8R,DYNAMIC,0,-118.0,-59.0,-59.0,SELL,BUY,False,-118.0,-59.0,-59.0,0.0,False,CONTROL_OR_NO_SINGLE_SURVIVOR,,,,,2.0,
2188,2025-08-13 09:30,DISCOVERY_AUGUST,VALIDATED_SOURCE,NY,2,DYNAMIC_FAST_2R_4R_6R_8R,DYNAMIC,1,-118.0,-59.0,-59.0,SELL,BUY,False,-118.0,-59.0,-59.0,0.0,False,CONTROL_OR_NO_SINGLE_SURVIVOR,,,,,2.0,
2188,2025-08-13 09:30,DISCOVERY_AUGUST,VALIDATED_SOURCE,NY,2,DYNAMIC_FAST_2R_4R_6R_8R,DYNAMIC,2,-118.0,-59.0,-59.0,SELL,BUY,False,-118.0,-59.0,-59.0,0.0,False,CONTROL_OR_NO_SINGLE_SURVIVOR,,,,,2.0,
2188,2025-08-13 09:30,DISCOVERY_AUGUST,VALIDATED_SOURCE,NY,2,DYNAMIC_FAST_2R_4R_6R_8R,DYNAMIC,4,-118.0,-59.0,-59.0,SELL,BUY,False,-118.0,-59.0,-59.0,0.0,False,CONTROL_OR_NO_SINGLE_SURVIVOR,,,,,2.0,
2188,2025-08-13 09:30,DISCOVERY_AUGUST,VALIDATED_SOURCE,NY,2,DYNAMIC_BALANCED_3R_5R_8R_12R,DYNAMIC,0,-118.0,-59.0,-59.0,SELL,BUY,False,-118.0,-59.0,-59.0,0.0,False,CONTROL_OR_NO_SINGLE_SURVIVOR,,,,,3.0,
2188,2025-08-13 09:30,DISCOVERY_AUGUST,VALIDATED_SOURCE,NY,2,DYNAMIC_BALANCED_3R_5R_8R_12R,DYNAMIC,1,-118.0,-59.0,-59.0,SELL,BUY,False,-118.0,-59.0,-59.0,0.0,False,CONTROL_OR_NO_SINGLE_SURVIVOR,,,,,3.0,
2188,2025-08-13 09:30,DISCOVERY_AUGUST,VALIDATED_SOURCE,NY,2,DYNAMIC_BALANCED_3R_5R_8R_12R,DYNAMIC,2,-118.0,-59.0,-59.0,SELL,BUY,False,-118.0,-59.0,-59.0,0.0,False,CONTROL_OR_NO_SINGLE_SURVIVOR,,,,,3.0,
2188,2025-08-13 09:30,DISCOVERY_AUGUST,VALIDATED_SOURCE,NY,2,DYNAMIC_BALANCED_3R_5R_8R_12R,DYNAMIC,4,-118.0,-59.0,-59.0,SELL,BUY,False,-118.0,-59.0,-59.0,0.0,False,CONTROL_OR_NO_SINGLE_SURVIVOR,,,,,3.0,
2188,2025-08-13 09:30,DISCOVERY_AUGUST,VALIDATED_SOURCE,NY,2,DYNAMIC_LOOSE_4R_7R_11R_16R,DYNAMIC,0,-118.0,-59.0,-59.0,SELL,BUY,False,-118.0,-59.0,-59.0,0.0,False,CONTROL_OR_NO_SINGLE_SURVIVOR,,,,,4.0,
2188,2025-08-13 09:30,DISCOVERY_AUGUST,VALIDATED_SOURCE,NY,2,DYNAMIC_LOOSE_4R_7R_11R_16R,DYNAMIC,1,-118.0,-59.0,-59.0,SELL,BUY,False,-118.0,-59.0,-59.0,0.0,False,CONTROL_OR_NO_SINGLE_SURVIVOR,,,,,4.0,
2188,2025-08-13 09:30,DISCOVERY_AUGUST,VALIDATED_SOURCE,NY,2,DYNAMIC_LOOSE_4R_7R_11R_16R,DYNAMIC,2,-118.0,-59.0,-59.0,SELL,BUY,False,-118.0,-59.0,-59.0,0.0,False,CONTROL_OR_NO_SINGLE_SURVIVOR,,,,,4.0,
2188,2025-08-13 09:30,DISCOVERY_AUGUST,VALIDATED_SOURCE,NY,2,DYNAMIC_LOOSE_4R_7R_11R_16R,DYNAMIC,4,-118.0,-59.0,-59.0,SELL,BUY,False,-118.0,-59.0,-59.0,0.0,False,CONTROL_OR_NO_SINGLE_SURVIVOR,,,,,4.0,
2188,2025-08-13 09:30,DISCOVERY_AUGUST,VALIDATED_SOURCE,NY,2,ADAPTIVE_VOL_ARM_3R,ADAPTIVE,0,-118.0,-59.0,-59.0,SELL,BUY,False,-118.0,-59.0,-59.0,0.0,False,CONTROL_OR_NO_SINGLE_SURVIVOR,,,,,3.0,
2188,2025-08-13 09:30,DISCOVERY_AUGUST,VALIDATED_SOURCE,NY,2,ADAPTIVE_VOL_ARM_3R,ADAPTIVE,1,-118.0,-59.0,-59.0,SELL,BUY,False,-118.0,-59.0,-59.0,0.0,False,CONTROL_OR_NO_SINGLE_SURVIVOR,,,,,3.0,
2188,2025-08-13 09:30,DISCOVERY_AUGUST,VALIDATED_SOURCE,NY,2,ADAPTIVE_VOL_ARM_3R,ADAPTIVE,2,-118.0,-59.0,-59.0,SELL,BUY,False,-118.0,-59.0,-59.0,0.0,False,CONTROL_OR_NO_SINGLE_SURVIVOR,,,,,3.0,
2188,2025-08-13 09:30,DISCOVERY_AUGUST,VALIDATED_SOURCE,NY,2,ADAPTIVE_VOL_ARM_3R,ADAPTIVE,4,-118.0,-59.0,-59.0,SELL,BUY,False,-118.0,-59.0,-59.0,0.0,False,CONTROL_OR_NO_SINGLE_SURVIVOR,,,,,3.0,
2188,2025-08-13 09:30,DISCOVERY_AUGUST,VALIDATED_SOURCE,NY,2,ADAPTIVE_VOL_ARM_4R,ADAPTIVE,0,-118.0,-59.0,-59.0,SELL,BUY,False,-118.0,-59.0,-59.0,0.0,False,CONTROL_OR_NO_SINGLE_SURVIVOR,,,,,4.0,
2188,2025-08-13 09:30,DISCOVERY_AUGUST,VALIDATED_SOURCE,NY,2,ADAPTIVE_VOL_ARM_4R,ADAPTIVE,1,-118.0,-59.0,-59.0,SELL,BUY,False,-118.0,-59.0,-59.0,0.0,False,CONTROL_OR_NO_SINGLE_SURVIVOR,,,,,4.0,
2188,2025-08-13 09:30,DISCOVERY_AUGUST,VALIDATED_SOURCE,NY,2,ADAPTIVE_VOL_ARM_4R,ADAPTIVE,2,-118.0,-59.0,-59.0,SELL,BUY,False,-118.0,-59.0,-59.0,0.0,False,CONTROL_OR_NO_SINGLE_SURVIVOR,,,,,4.0,
2188,2025-08-13 09:30,DISCOVERY_AUGUST,VALIDATED_SOURCE,NY,2,ADAPTIVE_VOL_ARM_4R,ADAPTIVE,4,-118.0,-59.0,-59.0,SELL,BUY,False,-118.0,-59.0,-59.0,0.0,False,CONTROL_OR_NO_SINGLE_SURVIVOR,,,,,4.0,
2189,2025-08-14 09:30,DISCOVERY_AUGUST,VALIDATED_SOURCE,NY,2,CONTROL_NO_PAIR_FLOOR,CONTROL,0,572.0,-59.0,631.0,SELL,BUY,True,572.0,-59.0,631.0,0.0,False,CONTROL_OR_NO_SINGLE_SURVIVOR,,,,,999.0,
2189,2025-08-14 09:30,DISCOVERY_AUGUST,VALIDATED_SOURCE,NY,2,CONTROL_NO_PAIR_FLOOR,CONTROL,1,572.0,-59.0,631.0,SELL,BUY,True,572.0,-59.0,631.0,0.0,False,CONTROL_OR_NO_SINGLE_SURVIVOR,,,,,999.0,
2189,2025-08-14 09:30,DISCOVERY_AUGUST,VALIDATED_SOURCE,NY,2,CONTROL_NO_PAIR_FLOOR,CONTROL,2,572.0,-59.0,631.0,SELL,BUY,True,572.0,-59.0,631.0,0.0,False,CONTROL_OR_NO_SINGLE_SURVIVOR,,,,,999.0,
2189,2025-08-14 09:30,DISCOVERY_AUGUST,VALIDATED_SOURCE,NY,2,CONTROL_NO_PAIR_FLOOR,CONTROL,4,572.0,-59.0,631.0,SELL,BUY,True,572.0,-59.0,631.0,0.0,False,CONTROL_OR_NO_SINGLE_SURVIVOR,,,,,999.0,
2189,2025-08-14 09:30,DISCOVERY_AUGUST,VALIDATED_SOURCE,NY,2,FIXED_50_ARM_2R,FIXED,0,572.0,-59.0,631.0,SELL,BUY,True,182.0,-59.0,241.0,-390.0,True,PAIR_PROTECTED_FLOOR,2025-08-14T13:31:00.226005731+00:00,23851.25,382.0,191.0,2.0,0.5
2189,2025-08-14 09:30,DISCOVERY_AUGUST,VALIDATED_SOURCE,NY,2,FIXED_50_ARM_2R,FIXED,1,572.0,-59.0,631.0,SELL,BUY,True,172.0,-59.0,231.0,-400.0,True,PAIR_PROTECTED_FLOOR,2025-08-14T13:31:00.226005731+00:00,23851.5,382.0,191.0,2.0,0.5
2189,2025-08-14 09:30,DISCOVERY_AUGUST,VALIDATED_SOURCE,NY,2,FIXED_50_ARM_2R,FIXED,2,572.0,-59.0,631.0,SELL,BUY,True,162.0,-59.0,221.0,-410.0,True,PAIR_PROTECTED_FLOOR,2025-08-14T13:31:00.226005731+00:00,23851.75,382.0,191.0,2.0,0.5
2189,2025-08-14 09:30,DISCOVERY_AUGUST,VALIDATED_SOURCE,NY,2,FIXED_50_ARM_2R,FIXED,4,572.0,-59.0,631.0,SELL,BUY,True,142.0,-59.0,201.0,-430.0,True,PAIR_PROTECTED_FLOOR,2025-08-14T13:31:00.226005731+00:00,23852.25,382.0,191.0,2.0,0.5
2189,2025-08-14 09:30,DISCOVERY_AUGUST,VALIDATED_SOURCE,NY,2,FIXED_65_ARM_2R,FIXED,0,572.0,-59.0,631.0,SELL,BUY,True,212.0,-59.0,271.0,-360.0,True,PAIR_PROTECTED_FLOOR,2025-08-14T13:31:00.027305341+00:00,23850.5,382.0,248.3,2.0,0.65
2189,2025-08-14 09:30,DISCOVERY_AUGUST,VALIDATED_SOURCE,NY,2,FIXED_65_ARM_2R,FIXED,1,572.0,-59.0,631.0,SELL,BUY,True,202.0,-59.0,261.0,-370.0,True,PAIR_PROTECTED_FLOOR,2025-08-14T13:31:00.027305341+00:00,23850.75,382.0,248.3,2.0,0.65
2189,2025-08-14 09:30,DISCOVERY_AUGUST,VALIDATED_SOURCE,NY,2,FIXED_65_ARM_2R,FIXED,2,572.0,-59.0,631.0,SELL,BUY,True,192.0,-59.0,251.0,-380.0,True,PAIR_PROTECTED_FLOOR,2025-08-14T13:31:00.027305341+00:00,23851.0,382.0,248.3,2.0,0.65
2189,2025-08-14 09:30,DISCOVERY_AUGUST,VALIDATED_SOURCE,NY,2,FIXED_65_ARM_2R,FIXED,4,572.0,-59.0,631.0,SELL,BUY,True,172.0,-59.0,231.0,-400.0,True,PAIR_PROTECTED_FLOOR,2025-08-14T13:31:00.027305341+00:00,23851.5,382.0,248.3,2.0,0.65
2189,2025-08-14 09:30,DISCOVERY_AUGUST,VALIDATED_SOURCE,NY,2,FIXED_75_ARM_2R,FIXED,0,572.0,-59.0,631.0,SELL,BUY,True,172.0,-59.0,231.0,-400.0,True,PAIR_PROTECTED_FLOOR,2025-08-14T13:30:54.225847829+00:00,23851.5,232.0,174.0,2.0,0.75
2189,2025-08-14 09:30,DISCOVERY_AUGUST,VALIDATED_SOURCE,NY,2,FIXED_75_ARM_2R,FIXED,1,572.0,-59.0,631.0,SELL,BUY,True,162.0,-59.0,221.0,-410.0,True,PAIR_PROTECTED_FLOOR,2025-08-14T13:30:54.225847829+00:00,23851.75,232.0,174.0,2.0,0.75
2189,2025-08-14 09:30,DISCOVERY_AUGUST,VALIDATED_SOURCE,NY,2,FIXED_75_ARM_2R,FIXED,2,572.0,-59.0,631.0,SELL,BUY,True,152.0,-59.0,211.0,-420.0,True,PAIR_PROTECTED_FLOOR,2025-08-14T13:30:54.225847829+00:00,23852.0,232.0,174.0,2.0,0.75
2189,2025-08-14 09:30,DISCOVERY_AUGUST,VALIDATED_SOURCE,NY,2,FIXED_75_ARM_2R,FIXED,4,572.0,-59.0,631.0,SELL,BUY,True,132.0,-59.0,191.0,-440.0,True,PAIR_PROTECTED_FLOOR,2025-08-14T13:30:54.225847829+00:00,23852.5,232.0,174.0,2.0,0.75
2189,2025-08-14 09:30,DISCOVERY_AUGUST,VALIDATED_SOURCE,NY,2,FIXED_85_ARM_2R,FIXED,0,572.0,-59.0,631.0,SELL,BUY,True,102.0,-59.0,161.0,-470.0,True,PAIR_PROTECTED_FLOOR,2025-08-14T13:30:53.579471543+00:00,23853.25,132.0,112.2,2.0,0.85
2189,2025-08-14 09:30,DISCOVERY_AUGUST,VALIDATED_SOURCE,NY,2,FIXED_85_ARM_2R,FIXED,1,572.0,-59.0,631.0,SELL,BUY,True,92.0,-59.0,151.0,-480.0,True,PAIR_PROTECTED_FLOOR,2025-08-14T13:30:53.579471543+00:00,23853.5,132.0,112.2,2.0,0.85
2189,2025-08-14 09:30,DISCOVERY_AUGUST,VALIDATED_SOURCE,NY,2,FIXED_85_ARM_2R,FIXED,2,572.0,-59.0,631.0,SELL,BUY,True,82.0,-59.0,141.0,-490.0,True,PAIR_PROTECTED_FLOOR,2025-08-14T13:30:53.579471543+00:00,23853.75,132.0,112.2,2.0,0.85
2189,2025-08-14 09:30,DISCOVERY_AUGUST,VALIDATED_SOURCE,NY,2,FIXED_85_ARM_2R,FIXED,4,572.0,-59.0,631.0,SELL,BUY,True,62.0,-59.0,121.0,-510.0,True,PAIR_PROTECTED_FLOOR,2025-08-14T13:30:53.579471543+00:00,23854.25,132.0,112.2,2.0,0.85
2189,2025-08-14 09:30,DISCOVERY_AUGUST,VALIDATED_SOURCE,NY,2,FIXED_50_ARM_3R,FIXED,0,572.0,-59.0,631.0,SELL,BUY,True,182.0,-59.0,241.0,-390.0,True,PAIR_PROTECTED_FLOOR,2025-08-14T13:31:00.226005731+00:00,23851.25,382.0,191.0,3.0,0.5
2189,2025-08-14 09:30,DISCOVERY_AUGUST,VALIDATED_SOURCE,NY,2,FIXED_50_ARM_3R,FIXED,1,572.0,-59.0,631.0,SELL,BUY,True,172.0,-59.0,231.0,-400.0,True,PAIR_PROTECTED_FLOOR,2025-08-14T13:31:00.226005731+00:00,23851.5,382.0,191.0,3.0,0.5
2189,2025-08-14 09:30,DISCOVERY_AUGUST,VALIDATED_SOURCE,NY,2,FIXED_50_ARM_3R,FIXED,2,572.0,-59.0,631.0,SELL,BUY,True,162.0,-59.0,221.0,-410.0,True,PAIR_PROTECTED_FLOOR,2025-08-14T13:31:00.226005731+00:00,23851.75,382.0,191.0,3.0,0.5
2189,2025-08-14 09:30,DISCOVERY_AUGUST,VALIDATED_SOURCE,NY,2,FIXED_50_ARM_3R,FIXED,4,572.0,-59.0,631.0,SELL,BUY,True,142.0,-59.0,201.0,-430.0,True,PAIR_PROTECTED_FLOOR,2025-08-14T13:31:00.226005731+00:00,23852.25,382.0,191.0,3.0,0.5
2189,2025-08-14 09:30,DISCOVERY_AUGUST,VALIDATED_SOURCE,NY,2,FIXED_65_ARM_3R,FIXED,0,572.0,-59.0,631.0,SELL,BUY,True,212.0,-59.0,271.0,-360.0,True,PAIR_PROTECTED_FLOOR,2025-08-14T13:31:00.027305341+00:00,23850.5,382.0,248.3,3.0,0.65
2189,2025-08-14 09:30,DISCOVERY_AUGUST,VALIDATED_SOURCE,NY,2,FIXED_65_ARM_3R,FIXED,1,572.0,-59.0,631.0,SELL,BUY,True,202.0,-59.0,261.0,-370.0,True,PAIR_PROTECTED_FLOOR,2025-08-14T13:31:00.027305341+00:00,23850.75,382.0,248.3,3.0,0.65
2189,2025-08-14 09:30,DISCOVERY_AUGUST,VALIDATED_SOURCE,NY,2,FIXED_65_ARM_3R,FIXED,2,572.0,-59.0,631.0,SELL,BUY,True,192.0,-59.0,251.0,-380.0,True,PAIR_PROTECTED_FLOOR,2025-08-14T13:31:00.027305341+00:00,23851.0,382.0,248.3,3.0,0.65
2189,2025-08-14 09:30,DISCOVERY_AUGUST,VALIDATED_SOURCE,NY,2,FIXED_65_ARM_3R,FIXED,4,572.0,-59.0,631.0,SELL,BUY,True,172.0,-59.0,231.0,-400.0,True,PAIR_PROTECTED_FLOOR,2025-08-14T13:31:00.027305341+00:00,23851.5,382.0,248.3,3.0,0.65
2189,2025-08-14 09:30,DISCOVERY_AUGUST,VALIDATED_SOURCE,NY,2,FIXED_75_ARM_3R,FIXED,0,572.0,-59.0,631.0,SELL,BUY,True,172.0,-59.0,231.0,-400.0,True,PAIR_PROTECTED_FLOOR,2025-08-14T13:30:54.225847829+00:00,23851.5,232.0,174.0,3.0,0.75
2189,2025-08-14 09:30,DISCOVERY_AUGUST,VALIDATED_SOURCE,NY,2,FIXED_75_ARM_3R,FIXED,1,572.0,-59.0,631.0,SELL,BUY,True,162.0,-59.0,221.0,-410.0,True,PAIR_PROTECTED_FLOOR,2025-08-14T13:30:54.225847829+00:00,23851.75,232.0,174.0,3.0,0.75
2189,2025-08-14 09:30,DISCOVERY_AUGUST,VALIDATED_SOURCE,NY,2,FIXED_75_ARM_3R,FIXED,2,572.0,-59.0,631.0,SELL,BUY,True,152.0,-59.0,211.0,-420.0,True,PAIR_PROTECTED_FLOOR,2025-08-14T13:30:54.225847829+00:00,23852.0,232.0,174.0,3.0,0.75
2189,2025-08-14 09:30,DISCOVERY_AUGUST,VALIDATED_SOURCE,NY,2,FIXED_75_ARM_3R,FIXED,4,572.0,-59.0,631.0,SELL,BUY,True,132.0,-59.0,191.0,-440.0,True,PAIR_PROTECTED_FLOOR,2025-08-14T13:30:54.225847829+00:00,23852.5,232.0,174.0,3.0,0.75
2189,2025-08-14 09:30,DISCOVERY_AUGUST,VALIDATED_SOURCE,NY,2,FIXED_85_ARM_3R,FIXED,0,572.0,-59.0,631.0,SELL,BUY,True,182.0,-59.0,241.0,-390.0,True,PAIR_PROTECTED_FLOOR,2025-08-14T13:30:54.128414189+00:00,23851.25,232.0,197.2,3.0,0.85
2189,2025-08-14 09:30,DISCOVERY_AUGUST,VALIDATED_SOURCE,NY,2,FIXED_85_ARM_3R,FIXED,1,572.0,-59.0,631.0,SELL,BUY,True,172.0,-59.0,231.0,-400.0,True,PAIR_PROTECTED_FLOOR,2025-08-14T13:30:54.128414189+00:00,23851.5,232.0,197.2,3.0,0.85
2189,2025-08-14 09:30,DISCOVERY_AUGUST,VALIDATED_SOURCE,NY,2,FIXED_85_ARM_3R,FIXED,2,572.0,-59.0,631.0,SELL,BUY,True,162.0,-59.0,221.0,-410.0,True,PAIR_PROTECTED_FLOOR,2025-08-14T13:30:54.128414189+00:00,23851.75,232.0,197.2,3.0,0.85
2189,2025-08-14 09:30,DISCOVERY_AUGUST,VALIDATED_SOURCE,NY,2,FIXED_85_ARM_3R,FIXED,4,572.0,-59.0,631.0,SELL,BUY,True,142.0,-59.0,201.0,-430.0,True,PAIR_PROTECTED_FLOOR,2025-08-14T13:30:54.128414189+00:00,23852.25,232.0,197.2,3.0,0.85
2189,2025-08-14 09:30,DISCOVERY_AUGUST,VALIDATED_SOURCE,NY,2,FIXED_50_ARM_4R,FIXED,0,572.0,-59.0,631.0,SELL,BUY,True,182.0,-59.0,241.0,-390.0,True,PAIR_PROTECTED_FLOOR,2025-08-14T13:31:00.226005731+00:00,23851.25,382.0,191.0,4.0,0.5
2189,2025-08-14 09:30,DISCOVERY_AUGUST,VALIDATED_SOURCE,NY,2,FIXED_50_ARM_4R,FIXED,1,572.0,-59.0,631.0,SELL,BUY,True,172.0,-59.0,231.0,-400.0,True,PAIR_PROTECTED_FLOOR,2025-08-14T13:31:00.226005731+00:00,23851.5,382.0,191.0,4.0,0.5
2189,2025-08-14 09:30,DISCOVERY_AUGUST,VALIDATED_SOURCE,NY,2,FIXED_50_ARM_4R,FIXED,2,572.0,-59.0,631.0,SELL,BUY,True,162.0,-59.0,221.0,-410.0,True,PAIR_PROTECTED_FLOOR,2025-08-14T13:31:00.226005731+00:00,23851.75,382.0,191.0,4.0,0.5
2189,2025-08-14 09:30,DISCOVERY_AUGUST,VALIDATED_SOURCE,NY,2,FIXED_50_ARM_4R,FIXED,4,572.0,-59.0,631.0,SELL,BUY,True,142.0,-59.0,201.0,-430.0,True,PAIR_PROTECTED_FLOOR,2025-08-14T13:31:00.226005731+00:00,23852.25,382.0,191.0,4.0,0.5
2189,2025-08-14 09:30,DISCOVERY_AUGUST,VALIDATED_SOURCE,NY,2,FIXED_65_ARM_4R,FIXED,0,572.0,-59.0,631.0,SELL,BUY,True,212.0,-59.0,271.0,-360.0,True,PAIR_PROTECTED_FLOOR,2025-08-14T13:31:00.027305341+00:00,23850.5,382.0,248.3,4.0,0.65
2189,2025-08-14 09:30,DISCOVERY_AUGUST,VALIDATED_SOURCE,NY,2,FIXED_65_ARM_4R,FIXED,1,572.0,-59.0,631.0,SELL,BUY,True,202.0,-59.0,261.0,-370.0,True,PAIR_PROTECTED_FLOOR,2025-08-14T13:31:00.027305341+00:00,23850.75,382.0,248.3,4.0,0.65
2189,2025-08-14 09:30,DISCOVERY_AUGUST,VALIDATED_SOURCE,NY,2,FIXED_65_ARM_4R,FIXED,2,572.0,-59.0,631.0,SELL,BUY,True,192.0,-59.0,251.0,-380.0,True,PAIR_PROTECTED_FLOOR,2025-08-14T13:31:00.027305341+00:00,23851.0,382.0,248.3,4.0,0.65
2189,2025-08-14 09:30,DISCOVERY_AUGUST,VALIDATED_SOURCE,NY,2,FIXED_65_ARM_4R,FIXED,4,572.0,-59.0,631.0,SELL,BUY,True,172.0,-59.0,231.0,-400.0,True,PAIR_PROTECTED_FLOOR,2025-08-14T13:31:00.027305341+00:00,23851.5,382.0,248.3,4.0,0.65
2189,2025-08-14 09:30,DISCOVERY_AUGUST,VALIDATED_SOURCE,NY,2,FIXED_75_ARM_4R,FIXED,0,572.0,-59.0,631.0,SELL,BUY,True,192.0,-59.0,251.0,-380.0,True,PAIR_PROTECTED_FLOOR,2025-08-14T13:30:54.984019435+00:00,23851.0,272.0,204.0,4.0,0.75
2189,2025-08-14 09:30,DISCOVERY_AUGUST,VALIDATED_SOURCE,NY,2,FIXED_75_ARM_4R,FIXED,1,572.0,-59.0,631.0,SELL,BUY,True,182.0,-59.0,241.0,-390.0,True,PAIR_PROTECTED_FLOOR,2025-08-14T13:30:54.984019435+00:00,23851.25,272.0,204.0,4.0,0.75
2189,2025-08-14 09:30,DISCOVERY_AUGUST,VALIDATED_SOURCE,NY,2,FIXED_75_ARM_4R,FIXED,2,572.0,-59.0,631.0,SELL,BUY,True,172.0,-59.0,231.0,-400.0,True,PAIR_PROTECTED_FLOOR,2025-08-14T13:30:54.984019435+00:00,23851.5,272.0,204.0,4.0,0.75
2189,2025-08-14 09:30,DISCOVERY_AUGUST,VALIDATED_SOURCE,NY,2,FIXED_75_ARM_4R,FIXED,4,572.0,-59.0,631.0,SELL,BUY,True,152.0,-59.0,211.0,-420.0,True,PAIR_PROTECTED_FLOOR,2025-08-14T13:30:54.984019435+00:00,23852.0,272.0,204.0,4.0,0.75
2189,2025-08-14 09:30,DISCOVERY_AUGUST,VALIDATED_SOURCE,NY,2,FIXED_85_ARM_4R,FIXED,0,572.0,-59.0,631.0,SELL,BUY,True,212.0,-59.0,271.0,-360.0,True,PAIR_PROTECTED_FLOOR,2025-08-14T13:30:54.962933723+00:00,23850.5,272.0,231.2,4.0,0.85
2189,2025-08-14 09:30,DISCOVERY_AUGUST,VALIDATED_SOURCE,NY,2,FIXED_85_ARM_4R,FIXED,1,572.0,-59.0,631.0,SELL,BUY,True,202.0,-59.0,261.0,-370.0,True,PAIR_PROTECTED_FLOOR,2025-08-14T13:30:54.962933723+00:00,23850.75,272.0,231.2,4.0,0.85
2189,2025-08-14 09:30,DISCOVERY_AUGUST,VALIDATED_SOURCE,NY,2,FIXED_85_ARM_4R,FIXED,2,572.0,-59.0,631.0,SELL,BUY,True,192.0,-59.0,251.0,-380.0,True,PAIR_PROTECTED_FLOOR,2025-08-14T13:30:54.962933723+00:00,23851.0,272.0,231.2,4.0,0.85
2189,2025-08-14 09:30,DISCOVERY_AUGUST,VALIDATED_SOURCE,NY,2,FIXED_85_ARM_4R,FIXED,4,572.0,-59.0,631.0,SELL,BUY,True,172.0,-59.0,231.0,-400.0,True,PAIR_PROTECTED_FLOOR,2025-08-14T13:30:54.962933723+00:00,23851.5,272.0,231.2,4.0,0.85
2189,2025-08-14 09:30,DISCOVERY_AUGUST,VALIDATED_SOURCE,NY,2,FIXED_50_ARM_5R,FIXED,0,572.0,-59.0,631.0,SELL,BUY,True,182.0,-59.0,241.0,-390.0,True,PAIR_PROTECTED_FLOOR,2025-08-14T13:31:00.226005731+00:00,23851.25,382.0,191.0,5.0,0.5
2189,2025-08-14 09:30,DISCOVERY_AUGUST,VALIDATED_SOURCE,NY,2,FIXED_50_ARM_5R,FIXED,1,572.0,-59.0,631.0,SELL,BUY,True,172.0,-59.0,231.0,-400.0,True,PAIR_PROTECTED_FLOOR,2025-08-14T13:31:00.226005731+00:00,23851.5,382.0,191.0,5.0,0.5
2189,2025-08-14 09:30,DISCOVERY_AUGUST,VALIDATED_SOURCE,NY,2,FIXED_50_ARM_5R,FIXED,2,572.0,-59.0,631.0,SELL,BUY,True,162.0,-59.0,221.0,-410.0,True,PAIR_PROTECTED_FLOOR,2025-08-14T13:31:00.226005731+00:00,23851.75,382.0,191.0,5.0,0.5
2189,2025-08-14 09:30,DISCOVERY_AUGUST,VALIDATED_SOURCE,NY,2,FIXED_50_ARM_5R,FIXED,4,572.0,-59.0,631.0,SELL,BUY,True,142.0,-59.0,201.0,-430.0,True,PAIR_PROTECTED_FLOOR,2025-08-14T13:31:00.226005731+00:00,23852.25,382.0,191.0,5.0,0.5
2189,2025-08-14 09:30,DISCOVERY_AUGUST,VALIDATED_SOURCE,NY,2,FIXED_65_ARM_5R,FIXED,0,572.0,-59.0,631.0,SELL,BUY,True,212.0,-59.0,271.0,-360.0,True,PAIR_PROTECTED_FLOOR,2025-08-14T13:31:00.027305341+00:00,23850.5,382.0,248.3,5.0,0.65
2189,2025-08-14 09:30,DISCOVERY_AUGUST,VALIDATED_SOURCE,NY,2,FIXED_65_ARM_5R,FIXED,1,572.0,-59.0,631.0,SELL,BUY,True,202.0,-59.0,261.0,-370.0,True,PAIR_PROTECTED_FLOOR,2025-08-14T13:31:00.027305341+00:00,23850.75,382.0,248.3,5.0,0.65
2189,2025-08-14 09:30,DISCOVERY_AUGUST,VALIDATED_SOURCE,NY,2,FIXED_65_ARM_5R,FIXED,2,572.0,-59.0,631.0,SELL,BUY,True,192.0,-59.0,251.0,-380.0,True,PAIR_PROTECTED_FLOOR,2025-08-14T13:31:00.027305341+00:00,23851.0,382.0,248.3,5.0,0.65
2189,2025-08-14 09:30,DISCOVERY_AUGUST,VALIDATED_SOURCE,NY,2,FIXED_65_ARM_5R,FIXED,4,572.0,-59.0,631.0,SELL,BUY,True,172.0,-59.0,231.0,-400.0,True,PAIR_PROTECTED_FLOOR,2025-08-14T13:31:00.027305341+00:00,23851.5,382.0,248.3,5.0,0.65
2189,2025-08-14 09:30,DISCOVERY_AUGUST,VALIDATED_SOURCE,NY,2,FIXED_75_ARM_5R,FIXED,0,572.0,-59.0,631.0,SELL,BUY,True,282.0,-59.0,341.0,-290.0,True,PAIR_PROTECTED_FLOOR,2025-08-14T13:30:58.621910229+00:00,23848.75,382.0,286.5,5.0,0.75
2189,2025-08-14 09:30,DISCOVERY_AUGUST,VALIDATED_SOURCE,NY,2,FIXED_75_ARM_5R,FIXED,1,572.0,-59.0,631.0,SELL,BUY,True,272.0,-59.0,331.0,-300.0,True,PAIR_PROTECTED_FLOOR,2025-08-14T13:30:58.621910229+00:00,23849.0,382.0,286.5,5.0,0.75
2189,2025-08-14 09:30,DISCOVERY_AUGUST,VALIDATED_SOURCE,NY,2,FIXED_75_ARM_5R,FIXED,2,572.0,-59.0,631.0,SELL,BUY,True,262.0,-59.0,321.0,-310.0,True,PAIR_PROTECTED_FLOOR,2025-08-14T13:30:58.621910229+00:00,23849.25,382.0,286.5,5.0,0.75
2189,2025-08-14 09:30,DISCOVERY_AUGUST,VALIDATED_SOURCE,NY,2,FIXED_75_ARM_5R,FIXED,4,572.0,-59.0,631.0,SELL,BUY,True,242.0,-59.0,301.0,-330.0,True,PAIR_PROTECTED_FLOOR,2025-08-14T13:30:58.621910229+00:00,23849.75,382.0,286.5,5.0,0.75
2189,2025-08-14 09:30,DISCOVERY_AUGUST,VALIDATED_SOURCE,NY,2,FIXED_85_ARM_5R,FIXED,0,572.0,-59.0,631.0,SELL,BUY,True,292.0,-59.0,351.0,-280.0,True,PAIR_PROTECTED_FLOOR,2025-08-14T13:30:57.634776153+00:00,23848.5,352.0,299.2,5.0,0.85
2189,2025-08-14 09:30,DISCOVERY_AUGUST,VALIDATED_SOURCE,NY,2,FIXED_85_ARM_5R,FIXED,1,572.0,-59.0,631.0,SELL,BUY,True,282.0,-59.0,341.0,-290.0,True,PAIR_PROTECTED_FLOOR,2025-08-14T13:30:57.634776153+00:00,23848.75,352.0,299.2,5.0,0.85
2189,2025-08-14 09:30,DISCOVERY_AUGUST,VALIDATED_SOURCE,NY,2,FIXED_85_ARM_5R,FIXED,2,572.0,-59.0,631.0,SELL,BUY,True,272.0,-59.0,331.0,-300.0,True,PAIR_PROTECTED_FLOOR,2025-08-14T13:30:57.634776153+00:00,23849.0,352.0,299.2,5.0,0.85
2189,2025-08-14 09:30,DISCOVERY_AUGUST,VALIDATED_SOURCE,NY,2,FIXED_85_ARM_5R,FIXED,4,572.0,-59.0,631.0,SELL,BUY,True,252.0,-59.0,311.0,-320.0,True,PAIR_PROTECTED_FLOOR,2025-08-14T13:30:57.634776153+00:00,23849.5,352.0,299.2,5.0,0.85
2189,2025-08-14 09:30,DISCOVERY_AUGUST,VALIDATED_SOURCE,NY,2,DYNAMIC_FAST_2R_4R_6R_8R,DYNAMIC,0,572.0,-59.0,631.0,SELL,BUY,True,282.0,-59.0,341.0,-290.0,True,PAIR_PROTECTED_FLOOR,2025-08-14T13:30:58.621910229+00:00,23848.75,382.0,286.5,2.0,0.75
2189,2025-08-14 09:30,DISCOVERY_AUGUST,VALIDATED_SOURCE,NY,2,DYNAMIC_FAST_2R_4R_6R_8R,DYNAMIC,1,572.0,-59.0,631.0,SELL,BUY,True,272.0,-59.0,331.0,-300.0,True,PAIR_PROTECTED_FLOOR,2025-08-14T13:30:58.621910229+00:00,23849.0,382.0,286.5,2.0,0.75
2189,2025-08-14 09:30,DISCOVERY_AUGUST,VALIDATED_SOURCE,NY,2,DYNAMIC_FAST_2R_4R_6R_8R,DYNAMIC,2,572.0,-59.0,631.0,SELL,BUY,True,262.0,-59.0,321.0,-310.0,True,PAIR_PROTECTED_FLOOR,2025-08-14T13:30:58.621910229+00:00,23849.25,382.0,286.5,2.0,0.75
2189,2025-08-14 09:30,DISCOVERY_AUGUST,VALIDATED_SOURCE,NY,2,DYNAMIC_FAST_2R_4R_6R_8R,DYNAMIC,4,572.0,-59.0,631.0,SELL,BUY,True,242.0,-59.0,301.0,-330.0,True,PAIR_PROTECTED_FLOOR,2025-08-14T13:30:58.621910229+00:00,23849.75,382.0,286.5,2.0,0.75
2189,2025-08-14 09:30,DISCOVERY_AUGUST,VALIDATED_SOURCE,NY,2,DYNAMIC_BALANCED_3R_5R_8R_12R,DYNAMIC,0,572.0,-59.0,631.0,SELL,BUY,True,212.0,-59.0,271.0,-360.0,True,PAIR_PROTECTED_FLOOR,2025-08-14T13:31:00.027305341+00:00,23850.5,382.0,248.3,3.0,0.65
2189,2025-08-14 09:30,DISCOVERY_AUGUST,VALIDATED_SOURCE,NY,2,DYNAMIC_BALANCED_3R_5R_8R_12R,DYNAMIC,1,572.0,-59.0,631.0,SELL,BUY,True,202.0,-59.0,261.0,-370.0,True,PAIR_PROTECTED_FLOOR,2025-08-14T13:31:00.027305341+00:00,23850.75,382.0,248.3,3.0,0.65
2189,2025-08-14 09:30,DISCOVERY_AUGUST,VALIDATED_SOURCE,NY,2,DYNAMIC_BALANCED_3R_5R_8R_12R,DYNAMIC,2,572.0,-59.0,631.0,SELL,BUY,True,192.0,-59.0,251.0,-380.0,True,PAIR_PROTECTED_FLOOR,2025-08-14T13:31:00.027305341+00:00,23851.0,382.0,248.3,3.0,0.65
2189,2025-08-14 09:30,DISCOVERY_AUGUST,VALIDATED_SOURCE,NY,2,DYNAMIC_BALANCED_3R_5R_8R_12R,DYNAMIC,4,572.0,-59.0,631.0,SELL,BUY,True,172.0,-59.0,231.0,-400.0,True,PAIR_PROTECTED_FLOOR,2025-08-14T13:31:00.027305341+00:00,23851.5,382.0,248.3,3.0,0.65
2189,2025-08-14 09:30,DISCOVERY_AUGUST,VALIDATED_SOURCE,NY,2,DYNAMIC_LOOSE_4R_7R_11R_16R,DYNAMIC,0,572.0,-59.0,631.0,SELL,BUY,True,182.0,-59.0,241.0,-390.0,True,PAIR_PROTECTED_FLOOR,2025-08-14T13:31:00.226005731+00:00,23851.25,382.0,191.0,4.0,0.5
2189,2025-08-14 09:30,DISCOVERY_AUGUST,VALIDATED_SOURCE,NY,2,DYNAMIC_LOOSE_4R_7R_11R_16R,DYNAMIC,1,572.0,-59.0,631.0,SELL,BUY,True,172.0,-59.0,231.0,-400.0,True,PAIR_PROTECTED_FLOOR,2025-08-14T13:31:00.226005731+00:00,23851.5,382.0,191.0,4.0,0.5
2189,2025-08-14 09:30,DISCOVERY_AUGUST,VALIDATED_SOURCE,NY,2,DYNAMIC_LOOSE_4R_7R_11R_16R,DYNAMIC,2,572.0,-59.0,631.0,SELL,BUY,True,162.0,-59.0,221.0,-410.0,True,PAIR_PROTECTED_FLOOR,2025-08-14T13:31:00.226005731+00:00,23851.75,382.0,191.0,4.0,0.5
2189,2025-08-14 09:30,DISCOVERY_AUGUST,VALIDATED_SOURCE,NY,2,DYNAMIC_LOOSE_4R_7R_11R_16R,DYNAMIC,4,572.0,-59.0,631.0,SELL,BUY,True,142.0,-59.0,201.0,-430.0,True,PAIR_PROTECTED_FLOOR,2025-08-14T13:31:00.226005731+00:00,23852.25,382.0,191.0,4.0,0.5
2189,2025-08-14 09:30,DISCOVERY_AUGUST,VALIDATED_SOURCE,NY,2,ADAPTIVE_VOL_ARM_3R,ADAPTIVE,0,572.0,-59.0,631.0,SELL,BUY,True,212.0,-59.0,271.0,-360.0,True,PAIR_PROTECTED_FLOOR,2025-08-14T13:31:00.027305341+00:00,23850.5,382.0,248.3,3.0,0.65
2189,2025-08-14 09:30,DISCOVERY_AUGUST,VALIDATED_SOURCE,NY,2,ADAPTIVE_VOL_ARM_3R,ADAPTIVE,1,572.0,-59.0,631.0,SELL,BUY,True,202.0,-59.0,261.0,-370.0,True,PAIR_PROTECTED_FLOOR,2025-08-14T13:31:00.027305341+00:00,23850.75,382.0,248.3,3.0,0.65
2189,2025-08-14 09:30,DISCOVERY_AUGUST,VALIDATED_SOURCE,NY,2,ADAPTIVE_VOL_ARM_3R,ADAPTIVE,2,572.0,-59.0,631.0,SELL,BUY,True,192.0,-59.0,251.0,-380.0,True,PAIR_PROTECTED_FLOOR,2025-08-14T13:31:00.027305341+00:00,23851.0,382.0,248.3,3.0,0.65
2189,2025-08-14 09:30,DISCOVERY_AUGUST,VALIDATED_SOURCE,NY,2,ADAPTIVE_VOL_ARM_3R,ADAPTIVE,4,572.0,-59.0,631.0,SELL,BUY,True,172.0,-59.0,231.0,-400.0,True,PAIR_PROTECTED_FLOOR,2025-08-14T13:31:00.027305341+00:00,23851.5,382.0,248.3,3.0,0.65
2189,2025-08-14 09:30,DISCOVERY_AUGUST,VALIDATED_SOURCE,NY,2,ADAPTIVE_VOL_ARM_4R,ADAPTIVE,0,572.0,-59.0,631.0,SELL,BUY,True,212.0,-59.0,271.0,-360.0,True,PAIR_PROTECTED_FLOOR,2025-08-14T13:31:00.027305341+00:00,23850.5,382.0,248.3,4.0,0.65
2189,2025-08-14 09:30,DISCOVERY_AUGUST,VALIDATED_SOURCE,NY,2,ADAPTIVE_VOL_ARM_4R,ADAPTIVE,1,572.0,-59.0,631.0,SELL,BUY,True,202.0,-59.0,261.0,-370.0,True,PAIR_PROTECTED_FLOOR,2025-08-14T13:31:00.027305341+00:00,23850.75,382.0,248.3,4.0,0.65
2189,2025-08-14 09:30,DISCOVERY_AUGUST,VALIDATED_SOURCE,NY,2,ADAPTIVE_VOL_ARM_4R,ADAPTIVE,2,572.0,-59.0,631.0,SELL,BUY,True,192.0,-59.0,251.0,-380.0,True,PAIR_PROTECTED_FLOOR,2025-08-14T13:31:00.027305341+00:00,23851.0,382.0,248.3,4.0,0.65
2189,2025-08-14 09:30,DISCOVERY_AUGUST,VALIDATED_SOURCE,NY,2,ADAPTIVE_VOL_ARM_4R,ADAPTIVE,4,572.0,-59.0,631.0,SELL,BUY,True,172.0,-59.0,231.0,-400.0,True,PAIR_PROTECTED_FLOOR,2025-08-14T13:31:00.027305341+00:00,23851.5,382.0,248.3,4.0,0.65
2190,2025-08-14 18:00,DISCOVERY_AUGUST,VALIDATED_SOURCE,WEEKDAY_WEAK,1,CONTROL_NO_PAIR_FLOOR,CONTROL,0,-59.0,-29.5,-29.5,SELL,BUY,False,-59.0,-29.5,-29.5,0.0,False,CONTROL_OR_NO_SINGLE_SURVIVOR,,,,,999.0,
2190,2025-08-14 18:00,DISCOVERY_AUGUST,VALIDATED_SOURCE,WEEKDAY_WEAK,1,CONTROL_NO_PAIR_FLOOR,CONTROL,1,-59.0,-29.5,-29.5,SELL,BUY,False,-59.0,-29.5,-29.5,0.0,False,CONTROL_OR_NO_SINGLE_SURVIVOR,,,,,999.0,
2190,2025-08-14 18:00,DISCOVERY_AUGUST,VALIDATED_SOURCE,WEEKDAY_WEAK,1,CONTROL_NO_PAIR_FLOOR,CONTROL,2,-59.0,-29.5,-29.5,SELL,BUY,False,-59.0,-29.5,-29.5,0.0,False,CONTROL_OR_NO_SINGLE_SURVIVOR,,,,,999.0,
2190,2025-08-14 18:00,DISCOVERY_AUGUST,VALIDATED_SOURCE,WEEKDAY_WEAK,1,CONTROL_NO_PAIR_FLOOR,CONTROL,4,-59.0,-29.5,-29.5,SELL,BUY,False,-59.0,-29.5,-29.5,0.0,False,CONTROL_OR_NO_SINGLE_SURVIVOR,,,,,999.0,
2190,2025-08-14 18:00,DISCOVERY_AUGUST,VALIDATED_SOURCE,WEEKDAY_WEAK,1,FIXED_50_ARM_2R,FIXED,0,-59.0,-29.5,-29.5,SELL,BUY,False,-59.0,-29.5,-29.5,0.0,False,CONTROL_OR_NO_SINGLE_SURVIVOR,,,,,2.0,
2190,2025-08-14 18:00,DISCOVERY_AUGUST,VALIDATED_SOURCE,WEEKDAY_WEAK,1,FIXED_50_ARM_2R,FIXED,1,-59.0,-29.5,-29.5,SELL,BUY,False,-59.0,-29.5,-29.5,0.0,False,CONTROL_OR_NO_SINGLE_SURVIVOR,,,,,2.0,
2190,2025-08-14 18:00,DISCOVERY_AUGUST,VALIDATED_SOURCE,WEEKDAY_WEAK,1,FIXED_50_ARM_2R,FIXED,2,-59.0,-29.5,-29.5,SELL,BUY,False,-59.0,-29.5,-29.5,0.0,False,CONTROL_OR_NO_SINGLE_SURVIVOR,,,,,2.0,
2190,2025-08-14 18:00,DISCOVERY_AUGUST,VALIDATED_SOURCE,WEEKDAY_WEAK,1,FIXED_50_ARM_2R,FIXED,4,-59.0,-29.5,-29.5,SELL,BUY,False,-59.0,-29.5,-29.5,0.0,False,CONTROL_OR_NO_SINGLE_SURVIVOR,,,,,2.0,
2190,2025-08-14 18:00,DISCOVERY_AUGUST,VALIDATED_SOURCE,WEEKDAY_WEAK,1,FIXED_65_ARM_2R,FIXED,0,-59.0,-29.5,-29.5,SELL,BUY,False,-59.0,-29.5,-29.5,0.0,False,CONTROL_OR_NO_SINGLE_SURVIVOR,,,,,2.0,
2190,2025-08-14 18:00,DISCOVERY_AUGUST,VALIDATED_SOURCE,WEEKDAY_WEAK,1,FIXED_65_ARM_2R,FIXED,1,-59.0,-29.5,-29.5,SELL,BUY,False,-59.0,-29.5,-29.5,0.0,False,CONTROL_OR_NO_SINGLE_SURVIVOR,,,,,2.0,
2190,2025-08-14 18:00,DISCOVERY_AUGUST,VALIDATED_SOURCE,WEEKDAY_WEAK,1,FIXED_65_ARM_2R,FIXED,2,-59.0,-29.5,-29.5,SELL,BUY,False,-59.0,-29.5,-29.5,0.0,False,CONTROL_OR_NO_SINGLE_SURVIVOR,,,,,2.0,
2190,2025-08-14 18:00,DISCOVERY_AUGUST,VALIDATED_SOURCE,WEEKDAY_WEAK,1,FIXED_65_ARM_2R,FIXED,4,-59.0,-29.5,-29.5,SELL,BUY,False,-59.0,-29.5,-29.5,0.0,False,CONTROL_OR_NO_SINGLE_SURVIVOR,,,,,2.0,
2190,2025-08-14 18:00,DISCOVERY_AUGUST,VALIDATED_SOURCE,WEEKDAY_WEAK,1,FIXED_75_ARM_2R,FIXED,0,-59.0,-29.5,-29.5,SELL,BUY,False,-59.0,-29.5,-29.5,0.0,False,CONTROL_OR_NO_SINGLE_SURVIVOR,,,,,2.0,
2190,2025-08-14 18:00,DISCOVERY_AUGUST,VALIDATED_SOURCE,WEEKDAY_WEAK,1,FIXED_75_ARM_2R,FIXED,1,-59.0,-29.5,-29.5,SELL,BUY,False,-59.0,-29.5,-29.5,0.0,False,CONTROL_OR_NO_SINGLE_SURVIVOR,,,,,2.0,
2190,2025-08-14 18:00,DISCOVERY_AUGUST,VALIDATED_SOURCE,WEEKDAY_WEAK,1,FIXED_75_ARM_2R,FIXED,2,-59.0,-29.5,-29.5,SELL,BUY,False,-59.0,-29.5,-29.5,0.0,False,CONTROL_OR_NO_SINGLE_SURVIVOR,,,,,2.0,
2190,2025-08-14 18:00,DISCOVERY_AUGUST,VALIDATED_SOURCE,WEEKDAY_WEAK,1,FIXED_75_ARM_2R,FIXED,4,-59.0,-29.5,-29.5,SELL,BUY,False,-59.0,-29.5,-29.5,0.0,False,CONTROL_OR_NO_SINGLE_SURVIVOR,,,,,2.0,
2190,2025-08-14 18:00,DISCOVERY_AUGUST,VALIDATED_SOURCE,WEEKDAY_WEAK,1,FIXED_85_ARM_2R,FIXED,0,-59.0,-29.5,-29.5,SELL,BUY,False,-59.0,-29.5,-29.5,0.0,False,CONTROL_OR_NO_SINGLE_SURVIVOR,,,,,2.0,
2190,2025-08-14 18:00,DISCOVERY_AUGUST,VALIDATED_SOURCE,WEEKDAY_WEAK,1,FIXED_85_ARM_2R,FIXED,1,-59.0,-29.5,-29.5,SELL,BUY,False,-59.0,-29.5,-29.5,0.0,False,CONTROL_OR_NO_SINGLE_SURVIVOR,,,,,2.0,
2190,2025-08-14 18:00,DISCOVERY_AUGUST,VALIDATED_SOURCE,WEEKDAY_WEAK,1,FIXED_85_ARM_2R,FIXED,2,-59.0,-29.5,-29.5,SELL,BUY,False,-59.0,-29.5,-29.5,0.0,False,CONTROL_OR_NO_SINGLE_SURVIVOR,,,,,2.0,
2190,2025-08-14 18:00,DISCOVERY_AUGUST,VALIDATED_SOURCE,WEEKDAY_WEAK,1,FIXED_85_ARM_2R,FIXED,4,-59.0,-29.5,-29.5,SELL,BUY,False,-59.0,-29.5,-29.5,0.0,False,CONTROL_OR_NO_SINGLE_SURVIVOR,,,,,2.0,
2190,2025-08-14 18:00,DISCOVERY_AUGUST,VALIDATED_SOURCE,WEEKDAY_WEAK,1,FIXED_50_ARM_3R,FIXED,0,-59.0,-29.5,-29.5,SELL,BUY,False,-59.0,-29.5,-29.5,0.0,False,CONTROL_OR_NO_SINGLE_SURVIVOR,,,,,3.0,
2190,2025-08-14 18:00,DISCOVERY_AUGUST,VALIDATED_SOURCE,WEEKDAY_WEAK,1,FIXED_50_ARM_3R,FIXED,1,-59.0,-29.5,-29.5,SELL,BUY,False,-59.0,-29.5,-29.5,0.0,False,CONTROL_OR_NO_SINGLE_SURVIVOR,,,,,3.0,
2190,2025-08-14 18:00,DISCOVERY_AUGUST,VALIDATED_SOURCE,WEEKDAY_WEAK,1,FIXED_50_ARM_3R,FIXED,2,-59.0,-29.5,-29.5,SELL,BUY,False,-59.0,-29.5,-29.5,0.0,False,CONTROL_OR_NO_SINGLE_SURVIVOR,,,,,3.0,
2190,2025-08-14 18:00,DISCOVERY_AUGUST,VALIDATED_SOURCE,WEEKDAY_WEAK,1,FIXED_50_ARM_3R,FIXED,4,-59.0,-29.5,-29.5,SELL,BUY,False,-59.0,-29.5,-29.5,0.0,False,CONTROL_OR_NO_SINGLE_SURVIVOR,,,,,3.0,
2190,2025-08-14 18:00,DISCOVERY_AUGUST,VALIDATED_SOURCE,WEEKDAY_WEAK,1,FIXED_65_ARM_3R,FIXED,0,-59.0,-29.5,-29.5,SELL,BUY,False,-59.0,-29.5,-29.5,0.0,False,CONTROL_OR_NO_SINGLE_SURVIVOR,,,,,3.0,
2190,2025-08-14 18:00,DISCOVERY_AUGUST,VALIDATED_SOURCE,WEEKDAY_WEAK,1,FIXED_65_ARM_3R,FIXED,1,-59.0,-29.5,-29.5,SELL,BUY,False,-59.0,-29.5,-29.5,0.0,False,CONTROL_OR_NO_SINGLE_SURVIVOR,,,,,3.0,
2190,2025-08-14 18:00,DISCOVERY_AUGUST,VALIDATED_SOURCE,WEEKDAY_WEAK,1,FIXED_65_ARM_3R,FIXED,2,-59.0,-29.5,-29.5,SELL,BUY,False,-59.0,-29.5,-29.5,0.0,False,CONTROL_OR_NO_SINGLE_SURVIVOR,,,,,3.0,
2190,2025-08-14 18:00,DISCOVERY_AUGUST,VALIDATED_SOURCE,WEEKDAY_WEAK,1,FIXED_65_ARM_3R,FIXED,4,-59.0,-29.5,-29.5,SELL,BUY,False,-59.0,-29.5,-29.5,0.0,False,CONTROL_OR_NO_SINGLE_SURVIVOR,,,,,3.0,
2190,2025-08-14 18:00,DISCOVERY_AUGUST,VALIDATED_SOURCE,WEEKDAY_WEAK,1,FIXED_75_ARM_3R,FIXED,0,-59.0,-29.5,-29.5,SELL,BUY,False,-59.0,-29.5,-29.5,0.0,False,CONTROL_OR_NO_SINGLE_SURVIVOR,,,,,3.0,
2190,2025-08-14 18:00,DISCOVERY_AUGUST,VALIDATED_SOURCE,WEEKDAY_WEAK,1,FIXED_75_ARM_3R,FIXED,1,-59.0,-29.5,-29.5,SELL,BUY,False,-59.0,-29.5,-29.5,0.0,False,CONTROL_OR_NO_SINGLE_SURVIVOR,,,,,3.0,
2190,2025-08-14 18:00,DISCOVERY_AUGUST,VALIDATED_SOURCE,WEEKDAY_WEAK,1,FIXED_75_ARM_3R,FIXED,2,-59.0,-29.5,-29.5,SELL,BUY,False,-59.0,-29.5,-29.5,0.0,False,CONTROL_OR_NO_SINGLE_SURVIVOR,,,,,3.0,
2190,2025-08-14 18:00,DISCOVERY_AUGUST,VALIDATED_SOURCE,WEEKDAY_WEAK,1,FIXED_75_ARM_3R,FIXED,4,-59.0,-29.5,-29.5,SELL,BUY,False,-59.0,-29.5,-29.5,0.0,False,CONTROL_OR_NO_SINGLE_SURVIVOR,,,,,3.0,
2190,2025-08-14 18:00,DISCOVERY_AUGUST,VALIDATED_SOURCE,WEEKDAY_WEAK,1,FIXED_85_ARM_3R,FIXED,0,-59.0,-29.5,-29.5,SELL,BUY,False,-59.0,-29.5,-29.5,0.0,False,CONTROL_OR_NO_SINGLE_SURVIVOR,,,,,3.0,
2190,2025-08-14 18:00,DISCOVERY_AUGUST,VALIDATED_SOURCE,WEEKDAY_WEAK,1,FIXED_85_ARM_3R,FIXED,1,-59.0,-29.5,-29.5,SELL,BUY,False,-59.0,-29.5,-29.5,0.0,False,CONTROL_OR_NO_SINGLE_SURVIVOR,,,,,3.0,
2190,2025-08-14 18:00,DISCOVERY_AUGUST,VALIDATED_SOURCE,WEEKDAY_WEAK,1,FIXED_85_ARM_3R,FIXED,2,-59.0,-29.5,-29.5,SELL,BUY,False,-59.0,-29.5,-29.5,0.0,False,CONTROL_OR_NO_SINGLE_SURVIVOR,,,,,3.0,
2190,2025-08-14 18:00,DISCOVERY_AUGUST,VALIDATED_SOURCE,WEEKDAY_WEAK,1,FIXED_85_ARM_3R,FIXED,4,-59.0,-29.5,-29.5,SELL,BUY,False,-59.0,-29.5,-29.5,0.0,False,CONTROL_OR_NO_SINGLE_SURVIVOR,,,,,3.0,
2190,2025-08-14 18:00,DISCOVERY_AUGUST,VALIDATED_SOURCE,WEEKDAY_WEAK,1,FIXED_50_ARM_4R,FIXED,0,-59.0,-29.5,-29.5,SELL,BUY,False,-59.0,-29.5,-29.5,0.0,False,CONTROL_OR_NO_SINGLE_SURVIVOR,,,,,4.0,
2190,2025-08-14 18:00,DISCOVERY_AUGUST,VALIDATED_SOURCE,WEEKDAY_WEAK,1,FIXED_50_ARM_4R,FIXED,1,-59.0,-29.5,-29.5,SELL,BUY,False,-59.0,-29.5,-29.5,0.0,False,CONTROL_OR_NO_SINGLE_SURVIVOR,,,,,4.0,
2190,2025-08-14 18:00,DISCOVERY_AUGUST,VALIDATED_SOURCE,WEEKDAY_WEAK,1,FIXED_50_ARM_4R,FIXED,2,-59.0,-29.5,-29.5,SELL,BUY,False,-59.0,-29.5,-29.5,0.0,False,CONTROL_OR_NO_SINGLE_SURVIVOR,,,,,4.0,
2190,2025-08-14 18:00,DISCOVERY_AUGUST,VALIDATED_SOURCE,WEEKDAY_WEAK,1,FIXED_50_ARM_4R,FIXED,4,-59.0,-29.5,-29.5,SELL,BUY,False,-59.0,-29.5,-29.5,0.0,False,CONTROL_OR_NO_SINGLE_SURVIVOR,,,,,4.0,
2190,2025-08-14 18:00,DISCOVERY_AUGUST,VALIDATED_SOURCE,WEEKDAY_WEAK,1,FIXED_65_ARM_4R,FIXED,0,-59.0,-29.5,-29.5,SELL,BUY,False,-59.0,-29.5,-29.5,0.0,False,CONTROL_OR_NO_SINGLE_SURVIVOR,,,,,4.0,
2190,2025-08-14 18:00,DISCOVERY_AUGUST,VALIDATED_SOURCE,WEEKDAY_WEAK,1,FIXED_65_ARM_4R,FIXED,1,-59.0,-29.5,-29.5,SELL,BUY,False,-59.0,-29.5,-29.5,0.0,False,CONTROL_OR_NO_SINGLE_SURVIVOR,,,,,4.0,
2190,2025-08-14 18:00,DISCOVERY_AUGUST,VALIDATED_SOURCE,WEEKDAY_WEAK,1,FIXED_65_ARM_4R,FIXED,2,-59.0,-29.5,-29.5,SELL,BUY,False,-59.0,-29.5,-29.5,0.0,False,CONTROL_OR_NO_SINGLE_SURVIVOR,,,,,4.0,
2190,2025-08-14 18:00,DISCOVERY_AUGUST,VALIDATED_SOURCE,WEEKDAY_WEAK,1,FIXED_65_ARM_4R,FIXED,4,-59.0,-29.5,-29.5,SELL,BUY,False,-59.0,-29.5,-29.5,0.0,False,CONTROL_OR_NO_SINGLE_SURVIVOR,,,,,4.0,
2190,2025-08-14 18:00,DISCOVERY_AUGUST,VALIDATED_SOURCE,WEEKDAY_WEAK,1,FIXED_75_ARM_4R,FIXED,0,-59.0,-29.5,-29.5,SELL,BUY,False,-59.0,-29.5,-29.5,0.0,False,CONTROL_OR_NO_SINGLE_SURVIVOR,,,,,4.0,
2190,2025-08-14 18:00,DISCOVERY_AUGUST,VALIDATED_SOURCE,WEEKDAY_WEAK,1,FIXED_75_ARM_4R,FIXED,1,-59.0,-29.5,-29.5,SELL,BUY,False,-59.0,-29.5,-29.5,0.0,False,CONTROL_OR_NO_SINGLE_SURVIVOR,,,,,4.0,
2190,2025-08-14 18:00,DISCOVERY_AUGUST,VALIDATED_SOURCE,WEEKDAY_WEAK,1,FIXED_75_ARM_4R,FIXED,2,-59.0,-29.5,-29.5,SELL,BUY,False,-59.0,-29.5,-29.5,0.0,False,CONTROL_OR_NO_SINGLE_SURVIVOR,,,,,4.0,
2190,2025-08-14 18:00,DISCOVERY_AUGUST,VALIDATED_SOURCE,WEEKDAY_WEAK,1,FIXED_75_ARM_4R,FIXED,4,-59.0,-29.5,-29.5,SELL,BUY,False,-59.0,-29.5,-29.5,0.0,False,CONTROL_OR_NO_SINGLE_SURVIVOR,,,,,4.0,
2190,2025-08-14 18:00,DISCOVERY_AUGUST,VALIDATED_SOURCE,WEEKDAY_WEAK,1,FIXED_85_ARM_4R,FIXED,0,-59.0,-29.5,-29.5,SELL,BUY,False,-59.0,-29.5,-29.5,0.0,False,CONTROL_OR_NO_SINGLE_SURVIVOR,,,,,4.0,
2190,2025-08-14 18:00,DISCOVERY_AUGUST,VALIDATED_SOURCE,WEEKDAY_WEAK,1,FIXED_85_ARM_4R,FIXED,1,-59.0,-29.5,-29.5,SELL,BUY,False,-59.0,-29.5,-29.5,0.0,False,CONTROL_OR_NO_SINGLE_SURVIVOR,,,,,4.0,
2190,2025-08-14 18:00,DISCOVERY_AUGUST,VALIDATED_SOURCE,WEEKDAY_WEAK,1,FIXED_85_ARM_4R,FIXED,2,-59.0,-29.5,-29.5,SELL,BUY,False,-59.0,-29.5,-29.5,0.0,False,CONTROL_OR_NO_SINGLE_SURVIVOR,,,,,4.0,
2190,2025-08-14 18:00,DISCOVERY_AUGUST,VALIDATED_SOURCE,WEEKDAY_WEAK,1,FIXED_85_ARM_4R,FIXED,4,-59.0,-29.5,-29.5,SELL,BUY,False,-59.0,-29.5,-29.5,0.0,False,CONTROL_OR_NO_SINGLE_SURVIVOR,,,,,4.0,
2190,2025-08-14 18:00,DISCOVERY_AUGUST,VALIDATED_SOURCE,WEEKDAY_WEAK,1,FIXED_50_ARM_5R,FIXED,0,-59.0,-29.5,-29.5,SELL,BUY,False,-59.0,-29.5,-29.5,0.0,False,CONTROL_OR_NO_SINGLE_SURVIVOR,,,,,5.0,
2190,2025-08-14 18:00,DISCOVERY_AUGUST,VALIDATED_SOURCE,WEEKDAY_WEAK,1,FIXED_50_ARM_5R,FIXED,1,-59.0,-29.5,-29.5,SELL,BUY,False,-59.0,-29.5,-29.5,0.0,False,CONTROL_OR_NO_SINGLE_SURVIVOR,,,,,5.0,
2190,2025-08-14 18:00,DISCOVERY_AUGUST,VALIDATED_SOURCE,WEEKDAY_WEAK,1,FIXED_50_ARM_5R,FIXED,2,-59.0,-29.5,-29.5,SELL,BUY,False,-59.0,-29.5,-29.5,0.0,False,CONTROL_OR_NO_SINGLE_SURVIVOR,,,,,5.0,
2190,2025-08-14 18:00,DISCOVERY_AUGUST,VALIDATED_SOURCE,WEEKDAY_WEAK,1,FIXED_50_ARM_5R,FIXED,4,-59.0,-29.5,-29.5,SELL,BUY,False,-59.0,-29.5,-29.5,0.0,False,CONTROL_OR_NO_SINGLE_SURVIVOR,,,,,5.0,
2190,2025-08-14 18:00,DISCOVERY_AUGUST,VALIDATED_SOURCE,WEEKDAY_WEAK,1,FIXED_65_ARM_5R,FIXED,0,-59.0,-29.5,-29.5,SELL,BUY,False,-59.0,-29.5,-29.5,0.0,False,CONTROL_OR_NO_SINGLE_SURVIVOR,,,,,5.0,
2190,2025-08-14 18:00,DISCOVERY_AUGUST,VALIDATED_SOURCE,WEEKDAY_WEAK,1,FIXED_65_ARM_5R,FIXED,1,-59.0,-29.5,-29.5,SELL,BUY,False,-59.0,-29.5,-29.5,0.0,False,CONTROL_OR_NO_SINGLE_SURVIVOR,,,,,5.0,
2190,2025-08-14 18:00,DISCOVERY_AUGUST,VALIDATED_SOURCE,WEEKDAY_WEAK,1,FIXED_65_ARM_5R,FIXED,2,-59.0,-29.5,-29.5,SELL,BUY,False,-59.0,-29.5,-29.5,0.0,False,CONTROL_OR_NO_SINGLE_SURVIVOR,,,,,5.0,
2190,2025-08-14 18:00,DISCOVERY_AUGUST,VALIDATED_SOURCE,WEEKDAY_WEAK,1,FIXED_65_ARM_5R,FIXED,4,-59.0,-29.5,-29.5,SELL,BUY,False,-59.0,-29.5,-29.5,0.0,False,CONTROL_OR_NO_SINGLE_SURVIVOR,,,,,5.0,
2190,2025-08-14 18:00,DISCOVERY_AUGUST,VALIDATED_SOURCE,WEEKDAY_WEAK,1,FIXED_75_ARM_5R,FIXED,0,-59.0,-29.5,-29.5,SELL,BUY,False,-59.0,-29.5,-29.5,0.0,False,CONTROL_OR_NO_SINGLE_SURVIVOR,,,,,5.0,
2190,2025-08-14 18:00,DISCOVERY_AUGUST,VALIDATED_SOURCE,WEEKDAY_WEAK,1,FIXED_75_ARM_5R,FIXED,1,-59.0,-29.5,-29.5,SELL,BUY,False,-59.0,-29.5,-29.5,0.0,False,CONTROL_OR_NO_SINGLE_SURVIVOR,,,,,5.0,
2190,2025-08-14 18:00,DISCOVERY_AUGUST,VALIDATED_SOURCE,WEEKDAY_WEAK,1,FIXED_75_ARM_5R,FIXED,2,-59.0,-29.5,-29.5,SELL,BUY,False,-59.0,-29.5,-29.5,0.0,False,CONTROL_OR_NO_SINGLE_SURVIVOR,,,,,5.0,
2190,2025-08-14 18:00,DISCOVERY_AUGUST,VALIDATED_SOURCE,WEEKDAY_WEAK,1,FIXED_75_ARM_5R,FIXED,4,-59.0,-29.5,-29.5,SELL,BUY,False,-59.0,-29.5,-29.5,0.0,False,CONTROL_OR_NO_SINGLE_SURVIVOR,,,,,5.0,
2190,2025-08-14 18:00,DISCOVERY_AUGUST,VALIDATED_SOURCE,WEEKDAY_WEAK,1,FIXED_85_ARM_5R,FIXED,0,-59.0,-29.5,-29.5,SELL,BUY,False,-59.0,-29.5,-29.5,0.0,False,CONTROL_OR_NO_SINGLE_SURVIVOR,,,,,5.0,
2190,2025-08-14 18:00,DISCOVERY_AUGUST,VALIDATED_SOURCE,WEEKDAY_WEAK,1,FIXED_85_ARM_5R,FIXED,1,-59.0,-29.5,-29.5,SELL,BUY,False,-59.0,-29.5,-29.5,0.0,False,CONTROL_OR_NO_SINGLE_SURVIVOR,,,,,5.0,
2190,2025-08-14 18:00,DISCOVERY_AUGUST,VALIDATED_SOURCE,WEEKDAY_WEAK,1,FIXED_85_ARM_5R,FIXED,2,-59.0,-29.5,-29.5,SELL,BUY,False,-59.0,-29.5,-29.5,0.0,False,CONTROL_OR_NO_SINGLE_SURVIVOR,,,,,5.0,
2190,2025-08-14 18:00,DISCOVERY_AUGUST,VALIDATED_SOURCE,WEEKDAY_WEAK,1,FIXED_85_ARM_5R,FIXED,4,-59.0,-29.5,-29.5,SELL,BUY,False,-59.0,-29.5,-29.5,0.0,False,CONTROL_OR_NO_SINGLE_SURVIVOR,,,,,5.0,
2190,2025-08-14 18:00,DISCOVERY_AUGUST,VALIDATED_SOURCE,WEEKDAY_WEAK,1,DYNAMIC_FAST_2R_4R_6R_8R,DYNAMIC,0,-59.0,-29.5,-29.5,SELL,BUY,False,-59.0,-29.5,-29.5,0.0,False,CONTROL_OR_NO_SINGLE_SURVIVOR,,,,,2.0,
2190,2025-08-14 18:00,DISCOVERY_AUGUST,VALIDATED_SOURCE,WEEKDAY_WEAK,1,DYNAMIC_FAST_2R_4R_6R_8R,DYNAMIC,1,-59.0,-29.5,-29.5,SELL,BUY,False,-59.0,-29.5,-29.5,0.0,False,CONTROL_OR_NO_SINGLE_SURVIVOR,,,,,2.0,
2190,2025-08-14 18:00,DISCOVERY_AUGUST,VALIDATED_SOURCE,WEEKDAY_WEAK,1,DYNAMIC_FAST_2R_4R_6R_8R,DYNAMIC,2,-59.0,-29.5,-29.5,SELL,BUY,False,-59.0,-29.5,-29.5,0.0,False,CONTROL_OR_NO_SINGLE_SURVIVOR,,,,,2.0,
2190,2025-08-14 18:00,DISCOVERY_AUGUST,VALIDATED_SOURCE,WEEKDAY_WEAK,1,DYNAMIC_FAST_2R_4R_6R_8R,DYNAMIC,4,-59.0,-29.5,-29.5,SELL,BUY,False,-59.0,-29.5,-29.5,0.0,False,CONTROL_OR_NO_SINGLE_SURVIVOR,,,,,2.0,
2190,2025-08-14 18:00,DISCOVERY_AUGUST,VALIDATED_SOURCE,WEEKDAY_WEAK,1,DYNAMIC_BALANCED_3R_5R_8R_12R,DYNAMIC,0,-59.0,-29.5,-29.5,SELL,BUY,False,-59.0,-29.5,-29.5,0.0,False,CONTROL_OR_NO_SINGLE_SURVIVOR,,,,,3.0,
2190,2025-08-14 18:00,DISCOVERY_AUGUST,VALIDATED_SOURCE,WEEKDAY_WEAK,1,DYNAMIC_BALANCED_3R_5R_8R_12R,DYNAMIC,1,-59.0,-29.5,-29.5,SELL,BUY,False,-59.0,-29.5,-29.5,0.0,False,CONTROL_OR_NO_SINGLE_SURVIVOR,,,,,3.0,
2190,2025-08-14 18:00,DISCOVERY_AUGUST,VALIDATED_SOURCE,WEEKDAY_WEAK,1,DYNAMIC_BALANCED_3R_5R_8R_12R,DYNAMIC,2,-59.0,-29.5,-29.5,SELL,BUY,False,-59.0,-29.5,-29.5,0.0,False,CONTROL_OR_NO_SINGLE_SURVIVOR,,,,,3.0,
2190,2025-08-14 18:00,DISCOVERY_AUGUST,VALIDATED_SOURCE,WEEKDAY_WEAK,1,DYNAMIC_BALANCED_3R_5R_8R_12R,DYNAMIC,4,-59.0,-29.5,-29.5,SELL,BUY,False,-59.0,-29.5,-29.5,0.0,False,CONTROL_OR_NO_SINGLE_SURVIVOR,,,,,3.0,
2190,2025-08-14 18:00,DISCOVERY_AUGUST,VALIDATED_SOURCE,WEEKDAY_WEAK,1,DYNAMIC_LOOSE_4R_7R_11R_16R,DYNAMIC,0,-59.0,-29.5,-29.5,SELL,BUY,False,-59.0,-29.5,-29.5,0.0,False,CONTROL_OR_NO_SINGLE_SURVIVOR,,,,,4.0,
2190,2025-08-14 18:00,DISCOVERY_AUGUST,VALIDATED_SOURCE,WEEKDAY_WEAK,1,DYNAMIC_LOOSE_4R_7R_11R_16R,DYNAMIC,1,-59.0,-29.5,-29.5,SELL,BUY,False,-59.0,-29.5,-29.5,0.0,False,CONTROL_OR_NO_SINGLE_SURVIVOR,,,,,4.0,
2190,2025-08-14 18:00,DISCOVERY_AUGUST,VALIDATED_SOURCE,WEEKDAY_WEAK,1,DYNAMIC_LOOSE_4R_7R_11R_16R,DYNAMIC,2,-59.0,-29.5,-29.5,SELL,BUY,False,-59.0,-29.5,-29.5,0.0,False,CONTROL_OR_NO_SINGLE_SURVIVOR,,,,,4.0,
2190,2025-08-14 18:00,DISCOVERY_AUGUST,VALIDATED_SOURCE,WEEKDAY_WEAK,1,DYNAMIC_LOOSE_4R_7R_11R_16R,DYNAMIC,4,-59.0,-29.5,-29.5,SELL,BUY,False,-59.0,-29.5,-29.5,0.0,False,CONTROL_OR_NO_SINGLE_SURVIVOR,,,,,4.0,
2190,2025-08-14 18:00,DISCOVERY_AUGUST,VALIDATED_SOURCE,WEEKDAY_WEAK,1,ADAPTIVE_VOL_ARM_3R,ADAPTIVE,0,-59.0,-29.5,-29.5,SELL,BUY,False,-59.0,-29.5,-29.5,0.0,False,CONTROL_OR_NO_SINGLE_SURVIVOR,,,,,3.0,
2190,2025-08-14 18:00,DISCOVERY_AUGUST,VALIDATED_SOURCE,WEEKDAY_WEAK,1,ADAPTIVE_VOL_ARM_3R,ADAPTIVE,1,-59.0,-29.5,-29.5,SELL,BUY,False,-59.0,-29.5,-29.5,0.0,False,CONTROL_OR_NO_SINGLE_SURVIVOR,,,,,3.0,
2190,2025-08-14 18:00,DISCOVERY_AUGUST,VALIDATED_SOURCE,WEEKDAY_WEAK,1,ADAPTIVE_VOL_ARM_3R,ADAPTIVE,2,-59.0,-29.5,-29.5,SELL,BUY,False,-59.0,-29.5,-29.5,0.0,False,CONTROL_OR_NO_SINGLE_SURVIVOR,,,,,3.0,
2190,2025-08-14 18:00,DISCOVERY_AUGUST,VALIDATED_SOURCE,WEEKDAY_WEAK,1,ADAPTIVE_VOL_ARM_3R,ADAPTIVE,4,-59.0,-29.5,-29.5,SELL,BUY,False,-59.0,-29.5,-29.5,0.0,False,CONTROL_OR_NO_SINGLE_SURVIVOR,,,,,3.0,
2190,2025-08-14 18:00,DISCOVERY_AUGUST,VALIDATED_SOURCE,WEEKDAY_WEAK,1,ADAPTIVE_VOL_ARM_4R,ADAPTIVE,0,-59.0,-29.5,-29.5,SELL,BUY,False,-59.0,-29.5,-29.5,0.0,False,CONTROL_OR_NO_SINGLE_SURVIVOR,,,,,4.0,
2190,2025-08-14 18:00,DISCOVERY_AUGUST,VALIDATED_SOURCE,WEEKDAY_WEAK,1,ADAPTIVE_VOL_ARM_4R,ADAPTIVE,1,-59.0,-29.5,-29.5,SELL,BUY,False,-59.0,-29.5,-29.5,0.0,False,CONTROL_OR_NO_SINGLE_SURVIVOR,,,,,4.0,
2190,2025-08-14 18:00,DISCOVERY_AUGUST,VALIDATED_SOURCE,WEEKDAY_WEAK,1,ADAPTIVE_VOL_ARM_4R,ADAPTIVE,2,-59.0,-29.5,-29.5,SELL,BUY,False,-59.0,-29.5,-29.5,0.0,False,CONTROL_OR_NO_SINGLE_SURVIVOR,,,,,4.0,
2190,2025-08-14 18:00,DISCOVERY_AUGUST,VALIDATED_SOURCE,WEEKDAY_WEAK,1,ADAPTIVE_VOL_ARM_4R,ADAPTIVE,4,-59.0,-29.5,-29.5,SELL,BUY,False,-59.0,-29.5,-29.5,0.0,False,CONTROL_OR_NO_SINGLE_SURVIVOR,,,,,4.0,
2191,2025-08-15 09:30,DISCOVERY_AUGUST,VALIDATED_SOURCE,NY,2,CONTROL_NO_PAIR_FLOOR,CONTROL,0,-118.0,-59.0,-59.0,SELL,BUY,False,-118.0,-59.0,-59.0,0.0,False,CONTROL_OR_NO_SINGLE_SURVIVOR,,,,,999.0,
2191,2025-08-15 09:30,DISCOVERY_AUGUST,VALIDATED_SOURCE,NY,2,CONTROL_NO_PAIR_FLOOR,CONTROL,1,-118.0,-59.0,-59.0,SELL,BUY,False,-118.0,-59.0,-59.0,0.0,False,CONTROL_OR_NO_SINGLE_SURVIVOR,,,,,999.0,
2191,2025-08-15 09:30,DISCOVERY_AUGUST,VALIDATED_SOURCE,NY,2,CONTROL_NO_PAIR_FLOOR,CONTROL,2,-118.0,-59.0,-59.0,SELL,BUY,False,-118.0,-59.0,-59.0,0.0,False,CONTROL_OR_NO_SINGLE_SURVIVOR,,,,,999.0,
2191,2025-08-15 09:30,DISCOVERY_AUGUST,VALIDATED_SOURCE,NY,2,CONTROL_NO_PAIR_FLOOR,CONTROL,4,-118.0,-59.0,-59.0,SELL,BUY,False,-118.0,-59.0,-59.0,0.0,False,CONTROL_OR_NO_SINGLE_SURVIVOR,,,,,999.0,
2191,2025-08-15 09:30,DISCOVERY_AUGUST,VALIDATED_SOURCE,NY,2,FIXED_50_ARM_2R,FIXED,0,-118.0,-59.0,-59.0,SELL,BUY,False,-118.0,-59.0,-59.0,0.0,False,CONTROL_OR_NO_SINGLE_SURVIVOR,,,,,2.0,
2191,2025-08-15 09:30,DISCOVERY_AUGUST,VALIDATED_SOURCE,NY,2,FIXED_50_ARM_2R,FIXED,1,-118.0,-59.0,-59.0,SELL,BUY,False,-118.0,-59.0,-59.0,0.0,False,CONTROL_OR_NO_SINGLE_SURVIVOR,,,,,2.0,
2191,2025-08-15 09:30,DISCOVERY_AUGUST,VALIDATED_SOURCE,NY,2,FIXED_50_ARM_2R,FIXED,2,-118.0,-59.0,-59.0,SELL,BUY,False,-118.0,-59.0,-59.0,0.0,False,CONTROL_OR_NO_SINGLE_SURVIVOR,,,,,2.0,
2191,2025-08-15 09:30,DISCOVERY_AUGUST,VALIDATED_SOURCE,NY,2,FIXED_50_ARM_2R,FIXED,4,-118.0,-59.0,-59.0,SELL,BUY,False,-118.0,-59.0,-59.0,0.0,False,CONTROL_OR_NO_SINGLE_SURVIVOR,,,,,2.0,
2191,2025-08-15 09:30,DISCOVERY_AUGUST,VALIDATED_SOURCE,NY,2,FIXED_65_ARM_2R,FIXED,0,-118.0,-59.0,-59.0,SELL,BUY,False,-118.0,-59.0,-59.0,0.0,False,CONTROL_OR_NO_SINGLE_SURVIVOR,,,,,2.0,
2191,2025-08-15 09:30,DISCOVERY_AUGUST,VALIDATED_SOURCE,NY,2,FIXED_65_ARM_2R,FIXED,1,-118.0,-59.0,-59.0,SELL,BUY,False,-118.0,-59.0,-59.0,0.0,False,CONTROL_OR_NO_SINGLE_SURVIVOR,,,,,2.0,
2191,2025-08-15 09:30,DISCOVERY_AUGUST,VALIDATED_SOURCE,NY,2,FIXED_65_ARM_2R,FIXED,2,-118.0,-59.0,-59.0,SELL,BUY,False,-118.0,-59.0,-59.0,0.0,False,CONTROL_OR_NO_SINGLE_SURVIVOR,,,,,2.0,
2191,2025-08-15 09:30,DISCOVERY_AUGUST,VALIDATED_SOURCE,NY,2,FIXED_65_ARM_2R,FIXED,4,-118.0,-59.0,-59.0,SELL,BUY,False,-118.0,-59.0,-59.0,0.0,False,CONTROL_OR_NO_SINGLE_SURVIVOR,,,,,2.0,
2191,2025-08-15 09:30,DISCOVERY_AUGUST,VALIDATED_SOURCE,NY,2,FIXED_75_ARM_2R,FIXED,0,-118.0,-59.0,-59.0,SELL,BUY,False,-118.0,-59.0,-59.0,0.0,False,CONTROL_OR_NO_SINGLE_SURVIVOR,,,,,2.0,
2191,2025-08-15 09:30,DISCOVERY_AUGUST,VALIDATED_SOURCE,NY,2,FIXED_75_ARM_2R,FIXED,1,-118.0,-59.0,-59.0,SELL,BUY,False,-118.0,-59.0,-59.0,0.0,False,CONTROL_OR_NO_SINGLE_SURVIVOR,,,,,2.0,
2191,2025-08-15 09:30,DISCOVERY_AUGUST,VALIDATED_SOURCE,NY,2,FIXED_75_ARM_2R,FIXED,2,-118.0,-59.0,-59.0,SELL,BUY,False,-118.0,-59.0,-59.0,0.0,False,CONTROL_OR_NO_SINGLE_SURVIVOR,,,,,2.0,
2191,2025-08-15 09:30,DISCOVERY_AUGUST,VALIDATED_SOURCE,NY,2,FIXED_75_ARM_2R,FIXED,4,-118.0,-59.0,-59.0,SELL,BUY,False,-118.0,-59.0,-59.0,0.0,False,CONTROL_OR_NO_SINGLE_SURVIVOR,,,,,2.0,
2191,2025-08-15 09:30,DISCOVERY_AUGUST,VALIDATED_SOURCE,NY,2,FIXED_85_ARM_2R,FIXED,0,-118.0,-59.0,-59.0,SELL,BUY,False,-118.0,-59.0,-59.0,0.0,False,CONTROL_OR_NO_SINGLE_SURVIVOR,,,,,2.0,
2191,2025-08-15 09:30,DISCOVERY_AUGUST,VALIDATED_SOURCE,NY,2,FIXED_85_ARM_2R,FIXED,1,-118.0,-59.0,-59.0,SELL,BUY,False,-118.0,-59.0,-59.0,0.0,False,CONTROL_OR_NO_SINGLE_SURVIVOR,,,,,2.0,
2191,2025-08-15 09:30,DISCOVERY_AUGUST,VALIDATED_SOURCE,NY,2,FIXED_85_ARM_2R,FIXED,2,-118.0,-59.0,-59.0,SELL,BUY,False,-118.0,-59.0,-59.0,0.0,False,CONTROL_OR_NO_SINGLE_SURVIVOR,,,,,2.0,
2191,2025-08-15 09:30,DISCOVERY_AUGUST,VALIDATED_SOURCE,NY,2,FIXED_85_ARM_2R,FIXED,4,-118.0,-59.0,-59.0,SELL,BUY,False,-118.0,-59.0,-59.0,0.0,False,CONTROL_OR_NO_SINGLE_SURVIVOR,,,,,2.0,
2191,2025-08-15 09:30,DISCOVERY_AUGUST,VALIDATED_SOURCE,NY,2,FIXED_50_ARM_3R,FIXED,0,-118.0,-59.0,-59.0,SELL,BUY,False,-118.0,-59.0,-59.0,0.0,False,CONTROL_OR_NO_SINGLE_SURVIVOR,,,,,3.0,
2191,2025-08-15 09:30,DISCOVERY_AUGUST,VALIDATED_SOURCE,NY,2,FIXED_50_ARM_3R,FIXED,1,-118.0,-59.0,-59.0,SELL,BUY,False,-118.0,-59.0,-59.0,0.0,False,CONTROL_OR_NO_SINGLE_SURVIVOR,,,,,3.0,
2191,2025-08-15 09:30,DISCOVERY_AUGUST,VALIDATED_SOURCE,NY,2,FIXED_50_ARM_3R,FIXED,2,-118.0,-59.0,-59.0,SELL,BUY,False,-118.0,-59.0,-59.0,0.0,False,CONTROL_OR_NO_SINGLE_SURVIVOR,,,,,3.0,
2191,2025-08-15 09:30,DISCOVERY_AUGUST,VALIDATED_SOURCE,NY,2,FIXED_50_ARM_3R,FIXED,4,-118.0,-59.0,-59.0,SELL,BUY,False,-118.0,-59.0,-59.0,0.0,False,CONTROL_OR_NO_SINGLE_SURVIVOR,,,,,3.0,
2191,2025-08-15 09:30,DISCOVERY_AUGUST,VALIDATED_SOURCE,NY,2,FIXED_65_ARM_3R,FIXED,0,-118.0,-59.0,-59.0,SELL,BUY,False,-118.0,-59.0,-59.0,0.0,False,CONTROL_OR_NO_SINGLE_SURVIVOR,,,,,3.0,
2191,2025-08-15 09:30,DISCOVERY_AUGUST,VALIDATED_SOURCE,NY,2,FIXED_65_ARM_3R,FIXED,1,-118.0,-59.0,-59.0,SELL,BUY,False,-118.0,-59.0,-59.0,0.0,False,CONTROL_OR_NO_SINGLE_SURVIVOR,,,,,3.0,
2191,2025-08-15 09:30,DISCOVERY_AUGUST,VALIDATED_SOURCE,NY,2,FIXED_65_ARM_3R,FIXED,2,-118.0,-59.0,-59.0,SELL,BUY,False,-118.0,-59.0,-59.0,0.0,False,CONTROL_OR_NO_SINGLE_SURVIVOR,,,,,3.0,
2191,2025-08-15 09:30,DISCOVERY_AUGUST,VALIDATED_SOURCE,NY,2,FIXED_65_ARM_3R,FIXED,4,-118.0,-59.0,-59.0,SELL,BUY,False,-118.0,-59.0,-59.0,0.0,False,CONTROL_OR_NO_SINGLE_SURVIVOR,,,,,3.0,
2191,2025-08-15 09:30,DISCOVERY_AUGUST,VALIDATED_SOURCE,NY,2,FIXED_75_ARM_3R,FIXED,0,-118.0,-59.0,-59.0,SELL,BUY,False,-118.0,-59.0,-59.0,0.0,False,CONTROL_OR_NO_SINGLE_SURVIVOR,,,,,3.0,
2191,2025-08-15 09:30,DISCOVERY_AUGUST,VALIDATED_SOURCE,NY,2,FIXED_75_ARM_3R,FIXED,1,-118.0,-59.0,-59.0,SELL,BUY,False,-118.0,-59.0,-59.0,0.0,False,CONTROL_OR_NO_SINGLE_SURVIVOR,,,,,3.0,
2191,2025-08-15 09:30,DISCOVERY_AUGUST,VALIDATED_SOURCE,NY,2,FIXED_75_ARM_3R,FIXED,2,-118.0,-59.0,-59.0,SELL,BUY,False,-118.0,-59.0,-59.0,0.0,False,CONTROL_OR_NO_SINGLE_SURVIVOR,,,,,3.0,
2191,2025-08-15 09:30,DISCOVERY_AUGUST,VALIDATED_SOURCE,NY,2,FIXED_75_ARM_3R,FIXED,4,-118.0,-59.0,-59.0,SELL,BUY,False,-118.0,-59.0,-59.0,0.0,False,CONTROL_OR_NO_SINGLE_SURVIVOR,,,,,3.0,
2191,2025-08-15 09:30,DISCOVERY_AUGUST,VALIDATED_SOURCE,NY,2,FIXED_85_ARM_3R,FIXED,0,-118.0,-59.0,-59.0,SELL,BUY,False,-118.0,-59.0,-59.0,0.0,False,CONTROL_OR_NO_SINGLE_SURVIVOR,,,,,3.0,
2191,2025-08-15 09:30,DISCOVERY_AUGUST,VALIDATED_SOURCE,NY,2,FIXED_85_ARM_3R,FIXED,1,-118.0,-59.0,-59.0,SELL,BUY,False,-118.0,-59.0,-59.0,0.0,False,CONTROL_OR_NO_SINGLE_SURVIVOR,,,,,3.0,
2191,2025-08-15 09:30,DISCOVERY_AUGUST,VALIDATED_SOURCE,NY,2,FIXED_85_ARM_3R,FIXED,2,-118.0,-59.0,-59.0,SELL,BUY,False,-118.0,-59.0,-59.0,0.0,False,CONTROL_OR_NO_SINGLE_SURVIVOR,,,,,3.0,
2191,2025-08-15 09:30,DISCOVERY_AUGUST,VALIDATED_SOURCE,NY,2,FIXED_85_ARM_3R,FIXED,4,-118.0,-59.0,-59.0,SELL,BUY,False,-118.0,-59.0,-59.0,0.0,False,CONTROL_OR_NO_SINGLE_SURVIVOR,,,,,3.0,
2191,2025-08-15 09:30,DISCOVERY_AUGUST,VALIDATED_SOURCE,NY,2,FIXED_50_ARM_4R,FIXED,0,-118.0,-59.0,-59.0,SELL,BUY,False,-118.0,-59.0,-59.0,0.0,False,CONTROL_OR_NO_SINGLE_SURVIVOR,,,,,4.0,
2191,2025-08-15 09:30,DISCOVERY_AUGUST,VALIDATED_SOURCE,NY,2,FIXED_50_ARM_4R,FIXED,1,-118.0,-59.0,-59.0,SELL,BUY,False,-118.0,-59.0,-59.0,0.0,False,CONTROL_OR_NO_SINGLE_SURVIVOR,,,,,4.0,
2191,2025-08-15 09:30,DISCOVERY_AUGUST,VALIDATED_SOURCE,NY,2,FIXED_50_ARM_4R,FIXED,2,-118.0,-59.0,-59.0,SELL,BUY,False,-118.0,-59.0,-59.0,0.0,False,CONTROL_OR_NO_SINGLE_SURVIVOR,,,,,4.0,
2191,2025-08-15 09:30,DISCOVERY_AUGUST,VALIDATED_SOURCE,NY,2,FIXED_50_ARM_4R,FIXED,4,-118.0,-59.0,-59.0,SELL,BUY,False,-118.0,-59.0,-59.0,0.0,False,CONTROL_OR_NO_SINGLE_SURVIVOR,,,,,4.0,
2191,2025-08-15 09:30,DISCOVERY_AUGUST,VALIDATED_SOURCE,NY,2,FIXED_65_ARM_4R,FIXED,0,-118.0,-59.0,-59.0,SELL,BUY,False,-118.0,-59.0,-59.0,0.0,False,CONTROL_OR_NO_SINGLE_SURVIVOR,,,,,4.0,
2191,2025-08-15 09:30,DISCOVERY_AUGUST,VALIDATED_SOURCE,NY,2,FIXED_65_ARM_4R,FIXED,1,-118.0,-59.0,-59.0,SELL,BUY,False,-118.0,-59.0,-59.0,0.0,False,CONTROL_OR_NO_SINGLE_SURVIVOR,,,,,4.0,
2191,2025-08-15 09:30,DISCOVERY_AUGUST,VALIDATED_SOURCE,NY,2,FIXED_65_ARM_4R,FIXED,2,-118.0,-59.0,-59.0,SELL,BUY,False,-118.0,-59.0,-59.0,0.0,False,CONTROL_OR_NO_SINGLE_SURVIVOR,,,,,4.0,
2191,2025-08-15 09:30,DISCOVERY_AUGUST,VALIDATED_SOURCE,NY,2,FIXED_65_ARM_4R,FIXED,4,-118.0,-59.0,-59.0,SELL,BUY,False,-118.0,-59.0,-59.0,0.0,False,CONTROL_OR_NO_SINGLE_SURVIVOR,,,,,4.0,
2191,2025-08-15 09:30,DISCOVERY_AUGUST,VALIDATED_SOURCE,NY,2,FIXED_75_ARM_4R,FIXED,0,-118.0,-59.0,-59.0,SELL,BUY,False,-118.0,-59.0,-59.0,0.0,False,CONTROL_OR_NO_SINGLE_SURVIVOR,,,,,4.0,
2191,2025-08-15 09:30,DISCOVERY_AUGUST,VALIDATED_SOURCE,NY,2,FIXED_75_ARM_4R,FIXED,1,-118.0,-59.0,-59.0,SELL,BUY,False,-118.0,-59.0,-59.0,0.0,False,CONTROL_OR_NO_SINGLE_SURVIVOR,,,,,4.0,
2191,2025-08-15 09:30,DISCOVERY_AUGUST,VALIDATED_SOURCE,NY,2,FIXED_75_ARM_4R,FIXED,2,-118.0,-59.0,-59.0,SELL,BUY,False,-118.0,-59.0,-59.0,0.0,False,CONTROL_OR_NO_SINGLE_SURVIVOR,,,,,4.0,
2191,2025-08-15 09:30,DISCOVERY_AUGUST,VALIDATED_SOURCE,NY,2,FIXED_75_ARM_4R,FIXED,4,-118.0,-59.0,-59.0,SELL,BUY,False,-118.0,-59.0,-59.0,0.0,False,CONTROL_OR_NO_SINGLE_SURVIVOR,,,,,4.0,
2191,2025-08-15 09:30,DISCOVERY_AUGUST,VALIDATED_SOURCE,NY,2,FIXED_85_ARM_4R,FIXED,0,-118.0,-59.0,-59.0,SELL,BUY,False,-118.0,-59.0,-59.0,0.0,False,CONTROL_OR_NO_SINGLE_SURVIVOR,,,,,4.0,
2191,2025-08-15 09:30,DISCOVERY_AUGUST,VALIDATED_SOURCE,NY,2,FIXED_85_ARM_4R,FIXED,1,-118.0,-59.0,-59.0,SELL,BUY,False,-118.0,-59.0,-59.0,0.0,False,CONTROL_OR_NO_SINGLE_SURVIVOR,,,,,4.0,
2191,2025-08-15 09:30,DISCOVERY_AUGUST,VALIDATED_SOURCE,NY,2,FIXED_85_ARM_4R,FIXED,2,-118.0,-59.0,-59.0,SELL,BUY,False,-118.0,-59.0,-59.0,0.0,False,CONTROL_OR_NO_SINGLE_SURVIVOR,,,,,4.0,
2191,2025-08-15 09:30,DISCOVERY_AUGUST,VALIDATED_SOURCE,NY,2,FIXED_85_ARM_4R,FIXED,4,-118.0,-59.0,-59.0,SELL,BUY,False,-118.0,-59.0,-59.0,0.0,False,CONTROL_OR_NO_SINGLE_SURVIVOR,,,,,4.0,
2191,2025-08-15 09:30,DISCOVERY_AUGUST,VALIDATED_SOURCE,NY,2,FIXED_50_ARM_5R,FIXED,0,-118.0,-59.0,-59.0,SELL,BUY,False,-118.0,-59.0,-59.0,0.0,False,CONTROL_OR_NO_SINGLE_SURVIVOR,,,,,5.0,
2191,2025-08-15 09:30,DISCOVERY_AUGUST,VALIDATED_SOURCE,NY,2,FIXED_50_ARM_5R,FIXED,1,-118.0,-59.0,-59.0,SELL,BUY,False,-118.0,-59.0,-59.0,0.0,False,CONTROL_OR_NO_SINGLE_SURVIVOR,,,,,5.0,
2191,2025-08-15 09:30,DISCOVERY_AUGUST,VALIDATED_SOURCE,NY,2,FIXED_50_ARM_5R,FIXED,2,-118.0,-59.0,-59.0,SELL,BUY,False,-118.0,-59.0,-59.0,0.0,False,CONTROL_OR_NO_SINGLE_SURVIVOR,,,,,5.0,
2191,2025-08-15 09:30,DISCOVERY_AUGUST,VALIDATED_SOURCE,NY,2,FIXED_50_ARM_5R,FIXED,4,-118.0,-59.0,-59.0,SELL,BUY,False,-118.0,-59.0,-59.0,0.0,False,CONTROL_OR_NO_SINGLE_SURVIVOR,,,,,5.0,
2191,2025-08-15 09:30,DISCOVERY_AUGUST,VALIDATED_SOURCE,NY,2,FIXED_65_ARM_5R,FIXED,0,-118.0,-59.0,-59.0,SELL,BUY,False,-118.0,-59.0,-59.0,0.0,False,CONTROL_OR_NO_SINGLE_SURVIVOR,,,,,5.0,
2191,2025-08-15 09:30,DISCOVERY_AUGUST,VALIDATED_SOURCE,NY,2,FIXED_65_ARM_5R,FIXED,1,-118.0,-59.0,-59.0,SELL,BUY,False,-118.0,-59.0,-59.0,0.0,False,CONTROL_OR_NO_SINGLE_SURVIVOR,,,,,5.0,
2191,2025-08-15 09:30,DISCOVERY_AUGUST,VALIDATED_SOURCE,NY,2,FIXED_65_ARM_5R,FIXED,2,-118.0,-59.0,-59.0,SELL,BUY,False,-118.0,-59.0,-59.0,0.0,False,CONTROL_OR_NO_SINGLE_SURVIVOR,,,,,5.0,
2191,2025-08-15 09:30,DISCOVERY_AUGUST,VALIDATED_SOURCE,NY,2,FIXED_65_ARM_5R,FIXED,4,-118.0,-59.0,-59.0,SELL,BUY,False,-118.0,-59.0,-59.0,0.0,False,CONTROL_OR_NO_SINGLE_SURVIVOR,,,,,5.0,
2191,2025-08-15 09:30,DISCOVERY_AUGUST,VALIDATED_SOURCE,NY,2,FIXED_75_ARM_5R,FIXED,0,-118.0,-59.0,-59.0,SELL,BUY,False,-118.0,-59.0,-59.0,0.0,False,CONTROL_OR_NO_SINGLE_SURVIVOR,,,,,5.0,
2191,2025-08-15 09:30,DISCOVERY_AUGUST,VALIDATED_SOURCE,NY,2,FIXED_75_ARM_5R,FIXED,1,-118.0,-59.0,-59.0,SELL,BUY,False,-118.0,-59.0,-59.0,0.0,False,CONTROL_OR_NO_SINGLE_SURVIVOR,,,,,5.0,
2191,2025-08-15 09:30,DISCOVERY_AUGUST,VALIDATED_SOURCE,NY,2,FIXED_75_ARM_5R,FIXED,2,-118.0,-59.0,-59.0,SELL,BUY,False,-118.0,-59.0,-59.0,0.0,False,CONTROL_OR_NO_SINGLE_SURVIVOR,,,,,5.0,
2191,2025-08-15 09:30,DISCOVERY_AUGUST,VALIDATED_SOURCE,NY,2,FIXED_75_ARM_5R,FIXED,4,-118.0,-59.0,-59.0,SELL,BUY,False,-118.0,-59.0,-59.0,0.0,False,CONTROL_OR_NO_SINGLE_SURVIVOR,,,,,5.0,
2191,2025-08-15 09:30,DISCOVERY_AUGUST,VALIDATED_SOURCE,NY,2,FIXED_85_ARM_5R,FIXED,0,-118.0,-59.0,-59.0,SELL,BUY,False,-118.0,-59.0,-59.0,0.0,False,CONTROL_OR_NO_SINGLE_SURVIVOR,,,,,5.0,
2191,2025-08-15 09:30,DISCOVERY_AUGUST,VALIDATED_SOURCE,NY,2,FIXED_85_ARM_5R,FIXED,1,-118.0,-59.0,-59.0,SELL,BUY,False,-118.0,-59.0,-59.0,0.0,False,CONTROL_OR_NO_SINGLE_SURVIVOR,,,,,5.0,
2191,2025-08-15 09:30,DISCOVERY_AUGUST,VALIDATED_SOURCE,NY,2,FIXED_85_ARM_5R,FIXED,2,-118.0,-59.0,-59.0,SELL,BUY,False,-118.0,-59.0,-59.0,0.0,False,CONTROL_OR_NO_SINGLE_SURVIVOR,,,,,5.0,
2191,2025-08-15 09:30,DISCOVERY_AUGUST,VALIDATED_SOURCE,NY,2,FIXED_85_ARM_5R,FIXED,4,-118.0,-59.0,-59.0,SELL,BUY,False,-118.0,-59.0,-59.0,0.0,False,CONTROL_OR_NO_SINGLE_SURVIVOR,,,,,5.0,
2191,2025-08-15 09:30,DISCOVERY_AUGUST,VALIDATED_SOURCE,NY,2,DYNAMIC_FAST_2R_4R_6R_8R,DYNAMIC,0,-118.0,-59.0,-59.0,SELL,BUY,False,-118.0,-59.0,-59.0,0.0,False,CONTROL_OR_NO_SINGLE_SURVIVOR,,,,,2.0,
2191,2025-08-15 09:30,DISCOVERY_AUGUST,VALIDATED_SOURCE,NY,2,DYNAMIC_FAST_2R_4R_6R_8R,DYNAMIC,1,-118.0,-59.0,-59.0,SELL,BUY,False,-118.0,-59.0,-59.0,0.0,False,CONTROL_OR_NO_SINGLE_SURVIVOR,,,,,2.0,
2191,2025-08-15 09:30,DISCOVERY_AUGUST,VALIDATED_SOURCE,NY,2,DYNAMIC_FAST_2R_4R_6R_8R,DYNAMIC,2,-118.0,-59.0,-59.0,SELL,BUY,False,-118.0,-59.0,-59.0,0.0,False,CONTROL_OR_NO_SINGLE_SURVIVOR,,,,,2.0,
2191,2025-08-15 09:30,DISCOVERY_AUGUST,VALIDATED_SOURCE,NY,2,DYNAMIC_FAST_2R_4R_6R_8R,DYNAMIC,4,-118.0,-59.0,-59.0,SELL,BUY,False,-118.0,-59.0,-59.0,0.0,False,CONTROL_OR_NO_SINGLE_SURVIVOR,,,,,2.0,
2191,2025-08-15 09:30,DISCOVERY_AUGUST,VALIDATED_SOURCE,NY,2,DYNAMIC_BALANCED_3R_5R_8R_12R,DYNAMIC,0,-118.0,-59.0,-59.0,SELL,BUY,False,-118.0,-59.0,-59.0,0.0,False,CONTROL_OR_NO_SINGLE_SURVIVOR,,,,,3.0,
2191,2025-08-15 09:30,DISCOVERY_AUGUST,VALIDATED_SOURCE,NY,2,DYNAMIC_BALANCED_3R_5R_8R_12R,DYNAMIC,1,-118.0,-59.0,-59.0,SELL,BUY,False,-118.0,-59.0,-59.0,0.0,False,CONTROL_OR_NO_SINGLE_SURVIVOR,,,,,3.0,
2191,2025-08-15 09:30,DISCOVERY_AUGUST,VALIDATED_SOURCE,NY,2,DYNAMIC_BALANCED_3R_5R_8R_12R,DYNAMIC,2,-118.0,-59.0,-59.0,SELL,BUY,False,-118.0,-59.0,-59.0,0.0,False,CONTROL_OR_NO_SINGLE_SURVIVOR,,,,,3.0,
2191,2025-08-15 09:30,DISCOVERY_AUGUST,VALIDATED_SOURCE,NY,2,DYNAMIC_BALANCED_3R_5R_8R_12R,DYNAMIC,4,-118.0,-59.0,-59.0,SELL,BUY,False,-118.0,-59.0,-59.0,0.0,False,CONTROL_OR_NO_SINGLE_SURVIVOR,,,,,3.0,
2191,2025-08-15 09:30,DISCOVERY_AUGUST,VALIDATED_SOURCE,NY,2,DYNAMIC_LOOSE_4R_7R_11R_16R,DYNAMIC,0,-118.0,-59.0,-59.0,SELL,BUY,False,-118.0,-59.0,-59.0,0.0,False,CONTROL_OR_NO_SINGLE_SURVIVOR,,,,,4.0,
2191,2025-08-15 09:30,DISCOVERY_AUGUST,VALIDATED_SOURCE,NY,2,DYNAMIC_LOOSE_4R_7R_11R_16R,DYNAMIC,1,-118.0,-59.0,-59.0,SELL,BUY,False,-118.0,-59.0,-59.0,0.0,False,CONTROL_OR_NO_SINGLE_SURVIVOR,,,,,4.0,
2191,2025-08-15 09:30,DISCOVERY_AUGUST,VALIDATED_SOURCE,NY,2,DYNAMIC_LOOSE_4R_7R_11R_16R,DYNAMIC,2,-118.0,-59.0,-59.0,SELL,BUY,False,-118.0,-59.0,-59.0,0.0,False,CONTROL_OR_NO_SINGLE_SURVIVOR,,,,,4.0,
2191,2025-08-15 09:30,DISCOVERY_AUGUST,VALIDATED_SOURCE,NY,2,DYNAMIC_LOOSE_4R_7R_11R_16R,DYNAMIC,4,-118.0,-59.0,-59.0,SELL,BUY,False,-118.0,-59.0,-59.0,0.0,False,CONTROL_OR_NO_SINGLE_SURVIVOR,,,,,4.0,
2191,2025-08-15 09:30,DISCOVERY_AUGUST,VALIDATED_SOURCE,NY,2,ADAPTIVE_VOL_ARM_3R,ADAPTIVE,0,-118.0,-59.0,-59.0,SELL,BUY,False,-118.0,-59.0,-59.0,0.0,False,CONTROL_OR_NO_SINGLE_SURVIVOR,,,,,3.0,
2191,2025-08-15 09:30,DISCOVERY_AUGUST,VALIDATED_SOURCE,NY,2,ADAPTIVE_VOL_ARM_3R,ADAPTIVE,1,-118.0,-59.0,-59.0,SELL,BUY,False,-118.0,-59.0,-59.0,0.0,False,CONTROL_OR_NO_SINGLE_SURVIVOR,,,,,3.0,
2191,2025-08-15 09:30,DISCOVERY_AUGUST,VALIDATED_SOURCE,NY,2,ADAPTIVE_VOL_ARM_3R,ADAPTIVE,2,-118.0,-59.0,-59.0,SELL,BUY,False,-118.0,-59.0,-59.0,0.0,False,CONTROL_OR_NO_SINGLE_SURVIVOR,,,,,3.0,
2191,2025-08-15 09:30,DISCOVERY_AUGUST,VALIDATED_SOURCE,NY,2,ADAPTIVE_VOL_ARM_3R,ADAPTIVE,4,-118.0,-59.0,-59.0,SELL,BUY,False,-118.0,-59.0,-59.0,0.0,False,CONTROL_OR_NO_SINGLE_SURVIVOR,,,,,3.0,
2191,2025-08-15 09:30,DISCOVERY_AUGUST,VALIDATED_SOURCE,NY,2,ADAPTIVE_VOL_ARM_4R,ADAPTIVE,0,-118.0,-59.0,-59.0,SELL,BUY,False,-118.0,-59.0,-59.0,0.0,False,CONTROL_OR_NO_SINGLE_SURVIVOR,,,,,4.0,
2191,2025-08-15 09:30,DISCOVERY_AUGUST,VALIDATED_SOURCE,NY,2,ADAPTIVE_VOL_ARM_4R,ADAPTIVE,1,-118.0,-59.0,-59.0,SELL,BUY,False,-118.0,-59.0,-59.0,0.0,False,CONTROL_OR_NO_SINGLE_SURVIVOR,,,,,4.0,
2191,2025-08-15 09:30,DISCOVERY_AUGUST,VALIDATED_SOURCE,NY,2,ADAPTIVE_VOL_ARM_4R,ADAPTIVE,2,-118.0,-59.0,-59.0,SELL,BUY,False,-118.0,-59.0,-59.0,0.0,False,CONTROL_OR_NO_SINGLE_SURVIVOR,,,,,4.0,
2191,2025-08-15 09:30,DISCOVERY_AUGUST,VALIDATED_SOURCE,NY,2,ADAPTIVE_VOL_ARM_4R,ADAPTIVE,4,-118.0,-59.0,-59.0,SELL,BUY,False,-118.0,-59.0,-59.0,0.0,False,CONTROL_OR_NO_SINGLE_SURVIVOR,,,,,4.0,
2223,2025-09-14 18:00,VALIDATION_SEPTEMBER,VALIDATED_SOURCE,WEEKLY,2,CONTROL_NO_PAIR_FLOOR,CONTROL,0,-118.0,-59.0,-59.0,SELL,BUY,False,-118.0,-59.0,-59.0,0.0,False,CONTROL_OR_NO_SINGLE_SURVIVOR,,,,,999.0,
2223,2025-09-14 18:00,VALIDATION_SEPTEMBER,VALIDATED_SOURCE,WEEKLY,2,CONTROL_NO_PAIR_FLOOR,CONTROL,1,-118.0,-59.0,-59.0,SELL,BUY,False,-118.0,-59.0,-59.0,0.0,False,CONTROL_OR_NO_SINGLE_SURVIVOR,,,,,999.0,
2223,2025-09-14 18:00,VALIDATION_SEPTEMBER,VALIDATED_SOURCE,WEEKLY,2,CONTROL_NO_PAIR_FLOOR,CONTROL,2,-118.0,-59.0,-59.0,SELL,BUY,False,-118.0,-59.0,-59.0,0.0,False,CONTROL_OR_NO_SINGLE_SURVIVOR,,,,,999.0,
2223,2025-09-14 18:00,VALIDATION_SEPTEMBER,VALIDATED_SOURCE,WEEKLY,2,CONTROL_NO_PAIR_FLOOR,CONTROL,4,-118.0,-59.0,-59.0,SELL,BUY,False,-118.0,-59.0,-59.0,0.0,False,CONTROL_OR_NO_SINGLE_SURVIVOR,,,,,999.0,
2223,2025-09-14 18:00,VALIDATION_SEPTEMBER,VALIDATED_SOURCE,WEEKLY,2,FIXED_50_ARM_2R,FIXED,0,-118.0,-59.0,-59.0,SELL,BUY,False,-118.0,-59.0,-59.0,0.0,False,CONTROL_OR_NO_SINGLE_SURVIVOR,,,,,2.0,
2223,2025-09-14 18:00,VALIDATION_SEPTEMBER,VALIDATED_SOURCE,WEEKLY,2,FIXED_50_ARM_2R,FIXED,1,-118.0,-59.0,-59.0,SELL,BUY,False,-118.0,-59.0,-59.0,0.0,False,CONTROL_OR_NO_SINGLE_SURVIVOR,,,,,2.0,
2223,2025-09-14 18:00,VALIDATION_SEPTEMBER,VALIDATED_SOURCE,WEEKLY,2,FIXED_50_ARM_2R,FIXED,2,-118.0,-59.0,-59.0,SELL,BUY,False,-118.0,-59.0,-59.0,0.0,False,CONTROL_OR_NO_SINGLE_SURVIVOR,,,,,2.0,
2223,2025-09-14 18:00,VALIDATION_SEPTEMBER,VALIDATED_SOURCE,WEEKLY,2,FIXED_50_ARM_2R,FIXED,4,-118.0,-59.0,-59.0,SELL,BUY,False,-118.0,-59.0,-59.0,0.0,False,CONTROL_OR_NO_SINGLE_SURVIVOR,,,,,2.0,
2223,2025-09-14 18:00,VALIDATION_SEPTEMBER,VALIDATED_SOURCE,WEEKLY,2,FIXED_65_ARM_2R,FIXED,0,-118.0,-59.0,-59.0,SELL,BUY,False,-118.0,-59.0,-59.0,0.0,False,CONTROL_OR_NO_SINGLE_SURVIVOR,,,,,2.0,
2223,2025-09-14 18:00,VALIDATION_SEPTEMBER,VALIDATED_SOURCE,WEEKLY,2,FIXED_65_ARM_2R,FIXED,1,-118.0,-59.0,-59.0,SELL,BUY,False,-118.0,-59.0,-59.0,0.0,False,CONTROL_OR_NO_SINGLE_SURVIVOR,,,,,2.0,
2223,2025-09-14 18:00,VALIDATION_SEPTEMBER,VALIDATED_SOURCE,WEEKLY,2,FIXED_65_ARM_2R,FIXED,2,-118.0,-59.0,-59.0,SELL,BUY,False,-118.0,-59.0,-59.0,0.0,False,CONTROL_OR_NO_SINGLE_SURVIVOR,,,,,2.0,
2223,2025-09-14 18:00,VALIDATION_SEPTEMBER,VALIDATED_SOURCE,WEEKLY,2,FIXED_65_ARM_2R,FIXED,4,-118.0,-59.0,-59.0,SELL,BUY,False,-118.0,-59.0,-59.0,0.0,False,CONTROL_OR_NO_SINGLE_SURVIVOR,,,,,2.0,
2223,2025-09-14 18:00,VALIDATION_SEPTEMBER,VALIDATED_SOURCE,WEEKLY,2,FIXED_75_ARM_2R,FIXED,0,-118.0,-59.0,-59.0,SELL,BUY,False,-118.0,-59.0,-59.0,0.0,False,CONTROL_OR_NO_SINGLE_SURVIVOR,,,,,2.0,
2223,2025-09-14 18:00,VALIDATION_SEPTEMBER,VALIDATED_SOURCE,WEEKLY,2,FIXED_75_ARM_2R,FIXED,1,-118.0,-59.0,-59.0,SELL,BUY,False,-118.0,-59.0,-59.0,0.0,False,CONTROL_OR_NO_SINGLE_SURVIVOR,,,,,2.0,
2223,2025-09-14 18:00,VALIDATION_SEPTEMBER,VALIDATED_SOURCE,WEEKLY,2,FIXED_75_ARM_2R,FIXED,2,-118.0,-59.0,-59.0,SELL,BUY,False,-118.0,-59.0,-59.0,0.0,False,CONTROL_OR_NO_SINGLE_SURVIVOR,,,,,2.0,
2223,2025-09-14 18:00,VALIDATION_SEPTEMBER,VALIDATED_SOURCE,WEEKLY,2,FIXED_75_ARM_2R,FIXED,4,-118.0,-59.0,-59.0,SELL,BUY,False,-118.0,-59.0,-59.0,0.0,False,CONTROL_OR_NO_SINGLE_SURVIVOR,,,,,2.0,
2223,2025-09-14 18:00,VALIDATION_SEPTEMBER,VALIDATED_SOURCE,WEEKLY,2,FIXED_85_ARM_2R,FIXED,0,-118.0,-59.0,-59.0,SELL,BUY,False,-118.0,-59.0,-59.0,0.0,False,CONTROL_OR_NO_SINGLE_SURVIVOR,,,,,2.0,
2223,2025-09-14 18:00,VALIDATION_SEPTEMBER,VALIDATED_SOURCE,WEEKLY,2,FIXED_85_ARM_2R,FIXED,1,-118.0,-59.0,-59.0,SELL,BUY,False,-118.0,-59.0,-59.0,0.0,False,CONTROL_OR_NO_SINGLE_SURVIVOR,,,,,2.0,
2223,2025-09-14 18:00,VALIDATION_SEPTEMBER,VALIDATED_SOURCE,WEEKLY,2,FIXED_85_ARM_2R,FIXED,2,-118.0,-59.0,-59.0,SELL,BUY,False,-118.0,-59.0,-59.0,0.0,False,CONTROL_OR_NO_SINGLE_SURVIVOR,,,,,2.0,
2223,2025-09-14 18:00,VALIDATION_SEPTEMBER,VALIDATED_SOURCE,WEEKLY,2,FIXED_85_ARM_2R,FIXED,4,-118.0,-59.0,-59.0,SELL,BUY,False,-118.0,-59.0,-59.0,0.0,False,CONTROL_OR_NO_SINGLE_SURVIVOR,,,,,2.0,
2223,2025-09-14 18:00,VALIDATION_SEPTEMBER,VALIDATED_SOURCE,WEEKLY,2,FIXED_50_ARM_3R,FIXED,0,-118.0,-59.0,-59.0,SELL,BUY,False,-118.0,-59.0,-59.0,0.0,False,CONTROL_OR_NO_SINGLE_SURVIVOR,,,,,3.0,
2223,2025-09-14 18:00,VALIDATION_SEPTEMBER,VALIDATED_SOURCE,WEEKLY,2,FIXED_50_ARM_3R,FIXED,1,-118.0,-59.0,-59.0,SELL,BUY,False,-118.0,-59.0,-59.0,0.0,False,CONTROL_OR_NO_SINGLE_SURVIVOR,,,,,3.0,
2223,2025-09-14 18:00,VALIDATION_SEPTEMBER,VALIDATED_SOURCE,WEEKLY,2,FIXED_50_ARM_3R,FIXED,2,-118.0,-59.0,-59.0,SELL,BUY,False,-118.0,-59.0,-59.0,0.0,False,CONTROL_OR_NO_SINGLE_SURVIVOR,,,,,3.0,
2223,2025-09-14 18:00,VALIDATION_SEPTEMBER,VALIDATED_SOURCE,WEEKLY,2,FIXED_50_ARM_3R,FIXED,4,-118.0,-59.0,-59.0,SELL,BUY,False,-118.0,-59.0,-59.0,0.0,False,CONTROL_OR_NO_SINGLE_SURVIVOR,,,,,3.0,
2223,2025-09-14 18:00,VALIDATION_SEPTEMBER,VALIDATED_SOURCE,WEEKLY,2,FIXED_65_ARM_3R,FIXED,0,-118.0,-59.0,-59.0,SELL,BUY,False,-118.0,-59.0,-59.0,0.0,False,CONTROL_OR_NO_SINGLE_SURVIVOR,,,,,3.0,
2223,2025-09-14 18:00,VALIDATION_SEPTEMBER,VALIDATED_SOURCE,WEEKLY,2,FIXED_65_ARM_3R,FIXED,1,-118.0,-59.0,-59.0,SELL,BUY,False,-118.0,-59.0,-59.0,0.0,False,CONTROL_OR_NO_SINGLE_SURVIVOR,,,,,3.0,
2223,2025-09-14 18:00,VALIDATION_SEPTEMBER,VALIDATED_SOURCE,WEEKLY,2,FIXED_65_ARM_3R,FIXED,2,-118.0,-59.0,-59.0,SELL,BUY,False,-118.0,-59.0,-59.0,0.0,False,CONTROL_OR_NO_SINGLE_SURVIVOR,,,,,3.0,
2223,2025-09-14 18:00,VALIDATION_SEPTEMBER,VALIDATED_SOURCE,WEEKLY,2,FIXED_65_ARM_3R,FIXED,4,-118.0,-59.0,-59.0,SELL,BUY,False,-118.0,-59.0,-59.0,0.0,False,CONTROL_OR_NO_SINGLE_SURVIVOR,,,,,3.0,
2223,2025-09-14 18:00,VALIDATION_SEPTEMBER,VALIDATED_SOURCE,WEEKLY,2,FIXED_75_ARM_3R,FIXED,0,-118.0,-59.0,-59.0,SELL,BUY,False,-118.0,-59.0,-59.0,0.0,False,CONTROL_OR_NO_SINGLE_SURVIVOR,,,,,3.0,
2223,2025-09-14 18:00,VALIDATION_SEPTEMBER,VALIDATED_SOURCE,WEEKLY,2,FIXED_75_ARM_3R,FIXED,1,-118.0,-59.0,-59.0,SELL,BUY,False,-118.0,-59.0,-59.0,0.0,False,CONTROL_OR_NO_SINGLE_SURVIVOR,,,,,3.0,
2223,2025-09-14 18:00,VALIDATION_SEPTEMBER,VALIDATED_SOURCE,WEEKLY,2,FIXED_75_ARM_3R,FIXED,2,-118.0,-59.0,-59.0,SELL,BUY,False,-118.0,-59.0,-59.0,0.0,False,CONTROL_OR_NO_SINGLE_SURVIVOR,,,,,3.0,
2223,2025-09-14 18:00,VALIDATION_SEPTEMBER,VALIDATED_SOURCE,WEEKLY,2,FIXED_75_ARM_3R,FIXED,4,-118.0,-59.0,-59.0,SELL,BUY,False,-118.0,-59.0,-59.0,0.0,False,CONTROL_OR_NO_SINGLE_SURVIVOR,,,,,3.0,
2223,2025-09-14 18:00,VALIDATION_SEPTEMBER,VALIDATED_SOURCE,WEEKLY,2,FIXED_85_ARM_3R,FIXED,0,-118.0,-59.0,-59.0,SELL,BUY,False,-118.0,-59.0,-59.0,0.0,False,CONTROL_OR_NO_SINGLE_SURVIVOR,,,,,3.0,
2223,2025-09-14 18:00,VALIDATION_SEPTEMBER,VALIDATED_SOURCE,WEEKLY,2,FIXED_85_ARM_3R,FIXED,1,-118.0,-59.0,-59.0,SELL,BUY,False,-118.0,-59.0,-59.0,0.0,False,CONTROL_OR_NO_SINGLE_SURVIVOR,,,,,3.0,
2223,2025-09-14 18:00,VALIDATION_SEPTEMBER,VALIDATED_SOURCE,WEEKLY,2,FIXED_85_ARM_3R,FIXED,2,-118.0,-59.0,-59.0,SELL,BUY,False,-118.0,-59.0,-59.0,0.0,False,CONTROL_OR_NO_SINGLE_SURVIVOR,,,,,3.0,
2223,2025-09-14 18:00,VALIDATION_SEPTEMBER,VALIDATED_SOURCE,WEEKLY,2,FIXED_85_ARM_3R,FIXED,4,-118.0,-59.0,-59.0,SELL,BUY,False,-118.0,-59.0,-59.0,0.0,False,CONTROL_OR_NO_SINGLE_SURVIVOR,,,,,3.0,
2223,2025-09-14 18:00,VALIDATION_SEPTEMBER,VALIDATED_SOURCE,WEEKLY,2,FIXED_50_ARM_4R,FIXED,0,-118.0,-59.0,-59.0,SELL,BUY,False,-118.0,-59.0,-59.0,0.0,False,CONTROL_OR_NO_SINGLE_SURVIVOR,,,,,4.0,
2223,2025-09-14 18:00,VALIDATION_SEPTEMBER,VALIDATED_SOURCE,WEEKLY,2,FIXED_50_ARM_4R,FIXED,1,-118.0,-59.0,-59.0,SELL,BUY,False,-118.0,-59.0,-59.0,0.0,False,CONTROL_OR_NO_SINGLE_SURVIVOR,,,,,4.0,
2223,2025-09-14 18:00,VALIDATION_SEPTEMBER,VALIDATED_SOURCE,WEEKLY,2,FIXED_50_ARM_4R,FIXED,2,-118.0,-59.0,-59.0,SELL,BUY,False,-118.0,-59.0,-59.0,0.0,False,CONTROL_OR_NO_SINGLE_SURVIVOR,,,,,4.0,
2223,2025-09-14 18:00,VALIDATION_SEPTEMBER,VALIDATED_SOURCE,WEEKLY,2,FIXED_50_ARM_4R,FIXED,4,-118.0,-59.0,-59.0,SELL,BUY,False,-118.0,-59.0,-59.0,0.0,False,CONTROL_OR_NO_SINGLE_SURVIVOR,,,,,4.0,
2223,2025-09-14 18:00,VALIDATION_SEPTEMBER,VALIDATED_SOURCE,WEEKLY,2,FIXED_65_ARM_4R,FIXED,0,-118.0,-59.0,-59.0,SELL,BUY,False,-118.0,-59.0,-59.0,0.0,False,CONTROL_OR_NO_SINGLE_SURVIVOR,,,,,4.0,
2223,2025-09-14 18:00,VALIDATION_SEPTEMBER,VALIDATED_SOURCE,WEEKLY,2,FIXED_65_ARM_4R,FIXED,1,-118.0,-59.0,-59.0,SELL,BUY,False,-118.0,-59.0,-59.0,0.0,False,CONTROL_OR_NO_SINGLE_SURVIVOR,,,,,4.0,
2223,2025-09-14 18:00,VALIDATION_SEPTEMBER,VALIDATED_SOURCE,WEEKLY,2,FIXED_65_ARM_4R,FIXED,2,-118.0,-59.0,-59.0,SELL,BUY,False,-118.0,-59.0,-59.0,0.0,False,CONTROL_OR_NO_SINGLE_SURVIVOR,,,,,4.0,
2223,2025-09-14 18:00,VALIDATION_SEPTEMBER,VALIDATED_SOURCE,WEEKLY,2,FIXED_65_ARM_4R,FIXED,4,-118.0,-59.0,-59.0,SELL,BUY,False,-118.0,-59.0,-59.0,0.0,False,CONTROL_OR_NO_SINGLE_SURVIVOR,,,,,4.0,
2223,2025-09-14 18:00,VALIDATION_SEPTEMBER,VALIDATED_SOURCE,WEEKLY,2,FIXED_75_ARM_4R,FIXED,0,-118.0,-59.0,-59.0,SELL,BUY,False,-118.0,-59.0,-59.0,0.0,False,CONTROL_OR_NO_SINGLE_SURVIVOR,,,,,4.0,
2223,2025-09-14 18:00,VALIDATION_SEPTEMBER,VALIDATED_SOURCE,WEEKLY,2,FIXED_75_ARM_4R,FIXED,1,-118.0,-59.0,-59.0,SELL,BUY,False,-118.0,-59.0,-59.0,0.0,False,CONTROL_OR_NO_SINGLE_SURVIVOR,,,,,4.0,
2223,2025-09-14 18:00,VALIDATION_SEPTEMBER,VALIDATED_SOURCE,WEEKLY,2,FIXED_75_ARM_4R,FIXED,2,-118.0,-59.0,-59.0,SELL,BUY,False,-118.0,-59.0,-59.0,0.0,False,CONTROL_OR_NO_SINGLE_SURVIVOR,,,,,4.0,
2223,2025-09-14 18:00,VALIDATION_SEPTEMBER,VALIDATED_SOURCE,WEEKLY,2,FIXED_75_ARM_4R,FIXED,4,-118.0,-59.0,-59.0,SELL,BUY,False,-118.0,-59.0,-59.0,0.0,False,CONTROL_OR_NO_SINGLE_SURVIVOR,,,,,4.0,
2223,2025-09-14 18:00,VALIDATION_SEPTEMBER,VALIDATED_SOURCE,WEEKLY,2,FIXED_85_ARM_4R,FIXED,0,-118.0,-59.0,-59.0,SELL,BUY,False,-118.0,-59.0,-59.0,0.0,False,CONTROL_OR_NO_SINGLE_SURVIVOR,,,,,4.0,
2223,2025-09-14 18:00,VALIDATION_SEPTEMBER,VALIDATED_SOURCE,WEEKLY,2,FIXED_85_ARM_4R,FIXED,1,-118.0,-59.0,-59.0,SELL,BUY,False,-118.0,-59.0,-59.0,0.0,False,CONTROL_OR_NO_SINGLE_SURVIVOR,,,,,4.0,
2223,2025-09-14 18:00,VALIDATION_SEPTEMBER,VALIDATED_SOURCE,WEEKLY,2,FIXED_85_ARM_4R,FIXED,2,-118.0,-59.0,-59.0,SELL,BUY,False,-118.0,-59.0,-59.0,0.0,False,CONTROL_OR_NO_SINGLE_SURVIVOR,,,,,4.0,
2223,2025-09-14 18:00,VALIDATION_SEPTEMBER,VALIDATED_SOURCE,WEEKLY,2,FIXED_85_ARM_4R,FIXED,4,-118.0,-59.0,-59.0,SELL,BUY,False,-118.0,-59.0,-59.0,0.0,False,CONTROL_OR_NO_SINGLE_SURVIVOR,,,,,4.0,
2223,2025-09-14 18:00,VALIDATION_SEPTEMBER,VALIDATED_SOURCE,WEEKLY,2,FIXED_50_ARM_5R,FIXED,0,-118.0,-59.0,-59.0,SELL,BUY,False,-118.0,-59.0,-59.0,0.0,False,CONTROL_OR_NO_SINGLE_SURVIVOR,,,,,5.0,
2223,2025-09-14 18:00,VALIDATION_SEPTEMBER,VALIDATED_SOURCE,WEEKLY,2,FIXED_50_ARM_5R,FIXED,1,-118.0,-59.0,-59.0,SELL,BUY,False,-118.0,-59.0,-59.0,0.0,False,CONTROL_OR_NO_SINGLE_SURVIVOR,,,,,5.0,
2223,2025-09-14 18:00,VALIDATION_SEPTEMBER,VALIDATED_SOURCE,WEEKLY,2,FIXED_50_ARM_5R,FIXED,2,-118.0,-59.0,-59.0,SELL,BUY,False,-118.0,-59.0,-59.0,0.0,False,CONTROL_OR_NO_SINGLE_SURVIVOR,,,,,5.0,
2223,2025-09-14 18:00,VALIDATION_SEPTEMBER,VALIDATED_SOURCE,WEEKLY,2,FIXED_50_ARM_5R,FIXED,4,-118.0,-59.0,-59.0,SELL,BUY,False,-118.0,-59.0,-59.0,0.0,False,CONTROL_OR_NO_SINGLE_SURVIVOR,,,,,5.0,
2223,2025-09-14 18:00,VALIDATION_SEPTEMBER,VALIDATED_SOURCE,WEEKLY,2,FIXED_65_ARM_5R,FIXED,0,-118.0,-59.0,-59.0,SELL,BUY,False,-118.0,-59.0,-59.0,0.0,False,CONTROL_OR_NO_SINGLE_SURVIVOR,,,,,5.0,
2223,2025-09-14 18:00,VALIDATION_SEPTEMBER,VALIDATED_SOURCE,WEEKLY,2,FIXED_65_ARM_5R,FIXED,1,-118.0,-59.0,-59.0,SELL,BUY,False,-118.0,-59.0,-59.0,0.0,False,CONTROL_OR_NO_SINGLE_SURVIVOR,,,,,5.0,
2223,2025-09-14 18:00,VALIDATION_SEPTEMBER,VALIDATED_SOURCE,WEEKLY,2,FIXED_65_ARM_5R,FIXED,2,-118.0,-59.0,-59.0,SELL,BUY,False,-118.0,-59.0,-59.0,0.0,False,CONTROL_OR_NO_SINGLE_SURVIVOR,,,,,5.0,
2223,2025-09-14 18:00,VALIDATION_SEPTEMBER,VALIDATED_SOURCE,WEEKLY,2,FIXED_65_ARM_5R,FIXED,4,-118.0,-59.0,-59.0,SELL,BUY,False,-118.0,-59.0,-59.0,0.0,False,CONTROL_OR_NO_SINGLE_SURVIVOR,,,,,5.0,
2223,2025-09-14 18:00,VALIDATION_SEPTEMBER,VALIDATED_SOURCE,WEEKLY,2,FIXED_75_ARM_5R,FIXED,0,-118.0,-59.0,-59.0,SELL,BUY,False,-118.0,-59.0,-59.0,0.0,False,CONTROL_OR_NO_SINGLE_SURVIVOR,,,,,5.0,
2223,2025-09-14 18:00,VALIDATION_SEPTEMBER,VALIDATED_SOURCE,WEEKLY,2,FIXED_75_ARM_5R,FIXED,1,-118.0,-59.0,-59.0,SELL,BUY,False,-118.0,-59.0,-59.0,0.0,False,CONTROL_OR_NO_SINGLE_SURVIVOR,,,,,5.0,
2223,2025-09-14 18:00,VALIDATION_SEPTEMBER,VALIDATED_SOURCE,WEEKLY,2,FIXED_75_ARM_5R,FIXED,2,-118.0,-59.0,-59.0,SELL,BUY,False,-118.0,-59.0,-59.0,0.0,False,CONTROL_OR_NO_SINGLE_SURVIVOR,,,,,5.0,
2223,2025-09-14 18:00,VALIDATION_SEPTEMBER,VALIDATED_SOURCE,WEEKLY,2,FIXED_75_ARM_5R,FIXED,4,-118.0,-59.0,-59.0,SELL,BUY,False,-118.0,-59.0,-59.0,0.0,False,CONTROL_OR_NO_SINGLE_SURVIVOR,,,,,5.0,
2223,2025-09-14 18:00,VALIDATION_SEPTEMBER,VALIDATED_SOURCE,WEEKLY,2,FIXED_85_ARM_5R,FIXED,0,-118.0,-59.0,-59.0,SELL,BUY,False,-118.0,-59.0,-59.0,0.0,False,CONTROL_OR_NO_SINGLE_SURVIVOR,,,,,5.0,
2223,2025-09-14 18:00,VALIDATION_SEPTEMBER,VALIDATED_SOURCE,WEEKLY,2,FIXED_85_ARM_5R,FIXED,1,-118.0,-59.0,-59.0,SELL,BUY,False,-118.0,-59.0,-59.0,0.0,False,CONTROL_OR_NO_SINGLE_SURVIVOR,,,,,5.0,
2223,2025-09-14 18:00,VALIDATION_SEPTEMBER,VALIDATED_SOURCE,WEEKLY,2,FIXED_85_ARM_5R,FIXED,2,-118.0,-59.0,-59.0,SELL,BUY,False,-118.0,-59.0,-59.0,0.0,False,CONTROL_OR_NO_SINGLE_SURVIVOR,,,,,5.0,
2223,2025-09-14 18:00,VALIDATION_SEPTEMBER,VALIDATED_SOURCE,WEEKLY,2,FIXED_85_ARM_5R,FIXED,4,-118.0,-59.0,-59.0,SELL,BUY,False,-118.0,-59.0,-59.0,0.0,False,CONTROL_OR_NO_SINGLE_SURVIVOR,,,,,5.0,
2223,2025-09-14 18:00,VALIDATION_SEPTEMBER,VALIDATED_SOURCE,WEEKLY,2,DYNAMIC_FAST_2R_4R_6R_8R,DYNAMIC,0,-118.0,-59.0,-59.0,SELL,BUY,False,-118.0,-59.0,-59.0,0.0,False,CONTROL_OR_NO_SINGLE_SURVIVOR,,,,,2.0,
2223,2025-09-14 18:00,VALIDATION_SEPTEMBER,VALIDATED_SOURCE,WEEKLY,2,DYNAMIC_FAST_2R_4R_6R_8R,DYNAMIC,1,-118.0,-59.0,-59.0,SELL,BUY,False,-118.0,-59.0,-59.0,0.0,False,CONTROL_OR_NO_SINGLE_SURVIVOR,,,,,2.0,
2223,2025-09-14 18:00,VALIDATION_SEPTEMBER,VALIDATED_SOURCE,WEEKLY,2,DYNAMIC_FAST_2R_4R_6R_8R,DYNAMIC,2,-118.0,-59.0,-59.0,SELL,BUY,False,-118.0,-59.0,-59.0,0.0,False,CONTROL_OR_NO_SINGLE_SURVIVOR,,,,,2.0,
2223,2025-09-14 18:00,VALIDATION_SEPTEMBER,VALIDATED_SOURCE,WEEKLY,2,DYNAMIC_FAST_2R_4R_6R_8R,DYNAMIC,4,-118.0,-59.0,-59.0,SELL,BUY,False,-118.0,-59.0,-59.0,0.0,False,CONTROL_OR_NO_SINGLE_SURVIVOR,,,,,2.0,
2223,2025-09-14 18:00,VALIDATION_SEPTEMBER,VALIDATED_SOURCE,WEEKLY,2,DYNAMIC_BALANCED_3R_5R_8R_12R,DYNAMIC,0,-118.0,-59.0,-59.0,SELL,BUY,False,-118.0,-59.0,-59.0,0.0,False,CONTROL_OR_NO_SINGLE_SURVIVOR,,,,,3.0,
2223,2025-09-14 18:00,VALIDATION_SEPTEMBER,VALIDATED_SOURCE,WEEKLY,2,DYNAMIC_BALANCED_3R_5R_8R_12R,DYNAMIC,1,-118.0,-59.0,-59.0,SELL,BUY,False,-118.0,-59.0,-59.0,0.0,False,CONTROL_OR_NO_SINGLE_SURVIVOR,,,,,3.0,
2223,2025-09-14 18:00,VALIDATION_SEPTEMBER,VALIDATED_SOURCE,WEEKLY,2,DYNAMIC_BALANCED_3R_5R_8R_12R,DYNAMIC,2,-118.0,-59.0,-59.0,SELL,BUY,False,-118.0,-59.0,-59.0,0.0,False,CONTROL_OR_NO_SINGLE_SURVIVOR,,,,,3.0,
2223,2025-09-14 18:00,VALIDATION_SEPTEMBER,VALIDATED_SOURCE,WEEKLY,2,DYNAMIC_BALANCED_3R_5R_8R_12R,DYNAMIC,4,-118.0,-59.0,-59.0,SELL,BUY,False,-118.0,-59.0,-59.0,0.0,False,CONTROL_OR_NO_SINGLE_SURVIVOR,,,,,3.0,
2223,2025-09-14 18:00,VALIDATION_SEPTEMBER,VALIDATED_SOURCE,WEEKLY,2,DYNAMIC_LOOSE_4R_7R_11R_16R,DYNAMIC,0,-118.0,-59.0,-59.0,SELL,BUY,False,-118.0,-59.0,-59.0,0.0,False,CONTROL_OR_NO_SINGLE_SURVIVOR,,,,,4.0,
2223,2025-09-14 18:00,VALIDATION_SEPTEMBER,VALIDATED_SOURCE,WEEKLY,2,DYNAMIC_LOOSE_4R_7R_11R_16R,DYNAMIC,1,-118.0,-59.0,-59.0,SELL,BUY,False,-118.0,-59.0,-59.0,0.0,False,CONTROL_OR_NO_SINGLE_SURVIVOR,,,,,4.0,
2223,2025-09-14 18:00,VALIDATION_SEPTEMBER,VALIDATED_SOURCE,WEEKLY,2,DYNAMIC_LOOSE_4R_7R_11R_16R,DYNAMIC,2,-118.0,-59.0,-59.0,SELL,BUY,False,-118.0,-59.0,-59.0,0.0,False,CONTROL_OR_NO_SINGLE_SURVIVOR,,,,,4.0,
2223,2025-09-14 18:00,VALIDATION_SEPTEMBER,VALIDATED_SOURCE,WEEKLY,2,DYNAMIC_LOOSE_4R_7R_11R_16R,DYNAMIC,4,-118.0,-59.0,-59.0,SELL,BUY,False,-118.0,-59.0,-59.0,0.0,False,CONTROL_OR_NO_SINGLE_SURVIVOR,,,,,4.0,
2223,2025-09-14 18:00,VALIDATION_SEPTEMBER,VALIDATED_SOURCE,WEEKLY,2,ADAPTIVE_VOL_ARM_3R,ADAPTIVE,0,-118.0,-59.0,-59.0,SELL,BUY,False,-118.0,-59.0,-59.0,0.0,False,CONTROL_OR_NO_SINGLE_SURVIVOR,,,,,3.0,
2223,2025-09-14 18:00,VALIDATION_SEPTEMBER,VALIDATED_SOURCE,WEEKLY,2,ADAPTIVE_VOL_ARM_3R,ADAPTIVE,1,-118.0,-59.0,-59.0,SELL,BUY,False,-118.0,-59.0,-59.0,0.0,False,CONTROL_OR_NO_SINGLE_SURVIVOR,,,,,3.0,
2223,2025-09-14 18:00,VALIDATION_SEPTEMBER,VALIDATED_SOURCE,WEEKLY,2,ADAPTIVE_VOL_ARM_3R,ADAPTIVE,2,-118.0,-59.0,-59.0,SELL,BUY,False,-118.0,-59.0,-59.0,0.0,False,CONTROL_OR_NO_SINGLE_SURVIVOR,,,,,3.0,
2223,2025-09-14 18:00,VALIDATION_SEPTEMBER,VALIDATED_SOURCE,WEEKLY,2,ADAPTIVE_VOL_ARM_3R,ADAPTIVE,4,-118.0,-59.0,-59.0,SELL,BUY,False,-118.0,-59.0,-59.0,0.0,False,CONTROL_OR_NO_SINGLE_SURVIVOR,,,,,3.0,
2223,2025-09-14 18:00,VALIDATION_SEPTEMBER,VALIDATED_SOURCE,WEEKLY,2,ADAPTIVE_VOL_ARM_4R,ADAPTIVE,0,-118.0,-59.0,-59.0,SELL,BUY,False,-118.0,-59.0,-59.0,0.0,False,CONTROL_OR_NO_SINGLE_SURVIVOR,,,,,4.0,
2223,2025-09-14 18:00,VALIDATION_SEPTEMBER,VALIDATED_SOURCE,WEEKLY,2,ADAPTIVE_VOL_ARM_4R,ADAPTIVE,1,-118.0,-59.0,-59.0,SELL,BUY,False,-118.0,-59.0,-59.0,0.0,False,CONTROL_OR_NO_SINGLE_SURVIVOR,,,,,4.0,
2223,2025-09-14 18:00,VALIDATION_SEPTEMBER,VALIDATED_SOURCE,WEEKLY,2,ADAPTIVE_VOL_ARM_4R,ADAPTIVE,2,-118.0,-59.0,-59.0,SELL,BUY,False,-118.0,-59.0,-59.0,0.0,False,CONTROL_OR_NO_SINGLE_SURVIVOR,,,,,4.0,
2223,2025-09-14 18:00,VALIDATION_SEPTEMBER,VALIDATED_SOURCE,WEEKLY,2,ADAPTIVE_VOL_ARM_4R,ADAPTIVE,4,-118.0,-59.0,-59.0,SELL,BUY,False,-118.0,-59.0,-59.0,0.0,False,CONTROL_OR_NO_SINGLE_SURVIVOR,,,,,4.0,
2224,2025-09-15 09:30,VALIDATION_SEPTEMBER,VALIDATED_SOURCE,NY,2,CONTROL_NO_PAIR_FLOOR,CONTROL,0,-118.0,-59.0,-59.0,SELL,BUY,False,-118.0,-59.0,-59.0,0.0,False,CONTROL_OR_NO_SINGLE_SURVIVOR,,,,,999.0,
2224,2025-09-15 09:30,VALIDATION_SEPTEMBER,VALIDATED_SOURCE,NY,2,CONTROL_NO_PAIR_FLOOR,CONTROL,1,-118.0,-59.0,-59.0,SELL,BUY,False,-118.0,-59.0,-59.0,0.0,False,CONTROL_OR_NO_SINGLE_SURVIVOR,,,,,999.0,
2224,2025-09-15 09:30,VALIDATION_SEPTEMBER,VALIDATED_SOURCE,NY,2,CONTROL_NO_PAIR_FLOOR,CONTROL,2,-118.0,-59.0,-59.0,SELL,BUY,False,-118.0,-59.0,-59.0,0.0,False,CONTROL_OR_NO_SINGLE_SURVIVOR,,,,,999.0,
2224,2025-09-15 09:30,VALIDATION_SEPTEMBER,VALIDATED_SOURCE,NY,2,CONTROL_NO_PAIR_FLOOR,CONTROL,4,-118.0,-59.0,-59.0,SELL,BUY,False,-118.0,-59.0,-59.0,0.0,False,CONTROL_OR_NO_SINGLE_SURVIVOR,,,,,999.0,
2224,2025-09-15 09:30,VALIDATION_SEPTEMBER,VALIDATED_SOURCE,NY,2,FIXED_50_ARM_2R,FIXED,0,-118.0,-59.0,-59.0,SELL,BUY,False,-118.0,-59.0,-59.0,0.0,False,CONTROL_OR_NO_SINGLE_SURVIVOR,,,,,2.0,
2224,2025-09-15 09:30,VALIDATION_SEPTEMBER,VALIDATED_SOURCE,NY,2,FIXED_50_ARM_2R,FIXED,1,-118.0,-59.0,-59.0,SELL,BUY,False,-118.0,-59.0,-59.0,0.0,False,CONTROL_OR_NO_SINGLE_SURVIVOR,,,,,2.0,
2224,2025-09-15 09:30,VALIDATION_SEPTEMBER,VALIDATED_SOURCE,NY,2,FIXED_50_ARM_2R,FIXED,2,-118.0,-59.0,-59.0,SELL,BUY,False,-118.0,-59.0,-59.0,0.0,False,CONTROL_OR_NO_SINGLE_SURVIVOR,,,,,2.0,
2224,2025-09-15 09:30,VALIDATION_SEPTEMBER,VALIDATED_SOURCE,NY,2,FIXED_50_ARM_2R,FIXED,4,-118.0,-59.0,-59.0,SELL,BUY,False,-118.0,-59.0,-59.0,0.0,False,CONTROL_OR_NO_SINGLE_SURVIVOR,,,,,2.0,
2224,2025-09-15 09:30,VALIDATION_SEPTEMBER,VALIDATED_SOURCE,NY,2,FIXED_65_ARM_2R,FIXED,0,-118.0,-59.0,-59.0,SELL,BUY,False,-118.0,-59.0,-59.0,0.0,False,CONTROL_OR_NO_SINGLE_SURVIVOR,,,,,2.0,
2224,2025-09-15 09:30,VALIDATION_SEPTEMBER,VALIDATED_SOURCE,NY,2,FIXED_65_ARM_2R,FIXED,1,-118.0,-59.0,-59.0,SELL,BUY,False,-118.0,-59.0,-59.0,0.0,False,CONTROL_OR_NO_SINGLE_SURVIVOR,,,,,2.0,
2224,2025-09-15 09:30,VALIDATION_SEPTEMBER,VALIDATED_SOURCE,NY,2,FIXED_65_ARM_2R,FIXED,2,-118.0,-59.0,-59.0,SELL,BUY,False,-118.0,-59.0,-59.0,0.0,False,CONTROL_OR_NO_SINGLE_SURVIVOR,,,,,2.0,
2224,2025-09-15 09:30,VALIDATION_SEPTEMBER,VALIDATED_SOURCE,NY,2,FIXED_65_ARM_2R,FIXED,4,-118.0,-59.0,-59.0,SELL,BUY,False,-118.0,-59.0,-59.0,0.0,False,CONTROL_OR_NO_SINGLE_SURVIVOR,,,,,2.0,
2224,2025-09-15 09:30,VALIDATION_SEPTEMBER,VALIDATED_SOURCE,NY,2,FIXED_75_ARM_2R,FIXED,0,-118.0,-59.0,-59.0,SELL,BUY,False,-118.0,-59.0,-59.0,0.0,False,CONTROL_OR_NO_SINGLE_SURVIVOR,,,,,2.0,
2224,2025-09-15 09:30,VALIDATION_SEPTEMBER,VALIDATED_SOURCE,NY,2,FIXED_75_ARM_2R,FIXED,1,-118.0,-59.0,-59.0,SELL,BUY,False,-118.0,-59.0,-59.0,0.0,False,CONTROL_OR_NO_SINGLE_SURVIVOR,,,,,2.0,
2224,2025-09-15 09:30,VALIDATION_SEPTEMBER,VALIDATED_SOURCE,NY,2,FIXED_75_ARM_2R,FIXED,2,-118.0,-59.0,-59.0,SELL,BUY,False,-118.0,-59.0,-59.0,0.0,False,CONTROL_OR_NO_SINGLE_SURVIVOR,,,,,2.0,
2224,2025-09-15 09:30,VALIDATION_SEPTEMBER,VALIDATED_SOURCE,NY,2,FIXED_75_ARM_2R,FIXED,4,-118.0,-59.0,-59.0,SELL,BUY,False,-118.0,-59.0,-59.0,0.0,False,CONTROL_OR_NO_SINGLE_SURVIVOR,,,,,2.0,
2224,2025-09-15 09:30,VALIDATION_SEPTEMBER,VALIDATED_SOURCE,NY,2,FIXED_85_ARM_2R,FIXED,0,-118.0,-59.0,-59.0,SELL,BUY,False,-118.0,-59.0,-59.0,0.0,False,CONTROL_OR_NO_SINGLE_SURVIVOR,,,,,2.0,
2224,2025-09-15 09:30,VALIDATION_SEPTEMBER,VALIDATED_SOURCE,NY,2,FIXED_85_ARM_2R,FIXED,1,-118.0,-59.0,-59.0,SELL,BUY,False,-118.0,-59.0,-59.0,0.0,False,CONTROL_OR_NO_SINGLE_SURVIVOR,,,,,2.0,
2224,2025-09-15 09:30,VALIDATION_SEPTEMBER,VALIDATED_SOURCE,NY,2,FIXED_85_ARM_2R,FIXED,2,-118.0,-59.0,-59.0,SELL,BUY,False,-118.0,-59.0,-59.0,0.0,False,CONTROL_OR_NO_SINGLE_SURVIVOR,,,,,2.0,
2224,2025-09-15 09:30,VALIDATION_SEPTEMBER,VALIDATED_SOURCE,NY,2,FIXED_85_ARM_2R,FIXED,4,-118.0,-59.0,-59.0,SELL,BUY,False,-118.0,-59.0,-59.0,0.0,False,CONTROL_OR_NO_SINGLE_SURVIVOR,,,,,2.0,
2224,2025-09-15 09:30,VALIDATION_SEPTEMBER,VALIDATED_SOURCE,NY,2,FIXED_50_ARM_3R,FIXED,0,-118.0,-59.0,-59.0,SELL,BUY,False,-118.0,-59.0,-59.0,0.0,False,CONTROL_OR_NO_SINGLE_SURVIVOR,,,,,3.0,
2224,2025-09-15 09:30,VALIDATION_SEPTEMBER,VALIDATED_SOURCE,NY,2,FIXED_50_ARM_3R,FIXED,1,-118.0,-59.0,-59.0,SELL,BUY,False,-118.0,-59.0,-59.0,0.0,False,CONTROL_OR_NO_SINGLE_SURVIVOR,,,,,3.0,
2224,2025-09-15 09:30,VALIDATION_SEPTEMBER,VALIDATED_SOURCE,NY,2,FIXED_50_ARM_3R,FIXED,2,-118.0,-59.0,-59.0,SELL,BUY,False,-118.0,-59.0,-59.0,0.0,False,CONTROL_OR_NO_SINGLE_SURVIVOR,,,,,3.0,
2224,2025-09-15 09:30,VALIDATION_SEPTEMBER,VALIDATED_SOURCE,NY,2,FIXED_50_ARM_3R,FIXED,4,-118.0,-59.0,-59.0,SELL,BUY,False,-118.0,-59.0,-59.0,0.0,False,CONTROL_OR_NO_SINGLE_SURVIVOR,,,,,3.0,
2224,2025-09-15 09:30,VALIDATION_SEPTEMBER,VALIDATED_SOURCE,NY,2,FIXED_65_ARM_3R,FIXED,0,-118.0,-59.0,-59.0,SELL,BUY,False,-118.0,-59.0,-59.0,0.0,False,CONTROL_OR_NO_SINGLE_SURVIVOR,,,,,3.0,
2224,2025-09-15 09:30,VALIDATION_SEPTEMBER,VALIDATED_SOURCE,NY,2,FIXED_65_ARM_3R,FIXED,1,-118.0,-59.0,-59.0,SELL,BUY,False,-118.0,-59.0,-59.0,0.0,False,CONTROL_OR_NO_SINGLE_SURVIVOR,,,,,3.0,
2224,2025-09-15 09:30,VALIDATION_SEPTEMBER,VALIDATED_SOURCE,NY,2,FIXED_65_ARM_3R,FIXED,2,-118.0,-59.0,-59.0,SELL,BUY,False,-118.0,-59.0,-59.0,0.0,False,CONTROL_OR_NO_SINGLE_SURVIVOR,,,,,3.0,
2224,2025-09-15 09:30,VALIDATION_SEPTEMBER,VALIDATED_SOURCE,NY,2,FIXED_65_ARM_3R,FIXED,4,-118.0,-59.0,-59.0,SELL,BUY,False,-118.0,-59.0,-59.0,0.0,False,CONTROL_OR_NO_SINGLE_SURVIVOR,,,,,3.0,
2224,2025-09-15 09:30,VALIDATION_SEPTEMBER,VALIDATED_SOURCE,NY,2,FIXED_75_ARM_3R,FIXED,0,-118.0,-59.0,-59.0,SELL,BUY,False,-118.0,-59.0,-59.0,0.0,False,CONTROL_OR_NO_SINGLE_SURVIVOR,,,,,3.0,
2224,2025-09-15 09:30,VALIDATION_SEPTEMBER,VALIDATED_SOURCE,NY,2,FIXED_75_ARM_3R,FIXED,1,-118.0,-59.0,-59.0,SELL,BUY,False,-118.0,-59.0,-59.0,0.0,False,CONTROL_OR_NO_SINGLE_SURVIVOR,,,,,3.0,
2224,2025-09-15 09:30,VALIDATION_SEPTEMBER,VALIDATED_SOURCE,NY,2,FIXED_75_ARM_3R,FIXED,2,-118.0,-59.0,-59.0,SELL,BUY,False,-118.0,-59.0,-59.0,0.0,False,CONTROL_OR_NO_SINGLE_SURVIVOR,,,,,3.0,
2224,2025-09-15 09:30,VALIDATION_SEPTEMBER,VALIDATED_SOURCE,NY,2,FIXED_75_ARM_3R,FIXED,4,-118.0,-59.0,-59.0,SELL,BUY,False,-118.0,-59.0,-59.0,0.0,False,CONTROL_OR_NO_SINGLE_SURVIVOR,,,,,3.0,
2224,2025-09-15 09:30,VALIDATION_SEPTEMBER,VALIDATED_SOURCE,NY,2,FIXED_85_ARM_3R,FIXED,0,-118.0,-59.0,-59.0,SELL,BUY,False,-118.0,-59.0,-59.0,0.0,False,CONTROL_OR_NO_SINGLE_SURVIVOR,,,,,3.0,
2224,2025-09-15 09:30,VALIDATION_SEPTEMBER,VALIDATED_SOURCE,NY,2,FIXED_85_ARM_3R,FIXED,1,-118.0,-59.0,-59.0,SELL,BUY,False,-118.0,-59.0,-59.0,0.0,False,CONTROL_OR_NO_SINGLE_SURVIVOR,,,,,3.0,
2224,2025-09-15 09:30,VALIDATION_SEPTEMBER,VALIDATED_SOURCE,NY,2,FIXED_85_ARM_3R,FIXED,2,-118.0,-59.0,-59.0,SELL,BUY,False,-118.0,-59.0,-59.0,0.0,False,CONTROL_OR_NO_SINGLE_SURVIVOR,,,,,3.0,
2224,2025-09-15 09:30,VALIDATION_SEPTEMBER,VALIDATED_SOURCE,NY,2,FIXED_85_ARM_3R,FIXED,4,-118.0,-59.0,-59.0,SELL,BUY,False,-118.0,-59.0,-59.0,0.0,False,CONTROL_OR_NO_SINGLE_SURVIVOR,,,,,3.0,
2224,2025-09-15 09:30,VALIDATION_SEPTEMBER,VALIDATED_SOURCE,NY,2,FIXED_50_ARM_4R,FIXED,0,-118.0,-59.0,-59.0,SELL,BUY,False,-118.0,-59.0,-59.0,0.0,False,CONTROL_OR_NO_SINGLE_SURVIVOR,,,,,4.0,
2224,2025-09-15 09:30,VALIDATION_SEPTEMBER,VALIDATED_SOURCE,NY,2,FIXED_50_ARM_4R,FIXED,1,-118.0,-59.0,-59.0,SELL,BUY,False,-118.0,-59.0,-59.0,0.0,False,CONTROL_OR_NO_SINGLE_SURVIVOR,,,,,4.0,
2224,2025-09-15 09:30,VALIDATION_SEPTEMBER,VALIDATED_SOURCE,NY,2,FIXED_50_ARM_4R,FIXED,2,-118.0,-59.0,-59.0,SELL,BUY,False,-118.0,-59.0,-59.0,0.0,False,CONTROL_OR_NO_SINGLE_SURVIVOR,,,,,4.0,
2224,2025-09-15 09:30,VALIDATION_SEPTEMBER,VALIDATED_SOURCE,NY,2,FIXED_50_ARM_4R,FIXED,4,-118.0,-59.0,-59.0,SELL,BUY,False,-118.0,-59.0,-59.0,0.0,False,CONTROL_OR_NO_SINGLE_SURVIVOR,,,,,4.0,
2224,2025-09-15 09:30,VALIDATION_SEPTEMBER,VALIDATED_SOURCE,NY,2,FIXED_65_ARM_4R,FIXED,0,-118.0,-59.0,-59.0,SELL,BUY,False,-118.0,-59.0,-59.0,0.0,False,CONTROL_OR_NO_SINGLE_SURVIVOR,,,,,4.0,
2224,2025-09-15 09:30,VALIDATION_SEPTEMBER,VALIDATED_SOURCE,NY,2,FIXED_65_ARM_4R,FIXED,1,-118.0,-59.0,-59.0,SELL,BUY,False,-118.0,-59.0,-59.0,0.0,False,CONTROL_OR_NO_SINGLE_SURVIVOR,,,,,4.0,
2224,2025-09-15 09:30,VALIDATION_SEPTEMBER,VALIDATED_SOURCE,NY,2,FIXED_65_ARM_4R,FIXED,2,-118.0,-59.0,-59.0,SELL,BUY,False,-118.0,-59.0,-59.0,0.0,False,CONTROL_OR_NO_SINGLE_SURVIVOR,,,,,4.0,
2224,2025-09-15 09:30,VALIDATION_SEPTEMBER,VALIDATED_SOURCE,NY,2,FIXED_65_ARM_4R,FIXED,4,-118.0,-59.0,-59.0,SELL,BUY,False,-118.0,-59.0,-59.0,0.0,False,CONTROL_OR_NO_SINGLE_SURVIVOR,,,,,4.0,
2224,2025-09-15 09:30,VALIDATION_SEPTEMBER,VALIDATED_SOURCE,NY,2,FIXED_75_ARM_4R,FIXED,0,-118.0,-59.0,-59.0,SELL,BUY,False,-118.0,-59.0,-59.0,0.0,False,CONTROL_OR_NO_SINGLE_SURVIVOR,,,,,4.0,
2224,2025-09-15 09:30,VALIDATION_SEPTEMBER,VALIDATED_SOURCE,NY,2,FIXED_75_ARM_4R,FIXED,1,-118.0,-59.0,-59.0,SELL,BUY,False,-118.0,-59.0,-59.0,0.0,False,CONTROL_OR_NO_SINGLE_SURVIVOR,,,,,4.0,
2224,2025-09-15 09:30,VALIDATION_SEPTEMBER,VALIDATED_SOURCE,NY,2,FIXED_75_ARM_4R,FIXED,2,-118.0,-59.0,-59.0,SELL,BUY,False,-118.0,-59.0,-59.0,0.0,False,CONTROL_OR_NO_SINGLE_SURVIVOR,,,,,4.0,
2224,2025-09-15 09:30,VALIDATION_SEPTEMBER,VALIDATED_SOURCE,NY,2,FIXED_75_ARM_4R,FIXED,4,-118.0,-59.0,-59.0,SELL,BUY,False,-118.0,-59.0,-59.0,0.0,False,CONTROL_OR_NO_SINGLE_SURVIVOR,,,,,4.0,
2224,2025-09-15 09:30,VALIDATION_SEPTEMBER,VALIDATED_SOURCE,NY,2,FIXED_85_ARM_4R,FIXED,0,-118.0,-59.0,-59.0,SELL,BUY,False,-118.0,-59.0,-59.0,0.0,False,CONTROL_OR_NO_SINGLE_SURVIVOR,,,,,4.0,
2224,2025-09-15 09:30,VALIDATION_SEPTEMBER,VALIDATED_SOURCE,NY,2,FIXED_85_ARM_4R,FIXED,1,-118.0,-59.0,-59.0,SELL,BUY,False,-118.0,-59.0,-59.0,0.0,False,CONTROL_OR_NO_SINGLE_SURVIVOR,,,,,4.0,
2224,2025-09-15 09:30,VALIDATION_SEPTEMBER,VALIDATED_SOURCE,NY,2,FIXED_85_ARM_4R,FIXED,2,-118.0,-59.0,-59.0,SELL,BUY,False,-118.0,-59.0,-59.0,0.0,False,CONTROL_OR_NO_SINGLE_SURVIVOR,,,,,4.0,
2224,2025-09-15 09:30,VALIDATION_SEPTEMBER,VALIDATED_SOURCE,NY,2,FIXED_85_ARM_4R,FIXED,4,-118.0,-59.0,-59.0,SELL,BUY,False,-118.0,-59.0,-59.0,0.0,False,CONTROL_OR_NO_SINGLE_SURVIVOR,,,,,4.0,
2224,2025-09-15 09:30,VALIDATION_SEPTEMBER,VALIDATED_SOURCE,NY,2,FIXED_50_ARM_5R,FIXED,0,-118.0,-59.0,-59.0,SELL,BUY,False,-118.0,-59.0,-59.0,0.0,False,CONTROL_OR_NO_SINGLE_SURVIVOR,,,,,5.0,
2224,2025-09-15 09:30,VALIDATION_SEPTEMBER,VALIDATED_SOURCE,NY,2,FIXED_50_ARM_5R,FIXED,1,-118.0,-59.0,-59.0,SELL,BUY,False,-118.0,-59.0,-59.0,0.0,False,CONTROL_OR_NO_SINGLE_SURVIVOR,,,,,5.0,
2224,2025-09-15 09:30,VALIDATION_SEPTEMBER,VALIDATED_SOURCE,NY,2,FIXED_50_ARM_5R,FIXED,2,-118.0,-59.0,-59.0,SELL,BUY,False,-118.0,-59.0,-59.0,0.0,False,CONTROL_OR_NO_SINGLE_SURVIVOR,,,,,5.0,
2224,2025-09-15 09:30,VALIDATION_SEPTEMBER,VALIDATED_SOURCE,NY,2,FIXED_50_ARM_5R,FIXED,4,-118.0,-59.0,-59.0,SELL,BUY,False,-118.0,-59.0,-59.0,0.0,False,CONTROL_OR_NO_SINGLE_SURVIVOR,,,,,5.0,
2224,2025-09-15 09:30,VALIDATION_SEPTEMBER,VALIDATED_SOURCE,NY,2,FIXED_65_ARM_5R,FIXED,0,-118.0,-59.0,-59.0,SELL,BUY,False,-118.0,-59.0,-59.0,0.0,False,CONTROL_OR_NO_SINGLE_SURVIVOR,,,,,5.0,
2224,2025-09-15 09:30,VALIDATION_SEPTEMBER,VALIDATED_SOURCE,NY,2,FIXED_65_ARM_5R,FIXED,1,-118.0,-59.0,-59.0,SELL,BUY,False,-118.0,-59.0,-59.0,0.0,False,CONTROL_OR_NO_SINGLE_SURVIVOR,,,,,5.0,
2224,2025-09-15 09:30,VALIDATION_SEPTEMBER,VALIDATED_SOURCE,NY,2,FIXED_65_ARM_5R,FIXED,2,-118.0,-59.0,-59.0,SELL,BUY,False,-118.0,-59.0,-59.0,0.0,False,CONTROL_OR_NO_SINGLE_SURVIVOR,,,,,5.0,
2224,2025-09-15 09:30,VALIDATION_SEPTEMBER,VALIDATED_SOURCE,NY,2,FIXED_65_ARM_5R,FIXED,4,-118.0,-59.0,-59.0,SELL,BUY,False,-118.0,-59.0,-59.0,0.0,False,CONTROL_OR_NO_SINGLE_SURVIVOR,,,,,5.0,
2224,2025-09-15 09:30,VALIDATION_SEPTEMBER,VALIDATED_SOURCE,NY,2,FIXED_75_ARM_5R,FIXED,0,-118.0,-59.0,-59.0,SELL,BUY,False,-118.0,-59.0,-59.0,0.0,False,CONTROL_OR_NO_SINGLE_SURVIVOR,,,,,5.0,
2224,2025-09-15 09:30,VALIDATION_SEPTEMBER,VALIDATED_SOURCE,NY,2,FIXED_75_ARM_5R,FIXED,1,-118.0,-59.0,-59.0,SELL,BUY,False,-118.0,-59.0,-59.0,0.0,False,CONTROL_OR_NO_SINGLE_SURVIVOR,,,,,5.0,
2224,2025-09-15 09:30,VALIDATION_SEPTEMBER,VALIDATED_SOURCE,NY,2,FIXED_75_ARM_5R,FIXED,2,-118.0,-59.0,-59.0,SELL,BUY,False,-118.0,-59.0,-59.0,0.0,False,CONTROL_OR_NO_SINGLE_SURVIVOR,,,,,5.0,
2224,2025-09-15 09:30,VALIDATION_SEPTEMBER,VALIDATED_SOURCE,NY,2,FIXED_75_ARM_5R,FIXED,4,-118.0,-59.0,-59.0,SELL,BUY,False,-118.0,-59.0,-59.0,0.0,False,CONTROL_OR_NO_SINGLE_SURVIVOR,,,,,5.0,
2224,2025-09-15 09:30,VALIDATION_SEPTEMBER,VALIDATED_SOURCE,NY,2,FIXED_85_ARM_5R,FIXED,0,-118.0,-59.0,-59.0,SELL,BUY,False,-118.0,-59.0,-59.0,0.0,False,CONTROL_OR_NO_SINGLE_SURVIVOR,,,,,5.0,
2224,2025-09-15 09:30,VALIDATION_SEPTEMBER,VALIDATED_SOURCE,NY,2,FIXED_85_ARM_5R,FIXED,1,-118.0,-59.0,-59.0,SELL,BUY,False,-118.0,-59.0,-59.0,0.0,False,CONTROL_OR_NO_SINGLE_SURVIVOR,,,,,5.0,
2224,2025-09-15 09:30,VALIDATION_SEPTEMBER,VALIDATED_SOURCE,NY,2,FIXED_85_ARM_5R,FIXED,2,-118.0,-59.0,-59.0,SELL,BUY,False,-118.0,-59.0,-59.0,0.0,False,CONTROL_OR_NO_SINGLE_SURVIVOR,,,,,5.0,
2224,2025-09-15 09:30,VALIDATION_SEPTEMBER,VALIDATED_SOURCE,NY,2,FIXED_85_ARM_5R,FIXED,4,-118.0,-59.0,-59.0,SELL,BUY,False,-118.0,-59.0,-59.0,0.0,False,CONTROL_OR_NO_SINGLE_SURVIVOR,,,,,5.0,
2224,2025-09-15 09:30,VALIDATION_SEPTEMBER,VALIDATED_SOURCE,NY,2,DYNAMIC_FAST_2R_4R_6R_8R,DYNAMIC,0,-118.0,-59.0,-59.0,SELL,BUY,False,-118.0,-59.0,-59.0,0.0,False,CONTROL_OR_NO_SINGLE_SURVIVOR,,,,,2.0,
2224,2025-09-15 09:30,VALIDATION_SEPTEMBER,VALIDATED_SOURCE,NY,2,DYNAMIC_FAST_2R_4R_6R_8R,DYNAMIC,1,-118.0,-59.0,-59.0,SELL,BUY,False,-118.0,-59.0,-59.0,0.0,False,CONTROL_OR_NO_SINGLE_SURVIVOR,,,,,2.0,
2224,2025-09-15 09:30,VALIDATION_SEPTEMBER,VALIDATED_SOURCE,NY,2,DYNAMIC_FAST_2R_4R_6R_8R,DYNAMIC,2,-118.0,-59.0,-59.0,SELL,BUY,False,-118.0,-59.0,-59.0,0.0,False,CONTROL_OR_NO_SINGLE_SURVIVOR,,,,,2.0,
2224,2025-09-15 09:30,VALIDATION_SEPTEMBER,VALIDATED_SOURCE,NY,2,DYNAMIC_FAST_2R_4R_6R_8R,DYNAMIC,4,-118.0,-59.0,-59.0,SELL,BUY,False,-118.0,-59.0,-59.0,0.0,False,CONTROL_OR_NO_SINGLE_SURVIVOR,,,,,2.0,
2224,2025-09-15 09:30,VALIDATION_SEPTEMBER,VALIDATED_SOURCE,NY,2,DYNAMIC_BALANCED_3R_5R_8R_12R,DYNAMIC,0,-118.0,-59.0,-59.0,SELL,BUY,False,-118.0,-59.0,-59.0,0.0,False,CONTROL_OR_NO_SINGLE_SURVIVOR,,,,,3.0,
2224,2025-09-15 09:30,VALIDATION_SEPTEMBER,VALIDATED_SOURCE,NY,2,DYNAMIC_BALANCED_3R_5R_8R_12R,DYNAMIC,1,-118.0,-59.0,-59.0,SELL,BUY,False,-118.0,-59.0,-59.0,0.0,False,CONTROL_OR_NO_SINGLE_SURVIVOR,,,,,3.0,
2224,2025-09-15 09:30,VALIDATION_SEPTEMBER,VALIDATED_SOURCE,NY,2,DYNAMIC_BALANCED_3R_5R_8R_12R,DYNAMIC,2,-118.0,-59.0,-59.0,SELL,BUY,False,-118.0,-59.0,-59.0,0.0,False,CONTROL_OR_NO_SINGLE_SURVIVOR,,,,,3.0,
2224,2025-09-15 09:30,VALIDATION_SEPTEMBER,VALIDATED_SOURCE,NY,2,DYNAMIC_BALANCED_3R_5R_8R_12R,DYNAMIC,4,-118.0,-59.0,-59.0,SELL,BUY,False,-118.0,-59.0,-59.0,0.0,False,CONTROL_OR_NO_SINGLE_SURVIVOR,,,,,3.0,
2224,2025-09-15 09:30,VALIDATION_SEPTEMBER,VALIDATED_SOURCE,NY,2,DYNAMIC_LOOSE_4R_7R_11R_16R,DYNAMIC,0,-118.0,-59.0,-59.0,SELL,BUY,False,-118.0,-59.0,-59.0,0.0,False,CONTROL_OR_NO_SINGLE_SURVIVOR,,,,,4.0,
2224,2025-09-15 09:30,VALIDATION_SEPTEMBER,VALIDATED_SOURCE,NY,2,DYNAMIC_LOOSE_4R_7R_11R_16R,DYNAMIC,1,-118.0,-59.0,-59.0,SELL,BUY,False,-118.0,-59.0,-59.0,0.0,False,CONTROL_OR_NO_SINGLE_SURVIVOR,,,,,4.0,
2224,2025-09-15 09:30,VALIDATION_SEPTEMBER,VALIDATED_SOURCE,NY,2,DYNAMIC_LOOSE_4R_7R_11R_16R,DYNAMIC,2,-118.0,-59.0,-59.0,SELL,BUY,False,-118.0,-59.0,-59.0,0.0,False,CONTROL_OR_NO_SINGLE_SURVIVOR,,,,,4.0,
2224,2025-09-15 09:30,VALIDATION_SEPTEMBER,VALIDATED_SOURCE,NY,2,DYNAMIC_LOOSE_4R_7R_11R_16R,DYNAMIC,4,-118.0,-59.0,-59.0,SELL,BUY,False,-118.0,-59.0,-59.0,0.0,False,CONTROL_OR_NO_SINGLE_SURVIVOR,,,,,4.0,
2224,2025-09-15 09:30,VALIDATION_SEPTEMBER,VALIDATED_SOURCE,NY,2,ADAPTIVE_VOL_ARM_3R,ADAPTIVE,0,-118.0,-59.0,-59.0,SELL,BUY,False,-118.0,-59.0,-59.0,0.0,False,CONTROL_OR_NO_SINGLE_SURVIVOR,,,,,3.0,
2224,2025-09-15 09:30,VALIDATION_SEPTEMBER,VALIDATED_SOURCE,NY,2,ADAPTIVE_VOL_ARM_3R,ADAPTIVE,1,-118.0,-59.0,-59.0,SELL,BUY,False,-118.0,-59.0,-59.0,0.0,False,CONTROL_OR_NO_SINGLE_SURVIVOR,,,,,3.0,
2224,2025-09-15 09:30,VALIDATION_SEPTEMBER,VALIDATED_SOURCE,NY,2,ADAPTIVE_VOL_ARM_3R,ADAPTIVE,2,-118.0,-59.0,-59.0,SELL,BUY,False,-118.0,-59.0,-59.0,0.0,False,CONTROL_OR_NO_SINGLE_SURVIVOR,,,,,3.0,
2224,2025-09-15 09:30,VALIDATION_SEPTEMBER,VALIDATED_SOURCE,NY,2,ADAPTIVE_VOL_ARM_3R,ADAPTIVE,4,-118.0,-59.0,-59.0,SELL,BUY,False,-118.0,-59.0,-59.0,0.0,False,CONTROL_OR_NO_SINGLE_SURVIVOR,,,,,3.0,
2224,2025-09-15 09:30,VALIDATION_SEPTEMBER,VALIDATED_SOURCE,NY,2,ADAPTIVE_VOL_ARM_4R,ADAPTIVE,0,-118.0,-59.0,-59.0,SELL,BUY,False,-118.0,-59.0,-59.0,0.0,False,CONTROL_OR_NO_SINGLE_SURVIVOR,,,,,4.0,
2224,2025-09-15 09:30,VALIDATION_SEPTEMBER,VALIDATED_SOURCE,NY,2,ADAPTIVE_VOL_ARM_4R,ADAPTIVE,1,-118.0,-59.0,-59.0,SELL,BUY,False,-118.0,-59.0,-59.0,0.0,False,CONTROL_OR_NO_SINGLE_SURVIVOR,,,,,4.0,
2224,2025-09-15 09:30,VALIDATION_SEPTEMBER,VALIDATED_SOURCE,NY,2,ADAPTIVE_VOL_ARM_4R,ADAPTIVE,2,-118.0,-59.0,-59.0,SELL,BUY,False,-118.0,-59.0,-59.0,0.0,False,CONTROL_OR_NO_SINGLE_SURVIVOR,,,,,4.0,
2224,2025-09-15 09:30,VALIDATION_SEPTEMBER,VALIDATED_SOURCE,NY,2,ADAPTIVE_VOL_ARM_4R,ADAPTIVE,4,-118.0,-59.0,-59.0,SELL,BUY,False,-118.0,-59.0,-59.0,0.0,False,CONTROL_OR_NO_SINGLE_SURVIVOR,,,,,4.0,
2225,2025-09-16 09:30,VALIDATION_SEPTEMBER,VALIDATED_SOURCE,NY,2,CONTROL_NO_PAIR_FLOOR,CONTROL,0,-118.0,-59.0,-59.0,SELL,BUY,False,-118.0,-59.0,-59.0,0.0,False,CONTROL_OR_NO_SINGLE_SURVIVOR,,,,,999.0,
2225,2025-09-16 09:30,VALIDATION_SEPTEMBER,VALIDATED_SOURCE,NY,2,CONTROL_NO_PAIR_FLOOR,CONTROL,1,-118.0,-59.0,-59.0,SELL,BUY,False,-118.0,-59.0,-59.0,0.0,False,CONTROL_OR_NO_SINGLE_SURVIVOR,,,,,999.0,
2225,2025-09-16 09:30,VALIDATION_SEPTEMBER,VALIDATED_SOURCE,NY,2,CONTROL_NO_PAIR_FLOOR,CONTROL,2,-118.0,-59.0,-59.0,SELL,BUY,False,-118.0,-59.0,-59.0,0.0,False,CONTROL_OR_NO_SINGLE_SURVIVOR,,,,,999.0,
2225,2025-09-16 09:30,VALIDATION_SEPTEMBER,VALIDATED_SOURCE,NY,2,CONTROL_NO_PAIR_FLOOR,CONTROL,4,-118.0,-59.0,-59.0,SELL,BUY,False,-118.0,-59.0,-59.0,0.0,False,CONTROL_OR_NO_SINGLE_SURVIVOR,,,,,999.0,
2225,2025-09-16 09:30,VALIDATION_SEPTEMBER,VALIDATED_SOURCE,NY,2,FIXED_50_ARM_2R,FIXED,0,-118.0,-59.0,-59.0,SELL,BUY,False,-118.0,-59.0,-59.0,0.0,False,CONTROL_OR_NO_SINGLE_SURVIVOR,,,,,2.0,
2225,2025-09-16 09:30,VALIDATION_SEPTEMBER,VALIDATED_SOURCE,NY,2,FIXED_50_ARM_2R,FIXED,1,-118.0,-59.0,-59.0,SELL,BUY,False,-118.0,-59.0,-59.0,0.0,False,CONTROL_OR_NO_SINGLE_SURVIVOR,,,,,2.0,
2225,2025-09-16 09:30,VALIDATION_SEPTEMBER,VALIDATED_SOURCE,NY,2,FIXED_50_ARM_2R,FIXED,2,-118.0,-59.0,-59.0,SELL,BUY,False,-118.0,-59.0,-59.0,0.0,False,CONTROL_OR_NO_SINGLE_SURVIVOR,,,,,2.0,
2225,2025-09-16 09:30,VALIDATION_SEPTEMBER,VALIDATED_SOURCE,NY,2,FIXED_50_ARM_2R,FIXED,4,-118.0,-59.0,-59.0,SELL,BUY,False,-118.0,-59.0,-59.0,0.0,False,CONTROL_OR_NO_SINGLE_SURVIVOR,,,,,2.0,
2225,2025-09-16 09:30,VALIDATION_SEPTEMBER,VALIDATED_SOURCE,NY,2,FIXED_65_ARM_2R,FIXED,0,-118.0,-59.0,-59.0,SELL,BUY,False,-118.0,-59.0,-59.0,0.0,False,CONTROL_OR_NO_SINGLE_SURVIVOR,,,,,2.0,
2225,2025-09-16 09:30,VALIDATION_SEPTEMBER,VALIDATED_SOURCE,NY,2,FIXED_65_ARM_2R,FIXED,1,-118.0,-59.0,-59.0,SELL,BUY,False,-118.0,-59.0,-59.0,0.0,False,CONTROL_OR_NO_SINGLE_SURVIVOR,,,,,2.0,
2225,2025-09-16 09:30,VALIDATION_SEPTEMBER,VALIDATED_SOURCE,NY,2,FIXED_65_ARM_2R,FIXED,2,-118.0,-59.0,-59.0,SELL,BUY,False,-118.0,-59.0,-59.0,0.0,False,CONTROL_OR_NO_SINGLE_SURVIVOR,,,,,2.0,
2225,2025-09-16 09:30,VALIDATION_SEPTEMBER,VALIDATED_SOURCE,NY,2,FIXED_65_ARM_2R,FIXED,4,-118.0,-59.0,-59.0,SELL,BUY,False,-118.0,-59.0,-59.0,0.0,False,CONTROL_OR_NO_SINGLE_SURVIVOR,,,,,2.0,
2225,2025-09-16 09:30,VALIDATION_SEPTEMBER,VALIDATED_SOURCE,NY,2,FIXED_75_ARM_2R,FIXED,0,-118.0,-59.0,-59.0,SELL,BUY,False,-118.0,-59.0,-59.0,0.0,False,CONTROL_OR_NO_SINGLE_SURVIVOR,,,,,2.0,
2225,2025-09-16 09:30,VALIDATION_SEPTEMBER,VALIDATED_SOURCE,NY,2,FIXED_75_ARM_2R,FIXED,1,-118.0,-59.0,-59.0,SELL,BUY,False,-118.0,-59.0,-59.0,0.0,False,CONTROL_OR_NO_SINGLE_SURVIVOR,,,,,2.0,
2225,2025-09-16 09:30,VALIDATION_SEPTEMBER,VALIDATED_SOURCE,NY,2,FIXED_75_ARM_2R,FIXED,2,-118.0,-59.0,-59.0,SELL,BUY,False,-118.0,-59.0,-59.0,0.0,False,CONTROL_OR_NO_SINGLE_SURVIVOR,,,,,2.0,
2225,2025-09-16 09:30,VALIDATION_SEPTEMBER,VALIDATED_SOURCE,NY,2,FIXED_75_ARM_2R,FIXED,4,-118.0,-59.0,-59.0,SELL,BUY,False,-118.0,-59.0,-59.0,0.0,False,CONTROL_OR_NO_SINGLE_SURVIVOR,,,,,2.0,
2225,2025-09-16 09:30,VALIDATION_SEPTEMBER,VALIDATED_SOURCE,NY,2,FIXED_85_ARM_2R,FIXED,0,-118.0,-59.0,-59.0,SELL,BUY,False,-118.0,-59.0,-59.0,0.0,False,CONTROL_OR_NO_SINGLE_SURVIVOR,,,,,2.0,
2225,2025-09-16 09:30,VALIDATION_SEPTEMBER,VALIDATED_SOURCE,NY,2,FIXED_85_ARM_2R,FIXED,1,-118.0,-59.0,-59.0,SELL,BUY,False,-118.0,-59.0,-59.0,0.0,False,CONTROL_OR_NO_SINGLE_SURVIVOR,,,,,2.0,
2225,2025-09-16 09:30,VALIDATION_SEPTEMBER,VALIDATED_SOURCE,NY,2,FIXED_85_ARM_2R,FIXED,2,-118.0,-59.0,-59.0,SELL,BUY,False,-118.0,-59.0,-59.0,0.0,False,CONTROL_OR_NO_SINGLE_SURVIVOR,,,,,2.0,
2225,2025-09-16 09:30,VALIDATION_SEPTEMBER,VALIDATED_SOURCE,NY,2,FIXED_85_ARM_2R,FIXED,4,-118.0,-59.0,-59.0,SELL,BUY,False,-118.0,-59.0,-59.0,0.0,False,CONTROL_OR_NO_SINGLE_SURVIVOR,,,,,2.0,
2225,2025-09-16 09:30,VALIDATION_SEPTEMBER,VALIDATED_SOURCE,NY,2,FIXED_50_ARM_3R,FIXED,0,-118.0,-59.0,-59.0,SELL,BUY,False,-118.0,-59.0,-59.0,0.0,False,CONTROL_OR_NO_SINGLE_SURVIVOR,,,,,3.0,
2225,2025-09-16 09:30,VALIDATION_SEPTEMBER,VALIDATED_SOURCE,NY,2,FIXED_50_ARM_3R,FIXED,1,-118.0,-59.0,-59.0,SELL,BUY,False,-118.0,-59.0,-59.0,0.0,False,CONTROL_OR_NO_SINGLE_SURVIVOR,,,,,3.0,
2225,2025-09-16 09:30,VALIDATION_SEPTEMBER,VALIDATED_SOURCE,NY,2,FIXED_50_ARM_3R,FIXED,2,-118.0,-59.0,-59.0,SELL,BUY,False,-118.0,-59.0,-59.0,0.0,False,CONTROL_OR_NO_SINGLE_SURVIVOR,,,,,3.0,
2225,2025-09-16 09:30,VALIDATION_SEPTEMBER,VALIDATED_SOURCE,NY,2,FIXED_50_ARM_3R,FIXED,4,-118.0,-59.0,-59.0,SELL,BUY,False,-118.0,-59.0,-59.0,0.0,False,CONTROL_OR_NO_SINGLE_SURVIVOR,,,,,3.0,
2225,2025-09-16 09:30,VALIDATION_SEPTEMBER,VALIDATED_SOURCE,NY,2,FIXED_65_ARM_3R,FIXED,0,-118.0,-59.0,-59.0,SELL,BUY,False,-118.0,-59.0,-59.0,0.0,False,CONTROL_OR_NO_SINGLE_SURVIVOR,,,,,3.0,
2225,2025-09-16 09:30,VALIDATION_SEPTEMBER,VALIDATED_SOURCE,NY,2,FIXED_65_ARM_3R,FIXED,1,-118.0,-59.0,-59.0,SELL,BUY,False,-118.0,-59.0,-59.0,0.0,False,CONTROL_OR_NO_SINGLE_SURVIVOR,,,,,3.0,
2225,2025-09-16 09:30,VALIDATION_SEPTEMBER,VALIDATED_SOURCE,NY,2,FIXED_65_ARM_3R,FIXED,2,-118.0,-59.0,-59.0,SELL,BUY,False,-118.0,-59.0,-59.0,0.0,False,CONTROL_OR_NO_SINGLE_SURVIVOR,,,,,3.0,
2225,2025-09-16 09:30,VALIDATION_SEPTEMBER,VALIDATED_SOURCE,NY,2,FIXED_65_ARM_3R,FIXED,4,-118.0,-59.0,-59.0,SELL,BUY,False,-118.0,-59.0,-59.0,0.0,False,CONTROL_OR_NO_SINGLE_SURVIVOR,,,,,3.0,
2225,2025-09-16 09:30,VALIDATION_SEPTEMBER,VALIDATED_SOURCE,NY,2,FIXED_75_ARM_3R,FIXED,0,-118.0,-59.0,-59.0,SELL,BUY,False,-118.0,-59.0,-59.0,0.0,False,CONTROL_OR_NO_SINGLE_SURVIVOR,,,,,3.0,
2225,2025-09-16 09:30,VALIDATION_SEPTEMBER,VALIDATED_SOURCE,NY,2,FIXED_75_ARM_3R,FIXED,1,-118.0,-59.0,-59.0,SELL,BUY,False,-118.0,-59.0,-59.0,0.0,False,CONTROL_OR_NO_SINGLE_SURVIVOR,,,,,3.0,
2225,2025-09-16 09:30,VALIDATION_SEPTEMBER,VALIDATED_SOURCE,NY,2,FIXED_75_ARM_3R,FIXED,2,-118.0,-59.0,-59.0,SELL,BUY,False,-118.0,-59.0,-59.0,0.0,False,CONTROL_OR_NO_SINGLE_SURVIVOR,,,,,3.0,
2225,2025-09-16 09:30,VALIDATION_SEPTEMBER,VALIDATED_SOURCE,NY,2,FIXED_75_ARM_3R,FIXED,4,-118.0,-59.0,-59.0,SELL,BUY,False,-118.0,-59.0,-59.0,0.0,False,CONTROL_OR_NO_SINGLE_SURVIVOR,,,,,3.0,
2225,2025-09-16 09:30,VALIDATION_SEPTEMBER,VALIDATED_SOURCE,NY,2,FIXED_85_ARM_3R,FIXED,0,-118.0,-59.0,-59.0,SELL,BUY,False,-118.0,-59.0,-59.0,0.0,False,CONTROL_OR_NO_SINGLE_SURVIVOR,,,,,3.0,
2225,2025-09-16 09:30,VALIDATION_SEPTEMBER,VALIDATED_SOURCE,NY,2,FIXED_85_ARM_3R,FIXED,1,-118.0,-59.0,-59.0,SELL,BUY,False,-118.0,-59.0,-59.0,0.0,False,CONTROL_OR_NO_SINGLE_SURVIVOR,,,,,3.0,
2225,2025-09-16 09:30,VALIDATION_SEPTEMBER,VALIDATED_SOURCE,NY,2,FIXED_85_ARM_3R,FIXED,2,-118.0,-59.0,-59.0,SELL,BUY,False,-118.0,-59.0,-59.0,0.0,False,CONTROL_OR_NO_SINGLE_SURVIVOR,,,,,3.0,
2225,2025-09-16 09:30,VALIDATION_SEPTEMBER,VALIDATED_SOURCE,NY,2,FIXED_85_ARM_3R,FIXED,4,-118.0,-59.0,-59.0,SELL,BUY,False,-118.0,-59.0,-59.0,0.0,False,CONTROL_OR_NO_SINGLE_SURVIVOR,,,,,3.0,
2225,2025-09-16 09:30,VALIDATION_SEPTEMBER,VALIDATED_SOURCE,NY,2,FIXED_50_ARM_4R,FIXED,0,-118.0,-59.0,-59.0,SELL,BUY,False,-118.0,-59.0,-59.0,0.0,False,CONTROL_OR_NO_SINGLE_SURVIVOR,,,,,4.0,
2225,2025-09-16 09:30,VALIDATION_SEPTEMBER,VALIDATED_SOURCE,NY,2,FIXED_50_ARM_4R,FIXED,1,-118.0,-59.0,-59.0,SELL,BUY,False,-118.0,-59.0,-59.0,0.0,False,CONTROL_OR_NO_SINGLE_SURVIVOR,,,,,4.0,
2225,2025-09-16 09:30,VALIDATION_SEPTEMBER,VALIDATED_SOURCE,NY,2,FIXED_50_ARM_4R,FIXED,2,-118.0,-59.0,-59.0,SELL,BUY,False,-118.0,-59.0,-59.0,0.0,False,CONTROL_OR_NO_SINGLE_SURVIVOR,,,,,4.0,
2225,2025-09-16 09:30,VALIDATION_SEPTEMBER,VALIDATED_SOURCE,NY,2,FIXED_50_ARM_4R,FIXED,4,-118.0,-59.0,-59.0,SELL,BUY,False,-118.0,-59.0,-59.0,0.0,False,CONTROL_OR_NO_SINGLE_SURVIVOR,,,,,4.0,
2225,2025-09-16 09:30,VALIDATION_SEPTEMBER,VALIDATED_SOURCE,NY,2,FIXED_65_ARM_4R,FIXED,0,-118.0,-59.0,-59.0,SELL,BUY,False,-118.0,-59.0,-59.0,0.0,False,CONTROL_OR_NO_SINGLE_SURVIVOR,,,,,4.0,
2225,2025-09-16 09:30,VALIDATION_SEPTEMBER,VALIDATED_SOURCE,NY,2,FIXED_65_ARM_4R,FIXED,1,-118.0,-59.0,-59.0,SELL,BUY,False,-118.0,-59.0,-59.0,0.0,False,CONTROL_OR_NO_SINGLE_SURVIVOR,,,,,4.0,
2225,2025-09-16 09:30,VALIDATION_SEPTEMBER,VALIDATED_SOURCE,NY,2,FIXED_65_ARM_4R,FIXED,2,-118.0,-59.0,-59.0,SELL,BUY,False,-118.0,-59.0,-59.0,0.0,False,CONTROL_OR_NO_SINGLE_SURVIVOR,,,,,4.0,
2225,2025-09-16 09:30,VALIDATION_SEPTEMBER,VALIDATED_SOURCE,NY,2,FIXED_65_ARM_4R,FIXED,4,-118.0,-59.0,-59.0,SELL,BUY,False,-118.0,-59.0,-59.0,0.0,False,CONTROL_OR_NO_SINGLE_SURVIVOR,,,,,4.0,
2225,2025-09-16 09:30,VALIDATION_SEPTEMBER,VALIDATED_SOURCE,NY,2,FIXED_75_ARM_4R,FIXED,0,-118.0,-59.0,-59.0,SELL,BUY,False,-118.0,-59.0,-59.0,0.0,False,CONTROL_OR_NO_SINGLE_SURVIVOR,,,,,4.0,
2225,2025-09-16 09:30,VALIDATION_SEPTEMBER,VALIDATED_SOURCE,NY,2,FIXED_75_ARM_4R,FIXED,1,-118.0,-59.0,-59.0,SELL,BUY,False,-118.0,-59.0,-59.0,0.0,False,CONTROL_OR_NO_SINGLE_SURVIVOR,,,,,4.0,
2225,2025-09-16 09:30,VALIDATION_SEPTEMBER,VALIDATED_SOURCE,NY,2,FIXED_75_ARM_4R,FIXED,2,-118.0,-59.0,-59.0,SELL,BUY,False,-118.0,-59.0,-59.0,0.0,False,CONTROL_OR_NO_SINGLE_SURVIVOR,,,,,4.0,
2225,2025-09-16 09:30,VALIDATION_SEPTEMBER,VALIDATED_SOURCE,NY,2,FIXED_75_ARM_4R,FIXED,4,-118.0,-59.0,-59.0,SELL,BUY,False,-118.0,-59.0,-59.0,0.0,False,CONTROL_OR_NO_SINGLE_SURVIVOR,,,,,4.0,
2225,2025-09-16 09:30,VALIDATION_SEPTEMBER,VALIDATED_SOURCE,NY,2,FIXED_85_ARM_4R,FIXED,0,-118.0,-59.0,-59.0,SELL,BUY,False,-118.0,-59.0,-59.0,0.0,False,CONTROL_OR_NO_SINGLE_SURVIVOR,,,,,4.0,
2225,2025-09-16 09:30,VALIDATION_SEPTEMBER,VALIDATED_SOURCE,NY,2,FIXED_85_ARM_4R,FIXED,1,-118.0,-59.0,-59.0,SELL,BUY,False,-118.0,-59.0,-59.0,0.0,False,CONTROL_OR_NO_SINGLE_SURVIVOR,,,,,4.0,
2225,2025-09-16 09:30,VALIDATION_SEPTEMBER,VALIDATED_SOURCE,NY,2,FIXED_85_ARM_4R,FIXED,2,-118.0,-59.0,-59.0,SELL,BUY,False,-118.0,-59.0,-59.0,0.0,False,CONTROL_OR_NO_SINGLE_SURVIVOR,,,,,4.0,
2225,2025-09-16 09:30,VALIDATION_SEPTEMBER,VALIDATED_SOURCE,NY,2,FIXED_85_ARM_4R,FIXED,4,-118.0,-59.0,-59.0,SELL,BUY,False,-118.0,-59.0,-59.0,0.0,False,CONTROL_OR_NO_SINGLE_SURVIVOR,,,,,4.0,
2225,2025-09-16 09:30,VALIDATION_SEPTEMBER,VALIDATED_SOURCE,NY,2,FIXED_50_ARM_5R,FIXED,0,-118.0,-59.0,-59.0,SELL,BUY,False,-118.0,-59.0,-59.0,0.0,False,CONTROL_OR_NO_SINGLE_SURVIVOR,,,,,5.0,
2225,2025-09-16 09:30,VALIDATION_SEPTEMBER,VALIDATED_SOURCE,NY,2,FIXED_50_ARM_5R,FIXED,1,-118.0,-59.0,-59.0,SELL,BUY,False,-118.0,-59.0,-59.0,0.0,False,CONTROL_OR_NO_SINGLE_SURVIVOR,,,,,5.0,
2225,2025-09-16 09:30,VALIDATION_SEPTEMBER,VALIDATED_SOURCE,NY,2,FIXED_50_ARM_5R,FIXED,2,-118.0,-59.0,-59.0,SELL,BUY,False,-118.0,-59.0,-59.0,0.0,False,CONTROL_OR_NO_SINGLE_SURVIVOR,,,,,5.0,
2225,2025-09-16 09:30,VALIDATION_SEPTEMBER,VALIDATED_SOURCE,NY,2,FIXED_50_ARM_5R,FIXED,4,-118.0,-59.0,-59.0,SELL,BUY,False,-118.0,-59.0,-59.0,0.0,False,CONTROL_OR_NO_SINGLE_SURVIVOR,,,,,5.0,
2225,2025-09-16 09:30,VALIDATION_SEPTEMBER,VALIDATED_SOURCE,NY,2,FIXED_65_ARM_5R,FIXED,0,-118.0,-59.0,-59.0,SELL,BUY,False,-118.0,-59.0,-59.0,0.0,False,CONTROL_OR_NO_SINGLE_SURVIVOR,,,,,5.0,
2225,2025-09-16 09:30,VALIDATION_SEPTEMBER,VALIDATED_SOURCE,NY,2,FIXED_65_ARM_5R,FIXED,1,-118.0,-59.0,-59.0,SELL,BUY,False,-118.0,-59.0,-59.0,0.0,False,CONTROL_OR_NO_SINGLE_SURVIVOR,,,,,5.0,
2225,2025-09-16 09:30,VALIDATION_SEPTEMBER,VALIDATED_SOURCE,NY,2,FIXED_65_ARM_5R,FIXED,2,-118.0,-59.0,-59.0,SELL,BUY,False,-118.0,-59.0,-59.0,0.0,False,CONTROL_OR_NO_SINGLE_SURVIVOR,,,,,5.0,
2225,2025-09-16 09:30,VALIDATION_SEPTEMBER,VALIDATED_SOURCE,NY,2,FIXED_65_ARM_5R,FIXED,4,-118.0,-59.0,-59.0,SELL,BUY,False,-118.0,-59.0,-59.0,0.0,False,CONTROL_OR_NO_SINGLE_SURVIVOR,,,,,5.0,
2225,2025-09-16 09:30,VALIDATION_SEPTEMBER,VALIDATED_SOURCE,NY,2,FIXED_75_ARM_5R,FIXED,0,-118.0,-59.0,-59.0,SELL,BUY,False,-118.0,-59.0,-59.0,0.0,False,CONTROL_OR_NO_SINGLE_SURVIVOR,,,,,5.0,
2225,2025-09-16 09:30,VALIDATION_SEPTEMBER,VALIDATED_SOURCE,NY,2,FIXED_75_ARM_5R,FIXED,1,-118.0,-59.0,-59.0,SELL,BUY,False,-118.0,-59.0,-59.0,0.0,False,CONTROL_OR_NO_SINGLE_SURVIVOR,,,,,5.0,
2225,2025-09-16 09:30,VALIDATION_SEPTEMBER,VALIDATED_SOURCE,NY,2,FIXED_75_ARM_5R,FIXED,2,-118.0,-59.0,-59.0,SELL,BUY,False,-118.0,-59.0,-59.0,0.0,False,CONTROL_OR_NO_SINGLE_SURVIVOR,,,,,5.0,
2225,2025-09-16 09:30,VALIDATION_SEPTEMBER,VALIDATED_SOURCE,NY,2,FIXED_75_ARM_5R,FIXED,4,-118.0,-59.0,-59.0,SELL,BUY,False,-118.0,-59.0,-59.0,0.0,False,CONTROL_OR_NO_SINGLE_SURVIVOR,,,,,5.0,
2225,2025-09-16 09:30,VALIDATION_SEPTEMBER,VALIDATED_SOURCE,NY,2,FIXED_85_ARM_5R,FIXED,0,-118.0,-59.0,-59.0,SELL,BUY,False,-118.0,-59.0,-59.0,0.0,False,CONTROL_OR_NO_SINGLE_SURVIVOR,,,,,5.0,
2225,2025-09-16 09:30,VALIDATION_SEPTEMBER,VALIDATED_SOURCE,NY,2,FIXED_85_ARM_5R,FIXED,1,-118.0,-59.0,-59.0,SELL,BUY,False,-118.0,-59.0,-59.0,0.0,False,CONTROL_OR_NO_SINGLE_SURVIVOR,,,,,5.0,
2225,2025-09-16 09:30,VALIDATION_SEPTEMBER,VALIDATED_SOURCE,NY,2,FIXED_85_ARM_5R,FIXED,2,-118.0,-59.0,-59.0,SELL,BUY,False,-118.0,-59.0,-59.0,0.0,False,CONTROL_OR_NO_SINGLE_SURVIVOR,,,,,5.0,
2225,2025-09-16 09:30,VALIDATION_SEPTEMBER,VALIDATED_SOURCE,NY,2,FIXED_85_ARM_5R,FIXED,4,-118.0,-59.0,-59.0,SELL,BUY,False,-118.0,-59.0,-59.0,0.0,False,CONTROL_OR_NO_SINGLE_SURVIVOR,,,,,5.0,
2225,2025-09-16 09:30,VALIDATION_SEPTEMBER,VALIDATED_SOURCE,NY,2,DYNAMIC_FAST_2R_4R_6R_8R,DYNAMIC,0,-118.0,-59.0,-59.0,SELL,BUY,False,-118.0,-59.0,-59.0,0.0,False,CONTROL_OR_NO_SINGLE_SURVIVOR,,,,,2.0,
2225,2025-09-16 09:30,VALIDATION_SEPTEMBER,VALIDATED_SOURCE,NY,2,DYNAMIC_FAST_2R_4R_6R_8R,DYNAMIC,1,-118.0,-59.0,-59.0,SELL,BUY,False,-118.0,-59.0,-59.0,0.0,False,CONTROL_OR_NO_SINGLE_SURVIVOR,,,,,2.0,
2225,2025-09-16 09:30,VALIDATION_SEPTEMBER,VALIDATED_SOURCE,NY,2,DYNAMIC_FAST_2R_4R_6R_8R,DYNAMIC,2,-118.0,-59.0,-59.0,SELL,BUY,False,-118.0,-59.0,-59.0,0.0,False,CONTROL_OR_NO_SINGLE_SURVIVOR,,,,,2.0,
2225,2025-09-16 09:30,VALIDATION_SEPTEMBER,VALIDATED_SOURCE,NY,2,DYNAMIC_FAST_2R_4R_6R_8R,DYNAMIC,4,-118.0,-59.0,-59.0,SELL,BUY,False,-118.0,-59.0,-59.0,0.0,False,CONTROL_OR_NO_SINGLE_SURVIVOR,,,,,2.0,
2225,2025-09-16 09:30,VALIDATION_SEPTEMBER,VALIDATED_SOURCE,NY,2,DYNAMIC_BALANCED_3R_5R_8R_12R,DYNAMIC,0,-118.0,-59.0,-59.0,SELL,BUY,False,-118.0,-59.0,-59.0,0.0,False,CONTROL_OR_NO_SINGLE_SURVIVOR,,,,,3.0,
2225,2025-09-16 09:30,VALIDATION_SEPTEMBER,VALIDATED_SOURCE,NY,2,DYNAMIC_BALANCED_3R_5R_8R_12R,DYNAMIC,1,-118.0,-59.0,-59.0,SELL,BUY,False,-118.0,-59.0,-59.0,0.0,False,CONTROL_OR_NO_SINGLE_SURVIVOR,,,,,3.0,
2225,2025-09-16 09:30,VALIDATION_SEPTEMBER,VALIDATED_SOURCE,NY,2,DYNAMIC_BALANCED_3R_5R_8R_12R,DYNAMIC,2,-118.0,-59.0,-59.0,SELL,BUY,False,-118.0,-59.0,-59.0,0.0,False,CONTROL_OR_NO_SINGLE_SURVIVOR,,,,,3.0,
2225,2025-09-16 09:30,VALIDATION_SEPTEMBER,VALIDATED_SOURCE,NY,2,DYNAMIC_BALANCED_3R_5R_8R_12R,DYNAMIC,4,-118.0,-59.0,-59.0,SELL,BUY,False,-118.0,-59.0,-59.0,0.0,False,CONTROL_OR_NO_SINGLE_SURVIVOR,,,,,3.0,
2225,2025-09-16 09:30,VALIDATION_SEPTEMBER,VALIDATED_SOURCE,NY,2,DYNAMIC_LOOSE_4R_7R_11R_16R,DYNAMIC,0,-118.0,-59.0,-59.0,SELL,BUY,False,-118.0,-59.0,-59.0,0.0,False,CONTROL_OR_NO_SINGLE_SURVIVOR,,,,,4.0,
2225,2025-09-16 09:30,VALIDATION_SEPTEMBER,VALIDATED_SOURCE,NY,2,DYNAMIC_LOOSE_4R_7R_11R_16R,DYNAMIC,1,-118.0,-59.0,-59.0,SELL,BUY,False,-118.0,-59.0,-59.0,0.0,False,CONTROL_OR_NO_SINGLE_SURVIVOR,,,,,4.0,
2225,2025-09-16 09:30,VALIDATION_SEPTEMBER,VALIDATED_SOURCE,NY,2,DYNAMIC_LOOSE_4R_7R_11R_16R,DYNAMIC,2,-118.0,-59.0,-59.0,SELL,BUY,False,-118.0,-59.0,-59.0,0.0,False,CONTROL_OR_NO_SINGLE_SURVIVOR,,,,,4.0,
2225,2025-09-16 09:30,VALIDATION_SEPTEMBER,VALIDATED_SOURCE,NY,2,DYNAMIC_LOOSE_4R_7R_11R_16R,DYNAMIC,4,-118.0,-59.0,-59.0,SELL,BUY,False,-118.0,-59.0,-59.0,0.0,False,CONTROL_OR_NO_SINGLE_SURVIVOR,,,,,4.0,
2225,2025-09-16 09:30,VALIDATION_SEPTEMBER,VALIDATED_SOURCE,NY,2,ADAPTIVE_VOL_ARM_3R,ADAPTIVE,0,-118.0,-59.0,-59.0,SELL,BUY,False,-118.0,-59.0,-59.0,0.0,False,CONTROL_OR_NO_SINGLE_SURVIVOR,,,,,3.0,
2225,2025-09-16 09:30,VALIDATION_SEPTEMBER,VALIDATED_SOURCE,NY,2,ADAPTIVE_VOL_ARM_3R,ADAPTIVE,1,-118.0,-59.0,-59.0,SELL,BUY,False,-118.0,-59.0,-59.0,0.0,False,CONTROL_OR_NO_SINGLE_SURVIVOR,,,,,3.0,
2225,2025-09-16 09:30,VALIDATION_SEPTEMBER,VALIDATED_SOURCE,NY,2,ADAPTIVE_VOL_ARM_3R,ADAPTIVE,2,-118.0,-59.0,-59.0,SELL,BUY,False,-118.0,-59.0,-59.0,0.0,False,CONTROL_OR_NO_SINGLE_SURVIVOR,,,,,3.0,
2225,2025-09-16 09:30,VALIDATION_SEPTEMBER,VALIDATED_SOURCE,NY,2,ADAPTIVE_VOL_ARM_3R,ADAPTIVE,4,-118.0,-59.0,-59.0,SELL,BUY,False,-118.0,-59.0,-59.0,0.0,False,CONTROL_OR_NO_SINGLE_SURVIVOR,,,,,3.0,
2225,2025-09-16 09:30,VALIDATION_SEPTEMBER,VALIDATED_SOURCE,NY,2,ADAPTIVE_VOL_ARM_4R,ADAPTIVE,0,-118.0,-59.0,-59.0,SELL,BUY,False,-118.0,-59.0,-59.0,0.0,False,CONTROL_OR_NO_SINGLE_SURVIVOR,,,,,4.0,
2225,2025-09-16 09:30,VALIDATION_SEPTEMBER,VALIDATED_SOURCE,NY,2,ADAPTIVE_VOL_ARM_4R,ADAPTIVE,1,-118.0,-59.0,-59.0,SELL,BUY,False,-118.0,-59.0,-59.0,0.0,False,CONTROL_OR_NO_SINGLE_SURVIVOR,,,,,4.0,
2225,2025-09-16 09:30,VALIDATION_SEPTEMBER,VALIDATED_SOURCE,NY,2,ADAPTIVE_VOL_ARM_4R,ADAPTIVE,2,-118.0,-59.0,-59.0,SELL,BUY,False,-118.0,-59.0,-59.0,0.0,False,CONTROL_OR_NO_SINGLE_SURVIVOR,,,,,4.0,
2225,2025-09-16 09:30,VALIDATION_SEPTEMBER,VALIDATED_SOURCE,NY,2,ADAPTIVE_VOL_ARM_4R,ADAPTIVE,4,-118.0,-59.0,-59.0,SELL,BUY,False,-118.0,-59.0,-59.0,0.0,False,CONTROL_OR_NO_SINGLE_SURVIVOR,,,,,4.0,
2226,2025-09-17 09:30,VALIDATION_SEPTEMBER,DIAGNOSTIC_ONLY_DEGRADED_SOURCE,NY,2,CONTROL_NO_PAIR_FLOOR,CONTROL,0,572.0,631.0,-59.0,BUY,SELL,True,572.0,631.0,-59.0,0.0,False,CONTROL_OR_NO_SINGLE_SURVIVOR,,,,,999.0,
2226,2025-09-17 09:30,VALIDATION_SEPTEMBER,DIAGNOSTIC_ONLY_DEGRADED_SOURCE,NY,2,CONTROL_NO_PAIR_FLOOR,CONTROL,1,572.0,631.0,-59.0,BUY,SELL,True,572.0,631.0,-59.0,0.0,False,CONTROL_OR_NO_SINGLE_SURVIVOR,,,,,999.0,
2226,2025-09-17 09:30,VALIDATION_SEPTEMBER,DIAGNOSTIC_ONLY_DEGRADED_SOURCE,NY,2,CONTROL_NO_PAIR_FLOOR,CONTROL,2,572.0,631.0,-59.0,BUY,SELL,True,572.0,631.0,-59.0,0.0,False,CONTROL_OR_NO_SINGLE_SURVIVOR,,,,,999.0,
2226,2025-09-17 09:30,VALIDATION_SEPTEMBER,DIAGNOSTIC_ONLY_DEGRADED_SOURCE,NY,2,CONTROL_NO_PAIR_FLOOR,CONTROL,4,572.0,631.0,-59.0,BUY,SELL,True,572.0,631.0,-59.0,0.0,False,CONTROL_OR_NO_SINGLE_SURVIVOR,,,,,999.0,
2226,2025-09-17 09:30,VALIDATION_SEPTEMBER,DIAGNOSTIC_ONLY_DEGRADED_SOURCE,NY,2,FIXED_50_ARM_2R,FIXED,0,572.0,631.0,-59.0,BUY,SELL,True,122.0,181.0,-59.0,-450.0,True,PAIR_PROTECTED_FLOOR,2025-09-17T13:30:03.421991659+00:00,24526.0,282.0,141.0,2.0,0.5
2226,2025-09-17 09:30,VALIDATION_SEPTEMBER,DIAGNOSTIC_ONLY_DEGRADED_SOURCE,NY,2,FIXED_50_ARM_2R,FIXED,1,572.0,631.0,-59.0,BUY,SELL,True,112.0,171.0,-59.0,-460.0,True,PAIR_PROTECTED_FLOOR,2025-09-17T13:30:03.421991659+00:00,24525.75,282.0,141.0,2.0,0.5
2226,2025-09-17 09:30,VALIDATION_SEPTEMBER,DIAGNOSTIC_ONLY_DEGRADED_SOURCE,NY,2,FIXED_50_ARM_2R,FIXED,2,572.0,631.0,-59.0,BUY,SELL,True,102.0,161.0,-59.0,-470.0,True,PAIR_PROTECTED_FLOOR,2025-09-17T13:30:03.421991659+00:00,24525.5,282.0,141.0,2.0,0.5
2226,2025-09-17 09:30,VALIDATION_SEPTEMBER,DIAGNOSTIC_ONLY_DEGRADED_SOURCE,NY,2,FIXED_50_ARM_2R,FIXED,4,572.0,631.0,-59.0,BUY,SELL,True,82.0,141.0,-59.0,-490.0,True,PAIR_PROTECTED_FLOOR,2025-09-17T13:30:03.421991659+00:00,24525.0,282.0,141.0,2.0,0.5
2226,2025-09-17 09:30,VALIDATION_SEPTEMBER,DIAGNOSTIC_ONLY_DEGRADED_SOURCE,NY,2,FIXED_65_ARM_2R,FIXED,0,572.0,631.0,-59.0,BUY,SELL,True,102.0,161.0,-59.0,-470.0,True,PAIR_PROTECTED_FLOOR,2025-09-17T13:30:02.015036733+00:00,24525.5,162.0,105.3,2.0,0.65
2226,2025-09-17 09:30,VALIDATION_SEPTEMBER,DIAGNOSTIC_ONLY_DEGRADED_SOURCE,NY,2,FIXED_65_ARM_2R,FIXED,1,572.0,631.0,-59.0,BUY,SELL,True,92.0,151.0,-59.0,-480.0,True,PAIR_PROTECTED_FLOOR,2025-09-17T13:30:02.015036733+00:00,24525.25,162.0,105.3,2.0,0.65
2226,2025-09-17 09:30,VALIDATION_SEPTEMBER,DIAGNOSTIC_ONLY_DEGRADED_SOURCE,NY,2,FIXED_65_ARM_2R,FIXED,2,572.0,631.0,-59.0,BUY,SELL,True,82.0,141.0,-59.0,-490.0,True,PAIR_PROTECTED_FLOOR,2025-09-17T13:30:02.015036733+00:00,24525.0,162.0,105.3,2.0,0.65
2226,2025-09-17 09:30,VALIDATION_SEPTEMBER,DIAGNOSTIC_ONLY_DEGRADED_SOURCE,NY,2,FIXED_65_ARM_2R,FIXED,4,572.0,631.0,-59.0,BUY,SELL,True,62.0,121.0,-59.0,-510.0,True,PAIR_PROTECTED_FLOOR,2025-09-17T13:30:02.015036733+00:00,24524.5,162.0,105.3,2.0,0.65
2226,2025-09-17 09:30,VALIDATION_SEPTEMBER,DIAGNOSTIC_ONLY_DEGRADED_SOURCE,NY,2,FIXED_75_ARM_2R,FIXED,0,572.0,631.0,-59.0,BUY,SELL,True,112.0,171.0,-59.0,-460.0,True,PAIR_PROTECTED_FLOOR,2025-09-17T13:30:01.964722605+00:00,24525.75,162.0,121.5,2.0,0.75
2226,2025-09-17 09:30,VALIDATION_SEPTEMBER,DIAGNOSTIC_ONLY_DEGRADED_SOURCE,NY,2,FIXED_75_ARM_2R,FIXED,1,572.0,631.0,-59.0,BUY,SELL,True,102.0,161.0,-59.0,-470.0,True,PAIR_PROTECTED_FLOOR,2025-09-17T13:30:01.964722605+00:00,24525.5,162.0,121.5,2.0,0.75
2226,2025-09-17 09:30,VALIDATION_SEPTEMBER,DIAGNOSTIC_ONLY_DEGRADED_SOURCE,NY,2,FIXED_75_ARM_2R,FIXED,2,572.0,631.0,-59.0,BUY,SELL,True,92.0,151.0,-59.0,-480.0,True,PAIR_PROTECTED_FLOOR,2025-09-17T13:30:01.964722605+00:00,24525.25,162.0,121.5,2.0,0.75
2226,2025-09-17 09:30,VALIDATION_SEPTEMBER,DIAGNOSTIC_ONLY_DEGRADED_SOURCE,NY,2,FIXED_75_ARM_2R,FIXED,4,572.0,631.0,-59.0,BUY,SELL,True,72.0,131.0,-59.0,-500.0,True,PAIR_PROTECTED_FLOOR,2025-09-17T13:30:01.964722605+00:00,24524.75,162.0,121.5,2.0,0.75
2226,2025-09-17 09:30,VALIDATION_SEPTEMBER,DIAGNOSTIC_ONLY_DEGRADED_SOURCE,NY,2,FIXED_85_ARM_2R,FIXED,0,572.0,631.0,-59.0,BUY,SELL,True,112.0,171.0,-59.0,-460.0,True,PAIR_PROTECTED_FLOOR,2025-09-17T13:30:01.742886501+00:00,24525.75,132.0,112.2,2.0,0.85
2226,2025-09-17 09:30,VALIDATION_SEPTEMBER,DIAGNOSTIC_ONLY_DEGRADED_SOURCE,NY,2,FIXED_85_ARM_2R,FIXED,1,572.0,631.0,-59.0,BUY,SELL,True,102.0,161.0,-59.0,-470.0,True,PAIR_PROTECTED_FLOOR,2025-09-17T13:30:01.742886501+00:00,24525.5,132.0,112.2,2.0,0.85
2226,2025-09-17 09:30,VALIDATION_SEPTEMBER,DIAGNOSTIC_ONLY_DEGRADED_SOURCE,NY,2,FIXED_85_ARM_2R,FIXED,2,572.0,631.0,-59.0,BUY,SELL,True,92.0,151.0,-59.0,-480.0,True,PAIR_PROTECTED_FLOOR,2025-09-17T13:30:01.742886501+00:00,24525.25,132.0,112.2,2.0,0.85
2226,2025-09-17 09:30,VALIDATION_SEPTEMBER,DIAGNOSTIC_ONLY_DEGRADED_SOURCE,NY,2,FIXED_85_ARM_2R,FIXED,4,572.0,631.0,-59.0,BUY,SELL,True,72.0,131.0,-59.0,-500.0,True,PAIR_PROTECTED_FLOOR,2025-09-17T13:30:01.742886501+00:00,24524.75,132.0,112.2,2.0,0.85
2226,2025-09-17 09:30,VALIDATION_SEPTEMBER,DIAGNOSTIC_ONLY_DEGRADED_SOURCE,NY,2,FIXED_50_ARM_3R,FIXED,0,572.0,631.0,-59.0,BUY,SELL,True,122.0,181.0,-59.0,-450.0,True,PAIR_PROTECTED_FLOOR,2025-09-17T13:30:03.421991659+00:00,24526.0,282.0,141.0,3.0,0.5
2226,2025-09-17 09:30,VALIDATION_SEPTEMBER,DIAGNOSTIC_ONLY_DEGRADED_SOURCE,NY,2,FIXED_50_ARM_3R,FIXED,1,572.0,631.0,-59.0,BUY,SELL,True,112.0,171.0,-59.0,-460.0,True,PAIR_PROTECTED_FLOOR,2025-09-17T13:30:03.421991659+00:00,24525.75,282.0,141.0,3.0,0.5
2226,2025-09-17 09:30,VALIDATION_SEPTEMBER,DIAGNOSTIC_ONLY_DEGRADED_SOURCE,NY,2,FIXED_50_ARM_3R,FIXED,2,572.0,631.0,-59.0,BUY,SELL,True,102.0,161.0,-59.0,-470.0,True,PAIR_PROTECTED_FLOOR,2025-09-17T13:30:03.421991659+00:00,24525.5,282.0,141.0,3.0,0.5
2226,2025-09-17 09:30,VALIDATION_SEPTEMBER,DIAGNOSTIC_ONLY_DEGRADED_SOURCE,NY,2,FIXED_50_ARM_3R,FIXED,4,572.0,631.0,-59.0,BUY,SELL,True,82.0,141.0,-59.0,-490.0,True,PAIR_PROTECTED_FLOOR,2025-09-17T13:30:03.421991659+00:00,24525.0,282.0,141.0,3.0,0.5
2226,2025-09-17 09:30,VALIDATION_SEPTEMBER,DIAGNOSTIC_ONLY_DEGRADED_SOURCE,NY,2,FIXED_65_ARM_3R,FIXED,0,572.0,631.0,-59.0,BUY,SELL,True,182.0,241.0,-59.0,-390.0,True,PAIR_PROTECTED_FLOOR,2025-09-17T13:30:03.078272391+00:00,24527.5,282.0,183.3,3.0,0.65
2226,2025-09-17 09:30,VALIDATION_SEPTEMBER,DIAGNOSTIC_ONLY_DEGRADED_SOURCE,NY,2,FIXED_65_ARM_3R,FIXED,1,572.0,631.0,-59.0,BUY,SELL,True,172.0,231.0,-59.0,-400.0,True,PAIR_PROTECTED_FLOOR,2025-09-17T13:30:03.078272391+00:00,24527.25,282.0,183.3,3.0,0.65
2226,2025-09-17 09:30,VALIDATION_SEPTEMBER,DIAGNOSTIC_ONLY_DEGRADED_SOURCE,NY,2,FIXED_65_ARM_3R,FIXED,2,572.0,631.0,-59.0,BUY,SELL,True,162.0,221.0,-59.0,-410.0,True,PAIR_PROTECTED_FLOOR,2025-09-17T13:30:03.078272391+00:00,24527.0,282.0,183.3,3.0,0.65
2226,2025-09-17 09:30,VALIDATION_SEPTEMBER,DIAGNOSTIC_ONLY_DEGRADED_SOURCE,NY,2,FIXED_65_ARM_3R,FIXED,4,572.0,631.0,-59.0,BUY,SELL,True,142.0,201.0,-59.0,-430.0,True,PAIR_PROTECTED_FLOOR,2025-09-17T13:30:03.078272391+00:00,24526.5,282.0,183.3,3.0,0.65
2226,2025-09-17 09:30,VALIDATION_SEPTEMBER,DIAGNOSTIC_ONLY_DEGRADED_SOURCE,NY,2,FIXED_75_ARM_3R,FIXED,0,572.0,631.0,-59.0,BUY,SELL,True,202.0,261.0,-59.0,-370.0,True,PAIR_PROTECTED_FLOOR,2025-09-17T13:30:02.925446335+00:00,24528.0,282.0,211.5,3.0,0.75
2226,2025-09-17 09:30,VALIDATION_SEPTEMBER,DIAGNOSTIC_ONLY_DEGRADED_SOURCE,NY,2,FIXED_75_ARM_3R,FIXED,1,572.0,631.0,-59.0,BUY,SELL,True,192.0,251.0,-59.0,-380.0,True,PAIR_PROTECTED_FLOOR,2025-09-17T13:30:02.925446335+00:00,24527.75,282.0,211.5,3.0,0.75
2226,2025-09-17 09:30,VALIDATION_SEPTEMBER,DIAGNOSTIC_ONLY_DEGRADED_SOURCE,NY,2,FIXED_75_ARM_3R,FIXED,2,572.0,631.0,-59.0,BUY,SELL,True,182.0,241.0,-59.0,-390.0,True,PAIR_PROTECTED_FLOOR,2025-09-17T13:30:02.925446335+00:00,24527.5,282.0,211.5,3.0,0.75
2226,2025-09-17 09:30,VALIDATION_SEPTEMBER,DIAGNOSTIC_ONLY_DEGRADED_SOURCE,NY,2,FIXED_75_ARM_3R,FIXED,4,572.0,631.0,-59.0,BUY,SELL,True,162.0,221.0,-59.0,-410.0,True,PAIR_PROTECTED_FLOOR,2025-09-17T13:30:02.925446335+00:00,24527.0,282.0,211.5,3.0,0.75
2226,2025-09-17 09:30,VALIDATION_SEPTEMBER,DIAGNOSTIC_ONLY_DEGRADED_SOURCE,NY,2,FIXED_85_ARM_3R,FIXED,0,572.0,631.0,-59.0,BUY,SELL,True,212.0,271.0,-59.0,-360.0,True,PAIR_PROTECTED_FLOOR,2025-09-17T13:30:02.887356521+00:00,24528.25,282.0,239.7,3.0,0.85
2226,2025-09-17 09:30,VALIDATION_SEPTEMBER,DIAGNOSTIC_ONLY_DEGRADED_SOURCE,NY,2,FIXED_85_ARM_3R,FIXED,1,572.0,631.0,-59.0,BUY,SELL,True,202.0,261.0,-59.0,-370.0,True,PAIR_PROTECTED_FLOOR,2025-09-17T13:30:02.887356521+00:00,24528.0,282.0,239.7,3.0,0.85
2226,2025-09-17 09:30,VALIDATION_SEPTEMBER,DIAGNOSTIC_ONLY_DEGRADED_SOURCE,NY,2,FIXED_85_ARM_3R,FIXED,2,572.0,631.0,-59.0,BUY,SELL,True,192.0,251.0,-59.0,-380.0,True,PAIR_PROTECTED_FLOOR,2025-09-17T13:30:02.887356521+00:00,24527.75,282.0,239.7,3.0,0.85
2226,2025-09-17 09:30,VALIDATION_SEPTEMBER,DIAGNOSTIC_ONLY_DEGRADED_SOURCE,NY,2,FIXED_85_ARM_3R,FIXED,4,572.0,631.0,-59.0,BUY,SELL,True,172.0,231.0,-59.0,-400.0,True,PAIR_PROTECTED_FLOOR,2025-09-17T13:30:02.887356521+00:00,24527.25,282.0,239.7,3.0,0.85
2226,2025-09-17 09:30,VALIDATION_SEPTEMBER,DIAGNOSTIC_ONLY_DEGRADED_SOURCE,NY,2,FIXED_50_ARM_4R,FIXED,0,572.0,631.0,-59.0,BUY,SELL,True,122.0,181.0,-59.0,-450.0,True,PAIR_PROTECTED_FLOOR,2025-09-17T13:30:03.421991659+00:00,24526.0,282.0,141.0,4.0,0.5
2226,2025-09-17 09:30,VALIDATION_SEPTEMBER,DIAGNOSTIC_ONLY_DEGRADED_SOURCE,NY,2,FIXED_50_ARM_4R,FIXED,1,572.0,631.0,-59.0,BUY,SELL,True,112.0,171.0,-59.0,-460.0,True,PAIR_PROTECTED_FLOOR,2025-09-17T13:30:03.421991659+00:00,24525.75,282.0,141.0,4.0,0.5
2226,2025-09-17 09:30,VALIDATION_SEPTEMBER,DIAGNOSTIC_ONLY_DEGRADED_SOURCE,NY,2,FIXED_50_ARM_4R,FIXED,2,572.0,631.0,-59.0,BUY,SELL,True,102.0,161.0,-59.0,-470.0,True,PAIR_PROTECTED_FLOOR,2025-09-17T13:30:03.421991659+00:00,24525.5,282.0,141.0,4.0,0.5
2226,2025-09-17 09:30,VALIDATION_SEPTEMBER,DIAGNOSTIC_ONLY_DEGRADED_SOURCE,NY,2,FIXED_50_ARM_4R,FIXED,4,572.0,631.0,-59.0,BUY,SELL,True,82.0,141.0,-59.0,-490.0,True,PAIR_PROTECTED_FLOOR,2025-09-17T13:30:03.421991659+00:00,24525.0,282.0,141.0,4.0,0.5
2226,2025-09-17 09:30,VALIDATION_SEPTEMBER,DIAGNOSTIC_ONLY_DEGRADED_SOURCE,NY,2,FIXED_65_ARM_4R,FIXED,0,572.0,631.0,-59.0,BUY,SELL,True,182.0,241.0,-59.0,-390.0,True,PAIR_PROTECTED_FLOOR,2025-09-17T13:30:03.078272391+00:00,24527.5,282.0,183.3,4.0,0.65
2226,2025-09-17 09:30,VALIDATION_SEPTEMBER,DIAGNOSTIC_ONLY_DEGRADED_SOURCE,NY,2,FIXED_65_ARM_4R,FIXED,1,572.0,631.0,-59.0,BUY,SELL,True,172.0,231.0,-59.0,-400.0,True,PAIR_PROTECTED_FLOOR,2025-09-17T13:30:03.078272391+00:00,24527.25,282.0,183.3,4.0,0.65
2226,2025-09-17 09:30,VALIDATION_SEPTEMBER,DIAGNOSTIC_ONLY_DEGRADED_SOURCE,NY,2,FIXED_65_ARM_4R,FIXED,2,572.0,631.0,-59.0,BUY,SELL,True,162.0,221.0,-59.0,-410.0,True,PAIR_PROTECTED_FLOOR,2025-09-17T13:30:03.078272391+00:00,24527.0,282.0,183.3,4.0,0.65
2226,2025-09-17 09:30,VALIDATION_SEPTEMBER,DIAGNOSTIC_ONLY_DEGRADED_SOURCE,NY,2,FIXED_65_ARM_4R,FIXED,4,572.0,631.0,-59.0,BUY,SELL,True,142.0,201.0,-59.0,-430.0,True,PAIR_PROTECTED_FLOOR,2025-09-17T13:30:03.078272391+00:00,24526.5,282.0,183.3,4.0,0.65
2226,2025-09-17 09:30,VALIDATION_SEPTEMBER,DIAGNOSTIC_ONLY_DEGRADED_SOURCE,NY,2,FIXED_75_ARM_4R,FIXED,0,572.0,631.0,-59.0,BUY,SELL,True,202.0,261.0,-59.0,-370.0,True,PAIR_PROTECTED_FLOOR,2025-09-17T13:30:02.925446335+00:00,24528.0,282.0,211.5,4.0,0.75
2226,2025-09-17 09:30,VALIDATION_SEPTEMBER,DIAGNOSTIC_ONLY_DEGRADED_SOURCE,NY,2,FIXED_75_ARM_4R,FIXED,1,572.0,631.0,-59.0,BUY,SELL,True,192.0,251.0,-59.0,-380.0,True,PAIR_PROTECTED_FLOOR,2025-09-17T13:30:02.925446335+00:00,24527.75,282.0,211.5,4.0,0.75
2226,2025-09-17 09:30,VALIDATION_SEPTEMBER,DIAGNOSTIC_ONLY_DEGRADED_SOURCE,NY,2,FIXED_75_ARM_4R,FIXED,2,572.0,631.0,-59.0,BUY,SELL,True,182.0,241.0,-59.0,-390.0,True,PAIR_PROTECTED_FLOOR,2025-09-17T13:30:02.925446335+00:00,24527.5,282.0,211.5,4.0,0.75
2226,2025-09-17 09:30,VALIDATION_SEPTEMBER,DIAGNOSTIC_ONLY_DEGRADED_SOURCE,NY,2,FIXED_75_ARM_4R,FIXED,4,572.0,631.0,-59.0,BUY,SELL,True,162.0,221.0,-59.0,-410.0,True,PAIR_PROTECTED_FLOOR,2025-09-17T13:30:02.925446335+00:00,24527.0,282.0,211.5,4.0,0.75
2226,2025-09-17 09:30,VALIDATION_SEPTEMBER,DIAGNOSTIC_ONLY_DEGRADED_SOURCE,NY,2,FIXED_85_ARM_4R,FIXED,0,572.0,631.0,-59.0,BUY,SELL,True,212.0,271.0,-59.0,-360.0,True,PAIR_PROTECTED_FLOOR,2025-09-17T13:30:02.887356521+00:00,24528.25,282.0,239.7,4.0,0.85
2226,2025-09-17 09:30,VALIDATION_SEPTEMBER,DIAGNOSTIC_ONLY_DEGRADED_SOURCE,NY,2,FIXED_85_ARM_4R,FIXED,1,572.0,631.0,-59.0,BUY,SELL,True,202.0,261.0,-59.0,-370.0,True,PAIR_PROTECTED_FLOOR,2025-09-17T13:30:02.887356521+00:00,24528.0,282.0,239.7,4.0,0.85
2226,2025-09-17 09:30,VALIDATION_SEPTEMBER,DIAGNOSTIC_ONLY_DEGRADED_SOURCE,NY,2,FIXED_85_ARM_4R,FIXED,2,572.0,631.0,-59.0,BUY,SELL,True,192.0,251.0,-59.0,-380.0,True,PAIR_PROTECTED_FLOOR,2025-09-17T13:30:02.887356521+00:00,24527.75,282.0,239.7,4.0,0.85
2226,2025-09-17 09:30,VALIDATION_SEPTEMBER,DIAGNOSTIC_ONLY_DEGRADED_SOURCE,NY,2,FIXED_85_ARM_4R,FIXED,4,572.0,631.0,-59.0,BUY,SELL,True,172.0,231.0,-59.0,-400.0,True,PAIR_PROTECTED_FLOOR,2025-09-17T13:30:02.887356521+00:00,24527.25,282.0,239.7,4.0,0.85
2226,2025-09-17 09:30,VALIDATION_SEPTEMBER,DIAGNOSTIC_ONLY_DEGRADED_SOURCE,NY,2,FIXED_50_ARM_5R,FIXED,0,572.0,631.0,-59.0,BUY,SELL,True,572.0,631.0,-59.0,0.0,False,CONTROL_TARGET_REACHED,,,562.0,281.0,5.0,0.5
2226,2025-09-17 09:30,VALIDATION_SEPTEMBER,DIAGNOSTIC_ONLY_DEGRADED_SOURCE,NY,2,FIXED_50_ARM_5R,FIXED,1,572.0,631.0,-59.0,BUY,SELL,True,572.0,631.0,-59.0,0.0,False,CONTROL_TARGET_REACHED,,,562.0,281.0,5.0,0.5
2226,2025-09-17 09:30,VALIDATION_SEPTEMBER,DIAGNOSTIC_ONLY_DEGRADED_SOURCE,NY,2,FIXED_50_ARM_5R,FIXED,2,572.0,631.0,-59.0,BUY,SELL,True,572.0,631.0,-59.0,0.0,False,CONTROL_TARGET_REACHED,,,562.0,281.0,5.0,0.5
2226,2025-09-17 09:30,VALIDATION_SEPTEMBER,DIAGNOSTIC_ONLY_DEGRADED_SOURCE,NY,2,FIXED_50_ARM_5R,FIXED,4,572.0,631.0,-59.0,BUY,SELL,True,572.0,631.0,-59.0,0.0,False,CONTROL_TARGET_REACHED,,,562.0,281.0,5.0,0.5
2226,2025-09-17 09:30,VALIDATION_SEPTEMBER,DIAGNOSTIC_ONLY_DEGRADED_SOURCE,NY,2,FIXED_65_ARM_5R,FIXED,0,572.0,631.0,-59.0,BUY,SELL,True,292.0,351.0,-59.0,-280.0,True,PAIR_PROTECTED_FLOOR,2025-09-17T13:30:12.323576587+00:00,24530.25,462.0,300.3,5.0,0.65
2226,2025-09-17 09:30,VALIDATION_SEPTEMBER,DIAGNOSTIC_ONLY_DEGRADED_SOURCE,NY,2,FIXED_65_ARM_5R,FIXED,1,572.0,631.0,-59.0,BUY,SELL,True,282.0,341.0,-59.0,-290.0,True,PAIR_PROTECTED_FLOOR,2025-09-17T13:30:12.323576587+00:00,24530.0,462.0,300.3,5.0,0.65
2226,2025-09-17 09:30,VALIDATION_SEPTEMBER,DIAGNOSTIC_ONLY_DEGRADED_SOURCE,NY,2,FIXED_65_ARM_5R,FIXED,2,572.0,631.0,-59.0,BUY,SELL,True,272.0,331.0,-59.0,-300.0,True,PAIR_PROTECTED_FLOOR,2025-09-17T13:30:12.323576587+00:00,24529.75,462.0,300.3,5.0,0.65
2226,2025-09-17 09:30,VALIDATION_SEPTEMBER,DIAGNOSTIC_ONLY_DEGRADED_SOURCE,NY,2,FIXED_65_ARM_5R,FIXED,4,572.0,631.0,-59.0,BUY,SELL,True,252.0,311.0,-59.0,-320.0,True,PAIR_PROTECTED_FLOOR,2025-09-17T13:30:12.323576587+00:00,24529.25,462.0,300.3,5.0,0.65
2226,2025-09-17 09:30,VALIDATION_SEPTEMBER,DIAGNOSTIC_ONLY_DEGRADED_SOURCE,NY,2,FIXED_75_ARM_5R,FIXED,0,572.0,631.0,-59.0,BUY,SELL,True,332.0,391.0,-59.0,-240.0,True,PAIR_PROTECTED_FLOOR,2025-09-17T13:30:12.058154651+00:00,24531.25,462.0,346.5,5.0,0.75
2226,2025-09-17 09:30,VALIDATION_SEPTEMBER,DIAGNOSTIC_ONLY_DEGRADED_SOURCE,NY,2,FIXED_75_ARM_5R,FIXED,1,572.0,631.0,-59.0,BUY,SELL,True,322.0,381.0,-59.0,-250.0,True,PAIR_PROTECTED_FLOOR,2025-09-17T13:30:12.058154651+00:00,24531.0,462.0,346.5,5.0,0.75
2226,2025-09-17 09:30,VALIDATION_SEPTEMBER,DIAGNOSTIC_ONLY_DEGRADED_SOURCE,NY,2,FIXED_75_ARM_5R,FIXED,2,572.0,631.0,-59.0,BUY,SELL,True,312.0,371.0,-59.0,-260.0,True,PAIR_PROTECTED_FLOOR,2025-09-17T13:30:12.058154651+00:00,24530.75,462.0,346.5,5.0,0.75
2226,2025-09-17 09:30,VALIDATION_SEPTEMBER,DIAGNOSTIC_ONLY_DEGRADED_SOURCE,NY,2,FIXED_75_ARM_5R,FIXED,4,572.0,631.0,-59.0,BUY,SELL,True,292.0,351.0,-59.0,-280.0,True,PAIR_PROTECTED_FLOOR,2025-09-17T13:30:12.058154651+00:00,24530.25,462.0,346.5,5.0,0.75
2226,2025-09-17 09:30,VALIDATION_SEPTEMBER,DIAGNOSTIC_ONLY_DEGRADED_SOURCE,NY,2,FIXED_85_ARM_5R,FIXED,0,572.0,631.0,-59.0,BUY,SELL,True,332.0,391.0,-59.0,-240.0,True,PAIR_PROTECTED_FLOOR,2025-09-17T13:30:08.979342987+00:00,24531.25,402.0,341.7,5.0,0.85
2226,2025-09-17 09:30,VALIDATION_SEPTEMBER,DIAGNOSTIC_ONLY_DEGRADED_SOURCE,NY,2,FIXED_85_ARM_5R,FIXED,1,572.0,631.0,-59.0,BUY,SELL,True,322.0,381.0,-59.0,-250.0,True,PAIR_PROTECTED_FLOOR,2025-09-17T13:30:08.979342987+00:00,24531.0,402.0,341.7,5.0,0.85
2226,2025-09-17 09:30,VALIDATION_SEPTEMBER,DIAGNOSTIC_ONLY_DEGRADED_SOURCE,NY,2,FIXED_85_ARM_5R,FIXED,2,572.0,631.0,-59.0,BUY,SELL,True,312.0,371.0,-59.0,-260.0,True,PAIR_PROTECTED_FLOOR,2025-09-17T13:30:08.979342987+00:00,24530.75,402.0,341.7,5.0,0.85
2226,2025-09-17 09:30,VALIDATION_SEPTEMBER,DIAGNOSTIC_ONLY_DEGRADED_SOURCE,NY,2,FIXED_85_ARM_5R,FIXED,4,572.0,631.0,-59.0,BUY,SELL,True,292.0,351.0,-59.0,-280.0,True,PAIR_PROTECTED_FLOOR,2025-09-17T13:30:08.979342987+00:00,24530.25,402.0,341.7,5.0,0.85
2226,2025-09-17 09:30,VALIDATION_SEPTEMBER,DIAGNOSTIC_ONLY_DEGRADED_SOURCE,NY,2,DYNAMIC_FAST_2R_4R_6R_8R,DYNAMIC,0,572.0,631.0,-59.0,BUY,SELL,True,182.0,241.0,-59.0,-390.0,True,PAIR_PROTECTED_FLOOR,2025-09-17T13:30:03.078272391+00:00,24527.5,282.0,183.3,2.0,0.65
2226,2025-09-17 09:30,VALIDATION_SEPTEMBER,DIAGNOSTIC_ONLY_DEGRADED_SOURCE,NY,2,DYNAMIC_FAST_2R_4R_6R_8R,DYNAMIC,1,572.0,631.0,-59.0,BUY,SELL,True,172.0,231.0,-59.0,-400.0,True,PAIR_PROTECTED_FLOOR,2025-09-17T13:30:03.078272391+00:00,24527.25,282.0,183.3,2.0,0.65
2226,2025-09-17 09:30,VALIDATION_SEPTEMBER,DIAGNOSTIC_ONLY_DEGRADED_SOURCE,NY,2,DYNAMIC_FAST_2R_4R_6R_8R,DYNAMIC,2,572.0,631.0,-59.0,BUY,SELL,True,162.0,221.0,-59.0,-410.0,True,PAIR_PROTECTED_FLOOR,2025-09-17T13:30:03.078272391+00:00,24527.0,282.0,183.3,2.0,0.65
2226,2025-09-17 09:30,VALIDATION_SEPTEMBER,DIAGNOSTIC_ONLY_DEGRADED_SOURCE,NY,2,DYNAMIC_FAST_2R_4R_6R_8R,DYNAMIC,4,572.0,631.0,-59.0,BUY,SELL,True,142.0,201.0,-59.0,-430.0,True,PAIR_PROTECTED_FLOOR,2025-09-17T13:30:03.078272391+00:00,24526.5,282.0,183.3,2.0,0.65
2226,2025-09-17 09:30,VALIDATION_SEPTEMBER,DIAGNOSTIC_ONLY_DEGRADED_SOURCE,NY,2,DYNAMIC_BALANCED_3R_5R_8R_12R,DYNAMIC,0,572.0,631.0,-59.0,BUY,SELL,True,122.0,181.0,-59.0,-450.0,True,PAIR_PROTECTED_FLOOR,2025-09-17T13:30:03.421991659+00:00,24526.0,282.0,141.0,3.0,0.5
2226,2025-09-17 09:30,VALIDATION_SEPTEMBER,DIAGNOSTIC_ONLY_DEGRADED_SOURCE,NY,2,DYNAMIC_BALANCED_3R_5R_8R_12R,DYNAMIC,1,572.0,631.0,-59.0,BUY,SELL,True,112.0,171.0,-59.0,-460.0,True,PAIR_PROTECTED_FLOOR,2025-09-17T13:30:03.421991659+00:00,24525.75,282.0,141.0,3.0,0.5
2226,2025-09-17 09:30,VALIDATION_SEPTEMBER,DIAGNOSTIC_ONLY_DEGRADED_SOURCE,NY,2,DYNAMIC_BALANCED_3R_5R_8R_12R,DYNAMIC,2,572.0,631.0,-59.0,BUY,SELL,True,102.0,161.0,-59.0,-470.0,True,PAIR_PROTECTED_FLOOR,2025-09-17T13:30:03.421991659+00:00,24525.5,282.0,141.0,3.0,0.5
2226,2025-09-17 09:30,VALIDATION_SEPTEMBER,DIAGNOSTIC_ONLY_DEGRADED_SOURCE,NY,2,DYNAMIC_BALANCED_3R_5R_8R_12R,DYNAMIC,4,572.0,631.0,-59.0,BUY,SELL,True,82.0,141.0,-59.0,-490.0,True,PAIR_PROTECTED_FLOOR,2025-09-17T13:30:03.421991659+00:00,24525.0,282.0,141.0,3.0,0.5
2226,2025-09-17 09:30,VALIDATION_SEPTEMBER,DIAGNOSTIC_ONLY_DEGRADED_SOURCE,NY,2,DYNAMIC_LOOSE_4R_7R_11R_16R,DYNAMIC,0,572.0,631.0,-59.0,BUY,SELL,True,122.0,181.0,-59.0,-450.0,True,PAIR_PROTECTED_FLOOR,2025-09-17T13:30:03.421991659+00:00,24526.0,282.0,141.0,4.0,0.5
2226,2025-09-17 09:30,VALIDATION_SEPTEMBER,DIAGNOSTIC_ONLY_DEGRADED_SOURCE,NY,2,DYNAMIC_LOOSE_4R_7R_11R_16R,DYNAMIC,1,572.0,631.0,-59.0,BUY,SELL,True,112.0,171.0,-59.0,-460.0,True,PAIR_PROTECTED_FLOOR,2025-09-17T13:30:03.421991659+00:00,24525.75,282.0,141.0,4.0,0.5
2226,2025-09-17 09:30,VALIDATION_SEPTEMBER,DIAGNOSTIC_ONLY_DEGRADED_SOURCE,NY,2,DYNAMIC_LOOSE_4R_7R_11R_16R,DYNAMIC,2,572.0,631.0,-59.0,BUY,SELL,True,102.0,161.0,-59.0,-470.0,True,PAIR_PROTECTED_FLOOR,2025-09-17T13:30:03.421991659+00:00,24525.5,282.0,141.0,4.0,0.5
2226,2025-09-17 09:30,VALIDATION_SEPTEMBER,DIAGNOSTIC_ONLY_DEGRADED_SOURCE,NY,2,DYNAMIC_LOOSE_4R_7R_11R_16R,DYNAMIC,4,572.0,631.0,-59.0,BUY,SELL,True,82.0,141.0,-59.0,-490.0,True,PAIR_PROTECTED_FLOOR,2025-09-17T13:30:03.421991659+00:00,24525.0,282.0,141.0,4.0,0.5
2226,2025-09-17 09:30,VALIDATION_SEPTEMBER,DIAGNOSTIC_ONLY_DEGRADED_SOURCE,NY,2,ADAPTIVE_VOL_ARM_3R,ADAPTIVE,0,572.0,631.0,-59.0,BUY,SELL,True,182.0,241.0,-59.0,-390.0,True,PAIR_PROTECTED_FLOOR,2025-09-17T13:30:03.078272391+00:00,24527.5,282.0,183.3,3.0,0.65
2226,2025-09-17 09:30,VALIDATION_SEPTEMBER,DIAGNOSTIC_ONLY_DEGRADED_SOURCE,NY,2,ADAPTIVE_VOL_ARM_3R,ADAPTIVE,1,572.0,631.0,-59.0,BUY,SELL,True,172.0,231.0,-59.0,-400.0,True,PAIR_PROTECTED_FLOOR,2025-09-17T13:30:03.078272391+00:00,24527.25,282.0,183.3,3.0,0.65
2226,2025-09-17 09:30,VALIDATION_SEPTEMBER,DIAGNOSTIC_ONLY_DEGRADED_SOURCE,NY,2,ADAPTIVE_VOL_ARM_3R,ADAPTIVE,2,572.0,631.0,-59.0,BUY,SELL,True,162.0,221.0,-59.0,-410.0,True,PAIR_PROTECTED_FLOOR,2025-09-17T13:30:03.078272391+00:00,24527.0,282.0,183.3,3.0,0.65
2226,2025-09-17 09:30,VALIDATION_SEPTEMBER,DIAGNOSTIC_ONLY_DEGRADED_SOURCE,NY,2,ADAPTIVE_VOL_ARM_3R,ADAPTIVE,4,572.0,631.0,-59.0,BUY,SELL,True,142.0,201.0,-59.0,-430.0,True,PAIR_PROTECTED_FLOOR,2025-09-17T13:30:03.078272391+00:00,24526.5,282.0,183.3,3.0,0.65
2226,2025-09-17 09:30,VALIDATION_SEPTEMBER,DIAGNOSTIC_ONLY_DEGRADED_SOURCE,NY,2,ADAPTIVE_VOL_ARM_4R,ADAPTIVE,0,572.0,631.0,-59.0,BUY,SELL,True,182.0,241.0,-59.0,-390.0,True,PAIR_PROTECTED_FLOOR,2025-09-17T13:30:03.078272391+00:00,24527.5,282.0,183.3,4.0,0.65
2226,2025-09-17 09:30,VALIDATION_SEPTEMBER,DIAGNOSTIC_ONLY_DEGRADED_SOURCE,NY,2,ADAPTIVE_VOL_ARM_4R,ADAPTIVE,1,572.0,631.0,-59.0,BUY,SELL,True,172.0,231.0,-59.0,-400.0,True,PAIR_PROTECTED_FLOOR,2025-09-17T13:30:03.078272391+00:00,24527.25,282.0,183.3,4.0,0.65
2226,2025-09-17 09:30,VALIDATION_SEPTEMBER,DIAGNOSTIC_ONLY_DEGRADED_SOURCE,NY,2,ADAPTIVE_VOL_ARM_4R,ADAPTIVE,2,572.0,631.0,-59.0,BUY,SELL,True,162.0,221.0,-59.0,-410.0,True,PAIR_PROTECTED_FLOOR,2025-09-17T13:30:03.078272391+00:00,24527.0,282.0,183.3,4.0,0.65
2226,2025-09-17 09:30,VALIDATION_SEPTEMBER,DIAGNOSTIC_ONLY_DEGRADED_SOURCE,NY,2,ADAPTIVE_VOL_ARM_4R,ADAPTIVE,4,572.0,631.0,-59.0,BUY,SELL,True,142.0,201.0,-59.0,-430.0,True,PAIR_PROTECTED_FLOOR,2025-09-17T13:30:03.078272391+00:00,24526.5,282.0,183.3,4.0,0.65
2227,2025-09-17 18:00,VALIDATION_SEPTEMBER,DIAGNOSTIC_ONLY_DEGRADED_SOURCE,WEEKDAY_WEAK,1,CONTROL_NO_PAIR_FLOOR,CONTROL,0,-59.0,-29.5,-29.5,SELL,BUY,False,-59.0,-29.5,-29.5,0.0,False,CONTROL_OR_NO_SINGLE_SURVIVOR,,,,,999.0,
2227,2025-09-17 18:00,VALIDATION_SEPTEMBER,DIAGNOSTIC_ONLY_DEGRADED_SOURCE,WEEKDAY_WEAK,1,CONTROL_NO_PAIR_FLOOR,CONTROL,1,-59.0,-29.5,-29.5,SELL,BUY,False,-59.0,-29.5,-29.5,0.0,False,CONTROL_OR_NO_SINGLE_SURVIVOR,,,,,999.0,
2227,2025-09-17 18:00,VALIDATION_SEPTEMBER,DIAGNOSTIC_ONLY_DEGRADED_SOURCE,WEEKDAY_WEAK,1,CONTROL_NO_PAIR_FLOOR,CONTROL,2,-59.0,-29.5,-29.5,SELL,BUY,False,-59.0,-29.5,-29.5,0.0,False,CONTROL_OR_NO_SINGLE_SURVIVOR,,,,,999.0,
2227,2025-09-17 18:00,VALIDATION_SEPTEMBER,DIAGNOSTIC_ONLY_DEGRADED_SOURCE,WEEKDAY_WEAK,1,CONTROL_NO_PAIR_FLOOR,CONTROL,4,-59.0,-29.5,-29.5,SELL,BUY,False,-59.0,-29.5,-29.5,0.0,False,CONTROL_OR_NO_SINGLE_SURVIVOR,,,,,999.0,
2227,2025-09-17 18:00,VALIDATION_SEPTEMBER,DIAGNOSTIC_ONLY_DEGRADED_SOURCE,WEEKDAY_WEAK,1,FIXED_50_ARM_2R,FIXED,0,-59.0,-29.5,-29.5,SELL,BUY,False,-59.0,-29.5,-29.5,0.0,False,CONTROL_OR_NO_SINGLE_SURVIVOR,,,,,2.0,
2227,2025-09-17 18:00,VALIDATION_SEPTEMBER,DIAGNOSTIC_ONLY_DEGRADED_SOURCE,WEEKDAY_WEAK,1,FIXED_50_ARM_2R,FIXED,1,-59.0,-29.5,-29.5,SELL,BUY,False,-59.0,-29.5,-29.5,0.0,False,CONTROL_OR_NO_SINGLE_SURVIVOR,,,,,2.0,
2227,2025-09-17 18:00,VALIDATION_SEPTEMBER,DIAGNOSTIC_ONLY_DEGRADED_SOURCE,WEEKDAY_WEAK,1,FIXED_50_ARM_2R,FIXED,2,-59.0,-29.5,-29.5,SELL,BUY,False,-59.0,-29.5,-29.5,0.0,False,CONTROL_OR_NO_SINGLE_SURVIVOR,,,,,2.0,
2227,2025-09-17 18:00,VALIDATION_SEPTEMBER,DIAGNOSTIC_ONLY_DEGRADED_SOURCE,WEEKDAY_WEAK,1,FIXED_50_ARM_2R,FIXED,4,-59.0,-29.5,-29.5,SELL,BUY,False,-59.0,-29.5,-29.5,0.0,False,CONTROL_OR_NO_SINGLE_SURVIVOR,,,,,2.0,
2227,2025-09-17 18:00,VALIDATION_SEPTEMBER,DIAGNOSTIC_ONLY_DEGRADED_SOURCE,WEEKDAY_WEAK,1,FIXED_65_ARM_2R,FIXED,0,-59.0,-29.5,-29.5,SELL,BUY,False,-59.0,-29.5,-29.5,0.0,False,CONTROL_OR_NO_SINGLE_SURVIVOR,,,,,2.0,
2227,2025-09-17 18:00,VALIDATION_SEPTEMBER,DIAGNOSTIC_ONLY_DEGRADED_SOURCE,WEEKDAY_WEAK,1,FIXED_65_ARM_2R,FIXED,1,-59.0,-29.5,-29.5,SELL,BUY,False,-59.0,-29.5,-29.5,0.0,False,CONTROL_OR_NO_SINGLE_SURVIVOR,,,,,2.0,
2227,2025-09-17 18:00,VALIDATION_SEPTEMBER,DIAGNOSTIC_ONLY_DEGRADED_SOURCE,WEEKDAY_WEAK,1,FIXED_65_ARM_2R,FIXED,2,-59.0,-29.5,-29.5,SELL,BUY,False,-59.0,-29.5,-29.5,0.0,False,CONTROL_OR_NO_SINGLE_SURVIVOR,,,,,2.0,
2227,2025-09-17 18:00,VALIDATION_SEPTEMBER,DIAGNOSTIC_ONLY_DEGRADED_SOURCE,WEEKDAY_WEAK,1,FIXED_65_ARM_2R,FIXED,4,-59.0,-29.5,-29.5,SELL,BUY,False,-59.0,-29.5,-29.5,0.0,False,CONTROL_OR_NO_SINGLE_SURVIVOR,,,,,2.0,
2227,2025-09-17 18:00,VALIDATION_SEPTEMBER,DIAGNOSTIC_ONLY_DEGRADED_SOURCE,WEEKDAY_WEAK,1,FIXED_75_ARM_2R,FIXED,0,-59.0,-29.5,-29.5,SELL,BUY,False,-59.0,-29.5,-29.5,0.0,False,CONTROL_OR_NO_SINGLE_SURVIVOR,,,,,2.0,
2227,2025-09-17 18:00,VALIDATION_SEPTEMBER,DIAGNOSTIC_ONLY_DEGRADED_SOURCE,WEEKDAY_WEAK,1,FIXED_75_ARM_2R,FIXED,1,-59.0,-29.5,-29.5,SELL,BUY,False,-59.0,-29.5,-29.5,0.0,False,CONTROL_OR_NO_SINGLE_SURVIVOR,,,,,2.0,
2227,2025-09-17 18:00,VALIDATION_SEPTEMBER,DIAGNOSTIC_ONLY_DEGRADED_SOURCE,WEEKDAY_WEAK,1,FIXED_75_ARM_2R,FIXED,2,-59.0,-29.5,-29.5,SELL,BUY,False,-59.0,-29.5,-29.5,0.0,False,CONTROL_OR_NO_SINGLE_SURVIVOR,,,,,2.0,
2227,2025-09-17 18:00,VALIDATION_SEPTEMBER,DIAGNOSTIC_ONLY_DEGRADED_SOURCE,WEEKDAY_WEAK,1,FIXED_75_ARM_2R,FIXED,4,-59.0,-29.5,-29.5,SELL,BUY,False,-59.0,-29.5,-29.5,0.0,False,CONTROL_OR_NO_SINGLE_SURVIVOR,,,,,2.0,
2227,2025-09-17 18:00,VALIDATION_SEPTEMBER,DIAGNOSTIC_ONLY_DEGRADED_SOURCE,WEEKDAY_WEAK,1,FIXED_85_ARM_2R,FIXED,0,-59.0,-29.5,-29.5,SELL,BUY,False,-59.0,-29.5,-29.5,0.0,False,CONTROL_OR_NO_SINGLE_SURVIVOR,,,,,2.0,
2227,2025-09-17 18:00,VALIDATION_SEPTEMBER,DIAGNOSTIC_ONLY_DEGRADED_SOURCE,WEEKDAY_WEAK,1,FIXED_85_ARM_2R,FIXED,1,-59.0,-29.5,-29.5,SELL,BUY,False,-59.0,-29.5,-29.5,0.0,False,CONTROL_OR_NO_SINGLE_SURVIVOR,,,,,2.0,
2227,2025-09-17 18:00,VALIDATION_SEPTEMBER,DIAGNOSTIC_ONLY_DEGRADED_SOURCE,WEEKDAY_WEAK,1,FIXED_85_ARM_2R,FIXED,2,-59.0,-29.5,-29.5,SELL,BUY,False,-59.0,-29.5,-29.5,0.0,False,CONTROL_OR_NO_SINGLE_SURVIVOR,,,,,2.0,
2227,2025-09-17 18:00,VALIDATION_SEPTEMBER,DIAGNOSTIC_ONLY_DEGRADED_SOURCE,WEEKDAY_WEAK,1,FIXED_85_ARM_2R,FIXED,4,-59.0,-29.5,-29.5,SELL,BUY,False,-59.0,-29.5,-29.5,0.0,False,CONTROL_OR_NO_SINGLE_SURVIVOR,,,,,2.0,
2227,2025-09-17 18:00,VALIDATION_SEPTEMBER,DIAGNOSTIC_ONLY_DEGRADED_SOURCE,WEEKDAY_WEAK,1,FIXED_50_ARM_3R,FIXED,0,-59.0,-29.5,-29.5,SELL,BUY,False,-59.0,-29.5,-29.5,0.0,False,CONTROL_OR_NO_SINGLE_SURVIVOR,,,,,3.0,
2227,2025-09-17 18:00,VALIDATION_SEPTEMBER,DIAGNOSTIC_ONLY_DEGRADED_SOURCE,WEEKDAY_WEAK,1,FIXED_50_ARM_3R,FIXED,1,-59.0,-29.5,-29.5,SELL,BUY,False,-59.0,-29.5,-29.5,0.0,False,CONTROL_OR_NO_SINGLE_SURVIVOR,,,,,3.0,
2227,2025-09-17 18:00,VALIDATION_SEPTEMBER,DIAGNOSTIC_ONLY_DEGRADED_SOURCE,WEEKDAY_WEAK,1,FIXED_50_ARM_3R,FIXED,2,-59.0,-29.5,-29.5,SELL,BUY,False,-59.0,-29.5,-29.5,0.0,False,CONTROL_OR_NO_SINGLE_SURVIVOR,,,,,3.0,
2227,2025-09-17 18:00,VALIDATION_SEPTEMBER,DIAGNOSTIC_ONLY_DEGRADED_SOURCE,WEEKDAY_WEAK,1,FIXED_50_ARM_3R,FIXED,4,-59.0,-29.5,-29.5,SELL,BUY,False,-59.0,-29.5,-29.5,0.0,False,CONTROL_OR_NO_SINGLE_SURVIVOR,,,,,3.0,
2227,2025-09-17 18:00,VALIDATION_SEPTEMBER,DIAGNOSTIC_ONLY_DEGRADED_SOURCE,WEEKDAY_WEAK,1,FIXED_65_ARM_3R,FIXED,0,-59.0,-29.5,-29.5,SELL,BUY,False,-59.0,-29.5,-29.5,0.0,False,CONTROL_OR_NO_SINGLE_SURVIVOR,,,,,3.0,
2227,2025-09-17 18:00,VALIDATION_SEPTEMBER,DIAGNOSTIC_ONLY_DEGRADED_SOURCE,WEEKDAY_WEAK,1,FIXED_65_ARM_3R,FIXED,1,-59.0,-29.5,-29.5,SELL,BUY,False,-59.0,-29.5,-29.5,0.0,False,CONTROL_OR_NO_SINGLE_SURVIVOR,,,,,3.0,
2227,2025-09-17 18:00,VALIDATION_SEPTEMBER,DIAGNOSTIC_ONLY_DEGRADED_SOURCE,WEEKDAY_WEAK,1,FIXED_65_ARM_3R,FIXED,2,-59.0,-29.5,-29.5,SELL,BUY,False,-59.0,-29.5,-29.5,0.0,False,CONTROL_OR_NO_SINGLE_SURVIVOR,,,,,3.0,
2227,2025-09-17 18:00,VALIDATION_SEPTEMBER,DIAGNOSTIC_ONLY_DEGRADED_SOURCE,WEEKDAY_WEAK,1,FIXED_65_ARM_3R,FIXED,4,-59.0,-29.5,-29.5,SELL,BUY,False,-59.0,-29.5,-29.5,0.0,False,CONTROL_OR_NO_SINGLE_SURVIVOR,,,,,3.0,
2227,2025-09-17 18:00,VALIDATION_SEPTEMBER,DIAGNOSTIC_ONLY_DEGRADED_SOURCE,WEEKDAY_WEAK,1,FIXED_75_ARM_3R,FIXED,0,-59.0,-29.5,-29.5,SELL,BUY,False,-59.0,-29.5,-29.5,0.0,False,CONTROL_OR_NO_SINGLE_SURVIVOR,,,,,3.0,
2227,2025-09-17 18:00,VALIDATION_SEPTEMBER,DIAGNOSTIC_ONLY_DEGRADED_SOURCE,WEEKDAY_WEAK,1,FIXED_75_ARM_3R,FIXED,1,-59.0,-29.5,-29.5,SELL,BUY,False,-59.0,-29.5,-29.5,0.0,False,CONTROL_OR_NO_SINGLE_SURVIVOR,,,,,3.0,
2227,2025-09-17 18:00,VALIDATION_SEPTEMBER,DIAGNOSTIC_ONLY_DEGRADED_SOURCE,WEEKDAY_WEAK,1,FIXED_75_ARM_3R,FIXED,2,-59.0,-29.5,-29.5,SELL,BUY,False,-59.0,-29.5,-29.5,0.0,False,CONTROL_OR_NO_SINGLE_SURVIVOR,,,,,3.0,
2227,2025-09-17 18:00,VALIDATION_SEPTEMBER,DIAGNOSTIC_ONLY_DEGRADED_SOURCE,WEEKDAY_WEAK,1,FIXED_75_ARM_3R,FIXED,4,-59.0,-29.5,-29.5,SELL,BUY,False,-59.0,-29.5,-29.5,0.0,False,CONTROL_OR_NO_SINGLE_SURVIVOR,,,,,3.0,
2227,2025-09-17 18:00,VALIDATION_SEPTEMBER,DIAGNOSTIC_ONLY_DEGRADED_SOURCE,WEEKDAY_WEAK,1,FIXED_85_ARM_3R,FIXED,0,-59.0,-29.5,-29.5,SELL,BUY,False,-59.0,-29.5,-29.5,0.0,False,CONTROL_OR_NO_SINGLE_SURVIVOR,,,,,3.0,
2227,2025-09-17 18:00,VALIDATION_SEPTEMBER,DIAGNOSTIC_ONLY_DEGRADED_SOURCE,WEEKDAY_WEAK,1,FIXED_85_ARM_3R,FIXED,1,-59.0,-29.5,-29.5,SELL,BUY,False,-59.0,-29.5,-29.5,0.0,False,CONTROL_OR_NO_SINGLE_SURVIVOR,,,,,3.0,
2227,2025-09-17 18:00,VALIDATION_SEPTEMBER,DIAGNOSTIC_ONLY_DEGRADED_SOURCE,WEEKDAY_WEAK,1,FIXED_85_ARM_3R,FIXED,2,-59.0,-29.5,-29.5,SELL,BUY,False,-59.0,-29.5,-29.5,0.0,False,CONTROL_OR_NO_SINGLE_SURVIVOR,,,,,3.0,
2227,2025-09-17 18:00,VALIDATION_SEPTEMBER,DIAGNOSTIC_ONLY_DEGRADED_SOURCE,WEEKDAY_WEAK,1,FIXED_85_ARM_3R,FIXED,4,-59.0,-29.5,-29.5,SELL,BUY,False,-59.0,-29.5,-29.5,0.0,False,CONTROL_OR_NO_SINGLE_SURVIVOR,,,,,3.0,
2227,2025-09-17 18:00,VALIDATION_SEPTEMBER,DIAGNOSTIC_ONLY_DEGRADED_SOURCE,WEEKDAY_WEAK,1,FIXED_50_ARM_4R,FIXED,0,-59.0,-29.5,-29.5,SELL,BUY,False,-59.0,-29.5,-29.5,0.0,False,CONTROL_OR_NO_SINGLE_SURVIVOR,,,,,4.0,
2227,2025-09-17 18:00,VALIDATION_SEPTEMBER,DIAGNOSTIC_ONLY_DEGRADED_SOURCE,WEEKDAY_WEAK,1,FIXED_50_ARM_4R,FIXED,1,-59.0,-29.5,-29.5,SELL,BUY,False,-59.0,-29.5,-29.5,0.0,False,CONTROL_OR_NO_SINGLE_SURVIVOR,,,,,4.0,
2227,2025-09-17 18:00,VALIDATION_SEPTEMBER,DIAGNOSTIC_ONLY_DEGRADED_SOURCE,WEEKDAY_WEAK,1,FIXED_50_ARM_4R,FIXED,2,-59.0,-29.5,-29.5,SELL,BUY,False,-59.0,-29.5,-29.5,0.0,False,CONTROL_OR_NO_SINGLE_SURVIVOR,,,,,4.0,
2227,2025-09-17 18:00,VALIDATION_SEPTEMBER,DIAGNOSTIC_ONLY_DEGRADED_SOURCE,WEEKDAY_WEAK,1,FIXED_50_ARM_4R,FIXED,4,-59.0,-29.5,-29.5,SELL,BUY,False,-59.0,-29.5,-29.5,0.0,False,CONTROL_OR_NO_SINGLE_SURVIVOR,,,,,4.0,
2227,2025-09-17 18:00,VALIDATION_SEPTEMBER,DIAGNOSTIC_ONLY_DEGRADED_SOURCE,WEEKDAY_WEAK,1,FIXED_65_ARM_4R,FIXED,0,-59.0,-29.5,-29.5,SELL,BUY,False,-59.0,-29.5,-29.5,0.0,False,CONTROL_OR_NO_SINGLE_SURVIVOR,,,,,4.0,
2227,2025-09-17 18:00,VALIDATION_SEPTEMBER,DIAGNOSTIC_ONLY_DEGRADED_SOURCE,WEEKDAY_WEAK,1,FIXED_65_ARM_4R,FIXED,1,-59.0,-29.5,-29.5,SELL,BUY,False,-59.0,-29.5,-29.5,0.0,False,CONTROL_OR_NO_SINGLE_SURVIVOR,,,,,4.0,
2227,2025-09-17 18:00,VALIDATION_SEPTEMBER,DIAGNOSTIC_ONLY_DEGRADED_SOURCE,WEEKDAY_WEAK,1,FIXED_65_ARM_4R,FIXED,2,-59.0,-29.5,-29.5,SELL,BUY,False,-59.0,-29.5,-29.5,0.0,False,CONTROL_OR_NO_SINGLE_SURVIVOR,,,,,4.0,
2227,2025-09-17 18:00,VALIDATION_SEPTEMBER,DIAGNOSTIC_ONLY_DEGRADED_SOURCE,WEEKDAY_WEAK,1,FIXED_65_ARM_4R,FIXED,4,-59.0,-29.5,-29.5,SELL,BUY,False,-59.0,-29.5,-29.5,0.0,False,CONTROL_OR_NO_SINGLE_SURVIVOR,,,,,4.0,
2227,2025-09-17 18:00,VALIDATION_SEPTEMBER,DIAGNOSTIC_ONLY_DEGRADED_SOURCE,WEEKDAY_WEAK,1,FIXED_75_ARM_4R,FIXED,0,-59.0,-29.5,-29.5,SELL,BUY,False,-59.0,-29.5,-29.5,0.0,False,CONTROL_OR_NO_SINGLE_SURVIVOR,,,,,4.0,
2227,2025-09-17 18:00,VALIDATION_SEPTEMBER,DIAGNOSTIC_ONLY_DEGRADED_SOURCE,WEEKDAY_WEAK,1,FIXED_75_ARM_4R,FIXED,1,-59.0,-29.5,-29.5,SELL,BUY,False,-59.0,-29.5,-29.5,0.0,False,CONTROL_OR_NO_SINGLE_SURVIVOR,,,,,4.0,
2227,2025-09-17 18:00,VALIDATION_SEPTEMBER,DIAGNOSTIC_ONLY_DEGRADED_SOURCE,WEEKDAY_WEAK,1,FIXED_75_ARM_4R,FIXED,2,-59.0,-29.5,-29.5,SELL,BUY,False,-59.0,-29.5,-29.5,0.0,False,CONTROL_OR_NO_SINGLE_SURVIVOR,,,,,4.0,
2227,2025-09-17 18:00,VALIDATION_SEPTEMBER,DIAGNOSTIC_ONLY_DEGRADED_SOURCE,WEEKDAY_WEAK,1,FIXED_75_ARM_4R,FIXED,4,-59.0,-29.5,-29.5,SELL,BUY,False,-59.0,-29.5,-29.5,0.0,False,CONTROL_OR_NO_SINGLE_SURVIVOR,,,,,4.0,
2227,2025-09-17 18:00,VALIDATION_SEPTEMBER,DIAGNOSTIC_ONLY_DEGRADED_SOURCE,WEEKDAY_WEAK,1,FIXED_85_ARM_4R,FIXED,0,-59.0,-29.5,-29.5,SELL,BUY,False,-59.0,-29.5,-29.5,0.0,False,CONTROL_OR_NO_SINGLE_SURVIVOR,,,,,4.0,
2227,2025-09-17 18:00,VALIDATION_SEPTEMBER,DIAGNOSTIC_ONLY_DEGRADED_SOURCE,WEEKDAY_WEAK,1,FIXED_85_ARM_4R,FIXED,1,-59.0,-29.5,-29.5,SELL,BUY,False,-59.0,-29.5,-29.5,0.0,False,CONTROL_OR_NO_SINGLE_SURVIVOR,,,,,4.0,
2227,2025-09-17 18:00,VALIDATION_SEPTEMBER,DIAGNOSTIC_ONLY_DEGRADED_SOURCE,WEEKDAY_WEAK,1,FIXED_85_ARM_4R,FIXED,2,-59.0,-29.5,-29.5,SELL,BUY,False,-59.0,-29.5,-29.5,0.0,False,CONTROL_OR_NO_SINGLE_SURVIVOR,,,,,4.0,
2227,2025-09-17 18:00,VALIDATION_SEPTEMBER,DIAGNOSTIC_ONLY_DEGRADED_SOURCE,WEEKDAY_WEAK,1,FIXED_85_ARM_4R,FIXED,4,-59.0,-29.5,-29.5,SELL,BUY,False,-59.0,-29.5,-29.5,0.0,False,CONTROL_OR_NO_SINGLE_SURVIVOR,,,,,4.0,
2227,2025-09-17 18:00,VALIDATION_SEPTEMBER,DIAGNOSTIC_ONLY_DEGRADED_SOURCE,WEEKDAY_WEAK,1,FIXED_50_ARM_5R,FIXED,0,-59.0,-29.5,-29.5,SELL,BUY,False,-59.0,-29.5,-29.5,0.0,False,CONTROL_OR_NO_SINGLE_SURVIVOR,,,,,5.0,
2227,2025-09-17 18:00,VALIDATION_SEPTEMBER,DIAGNOSTIC_ONLY_DEGRADED_SOURCE,WEEKDAY_WEAK,1,FIXED_50_ARM_5R,FIXED,1,-59.0,-29.5,-29.5,SELL,BUY,False,-59.0,-29.5,-29.5,0.0,False,CONTROL_OR_NO_SINGLE_SURVIVOR,,,,,5.0,
2227,2025-09-17 18:00,VALIDATION_SEPTEMBER,DIAGNOSTIC_ONLY_DEGRADED_SOURCE,WEEKDAY_WEAK,1,FIXED_50_ARM_5R,FIXED,2,-59.0,-29.5,-29.5,SELL,BUY,False,-59.0,-29.5,-29.5,0.0,False,CONTROL_OR_NO_SINGLE_SURVIVOR,,,,,5.0,
2227,2025-09-17 18:00,VALIDATION_SEPTEMBER,DIAGNOSTIC_ONLY_DEGRADED_SOURCE,WEEKDAY_WEAK,1,FIXED_50_ARM_5R,FIXED,4,-59.0,-29.5,-29.5,SELL,BUY,False,-59.0,-29.5,-29.5,0.0,False,CONTROL_OR_NO_SINGLE_SURVIVOR,,,,,5.0,
2227,2025-09-17 18:00,VALIDATION_SEPTEMBER,DIAGNOSTIC_ONLY_DEGRADED_SOURCE,WEEKDAY_WEAK,1,FIXED_65_ARM_5R,FIXED,0,-59.0,-29.5,-29.5,SELL,BUY,False,-59.0,-29.5,-29.5,0.0,False,CONTROL_OR_NO_SINGLE_SURVIVOR,,,,,5.0,
2227,2025-09-17 18:00,VALIDATION_SEPTEMBER,DIAGNOSTIC_ONLY_DEGRADED_SOURCE,WEEKDAY_WEAK,1,FIXED_65_ARM_5R,FIXED,1,-59.0,-29.5,-29.5,SELL,BUY,False,-59.0,-29.5,-29.5,0.0,False,CONTROL_OR_NO_SINGLE_SURVIVOR,,,,,5.0,
2227,2025-09-17 18:00,VALIDATION_SEPTEMBER,DIAGNOSTIC_ONLY_DEGRADED_SOURCE,WEEKDAY_WEAK,1,FIXED_65_ARM_5R,FIXED,2,-59.0,-29.5,-29.5,SELL,BUY,False,-59.0,-29.5,-29.5,0.0,False,CONTROL_OR_NO_SINGLE_SURVIVOR,,,,,5.0,
2227,2025-09-17 18:00,VALIDATION_SEPTEMBER,DIAGNOSTIC_ONLY_DEGRADED_SOURCE,WEEKDAY_WEAK,1,FIXED_65_ARM_5R,FIXED,4,-59.0,-29.5,-29.5,SELL,BUY,False,-59.0,-29.5,-29.5,0.0,False,CONTROL_OR_NO_SINGLE_SURVIVOR,,,,,5.0,
2227,2025-09-17 18:00,VALIDATION_SEPTEMBER,DIAGNOSTIC_ONLY_DEGRADED_SOURCE,WEEKDAY_WEAK,1,FIXED_75_ARM_5R,FIXED,0,-59.0,-29.5,-29.5,SELL,BUY,False,-59.0,-29.5,-29.5,0.0,False,CONTROL_OR_NO_SINGLE_SURVIVOR,,,,,5.0,
2227,2025-09-17 18:00,VALIDATION_SEPTEMBER,DIAGNOSTIC_ONLY_DEGRADED_SOURCE,WEEKDAY_WEAK,1,FIXED_75_ARM_5R,FIXED,1,-59.0,-29.5,-29.5,SELL,BUY,False,-59.0,-29.5,-29.5,0.0,False,CONTROL_OR_NO_SINGLE_SURVIVOR,,,,,5.0,
2227,2025-09-17 18:00,VALIDATION_SEPTEMBER,DIAGNOSTIC_ONLY_DEGRADED_SOURCE,WEEKDAY_WEAK,1,FIXED_75_ARM_5R,FIXED,2,-59.0,-29.5,-29.5,SELL,BUY,False,-59.0,-29.5,-29.5,0.0,False,CONTROL_OR_NO_SINGLE_SURVIVOR,,,,,5.0,
2227,2025-09-17 18:00,VALIDATION_SEPTEMBER,DIAGNOSTIC_ONLY_DEGRADED_SOURCE,WEEKDAY_WEAK,1,FIXED_75_ARM_5R,FIXED,4,-59.0,-29.5,-29.5,SELL,BUY,False,-59.0,-29.5,-29.5,0.0,False,CONTROL_OR_NO_SINGLE_SURVIVOR,,,,,5.0,
2227,2025-09-17 18:00,VALIDATION_SEPTEMBER,DIAGNOSTIC_ONLY_DEGRADED_SOURCE,WEEKDAY_WEAK,1,FIXED_85_ARM_5R,FIXED,0,-59.0,-29.5,-29.5,SELL,BUY,False,-59.0,-29.5,-29.5,0.0,False,CONTROL_OR_NO_SINGLE_SURVIVOR,,,,,5.0,
2227,2025-09-17 18:00,VALIDATION_SEPTEMBER,DIAGNOSTIC_ONLY_DEGRADED_SOURCE,WEEKDAY_WEAK,1,FIXED_85_ARM_5R,FIXED,1,-59.0,-29.5,-29.5,SELL,BUY,False,-59.0,-29.5,-29.5,0.0,False,CONTROL_OR_NO_SINGLE_SURVIVOR,,,,,5.0,
2227,2025-09-17 18:00,VALIDATION_SEPTEMBER,DIAGNOSTIC_ONLY_DEGRADED_SOURCE,WEEKDAY_WEAK,1,FIXED_85_ARM_5R,FIXED,2,-59.0,-29.5,-29.5,SELL,BUY,False,-59.0,-29.5,-29.5,0.0,False,CONTROL_OR_NO_SINGLE_SURVIVOR,,,,,5.0,
2227,2025-09-17 18:00,VALIDATION_SEPTEMBER,DIAGNOSTIC_ONLY_DEGRADED_SOURCE,WEEKDAY_WEAK,1,FIXED_85_ARM_5R,FIXED,4,-59.0,-29.5,-29.5,SELL,BUY,False,-59.0,-29.5,-29.5,0.0,False,CONTROL_OR_NO_SINGLE_SURVIVOR,,,,,5.0,
2227,2025-09-17 18:00,VALIDATION_SEPTEMBER,DIAGNOSTIC_ONLY_DEGRADED_SOURCE,WEEKDAY_WEAK,1,DYNAMIC_FAST_2R_4R_6R_8R,DYNAMIC,0,-59.0,-29.5,-29.5,SELL,BUY,False,-59.0,-29.5,-29.5,0.0,False,CONTROL_OR_NO_SINGLE_SURVIVOR,,,,,2.0,
2227,2025-09-17 18:00,VALIDATION_SEPTEMBER,DIAGNOSTIC_ONLY_DEGRADED_SOURCE,WEEKDAY_WEAK,1,DYNAMIC_FAST_2R_4R_6R_8R,DYNAMIC,1,-59.0,-29.5,-29.5,SELL,BUY,False,-59.0,-29.5,-29.5,0.0,False,CONTROL_OR_NO_SINGLE_SURVIVOR,,,,,2.0,
2227,2025-09-17 18:00,VALIDATION_SEPTEMBER,DIAGNOSTIC_ONLY_DEGRADED_SOURCE,WEEKDAY_WEAK,1,DYNAMIC_FAST_2R_4R_6R_8R,DYNAMIC,2,-59.0,-29.5,-29.5,SELL,BUY,False,-59.0,-29.5,-29.5,0.0,False,CONTROL_OR_NO_SINGLE_SURVIVOR,,,,,2.0,
2227,2025-09-17 18:00,VALIDATION_SEPTEMBER,DIAGNOSTIC_ONLY_DEGRADED_SOURCE,WEEKDAY_WEAK,1,DYNAMIC_FAST_2R_4R_6R_8R,DYNAMIC,4,-59.0,-29.5,-29.5,SELL,BUY,False,-59.0,-29.5,-29.5,0.0,False,CONTROL_OR_NO_SINGLE_SURVIVOR,,,,,2.0,
2227,2025-09-17 18:00,VALIDATION_SEPTEMBER,DIAGNOSTIC_ONLY_DEGRADED_SOURCE,WEEKDAY_WEAK,1,DYNAMIC_BALANCED_3R_5R_8R_12R,DYNAMIC,0,-59.0,-29.5,-29.5,SELL,BUY,False,-59.0,-29.5,-29.5,0.0,False,CONTROL_OR_NO_SINGLE_SURVIVOR,,,,,3.0,
2227,2025-09-17 18:00,VALIDATION_SEPTEMBER,DIAGNOSTIC_ONLY_DEGRADED_SOURCE,WEEKDAY_WEAK,1,DYNAMIC_BALANCED_3R_5R_8R_12R,DYNAMIC,1,-59.0,-29.5,-29.5,SELL,BUY,False,-59.0,-29.5,-29.5,0.0,False,CONTROL_OR_NO_SINGLE_SURVIVOR,,,,,3.0,
2227,2025-09-17 18:00,VALIDATION_SEPTEMBER,DIAGNOSTIC_ONLY_DEGRADED_SOURCE,WEEKDAY_WEAK,1,DYNAMIC_BALANCED_3R_5R_8R_12R,DYNAMIC,2,-59.0,-29.5,-29.5,SELL,BUY,False,-59.0,-29.5,-29.5,0.0,False,CONTROL_OR_NO_SINGLE_SURVIVOR,,,,,3.0,
2227,2025-09-17 18:00,VALIDATION_SEPTEMBER,DIAGNOSTIC_ONLY_DEGRADED_SOURCE,WEEKDAY_WEAK,1,DYNAMIC_BALANCED_3R_5R_8R_12R,DYNAMIC,4,-59.0,-29.5,-29.5,SELL,BUY,False,-59.0,-29.5,-29.5,0.0,False,CONTROL_OR_NO_SINGLE_SURVIVOR,,,,,3.0,
2227,2025-09-17 18:00,VALIDATION_SEPTEMBER,DIAGNOSTIC_ONLY_DEGRADED_SOURCE,WEEKDAY_WEAK,1,DYNAMIC_LOOSE_4R_7R_11R_16R,DYNAMIC,0,-59.0,-29.5,-29.5,SELL,BUY,False,-59.0,-29.5,-29.5,0.0,False,CONTROL_OR_NO_SINGLE_SURVIVOR,,,,,4.0,
2227,2025-09-17 18:00,VALIDATION_SEPTEMBER,DIAGNOSTIC_ONLY_DEGRADED_SOURCE,WEEKDAY_WEAK,1,DYNAMIC_LOOSE_4R_7R_11R_16R,DYNAMIC,1,-59.0,-29.5,-29.5,SELL,BUY,False,-59.0,-29.5,-29.5,0.0,False,CONTROL_OR_NO_SINGLE_SURVIVOR,,,,,4.0,
2227,2025-09-17 18:00,VALIDATION_SEPTEMBER,DIAGNOSTIC_ONLY_DEGRADED_SOURCE,WEEKDAY_WEAK,1,DYNAMIC_LOOSE_4R_7R_11R_16R,DYNAMIC,2,-59.0,-29.5,-29.5,SELL,BUY,False,-59.0,-29.5,-29.5,0.0,False,CONTROL_OR_NO_SINGLE_SURVIVOR,,,,,4.0,
2227,2025-09-17 18:00,VALIDATION_SEPTEMBER,DIAGNOSTIC_ONLY_DEGRADED_SOURCE,WEEKDAY_WEAK,1,DYNAMIC_LOOSE_4R_7R_11R_16R,DYNAMIC,4,-59.0,-29.5,-29.5,SELL,BUY,False,-59.0,-29.5,-29.5,0.0,False,CONTROL_OR_NO_SINGLE_SURVIVOR,,,,,4.0,
2227,2025-09-17 18:00,VALIDATION_SEPTEMBER,DIAGNOSTIC_ONLY_DEGRADED_SOURCE,WEEKDAY_WEAK,1,ADAPTIVE_VOL_ARM_3R,ADAPTIVE,0,-59.0,-29.5,-29.5,SELL,BUY,False,-59.0,-29.5,-29.5,0.0,False,CONTROL_OR_NO_SINGLE_SURVIVOR,,,,,3.0,
2227,2025-09-17 18:00,VALIDATION_SEPTEMBER,DIAGNOSTIC_ONLY_DEGRADED_SOURCE,WEEKDAY_WEAK,1,ADAPTIVE_VOL_ARM_3R,ADAPTIVE,1,-59.0,-29.5,-29.5,SELL,BUY,False,-59.0,-29.5,-29.5,0.0,False,CONTROL_OR_NO_SINGLE_SURVIVOR,,,,,3.0,
2227,2025-09-17 18:00,VALIDATION_SEPTEMBER,DIAGNOSTIC_ONLY_DEGRADED_SOURCE,WEEKDAY_WEAK,1,ADAPTIVE_VOL_ARM_3R,ADAPTIVE,2,-59.0,-29.5,-29.5,SELL,BUY,False,-59.0,-29.5,-29.5,0.0,False,CONTROL_OR_NO_SINGLE_SURVIVOR,,,,,3.0,
2227,2025-09-17 18:00,VALIDATION_SEPTEMBER,DIAGNOSTIC_ONLY_DEGRADED_SOURCE,WEEKDAY_WEAK,1,ADAPTIVE_VOL_ARM_3R,ADAPTIVE,4,-59.0,-29.5,-29.5,SELL,BUY,False,-59.0,-29.5,-29.5,0.0,False,CONTROL_OR_NO_SINGLE_SURVIVOR,,,,,3.0,
2227,2025-09-17 18:00,VALIDATION_SEPTEMBER,DIAGNOSTIC_ONLY_DEGRADED_SOURCE,WEEKDAY_WEAK,1,ADAPTIVE_VOL_ARM_4R,ADAPTIVE,0,-59.0,-29.5,-29.5,SELL,BUY,False,-59.0,-29.5,-29.5,0.0,False,CONTROL_OR_NO_SINGLE_SURVIVOR,,,,,4.0,
2227,2025-09-17 18:00,VALIDATION_SEPTEMBER,DIAGNOSTIC_ONLY_DEGRADED_SOURCE,WEEKDAY_WEAK,1,ADAPTIVE_VOL_ARM_4R,ADAPTIVE,1,-59.0,-29.5,-29.5,SELL,BUY,False,-59.0,-29.5,-29.5,0.0,False,CONTROL_OR_NO_SINGLE_SURVIVOR,,,,,4.0,
2227,2025-09-17 18:00,VALIDATION_SEPTEMBER,DIAGNOSTIC_ONLY_DEGRADED_SOURCE,WEEKDAY_WEAK,1,ADAPTIVE_VOL_ARM_4R,ADAPTIVE,2,-59.0,-29.5,-29.5,SELL,BUY,False,-59.0,-29.5,-29.5,0.0,False,CONTROL_OR_NO_SINGLE_SURVIVOR,,,,,4.0,
2227,2025-09-17 18:00,VALIDATION_SEPTEMBER,DIAGNOSTIC_ONLY_DEGRADED_SOURCE,WEEKDAY_WEAK,1,ADAPTIVE_VOL_ARM_4R,ADAPTIVE,4,-59.0,-29.5,-29.5,SELL,BUY,False,-59.0,-29.5,-29.5,0.0,False,CONTROL_OR_NO_SINGLE_SURVIVOR,,,,,4.0,
2228,2025-09-18 09:30,VALIDATION_SEPTEMBER,VALIDATED_SOURCE,NY,2,CONTROL_NO_PAIR_FLOOR,CONTROL,0,572.0,-59.0,631.0,SELL,BUY,True,572.0,-59.0,631.0,0.0,False,CONTROL_OR_NO_SINGLE_SURVIVOR,,,,,999.0,
2228,2025-09-18 09:30,VALIDATION_SEPTEMBER,VALIDATED_SOURCE,NY,2,CONTROL_NO_PAIR_FLOOR,CONTROL,1,572.0,-59.0,631.0,SELL,BUY,True,572.0,-59.0,631.0,0.0,False,CONTROL_OR_NO_SINGLE_SURVIVOR,,,,,999.0,
2228,2025-09-18 09:30,VALIDATION_SEPTEMBER,VALIDATED_SOURCE,NY,2,CONTROL_NO_PAIR_FLOOR,CONTROL,2,572.0,-59.0,631.0,SELL,BUY,True,572.0,-59.0,631.0,0.0,False,CONTROL_OR_NO_SINGLE_SURVIVOR,,,,,999.0,
2228,2025-09-18 09:30,VALIDATION_SEPTEMBER,VALIDATED_SOURCE,NY,2,CONTROL_NO_PAIR_FLOOR,CONTROL,4,572.0,-59.0,631.0,SELL,BUY,True,572.0,-59.0,631.0,0.0,False,CONTROL_OR_NO_SINGLE_SURVIVOR,,,,,999.0,
2228,2025-09-18 09:30,VALIDATION_SEPTEMBER,VALIDATED_SOURCE,NY,2,FIXED_50_ARM_2R,FIXED,0,572.0,-59.0,631.0,SELL,BUY,True,42.0,-59.0,101.0,-530.0,True,PAIR_PROTECTED_FLOOR,2025-09-18T13:30:00.985828775+00:00,24676.5,142.0,71.0,2.0,0.5
2228,2025-09-18 09:30,VALIDATION_SEPTEMBER,VALIDATED_SOURCE,NY,2,FIXED_50_ARM_2R,FIXED,1,572.0,-59.0,631.0,SELL,BUY,True,32.0,-59.0,91.0,-540.0,True,PAIR_PROTECTED_FLOOR,2025-09-18T13:30:00.985828775+00:00,24676.75,142.0,71.0,2.0,0.5
2228,2025-09-18 09:30,VALIDATION_SEPTEMBER,VALIDATED_SOURCE,NY,2,FIXED_50_ARM_2R,FIXED,2,572.0,-59.0,631.0,SELL,BUY,True,22.0,-59.0,81.0,-550.0,True,PAIR_PROTECTED_FLOOR,2025-09-18T13:30:00.985828775+00:00,24677.0,142.0,71.0,2.0,0.5
2228,2025-09-18 09:30,VALIDATION_SEPTEMBER,VALIDATED_SOURCE,NY,2,FIXED_50_ARM_2R,FIXED,4,572.0,-59.0,631.0,SELL,BUY,True,2.0,-59.0,61.0,-570.0,True,PAIR_PROTECTED_FLOOR,2025-09-18T13:30:00.985828775+00:00,24677.5,142.0,71.0,2.0,0.5
2228,2025-09-18 09:30,VALIDATION_SEPTEMBER,VALIDATED_SOURCE,NY,2,FIXED_65_ARM_2R,FIXED,0,572.0,-59.0,631.0,SELL,BUY,True,92.0,-59.0,151.0,-480.0,True,PAIR_PROTECTED_FLOOR,2025-09-18T13:30:00.899400869+00:00,24675.25,142.0,92.3,2.0,0.65
2228,2025-09-18 09:30,VALIDATION_SEPTEMBER,VALIDATED_SOURCE,NY,2,FIXED_65_ARM_2R,FIXED,1,572.0,-59.0,631.0,SELL,BUY,True,82.0,-59.0,141.0,-490.0,True,PAIR_PROTECTED_FLOOR,2025-09-18T13:30:00.899400869+00:00,24675.5,142.0,92.3,2.0,0.65
2228,2025-09-18 09:30,VALIDATION_SEPTEMBER,VALIDATED_SOURCE,NY,2,FIXED_65_ARM_2R,FIXED,2,572.0,-59.0,631.0,SELL,BUY,True,72.0,-59.0,131.0,-500.0,True,PAIR_PROTECTED_FLOOR,2025-09-18T13:30:00.899400869+00:00,24675.75,142.0,92.3,2.0,0.65
2228,2025-09-18 09:30,VALIDATION_SEPTEMBER,VALIDATED_SOURCE,NY,2,FIXED_65_ARM_2R,FIXED,4,572.0,-59.0,631.0,SELL,BUY,True,52.0,-59.0,111.0,-520.0,True,PAIR_PROTECTED_FLOOR,2025-09-18T13:30:00.899400869+00:00,24676.25,142.0,92.3,2.0,0.65
2228,2025-09-18 09:30,VALIDATION_SEPTEMBER,VALIDATED_SOURCE,NY,2,FIXED_75_ARM_2R,FIXED,0,572.0,-59.0,631.0,SELL,BUY,True,92.0,-59.0,151.0,-480.0,True,PAIR_PROTECTED_FLOOR,2025-09-18T13:30:00.899400869+00:00,24675.25,142.0,106.5,2.0,0.75
2228,2025-09-18 09:30,VALIDATION_SEPTEMBER,VALIDATED_SOURCE,NY,2,FIXED_75_ARM_2R,FIXED,1,572.0,-59.0,631.0,SELL,BUY,True,82.0,-59.0,141.0,-490.0,True,PAIR_PROTECTED_FLOOR,2025-09-18T13:30:00.899400869+00:00,24675.5,142.0,106.5,2.0,0.75
2228,2025-09-18 09:30,VALIDATION_SEPTEMBER,VALIDATED_SOURCE,NY,2,FIXED_75_ARM_2R,FIXED,2,572.0,-59.0,631.0,SELL,BUY,True,72.0,-59.0,131.0,-500.0,True,PAIR_PROTECTED_FLOOR,2025-09-18T13:30:00.899400869+00:00,24675.75,142.0,106.5,2.0,0.75
2228,2025-09-18 09:30,VALIDATION_SEPTEMBER,VALIDATED_SOURCE,NY,2,FIXED_75_ARM_2R,FIXED,4,572.0,-59.0,631.0,SELL,BUY,True,52.0,-59.0,111.0,-520.0,True,PAIR_PROTECTED_FLOOR,2025-09-18T13:30:00.899400869+00:00,24676.25,142.0,106.5,2.0,0.75
2228,2025-09-18 09:30,VALIDATION_SEPTEMBER,VALIDATED_SOURCE,NY,2,FIXED_85_ARM_2R,FIXED,0,572.0,-59.0,631.0,SELL,BUY,True,112.0,-59.0,171.0,-460.0,True,PAIR_PROTECTED_FLOOR,2025-09-18T13:30:00.898096955+00:00,24674.75,142.0,120.7,2.0,0.85
2228,2025-09-18 09:30,VALIDATION_SEPTEMBER,VALIDATED_SOURCE,NY,2,FIXED_85_ARM_2R,FIXED,1,572.0,-59.0,631.0,SELL,BUY,True,102.0,-59.0,161.0,-470.0,True,PAIR_PROTECTED_FLOOR,2025-09-18T13:30:00.898096955+00:00,24675.0,142.0,120.7,2.0,0.85
2228,2025-09-18 09:30,VALIDATION_SEPTEMBER,VALIDATED_SOURCE,NY,2,FIXED_85_ARM_2R,FIXED,2,572.0,-59.0,631.0,SELL,BUY,True,92.0,-59.0,151.0,-480.0,True,PAIR_PROTECTED_FLOOR,2025-09-18T13:30:00.898096955+00:00,24675.25,142.0,120.7,2.0,0.85
2228,2025-09-18 09:30,VALIDATION_SEPTEMBER,VALIDATED_SOURCE,NY,2,FIXED_85_ARM_2R,FIXED,4,572.0,-59.0,631.0,SELL,BUY,True,72.0,-59.0,131.0,-500.0,True,PAIR_PROTECTED_FLOOR,2025-09-18T13:30:00.898096955+00:00,24675.75,142.0,120.7,2.0,0.85
2228,2025-09-18 09:30,VALIDATION_SEPTEMBER,VALIDATED_SOURCE,NY,2,FIXED_50_ARM_3R,FIXED,0,572.0,-59.0,631.0,SELL,BUY,True,162.0,-59.0,221.0,-410.0,True,PAIR_PROTECTED_FLOOR,2025-09-18T13:30:02.063383487+00:00,24673.5,332.0,166.0,3.0,0.5
2228,2025-09-18 09:30,VALIDATION_SEPTEMBER,VALIDATED_SOURCE,NY,2,FIXED_50_ARM_3R,FIXED,1,572.0,-59.0,631.0,SELL,BUY,True,152.0,-59.0,211.0,-420.0,True,PAIR_PROTECTED_FLOOR,2025-09-18T13:30:02.063383487+00:00,24673.75,332.0,166.0,3.0,0.5
2228,2025-09-18 09:30,VALIDATION_SEPTEMBER,VALIDATED_SOURCE,NY,2,FIXED_50_ARM_3R,FIXED,2,572.0,-59.0,631.0,SELL,BUY,True,142.0,-59.0,201.0,-430.0,True,PAIR_PROTECTED_FLOOR,2025-09-18T13:30:02.063383487+00:00,24674.0,332.0,166.0,3.0,0.5
2228,2025-09-18 09:30,VALIDATION_SEPTEMBER,VALIDATED_SOURCE,NY,2,FIXED_50_ARM_3R,FIXED,4,572.0,-59.0,631.0,SELL,BUY,True,122.0,-59.0,181.0,-450.0,True,PAIR_PROTECTED_FLOOR,2025-09-18T13:30:02.063383487+00:00,24674.5,332.0,166.0,3.0,0.5
2228,2025-09-18 09:30,VALIDATION_SEPTEMBER,VALIDATED_SOURCE,NY,2,FIXED_65_ARM_3R,FIXED,0,572.0,-59.0,631.0,SELL,BUY,True,132.0,-59.0,191.0,-440.0,True,PAIR_PROTECTED_FLOOR,2025-09-18T13:30:01.365667485+00:00,24674.25,212.0,137.8,3.0,0.65
2228,2025-09-18 09:30,VALIDATION_SEPTEMBER,VALIDATED_SOURCE,NY,2,FIXED_65_ARM_3R,FIXED,1,572.0,-59.0,631.0,SELL,BUY,True,122.0,-59.0,181.0,-450.0,True,PAIR_PROTECTED_FLOOR,2025-09-18T13:30:01.365667485+00:00,24674.5,212.0,137.8,3.0,0.65
2228,2025-09-18 09:30,VALIDATION_SEPTEMBER,VALIDATED_SOURCE,NY,2,FIXED_65_ARM_3R,FIXED,2,572.0,-59.0,631.0,SELL,BUY,True,112.0,-59.0,171.0,-460.0,True,PAIR_PROTECTED_FLOOR,2025-09-18T13:30:01.365667485+00:00,24674.75,212.0,137.8,3.0,0.65
2228,2025-09-18 09:30,VALIDATION_SEPTEMBER,VALIDATED_SOURCE,NY,2,FIXED_65_ARM_3R,FIXED,4,572.0,-59.0,631.0,SELL,BUY,True,92.0,-59.0,151.0,-480.0,True,PAIR_PROTECTED_FLOOR,2025-09-18T13:30:01.365667485+00:00,24675.25,212.0,137.8,3.0,0.65
2228,2025-09-18 09:30,VALIDATION_SEPTEMBER,VALIDATED_SOURCE,NY,2,FIXED_75_ARM_3R,FIXED,0,572.0,-59.0,631.0,SELL,BUY,True,152.0,-59.0,211.0,-420.0,True,PAIR_PROTECTED_FLOOR,2025-09-18T13:30:01.170528501+00:00,24673.75,212.0,159.0,3.0,0.75
2228,2025-09-18 09:30,VALIDATION_SEPTEMBER,VALIDATED_SOURCE,NY,2,FIXED_75_ARM_3R,FIXED,1,572.0,-59.0,631.0,SELL,BUY,True,142.0,-59.0,201.0,-430.0,True,PAIR_PROTECTED_FLOOR,2025-09-18T13:30:01.170528501+00:00,24674.0,212.0,159.0,3.0,0.75
2228,2025-09-18 09:30,VALIDATION_SEPTEMBER,VALIDATED_SOURCE,NY,2,FIXED_75_ARM_3R,FIXED,2,572.0,-59.0,631.0,SELL,BUY,True,132.0,-59.0,191.0,-440.0,True,PAIR_PROTECTED_FLOOR,2025-09-18T13:30:01.170528501+00:00,24674.25,212.0,159.0,3.0,0.75
2228,2025-09-18 09:30,VALIDATION_SEPTEMBER,VALIDATED_SOURCE,NY,2,FIXED_75_ARM_3R,FIXED,4,572.0,-59.0,631.0,SELL,BUY,True,112.0,-59.0,171.0,-460.0,True,PAIR_PROTECTED_FLOOR,2025-09-18T13:30:01.170528501+00:00,24674.75,212.0,159.0,3.0,0.75
2228,2025-09-18 09:30,VALIDATION_SEPTEMBER,VALIDATED_SOURCE,NY,2,FIXED_85_ARM_3R,FIXED,0,572.0,-59.0,631.0,SELL,BUY,True,162.0,-59.0,221.0,-410.0,True,PAIR_PROTECTED_FLOOR,2025-09-18T13:30:01.122939497+00:00,24673.5,192.0,163.2,3.0,0.85
2228,2025-09-18 09:30,VALIDATION_SEPTEMBER,VALIDATED_SOURCE,NY,2,FIXED_85_ARM_3R,FIXED,1,572.0,-59.0,631.0,SELL,BUY,True,152.0,-59.0,211.0,-420.0,True,PAIR_PROTECTED_FLOOR,2025-09-18T13:30:01.122939497+00:00,24673.75,192.0,163.2,3.0,0.85
2228,2025-09-18 09:30,VALIDATION_SEPTEMBER,VALIDATED_SOURCE,NY,2,FIXED_85_ARM_3R,FIXED,2,572.0,-59.0,631.0,SELL,BUY,True,142.0,-59.0,201.0,-430.0,True,PAIR_PROTECTED_FLOOR,2025-09-18T13:30:01.122939497+00:00,24674.0,192.0,163.2,3.0,0.85
2228,2025-09-18 09:30,VALIDATION_SEPTEMBER,VALIDATED_SOURCE,NY,2,FIXED_85_ARM_3R,FIXED,4,572.0,-59.0,631.0,SELL,BUY,True,122.0,-59.0,181.0,-450.0,True,PAIR_PROTECTED_FLOOR,2025-09-18T13:30:01.122939497+00:00,24674.5,192.0,163.2,3.0,0.85
2228,2025-09-18 09:30,VALIDATION_SEPTEMBER,VALIDATED_SOURCE,NY,2,FIXED_50_ARM_4R,FIXED,0,572.0,-59.0,631.0,SELL,BUY,True,162.0,-59.0,221.0,-410.0,True,PAIR_PROTECTED_FLOOR,2025-09-18T13:30:02.063383487+00:00,24673.5,332.0,166.0,4.0,0.5
2228,2025-09-18 09:30,VALIDATION_SEPTEMBER,VALIDATED_SOURCE,NY,2,FIXED_50_ARM_4R,FIXED,1,572.0,-59.0,631.0,SELL,BUY,True,152.0,-59.0,211.0,-420.0,True,PAIR_PROTECTED_FLOOR,2025-09-18T13:30:02.063383487+00:00,24673.75,332.0,166.0,4.0,0.5
2228,2025-09-18 09:30,VALIDATION_SEPTEMBER,VALIDATED_SOURCE,NY,2,FIXED_50_ARM_4R,FIXED,2,572.0,-59.0,631.0,SELL,BUY,True,142.0,-59.0,201.0,-430.0,True,PAIR_PROTECTED_FLOOR,2025-09-18T13:30:02.063383487+00:00,24674.0,332.0,166.0,4.0,0.5
2228,2025-09-18 09:30,VALIDATION_SEPTEMBER,VALIDATED_SOURCE,NY,2,FIXED_50_ARM_4R,FIXED,4,572.0,-59.0,631.0,SELL,BUY,True,122.0,-59.0,181.0,-450.0,True,PAIR_PROTECTED_FLOOR,2025-09-18T13:30:02.063383487+00:00,24674.5,332.0,166.0,4.0,0.5
2228,2025-09-18 09:30,VALIDATION_SEPTEMBER,VALIDATED_SOURCE,NY,2,FIXED_65_ARM_4R,FIXED,0,572.0,-59.0,631.0,SELL,BUY,True,212.0,-59.0,271.0,-360.0,True,PAIR_PROTECTED_FLOOR,2025-09-18T13:30:02.029522131+00:00,24672.25,332.0,215.8,4.0,0.65
2228,2025-09-18 09:30,VALIDATION_SEPTEMBER,VALIDATED_SOURCE,NY,2,FIXED_65_ARM_4R,FIXED,1,572.0,-59.0,631.0,SELL,BUY,True,202.0,-59.0,261.0,-370.0,True,PAIR_PROTECTED_FLOOR,2025-09-18T13:30:02.029522131+00:00,24672.5,332.0,215.8,4.0,0.65
2228,2025-09-18 09:30,VALIDATION_SEPTEMBER,VALIDATED_SOURCE,NY,2,FIXED_65_ARM_4R,FIXED,2,572.0,-59.0,631.0,SELL,BUY,True,192.0,-59.0,251.0,-380.0,True,PAIR_PROTECTED_FLOOR,2025-09-18T13:30:02.029522131+00:00,24672.75,332.0,215.8,4.0,0.65
2228,2025-09-18 09:30,VALIDATION_SEPTEMBER,VALIDATED_SOURCE,NY,2,FIXED_65_ARM_4R,FIXED,4,572.0,-59.0,631.0,SELL,BUY,True,172.0,-59.0,231.0,-400.0,True,PAIR_PROTECTED_FLOOR,2025-09-18T13:30:02.029522131+00:00,24673.25,332.0,215.8,4.0,0.65
2228,2025-09-18 09:30,VALIDATION_SEPTEMBER,VALIDATED_SOURCE,NY,2,FIXED_75_ARM_4R,FIXED,0,572.0,-59.0,631.0,SELL,BUY,True,232.0,-59.0,291.0,-340.0,True,PAIR_PROTECTED_FLOOR,2025-09-18T13:30:01.845000457+00:00,24671.75,312.0,234.0,4.0,0.75
2228,2025-09-18 09:30,VALIDATION_SEPTEMBER,VALIDATED_SOURCE,NY,2,FIXED_75_ARM_4R,FIXED,1,572.0,-59.0,631.0,SELL,BUY,True,222.0,-59.0,281.0,-350.0,True,PAIR_PROTECTED_FLOOR,2025-09-18T13:30:01.845000457+00:00,24672.0,312.0,234.0,4.0,0.75
2228,2025-09-18 09:30,VALIDATION_SEPTEMBER,VALIDATED_SOURCE,NY,2,FIXED_75_ARM_4R,FIXED,2,572.0,-59.0,631.0,SELL,BUY,True,212.0,-59.0,271.0,-360.0,True,PAIR_PROTECTED_FLOOR,2025-09-18T13:30:01.845000457+00:00,24672.25,312.0,234.0,4.0,0.75
2228,2025-09-18 09:30,VALIDATION_SEPTEMBER,VALIDATED_SOURCE,NY,2,FIXED_75_ARM_4R,FIXED,4,572.0,-59.0,631.0,SELL,BUY,True,192.0,-59.0,251.0,-380.0,True,PAIR_PROTECTED_FLOOR,2025-09-18T13:30:01.845000457+00:00,24672.75,312.0,234.0,4.0,0.75
2228,2025-09-18 09:30,VALIDATION_SEPTEMBER,VALIDATED_SOURCE,NY,2,FIXED_85_ARM_4R,FIXED,0,572.0,-59.0,631.0,SELL,BUY,True,262.0,-59.0,321.0,-310.0,True,PAIR_PROTECTED_FLOOR,2025-09-18T13:30:01.766102871+00:00,24671.0,312.0,265.2,4.0,0.85
2228,2025-09-18 09:30,VALIDATION_SEPTEMBER,VALIDATED_SOURCE,NY,2,FIXED_85_ARM_4R,FIXED,1,572.0,-59.0,631.0,SELL,BUY,True,252.0,-59.0,311.0,-320.0,True,PAIR_PROTECTED_FLOOR,2025-09-18T13:30:01.766102871+00:00,24671.25,312.0,265.2,4.0,0.85
2228,2025-09-18 09:30,VALIDATION_SEPTEMBER,VALIDATED_SOURCE,NY,2,FIXED_85_ARM_4R,FIXED,2,572.0,-59.0,631.0,SELL,BUY,True,242.0,-59.0,301.0,-330.0,True,PAIR_PROTECTED_FLOOR,2025-09-18T13:30:01.766102871+00:00,24671.5,312.0,265.2,4.0,0.85
2228,2025-09-18 09:30,VALIDATION_SEPTEMBER,VALIDATED_SOURCE,NY,2,FIXED_85_ARM_4R,FIXED,4,572.0,-59.0,631.0,SELL,BUY,True,222.0,-59.0,281.0,-350.0,True,PAIR_PROTECTED_FLOOR,2025-09-18T13:30:01.766102871+00:00,24672.0,312.0,265.2,4.0,0.85
2228,2025-09-18 09:30,VALIDATION_SEPTEMBER,VALIDATED_SOURCE,NY,2,FIXED_50_ARM_5R,FIXED,0,572.0,-59.0,631.0,SELL,BUY,True,162.0,-59.0,221.0,-410.0,True,PAIR_PROTECTED_FLOOR,2025-09-18T13:30:02.063383487+00:00,24673.5,332.0,166.0,5.0,0.5
2228,2025-09-18 09:30,VALIDATION_SEPTEMBER,VALIDATED_SOURCE,NY,2,FIXED_50_ARM_5R,FIXED,1,572.0,-59.0,631.0,SELL,BUY,True,152.0,-59.0,211.0,-420.0,True,PAIR_PROTECTED_FLOOR,2025-09-18T13:30:02.063383487+00:00,24673.75,332.0,166.0,5.0,0.5
2228,2025-09-18 09:30,VALIDATION_SEPTEMBER,VALIDATED_SOURCE,NY,2,FIXED_50_ARM_5R,FIXED,2,572.0,-59.0,631.0,SELL,BUY,True,142.0,-59.0,201.0,-430.0,True,PAIR_PROTECTED_FLOOR,2025-09-18T13:30:02.063383487+00:00,24674.0,332.0,166.0,5.0,0.5
2228,2025-09-18 09:30,VALIDATION_SEPTEMBER,VALIDATED_SOURCE,NY,2,FIXED_50_ARM_5R,FIXED,4,572.0,-59.0,631.0,SELL,BUY,True,122.0,-59.0,181.0,-450.0,True,PAIR_PROTECTED_FLOOR,2025-09-18T13:30:02.063383487+00:00,24674.5,332.0,166.0,5.0,0.5
2228,2025-09-18 09:30,VALIDATION_SEPTEMBER,VALIDATED_SOURCE,NY,2,FIXED_65_ARM_5R,FIXED,0,572.0,-59.0,631.0,SELL,BUY,True,212.0,-59.0,271.0,-360.0,True,PAIR_PROTECTED_FLOOR,2025-09-18T13:30:02.029522131+00:00,24672.25,332.0,215.8,5.0,0.65
2228,2025-09-18 09:30,VALIDATION_SEPTEMBER,VALIDATED_SOURCE,NY,2,FIXED_65_ARM_5R,FIXED,1,572.0,-59.0,631.0,SELL,BUY,True,202.0,-59.0,261.0,-370.0,True,PAIR_PROTECTED_FLOOR,2025-09-18T13:30:02.029522131+00:00,24672.5,332.0,215.8,5.0,0.65
2228,2025-09-18 09:30,VALIDATION_SEPTEMBER,VALIDATED_SOURCE,NY,2,FIXED_65_ARM_5R,FIXED,2,572.0,-59.0,631.0,SELL,BUY,True,192.0,-59.0,251.0,-380.0,True,PAIR_PROTECTED_FLOOR,2025-09-18T13:30:02.029522131+00:00,24672.75,332.0,215.8,5.0,0.65
2228,2025-09-18 09:30,VALIDATION_SEPTEMBER,VALIDATED_SOURCE,NY,2,FIXED_65_ARM_5R,FIXED,4,572.0,-59.0,631.0,SELL,BUY,True,172.0,-59.0,231.0,-400.0,True,PAIR_PROTECTED_FLOOR,2025-09-18T13:30:02.029522131+00:00,24673.25,332.0,215.8,5.0,0.65
2228,2025-09-18 09:30,VALIDATION_SEPTEMBER,VALIDATED_SOURCE,NY,2,FIXED_75_ARM_5R,FIXED,0,572.0,-59.0,631.0,SELL,BUY,True,232.0,-59.0,291.0,-340.0,True,PAIR_PROTECTED_FLOOR,2025-09-18T13:30:01.845000457+00:00,24671.75,312.0,234.0,5.0,0.75
2228,2025-09-18 09:30,VALIDATION_SEPTEMBER,VALIDATED_SOURCE,NY,2,FIXED_75_ARM_5R,FIXED,1,572.0,-59.0,631.0,SELL,BUY,True,222.0,-59.0,281.0,-350.0,True,PAIR_PROTECTED_FLOOR,2025-09-18T13:30:01.845000457+00:00,24672.0,312.0,234.0,5.0,0.75
2228,2025-09-18 09:30,VALIDATION_SEPTEMBER,VALIDATED_SOURCE,NY,2,FIXED_75_ARM_5R,FIXED,2,572.0,-59.0,631.0,SELL,BUY,True,212.0,-59.0,271.0,-360.0,True,PAIR_PROTECTED_FLOOR,2025-09-18T13:30:01.845000457+00:00,24672.25,312.0,234.0,5.0,0.75
2228,2025-09-18 09:30,VALIDATION_SEPTEMBER,VALIDATED_SOURCE,NY,2,FIXED_75_ARM_5R,FIXED,4,572.0,-59.0,631.0,SELL,BUY,True,192.0,-59.0,251.0,-380.0,True,PAIR_PROTECTED_FLOOR,2025-09-18T13:30:01.845000457+00:00,24672.75,312.0,234.0,5.0,0.75
2228,2025-09-18 09:30,VALIDATION_SEPTEMBER,VALIDATED_SOURCE,NY,2,FIXED_85_ARM_5R,FIXED,0,572.0,-59.0,631.0,SELL,BUY,True,262.0,-59.0,321.0,-310.0,True,PAIR_PROTECTED_FLOOR,2025-09-18T13:30:01.766102871+00:00,24671.0,312.0,265.2,5.0,0.85
2228,2025-09-18 09:30,VALIDATION_SEPTEMBER,VALIDATED_SOURCE,NY,2,FIXED_85_ARM_5R,FIXED,1,572.0,-59.0,631.0,SELL,BUY,True,252.0,-59.0,311.0,-320.0,True,PAIR_PROTECTED_FLOOR,2025-09-18T13:30:01.766102871+00:00,24671.25,312.0,265.2,5.0,0.85
2228,2025-09-18 09:30,VALIDATION_SEPTEMBER,VALIDATED_SOURCE,NY,2,FIXED_85_ARM_5R,FIXED,2,572.0,-59.0,631.0,SELL,BUY,True,242.0,-59.0,301.0,-330.0,True,PAIR_PROTECTED_FLOOR,2025-09-18T13:30:01.766102871+00:00,24671.5,312.0,265.2,5.0,0.85
2228,2025-09-18 09:30,VALIDATION_SEPTEMBER,VALIDATED_SOURCE,NY,2,FIXED_85_ARM_5R,FIXED,4,572.0,-59.0,631.0,SELL,BUY,True,222.0,-59.0,281.0,-350.0,True,PAIR_PROTECTED_FLOOR,2025-09-18T13:30:01.766102871+00:00,24672.0,312.0,265.2,5.0,0.85
2228,2025-09-18 09:30,VALIDATION_SEPTEMBER,VALIDATED_SOURCE,NY,2,DYNAMIC_FAST_2R_4R_6R_8R,DYNAMIC,0,572.0,-59.0,631.0,SELL,BUY,True,42.0,-59.0,101.0,-530.0,True,PAIR_PROTECTED_FLOOR,2025-09-18T13:30:00.985828775+00:00,24676.5,142.0,71.0,2.0,0.5
2228,2025-09-18 09:30,VALIDATION_SEPTEMBER,VALIDATED_SOURCE,NY,2,DYNAMIC_FAST_2R_4R_6R_8R,DYNAMIC,1,572.0,-59.0,631.0,SELL,BUY,True,32.0,-59.0,91.0,-540.0,True,PAIR_PROTECTED_FLOOR,2025-09-18T13:30:00.985828775+00:00,24676.75,142.0,71.0,2.0,0.5
2228,2025-09-18 09:30,VALIDATION_SEPTEMBER,VALIDATED_SOURCE,NY,2,DYNAMIC_FAST_2R_4R_6R_8R,DYNAMIC,2,572.0,-59.0,631.0,SELL,BUY,True,22.0,-59.0,81.0,-550.0,True,PAIR_PROTECTED_FLOOR,2025-09-18T13:30:00.985828775+00:00,24677.0,142.0,71.0,2.0,0.5
2228,2025-09-18 09:30,VALIDATION_SEPTEMBER,VALIDATED_SOURCE,NY,2,DYNAMIC_FAST_2R_4R_6R_8R,DYNAMIC,4,572.0,-59.0,631.0,SELL,BUY,True,2.0,-59.0,61.0,-570.0,True,PAIR_PROTECTED_FLOOR,2025-09-18T13:30:00.985828775+00:00,24677.5,142.0,71.0,2.0,0.5
2228,2025-09-18 09:30,VALIDATION_SEPTEMBER,VALIDATED_SOURCE,NY,2,DYNAMIC_BALANCED_3R_5R_8R_12R,DYNAMIC,0,572.0,-59.0,631.0,SELL,BUY,True,212.0,-59.0,271.0,-360.0,True,PAIR_PROTECTED_FLOOR,2025-09-18T13:30:02.029522131+00:00,24672.25,332.0,215.8,3.0,0.65
2228,2025-09-18 09:30,VALIDATION_SEPTEMBER,VALIDATED_SOURCE,NY,2,DYNAMIC_BALANCED_3R_5R_8R_12R,DYNAMIC,1,572.0,-59.0,631.0,SELL,BUY,True,202.0,-59.0,261.0,-370.0,True,PAIR_PROTECTED_FLOOR,2025-09-18T13:30:02.029522131+00:00,24672.5,332.0,215.8,3.0,0.65
2228,2025-09-18 09:30,VALIDATION_SEPTEMBER,VALIDATED_SOURCE,NY,2,DYNAMIC_BALANCED_3R_5R_8R_12R,DYNAMIC,2,572.0,-59.0,631.0,SELL,BUY,True,192.0,-59.0,251.0,-380.0,True,PAIR_PROTECTED_FLOOR,2025-09-18T13:30:02.029522131+00:00,24672.75,332.0,215.8,3.0,0.65
2228,2025-09-18 09:30,VALIDATION_SEPTEMBER,VALIDATED_SOURCE,NY,2,DYNAMIC_BALANCED_3R_5R_8R_12R,DYNAMIC,4,572.0,-59.0,631.0,SELL,BUY,True,172.0,-59.0,231.0,-400.0,True,PAIR_PROTECTED_FLOOR,2025-09-18T13:30:02.029522131+00:00,24673.25,332.0,215.8,3.0,0.65
2228,2025-09-18 09:30,VALIDATION_SEPTEMBER,VALIDATED_SOURCE,NY,2,DYNAMIC_LOOSE_4R_7R_11R_16R,DYNAMIC,0,572.0,-59.0,631.0,SELL,BUY,True,162.0,-59.0,221.0,-410.0,True,PAIR_PROTECTED_FLOOR,2025-09-18T13:30:02.063383487+00:00,24673.5,332.0,166.0,4.0,0.5
2228,2025-09-18 09:30,VALIDATION_SEPTEMBER,VALIDATED_SOURCE,NY,2,DYNAMIC_LOOSE_4R_7R_11R_16R,DYNAMIC,1,572.0,-59.0,631.0,SELL,BUY,True,152.0,-59.0,211.0,-420.0,True,PAIR_PROTECTED_FLOOR,2025-09-18T13:30:02.063383487+00:00,24673.75,332.0,166.0,4.0,0.5
2228,2025-09-18 09:30,VALIDATION_SEPTEMBER,VALIDATED_SOURCE,NY,2,DYNAMIC_LOOSE_4R_7R_11R_16R,DYNAMIC,2,572.0,-59.0,631.0,SELL,BUY,True,142.0,-59.0,201.0,-430.0,True,PAIR_PROTECTED_FLOOR,2025-09-18T13:30:02.063383487+00:00,24674.0,332.0,166.0,4.0,0.5
2228,2025-09-18 09:30,VALIDATION_SEPTEMBER,VALIDATED_SOURCE,NY,2,DYNAMIC_LOOSE_4R_7R_11R_16R,DYNAMIC,4,572.0,-59.0,631.0,SELL,BUY,True,122.0,-59.0,181.0,-450.0,True,PAIR_PROTECTED_FLOOR,2025-09-18T13:30:02.063383487+00:00,24674.5,332.0,166.0,4.0,0.5
2228,2025-09-18 09:30,VALIDATION_SEPTEMBER,VALIDATED_SOURCE,NY,2,ADAPTIVE_VOL_ARM_3R,ADAPTIVE,0,572.0,-59.0,631.0,SELL,BUY,True,132.0,-59.0,191.0,-440.0,True,PAIR_PROTECTED_FLOOR,2025-09-18T13:30:01.365667485+00:00,24674.25,212.0,137.8,3.0,0.65
2228,2025-09-18 09:30,VALIDATION_SEPTEMBER,VALIDATED_SOURCE,NY,2,ADAPTIVE_VOL_ARM_3R,ADAPTIVE,1,572.0,-59.0,631.0,SELL,BUY,True,122.0,-59.0,181.0,-450.0,True,PAIR_PROTECTED_FLOOR,2025-09-18T13:30:01.365667485+00:00,24674.5,212.0,137.8,3.0,0.65
2228,2025-09-18 09:30,VALIDATION_SEPTEMBER,VALIDATED_SOURCE,NY,2,ADAPTIVE_VOL_ARM_3R,ADAPTIVE,2,572.0,-59.0,631.0,SELL,BUY,True,112.0,-59.0,171.0,-460.0,True,PAIR_PROTECTED_FLOOR,2025-09-18T13:30:01.365667485+00:00,24674.75,212.0,137.8,3.0,0.65
2228,2025-09-18 09:30,VALIDATION_SEPTEMBER,VALIDATED_SOURCE,NY,2,ADAPTIVE_VOL_ARM_3R,ADAPTIVE,4,572.0,-59.0,631.0,SELL,BUY,True,92.0,-59.0,151.0,-480.0,True,PAIR_PROTECTED_FLOOR,2025-09-18T13:30:01.365667485+00:00,24675.25,212.0,137.8,3.0,0.65
2228,2025-09-18 09:30,VALIDATION_SEPTEMBER,VALIDATED_SOURCE,NY,2,ADAPTIVE_VOL_ARM_4R,ADAPTIVE,0,572.0,-59.0,631.0,SELL,BUY,True,212.0,-59.0,271.0,-360.0,True,PAIR_PROTECTED_FLOOR,2025-09-18T13:30:02.029522131+00:00,24672.25,332.0,215.8,4.0,0.65
2228,2025-09-18 09:30,VALIDATION_SEPTEMBER,VALIDATED_SOURCE,NY,2,ADAPTIVE_VOL_ARM_4R,ADAPTIVE,1,572.0,-59.0,631.0,SELL,BUY,True,202.0,-59.0,261.0,-370.0,True,PAIR_PROTECTED_FLOOR,2025-09-18T13:30:02.029522131+00:00,24672.5,332.0,215.8,4.0,0.65
2228,2025-09-18 09:30,VALIDATION_SEPTEMBER,VALIDATED_SOURCE,NY,2,ADAPTIVE_VOL_ARM_4R,ADAPTIVE,2,572.0,-59.0,631.0,SELL,BUY,True,192.0,-59.0,251.0,-380.0,True,PAIR_PROTECTED_FLOOR,2025-09-18T13:30:02.029522131+00:00,24672.75,332.0,215.8,4.0,0.65
2228,2025-09-18 09:30,VALIDATION_SEPTEMBER,VALIDATED_SOURCE,NY,2,ADAPTIVE_VOL_ARM_4R,ADAPTIVE,4,572.0,-59.0,631.0,SELL,BUY,True,172.0,-59.0,231.0,-400.0,True,PAIR_PROTECTED_FLOOR,2025-09-18T13:30:02.029522131+00:00,24673.25,332.0,215.8,4.0,0.65
2229,2025-09-19 09:30,VALIDATION_SEPTEMBER,VALIDATED_SOURCE,NY,2,CONTROL_NO_PAIR_FLOOR,CONTROL,0,-118.0,-59.0,-59.0,SELL,BUY,False,-118.0,-59.0,-59.0,0.0,False,CONTROL_OR_NO_SINGLE_SURVIVOR,,,,,999.0,
2229,2025-09-19 09:30,VALIDATION_SEPTEMBER,VALIDATED_SOURCE,NY,2,CONTROL_NO_PAIR_FLOOR,CONTROL,1,-118.0,-59.0,-59.0,SELL,BUY,False,-118.0,-59.0,-59.0,0.0,False,CONTROL_OR_NO_SINGLE_SURVIVOR,,,,,999.0,
2229,2025-09-19 09:30,VALIDATION_SEPTEMBER,VALIDATED_SOURCE,NY,2,CONTROL_NO_PAIR_FLOOR,CONTROL,2,-118.0,-59.0,-59.0,SELL,BUY,False,-118.0,-59.0,-59.0,0.0,False,CONTROL_OR_NO_SINGLE_SURVIVOR,,,,,999.0,
2229,2025-09-19 09:30,VALIDATION_SEPTEMBER,VALIDATED_SOURCE,NY,2,CONTROL_NO_PAIR_FLOOR,CONTROL,4,-118.0,-59.0,-59.0,SELL,BUY,False,-118.0,-59.0,-59.0,0.0,False,CONTROL_OR_NO_SINGLE_SURVIVOR,,,,,999.0,
2229,2025-09-19 09:30,VALIDATION_SEPTEMBER,VALIDATED_SOURCE,NY,2,FIXED_50_ARM_2R,FIXED,0,-118.0,-59.0,-59.0,SELL,BUY,False,-118.0,-59.0,-59.0,0.0,False,CONTROL_OR_NO_SINGLE_SURVIVOR,,,,,2.0,
2229,2025-09-19 09:30,VALIDATION_SEPTEMBER,VALIDATED_SOURCE,NY,2,FIXED_50_ARM_2R,FIXED,1,-118.0,-59.0,-59.0,SELL,BUY,False,-118.0,-59.0,-59.0,0.0,False,CONTROL_OR_NO_SINGLE_SURVIVOR,,,,,2.0,
2229,2025-09-19 09:30,VALIDATION_SEPTEMBER,VALIDATED_SOURCE,NY,2,FIXED_50_ARM_2R,FIXED,2,-118.0,-59.0,-59.0,SELL,BUY,False,-118.0,-59.0,-59.0,0.0,False,CONTROL_OR_NO_SINGLE_SURVIVOR,,,,,2.0,
2229,2025-09-19 09:30,VALIDATION_SEPTEMBER,VALIDATED_SOURCE,NY,2,FIXED_50_ARM_2R,FIXED,4,-118.0,-59.0,-59.0,SELL,BUY,False,-118.0,-59.0,-59.0,0.0,False,CONTROL_OR_NO_SINGLE_SURVIVOR,,,,,2.0,
2229,2025-09-19 09:30,VALIDATION_SEPTEMBER,VALIDATED_SOURCE,NY,2,FIXED_65_ARM_2R,FIXED,0,-118.0,-59.0,-59.0,SELL,BUY,False,-118.0,-59.0,-59.0,0.0,False,CONTROL_OR_NO_SINGLE_SURVIVOR,,,,,2.0,
2229,2025-09-19 09:30,VALIDATION_SEPTEMBER,VALIDATED_SOURCE,NY,2,FIXED_65_ARM_2R,FIXED,1,-118.0,-59.0,-59.0,SELL,BUY,False,-118.0,-59.0,-59.0,0.0,False,CONTROL_OR_NO_SINGLE_SURVIVOR,,,,,2.0,
2229,2025-09-19 09:30,VALIDATION_SEPTEMBER,VALIDATED_SOURCE,NY,2,FIXED_65_ARM_2R,FIXED,2,-118.0,-59.0,-59.0,SELL,BUY,False,-118.0,-59.0,-59.0,0.0,False,CONTROL_OR_NO_SINGLE_SURVIVOR,,,,,2.0,
2229,2025-09-19 09:30,VALIDATION_SEPTEMBER,VALIDATED_SOURCE,NY,2,FIXED_65_ARM_2R,FIXED,4,-118.0,-59.0,-59.0,SELL,BUY,False,-118.0,-59.0,-59.0,0.0,False,CONTROL_OR_NO_SINGLE_SURVIVOR,,,,,2.0,
2229,2025-09-19 09:30,VALIDATION_SEPTEMBER,VALIDATED_SOURCE,NY,2,FIXED_75_ARM_2R,FIXED,0,-118.0,-59.0,-59.0,SELL,BUY,False,-118.0,-59.0,-59.0,0.0,False,CONTROL_OR_NO_SINGLE_SURVIVOR,,,,,2.0,
2229,2025-09-19 09:30,VALIDATION_SEPTEMBER,VALIDATED_SOURCE,NY,2,FIXED_75_ARM_2R,FIXED,1,-118.0,-59.0,-59.0,SELL,BUY,False,-118.0,-59.0,-59.0,0.0,False,CONTROL_OR_NO_SINGLE_SURVIVOR,,,,,2.0,
2229,2025-09-19 09:30,VALIDATION_SEPTEMBER,VALIDATED_SOURCE,NY,2,FIXED_75_ARM_2R,FIXED,2,-118.0,-59.0,-59.0,SELL,BUY,False,-118.0,-59.0,-59.0,0.0,False,CONTROL_OR_NO_SINGLE_SURVIVOR,,,,,2.0,
2229,2025-09-19 09:30,VALIDATION_SEPTEMBER,VALIDATED_SOURCE,NY,2,FIXED_75_ARM_2R,FIXED,4,-118.0,-59.0,-59.0,SELL,BUY,False,-118.0,-59.0,-59.0,0.0,False,CONTROL_OR_NO_SINGLE_SURVIVOR,,,,,2.0,
2229,2025-09-19 09:30,VALIDATION_SEPTEMBER,VALIDATED_SOURCE,NY,2,FIXED_85_ARM_2R,FIXED,0,-118.0,-59.0,-59.0,SELL,BUY,False,-118.0,-59.0,-59.0,0.0,False,CONTROL_OR_NO_SINGLE_SURVIVOR,,,,,2.0,
2229,2025-09-19 09:30,VALIDATION_SEPTEMBER,VALIDATED_SOURCE,NY,2,FIXED_85_ARM_2R,FIXED,1,-118.0,-59.0,-59.0,SELL,BUY,False,-118.0,-59.0,-59.0,0.0,False,CONTROL_OR_NO_SINGLE_SURVIVOR,,,,,2.0,
2229,2025-09-19 09:30,VALIDATION_SEPTEMBER,VALIDATED_SOURCE,NY,2,FIXED_85_ARM_2R,FIXED,2,-118.0,-59.0,-59.0,SELL,BUY,False,-118.0,-59.0,-59.0,0.0,False,CONTROL_OR_NO_SINGLE_SURVIVOR,,,,,2.0,
2229,2025-09-19 09:30,VALIDATION_SEPTEMBER,VALIDATED_SOURCE,NY,2,FIXED_85_ARM_2R,FIXED,4,-118.0,-59.0,-59.0,SELL,BUY,False,-118.0,-59.0,-59.0,0.0,False,CONTROL_OR_NO_SINGLE_SURVIVOR,,,,,2.0,
2229,2025-09-19 09:30,VALIDATION_SEPTEMBER,VALIDATED_SOURCE,NY,2,FIXED_50_ARM_3R,FIXED,0,-118.0,-59.0,-59.0,SELL,BUY,False,-118.0,-59.0,-59.0,0.0,False,CONTROL_OR_NO_SINGLE_SURVIVOR,,,,,3.0,
2229,2025-09-19 09:30,VALIDATION_SEPTEMBER,VALIDATED_SOURCE,NY,2,FIXED_50_ARM_3R,FIXED,1,-118.0,-59.0,-59.0,SELL,BUY,False,-118.0,-59.0,-59.0,0.0,False,CONTROL_OR_NO_SINGLE_SURVIVOR,,,,,3.0,
2229,2025-09-19 09:30,VALIDATION_SEPTEMBER,VALIDATED_SOURCE,NY,2,FIXED_50_ARM_3R,FIXED,2,-118.0,-59.0,-59.0,SELL,BUY,False,-118.0,-59.0,-59.0,0.0,False,CONTROL_OR_NO_SINGLE_SURVIVOR,,,,,3.0,
2229,2025-09-19 09:30,VALIDATION_SEPTEMBER,VALIDATED_SOURCE,NY,2,FIXED_50_ARM_3R,FIXED,4,-118.0,-59.0,-59.0,SELL,BUY,False,-118.0,-59.0,-59.0,0.0,False,CONTROL_OR_NO_SINGLE_SURVIVOR,,,,,3.0,
2229,2025-09-19 09:30,VALIDATION_SEPTEMBER,VALIDATED_SOURCE,NY,2,FIXED_65_ARM_3R,FIXED,0,-118.0,-59.0,-59.0,SELL,BUY,False,-118.0,-59.0,-59.0,0.0,False,CONTROL_OR_NO_SINGLE_SURVIVOR,,,,,3.0,
2229,2025-09-19 09:30,VALIDATION_SEPTEMBER,VALIDATED_SOURCE,NY,2,FIXED_65_ARM_3R,FIXED,1,-118.0,-59.0,-59.0,SELL,BUY,False,-118.0,-59.0,-59.0,0.0,False,CONTROL_OR_NO_SINGLE_SURVIVOR,,,,,3.0,
2229,2025-09-19 09:30,VALIDATION_SEPTEMBER,VALIDATED_SOURCE,NY,2,FIXED_65_ARM_3R,FIXED,2,-118.0,-59.0,-59.0,SELL,BUY,False,-118.0,-59.0,-59.0,0.0,False,CONTROL_OR_NO_SINGLE_SURVIVOR,,,,,3.0,
2229,2025-09-19 09:30,VALIDATION_SEPTEMBER,VALIDATED_SOURCE,NY,2,FIXED_65_ARM_3R,FIXED,4,-118.0,-59.0,-59.0,SELL,BUY,False,-118.0,-59.0,-59.0,0.0,False,CONTROL_OR_NO_SINGLE_SURVIVOR,,,,,3.0,
2229,2025-09-19 09:30,VALIDATION_SEPTEMBER,VALIDATED_SOURCE,NY,2,FIXED_75_ARM_3R,FIXED,0,-118.0,-59.0,-59.0,SELL,BUY,False,-118.0,-59.0,-59.0,0.0,False,CONTROL_OR_NO_SINGLE_SURVIVOR,,,,,3.0,
2229,2025-09-19 09:30,VALIDATION_SEPTEMBER,VALIDATED_SOURCE,NY,2,FIXED_75_ARM_3R,FIXED,1,-118.0,-59.0,-59.0,SELL,BUY,False,-118.0,-59.0,-59.0,0.0,False,CONTROL_OR_NO_SINGLE_SURVIVOR,,,,,3.0,
2229,2025-09-19 09:30,VALIDATION_SEPTEMBER,VALIDATED_SOURCE,NY,2,FIXED_75_ARM_3R,FIXED,2,-118.0,-59.0,-59.0,SELL,BUY,False,-118.0,-59.0,-59.0,0.0,False,CONTROL_OR_NO_SINGLE_SURVIVOR,,,,,3.0,
2229,2025-09-19 09:30,VALIDATION_SEPTEMBER,VALIDATED_SOURCE,NY,2,FIXED_75_ARM_3R,FIXED,4,-118.0,-59.0,-59.0,SELL,BUY,False,-118.0,-59.0,-59.0,0.0,False,CONTROL_OR_NO_SINGLE_SURVIVOR,,,,,3.0,
2229,2025-09-19 09:30,VALIDATION_SEPTEMBER,VALIDATED_SOURCE,NY,2,FIXED_85_ARM_3R,FIXED,0,-118.0,-59.0,-59.0,SELL,BUY,False,-118.0,-59.0,-59.0,0.0,False,CONTROL_OR_NO_SINGLE_SURVIVOR,,,,,3.0,
2229,2025-09-19 09:30,VALIDATION_SEPTEMBER,VALIDATED_SOURCE,NY,2,FIXED_85_ARM_3R,FIXED,1,-118.0,-59.0,-59.0,SELL,BUY,False,-118.0,-59.0,-59.0,0.0,False,CONTROL_OR_NO_SINGLE_SURVIVOR,,,,,3.0,
2229,2025-09-19 09:30,VALIDATION_SEPTEMBER,VALIDATED_SOURCE,NY,2,FIXED_85_ARM_3R,FIXED,2,-118.0,-59.0,-59.0,SELL,BUY,False,-118.0,-59.0,-59.0,0.0,False,CONTROL_OR_NO_SINGLE_SURVIVOR,,,,,3.0,
2229,2025-09-19 09:30,VALIDATION_SEPTEMBER,VALIDATED_SOURCE,NY,2,FIXED_85_ARM_3R,FIXED,4,-118.0,-59.0,-59.0,SELL,BUY,False,-118.0,-59.0,-59.0,0.0,False,CONTROL_OR_NO_SINGLE_SURVIVOR,,,,,3.0,
2229,2025-09-19 09:30,VALIDATION_SEPTEMBER,VALIDATED_SOURCE,NY,2,FIXED_50_ARM_4R,FIXED,0,-118.0,-59.0,-59.0,SELL,BUY,False,-118.0,-59.0,-59.0,0.0,False,CONTROL_OR_NO_SINGLE_SURVIVOR,,,,,4.0,
2229,2025-09-19 09:30,VALIDATION_SEPTEMBER,VALIDATED_SOURCE,NY,2,FIXED_50_ARM_4R,FIXED,1,-118.0,-59.0,-59.0,SELL,BUY,False,-118.0,-59.0,-59.0,0.0,False,CONTROL_OR_NO_SINGLE_SURVIVOR,,,,,4.0,
2229,2025-09-19 09:30,VALIDATION_SEPTEMBER,VALIDATED_SOURCE,NY,2,FIXED_50_ARM_4R,FIXED,2,-118.0,-59.0,-59.0,SELL,BUY,False,-118.0,-59.0,-59.0,0.0,False,CONTROL_OR_NO_SINGLE_SURVIVOR,,,,,4.0,
2229,2025-09-19 09:30,VALIDATION_SEPTEMBER,VALIDATED_SOURCE,NY,2,FIXED_50_ARM_4R,FIXED,4,-118.0,-59.0,-59.0,SELL,BUY,False,-118.0,-59.0,-59.0,0.0,False,CONTROL_OR_NO_SINGLE_SURVIVOR,,,,,4.0,
2229,2025-09-19 09:30,VALIDATION_SEPTEMBER,VALIDATED_SOURCE,NY,2,FIXED_65_ARM_4R,FIXED,0,-118.0,-59.0,-59.0,SELL,BUY,False,-118.0,-59.0,-59.0,0.0,False,CONTROL_OR_NO_SINGLE_SURVIVOR,,,,,4.0,
2229,2025-09-19 09:30,VALIDATION_SEPTEMBER,VALIDATED_SOURCE,NY,2,FIXED_65_ARM_4R,FIXED,1,-118.0,-59.0,-59.0,SELL,BUY,False,-118.0,-59.0,-59.0,0.0,False,CONTROL_OR_NO_SINGLE_SURVIVOR,,,,,4.0,
2229,2025-09-19 09:30,VALIDATION_SEPTEMBER,VALIDATED_SOURCE,NY,2,FIXED_65_ARM_4R,FIXED,2,-118.0,-59.0,-59.0,SELL,BUY,False,-118.0,-59.0,-59.0,0.0,False,CONTROL_OR_NO_SINGLE_SURVIVOR,,,,,4.0,
2229,2025-09-19 09:30,VALIDATION_SEPTEMBER,VALIDATED_SOURCE,NY,2,FIXED_65_ARM_4R,FIXED,4,-118.0,-59.0,-59.0,SELL,BUY,False,-118.0,-59.0,-59.0,0.0,False,CONTROL_OR_NO_SINGLE_SURVIVOR,,,,,4.0,
2229,2025-09-19 09:30,VALIDATION_SEPTEMBER,VALIDATED_SOURCE,NY,2,FIXED_75_ARM_4R,FIXED,0,-118.0,-59.0,-59.0,SELL,BUY,False,-118.0,-59.0,-59.0,0.0,False,CONTROL_OR_NO_SINGLE_SURVIVOR,,,,,4.0,
2229,2025-09-19 09:30,VALIDATION_SEPTEMBER,VALIDATED_SOURCE,NY,2,FIXED_75_ARM_4R,FIXED,1,-118.0,-59.0,-59.0,SELL,BUY,False,-118.0,-59.0,-59.0,0.0,False,CONTROL_OR_NO_SINGLE_SURVIVOR,,,,,4.0,
2229,2025-09-19 09:30,VALIDATION_SEPTEMBER,VALIDATED_SOURCE,NY,2,FIXED_75_ARM_4R,FIXED,2,-118.0,-59.0,-59.0,SELL,BUY,False,-118.0,-59.0,-59.0,0.0,False,CONTROL_OR_NO_SINGLE_SURVIVOR,,,,,4.0,
2229,2025-09-19 09:30,VALIDATION_SEPTEMBER,VALIDATED_SOURCE,NY,2,FIXED_75_ARM_4R,FIXED,4,-118.0,-59.0,-59.0,SELL,BUY,False,-118.0,-59.0,-59.0,0.0,False,CONTROL_OR_NO_SINGLE_SURVIVOR,,,,,4.0,
2229,2025-09-19 09:30,VALIDATION_SEPTEMBER,VALIDATED_SOURCE,NY,2,FIXED_85_ARM_4R,FIXED,0,-118.0,-59.0,-59.0,SELL,BUY,False,-118.0,-59.0,-59.0,0.0,False,CONTROL_OR_NO_SINGLE_SURVIVOR,,,,,4.0,
2229,2025-09-19 09:30,VALIDATION_SEPTEMBER,VALIDATED_SOURCE,NY,2,FIXED_85_ARM_4R,FIXED,1,-118.0,-59.0,-59.0,SELL,BUY,False,-118.0,-59.0,-59.0,0.0,False,CONTROL_OR_NO_SINGLE_SURVIVOR,,,,,4.0,
2229,2025-09-19 09:30,VALIDATION_SEPTEMBER,VALIDATED_SOURCE,NY,2,FIXED_85_ARM_4R,FIXED,2,-118.0,-59.0,-59.0,SELL,BUY,False,-118.0,-59.0,-59.0,0.0,False,CONTROL_OR_NO_SINGLE_SURVIVOR,,,,,4.0,
2229,2025-09-19 09:30,VALIDATION_SEPTEMBER,VALIDATED_SOURCE,NY,2,FIXED_85_ARM_4R,FIXED,4,-118.0,-59.0,-59.0,SELL,BUY,False,-118.0,-59.0,-59.0,0.0,False,CONTROL_OR_NO_SINGLE_SURVIVOR,,,,,4.0,
2229,2025-09-19 09:30,VALIDATION_SEPTEMBER,VALIDATED_SOURCE,NY,2,FIXED_50_ARM_5R,FIXED,0,-118.0,-59.0,-59.0,SELL,BUY,False,-118.0,-59.0,-59.0,0.0,False,CONTROL_OR_NO_SINGLE_SURVIVOR,,,,,5.0,
2229,2025-09-19 09:30,VALIDATION_SEPTEMBER,VALIDATED_SOURCE,NY,2,FIXED_50_ARM_5R,FIXED,1,-118.0,-59.0,-59.0,SELL,BUY,False,-118.0,-59.0,-59.0,0.0,False,CONTROL_OR_NO_SINGLE_SURVIVOR,,,,,5.0,
2229,2025-09-19 09:30,VALIDATION_SEPTEMBER,VALIDATED_SOURCE,NY,2,FIXED_50_ARM_5R,FIXED,2,-118.0,-59.0,-59.0,SELL,BUY,False,-118.0,-59.0,-59.0,0.0,False,CONTROL_OR_NO_SINGLE_SURVIVOR,,,,,5.0,
2229,2025-09-19 09:30,VALIDATION_SEPTEMBER,VALIDATED_SOURCE,NY,2,FIXED_50_ARM_5R,FIXED,4,-118.0,-59.0,-59.0,SELL,BUY,False,-118.0,-59.0,-59.0,0.0,False,CONTROL_OR_NO_SINGLE_SURVIVOR,,,,,5.0,
2229,2025-09-19 09:30,VALIDATION_SEPTEMBER,VALIDATED_SOURCE,NY,2,FIXED_65_ARM_5R,FIXED,0,-118.0,-59.0,-59.0,SELL,BUY,False,-118.0,-59.0,-59.0,0.0,False,CONTROL_OR_NO_SINGLE_SURVIVOR,,,,,5.0,
2229,2025-09-19 09:30,VALIDATION_SEPTEMBER,VALIDATED_SOURCE,NY,2,FIXED_65_ARM_5R,FIXED,1,-118.0,-59.0,-59.0,SELL,BUY,False,-118.0,-59.0,-59.0,0.0,False,CONTROL_OR_NO_SINGLE_SURVIVOR,,,,,5.0,
2229,2025-09-19 09:30,VALIDATION_SEPTEMBER,VALIDATED_SOURCE,NY,2,FIXED_65_ARM_5R,FIXED,2,-118.0,-59.0,-59.0,SELL,BUY,False,-118.0,-59.0,-59.0,0.0,False,CONTROL_OR_NO_SINGLE_SURVIVOR,,,,,5.0,
2229,2025-09-19 09:30,VALIDATION_SEPTEMBER,VALIDATED_SOURCE,NY,2,FIXED_65_ARM_5R,FIXED,4,-118.0,-59.0,-59.0,SELL,BUY,False,-118.0,-59.0,-59.0,0.0,False,CONTROL_OR_NO_SINGLE_SURVIVOR,,,,,5.0,
2229,2025-09-19 09:30,VALIDATION_SEPTEMBER,VALIDATED_SOURCE,NY,2,FIXED_75_ARM_5R,FIXED,0,-118.0,-59.0,-59.0,SELL,BUY,False,-118.0,-59.0,-59.0,0.0,False,CONTROL_OR_NO_SINGLE_SURVIVOR,,,,,5.0,
2229,2025-09-19 09:30,VALIDATION_SEPTEMBER,VALIDATED_SOURCE,NY,2,FIXED_75_ARM_5R,FIXED,1,-118.0,-59.0,-59.0,SELL,BUY,False,-118.0,-59.0,-59.0,0.0,False,CONTROL_OR_NO_SINGLE_SURVIVOR,,,,,5.0,
2229,2025-09-19 09:30,VALIDATION_SEPTEMBER,VALIDATED_SOURCE,NY,2,FIXED_75_ARM_5R,FIXED,2,-118.0,-59.0,-59.0,SELL,BUY,False,-118.0,-59.0,-59.0,0.0,False,CONTROL_OR_NO_SINGLE_SURVIVOR,,,,,5.0,
2229,2025-09-19 09:30,VALIDATION_SEPTEMBER,VALIDATED_SOURCE,NY,2,FIXED_75_ARM_5R,FIXED,4,-118.0,-59.0,-59.0,SELL,BUY,False,-118.0,-59.0,-59.0,0.0,False,CONTROL_OR_NO_SINGLE_SURVIVOR,,,,,5.0,
2229,2025-09-19 09:30,VALIDATION_SEPTEMBER,VALIDATED_SOURCE,NY,2,FIXED_85_ARM_5R,FIXED,0,-118.0,-59.0,-59.0,SELL,BUY,False,-118.0,-59.0,-59.0,0.0,False,CONTROL_OR_NO_SINGLE_SURVIVOR,,,,,5.0,
2229,2025-09-19 09:30,VALIDATION_SEPTEMBER,VALIDATED_SOURCE,NY,2,FIXED_85_ARM_5R,FIXED,1,-118.0,-59.0,-59.0,SELL,BUY,False,-118.0,-59.0,-59.0,0.0,False,CONTROL_OR_NO_SINGLE_SURVIVOR,,,,,5.0,
2229,2025-09-19 09:30,VALIDATION_SEPTEMBER,VALIDATED_SOURCE,NY,2,FIXED_85_ARM_5R,FIXED,2,-118.0,-59.0,-59.0,SELL,BUY,False,-118.0,-59.0,-59.0,0.0,False,CONTROL_OR_NO_SINGLE_SURVIVOR,,,,,5.0,
2229,2025-09-19 09:30,VALIDATION_SEPTEMBER,VALIDATED_SOURCE,NY,2,FIXED_85_ARM_5R,FIXED,4,-118.0,-59.0,-59.0,SELL,BUY,False,-118.0,-59.0,-59.0,0.0,False,CONTROL_OR_NO_SINGLE_SURVIVOR,,,,,5.0,
2229,2025-09-19 09:30,VALIDATION_SEPTEMBER,VALIDATED_SOURCE,NY,2,DYNAMIC_FAST_2R_4R_6R_8R,DYNAMIC,0,-118.0,-59.0,-59.0,SELL,BUY,False,-118.0,-59.0,-59.0,0.0,False,CONTROL_OR_NO_SINGLE_SURVIVOR,,,,,2.0,
2229,2025-09-19 09:30,VALIDATION_SEPTEMBER,VALIDATED_SOURCE,NY,2,DYNAMIC_FAST_2R_4R_6R_8R,DYNAMIC,1,-118.0,-59.0,-59.0,SELL,BUY,False,-118.0,-59.0,-59.0,0.0,False,CONTROL_OR_NO_SINGLE_SURVIVOR,,,,,2.0,
2229,2025-09-19 09:30,VALIDATION_SEPTEMBER,VALIDATED_SOURCE,NY,2,DYNAMIC_FAST_2R_4R_6R_8R,DYNAMIC,2,-118.0,-59.0,-59.0,SELL,BUY,False,-118.0,-59.0,-59.0,0.0,False,CONTROL_OR_NO_SINGLE_SURVIVOR,,,,,2.0,
2229,2025-09-19 09:30,VALIDATION_SEPTEMBER,VALIDATED_SOURCE,NY,2,DYNAMIC_FAST_2R_4R_6R_8R,DYNAMIC,4,-118.0,-59.0,-59.0,SELL,BUY,False,-118.0,-59.0,-59.0,0.0,False,CONTROL_OR_NO_SINGLE_SURVIVOR,,,,,2.0,
2229,2025-09-19 09:30,VALIDATION_SEPTEMBER,VALIDATED_SOURCE,NY,2,DYNAMIC_BALANCED_3R_5R_8R_12R,DYNAMIC,0,-118.0,-59.0,-59.0,SELL,BUY,False,-118.0,-59.0,-59.0,0.0,False,CONTROL_OR_NO_SINGLE_SURVIVOR,,,,,3.0,
2229,2025-09-19 09:30,VALIDATION_SEPTEMBER,VALIDATED_SOURCE,NY,2,DYNAMIC_BALANCED_3R_5R_8R_12R,DYNAMIC,1,-118.0,-59.0,-59.0,SELL,BUY,False,-118.0,-59.0,-59.0,0.0,False,CONTROL_OR_NO_SINGLE_SURVIVOR,,,,,3.0,
2229,2025-09-19 09:30,VALIDATION_SEPTEMBER,VALIDATED_SOURCE,NY,2,DYNAMIC_BALANCED_3R_5R_8R_12R,DYNAMIC,2,-118.0,-59.0,-59.0,SELL,BUY,False,-118.0,-59.0,-59.0,0.0,False,CONTROL_OR_NO_SINGLE_SURVIVOR,,,,,3.0,
2229,2025-09-19 09:30,VALIDATION_SEPTEMBER,VALIDATED_SOURCE,NY,2,DYNAMIC_BALANCED_3R_5R_8R_12R,DYNAMIC,4,-118.0,-59.0,-59.0,SELL,BUY,False,-118.0,-59.0,-59.0,0.0,False,CONTROL_OR_NO_SINGLE_SURVIVOR,,,,,3.0,
2229,2025-09-19 09:30,VALIDATION_SEPTEMBER,VALIDATED_SOURCE,NY,2,DYNAMIC_LOOSE_4R_7R_11R_16R,DYNAMIC,0,-118.0,-59.0,-59.0,SELL,BUY,False,-118.0,-59.0,-59.0,0.0,False,CONTROL_OR_NO_SINGLE_SURVIVOR,,,,,4.0,
2229,2025-09-19 09:30,VALIDATION_SEPTEMBER,VALIDATED_SOURCE,NY,2,DYNAMIC_LOOSE_4R_7R_11R_16R,DYNAMIC,1,-118.0,-59.0,-59.0,SELL,BUY,False,-118.0,-59.0,-59.0,0.0,False,CONTROL_OR_NO_SINGLE_SURVIVOR,,,,,4.0,
2229,2025-09-19 09:30,VALIDATION_SEPTEMBER,VALIDATED_SOURCE,NY,2,DYNAMIC_LOOSE_4R_7R_11R_16R,DYNAMIC,2,-118.0,-59.0,-59.0,SELL,BUY,False,-118.0,-59.0,-59.0,0.0,False,CONTROL_OR_NO_SINGLE_SURVIVOR,,,,,4.0,
2229,2025-09-19 09:30,VALIDATION_SEPTEMBER,VALIDATED_SOURCE,NY,2,DYNAMIC_LOOSE_4R_7R_11R_16R,DYNAMIC,4,-118.0,-59.0,-59.0,SELL,BUY,False,-118.0,-59.0,-59.0,0.0,False,CONTROL_OR_NO_SINGLE_SURVIVOR,,,,,4.0,
2229,2025-09-19 09:30,VALIDATION_SEPTEMBER,VALIDATED_SOURCE,NY,2,ADAPTIVE_VOL_ARM_3R,ADAPTIVE,0,-118.0,-59.0,-59.0,SELL,BUY,False,-118.0,-59.0,-59.0,0.0,False,CONTROL_OR_NO_SINGLE_SURVIVOR,,,,,3.0,
2229,2025-09-19 09:30,VALIDATION_SEPTEMBER,VALIDATED_SOURCE,NY,2,ADAPTIVE_VOL_ARM_3R,ADAPTIVE,1,-118.0,-59.0,-59.0,SELL,BUY,False,-118.0,-59.0,-59.0,0.0,False,CONTROL_OR_NO_SINGLE_SURVIVOR,,,,,3.0,
2229,2025-09-19 09:30,VALIDATION_SEPTEMBER,VALIDATED_SOURCE,NY,2,ADAPTIVE_VOL_ARM_3R,ADAPTIVE,2,-118.0,-59.0,-59.0,SELL,BUY,False,-118.0,-59.0,-59.0,0.0,False,CONTROL_OR_NO_SINGLE_SURVIVOR,,,,,3.0,
2229,2025-09-19 09:30,VALIDATION_SEPTEMBER,VALIDATED_SOURCE,NY,2,ADAPTIVE_VOL_ARM_3R,ADAPTIVE,4,-118.0,-59.0,-59.0,SELL,BUY,False,-118.0,-59.0,-59.0,0.0,False,CONTROL_OR_NO_SINGLE_SURVIVOR,,,,,3.0,
2229,2025-09-19 09:30,VALIDATION_SEPTEMBER,VALIDATED_SOURCE,NY,2,ADAPTIVE_VOL_ARM_4R,ADAPTIVE,0,-118.0,-59.0,-59.0,SELL,BUY,False,-118.0,-59.0,-59.0,0.0,False,CONTROL_OR_NO_SINGLE_SURVIVOR,,,,,4.0,
2229,2025-09-19 09:30,VALIDATION_SEPTEMBER,VALIDATED_SOURCE,NY,2,ADAPTIVE_VOL_ARM_4R,ADAPTIVE,1,-118.0,-59.0,-59.0,SELL,BUY,False,-118.0,-59.0,-59.0,0.0,False,CONTROL_OR_NO_SINGLE_SURVIVOR,,,,,4.0,
2229,2025-09-19 09:30,VALIDATION_SEPTEMBER,VALIDATED_SOURCE,NY,2,ADAPTIVE_VOL_ARM_4R,ADAPTIVE,2,-118.0,-59.0,-59.0,SELL,BUY,False,-118.0,-59.0,-59.0,0.0,False,CONTROL_OR_NO_SINGLE_SURVIVOR,,,,,4.0,
2229,2025-09-19 09:30,VALIDATION_SEPTEMBER,VALIDATED_SOURCE,NY,2,ADAPTIVE_VOL_ARM_4R,ADAPTIVE,4,-118.0,-59.0,-59.0,SELL,BUY,False,-118.0,-59.0,-59.0,0.0,False,CONTROL_OR_NO_SINGLE_SURVIVOR,,,,,4.0,
