side,Trade number,entry_dt,exit_dt,route,qty,entry_price,exit_price,net,commission,points,target_bps,route_cap_points,at_route_cap,pre_exit_extra_fav_gross_proxy,signal_exit
BUY,9,2020-01-12 18:00:00,2020-01-12 18:00:00,WEEKLY,2,8979.25,8987.25,311.0,9.0,8.0,8.909430074894896,10.0,False,0.0,NQ09B BUY WEEKLY W80
BUY,22,2020-01-27 09:30:00,2020-01-27 09:30:00,NY,2,8947.5,8960.25,501.0,9.0,12.75,14.249790444258172,16.0,False,0.0,NQ09B BUY NY N130 TP2
BUY,23,2020-01-27 18:00:00,2020-01-27 18:00:00,WEAK,1,8952.75,8960.75,155.5,4.5,8.0,8.935801848594007,10.0,False,0.0,NQ09B BUY WEEKDAY 1800 D80
BUY,50,2020-02-17 09:30:00,2020-02-17 12:30:00,NY,2,9656.5,9669.25,501.0,9.0,12.75,13.203541655879459,16.0,False,0.0,NQ09B BUY NY N130 TP2
BUY,56,2020-02-21 09:30:00,2020-02-21 09:30:00,NY,2,9590.25,9603.0,501.0,9.0,12.75,13.294752482990537,16.0,False,0.0,NQ09B BUY NY N130 TP2
BUY,57,2020-02-23 18:00:00,2020-02-23 18:00:00,WEEKLY,2,9355.5,9363.5,311.0,9.0,8.0,8.551119662230773,10.0,False,0.0,NQ09B BUY WEEKLY W80
BUY,58,2020-02-24 09:30:00,2020-02-24 09:30:00,NY,2,9104.25,9117.0,501.0,9.0,12.75,14.004448471867535,16.0,False,0.0,NQ09B BUY NY N130 TP2
BUY,59,2020-02-24 18:00:00,2020-02-24 18:00:00,PREMIUM,2,9091.25,9099.25,311.0,9.0,8.0,8.799670012374536,10.0,False,0.0,NQ09B BUY WEEKDAY 1800 D80
BUY,65,2020-02-27 18:00:00,2020-02-27 18:00:00,PREMIUM,2,8347.25,8355.25,311.0,9.0,8.0,9.5839947288029,10.0,False,0.0,NQ09B BUY WEEKDAY 1800 D80
BUY,68,2020-03-02 09:30:00,2020-03-02 09:30:00,NY,2,8564.25,8577.0,501.0,9.0,12.75,14.88746825466328,16.0,False,0.0,NQ09B BUY NY N130 TP2
BUY,71,2020-03-03 18:00:00,2020-03-03 18:00:00,PREMIUM,2,8557.75,8565.75,311.0,9.0,8.0,9.348251584820776,10.0,False,0.0,NQ09B BUY WEEKDAY 1800 D80
BUY,78,2020-03-09 18:00:00,2020-03-09 18:00:00,WEAK,1,7894.0,7902.0,155.5,4.5,8.0,10.134279199391944,10.0,False,0.0,NQ09B BUY WEEKDAY 1800 D80
BUY,80,2020-03-10 18:00:00,2020-03-10 18:00:00,WEAK,1,8317.25,8325.25,155.5,4.5,8.0,9.618563828188403,10.0,False,0.0,NQ09B BUY WEEKDAY 1800 D80
BUY,83,2020-03-12 09:30:00,2020-03-12 09:30:00,NY,2,7505.75,7518.5,501.0,9.0,12.75,16.986976651234055,16.0,False,0.0,NQ09B BUY NY N130 TP2
BUY,84,2020-03-12 18:00:00,2020-03-12 18:00:00,PREMIUM,2,7100.25,7108.25,311.0,9.0,8.0,11.267208901095032,10.0,False,0.0,NQ09B BUY WEEKDAY 1800 D80
BUY,85,2020-03-13 09:30:00,2020-03-13 09:30:00,NY,2,7690.25,7703.0,501.0,9.0,12.75,16.579434998862194,16.0,False,0.0,NQ09B BUY NY N130 TP2
BUY,93,2020-03-19 09:30:00,2020-03-19 09:30:00,NY,2,7177.5,7190.25,501.0,9.0,12.75,17.763845350052247,16.0,False,0.0,NQ09B BUY NY N130 TP2
BUY,94,2020-03-19 18:00:00,2020-03-19 18:00:00,PREMIUM,2,7177.25,7185.25,311.0,9.0,8.0,11.14633041903236,10.0,False,0.0,NQ09B BUY WEEKDAY 1800 D80
BUY,98,2020-03-23 18:00:00,2020-03-23 18:00:00,WEAK,1,7006.0,7014.0,155.5,4.5,8.0,11.418783899514702,10.0,False,0.0,NQ09B BUY WEEKDAY 1800 D80
BUY,99,2020-03-24 09:30:00,2020-03-24 09:30:00,NY,2,7379.5,7392.25,501.0,9.0,12.75,17.27759333288163,16.0,False,0.0,NQ09B BUY NY N130 TP2
BUY,100,2020-03-24 18:00:00,2020-03-24 18:00:00,WEAK,1,7545.0,7553.0,155.5,4.5,8.0,10.603048376408218,10.0,False,0.0,NQ09B BUY WEEKDAY 1800 D80
BUY,101,2020-03-25 09:30:00,2020-03-25 09:30:00,NY,2,7555.5,7568.25,501.0,9.0,12.75,16.87512408179472,16.0,False,0.0,NQ09B BUY NY N130 TP2
BUY,113,2020-04-05 18:00:00,2020-04-05 18:00:00,WEEKLY,2,7536.0,7544.0,311.0,9.0,8.0,10.615711252653927,10.0,False,0.0,NQ09B BUY WEEKLY W80
BUY,114,2020-04-06 09:30:00,2020-04-06 09:30:00,NY,2,7798.25,7811.0,501.0,9.0,12.75,16.34982207546565,16.0,False,0.0,NQ09B BUY NY N130 TP2
BUY,115,2020-04-07 09:30:00,2020-04-07 09:30:00,NY,2,8282.75,8295.5,501.0,9.0,12.75,15.393438169690018,16.0,False,0.0,NQ09B BUY NY N130 TP2
BUY,119,2020-04-14 09:30:00,2020-04-14 09:30:00,NY,2,8487.5,8500.25,501.0,9.0,12.75,15.022091310751104,16.0,False,0.0,NQ09B BUY NY N130 TP2
BUY,120,2020-04-15 09:30:00,2020-04-15 09:30:00,NY,2,8543.5,8556.25,501.0,9.0,12.75,14.923626148533973,16.0,False,0.0,NQ09B BUY NY N130 TP2
BUY,123,2020-04-16 18:00:00,2020-04-16 18:00:00,WEAK,1,8910.0,8918.0,155.5,4.5,8.0,8.978675645342312,10.0,False,0.0,NQ09B BUY WEEKDAY 1800 D80
BUY,124,2020-04-17 09:30:00,2020-04-17 09:30:00,NY,2,8849.25,8862.0,501.0,9.0,12.75,14.40800067802356,16.0,False,0.0,NQ09B BUY NY N130 TP2
BUY,127,2020-04-20 18:00:00,2020-04-20 18:00:00,WEAK,1,8695.25,8703.25,155.5,4.5,8.0,9.200425519680286,10.0,False,0.0,NQ09B BUY WEEKDAY 1800 D80
BUY,128,2020-04-21 09:30:00,2020-04-21 09:30:00,NY,2,8630.75,8643.5,501.0,9.0,12.75,14.772760188859602,16.0,False,0.0,NQ09B BUY NY N130 TP2
BUY,134,2020-04-26 18:00:00,2020-04-26 18:00:00,WEEKLY,2,8766.25,8774.25,311.0,9.0,8.0,9.125909026094396,10.0,False,0.0,NQ09B BUY WEEKLY W80
BUY,137,2020-04-28 18:00:00,2020-04-28 18:00:00,WEAK,1,8759.5,8767.5,155.5,4.5,8.0,9.13294137793253,10.0,False,0.0,NQ09B BUY WEEKDAY 1800 D80
BUY,144,2020-05-04 09:30:00,2020-05-04 09:30:00,NY,2,8671.25,8684.0,501.0,9.0,12.75,14.703762433328528,16.0,False,0.0,NQ09B BUY NY N130 TP2
BUY,154,2020-05-13 09:30:00,2020-05-13 09:30:00,NY,2,9122.25,9135.0,501.0,9.0,12.75,13.97681493052701,16.0,False,0.0,NQ09B BUY NY N130 TP2
BUY,155,2020-05-13 18:00:00,2020-05-13 18:00:00,WEAK,1,9013.0,9021.0,155.5,4.5,8.0,8.87606790191945,10.0,False,0.0,NQ09B BUY WEEKDAY 1800 D80
BUY,159,2020-05-17 18:00:00,2020-05-17 18:00:00,WEEKLY,2,9135.25,9143.25,311.0,9.0,8.0,8.757286335896664,10.0,False,0.0,NQ09B BUY WEEKLY W80
BUY,162,2020-05-20 09:30:00,2020-05-20 09:30:00,NY,2,9402.25,9415.0,501.0,9.0,12.75,13.560583902789226,16.0,False,0.0,NQ09B BUY NY N130 TP2
BUY,172,2020-05-31 18:00:00,2020-05-31 18:00:00,WEEKLY,2,9513.25,9521.25,311.0,9.0,8.0,8.409323837805166,10.0,False,0.0,NQ09B BUY WEEKLY W80
BUY,176,2020-06-03 09:30:00,2020-06-03 09:30:00,NY,2,9677.5,9690.25,501.0,9.0,12.75,13.174890209248257,16.0,False,0.0,NQ09B BUY NY N130 TP2
BUY,183,2020-06-09 18:00:00,2020-06-09 18:00:00,WEAK,1,9960.25,9968.25,155.5,4.5,8.0,8.031926909465124,10.0,False,0.0,NQ09B BUY WEEKDAY 1800 D80
BUY,188,2020-06-12 09:30:00,2020-06-12 09:30:00,NY,2,9797.0,9809.75,501.0,9.0,12.75,13.01418801673982,16.0,False,0.0,NQ09B BUY NY N130 TP2
BUY,189,2020-06-14 18:00:00,2020-06-14 18:00:00,WEEKLY,2,9537.0,9545.0,311.0,9.0,8.0,8.388382090804235,10.0,False,0.0,NQ09B BUY WEEKLY W80
BUY,190,2020-06-15 09:30:00,2020-06-15 09:30:00,NY,2,9523.0,9535.75,501.0,9.0,12.75,13.38863803423291,16.0,False,0.0,NQ09B BUY NY N130 TP2
BUY,207,2020-06-29 09:30:00,2020-06-29 09:30:00,NY,2,9836.75,9849.5,501.0,9.0,12.75,12.961598088799654,16.0,False,0.0,NQ09B BUY NY N130 TP2
BUY,215,2020-07-06 09:30:00,2020-07-06 09:30:00,NY,2,10470.75,10483.5,501.0,9.0,12.75,12.176778167753026,16.0,False,0.0,NQ09B BUY NY N130 TP2
BUY,219,2020-07-10 09:30:00,2020-07-10 09:30:00,NY,2,10734.25,10747.0,501.0,9.0,12.75,11.877867573421524,16.0,False,0.0,NQ09B BUY NY N130 TP2
BUY,220,2020-07-12 18:00:00,2020-07-12 18:00:00,WEEKLY,2,10848.5,10856.5,311.0,9.0,8.0,7.374291376688021,10.0,False,0.0,NQ09B BUY WEEKLY W80
BUY,224,2020-07-14 18:00:00,2020-07-14 18:00:00,PREMIUM,2,10706.25,10714.25,311.0,9.0,8.0,7.472270869819031,10.0,False,0.0,NQ09B BUY WEEKDAY 1800 D80
BUY,225,2020-07-15 09:30:00,2020-07-15 09:30:00,NY,2,10725.0,10737.75,501.0,9.0,12.75,11.888111888111888,16.0,False,0.0,NQ09B BUY NY N130 TP2
BUY,234,2020-07-23 18:00:00,2020-07-23 18:00:00,WEAK,1,10565.75,10573.75,155.5,4.5,8.0,7.571634763268107,10.0,False,0.0,NQ09B BUY WEEKDAY 1800 D80
BUY,235,2020-07-24 09:30:00,2020-07-24 09:30:00,NY,2,10415.75,10428.5,501.0,9.0,12.75,12.241077214794903,16.0,False,0.0,NQ09B BUY NY N130 TP2
BUY,237,2020-07-27 09:30:00,2020-07-27 09:30:00,NY,2,10547.0,10559.75,501.0,9.0,12.75,12.088745614866788,16.0,False,0.0,NQ09B BUY NY N130 TP2
BUY,238,2020-07-28 09:30:00,2020-07-28 09:30:00,NY,2,10631.25,10644.0,501.0,9.0,12.75,11.99294532627866,16.0,False,0.0,NQ09B BUY NY N130 TP2
BUY,242,2020-07-30 18:00:00,2020-07-30 18:00:00,PREMIUM,2,10906.75,10914.75,311.0,9.0,8.0,7.334907282187635,10.0,False,0.0,NQ09B BUY WEEKDAY 1800 D80
BUY,244,2020-08-02 18:00:00,2020-08-02 18:00:00,WEEKLY,2,10933.5,10941.5,311.0,9.0,8.0,7.316961631682444,10.0,False,0.0,NQ09B BUY WEEKLY W80
BUY,250,2020-08-09 18:00:00,2020-08-09 18:00:00,WEEKLY,2,11140.5,11148.5,311.0,9.0,8.0,7.18100623849917,10.0,False,0.0,NQ09B BUY WEEKLY W80
BUY,279,2020-09-03 09:30:00,2020-09-03 09:30:00,NY,2,12224.5,12237.25,501.0,9.0,12.75,10.429874432492127,16.0,False,0.0,NQ09B BUY NY N130 TP2
BUY,282,2020-09-06 18:00:00,2020-09-06 18:00:00,WEEKLY,2,11531.25,11539.25,311.0,9.0,8.0,6.9376693766937665,10.0,False,0.0,NQ09B BUY WEEKLY W80
BUY,286,2020-09-09 09:30:00,2020-09-09 09:30:00,NY,2,11292.5,11305.25,501.0,9.0,12.75,11.290679654638033,16.0,False,0.0,NQ09B BUY NY N130 TP2
BUY,287,2020-09-09 18:00:00,2020-09-09 18:00:00,WEAK,1,11378.0,11386.0,155.5,4.5,8.0,7.031112673580594,10.0,False,0.0,NQ09B BUY WEEKDAY 1800 D80
BUY,288,2020-09-10 09:30:00,2020-09-10 09:30:00,NY,2,11517.75,11530.5,501.0,9.0,12.75,11.069870417399231,16.0,False,0.0,NQ09B BUY NY N130 TP2
BUY,289,2020-09-10 18:00:00,2020-09-10 18:00:00,WEAK,1,11187.25,11195.25,155.5,4.5,8.0,7.150997787660059,10.0,False,0.0,NQ09B BUY WEEKDAY 1800 D80
BUY,290,2020-09-11 09:30:00,2020-09-11 09:30:00,NY,2,11244.75,11257.5,501.0,9.0,12.75,11.33862469152271,16.0,False,0.0,NQ09B BUY NY N130 TP2
BUY,291,2020-09-13 18:00:00,2020-09-13 18:00:00,WEEKLY,2,11104.25,11112.25,311.0,9.0,8.0,7.204448747101336,10.0,False,0.0,NQ09B BUY WEEKLY W80
BUY,292,2020-09-14 09:30:00,2020-09-14 09:30:00,NY,2,11243.0,11255.75,501.0,9.0,12.75,11.340389575736014,16.0,False,0.0,NQ09B BUY NY N130 TP2
BUY,295,2020-09-16 18:00:00,2020-09-16 18:00:00,WEAK,1,11257.25,11265.25,155.5,4.5,8.0,7.106531346465611,10.0,False,0.0,NQ09B BUY WEEKDAY 1800 D80
BUY,298,2020-09-18 09:30:00,2020-09-18 09:30:00,NY,2,11115.75,11128.5,501.0,9.0,12.75,11.470211186829498,16.0,False,0.0,NQ09B BUY NY N130 TP2
BUY,299,2020-09-20 18:00:00,2020-09-20 18:00:00,WEEKLY,2,10920.25,10928.25,311.0,9.0,8.0,7.325839609899041,10.0,False,0.0,NQ09B BUY WEEKLY W80
BUY,301,2020-09-21 18:00:00,2020-09-21 18:00:00,WEAK,1,10966.5,10974.5,155.5,4.5,8.0,7.2949436921533755,10.0,False,0.0,NQ09B BUY WEEKDAY 1800 D80
BUY,305,2020-09-24 18:00:00,2020-09-24 18:00:00,PREMIUM,2,10914.5,10922.5,311.0,9.0,8.0,7.329699024233817,10.0,False,0.0,NQ09B BUY WEEKDAY 1800 D80
BUY,306,2020-09-25 09:30:00,2020-09-25 09:30:00,NY,2,10895.5,10908.25,501.0,9.0,12.75,11.702078839888026,16.0,False,0.0,NQ09B BUY NY N130 TP2
BUY,307,2020-09-27 18:00:00,2020-09-27 18:00:00,WEEKLY,2,11145.25,11153.25,311.0,9.0,8.0,7.177945761647338,10.0,False,0.0,NQ09B BUY WEEKLY W80
BUY,314,2020-10-04 18:00:00,2020-10-04 18:00:00,WEEKLY,2,11308.75,11316.75,311.0,9.0,8.0,7.074168232563281,10.0,False,0.0,NQ09B BUY WEEKLY W80
BUY,331,2020-10-18 18:00:00,2020-10-18 18:00:00,WEEKLY,2,11817.0,11825.0,311.0,9.0,8.0,6.769907760006769,10.0,False,0.0,NQ09B BUY WEEKLY W80
BUY,333,2020-10-19 18:00:00,2020-10-19 18:00:00,PREMIUM,2,11697.75,11705.75,311.0,9.0,8.0,6.838922014917398,10.0,False,0.0,NQ09B BUY WEEKDAY 1800 D80
BUY,341,2020-10-27 09:30:00,2020-10-27 09:30:00,NY,2,11535.25,11548.0,501.0,9.0,12.75,11.053076439609024,16.0,False,0.0,NQ09B BUY NY N130 TP2
BUY,343,2020-10-28 09:30:00,2020-10-28 09:30:00,NY,2,11400.75,11413.5,501.0,9.0,12.75,11.183474771396618,16.0,False,0.0,NQ09B BUY NY N130 TP2
BUY,344,2020-10-28 18:00:00,2020-10-28 18:00:00,PREMIUM,2,11180.75,11188.75,311.0,9.0,8.0,7.155155065626188,10.0,False,0.0,NQ09B BUY WEEKDAY 1800 D80
BUY,349,2020-11-02 09:30:00,2020-11-02 09:30:00,NY,2,11139.5,11152.25,501.0,9.0,12.75,11.445756093181918,16.0,False,0.0,NQ09B BUY NY N130 TP2
BUY,353,2020-11-04 18:00:00,2020-11-04 18:00:00,PREMIUM,2,11830.25,11838.25,311.0,9.0,8.0,6.762325394645083,10.0,False,0.0,NQ09B BUY WEEKDAY 1800 D80
BUY,356,2020-11-06 09:30:00,2020-11-06 09:30:00,NY,2,12035.25,12048.0,501.0,9.0,12.75,10.593880476101454,16.0,False,0.0,NQ09B BUY NY N130 TP2
BUY,358,2020-11-09 09:30:00,2020-11-09 09:30:00,NY,2,12191.5,12204.25,501.0,9.0,12.75,10.458106057499078,16.0,False,0.0,NQ09B BUY NY N130 TP2
BUY,365,2020-11-15 18:00:00,2020-11-15 18:00:00,WEEKLY,2,11957.5,11965.5,311.0,9.0,8.0,6.690361697679281,10.0,False,0.0,NQ09B BUY WEEKLY W80
BUY,371,2020-11-19 09:30:00,2020-11-19 09:30:00,NY,2,11869.75,11882.5,501.0,9.0,12.75,10.74159101918743,16.0,False,0.0,NQ09B BUY NY N130 TP2
BUY,384,2020-12-01 18:00:00,2020-12-01 18:00:00,WEAK,1,12456.5,12464.5,155.5,4.5,8.0,6.422349777224743,10.0,False,0.0,NQ09B BUY WEEKDAY 1800 D80
BUY,393,2020-12-10 09:30:00,2020-12-10 09:30:00,NY,2,12265.0,12277.75,501.0,9.0,12.75,10.395434162250305,16.0,False,0.0,NQ09B BUY NY N130 TP2
BUY,394,2020-12-11 09:30:00,2020-12-11 09:30:00,NY,2,12330.0,12342.75,501.0,9.0,12.75,10.340632603406325,16.0,False,0.0,NQ09B BUY NY N130 TP2
BUY,397,2020-12-15 09:30:00,2020-12-15 09:30:00,NY,2,12564.75,12577.5,501.0,9.0,12.75,10.14743628006924,16.0,False,0.0,NQ09B BUY NY N130 TP2
BUY,401,2020-12-18 09:30:00,2020-12-18 09:30:00,NY,2,12775.0,12787.75,501.0,9.0,12.75,9.980430528375734,16.0,False,0.0,NQ09B BUY NY N130 TP2
BUY,402,2020-12-20 18:00:00,2020-12-20 18:00:00,WEEKLY,2,12760.25,12768.25,311.0,9.0,8.0,6.269469642052467,10.0,False,0.0,NQ09B BUY WEEKLY W80
BUY,411,2020-12-30 18:00:00,2020-12-30 18:00:00,WEAK,1,12840.25,12848.25,155.5,4.5,8.0,6.230408286443021,10.0,False,0.0,NQ09B BUY WEEKDAY 1800 D80
BUY,413,2021-01-03 18:00:00,2021-01-03 18:00:00,WEEKLY,2,12889.25,12897.25,311.0,9.0,8.0,6.206722656477297,10.0,False,0.0,NQ09B BUY WEEKLY W80
BUY,418,2021-01-06 09:30:00,2021-01-06 09:30:00,NY,2,12598.5,12611.25,501.0,9.0,12.75,10.120252411001308,16.0,False,0.0,NQ09B BUY NY N130 TP2
BUY,422,2021-01-08 09:30:00,2021-01-08 09:30:00,NY,2,13019.25,13032.0,501.0,9.0,12.75,9.793190852007605,16.0,False,0.0,NQ09B BUY NY N130 TP2
BUY,423,2021-01-10 18:00:00,2021-01-10 18:00:00,WEEKLY,2,13093.5,13101.5,311.0,9.0,8.0,6.109901859701379,10.0,False,0.0,NQ09B BUY WEEKLY W80
BUY,436,2021-01-20 18:00:00,2021-01-20 18:00:00,WEAK,1,13288.75,13296.75,155.5,4.5,8.0,6.020129809049008,10.0,False,0.0,NQ09B BUY WEEKDAY 1800 D80
BUY,438,2021-01-22 09:30:00,2021-01-22 09:30:00,NY,2,13348.0,13360.75,501.0,9.0,12.75,9.551992807911297,16.0,False,0.0,NQ09B BUY NY N130 TP2
BUY,447,2021-01-28 18:00:00,2021-01-28 18:00:00,PREMIUM,2,13156.25,13164.25,311.0,9.0,8.0,6.080760095011876,10.0,False,0.0,NQ09B BUY WEEKDAY 1800 D80
BUY,449,2021-01-31 18:00:00,2021-01-31 18:00:00,WEEKLY,2,12849.25,12857.25,311.0,9.0,8.0,6.226044321653015,10.0,False,0.0,NQ09B BUY WEEKLY W80
BUY,454,2021-02-03 09:30:00,2021-02-03 09:30:00,NY,2,13531.75,13544.5,501.0,9.0,12.75,9.422284626896005,16.0,False,0.0,NQ09B BUY NY N130 TP2
BUY,455,2021-02-03 18:00:00,2021-02-03 18:00:00,PREMIUM,2,13429.75,13437.75,311.0,9.0,8.0,5.9569239933729214,10.0,False,0.0,NQ09B BUY WEEKDAY 1800 D80
BUY,456,2021-02-04 09:30:00,2021-02-04 09:30:00,NY,2,13449.25,13462.0,501.0,9.0,12.75,9.480082532483223,16.0,False,0.0,NQ09B BUY NY N130 TP2
BUY,460,2021-02-09 09:30:00,2021-02-09 09:30:00,NY,2,13646.0,13658.75,501.0,9.0,12.75,9.343397332551664,16.0,False,0.0,NQ09B BUY NY N130 TP2
BUY,465,2021-02-14 18:00:00,2021-02-14 18:00:00,WEEKLY,2,13829.75,13837.75,311.0,9.0,8.0,5.784630958621811,10.0,False,0.0,NQ09B BUY WEEKLY W80
BUY,469,2021-02-17 09:30:00,2021-02-17 09:30:00,NY,2,13638.75,13651.5,501.0,9.0,12.75,9.348364036293649,16.0,False,0.0,NQ09B BUY NY N130 TP2
BUY,472,2021-02-21 18:00:00,2021-02-21 18:00:00,WEEKLY,2,13585.25,13593.25,311.0,9.0,8.0,5.888739625696987,10.0,False,0.0,NQ09B BUY WEEKLY W80
BUY,473,2021-02-22 09:30:00,2021-02-22 09:30:00,NY,2,13391.5,13404.25,501.0,9.0,12.75,9.52096479109883,16.0,False,0.0,NQ09B BUY NY N130 TP2
BUY,474,2021-02-23 09:30:00,2021-02-23 09:30:00,NY,2,13001.25,13014.0,501.0,9.0,12.75,9.806749351023939,16.0,False,0.0,NQ09B BUY NY N130 TP2
BUY,479,2021-02-25 18:00:00,2021-02-25 18:00:00,PREMIUM,2,12802.75,12810.75,311.0,9.0,8.0,6.2486575149870145,10.0,False,0.0,NQ09B BUY WEEKDAY 1800 D80
BUY,482,2021-03-01 09:30:00,2021-03-01 09:30:00,NY,2,13099.5,13112.25,501.0,9.0,12.75,9.73319592350853,16.0,False,0.0,NQ09B BUY NY N130 TP2
BUY,488,2021-03-04 18:00:00,2021-03-04 18:00:00,WEAK,1,12435.25,12443.25,155.5,4.5,8.0,6.433324621539575,10.0,False,0.0,NQ09B BUY WEEKDAY 1800 D80
BUY,489,2021-03-05 09:30:00,2021-03-05 09:30:00,NY,2,12583.0,12595.75,501.0,9.0,12.75,10.13271874751649,16.0,False,0.0,NQ09B BUY NY N130 TP2
BUY,497,2021-03-14 18:00:00,2021-03-14 18:00:00,WEEKLY,2,12950.25,12958.25,311.0,9.0,8.0,6.177486921101909,10.0,False,0.0,NQ09B BUY WEEKLY W80
BUY,499,2021-03-16 09:30:00,2021-03-16 09:30:00,NY,2,13160.0,13172.75,501.0,9.0,12.75,9.688449848024316,16.0,False,0.0,NQ09B BUY NY N130 TP2
BUY,503,2021-03-18 18:00:00,2021-03-18 18:00:00,WEAK,1,12793.75,12801.75,155.5,4.5,8.0,6.253053248656571,10.0,False,0.0,NQ09B BUY WEEKDAY 1800 D80
BUY,506,2021-03-22 09:30:00,2021-03-22 09:30:00,NY,2,12928.5,12941.25,501.0,9.0,12.75,9.861932938856016,16.0,False,0.0,NQ09B BUY NY N130 TP2
BUY,510,2021-03-25 09:30:00,2021-03-25 09:30:00,NY,2,12717.75,12730.5,501.0,9.0,12.75,10.025358259126026,16.0,False,0.0,NQ09B BUY NY N130 TP2
BUY,514,2021-03-30 09:30:00,2021-03-30 09:30:00,NY,2,12873.75,12886.5,501.0,9.0,12.75,9.903874162540053,16.0,False,0.0,NQ09B BUY NY N130 TP2
BUY,522,2021-04-08 09:30:00,2021-04-08 09:30:00,NY,2,13726.75,13739.5,501.0,9.0,12.75,9.28843316881272,16.0,False,0.0,NQ09B BUY NY N130 TP2
BUY,532,2021-04-18 18:00:00,2021-04-18 18:00:00,WEEKLY,2,13989.25,13997.25,311.0,9.0,8.0,5.71867684114588,10.0,False,0.0,NQ09B BUY WEEKLY W80
BUY,539,2021-04-23 09:30:00,2021-04-23 09:30:00,NY,2,13776.75,13789.5,501.0,9.0,12.75,9.254722630518808,16.0,False,0.0,NQ09B BUY NY N130 TP2
BUY,546,2021-04-29 09:30:00,2021-04-29 09:30:00,NY,2,14042.25,14055.0,501.0,9.0,12.75,9.079741494418629,16.0,False,0.0,NQ09B BUY NY N130 TP2
BUY,551,2021-05-04 09:30:00,2021-05-04 09:30:00,NY,2,13683.5,13696.25,501.0,9.0,12.75,9.317791500712538,16.0,False,0.0,NQ09B BUY NY N130 TP2
BUY,553,2021-05-05 18:00:00,2021-05-05 18:00:00,WEAK,1,13484.25,13492.25,155.5,4.5,8.0,5.932847581437604,10.0,False,0.0,NQ09B BUY WEEKDAY 1800 D80
BUY,560,2021-05-11 09:30:00,2021-05-11 09:30:00,NY,2,13113.5,13126.25,501.0,9.0,12.75,9.72280474320357,16.0,False,0.0,NQ09B BUY NY N130 TP2
BUY,562,2021-05-12 18:00:00,2021-05-12 18:00:00,PREMIUM,2,12969.0,12977.0,311.0,9.0,8.0,6.168555786876397,10.0,False,0.0,NQ09B BUY WEEKDAY 1800 D80
BUY,568,2021-05-18 18:00:00,2021-05-18 18:00:00,WEAK,1,13182.25,13190.25,155.5,4.5,8.0,6.068766712814581,10.0,False,0.0,NQ09B BUY WEEKDAY 1800 D80
BUY,572,2021-05-21 09:30:00,2021-05-21 09:30:00,NY,2,13552.0,13564.75,501.0,9.0,12.75,9.408205430932703,16.0,False,0.0,NQ09B BUY NY N130 TP2
BUY,573,2021-05-23 18:00:00,2021-05-23 18:00:00,WEEKLY,2,13383.5,13391.5,311.0,9.0,8.0,5.977509620054544,10.0,False,0.0,NQ09B BUY WEEKLY W80
BUY,606,2021-06-21 09:30:00,2021-06-21 09:30:00,NY,2,14052.25,14065.0,501.0,9.0,12.75,9.073280079702538,16.0,False,0.0,NQ09B BUY NY N130 TP2
BUY,626,2021-07-11 18:00:00,2021-07-11 18:00:00,WEEKLY,2,14824.25,14832.25,311.0,9.0,8.0,5.396563063898679,10.0,False,0.0,NQ09B BUY WEEKLY W80
BUY,635,2021-07-19 09:30:00,2021-07-19 09:30:00,NY,2,14529.0,14541.75,501.0,9.0,12.75,8.775552343588686,16.0,False,0.0,NQ09B BUY NY N130 TP2
BUY,641,2021-07-22 09:30:00,2021-07-22 09:30:00,NY,2,14840.25,14853.0,501.0,9.0,12.75,8.591499469348562,16.0,False,0.0,NQ09B BUY NY N130 TP2
BUY,681,2021-08-26 09:30:00,2021-08-26 09:30:00,NY,2,15335.75,15348.5,501.0,9.0,12.75,8.313907047258857,16.0,False,0.0,NQ09B BUY NY N130 TP2
BUY,685,2021-08-30 09:30:00,2021-08-30 09:30:00,NY,2,15455.75,15468.5,501.0,9.0,12.75,8.249357035407535,16.0,False,0.0,NQ09B BUY NY N130 TP2
BUY,694,2021-09-07 09:30:00,2021-09-07 09:30:00,NY,2,15655.25,15668.0,501.0,9.0,12.75,8.144232765366251,16.0,False,0.0,NQ09B BUY NY N130 TP2
BUY,699,2021-09-10 09:30:00,2021-09-10 09:30:00,NY,2,15637.75,15650.5,501.0,9.0,12.75,8.153346868954934,16.0,False,0.0,NQ09B BUY NY N130 TP2
BUY,701,2021-09-13 09:30:00,2021-09-13 09:30:00,NY,2,15546.75,15559.5,501.0,9.0,12.75,8.20107096338463,16.0,False,0.0,NQ09B BUY NY N130 TP2
BUY,711,2021-09-21 09:30:00,2021-09-21 09:30:00,NY,2,15082.5,15095.25,501.0,9.0,12.75,8.453505718547985,16.0,False,0.0,NQ09B BUY NY N130 TP2
BUY,718,2021-09-26 18:00:00,2021-09-26 18:00:00,WEEKLY,2,15319.25,15327.25,311.0,9.0,8.0,5.222187770289016,10.0,False,0.0,NQ09B BUY WEEKLY W80
BUY,719,2021-09-27 09:30:00,2021-09-27 09:30:00,NY,2,15185.5,15198.25,501.0,9.0,12.75,8.396167396529584,16.0,False,0.0,NQ09B BUY NY N130 TP2
BUY,721,2021-09-28 18:00:00,2021-09-28 18:00:00,WEAK,1,14769.5,14777.5,155.5,4.5,8.0,5.4165679271471605,10.0,False,0.0,NQ09B BUY WEEKDAY 1800 D80
BUY,725,2021-10-01 09:30:00,2021-10-01 09:30:00,NY,2,14710.25,14723.0,501.0,9.0,12.75,8.66742577454496,16.0,False,0.0,NQ09B BUY NY N130 TP2
BUY,727,2021-10-04 09:30:00,2021-10-04 09:30:00,NY,2,14704.5,14717.25,501.0,9.0,12.75,8.670815056615321,16.0,False,0.0,NQ09B BUY NY N130 TP2
BUY,735,2021-10-10 18:00:00,2021-10-10 18:00:00,WEEKLY,2,14810.5,14818.5,311.0,9.0,8.0,5.401573208196887,10.0,False,0.0,NQ09B BUY WEEKLY W80
BUY,737,2021-10-12 09:30:00,2021-10-12 09:30:00,NY,2,14760.0,14772.75,501.0,9.0,12.75,8.638211382113822,16.0,False,0.0,NQ09B BUY NY N130 TP2
BUY,739,2021-10-13 09:30:00,2021-10-13 09:30:00,NY,2,14747.0,14759.75,501.0,9.0,12.75,8.64582626974978,16.0,False,0.0,NQ09B BUY NY N130 TP2
BUY,742,2021-10-17 18:00:00,2021-10-17 18:00:00,WEEKLY,2,15145.25,15153.25,311.0,9.0,8.0,5.282184183159736,10.0,False,0.0,NQ09B BUY WEEKLY W80
BUY,748,2021-10-22 09:30:00,2021-10-22 09:30:00,NY,2,15422.75,15435.5,501.0,9.0,12.75,8.267008153539415,16.0,False,0.0,NQ09B BUY NY N130 TP2
BUY,755,2021-10-27 18:00:00,2021-10-27 18:00:00,WEAK,1,15595.25,15603.25,155.5,4.5,8.0,5.129767076513683,10.0,False,0.0,NQ09B BUY WEEKDAY 1800 D80
BUY,759,2021-10-31 18:00:00,2021-10-31 18:00:00,WEEKLY,2,15885.5,15893.5,311.0,9.0,8.0,5.036039155204431,10.0,False,0.0,NQ09B BUY WEEKLY W80
BUY,762,2021-11-03 09:30:00,2021-11-03 09:30:00,NY,2,15980.75,15993.5,501.0,9.0,12.75,7.97834895108177,16.0,False,0.0,NQ09B BUY NY N130 TP2
BUY,764,2021-11-05 09:30:00,2021-11-05 09:30:00,NY,2,16410.25,16423.0,501.0,9.0,12.75,7.76953428497433,16.0,False,0.0,NQ09B BUY NY N130 TP2
BUY,765,2021-11-07 18:00:00,2021-11-07 18:00:00,WEEKLY,2,16293.25,16301.25,311.0,9.0,8.0,4.910008745953078,10.0,False,0.0,NQ09B BUY WEEKLY W80
BUY,775,2021-11-17 18:00:00,2021-11-17 18:00:00,WEAK,1,16322.75,16330.75,155.5,4.5,8.0,4.9011349190546944,10.0,False,0.0,NQ09B BUY WEEKDAY 1800 D80
BUY,780,2021-11-22 09:30:00,2021-11-22 09:30:00,NY,2,16638.75,16651.5,501.0,9.0,12.75,7.662835249042145,16.0,False,0.0,NQ09B BUY NY N130 TP2
BUY,782,2021-11-23 09:30:00,2021-11-23 09:30:00,NY,2,16331.25,16344.0,501.0,9.0,12.75,7.807118254879449,16.0,False,0.0,NQ09B BUY NY N130 TP2
BUY,788,2021-11-30 09:30:00,2021-11-30 09:30:00,NY,2,16355.25,16368.0,501.0,9.0,12.75,7.795661943412666,16.0,False,0.0,NQ09B BUY NY N130 TP2
BUY,789,2021-11-30 18:00:00,2021-11-30 18:00:00,PREMIUM,2,16239.0,16247.0,311.0,9.0,8.0,4.926411724859904,10.0,False,0.0,NQ09B BUY WEEKDAY 1800 D80
BUY,790,2021-12-01 09:30:00,2021-12-01 09:30:00,NY,2,16339.25,16352.0,501.0,9.0,12.75,7.803295744908732,16.0,False,0.0,NQ09B BUY NY N130 TP2
BUY,791,2021-12-01 18:00:00,2021-12-01 18:00:00,WEAK,1,15892.0,15900.0,155.5,4.5,8.0,5.033979360684621,10.0,False,0.0,NQ09B BUY WEEKDAY 1800 D80
BUY,795,2021-12-05 18:00:00,2021-12-05 18:00:00,WEEKLY,2,15716.5,15724.5,311.0,9.0,8.0,5.090191836604841,10.0,False,0.0,NQ09B BUY WEEKLY W80
BUY,796,2021-12-06 09:30:00,2021-12-06 09:30:00,NY,2,15734.5,15747.25,501.0,9.0,12.75,8.103212685500017,16.0,False,0.0,NQ09B BUY NY N130 TP2
BUY,804,2021-12-15 09:30:00,2021-12-15 09:30:00,NY,2,15908.25,15921.0,501.0,9.0,12.75,8.014709348922729,16.0,False,0.0,NQ09B BUY NY N130 TP2
BUY,808,2021-12-20 09:30:00,2021-12-20 09:30:00,NY,2,15578.25,15591.0,501.0,9.0,12.75,8.184487988060276,16.0,False,0.0,NQ09B BUY NY N130 TP2
BUY,812,2021-12-26 18:00:00,2021-12-26 18:00:00,WEEKLY,2,16304.5,16312.5,311.0,9.0,8.0,4.906620871538532,10.0,False,0.0,NQ09B BUY WEEKLY W80
BUY,818,2022-01-02 18:00:00,2022-01-02 18:00:00,WEEKLY,2,16356.25,16364.25,311.0,9.0,8.0,4.8910966755827285,10.0,False,0.0,NQ09B BUY WEEKLY W80
BUY,821,2022-01-05 09:30:00,2022-01-05 09:30:00,NY,2,16200.5,16213.25,501.0,9.0,12.75,7.8701274652016915,16.0,False,0.0,NQ09B BUY NY N130 TP2
BUY,825,2022-01-07 09:30:00,2022-01-07 09:30:00,NY,2,15757.25,15770.0,501.0,9.0,12.75,8.091513430325723,16.0,False,0.0,NQ09B BUY NY N130 TP2
BUY,826,2022-01-09 18:00:00,2022-01-09 18:00:00,WEEKLY,2,15590.25,15598.25,311.0,9.0,8.0,5.131412260868171,10.0,False,0.0,NQ09B BUY WEEKLY W80
BUY,827,2022-01-10 09:30:00,2022-01-10 09:30:00,NY,2,15377.25,15390.0,501.0,9.0,12.75,8.291469541042774,16.0,False,0.0,NQ09B BUY NY N130 TP2
BUY,829,2022-01-11 09:30:00,2022-01-11 09:30:00,NY,2,15565.75,15578.5,501.0,9.0,12.75,8.19106050142139,16.0,False,0.0,NQ09B BUY NY N130 TP2
BUY,831,2022-01-13 09:30:00,2022-01-13 09:30:00,NY,2,15950.75,15963.5,501.0,9.0,12.75,7.993354544457158,16.0,False,0.0,NQ09B BUY NY N130 TP2
BUY,836,2022-01-18 09:30:00,2022-01-18 09:30:00,NY,2,15348.0,15360.75,501.0,9.0,12.75,8.307271305707584,16.0,False,0.0,NQ09B BUY NY N130 TP2
BUY,843,2022-01-24 09:30:00,2022-01-24 09:30:00,NY,2,14191.25,14204.0,501.0,9.0,12.75,8.984409407205144,16.0,False,0.0,NQ09B BUY NY N130 TP2
BUY,846,2022-01-25 18:00:00,2022-01-25 18:00:00,PREMIUM,2,13945.75,13953.75,311.0,9.0,8.0,5.736514708782245,10.0,False,0.0,NQ09B BUY WEEKDAY 1800 D80
BUY,847,2022-01-26 09:30:00,2022-01-26 09:30:00,NY,2,14476.0,14488.75,501.0,9.0,12.75,8.807681680022105,16.0,False,0.0,NQ09B BUY NY N130 TP2
BUY,849,2022-01-27 09:30:00,2022-01-27 09:30:00,NY,2,14333.25,14346.0,501.0,9.0,12.75,8.895400554654387,16.0,False,0.0,NQ09B BUY NY N130 TP2
BUY,850,2022-01-27 18:00:00,2022-01-27 18:00:00,PREMIUM,2,14168.0,14176.0,311.0,9.0,8.0,5.64652738565782,10.0,False,0.0,NQ09B BUY WEEKDAY 1800 D80
BUY,851,2022-01-28 09:30:00,2022-01-28 09:30:00,NY,2,14068.75,14081.5,501.0,9.0,12.75,9.062638827187916,16.0,False,0.0,NQ09B BUY NY N130 TP2
BUY,852,2022-01-30 18:00:00,2022-01-30 18:00:00,WEEKLY,2,14454.25,14462.25,311.0,9.0,8.0,5.53470432571735,10.0,False,0.0,NQ09B BUY WEEKLY W80
BUY,853,2022-01-31 09:30:00,2022-01-31 09:30:00,NY,2,14488.5,14501.25,501.0,9.0,12.75,8.800082824308936,16.0,False,0.0,NQ09B BUY NY N130 TP2
BUY,857,2022-02-02 18:00:00,2022-02-02 18:00:00,PREMIUM,2,14852.75,14860.75,311.0,9.0,8.0,5.386207941290333,10.0,False,0.0,NQ09B BUY WEEKDAY 1800 D80
BUY,860,2022-02-04 09:30:00,2022-02-04 09:30:00,NY,2,14519.5,14532.25,501.0,9.0,12.75,8.781294121698405,16.0,False,0.0,NQ09B BUY NY N130 TP2
BUY,861,2022-02-06 18:00:00,2022-02-06 18:00:00,WEEKLY,2,14682.75,14690.75,311.0,9.0,8.0,5.448570601556248,10.0,False,0.0,NQ09B BUY WEEKLY W80
BUY,862,2022-02-07 09:30:00,2022-02-07 09:30:00,NY,2,14708.5,14721.25,501.0,9.0,12.75,8.668457014651391,16.0,False,0.0,NQ09B BUY NY N130 TP2
BUY,864,2022-02-09 09:30:00,2022-02-09 09:30:00,NY,2,14919.25,14932.0,501.0,9.0,12.75,8.546005998961073,16.0,False,0.0,NQ09B BUY NY N130 TP2
BUY,868,2022-02-13 18:00:00,2022-02-13 18:00:00,WEEKLY,2,14250.25,14258.25,311.0,9.0,8.0,5.6139365976035505,10.0,False,0.0,NQ09B BUY WEEKLY W80
BUY,875,2022-02-18 09:30:00,2022-02-18 09:30:00,NY,2,14204.75,14217.5,501.0,9.0,12.75,8.975870747461236,16.0,False,0.0,NQ09B BUY NY N130 TP2
BUY,888,2022-03-02 09:30:00,2022-03-02 09:30:00,NY,2,14067.75,14080.5,501.0,9.0,12.75,9.063283040998027,16.0,False,0.0,NQ09B BUY NY N130 TP2
BUY,891,2022-03-04 09:30:00,2022-03-04 09:30:00,NY,2,13935.25,13948.0,501.0,9.0,12.75,9.149459105505821,16.0,False,0.0,NQ09B BUY NY N130 TP2
BUY,895,2022-03-08 09:30:00,2022-03-08 09:30:00,NY,2,13286.5,13299.25,501.0,9.0,12.75,9.596206675949272,16.0,False,0.0,NQ09B BUY NY N130 TP2
BUY,896,2022-03-09 09:30:00,2022-03-09 09:30:00,NY,2,13603.5,13616.25,501.0,9.0,12.75,9.372587936927998,16.0,False,0.0,NQ09B BUY NY N130 TP2
BUY,898,2022-03-10 09:30:00,2022-03-10 09:30:00,NY,2,13565.25,13578.0,501.0,9.0,12.75,9.399015867750318,16.0,False,0.0,NQ09B BUY NY N130 TP2
BUY,905,2022-03-17 09:30:00,2022-03-17 09:30:00,NY,2,13872.5,13885.25,501.0,9.0,12.75,9.190845197332854,16.0,False,0.0,NQ09B BUY NY N130 TP2
BUY,907,2022-03-18 09:30:00,2022-03-18 09:30:00,NY,2,14046.75,14059.5,501.0,9.0,12.75,9.076832719312296,16.0,False,0.0,NQ09B BUY NY N130 TP2
BUY,911,2022-03-23 09:30:00,2022-03-23 09:30:00,NY,2,14532.0,14544.75,501.0,9.0,12.75,8.773740710156895,16.0,False,0.0,NQ09B BUY NY N130 TP2
BUY,914,2022-03-27 18:00:00,2022-03-27 18:00:00,WEEKLY,2,14756.25,14764.25,311.0,9.0,8.0,5.421431596781025,10.0,False,0.0,NQ09B BUY WEEKLY W80
BUY,927,2022-04-11 09:30:00,2022-04-11 09:30:00,NY,2,14158.5,14171.25,501.0,9.0,12.75,9.00519122788431,16.0,False,0.0,NQ09B BUY NY N130 TP2
BUY,929,2022-04-13 09:30:00,2022-04-13 09:30:00,NY,2,13953.0,13965.75,501.0,9.0,12.75,9.137819823693828,16.0,False,0.0,NQ09B BUY NY N130 TP2
BUY,931,2022-04-17 18:00:00,2022-04-17 18:00:00,WEEKLY,2,13892.25,13900.25,311.0,9.0,8.0,5.758606417247027,10.0,False,0.0,NQ09B BUY WEEKLY W80
BUY,934,2022-04-20 09:30:00,2022-04-20 09:30:00,NY,2,14252.0,14264.75,501.0,9.0,12.75,8.946112826269998,16.0,False,0.0,NQ09B BUY NY N130 TP2
BUY,938,2022-04-24 18:00:00,2022-04-24 18:00:00,WEEKLY,2,13334.5,13342.5,311.0,9.0,8.0,5.999475045933481,10.0,False,0.0,NQ09B BUY WEEKLY W80
BUY,945,2022-04-28 18:00:00,2022-04-28 18:00:00,PREMIUM,2,13219.75,13227.75,311.0,9.0,8.0,6.051551655666711,10.0,False,0.0,NQ09B BUY WEEKDAY 1800 D80
BUY,947,2022-05-01 18:00:00,2022-05-01 18:00:00,WEEKLY,2,12892.5,12900.5,311.0,9.0,8.0,6.20515803761877,10.0,False,0.0,NQ09B BUY WEEKLY W80
BUY,954,2022-05-06 09:30:00,2022-05-06 09:30:00,NY,2,12760.25,12773.0,501.0,9.0,12.75,9.99196724202112,16.0,False,0.0,NQ09B BUY NY N130 TP2
BUY,955,2022-05-08 18:00:00,2022-05-08 18:00:00,WEEKLY,2,12605.25,12613.25,311.0,9.0,8.0,6.346561948394518,10.0,False,0.0,NQ09B BUY WEEKLY W80
BUY,961,2022-05-12 18:00:00,2022-05-12 18:00:00,PREMIUM,2,11891.75,11899.75,311.0,9.0,8.0,6.72735299682553,10.0,False,0.0,NQ09B BUY WEEKDAY 1800 D80
BUY,962,2022-05-13 09:30:00,2022-05-13 09:30:00,NY,2,12132.25,12145.0,501.0,9.0,12.75,10.50918007789157,16.0,False,0.0,NQ09B BUY NY N130 TP2
BUY,964,2022-05-16 09:30:00,2022-05-16 09:30:00,NY,2,12311.75,12324.5,501.0,9.0,12.75,10.355960769183909,16.0,False,0.0,NQ09B BUY NY N130 TP2
BUY,965,2022-05-17 09:30:00,2022-05-17 09:30:00,NY,2,12491.5,12504.25,501.0,9.0,12.75,10.206940719689388,16.0,False,0.0,NQ09B BUY NY N130 TP2
BUY,968,2022-05-19 09:30:00,2022-05-19 09:30:00,NY,2,11864.5,11877.25,501.0,9.0,12.75,10.746344135867504,16.0,False,0.0,NQ09B BUY NY N130 TP2
BUY,969,2022-05-20 09:30:00,2022-05-20 09:30:00,NY,2,12026.5,12039.25,501.0,9.0,12.75,10.601588159481144,16.0,False,0.0,NQ09B BUY NY N130 TP2
BUY,971,2022-05-23 09:30:00,2022-05-23 09:30:00,NY,2,11885.0,11897.75,501.0,9.0,12.75,10.72780816154817,16.0,False,0.0,NQ09B BUY NY N130 TP2
BUY,972,2022-05-24 09:30:00,2022-05-24 09:30:00,NY,2,11816.75,11829.5,501.0,9.0,12.75,10.789768760445977,16.0,False,0.0,NQ09B BUY NY N130 TP2
BUY,974,2022-05-25 18:00:00,2022-05-25 18:00:00,WEAK,1,11887.75,11895.75,155.5,4.5,8.0,6.729616622153056,10.0,False,0.0,NQ09B BUY WEEKDAY 1800 D80
BUY,981,2022-06-02 09:30:00,2022-06-02 09:30:00,NY,2,12502.75,12515.5,501.0,9.0,12.75,10.197756493571415,16.0,False,0.0,NQ09B BUY NY N130 TP2
BUY,983,2022-06-05 18:00:00,2022-06-05 18:00:00,WEEKLY,2,12550.0,12558.0,311.0,9.0,8.0,6.374501992031873,10.0,False,0.0,NQ09B BUY WEEKLY W80
BUY,985,2022-06-07 09:30:00,2022-06-07 09:30:00,NY,2,12457.25,12470.0,501.0,9.0,12.75,10.235003712697425,16.0,False,0.0,NQ09B BUY NY N130 TP2
BUY,986,2022-06-08 09:30:00,2022-06-08 09:30:00,NY,2,12674.0,12686.75,501.0,9.0,12.75,10.059965283257062,16.0,False,0.0,NQ09B BUY NY N130 TP2
BUY,988,2022-06-10 09:30:00,2022-06-10 09:30:00,NY,2,12042.25,12055.0,501.0,9.0,12.75,10.587722394070877,16.0,False,0.0,NQ09B BUY NY N130 TP2
BUY,991,2022-06-14 09:30:00,2022-06-14 09:30:00,NY,2,11415.0,11427.75,501.0,9.0,12.75,11.169513797634691,16.0,False,0.0,NQ09B BUY NY N130 TP2
BUY,994,2022-06-15 18:00:00,2022-06-15 18:00:00,WEAK,1,11646.5,11654.5,155.5,4.5,8.0,6.8690164427081095,10.0,False,0.0,NQ09B BUY WEEKDAY 1800 D80
BUY,995,2022-06-16 09:30:00,2022-06-16 09:30:00,NY,2,11329.25,11342.0,501.0,9.0,12.75,11.254054769733212,16.0,False,0.0,NQ09B BUY NY N130 TP2
BUY,1002,2022-06-23 09:30:00,2022-06-23 09:30:00,NY,2,11661.0,11673.75,501.0,9.0,12.75,10.933882171340365,16.0,False,0.0,NQ09B BUY NY N130 TP2
BUY,1003,2022-06-23 18:00:00,2022-06-23 18:00:00,PREMIUM,2,11688.0,11696.0,311.0,9.0,8.0,6.844626967830253,10.0,False,0.0,NQ09B BUY WEEKDAY 1800 D80
BUY,1006,2022-06-27 09:30:00,2022-06-27 09:30:00,NY,2,12189.5,12202.25,501.0,9.0,12.75,10.459821977931826,16.0,False,0.0,NQ09B BUY NY N130 TP2
BUY,1008,2022-06-29 09:30:00,2022-06-29 09:30:00,NY,2,11669.5,11682.25,501.0,9.0,12.75,10.92591799134496,16.0,False,0.0,NQ09B BUY NY N130 TP2
BUY,1009,2022-06-30 09:30:00,2022-06-30 09:30:00,NY,2,11555.25,11568.0,501.0,9.0,12.75,11.033945609138705,16.0,False,0.0,NQ09B BUY NY N130 TP2
BUY,1021,2022-07-14 09:30:00,2022-07-14 09:30:00,NY,2,11642.5,11655.25,501.0,9.0,12.75,10.951256173502253,16.0,False,0.0,NQ09B BUY NY N130 TP2
BUY,1023,2022-07-17 18:00:00,2022-07-17 18:00:00,WEEKLY,2,12043.75,12051.75,311.0,9.0,8.0,6.642449403217436,10.0,False,0.0,NQ09B BUY WEEKLY W80
BUY,1024,2022-07-18 09:30:00,2022-07-18 09:30:00,NY,2,12124.5,12137.25,501.0,9.0,12.75,10.515897562786096,16.0,False,0.0,NQ09B BUY NY N130 TP2
BUY,1026,2022-07-20 09:30:00,2022-07-20 09:30:00,NY,2,12289.25,12302.0,501.0,9.0,12.75,10.374921170942084,16.0,False,0.0,NQ09B BUY NY N130 TP2
BUY,1027,2022-07-21 09:30:00,2022-07-21 09:30:00,NY,2,12483.75,12496.5,501.0,9.0,12.75,10.21327726043857,16.0,False,0.0,NQ09B BUY NY N130 TP2
BUY,1029,2022-07-24 18:00:00,2022-07-24 18:00:00,WEEKLY,2,12444.75,12452.75,311.0,9.0,8.0,6.428413588059222,10.0,False,0.0,NQ09B BUY WEEKLY W80
BUY,1032,2022-07-26 18:00:00,2022-07-26 18:00:00,PREMIUM,2,12192.25,12200.25,311.0,9.0,8.0,6.5615452439049395,10.0,False,0.0,NQ09B BUY WEEKDAY 1800 D80
BUY,1033,2022-07-27 09:30:00,2022-07-27 09:30:00,NY,2,12302.75,12315.5,501.0,9.0,12.75,10.363536607669017,16.0,False,0.0,NQ09B BUY NY N130 TP2
BUY,1036,2022-07-29 09:30:00,2022-07-29 09:30:00,NY,2,12803.75,12816.5,501.0,9.0,12.75,9.95802011129552,16.0,False,0.0,NQ09B BUY NY N130 TP2
BUY,1037,2022-07-31 18:00:00,2022-07-31 18:00:00,WEEKLY,2,12981.25,12989.25,311.0,9.0,8.0,6.162734713529129,10.0,False,0.0,NQ09B BUY WEEKLY W80
BUY,1038,2022-08-01 09:30:00,2022-08-01 09:30:00,NY,2,12897.25,12910.0,501.0,9.0,12.75,9.88582837426583,16.0,False,0.0,NQ09B BUY NY N130 TP2
BUY,1041,2022-08-04 09:30:00,2022-08-04 09:30:00,NY,2,13274.75,13287.5,501.0,9.0,12.75,9.6047006534963,16.0,False,0.0,NQ09B BUY NY N130 TP2
BUY,1047,2022-08-10 09:30:00,2022-08-10 09:30:00,NY,2,13340.5,13353.25,501.0,9.0,12.75,9.55736291743188,16.0,False,0.0,NQ09B BUY NY N130 TP2
BUY,1048,2022-08-11 09:30:00,2022-08-11 09:30:00,NY,2,13489.75,13502.5,501.0,9.0,12.75,9.451620674956912,16.0,False,0.0,NQ09B BUY NY N130 TP2
BUY,1049,2022-08-12 09:30:00,2022-08-12 09:30:00,NY,2,13402.75,13415.5,501.0,9.0,12.75,9.51297308388204,16.0,False,0.0,NQ09B BUY NY N130 TP2
BUY,1051,2022-08-15 09:30:00,2022-08-15 09:30:00,NY,2,13535.0,13547.75,501.0,9.0,12.75,9.420022164758034,16.0,False,0.0,NQ09B BUY NY N130 TP2
BUY,1067,2022-08-30 09:30:00,2022-08-30 09:30:00,NY,2,12563.75,12576.5,501.0,9.0,12.75,10.14824395582529,16.0,False,0.0,NQ09B BUY NY N130 TP2
BUY,1070,2022-09-01 09:30:00,2022-09-01 09:30:00,NY,2,12172.5,12185.25,501.0,9.0,12.75,10.474430067775723,16.0,False,0.0,NQ09B BUY NY N130 TP2
BUY,1072,2022-09-04 18:00:00,2022-09-04 18:00:00,WEEKLY,2,12110.75,12118.75,311.0,9.0,8.0,6.605701546147017,10.0,False,0.0,NQ09B BUY WEEKLY W80
BUY,1078,2022-09-11 18:00:00,2022-09-11 18:00:00,WEEKLY,2,12626.25,12634.25,311.0,9.0,8.0,6.336006336006336,10.0,False,0.0,NQ09B BUY WEEKLY W80
BUY,1082,2022-09-15 09:30:00,2022-09-15 09:30:00,NY,2,12131.5,12144.25,501.0,9.0,12.75,10.509829781972552,16.0,False,0.0,NQ09B BUY NY N130 TP2
BUY,1085,2022-09-18 18:00:00,2022-09-18 18:00:00,WEEKLY,2,11920.25,11928.25,311.0,9.0,8.0,6.71126863950001,10.0,False,0.0,NQ09B BUY WEEKLY W80
BUY,1089,2022-09-21 09:30:00,2022-09-21 09:30:00,NY,2,11962.75,11975.5,501.0,9.0,12.75,10.65808447054398,16.0,False,0.0,NQ09B BUY NY N130 TP2
BUY,1094,2022-09-25 18:00:00,2022-09-25 18:00:00,WEEKLY,2,11362.75,11370.75,311.0,9.0,8.0,7.040549162834701,10.0,False,0.0,NQ09B BUY WEEKLY W80
BUY,1099,2022-09-29 09:30:00,2022-09-29 09:30:00,NY,2,11387.25,11400.0,501.0,9.0,12.75,11.196733188434433,16.0,False,0.0,NQ09B BUY NY N130 TP2
BUY,1102,2022-10-03 09:30:00,2022-10-03 09:30:00,NY,2,11105.25,11118.0,501.0,9.0,12.75,11.481056257175661,16.0,False,0.0,NQ09B BUY NY N130 TP2
BUY,1108,2022-10-10 09:30:00,2022-10-10 09:30:00,NY,2,11109.0,11121.75,501.0,9.0,12.75,11.477180664326223,16.0,False,0.0,NQ09B BUY NY N130 TP2
BUY,1109,2022-10-11 09:30:00,2022-10-11 09:30:00,NY,2,10920.25,10933.0,501.0,9.0,12.75,11.675556878276597,16.0,False,0.0,NQ09B BUY NY N130 TP2
BUY,1112,2022-10-13 09:30:00,2022-10-13 09:30:00,NY,2,10523.25,10536.0,501.0,9.0,12.75,12.116028793386073,16.0,False,0.0,NQ09B BUY NY N130 TP2
BUY,1113,2022-10-14 09:30:00,2022-10-14 09:30:00,NY,2,11181.5,11194.25,501.0,9.0,12.75,11.402763493270134,16.0,False,0.0,NQ09B BUY NY N130 TP2
BUY,1122,2022-10-21 09:30:00,2022-10-21 09:30:00,NY,2,11044.0,11056.75,501.0,9.0,12.75,11.54473017022818,16.0,False,0.0,NQ09B BUY NY N130 TP2
BUY,1126,2022-10-25 18:00:00,2022-10-25 18:00:00,PREMIUM,2,11510.25,11518.25,311.0,9.0,8.0,6.950326882561196,10.0,False,0.0,NQ09B BUY WEEKDAY 1800 D80
BUY,1127,2022-10-26 09:30:00,2022-10-26 09:30:00,NY,2,11474.75,11487.5,501.0,9.0,12.75,11.111353188522626,16.0,False,0.0,NQ09B BUY NY N130 TP2
BUY,1129,2022-10-27 09:30:00,2022-10-27 09:30:00,NY,2,11401.25,11414.0,501.0,9.0,12.75,11.182984321894528,16.0,False,0.0,NQ09B BUY NY N130 TP2
BUY,1130,2022-10-27 18:00:00,2022-10-27 18:00:00,PREMIUM,2,11123.0,11131.0,311.0,9.0,8.0,7.192304234469118,10.0,False,0.0,NQ09B BUY WEEKDAY 1800 D80
BUY,1133,2022-10-31 09:30:00,2022-10-31 09:30:00,NY,2,11488.5,11501.25,501.0,9.0,12.75,11.098054576315446,16.0,False,0.0,NQ09B BUY NY N130 TP2
BUY,1136,2022-11-03 09:30:00,2022-11-03 09:30:00,NY,2,10829.5,10842.25,501.0,9.0,12.75,11.77339674038506,16.0,False,0.0,NQ09B BUY NY N130 TP2
BUY,1137,2022-11-04 09:30:00,2022-11-04 09:30:00,NY,2,10932.5,10945.25,501.0,9.0,12.75,11.662474273953809,16.0,False,0.0,NQ09B BUY NY N130 TP2
BUY,1138,2022-11-06 18:00:00,2022-11-06 18:00:00,WEEKLY,2,10786.75,10794.75,311.0,9.0,8.0,7.416506361971863,10.0,False,0.0,NQ09B BUY WEEKLY W80
BUY,1139,2022-11-07 09:30:00,2022-11-07 09:30:00,NY,2,10939.0,10951.75,501.0,9.0,12.75,11.655544382484688,16.0,False,0.0,NQ09B BUY NY N130 TP2
BUY,1144,2022-11-11 09:30:00,2022-11-11 09:30:00,NY,2,11624.5,11637.25,501.0,9.0,12.75,10.968213686610177,16.0,False,0.0,NQ09B BUY NY N130 TP2
BUY,1163,2022-12-01 09:30:00,2022-12-01 09:30:00,NY,2,12057.25,12070.0,501.0,9.0,12.75,10.574550581600281,16.0,False,0.0,NQ09B BUY NY N130 TP2
BUY,1171,2022-12-09 09:30:00,2022-12-09 09:30:00,NY,2,11602.0,11614.75,501.0,9.0,12.75,10.989484571625582,16.0,False,0.0,NQ09B BUY NY N130 TP2
BUY,1176,2022-12-15 09:30:00,2022-12-15 09:30:00,NY,2,11686.5,11699.25,501.0,9.0,12.75,10.910024387113335,16.0,False,0.0,NQ09B BUY NY N130 TP2
BUY,1177,2022-12-15 18:00:00,2022-12-15 18:00:00,WEAK,1,11446.75,11454.75,155.5,4.5,8.0,6.988883307489025,10.0,False,0.0,NQ09B BUY WEEKDAY 1800 D80
BUY,1181,2022-12-20 09:30:00,2022-12-20 09:30:00,NY,2,11133.75,11146.5,501.0,9.0,12.75,11.451667228022904,16.0,False,0.0,NQ09B BUY NY N130 TP2
BUY,1187,2022-12-29 09:30:00,2022-12-29 09:30:00,NY,2,10885.75,10898.5,501.0,9.0,12.75,11.712559998162735,16.0,False,0.0,NQ09B BUY NY N130 TP2
BUY,1189,2023-01-03 09:30:00,2023-01-03 09:30:00,NY,2,11119.25,11132.0,501.0,9.0,12.75,11.46660071497628,16.0,False,0.0,NQ09B BUY NY N130 TP2
BUY,1194,2023-01-09 09:30:00,2023-01-09 09:30:00,NY,2,11200.0,11212.75,501.0,9.0,12.75,11.383928571428571,16.0,False,0.0,NQ09B BUY NY N130 TP2
BUY,1196,2023-01-11 09:30:00,2023-01-11 09:30:00,NY,2,11324.0,11336.75,501.0,9.0,12.75,11.259272341928646,16.0,False,0.0,NQ09B BUY NY N130 TP2
BUY,1197,2023-01-12 09:30:00,2023-01-12 09:30:00,NY,2,11490.25,11503.0,501.0,9.0,12.75,11.096364308870566,16.0,False,0.0,NQ09B BUY NY N130 TP2
BUY,1206,2023-01-22 18:00:00,2023-01-22 18:00:00,WEEKLY,2,11677.0,11685.0,311.0,9.0,8.0,6.851074762353344,10.0,False,0.0,NQ09B BUY WEEKLY W80
BUY,1216,2023-01-29 18:00:00,2023-01-29 18:00:00,WEEKLY,2,12212.75,12220.75,311.0,9.0,8.0,6.550531207140079,10.0,False,0.0,NQ09B BUY WEEKLY W80
BUY,1222,2023-02-02 18:00:00,2023-02-02 18:00:00,PREMIUM,2,12748.5,12756.5,311.0,9.0,8.0,6.275248068400204,10.0,False,0.0,NQ09B BUY WEEKDAY 1800 D80
BUY,1224,2023-02-05 18:00:00,2023-02-05 18:00:00,WEEKLY,2,12572.25,12580.25,311.0,9.0,8.0,6.363220585018592,10.0,False,0.0,NQ09B BUY WEEKLY W80
BUY,1227,2023-02-08 09:30:00,2023-02-08 09:30:00,NY,2,12714.0,12726.75,501.0,9.0,12.75,10.02831524303917,16.0,False,0.0,NQ09B BUY NY N130 TP2
BUY,1230,2023-02-12 18:00:00,2023-02-12 18:00:00,WEEKLY,2,12357.75,12365.75,311.0,9.0,8.0,6.473670368796909,10.0,False,0.0,NQ09B BUY WEEKLY W80
BUY,1249,2023-03-05 18:00:00,2023-03-05 18:00:00,WEEKLY,2,12306.5,12314.5,311.0,9.0,8.0,6.500629748506887,10.0,False,0.0,NQ09B BUY WEEKLY W80
BUY,1252,2023-03-07 18:00:00,2023-03-07 18:00:00,WEAK,1,12170.25,12178.25,155.5,4.5,8.0,6.573406462480229,10.0,False,0.0,NQ09B BUY WEEKDAY 1800 D80
BUY,1257,2023-03-12 18:00:00,2023-03-12 18:00:00,WEEKLY,2,11895.0,11903.0,311.0,9.0,8.0,6.725514922236234,10.0,False,0.0,NQ09B BUY WEEKLY W80
BUY,1262,2023-03-16 09:30:00,2023-03-16 09:30:00,NY,2,12345.5,12358.25,501.0,9.0,12.75,10.327649750921388,16.0,False,0.0,NQ09B BUY NY N130 TP2
BUY,1271,2023-03-24 09:30:00,2023-03-24 09:30:00,NY,2,12827.0,12839.75,501.0,9.0,12.75,9.939970374990255,16.0,False,0.0,NQ09B BUY NY N130 TP2
BUY,1276,2023-03-30 09:30:00,2023-03-30 09:30:00,NY,2,13065.0,13077.75,501.0,9.0,12.75,9.758897818599312,16.0,False,0.0,NQ09B BUY NY N130 TP2
BUY,1278,2023-04-02 18:00:00,2023-04-02 18:00:00,WEEKLY,2,13262.25,13270.25,311.0,9.0,8.0,6.032158947388264,10.0,False,0.0,NQ09B BUY WEEKLY W80
BUY,1297,2023-04-24 09:30:00,2023-04-24 09:30:00,NY,2,13077.75,13090.5,501.0,9.0,12.75,9.749383494867235,16.0,False,0.0,NQ09B BUY NY N130 TP2
BUY,1304,2023-04-27 18:00:00,2023-04-27 18:00:00,PREMIUM,2,13215.25,13223.25,311.0,9.0,8.0,6.053612303967007,10.0,False,0.0,NQ09B BUY WEEKDAY 1800 D80
BUY,1306,2023-04-30 18:00:00,2023-04-30 18:00:00,WEEKLY,2,13317.25,13325.25,311.0,9.0,8.0,6.007246240777938,10.0,False,0.0,NQ09B BUY WEEKLY W80
BUY,1332,2023-05-24 09:30:00,2023-05-24 09:30:00,NY,2,13643.5,13656.25,501.0,9.0,12.75,9.345109392751127,16.0,False,0.0,NQ09B BUY NY N130 TP2
BUY,1336,2023-05-28 18:00:00,2023-05-28 18:00:00,WEEKLY,2,14437.75,14445.75,311.0,9.0,8.0,5.541029592561168,10.0,False,0.0,NQ09B BUY WEEKLY W80
BUY,1338,2023-05-30 09:30:00,2023-05-30 09:30:00,NY,2,14510.25,14523.0,501.0,9.0,12.75,8.786892024603297,16.0,False,0.0,NQ09B BUY NY N130 TP2
BUY,1340,2023-05-31 18:00:00,2023-05-31 18:00:00,WEAK,1,14289.75,14297.75,155.5,4.5,8.0,5.5984184467887825,10.0,False,0.0,NQ09B BUY WEEKDAY 1800 D80
BUY,1342,2023-06-02 09:30:00,2023-06-02 09:30:00,NY,2,14543.5,14556.25,501.0,9.0,12.75,8.766803039158386,16.0,False,0.0,NQ09B BUY NY N130 TP2
BUY,1344,2023-06-05 09:30:00,2023-06-05 09:30:00,NY,2,14568.5,14581.25,501.0,9.0,12.75,8.751758931942204,16.0,False,0.0,NQ09B BUY NY N130 TP2
BUY,1346,2023-06-07 09:30:00,2023-06-07 09:30:00,NY,2,14592.5,14605.25,501.0,9.0,12.75,8.737365084803837,16.0,False,0.0,NQ09B BUY NY N130 TP2
BUY,1351,2023-06-12 09:30:00,2023-06-12 09:30:00,NY,2,14623.0,14635.75,501.0,9.0,12.75,8.71914107912193,16.0,False,0.0,NQ09B BUY NY N130 TP2
BUY,1352,2023-06-13 09:30:00,2023-06-13 09:30:00,NY,2,15097.25,15110.0,501.0,9.0,12.75,8.445246650880128,16.0,False,0.0,NQ09B BUY NY N130 TP2
BUY,1353,2023-06-13 18:00:00,2023-06-13 18:00:00,WEAK,1,15110.5,15118.5,155.5,4.5,8.0,5.294331756063664,10.0,False,0.0,NQ09B BUY WEEKDAY 1800 D80
BUY,1356,2023-06-15 09:30:00,2023-06-15 09:30:00,NY,2,15141.25,15154.0,501.0,9.0,12.75,8.420705027656238,16.0,False,0.0,NQ09B BUY NY N130 TP2
BUY,1361,2023-06-21 09:30:00,2023-06-21 09:30:00,NY,2,15202.0,15214.75,501.0,9.0,12.75,8.387054334955927,16.0,False,0.0,NQ09B BUY NY N130 TP2
BUY,1367,2023-06-27 09:30:00,2023-06-27 09:30:00,NY,2,14918.0,14930.75,501.0,9.0,12.75,8.54672208070787,16.0,False,0.0,NQ09B BUY NY N130 TP2
BUY,1369,2023-06-29 09:30:00,2023-06-29 09:30:00,NY,2,15119.5,15132.25,501.0,9.0,12.75,8.432818545586825,16.0,False,0.0,NQ09B BUY NY N130 TP2
BUY,1371,2023-07-02 18:00:00,2023-07-02 18:00:00,WEEKLY,2,15331.25,15339.25,311.0,9.0,8.0,5.2181002853648595,10.0,False,0.0,NQ09B BUY WEEKLY W80
BUY,1376,2023-07-06 09:30:00,2023-07-06 09:30:00,NY,2,15196.25,15209.0,501.0,9.0,12.75,8.390227852266184,16.0,False,0.0,NQ09B BUY NY N130 TP2
BUY,1381,2023-07-12 09:30:00,2023-07-12 09:30:00,NY,2,15430.5,15443.25,501.0,9.0,12.75,8.262856031884903,16.0,False,0.0,NQ09B BUY NY N130 TP2
BUY,1382,2023-07-13 09:30:00,2023-07-13 09:30:00,NY,2,15576.5,15589.25,501.0,9.0,12.75,8.185407504895196,16.0,False,0.0,NQ09B BUY NY N130 TP2
BUY,1383,2023-07-14 09:30:00,2023-07-14 09:30:00,NY,2,15722.25,15735.0,501.0,9.0,12.75,8.109526308257406,16.0,False,0.0,NQ09B BUY NY N130 TP2
BUY,1387,2023-07-19 09:30:00,2023-07-19 09:30:00,NY,2,16013.0,16025.75,501.0,9.0,12.75,7.9622806469743335,16.0,False,0.0,NQ09B BUY NY N130 TP2
BUY,1390,2023-07-21 09:30:00,2023-07-21 09:30:00,NY,2,15688.5,15701.25,501.0,9.0,12.75,8.126971985849508,16.0,False,0.0,NQ09B BUY NY N130 TP2
BUY,1394,2023-07-25 18:00:00,2023-07-25 18:00:00,PREMIUM,2,15730.5,15738.5,311.0,9.0,8.0,5.08566161279044,10.0,False,0.0,NQ09B BUY WEEKDAY 1800 D80
BUY,1395,2023-07-26 09:30:00,2023-07-26 09:30:00,NY,2,15619.25,15632.0,501.0,9.0,12.75,8.163003985466652,16.0,False,0.0,NQ09B BUY NY N130 TP2
BUY,1398,2023-07-28 09:30:00,2023-07-28 09:30:00,NY,2,15738.0,15750.75,501.0,9.0,12.75,8.101410598551277,16.0,False,0.0,NQ09B BUY NY N130 TP2
BUY,1419,2023-08-17 09:30:00,2023-08-17 09:30:00,NY,2,14994.5,15007.25,501.0,9.0,12.75,8.503117809863618,16.0,False,0.0,NQ09B BUY NY N130 TP2
BUY,1431,2023-08-28 09:30:00,2023-08-28 09:30:00,NY,2,15097.75,15110.5,501.0,9.0,12.75,8.444966965276283,16.0,False,0.0,NQ09B BUY NY N130 TP2
BUY,1435,2023-09-01 09:30:00,2023-09-01 09:30:00,NY,2,15633.25,15646.0,501.0,9.0,12.75,8.155693793676939,16.0,False,0.0,NQ09B BUY NY N130 TP2
BUY,1438,2023-09-05 09:30:00,2023-09-05 09:30:00,NY,2,15482.0,15494.75,501.0,9.0,12.75,8.23537010722129,16.0,False,0.0,NQ09B BUY NY N130 TP2
BUY,1446,2023-09-14 09:30:00,2023-09-14 09:30:00,NY,2,15620.25,15633.0,501.0,9.0,12.75,8.162481394343882,16.0,False,0.0,NQ09B BUY NY N130 TP2
BUY,1448,2023-09-15 09:30:00,2023-09-15 09:30:00,NY,2,15610.75,15623.5,501.0,9.0,12.75,8.167448713226463,16.0,False,0.0,NQ09B BUY NY N130 TP2
BUY,1453,2023-09-20 18:00:00,2023-09-20 18:00:00,PREMIUM,2,15133.5,15141.5,311.0,9.0,8.0,5.2862853933326726,10.0,False,0.0,NQ09B BUY WEEKDAY 1800 D80
BUY,1456,2023-09-24 18:00:00,2023-09-24 18:00:00,WEEKLY,2,14880.5,14888.5,311.0,9.0,8.0,5.376163435368435,10.0,False,0.0,NQ09B BUY WEEKLY W80
BUY,1458,2023-09-26 09:30:00,2023-09-26 09:30:00,NY,2,14825.25,14838.0,501.0,9.0,12.75,8.600192239591237,16.0,False,0.0,NQ09B BUY NY N130 TP2
BUY,1461,2023-09-28 09:30:00,2023-09-28 09:30:00,NY,2,14695.25,14708.0,501.0,9.0,12.75,8.67627294533948,16.0,False,0.0,NQ09B BUY NY N130 TP2
BUY,1463,2023-09-29 09:30:00,2023-09-29 09:30:00,NY,2,15001.75,15014.5,501.0,9.0,12.75,8.499008449014282,16.0,False,0.0,NQ09B BUY NY N130 TP2
BUY,1477,2023-10-15 18:00:00,2023-10-15 18:00:00,WEEKLY,2,15120.25,15128.25,311.0,9.0,8.0,5.290917808898662,10.0,False,0.0,NQ09B BUY WEEKLY W80
BUY,1483,2023-10-22 18:00:00,2023-10-22 18:00:00,WEEKLY,2,14680.25,14688.25,311.0,9.0,8.0,5.449498475843395,10.0,False,0.0,NQ09B BUY WEEKLY W80
BUY,1484,2023-10-23 09:30:00,2023-10-23 09:30:00,NY,2,14602.75,14615.5,501.0,9.0,12.75,8.731232130934242,16.0,False,0.0,NQ09B BUY NY N130 TP2
BUY,1486,2023-10-24 18:00:00,2023-10-24 18:00:00,PREMIUM,2,14828.25,14836.25,311.0,9.0,8.0,5.395107312056379,10.0,False,0.0,NQ09B BUY WEEKDAY 1800 D80
BUY,1491,2023-10-27 09:30:00,2023-10-27 09:30:00,NY,2,14307.25,14320.0,501.0,9.0,12.75,8.911565814534589,16.0,False,0.0,NQ09B BUY NY N130 TP2
BUY,1497,2023-11-02 09:30:00,2023-11-02 09:30:00,NY,2,14920.75,14933.5,501.0,9.0,12.75,8.54514685923965,16.0,False,0.0,NQ09B BUY NY N130 TP2
BUY,1504,2023-11-09 09:30:00,2023-11-09 09:30:00,NY,2,15404.75,15417.5,501.0,9.0,12.75,8.276667910871646,16.0,False,0.0,NQ09B BUY NY N130 TP2
BUY,1512,2023-11-19 18:00:00,2023-11-19 18:00:00,WEEKLY,2,15895.25,15903.25,311.0,9.0,8.0,5.032950095154213,10.0,False,0.0,NQ09B BUY WEEKLY W80
BUY,1513,2023-11-20 09:30:00,2023-11-20 09:30:00,NY,2,15895.25,15908.0,501.0,9.0,12.75,8.021264214152026,16.0,False,0.0,NQ09B BUY NY N130 TP2
BUY,1516,2023-11-22 09:30:00,2023-11-22 09:30:00,NY,2,16070.0,16082.75,501.0,9.0,12.75,7.9340385812072185,16.0,False,0.0,NQ09B BUY NY N130 TP2
BUY,1518,2023-11-24 09:30:00,2023-11-24 09:30:00,NY,2,16028.75,16041.5,501.0,9.0,12.75,7.9544568353739376,16.0,False,0.0,NQ09B BUY NY N130 TP2
BUY,1524,2023-11-30 09:30:00,2023-11-30 09:30:00,NY,2,16032.75,16045.5,501.0,9.0,12.75,7.952472283295131,16.0,False,0.0,NQ09B BUY NY N130 TP2
BUY,1528,2023-12-04 09:30:00,2023-12-04 09:30:00,NY,2,15862.75,15875.5,501.0,9.0,12.75,8.03769838142819,16.0,False,0.0,NQ09B BUY NY N130 TP2
BUY,1540,2023-12-17 18:00:00,2023-12-17 18:00:00,WEEKLY,2,16820.5,16828.5,311.0,9.0,8.0,4.756101186052733,10.0,False,0.0,NQ09B BUY WEEKLY W80
BUY,1544,2023-12-20 18:00:00,2023-12-20 18:00:00,PREMIUM,2,16790.5,16798.5,311.0,9.0,8.0,4.764599029212948,10.0,False,0.0,NQ09B BUY WEEKDAY 1800 D80
BUY,1548,2023-12-27 09:30:00,2023-12-27 09:30:00,NY,2,17092.0,17105.0,511.0,9.0,13.0,7.605897495904516,16.0,False,0.0,NQ09B BUY NY N130 TP2
BUY,1552,2024-01-03 09:30:00,2024-01-03 09:30:00,NY,2,16610.25,16623.0,501.0,9.0,12.75,7.675983203142638,16.0,False,0.0,NQ09B BUY NY N130 TP2
BUY,1558,2024-01-10 09:30:00,2024-01-10 09:30:00,NY,2,16840.25,16853.0,501.0,9.0,12.75,7.571146509107644,16.0,False,0.0,NQ09B BUY NY N130 TP2
BUY,1564,2024-01-17 09:30:00,2024-01-17 09:30:00,NY,2,16825.5,16838.25,501.0,9.0,12.75,7.577783721137559,16.0,False,0.0,NQ09B BUY NY N130 TP2
BUY,1567,2024-01-21 18:00:00,2024-01-21 18:00:00,WEEKLY,2,17466.25,17474.25,311.0,9.0,8.0,4.580261933729335,10.0,False,0.0,NQ09B BUY WEEKLY W80
BUY,1575,2024-01-26 09:30:00,2024-01-26 09:30:00,NY,2,17558.0,17571.0,511.0,9.0,13.0,7.404032349925959,16.0,False,0.0,NQ09B BUY NY N130 TP2
BUY,1580,2024-01-31 09:30:00,2024-01-31 09:30:00,NY,2,17400.25,17413.25,511.0,9.0,13.0,7.471157023605983,16.0,False,0.0,NQ09B BUY NY N130 TP2
BUY,1584,2024-02-02 09:30:00,2024-02-02 09:30:00,NY,2,17508.0,17521.0,511.0,9.0,13.0,7.425177061914553,16.0,False,0.0,NQ09B BUY NY N130 TP2
BUY,1586,2024-02-05 09:30:00,2024-02-05 09:30:00,NY,2,17723.0,17736.5,531.0,9.0,13.5,7.617220560853129,16.0,False,0.0,NQ09B BUY NY N130 TP2
BUY,1592,2024-02-12 09:30:00,2024-02-12 09:30:00,NY,2,18030.0,18043.5,531.0,9.0,13.5,7.487520798668885,16.0,False,0.0,NQ09B BUY NY N130 TP2
BUY,1595,2024-02-15 09:30:00,2024-02-15 09:30:00,NY,2,17888.25,17901.75,531.0,9.0,13.5,7.546853381409584,16.0,False,0.0,NQ09B BUY NY N130 TP2
BUY,1602,2024-02-21 09:30:00,2024-02-21 09:30:00,NY,2,17495.0,17508.0,511.0,9.0,13.0,7.430694484138325,16.0,False,0.0,NQ09B BUY NY N130 TP2
BUY,1604,2024-02-22 09:30:00,2024-02-22 09:30:00,NY,2,17896.25,17909.75,531.0,9.0,13.5,7.54347977928337,16.0,False,0.0,NQ09B BUY NY N130 TP2
BUY,1610,2024-02-28 09:30:00,2024-02-28 09:30:00,NY,2,17924.0,17937.5,531.0,9.0,13.5,7.531800937290783,16.0,False,0.0,NQ09B BUY NY N130 TP2
BUY,1620,2024-03-07 18:00:00,2024-03-07 18:00:00,PREMIUM,2,18279.25,18287.5,321.0,9.0,8.25,4.513314277117496,10.0,False,0.0,NQ09B BUY WEEKDAY 1800 D80
BUY,1622,2024-03-10 18:00:00,2024-03-10 18:00:00,WEEKLY,2,18056.25,18064.5,321.0,9.0,8.25,4.569055036344756,10.0,False,0.0,NQ09B BUY WEEKLY W80
BUY,1625,2024-03-12 09:30:00,2024-03-12 09:30:00,NY,2,18311.75,18325.5,541.0,9.0,13.75,7.508839952489522,16.0,False,0.0,NQ09B BUY NY N130 TP2
BUY,1629,2024-03-15 09:30:00,2024-03-15 09:30:00,NY,2,18152.75,18166.25,531.0,9.0,13.5,7.436889727451764,16.0,False,0.0,NQ09B BUY NY N130 TP2
BUY,1630,2024-03-17 18:00:00,2024-03-17 18:00:00,WEEKLY,2,18073.75,18082.0,321.0,9.0,8.25,4.564631025658759,10.0,False,0.0,NQ09B BUY WEEKLY W80
BUY,1661,2024-04-16 09:30:00,2024-04-16 09:30:00,NY,2,17868.5,17882.0,531.0,9.0,13.5,7.555194896046115,16.0,False,0.0,NQ09B BUY NY N130 TP2
BUY,1666,2024-04-21 18:00:00,2024-04-21 18:00:00,WEEKLY,2,17228.5,17236.5,311.0,9.0,8.0,4.64346867109731,10.0,False,0.0,NQ09B BUY WEEKLY W80
BUY,1667,2024-04-22 09:30:00,2024-04-22 09:30:00,NY,2,17289.0,17302.0,511.0,9.0,13.0,7.519231881543178,16.0,False,0.0,NQ09B BUY NY N130 TP2
BUY,1672,2024-04-25 18:00:00,2024-04-25 18:00:00,PREMIUM,2,17808.5,17816.75,321.0,9.0,8.25,4.632619254850212,10.0,False,0.0,NQ09B BUY WEEKDAY 1800 D80
BUY,1678,2024-05-01 09:30:00,2024-05-01 09:30:00,NY,2,17502.0,17515.0,511.0,9.0,13.0,7.427722545994744,16.0,False,0.0,NQ09B BUY NY N130 TP2
BUY,1679,2024-05-01 18:00:00,2024-05-01 18:00:00,PREMIUM,2,17487.25,17495.25,311.0,9.0,8.0,4.574761612031623,10.0,False,0.0,NQ09B BUY WEEKDAY 1800 D80
BUY,1680,2024-05-02 09:30:00,2024-05-02 09:30:00,NY,2,17583.25,17596.25,511.0,9.0,13.0,7.393399968720231,16.0,False,0.0,NQ09B BUY NY N130 TP2
BUY,1683,2024-05-05 18:00:00,2024-05-05 18:00:00,WEEKLY,2,18047.75,18056.0,321.0,9.0,8.25,4.571206937152831,10.0,False,0.0,NQ09B BUY WEEKLY W80
BUY,1695,2024-05-19 18:00:00,2024-05-19 18:00:00,WEEKLY,2,18633.75,18642.25,331.0,9.0,8.5,4.561615348493996,10.0,False,0.0,NQ09B BUY WEEKLY W80
BUY,1705,2024-05-28 09:30:00,2024-05-28 09:30:00,NY,2,18920.5,18934.25,541.0,9.0,13.75,7.267249808408869,16.0,False,0.0,NQ09B BUY NY N130 TP2
BUY,1726,2024-06-16 18:00:00,2024-06-16 18:00:00,WEEKLY,2,19955.0,19964.0,351.0,9.0,9.0,4.510147832623402,10.0,False,0.0,NQ09B BUY WEEKLY W80
BUY,1727,2024-06-17 09:30:00,2024-06-17 09:30:00,NY,2,19958.25,19972.75,571.0,9.0,14.5,7.265166034096176,16.0,False,0.0,NQ09B BUY NY N130 TP2
BUY,1732,2024-06-23 18:00:00,2024-06-23 18:00:00,WEEKLY,2,20015.0,20024.0,351.0,9.0,9.0,4.496627529352985,10.0,False,0.0,NQ09B BUY WEEKLY W80
BUY,1737,2024-06-26 18:00:00,2024-06-26 18:00:00,WEAK,1,19946.25,19955.25,175.5,4.5,9.0,4.512126339537507,10.0,False,0.0,NQ09B BUY WEEKDAY 1800 D80
BUY,1740,2024-06-30 18:00:00,2024-06-30 18:00:00,WEEKLY,2,19970.25,19979.25,351.0,9.0,9.0,4.506703721786157,10.0,False,0.0,NQ09B BUY WEEKLY W80
BUY,1744,2024-07-03 09:30:00,2024-07-03 09:30:00,NY,2,20216.5,20231.0,571.0,9.0,14.5,7.172359211535133,16.0,False,0.0,NQ09B BUY NY N130 TP2
BUY,1755,2024-07-14 18:00:00,2024-07-14 18:00:00,WEEKLY,2,20580.25,20589.25,351.0,9.0,9.0,4.373124719087475,10.0,False,0.0,NQ09B BUY WEEKLY W80
BUY,1762,2024-07-21 18:00:00,2024-07-21 18:00:00,WEEKLY,2,19749.25,19758.25,351.0,9.0,9.0,4.5571350810790285,10.0,False,0.0,NQ09B BUY WEEKLY W80
BUY,1764,2024-07-23 09:30:00,2024-07-23 09:30:00,NY,2,19958.0,19972.5,571.0,9.0,14.5,7.265257039783545,16.0,False,0.0,NQ09B BUY NY N130 TP2
BUY,1775,2024-07-31 09:30:00,2024-07-31 09:30:00,NY,2,19372.0,19386.0,551.0,9.0,14.0,7.226925459425976,16.0,False,0.0,NQ09B BUY NY N130 TP2
BUY,1787,2024-08-08 09:30:00,2024-08-08 09:30:00,NY,2,18224.75,18238.25,531.0,9.0,13.5,7.407509019328112,16.0,False,0.0,NQ09B BUY NY N130 TP2
BUY,1788,2024-08-09 09:30:00,2024-08-09 09:30:00,NY,2,18451.25,18465.0,541.0,9.0,13.75,7.452069642978119,16.0,False,0.0,NQ09B BUY NY N130 TP2
BUY,1804,2024-08-27 09:30:00,2024-08-27 09:30:00,NY,2,19523.75,19537.75,551.0,9.0,14.0,7.170753569370638,16.0,False,0.0,NQ09B BUY NY N130 TP2
BUY,1808,2024-08-30 09:30:00,2024-08-30 09:30:00,NY,2,19559.5,19573.5,551.0,9.0,14.0,7.157647179120121,16.0,False,0.0,NQ09B BUY NY N130 TP2
BUY,1809,2024-09-01 18:00:00,2024-09-01 18:00:00,WEEKLY,2,19599.25,19608.0,341.0,9.0,8.75,4.464456548082197,10.0,False,0.0,NQ09B BUY WEEKLY W80
BUY,1811,2024-09-02 18:00:00,2024-09-02 18:00:00,WEAK,1,19646.75,19655.75,175.5,4.5,9.0,4.580910328680316,10.0,False,0.0,NQ09B BUY WEEKDAY 1800 D80
BUY,1813,2024-09-03 18:00:00,2024-09-03 18:00:00,WEAK,1,18994.0,19002.75,170.5,4.5,8.75,4.6067179109192375,10.0,False,0.0,NQ09B BUY WEEKDAY 1800 D80
BUY,1817,2024-09-06 09:30:00,2024-09-06 09:30:00,NY,2,18930.0,18943.75,541.0,9.0,13.75,7.263602746962493,16.0,False,0.0,NQ09B BUY NY N130 TP2
BUY,1822,2024-09-12 09:30:00,2024-09-12 09:30:00,NY,2,19259.0,19273.0,551.0,9.0,14.0,7.269328625577653,16.0,False,0.0,NQ09B BUY NY N130 TP2
BUY,1834,2024-09-24 09:30:00,2024-09-24 09:30:00,NY,2,20135.25,20149.75,571.0,9.0,14.5,7.201301200630734,16.0,False,0.0,NQ09B BUY NY N130 TP2
BUY,1838,2024-09-29 18:00:00,2024-09-29 18:00:00,WEEKLY,2,20198.75,20207.75,351.0,9.0,9.0,4.455721269880562,10.0,False,0.0,NQ09B BUY WEEKLY W80
BUY,1840,2024-09-30 18:00:00,2024-09-30 18:00:00,PREMIUM,2,20234.5,20243.5,351.0,9.0,9.0,4.447848970817169,10.0,False,0.0,NQ09B BUY WEEKDAY 1800 D80
BUY,1842,2024-10-01 18:00:00,2024-10-01 18:00:00,WEAK,1,19975.5,19984.5,175.5,4.5,9.0,4.505519261094841,10.0,False,0.0,NQ09B BUY WEEKDAY 1800 D80
BUY,1843,2024-10-02 09:30:00,2024-10-02 09:30:00,NY,2,19943.0,19957.5,571.0,9.0,14.5,7.270721556435842,16.0,False,0.0,NQ09B BUY NY N130 TP2
BUY,1864,2024-10-20 18:00:00,2024-10-20 18:00:00,WEEKLY,2,20496.5,20505.5,351.0,9.0,9.0,4.390993584270485,10.0,False,0.0,NQ09B BUY WEEKLY W80
BUY,1866,2024-10-22 09:30:00,2024-10-22 09:30:00,NY,2,20403.0,20417.75,581.0,9.0,14.75,7.229329020242121,16.0,False,0.0,NQ09B BUY NY N130 TP2
BUY,1872,2024-10-27 18:00:00,2024-10-27 18:00:00,WEEKLY,2,20525.75,20534.75,351.0,9.0,9.0,4.384736245934985,10.0,False,0.0,NQ09B BUY WEEKLY W80
BUY,1874,2024-10-29 09:30:00,2024-10-29 09:30:00,NY,2,20511.25,20526.0,581.0,9.0,14.75,7.191175574379913,16.0,False,0.0,NQ09B BUY NY N130 TP2
BUY,1876,2024-10-30 18:00:00,2024-10-30 18:00:00,PREMIUM,2,20482.25,20491.25,351.0,9.0,9.0,4.394048505413224,10.0,False,0.0,NQ09B BUY WEEKDAY 1800 D80
BUY,1881,2024-11-04 09:30:00,2024-11-04 09:30:00,NY,2,20120.5,20135.0,571.0,9.0,14.5,7.20658035337094,16.0,False,0.0,NQ09B BUY NY N130 TP2
BUY,1887,2024-11-08 09:30:00,2024-11-08 09:30:00,NY,2,21185.75,21200.75,591.0,9.0,15.0,7.080230815524586,16.0,False,0.0,NQ09B BUY NY N130 TP2
BUY,1896,2024-11-15 09:30:00,2024-11-15 09:30:00,NY,2,20759.0,20773.75,581.0,9.0,14.75,7.10535189556337,16.0,False,0.0,NQ09B BUY NY N130 TP2
BUY,1897,2024-11-17 18:00:00,2024-11-17 18:00:00,WEEKLY,2,20504.25,20513.25,351.0,9.0,9.0,4.389333918577856,10.0,False,0.0,NQ09B BUY WEEKLY W80
BUY,1902,2024-11-21 09:30:00,2024-11-21 09:30:00,NY,2,20876.25,20891.0,581.0,9.0,14.75,7.065445182923178,16.0,False,0.0,NQ09B BUY NY N130 TP2
BUY,1910,2024-11-28 09:30:00,2024-11-28 09:30:00,NY,2,20874.25,20889.0,581.0,9.0,14.75,7.066122136124651,16.0,False,0.0,NQ09B BUY NY N130 TP2
BUY,1917,2024-12-05 09:30:00,2024-12-05 09:30:00,NY,2,21535.5,21550.5,591.0,9.0,15.0,6.9652434352580626,16.0,False,0.0,NQ09B BUY NY N130 TP2
BUY,1920,2024-12-09 09:30:00,2024-12-09 09:30:00,NY,2,21615.25,21630.75,611.0,9.0,15.5,7.170863163738564,16.0,False,0.0,NQ09B BUY NY N130 TP2
BUY,1924,2024-12-12 18:00:00,2024-12-12 18:00:00,WEAK,1,21721.0,21730.5,185.5,4.5,9.5,4.373647622116845,10.0,False,0.0,NQ09B BUY WEEKDAY 1800 D80
BUY,1926,2024-12-15 18:00:00,2024-12-15 18:00:00,WEEKLY,2,21780.5,21790.0,371.0,9.0,9.5,4.361699685498496,10.0,False,0.0,NQ09B BUY WEEKLY W80
BUY,1930,2024-12-18 09:30:00,2024-12-18 09:30:00,NY,2,22280.75,22296.5,621.0,9.0,15.75,7.068882331160307,16.0,False,0.0,NQ09B BUY NY N130 TP2
BUY,1931,2024-12-18 18:00:00,2024-12-18 18:00:00,PREMIUM,2,21500.0,21509.25,361.0,9.0,9.25,4.3023255813953485,10.0,False,0.0,NQ09B BUY WEEKDAY 1800 D80
BUY,1932,2024-12-19 09:30:00,2024-12-19 09:30:00,NY,2,21677.25,21692.75,611.0,9.0,15.5,7.150353481184191,16.0,False,0.0,NQ09B BUY NY N130 TP2
BUY,1934,2024-12-20 09:30:00,2024-12-20 09:30:00,NY,2,21210.75,21225.75,591.0,9.0,15.0,7.071885718326792,16.0,False,0.0,NQ09B BUY NY N130 TP2
BUY,1935,2024-12-22 18:00:00,2024-12-22 18:00:00,WEEKLY,2,21566.25,21575.5,361.0,9.0,9.25,4.289109140439344,10.0,False,0.0,NQ09B BUY WEEKLY W80
BUY,1937,2024-12-24 09:30:00,2024-12-24 09:30:00,NY,2,21826.5,21842.0,611.0,9.0,15.5,7.101459235333196,16.0,False,0.0,NQ09B BUY NY N130 TP2
BUY,1940,2024-12-27 09:30:00,2024-12-27 09:30:00,NY,2,21846.25,21861.75,611.0,9.0,15.5,7.095039194369742,16.0,False,0.0,NQ09B BUY NY N130 TP2
BUY,1946,2025-01-02 09:30:00,2025-01-02 09:30:00,NY,2,21348.0,21363.0,591.0,9.0,15.0,7.026419336706015,16.0,False,0.0,NQ09B BUY NY N130 TP2
BUY,1949,2025-01-05 18:00:00,2025-01-05 18:00:00,WEEKLY,2,21532.5,21541.75,361.0,9.0,9.25,4.295831882038779,10.0,False,0.0,NQ09B BUY WEEKLY W80
BUY,1952,2025-01-08 09:30:00,2025-01-08 09:30:00,NY,2,21356.0,21371.0,591.0,9.0,15.0,7.023787226072298,16.0,False,0.0,NQ09B BUY NY N130 TP2
BUY,1957,2025-01-13 09:30:00,2025-01-13 09:30:00,NY,2,20766.0,20780.75,581.0,9.0,14.75,7.102956756236155,16.0,False,0.0,NQ09B BUY NY N130 TP2
BUY,1962,2025-01-19 18:00:00,2025-01-19 18:00:00,WEEKLY,2,21600.25,21609.5,361.0,9.0,9.25,4.28235784308052,10.0,False,0.0,NQ09B BUY WEEKLY W80
BUY,1971,2025-01-27 18:00:00,2025-01-27 18:00:00,WEAK,1,21343.5,21352.75,180.5,4.5,9.25,4.333872139058729,10.0,False,0.0,NQ09B BUY WEEKDAY 1800 D80
BUY,1972,2025-01-28 09:30:00,2025-01-28 09:30:00,NY,2,21303.0,21318.0,591.0,9.0,15.0,7.041261794113505,16.0,False,0.0,NQ09B BUY NY N130 TP2
BUY,1975,2025-01-30 09:30:00,2025-01-30 09:30:00,NY,2,21650.25,21665.75,611.0,9.0,15.5,7.159270678167689,16.0,False,0.0,NQ09B BUY NY N130 TP2
BUY,1988,2025-02-10 09:30:00,2025-02-10 09:30:00,NY,2,21764.5,21780.0,611.0,9.0,15.5,7.121688988949896,16.0,False,0.0,NQ09B BUY NY N130 TP2
BUY,1998,2025-02-20 09:30:00,2025-02-20 09:30:00,NY,2,22209.75,22225.25,611.0,9.0,15.5,6.978916917119734,16.0,False,0.0,NQ09B BUY NY N130 TP2
BUY,2000,2025-02-23 18:00:00,2025-02-23 18:00:00,WEEKLY,2,21701.0,21710.5,371.0,9.0,9.5,4.377678447997789,10.0,False,0.0,NQ09B BUY WEEKLY W80
BUY,2003,2025-02-25 18:00:00,2025-02-25 18:00:00,WEAK,1,21230.75,21240.0,180.5,4.5,9.25,4.35688800442754,10.0,False,0.0,NQ09B BUY WEEKDAY 1800 D80
BUY,2005,2025-02-26 18:00:00,2025-02-26 18:00:00,PREMIUM,2,21249.25,21258.5,361.0,9.0,9.25,4.353094815111121,10.0,False,0.0,NQ09B BUY WEEKDAY 1800 D80
BUY,2011,2025-03-04 09:30:00,2025-03-04 09:30:00,NY,2,20342.75,20357.5,581.0,9.0,14.75,7.25074043578179,16.0,False,0.0,NQ09B BUY NY N130 TP2
BUY,2012,2025-03-04 18:00:00,2025-03-04 18:00:00,PREMIUM,2,20555.25,20564.25,351.0,9.0,9.0,4.37844346334878,10.0,False,0.0,NQ09B BUY WEEKDAY 1800 D80
BUY,2013,2025-03-05 09:30:00,2025-03-05 09:30:00,NY,2,20421.5,20436.25,581.0,9.0,14.75,7.222779913326641,16.0,False,0.0,NQ09B BUY NY N130 TP2
BUY,2014,2025-03-05 18:00:00,2025-03-05 18:00:00,PREMIUM,2,20605.5,20614.5,351.0,9.0,9.0,4.3677658877484165,10.0,False,0.0,NQ09B BUY WEEKDAY 1800 D80
BUY,2019,2025-03-10 09:30:00,2025-03-10 09:30:00,NY,2,19881.25,19895.75,571.0,9.0,14.5,7.293303992455202,16.0,False,0.0,NQ09B BUY NY N130 TP2
BUY,2026,2025-03-16 18:00:00,2025-03-16 18:00:00,WEEKLY,2,19668.5,19677.5,351.0,9.0,9.0,4.575844624653634,10.0,False,0.0,NQ09B BUY WEEKLY W80
BUY,2032,2025-03-23 18:00:00,2025-03-23 18:00:00,WEEKLY,2,20050.75,20059.75,351.0,9.0,9.0,4.48861015173996,10.0,False,0.0,NQ09B BUY WEEKLY W80
BUY,2033,2025-03-24 09:30:00,2025-03-24 09:30:00,NY,2,20256.5,20271.0,571.0,9.0,14.5,7.158196134574087,16.0,False,0.0,NQ09B BUY NY N130 TP2
BUY,2035,2025-03-26 09:30:00,2025-03-26 09:30:00,NY,2,20439.25,20454.0,581.0,9.0,14.75,7.216507455019142,16.0,False,0.0,NQ09B BUY NY N130 TP2
BUY,2036,2025-03-27 09:30:00,2025-03-27 09:30:00,NY,2,20028.75,20043.25,571.0,9.0,14.5,7.239593084940398,16.0,False,0.0,NQ09B BUY NY N130 TP2
BUY,2039,2025-03-31 09:30:00,2025-03-31 09:30:00,NY,2,19166.75,19180.75,551.0,9.0,14.0,7.3043160681910075,16.0,False,0.0,NQ09B BUY NY N130 TP2
BUY,2043,2025-04-02 18:00:00,2025-04-02 18:00:00,PREMIUM,2,19020.25,19029.0,341.0,9.0,8.75,4.600360142479726,10.0,False,0.0,NQ09B BUY WEEKDAY 1800 D80
BUY,2048,2025-04-07 09:30:00,2025-04-07 09:30:00,NY,2,16925.25,16938.0,501.0,9.0,12.75,7.533123587539327,16.0,False,0.0,NQ09B BUY NY N130 TP2
BUY,2051,2025-04-08 18:00:00,2025-04-08 18:00:00,WEAK,1,17220.5,17228.5,155.5,4.5,8.0,4.645625852907871,10.0,False,0.0,NQ09B BUY WEEKDAY 1800 D80
BUY,2055,2025-04-10 18:00:00,2025-04-10 18:00:00,WEAK,1,18465.0,18473.5,165.5,4.5,8.5,4.603303547251557,10.0,False,0.0,NQ09B BUY WEEKDAY 1800 D80
BUY,2056,2025-04-11 09:30:00,2025-04-11 09:30:00,NY,2,18415.75,18429.5,541.0,9.0,13.75,7.466434980926652,16.0,False,0.0,NQ09B BUY NY N130 TP2
BUY,2057,2025-04-13 18:00:00,2025-04-13 18:00:00,WEEKLY,2,19225.25,19233.75,331.0,9.0,8.5,4.4212689041754984,10.0,False,0.0,NQ09B BUY WEEKLY W80
BUY,2058,2025-04-14 09:30:00,2025-04-14 09:30:00,NY,2,19232.25,19246.25,551.0,9.0,14.0,7.279439483159797,16.0,False,0.0,NQ09B BUY NY N130 TP2
BUY,2068,2025-04-23 18:00:00,2025-04-23 18:00:00,WEAK,1,18826.75,18835.25,165.5,4.5,8.5,4.514852536948757,10.0,False,0.0,NQ09B BUY WEEKDAY 1800 D80
BUY,2069,2025-04-24 09:30:00,2025-04-24 09:30:00,NY,2,18875.5,18889.25,541.0,9.0,13.75,7.28457524303992,16.0,False,0.0,NQ09B BUY NY N130 TP2
BUY,2070,2025-04-24 18:00:00,2025-04-24 18:00:00,WEAK,1,19405.25,19414.0,170.5,4.5,8.75,4.509089035183778,10.0,False,0.0,NQ09B BUY WEEKDAY 1800 D80
BUY,2071,2025-04-25 09:30:00,2025-04-25 09:30:00,NY,2,19302.25,19316.25,551.0,9.0,14.0,7.253040448652359,16.0,False,0.0,NQ09B BUY NY N130 TP2
BUY,2073,2025-04-28 09:30:00,2025-04-28 09:30:00,NY,2,19548.5,19562.5,551.0,9.0,14.0,7.1616748088088595,16.0,False,0.0,NQ09B BUY NY N130 TP2
BUY,2078,2025-05-01 09:30:00,2025-05-01 09:30:00,NY,2,19971.25,19985.75,571.0,9.0,14.5,7.260436878012142,16.0,False,0.0,NQ09B BUY NY N130 TP2
BUY,2079,2025-05-01 18:00:00,2025-05-01 18:00:00,PREMIUM,2,19782.75,19791.75,351.0,9.0,9.0,4.54941805360731,10.0,False,0.0,NQ09B BUY WEEKDAY 1800 D80
BUY,2081,2025-05-04 18:00:00,2025-05-04 18:00:00,WEEKLY,2,20181.75,20190.75,351.0,9.0,9.0,4.459474525251775,10.0,False,0.0,NQ09B BUY WEEKLY W80
BUY,2085,2025-05-07 09:30:00,2025-05-07 09:30:00,NY,2,19899.75,19914.25,571.0,9.0,14.5,7.286523700046483,16.0,False,0.0,NQ09B BUY NY N130 TP2
BUY,2091,2025-05-14 09:30:00,2025-05-14 09:30:00,NY,2,21315.0,21330.0,591.0,9.0,15.0,7.037297677691766,16.0,False,0.0,NQ09B BUY NY N130 TP2
BUY,2098,2025-05-22 09:30:00,2025-05-22 09:30:00,NY,2,21171.5,21186.5,591.0,9.0,15.0,7.084996339418558,16.0,False,0.0,NQ09B BUY NY N130 TP2
BUY,2099,2025-05-22 18:00:00,2025-05-22 18:00:00,WEAK,1,21224.0,21233.25,180.5,4.5,9.25,4.358273652468903,10.0,False,0.0,NQ09B BUY WEEKDAY 1800 D80
BUY,2103,2025-05-27 09:30:00,2025-05-27 09:30:00,NY,2,21259.75,21274.75,591.0,9.0,15.0,7.055586260421689,16.0,False,0.0,NQ09B BUY NY N130 TP2
BUY,2114,2025-06-05 09:30:00,2025-06-05 09:30:00,NY,2,21812.5,21828.0,611.0,9.0,15.5,7.106017191977077,16.0,False,0.0,NQ09B BUY NY N130 TP2
BUY,2115,2025-06-05 18:00:00,2025-06-05 18:00:00,PREMIUM,2,21471.25,21480.5,361.0,9.0,9.25,4.308086394597427,10.0,False,0.0,NQ09B BUY WEEKDAY 1800 D80
BUY,2116,2025-06-06 09:30:00,2025-06-06 09:30:00,NY,2,21798.0,21813.5,611.0,9.0,15.5,7.110744104963758,16.0,False,0.0,NQ09B BUY NY N130 TP2
BUY,2118,2025-06-09 09:30:00,2025-06-09 09:30:00,NY,2,21797.75,21813.25,611.0,9.0,15.5,7.110825658611554,16.0,False,0.0,NQ09B BUY NY N130 TP2
BUY,2125,2025-06-16 09:30:00,2025-06-16 09:30:00,NY,2,22014.75,22030.25,611.0,9.0,15.5,7.0407340533051705,16.0,False,0.0,NQ09B BUY NY N130 TP2
BUY,2127,2025-06-17 18:00:00,2025-06-17 18:00:00,WEAK,1,21927.75,21937.25,185.5,4.5,9.5,4.332409845971429,10.0,False,0.0,NQ09B BUY WEEKDAY 1800 D80
BUY,2132,2025-06-20 09:30:00,2025-06-20 09:30:00,NY,2,22075.25,22090.75,611.0,9.0,15.5,7.021438035809334,16.0,False,0.0,NQ09B BUY NY N130 TP2
BUY,2133,2025-06-22 18:00:00,2025-06-22 18:00:00,WEEKLY,2,21648.5,21658.0,371.0,9.0,9.5,4.388294801025475,10.0,False,0.0,NQ09B BUY WEEKLY W80
BUY,2138,2025-06-27 09:30:00,2025-06-27 09:30:00,NY,2,22707.75,22723.5,621.0,9.0,15.75,6.935957987911616,16.0,False,0.0,NQ09B BUY NY N130 TP2
BUY,2139,2025-06-29 18:00:00,2025-06-29 18:00:00,WEEKLY,2,22751.75,22761.5,381.0,9.0,9.75,4.285384640741921,10.0,False,0.0,NQ09B BUY WEEKLY W80
BUY,2148,2025-07-07 09:30:00,2025-07-07 09:30:00,NY,2,22943.5,22959.5,631.0,9.0,16.0,6.973652668511779,16.0,True,0.0,NQ09B BUY NY N130 TP2
BUY,2152,2025-07-10 09:30:00,2025-07-10 09:30:00,NY,2,23072.5,23088.5,631.0,9.0,16.0,6.934662476974754,16.0,True,0.0,NQ09B BUY NY N130 TP2
BUY,2156,2025-07-15 09:30:00,2025-07-15 09:30:00,NY,2,23200.5,23216.5,631.0,9.0,16.0,6.896403094760889,16.0,True,0.0,NQ09B BUY NY N130 TP2
BUY,2158,2025-07-17 09:30:00,2025-07-17 09:30:00,NY,2,23100.5,23116.5,631.0,9.0,16.0,6.926257007424082,16.0,True,0.0,NQ09B BUY NY N130 TP2
BUY,2165,2025-07-24 09:30:00,2025-07-24 09:30:00,NY,2,23374.25,23390.25,631.0,9.0,16.0,6.845139416237954,16.0,True,0.0,NQ09B BUY NY N130 TP2
BUY,2192,2025-08-17 18:00:00,2025-08-17 18:00:00,WEEKLY,2,23795.25,23805.25,391.0,9.0,10.0,4.202519410386527,10.0,True,0.0,NQ09B BUY WEEKLY W80
BUY,2193,2025-08-18 09:30:00,2025-08-18 09:30:00,NY,2,23768.5,23784.5,631.0,9.0,16.0,6.731598544291815,16.0,True,0.0,NQ09B BUY NY N130 TP2
BUY,2200,2025-08-25 09:30:00,2025-08-25 09:30:00,NY,2,23496.25,23512.25,631.0,9.0,16.0,6.80959727616109,16.0,True,0.0,NQ09B BUY NY N130 TP2
BUY,2215,2025-09-05 09:30:00,2025-09-05 09:30:00,NY,2,23875.25,23891.25,631.0,9.0,16.0,6.701500507848086,16.0,True,0.0,NQ09B BUY NY N130 TP2
BUY,2216,2025-09-07 18:00:00,2025-09-07 18:00:00,WEEKLY,2,23673.75,23683.75,391.0,9.0,10.0,4.224087861027509,10.0,True,0.0,NQ09B BUY WEEKLY W80
BUY,2226,2025-09-17 09:30:00,2025-09-17 09:30:00,NY,2,24521.25,24537.25,631.0,9.0,16.0,6.524952847020442,16.0,True,0.0,NQ09B BUY NY N130 TP2
BUY,2236,2025-09-26 09:30:00,2025-09-26 09:30:00,NY,2,24654.5,24670.5,631.0,9.0,16.0,6.489687480987244,16.0,True,0.0,NQ09B BUY NY N130 TP2
BUY,2251,2025-10-12 18:00:00,2025-10-12 18:00:00,WEEKLY,2,24542.25,24552.25,391.0,9.0,10.0,4.074606036528843,10.0,True,0.0,NQ09B BUY WEEKLY W80
BUY,2252,2025-10-13 09:30:00,2025-10-13 09:30:00,NY,2,24825.0,24841.0,631.0,9.0,16.0,6.445115810674723,16.0,True,0.0,NQ09B BUY NY N130 TP2
BUY,2256,2025-10-15 18:00:00,2025-10-15 18:00:00,WEAK,1,24937.25,24947.25,195.5,4.5,10.0,4.0100652638121685,10.0,True,0.0,NQ09B BUY WEEKDAY 1800 D80
BUY,2267,2025-10-24 09:30:00,2025-10-24 09:30:00,NY,2,25466.75,25482.75,631.0,9.0,16.0,6.282701954509312,16.0,True,0.0,NQ09B BUY NY N130 TP2
BUY,2274,2025-10-30 18:00:00,2025-10-30 18:00:00,PREMIUM,2,26150.75,26160.75,391.0,9.0,10.0,3.8239821037637545,10.0,True,0.0,NQ09B BUY WEEKDAY 1800 D80
BUY,2280,2025-11-05 09:30:00,2025-11-05 09:30:00,NY,2,25542.5,25558.5,631.0,9.0,16.0,6.264069687775276,16.0,True,0.0,NQ09B BUY NY N130 TP2
BUY,2284,2025-11-09 18:00:00,2025-11-09 18:00:00,WEEKLY,2,25321.0,25331.0,391.0,9.0,10.0,3.949291102247147,10.0,True,0.0,NQ09B BUY WEEKLY W80
BUY,2288,2025-11-13 09:30:00,2025-11-13 09:30:00,NY,2,25477.5,25493.5,631.0,9.0,16.0,6.280051025414581,16.0,True,0.0,NQ09B BUY NY N130 TP2
BUY,2290,2025-11-14 09:30:00,2025-11-14 09:30:00,NY,2,24723.75,24739.75,631.0,9.0,16.0,6.471510187572678,16.0,True,0.0,NQ09B BUY NY N130 TP2
BUY,2298,2025-11-20 09:30:00,2025-11-20 09:30:00,NY,2,25211.75,25227.75,631.0,9.0,16.0,6.346247285491884,16.0,True,0.0,NQ09B BUY NY N130 TP2
BUY,2299,2025-11-20 18:00:00,2025-11-20 18:00:00,PREMIUM,2,24110.25,24120.25,391.0,9.0,10.0,4.147613566843977,10.0,True,0.0,NQ09B BUY WEEKDAY 1800 D80
BUY,2301,2025-11-23 18:00:00,2025-11-23 18:00:00,WEEKLY,2,24456.0,24466.0,391.0,9.0,10.0,4.088976120379457,10.0,True,0.0,NQ09B BUY WEEKLY W80
BUY,2303,2025-11-25 09:30:00,2025-11-25 09:30:00,NY,2,24857.5,24873.5,631.0,9.0,16.0,6.43668912802977,16.0,True,0.0,NQ09B BUY NY N130 TP2
BUY,2305,2025-11-27 09:30:00,2025-11-27 09:30:00,NY,2,25301.75,25317.75,631.0,9.0,16.0,6.3236732637070565,16.0,True,0.0,NQ09B BUY NY N130 TP2
BUY,2313,2025-12-07 18:00:00,2025-12-07 18:00:00,WEEKLY,2,25750.25,25760.25,391.0,9.0,10.0,3.8834574421607555,10.0,True,0.0,NQ09B BUY WEEKLY W80
BUY,2315,2025-12-08 18:00:00,2025-12-08 18:00:00,PREMIUM,2,25713.25,25723.25,391.0,9.0,10.0,3.889045531000554,10.0,True,0.0,NQ09B BUY WEEKDAY 1800 D80
BUY,2316,2025-12-09 09:30:00,2025-12-09 09:30:00,NY,2,25618.75,25634.75,631.0,9.0,16.0,6.245425713588681,16.0,True,0.0,NQ09B BUY NY N130 TP2
BUY,2317,2025-12-10 09:30:00,2025-12-10 09:30:00,NY,2,25647.5,25663.5,631.0,9.0,16.0,6.238424797738571,16.0,True,0.0,NQ09B BUY NY N130 TP2
BUY,2320,2025-12-12 09:30:00,2025-12-12 09:30:00,NY,2,25560.5,25576.5,631.0,9.0,16.0,6.259658457385419,16.0,True,0.0,NQ09B BUY NY N130 TP2
BUY,2321,2025-12-14 18:00:00,2025-12-14 18:00:00,WEEKLY,2,25223.75,25233.75,391.0,9.0,10.0,3.964517567768472,10.0,True,0.0,NQ09B BUY WEEKLY W80
BUY,2324,2025-12-17 09:30:00,2025-12-17 09:30:00,NY,2,25422.75,25438.75,631.0,9.0,16.0,6.293575635995319,16.0,True,0.0,NQ09B BUY NY N130 TP2
BUY,2329,2025-12-21 18:00:00,2025-12-21 18:00:00,WEEKLY,2,25635.5,25645.5,391.0,9.0,10.0,3.900840631156014,10.0,True,0.0,NQ09B BUY WEEKLY W80
BUY,2336,2025-12-29 09:30:00,2025-12-29 09:30:00,NY,2,25707.0,25723.0,631.0,9.0,16.0,6.2239856848329245,16.0,True,0.0,NQ09B BUY NY N130 TP2
BUY,2341,2026-01-05 09:30:00,2026-01-05 09:30:00,NY,2,25642.75,25658.75,631.0,9.0,16.0,6.239580388218893,16.0,True,0.0,NQ09B BUY NY N130 TP2
BUY,2344,2026-01-08 09:30:00,2026-01-08 09:30:00,NY,2,25786.75,25802.75,631.0,9.0,16.0,6.204736928849118,16.0,True,0.0,NQ09B BUY NY N130 TP2
BUY,2347,2026-01-11 18:00:00,2026-01-11 18:00:00,WEEKLY,2,25949.25,25959.25,391.0,9.0,10.0,3.8536759251230768,10.0,True,0.0,NQ09B BUY WEEKLY W80
BUY,2351,2026-01-14 09:30:00,2026-01-14 09:30:00,NY,2,25740.0,25756.0,631.0,9.0,16.0,6.216006216006216,16.0,True,0.0,NQ09B BUY NY N130 TP2
BUY,2353,2026-01-15 09:30:00,2026-01-15 09:30:00,NY,2,25925.0,25941.0,631.0,9.0,16.0,6.171648987463837,16.0,True,0.0,NQ09B BUY NY N130 TP2
BUY,2354,2026-01-16 09:30:00,2026-01-16 09:30:00,NY,2,25868.25,25884.25,631.0,9.0,16.0,6.18518840663748,16.0,True,0.0,NQ09B BUY NY N130 TP2
BUY,2357,2026-01-19 18:00:00,2026-01-19 18:00:00,WEAK,1,25395.0,25405.0,195.5,4.5,10.0,3.9377830281551485,10.0,True,0.0,NQ09B BUY WEEKDAY 1800 D80
BUY,2360,2026-01-21 09:30:00,2026-01-21 09:30:00,NY,2,25196.75,25212.75,631.0,9.0,16.0,6.350025300882058,16.0,True,0.0,NQ09B BUY NY N130 TP2
BUY,2362,2026-01-22 18:00:00,2026-01-22 18:00:00,PREMIUM,2,25605.25,25615.25,391.0,9.0,10.0,3.9054490778258364,10.0,True,0.0,NQ09B BUY WEEKDAY 1800 D80
BUY,2365,2026-01-26 09:30:00,2026-01-26 09:30:00,NY,2,25749.25,25765.25,631.0,9.0,16.0,6.213773216695632,16.0,True,0.0,NQ09B BUY NY N130 TP2
BUY,2367,2026-01-27 18:00:00,2026-01-27 18:00:00,PREMIUM,2,26111.5,26121.5,391.0,9.0,10.0,3.8297301955077265,10.0,True,0.0,NQ09B BUY WEEKDAY 1800 D80
BUY,2369,2026-01-28 18:00:00,2026-01-28 18:00:00,PREMIUM,2,26282.75,26292.75,391.0,9.0,10.0,3.804776897394679,10.0,True,0.0,NQ09B BUY WEEKDAY 1800 D80
BUY,2370,2026-01-29 09:30:00,2026-01-29 09:30:00,NY,2,26133.75,26149.75,631.0,9.0,16.0,6.12235136557134,16.0,True,0.0,NQ09B BUY NY N130 TP2
BUY,2371,2026-01-29 18:00:00,2026-01-29 18:00:00,WEAK,1,25998.75,26008.75,195.5,4.5,10.0,3.846338766286841,10.0,True,0.0,NQ09B BUY WEEKDAY 1800 D80
BUY,2376,2026-02-03 09:30:00,2026-02-03 09:30:00,NY,2,25935.0,25951.0,631.0,9.0,16.0,6.169269327164065,16.0,True,0.0,NQ09B BUY NY N130 TP2
BUY,2380,2026-02-05 09:30:00,2026-02-05 09:30:00,NY,2,24770.5,24786.5,631.0,9.0,16.0,6.459296340404917,16.0,True,0.0,NQ09B BUY NY N130 TP2
BUY,2383,2026-02-08 18:00:00,2026-02-08 18:00:00,WEEKLY,2,25154.0,25164.0,391.0,9.0,10.0,3.975510853144629,10.0,True,0.0,NQ09B BUY WEEKLY W80
BUY,2384,2026-02-09 09:30:00,2026-02-09 09:30:00,NY,2,25058.0,25074.0,631.0,9.0,16.0,6.385186367627105,16.0,True,0.0,NQ09B BUY NY N130 TP2
BUY,2386,2026-02-11 09:30:00,2026-02-11 09:30:00,NY,2,25418.75,25434.75,631.0,9.0,16.0,6.294566019178756,16.0,True,0.0,NQ09B BUY NY N130 TP2
BUY,2394,2026-02-18 09:30:00,2026-02-18 09:30:00,NY,2,24809.75,24825.75,631.0,9.0,16.0,6.449077479619907,16.0,True,0.0,NQ09B BUY NY N130 TP2
BUY,2399,2026-02-24 09:30:00,2026-02-24 09:30:00,NY,2,24805.25,24821.25,631.0,9.0,16.0,6.450247427459912,16.0,True,0.0,NQ09B BUY NY N130 TP2
BUY,2413,2026-03-08 18:00:00,2026-03-08 18:00:00,WEEKLY,2,24435.5,24445.5,391.0,9.0,10.0,4.09240653966565,10.0,True,0.0,NQ09B BUY WEEKLY W80
BUY,2416,2026-03-10 09:30:00,2026-03-10 09:30:00,NY,2,24991.25,25007.25,631.0,9.0,16.0,6.402240784274497,16.0,True,0.0,NQ09B BUY NY N130 TP2
BUY,2418,2026-03-11 09:30:00,2026-03-11 09:30:00,NY,2,25035.0,25051.0,631.0,9.0,16.0,6.3910525264629525,16.0,True,0.0,NQ09B BUY NY N130 TP2
BUY,2420,2026-03-12 18:00:00,2026-03-12 18:00:00,WEAK,1,24567.25,24577.25,195.5,4.5,10.0,4.070459656656728,10.0,True,0.0,NQ09B BUY WEEKDAY 1800 D80
BUY,2430,2026-03-23 09:30:00,2026-03-23 09:30:00,NY,2,24493.5,24509.5,631.0,9.0,16.0,6.532345316104273,16.0,True,0.0,NQ09B BUY NY N130 TP2
BUY,2436,2026-03-26 18:00:00,2026-03-26 18:00:00,PREMIUM,2,23824.25,23834.25,391.0,9.0,10.0,4.197403905684334,10.0,True,0.0,NQ09B BUY WEEKDAY 1800 D80
BUY,2439,2026-03-30 09:30:00,2026-03-30 09:30:00,NY,2,23509.0,23525.0,631.0,9.0,16.0,6.805904121825684,16.0,True,0.0,NQ09B BUY NY N130 TP2
BUY,2448,2026-04-08 09:30:00,2026-04-08 09:30:00,NY,2,25199.75,25215.75,631.0,9.0,16.0,6.3492693379894645,16.0,True,0.0,NQ09B BUY NY N130 TP2
BUY,2449,2026-04-09 09:30:00,2026-04-09 09:30:00,NY,2,25081.25,25097.25,631.0,9.0,16.0,6.3792673810117115,16.0,True,0.0,NQ09B BUY NY N130 TP2
BUY,2451,2026-04-12 18:00:00,2026-04-12 18:00:00,WEEKLY,2,24980.25,24990.25,391.0,9.0,10.0,4.003162498373715,10.0,True,0.0,NQ09B BUY WEEKLY W80
BUY,2454,2026-04-14 09:30:00,2026-04-14 09:30:00,NY,2,25656.5,25672.5,631.0,9.0,16.0,6.236236431313702,16.0,True,0.0,NQ09B BUY NY N130 TP2
BUY,2455,2026-04-15 09:30:00,2026-04-15 09:30:00,NY,2,26023.75,26039.75,631.0,9.0,16.0,6.148229982227773,16.0,True,0.0,NQ09B BUY NY N130 TP2
BUY,2457,2026-04-17 09:30:00,2026-04-17 09:30:00,NY,2,26692.75,26708.75,631.0,9.0,16.0,5.99413698476178,16.0,True,0.0,NQ09B BUY NY N130 TP2
BUY,2458,2026-04-19 18:00:00,2026-04-19 18:00:00,WEEKLY,2,26600.0,26610.0,391.0,9.0,10.0,3.7593984962406015,10.0,True,0.0,NQ09B BUY WEEKLY W80
BUY,2459,2026-04-20 09:30:00,2026-04-20 09:30:00,NY,2,26796.75,26812.75,631.0,9.0,16.0,5.970873333519923,16.0,True,0.0,NQ09B BUY NY N130 TP2
BUY,2461,2026-04-21 09:30:00,2026-04-21 09:30:00,NY,2,26808.25,26824.25,631.0,9.0,16.0,5.96831199350946,16.0,True,0.0,NQ09B BUY NY N130 TP2
BUY,2466,2026-04-23 18:00:00,2026-04-23 18:00:00,WEAK,1,26992.25,27002.25,195.5,4.5,10.0,3.7047671090776055,10.0,True,0.0,NQ09B BUY WEEKDAY 1800 D80
BUY,2468,2026-04-26 18:00:00,2026-04-26 18:00:00,WEEKLY,2,27403.5,27413.5,391.0,9.0,10.0,3.649168901782619,10.0,True,0.0,NQ09B BUY WEEKLY W80
BUY,2469,2026-04-27 09:30:00,2026-04-27 09:30:00,NY,2,27411.0,27427.0,631.0,9.0,16.0,5.837072708036919,16.0,True,0.0,NQ09B BUY NY N130 TP2
BUY,2472,2026-04-29 18:00:00,2026-04-29 18:00:00,PREMIUM,2,27207.25,27217.25,391.0,9.0,10.0,3.675490907754367,10.0,True,0.0,NQ09B BUY WEEKDAY 1800 D80
BUY,2474,2026-04-30 18:00:00,2026-04-30 18:00:00,WEAK,1,27632.0,27642.0,195.5,4.5,10.0,3.6189924724956573,10.0,True,0.0,NQ09B BUY WEEKDAY 1800 D80
BUY,2477,2026-05-04 09:30:00,2026-05-04 09:30:00,NY,2,27854.75,27870.75,631.0,9.0,16.0,5.744083145603533,16.0,True,0.0,NQ09B BUY NY N130 TP2
BUY,2482,2026-05-07 09:30:00,2026-05-07 09:30:00,NY,2,28750.25,28766.25,631.0,9.0,16.0,5.5651689985304476,16.0,True,0.0,NQ09B BUY NY N130 TP2
BUY,2483,2026-05-07 18:00:00,2026-05-07 18:00:00,WEAK,1,28582.25,28592.25,195.5,4.5,10.0,3.4986748768903775,10.0,True,0.0,NQ09B BUY WEEKDAY 1800 D80
BUY,2485,2026-05-10 18:00:00,2026-05-10 18:00:00,WEEKLY,2,29294.25,29304.25,391.0,9.0,10.0,3.4136391954052416,10.0,True,0.0,NQ09B BUY WEEKLY W80
BUY,2494,2026-05-18 09:30:00,2026-05-18 09:30:00,NY,2,29338.75,29354.75,631.0,9.0,16.0,5.453538409100592,16.0,True,0.0,NQ09B BUY NY N130 TP2
BUY,2495,2026-05-19 09:30:00,2026-05-19 09:30:00,NY,2,28850.5,28866.5,631.0,9.0,16.0,5.54583109478172,16.0,True,0.0,NQ09B BUY NY N130 TP2
BUY,2497,2026-05-20 18:00:00,2026-05-20 18:00:00,PREMIUM,2,29253.25,29263.25,391.0,9.0,10.0,3.4184235939596457,10.0,True,0.0,NQ09B BUY WEEKDAY 1800 D80
BUY,2500,2026-05-24 18:00:00,2026-05-24 18:00:00,WEEKLY,2,29676.5,29686.5,391.0,9.0,10.0,3.369669603895338,10.0,True,0.0,NQ09B BUY WEEKLY W80
BUY,2502,2026-05-25 18:00:00,2026-05-25 18:00:00,PREMIUM,2,29962.25,29972.25,391.0,9.0,10.0,3.3375330624368997,10.0,True,0.0,NQ09B BUY WEEKDAY 1800 D80
BUY,2503,2026-05-26 09:30:00,2026-05-26 09:30:00,NY,2,29902.25,29918.25,631.0,9.0,16.0,5.350767918802097,16.0,True,0.0,NQ09B BUY NY N130 TP2
BUY,2506,2026-05-27 18:00:00,2026-05-27 18:00:00,PREMIUM,2,30120.25,30130.25,391.0,9.0,10.0,3.3200255641968446,10.0,True,0.0,NQ09B BUY WEEKDAY 1800 D80
BUY,2509,2026-05-31 18:00:00,2026-05-31 18:00:00,WEEKLY,2,30415.75,30425.75,391.0,9.0,10.0,3.2877703163656986,10.0,True,0.0,NQ09B BUY WEEKLY W80
BUY,2518,2026-06-08 09:30:00,2026-06-08 09:30:00,NY,2,29526.25,29542.25,631.0,9.0,16.0,5.418906904872783,16.0,True,0.0,NQ09B BUY NY N130 TP2
BUY,2522,2026-06-10 18:00:00,2026-06-10 18:00:00,PREMIUM,2,28455.25,28465.25,391.0,9.0,10.0,3.514289981637835,10.0,True,0.0,NQ09B BUY WEEKDAY 1800 D80
BUY,2523,2026-06-11 09:30:00,2026-06-11 09:30:00,NY,2,28753.5,28769.5,631.0,9.0,16.0,5.564539969047246,16.0,True,0.0,NQ09B BUY NY N130 TP2
BUY,2526,2026-06-14 18:00:00,2026-06-14 18:00:00,WEEKLY,2,30191.25,30201.25,391.0,9.0,10.0,3.3122179439407113,10.0,True,0.0,NQ09B BUY WEEKLY W80
BUY,2530,2026-06-17 18:00:00,2026-06-17 18:00:00,PREMIUM,2,30142.75,30152.75,391.0,9.0,10.0,3.3175473372535684,10.0,True,0.0,NQ09B BUY WEEKDAY 1800 D80
BUY,2531,2026-06-18 09:30:00,2026-06-18 09:30:00,NY,2,30594.75,30610.75,631.0,9.0,16.0,5.229655414736189,16.0,True,0.0,NQ09B BUY NY N130 TP2
BUY,2533,2026-06-21 18:00:00,2026-06-21 18:00:00,WEEKLY,2,30577.25,30587.25,391.0,9.0,10.0,3.2704052849749403,10.0,True,0.0,NQ09B BUY WEEKLY W80
BUY,2535,2026-06-23 09:30:00,2026-06-23 09:30:00,NY,2,29718.5,29734.5,631.0,9.0,16.0,5.383851809478944,16.0,True,0.0,NQ09B BUY NY N130 TP2
BUY,2538,2026-06-25 09:30:00,2026-06-25 09:30:00,NY,2,30153.5,30169.5,631.0,9.0,16.0,5.306183361798796,16.0,True,0.0,NQ09B BUY NY N130 TP2
BUY,2539,2026-06-25 18:00:00,2026-06-25 18:00:00,WEAK,1,29742.25,29752.25,195.5,4.5,10.0,3.362220410359001,10.0,True,0.0,NQ09B BUY WEEKDAY 1800 D80
BUY,2544,2026-07-01 09:30:00,2026-07-01 09:30:00,NY,2,30236.0,30252.0,631.0,9.0,16.0,5.291705252017462,16.0,True,0.0,NQ09B BUY NY N130 TP2
BUY,2545,2026-07-01 18:00:00,2026-07-01 18:00:00,WEAK,1,30090.0,30100.0,195.5,4.5,10.0,3.3233632436025253,10.0,True,0.0,NQ09B BUY WEEKDAY 1800 D80
BUY,2546,2026-07-02 09:30:00,2026-07-02 09:30:00,NY,2,30076.5,30092.5,631.0,9.0,16.0,5.319767925124267,16.0,True,0.0,NQ09B BUY NY N130 TP2
BUY,2547,2026-07-03 09:30:00,2026-07-03 09:30:00,NY,2,29921.25,29937.25,631.0,9.0,16.0,5.3473701800559805,16.0,True,0.0,NQ09B BUY NY N130 TP2
BUY,2548,2026-07-05 18:00:00,2026-07-05 18:00:00,WEEKLY,2,29930.5,29940.5,391.0,9.0,10.0,3.3410734869113443,10.0,True,0.0,NQ09B BUY WEEKLY W80
BUY,2553,2026-07-09 09:30:00,2026-07-09 09:30:00,NY,2,29747.0,29763.0,631.0,9.0,16.0,5.37869364977981,16.0,True,0.0,NQ09B BUY NY N130 TP2
BUY,2555,2026-07-12 18:00:00,2026-07-12 18:00:00,WEEKLY,2,29952.25,29962.25,391.0,9.0,10.0,3.3386473470273517,10.0,True,0.0,NQ09B BUY WEEKLY W80
BUY,2556,2026-07-13 09:30:00,2026-07-13 09:30:00,NY,2,29710.25,29726.25,631.0,9.0,16.0,5.385346807919826,16.0,True,0.0,NQ09B BUY NY N130 TP2
BUY,2558,2026-07-15 09:30:00,2026-07-15 09:30:00,NY,2,29955.75,29971.75,631.0,9.0,16.0,5.3412116204735325,16.0,True,0.0,NQ09B BUY NY N130 TP2
BUY,2563,2026-07-21 09:30:00,2026-07-21 09:30:00,NY,2,29222.75,29238.75,631.0,9.0,16.0,5.475186284658356,16.0,True,0.0,NQ09B BUY NY N130 TP2
BUY,2564,2026-07-22 09:30:00,2026-07-22 09:30:00,NY,2,29090.75,29106.75,631.0,9.0,16.0,5.50003007828949,16.0,True,0.0,NQ09B BUY NY N130 TP2
BUY,2566,2026-07-23 09:30:00,2026-07-23 09:30:00,NY,2,28718.5,28734.5,631.0,9.0,16.0,5.571321621951006,16.0,True,0.0,NQ09B BUY NY N130 TP2
BUY,2569,2026-07-26 18:00:00,2026-07-26 18:00:00,WEEKLY,2,28500.25,28510.25,391.0,9.0,10.0,3.5087411513934086,10.0,True,0.0,NQ09B BUY WEEKLY W80
BUY,2570,2026-07-27 09:30:00,2026-07-27 09:30:00,NY,2,28590.75,28606.75,631.0,9.0,16.0,5.596215559228072,16.0,True,0.0,NQ09B BUY NY N130 TP2
BUY,2571,2026-07-27 18:00:00,2026-07-27 18:00:00,WEAK,1,28210.75,28220.75,195.5,4.5,10.0,3.544748012725645,10.0,True,0.0,NQ09B BUY WEEKDAY 1800 D80
BUY,2572,2026-07-28 09:30:00,2026-07-28 09:30:00,NY,2,27950.25,27966.25,631.0,9.0,16.0,5.724456847434281,16.0,True,0.0,NQ09B BUY NY N130 TP2
BUY,2574,2026-07-29 09:30:00,2026-07-29 09:30:00,NY,2,27914.75,27930.75,631.0,9.0,16.0,5.731736805810548,16.0,True,0.0,NQ09B BUY NY N130 TP2
BUY,2575,2026-07-29 18:00:00,2026-07-29 18:00:00,WEAK,1,27202.25,27212.25,195.5,4.5,10.0,3.676166493580494,10.0,True,0.0,NQ09B BUY WEEKDAY 1800 D80
BUY,2580,2026-08-03 09:30:00,2026-08-03 09:30:00,NY,2,28419.25,28435.25,631.0,9.0,16.0,5.62998671675009,16.0,True,0.0,NQ09B BUY NY N130 TP2
BUY,2583,2026-08-05 09:30:00,2026-08-05 09:30:00,NY,2,29975.25,29991.25,631.0,9.0,16.0,5.337736966330556,16.0,True,0.0,NQ09B BUY NY N130 TP2
BUY,2584,2026-08-06 09:30:00,2026-08-06 09:30:00,NY,2,29335.25,29351.25,631.0,9.0,16.0,5.454189072873079,16.0,True,0.0,NQ09B BUY NY N130 TP2
SELL,3,2020-01-05 18:00:00,2020-01-05 18:00:00,WEEKLY,2,8772.0,8764.0,311.0,9.0,8.0,9.119927040583676,10.0,False,0.0,NQ09B SELL WEEKLY W80
SELL,6,2020-01-08 09:30:00,2020-01-08 09:30:00,NY,2,8861.0,8848.25,501.0,9.0,12.75,14.388895158559981,16.0,False,0.0,NQ09B SELL NY N130 TP2
SELL,21,2020-01-26 18:00:00,2020-01-26 18:00:00,WEEKLY,2,9076.75,9068.75,311.0,9.0,8.0,8.813727380394965,10.0,False,0.0,NQ09B SELL WEEKLY W80
SELL,33,2020-02-03 18:00:00,2020-02-03 18:00:00,PREMIUM,2,9098.75,9090.75,311.0,9.0,8.0,8.792416540733617,10.0,False,0.0,NQ09B SELL WEEKDAY 1800 D80
SELL,41,2020-02-09 18:00:00,2020-02-09 18:00:00,WEEKLY,2,9401.25,9393.25,311.0,9.0,8.0,8.509506714532641,10.0,False,0.0,NQ09B SELL WEEKLY W80
SELL,47,2020-02-13 18:00:00,2020-02-13 18:00:00,PREMIUM,2,9626.0,9618.0,311.0,9.0,8.0,8.3108248493663,10.0,False,0.0,NQ09B SELL WEEKDAY 1800 D80
SELL,60,2020-02-25 09:30:00,2020-02-25 09:30:00,NY,2,9159.0,9146.25,501.0,9.0,12.75,13.920733704552898,16.0,False,0.0,NQ09B SELL NY N130 TP2
SELL,64,2020-02-27 09:30:00,2020-02-27 09:30:00,NY,2,8657.75,8645.0,501.0,9.0,12.75,14.726689959862552,16.0,False,0.0,NQ09B SELL NY N130 TP2
SELL,66,2020-02-28 09:30:00,2020-02-28 09:30:00,NY,2,8160.75,8148.0,501.0,9.0,12.75,15.623564010660786,16.0,False,0.0,NQ09B SELL NY N130 TP2
SELL,73,2020-03-05 09:30:00,2020-03-05 09:30:00,NY,2,8716.0,8703.25,501.0,9.0,12.75,14.628269848554384,16.0,False,0.0,NQ09B SELL NY N130 TP2
SELL,77,2020-03-09 09:30:00,2020-03-09 09:30:00,NY,2,7972.75,7960.0,501.0,9.0,12.75,15.991972656862437,16.0,False,0.0,NQ09B SELL NY N130 TP2
SELL,81,2020-03-11 09:30:00,2020-03-11 09:30:00,NY,2,8163.5,8150.75,501.0,9.0,12.75,15.618300973847003,16.0,False,0.0,NQ09B SELL NY N130 TP2
SELL,82,2020-03-11 18:00:00,2020-03-11 18:00:00,WEAK,1,7998.5,7990.5,155.5,4.5,8.0,10.001875351628431,10.0,False,0.0,NQ09B SELL WEEKDAY 1800 D80
SELL,87,2020-03-16 09:30:00,2020-03-16 09:30:00,NY,2,7396.0,7229.0,6671.0,9.0,167.0,225.79772850189292,16.0,False,0.0,NQ09B SELL NY N130 TP2
SELL,88,2020-03-16 18:00:00,2020-03-16 18:00:00,PREMIUM,2,7036.0,7028.0,311.0,9.0,8.0,11.370096645821489,10.0,False,0.0,NQ09B SELL WEEKDAY 1800 D80
SELL,89,2020-03-17 09:30:00,2020-03-17 09:30:00,NY,2,7167.0,7154.25,501.0,9.0,12.75,17.789870238593554,16.0,False,0.0,NQ09B SELL NY N130 TP2
SELL,90,2020-03-17 18:00:00,2020-03-17 18:00:00,PREMIUM,2,7343.0,7335.0,311.0,9.0,8.0,10.894729674519951,10.0,False,0.0,NQ09B SELL WEEKDAY 1800 D80
SELL,96,2020-03-22 18:00:00,2020-03-22 18:00:00,WEEKLY,2,6797.75,6789.75,311.0,9.0,8.0,11.768599904380126,10.0,False,0.0,NQ09B SELL WEEKLY W80
SELL,102,2020-03-25 18:00:00,2020-03-25 18:00:00,WEAK,1,7483.25,7475.25,155.5,4.5,8.0,10.690542210937762,10.0,False,0.0,NQ09B SELL WEEKDAY 1800 D80
SELL,104,2020-03-27 09:30:00,2020-03-27 09:30:00,NY,2,7654.5,7641.75,501.0,9.0,12.75,16.65686850872036,16.0,False,0.0,NQ09B SELL NY N130 TP2
SELL,105,2020-03-29 18:00:00,2020-03-29 18:00:00,WEEKLY,2,7395.5,7387.5,311.0,9.0,8.0,10.817388952741533,10.0,False,0.0,NQ09B SELL WEEKLY W80
SELL,110,2020-04-01 18:00:00,2020-04-01 18:00:00,WEAK,1,7473.25,7465.25,155.5,4.5,8.0,10.704847288662899,10.0,False,0.0,NQ09B SELL WEEKDAY 1800 D80
SELL,111,2020-04-02 09:30:00,2020-04-02 09:30:00,NY,2,7432.5,7419.75,501.0,9.0,12.75,17.154389505549947,16.0,False,0.0,NQ09B SELL NY N130 TP2
SELL,112,2020-04-03 09:30:00,2020-04-03 09:30:00,NY,2,7592.5,7579.75,501.0,9.0,12.75,16.792887718142904,16.0,False,0.0,NQ09B SELL NY N130 TP2
SELL,125,2020-04-19 18:00:00,2020-04-19 18:00:00,WEEKLY,2,8799.25,8791.25,311.0,9.0,8.0,9.091683950336677,10.0,False,0.0,NQ09B SELL WEEKLY W80
SELL,131,2020-04-23 09:30:00,2020-04-23 09:30:00,NY,2,8676.5,8663.75,501.0,9.0,12.75,14.694865441134098,16.0,False,0.0,NQ09B SELL NY N130 TP2
SELL,133,2020-04-24 09:30:00,2020-04-24 09:30:00,NY,2,8644.25,8631.5,501.0,9.0,12.75,14.749689099690546,16.0,False,0.0,NQ09B SELL NY N130 TP2
SELL,139,2020-04-29 18:00:00,2020-04-29 18:00:00,PREMIUM,2,9109.25,9101.25,311.0,9.0,8.0,8.782281746576283,10.0,False,0.0,NQ09B SELL WEEKDAY 1800 D80
SELL,146,2020-05-05 18:00:00,2020-05-05 18:00:00,WEAK,1,8928.25,8920.25,155.5,4.5,8.0,8.96032257161258,10.0,False,0.0,NQ09B SELL WEEKDAY 1800 D80
SELL,147,2020-05-06 09:30:00,2020-05-06 09:30:00,NY,2,8987.25,8974.5,501.0,9.0,12.75,14.186764583159475,16.0,False,0.0,NQ09B SELL NY N130 TP2
SELL,152,2020-05-12 09:30:00,2020-05-12 09:30:00,NY,2,9319.75,9307.0,501.0,9.0,12.75,13.680624480270392,16.0,False,0.0,NQ09B SELL NY N130 TP2
SELL,168,2020-05-27 09:30:00,2020-05-27 09:30:00,NY,2,9361.0,9348.25,501.0,9.0,12.75,13.620339707296228,16.0,False,0.0,NQ09B SELL NY N130 TP2
SELL,171,2020-05-29 09:30:00,2020-05-29 09:30:00,NY,2,9441.25,9428.5,501.0,9.0,12.75,13.504567721435192,16.0,False,0.0,NQ09B SELL NY N130 TP2
SELL,173,2020-06-01 09:30:00,2020-06-01 09:30:00,NY,2,9520.0,9507.25,501.0,9.0,12.75,13.392857142857142,16.0,False,0.0,NQ09B SELL NY N130 TP2
SELL,178,2020-06-04 18:00:00,2020-06-04 18:00:00,WEAK,1,9643.25,9635.25,155.5,4.5,8.0,8.295958312809478,10.0,False,0.0,NQ09B SELL WEEKDAY 1800 D80
SELL,179,2020-06-05 09:30:00,2020-06-05 09:30:00,NY,2,9670.5,9657.75,501.0,9.0,12.75,13.184426865208625,16.0,False,0.0,NQ09B SELL NY N130 TP2
SELL,180,2020-06-07 18:00:00,2020-06-07 18:00:00,WEEKLY,2,9818.75,9810.75,311.0,9.0,8.0,8.147676639083386,10.0,False,0.0,NQ09B SELL WEEKLY W80
SELL,186,2020-06-11 09:30:00,2020-06-11 09:30:00,NY,2,9926.75,9914.0,501.0,9.0,12.75,12.844082907295943,16.0,False,0.0,NQ09B SELL NY N130 TP2
SELL,187,2020-06-11 18:00:00,2020-06-11 18:00:00,PREMIUM,2,9615.75,9607.75,311.0,9.0,8.0,8.319683852013624,10.0,False,0.0,NQ09B SELL WEEKDAY 1800 D80
SELL,197,2020-06-21 18:00:00,2020-06-21 18:00:00,WEEKLY,2,9867.75,9859.75,311.0,9.0,8.0,8.107217957487775,10.0,False,0.0,NQ09B SELL WEEKLY W80
SELL,202,2020-06-24 18:00:00,2020-06-24 18:00:00,PREMIUM,2,10005.0,9997.0,311.0,9.0,8.0,7.9960019990005,10.0,False,0.0,NQ09B SELL WEEKDAY 1800 D80
SELL,216,2020-07-07 09:30:00,2020-07-07 09:30:00,NY,2,10579.25,10566.5,501.0,9.0,12.75,12.051894037857124,16.0,False,0.0,NQ09B SELL NY N130 TP2
SELL,218,2020-07-09 09:30:00,2020-07-09 09:30:00,NY,2,10733.75,10721.0,501.0,9.0,12.75,11.878420868755095,16.0,False,0.0,NQ09B SELL NY N130 TP2
SELL,226,2020-07-16 09:30:00,2020-07-16 09:30:00,NY,2,10571.0,10558.25,501.0,9.0,12.75,12.061299782423612,16.0,False,0.0,NQ09B SELL NY N130 TP2
SELL,231,2020-07-22 09:30:00,2020-07-22 09:30:00,NY,2,10837.75,10825.0,501.0,9.0,12.75,11.76443449978086,16.0,False,0.0,NQ09B SELL NY N130 TP2
SELL,232,2020-07-22 18:00:00,2020-07-22 18:00:00,WEAK,1,10849.75,10841.75,155.5,4.5,8.0,7.373441784372912,10.0,False,0.0,NQ09B SELL WEEKDAY 1800 D80
SELL,236,2020-07-26 18:00:00,2020-07-26 18:00:00,WEEKLY,2,10489.75,10481.75,311.0,9.0,8.0,7.626492528420601,10.0,False,0.0,NQ09B SELL WEEKLY W80
SELL,241,2020-07-30 09:30:00,2020-07-30 09:30:00,NY,2,10566.25,10553.5,501.0,9.0,12.75,12.066721873890927,16.0,False,0.0,NQ09B SELL NY N130 TP2
SELL,255,2020-08-12 18:00:00,2020-08-12 18:00:00,PREMIUM,2,11115.25,11107.25,311.0,9.0,8.0,7.197318998672994,10.0,False,0.0,NQ09B SELL WEEKDAY 1800 D80
SELL,262,2020-08-20 09:30:00,2020-08-20 09:30:00,NY,2,11284.25,11271.5,501.0,9.0,12.75,11.298934355406871,16.0,False,0.0,NQ09B SELL NY N130 TP2
SELL,266,2020-08-25 09:30:00,2020-08-25 09:30:00,NY,2,11591.0,11578.25,501.0,9.0,12.75,10.999913726166854,16.0,False,0.0,NQ09B SELL NY N130 TP2
SELL,267,2020-08-25 18:00:00,2020-08-25 18:00:00,PREMIUM,2,11739.25,11731.25,311.0,9.0,8.0,6.814745405370871,10.0,False,0.0,NQ09B SELL WEEKDAY 1800 D80
SELL,269,2020-08-26 18:00:00,2020-08-26 18:00:00,WEAK,1,11984.25,11976.25,155.5,4.5,8.0,6.675428166134719,10.0,False,0.0,NQ09B SELL WEEKDAY 1800 D80
SELL,274,2020-08-31 09:30:00,2020-08-31 09:30:00,NY,2,12017.0,12004.25,501.0,9.0,12.75,10.60996921028543,16.0,False,0.0,NQ09B SELL NY N130 TP2
SELL,280,2020-09-03 18:00:00,2020-09-03 18:00:00,PREMIUM,2,11744.75,11736.75,311.0,9.0,8.0,6.811554098639817,10.0,False,0.0,NQ09B SELL WEEKDAY 1800 D80
SELL,281,2020-09-04 09:30:00,2020-09-04 09:30:00,NY,2,11713.75,11701.0,501.0,9.0,12.75,10.884644114822324,16.0,False,0.0,NQ09B SELL NY N130 TP2
SELL,284,2020-09-08 09:30:00,2020-09-08 09:30:00,NY,2,11158.0,11145.25,501.0,9.0,12.75,11.426778992651013,16.0,False,0.0,NQ09B SELL NY N130 TP2
SELL,300,2020-09-21 09:30:00,2020-09-21 09:30:00,NY,2,10757.5,10744.75,501.0,9.0,12.75,11.852196142226354,16.0,False,0.0,NQ09B SELL NY N130 TP2
SELL,309,2020-09-29 09:30:00,2020-09-29 09:30:00,NY,2,11345.75,11333.0,501.0,9.0,12.75,11.237688121102615,16.0,False,0.0,NQ09B SELL NY N130 TP2
SELL,313,2020-10-02 09:30:00,2020-10-02 09:30:00,NY,2,11316.0,11303.25,501.0,9.0,12.75,11.267232237539767,16.0,False,0.0,NQ09B SELL NY N130 TP2
SELL,317,2020-10-06 18:00:00,2020-10-06 18:00:00,PREMIUM,2,11220.25,11212.25,311.0,9.0,8.0,7.129965909850493,10.0,False,0.0,NQ09B SELL WEEKDAY 1800 D80
SELL,321,2020-10-09 09:30:00,2020-10-09 09:30:00,NY,2,11601.75,11589.0,501.0,9.0,12.75,10.98972137824035,16.0,False,0.0,NQ09B SELL NY N130 TP2
SELL,322,2020-10-11 18:00:00,2020-10-11 18:00:00,WEEKLY,2,11722.5,11714.5,311.0,9.0,8.0,6.824482832160375,10.0,False,0.0,NQ09B SELL WEEKLY W80
SELL,329,2020-10-15 09:30:00,2020-10-15 09:30:00,NY,2,11775.0,11762.25,501.0,9.0,12.75,10.828025477707007,16.0,False,0.0,NQ09B SELL NY N130 TP2
SELL,336,2020-10-21 09:30:00,2020-10-21 09:30:00,NY,2,11669.75,11657.0,501.0,9.0,12.75,10.925683926390883,16.0,False,0.0,NQ09B SELL NY N130 TP2
SELL,347,2020-10-30 09:30:00,2020-10-30 09:30:00,NY,2,11246.0,11233.25,501.0,9.0,12.75,11.337364396229772,16.0,False,0.0,NQ09B SELL NY N130 TP2
SELL,348,2020-11-01 18:00:00,2020-11-01 18:00:00,WEEKLY,2,11034.25,11026.25,311.0,9.0,8.0,7.250152932913429,10.0,False,0.0,NQ09B SELL WEEKLY W80
SELL,351,2020-11-03 18:00:00,2020-11-03 18:00:00,WEAK,1,11263.75,11255.75,155.5,4.5,8.0,7.102430362889801,10.0,False,0.0,NQ09B SELL WEEKDAY 1800 D80
SELL,352,2020-11-04 09:30:00,2020-11-04 09:30:00,NY,2,11627.25,11614.5,501.0,9.0,12.75,10.965619557504999,16.0,False,0.0,NQ09B SELL NY N130 TP2
SELL,355,2020-11-05 18:00:00,2020-11-05 18:00:00,WEAK,1,12088.25,12080.25,155.5,4.5,8.0,6.6179968150890325,10.0,False,0.0,NQ09B SELL WEEKDAY 1800 D80
SELL,357,2020-11-08 18:00:00,2020-11-08 18:00:00,WEEKLY,2,12139.0,12131.0,311.0,9.0,8.0,6.590328692643546,10.0,False,0.0,NQ09B SELL WEEKLY W80
SELL,361,2020-11-11 09:30:00,2020-11-11 09:30:00,NY,2,11719.25,11706.5,501.0,9.0,12.75,10.879535806472257,16.0,False,0.0,NQ09B SELL NY N130 TP2
SELL,364,2020-11-13 09:30:00,2020-11-13 09:30:00,NY,2,11889.5,11876.75,501.0,9.0,12.75,10.723747844736952,16.0,False,0.0,NQ09B SELL NY N130 TP2
SELL,370,2020-11-18 18:00:00,2020-11-18 18:00:00,WEAK,1,11875.75,11867.75,155.5,4.5,8.0,6.736416647369639,10.0,False,0.0,NQ09B SELL WEEKDAY 1800 D80
SELL,372,2020-11-19 18:00:00,2020-11-19 18:00:00,WEAK,1,11959.75,11951.75,155.5,4.5,8.0,6.689103033090157,10.0,False,0.0,NQ09B SELL WEEKDAY 1800 D80
SELL,373,2020-11-20 09:30:00,2020-11-20 09:30:00,NY,2,11983.75,11971.0,501.0,9.0,12.75,10.639407531031605,16.0,False,0.0,NQ09B SELL NY N130 TP2
SELL,378,2020-11-25 09:30:00,2020-11-25 09:30:00,NY,2,12112.0,12099.25,501.0,9.0,12.75,10.52675033025099,16.0,False,0.0,NQ09B SELL NY N130 TP2
SELL,380,2020-11-27 09:30:00,2020-11-27 09:30:00,NY,2,12227.5,12214.75,501.0,9.0,12.75,10.427315477407483,16.0,False,0.0,NQ09B SELL NY N130 TP2
SELL,409,2020-12-29 09:30:00,2020-12-29 09:30:00,NY,2,12891.5,12878.75,501.0,9.0,12.75,9.890237753558548,16.0,False,0.0,NQ09B SELL NY N130 TP2
SELL,428,2021-01-14 09:30:00,2021-01-14 09:30:00,NY,2,12985.5,12972.75,501.0,9.0,12.75,9.818643872011089,16.0,False,0.0,NQ09B SELL NY N130 TP2
SELL,430,2021-01-17 18:00:00,2021-01-17 18:00:00,WEEKLY,2,12774.0,12766.0,311.0,9.0,8.0,6.262721152340692,10.0,False,0.0,NQ09B SELL WEEKLY W80
SELL,444,2021-01-27 09:30:00,2021-01-27 09:30:00,NY,2,13389.25,13376.5,501.0,9.0,12.75,9.522564744104413,16.0,False,0.0,NQ09B SELL NY N130 TP2
SELL,446,2021-01-28 09:30:00,2021-01-28 09:30:00,NY,2,13155.0,13142.25,501.0,9.0,12.75,9.692132269099202,16.0,False,0.0,NQ09B SELL NY N130 TP2
SELL,448,2021-01-29 09:30:00,2021-01-29 09:30:00,NY,2,13110.25,13097.5,501.0,9.0,12.75,9.725215003527774,16.0,False,0.0,NQ09B SELL NY N130 TP2
SELL,458,2021-02-07 18:00:00,2021-02-07 18:00:00,WEEKLY,2,13623.5,13615.5,311.0,9.0,8.0,5.872206114434617,10.0,False,0.0,NQ09B SELL WEEKLY W80
SELL,461,2021-02-10 09:30:00,2021-02-10 09:30:00,NY,2,13742.5,13729.75,501.0,9.0,12.75,9.277787884300528,16.0,False,0.0,NQ09B SELL NY N130 TP2
SELL,468,2021-02-16 09:30:00,2021-02-16 09:30:00,NY,2,13835.5,13822.75,501.0,9.0,12.75,9.21542409020274,16.0,False,0.0,NQ09B SELL NY N130 TP2
SELL,477,2021-02-24 18:00:00,2021-02-24 18:00:00,WEAK,1,13304.5,13296.5,155.5,4.5,8.0,6.013003119245368,10.0,False,0.0,NQ09B SELL WEEKDAY 1800 D80
SELL,480,2021-02-26 09:30:00,2021-02-26 09:30:00,NY,2,12952.5,12939.75,501.0,9.0,12.75,9.843659525188187,16.0,False,0.0,NQ09B SELL NY N130 TP2
SELL,483,2021-03-01 18:00:00,2021-03-01 18:00:00,PREMIUM,2,13312.0,13304.0,311.0,9.0,8.0,6.009615384615385,10.0,False,0.0,NQ09B SELL WEEKDAY 1800 D80
SELL,487,2021-03-04 09:30:00,2021-03-04 09:30:00,NY,2,12664.0,12651.25,501.0,9.0,12.75,10.067909033480733,16.0,False,0.0,NQ09B SELL NY N130 TP2
SELL,492,2021-03-09 09:30:00,2021-03-09 09:30:00,NY,2,12609.0,12596.25,501.0,9.0,12.75,10.111824886985486,16.0,False,0.0,NQ09B SELL NY N130 TP2
SELL,498,2021-03-15 09:30:00,2021-03-15 09:30:00,NY,2,12950.25,12937.5,501.0,9.0,12.75,9.84536978050617,16.0,False,0.0,NQ09B SELL NY N130 TP2
SELL,501,2021-03-17 18:00:00,2021-03-17 18:00:00,WEAK,1,13186.75,13178.75,155.5,4.5,8.0,6.066695736250403,10.0,False,0.0,NQ09B SELL WEEKDAY 1800 D80
SELL,505,2021-03-21 18:00:00,2021-03-21 18:00:00,WEEKLY,2,12806.75,12798.75,311.0,9.0,8.0,6.246705838717864,10.0,False,0.0,NQ09B SELL WEEKLY W80
SELL,512,2021-03-28 18:00:00,2021-03-28 18:00:00,WEEKLY,2,12975.5,12967.5,311.0,9.0,8.0,6.1654656853300445,10.0,False,0.0,NQ09B SELL WEEKLY W80
SELL,530,2021-04-15 18:00:00,2021-04-15 18:00:00,WEAK,1,14001.75,13993.75,155.5,4.5,8.0,5.713571517845983,10.0,False,0.0,NQ09B SELL WEEKDAY 1800 D80
SELL,531,2021-04-16 09:30:00,2021-04-16 09:30:00,NY,2,14038.5,14025.75,501.0,9.0,12.75,9.082166898172881,16.0,False,0.0,NQ09B SELL NY N130 TP2
SELL,533,2021-04-19 09:30:00,2021-04-19 09:30:00,NY,2,13964.5,13951.75,501.0,9.0,12.75,9.130294675785025,16.0,False,0.0,NQ09B SELL NY N130 TP2
SELL,534,2021-04-20 09:30:00,2021-04-20 09:30:00,NY,2,13873.75,13861.0,501.0,9.0,12.75,9.190017118659338,16.0,False,0.0,NQ09B SELL NY N130 TP2
SELL,545,2021-04-28 18:00:00,2021-04-28 18:00:00,PREMIUM,2,13973.25,13965.25,311.0,9.0,8.0,5.725224983450522,10.0,False,0.0,NQ09B SELL WEEKDAY 1800 D80
SELL,547,2021-04-29 18:00:00,2021-04-29 18:00:00,WEAK,1,13948.0,13940.0,155.5,4.5,8.0,5.735589331803842,10.0,False,0.0,NQ09B SELL WEEKDAY 1800 D80
SELL,564,2021-05-14 09:30:00,2021-05-14 09:30:00,NY,2,13231.75,13219.0,501.0,9.0,12.75,9.635913616868516,16.0,False,0.0,NQ09B SELL NY N130 TP2
SELL,569,2021-05-19 09:30:00,2021-05-19 09:30:00,NY,2,12984.25,12971.5,501.0,9.0,12.75,9.819589117584767,16.0,False,0.0,NQ09B SELL NY N130 TP2
SELL,574,2021-05-24 09:30:00,2021-05-24 09:30:00,NY,2,13508.75,13496.0,501.0,9.0,12.75,9.43832701027112,16.0,False,0.0,NQ09B SELL NY N130 TP2
SELL,584,2021-06-02 09:30:00,2021-06-02 09:30:00,NY,2,13666.75,13654.0,501.0,9.0,12.75,9.329211407247517,16.0,False,0.0,NQ09B SELL NY N130 TP2
SELL,594,2021-06-10 09:30:00,2021-06-10 09:30:00,NY,2,13830.75,13818.0,501.0,9.0,12.75,9.218589013610975,16.0,False,0.0,NQ09B SELL NY N130 TP2
SELL,598,2021-06-14 09:30:00,2021-06-14 09:30:00,NY,2,14014.5,14001.75,501.0,9.0,12.75,9.097720218345286,16.0,False,0.0,NQ09B SELL NY N130 TP2
SELL,601,2021-06-16 18:00:00,2021-06-16 18:00:00,PREMIUM,2,13940.75,13932.75,311.0,9.0,8.0,5.738572171511576,10.0,False,0.0,NQ09B SELL WEEKDAY 1800 D80
SELL,604,2021-06-18 09:30:00,2021-06-18 09:30:00,NY,2,14080.25,14067.5,501.0,9.0,12.75,9.055236945366737,16.0,False,0.0,NQ09B SELL NY N130 TP2
SELL,605,2021-06-20 18:00:00,2021-06-20 18:00:00,WEEKLY,2,14022.5,14014.5,311.0,9.0,8.0,5.705116776609021,10.0,False,0.0,NQ09B SELL WEEKLY W80
SELL,617,2021-07-01 18:00:00,2021-07-01 18:00:00,WEAK,1,14543.5,14535.5,155.5,4.5,8.0,5.500739161824871,10.0,False,0.0,NQ09B SELL WEEKDAY 1800 D80
SELL,620,2021-07-05 09:30:00,2021-07-05 12:30:00,NY,2,14703.75,14691.0,501.0,9.0,12.75,8.671257332313186,16.0,False,0.0,NQ09B SELL NY N130 TP2
SELL,624,2021-07-08 09:30:00,2021-07-08 09:30:00,NY,2,14593.75,14581.0,501.0,9.0,12.75,8.73661670235546,16.0,False,0.0,NQ09B SELL NY N130 TP2
SELL,629,2021-07-13 18:00:00,2021-07-13 18:00:00,WEAK,1,14869.5,14861.5,155.5,4.5,8.0,5.38014055617203,10.0,False,0.0,NQ09B SELL WEEKDAY 1800 D80
SELL,630,2021-07-14 09:30:00,2021-07-14 09:30:00,NY,2,14968.75,14956.0,501.0,9.0,12.75,8.517745302713987,16.0,False,0.0,NQ09B SELL NY N130 TP2
SELL,647,2021-07-27 18:00:00,2021-07-27 18:00:00,PREMIUM,2,14875.5,14867.5,311.0,9.0,8.0,5.377970488386945,10.0,False,0.0,NQ09B SELL WEEKDAY 1800 D80
SELL,648,2021-07-28 09:30:00,2021-07-28 09:30:00,NY,2,14998.0,14985.25,501.0,9.0,12.75,8.501133484464596,16.0,False,0.0,NQ09B SELL NY N130 TP2
SELL,654,2021-08-02 09:30:00,2021-08-02 09:30:00,NY,2,15027.5,15014.75,501.0,9.0,12.75,8.484445183829646,16.0,False,0.0,NQ09B SELL NY N130 TP2
SELL,664,2021-08-11 09:30:00,2021-08-11 09:30:00,NY,2,15098.0,15085.25,501.0,9.0,12.75,8.444827129421116,16.0,False,0.0,NQ09B SELL NY N130 TP2
SELL,667,2021-08-15 18:00:00,2021-08-15 18:00:00,WEEKLY,2,15119.0,15111.0,311.0,9.0,8.0,5.291355248362986,10.0,False,0.0,NQ09B SELL WEEKLY W80
SELL,672,2021-08-18 09:30:00,2021-08-18 09:30:00,NY,2,14978.5,14965.75,501.0,9.0,12.75,8.51220082117702,16.0,False,0.0,NQ09B SELL NY N130 TP2
SELL,676,2021-08-20 09:30:00,2021-08-20 09:30:00,NY,2,14973.25,14960.5,501.0,9.0,12.75,8.515185413988279,16.0,False,0.0,NQ09B SELL NY N130 TP2
SELL,693,2021-09-06 18:00:00,2021-09-06 18:30:00,WEAK,1,15701.75,15693.75,155.5,4.5,8.0,5.094973490216059,10.0,False,0.0,NQ09B SELL WEEKDAY 1800 D80
SELL,703,2021-09-15 09:30:00,2021-09-15 09:30:00,NY,2,15404.75,15392.0,501.0,9.0,12.75,8.276667910871646,16.0,False,0.0,NQ09B SELL NY N130 TP2
SELL,705,2021-09-16 09:30:00,2021-09-16 09:30:00,NY,2,15441.5,15428.75,501.0,9.0,12.75,8.256969853964964,16.0,False,0.0,NQ09B SELL NY N130 TP2
SELL,709,2021-09-20 09:30:00,2021-09-20 09:30:00,NY,2,15075.75,15063.0,501.0,9.0,12.75,8.45729068205562,16.0,False,0.0,NQ09B SELL NY N130 TP2
SELL,715,2021-09-23 09:30:00,2021-09-23 09:30:00,NY,2,15210.5,15197.75,501.0,9.0,12.75,8.38236744354229,16.0,False,0.0,NQ09B SELL NY N130 TP2
SELL,717,2021-09-24 09:30:00,2021-09-24 09:30:00,NY,2,15206.25,15193.5,501.0,9.0,12.75,8.38471023427867,16.0,False,0.0,NQ09B SELL NY N130 TP2
SELL,720,2021-09-28 09:30:00,2021-09-28 09:30:00,NY,2,15001.25,14988.5,501.0,9.0,12.75,8.499291725689526,16.0,False,0.0,NQ09B SELL NY N130 TP2
SELL,722,2021-09-29 09:30:00,2021-09-29 09:30:00,NY,2,14817.5,14804.75,501.0,9.0,12.75,8.604690399865024,16.0,False,0.0,NQ09B SELL NY N130 TP2
SELL,726,2021-10-03 18:00:00,2021-10-03 18:00:00,WEEKLY,2,14784.75,14776.75,311.0,9.0,8.0,5.410980909382978,10.0,False,0.0,NQ09B SELL WEEKLY W80
SELL,732,2021-10-07 09:30:00,2021-10-07 09:30:00,NY,2,14882.0,14869.25,501.0,9.0,12.75,8.56739685526139,16.0,False,0.0,NQ09B SELL NY N130 TP2
SELL,736,2021-10-11 09:30:00,2021-10-11 09:30:00,NY,2,14748.0,14735.25,501.0,9.0,12.75,8.645240032546786,16.0,False,0.0,NQ09B SELL NY N130 TP2
SELL,743,2021-10-18 09:30:00,2021-10-18 09:30:00,NY,2,15076.25,15063.5,501.0,9.0,12.75,8.457010198159358,16.0,False,0.0,NQ09B SELL NY N130 TP2
SELL,751,2021-10-25 18:00:00,2021-10-25 18:00:00,PREMIUM,2,15542.75,15534.75,311.0,9.0,8.0,5.147094304418459,10.0,False,0.0,NQ09B SELL WEEKDAY 1800 D80
SELL,752,2021-10-26 09:30:00,2021-10-26 09:30:00,NY,2,15597.5,15584.75,501.0,9.0,12.75,8.174386920980927,16.0,False,0.0,NQ09B SELL NY N130 TP2
SELL,756,2021-10-28 09:30:00,2021-10-28 09:30:00,NY,2,15668.5,15655.75,501.0,9.0,12.75,8.13734562976673,16.0,False,0.0,NQ09B SELL NY N130 TP2
SELL,758,2021-10-29 09:30:00,2021-10-29 09:30:00,NY,2,15630.75,15618.0,501.0,9.0,12.75,8.156998224653327,16.0,False,0.0,NQ09B SELL NY N130 TP2
SELL,766,2021-11-08 09:30:00,2021-11-08 09:30:00,NY,2,16349.5,16336.75,501.0,9.0,12.75,7.798403620905838,16.0,False,0.0,NQ09B SELL NY N130 TP2
SELL,767,2021-11-09 09:30:00,2021-11-09 09:30:00,NY,2,16375.75,16363.0,501.0,9.0,12.75,7.785902935743401,16.0,False,0.0,NQ09B SELL NY N130 TP2
SELL,786,2021-11-26 09:30:00,2021-11-26 09:30:00,NY,2,16250.75,16238.0,501.0,9.0,12.75,7.845791732689261,16.0,False,0.0,NQ09B SELL NY N130 TP2
SELL,787,2021-11-29 09:30:00,2021-11-29 09:30:00,NY,2,16239.5,16226.75,501.0,9.0,12.75,7.851226946642446,16.0,False,0.0,NQ09B SELL NY N130 TP2
SELL,792,2021-12-02 09:30:00,2021-12-02 09:30:00,NY,2,15822.75,15810.0,501.0,9.0,12.75,8.058017727639001,16.0,False,0.0,NQ09B SELL NY N130 TP2
SELL,794,2021-12-03 09:30:00,2021-12-03 09:30:00,NY,2,16047.0,16034.25,501.0,9.0,12.75,7.9454103570760894,16.0,False,0.0,NQ09B SELL NY N130 TP2
SELL,803,2021-12-14 09:30:00,2021-12-14 09:30:00,NY,2,15882.0,15869.25,501.0,9.0,12.75,8.02795617680393,16.0,False,0.0,NQ09B SELL NY N130 TP2
SELL,806,2021-12-17 09:30:00,2021-12-17 09:30:00,NY,2,15713.0,15700.25,501.0,9.0,12.75,8.11430026093044,16.0,False,0.0,NQ09B SELL NY N130 TP2
SELL,807,2021-12-19 18:00:00,2021-12-19 18:00:00,WEEKLY,2,15809.25,15801.25,311.0,9.0,8.0,5.0603286050887935,10.0,False,0.0,NQ09B SELL WEEKLY W80
SELL,816,2021-12-30 09:30:00,2021-12-30 09:30:00,NY,2,16475.25,16462.5,501.0,9.0,12.75,7.738881048845996,16.0,False,0.0,NQ09B SELL NY N130 TP2
SELL,823,2022-01-06 09:30:00,2022-01-06 09:30:00,NY,2,15690.75,15678.0,501.0,9.0,12.75,8.125806605802783,16.0,False,0.0,NQ09B SELL NY N130 TP2
SELL,834,2022-01-16 18:00:00,2022-01-16 18:00:00,WEEKLY,2,15616.5,15608.5,311.0,9.0,8.0,5.122786796017034,10.0,False,0.0,NQ09B SELL WEEKLY W80
SELL,840,2022-01-20 18:00:00,2022-01-20 18:00:00,PREMIUM,2,14721.75,14713.75,311.0,9.0,8.0,5.4341365666445895,10.0,False,0.0,NQ09B SELL WEEKDAY 1800 D80
SELL,841,2022-01-21 09:30:00,2022-01-21 09:30:00,NY,2,14745.25,14732.5,501.0,9.0,12.75,8.646852376188942,16.0,False,0.0,NQ09B SELL NY N130 TP2
SELL,842,2022-01-23 18:00:00,2022-01-23 18:00:00,WEEKLY,2,14409.75,14401.75,311.0,9.0,8.0,5.551796526657298,10.0,False,0.0,NQ09B SELL WEEKLY W80
SELL,844,2022-01-24 18:00:00,2022-01-24 18:00:00,WEAK,1,14494.75,14486.75,155.5,4.5,8.0,5.519239724727919,10.0,False,0.0,NQ09B SELL WEEKDAY 1800 D80
SELL,845,2022-01-25 09:30:00,2022-01-25 09:30:00,NY,2,14219.25,14206.5,501.0,9.0,12.75,8.966717653884698,16.0,False,0.0,NQ09B SELL NY N130 TP2
SELL,848,2022-01-26 18:00:00,2022-01-26 18:00:00,WEAK,1,14193.75,14185.75,155.5,4.5,8.0,5.6362835755173935,10.0,False,0.0,NQ09B SELL WEEKDAY 1800 D80
SELL,858,2022-02-03 09:30:00,2022-02-03 09:30:00,NY,2,14703.75,14691.0,501.0,9.0,12.75,8.671257332313186,16.0,False,0.0,NQ09B SELL NY N130 TP2
SELL,863,2022-02-08 09:30:00,2022-02-08 09:30:00,NY,2,14516.0,14503.25,501.0,9.0,12.75,8.783411408101404,16.0,False,0.0,NQ09B SELL NY N130 TP2
SELL,869,2022-02-14 09:30:00,2022-02-14 09:30:00,NY,2,14209.0,14196.25,501.0,9.0,12.75,8.97318600886762,16.0,False,0.0,NQ09B SELL NY N130 TP2
SELL,870,2022-02-15 09:30:00,2022-02-15 09:30:00,NY,2,14472.0,14459.25,501.0,9.0,12.75,8.810116086235489,16.0,False,0.0,NQ09B SELL NY N130 TP2
SELL,873,2022-02-16 18:00:00,2022-02-16 18:00:00,WEAK,1,14592.0,14584.0,155.5,4.5,8.0,5.482456140350877,10.0,False,0.0,NQ09B SELL WEEKDAY 1800 D80
SELL,874,2022-02-17 09:30:00,2022-02-17 09:30:00,NY,2,14462.25,14449.5,501.0,9.0,12.75,8.816055593009386,16.0,False,0.0,NQ09B SELL NY N130 TP2
SELL,879,2022-02-22 18:00:00,2022-02-22 18:00:00,WEAK,1,13928.0,13920.0,155.5,4.5,8.0,5.743825387708214,10.0,False,0.0,NQ09B SELL WEEKDAY 1800 D80
SELL,880,2022-02-23 09:30:00,2022-02-23 09:30:00,NY,2,13995.25,13982.5,501.0,9.0,12.75,9.110233829334954,16.0,False,0.0,NQ09B SELL NY N130 TP2
SELL,882,2022-02-24 09:30:00,2022-02-24 09:30:00,NY,2,13073.5,13060.75,501.0,9.0,12.75,9.7525528741347,16.0,False,0.0,NQ09B SELL NY N130 TP2
SELL,885,2022-02-27 18:00:00,2022-02-27 18:00:00,WEEKLY,2,13900.0,13892.0,311.0,9.0,8.0,5.755395683453237,10.0,False,0.0,NQ09B SELL WEEKLY W80
SELL,887,2022-03-01 09:30:00,2022-03-01 09:30:00,NY,2,14174.75,14162.0,501.0,9.0,12.75,8.994867634349813,16.0,False,0.0,NQ09B SELL NY N130 TP2
SELL,889,2022-03-02 18:00:00,2022-03-02 18:00:00,PREMIUM,2,14196.25,14188.25,311.0,9.0,8.0,5.63529100994981,10.0,False,0.0,NQ09B SELL WEEKDAY 1800 D80
SELL,892,2022-03-06 18:00:00,2022-03-06 18:00:00,WEEKLY,2,13763.25,13755.25,311.0,9.0,8.0,5.812580604145096,10.0,False,0.0,NQ09B SELL WEEKLY W80
SELL,893,2022-03-07 09:30:00,2022-03-07 09:30:00,NY,2,13830.75,13818.0,501.0,9.0,12.75,9.218589013610975,16.0,False,0.0,NQ09B SELL NY N130 TP2
SELL,897,2022-03-09 18:00:00,2022-03-09 18:00:00,WEAK,1,13777.75,13769.75,155.5,4.5,8.0,5.806463319482499,10.0,False,0.0,NQ09B SELL WEEKDAY 1800 D80
SELL,900,2022-03-13 18:00:00,2022-03-13 18:00:00,WEEKLY,2,13361.75,13353.75,311.0,9.0,8.0,5.987239695399181,10.0,False,0.0,NQ09B SELL WEEKLY W80
SELL,901,2022-03-14 09:30:00,2022-03-14 09:30:00,NY,2,13250.25,13237.5,501.0,9.0,12.75,9.622459953585782,16.0,False,0.0,NQ09B SELL NY N130 TP2
SELL,909,2022-03-21 09:30:00,2022-03-21 09:30:00,NY,2,14371.25,14358.5,501.0,9.0,12.75,8.871879620770637,16.0,False,0.0,NQ09B SELL NY N130 TP2
SELL,910,2022-03-22 09:30:00,2022-03-22 09:30:00,NY,2,14390.25,14377.5,501.0,9.0,12.75,8.860165737217908,16.0,False,0.0,NQ09B SELL NY N130 TP2
SELL,913,2022-03-25 09:30:00,2022-03-25 09:30:00,NY,2,14763.0,14750.25,501.0,9.0,12.75,8.636456004877058,16.0,False,0.0,NQ09B SELL NY N130 TP2
SELL,919,2022-04-01 09:30:00,2022-04-01 09:30:00,NY,2,14899.0,14886.25,501.0,9.0,12.75,8.557621316866904,16.0,False,0.0,NQ09B SELL NY N130 TP2
SELL,933,2022-04-19 09:30:00,2022-04-19 09:30:00,NY,2,13875.25,13862.5,501.0,9.0,12.75,9.189023621196014,16.0,False,0.0,NQ09B SELL NY N130 TP2
SELL,937,2022-04-22 09:30:00,2022-04-22 09:30:00,NY,2,13725.25,13712.5,501.0,9.0,12.75,9.289448279630607,16.0,False,0.0,NQ09B SELL NY N130 TP2
SELL,939,2022-04-25 09:30:00,2022-04-25 09:30:00,NY,2,13288.75,13276.0,501.0,9.0,12.75,9.594581883171855,16.0,False,0.0,NQ09B SELL NY N130 TP2
SELL,944,2022-04-28 09:30:00,2022-04-28 09:30:00,NY,2,13212.5,13199.75,501.0,9.0,12.75,9.649952696310311,16.0,False,0.0,NQ09B SELL NY N130 TP2
SELL,946,2022-04-29 09:30:00,2022-04-29 09:30:00,NY,2,13287.25,13274.5,501.0,9.0,12.75,9.595665017215753,16.0,False,0.0,NQ09B SELL NY N130 TP2
SELL,948,2022-05-02 09:30:00,2022-05-02 09:30:00,NY,2,12840.5,12827.75,501.0,9.0,12.75,9.929519878509403,16.0,False,0.0,NQ09B SELL NY N130 TP2
SELL,950,2022-05-03 18:00:00,2022-05-03 18:00:00,WEAK,1,13120.75,13112.75,155.5,4.5,8.0,6.097212430691843,10.0,False,0.0,NQ09B SELL WEEKDAY 1800 D80
SELL,956,2022-05-09 09:30:00,2022-05-09 09:30:00,NY,2,12449.0,12436.25,501.0,9.0,12.75,10.241786488874608,16.0,False,0.0,NQ09B SELL NY N130 TP2
SELL,957,2022-05-10 09:30:00,2022-05-10 09:30:00,NY,2,12496.25,12483.5,501.0,9.0,12.75,10.203060918275483,16.0,False,0.0,NQ09B SELL NY N130 TP2
SELL,959,2022-05-11 09:30:00,2022-05-11 09:30:00,NY,2,12245.25,12232.5,501.0,9.0,12.75,10.412200649231336,16.0,False,0.0,NQ09B SELL NY N130 TP2
SELL,960,2022-05-12 09:30:00,2022-05-12 09:30:00,NY,2,11791.5,11778.75,501.0,9.0,12.75,10.81287368019336,16.0,False,0.0,NQ09B SELL NY N130 TP2
SELL,963,2022-05-15 18:00:00,2022-05-15 18:00:00,WEEKLY,2,12408.75,12400.75,311.0,9.0,8.0,6.447063564017326,10.0,False,0.0,NQ09B SELL WEEKLY W80
SELL,966,2022-05-18 09:30:00,2022-05-18 09:30:00,NY,2,12368.0,12355.25,501.0,9.0,12.75,10.308861578266495,16.0,False,0.0,NQ09B SELL NY N130 TP2
SELL,975,2022-05-26 09:30:00,2022-05-26 09:30:00,NY,2,11912.5,11899.75,501.0,9.0,12.75,10.703043022035677,16.0,False,0.0,NQ09B SELL NY N130 TP2
SELL,977,2022-05-29 18:00:00,2022-05-29 18:00:00,WEEKLY,2,12705.0,12697.0,311.0,9.0,8.0,6.296733569460842,10.0,False,0.0,NQ09B SELL WEEKLY W80
SELL,982,2022-06-03 09:30:00,2022-06-03 09:30:00,NY,2,12673.25,12660.5,501.0,9.0,12.75,10.060560629672736,16.0,False,0.0,NQ09B SELL NY N130 TP2
SELL,987,2022-06-09 09:30:00,2022-06-09 09:30:00,NY,2,12542.5,12529.75,501.0,9.0,12.75,10.165437512457643,16.0,False,0.0,NQ09B SELL NY N130 TP2
SELL,993,2022-06-15 09:30:00,2022-06-15 09:30:00,NY,2,11487.0,11474.25,501.0,9.0,12.75,11.099503786889528,16.0,False,0.0,NQ09B SELL NY N130 TP2
SELL,998,2022-06-19 18:00:00,2022-06-19 18:00:00,WEEKLY,2,11332.25,11324.25,311.0,9.0,8.0,7.059498334399612,10.0,False,0.0,NQ09B SELL WEEKLY W80
SELL,1001,2022-06-22 09:30:00,2022-06-22 09:30:00,NY,2,11470.0,11457.25,501.0,9.0,12.75,11.115954664341762,16.0,False,0.0,NQ09B SELL NY N130 TP2
SELL,1005,2022-06-26 18:00:00,2022-06-26 18:00:00,WEEKLY,2,12137.25,12129.25,311.0,9.0,8.0,6.591278914086798,10.0,False,0.0,NQ09B SELL WEEKLY W80
SELL,1007,2022-06-28 09:30:00,2022-06-28 09:30:00,NY,2,12063.75,12051.0,501.0,9.0,12.75,10.56885296860429,16.0,False,0.0,NQ09B SELL NY N130 TP2
SELL,1010,2022-07-01 09:30:00,2022-07-01 09:30:00,NY,2,11480.0,11467.25,501.0,9.0,12.75,11.106271777003485,16.0,False,0.0,NQ09B SELL NY N130 TP2
SELL,1011,2022-07-03 18:00:00,2022-07-03 18:00:00,WEEKLY,2,11605.75,11597.75,311.0,9.0,8.0,6.893134868491912,10.0,False,0.0,NQ09B SELL WEEKLY W80
SELL,1014,2022-07-06 09:30:00,2022-07-06 09:30:00,NY,2,11825.5,11812.75,501.0,9.0,12.75,10.781785125364678,16.0,False,0.0,NQ09B SELL NY N130 TP2
SELL,1016,2022-07-08 09:30:00,2022-07-08 09:30:00,NY,2,12016.75,12004.0,501.0,9.0,12.75,10.610189943204277,16.0,False,0.0,NQ09B SELL NY N130 TP2
SELL,1017,2022-07-10 18:00:00,2022-07-10 18:00:00,WEEKLY,2,12149.5,12141.5,311.0,9.0,8.0,6.584633112473765,10.0,False,0.0,NQ09B SELL WEEKLY W80
SELL,1019,2022-07-12 09:30:00,2022-07-12 09:30:00,NY,2,11943.25,11930.5,501.0,9.0,12.75,10.67548615326649,16.0,False,0.0,NQ09B SELL NY N130 TP2
SELL,1020,2022-07-13 09:30:00,2022-07-13 09:30:00,NY,2,11543.0,11530.25,501.0,9.0,12.75,11.045655375552283,16.0,False,0.0,NQ09B SELL NY N130 TP2
SELL,1025,2022-07-19 09:30:00,2022-07-19 09:30:00,NY,2,12060.5,12047.75,501.0,9.0,12.75,10.57170100742092,16.0,False,0.0,NQ09B SELL NY N130 TP2
SELL,1030,2022-07-25 09:30:00,2022-07-25 09:30:00,NY,2,12424.0,12411.25,501.0,9.0,12.75,10.262395363811978,16.0,False,0.0,NQ09B SELL NY N130 TP2
SELL,1034,2022-07-28 09:30:00,2022-07-28 09:30:00,NY,2,12606.25,12593.5,501.0,9.0,12.75,10.114030738720873,16.0,False,0.0,NQ09B SELL NY N130 TP2
SELL,1035,2022-07-28 18:00:00,2022-07-28 18:00:00,PREMIUM,2,12920.0,12912.0,311.0,9.0,8.0,6.191950464396285,10.0,False,0.0,NQ09B SELL WEEKDAY 1800 D80
SELL,1043,2022-08-07 18:00:00,2022-08-07 18:00:00,WEEKLY,2,13227.5,13219.5,311.0,9.0,8.0,6.048006048006048,10.0,False,0.0,NQ09B SELL WEEKLY W80
SELL,1044,2022-08-08 09:30:00,2022-08-08 09:30:00,NY,2,13264.0,13251.25,501.0,9.0,12.75,9.61248492159228,16.0,False,0.0,NQ09B SELL NY N130 TP2
SELL,1052,2022-08-16 09:30:00,2022-08-16 09:30:00,NY,2,13641.5,13628.75,501.0,9.0,12.75,9.346479492724407,16.0,False,0.0,NQ09B SELL NY N130 TP2
SELL,1057,2022-08-21 18:00:00,2022-08-21 18:00:00,WEEKLY,2,13226.25,13218.25,311.0,9.0,8.0,6.048577639164541,10.0,False,0.0,NQ09B SELL WEEKLY W80
SELL,1060,2022-08-24 09:30:00,2022-08-24 09:30:00,NY,2,12876.25,12863.5,501.0,9.0,12.75,9.901951266867293,16.0,False,0.0,NQ09B SELL NY N130 TP2
SELL,1064,2022-08-28 18:00:00,2022-08-28 18:00:00,WEEKLY,2,12484.75,12476.75,311.0,9.0,8.0,6.407817537395623,10.0,False,0.0,NQ09B SELL WEEKLY W80
SELL,1065,2022-08-29 09:30:00,2022-08-29 09:30:00,NY,2,12503.25,12490.5,501.0,9.0,12.75,10.197348689340771,16.0,False,0.0,NQ09B SELL NY N130 TP2
SELL,1069,2022-08-31 09:30:00,2022-08-31 09:30:00,NY,2,12477.0,12464.25,501.0,9.0,12.75,10.218802596778072,16.0,False,0.0,NQ09B SELL NY N130 TP2
SELL,1074,2022-09-06 09:30:00,2022-09-06 09:30:00,NY,2,12128.0,12115.25,501.0,9.0,12.75,10.512862796833774,16.0,False,0.0,NQ09B SELL NY N130 TP2
SELL,1076,2022-09-08 09:30:00,2022-09-08 09:30:00,NY,2,12175.5,12162.75,501.0,9.0,12.75,10.471849205371441,16.0,False,0.0,NQ09B SELL NY N130 TP2
SELL,1092,2022-09-22 18:00:00,2022-09-22 18:00:00,WEAK,1,11583.5,11575.5,155.5,4.5,8.0,6.906375447835283,10.0,False,0.0,NQ09B SELL WEEKDAY 1800 D80
SELL,1100,2022-09-30 09:30:00,2022-09-30 09:30:00,NY,2,11186.25,11173.5,501.0,9.0,12.75,11.39792155548106,16.0,False,0.0,NQ09B SELL NY N130 TP2
SELL,1107,2022-10-09 18:00:00,2022-10-09 18:00:00,WEEKLY,2,11067.5,11059.5,311.0,9.0,8.0,7.228371357578496,10.0,False,0.0,NQ09B SELL WEEKLY W80
SELL,1116,2022-10-18 09:30:00,2022-10-18 09:30:00,NY,2,11403.25,11390.5,501.0,9.0,12.75,11.181022953982419,16.0,False,0.0,NQ09B SELL NY N130 TP2
SELL,1134,2022-11-01 09:30:00,2022-11-01 09:30:00,NY,2,11595.0,11582.25,501.0,9.0,12.75,10.996119016817593,16.0,False,0.0,NQ09B SELL NY N130 TP2
SELL,1141,2022-11-09 09:30:00,2022-11-09 09:30:00,NY,2,11018.0,11005.25,501.0,9.0,12.75,11.571973134870213,16.0,False,0.0,NQ09B SELL NY N130 TP2
SELL,1142,2022-11-10 09:30:00,2022-11-10 09:30:00,NY,2,11356.25,11343.5,501.0,9.0,12.75,11.227297743533297,16.0,False,0.0,NQ09B SELL NY N130 TP2
SELL,1146,2022-11-14 09:30:00,2022-11-14 09:30:00,NY,2,11760.0,11747.25,501.0,9.0,12.75,10.841836734693878,16.0,False,0.0,NQ09B SELL NY N130 TP2
SELL,1153,2022-11-21 09:30:00,2022-11-21 09:30:00,NY,2,11649.25,11636.5,501.0,9.0,12.75,10.944910616563297,16.0,False,0.0,NQ09B SELL NY N130 TP2
SELL,1158,2022-11-27 18:00:00,2022-11-27 18:00:00,WEEKLY,2,11731.0,11723.0,311.0,9.0,8.0,6.819537976302106,10.0,False,0.0,NQ09B SELL WEEKLY W80
SELL,1161,2022-11-30 09:30:00,2022-11-30 09:30:00,NY,2,11533.75,11521.0,501.0,9.0,12.75,11.054513926519997,16.0,False,0.0,NQ09B SELL NY N130 TP2
SELL,1168,2022-12-07 09:30:00,2022-12-07 09:30:00,NY,2,11509.25,11496.5,501.0,9.0,12.75,11.07804591958642,16.0,False,0.0,NQ09B SELL NY N130 TP2
SELL,1178,2022-12-16 09:30:00,2022-12-16 09:30:00,NY,2,11428.75,11416.0,501.0,9.0,12.75,11.156075686317402,16.0,False,0.0,NQ09B SELL NY N130 TP2
SELL,1179,2022-12-18 18:00:00,2022-12-18 18:00:00,WEEKLY,2,11328.5,11320.5,311.0,9.0,8.0,7.061835194421151,10.0,False,0.0,NQ09B SELL WEEKLY W80
SELL,1184,2022-12-23 09:30:00,2022-12-23 09:30:00,NY,2,10996.75,10984.0,501.0,9.0,12.75,11.594334689794712,16.0,False,0.0,NQ09B SELL NY N130 TP2
SELL,1186,2022-12-28 09:30:00,2022-12-28 09:30:00,NY,2,10900.0,10887.25,501.0,9.0,12.75,11.697247706422017,16.0,False,0.0,NQ09B SELL NY N130 TP2
SELL,1188,2022-12-30 09:30:00,2022-12-30 09:30:00,NY,2,10911.25,10898.5,501.0,9.0,12.75,11.685187306678888,16.0,False,0.0,NQ09B SELL NY N130 TP2
SELL,1192,2023-01-06 09:30:00,2023-01-06 09:30:00,NY,2,10890.75,10878.0,501.0,9.0,12.75,11.707182700915915,16.0,False,0.0,NQ09B SELL NY N130 TP2
SELL,1201,2023-01-17 09:30:00,2023-01-17 09:30:00,NY,2,11598.5,11585.75,501.0,9.0,12.75,10.992800793206017,16.0,False,0.0,NQ09B SELL NY N130 TP2
SELL,1202,2023-01-18 09:30:00,2023-01-18 09:30:00,NY,2,11694.75,11682.0,501.0,9.0,12.75,10.902327967677804,16.0,False,0.0,NQ09B SELL NY N130 TP2
SELL,1209,2023-01-24 09:30:00,2023-01-24 09:30:00,NY,2,11859.75,11847.0,501.0,9.0,12.75,10.750648200847404,16.0,False,0.0,NQ09B SELL NY N130 TP2
SELL,1211,2023-01-25 09:30:00,2023-01-25 09:30:00,NY,2,11712.25,11699.5,501.0,9.0,12.75,10.886038122478602,16.0,False,0.0,NQ09B SELL NY N130 TP2
SELL,1217,2023-01-30 09:30:00,2023-01-30 09:30:00,NY,2,12082.0,12069.25,501.0,9.0,12.75,10.552888594603541,16.0,False,0.0,NQ09B SELL NY N130 TP2
SELL,1223,2023-02-03 09:30:00,2023-02-03 09:30:00,NY,2,12574.0,12561.25,501.0,9.0,12.75,10.139971369492603,16.0,False,0.0,NQ09B SELL NY N130 TP2
SELL,1235,2023-02-17 09:30:00,2023-02-17 09:30:00,NY,2,12389.75,12377.0,501.0,9.0,12.75,10.290764543271656,16.0,False,0.0,NQ09B SELL NY N130 TP2
SELL,1245,2023-02-28 09:30:00,2023-02-28 09:30:00,NY,2,12055.5,12042.75,501.0,9.0,12.75,10.576085604081126,16.0,False,0.0,NQ09B SELL NY N130 TP2
SELL,1254,2023-03-09 09:30:00,2023-03-09 09:30:00,NY,2,12246.0,12233.25,501.0,9.0,12.75,10.41156295933366,16.0,False,0.0,NQ09B SELL NY N130 TP2
SELL,1255,2023-03-09 18:00:00,2023-03-09 18:00:00,WEAK,1,12004.75,11996.75,155.5,4.5,8.0,6.6640288219246555,10.0,False,0.0,NQ09B SELL WEEKDAY 1800 D80
SELL,1258,2023-03-13 09:30:00,2023-03-13 09:30:00,NY,2,11768.25,11755.5,501.0,9.0,12.75,10.834236186348862,16.0,False,0.0,NQ09B SELL NY N130 TP2
SELL,1259,2023-03-13 18:00:00,2023-03-13 18:00:00,WEAK,1,12079.75,12071.75,155.5,4.5,8.0,6.622653614520169,10.0,False,0.0,NQ09B SELL WEEKDAY 1800 D80
SELL,1263,2023-03-17 09:30:00,2023-03-17 09:30:00,NY,2,12712.25,12699.5,501.0,9.0,12.75,10.0296957658951,16.0,False,0.0,NQ09B SELL NY N130 TP2
SELL,1264,2023-03-19 18:00:00,2023-03-19 18:00:00,WEEKLY,2,12689.75,12681.75,311.0,9.0,8.0,6.304300715144112,10.0,False,0.0,NQ09B SELL WEEKLY W80
SELL,1286,2023-04-12 09:30:00,2023-04-12 09:30:00,NY,2,13156.75,13144.0,501.0,9.0,12.75,9.69084310334999,16.0,False,0.0,NQ09B SELL NY N130 TP2
SELL,1291,2023-04-17 09:30:00,2023-04-17 09:30:00,NY,2,13162.25,13149.5,501.0,9.0,12.75,9.6867936712948,16.0,False,0.0,NQ09B SELL NY N130 TP2
SELL,1295,2023-04-21 09:30:00,2023-04-21 09:30:00,NY,2,13057.5,13044.75,501.0,9.0,12.75,9.764503159103963,16.0,False,0.0,NQ09B SELL NY N130 TP2
SELL,1300,2023-04-25 18:00:00,2023-04-25 18:00:00,PREMIUM,2,12939.75,12931.75,311.0,9.0,8.0,6.18249966189455,10.0,False,0.0,NQ09B SELL WEEKDAY 1800 D80
SELL,1305,2023-04-28 09:30:00,2023-04-28 09:30:00,NY,2,13220.0,13207.25,501.0,9.0,12.75,9.64447806354009,16.0,False,0.0,NQ09B SELL NY N130 TP2
SELL,1308,2023-05-01 18:00:00,2023-05-01 18:00:00,WEAK,1,13289.75,13281.75,155.5,4.5,8.0,6.019676818600801,10.0,False,0.0,NQ09B SELL WEEKDAY 1800 D80
SELL,1312,2023-05-03 18:00:00,2023-05-03 18:00:00,WEAK,1,13063.75,13055.75,155.5,4.5,8.0,6.123815902784423,10.0,False,0.0,NQ09B SELL WEEKDAY 1800 D80
SELL,1315,2023-05-05 09:30:00,2023-05-05 09:30:00,NY,2,13139.0,13126.25,501.0,9.0,12.75,9.70393485044524,16.0,False,0.0,NQ09B SELL NY N130 TP2
SELL,1322,2023-05-14 18:00:00,2023-05-14 18:00:00,WEEKLY,2,13378.5,13370.5,311.0,9.0,8.0,5.979743618492357,10.0,False,0.0,NQ09B SELL WEEKLY W80
SELL,1329,2023-05-21 18:00:00,2023-05-21 18:00:00,WEEKLY,2,13805.25,13797.25,311.0,9.0,8.0,5.794896868944786,10.0,False,0.0,NQ09B SELL WEEKLY W80
SELL,1345,2023-06-06 09:30:00,2023-06-06 09:30:00,NY,2,14560.75,14548.0,501.0,9.0,12.75,8.75641708016414,16.0,False,0.0,NQ09B SELL NY N130 TP2
SELL,1362,2023-06-22 09:30:00,2023-06-22 09:30:00,NY,2,14981.25,14968.5,501.0,9.0,12.75,8.51063829787234,16.0,False,0.0,NQ09B SELL NY N130 TP2
SELL,1363,2023-06-22 18:00:00,2023-06-22 18:00:00,PREMIUM,2,15235.75,15227.75,311.0,9.0,8.0,5.2508081321890945,10.0,False,0.0,NQ09B SELL WEEKDAY 1800 D80
SELL,1370,2023-06-30 09:30:00,2023-06-30 09:30:00,NY,2,15251.75,15239.0,501.0,9.0,12.75,8.359696428278722,16.0,False,0.0,NQ09B SELL NY N130 TP2
SELL,1372,2023-07-03 09:30:00,2023-07-03 09:30:00,NY,2,15355.0,15342.25,501.0,9.0,12.75,8.303484207098665,16.0,False,0.0,NQ09B SELL NY N130 TP2
SELL,1377,2023-07-07 09:30:00,2023-07-07 09:30:00,NY,2,15220.25,15207.5,501.0,9.0,12.75,8.376997749708448,16.0,False,0.0,NQ09B SELL NY N130 TP2
SELL,1378,2023-07-09 18:00:00,2023-07-09 18:00:00,WEEKLY,2,15198.25,15190.25,311.0,9.0,8.0,5.26376392018818,10.0,False,0.0,NQ09B SELL WEEKLY W80
SELL,1384,2023-07-16 18:00:00,2023-07-16 18:00:00,WEEKLY,2,15689.75,15681.75,311.0,9.0,8.0,5.098870281553243,10.0,False,0.0,NQ09B SELL WEEKLY W80
SELL,1399,2023-07-30 18:00:00,2023-07-30 18:00:00,WEEKLY,2,15849.75,15841.75,311.0,9.0,8.0,5.047398223946749,10.0,False,0.0,NQ09B SELL WEEKLY W80
SELL,1400,2023-07-31 09:30:00,2023-07-31 09:30:00,NY,2,15859.75,15847.0,501.0,9.0,12.75,8.039218777092955,16.0,False,0.0,NQ09B SELL NY N130 TP2
SELL,1402,2023-08-01 18:00:00,2023-08-01 18:00:00,WEAK,1,15756.75,15748.75,155.5,4.5,8.0,5.077189141161724,10.0,False,0.0,NQ09B SELL WEEKDAY 1800 D80
SELL,1406,2023-08-03 18:00:00,2023-08-03 18:00:00,PREMIUM,2,15440.75,15432.75,311.0,9.0,8.0,5.181095477875103,10.0,False,0.0,NQ09B SELL WEEKDAY 1800 D80
SELL,1407,2023-08-04 09:30:00,2023-08-04 09:30:00,NY,2,15511.25,15498.5,501.0,9.0,12.75,8.21984043839149,16.0,False,0.0,NQ09B SELL NY N130 TP2
SELL,1408,2023-08-06 18:00:00,2023-08-06 18:00:00,WEEKLY,2,15370.25,15362.25,311.0,9.0,8.0,5.204860038060539,10.0,False,0.0,NQ09B SELL WEEKLY W80
SELL,1409,2023-08-07 09:30:00,2023-08-07 09:30:00,NY,2,15433.25,15420.5,501.0,9.0,12.75,8.261383700775921,16.0,False,0.0,NQ09B SELL NY N130 TP2
SELL,1410,2023-08-08 09:30:00,2023-08-08 09:30:00,NY,2,15378.75,15366.0,501.0,9.0,12.75,8.290660814435503,16.0,False,0.0,NQ09B SELL NY N130 TP2
SELL,1412,2023-08-10 09:30:00,2023-08-10 09:30:00,NY,2,15300.5,15287.75,501.0,9.0,12.75,8.333061011078069,16.0,False,0.0,NQ09B SELL NY N130 TP2
SELL,1413,2023-08-11 09:30:00,2023-08-11 09:30:00,NY,2,15091.5,15078.75,501.0,9.0,12.75,8.44846436735911,16.0,False,0.0,NQ09B SELL NY N130 TP2
SELL,1416,2023-08-15 09:30:00,2023-08-15 09:30:00,NY,2,15224.75,15212.0,501.0,9.0,12.75,8.374521749125602,16.0,False,0.0,NQ09B SELL NY N130 TP2
SELL,1422,2023-08-20 18:00:00,2023-08-20 18:00:00,WEEKLY,2,14762.25,14754.25,311.0,9.0,8.0,5.419228098697691,10.0,False,0.0,NQ09B SELL WEEKLY W80
SELL,1426,2023-08-23 18:00:00,2023-08-23 18:00:00,PREMIUM,2,15332.75,15324.75,311.0,9.0,8.0,5.217589799611942,10.0,False,0.0,NQ09B SELL WEEKDAY 1800 D80
SELL,1432,2023-08-29 09:30:00,2023-08-29 09:30:00,NY,2,15076.5,15063.75,501.0,9.0,12.75,8.456869963187742,16.0,False,0.0,NQ09B SELL NY N130 TP2
SELL,1444,2023-09-12 09:30:00,2023-09-12 09:30:00,NY,2,15600.25,15587.5,501.0,9.0,12.75,8.172945946379064,16.0,False,0.0,NQ09B SELL NY N130 TP2
SELL,1452,2023-09-20 09:30:00,2023-09-20 09:30:00,NY,2,15419.0,15406.25,501.0,9.0,12.75,8.269018743109152,16.0,False,0.0,NQ09B SELL NY N130 TP2
SELL,1454,2023-09-21 09:30:00,2023-09-21 09:30:00,NY,2,14987.75,14975.0,501.0,9.0,12.75,8.506947340327935,16.0,False,0.0,NQ09B SELL NY N130 TP2
SELL,1464,2023-10-01 18:00:00,2023-10-01 18:00:00,WEEKLY,2,14964.75,14956.75,311.0,9.0,8.0,5.345896189378372,10.0,False,0.0,NQ09B SELL WEEKLY W80
SELL,1465,2023-10-02 09:30:00,2023-10-02 09:30:00,NY,2,14873.5,14860.75,501.0,9.0,12.75,8.572293004336572,16.0,False,0.0,NQ09B SELL NY N130 TP2
SELL,1471,2023-10-08 18:00:00,2023-10-08 18:00:00,WEEKLY,2,15040.0,15032.0,311.0,9.0,8.0,5.319148936170213,10.0,False,0.0,NQ09B SELL WEEKLY W80
SELL,1476,2023-10-13 09:30:00,2023-10-13 09:30:00,NY,2,15342.0,15329.25,501.0,9.0,12.75,8.310520140789988,16.0,False,0.0,NQ09B SELL NY N130 TP2
SELL,1481,2023-10-19 09:30:00,2023-10-19 09:30:00,NY,2,15087.25,15074.5,501.0,9.0,12.75,8.450844255911448,16.0,False,0.0,NQ09B SELL NY N130 TP2
SELL,1485,2023-10-24 09:30:00,2023-10-24 09:30:00,NY,2,14778.0,14765.25,501.0,9.0,12.75,8.627689809175802,16.0,False,0.0,NQ09B SELL NY N130 TP2
SELL,1489,2023-10-26 09:30:00,2023-10-26 09:30:00,NY,2,14420.5,14407.75,501.0,9.0,12.75,8.841579695572277,16.0,False,0.0,NQ09B SELL NY N130 TP2
SELL,1493,2023-10-30 09:30:00,2023-10-30 09:30:00,NY,2,14365.5,14352.75,501.0,9.0,12.75,8.875430719431973,16.0,False,0.0,NQ09B SELL NY N130 TP2
SELL,1503,2023-11-08 09:30:00,2023-11-08 09:30:00,NY,2,15388.25,15375.5,501.0,9.0,12.75,8.28554254057479,16.0,False,0.0,NQ09B SELL NY N130 TP2
SELL,1506,2023-11-12 18:00:00,2023-11-12 18:00:00,WEEKLY,2,15586.0,15578.0,311.0,9.0,8.0,5.1328114974977535,10.0,False,0.0,NQ09B SELL WEEKLY W80
SELL,1508,2023-11-14 09:30:00,2023-11-14 09:30:00,NY,2,15811.75,15799.0,501.0,9.0,12.75,8.06362357107847,16.0,False,0.0,NQ09B SELL NY N130 TP2
SELL,1520,2023-11-27 09:30:00,2023-11-27 09:30:00,NY,2,15998.75,15986.0,501.0,9.0,12.75,7.9693726072349405,16.0,False,0.0,NQ09B SELL NY N130 TP2
SELL,1532,2023-12-07 09:30:00,2023-12-07 09:30:00,NY,2,15934.0,15921.25,501.0,9.0,12.75,8.001757248650684,16.0,False,0.0,NQ09B SELL NY N130 TP2
SELL,1541,2023-12-18 09:30:00,2023-12-18 09:30:00,NY,2,16846.25,16833.5,501.0,9.0,12.75,7.568449951769682,16.0,False,0.0,NQ09B SELL NY N130 TP2
SELL,1555,2024-01-07 18:00:00,2024-01-07 18:00:00,WEEKLY,2,16469.75,16461.75,311.0,9.0,8.0,4.857390063601451,10.0,False,0.0,NQ09B SELL WEEKLY W80
SELL,1569,2024-01-23 09:30:00,2024-01-23 09:30:00,NY,2,17487.25,17474.25,511.0,9.0,13.0,7.433987619551388,16.0,False,0.0,NQ09B SELL NY N130 TP2
SELL,1574,2024-01-25 18:00:00,2024-01-25 18:00:00,PREMIUM,2,17571.0,17563.0,311.0,9.0,8.0,4.552956576176655,10.0,False,0.0,NQ09B SELL WEEKDAY 1800 D80
SELL,1576,2024-01-28 18:00:00,2024-01-28 18:00:00,WEEKLY,2,17501.75,17493.75,311.0,9.0,8.0,4.570971474281143,10.0,False,0.0,NQ09B SELL WEEKLY W80
SELL,1583,2024-02-01 18:00:00,2024-02-01 18:00:00,PREMIUM,2,17587.75,17579.5,321.0,9.0,8.25,4.6907648789640515,10.0,False,0.0,NQ09B SELL WEEKDAY 1800 D80
SELL,1587,2024-02-06 09:30:00,2024-02-06 09:30:00,NY,2,17740.75,17727.25,531.0,9.0,13.5,7.60959936868509,16.0,False,0.0,NQ09B SELL NY N130 TP2
SELL,1621,2024-03-08 09:30:00,2024-03-08 09:30:00,NY,2,18317.75,18304.0,541.0,9.0,13.75,7.506380423359856,16.0,False,0.0,NQ09B SELL NY N130 TP2
SELL,1635,2024-03-20 09:30:00,2024-03-20 09:30:00,NY,2,18317.75,18304.0,541.0,9.0,13.75,7.506380423359856,16.0,False,0.0,NQ09B SELL NY N130 TP2
SELL,1639,2024-03-25 09:30:00,2024-03-25 09:30:00,NY,2,18459.0,18445.25,541.0,9.0,13.75,7.448940896039872,16.0,False,0.0,NQ09B SELL NY N130 TP2
SELL,1641,2024-03-26 09:30:00,2024-03-26 09:30:00,NY,2,18568.5,18554.75,541.0,9.0,13.75,7.405013867571425,16.0,False,0.0,NQ09B SELL NY N130 TP2
SELL,1645,2024-04-01 09:30:00,2024-04-01 09:30:00,NY,2,18500.25,18486.5,541.0,9.0,13.75,7.432331995513573,16.0,False,0.0,NQ09B SELL NY N130 TP2
SELL,1650,2024-04-05 09:30:00,2024-04-05 09:30:00,NY,2,18137.75,18124.25,531.0,9.0,13.5,7.443040068365701,16.0,False,0.0,NQ09B SELL NY N130 TP2
SELL,1651,2024-04-07 18:00:00,2024-04-07 18:00:00,WEEKLY,2,18348.0,18339.5,331.0,9.0,8.5,4.632657510355353,10.0,False,0.0,NQ09B SELL WEEKLY W80
SELL,1654,2024-04-10 09:30:00,2024-04-10 09:30:00,NY,2,18139.75,18126.25,531.0,9.0,13.5,7.442219435218236,16.0,False,0.0,NQ09B SELL NY N130 TP2
SELL,1655,2024-04-10 18:00:00,2024-04-10 18:00:00,WEAK,1,18183.75,18175.5,160.5,4.5,8.25,4.537017941843679,10.0,False,0.0,NQ09B SELL WEEKDAY 1800 D80
SELL,1657,2024-04-12 09:30:00,2024-04-12 09:30:00,NY,2,18296.75,18283.0,541.0,9.0,13.75,7.51499583259322,16.0,False,0.0,NQ09B SELL NY N130 TP2
SELL,1668,2024-04-23 09:30:00,2024-04-23 09:30:00,NY,2,17428.5,17415.5,511.0,9.0,13.0,7.459046963307228,16.0,False,0.0,NQ09B SELL NY N130 TP2
SELL,1669,2024-04-24 09:30:00,2024-04-24 09:30:00,NY,2,17730.75,17717.25,531.0,9.0,13.5,7.613891121356964,16.0,False,0.0,NQ09B SELL NY N130 TP2
SELL,1670,2024-04-24 18:00:00,2024-04-24 18:00:00,PREMIUM,2,17449.75,17441.75,311.0,9.0,8.0,4.584592902477112,10.0,False,0.0,NQ09B SELL WEEKDAY 1800 D80
SELL,1673,2024-04-26 09:30:00,2024-04-26 09:30:00,NY,2,17696.5,17683.0,531.0,9.0,13.5,7.6286271296584065,16.0,False,0.0,NQ09B SELL NY N130 TP2
SELL,1674,2024-04-28 18:00:00,2024-04-28 18:00:00,WEEKLY,2,17864.5,17856.25,321.0,9.0,8.25,4.618097343894315,10.0,False,0.0,NQ09B SELL WEEKLY W80
SELL,1677,2024-04-30 18:00:00,2024-04-30 18:00:00,PREMIUM,2,17462.25,17454.25,311.0,9.0,8.0,4.58131111397443,10.0,False,0.0,NQ09B SELL WEEKDAY 1800 D80
SELL,1685,2024-05-07 09:30:00,2024-05-07 09:30:00,NY,2,18211.0,18197.5,531.0,9.0,13.5,7.413101971336006,16.0,False,0.0,NQ09B SELL NY N130 TP2
SELL,1687,2024-05-09 09:30:00,2024-05-09 09:30:00,NY,2,18186.5,18173.0,531.0,9.0,13.5,7.423088554697165,16.0,False,0.0,NQ09B SELL NY N130 TP2
SELL,1688,2024-05-10 09:30:00,2024-05-10 09:30:00,NY,2,18274.0,18260.25,541.0,9.0,13.75,7.524351537703842,16.0,False,0.0,NQ09B SELL NY N130 TP2
SELL,1692,2024-05-15 09:30:00,2024-05-15 09:30:00,NY,2,18509.25,18495.5,541.0,9.0,13.75,7.428718073395735,16.0,False,0.0,NQ09B SELL NY N130 TP2
SELL,1712,2024-06-03 09:30:00,2024-06-03 09:30:00,NY,2,18712.5,18698.75,541.0,9.0,13.75,7.348029392117569,16.0,False,0.0,NQ09B SELL NY N130 TP2
SELL,1717,2024-06-07 09:30:00,2024-06-07 09:30:00,NY,2,19040.25,19026.25,551.0,9.0,14.0,7.3528446317669145,16.0,False,0.0,NQ09B SELL NY N130 TP2
SELL,1718,2024-06-09 18:00:00,2024-06-09 18:00:00,WEEKLY,2,19024.75,19016.0,341.0,9.0,8.75,4.599272000946136,10.0,False,0.0,NQ09B SELL WEEKLY W80
SELL,1721,2024-06-12 09:30:00,2024-06-12 09:30:00,NY,2,19402.0,19388.0,551.0,9.0,14.0,7.215750953509947,16.0,False,0.0,NQ09B SELL NY N130 TP2
SELL,1748,2024-07-07 18:00:00,2024-07-07 18:00:00,WEEKLY,2,20591.25,20582.25,351.0,9.0,9.0,4.37078856310326,10.0,False,0.0,NQ09B SELL WEEKLY W80
SELL,1753,2024-07-11 18:00:00,2024-07-11 18:00:00,WEAK,1,20432.5,20423.5,175.5,4.5,9.0,4.404747338798483,10.0,False,0.0,NQ09B SELL WEEKDAY 1800 D80
SELL,1754,2024-07-12 09:30:00,2024-07-12 09:30:00,NY,2,20443.0,20428.25,581.0,9.0,14.75,7.2151836814557555,16.0,False,0.0,NQ09B SELL NY N130 TP2
SELL,1757,2024-07-16 09:30:00,2024-07-16 09:30:00,NY,2,20649.0,20634.25,581.0,9.0,14.75,7.1432030606809045,16.0,False,0.0,NQ09B SELL NY N130 TP2
SELL,1761,2024-07-19 09:30:00,2024-07-19 09:30:00,NY,2,19868.25,19853.75,571.0,9.0,14.5,7.2980760761516486,16.0,False,0.0,NQ09B SELL NY N130 TP2
SELL,1765,2024-07-23 18:00:00,2024-07-23 18:00:00,WEAK,1,19882.75,19873.75,175.5,4.5,9.0,4.5265368221196765,10.0,False,0.0,NQ09B SELL WEEKDAY 1800 D80
SELL,1776,2024-07-31 18:00:00,2024-07-31 18:00:00,PREMIUM,2,19593.0,19584.25,341.0,9.0,8.75,4.465880671668453,10.0,False,0.0,NQ09B SELL WEEKDAY 1800 D80
SELL,1778,2024-08-01 18:00:00,2024-08-01 18:00:00,PREMIUM,2,18956.25,18947.5,341.0,9.0,8.75,4.61589185624794,10.0,False,0.0,NQ09B SELL WEEKDAY 1800 D80
SELL,1780,2024-08-04 18:00:00,2024-08-04 18:00:00,WEEKLY,2,18389.75,18381.25,331.0,9.0,8.5,4.622140050843541,10.0,False,0.0,NQ09B SELL WEEKLY W80
SELL,1781,2024-08-05 09:30:00,2024-08-05 09:30:00,NY,2,17561.5,17548.5,511.0,9.0,13.0,7.402556729208781,16.0,False,0.0,NQ09B SELL NY N130 TP2
SELL,1785,2024-08-07 09:30:00,2024-08-07 09:30:00,NY,2,18453.0,18439.25,541.0,9.0,13.75,7.451362922018101,16.0,False,0.0,NQ09B SELL NY N130 TP2
SELL,1789,2024-08-11 18:00:00,2024-08-11 18:00:00,WEEKLY,2,18589.75,18581.25,331.0,9.0,8.5,4.572412216409581,10.0,False,0.0,NQ09B SELL WEEKLY W80
SELL,1792,2024-08-14 09:30:00,2024-08-14 09:30:00,NY,2,19137.0,19123.0,551.0,9.0,14.0,7.315671212833778,16.0,False,0.0,NQ09B SELL NY N130 TP2
SELL,1793,2024-08-15 09:30:00,2024-08-15 09:30:00,NY,2,19351.75,19337.75,551.0,9.0,14.0,7.2344878370173245,16.0,False,0.0,NQ09B SELL NY N130 TP2
SELL,1795,2024-08-18 18:00:00,2024-08-18 18:00:00,WEEKLY,2,19628.75,19619.75,351.0,9.0,9.0,4.585111125262689,10.0,False,0.0,NQ09B SELL WEEKLY W80
SELL,1802,2024-08-25 18:00:00,2024-08-25 18:00:00,WEEKLY,2,19787.5,19778.5,351.0,9.0,9.0,4.548325963360708,10.0,False,0.0,NQ09B SELL WEEKLY W80
SELL,1803,2024-08-26 09:30:00,2024-08-26 09:30:00,NY,2,19762.75,19748.25,571.0,9.0,14.5,7.337035584622586,16.0,False,0.0,NQ09B SELL NY N130 TP2
SELL,1806,2024-08-28 18:00:00,2024-08-28 18:00:00,PREMIUM,2,19216.75,19208.0,341.0,9.0,8.75,4.553319369820599,10.0,False,0.0,NQ09B SELL WEEKDAY 1800 D80
SELL,1807,2024-08-29 09:30:00,2024-08-29 09:30:00,NY,2,19497.75,19483.75,551.0,9.0,14.0,7.180315677449962,16.0,False,0.0,NQ09B SELL NY N130 TP2
SELL,1814,2024-09-04 09:30:00,2024-09-04 09:30:00,NY,2,18878.0,18864.25,541.0,9.0,13.75,7.283610551965251,16.0,False,0.0,NQ09B SELL NY N130 TP2
SELL,1819,2024-09-09 09:30:00,2024-09-09 09:30:00,NY,2,18628.5,18614.75,541.0,9.0,13.75,7.3811632713315625,16.0,False,0.0,NQ09B SELL NY N130 TP2
SELL,1827,2024-09-17 09:30:00,2024-09-17 09:30:00,NY,2,19795.25,19780.75,571.0,9.0,14.5,7.324989580833786,16.0,False,0.0,NQ09B SELL NY N130 TP2
SELL,1829,2024-09-18 18:00:00,2024-09-18 18:00:00,WEAK,1,19648.5,19639.5,175.5,4.5,9.0,4.580502328422017,10.0,False,0.0,NQ09B SELL WEEKDAY 1800 D80
SELL,1845,2024-10-03 09:30:00,2024-10-03 09:30:00,NY,2,19911.75,19897.25,571.0,9.0,14.5,7.2821324092558415,16.0,False,0.0,NQ09B SELL NY N130 TP2
SELL,1846,2024-10-03 18:00:00,2024-10-03 18:00:00,PREMIUM,2,19965.25,19956.25,351.0,9.0,9.0,4.507832358723282,10.0,False,0.0,NQ09B SELL WEEKDAY 1800 D80
SELL,1848,2024-10-06 18:00:00,2024-10-06 18:00:00,WEEKLY,2,20219.75,20210.75,351.0,9.0,9.0,4.451093608971426,10.0,False,0.0,NQ09B SELL WEEKLY W80
SELL,1849,2024-10-07 09:30:00,2024-10-07 09:30:00,NY,2,20136.75,20122.25,571.0,9.0,14.5,7.200764770879115,16.0,False,0.0,NQ09B SELL NY N130 TP2
SELL,1854,2024-10-10 09:30:00,2024-10-10 09:30:00,NY,2,20358.75,20344.0,581.0,9.0,14.75,7.245042058083134,16.0,False,0.0,NQ09B SELL NY N130 TP2
SELL,1867,2024-10-23 09:30:00,2024-10-23 09:30:00,NY,2,20434.75,20420.0,581.0,9.0,14.75,7.218096624622273,16.0,False,0.0,NQ09B SELL NY N130 TP2
SELL,1870,2024-10-24 18:00:00,2024-10-24 18:00:00,WEAK,1,20388.25,20379.25,175.5,4.5,9.0,4.414307260309246,10.0,False,0.0,NQ09B SELL WEEKDAY 1800 D80
SELL,1880,2024-11-03 18:00:00,2024-11-03 18:00:00,WEEKLY,2,20137.75,20128.75,351.0,9.0,9.0,4.469218259239488,10.0,False,0.0,NQ09B SELL WEEKLY W80
SELL,1885,2024-11-06 18:00:00,2024-11-06 18:00:00,PREMIUM,2,20923.25,20914.25,351.0,9.0,9.0,4.301435006511895,10.0,False,0.0,NQ09B SELL WEEKDAY 1800 D80
SELL,1893,2024-11-13 18:00:00,2024-11-13 18:00:00,WEAK,1,21166.75,21157.5,180.5,4.5,9.25,4.370061535190806,10.0,False,0.0,NQ09B SELL WEEKDAY 1800 D80
SELL,1901,2024-11-20 18:00:00,2024-11-20 18:00:00,PREMIUM,2,20737.75,20728.75,351.0,9.0,9.0,4.339911514026353,10.0,False,0.0,NQ09B SELL WEEKDAY 1800 D80
SELL,1904,2024-11-22 09:30:00,2024-11-22 09:30:00,NY,2,20791.0,20776.25,581.0,9.0,14.75,7.094415853013324,16.0,False,0.0,NQ09B SELL NY N130 TP2
SELL,1907,2024-11-25 18:00:00,2024-11-25 18:00:00,WEAK,1,20906.0,20897.0,175.5,4.5,9.0,4.304984215057878,10.0,False,0.0,NQ09B SELL WEEKDAY 1800 D80
SELL,1913,2024-12-02 09:30:00,2024-12-02 09:30:00,NY,2,21042.5,21027.5,591.0,9.0,15.0,7.128430557205656,16.0,False,0.0,NQ09B SELL NY N130 TP2
SELL,1914,2024-12-02 18:00:00,2024-12-02 18:00:00,WEAK,1,21219.75,21210.5,180.5,4.5,9.25,4.3591465497944135,10.0,False,0.0,NQ09B SELL WEEKDAY 1800 D80
SELL,1915,2024-12-03 09:30:00,2024-12-03 09:30:00,NY,2,21157.75,21142.75,591.0,9.0,15.0,7.089600737318476,16.0,False,0.0,NQ09B SELL NY N130 TP2
SELL,1916,2024-12-04 09:30:00,2024-12-04 09:30:00,NY,2,21417.25,21402.25,591.0,9.0,15.0,7.003700288318995,16.0,False,0.0,NQ09B SELL NY N130 TP2
SELL,1919,2024-12-08 18:00:00,2024-12-08 18:00:00,WEEKLY,2,21648.75,21639.25,371.0,9.0,9.5,4.388244124949478,10.0,False,0.0,NQ09B SELL WEEKLY W80
SELL,1921,2024-12-10 09:30:00,2024-12-10 09:30:00,NY,2,21532.5,21517.5,591.0,9.0,15.0,6.966213862765588,16.0,False,0.0,NQ09B SELL NY N130 TP2
SELL,1922,2024-12-11 09:30:00,2024-12-11 09:30:00,NY,2,21589.25,21574.25,591.0,9.0,15.0,6.947902312493486,16.0,False,0.0,NQ09B SELL NY N130 TP2
SELL,1929,2024-12-17 18:00:00,2024-12-17 18:00:00,WEAK,1,22309.0,22299.25,190.5,4.5,9.75,4.370433457349052,10.0,False,0.0,NQ09B SELL WEEKDAY 1800 D80
SELL,1933,2024-12-19 18:00:00,2024-12-19 18:00:00,PREMIUM,2,21429.0,21419.75,361.0,9.0,9.25,4.316580335059966,10.0,False,0.0,NQ09B SELL WEEKDAY 1800 D80
SELL,1943,2024-12-30 18:00:00,2024-12-30 18:00:00,WEAK,1,21390.0,21380.75,180.5,4.5,9.25,4.324450677886863,10.0,False,0.0,NQ09B SELL WEEKDAY 1800 D80
SELL,1944,2024-12-31 09:30:00,2024-12-31 09:30:00,NY,2,21455.75,21440.75,591.0,9.0,15.0,6.991132913088566,16.0,False,0.0,NQ09B SELL NY N130 TP2
SELL,1945,2025-01-01 18:00:00,2025-01-01 18:00:00,WEAK,1,21268.75,21259.5,180.5,4.5,9.25,4.349103732001176,10.0,False,0.0,NQ09B SELL WEEKDAY 1800 D80
SELL,1948,2025-01-03 09:30:00,2025-01-03 09:30:00,NY,2,21293.5,21278.5,591.0,9.0,15.0,7.044403221640406,16.0,False,0.0,NQ09B SELL NY N130 TP2
SELL,1953,2025-01-08 18:00:00,2025-01-08 18:00:00,WEAK,1,21334.5,21325.25,180.5,4.5,9.25,4.3357003913848455,10.0,False,0.0,NQ09B SELL WEEKDAY 1800 D80
SELL,1956,2025-01-12 18:00:00,2025-01-12 18:00:00,WEEKLY,2,21027.25,21018.0,361.0,9.0,9.25,4.3990536090073595,10.0,False,0.0,NQ09B SELL WEEKLY W80
SELL,1959,2025-01-15 09:30:00,2025-01-15 09:30:00,NY,2,21251.0,21236.0,591.0,9.0,15.0,7.05849136511223,16.0,False,0.0,NQ09B SELL NY N130 TP2
SELL,1964,2025-01-20 18:00:00,2025-01-20 18:00:00,WEAK,1,21687.0,21677.5,185.5,4.5,9.5,4.380504449670309,10.0,False,0.0,NQ09B SELL WEEKDAY 1800 D80
SELL,1969,2025-01-26 18:00:00,2025-01-26 18:00:00,WEEKLY,2,21770.75,21761.25,371.0,9.0,9.5,4.363653066614609,10.0,False,0.0,NQ09B SELL WEEKLY W80
SELL,1974,2025-01-29 18:00:00,2025-01-29 18:00:00,PREMIUM,2,21547.5,21538.25,361.0,9.0,9.25,4.292841396913795,10.0,False,0.0,NQ09B SELL WEEKDAY 1800 D80
SELL,1976,2025-01-30 18:00:00,2025-01-30 18:00:00,WEAK,1,21679.75,21670.25,185.5,4.5,9.5,4.3819693492775516,10.0,False,0.0,NQ09B SELL WEEKDAY 1800 D80
SELL,1978,2025-02-02 18:00:00,2025-02-02 18:00:00,WEEKLY,2,21199.75,21190.5,361.0,9.0,9.25,4.363259000695763,10.0,False,0.0,NQ09B SELL WEEKLY W80
SELL,1979,2025-02-03 09:30:00,2025-02-03 09:30:00,NY,2,21215.25,21200.25,591.0,9.0,15.0,7.070385689539365,16.0,False,0.0,NQ09B SELL NY N130 TP2
SELL,1981,2025-02-04 09:30:00,2025-02-04 09:30:00,NY,2,21421.0,21406.0,591.0,9.0,15.0,7.002474207553336,16.0,False,0.0,NQ09B SELL NY N130 TP2
SELL,1982,2025-02-04 18:00:00,2025-02-04 18:00:00,PREMIUM,2,21561.75,21552.5,361.0,9.0,9.25,4.29000429000429,10.0,False,0.0,NQ09B SELL WEEKDAY 1800 D80
SELL,1985,2025-02-06 18:00:00,2025-02-06 18:00:00,WEAK,1,21817.5,21808.0,185.5,4.5,9.5,4.354302738627249,10.0,False,0.0,NQ09B SELL WEEKDAY 1800 D80
SELL,1986,2025-02-07 09:30:00,2025-02-07 09:30:00,NY,2,21885.75,21870.25,611.0,9.0,15.5,7.0822338736392405,16.0,False,0.0,NQ09B SELL NY N130 TP2
SELL,1987,2025-02-09 18:00:00,2025-02-09 18:00:00,WEEKLY,2,21463.0,21453.75,361.0,9.0,9.25,4.309742347295345,10.0,False,0.0,NQ09B SELL WEEKLY W80
SELL,2001,2025-02-24 09:30:00,2025-02-24 09:30:00,NY,2,21752.25,21736.75,611.0,9.0,15.5,7.125699640267098,16.0,False,0.0,NQ09B SELL NY N130 TP2
SELL,2006,2025-02-27 09:30:00,2025-02-27 09:30:00,NY,2,21340.5,21325.5,591.0,9.0,15.0,7.028888732691362,16.0,False,0.0,NQ09B SELL NY N130 TP2
SELL,2007,2025-02-27 18:00:00,2025-02-27 18:00:00,WEAK,1,20649.25,20640.25,175.5,4.5,9.0,4.358511810356308,10.0,False,0.0,NQ09B SELL WEEKDAY 1800 D80
SELL,2010,2025-03-03 09:30:00,2025-03-03 09:30:00,NY,2,21055.25,21040.25,591.0,9.0,15.0,7.12411393832892,16.0,False,0.0,NQ09B SELL NY N130 TP2
SELL,2016,2025-03-06 18:00:00,2025-03-06 18:00:00,WEAK,1,20214.25,20205.25,175.5,4.5,9.0,4.452304686050683,10.0,False,0.0,NQ09B SELL WEEKDAY 1800 D80
SELL,2018,2025-03-09 18:00:00,2025-03-09 18:00:00,WEEKLY,2,20146.75,20137.75,351.0,9.0,9.0,4.467221760333553,10.0,False,0.0,NQ09B SELL WEEKLY W80
SELL,2020,2025-03-11 09:30:00,2025-03-11 09:30:00,NY,2,19420.25,19406.25,551.0,9.0,14.0,7.208970018408619,16.0,False,0.0,NQ09B SELL NY N130 TP2
SELL,2021,2025-03-11 18:00:00,2025-03-11 18:00:00,WEAK,1,19412.5,19403.75,170.5,4.5,8.75,4.507405022537025,10.0,False,0.0,NQ09B SELL WEEKDAY 1800 D80
SELL,2022,2025-03-12 09:30:00,2025-03-12 09:30:00,NY,2,19696.25,19681.75,571.0,9.0,14.5,7.36180745065685,16.0,False,0.0,NQ09B SELL NY N130 TP2
SELL,2025,2025-03-14 09:30:00,2025-03-14 09:30:00,NY,2,19464.75,19450.75,551.0,9.0,14.0,7.19248898650124,16.0,False,0.0,NQ09B SELL NY N130 TP2
SELL,2027,2025-03-17 09:30:00,2025-03-17 09:30:00,NY,2,19702.5,19688.0,571.0,9.0,14.5,7.359472148204542,16.0,False,0.0,NQ09B SELL NY N130 TP2
SELL,2029,2025-03-19 09:30:00,2025-03-19 09:30:00,NY,2,19788.75,19774.25,571.0,9.0,14.5,7.327395616196071,16.0,False,0.0,NQ09B SELL NY N130 TP2
SELL,2030,2025-03-20 09:30:00,2025-03-20 09:30:00,NY,2,19786.25,19771.75,571.0,9.0,14.5,7.328321435340198,16.0,False,0.0,NQ09B SELL NY N130 TP2
SELL,2031,2025-03-21 09:30:00,2025-03-21 09:30:00,NY,2,19657.0,19642.5,571.0,9.0,14.5,7.3765070967085515,16.0,False,0.0,NQ09B SELL NY N130 TP2
SELL,2034,2025-03-25 09:30:00,2025-03-25 09:30:00,NY,2,20401.0,20386.25,581.0,9.0,14.75,7.23003774324788,16.0,False,0.0,NQ09B SELL NY N130 TP2
SELL,2038,2025-03-30 18:00:00,2025-03-30 18:00:00,WEEKLY,2,19319.5,19310.75,341.0,9.0,8.75,4.529102720049691,10.0,False,0.0,NQ09B SELL WEEKLY W80
SELL,2040,2025-04-01 09:30:00,2025-04-01 09:30:00,NY,2,19380.25,19366.25,551.0,9.0,14.0,7.22384902155545,16.0,False,0.0,NQ09B SELL NY N130 TP2
SELL,2046,2025-04-04 09:30:00,2025-04-04 09:30:00,NY,2,18154.25,18140.75,531.0,9.0,13.5,7.436275252351378,16.0,False,0.0,NQ09B SELL NY N130 TP2
SELL,2047,2025-04-06 18:00:00,2025-04-06 18:00:00,WEEKLY,2,17099.75,17091.75,311.0,9.0,8.0,4.67843097121303,10.0,False,0.0,NQ09B SELL WEEKLY W80
SELL,2049,2025-04-07 18:00:00,2025-04-07 18:00:00,PREMIUM,2,17664.75,17656.5,321.0,9.0,8.25,4.6703180061987855,10.0,False,0.0,NQ09B SELL WEEKDAY 1800 D80
SELL,2050,2025-04-08 09:30:00,2025-04-08 09:30:00,NY,2,18150.25,18136.75,531.0,9.0,13.5,7.437914078318481,16.0,False,0.0,NQ09B SELL NY N130 TP2
SELL,2053,2025-04-09 18:00:00,2025-04-09 18:00:00,PREMIUM,2,19266.5,19257.75,341.0,9.0,8.75,4.541561778216074,10.0,False,0.0,NQ09B SELL WEEKDAY 1800 D80
SELL,2054,2025-04-10 09:30:00,2025-04-10 09:30:00,NY,2,18790.5,18776.75,541.0,9.0,13.75,7.317527473989515,16.0,False,0.0,NQ09B SELL NY N130 TP2
SELL,2060,2025-04-15 09:30:00,2025-04-15 09:30:00,NY,2,18986.5,18972.5,551.0,9.0,14.0,7.373660232270297,16.0,False,0.0,NQ09B SELL NY N130 TP2
SELL,2064,2025-04-20 18:00:00,2025-04-20 18:00:00,WEEKLY,2,18306.0,18297.5,331.0,9.0,8.5,4.643286354200808,10.0,False,0.0,NQ09B SELL WEEKLY W80
SELL,2072,2025-04-27 18:00:00,2025-04-27 18:00:00,WEEKLY,2,19524.25,19515.5,341.0,9.0,8.75,4.481606207664827,10.0,False,0.0,NQ09B SELL WEEKLY W80
SELL,2074,2025-04-29 09:30:00,2025-04-29 09:30:00,NY,2,19426.5,19412.5,551.0,9.0,14.0,7.206650709082954,16.0,False,0.0,NQ09B SELL NY N130 TP2
SELL,2075,2025-04-29 18:00:00,2025-04-29 18:00:00,WEAK,1,19599.5,19590.5,175.5,4.5,9.0,4.591953876374397,10.0,False,0.0,NQ09B SELL WEEKDAY 1800 D80
SELL,2077,2025-04-30 18:00:00,2025-04-30 18:00:00,PREMIUM,2,19833.75,19824.75,351.0,9.0,9.0,4.53771979580261,10.0,False,0.0,NQ09B SELL WEEKDAY 1800 D80
SELL,2080,2025-05-02 09:30:00,2025-05-02 09:30:00,NY,2,20090.75,20076.25,571.0,9.0,14.5,7.2172517203190525,16.0,False,0.0,NQ09B SELL NY N130 TP2
SELL,2082,2025-05-05 09:30:00,2025-05-05 09:30:00,NY,2,20010.0,19995.5,571.0,9.0,14.5,7.246376811594203,16.0,False,0.0,NQ09B SELL NY N130 TP2
SELL,2083,2025-05-06 09:30:00,2025-05-06 09:30:00,NY,2,19795.25,19780.75,571.0,9.0,14.5,7.324989580833786,16.0,False,0.0,NQ09B SELL NY N130 TP2
SELL,2084,2025-05-06 18:00:00,2025-05-06 18:00:00,WEAK,1,19808.75,19799.75,175.5,4.5,9.0,4.543446709156307,10.0,False,0.0,NQ09B SELL WEEKDAY 1800 D80
SELL,2090,2025-05-13 09:30:00,2025-05-13 09:30:00,NY,2,21004.25,20989.25,591.0,9.0,15.0,7.141411857124154,16.0,False,0.0,NQ09B SELL NY N130 TP2
SELL,2092,2025-05-15 09:30:00,2025-05-15 09:30:00,NY,2,21302.25,21287.25,591.0,9.0,15.0,7.041509699679612,16.0,False,0.0,NQ09B SELL NY N130 TP2
SELL,2094,2025-05-18 18:00:00,2025-05-18 18:00:00,WEEKLY,2,21310.5,21301.25,361.0,9.0,9.25,4.340583280542456,10.0,False,0.0,NQ09B SELL WEEKLY W80
SELL,2100,2025-05-23 09:30:00,2025-05-23 09:30:00,NY,2,20848.75,20834.0,581.0,9.0,14.75,7.074764674141136,16.0,False,0.0,NQ09B SELL NY N130 TP2
SELL,2101,2025-05-25 18:00:00,2025-05-25 18:00:00,WEEKLY,2,20977.75,20968.5,361.0,9.0,9.25,4.409433804864678,10.0,False,0.0,NQ09B SELL WEEKLY W80
SELL,2111,2025-06-03 09:30:00,2025-06-03 09:30:00,NY,2,21546.75,21531.75,591.0,9.0,15.0,6.961606738835323,16.0,False,0.0,NQ09B SELL NY N130 TP2
SELL,2119,2025-06-10 09:30:00,2025-06-10 09:30:00,NY,2,21836.0,21820.5,611.0,9.0,15.5,7.0983696647737675,16.0,False,0.0,NQ09B SELL NY N130 TP2
SELL,2123,2025-06-13 09:30:00,2025-06-13 09:30:00,NY,2,21679.5,21664.0,611.0,9.0,15.5,7.149611384026385,16.0,False,0.0,NQ09B SELL NY N130 TP2
SELL,2124,2025-06-15 18:00:00,2025-06-15 18:00:00,WEEKLY,2,21772.25,21762.75,371.0,9.0,9.5,4.363352432568981,10.0,False,0.0,NQ09B SELL WEEKLY W80
SELL,2135,2025-06-24 09:30:00,2025-06-24 09:30:00,NY,2,22286.0,22270.25,621.0,9.0,15.75,7.067217086960424,16.0,False,0.0,NQ09B SELL NY N130 TP2
SELL,2147,2025-07-06 18:00:00,2025-07-06 18:00:00,WEEKLY,2,22969.75,22960.0,381.0,9.0,9.75,4.244713155345617,10.0,False,0.0,NQ09B SELL WEEKLY W80
SELL,2155,2025-07-14 09:30:00,2025-07-14 09:30:00,NY,2,22942.5,22926.5,631.0,9.0,16.0,6.973956630707202,16.0,True,0.0,NQ09B SELL NY N130 TP2
SELL,2171,2025-07-30 18:00:00,2025-07-30 18:00:00,PREMIUM,2,23704.75,23694.75,391.0,9.0,10.0,4.218563789957709,10.0,True,0.0,NQ09B SELL WEEKDAY 1800 D80
SELL,2179,2025-08-05 18:00:00,2025-08-05 18:00:00,PREMIUM,2,23091.5,23081.5,391.0,9.0,10.0,4.330597839031678,10.0,True,0.0,NQ09B SELL WEEKDAY 1800 D80
SELL,2181,2025-08-07 09:30:00,2025-08-07 09:30:00,NY,2,23600.75,23584.75,631.0,9.0,16.0,6.7794455684671036,16.0,True,0.0,NQ09B SELL NY N130 TP2
SELL,2186,2025-08-12 09:30:00,2025-08-12 09:30:00,NY,2,23732.75,23716.75,631.0,9.0,16.0,6.741738736556026,16.0,True,0.0,NQ09B SELL NY N130 TP2
SELL,2187,2025-08-12 18:00:00,2025-08-12 18:00:00,WEAK,1,23944.75,23934.75,195.5,4.5,10.0,4.176280813121874,10.0,True,0.0,NQ09B SELL WEEKDAY 1800 D80
SELL,2189,2025-08-14 09:30:00,2025-08-14 09:30:00,NY,2,23857.5,23841.5,631.0,9.0,16.0,6.7064864298438644,16.0,True,0.0,NQ09B SELL NY N130 TP2
SELL,2203,2025-08-27 09:30:00,2025-08-27 09:30:00,NY,2,23540.75,23524.75,631.0,9.0,16.0,6.7967248282234,16.0,True,0.0,NQ09B SELL NY N130 TP2
SELL,2207,2025-08-31 18:00:00,2025-08-31 18:00:00,WEEKLY,2,23478.75,23468.75,391.0,9.0,10.0,4.259170526539957,10.0,True,0.0,NQ09B SELL WEEKLY W80
SELL,2214,2025-09-04 09:30:00,2025-09-04 09:30:00,NY,2,23480.25,23464.25,631.0,9.0,16.0,6.814237497471279,16.0,True,0.0,NQ09B SELL NY N130 TP2
SELL,2228,2025-09-18 09:30:00,2025-09-18 09:30:00,NY,2,24679.25,24663.25,631.0,9.0,16.0,6.483179188994803,16.0,True,0.0,NQ09B SELL NY N130 TP2
SELL,2242,2025-10-01 09:30:00,2025-10-01 09:30:00,NY,2,24762.75,24746.75,631.0,9.0,16.0,6.461317906936831,16.0,True,0.0,NQ09B SELL NY N130 TP2
SELL,2250,2025-10-10 09:30:00,2025-10-10 09:30:00,NY,2,25312.75,25296.75,631.0,9.0,16.0,6.320925225429872,16.0,True,0.0,NQ09B SELL NY N130 TP2
SELL,2258,2025-10-16 18:00:00,2025-10-16 18:00:00,WEAK,1,24793.5,24783.5,195.5,4.5,10.0,4.033315183415008,10.0,True,0.0,NQ09B SELL WEEKDAY 1800 D80
SELL,2259,2025-10-17 09:30:00,2025-10-17 09:30:00,NY,2,24736.0,24720.0,631.0,9.0,16.0,6.46830530401035,16.0,True,0.0,NQ09B SELL NY N130 TP2
SELL,2260,2025-10-19 18:00:00,2025-10-19 18:00:00,WEEKLY,2,25065.5,25055.5,391.0,9.0,10.0,3.9895473858490758,10.0,True,0.0,NQ09B SELL WEEKLY W80
SELL,2264,2025-10-22 18:00:00,2025-10-22 18:00:00,WEAK,1,25012.0,25002.0,195.5,4.5,10.0,3.9980809211578445,10.0,True,0.0,NQ09B SELL WEEKDAY 1800 D80
SELL,2265,2025-10-23 09:30:00,2025-10-23 09:30:00,NY,2,25016.0,25000.0,631.0,9.0,16.0,6.395906619763352,16.0,True,0.0,NQ09B SELL NY N130 TP2
SELL,2268,2025-10-26 18:00:00,2025-10-26 18:00:00,WEEKLY,2,25723.25,25713.25,391.0,9.0,10.0,3.8875336514631704,10.0,True,0.0,NQ09B SELL WEEKLY W80
SELL,2275,2025-10-31 09:30:00,2025-10-31 09:30:00,NY,2,26199.0,26183.0,631.0,9.0,16.0,6.107103324554372,16.0,True,0.0,NQ09B SELL NY N130 TP2
SELL,2276,2025-11-02 18:00:00,2025-11-02 18:00:00,WEEKLY,2,26028.0,26018.0,391.0,9.0,10.0,3.84201629014907,10.0,True,0.0,NQ09B SELL WEEKLY W80
SELL,2279,2025-11-04 18:00:00,2025-11-04 18:00:00,WEAK,1,25544.75,25534.75,195.5,4.5,10.0,3.9146987150001467,10.0,True,0.0,NQ09B SELL WEEKDAY 1800 D80
SELL,2282,2025-11-06 18:00:00,2025-11-06 18:00:00,PREMIUM,2,25314.5,25304.5,391.0,9.0,10.0,3.950305161073693,10.0,True,0.0,NQ09B SELL WEEKDAY 1800 D80
SELL,2283,2025-11-07 09:30:00,2025-11-07 09:30:00,NY,2,25110.25,25094.25,631.0,9.0,16.0,6.371899921346861,16.0,True,0.0,NQ09B SELL NY N130 TP2
SELL,2292,2025-11-17 09:30:00,2025-11-17 09:30:00,NY,2,24997.5,24981.5,631.0,9.0,16.0,6.400640064006401,16.0,True,0.0,NQ09B SELL NY N130 TP2
SELL,2293,2025-11-17 18:00:00,2025-11-17 18:00:00,WEAK,1,24905.25,24895.25,195.5,4.5,10.0,4.015217674988206,10.0,True,0.0,NQ09B SELL WEEKDAY 1800 D80
SELL,2294,2025-11-18 09:30:00,2025-11-18 09:30:00,NY,2,24718.0,24702.0,631.0,9.0,16.0,6.473015616150174,16.0,True,0.0,NQ09B SELL NY N130 TP2
SELL,2295,2025-11-18 18:00:00,2025-11-18 18:00:00,PREMIUM,2,24550.75,24540.75,391.0,9.0,10.0,4.073195319898577,10.0,True,0.0,NQ09B SELL WEEKDAY 1800 D80
SELL,2296,2025-11-19 09:30:00,2025-11-19 09:30:00,NY,2,24611.25,24595.25,631.0,9.0,16.0,6.501091980293565,16.0,True,0.0,NQ09B SELL NY N130 TP2
SELL,2297,2025-11-19 18:00:00,2025-11-19 18:00:00,PREMIUM,2,24966.5,24956.5,391.0,9.0,10.0,4.005367192037331,10.0,True,0.0,NQ09B SELL WEEKDAY 1800 D80
SELL,2300,2025-11-21 09:30:00,2025-11-21 09:30:00,NY,2,24203.25,24187.25,631.0,9.0,16.0,6.610682449671015,16.0,True,0.0,NQ09B SELL NY N130 TP2
SELL,2307,2025-11-30 18:00:00,2025-11-30 18:00:00,WEEKLY,2,25482.25,25472.25,391.0,9.0,10.0,3.9243002482119906,10.0,True,0.0,NQ09B SELL WEEKLY W80
SELL,2308,2025-12-01 09:30:00,2025-12-01 09:30:00,NY,2,25254.75,25238.75,631.0,9.0,16.0,6.33544184757323,16.0,True,0.0,NQ09B SELL NY N130 TP2
SELL,2309,2025-12-02 09:30:00,2025-12-02 09:30:00,NY,2,25492.5,25476.5,631.0,9.0,16.0,6.276355790918897,16.0,True,0.0,NQ09B SELL NY N130 TP2
SELL,2310,2025-12-03 09:30:00,2025-12-03 09:30:00,NY,2,25495.0,25479.0,631.0,9.0,16.0,6.275740341243381,16.0,True,0.0,NQ09B SELL NY N130 TP2
SELL,2323,2025-12-16 09:30:00,2025-12-16 09:30:00,NY,2,25231.75,25215.75,631.0,9.0,16.0,6.341216919159392,16.0,True,0.0,NQ09B SELL NY N130 TP2
SELL,2326,2025-12-18 09:30:00,2025-12-18 09:30:00,NY,2,25278.5,25262.5,631.0,9.0,16.0,6.329489487113555,16.0,True,0.0,NQ09B SELL NY N130 TP2
SELL,2327,2025-12-18 18:00:00,2025-12-18 18:00:00,WEAK,1,25239.75,25229.75,195.5,4.5,10.0,3.962004378014838,10.0,True,0.0,NQ09B SELL WEEKDAY 1800 D80
SELL,2339,2026-01-02 09:30:00,2026-01-02 09:30:00,NY,2,25686.75,25670.75,631.0,9.0,16.0,6.228892327756529,16.0,True,0.0,NQ09B SELL NY N130 TP2
SELL,2340,2026-01-04 18:00:00,2026-01-04 18:00:00,WEEKLY,2,25431.5,25421.5,391.0,9.0,10.0,3.9321314118317834,10.0,True,0.0,NQ09B SELL WEEKLY W80
SELL,2343,2026-01-07 09:30:00,2026-01-07 09:30:00,NY,2,25790.5,25774.5,631.0,9.0,16.0,6.203834745351971,16.0,True,0.0,NQ09B SELL NY N130 TP2
SELL,2349,2026-01-12 18:00:00,2026-01-12 18:00:00,WEAK,1,25953.25,25943.25,195.5,4.5,10.0,3.8530819839519133,10.0,True,0.0,NQ09B SELL WEEKDAY 1800 D80
SELL,2350,2026-01-13 09:30:00,2026-01-13 09:30:00,NY,2,25950.25,25934.25,631.0,9.0,16.0,6.165643876263234,16.0,True,0.0,NQ09B SELL NY N130 TP2
SELL,2359,2026-01-20 18:00:00,2026-01-20 18:00:00,WEAK,1,25149.25,25139.25,195.5,4.5,10.0,3.9762617175462487,10.0,True,0.0,NQ09B SELL WEEKDAY 1800 D80
SELL,2363,2026-01-23 09:30:00,2026-01-23 09:30:00,NY,2,25607.75,25591.75,631.0,9.0,16.0,6.2481084827835325,16.0,True,0.0,NQ09B SELL NY N130 TP2
SELL,2364,2026-01-25 18:00:00,2026-01-25 18:00:00,WEEKLY,2,25585.25,25575.25,391.0,9.0,10.0,3.908501968907867,10.0,True,0.0,NQ09B SELL WEEKLY W80
SELL,2366,2026-01-27 09:30:00,2026-01-27 09:30:00,NY,2,25982.5,25966.5,631.0,9.0,16.0,6.157990955450785,16.0,True,0.0,NQ09B SELL NY N130 TP2
SELL,2368,2026-01-28 09:30:00,2026-01-28 09:30:00,NY,2,26252.25,26236.25,631.0,9.0,16.0,6.094715691036006,16.0,True,0.0,NQ09B SELL NY N130 TP2
SELL,2372,2026-01-30 09:30:00,2026-01-30 09:30:00,NY,2,25834.0,25818.0,631.0,9.0,16.0,6.1933885577146395,16.0,True,0.0,NQ09B SELL NY N130 TP2
SELL,2381,2026-02-05 18:00:00,2026-02-05 18:00:00,PREMIUM,2,24415.75,24405.75,391.0,9.0,10.0,4.095716904047592,10.0,True,0.0,NQ09B SELL WEEKDAY 1800 D80
SELL,2382,2026-02-06 09:30:00,2026-02-06 09:30:00,NY,2,24760.25,24744.25,631.0,9.0,16.0,6.4619702951303,16.0,True,0.0,NQ09B SELL NY N130 TP2
SELL,2385,2026-02-10 09:30:00,2026-02-10 09:30:00,NY,2,25376.25,25360.25,631.0,9.0,16.0,6.305108122752574,16.0,True,0.0,NQ09B SELL NY N130 TP2
SELL,2387,2026-02-12 09:30:00,2026-02-12 09:30:00,NY,2,25346.0,25330.0,631.0,9.0,16.0,6.312633157105657,16.0,True,0.0,NQ09B SELL NY N130 TP2
SELL,2388,2026-02-13 09:30:00,2026-02-13 09:30:00,NY,2,24742.75,24726.75,631.0,9.0,16.0,6.46654070384254,16.0,True,0.0,NQ09B SELL NY N130 TP2
SELL,2389,2026-02-15 18:00:00,2026-02-15 18:00:00,WEEKLY,2,24789.5,24779.5,391.0,9.0,10.0,4.033965993666674,10.0,True,0.0,NQ09B SELL WEEKLY W80
SELL,2392,2026-02-17 09:30:00,2026-02-17 09:30:00,NY,2,24659.0,24643.0,631.0,9.0,16.0,6.488503183421875,16.0,True,0.0,NQ09B SELL NY N130 TP2
SELL,2395,2026-02-19 09:30:00,2026-02-19 09:30:00,NY,2,24833.5,24817.5,631.0,9.0,16.0,6.442909779128999,16.0,True,0.0,NQ09B SELL NY N130 TP2
SELL,2396,2026-02-20 09:30:00,2026-02-20 09:30:00,NY,2,24715.0,24699.0,631.0,9.0,16.0,6.473801335221526,16.0,True,0.0,NQ09B SELL NY N130 TP2
SELL,2397,2026-02-22 18:00:00,2026-02-22 18:00:00,WEEKLY,2,25033.5,25023.5,391.0,9.0,10.0,3.994647172788463,10.0,True,0.0,NQ09B SELL WEEKLY W80
SELL,2401,2026-02-25 18:00:00,2026-02-25 18:00:00,PREMIUM,2,25388.0,25378.0,391.0,9.0,10.0,3.93886875689302,10.0,True,0.0,NQ09B SELL WEEKDAY 1800 D80
SELL,2402,2026-02-26 09:30:00,2026-02-26 09:30:00,NY,2,25341.75,25325.75,631.0,9.0,16.0,6.313691832647706,16.0,True,0.0,NQ09B SELL NY N130 TP2
SELL,2405,2026-03-01 18:00:00,2026-03-01 18:00:00,WEEKLY,2,24682.25,24672.25,391.0,9.0,10.0,4.0514944950318545,10.0,True,0.0,NQ09B SELL WEEKLY W80
SELL,2406,2026-03-02 09:30:00,2026-03-02 09:30:00,NY,2,24644.25,24628.25,631.0,9.0,16.0,6.492386662203151,16.0,True,0.0,NQ09B SELL NY N130 TP2
SELL,2408,2026-03-03 09:30:00,2026-03-03 09:30:00,NY,2,24534.75,24518.75,631.0,9.0,16.0,6.521362557189293,16.0,True,0.0,NQ09B SELL NY N130 TP2
SELL,2410,2026-03-04 09:30:00,2026-03-04 09:30:00,NY,2,24853.25,24837.25,631.0,9.0,16.0,6.437789826280265,16.0,True,0.0,NQ09B SELL NY N130 TP2
SELL,2412,2026-03-06 09:30:00,2026-03-06 09:30:00,NY,2,24685.0,24669.0,631.0,9.0,16.0,6.481669029775167,16.0,True,0.0,NQ09B SELL NY N130 TP2
SELL,2415,2026-03-09 18:00:00,2026-03-09 18:00:00,WEAK,1,24981.25,24971.25,195.5,4.5,10.0,4.003002251688767,10.0,True,0.0,NQ09B SELL WEEKDAY 1800 D80
SELL,2419,2026-03-12 09:30:00,2026-03-12 09:30:00,NY,2,24775.5,24759.5,631.0,9.0,16.0,6.457992775120584,16.0,True,0.0,NQ09B SELL NY N130 TP2
SELL,2423,2026-03-16 09:30:00,2026-03-16 09:30:00,NY,2,24655.5,24639.5,631.0,9.0,16.0,6.489424266390866,16.0,True,0.0,NQ09B SELL NY N130 TP2
SELL,2424,2026-03-17 09:30:00,2026-03-17 09:30:00,NY,2,25000.5,24984.5,631.0,9.0,16.0,6.399872002559949,16.0,True,0.0,NQ09B SELL NY N130 TP2
SELL,2425,2026-03-18 09:30:00,2026-03-18 09:30:00,NY,2,24928.0,24912.0,631.0,9.0,16.0,6.418485237483953,16.0,True,0.0,NQ09B SELL NY N130 TP2
SELL,2429,2026-03-22 18:00:00,2026-03-22 18:00:00,WEEKLY,2,23901.75,23891.75,391.0,9.0,10.0,4.183794073655695,10.0,True,0.0,NQ09B SELL WEEKLY W80
SELL,2432,2026-03-24 09:30:00,2026-03-24 09:30:00,NY,2,24254.0,24238.0,631.0,9.0,16.0,6.596850004123032,16.0,True,0.0,NQ09B SELL NY N130 TP2
SELL,2435,2026-03-26 09:30:00,2026-03-26 09:30:00,NY,2,24156.0,24140.0,631.0,9.0,16.0,6.6236131809902306,16.0,True,0.0,NQ09B SELL NY N130 TP2
SELL,2438,2026-03-29 18:00:00,2026-03-29 18:00:00,WEEKLY,2,23189.25,23179.25,391.0,9.0,10.0,4.3123430037625194,10.0,True,0.0,NQ09B SELL WEEKLY W80
SELL,2442,2026-04-01 09:30:00,2026-04-01 09:30:00,NY,2,24087.5,24071.5,631.0,9.0,16.0,6.642449403217436,16.0,True,0.0,NQ09B SELL NY N130 TP2
SELL,2446,2026-04-07 09:30:00,2026-04-07 09:30:00,NY,2,24243.25,24227.25,631.0,9.0,16.0,6.599775195157415,16.0,True,0.0,NQ09B SELL NY N130 TP2
SELL,2447,2026-04-07 18:00:00,2026-04-07 18:00:00,WEAK,1,24513.75,24503.75,195.5,4.5,10.0,4.079343225740656,10.0,True,0.0,NQ09B SELL WEEKDAY 1800 D80
SELL,2452,2026-04-13 09:30:00,2026-04-13 09:30:00,NY,2,25215.5,25199.5,631.0,9.0,16.0,6.345303483968195,16.0,True,0.0,NQ09B SELL NY N130 TP2
SELL,2453,2026-04-13 18:00:00,2026-04-13 18:00:00,PREMIUM,2,25575.0,25565.0,391.0,9.0,10.0,3.9100684261974585,10.0,True,0.0,NQ09B SELL WEEKDAY 1800 D80
SELL,2460,2026-04-20 18:00:00,2026-04-20 18:00:00,WEAK,1,26776.5,26766.5,195.5,4.5,10.0,3.7346180419397608,10.0,True,0.0,NQ09B SELL WEEKDAY 1800 D80
SELL,2467,2026-04-24 09:30:00,2026-04-24 09:30:00,NY,2,27209.75,27193.75,631.0,9.0,16.0,5.88024513271897,16.0,True,0.0,NQ09B SELL NY N130 TP2
SELL,2473,2026-04-30 09:30:00,2026-04-30 09:30:00,NY,2,27491.0,27475.0,631.0,9.0,16.0,5.820086573787785,16.0,True,0.0,NQ09B SELL NY N130 TP2
SELL,2476,2026-05-03 18:00:00,2026-05-03 18:00:00,WEEKLY,2,27889.75,27879.75,391.0,9.0,10.0,3.585546661407865,10.0,True,0.0,NQ09B SELL WEEKLY W80
SELL,2478,2026-05-05 09:30:00,2026-05-05 09:30:00,NY,2,27988.25,27972.25,631.0,9.0,16.0,5.71668468017829,16.0,True,0.0,NQ09B SELL NY N130 TP2
SELL,2480,2026-05-06 09:30:00,2026-05-06 09:30:00,NY,2,28389.25,28373.25,631.0,9.0,16.0,5.635936137798639,16.0,True,0.0,NQ09B SELL NY N130 TP2
SELL,2481,2026-05-06 18:00:00,2026-05-06 18:00:00,WEAK,1,28662.5,28652.5,195.5,4.5,10.0,3.4888791975577846,10.0,True,0.0,NQ09B SELL WEEKDAY 1800 D80
SELL,2484,2026-05-08 09:30:00,2026-05-08 09:30:00,NY,2,28878.25,28862.25,631.0,9.0,16.0,5.5405019348471605,16.0,True,0.0,NQ09B SELL NY N130 TP2
SELL,2486,2026-05-11 09:30:00,2026-05-11 09:30:00,NY,2,29305.0,29289.0,631.0,9.0,16.0,5.459819143490872,16.0,True,0.0,NQ09B SELL NY N130 TP2
SELL,2488,2026-05-12 18:00:00,2026-05-12 18:00:00,WEAK,1,29143.5,29133.5,195.5,4.5,10.0,3.431296858647726,10.0,True,0.0,NQ09B SELL WEEKDAY 1800 D80
SELL,2490,2026-05-14 09:30:00,2026-05-14 09:30:00,NY,2,29476.0,29460.0,631.0,9.0,16.0,5.42814493146967,16.0,True,0.0,NQ09B SELL NY N130 TP2
SELL,2491,2026-05-14 18:00:00,2026-05-14 18:00:00,WEAK,1,29689.75,29679.75,195.5,4.5,10.0,3.3681657811197465,10.0,True,0.0,NQ09B SELL WEEKDAY 1800 D80
SELL,2493,2026-05-17 18:00:00,2026-05-17 18:00:00,WEEKLY,2,29134.75,29124.75,391.0,9.0,10.0,3.4323273753850643,10.0,True,0.0,NQ09B SELL WEEKLY W80
SELL,2498,2026-05-21 09:30:00,2026-05-21 09:30:00,NY,2,29217.0,29201.0,631.0,9.0,16.0,5.476263819009481,16.0,True,0.0,NQ09B SELL NY N130 TP2
SELL,2499,2026-05-22 09:30:00,2026-05-22 09:30:00,NY,2,29579.75,29563.75,631.0,9.0,16.0,5.409105891699558,16.0,True,0.0,NQ09B SELL NY N130 TP2
SELL,2507,2026-05-28 09:30:00,2026-05-28 09:30:00,NY,2,30052.75,30036.75,631.0,9.0,16.0,5.323972015872092,16.0,True,0.0,NQ09B SELL NY N130 TP2
SELL,2508,2026-05-29 09:30:00,2026-05-29 09:30:00,NY,2,30382.75,30366.75,631.0,9.0,16.0,5.266146086183772,16.0,True,0.0,NQ09B SELL NY N130 TP2
SELL,2510,2026-06-01 09:30:00,2026-06-01 09:30:00,NY,2,30342.75,30326.75,631.0,9.0,16.0,5.273088299511415,16.0,True,0.0,NQ09B SELL NY N130 TP2
SELL,2513,2026-06-03 09:30:00,2026-06-03 09:30:00,NY,2,30754.5,30738.5,631.0,9.0,16.0,5.202490692418995,16.0,True,0.0,NQ09B SELL NY N130 TP2
SELL,2514,2026-06-03 18:00:00,2026-06-03 18:00:00,PREMIUM,2,30452.75,30442.75,391.0,9.0,10.0,3.2837756852829383,10.0,True,0.0,NQ09B SELL WEEKDAY 1800 D80
SELL,2515,2026-06-04 09:30:00,2026-06-04 09:30:00,NY,2,30268.0,30252.0,631.0,9.0,16.0,5.286110744020087,16.0,True,0.0,NQ09B SELL NY N130 TP2
SELL,2516,2026-06-05 09:30:00,2026-06-05 09:30:00,NY,2,30035.5,30019.5,631.0,9.0,16.0,5.3270296815435065,16.0,True,0.0,NQ09B SELL NY N130 TP2
SELL,2517,2026-06-07 18:00:00,2026-06-07 18:00:00,WEEKLY,2,28844.25,28834.25,391.0,9.0,10.0,3.4668954817684634,10.0,True,0.0,NQ09B SELL WEEKLY W80
SELL,2521,2026-06-10 09:30:00,2026-06-10 09:30:00,NY,2,28852.75,28836.75,631.0,9.0,16.0,5.545398618849157,16.0,True,0.0,NQ09B SELL NY N130 TP2
SELL,2524,2026-06-11 18:00:00,2026-06-11 18:00:00,WEAK,1,29456.5,29446.5,195.5,4.5,10.0,3.3948364537538405,10.0,True,0.0,NQ09B SELL WEEKDAY 1800 D80
SELL,2527,2026-06-15 09:30:00,2026-06-15 09:30:00,NY,2,30633.0,30617.0,631.0,9.0,16.0,5.223125387653837,16.0,True,0.0,NQ09B SELL NY N130 TP2
SELL,2534,2026-06-22 09:30:00,2026-06-22 09:30:00,NY,2,30822.5,30806.5,631.0,9.0,16.0,5.191013058642225,16.0,True,0.0,NQ09B SELL NY N130 TP2
SELL,2536,2026-06-24 09:30:00,2026-06-24 09:30:00,NY,2,29711.0,29695.0,631.0,9.0,16.0,5.38521086466292,16.0,True,0.0,NQ09B SELL NY N130 TP2
SELL,2542,2026-06-29 09:30:00,2026-06-29 09:30:00,NY,2,29642.75,29626.75,631.0,9.0,16.0,5.397609870879052,16.0,True,0.0,NQ09B SELL NY N130 TP2
SELL,2549,2026-07-06 09:30:00,2026-07-06 09:30:00,NY,2,29835.5,29819.5,631.0,9.0,16.0,5.362739018953931,16.0,True,0.0,NQ09B SELL NY N130 TP2
SELL,2550,2026-07-07 09:30:00,2026-07-07 09:30:00,NY,2,29592.75,29576.75,631.0,9.0,16.0,5.406729688859603,16.0,True,0.0,NQ09B SELL NY N130 TP2
SELL,2554,2026-07-10 09:30:00,2026-07-10 09:30:00,NY,2,29834.5,29818.5,631.0,9.0,16.0,5.362918768539778,16.0,True,0.0,NQ09B SELL NY N130 TP2
SELL,2559,2026-07-16 09:30:00,2026-07-16 09:30:00,NY,2,29465.75,29449.75,631.0,9.0,16.0,5.430033174108923,16.0,True,0.0,NQ09B SELL NY N130 TP2
SELL,2560,2026-07-17 09:30:00,2026-07-17 09:30:00,NY,2,28607.5,28591.5,631.0,9.0,16.0,5.592938914620292,16.0,True,0.0,NQ09B SELL NY N130 TP2
SELL,2561,2026-07-19 18:00:00,2026-07-19 18:00:00,WEEKLY,2,28747.5,28737.5,391.0,9.0,10.0,3.478563353335073,10.0,True,0.0,NQ09B SELL WEEKLY W80
SELL,2562,2026-07-20 09:30:00,2026-07-20 09:30:00,NY,2,29044.75,29028.75,631.0,9.0,16.0,5.508740822351716,16.0,True,0.0,NQ09B SELL NY N130 TP2
SELL,2565,2026-07-22 18:00:00,2026-07-22 18:00:00,WEAK,1,29099.75,29089.75,195.5,4.5,10.0,3.4364556396532615,10.0,True,0.0,NQ09B SELL WEEKDAY 1800 D80
SELL,2568,2026-07-24 09:30:00,2026-07-24 09:30:00,NY,2,28539.75,28523.75,631.0,9.0,16.0,5.606215891870111,16.0,True,0.0,NQ09B SELL NY N130 TP2
SELL,2577,2026-07-30 18:00:00,2026-07-30 18:00:00,WEAK,1,28316.75,28306.75,195.5,4.5,10.0,3.531478718426373,10.0,True,0.0,NQ09B SELL WEEKDAY 1800 D80
SELL,2578,2026-07-31 09:30:00,2026-07-31 09:30:00,NY,2,28576.5,28560.5,631.0,9.0,16.0,5.599006176403688,16.0,True,0.0,NQ09B SELL NY N130 TP2
SELL,2579,2026-08-02 18:00:00,2026-08-02 18:00:00,WEEKLY,2,28564.75,28554.75,391.0,9.0,10.0,3.5008183162814306,10.0,True,0.0,NQ09B SELL WEEKLY W80
SELL,2581,2026-08-04 09:30:00,2026-08-04 09:30:00,NY,2,29234.5,29218.5,631.0,9.0,16.0,5.472985684721818,16.0,True,0.0,NQ09B SELL NY N130 TP2
SELL,2585,2026-08-07 09:30:00,2026-08-07 09:30:00,NY,2,29713.75,29697.75,631.0,9.0,16.0,5.384712464767995,16.0,True,0.0,NQ09B SELL NY N130 TP2
