side,Trade number,route,entry_dt,exit_dt,net,points,at_route_cap,exit_bar_utc,authority_files_overlapping_exit_bar,full_5m_covered,full_30m_covered,best_authority_rank
BUY,9,WEEKLY,2020-01-12 18:00:00,2020-01-12 18:00:00,311.0,8.0,False,2020-01-12T23:00:00+00:00,0,False,False,0
BUY,22,NY,2020-01-27 09:30:00,2020-01-27 09:30:00,501.0,12.75,False,2020-01-27T14:30:00+00:00,0,False,False,0
BUY,23,WEAK,2020-01-27 18:00:00,2020-01-27 18:00:00,155.5,8.0,False,2020-01-27T23:00:00+00:00,0,False,False,0
BUY,50,NY,2020-02-17 09:30:00,2020-02-17 12:30:00,501.0,12.75,False,2020-02-17T17:30:00+00:00,0,False,False,0
BUY,56,NY,2020-02-21 09:30:00,2020-02-21 09:30:00,501.0,12.75,False,2020-02-21T14:30:00+00:00,0,False,False,0
BUY,57,WEEKLY,2020-02-23 18:00:00,2020-02-23 18:00:00,311.0,8.0,False,2020-02-23T23:00:00+00:00,0,False,False,0
BUY,58,NY,2020-02-24 09:30:00,2020-02-24 09:30:00,501.0,12.75,False,2020-02-24T14:30:00+00:00,0,False,False,0
BUY,59,PREMIUM,2020-02-24 18:00:00,2020-02-24 18:00:00,311.0,8.0,False,2020-02-24T23:00:00+00:00,0,False,False,0
BUY,65,PREMIUM,2020-02-27 18:00:00,2020-02-27 18:00:00,311.0,8.0,False,2020-02-27T23:00:00+00:00,0,False,False,0
BUY,68,NY,2020-03-02 09:30:00,2020-03-02 09:30:00,501.0,12.75,False,2020-03-02T14:30:00+00:00,0,False,False,0
BUY,71,PREMIUM,2020-03-03 18:00:00,2020-03-03 18:00:00,311.0,8.0,False,2020-03-03T23:00:00+00:00,0,False,False,0
BUY,78,WEAK,2020-03-09 18:00:00,2020-03-09 18:00:00,155.5,8.0,False,2020-03-09T22:00:00+00:00,0,False,False,0
BUY,80,WEAK,2020-03-10 18:00:00,2020-03-10 18:00:00,155.5,8.0,False,2020-03-10T22:00:00+00:00,0,False,False,0
BUY,83,NY,2020-03-12 09:30:00,2020-03-12 09:30:00,501.0,12.75,False,2020-03-12T13:30:00+00:00,0,False,False,0
BUY,84,PREMIUM,2020-03-12 18:00:00,2020-03-12 18:00:00,311.0,8.0,False,2020-03-12T22:00:00+00:00,0,False,False,0
BUY,85,NY,2020-03-13 09:30:00,2020-03-13 09:30:00,501.0,12.75,False,2020-03-13T13:30:00+00:00,0,False,False,0
BUY,93,NY,2020-03-19 09:30:00,2020-03-19 09:30:00,501.0,12.75,False,2020-03-19T13:30:00+00:00,0,False,False,0
BUY,94,PREMIUM,2020-03-19 18:00:00,2020-03-19 18:00:00,311.0,8.0,False,2020-03-19T22:00:00+00:00,0,False,False,0
BUY,98,WEAK,2020-03-23 18:00:00,2020-03-23 18:00:00,155.5,8.0,False,2020-03-23T22:00:00+00:00,0,False,False,0
BUY,99,NY,2020-03-24 09:30:00,2020-03-24 09:30:00,501.0,12.75,False,2020-03-24T13:30:00+00:00,0,False,False,0
BUY,100,WEAK,2020-03-24 18:00:00,2020-03-24 18:00:00,155.5,8.0,False,2020-03-24T22:00:00+00:00,0,False,False,0
BUY,101,NY,2020-03-25 09:30:00,2020-03-25 09:30:00,501.0,12.75,False,2020-03-25T13:30:00+00:00,0,False,False,0
BUY,113,WEEKLY,2020-04-05 18:00:00,2020-04-05 18:00:00,311.0,8.0,False,2020-04-05T22:00:00+00:00,0,False,False,0
BUY,114,NY,2020-04-06 09:30:00,2020-04-06 09:30:00,501.0,12.75,False,2020-04-06T13:30:00+00:00,0,False,False,0
BUY,115,NY,2020-04-07 09:30:00,2020-04-07 09:30:00,501.0,12.75,False,2020-04-07T13:30:00+00:00,0,False,False,0
BUY,119,NY,2020-04-14 09:30:00,2020-04-14 09:30:00,501.0,12.75,False,2020-04-14T13:30:00+00:00,0,False,False,0
BUY,120,NY,2020-04-15 09:30:00,2020-04-15 09:30:00,501.0,12.75,False,2020-04-15T13:30:00+00:00,0,False,False,0
BUY,123,WEAK,2020-04-16 18:00:00,2020-04-16 18:00:00,155.5,8.0,False,2020-04-16T22:00:00+00:00,0,False,False,0
BUY,124,NY,2020-04-17 09:30:00,2020-04-17 09:30:00,501.0,12.75,False,2020-04-17T13:30:00+00:00,0,False,False,0
BUY,127,WEAK,2020-04-20 18:00:00,2020-04-20 18:00:00,155.5,8.0,False,2020-04-20T22:00:00+00:00,0,False,False,0
BUY,128,NY,2020-04-21 09:30:00,2020-04-21 09:30:00,501.0,12.75,False,2020-04-21T13:30:00+00:00,0,False,False,0
BUY,134,WEEKLY,2020-04-26 18:00:00,2020-04-26 18:00:00,311.0,8.0,False,2020-04-26T22:00:00+00:00,0,False,False,0
BUY,137,WEAK,2020-04-28 18:00:00,2020-04-28 18:00:00,155.5,8.0,False,2020-04-28T22:00:00+00:00,0,False,False,0
BUY,144,NY,2020-05-04 09:30:00,2020-05-04 09:30:00,501.0,12.75,False,2020-05-04T13:30:00+00:00,0,False,False,0
BUY,154,NY,2020-05-13 09:30:00,2020-05-13 09:30:00,501.0,12.75,False,2020-05-13T13:30:00+00:00,0,False,False,0
BUY,155,WEAK,2020-05-13 18:00:00,2020-05-13 18:00:00,155.5,8.0,False,2020-05-13T22:00:00+00:00,0,False,False,0
BUY,159,WEEKLY,2020-05-17 18:00:00,2020-05-17 18:00:00,311.0,8.0,False,2020-05-17T22:00:00+00:00,0,False,False,0
BUY,162,NY,2020-05-20 09:30:00,2020-05-20 09:30:00,501.0,12.75,False,2020-05-20T13:30:00+00:00,0,False,False,0
BUY,172,WEEKLY,2020-05-31 18:00:00,2020-05-31 18:00:00,311.0,8.0,False,2020-05-31T22:00:00+00:00,0,False,False,0
BUY,176,NY,2020-06-03 09:30:00,2020-06-03 09:30:00,501.0,12.75,False,2020-06-03T13:30:00+00:00,0,False,False,0
BUY,183,WEAK,2020-06-09 18:00:00,2020-06-09 18:00:00,155.5,8.0,False,2020-06-09T22:00:00+00:00,0,False,False,0
BUY,188,NY,2020-06-12 09:30:00,2020-06-12 09:30:00,501.0,12.75,False,2020-06-12T13:30:00+00:00,0,False,False,0
BUY,189,WEEKLY,2020-06-14 18:00:00,2020-06-14 18:00:00,311.0,8.0,False,2020-06-14T22:00:00+00:00,0,False,False,0
BUY,190,NY,2020-06-15 09:30:00,2020-06-15 09:30:00,501.0,12.75,False,2020-06-15T13:30:00+00:00,0,False,False,0
BUY,207,NY,2020-06-29 09:30:00,2020-06-29 09:30:00,501.0,12.75,False,2020-06-29T13:30:00+00:00,0,False,False,0
BUY,215,NY,2020-07-06 09:30:00,2020-07-06 09:30:00,501.0,12.75,False,2020-07-06T13:30:00+00:00,0,False,False,0
BUY,219,NY,2020-07-10 09:30:00,2020-07-10 09:30:00,501.0,12.75,False,2020-07-10T13:30:00+00:00,0,False,False,0
BUY,220,WEEKLY,2020-07-12 18:00:00,2020-07-12 18:00:00,311.0,8.0,False,2020-07-12T22:00:00+00:00,0,False,False,0
BUY,224,PREMIUM,2020-07-14 18:00:00,2020-07-14 18:00:00,311.0,8.0,False,2020-07-14T22:00:00+00:00,0,False,False,0
BUY,225,NY,2020-07-15 09:30:00,2020-07-15 09:30:00,501.0,12.75,False,2020-07-15T13:30:00+00:00,0,False,False,0
BUY,234,WEAK,2020-07-23 18:00:00,2020-07-23 18:00:00,155.5,8.0,False,2020-07-23T22:00:00+00:00,0,False,False,0
BUY,235,NY,2020-07-24 09:30:00,2020-07-24 09:30:00,501.0,12.75,False,2020-07-24T13:30:00+00:00,0,False,False,0
BUY,237,NY,2020-07-27 09:30:00,2020-07-27 09:30:00,501.0,12.75,False,2020-07-27T13:30:00+00:00,0,False,False,0
BUY,238,NY,2020-07-28 09:30:00,2020-07-28 09:30:00,501.0,12.75,False,2020-07-28T13:30:00+00:00,0,False,False,0
BUY,242,PREMIUM,2020-07-30 18:00:00,2020-07-30 18:00:00,311.0,8.0,False,2020-07-30T22:00:00+00:00,0,False,False,0
BUY,244,WEEKLY,2020-08-02 18:00:00,2020-08-02 18:00:00,311.0,8.0,False,2020-08-02T22:00:00+00:00,0,False,False,0
BUY,250,WEEKLY,2020-08-09 18:00:00,2020-08-09 18:00:00,311.0,8.0,False,2020-08-09T22:00:00+00:00,0,False,False,0
BUY,279,NY,2020-09-03 09:30:00,2020-09-03 09:30:00,501.0,12.75,False,2020-09-03T13:30:00+00:00,0,False,False,0
BUY,282,WEEKLY,2020-09-06 18:00:00,2020-09-06 18:00:00,311.0,8.0,False,2020-09-06T22:00:00+00:00,0,False,False,0
BUY,286,NY,2020-09-09 09:30:00,2020-09-09 09:30:00,501.0,12.75,False,2020-09-09T13:30:00+00:00,0,False,False,0
BUY,287,WEAK,2020-09-09 18:00:00,2020-09-09 18:00:00,155.5,8.0,False,2020-09-09T22:00:00+00:00,0,False,False,0
BUY,288,NY,2020-09-10 09:30:00,2020-09-10 09:30:00,501.0,12.75,False,2020-09-10T13:30:00+00:00,0,False,False,0
BUY,289,WEAK,2020-09-10 18:00:00,2020-09-10 18:00:00,155.5,8.0,False,2020-09-10T22:00:00+00:00,0,False,False,0
BUY,290,NY,2020-09-11 09:30:00,2020-09-11 09:30:00,501.0,12.75,False,2020-09-11T13:30:00+00:00,0,False,False,0
BUY,291,WEEKLY,2020-09-13 18:00:00,2020-09-13 18:00:00,311.0,8.0,False,2020-09-13T22:00:00+00:00,0,False,False,0
BUY,292,NY,2020-09-14 09:30:00,2020-09-14 09:30:00,501.0,12.75,False,2020-09-14T13:30:00+00:00,0,False,False,0
BUY,295,WEAK,2020-09-16 18:00:00,2020-09-16 18:00:00,155.5,8.0,False,2020-09-16T22:00:00+00:00,0,False,False,0
BUY,298,NY,2020-09-18 09:30:00,2020-09-18 09:30:00,501.0,12.75,False,2020-09-18T13:30:00+00:00,0,False,False,0
BUY,299,WEEKLY,2020-09-20 18:00:00,2020-09-20 18:00:00,311.0,8.0,False,2020-09-20T22:00:00+00:00,0,False,False,0
BUY,301,WEAK,2020-09-21 18:00:00,2020-09-21 18:00:00,155.5,8.0,False,2020-09-21T22:00:00+00:00,0,False,False,0
BUY,305,PREMIUM,2020-09-24 18:00:00,2020-09-24 18:00:00,311.0,8.0,False,2020-09-24T22:00:00+00:00,0,False,False,0
BUY,306,NY,2020-09-25 09:30:00,2020-09-25 09:30:00,501.0,12.75,False,2020-09-25T13:30:00+00:00,0,False,False,0
BUY,307,WEEKLY,2020-09-27 18:00:00,2020-09-27 18:00:00,311.0,8.0,False,2020-09-27T22:00:00+00:00,0,False,False,0
BUY,314,WEEKLY,2020-10-04 18:00:00,2020-10-04 18:00:00,311.0,8.0,False,2020-10-04T22:00:00+00:00,0,False,False,0
BUY,331,WEEKLY,2020-10-18 18:00:00,2020-10-18 18:00:00,311.0,8.0,False,2020-10-18T22:00:00+00:00,0,False,False,0
BUY,333,PREMIUM,2020-10-19 18:00:00,2020-10-19 18:00:00,311.0,8.0,False,2020-10-19T22:00:00+00:00,0,False,False,0
BUY,341,NY,2020-10-27 09:30:00,2020-10-27 09:30:00,501.0,12.75,False,2020-10-27T13:30:00+00:00,0,False,False,0
BUY,343,NY,2020-10-28 09:30:00,2020-10-28 09:30:00,501.0,12.75,False,2020-10-28T13:30:00+00:00,0,False,False,0
BUY,344,PREMIUM,2020-10-28 18:00:00,2020-10-28 18:00:00,311.0,8.0,False,2020-10-28T22:00:00+00:00,0,False,False,0
BUY,349,NY,2020-11-02 09:30:00,2020-11-02 09:30:00,501.0,12.75,False,2020-11-02T14:30:00+00:00,0,False,False,0
BUY,353,PREMIUM,2020-11-04 18:00:00,2020-11-04 18:00:00,311.0,8.0,False,2020-11-04T23:00:00+00:00,0,False,False,0
BUY,356,NY,2020-11-06 09:30:00,2020-11-06 09:30:00,501.0,12.75,False,2020-11-06T14:30:00+00:00,0,False,False,0
BUY,358,NY,2020-11-09 09:30:00,2020-11-09 09:30:00,501.0,12.75,False,2020-11-09T14:30:00+00:00,0,False,False,0
BUY,365,WEEKLY,2020-11-15 18:00:00,2020-11-15 18:00:00,311.0,8.0,False,2020-11-15T23:00:00+00:00,0,False,False,0
BUY,371,NY,2020-11-19 09:30:00,2020-11-19 09:30:00,501.0,12.75,False,2020-11-19T14:30:00+00:00,0,False,False,0
BUY,384,WEAK,2020-12-01 18:00:00,2020-12-01 18:00:00,155.5,8.0,False,2020-12-01T23:00:00+00:00,0,False,False,0
BUY,393,NY,2020-12-10 09:30:00,2020-12-10 09:30:00,501.0,12.75,False,2020-12-10T14:30:00+00:00,0,False,False,0
BUY,394,NY,2020-12-11 09:30:00,2020-12-11 09:30:00,501.0,12.75,False,2020-12-11T14:30:00+00:00,0,False,False,0
BUY,397,NY,2020-12-15 09:30:00,2020-12-15 09:30:00,501.0,12.75,False,2020-12-15T14:30:00+00:00,0,False,False,0
BUY,401,NY,2020-12-18 09:30:00,2020-12-18 09:30:00,501.0,12.75,False,2020-12-18T14:30:00+00:00,0,False,False,0
BUY,402,WEEKLY,2020-12-20 18:00:00,2020-12-20 18:00:00,311.0,8.0,False,2020-12-20T23:00:00+00:00,0,False,False,0
BUY,411,WEAK,2020-12-30 18:00:00,2020-12-30 18:00:00,155.5,8.0,False,2020-12-30T23:00:00+00:00,0,False,False,0
BUY,413,WEEKLY,2021-01-03 18:00:00,2021-01-03 18:00:00,311.0,8.0,False,2021-01-03T23:00:00+00:00,0,False,False,0
BUY,418,NY,2021-01-06 09:30:00,2021-01-06 09:30:00,501.0,12.75,False,2021-01-06T14:30:00+00:00,0,False,False,0
BUY,422,NY,2021-01-08 09:30:00,2021-01-08 09:30:00,501.0,12.75,False,2021-01-08T14:30:00+00:00,0,False,False,0
BUY,423,WEEKLY,2021-01-10 18:00:00,2021-01-10 18:00:00,311.0,8.0,False,2021-01-10T23:00:00+00:00,0,False,False,0
BUY,436,WEAK,2021-01-20 18:00:00,2021-01-20 18:00:00,155.5,8.0,False,2021-01-20T23:00:00+00:00,0,False,False,0
BUY,438,NY,2021-01-22 09:30:00,2021-01-22 09:30:00,501.0,12.75,False,2021-01-22T14:30:00+00:00,0,False,False,0
BUY,447,PREMIUM,2021-01-28 18:00:00,2021-01-28 18:00:00,311.0,8.0,False,2021-01-28T23:00:00+00:00,0,False,False,0
BUY,449,WEEKLY,2021-01-31 18:00:00,2021-01-31 18:00:00,311.0,8.0,False,2021-01-31T23:00:00+00:00,0,False,False,0
BUY,454,NY,2021-02-03 09:30:00,2021-02-03 09:30:00,501.0,12.75,False,2021-02-03T14:30:00+00:00,0,False,False,0
BUY,455,PREMIUM,2021-02-03 18:00:00,2021-02-03 18:00:00,311.0,8.0,False,2021-02-03T23:00:00+00:00,0,False,False,0
BUY,456,NY,2021-02-04 09:30:00,2021-02-04 09:30:00,501.0,12.75,False,2021-02-04T14:30:00+00:00,0,False,False,0
BUY,460,NY,2021-02-09 09:30:00,2021-02-09 09:30:00,501.0,12.75,False,2021-02-09T14:30:00+00:00,0,False,False,0
BUY,465,WEEKLY,2021-02-14 18:00:00,2021-02-14 18:00:00,311.0,8.0,False,2021-02-14T23:00:00+00:00,0,False,False,0
BUY,469,NY,2021-02-17 09:30:00,2021-02-17 09:30:00,501.0,12.75,False,2021-02-17T14:30:00+00:00,0,False,False,0
BUY,472,WEEKLY,2021-02-21 18:00:00,2021-02-21 18:00:00,311.0,8.0,False,2021-02-21T23:00:00+00:00,0,False,False,0
BUY,473,NY,2021-02-22 09:30:00,2021-02-22 09:30:00,501.0,12.75,False,2021-02-22T14:30:00+00:00,0,False,False,0
BUY,474,NY,2021-02-23 09:30:00,2021-02-23 09:30:00,501.0,12.75,False,2021-02-23T14:30:00+00:00,0,False,False,0
BUY,479,PREMIUM,2021-02-25 18:00:00,2021-02-25 18:00:00,311.0,8.0,False,2021-02-25T23:00:00+00:00,0,False,False,0
BUY,482,NY,2021-03-01 09:30:00,2021-03-01 09:30:00,501.0,12.75,False,2021-03-01T14:30:00+00:00,0,False,False,0
BUY,488,WEAK,2021-03-04 18:00:00,2021-03-04 18:00:00,155.5,8.0,False,2021-03-04T23:00:00+00:00,0,False,False,0
BUY,489,NY,2021-03-05 09:30:00,2021-03-05 09:30:00,501.0,12.75,False,2021-03-05T14:30:00+00:00,0,False,False,0
BUY,497,WEEKLY,2021-03-14 18:00:00,2021-03-14 18:00:00,311.0,8.0,False,2021-03-14T22:00:00+00:00,0,False,False,0
BUY,499,NY,2021-03-16 09:30:00,2021-03-16 09:30:00,501.0,12.75,False,2021-03-16T13:30:00+00:00,0,False,False,0
BUY,503,WEAK,2021-03-18 18:00:00,2021-03-18 18:00:00,155.5,8.0,False,2021-03-18T22:00:00+00:00,0,False,False,0
BUY,506,NY,2021-03-22 09:30:00,2021-03-22 09:30:00,501.0,12.75,False,2021-03-22T13:30:00+00:00,0,False,False,0
BUY,510,NY,2021-03-25 09:30:00,2021-03-25 09:30:00,501.0,12.75,False,2021-03-25T13:30:00+00:00,0,False,False,0
BUY,514,NY,2021-03-30 09:30:00,2021-03-30 09:30:00,501.0,12.75,False,2021-03-30T13:30:00+00:00,0,False,False,0
BUY,522,NY,2021-04-08 09:30:00,2021-04-08 09:30:00,501.0,12.75,False,2021-04-08T13:30:00+00:00,0,False,False,0
BUY,532,WEEKLY,2021-04-18 18:00:00,2021-04-18 18:00:00,311.0,8.0,False,2021-04-18T22:00:00+00:00,0,False,False,0
BUY,539,NY,2021-04-23 09:30:00,2021-04-23 09:30:00,501.0,12.75,False,2021-04-23T13:30:00+00:00,0,False,False,0
BUY,546,NY,2021-04-29 09:30:00,2021-04-29 09:30:00,501.0,12.75,False,2021-04-29T13:30:00+00:00,0,False,False,0
BUY,551,NY,2021-05-04 09:30:00,2021-05-04 09:30:00,501.0,12.75,False,2021-05-04T13:30:00+00:00,0,False,False,0
BUY,553,WEAK,2021-05-05 18:00:00,2021-05-05 18:00:00,155.5,8.0,False,2021-05-05T22:00:00+00:00,0,False,False,0
BUY,560,NY,2021-05-11 09:30:00,2021-05-11 09:30:00,501.0,12.75,False,2021-05-11T13:30:00+00:00,0,False,False,0
BUY,562,PREMIUM,2021-05-12 18:00:00,2021-05-12 18:00:00,311.0,8.0,False,2021-05-12T22:00:00+00:00,0,False,False,0
BUY,568,WEAK,2021-05-18 18:00:00,2021-05-18 18:00:00,155.5,8.0,False,2021-05-18T22:00:00+00:00,0,False,False,0
BUY,572,NY,2021-05-21 09:30:00,2021-05-21 09:30:00,501.0,12.75,False,2021-05-21T13:30:00+00:00,0,False,False,0
BUY,573,WEEKLY,2021-05-23 18:00:00,2021-05-23 18:00:00,311.0,8.0,False,2021-05-23T22:00:00+00:00,0,False,False,0
BUY,606,NY,2021-06-21 09:30:00,2021-06-21 09:30:00,501.0,12.75,False,2021-06-21T13:30:00+00:00,0,False,False,0
BUY,626,WEEKLY,2021-07-11 18:00:00,2021-07-11 18:00:00,311.0,8.0,False,2021-07-11T22:00:00+00:00,0,False,False,0
BUY,635,NY,2021-07-19 09:30:00,2021-07-19 09:30:00,501.0,12.75,False,2021-07-19T13:30:00+00:00,0,False,False,0
BUY,641,NY,2021-07-22 09:30:00,2021-07-22 09:30:00,501.0,12.75,False,2021-07-22T13:30:00+00:00,0,False,False,0
BUY,681,NY,2021-08-26 09:30:00,2021-08-26 09:30:00,501.0,12.75,False,2021-08-26T13:30:00+00:00,0,False,False,0
BUY,685,NY,2021-08-30 09:30:00,2021-08-30 09:30:00,501.0,12.75,False,2021-08-30T13:30:00+00:00,0,False,False,0
BUY,694,NY,2021-09-07 09:30:00,2021-09-07 09:30:00,501.0,12.75,False,2021-09-07T13:30:00+00:00,0,False,False,0
BUY,699,NY,2021-09-10 09:30:00,2021-09-10 09:30:00,501.0,12.75,False,2021-09-10T13:30:00+00:00,0,False,False,0
BUY,701,NY,2021-09-13 09:30:00,2021-09-13 09:30:00,501.0,12.75,False,2021-09-13T13:30:00+00:00,0,False,False,0
BUY,711,NY,2021-09-21 09:30:00,2021-09-21 09:30:00,501.0,12.75,False,2021-09-21T13:30:00+00:00,0,False,False,0
BUY,718,WEEKLY,2021-09-26 18:00:00,2021-09-26 18:00:00,311.0,8.0,False,2021-09-26T22:00:00+00:00,0,False,False,0
BUY,719,NY,2021-09-27 09:30:00,2021-09-27 09:30:00,501.0,12.75,False,2021-09-27T13:30:00+00:00,0,False,False,0
BUY,721,WEAK,2021-09-28 18:00:00,2021-09-28 18:00:00,155.5,8.0,False,2021-09-28T22:00:00+00:00,0,False,False,0
BUY,725,NY,2021-10-01 09:30:00,2021-10-01 09:30:00,501.0,12.75,False,2021-10-01T13:30:00+00:00,0,False,False,0
BUY,727,NY,2021-10-04 09:30:00,2021-10-04 09:30:00,501.0,12.75,False,2021-10-04T13:30:00+00:00,0,False,False,0
BUY,735,WEEKLY,2021-10-10 18:00:00,2021-10-10 18:00:00,311.0,8.0,False,2021-10-10T22:00:00+00:00,0,False,False,0
BUY,737,NY,2021-10-12 09:30:00,2021-10-12 09:30:00,501.0,12.75,False,2021-10-12T13:30:00+00:00,0,False,False,0
BUY,739,NY,2021-10-13 09:30:00,2021-10-13 09:30:00,501.0,12.75,False,2021-10-13T13:30:00+00:00,0,False,False,0
BUY,742,WEEKLY,2021-10-17 18:00:00,2021-10-17 18:00:00,311.0,8.0,False,2021-10-17T22:00:00+00:00,0,False,False,0
BUY,748,NY,2021-10-22 09:30:00,2021-10-22 09:30:00,501.0,12.75,False,2021-10-22T13:30:00+00:00,0,False,False,0
BUY,755,WEAK,2021-10-27 18:00:00,2021-10-27 18:00:00,155.5,8.0,False,2021-10-27T22:00:00+00:00,0,False,False,0
BUY,759,WEEKLY,2021-10-31 18:00:00,2021-10-31 18:00:00,311.0,8.0,False,2021-10-31T22:00:00+00:00,0,False,False,0
BUY,762,NY,2021-11-03 09:30:00,2021-11-03 09:30:00,501.0,12.75,False,2021-11-03T13:30:00+00:00,0,False,False,0
BUY,764,NY,2021-11-05 09:30:00,2021-11-05 09:30:00,501.0,12.75,False,2021-11-05T13:30:00+00:00,0,False,False,0
BUY,765,WEEKLY,2021-11-07 18:00:00,2021-11-07 18:00:00,311.0,8.0,False,2021-11-07T23:00:00+00:00,0,False,False,0
BUY,775,WEAK,2021-11-17 18:00:00,2021-11-17 18:00:00,155.5,8.0,False,2021-11-17T23:00:00+00:00,0,False,False,0
BUY,780,NY,2021-11-22 09:30:00,2021-11-22 09:30:00,501.0,12.75,False,2021-11-22T14:30:00+00:00,0,False,False,0
BUY,782,NY,2021-11-23 09:30:00,2021-11-23 09:30:00,501.0,12.75,False,2021-11-23T14:30:00+00:00,0,False,False,0
BUY,788,NY,2021-11-30 09:30:00,2021-11-30 09:30:00,501.0,12.75,False,2021-11-30T14:30:00+00:00,0,False,False,0
BUY,789,PREMIUM,2021-11-30 18:00:00,2021-11-30 18:00:00,311.0,8.0,False,2021-11-30T23:00:00+00:00,0,False,False,0
BUY,790,NY,2021-12-01 09:30:00,2021-12-01 09:30:00,501.0,12.75,False,2021-12-01T14:30:00+00:00,0,False,False,0
BUY,791,WEAK,2021-12-01 18:00:00,2021-12-01 18:00:00,155.5,8.0,False,2021-12-01T23:00:00+00:00,0,False,False,0
BUY,795,WEEKLY,2021-12-05 18:00:00,2021-12-05 18:00:00,311.0,8.0,False,2021-12-05T23:00:00+00:00,0,False,False,0
BUY,796,NY,2021-12-06 09:30:00,2021-12-06 09:30:00,501.0,12.75,False,2021-12-06T14:30:00+00:00,0,False,False,0
BUY,804,NY,2021-12-15 09:30:00,2021-12-15 09:30:00,501.0,12.75,False,2021-12-15T14:30:00+00:00,0,False,False,0
BUY,808,NY,2021-12-20 09:30:00,2021-12-20 09:30:00,501.0,12.75,False,2021-12-20T14:30:00+00:00,0,False,False,0
BUY,812,WEEKLY,2021-12-26 18:00:00,2021-12-26 18:00:00,311.0,8.0,False,2021-12-26T23:00:00+00:00,0,False,False,0
BUY,818,WEEKLY,2022-01-02 18:00:00,2022-01-02 18:00:00,311.0,8.0,False,2022-01-02T23:00:00+00:00,0,False,False,0
BUY,821,NY,2022-01-05 09:30:00,2022-01-05 09:30:00,501.0,12.75,False,2022-01-05T14:30:00+00:00,0,False,False,0
BUY,825,NY,2022-01-07 09:30:00,2022-01-07 09:30:00,501.0,12.75,False,2022-01-07T14:30:00+00:00,0,False,False,0
BUY,826,WEEKLY,2022-01-09 18:00:00,2022-01-09 18:00:00,311.0,8.0,False,2022-01-09T23:00:00+00:00,0,False,False,0
BUY,827,NY,2022-01-10 09:30:00,2022-01-10 09:30:00,501.0,12.75,False,2022-01-10T14:30:00+00:00,0,False,False,0
BUY,829,NY,2022-01-11 09:30:00,2022-01-11 09:30:00,501.0,12.75,False,2022-01-11T14:30:00+00:00,0,False,False,0
BUY,831,NY,2022-01-13 09:30:00,2022-01-13 09:30:00,501.0,12.75,False,2022-01-13T14:30:00+00:00,0,False,False,0
BUY,836,NY,2022-01-18 09:30:00,2022-01-18 09:30:00,501.0,12.75,False,2022-01-18T14:30:00+00:00,0,False,False,0
BUY,843,NY,2022-01-24 09:30:00,2022-01-24 09:30:00,501.0,12.75,False,2022-01-24T14:30:00+00:00,0,False,False,0
BUY,846,PREMIUM,2022-01-25 18:00:00,2022-01-25 18:00:00,311.0,8.0,False,2022-01-25T23:00:00+00:00,0,False,False,0
BUY,847,NY,2022-01-26 09:30:00,2022-01-26 09:30:00,501.0,12.75,False,2022-01-26T14:30:00+00:00,0,False,False,0
BUY,849,NY,2022-01-27 09:30:00,2022-01-27 09:30:00,501.0,12.75,False,2022-01-27T14:30:00+00:00,0,False,False,0
BUY,850,PREMIUM,2022-01-27 18:00:00,2022-01-27 18:00:00,311.0,8.0,False,2022-01-27T23:00:00+00:00,0,False,False,0
BUY,851,NY,2022-01-28 09:30:00,2022-01-28 09:30:00,501.0,12.75,False,2022-01-28T14:30:00+00:00,0,False,False,0
BUY,852,WEEKLY,2022-01-30 18:00:00,2022-01-30 18:00:00,311.0,8.0,False,2022-01-30T23:00:00+00:00,0,False,False,0
BUY,853,NY,2022-01-31 09:30:00,2022-01-31 09:30:00,501.0,12.75,False,2022-01-31T14:30:00+00:00,0,False,False,0
BUY,857,PREMIUM,2022-02-02 18:00:00,2022-02-02 18:00:00,311.0,8.0,False,2022-02-02T23:00:00+00:00,0,False,False,0
BUY,860,NY,2022-02-04 09:30:00,2022-02-04 09:30:00,501.0,12.75,False,2022-02-04T14:30:00+00:00,0,False,False,0
BUY,861,WEEKLY,2022-02-06 18:00:00,2022-02-06 18:00:00,311.0,8.0,False,2022-02-06T23:00:00+00:00,0,False,False,0
BUY,862,NY,2022-02-07 09:30:00,2022-02-07 09:30:00,501.0,12.75,False,2022-02-07T14:30:00+00:00,0,False,False,0
BUY,864,NY,2022-02-09 09:30:00,2022-02-09 09:30:00,501.0,12.75,False,2022-02-09T14:30:00+00:00,0,False,False,0
BUY,868,WEEKLY,2022-02-13 18:00:00,2022-02-13 18:00:00,311.0,8.0,False,2022-02-13T23:00:00+00:00,0,False,False,0
BUY,875,NY,2022-02-18 09:30:00,2022-02-18 09:30:00,501.0,12.75,False,2022-02-18T14:30:00+00:00,0,False,False,0
BUY,888,NY,2022-03-02 09:30:00,2022-03-02 09:30:00,501.0,12.75,False,2022-03-02T14:30:00+00:00,0,False,False,0
BUY,891,NY,2022-03-04 09:30:00,2022-03-04 09:30:00,501.0,12.75,False,2022-03-04T14:30:00+00:00,0,False,False,0
BUY,895,NY,2022-03-08 09:30:00,2022-03-08 09:30:00,501.0,12.75,False,2022-03-08T14:30:00+00:00,0,False,False,0
BUY,896,NY,2022-03-09 09:30:00,2022-03-09 09:30:00,501.0,12.75,False,2022-03-09T14:30:00+00:00,0,False,False,0
BUY,898,NY,2022-03-10 09:30:00,2022-03-10 09:30:00,501.0,12.75,False,2022-03-10T14:30:00+00:00,0,False,False,0
BUY,905,NY,2022-03-17 09:30:00,2022-03-17 09:30:00,501.0,12.75,False,2022-03-17T13:30:00+00:00,0,False,False,0
BUY,907,NY,2022-03-18 09:30:00,2022-03-18 09:30:00,501.0,12.75,False,2022-03-18T13:30:00+00:00,0,False,False,0
BUY,911,NY,2022-03-23 09:30:00,2022-03-23 09:30:00,501.0,12.75,False,2022-03-23T13:30:00+00:00,0,False,False,0
BUY,914,WEEKLY,2022-03-27 18:00:00,2022-03-27 18:00:00,311.0,8.0,False,2022-03-27T22:00:00+00:00,0,False,False,0
BUY,927,NY,2022-04-11 09:30:00,2022-04-11 09:30:00,501.0,12.75,False,2022-04-11T13:30:00+00:00,0,False,False,0
BUY,929,NY,2022-04-13 09:30:00,2022-04-13 09:30:00,501.0,12.75,False,2022-04-13T13:30:00+00:00,0,False,False,0
BUY,931,WEEKLY,2022-04-17 18:00:00,2022-04-17 18:00:00,311.0,8.0,False,2022-04-17T22:00:00+00:00,0,False,False,0
BUY,934,NY,2022-04-20 09:30:00,2022-04-20 09:30:00,501.0,12.75,False,2022-04-20T13:30:00+00:00,0,False,False,0
BUY,938,WEEKLY,2022-04-24 18:00:00,2022-04-24 18:00:00,311.0,8.0,False,2022-04-24T22:00:00+00:00,0,False,False,0
BUY,945,PREMIUM,2022-04-28 18:00:00,2022-04-28 18:00:00,311.0,8.0,False,2022-04-28T22:00:00+00:00,0,False,False,0
BUY,947,WEEKLY,2022-05-01 18:00:00,2022-05-01 18:00:00,311.0,8.0,False,2022-05-01T22:00:00+00:00,0,False,False,0
BUY,954,NY,2022-05-06 09:30:00,2022-05-06 09:30:00,501.0,12.75,False,2022-05-06T13:30:00+00:00,0,False,False,0
BUY,955,WEEKLY,2022-05-08 18:00:00,2022-05-08 18:00:00,311.0,8.0,False,2022-05-08T22:00:00+00:00,0,False,False,0
BUY,961,PREMIUM,2022-05-12 18:00:00,2022-05-12 18:00:00,311.0,8.0,False,2022-05-12T22:00:00+00:00,0,False,False,0
BUY,962,NY,2022-05-13 09:30:00,2022-05-13 09:30:00,501.0,12.75,False,2022-05-13T13:30:00+00:00,0,False,False,0
BUY,964,NY,2022-05-16 09:30:00,2022-05-16 09:30:00,501.0,12.75,False,2022-05-16T13:30:00+00:00,0,False,False,0
BUY,965,NY,2022-05-17 09:30:00,2022-05-17 09:30:00,501.0,12.75,False,2022-05-17T13:30:00+00:00,0,False,False,0
BUY,968,NY,2022-05-19 09:30:00,2022-05-19 09:30:00,501.0,12.75,False,2022-05-19T13:30:00+00:00,0,False,False,0
BUY,969,NY,2022-05-20 09:30:00,2022-05-20 09:30:00,501.0,12.75,False,2022-05-20T13:30:00+00:00,0,False,False,0
BUY,971,NY,2022-05-23 09:30:00,2022-05-23 09:30:00,501.0,12.75,False,2022-05-23T13:30:00+00:00,0,False,False,0
BUY,972,NY,2022-05-24 09:30:00,2022-05-24 09:30:00,501.0,12.75,False,2022-05-24T13:30:00+00:00,0,False,False,0
BUY,974,WEAK,2022-05-25 18:00:00,2022-05-25 18:00:00,155.5,8.0,False,2022-05-25T22:00:00+00:00,0,False,False,0
BUY,981,NY,2022-06-02 09:30:00,2022-06-02 09:30:00,501.0,12.75,False,2022-06-02T13:30:00+00:00,0,False,False,0
BUY,983,WEEKLY,2022-06-05 18:00:00,2022-06-05 18:00:00,311.0,8.0,False,2022-06-05T22:00:00+00:00,0,False,False,0
BUY,985,NY,2022-06-07 09:30:00,2022-06-07 09:30:00,501.0,12.75,False,2022-06-07T13:30:00+00:00,0,False,False,0
BUY,986,NY,2022-06-08 09:30:00,2022-06-08 09:30:00,501.0,12.75,False,2022-06-08T13:30:00+00:00,0,False,False,0
BUY,988,NY,2022-06-10 09:30:00,2022-06-10 09:30:00,501.0,12.75,False,2022-06-10T13:30:00+00:00,0,False,False,0
BUY,991,NY,2022-06-14 09:30:00,2022-06-14 09:30:00,501.0,12.75,False,2022-06-14T13:30:00+00:00,0,False,False,0
BUY,994,WEAK,2022-06-15 18:00:00,2022-06-15 18:00:00,155.5,8.0,False,2022-06-15T22:00:00+00:00,0,False,False,0
BUY,995,NY,2022-06-16 09:30:00,2022-06-16 09:30:00,501.0,12.75,False,2022-06-16T13:30:00+00:00,0,False,False,0
BUY,1002,NY,2022-06-23 09:30:00,2022-06-23 09:30:00,501.0,12.75,False,2022-06-23T13:30:00+00:00,0,False,False,0
BUY,1003,PREMIUM,2022-06-23 18:00:00,2022-06-23 18:00:00,311.0,8.0,False,2022-06-23T22:00:00+00:00,0,False,False,0
BUY,1006,NY,2022-06-27 09:30:00,2022-06-27 09:30:00,501.0,12.75,False,2022-06-27T13:30:00+00:00,0,False,False,0
BUY,1008,NY,2022-06-29 09:30:00,2022-06-29 09:30:00,501.0,12.75,False,2022-06-29T13:30:00+00:00,0,False,False,0
BUY,1009,NY,2022-06-30 09:30:00,2022-06-30 09:30:00,501.0,12.75,False,2022-06-30T13:30:00+00:00,0,False,False,0
BUY,1021,NY,2022-07-14 09:30:00,2022-07-14 09:30:00,501.0,12.75,False,2022-07-14T13:30:00+00:00,0,False,False,0
BUY,1023,WEEKLY,2022-07-17 18:00:00,2022-07-17 18:00:00,311.0,8.0,False,2022-07-17T22:00:00+00:00,0,False,False,0
BUY,1024,NY,2022-07-18 09:30:00,2022-07-18 09:30:00,501.0,12.75,False,2022-07-18T13:30:00+00:00,0,False,False,0
BUY,1026,NY,2022-07-20 09:30:00,2022-07-20 09:30:00,501.0,12.75,False,2022-07-20T13:30:00+00:00,0,False,False,0
BUY,1027,NY,2022-07-21 09:30:00,2022-07-21 09:30:00,501.0,12.75,False,2022-07-21T13:30:00+00:00,0,False,False,0
BUY,1029,WEEKLY,2022-07-24 18:00:00,2022-07-24 18:00:00,311.0,8.0,False,2022-07-24T22:00:00+00:00,0,False,False,0
BUY,1032,PREMIUM,2022-07-26 18:00:00,2022-07-26 18:00:00,311.0,8.0,False,2022-07-26T22:00:00+00:00,0,False,False,0
BUY,1033,NY,2022-07-27 09:30:00,2022-07-27 09:30:00,501.0,12.75,False,2022-07-27T13:30:00+00:00,0,False,False,0
BUY,1036,NY,2022-07-29 09:30:00,2022-07-29 09:30:00,501.0,12.75,False,2022-07-29T13:30:00+00:00,0,False,False,0
BUY,1037,WEEKLY,2022-07-31 18:00:00,2022-07-31 18:00:00,311.0,8.0,False,2022-07-31T22:00:00+00:00,0,False,False,0
BUY,1038,NY,2022-08-01 09:30:00,2022-08-01 09:30:00,501.0,12.75,False,2022-08-01T13:30:00+00:00,0,False,False,0
BUY,1041,NY,2022-08-04 09:30:00,2022-08-04 09:30:00,501.0,12.75,False,2022-08-04T13:30:00+00:00,0,False,False,0
BUY,1047,NY,2022-08-10 09:30:00,2022-08-10 09:30:00,501.0,12.75,False,2022-08-10T13:30:00+00:00,0,False,False,0
BUY,1048,NY,2022-08-11 09:30:00,2022-08-11 09:30:00,501.0,12.75,False,2022-08-11T13:30:00+00:00,0,False,False,0
BUY,1049,NY,2022-08-12 09:30:00,2022-08-12 09:30:00,501.0,12.75,False,2022-08-12T13:30:00+00:00,0,False,False,0
BUY,1051,NY,2022-08-15 09:30:00,2022-08-15 09:30:00,501.0,12.75,False,2022-08-15T13:30:00+00:00,0,False,False,0
BUY,1067,NY,2022-08-30 09:30:00,2022-08-30 09:30:00,501.0,12.75,False,2022-08-30T13:30:00+00:00,0,False,False,0
BUY,1070,NY,2022-09-01 09:30:00,2022-09-01 09:30:00,501.0,12.75,False,2022-09-01T13:30:00+00:00,0,False,False,0
BUY,1072,WEEKLY,2022-09-04 18:00:00,2022-09-04 18:00:00,311.0,8.0,False,2022-09-04T22:00:00+00:00,0,False,False,0
BUY,1078,WEEKLY,2022-09-11 18:00:00,2022-09-11 18:00:00,311.0,8.0,False,2022-09-11T22:00:00+00:00,0,False,False,0
BUY,1082,NY,2022-09-15 09:30:00,2022-09-15 09:30:00,501.0,12.75,False,2022-09-15T13:30:00+00:00,0,False,False,0
BUY,1085,WEEKLY,2022-09-18 18:00:00,2022-09-18 18:00:00,311.0,8.0,False,2022-09-18T22:00:00+00:00,0,False,False,0
BUY,1089,NY,2022-09-21 09:30:00,2022-09-21 09:30:00,501.0,12.75,False,2022-09-21T13:30:00+00:00,0,False,False,0
BUY,1094,WEEKLY,2022-09-25 18:00:00,2022-09-25 18:00:00,311.0,8.0,False,2022-09-25T22:00:00+00:00,0,False,False,0
BUY,1099,NY,2022-09-29 09:30:00,2022-09-29 09:30:00,501.0,12.75,False,2022-09-29T13:30:00+00:00,0,False,False,0
BUY,1102,NY,2022-10-03 09:30:00,2022-10-03 09:30:00,501.0,12.75,False,2022-10-03T13:30:00+00:00,0,False,False,0
BUY,1108,NY,2022-10-10 09:30:00,2022-10-10 09:30:00,501.0,12.75,False,2022-10-10T13:30:00+00:00,0,False,False,0
BUY,1109,NY,2022-10-11 09:30:00,2022-10-11 09:30:00,501.0,12.75,False,2022-10-11T13:30:00+00:00,0,False,False,0
BUY,1112,NY,2022-10-13 09:30:00,2022-10-13 09:30:00,501.0,12.75,False,2022-10-13T13:30:00+00:00,0,False,False,0
BUY,1113,NY,2022-10-14 09:30:00,2022-10-14 09:30:00,501.0,12.75,False,2022-10-14T13:30:00+00:00,0,False,False,0
BUY,1122,NY,2022-10-21 09:30:00,2022-10-21 09:30:00,501.0,12.75,False,2022-10-21T13:30:00+00:00,0,False,False,0
BUY,1126,PREMIUM,2022-10-25 18:00:00,2022-10-25 18:00:00,311.0,8.0,False,2022-10-25T22:00:00+00:00,0,False,False,0
BUY,1127,NY,2022-10-26 09:30:00,2022-10-26 09:30:00,501.0,12.75,False,2022-10-26T13:30:00+00:00,0,False,False,0
BUY,1129,NY,2022-10-27 09:30:00,2022-10-27 09:30:00,501.0,12.75,False,2022-10-27T13:30:00+00:00,0,False,False,0
BUY,1130,PREMIUM,2022-10-27 18:00:00,2022-10-27 18:00:00,311.0,8.0,False,2022-10-27T22:00:00+00:00,0,False,False,0
BUY,1133,NY,2022-10-31 09:30:00,2022-10-31 09:30:00,501.0,12.75,False,2022-10-31T13:30:00+00:00,0,False,False,0
BUY,1136,NY,2022-11-03 09:30:00,2022-11-03 09:30:00,501.0,12.75,False,2022-11-03T13:30:00+00:00,0,False,False,0
BUY,1137,NY,2022-11-04 09:30:00,2022-11-04 09:30:00,501.0,12.75,False,2022-11-04T13:30:00+00:00,0,False,False,0
BUY,1138,WEEKLY,2022-11-06 18:00:00,2022-11-06 18:00:00,311.0,8.0,False,2022-11-06T23:00:00+00:00,0,False,False,0
BUY,1139,NY,2022-11-07 09:30:00,2022-11-07 09:30:00,501.0,12.75,False,2022-11-07T14:30:00+00:00,0,False,False,0
BUY,1144,NY,2022-11-11 09:30:00,2022-11-11 09:30:00,501.0,12.75,False,2022-11-11T14:30:00+00:00,0,False,False,0
BUY,1163,NY,2022-12-01 09:30:00,2022-12-01 09:30:00,501.0,12.75,False,2022-12-01T14:30:00+00:00,0,False,False,0
BUY,1171,NY,2022-12-09 09:30:00,2022-12-09 09:30:00,501.0,12.75,False,2022-12-09T14:30:00+00:00,0,False,False,0
BUY,1176,NY,2022-12-15 09:30:00,2022-12-15 09:30:00,501.0,12.75,False,2022-12-15T14:30:00+00:00,0,False,False,0
BUY,1177,WEAK,2022-12-15 18:00:00,2022-12-15 18:00:00,155.5,8.0,False,2022-12-15T23:00:00+00:00,0,False,False,0
BUY,1181,NY,2022-12-20 09:30:00,2022-12-20 09:30:00,501.0,12.75,False,2022-12-20T14:30:00+00:00,0,False,False,0
BUY,1187,NY,2022-12-29 09:30:00,2022-12-29 09:30:00,501.0,12.75,False,2022-12-29T14:30:00+00:00,0,False,False,0
BUY,1189,NY,2023-01-03 09:30:00,2023-01-03 09:30:00,501.0,12.75,False,2023-01-03T14:30:00+00:00,0,False,False,0
BUY,1194,NY,2023-01-09 09:30:00,2023-01-09 09:30:00,501.0,12.75,False,2023-01-09T14:30:00+00:00,0,False,False,0
BUY,1196,NY,2023-01-11 09:30:00,2023-01-11 09:30:00,501.0,12.75,False,2023-01-11T14:30:00+00:00,0,False,False,0
BUY,1197,NY,2023-01-12 09:30:00,2023-01-12 09:30:00,501.0,12.75,False,2023-01-12T14:30:00+00:00,0,False,False,0
BUY,1206,WEEKLY,2023-01-22 18:00:00,2023-01-22 18:00:00,311.0,8.0,False,2023-01-22T23:00:00+00:00,0,False,False,0
BUY,1216,WEEKLY,2023-01-29 18:00:00,2023-01-29 18:00:00,311.0,8.0,False,2023-01-29T23:00:00+00:00,0,False,False,0
BUY,1222,PREMIUM,2023-02-02 18:00:00,2023-02-02 18:00:00,311.0,8.0,False,2023-02-02T23:00:00+00:00,0,False,False,0
BUY,1224,WEEKLY,2023-02-05 18:00:00,2023-02-05 18:00:00,311.0,8.0,False,2023-02-05T23:00:00+00:00,0,False,False,0
BUY,1227,NY,2023-02-08 09:30:00,2023-02-08 09:30:00,501.0,12.75,False,2023-02-08T14:30:00+00:00,0,False,False,0
BUY,1230,WEEKLY,2023-02-12 18:00:00,2023-02-12 18:00:00,311.0,8.0,False,2023-02-12T23:00:00+00:00,0,False,False,0
BUY,1249,WEEKLY,2023-03-05 18:00:00,2023-03-05 18:00:00,311.0,8.0,False,2023-03-05T23:00:00+00:00,0,False,False,0
BUY,1252,WEAK,2023-03-07 18:00:00,2023-03-07 18:00:00,155.5,8.0,False,2023-03-07T23:00:00+00:00,0,False,False,0
BUY,1257,WEEKLY,2023-03-12 18:00:00,2023-03-12 18:00:00,311.0,8.0,False,2023-03-12T22:00:00+00:00,0,False,False,0
BUY,1262,NY,2023-03-16 09:30:00,2023-03-16 09:30:00,501.0,12.75,False,2023-03-16T13:30:00+00:00,0,False,False,0
BUY,1271,NY,2023-03-24 09:30:00,2023-03-24 09:30:00,501.0,12.75,False,2023-03-24T13:30:00+00:00,0,False,False,0
BUY,1276,NY,2023-03-30 09:30:00,2023-03-30 09:30:00,501.0,12.75,False,2023-03-30T13:30:00+00:00,0,False,False,0
BUY,1278,WEEKLY,2023-04-02 18:00:00,2023-04-02 18:00:00,311.0,8.0,False,2023-04-02T22:00:00+00:00,0,False,False,0
BUY,1297,NY,2023-04-24 09:30:00,2023-04-24 09:30:00,501.0,12.75,False,2023-04-24T13:30:00+00:00,0,False,False,0
BUY,1304,PREMIUM,2023-04-27 18:00:00,2023-04-27 18:00:00,311.0,8.0,False,2023-04-27T22:00:00+00:00,0,False,False,0
BUY,1306,WEEKLY,2023-04-30 18:00:00,2023-04-30 18:00:00,311.0,8.0,False,2023-04-30T22:00:00+00:00,0,False,False,0
BUY,1332,NY,2023-05-24 09:30:00,2023-05-24 09:30:00,501.0,12.75,False,2023-05-24T13:30:00+00:00,0,False,False,0
BUY,1336,WEEKLY,2023-05-28 18:00:00,2023-05-28 18:00:00,311.0,8.0,False,2023-05-28T22:00:00+00:00,0,False,False,0
BUY,1338,NY,2023-05-30 09:30:00,2023-05-30 09:30:00,501.0,12.75,False,2023-05-30T13:30:00+00:00,0,False,False,0
BUY,1340,WEAK,2023-05-31 18:00:00,2023-05-31 18:00:00,155.5,8.0,False,2023-05-31T22:00:00+00:00,0,False,False,0
BUY,1342,NY,2023-06-02 09:30:00,2023-06-02 09:30:00,501.0,12.75,False,2023-06-02T13:30:00+00:00,0,False,False,0
BUY,1344,NY,2023-06-05 09:30:00,2023-06-05 09:30:00,501.0,12.75,False,2023-06-05T13:30:00+00:00,0,False,False,0
BUY,1346,NY,2023-06-07 09:30:00,2023-06-07 09:30:00,501.0,12.75,False,2023-06-07T13:30:00+00:00,0,False,False,0
BUY,1351,NY,2023-06-12 09:30:00,2023-06-12 09:30:00,501.0,12.75,False,2023-06-12T13:30:00+00:00,0,False,False,0
BUY,1352,NY,2023-06-13 09:30:00,2023-06-13 09:30:00,501.0,12.75,False,2023-06-13T13:30:00+00:00,0,False,False,0
BUY,1353,WEAK,2023-06-13 18:00:00,2023-06-13 18:00:00,155.5,8.0,False,2023-06-13T22:00:00+00:00,0,False,False,0
BUY,1356,NY,2023-06-15 09:30:00,2023-06-15 09:30:00,501.0,12.75,False,2023-06-15T13:30:00+00:00,0,False,False,0
BUY,1361,NY,2023-06-21 09:30:00,2023-06-21 09:30:00,501.0,12.75,False,2023-06-21T13:30:00+00:00,0,False,False,0
BUY,1367,NY,2023-06-27 09:30:00,2023-06-27 09:30:00,501.0,12.75,False,2023-06-27T13:30:00+00:00,0,False,False,0
BUY,1369,NY,2023-06-29 09:30:00,2023-06-29 09:30:00,501.0,12.75,False,2023-06-29T13:30:00+00:00,0,False,False,0
BUY,1371,WEEKLY,2023-07-02 18:00:00,2023-07-02 18:00:00,311.0,8.0,False,2023-07-02T22:00:00+00:00,0,False,False,0
BUY,1376,NY,2023-07-06 09:30:00,2023-07-06 09:30:00,501.0,12.75,False,2023-07-06T13:30:00+00:00,0,False,False,0
BUY,1381,NY,2023-07-12 09:30:00,2023-07-12 09:30:00,501.0,12.75,False,2023-07-12T13:30:00+00:00,0,False,False,0
BUY,1382,NY,2023-07-13 09:30:00,2023-07-13 09:30:00,501.0,12.75,False,2023-07-13T13:30:00+00:00,0,False,False,0
BUY,1383,NY,2023-07-14 09:30:00,2023-07-14 09:30:00,501.0,12.75,False,2023-07-14T13:30:00+00:00,0,False,False,0
BUY,1387,NY,2023-07-19 09:30:00,2023-07-19 09:30:00,501.0,12.75,False,2023-07-19T13:30:00+00:00,0,False,False,0
BUY,1390,NY,2023-07-21 09:30:00,2023-07-21 09:30:00,501.0,12.75,False,2023-07-21T13:30:00+00:00,0,False,False,0
BUY,1394,PREMIUM,2023-07-25 18:00:00,2023-07-25 18:00:00,311.0,8.0,False,2023-07-25T22:00:00+00:00,0,False,False,0
BUY,1395,NY,2023-07-26 09:30:00,2023-07-26 09:30:00,501.0,12.75,False,2023-07-26T13:30:00+00:00,0,False,False,0
BUY,1398,NY,2023-07-28 09:30:00,2023-07-28 09:30:00,501.0,12.75,False,2023-07-28T13:30:00+00:00,0,False,False,0
BUY,1419,NY,2023-08-17 09:30:00,2023-08-17 09:30:00,501.0,12.75,False,2023-08-17T13:30:00+00:00,0,False,False,0
BUY,1431,NY,2023-08-28 09:30:00,2023-08-28 09:30:00,501.0,12.75,False,2023-08-28T13:30:00+00:00,0,False,False,0
BUY,1435,NY,2023-09-01 09:30:00,2023-09-01 09:30:00,501.0,12.75,False,2023-09-01T13:30:00+00:00,0,False,False,0
BUY,1438,NY,2023-09-05 09:30:00,2023-09-05 09:30:00,501.0,12.75,False,2023-09-05T13:30:00+00:00,0,False,False,0
BUY,1446,NY,2023-09-14 09:30:00,2023-09-14 09:30:00,501.0,12.75,False,2023-09-14T13:30:00+00:00,0,False,False,0
BUY,1448,NY,2023-09-15 09:30:00,2023-09-15 09:30:00,501.0,12.75,False,2023-09-15T13:30:00+00:00,0,False,False,0
BUY,1453,PREMIUM,2023-09-20 18:00:00,2023-09-20 18:00:00,311.0,8.0,False,2023-09-20T22:00:00+00:00,0,False,False,0
BUY,1456,WEEKLY,2023-09-24 18:00:00,2023-09-24 18:00:00,311.0,8.0,False,2023-09-24T22:00:00+00:00,0,False,False,0
BUY,1458,NY,2023-09-26 09:30:00,2023-09-26 09:30:00,501.0,12.75,False,2023-09-26T13:30:00+00:00,0,False,False,0
BUY,1461,NY,2023-09-28 09:30:00,2023-09-28 09:30:00,501.0,12.75,False,2023-09-28T13:30:00+00:00,0,False,False,0
BUY,1463,NY,2023-09-29 09:30:00,2023-09-29 09:30:00,501.0,12.75,False,2023-09-29T13:30:00+00:00,0,False,False,0
BUY,1477,WEEKLY,2023-10-15 18:00:00,2023-10-15 18:00:00,311.0,8.0,False,2023-10-15T22:00:00+00:00,0,False,False,0
BUY,1483,WEEKLY,2023-10-22 18:00:00,2023-10-22 18:00:00,311.0,8.0,False,2023-10-22T22:00:00+00:00,0,False,False,0
BUY,1484,NY,2023-10-23 09:30:00,2023-10-23 09:30:00,501.0,12.75,False,2023-10-23T13:30:00+00:00,0,False,False,0
BUY,1486,PREMIUM,2023-10-24 18:00:00,2023-10-24 18:00:00,311.0,8.0,False,2023-10-24T22:00:00+00:00,0,False,False,0
BUY,1491,NY,2023-10-27 09:30:00,2023-10-27 09:30:00,501.0,12.75,False,2023-10-27T13:30:00+00:00,0,False,False,0
BUY,1497,NY,2023-11-02 09:30:00,2023-11-02 09:30:00,501.0,12.75,False,2023-11-02T13:30:00+00:00,0,False,False,0
BUY,1504,NY,2023-11-09 09:30:00,2023-11-09 09:30:00,501.0,12.75,False,2023-11-09T14:30:00+00:00,0,False,False,0
BUY,1512,WEEKLY,2023-11-19 18:00:00,2023-11-19 18:00:00,311.0,8.0,False,2023-11-19T23:00:00+00:00,0,False,False,0
BUY,1513,NY,2023-11-20 09:30:00,2023-11-20 09:30:00,501.0,12.75,False,2023-11-20T14:30:00+00:00,0,False,False,0
BUY,1516,NY,2023-11-22 09:30:00,2023-11-22 09:30:00,501.0,12.75,False,2023-11-22T14:30:00+00:00,0,False,False,0
BUY,1518,NY,2023-11-24 09:30:00,2023-11-24 09:30:00,501.0,12.75,False,2023-11-24T14:30:00+00:00,0,False,False,0
BUY,1524,NY,2023-11-30 09:30:00,2023-11-30 09:30:00,501.0,12.75,False,2023-11-30T14:30:00+00:00,0,False,False,0
BUY,1528,NY,2023-12-04 09:30:00,2023-12-04 09:30:00,501.0,12.75,False,2023-12-04T14:30:00+00:00,0,False,False,0
BUY,1540,WEEKLY,2023-12-17 18:00:00,2023-12-17 18:00:00,311.0,8.0,False,2023-12-17T23:00:00+00:00,0,False,False,0
BUY,1544,PREMIUM,2023-12-20 18:00:00,2023-12-20 18:00:00,311.0,8.0,False,2023-12-20T23:00:00+00:00,0,False,False,0
BUY,1548,NY,2023-12-27 09:30:00,2023-12-27 09:30:00,511.0,13.0,False,2023-12-27T14:30:00+00:00,0,False,False,0
BUY,1552,NY,2024-01-03 09:30:00,2024-01-03 09:30:00,501.0,12.75,False,2024-01-03T14:30:00+00:00,0,False,False,0
BUY,1558,NY,2024-01-10 09:30:00,2024-01-10 09:30:00,501.0,12.75,False,2024-01-10T14:30:00+00:00,0,False,False,0
BUY,1564,NY,2024-01-17 09:30:00,2024-01-17 09:30:00,501.0,12.75,False,2024-01-17T14:30:00+00:00,0,False,False,0
BUY,1567,WEEKLY,2024-01-21 18:00:00,2024-01-21 18:00:00,311.0,8.0,False,2024-01-21T23:00:00+00:00,0,False,False,0
BUY,1575,NY,2024-01-26 09:30:00,2024-01-26 09:30:00,511.0,13.0,False,2024-01-26T14:30:00+00:00,0,False,False,0
BUY,1580,NY,2024-01-31 09:30:00,2024-01-31 09:30:00,511.0,13.0,False,2024-01-31T14:30:00+00:00,0,False,False,0
BUY,1584,NY,2024-02-02 09:30:00,2024-02-02 09:30:00,511.0,13.0,False,2024-02-02T14:30:00+00:00,0,False,False,0
BUY,1586,NY,2024-02-05 09:30:00,2024-02-05 09:30:00,531.0,13.5,False,2024-02-05T14:30:00+00:00,0,False,False,0
BUY,1592,NY,2024-02-12 09:30:00,2024-02-12 09:30:00,531.0,13.5,False,2024-02-12T14:30:00+00:00,0,False,False,0
BUY,1595,NY,2024-02-15 09:30:00,2024-02-15 09:30:00,531.0,13.5,False,2024-02-15T14:30:00+00:00,0,False,False,0
BUY,1602,NY,2024-02-21 09:30:00,2024-02-21 09:30:00,511.0,13.0,False,2024-02-21T14:30:00+00:00,0,False,False,0
BUY,1604,NY,2024-02-22 09:30:00,2024-02-22 09:30:00,531.0,13.5,False,2024-02-22T14:30:00+00:00,0,False,False,0
BUY,1610,NY,2024-02-28 09:30:00,2024-02-28 09:30:00,531.0,13.5,False,2024-02-28T14:30:00+00:00,0,False,False,0
BUY,1620,PREMIUM,2024-03-07 18:00:00,2024-03-07 18:00:00,321.0,8.25,False,2024-03-07T23:00:00+00:00,0,False,False,0
BUY,1622,WEEKLY,2024-03-10 18:00:00,2024-03-10 18:00:00,321.0,8.25,False,2024-03-10T22:00:00+00:00,0,False,False,0
BUY,1625,NY,2024-03-12 09:30:00,2024-03-12 09:30:00,541.0,13.75,False,2024-03-12T13:30:00+00:00,0,False,False,0
BUY,1629,NY,2024-03-15 09:30:00,2024-03-15 09:30:00,531.0,13.5,False,2024-03-15T13:30:00+00:00,0,False,False,0
BUY,1630,WEEKLY,2024-03-17 18:00:00,2024-03-17 18:00:00,321.0,8.25,False,2024-03-17T22:00:00+00:00,0,False,False,0
BUY,1661,NY,2024-04-16 09:30:00,2024-04-16 09:30:00,531.0,13.5,False,2024-04-16T13:30:00+00:00,0,False,False,0
BUY,1666,WEEKLY,2024-04-21 18:00:00,2024-04-21 18:00:00,311.0,8.0,False,2024-04-21T22:00:00+00:00,0,False,False,0
BUY,1667,NY,2024-04-22 09:30:00,2024-04-22 09:30:00,511.0,13.0,False,2024-04-22T13:30:00+00:00,0,False,False,0
BUY,1672,PREMIUM,2024-04-25 18:00:00,2024-04-25 18:00:00,321.0,8.25,False,2024-04-25T22:00:00+00:00,0,False,False,0
BUY,1678,NY,2024-05-01 09:30:00,2024-05-01 09:30:00,511.0,13.0,False,2024-05-01T13:30:00+00:00,0,False,False,0
BUY,1679,PREMIUM,2024-05-01 18:00:00,2024-05-01 18:00:00,311.0,8.0,False,2024-05-01T22:00:00+00:00,0,False,False,0
BUY,1680,NY,2024-05-02 09:30:00,2024-05-02 09:30:00,511.0,13.0,False,2024-05-02T13:30:00+00:00,0,False,False,0
BUY,1683,WEEKLY,2024-05-05 18:00:00,2024-05-05 18:00:00,321.0,8.25,False,2024-05-05T22:00:00+00:00,0,False,False,0
BUY,1695,WEEKLY,2024-05-19 18:00:00,2024-05-19 18:00:00,331.0,8.5,False,2024-05-19T22:00:00+00:00,0,False,False,0
BUY,1705,NY,2024-05-28 09:30:00,2024-05-28 09:30:00,541.0,13.75,False,2024-05-28T13:30:00+00:00,0,False,False,0
BUY,1726,WEEKLY,2024-06-16 18:00:00,2024-06-16 18:00:00,351.0,9.0,False,2024-06-16T22:00:00+00:00,0,False,False,0
BUY,1727,NY,2024-06-17 09:30:00,2024-06-17 09:30:00,571.0,14.5,False,2024-06-17T13:30:00+00:00,0,False,False,0
BUY,1732,WEEKLY,2024-06-23 18:00:00,2024-06-23 18:00:00,351.0,9.0,False,2024-06-23T22:00:00+00:00,0,False,False,0
BUY,1737,WEAK,2024-06-26 18:00:00,2024-06-26 18:00:00,175.5,9.0,False,2024-06-26T22:00:00+00:00,0,False,False,0
BUY,1740,WEEKLY,2024-06-30 18:00:00,2024-06-30 18:00:00,351.0,9.0,False,2024-06-30T22:00:00+00:00,0,False,False,0
BUY,1744,NY,2024-07-03 09:30:00,2024-07-03 09:30:00,571.0,14.5,False,2024-07-03T13:30:00+00:00,0,False,False,0
BUY,1755,WEEKLY,2024-07-14 18:00:00,2024-07-14 18:00:00,351.0,9.0,False,2024-07-14T22:00:00+00:00,0,False,False,0
BUY,1762,WEEKLY,2024-07-21 18:00:00,2024-07-21 18:00:00,351.0,9.0,False,2024-07-21T22:00:00+00:00,0,False,False,0
BUY,1764,NY,2024-07-23 09:30:00,2024-07-23 09:30:00,571.0,14.5,False,2024-07-23T13:30:00+00:00,0,False,False,0
BUY,1775,NY,2024-07-31 09:30:00,2024-07-31 09:30:00,551.0,14.0,False,2024-07-31T13:30:00+00:00,0,False,False,0
BUY,1787,NY,2024-08-08 09:30:00,2024-08-08 09:30:00,531.0,13.5,False,2024-08-08T13:30:00+00:00,0,False,False,0
BUY,1788,NY,2024-08-09 09:30:00,2024-08-09 09:30:00,541.0,13.75,False,2024-08-09T13:30:00+00:00,0,False,False,0
BUY,1804,NY,2024-08-27 09:30:00,2024-08-27 09:30:00,551.0,14.0,False,2024-08-27T13:30:00+00:00,0,False,False,0
BUY,1808,NY,2024-08-30 09:30:00,2024-08-30 09:30:00,551.0,14.0,False,2024-08-30T13:30:00+00:00,0,False,False,0
BUY,1809,WEEKLY,2024-09-01 18:00:00,2024-09-01 18:00:00,341.0,8.75,False,2024-09-01T22:00:00+00:00,0,False,False,0
BUY,1811,WEAK,2024-09-02 18:00:00,2024-09-02 18:00:00,175.5,9.0,False,2024-09-02T22:00:00+00:00,0,False,False,0
BUY,1813,WEAK,2024-09-03 18:00:00,2024-09-03 18:00:00,170.5,8.75,False,2024-09-03T22:00:00+00:00,0,False,False,0
BUY,1817,NY,2024-09-06 09:30:00,2024-09-06 09:30:00,541.0,13.75,False,2024-09-06T13:30:00+00:00,0,False,False,0
BUY,1822,NY,2024-09-12 09:30:00,2024-09-12 09:30:00,551.0,14.0,False,2024-09-12T13:30:00+00:00,0,False,False,0
BUY,1834,NY,2024-09-24 09:30:00,2024-09-24 09:30:00,571.0,14.5,False,2024-09-24T13:30:00+00:00,0,False,False,0
BUY,1838,WEEKLY,2024-09-29 18:00:00,2024-09-29 18:00:00,351.0,9.0,False,2024-09-29T22:00:00+00:00,0,False,False,0
BUY,1840,PREMIUM,2024-09-30 18:00:00,2024-09-30 18:00:00,351.0,9.0,False,2024-09-30T22:00:00+00:00,0,False,False,0
BUY,1842,WEAK,2024-10-01 18:00:00,2024-10-01 18:00:00,175.5,9.0,False,2024-10-01T22:00:00+00:00,0,False,False,0
BUY,1843,NY,2024-10-02 09:30:00,2024-10-02 09:30:00,571.0,14.5,False,2024-10-02T13:30:00+00:00,0,False,False,0
BUY,1864,WEEKLY,2024-10-20 18:00:00,2024-10-20 18:00:00,351.0,9.0,False,2024-10-20T22:00:00+00:00,0,False,False,0
BUY,1866,NY,2024-10-22 09:30:00,2024-10-22 09:30:00,581.0,14.75,False,2024-10-22T13:30:00+00:00,0,False,False,0
BUY,1872,WEEKLY,2024-10-27 18:00:00,2024-10-27 18:00:00,351.0,9.0,False,2024-10-27T22:00:00+00:00,0,False,False,0
BUY,1874,NY,2024-10-29 09:30:00,2024-10-29 09:30:00,581.0,14.75,False,2024-10-29T13:30:00+00:00,0,False,False,0
BUY,1876,PREMIUM,2024-10-30 18:00:00,2024-10-30 18:00:00,351.0,9.0,False,2024-10-30T22:00:00+00:00,0,False,False,0
BUY,1881,NY,2024-11-04 09:30:00,2024-11-04 09:30:00,571.0,14.5,False,2024-11-04T14:30:00+00:00,0,False,False,0
BUY,1887,NY,2024-11-08 09:30:00,2024-11-08 09:30:00,591.0,15.0,False,2024-11-08T14:30:00+00:00,0,False,False,0
BUY,1896,NY,2024-11-15 09:30:00,2024-11-15 09:30:00,581.0,14.75,False,2024-11-15T14:30:00+00:00,0,False,False,0
BUY,1897,WEEKLY,2024-11-17 18:00:00,2024-11-17 18:00:00,351.0,9.0,False,2024-11-17T23:00:00+00:00,0,False,False,0
BUY,1902,NY,2024-11-21 09:30:00,2024-11-21 09:30:00,581.0,14.75,False,2024-11-21T14:30:00+00:00,0,False,False,0
BUY,1910,NY,2024-11-28 09:30:00,2024-11-28 09:30:00,581.0,14.75,False,2024-11-28T14:30:00+00:00,0,False,False,0
BUY,1917,NY,2024-12-05 09:30:00,2024-12-05 09:30:00,591.0,15.0,False,2024-12-05T14:30:00+00:00,0,False,False,0
BUY,1920,NY,2024-12-09 09:30:00,2024-12-09 09:30:00,611.0,15.5,False,2024-12-09T14:30:00+00:00,0,False,False,0
BUY,1924,WEAK,2024-12-12 18:00:00,2024-12-12 18:00:00,185.5,9.5,False,2024-12-12T23:00:00+00:00,0,False,False,0
BUY,1926,WEEKLY,2024-12-15 18:00:00,2024-12-15 18:00:00,371.0,9.5,False,2024-12-15T23:00:00+00:00,0,False,False,0
BUY,1930,NY,2024-12-18 09:30:00,2024-12-18 09:30:00,621.0,15.75,False,2024-12-18T14:30:00+00:00,0,False,False,0
BUY,1931,PREMIUM,2024-12-18 18:00:00,2024-12-18 18:00:00,361.0,9.25,False,2024-12-18T23:00:00+00:00,0,False,False,0
BUY,1932,NY,2024-12-19 09:30:00,2024-12-19 09:30:00,611.0,15.5,False,2024-12-19T14:30:00+00:00,0,False,False,0
BUY,1934,NY,2024-12-20 09:30:00,2024-12-20 09:30:00,591.0,15.0,False,2024-12-20T14:30:00+00:00,0,False,False,0
BUY,1935,WEEKLY,2024-12-22 18:00:00,2024-12-22 18:00:00,361.0,9.25,False,2024-12-22T23:00:00+00:00,0,False,False,0
BUY,1937,NY,2024-12-24 09:30:00,2024-12-24 09:30:00,611.0,15.5,False,2024-12-24T14:30:00+00:00,0,False,False,0
BUY,1940,NY,2024-12-27 09:30:00,2024-12-27 09:30:00,611.0,15.5,False,2024-12-27T14:30:00+00:00,0,False,False,0
BUY,1946,NY,2025-01-02 09:30:00,2025-01-02 09:30:00,591.0,15.0,False,2025-01-02T14:30:00+00:00,0,False,False,0
BUY,1949,WEEKLY,2025-01-05 18:00:00,2025-01-05 18:00:00,361.0,9.25,False,2025-01-05T23:00:00+00:00,0,False,False,0
BUY,1952,NY,2025-01-08 09:30:00,2025-01-08 09:30:00,591.0,15.0,False,2025-01-08T14:30:00+00:00,0,False,False,0
BUY,1957,NY,2025-01-13 09:30:00,2025-01-13 09:30:00,581.0,14.75,False,2025-01-13T14:30:00+00:00,0,False,False,0
BUY,1962,WEEKLY,2025-01-19 18:00:00,2025-01-19 18:00:00,361.0,9.25,False,2025-01-19T23:00:00+00:00,0,False,False,0
BUY,1971,WEAK,2025-01-27 18:00:00,2025-01-27 18:00:00,180.5,9.25,False,2025-01-27T23:00:00+00:00,0,False,False,0
BUY,1972,NY,2025-01-28 09:30:00,2025-01-28 09:30:00,591.0,15.0,False,2025-01-28T14:30:00+00:00,0,False,False,0
BUY,1975,NY,2025-01-30 09:30:00,2025-01-30 09:30:00,611.0,15.5,False,2025-01-30T14:30:00+00:00,0,False,False,0
BUY,1988,NY,2025-02-10 09:30:00,2025-02-10 09:30:00,611.0,15.5,False,2025-02-10T14:30:00+00:00,0,False,False,0
BUY,1998,NY,2025-02-20 09:30:00,2025-02-20 09:30:00,611.0,15.5,False,2025-02-20T14:30:00+00:00,0,False,False,0
BUY,2000,WEEKLY,2025-02-23 18:00:00,2025-02-23 18:00:00,371.0,9.5,False,2025-02-23T23:00:00+00:00,0,False,False,0
BUY,2003,WEAK,2025-02-25 18:00:00,2025-02-25 18:00:00,180.5,9.25,False,2025-02-25T23:00:00+00:00,0,False,False,0
BUY,2005,PREMIUM,2025-02-26 18:00:00,2025-02-26 18:00:00,361.0,9.25,False,2025-02-26T23:00:00+00:00,0,False,False,0
BUY,2011,NY,2025-03-04 09:30:00,2025-03-04 09:30:00,581.0,14.75,False,2025-03-04T14:30:00+00:00,0,False,False,0
BUY,2012,PREMIUM,2025-03-04 18:00:00,2025-03-04 18:00:00,351.0,9.0,False,2025-03-04T23:00:00+00:00,0,False,False,0
BUY,2013,NY,2025-03-05 09:30:00,2025-03-05 09:30:00,581.0,14.75,False,2025-03-05T14:30:00+00:00,0,False,False,0
BUY,2014,PREMIUM,2025-03-05 18:00:00,2025-03-05 18:00:00,351.0,9.0,False,2025-03-05T23:00:00+00:00,0,False,False,0
BUY,2019,NY,2025-03-10 09:30:00,2025-03-10 09:30:00,571.0,14.5,False,2025-03-10T13:30:00+00:00,0,False,False,0
BUY,2026,WEEKLY,2025-03-16 18:00:00,2025-03-16 18:00:00,351.0,9.0,False,2025-03-16T22:00:00+00:00,0,False,False,0
BUY,2032,WEEKLY,2025-03-23 18:00:00,2025-03-23 18:00:00,351.0,9.0,False,2025-03-23T22:00:00+00:00,0,False,False,0
BUY,2033,NY,2025-03-24 09:30:00,2025-03-24 09:30:00,571.0,14.5,False,2025-03-24T13:30:00+00:00,0,False,False,0
BUY,2035,NY,2025-03-26 09:30:00,2025-03-26 09:30:00,581.0,14.75,False,2025-03-26T13:30:00+00:00,0,False,False,0
BUY,2036,NY,2025-03-27 09:30:00,2025-03-27 09:30:00,571.0,14.5,False,2025-03-27T13:30:00+00:00,0,False,False,0
BUY,2039,NY,2025-03-31 09:30:00,2025-03-31 09:30:00,551.0,14.0,False,2025-03-31T13:30:00+00:00,0,False,False,0
BUY,2043,PREMIUM,2025-04-02 18:00:00,2025-04-02 18:00:00,341.0,8.75,False,2025-04-02T22:00:00+00:00,0,False,False,0
BUY,2048,NY,2025-04-07 09:30:00,2025-04-07 09:30:00,501.0,12.75,False,2025-04-07T13:30:00+00:00,0,False,False,0
BUY,2051,WEAK,2025-04-08 18:00:00,2025-04-08 18:00:00,155.5,8.0,False,2025-04-08T22:00:00+00:00,0,False,False,0
BUY,2055,WEAK,2025-04-10 18:00:00,2025-04-10 18:00:00,165.5,8.5,False,2025-04-10T22:00:00+00:00,0,False,False,0
BUY,2056,NY,2025-04-11 09:30:00,2025-04-11 09:30:00,541.0,13.75,False,2025-04-11T13:30:00+00:00,0,False,False,0
BUY,2057,WEEKLY,2025-04-13 18:00:00,2025-04-13 18:00:00,331.0,8.5,False,2025-04-13T22:00:00+00:00,0,False,False,0
BUY,2058,NY,2025-04-14 09:30:00,2025-04-14 09:30:00,551.0,14.0,False,2025-04-14T13:30:00+00:00,0,False,False,0
BUY,2068,WEAK,2025-04-23 18:00:00,2025-04-23 18:00:00,165.5,8.5,False,2025-04-23T22:00:00+00:00,0,False,False,0
BUY,2069,NY,2025-04-24 09:30:00,2025-04-24 09:30:00,541.0,13.75,False,2025-04-24T13:30:00+00:00,0,False,False,0
BUY,2070,WEAK,2025-04-24 18:00:00,2025-04-24 18:00:00,170.5,8.75,False,2025-04-24T22:00:00+00:00,0,False,False,0
BUY,2071,NY,2025-04-25 09:30:00,2025-04-25 09:30:00,551.0,14.0,False,2025-04-25T13:30:00+00:00,0,False,False,0
BUY,2073,NY,2025-04-28 09:30:00,2025-04-28 09:30:00,551.0,14.0,False,2025-04-28T13:30:00+00:00,0,False,False,0
BUY,2078,NY,2025-05-01 09:30:00,2025-05-01 09:30:00,571.0,14.5,False,2025-05-01T13:30:00+00:00,0,False,False,0
BUY,2079,PREMIUM,2025-05-01 18:00:00,2025-05-01 18:00:00,351.0,9.0,False,2025-05-01T22:00:00+00:00,0,False,False,0
BUY,2081,WEEKLY,2025-05-04 18:00:00,2025-05-04 18:00:00,351.0,9.0,False,2025-05-04T22:00:00+00:00,0,False,False,0
BUY,2085,NY,2025-05-07 09:30:00,2025-05-07 09:30:00,571.0,14.5,False,2025-05-07T13:30:00+00:00,0,False,False,0
BUY,2091,NY,2025-05-14 09:30:00,2025-05-14 09:30:00,591.0,15.0,False,2025-05-14T13:30:00+00:00,0,False,False,0
BUY,2098,NY,2025-05-22 09:30:00,2025-05-22 09:30:00,591.0,15.0,False,2025-05-22T13:30:00+00:00,0,False,False,0
BUY,2099,WEAK,2025-05-22 18:00:00,2025-05-22 18:00:00,180.5,9.25,False,2025-05-22T22:00:00+00:00,0,False,False,0
BUY,2103,NY,2025-05-27 09:30:00,2025-05-27 09:30:00,591.0,15.0,False,2025-05-27T13:30:00+00:00,0,False,False,0
BUY,2114,NY,2025-06-05 09:30:00,2025-06-05 09:30:00,611.0,15.5,False,2025-06-05T13:30:00+00:00,0,False,False,0
BUY,2115,PREMIUM,2025-06-05 18:00:00,2025-06-05 18:00:00,361.0,9.25,False,2025-06-05T22:00:00+00:00,0,False,False,0
BUY,2116,NY,2025-06-06 09:30:00,2025-06-06 09:30:00,611.0,15.5,False,2025-06-06T13:30:00+00:00,0,False,False,0
BUY,2118,NY,2025-06-09 09:30:00,2025-06-09 09:30:00,611.0,15.5,False,2025-06-09T13:30:00+00:00,0,False,False,0
BUY,2125,NY,2025-06-16 09:30:00,2025-06-16 09:30:00,611.0,15.5,False,2025-06-16T13:30:00+00:00,0,False,False,0
BUY,2127,WEAK,2025-06-17 18:00:00,2025-06-17 18:00:00,185.5,9.5,False,2025-06-17T22:00:00+00:00,0,False,False,0
BUY,2132,NY,2025-06-20 09:30:00,2025-06-20 09:30:00,611.0,15.5,False,2025-06-20T13:30:00+00:00,0,False,False,0
BUY,2133,WEEKLY,2025-06-22 18:00:00,2025-06-22 18:00:00,371.0,9.5,False,2025-06-22T22:00:00+00:00,0,False,False,0
BUY,2138,NY,2025-06-27 09:30:00,2025-06-27 09:30:00,621.0,15.75,False,2025-06-27T13:30:00+00:00,0,False,False,0
BUY,2139,WEEKLY,2025-06-29 18:00:00,2025-06-29 18:00:00,381.0,9.75,False,2025-06-29T22:00:00+00:00,0,False,False,0
BUY,2148,NY,2025-07-07 09:30:00,2025-07-07 09:30:00,631.0,16.0,True,2025-07-07T13:30:00+00:00,0,False,False,0
BUY,2152,NY,2025-07-10 09:30:00,2025-07-10 09:30:00,631.0,16.0,True,2025-07-10T13:30:00+00:00,0,False,False,0
BUY,2156,NY,2025-07-15 09:30:00,2025-07-15 09:30:00,631.0,16.0,True,2025-07-15T13:30:00+00:00,0,False,False,0
BUY,2158,NY,2025-07-17 09:30:00,2025-07-17 09:30:00,631.0,16.0,True,2025-07-17T13:30:00+00:00,0,False,False,0
BUY,2165,NY,2025-07-24 09:30:00,2025-07-24 09:30:00,631.0,16.0,True,2025-07-24T13:30:00+00:00,0,False,False,0
BUY,2192,WEEKLY,2025-08-17 18:00:00,2025-08-17 18:00:00,391.0,10.0,True,2025-08-17T22:00:00+00:00,0,False,False,0
BUY,2193,NY,2025-08-18 09:30:00,2025-08-18 09:30:00,631.0,16.0,True,2025-08-18T13:30:00+00:00,0,False,False,0
BUY,2200,NY,2025-08-25 09:30:00,2025-08-25 09:30:00,631.0,16.0,True,2025-08-25T13:30:00+00:00,0,False,False,0
BUY,2215,NY,2025-09-05 09:30:00,2025-09-05 09:30:00,631.0,16.0,True,2025-09-05T13:30:00+00:00,0,False,False,0
BUY,2216,WEEKLY,2025-09-07 18:00:00,2025-09-07 18:00:00,391.0,10.0,True,2025-09-07T22:00:00+00:00,0,False,False,0
BUY,2226,NY,2025-09-17 09:30:00,2025-09-17 09:30:00,631.0,16.0,True,2025-09-17T13:30:00+00:00,0,False,False,0
BUY,2236,NY,2025-09-26 09:30:00,2025-09-26 09:30:00,631.0,16.0,True,2025-09-26T13:30:00+00:00,0,False,False,0
BUY,2251,WEEKLY,2025-10-12 18:00:00,2025-10-12 18:00:00,391.0,10.0,True,2025-10-12T22:00:00+00:00,0,False,False,0
BUY,2252,NY,2025-10-13 09:30:00,2025-10-13 09:30:00,631.0,16.0,True,2025-10-13T13:30:00+00:00,0,False,False,0
BUY,2256,WEAK,2025-10-15 18:00:00,2025-10-15 18:00:00,195.5,10.0,True,2025-10-15T22:00:00+00:00,0,False,False,0
BUY,2267,NY,2025-10-24 09:30:00,2025-10-24 09:30:00,631.0,16.0,True,2025-10-24T13:30:00+00:00,0,False,False,0
BUY,2274,PREMIUM,2025-10-30 18:00:00,2025-10-30 18:00:00,391.0,10.0,True,2025-10-30T22:00:00+00:00,0,False,False,0
BUY,2280,NY,2025-11-05 09:30:00,2025-11-05 09:30:00,631.0,16.0,True,2025-11-05T14:30:00+00:00,0,False,False,0
BUY,2284,WEEKLY,2025-11-09 18:00:00,2025-11-09 18:00:00,391.0,10.0,True,2025-11-09T23:00:00+00:00,0,False,False,0
BUY,2288,NY,2025-11-13 09:30:00,2025-11-13 09:30:00,631.0,16.0,True,2025-11-13T14:30:00+00:00,0,False,False,0
BUY,2290,NY,2025-11-14 09:30:00,2025-11-14 09:30:00,631.0,16.0,True,2025-11-14T14:30:00+00:00,0,False,False,0
BUY,2298,NY,2025-11-20 09:30:00,2025-11-20 09:30:00,631.0,16.0,True,2025-11-20T14:30:00+00:00,0,False,False,0
BUY,2299,PREMIUM,2025-11-20 18:00:00,2025-11-20 18:00:00,391.0,10.0,True,2025-11-20T23:00:00+00:00,0,False,False,0
BUY,2301,WEEKLY,2025-11-23 18:00:00,2025-11-23 18:00:00,391.0,10.0,True,2025-11-23T23:00:00+00:00,0,False,False,0
BUY,2303,NY,2025-11-25 09:30:00,2025-11-25 09:30:00,631.0,16.0,True,2025-11-25T14:30:00+00:00,0,False,False,0
BUY,2305,NY,2025-11-27 09:30:00,2025-11-27 09:30:00,631.0,16.0,True,2025-11-27T14:30:00+00:00,0,False,False,0
BUY,2313,WEEKLY,2025-12-07 18:00:00,2025-12-07 18:00:00,391.0,10.0,True,2025-12-07T23:00:00+00:00,0,False,False,0
BUY,2315,PREMIUM,2025-12-08 18:00:00,2025-12-08 18:00:00,391.0,10.0,True,2025-12-08T23:00:00+00:00,0,False,False,0
BUY,2316,NY,2025-12-09 09:30:00,2025-12-09 09:30:00,631.0,16.0,True,2025-12-09T14:30:00+00:00,0,False,False,0
BUY,2317,NY,2025-12-10 09:30:00,2025-12-10 09:30:00,631.0,16.0,True,2025-12-10T14:30:00+00:00,0,False,False,0
BUY,2320,NY,2025-12-12 09:30:00,2025-12-12 09:30:00,631.0,16.0,True,2025-12-12T14:30:00+00:00,0,False,False,0
BUY,2321,WEEKLY,2025-12-14 18:00:00,2025-12-14 18:00:00,391.0,10.0,True,2025-12-14T23:00:00+00:00,0,False,False,0
BUY,2324,NY,2025-12-17 09:30:00,2025-12-17 09:30:00,631.0,16.0,True,2025-12-17T14:30:00+00:00,0,False,False,0
BUY,2329,WEEKLY,2025-12-21 18:00:00,2025-12-21 18:00:00,391.0,10.0,True,2025-12-21T23:00:00+00:00,0,False,False,0
BUY,2336,NY,2025-12-29 09:30:00,2025-12-29 09:30:00,631.0,16.0,True,2025-12-29T14:30:00+00:00,0,False,False,0
BUY,2341,NY,2026-01-05 09:30:00,2026-01-05 09:30:00,631.0,16.0,True,2026-01-05T14:30:00+00:00,0,False,False,0
BUY,2344,NY,2026-01-08 09:30:00,2026-01-08 09:30:00,631.0,16.0,True,2026-01-08T14:30:00+00:00,0,False,False,0
BUY,2347,WEEKLY,2026-01-11 18:00:00,2026-01-11 18:00:00,391.0,10.0,True,2026-01-11T23:00:00+00:00,0,False,False,0
BUY,2351,NY,2026-01-14 09:30:00,2026-01-14 09:30:00,631.0,16.0,True,2026-01-14T14:30:00+00:00,0,False,False,0
BUY,2353,NY,2026-01-15 09:30:00,2026-01-15 09:30:00,631.0,16.0,True,2026-01-15T14:30:00+00:00,0,False,False,0
BUY,2354,NY,2026-01-16 09:30:00,2026-01-16 09:30:00,631.0,16.0,True,2026-01-16T14:30:00+00:00,0,False,False,0
BUY,2357,WEAK,2026-01-19 18:00:00,2026-01-19 18:00:00,195.5,10.0,True,2026-01-19T23:00:00+00:00,0,False,False,0
BUY,2360,NY,2026-01-21 09:30:00,2026-01-21 09:30:00,631.0,16.0,True,2026-01-21T14:30:00+00:00,0,False,False,0
BUY,2362,PREMIUM,2026-01-22 18:00:00,2026-01-22 18:00:00,391.0,10.0,True,2026-01-22T23:00:00+00:00,0,False,False,0
BUY,2365,NY,2026-01-26 09:30:00,2026-01-26 09:30:00,631.0,16.0,True,2026-01-26T14:30:00+00:00,0,False,False,0
BUY,2367,PREMIUM,2026-01-27 18:00:00,2026-01-27 18:00:00,391.0,10.0,True,2026-01-27T23:00:00+00:00,0,False,False,0
BUY,2369,PREMIUM,2026-01-28 18:00:00,2026-01-28 18:00:00,391.0,10.0,True,2026-01-28T23:00:00+00:00,0,False,False,0
BUY,2370,NY,2026-01-29 09:30:00,2026-01-29 09:30:00,631.0,16.0,True,2026-01-29T14:30:00+00:00,0,False,False,0
BUY,2371,WEAK,2026-01-29 18:00:00,2026-01-29 18:00:00,195.5,10.0,True,2026-01-29T23:00:00+00:00,0,False,False,0
BUY,2376,NY,2026-02-03 09:30:00,2026-02-03 09:30:00,631.0,16.0,True,2026-02-03T14:30:00+00:00,0,False,False,0
BUY,2380,NY,2026-02-05 09:30:00,2026-02-05 09:30:00,631.0,16.0,True,2026-02-05T14:30:00+00:00,0,False,False,0
BUY,2383,WEEKLY,2026-02-08 18:00:00,2026-02-08 18:00:00,391.0,10.0,True,2026-02-08T23:00:00+00:00,0,False,False,0
BUY,2384,NY,2026-02-09 09:30:00,2026-02-09 09:30:00,631.0,16.0,True,2026-02-09T14:30:00+00:00,0,False,False,0
BUY,2386,NY,2026-02-11 09:30:00,2026-02-11 09:30:00,631.0,16.0,True,2026-02-11T14:30:00+00:00,0,False,False,0
BUY,2394,NY,2026-02-18 09:30:00,2026-02-18 09:30:00,631.0,16.0,True,2026-02-18T14:30:00+00:00,0,False,False,0
BUY,2399,NY,2026-02-24 09:30:00,2026-02-24 09:30:00,631.0,16.0,True,2026-02-24T14:30:00+00:00,0,False,False,0
BUY,2413,WEEKLY,2026-03-08 18:00:00,2026-03-08 18:00:00,391.0,10.0,True,2026-03-08T22:00:00+00:00,0,False,False,0
BUY,2416,NY,2026-03-10 09:30:00,2026-03-10 09:30:00,631.0,16.0,True,2026-03-10T13:30:00+00:00,0,False,False,0
BUY,2418,NY,2026-03-11 09:30:00,2026-03-11 09:30:00,631.0,16.0,True,2026-03-11T13:30:00+00:00,0,False,False,0
BUY,2420,WEAK,2026-03-12 18:00:00,2026-03-12 18:00:00,195.5,10.0,True,2026-03-12T22:00:00+00:00,0,False,False,0
BUY,2430,NY,2026-03-23 09:30:00,2026-03-23 09:30:00,631.0,16.0,True,2026-03-23T13:30:00+00:00,0,False,False,0
BUY,2436,PREMIUM,2026-03-26 18:00:00,2026-03-26 18:00:00,391.0,10.0,True,2026-03-26T22:00:00+00:00,0,False,False,0
BUY,2439,NY,2026-03-30 09:30:00,2026-03-30 09:30:00,631.0,16.0,True,2026-03-30T13:30:00+00:00,0,False,False,0
BUY,2448,NY,2026-04-08 09:30:00,2026-04-08 09:30:00,631.0,16.0,True,2026-04-08T13:30:00+00:00,0,False,False,0
BUY,2449,NY,2026-04-09 09:30:00,2026-04-09 09:30:00,631.0,16.0,True,2026-04-09T13:30:00+00:00,0,False,False,0
BUY,2451,WEEKLY,2026-04-12 18:00:00,2026-04-12 18:00:00,391.0,10.0,True,2026-04-12T22:00:00+00:00,0,False,False,0
BUY,2454,NY,2026-04-14 09:30:00,2026-04-14 09:30:00,631.0,16.0,True,2026-04-14T13:30:00+00:00,0,False,False,0
BUY,2455,NY,2026-04-15 09:30:00,2026-04-15 09:30:00,631.0,16.0,True,2026-04-15T13:30:00+00:00,0,False,False,0
BUY,2457,NY,2026-04-17 09:30:00,2026-04-17 09:30:00,631.0,16.0,True,2026-04-17T13:30:00+00:00,0,False,False,0
BUY,2458,WEEKLY,2026-04-19 18:00:00,2026-04-19 18:00:00,391.0,10.0,True,2026-04-19T22:00:00+00:00,0,False,False,0
BUY,2459,NY,2026-04-20 09:30:00,2026-04-20 09:30:00,631.0,16.0,True,2026-04-20T13:30:00+00:00,0,False,False,0
BUY,2461,NY,2026-04-21 09:30:00,2026-04-21 09:30:00,631.0,16.0,True,2026-04-21T13:30:00+00:00,0,False,False,0
BUY,2466,WEAK,2026-04-23 18:00:00,2026-04-23 18:00:00,195.5,10.0,True,2026-04-23T22:00:00+00:00,0,False,False,0
BUY,2468,WEEKLY,2026-04-26 18:00:00,2026-04-26 18:00:00,391.0,10.0,True,2026-04-26T22:00:00+00:00,0,False,False,0
BUY,2469,NY,2026-04-27 09:30:00,2026-04-27 09:30:00,631.0,16.0,True,2026-04-27T13:30:00+00:00,0,False,False,0
BUY,2472,PREMIUM,2026-04-29 18:00:00,2026-04-29 18:00:00,391.0,10.0,True,2026-04-29T22:00:00+00:00,0,False,False,0
BUY,2474,WEAK,2026-04-30 18:00:00,2026-04-30 18:00:00,195.5,10.0,True,2026-04-30T22:00:00+00:00,0,False,False,0
BUY,2477,NY,2026-05-04 09:30:00,2026-05-04 09:30:00,631.0,16.0,True,2026-05-04T13:30:00+00:00,0,False,False,0
BUY,2482,NY,2026-05-07 09:30:00,2026-05-07 09:30:00,631.0,16.0,True,2026-05-07T13:30:00+00:00,0,False,False,0
BUY,2483,WEAK,2026-05-07 18:00:00,2026-05-07 18:00:00,195.5,10.0,True,2026-05-07T22:00:00+00:00,0,False,False,0
BUY,2485,WEEKLY,2026-05-10 18:00:00,2026-05-10 18:00:00,391.0,10.0,True,2026-05-10T22:00:00+00:00,0,False,False,0
BUY,2494,NY,2026-05-18 09:30:00,2026-05-18 09:30:00,631.0,16.0,True,2026-05-18T13:30:00+00:00,0,False,False,0
BUY,2495,NY,2026-05-19 09:30:00,2026-05-19 09:30:00,631.0,16.0,True,2026-05-19T13:30:00+00:00,0,False,False,0
BUY,2497,PREMIUM,2026-05-20 18:00:00,2026-05-20 18:00:00,391.0,10.0,True,2026-05-20T22:00:00+00:00,0,False,False,0
BUY,2500,WEEKLY,2026-05-24 18:00:00,2026-05-24 18:00:00,391.0,10.0,True,2026-05-24T22:00:00+00:00,0,False,False,0
BUY,2502,PREMIUM,2026-05-25 18:00:00,2026-05-25 18:00:00,391.0,10.0,True,2026-05-25T22:00:00+00:00,0,False,False,0
BUY,2503,NY,2026-05-26 09:30:00,2026-05-26 09:30:00,631.0,16.0,True,2026-05-26T13:30:00+00:00,0,False,False,0
BUY,2506,PREMIUM,2026-05-27 18:00:00,2026-05-27 18:00:00,391.0,10.0,True,2026-05-27T22:00:00+00:00,0,False,False,0
BUY,2509,WEEKLY,2026-05-31 18:00:00,2026-05-31 18:00:00,391.0,10.0,True,2026-05-31T22:00:00+00:00,0,False,False,0
BUY,2518,NY,2026-06-08 09:30:00,2026-06-08 09:30:00,631.0,16.0,True,2026-06-08T13:30:00+00:00,0,False,False,0
BUY,2522,PREMIUM,2026-06-10 18:00:00,2026-06-10 18:00:00,391.0,10.0,True,2026-06-10T22:00:00+00:00,0,False,False,0
BUY,2523,NY,2026-06-11 09:30:00,2026-06-11 09:30:00,631.0,16.0,True,2026-06-11T13:30:00+00:00,0,False,False,0
BUY,2526,WEEKLY,2026-06-14 18:00:00,2026-06-14 18:00:00,391.0,10.0,True,2026-06-14T22:00:00+00:00,0,False,False,0
BUY,2530,PREMIUM,2026-06-17 18:00:00,2026-06-17 18:00:00,391.0,10.0,True,2026-06-17T22:00:00+00:00,0,False,False,0
BUY,2531,NY,2026-06-18 09:30:00,2026-06-18 09:30:00,631.0,16.0,True,2026-06-18T13:30:00+00:00,0,False,False,0
BUY,2533,WEEKLY,2026-06-21 18:00:00,2026-06-21 18:00:00,391.0,10.0,True,2026-06-21T22:00:00+00:00,0,False,False,0
BUY,2535,NY,2026-06-23 09:30:00,2026-06-23 09:30:00,631.0,16.0,True,2026-06-23T13:30:00+00:00,0,False,False,0
BUY,2538,NY,2026-06-25 09:30:00,2026-06-25 09:30:00,631.0,16.0,True,2026-06-25T13:30:00+00:00,0,False,False,0
BUY,2539,WEAK,2026-06-25 18:00:00,2026-06-25 18:00:00,195.5,10.0,True,2026-06-25T22:00:00+00:00,0,False,False,0
BUY,2544,NY,2026-07-01 09:30:00,2026-07-01 09:30:00,631.0,16.0,True,2026-07-01T13:30:00+00:00,0,False,False,0
BUY,2545,WEAK,2026-07-01 18:00:00,2026-07-01 18:00:00,195.5,10.0,True,2026-07-01T22:00:00+00:00,0,False,False,0
BUY,2546,NY,2026-07-02 09:30:00,2026-07-02 09:30:00,631.0,16.0,True,2026-07-02T13:30:00+00:00,0,False,False,0
BUY,2547,NY,2026-07-03 09:30:00,2026-07-03 09:30:00,631.0,16.0,True,2026-07-03T13:30:00+00:00,0,False,False,0
BUY,2548,WEEKLY,2026-07-05 18:00:00,2026-07-05 18:00:00,391.0,10.0,True,2026-07-05T22:00:00+00:00,0,False,False,0
BUY,2553,NY,2026-07-09 09:30:00,2026-07-09 09:30:00,631.0,16.0,True,2026-07-09T13:30:00+00:00,0,False,False,0
BUY,2555,WEEKLY,2026-07-12 18:00:00,2026-07-12 18:00:00,391.0,10.0,True,2026-07-12T22:00:00+00:00,0,False,False,0
BUY,2556,NY,2026-07-13 09:30:00,2026-07-13 09:30:00,631.0,16.0,True,2026-07-13T13:30:00+00:00,0,False,False,0
BUY,2558,NY,2026-07-15 09:30:00,2026-07-15 09:30:00,631.0,16.0,True,2026-07-15T13:30:00+00:00,0,False,False,0
BUY,2563,NY,2026-07-21 09:30:00,2026-07-21 09:30:00,631.0,16.0,True,2026-07-21T13:30:00+00:00,0,False,False,0
BUY,2564,NY,2026-07-22 09:30:00,2026-07-22 09:30:00,631.0,16.0,True,2026-07-22T13:30:00+00:00,0,False,False,0
BUY,2566,NY,2026-07-23 09:30:00,2026-07-23 09:30:00,631.0,16.0,True,2026-07-23T13:30:00+00:00,0,False,False,0
BUY,2569,WEEKLY,2026-07-26 18:00:00,2026-07-26 18:00:00,391.0,10.0,True,2026-07-26T22:00:00+00:00,0,False,False,0
BUY,2570,NY,2026-07-27 09:30:00,2026-07-27 09:30:00,631.0,16.0,True,2026-07-27T13:30:00+00:00,0,False,False,0
BUY,2571,WEAK,2026-07-27 18:00:00,2026-07-27 18:00:00,195.5,10.0,True,2026-07-27T22:00:00+00:00,0,False,False,0
BUY,2572,NY,2026-07-28 09:30:00,2026-07-28 09:30:00,631.0,16.0,True,2026-07-28T13:30:00+00:00,0,False,False,0
BUY,2574,NY,2026-07-29 09:30:00,2026-07-29 09:30:00,631.0,16.0,True,2026-07-29T13:30:00+00:00,0,False,False,0
BUY,2575,WEAK,2026-07-29 18:00:00,2026-07-29 18:00:00,195.5,10.0,True,2026-07-29T22:00:00+00:00,0,False,False,0
BUY,2580,NY,2026-08-03 09:30:00,2026-08-03 09:30:00,631.0,16.0,True,2026-08-03T13:30:00+00:00,0,False,False,0
BUY,2583,NY,2026-08-05 09:30:00,2026-08-05 09:30:00,631.0,16.0,True,2026-08-05T13:30:00+00:00,0,False,False,0
BUY,2584,NY,2026-08-06 09:30:00,2026-08-06 09:30:00,631.0,16.0,True,2026-08-06T13:30:00+00:00,0,False,False,0
SELL,3,WEEKLY,2020-01-05 18:00:00,2020-01-05 18:00:00,311.0,8.0,False,2020-01-05T23:00:00+00:00,0,False,False,0
SELL,6,NY,2020-01-08 09:30:00,2020-01-08 09:30:00,501.0,12.75,False,2020-01-08T14:30:00+00:00,0,False,False,0
SELL,21,WEEKLY,2020-01-26 18:00:00,2020-01-26 18:00:00,311.0,8.0,False,2020-01-26T23:00:00+00:00,0,False,False,0
SELL,33,PREMIUM,2020-02-03 18:00:00,2020-02-03 18:00:00,311.0,8.0,False,2020-02-03T23:00:00+00:00,0,False,False,0
SELL,41,WEEKLY,2020-02-09 18:00:00,2020-02-09 18:00:00,311.0,8.0,False,2020-02-09T23:00:00+00:00,0,False,False,0
SELL,47,PREMIUM,2020-02-13 18:00:00,2020-02-13 18:00:00,311.0,8.0,False,2020-02-13T23:00:00+00:00,0,False,False,0
SELL,60,NY,2020-02-25 09:30:00,2020-02-25 09:30:00,501.0,12.75,False,2020-02-25T14:30:00+00:00,0,False,False,0
SELL,64,NY,2020-02-27 09:30:00,2020-02-27 09:30:00,501.0,12.75,False,2020-02-27T14:30:00+00:00,0,False,False,0
SELL,66,NY,2020-02-28 09:30:00,2020-02-28 09:30:00,501.0,12.75,False,2020-02-28T14:30:00+00:00,0,False,False,0
SELL,73,NY,2020-03-05 09:30:00,2020-03-05 09:30:00,501.0,12.75,False,2020-03-05T14:30:00+00:00,0,False,False,0
SELL,77,NY,2020-03-09 09:30:00,2020-03-09 09:30:00,501.0,12.75,False,2020-03-09T13:30:00+00:00,0,False,False,0
SELL,81,NY,2020-03-11 09:30:00,2020-03-11 09:30:00,501.0,12.75,False,2020-03-11T13:30:00+00:00,0,False,False,0
SELL,82,WEAK,2020-03-11 18:00:00,2020-03-11 18:00:00,155.5,8.0,False,2020-03-11T22:00:00+00:00,0,False,False,0
SELL,87,NY,2020-03-16 09:30:00,2020-03-16 09:30:00,6671.0,167.0,False,2020-03-16T13:30:00+00:00,0,False,False,0
SELL,88,PREMIUM,2020-03-16 18:00:00,2020-03-16 18:00:00,311.0,8.0,False,2020-03-16T22:00:00+00:00,0,False,False,0
SELL,89,NY,2020-03-17 09:30:00,2020-03-17 09:30:00,501.0,12.75,False,2020-03-17T13:30:00+00:00,0,False,False,0
SELL,90,PREMIUM,2020-03-17 18:00:00,2020-03-17 18:00:00,311.0,8.0,False,2020-03-17T22:00:00+00:00,0,False,False,0
SELL,96,WEEKLY,2020-03-22 18:00:00,2020-03-22 18:00:00,311.0,8.0,False,2020-03-22T22:00:00+00:00,0,False,False,0
SELL,102,WEAK,2020-03-25 18:00:00,2020-03-25 18:00:00,155.5,8.0,False,2020-03-25T22:00:00+00:00,0,False,False,0
SELL,104,NY,2020-03-27 09:30:00,2020-03-27 09:30:00,501.0,12.75,False,2020-03-27T13:30:00+00:00,0,False,False,0
SELL,105,WEEKLY,2020-03-29 18:00:00,2020-03-29 18:00:00,311.0,8.0,False,2020-03-29T22:00:00+00:00,0,False,False,0
SELL,110,WEAK,2020-04-01 18:00:00,2020-04-01 18:00:00,155.5,8.0,False,2020-04-01T22:00:00+00:00,0,False,False,0
SELL,111,NY,2020-04-02 09:30:00,2020-04-02 09:30:00,501.0,12.75,False,2020-04-02T13:30:00+00:00,0,False,False,0
SELL,112,NY,2020-04-03 09:30:00,2020-04-03 09:30:00,501.0,12.75,False,2020-04-03T13:30:00+00:00,0,False,False,0
SELL,125,WEEKLY,2020-04-19 18:00:00,2020-04-19 18:00:00,311.0,8.0,False,2020-04-19T22:00:00+00:00,0,False,False,0
SELL,131,NY,2020-04-23 09:30:00,2020-04-23 09:30:00,501.0,12.75,False,2020-04-23T13:30:00+00:00,0,False,False,0
SELL,133,NY,2020-04-24 09:30:00,2020-04-24 09:30:00,501.0,12.75,False,2020-04-24T13:30:00+00:00,0,False,False,0
SELL,139,PREMIUM,2020-04-29 18:00:00,2020-04-29 18:00:00,311.0,8.0,False,2020-04-29T22:00:00+00:00,0,False,False,0
SELL,146,WEAK,2020-05-05 18:00:00,2020-05-05 18:00:00,155.5,8.0,False,2020-05-05T22:00:00+00:00,0,False,False,0
SELL,147,NY,2020-05-06 09:30:00,2020-05-06 09:30:00,501.0,12.75,False,2020-05-06T13:30:00+00:00,0,False,False,0
SELL,152,NY,2020-05-12 09:30:00,2020-05-12 09:30:00,501.0,12.75,False,2020-05-12T13:30:00+00:00,0,False,False,0
SELL,168,NY,2020-05-27 09:30:00,2020-05-27 09:30:00,501.0,12.75,False,2020-05-27T13:30:00+00:00,0,False,False,0
SELL,171,NY,2020-05-29 09:30:00,2020-05-29 09:30:00,501.0,12.75,False,2020-05-29T13:30:00+00:00,0,False,False,0
SELL,173,NY,2020-06-01 09:30:00,2020-06-01 09:30:00,501.0,12.75,False,2020-06-01T13:30:00+00:00,0,False,False,0
SELL,178,WEAK,2020-06-04 18:00:00,2020-06-04 18:00:00,155.5,8.0,False,2020-06-04T22:00:00+00:00,0,False,False,0
SELL,179,NY,2020-06-05 09:30:00,2020-06-05 09:30:00,501.0,12.75,False,2020-06-05T13:30:00+00:00,0,False,False,0
SELL,180,WEEKLY,2020-06-07 18:00:00,2020-06-07 18:00:00,311.0,8.0,False,2020-06-07T22:00:00+00:00,0,False,False,0
SELL,186,NY,2020-06-11 09:30:00,2020-06-11 09:30:00,501.0,12.75,False,2020-06-11T13:30:00+00:00,0,False,False,0
SELL,187,PREMIUM,2020-06-11 18:00:00,2020-06-11 18:00:00,311.0,8.0,False,2020-06-11T22:00:00+00:00,0,False,False,0
SELL,197,WEEKLY,2020-06-21 18:00:00,2020-06-21 18:00:00,311.0,8.0,False,2020-06-21T22:00:00+00:00,0,False,False,0
SELL,202,PREMIUM,2020-06-24 18:00:00,2020-06-24 18:00:00,311.0,8.0,False,2020-06-24T22:00:00+00:00,0,False,False,0
SELL,216,NY,2020-07-07 09:30:00,2020-07-07 09:30:00,501.0,12.75,False,2020-07-07T13:30:00+00:00,0,False,False,0
SELL,218,NY,2020-07-09 09:30:00,2020-07-09 09:30:00,501.0,12.75,False,2020-07-09T13:30:00+00:00,0,False,False,0
SELL,226,NY,2020-07-16 09:30:00,2020-07-16 09:30:00,501.0,12.75,False,2020-07-16T13:30:00+00:00,0,False,False,0
SELL,231,NY,2020-07-22 09:30:00,2020-07-22 09:30:00,501.0,12.75,False,2020-07-22T13:30:00+00:00,0,False,False,0
SELL,232,WEAK,2020-07-22 18:00:00,2020-07-22 18:00:00,155.5,8.0,False,2020-07-22T22:00:00+00:00,0,False,False,0
SELL,236,WEEKLY,2020-07-26 18:00:00,2020-07-26 18:00:00,311.0,8.0,False,2020-07-26T22:00:00+00:00,0,False,False,0
SELL,241,NY,2020-07-30 09:30:00,2020-07-30 09:30:00,501.0,12.75,False,2020-07-30T13:30:00+00:00,0,False,False,0
SELL,255,PREMIUM,2020-08-12 18:00:00,2020-08-12 18:00:00,311.0,8.0,False,2020-08-12T22:00:00+00:00,0,False,False,0
SELL,262,NY,2020-08-20 09:30:00,2020-08-20 09:30:00,501.0,12.75,False,2020-08-20T13:30:00+00:00,0,False,False,0
SELL,266,NY,2020-08-25 09:30:00,2020-08-25 09:30:00,501.0,12.75,False,2020-08-25T13:30:00+00:00,0,False,False,0
SELL,267,PREMIUM,2020-08-25 18:00:00,2020-08-25 18:00:00,311.0,8.0,False,2020-08-25T22:00:00+00:00,0,False,False,0
SELL,269,WEAK,2020-08-26 18:00:00,2020-08-26 18:00:00,155.5,8.0,False,2020-08-26T22:00:00+00:00,0,False,False,0
SELL,274,NY,2020-08-31 09:30:00,2020-08-31 09:30:00,501.0,12.75,False,2020-08-31T13:30:00+00:00,0,False,False,0
SELL,280,PREMIUM,2020-09-03 18:00:00,2020-09-03 18:00:00,311.0,8.0,False,2020-09-03T22:00:00+00:00,0,False,False,0
SELL,281,NY,2020-09-04 09:30:00,2020-09-04 09:30:00,501.0,12.75,False,2020-09-04T13:30:00+00:00,0,False,False,0
SELL,284,NY,2020-09-08 09:30:00,2020-09-08 09:30:00,501.0,12.75,False,2020-09-08T13:30:00+00:00,0,False,False,0
SELL,300,NY,2020-09-21 09:30:00,2020-09-21 09:30:00,501.0,12.75,False,2020-09-21T13:30:00+00:00,0,False,False,0
SELL,309,NY,2020-09-29 09:30:00,2020-09-29 09:30:00,501.0,12.75,False,2020-09-29T13:30:00+00:00,0,False,False,0
SELL,313,NY,2020-10-02 09:30:00,2020-10-02 09:30:00,501.0,12.75,False,2020-10-02T13:30:00+00:00,0,False,False,0
SELL,317,PREMIUM,2020-10-06 18:00:00,2020-10-06 18:00:00,311.0,8.0,False,2020-10-06T22:00:00+00:00,0,False,False,0
SELL,321,NY,2020-10-09 09:30:00,2020-10-09 09:30:00,501.0,12.75,False,2020-10-09T13:30:00+00:00,0,False,False,0
SELL,322,WEEKLY,2020-10-11 18:00:00,2020-10-11 18:00:00,311.0,8.0,False,2020-10-11T22:00:00+00:00,0,False,False,0
SELL,329,NY,2020-10-15 09:30:00,2020-10-15 09:30:00,501.0,12.75,False,2020-10-15T13:30:00+00:00,0,False,False,0
SELL,336,NY,2020-10-21 09:30:00,2020-10-21 09:30:00,501.0,12.75,False,2020-10-21T13:30:00+00:00,0,False,False,0
SELL,347,NY,2020-10-30 09:30:00,2020-10-30 09:30:00,501.0,12.75,False,2020-10-30T13:30:00+00:00,0,False,False,0
SELL,348,WEEKLY,2020-11-01 18:00:00,2020-11-01 18:00:00,311.0,8.0,False,2020-11-01T23:00:00+00:00,0,False,False,0
SELL,351,WEAK,2020-11-03 18:00:00,2020-11-03 18:00:00,155.5,8.0,False,2020-11-03T23:00:00+00:00,0,False,False,0
SELL,352,NY,2020-11-04 09:30:00,2020-11-04 09:30:00,501.0,12.75,False,2020-11-04T14:30:00+00:00,0,False,False,0
SELL,355,WEAK,2020-11-05 18:00:00,2020-11-05 18:00:00,155.5,8.0,False,2020-11-05T23:00:00+00:00,0,False,False,0
SELL,357,WEEKLY,2020-11-08 18:00:00,2020-11-08 18:00:00,311.0,8.0,False,2020-11-08T23:00:00+00:00,0,False,False,0
SELL,361,NY,2020-11-11 09:30:00,2020-11-11 09:30:00,501.0,12.75,False,2020-11-11T14:30:00+00:00,0,False,False,0
SELL,364,NY,2020-11-13 09:30:00,2020-11-13 09:30:00,501.0,12.75,False,2020-11-13T14:30:00+00:00,0,False,False,0
SELL,370,WEAK,2020-11-18 18:00:00,2020-11-18 18:00:00,155.5,8.0,False,2020-11-18T23:00:00+00:00,0,False,False,0
SELL,372,WEAK,2020-11-19 18:00:00,2020-11-19 18:00:00,155.5,8.0,False,2020-11-19T23:00:00+00:00,0,False,False,0
SELL,373,NY,2020-11-20 09:30:00,2020-11-20 09:30:00,501.0,12.75,False,2020-11-20T14:30:00+00:00,0,False,False,0
SELL,378,NY,2020-11-25 09:30:00,2020-11-25 09:30:00,501.0,12.75,False,2020-11-25T14:30:00+00:00,0,False,False,0
SELL,380,NY,2020-11-27 09:30:00,2020-11-27 09:30:00,501.0,12.75,False,2020-11-27T14:30:00+00:00,0,False,False,0
SELL,409,NY,2020-12-29 09:30:00,2020-12-29 09:30:00,501.0,12.75,False,2020-12-29T14:30:00+00:00,0,False,False,0
SELL,428,NY,2021-01-14 09:30:00,2021-01-14 09:30:00,501.0,12.75,False,2021-01-14T14:30:00+00:00,0,False,False,0
SELL,430,WEEKLY,2021-01-17 18:00:00,2021-01-17 18:00:00,311.0,8.0,False,2021-01-17T23:00:00+00:00,0,False,False,0
SELL,444,NY,2021-01-27 09:30:00,2021-01-27 09:30:00,501.0,12.75,False,2021-01-27T14:30:00+00:00,0,False,False,0
SELL,446,NY,2021-01-28 09:30:00,2021-01-28 09:30:00,501.0,12.75,False,2021-01-28T14:30:00+00:00,0,False,False,0
SELL,448,NY,2021-01-29 09:30:00,2021-01-29 09:30:00,501.0,12.75,False,2021-01-29T14:30:00+00:00,0,False,False,0
SELL,458,WEEKLY,2021-02-07 18:00:00,2021-02-07 18:00:00,311.0,8.0,False,2021-02-07T23:00:00+00:00,0,False,False,0
SELL,461,NY,2021-02-10 09:30:00,2021-02-10 09:30:00,501.0,12.75,False,2021-02-10T14:30:00+00:00,0,False,False,0
SELL,468,NY,2021-02-16 09:30:00,2021-02-16 09:30:00,501.0,12.75,False,2021-02-16T14:30:00+00:00,0,False,False,0
SELL,477,WEAK,2021-02-24 18:00:00,2021-02-24 18:00:00,155.5,8.0,False,2021-02-24T23:00:00+00:00,0,False,False,0
SELL,480,NY,2021-02-26 09:30:00,2021-02-26 09:30:00,501.0,12.75,False,2021-02-26T14:30:00+00:00,0,False,False,0
SELL,483,PREMIUM,2021-03-01 18:00:00,2021-03-01 18:00:00,311.0,8.0,False,2021-03-01T23:00:00+00:00,0,False,False,0
SELL,487,NY,2021-03-04 09:30:00,2021-03-04 09:30:00,501.0,12.75,False,2021-03-04T14:30:00+00:00,0,False,False,0
SELL,492,NY,2021-03-09 09:30:00,2021-03-09 09:30:00,501.0,12.75,False,2021-03-09T14:30:00+00:00,0,False,False,0
SELL,498,NY,2021-03-15 09:30:00,2021-03-15 09:30:00,501.0,12.75,False,2021-03-15T13:30:00+00:00,0,False,False,0
SELL,501,WEAK,2021-03-17 18:00:00,2021-03-17 18:00:00,155.5,8.0,False,2021-03-17T22:00:00+00:00,0,False,False,0
SELL,505,WEEKLY,2021-03-21 18:00:00,2021-03-21 18:00:00,311.0,8.0,False,2021-03-21T22:00:00+00:00,0,False,False,0
SELL,512,WEEKLY,2021-03-28 18:00:00,2021-03-28 18:00:00,311.0,8.0,False,2021-03-28T22:00:00+00:00,0,False,False,0
SELL,530,WEAK,2021-04-15 18:00:00,2021-04-15 18:00:00,155.5,8.0,False,2021-04-15T22:00:00+00:00,0,False,False,0
SELL,531,NY,2021-04-16 09:30:00,2021-04-16 09:30:00,501.0,12.75,False,2021-04-16T13:30:00+00:00,0,False,False,0
SELL,533,NY,2021-04-19 09:30:00,2021-04-19 09:30:00,501.0,12.75,False,2021-04-19T13:30:00+00:00,0,False,False,0
SELL,534,NY,2021-04-20 09:30:00,2021-04-20 09:30:00,501.0,12.75,False,2021-04-20T13:30:00+00:00,0,False,False,0
SELL,545,PREMIUM,2021-04-28 18:00:00,2021-04-28 18:00:00,311.0,8.0,False,2021-04-28T22:00:00+00:00,0,False,False,0
SELL,547,WEAK,2021-04-29 18:00:00,2021-04-29 18:00:00,155.5,8.0,False,2021-04-29T22:00:00+00:00,0,False,False,0
SELL,564,NY,2021-05-14 09:30:00,2021-05-14 09:30:00,501.0,12.75,False,2021-05-14T13:30:00+00:00,0,False,False,0
SELL,569,NY,2021-05-19 09:30:00,2021-05-19 09:30:00,501.0,12.75,False,2021-05-19T13:30:00+00:00,0,False,False,0
SELL,574,NY,2021-05-24 09:30:00,2021-05-24 09:30:00,501.0,12.75,False,2021-05-24T13:30:00+00:00,0,False,False,0
SELL,584,NY,2021-06-02 09:30:00,2021-06-02 09:30:00,501.0,12.75,False,2021-06-02T13:30:00+00:00,0,False,False,0
SELL,594,NY,2021-06-10 09:30:00,2021-06-10 09:30:00,501.0,12.75,False,2021-06-10T13:30:00+00:00,0,False,False,0
SELL,598,NY,2021-06-14 09:30:00,2021-06-14 09:30:00,501.0,12.75,False,2021-06-14T13:30:00+00:00,0,False,False,0
SELL,601,PREMIUM,2021-06-16 18:00:00,2021-06-16 18:00:00,311.0,8.0,False,2021-06-16T22:00:00+00:00,0,False,False,0
SELL,604,NY,2021-06-18 09:30:00,2021-06-18 09:30:00,501.0,12.75,False,2021-06-18T13:30:00+00:00,0,False,False,0
SELL,605,WEEKLY,2021-06-20 18:00:00,2021-06-20 18:00:00,311.0,8.0,False,2021-06-20T22:00:00+00:00,0,False,False,0
SELL,617,WEAK,2021-07-01 18:00:00,2021-07-01 18:00:00,155.5,8.0,False,2021-07-01T22:00:00+00:00,0,False,False,0
SELL,620,NY,2021-07-05 09:30:00,2021-07-05 12:30:00,501.0,12.75,False,2021-07-05T16:30:00+00:00,0,False,False,0
SELL,624,NY,2021-07-08 09:30:00,2021-07-08 09:30:00,501.0,12.75,False,2021-07-08T13:30:00+00:00,0,False,False,0
SELL,629,WEAK,2021-07-13 18:00:00,2021-07-13 18:00:00,155.5,8.0,False,2021-07-13T22:00:00+00:00,0,False,False,0
SELL,630,NY,2021-07-14 09:30:00,2021-07-14 09:30:00,501.0,12.75,False,2021-07-14T13:30:00+00:00,0,False,False,0
SELL,647,PREMIUM,2021-07-27 18:00:00,2021-07-27 18:00:00,311.0,8.0,False,2021-07-27T22:00:00+00:00,0,False,False,0
SELL,648,NY,2021-07-28 09:30:00,2021-07-28 09:30:00,501.0,12.75,False,2021-07-28T13:30:00+00:00,0,False,False,0
SELL,654,NY,2021-08-02 09:30:00,2021-08-02 09:30:00,501.0,12.75,False,2021-08-02T13:30:00+00:00,0,False,False,0
SELL,664,NY,2021-08-11 09:30:00,2021-08-11 09:30:00,501.0,12.75,False,2021-08-11T13:30:00+00:00,0,False,False,0
SELL,667,WEEKLY,2021-08-15 18:00:00,2021-08-15 18:00:00,311.0,8.0,False,2021-08-15T22:00:00+00:00,0,False,False,0
SELL,672,NY,2021-08-18 09:30:00,2021-08-18 09:30:00,501.0,12.75,False,2021-08-18T13:30:00+00:00,0,False,False,0
SELL,676,NY,2021-08-20 09:30:00,2021-08-20 09:30:00,501.0,12.75,False,2021-08-20T13:30:00+00:00,0,False,False,0
SELL,693,WEAK,2021-09-06 18:00:00,2021-09-06 18:30:00,155.5,8.0,False,2021-09-06T22:30:00+00:00,0,False,False,0
SELL,703,NY,2021-09-15 09:30:00,2021-09-15 09:30:00,501.0,12.75,False,2021-09-15T13:30:00+00:00,0,False,False,0
SELL,705,NY,2021-09-16 09:30:00,2021-09-16 09:30:00,501.0,12.75,False,2021-09-16T13:30:00+00:00,0,False,False,0
SELL,709,NY,2021-09-20 09:30:00,2021-09-20 09:30:00,501.0,12.75,False,2021-09-20T13:30:00+00:00,0,False,False,0
SELL,715,NY,2021-09-23 09:30:00,2021-09-23 09:30:00,501.0,12.75,False,2021-09-23T13:30:00+00:00,0,False,False,0
SELL,717,NY,2021-09-24 09:30:00,2021-09-24 09:30:00,501.0,12.75,False,2021-09-24T13:30:00+00:00,0,False,False,0
SELL,720,NY,2021-09-28 09:30:00,2021-09-28 09:30:00,501.0,12.75,False,2021-09-28T13:30:00+00:00,0,False,False,0
SELL,722,NY,2021-09-29 09:30:00,2021-09-29 09:30:00,501.0,12.75,False,2021-09-29T13:30:00+00:00,0,False,False,0
SELL,726,WEEKLY,2021-10-03 18:00:00,2021-10-03 18:00:00,311.0,8.0,False,2021-10-03T22:00:00+00:00,0,False,False,0
SELL,732,NY,2021-10-07 09:30:00,2021-10-07 09:30:00,501.0,12.75,False,2021-10-07T13:30:00+00:00,0,False,False,0
SELL,736,NY,2021-10-11 09:30:00,2021-10-11 09:30:00,501.0,12.75,False,2021-10-11T13:30:00+00:00,0,False,False,0
SELL,743,NY,2021-10-18 09:30:00,2021-10-18 09:30:00,501.0,12.75,False,2021-10-18T13:30:00+00:00,0,False,False,0
SELL,751,PREMIUM,2021-10-25 18:00:00,2021-10-25 18:00:00,311.0,8.0,False,2021-10-25T22:00:00+00:00,0,False,False,0
SELL,752,NY,2021-10-26 09:30:00,2021-10-26 09:30:00,501.0,12.75,False,2021-10-26T13:30:00+00:00,0,False,False,0
SELL,756,NY,2021-10-28 09:30:00,2021-10-28 09:30:00,501.0,12.75,False,2021-10-28T13:30:00+00:00,0,False,False,0
SELL,758,NY,2021-10-29 09:30:00,2021-10-29 09:30:00,501.0,12.75,False,2021-10-29T13:30:00+00:00,0,False,False,0
SELL,766,NY,2021-11-08 09:30:00,2021-11-08 09:30:00,501.0,12.75,False,2021-11-08T14:30:00+00:00,0,False,False,0
SELL,767,NY,2021-11-09 09:30:00,2021-11-09 09:30:00,501.0,12.75,False,2021-11-09T14:30:00+00:00,0,False,False,0
SELL,786,NY,2021-11-26 09:30:00,2021-11-26 09:30:00,501.0,12.75,False,2021-11-26T14:30:00+00:00,0,False,False,0
SELL,787,NY,2021-11-29 09:30:00,2021-11-29 09:30:00,501.0,12.75,False,2021-11-29T14:30:00+00:00,0,False,False,0
SELL,792,NY,2021-12-02 09:30:00,2021-12-02 09:30:00,501.0,12.75,False,2021-12-02T14:30:00+00:00,0,False,False,0
SELL,794,NY,2021-12-03 09:30:00,2021-12-03 09:30:00,501.0,12.75,False,2021-12-03T14:30:00+00:00,0,False,False,0
SELL,803,NY,2021-12-14 09:30:00,2021-12-14 09:30:00,501.0,12.75,False,2021-12-14T14:30:00+00:00,0,False,False,0
SELL,806,NY,2021-12-17 09:30:00,2021-12-17 09:30:00,501.0,12.75,False,2021-12-17T14:30:00+00:00,0,False,False,0
SELL,807,WEEKLY,2021-12-19 18:00:00,2021-12-19 18:00:00,311.0,8.0,False,2021-12-19T23:00:00+00:00,0,False,False,0
SELL,816,NY,2021-12-30 09:30:00,2021-12-30 09:30:00,501.0,12.75,False,2021-12-30T14:30:00+00:00,0,False,False,0
SELL,823,NY,2022-01-06 09:30:00,2022-01-06 09:30:00,501.0,12.75,False,2022-01-06T14:30:00+00:00,0,False,False,0
SELL,834,WEEKLY,2022-01-16 18:00:00,2022-01-16 18:00:00,311.0,8.0,False,2022-01-16T23:00:00+00:00,0,False,False,0
SELL,840,PREMIUM,2022-01-20 18:00:00,2022-01-20 18:00:00,311.0,8.0,False,2022-01-20T23:00:00+00:00,0,False,False,0
SELL,841,NY,2022-01-21 09:30:00,2022-01-21 09:30:00,501.0,12.75,False,2022-01-21T14:30:00+00:00,0,False,False,0
SELL,842,WEEKLY,2022-01-23 18:00:00,2022-01-23 18:00:00,311.0,8.0,False,2022-01-23T23:00:00+00:00,0,False,False,0
SELL,844,WEAK,2022-01-24 18:00:00,2022-01-24 18:00:00,155.5,8.0,False,2022-01-24T23:00:00+00:00,0,False,False,0
SELL,845,NY,2022-01-25 09:30:00,2022-01-25 09:30:00,501.0,12.75,False,2022-01-25T14:30:00+00:00,0,False,False,0
SELL,848,WEAK,2022-01-26 18:00:00,2022-01-26 18:00:00,155.5,8.0,False,2022-01-26T23:00:00+00:00,0,False,False,0
SELL,858,NY,2022-02-03 09:30:00,2022-02-03 09:30:00,501.0,12.75,False,2022-02-03T14:30:00+00:00,0,False,False,0
SELL,863,NY,2022-02-08 09:30:00,2022-02-08 09:30:00,501.0,12.75,False,2022-02-08T14:30:00+00:00,0,False,False,0
SELL,869,NY,2022-02-14 09:30:00,2022-02-14 09:30:00,501.0,12.75,False,2022-02-14T14:30:00+00:00,0,False,False,0
SELL,870,NY,2022-02-15 09:30:00,2022-02-15 09:30:00,501.0,12.75,False,2022-02-15T14:30:00+00:00,0,False,False,0
SELL,873,WEAK,2022-02-16 18:00:00,2022-02-16 18:00:00,155.5,8.0,False,2022-02-16T23:00:00+00:00,0,False,False,0
SELL,874,NY,2022-02-17 09:30:00,2022-02-17 09:30:00,501.0,12.75,False,2022-02-17T14:30:00+00:00,0,False,False,0
SELL,879,WEAK,2022-02-22 18:00:00,2022-02-22 18:00:00,155.5,8.0,False,2022-02-22T23:00:00+00:00,0,False,False,0
SELL,880,NY,2022-02-23 09:30:00,2022-02-23 09:30:00,501.0,12.75,False,2022-02-23T14:30:00+00:00,0,False,False,0
SELL,882,NY,2022-02-24 09:30:00,2022-02-24 09:30:00,501.0,12.75,False,2022-02-24T14:30:00+00:00,0,False,False,0
SELL,885,WEEKLY,2022-02-27 18:00:00,2022-02-27 18:00:00,311.0,8.0,False,2022-02-27T23:00:00+00:00,0,False,False,0
SELL,887,NY,2022-03-01 09:30:00,2022-03-01 09:30:00,501.0,12.75,False,2022-03-01T14:30:00+00:00,0,False,False,0
SELL,889,PREMIUM,2022-03-02 18:00:00,2022-03-02 18:00:00,311.0,8.0,False,2022-03-02T23:00:00+00:00,0,False,False,0
SELL,892,WEEKLY,2022-03-06 18:00:00,2022-03-06 18:00:00,311.0,8.0,False,2022-03-06T23:00:00+00:00,0,False,False,0
SELL,893,NY,2022-03-07 09:30:00,2022-03-07 09:30:00,501.0,12.75,False,2022-03-07T14:30:00+00:00,0,False,False,0
SELL,897,WEAK,2022-03-09 18:00:00,2022-03-09 18:00:00,155.5,8.0,False,2022-03-09T23:00:00+00:00,0,False,False,0
SELL,900,WEEKLY,2022-03-13 18:00:00,2022-03-13 18:00:00,311.0,8.0,False,2022-03-13T22:00:00+00:00,0,False,False,0
SELL,901,NY,2022-03-14 09:30:00,2022-03-14 09:30:00,501.0,12.75,False,2022-03-14T13:30:00+00:00,0,False,False,0
SELL,909,NY,2022-03-21 09:30:00,2022-03-21 09:30:00,501.0,12.75,False,2022-03-21T13:30:00+00:00,0,False,False,0
SELL,910,NY,2022-03-22 09:30:00,2022-03-22 09:30:00,501.0,12.75,False,2022-03-22T13:30:00+00:00,0,False,False,0
SELL,913,NY,2022-03-25 09:30:00,2022-03-25 09:30:00,501.0,12.75,False,2022-03-25T13:30:00+00:00,0,False,False,0
SELL,919,NY,2022-04-01 09:30:00,2022-04-01 09:30:00,501.0,12.75,False,2022-04-01T13:30:00+00:00,0,False,False,0
SELL,933,NY,2022-04-19 09:30:00,2022-04-19 09:30:00,501.0,12.75,False,2022-04-19T13:30:00+00:00,0,False,False,0
SELL,937,NY,2022-04-22 09:30:00,2022-04-22 09:30:00,501.0,12.75,False,2022-04-22T13:30:00+00:00,0,False,False,0
SELL,939,NY,2022-04-25 09:30:00,2022-04-25 09:30:00,501.0,12.75,False,2022-04-25T13:30:00+00:00,0,False,False,0
SELL,944,NY,2022-04-28 09:30:00,2022-04-28 09:30:00,501.0,12.75,False,2022-04-28T13:30:00+00:00,0,False,False,0
SELL,946,NY,2022-04-29 09:30:00,2022-04-29 09:30:00,501.0,12.75,False,2022-04-29T13:30:00+00:00,0,False,False,0
SELL,948,NY,2022-05-02 09:30:00,2022-05-02 09:30:00,501.0,12.75,False,2022-05-02T13:30:00+00:00,0,False,False,0
SELL,950,WEAK,2022-05-03 18:00:00,2022-05-03 18:00:00,155.5,8.0,False,2022-05-03T22:00:00+00:00,0,False,False,0
SELL,956,NY,2022-05-09 09:30:00,2022-05-09 09:30:00,501.0,12.75,False,2022-05-09T13:30:00+00:00,0,False,False,0
SELL,957,NY,2022-05-10 09:30:00,2022-05-10 09:30:00,501.0,12.75,False,2022-05-10T13:30:00+00:00,0,False,False,0
SELL,959,NY,2022-05-11 09:30:00,2022-05-11 09:30:00,501.0,12.75,False,2022-05-11T13:30:00+00:00,0,False,False,0
SELL,960,NY,2022-05-12 09:30:00,2022-05-12 09:30:00,501.0,12.75,False,2022-05-12T13:30:00+00:00,0,False,False,0
SELL,963,WEEKLY,2022-05-15 18:00:00,2022-05-15 18:00:00,311.0,8.0,False,2022-05-15T22:00:00+00:00,0,False,False,0
SELL,966,NY,2022-05-18 09:30:00,2022-05-18 09:30:00,501.0,12.75,False,2022-05-18T13:30:00+00:00,0,False,False,0
SELL,975,NY,2022-05-26 09:30:00,2022-05-26 09:30:00,501.0,12.75,False,2022-05-26T13:30:00+00:00,0,False,False,0
SELL,977,WEEKLY,2022-05-29 18:00:00,2022-05-29 18:00:00,311.0,8.0,False,2022-05-29T22:00:00+00:00,0,False,False,0
SELL,982,NY,2022-06-03 09:30:00,2022-06-03 09:30:00,501.0,12.75,False,2022-06-03T13:30:00+00:00,0,False,False,0
SELL,987,NY,2022-06-09 09:30:00,2022-06-09 09:30:00,501.0,12.75,False,2022-06-09T13:30:00+00:00,0,False,False,0
SELL,993,NY,2022-06-15 09:30:00,2022-06-15 09:30:00,501.0,12.75,False,2022-06-15T13:30:00+00:00,0,False,False,0
SELL,998,WEEKLY,2022-06-19 18:00:00,2022-06-19 18:00:00,311.0,8.0,False,2022-06-19T22:00:00+00:00,0,False,False,0
SELL,1001,NY,2022-06-22 09:30:00,2022-06-22 09:30:00,501.0,12.75,False,2022-06-22T13:30:00+00:00,0,False,False,0
SELL,1005,WEEKLY,2022-06-26 18:00:00,2022-06-26 18:00:00,311.0,8.0,False,2022-06-26T22:00:00+00:00,0,False,False,0
SELL,1007,NY,2022-06-28 09:30:00,2022-06-28 09:30:00,501.0,12.75,False,2022-06-28T13:30:00+00:00,0,False,False,0
SELL,1010,NY,2022-07-01 09:30:00,2022-07-01 09:30:00,501.0,12.75,False,2022-07-01T13:30:00+00:00,0,False,False,0
SELL,1011,WEEKLY,2022-07-03 18:00:00,2022-07-03 18:00:00,311.0,8.0,False,2022-07-03T22:00:00+00:00,0,False,False,0
SELL,1014,NY,2022-07-06 09:30:00,2022-07-06 09:30:00,501.0,12.75,False,2022-07-06T13:30:00+00:00,0,False,False,0
SELL,1016,NY,2022-07-08 09:30:00,2022-07-08 09:30:00,501.0,12.75,False,2022-07-08T13:30:00+00:00,0,False,False,0
SELL,1017,WEEKLY,2022-07-10 18:00:00,2022-07-10 18:00:00,311.0,8.0,False,2022-07-10T22:00:00+00:00,0,False,False,0
SELL,1019,NY,2022-07-12 09:30:00,2022-07-12 09:30:00,501.0,12.75,False,2022-07-12T13:30:00+00:00,0,False,False,0
SELL,1020,NY,2022-07-13 09:30:00,2022-07-13 09:30:00,501.0,12.75,False,2022-07-13T13:30:00+00:00,0,False,False,0
SELL,1025,NY,2022-07-19 09:30:00,2022-07-19 09:30:00,501.0,12.75,False,2022-07-19T13:30:00+00:00,0,False,False,0
SELL,1030,NY,2022-07-25 09:30:00,2022-07-25 09:30:00,501.0,12.75,False,2022-07-25T13:30:00+00:00,0,False,False,0
SELL,1034,NY,2022-07-28 09:30:00,2022-07-28 09:30:00,501.0,12.75,False,2022-07-28T13:30:00+00:00,0,False,False,0
SELL,1035,PREMIUM,2022-07-28 18:00:00,2022-07-28 18:00:00,311.0,8.0,False,2022-07-28T22:00:00+00:00,0,False,False,0
SELL,1043,WEEKLY,2022-08-07 18:00:00,2022-08-07 18:00:00,311.0,8.0,False,2022-08-07T22:00:00+00:00,0,False,False,0
SELL,1044,NY,2022-08-08 09:30:00,2022-08-08 09:30:00,501.0,12.75,False,2022-08-08T13:30:00+00:00,0,False,False,0
SELL,1052,NY,2022-08-16 09:30:00,2022-08-16 09:30:00,501.0,12.75,False,2022-08-16T13:30:00+00:00,0,False,False,0
SELL,1057,WEEKLY,2022-08-21 18:00:00,2022-08-21 18:00:00,311.0,8.0,False,2022-08-21T22:00:00+00:00,0,False,False,0
SELL,1060,NY,2022-08-24 09:30:00,2022-08-24 09:30:00,501.0,12.75,False,2022-08-24T13:30:00+00:00,0,False,False,0
SELL,1064,WEEKLY,2022-08-28 18:00:00,2022-08-28 18:00:00,311.0,8.0,False,2022-08-28T22:00:00+00:00,0,False,False,0
SELL,1065,NY,2022-08-29 09:30:00,2022-08-29 09:30:00,501.0,12.75,False,2022-08-29T13:30:00+00:00,0,False,False,0
SELL,1069,NY,2022-08-31 09:30:00,2022-08-31 09:30:00,501.0,12.75,False,2022-08-31T13:30:00+00:00,0,False,False,0
SELL,1074,NY,2022-09-06 09:30:00,2022-09-06 09:30:00,501.0,12.75,False,2022-09-06T13:30:00+00:00,0,False,False,0
SELL,1076,NY,2022-09-08 09:30:00,2022-09-08 09:30:00,501.0,12.75,False,2022-09-08T13:30:00+00:00,0,False,False,0
SELL,1092,WEAK,2022-09-22 18:00:00,2022-09-22 18:00:00,155.5,8.0,False,2022-09-22T22:00:00+00:00,0,False,False,0
SELL,1100,NY,2022-09-30 09:30:00,2022-09-30 09:30:00,501.0,12.75,False,2022-09-30T13:30:00+00:00,0,False,False,0
SELL,1107,WEEKLY,2022-10-09 18:00:00,2022-10-09 18:00:00,311.0,8.0,False,2022-10-09T22:00:00+00:00,0,False,False,0
SELL,1116,NY,2022-10-18 09:30:00,2022-10-18 09:30:00,501.0,12.75,False,2022-10-18T13:30:00+00:00,0,False,False,0
SELL,1134,NY,2022-11-01 09:30:00,2022-11-01 09:30:00,501.0,12.75,False,2022-11-01T13:30:00+00:00,0,False,False,0
SELL,1141,NY,2022-11-09 09:30:00,2022-11-09 09:30:00,501.0,12.75,False,2022-11-09T14:30:00+00:00,0,False,False,0
SELL,1142,NY,2022-11-10 09:30:00,2022-11-10 09:30:00,501.0,12.75,False,2022-11-10T14:30:00+00:00,0,False,False,0
SELL,1146,NY,2022-11-14 09:30:00,2022-11-14 09:30:00,501.0,12.75,False,2022-11-14T14:30:00+00:00,0,False,False,0
SELL,1153,NY,2022-11-21 09:30:00,2022-11-21 09:30:00,501.0,12.75,False,2022-11-21T14:30:00+00:00,0,False,False,0
SELL,1158,WEEKLY,2022-11-27 18:00:00,2022-11-27 18:00:00,311.0,8.0,False,2022-11-27T23:00:00+00:00,0,False,False,0
SELL,1161,NY,2022-11-30 09:30:00,2022-11-30 09:30:00,501.0,12.75,False,2022-11-30T14:30:00+00:00,0,False,False,0
SELL,1168,NY,2022-12-07 09:30:00,2022-12-07 09:30:00,501.0,12.75,False,2022-12-07T14:30:00+00:00,0,False,False,0
SELL,1178,NY,2022-12-16 09:30:00,2022-12-16 09:30:00,501.0,12.75,False,2022-12-16T14:30:00+00:00,0,False,False,0
SELL,1179,WEEKLY,2022-12-18 18:00:00,2022-12-18 18:00:00,311.0,8.0,False,2022-12-18T23:00:00+00:00,0,False,False,0
SELL,1184,NY,2022-12-23 09:30:00,2022-12-23 09:30:00,501.0,12.75,False,2022-12-23T14:30:00+00:00,0,False,False,0
SELL,1186,NY,2022-12-28 09:30:00,2022-12-28 09:30:00,501.0,12.75,False,2022-12-28T14:30:00+00:00,0,False,False,0
SELL,1188,NY,2022-12-30 09:30:00,2022-12-30 09:30:00,501.0,12.75,False,2022-12-30T14:30:00+00:00,0,False,False,0
SELL,1192,NY,2023-01-06 09:30:00,2023-01-06 09:30:00,501.0,12.75,False,2023-01-06T14:30:00+00:00,0,False,False,0
SELL,1201,NY,2023-01-17 09:30:00,2023-01-17 09:30:00,501.0,12.75,False,2023-01-17T14:30:00+00:00,0,False,False,0
SELL,1202,NY,2023-01-18 09:30:00,2023-01-18 09:30:00,501.0,12.75,False,2023-01-18T14:30:00+00:00,0,False,False,0
SELL,1209,NY,2023-01-24 09:30:00,2023-01-24 09:30:00,501.0,12.75,False,2023-01-24T14:30:00+00:00,0,False,False,0
SELL,1211,NY,2023-01-25 09:30:00,2023-01-25 09:30:00,501.0,12.75,False,2023-01-25T14:30:00+00:00,0,False,False,0
SELL,1217,NY,2023-01-30 09:30:00,2023-01-30 09:30:00,501.0,12.75,False,2023-01-30T14:30:00+00:00,0,False,False,0
SELL,1223,NY,2023-02-03 09:30:00,2023-02-03 09:30:00,501.0,12.75,False,2023-02-03T14:30:00+00:00,0,False,False,0
SELL,1235,NY,2023-02-17 09:30:00,2023-02-17 09:30:00,501.0,12.75,False,2023-02-17T14:30:00+00:00,0,False,False,0
SELL,1245,NY,2023-02-28 09:30:00,2023-02-28 09:30:00,501.0,12.75,False,2023-02-28T14:30:00+00:00,0,False,False,0
SELL,1254,NY,2023-03-09 09:30:00,2023-03-09 09:30:00,501.0,12.75,False,2023-03-09T14:30:00+00:00,0,False,False,0
SELL,1255,WEAK,2023-03-09 18:00:00,2023-03-09 18:00:00,155.5,8.0,False,2023-03-09T23:00:00+00:00,0,False,False,0
SELL,1258,NY,2023-03-13 09:30:00,2023-03-13 09:30:00,501.0,12.75,False,2023-03-13T13:30:00+00:00,0,False,False,0
SELL,1259,WEAK,2023-03-13 18:00:00,2023-03-13 18:00:00,155.5,8.0,False,2023-03-13T22:00:00+00:00,0,False,False,0
SELL,1263,NY,2023-03-17 09:30:00,2023-03-17 09:30:00,501.0,12.75,False,2023-03-17T13:30:00+00:00,0,False,False,0
SELL,1264,WEEKLY,2023-03-19 18:00:00,2023-03-19 18:00:00,311.0,8.0,False,2023-03-19T22:00:00+00:00,0,False,False,0
SELL,1286,NY,2023-04-12 09:30:00,2023-04-12 09:30:00,501.0,12.75,False,2023-04-12T13:30:00+00:00,0,False,False,0
SELL,1291,NY,2023-04-17 09:30:00,2023-04-17 09:30:00,501.0,12.75,False,2023-04-17T13:30:00+00:00,0,False,False,0
SELL,1295,NY,2023-04-21 09:30:00,2023-04-21 09:30:00,501.0,12.75,False,2023-04-21T13:30:00+00:00,0,False,False,0
SELL,1300,PREMIUM,2023-04-25 18:00:00,2023-04-25 18:00:00,311.0,8.0,False,2023-04-25T22:00:00+00:00,0,False,False,0
SELL,1305,NY,2023-04-28 09:30:00,2023-04-28 09:30:00,501.0,12.75,False,2023-04-28T13:30:00+00:00,0,False,False,0
SELL,1308,WEAK,2023-05-01 18:00:00,2023-05-01 18:00:00,155.5,8.0,False,2023-05-01T22:00:00+00:00,0,False,False,0
SELL,1312,WEAK,2023-05-03 18:00:00,2023-05-03 18:00:00,155.5,8.0,False,2023-05-03T22:00:00+00:00,0,False,False,0
SELL,1315,NY,2023-05-05 09:30:00,2023-05-05 09:30:00,501.0,12.75,False,2023-05-05T13:30:00+00:00,0,False,False,0
SELL,1322,WEEKLY,2023-05-14 18:00:00,2023-05-14 18:00:00,311.0,8.0,False,2023-05-14T22:00:00+00:00,0,False,False,0
SELL,1329,WEEKLY,2023-05-21 18:00:00,2023-05-21 18:00:00,311.0,8.0,False,2023-05-21T22:00:00+00:00,0,False,False,0
SELL,1345,NY,2023-06-06 09:30:00,2023-06-06 09:30:00,501.0,12.75,False,2023-06-06T13:30:00+00:00,0,False,False,0
SELL,1362,NY,2023-06-22 09:30:00,2023-06-22 09:30:00,501.0,12.75,False,2023-06-22T13:30:00+00:00,0,False,False,0
SELL,1363,PREMIUM,2023-06-22 18:00:00,2023-06-22 18:00:00,311.0,8.0,False,2023-06-22T22:00:00+00:00,0,False,False,0
SELL,1370,NY,2023-06-30 09:30:00,2023-06-30 09:30:00,501.0,12.75,False,2023-06-30T13:30:00+00:00,0,False,False,0
SELL,1372,NY,2023-07-03 09:30:00,2023-07-03 09:30:00,501.0,12.75,False,2023-07-03T13:30:00+00:00,0,False,False,0
SELL,1377,NY,2023-07-07 09:30:00,2023-07-07 09:30:00,501.0,12.75,False,2023-07-07T13:30:00+00:00,0,False,False,0
SELL,1378,WEEKLY,2023-07-09 18:00:00,2023-07-09 18:00:00,311.0,8.0,False,2023-07-09T22:00:00+00:00,0,False,False,0
SELL,1384,WEEKLY,2023-07-16 18:00:00,2023-07-16 18:00:00,311.0,8.0,False,2023-07-16T22:00:00+00:00,0,False,False,0
SELL,1399,WEEKLY,2023-07-30 18:00:00,2023-07-30 18:00:00,311.0,8.0,False,2023-07-30T22:00:00+00:00,0,False,False,0
SELL,1400,NY,2023-07-31 09:30:00,2023-07-31 09:30:00,501.0,12.75,False,2023-07-31T13:30:00+00:00,0,False,False,0
SELL,1402,WEAK,2023-08-01 18:00:00,2023-08-01 18:00:00,155.5,8.0,False,2023-08-01T22:00:00+00:00,0,False,False,0
SELL,1406,PREMIUM,2023-08-03 18:00:00,2023-08-03 18:00:00,311.0,8.0,False,2023-08-03T22:00:00+00:00,0,False,False,0
SELL,1407,NY,2023-08-04 09:30:00,2023-08-04 09:30:00,501.0,12.75,False,2023-08-04T13:30:00+00:00,0,False,False,0
SELL,1408,WEEKLY,2023-08-06 18:00:00,2023-08-06 18:00:00,311.0,8.0,False,2023-08-06T22:00:00+00:00,0,False,False,0
SELL,1409,NY,2023-08-07 09:30:00,2023-08-07 09:30:00,501.0,12.75,False,2023-08-07T13:30:00+00:00,0,False,False,0
SELL,1410,NY,2023-08-08 09:30:00,2023-08-08 09:30:00,501.0,12.75,False,2023-08-08T13:30:00+00:00,0,False,False,0
SELL,1412,NY,2023-08-10 09:30:00,2023-08-10 09:30:00,501.0,12.75,False,2023-08-10T13:30:00+00:00,0,False,False,0
SELL,1413,NY,2023-08-11 09:30:00,2023-08-11 09:30:00,501.0,12.75,False,2023-08-11T13:30:00+00:00,0,False,False,0
SELL,1416,NY,2023-08-15 09:30:00,2023-08-15 09:30:00,501.0,12.75,False,2023-08-15T13:30:00+00:00,0,False,False,0
SELL,1422,WEEKLY,2023-08-20 18:00:00,2023-08-20 18:00:00,311.0,8.0,False,2023-08-20T22:00:00+00:00,0,False,False,0
SELL,1426,PREMIUM,2023-08-23 18:00:00,2023-08-23 18:00:00,311.0,8.0,False,2023-08-23T22:00:00+00:00,0,False,False,0
SELL,1432,NY,2023-08-29 09:30:00,2023-08-29 09:30:00,501.0,12.75,False,2023-08-29T13:30:00+00:00,0,False,False,0
SELL,1444,NY,2023-09-12 09:30:00,2023-09-12 09:30:00,501.0,12.75,False,2023-09-12T13:30:00+00:00,0,False,False,0
SELL,1452,NY,2023-09-20 09:30:00,2023-09-20 09:30:00,501.0,12.75,False,2023-09-20T13:30:00+00:00,0,False,False,0
SELL,1454,NY,2023-09-21 09:30:00,2023-09-21 09:30:00,501.0,12.75,False,2023-09-21T13:30:00+00:00,0,False,False,0
SELL,1464,WEEKLY,2023-10-01 18:00:00,2023-10-01 18:00:00,311.0,8.0,False,2023-10-01T22:00:00+00:00,0,False,False,0
SELL,1465,NY,2023-10-02 09:30:00,2023-10-02 09:30:00,501.0,12.75,False,2023-10-02T13:30:00+00:00,0,False,False,0
SELL,1471,WEEKLY,2023-10-08 18:00:00,2023-10-08 18:00:00,311.0,8.0,False,2023-10-08T22:00:00+00:00,0,False,False,0
SELL,1476,NY,2023-10-13 09:30:00,2023-10-13 09:30:00,501.0,12.75,False,2023-10-13T13:30:00+00:00,0,False,False,0
SELL,1481,NY,2023-10-19 09:30:00,2023-10-19 09:30:00,501.0,12.75,False,2023-10-19T13:30:00+00:00,0,False,False,0
SELL,1485,NY,2023-10-24 09:30:00,2023-10-24 09:30:00,501.0,12.75,False,2023-10-24T13:30:00+00:00,0,False,False,0
SELL,1489,NY,2023-10-26 09:30:00,2023-10-26 09:30:00,501.0,12.75,False,2023-10-26T13:30:00+00:00,0,False,False,0
SELL,1493,NY,2023-10-30 09:30:00,2023-10-30 09:30:00,501.0,12.75,False,2023-10-30T13:30:00+00:00,0,False,False,0
SELL,1503,NY,2023-11-08 09:30:00,2023-11-08 09:30:00,501.0,12.75,False,2023-11-08T14:30:00+00:00,0,False,False,0
SELL,1506,WEEKLY,2023-11-12 18:00:00,2023-11-12 18:00:00,311.0,8.0,False,2023-11-12T23:00:00+00:00,0,False,False,0
SELL,1508,NY,2023-11-14 09:30:00,2023-11-14 09:30:00,501.0,12.75,False,2023-11-14T14:30:00+00:00,0,False,False,0
SELL,1520,NY,2023-11-27 09:30:00,2023-11-27 09:30:00,501.0,12.75,False,2023-11-27T14:30:00+00:00,0,False,False,0
SELL,1532,NY,2023-12-07 09:30:00,2023-12-07 09:30:00,501.0,12.75,False,2023-12-07T14:30:00+00:00,0,False,False,0
SELL,1541,NY,2023-12-18 09:30:00,2023-12-18 09:30:00,501.0,12.75,False,2023-12-18T14:30:00+00:00,0,False,False,0
SELL,1555,WEEKLY,2024-01-07 18:00:00,2024-01-07 18:00:00,311.0,8.0,False,2024-01-07T23:00:00+00:00,0,False,False,0
SELL,1569,NY,2024-01-23 09:30:00,2024-01-23 09:30:00,511.0,13.0,False,2024-01-23T14:30:00+00:00,0,False,False,0
SELL,1574,PREMIUM,2024-01-25 18:00:00,2024-01-25 18:00:00,311.0,8.0,False,2024-01-25T23:00:00+00:00,0,False,False,0
SELL,1576,WEEKLY,2024-01-28 18:00:00,2024-01-28 18:00:00,311.0,8.0,False,2024-01-28T23:00:00+00:00,0,False,False,0
SELL,1583,PREMIUM,2024-02-01 18:00:00,2024-02-01 18:00:00,321.0,8.25,False,2024-02-01T23:00:00+00:00,0,False,False,0
SELL,1587,NY,2024-02-06 09:30:00,2024-02-06 09:30:00,531.0,13.5,False,2024-02-06T14:30:00+00:00,0,False,False,0
SELL,1621,NY,2024-03-08 09:30:00,2024-03-08 09:30:00,541.0,13.75,False,2024-03-08T14:30:00+00:00,0,False,False,0
SELL,1635,NY,2024-03-20 09:30:00,2024-03-20 09:30:00,541.0,13.75,False,2024-03-20T13:30:00+00:00,0,False,False,0
SELL,1639,NY,2024-03-25 09:30:00,2024-03-25 09:30:00,541.0,13.75,False,2024-03-25T13:30:00+00:00,0,False,False,0
SELL,1641,NY,2024-03-26 09:30:00,2024-03-26 09:30:00,541.0,13.75,False,2024-03-26T13:30:00+00:00,0,False,False,0
SELL,1645,NY,2024-04-01 09:30:00,2024-04-01 09:30:00,541.0,13.75,False,2024-04-01T13:30:00+00:00,0,False,False,0
SELL,1650,NY,2024-04-05 09:30:00,2024-04-05 09:30:00,531.0,13.5,False,2024-04-05T13:30:00+00:00,0,False,False,0
SELL,1651,WEEKLY,2024-04-07 18:00:00,2024-04-07 18:00:00,331.0,8.5,False,2024-04-07T22:00:00+00:00,0,False,False,0
SELL,1654,NY,2024-04-10 09:30:00,2024-04-10 09:30:00,531.0,13.5,False,2024-04-10T13:30:00+00:00,0,False,False,0
SELL,1655,WEAK,2024-04-10 18:00:00,2024-04-10 18:00:00,160.5,8.25,False,2024-04-10T22:00:00+00:00,0,False,False,0
SELL,1657,NY,2024-04-12 09:30:00,2024-04-12 09:30:00,541.0,13.75,False,2024-04-12T13:30:00+00:00,0,False,False,0
SELL,1668,NY,2024-04-23 09:30:00,2024-04-23 09:30:00,511.0,13.0,False,2024-04-23T13:30:00+00:00,0,False,False,0
SELL,1669,NY,2024-04-24 09:30:00,2024-04-24 09:30:00,531.0,13.5,False,2024-04-24T13:30:00+00:00,0,False,False,0
SELL,1670,PREMIUM,2024-04-24 18:00:00,2024-04-24 18:00:00,311.0,8.0,False,2024-04-24T22:00:00+00:00,0,False,False,0
SELL,1673,NY,2024-04-26 09:30:00,2024-04-26 09:30:00,531.0,13.5,False,2024-04-26T13:30:00+00:00,0,False,False,0
SELL,1674,WEEKLY,2024-04-28 18:00:00,2024-04-28 18:00:00,321.0,8.25,False,2024-04-28T22:00:00+00:00,0,False,False,0
SELL,1677,PREMIUM,2024-04-30 18:00:00,2024-04-30 18:00:00,311.0,8.0,False,2024-04-30T22:00:00+00:00,0,False,False,0
SELL,1685,NY,2024-05-07 09:30:00,2024-05-07 09:30:00,531.0,13.5,False,2024-05-07T13:30:00+00:00,0,False,False,0
SELL,1687,NY,2024-05-09 09:30:00,2024-05-09 09:30:00,531.0,13.5,False,2024-05-09T13:30:00+00:00,0,False,False,0
SELL,1688,NY,2024-05-10 09:30:00,2024-05-10 09:30:00,541.0,13.75,False,2024-05-10T13:30:00+00:00,0,False,False,0
SELL,1692,NY,2024-05-15 09:30:00,2024-05-15 09:30:00,541.0,13.75,False,2024-05-15T13:30:00+00:00,0,False,False,0
SELL,1712,NY,2024-06-03 09:30:00,2024-06-03 09:30:00,541.0,13.75,False,2024-06-03T13:30:00+00:00,0,False,False,0
SELL,1717,NY,2024-06-07 09:30:00,2024-06-07 09:30:00,551.0,14.0,False,2024-06-07T13:30:00+00:00,0,False,False,0
SELL,1718,WEEKLY,2024-06-09 18:00:00,2024-06-09 18:00:00,341.0,8.75,False,2024-06-09T22:00:00+00:00,0,False,False,0
SELL,1721,NY,2024-06-12 09:30:00,2024-06-12 09:30:00,551.0,14.0,False,2024-06-12T13:30:00+00:00,0,False,False,0
SELL,1748,WEEKLY,2024-07-07 18:00:00,2024-07-07 18:00:00,351.0,9.0,False,2024-07-07T22:00:00+00:00,0,False,False,0
SELL,1753,WEAK,2024-07-11 18:00:00,2024-07-11 18:00:00,175.5,9.0,False,2024-07-11T22:00:00+00:00,0,False,False,0
SELL,1754,NY,2024-07-12 09:30:00,2024-07-12 09:30:00,581.0,14.75,False,2024-07-12T13:30:00+00:00,0,False,False,0
SELL,1757,NY,2024-07-16 09:30:00,2024-07-16 09:30:00,581.0,14.75,False,2024-07-16T13:30:00+00:00,0,False,False,0
SELL,1761,NY,2024-07-19 09:30:00,2024-07-19 09:30:00,571.0,14.5,False,2024-07-19T13:30:00+00:00,0,False,False,0
SELL,1765,WEAK,2024-07-23 18:00:00,2024-07-23 18:00:00,175.5,9.0,False,2024-07-23T22:00:00+00:00,0,False,False,0
SELL,1776,PREMIUM,2024-07-31 18:00:00,2024-07-31 18:00:00,341.0,8.75,False,2024-07-31T22:00:00+00:00,0,False,False,0
SELL,1778,PREMIUM,2024-08-01 18:00:00,2024-08-01 18:00:00,341.0,8.75,False,2024-08-01T22:00:00+00:00,0,False,False,0
SELL,1780,WEEKLY,2024-08-04 18:00:00,2024-08-04 18:00:00,331.0,8.5,False,2024-08-04T22:00:00+00:00,0,False,False,0
SELL,1781,NY,2024-08-05 09:30:00,2024-08-05 09:30:00,511.0,13.0,False,2024-08-05T13:30:00+00:00,0,False,False,0
SELL,1785,NY,2024-08-07 09:30:00,2024-08-07 09:30:00,541.0,13.75,False,2024-08-07T13:30:00+00:00,0,False,False,0
SELL,1789,WEEKLY,2024-08-11 18:00:00,2024-08-11 18:00:00,331.0,8.5,False,2024-08-11T22:00:00+00:00,0,False,False,0
SELL,1792,NY,2024-08-14 09:30:00,2024-08-14 09:30:00,551.0,14.0,False,2024-08-14T13:30:00+00:00,0,False,False,0
SELL,1793,NY,2024-08-15 09:30:00,2024-08-15 09:30:00,551.0,14.0,False,2024-08-15T13:30:00+00:00,0,False,False,0
SELL,1795,WEEKLY,2024-08-18 18:00:00,2024-08-18 18:00:00,351.0,9.0,False,2024-08-18T22:00:00+00:00,0,False,False,0
SELL,1802,WEEKLY,2024-08-25 18:00:00,2024-08-25 18:00:00,351.0,9.0,False,2024-08-25T22:00:00+00:00,0,False,False,0
SELL,1803,NY,2024-08-26 09:30:00,2024-08-26 09:30:00,571.0,14.5,False,2024-08-26T13:30:00+00:00,0,False,False,0
SELL,1806,PREMIUM,2024-08-28 18:00:00,2024-08-28 18:00:00,341.0,8.75,False,2024-08-28T22:00:00+00:00,0,False,False,0
SELL,1807,NY,2024-08-29 09:30:00,2024-08-29 09:30:00,551.0,14.0,False,2024-08-29T13:30:00+00:00,0,False,False,0
SELL,1814,NY,2024-09-04 09:30:00,2024-09-04 09:30:00,541.0,13.75,False,2024-09-04T13:30:00+00:00,0,False,False,0
SELL,1819,NY,2024-09-09 09:30:00,2024-09-09 09:30:00,541.0,13.75,False,2024-09-09T13:30:00+00:00,0,False,False,0
SELL,1827,NY,2024-09-17 09:30:00,2024-09-17 09:30:00,571.0,14.5,False,2024-09-17T13:30:00+00:00,0,False,False,0
SELL,1829,WEAK,2024-09-18 18:00:00,2024-09-18 18:00:00,175.5,9.0,False,2024-09-18T22:00:00+00:00,0,False,False,0
SELL,1845,NY,2024-10-03 09:30:00,2024-10-03 09:30:00,571.0,14.5,False,2024-10-03T13:30:00+00:00,0,False,False,0
SELL,1846,PREMIUM,2024-10-03 18:00:00,2024-10-03 18:00:00,351.0,9.0,False,2024-10-03T22:00:00+00:00,0,False,False,0
SELL,1848,WEEKLY,2024-10-06 18:00:00,2024-10-06 18:00:00,351.0,9.0,False,2024-10-06T22:00:00+00:00,0,False,False,0
SELL,1849,NY,2024-10-07 09:30:00,2024-10-07 09:30:00,571.0,14.5,False,2024-10-07T13:30:00+00:00,0,False,False,0
SELL,1854,NY,2024-10-10 09:30:00,2024-10-10 09:30:00,581.0,14.75,False,2024-10-10T13:30:00+00:00,0,False,False,0
SELL,1867,NY,2024-10-23 09:30:00,2024-10-23 09:30:00,581.0,14.75,False,2024-10-23T13:30:00+00:00,0,False,False,0
SELL,1870,WEAK,2024-10-24 18:00:00,2024-10-24 18:00:00,175.5,9.0,False,2024-10-24T22:00:00+00:00,0,False,False,0
SELL,1880,WEEKLY,2024-11-03 18:00:00,2024-11-03 18:00:00,351.0,9.0,False,2024-11-03T23:00:00+00:00,0,False,False,0
SELL,1885,PREMIUM,2024-11-06 18:00:00,2024-11-06 18:00:00,351.0,9.0,False,2024-11-06T23:00:00+00:00,0,False,False,0
SELL,1893,WEAK,2024-11-13 18:00:00,2024-11-13 18:00:00,180.5,9.25,False,2024-11-13T23:00:00+00:00,0,False,False,0
SELL,1901,PREMIUM,2024-11-20 18:00:00,2024-11-20 18:00:00,351.0,9.0,False,2024-11-20T23:00:00+00:00,0,False,False,0
SELL,1904,NY,2024-11-22 09:30:00,2024-11-22 09:30:00,581.0,14.75,False,2024-11-22T14:30:00+00:00,0,False,False,0
SELL,1907,WEAK,2024-11-25 18:00:00,2024-11-25 18:00:00,175.5,9.0,False,2024-11-25T23:00:00+00:00,0,False,False,0
SELL,1913,NY,2024-12-02 09:30:00,2024-12-02 09:30:00,591.0,15.0,False,2024-12-02T14:30:00+00:00,0,False,False,0
SELL,1914,WEAK,2024-12-02 18:00:00,2024-12-02 18:00:00,180.5,9.25,False,2024-12-02T23:00:00+00:00,0,False,False,0
SELL,1915,NY,2024-12-03 09:30:00,2024-12-03 09:30:00,591.0,15.0,False,2024-12-03T14:30:00+00:00,0,False,False,0
SELL,1916,NY,2024-12-04 09:30:00,2024-12-04 09:30:00,591.0,15.0,False,2024-12-04T14:30:00+00:00,0,False,False,0
SELL,1919,WEEKLY,2024-12-08 18:00:00,2024-12-08 18:00:00,371.0,9.5,False,2024-12-08T23:00:00+00:00,0,False,False,0
SELL,1921,NY,2024-12-10 09:30:00,2024-12-10 09:30:00,591.0,15.0,False,2024-12-10T14:30:00+00:00,0,False,False,0
SELL,1922,NY,2024-12-11 09:30:00,2024-12-11 09:30:00,591.0,15.0,False,2024-12-11T14:30:00+00:00,0,False,False,0
SELL,1929,WEAK,2024-12-17 18:00:00,2024-12-17 18:00:00,190.5,9.75,False,2024-12-17T23:00:00+00:00,0,False,False,0
SELL,1933,PREMIUM,2024-12-19 18:00:00,2024-12-19 18:00:00,361.0,9.25,False,2024-12-19T23:00:00+00:00,0,False,False,0
SELL,1943,WEAK,2024-12-30 18:00:00,2024-12-30 18:00:00,180.5,9.25,False,2024-12-30T23:00:00+00:00,0,False,False,0
SELL,1944,NY,2024-12-31 09:30:00,2024-12-31 09:30:00,591.0,15.0,False,2024-12-31T14:30:00+00:00,0,False,False,0
SELL,1945,WEAK,2025-01-01 18:00:00,2025-01-01 18:00:00,180.5,9.25,False,2025-01-01T23:00:00+00:00,0,False,False,0
SELL,1948,NY,2025-01-03 09:30:00,2025-01-03 09:30:00,591.0,15.0,False,2025-01-03T14:30:00+00:00,0,False,False,0
SELL,1953,WEAK,2025-01-08 18:00:00,2025-01-08 18:00:00,180.5,9.25,False,2025-01-08T23:00:00+00:00,0,False,False,0
SELL,1956,WEEKLY,2025-01-12 18:00:00,2025-01-12 18:00:00,361.0,9.25,False,2025-01-12T23:00:00+00:00,0,False,False,0
SELL,1959,NY,2025-01-15 09:30:00,2025-01-15 09:30:00,591.0,15.0,False,2025-01-15T14:30:00+00:00,0,False,False,0
SELL,1964,WEAK,2025-01-20 18:00:00,2025-01-20 18:00:00,185.5,9.5,False,2025-01-20T23:00:00+00:00,0,False,False,0
SELL,1969,WEEKLY,2025-01-26 18:00:00,2025-01-26 18:00:00,371.0,9.5,False,2025-01-26T23:00:00+00:00,0,False,False,0
SELL,1974,PREMIUM,2025-01-29 18:00:00,2025-01-29 18:00:00,361.0,9.25,False,2025-01-29T23:00:00+00:00,0,False,False,0
SELL,1976,WEAK,2025-01-30 18:00:00,2025-01-30 18:00:00,185.5,9.5,False,2025-01-30T23:00:00+00:00,0,False,False,0
SELL,1978,WEEKLY,2025-02-02 18:00:00,2025-02-02 18:00:00,361.0,9.25,False,2025-02-02T23:00:00+00:00,0,False,False,0
SELL,1979,NY,2025-02-03 09:30:00,2025-02-03 09:30:00,591.0,15.0,False,2025-02-03T14:30:00+00:00,0,False,False,0
SELL,1981,NY,2025-02-04 09:30:00,2025-02-04 09:30:00,591.0,15.0,False,2025-02-04T14:30:00+00:00,0,False,False,0
SELL,1982,PREMIUM,2025-02-04 18:00:00,2025-02-04 18:00:00,361.0,9.25,False,2025-02-04T23:00:00+00:00,0,False,False,0
SELL,1985,WEAK,2025-02-06 18:00:00,2025-02-06 18:00:00,185.5,9.5,False,2025-02-06T23:00:00+00:00,0,False,False,0
SELL,1986,NY,2025-02-07 09:30:00,2025-02-07 09:30:00,611.0,15.5,False,2025-02-07T14:30:00+00:00,0,False,False,0
SELL,1987,WEEKLY,2025-02-09 18:00:00,2025-02-09 18:00:00,361.0,9.25,False,2025-02-09T23:00:00+00:00,0,False,False,0
SELL,2001,NY,2025-02-24 09:30:00,2025-02-24 09:30:00,611.0,15.5,False,2025-02-24T14:30:00+00:00,0,False,False,0
SELL,2006,NY,2025-02-27 09:30:00,2025-02-27 09:30:00,591.0,15.0,False,2025-02-27T14:30:00+00:00,0,False,False,0
SELL,2007,WEAK,2025-02-27 18:00:00,2025-02-27 18:00:00,175.5,9.0,False,2025-02-27T23:00:00+00:00,0,False,False,0
SELL,2010,NY,2025-03-03 09:30:00,2025-03-03 09:30:00,591.0,15.0,False,2025-03-03T14:30:00+00:00,0,False,False,0
SELL,2016,WEAK,2025-03-06 18:00:00,2025-03-06 18:00:00,175.5,9.0,False,2025-03-06T23:00:00+00:00,0,False,False,0
SELL,2018,WEEKLY,2025-03-09 18:00:00,2025-03-09 18:00:00,351.0,9.0,False,2025-03-09T22:00:00+00:00,0,False,False,0
SELL,2020,NY,2025-03-11 09:30:00,2025-03-11 09:30:00,551.0,14.0,False,2025-03-11T13:30:00+00:00,0,False,False,0
SELL,2021,WEAK,2025-03-11 18:00:00,2025-03-11 18:00:00,170.5,8.75,False,2025-03-11T22:00:00+00:00,0,False,False,0
SELL,2022,NY,2025-03-12 09:30:00,2025-03-12 09:30:00,571.0,14.5,False,2025-03-12T13:30:00+00:00,0,False,False,0
SELL,2025,NY,2025-03-14 09:30:00,2025-03-14 09:30:00,551.0,14.0,False,2025-03-14T13:30:00+00:00,0,False,False,0
SELL,2027,NY,2025-03-17 09:30:00,2025-03-17 09:30:00,571.0,14.5,False,2025-03-17T13:30:00+00:00,0,False,False,0
SELL,2029,NY,2025-03-19 09:30:00,2025-03-19 09:30:00,571.0,14.5,False,2025-03-19T13:30:00+00:00,0,False,False,0
SELL,2030,NY,2025-03-20 09:30:00,2025-03-20 09:30:00,571.0,14.5,False,2025-03-20T13:30:00+00:00,0,False,False,0
SELL,2031,NY,2025-03-21 09:30:00,2025-03-21 09:30:00,571.0,14.5,False,2025-03-21T13:30:00+00:00,0,False,False,0
SELL,2034,NY,2025-03-25 09:30:00,2025-03-25 09:30:00,581.0,14.75,False,2025-03-25T13:30:00+00:00,0,False,False,0
SELL,2038,WEEKLY,2025-03-30 18:00:00,2025-03-30 18:00:00,341.0,8.75,False,2025-03-30T22:00:00+00:00,0,False,False,0
SELL,2040,NY,2025-04-01 09:30:00,2025-04-01 09:30:00,551.0,14.0,False,2025-04-01T13:30:00+00:00,0,False,False,0
SELL,2046,NY,2025-04-04 09:30:00,2025-04-04 09:30:00,531.0,13.5,False,2025-04-04T13:30:00+00:00,0,False,False,0
SELL,2047,WEEKLY,2025-04-06 18:00:00,2025-04-06 18:00:00,311.0,8.0,False,2025-04-06T22:00:00+00:00,0,False,False,0
SELL,2049,PREMIUM,2025-04-07 18:00:00,2025-04-07 18:00:00,321.0,8.25,False,2025-04-07T22:00:00+00:00,0,False,False,0
SELL,2050,NY,2025-04-08 09:30:00,2025-04-08 09:30:00,531.0,13.5,False,2025-04-08T13:30:00+00:00,0,False,False,0
SELL,2053,PREMIUM,2025-04-09 18:00:00,2025-04-09 18:00:00,341.0,8.75,False,2025-04-09T22:00:00+00:00,0,False,False,0
SELL,2054,NY,2025-04-10 09:30:00,2025-04-10 09:30:00,541.0,13.75,False,2025-04-10T13:30:00+00:00,0,False,False,0
SELL,2060,NY,2025-04-15 09:30:00,2025-04-15 09:30:00,551.0,14.0,False,2025-04-15T13:30:00+00:00,0,False,False,0
SELL,2064,WEEKLY,2025-04-20 18:00:00,2025-04-20 18:00:00,331.0,8.5,False,2025-04-20T22:00:00+00:00,0,False,False,0
SELL,2072,WEEKLY,2025-04-27 18:00:00,2025-04-27 18:00:00,341.0,8.75,False,2025-04-27T22:00:00+00:00,0,False,False,0
SELL,2074,NY,2025-04-29 09:30:00,2025-04-29 09:30:00,551.0,14.0,False,2025-04-29T13:30:00+00:00,0,False,False,0
SELL,2075,WEAK,2025-04-29 18:00:00,2025-04-29 18:00:00,175.5,9.0,False,2025-04-29T22:00:00+00:00,0,False,False,0
SELL,2077,PREMIUM,2025-04-30 18:00:00,2025-04-30 18:00:00,351.0,9.0,False,2025-04-30T22:00:00+00:00,0,False,False,0
SELL,2080,NY,2025-05-02 09:30:00,2025-05-02 09:30:00,571.0,14.5,False,2025-05-02T13:30:00+00:00,0,False,False,0
SELL,2082,NY,2025-05-05 09:30:00,2025-05-05 09:30:00,571.0,14.5,False,2025-05-05T13:30:00+00:00,0,False,False,0
SELL,2083,NY,2025-05-06 09:30:00,2025-05-06 09:30:00,571.0,14.5,False,2025-05-06T13:30:00+00:00,0,False,False,0
SELL,2084,WEAK,2025-05-06 18:00:00,2025-05-06 18:00:00,175.5,9.0,False,2025-05-06T22:00:00+00:00,0,False,False,0
SELL,2090,NY,2025-05-13 09:30:00,2025-05-13 09:30:00,591.0,15.0,False,2025-05-13T13:30:00+00:00,0,False,False,0
SELL,2092,NY,2025-05-15 09:30:00,2025-05-15 09:30:00,591.0,15.0,False,2025-05-15T13:30:00+00:00,0,False,False,0
SELL,2094,WEEKLY,2025-05-18 18:00:00,2025-05-18 18:00:00,361.0,9.25,False,2025-05-18T22:00:00+00:00,0,False,False,0
SELL,2100,NY,2025-05-23 09:30:00,2025-05-23 09:30:00,581.0,14.75,False,2025-05-23T13:30:00+00:00,0,False,False,0
SELL,2101,WEEKLY,2025-05-25 18:00:00,2025-05-25 18:00:00,361.0,9.25,False,2025-05-25T22:00:00+00:00,0,False,False,0
SELL,2111,NY,2025-06-03 09:30:00,2025-06-03 09:30:00,591.0,15.0,False,2025-06-03T13:30:00+00:00,0,False,False,0
SELL,2119,NY,2025-06-10 09:30:00,2025-06-10 09:30:00,611.0,15.5,False,2025-06-10T13:30:00+00:00,0,False,False,0
SELL,2123,NY,2025-06-13 09:30:00,2025-06-13 09:30:00,611.0,15.5,False,2025-06-13T13:30:00+00:00,0,False,False,0
SELL,2124,WEEKLY,2025-06-15 18:00:00,2025-06-15 18:00:00,371.0,9.5,False,2025-06-15T22:00:00+00:00,0,False,False,0
SELL,2135,NY,2025-06-24 09:30:00,2025-06-24 09:30:00,621.0,15.75,False,2025-06-24T13:30:00+00:00,0,False,False,0
SELL,2147,WEEKLY,2025-07-06 18:00:00,2025-07-06 18:00:00,381.0,9.75,False,2025-07-06T22:00:00+00:00,0,False,False,0
SELL,2155,NY,2025-07-14 09:30:00,2025-07-14 09:30:00,631.0,16.0,True,2025-07-14T13:30:00+00:00,0,False,False,0
SELL,2171,PREMIUM,2025-07-30 18:00:00,2025-07-30 18:00:00,391.0,10.0,True,2025-07-30T22:00:00+00:00,0,False,False,0
SELL,2179,PREMIUM,2025-08-05 18:00:00,2025-08-05 18:00:00,391.0,10.0,True,2025-08-05T22:00:00+00:00,0,False,False,0
SELL,2181,NY,2025-08-07 09:30:00,2025-08-07 09:30:00,631.0,16.0,True,2025-08-07T13:30:00+00:00,0,False,False,0
SELL,2186,NY,2025-08-12 09:30:00,2025-08-12 09:30:00,631.0,16.0,True,2025-08-12T13:30:00+00:00,0,False,False,0
SELL,2187,WEAK,2025-08-12 18:00:00,2025-08-12 18:00:00,195.5,10.0,True,2025-08-12T22:00:00+00:00,0,False,False,0
SELL,2189,NY,2025-08-14 09:30:00,2025-08-14 09:30:00,631.0,16.0,True,2025-08-14T13:30:00+00:00,0,False,False,0
SELL,2203,NY,2025-08-27 09:30:00,2025-08-27 09:30:00,631.0,16.0,True,2025-08-27T13:30:00+00:00,0,False,False,0
SELL,2207,WEEKLY,2025-08-31 18:00:00,2025-08-31 18:00:00,391.0,10.0,True,2025-08-31T22:00:00+00:00,0,False,False,0
SELL,2214,NY,2025-09-04 09:30:00,2025-09-04 09:30:00,631.0,16.0,True,2025-09-04T13:30:00+00:00,0,False,False,0
SELL,2228,NY,2025-09-18 09:30:00,2025-09-18 09:30:00,631.0,16.0,True,2025-09-18T13:30:00+00:00,0,False,False,0
SELL,2242,NY,2025-10-01 09:30:00,2025-10-01 09:30:00,631.0,16.0,True,2025-10-01T13:30:00+00:00,0,False,False,0
SELL,2250,NY,2025-10-10 09:30:00,2025-10-10 09:30:00,631.0,16.0,True,2025-10-10T13:30:00+00:00,0,False,False,0
SELL,2258,WEAK,2025-10-16 18:00:00,2025-10-16 18:00:00,195.5,10.0,True,2025-10-16T22:00:00+00:00,0,False,False,0
SELL,2259,NY,2025-10-17 09:30:00,2025-10-17 09:30:00,631.0,16.0,True,2025-10-17T13:30:00+00:00,0,False,False,0
SELL,2260,WEEKLY,2025-10-19 18:00:00,2025-10-19 18:00:00,391.0,10.0,True,2025-10-19T22:00:00+00:00,0,False,False,0
SELL,2264,WEAK,2025-10-22 18:00:00,2025-10-22 18:00:00,195.5,10.0,True,2025-10-22T22:00:00+00:00,0,False,False,0
SELL,2265,NY,2025-10-23 09:30:00,2025-10-23 09:30:00,631.0,16.0,True,2025-10-23T13:30:00+00:00,0,False,False,0
SELL,2268,WEEKLY,2025-10-26 18:00:00,2025-10-26 18:00:00,391.0,10.0,True,2025-10-26T22:00:00+00:00,0,False,False,0
SELL,2275,NY,2025-10-31 09:30:00,2025-10-31 09:30:00,631.0,16.0,True,2025-10-31T13:30:00+00:00,0,False,False,0
SELL,2276,WEEKLY,2025-11-02 18:00:00,2025-11-02 18:00:00,391.0,10.0,True,2025-11-02T23:00:00+00:00,0,False,False,0
SELL,2279,WEAK,2025-11-04 18:00:00,2025-11-04 18:00:00,195.5,10.0,True,2025-11-04T23:00:00+00:00,0,False,False,0
SELL,2282,PREMIUM,2025-11-06 18:00:00,2025-11-06 18:00:00,391.0,10.0,True,2025-11-06T23:00:00+00:00,0,False,False,0
SELL,2283,NY,2025-11-07 09:30:00,2025-11-07 09:30:00,631.0,16.0,True,2025-11-07T14:30:00+00:00,0,False,False,0
SELL,2292,NY,2025-11-17 09:30:00,2025-11-17 09:30:00,631.0,16.0,True,2025-11-17T14:30:00+00:00,0,False,False,0
SELL,2293,WEAK,2025-11-17 18:00:00,2025-11-17 18:00:00,195.5,10.0,True,2025-11-17T23:00:00+00:00,0,False,False,0
SELL,2294,NY,2025-11-18 09:30:00,2025-11-18 09:30:00,631.0,16.0,True,2025-11-18T14:30:00+00:00,0,False,False,0
SELL,2295,PREMIUM,2025-11-18 18:00:00,2025-11-18 18:00:00,391.0,10.0,True,2025-11-18T23:00:00+00:00,0,False,False,0
SELL,2296,NY,2025-11-19 09:30:00,2025-11-19 09:30:00,631.0,16.0,True,2025-11-19T14:30:00+00:00,0,False,False,0
SELL,2297,PREMIUM,2025-11-19 18:00:00,2025-11-19 18:00:00,391.0,10.0,True,2025-11-19T23:00:00+00:00,0,False,False,0
SELL,2300,NY,2025-11-21 09:30:00,2025-11-21 09:30:00,631.0,16.0,True,2025-11-21T14:30:00+00:00,0,False,False,0
SELL,2307,WEEKLY,2025-11-30 18:00:00,2025-11-30 18:00:00,391.0,10.0,True,2025-11-30T23:00:00+00:00,0,False,False,0
SELL,2308,NY,2025-12-01 09:30:00,2025-12-01 09:30:00,631.0,16.0,True,2025-12-01T14:30:00+00:00,0,False,False,0
SELL,2309,NY,2025-12-02 09:30:00,2025-12-02 09:30:00,631.0,16.0,True,2025-12-02T14:30:00+00:00,0,False,False,0
SELL,2310,NY,2025-12-03 09:30:00,2025-12-03 09:30:00,631.0,16.0,True,2025-12-03T14:30:00+00:00,0,False,False,0
SELL,2323,NY,2025-12-16 09:30:00,2025-12-16 09:30:00,631.0,16.0,True,2025-12-16T14:30:00+00:00,0,False,False,0
SELL,2326,NY,2025-12-18 09:30:00,2025-12-18 09:30:00,631.0,16.0,True,2025-12-18T14:30:00+00:00,0,False,False,0
SELL,2327,WEAK,2025-12-18 18:00:00,2025-12-18 18:00:00,195.5,10.0,True,2025-12-18T23:00:00+00:00,0,False,False,0
SELL,2339,NY,2026-01-02 09:30:00,2026-01-02 09:30:00,631.0,16.0,True,2026-01-02T14:30:00+00:00,0,False,False,0
SELL,2340,WEEKLY,2026-01-04 18:00:00,2026-01-04 18:00:00,391.0,10.0,True,2026-01-04T23:00:00+00:00,0,False,False,0
SELL,2343,NY,2026-01-07 09:30:00,2026-01-07 09:30:00,631.0,16.0,True,2026-01-07T14:30:00+00:00,0,False,False,0
SELL,2349,WEAK,2026-01-12 18:00:00,2026-01-12 18:00:00,195.5,10.0,True,2026-01-12T23:00:00+00:00,0,False,False,0
SELL,2350,NY,2026-01-13 09:30:00,2026-01-13 09:30:00,631.0,16.0,True,2026-01-13T14:30:00+00:00,0,False,False,0
SELL,2359,WEAK,2026-01-20 18:00:00,2026-01-20 18:00:00,195.5,10.0,True,2026-01-20T23:00:00+00:00,0,False,False,0
SELL,2363,NY,2026-01-23 09:30:00,2026-01-23 09:30:00,631.0,16.0,True,2026-01-23T14:30:00+00:00,0,False,False,0
SELL,2364,WEEKLY,2026-01-25 18:00:00,2026-01-25 18:00:00,391.0,10.0,True,2026-01-25T23:00:00+00:00,0,False,False,0
SELL,2366,NY,2026-01-27 09:30:00,2026-01-27 09:30:00,631.0,16.0,True,2026-01-27T14:30:00+00:00,0,False,False,0
SELL,2368,NY,2026-01-28 09:30:00,2026-01-28 09:30:00,631.0,16.0,True,2026-01-28T14:30:00+00:00,0,False,False,0
SELL,2372,NY,2026-01-30 09:30:00,2026-01-30 09:30:00,631.0,16.0,True,2026-01-30T14:30:00+00:00,0,False,False,0
SELL,2381,PREMIUM,2026-02-05 18:00:00,2026-02-05 18:00:00,391.0,10.0,True,2026-02-05T23:00:00+00:00,0,False,False,0
SELL,2382,NY,2026-02-06 09:30:00,2026-02-06 09:30:00,631.0,16.0,True,2026-02-06T14:30:00+00:00,0,False,False,0
SELL,2385,NY,2026-02-10 09:30:00,2026-02-10 09:30:00,631.0,16.0,True,2026-02-10T14:30:00+00:00,0,False,False,0
SELL,2387,NY,2026-02-12 09:30:00,2026-02-12 09:30:00,631.0,16.0,True,2026-02-12T14:30:00+00:00,0,False,False,0
SELL,2388,NY,2026-02-13 09:30:00,2026-02-13 09:30:00,631.0,16.0,True,2026-02-13T14:30:00+00:00,0,False,False,0
SELL,2389,WEEKLY,2026-02-15 18:00:00,2026-02-15 18:00:00,391.0,10.0,True,2026-02-15T23:00:00+00:00,0,False,False,0
SELL,2392,NY,2026-02-17 09:30:00,2026-02-17 09:30:00,631.0,16.0,True,2026-02-17T14:30:00+00:00,0,False,False,0
SELL,2395,NY,2026-02-19 09:30:00,2026-02-19 09:30:00,631.0,16.0,True,2026-02-19T14:30:00+00:00,0,False,False,0
SELL,2396,NY,2026-02-20 09:30:00,2026-02-20 09:30:00,631.0,16.0,True,2026-02-20T14:30:00+00:00,0,False,False,0
SELL,2397,WEEKLY,2026-02-22 18:00:00,2026-02-22 18:00:00,391.0,10.0,True,2026-02-22T23:00:00+00:00,0,False,False,0
SELL,2401,PREMIUM,2026-02-25 18:00:00,2026-02-25 18:00:00,391.0,10.0,True,2026-02-25T23:00:00+00:00,0,False,False,0
SELL,2402,NY,2026-02-26 09:30:00,2026-02-26 09:30:00,631.0,16.0,True,2026-02-26T14:30:00+00:00,0,False,False,0
SELL,2405,WEEKLY,2026-03-01 18:00:00,2026-03-01 18:00:00,391.0,10.0,True,2026-03-01T23:00:00+00:00,0,False,False,0
SELL,2406,NY,2026-03-02 09:30:00,2026-03-02 09:30:00,631.0,16.0,True,2026-03-02T14:30:00+00:00,0,False,False,0
SELL,2408,NY,2026-03-03 09:30:00,2026-03-03 09:30:00,631.0,16.0,True,2026-03-03T14:30:00+00:00,0,False,False,0
SELL,2410,NY,2026-03-04 09:30:00,2026-03-04 09:30:00,631.0,16.0,True,2026-03-04T14:30:00+00:00,0,False,False,0
SELL,2412,NY,2026-03-06 09:30:00,2026-03-06 09:30:00,631.0,16.0,True,2026-03-06T14:30:00+00:00,0,False,False,0
SELL,2415,WEAK,2026-03-09 18:00:00,2026-03-09 18:00:00,195.5,10.0,True,2026-03-09T22:00:00+00:00,0,False,False,0
SELL,2419,NY,2026-03-12 09:30:00,2026-03-12 09:30:00,631.0,16.0,True,2026-03-12T13:30:00+00:00,0,False,False,0
SELL,2423,NY,2026-03-16 09:30:00,2026-03-16 09:30:00,631.0,16.0,True,2026-03-16T13:30:00+00:00,0,False,False,0
SELL,2424,NY,2026-03-17 09:30:00,2026-03-17 09:30:00,631.0,16.0,True,2026-03-17T13:30:00+00:00,0,False,False,0
SELL,2425,NY,2026-03-18 09:30:00,2026-03-18 09:30:00,631.0,16.0,True,2026-03-18T13:30:00+00:00,0,False,False,0
SELL,2429,WEEKLY,2026-03-22 18:00:00,2026-03-22 18:00:00,391.0,10.0,True,2026-03-22T22:00:00+00:00,0,False,False,0
SELL,2432,NY,2026-03-24 09:30:00,2026-03-24 09:30:00,631.0,16.0,True,2026-03-24T13:30:00+00:00,0,False,False,0
SELL,2435,NY,2026-03-26 09:30:00,2026-03-26 09:30:00,631.0,16.0,True,2026-03-26T13:30:00+00:00,0,False,False,0
SELL,2438,WEEKLY,2026-03-29 18:00:00,2026-03-29 18:00:00,391.0,10.0,True,2026-03-29T22:00:00+00:00,0,False,False,0
SELL,2442,NY,2026-04-01 09:30:00,2026-04-01 09:30:00,631.0,16.0,True,2026-04-01T13:30:00+00:00,0,False,False,0
SELL,2446,NY,2026-04-07 09:30:00,2026-04-07 09:30:00,631.0,16.0,True,2026-04-07T13:30:00+00:00,0,False,False,0
SELL,2447,WEAK,2026-04-07 18:00:00,2026-04-07 18:00:00,195.5,10.0,True,2026-04-07T22:00:00+00:00,0,False,False,0
SELL,2452,NY,2026-04-13 09:30:00,2026-04-13 09:30:00,631.0,16.0,True,2026-04-13T13:30:00+00:00,0,False,False,0
SELL,2453,PREMIUM,2026-04-13 18:00:00,2026-04-13 18:00:00,391.0,10.0,True,2026-04-13T22:00:00+00:00,0,False,False,0
SELL,2460,WEAK,2026-04-20 18:00:00,2026-04-20 18:00:00,195.5,10.0,True,2026-04-20T22:00:00+00:00,0,False,False,0
SELL,2467,NY,2026-04-24 09:30:00,2026-04-24 09:30:00,631.0,16.0,True,2026-04-24T13:30:00+00:00,0,False,False,0
SELL,2473,NY,2026-04-30 09:30:00,2026-04-30 09:30:00,631.0,16.0,True,2026-04-30T13:30:00+00:00,0,False,False,0
SELL,2476,WEEKLY,2026-05-03 18:00:00,2026-05-03 18:00:00,391.0,10.0,True,2026-05-03T22:00:00+00:00,0,False,False,0
SELL,2478,NY,2026-05-05 09:30:00,2026-05-05 09:30:00,631.0,16.0,True,2026-05-05T13:30:00+00:00,0,False,False,0
SELL,2480,NY,2026-05-06 09:30:00,2026-05-06 09:30:00,631.0,16.0,True,2026-05-06T13:30:00+00:00,0,False,False,0
SELL,2481,WEAK,2026-05-06 18:00:00,2026-05-06 18:00:00,195.5,10.0,True,2026-05-06T22:00:00+00:00,0,False,False,0
SELL,2484,NY,2026-05-08 09:30:00,2026-05-08 09:30:00,631.0,16.0,True,2026-05-08T13:30:00+00:00,0,False,False,0
SELL,2486,NY,2026-05-11 09:30:00,2026-05-11 09:30:00,631.0,16.0,True,2026-05-11T13:30:00+00:00,0,False,False,0
SELL,2488,WEAK,2026-05-12 18:00:00,2026-05-12 18:00:00,195.5,10.0,True,2026-05-12T22:00:00+00:00,0,False,False,0
SELL,2490,NY,2026-05-14 09:30:00,2026-05-14 09:30:00,631.0,16.0,True,2026-05-14T13:30:00+00:00,0,False,False,0
SELL,2491,WEAK,2026-05-14 18:00:00,2026-05-14 18:00:00,195.5,10.0,True,2026-05-14T22:00:00+00:00,0,False,False,0
SELL,2493,WEEKLY,2026-05-17 18:00:00,2026-05-17 18:00:00,391.0,10.0,True,2026-05-17T22:00:00+00:00,0,False,False,0
SELL,2498,NY,2026-05-21 09:30:00,2026-05-21 09:30:00,631.0,16.0,True,2026-05-21T13:30:00+00:00,0,False,False,0
SELL,2499,NY,2026-05-22 09:30:00,2026-05-22 09:30:00,631.0,16.0,True,2026-05-22T13:30:00+00:00,0,False,False,0
SELL,2507,NY,2026-05-28 09:30:00,2026-05-28 09:30:00,631.0,16.0,True,2026-05-28T13:30:00+00:00,0,False,False,0
SELL,2508,NY,2026-05-29 09:30:00,2026-05-29 09:30:00,631.0,16.0,True,2026-05-29T13:30:00+00:00,0,False,False,0
SELL,2510,NY,2026-06-01 09:30:00,2026-06-01 09:30:00,631.0,16.0,True,2026-06-01T13:30:00+00:00,0,False,False,0
SELL,2513,NY,2026-06-03 09:30:00,2026-06-03 09:30:00,631.0,16.0,True,2026-06-03T13:30:00+00:00,0,False,False,0
SELL,2514,PREMIUM,2026-06-03 18:00:00,2026-06-03 18:00:00,391.0,10.0,True,2026-06-03T22:00:00+00:00,0,False,False,0
SELL,2515,NY,2026-06-04 09:30:00,2026-06-04 09:30:00,631.0,16.0,True,2026-06-04T13:30:00+00:00,0,False,False,0
SELL,2516,NY,2026-06-05 09:30:00,2026-06-05 09:30:00,631.0,16.0,True,2026-06-05T13:30:00+00:00,0,False,False,0
SELL,2517,WEEKLY,2026-06-07 18:00:00,2026-06-07 18:00:00,391.0,10.0,True,2026-06-07T22:00:00+00:00,0,False,False,0
SELL,2521,NY,2026-06-10 09:30:00,2026-06-10 09:30:00,631.0,16.0,True,2026-06-10T13:30:00+00:00,0,False,False,0
SELL,2524,WEAK,2026-06-11 18:00:00,2026-06-11 18:00:00,195.5,10.0,True,2026-06-11T22:00:00+00:00,0,False,False,0
SELL,2527,NY,2026-06-15 09:30:00,2026-06-15 09:30:00,631.0,16.0,True,2026-06-15T13:30:00+00:00,0,False,False,0
SELL,2534,NY,2026-06-22 09:30:00,2026-06-22 09:30:00,631.0,16.0,True,2026-06-22T13:30:00+00:00,0,False,False,0
SELL,2536,NY,2026-06-24 09:30:00,2026-06-24 09:30:00,631.0,16.0,True,2026-06-24T13:30:00+00:00,0,False,False,0
SELL,2542,NY,2026-06-29 09:30:00,2026-06-29 09:30:00,631.0,16.0,True,2026-06-29T13:30:00+00:00,0,False,False,0
SELL,2549,NY,2026-07-06 09:30:00,2026-07-06 09:30:00,631.0,16.0,True,2026-07-06T13:30:00+00:00,0,False,False,0
SELL,2550,NY,2026-07-07 09:30:00,2026-07-07 09:30:00,631.0,16.0,True,2026-07-07T13:30:00+00:00,0,False,False,0
SELL,2554,NY,2026-07-10 09:30:00,2026-07-10 09:30:00,631.0,16.0,True,2026-07-10T13:30:00+00:00,0,False,False,0
SELL,2559,NY,2026-07-16 09:30:00,2026-07-16 09:30:00,631.0,16.0,True,2026-07-16T13:30:00+00:00,0,False,False,0
SELL,2560,NY,2026-07-17 09:30:00,2026-07-17 09:30:00,631.0,16.0,True,2026-07-17T13:30:00+00:00,0,False,False,0
SELL,2561,WEEKLY,2026-07-19 18:00:00,2026-07-19 18:00:00,391.0,10.0,True,2026-07-19T22:00:00+00:00,0,False,False,0
SELL,2562,NY,2026-07-20 09:30:00,2026-07-20 09:30:00,631.0,16.0,True,2026-07-20T13:30:00+00:00,0,False,False,0
SELL,2565,WEAK,2026-07-22 18:00:00,2026-07-22 18:00:00,195.5,10.0,True,2026-07-22T22:00:00+00:00,0,False,False,0
SELL,2568,NY,2026-07-24 09:30:00,2026-07-24 09:30:00,631.0,16.0,True,2026-07-24T13:30:00+00:00,0,False,False,0
SELL,2577,WEAK,2026-07-30 18:00:00,2026-07-30 18:00:00,195.5,10.0,True,2026-07-30T22:00:00+00:00,0,False,False,0
SELL,2578,NY,2026-07-31 09:30:00,2026-07-31 09:30:00,631.0,16.0,True,2026-07-31T13:30:00+00:00,0,False,False,0
SELL,2579,WEEKLY,2026-08-02 18:00:00,2026-08-02 18:00:00,391.0,10.0,True,2026-08-02T22:00:00+00:00,0,False,False,0
SELL,2581,NY,2026-08-04 09:30:00,2026-08-04 09:30:00,631.0,16.0,True,2026-08-04T13:30:00+00:00,0,False,False,0
SELL,2585,NY,2026-08-07 09:30:00,2026-08-07 09:30:00,631.0,16.0,True,2026-08-07T13:30:00+00:00,0,False,False,0
