trade_number,entry_time_et,entry_time_utc,route,block,source_status,active_symbol,quantity,extra_ticks,tv_pair_net,status,first_exit_direction,first_exit_reason,first_exit_index,first_exit_time,buy_exit_reason,buy_exit_index,buy_exit_price,sell_exit_reason,sell_exit_index,sell_exit_price,baseline_buy_net,baseline_sell_net,baseline_pair_net,baseline_outcome,arm_points,be_mode,survivor,armed,candidate_exit_reason,candidate_exit_price,candidate_survivor_net,candidate_pair_net,delta_vs_baseline,classification,baseline_survivor_reason,arm_index,arm_time,baseline_survivor_net
2175,2025-08-03 18:00,2025-08-03T22:00:00+00:00,WEEKLY,AUGUST,VALIDATED_SOURCE,NQU5,2,0,-118.0,RESOLVED,SELL,STOP,0.0,2025-08-03 22:00:00.011434951+00:00,STOP,3.0,22847.75,STOP,0.0,22852.0,-109.0,-99.0,-208.0,DOUBLE_STOP,0.5,PRICE_BE,BUY,False,ORIGINAL_STOP_BEFORE_ARM,22847.75,-109.0,-208.0,0.0,DOUBLE_STOP_NOT_RESCUED,STOP,,,
2175,2025-08-03 18:00,2025-08-03T22:00:00+00:00,WEEKLY,AUGUST,VALIDATED_SOURCE,NQU5,2,0,-118.0,RESOLVED,SELL,STOP,0.0,2025-08-03 22:00:00.011434951+00:00,STOP,3.0,22847.75,STOP,0.0,22852.0,-109.0,-99.0,-208.0,DOUBLE_STOP,0.5,COST_COVER_BE,BUY,False,ORIGINAL_STOP_BEFORE_ARM,22847.75,-109.0,-208.0,0.0,DOUBLE_STOP_NOT_RESCUED,STOP,,,
2175,2025-08-03 18:00,2025-08-03T22:00:00+00:00,WEEKLY,AUGUST,VALIDATED_SOURCE,NQU5,2,0,-118.0,RESOLVED,SELL,STOP,0.0,2025-08-03 22:00:00.011434951+00:00,STOP,3.0,22847.75,STOP,0.0,22852.0,-109.0,-99.0,-208.0,DOUBLE_STOP,1.0,PRICE_BE,BUY,False,ORIGINAL_STOP_BEFORE_ARM,22847.75,-109.0,-208.0,0.0,DOUBLE_STOP_NOT_RESCUED,STOP,,,
2175,2025-08-03 18:00,2025-08-03T22:00:00+00:00,WEEKLY,AUGUST,VALIDATED_SOURCE,NQU5,2,0,-118.0,RESOLVED,SELL,STOP,0.0,2025-08-03 22:00:00.011434951+00:00,STOP,3.0,22847.75,STOP,0.0,22852.0,-109.0,-99.0,-208.0,DOUBLE_STOP,1.0,COST_COVER_BE,BUY,False,ORIGINAL_STOP_BEFORE_ARM,22847.75,-109.0,-208.0,0.0,DOUBLE_STOP_NOT_RESCUED,STOP,,,
2175,2025-08-03 18:00,2025-08-03T22:00:00+00:00,WEEKLY,AUGUST,VALIDATED_SOURCE,NQU5,2,0,-118.0,RESOLVED,SELL,STOP,0.0,2025-08-03 22:00:00.011434951+00:00,STOP,3.0,22847.75,STOP,0.0,22852.0,-109.0,-99.0,-208.0,DOUBLE_STOP,2.0,PRICE_BE,BUY,False,ORIGINAL_STOP_BEFORE_ARM,22847.75,-109.0,-208.0,0.0,DOUBLE_STOP_NOT_RESCUED,STOP,,,
2175,2025-08-03 18:00,2025-08-03T22:00:00+00:00,WEEKLY,AUGUST,VALIDATED_SOURCE,NQU5,2,0,-118.0,RESOLVED,SELL,STOP,0.0,2025-08-03 22:00:00.011434951+00:00,STOP,3.0,22847.75,STOP,0.0,22852.0,-109.0,-99.0,-208.0,DOUBLE_STOP,2.0,COST_COVER_BE,BUY,False,ORIGINAL_STOP_BEFORE_ARM,22847.75,-109.0,-208.0,0.0,DOUBLE_STOP_NOT_RESCUED,STOP,,,
2175,2025-08-03 18:00,2025-08-03T22:00:00+00:00,WEEKLY,AUGUST,VALIDATED_SOURCE,NQU5,2,0,-118.0,RESOLVED,SELL,STOP,0.0,2025-08-03 22:00:00.011434951+00:00,STOP,3.0,22847.75,STOP,0.0,22852.0,-109.0,-99.0,-208.0,DOUBLE_STOP,3.0,PRICE_BE,BUY,False,ORIGINAL_STOP_BEFORE_ARM,22847.75,-109.0,-208.0,0.0,DOUBLE_STOP_NOT_RESCUED,STOP,,,
2175,2025-08-03 18:00,2025-08-03T22:00:00+00:00,WEEKLY,AUGUST,VALIDATED_SOURCE,NQU5,2,0,-118.0,RESOLVED,SELL,STOP,0.0,2025-08-03 22:00:00.011434951+00:00,STOP,3.0,22847.75,STOP,0.0,22852.0,-109.0,-99.0,-208.0,DOUBLE_STOP,3.0,COST_COVER_BE,BUY,False,ORIGINAL_STOP_BEFORE_ARM,22847.75,-109.0,-208.0,0.0,DOUBLE_STOP_NOT_RESCUED,STOP,,,
2175,2025-08-03 18:00,2025-08-03T22:00:00+00:00,WEEKLY,AUGUST,VALIDATED_SOURCE,NQU5,2,0,-118.0,RESOLVED,SELL,STOP,0.0,2025-08-03 22:00:00.011434951+00:00,STOP,3.0,22847.75,STOP,0.0,22852.0,-109.0,-99.0,-208.0,DOUBLE_STOP,4.0,PRICE_BE,BUY,False,ORIGINAL_STOP_BEFORE_ARM,22847.75,-109.0,-208.0,0.0,DOUBLE_STOP_NOT_RESCUED,STOP,,,
2175,2025-08-03 18:00,2025-08-03T22:00:00+00:00,WEEKLY,AUGUST,VALIDATED_SOURCE,NQU5,2,0,-118.0,RESOLVED,SELL,STOP,0.0,2025-08-03 22:00:00.011434951+00:00,STOP,3.0,22847.75,STOP,0.0,22852.0,-109.0,-99.0,-208.0,DOUBLE_STOP,4.0,COST_COVER_BE,BUY,False,ORIGINAL_STOP_BEFORE_ARM,22847.75,-109.0,-208.0,0.0,DOUBLE_STOP_NOT_RESCUED,STOP,,,
2175,2025-08-03 18:00,2025-08-03T22:00:00+00:00,WEEKLY,AUGUST,VALIDATED_SOURCE,NQU5,2,0,-118.0,RESOLVED,SELL,STOP,0.0,2025-08-03 22:00:00.011434951+00:00,STOP,3.0,22847.75,STOP,0.0,22852.0,-109.0,-99.0,-208.0,DOUBLE_STOP,5.0,PRICE_BE,BUY,False,ORIGINAL_STOP_BEFORE_ARM,22847.75,-109.0,-208.0,0.0,DOUBLE_STOP_NOT_RESCUED,STOP,,,
2175,2025-08-03 18:00,2025-08-03T22:00:00+00:00,WEEKLY,AUGUST,VALIDATED_SOURCE,NQU5,2,0,-118.0,RESOLVED,SELL,STOP,0.0,2025-08-03 22:00:00.011434951+00:00,STOP,3.0,22847.75,STOP,0.0,22852.0,-109.0,-99.0,-208.0,DOUBLE_STOP,5.0,COST_COVER_BE,BUY,False,ORIGINAL_STOP_BEFORE_ARM,22847.75,-109.0,-208.0,0.0,DOUBLE_STOP_NOT_RESCUED,STOP,,,
2175,2025-08-03 18:00,2025-08-03T22:00:00+00:00,WEEKLY,AUGUST,VALIDATED_SOURCE,NQU5,2,0,-118.0,RESOLVED,SELL,STOP,0.0,2025-08-03 22:00:00.011434951+00:00,STOP,3.0,22847.75,STOP,0.0,22852.0,-109.0,-99.0,-208.0,DOUBLE_STOP,8.0,PRICE_BE,BUY,False,ORIGINAL_STOP_BEFORE_ARM,22847.75,-109.0,-208.0,0.0,DOUBLE_STOP_NOT_RESCUED,STOP,,,
2175,2025-08-03 18:00,2025-08-03T22:00:00+00:00,WEEKLY,AUGUST,VALIDATED_SOURCE,NQU5,2,0,-118.0,RESOLVED,SELL,STOP,0.0,2025-08-03 22:00:00.011434951+00:00,STOP,3.0,22847.75,STOP,0.0,22852.0,-109.0,-99.0,-208.0,DOUBLE_STOP,8.0,COST_COVER_BE,BUY,False,ORIGINAL_STOP_BEFORE_ARM,22847.75,-109.0,-208.0,0.0,DOUBLE_STOP_NOT_RESCUED,STOP,,,
2175,2025-08-03 18:00,2025-08-03T22:00:00+00:00,WEEKLY,AUGUST,VALIDATED_SOURCE,NQU5,2,1,-118.0,RESOLVED,SELL,STOP,0.0,2025-08-03 22:00:00.011434951+00:00,STOP,3.0,22847.5,STOP,0.0,22852.25,-119.0,-109.0,-228.0,DOUBLE_STOP,0.5,PRICE_BE,BUY,False,ORIGINAL_STOP_BEFORE_ARM,22847.5,-119.0,-228.0,0.0,DOUBLE_STOP_NOT_RESCUED,STOP,,,
2175,2025-08-03 18:00,2025-08-03T22:00:00+00:00,WEEKLY,AUGUST,VALIDATED_SOURCE,NQU5,2,1,-118.0,RESOLVED,SELL,STOP,0.0,2025-08-03 22:00:00.011434951+00:00,STOP,3.0,22847.5,STOP,0.0,22852.25,-119.0,-109.0,-228.0,DOUBLE_STOP,0.5,COST_COVER_BE,BUY,False,ORIGINAL_STOP_BEFORE_ARM,22847.5,-119.0,-228.0,0.0,DOUBLE_STOP_NOT_RESCUED,STOP,,,
2175,2025-08-03 18:00,2025-08-03T22:00:00+00:00,WEEKLY,AUGUST,VALIDATED_SOURCE,NQU5,2,1,-118.0,RESOLVED,SELL,STOP,0.0,2025-08-03 22:00:00.011434951+00:00,STOP,3.0,22847.5,STOP,0.0,22852.25,-119.0,-109.0,-228.0,DOUBLE_STOP,1.0,PRICE_BE,BUY,False,ORIGINAL_STOP_BEFORE_ARM,22847.5,-119.0,-228.0,0.0,DOUBLE_STOP_NOT_RESCUED,STOP,,,
2175,2025-08-03 18:00,2025-08-03T22:00:00+00:00,WEEKLY,AUGUST,VALIDATED_SOURCE,NQU5,2,1,-118.0,RESOLVED,SELL,STOP,0.0,2025-08-03 22:00:00.011434951+00:00,STOP,3.0,22847.5,STOP,0.0,22852.25,-119.0,-109.0,-228.0,DOUBLE_STOP,1.0,COST_COVER_BE,BUY,False,ORIGINAL_STOP_BEFORE_ARM,22847.5,-119.0,-228.0,0.0,DOUBLE_STOP_NOT_RESCUED,STOP,,,
2175,2025-08-03 18:00,2025-08-03T22:00:00+00:00,WEEKLY,AUGUST,VALIDATED_SOURCE,NQU5,2,1,-118.0,RESOLVED,SELL,STOP,0.0,2025-08-03 22:00:00.011434951+00:00,STOP,3.0,22847.5,STOP,0.0,22852.25,-119.0,-109.0,-228.0,DOUBLE_STOP,2.0,PRICE_BE,BUY,False,ORIGINAL_STOP_BEFORE_ARM,22847.5,-119.0,-228.0,0.0,DOUBLE_STOP_NOT_RESCUED,STOP,,,
2175,2025-08-03 18:00,2025-08-03T22:00:00+00:00,WEEKLY,AUGUST,VALIDATED_SOURCE,NQU5,2,1,-118.0,RESOLVED,SELL,STOP,0.0,2025-08-03 22:00:00.011434951+00:00,STOP,3.0,22847.5,STOP,0.0,22852.25,-119.0,-109.0,-228.0,DOUBLE_STOP,2.0,COST_COVER_BE,BUY,False,ORIGINAL_STOP_BEFORE_ARM,22847.5,-119.0,-228.0,0.0,DOUBLE_STOP_NOT_RESCUED,STOP,,,
2175,2025-08-03 18:00,2025-08-03T22:00:00+00:00,WEEKLY,AUGUST,VALIDATED_SOURCE,NQU5,2,1,-118.0,RESOLVED,SELL,STOP,0.0,2025-08-03 22:00:00.011434951+00:00,STOP,3.0,22847.5,STOP,0.0,22852.25,-119.0,-109.0,-228.0,DOUBLE_STOP,3.0,PRICE_BE,BUY,False,ORIGINAL_STOP_BEFORE_ARM,22847.5,-119.0,-228.0,0.0,DOUBLE_STOP_NOT_RESCUED,STOP,,,
2175,2025-08-03 18:00,2025-08-03T22:00:00+00:00,WEEKLY,AUGUST,VALIDATED_SOURCE,NQU5,2,1,-118.0,RESOLVED,SELL,STOP,0.0,2025-08-03 22:00:00.011434951+00:00,STOP,3.0,22847.5,STOP,0.0,22852.25,-119.0,-109.0,-228.0,DOUBLE_STOP,3.0,COST_COVER_BE,BUY,False,ORIGINAL_STOP_BEFORE_ARM,22847.5,-119.0,-228.0,0.0,DOUBLE_STOP_NOT_RESCUED,STOP,,,
2175,2025-08-03 18:00,2025-08-03T22:00:00+00:00,WEEKLY,AUGUST,VALIDATED_SOURCE,NQU5,2,1,-118.0,RESOLVED,SELL,STOP,0.0,2025-08-03 22:00:00.011434951+00:00,STOP,3.0,22847.5,STOP,0.0,22852.25,-119.0,-109.0,-228.0,DOUBLE_STOP,4.0,PRICE_BE,BUY,False,ORIGINAL_STOP_BEFORE_ARM,22847.5,-119.0,-228.0,0.0,DOUBLE_STOP_NOT_RESCUED,STOP,,,
2175,2025-08-03 18:00,2025-08-03T22:00:00+00:00,WEEKLY,AUGUST,VALIDATED_SOURCE,NQU5,2,1,-118.0,RESOLVED,SELL,STOP,0.0,2025-08-03 22:00:00.011434951+00:00,STOP,3.0,22847.5,STOP,0.0,22852.25,-119.0,-109.0,-228.0,DOUBLE_STOP,4.0,COST_COVER_BE,BUY,False,ORIGINAL_STOP_BEFORE_ARM,22847.5,-119.0,-228.0,0.0,DOUBLE_STOP_NOT_RESCUED,STOP,,,
2175,2025-08-03 18:00,2025-08-03T22:00:00+00:00,WEEKLY,AUGUST,VALIDATED_SOURCE,NQU5,2,1,-118.0,RESOLVED,SELL,STOP,0.0,2025-08-03 22:00:00.011434951+00:00,STOP,3.0,22847.5,STOP,0.0,22852.25,-119.0,-109.0,-228.0,DOUBLE_STOP,5.0,PRICE_BE,BUY,False,ORIGINAL_STOP_BEFORE_ARM,22847.5,-119.0,-228.0,0.0,DOUBLE_STOP_NOT_RESCUED,STOP,,,
2175,2025-08-03 18:00,2025-08-03T22:00:00+00:00,WEEKLY,AUGUST,VALIDATED_SOURCE,NQU5,2,1,-118.0,RESOLVED,SELL,STOP,0.0,2025-08-03 22:00:00.011434951+00:00,STOP,3.0,22847.5,STOP,0.0,22852.25,-119.0,-109.0,-228.0,DOUBLE_STOP,5.0,COST_COVER_BE,BUY,False,ORIGINAL_STOP_BEFORE_ARM,22847.5,-119.0,-228.0,0.0,DOUBLE_STOP_NOT_RESCUED,STOP,,,
2175,2025-08-03 18:00,2025-08-03T22:00:00+00:00,WEEKLY,AUGUST,VALIDATED_SOURCE,NQU5,2,1,-118.0,RESOLVED,SELL,STOP,0.0,2025-08-03 22:00:00.011434951+00:00,STOP,3.0,22847.5,STOP,0.0,22852.25,-119.0,-109.0,-228.0,DOUBLE_STOP,8.0,PRICE_BE,BUY,False,ORIGINAL_STOP_BEFORE_ARM,22847.5,-119.0,-228.0,0.0,DOUBLE_STOP_NOT_RESCUED,STOP,,,
2175,2025-08-03 18:00,2025-08-03T22:00:00+00:00,WEEKLY,AUGUST,VALIDATED_SOURCE,NQU5,2,1,-118.0,RESOLVED,SELL,STOP,0.0,2025-08-03 22:00:00.011434951+00:00,STOP,3.0,22847.5,STOP,0.0,22852.25,-119.0,-109.0,-228.0,DOUBLE_STOP,8.0,COST_COVER_BE,BUY,False,ORIGINAL_STOP_BEFORE_ARM,22847.5,-119.0,-228.0,0.0,DOUBLE_STOP_NOT_RESCUED,STOP,,,
2175,2025-08-03 18:00,2025-08-03T22:00:00+00:00,WEEKLY,AUGUST,VALIDATED_SOURCE,NQU5,2,2,-118.0,RESOLVED,SELL,STOP,0.0,2025-08-03 22:00:00.011434951+00:00,STOP,3.0,22847.25,STOP,0.0,22852.5,-129.0,-119.0,-248.0,DOUBLE_STOP,0.5,PRICE_BE,BUY,False,ORIGINAL_STOP_BEFORE_ARM,22847.25,-129.0,-248.0,0.0,DOUBLE_STOP_NOT_RESCUED,STOP,,,
2175,2025-08-03 18:00,2025-08-03T22:00:00+00:00,WEEKLY,AUGUST,VALIDATED_SOURCE,NQU5,2,2,-118.0,RESOLVED,SELL,STOP,0.0,2025-08-03 22:00:00.011434951+00:00,STOP,3.0,22847.25,STOP,0.0,22852.5,-129.0,-119.0,-248.0,DOUBLE_STOP,0.5,COST_COVER_BE,BUY,False,ORIGINAL_STOP_BEFORE_ARM,22847.25,-129.0,-248.0,0.0,DOUBLE_STOP_NOT_RESCUED,STOP,,,
2175,2025-08-03 18:00,2025-08-03T22:00:00+00:00,WEEKLY,AUGUST,VALIDATED_SOURCE,NQU5,2,2,-118.0,RESOLVED,SELL,STOP,0.0,2025-08-03 22:00:00.011434951+00:00,STOP,3.0,22847.25,STOP,0.0,22852.5,-129.0,-119.0,-248.0,DOUBLE_STOP,1.0,PRICE_BE,BUY,False,ORIGINAL_STOP_BEFORE_ARM,22847.25,-129.0,-248.0,0.0,DOUBLE_STOP_NOT_RESCUED,STOP,,,
2175,2025-08-03 18:00,2025-08-03T22:00:00+00:00,WEEKLY,AUGUST,VALIDATED_SOURCE,NQU5,2,2,-118.0,RESOLVED,SELL,STOP,0.0,2025-08-03 22:00:00.011434951+00:00,STOP,3.0,22847.25,STOP,0.0,22852.5,-129.0,-119.0,-248.0,DOUBLE_STOP,1.0,COST_COVER_BE,BUY,False,ORIGINAL_STOP_BEFORE_ARM,22847.25,-129.0,-248.0,0.0,DOUBLE_STOP_NOT_RESCUED,STOP,,,
2175,2025-08-03 18:00,2025-08-03T22:00:00+00:00,WEEKLY,AUGUST,VALIDATED_SOURCE,NQU5,2,2,-118.0,RESOLVED,SELL,STOP,0.0,2025-08-03 22:00:00.011434951+00:00,STOP,3.0,22847.25,STOP,0.0,22852.5,-129.0,-119.0,-248.0,DOUBLE_STOP,2.0,PRICE_BE,BUY,False,ORIGINAL_STOP_BEFORE_ARM,22847.25,-129.0,-248.0,0.0,DOUBLE_STOP_NOT_RESCUED,STOP,,,
2175,2025-08-03 18:00,2025-08-03T22:00:00+00:00,WEEKLY,AUGUST,VALIDATED_SOURCE,NQU5,2,2,-118.0,RESOLVED,SELL,STOP,0.0,2025-08-03 22:00:00.011434951+00:00,STOP,3.0,22847.25,STOP,0.0,22852.5,-129.0,-119.0,-248.0,DOUBLE_STOP,2.0,COST_COVER_BE,BUY,False,ORIGINAL_STOP_BEFORE_ARM,22847.25,-129.0,-248.0,0.0,DOUBLE_STOP_NOT_RESCUED,STOP,,,
2175,2025-08-03 18:00,2025-08-03T22:00:00+00:00,WEEKLY,AUGUST,VALIDATED_SOURCE,NQU5,2,2,-118.0,RESOLVED,SELL,STOP,0.0,2025-08-03 22:00:00.011434951+00:00,STOP,3.0,22847.25,STOP,0.0,22852.5,-129.0,-119.0,-248.0,DOUBLE_STOP,3.0,PRICE_BE,BUY,False,ORIGINAL_STOP_BEFORE_ARM,22847.25,-129.0,-248.0,0.0,DOUBLE_STOP_NOT_RESCUED,STOP,,,
2175,2025-08-03 18:00,2025-08-03T22:00:00+00:00,WEEKLY,AUGUST,VALIDATED_SOURCE,NQU5,2,2,-118.0,RESOLVED,SELL,STOP,0.0,2025-08-03 22:00:00.011434951+00:00,STOP,3.0,22847.25,STOP,0.0,22852.5,-129.0,-119.0,-248.0,DOUBLE_STOP,3.0,COST_COVER_BE,BUY,False,ORIGINAL_STOP_BEFORE_ARM,22847.25,-129.0,-248.0,0.0,DOUBLE_STOP_NOT_RESCUED,STOP,,,
2175,2025-08-03 18:00,2025-08-03T22:00:00+00:00,WEEKLY,AUGUST,VALIDATED_SOURCE,NQU5,2,2,-118.0,RESOLVED,SELL,STOP,0.0,2025-08-03 22:00:00.011434951+00:00,STOP,3.0,22847.25,STOP,0.0,22852.5,-129.0,-119.0,-248.0,DOUBLE_STOP,4.0,PRICE_BE,BUY,False,ORIGINAL_STOP_BEFORE_ARM,22847.25,-129.0,-248.0,0.0,DOUBLE_STOP_NOT_RESCUED,STOP,,,
2175,2025-08-03 18:00,2025-08-03T22:00:00+00:00,WEEKLY,AUGUST,VALIDATED_SOURCE,NQU5,2,2,-118.0,RESOLVED,SELL,STOP,0.0,2025-08-03 22:00:00.011434951+00:00,STOP,3.0,22847.25,STOP,0.0,22852.5,-129.0,-119.0,-248.0,DOUBLE_STOP,4.0,COST_COVER_BE,BUY,False,ORIGINAL_STOP_BEFORE_ARM,22847.25,-129.0,-248.0,0.0,DOUBLE_STOP_NOT_RESCUED,STOP,,,
2175,2025-08-03 18:00,2025-08-03T22:00:00+00:00,WEEKLY,AUGUST,VALIDATED_SOURCE,NQU5,2,2,-118.0,RESOLVED,SELL,STOP,0.0,2025-08-03 22:00:00.011434951+00:00,STOP,3.0,22847.25,STOP,0.0,22852.5,-129.0,-119.0,-248.0,DOUBLE_STOP,5.0,PRICE_BE,BUY,False,ORIGINAL_STOP_BEFORE_ARM,22847.25,-129.0,-248.0,0.0,DOUBLE_STOP_NOT_RESCUED,STOP,,,
2175,2025-08-03 18:00,2025-08-03T22:00:00+00:00,WEEKLY,AUGUST,VALIDATED_SOURCE,NQU5,2,2,-118.0,RESOLVED,SELL,STOP,0.0,2025-08-03 22:00:00.011434951+00:00,STOP,3.0,22847.25,STOP,0.0,22852.5,-129.0,-119.0,-248.0,DOUBLE_STOP,5.0,COST_COVER_BE,BUY,False,ORIGINAL_STOP_BEFORE_ARM,22847.25,-129.0,-248.0,0.0,DOUBLE_STOP_NOT_RESCUED,STOP,,,
2175,2025-08-03 18:00,2025-08-03T22:00:00+00:00,WEEKLY,AUGUST,VALIDATED_SOURCE,NQU5,2,2,-118.0,RESOLVED,SELL,STOP,0.0,2025-08-03 22:00:00.011434951+00:00,STOP,3.0,22847.25,STOP,0.0,22852.5,-129.0,-119.0,-248.0,DOUBLE_STOP,8.0,PRICE_BE,BUY,False,ORIGINAL_STOP_BEFORE_ARM,22847.25,-129.0,-248.0,0.0,DOUBLE_STOP_NOT_RESCUED,STOP,,,
2175,2025-08-03 18:00,2025-08-03T22:00:00+00:00,WEEKLY,AUGUST,VALIDATED_SOURCE,NQU5,2,2,-118.0,RESOLVED,SELL,STOP,0.0,2025-08-03 22:00:00.011434951+00:00,STOP,3.0,22847.25,STOP,0.0,22852.5,-129.0,-119.0,-248.0,DOUBLE_STOP,8.0,COST_COVER_BE,BUY,False,ORIGINAL_STOP_BEFORE_ARM,22847.25,-129.0,-248.0,0.0,DOUBLE_STOP_NOT_RESCUED,STOP,,,
2175,2025-08-03 18:00,2025-08-03T22:00:00+00:00,WEEKLY,AUGUST,VALIDATED_SOURCE,NQU5,2,4,-118.0,RESOLVED,SELL,STOP,0.0,2025-08-03 22:00:00.011434951+00:00,STOP,3.0,22846.75,STOP,0.0,22853.0,-149.0,-139.0,-288.0,DOUBLE_STOP,0.5,PRICE_BE,BUY,False,ORIGINAL_STOP_BEFORE_ARM,22846.75,-149.0,-288.0,0.0,DOUBLE_STOP_NOT_RESCUED,STOP,,,
2175,2025-08-03 18:00,2025-08-03T22:00:00+00:00,WEEKLY,AUGUST,VALIDATED_SOURCE,NQU5,2,4,-118.0,RESOLVED,SELL,STOP,0.0,2025-08-03 22:00:00.011434951+00:00,STOP,3.0,22846.75,STOP,0.0,22853.0,-149.0,-139.0,-288.0,DOUBLE_STOP,0.5,COST_COVER_BE,BUY,False,ORIGINAL_STOP_BEFORE_ARM,22846.75,-149.0,-288.0,0.0,DOUBLE_STOP_NOT_RESCUED,STOP,,,
2175,2025-08-03 18:00,2025-08-03T22:00:00+00:00,WEEKLY,AUGUST,VALIDATED_SOURCE,NQU5,2,4,-118.0,RESOLVED,SELL,STOP,0.0,2025-08-03 22:00:00.011434951+00:00,STOP,3.0,22846.75,STOP,0.0,22853.0,-149.0,-139.0,-288.0,DOUBLE_STOP,1.0,PRICE_BE,BUY,False,ORIGINAL_STOP_BEFORE_ARM,22846.75,-149.0,-288.0,0.0,DOUBLE_STOP_NOT_RESCUED,STOP,,,
2175,2025-08-03 18:00,2025-08-03T22:00:00+00:00,WEEKLY,AUGUST,VALIDATED_SOURCE,NQU5,2,4,-118.0,RESOLVED,SELL,STOP,0.0,2025-08-03 22:00:00.011434951+00:00,STOP,3.0,22846.75,STOP,0.0,22853.0,-149.0,-139.0,-288.0,DOUBLE_STOP,1.0,COST_COVER_BE,BUY,False,ORIGINAL_STOP_BEFORE_ARM,22846.75,-149.0,-288.0,0.0,DOUBLE_STOP_NOT_RESCUED,STOP,,,
2175,2025-08-03 18:00,2025-08-03T22:00:00+00:00,WEEKLY,AUGUST,VALIDATED_SOURCE,NQU5,2,4,-118.0,RESOLVED,SELL,STOP,0.0,2025-08-03 22:00:00.011434951+00:00,STOP,3.0,22846.75,STOP,0.0,22853.0,-149.0,-139.0,-288.0,DOUBLE_STOP,2.0,PRICE_BE,BUY,False,ORIGINAL_STOP_BEFORE_ARM,22846.75,-149.0,-288.0,0.0,DOUBLE_STOP_NOT_RESCUED,STOP,,,
2175,2025-08-03 18:00,2025-08-03T22:00:00+00:00,WEEKLY,AUGUST,VALIDATED_SOURCE,NQU5,2,4,-118.0,RESOLVED,SELL,STOP,0.0,2025-08-03 22:00:00.011434951+00:00,STOP,3.0,22846.75,STOP,0.0,22853.0,-149.0,-139.0,-288.0,DOUBLE_STOP,2.0,COST_COVER_BE,BUY,False,ORIGINAL_STOP_BEFORE_ARM,22846.75,-149.0,-288.0,0.0,DOUBLE_STOP_NOT_RESCUED,STOP,,,
2175,2025-08-03 18:00,2025-08-03T22:00:00+00:00,WEEKLY,AUGUST,VALIDATED_SOURCE,NQU5,2,4,-118.0,RESOLVED,SELL,STOP,0.0,2025-08-03 22:00:00.011434951+00:00,STOP,3.0,22846.75,STOP,0.0,22853.0,-149.0,-139.0,-288.0,DOUBLE_STOP,3.0,PRICE_BE,BUY,False,ORIGINAL_STOP_BEFORE_ARM,22846.75,-149.0,-288.0,0.0,DOUBLE_STOP_NOT_RESCUED,STOP,,,
2175,2025-08-03 18:00,2025-08-03T22:00:00+00:00,WEEKLY,AUGUST,VALIDATED_SOURCE,NQU5,2,4,-118.0,RESOLVED,SELL,STOP,0.0,2025-08-03 22:00:00.011434951+00:00,STOP,3.0,22846.75,STOP,0.0,22853.0,-149.0,-139.0,-288.0,DOUBLE_STOP,3.0,COST_COVER_BE,BUY,False,ORIGINAL_STOP_BEFORE_ARM,22846.75,-149.0,-288.0,0.0,DOUBLE_STOP_NOT_RESCUED,STOP,,,
2175,2025-08-03 18:00,2025-08-03T22:00:00+00:00,WEEKLY,AUGUST,VALIDATED_SOURCE,NQU5,2,4,-118.0,RESOLVED,SELL,STOP,0.0,2025-08-03 22:00:00.011434951+00:00,STOP,3.0,22846.75,STOP,0.0,22853.0,-149.0,-139.0,-288.0,DOUBLE_STOP,4.0,PRICE_BE,BUY,False,ORIGINAL_STOP_BEFORE_ARM,22846.75,-149.0,-288.0,0.0,DOUBLE_STOP_NOT_RESCUED,STOP,,,
2175,2025-08-03 18:00,2025-08-03T22:00:00+00:00,WEEKLY,AUGUST,VALIDATED_SOURCE,NQU5,2,4,-118.0,RESOLVED,SELL,STOP,0.0,2025-08-03 22:00:00.011434951+00:00,STOP,3.0,22846.75,STOP,0.0,22853.0,-149.0,-139.0,-288.0,DOUBLE_STOP,4.0,COST_COVER_BE,BUY,False,ORIGINAL_STOP_BEFORE_ARM,22846.75,-149.0,-288.0,0.0,DOUBLE_STOP_NOT_RESCUED,STOP,,,
2175,2025-08-03 18:00,2025-08-03T22:00:00+00:00,WEEKLY,AUGUST,VALIDATED_SOURCE,NQU5,2,4,-118.0,RESOLVED,SELL,STOP,0.0,2025-08-03 22:00:00.011434951+00:00,STOP,3.0,22846.75,STOP,0.0,22853.0,-149.0,-139.0,-288.0,DOUBLE_STOP,5.0,PRICE_BE,BUY,False,ORIGINAL_STOP_BEFORE_ARM,22846.75,-149.0,-288.0,0.0,DOUBLE_STOP_NOT_RESCUED,STOP,,,
2175,2025-08-03 18:00,2025-08-03T22:00:00+00:00,WEEKLY,AUGUST,VALIDATED_SOURCE,NQU5,2,4,-118.0,RESOLVED,SELL,STOP,0.0,2025-08-03 22:00:00.011434951+00:00,STOP,3.0,22846.75,STOP,0.0,22853.0,-149.0,-139.0,-288.0,DOUBLE_STOP,5.0,COST_COVER_BE,BUY,False,ORIGINAL_STOP_BEFORE_ARM,22846.75,-149.0,-288.0,0.0,DOUBLE_STOP_NOT_RESCUED,STOP,,,
2175,2025-08-03 18:00,2025-08-03T22:00:00+00:00,WEEKLY,AUGUST,VALIDATED_SOURCE,NQU5,2,4,-118.0,RESOLVED,SELL,STOP,0.0,2025-08-03 22:00:00.011434951+00:00,STOP,3.0,22846.75,STOP,0.0,22853.0,-149.0,-139.0,-288.0,DOUBLE_STOP,8.0,PRICE_BE,BUY,False,ORIGINAL_STOP_BEFORE_ARM,22846.75,-149.0,-288.0,0.0,DOUBLE_STOP_NOT_RESCUED,STOP,,,
2175,2025-08-03 18:00,2025-08-03T22:00:00+00:00,WEEKLY,AUGUST,VALIDATED_SOURCE,NQU5,2,4,-118.0,RESOLVED,SELL,STOP,0.0,2025-08-03 22:00:00.011434951+00:00,STOP,3.0,22846.75,STOP,0.0,22853.0,-149.0,-139.0,-288.0,DOUBLE_STOP,8.0,COST_COVER_BE,BUY,False,ORIGINAL_STOP_BEFORE_ARM,22846.75,-149.0,-288.0,0.0,DOUBLE_STOP_NOT_RESCUED,STOP,,,
2176,2025-08-04 09:30,2025-08-04T13:30:00+00:00,NY,AUGUST,VALIDATED_SOURCE,NQU5,2,0,-118.0,RESOLVED,SELL,STOP,3.0,2025-08-04 13:30:00.001358323+00:00,STOP,379.0,23093.25,STOP,3.0,23094.75,-49.0,-49.0,-98.0,DOUBLE_STOP,0.5,PRICE_BE,BUY,True,PRICE_BE,23095.0,21.0,-28.0,70.0,DOUBLE_STOP_RESCUED,STOP,7.0,2025-08-04 13:30:00.007221097+00:00,-49.0
2176,2025-08-04 09:30,2025-08-04T13:30:00+00:00,NY,AUGUST,VALIDATED_SOURCE,NQU5,2,0,-118.0,RESOLVED,SELL,STOP,3.0,2025-08-04 13:30:00.001358323+00:00,STOP,379.0,23093.25,STOP,3.0,23094.75,-49.0,-49.0,-98.0,DOUBLE_STOP,0.5,COST_COVER_BE,BUY,True,COST_COVER_BE,23094.75,11.0,-38.0,60.0,DOUBLE_STOP_RESCUED,STOP,7.0,2025-08-04 13:30:00.007221097+00:00,-49.0
2176,2025-08-04 09:30,2025-08-04T13:30:00+00:00,NY,AUGUST,VALIDATED_SOURCE,NQU5,2,0,-118.0,RESOLVED,SELL,STOP,3.0,2025-08-04 13:30:00.001358323+00:00,STOP,379.0,23093.25,STOP,3.0,23094.75,-49.0,-49.0,-98.0,DOUBLE_STOP,1.0,PRICE_BE,BUY,True,PRICE_BE,23095.0,21.0,-28.0,70.0,DOUBLE_STOP_RESCUED,STOP,22.0,2025-08-04 13:30:00.017045993+00:00,-49.0
2176,2025-08-04 09:30,2025-08-04T13:30:00+00:00,NY,AUGUST,VALIDATED_SOURCE,NQU5,2,0,-118.0,RESOLVED,SELL,STOP,3.0,2025-08-04 13:30:00.001358323+00:00,STOP,379.0,23093.25,STOP,3.0,23094.75,-49.0,-49.0,-98.0,DOUBLE_STOP,1.0,COST_COVER_BE,BUY,True,COST_COVER_BE,23095.0,21.0,-28.0,70.0,DOUBLE_STOP_RESCUED,STOP,22.0,2025-08-04 13:30:00.017045993+00:00,-49.0
2176,2025-08-04 09:30,2025-08-04T13:30:00+00:00,NY,AUGUST,VALIDATED_SOURCE,NQU5,2,0,-118.0,RESOLVED,SELL,STOP,3.0,2025-08-04 13:30:00.001358323+00:00,STOP,379.0,23093.25,STOP,3.0,23094.75,-49.0,-49.0,-98.0,DOUBLE_STOP,2.0,PRICE_BE,BUY,True,PRICE_BE,23094.25,-9.0,-58.0,40.0,DOUBLE_STOP_RESCUED,STOP,157.0,2025-08-04 13:30:00.425319675+00:00,-49.0
2176,2025-08-04 09:30,2025-08-04T13:30:00+00:00,NY,AUGUST,VALIDATED_SOURCE,NQU5,2,0,-118.0,RESOLVED,SELL,STOP,3.0,2025-08-04 13:30:00.001358323+00:00,STOP,379.0,23093.25,STOP,3.0,23094.75,-49.0,-49.0,-98.0,DOUBLE_STOP,2.0,COST_COVER_BE,BUY,True,COST_COVER_BE,23094.75,11.0,-38.0,60.0,DOUBLE_STOP_RESCUED,STOP,157.0,2025-08-04 13:30:00.425319675+00:00,-49.0
2176,2025-08-04 09:30,2025-08-04T13:30:00+00:00,NY,AUGUST,VALIDATED_SOURCE,NQU5,2,0,-118.0,RESOLVED,SELL,STOP,3.0,2025-08-04 13:30:00.001358323+00:00,STOP,379.0,23093.25,STOP,3.0,23094.75,-49.0,-49.0,-98.0,DOUBLE_STOP,3.0,PRICE_BE,BUY,True,PRICE_BE,23094.25,-9.0,-58.0,40.0,DOUBLE_STOP_RESCUED,STOP,280.0,2025-08-04 13:30:01.013919407+00:00,-49.0
2176,2025-08-04 09:30,2025-08-04T13:30:00+00:00,NY,AUGUST,VALIDATED_SOURCE,NQU5,2,0,-118.0,RESOLVED,SELL,STOP,3.0,2025-08-04 13:30:00.001358323+00:00,STOP,379.0,23093.25,STOP,3.0,23094.75,-49.0,-49.0,-98.0,DOUBLE_STOP,3.0,COST_COVER_BE,BUY,True,COST_COVER_BE,23094.75,11.0,-38.0,60.0,DOUBLE_STOP_RESCUED,STOP,280.0,2025-08-04 13:30:01.013919407+00:00,-49.0
2176,2025-08-04 09:30,2025-08-04T13:30:00+00:00,NY,AUGUST,VALIDATED_SOURCE,NQU5,2,0,-118.0,RESOLVED,SELL,STOP,3.0,2025-08-04 13:30:00.001358323+00:00,STOP,379.0,23093.25,STOP,3.0,23094.75,-49.0,-49.0,-98.0,DOUBLE_STOP,4.0,PRICE_BE,BUY,False,ORIGINAL_STOP_BEFORE_ARM,23093.25,-49.0,-98.0,0.0,DOUBLE_STOP_NOT_RESCUED,STOP,,,
2176,2025-08-04 09:30,2025-08-04T13:30:00+00:00,NY,AUGUST,VALIDATED_SOURCE,NQU5,2,0,-118.0,RESOLVED,SELL,STOP,3.0,2025-08-04 13:30:00.001358323+00:00,STOP,379.0,23093.25,STOP,3.0,23094.75,-49.0,-49.0,-98.0,DOUBLE_STOP,4.0,COST_COVER_BE,BUY,False,ORIGINAL_STOP_BEFORE_ARM,23093.25,-49.0,-98.0,0.0,DOUBLE_STOP_NOT_RESCUED,STOP,,,
2176,2025-08-04 09:30,2025-08-04T13:30:00+00:00,NY,AUGUST,VALIDATED_SOURCE,NQU5,2,0,-118.0,RESOLVED,SELL,STOP,3.0,2025-08-04 13:30:00.001358323+00:00,STOP,379.0,23093.25,STOP,3.0,23094.75,-49.0,-49.0,-98.0,DOUBLE_STOP,5.0,PRICE_BE,BUY,False,ORIGINAL_STOP_BEFORE_ARM,23093.25,-49.0,-98.0,0.0,DOUBLE_STOP_NOT_RESCUED,STOP,,,
2176,2025-08-04 09:30,2025-08-04T13:30:00+00:00,NY,AUGUST,VALIDATED_SOURCE,NQU5,2,0,-118.0,RESOLVED,SELL,STOP,3.0,2025-08-04 13:30:00.001358323+00:00,STOP,379.0,23093.25,STOP,3.0,23094.75,-49.0,-49.0,-98.0,DOUBLE_STOP,5.0,COST_COVER_BE,BUY,False,ORIGINAL_STOP_BEFORE_ARM,23093.25,-49.0,-98.0,0.0,DOUBLE_STOP_NOT_RESCUED,STOP,,,
2176,2025-08-04 09:30,2025-08-04T13:30:00+00:00,NY,AUGUST,VALIDATED_SOURCE,NQU5,2,0,-118.0,RESOLVED,SELL,STOP,3.0,2025-08-04 13:30:00.001358323+00:00,STOP,379.0,23093.25,STOP,3.0,23094.75,-49.0,-49.0,-98.0,DOUBLE_STOP,8.0,PRICE_BE,BUY,False,ORIGINAL_STOP_BEFORE_ARM,23093.25,-49.0,-98.0,0.0,DOUBLE_STOP_NOT_RESCUED,STOP,,,
2176,2025-08-04 09:30,2025-08-04T13:30:00+00:00,NY,AUGUST,VALIDATED_SOURCE,NQU5,2,0,-118.0,RESOLVED,SELL,STOP,3.0,2025-08-04 13:30:00.001358323+00:00,STOP,379.0,23093.25,STOP,3.0,23094.75,-49.0,-49.0,-98.0,DOUBLE_STOP,8.0,COST_COVER_BE,BUY,False,ORIGINAL_STOP_BEFORE_ARM,23093.25,-49.0,-98.0,0.0,DOUBLE_STOP_NOT_RESCUED,STOP,,,
2176,2025-08-04 09:30,2025-08-04T13:30:00+00:00,NY,AUGUST,VALIDATED_SOURCE,NQU5,2,1,-118.0,RESOLVED,SELL,STOP,3.0,2025-08-04 13:30:00.001358323+00:00,STOP,379.0,23093.0,STOP,3.0,23095.0,-59.0,-59.0,-118.0,DOUBLE_STOP,0.5,PRICE_BE,BUY,True,PRICE_BE,23094.75,11.0,-48.0,70.0,DOUBLE_STOP_RESCUED,STOP,7.0,2025-08-04 13:30:00.007221097+00:00,-59.0
2176,2025-08-04 09:30,2025-08-04T13:30:00+00:00,NY,AUGUST,VALIDATED_SOURCE,NQU5,2,1,-118.0,RESOLVED,SELL,STOP,3.0,2025-08-04 13:30:00.001358323+00:00,STOP,379.0,23093.0,STOP,3.0,23095.0,-59.0,-59.0,-118.0,DOUBLE_STOP,0.5,COST_COVER_BE,BUY,True,COST_COVER_BE,23094.5,1.0,-58.0,60.0,DOUBLE_STOP_RESCUED,STOP,7.0,2025-08-04 13:30:00.007221097+00:00,-59.0
2176,2025-08-04 09:30,2025-08-04T13:30:00+00:00,NY,AUGUST,VALIDATED_SOURCE,NQU5,2,1,-118.0,RESOLVED,SELL,STOP,3.0,2025-08-04 13:30:00.001358323+00:00,STOP,379.0,23093.0,STOP,3.0,23095.0,-59.0,-59.0,-118.0,DOUBLE_STOP,1.0,PRICE_BE,BUY,True,PRICE_BE,23094.75,11.0,-48.0,70.0,DOUBLE_STOP_RESCUED,STOP,22.0,2025-08-04 13:30:00.017045993+00:00,-59.0
2176,2025-08-04 09:30,2025-08-04T13:30:00+00:00,NY,AUGUST,VALIDATED_SOURCE,NQU5,2,1,-118.0,RESOLVED,SELL,STOP,3.0,2025-08-04 13:30:00.001358323+00:00,STOP,379.0,23093.0,STOP,3.0,23095.0,-59.0,-59.0,-118.0,DOUBLE_STOP,1.0,COST_COVER_BE,BUY,True,COST_COVER_BE,23094.75,11.0,-48.0,70.0,DOUBLE_STOP_RESCUED,STOP,22.0,2025-08-04 13:30:00.017045993+00:00,-59.0
2176,2025-08-04 09:30,2025-08-04T13:30:00+00:00,NY,AUGUST,VALIDATED_SOURCE,NQU5,2,1,-118.0,RESOLVED,SELL,STOP,3.0,2025-08-04 13:30:00.001358323+00:00,STOP,379.0,23093.0,STOP,3.0,23095.0,-59.0,-59.0,-118.0,DOUBLE_STOP,2.0,PRICE_BE,BUY,True,PRICE_BE,23094.0,-19.0,-78.0,40.0,DOUBLE_STOP_RESCUED,STOP,157.0,2025-08-04 13:30:00.425319675+00:00,-59.0
2176,2025-08-04 09:30,2025-08-04T13:30:00+00:00,NY,AUGUST,VALIDATED_SOURCE,NQU5,2,1,-118.0,RESOLVED,SELL,STOP,3.0,2025-08-04 13:30:00.001358323+00:00,STOP,379.0,23093.0,STOP,3.0,23095.0,-59.0,-59.0,-118.0,DOUBLE_STOP,2.0,COST_COVER_BE,BUY,True,COST_COVER_BE,23094.5,1.0,-58.0,60.0,DOUBLE_STOP_RESCUED,STOP,157.0,2025-08-04 13:30:00.425319675+00:00,-59.0
2176,2025-08-04 09:30,2025-08-04T13:30:00+00:00,NY,AUGUST,VALIDATED_SOURCE,NQU5,2,1,-118.0,RESOLVED,SELL,STOP,3.0,2025-08-04 13:30:00.001358323+00:00,STOP,379.0,23093.0,STOP,3.0,23095.0,-59.0,-59.0,-118.0,DOUBLE_STOP,3.0,PRICE_BE,BUY,True,PRICE_BE,23094.0,-19.0,-78.0,40.0,DOUBLE_STOP_RESCUED,STOP,280.0,2025-08-04 13:30:01.013919407+00:00,-59.0
2176,2025-08-04 09:30,2025-08-04T13:30:00+00:00,NY,AUGUST,VALIDATED_SOURCE,NQU5,2,1,-118.0,RESOLVED,SELL,STOP,3.0,2025-08-04 13:30:00.001358323+00:00,STOP,379.0,23093.0,STOP,3.0,23095.0,-59.0,-59.0,-118.0,DOUBLE_STOP,3.0,COST_COVER_BE,BUY,True,COST_COVER_BE,23094.5,1.0,-58.0,60.0,DOUBLE_STOP_RESCUED,STOP,280.0,2025-08-04 13:30:01.013919407+00:00,-59.0
2176,2025-08-04 09:30,2025-08-04T13:30:00+00:00,NY,AUGUST,VALIDATED_SOURCE,NQU5,2,1,-118.0,RESOLVED,SELL,STOP,3.0,2025-08-04 13:30:00.001358323+00:00,STOP,379.0,23093.0,STOP,3.0,23095.0,-59.0,-59.0,-118.0,DOUBLE_STOP,4.0,PRICE_BE,BUY,False,ORIGINAL_STOP_BEFORE_ARM,23093.0,-59.0,-118.0,0.0,DOUBLE_STOP_NOT_RESCUED,STOP,,,
2176,2025-08-04 09:30,2025-08-04T13:30:00+00:00,NY,AUGUST,VALIDATED_SOURCE,NQU5,2,1,-118.0,RESOLVED,SELL,STOP,3.0,2025-08-04 13:30:00.001358323+00:00,STOP,379.0,23093.0,STOP,3.0,23095.0,-59.0,-59.0,-118.0,DOUBLE_STOP,4.0,COST_COVER_BE,BUY,False,ORIGINAL_STOP_BEFORE_ARM,23093.0,-59.0,-118.0,0.0,DOUBLE_STOP_NOT_RESCUED,STOP,,,
2176,2025-08-04 09:30,2025-08-04T13:30:00+00:00,NY,AUGUST,VALIDATED_SOURCE,NQU5,2,1,-118.0,RESOLVED,SELL,STOP,3.0,2025-08-04 13:30:00.001358323+00:00,STOP,379.0,23093.0,STOP,3.0,23095.0,-59.0,-59.0,-118.0,DOUBLE_STOP,5.0,PRICE_BE,BUY,False,ORIGINAL_STOP_BEFORE_ARM,23093.0,-59.0,-118.0,0.0,DOUBLE_STOP_NOT_RESCUED,STOP,,,
2176,2025-08-04 09:30,2025-08-04T13:30:00+00:00,NY,AUGUST,VALIDATED_SOURCE,NQU5,2,1,-118.0,RESOLVED,SELL,STOP,3.0,2025-08-04 13:30:00.001358323+00:00,STOP,379.0,23093.0,STOP,3.0,23095.0,-59.0,-59.0,-118.0,DOUBLE_STOP,5.0,COST_COVER_BE,BUY,False,ORIGINAL_STOP_BEFORE_ARM,23093.0,-59.0,-118.0,0.0,DOUBLE_STOP_NOT_RESCUED,STOP,,,
2176,2025-08-04 09:30,2025-08-04T13:30:00+00:00,NY,AUGUST,VALIDATED_SOURCE,NQU5,2,1,-118.0,RESOLVED,SELL,STOP,3.0,2025-08-04 13:30:00.001358323+00:00,STOP,379.0,23093.0,STOP,3.0,23095.0,-59.0,-59.0,-118.0,DOUBLE_STOP,8.0,PRICE_BE,BUY,False,ORIGINAL_STOP_BEFORE_ARM,23093.0,-59.0,-118.0,0.0,DOUBLE_STOP_NOT_RESCUED,STOP,,,
2176,2025-08-04 09:30,2025-08-04T13:30:00+00:00,NY,AUGUST,VALIDATED_SOURCE,NQU5,2,1,-118.0,RESOLVED,SELL,STOP,3.0,2025-08-04 13:30:00.001358323+00:00,STOP,379.0,23093.0,STOP,3.0,23095.0,-59.0,-59.0,-118.0,DOUBLE_STOP,8.0,COST_COVER_BE,BUY,False,ORIGINAL_STOP_BEFORE_ARM,23093.0,-59.0,-118.0,0.0,DOUBLE_STOP_NOT_RESCUED,STOP,,,
2176,2025-08-04 09:30,2025-08-04T13:30:00+00:00,NY,AUGUST,VALIDATED_SOURCE,NQU5,2,2,-118.0,RESOLVED,SELL,STOP,3.0,2025-08-04 13:30:00.001358323+00:00,STOP,379.0,23092.75,STOP,3.0,23095.25,-69.0,-69.0,-138.0,DOUBLE_STOP,0.5,PRICE_BE,BUY,True,PRICE_BE,23094.5,1.0,-68.0,70.0,DOUBLE_STOP_RESCUED,STOP,7.0,2025-08-04 13:30:00.007221097+00:00,-69.0
2176,2025-08-04 09:30,2025-08-04T13:30:00+00:00,NY,AUGUST,VALIDATED_SOURCE,NQU5,2,2,-118.0,RESOLVED,SELL,STOP,3.0,2025-08-04 13:30:00.001358323+00:00,STOP,379.0,23092.75,STOP,3.0,23095.25,-69.0,-69.0,-138.0,DOUBLE_STOP,0.5,COST_COVER_BE,BUY,True,COST_COVER_BE,23094.25,-9.0,-78.0,60.0,DOUBLE_STOP_RESCUED,STOP,7.0,2025-08-04 13:30:00.007221097+00:00,-69.0
2176,2025-08-04 09:30,2025-08-04T13:30:00+00:00,NY,AUGUST,VALIDATED_SOURCE,NQU5,2,2,-118.0,RESOLVED,SELL,STOP,3.0,2025-08-04 13:30:00.001358323+00:00,STOP,379.0,23092.75,STOP,3.0,23095.25,-69.0,-69.0,-138.0,DOUBLE_STOP,1.0,PRICE_BE,BUY,True,PRICE_BE,23094.5,1.0,-68.0,70.0,DOUBLE_STOP_RESCUED,STOP,22.0,2025-08-04 13:30:00.017045993+00:00,-69.0
2176,2025-08-04 09:30,2025-08-04T13:30:00+00:00,NY,AUGUST,VALIDATED_SOURCE,NQU5,2,2,-118.0,RESOLVED,SELL,STOP,3.0,2025-08-04 13:30:00.001358323+00:00,STOP,379.0,23092.75,STOP,3.0,23095.25,-69.0,-69.0,-138.0,DOUBLE_STOP,1.0,COST_COVER_BE,BUY,True,COST_COVER_BE,23094.5,1.0,-68.0,70.0,DOUBLE_STOP_RESCUED,STOP,22.0,2025-08-04 13:30:00.017045993+00:00,-69.0
2176,2025-08-04 09:30,2025-08-04T13:30:00+00:00,NY,AUGUST,VALIDATED_SOURCE,NQU5,2,2,-118.0,RESOLVED,SELL,STOP,3.0,2025-08-04 13:30:00.001358323+00:00,STOP,379.0,23092.75,STOP,3.0,23095.25,-69.0,-69.0,-138.0,DOUBLE_STOP,2.0,PRICE_BE,BUY,True,PRICE_BE,23093.75,-29.0,-98.0,40.0,DOUBLE_STOP_RESCUED,STOP,157.0,2025-08-04 13:30:00.425319675+00:00,-69.0
2176,2025-08-04 09:30,2025-08-04T13:30:00+00:00,NY,AUGUST,VALIDATED_SOURCE,NQU5,2,2,-118.0,RESOLVED,SELL,STOP,3.0,2025-08-04 13:30:00.001358323+00:00,STOP,379.0,23092.75,STOP,3.0,23095.25,-69.0,-69.0,-138.0,DOUBLE_STOP,2.0,COST_COVER_BE,BUY,True,COST_COVER_BE,23094.25,-9.0,-78.0,60.0,DOUBLE_STOP_RESCUED,STOP,157.0,2025-08-04 13:30:00.425319675+00:00,-69.0
2176,2025-08-04 09:30,2025-08-04T13:30:00+00:00,NY,AUGUST,VALIDATED_SOURCE,NQU5,2,2,-118.0,RESOLVED,SELL,STOP,3.0,2025-08-04 13:30:00.001358323+00:00,STOP,379.0,23092.75,STOP,3.0,23095.25,-69.0,-69.0,-138.0,DOUBLE_STOP,3.0,PRICE_BE,BUY,True,PRICE_BE,23093.75,-29.0,-98.0,40.0,DOUBLE_STOP_RESCUED,STOP,280.0,2025-08-04 13:30:01.013919407+00:00,-69.0
2176,2025-08-04 09:30,2025-08-04T13:30:00+00:00,NY,AUGUST,VALIDATED_SOURCE,NQU5,2,2,-118.0,RESOLVED,SELL,STOP,3.0,2025-08-04 13:30:00.001358323+00:00,STOP,379.0,23092.75,STOP,3.0,23095.25,-69.0,-69.0,-138.0,DOUBLE_STOP,3.0,COST_COVER_BE,BUY,True,COST_COVER_BE,23094.25,-9.0,-78.0,60.0,DOUBLE_STOP_RESCUED,STOP,280.0,2025-08-04 13:30:01.013919407+00:00,-69.0
2176,2025-08-04 09:30,2025-08-04T13:30:00+00:00,NY,AUGUST,VALIDATED_SOURCE,NQU5,2,2,-118.0,RESOLVED,SELL,STOP,3.0,2025-08-04 13:30:00.001358323+00:00,STOP,379.0,23092.75,STOP,3.0,23095.25,-69.0,-69.0,-138.0,DOUBLE_STOP,4.0,PRICE_BE,BUY,False,ORIGINAL_STOP_BEFORE_ARM,23092.75,-69.0,-138.0,0.0,DOUBLE_STOP_NOT_RESCUED,STOP,,,
2176,2025-08-04 09:30,2025-08-04T13:30:00+00:00,NY,AUGUST,VALIDATED_SOURCE,NQU5,2,2,-118.0,RESOLVED,SELL,STOP,3.0,2025-08-04 13:30:00.001358323+00:00,STOP,379.0,23092.75,STOP,3.0,23095.25,-69.0,-69.0,-138.0,DOUBLE_STOP,4.0,COST_COVER_BE,BUY,False,ORIGINAL_STOP_BEFORE_ARM,23092.75,-69.0,-138.0,0.0,DOUBLE_STOP_NOT_RESCUED,STOP,,,
2176,2025-08-04 09:30,2025-08-04T13:30:00+00:00,NY,AUGUST,VALIDATED_SOURCE,NQU5,2,2,-118.0,RESOLVED,SELL,STOP,3.0,2025-08-04 13:30:00.001358323+00:00,STOP,379.0,23092.75,STOP,3.0,23095.25,-69.0,-69.0,-138.0,DOUBLE_STOP,5.0,PRICE_BE,BUY,False,ORIGINAL_STOP_BEFORE_ARM,23092.75,-69.0,-138.0,0.0,DOUBLE_STOP_NOT_RESCUED,STOP,,,
2176,2025-08-04 09:30,2025-08-04T13:30:00+00:00,NY,AUGUST,VALIDATED_SOURCE,NQU5,2,2,-118.0,RESOLVED,SELL,STOP,3.0,2025-08-04 13:30:00.001358323+00:00,STOP,379.0,23092.75,STOP,3.0,23095.25,-69.0,-69.0,-138.0,DOUBLE_STOP,5.0,COST_COVER_BE,BUY,False,ORIGINAL_STOP_BEFORE_ARM,23092.75,-69.0,-138.0,0.0,DOUBLE_STOP_NOT_RESCUED,STOP,,,
2176,2025-08-04 09:30,2025-08-04T13:30:00+00:00,NY,AUGUST,VALIDATED_SOURCE,NQU5,2,2,-118.0,RESOLVED,SELL,STOP,3.0,2025-08-04 13:30:00.001358323+00:00,STOP,379.0,23092.75,STOP,3.0,23095.25,-69.0,-69.0,-138.0,DOUBLE_STOP,8.0,PRICE_BE,BUY,False,ORIGINAL_STOP_BEFORE_ARM,23092.75,-69.0,-138.0,0.0,DOUBLE_STOP_NOT_RESCUED,STOP,,,
2176,2025-08-04 09:30,2025-08-04T13:30:00+00:00,NY,AUGUST,VALIDATED_SOURCE,NQU5,2,2,-118.0,RESOLVED,SELL,STOP,3.0,2025-08-04 13:30:00.001358323+00:00,STOP,379.0,23092.75,STOP,3.0,23095.25,-69.0,-69.0,-138.0,DOUBLE_STOP,8.0,COST_COVER_BE,BUY,False,ORIGINAL_STOP_BEFORE_ARM,23092.75,-69.0,-138.0,0.0,DOUBLE_STOP_NOT_RESCUED,STOP,,,
2176,2025-08-04 09:30,2025-08-04T13:30:00+00:00,NY,AUGUST,VALIDATED_SOURCE,NQU5,2,4,-118.0,RESOLVED,SELL,STOP,3.0,2025-08-04 13:30:00.001358323+00:00,STOP,379.0,23092.25,STOP,3.0,23095.75,-89.0,-89.0,-178.0,DOUBLE_STOP,0.5,PRICE_BE,BUY,True,PRICE_BE,23094.0,-19.0,-108.0,70.0,DOUBLE_STOP_RESCUED,STOP,7.0,2025-08-04 13:30:00.007221097+00:00,-89.0
2176,2025-08-04 09:30,2025-08-04T13:30:00+00:00,NY,AUGUST,VALIDATED_SOURCE,NQU5,2,4,-118.0,RESOLVED,SELL,STOP,3.0,2025-08-04 13:30:00.001358323+00:00,STOP,379.0,23092.25,STOP,3.0,23095.75,-89.0,-89.0,-178.0,DOUBLE_STOP,0.5,COST_COVER_BE,BUY,True,COST_COVER_BE,23093.75,-29.0,-118.0,60.0,DOUBLE_STOP_RESCUED,STOP,7.0,2025-08-04 13:30:00.007221097+00:00,-89.0
2176,2025-08-04 09:30,2025-08-04T13:30:00+00:00,NY,AUGUST,VALIDATED_SOURCE,NQU5,2,4,-118.0,RESOLVED,SELL,STOP,3.0,2025-08-04 13:30:00.001358323+00:00,STOP,379.0,23092.25,STOP,3.0,23095.75,-89.0,-89.0,-178.0,DOUBLE_STOP,1.0,PRICE_BE,BUY,True,PRICE_BE,23094.0,-19.0,-108.0,70.0,DOUBLE_STOP_RESCUED,STOP,22.0,2025-08-04 13:30:00.017045993+00:00,-89.0
2176,2025-08-04 09:30,2025-08-04T13:30:00+00:00,NY,AUGUST,VALIDATED_SOURCE,NQU5,2,4,-118.0,RESOLVED,SELL,STOP,3.0,2025-08-04 13:30:00.001358323+00:00,STOP,379.0,23092.25,STOP,3.0,23095.75,-89.0,-89.0,-178.0,DOUBLE_STOP,1.0,COST_COVER_BE,BUY,True,COST_COVER_BE,23094.0,-19.0,-108.0,70.0,DOUBLE_STOP_RESCUED,STOP,22.0,2025-08-04 13:30:00.017045993+00:00,-89.0
2176,2025-08-04 09:30,2025-08-04T13:30:00+00:00,NY,AUGUST,VALIDATED_SOURCE,NQU5,2,4,-118.0,RESOLVED,SELL,STOP,3.0,2025-08-04 13:30:00.001358323+00:00,STOP,379.0,23092.25,STOP,3.0,23095.75,-89.0,-89.0,-178.0,DOUBLE_STOP,2.0,PRICE_BE,BUY,True,PRICE_BE,23093.25,-49.0,-138.0,40.0,DOUBLE_STOP_RESCUED,STOP,157.0,2025-08-04 13:30:00.425319675+00:00,-89.0
2176,2025-08-04 09:30,2025-08-04T13:30:00+00:00,NY,AUGUST,VALIDATED_SOURCE,NQU5,2,4,-118.0,RESOLVED,SELL,STOP,3.0,2025-08-04 13:30:00.001358323+00:00,STOP,379.0,23092.25,STOP,3.0,23095.75,-89.0,-89.0,-178.0,DOUBLE_STOP,2.0,COST_COVER_BE,BUY,True,COST_COVER_BE,23093.75,-29.0,-118.0,60.0,DOUBLE_STOP_RESCUED,STOP,157.0,2025-08-04 13:30:00.425319675+00:00,-89.0
2176,2025-08-04 09:30,2025-08-04T13:30:00+00:00,NY,AUGUST,VALIDATED_SOURCE,NQU5,2,4,-118.0,RESOLVED,SELL,STOP,3.0,2025-08-04 13:30:00.001358323+00:00,STOP,379.0,23092.25,STOP,3.0,23095.75,-89.0,-89.0,-178.0,DOUBLE_STOP,3.0,PRICE_BE,BUY,True,PRICE_BE,23093.25,-49.0,-138.0,40.0,DOUBLE_STOP_RESCUED,STOP,280.0,2025-08-04 13:30:01.013919407+00:00,-89.0
2176,2025-08-04 09:30,2025-08-04T13:30:00+00:00,NY,AUGUST,VALIDATED_SOURCE,NQU5,2,4,-118.0,RESOLVED,SELL,STOP,3.0,2025-08-04 13:30:00.001358323+00:00,STOP,379.0,23092.25,STOP,3.0,23095.75,-89.0,-89.0,-178.0,DOUBLE_STOP,3.0,COST_COVER_BE,BUY,True,COST_COVER_BE,23093.75,-29.0,-118.0,60.0,DOUBLE_STOP_RESCUED,STOP,280.0,2025-08-04 13:30:01.013919407+00:00,-89.0
2176,2025-08-04 09:30,2025-08-04T13:30:00+00:00,NY,AUGUST,VALIDATED_SOURCE,NQU5,2,4,-118.0,RESOLVED,SELL,STOP,3.0,2025-08-04 13:30:00.001358323+00:00,STOP,379.0,23092.25,STOP,3.0,23095.75,-89.0,-89.0,-178.0,DOUBLE_STOP,4.0,PRICE_BE,BUY,False,ORIGINAL_STOP_BEFORE_ARM,23092.25,-89.0,-178.0,0.0,DOUBLE_STOP_NOT_RESCUED,STOP,,,
2176,2025-08-04 09:30,2025-08-04T13:30:00+00:00,NY,AUGUST,VALIDATED_SOURCE,NQU5,2,4,-118.0,RESOLVED,SELL,STOP,3.0,2025-08-04 13:30:00.001358323+00:00,STOP,379.0,23092.25,STOP,3.0,23095.75,-89.0,-89.0,-178.0,DOUBLE_STOP,4.0,COST_COVER_BE,BUY,False,ORIGINAL_STOP_BEFORE_ARM,23092.25,-89.0,-178.0,0.0,DOUBLE_STOP_NOT_RESCUED,STOP,,,
2176,2025-08-04 09:30,2025-08-04T13:30:00+00:00,NY,AUGUST,VALIDATED_SOURCE,NQU5,2,4,-118.0,RESOLVED,SELL,STOP,3.0,2025-08-04 13:30:00.001358323+00:00,STOP,379.0,23092.25,STOP,3.0,23095.75,-89.0,-89.0,-178.0,DOUBLE_STOP,5.0,PRICE_BE,BUY,False,ORIGINAL_STOP_BEFORE_ARM,23092.25,-89.0,-178.0,0.0,DOUBLE_STOP_NOT_RESCUED,STOP,,,
2176,2025-08-04 09:30,2025-08-04T13:30:00+00:00,NY,AUGUST,VALIDATED_SOURCE,NQU5,2,4,-118.0,RESOLVED,SELL,STOP,3.0,2025-08-04 13:30:00.001358323+00:00,STOP,379.0,23092.25,STOP,3.0,23095.75,-89.0,-89.0,-178.0,DOUBLE_STOP,5.0,COST_COVER_BE,BUY,False,ORIGINAL_STOP_BEFORE_ARM,23092.25,-89.0,-178.0,0.0,DOUBLE_STOP_NOT_RESCUED,STOP,,,
2176,2025-08-04 09:30,2025-08-04T13:30:00+00:00,NY,AUGUST,VALIDATED_SOURCE,NQU5,2,4,-118.0,RESOLVED,SELL,STOP,3.0,2025-08-04 13:30:00.001358323+00:00,STOP,379.0,23092.25,STOP,3.0,23095.75,-89.0,-89.0,-178.0,DOUBLE_STOP,8.0,PRICE_BE,BUY,False,ORIGINAL_STOP_BEFORE_ARM,23092.25,-89.0,-178.0,0.0,DOUBLE_STOP_NOT_RESCUED,STOP,,,
2176,2025-08-04 09:30,2025-08-04T13:30:00+00:00,NY,AUGUST,VALIDATED_SOURCE,NQU5,2,4,-118.0,RESOLVED,SELL,STOP,3.0,2025-08-04 13:30:00.001358323+00:00,STOP,379.0,23092.25,STOP,3.0,23095.75,-89.0,-89.0,-178.0,DOUBLE_STOP,8.0,COST_COVER_BE,BUY,False,ORIGINAL_STOP_BEFORE_ARM,23092.25,-89.0,-178.0,0.0,DOUBLE_STOP_NOT_RESCUED,STOP,,,
2177,2025-08-04 18:00,2025-08-04T22:00:00+00:00,WEEKDAY_PREMIUM,AUGUST,VALIDATED_SOURCE,NQU5,2,0,-118.0,RESOLVED,SELL,STOP,0.0,2025-08-04 22:00:00.005266717+00:00,STOP,4.0,23353.0,STOP,0.0,23355.25,-59.0,-69.0,-128.0,DOUBLE_STOP,0.5,PRICE_BE,BUY,False,ORIGINAL_STOP_BEFORE_ARM,23353.0,-59.0,-128.0,0.0,DOUBLE_STOP_NOT_RESCUED,STOP,,,
2177,2025-08-04 18:00,2025-08-04T22:00:00+00:00,WEEKDAY_PREMIUM,AUGUST,VALIDATED_SOURCE,NQU5,2,0,-118.0,RESOLVED,SELL,STOP,0.0,2025-08-04 22:00:00.005266717+00:00,STOP,4.0,23353.0,STOP,0.0,23355.25,-59.0,-69.0,-128.0,DOUBLE_STOP,0.5,COST_COVER_BE,BUY,False,ORIGINAL_STOP_BEFORE_ARM,23353.0,-59.0,-128.0,0.0,DOUBLE_STOP_NOT_RESCUED,STOP,,,
2177,2025-08-04 18:00,2025-08-04T22:00:00+00:00,WEEKDAY_PREMIUM,AUGUST,VALIDATED_SOURCE,NQU5,2,0,-118.0,RESOLVED,SELL,STOP,0.0,2025-08-04 22:00:00.005266717+00:00,STOP,4.0,23353.0,STOP,0.0,23355.25,-59.0,-69.0,-128.0,DOUBLE_STOP,1.0,PRICE_BE,BUY,False,ORIGINAL_STOP_BEFORE_ARM,23353.0,-59.0,-128.0,0.0,DOUBLE_STOP_NOT_RESCUED,STOP,,,
2177,2025-08-04 18:00,2025-08-04T22:00:00+00:00,WEEKDAY_PREMIUM,AUGUST,VALIDATED_SOURCE,NQU5,2,0,-118.0,RESOLVED,SELL,STOP,0.0,2025-08-04 22:00:00.005266717+00:00,STOP,4.0,23353.0,STOP,0.0,23355.25,-59.0,-69.0,-128.0,DOUBLE_STOP,1.0,COST_COVER_BE,BUY,False,ORIGINAL_STOP_BEFORE_ARM,23353.0,-59.0,-128.0,0.0,DOUBLE_STOP_NOT_RESCUED,STOP,,,
2177,2025-08-04 18:00,2025-08-04T22:00:00+00:00,WEEKDAY_PREMIUM,AUGUST,VALIDATED_SOURCE,NQU5,2,0,-118.0,RESOLVED,SELL,STOP,0.0,2025-08-04 22:00:00.005266717+00:00,STOP,4.0,23353.0,STOP,0.0,23355.25,-59.0,-69.0,-128.0,DOUBLE_STOP,2.0,PRICE_BE,BUY,False,ORIGINAL_STOP_BEFORE_ARM,23353.0,-59.0,-128.0,0.0,DOUBLE_STOP_NOT_RESCUED,STOP,,,
2177,2025-08-04 18:00,2025-08-04T22:00:00+00:00,WEEKDAY_PREMIUM,AUGUST,VALIDATED_SOURCE,NQU5,2,0,-118.0,RESOLVED,SELL,STOP,0.0,2025-08-04 22:00:00.005266717+00:00,STOP,4.0,23353.0,STOP,0.0,23355.25,-59.0,-69.0,-128.0,DOUBLE_STOP,2.0,COST_COVER_BE,BUY,False,ORIGINAL_STOP_BEFORE_ARM,23353.0,-59.0,-128.0,0.0,DOUBLE_STOP_NOT_RESCUED,STOP,,,
2177,2025-08-04 18:00,2025-08-04T22:00:00+00:00,WEEKDAY_PREMIUM,AUGUST,VALIDATED_SOURCE,NQU5,2,0,-118.0,RESOLVED,SELL,STOP,0.0,2025-08-04 22:00:00.005266717+00:00,STOP,4.0,23353.0,STOP,0.0,23355.25,-59.0,-69.0,-128.0,DOUBLE_STOP,3.0,PRICE_BE,BUY,False,ORIGINAL_STOP_BEFORE_ARM,23353.0,-59.0,-128.0,0.0,DOUBLE_STOP_NOT_RESCUED,STOP,,,
2177,2025-08-04 18:00,2025-08-04T22:00:00+00:00,WEEKDAY_PREMIUM,AUGUST,VALIDATED_SOURCE,NQU5,2,0,-118.0,RESOLVED,SELL,STOP,0.0,2025-08-04 22:00:00.005266717+00:00,STOP,4.0,23353.0,STOP,0.0,23355.25,-59.0,-69.0,-128.0,DOUBLE_STOP,3.0,COST_COVER_BE,BUY,False,ORIGINAL_STOP_BEFORE_ARM,23353.0,-59.0,-128.0,0.0,DOUBLE_STOP_NOT_RESCUED,STOP,,,
2177,2025-08-04 18:00,2025-08-04T22:00:00+00:00,WEEKDAY_PREMIUM,AUGUST,VALIDATED_SOURCE,NQU5,2,0,-118.0,RESOLVED,SELL,STOP,0.0,2025-08-04 22:00:00.005266717+00:00,STOP,4.0,23353.0,STOP,0.0,23355.25,-59.0,-69.0,-128.0,DOUBLE_STOP,4.0,PRICE_BE,BUY,False,ORIGINAL_STOP_BEFORE_ARM,23353.0,-59.0,-128.0,0.0,DOUBLE_STOP_NOT_RESCUED,STOP,,,
2177,2025-08-04 18:00,2025-08-04T22:00:00+00:00,WEEKDAY_PREMIUM,AUGUST,VALIDATED_SOURCE,NQU5,2,0,-118.0,RESOLVED,SELL,STOP,0.0,2025-08-04 22:00:00.005266717+00:00,STOP,4.0,23353.0,STOP,0.0,23355.25,-59.0,-69.0,-128.0,DOUBLE_STOP,4.0,COST_COVER_BE,BUY,False,ORIGINAL_STOP_BEFORE_ARM,23353.0,-59.0,-128.0,0.0,DOUBLE_STOP_NOT_RESCUED,STOP,,,
2177,2025-08-04 18:00,2025-08-04T22:00:00+00:00,WEEKDAY_PREMIUM,AUGUST,VALIDATED_SOURCE,NQU5,2,0,-118.0,RESOLVED,SELL,STOP,0.0,2025-08-04 22:00:00.005266717+00:00,STOP,4.0,23353.0,STOP,0.0,23355.25,-59.0,-69.0,-128.0,DOUBLE_STOP,5.0,PRICE_BE,BUY,False,ORIGINAL_STOP_BEFORE_ARM,23353.0,-59.0,-128.0,0.0,DOUBLE_STOP_NOT_RESCUED,STOP,,,
2177,2025-08-04 18:00,2025-08-04T22:00:00+00:00,WEEKDAY_PREMIUM,AUGUST,VALIDATED_SOURCE,NQU5,2,0,-118.0,RESOLVED,SELL,STOP,0.0,2025-08-04 22:00:00.005266717+00:00,STOP,4.0,23353.0,STOP,0.0,23355.25,-59.0,-69.0,-128.0,DOUBLE_STOP,5.0,COST_COVER_BE,BUY,False,ORIGINAL_STOP_BEFORE_ARM,23353.0,-59.0,-128.0,0.0,DOUBLE_STOP_NOT_RESCUED,STOP,,,
2177,2025-08-04 18:00,2025-08-04T22:00:00+00:00,WEEKDAY_PREMIUM,AUGUST,VALIDATED_SOURCE,NQU5,2,0,-118.0,RESOLVED,SELL,STOP,0.0,2025-08-04 22:00:00.005266717+00:00,STOP,4.0,23353.0,STOP,0.0,23355.25,-59.0,-69.0,-128.0,DOUBLE_STOP,8.0,PRICE_BE,BUY,False,ORIGINAL_STOP_BEFORE_ARM,23353.0,-59.0,-128.0,0.0,DOUBLE_STOP_NOT_RESCUED,STOP,,,
2177,2025-08-04 18:00,2025-08-04T22:00:00+00:00,WEEKDAY_PREMIUM,AUGUST,VALIDATED_SOURCE,NQU5,2,0,-118.0,RESOLVED,SELL,STOP,0.0,2025-08-04 22:00:00.005266717+00:00,STOP,4.0,23353.0,STOP,0.0,23355.25,-59.0,-69.0,-128.0,DOUBLE_STOP,8.0,COST_COVER_BE,BUY,False,ORIGINAL_STOP_BEFORE_ARM,23353.0,-59.0,-128.0,0.0,DOUBLE_STOP_NOT_RESCUED,STOP,,,
2177,2025-08-04 18:00,2025-08-04T22:00:00+00:00,WEEKDAY_PREMIUM,AUGUST,VALIDATED_SOURCE,NQU5,2,1,-118.0,RESOLVED,SELL,STOP,0.0,2025-08-04 22:00:00.005266717+00:00,STOP,4.0,23352.75,STOP,0.0,23355.5,-69.0,-79.0,-148.0,DOUBLE_STOP,0.5,PRICE_BE,BUY,False,ORIGINAL_STOP_BEFORE_ARM,23352.75,-69.0,-148.0,0.0,DOUBLE_STOP_NOT_RESCUED,STOP,,,
2177,2025-08-04 18:00,2025-08-04T22:00:00+00:00,WEEKDAY_PREMIUM,AUGUST,VALIDATED_SOURCE,NQU5,2,1,-118.0,RESOLVED,SELL,STOP,0.0,2025-08-04 22:00:00.005266717+00:00,STOP,4.0,23352.75,STOP,0.0,23355.5,-69.0,-79.0,-148.0,DOUBLE_STOP,0.5,COST_COVER_BE,BUY,False,ORIGINAL_STOP_BEFORE_ARM,23352.75,-69.0,-148.0,0.0,DOUBLE_STOP_NOT_RESCUED,STOP,,,
2177,2025-08-04 18:00,2025-08-04T22:00:00+00:00,WEEKDAY_PREMIUM,AUGUST,VALIDATED_SOURCE,NQU5,2,1,-118.0,RESOLVED,SELL,STOP,0.0,2025-08-04 22:00:00.005266717+00:00,STOP,4.0,23352.75,STOP,0.0,23355.5,-69.0,-79.0,-148.0,DOUBLE_STOP,1.0,PRICE_BE,BUY,False,ORIGINAL_STOP_BEFORE_ARM,23352.75,-69.0,-148.0,0.0,DOUBLE_STOP_NOT_RESCUED,STOP,,,
2177,2025-08-04 18:00,2025-08-04T22:00:00+00:00,WEEKDAY_PREMIUM,AUGUST,VALIDATED_SOURCE,NQU5,2,1,-118.0,RESOLVED,SELL,STOP,0.0,2025-08-04 22:00:00.005266717+00:00,STOP,4.0,23352.75,STOP,0.0,23355.5,-69.0,-79.0,-148.0,DOUBLE_STOP,1.0,COST_COVER_BE,BUY,False,ORIGINAL_STOP_BEFORE_ARM,23352.75,-69.0,-148.0,0.0,DOUBLE_STOP_NOT_RESCUED,STOP,,,
2177,2025-08-04 18:00,2025-08-04T22:00:00+00:00,WEEKDAY_PREMIUM,AUGUST,VALIDATED_SOURCE,NQU5,2,1,-118.0,RESOLVED,SELL,STOP,0.0,2025-08-04 22:00:00.005266717+00:00,STOP,4.0,23352.75,STOP,0.0,23355.5,-69.0,-79.0,-148.0,DOUBLE_STOP,2.0,PRICE_BE,BUY,False,ORIGINAL_STOP_BEFORE_ARM,23352.75,-69.0,-148.0,0.0,DOUBLE_STOP_NOT_RESCUED,STOP,,,
2177,2025-08-04 18:00,2025-08-04T22:00:00+00:00,WEEKDAY_PREMIUM,AUGUST,VALIDATED_SOURCE,NQU5,2,1,-118.0,RESOLVED,SELL,STOP,0.0,2025-08-04 22:00:00.005266717+00:00,STOP,4.0,23352.75,STOP,0.0,23355.5,-69.0,-79.0,-148.0,DOUBLE_STOP,2.0,COST_COVER_BE,BUY,False,ORIGINAL_STOP_BEFORE_ARM,23352.75,-69.0,-148.0,0.0,DOUBLE_STOP_NOT_RESCUED,STOP,,,
2177,2025-08-04 18:00,2025-08-04T22:00:00+00:00,WEEKDAY_PREMIUM,AUGUST,VALIDATED_SOURCE,NQU5,2,1,-118.0,RESOLVED,SELL,STOP,0.0,2025-08-04 22:00:00.005266717+00:00,STOP,4.0,23352.75,STOP,0.0,23355.5,-69.0,-79.0,-148.0,DOUBLE_STOP,3.0,PRICE_BE,BUY,False,ORIGINAL_STOP_BEFORE_ARM,23352.75,-69.0,-148.0,0.0,DOUBLE_STOP_NOT_RESCUED,STOP,,,
2177,2025-08-04 18:00,2025-08-04T22:00:00+00:00,WEEKDAY_PREMIUM,AUGUST,VALIDATED_SOURCE,NQU5,2,1,-118.0,RESOLVED,SELL,STOP,0.0,2025-08-04 22:00:00.005266717+00:00,STOP,4.0,23352.75,STOP,0.0,23355.5,-69.0,-79.0,-148.0,DOUBLE_STOP,3.0,COST_COVER_BE,BUY,False,ORIGINAL_STOP_BEFORE_ARM,23352.75,-69.0,-148.0,0.0,DOUBLE_STOP_NOT_RESCUED,STOP,,,
2177,2025-08-04 18:00,2025-08-04T22:00:00+00:00,WEEKDAY_PREMIUM,AUGUST,VALIDATED_SOURCE,NQU5,2,1,-118.0,RESOLVED,SELL,STOP,0.0,2025-08-04 22:00:00.005266717+00:00,STOP,4.0,23352.75,STOP,0.0,23355.5,-69.0,-79.0,-148.0,DOUBLE_STOP,4.0,PRICE_BE,BUY,False,ORIGINAL_STOP_BEFORE_ARM,23352.75,-69.0,-148.0,0.0,DOUBLE_STOP_NOT_RESCUED,STOP,,,
2177,2025-08-04 18:00,2025-08-04T22:00:00+00:00,WEEKDAY_PREMIUM,AUGUST,VALIDATED_SOURCE,NQU5,2,1,-118.0,RESOLVED,SELL,STOP,0.0,2025-08-04 22:00:00.005266717+00:00,STOP,4.0,23352.75,STOP,0.0,23355.5,-69.0,-79.0,-148.0,DOUBLE_STOP,4.0,COST_COVER_BE,BUY,False,ORIGINAL_STOP_BEFORE_ARM,23352.75,-69.0,-148.0,0.0,DOUBLE_STOP_NOT_RESCUED,STOP,,,
2177,2025-08-04 18:00,2025-08-04T22:00:00+00:00,WEEKDAY_PREMIUM,AUGUST,VALIDATED_SOURCE,NQU5,2,1,-118.0,RESOLVED,SELL,STOP,0.0,2025-08-04 22:00:00.005266717+00:00,STOP,4.0,23352.75,STOP,0.0,23355.5,-69.0,-79.0,-148.0,DOUBLE_STOP,5.0,PRICE_BE,BUY,False,ORIGINAL_STOP_BEFORE_ARM,23352.75,-69.0,-148.0,0.0,DOUBLE_STOP_NOT_RESCUED,STOP,,,
2177,2025-08-04 18:00,2025-08-04T22:00:00+00:00,WEEKDAY_PREMIUM,AUGUST,VALIDATED_SOURCE,NQU5,2,1,-118.0,RESOLVED,SELL,STOP,0.0,2025-08-04 22:00:00.005266717+00:00,STOP,4.0,23352.75,STOP,0.0,23355.5,-69.0,-79.0,-148.0,DOUBLE_STOP,5.0,COST_COVER_BE,BUY,False,ORIGINAL_STOP_BEFORE_ARM,23352.75,-69.0,-148.0,0.0,DOUBLE_STOP_NOT_RESCUED,STOP,,,
2177,2025-08-04 18:00,2025-08-04T22:00:00+00:00,WEEKDAY_PREMIUM,AUGUST,VALIDATED_SOURCE,NQU5,2,1,-118.0,RESOLVED,SELL,STOP,0.0,2025-08-04 22:00:00.005266717+00:00,STOP,4.0,23352.75,STOP,0.0,23355.5,-69.0,-79.0,-148.0,DOUBLE_STOP,8.0,PRICE_BE,BUY,False,ORIGINAL_STOP_BEFORE_ARM,23352.75,-69.0,-148.0,0.0,DOUBLE_STOP_NOT_RESCUED,STOP,,,
2177,2025-08-04 18:00,2025-08-04T22:00:00+00:00,WEEKDAY_PREMIUM,AUGUST,VALIDATED_SOURCE,NQU5,2,1,-118.0,RESOLVED,SELL,STOP,0.0,2025-08-04 22:00:00.005266717+00:00,STOP,4.0,23352.75,STOP,0.0,23355.5,-69.0,-79.0,-148.0,DOUBLE_STOP,8.0,COST_COVER_BE,BUY,False,ORIGINAL_STOP_BEFORE_ARM,23352.75,-69.0,-148.0,0.0,DOUBLE_STOP_NOT_RESCUED,STOP,,,
2177,2025-08-04 18:00,2025-08-04T22:00:00+00:00,WEEKDAY_PREMIUM,AUGUST,VALIDATED_SOURCE,NQU5,2,2,-118.0,RESOLVED,SELL,STOP,0.0,2025-08-04 22:00:00.005266717+00:00,STOP,4.0,23352.5,STOP,0.0,23355.75,-79.0,-89.0,-168.0,DOUBLE_STOP,0.5,PRICE_BE,BUY,False,ORIGINAL_STOP_BEFORE_ARM,23352.5,-79.0,-168.0,0.0,DOUBLE_STOP_NOT_RESCUED,STOP,,,
2177,2025-08-04 18:00,2025-08-04T22:00:00+00:00,WEEKDAY_PREMIUM,AUGUST,VALIDATED_SOURCE,NQU5,2,2,-118.0,RESOLVED,SELL,STOP,0.0,2025-08-04 22:00:00.005266717+00:00,STOP,4.0,23352.5,STOP,0.0,23355.75,-79.0,-89.0,-168.0,DOUBLE_STOP,0.5,COST_COVER_BE,BUY,False,ORIGINAL_STOP_BEFORE_ARM,23352.5,-79.0,-168.0,0.0,DOUBLE_STOP_NOT_RESCUED,STOP,,,
2177,2025-08-04 18:00,2025-08-04T22:00:00+00:00,WEEKDAY_PREMIUM,AUGUST,VALIDATED_SOURCE,NQU5,2,2,-118.0,RESOLVED,SELL,STOP,0.0,2025-08-04 22:00:00.005266717+00:00,STOP,4.0,23352.5,STOP,0.0,23355.75,-79.0,-89.0,-168.0,DOUBLE_STOP,1.0,PRICE_BE,BUY,False,ORIGINAL_STOP_BEFORE_ARM,23352.5,-79.0,-168.0,0.0,DOUBLE_STOP_NOT_RESCUED,STOP,,,
2177,2025-08-04 18:00,2025-08-04T22:00:00+00:00,WEEKDAY_PREMIUM,AUGUST,VALIDATED_SOURCE,NQU5,2,2,-118.0,RESOLVED,SELL,STOP,0.0,2025-08-04 22:00:00.005266717+00:00,STOP,4.0,23352.5,STOP,0.0,23355.75,-79.0,-89.0,-168.0,DOUBLE_STOP,1.0,COST_COVER_BE,BUY,False,ORIGINAL_STOP_BEFORE_ARM,23352.5,-79.0,-168.0,0.0,DOUBLE_STOP_NOT_RESCUED,STOP,,,
2177,2025-08-04 18:00,2025-08-04T22:00:00+00:00,WEEKDAY_PREMIUM,AUGUST,VALIDATED_SOURCE,NQU5,2,2,-118.0,RESOLVED,SELL,STOP,0.0,2025-08-04 22:00:00.005266717+00:00,STOP,4.0,23352.5,STOP,0.0,23355.75,-79.0,-89.0,-168.0,DOUBLE_STOP,2.0,PRICE_BE,BUY,False,ORIGINAL_STOP_BEFORE_ARM,23352.5,-79.0,-168.0,0.0,DOUBLE_STOP_NOT_RESCUED,STOP,,,
2177,2025-08-04 18:00,2025-08-04T22:00:00+00:00,WEEKDAY_PREMIUM,AUGUST,VALIDATED_SOURCE,NQU5,2,2,-118.0,RESOLVED,SELL,STOP,0.0,2025-08-04 22:00:00.005266717+00:00,STOP,4.0,23352.5,STOP,0.0,23355.75,-79.0,-89.0,-168.0,DOUBLE_STOP,2.0,COST_COVER_BE,BUY,False,ORIGINAL_STOP_BEFORE_ARM,23352.5,-79.0,-168.0,0.0,DOUBLE_STOP_NOT_RESCUED,STOP,,,
2177,2025-08-04 18:00,2025-08-04T22:00:00+00:00,WEEKDAY_PREMIUM,AUGUST,VALIDATED_SOURCE,NQU5,2,2,-118.0,RESOLVED,SELL,STOP,0.0,2025-08-04 22:00:00.005266717+00:00,STOP,4.0,23352.5,STOP,0.0,23355.75,-79.0,-89.0,-168.0,DOUBLE_STOP,3.0,PRICE_BE,BUY,False,ORIGINAL_STOP_BEFORE_ARM,23352.5,-79.0,-168.0,0.0,DOUBLE_STOP_NOT_RESCUED,STOP,,,
2177,2025-08-04 18:00,2025-08-04T22:00:00+00:00,WEEKDAY_PREMIUM,AUGUST,VALIDATED_SOURCE,NQU5,2,2,-118.0,RESOLVED,SELL,STOP,0.0,2025-08-04 22:00:00.005266717+00:00,STOP,4.0,23352.5,STOP,0.0,23355.75,-79.0,-89.0,-168.0,DOUBLE_STOP,3.0,COST_COVER_BE,BUY,False,ORIGINAL_STOP_BEFORE_ARM,23352.5,-79.0,-168.0,0.0,DOUBLE_STOP_NOT_RESCUED,STOP,,,
2177,2025-08-04 18:00,2025-08-04T22:00:00+00:00,WEEKDAY_PREMIUM,AUGUST,VALIDATED_SOURCE,NQU5,2,2,-118.0,RESOLVED,SELL,STOP,0.0,2025-08-04 22:00:00.005266717+00:00,STOP,4.0,23352.5,STOP,0.0,23355.75,-79.0,-89.0,-168.0,DOUBLE_STOP,4.0,PRICE_BE,BUY,False,ORIGINAL_STOP_BEFORE_ARM,23352.5,-79.0,-168.0,0.0,DOUBLE_STOP_NOT_RESCUED,STOP,,,
2177,2025-08-04 18:00,2025-08-04T22:00:00+00:00,WEEKDAY_PREMIUM,AUGUST,VALIDATED_SOURCE,NQU5,2,2,-118.0,RESOLVED,SELL,STOP,0.0,2025-08-04 22:00:00.005266717+00:00,STOP,4.0,23352.5,STOP,0.0,23355.75,-79.0,-89.0,-168.0,DOUBLE_STOP,4.0,COST_COVER_BE,BUY,False,ORIGINAL_STOP_BEFORE_ARM,23352.5,-79.0,-168.0,0.0,DOUBLE_STOP_NOT_RESCUED,STOP,,,
2177,2025-08-04 18:00,2025-08-04T22:00:00+00:00,WEEKDAY_PREMIUM,AUGUST,VALIDATED_SOURCE,NQU5,2,2,-118.0,RESOLVED,SELL,STOP,0.0,2025-08-04 22:00:00.005266717+00:00,STOP,4.0,23352.5,STOP,0.0,23355.75,-79.0,-89.0,-168.0,DOUBLE_STOP,5.0,PRICE_BE,BUY,False,ORIGINAL_STOP_BEFORE_ARM,23352.5,-79.0,-168.0,0.0,DOUBLE_STOP_NOT_RESCUED,STOP,,,
2177,2025-08-04 18:00,2025-08-04T22:00:00+00:00,WEEKDAY_PREMIUM,AUGUST,VALIDATED_SOURCE,NQU5,2,2,-118.0,RESOLVED,SELL,STOP,0.0,2025-08-04 22:00:00.005266717+00:00,STOP,4.0,23352.5,STOP,0.0,23355.75,-79.0,-89.0,-168.0,DOUBLE_STOP,5.0,COST_COVER_BE,BUY,False,ORIGINAL_STOP_BEFORE_ARM,23352.5,-79.0,-168.0,0.0,DOUBLE_STOP_NOT_RESCUED,STOP,,,
2177,2025-08-04 18:00,2025-08-04T22:00:00+00:00,WEEKDAY_PREMIUM,AUGUST,VALIDATED_SOURCE,NQU5,2,2,-118.0,RESOLVED,SELL,STOP,0.0,2025-08-04 22:00:00.005266717+00:00,STOP,4.0,23352.5,STOP,0.0,23355.75,-79.0,-89.0,-168.0,DOUBLE_STOP,8.0,PRICE_BE,BUY,False,ORIGINAL_STOP_BEFORE_ARM,23352.5,-79.0,-168.0,0.0,DOUBLE_STOP_NOT_RESCUED,STOP,,,
2177,2025-08-04 18:00,2025-08-04T22:00:00+00:00,WEEKDAY_PREMIUM,AUGUST,VALIDATED_SOURCE,NQU5,2,2,-118.0,RESOLVED,SELL,STOP,0.0,2025-08-04 22:00:00.005266717+00:00,STOP,4.0,23352.5,STOP,0.0,23355.75,-79.0,-89.0,-168.0,DOUBLE_STOP,8.0,COST_COVER_BE,BUY,False,ORIGINAL_STOP_BEFORE_ARM,23352.5,-79.0,-168.0,0.0,DOUBLE_STOP_NOT_RESCUED,STOP,,,
2177,2025-08-04 18:00,2025-08-04T22:00:00+00:00,WEEKDAY_PREMIUM,AUGUST,VALIDATED_SOURCE,NQU5,2,4,-118.0,RESOLVED,SELL,STOP,0.0,2025-08-04 22:00:00.005266717+00:00,STOP,4.0,23352.0,STOP,0.0,23356.25,-99.0,-109.0,-208.0,DOUBLE_STOP,0.5,PRICE_BE,BUY,False,ORIGINAL_STOP_BEFORE_ARM,23352.0,-99.0,-208.0,0.0,DOUBLE_STOP_NOT_RESCUED,STOP,,,
2177,2025-08-04 18:00,2025-08-04T22:00:00+00:00,WEEKDAY_PREMIUM,AUGUST,VALIDATED_SOURCE,NQU5,2,4,-118.0,RESOLVED,SELL,STOP,0.0,2025-08-04 22:00:00.005266717+00:00,STOP,4.0,23352.0,STOP,0.0,23356.25,-99.0,-109.0,-208.0,DOUBLE_STOP,0.5,COST_COVER_BE,BUY,False,ORIGINAL_STOP_BEFORE_ARM,23352.0,-99.0,-208.0,0.0,DOUBLE_STOP_NOT_RESCUED,STOP,,,
2177,2025-08-04 18:00,2025-08-04T22:00:00+00:00,WEEKDAY_PREMIUM,AUGUST,VALIDATED_SOURCE,NQU5,2,4,-118.0,RESOLVED,SELL,STOP,0.0,2025-08-04 22:00:00.005266717+00:00,STOP,4.0,23352.0,STOP,0.0,23356.25,-99.0,-109.0,-208.0,DOUBLE_STOP,1.0,PRICE_BE,BUY,False,ORIGINAL_STOP_BEFORE_ARM,23352.0,-99.0,-208.0,0.0,DOUBLE_STOP_NOT_RESCUED,STOP,,,
2177,2025-08-04 18:00,2025-08-04T22:00:00+00:00,WEEKDAY_PREMIUM,AUGUST,VALIDATED_SOURCE,NQU5,2,4,-118.0,RESOLVED,SELL,STOP,0.0,2025-08-04 22:00:00.005266717+00:00,STOP,4.0,23352.0,STOP,0.0,23356.25,-99.0,-109.0,-208.0,DOUBLE_STOP,1.0,COST_COVER_BE,BUY,False,ORIGINAL_STOP_BEFORE_ARM,23352.0,-99.0,-208.0,0.0,DOUBLE_STOP_NOT_RESCUED,STOP,,,
2177,2025-08-04 18:00,2025-08-04T22:00:00+00:00,WEEKDAY_PREMIUM,AUGUST,VALIDATED_SOURCE,NQU5,2,4,-118.0,RESOLVED,SELL,STOP,0.0,2025-08-04 22:00:00.005266717+00:00,STOP,4.0,23352.0,STOP,0.0,23356.25,-99.0,-109.0,-208.0,DOUBLE_STOP,2.0,PRICE_BE,BUY,False,ORIGINAL_STOP_BEFORE_ARM,23352.0,-99.0,-208.0,0.0,DOUBLE_STOP_NOT_RESCUED,STOP,,,
2177,2025-08-04 18:00,2025-08-04T22:00:00+00:00,WEEKDAY_PREMIUM,AUGUST,VALIDATED_SOURCE,NQU5,2,4,-118.0,RESOLVED,SELL,STOP,0.0,2025-08-04 22:00:00.005266717+00:00,STOP,4.0,23352.0,STOP,0.0,23356.25,-99.0,-109.0,-208.0,DOUBLE_STOP,2.0,COST_COVER_BE,BUY,False,ORIGINAL_STOP_BEFORE_ARM,23352.0,-99.0,-208.0,0.0,DOUBLE_STOP_NOT_RESCUED,STOP,,,
2177,2025-08-04 18:00,2025-08-04T22:00:00+00:00,WEEKDAY_PREMIUM,AUGUST,VALIDATED_SOURCE,NQU5,2,4,-118.0,RESOLVED,SELL,STOP,0.0,2025-08-04 22:00:00.005266717+00:00,STOP,4.0,23352.0,STOP,0.0,23356.25,-99.0,-109.0,-208.0,DOUBLE_STOP,3.0,PRICE_BE,BUY,False,ORIGINAL_STOP_BEFORE_ARM,23352.0,-99.0,-208.0,0.0,DOUBLE_STOP_NOT_RESCUED,STOP,,,
2177,2025-08-04 18:00,2025-08-04T22:00:00+00:00,WEEKDAY_PREMIUM,AUGUST,VALIDATED_SOURCE,NQU5,2,4,-118.0,RESOLVED,SELL,STOP,0.0,2025-08-04 22:00:00.005266717+00:00,STOP,4.0,23352.0,STOP,0.0,23356.25,-99.0,-109.0,-208.0,DOUBLE_STOP,3.0,COST_COVER_BE,BUY,False,ORIGINAL_STOP_BEFORE_ARM,23352.0,-99.0,-208.0,0.0,DOUBLE_STOP_NOT_RESCUED,STOP,,,
2177,2025-08-04 18:00,2025-08-04T22:00:00+00:00,WEEKDAY_PREMIUM,AUGUST,VALIDATED_SOURCE,NQU5,2,4,-118.0,RESOLVED,SELL,STOP,0.0,2025-08-04 22:00:00.005266717+00:00,STOP,4.0,23352.0,STOP,0.0,23356.25,-99.0,-109.0,-208.0,DOUBLE_STOP,4.0,PRICE_BE,BUY,False,ORIGINAL_STOP_BEFORE_ARM,23352.0,-99.0,-208.0,0.0,DOUBLE_STOP_NOT_RESCUED,STOP,,,
2177,2025-08-04 18:00,2025-08-04T22:00:00+00:00,WEEKDAY_PREMIUM,AUGUST,VALIDATED_SOURCE,NQU5,2,4,-118.0,RESOLVED,SELL,STOP,0.0,2025-08-04 22:00:00.005266717+00:00,STOP,4.0,23352.0,STOP,0.0,23356.25,-99.0,-109.0,-208.0,DOUBLE_STOP,4.0,COST_COVER_BE,BUY,False,ORIGINAL_STOP_BEFORE_ARM,23352.0,-99.0,-208.0,0.0,DOUBLE_STOP_NOT_RESCUED,STOP,,,
2177,2025-08-04 18:00,2025-08-04T22:00:00+00:00,WEEKDAY_PREMIUM,AUGUST,VALIDATED_SOURCE,NQU5,2,4,-118.0,RESOLVED,SELL,STOP,0.0,2025-08-04 22:00:00.005266717+00:00,STOP,4.0,23352.0,STOP,0.0,23356.25,-99.0,-109.0,-208.0,DOUBLE_STOP,5.0,PRICE_BE,BUY,False,ORIGINAL_STOP_BEFORE_ARM,23352.0,-99.0,-208.0,0.0,DOUBLE_STOP_NOT_RESCUED,STOP,,,
2177,2025-08-04 18:00,2025-08-04T22:00:00+00:00,WEEKDAY_PREMIUM,AUGUST,VALIDATED_SOURCE,NQU5,2,4,-118.0,RESOLVED,SELL,STOP,0.0,2025-08-04 22:00:00.005266717+00:00,STOP,4.0,23352.0,STOP,0.0,23356.25,-99.0,-109.0,-208.0,DOUBLE_STOP,5.0,COST_COVER_BE,BUY,False,ORIGINAL_STOP_BEFORE_ARM,23352.0,-99.0,-208.0,0.0,DOUBLE_STOP_NOT_RESCUED,STOP,,,
2177,2025-08-04 18:00,2025-08-04T22:00:00+00:00,WEEKDAY_PREMIUM,AUGUST,VALIDATED_SOURCE,NQU5,2,4,-118.0,RESOLVED,SELL,STOP,0.0,2025-08-04 22:00:00.005266717+00:00,STOP,4.0,23352.0,STOP,0.0,23356.25,-99.0,-109.0,-208.0,DOUBLE_STOP,8.0,PRICE_BE,BUY,False,ORIGINAL_STOP_BEFORE_ARM,23352.0,-99.0,-208.0,0.0,DOUBLE_STOP_NOT_RESCUED,STOP,,,
2177,2025-08-04 18:00,2025-08-04T22:00:00+00:00,WEEKDAY_PREMIUM,AUGUST,VALIDATED_SOURCE,NQU5,2,4,-118.0,RESOLVED,SELL,STOP,0.0,2025-08-04 22:00:00.005266717+00:00,STOP,4.0,23352.0,STOP,0.0,23356.25,-99.0,-109.0,-208.0,DOUBLE_STOP,8.0,COST_COVER_BE,BUY,False,ORIGINAL_STOP_BEFORE_ARM,23352.0,-99.0,-208.0,0.0,DOUBLE_STOP_NOT_RESCUED,STOP,,,
2178,2025-08-05 09:30,2025-08-05T13:30:00+00:00,NY,AUGUST,VALIDATED_SOURCE,NQU5,2,0,-118.0,RESOLVED,SELL,STOP,2.0,2025-08-05 13:30:00.002312089+00:00,STOP,127.0,23347.5,STOP,2.0,23349.0,-49.0,-49.0,-98.0,DOUBLE_STOP,0.5,PRICE_BE,BUY,True,PRICE_BE,23348.5,-9.0,-58.0,40.0,DOUBLE_STOP_RESCUED,STOP,6.0,2025-08-05 13:30:00.003153659+00:00,-49.0
2178,2025-08-05 09:30,2025-08-05T13:30:00+00:00,NY,AUGUST,VALIDATED_SOURCE,NQU5,2,0,-118.0,RESOLVED,SELL,STOP,2.0,2025-08-05 13:30:00.002312089+00:00,STOP,127.0,23347.5,STOP,2.0,23349.0,-49.0,-49.0,-98.0,DOUBLE_STOP,0.5,COST_COVER_BE,BUY,True,COST_COVER_BE,23348.75,1.0,-48.0,50.0,DOUBLE_STOP_RESCUED,STOP,6.0,2025-08-05 13:30:00.003153659+00:00,-49.0
2178,2025-08-05 09:30,2025-08-05T13:30:00+00:00,NY,AUGUST,VALIDATED_SOURCE,NQU5,2,0,-118.0,RESOLVED,SELL,STOP,2.0,2025-08-05 13:30:00.002312089+00:00,STOP,127.0,23347.5,STOP,2.0,23349.0,-49.0,-49.0,-98.0,DOUBLE_STOP,1.0,PRICE_BE,BUY,True,PRICE_BE,23348.5,-9.0,-58.0,40.0,DOUBLE_STOP_RESCUED,STOP,44.0,2025-08-05 13:30:00.031321297+00:00,-49.0
2178,2025-08-05 09:30,2025-08-05T13:30:00+00:00,NY,AUGUST,VALIDATED_SOURCE,NQU5,2,0,-118.0,RESOLVED,SELL,STOP,2.0,2025-08-05 13:30:00.002312089+00:00,STOP,127.0,23347.5,STOP,2.0,23349.0,-49.0,-49.0,-98.0,DOUBLE_STOP,1.0,COST_COVER_BE,BUY,True,COST_COVER_BE,23349.0,11.0,-38.0,60.0,DOUBLE_STOP_RESCUED,STOP,44.0,2025-08-05 13:30:00.031321297+00:00,-49.0
2178,2025-08-05 09:30,2025-08-05T13:30:00+00:00,NY,AUGUST,VALIDATED_SOURCE,NQU5,2,0,-118.0,RESOLVED,SELL,STOP,2.0,2025-08-05 13:30:00.002312089+00:00,STOP,127.0,23347.5,STOP,2.0,23349.0,-49.0,-49.0,-98.0,DOUBLE_STOP,2.0,PRICE_BE,BUY,True,PRICE_BE,23348.5,-9.0,-58.0,40.0,DOUBLE_STOP_RESCUED,STOP,60.0,2025-08-05 13:30:00.038339981+00:00,-49.0
2178,2025-08-05 09:30,2025-08-05T13:30:00+00:00,NY,AUGUST,VALIDATED_SOURCE,NQU5,2,0,-118.0,RESOLVED,SELL,STOP,2.0,2025-08-05 13:30:00.002312089+00:00,STOP,127.0,23347.5,STOP,2.0,23349.0,-49.0,-49.0,-98.0,DOUBLE_STOP,2.0,COST_COVER_BE,BUY,True,COST_COVER_BE,23349.0,11.0,-38.0,60.0,DOUBLE_STOP_RESCUED,STOP,60.0,2025-08-05 13:30:00.038339981+00:00,-49.0
2178,2025-08-05 09:30,2025-08-05T13:30:00+00:00,NY,AUGUST,VALIDATED_SOURCE,NQU5,2,0,-118.0,RESOLVED,SELL,STOP,2.0,2025-08-05 13:30:00.002312089+00:00,STOP,127.0,23347.5,STOP,2.0,23349.0,-49.0,-49.0,-98.0,DOUBLE_STOP,3.0,PRICE_BE,BUY,False,ORIGINAL_STOP_BEFORE_ARM,23347.5,-49.0,-98.0,0.0,DOUBLE_STOP_NOT_RESCUED,STOP,,,
2178,2025-08-05 09:30,2025-08-05T13:30:00+00:00,NY,AUGUST,VALIDATED_SOURCE,NQU5,2,0,-118.0,RESOLVED,SELL,STOP,2.0,2025-08-05 13:30:00.002312089+00:00,STOP,127.0,23347.5,STOP,2.0,23349.0,-49.0,-49.0,-98.0,DOUBLE_STOP,3.0,COST_COVER_BE,BUY,False,ORIGINAL_STOP_BEFORE_ARM,23347.5,-49.0,-98.0,0.0,DOUBLE_STOP_NOT_RESCUED,STOP,,,
2178,2025-08-05 09:30,2025-08-05T13:30:00+00:00,NY,AUGUST,VALIDATED_SOURCE,NQU5,2,0,-118.0,RESOLVED,SELL,STOP,2.0,2025-08-05 13:30:00.002312089+00:00,STOP,127.0,23347.5,STOP,2.0,23349.0,-49.0,-49.0,-98.0,DOUBLE_STOP,4.0,PRICE_BE,BUY,False,ORIGINAL_STOP_BEFORE_ARM,23347.5,-49.0,-98.0,0.0,DOUBLE_STOP_NOT_RESCUED,STOP,,,
2178,2025-08-05 09:30,2025-08-05T13:30:00+00:00,NY,AUGUST,VALIDATED_SOURCE,NQU5,2,0,-118.0,RESOLVED,SELL,STOP,2.0,2025-08-05 13:30:00.002312089+00:00,STOP,127.0,23347.5,STOP,2.0,23349.0,-49.0,-49.0,-98.0,DOUBLE_STOP,4.0,COST_COVER_BE,BUY,False,ORIGINAL_STOP_BEFORE_ARM,23347.5,-49.0,-98.0,0.0,DOUBLE_STOP_NOT_RESCUED,STOP,,,
2178,2025-08-05 09:30,2025-08-05T13:30:00+00:00,NY,AUGUST,VALIDATED_SOURCE,NQU5,2,0,-118.0,RESOLVED,SELL,STOP,2.0,2025-08-05 13:30:00.002312089+00:00,STOP,127.0,23347.5,STOP,2.0,23349.0,-49.0,-49.0,-98.0,DOUBLE_STOP,5.0,PRICE_BE,BUY,False,ORIGINAL_STOP_BEFORE_ARM,23347.5,-49.0,-98.0,0.0,DOUBLE_STOP_NOT_RESCUED,STOP,,,
2178,2025-08-05 09:30,2025-08-05T13:30:00+00:00,NY,AUGUST,VALIDATED_SOURCE,NQU5,2,0,-118.0,RESOLVED,SELL,STOP,2.0,2025-08-05 13:30:00.002312089+00:00,STOP,127.0,23347.5,STOP,2.0,23349.0,-49.0,-49.0,-98.0,DOUBLE_STOP,5.0,COST_COVER_BE,BUY,False,ORIGINAL_STOP_BEFORE_ARM,23347.5,-49.0,-98.0,0.0,DOUBLE_STOP_NOT_RESCUED,STOP,,,
2178,2025-08-05 09:30,2025-08-05T13:30:00+00:00,NY,AUGUST,VALIDATED_SOURCE,NQU5,2,0,-118.0,RESOLVED,SELL,STOP,2.0,2025-08-05 13:30:00.002312089+00:00,STOP,127.0,23347.5,STOP,2.0,23349.0,-49.0,-49.0,-98.0,DOUBLE_STOP,8.0,PRICE_BE,BUY,False,ORIGINAL_STOP_BEFORE_ARM,23347.5,-49.0,-98.0,0.0,DOUBLE_STOP_NOT_RESCUED,STOP,,,
2178,2025-08-05 09:30,2025-08-05T13:30:00+00:00,NY,AUGUST,VALIDATED_SOURCE,NQU5,2,0,-118.0,RESOLVED,SELL,STOP,2.0,2025-08-05 13:30:00.002312089+00:00,STOP,127.0,23347.5,STOP,2.0,23349.0,-49.0,-49.0,-98.0,DOUBLE_STOP,8.0,COST_COVER_BE,BUY,False,ORIGINAL_STOP_BEFORE_ARM,23347.5,-49.0,-98.0,0.0,DOUBLE_STOP_NOT_RESCUED,STOP,,,
2178,2025-08-05 09:30,2025-08-05T13:30:00+00:00,NY,AUGUST,VALIDATED_SOURCE,NQU5,2,1,-118.0,RESOLVED,SELL,STOP,2.0,2025-08-05 13:30:00.002312089+00:00,STOP,127.0,23347.25,STOP,2.0,23349.25,-59.0,-59.0,-118.0,DOUBLE_STOP,0.5,PRICE_BE,BUY,True,PRICE_BE,23348.25,-19.0,-78.0,40.0,DOUBLE_STOP_RESCUED,STOP,6.0,2025-08-05 13:30:00.003153659+00:00,-59.0
2178,2025-08-05 09:30,2025-08-05T13:30:00+00:00,NY,AUGUST,VALIDATED_SOURCE,NQU5,2,1,-118.0,RESOLVED,SELL,STOP,2.0,2025-08-05 13:30:00.002312089+00:00,STOP,127.0,23347.25,STOP,2.0,23349.25,-59.0,-59.0,-118.0,DOUBLE_STOP,0.5,COST_COVER_BE,BUY,True,COST_COVER_BE,23348.5,-9.0,-68.0,50.0,DOUBLE_STOP_RESCUED,STOP,6.0,2025-08-05 13:30:00.003153659+00:00,-59.0
2178,2025-08-05 09:30,2025-08-05T13:30:00+00:00,NY,AUGUST,VALIDATED_SOURCE,NQU5,2,1,-118.0,RESOLVED,SELL,STOP,2.0,2025-08-05 13:30:00.002312089+00:00,STOP,127.0,23347.25,STOP,2.0,23349.25,-59.0,-59.0,-118.0,DOUBLE_STOP,1.0,PRICE_BE,BUY,True,PRICE_BE,23348.25,-19.0,-78.0,40.0,DOUBLE_STOP_RESCUED,STOP,44.0,2025-08-05 13:30:00.031321297+00:00,-59.0
2178,2025-08-05 09:30,2025-08-05T13:30:00+00:00,NY,AUGUST,VALIDATED_SOURCE,NQU5,2,1,-118.0,RESOLVED,SELL,STOP,2.0,2025-08-05 13:30:00.002312089+00:00,STOP,127.0,23347.25,STOP,2.0,23349.25,-59.0,-59.0,-118.0,DOUBLE_STOP,1.0,COST_COVER_BE,BUY,True,COST_COVER_BE,23348.75,1.0,-58.0,60.0,DOUBLE_STOP_RESCUED,STOP,44.0,2025-08-05 13:30:00.031321297+00:00,-59.0
2178,2025-08-05 09:30,2025-08-05T13:30:00+00:00,NY,AUGUST,VALIDATED_SOURCE,NQU5,2,1,-118.0,RESOLVED,SELL,STOP,2.0,2025-08-05 13:30:00.002312089+00:00,STOP,127.0,23347.25,STOP,2.0,23349.25,-59.0,-59.0,-118.0,DOUBLE_STOP,2.0,PRICE_BE,BUY,True,PRICE_BE,23348.25,-19.0,-78.0,40.0,DOUBLE_STOP_RESCUED,STOP,60.0,2025-08-05 13:30:00.038339981+00:00,-59.0
2178,2025-08-05 09:30,2025-08-05T13:30:00+00:00,NY,AUGUST,VALIDATED_SOURCE,NQU5,2,1,-118.0,RESOLVED,SELL,STOP,2.0,2025-08-05 13:30:00.002312089+00:00,STOP,127.0,23347.25,STOP,2.0,23349.25,-59.0,-59.0,-118.0,DOUBLE_STOP,2.0,COST_COVER_BE,BUY,True,COST_COVER_BE,23348.75,1.0,-58.0,60.0,DOUBLE_STOP_RESCUED,STOP,60.0,2025-08-05 13:30:00.038339981+00:00,-59.0
2178,2025-08-05 09:30,2025-08-05T13:30:00+00:00,NY,AUGUST,VALIDATED_SOURCE,NQU5,2,1,-118.0,RESOLVED,SELL,STOP,2.0,2025-08-05 13:30:00.002312089+00:00,STOP,127.0,23347.25,STOP,2.0,23349.25,-59.0,-59.0,-118.0,DOUBLE_STOP,3.0,PRICE_BE,BUY,False,ORIGINAL_STOP_BEFORE_ARM,23347.25,-59.0,-118.0,0.0,DOUBLE_STOP_NOT_RESCUED,STOP,,,
2178,2025-08-05 09:30,2025-08-05T13:30:00+00:00,NY,AUGUST,VALIDATED_SOURCE,NQU5,2,1,-118.0,RESOLVED,SELL,STOP,2.0,2025-08-05 13:30:00.002312089+00:00,STOP,127.0,23347.25,STOP,2.0,23349.25,-59.0,-59.0,-118.0,DOUBLE_STOP,3.0,COST_COVER_BE,BUY,False,ORIGINAL_STOP_BEFORE_ARM,23347.25,-59.0,-118.0,0.0,DOUBLE_STOP_NOT_RESCUED,STOP,,,
2178,2025-08-05 09:30,2025-08-05T13:30:00+00:00,NY,AUGUST,VALIDATED_SOURCE,NQU5,2,1,-118.0,RESOLVED,SELL,STOP,2.0,2025-08-05 13:30:00.002312089+00:00,STOP,127.0,23347.25,STOP,2.0,23349.25,-59.0,-59.0,-118.0,DOUBLE_STOP,4.0,PRICE_BE,BUY,False,ORIGINAL_STOP_BEFORE_ARM,23347.25,-59.0,-118.0,0.0,DOUBLE_STOP_NOT_RESCUED,STOP,,,
2178,2025-08-05 09:30,2025-08-05T13:30:00+00:00,NY,AUGUST,VALIDATED_SOURCE,NQU5,2,1,-118.0,RESOLVED,SELL,STOP,2.0,2025-08-05 13:30:00.002312089+00:00,STOP,127.0,23347.25,STOP,2.0,23349.25,-59.0,-59.0,-118.0,DOUBLE_STOP,4.0,COST_COVER_BE,BUY,False,ORIGINAL_STOP_BEFORE_ARM,23347.25,-59.0,-118.0,0.0,DOUBLE_STOP_NOT_RESCUED,STOP,,,
2178,2025-08-05 09:30,2025-08-05T13:30:00+00:00,NY,AUGUST,VALIDATED_SOURCE,NQU5,2,1,-118.0,RESOLVED,SELL,STOP,2.0,2025-08-05 13:30:00.002312089+00:00,STOP,127.0,23347.25,STOP,2.0,23349.25,-59.0,-59.0,-118.0,DOUBLE_STOP,5.0,PRICE_BE,BUY,False,ORIGINAL_STOP_BEFORE_ARM,23347.25,-59.0,-118.0,0.0,DOUBLE_STOP_NOT_RESCUED,STOP,,,
2178,2025-08-05 09:30,2025-08-05T13:30:00+00:00,NY,AUGUST,VALIDATED_SOURCE,NQU5,2,1,-118.0,RESOLVED,SELL,STOP,2.0,2025-08-05 13:30:00.002312089+00:00,STOP,127.0,23347.25,STOP,2.0,23349.25,-59.0,-59.0,-118.0,DOUBLE_STOP,5.0,COST_COVER_BE,BUY,False,ORIGINAL_STOP_BEFORE_ARM,23347.25,-59.0,-118.0,0.0,DOUBLE_STOP_NOT_RESCUED,STOP,,,
2178,2025-08-05 09:30,2025-08-05T13:30:00+00:00,NY,AUGUST,VALIDATED_SOURCE,NQU5,2,1,-118.0,RESOLVED,SELL,STOP,2.0,2025-08-05 13:30:00.002312089+00:00,STOP,127.0,23347.25,STOP,2.0,23349.25,-59.0,-59.0,-118.0,DOUBLE_STOP,8.0,PRICE_BE,BUY,False,ORIGINAL_STOP_BEFORE_ARM,23347.25,-59.0,-118.0,0.0,DOUBLE_STOP_NOT_RESCUED,STOP,,,
2178,2025-08-05 09:30,2025-08-05T13:30:00+00:00,NY,AUGUST,VALIDATED_SOURCE,NQU5,2,1,-118.0,RESOLVED,SELL,STOP,2.0,2025-08-05 13:30:00.002312089+00:00,STOP,127.0,23347.25,STOP,2.0,23349.25,-59.0,-59.0,-118.0,DOUBLE_STOP,8.0,COST_COVER_BE,BUY,False,ORIGINAL_STOP_BEFORE_ARM,23347.25,-59.0,-118.0,0.0,DOUBLE_STOP_NOT_RESCUED,STOP,,,
2178,2025-08-05 09:30,2025-08-05T13:30:00+00:00,NY,AUGUST,VALIDATED_SOURCE,NQU5,2,2,-118.0,RESOLVED,SELL,STOP,2.0,2025-08-05 13:30:00.002312089+00:00,STOP,127.0,23347.0,STOP,2.0,23349.5,-69.0,-69.0,-138.0,DOUBLE_STOP,0.5,PRICE_BE,BUY,True,PRICE_BE,23348.0,-29.0,-98.0,40.0,DOUBLE_STOP_RESCUED,STOP,6.0,2025-08-05 13:30:00.003153659+00:00,-69.0
2178,2025-08-05 09:30,2025-08-05T13:30:00+00:00,NY,AUGUST,VALIDATED_SOURCE,NQU5,2,2,-118.0,RESOLVED,SELL,STOP,2.0,2025-08-05 13:30:00.002312089+00:00,STOP,127.0,23347.0,STOP,2.0,23349.5,-69.0,-69.0,-138.0,DOUBLE_STOP,0.5,COST_COVER_BE,BUY,True,COST_COVER_BE,23348.25,-19.0,-88.0,50.0,DOUBLE_STOP_RESCUED,STOP,6.0,2025-08-05 13:30:00.003153659+00:00,-69.0
2178,2025-08-05 09:30,2025-08-05T13:30:00+00:00,NY,AUGUST,VALIDATED_SOURCE,NQU5,2,2,-118.0,RESOLVED,SELL,STOP,2.0,2025-08-05 13:30:00.002312089+00:00,STOP,127.0,23347.0,STOP,2.0,23349.5,-69.0,-69.0,-138.0,DOUBLE_STOP,1.0,PRICE_BE,BUY,True,PRICE_BE,23348.0,-29.0,-98.0,40.0,DOUBLE_STOP_RESCUED,STOP,44.0,2025-08-05 13:30:00.031321297+00:00,-69.0
2178,2025-08-05 09:30,2025-08-05T13:30:00+00:00,NY,AUGUST,VALIDATED_SOURCE,NQU5,2,2,-118.0,RESOLVED,SELL,STOP,2.0,2025-08-05 13:30:00.002312089+00:00,STOP,127.0,23347.0,STOP,2.0,23349.5,-69.0,-69.0,-138.0,DOUBLE_STOP,1.0,COST_COVER_BE,BUY,True,COST_COVER_BE,23348.5,-9.0,-78.0,60.0,DOUBLE_STOP_RESCUED,STOP,44.0,2025-08-05 13:30:00.031321297+00:00,-69.0
2178,2025-08-05 09:30,2025-08-05T13:30:00+00:00,NY,AUGUST,VALIDATED_SOURCE,NQU5,2,2,-118.0,RESOLVED,SELL,STOP,2.0,2025-08-05 13:30:00.002312089+00:00,STOP,127.0,23347.0,STOP,2.0,23349.5,-69.0,-69.0,-138.0,DOUBLE_STOP,2.0,PRICE_BE,BUY,True,PRICE_BE,23348.0,-29.0,-98.0,40.0,DOUBLE_STOP_RESCUED,STOP,60.0,2025-08-05 13:30:00.038339981+00:00,-69.0
2178,2025-08-05 09:30,2025-08-05T13:30:00+00:00,NY,AUGUST,VALIDATED_SOURCE,NQU5,2,2,-118.0,RESOLVED,SELL,STOP,2.0,2025-08-05 13:30:00.002312089+00:00,STOP,127.0,23347.0,STOP,2.0,23349.5,-69.0,-69.0,-138.0,DOUBLE_STOP,2.0,COST_COVER_BE,BUY,True,COST_COVER_BE,23348.5,-9.0,-78.0,60.0,DOUBLE_STOP_RESCUED,STOP,60.0,2025-08-05 13:30:00.038339981+00:00,-69.0
2178,2025-08-05 09:30,2025-08-05T13:30:00+00:00,NY,AUGUST,VALIDATED_SOURCE,NQU5,2,2,-118.0,RESOLVED,SELL,STOP,2.0,2025-08-05 13:30:00.002312089+00:00,STOP,127.0,23347.0,STOP,2.0,23349.5,-69.0,-69.0,-138.0,DOUBLE_STOP,3.0,PRICE_BE,BUY,False,ORIGINAL_STOP_BEFORE_ARM,23347.0,-69.0,-138.0,0.0,DOUBLE_STOP_NOT_RESCUED,STOP,,,
2178,2025-08-05 09:30,2025-08-05T13:30:00+00:00,NY,AUGUST,VALIDATED_SOURCE,NQU5,2,2,-118.0,RESOLVED,SELL,STOP,2.0,2025-08-05 13:30:00.002312089+00:00,STOP,127.0,23347.0,STOP,2.0,23349.5,-69.0,-69.0,-138.0,DOUBLE_STOP,3.0,COST_COVER_BE,BUY,False,ORIGINAL_STOP_BEFORE_ARM,23347.0,-69.0,-138.0,0.0,DOUBLE_STOP_NOT_RESCUED,STOP,,,
2178,2025-08-05 09:30,2025-08-05T13:30:00+00:00,NY,AUGUST,VALIDATED_SOURCE,NQU5,2,2,-118.0,RESOLVED,SELL,STOP,2.0,2025-08-05 13:30:00.002312089+00:00,STOP,127.0,23347.0,STOP,2.0,23349.5,-69.0,-69.0,-138.0,DOUBLE_STOP,4.0,PRICE_BE,BUY,False,ORIGINAL_STOP_BEFORE_ARM,23347.0,-69.0,-138.0,0.0,DOUBLE_STOP_NOT_RESCUED,STOP,,,
2178,2025-08-05 09:30,2025-08-05T13:30:00+00:00,NY,AUGUST,VALIDATED_SOURCE,NQU5,2,2,-118.0,RESOLVED,SELL,STOP,2.0,2025-08-05 13:30:00.002312089+00:00,STOP,127.0,23347.0,STOP,2.0,23349.5,-69.0,-69.0,-138.0,DOUBLE_STOP,4.0,COST_COVER_BE,BUY,False,ORIGINAL_STOP_BEFORE_ARM,23347.0,-69.0,-138.0,0.0,DOUBLE_STOP_NOT_RESCUED,STOP,,,
2178,2025-08-05 09:30,2025-08-05T13:30:00+00:00,NY,AUGUST,VALIDATED_SOURCE,NQU5,2,2,-118.0,RESOLVED,SELL,STOP,2.0,2025-08-05 13:30:00.002312089+00:00,STOP,127.0,23347.0,STOP,2.0,23349.5,-69.0,-69.0,-138.0,DOUBLE_STOP,5.0,PRICE_BE,BUY,False,ORIGINAL_STOP_BEFORE_ARM,23347.0,-69.0,-138.0,0.0,DOUBLE_STOP_NOT_RESCUED,STOP,,,
2178,2025-08-05 09:30,2025-08-05T13:30:00+00:00,NY,AUGUST,VALIDATED_SOURCE,NQU5,2,2,-118.0,RESOLVED,SELL,STOP,2.0,2025-08-05 13:30:00.002312089+00:00,STOP,127.0,23347.0,STOP,2.0,23349.5,-69.0,-69.0,-138.0,DOUBLE_STOP,5.0,COST_COVER_BE,BUY,False,ORIGINAL_STOP_BEFORE_ARM,23347.0,-69.0,-138.0,0.0,DOUBLE_STOP_NOT_RESCUED,STOP,,,
2178,2025-08-05 09:30,2025-08-05T13:30:00+00:00,NY,AUGUST,VALIDATED_SOURCE,NQU5,2,2,-118.0,RESOLVED,SELL,STOP,2.0,2025-08-05 13:30:00.002312089+00:00,STOP,127.0,23347.0,STOP,2.0,23349.5,-69.0,-69.0,-138.0,DOUBLE_STOP,8.0,PRICE_BE,BUY,False,ORIGINAL_STOP_BEFORE_ARM,23347.0,-69.0,-138.0,0.0,DOUBLE_STOP_NOT_RESCUED,STOP,,,
2178,2025-08-05 09:30,2025-08-05T13:30:00+00:00,NY,AUGUST,VALIDATED_SOURCE,NQU5,2,2,-118.0,RESOLVED,SELL,STOP,2.0,2025-08-05 13:30:00.002312089+00:00,STOP,127.0,23347.0,STOP,2.0,23349.5,-69.0,-69.0,-138.0,DOUBLE_STOP,8.0,COST_COVER_BE,BUY,False,ORIGINAL_STOP_BEFORE_ARM,23347.0,-69.0,-138.0,0.0,DOUBLE_STOP_NOT_RESCUED,STOP,,,
2178,2025-08-05 09:30,2025-08-05T13:30:00+00:00,NY,AUGUST,VALIDATED_SOURCE,NQU5,2,4,-118.0,RESOLVED,SELL,STOP,2.0,2025-08-05 13:30:00.002312089+00:00,STOP,127.0,23346.5,STOP,2.0,23350.0,-89.0,-89.0,-178.0,DOUBLE_STOP,0.5,PRICE_BE,BUY,True,PRICE_BE,23347.5,-49.0,-138.0,40.0,DOUBLE_STOP_RESCUED,STOP,6.0,2025-08-05 13:30:00.003153659+00:00,-89.0
2178,2025-08-05 09:30,2025-08-05T13:30:00+00:00,NY,AUGUST,VALIDATED_SOURCE,NQU5,2,4,-118.0,RESOLVED,SELL,STOP,2.0,2025-08-05 13:30:00.002312089+00:00,STOP,127.0,23346.5,STOP,2.0,23350.0,-89.0,-89.0,-178.0,DOUBLE_STOP,0.5,COST_COVER_BE,BUY,True,COST_COVER_BE,23347.75,-39.0,-128.0,50.0,DOUBLE_STOP_RESCUED,STOP,6.0,2025-08-05 13:30:00.003153659+00:00,-89.0
2178,2025-08-05 09:30,2025-08-05T13:30:00+00:00,NY,AUGUST,VALIDATED_SOURCE,NQU5,2,4,-118.0,RESOLVED,SELL,STOP,2.0,2025-08-05 13:30:00.002312089+00:00,STOP,127.0,23346.5,STOP,2.0,23350.0,-89.0,-89.0,-178.0,DOUBLE_STOP,1.0,PRICE_BE,BUY,True,PRICE_BE,23347.5,-49.0,-138.0,40.0,DOUBLE_STOP_RESCUED,STOP,44.0,2025-08-05 13:30:00.031321297+00:00,-89.0
2178,2025-08-05 09:30,2025-08-05T13:30:00+00:00,NY,AUGUST,VALIDATED_SOURCE,NQU5,2,4,-118.0,RESOLVED,SELL,STOP,2.0,2025-08-05 13:30:00.002312089+00:00,STOP,127.0,23346.5,STOP,2.0,23350.0,-89.0,-89.0,-178.0,DOUBLE_STOP,1.0,COST_COVER_BE,BUY,True,COST_COVER_BE,23348.0,-29.0,-118.0,60.0,DOUBLE_STOP_RESCUED,STOP,44.0,2025-08-05 13:30:00.031321297+00:00,-89.0
2178,2025-08-05 09:30,2025-08-05T13:30:00+00:00,NY,AUGUST,VALIDATED_SOURCE,NQU5,2,4,-118.0,RESOLVED,SELL,STOP,2.0,2025-08-05 13:30:00.002312089+00:00,STOP,127.0,23346.5,STOP,2.0,23350.0,-89.0,-89.0,-178.0,DOUBLE_STOP,2.0,PRICE_BE,BUY,True,PRICE_BE,23347.5,-49.0,-138.0,40.0,DOUBLE_STOP_RESCUED,STOP,60.0,2025-08-05 13:30:00.038339981+00:00,-89.0
2178,2025-08-05 09:30,2025-08-05T13:30:00+00:00,NY,AUGUST,VALIDATED_SOURCE,NQU5,2,4,-118.0,RESOLVED,SELL,STOP,2.0,2025-08-05 13:30:00.002312089+00:00,STOP,127.0,23346.5,STOP,2.0,23350.0,-89.0,-89.0,-178.0,DOUBLE_STOP,2.0,COST_COVER_BE,BUY,True,COST_COVER_BE,23348.0,-29.0,-118.0,60.0,DOUBLE_STOP_RESCUED,STOP,60.0,2025-08-05 13:30:00.038339981+00:00,-89.0
2178,2025-08-05 09:30,2025-08-05T13:30:00+00:00,NY,AUGUST,VALIDATED_SOURCE,NQU5,2,4,-118.0,RESOLVED,SELL,STOP,2.0,2025-08-05 13:30:00.002312089+00:00,STOP,127.0,23346.5,STOP,2.0,23350.0,-89.0,-89.0,-178.0,DOUBLE_STOP,3.0,PRICE_BE,BUY,False,ORIGINAL_STOP_BEFORE_ARM,23346.5,-89.0,-178.0,0.0,DOUBLE_STOP_NOT_RESCUED,STOP,,,
2178,2025-08-05 09:30,2025-08-05T13:30:00+00:00,NY,AUGUST,VALIDATED_SOURCE,NQU5,2,4,-118.0,RESOLVED,SELL,STOP,2.0,2025-08-05 13:30:00.002312089+00:00,STOP,127.0,23346.5,STOP,2.0,23350.0,-89.0,-89.0,-178.0,DOUBLE_STOP,3.0,COST_COVER_BE,BUY,False,ORIGINAL_STOP_BEFORE_ARM,23346.5,-89.0,-178.0,0.0,DOUBLE_STOP_NOT_RESCUED,STOP,,,
2178,2025-08-05 09:30,2025-08-05T13:30:00+00:00,NY,AUGUST,VALIDATED_SOURCE,NQU5,2,4,-118.0,RESOLVED,SELL,STOP,2.0,2025-08-05 13:30:00.002312089+00:00,STOP,127.0,23346.5,STOP,2.0,23350.0,-89.0,-89.0,-178.0,DOUBLE_STOP,4.0,PRICE_BE,BUY,False,ORIGINAL_STOP_BEFORE_ARM,23346.5,-89.0,-178.0,0.0,DOUBLE_STOP_NOT_RESCUED,STOP,,,
2178,2025-08-05 09:30,2025-08-05T13:30:00+00:00,NY,AUGUST,VALIDATED_SOURCE,NQU5,2,4,-118.0,RESOLVED,SELL,STOP,2.0,2025-08-05 13:30:00.002312089+00:00,STOP,127.0,23346.5,STOP,2.0,23350.0,-89.0,-89.0,-178.0,DOUBLE_STOP,4.0,COST_COVER_BE,BUY,False,ORIGINAL_STOP_BEFORE_ARM,23346.5,-89.0,-178.0,0.0,DOUBLE_STOP_NOT_RESCUED,STOP,,,
2178,2025-08-05 09:30,2025-08-05T13:30:00+00:00,NY,AUGUST,VALIDATED_SOURCE,NQU5,2,4,-118.0,RESOLVED,SELL,STOP,2.0,2025-08-05 13:30:00.002312089+00:00,STOP,127.0,23346.5,STOP,2.0,23350.0,-89.0,-89.0,-178.0,DOUBLE_STOP,5.0,PRICE_BE,BUY,False,ORIGINAL_STOP_BEFORE_ARM,23346.5,-89.0,-178.0,0.0,DOUBLE_STOP_NOT_RESCUED,STOP,,,
2178,2025-08-05 09:30,2025-08-05T13:30:00+00:00,NY,AUGUST,VALIDATED_SOURCE,NQU5,2,4,-118.0,RESOLVED,SELL,STOP,2.0,2025-08-05 13:30:00.002312089+00:00,STOP,127.0,23346.5,STOP,2.0,23350.0,-89.0,-89.0,-178.0,DOUBLE_STOP,5.0,COST_COVER_BE,BUY,False,ORIGINAL_STOP_BEFORE_ARM,23346.5,-89.0,-178.0,0.0,DOUBLE_STOP_NOT_RESCUED,STOP,,,
2178,2025-08-05 09:30,2025-08-05T13:30:00+00:00,NY,AUGUST,VALIDATED_SOURCE,NQU5,2,4,-118.0,RESOLVED,SELL,STOP,2.0,2025-08-05 13:30:00.002312089+00:00,STOP,127.0,23346.5,STOP,2.0,23350.0,-89.0,-89.0,-178.0,DOUBLE_STOP,8.0,PRICE_BE,BUY,False,ORIGINAL_STOP_BEFORE_ARM,23346.5,-89.0,-178.0,0.0,DOUBLE_STOP_NOT_RESCUED,STOP,,,
2178,2025-08-05 09:30,2025-08-05T13:30:00+00:00,NY,AUGUST,VALIDATED_SOURCE,NQU5,2,4,-118.0,RESOLVED,SELL,STOP,2.0,2025-08-05 13:30:00.002312089+00:00,STOP,127.0,23346.5,STOP,2.0,23350.0,-89.0,-89.0,-178.0,DOUBLE_STOP,8.0,COST_COVER_BE,BUY,False,ORIGINAL_STOP_BEFORE_ARM,23346.5,-89.0,-178.0,0.0,DOUBLE_STOP_NOT_RESCUED,STOP,,,
2179,2025-08-05 18:00,2025-08-05T22:00:00+00:00,WEEKDAY_PREMIUM,AUGUST,VALIDATED_SOURCE,NQU5,2,0,332.0,RESOLVED,BUY,STOP,0.0,2025-08-05 22:00:00.017707045+00:00,STOP,0.0,23091.0,STOP,1.0,23100.0,-49.0,-349.0,-398.0,DOUBLE_STOP,0.5,PRICE_BE,SELL,False,ORIGINAL_STOP_BEFORE_ARM,23100.0,-349.0,-398.0,0.0,DOUBLE_STOP_NOT_RESCUED,STOP,,,
2179,2025-08-05 18:00,2025-08-05T22:00:00+00:00,WEEKDAY_PREMIUM,AUGUST,VALIDATED_SOURCE,NQU5,2,0,332.0,RESOLVED,BUY,STOP,0.0,2025-08-05 22:00:00.017707045+00:00,STOP,0.0,23091.0,STOP,1.0,23100.0,-49.0,-349.0,-398.0,DOUBLE_STOP,0.5,COST_COVER_BE,SELL,False,ORIGINAL_STOP_BEFORE_ARM,23100.0,-349.0,-398.0,0.0,DOUBLE_STOP_NOT_RESCUED,STOP,,,
2179,2025-08-05 18:00,2025-08-05T22:00:00+00:00,WEEKDAY_PREMIUM,AUGUST,VALIDATED_SOURCE,NQU5,2,0,332.0,RESOLVED,BUY,STOP,0.0,2025-08-05 22:00:00.017707045+00:00,STOP,0.0,23091.0,STOP,1.0,23100.0,-49.0,-349.0,-398.0,DOUBLE_STOP,1.0,PRICE_BE,SELL,False,ORIGINAL_STOP_BEFORE_ARM,23100.0,-349.0,-398.0,0.0,DOUBLE_STOP_NOT_RESCUED,STOP,,,
2179,2025-08-05 18:00,2025-08-05T22:00:00+00:00,WEEKDAY_PREMIUM,AUGUST,VALIDATED_SOURCE,NQU5,2,0,332.0,RESOLVED,BUY,STOP,0.0,2025-08-05 22:00:00.017707045+00:00,STOP,0.0,23091.0,STOP,1.0,23100.0,-49.0,-349.0,-398.0,DOUBLE_STOP,1.0,COST_COVER_BE,SELL,False,ORIGINAL_STOP_BEFORE_ARM,23100.0,-349.0,-398.0,0.0,DOUBLE_STOP_NOT_RESCUED,STOP,,,
2179,2025-08-05 18:00,2025-08-05T22:00:00+00:00,WEEKDAY_PREMIUM,AUGUST,VALIDATED_SOURCE,NQU5,2,0,332.0,RESOLVED,BUY,STOP,0.0,2025-08-05 22:00:00.017707045+00:00,STOP,0.0,23091.0,STOP,1.0,23100.0,-49.0,-349.0,-398.0,DOUBLE_STOP,2.0,PRICE_BE,SELL,False,ORIGINAL_STOP_BEFORE_ARM,23100.0,-349.0,-398.0,0.0,DOUBLE_STOP_NOT_RESCUED,STOP,,,
2179,2025-08-05 18:00,2025-08-05T22:00:00+00:00,WEEKDAY_PREMIUM,AUGUST,VALIDATED_SOURCE,NQU5,2,0,332.0,RESOLVED,BUY,STOP,0.0,2025-08-05 22:00:00.017707045+00:00,STOP,0.0,23091.0,STOP,1.0,23100.0,-49.0,-349.0,-398.0,DOUBLE_STOP,2.0,COST_COVER_BE,SELL,False,ORIGINAL_STOP_BEFORE_ARM,23100.0,-349.0,-398.0,0.0,DOUBLE_STOP_NOT_RESCUED,STOP,,,
2179,2025-08-05 18:00,2025-08-05T22:00:00+00:00,WEEKDAY_PREMIUM,AUGUST,VALIDATED_SOURCE,NQU5,2,0,332.0,RESOLVED,BUY,STOP,0.0,2025-08-05 22:00:00.017707045+00:00,STOP,0.0,23091.0,STOP,1.0,23100.0,-49.0,-349.0,-398.0,DOUBLE_STOP,3.0,PRICE_BE,SELL,False,ORIGINAL_STOP_BEFORE_ARM,23100.0,-349.0,-398.0,0.0,DOUBLE_STOP_NOT_RESCUED,STOP,,,
2179,2025-08-05 18:00,2025-08-05T22:00:00+00:00,WEEKDAY_PREMIUM,AUGUST,VALIDATED_SOURCE,NQU5,2,0,332.0,RESOLVED,BUY,STOP,0.0,2025-08-05 22:00:00.017707045+00:00,STOP,0.0,23091.0,STOP,1.0,23100.0,-49.0,-349.0,-398.0,DOUBLE_STOP,3.0,COST_COVER_BE,SELL,False,ORIGINAL_STOP_BEFORE_ARM,23100.0,-349.0,-398.0,0.0,DOUBLE_STOP_NOT_RESCUED,STOP,,,
2179,2025-08-05 18:00,2025-08-05T22:00:00+00:00,WEEKDAY_PREMIUM,AUGUST,VALIDATED_SOURCE,NQU5,2,0,332.0,RESOLVED,BUY,STOP,0.0,2025-08-05 22:00:00.017707045+00:00,STOP,0.0,23091.0,STOP,1.0,23100.0,-49.0,-349.0,-398.0,DOUBLE_STOP,4.0,PRICE_BE,SELL,False,ORIGINAL_STOP_BEFORE_ARM,23100.0,-349.0,-398.0,0.0,DOUBLE_STOP_NOT_RESCUED,STOP,,,
2179,2025-08-05 18:00,2025-08-05T22:00:00+00:00,WEEKDAY_PREMIUM,AUGUST,VALIDATED_SOURCE,NQU5,2,0,332.0,RESOLVED,BUY,STOP,0.0,2025-08-05 22:00:00.017707045+00:00,STOP,0.0,23091.0,STOP,1.0,23100.0,-49.0,-349.0,-398.0,DOUBLE_STOP,4.0,COST_COVER_BE,SELL,False,ORIGINAL_STOP_BEFORE_ARM,23100.0,-349.0,-398.0,0.0,DOUBLE_STOP_NOT_RESCUED,STOP,,,
2179,2025-08-05 18:00,2025-08-05T22:00:00+00:00,WEEKDAY_PREMIUM,AUGUST,VALIDATED_SOURCE,NQU5,2,0,332.0,RESOLVED,BUY,STOP,0.0,2025-08-05 22:00:00.017707045+00:00,STOP,0.0,23091.0,STOP,1.0,23100.0,-49.0,-349.0,-398.0,DOUBLE_STOP,5.0,PRICE_BE,SELL,False,ORIGINAL_STOP_BEFORE_ARM,23100.0,-349.0,-398.0,0.0,DOUBLE_STOP_NOT_RESCUED,STOP,,,
2179,2025-08-05 18:00,2025-08-05T22:00:00+00:00,WEEKDAY_PREMIUM,AUGUST,VALIDATED_SOURCE,NQU5,2,0,332.0,RESOLVED,BUY,STOP,0.0,2025-08-05 22:00:00.017707045+00:00,STOP,0.0,23091.0,STOP,1.0,23100.0,-49.0,-349.0,-398.0,DOUBLE_STOP,5.0,COST_COVER_BE,SELL,False,ORIGINAL_STOP_BEFORE_ARM,23100.0,-349.0,-398.0,0.0,DOUBLE_STOP_NOT_RESCUED,STOP,,,
2179,2025-08-05 18:00,2025-08-05T22:00:00+00:00,WEEKDAY_PREMIUM,AUGUST,VALIDATED_SOURCE,NQU5,2,0,332.0,RESOLVED,BUY,STOP,0.0,2025-08-05 22:00:00.017707045+00:00,STOP,0.0,23091.0,STOP,1.0,23100.0,-49.0,-349.0,-398.0,DOUBLE_STOP,8.0,PRICE_BE,SELL,False,ORIGINAL_STOP_BEFORE_ARM,23100.0,-349.0,-398.0,0.0,DOUBLE_STOP_NOT_RESCUED,STOP,,,
2179,2025-08-05 18:00,2025-08-05T22:00:00+00:00,WEEKDAY_PREMIUM,AUGUST,VALIDATED_SOURCE,NQU5,2,0,332.0,RESOLVED,BUY,STOP,0.0,2025-08-05 22:00:00.017707045+00:00,STOP,0.0,23091.0,STOP,1.0,23100.0,-49.0,-349.0,-398.0,DOUBLE_STOP,8.0,COST_COVER_BE,SELL,False,ORIGINAL_STOP_BEFORE_ARM,23100.0,-349.0,-398.0,0.0,DOUBLE_STOP_NOT_RESCUED,STOP,,,
2179,2025-08-05 18:00,2025-08-05T22:00:00+00:00,WEEKDAY_PREMIUM,AUGUST,VALIDATED_SOURCE,NQU5,2,1,332.0,RESOLVED,BUY,STOP,0.0,2025-08-05 22:00:00.017707045+00:00,STOP,0.0,23090.75,STOP,1.0,23100.25,-59.0,-359.0,-418.0,DOUBLE_STOP,0.5,PRICE_BE,SELL,False,ORIGINAL_STOP_BEFORE_ARM,23100.25,-359.0,-418.0,0.0,DOUBLE_STOP_NOT_RESCUED,STOP,,,
2179,2025-08-05 18:00,2025-08-05T22:00:00+00:00,WEEKDAY_PREMIUM,AUGUST,VALIDATED_SOURCE,NQU5,2,1,332.0,RESOLVED,BUY,STOP,0.0,2025-08-05 22:00:00.017707045+00:00,STOP,0.0,23090.75,STOP,1.0,23100.25,-59.0,-359.0,-418.0,DOUBLE_STOP,0.5,COST_COVER_BE,SELL,False,ORIGINAL_STOP_BEFORE_ARM,23100.25,-359.0,-418.0,0.0,DOUBLE_STOP_NOT_RESCUED,STOP,,,
2179,2025-08-05 18:00,2025-08-05T22:00:00+00:00,WEEKDAY_PREMIUM,AUGUST,VALIDATED_SOURCE,NQU5,2,1,332.0,RESOLVED,BUY,STOP,0.0,2025-08-05 22:00:00.017707045+00:00,STOP,0.0,23090.75,STOP,1.0,23100.25,-59.0,-359.0,-418.0,DOUBLE_STOP,1.0,PRICE_BE,SELL,False,ORIGINAL_STOP_BEFORE_ARM,23100.25,-359.0,-418.0,0.0,DOUBLE_STOP_NOT_RESCUED,STOP,,,
2179,2025-08-05 18:00,2025-08-05T22:00:00+00:00,WEEKDAY_PREMIUM,AUGUST,VALIDATED_SOURCE,NQU5,2,1,332.0,RESOLVED,BUY,STOP,0.0,2025-08-05 22:00:00.017707045+00:00,STOP,0.0,23090.75,STOP,1.0,23100.25,-59.0,-359.0,-418.0,DOUBLE_STOP,1.0,COST_COVER_BE,SELL,False,ORIGINAL_STOP_BEFORE_ARM,23100.25,-359.0,-418.0,0.0,DOUBLE_STOP_NOT_RESCUED,STOP,,,
2179,2025-08-05 18:00,2025-08-05T22:00:00+00:00,WEEKDAY_PREMIUM,AUGUST,VALIDATED_SOURCE,NQU5,2,1,332.0,RESOLVED,BUY,STOP,0.0,2025-08-05 22:00:00.017707045+00:00,STOP,0.0,23090.75,STOP,1.0,23100.25,-59.0,-359.0,-418.0,DOUBLE_STOP,2.0,PRICE_BE,SELL,False,ORIGINAL_STOP_BEFORE_ARM,23100.25,-359.0,-418.0,0.0,DOUBLE_STOP_NOT_RESCUED,STOP,,,
2179,2025-08-05 18:00,2025-08-05T22:00:00+00:00,WEEKDAY_PREMIUM,AUGUST,VALIDATED_SOURCE,NQU5,2,1,332.0,RESOLVED,BUY,STOP,0.0,2025-08-05 22:00:00.017707045+00:00,STOP,0.0,23090.75,STOP,1.0,23100.25,-59.0,-359.0,-418.0,DOUBLE_STOP,2.0,COST_COVER_BE,SELL,False,ORIGINAL_STOP_BEFORE_ARM,23100.25,-359.0,-418.0,0.0,DOUBLE_STOP_NOT_RESCUED,STOP,,,
2179,2025-08-05 18:00,2025-08-05T22:00:00+00:00,WEEKDAY_PREMIUM,AUGUST,VALIDATED_SOURCE,NQU5,2,1,332.0,RESOLVED,BUY,STOP,0.0,2025-08-05 22:00:00.017707045+00:00,STOP,0.0,23090.75,STOP,1.0,23100.25,-59.0,-359.0,-418.0,DOUBLE_STOP,3.0,PRICE_BE,SELL,False,ORIGINAL_STOP_BEFORE_ARM,23100.25,-359.0,-418.0,0.0,DOUBLE_STOP_NOT_RESCUED,STOP,,,
2179,2025-08-05 18:00,2025-08-05T22:00:00+00:00,WEEKDAY_PREMIUM,AUGUST,VALIDATED_SOURCE,NQU5,2,1,332.0,RESOLVED,BUY,STOP,0.0,2025-08-05 22:00:00.017707045+00:00,STOP,0.0,23090.75,STOP,1.0,23100.25,-59.0,-359.0,-418.0,DOUBLE_STOP,3.0,COST_COVER_BE,SELL,False,ORIGINAL_STOP_BEFORE_ARM,23100.25,-359.0,-418.0,0.0,DOUBLE_STOP_NOT_RESCUED,STOP,,,
2179,2025-08-05 18:00,2025-08-05T22:00:00+00:00,WEEKDAY_PREMIUM,AUGUST,VALIDATED_SOURCE,NQU5,2,1,332.0,RESOLVED,BUY,STOP,0.0,2025-08-05 22:00:00.017707045+00:00,STOP,0.0,23090.75,STOP,1.0,23100.25,-59.0,-359.0,-418.0,DOUBLE_STOP,4.0,PRICE_BE,SELL,False,ORIGINAL_STOP_BEFORE_ARM,23100.25,-359.0,-418.0,0.0,DOUBLE_STOP_NOT_RESCUED,STOP,,,
2179,2025-08-05 18:00,2025-08-05T22:00:00+00:00,WEEKDAY_PREMIUM,AUGUST,VALIDATED_SOURCE,NQU5,2,1,332.0,RESOLVED,BUY,STOP,0.0,2025-08-05 22:00:00.017707045+00:00,STOP,0.0,23090.75,STOP,1.0,23100.25,-59.0,-359.0,-418.0,DOUBLE_STOP,4.0,COST_COVER_BE,SELL,False,ORIGINAL_STOP_BEFORE_ARM,23100.25,-359.0,-418.0,0.0,DOUBLE_STOP_NOT_RESCUED,STOP,,,
2179,2025-08-05 18:00,2025-08-05T22:00:00+00:00,WEEKDAY_PREMIUM,AUGUST,VALIDATED_SOURCE,NQU5,2,1,332.0,RESOLVED,BUY,STOP,0.0,2025-08-05 22:00:00.017707045+00:00,STOP,0.0,23090.75,STOP,1.0,23100.25,-59.0,-359.0,-418.0,DOUBLE_STOP,5.0,PRICE_BE,SELL,False,ORIGINAL_STOP_BEFORE_ARM,23100.25,-359.0,-418.0,0.0,DOUBLE_STOP_NOT_RESCUED,STOP,,,
2179,2025-08-05 18:00,2025-08-05T22:00:00+00:00,WEEKDAY_PREMIUM,AUGUST,VALIDATED_SOURCE,NQU5,2,1,332.0,RESOLVED,BUY,STOP,0.0,2025-08-05 22:00:00.017707045+00:00,STOP,0.0,23090.75,STOP,1.0,23100.25,-59.0,-359.0,-418.0,DOUBLE_STOP,5.0,COST_COVER_BE,SELL,False,ORIGINAL_STOP_BEFORE_ARM,23100.25,-359.0,-418.0,0.0,DOUBLE_STOP_NOT_RESCUED,STOP,,,
2179,2025-08-05 18:00,2025-08-05T22:00:00+00:00,WEEKDAY_PREMIUM,AUGUST,VALIDATED_SOURCE,NQU5,2,1,332.0,RESOLVED,BUY,STOP,0.0,2025-08-05 22:00:00.017707045+00:00,STOP,0.0,23090.75,STOP,1.0,23100.25,-59.0,-359.0,-418.0,DOUBLE_STOP,8.0,PRICE_BE,SELL,False,ORIGINAL_STOP_BEFORE_ARM,23100.25,-359.0,-418.0,0.0,DOUBLE_STOP_NOT_RESCUED,STOP,,,
2179,2025-08-05 18:00,2025-08-05T22:00:00+00:00,WEEKDAY_PREMIUM,AUGUST,VALIDATED_SOURCE,NQU5,2,1,332.0,RESOLVED,BUY,STOP,0.0,2025-08-05 22:00:00.017707045+00:00,STOP,0.0,23090.75,STOP,1.0,23100.25,-59.0,-359.0,-418.0,DOUBLE_STOP,8.0,COST_COVER_BE,SELL,False,ORIGINAL_STOP_BEFORE_ARM,23100.25,-359.0,-418.0,0.0,DOUBLE_STOP_NOT_RESCUED,STOP,,,
2179,2025-08-05 18:00,2025-08-05T22:00:00+00:00,WEEKDAY_PREMIUM,AUGUST,VALIDATED_SOURCE,NQU5,2,2,332.0,RESOLVED,BUY,STOP,0.0,2025-08-05 22:00:00.017707045+00:00,STOP,0.0,23090.5,STOP,1.0,23100.5,-69.0,-369.0,-438.0,DOUBLE_STOP,0.5,PRICE_BE,SELL,False,ORIGINAL_STOP_BEFORE_ARM,23100.5,-369.0,-438.0,0.0,DOUBLE_STOP_NOT_RESCUED,STOP,,,
2179,2025-08-05 18:00,2025-08-05T22:00:00+00:00,WEEKDAY_PREMIUM,AUGUST,VALIDATED_SOURCE,NQU5,2,2,332.0,RESOLVED,BUY,STOP,0.0,2025-08-05 22:00:00.017707045+00:00,STOP,0.0,23090.5,STOP,1.0,23100.5,-69.0,-369.0,-438.0,DOUBLE_STOP,0.5,COST_COVER_BE,SELL,False,ORIGINAL_STOP_BEFORE_ARM,23100.5,-369.0,-438.0,0.0,DOUBLE_STOP_NOT_RESCUED,STOP,,,
2179,2025-08-05 18:00,2025-08-05T22:00:00+00:00,WEEKDAY_PREMIUM,AUGUST,VALIDATED_SOURCE,NQU5,2,2,332.0,RESOLVED,BUY,STOP,0.0,2025-08-05 22:00:00.017707045+00:00,STOP,0.0,23090.5,STOP,1.0,23100.5,-69.0,-369.0,-438.0,DOUBLE_STOP,1.0,PRICE_BE,SELL,False,ORIGINAL_STOP_BEFORE_ARM,23100.5,-369.0,-438.0,0.0,DOUBLE_STOP_NOT_RESCUED,STOP,,,
2179,2025-08-05 18:00,2025-08-05T22:00:00+00:00,WEEKDAY_PREMIUM,AUGUST,VALIDATED_SOURCE,NQU5,2,2,332.0,RESOLVED,BUY,STOP,0.0,2025-08-05 22:00:00.017707045+00:00,STOP,0.0,23090.5,STOP,1.0,23100.5,-69.0,-369.0,-438.0,DOUBLE_STOP,1.0,COST_COVER_BE,SELL,False,ORIGINAL_STOP_BEFORE_ARM,23100.5,-369.0,-438.0,0.0,DOUBLE_STOP_NOT_RESCUED,STOP,,,
2179,2025-08-05 18:00,2025-08-05T22:00:00+00:00,WEEKDAY_PREMIUM,AUGUST,VALIDATED_SOURCE,NQU5,2,2,332.0,RESOLVED,BUY,STOP,0.0,2025-08-05 22:00:00.017707045+00:00,STOP,0.0,23090.5,STOP,1.0,23100.5,-69.0,-369.0,-438.0,DOUBLE_STOP,2.0,PRICE_BE,SELL,False,ORIGINAL_STOP_BEFORE_ARM,23100.5,-369.0,-438.0,0.0,DOUBLE_STOP_NOT_RESCUED,STOP,,,
2179,2025-08-05 18:00,2025-08-05T22:00:00+00:00,WEEKDAY_PREMIUM,AUGUST,VALIDATED_SOURCE,NQU5,2,2,332.0,RESOLVED,BUY,STOP,0.0,2025-08-05 22:00:00.017707045+00:00,STOP,0.0,23090.5,STOP,1.0,23100.5,-69.0,-369.0,-438.0,DOUBLE_STOP,2.0,COST_COVER_BE,SELL,False,ORIGINAL_STOP_BEFORE_ARM,23100.5,-369.0,-438.0,0.0,DOUBLE_STOP_NOT_RESCUED,STOP,,,
2179,2025-08-05 18:00,2025-08-05T22:00:00+00:00,WEEKDAY_PREMIUM,AUGUST,VALIDATED_SOURCE,NQU5,2,2,332.0,RESOLVED,BUY,STOP,0.0,2025-08-05 22:00:00.017707045+00:00,STOP,0.0,23090.5,STOP,1.0,23100.5,-69.0,-369.0,-438.0,DOUBLE_STOP,3.0,PRICE_BE,SELL,False,ORIGINAL_STOP_BEFORE_ARM,23100.5,-369.0,-438.0,0.0,DOUBLE_STOP_NOT_RESCUED,STOP,,,
2179,2025-08-05 18:00,2025-08-05T22:00:00+00:00,WEEKDAY_PREMIUM,AUGUST,VALIDATED_SOURCE,NQU5,2,2,332.0,RESOLVED,BUY,STOP,0.0,2025-08-05 22:00:00.017707045+00:00,STOP,0.0,23090.5,STOP,1.0,23100.5,-69.0,-369.0,-438.0,DOUBLE_STOP,3.0,COST_COVER_BE,SELL,False,ORIGINAL_STOP_BEFORE_ARM,23100.5,-369.0,-438.0,0.0,DOUBLE_STOP_NOT_RESCUED,STOP,,,
2179,2025-08-05 18:00,2025-08-05T22:00:00+00:00,WEEKDAY_PREMIUM,AUGUST,VALIDATED_SOURCE,NQU5,2,2,332.0,RESOLVED,BUY,STOP,0.0,2025-08-05 22:00:00.017707045+00:00,STOP,0.0,23090.5,STOP,1.0,23100.5,-69.0,-369.0,-438.0,DOUBLE_STOP,4.0,PRICE_BE,SELL,False,ORIGINAL_STOP_BEFORE_ARM,23100.5,-369.0,-438.0,0.0,DOUBLE_STOP_NOT_RESCUED,STOP,,,
2179,2025-08-05 18:00,2025-08-05T22:00:00+00:00,WEEKDAY_PREMIUM,AUGUST,VALIDATED_SOURCE,NQU5,2,2,332.0,RESOLVED,BUY,STOP,0.0,2025-08-05 22:00:00.017707045+00:00,STOP,0.0,23090.5,STOP,1.0,23100.5,-69.0,-369.0,-438.0,DOUBLE_STOP,4.0,COST_COVER_BE,SELL,False,ORIGINAL_STOP_BEFORE_ARM,23100.5,-369.0,-438.0,0.0,DOUBLE_STOP_NOT_RESCUED,STOP,,,
2179,2025-08-05 18:00,2025-08-05T22:00:00+00:00,WEEKDAY_PREMIUM,AUGUST,VALIDATED_SOURCE,NQU5,2,2,332.0,RESOLVED,BUY,STOP,0.0,2025-08-05 22:00:00.017707045+00:00,STOP,0.0,23090.5,STOP,1.0,23100.5,-69.0,-369.0,-438.0,DOUBLE_STOP,5.0,PRICE_BE,SELL,False,ORIGINAL_STOP_BEFORE_ARM,23100.5,-369.0,-438.0,0.0,DOUBLE_STOP_NOT_RESCUED,STOP,,,
2179,2025-08-05 18:00,2025-08-05T22:00:00+00:00,WEEKDAY_PREMIUM,AUGUST,VALIDATED_SOURCE,NQU5,2,2,332.0,RESOLVED,BUY,STOP,0.0,2025-08-05 22:00:00.017707045+00:00,STOP,0.0,23090.5,STOP,1.0,23100.5,-69.0,-369.0,-438.0,DOUBLE_STOP,5.0,COST_COVER_BE,SELL,False,ORIGINAL_STOP_BEFORE_ARM,23100.5,-369.0,-438.0,0.0,DOUBLE_STOP_NOT_RESCUED,STOP,,,
2179,2025-08-05 18:00,2025-08-05T22:00:00+00:00,WEEKDAY_PREMIUM,AUGUST,VALIDATED_SOURCE,NQU5,2,2,332.0,RESOLVED,BUY,STOP,0.0,2025-08-05 22:00:00.017707045+00:00,STOP,0.0,23090.5,STOP,1.0,23100.5,-69.0,-369.0,-438.0,DOUBLE_STOP,8.0,PRICE_BE,SELL,False,ORIGINAL_STOP_BEFORE_ARM,23100.5,-369.0,-438.0,0.0,DOUBLE_STOP_NOT_RESCUED,STOP,,,
2179,2025-08-05 18:00,2025-08-05T22:00:00+00:00,WEEKDAY_PREMIUM,AUGUST,VALIDATED_SOURCE,NQU5,2,2,332.0,RESOLVED,BUY,STOP,0.0,2025-08-05 22:00:00.017707045+00:00,STOP,0.0,23090.5,STOP,1.0,23100.5,-69.0,-369.0,-438.0,DOUBLE_STOP,8.0,COST_COVER_BE,SELL,False,ORIGINAL_STOP_BEFORE_ARM,23100.5,-369.0,-438.0,0.0,DOUBLE_STOP_NOT_RESCUED,STOP,,,
2179,2025-08-05 18:00,2025-08-05T22:00:00+00:00,WEEKDAY_PREMIUM,AUGUST,VALIDATED_SOURCE,NQU5,2,4,332.0,RESOLVED,BUY,STOP,0.0,2025-08-05 22:00:00.017707045+00:00,STOP,0.0,23090.0,STOP,1.0,23101.0,-89.0,-389.0,-478.0,DOUBLE_STOP,0.5,PRICE_BE,SELL,False,ORIGINAL_STOP_BEFORE_ARM,23101.0,-389.0,-478.0,0.0,DOUBLE_STOP_NOT_RESCUED,STOP,,,
2179,2025-08-05 18:00,2025-08-05T22:00:00+00:00,WEEKDAY_PREMIUM,AUGUST,VALIDATED_SOURCE,NQU5,2,4,332.0,RESOLVED,BUY,STOP,0.0,2025-08-05 22:00:00.017707045+00:00,STOP,0.0,23090.0,STOP,1.0,23101.0,-89.0,-389.0,-478.0,DOUBLE_STOP,0.5,COST_COVER_BE,SELL,False,ORIGINAL_STOP_BEFORE_ARM,23101.0,-389.0,-478.0,0.0,DOUBLE_STOP_NOT_RESCUED,STOP,,,
2179,2025-08-05 18:00,2025-08-05T22:00:00+00:00,WEEKDAY_PREMIUM,AUGUST,VALIDATED_SOURCE,NQU5,2,4,332.0,RESOLVED,BUY,STOP,0.0,2025-08-05 22:00:00.017707045+00:00,STOP,0.0,23090.0,STOP,1.0,23101.0,-89.0,-389.0,-478.0,DOUBLE_STOP,1.0,PRICE_BE,SELL,False,ORIGINAL_STOP_BEFORE_ARM,23101.0,-389.0,-478.0,0.0,DOUBLE_STOP_NOT_RESCUED,STOP,,,
2179,2025-08-05 18:00,2025-08-05T22:00:00+00:00,WEEKDAY_PREMIUM,AUGUST,VALIDATED_SOURCE,NQU5,2,4,332.0,RESOLVED,BUY,STOP,0.0,2025-08-05 22:00:00.017707045+00:00,STOP,0.0,23090.0,STOP,1.0,23101.0,-89.0,-389.0,-478.0,DOUBLE_STOP,1.0,COST_COVER_BE,SELL,False,ORIGINAL_STOP_BEFORE_ARM,23101.0,-389.0,-478.0,0.0,DOUBLE_STOP_NOT_RESCUED,STOP,,,
2179,2025-08-05 18:00,2025-08-05T22:00:00+00:00,WEEKDAY_PREMIUM,AUGUST,VALIDATED_SOURCE,NQU5,2,4,332.0,RESOLVED,BUY,STOP,0.0,2025-08-05 22:00:00.017707045+00:00,STOP,0.0,23090.0,STOP,1.0,23101.0,-89.0,-389.0,-478.0,DOUBLE_STOP,2.0,PRICE_BE,SELL,False,ORIGINAL_STOP_BEFORE_ARM,23101.0,-389.0,-478.0,0.0,DOUBLE_STOP_NOT_RESCUED,STOP,,,
2179,2025-08-05 18:00,2025-08-05T22:00:00+00:00,WEEKDAY_PREMIUM,AUGUST,VALIDATED_SOURCE,NQU5,2,4,332.0,RESOLVED,BUY,STOP,0.0,2025-08-05 22:00:00.017707045+00:00,STOP,0.0,23090.0,STOP,1.0,23101.0,-89.0,-389.0,-478.0,DOUBLE_STOP,2.0,COST_COVER_BE,SELL,False,ORIGINAL_STOP_BEFORE_ARM,23101.0,-389.0,-478.0,0.0,DOUBLE_STOP_NOT_RESCUED,STOP,,,
2179,2025-08-05 18:00,2025-08-05T22:00:00+00:00,WEEKDAY_PREMIUM,AUGUST,VALIDATED_SOURCE,NQU5,2,4,332.0,RESOLVED,BUY,STOP,0.0,2025-08-05 22:00:00.017707045+00:00,STOP,0.0,23090.0,STOP,1.0,23101.0,-89.0,-389.0,-478.0,DOUBLE_STOP,3.0,PRICE_BE,SELL,False,ORIGINAL_STOP_BEFORE_ARM,23101.0,-389.0,-478.0,0.0,DOUBLE_STOP_NOT_RESCUED,STOP,,,
2179,2025-08-05 18:00,2025-08-05T22:00:00+00:00,WEEKDAY_PREMIUM,AUGUST,VALIDATED_SOURCE,NQU5,2,4,332.0,RESOLVED,BUY,STOP,0.0,2025-08-05 22:00:00.017707045+00:00,STOP,0.0,23090.0,STOP,1.0,23101.0,-89.0,-389.0,-478.0,DOUBLE_STOP,3.0,COST_COVER_BE,SELL,False,ORIGINAL_STOP_BEFORE_ARM,23101.0,-389.0,-478.0,0.0,DOUBLE_STOP_NOT_RESCUED,STOP,,,
2179,2025-08-05 18:00,2025-08-05T22:00:00+00:00,WEEKDAY_PREMIUM,AUGUST,VALIDATED_SOURCE,NQU5,2,4,332.0,RESOLVED,BUY,STOP,0.0,2025-08-05 22:00:00.017707045+00:00,STOP,0.0,23090.0,STOP,1.0,23101.0,-89.0,-389.0,-478.0,DOUBLE_STOP,4.0,PRICE_BE,SELL,False,ORIGINAL_STOP_BEFORE_ARM,23101.0,-389.0,-478.0,0.0,DOUBLE_STOP_NOT_RESCUED,STOP,,,
2179,2025-08-05 18:00,2025-08-05T22:00:00+00:00,WEEKDAY_PREMIUM,AUGUST,VALIDATED_SOURCE,NQU5,2,4,332.0,RESOLVED,BUY,STOP,0.0,2025-08-05 22:00:00.017707045+00:00,STOP,0.0,23090.0,STOP,1.0,23101.0,-89.0,-389.0,-478.0,DOUBLE_STOP,4.0,COST_COVER_BE,SELL,False,ORIGINAL_STOP_BEFORE_ARM,23101.0,-389.0,-478.0,0.0,DOUBLE_STOP_NOT_RESCUED,STOP,,,
2179,2025-08-05 18:00,2025-08-05T22:00:00+00:00,WEEKDAY_PREMIUM,AUGUST,VALIDATED_SOURCE,NQU5,2,4,332.0,RESOLVED,BUY,STOP,0.0,2025-08-05 22:00:00.017707045+00:00,STOP,0.0,23090.0,STOP,1.0,23101.0,-89.0,-389.0,-478.0,DOUBLE_STOP,5.0,PRICE_BE,SELL,False,ORIGINAL_STOP_BEFORE_ARM,23101.0,-389.0,-478.0,0.0,DOUBLE_STOP_NOT_RESCUED,STOP,,,
2179,2025-08-05 18:00,2025-08-05T22:00:00+00:00,WEEKDAY_PREMIUM,AUGUST,VALIDATED_SOURCE,NQU5,2,4,332.0,RESOLVED,BUY,STOP,0.0,2025-08-05 22:00:00.017707045+00:00,STOP,0.0,23090.0,STOP,1.0,23101.0,-89.0,-389.0,-478.0,DOUBLE_STOP,5.0,COST_COVER_BE,SELL,False,ORIGINAL_STOP_BEFORE_ARM,23101.0,-389.0,-478.0,0.0,DOUBLE_STOP_NOT_RESCUED,STOP,,,
2179,2025-08-05 18:00,2025-08-05T22:00:00+00:00,WEEKDAY_PREMIUM,AUGUST,VALIDATED_SOURCE,NQU5,2,4,332.0,RESOLVED,BUY,STOP,0.0,2025-08-05 22:00:00.017707045+00:00,STOP,0.0,23090.0,STOP,1.0,23101.0,-89.0,-389.0,-478.0,DOUBLE_STOP,8.0,PRICE_BE,SELL,False,ORIGINAL_STOP_BEFORE_ARM,23101.0,-389.0,-478.0,0.0,DOUBLE_STOP_NOT_RESCUED,STOP,,,
2179,2025-08-05 18:00,2025-08-05T22:00:00+00:00,WEEKDAY_PREMIUM,AUGUST,VALIDATED_SOURCE,NQU5,2,4,332.0,RESOLVED,BUY,STOP,0.0,2025-08-05 22:00:00.017707045+00:00,STOP,0.0,23090.0,STOP,1.0,23101.0,-89.0,-389.0,-478.0,DOUBLE_STOP,8.0,COST_COVER_BE,SELL,False,ORIGINAL_STOP_BEFORE_ARM,23101.0,-389.0,-478.0,0.0,DOUBLE_STOP_NOT_RESCUED,STOP,,,
2180,2025-08-06 09:30,2025-08-06T13:30:00+00:00,NY,AUGUST,VALIDATED_SOURCE,NQU5,2,0,-118.0,RESOLVED,BUY,STOP,2.0,2025-08-06 13:30:00.001585691+00:00,STOP,2.0,23168.5,STOP,10.0,23170.0,-49.0,-49.0,-98.0,DOUBLE_STOP,0.5,PRICE_BE,SELL,False,ORIGINAL_STOP_BEFORE_ARM,23170.0,-49.0,-98.0,0.0,DOUBLE_STOP_NOT_RESCUED,STOP,,,
2180,2025-08-06 09:30,2025-08-06T13:30:00+00:00,NY,AUGUST,VALIDATED_SOURCE,NQU5,2,0,-118.0,RESOLVED,BUY,STOP,2.0,2025-08-06 13:30:00.001585691+00:00,STOP,2.0,23168.5,STOP,10.0,23170.0,-49.0,-49.0,-98.0,DOUBLE_STOP,0.5,COST_COVER_BE,SELL,False,ORIGINAL_STOP_BEFORE_ARM,23170.0,-49.0,-98.0,0.0,DOUBLE_STOP_NOT_RESCUED,STOP,,,
2180,2025-08-06 09:30,2025-08-06T13:30:00+00:00,NY,AUGUST,VALIDATED_SOURCE,NQU5,2,0,-118.0,RESOLVED,BUY,STOP,2.0,2025-08-06 13:30:00.001585691+00:00,STOP,2.0,23168.5,STOP,10.0,23170.0,-49.0,-49.0,-98.0,DOUBLE_STOP,1.0,PRICE_BE,SELL,False,ORIGINAL_STOP_BEFORE_ARM,23170.0,-49.0,-98.0,0.0,DOUBLE_STOP_NOT_RESCUED,STOP,,,
2180,2025-08-06 09:30,2025-08-06T13:30:00+00:00,NY,AUGUST,VALIDATED_SOURCE,NQU5,2,0,-118.0,RESOLVED,BUY,STOP,2.0,2025-08-06 13:30:00.001585691+00:00,STOP,2.0,23168.5,STOP,10.0,23170.0,-49.0,-49.0,-98.0,DOUBLE_STOP,1.0,COST_COVER_BE,SELL,False,ORIGINAL_STOP_BEFORE_ARM,23170.0,-49.0,-98.0,0.0,DOUBLE_STOP_NOT_RESCUED,STOP,,,
2180,2025-08-06 09:30,2025-08-06T13:30:00+00:00,NY,AUGUST,VALIDATED_SOURCE,NQU5,2,0,-118.0,RESOLVED,BUY,STOP,2.0,2025-08-06 13:30:00.001585691+00:00,STOP,2.0,23168.5,STOP,10.0,23170.0,-49.0,-49.0,-98.0,DOUBLE_STOP,2.0,PRICE_BE,SELL,False,ORIGINAL_STOP_BEFORE_ARM,23170.0,-49.0,-98.0,0.0,DOUBLE_STOP_NOT_RESCUED,STOP,,,
2180,2025-08-06 09:30,2025-08-06T13:30:00+00:00,NY,AUGUST,VALIDATED_SOURCE,NQU5,2,0,-118.0,RESOLVED,BUY,STOP,2.0,2025-08-06 13:30:00.001585691+00:00,STOP,2.0,23168.5,STOP,10.0,23170.0,-49.0,-49.0,-98.0,DOUBLE_STOP,2.0,COST_COVER_BE,SELL,False,ORIGINAL_STOP_BEFORE_ARM,23170.0,-49.0,-98.0,0.0,DOUBLE_STOP_NOT_RESCUED,STOP,,,
2180,2025-08-06 09:30,2025-08-06T13:30:00+00:00,NY,AUGUST,VALIDATED_SOURCE,NQU5,2,0,-118.0,RESOLVED,BUY,STOP,2.0,2025-08-06 13:30:00.001585691+00:00,STOP,2.0,23168.5,STOP,10.0,23170.0,-49.0,-49.0,-98.0,DOUBLE_STOP,3.0,PRICE_BE,SELL,False,ORIGINAL_STOP_BEFORE_ARM,23170.0,-49.0,-98.0,0.0,DOUBLE_STOP_NOT_RESCUED,STOP,,,
2180,2025-08-06 09:30,2025-08-06T13:30:00+00:00,NY,AUGUST,VALIDATED_SOURCE,NQU5,2,0,-118.0,RESOLVED,BUY,STOP,2.0,2025-08-06 13:30:00.001585691+00:00,STOP,2.0,23168.5,STOP,10.0,23170.0,-49.0,-49.0,-98.0,DOUBLE_STOP,3.0,COST_COVER_BE,SELL,False,ORIGINAL_STOP_BEFORE_ARM,23170.0,-49.0,-98.0,0.0,DOUBLE_STOP_NOT_RESCUED,STOP,,,
2180,2025-08-06 09:30,2025-08-06T13:30:00+00:00,NY,AUGUST,VALIDATED_SOURCE,NQU5,2,0,-118.0,RESOLVED,BUY,STOP,2.0,2025-08-06 13:30:00.001585691+00:00,STOP,2.0,23168.5,STOP,10.0,23170.0,-49.0,-49.0,-98.0,DOUBLE_STOP,4.0,PRICE_BE,SELL,False,ORIGINAL_STOP_BEFORE_ARM,23170.0,-49.0,-98.0,0.0,DOUBLE_STOP_NOT_RESCUED,STOP,,,
2180,2025-08-06 09:30,2025-08-06T13:30:00+00:00,NY,AUGUST,VALIDATED_SOURCE,NQU5,2,0,-118.0,RESOLVED,BUY,STOP,2.0,2025-08-06 13:30:00.001585691+00:00,STOP,2.0,23168.5,STOP,10.0,23170.0,-49.0,-49.0,-98.0,DOUBLE_STOP,4.0,COST_COVER_BE,SELL,False,ORIGINAL_STOP_BEFORE_ARM,23170.0,-49.0,-98.0,0.0,DOUBLE_STOP_NOT_RESCUED,STOP,,,
2180,2025-08-06 09:30,2025-08-06T13:30:00+00:00,NY,AUGUST,VALIDATED_SOURCE,NQU5,2,0,-118.0,RESOLVED,BUY,STOP,2.0,2025-08-06 13:30:00.001585691+00:00,STOP,2.0,23168.5,STOP,10.0,23170.0,-49.0,-49.0,-98.0,DOUBLE_STOP,5.0,PRICE_BE,SELL,False,ORIGINAL_STOP_BEFORE_ARM,23170.0,-49.0,-98.0,0.0,DOUBLE_STOP_NOT_RESCUED,STOP,,,
2180,2025-08-06 09:30,2025-08-06T13:30:00+00:00,NY,AUGUST,VALIDATED_SOURCE,NQU5,2,0,-118.0,RESOLVED,BUY,STOP,2.0,2025-08-06 13:30:00.001585691+00:00,STOP,2.0,23168.5,STOP,10.0,23170.0,-49.0,-49.0,-98.0,DOUBLE_STOP,5.0,COST_COVER_BE,SELL,False,ORIGINAL_STOP_BEFORE_ARM,23170.0,-49.0,-98.0,0.0,DOUBLE_STOP_NOT_RESCUED,STOP,,,
2180,2025-08-06 09:30,2025-08-06T13:30:00+00:00,NY,AUGUST,VALIDATED_SOURCE,NQU5,2,0,-118.0,RESOLVED,BUY,STOP,2.0,2025-08-06 13:30:00.001585691+00:00,STOP,2.0,23168.5,STOP,10.0,23170.0,-49.0,-49.0,-98.0,DOUBLE_STOP,8.0,PRICE_BE,SELL,False,ORIGINAL_STOP_BEFORE_ARM,23170.0,-49.0,-98.0,0.0,DOUBLE_STOP_NOT_RESCUED,STOP,,,
2180,2025-08-06 09:30,2025-08-06T13:30:00+00:00,NY,AUGUST,VALIDATED_SOURCE,NQU5,2,0,-118.0,RESOLVED,BUY,STOP,2.0,2025-08-06 13:30:00.001585691+00:00,STOP,2.0,23168.5,STOP,10.0,23170.0,-49.0,-49.0,-98.0,DOUBLE_STOP,8.0,COST_COVER_BE,SELL,False,ORIGINAL_STOP_BEFORE_ARM,23170.0,-49.0,-98.0,0.0,DOUBLE_STOP_NOT_RESCUED,STOP,,,
2180,2025-08-06 09:30,2025-08-06T13:30:00+00:00,NY,AUGUST,VALIDATED_SOURCE,NQU5,2,1,-118.0,RESOLVED,BUY,STOP,2.0,2025-08-06 13:30:00.001585691+00:00,STOP,2.0,23168.25,STOP,10.0,23170.25,-59.0,-59.0,-118.0,DOUBLE_STOP,0.5,PRICE_BE,SELL,False,ORIGINAL_STOP_BEFORE_ARM,23170.25,-59.0,-118.0,0.0,DOUBLE_STOP_NOT_RESCUED,STOP,,,
2180,2025-08-06 09:30,2025-08-06T13:30:00+00:00,NY,AUGUST,VALIDATED_SOURCE,NQU5,2,1,-118.0,RESOLVED,BUY,STOP,2.0,2025-08-06 13:30:00.001585691+00:00,STOP,2.0,23168.25,STOP,10.0,23170.25,-59.0,-59.0,-118.0,DOUBLE_STOP,0.5,COST_COVER_BE,SELL,False,ORIGINAL_STOP_BEFORE_ARM,23170.25,-59.0,-118.0,0.0,DOUBLE_STOP_NOT_RESCUED,STOP,,,
2180,2025-08-06 09:30,2025-08-06T13:30:00+00:00,NY,AUGUST,VALIDATED_SOURCE,NQU5,2,1,-118.0,RESOLVED,BUY,STOP,2.0,2025-08-06 13:30:00.001585691+00:00,STOP,2.0,23168.25,STOP,10.0,23170.25,-59.0,-59.0,-118.0,DOUBLE_STOP,1.0,PRICE_BE,SELL,False,ORIGINAL_STOP_BEFORE_ARM,23170.25,-59.0,-118.0,0.0,DOUBLE_STOP_NOT_RESCUED,STOP,,,
2180,2025-08-06 09:30,2025-08-06T13:30:00+00:00,NY,AUGUST,VALIDATED_SOURCE,NQU5,2,1,-118.0,RESOLVED,BUY,STOP,2.0,2025-08-06 13:30:00.001585691+00:00,STOP,2.0,23168.25,STOP,10.0,23170.25,-59.0,-59.0,-118.0,DOUBLE_STOP,1.0,COST_COVER_BE,SELL,False,ORIGINAL_STOP_BEFORE_ARM,23170.25,-59.0,-118.0,0.0,DOUBLE_STOP_NOT_RESCUED,STOP,,,
2180,2025-08-06 09:30,2025-08-06T13:30:00+00:00,NY,AUGUST,VALIDATED_SOURCE,NQU5,2,1,-118.0,RESOLVED,BUY,STOP,2.0,2025-08-06 13:30:00.001585691+00:00,STOP,2.0,23168.25,STOP,10.0,23170.25,-59.0,-59.0,-118.0,DOUBLE_STOP,2.0,PRICE_BE,SELL,False,ORIGINAL_STOP_BEFORE_ARM,23170.25,-59.0,-118.0,0.0,DOUBLE_STOP_NOT_RESCUED,STOP,,,
2180,2025-08-06 09:30,2025-08-06T13:30:00+00:00,NY,AUGUST,VALIDATED_SOURCE,NQU5,2,1,-118.0,RESOLVED,BUY,STOP,2.0,2025-08-06 13:30:00.001585691+00:00,STOP,2.0,23168.25,STOP,10.0,23170.25,-59.0,-59.0,-118.0,DOUBLE_STOP,2.0,COST_COVER_BE,SELL,False,ORIGINAL_STOP_BEFORE_ARM,23170.25,-59.0,-118.0,0.0,DOUBLE_STOP_NOT_RESCUED,STOP,,,
2180,2025-08-06 09:30,2025-08-06T13:30:00+00:00,NY,AUGUST,VALIDATED_SOURCE,NQU5,2,1,-118.0,RESOLVED,BUY,STOP,2.0,2025-08-06 13:30:00.001585691+00:00,STOP,2.0,23168.25,STOP,10.0,23170.25,-59.0,-59.0,-118.0,DOUBLE_STOP,3.0,PRICE_BE,SELL,False,ORIGINAL_STOP_BEFORE_ARM,23170.25,-59.0,-118.0,0.0,DOUBLE_STOP_NOT_RESCUED,STOP,,,
2180,2025-08-06 09:30,2025-08-06T13:30:00+00:00,NY,AUGUST,VALIDATED_SOURCE,NQU5,2,1,-118.0,RESOLVED,BUY,STOP,2.0,2025-08-06 13:30:00.001585691+00:00,STOP,2.0,23168.25,STOP,10.0,23170.25,-59.0,-59.0,-118.0,DOUBLE_STOP,3.0,COST_COVER_BE,SELL,False,ORIGINAL_STOP_BEFORE_ARM,23170.25,-59.0,-118.0,0.0,DOUBLE_STOP_NOT_RESCUED,STOP,,,
2180,2025-08-06 09:30,2025-08-06T13:30:00+00:00,NY,AUGUST,VALIDATED_SOURCE,NQU5,2,1,-118.0,RESOLVED,BUY,STOP,2.0,2025-08-06 13:30:00.001585691+00:00,STOP,2.0,23168.25,STOP,10.0,23170.25,-59.0,-59.0,-118.0,DOUBLE_STOP,4.0,PRICE_BE,SELL,False,ORIGINAL_STOP_BEFORE_ARM,23170.25,-59.0,-118.0,0.0,DOUBLE_STOP_NOT_RESCUED,STOP,,,
2180,2025-08-06 09:30,2025-08-06T13:30:00+00:00,NY,AUGUST,VALIDATED_SOURCE,NQU5,2,1,-118.0,RESOLVED,BUY,STOP,2.0,2025-08-06 13:30:00.001585691+00:00,STOP,2.0,23168.25,STOP,10.0,23170.25,-59.0,-59.0,-118.0,DOUBLE_STOP,4.0,COST_COVER_BE,SELL,False,ORIGINAL_STOP_BEFORE_ARM,23170.25,-59.0,-118.0,0.0,DOUBLE_STOP_NOT_RESCUED,STOP,,,
2180,2025-08-06 09:30,2025-08-06T13:30:00+00:00,NY,AUGUST,VALIDATED_SOURCE,NQU5,2,1,-118.0,RESOLVED,BUY,STOP,2.0,2025-08-06 13:30:00.001585691+00:00,STOP,2.0,23168.25,STOP,10.0,23170.25,-59.0,-59.0,-118.0,DOUBLE_STOP,5.0,PRICE_BE,SELL,False,ORIGINAL_STOP_BEFORE_ARM,23170.25,-59.0,-118.0,0.0,DOUBLE_STOP_NOT_RESCUED,STOP,,,
2180,2025-08-06 09:30,2025-08-06T13:30:00+00:00,NY,AUGUST,VALIDATED_SOURCE,NQU5,2,1,-118.0,RESOLVED,BUY,STOP,2.0,2025-08-06 13:30:00.001585691+00:00,STOP,2.0,23168.25,STOP,10.0,23170.25,-59.0,-59.0,-118.0,DOUBLE_STOP,5.0,COST_COVER_BE,SELL,False,ORIGINAL_STOP_BEFORE_ARM,23170.25,-59.0,-118.0,0.0,DOUBLE_STOP_NOT_RESCUED,STOP,,,
2180,2025-08-06 09:30,2025-08-06T13:30:00+00:00,NY,AUGUST,VALIDATED_SOURCE,NQU5,2,1,-118.0,RESOLVED,BUY,STOP,2.0,2025-08-06 13:30:00.001585691+00:00,STOP,2.0,23168.25,STOP,10.0,23170.25,-59.0,-59.0,-118.0,DOUBLE_STOP,8.0,PRICE_BE,SELL,False,ORIGINAL_STOP_BEFORE_ARM,23170.25,-59.0,-118.0,0.0,DOUBLE_STOP_NOT_RESCUED,STOP,,,
2180,2025-08-06 09:30,2025-08-06T13:30:00+00:00,NY,AUGUST,VALIDATED_SOURCE,NQU5,2,1,-118.0,RESOLVED,BUY,STOP,2.0,2025-08-06 13:30:00.001585691+00:00,STOP,2.0,23168.25,STOP,10.0,23170.25,-59.0,-59.0,-118.0,DOUBLE_STOP,8.0,COST_COVER_BE,SELL,False,ORIGINAL_STOP_BEFORE_ARM,23170.25,-59.0,-118.0,0.0,DOUBLE_STOP_NOT_RESCUED,STOP,,,
2180,2025-08-06 09:30,2025-08-06T13:30:00+00:00,NY,AUGUST,VALIDATED_SOURCE,NQU5,2,2,-118.0,RESOLVED,BUY,STOP,2.0,2025-08-06 13:30:00.001585691+00:00,STOP,2.0,23168.0,STOP,10.0,23170.5,-69.0,-69.0,-138.0,DOUBLE_STOP,0.5,PRICE_BE,SELL,False,ORIGINAL_STOP_BEFORE_ARM,23170.5,-69.0,-138.0,0.0,DOUBLE_STOP_NOT_RESCUED,STOP,,,
2180,2025-08-06 09:30,2025-08-06T13:30:00+00:00,NY,AUGUST,VALIDATED_SOURCE,NQU5,2,2,-118.0,RESOLVED,BUY,STOP,2.0,2025-08-06 13:30:00.001585691+00:00,STOP,2.0,23168.0,STOP,10.0,23170.5,-69.0,-69.0,-138.0,DOUBLE_STOP,0.5,COST_COVER_BE,SELL,False,ORIGINAL_STOP_BEFORE_ARM,23170.5,-69.0,-138.0,0.0,DOUBLE_STOP_NOT_RESCUED,STOP,,,
2180,2025-08-06 09:30,2025-08-06T13:30:00+00:00,NY,AUGUST,VALIDATED_SOURCE,NQU5,2,2,-118.0,RESOLVED,BUY,STOP,2.0,2025-08-06 13:30:00.001585691+00:00,STOP,2.0,23168.0,STOP,10.0,23170.5,-69.0,-69.0,-138.0,DOUBLE_STOP,1.0,PRICE_BE,SELL,False,ORIGINAL_STOP_BEFORE_ARM,23170.5,-69.0,-138.0,0.0,DOUBLE_STOP_NOT_RESCUED,STOP,,,
2180,2025-08-06 09:30,2025-08-06T13:30:00+00:00,NY,AUGUST,VALIDATED_SOURCE,NQU5,2,2,-118.0,RESOLVED,BUY,STOP,2.0,2025-08-06 13:30:00.001585691+00:00,STOP,2.0,23168.0,STOP,10.0,23170.5,-69.0,-69.0,-138.0,DOUBLE_STOP,1.0,COST_COVER_BE,SELL,False,ORIGINAL_STOP_BEFORE_ARM,23170.5,-69.0,-138.0,0.0,DOUBLE_STOP_NOT_RESCUED,STOP,,,
2180,2025-08-06 09:30,2025-08-06T13:30:00+00:00,NY,AUGUST,VALIDATED_SOURCE,NQU5,2,2,-118.0,RESOLVED,BUY,STOP,2.0,2025-08-06 13:30:00.001585691+00:00,STOP,2.0,23168.0,STOP,10.0,23170.5,-69.0,-69.0,-138.0,DOUBLE_STOP,2.0,PRICE_BE,SELL,False,ORIGINAL_STOP_BEFORE_ARM,23170.5,-69.0,-138.0,0.0,DOUBLE_STOP_NOT_RESCUED,STOP,,,
2180,2025-08-06 09:30,2025-08-06T13:30:00+00:00,NY,AUGUST,VALIDATED_SOURCE,NQU5,2,2,-118.0,RESOLVED,BUY,STOP,2.0,2025-08-06 13:30:00.001585691+00:00,STOP,2.0,23168.0,STOP,10.0,23170.5,-69.0,-69.0,-138.0,DOUBLE_STOP,2.0,COST_COVER_BE,SELL,False,ORIGINAL_STOP_BEFORE_ARM,23170.5,-69.0,-138.0,0.0,DOUBLE_STOP_NOT_RESCUED,STOP,,,
2180,2025-08-06 09:30,2025-08-06T13:30:00+00:00,NY,AUGUST,VALIDATED_SOURCE,NQU5,2,2,-118.0,RESOLVED,BUY,STOP,2.0,2025-08-06 13:30:00.001585691+00:00,STOP,2.0,23168.0,STOP,10.0,23170.5,-69.0,-69.0,-138.0,DOUBLE_STOP,3.0,PRICE_BE,SELL,False,ORIGINAL_STOP_BEFORE_ARM,23170.5,-69.0,-138.0,0.0,DOUBLE_STOP_NOT_RESCUED,STOP,,,
2180,2025-08-06 09:30,2025-08-06T13:30:00+00:00,NY,AUGUST,VALIDATED_SOURCE,NQU5,2,2,-118.0,RESOLVED,BUY,STOP,2.0,2025-08-06 13:30:00.001585691+00:00,STOP,2.0,23168.0,STOP,10.0,23170.5,-69.0,-69.0,-138.0,DOUBLE_STOP,3.0,COST_COVER_BE,SELL,False,ORIGINAL_STOP_BEFORE_ARM,23170.5,-69.0,-138.0,0.0,DOUBLE_STOP_NOT_RESCUED,STOP,,,
2180,2025-08-06 09:30,2025-08-06T13:30:00+00:00,NY,AUGUST,VALIDATED_SOURCE,NQU5,2,2,-118.0,RESOLVED,BUY,STOP,2.0,2025-08-06 13:30:00.001585691+00:00,STOP,2.0,23168.0,STOP,10.0,23170.5,-69.0,-69.0,-138.0,DOUBLE_STOP,4.0,PRICE_BE,SELL,False,ORIGINAL_STOP_BEFORE_ARM,23170.5,-69.0,-138.0,0.0,DOUBLE_STOP_NOT_RESCUED,STOP,,,
2180,2025-08-06 09:30,2025-08-06T13:30:00+00:00,NY,AUGUST,VALIDATED_SOURCE,NQU5,2,2,-118.0,RESOLVED,BUY,STOP,2.0,2025-08-06 13:30:00.001585691+00:00,STOP,2.0,23168.0,STOP,10.0,23170.5,-69.0,-69.0,-138.0,DOUBLE_STOP,4.0,COST_COVER_BE,SELL,False,ORIGINAL_STOP_BEFORE_ARM,23170.5,-69.0,-138.0,0.0,DOUBLE_STOP_NOT_RESCUED,STOP,,,
2180,2025-08-06 09:30,2025-08-06T13:30:00+00:00,NY,AUGUST,VALIDATED_SOURCE,NQU5,2,2,-118.0,RESOLVED,BUY,STOP,2.0,2025-08-06 13:30:00.001585691+00:00,STOP,2.0,23168.0,STOP,10.0,23170.5,-69.0,-69.0,-138.0,DOUBLE_STOP,5.0,PRICE_BE,SELL,False,ORIGINAL_STOP_BEFORE_ARM,23170.5,-69.0,-138.0,0.0,DOUBLE_STOP_NOT_RESCUED,STOP,,,
2180,2025-08-06 09:30,2025-08-06T13:30:00+00:00,NY,AUGUST,VALIDATED_SOURCE,NQU5,2,2,-118.0,RESOLVED,BUY,STOP,2.0,2025-08-06 13:30:00.001585691+00:00,STOP,2.0,23168.0,STOP,10.0,23170.5,-69.0,-69.0,-138.0,DOUBLE_STOP,5.0,COST_COVER_BE,SELL,False,ORIGINAL_STOP_BEFORE_ARM,23170.5,-69.0,-138.0,0.0,DOUBLE_STOP_NOT_RESCUED,STOP,,,
2180,2025-08-06 09:30,2025-08-06T13:30:00+00:00,NY,AUGUST,VALIDATED_SOURCE,NQU5,2,2,-118.0,RESOLVED,BUY,STOP,2.0,2025-08-06 13:30:00.001585691+00:00,STOP,2.0,23168.0,STOP,10.0,23170.5,-69.0,-69.0,-138.0,DOUBLE_STOP,8.0,PRICE_BE,SELL,False,ORIGINAL_STOP_BEFORE_ARM,23170.5,-69.0,-138.0,0.0,DOUBLE_STOP_NOT_RESCUED,STOP,,,
2180,2025-08-06 09:30,2025-08-06T13:30:00+00:00,NY,AUGUST,VALIDATED_SOURCE,NQU5,2,2,-118.0,RESOLVED,BUY,STOP,2.0,2025-08-06 13:30:00.001585691+00:00,STOP,2.0,23168.0,STOP,10.0,23170.5,-69.0,-69.0,-138.0,DOUBLE_STOP,8.0,COST_COVER_BE,SELL,False,ORIGINAL_STOP_BEFORE_ARM,23170.5,-69.0,-138.0,0.0,DOUBLE_STOP_NOT_RESCUED,STOP,,,
2180,2025-08-06 09:30,2025-08-06T13:30:00+00:00,NY,AUGUST,VALIDATED_SOURCE,NQU5,2,4,-118.0,RESOLVED,BUY,STOP,2.0,2025-08-06 13:30:00.001585691+00:00,STOP,2.0,23167.5,STOP,10.0,23171.0,-89.0,-89.0,-178.0,DOUBLE_STOP,0.5,PRICE_BE,SELL,False,ORIGINAL_STOP_BEFORE_ARM,23171.0,-89.0,-178.0,0.0,DOUBLE_STOP_NOT_RESCUED,STOP,,,
2180,2025-08-06 09:30,2025-08-06T13:30:00+00:00,NY,AUGUST,VALIDATED_SOURCE,NQU5,2,4,-118.0,RESOLVED,BUY,STOP,2.0,2025-08-06 13:30:00.001585691+00:00,STOP,2.0,23167.5,STOP,10.0,23171.0,-89.0,-89.0,-178.0,DOUBLE_STOP,0.5,COST_COVER_BE,SELL,False,ORIGINAL_STOP_BEFORE_ARM,23171.0,-89.0,-178.0,0.0,DOUBLE_STOP_NOT_RESCUED,STOP,,,
2180,2025-08-06 09:30,2025-08-06T13:30:00+00:00,NY,AUGUST,VALIDATED_SOURCE,NQU5,2,4,-118.0,RESOLVED,BUY,STOP,2.0,2025-08-06 13:30:00.001585691+00:00,STOP,2.0,23167.5,STOP,10.0,23171.0,-89.0,-89.0,-178.0,DOUBLE_STOP,1.0,PRICE_BE,SELL,False,ORIGINAL_STOP_BEFORE_ARM,23171.0,-89.0,-178.0,0.0,DOUBLE_STOP_NOT_RESCUED,STOP,,,
2180,2025-08-06 09:30,2025-08-06T13:30:00+00:00,NY,AUGUST,VALIDATED_SOURCE,NQU5,2,4,-118.0,RESOLVED,BUY,STOP,2.0,2025-08-06 13:30:00.001585691+00:00,STOP,2.0,23167.5,STOP,10.0,23171.0,-89.0,-89.0,-178.0,DOUBLE_STOP,1.0,COST_COVER_BE,SELL,False,ORIGINAL_STOP_BEFORE_ARM,23171.0,-89.0,-178.0,0.0,DOUBLE_STOP_NOT_RESCUED,STOP,,,
2180,2025-08-06 09:30,2025-08-06T13:30:00+00:00,NY,AUGUST,VALIDATED_SOURCE,NQU5,2,4,-118.0,RESOLVED,BUY,STOP,2.0,2025-08-06 13:30:00.001585691+00:00,STOP,2.0,23167.5,STOP,10.0,23171.0,-89.0,-89.0,-178.0,DOUBLE_STOP,2.0,PRICE_BE,SELL,False,ORIGINAL_STOP_BEFORE_ARM,23171.0,-89.0,-178.0,0.0,DOUBLE_STOP_NOT_RESCUED,STOP,,,
2180,2025-08-06 09:30,2025-08-06T13:30:00+00:00,NY,AUGUST,VALIDATED_SOURCE,NQU5,2,4,-118.0,RESOLVED,BUY,STOP,2.0,2025-08-06 13:30:00.001585691+00:00,STOP,2.0,23167.5,STOP,10.0,23171.0,-89.0,-89.0,-178.0,DOUBLE_STOP,2.0,COST_COVER_BE,SELL,False,ORIGINAL_STOP_BEFORE_ARM,23171.0,-89.0,-178.0,0.0,DOUBLE_STOP_NOT_RESCUED,STOP,,,
2180,2025-08-06 09:30,2025-08-06T13:30:00+00:00,NY,AUGUST,VALIDATED_SOURCE,NQU5,2,4,-118.0,RESOLVED,BUY,STOP,2.0,2025-08-06 13:30:00.001585691+00:00,STOP,2.0,23167.5,STOP,10.0,23171.0,-89.0,-89.0,-178.0,DOUBLE_STOP,3.0,PRICE_BE,SELL,False,ORIGINAL_STOP_BEFORE_ARM,23171.0,-89.0,-178.0,0.0,DOUBLE_STOP_NOT_RESCUED,STOP,,,
2180,2025-08-06 09:30,2025-08-06T13:30:00+00:00,NY,AUGUST,VALIDATED_SOURCE,NQU5,2,4,-118.0,RESOLVED,BUY,STOP,2.0,2025-08-06 13:30:00.001585691+00:00,STOP,2.0,23167.5,STOP,10.0,23171.0,-89.0,-89.0,-178.0,DOUBLE_STOP,3.0,COST_COVER_BE,SELL,False,ORIGINAL_STOP_BEFORE_ARM,23171.0,-89.0,-178.0,0.0,DOUBLE_STOP_NOT_RESCUED,STOP,,,
2180,2025-08-06 09:30,2025-08-06T13:30:00+00:00,NY,AUGUST,VALIDATED_SOURCE,NQU5,2,4,-118.0,RESOLVED,BUY,STOP,2.0,2025-08-06 13:30:00.001585691+00:00,STOP,2.0,23167.5,STOP,10.0,23171.0,-89.0,-89.0,-178.0,DOUBLE_STOP,4.0,PRICE_BE,SELL,False,ORIGINAL_STOP_BEFORE_ARM,23171.0,-89.0,-178.0,0.0,DOUBLE_STOP_NOT_RESCUED,STOP,,,
2180,2025-08-06 09:30,2025-08-06T13:30:00+00:00,NY,AUGUST,VALIDATED_SOURCE,NQU5,2,4,-118.0,RESOLVED,BUY,STOP,2.0,2025-08-06 13:30:00.001585691+00:00,STOP,2.0,23167.5,STOP,10.0,23171.0,-89.0,-89.0,-178.0,DOUBLE_STOP,4.0,COST_COVER_BE,SELL,False,ORIGINAL_STOP_BEFORE_ARM,23171.0,-89.0,-178.0,0.0,DOUBLE_STOP_NOT_RESCUED,STOP,,,
2180,2025-08-06 09:30,2025-08-06T13:30:00+00:00,NY,AUGUST,VALIDATED_SOURCE,NQU5,2,4,-118.0,RESOLVED,BUY,STOP,2.0,2025-08-06 13:30:00.001585691+00:00,STOP,2.0,23167.5,STOP,10.0,23171.0,-89.0,-89.0,-178.0,DOUBLE_STOP,5.0,PRICE_BE,SELL,False,ORIGINAL_STOP_BEFORE_ARM,23171.0,-89.0,-178.0,0.0,DOUBLE_STOP_NOT_RESCUED,STOP,,,
2180,2025-08-06 09:30,2025-08-06T13:30:00+00:00,NY,AUGUST,VALIDATED_SOURCE,NQU5,2,4,-118.0,RESOLVED,BUY,STOP,2.0,2025-08-06 13:30:00.001585691+00:00,STOP,2.0,23167.5,STOP,10.0,23171.0,-89.0,-89.0,-178.0,DOUBLE_STOP,5.0,COST_COVER_BE,SELL,False,ORIGINAL_STOP_BEFORE_ARM,23171.0,-89.0,-178.0,0.0,DOUBLE_STOP_NOT_RESCUED,STOP,,,
2180,2025-08-06 09:30,2025-08-06T13:30:00+00:00,NY,AUGUST,VALIDATED_SOURCE,NQU5,2,4,-118.0,RESOLVED,BUY,STOP,2.0,2025-08-06 13:30:00.001585691+00:00,STOP,2.0,23167.5,STOP,10.0,23171.0,-89.0,-89.0,-178.0,DOUBLE_STOP,8.0,PRICE_BE,SELL,False,ORIGINAL_STOP_BEFORE_ARM,23171.0,-89.0,-178.0,0.0,DOUBLE_STOP_NOT_RESCUED,STOP,,,
2180,2025-08-06 09:30,2025-08-06T13:30:00+00:00,NY,AUGUST,VALIDATED_SOURCE,NQU5,2,4,-118.0,RESOLVED,BUY,STOP,2.0,2025-08-06 13:30:00.001585691+00:00,STOP,2.0,23167.5,STOP,10.0,23171.0,-89.0,-89.0,-178.0,DOUBLE_STOP,8.0,COST_COVER_BE,SELL,False,ORIGINAL_STOP_BEFORE_ARM,23171.0,-89.0,-178.0,0.0,DOUBLE_STOP_NOT_RESCUED,STOP,,,
2181,2025-08-07 09:30,2025-08-07T13:30:00+00:00,NY,AUGUST,VALIDATED_SOURCE,NQU5,2,0,572.0,RESOLVED,BUY,STOP,12.0,2025-08-07 13:30:00.005987843+00:00,STOP,12.0,23600.25,STOP,20.0,23601.75,-49.0,-49.0,-98.0,DOUBLE_STOP,0.5,PRICE_BE,SELL,False,ORIGINAL_STOP_BEFORE_ARM,23601.75,-49.0,-98.0,0.0,DOUBLE_STOP_NOT_RESCUED,STOP,,,
2181,2025-08-07 09:30,2025-08-07T13:30:00+00:00,NY,AUGUST,VALIDATED_SOURCE,NQU5,2,0,572.0,RESOLVED,BUY,STOP,12.0,2025-08-07 13:30:00.005987843+00:00,STOP,12.0,23600.25,STOP,20.0,23601.75,-49.0,-49.0,-98.0,DOUBLE_STOP,0.5,COST_COVER_BE,SELL,False,ORIGINAL_STOP_BEFORE_ARM,23601.75,-49.0,-98.0,0.0,DOUBLE_STOP_NOT_RESCUED,STOP,,,
2181,2025-08-07 09:30,2025-08-07T13:30:00+00:00,NY,AUGUST,VALIDATED_SOURCE,NQU5,2,0,572.0,RESOLVED,BUY,STOP,12.0,2025-08-07 13:30:00.005987843+00:00,STOP,12.0,23600.25,STOP,20.0,23601.75,-49.0,-49.0,-98.0,DOUBLE_STOP,1.0,PRICE_BE,SELL,False,ORIGINAL_STOP_BEFORE_ARM,23601.75,-49.0,-98.0,0.0,DOUBLE_STOP_NOT_RESCUED,STOP,,,
2181,2025-08-07 09:30,2025-08-07T13:30:00+00:00,NY,AUGUST,VALIDATED_SOURCE,NQU5,2,0,572.0,RESOLVED,BUY,STOP,12.0,2025-08-07 13:30:00.005987843+00:00,STOP,12.0,23600.25,STOP,20.0,23601.75,-49.0,-49.0,-98.0,DOUBLE_STOP,1.0,COST_COVER_BE,SELL,False,ORIGINAL_STOP_BEFORE_ARM,23601.75,-49.0,-98.0,0.0,DOUBLE_STOP_NOT_RESCUED,STOP,,,
2181,2025-08-07 09:30,2025-08-07T13:30:00+00:00,NY,AUGUST,VALIDATED_SOURCE,NQU5,2,0,572.0,RESOLVED,BUY,STOP,12.0,2025-08-07 13:30:00.005987843+00:00,STOP,12.0,23600.25,STOP,20.0,23601.75,-49.0,-49.0,-98.0,DOUBLE_STOP,2.0,PRICE_BE,SELL,False,ORIGINAL_STOP_BEFORE_ARM,23601.75,-49.0,-98.0,0.0,DOUBLE_STOP_NOT_RESCUED,STOP,,,
2181,2025-08-07 09:30,2025-08-07T13:30:00+00:00,NY,AUGUST,VALIDATED_SOURCE,NQU5,2,0,572.0,RESOLVED,BUY,STOP,12.0,2025-08-07 13:30:00.005987843+00:00,STOP,12.0,23600.25,STOP,20.0,23601.75,-49.0,-49.0,-98.0,DOUBLE_STOP,2.0,COST_COVER_BE,SELL,False,ORIGINAL_STOP_BEFORE_ARM,23601.75,-49.0,-98.0,0.0,DOUBLE_STOP_NOT_RESCUED,STOP,,,
2181,2025-08-07 09:30,2025-08-07T13:30:00+00:00,NY,AUGUST,VALIDATED_SOURCE,NQU5,2,0,572.0,RESOLVED,BUY,STOP,12.0,2025-08-07 13:30:00.005987843+00:00,STOP,12.0,23600.25,STOP,20.0,23601.75,-49.0,-49.0,-98.0,DOUBLE_STOP,3.0,PRICE_BE,SELL,False,ORIGINAL_STOP_BEFORE_ARM,23601.75,-49.0,-98.0,0.0,DOUBLE_STOP_NOT_RESCUED,STOP,,,
2181,2025-08-07 09:30,2025-08-07T13:30:00+00:00,NY,AUGUST,VALIDATED_SOURCE,NQU5,2,0,572.0,RESOLVED,BUY,STOP,12.0,2025-08-07 13:30:00.005987843+00:00,STOP,12.0,23600.25,STOP,20.0,23601.75,-49.0,-49.0,-98.0,DOUBLE_STOP,3.0,COST_COVER_BE,SELL,False,ORIGINAL_STOP_BEFORE_ARM,23601.75,-49.0,-98.0,0.0,DOUBLE_STOP_NOT_RESCUED,STOP,,,
2181,2025-08-07 09:30,2025-08-07T13:30:00+00:00,NY,AUGUST,VALIDATED_SOURCE,NQU5,2,0,572.0,RESOLVED,BUY,STOP,12.0,2025-08-07 13:30:00.005987843+00:00,STOP,12.0,23600.25,STOP,20.0,23601.75,-49.0,-49.0,-98.0,DOUBLE_STOP,4.0,PRICE_BE,SELL,False,ORIGINAL_STOP_BEFORE_ARM,23601.75,-49.0,-98.0,0.0,DOUBLE_STOP_NOT_RESCUED,STOP,,,
2181,2025-08-07 09:30,2025-08-07T13:30:00+00:00,NY,AUGUST,VALIDATED_SOURCE,NQU5,2,0,572.0,RESOLVED,BUY,STOP,12.0,2025-08-07 13:30:00.005987843+00:00,STOP,12.0,23600.25,STOP,20.0,23601.75,-49.0,-49.0,-98.0,DOUBLE_STOP,4.0,COST_COVER_BE,SELL,False,ORIGINAL_STOP_BEFORE_ARM,23601.75,-49.0,-98.0,0.0,DOUBLE_STOP_NOT_RESCUED,STOP,,,
2181,2025-08-07 09:30,2025-08-07T13:30:00+00:00,NY,AUGUST,VALIDATED_SOURCE,NQU5,2,0,572.0,RESOLVED,BUY,STOP,12.0,2025-08-07 13:30:00.005987843+00:00,STOP,12.0,23600.25,STOP,20.0,23601.75,-49.0,-49.0,-98.0,DOUBLE_STOP,5.0,PRICE_BE,SELL,False,ORIGINAL_STOP_BEFORE_ARM,23601.75,-49.0,-98.0,0.0,DOUBLE_STOP_NOT_RESCUED,STOP,,,
2181,2025-08-07 09:30,2025-08-07T13:30:00+00:00,NY,AUGUST,VALIDATED_SOURCE,NQU5,2,0,572.0,RESOLVED,BUY,STOP,12.0,2025-08-07 13:30:00.005987843+00:00,STOP,12.0,23600.25,STOP,20.0,23601.75,-49.0,-49.0,-98.0,DOUBLE_STOP,5.0,COST_COVER_BE,SELL,False,ORIGINAL_STOP_BEFORE_ARM,23601.75,-49.0,-98.0,0.0,DOUBLE_STOP_NOT_RESCUED,STOP,,,
2181,2025-08-07 09:30,2025-08-07T13:30:00+00:00,NY,AUGUST,VALIDATED_SOURCE,NQU5,2,0,572.0,RESOLVED,BUY,STOP,12.0,2025-08-07 13:30:00.005987843+00:00,STOP,12.0,23600.25,STOP,20.0,23601.75,-49.0,-49.0,-98.0,DOUBLE_STOP,8.0,PRICE_BE,SELL,False,ORIGINAL_STOP_BEFORE_ARM,23601.75,-49.0,-98.0,0.0,DOUBLE_STOP_NOT_RESCUED,STOP,,,
2181,2025-08-07 09:30,2025-08-07T13:30:00+00:00,NY,AUGUST,VALIDATED_SOURCE,NQU5,2,0,572.0,RESOLVED,BUY,STOP,12.0,2025-08-07 13:30:00.005987843+00:00,STOP,12.0,23600.25,STOP,20.0,23601.75,-49.0,-49.0,-98.0,DOUBLE_STOP,8.0,COST_COVER_BE,SELL,False,ORIGINAL_STOP_BEFORE_ARM,23601.75,-49.0,-98.0,0.0,DOUBLE_STOP_NOT_RESCUED,STOP,,,
2181,2025-08-07 09:30,2025-08-07T13:30:00+00:00,NY,AUGUST,VALIDATED_SOURCE,NQU5,2,1,572.0,RESOLVED,BUY,STOP,12.0,2025-08-07 13:30:00.005987843+00:00,STOP,12.0,23600.0,STOP,20.0,23602.0,-59.0,-59.0,-118.0,DOUBLE_STOP,0.5,PRICE_BE,SELL,False,ORIGINAL_STOP_BEFORE_ARM,23602.0,-59.0,-118.0,0.0,DOUBLE_STOP_NOT_RESCUED,STOP,,,
2181,2025-08-07 09:30,2025-08-07T13:30:00+00:00,NY,AUGUST,VALIDATED_SOURCE,NQU5,2,1,572.0,RESOLVED,BUY,STOP,12.0,2025-08-07 13:30:00.005987843+00:00,STOP,12.0,23600.0,STOP,20.0,23602.0,-59.0,-59.0,-118.0,DOUBLE_STOP,0.5,COST_COVER_BE,SELL,False,ORIGINAL_STOP_BEFORE_ARM,23602.0,-59.0,-118.0,0.0,DOUBLE_STOP_NOT_RESCUED,STOP,,,
2181,2025-08-07 09:30,2025-08-07T13:30:00+00:00,NY,AUGUST,VALIDATED_SOURCE,NQU5,2,1,572.0,RESOLVED,BUY,STOP,12.0,2025-08-07 13:30:00.005987843+00:00,STOP,12.0,23600.0,STOP,20.0,23602.0,-59.0,-59.0,-118.0,DOUBLE_STOP,1.0,PRICE_BE,SELL,False,ORIGINAL_STOP_BEFORE_ARM,23602.0,-59.0,-118.0,0.0,DOUBLE_STOP_NOT_RESCUED,STOP,,,
2181,2025-08-07 09:30,2025-08-07T13:30:00+00:00,NY,AUGUST,VALIDATED_SOURCE,NQU5,2,1,572.0,RESOLVED,BUY,STOP,12.0,2025-08-07 13:30:00.005987843+00:00,STOP,12.0,23600.0,STOP,20.0,23602.0,-59.0,-59.0,-118.0,DOUBLE_STOP,1.0,COST_COVER_BE,SELL,False,ORIGINAL_STOP_BEFORE_ARM,23602.0,-59.0,-118.0,0.0,DOUBLE_STOP_NOT_RESCUED,STOP,,,
2181,2025-08-07 09:30,2025-08-07T13:30:00+00:00,NY,AUGUST,VALIDATED_SOURCE,NQU5,2,1,572.0,RESOLVED,BUY,STOP,12.0,2025-08-07 13:30:00.005987843+00:00,STOP,12.0,23600.0,STOP,20.0,23602.0,-59.0,-59.0,-118.0,DOUBLE_STOP,2.0,PRICE_BE,SELL,False,ORIGINAL_STOP_BEFORE_ARM,23602.0,-59.0,-118.0,0.0,DOUBLE_STOP_NOT_RESCUED,STOP,,,
2181,2025-08-07 09:30,2025-08-07T13:30:00+00:00,NY,AUGUST,VALIDATED_SOURCE,NQU5,2,1,572.0,RESOLVED,BUY,STOP,12.0,2025-08-07 13:30:00.005987843+00:00,STOP,12.0,23600.0,STOP,20.0,23602.0,-59.0,-59.0,-118.0,DOUBLE_STOP,2.0,COST_COVER_BE,SELL,False,ORIGINAL_STOP_BEFORE_ARM,23602.0,-59.0,-118.0,0.0,DOUBLE_STOP_NOT_RESCUED,STOP,,,
2181,2025-08-07 09:30,2025-08-07T13:30:00+00:00,NY,AUGUST,VALIDATED_SOURCE,NQU5,2,1,572.0,RESOLVED,BUY,STOP,12.0,2025-08-07 13:30:00.005987843+00:00,STOP,12.0,23600.0,STOP,20.0,23602.0,-59.0,-59.0,-118.0,DOUBLE_STOP,3.0,PRICE_BE,SELL,False,ORIGINAL_STOP_BEFORE_ARM,23602.0,-59.0,-118.0,0.0,DOUBLE_STOP_NOT_RESCUED,STOP,,,
2181,2025-08-07 09:30,2025-08-07T13:30:00+00:00,NY,AUGUST,VALIDATED_SOURCE,NQU5,2,1,572.0,RESOLVED,BUY,STOP,12.0,2025-08-07 13:30:00.005987843+00:00,STOP,12.0,23600.0,STOP,20.0,23602.0,-59.0,-59.0,-118.0,DOUBLE_STOP,3.0,COST_COVER_BE,SELL,False,ORIGINAL_STOP_BEFORE_ARM,23602.0,-59.0,-118.0,0.0,DOUBLE_STOP_NOT_RESCUED,STOP,,,
2181,2025-08-07 09:30,2025-08-07T13:30:00+00:00,NY,AUGUST,VALIDATED_SOURCE,NQU5,2,1,572.0,RESOLVED,BUY,STOP,12.0,2025-08-07 13:30:00.005987843+00:00,STOP,12.0,23600.0,STOP,20.0,23602.0,-59.0,-59.0,-118.0,DOUBLE_STOP,4.0,PRICE_BE,SELL,False,ORIGINAL_STOP_BEFORE_ARM,23602.0,-59.0,-118.0,0.0,DOUBLE_STOP_NOT_RESCUED,STOP,,,
2181,2025-08-07 09:30,2025-08-07T13:30:00+00:00,NY,AUGUST,VALIDATED_SOURCE,NQU5,2,1,572.0,RESOLVED,BUY,STOP,12.0,2025-08-07 13:30:00.005987843+00:00,STOP,12.0,23600.0,STOP,20.0,23602.0,-59.0,-59.0,-118.0,DOUBLE_STOP,4.0,COST_COVER_BE,SELL,False,ORIGINAL_STOP_BEFORE_ARM,23602.0,-59.0,-118.0,0.0,DOUBLE_STOP_NOT_RESCUED,STOP,,,
2181,2025-08-07 09:30,2025-08-07T13:30:00+00:00,NY,AUGUST,VALIDATED_SOURCE,NQU5,2,1,572.0,RESOLVED,BUY,STOP,12.0,2025-08-07 13:30:00.005987843+00:00,STOP,12.0,23600.0,STOP,20.0,23602.0,-59.0,-59.0,-118.0,DOUBLE_STOP,5.0,PRICE_BE,SELL,False,ORIGINAL_STOP_BEFORE_ARM,23602.0,-59.0,-118.0,0.0,DOUBLE_STOP_NOT_RESCUED,STOP,,,
2181,2025-08-07 09:30,2025-08-07T13:30:00+00:00,NY,AUGUST,VALIDATED_SOURCE,NQU5,2,1,572.0,RESOLVED,BUY,STOP,12.0,2025-08-07 13:30:00.005987843+00:00,STOP,12.0,23600.0,STOP,20.0,23602.0,-59.0,-59.0,-118.0,DOUBLE_STOP,5.0,COST_COVER_BE,SELL,False,ORIGINAL_STOP_BEFORE_ARM,23602.0,-59.0,-118.0,0.0,DOUBLE_STOP_NOT_RESCUED,STOP,,,
2181,2025-08-07 09:30,2025-08-07T13:30:00+00:00,NY,AUGUST,VALIDATED_SOURCE,NQU5,2,1,572.0,RESOLVED,BUY,STOP,12.0,2025-08-07 13:30:00.005987843+00:00,STOP,12.0,23600.0,STOP,20.0,23602.0,-59.0,-59.0,-118.0,DOUBLE_STOP,8.0,PRICE_BE,SELL,False,ORIGINAL_STOP_BEFORE_ARM,23602.0,-59.0,-118.0,0.0,DOUBLE_STOP_NOT_RESCUED,STOP,,,
2181,2025-08-07 09:30,2025-08-07T13:30:00+00:00,NY,AUGUST,VALIDATED_SOURCE,NQU5,2,1,572.0,RESOLVED,BUY,STOP,12.0,2025-08-07 13:30:00.005987843+00:00,STOP,12.0,23600.0,STOP,20.0,23602.0,-59.0,-59.0,-118.0,DOUBLE_STOP,8.0,COST_COVER_BE,SELL,False,ORIGINAL_STOP_BEFORE_ARM,23602.0,-59.0,-118.0,0.0,DOUBLE_STOP_NOT_RESCUED,STOP,,,
2181,2025-08-07 09:30,2025-08-07T13:30:00+00:00,NY,AUGUST,VALIDATED_SOURCE,NQU5,2,2,572.0,RESOLVED,BUY,STOP,12.0,2025-08-07 13:30:00.005987843+00:00,STOP,12.0,23599.75,STOP,20.0,23602.25,-69.0,-69.0,-138.0,DOUBLE_STOP,0.5,PRICE_BE,SELL,False,ORIGINAL_STOP_BEFORE_ARM,23602.25,-69.0,-138.0,0.0,DOUBLE_STOP_NOT_RESCUED,STOP,,,
2181,2025-08-07 09:30,2025-08-07T13:30:00+00:00,NY,AUGUST,VALIDATED_SOURCE,NQU5,2,2,572.0,RESOLVED,BUY,STOP,12.0,2025-08-07 13:30:00.005987843+00:00,STOP,12.0,23599.75,STOP,20.0,23602.25,-69.0,-69.0,-138.0,DOUBLE_STOP,0.5,COST_COVER_BE,SELL,False,ORIGINAL_STOP_BEFORE_ARM,23602.25,-69.0,-138.0,0.0,DOUBLE_STOP_NOT_RESCUED,STOP,,,
2181,2025-08-07 09:30,2025-08-07T13:30:00+00:00,NY,AUGUST,VALIDATED_SOURCE,NQU5,2,2,572.0,RESOLVED,BUY,STOP,12.0,2025-08-07 13:30:00.005987843+00:00,STOP,12.0,23599.75,STOP,20.0,23602.25,-69.0,-69.0,-138.0,DOUBLE_STOP,1.0,PRICE_BE,SELL,False,ORIGINAL_STOP_BEFORE_ARM,23602.25,-69.0,-138.0,0.0,DOUBLE_STOP_NOT_RESCUED,STOP,,,
2181,2025-08-07 09:30,2025-08-07T13:30:00+00:00,NY,AUGUST,VALIDATED_SOURCE,NQU5,2,2,572.0,RESOLVED,BUY,STOP,12.0,2025-08-07 13:30:00.005987843+00:00,STOP,12.0,23599.75,STOP,20.0,23602.25,-69.0,-69.0,-138.0,DOUBLE_STOP,1.0,COST_COVER_BE,SELL,False,ORIGINAL_STOP_BEFORE_ARM,23602.25,-69.0,-138.0,0.0,DOUBLE_STOP_NOT_RESCUED,STOP,,,
2181,2025-08-07 09:30,2025-08-07T13:30:00+00:00,NY,AUGUST,VALIDATED_SOURCE,NQU5,2,2,572.0,RESOLVED,BUY,STOP,12.0,2025-08-07 13:30:00.005987843+00:00,STOP,12.0,23599.75,STOP,20.0,23602.25,-69.0,-69.0,-138.0,DOUBLE_STOP,2.0,PRICE_BE,SELL,False,ORIGINAL_STOP_BEFORE_ARM,23602.25,-69.0,-138.0,0.0,DOUBLE_STOP_NOT_RESCUED,STOP,,,
2181,2025-08-07 09:30,2025-08-07T13:30:00+00:00,NY,AUGUST,VALIDATED_SOURCE,NQU5,2,2,572.0,RESOLVED,BUY,STOP,12.0,2025-08-07 13:30:00.005987843+00:00,STOP,12.0,23599.75,STOP,20.0,23602.25,-69.0,-69.0,-138.0,DOUBLE_STOP,2.0,COST_COVER_BE,SELL,False,ORIGINAL_STOP_BEFORE_ARM,23602.25,-69.0,-138.0,0.0,DOUBLE_STOP_NOT_RESCUED,STOP,,,
2181,2025-08-07 09:30,2025-08-07T13:30:00+00:00,NY,AUGUST,VALIDATED_SOURCE,NQU5,2,2,572.0,RESOLVED,BUY,STOP,12.0,2025-08-07 13:30:00.005987843+00:00,STOP,12.0,23599.75,STOP,20.0,23602.25,-69.0,-69.0,-138.0,DOUBLE_STOP,3.0,PRICE_BE,SELL,False,ORIGINAL_STOP_BEFORE_ARM,23602.25,-69.0,-138.0,0.0,DOUBLE_STOP_NOT_RESCUED,STOP,,,
2181,2025-08-07 09:30,2025-08-07T13:30:00+00:00,NY,AUGUST,VALIDATED_SOURCE,NQU5,2,2,572.0,RESOLVED,BUY,STOP,12.0,2025-08-07 13:30:00.005987843+00:00,STOP,12.0,23599.75,STOP,20.0,23602.25,-69.0,-69.0,-138.0,DOUBLE_STOP,3.0,COST_COVER_BE,SELL,False,ORIGINAL_STOP_BEFORE_ARM,23602.25,-69.0,-138.0,0.0,DOUBLE_STOP_NOT_RESCUED,STOP,,,
2181,2025-08-07 09:30,2025-08-07T13:30:00+00:00,NY,AUGUST,VALIDATED_SOURCE,NQU5,2,2,572.0,RESOLVED,BUY,STOP,12.0,2025-08-07 13:30:00.005987843+00:00,STOP,12.0,23599.75,STOP,20.0,23602.25,-69.0,-69.0,-138.0,DOUBLE_STOP,4.0,PRICE_BE,SELL,False,ORIGINAL_STOP_BEFORE_ARM,23602.25,-69.0,-138.0,0.0,DOUBLE_STOP_NOT_RESCUED,STOP,,,
2181,2025-08-07 09:30,2025-08-07T13:30:00+00:00,NY,AUGUST,VALIDATED_SOURCE,NQU5,2,2,572.0,RESOLVED,BUY,STOP,12.0,2025-08-07 13:30:00.005987843+00:00,STOP,12.0,23599.75,STOP,20.0,23602.25,-69.0,-69.0,-138.0,DOUBLE_STOP,4.0,COST_COVER_BE,SELL,False,ORIGINAL_STOP_BEFORE_ARM,23602.25,-69.0,-138.0,0.0,DOUBLE_STOP_NOT_RESCUED,STOP,,,
2181,2025-08-07 09:30,2025-08-07T13:30:00+00:00,NY,AUGUST,VALIDATED_SOURCE,NQU5,2,2,572.0,RESOLVED,BUY,STOP,12.0,2025-08-07 13:30:00.005987843+00:00,STOP,12.0,23599.75,STOP,20.0,23602.25,-69.0,-69.0,-138.0,DOUBLE_STOP,5.0,PRICE_BE,SELL,False,ORIGINAL_STOP_BEFORE_ARM,23602.25,-69.0,-138.0,0.0,DOUBLE_STOP_NOT_RESCUED,STOP,,,
2181,2025-08-07 09:30,2025-08-07T13:30:00+00:00,NY,AUGUST,VALIDATED_SOURCE,NQU5,2,2,572.0,RESOLVED,BUY,STOP,12.0,2025-08-07 13:30:00.005987843+00:00,STOP,12.0,23599.75,STOP,20.0,23602.25,-69.0,-69.0,-138.0,DOUBLE_STOP,5.0,COST_COVER_BE,SELL,False,ORIGINAL_STOP_BEFORE_ARM,23602.25,-69.0,-138.0,0.0,DOUBLE_STOP_NOT_RESCUED,STOP,,,
2181,2025-08-07 09:30,2025-08-07T13:30:00+00:00,NY,AUGUST,VALIDATED_SOURCE,NQU5,2,2,572.0,RESOLVED,BUY,STOP,12.0,2025-08-07 13:30:00.005987843+00:00,STOP,12.0,23599.75,STOP,20.0,23602.25,-69.0,-69.0,-138.0,DOUBLE_STOP,8.0,PRICE_BE,SELL,False,ORIGINAL_STOP_BEFORE_ARM,23602.25,-69.0,-138.0,0.0,DOUBLE_STOP_NOT_RESCUED,STOP,,,
2181,2025-08-07 09:30,2025-08-07T13:30:00+00:00,NY,AUGUST,VALIDATED_SOURCE,NQU5,2,2,572.0,RESOLVED,BUY,STOP,12.0,2025-08-07 13:30:00.005987843+00:00,STOP,12.0,23599.75,STOP,20.0,23602.25,-69.0,-69.0,-138.0,DOUBLE_STOP,8.0,COST_COVER_BE,SELL,False,ORIGINAL_STOP_BEFORE_ARM,23602.25,-69.0,-138.0,0.0,DOUBLE_STOP_NOT_RESCUED,STOP,,,
2181,2025-08-07 09:30,2025-08-07T13:30:00+00:00,NY,AUGUST,VALIDATED_SOURCE,NQU5,2,4,572.0,RESOLVED,BUY,STOP,12.0,2025-08-07 13:30:00.005987843+00:00,STOP,12.0,23599.25,STOP,20.0,23602.75,-89.0,-89.0,-178.0,DOUBLE_STOP,0.5,PRICE_BE,SELL,False,ORIGINAL_STOP_BEFORE_ARM,23602.75,-89.0,-178.0,0.0,DOUBLE_STOP_NOT_RESCUED,STOP,,,
2181,2025-08-07 09:30,2025-08-07T13:30:00+00:00,NY,AUGUST,VALIDATED_SOURCE,NQU5,2,4,572.0,RESOLVED,BUY,STOP,12.0,2025-08-07 13:30:00.005987843+00:00,STOP,12.0,23599.25,STOP,20.0,23602.75,-89.0,-89.0,-178.0,DOUBLE_STOP,0.5,COST_COVER_BE,SELL,False,ORIGINAL_STOP_BEFORE_ARM,23602.75,-89.0,-178.0,0.0,DOUBLE_STOP_NOT_RESCUED,STOP,,,
2181,2025-08-07 09:30,2025-08-07T13:30:00+00:00,NY,AUGUST,VALIDATED_SOURCE,NQU5,2,4,572.0,RESOLVED,BUY,STOP,12.0,2025-08-07 13:30:00.005987843+00:00,STOP,12.0,23599.25,STOP,20.0,23602.75,-89.0,-89.0,-178.0,DOUBLE_STOP,1.0,PRICE_BE,SELL,False,ORIGINAL_STOP_BEFORE_ARM,23602.75,-89.0,-178.0,0.0,DOUBLE_STOP_NOT_RESCUED,STOP,,,
2181,2025-08-07 09:30,2025-08-07T13:30:00+00:00,NY,AUGUST,VALIDATED_SOURCE,NQU5,2,4,572.0,RESOLVED,BUY,STOP,12.0,2025-08-07 13:30:00.005987843+00:00,STOP,12.0,23599.25,STOP,20.0,23602.75,-89.0,-89.0,-178.0,DOUBLE_STOP,1.0,COST_COVER_BE,SELL,False,ORIGINAL_STOP_BEFORE_ARM,23602.75,-89.0,-178.0,0.0,DOUBLE_STOP_NOT_RESCUED,STOP,,,
2181,2025-08-07 09:30,2025-08-07T13:30:00+00:00,NY,AUGUST,VALIDATED_SOURCE,NQU5,2,4,572.0,RESOLVED,BUY,STOP,12.0,2025-08-07 13:30:00.005987843+00:00,STOP,12.0,23599.25,STOP,20.0,23602.75,-89.0,-89.0,-178.0,DOUBLE_STOP,2.0,PRICE_BE,SELL,False,ORIGINAL_STOP_BEFORE_ARM,23602.75,-89.0,-178.0,0.0,DOUBLE_STOP_NOT_RESCUED,STOP,,,
2181,2025-08-07 09:30,2025-08-07T13:30:00+00:00,NY,AUGUST,VALIDATED_SOURCE,NQU5,2,4,572.0,RESOLVED,BUY,STOP,12.0,2025-08-07 13:30:00.005987843+00:00,STOP,12.0,23599.25,STOP,20.0,23602.75,-89.0,-89.0,-178.0,DOUBLE_STOP,2.0,COST_COVER_BE,SELL,False,ORIGINAL_STOP_BEFORE_ARM,23602.75,-89.0,-178.0,0.0,DOUBLE_STOP_NOT_RESCUED,STOP,,,
2181,2025-08-07 09:30,2025-08-07T13:30:00+00:00,NY,AUGUST,VALIDATED_SOURCE,NQU5,2,4,572.0,RESOLVED,BUY,STOP,12.0,2025-08-07 13:30:00.005987843+00:00,STOP,12.0,23599.25,STOP,20.0,23602.75,-89.0,-89.0,-178.0,DOUBLE_STOP,3.0,PRICE_BE,SELL,False,ORIGINAL_STOP_BEFORE_ARM,23602.75,-89.0,-178.0,0.0,DOUBLE_STOP_NOT_RESCUED,STOP,,,
2181,2025-08-07 09:30,2025-08-07T13:30:00+00:00,NY,AUGUST,VALIDATED_SOURCE,NQU5,2,4,572.0,RESOLVED,BUY,STOP,12.0,2025-08-07 13:30:00.005987843+00:00,STOP,12.0,23599.25,STOP,20.0,23602.75,-89.0,-89.0,-178.0,DOUBLE_STOP,3.0,COST_COVER_BE,SELL,False,ORIGINAL_STOP_BEFORE_ARM,23602.75,-89.0,-178.0,0.0,DOUBLE_STOP_NOT_RESCUED,STOP,,,
2181,2025-08-07 09:30,2025-08-07T13:30:00+00:00,NY,AUGUST,VALIDATED_SOURCE,NQU5,2,4,572.0,RESOLVED,BUY,STOP,12.0,2025-08-07 13:30:00.005987843+00:00,STOP,12.0,23599.25,STOP,20.0,23602.75,-89.0,-89.0,-178.0,DOUBLE_STOP,4.0,PRICE_BE,SELL,False,ORIGINAL_STOP_BEFORE_ARM,23602.75,-89.0,-178.0,0.0,DOUBLE_STOP_NOT_RESCUED,STOP,,,
2181,2025-08-07 09:30,2025-08-07T13:30:00+00:00,NY,AUGUST,VALIDATED_SOURCE,NQU5,2,4,572.0,RESOLVED,BUY,STOP,12.0,2025-08-07 13:30:00.005987843+00:00,STOP,12.0,23599.25,STOP,20.0,23602.75,-89.0,-89.0,-178.0,DOUBLE_STOP,4.0,COST_COVER_BE,SELL,False,ORIGINAL_STOP_BEFORE_ARM,23602.75,-89.0,-178.0,0.0,DOUBLE_STOP_NOT_RESCUED,STOP,,,
2181,2025-08-07 09:30,2025-08-07T13:30:00+00:00,NY,AUGUST,VALIDATED_SOURCE,NQU5,2,4,572.0,RESOLVED,BUY,STOP,12.0,2025-08-07 13:30:00.005987843+00:00,STOP,12.0,23599.25,STOP,20.0,23602.75,-89.0,-89.0,-178.0,DOUBLE_STOP,5.0,PRICE_BE,SELL,False,ORIGINAL_STOP_BEFORE_ARM,23602.75,-89.0,-178.0,0.0,DOUBLE_STOP_NOT_RESCUED,STOP,,,
2181,2025-08-07 09:30,2025-08-07T13:30:00+00:00,NY,AUGUST,VALIDATED_SOURCE,NQU5,2,4,572.0,RESOLVED,BUY,STOP,12.0,2025-08-07 13:30:00.005987843+00:00,STOP,12.0,23599.25,STOP,20.0,23602.75,-89.0,-89.0,-178.0,DOUBLE_STOP,5.0,COST_COVER_BE,SELL,False,ORIGINAL_STOP_BEFORE_ARM,23602.75,-89.0,-178.0,0.0,DOUBLE_STOP_NOT_RESCUED,STOP,,,
2181,2025-08-07 09:30,2025-08-07T13:30:00+00:00,NY,AUGUST,VALIDATED_SOURCE,NQU5,2,4,572.0,RESOLVED,BUY,STOP,12.0,2025-08-07 13:30:00.005987843+00:00,STOP,12.0,23599.25,STOP,20.0,23602.75,-89.0,-89.0,-178.0,DOUBLE_STOP,8.0,PRICE_BE,SELL,False,ORIGINAL_STOP_BEFORE_ARM,23602.75,-89.0,-178.0,0.0,DOUBLE_STOP_NOT_RESCUED,STOP,,,
2181,2025-08-07 09:30,2025-08-07T13:30:00+00:00,NY,AUGUST,VALIDATED_SOURCE,NQU5,2,4,572.0,RESOLVED,BUY,STOP,12.0,2025-08-07 13:30:00.005987843+00:00,STOP,12.0,23599.25,STOP,20.0,23602.75,-89.0,-89.0,-178.0,DOUBLE_STOP,8.0,COST_COVER_BE,SELL,False,ORIGINAL_STOP_BEFORE_ARM,23602.75,-89.0,-178.0,0.0,DOUBLE_STOP_NOT_RESCUED,STOP,,,
2182,2025-08-07 18:00,2025-08-07T22:00:00+00:00,WEEKDAY_WEAK,AUGUST,VALIDATED_SOURCE,NQU5,1,0,-59.0,RESOLVED,BUY,STOP,5.0,2025-08-07 22:00:00.012350651+00:00,STOP,5.0,23517.5,STOP,6.0,23521.5,-24.5,-74.5,-99.0,DOUBLE_STOP,0.5,PRICE_BE,SELL,False,ORIGINAL_STOP_BEFORE_ARM,23521.5,-74.5,-99.0,0.0,DOUBLE_STOP_NOT_RESCUED,STOP,,,
2182,2025-08-07 18:00,2025-08-07T22:00:00+00:00,WEEKDAY_WEAK,AUGUST,VALIDATED_SOURCE,NQU5,1,0,-59.0,RESOLVED,BUY,STOP,5.0,2025-08-07 22:00:00.012350651+00:00,STOP,5.0,23517.5,STOP,6.0,23521.5,-24.5,-74.5,-99.0,DOUBLE_STOP,0.5,COST_COVER_BE,SELL,False,ORIGINAL_STOP_BEFORE_ARM,23521.5,-74.5,-99.0,0.0,DOUBLE_STOP_NOT_RESCUED,STOP,,,
2182,2025-08-07 18:00,2025-08-07T22:00:00+00:00,WEEKDAY_WEAK,AUGUST,VALIDATED_SOURCE,NQU5,1,0,-59.0,RESOLVED,BUY,STOP,5.0,2025-08-07 22:00:00.012350651+00:00,STOP,5.0,23517.5,STOP,6.0,23521.5,-24.5,-74.5,-99.0,DOUBLE_STOP,1.0,PRICE_BE,SELL,False,ORIGINAL_STOP_BEFORE_ARM,23521.5,-74.5,-99.0,0.0,DOUBLE_STOP_NOT_RESCUED,STOP,,,
2182,2025-08-07 18:00,2025-08-07T22:00:00+00:00,WEEKDAY_WEAK,AUGUST,VALIDATED_SOURCE,NQU5,1,0,-59.0,RESOLVED,BUY,STOP,5.0,2025-08-07 22:00:00.012350651+00:00,STOP,5.0,23517.5,STOP,6.0,23521.5,-24.5,-74.5,-99.0,DOUBLE_STOP,1.0,COST_COVER_BE,SELL,False,ORIGINAL_STOP_BEFORE_ARM,23521.5,-74.5,-99.0,0.0,DOUBLE_STOP_NOT_RESCUED,STOP,,,
2182,2025-08-07 18:00,2025-08-07T22:00:00+00:00,WEEKDAY_WEAK,AUGUST,VALIDATED_SOURCE,NQU5,1,0,-59.0,RESOLVED,BUY,STOP,5.0,2025-08-07 22:00:00.012350651+00:00,STOP,5.0,23517.5,STOP,6.0,23521.5,-24.5,-74.5,-99.0,DOUBLE_STOP,2.0,PRICE_BE,SELL,False,ORIGINAL_STOP_BEFORE_ARM,23521.5,-74.5,-99.0,0.0,DOUBLE_STOP_NOT_RESCUED,STOP,,,
2182,2025-08-07 18:00,2025-08-07T22:00:00+00:00,WEEKDAY_WEAK,AUGUST,VALIDATED_SOURCE,NQU5,1,0,-59.0,RESOLVED,BUY,STOP,5.0,2025-08-07 22:00:00.012350651+00:00,STOP,5.0,23517.5,STOP,6.0,23521.5,-24.5,-74.5,-99.0,DOUBLE_STOP,2.0,COST_COVER_BE,SELL,False,ORIGINAL_STOP_BEFORE_ARM,23521.5,-74.5,-99.0,0.0,DOUBLE_STOP_NOT_RESCUED,STOP,,,
2182,2025-08-07 18:00,2025-08-07T22:00:00+00:00,WEEKDAY_WEAK,AUGUST,VALIDATED_SOURCE,NQU5,1,0,-59.0,RESOLVED,BUY,STOP,5.0,2025-08-07 22:00:00.012350651+00:00,STOP,5.0,23517.5,STOP,6.0,23521.5,-24.5,-74.5,-99.0,DOUBLE_STOP,3.0,PRICE_BE,SELL,False,ORIGINAL_STOP_BEFORE_ARM,23521.5,-74.5,-99.0,0.0,DOUBLE_STOP_NOT_RESCUED,STOP,,,
2182,2025-08-07 18:00,2025-08-07T22:00:00+00:00,WEEKDAY_WEAK,AUGUST,VALIDATED_SOURCE,NQU5,1,0,-59.0,RESOLVED,BUY,STOP,5.0,2025-08-07 22:00:00.012350651+00:00,STOP,5.0,23517.5,STOP,6.0,23521.5,-24.5,-74.5,-99.0,DOUBLE_STOP,3.0,COST_COVER_BE,SELL,False,ORIGINAL_STOP_BEFORE_ARM,23521.5,-74.5,-99.0,0.0,DOUBLE_STOP_NOT_RESCUED,STOP,,,
2182,2025-08-07 18:00,2025-08-07T22:00:00+00:00,WEEKDAY_WEAK,AUGUST,VALIDATED_SOURCE,NQU5,1,0,-59.0,RESOLVED,BUY,STOP,5.0,2025-08-07 22:00:00.012350651+00:00,STOP,5.0,23517.5,STOP,6.0,23521.5,-24.5,-74.5,-99.0,DOUBLE_STOP,4.0,PRICE_BE,SELL,False,ORIGINAL_STOP_BEFORE_ARM,23521.5,-74.5,-99.0,0.0,DOUBLE_STOP_NOT_RESCUED,STOP,,,
2182,2025-08-07 18:00,2025-08-07T22:00:00+00:00,WEEKDAY_WEAK,AUGUST,VALIDATED_SOURCE,NQU5,1,0,-59.0,RESOLVED,BUY,STOP,5.0,2025-08-07 22:00:00.012350651+00:00,STOP,5.0,23517.5,STOP,6.0,23521.5,-24.5,-74.5,-99.0,DOUBLE_STOP,4.0,COST_COVER_BE,SELL,False,ORIGINAL_STOP_BEFORE_ARM,23521.5,-74.5,-99.0,0.0,DOUBLE_STOP_NOT_RESCUED,STOP,,,
2182,2025-08-07 18:00,2025-08-07T22:00:00+00:00,WEEKDAY_WEAK,AUGUST,VALIDATED_SOURCE,NQU5,1,0,-59.0,RESOLVED,BUY,STOP,5.0,2025-08-07 22:00:00.012350651+00:00,STOP,5.0,23517.5,STOP,6.0,23521.5,-24.5,-74.5,-99.0,DOUBLE_STOP,5.0,PRICE_BE,SELL,False,ORIGINAL_STOP_BEFORE_ARM,23521.5,-74.5,-99.0,0.0,DOUBLE_STOP_NOT_RESCUED,STOP,,,
2182,2025-08-07 18:00,2025-08-07T22:00:00+00:00,WEEKDAY_WEAK,AUGUST,VALIDATED_SOURCE,NQU5,1,0,-59.0,RESOLVED,BUY,STOP,5.0,2025-08-07 22:00:00.012350651+00:00,STOP,5.0,23517.5,STOP,6.0,23521.5,-24.5,-74.5,-99.0,DOUBLE_STOP,5.0,COST_COVER_BE,SELL,False,ORIGINAL_STOP_BEFORE_ARM,23521.5,-74.5,-99.0,0.0,DOUBLE_STOP_NOT_RESCUED,STOP,,,
2182,2025-08-07 18:00,2025-08-07T22:00:00+00:00,WEEKDAY_WEAK,AUGUST,VALIDATED_SOURCE,NQU5,1,0,-59.0,RESOLVED,BUY,STOP,5.0,2025-08-07 22:00:00.012350651+00:00,STOP,5.0,23517.5,STOP,6.0,23521.5,-24.5,-74.5,-99.0,DOUBLE_STOP,8.0,PRICE_BE,SELL,False,ORIGINAL_STOP_BEFORE_ARM,23521.5,-74.5,-99.0,0.0,DOUBLE_STOP_NOT_RESCUED,STOP,,,
2182,2025-08-07 18:00,2025-08-07T22:00:00+00:00,WEEKDAY_WEAK,AUGUST,VALIDATED_SOURCE,NQU5,1,0,-59.0,RESOLVED,BUY,STOP,5.0,2025-08-07 22:00:00.012350651+00:00,STOP,5.0,23517.5,STOP,6.0,23521.5,-24.5,-74.5,-99.0,DOUBLE_STOP,8.0,COST_COVER_BE,SELL,False,ORIGINAL_STOP_BEFORE_ARM,23521.5,-74.5,-99.0,0.0,DOUBLE_STOP_NOT_RESCUED,STOP,,,
2182,2025-08-07 18:00,2025-08-07T22:00:00+00:00,WEEKDAY_WEAK,AUGUST,VALIDATED_SOURCE,NQU5,1,1,-59.0,RESOLVED,BUY,STOP,5.0,2025-08-07 22:00:00.012350651+00:00,STOP,5.0,23517.25,STOP,6.0,23521.75,-29.5,-79.5,-109.0,DOUBLE_STOP,0.5,PRICE_BE,SELL,False,ORIGINAL_STOP_BEFORE_ARM,23521.75,-79.5,-109.0,0.0,DOUBLE_STOP_NOT_RESCUED,STOP,,,
2182,2025-08-07 18:00,2025-08-07T22:00:00+00:00,WEEKDAY_WEAK,AUGUST,VALIDATED_SOURCE,NQU5,1,1,-59.0,RESOLVED,BUY,STOP,5.0,2025-08-07 22:00:00.012350651+00:00,STOP,5.0,23517.25,STOP,6.0,23521.75,-29.5,-79.5,-109.0,DOUBLE_STOP,0.5,COST_COVER_BE,SELL,False,ORIGINAL_STOP_BEFORE_ARM,23521.75,-79.5,-109.0,0.0,DOUBLE_STOP_NOT_RESCUED,STOP,,,
2182,2025-08-07 18:00,2025-08-07T22:00:00+00:00,WEEKDAY_WEAK,AUGUST,VALIDATED_SOURCE,NQU5,1,1,-59.0,RESOLVED,BUY,STOP,5.0,2025-08-07 22:00:00.012350651+00:00,STOP,5.0,23517.25,STOP,6.0,23521.75,-29.5,-79.5,-109.0,DOUBLE_STOP,1.0,PRICE_BE,SELL,False,ORIGINAL_STOP_BEFORE_ARM,23521.75,-79.5,-109.0,0.0,DOUBLE_STOP_NOT_RESCUED,STOP,,,
2182,2025-08-07 18:00,2025-08-07T22:00:00+00:00,WEEKDAY_WEAK,AUGUST,VALIDATED_SOURCE,NQU5,1,1,-59.0,RESOLVED,BUY,STOP,5.0,2025-08-07 22:00:00.012350651+00:00,STOP,5.0,23517.25,STOP,6.0,23521.75,-29.5,-79.5,-109.0,DOUBLE_STOP,1.0,COST_COVER_BE,SELL,False,ORIGINAL_STOP_BEFORE_ARM,23521.75,-79.5,-109.0,0.0,DOUBLE_STOP_NOT_RESCUED,STOP,,,
2182,2025-08-07 18:00,2025-08-07T22:00:00+00:00,WEEKDAY_WEAK,AUGUST,VALIDATED_SOURCE,NQU5,1,1,-59.0,RESOLVED,BUY,STOP,5.0,2025-08-07 22:00:00.012350651+00:00,STOP,5.0,23517.25,STOP,6.0,23521.75,-29.5,-79.5,-109.0,DOUBLE_STOP,2.0,PRICE_BE,SELL,False,ORIGINAL_STOP_BEFORE_ARM,23521.75,-79.5,-109.0,0.0,DOUBLE_STOP_NOT_RESCUED,STOP,,,
2182,2025-08-07 18:00,2025-08-07T22:00:00+00:00,WEEKDAY_WEAK,AUGUST,VALIDATED_SOURCE,NQU5,1,1,-59.0,RESOLVED,BUY,STOP,5.0,2025-08-07 22:00:00.012350651+00:00,STOP,5.0,23517.25,STOP,6.0,23521.75,-29.5,-79.5,-109.0,DOUBLE_STOP,2.0,COST_COVER_BE,SELL,False,ORIGINAL_STOP_BEFORE_ARM,23521.75,-79.5,-109.0,0.0,DOUBLE_STOP_NOT_RESCUED,STOP,,,
2182,2025-08-07 18:00,2025-08-07T22:00:00+00:00,WEEKDAY_WEAK,AUGUST,VALIDATED_SOURCE,NQU5,1,1,-59.0,RESOLVED,BUY,STOP,5.0,2025-08-07 22:00:00.012350651+00:00,STOP,5.0,23517.25,STOP,6.0,23521.75,-29.5,-79.5,-109.0,DOUBLE_STOP,3.0,PRICE_BE,SELL,False,ORIGINAL_STOP_BEFORE_ARM,23521.75,-79.5,-109.0,0.0,DOUBLE_STOP_NOT_RESCUED,STOP,,,
2182,2025-08-07 18:00,2025-08-07T22:00:00+00:00,WEEKDAY_WEAK,AUGUST,VALIDATED_SOURCE,NQU5,1,1,-59.0,RESOLVED,BUY,STOP,5.0,2025-08-07 22:00:00.012350651+00:00,STOP,5.0,23517.25,STOP,6.0,23521.75,-29.5,-79.5,-109.0,DOUBLE_STOP,3.0,COST_COVER_BE,SELL,False,ORIGINAL_STOP_BEFORE_ARM,23521.75,-79.5,-109.0,0.0,DOUBLE_STOP_NOT_RESCUED,STOP,,,
2182,2025-08-07 18:00,2025-08-07T22:00:00+00:00,WEEKDAY_WEAK,AUGUST,VALIDATED_SOURCE,NQU5,1,1,-59.0,RESOLVED,BUY,STOP,5.0,2025-08-07 22:00:00.012350651+00:00,STOP,5.0,23517.25,STOP,6.0,23521.75,-29.5,-79.5,-109.0,DOUBLE_STOP,4.0,PRICE_BE,SELL,False,ORIGINAL_STOP_BEFORE_ARM,23521.75,-79.5,-109.0,0.0,DOUBLE_STOP_NOT_RESCUED,STOP,,,
2182,2025-08-07 18:00,2025-08-07T22:00:00+00:00,WEEKDAY_WEAK,AUGUST,VALIDATED_SOURCE,NQU5,1,1,-59.0,RESOLVED,BUY,STOP,5.0,2025-08-07 22:00:00.012350651+00:00,STOP,5.0,23517.25,STOP,6.0,23521.75,-29.5,-79.5,-109.0,DOUBLE_STOP,4.0,COST_COVER_BE,SELL,False,ORIGINAL_STOP_BEFORE_ARM,23521.75,-79.5,-109.0,0.0,DOUBLE_STOP_NOT_RESCUED,STOP,,,
2182,2025-08-07 18:00,2025-08-07T22:00:00+00:00,WEEKDAY_WEAK,AUGUST,VALIDATED_SOURCE,NQU5,1,1,-59.0,RESOLVED,BUY,STOP,5.0,2025-08-07 22:00:00.012350651+00:00,STOP,5.0,23517.25,STOP,6.0,23521.75,-29.5,-79.5,-109.0,DOUBLE_STOP,5.0,PRICE_BE,SELL,False,ORIGINAL_STOP_BEFORE_ARM,23521.75,-79.5,-109.0,0.0,DOUBLE_STOP_NOT_RESCUED,STOP,,,
2182,2025-08-07 18:00,2025-08-07T22:00:00+00:00,WEEKDAY_WEAK,AUGUST,VALIDATED_SOURCE,NQU5,1,1,-59.0,RESOLVED,BUY,STOP,5.0,2025-08-07 22:00:00.012350651+00:00,STOP,5.0,23517.25,STOP,6.0,23521.75,-29.5,-79.5,-109.0,DOUBLE_STOP,5.0,COST_COVER_BE,SELL,False,ORIGINAL_STOP_BEFORE_ARM,23521.75,-79.5,-109.0,0.0,DOUBLE_STOP_NOT_RESCUED,STOP,,,
2182,2025-08-07 18:00,2025-08-07T22:00:00+00:00,WEEKDAY_WEAK,AUGUST,VALIDATED_SOURCE,NQU5,1,1,-59.0,RESOLVED,BUY,STOP,5.0,2025-08-07 22:00:00.012350651+00:00,STOP,5.0,23517.25,STOP,6.0,23521.75,-29.5,-79.5,-109.0,DOUBLE_STOP,8.0,PRICE_BE,SELL,False,ORIGINAL_STOP_BEFORE_ARM,23521.75,-79.5,-109.0,0.0,DOUBLE_STOP_NOT_RESCUED,STOP,,,
2182,2025-08-07 18:00,2025-08-07T22:00:00+00:00,WEEKDAY_WEAK,AUGUST,VALIDATED_SOURCE,NQU5,1,1,-59.0,RESOLVED,BUY,STOP,5.0,2025-08-07 22:00:00.012350651+00:00,STOP,5.0,23517.25,STOP,6.0,23521.75,-29.5,-79.5,-109.0,DOUBLE_STOP,8.0,COST_COVER_BE,SELL,False,ORIGINAL_STOP_BEFORE_ARM,23521.75,-79.5,-109.0,0.0,DOUBLE_STOP_NOT_RESCUED,STOP,,,
2182,2025-08-07 18:00,2025-08-07T22:00:00+00:00,WEEKDAY_WEAK,AUGUST,VALIDATED_SOURCE,NQU5,1,2,-59.0,RESOLVED,BUY,STOP,5.0,2025-08-07 22:00:00.012350651+00:00,STOP,5.0,23517.0,STOP,6.0,23522.0,-34.5,-84.5,-119.0,DOUBLE_STOP,0.5,PRICE_BE,SELL,False,ORIGINAL_STOP_BEFORE_ARM,23522.0,-84.5,-119.0,0.0,DOUBLE_STOP_NOT_RESCUED,STOP,,,
2182,2025-08-07 18:00,2025-08-07T22:00:00+00:00,WEEKDAY_WEAK,AUGUST,VALIDATED_SOURCE,NQU5,1,2,-59.0,RESOLVED,BUY,STOP,5.0,2025-08-07 22:00:00.012350651+00:00,STOP,5.0,23517.0,STOP,6.0,23522.0,-34.5,-84.5,-119.0,DOUBLE_STOP,0.5,COST_COVER_BE,SELL,False,ORIGINAL_STOP_BEFORE_ARM,23522.0,-84.5,-119.0,0.0,DOUBLE_STOP_NOT_RESCUED,STOP,,,
2182,2025-08-07 18:00,2025-08-07T22:00:00+00:00,WEEKDAY_WEAK,AUGUST,VALIDATED_SOURCE,NQU5,1,2,-59.0,RESOLVED,BUY,STOP,5.0,2025-08-07 22:00:00.012350651+00:00,STOP,5.0,23517.0,STOP,6.0,23522.0,-34.5,-84.5,-119.0,DOUBLE_STOP,1.0,PRICE_BE,SELL,False,ORIGINAL_STOP_BEFORE_ARM,23522.0,-84.5,-119.0,0.0,DOUBLE_STOP_NOT_RESCUED,STOP,,,
2182,2025-08-07 18:00,2025-08-07T22:00:00+00:00,WEEKDAY_WEAK,AUGUST,VALIDATED_SOURCE,NQU5,1,2,-59.0,RESOLVED,BUY,STOP,5.0,2025-08-07 22:00:00.012350651+00:00,STOP,5.0,23517.0,STOP,6.0,23522.0,-34.5,-84.5,-119.0,DOUBLE_STOP,1.0,COST_COVER_BE,SELL,False,ORIGINAL_STOP_BEFORE_ARM,23522.0,-84.5,-119.0,0.0,DOUBLE_STOP_NOT_RESCUED,STOP,,,
2182,2025-08-07 18:00,2025-08-07T22:00:00+00:00,WEEKDAY_WEAK,AUGUST,VALIDATED_SOURCE,NQU5,1,2,-59.0,RESOLVED,BUY,STOP,5.0,2025-08-07 22:00:00.012350651+00:00,STOP,5.0,23517.0,STOP,6.0,23522.0,-34.5,-84.5,-119.0,DOUBLE_STOP,2.0,PRICE_BE,SELL,False,ORIGINAL_STOP_BEFORE_ARM,23522.0,-84.5,-119.0,0.0,DOUBLE_STOP_NOT_RESCUED,STOP,,,
2182,2025-08-07 18:00,2025-08-07T22:00:00+00:00,WEEKDAY_WEAK,AUGUST,VALIDATED_SOURCE,NQU5,1,2,-59.0,RESOLVED,BUY,STOP,5.0,2025-08-07 22:00:00.012350651+00:00,STOP,5.0,23517.0,STOP,6.0,23522.0,-34.5,-84.5,-119.0,DOUBLE_STOP,2.0,COST_COVER_BE,SELL,False,ORIGINAL_STOP_BEFORE_ARM,23522.0,-84.5,-119.0,0.0,DOUBLE_STOP_NOT_RESCUED,STOP,,,
2182,2025-08-07 18:00,2025-08-07T22:00:00+00:00,WEEKDAY_WEAK,AUGUST,VALIDATED_SOURCE,NQU5,1,2,-59.0,RESOLVED,BUY,STOP,5.0,2025-08-07 22:00:00.012350651+00:00,STOP,5.0,23517.0,STOP,6.0,23522.0,-34.5,-84.5,-119.0,DOUBLE_STOP,3.0,PRICE_BE,SELL,False,ORIGINAL_STOP_BEFORE_ARM,23522.0,-84.5,-119.0,0.0,DOUBLE_STOP_NOT_RESCUED,STOP,,,
2182,2025-08-07 18:00,2025-08-07T22:00:00+00:00,WEEKDAY_WEAK,AUGUST,VALIDATED_SOURCE,NQU5,1,2,-59.0,RESOLVED,BUY,STOP,5.0,2025-08-07 22:00:00.012350651+00:00,STOP,5.0,23517.0,STOP,6.0,23522.0,-34.5,-84.5,-119.0,DOUBLE_STOP,3.0,COST_COVER_BE,SELL,False,ORIGINAL_STOP_BEFORE_ARM,23522.0,-84.5,-119.0,0.0,DOUBLE_STOP_NOT_RESCUED,STOP,,,
2182,2025-08-07 18:00,2025-08-07T22:00:00+00:00,WEEKDAY_WEAK,AUGUST,VALIDATED_SOURCE,NQU5,1,2,-59.0,RESOLVED,BUY,STOP,5.0,2025-08-07 22:00:00.012350651+00:00,STOP,5.0,23517.0,STOP,6.0,23522.0,-34.5,-84.5,-119.0,DOUBLE_STOP,4.0,PRICE_BE,SELL,False,ORIGINAL_STOP_BEFORE_ARM,23522.0,-84.5,-119.0,0.0,DOUBLE_STOP_NOT_RESCUED,STOP,,,
2182,2025-08-07 18:00,2025-08-07T22:00:00+00:00,WEEKDAY_WEAK,AUGUST,VALIDATED_SOURCE,NQU5,1,2,-59.0,RESOLVED,BUY,STOP,5.0,2025-08-07 22:00:00.012350651+00:00,STOP,5.0,23517.0,STOP,6.0,23522.0,-34.5,-84.5,-119.0,DOUBLE_STOP,4.0,COST_COVER_BE,SELL,False,ORIGINAL_STOP_BEFORE_ARM,23522.0,-84.5,-119.0,0.0,DOUBLE_STOP_NOT_RESCUED,STOP,,,
2182,2025-08-07 18:00,2025-08-07T22:00:00+00:00,WEEKDAY_WEAK,AUGUST,VALIDATED_SOURCE,NQU5,1,2,-59.0,RESOLVED,BUY,STOP,5.0,2025-08-07 22:00:00.012350651+00:00,STOP,5.0,23517.0,STOP,6.0,23522.0,-34.5,-84.5,-119.0,DOUBLE_STOP,5.0,PRICE_BE,SELL,False,ORIGINAL_STOP_BEFORE_ARM,23522.0,-84.5,-119.0,0.0,DOUBLE_STOP_NOT_RESCUED,STOP,,,
2182,2025-08-07 18:00,2025-08-07T22:00:00+00:00,WEEKDAY_WEAK,AUGUST,VALIDATED_SOURCE,NQU5,1,2,-59.0,RESOLVED,BUY,STOP,5.0,2025-08-07 22:00:00.012350651+00:00,STOP,5.0,23517.0,STOP,6.0,23522.0,-34.5,-84.5,-119.0,DOUBLE_STOP,5.0,COST_COVER_BE,SELL,False,ORIGINAL_STOP_BEFORE_ARM,23522.0,-84.5,-119.0,0.0,DOUBLE_STOP_NOT_RESCUED,STOP,,,
2182,2025-08-07 18:00,2025-08-07T22:00:00+00:00,WEEKDAY_WEAK,AUGUST,VALIDATED_SOURCE,NQU5,1,2,-59.0,RESOLVED,BUY,STOP,5.0,2025-08-07 22:00:00.012350651+00:00,STOP,5.0,23517.0,STOP,6.0,23522.0,-34.5,-84.5,-119.0,DOUBLE_STOP,8.0,PRICE_BE,SELL,False,ORIGINAL_STOP_BEFORE_ARM,23522.0,-84.5,-119.0,0.0,DOUBLE_STOP_NOT_RESCUED,STOP,,,
2182,2025-08-07 18:00,2025-08-07T22:00:00+00:00,WEEKDAY_WEAK,AUGUST,VALIDATED_SOURCE,NQU5,1,2,-59.0,RESOLVED,BUY,STOP,5.0,2025-08-07 22:00:00.012350651+00:00,STOP,5.0,23517.0,STOP,6.0,23522.0,-34.5,-84.5,-119.0,DOUBLE_STOP,8.0,COST_COVER_BE,SELL,False,ORIGINAL_STOP_BEFORE_ARM,23522.0,-84.5,-119.0,0.0,DOUBLE_STOP_NOT_RESCUED,STOP,,,
2182,2025-08-07 18:00,2025-08-07T22:00:00+00:00,WEEKDAY_WEAK,AUGUST,VALIDATED_SOURCE,NQU5,1,4,-59.0,RESOLVED,BUY,STOP,5.0,2025-08-07 22:00:00.012350651+00:00,STOP,5.0,23516.5,STOP,6.0,23522.5,-44.5,-94.5,-139.0,DOUBLE_STOP,0.5,PRICE_BE,SELL,False,ORIGINAL_STOP_BEFORE_ARM,23522.5,-94.5,-139.0,0.0,DOUBLE_STOP_NOT_RESCUED,STOP,,,
2182,2025-08-07 18:00,2025-08-07T22:00:00+00:00,WEEKDAY_WEAK,AUGUST,VALIDATED_SOURCE,NQU5,1,4,-59.0,RESOLVED,BUY,STOP,5.0,2025-08-07 22:00:00.012350651+00:00,STOP,5.0,23516.5,STOP,6.0,23522.5,-44.5,-94.5,-139.0,DOUBLE_STOP,0.5,COST_COVER_BE,SELL,False,ORIGINAL_STOP_BEFORE_ARM,23522.5,-94.5,-139.0,0.0,DOUBLE_STOP_NOT_RESCUED,STOP,,,
2182,2025-08-07 18:00,2025-08-07T22:00:00+00:00,WEEKDAY_WEAK,AUGUST,VALIDATED_SOURCE,NQU5,1,4,-59.0,RESOLVED,BUY,STOP,5.0,2025-08-07 22:00:00.012350651+00:00,STOP,5.0,23516.5,STOP,6.0,23522.5,-44.5,-94.5,-139.0,DOUBLE_STOP,1.0,PRICE_BE,SELL,False,ORIGINAL_STOP_BEFORE_ARM,23522.5,-94.5,-139.0,0.0,DOUBLE_STOP_NOT_RESCUED,STOP,,,
2182,2025-08-07 18:00,2025-08-07T22:00:00+00:00,WEEKDAY_WEAK,AUGUST,VALIDATED_SOURCE,NQU5,1,4,-59.0,RESOLVED,BUY,STOP,5.0,2025-08-07 22:00:00.012350651+00:00,STOP,5.0,23516.5,STOP,6.0,23522.5,-44.5,-94.5,-139.0,DOUBLE_STOP,1.0,COST_COVER_BE,SELL,False,ORIGINAL_STOP_BEFORE_ARM,23522.5,-94.5,-139.0,0.0,DOUBLE_STOP_NOT_RESCUED,STOP,,,
2182,2025-08-07 18:00,2025-08-07T22:00:00+00:00,WEEKDAY_WEAK,AUGUST,VALIDATED_SOURCE,NQU5,1,4,-59.0,RESOLVED,BUY,STOP,5.0,2025-08-07 22:00:00.012350651+00:00,STOP,5.0,23516.5,STOP,6.0,23522.5,-44.5,-94.5,-139.0,DOUBLE_STOP,2.0,PRICE_BE,SELL,False,ORIGINAL_STOP_BEFORE_ARM,23522.5,-94.5,-139.0,0.0,DOUBLE_STOP_NOT_RESCUED,STOP,,,
2182,2025-08-07 18:00,2025-08-07T22:00:00+00:00,WEEKDAY_WEAK,AUGUST,VALIDATED_SOURCE,NQU5,1,4,-59.0,RESOLVED,BUY,STOP,5.0,2025-08-07 22:00:00.012350651+00:00,STOP,5.0,23516.5,STOP,6.0,23522.5,-44.5,-94.5,-139.0,DOUBLE_STOP,2.0,COST_COVER_BE,SELL,False,ORIGINAL_STOP_BEFORE_ARM,23522.5,-94.5,-139.0,0.0,DOUBLE_STOP_NOT_RESCUED,STOP,,,
2182,2025-08-07 18:00,2025-08-07T22:00:00+00:00,WEEKDAY_WEAK,AUGUST,VALIDATED_SOURCE,NQU5,1,4,-59.0,RESOLVED,BUY,STOP,5.0,2025-08-07 22:00:00.012350651+00:00,STOP,5.0,23516.5,STOP,6.0,23522.5,-44.5,-94.5,-139.0,DOUBLE_STOP,3.0,PRICE_BE,SELL,False,ORIGINAL_STOP_BEFORE_ARM,23522.5,-94.5,-139.0,0.0,DOUBLE_STOP_NOT_RESCUED,STOP,,,
2182,2025-08-07 18:00,2025-08-07T22:00:00+00:00,WEEKDAY_WEAK,AUGUST,VALIDATED_SOURCE,NQU5,1,4,-59.0,RESOLVED,BUY,STOP,5.0,2025-08-07 22:00:00.012350651+00:00,STOP,5.0,23516.5,STOP,6.0,23522.5,-44.5,-94.5,-139.0,DOUBLE_STOP,3.0,COST_COVER_BE,SELL,False,ORIGINAL_STOP_BEFORE_ARM,23522.5,-94.5,-139.0,0.0,DOUBLE_STOP_NOT_RESCUED,STOP,,,
2182,2025-08-07 18:00,2025-08-07T22:00:00+00:00,WEEKDAY_WEAK,AUGUST,VALIDATED_SOURCE,NQU5,1,4,-59.0,RESOLVED,BUY,STOP,5.0,2025-08-07 22:00:00.012350651+00:00,STOP,5.0,23516.5,STOP,6.0,23522.5,-44.5,-94.5,-139.0,DOUBLE_STOP,4.0,PRICE_BE,SELL,False,ORIGINAL_STOP_BEFORE_ARM,23522.5,-94.5,-139.0,0.0,DOUBLE_STOP_NOT_RESCUED,STOP,,,
2182,2025-08-07 18:00,2025-08-07T22:00:00+00:00,WEEKDAY_WEAK,AUGUST,VALIDATED_SOURCE,NQU5,1,4,-59.0,RESOLVED,BUY,STOP,5.0,2025-08-07 22:00:00.012350651+00:00,STOP,5.0,23516.5,STOP,6.0,23522.5,-44.5,-94.5,-139.0,DOUBLE_STOP,4.0,COST_COVER_BE,SELL,False,ORIGINAL_STOP_BEFORE_ARM,23522.5,-94.5,-139.0,0.0,DOUBLE_STOP_NOT_RESCUED,STOP,,,
2182,2025-08-07 18:00,2025-08-07T22:00:00+00:00,WEEKDAY_WEAK,AUGUST,VALIDATED_SOURCE,NQU5,1,4,-59.0,RESOLVED,BUY,STOP,5.0,2025-08-07 22:00:00.012350651+00:00,STOP,5.0,23516.5,STOP,6.0,23522.5,-44.5,-94.5,-139.0,DOUBLE_STOP,5.0,PRICE_BE,SELL,False,ORIGINAL_STOP_BEFORE_ARM,23522.5,-94.5,-139.0,0.0,DOUBLE_STOP_NOT_RESCUED,STOP,,,
2182,2025-08-07 18:00,2025-08-07T22:00:00+00:00,WEEKDAY_WEAK,AUGUST,VALIDATED_SOURCE,NQU5,1,4,-59.0,RESOLVED,BUY,STOP,5.0,2025-08-07 22:00:00.012350651+00:00,STOP,5.0,23516.5,STOP,6.0,23522.5,-44.5,-94.5,-139.0,DOUBLE_STOP,5.0,COST_COVER_BE,SELL,False,ORIGINAL_STOP_BEFORE_ARM,23522.5,-94.5,-139.0,0.0,DOUBLE_STOP_NOT_RESCUED,STOP,,,
2182,2025-08-07 18:00,2025-08-07T22:00:00+00:00,WEEKDAY_WEAK,AUGUST,VALIDATED_SOURCE,NQU5,1,4,-59.0,RESOLVED,BUY,STOP,5.0,2025-08-07 22:00:00.012350651+00:00,STOP,5.0,23516.5,STOP,6.0,23522.5,-44.5,-94.5,-139.0,DOUBLE_STOP,8.0,PRICE_BE,SELL,False,ORIGINAL_STOP_BEFORE_ARM,23522.5,-94.5,-139.0,0.0,DOUBLE_STOP_NOT_RESCUED,STOP,,,
2182,2025-08-07 18:00,2025-08-07T22:00:00+00:00,WEEKDAY_WEAK,AUGUST,VALIDATED_SOURCE,NQU5,1,4,-59.0,RESOLVED,BUY,STOP,5.0,2025-08-07 22:00:00.012350651+00:00,STOP,5.0,23516.5,STOP,6.0,23522.5,-44.5,-94.5,-139.0,DOUBLE_STOP,8.0,COST_COVER_BE,SELL,False,ORIGINAL_STOP_BEFORE_ARM,23522.5,-94.5,-139.0,0.0,DOUBLE_STOP_NOT_RESCUED,STOP,,,
2183,2025-08-08 09:30,2025-08-08T13:30:00+00:00,NY,AUGUST,VALIDATED_SOURCE,NQU5,2,0,-118.0,RESOLVED,SELL,STOP,13.0,2025-08-08 13:30:00.010224383+00:00,TARGET,1483.0,23558.0,STOP,13.0,23542.5,631.0,-49.0,582.0,BUY_TARGET,0.5,PRICE_BE,BUY,True,PRICE_BE,23541.75,-19.0,-68.0,-650.0,TARGET_WINNER_SCRATCHED,TARGET,24.0,2025-08-08 13:30:00.021703811+00:00,631.0
2183,2025-08-08 09:30,2025-08-08T13:30:00+00:00,NY,AUGUST,VALIDATED_SOURCE,NQU5,2,0,-118.0,RESOLVED,SELL,STOP,13.0,2025-08-08 13:30:00.010224383+00:00,TARGET,1483.0,23558.0,STOP,13.0,23542.5,631.0,-49.0,582.0,BUY_TARGET,0.5,COST_COVER_BE,BUY,True,COST_COVER_BE,23542.5,11.0,-38.0,-620.0,TARGET_WINNER_SCRATCHED,TARGET,24.0,2025-08-08 13:30:00.021703811+00:00,631.0
2183,2025-08-08 09:30,2025-08-08T13:30:00+00:00,NY,AUGUST,VALIDATED_SOURCE,NQU5,2,0,-118.0,RESOLVED,SELL,STOP,13.0,2025-08-08 13:30:00.010224383+00:00,TARGET,1483.0,23558.0,STOP,13.0,23542.5,631.0,-49.0,582.0,BUY_TARGET,1.0,PRICE_BE,BUY,True,PRICE_BE,23541.75,-19.0,-68.0,-650.0,TARGET_WINNER_SCRATCHED,TARGET,29.0,2025-08-08 13:30:00.025107951+00:00,631.0
2183,2025-08-08 09:30,2025-08-08T13:30:00+00:00,NY,AUGUST,VALIDATED_SOURCE,NQU5,2,0,-118.0,RESOLVED,SELL,STOP,13.0,2025-08-08 13:30:00.010224383+00:00,TARGET,1483.0,23558.0,STOP,13.0,23542.5,631.0,-49.0,582.0,BUY_TARGET,1.0,COST_COVER_BE,BUY,True,COST_COVER_BE,23542.5,11.0,-38.0,-620.0,TARGET_WINNER_SCRATCHED,TARGET,29.0,2025-08-08 13:30:00.025107951+00:00,631.0
2183,2025-08-08 09:30,2025-08-08T13:30:00+00:00,NY,AUGUST,VALIDATED_SOURCE,NQU5,2,0,-118.0,RESOLVED,SELL,STOP,13.0,2025-08-08 13:30:00.010224383+00:00,TARGET,1483.0,23558.0,STOP,13.0,23542.5,631.0,-49.0,582.0,BUY_TARGET,2.0,PRICE_BE,BUY,True,PRICE_BE,23541.75,-19.0,-68.0,-650.0,TARGET_WINNER_SCRATCHED,TARGET,39.0,2025-08-08 13:30:00.030505363+00:00,631.0
2183,2025-08-08 09:30,2025-08-08T13:30:00+00:00,NY,AUGUST,VALIDATED_SOURCE,NQU5,2,0,-118.0,RESOLVED,SELL,STOP,13.0,2025-08-08 13:30:00.010224383+00:00,TARGET,1483.0,23558.0,STOP,13.0,23542.5,631.0,-49.0,582.0,BUY_TARGET,2.0,COST_COVER_BE,BUY,True,COST_COVER_BE,23542.5,11.0,-38.0,-620.0,TARGET_WINNER_SCRATCHED,TARGET,39.0,2025-08-08 13:30:00.030505363+00:00,631.0
2183,2025-08-08 09:30,2025-08-08T13:30:00+00:00,NY,AUGUST,VALIDATED_SOURCE,NQU5,2,0,-118.0,RESOLVED,SELL,STOP,13.0,2025-08-08 13:30:00.010224383+00:00,TARGET,1483.0,23558.0,STOP,13.0,23542.5,631.0,-49.0,582.0,BUY_TARGET,3.0,PRICE_BE,BUY,True,PRICE_BE,23541.75,-19.0,-68.0,-650.0,TARGET_WINNER_SCRATCHED,TARGET,52.0,2025-08-08 13:30:00.042156817+00:00,631.0
2183,2025-08-08 09:30,2025-08-08T13:30:00+00:00,NY,AUGUST,VALIDATED_SOURCE,NQU5,2,0,-118.0,RESOLVED,SELL,STOP,13.0,2025-08-08 13:30:00.010224383+00:00,TARGET,1483.0,23558.0,STOP,13.0,23542.5,631.0,-49.0,582.0,BUY_TARGET,3.0,COST_COVER_BE,BUY,True,COST_COVER_BE,23542.5,11.0,-38.0,-620.0,TARGET_WINNER_SCRATCHED,TARGET,52.0,2025-08-08 13:30:00.042156817+00:00,631.0
2183,2025-08-08 09:30,2025-08-08T13:30:00+00:00,NY,AUGUST,VALIDATED_SOURCE,NQU5,2,0,-118.0,RESOLVED,SELL,STOP,13.0,2025-08-08 13:30:00.010224383+00:00,TARGET,1483.0,23558.0,STOP,13.0,23542.5,631.0,-49.0,582.0,BUY_TARGET,4.0,PRICE_BE,BUY,True,PRICE_BE,23541.75,-19.0,-68.0,-650.0,TARGET_WINNER_SCRATCHED,TARGET,67.0,2025-08-08 13:30:00.060616357+00:00,631.0
2183,2025-08-08 09:30,2025-08-08T13:30:00+00:00,NY,AUGUST,VALIDATED_SOURCE,NQU5,2,0,-118.0,RESOLVED,SELL,STOP,13.0,2025-08-08 13:30:00.010224383+00:00,TARGET,1483.0,23558.0,STOP,13.0,23542.5,631.0,-49.0,582.0,BUY_TARGET,4.0,COST_COVER_BE,BUY,True,COST_COVER_BE,23542.5,11.0,-38.0,-620.0,TARGET_WINNER_SCRATCHED,TARGET,67.0,2025-08-08 13:30:00.060616357+00:00,631.0
2183,2025-08-08 09:30,2025-08-08T13:30:00+00:00,NY,AUGUST,VALIDATED_SOURCE,NQU5,2,0,-118.0,RESOLVED,SELL,STOP,13.0,2025-08-08 13:30:00.010224383+00:00,TARGET,1483.0,23558.0,STOP,13.0,23542.5,631.0,-49.0,582.0,BUY_TARGET,5.0,PRICE_BE,BUY,True,PRICE_BE,23541.75,-19.0,-68.0,-650.0,TARGET_WINNER_SCRATCHED,TARGET,120.0,2025-08-08 13:30:00.128776049+00:00,631.0
2183,2025-08-08 09:30,2025-08-08T13:30:00+00:00,NY,AUGUST,VALIDATED_SOURCE,NQU5,2,0,-118.0,RESOLVED,SELL,STOP,13.0,2025-08-08 13:30:00.010224383+00:00,TARGET,1483.0,23558.0,STOP,13.0,23542.5,631.0,-49.0,582.0,BUY_TARGET,5.0,COST_COVER_BE,BUY,True,COST_COVER_BE,23542.5,11.0,-38.0,-620.0,TARGET_WINNER_SCRATCHED,TARGET,120.0,2025-08-08 13:30:00.128776049+00:00,631.0
2183,2025-08-08 09:30,2025-08-08T13:30:00+00:00,NY,AUGUST,VALIDATED_SOURCE,NQU5,2,0,-118.0,RESOLVED,SELL,STOP,13.0,2025-08-08 13:30:00.010224383+00:00,TARGET,1483.0,23558.0,STOP,13.0,23542.5,631.0,-49.0,582.0,BUY_TARGET,8.0,PRICE_BE,BUY,True,TARGET_AFTER_ARM,23558.0,631.0,582.0,0.0,TARGET_WINNER_PRESERVED,TARGET,574.0,2025-08-08 13:30:04.454695821+00:00,
2183,2025-08-08 09:30,2025-08-08T13:30:00+00:00,NY,AUGUST,VALIDATED_SOURCE,NQU5,2,0,-118.0,RESOLVED,SELL,STOP,13.0,2025-08-08 13:30:00.010224383+00:00,TARGET,1483.0,23558.0,STOP,13.0,23542.5,631.0,-49.0,582.0,BUY_TARGET,8.0,COST_COVER_BE,BUY,True,TARGET_AFTER_ARM,23558.0,631.0,582.0,0.0,TARGET_WINNER_PRESERVED,TARGET,574.0,2025-08-08 13:30:04.454695821+00:00,
2183,2025-08-08 09:30,2025-08-08T13:30:00+00:00,NY,AUGUST,VALIDATED_SOURCE,NQU5,2,1,-118.0,RESOLVED,SELL,STOP,13.0,2025-08-08 13:30:00.010224383+00:00,TARGET,1483.0,23558.0,STOP,13.0,23542.75,631.0,-59.0,572.0,BUY_TARGET,0.5,PRICE_BE,BUY,True,PRICE_BE,23541.5,-29.0,-88.0,-660.0,TARGET_WINNER_SCRATCHED,TARGET,24.0,2025-08-08 13:30:00.021703811+00:00,631.0
2183,2025-08-08 09:30,2025-08-08T13:30:00+00:00,NY,AUGUST,VALIDATED_SOURCE,NQU5,2,1,-118.0,RESOLVED,SELL,STOP,13.0,2025-08-08 13:30:00.010224383+00:00,TARGET,1483.0,23558.0,STOP,13.0,23542.75,631.0,-59.0,572.0,BUY_TARGET,0.5,COST_COVER_BE,BUY,True,COST_COVER_BE,23542.25,1.0,-58.0,-630.0,TARGET_WINNER_SCRATCHED,TARGET,24.0,2025-08-08 13:30:00.021703811+00:00,631.0
2183,2025-08-08 09:30,2025-08-08T13:30:00+00:00,NY,AUGUST,VALIDATED_SOURCE,NQU5,2,1,-118.0,RESOLVED,SELL,STOP,13.0,2025-08-08 13:30:00.010224383+00:00,TARGET,1483.0,23558.0,STOP,13.0,23542.75,631.0,-59.0,572.0,BUY_TARGET,1.0,PRICE_BE,BUY,True,PRICE_BE,23541.5,-29.0,-88.0,-660.0,TARGET_WINNER_SCRATCHED,TARGET,29.0,2025-08-08 13:30:00.025107951+00:00,631.0
2183,2025-08-08 09:30,2025-08-08T13:30:00+00:00,NY,AUGUST,VALIDATED_SOURCE,NQU5,2,1,-118.0,RESOLVED,SELL,STOP,13.0,2025-08-08 13:30:00.010224383+00:00,TARGET,1483.0,23558.0,STOP,13.0,23542.75,631.0,-59.0,572.0,BUY_TARGET,1.0,COST_COVER_BE,BUY,True,COST_COVER_BE,23542.25,1.0,-58.0,-630.0,TARGET_WINNER_SCRATCHED,TARGET,29.0,2025-08-08 13:30:00.025107951+00:00,631.0
2183,2025-08-08 09:30,2025-08-08T13:30:00+00:00,NY,AUGUST,VALIDATED_SOURCE,NQU5,2,1,-118.0,RESOLVED,SELL,STOP,13.0,2025-08-08 13:30:00.010224383+00:00,TARGET,1483.0,23558.0,STOP,13.0,23542.75,631.0,-59.0,572.0,BUY_TARGET,2.0,PRICE_BE,BUY,True,PRICE_BE,23541.5,-29.0,-88.0,-660.0,TARGET_WINNER_SCRATCHED,TARGET,39.0,2025-08-08 13:30:00.030505363+00:00,631.0
2183,2025-08-08 09:30,2025-08-08T13:30:00+00:00,NY,AUGUST,VALIDATED_SOURCE,NQU5,2,1,-118.0,RESOLVED,SELL,STOP,13.0,2025-08-08 13:30:00.010224383+00:00,TARGET,1483.0,23558.0,STOP,13.0,23542.75,631.0,-59.0,572.0,BUY_TARGET,2.0,COST_COVER_BE,BUY,True,COST_COVER_BE,23542.25,1.0,-58.0,-630.0,TARGET_WINNER_SCRATCHED,TARGET,39.0,2025-08-08 13:30:00.030505363+00:00,631.0
2183,2025-08-08 09:30,2025-08-08T13:30:00+00:00,NY,AUGUST,VALIDATED_SOURCE,NQU5,2,1,-118.0,RESOLVED,SELL,STOP,13.0,2025-08-08 13:30:00.010224383+00:00,TARGET,1483.0,23558.0,STOP,13.0,23542.75,631.0,-59.0,572.0,BUY_TARGET,3.0,PRICE_BE,BUY,True,PRICE_BE,23541.5,-29.0,-88.0,-660.0,TARGET_WINNER_SCRATCHED,TARGET,52.0,2025-08-08 13:30:00.042156817+00:00,631.0
2183,2025-08-08 09:30,2025-08-08T13:30:00+00:00,NY,AUGUST,VALIDATED_SOURCE,NQU5,2,1,-118.0,RESOLVED,SELL,STOP,13.0,2025-08-08 13:30:00.010224383+00:00,TARGET,1483.0,23558.0,STOP,13.0,23542.75,631.0,-59.0,572.0,BUY_TARGET,3.0,COST_COVER_BE,BUY,True,COST_COVER_BE,23542.25,1.0,-58.0,-630.0,TARGET_WINNER_SCRATCHED,TARGET,52.0,2025-08-08 13:30:00.042156817+00:00,631.0
2183,2025-08-08 09:30,2025-08-08T13:30:00+00:00,NY,AUGUST,VALIDATED_SOURCE,NQU5,2,1,-118.0,RESOLVED,SELL,STOP,13.0,2025-08-08 13:30:00.010224383+00:00,TARGET,1483.0,23558.0,STOP,13.0,23542.75,631.0,-59.0,572.0,BUY_TARGET,4.0,PRICE_BE,BUY,True,PRICE_BE,23541.5,-29.0,-88.0,-660.0,TARGET_WINNER_SCRATCHED,TARGET,67.0,2025-08-08 13:30:00.060616357+00:00,631.0
2183,2025-08-08 09:30,2025-08-08T13:30:00+00:00,NY,AUGUST,VALIDATED_SOURCE,NQU5,2,1,-118.0,RESOLVED,SELL,STOP,13.0,2025-08-08 13:30:00.010224383+00:00,TARGET,1483.0,23558.0,STOP,13.0,23542.75,631.0,-59.0,572.0,BUY_TARGET,4.0,COST_COVER_BE,BUY,True,COST_COVER_BE,23542.25,1.0,-58.0,-630.0,TARGET_WINNER_SCRATCHED,TARGET,67.0,2025-08-08 13:30:00.060616357+00:00,631.0
2183,2025-08-08 09:30,2025-08-08T13:30:00+00:00,NY,AUGUST,VALIDATED_SOURCE,NQU5,2,1,-118.0,RESOLVED,SELL,STOP,13.0,2025-08-08 13:30:00.010224383+00:00,TARGET,1483.0,23558.0,STOP,13.0,23542.75,631.0,-59.0,572.0,BUY_TARGET,5.0,PRICE_BE,BUY,True,PRICE_BE,23541.5,-29.0,-88.0,-660.0,TARGET_WINNER_SCRATCHED,TARGET,120.0,2025-08-08 13:30:00.128776049+00:00,631.0
2183,2025-08-08 09:30,2025-08-08T13:30:00+00:00,NY,AUGUST,VALIDATED_SOURCE,NQU5,2,1,-118.0,RESOLVED,SELL,STOP,13.0,2025-08-08 13:30:00.010224383+00:00,TARGET,1483.0,23558.0,STOP,13.0,23542.75,631.0,-59.0,572.0,BUY_TARGET,5.0,COST_COVER_BE,BUY,True,COST_COVER_BE,23542.25,1.0,-58.0,-630.0,TARGET_WINNER_SCRATCHED,TARGET,120.0,2025-08-08 13:30:00.128776049+00:00,631.0
2183,2025-08-08 09:30,2025-08-08T13:30:00+00:00,NY,AUGUST,VALIDATED_SOURCE,NQU5,2,1,-118.0,RESOLVED,SELL,STOP,13.0,2025-08-08 13:30:00.010224383+00:00,TARGET,1483.0,23558.0,STOP,13.0,23542.75,631.0,-59.0,572.0,BUY_TARGET,8.0,PRICE_BE,BUY,True,TARGET_AFTER_ARM,23558.0,631.0,572.0,0.0,TARGET_WINNER_PRESERVED,TARGET,574.0,2025-08-08 13:30:04.454695821+00:00,
2183,2025-08-08 09:30,2025-08-08T13:30:00+00:00,NY,AUGUST,VALIDATED_SOURCE,NQU5,2,1,-118.0,RESOLVED,SELL,STOP,13.0,2025-08-08 13:30:00.010224383+00:00,TARGET,1483.0,23558.0,STOP,13.0,23542.75,631.0,-59.0,572.0,BUY_TARGET,8.0,COST_COVER_BE,BUY,True,TARGET_AFTER_ARM,23558.0,631.0,572.0,0.0,TARGET_WINNER_PRESERVED,TARGET,574.0,2025-08-08 13:30:04.454695821+00:00,
2183,2025-08-08 09:30,2025-08-08T13:30:00+00:00,NY,AUGUST,VALIDATED_SOURCE,NQU5,2,2,-118.0,RESOLVED,SELL,STOP,13.0,2025-08-08 13:30:00.010224383+00:00,TARGET,1483.0,23558.0,STOP,13.0,23543.0,631.0,-69.0,562.0,BUY_TARGET,0.5,PRICE_BE,BUY,True,PRICE_BE,23541.25,-39.0,-108.0,-670.0,TARGET_WINNER_SCRATCHED,TARGET,24.0,2025-08-08 13:30:00.021703811+00:00,631.0
2183,2025-08-08 09:30,2025-08-08T13:30:00+00:00,NY,AUGUST,VALIDATED_SOURCE,NQU5,2,2,-118.0,RESOLVED,SELL,STOP,13.0,2025-08-08 13:30:00.010224383+00:00,TARGET,1483.0,23558.0,STOP,13.0,23543.0,631.0,-69.0,562.0,BUY_TARGET,0.5,COST_COVER_BE,BUY,True,COST_COVER_BE,23542.0,-9.0,-78.0,-640.0,TARGET_WINNER_SCRATCHED,TARGET,24.0,2025-08-08 13:30:00.021703811+00:00,631.0
2183,2025-08-08 09:30,2025-08-08T13:30:00+00:00,NY,AUGUST,VALIDATED_SOURCE,NQU5,2,2,-118.0,RESOLVED,SELL,STOP,13.0,2025-08-08 13:30:00.010224383+00:00,TARGET,1483.0,23558.0,STOP,13.0,23543.0,631.0,-69.0,562.0,BUY_TARGET,1.0,PRICE_BE,BUY,True,PRICE_BE,23541.25,-39.0,-108.0,-670.0,TARGET_WINNER_SCRATCHED,TARGET,29.0,2025-08-08 13:30:00.025107951+00:00,631.0
2183,2025-08-08 09:30,2025-08-08T13:30:00+00:00,NY,AUGUST,VALIDATED_SOURCE,NQU5,2,2,-118.0,RESOLVED,SELL,STOP,13.0,2025-08-08 13:30:00.010224383+00:00,TARGET,1483.0,23558.0,STOP,13.0,23543.0,631.0,-69.0,562.0,BUY_TARGET,1.0,COST_COVER_BE,BUY,True,COST_COVER_BE,23542.0,-9.0,-78.0,-640.0,TARGET_WINNER_SCRATCHED,TARGET,29.0,2025-08-08 13:30:00.025107951+00:00,631.0
2183,2025-08-08 09:30,2025-08-08T13:30:00+00:00,NY,AUGUST,VALIDATED_SOURCE,NQU5,2,2,-118.0,RESOLVED,SELL,STOP,13.0,2025-08-08 13:30:00.010224383+00:00,TARGET,1483.0,23558.0,STOP,13.0,23543.0,631.0,-69.0,562.0,BUY_TARGET,2.0,PRICE_BE,BUY,True,PRICE_BE,23541.25,-39.0,-108.0,-670.0,TARGET_WINNER_SCRATCHED,TARGET,39.0,2025-08-08 13:30:00.030505363+00:00,631.0
2183,2025-08-08 09:30,2025-08-08T13:30:00+00:00,NY,AUGUST,VALIDATED_SOURCE,NQU5,2,2,-118.0,RESOLVED,SELL,STOP,13.0,2025-08-08 13:30:00.010224383+00:00,TARGET,1483.0,23558.0,STOP,13.0,23543.0,631.0,-69.0,562.0,BUY_TARGET,2.0,COST_COVER_BE,BUY,True,COST_COVER_BE,23542.0,-9.0,-78.0,-640.0,TARGET_WINNER_SCRATCHED,TARGET,39.0,2025-08-08 13:30:00.030505363+00:00,631.0
2183,2025-08-08 09:30,2025-08-08T13:30:00+00:00,NY,AUGUST,VALIDATED_SOURCE,NQU5,2,2,-118.0,RESOLVED,SELL,STOP,13.0,2025-08-08 13:30:00.010224383+00:00,TARGET,1483.0,23558.0,STOP,13.0,23543.0,631.0,-69.0,562.0,BUY_TARGET,3.0,PRICE_BE,BUY,True,PRICE_BE,23541.25,-39.0,-108.0,-670.0,TARGET_WINNER_SCRATCHED,TARGET,52.0,2025-08-08 13:30:00.042156817+00:00,631.0
2183,2025-08-08 09:30,2025-08-08T13:30:00+00:00,NY,AUGUST,VALIDATED_SOURCE,NQU5,2,2,-118.0,RESOLVED,SELL,STOP,13.0,2025-08-08 13:30:00.010224383+00:00,TARGET,1483.0,23558.0,STOP,13.0,23543.0,631.0,-69.0,562.0,BUY_TARGET,3.0,COST_COVER_BE,BUY,True,COST_COVER_BE,23542.0,-9.0,-78.0,-640.0,TARGET_WINNER_SCRATCHED,TARGET,52.0,2025-08-08 13:30:00.042156817+00:00,631.0
2183,2025-08-08 09:30,2025-08-08T13:30:00+00:00,NY,AUGUST,VALIDATED_SOURCE,NQU5,2,2,-118.0,RESOLVED,SELL,STOP,13.0,2025-08-08 13:30:00.010224383+00:00,TARGET,1483.0,23558.0,STOP,13.0,23543.0,631.0,-69.0,562.0,BUY_TARGET,4.0,PRICE_BE,BUY,True,PRICE_BE,23541.25,-39.0,-108.0,-670.0,TARGET_WINNER_SCRATCHED,TARGET,67.0,2025-08-08 13:30:00.060616357+00:00,631.0
2183,2025-08-08 09:30,2025-08-08T13:30:00+00:00,NY,AUGUST,VALIDATED_SOURCE,NQU5,2,2,-118.0,RESOLVED,SELL,STOP,13.0,2025-08-08 13:30:00.010224383+00:00,TARGET,1483.0,23558.0,STOP,13.0,23543.0,631.0,-69.0,562.0,BUY_TARGET,4.0,COST_COVER_BE,BUY,True,COST_COVER_BE,23542.0,-9.0,-78.0,-640.0,TARGET_WINNER_SCRATCHED,TARGET,67.0,2025-08-08 13:30:00.060616357+00:00,631.0
2183,2025-08-08 09:30,2025-08-08T13:30:00+00:00,NY,AUGUST,VALIDATED_SOURCE,NQU5,2,2,-118.0,RESOLVED,SELL,STOP,13.0,2025-08-08 13:30:00.010224383+00:00,TARGET,1483.0,23558.0,STOP,13.0,23543.0,631.0,-69.0,562.0,BUY_TARGET,5.0,PRICE_BE,BUY,True,PRICE_BE,23541.25,-39.0,-108.0,-670.0,TARGET_WINNER_SCRATCHED,TARGET,120.0,2025-08-08 13:30:00.128776049+00:00,631.0
2183,2025-08-08 09:30,2025-08-08T13:30:00+00:00,NY,AUGUST,VALIDATED_SOURCE,NQU5,2,2,-118.0,RESOLVED,SELL,STOP,13.0,2025-08-08 13:30:00.010224383+00:00,TARGET,1483.0,23558.0,STOP,13.0,23543.0,631.0,-69.0,562.0,BUY_TARGET,5.0,COST_COVER_BE,BUY,True,COST_COVER_BE,23542.0,-9.0,-78.0,-640.0,TARGET_WINNER_SCRATCHED,TARGET,120.0,2025-08-08 13:30:00.128776049+00:00,631.0
2183,2025-08-08 09:30,2025-08-08T13:30:00+00:00,NY,AUGUST,VALIDATED_SOURCE,NQU5,2,2,-118.0,RESOLVED,SELL,STOP,13.0,2025-08-08 13:30:00.010224383+00:00,TARGET,1483.0,23558.0,STOP,13.0,23543.0,631.0,-69.0,562.0,BUY_TARGET,8.0,PRICE_BE,BUY,True,TARGET_AFTER_ARM,23558.0,631.0,562.0,0.0,TARGET_WINNER_PRESERVED,TARGET,574.0,2025-08-08 13:30:04.454695821+00:00,
2183,2025-08-08 09:30,2025-08-08T13:30:00+00:00,NY,AUGUST,VALIDATED_SOURCE,NQU5,2,2,-118.0,RESOLVED,SELL,STOP,13.0,2025-08-08 13:30:00.010224383+00:00,TARGET,1483.0,23558.0,STOP,13.0,23543.0,631.0,-69.0,562.0,BUY_TARGET,8.0,COST_COVER_BE,BUY,True,TARGET_AFTER_ARM,23558.0,631.0,562.0,0.0,TARGET_WINNER_PRESERVED,TARGET,574.0,2025-08-08 13:30:04.454695821+00:00,
2183,2025-08-08 09:30,2025-08-08T13:30:00+00:00,NY,AUGUST,VALIDATED_SOURCE,NQU5,2,4,-118.0,RESOLVED,SELL,STOP,13.0,2025-08-08 13:30:00.010224383+00:00,TARGET,1483.0,23558.0,STOP,13.0,23543.5,631.0,-89.0,542.0,BUY_TARGET,0.5,PRICE_BE,BUY,True,PRICE_BE,23540.75,-59.0,-148.0,-690.0,TARGET_WINNER_SCRATCHED,TARGET,24.0,2025-08-08 13:30:00.021703811+00:00,631.0
2183,2025-08-08 09:30,2025-08-08T13:30:00+00:00,NY,AUGUST,VALIDATED_SOURCE,NQU5,2,4,-118.0,RESOLVED,SELL,STOP,13.0,2025-08-08 13:30:00.010224383+00:00,TARGET,1483.0,23558.0,STOP,13.0,23543.5,631.0,-89.0,542.0,BUY_TARGET,0.5,COST_COVER_BE,BUY,True,COST_COVER_BE,23541.5,-29.0,-118.0,-660.0,TARGET_WINNER_SCRATCHED,TARGET,24.0,2025-08-08 13:30:00.021703811+00:00,631.0
2183,2025-08-08 09:30,2025-08-08T13:30:00+00:00,NY,AUGUST,VALIDATED_SOURCE,NQU5,2,4,-118.0,RESOLVED,SELL,STOP,13.0,2025-08-08 13:30:00.010224383+00:00,TARGET,1483.0,23558.0,STOP,13.0,23543.5,631.0,-89.0,542.0,BUY_TARGET,1.0,PRICE_BE,BUY,True,PRICE_BE,23540.75,-59.0,-148.0,-690.0,TARGET_WINNER_SCRATCHED,TARGET,29.0,2025-08-08 13:30:00.025107951+00:00,631.0
2183,2025-08-08 09:30,2025-08-08T13:30:00+00:00,NY,AUGUST,VALIDATED_SOURCE,NQU5,2,4,-118.0,RESOLVED,SELL,STOP,13.0,2025-08-08 13:30:00.010224383+00:00,TARGET,1483.0,23558.0,STOP,13.0,23543.5,631.0,-89.0,542.0,BUY_TARGET,1.0,COST_COVER_BE,BUY,True,COST_COVER_BE,23541.5,-29.0,-118.0,-660.0,TARGET_WINNER_SCRATCHED,TARGET,29.0,2025-08-08 13:30:00.025107951+00:00,631.0
2183,2025-08-08 09:30,2025-08-08T13:30:00+00:00,NY,AUGUST,VALIDATED_SOURCE,NQU5,2,4,-118.0,RESOLVED,SELL,STOP,13.0,2025-08-08 13:30:00.010224383+00:00,TARGET,1483.0,23558.0,STOP,13.0,23543.5,631.0,-89.0,542.0,BUY_TARGET,2.0,PRICE_BE,BUY,True,PRICE_BE,23540.75,-59.0,-148.0,-690.0,TARGET_WINNER_SCRATCHED,TARGET,39.0,2025-08-08 13:30:00.030505363+00:00,631.0
2183,2025-08-08 09:30,2025-08-08T13:30:00+00:00,NY,AUGUST,VALIDATED_SOURCE,NQU5,2,4,-118.0,RESOLVED,SELL,STOP,13.0,2025-08-08 13:30:00.010224383+00:00,TARGET,1483.0,23558.0,STOP,13.0,23543.5,631.0,-89.0,542.0,BUY_TARGET,2.0,COST_COVER_BE,BUY,True,COST_COVER_BE,23541.5,-29.0,-118.0,-660.0,TARGET_WINNER_SCRATCHED,TARGET,39.0,2025-08-08 13:30:00.030505363+00:00,631.0
2183,2025-08-08 09:30,2025-08-08T13:30:00+00:00,NY,AUGUST,VALIDATED_SOURCE,NQU5,2,4,-118.0,RESOLVED,SELL,STOP,13.0,2025-08-08 13:30:00.010224383+00:00,TARGET,1483.0,23558.0,STOP,13.0,23543.5,631.0,-89.0,542.0,BUY_TARGET,3.0,PRICE_BE,BUY,True,PRICE_BE,23540.75,-59.0,-148.0,-690.0,TARGET_WINNER_SCRATCHED,TARGET,52.0,2025-08-08 13:30:00.042156817+00:00,631.0
2183,2025-08-08 09:30,2025-08-08T13:30:00+00:00,NY,AUGUST,VALIDATED_SOURCE,NQU5,2,4,-118.0,RESOLVED,SELL,STOP,13.0,2025-08-08 13:30:00.010224383+00:00,TARGET,1483.0,23558.0,STOP,13.0,23543.5,631.0,-89.0,542.0,BUY_TARGET,3.0,COST_COVER_BE,BUY,True,COST_COVER_BE,23541.5,-29.0,-118.0,-660.0,TARGET_WINNER_SCRATCHED,TARGET,52.0,2025-08-08 13:30:00.042156817+00:00,631.0
2183,2025-08-08 09:30,2025-08-08T13:30:00+00:00,NY,AUGUST,VALIDATED_SOURCE,NQU5,2,4,-118.0,RESOLVED,SELL,STOP,13.0,2025-08-08 13:30:00.010224383+00:00,TARGET,1483.0,23558.0,STOP,13.0,23543.5,631.0,-89.0,542.0,BUY_TARGET,4.0,PRICE_BE,BUY,True,PRICE_BE,23540.75,-59.0,-148.0,-690.0,TARGET_WINNER_SCRATCHED,TARGET,67.0,2025-08-08 13:30:00.060616357+00:00,631.0
2183,2025-08-08 09:30,2025-08-08T13:30:00+00:00,NY,AUGUST,VALIDATED_SOURCE,NQU5,2,4,-118.0,RESOLVED,SELL,STOP,13.0,2025-08-08 13:30:00.010224383+00:00,TARGET,1483.0,23558.0,STOP,13.0,23543.5,631.0,-89.0,542.0,BUY_TARGET,4.0,COST_COVER_BE,BUY,True,COST_COVER_BE,23541.5,-29.0,-118.0,-660.0,TARGET_WINNER_SCRATCHED,TARGET,67.0,2025-08-08 13:30:00.060616357+00:00,631.0
2183,2025-08-08 09:30,2025-08-08T13:30:00+00:00,NY,AUGUST,VALIDATED_SOURCE,NQU5,2,4,-118.0,RESOLVED,SELL,STOP,13.0,2025-08-08 13:30:00.010224383+00:00,TARGET,1483.0,23558.0,STOP,13.0,23543.5,631.0,-89.0,542.0,BUY_TARGET,5.0,PRICE_BE,BUY,True,PRICE_BE,23540.75,-59.0,-148.0,-690.0,TARGET_WINNER_SCRATCHED,TARGET,120.0,2025-08-08 13:30:00.128776049+00:00,631.0
2183,2025-08-08 09:30,2025-08-08T13:30:00+00:00,NY,AUGUST,VALIDATED_SOURCE,NQU5,2,4,-118.0,RESOLVED,SELL,STOP,13.0,2025-08-08 13:30:00.010224383+00:00,TARGET,1483.0,23558.0,STOP,13.0,23543.5,631.0,-89.0,542.0,BUY_TARGET,5.0,COST_COVER_BE,BUY,True,COST_COVER_BE,23541.5,-29.0,-118.0,-660.0,TARGET_WINNER_SCRATCHED,TARGET,120.0,2025-08-08 13:30:00.128776049+00:00,631.0
2183,2025-08-08 09:30,2025-08-08T13:30:00+00:00,NY,AUGUST,VALIDATED_SOURCE,NQU5,2,4,-118.0,RESOLVED,SELL,STOP,13.0,2025-08-08 13:30:00.010224383+00:00,TARGET,1483.0,23558.0,STOP,13.0,23543.5,631.0,-89.0,542.0,BUY_TARGET,8.0,PRICE_BE,BUY,True,TARGET_AFTER_ARM,23558.0,631.0,542.0,0.0,TARGET_WINNER_PRESERVED,TARGET,574.0,2025-08-08 13:30:04.454695821+00:00,
2183,2025-08-08 09:30,2025-08-08T13:30:00+00:00,NY,AUGUST,VALIDATED_SOURCE,NQU5,2,4,-118.0,RESOLVED,SELL,STOP,13.0,2025-08-08 13:30:00.010224383+00:00,TARGET,1483.0,23558.0,STOP,13.0,23543.5,631.0,-89.0,542.0,BUY_TARGET,8.0,COST_COVER_BE,BUY,True,TARGET_AFTER_ARM,23558.0,631.0,542.0,0.0,TARGET_WINNER_PRESERVED,TARGET,574.0,2025-08-08 13:30:04.454695821+00:00,
2184,2025-08-10 18:00,2025-08-10T22:00:00+00:00,WEEKLY,AUGUST,VALIDATED_SOURCE,NQU5,2,0,-118.0,RESOLVED,BUY,STOP,0.0,2025-08-10 22:00:00.069726097+00:00,STOP,0.0,23763.0,STOP,5.0,23766.0,-59.0,-99.0,-158.0,DOUBLE_STOP,0.5,PRICE_BE,SELL,False,ORIGINAL_STOP_BEFORE_ARM,23766.0,-99.0,-158.0,0.0,DOUBLE_STOP_NOT_RESCUED,STOP,,,
2184,2025-08-10 18:00,2025-08-10T22:00:00+00:00,WEEKLY,AUGUST,VALIDATED_SOURCE,NQU5,2,0,-118.0,RESOLVED,BUY,STOP,0.0,2025-08-10 22:00:00.069726097+00:00,STOP,0.0,23763.0,STOP,5.0,23766.0,-59.0,-99.0,-158.0,DOUBLE_STOP,0.5,COST_COVER_BE,SELL,False,ORIGINAL_STOP_BEFORE_ARM,23766.0,-99.0,-158.0,0.0,DOUBLE_STOP_NOT_RESCUED,STOP,,,
2184,2025-08-10 18:00,2025-08-10T22:00:00+00:00,WEEKLY,AUGUST,VALIDATED_SOURCE,NQU5,2,0,-118.0,RESOLVED,BUY,STOP,0.0,2025-08-10 22:00:00.069726097+00:00,STOP,0.0,23763.0,STOP,5.0,23766.0,-59.0,-99.0,-158.0,DOUBLE_STOP,1.0,PRICE_BE,SELL,False,ORIGINAL_STOP_BEFORE_ARM,23766.0,-99.0,-158.0,0.0,DOUBLE_STOP_NOT_RESCUED,STOP,,,
2184,2025-08-10 18:00,2025-08-10T22:00:00+00:00,WEEKLY,AUGUST,VALIDATED_SOURCE,NQU5,2,0,-118.0,RESOLVED,BUY,STOP,0.0,2025-08-10 22:00:00.069726097+00:00,STOP,0.0,23763.0,STOP,5.0,23766.0,-59.0,-99.0,-158.0,DOUBLE_STOP,1.0,COST_COVER_BE,SELL,False,ORIGINAL_STOP_BEFORE_ARM,23766.0,-99.0,-158.0,0.0,DOUBLE_STOP_NOT_RESCUED,STOP,,,
2184,2025-08-10 18:00,2025-08-10T22:00:00+00:00,WEEKLY,AUGUST,VALIDATED_SOURCE,NQU5,2,0,-118.0,RESOLVED,BUY,STOP,0.0,2025-08-10 22:00:00.069726097+00:00,STOP,0.0,23763.0,STOP,5.0,23766.0,-59.0,-99.0,-158.0,DOUBLE_STOP,2.0,PRICE_BE,SELL,False,ORIGINAL_STOP_BEFORE_ARM,23766.0,-99.0,-158.0,0.0,DOUBLE_STOP_NOT_RESCUED,STOP,,,
2184,2025-08-10 18:00,2025-08-10T22:00:00+00:00,WEEKLY,AUGUST,VALIDATED_SOURCE,NQU5,2,0,-118.0,RESOLVED,BUY,STOP,0.0,2025-08-10 22:00:00.069726097+00:00,STOP,0.0,23763.0,STOP,5.0,23766.0,-59.0,-99.0,-158.0,DOUBLE_STOP,2.0,COST_COVER_BE,SELL,False,ORIGINAL_STOP_BEFORE_ARM,23766.0,-99.0,-158.0,0.0,DOUBLE_STOP_NOT_RESCUED,STOP,,,
2184,2025-08-10 18:00,2025-08-10T22:00:00+00:00,WEEKLY,AUGUST,VALIDATED_SOURCE,NQU5,2,0,-118.0,RESOLVED,BUY,STOP,0.0,2025-08-10 22:00:00.069726097+00:00,STOP,0.0,23763.0,STOP,5.0,23766.0,-59.0,-99.0,-158.0,DOUBLE_STOP,3.0,PRICE_BE,SELL,False,ORIGINAL_STOP_BEFORE_ARM,23766.0,-99.0,-158.0,0.0,DOUBLE_STOP_NOT_RESCUED,STOP,,,
2184,2025-08-10 18:00,2025-08-10T22:00:00+00:00,WEEKLY,AUGUST,VALIDATED_SOURCE,NQU5,2,0,-118.0,RESOLVED,BUY,STOP,0.0,2025-08-10 22:00:00.069726097+00:00,STOP,0.0,23763.0,STOP,5.0,23766.0,-59.0,-99.0,-158.0,DOUBLE_STOP,3.0,COST_COVER_BE,SELL,False,ORIGINAL_STOP_BEFORE_ARM,23766.0,-99.0,-158.0,0.0,DOUBLE_STOP_NOT_RESCUED,STOP,,,
2184,2025-08-10 18:00,2025-08-10T22:00:00+00:00,WEEKLY,AUGUST,VALIDATED_SOURCE,NQU5,2,0,-118.0,RESOLVED,BUY,STOP,0.0,2025-08-10 22:00:00.069726097+00:00,STOP,0.0,23763.0,STOP,5.0,23766.0,-59.0,-99.0,-158.0,DOUBLE_STOP,4.0,PRICE_BE,SELL,False,ORIGINAL_STOP_BEFORE_ARM,23766.0,-99.0,-158.0,0.0,DOUBLE_STOP_NOT_RESCUED,STOP,,,
2184,2025-08-10 18:00,2025-08-10T22:00:00+00:00,WEEKLY,AUGUST,VALIDATED_SOURCE,NQU5,2,0,-118.0,RESOLVED,BUY,STOP,0.0,2025-08-10 22:00:00.069726097+00:00,STOP,0.0,23763.0,STOP,5.0,23766.0,-59.0,-99.0,-158.0,DOUBLE_STOP,4.0,COST_COVER_BE,SELL,False,ORIGINAL_STOP_BEFORE_ARM,23766.0,-99.0,-158.0,0.0,DOUBLE_STOP_NOT_RESCUED,STOP,,,
2184,2025-08-10 18:00,2025-08-10T22:00:00+00:00,WEEKLY,AUGUST,VALIDATED_SOURCE,NQU5,2,0,-118.0,RESOLVED,BUY,STOP,0.0,2025-08-10 22:00:00.069726097+00:00,STOP,0.0,23763.0,STOP,5.0,23766.0,-59.0,-99.0,-158.0,DOUBLE_STOP,5.0,PRICE_BE,SELL,False,ORIGINAL_STOP_BEFORE_ARM,23766.0,-99.0,-158.0,0.0,DOUBLE_STOP_NOT_RESCUED,STOP,,,
2184,2025-08-10 18:00,2025-08-10T22:00:00+00:00,WEEKLY,AUGUST,VALIDATED_SOURCE,NQU5,2,0,-118.0,RESOLVED,BUY,STOP,0.0,2025-08-10 22:00:00.069726097+00:00,STOP,0.0,23763.0,STOP,5.0,23766.0,-59.0,-99.0,-158.0,DOUBLE_STOP,5.0,COST_COVER_BE,SELL,False,ORIGINAL_STOP_BEFORE_ARM,23766.0,-99.0,-158.0,0.0,DOUBLE_STOP_NOT_RESCUED,STOP,,,
2184,2025-08-10 18:00,2025-08-10T22:00:00+00:00,WEEKLY,AUGUST,VALIDATED_SOURCE,NQU5,2,0,-118.0,RESOLVED,BUY,STOP,0.0,2025-08-10 22:00:00.069726097+00:00,STOP,0.0,23763.0,STOP,5.0,23766.0,-59.0,-99.0,-158.0,DOUBLE_STOP,8.0,PRICE_BE,SELL,False,ORIGINAL_STOP_BEFORE_ARM,23766.0,-99.0,-158.0,0.0,DOUBLE_STOP_NOT_RESCUED,STOP,,,
2184,2025-08-10 18:00,2025-08-10T22:00:00+00:00,WEEKLY,AUGUST,VALIDATED_SOURCE,NQU5,2,0,-118.0,RESOLVED,BUY,STOP,0.0,2025-08-10 22:00:00.069726097+00:00,STOP,0.0,23763.0,STOP,5.0,23766.0,-59.0,-99.0,-158.0,DOUBLE_STOP,8.0,COST_COVER_BE,SELL,False,ORIGINAL_STOP_BEFORE_ARM,23766.0,-99.0,-158.0,0.0,DOUBLE_STOP_NOT_RESCUED,STOP,,,
2184,2025-08-10 18:00,2025-08-10T22:00:00+00:00,WEEKLY,AUGUST,VALIDATED_SOURCE,NQU5,2,1,-118.0,RESOLVED,BUY,STOP,0.0,2025-08-10 22:00:00.069726097+00:00,STOP,0.0,23762.75,STOP,5.0,23766.25,-69.0,-109.0,-178.0,DOUBLE_STOP,0.5,PRICE_BE,SELL,False,ORIGINAL_STOP_BEFORE_ARM,23766.25,-109.0,-178.0,0.0,DOUBLE_STOP_NOT_RESCUED,STOP,,,
2184,2025-08-10 18:00,2025-08-10T22:00:00+00:00,WEEKLY,AUGUST,VALIDATED_SOURCE,NQU5,2,1,-118.0,RESOLVED,BUY,STOP,0.0,2025-08-10 22:00:00.069726097+00:00,STOP,0.0,23762.75,STOP,5.0,23766.25,-69.0,-109.0,-178.0,DOUBLE_STOP,0.5,COST_COVER_BE,SELL,False,ORIGINAL_STOP_BEFORE_ARM,23766.25,-109.0,-178.0,0.0,DOUBLE_STOP_NOT_RESCUED,STOP,,,
2184,2025-08-10 18:00,2025-08-10T22:00:00+00:00,WEEKLY,AUGUST,VALIDATED_SOURCE,NQU5,2,1,-118.0,RESOLVED,BUY,STOP,0.0,2025-08-10 22:00:00.069726097+00:00,STOP,0.0,23762.75,STOP,5.0,23766.25,-69.0,-109.0,-178.0,DOUBLE_STOP,1.0,PRICE_BE,SELL,False,ORIGINAL_STOP_BEFORE_ARM,23766.25,-109.0,-178.0,0.0,DOUBLE_STOP_NOT_RESCUED,STOP,,,
2184,2025-08-10 18:00,2025-08-10T22:00:00+00:00,WEEKLY,AUGUST,VALIDATED_SOURCE,NQU5,2,1,-118.0,RESOLVED,BUY,STOP,0.0,2025-08-10 22:00:00.069726097+00:00,STOP,0.0,23762.75,STOP,5.0,23766.25,-69.0,-109.0,-178.0,DOUBLE_STOP,1.0,COST_COVER_BE,SELL,False,ORIGINAL_STOP_BEFORE_ARM,23766.25,-109.0,-178.0,0.0,DOUBLE_STOP_NOT_RESCUED,STOP,,,
2184,2025-08-10 18:00,2025-08-10T22:00:00+00:00,WEEKLY,AUGUST,VALIDATED_SOURCE,NQU5,2,1,-118.0,RESOLVED,BUY,STOP,0.0,2025-08-10 22:00:00.069726097+00:00,STOP,0.0,23762.75,STOP,5.0,23766.25,-69.0,-109.0,-178.0,DOUBLE_STOP,2.0,PRICE_BE,SELL,False,ORIGINAL_STOP_BEFORE_ARM,23766.25,-109.0,-178.0,0.0,DOUBLE_STOP_NOT_RESCUED,STOP,,,
2184,2025-08-10 18:00,2025-08-10T22:00:00+00:00,WEEKLY,AUGUST,VALIDATED_SOURCE,NQU5,2,1,-118.0,RESOLVED,BUY,STOP,0.0,2025-08-10 22:00:00.069726097+00:00,STOP,0.0,23762.75,STOP,5.0,23766.25,-69.0,-109.0,-178.0,DOUBLE_STOP,2.0,COST_COVER_BE,SELL,False,ORIGINAL_STOP_BEFORE_ARM,23766.25,-109.0,-178.0,0.0,DOUBLE_STOP_NOT_RESCUED,STOP,,,
2184,2025-08-10 18:00,2025-08-10T22:00:00+00:00,WEEKLY,AUGUST,VALIDATED_SOURCE,NQU5,2,1,-118.0,RESOLVED,BUY,STOP,0.0,2025-08-10 22:00:00.069726097+00:00,STOP,0.0,23762.75,STOP,5.0,23766.25,-69.0,-109.0,-178.0,DOUBLE_STOP,3.0,PRICE_BE,SELL,False,ORIGINAL_STOP_BEFORE_ARM,23766.25,-109.0,-178.0,0.0,DOUBLE_STOP_NOT_RESCUED,STOP,,,
2184,2025-08-10 18:00,2025-08-10T22:00:00+00:00,WEEKLY,AUGUST,VALIDATED_SOURCE,NQU5,2,1,-118.0,RESOLVED,BUY,STOP,0.0,2025-08-10 22:00:00.069726097+00:00,STOP,0.0,23762.75,STOP,5.0,23766.25,-69.0,-109.0,-178.0,DOUBLE_STOP,3.0,COST_COVER_BE,SELL,False,ORIGINAL_STOP_BEFORE_ARM,23766.25,-109.0,-178.0,0.0,DOUBLE_STOP_NOT_RESCUED,STOP,,,
2184,2025-08-10 18:00,2025-08-10T22:00:00+00:00,WEEKLY,AUGUST,VALIDATED_SOURCE,NQU5,2,1,-118.0,RESOLVED,BUY,STOP,0.0,2025-08-10 22:00:00.069726097+00:00,STOP,0.0,23762.75,STOP,5.0,23766.25,-69.0,-109.0,-178.0,DOUBLE_STOP,4.0,PRICE_BE,SELL,False,ORIGINAL_STOP_BEFORE_ARM,23766.25,-109.0,-178.0,0.0,DOUBLE_STOP_NOT_RESCUED,STOP,,,
2184,2025-08-10 18:00,2025-08-10T22:00:00+00:00,WEEKLY,AUGUST,VALIDATED_SOURCE,NQU5,2,1,-118.0,RESOLVED,BUY,STOP,0.0,2025-08-10 22:00:00.069726097+00:00,STOP,0.0,23762.75,STOP,5.0,23766.25,-69.0,-109.0,-178.0,DOUBLE_STOP,4.0,COST_COVER_BE,SELL,False,ORIGINAL_STOP_BEFORE_ARM,23766.25,-109.0,-178.0,0.0,DOUBLE_STOP_NOT_RESCUED,STOP,,,
2184,2025-08-10 18:00,2025-08-10T22:00:00+00:00,WEEKLY,AUGUST,VALIDATED_SOURCE,NQU5,2,1,-118.0,RESOLVED,BUY,STOP,0.0,2025-08-10 22:00:00.069726097+00:00,STOP,0.0,23762.75,STOP,5.0,23766.25,-69.0,-109.0,-178.0,DOUBLE_STOP,5.0,PRICE_BE,SELL,False,ORIGINAL_STOP_BEFORE_ARM,23766.25,-109.0,-178.0,0.0,DOUBLE_STOP_NOT_RESCUED,STOP,,,
2184,2025-08-10 18:00,2025-08-10T22:00:00+00:00,WEEKLY,AUGUST,VALIDATED_SOURCE,NQU5,2,1,-118.0,RESOLVED,BUY,STOP,0.0,2025-08-10 22:00:00.069726097+00:00,STOP,0.0,23762.75,STOP,5.0,23766.25,-69.0,-109.0,-178.0,DOUBLE_STOP,5.0,COST_COVER_BE,SELL,False,ORIGINAL_STOP_BEFORE_ARM,23766.25,-109.0,-178.0,0.0,DOUBLE_STOP_NOT_RESCUED,STOP,,,
2184,2025-08-10 18:00,2025-08-10T22:00:00+00:00,WEEKLY,AUGUST,VALIDATED_SOURCE,NQU5,2,1,-118.0,RESOLVED,BUY,STOP,0.0,2025-08-10 22:00:00.069726097+00:00,STOP,0.0,23762.75,STOP,5.0,23766.25,-69.0,-109.0,-178.0,DOUBLE_STOP,8.0,PRICE_BE,SELL,False,ORIGINAL_STOP_BEFORE_ARM,23766.25,-109.0,-178.0,0.0,DOUBLE_STOP_NOT_RESCUED,STOP,,,
2184,2025-08-10 18:00,2025-08-10T22:00:00+00:00,WEEKLY,AUGUST,VALIDATED_SOURCE,NQU5,2,1,-118.0,RESOLVED,BUY,STOP,0.0,2025-08-10 22:00:00.069726097+00:00,STOP,0.0,23762.75,STOP,5.0,23766.25,-69.0,-109.0,-178.0,DOUBLE_STOP,8.0,COST_COVER_BE,SELL,False,ORIGINAL_STOP_BEFORE_ARM,23766.25,-109.0,-178.0,0.0,DOUBLE_STOP_NOT_RESCUED,STOP,,,
2184,2025-08-10 18:00,2025-08-10T22:00:00+00:00,WEEKLY,AUGUST,VALIDATED_SOURCE,NQU5,2,2,-118.0,RESOLVED,BUY,STOP,0.0,2025-08-10 22:00:00.069726097+00:00,STOP,0.0,23762.5,STOP,5.0,23766.5,-79.0,-119.0,-198.0,DOUBLE_STOP,0.5,PRICE_BE,SELL,False,ORIGINAL_STOP_BEFORE_ARM,23766.5,-119.0,-198.0,0.0,DOUBLE_STOP_NOT_RESCUED,STOP,,,
2184,2025-08-10 18:00,2025-08-10T22:00:00+00:00,WEEKLY,AUGUST,VALIDATED_SOURCE,NQU5,2,2,-118.0,RESOLVED,BUY,STOP,0.0,2025-08-10 22:00:00.069726097+00:00,STOP,0.0,23762.5,STOP,5.0,23766.5,-79.0,-119.0,-198.0,DOUBLE_STOP,0.5,COST_COVER_BE,SELL,False,ORIGINAL_STOP_BEFORE_ARM,23766.5,-119.0,-198.0,0.0,DOUBLE_STOP_NOT_RESCUED,STOP,,,
2184,2025-08-10 18:00,2025-08-10T22:00:00+00:00,WEEKLY,AUGUST,VALIDATED_SOURCE,NQU5,2,2,-118.0,RESOLVED,BUY,STOP,0.0,2025-08-10 22:00:00.069726097+00:00,STOP,0.0,23762.5,STOP,5.0,23766.5,-79.0,-119.0,-198.0,DOUBLE_STOP,1.0,PRICE_BE,SELL,False,ORIGINAL_STOP_BEFORE_ARM,23766.5,-119.0,-198.0,0.0,DOUBLE_STOP_NOT_RESCUED,STOP,,,
2184,2025-08-10 18:00,2025-08-10T22:00:00+00:00,WEEKLY,AUGUST,VALIDATED_SOURCE,NQU5,2,2,-118.0,RESOLVED,BUY,STOP,0.0,2025-08-10 22:00:00.069726097+00:00,STOP,0.0,23762.5,STOP,5.0,23766.5,-79.0,-119.0,-198.0,DOUBLE_STOP,1.0,COST_COVER_BE,SELL,False,ORIGINAL_STOP_BEFORE_ARM,23766.5,-119.0,-198.0,0.0,DOUBLE_STOP_NOT_RESCUED,STOP,,,
2184,2025-08-10 18:00,2025-08-10T22:00:00+00:00,WEEKLY,AUGUST,VALIDATED_SOURCE,NQU5,2,2,-118.0,RESOLVED,BUY,STOP,0.0,2025-08-10 22:00:00.069726097+00:00,STOP,0.0,23762.5,STOP,5.0,23766.5,-79.0,-119.0,-198.0,DOUBLE_STOP,2.0,PRICE_BE,SELL,False,ORIGINAL_STOP_BEFORE_ARM,23766.5,-119.0,-198.0,0.0,DOUBLE_STOP_NOT_RESCUED,STOP,,,
2184,2025-08-10 18:00,2025-08-10T22:00:00+00:00,WEEKLY,AUGUST,VALIDATED_SOURCE,NQU5,2,2,-118.0,RESOLVED,BUY,STOP,0.0,2025-08-10 22:00:00.069726097+00:00,STOP,0.0,23762.5,STOP,5.0,23766.5,-79.0,-119.0,-198.0,DOUBLE_STOP,2.0,COST_COVER_BE,SELL,False,ORIGINAL_STOP_BEFORE_ARM,23766.5,-119.0,-198.0,0.0,DOUBLE_STOP_NOT_RESCUED,STOP,,,
2184,2025-08-10 18:00,2025-08-10T22:00:00+00:00,WEEKLY,AUGUST,VALIDATED_SOURCE,NQU5,2,2,-118.0,RESOLVED,BUY,STOP,0.0,2025-08-10 22:00:00.069726097+00:00,STOP,0.0,23762.5,STOP,5.0,23766.5,-79.0,-119.0,-198.0,DOUBLE_STOP,3.0,PRICE_BE,SELL,False,ORIGINAL_STOP_BEFORE_ARM,23766.5,-119.0,-198.0,0.0,DOUBLE_STOP_NOT_RESCUED,STOP,,,
2184,2025-08-10 18:00,2025-08-10T22:00:00+00:00,WEEKLY,AUGUST,VALIDATED_SOURCE,NQU5,2,2,-118.0,RESOLVED,BUY,STOP,0.0,2025-08-10 22:00:00.069726097+00:00,STOP,0.0,23762.5,STOP,5.0,23766.5,-79.0,-119.0,-198.0,DOUBLE_STOP,3.0,COST_COVER_BE,SELL,False,ORIGINAL_STOP_BEFORE_ARM,23766.5,-119.0,-198.0,0.0,DOUBLE_STOP_NOT_RESCUED,STOP,,,
2184,2025-08-10 18:00,2025-08-10T22:00:00+00:00,WEEKLY,AUGUST,VALIDATED_SOURCE,NQU5,2,2,-118.0,RESOLVED,BUY,STOP,0.0,2025-08-10 22:00:00.069726097+00:00,STOP,0.0,23762.5,STOP,5.0,23766.5,-79.0,-119.0,-198.0,DOUBLE_STOP,4.0,PRICE_BE,SELL,False,ORIGINAL_STOP_BEFORE_ARM,23766.5,-119.0,-198.0,0.0,DOUBLE_STOP_NOT_RESCUED,STOP,,,
2184,2025-08-10 18:00,2025-08-10T22:00:00+00:00,WEEKLY,AUGUST,VALIDATED_SOURCE,NQU5,2,2,-118.0,RESOLVED,BUY,STOP,0.0,2025-08-10 22:00:00.069726097+00:00,STOP,0.0,23762.5,STOP,5.0,23766.5,-79.0,-119.0,-198.0,DOUBLE_STOP,4.0,COST_COVER_BE,SELL,False,ORIGINAL_STOP_BEFORE_ARM,23766.5,-119.0,-198.0,0.0,DOUBLE_STOP_NOT_RESCUED,STOP,,,
2184,2025-08-10 18:00,2025-08-10T22:00:00+00:00,WEEKLY,AUGUST,VALIDATED_SOURCE,NQU5,2,2,-118.0,RESOLVED,BUY,STOP,0.0,2025-08-10 22:00:00.069726097+00:00,STOP,0.0,23762.5,STOP,5.0,23766.5,-79.0,-119.0,-198.0,DOUBLE_STOP,5.0,PRICE_BE,SELL,False,ORIGINAL_STOP_BEFORE_ARM,23766.5,-119.0,-198.0,0.0,DOUBLE_STOP_NOT_RESCUED,STOP,,,
2184,2025-08-10 18:00,2025-08-10T22:00:00+00:00,WEEKLY,AUGUST,VALIDATED_SOURCE,NQU5,2,2,-118.0,RESOLVED,BUY,STOP,0.0,2025-08-10 22:00:00.069726097+00:00,STOP,0.0,23762.5,STOP,5.0,23766.5,-79.0,-119.0,-198.0,DOUBLE_STOP,5.0,COST_COVER_BE,SELL,False,ORIGINAL_STOP_BEFORE_ARM,23766.5,-119.0,-198.0,0.0,DOUBLE_STOP_NOT_RESCUED,STOP,,,
2184,2025-08-10 18:00,2025-08-10T22:00:00+00:00,WEEKLY,AUGUST,VALIDATED_SOURCE,NQU5,2,2,-118.0,RESOLVED,BUY,STOP,0.0,2025-08-10 22:00:00.069726097+00:00,STOP,0.0,23762.5,STOP,5.0,23766.5,-79.0,-119.0,-198.0,DOUBLE_STOP,8.0,PRICE_BE,SELL,False,ORIGINAL_STOP_BEFORE_ARM,23766.5,-119.0,-198.0,0.0,DOUBLE_STOP_NOT_RESCUED,STOP,,,
2184,2025-08-10 18:00,2025-08-10T22:00:00+00:00,WEEKLY,AUGUST,VALIDATED_SOURCE,NQU5,2,2,-118.0,RESOLVED,BUY,STOP,0.0,2025-08-10 22:00:00.069726097+00:00,STOP,0.0,23762.5,STOP,5.0,23766.5,-79.0,-119.0,-198.0,DOUBLE_STOP,8.0,COST_COVER_BE,SELL,False,ORIGINAL_STOP_BEFORE_ARM,23766.5,-119.0,-198.0,0.0,DOUBLE_STOP_NOT_RESCUED,STOP,,,
2184,2025-08-10 18:00,2025-08-10T22:00:00+00:00,WEEKLY,AUGUST,VALIDATED_SOURCE,NQU5,2,4,-118.0,RESOLVED,BUY,STOP,0.0,2025-08-10 22:00:00.069726097+00:00,STOP,0.0,23762.0,STOP,5.0,23767.0,-99.0,-139.0,-238.0,DOUBLE_STOP,0.5,PRICE_BE,SELL,False,ORIGINAL_STOP_BEFORE_ARM,23767.0,-139.0,-238.0,0.0,DOUBLE_STOP_NOT_RESCUED,STOP,,,
2184,2025-08-10 18:00,2025-08-10T22:00:00+00:00,WEEKLY,AUGUST,VALIDATED_SOURCE,NQU5,2,4,-118.0,RESOLVED,BUY,STOP,0.0,2025-08-10 22:00:00.069726097+00:00,STOP,0.0,23762.0,STOP,5.0,23767.0,-99.0,-139.0,-238.0,DOUBLE_STOP,0.5,COST_COVER_BE,SELL,False,ORIGINAL_STOP_BEFORE_ARM,23767.0,-139.0,-238.0,0.0,DOUBLE_STOP_NOT_RESCUED,STOP,,,
2184,2025-08-10 18:00,2025-08-10T22:00:00+00:00,WEEKLY,AUGUST,VALIDATED_SOURCE,NQU5,2,4,-118.0,RESOLVED,BUY,STOP,0.0,2025-08-10 22:00:00.069726097+00:00,STOP,0.0,23762.0,STOP,5.0,23767.0,-99.0,-139.0,-238.0,DOUBLE_STOP,1.0,PRICE_BE,SELL,False,ORIGINAL_STOP_BEFORE_ARM,23767.0,-139.0,-238.0,0.0,DOUBLE_STOP_NOT_RESCUED,STOP,,,
2184,2025-08-10 18:00,2025-08-10T22:00:00+00:00,WEEKLY,AUGUST,VALIDATED_SOURCE,NQU5,2,4,-118.0,RESOLVED,BUY,STOP,0.0,2025-08-10 22:00:00.069726097+00:00,STOP,0.0,23762.0,STOP,5.0,23767.0,-99.0,-139.0,-238.0,DOUBLE_STOP,1.0,COST_COVER_BE,SELL,False,ORIGINAL_STOP_BEFORE_ARM,23767.0,-139.0,-238.0,0.0,DOUBLE_STOP_NOT_RESCUED,STOP,,,
2184,2025-08-10 18:00,2025-08-10T22:00:00+00:00,WEEKLY,AUGUST,VALIDATED_SOURCE,NQU5,2,4,-118.0,RESOLVED,BUY,STOP,0.0,2025-08-10 22:00:00.069726097+00:00,STOP,0.0,23762.0,STOP,5.0,23767.0,-99.0,-139.0,-238.0,DOUBLE_STOP,2.0,PRICE_BE,SELL,False,ORIGINAL_STOP_BEFORE_ARM,23767.0,-139.0,-238.0,0.0,DOUBLE_STOP_NOT_RESCUED,STOP,,,
2184,2025-08-10 18:00,2025-08-10T22:00:00+00:00,WEEKLY,AUGUST,VALIDATED_SOURCE,NQU5,2,4,-118.0,RESOLVED,BUY,STOP,0.0,2025-08-10 22:00:00.069726097+00:00,STOP,0.0,23762.0,STOP,5.0,23767.0,-99.0,-139.0,-238.0,DOUBLE_STOP,2.0,COST_COVER_BE,SELL,False,ORIGINAL_STOP_BEFORE_ARM,23767.0,-139.0,-238.0,0.0,DOUBLE_STOP_NOT_RESCUED,STOP,,,
2184,2025-08-10 18:00,2025-08-10T22:00:00+00:00,WEEKLY,AUGUST,VALIDATED_SOURCE,NQU5,2,4,-118.0,RESOLVED,BUY,STOP,0.0,2025-08-10 22:00:00.069726097+00:00,STOP,0.0,23762.0,STOP,5.0,23767.0,-99.0,-139.0,-238.0,DOUBLE_STOP,3.0,PRICE_BE,SELL,False,ORIGINAL_STOP_BEFORE_ARM,23767.0,-139.0,-238.0,0.0,DOUBLE_STOP_NOT_RESCUED,STOP,,,
2184,2025-08-10 18:00,2025-08-10T22:00:00+00:00,WEEKLY,AUGUST,VALIDATED_SOURCE,NQU5,2,4,-118.0,RESOLVED,BUY,STOP,0.0,2025-08-10 22:00:00.069726097+00:00,STOP,0.0,23762.0,STOP,5.0,23767.0,-99.0,-139.0,-238.0,DOUBLE_STOP,3.0,COST_COVER_BE,SELL,False,ORIGINAL_STOP_BEFORE_ARM,23767.0,-139.0,-238.0,0.0,DOUBLE_STOP_NOT_RESCUED,STOP,,,
2184,2025-08-10 18:00,2025-08-10T22:00:00+00:00,WEEKLY,AUGUST,VALIDATED_SOURCE,NQU5,2,4,-118.0,RESOLVED,BUY,STOP,0.0,2025-08-10 22:00:00.069726097+00:00,STOP,0.0,23762.0,STOP,5.0,23767.0,-99.0,-139.0,-238.0,DOUBLE_STOP,4.0,PRICE_BE,SELL,False,ORIGINAL_STOP_BEFORE_ARM,23767.0,-139.0,-238.0,0.0,DOUBLE_STOP_NOT_RESCUED,STOP,,,
2184,2025-08-10 18:00,2025-08-10T22:00:00+00:00,WEEKLY,AUGUST,VALIDATED_SOURCE,NQU5,2,4,-118.0,RESOLVED,BUY,STOP,0.0,2025-08-10 22:00:00.069726097+00:00,STOP,0.0,23762.0,STOP,5.0,23767.0,-99.0,-139.0,-238.0,DOUBLE_STOP,4.0,COST_COVER_BE,SELL,False,ORIGINAL_STOP_BEFORE_ARM,23767.0,-139.0,-238.0,0.0,DOUBLE_STOP_NOT_RESCUED,STOP,,,
2184,2025-08-10 18:00,2025-08-10T22:00:00+00:00,WEEKLY,AUGUST,VALIDATED_SOURCE,NQU5,2,4,-118.0,RESOLVED,BUY,STOP,0.0,2025-08-10 22:00:00.069726097+00:00,STOP,0.0,23762.0,STOP,5.0,23767.0,-99.0,-139.0,-238.0,DOUBLE_STOP,5.0,PRICE_BE,SELL,False,ORIGINAL_STOP_BEFORE_ARM,23767.0,-139.0,-238.0,0.0,DOUBLE_STOP_NOT_RESCUED,STOP,,,
2184,2025-08-10 18:00,2025-08-10T22:00:00+00:00,WEEKLY,AUGUST,VALIDATED_SOURCE,NQU5,2,4,-118.0,RESOLVED,BUY,STOP,0.0,2025-08-10 22:00:00.069726097+00:00,STOP,0.0,23762.0,STOP,5.0,23767.0,-99.0,-139.0,-238.0,DOUBLE_STOP,5.0,COST_COVER_BE,SELL,False,ORIGINAL_STOP_BEFORE_ARM,23767.0,-139.0,-238.0,0.0,DOUBLE_STOP_NOT_RESCUED,STOP,,,
2184,2025-08-10 18:00,2025-08-10T22:00:00+00:00,WEEKLY,AUGUST,VALIDATED_SOURCE,NQU5,2,4,-118.0,RESOLVED,BUY,STOP,0.0,2025-08-10 22:00:00.069726097+00:00,STOP,0.0,23762.0,STOP,5.0,23767.0,-99.0,-139.0,-238.0,DOUBLE_STOP,8.0,PRICE_BE,SELL,False,ORIGINAL_STOP_BEFORE_ARM,23767.0,-139.0,-238.0,0.0,DOUBLE_STOP_NOT_RESCUED,STOP,,,
2184,2025-08-10 18:00,2025-08-10T22:00:00+00:00,WEEKLY,AUGUST,VALIDATED_SOURCE,NQU5,2,4,-118.0,RESOLVED,BUY,STOP,0.0,2025-08-10 22:00:00.069726097+00:00,STOP,0.0,23762.0,STOP,5.0,23767.0,-99.0,-139.0,-238.0,DOUBLE_STOP,8.0,COST_COVER_BE,SELL,False,ORIGINAL_STOP_BEFORE_ARM,23767.0,-139.0,-238.0,0.0,DOUBLE_STOP_NOT_RESCUED,STOP,,,
2185,2025-08-11 09:30,2025-08-11T13:30:00+00:00,NY,AUGUST,VALIDATED_SOURCE,NQU5,2,0,-118.0,RESOLVED,SELL,STOP,5.0,2025-08-11 13:30:00.000428373+00:00,STOP,237.0,23715.0,STOP,5.0,23716.5,-49.0,-49.0,-98.0,DOUBLE_STOP,0.5,PRICE_BE,BUY,True,PRICE_BE,23716.25,1.0,-48.0,50.0,DOUBLE_STOP_RESCUED,STOP,40.0,2025-08-11 13:30:00.030413211+00:00,-49.0
2185,2025-08-11 09:30,2025-08-11T13:30:00+00:00,NY,AUGUST,VALIDATED_SOURCE,NQU5,2,0,-118.0,RESOLVED,SELL,STOP,5.0,2025-08-11 13:30:00.000428373+00:00,STOP,237.0,23715.0,STOP,5.0,23716.5,-49.0,-49.0,-98.0,DOUBLE_STOP,0.5,COST_COVER_BE,BUY,True,COST_COVER_BE,23716.5,11.0,-38.0,60.0,DOUBLE_STOP_RESCUED,STOP,40.0,2025-08-11 13:30:00.030413211+00:00,-49.0
2185,2025-08-11 09:30,2025-08-11T13:30:00+00:00,NY,AUGUST,VALIDATED_SOURCE,NQU5,2,0,-118.0,RESOLVED,SELL,STOP,5.0,2025-08-11 13:30:00.000428373+00:00,STOP,237.0,23715.0,STOP,5.0,23716.5,-49.0,-49.0,-98.0,DOUBLE_STOP,1.0,PRICE_BE,BUY,True,PRICE_BE,23716.25,1.0,-48.0,50.0,DOUBLE_STOP_RESCUED,STOP,41.0,2025-08-11 13:30:00.032407635+00:00,-49.0
2185,2025-08-11 09:30,2025-08-11T13:30:00+00:00,NY,AUGUST,VALIDATED_SOURCE,NQU5,2,0,-118.0,RESOLVED,SELL,STOP,5.0,2025-08-11 13:30:00.000428373+00:00,STOP,237.0,23715.0,STOP,5.0,23716.5,-49.0,-49.0,-98.0,DOUBLE_STOP,1.0,COST_COVER_BE,BUY,True,COST_COVER_BE,23716.5,11.0,-38.0,60.0,DOUBLE_STOP_RESCUED,STOP,41.0,2025-08-11 13:30:00.032407635+00:00,-49.0
2185,2025-08-11 09:30,2025-08-11T13:30:00+00:00,NY,AUGUST,VALIDATED_SOURCE,NQU5,2,0,-118.0,RESOLVED,SELL,STOP,5.0,2025-08-11 13:30:00.000428373+00:00,STOP,237.0,23715.0,STOP,5.0,23716.5,-49.0,-49.0,-98.0,DOUBLE_STOP,2.0,PRICE_BE,BUY,True,PRICE_BE,23716.25,1.0,-48.0,50.0,DOUBLE_STOP_RESCUED,STOP,50.0,2025-08-11 13:30:00.043634213+00:00,-49.0
2185,2025-08-11 09:30,2025-08-11T13:30:00+00:00,NY,AUGUST,VALIDATED_SOURCE,NQU5,2,0,-118.0,RESOLVED,SELL,STOP,5.0,2025-08-11 13:30:00.000428373+00:00,STOP,237.0,23715.0,STOP,5.0,23716.5,-49.0,-49.0,-98.0,DOUBLE_STOP,2.0,COST_COVER_BE,BUY,True,COST_COVER_BE,23716.5,11.0,-38.0,60.0,DOUBLE_STOP_RESCUED,STOP,50.0,2025-08-11 13:30:00.043634213+00:00,-49.0
2185,2025-08-11 09:30,2025-08-11T13:30:00+00:00,NY,AUGUST,VALIDATED_SOURCE,NQU5,2,0,-118.0,RESOLVED,SELL,STOP,5.0,2025-08-11 13:30:00.000428373+00:00,STOP,237.0,23715.0,STOP,5.0,23716.5,-49.0,-49.0,-98.0,DOUBLE_STOP,3.0,PRICE_BE,BUY,True,PRICE_BE,23716.25,1.0,-48.0,50.0,DOUBLE_STOP_RESCUED,STOP,79.0,2025-08-11 13:30:00.067086371+00:00,-49.0
2185,2025-08-11 09:30,2025-08-11T13:30:00+00:00,NY,AUGUST,VALIDATED_SOURCE,NQU5,2,0,-118.0,RESOLVED,SELL,STOP,5.0,2025-08-11 13:30:00.000428373+00:00,STOP,237.0,23715.0,STOP,5.0,23716.5,-49.0,-49.0,-98.0,DOUBLE_STOP,3.0,COST_COVER_BE,BUY,True,COST_COVER_BE,23716.5,11.0,-38.0,60.0,DOUBLE_STOP_RESCUED,STOP,79.0,2025-08-11 13:30:00.067086371+00:00,-49.0
2185,2025-08-11 09:30,2025-08-11T13:30:00+00:00,NY,AUGUST,VALIDATED_SOURCE,NQU5,2,0,-118.0,RESOLVED,SELL,STOP,5.0,2025-08-11 13:30:00.000428373+00:00,STOP,237.0,23715.0,STOP,5.0,23716.5,-49.0,-49.0,-98.0,DOUBLE_STOP,4.0,PRICE_BE,BUY,False,ORIGINAL_STOP_BEFORE_ARM,23715.0,-49.0,-98.0,0.0,DOUBLE_STOP_NOT_RESCUED,STOP,,,
2185,2025-08-11 09:30,2025-08-11T13:30:00+00:00,NY,AUGUST,VALIDATED_SOURCE,NQU5,2,0,-118.0,RESOLVED,SELL,STOP,5.0,2025-08-11 13:30:00.000428373+00:00,STOP,237.0,23715.0,STOP,5.0,23716.5,-49.0,-49.0,-98.0,DOUBLE_STOP,4.0,COST_COVER_BE,BUY,False,ORIGINAL_STOP_BEFORE_ARM,23715.0,-49.0,-98.0,0.0,DOUBLE_STOP_NOT_RESCUED,STOP,,,
2185,2025-08-11 09:30,2025-08-11T13:30:00+00:00,NY,AUGUST,VALIDATED_SOURCE,NQU5,2,0,-118.0,RESOLVED,SELL,STOP,5.0,2025-08-11 13:30:00.000428373+00:00,STOP,237.0,23715.0,STOP,5.0,23716.5,-49.0,-49.0,-98.0,DOUBLE_STOP,5.0,PRICE_BE,BUY,False,ORIGINAL_STOP_BEFORE_ARM,23715.0,-49.0,-98.0,0.0,DOUBLE_STOP_NOT_RESCUED,STOP,,,
2185,2025-08-11 09:30,2025-08-11T13:30:00+00:00,NY,AUGUST,VALIDATED_SOURCE,NQU5,2,0,-118.0,RESOLVED,SELL,STOP,5.0,2025-08-11 13:30:00.000428373+00:00,STOP,237.0,23715.0,STOP,5.0,23716.5,-49.0,-49.0,-98.0,DOUBLE_STOP,5.0,COST_COVER_BE,BUY,False,ORIGINAL_STOP_BEFORE_ARM,23715.0,-49.0,-98.0,0.0,DOUBLE_STOP_NOT_RESCUED,STOP,,,
2185,2025-08-11 09:30,2025-08-11T13:30:00+00:00,NY,AUGUST,VALIDATED_SOURCE,NQU5,2,0,-118.0,RESOLVED,SELL,STOP,5.0,2025-08-11 13:30:00.000428373+00:00,STOP,237.0,23715.0,STOP,5.0,23716.5,-49.0,-49.0,-98.0,DOUBLE_STOP,8.0,PRICE_BE,BUY,False,ORIGINAL_STOP_BEFORE_ARM,23715.0,-49.0,-98.0,0.0,DOUBLE_STOP_NOT_RESCUED,STOP,,,
2185,2025-08-11 09:30,2025-08-11T13:30:00+00:00,NY,AUGUST,VALIDATED_SOURCE,NQU5,2,0,-118.0,RESOLVED,SELL,STOP,5.0,2025-08-11 13:30:00.000428373+00:00,STOP,237.0,23715.0,STOP,5.0,23716.5,-49.0,-49.0,-98.0,DOUBLE_STOP,8.0,COST_COVER_BE,BUY,False,ORIGINAL_STOP_BEFORE_ARM,23715.0,-49.0,-98.0,0.0,DOUBLE_STOP_NOT_RESCUED,STOP,,,
2185,2025-08-11 09:30,2025-08-11T13:30:00+00:00,NY,AUGUST,VALIDATED_SOURCE,NQU5,2,1,-118.0,RESOLVED,SELL,STOP,5.0,2025-08-11 13:30:00.000428373+00:00,STOP,237.0,23714.75,STOP,5.0,23716.75,-59.0,-59.0,-118.0,DOUBLE_STOP,0.5,PRICE_BE,BUY,True,PRICE_BE,23716.0,-9.0,-68.0,50.0,DOUBLE_STOP_RESCUED,STOP,40.0,2025-08-11 13:30:00.030413211+00:00,-59.0
2185,2025-08-11 09:30,2025-08-11T13:30:00+00:00,NY,AUGUST,VALIDATED_SOURCE,NQU5,2,1,-118.0,RESOLVED,SELL,STOP,5.0,2025-08-11 13:30:00.000428373+00:00,STOP,237.0,23714.75,STOP,5.0,23716.75,-59.0,-59.0,-118.0,DOUBLE_STOP,0.5,COST_COVER_BE,BUY,True,COST_COVER_BE,23716.25,1.0,-58.0,60.0,DOUBLE_STOP_RESCUED,STOP,40.0,2025-08-11 13:30:00.030413211+00:00,-59.0
2185,2025-08-11 09:30,2025-08-11T13:30:00+00:00,NY,AUGUST,VALIDATED_SOURCE,NQU5,2,1,-118.0,RESOLVED,SELL,STOP,5.0,2025-08-11 13:30:00.000428373+00:00,STOP,237.0,23714.75,STOP,5.0,23716.75,-59.0,-59.0,-118.0,DOUBLE_STOP,1.0,PRICE_BE,BUY,True,PRICE_BE,23716.0,-9.0,-68.0,50.0,DOUBLE_STOP_RESCUED,STOP,41.0,2025-08-11 13:30:00.032407635+00:00,-59.0
2185,2025-08-11 09:30,2025-08-11T13:30:00+00:00,NY,AUGUST,VALIDATED_SOURCE,NQU5,2,1,-118.0,RESOLVED,SELL,STOP,5.0,2025-08-11 13:30:00.000428373+00:00,STOP,237.0,23714.75,STOP,5.0,23716.75,-59.0,-59.0,-118.0,DOUBLE_STOP,1.0,COST_COVER_BE,BUY,True,COST_COVER_BE,23716.25,1.0,-58.0,60.0,DOUBLE_STOP_RESCUED,STOP,41.0,2025-08-11 13:30:00.032407635+00:00,-59.0
2185,2025-08-11 09:30,2025-08-11T13:30:00+00:00,NY,AUGUST,VALIDATED_SOURCE,NQU5,2,1,-118.0,RESOLVED,SELL,STOP,5.0,2025-08-11 13:30:00.000428373+00:00,STOP,237.0,23714.75,STOP,5.0,23716.75,-59.0,-59.0,-118.0,DOUBLE_STOP,2.0,PRICE_BE,BUY,True,PRICE_BE,23716.0,-9.0,-68.0,50.0,DOUBLE_STOP_RESCUED,STOP,50.0,2025-08-11 13:30:00.043634213+00:00,-59.0
2185,2025-08-11 09:30,2025-08-11T13:30:00+00:00,NY,AUGUST,VALIDATED_SOURCE,NQU5,2,1,-118.0,RESOLVED,SELL,STOP,5.0,2025-08-11 13:30:00.000428373+00:00,STOP,237.0,23714.75,STOP,5.0,23716.75,-59.0,-59.0,-118.0,DOUBLE_STOP,2.0,COST_COVER_BE,BUY,True,COST_COVER_BE,23716.25,1.0,-58.0,60.0,DOUBLE_STOP_RESCUED,STOP,50.0,2025-08-11 13:30:00.043634213+00:00,-59.0
2185,2025-08-11 09:30,2025-08-11T13:30:00+00:00,NY,AUGUST,VALIDATED_SOURCE,NQU5,2,1,-118.0,RESOLVED,SELL,STOP,5.0,2025-08-11 13:30:00.000428373+00:00,STOP,237.0,23714.75,STOP,5.0,23716.75,-59.0,-59.0,-118.0,DOUBLE_STOP,3.0,PRICE_BE,BUY,True,PRICE_BE,23716.0,-9.0,-68.0,50.0,DOUBLE_STOP_RESCUED,STOP,79.0,2025-08-11 13:30:00.067086371+00:00,-59.0
2185,2025-08-11 09:30,2025-08-11T13:30:00+00:00,NY,AUGUST,VALIDATED_SOURCE,NQU5,2,1,-118.0,RESOLVED,SELL,STOP,5.0,2025-08-11 13:30:00.000428373+00:00,STOP,237.0,23714.75,STOP,5.0,23716.75,-59.0,-59.0,-118.0,DOUBLE_STOP,3.0,COST_COVER_BE,BUY,True,COST_COVER_BE,23716.25,1.0,-58.0,60.0,DOUBLE_STOP_RESCUED,STOP,79.0,2025-08-11 13:30:00.067086371+00:00,-59.0
2185,2025-08-11 09:30,2025-08-11T13:30:00+00:00,NY,AUGUST,VALIDATED_SOURCE,NQU5,2,1,-118.0,RESOLVED,SELL,STOP,5.0,2025-08-11 13:30:00.000428373+00:00,STOP,237.0,23714.75,STOP,5.0,23716.75,-59.0,-59.0,-118.0,DOUBLE_STOP,4.0,PRICE_BE,BUY,False,ORIGINAL_STOP_BEFORE_ARM,23714.75,-59.0,-118.0,0.0,DOUBLE_STOP_NOT_RESCUED,STOP,,,
2185,2025-08-11 09:30,2025-08-11T13:30:00+00:00,NY,AUGUST,VALIDATED_SOURCE,NQU5,2,1,-118.0,RESOLVED,SELL,STOP,5.0,2025-08-11 13:30:00.000428373+00:00,STOP,237.0,23714.75,STOP,5.0,23716.75,-59.0,-59.0,-118.0,DOUBLE_STOP,4.0,COST_COVER_BE,BUY,False,ORIGINAL_STOP_BEFORE_ARM,23714.75,-59.0,-118.0,0.0,DOUBLE_STOP_NOT_RESCUED,STOP,,,
2185,2025-08-11 09:30,2025-08-11T13:30:00+00:00,NY,AUGUST,VALIDATED_SOURCE,NQU5,2,1,-118.0,RESOLVED,SELL,STOP,5.0,2025-08-11 13:30:00.000428373+00:00,STOP,237.0,23714.75,STOP,5.0,23716.75,-59.0,-59.0,-118.0,DOUBLE_STOP,5.0,PRICE_BE,BUY,False,ORIGINAL_STOP_BEFORE_ARM,23714.75,-59.0,-118.0,0.0,DOUBLE_STOP_NOT_RESCUED,STOP,,,
2185,2025-08-11 09:30,2025-08-11T13:30:00+00:00,NY,AUGUST,VALIDATED_SOURCE,NQU5,2,1,-118.0,RESOLVED,SELL,STOP,5.0,2025-08-11 13:30:00.000428373+00:00,STOP,237.0,23714.75,STOP,5.0,23716.75,-59.0,-59.0,-118.0,DOUBLE_STOP,5.0,COST_COVER_BE,BUY,False,ORIGINAL_STOP_BEFORE_ARM,23714.75,-59.0,-118.0,0.0,DOUBLE_STOP_NOT_RESCUED,STOP,,,
2185,2025-08-11 09:30,2025-08-11T13:30:00+00:00,NY,AUGUST,VALIDATED_SOURCE,NQU5,2,1,-118.0,RESOLVED,SELL,STOP,5.0,2025-08-11 13:30:00.000428373+00:00,STOP,237.0,23714.75,STOP,5.0,23716.75,-59.0,-59.0,-118.0,DOUBLE_STOP,8.0,PRICE_BE,BUY,False,ORIGINAL_STOP_BEFORE_ARM,23714.75,-59.0,-118.0,0.0,DOUBLE_STOP_NOT_RESCUED,STOP,,,
2185,2025-08-11 09:30,2025-08-11T13:30:00+00:00,NY,AUGUST,VALIDATED_SOURCE,NQU5,2,1,-118.0,RESOLVED,SELL,STOP,5.0,2025-08-11 13:30:00.000428373+00:00,STOP,237.0,23714.75,STOP,5.0,23716.75,-59.0,-59.0,-118.0,DOUBLE_STOP,8.0,COST_COVER_BE,BUY,False,ORIGINAL_STOP_BEFORE_ARM,23714.75,-59.0,-118.0,0.0,DOUBLE_STOP_NOT_RESCUED,STOP,,,
2185,2025-08-11 09:30,2025-08-11T13:30:00+00:00,NY,AUGUST,VALIDATED_SOURCE,NQU5,2,2,-118.0,RESOLVED,SELL,STOP,5.0,2025-08-11 13:30:00.000428373+00:00,STOP,237.0,23714.5,STOP,5.0,23717.0,-69.0,-69.0,-138.0,DOUBLE_STOP,0.5,PRICE_BE,BUY,True,PRICE_BE,23715.75,-19.0,-88.0,50.0,DOUBLE_STOP_RESCUED,STOP,40.0,2025-08-11 13:30:00.030413211+00:00,-69.0
2185,2025-08-11 09:30,2025-08-11T13:30:00+00:00,NY,AUGUST,VALIDATED_SOURCE,NQU5,2,2,-118.0,RESOLVED,SELL,STOP,5.0,2025-08-11 13:30:00.000428373+00:00,STOP,237.0,23714.5,STOP,5.0,23717.0,-69.0,-69.0,-138.0,DOUBLE_STOP,0.5,COST_COVER_BE,BUY,True,COST_COVER_BE,23716.0,-9.0,-78.0,60.0,DOUBLE_STOP_RESCUED,STOP,40.0,2025-08-11 13:30:00.030413211+00:00,-69.0
2185,2025-08-11 09:30,2025-08-11T13:30:00+00:00,NY,AUGUST,VALIDATED_SOURCE,NQU5,2,2,-118.0,RESOLVED,SELL,STOP,5.0,2025-08-11 13:30:00.000428373+00:00,STOP,237.0,23714.5,STOP,5.0,23717.0,-69.0,-69.0,-138.0,DOUBLE_STOP,1.0,PRICE_BE,BUY,True,PRICE_BE,23715.75,-19.0,-88.0,50.0,DOUBLE_STOP_RESCUED,STOP,41.0,2025-08-11 13:30:00.032407635+00:00,-69.0
2185,2025-08-11 09:30,2025-08-11T13:30:00+00:00,NY,AUGUST,VALIDATED_SOURCE,NQU5,2,2,-118.0,RESOLVED,SELL,STOP,5.0,2025-08-11 13:30:00.000428373+00:00,STOP,237.0,23714.5,STOP,5.0,23717.0,-69.0,-69.0,-138.0,DOUBLE_STOP,1.0,COST_COVER_BE,BUY,True,COST_COVER_BE,23716.0,-9.0,-78.0,60.0,DOUBLE_STOP_RESCUED,STOP,41.0,2025-08-11 13:30:00.032407635+00:00,-69.0
2185,2025-08-11 09:30,2025-08-11T13:30:00+00:00,NY,AUGUST,VALIDATED_SOURCE,NQU5,2,2,-118.0,RESOLVED,SELL,STOP,5.0,2025-08-11 13:30:00.000428373+00:00,STOP,237.0,23714.5,STOP,5.0,23717.0,-69.0,-69.0,-138.0,DOUBLE_STOP,2.0,PRICE_BE,BUY,True,PRICE_BE,23715.75,-19.0,-88.0,50.0,DOUBLE_STOP_RESCUED,STOP,50.0,2025-08-11 13:30:00.043634213+00:00,-69.0
2185,2025-08-11 09:30,2025-08-11T13:30:00+00:00,NY,AUGUST,VALIDATED_SOURCE,NQU5,2,2,-118.0,RESOLVED,SELL,STOP,5.0,2025-08-11 13:30:00.000428373+00:00,STOP,237.0,23714.5,STOP,5.0,23717.0,-69.0,-69.0,-138.0,DOUBLE_STOP,2.0,COST_COVER_BE,BUY,True,COST_COVER_BE,23716.0,-9.0,-78.0,60.0,DOUBLE_STOP_RESCUED,STOP,50.0,2025-08-11 13:30:00.043634213+00:00,-69.0
2185,2025-08-11 09:30,2025-08-11T13:30:00+00:00,NY,AUGUST,VALIDATED_SOURCE,NQU5,2,2,-118.0,RESOLVED,SELL,STOP,5.0,2025-08-11 13:30:00.000428373+00:00,STOP,237.0,23714.5,STOP,5.0,23717.0,-69.0,-69.0,-138.0,DOUBLE_STOP,3.0,PRICE_BE,BUY,True,PRICE_BE,23715.75,-19.0,-88.0,50.0,DOUBLE_STOP_RESCUED,STOP,79.0,2025-08-11 13:30:00.067086371+00:00,-69.0
2185,2025-08-11 09:30,2025-08-11T13:30:00+00:00,NY,AUGUST,VALIDATED_SOURCE,NQU5,2,2,-118.0,RESOLVED,SELL,STOP,5.0,2025-08-11 13:30:00.000428373+00:00,STOP,237.0,23714.5,STOP,5.0,23717.0,-69.0,-69.0,-138.0,DOUBLE_STOP,3.0,COST_COVER_BE,BUY,True,COST_COVER_BE,23716.0,-9.0,-78.0,60.0,DOUBLE_STOP_RESCUED,STOP,79.0,2025-08-11 13:30:00.067086371+00:00,-69.0
2185,2025-08-11 09:30,2025-08-11T13:30:00+00:00,NY,AUGUST,VALIDATED_SOURCE,NQU5,2,2,-118.0,RESOLVED,SELL,STOP,5.0,2025-08-11 13:30:00.000428373+00:00,STOP,237.0,23714.5,STOP,5.0,23717.0,-69.0,-69.0,-138.0,DOUBLE_STOP,4.0,PRICE_BE,BUY,False,ORIGINAL_STOP_BEFORE_ARM,23714.5,-69.0,-138.0,0.0,DOUBLE_STOP_NOT_RESCUED,STOP,,,
2185,2025-08-11 09:30,2025-08-11T13:30:00+00:00,NY,AUGUST,VALIDATED_SOURCE,NQU5,2,2,-118.0,RESOLVED,SELL,STOP,5.0,2025-08-11 13:30:00.000428373+00:00,STOP,237.0,23714.5,STOP,5.0,23717.0,-69.0,-69.0,-138.0,DOUBLE_STOP,4.0,COST_COVER_BE,BUY,False,ORIGINAL_STOP_BEFORE_ARM,23714.5,-69.0,-138.0,0.0,DOUBLE_STOP_NOT_RESCUED,STOP,,,
2185,2025-08-11 09:30,2025-08-11T13:30:00+00:00,NY,AUGUST,VALIDATED_SOURCE,NQU5,2,2,-118.0,RESOLVED,SELL,STOP,5.0,2025-08-11 13:30:00.000428373+00:00,STOP,237.0,23714.5,STOP,5.0,23717.0,-69.0,-69.0,-138.0,DOUBLE_STOP,5.0,PRICE_BE,BUY,False,ORIGINAL_STOP_BEFORE_ARM,23714.5,-69.0,-138.0,0.0,DOUBLE_STOP_NOT_RESCUED,STOP,,,
2185,2025-08-11 09:30,2025-08-11T13:30:00+00:00,NY,AUGUST,VALIDATED_SOURCE,NQU5,2,2,-118.0,RESOLVED,SELL,STOP,5.0,2025-08-11 13:30:00.000428373+00:00,STOP,237.0,23714.5,STOP,5.0,23717.0,-69.0,-69.0,-138.0,DOUBLE_STOP,5.0,COST_COVER_BE,BUY,False,ORIGINAL_STOP_BEFORE_ARM,23714.5,-69.0,-138.0,0.0,DOUBLE_STOP_NOT_RESCUED,STOP,,,
2185,2025-08-11 09:30,2025-08-11T13:30:00+00:00,NY,AUGUST,VALIDATED_SOURCE,NQU5,2,2,-118.0,RESOLVED,SELL,STOP,5.0,2025-08-11 13:30:00.000428373+00:00,STOP,237.0,23714.5,STOP,5.0,23717.0,-69.0,-69.0,-138.0,DOUBLE_STOP,8.0,PRICE_BE,BUY,False,ORIGINAL_STOP_BEFORE_ARM,23714.5,-69.0,-138.0,0.0,DOUBLE_STOP_NOT_RESCUED,STOP,,,
2185,2025-08-11 09:30,2025-08-11T13:30:00+00:00,NY,AUGUST,VALIDATED_SOURCE,NQU5,2,2,-118.0,RESOLVED,SELL,STOP,5.0,2025-08-11 13:30:00.000428373+00:00,STOP,237.0,23714.5,STOP,5.0,23717.0,-69.0,-69.0,-138.0,DOUBLE_STOP,8.0,COST_COVER_BE,BUY,False,ORIGINAL_STOP_BEFORE_ARM,23714.5,-69.0,-138.0,0.0,DOUBLE_STOP_NOT_RESCUED,STOP,,,
2185,2025-08-11 09:30,2025-08-11T13:30:00+00:00,NY,AUGUST,VALIDATED_SOURCE,NQU5,2,4,-118.0,RESOLVED,SELL,STOP,5.0,2025-08-11 13:30:00.000428373+00:00,STOP,237.0,23714.0,STOP,5.0,23717.5,-89.0,-89.0,-178.0,DOUBLE_STOP,0.5,PRICE_BE,BUY,True,PRICE_BE,23715.25,-39.0,-128.0,50.0,DOUBLE_STOP_RESCUED,STOP,40.0,2025-08-11 13:30:00.030413211+00:00,-89.0
2185,2025-08-11 09:30,2025-08-11T13:30:00+00:00,NY,AUGUST,VALIDATED_SOURCE,NQU5,2,4,-118.0,RESOLVED,SELL,STOP,5.0,2025-08-11 13:30:00.000428373+00:00,STOP,237.0,23714.0,STOP,5.0,23717.5,-89.0,-89.0,-178.0,DOUBLE_STOP,0.5,COST_COVER_BE,BUY,True,COST_COVER_BE,23715.5,-29.0,-118.0,60.0,DOUBLE_STOP_RESCUED,STOP,40.0,2025-08-11 13:30:00.030413211+00:00,-89.0
2185,2025-08-11 09:30,2025-08-11T13:30:00+00:00,NY,AUGUST,VALIDATED_SOURCE,NQU5,2,4,-118.0,RESOLVED,SELL,STOP,5.0,2025-08-11 13:30:00.000428373+00:00,STOP,237.0,23714.0,STOP,5.0,23717.5,-89.0,-89.0,-178.0,DOUBLE_STOP,1.0,PRICE_BE,BUY,True,PRICE_BE,23715.25,-39.0,-128.0,50.0,DOUBLE_STOP_RESCUED,STOP,41.0,2025-08-11 13:30:00.032407635+00:00,-89.0
2185,2025-08-11 09:30,2025-08-11T13:30:00+00:00,NY,AUGUST,VALIDATED_SOURCE,NQU5,2,4,-118.0,RESOLVED,SELL,STOP,5.0,2025-08-11 13:30:00.000428373+00:00,STOP,237.0,23714.0,STOP,5.0,23717.5,-89.0,-89.0,-178.0,DOUBLE_STOP,1.0,COST_COVER_BE,BUY,True,COST_COVER_BE,23715.5,-29.0,-118.0,60.0,DOUBLE_STOP_RESCUED,STOP,41.0,2025-08-11 13:30:00.032407635+00:00,-89.0
2185,2025-08-11 09:30,2025-08-11T13:30:00+00:00,NY,AUGUST,VALIDATED_SOURCE,NQU5,2,4,-118.0,RESOLVED,SELL,STOP,5.0,2025-08-11 13:30:00.000428373+00:00,STOP,237.0,23714.0,STOP,5.0,23717.5,-89.0,-89.0,-178.0,DOUBLE_STOP,2.0,PRICE_BE,BUY,True,PRICE_BE,23715.25,-39.0,-128.0,50.0,DOUBLE_STOP_RESCUED,STOP,50.0,2025-08-11 13:30:00.043634213+00:00,-89.0
2185,2025-08-11 09:30,2025-08-11T13:30:00+00:00,NY,AUGUST,VALIDATED_SOURCE,NQU5,2,4,-118.0,RESOLVED,SELL,STOP,5.0,2025-08-11 13:30:00.000428373+00:00,STOP,237.0,23714.0,STOP,5.0,23717.5,-89.0,-89.0,-178.0,DOUBLE_STOP,2.0,COST_COVER_BE,BUY,True,COST_COVER_BE,23715.5,-29.0,-118.0,60.0,DOUBLE_STOP_RESCUED,STOP,50.0,2025-08-11 13:30:00.043634213+00:00,-89.0
2185,2025-08-11 09:30,2025-08-11T13:30:00+00:00,NY,AUGUST,VALIDATED_SOURCE,NQU5,2,4,-118.0,RESOLVED,SELL,STOP,5.0,2025-08-11 13:30:00.000428373+00:00,STOP,237.0,23714.0,STOP,5.0,23717.5,-89.0,-89.0,-178.0,DOUBLE_STOP,3.0,PRICE_BE,BUY,True,PRICE_BE,23715.25,-39.0,-128.0,50.0,DOUBLE_STOP_RESCUED,STOP,79.0,2025-08-11 13:30:00.067086371+00:00,-89.0
2185,2025-08-11 09:30,2025-08-11T13:30:00+00:00,NY,AUGUST,VALIDATED_SOURCE,NQU5,2,4,-118.0,RESOLVED,SELL,STOP,5.0,2025-08-11 13:30:00.000428373+00:00,STOP,237.0,23714.0,STOP,5.0,23717.5,-89.0,-89.0,-178.0,DOUBLE_STOP,3.0,COST_COVER_BE,BUY,True,COST_COVER_BE,23715.5,-29.0,-118.0,60.0,DOUBLE_STOP_RESCUED,STOP,79.0,2025-08-11 13:30:00.067086371+00:00,-89.0
2185,2025-08-11 09:30,2025-08-11T13:30:00+00:00,NY,AUGUST,VALIDATED_SOURCE,NQU5,2,4,-118.0,RESOLVED,SELL,STOP,5.0,2025-08-11 13:30:00.000428373+00:00,STOP,237.0,23714.0,STOP,5.0,23717.5,-89.0,-89.0,-178.0,DOUBLE_STOP,4.0,PRICE_BE,BUY,False,ORIGINAL_STOP_BEFORE_ARM,23714.0,-89.0,-178.0,0.0,DOUBLE_STOP_NOT_RESCUED,STOP,,,
2185,2025-08-11 09:30,2025-08-11T13:30:00+00:00,NY,AUGUST,VALIDATED_SOURCE,NQU5,2,4,-118.0,RESOLVED,SELL,STOP,5.0,2025-08-11 13:30:00.000428373+00:00,STOP,237.0,23714.0,STOP,5.0,23717.5,-89.0,-89.0,-178.0,DOUBLE_STOP,4.0,COST_COVER_BE,BUY,False,ORIGINAL_STOP_BEFORE_ARM,23714.0,-89.0,-178.0,0.0,DOUBLE_STOP_NOT_RESCUED,STOP,,,
2185,2025-08-11 09:30,2025-08-11T13:30:00+00:00,NY,AUGUST,VALIDATED_SOURCE,NQU5,2,4,-118.0,RESOLVED,SELL,STOP,5.0,2025-08-11 13:30:00.000428373+00:00,STOP,237.0,23714.0,STOP,5.0,23717.5,-89.0,-89.0,-178.0,DOUBLE_STOP,5.0,PRICE_BE,BUY,False,ORIGINAL_STOP_BEFORE_ARM,23714.0,-89.0,-178.0,0.0,DOUBLE_STOP_NOT_RESCUED,STOP,,,
2185,2025-08-11 09:30,2025-08-11T13:30:00+00:00,NY,AUGUST,VALIDATED_SOURCE,NQU5,2,4,-118.0,RESOLVED,SELL,STOP,5.0,2025-08-11 13:30:00.000428373+00:00,STOP,237.0,23714.0,STOP,5.0,23717.5,-89.0,-89.0,-178.0,DOUBLE_STOP,5.0,COST_COVER_BE,BUY,False,ORIGINAL_STOP_BEFORE_ARM,23714.0,-89.0,-178.0,0.0,DOUBLE_STOP_NOT_RESCUED,STOP,,,
2185,2025-08-11 09:30,2025-08-11T13:30:00+00:00,NY,AUGUST,VALIDATED_SOURCE,NQU5,2,4,-118.0,RESOLVED,SELL,STOP,5.0,2025-08-11 13:30:00.000428373+00:00,STOP,237.0,23714.0,STOP,5.0,23717.5,-89.0,-89.0,-178.0,DOUBLE_STOP,8.0,PRICE_BE,BUY,False,ORIGINAL_STOP_BEFORE_ARM,23714.0,-89.0,-178.0,0.0,DOUBLE_STOP_NOT_RESCUED,STOP,,,
2185,2025-08-11 09:30,2025-08-11T13:30:00+00:00,NY,AUGUST,VALIDATED_SOURCE,NQU5,2,4,-118.0,RESOLVED,SELL,STOP,5.0,2025-08-11 13:30:00.000428373+00:00,STOP,237.0,23714.0,STOP,5.0,23717.5,-89.0,-89.0,-178.0,DOUBLE_STOP,8.0,COST_COVER_BE,BUY,False,ORIGINAL_STOP_BEFORE_ARM,23714.0,-89.0,-178.0,0.0,DOUBLE_STOP_NOT_RESCUED,STOP,,,
2186,2025-08-12 09:30,2025-08-12T13:30:00+00:00,NY,AUGUST,VALIDATED_SOURCE,NQU5,2,0,572.0,RESOLVED,BUY,STOP,0.0,2025-08-12 13:30:00.001428925+00:00,STOP,0.0,23732.25,STOP,3.0,23733.75,-49.0,-49.0,-98.0,DOUBLE_STOP,0.5,PRICE_BE,SELL,False,ORIGINAL_STOP_BEFORE_ARM,23733.75,-49.0,-98.0,0.0,DOUBLE_STOP_NOT_RESCUED,STOP,,,
2186,2025-08-12 09:30,2025-08-12T13:30:00+00:00,NY,AUGUST,VALIDATED_SOURCE,NQU5,2,0,572.0,RESOLVED,BUY,STOP,0.0,2025-08-12 13:30:00.001428925+00:00,STOP,0.0,23732.25,STOP,3.0,23733.75,-49.0,-49.0,-98.0,DOUBLE_STOP,0.5,COST_COVER_BE,SELL,False,ORIGINAL_STOP_BEFORE_ARM,23733.75,-49.0,-98.0,0.0,DOUBLE_STOP_NOT_RESCUED,STOP,,,
2186,2025-08-12 09:30,2025-08-12T13:30:00+00:00,NY,AUGUST,VALIDATED_SOURCE,NQU5,2,0,572.0,RESOLVED,BUY,STOP,0.0,2025-08-12 13:30:00.001428925+00:00,STOP,0.0,23732.25,STOP,3.0,23733.75,-49.0,-49.0,-98.0,DOUBLE_STOP,1.0,PRICE_BE,SELL,False,ORIGINAL_STOP_BEFORE_ARM,23733.75,-49.0,-98.0,0.0,DOUBLE_STOP_NOT_RESCUED,STOP,,,
2186,2025-08-12 09:30,2025-08-12T13:30:00+00:00,NY,AUGUST,VALIDATED_SOURCE,NQU5,2,0,572.0,RESOLVED,BUY,STOP,0.0,2025-08-12 13:30:00.001428925+00:00,STOP,0.0,23732.25,STOP,3.0,23733.75,-49.0,-49.0,-98.0,DOUBLE_STOP,1.0,COST_COVER_BE,SELL,False,ORIGINAL_STOP_BEFORE_ARM,23733.75,-49.0,-98.0,0.0,DOUBLE_STOP_NOT_RESCUED,STOP,,,
2186,2025-08-12 09:30,2025-08-12T13:30:00+00:00,NY,AUGUST,VALIDATED_SOURCE,NQU5,2,0,572.0,RESOLVED,BUY,STOP,0.0,2025-08-12 13:30:00.001428925+00:00,STOP,0.0,23732.25,STOP,3.0,23733.75,-49.0,-49.0,-98.0,DOUBLE_STOP,2.0,PRICE_BE,SELL,False,ORIGINAL_STOP_BEFORE_ARM,23733.75,-49.0,-98.0,0.0,DOUBLE_STOP_NOT_RESCUED,STOP,,,
2186,2025-08-12 09:30,2025-08-12T13:30:00+00:00,NY,AUGUST,VALIDATED_SOURCE,NQU5,2,0,572.0,RESOLVED,BUY,STOP,0.0,2025-08-12 13:30:00.001428925+00:00,STOP,0.0,23732.25,STOP,3.0,23733.75,-49.0,-49.0,-98.0,DOUBLE_STOP,2.0,COST_COVER_BE,SELL,False,ORIGINAL_STOP_BEFORE_ARM,23733.75,-49.0,-98.0,0.0,DOUBLE_STOP_NOT_RESCUED,STOP,,,
2186,2025-08-12 09:30,2025-08-12T13:30:00+00:00,NY,AUGUST,VALIDATED_SOURCE,NQU5,2,0,572.0,RESOLVED,BUY,STOP,0.0,2025-08-12 13:30:00.001428925+00:00,STOP,0.0,23732.25,STOP,3.0,23733.75,-49.0,-49.0,-98.0,DOUBLE_STOP,3.0,PRICE_BE,SELL,False,ORIGINAL_STOP_BEFORE_ARM,23733.75,-49.0,-98.0,0.0,DOUBLE_STOP_NOT_RESCUED,STOP,,,
2186,2025-08-12 09:30,2025-08-12T13:30:00+00:00,NY,AUGUST,VALIDATED_SOURCE,NQU5,2,0,572.0,RESOLVED,BUY,STOP,0.0,2025-08-12 13:30:00.001428925+00:00,STOP,0.0,23732.25,STOP,3.0,23733.75,-49.0,-49.0,-98.0,DOUBLE_STOP,3.0,COST_COVER_BE,SELL,False,ORIGINAL_STOP_BEFORE_ARM,23733.75,-49.0,-98.0,0.0,DOUBLE_STOP_NOT_RESCUED,STOP,,,
2186,2025-08-12 09:30,2025-08-12T13:30:00+00:00,NY,AUGUST,VALIDATED_SOURCE,NQU5,2,0,572.0,RESOLVED,BUY,STOP,0.0,2025-08-12 13:30:00.001428925+00:00,STOP,0.0,23732.25,STOP,3.0,23733.75,-49.0,-49.0,-98.0,DOUBLE_STOP,4.0,PRICE_BE,SELL,False,ORIGINAL_STOP_BEFORE_ARM,23733.75,-49.0,-98.0,0.0,DOUBLE_STOP_NOT_RESCUED,STOP,,,
2186,2025-08-12 09:30,2025-08-12T13:30:00+00:00,NY,AUGUST,VALIDATED_SOURCE,NQU5,2,0,572.0,RESOLVED,BUY,STOP,0.0,2025-08-12 13:30:00.001428925+00:00,STOP,0.0,23732.25,STOP,3.0,23733.75,-49.0,-49.0,-98.0,DOUBLE_STOP,4.0,COST_COVER_BE,SELL,False,ORIGINAL_STOP_BEFORE_ARM,23733.75,-49.0,-98.0,0.0,DOUBLE_STOP_NOT_RESCUED,STOP,,,
2186,2025-08-12 09:30,2025-08-12T13:30:00+00:00,NY,AUGUST,VALIDATED_SOURCE,NQU5,2,0,572.0,RESOLVED,BUY,STOP,0.0,2025-08-12 13:30:00.001428925+00:00,STOP,0.0,23732.25,STOP,3.0,23733.75,-49.0,-49.0,-98.0,DOUBLE_STOP,5.0,PRICE_BE,SELL,False,ORIGINAL_STOP_BEFORE_ARM,23733.75,-49.0,-98.0,0.0,DOUBLE_STOP_NOT_RESCUED,STOP,,,
2186,2025-08-12 09:30,2025-08-12T13:30:00+00:00,NY,AUGUST,VALIDATED_SOURCE,NQU5,2,0,572.0,RESOLVED,BUY,STOP,0.0,2025-08-12 13:30:00.001428925+00:00,STOP,0.0,23732.25,STOP,3.0,23733.75,-49.0,-49.0,-98.0,DOUBLE_STOP,5.0,COST_COVER_BE,SELL,False,ORIGINAL_STOP_BEFORE_ARM,23733.75,-49.0,-98.0,0.0,DOUBLE_STOP_NOT_RESCUED,STOP,,,
2186,2025-08-12 09:30,2025-08-12T13:30:00+00:00,NY,AUGUST,VALIDATED_SOURCE,NQU5,2,0,572.0,RESOLVED,BUY,STOP,0.0,2025-08-12 13:30:00.001428925+00:00,STOP,0.0,23732.25,STOP,3.0,23733.75,-49.0,-49.0,-98.0,DOUBLE_STOP,8.0,PRICE_BE,SELL,False,ORIGINAL_STOP_BEFORE_ARM,23733.75,-49.0,-98.0,0.0,DOUBLE_STOP_NOT_RESCUED,STOP,,,
2186,2025-08-12 09:30,2025-08-12T13:30:00+00:00,NY,AUGUST,VALIDATED_SOURCE,NQU5,2,0,572.0,RESOLVED,BUY,STOP,0.0,2025-08-12 13:30:00.001428925+00:00,STOP,0.0,23732.25,STOP,3.0,23733.75,-49.0,-49.0,-98.0,DOUBLE_STOP,8.0,COST_COVER_BE,SELL,False,ORIGINAL_STOP_BEFORE_ARM,23733.75,-49.0,-98.0,0.0,DOUBLE_STOP_NOT_RESCUED,STOP,,,
2186,2025-08-12 09:30,2025-08-12T13:30:00+00:00,NY,AUGUST,VALIDATED_SOURCE,NQU5,2,1,572.0,RESOLVED,BUY,STOP,0.0,2025-08-12 13:30:00.001428925+00:00,STOP,0.0,23732.0,STOP,3.0,23734.0,-59.0,-59.0,-118.0,DOUBLE_STOP,0.5,PRICE_BE,SELL,False,ORIGINAL_STOP_BEFORE_ARM,23734.0,-59.0,-118.0,0.0,DOUBLE_STOP_NOT_RESCUED,STOP,,,
2186,2025-08-12 09:30,2025-08-12T13:30:00+00:00,NY,AUGUST,VALIDATED_SOURCE,NQU5,2,1,572.0,RESOLVED,BUY,STOP,0.0,2025-08-12 13:30:00.001428925+00:00,STOP,0.0,23732.0,STOP,3.0,23734.0,-59.0,-59.0,-118.0,DOUBLE_STOP,0.5,COST_COVER_BE,SELL,False,ORIGINAL_STOP_BEFORE_ARM,23734.0,-59.0,-118.0,0.0,DOUBLE_STOP_NOT_RESCUED,STOP,,,
2186,2025-08-12 09:30,2025-08-12T13:30:00+00:00,NY,AUGUST,VALIDATED_SOURCE,NQU5,2,1,572.0,RESOLVED,BUY,STOP,0.0,2025-08-12 13:30:00.001428925+00:00,STOP,0.0,23732.0,STOP,3.0,23734.0,-59.0,-59.0,-118.0,DOUBLE_STOP,1.0,PRICE_BE,SELL,False,ORIGINAL_STOP_BEFORE_ARM,23734.0,-59.0,-118.0,0.0,DOUBLE_STOP_NOT_RESCUED,STOP,,,
2186,2025-08-12 09:30,2025-08-12T13:30:00+00:00,NY,AUGUST,VALIDATED_SOURCE,NQU5,2,1,572.0,RESOLVED,BUY,STOP,0.0,2025-08-12 13:30:00.001428925+00:00,STOP,0.0,23732.0,STOP,3.0,23734.0,-59.0,-59.0,-118.0,DOUBLE_STOP,1.0,COST_COVER_BE,SELL,False,ORIGINAL_STOP_BEFORE_ARM,23734.0,-59.0,-118.0,0.0,DOUBLE_STOP_NOT_RESCUED,STOP,,,
2186,2025-08-12 09:30,2025-08-12T13:30:00+00:00,NY,AUGUST,VALIDATED_SOURCE,NQU5,2,1,572.0,RESOLVED,BUY,STOP,0.0,2025-08-12 13:30:00.001428925+00:00,STOP,0.0,23732.0,STOP,3.0,23734.0,-59.0,-59.0,-118.0,DOUBLE_STOP,2.0,PRICE_BE,SELL,False,ORIGINAL_STOP_BEFORE_ARM,23734.0,-59.0,-118.0,0.0,DOUBLE_STOP_NOT_RESCUED,STOP,,,
2186,2025-08-12 09:30,2025-08-12T13:30:00+00:00,NY,AUGUST,VALIDATED_SOURCE,NQU5,2,1,572.0,RESOLVED,BUY,STOP,0.0,2025-08-12 13:30:00.001428925+00:00,STOP,0.0,23732.0,STOP,3.0,23734.0,-59.0,-59.0,-118.0,DOUBLE_STOP,2.0,COST_COVER_BE,SELL,False,ORIGINAL_STOP_BEFORE_ARM,23734.0,-59.0,-118.0,0.0,DOUBLE_STOP_NOT_RESCUED,STOP,,,
2186,2025-08-12 09:30,2025-08-12T13:30:00+00:00,NY,AUGUST,VALIDATED_SOURCE,NQU5,2,1,572.0,RESOLVED,BUY,STOP,0.0,2025-08-12 13:30:00.001428925+00:00,STOP,0.0,23732.0,STOP,3.0,23734.0,-59.0,-59.0,-118.0,DOUBLE_STOP,3.0,PRICE_BE,SELL,False,ORIGINAL_STOP_BEFORE_ARM,23734.0,-59.0,-118.0,0.0,DOUBLE_STOP_NOT_RESCUED,STOP,,,
2186,2025-08-12 09:30,2025-08-12T13:30:00+00:00,NY,AUGUST,VALIDATED_SOURCE,NQU5,2,1,572.0,RESOLVED,BUY,STOP,0.0,2025-08-12 13:30:00.001428925+00:00,STOP,0.0,23732.0,STOP,3.0,23734.0,-59.0,-59.0,-118.0,DOUBLE_STOP,3.0,COST_COVER_BE,SELL,False,ORIGINAL_STOP_BEFORE_ARM,23734.0,-59.0,-118.0,0.0,DOUBLE_STOP_NOT_RESCUED,STOP,,,
2186,2025-08-12 09:30,2025-08-12T13:30:00+00:00,NY,AUGUST,VALIDATED_SOURCE,NQU5,2,1,572.0,RESOLVED,BUY,STOP,0.0,2025-08-12 13:30:00.001428925+00:00,STOP,0.0,23732.0,STOP,3.0,23734.0,-59.0,-59.0,-118.0,DOUBLE_STOP,4.0,PRICE_BE,SELL,False,ORIGINAL_STOP_BEFORE_ARM,23734.0,-59.0,-118.0,0.0,DOUBLE_STOP_NOT_RESCUED,STOP,,,
2186,2025-08-12 09:30,2025-08-12T13:30:00+00:00,NY,AUGUST,VALIDATED_SOURCE,NQU5,2,1,572.0,RESOLVED,BUY,STOP,0.0,2025-08-12 13:30:00.001428925+00:00,STOP,0.0,23732.0,STOP,3.0,23734.0,-59.0,-59.0,-118.0,DOUBLE_STOP,4.0,COST_COVER_BE,SELL,False,ORIGINAL_STOP_BEFORE_ARM,23734.0,-59.0,-118.0,0.0,DOUBLE_STOP_NOT_RESCUED,STOP,,,
2186,2025-08-12 09:30,2025-08-12T13:30:00+00:00,NY,AUGUST,VALIDATED_SOURCE,NQU5,2,1,572.0,RESOLVED,BUY,STOP,0.0,2025-08-12 13:30:00.001428925+00:00,STOP,0.0,23732.0,STOP,3.0,23734.0,-59.0,-59.0,-118.0,DOUBLE_STOP,5.0,PRICE_BE,SELL,False,ORIGINAL_STOP_BEFORE_ARM,23734.0,-59.0,-118.0,0.0,DOUBLE_STOP_NOT_RESCUED,STOP,,,
2186,2025-08-12 09:30,2025-08-12T13:30:00+00:00,NY,AUGUST,VALIDATED_SOURCE,NQU5,2,1,572.0,RESOLVED,BUY,STOP,0.0,2025-08-12 13:30:00.001428925+00:00,STOP,0.0,23732.0,STOP,3.0,23734.0,-59.0,-59.0,-118.0,DOUBLE_STOP,5.0,COST_COVER_BE,SELL,False,ORIGINAL_STOP_BEFORE_ARM,23734.0,-59.0,-118.0,0.0,DOUBLE_STOP_NOT_RESCUED,STOP,,,
2186,2025-08-12 09:30,2025-08-12T13:30:00+00:00,NY,AUGUST,VALIDATED_SOURCE,NQU5,2,1,572.0,RESOLVED,BUY,STOP,0.0,2025-08-12 13:30:00.001428925+00:00,STOP,0.0,23732.0,STOP,3.0,23734.0,-59.0,-59.0,-118.0,DOUBLE_STOP,8.0,PRICE_BE,SELL,False,ORIGINAL_STOP_BEFORE_ARM,23734.0,-59.0,-118.0,0.0,DOUBLE_STOP_NOT_RESCUED,STOP,,,
2186,2025-08-12 09:30,2025-08-12T13:30:00+00:00,NY,AUGUST,VALIDATED_SOURCE,NQU5,2,1,572.0,RESOLVED,BUY,STOP,0.0,2025-08-12 13:30:00.001428925+00:00,STOP,0.0,23732.0,STOP,3.0,23734.0,-59.0,-59.0,-118.0,DOUBLE_STOP,8.0,COST_COVER_BE,SELL,False,ORIGINAL_STOP_BEFORE_ARM,23734.0,-59.0,-118.0,0.0,DOUBLE_STOP_NOT_RESCUED,STOP,,,
2186,2025-08-12 09:30,2025-08-12T13:30:00+00:00,NY,AUGUST,VALIDATED_SOURCE,NQU5,2,2,572.0,RESOLVED,BUY,STOP,0.0,2025-08-12 13:30:00.001428925+00:00,STOP,0.0,23731.75,STOP,3.0,23734.25,-69.0,-69.0,-138.0,DOUBLE_STOP,0.5,PRICE_BE,SELL,False,ORIGINAL_STOP_BEFORE_ARM,23734.25,-69.0,-138.0,0.0,DOUBLE_STOP_NOT_RESCUED,STOP,,,
2186,2025-08-12 09:30,2025-08-12T13:30:00+00:00,NY,AUGUST,VALIDATED_SOURCE,NQU5,2,2,572.0,RESOLVED,BUY,STOP,0.0,2025-08-12 13:30:00.001428925+00:00,STOP,0.0,23731.75,STOP,3.0,23734.25,-69.0,-69.0,-138.0,DOUBLE_STOP,0.5,COST_COVER_BE,SELL,False,ORIGINAL_STOP_BEFORE_ARM,23734.25,-69.0,-138.0,0.0,DOUBLE_STOP_NOT_RESCUED,STOP,,,
2186,2025-08-12 09:30,2025-08-12T13:30:00+00:00,NY,AUGUST,VALIDATED_SOURCE,NQU5,2,2,572.0,RESOLVED,BUY,STOP,0.0,2025-08-12 13:30:00.001428925+00:00,STOP,0.0,23731.75,STOP,3.0,23734.25,-69.0,-69.0,-138.0,DOUBLE_STOP,1.0,PRICE_BE,SELL,False,ORIGINAL_STOP_BEFORE_ARM,23734.25,-69.0,-138.0,0.0,DOUBLE_STOP_NOT_RESCUED,STOP,,,
2186,2025-08-12 09:30,2025-08-12T13:30:00+00:00,NY,AUGUST,VALIDATED_SOURCE,NQU5,2,2,572.0,RESOLVED,BUY,STOP,0.0,2025-08-12 13:30:00.001428925+00:00,STOP,0.0,23731.75,STOP,3.0,23734.25,-69.0,-69.0,-138.0,DOUBLE_STOP,1.0,COST_COVER_BE,SELL,False,ORIGINAL_STOP_BEFORE_ARM,23734.25,-69.0,-138.0,0.0,DOUBLE_STOP_NOT_RESCUED,STOP,,,
2186,2025-08-12 09:30,2025-08-12T13:30:00+00:00,NY,AUGUST,VALIDATED_SOURCE,NQU5,2,2,572.0,RESOLVED,BUY,STOP,0.0,2025-08-12 13:30:00.001428925+00:00,STOP,0.0,23731.75,STOP,3.0,23734.25,-69.0,-69.0,-138.0,DOUBLE_STOP,2.0,PRICE_BE,SELL,False,ORIGINAL_STOP_BEFORE_ARM,23734.25,-69.0,-138.0,0.0,DOUBLE_STOP_NOT_RESCUED,STOP,,,
2186,2025-08-12 09:30,2025-08-12T13:30:00+00:00,NY,AUGUST,VALIDATED_SOURCE,NQU5,2,2,572.0,RESOLVED,BUY,STOP,0.0,2025-08-12 13:30:00.001428925+00:00,STOP,0.0,23731.75,STOP,3.0,23734.25,-69.0,-69.0,-138.0,DOUBLE_STOP,2.0,COST_COVER_BE,SELL,False,ORIGINAL_STOP_BEFORE_ARM,23734.25,-69.0,-138.0,0.0,DOUBLE_STOP_NOT_RESCUED,STOP,,,
2186,2025-08-12 09:30,2025-08-12T13:30:00+00:00,NY,AUGUST,VALIDATED_SOURCE,NQU5,2,2,572.0,RESOLVED,BUY,STOP,0.0,2025-08-12 13:30:00.001428925+00:00,STOP,0.0,23731.75,STOP,3.0,23734.25,-69.0,-69.0,-138.0,DOUBLE_STOP,3.0,PRICE_BE,SELL,False,ORIGINAL_STOP_BEFORE_ARM,23734.25,-69.0,-138.0,0.0,DOUBLE_STOP_NOT_RESCUED,STOP,,,
2186,2025-08-12 09:30,2025-08-12T13:30:00+00:00,NY,AUGUST,VALIDATED_SOURCE,NQU5,2,2,572.0,RESOLVED,BUY,STOP,0.0,2025-08-12 13:30:00.001428925+00:00,STOP,0.0,23731.75,STOP,3.0,23734.25,-69.0,-69.0,-138.0,DOUBLE_STOP,3.0,COST_COVER_BE,SELL,False,ORIGINAL_STOP_BEFORE_ARM,23734.25,-69.0,-138.0,0.0,DOUBLE_STOP_NOT_RESCUED,STOP,,,
2186,2025-08-12 09:30,2025-08-12T13:30:00+00:00,NY,AUGUST,VALIDATED_SOURCE,NQU5,2,2,572.0,RESOLVED,BUY,STOP,0.0,2025-08-12 13:30:00.001428925+00:00,STOP,0.0,23731.75,STOP,3.0,23734.25,-69.0,-69.0,-138.0,DOUBLE_STOP,4.0,PRICE_BE,SELL,False,ORIGINAL_STOP_BEFORE_ARM,23734.25,-69.0,-138.0,0.0,DOUBLE_STOP_NOT_RESCUED,STOP,,,
2186,2025-08-12 09:30,2025-08-12T13:30:00+00:00,NY,AUGUST,VALIDATED_SOURCE,NQU5,2,2,572.0,RESOLVED,BUY,STOP,0.0,2025-08-12 13:30:00.001428925+00:00,STOP,0.0,23731.75,STOP,3.0,23734.25,-69.0,-69.0,-138.0,DOUBLE_STOP,4.0,COST_COVER_BE,SELL,False,ORIGINAL_STOP_BEFORE_ARM,23734.25,-69.0,-138.0,0.0,DOUBLE_STOP_NOT_RESCUED,STOP,,,
2186,2025-08-12 09:30,2025-08-12T13:30:00+00:00,NY,AUGUST,VALIDATED_SOURCE,NQU5,2,2,572.0,RESOLVED,BUY,STOP,0.0,2025-08-12 13:30:00.001428925+00:00,STOP,0.0,23731.75,STOP,3.0,23734.25,-69.0,-69.0,-138.0,DOUBLE_STOP,5.0,PRICE_BE,SELL,False,ORIGINAL_STOP_BEFORE_ARM,23734.25,-69.0,-138.0,0.0,DOUBLE_STOP_NOT_RESCUED,STOP,,,
2186,2025-08-12 09:30,2025-08-12T13:30:00+00:00,NY,AUGUST,VALIDATED_SOURCE,NQU5,2,2,572.0,RESOLVED,BUY,STOP,0.0,2025-08-12 13:30:00.001428925+00:00,STOP,0.0,23731.75,STOP,3.0,23734.25,-69.0,-69.0,-138.0,DOUBLE_STOP,5.0,COST_COVER_BE,SELL,False,ORIGINAL_STOP_BEFORE_ARM,23734.25,-69.0,-138.0,0.0,DOUBLE_STOP_NOT_RESCUED,STOP,,,
2186,2025-08-12 09:30,2025-08-12T13:30:00+00:00,NY,AUGUST,VALIDATED_SOURCE,NQU5,2,2,572.0,RESOLVED,BUY,STOP,0.0,2025-08-12 13:30:00.001428925+00:00,STOP,0.0,23731.75,STOP,3.0,23734.25,-69.0,-69.0,-138.0,DOUBLE_STOP,8.0,PRICE_BE,SELL,False,ORIGINAL_STOP_BEFORE_ARM,23734.25,-69.0,-138.0,0.0,DOUBLE_STOP_NOT_RESCUED,STOP,,,
2186,2025-08-12 09:30,2025-08-12T13:30:00+00:00,NY,AUGUST,VALIDATED_SOURCE,NQU5,2,2,572.0,RESOLVED,BUY,STOP,0.0,2025-08-12 13:30:00.001428925+00:00,STOP,0.0,23731.75,STOP,3.0,23734.25,-69.0,-69.0,-138.0,DOUBLE_STOP,8.0,COST_COVER_BE,SELL,False,ORIGINAL_STOP_BEFORE_ARM,23734.25,-69.0,-138.0,0.0,DOUBLE_STOP_NOT_RESCUED,STOP,,,
2186,2025-08-12 09:30,2025-08-12T13:30:00+00:00,NY,AUGUST,VALIDATED_SOURCE,NQU5,2,4,572.0,RESOLVED,BUY,STOP,0.0,2025-08-12 13:30:00.001428925+00:00,STOP,0.0,23731.25,STOP,3.0,23734.75,-89.0,-89.0,-178.0,DOUBLE_STOP,0.5,PRICE_BE,SELL,False,ORIGINAL_STOP_BEFORE_ARM,23734.75,-89.0,-178.0,0.0,DOUBLE_STOP_NOT_RESCUED,STOP,,,
2186,2025-08-12 09:30,2025-08-12T13:30:00+00:00,NY,AUGUST,VALIDATED_SOURCE,NQU5,2,4,572.0,RESOLVED,BUY,STOP,0.0,2025-08-12 13:30:00.001428925+00:00,STOP,0.0,23731.25,STOP,3.0,23734.75,-89.0,-89.0,-178.0,DOUBLE_STOP,0.5,COST_COVER_BE,SELL,False,ORIGINAL_STOP_BEFORE_ARM,23734.75,-89.0,-178.0,0.0,DOUBLE_STOP_NOT_RESCUED,STOP,,,
2186,2025-08-12 09:30,2025-08-12T13:30:00+00:00,NY,AUGUST,VALIDATED_SOURCE,NQU5,2,4,572.0,RESOLVED,BUY,STOP,0.0,2025-08-12 13:30:00.001428925+00:00,STOP,0.0,23731.25,STOP,3.0,23734.75,-89.0,-89.0,-178.0,DOUBLE_STOP,1.0,PRICE_BE,SELL,False,ORIGINAL_STOP_BEFORE_ARM,23734.75,-89.0,-178.0,0.0,DOUBLE_STOP_NOT_RESCUED,STOP,,,
2186,2025-08-12 09:30,2025-08-12T13:30:00+00:00,NY,AUGUST,VALIDATED_SOURCE,NQU5,2,4,572.0,RESOLVED,BUY,STOP,0.0,2025-08-12 13:30:00.001428925+00:00,STOP,0.0,23731.25,STOP,3.0,23734.75,-89.0,-89.0,-178.0,DOUBLE_STOP,1.0,COST_COVER_BE,SELL,False,ORIGINAL_STOP_BEFORE_ARM,23734.75,-89.0,-178.0,0.0,DOUBLE_STOP_NOT_RESCUED,STOP,,,
2186,2025-08-12 09:30,2025-08-12T13:30:00+00:00,NY,AUGUST,VALIDATED_SOURCE,NQU5,2,4,572.0,RESOLVED,BUY,STOP,0.0,2025-08-12 13:30:00.001428925+00:00,STOP,0.0,23731.25,STOP,3.0,23734.75,-89.0,-89.0,-178.0,DOUBLE_STOP,2.0,PRICE_BE,SELL,False,ORIGINAL_STOP_BEFORE_ARM,23734.75,-89.0,-178.0,0.0,DOUBLE_STOP_NOT_RESCUED,STOP,,,
2186,2025-08-12 09:30,2025-08-12T13:30:00+00:00,NY,AUGUST,VALIDATED_SOURCE,NQU5,2,4,572.0,RESOLVED,BUY,STOP,0.0,2025-08-12 13:30:00.001428925+00:00,STOP,0.0,23731.25,STOP,3.0,23734.75,-89.0,-89.0,-178.0,DOUBLE_STOP,2.0,COST_COVER_BE,SELL,False,ORIGINAL_STOP_BEFORE_ARM,23734.75,-89.0,-178.0,0.0,DOUBLE_STOP_NOT_RESCUED,STOP,,,
2186,2025-08-12 09:30,2025-08-12T13:30:00+00:00,NY,AUGUST,VALIDATED_SOURCE,NQU5,2,4,572.0,RESOLVED,BUY,STOP,0.0,2025-08-12 13:30:00.001428925+00:00,STOP,0.0,23731.25,STOP,3.0,23734.75,-89.0,-89.0,-178.0,DOUBLE_STOP,3.0,PRICE_BE,SELL,False,ORIGINAL_STOP_BEFORE_ARM,23734.75,-89.0,-178.0,0.0,DOUBLE_STOP_NOT_RESCUED,STOP,,,
2186,2025-08-12 09:30,2025-08-12T13:30:00+00:00,NY,AUGUST,VALIDATED_SOURCE,NQU5,2,4,572.0,RESOLVED,BUY,STOP,0.0,2025-08-12 13:30:00.001428925+00:00,STOP,0.0,23731.25,STOP,3.0,23734.75,-89.0,-89.0,-178.0,DOUBLE_STOP,3.0,COST_COVER_BE,SELL,False,ORIGINAL_STOP_BEFORE_ARM,23734.75,-89.0,-178.0,0.0,DOUBLE_STOP_NOT_RESCUED,STOP,,,
2186,2025-08-12 09:30,2025-08-12T13:30:00+00:00,NY,AUGUST,VALIDATED_SOURCE,NQU5,2,4,572.0,RESOLVED,BUY,STOP,0.0,2025-08-12 13:30:00.001428925+00:00,STOP,0.0,23731.25,STOP,3.0,23734.75,-89.0,-89.0,-178.0,DOUBLE_STOP,4.0,PRICE_BE,SELL,False,ORIGINAL_STOP_BEFORE_ARM,23734.75,-89.0,-178.0,0.0,DOUBLE_STOP_NOT_RESCUED,STOP,,,
2186,2025-08-12 09:30,2025-08-12T13:30:00+00:00,NY,AUGUST,VALIDATED_SOURCE,NQU5,2,4,572.0,RESOLVED,BUY,STOP,0.0,2025-08-12 13:30:00.001428925+00:00,STOP,0.0,23731.25,STOP,3.0,23734.75,-89.0,-89.0,-178.0,DOUBLE_STOP,4.0,COST_COVER_BE,SELL,False,ORIGINAL_STOP_BEFORE_ARM,23734.75,-89.0,-178.0,0.0,DOUBLE_STOP_NOT_RESCUED,STOP,,,
2186,2025-08-12 09:30,2025-08-12T13:30:00+00:00,NY,AUGUST,VALIDATED_SOURCE,NQU5,2,4,572.0,RESOLVED,BUY,STOP,0.0,2025-08-12 13:30:00.001428925+00:00,STOP,0.0,23731.25,STOP,3.0,23734.75,-89.0,-89.0,-178.0,DOUBLE_STOP,5.0,PRICE_BE,SELL,False,ORIGINAL_STOP_BEFORE_ARM,23734.75,-89.0,-178.0,0.0,DOUBLE_STOP_NOT_RESCUED,STOP,,,
2186,2025-08-12 09:30,2025-08-12T13:30:00+00:00,NY,AUGUST,VALIDATED_SOURCE,NQU5,2,4,572.0,RESOLVED,BUY,STOP,0.0,2025-08-12 13:30:00.001428925+00:00,STOP,0.0,23731.25,STOP,3.0,23734.75,-89.0,-89.0,-178.0,DOUBLE_STOP,5.0,COST_COVER_BE,SELL,False,ORIGINAL_STOP_BEFORE_ARM,23734.75,-89.0,-178.0,0.0,DOUBLE_STOP_NOT_RESCUED,STOP,,,
2186,2025-08-12 09:30,2025-08-12T13:30:00+00:00,NY,AUGUST,VALIDATED_SOURCE,NQU5,2,4,572.0,RESOLVED,BUY,STOP,0.0,2025-08-12 13:30:00.001428925+00:00,STOP,0.0,23731.25,STOP,3.0,23734.75,-89.0,-89.0,-178.0,DOUBLE_STOP,8.0,PRICE_BE,SELL,False,ORIGINAL_STOP_BEFORE_ARM,23734.75,-89.0,-178.0,0.0,DOUBLE_STOP_NOT_RESCUED,STOP,,,
2186,2025-08-12 09:30,2025-08-12T13:30:00+00:00,NY,AUGUST,VALIDATED_SOURCE,NQU5,2,4,572.0,RESOLVED,BUY,STOP,0.0,2025-08-12 13:30:00.001428925+00:00,STOP,0.0,23731.25,STOP,3.0,23734.75,-89.0,-89.0,-178.0,DOUBLE_STOP,8.0,COST_COVER_BE,SELL,False,ORIGINAL_STOP_BEFORE_ARM,23734.75,-89.0,-178.0,0.0,DOUBLE_STOP_NOT_RESCUED,STOP,,,
2187,2025-08-12 18:00,2025-08-12T22:00:00+00:00,WEEKDAY_WEAK,AUGUST,VALIDATED_SOURCE,NQU5,1,0,166.0,UNRESOLVED_BOTH_WORKERS_EXIT_SAME_EVENT,,,,,,,,,,,,,,,0.5,PRICE_BE,,,,,,,,,,,,
2187,2025-08-12 18:00,2025-08-12T22:00:00+00:00,WEEKDAY_WEAK,AUGUST,VALIDATED_SOURCE,NQU5,1,0,166.0,UNRESOLVED_BOTH_WORKERS_EXIT_SAME_EVENT,,,,,,,,,,,,,,,0.5,COST_COVER_BE,,,,,,,,,,,,
2187,2025-08-12 18:00,2025-08-12T22:00:00+00:00,WEEKDAY_WEAK,AUGUST,VALIDATED_SOURCE,NQU5,1,0,166.0,UNRESOLVED_BOTH_WORKERS_EXIT_SAME_EVENT,,,,,,,,,,,,,,,1.0,PRICE_BE,,,,,,,,,,,,
2187,2025-08-12 18:00,2025-08-12T22:00:00+00:00,WEEKDAY_WEAK,AUGUST,VALIDATED_SOURCE,NQU5,1,0,166.0,UNRESOLVED_BOTH_WORKERS_EXIT_SAME_EVENT,,,,,,,,,,,,,,,1.0,COST_COVER_BE,,,,,,,,,,,,
2187,2025-08-12 18:00,2025-08-12T22:00:00+00:00,WEEKDAY_WEAK,AUGUST,VALIDATED_SOURCE,NQU5,1,0,166.0,UNRESOLVED_BOTH_WORKERS_EXIT_SAME_EVENT,,,,,,,,,,,,,,,2.0,PRICE_BE,,,,,,,,,,,,
2187,2025-08-12 18:00,2025-08-12T22:00:00+00:00,WEEKDAY_WEAK,AUGUST,VALIDATED_SOURCE,NQU5,1,0,166.0,UNRESOLVED_BOTH_WORKERS_EXIT_SAME_EVENT,,,,,,,,,,,,,,,2.0,COST_COVER_BE,,,,,,,,,,,,
2187,2025-08-12 18:00,2025-08-12T22:00:00+00:00,WEEKDAY_WEAK,AUGUST,VALIDATED_SOURCE,NQU5,1,0,166.0,UNRESOLVED_BOTH_WORKERS_EXIT_SAME_EVENT,,,,,,,,,,,,,,,3.0,PRICE_BE,,,,,,,,,,,,
2187,2025-08-12 18:00,2025-08-12T22:00:00+00:00,WEEKDAY_WEAK,AUGUST,VALIDATED_SOURCE,NQU5,1,0,166.0,UNRESOLVED_BOTH_WORKERS_EXIT_SAME_EVENT,,,,,,,,,,,,,,,3.0,COST_COVER_BE,,,,,,,,,,,,
2187,2025-08-12 18:00,2025-08-12T22:00:00+00:00,WEEKDAY_WEAK,AUGUST,VALIDATED_SOURCE,NQU5,1,0,166.0,UNRESOLVED_BOTH_WORKERS_EXIT_SAME_EVENT,,,,,,,,,,,,,,,4.0,PRICE_BE,,,,,,,,,,,,
2187,2025-08-12 18:00,2025-08-12T22:00:00+00:00,WEEKDAY_WEAK,AUGUST,VALIDATED_SOURCE,NQU5,1,0,166.0,UNRESOLVED_BOTH_WORKERS_EXIT_SAME_EVENT,,,,,,,,,,,,,,,4.0,COST_COVER_BE,,,,,,,,,,,,
2187,2025-08-12 18:00,2025-08-12T22:00:00+00:00,WEEKDAY_WEAK,AUGUST,VALIDATED_SOURCE,NQU5,1,0,166.0,UNRESOLVED_BOTH_WORKERS_EXIT_SAME_EVENT,,,,,,,,,,,,,,,5.0,PRICE_BE,,,,,,,,,,,,
2187,2025-08-12 18:00,2025-08-12T22:00:00+00:00,WEEKDAY_WEAK,AUGUST,VALIDATED_SOURCE,NQU5,1,0,166.0,UNRESOLVED_BOTH_WORKERS_EXIT_SAME_EVENT,,,,,,,,,,,,,,,5.0,COST_COVER_BE,,,,,,,,,,,,
2187,2025-08-12 18:00,2025-08-12T22:00:00+00:00,WEEKDAY_WEAK,AUGUST,VALIDATED_SOURCE,NQU5,1,0,166.0,UNRESOLVED_BOTH_WORKERS_EXIT_SAME_EVENT,,,,,,,,,,,,,,,8.0,PRICE_BE,,,,,,,,,,,,
2187,2025-08-12 18:00,2025-08-12T22:00:00+00:00,WEEKDAY_WEAK,AUGUST,VALIDATED_SOURCE,NQU5,1,0,166.0,UNRESOLVED_BOTH_WORKERS_EXIT_SAME_EVENT,,,,,,,,,,,,,,,8.0,COST_COVER_BE,,,,,,,,,,,,
2187,2025-08-12 18:00,2025-08-12T22:00:00+00:00,WEEKDAY_WEAK,AUGUST,VALIDATED_SOURCE,NQU5,1,1,166.0,UNRESOLVED_BOTH_WORKERS_EXIT_SAME_EVENT,,,,,,,,,,,,,,,0.5,PRICE_BE,,,,,,,,,,,,
2187,2025-08-12 18:00,2025-08-12T22:00:00+00:00,WEEKDAY_WEAK,AUGUST,VALIDATED_SOURCE,NQU5,1,1,166.0,UNRESOLVED_BOTH_WORKERS_EXIT_SAME_EVENT,,,,,,,,,,,,,,,0.5,COST_COVER_BE,,,,,,,,,,,,
2187,2025-08-12 18:00,2025-08-12T22:00:00+00:00,WEEKDAY_WEAK,AUGUST,VALIDATED_SOURCE,NQU5,1,1,166.0,UNRESOLVED_BOTH_WORKERS_EXIT_SAME_EVENT,,,,,,,,,,,,,,,1.0,PRICE_BE,,,,,,,,,,,,
2187,2025-08-12 18:00,2025-08-12T22:00:00+00:00,WEEKDAY_WEAK,AUGUST,VALIDATED_SOURCE,NQU5,1,1,166.0,UNRESOLVED_BOTH_WORKERS_EXIT_SAME_EVENT,,,,,,,,,,,,,,,1.0,COST_COVER_BE,,,,,,,,,,,,
2187,2025-08-12 18:00,2025-08-12T22:00:00+00:00,WEEKDAY_WEAK,AUGUST,VALIDATED_SOURCE,NQU5,1,1,166.0,UNRESOLVED_BOTH_WORKERS_EXIT_SAME_EVENT,,,,,,,,,,,,,,,2.0,PRICE_BE,,,,,,,,,,,,
2187,2025-08-12 18:00,2025-08-12T22:00:00+00:00,WEEKDAY_WEAK,AUGUST,VALIDATED_SOURCE,NQU5,1,1,166.0,UNRESOLVED_BOTH_WORKERS_EXIT_SAME_EVENT,,,,,,,,,,,,,,,2.0,COST_COVER_BE,,,,,,,,,,,,
2187,2025-08-12 18:00,2025-08-12T22:00:00+00:00,WEEKDAY_WEAK,AUGUST,VALIDATED_SOURCE,NQU5,1,1,166.0,UNRESOLVED_BOTH_WORKERS_EXIT_SAME_EVENT,,,,,,,,,,,,,,,3.0,PRICE_BE,,,,,,,,,,,,
2187,2025-08-12 18:00,2025-08-12T22:00:00+00:00,WEEKDAY_WEAK,AUGUST,VALIDATED_SOURCE,NQU5,1,1,166.0,UNRESOLVED_BOTH_WORKERS_EXIT_SAME_EVENT,,,,,,,,,,,,,,,3.0,COST_COVER_BE,,,,,,,,,,,,
2187,2025-08-12 18:00,2025-08-12T22:00:00+00:00,WEEKDAY_WEAK,AUGUST,VALIDATED_SOURCE,NQU5,1,1,166.0,UNRESOLVED_BOTH_WORKERS_EXIT_SAME_EVENT,,,,,,,,,,,,,,,4.0,PRICE_BE,,,,,,,,,,,,
2187,2025-08-12 18:00,2025-08-12T22:00:00+00:00,WEEKDAY_WEAK,AUGUST,VALIDATED_SOURCE,NQU5,1,1,166.0,UNRESOLVED_BOTH_WORKERS_EXIT_SAME_EVENT,,,,,,,,,,,,,,,4.0,COST_COVER_BE,,,,,,,,,,,,
2187,2025-08-12 18:00,2025-08-12T22:00:00+00:00,WEEKDAY_WEAK,AUGUST,VALIDATED_SOURCE,NQU5,1,1,166.0,UNRESOLVED_BOTH_WORKERS_EXIT_SAME_EVENT,,,,,,,,,,,,,,,5.0,PRICE_BE,,,,,,,,,,,,
2187,2025-08-12 18:00,2025-08-12T22:00:00+00:00,WEEKDAY_WEAK,AUGUST,VALIDATED_SOURCE,NQU5,1,1,166.0,UNRESOLVED_BOTH_WORKERS_EXIT_SAME_EVENT,,,,,,,,,,,,,,,5.0,COST_COVER_BE,,,,,,,,,,,,
2187,2025-08-12 18:00,2025-08-12T22:00:00+00:00,WEEKDAY_WEAK,AUGUST,VALIDATED_SOURCE,NQU5,1,1,166.0,UNRESOLVED_BOTH_WORKERS_EXIT_SAME_EVENT,,,,,,,,,,,,,,,8.0,PRICE_BE,,,,,,,,,,,,
2187,2025-08-12 18:00,2025-08-12T22:00:00+00:00,WEEKDAY_WEAK,AUGUST,VALIDATED_SOURCE,NQU5,1,1,166.0,UNRESOLVED_BOTH_WORKERS_EXIT_SAME_EVENT,,,,,,,,,,,,,,,8.0,COST_COVER_BE,,,,,,,,,,,,
2187,2025-08-12 18:00,2025-08-12T22:00:00+00:00,WEEKDAY_WEAK,AUGUST,VALIDATED_SOURCE,NQU5,1,2,166.0,UNRESOLVED_BOTH_WORKERS_EXIT_SAME_EVENT,,,,,,,,,,,,,,,0.5,PRICE_BE,,,,,,,,,,,,
2187,2025-08-12 18:00,2025-08-12T22:00:00+00:00,WEEKDAY_WEAK,AUGUST,VALIDATED_SOURCE,NQU5,1,2,166.0,UNRESOLVED_BOTH_WORKERS_EXIT_SAME_EVENT,,,,,,,,,,,,,,,0.5,COST_COVER_BE,,,,,,,,,,,,
2187,2025-08-12 18:00,2025-08-12T22:00:00+00:00,WEEKDAY_WEAK,AUGUST,VALIDATED_SOURCE,NQU5,1,2,166.0,UNRESOLVED_BOTH_WORKERS_EXIT_SAME_EVENT,,,,,,,,,,,,,,,1.0,PRICE_BE,,,,,,,,,,,,
2187,2025-08-12 18:00,2025-08-12T22:00:00+00:00,WEEKDAY_WEAK,AUGUST,VALIDATED_SOURCE,NQU5,1,2,166.0,UNRESOLVED_BOTH_WORKERS_EXIT_SAME_EVENT,,,,,,,,,,,,,,,1.0,COST_COVER_BE,,,,,,,,,,,,
2187,2025-08-12 18:00,2025-08-12T22:00:00+00:00,WEEKDAY_WEAK,AUGUST,VALIDATED_SOURCE,NQU5,1,2,166.0,UNRESOLVED_BOTH_WORKERS_EXIT_SAME_EVENT,,,,,,,,,,,,,,,2.0,PRICE_BE,,,,,,,,,,,,
2187,2025-08-12 18:00,2025-08-12T22:00:00+00:00,WEEKDAY_WEAK,AUGUST,VALIDATED_SOURCE,NQU5,1,2,166.0,UNRESOLVED_BOTH_WORKERS_EXIT_SAME_EVENT,,,,,,,,,,,,,,,2.0,COST_COVER_BE,,,,,,,,,,,,
2187,2025-08-12 18:00,2025-08-12T22:00:00+00:00,WEEKDAY_WEAK,AUGUST,VALIDATED_SOURCE,NQU5,1,2,166.0,UNRESOLVED_BOTH_WORKERS_EXIT_SAME_EVENT,,,,,,,,,,,,,,,3.0,PRICE_BE,,,,,,,,,,,,
2187,2025-08-12 18:00,2025-08-12T22:00:00+00:00,WEEKDAY_WEAK,AUGUST,VALIDATED_SOURCE,NQU5,1,2,166.0,UNRESOLVED_BOTH_WORKERS_EXIT_SAME_EVENT,,,,,,,,,,,,,,,3.0,COST_COVER_BE,,,,,,,,,,,,
2187,2025-08-12 18:00,2025-08-12T22:00:00+00:00,WEEKDAY_WEAK,AUGUST,VALIDATED_SOURCE,NQU5,1,2,166.0,UNRESOLVED_BOTH_WORKERS_EXIT_SAME_EVENT,,,,,,,,,,,,,,,4.0,PRICE_BE,,,,,,,,,,,,
2187,2025-08-12 18:00,2025-08-12T22:00:00+00:00,WEEKDAY_WEAK,AUGUST,VALIDATED_SOURCE,NQU5,1,2,166.0,UNRESOLVED_BOTH_WORKERS_EXIT_SAME_EVENT,,,,,,,,,,,,,,,4.0,COST_COVER_BE,,,,,,,,,,,,
2187,2025-08-12 18:00,2025-08-12T22:00:00+00:00,WEEKDAY_WEAK,AUGUST,VALIDATED_SOURCE,NQU5,1,2,166.0,UNRESOLVED_BOTH_WORKERS_EXIT_SAME_EVENT,,,,,,,,,,,,,,,5.0,PRICE_BE,,,,,,,,,,,,
2187,2025-08-12 18:00,2025-08-12T22:00:00+00:00,WEEKDAY_WEAK,AUGUST,VALIDATED_SOURCE,NQU5,1,2,166.0,UNRESOLVED_BOTH_WORKERS_EXIT_SAME_EVENT,,,,,,,,,,,,,,,5.0,COST_COVER_BE,,,,,,,,,,,,
2187,2025-08-12 18:00,2025-08-12T22:00:00+00:00,WEEKDAY_WEAK,AUGUST,VALIDATED_SOURCE,NQU5,1,2,166.0,UNRESOLVED_BOTH_WORKERS_EXIT_SAME_EVENT,,,,,,,,,,,,,,,8.0,PRICE_BE,,,,,,,,,,,,
2187,2025-08-12 18:00,2025-08-12T22:00:00+00:00,WEEKDAY_WEAK,AUGUST,VALIDATED_SOURCE,NQU5,1,2,166.0,UNRESOLVED_BOTH_WORKERS_EXIT_SAME_EVENT,,,,,,,,,,,,,,,8.0,COST_COVER_BE,,,,,,,,,,,,
2187,2025-08-12 18:00,2025-08-12T22:00:00+00:00,WEEKDAY_WEAK,AUGUST,VALIDATED_SOURCE,NQU5,1,4,166.0,UNRESOLVED_BOTH_WORKERS_EXIT_SAME_EVENT,,,,,,,,,,,,,,,0.5,PRICE_BE,,,,,,,,,,,,
2187,2025-08-12 18:00,2025-08-12T22:00:00+00:00,WEEKDAY_WEAK,AUGUST,VALIDATED_SOURCE,NQU5,1,4,166.0,UNRESOLVED_BOTH_WORKERS_EXIT_SAME_EVENT,,,,,,,,,,,,,,,0.5,COST_COVER_BE,,,,,,,,,,,,
2187,2025-08-12 18:00,2025-08-12T22:00:00+00:00,WEEKDAY_WEAK,AUGUST,VALIDATED_SOURCE,NQU5,1,4,166.0,UNRESOLVED_BOTH_WORKERS_EXIT_SAME_EVENT,,,,,,,,,,,,,,,1.0,PRICE_BE,,,,,,,,,,,,
2187,2025-08-12 18:00,2025-08-12T22:00:00+00:00,WEEKDAY_WEAK,AUGUST,VALIDATED_SOURCE,NQU5,1,4,166.0,UNRESOLVED_BOTH_WORKERS_EXIT_SAME_EVENT,,,,,,,,,,,,,,,1.0,COST_COVER_BE,,,,,,,,,,,,
2187,2025-08-12 18:00,2025-08-12T22:00:00+00:00,WEEKDAY_WEAK,AUGUST,VALIDATED_SOURCE,NQU5,1,4,166.0,UNRESOLVED_BOTH_WORKERS_EXIT_SAME_EVENT,,,,,,,,,,,,,,,2.0,PRICE_BE,,,,,,,,,,,,
2187,2025-08-12 18:00,2025-08-12T22:00:00+00:00,WEEKDAY_WEAK,AUGUST,VALIDATED_SOURCE,NQU5,1,4,166.0,UNRESOLVED_BOTH_WORKERS_EXIT_SAME_EVENT,,,,,,,,,,,,,,,2.0,COST_COVER_BE,,,,,,,,,,,,
2187,2025-08-12 18:00,2025-08-12T22:00:00+00:00,WEEKDAY_WEAK,AUGUST,VALIDATED_SOURCE,NQU5,1,4,166.0,UNRESOLVED_BOTH_WORKERS_EXIT_SAME_EVENT,,,,,,,,,,,,,,,3.0,PRICE_BE,,,,,,,,,,,,
2187,2025-08-12 18:00,2025-08-12T22:00:00+00:00,WEEKDAY_WEAK,AUGUST,VALIDATED_SOURCE,NQU5,1,4,166.0,UNRESOLVED_BOTH_WORKERS_EXIT_SAME_EVENT,,,,,,,,,,,,,,,3.0,COST_COVER_BE,,,,,,,,,,,,
2187,2025-08-12 18:00,2025-08-12T22:00:00+00:00,WEEKDAY_WEAK,AUGUST,VALIDATED_SOURCE,NQU5,1,4,166.0,UNRESOLVED_BOTH_WORKERS_EXIT_SAME_EVENT,,,,,,,,,,,,,,,4.0,PRICE_BE,,,,,,,,,,,,
2187,2025-08-12 18:00,2025-08-12T22:00:00+00:00,WEEKDAY_WEAK,AUGUST,VALIDATED_SOURCE,NQU5,1,4,166.0,UNRESOLVED_BOTH_WORKERS_EXIT_SAME_EVENT,,,,,,,,,,,,,,,4.0,COST_COVER_BE,,,,,,,,,,,,
2187,2025-08-12 18:00,2025-08-12T22:00:00+00:00,WEEKDAY_WEAK,AUGUST,VALIDATED_SOURCE,NQU5,1,4,166.0,UNRESOLVED_BOTH_WORKERS_EXIT_SAME_EVENT,,,,,,,,,,,,,,,5.0,PRICE_BE,,,,,,,,,,,,
2187,2025-08-12 18:00,2025-08-12T22:00:00+00:00,WEEKDAY_WEAK,AUGUST,VALIDATED_SOURCE,NQU5,1,4,166.0,UNRESOLVED_BOTH_WORKERS_EXIT_SAME_EVENT,,,,,,,,,,,,,,,5.0,COST_COVER_BE,,,,,,,,,,,,
2187,2025-08-12 18:00,2025-08-12T22:00:00+00:00,WEEKDAY_WEAK,AUGUST,VALIDATED_SOURCE,NQU5,1,4,166.0,UNRESOLVED_BOTH_WORKERS_EXIT_SAME_EVENT,,,,,,,,,,,,,,,8.0,PRICE_BE,,,,,,,,,,,,
2187,2025-08-12 18:00,2025-08-12T22:00:00+00:00,WEEKDAY_WEAK,AUGUST,VALIDATED_SOURCE,NQU5,1,4,166.0,UNRESOLVED_BOTH_WORKERS_EXIT_SAME_EVENT,,,,,,,,,,,,,,,8.0,COST_COVER_BE,,,,,,,,,,,,
2188,2025-08-13 09:30,2025-08-13T13:30:00+00:00,NY,AUGUST,VALIDATED_SOURCE,NQU5,2,0,-118.0,RESOLVED,BUY,STOP,14.0,2025-08-13 13:30:00.006217433+00:00,STOP,14.0,24043.75,STOP,32.0,24045.25,-49.0,-49.0,-98.0,DOUBLE_STOP,0.5,PRICE_BE,SELL,False,ORIGINAL_STOP_BEFORE_ARM,24045.25,-49.0,-98.0,0.0,DOUBLE_STOP_NOT_RESCUED,STOP,,,
2188,2025-08-13 09:30,2025-08-13T13:30:00+00:00,NY,AUGUST,VALIDATED_SOURCE,NQU5,2,0,-118.0,RESOLVED,BUY,STOP,14.0,2025-08-13 13:30:00.006217433+00:00,STOP,14.0,24043.75,STOP,32.0,24045.25,-49.0,-49.0,-98.0,DOUBLE_STOP,0.5,COST_COVER_BE,SELL,False,ORIGINAL_STOP_BEFORE_ARM,24045.25,-49.0,-98.0,0.0,DOUBLE_STOP_NOT_RESCUED,STOP,,,
2188,2025-08-13 09:30,2025-08-13T13:30:00+00:00,NY,AUGUST,VALIDATED_SOURCE,NQU5,2,0,-118.0,RESOLVED,BUY,STOP,14.0,2025-08-13 13:30:00.006217433+00:00,STOP,14.0,24043.75,STOP,32.0,24045.25,-49.0,-49.0,-98.0,DOUBLE_STOP,1.0,PRICE_BE,SELL,False,ORIGINAL_STOP_BEFORE_ARM,24045.25,-49.0,-98.0,0.0,DOUBLE_STOP_NOT_RESCUED,STOP,,,
2188,2025-08-13 09:30,2025-08-13T13:30:00+00:00,NY,AUGUST,VALIDATED_SOURCE,NQU5,2,0,-118.0,RESOLVED,BUY,STOP,14.0,2025-08-13 13:30:00.006217433+00:00,STOP,14.0,24043.75,STOP,32.0,24045.25,-49.0,-49.0,-98.0,DOUBLE_STOP,1.0,COST_COVER_BE,SELL,False,ORIGINAL_STOP_BEFORE_ARM,24045.25,-49.0,-98.0,0.0,DOUBLE_STOP_NOT_RESCUED,STOP,,,
2188,2025-08-13 09:30,2025-08-13T13:30:00+00:00,NY,AUGUST,VALIDATED_SOURCE,NQU5,2,0,-118.0,RESOLVED,BUY,STOP,14.0,2025-08-13 13:30:00.006217433+00:00,STOP,14.0,24043.75,STOP,32.0,24045.25,-49.0,-49.0,-98.0,DOUBLE_STOP,2.0,PRICE_BE,SELL,False,ORIGINAL_STOP_BEFORE_ARM,24045.25,-49.0,-98.0,0.0,DOUBLE_STOP_NOT_RESCUED,STOP,,,
2188,2025-08-13 09:30,2025-08-13T13:30:00+00:00,NY,AUGUST,VALIDATED_SOURCE,NQU5,2,0,-118.0,RESOLVED,BUY,STOP,14.0,2025-08-13 13:30:00.006217433+00:00,STOP,14.0,24043.75,STOP,32.0,24045.25,-49.0,-49.0,-98.0,DOUBLE_STOP,2.0,COST_COVER_BE,SELL,False,ORIGINAL_STOP_BEFORE_ARM,24045.25,-49.0,-98.0,0.0,DOUBLE_STOP_NOT_RESCUED,STOP,,,
2188,2025-08-13 09:30,2025-08-13T13:30:00+00:00,NY,AUGUST,VALIDATED_SOURCE,NQU5,2,0,-118.0,RESOLVED,BUY,STOP,14.0,2025-08-13 13:30:00.006217433+00:00,STOP,14.0,24043.75,STOP,32.0,24045.25,-49.0,-49.0,-98.0,DOUBLE_STOP,3.0,PRICE_BE,SELL,False,ORIGINAL_STOP_BEFORE_ARM,24045.25,-49.0,-98.0,0.0,DOUBLE_STOP_NOT_RESCUED,STOP,,,
2188,2025-08-13 09:30,2025-08-13T13:30:00+00:00,NY,AUGUST,VALIDATED_SOURCE,NQU5,2,0,-118.0,RESOLVED,BUY,STOP,14.0,2025-08-13 13:30:00.006217433+00:00,STOP,14.0,24043.75,STOP,32.0,24045.25,-49.0,-49.0,-98.0,DOUBLE_STOP,3.0,COST_COVER_BE,SELL,False,ORIGINAL_STOP_BEFORE_ARM,24045.25,-49.0,-98.0,0.0,DOUBLE_STOP_NOT_RESCUED,STOP,,,
2188,2025-08-13 09:30,2025-08-13T13:30:00+00:00,NY,AUGUST,VALIDATED_SOURCE,NQU5,2,0,-118.0,RESOLVED,BUY,STOP,14.0,2025-08-13 13:30:00.006217433+00:00,STOP,14.0,24043.75,STOP,32.0,24045.25,-49.0,-49.0,-98.0,DOUBLE_STOP,4.0,PRICE_BE,SELL,False,ORIGINAL_STOP_BEFORE_ARM,24045.25,-49.0,-98.0,0.0,DOUBLE_STOP_NOT_RESCUED,STOP,,,
2188,2025-08-13 09:30,2025-08-13T13:30:00+00:00,NY,AUGUST,VALIDATED_SOURCE,NQU5,2,0,-118.0,RESOLVED,BUY,STOP,14.0,2025-08-13 13:30:00.006217433+00:00,STOP,14.0,24043.75,STOP,32.0,24045.25,-49.0,-49.0,-98.0,DOUBLE_STOP,4.0,COST_COVER_BE,SELL,False,ORIGINAL_STOP_BEFORE_ARM,24045.25,-49.0,-98.0,0.0,DOUBLE_STOP_NOT_RESCUED,STOP,,,
2188,2025-08-13 09:30,2025-08-13T13:30:00+00:00,NY,AUGUST,VALIDATED_SOURCE,NQU5,2,0,-118.0,RESOLVED,BUY,STOP,14.0,2025-08-13 13:30:00.006217433+00:00,STOP,14.0,24043.75,STOP,32.0,24045.25,-49.0,-49.0,-98.0,DOUBLE_STOP,5.0,PRICE_BE,SELL,False,ORIGINAL_STOP_BEFORE_ARM,24045.25,-49.0,-98.0,0.0,DOUBLE_STOP_NOT_RESCUED,STOP,,,
2188,2025-08-13 09:30,2025-08-13T13:30:00+00:00,NY,AUGUST,VALIDATED_SOURCE,NQU5,2,0,-118.0,RESOLVED,BUY,STOP,14.0,2025-08-13 13:30:00.006217433+00:00,STOP,14.0,24043.75,STOP,32.0,24045.25,-49.0,-49.0,-98.0,DOUBLE_STOP,5.0,COST_COVER_BE,SELL,False,ORIGINAL_STOP_BEFORE_ARM,24045.25,-49.0,-98.0,0.0,DOUBLE_STOP_NOT_RESCUED,STOP,,,
2188,2025-08-13 09:30,2025-08-13T13:30:00+00:00,NY,AUGUST,VALIDATED_SOURCE,NQU5,2,0,-118.0,RESOLVED,BUY,STOP,14.0,2025-08-13 13:30:00.006217433+00:00,STOP,14.0,24043.75,STOP,32.0,24045.25,-49.0,-49.0,-98.0,DOUBLE_STOP,8.0,PRICE_BE,SELL,False,ORIGINAL_STOP_BEFORE_ARM,24045.25,-49.0,-98.0,0.0,DOUBLE_STOP_NOT_RESCUED,STOP,,,
2188,2025-08-13 09:30,2025-08-13T13:30:00+00:00,NY,AUGUST,VALIDATED_SOURCE,NQU5,2,0,-118.0,RESOLVED,BUY,STOP,14.0,2025-08-13 13:30:00.006217433+00:00,STOP,14.0,24043.75,STOP,32.0,24045.25,-49.0,-49.0,-98.0,DOUBLE_STOP,8.0,COST_COVER_BE,SELL,False,ORIGINAL_STOP_BEFORE_ARM,24045.25,-49.0,-98.0,0.0,DOUBLE_STOP_NOT_RESCUED,STOP,,,
2188,2025-08-13 09:30,2025-08-13T13:30:00+00:00,NY,AUGUST,VALIDATED_SOURCE,NQU5,2,1,-118.0,RESOLVED,BUY,STOP,14.0,2025-08-13 13:30:00.006217433+00:00,STOP,14.0,24043.5,STOP,32.0,24045.5,-59.0,-59.0,-118.0,DOUBLE_STOP,0.5,PRICE_BE,SELL,False,ORIGINAL_STOP_BEFORE_ARM,24045.5,-59.0,-118.0,0.0,DOUBLE_STOP_NOT_RESCUED,STOP,,,
2188,2025-08-13 09:30,2025-08-13T13:30:00+00:00,NY,AUGUST,VALIDATED_SOURCE,NQU5,2,1,-118.0,RESOLVED,BUY,STOP,14.0,2025-08-13 13:30:00.006217433+00:00,STOP,14.0,24043.5,STOP,32.0,24045.5,-59.0,-59.0,-118.0,DOUBLE_STOP,0.5,COST_COVER_BE,SELL,False,ORIGINAL_STOP_BEFORE_ARM,24045.5,-59.0,-118.0,0.0,DOUBLE_STOP_NOT_RESCUED,STOP,,,
2188,2025-08-13 09:30,2025-08-13T13:30:00+00:00,NY,AUGUST,VALIDATED_SOURCE,NQU5,2,1,-118.0,RESOLVED,BUY,STOP,14.0,2025-08-13 13:30:00.006217433+00:00,STOP,14.0,24043.5,STOP,32.0,24045.5,-59.0,-59.0,-118.0,DOUBLE_STOP,1.0,PRICE_BE,SELL,False,ORIGINAL_STOP_BEFORE_ARM,24045.5,-59.0,-118.0,0.0,DOUBLE_STOP_NOT_RESCUED,STOP,,,
2188,2025-08-13 09:30,2025-08-13T13:30:00+00:00,NY,AUGUST,VALIDATED_SOURCE,NQU5,2,1,-118.0,RESOLVED,BUY,STOP,14.0,2025-08-13 13:30:00.006217433+00:00,STOP,14.0,24043.5,STOP,32.0,24045.5,-59.0,-59.0,-118.0,DOUBLE_STOP,1.0,COST_COVER_BE,SELL,False,ORIGINAL_STOP_BEFORE_ARM,24045.5,-59.0,-118.0,0.0,DOUBLE_STOP_NOT_RESCUED,STOP,,,
2188,2025-08-13 09:30,2025-08-13T13:30:00+00:00,NY,AUGUST,VALIDATED_SOURCE,NQU5,2,1,-118.0,RESOLVED,BUY,STOP,14.0,2025-08-13 13:30:00.006217433+00:00,STOP,14.0,24043.5,STOP,32.0,24045.5,-59.0,-59.0,-118.0,DOUBLE_STOP,2.0,PRICE_BE,SELL,False,ORIGINAL_STOP_BEFORE_ARM,24045.5,-59.0,-118.0,0.0,DOUBLE_STOP_NOT_RESCUED,STOP,,,
2188,2025-08-13 09:30,2025-08-13T13:30:00+00:00,NY,AUGUST,VALIDATED_SOURCE,NQU5,2,1,-118.0,RESOLVED,BUY,STOP,14.0,2025-08-13 13:30:00.006217433+00:00,STOP,14.0,24043.5,STOP,32.0,24045.5,-59.0,-59.0,-118.0,DOUBLE_STOP,2.0,COST_COVER_BE,SELL,False,ORIGINAL_STOP_BEFORE_ARM,24045.5,-59.0,-118.0,0.0,DOUBLE_STOP_NOT_RESCUED,STOP,,,
2188,2025-08-13 09:30,2025-08-13T13:30:00+00:00,NY,AUGUST,VALIDATED_SOURCE,NQU5,2,1,-118.0,RESOLVED,BUY,STOP,14.0,2025-08-13 13:30:00.006217433+00:00,STOP,14.0,24043.5,STOP,32.0,24045.5,-59.0,-59.0,-118.0,DOUBLE_STOP,3.0,PRICE_BE,SELL,False,ORIGINAL_STOP_BEFORE_ARM,24045.5,-59.0,-118.0,0.0,DOUBLE_STOP_NOT_RESCUED,STOP,,,
2188,2025-08-13 09:30,2025-08-13T13:30:00+00:00,NY,AUGUST,VALIDATED_SOURCE,NQU5,2,1,-118.0,RESOLVED,BUY,STOP,14.0,2025-08-13 13:30:00.006217433+00:00,STOP,14.0,24043.5,STOP,32.0,24045.5,-59.0,-59.0,-118.0,DOUBLE_STOP,3.0,COST_COVER_BE,SELL,False,ORIGINAL_STOP_BEFORE_ARM,24045.5,-59.0,-118.0,0.0,DOUBLE_STOP_NOT_RESCUED,STOP,,,
2188,2025-08-13 09:30,2025-08-13T13:30:00+00:00,NY,AUGUST,VALIDATED_SOURCE,NQU5,2,1,-118.0,RESOLVED,BUY,STOP,14.0,2025-08-13 13:30:00.006217433+00:00,STOP,14.0,24043.5,STOP,32.0,24045.5,-59.0,-59.0,-118.0,DOUBLE_STOP,4.0,PRICE_BE,SELL,False,ORIGINAL_STOP_BEFORE_ARM,24045.5,-59.0,-118.0,0.0,DOUBLE_STOP_NOT_RESCUED,STOP,,,
2188,2025-08-13 09:30,2025-08-13T13:30:00+00:00,NY,AUGUST,VALIDATED_SOURCE,NQU5,2,1,-118.0,RESOLVED,BUY,STOP,14.0,2025-08-13 13:30:00.006217433+00:00,STOP,14.0,24043.5,STOP,32.0,24045.5,-59.0,-59.0,-118.0,DOUBLE_STOP,4.0,COST_COVER_BE,SELL,False,ORIGINAL_STOP_BEFORE_ARM,24045.5,-59.0,-118.0,0.0,DOUBLE_STOP_NOT_RESCUED,STOP,,,
2188,2025-08-13 09:30,2025-08-13T13:30:00+00:00,NY,AUGUST,VALIDATED_SOURCE,NQU5,2,1,-118.0,RESOLVED,BUY,STOP,14.0,2025-08-13 13:30:00.006217433+00:00,STOP,14.0,24043.5,STOP,32.0,24045.5,-59.0,-59.0,-118.0,DOUBLE_STOP,5.0,PRICE_BE,SELL,False,ORIGINAL_STOP_BEFORE_ARM,24045.5,-59.0,-118.0,0.0,DOUBLE_STOP_NOT_RESCUED,STOP,,,
2188,2025-08-13 09:30,2025-08-13T13:30:00+00:00,NY,AUGUST,VALIDATED_SOURCE,NQU5,2,1,-118.0,RESOLVED,BUY,STOP,14.0,2025-08-13 13:30:00.006217433+00:00,STOP,14.0,24043.5,STOP,32.0,24045.5,-59.0,-59.0,-118.0,DOUBLE_STOP,5.0,COST_COVER_BE,SELL,False,ORIGINAL_STOP_BEFORE_ARM,24045.5,-59.0,-118.0,0.0,DOUBLE_STOP_NOT_RESCUED,STOP,,,
2188,2025-08-13 09:30,2025-08-13T13:30:00+00:00,NY,AUGUST,VALIDATED_SOURCE,NQU5,2,1,-118.0,RESOLVED,BUY,STOP,14.0,2025-08-13 13:30:00.006217433+00:00,STOP,14.0,24043.5,STOP,32.0,24045.5,-59.0,-59.0,-118.0,DOUBLE_STOP,8.0,PRICE_BE,SELL,False,ORIGINAL_STOP_BEFORE_ARM,24045.5,-59.0,-118.0,0.0,DOUBLE_STOP_NOT_RESCUED,STOP,,,
2188,2025-08-13 09:30,2025-08-13T13:30:00+00:00,NY,AUGUST,VALIDATED_SOURCE,NQU5,2,1,-118.0,RESOLVED,BUY,STOP,14.0,2025-08-13 13:30:00.006217433+00:00,STOP,14.0,24043.5,STOP,32.0,24045.5,-59.0,-59.0,-118.0,DOUBLE_STOP,8.0,COST_COVER_BE,SELL,False,ORIGINAL_STOP_BEFORE_ARM,24045.5,-59.0,-118.0,0.0,DOUBLE_STOP_NOT_RESCUED,STOP,,,
2188,2025-08-13 09:30,2025-08-13T13:30:00+00:00,NY,AUGUST,VALIDATED_SOURCE,NQU5,2,2,-118.0,RESOLVED,BUY,STOP,14.0,2025-08-13 13:30:00.006217433+00:00,STOP,14.0,24043.25,STOP,32.0,24045.75,-69.0,-69.0,-138.0,DOUBLE_STOP,0.5,PRICE_BE,SELL,False,ORIGINAL_STOP_BEFORE_ARM,24045.75,-69.0,-138.0,0.0,DOUBLE_STOP_NOT_RESCUED,STOP,,,
2188,2025-08-13 09:30,2025-08-13T13:30:00+00:00,NY,AUGUST,VALIDATED_SOURCE,NQU5,2,2,-118.0,RESOLVED,BUY,STOP,14.0,2025-08-13 13:30:00.006217433+00:00,STOP,14.0,24043.25,STOP,32.0,24045.75,-69.0,-69.0,-138.0,DOUBLE_STOP,0.5,COST_COVER_BE,SELL,False,ORIGINAL_STOP_BEFORE_ARM,24045.75,-69.0,-138.0,0.0,DOUBLE_STOP_NOT_RESCUED,STOP,,,
2188,2025-08-13 09:30,2025-08-13T13:30:00+00:00,NY,AUGUST,VALIDATED_SOURCE,NQU5,2,2,-118.0,RESOLVED,BUY,STOP,14.0,2025-08-13 13:30:00.006217433+00:00,STOP,14.0,24043.25,STOP,32.0,24045.75,-69.0,-69.0,-138.0,DOUBLE_STOP,1.0,PRICE_BE,SELL,False,ORIGINAL_STOP_BEFORE_ARM,24045.75,-69.0,-138.0,0.0,DOUBLE_STOP_NOT_RESCUED,STOP,,,
2188,2025-08-13 09:30,2025-08-13T13:30:00+00:00,NY,AUGUST,VALIDATED_SOURCE,NQU5,2,2,-118.0,RESOLVED,BUY,STOP,14.0,2025-08-13 13:30:00.006217433+00:00,STOP,14.0,24043.25,STOP,32.0,24045.75,-69.0,-69.0,-138.0,DOUBLE_STOP,1.0,COST_COVER_BE,SELL,False,ORIGINAL_STOP_BEFORE_ARM,24045.75,-69.0,-138.0,0.0,DOUBLE_STOP_NOT_RESCUED,STOP,,,
2188,2025-08-13 09:30,2025-08-13T13:30:00+00:00,NY,AUGUST,VALIDATED_SOURCE,NQU5,2,2,-118.0,RESOLVED,BUY,STOP,14.0,2025-08-13 13:30:00.006217433+00:00,STOP,14.0,24043.25,STOP,32.0,24045.75,-69.0,-69.0,-138.0,DOUBLE_STOP,2.0,PRICE_BE,SELL,False,ORIGINAL_STOP_BEFORE_ARM,24045.75,-69.0,-138.0,0.0,DOUBLE_STOP_NOT_RESCUED,STOP,,,
2188,2025-08-13 09:30,2025-08-13T13:30:00+00:00,NY,AUGUST,VALIDATED_SOURCE,NQU5,2,2,-118.0,RESOLVED,BUY,STOP,14.0,2025-08-13 13:30:00.006217433+00:00,STOP,14.0,24043.25,STOP,32.0,24045.75,-69.0,-69.0,-138.0,DOUBLE_STOP,2.0,COST_COVER_BE,SELL,False,ORIGINAL_STOP_BEFORE_ARM,24045.75,-69.0,-138.0,0.0,DOUBLE_STOP_NOT_RESCUED,STOP,,,
2188,2025-08-13 09:30,2025-08-13T13:30:00+00:00,NY,AUGUST,VALIDATED_SOURCE,NQU5,2,2,-118.0,RESOLVED,BUY,STOP,14.0,2025-08-13 13:30:00.006217433+00:00,STOP,14.0,24043.25,STOP,32.0,24045.75,-69.0,-69.0,-138.0,DOUBLE_STOP,3.0,PRICE_BE,SELL,False,ORIGINAL_STOP_BEFORE_ARM,24045.75,-69.0,-138.0,0.0,DOUBLE_STOP_NOT_RESCUED,STOP,,,
2188,2025-08-13 09:30,2025-08-13T13:30:00+00:00,NY,AUGUST,VALIDATED_SOURCE,NQU5,2,2,-118.0,RESOLVED,BUY,STOP,14.0,2025-08-13 13:30:00.006217433+00:00,STOP,14.0,24043.25,STOP,32.0,24045.75,-69.0,-69.0,-138.0,DOUBLE_STOP,3.0,COST_COVER_BE,SELL,False,ORIGINAL_STOP_BEFORE_ARM,24045.75,-69.0,-138.0,0.0,DOUBLE_STOP_NOT_RESCUED,STOP,,,
2188,2025-08-13 09:30,2025-08-13T13:30:00+00:00,NY,AUGUST,VALIDATED_SOURCE,NQU5,2,2,-118.0,RESOLVED,BUY,STOP,14.0,2025-08-13 13:30:00.006217433+00:00,STOP,14.0,24043.25,STOP,32.0,24045.75,-69.0,-69.0,-138.0,DOUBLE_STOP,4.0,PRICE_BE,SELL,False,ORIGINAL_STOP_BEFORE_ARM,24045.75,-69.0,-138.0,0.0,DOUBLE_STOP_NOT_RESCUED,STOP,,,
2188,2025-08-13 09:30,2025-08-13T13:30:00+00:00,NY,AUGUST,VALIDATED_SOURCE,NQU5,2,2,-118.0,RESOLVED,BUY,STOP,14.0,2025-08-13 13:30:00.006217433+00:00,STOP,14.0,24043.25,STOP,32.0,24045.75,-69.0,-69.0,-138.0,DOUBLE_STOP,4.0,COST_COVER_BE,SELL,False,ORIGINAL_STOP_BEFORE_ARM,24045.75,-69.0,-138.0,0.0,DOUBLE_STOP_NOT_RESCUED,STOP,,,
2188,2025-08-13 09:30,2025-08-13T13:30:00+00:00,NY,AUGUST,VALIDATED_SOURCE,NQU5,2,2,-118.0,RESOLVED,BUY,STOP,14.0,2025-08-13 13:30:00.006217433+00:00,STOP,14.0,24043.25,STOP,32.0,24045.75,-69.0,-69.0,-138.0,DOUBLE_STOP,5.0,PRICE_BE,SELL,False,ORIGINAL_STOP_BEFORE_ARM,24045.75,-69.0,-138.0,0.0,DOUBLE_STOP_NOT_RESCUED,STOP,,,
2188,2025-08-13 09:30,2025-08-13T13:30:00+00:00,NY,AUGUST,VALIDATED_SOURCE,NQU5,2,2,-118.0,RESOLVED,BUY,STOP,14.0,2025-08-13 13:30:00.006217433+00:00,STOP,14.0,24043.25,STOP,32.0,24045.75,-69.0,-69.0,-138.0,DOUBLE_STOP,5.0,COST_COVER_BE,SELL,False,ORIGINAL_STOP_BEFORE_ARM,24045.75,-69.0,-138.0,0.0,DOUBLE_STOP_NOT_RESCUED,STOP,,,
2188,2025-08-13 09:30,2025-08-13T13:30:00+00:00,NY,AUGUST,VALIDATED_SOURCE,NQU5,2,2,-118.0,RESOLVED,BUY,STOP,14.0,2025-08-13 13:30:00.006217433+00:00,STOP,14.0,24043.25,STOP,32.0,24045.75,-69.0,-69.0,-138.0,DOUBLE_STOP,8.0,PRICE_BE,SELL,False,ORIGINAL_STOP_BEFORE_ARM,24045.75,-69.0,-138.0,0.0,DOUBLE_STOP_NOT_RESCUED,STOP,,,
2188,2025-08-13 09:30,2025-08-13T13:30:00+00:00,NY,AUGUST,VALIDATED_SOURCE,NQU5,2,2,-118.0,RESOLVED,BUY,STOP,14.0,2025-08-13 13:30:00.006217433+00:00,STOP,14.0,24043.25,STOP,32.0,24045.75,-69.0,-69.0,-138.0,DOUBLE_STOP,8.0,COST_COVER_BE,SELL,False,ORIGINAL_STOP_BEFORE_ARM,24045.75,-69.0,-138.0,0.0,DOUBLE_STOP_NOT_RESCUED,STOP,,,
2188,2025-08-13 09:30,2025-08-13T13:30:00+00:00,NY,AUGUST,VALIDATED_SOURCE,NQU5,2,4,-118.0,RESOLVED,BUY,STOP,14.0,2025-08-13 13:30:00.006217433+00:00,STOP,14.0,24042.75,STOP,32.0,24046.25,-89.0,-89.0,-178.0,DOUBLE_STOP,0.5,PRICE_BE,SELL,False,ORIGINAL_STOP_BEFORE_ARM,24046.25,-89.0,-178.0,0.0,DOUBLE_STOP_NOT_RESCUED,STOP,,,
2188,2025-08-13 09:30,2025-08-13T13:30:00+00:00,NY,AUGUST,VALIDATED_SOURCE,NQU5,2,4,-118.0,RESOLVED,BUY,STOP,14.0,2025-08-13 13:30:00.006217433+00:00,STOP,14.0,24042.75,STOP,32.0,24046.25,-89.0,-89.0,-178.0,DOUBLE_STOP,0.5,COST_COVER_BE,SELL,False,ORIGINAL_STOP_BEFORE_ARM,24046.25,-89.0,-178.0,0.0,DOUBLE_STOP_NOT_RESCUED,STOP,,,
2188,2025-08-13 09:30,2025-08-13T13:30:00+00:00,NY,AUGUST,VALIDATED_SOURCE,NQU5,2,4,-118.0,RESOLVED,BUY,STOP,14.0,2025-08-13 13:30:00.006217433+00:00,STOP,14.0,24042.75,STOP,32.0,24046.25,-89.0,-89.0,-178.0,DOUBLE_STOP,1.0,PRICE_BE,SELL,False,ORIGINAL_STOP_BEFORE_ARM,24046.25,-89.0,-178.0,0.0,DOUBLE_STOP_NOT_RESCUED,STOP,,,
2188,2025-08-13 09:30,2025-08-13T13:30:00+00:00,NY,AUGUST,VALIDATED_SOURCE,NQU5,2,4,-118.0,RESOLVED,BUY,STOP,14.0,2025-08-13 13:30:00.006217433+00:00,STOP,14.0,24042.75,STOP,32.0,24046.25,-89.0,-89.0,-178.0,DOUBLE_STOP,1.0,COST_COVER_BE,SELL,False,ORIGINAL_STOP_BEFORE_ARM,24046.25,-89.0,-178.0,0.0,DOUBLE_STOP_NOT_RESCUED,STOP,,,
2188,2025-08-13 09:30,2025-08-13T13:30:00+00:00,NY,AUGUST,VALIDATED_SOURCE,NQU5,2,4,-118.0,RESOLVED,BUY,STOP,14.0,2025-08-13 13:30:00.006217433+00:00,STOP,14.0,24042.75,STOP,32.0,24046.25,-89.0,-89.0,-178.0,DOUBLE_STOP,2.0,PRICE_BE,SELL,False,ORIGINAL_STOP_BEFORE_ARM,24046.25,-89.0,-178.0,0.0,DOUBLE_STOP_NOT_RESCUED,STOP,,,
2188,2025-08-13 09:30,2025-08-13T13:30:00+00:00,NY,AUGUST,VALIDATED_SOURCE,NQU5,2,4,-118.0,RESOLVED,BUY,STOP,14.0,2025-08-13 13:30:00.006217433+00:00,STOP,14.0,24042.75,STOP,32.0,24046.25,-89.0,-89.0,-178.0,DOUBLE_STOP,2.0,COST_COVER_BE,SELL,False,ORIGINAL_STOP_BEFORE_ARM,24046.25,-89.0,-178.0,0.0,DOUBLE_STOP_NOT_RESCUED,STOP,,,
2188,2025-08-13 09:30,2025-08-13T13:30:00+00:00,NY,AUGUST,VALIDATED_SOURCE,NQU5,2,4,-118.0,RESOLVED,BUY,STOP,14.0,2025-08-13 13:30:00.006217433+00:00,STOP,14.0,24042.75,STOP,32.0,24046.25,-89.0,-89.0,-178.0,DOUBLE_STOP,3.0,PRICE_BE,SELL,False,ORIGINAL_STOP_BEFORE_ARM,24046.25,-89.0,-178.0,0.0,DOUBLE_STOP_NOT_RESCUED,STOP,,,
2188,2025-08-13 09:30,2025-08-13T13:30:00+00:00,NY,AUGUST,VALIDATED_SOURCE,NQU5,2,4,-118.0,RESOLVED,BUY,STOP,14.0,2025-08-13 13:30:00.006217433+00:00,STOP,14.0,24042.75,STOP,32.0,24046.25,-89.0,-89.0,-178.0,DOUBLE_STOP,3.0,COST_COVER_BE,SELL,False,ORIGINAL_STOP_BEFORE_ARM,24046.25,-89.0,-178.0,0.0,DOUBLE_STOP_NOT_RESCUED,STOP,,,
2188,2025-08-13 09:30,2025-08-13T13:30:00+00:00,NY,AUGUST,VALIDATED_SOURCE,NQU5,2,4,-118.0,RESOLVED,BUY,STOP,14.0,2025-08-13 13:30:00.006217433+00:00,STOP,14.0,24042.75,STOP,32.0,24046.25,-89.0,-89.0,-178.0,DOUBLE_STOP,4.0,PRICE_BE,SELL,False,ORIGINAL_STOP_BEFORE_ARM,24046.25,-89.0,-178.0,0.0,DOUBLE_STOP_NOT_RESCUED,STOP,,,
2188,2025-08-13 09:30,2025-08-13T13:30:00+00:00,NY,AUGUST,VALIDATED_SOURCE,NQU5,2,4,-118.0,RESOLVED,BUY,STOP,14.0,2025-08-13 13:30:00.006217433+00:00,STOP,14.0,24042.75,STOP,32.0,24046.25,-89.0,-89.0,-178.0,DOUBLE_STOP,4.0,COST_COVER_BE,SELL,False,ORIGINAL_STOP_BEFORE_ARM,24046.25,-89.0,-178.0,0.0,DOUBLE_STOP_NOT_RESCUED,STOP,,,
2188,2025-08-13 09:30,2025-08-13T13:30:00+00:00,NY,AUGUST,VALIDATED_SOURCE,NQU5,2,4,-118.0,RESOLVED,BUY,STOP,14.0,2025-08-13 13:30:00.006217433+00:00,STOP,14.0,24042.75,STOP,32.0,24046.25,-89.0,-89.0,-178.0,DOUBLE_STOP,5.0,PRICE_BE,SELL,False,ORIGINAL_STOP_BEFORE_ARM,24046.25,-89.0,-178.0,0.0,DOUBLE_STOP_NOT_RESCUED,STOP,,,
2188,2025-08-13 09:30,2025-08-13T13:30:00+00:00,NY,AUGUST,VALIDATED_SOURCE,NQU5,2,4,-118.0,RESOLVED,BUY,STOP,14.0,2025-08-13 13:30:00.006217433+00:00,STOP,14.0,24042.75,STOP,32.0,24046.25,-89.0,-89.0,-178.0,DOUBLE_STOP,5.0,COST_COVER_BE,SELL,False,ORIGINAL_STOP_BEFORE_ARM,24046.25,-89.0,-178.0,0.0,DOUBLE_STOP_NOT_RESCUED,STOP,,,
2188,2025-08-13 09:30,2025-08-13T13:30:00+00:00,NY,AUGUST,VALIDATED_SOURCE,NQU5,2,4,-118.0,RESOLVED,BUY,STOP,14.0,2025-08-13 13:30:00.006217433+00:00,STOP,14.0,24042.75,STOP,32.0,24046.25,-89.0,-89.0,-178.0,DOUBLE_STOP,8.0,PRICE_BE,SELL,False,ORIGINAL_STOP_BEFORE_ARM,24046.25,-89.0,-178.0,0.0,DOUBLE_STOP_NOT_RESCUED,STOP,,,
2188,2025-08-13 09:30,2025-08-13T13:30:00+00:00,NY,AUGUST,VALIDATED_SOURCE,NQU5,2,4,-118.0,RESOLVED,BUY,STOP,14.0,2025-08-13 13:30:00.006217433+00:00,STOP,14.0,24042.75,STOP,32.0,24046.25,-89.0,-89.0,-178.0,DOUBLE_STOP,8.0,COST_COVER_BE,SELL,False,ORIGINAL_STOP_BEFORE_ARM,24046.25,-89.0,-178.0,0.0,DOUBLE_STOP_NOT_RESCUED,STOP,,,
2189,2025-08-14 09:30,2025-08-14T13:30:00+00:00,NY,AUGUST,VALIDATED_SOURCE,NQU5,2,0,572.0,RESOLVED,SELL,STOP,0.0,2025-08-14 13:30:00.001561399+00:00,STOP,230.0,23857.0,STOP,0.0,23858.5,-49.0,-49.0,-98.0,DOUBLE_STOP,0.5,PRICE_BE,BUY,True,PRICE_BE,23858.0,-9.0,-58.0,40.0,DOUBLE_STOP_RESCUED,STOP,11.0,2025-08-14 13:30:00.005220905+00:00,-49.0
2189,2025-08-14 09:30,2025-08-14T13:30:00+00:00,NY,AUGUST,VALIDATED_SOURCE,NQU5,2,0,572.0,RESOLVED,SELL,STOP,0.0,2025-08-14 13:30:00.001561399+00:00,STOP,230.0,23857.0,STOP,0.0,23858.5,-49.0,-49.0,-98.0,DOUBLE_STOP,0.5,COST_COVER_BE,BUY,True,COST_COVER_BE,23858.5,11.0,-38.0,60.0,DOUBLE_STOP_RESCUED,STOP,11.0,2025-08-14 13:30:00.005220905+00:00,-49.0
2189,2025-08-14 09:30,2025-08-14T13:30:00+00:00,NY,AUGUST,VALIDATED_SOURCE,NQU5,2,0,572.0,RESOLVED,SELL,STOP,0.0,2025-08-14 13:30:00.001561399+00:00,STOP,230.0,23857.0,STOP,0.0,23858.5,-49.0,-49.0,-98.0,DOUBLE_STOP,1.0,PRICE_BE,BUY,True,PRICE_BE,23858.0,-9.0,-58.0,40.0,DOUBLE_STOP_RESCUED,STOP,20.0,2025-08-14 13:30:00.007029311+00:00,-49.0
2189,2025-08-14 09:30,2025-08-14T13:30:00+00:00,NY,AUGUST,VALIDATED_SOURCE,NQU5,2,0,572.0,RESOLVED,SELL,STOP,0.0,2025-08-14 13:30:00.001561399+00:00,STOP,230.0,23857.0,STOP,0.0,23858.5,-49.0,-49.0,-98.0,DOUBLE_STOP,1.0,COST_COVER_BE,BUY,True,COST_COVER_BE,23858.5,11.0,-38.0,60.0,DOUBLE_STOP_RESCUED,STOP,20.0,2025-08-14 13:30:00.007029311+00:00,-49.0
2189,2025-08-14 09:30,2025-08-14T13:30:00+00:00,NY,AUGUST,VALIDATED_SOURCE,NQU5,2,0,572.0,RESOLVED,SELL,STOP,0.0,2025-08-14 13:30:00.001561399+00:00,STOP,230.0,23857.0,STOP,0.0,23858.5,-49.0,-49.0,-98.0,DOUBLE_STOP,2.0,PRICE_BE,BUY,True,PRICE_BE,23858.0,-9.0,-58.0,40.0,DOUBLE_STOP_RESCUED,STOP,39.0,2025-08-14 13:30:00.023811941+00:00,-49.0
2189,2025-08-14 09:30,2025-08-14T13:30:00+00:00,NY,AUGUST,VALIDATED_SOURCE,NQU5,2,0,572.0,RESOLVED,SELL,STOP,0.0,2025-08-14 13:30:00.001561399+00:00,STOP,230.0,23857.0,STOP,0.0,23858.5,-49.0,-49.0,-98.0,DOUBLE_STOP,2.0,COST_COVER_BE,BUY,True,COST_COVER_BE,23858.5,11.0,-38.0,60.0,DOUBLE_STOP_RESCUED,STOP,39.0,2025-08-14 13:30:00.023811941+00:00,-49.0
2189,2025-08-14 09:30,2025-08-14T13:30:00+00:00,NY,AUGUST,VALIDATED_SOURCE,NQU5,2,0,572.0,RESOLVED,SELL,STOP,0.0,2025-08-14 13:30:00.001561399+00:00,STOP,230.0,23857.0,STOP,0.0,23858.5,-49.0,-49.0,-98.0,DOUBLE_STOP,3.0,PRICE_BE,BUY,True,PRICE_BE,23858.0,-9.0,-58.0,40.0,DOUBLE_STOP_RESCUED,STOP,70.0,2025-08-14 13:30:00.039789763+00:00,-49.0
2189,2025-08-14 09:30,2025-08-14T13:30:00+00:00,NY,AUGUST,VALIDATED_SOURCE,NQU5,2,0,572.0,RESOLVED,SELL,STOP,0.0,2025-08-14 13:30:00.001561399+00:00,STOP,230.0,23857.0,STOP,0.0,23858.5,-49.0,-49.0,-98.0,DOUBLE_STOP,3.0,COST_COVER_BE,BUY,True,COST_COVER_BE,23858.5,11.0,-38.0,60.0,DOUBLE_STOP_RESCUED,STOP,70.0,2025-08-14 13:30:00.039789763+00:00,-49.0
2189,2025-08-14 09:30,2025-08-14T13:30:00+00:00,NY,AUGUST,VALIDATED_SOURCE,NQU5,2,0,572.0,RESOLVED,SELL,STOP,0.0,2025-08-14 13:30:00.001561399+00:00,STOP,230.0,23857.0,STOP,0.0,23858.5,-49.0,-49.0,-98.0,DOUBLE_STOP,4.0,PRICE_BE,BUY,True,PRICE_BE,23858.0,-9.0,-58.0,40.0,DOUBLE_STOP_RESCUED,STOP,110.0,2025-08-14 13:30:00.089095181+00:00,-49.0
2189,2025-08-14 09:30,2025-08-14T13:30:00+00:00,NY,AUGUST,VALIDATED_SOURCE,NQU5,2,0,572.0,RESOLVED,SELL,STOP,0.0,2025-08-14 13:30:00.001561399+00:00,STOP,230.0,23857.0,STOP,0.0,23858.5,-49.0,-49.0,-98.0,DOUBLE_STOP,4.0,COST_COVER_BE,BUY,True,COST_COVER_BE,23858.5,11.0,-38.0,60.0,DOUBLE_STOP_RESCUED,STOP,110.0,2025-08-14 13:30:00.089095181+00:00,-49.0
2189,2025-08-14 09:30,2025-08-14T13:30:00+00:00,NY,AUGUST,VALIDATED_SOURCE,NQU5,2,0,572.0,RESOLVED,SELL,STOP,0.0,2025-08-14 13:30:00.001561399+00:00,STOP,230.0,23857.0,STOP,0.0,23858.5,-49.0,-49.0,-98.0,DOUBLE_STOP,5.0,PRICE_BE,BUY,False,ORIGINAL_STOP_BEFORE_ARM,23857.0,-49.0,-98.0,0.0,DOUBLE_STOP_NOT_RESCUED,STOP,,,
2189,2025-08-14 09:30,2025-08-14T13:30:00+00:00,NY,AUGUST,VALIDATED_SOURCE,NQU5,2,0,572.0,RESOLVED,SELL,STOP,0.0,2025-08-14 13:30:00.001561399+00:00,STOP,230.0,23857.0,STOP,0.0,23858.5,-49.0,-49.0,-98.0,DOUBLE_STOP,5.0,COST_COVER_BE,BUY,False,ORIGINAL_STOP_BEFORE_ARM,23857.0,-49.0,-98.0,0.0,DOUBLE_STOP_NOT_RESCUED,STOP,,,
2189,2025-08-14 09:30,2025-08-14T13:30:00+00:00,NY,AUGUST,VALIDATED_SOURCE,NQU5,2,0,572.0,RESOLVED,SELL,STOP,0.0,2025-08-14 13:30:00.001561399+00:00,STOP,230.0,23857.0,STOP,0.0,23858.5,-49.0,-49.0,-98.0,DOUBLE_STOP,8.0,PRICE_BE,BUY,False,ORIGINAL_STOP_BEFORE_ARM,23857.0,-49.0,-98.0,0.0,DOUBLE_STOP_NOT_RESCUED,STOP,,,
2189,2025-08-14 09:30,2025-08-14T13:30:00+00:00,NY,AUGUST,VALIDATED_SOURCE,NQU5,2,0,572.0,RESOLVED,SELL,STOP,0.0,2025-08-14 13:30:00.001561399+00:00,STOP,230.0,23857.0,STOP,0.0,23858.5,-49.0,-49.0,-98.0,DOUBLE_STOP,8.0,COST_COVER_BE,BUY,False,ORIGINAL_STOP_BEFORE_ARM,23857.0,-49.0,-98.0,0.0,DOUBLE_STOP_NOT_RESCUED,STOP,,,
2189,2025-08-14 09:30,2025-08-14T13:30:00+00:00,NY,AUGUST,VALIDATED_SOURCE,NQU5,2,1,572.0,RESOLVED,SELL,STOP,0.0,2025-08-14 13:30:00.001561399+00:00,STOP,230.0,23856.75,STOP,0.0,23858.75,-59.0,-59.0,-118.0,DOUBLE_STOP,0.5,PRICE_BE,BUY,True,PRICE_BE,23857.75,-19.0,-78.0,40.0,DOUBLE_STOP_RESCUED,STOP,11.0,2025-08-14 13:30:00.005220905+00:00,-59.0
2189,2025-08-14 09:30,2025-08-14T13:30:00+00:00,NY,AUGUST,VALIDATED_SOURCE,NQU5,2,1,572.0,RESOLVED,SELL,STOP,0.0,2025-08-14 13:30:00.001561399+00:00,STOP,230.0,23856.75,STOP,0.0,23858.75,-59.0,-59.0,-118.0,DOUBLE_STOP,0.5,COST_COVER_BE,BUY,True,COST_COVER_BE,23858.25,1.0,-58.0,60.0,DOUBLE_STOP_RESCUED,STOP,11.0,2025-08-14 13:30:00.005220905+00:00,-59.0
2189,2025-08-14 09:30,2025-08-14T13:30:00+00:00,NY,AUGUST,VALIDATED_SOURCE,NQU5,2,1,572.0,RESOLVED,SELL,STOP,0.0,2025-08-14 13:30:00.001561399+00:00,STOP,230.0,23856.75,STOP,0.0,23858.75,-59.0,-59.0,-118.0,DOUBLE_STOP,1.0,PRICE_BE,BUY,True,PRICE_BE,23857.75,-19.0,-78.0,40.0,DOUBLE_STOP_RESCUED,STOP,20.0,2025-08-14 13:30:00.007029311+00:00,-59.0
2189,2025-08-14 09:30,2025-08-14T13:30:00+00:00,NY,AUGUST,VALIDATED_SOURCE,NQU5,2,1,572.0,RESOLVED,SELL,STOP,0.0,2025-08-14 13:30:00.001561399+00:00,STOP,230.0,23856.75,STOP,0.0,23858.75,-59.0,-59.0,-118.0,DOUBLE_STOP,1.0,COST_COVER_BE,BUY,True,COST_COVER_BE,23858.25,1.0,-58.0,60.0,DOUBLE_STOP_RESCUED,STOP,20.0,2025-08-14 13:30:00.007029311+00:00,-59.0
2189,2025-08-14 09:30,2025-08-14T13:30:00+00:00,NY,AUGUST,VALIDATED_SOURCE,NQU5,2,1,572.0,RESOLVED,SELL,STOP,0.0,2025-08-14 13:30:00.001561399+00:00,STOP,230.0,23856.75,STOP,0.0,23858.75,-59.0,-59.0,-118.0,DOUBLE_STOP,2.0,PRICE_BE,BUY,True,PRICE_BE,23857.75,-19.0,-78.0,40.0,DOUBLE_STOP_RESCUED,STOP,39.0,2025-08-14 13:30:00.023811941+00:00,-59.0
2189,2025-08-14 09:30,2025-08-14T13:30:00+00:00,NY,AUGUST,VALIDATED_SOURCE,NQU5,2,1,572.0,RESOLVED,SELL,STOP,0.0,2025-08-14 13:30:00.001561399+00:00,STOP,230.0,23856.75,STOP,0.0,23858.75,-59.0,-59.0,-118.0,DOUBLE_STOP,2.0,COST_COVER_BE,BUY,True,COST_COVER_BE,23858.25,1.0,-58.0,60.0,DOUBLE_STOP_RESCUED,STOP,39.0,2025-08-14 13:30:00.023811941+00:00,-59.0
2189,2025-08-14 09:30,2025-08-14T13:30:00+00:00,NY,AUGUST,VALIDATED_SOURCE,NQU5,2,1,572.0,RESOLVED,SELL,STOP,0.0,2025-08-14 13:30:00.001561399+00:00,STOP,230.0,23856.75,STOP,0.0,23858.75,-59.0,-59.0,-118.0,DOUBLE_STOP,3.0,PRICE_BE,BUY,True,PRICE_BE,23857.75,-19.0,-78.0,40.0,DOUBLE_STOP_RESCUED,STOP,70.0,2025-08-14 13:30:00.039789763+00:00,-59.0
2189,2025-08-14 09:30,2025-08-14T13:30:00+00:00,NY,AUGUST,VALIDATED_SOURCE,NQU5,2,1,572.0,RESOLVED,SELL,STOP,0.0,2025-08-14 13:30:00.001561399+00:00,STOP,230.0,23856.75,STOP,0.0,23858.75,-59.0,-59.0,-118.0,DOUBLE_STOP,3.0,COST_COVER_BE,BUY,True,COST_COVER_BE,23858.25,1.0,-58.0,60.0,DOUBLE_STOP_RESCUED,STOP,70.0,2025-08-14 13:30:00.039789763+00:00,-59.0
2189,2025-08-14 09:30,2025-08-14T13:30:00+00:00,NY,AUGUST,VALIDATED_SOURCE,NQU5,2,1,572.0,RESOLVED,SELL,STOP,0.0,2025-08-14 13:30:00.001561399+00:00,STOP,230.0,23856.75,STOP,0.0,23858.75,-59.0,-59.0,-118.0,DOUBLE_STOP,4.0,PRICE_BE,BUY,True,PRICE_BE,23857.75,-19.0,-78.0,40.0,DOUBLE_STOP_RESCUED,STOP,110.0,2025-08-14 13:30:00.089095181+00:00,-59.0
2189,2025-08-14 09:30,2025-08-14T13:30:00+00:00,NY,AUGUST,VALIDATED_SOURCE,NQU5,2,1,572.0,RESOLVED,SELL,STOP,0.0,2025-08-14 13:30:00.001561399+00:00,STOP,230.0,23856.75,STOP,0.0,23858.75,-59.0,-59.0,-118.0,DOUBLE_STOP,4.0,COST_COVER_BE,BUY,True,COST_COVER_BE,23858.25,1.0,-58.0,60.0,DOUBLE_STOP_RESCUED,STOP,110.0,2025-08-14 13:30:00.089095181+00:00,-59.0
2189,2025-08-14 09:30,2025-08-14T13:30:00+00:00,NY,AUGUST,VALIDATED_SOURCE,NQU5,2,1,572.0,RESOLVED,SELL,STOP,0.0,2025-08-14 13:30:00.001561399+00:00,STOP,230.0,23856.75,STOP,0.0,23858.75,-59.0,-59.0,-118.0,DOUBLE_STOP,5.0,PRICE_BE,BUY,False,ORIGINAL_STOP_BEFORE_ARM,23856.75,-59.0,-118.0,0.0,DOUBLE_STOP_NOT_RESCUED,STOP,,,
2189,2025-08-14 09:30,2025-08-14T13:30:00+00:00,NY,AUGUST,VALIDATED_SOURCE,NQU5,2,1,572.0,RESOLVED,SELL,STOP,0.0,2025-08-14 13:30:00.001561399+00:00,STOP,230.0,23856.75,STOP,0.0,23858.75,-59.0,-59.0,-118.0,DOUBLE_STOP,5.0,COST_COVER_BE,BUY,False,ORIGINAL_STOP_BEFORE_ARM,23856.75,-59.0,-118.0,0.0,DOUBLE_STOP_NOT_RESCUED,STOP,,,
2189,2025-08-14 09:30,2025-08-14T13:30:00+00:00,NY,AUGUST,VALIDATED_SOURCE,NQU5,2,1,572.0,RESOLVED,SELL,STOP,0.0,2025-08-14 13:30:00.001561399+00:00,STOP,230.0,23856.75,STOP,0.0,23858.75,-59.0,-59.0,-118.0,DOUBLE_STOP,8.0,PRICE_BE,BUY,False,ORIGINAL_STOP_BEFORE_ARM,23856.75,-59.0,-118.0,0.0,DOUBLE_STOP_NOT_RESCUED,STOP,,,
2189,2025-08-14 09:30,2025-08-14T13:30:00+00:00,NY,AUGUST,VALIDATED_SOURCE,NQU5,2,1,572.0,RESOLVED,SELL,STOP,0.0,2025-08-14 13:30:00.001561399+00:00,STOP,230.0,23856.75,STOP,0.0,23858.75,-59.0,-59.0,-118.0,DOUBLE_STOP,8.0,COST_COVER_BE,BUY,False,ORIGINAL_STOP_BEFORE_ARM,23856.75,-59.0,-118.0,0.0,DOUBLE_STOP_NOT_RESCUED,STOP,,,
2189,2025-08-14 09:30,2025-08-14T13:30:00+00:00,NY,AUGUST,VALIDATED_SOURCE,NQU5,2,2,572.0,RESOLVED,SELL,STOP,0.0,2025-08-14 13:30:00.001561399+00:00,STOP,230.0,23856.5,STOP,0.0,23859.0,-69.0,-69.0,-138.0,DOUBLE_STOP,0.5,PRICE_BE,BUY,True,PRICE_BE,23857.5,-29.0,-98.0,40.0,DOUBLE_STOP_RESCUED,STOP,11.0,2025-08-14 13:30:00.005220905+00:00,-69.0
2189,2025-08-14 09:30,2025-08-14T13:30:00+00:00,NY,AUGUST,VALIDATED_SOURCE,NQU5,2,2,572.0,RESOLVED,SELL,STOP,0.0,2025-08-14 13:30:00.001561399+00:00,STOP,230.0,23856.5,STOP,0.0,23859.0,-69.0,-69.0,-138.0,DOUBLE_STOP,0.5,COST_COVER_BE,BUY,True,COST_COVER_BE,23858.0,-9.0,-78.0,60.0,DOUBLE_STOP_RESCUED,STOP,11.0,2025-08-14 13:30:00.005220905+00:00,-69.0
2189,2025-08-14 09:30,2025-08-14T13:30:00+00:00,NY,AUGUST,VALIDATED_SOURCE,NQU5,2,2,572.0,RESOLVED,SELL,STOP,0.0,2025-08-14 13:30:00.001561399+00:00,STOP,230.0,23856.5,STOP,0.0,23859.0,-69.0,-69.0,-138.0,DOUBLE_STOP,1.0,PRICE_BE,BUY,True,PRICE_BE,23857.5,-29.0,-98.0,40.0,DOUBLE_STOP_RESCUED,STOP,20.0,2025-08-14 13:30:00.007029311+00:00,-69.0
2189,2025-08-14 09:30,2025-08-14T13:30:00+00:00,NY,AUGUST,VALIDATED_SOURCE,NQU5,2,2,572.0,RESOLVED,SELL,STOP,0.0,2025-08-14 13:30:00.001561399+00:00,STOP,230.0,23856.5,STOP,0.0,23859.0,-69.0,-69.0,-138.0,DOUBLE_STOP,1.0,COST_COVER_BE,BUY,True,COST_COVER_BE,23858.0,-9.0,-78.0,60.0,DOUBLE_STOP_RESCUED,STOP,20.0,2025-08-14 13:30:00.007029311+00:00,-69.0
2189,2025-08-14 09:30,2025-08-14T13:30:00+00:00,NY,AUGUST,VALIDATED_SOURCE,NQU5,2,2,572.0,RESOLVED,SELL,STOP,0.0,2025-08-14 13:30:00.001561399+00:00,STOP,230.0,23856.5,STOP,0.0,23859.0,-69.0,-69.0,-138.0,DOUBLE_STOP,2.0,PRICE_BE,BUY,True,PRICE_BE,23857.5,-29.0,-98.0,40.0,DOUBLE_STOP_RESCUED,STOP,39.0,2025-08-14 13:30:00.023811941+00:00,-69.0
2189,2025-08-14 09:30,2025-08-14T13:30:00+00:00,NY,AUGUST,VALIDATED_SOURCE,NQU5,2,2,572.0,RESOLVED,SELL,STOP,0.0,2025-08-14 13:30:00.001561399+00:00,STOP,230.0,23856.5,STOP,0.0,23859.0,-69.0,-69.0,-138.0,DOUBLE_STOP,2.0,COST_COVER_BE,BUY,True,COST_COVER_BE,23858.0,-9.0,-78.0,60.0,DOUBLE_STOP_RESCUED,STOP,39.0,2025-08-14 13:30:00.023811941+00:00,-69.0
2189,2025-08-14 09:30,2025-08-14T13:30:00+00:00,NY,AUGUST,VALIDATED_SOURCE,NQU5,2,2,572.0,RESOLVED,SELL,STOP,0.0,2025-08-14 13:30:00.001561399+00:00,STOP,230.0,23856.5,STOP,0.0,23859.0,-69.0,-69.0,-138.0,DOUBLE_STOP,3.0,PRICE_BE,BUY,True,PRICE_BE,23857.5,-29.0,-98.0,40.0,DOUBLE_STOP_RESCUED,STOP,70.0,2025-08-14 13:30:00.039789763+00:00,-69.0
2189,2025-08-14 09:30,2025-08-14T13:30:00+00:00,NY,AUGUST,VALIDATED_SOURCE,NQU5,2,2,572.0,RESOLVED,SELL,STOP,0.0,2025-08-14 13:30:00.001561399+00:00,STOP,230.0,23856.5,STOP,0.0,23859.0,-69.0,-69.0,-138.0,DOUBLE_STOP,3.0,COST_COVER_BE,BUY,True,COST_COVER_BE,23858.0,-9.0,-78.0,60.0,DOUBLE_STOP_RESCUED,STOP,70.0,2025-08-14 13:30:00.039789763+00:00,-69.0
2189,2025-08-14 09:30,2025-08-14T13:30:00+00:00,NY,AUGUST,VALIDATED_SOURCE,NQU5,2,2,572.0,RESOLVED,SELL,STOP,0.0,2025-08-14 13:30:00.001561399+00:00,STOP,230.0,23856.5,STOP,0.0,23859.0,-69.0,-69.0,-138.0,DOUBLE_STOP,4.0,PRICE_BE,BUY,True,PRICE_BE,23857.5,-29.0,-98.0,40.0,DOUBLE_STOP_RESCUED,STOP,110.0,2025-08-14 13:30:00.089095181+00:00,-69.0
2189,2025-08-14 09:30,2025-08-14T13:30:00+00:00,NY,AUGUST,VALIDATED_SOURCE,NQU5,2,2,572.0,RESOLVED,SELL,STOP,0.0,2025-08-14 13:30:00.001561399+00:00,STOP,230.0,23856.5,STOP,0.0,23859.0,-69.0,-69.0,-138.0,DOUBLE_STOP,4.0,COST_COVER_BE,BUY,True,COST_COVER_BE,23858.0,-9.0,-78.0,60.0,DOUBLE_STOP_RESCUED,STOP,110.0,2025-08-14 13:30:00.089095181+00:00,-69.0
2189,2025-08-14 09:30,2025-08-14T13:30:00+00:00,NY,AUGUST,VALIDATED_SOURCE,NQU5,2,2,572.0,RESOLVED,SELL,STOP,0.0,2025-08-14 13:30:00.001561399+00:00,STOP,230.0,23856.5,STOP,0.0,23859.0,-69.0,-69.0,-138.0,DOUBLE_STOP,5.0,PRICE_BE,BUY,False,ORIGINAL_STOP_BEFORE_ARM,23856.5,-69.0,-138.0,0.0,DOUBLE_STOP_NOT_RESCUED,STOP,,,
2189,2025-08-14 09:30,2025-08-14T13:30:00+00:00,NY,AUGUST,VALIDATED_SOURCE,NQU5,2,2,572.0,RESOLVED,SELL,STOP,0.0,2025-08-14 13:30:00.001561399+00:00,STOP,230.0,23856.5,STOP,0.0,23859.0,-69.0,-69.0,-138.0,DOUBLE_STOP,5.0,COST_COVER_BE,BUY,False,ORIGINAL_STOP_BEFORE_ARM,23856.5,-69.0,-138.0,0.0,DOUBLE_STOP_NOT_RESCUED,STOP,,,
2189,2025-08-14 09:30,2025-08-14T13:30:00+00:00,NY,AUGUST,VALIDATED_SOURCE,NQU5,2,2,572.0,RESOLVED,SELL,STOP,0.0,2025-08-14 13:30:00.001561399+00:00,STOP,230.0,23856.5,STOP,0.0,23859.0,-69.0,-69.0,-138.0,DOUBLE_STOP,8.0,PRICE_BE,BUY,False,ORIGINAL_STOP_BEFORE_ARM,23856.5,-69.0,-138.0,0.0,DOUBLE_STOP_NOT_RESCUED,STOP,,,
2189,2025-08-14 09:30,2025-08-14T13:30:00+00:00,NY,AUGUST,VALIDATED_SOURCE,NQU5,2,2,572.0,RESOLVED,SELL,STOP,0.0,2025-08-14 13:30:00.001561399+00:00,STOP,230.0,23856.5,STOP,0.0,23859.0,-69.0,-69.0,-138.0,DOUBLE_STOP,8.0,COST_COVER_BE,BUY,False,ORIGINAL_STOP_BEFORE_ARM,23856.5,-69.0,-138.0,0.0,DOUBLE_STOP_NOT_RESCUED,STOP,,,
2189,2025-08-14 09:30,2025-08-14T13:30:00+00:00,NY,AUGUST,VALIDATED_SOURCE,NQU5,2,4,572.0,RESOLVED,SELL,STOP,0.0,2025-08-14 13:30:00.001561399+00:00,STOP,230.0,23856.0,STOP,0.0,23859.5,-89.0,-89.0,-178.0,DOUBLE_STOP,0.5,PRICE_BE,BUY,True,PRICE_BE,23857.0,-49.0,-138.0,40.0,DOUBLE_STOP_RESCUED,STOP,11.0,2025-08-14 13:30:00.005220905+00:00,-89.0
2189,2025-08-14 09:30,2025-08-14T13:30:00+00:00,NY,AUGUST,VALIDATED_SOURCE,NQU5,2,4,572.0,RESOLVED,SELL,STOP,0.0,2025-08-14 13:30:00.001561399+00:00,STOP,230.0,23856.0,STOP,0.0,23859.5,-89.0,-89.0,-178.0,DOUBLE_STOP,0.5,COST_COVER_BE,BUY,True,COST_COVER_BE,23857.5,-29.0,-118.0,60.0,DOUBLE_STOP_RESCUED,STOP,11.0,2025-08-14 13:30:00.005220905+00:00,-89.0
2189,2025-08-14 09:30,2025-08-14T13:30:00+00:00,NY,AUGUST,VALIDATED_SOURCE,NQU5,2,4,572.0,RESOLVED,SELL,STOP,0.0,2025-08-14 13:30:00.001561399+00:00,STOP,230.0,23856.0,STOP,0.0,23859.5,-89.0,-89.0,-178.0,DOUBLE_STOP,1.0,PRICE_BE,BUY,True,PRICE_BE,23857.0,-49.0,-138.0,40.0,DOUBLE_STOP_RESCUED,STOP,20.0,2025-08-14 13:30:00.007029311+00:00,-89.0
2189,2025-08-14 09:30,2025-08-14T13:30:00+00:00,NY,AUGUST,VALIDATED_SOURCE,NQU5,2,4,572.0,RESOLVED,SELL,STOP,0.0,2025-08-14 13:30:00.001561399+00:00,STOP,230.0,23856.0,STOP,0.0,23859.5,-89.0,-89.0,-178.0,DOUBLE_STOP,1.0,COST_COVER_BE,BUY,True,COST_COVER_BE,23857.5,-29.0,-118.0,60.0,DOUBLE_STOP_RESCUED,STOP,20.0,2025-08-14 13:30:00.007029311+00:00,-89.0
2189,2025-08-14 09:30,2025-08-14T13:30:00+00:00,NY,AUGUST,VALIDATED_SOURCE,NQU5,2,4,572.0,RESOLVED,SELL,STOP,0.0,2025-08-14 13:30:00.001561399+00:00,STOP,230.0,23856.0,STOP,0.0,23859.5,-89.0,-89.0,-178.0,DOUBLE_STOP,2.0,PRICE_BE,BUY,True,PRICE_BE,23857.0,-49.0,-138.0,40.0,DOUBLE_STOP_RESCUED,STOP,39.0,2025-08-14 13:30:00.023811941+00:00,-89.0
2189,2025-08-14 09:30,2025-08-14T13:30:00+00:00,NY,AUGUST,VALIDATED_SOURCE,NQU5,2,4,572.0,RESOLVED,SELL,STOP,0.0,2025-08-14 13:30:00.001561399+00:00,STOP,230.0,23856.0,STOP,0.0,23859.5,-89.0,-89.0,-178.0,DOUBLE_STOP,2.0,COST_COVER_BE,BUY,True,COST_COVER_BE,23857.5,-29.0,-118.0,60.0,DOUBLE_STOP_RESCUED,STOP,39.0,2025-08-14 13:30:00.023811941+00:00,-89.0
2189,2025-08-14 09:30,2025-08-14T13:30:00+00:00,NY,AUGUST,VALIDATED_SOURCE,NQU5,2,4,572.0,RESOLVED,SELL,STOP,0.0,2025-08-14 13:30:00.001561399+00:00,STOP,230.0,23856.0,STOP,0.0,23859.5,-89.0,-89.0,-178.0,DOUBLE_STOP,3.0,PRICE_BE,BUY,True,PRICE_BE,23857.0,-49.0,-138.0,40.0,DOUBLE_STOP_RESCUED,STOP,70.0,2025-08-14 13:30:00.039789763+00:00,-89.0
2189,2025-08-14 09:30,2025-08-14T13:30:00+00:00,NY,AUGUST,VALIDATED_SOURCE,NQU5,2,4,572.0,RESOLVED,SELL,STOP,0.0,2025-08-14 13:30:00.001561399+00:00,STOP,230.0,23856.0,STOP,0.0,23859.5,-89.0,-89.0,-178.0,DOUBLE_STOP,3.0,COST_COVER_BE,BUY,True,COST_COVER_BE,23857.5,-29.0,-118.0,60.0,DOUBLE_STOP_RESCUED,STOP,70.0,2025-08-14 13:30:00.039789763+00:00,-89.0
2189,2025-08-14 09:30,2025-08-14T13:30:00+00:00,NY,AUGUST,VALIDATED_SOURCE,NQU5,2,4,572.0,RESOLVED,SELL,STOP,0.0,2025-08-14 13:30:00.001561399+00:00,STOP,230.0,23856.0,STOP,0.0,23859.5,-89.0,-89.0,-178.0,DOUBLE_STOP,4.0,PRICE_BE,BUY,True,PRICE_BE,23857.0,-49.0,-138.0,40.0,DOUBLE_STOP_RESCUED,STOP,110.0,2025-08-14 13:30:00.089095181+00:00,-89.0
2189,2025-08-14 09:30,2025-08-14T13:30:00+00:00,NY,AUGUST,VALIDATED_SOURCE,NQU5,2,4,572.0,RESOLVED,SELL,STOP,0.0,2025-08-14 13:30:00.001561399+00:00,STOP,230.0,23856.0,STOP,0.0,23859.5,-89.0,-89.0,-178.0,DOUBLE_STOP,4.0,COST_COVER_BE,BUY,True,COST_COVER_BE,23857.5,-29.0,-118.0,60.0,DOUBLE_STOP_RESCUED,STOP,110.0,2025-08-14 13:30:00.089095181+00:00,-89.0
2189,2025-08-14 09:30,2025-08-14T13:30:00+00:00,NY,AUGUST,VALIDATED_SOURCE,NQU5,2,4,572.0,RESOLVED,SELL,STOP,0.0,2025-08-14 13:30:00.001561399+00:00,STOP,230.0,23856.0,STOP,0.0,23859.5,-89.0,-89.0,-178.0,DOUBLE_STOP,5.0,PRICE_BE,BUY,False,ORIGINAL_STOP_BEFORE_ARM,23856.0,-89.0,-178.0,0.0,DOUBLE_STOP_NOT_RESCUED,STOP,,,
2189,2025-08-14 09:30,2025-08-14T13:30:00+00:00,NY,AUGUST,VALIDATED_SOURCE,NQU5,2,4,572.0,RESOLVED,SELL,STOP,0.0,2025-08-14 13:30:00.001561399+00:00,STOP,230.0,23856.0,STOP,0.0,23859.5,-89.0,-89.0,-178.0,DOUBLE_STOP,5.0,COST_COVER_BE,BUY,False,ORIGINAL_STOP_BEFORE_ARM,23856.0,-89.0,-178.0,0.0,DOUBLE_STOP_NOT_RESCUED,STOP,,,
2189,2025-08-14 09:30,2025-08-14T13:30:00+00:00,NY,AUGUST,VALIDATED_SOURCE,NQU5,2,4,572.0,RESOLVED,SELL,STOP,0.0,2025-08-14 13:30:00.001561399+00:00,STOP,230.0,23856.0,STOP,0.0,23859.5,-89.0,-89.0,-178.0,DOUBLE_STOP,8.0,PRICE_BE,BUY,False,ORIGINAL_STOP_BEFORE_ARM,23856.0,-89.0,-178.0,0.0,DOUBLE_STOP_NOT_RESCUED,STOP,,,
2189,2025-08-14 09:30,2025-08-14T13:30:00+00:00,NY,AUGUST,VALIDATED_SOURCE,NQU5,2,4,572.0,RESOLVED,SELL,STOP,0.0,2025-08-14 13:30:00.001561399+00:00,STOP,230.0,23856.0,STOP,0.0,23859.5,-89.0,-89.0,-178.0,DOUBLE_STOP,8.0,COST_COVER_BE,BUY,False,ORIGINAL_STOP_BEFORE_ARM,23856.0,-89.0,-178.0,0.0,DOUBLE_STOP_NOT_RESCUED,STOP,,,
2190,2025-08-14 18:00,2025-08-14T22:00:00+00:00,WEEKDAY_WEAK,AUGUST,VALIDATED_SOURCE,NQU5,1,0,-59.0,RESOLVED,SELL,STOP,0.0,2025-08-14 22:00:00.011795725+00:00,STOP,1.0,23885.25,STOP,0.0,23889.5,-79.5,-24.5,-104.0,DOUBLE_STOP,0.5,PRICE_BE,BUY,False,ORIGINAL_STOP_BEFORE_ARM,23885.25,-79.5,-104.0,0.0,DOUBLE_STOP_NOT_RESCUED,STOP,,,
2190,2025-08-14 18:00,2025-08-14T22:00:00+00:00,WEEKDAY_WEAK,AUGUST,VALIDATED_SOURCE,NQU5,1,0,-59.0,RESOLVED,SELL,STOP,0.0,2025-08-14 22:00:00.011795725+00:00,STOP,1.0,23885.25,STOP,0.0,23889.5,-79.5,-24.5,-104.0,DOUBLE_STOP,0.5,COST_COVER_BE,BUY,False,ORIGINAL_STOP_BEFORE_ARM,23885.25,-79.5,-104.0,0.0,DOUBLE_STOP_NOT_RESCUED,STOP,,,
2190,2025-08-14 18:00,2025-08-14T22:00:00+00:00,WEEKDAY_WEAK,AUGUST,VALIDATED_SOURCE,NQU5,1,0,-59.0,RESOLVED,SELL,STOP,0.0,2025-08-14 22:00:00.011795725+00:00,STOP,1.0,23885.25,STOP,0.0,23889.5,-79.5,-24.5,-104.0,DOUBLE_STOP,1.0,PRICE_BE,BUY,False,ORIGINAL_STOP_BEFORE_ARM,23885.25,-79.5,-104.0,0.0,DOUBLE_STOP_NOT_RESCUED,STOP,,,
2190,2025-08-14 18:00,2025-08-14T22:00:00+00:00,WEEKDAY_WEAK,AUGUST,VALIDATED_SOURCE,NQU5,1,0,-59.0,RESOLVED,SELL,STOP,0.0,2025-08-14 22:00:00.011795725+00:00,STOP,1.0,23885.25,STOP,0.0,23889.5,-79.5,-24.5,-104.0,DOUBLE_STOP,1.0,COST_COVER_BE,BUY,False,ORIGINAL_STOP_BEFORE_ARM,23885.25,-79.5,-104.0,0.0,DOUBLE_STOP_NOT_RESCUED,STOP,,,
2190,2025-08-14 18:00,2025-08-14T22:00:00+00:00,WEEKDAY_WEAK,AUGUST,VALIDATED_SOURCE,NQU5,1,0,-59.0,RESOLVED,SELL,STOP,0.0,2025-08-14 22:00:00.011795725+00:00,STOP,1.0,23885.25,STOP,0.0,23889.5,-79.5,-24.5,-104.0,DOUBLE_STOP,2.0,PRICE_BE,BUY,False,ORIGINAL_STOP_BEFORE_ARM,23885.25,-79.5,-104.0,0.0,DOUBLE_STOP_NOT_RESCUED,STOP,,,
2190,2025-08-14 18:00,2025-08-14T22:00:00+00:00,WEEKDAY_WEAK,AUGUST,VALIDATED_SOURCE,NQU5,1,0,-59.0,RESOLVED,SELL,STOP,0.0,2025-08-14 22:00:00.011795725+00:00,STOP,1.0,23885.25,STOP,0.0,23889.5,-79.5,-24.5,-104.0,DOUBLE_STOP,2.0,COST_COVER_BE,BUY,False,ORIGINAL_STOP_BEFORE_ARM,23885.25,-79.5,-104.0,0.0,DOUBLE_STOP_NOT_RESCUED,STOP,,,
2190,2025-08-14 18:00,2025-08-14T22:00:00+00:00,WEEKDAY_WEAK,AUGUST,VALIDATED_SOURCE,NQU5,1,0,-59.0,RESOLVED,SELL,STOP,0.0,2025-08-14 22:00:00.011795725+00:00,STOP,1.0,23885.25,STOP,0.0,23889.5,-79.5,-24.5,-104.0,DOUBLE_STOP,3.0,PRICE_BE,BUY,False,ORIGINAL_STOP_BEFORE_ARM,23885.25,-79.5,-104.0,0.0,DOUBLE_STOP_NOT_RESCUED,STOP,,,
2190,2025-08-14 18:00,2025-08-14T22:00:00+00:00,WEEKDAY_WEAK,AUGUST,VALIDATED_SOURCE,NQU5,1,0,-59.0,RESOLVED,SELL,STOP,0.0,2025-08-14 22:00:00.011795725+00:00,STOP,1.0,23885.25,STOP,0.0,23889.5,-79.5,-24.5,-104.0,DOUBLE_STOP,3.0,COST_COVER_BE,BUY,False,ORIGINAL_STOP_BEFORE_ARM,23885.25,-79.5,-104.0,0.0,DOUBLE_STOP_NOT_RESCUED,STOP,,,
2190,2025-08-14 18:00,2025-08-14T22:00:00+00:00,WEEKDAY_WEAK,AUGUST,VALIDATED_SOURCE,NQU5,1,0,-59.0,RESOLVED,SELL,STOP,0.0,2025-08-14 22:00:00.011795725+00:00,STOP,1.0,23885.25,STOP,0.0,23889.5,-79.5,-24.5,-104.0,DOUBLE_STOP,4.0,PRICE_BE,BUY,False,ORIGINAL_STOP_BEFORE_ARM,23885.25,-79.5,-104.0,0.0,DOUBLE_STOP_NOT_RESCUED,STOP,,,
2190,2025-08-14 18:00,2025-08-14T22:00:00+00:00,WEEKDAY_WEAK,AUGUST,VALIDATED_SOURCE,NQU5,1,0,-59.0,RESOLVED,SELL,STOP,0.0,2025-08-14 22:00:00.011795725+00:00,STOP,1.0,23885.25,STOP,0.0,23889.5,-79.5,-24.5,-104.0,DOUBLE_STOP,4.0,COST_COVER_BE,BUY,False,ORIGINAL_STOP_BEFORE_ARM,23885.25,-79.5,-104.0,0.0,DOUBLE_STOP_NOT_RESCUED,STOP,,,
2190,2025-08-14 18:00,2025-08-14T22:00:00+00:00,WEEKDAY_WEAK,AUGUST,VALIDATED_SOURCE,NQU5,1,0,-59.0,RESOLVED,SELL,STOP,0.0,2025-08-14 22:00:00.011795725+00:00,STOP,1.0,23885.25,STOP,0.0,23889.5,-79.5,-24.5,-104.0,DOUBLE_STOP,5.0,PRICE_BE,BUY,False,ORIGINAL_STOP_BEFORE_ARM,23885.25,-79.5,-104.0,0.0,DOUBLE_STOP_NOT_RESCUED,STOP,,,
2190,2025-08-14 18:00,2025-08-14T22:00:00+00:00,WEEKDAY_WEAK,AUGUST,VALIDATED_SOURCE,NQU5,1,0,-59.0,RESOLVED,SELL,STOP,0.0,2025-08-14 22:00:00.011795725+00:00,STOP,1.0,23885.25,STOP,0.0,23889.5,-79.5,-24.5,-104.0,DOUBLE_STOP,5.0,COST_COVER_BE,BUY,False,ORIGINAL_STOP_BEFORE_ARM,23885.25,-79.5,-104.0,0.0,DOUBLE_STOP_NOT_RESCUED,STOP,,,
2190,2025-08-14 18:00,2025-08-14T22:00:00+00:00,WEEKDAY_WEAK,AUGUST,VALIDATED_SOURCE,NQU5,1,0,-59.0,RESOLVED,SELL,STOP,0.0,2025-08-14 22:00:00.011795725+00:00,STOP,1.0,23885.25,STOP,0.0,23889.5,-79.5,-24.5,-104.0,DOUBLE_STOP,8.0,PRICE_BE,BUY,False,ORIGINAL_STOP_BEFORE_ARM,23885.25,-79.5,-104.0,0.0,DOUBLE_STOP_NOT_RESCUED,STOP,,,
2190,2025-08-14 18:00,2025-08-14T22:00:00+00:00,WEEKDAY_WEAK,AUGUST,VALIDATED_SOURCE,NQU5,1,0,-59.0,RESOLVED,SELL,STOP,0.0,2025-08-14 22:00:00.011795725+00:00,STOP,1.0,23885.25,STOP,0.0,23889.5,-79.5,-24.5,-104.0,DOUBLE_STOP,8.0,COST_COVER_BE,BUY,False,ORIGINAL_STOP_BEFORE_ARM,23885.25,-79.5,-104.0,0.0,DOUBLE_STOP_NOT_RESCUED,STOP,,,
2190,2025-08-14 18:00,2025-08-14T22:00:00+00:00,WEEKDAY_WEAK,AUGUST,VALIDATED_SOURCE,NQU5,1,1,-59.0,RESOLVED,SELL,STOP,0.0,2025-08-14 22:00:00.011795725+00:00,STOP,1.0,23885.0,STOP,0.0,23889.75,-84.5,-29.5,-114.0,DOUBLE_STOP,0.5,PRICE_BE,BUY,False,ORIGINAL_STOP_BEFORE_ARM,23885.0,-84.5,-114.0,0.0,DOUBLE_STOP_NOT_RESCUED,STOP,,,
2190,2025-08-14 18:00,2025-08-14T22:00:00+00:00,WEEKDAY_WEAK,AUGUST,VALIDATED_SOURCE,NQU5,1,1,-59.0,RESOLVED,SELL,STOP,0.0,2025-08-14 22:00:00.011795725+00:00,STOP,1.0,23885.0,STOP,0.0,23889.75,-84.5,-29.5,-114.0,DOUBLE_STOP,0.5,COST_COVER_BE,BUY,False,ORIGINAL_STOP_BEFORE_ARM,23885.0,-84.5,-114.0,0.0,DOUBLE_STOP_NOT_RESCUED,STOP,,,
2190,2025-08-14 18:00,2025-08-14T22:00:00+00:00,WEEKDAY_WEAK,AUGUST,VALIDATED_SOURCE,NQU5,1,1,-59.0,RESOLVED,SELL,STOP,0.0,2025-08-14 22:00:00.011795725+00:00,STOP,1.0,23885.0,STOP,0.0,23889.75,-84.5,-29.5,-114.0,DOUBLE_STOP,1.0,PRICE_BE,BUY,False,ORIGINAL_STOP_BEFORE_ARM,23885.0,-84.5,-114.0,0.0,DOUBLE_STOP_NOT_RESCUED,STOP,,,
2190,2025-08-14 18:00,2025-08-14T22:00:00+00:00,WEEKDAY_WEAK,AUGUST,VALIDATED_SOURCE,NQU5,1,1,-59.0,RESOLVED,SELL,STOP,0.0,2025-08-14 22:00:00.011795725+00:00,STOP,1.0,23885.0,STOP,0.0,23889.75,-84.5,-29.5,-114.0,DOUBLE_STOP,1.0,COST_COVER_BE,BUY,False,ORIGINAL_STOP_BEFORE_ARM,23885.0,-84.5,-114.0,0.0,DOUBLE_STOP_NOT_RESCUED,STOP,,,
2190,2025-08-14 18:00,2025-08-14T22:00:00+00:00,WEEKDAY_WEAK,AUGUST,VALIDATED_SOURCE,NQU5,1,1,-59.0,RESOLVED,SELL,STOP,0.0,2025-08-14 22:00:00.011795725+00:00,STOP,1.0,23885.0,STOP,0.0,23889.75,-84.5,-29.5,-114.0,DOUBLE_STOP,2.0,PRICE_BE,BUY,False,ORIGINAL_STOP_BEFORE_ARM,23885.0,-84.5,-114.0,0.0,DOUBLE_STOP_NOT_RESCUED,STOP,,,
2190,2025-08-14 18:00,2025-08-14T22:00:00+00:00,WEEKDAY_WEAK,AUGUST,VALIDATED_SOURCE,NQU5,1,1,-59.0,RESOLVED,SELL,STOP,0.0,2025-08-14 22:00:00.011795725+00:00,STOP,1.0,23885.0,STOP,0.0,23889.75,-84.5,-29.5,-114.0,DOUBLE_STOP,2.0,COST_COVER_BE,BUY,False,ORIGINAL_STOP_BEFORE_ARM,23885.0,-84.5,-114.0,0.0,DOUBLE_STOP_NOT_RESCUED,STOP,,,
2190,2025-08-14 18:00,2025-08-14T22:00:00+00:00,WEEKDAY_WEAK,AUGUST,VALIDATED_SOURCE,NQU5,1,1,-59.0,RESOLVED,SELL,STOP,0.0,2025-08-14 22:00:00.011795725+00:00,STOP,1.0,23885.0,STOP,0.0,23889.75,-84.5,-29.5,-114.0,DOUBLE_STOP,3.0,PRICE_BE,BUY,False,ORIGINAL_STOP_BEFORE_ARM,23885.0,-84.5,-114.0,0.0,DOUBLE_STOP_NOT_RESCUED,STOP,,,
2190,2025-08-14 18:00,2025-08-14T22:00:00+00:00,WEEKDAY_WEAK,AUGUST,VALIDATED_SOURCE,NQU5,1,1,-59.0,RESOLVED,SELL,STOP,0.0,2025-08-14 22:00:00.011795725+00:00,STOP,1.0,23885.0,STOP,0.0,23889.75,-84.5,-29.5,-114.0,DOUBLE_STOP,3.0,COST_COVER_BE,BUY,False,ORIGINAL_STOP_BEFORE_ARM,23885.0,-84.5,-114.0,0.0,DOUBLE_STOP_NOT_RESCUED,STOP,,,
2190,2025-08-14 18:00,2025-08-14T22:00:00+00:00,WEEKDAY_WEAK,AUGUST,VALIDATED_SOURCE,NQU5,1,1,-59.0,RESOLVED,SELL,STOP,0.0,2025-08-14 22:00:00.011795725+00:00,STOP,1.0,23885.0,STOP,0.0,23889.75,-84.5,-29.5,-114.0,DOUBLE_STOP,4.0,PRICE_BE,BUY,False,ORIGINAL_STOP_BEFORE_ARM,23885.0,-84.5,-114.0,0.0,DOUBLE_STOP_NOT_RESCUED,STOP,,,
2190,2025-08-14 18:00,2025-08-14T22:00:00+00:00,WEEKDAY_WEAK,AUGUST,VALIDATED_SOURCE,NQU5,1,1,-59.0,RESOLVED,SELL,STOP,0.0,2025-08-14 22:00:00.011795725+00:00,STOP,1.0,23885.0,STOP,0.0,23889.75,-84.5,-29.5,-114.0,DOUBLE_STOP,4.0,COST_COVER_BE,BUY,False,ORIGINAL_STOP_BEFORE_ARM,23885.0,-84.5,-114.0,0.0,DOUBLE_STOP_NOT_RESCUED,STOP,,,
2190,2025-08-14 18:00,2025-08-14T22:00:00+00:00,WEEKDAY_WEAK,AUGUST,VALIDATED_SOURCE,NQU5,1,1,-59.0,RESOLVED,SELL,STOP,0.0,2025-08-14 22:00:00.011795725+00:00,STOP,1.0,23885.0,STOP,0.0,23889.75,-84.5,-29.5,-114.0,DOUBLE_STOP,5.0,PRICE_BE,BUY,False,ORIGINAL_STOP_BEFORE_ARM,23885.0,-84.5,-114.0,0.0,DOUBLE_STOP_NOT_RESCUED,STOP,,,
2190,2025-08-14 18:00,2025-08-14T22:00:00+00:00,WEEKDAY_WEAK,AUGUST,VALIDATED_SOURCE,NQU5,1,1,-59.0,RESOLVED,SELL,STOP,0.0,2025-08-14 22:00:00.011795725+00:00,STOP,1.0,23885.0,STOP,0.0,23889.75,-84.5,-29.5,-114.0,DOUBLE_STOP,5.0,COST_COVER_BE,BUY,False,ORIGINAL_STOP_BEFORE_ARM,23885.0,-84.5,-114.0,0.0,DOUBLE_STOP_NOT_RESCUED,STOP,,,
2190,2025-08-14 18:00,2025-08-14T22:00:00+00:00,WEEKDAY_WEAK,AUGUST,VALIDATED_SOURCE,NQU5,1,1,-59.0,RESOLVED,SELL,STOP,0.0,2025-08-14 22:00:00.011795725+00:00,STOP,1.0,23885.0,STOP,0.0,23889.75,-84.5,-29.5,-114.0,DOUBLE_STOP,8.0,PRICE_BE,BUY,False,ORIGINAL_STOP_BEFORE_ARM,23885.0,-84.5,-114.0,0.0,DOUBLE_STOP_NOT_RESCUED,STOP,,,
2190,2025-08-14 18:00,2025-08-14T22:00:00+00:00,WEEKDAY_WEAK,AUGUST,VALIDATED_SOURCE,NQU5,1,1,-59.0,RESOLVED,SELL,STOP,0.0,2025-08-14 22:00:00.011795725+00:00,STOP,1.0,23885.0,STOP,0.0,23889.75,-84.5,-29.5,-114.0,DOUBLE_STOP,8.0,COST_COVER_BE,BUY,False,ORIGINAL_STOP_BEFORE_ARM,23885.0,-84.5,-114.0,0.0,DOUBLE_STOP_NOT_RESCUED,STOP,,,
2190,2025-08-14 18:00,2025-08-14T22:00:00+00:00,WEEKDAY_WEAK,AUGUST,VALIDATED_SOURCE,NQU5,1,2,-59.0,RESOLVED,SELL,STOP,0.0,2025-08-14 22:00:00.011795725+00:00,STOP,1.0,23884.75,STOP,0.0,23890.0,-89.5,-34.5,-124.0,DOUBLE_STOP,0.5,PRICE_BE,BUY,False,ORIGINAL_STOP_BEFORE_ARM,23884.75,-89.5,-124.0,0.0,DOUBLE_STOP_NOT_RESCUED,STOP,,,
2190,2025-08-14 18:00,2025-08-14T22:00:00+00:00,WEEKDAY_WEAK,AUGUST,VALIDATED_SOURCE,NQU5,1,2,-59.0,RESOLVED,SELL,STOP,0.0,2025-08-14 22:00:00.011795725+00:00,STOP,1.0,23884.75,STOP,0.0,23890.0,-89.5,-34.5,-124.0,DOUBLE_STOP,0.5,COST_COVER_BE,BUY,False,ORIGINAL_STOP_BEFORE_ARM,23884.75,-89.5,-124.0,0.0,DOUBLE_STOP_NOT_RESCUED,STOP,,,
2190,2025-08-14 18:00,2025-08-14T22:00:00+00:00,WEEKDAY_WEAK,AUGUST,VALIDATED_SOURCE,NQU5,1,2,-59.0,RESOLVED,SELL,STOP,0.0,2025-08-14 22:00:00.011795725+00:00,STOP,1.0,23884.75,STOP,0.0,23890.0,-89.5,-34.5,-124.0,DOUBLE_STOP,1.0,PRICE_BE,BUY,False,ORIGINAL_STOP_BEFORE_ARM,23884.75,-89.5,-124.0,0.0,DOUBLE_STOP_NOT_RESCUED,STOP,,,
2190,2025-08-14 18:00,2025-08-14T22:00:00+00:00,WEEKDAY_WEAK,AUGUST,VALIDATED_SOURCE,NQU5,1,2,-59.0,RESOLVED,SELL,STOP,0.0,2025-08-14 22:00:00.011795725+00:00,STOP,1.0,23884.75,STOP,0.0,23890.0,-89.5,-34.5,-124.0,DOUBLE_STOP,1.0,COST_COVER_BE,BUY,False,ORIGINAL_STOP_BEFORE_ARM,23884.75,-89.5,-124.0,0.0,DOUBLE_STOP_NOT_RESCUED,STOP,,,
2190,2025-08-14 18:00,2025-08-14T22:00:00+00:00,WEEKDAY_WEAK,AUGUST,VALIDATED_SOURCE,NQU5,1,2,-59.0,RESOLVED,SELL,STOP,0.0,2025-08-14 22:00:00.011795725+00:00,STOP,1.0,23884.75,STOP,0.0,23890.0,-89.5,-34.5,-124.0,DOUBLE_STOP,2.0,PRICE_BE,BUY,False,ORIGINAL_STOP_BEFORE_ARM,23884.75,-89.5,-124.0,0.0,DOUBLE_STOP_NOT_RESCUED,STOP,,,
2190,2025-08-14 18:00,2025-08-14T22:00:00+00:00,WEEKDAY_WEAK,AUGUST,VALIDATED_SOURCE,NQU5,1,2,-59.0,RESOLVED,SELL,STOP,0.0,2025-08-14 22:00:00.011795725+00:00,STOP,1.0,23884.75,STOP,0.0,23890.0,-89.5,-34.5,-124.0,DOUBLE_STOP,2.0,COST_COVER_BE,BUY,False,ORIGINAL_STOP_BEFORE_ARM,23884.75,-89.5,-124.0,0.0,DOUBLE_STOP_NOT_RESCUED,STOP,,,
2190,2025-08-14 18:00,2025-08-14T22:00:00+00:00,WEEKDAY_WEAK,AUGUST,VALIDATED_SOURCE,NQU5,1,2,-59.0,RESOLVED,SELL,STOP,0.0,2025-08-14 22:00:00.011795725+00:00,STOP,1.0,23884.75,STOP,0.0,23890.0,-89.5,-34.5,-124.0,DOUBLE_STOP,3.0,PRICE_BE,BUY,False,ORIGINAL_STOP_BEFORE_ARM,23884.75,-89.5,-124.0,0.0,DOUBLE_STOP_NOT_RESCUED,STOP,,,
2190,2025-08-14 18:00,2025-08-14T22:00:00+00:00,WEEKDAY_WEAK,AUGUST,VALIDATED_SOURCE,NQU5,1,2,-59.0,RESOLVED,SELL,STOP,0.0,2025-08-14 22:00:00.011795725+00:00,STOP,1.0,23884.75,STOP,0.0,23890.0,-89.5,-34.5,-124.0,DOUBLE_STOP,3.0,COST_COVER_BE,BUY,False,ORIGINAL_STOP_BEFORE_ARM,23884.75,-89.5,-124.0,0.0,DOUBLE_STOP_NOT_RESCUED,STOP,,,
2190,2025-08-14 18:00,2025-08-14T22:00:00+00:00,WEEKDAY_WEAK,AUGUST,VALIDATED_SOURCE,NQU5,1,2,-59.0,RESOLVED,SELL,STOP,0.0,2025-08-14 22:00:00.011795725+00:00,STOP,1.0,23884.75,STOP,0.0,23890.0,-89.5,-34.5,-124.0,DOUBLE_STOP,4.0,PRICE_BE,BUY,False,ORIGINAL_STOP_BEFORE_ARM,23884.75,-89.5,-124.0,0.0,DOUBLE_STOP_NOT_RESCUED,STOP,,,
2190,2025-08-14 18:00,2025-08-14T22:00:00+00:00,WEEKDAY_WEAK,AUGUST,VALIDATED_SOURCE,NQU5,1,2,-59.0,RESOLVED,SELL,STOP,0.0,2025-08-14 22:00:00.011795725+00:00,STOP,1.0,23884.75,STOP,0.0,23890.0,-89.5,-34.5,-124.0,DOUBLE_STOP,4.0,COST_COVER_BE,BUY,False,ORIGINAL_STOP_BEFORE_ARM,23884.75,-89.5,-124.0,0.0,DOUBLE_STOP_NOT_RESCUED,STOP,,,
2190,2025-08-14 18:00,2025-08-14T22:00:00+00:00,WEEKDAY_WEAK,AUGUST,VALIDATED_SOURCE,NQU5,1,2,-59.0,RESOLVED,SELL,STOP,0.0,2025-08-14 22:00:00.011795725+00:00,STOP,1.0,23884.75,STOP,0.0,23890.0,-89.5,-34.5,-124.0,DOUBLE_STOP,5.0,PRICE_BE,BUY,False,ORIGINAL_STOP_BEFORE_ARM,23884.75,-89.5,-124.0,0.0,DOUBLE_STOP_NOT_RESCUED,STOP,,,
2190,2025-08-14 18:00,2025-08-14T22:00:00+00:00,WEEKDAY_WEAK,AUGUST,VALIDATED_SOURCE,NQU5,1,2,-59.0,RESOLVED,SELL,STOP,0.0,2025-08-14 22:00:00.011795725+00:00,STOP,1.0,23884.75,STOP,0.0,23890.0,-89.5,-34.5,-124.0,DOUBLE_STOP,5.0,COST_COVER_BE,BUY,False,ORIGINAL_STOP_BEFORE_ARM,23884.75,-89.5,-124.0,0.0,DOUBLE_STOP_NOT_RESCUED,STOP,,,
2190,2025-08-14 18:00,2025-08-14T22:00:00+00:00,WEEKDAY_WEAK,AUGUST,VALIDATED_SOURCE,NQU5,1,2,-59.0,RESOLVED,SELL,STOP,0.0,2025-08-14 22:00:00.011795725+00:00,STOP,1.0,23884.75,STOP,0.0,23890.0,-89.5,-34.5,-124.0,DOUBLE_STOP,8.0,PRICE_BE,BUY,False,ORIGINAL_STOP_BEFORE_ARM,23884.75,-89.5,-124.0,0.0,DOUBLE_STOP_NOT_RESCUED,STOP,,,
2190,2025-08-14 18:00,2025-08-14T22:00:00+00:00,WEEKDAY_WEAK,AUGUST,VALIDATED_SOURCE,NQU5,1,2,-59.0,RESOLVED,SELL,STOP,0.0,2025-08-14 22:00:00.011795725+00:00,STOP,1.0,23884.75,STOP,0.0,23890.0,-89.5,-34.5,-124.0,DOUBLE_STOP,8.0,COST_COVER_BE,BUY,False,ORIGINAL_STOP_BEFORE_ARM,23884.75,-89.5,-124.0,0.0,DOUBLE_STOP_NOT_RESCUED,STOP,,,
2190,2025-08-14 18:00,2025-08-14T22:00:00+00:00,WEEKDAY_WEAK,AUGUST,VALIDATED_SOURCE,NQU5,1,4,-59.0,RESOLVED,SELL,STOP,0.0,2025-08-14 22:00:00.011795725+00:00,STOP,1.0,23884.25,STOP,0.0,23890.5,-99.5,-44.5,-144.0,DOUBLE_STOP,0.5,PRICE_BE,BUY,False,ORIGINAL_STOP_BEFORE_ARM,23884.25,-99.5,-144.0,0.0,DOUBLE_STOP_NOT_RESCUED,STOP,,,
2190,2025-08-14 18:00,2025-08-14T22:00:00+00:00,WEEKDAY_WEAK,AUGUST,VALIDATED_SOURCE,NQU5,1,4,-59.0,RESOLVED,SELL,STOP,0.0,2025-08-14 22:00:00.011795725+00:00,STOP,1.0,23884.25,STOP,0.0,23890.5,-99.5,-44.5,-144.0,DOUBLE_STOP,0.5,COST_COVER_BE,BUY,False,ORIGINAL_STOP_BEFORE_ARM,23884.25,-99.5,-144.0,0.0,DOUBLE_STOP_NOT_RESCUED,STOP,,,
2190,2025-08-14 18:00,2025-08-14T22:00:00+00:00,WEEKDAY_WEAK,AUGUST,VALIDATED_SOURCE,NQU5,1,4,-59.0,RESOLVED,SELL,STOP,0.0,2025-08-14 22:00:00.011795725+00:00,STOP,1.0,23884.25,STOP,0.0,23890.5,-99.5,-44.5,-144.0,DOUBLE_STOP,1.0,PRICE_BE,BUY,False,ORIGINAL_STOP_BEFORE_ARM,23884.25,-99.5,-144.0,0.0,DOUBLE_STOP_NOT_RESCUED,STOP,,,
2190,2025-08-14 18:00,2025-08-14T22:00:00+00:00,WEEKDAY_WEAK,AUGUST,VALIDATED_SOURCE,NQU5,1,4,-59.0,RESOLVED,SELL,STOP,0.0,2025-08-14 22:00:00.011795725+00:00,STOP,1.0,23884.25,STOP,0.0,23890.5,-99.5,-44.5,-144.0,DOUBLE_STOP,1.0,COST_COVER_BE,BUY,False,ORIGINAL_STOP_BEFORE_ARM,23884.25,-99.5,-144.0,0.0,DOUBLE_STOP_NOT_RESCUED,STOP,,,
2190,2025-08-14 18:00,2025-08-14T22:00:00+00:00,WEEKDAY_WEAK,AUGUST,VALIDATED_SOURCE,NQU5,1,4,-59.0,RESOLVED,SELL,STOP,0.0,2025-08-14 22:00:00.011795725+00:00,STOP,1.0,23884.25,STOP,0.0,23890.5,-99.5,-44.5,-144.0,DOUBLE_STOP,2.0,PRICE_BE,BUY,False,ORIGINAL_STOP_BEFORE_ARM,23884.25,-99.5,-144.0,0.0,DOUBLE_STOP_NOT_RESCUED,STOP,,,
2190,2025-08-14 18:00,2025-08-14T22:00:00+00:00,WEEKDAY_WEAK,AUGUST,VALIDATED_SOURCE,NQU5,1,4,-59.0,RESOLVED,SELL,STOP,0.0,2025-08-14 22:00:00.011795725+00:00,STOP,1.0,23884.25,STOP,0.0,23890.5,-99.5,-44.5,-144.0,DOUBLE_STOP,2.0,COST_COVER_BE,BUY,False,ORIGINAL_STOP_BEFORE_ARM,23884.25,-99.5,-144.0,0.0,DOUBLE_STOP_NOT_RESCUED,STOP,,,
2190,2025-08-14 18:00,2025-08-14T22:00:00+00:00,WEEKDAY_WEAK,AUGUST,VALIDATED_SOURCE,NQU5,1,4,-59.0,RESOLVED,SELL,STOP,0.0,2025-08-14 22:00:00.011795725+00:00,STOP,1.0,23884.25,STOP,0.0,23890.5,-99.5,-44.5,-144.0,DOUBLE_STOP,3.0,PRICE_BE,BUY,False,ORIGINAL_STOP_BEFORE_ARM,23884.25,-99.5,-144.0,0.0,DOUBLE_STOP_NOT_RESCUED,STOP,,,
2190,2025-08-14 18:00,2025-08-14T22:00:00+00:00,WEEKDAY_WEAK,AUGUST,VALIDATED_SOURCE,NQU5,1,4,-59.0,RESOLVED,SELL,STOP,0.0,2025-08-14 22:00:00.011795725+00:00,STOP,1.0,23884.25,STOP,0.0,23890.5,-99.5,-44.5,-144.0,DOUBLE_STOP,3.0,COST_COVER_BE,BUY,False,ORIGINAL_STOP_BEFORE_ARM,23884.25,-99.5,-144.0,0.0,DOUBLE_STOP_NOT_RESCUED,STOP,,,
2190,2025-08-14 18:00,2025-08-14T22:00:00+00:00,WEEKDAY_WEAK,AUGUST,VALIDATED_SOURCE,NQU5,1,4,-59.0,RESOLVED,SELL,STOP,0.0,2025-08-14 22:00:00.011795725+00:00,STOP,1.0,23884.25,STOP,0.0,23890.5,-99.5,-44.5,-144.0,DOUBLE_STOP,4.0,PRICE_BE,BUY,False,ORIGINAL_STOP_BEFORE_ARM,23884.25,-99.5,-144.0,0.0,DOUBLE_STOP_NOT_RESCUED,STOP,,,
2190,2025-08-14 18:00,2025-08-14T22:00:00+00:00,WEEKDAY_WEAK,AUGUST,VALIDATED_SOURCE,NQU5,1,4,-59.0,RESOLVED,SELL,STOP,0.0,2025-08-14 22:00:00.011795725+00:00,STOP,1.0,23884.25,STOP,0.0,23890.5,-99.5,-44.5,-144.0,DOUBLE_STOP,4.0,COST_COVER_BE,BUY,False,ORIGINAL_STOP_BEFORE_ARM,23884.25,-99.5,-144.0,0.0,DOUBLE_STOP_NOT_RESCUED,STOP,,,
2190,2025-08-14 18:00,2025-08-14T22:00:00+00:00,WEEKDAY_WEAK,AUGUST,VALIDATED_SOURCE,NQU5,1,4,-59.0,RESOLVED,SELL,STOP,0.0,2025-08-14 22:00:00.011795725+00:00,STOP,1.0,23884.25,STOP,0.0,23890.5,-99.5,-44.5,-144.0,DOUBLE_STOP,5.0,PRICE_BE,BUY,False,ORIGINAL_STOP_BEFORE_ARM,23884.25,-99.5,-144.0,0.0,DOUBLE_STOP_NOT_RESCUED,STOP,,,
2190,2025-08-14 18:00,2025-08-14T22:00:00+00:00,WEEKDAY_WEAK,AUGUST,VALIDATED_SOURCE,NQU5,1,4,-59.0,RESOLVED,SELL,STOP,0.0,2025-08-14 22:00:00.011795725+00:00,STOP,1.0,23884.25,STOP,0.0,23890.5,-99.5,-44.5,-144.0,DOUBLE_STOP,5.0,COST_COVER_BE,BUY,False,ORIGINAL_STOP_BEFORE_ARM,23884.25,-99.5,-144.0,0.0,DOUBLE_STOP_NOT_RESCUED,STOP,,,
2190,2025-08-14 18:00,2025-08-14T22:00:00+00:00,WEEKDAY_WEAK,AUGUST,VALIDATED_SOURCE,NQU5,1,4,-59.0,RESOLVED,SELL,STOP,0.0,2025-08-14 22:00:00.011795725+00:00,STOP,1.0,23884.25,STOP,0.0,23890.5,-99.5,-44.5,-144.0,DOUBLE_STOP,8.0,PRICE_BE,BUY,False,ORIGINAL_STOP_BEFORE_ARM,23884.25,-99.5,-144.0,0.0,DOUBLE_STOP_NOT_RESCUED,STOP,,,
2190,2025-08-14 18:00,2025-08-14T22:00:00+00:00,WEEKDAY_WEAK,AUGUST,VALIDATED_SOURCE,NQU5,1,4,-59.0,RESOLVED,SELL,STOP,0.0,2025-08-14 22:00:00.011795725+00:00,STOP,1.0,23884.25,STOP,0.0,23890.5,-99.5,-44.5,-144.0,DOUBLE_STOP,8.0,COST_COVER_BE,BUY,False,ORIGINAL_STOP_BEFORE_ARM,23884.25,-99.5,-144.0,0.0,DOUBLE_STOP_NOT_RESCUED,STOP,,,
2191,2025-08-15 09:30,2025-08-15T13:30:00+00:00,NY,AUGUST,VALIDATED_SOURCE,NQU5,2,0,-118.0,RESOLVED,SELL,STOP,7.0,2025-08-15 13:30:00.004084377+00:00,STOP,77.0,23908.5,STOP,7.0,23910.25,-49.0,-59.0,-108.0,DOUBLE_STOP,0.5,PRICE_BE,BUY,True,PRICE_BE,23910.0,11.0,-48.0,60.0,DOUBLE_STOP_RESCUED,STOP,9.0,2025-08-15 13:30:00.006093739+00:00,-49.0
2191,2025-08-15 09:30,2025-08-15T13:30:00+00:00,NY,AUGUST,VALIDATED_SOURCE,NQU5,2,0,-118.0,RESOLVED,SELL,STOP,7.0,2025-08-15 13:30:00.004084377+00:00,STOP,77.0,23908.5,STOP,7.0,23910.25,-49.0,-59.0,-108.0,DOUBLE_STOP,0.5,COST_COVER_BE,BUY,True,COST_COVER_BE,23910.0,11.0,-48.0,60.0,DOUBLE_STOP_RESCUED,STOP,9.0,2025-08-15 13:30:00.006093739+00:00,-49.0
2191,2025-08-15 09:30,2025-08-15T13:30:00+00:00,NY,AUGUST,VALIDATED_SOURCE,NQU5,2,0,-118.0,RESOLVED,SELL,STOP,7.0,2025-08-15 13:30:00.004084377+00:00,STOP,77.0,23908.5,STOP,7.0,23910.25,-49.0,-59.0,-108.0,DOUBLE_STOP,1.0,PRICE_BE,BUY,True,PRICE_BE,23909.5,-9.0,-68.0,40.0,DOUBLE_STOP_RESCUED,STOP,41.0,2025-08-15 13:30:00.052414133+00:00,-49.0
2191,2025-08-15 09:30,2025-08-15T13:30:00+00:00,NY,AUGUST,VALIDATED_SOURCE,NQU5,2,0,-118.0,RESOLVED,SELL,STOP,7.0,2025-08-15 13:30:00.004084377+00:00,STOP,77.0,23908.5,STOP,7.0,23910.25,-49.0,-59.0,-108.0,DOUBLE_STOP,1.0,COST_COVER_BE,BUY,True,COST_COVER_BE,23910.0,11.0,-48.0,60.0,DOUBLE_STOP_RESCUED,STOP,41.0,2025-08-15 13:30:00.052414133+00:00,-49.0
2191,2025-08-15 09:30,2025-08-15T13:30:00+00:00,NY,AUGUST,VALIDATED_SOURCE,NQU5,2,0,-118.0,RESOLVED,SELL,STOP,7.0,2025-08-15 13:30:00.004084377+00:00,STOP,77.0,23908.5,STOP,7.0,23910.25,-49.0,-59.0,-108.0,DOUBLE_STOP,2.0,PRICE_BE,BUY,False,ORIGINAL_STOP_BEFORE_ARM,23908.5,-49.0,-108.0,0.0,DOUBLE_STOP_NOT_RESCUED,STOP,,,
2191,2025-08-15 09:30,2025-08-15T13:30:00+00:00,NY,AUGUST,VALIDATED_SOURCE,NQU5,2,0,-118.0,RESOLVED,SELL,STOP,7.0,2025-08-15 13:30:00.004084377+00:00,STOP,77.0,23908.5,STOP,7.0,23910.25,-49.0,-59.0,-108.0,DOUBLE_STOP,2.0,COST_COVER_BE,BUY,False,ORIGINAL_STOP_BEFORE_ARM,23908.5,-49.0,-108.0,0.0,DOUBLE_STOP_NOT_RESCUED,STOP,,,
2191,2025-08-15 09:30,2025-08-15T13:30:00+00:00,NY,AUGUST,VALIDATED_SOURCE,NQU5,2,0,-118.0,RESOLVED,SELL,STOP,7.0,2025-08-15 13:30:00.004084377+00:00,STOP,77.0,23908.5,STOP,7.0,23910.25,-49.0,-59.0,-108.0,DOUBLE_STOP,3.0,PRICE_BE,BUY,False,ORIGINAL_STOP_BEFORE_ARM,23908.5,-49.0,-108.0,0.0,DOUBLE_STOP_NOT_RESCUED,STOP,,,
2191,2025-08-15 09:30,2025-08-15T13:30:00+00:00,NY,AUGUST,VALIDATED_SOURCE,NQU5,2,0,-118.0,RESOLVED,SELL,STOP,7.0,2025-08-15 13:30:00.004084377+00:00,STOP,77.0,23908.5,STOP,7.0,23910.25,-49.0,-59.0,-108.0,DOUBLE_STOP,3.0,COST_COVER_BE,BUY,False,ORIGINAL_STOP_BEFORE_ARM,23908.5,-49.0,-108.0,0.0,DOUBLE_STOP_NOT_RESCUED,STOP,,,
2191,2025-08-15 09:30,2025-08-15T13:30:00+00:00,NY,AUGUST,VALIDATED_SOURCE,NQU5,2,0,-118.0,RESOLVED,SELL,STOP,7.0,2025-08-15 13:30:00.004084377+00:00,STOP,77.0,23908.5,STOP,7.0,23910.25,-49.0,-59.0,-108.0,DOUBLE_STOP,4.0,PRICE_BE,BUY,False,ORIGINAL_STOP_BEFORE_ARM,23908.5,-49.0,-108.0,0.0,DOUBLE_STOP_NOT_RESCUED,STOP,,,
2191,2025-08-15 09:30,2025-08-15T13:30:00+00:00,NY,AUGUST,VALIDATED_SOURCE,NQU5,2,0,-118.0,RESOLVED,SELL,STOP,7.0,2025-08-15 13:30:00.004084377+00:00,STOP,77.0,23908.5,STOP,7.0,23910.25,-49.0,-59.0,-108.0,DOUBLE_STOP,4.0,COST_COVER_BE,BUY,False,ORIGINAL_STOP_BEFORE_ARM,23908.5,-49.0,-108.0,0.0,DOUBLE_STOP_NOT_RESCUED,STOP,,,
2191,2025-08-15 09:30,2025-08-15T13:30:00+00:00,NY,AUGUST,VALIDATED_SOURCE,NQU5,2,0,-118.0,RESOLVED,SELL,STOP,7.0,2025-08-15 13:30:00.004084377+00:00,STOP,77.0,23908.5,STOP,7.0,23910.25,-49.0,-59.0,-108.0,DOUBLE_STOP,5.0,PRICE_BE,BUY,False,ORIGINAL_STOP_BEFORE_ARM,23908.5,-49.0,-108.0,0.0,DOUBLE_STOP_NOT_RESCUED,STOP,,,
2191,2025-08-15 09:30,2025-08-15T13:30:00+00:00,NY,AUGUST,VALIDATED_SOURCE,NQU5,2,0,-118.0,RESOLVED,SELL,STOP,7.0,2025-08-15 13:30:00.004084377+00:00,STOP,77.0,23908.5,STOP,7.0,23910.25,-49.0,-59.0,-108.0,DOUBLE_STOP,5.0,COST_COVER_BE,BUY,False,ORIGINAL_STOP_BEFORE_ARM,23908.5,-49.0,-108.0,0.0,DOUBLE_STOP_NOT_RESCUED,STOP,,,
2191,2025-08-15 09:30,2025-08-15T13:30:00+00:00,NY,AUGUST,VALIDATED_SOURCE,NQU5,2,0,-118.0,RESOLVED,SELL,STOP,7.0,2025-08-15 13:30:00.004084377+00:00,STOP,77.0,23908.5,STOP,7.0,23910.25,-49.0,-59.0,-108.0,DOUBLE_STOP,8.0,PRICE_BE,BUY,False,ORIGINAL_STOP_BEFORE_ARM,23908.5,-49.0,-108.0,0.0,DOUBLE_STOP_NOT_RESCUED,STOP,,,
2191,2025-08-15 09:30,2025-08-15T13:30:00+00:00,NY,AUGUST,VALIDATED_SOURCE,NQU5,2,0,-118.0,RESOLVED,SELL,STOP,7.0,2025-08-15 13:30:00.004084377+00:00,STOP,77.0,23908.5,STOP,7.0,23910.25,-49.0,-59.0,-108.0,DOUBLE_STOP,8.0,COST_COVER_BE,BUY,False,ORIGINAL_STOP_BEFORE_ARM,23908.5,-49.0,-108.0,0.0,DOUBLE_STOP_NOT_RESCUED,STOP,,,
2191,2025-08-15 09:30,2025-08-15T13:30:00+00:00,NY,AUGUST,VALIDATED_SOURCE,NQU5,2,1,-118.0,RESOLVED,SELL,STOP,7.0,2025-08-15 13:30:00.004084377+00:00,STOP,77.0,23908.25,STOP,7.0,23910.5,-59.0,-69.0,-128.0,DOUBLE_STOP,0.5,PRICE_BE,BUY,True,PRICE_BE,23909.75,1.0,-68.0,60.0,DOUBLE_STOP_RESCUED,STOP,9.0,2025-08-15 13:30:00.006093739+00:00,-59.0
2191,2025-08-15 09:30,2025-08-15T13:30:00+00:00,NY,AUGUST,VALIDATED_SOURCE,NQU5,2,1,-118.0,RESOLVED,SELL,STOP,7.0,2025-08-15 13:30:00.004084377+00:00,STOP,77.0,23908.25,STOP,7.0,23910.5,-59.0,-69.0,-128.0,DOUBLE_STOP,0.5,COST_COVER_BE,BUY,True,COST_COVER_BE,23909.75,1.0,-68.0,60.0,DOUBLE_STOP_RESCUED,STOP,9.0,2025-08-15 13:30:00.006093739+00:00,-59.0
2191,2025-08-15 09:30,2025-08-15T13:30:00+00:00,NY,AUGUST,VALIDATED_SOURCE,NQU5,2,1,-118.0,RESOLVED,SELL,STOP,7.0,2025-08-15 13:30:00.004084377+00:00,STOP,77.0,23908.25,STOP,7.0,23910.5,-59.0,-69.0,-128.0,DOUBLE_STOP,1.0,PRICE_BE,BUY,True,PRICE_BE,23909.25,-19.0,-88.0,40.0,DOUBLE_STOP_RESCUED,STOP,41.0,2025-08-15 13:30:00.052414133+00:00,-59.0
2191,2025-08-15 09:30,2025-08-15T13:30:00+00:00,NY,AUGUST,VALIDATED_SOURCE,NQU5,2,1,-118.0,RESOLVED,SELL,STOP,7.0,2025-08-15 13:30:00.004084377+00:00,STOP,77.0,23908.25,STOP,7.0,23910.5,-59.0,-69.0,-128.0,DOUBLE_STOP,1.0,COST_COVER_BE,BUY,True,COST_COVER_BE,23909.75,1.0,-68.0,60.0,DOUBLE_STOP_RESCUED,STOP,41.0,2025-08-15 13:30:00.052414133+00:00,-59.0
2191,2025-08-15 09:30,2025-08-15T13:30:00+00:00,NY,AUGUST,VALIDATED_SOURCE,NQU5,2,1,-118.0,RESOLVED,SELL,STOP,7.0,2025-08-15 13:30:00.004084377+00:00,STOP,77.0,23908.25,STOP,7.0,23910.5,-59.0,-69.0,-128.0,DOUBLE_STOP,2.0,PRICE_BE,BUY,False,ORIGINAL_STOP_BEFORE_ARM,23908.25,-59.0,-128.0,0.0,DOUBLE_STOP_NOT_RESCUED,STOP,,,
2191,2025-08-15 09:30,2025-08-15T13:30:00+00:00,NY,AUGUST,VALIDATED_SOURCE,NQU5,2,1,-118.0,RESOLVED,SELL,STOP,7.0,2025-08-15 13:30:00.004084377+00:00,STOP,77.0,23908.25,STOP,7.0,23910.5,-59.0,-69.0,-128.0,DOUBLE_STOP,2.0,COST_COVER_BE,BUY,False,ORIGINAL_STOP_BEFORE_ARM,23908.25,-59.0,-128.0,0.0,DOUBLE_STOP_NOT_RESCUED,STOP,,,
2191,2025-08-15 09:30,2025-08-15T13:30:00+00:00,NY,AUGUST,VALIDATED_SOURCE,NQU5,2,1,-118.0,RESOLVED,SELL,STOP,7.0,2025-08-15 13:30:00.004084377+00:00,STOP,77.0,23908.25,STOP,7.0,23910.5,-59.0,-69.0,-128.0,DOUBLE_STOP,3.0,PRICE_BE,BUY,False,ORIGINAL_STOP_BEFORE_ARM,23908.25,-59.0,-128.0,0.0,DOUBLE_STOP_NOT_RESCUED,STOP,,,
2191,2025-08-15 09:30,2025-08-15T13:30:00+00:00,NY,AUGUST,VALIDATED_SOURCE,NQU5,2,1,-118.0,RESOLVED,SELL,STOP,7.0,2025-08-15 13:30:00.004084377+00:00,STOP,77.0,23908.25,STOP,7.0,23910.5,-59.0,-69.0,-128.0,DOUBLE_STOP,3.0,COST_COVER_BE,BUY,False,ORIGINAL_STOP_BEFORE_ARM,23908.25,-59.0,-128.0,0.0,DOUBLE_STOP_NOT_RESCUED,STOP,,,
2191,2025-08-15 09:30,2025-08-15T13:30:00+00:00,NY,AUGUST,VALIDATED_SOURCE,NQU5,2,1,-118.0,RESOLVED,SELL,STOP,7.0,2025-08-15 13:30:00.004084377+00:00,STOP,77.0,23908.25,STOP,7.0,23910.5,-59.0,-69.0,-128.0,DOUBLE_STOP,4.0,PRICE_BE,BUY,False,ORIGINAL_STOP_BEFORE_ARM,23908.25,-59.0,-128.0,0.0,DOUBLE_STOP_NOT_RESCUED,STOP,,,
2191,2025-08-15 09:30,2025-08-15T13:30:00+00:00,NY,AUGUST,VALIDATED_SOURCE,NQU5,2,1,-118.0,RESOLVED,SELL,STOP,7.0,2025-08-15 13:30:00.004084377+00:00,STOP,77.0,23908.25,STOP,7.0,23910.5,-59.0,-69.0,-128.0,DOUBLE_STOP,4.0,COST_COVER_BE,BUY,False,ORIGINAL_STOP_BEFORE_ARM,23908.25,-59.0,-128.0,0.0,DOUBLE_STOP_NOT_RESCUED,STOP,,,
2191,2025-08-15 09:30,2025-08-15T13:30:00+00:00,NY,AUGUST,VALIDATED_SOURCE,NQU5,2,1,-118.0,RESOLVED,SELL,STOP,7.0,2025-08-15 13:30:00.004084377+00:00,STOP,77.0,23908.25,STOP,7.0,23910.5,-59.0,-69.0,-128.0,DOUBLE_STOP,5.0,PRICE_BE,BUY,False,ORIGINAL_STOP_BEFORE_ARM,23908.25,-59.0,-128.0,0.0,DOUBLE_STOP_NOT_RESCUED,STOP,,,
2191,2025-08-15 09:30,2025-08-15T13:30:00+00:00,NY,AUGUST,VALIDATED_SOURCE,NQU5,2,1,-118.0,RESOLVED,SELL,STOP,7.0,2025-08-15 13:30:00.004084377+00:00,STOP,77.0,23908.25,STOP,7.0,23910.5,-59.0,-69.0,-128.0,DOUBLE_STOP,5.0,COST_COVER_BE,BUY,False,ORIGINAL_STOP_BEFORE_ARM,23908.25,-59.0,-128.0,0.0,DOUBLE_STOP_NOT_RESCUED,STOP,,,
2191,2025-08-15 09:30,2025-08-15T13:30:00+00:00,NY,AUGUST,VALIDATED_SOURCE,NQU5,2,1,-118.0,RESOLVED,SELL,STOP,7.0,2025-08-15 13:30:00.004084377+00:00,STOP,77.0,23908.25,STOP,7.0,23910.5,-59.0,-69.0,-128.0,DOUBLE_STOP,8.0,PRICE_BE,BUY,False,ORIGINAL_STOP_BEFORE_ARM,23908.25,-59.0,-128.0,0.0,DOUBLE_STOP_NOT_RESCUED,STOP,,,
2191,2025-08-15 09:30,2025-08-15T13:30:00+00:00,NY,AUGUST,VALIDATED_SOURCE,NQU5,2,1,-118.0,RESOLVED,SELL,STOP,7.0,2025-08-15 13:30:00.004084377+00:00,STOP,77.0,23908.25,STOP,7.0,23910.5,-59.0,-69.0,-128.0,DOUBLE_STOP,8.0,COST_COVER_BE,BUY,False,ORIGINAL_STOP_BEFORE_ARM,23908.25,-59.0,-128.0,0.0,DOUBLE_STOP_NOT_RESCUED,STOP,,,
2191,2025-08-15 09:30,2025-08-15T13:30:00+00:00,NY,AUGUST,VALIDATED_SOURCE,NQU5,2,2,-118.0,RESOLVED,SELL,STOP,7.0,2025-08-15 13:30:00.004084377+00:00,STOP,77.0,23908.0,STOP,7.0,23910.75,-69.0,-79.0,-148.0,DOUBLE_STOP,0.5,PRICE_BE,BUY,True,PRICE_BE,23909.5,-9.0,-88.0,60.0,DOUBLE_STOP_RESCUED,STOP,9.0,2025-08-15 13:30:00.006093739+00:00,-69.0
2191,2025-08-15 09:30,2025-08-15T13:30:00+00:00,NY,AUGUST,VALIDATED_SOURCE,NQU5,2,2,-118.0,RESOLVED,SELL,STOP,7.0,2025-08-15 13:30:00.004084377+00:00,STOP,77.0,23908.0,STOP,7.0,23910.75,-69.0,-79.0,-148.0,DOUBLE_STOP,0.5,COST_COVER_BE,BUY,True,COST_COVER_BE,23909.5,-9.0,-88.0,60.0,DOUBLE_STOP_RESCUED,STOP,9.0,2025-08-15 13:30:00.006093739+00:00,-69.0
2191,2025-08-15 09:30,2025-08-15T13:30:00+00:00,NY,AUGUST,VALIDATED_SOURCE,NQU5,2,2,-118.0,RESOLVED,SELL,STOP,7.0,2025-08-15 13:30:00.004084377+00:00,STOP,77.0,23908.0,STOP,7.0,23910.75,-69.0,-79.0,-148.0,DOUBLE_STOP,1.0,PRICE_BE,BUY,True,PRICE_BE,23909.0,-29.0,-108.0,40.0,DOUBLE_STOP_RESCUED,STOP,41.0,2025-08-15 13:30:00.052414133+00:00,-69.0
2191,2025-08-15 09:30,2025-08-15T13:30:00+00:00,NY,AUGUST,VALIDATED_SOURCE,NQU5,2,2,-118.0,RESOLVED,SELL,STOP,7.0,2025-08-15 13:30:00.004084377+00:00,STOP,77.0,23908.0,STOP,7.0,23910.75,-69.0,-79.0,-148.0,DOUBLE_STOP,1.0,COST_COVER_BE,BUY,True,COST_COVER_BE,23909.5,-9.0,-88.0,60.0,DOUBLE_STOP_RESCUED,STOP,41.0,2025-08-15 13:30:00.052414133+00:00,-69.0
2191,2025-08-15 09:30,2025-08-15T13:30:00+00:00,NY,AUGUST,VALIDATED_SOURCE,NQU5,2,2,-118.0,RESOLVED,SELL,STOP,7.0,2025-08-15 13:30:00.004084377+00:00,STOP,77.0,23908.0,STOP,7.0,23910.75,-69.0,-79.0,-148.0,DOUBLE_STOP,2.0,PRICE_BE,BUY,False,ORIGINAL_STOP_BEFORE_ARM,23908.0,-69.0,-148.0,0.0,DOUBLE_STOP_NOT_RESCUED,STOP,,,
2191,2025-08-15 09:30,2025-08-15T13:30:00+00:00,NY,AUGUST,VALIDATED_SOURCE,NQU5,2,2,-118.0,RESOLVED,SELL,STOP,7.0,2025-08-15 13:30:00.004084377+00:00,STOP,77.0,23908.0,STOP,7.0,23910.75,-69.0,-79.0,-148.0,DOUBLE_STOP,2.0,COST_COVER_BE,BUY,False,ORIGINAL_STOP_BEFORE_ARM,23908.0,-69.0,-148.0,0.0,DOUBLE_STOP_NOT_RESCUED,STOP,,,
2191,2025-08-15 09:30,2025-08-15T13:30:00+00:00,NY,AUGUST,VALIDATED_SOURCE,NQU5,2,2,-118.0,RESOLVED,SELL,STOP,7.0,2025-08-15 13:30:00.004084377+00:00,STOP,77.0,23908.0,STOP,7.0,23910.75,-69.0,-79.0,-148.0,DOUBLE_STOP,3.0,PRICE_BE,BUY,False,ORIGINAL_STOP_BEFORE_ARM,23908.0,-69.0,-148.0,0.0,DOUBLE_STOP_NOT_RESCUED,STOP,,,
2191,2025-08-15 09:30,2025-08-15T13:30:00+00:00,NY,AUGUST,VALIDATED_SOURCE,NQU5,2,2,-118.0,RESOLVED,SELL,STOP,7.0,2025-08-15 13:30:00.004084377+00:00,STOP,77.0,23908.0,STOP,7.0,23910.75,-69.0,-79.0,-148.0,DOUBLE_STOP,3.0,COST_COVER_BE,BUY,False,ORIGINAL_STOP_BEFORE_ARM,23908.0,-69.0,-148.0,0.0,DOUBLE_STOP_NOT_RESCUED,STOP,,,
2191,2025-08-15 09:30,2025-08-15T13:30:00+00:00,NY,AUGUST,VALIDATED_SOURCE,NQU5,2,2,-118.0,RESOLVED,SELL,STOP,7.0,2025-08-15 13:30:00.004084377+00:00,STOP,77.0,23908.0,STOP,7.0,23910.75,-69.0,-79.0,-148.0,DOUBLE_STOP,4.0,PRICE_BE,BUY,False,ORIGINAL_STOP_BEFORE_ARM,23908.0,-69.0,-148.0,0.0,DOUBLE_STOP_NOT_RESCUED,STOP,,,
2191,2025-08-15 09:30,2025-08-15T13:30:00+00:00,NY,AUGUST,VALIDATED_SOURCE,NQU5,2,2,-118.0,RESOLVED,SELL,STOP,7.0,2025-08-15 13:30:00.004084377+00:00,STOP,77.0,23908.0,STOP,7.0,23910.75,-69.0,-79.0,-148.0,DOUBLE_STOP,4.0,COST_COVER_BE,BUY,False,ORIGINAL_STOP_BEFORE_ARM,23908.0,-69.0,-148.0,0.0,DOUBLE_STOP_NOT_RESCUED,STOP,,,
2191,2025-08-15 09:30,2025-08-15T13:30:00+00:00,NY,AUGUST,VALIDATED_SOURCE,NQU5,2,2,-118.0,RESOLVED,SELL,STOP,7.0,2025-08-15 13:30:00.004084377+00:00,STOP,77.0,23908.0,STOP,7.0,23910.75,-69.0,-79.0,-148.0,DOUBLE_STOP,5.0,PRICE_BE,BUY,False,ORIGINAL_STOP_BEFORE_ARM,23908.0,-69.0,-148.0,0.0,DOUBLE_STOP_NOT_RESCUED,STOP,,,
2191,2025-08-15 09:30,2025-08-15T13:30:00+00:00,NY,AUGUST,VALIDATED_SOURCE,NQU5,2,2,-118.0,RESOLVED,SELL,STOP,7.0,2025-08-15 13:30:00.004084377+00:00,STOP,77.0,23908.0,STOP,7.0,23910.75,-69.0,-79.0,-148.0,DOUBLE_STOP,5.0,COST_COVER_BE,BUY,False,ORIGINAL_STOP_BEFORE_ARM,23908.0,-69.0,-148.0,0.0,DOUBLE_STOP_NOT_RESCUED,STOP,,,
2191,2025-08-15 09:30,2025-08-15T13:30:00+00:00,NY,AUGUST,VALIDATED_SOURCE,NQU5,2,2,-118.0,RESOLVED,SELL,STOP,7.0,2025-08-15 13:30:00.004084377+00:00,STOP,77.0,23908.0,STOP,7.0,23910.75,-69.0,-79.0,-148.0,DOUBLE_STOP,8.0,PRICE_BE,BUY,False,ORIGINAL_STOP_BEFORE_ARM,23908.0,-69.0,-148.0,0.0,DOUBLE_STOP_NOT_RESCUED,STOP,,,
2191,2025-08-15 09:30,2025-08-15T13:30:00+00:00,NY,AUGUST,VALIDATED_SOURCE,NQU5,2,2,-118.0,RESOLVED,SELL,STOP,7.0,2025-08-15 13:30:00.004084377+00:00,STOP,77.0,23908.0,STOP,7.0,23910.75,-69.0,-79.0,-148.0,DOUBLE_STOP,8.0,COST_COVER_BE,BUY,False,ORIGINAL_STOP_BEFORE_ARM,23908.0,-69.0,-148.0,0.0,DOUBLE_STOP_NOT_RESCUED,STOP,,,
2191,2025-08-15 09:30,2025-08-15T13:30:00+00:00,NY,AUGUST,VALIDATED_SOURCE,NQU5,2,4,-118.0,RESOLVED,SELL,STOP,7.0,2025-08-15 13:30:00.004084377+00:00,STOP,77.0,23907.5,STOP,7.0,23911.25,-89.0,-99.0,-188.0,DOUBLE_STOP,0.5,PRICE_BE,BUY,True,PRICE_BE,23909.0,-29.0,-128.0,60.0,DOUBLE_STOP_RESCUED,STOP,9.0,2025-08-15 13:30:00.006093739+00:00,-89.0
2191,2025-08-15 09:30,2025-08-15T13:30:00+00:00,NY,AUGUST,VALIDATED_SOURCE,NQU5,2,4,-118.0,RESOLVED,SELL,STOP,7.0,2025-08-15 13:30:00.004084377+00:00,STOP,77.0,23907.5,STOP,7.0,23911.25,-89.0,-99.0,-188.0,DOUBLE_STOP,0.5,COST_COVER_BE,BUY,True,COST_COVER_BE,23909.0,-29.0,-128.0,60.0,DOUBLE_STOP_RESCUED,STOP,9.0,2025-08-15 13:30:00.006093739+00:00,-89.0
2191,2025-08-15 09:30,2025-08-15T13:30:00+00:00,NY,AUGUST,VALIDATED_SOURCE,NQU5,2,4,-118.0,RESOLVED,SELL,STOP,7.0,2025-08-15 13:30:00.004084377+00:00,STOP,77.0,23907.5,STOP,7.0,23911.25,-89.0,-99.0,-188.0,DOUBLE_STOP,1.0,PRICE_BE,BUY,True,PRICE_BE,23908.5,-49.0,-148.0,40.0,DOUBLE_STOP_RESCUED,STOP,41.0,2025-08-15 13:30:00.052414133+00:00,-89.0
2191,2025-08-15 09:30,2025-08-15T13:30:00+00:00,NY,AUGUST,VALIDATED_SOURCE,NQU5,2,4,-118.0,RESOLVED,SELL,STOP,7.0,2025-08-15 13:30:00.004084377+00:00,STOP,77.0,23907.5,STOP,7.0,23911.25,-89.0,-99.0,-188.0,DOUBLE_STOP,1.0,COST_COVER_BE,BUY,True,COST_COVER_BE,23909.0,-29.0,-128.0,60.0,DOUBLE_STOP_RESCUED,STOP,41.0,2025-08-15 13:30:00.052414133+00:00,-89.0
2191,2025-08-15 09:30,2025-08-15T13:30:00+00:00,NY,AUGUST,VALIDATED_SOURCE,NQU5,2,4,-118.0,RESOLVED,SELL,STOP,7.0,2025-08-15 13:30:00.004084377+00:00,STOP,77.0,23907.5,STOP,7.0,23911.25,-89.0,-99.0,-188.0,DOUBLE_STOP,2.0,PRICE_BE,BUY,False,ORIGINAL_STOP_BEFORE_ARM,23907.5,-89.0,-188.0,0.0,DOUBLE_STOP_NOT_RESCUED,STOP,,,
2191,2025-08-15 09:30,2025-08-15T13:30:00+00:00,NY,AUGUST,VALIDATED_SOURCE,NQU5,2,4,-118.0,RESOLVED,SELL,STOP,7.0,2025-08-15 13:30:00.004084377+00:00,STOP,77.0,23907.5,STOP,7.0,23911.25,-89.0,-99.0,-188.0,DOUBLE_STOP,2.0,COST_COVER_BE,BUY,False,ORIGINAL_STOP_BEFORE_ARM,23907.5,-89.0,-188.0,0.0,DOUBLE_STOP_NOT_RESCUED,STOP,,,
2191,2025-08-15 09:30,2025-08-15T13:30:00+00:00,NY,AUGUST,VALIDATED_SOURCE,NQU5,2,4,-118.0,RESOLVED,SELL,STOP,7.0,2025-08-15 13:30:00.004084377+00:00,STOP,77.0,23907.5,STOP,7.0,23911.25,-89.0,-99.0,-188.0,DOUBLE_STOP,3.0,PRICE_BE,BUY,False,ORIGINAL_STOP_BEFORE_ARM,23907.5,-89.0,-188.0,0.0,DOUBLE_STOP_NOT_RESCUED,STOP,,,
2191,2025-08-15 09:30,2025-08-15T13:30:00+00:00,NY,AUGUST,VALIDATED_SOURCE,NQU5,2,4,-118.0,RESOLVED,SELL,STOP,7.0,2025-08-15 13:30:00.004084377+00:00,STOP,77.0,23907.5,STOP,7.0,23911.25,-89.0,-99.0,-188.0,DOUBLE_STOP,3.0,COST_COVER_BE,BUY,False,ORIGINAL_STOP_BEFORE_ARM,23907.5,-89.0,-188.0,0.0,DOUBLE_STOP_NOT_RESCUED,STOP,,,
2191,2025-08-15 09:30,2025-08-15T13:30:00+00:00,NY,AUGUST,VALIDATED_SOURCE,NQU5,2,4,-118.0,RESOLVED,SELL,STOP,7.0,2025-08-15 13:30:00.004084377+00:00,STOP,77.0,23907.5,STOP,7.0,23911.25,-89.0,-99.0,-188.0,DOUBLE_STOP,4.0,PRICE_BE,BUY,False,ORIGINAL_STOP_BEFORE_ARM,23907.5,-89.0,-188.0,0.0,DOUBLE_STOP_NOT_RESCUED,STOP,,,
2191,2025-08-15 09:30,2025-08-15T13:30:00+00:00,NY,AUGUST,VALIDATED_SOURCE,NQU5,2,4,-118.0,RESOLVED,SELL,STOP,7.0,2025-08-15 13:30:00.004084377+00:00,STOP,77.0,23907.5,STOP,7.0,23911.25,-89.0,-99.0,-188.0,DOUBLE_STOP,4.0,COST_COVER_BE,BUY,False,ORIGINAL_STOP_BEFORE_ARM,23907.5,-89.0,-188.0,0.0,DOUBLE_STOP_NOT_RESCUED,STOP,,,
2191,2025-08-15 09:30,2025-08-15T13:30:00+00:00,NY,AUGUST,VALIDATED_SOURCE,NQU5,2,4,-118.0,RESOLVED,SELL,STOP,7.0,2025-08-15 13:30:00.004084377+00:00,STOP,77.0,23907.5,STOP,7.0,23911.25,-89.0,-99.0,-188.0,DOUBLE_STOP,5.0,PRICE_BE,BUY,False,ORIGINAL_STOP_BEFORE_ARM,23907.5,-89.0,-188.0,0.0,DOUBLE_STOP_NOT_RESCUED,STOP,,,
2191,2025-08-15 09:30,2025-08-15T13:30:00+00:00,NY,AUGUST,VALIDATED_SOURCE,NQU5,2,4,-118.0,RESOLVED,SELL,STOP,7.0,2025-08-15 13:30:00.004084377+00:00,STOP,77.0,23907.5,STOP,7.0,23911.25,-89.0,-99.0,-188.0,DOUBLE_STOP,5.0,COST_COVER_BE,BUY,False,ORIGINAL_STOP_BEFORE_ARM,23907.5,-89.0,-188.0,0.0,DOUBLE_STOP_NOT_RESCUED,STOP,,,
2191,2025-08-15 09:30,2025-08-15T13:30:00+00:00,NY,AUGUST,VALIDATED_SOURCE,NQU5,2,4,-118.0,RESOLVED,SELL,STOP,7.0,2025-08-15 13:30:00.004084377+00:00,STOP,77.0,23907.5,STOP,7.0,23911.25,-89.0,-99.0,-188.0,DOUBLE_STOP,8.0,PRICE_BE,BUY,False,ORIGINAL_STOP_BEFORE_ARM,23907.5,-89.0,-188.0,0.0,DOUBLE_STOP_NOT_RESCUED,STOP,,,
2191,2025-08-15 09:30,2025-08-15T13:30:00+00:00,NY,AUGUST,VALIDATED_SOURCE,NQU5,2,4,-118.0,RESOLVED,SELL,STOP,7.0,2025-08-15 13:30:00.004084377+00:00,STOP,77.0,23907.5,STOP,7.0,23911.25,-89.0,-99.0,-188.0,DOUBLE_STOP,8.0,COST_COVER_BE,BUY,False,ORIGINAL_STOP_BEFORE_ARM,23907.5,-89.0,-188.0,0.0,DOUBLE_STOP_NOT_RESCUED,STOP,,,
2223,2025-09-14 18:00,2025-09-14T22:00:00+00:00,WEEKLY,SEPTEMBER,VALIDATED_SOURCE,NQU5,2,0,-118.0,UNRESOLVED_BOTH_WORKERS_EXIT_SAME_EVENT,,,,,,,,,,,,,,,0.5,PRICE_BE,,,,,,,,,,,,
2223,2025-09-14 18:00,2025-09-14T22:00:00+00:00,WEEKLY,SEPTEMBER,VALIDATED_SOURCE,NQU5,2,0,-118.0,UNRESOLVED_BOTH_WORKERS_EXIT_SAME_EVENT,,,,,,,,,,,,,,,0.5,COST_COVER_BE,,,,,,,,,,,,
2223,2025-09-14 18:00,2025-09-14T22:00:00+00:00,WEEKLY,SEPTEMBER,VALIDATED_SOURCE,NQU5,2,0,-118.0,UNRESOLVED_BOTH_WORKERS_EXIT_SAME_EVENT,,,,,,,,,,,,,,,1.0,PRICE_BE,,,,,,,,,,,,
2223,2025-09-14 18:00,2025-09-14T22:00:00+00:00,WEEKLY,SEPTEMBER,VALIDATED_SOURCE,NQU5,2,0,-118.0,UNRESOLVED_BOTH_WORKERS_EXIT_SAME_EVENT,,,,,,,,,,,,,,,1.0,COST_COVER_BE,,,,,,,,,,,,
2223,2025-09-14 18:00,2025-09-14T22:00:00+00:00,WEEKLY,SEPTEMBER,VALIDATED_SOURCE,NQU5,2,0,-118.0,UNRESOLVED_BOTH_WORKERS_EXIT_SAME_EVENT,,,,,,,,,,,,,,,2.0,PRICE_BE,,,,,,,,,,,,
2223,2025-09-14 18:00,2025-09-14T22:00:00+00:00,WEEKLY,SEPTEMBER,VALIDATED_SOURCE,NQU5,2,0,-118.0,UNRESOLVED_BOTH_WORKERS_EXIT_SAME_EVENT,,,,,,,,,,,,,,,2.0,COST_COVER_BE,,,,,,,,,,,,
2223,2025-09-14 18:00,2025-09-14T22:00:00+00:00,WEEKLY,SEPTEMBER,VALIDATED_SOURCE,NQU5,2,0,-118.0,UNRESOLVED_BOTH_WORKERS_EXIT_SAME_EVENT,,,,,,,,,,,,,,,3.0,PRICE_BE,,,,,,,,,,,,
2223,2025-09-14 18:00,2025-09-14T22:00:00+00:00,WEEKLY,SEPTEMBER,VALIDATED_SOURCE,NQU5,2,0,-118.0,UNRESOLVED_BOTH_WORKERS_EXIT_SAME_EVENT,,,,,,,,,,,,,,,3.0,COST_COVER_BE,,,,,,,,,,,,
2223,2025-09-14 18:00,2025-09-14T22:00:00+00:00,WEEKLY,SEPTEMBER,VALIDATED_SOURCE,NQU5,2,0,-118.0,UNRESOLVED_BOTH_WORKERS_EXIT_SAME_EVENT,,,,,,,,,,,,,,,4.0,PRICE_BE,,,,,,,,,,,,
2223,2025-09-14 18:00,2025-09-14T22:00:00+00:00,WEEKLY,SEPTEMBER,VALIDATED_SOURCE,NQU5,2,0,-118.0,UNRESOLVED_BOTH_WORKERS_EXIT_SAME_EVENT,,,,,,,,,,,,,,,4.0,COST_COVER_BE,,,,,,,,,,,,
2223,2025-09-14 18:00,2025-09-14T22:00:00+00:00,WEEKLY,SEPTEMBER,VALIDATED_SOURCE,NQU5,2,0,-118.0,UNRESOLVED_BOTH_WORKERS_EXIT_SAME_EVENT,,,,,,,,,,,,,,,5.0,PRICE_BE,,,,,,,,,,,,
2223,2025-09-14 18:00,2025-09-14T22:00:00+00:00,WEEKLY,SEPTEMBER,VALIDATED_SOURCE,NQU5,2,0,-118.0,UNRESOLVED_BOTH_WORKERS_EXIT_SAME_EVENT,,,,,,,,,,,,,,,5.0,COST_COVER_BE,,,,,,,,,,,,
2223,2025-09-14 18:00,2025-09-14T22:00:00+00:00,WEEKLY,SEPTEMBER,VALIDATED_SOURCE,NQU5,2,0,-118.0,UNRESOLVED_BOTH_WORKERS_EXIT_SAME_EVENT,,,,,,,,,,,,,,,8.0,PRICE_BE,,,,,,,,,,,,
2223,2025-09-14 18:00,2025-09-14T22:00:00+00:00,WEEKLY,SEPTEMBER,VALIDATED_SOURCE,NQU5,2,0,-118.0,UNRESOLVED_BOTH_WORKERS_EXIT_SAME_EVENT,,,,,,,,,,,,,,,8.0,COST_COVER_BE,,,,,,,,,,,,
2223,2025-09-14 18:00,2025-09-14T22:00:00+00:00,WEEKLY,SEPTEMBER,VALIDATED_SOURCE,NQU5,2,1,-118.0,UNRESOLVED_BOTH_WORKERS_EXIT_SAME_EVENT,,,,,,,,,,,,,,,0.5,PRICE_BE,,,,,,,,,,,,
2223,2025-09-14 18:00,2025-09-14T22:00:00+00:00,WEEKLY,SEPTEMBER,VALIDATED_SOURCE,NQU5,2,1,-118.0,UNRESOLVED_BOTH_WORKERS_EXIT_SAME_EVENT,,,,,,,,,,,,,,,0.5,COST_COVER_BE,,,,,,,,,,,,
2223,2025-09-14 18:00,2025-09-14T22:00:00+00:00,WEEKLY,SEPTEMBER,VALIDATED_SOURCE,NQU5,2,1,-118.0,UNRESOLVED_BOTH_WORKERS_EXIT_SAME_EVENT,,,,,,,,,,,,,,,1.0,PRICE_BE,,,,,,,,,,,,
2223,2025-09-14 18:00,2025-09-14T22:00:00+00:00,WEEKLY,SEPTEMBER,VALIDATED_SOURCE,NQU5,2,1,-118.0,UNRESOLVED_BOTH_WORKERS_EXIT_SAME_EVENT,,,,,,,,,,,,,,,1.0,COST_COVER_BE,,,,,,,,,,,,
2223,2025-09-14 18:00,2025-09-14T22:00:00+00:00,WEEKLY,SEPTEMBER,VALIDATED_SOURCE,NQU5,2,1,-118.0,UNRESOLVED_BOTH_WORKERS_EXIT_SAME_EVENT,,,,,,,,,,,,,,,2.0,PRICE_BE,,,,,,,,,,,,
2223,2025-09-14 18:00,2025-09-14T22:00:00+00:00,WEEKLY,SEPTEMBER,VALIDATED_SOURCE,NQU5,2,1,-118.0,UNRESOLVED_BOTH_WORKERS_EXIT_SAME_EVENT,,,,,,,,,,,,,,,2.0,COST_COVER_BE,,,,,,,,,,,,
2223,2025-09-14 18:00,2025-09-14T22:00:00+00:00,WEEKLY,SEPTEMBER,VALIDATED_SOURCE,NQU5,2,1,-118.0,UNRESOLVED_BOTH_WORKERS_EXIT_SAME_EVENT,,,,,,,,,,,,,,,3.0,PRICE_BE,,,,,,,,,,,,
2223,2025-09-14 18:00,2025-09-14T22:00:00+00:00,WEEKLY,SEPTEMBER,VALIDATED_SOURCE,NQU5,2,1,-118.0,UNRESOLVED_BOTH_WORKERS_EXIT_SAME_EVENT,,,,,,,,,,,,,,,3.0,COST_COVER_BE,,,,,,,,,,,,
2223,2025-09-14 18:00,2025-09-14T22:00:00+00:00,WEEKLY,SEPTEMBER,VALIDATED_SOURCE,NQU5,2,1,-118.0,UNRESOLVED_BOTH_WORKERS_EXIT_SAME_EVENT,,,,,,,,,,,,,,,4.0,PRICE_BE,,,,,,,,,,,,
2223,2025-09-14 18:00,2025-09-14T22:00:00+00:00,WEEKLY,SEPTEMBER,VALIDATED_SOURCE,NQU5,2,1,-118.0,UNRESOLVED_BOTH_WORKERS_EXIT_SAME_EVENT,,,,,,,,,,,,,,,4.0,COST_COVER_BE,,,,,,,,,,,,
2223,2025-09-14 18:00,2025-09-14T22:00:00+00:00,WEEKLY,SEPTEMBER,VALIDATED_SOURCE,NQU5,2,1,-118.0,UNRESOLVED_BOTH_WORKERS_EXIT_SAME_EVENT,,,,,,,,,,,,,,,5.0,PRICE_BE,,,,,,,,,,,,
2223,2025-09-14 18:00,2025-09-14T22:00:00+00:00,WEEKLY,SEPTEMBER,VALIDATED_SOURCE,NQU5,2,1,-118.0,UNRESOLVED_BOTH_WORKERS_EXIT_SAME_EVENT,,,,,,,,,,,,,,,5.0,COST_COVER_BE,,,,,,,,,,,,
2223,2025-09-14 18:00,2025-09-14T22:00:00+00:00,WEEKLY,SEPTEMBER,VALIDATED_SOURCE,NQU5,2,1,-118.0,UNRESOLVED_BOTH_WORKERS_EXIT_SAME_EVENT,,,,,,,,,,,,,,,8.0,PRICE_BE,,,,,,,,,,,,
2223,2025-09-14 18:00,2025-09-14T22:00:00+00:00,WEEKLY,SEPTEMBER,VALIDATED_SOURCE,NQU5,2,1,-118.0,UNRESOLVED_BOTH_WORKERS_EXIT_SAME_EVENT,,,,,,,,,,,,,,,8.0,COST_COVER_BE,,,,,,,,,,,,
2223,2025-09-14 18:00,2025-09-14T22:00:00+00:00,WEEKLY,SEPTEMBER,VALIDATED_SOURCE,NQU5,2,2,-118.0,UNRESOLVED_BOTH_WORKERS_EXIT_SAME_EVENT,,,,,,,,,,,,,,,0.5,PRICE_BE,,,,,,,,,,,,
2223,2025-09-14 18:00,2025-09-14T22:00:00+00:00,WEEKLY,SEPTEMBER,VALIDATED_SOURCE,NQU5,2,2,-118.0,UNRESOLVED_BOTH_WORKERS_EXIT_SAME_EVENT,,,,,,,,,,,,,,,0.5,COST_COVER_BE,,,,,,,,,,,,
2223,2025-09-14 18:00,2025-09-14T22:00:00+00:00,WEEKLY,SEPTEMBER,VALIDATED_SOURCE,NQU5,2,2,-118.0,UNRESOLVED_BOTH_WORKERS_EXIT_SAME_EVENT,,,,,,,,,,,,,,,1.0,PRICE_BE,,,,,,,,,,,,
2223,2025-09-14 18:00,2025-09-14T22:00:00+00:00,WEEKLY,SEPTEMBER,VALIDATED_SOURCE,NQU5,2,2,-118.0,UNRESOLVED_BOTH_WORKERS_EXIT_SAME_EVENT,,,,,,,,,,,,,,,1.0,COST_COVER_BE,,,,,,,,,,,,
2223,2025-09-14 18:00,2025-09-14T22:00:00+00:00,WEEKLY,SEPTEMBER,VALIDATED_SOURCE,NQU5,2,2,-118.0,UNRESOLVED_BOTH_WORKERS_EXIT_SAME_EVENT,,,,,,,,,,,,,,,2.0,PRICE_BE,,,,,,,,,,,,
2223,2025-09-14 18:00,2025-09-14T22:00:00+00:00,WEEKLY,SEPTEMBER,VALIDATED_SOURCE,NQU5,2,2,-118.0,UNRESOLVED_BOTH_WORKERS_EXIT_SAME_EVENT,,,,,,,,,,,,,,,2.0,COST_COVER_BE,,,,,,,,,,,,
2223,2025-09-14 18:00,2025-09-14T22:00:00+00:00,WEEKLY,SEPTEMBER,VALIDATED_SOURCE,NQU5,2,2,-118.0,UNRESOLVED_BOTH_WORKERS_EXIT_SAME_EVENT,,,,,,,,,,,,,,,3.0,PRICE_BE,,,,,,,,,,,,
2223,2025-09-14 18:00,2025-09-14T22:00:00+00:00,WEEKLY,SEPTEMBER,VALIDATED_SOURCE,NQU5,2,2,-118.0,UNRESOLVED_BOTH_WORKERS_EXIT_SAME_EVENT,,,,,,,,,,,,,,,3.0,COST_COVER_BE,,,,,,,,,,,,
2223,2025-09-14 18:00,2025-09-14T22:00:00+00:00,WEEKLY,SEPTEMBER,VALIDATED_SOURCE,NQU5,2,2,-118.0,UNRESOLVED_BOTH_WORKERS_EXIT_SAME_EVENT,,,,,,,,,,,,,,,4.0,PRICE_BE,,,,,,,,,,,,
2223,2025-09-14 18:00,2025-09-14T22:00:00+00:00,WEEKLY,SEPTEMBER,VALIDATED_SOURCE,NQU5,2,2,-118.0,UNRESOLVED_BOTH_WORKERS_EXIT_SAME_EVENT,,,,,,,,,,,,,,,4.0,COST_COVER_BE,,,,,,,,,,,,
2223,2025-09-14 18:00,2025-09-14T22:00:00+00:00,WEEKLY,SEPTEMBER,VALIDATED_SOURCE,NQU5,2,2,-118.0,UNRESOLVED_BOTH_WORKERS_EXIT_SAME_EVENT,,,,,,,,,,,,,,,5.0,PRICE_BE,,,,,,,,,,,,
2223,2025-09-14 18:00,2025-09-14T22:00:00+00:00,WEEKLY,SEPTEMBER,VALIDATED_SOURCE,NQU5,2,2,-118.0,UNRESOLVED_BOTH_WORKERS_EXIT_SAME_EVENT,,,,,,,,,,,,,,,5.0,COST_COVER_BE,,,,,,,,,,,,
2223,2025-09-14 18:00,2025-09-14T22:00:00+00:00,WEEKLY,SEPTEMBER,VALIDATED_SOURCE,NQU5,2,2,-118.0,UNRESOLVED_BOTH_WORKERS_EXIT_SAME_EVENT,,,,,,,,,,,,,,,8.0,PRICE_BE,,,,,,,,,,,,
2223,2025-09-14 18:00,2025-09-14T22:00:00+00:00,WEEKLY,SEPTEMBER,VALIDATED_SOURCE,NQU5,2,2,-118.0,UNRESOLVED_BOTH_WORKERS_EXIT_SAME_EVENT,,,,,,,,,,,,,,,8.0,COST_COVER_BE,,,,,,,,,,,,
2223,2025-09-14 18:00,2025-09-14T22:00:00+00:00,WEEKLY,SEPTEMBER,VALIDATED_SOURCE,NQU5,2,4,-118.0,UNRESOLVED_BOTH_WORKERS_EXIT_SAME_EVENT,,,,,,,,,,,,,,,0.5,PRICE_BE,,,,,,,,,,,,
2223,2025-09-14 18:00,2025-09-14T22:00:00+00:00,WEEKLY,SEPTEMBER,VALIDATED_SOURCE,NQU5,2,4,-118.0,UNRESOLVED_BOTH_WORKERS_EXIT_SAME_EVENT,,,,,,,,,,,,,,,0.5,COST_COVER_BE,,,,,,,,,,,,
2223,2025-09-14 18:00,2025-09-14T22:00:00+00:00,WEEKLY,SEPTEMBER,VALIDATED_SOURCE,NQU5,2,4,-118.0,UNRESOLVED_BOTH_WORKERS_EXIT_SAME_EVENT,,,,,,,,,,,,,,,1.0,PRICE_BE,,,,,,,,,,,,
2223,2025-09-14 18:00,2025-09-14T22:00:00+00:00,WEEKLY,SEPTEMBER,VALIDATED_SOURCE,NQU5,2,4,-118.0,UNRESOLVED_BOTH_WORKERS_EXIT_SAME_EVENT,,,,,,,,,,,,,,,1.0,COST_COVER_BE,,,,,,,,,,,,
2223,2025-09-14 18:00,2025-09-14T22:00:00+00:00,WEEKLY,SEPTEMBER,VALIDATED_SOURCE,NQU5,2,4,-118.0,UNRESOLVED_BOTH_WORKERS_EXIT_SAME_EVENT,,,,,,,,,,,,,,,2.0,PRICE_BE,,,,,,,,,,,,
2223,2025-09-14 18:00,2025-09-14T22:00:00+00:00,WEEKLY,SEPTEMBER,VALIDATED_SOURCE,NQU5,2,4,-118.0,UNRESOLVED_BOTH_WORKERS_EXIT_SAME_EVENT,,,,,,,,,,,,,,,2.0,COST_COVER_BE,,,,,,,,,,,,
2223,2025-09-14 18:00,2025-09-14T22:00:00+00:00,WEEKLY,SEPTEMBER,VALIDATED_SOURCE,NQU5,2,4,-118.0,UNRESOLVED_BOTH_WORKERS_EXIT_SAME_EVENT,,,,,,,,,,,,,,,3.0,PRICE_BE,,,,,,,,,,,,
2223,2025-09-14 18:00,2025-09-14T22:00:00+00:00,WEEKLY,SEPTEMBER,VALIDATED_SOURCE,NQU5,2,4,-118.0,UNRESOLVED_BOTH_WORKERS_EXIT_SAME_EVENT,,,,,,,,,,,,,,,3.0,COST_COVER_BE,,,,,,,,,,,,
2223,2025-09-14 18:00,2025-09-14T22:00:00+00:00,WEEKLY,SEPTEMBER,VALIDATED_SOURCE,NQU5,2,4,-118.0,UNRESOLVED_BOTH_WORKERS_EXIT_SAME_EVENT,,,,,,,,,,,,,,,4.0,PRICE_BE,,,,,,,,,,,,
2223,2025-09-14 18:00,2025-09-14T22:00:00+00:00,WEEKLY,SEPTEMBER,VALIDATED_SOURCE,NQU5,2,4,-118.0,UNRESOLVED_BOTH_WORKERS_EXIT_SAME_EVENT,,,,,,,,,,,,,,,4.0,COST_COVER_BE,,,,,,,,,,,,
2223,2025-09-14 18:00,2025-09-14T22:00:00+00:00,WEEKLY,SEPTEMBER,VALIDATED_SOURCE,NQU5,2,4,-118.0,UNRESOLVED_BOTH_WORKERS_EXIT_SAME_EVENT,,,,,,,,,,,,,,,5.0,PRICE_BE,,,,,,,,,,,,
2223,2025-09-14 18:00,2025-09-14T22:00:00+00:00,WEEKLY,SEPTEMBER,VALIDATED_SOURCE,NQU5,2,4,-118.0,UNRESOLVED_BOTH_WORKERS_EXIT_SAME_EVENT,,,,,,,,,,,,,,,5.0,COST_COVER_BE,,,,,,,,,,,,
2223,2025-09-14 18:00,2025-09-14T22:00:00+00:00,WEEKLY,SEPTEMBER,VALIDATED_SOURCE,NQU5,2,4,-118.0,UNRESOLVED_BOTH_WORKERS_EXIT_SAME_EVENT,,,,,,,,,,,,,,,8.0,PRICE_BE,,,,,,,,,,,,
2223,2025-09-14 18:00,2025-09-14T22:00:00+00:00,WEEKLY,SEPTEMBER,VALIDATED_SOURCE,NQU5,2,4,-118.0,UNRESOLVED_BOTH_WORKERS_EXIT_SAME_EVENT,,,,,,,,,,,,,,,8.0,COST_COVER_BE,,,,,,,,,,,,
2224,2025-09-15 09:30,2025-09-15T13:30:00+00:00,NY,SEPTEMBER,VALIDATED_SOURCE,NQZ5,2,0,-118.0,RESOLVED,BUY,STOP,0.0,2025-09-15 13:30:00.000504713+00:00,STOP,0.0,24417.75,STOP,12.0,24419.25,-49.0,-49.0,-98.0,DOUBLE_STOP,0.5,PRICE_BE,SELL,False,ORIGINAL_STOP_BEFORE_ARM,24419.25,-49.0,-98.0,0.0,DOUBLE_STOP_NOT_RESCUED,STOP,,,
2224,2025-09-15 09:30,2025-09-15T13:30:00+00:00,NY,SEPTEMBER,VALIDATED_SOURCE,NQZ5,2,0,-118.0,RESOLVED,BUY,STOP,0.0,2025-09-15 13:30:00.000504713+00:00,STOP,0.0,24417.75,STOP,12.0,24419.25,-49.0,-49.0,-98.0,DOUBLE_STOP,0.5,COST_COVER_BE,SELL,False,ORIGINAL_STOP_BEFORE_ARM,24419.25,-49.0,-98.0,0.0,DOUBLE_STOP_NOT_RESCUED,STOP,,,
2224,2025-09-15 09:30,2025-09-15T13:30:00+00:00,NY,SEPTEMBER,VALIDATED_SOURCE,NQZ5,2,0,-118.0,RESOLVED,BUY,STOP,0.0,2025-09-15 13:30:00.000504713+00:00,STOP,0.0,24417.75,STOP,12.0,24419.25,-49.0,-49.0,-98.0,DOUBLE_STOP,1.0,PRICE_BE,SELL,False,ORIGINAL_STOP_BEFORE_ARM,24419.25,-49.0,-98.0,0.0,DOUBLE_STOP_NOT_RESCUED,STOP,,,
2224,2025-09-15 09:30,2025-09-15T13:30:00+00:00,NY,SEPTEMBER,VALIDATED_SOURCE,NQZ5,2,0,-118.0,RESOLVED,BUY,STOP,0.0,2025-09-15 13:30:00.000504713+00:00,STOP,0.0,24417.75,STOP,12.0,24419.25,-49.0,-49.0,-98.0,DOUBLE_STOP,1.0,COST_COVER_BE,SELL,False,ORIGINAL_STOP_BEFORE_ARM,24419.25,-49.0,-98.0,0.0,DOUBLE_STOP_NOT_RESCUED,STOP,,,
2224,2025-09-15 09:30,2025-09-15T13:30:00+00:00,NY,SEPTEMBER,VALIDATED_SOURCE,NQZ5,2,0,-118.0,RESOLVED,BUY,STOP,0.0,2025-09-15 13:30:00.000504713+00:00,STOP,0.0,24417.75,STOP,12.0,24419.25,-49.0,-49.0,-98.0,DOUBLE_STOP,2.0,PRICE_BE,SELL,False,ORIGINAL_STOP_BEFORE_ARM,24419.25,-49.0,-98.0,0.0,DOUBLE_STOP_NOT_RESCUED,STOP,,,
2224,2025-09-15 09:30,2025-09-15T13:30:00+00:00,NY,SEPTEMBER,VALIDATED_SOURCE,NQZ5,2,0,-118.0,RESOLVED,BUY,STOP,0.0,2025-09-15 13:30:00.000504713+00:00,STOP,0.0,24417.75,STOP,12.0,24419.25,-49.0,-49.0,-98.0,DOUBLE_STOP,2.0,COST_COVER_BE,SELL,False,ORIGINAL_STOP_BEFORE_ARM,24419.25,-49.0,-98.0,0.0,DOUBLE_STOP_NOT_RESCUED,STOP,,,
2224,2025-09-15 09:30,2025-09-15T13:30:00+00:00,NY,SEPTEMBER,VALIDATED_SOURCE,NQZ5,2,0,-118.0,RESOLVED,BUY,STOP,0.0,2025-09-15 13:30:00.000504713+00:00,STOP,0.0,24417.75,STOP,12.0,24419.25,-49.0,-49.0,-98.0,DOUBLE_STOP,3.0,PRICE_BE,SELL,False,ORIGINAL_STOP_BEFORE_ARM,24419.25,-49.0,-98.0,0.0,DOUBLE_STOP_NOT_RESCUED,STOP,,,
2224,2025-09-15 09:30,2025-09-15T13:30:00+00:00,NY,SEPTEMBER,VALIDATED_SOURCE,NQZ5,2,0,-118.0,RESOLVED,BUY,STOP,0.0,2025-09-15 13:30:00.000504713+00:00,STOP,0.0,24417.75,STOP,12.0,24419.25,-49.0,-49.0,-98.0,DOUBLE_STOP,3.0,COST_COVER_BE,SELL,False,ORIGINAL_STOP_BEFORE_ARM,24419.25,-49.0,-98.0,0.0,DOUBLE_STOP_NOT_RESCUED,STOP,,,
2224,2025-09-15 09:30,2025-09-15T13:30:00+00:00,NY,SEPTEMBER,VALIDATED_SOURCE,NQZ5,2,0,-118.0,RESOLVED,BUY,STOP,0.0,2025-09-15 13:30:00.000504713+00:00,STOP,0.0,24417.75,STOP,12.0,24419.25,-49.0,-49.0,-98.0,DOUBLE_STOP,4.0,PRICE_BE,SELL,False,ORIGINAL_STOP_BEFORE_ARM,24419.25,-49.0,-98.0,0.0,DOUBLE_STOP_NOT_RESCUED,STOP,,,
2224,2025-09-15 09:30,2025-09-15T13:30:00+00:00,NY,SEPTEMBER,VALIDATED_SOURCE,NQZ5,2,0,-118.0,RESOLVED,BUY,STOP,0.0,2025-09-15 13:30:00.000504713+00:00,STOP,0.0,24417.75,STOP,12.0,24419.25,-49.0,-49.0,-98.0,DOUBLE_STOP,4.0,COST_COVER_BE,SELL,False,ORIGINAL_STOP_BEFORE_ARM,24419.25,-49.0,-98.0,0.0,DOUBLE_STOP_NOT_RESCUED,STOP,,,
2224,2025-09-15 09:30,2025-09-15T13:30:00+00:00,NY,SEPTEMBER,VALIDATED_SOURCE,NQZ5,2,0,-118.0,RESOLVED,BUY,STOP,0.0,2025-09-15 13:30:00.000504713+00:00,STOP,0.0,24417.75,STOP,12.0,24419.25,-49.0,-49.0,-98.0,DOUBLE_STOP,5.0,PRICE_BE,SELL,False,ORIGINAL_STOP_BEFORE_ARM,24419.25,-49.0,-98.0,0.0,DOUBLE_STOP_NOT_RESCUED,STOP,,,
2224,2025-09-15 09:30,2025-09-15T13:30:00+00:00,NY,SEPTEMBER,VALIDATED_SOURCE,NQZ5,2,0,-118.0,RESOLVED,BUY,STOP,0.0,2025-09-15 13:30:00.000504713+00:00,STOP,0.0,24417.75,STOP,12.0,24419.25,-49.0,-49.0,-98.0,DOUBLE_STOP,5.0,COST_COVER_BE,SELL,False,ORIGINAL_STOP_BEFORE_ARM,24419.25,-49.0,-98.0,0.0,DOUBLE_STOP_NOT_RESCUED,STOP,,,
2224,2025-09-15 09:30,2025-09-15T13:30:00+00:00,NY,SEPTEMBER,VALIDATED_SOURCE,NQZ5,2,0,-118.0,RESOLVED,BUY,STOP,0.0,2025-09-15 13:30:00.000504713+00:00,STOP,0.0,24417.75,STOP,12.0,24419.25,-49.0,-49.0,-98.0,DOUBLE_STOP,8.0,PRICE_BE,SELL,False,ORIGINAL_STOP_BEFORE_ARM,24419.25,-49.0,-98.0,0.0,DOUBLE_STOP_NOT_RESCUED,STOP,,,
2224,2025-09-15 09:30,2025-09-15T13:30:00+00:00,NY,SEPTEMBER,VALIDATED_SOURCE,NQZ5,2,0,-118.0,RESOLVED,BUY,STOP,0.0,2025-09-15 13:30:00.000504713+00:00,STOP,0.0,24417.75,STOP,12.0,24419.25,-49.0,-49.0,-98.0,DOUBLE_STOP,8.0,COST_COVER_BE,SELL,False,ORIGINAL_STOP_BEFORE_ARM,24419.25,-49.0,-98.0,0.0,DOUBLE_STOP_NOT_RESCUED,STOP,,,
2224,2025-09-15 09:30,2025-09-15T13:30:00+00:00,NY,SEPTEMBER,VALIDATED_SOURCE,NQZ5,2,1,-118.0,RESOLVED,BUY,STOP,0.0,2025-09-15 13:30:00.000504713+00:00,STOP,0.0,24417.5,STOP,12.0,24419.5,-59.0,-59.0,-118.0,DOUBLE_STOP,0.5,PRICE_BE,SELL,False,ORIGINAL_STOP_BEFORE_ARM,24419.5,-59.0,-118.0,0.0,DOUBLE_STOP_NOT_RESCUED,STOP,,,
2224,2025-09-15 09:30,2025-09-15T13:30:00+00:00,NY,SEPTEMBER,VALIDATED_SOURCE,NQZ5,2,1,-118.0,RESOLVED,BUY,STOP,0.0,2025-09-15 13:30:00.000504713+00:00,STOP,0.0,24417.5,STOP,12.0,24419.5,-59.0,-59.0,-118.0,DOUBLE_STOP,0.5,COST_COVER_BE,SELL,False,ORIGINAL_STOP_BEFORE_ARM,24419.5,-59.0,-118.0,0.0,DOUBLE_STOP_NOT_RESCUED,STOP,,,
2224,2025-09-15 09:30,2025-09-15T13:30:00+00:00,NY,SEPTEMBER,VALIDATED_SOURCE,NQZ5,2,1,-118.0,RESOLVED,BUY,STOP,0.0,2025-09-15 13:30:00.000504713+00:00,STOP,0.0,24417.5,STOP,12.0,24419.5,-59.0,-59.0,-118.0,DOUBLE_STOP,1.0,PRICE_BE,SELL,False,ORIGINAL_STOP_BEFORE_ARM,24419.5,-59.0,-118.0,0.0,DOUBLE_STOP_NOT_RESCUED,STOP,,,
2224,2025-09-15 09:30,2025-09-15T13:30:00+00:00,NY,SEPTEMBER,VALIDATED_SOURCE,NQZ5,2,1,-118.0,RESOLVED,BUY,STOP,0.0,2025-09-15 13:30:00.000504713+00:00,STOP,0.0,24417.5,STOP,12.0,24419.5,-59.0,-59.0,-118.0,DOUBLE_STOP,1.0,COST_COVER_BE,SELL,False,ORIGINAL_STOP_BEFORE_ARM,24419.5,-59.0,-118.0,0.0,DOUBLE_STOP_NOT_RESCUED,STOP,,,
2224,2025-09-15 09:30,2025-09-15T13:30:00+00:00,NY,SEPTEMBER,VALIDATED_SOURCE,NQZ5,2,1,-118.0,RESOLVED,BUY,STOP,0.0,2025-09-15 13:30:00.000504713+00:00,STOP,0.0,24417.5,STOP,12.0,24419.5,-59.0,-59.0,-118.0,DOUBLE_STOP,2.0,PRICE_BE,SELL,False,ORIGINAL_STOP_BEFORE_ARM,24419.5,-59.0,-118.0,0.0,DOUBLE_STOP_NOT_RESCUED,STOP,,,
2224,2025-09-15 09:30,2025-09-15T13:30:00+00:00,NY,SEPTEMBER,VALIDATED_SOURCE,NQZ5,2,1,-118.0,RESOLVED,BUY,STOP,0.0,2025-09-15 13:30:00.000504713+00:00,STOP,0.0,24417.5,STOP,12.0,24419.5,-59.0,-59.0,-118.0,DOUBLE_STOP,2.0,COST_COVER_BE,SELL,False,ORIGINAL_STOP_BEFORE_ARM,24419.5,-59.0,-118.0,0.0,DOUBLE_STOP_NOT_RESCUED,STOP,,,
2224,2025-09-15 09:30,2025-09-15T13:30:00+00:00,NY,SEPTEMBER,VALIDATED_SOURCE,NQZ5,2,1,-118.0,RESOLVED,BUY,STOP,0.0,2025-09-15 13:30:00.000504713+00:00,STOP,0.0,24417.5,STOP,12.0,24419.5,-59.0,-59.0,-118.0,DOUBLE_STOP,3.0,PRICE_BE,SELL,False,ORIGINAL_STOP_BEFORE_ARM,24419.5,-59.0,-118.0,0.0,DOUBLE_STOP_NOT_RESCUED,STOP,,,
2224,2025-09-15 09:30,2025-09-15T13:30:00+00:00,NY,SEPTEMBER,VALIDATED_SOURCE,NQZ5,2,1,-118.0,RESOLVED,BUY,STOP,0.0,2025-09-15 13:30:00.000504713+00:00,STOP,0.0,24417.5,STOP,12.0,24419.5,-59.0,-59.0,-118.0,DOUBLE_STOP,3.0,COST_COVER_BE,SELL,False,ORIGINAL_STOP_BEFORE_ARM,24419.5,-59.0,-118.0,0.0,DOUBLE_STOP_NOT_RESCUED,STOP,,,
2224,2025-09-15 09:30,2025-09-15T13:30:00+00:00,NY,SEPTEMBER,VALIDATED_SOURCE,NQZ5,2,1,-118.0,RESOLVED,BUY,STOP,0.0,2025-09-15 13:30:00.000504713+00:00,STOP,0.0,24417.5,STOP,12.0,24419.5,-59.0,-59.0,-118.0,DOUBLE_STOP,4.0,PRICE_BE,SELL,False,ORIGINAL_STOP_BEFORE_ARM,24419.5,-59.0,-118.0,0.0,DOUBLE_STOP_NOT_RESCUED,STOP,,,
2224,2025-09-15 09:30,2025-09-15T13:30:00+00:00,NY,SEPTEMBER,VALIDATED_SOURCE,NQZ5,2,1,-118.0,RESOLVED,BUY,STOP,0.0,2025-09-15 13:30:00.000504713+00:00,STOP,0.0,24417.5,STOP,12.0,24419.5,-59.0,-59.0,-118.0,DOUBLE_STOP,4.0,COST_COVER_BE,SELL,False,ORIGINAL_STOP_BEFORE_ARM,24419.5,-59.0,-118.0,0.0,DOUBLE_STOP_NOT_RESCUED,STOP,,,
2224,2025-09-15 09:30,2025-09-15T13:30:00+00:00,NY,SEPTEMBER,VALIDATED_SOURCE,NQZ5,2,1,-118.0,RESOLVED,BUY,STOP,0.0,2025-09-15 13:30:00.000504713+00:00,STOP,0.0,24417.5,STOP,12.0,24419.5,-59.0,-59.0,-118.0,DOUBLE_STOP,5.0,PRICE_BE,SELL,False,ORIGINAL_STOP_BEFORE_ARM,24419.5,-59.0,-118.0,0.0,DOUBLE_STOP_NOT_RESCUED,STOP,,,
2224,2025-09-15 09:30,2025-09-15T13:30:00+00:00,NY,SEPTEMBER,VALIDATED_SOURCE,NQZ5,2,1,-118.0,RESOLVED,BUY,STOP,0.0,2025-09-15 13:30:00.000504713+00:00,STOP,0.0,24417.5,STOP,12.0,24419.5,-59.0,-59.0,-118.0,DOUBLE_STOP,5.0,COST_COVER_BE,SELL,False,ORIGINAL_STOP_BEFORE_ARM,24419.5,-59.0,-118.0,0.0,DOUBLE_STOP_NOT_RESCUED,STOP,,,
2224,2025-09-15 09:30,2025-09-15T13:30:00+00:00,NY,SEPTEMBER,VALIDATED_SOURCE,NQZ5,2,1,-118.0,RESOLVED,BUY,STOP,0.0,2025-09-15 13:30:00.000504713+00:00,STOP,0.0,24417.5,STOP,12.0,24419.5,-59.0,-59.0,-118.0,DOUBLE_STOP,8.0,PRICE_BE,SELL,False,ORIGINAL_STOP_BEFORE_ARM,24419.5,-59.0,-118.0,0.0,DOUBLE_STOP_NOT_RESCUED,STOP,,,
2224,2025-09-15 09:30,2025-09-15T13:30:00+00:00,NY,SEPTEMBER,VALIDATED_SOURCE,NQZ5,2,1,-118.0,RESOLVED,BUY,STOP,0.0,2025-09-15 13:30:00.000504713+00:00,STOP,0.0,24417.5,STOP,12.0,24419.5,-59.0,-59.0,-118.0,DOUBLE_STOP,8.0,COST_COVER_BE,SELL,False,ORIGINAL_STOP_BEFORE_ARM,24419.5,-59.0,-118.0,0.0,DOUBLE_STOP_NOT_RESCUED,STOP,,,
2224,2025-09-15 09:30,2025-09-15T13:30:00+00:00,NY,SEPTEMBER,VALIDATED_SOURCE,NQZ5,2,2,-118.0,RESOLVED,BUY,STOP,0.0,2025-09-15 13:30:00.000504713+00:00,STOP,0.0,24417.25,STOP,12.0,24419.75,-69.0,-69.0,-138.0,DOUBLE_STOP,0.5,PRICE_BE,SELL,False,ORIGINAL_STOP_BEFORE_ARM,24419.75,-69.0,-138.0,0.0,DOUBLE_STOP_NOT_RESCUED,STOP,,,
2224,2025-09-15 09:30,2025-09-15T13:30:00+00:00,NY,SEPTEMBER,VALIDATED_SOURCE,NQZ5,2,2,-118.0,RESOLVED,BUY,STOP,0.0,2025-09-15 13:30:00.000504713+00:00,STOP,0.0,24417.25,STOP,12.0,24419.75,-69.0,-69.0,-138.0,DOUBLE_STOP,0.5,COST_COVER_BE,SELL,False,ORIGINAL_STOP_BEFORE_ARM,24419.75,-69.0,-138.0,0.0,DOUBLE_STOP_NOT_RESCUED,STOP,,,
2224,2025-09-15 09:30,2025-09-15T13:30:00+00:00,NY,SEPTEMBER,VALIDATED_SOURCE,NQZ5,2,2,-118.0,RESOLVED,BUY,STOP,0.0,2025-09-15 13:30:00.000504713+00:00,STOP,0.0,24417.25,STOP,12.0,24419.75,-69.0,-69.0,-138.0,DOUBLE_STOP,1.0,PRICE_BE,SELL,False,ORIGINAL_STOP_BEFORE_ARM,24419.75,-69.0,-138.0,0.0,DOUBLE_STOP_NOT_RESCUED,STOP,,,
2224,2025-09-15 09:30,2025-09-15T13:30:00+00:00,NY,SEPTEMBER,VALIDATED_SOURCE,NQZ5,2,2,-118.0,RESOLVED,BUY,STOP,0.0,2025-09-15 13:30:00.000504713+00:00,STOP,0.0,24417.25,STOP,12.0,24419.75,-69.0,-69.0,-138.0,DOUBLE_STOP,1.0,COST_COVER_BE,SELL,False,ORIGINAL_STOP_BEFORE_ARM,24419.75,-69.0,-138.0,0.0,DOUBLE_STOP_NOT_RESCUED,STOP,,,
2224,2025-09-15 09:30,2025-09-15T13:30:00+00:00,NY,SEPTEMBER,VALIDATED_SOURCE,NQZ5,2,2,-118.0,RESOLVED,BUY,STOP,0.0,2025-09-15 13:30:00.000504713+00:00,STOP,0.0,24417.25,STOP,12.0,24419.75,-69.0,-69.0,-138.0,DOUBLE_STOP,2.0,PRICE_BE,SELL,False,ORIGINAL_STOP_BEFORE_ARM,24419.75,-69.0,-138.0,0.0,DOUBLE_STOP_NOT_RESCUED,STOP,,,
2224,2025-09-15 09:30,2025-09-15T13:30:00+00:00,NY,SEPTEMBER,VALIDATED_SOURCE,NQZ5,2,2,-118.0,RESOLVED,BUY,STOP,0.0,2025-09-15 13:30:00.000504713+00:00,STOP,0.0,24417.25,STOP,12.0,24419.75,-69.0,-69.0,-138.0,DOUBLE_STOP,2.0,COST_COVER_BE,SELL,False,ORIGINAL_STOP_BEFORE_ARM,24419.75,-69.0,-138.0,0.0,DOUBLE_STOP_NOT_RESCUED,STOP,,,
2224,2025-09-15 09:30,2025-09-15T13:30:00+00:00,NY,SEPTEMBER,VALIDATED_SOURCE,NQZ5,2,2,-118.0,RESOLVED,BUY,STOP,0.0,2025-09-15 13:30:00.000504713+00:00,STOP,0.0,24417.25,STOP,12.0,24419.75,-69.0,-69.0,-138.0,DOUBLE_STOP,3.0,PRICE_BE,SELL,False,ORIGINAL_STOP_BEFORE_ARM,24419.75,-69.0,-138.0,0.0,DOUBLE_STOP_NOT_RESCUED,STOP,,,
2224,2025-09-15 09:30,2025-09-15T13:30:00+00:00,NY,SEPTEMBER,VALIDATED_SOURCE,NQZ5,2,2,-118.0,RESOLVED,BUY,STOP,0.0,2025-09-15 13:30:00.000504713+00:00,STOP,0.0,24417.25,STOP,12.0,24419.75,-69.0,-69.0,-138.0,DOUBLE_STOP,3.0,COST_COVER_BE,SELL,False,ORIGINAL_STOP_BEFORE_ARM,24419.75,-69.0,-138.0,0.0,DOUBLE_STOP_NOT_RESCUED,STOP,,,
2224,2025-09-15 09:30,2025-09-15T13:30:00+00:00,NY,SEPTEMBER,VALIDATED_SOURCE,NQZ5,2,2,-118.0,RESOLVED,BUY,STOP,0.0,2025-09-15 13:30:00.000504713+00:00,STOP,0.0,24417.25,STOP,12.0,24419.75,-69.0,-69.0,-138.0,DOUBLE_STOP,4.0,PRICE_BE,SELL,False,ORIGINAL_STOP_BEFORE_ARM,24419.75,-69.0,-138.0,0.0,DOUBLE_STOP_NOT_RESCUED,STOP,,,
2224,2025-09-15 09:30,2025-09-15T13:30:00+00:00,NY,SEPTEMBER,VALIDATED_SOURCE,NQZ5,2,2,-118.0,RESOLVED,BUY,STOP,0.0,2025-09-15 13:30:00.000504713+00:00,STOP,0.0,24417.25,STOP,12.0,24419.75,-69.0,-69.0,-138.0,DOUBLE_STOP,4.0,COST_COVER_BE,SELL,False,ORIGINAL_STOP_BEFORE_ARM,24419.75,-69.0,-138.0,0.0,DOUBLE_STOP_NOT_RESCUED,STOP,,,
2224,2025-09-15 09:30,2025-09-15T13:30:00+00:00,NY,SEPTEMBER,VALIDATED_SOURCE,NQZ5,2,2,-118.0,RESOLVED,BUY,STOP,0.0,2025-09-15 13:30:00.000504713+00:00,STOP,0.0,24417.25,STOP,12.0,24419.75,-69.0,-69.0,-138.0,DOUBLE_STOP,5.0,PRICE_BE,SELL,False,ORIGINAL_STOP_BEFORE_ARM,24419.75,-69.0,-138.0,0.0,DOUBLE_STOP_NOT_RESCUED,STOP,,,
2224,2025-09-15 09:30,2025-09-15T13:30:00+00:00,NY,SEPTEMBER,VALIDATED_SOURCE,NQZ5,2,2,-118.0,RESOLVED,BUY,STOP,0.0,2025-09-15 13:30:00.000504713+00:00,STOP,0.0,24417.25,STOP,12.0,24419.75,-69.0,-69.0,-138.0,DOUBLE_STOP,5.0,COST_COVER_BE,SELL,False,ORIGINAL_STOP_BEFORE_ARM,24419.75,-69.0,-138.0,0.0,DOUBLE_STOP_NOT_RESCUED,STOP,,,
2224,2025-09-15 09:30,2025-09-15T13:30:00+00:00,NY,SEPTEMBER,VALIDATED_SOURCE,NQZ5,2,2,-118.0,RESOLVED,BUY,STOP,0.0,2025-09-15 13:30:00.000504713+00:00,STOP,0.0,24417.25,STOP,12.0,24419.75,-69.0,-69.0,-138.0,DOUBLE_STOP,8.0,PRICE_BE,SELL,False,ORIGINAL_STOP_BEFORE_ARM,24419.75,-69.0,-138.0,0.0,DOUBLE_STOP_NOT_RESCUED,STOP,,,
2224,2025-09-15 09:30,2025-09-15T13:30:00+00:00,NY,SEPTEMBER,VALIDATED_SOURCE,NQZ5,2,2,-118.0,RESOLVED,BUY,STOP,0.0,2025-09-15 13:30:00.000504713+00:00,STOP,0.0,24417.25,STOP,12.0,24419.75,-69.0,-69.0,-138.0,DOUBLE_STOP,8.0,COST_COVER_BE,SELL,False,ORIGINAL_STOP_BEFORE_ARM,24419.75,-69.0,-138.0,0.0,DOUBLE_STOP_NOT_RESCUED,STOP,,,
2224,2025-09-15 09:30,2025-09-15T13:30:00+00:00,NY,SEPTEMBER,VALIDATED_SOURCE,NQZ5,2,4,-118.0,RESOLVED,BUY,STOP,0.0,2025-09-15 13:30:00.000504713+00:00,STOP,0.0,24416.75,STOP,12.0,24420.25,-89.0,-89.0,-178.0,DOUBLE_STOP,0.5,PRICE_BE,SELL,False,ORIGINAL_STOP_BEFORE_ARM,24420.25,-89.0,-178.0,0.0,DOUBLE_STOP_NOT_RESCUED,STOP,,,
2224,2025-09-15 09:30,2025-09-15T13:30:00+00:00,NY,SEPTEMBER,VALIDATED_SOURCE,NQZ5,2,4,-118.0,RESOLVED,BUY,STOP,0.0,2025-09-15 13:30:00.000504713+00:00,STOP,0.0,24416.75,STOP,12.0,24420.25,-89.0,-89.0,-178.0,DOUBLE_STOP,0.5,COST_COVER_BE,SELL,False,ORIGINAL_STOP_BEFORE_ARM,24420.25,-89.0,-178.0,0.0,DOUBLE_STOP_NOT_RESCUED,STOP,,,
2224,2025-09-15 09:30,2025-09-15T13:30:00+00:00,NY,SEPTEMBER,VALIDATED_SOURCE,NQZ5,2,4,-118.0,RESOLVED,BUY,STOP,0.0,2025-09-15 13:30:00.000504713+00:00,STOP,0.0,24416.75,STOP,12.0,24420.25,-89.0,-89.0,-178.0,DOUBLE_STOP,1.0,PRICE_BE,SELL,False,ORIGINAL_STOP_BEFORE_ARM,24420.25,-89.0,-178.0,0.0,DOUBLE_STOP_NOT_RESCUED,STOP,,,
2224,2025-09-15 09:30,2025-09-15T13:30:00+00:00,NY,SEPTEMBER,VALIDATED_SOURCE,NQZ5,2,4,-118.0,RESOLVED,BUY,STOP,0.0,2025-09-15 13:30:00.000504713+00:00,STOP,0.0,24416.75,STOP,12.0,24420.25,-89.0,-89.0,-178.0,DOUBLE_STOP,1.0,COST_COVER_BE,SELL,False,ORIGINAL_STOP_BEFORE_ARM,24420.25,-89.0,-178.0,0.0,DOUBLE_STOP_NOT_RESCUED,STOP,,,
2224,2025-09-15 09:30,2025-09-15T13:30:00+00:00,NY,SEPTEMBER,VALIDATED_SOURCE,NQZ5,2,4,-118.0,RESOLVED,BUY,STOP,0.0,2025-09-15 13:30:00.000504713+00:00,STOP,0.0,24416.75,STOP,12.0,24420.25,-89.0,-89.0,-178.0,DOUBLE_STOP,2.0,PRICE_BE,SELL,False,ORIGINAL_STOP_BEFORE_ARM,24420.25,-89.0,-178.0,0.0,DOUBLE_STOP_NOT_RESCUED,STOP,,,
2224,2025-09-15 09:30,2025-09-15T13:30:00+00:00,NY,SEPTEMBER,VALIDATED_SOURCE,NQZ5,2,4,-118.0,RESOLVED,BUY,STOP,0.0,2025-09-15 13:30:00.000504713+00:00,STOP,0.0,24416.75,STOP,12.0,24420.25,-89.0,-89.0,-178.0,DOUBLE_STOP,2.0,COST_COVER_BE,SELL,False,ORIGINAL_STOP_BEFORE_ARM,24420.25,-89.0,-178.0,0.0,DOUBLE_STOP_NOT_RESCUED,STOP,,,
2224,2025-09-15 09:30,2025-09-15T13:30:00+00:00,NY,SEPTEMBER,VALIDATED_SOURCE,NQZ5,2,4,-118.0,RESOLVED,BUY,STOP,0.0,2025-09-15 13:30:00.000504713+00:00,STOP,0.0,24416.75,STOP,12.0,24420.25,-89.0,-89.0,-178.0,DOUBLE_STOP,3.0,PRICE_BE,SELL,False,ORIGINAL_STOP_BEFORE_ARM,24420.25,-89.0,-178.0,0.0,DOUBLE_STOP_NOT_RESCUED,STOP,,,
2224,2025-09-15 09:30,2025-09-15T13:30:00+00:00,NY,SEPTEMBER,VALIDATED_SOURCE,NQZ5,2,4,-118.0,RESOLVED,BUY,STOP,0.0,2025-09-15 13:30:00.000504713+00:00,STOP,0.0,24416.75,STOP,12.0,24420.25,-89.0,-89.0,-178.0,DOUBLE_STOP,3.0,COST_COVER_BE,SELL,False,ORIGINAL_STOP_BEFORE_ARM,24420.25,-89.0,-178.0,0.0,DOUBLE_STOP_NOT_RESCUED,STOP,,,
2224,2025-09-15 09:30,2025-09-15T13:30:00+00:00,NY,SEPTEMBER,VALIDATED_SOURCE,NQZ5,2,4,-118.0,RESOLVED,BUY,STOP,0.0,2025-09-15 13:30:00.000504713+00:00,STOP,0.0,24416.75,STOP,12.0,24420.25,-89.0,-89.0,-178.0,DOUBLE_STOP,4.0,PRICE_BE,SELL,False,ORIGINAL_STOP_BEFORE_ARM,24420.25,-89.0,-178.0,0.0,DOUBLE_STOP_NOT_RESCUED,STOP,,,
2224,2025-09-15 09:30,2025-09-15T13:30:00+00:00,NY,SEPTEMBER,VALIDATED_SOURCE,NQZ5,2,4,-118.0,RESOLVED,BUY,STOP,0.0,2025-09-15 13:30:00.000504713+00:00,STOP,0.0,24416.75,STOP,12.0,24420.25,-89.0,-89.0,-178.0,DOUBLE_STOP,4.0,COST_COVER_BE,SELL,False,ORIGINAL_STOP_BEFORE_ARM,24420.25,-89.0,-178.0,0.0,DOUBLE_STOP_NOT_RESCUED,STOP,,,
2224,2025-09-15 09:30,2025-09-15T13:30:00+00:00,NY,SEPTEMBER,VALIDATED_SOURCE,NQZ5,2,4,-118.0,RESOLVED,BUY,STOP,0.0,2025-09-15 13:30:00.000504713+00:00,STOP,0.0,24416.75,STOP,12.0,24420.25,-89.0,-89.0,-178.0,DOUBLE_STOP,5.0,PRICE_BE,SELL,False,ORIGINAL_STOP_BEFORE_ARM,24420.25,-89.0,-178.0,0.0,DOUBLE_STOP_NOT_RESCUED,STOP,,,
2224,2025-09-15 09:30,2025-09-15T13:30:00+00:00,NY,SEPTEMBER,VALIDATED_SOURCE,NQZ5,2,4,-118.0,RESOLVED,BUY,STOP,0.0,2025-09-15 13:30:00.000504713+00:00,STOP,0.0,24416.75,STOP,12.0,24420.25,-89.0,-89.0,-178.0,DOUBLE_STOP,5.0,COST_COVER_BE,SELL,False,ORIGINAL_STOP_BEFORE_ARM,24420.25,-89.0,-178.0,0.0,DOUBLE_STOP_NOT_RESCUED,STOP,,,
2224,2025-09-15 09:30,2025-09-15T13:30:00+00:00,NY,SEPTEMBER,VALIDATED_SOURCE,NQZ5,2,4,-118.0,RESOLVED,BUY,STOP,0.0,2025-09-15 13:30:00.000504713+00:00,STOP,0.0,24416.75,STOP,12.0,24420.25,-89.0,-89.0,-178.0,DOUBLE_STOP,8.0,PRICE_BE,SELL,False,ORIGINAL_STOP_BEFORE_ARM,24420.25,-89.0,-178.0,0.0,DOUBLE_STOP_NOT_RESCUED,STOP,,,
2224,2025-09-15 09:30,2025-09-15T13:30:00+00:00,NY,SEPTEMBER,VALIDATED_SOURCE,NQZ5,2,4,-118.0,RESOLVED,BUY,STOP,0.0,2025-09-15 13:30:00.000504713+00:00,STOP,0.0,24416.75,STOP,12.0,24420.25,-89.0,-89.0,-178.0,DOUBLE_STOP,8.0,COST_COVER_BE,SELL,False,ORIGINAL_STOP_BEFORE_ARM,24420.25,-89.0,-178.0,0.0,DOUBLE_STOP_NOT_RESCUED,STOP,,,
2225,2025-09-16 09:30,2025-09-16T13:30:00+00:00,NY,SEPTEMBER,VALIDATED_SOURCE,NQZ5,2,0,-118.0,RESOLVED,SELL,STOP,16.0,2025-09-16 13:30:00.022596787+00:00,STOP,78.0,24587.0,STOP,16.0,24588.75,-69.0,-39.0,-108.0,DOUBLE_STOP,0.5,PRICE_BE,BUY,True,PRICE_BE,24588.5,-9.0,-48.0,60.0,DOUBLE_STOP_RESCUED,STOP,24.0,2025-09-16 13:30:00.043762303+00:00,-69.0
2225,2025-09-16 09:30,2025-09-16T13:30:00+00:00,NY,SEPTEMBER,VALIDATED_SOURCE,NQZ5,2,0,-118.0,RESOLVED,SELL,STOP,16.0,2025-09-16 13:30:00.022596787+00:00,STOP,78.0,24587.0,STOP,16.0,24588.75,-69.0,-39.0,-108.0,DOUBLE_STOP,0.5,COST_COVER_BE,BUY,True,COST_COVER_BE,24589.0,11.0,-28.0,80.0,DOUBLE_STOP_RESCUED,STOP,24.0,2025-09-16 13:30:00.043762303+00:00,-69.0
2225,2025-09-16 09:30,2025-09-16T13:30:00+00:00,NY,SEPTEMBER,VALIDATED_SOURCE,NQZ5,2,0,-118.0,RESOLVED,SELL,STOP,16.0,2025-09-16 13:30:00.022596787+00:00,STOP,78.0,24587.0,STOP,16.0,24588.75,-69.0,-39.0,-108.0,DOUBLE_STOP,1.0,PRICE_BE,BUY,True,PRICE_BE,24588.5,-9.0,-48.0,60.0,DOUBLE_STOP_RESCUED,STOP,25.0,2025-09-16 13:30:00.045629335+00:00,-69.0
2225,2025-09-16 09:30,2025-09-16T13:30:00+00:00,NY,SEPTEMBER,VALIDATED_SOURCE,NQZ5,2,0,-118.0,RESOLVED,SELL,STOP,16.0,2025-09-16 13:30:00.022596787+00:00,STOP,78.0,24587.0,STOP,16.0,24588.75,-69.0,-39.0,-108.0,DOUBLE_STOP,1.0,COST_COVER_BE,BUY,True,COST_COVER_BE,24589.0,11.0,-28.0,80.0,DOUBLE_STOP_RESCUED,STOP,25.0,2025-09-16 13:30:00.045629335+00:00,-69.0
2225,2025-09-16 09:30,2025-09-16T13:30:00+00:00,NY,SEPTEMBER,VALIDATED_SOURCE,NQZ5,2,0,-118.0,RESOLVED,SELL,STOP,16.0,2025-09-16 13:30:00.022596787+00:00,STOP,78.0,24587.0,STOP,16.0,24588.75,-69.0,-39.0,-108.0,DOUBLE_STOP,2.0,PRICE_BE,BUY,False,ORIGINAL_STOP_BEFORE_ARM,24587.0,-69.0,-108.0,0.0,DOUBLE_STOP_NOT_RESCUED,STOP,,,
2225,2025-09-16 09:30,2025-09-16T13:30:00+00:00,NY,SEPTEMBER,VALIDATED_SOURCE,NQZ5,2,0,-118.0,RESOLVED,SELL,STOP,16.0,2025-09-16 13:30:00.022596787+00:00,STOP,78.0,24587.0,STOP,16.0,24588.75,-69.0,-39.0,-108.0,DOUBLE_STOP,2.0,COST_COVER_BE,BUY,False,ORIGINAL_STOP_BEFORE_ARM,24587.0,-69.0,-108.0,0.0,DOUBLE_STOP_NOT_RESCUED,STOP,,,
2225,2025-09-16 09:30,2025-09-16T13:30:00+00:00,NY,SEPTEMBER,VALIDATED_SOURCE,NQZ5,2,0,-118.0,RESOLVED,SELL,STOP,16.0,2025-09-16 13:30:00.022596787+00:00,STOP,78.0,24587.0,STOP,16.0,24588.75,-69.0,-39.0,-108.0,DOUBLE_STOP,3.0,PRICE_BE,BUY,False,ORIGINAL_STOP_BEFORE_ARM,24587.0,-69.0,-108.0,0.0,DOUBLE_STOP_NOT_RESCUED,STOP,,,
2225,2025-09-16 09:30,2025-09-16T13:30:00+00:00,NY,SEPTEMBER,VALIDATED_SOURCE,NQZ5,2,0,-118.0,RESOLVED,SELL,STOP,16.0,2025-09-16 13:30:00.022596787+00:00,STOP,78.0,24587.0,STOP,16.0,24588.75,-69.0,-39.0,-108.0,DOUBLE_STOP,3.0,COST_COVER_BE,BUY,False,ORIGINAL_STOP_BEFORE_ARM,24587.0,-69.0,-108.0,0.0,DOUBLE_STOP_NOT_RESCUED,STOP,,,
2225,2025-09-16 09:30,2025-09-16T13:30:00+00:00,NY,SEPTEMBER,VALIDATED_SOURCE,NQZ5,2,0,-118.0,RESOLVED,SELL,STOP,16.0,2025-09-16 13:30:00.022596787+00:00,STOP,78.0,24587.0,STOP,16.0,24588.75,-69.0,-39.0,-108.0,DOUBLE_STOP,4.0,PRICE_BE,BUY,False,ORIGINAL_STOP_BEFORE_ARM,24587.0,-69.0,-108.0,0.0,DOUBLE_STOP_NOT_RESCUED,STOP,,,
2225,2025-09-16 09:30,2025-09-16T13:30:00+00:00,NY,SEPTEMBER,VALIDATED_SOURCE,NQZ5,2,0,-118.0,RESOLVED,SELL,STOP,16.0,2025-09-16 13:30:00.022596787+00:00,STOP,78.0,24587.0,STOP,16.0,24588.75,-69.0,-39.0,-108.0,DOUBLE_STOP,4.0,COST_COVER_BE,BUY,False,ORIGINAL_STOP_BEFORE_ARM,24587.0,-69.0,-108.0,0.0,DOUBLE_STOP_NOT_RESCUED,STOP,,,
2225,2025-09-16 09:30,2025-09-16T13:30:00+00:00,NY,SEPTEMBER,VALIDATED_SOURCE,NQZ5,2,0,-118.0,RESOLVED,SELL,STOP,16.0,2025-09-16 13:30:00.022596787+00:00,STOP,78.0,24587.0,STOP,16.0,24588.75,-69.0,-39.0,-108.0,DOUBLE_STOP,5.0,PRICE_BE,BUY,False,ORIGINAL_STOP_BEFORE_ARM,24587.0,-69.0,-108.0,0.0,DOUBLE_STOP_NOT_RESCUED,STOP,,,
2225,2025-09-16 09:30,2025-09-16T13:30:00+00:00,NY,SEPTEMBER,VALIDATED_SOURCE,NQZ5,2,0,-118.0,RESOLVED,SELL,STOP,16.0,2025-09-16 13:30:00.022596787+00:00,STOP,78.0,24587.0,STOP,16.0,24588.75,-69.0,-39.0,-108.0,DOUBLE_STOP,5.0,COST_COVER_BE,BUY,False,ORIGINAL_STOP_BEFORE_ARM,24587.0,-69.0,-108.0,0.0,DOUBLE_STOP_NOT_RESCUED,STOP,,,
2225,2025-09-16 09:30,2025-09-16T13:30:00+00:00,NY,SEPTEMBER,VALIDATED_SOURCE,NQZ5,2,0,-118.0,RESOLVED,SELL,STOP,16.0,2025-09-16 13:30:00.022596787+00:00,STOP,78.0,24587.0,STOP,16.0,24588.75,-69.0,-39.0,-108.0,DOUBLE_STOP,8.0,PRICE_BE,BUY,False,ORIGINAL_STOP_BEFORE_ARM,24587.0,-69.0,-108.0,0.0,DOUBLE_STOP_NOT_RESCUED,STOP,,,
2225,2025-09-16 09:30,2025-09-16T13:30:00+00:00,NY,SEPTEMBER,VALIDATED_SOURCE,NQZ5,2,0,-118.0,RESOLVED,SELL,STOP,16.0,2025-09-16 13:30:00.022596787+00:00,STOP,78.0,24587.0,STOP,16.0,24588.75,-69.0,-39.0,-108.0,DOUBLE_STOP,8.0,COST_COVER_BE,BUY,False,ORIGINAL_STOP_BEFORE_ARM,24587.0,-69.0,-108.0,0.0,DOUBLE_STOP_NOT_RESCUED,STOP,,,
2225,2025-09-16 09:30,2025-09-16T13:30:00+00:00,NY,SEPTEMBER,VALIDATED_SOURCE,NQZ5,2,1,-118.0,RESOLVED,SELL,STOP,16.0,2025-09-16 13:30:00.022596787+00:00,STOP,78.0,24586.75,STOP,16.0,24589.0,-79.0,-49.0,-128.0,DOUBLE_STOP,0.5,PRICE_BE,BUY,True,PRICE_BE,24588.25,-19.0,-68.0,60.0,DOUBLE_STOP_RESCUED,STOP,24.0,2025-09-16 13:30:00.043762303+00:00,-79.0
2225,2025-09-16 09:30,2025-09-16T13:30:00+00:00,NY,SEPTEMBER,VALIDATED_SOURCE,NQZ5,2,1,-118.0,RESOLVED,SELL,STOP,16.0,2025-09-16 13:30:00.022596787+00:00,STOP,78.0,24586.75,STOP,16.0,24589.0,-79.0,-49.0,-128.0,DOUBLE_STOP,0.5,COST_COVER_BE,BUY,True,COST_COVER_BE,24588.75,1.0,-48.0,80.0,DOUBLE_STOP_RESCUED,STOP,24.0,2025-09-16 13:30:00.043762303+00:00,-79.0
2225,2025-09-16 09:30,2025-09-16T13:30:00+00:00,NY,SEPTEMBER,VALIDATED_SOURCE,NQZ5,2,1,-118.0,RESOLVED,SELL,STOP,16.0,2025-09-16 13:30:00.022596787+00:00,STOP,78.0,24586.75,STOP,16.0,24589.0,-79.0,-49.0,-128.0,DOUBLE_STOP,1.0,PRICE_BE,BUY,True,PRICE_BE,24588.25,-19.0,-68.0,60.0,DOUBLE_STOP_RESCUED,STOP,25.0,2025-09-16 13:30:00.045629335+00:00,-79.0
2225,2025-09-16 09:30,2025-09-16T13:30:00+00:00,NY,SEPTEMBER,VALIDATED_SOURCE,NQZ5,2,1,-118.0,RESOLVED,SELL,STOP,16.0,2025-09-16 13:30:00.022596787+00:00,STOP,78.0,24586.75,STOP,16.0,24589.0,-79.0,-49.0,-128.0,DOUBLE_STOP,1.0,COST_COVER_BE,BUY,True,COST_COVER_BE,24588.75,1.0,-48.0,80.0,DOUBLE_STOP_RESCUED,STOP,25.0,2025-09-16 13:30:00.045629335+00:00,-79.0
2225,2025-09-16 09:30,2025-09-16T13:30:00+00:00,NY,SEPTEMBER,VALIDATED_SOURCE,NQZ5,2,1,-118.0,RESOLVED,SELL,STOP,16.0,2025-09-16 13:30:00.022596787+00:00,STOP,78.0,24586.75,STOP,16.0,24589.0,-79.0,-49.0,-128.0,DOUBLE_STOP,2.0,PRICE_BE,BUY,False,ORIGINAL_STOP_BEFORE_ARM,24586.75,-79.0,-128.0,0.0,DOUBLE_STOP_NOT_RESCUED,STOP,,,
2225,2025-09-16 09:30,2025-09-16T13:30:00+00:00,NY,SEPTEMBER,VALIDATED_SOURCE,NQZ5,2,1,-118.0,RESOLVED,SELL,STOP,16.0,2025-09-16 13:30:00.022596787+00:00,STOP,78.0,24586.75,STOP,16.0,24589.0,-79.0,-49.0,-128.0,DOUBLE_STOP,2.0,COST_COVER_BE,BUY,False,ORIGINAL_STOP_BEFORE_ARM,24586.75,-79.0,-128.0,0.0,DOUBLE_STOP_NOT_RESCUED,STOP,,,
2225,2025-09-16 09:30,2025-09-16T13:30:00+00:00,NY,SEPTEMBER,VALIDATED_SOURCE,NQZ5,2,1,-118.0,RESOLVED,SELL,STOP,16.0,2025-09-16 13:30:00.022596787+00:00,STOP,78.0,24586.75,STOP,16.0,24589.0,-79.0,-49.0,-128.0,DOUBLE_STOP,3.0,PRICE_BE,BUY,False,ORIGINAL_STOP_BEFORE_ARM,24586.75,-79.0,-128.0,0.0,DOUBLE_STOP_NOT_RESCUED,STOP,,,
2225,2025-09-16 09:30,2025-09-16T13:30:00+00:00,NY,SEPTEMBER,VALIDATED_SOURCE,NQZ5,2,1,-118.0,RESOLVED,SELL,STOP,16.0,2025-09-16 13:30:00.022596787+00:00,STOP,78.0,24586.75,STOP,16.0,24589.0,-79.0,-49.0,-128.0,DOUBLE_STOP,3.0,COST_COVER_BE,BUY,False,ORIGINAL_STOP_BEFORE_ARM,24586.75,-79.0,-128.0,0.0,DOUBLE_STOP_NOT_RESCUED,STOP,,,
2225,2025-09-16 09:30,2025-09-16T13:30:00+00:00,NY,SEPTEMBER,VALIDATED_SOURCE,NQZ5,2,1,-118.0,RESOLVED,SELL,STOP,16.0,2025-09-16 13:30:00.022596787+00:00,STOP,78.0,24586.75,STOP,16.0,24589.0,-79.0,-49.0,-128.0,DOUBLE_STOP,4.0,PRICE_BE,BUY,False,ORIGINAL_STOP_BEFORE_ARM,24586.75,-79.0,-128.0,0.0,DOUBLE_STOP_NOT_RESCUED,STOP,,,
2225,2025-09-16 09:30,2025-09-16T13:30:00+00:00,NY,SEPTEMBER,VALIDATED_SOURCE,NQZ5,2,1,-118.0,RESOLVED,SELL,STOP,16.0,2025-09-16 13:30:00.022596787+00:00,STOP,78.0,24586.75,STOP,16.0,24589.0,-79.0,-49.0,-128.0,DOUBLE_STOP,4.0,COST_COVER_BE,BUY,False,ORIGINAL_STOP_BEFORE_ARM,24586.75,-79.0,-128.0,0.0,DOUBLE_STOP_NOT_RESCUED,STOP,,,
2225,2025-09-16 09:30,2025-09-16T13:30:00+00:00,NY,SEPTEMBER,VALIDATED_SOURCE,NQZ5,2,1,-118.0,RESOLVED,SELL,STOP,16.0,2025-09-16 13:30:00.022596787+00:00,STOP,78.0,24586.75,STOP,16.0,24589.0,-79.0,-49.0,-128.0,DOUBLE_STOP,5.0,PRICE_BE,BUY,False,ORIGINAL_STOP_BEFORE_ARM,24586.75,-79.0,-128.0,0.0,DOUBLE_STOP_NOT_RESCUED,STOP,,,
2225,2025-09-16 09:30,2025-09-16T13:30:00+00:00,NY,SEPTEMBER,VALIDATED_SOURCE,NQZ5,2,1,-118.0,RESOLVED,SELL,STOP,16.0,2025-09-16 13:30:00.022596787+00:00,STOP,78.0,24586.75,STOP,16.0,24589.0,-79.0,-49.0,-128.0,DOUBLE_STOP,5.0,COST_COVER_BE,BUY,False,ORIGINAL_STOP_BEFORE_ARM,24586.75,-79.0,-128.0,0.0,DOUBLE_STOP_NOT_RESCUED,STOP,,,
2225,2025-09-16 09:30,2025-09-16T13:30:00+00:00,NY,SEPTEMBER,VALIDATED_SOURCE,NQZ5,2,1,-118.0,RESOLVED,SELL,STOP,16.0,2025-09-16 13:30:00.022596787+00:00,STOP,78.0,24586.75,STOP,16.0,24589.0,-79.0,-49.0,-128.0,DOUBLE_STOP,8.0,PRICE_BE,BUY,False,ORIGINAL_STOP_BEFORE_ARM,24586.75,-79.0,-128.0,0.0,DOUBLE_STOP_NOT_RESCUED,STOP,,,
2225,2025-09-16 09:30,2025-09-16T13:30:00+00:00,NY,SEPTEMBER,VALIDATED_SOURCE,NQZ5,2,1,-118.0,RESOLVED,SELL,STOP,16.0,2025-09-16 13:30:00.022596787+00:00,STOP,78.0,24586.75,STOP,16.0,24589.0,-79.0,-49.0,-128.0,DOUBLE_STOP,8.0,COST_COVER_BE,BUY,False,ORIGINAL_STOP_BEFORE_ARM,24586.75,-79.0,-128.0,0.0,DOUBLE_STOP_NOT_RESCUED,STOP,,,
2225,2025-09-16 09:30,2025-09-16T13:30:00+00:00,NY,SEPTEMBER,VALIDATED_SOURCE,NQZ5,2,2,-118.0,RESOLVED,SELL,STOP,16.0,2025-09-16 13:30:00.022596787+00:00,STOP,78.0,24586.5,STOP,16.0,24589.25,-89.0,-59.0,-148.0,DOUBLE_STOP,0.5,PRICE_BE,BUY,True,PRICE_BE,24588.0,-29.0,-88.0,60.0,DOUBLE_STOP_RESCUED,STOP,24.0,2025-09-16 13:30:00.043762303+00:00,-89.0
2225,2025-09-16 09:30,2025-09-16T13:30:00+00:00,NY,SEPTEMBER,VALIDATED_SOURCE,NQZ5,2,2,-118.0,RESOLVED,SELL,STOP,16.0,2025-09-16 13:30:00.022596787+00:00,STOP,78.0,24586.5,STOP,16.0,24589.25,-89.0,-59.0,-148.0,DOUBLE_STOP,0.5,COST_COVER_BE,BUY,True,COST_COVER_BE,24588.5,-9.0,-68.0,80.0,DOUBLE_STOP_RESCUED,STOP,24.0,2025-09-16 13:30:00.043762303+00:00,-89.0
2225,2025-09-16 09:30,2025-09-16T13:30:00+00:00,NY,SEPTEMBER,VALIDATED_SOURCE,NQZ5,2,2,-118.0,RESOLVED,SELL,STOP,16.0,2025-09-16 13:30:00.022596787+00:00,STOP,78.0,24586.5,STOP,16.0,24589.25,-89.0,-59.0,-148.0,DOUBLE_STOP,1.0,PRICE_BE,BUY,True,PRICE_BE,24588.0,-29.0,-88.0,60.0,DOUBLE_STOP_RESCUED,STOP,25.0,2025-09-16 13:30:00.045629335+00:00,-89.0
2225,2025-09-16 09:30,2025-09-16T13:30:00+00:00,NY,SEPTEMBER,VALIDATED_SOURCE,NQZ5,2,2,-118.0,RESOLVED,SELL,STOP,16.0,2025-09-16 13:30:00.022596787+00:00,STOP,78.0,24586.5,STOP,16.0,24589.25,-89.0,-59.0,-148.0,DOUBLE_STOP,1.0,COST_COVER_BE,BUY,True,COST_COVER_BE,24588.5,-9.0,-68.0,80.0,DOUBLE_STOP_RESCUED,STOP,25.0,2025-09-16 13:30:00.045629335+00:00,-89.0
2225,2025-09-16 09:30,2025-09-16T13:30:00+00:00,NY,SEPTEMBER,VALIDATED_SOURCE,NQZ5,2,2,-118.0,RESOLVED,SELL,STOP,16.0,2025-09-16 13:30:00.022596787+00:00,STOP,78.0,24586.5,STOP,16.0,24589.25,-89.0,-59.0,-148.0,DOUBLE_STOP,2.0,PRICE_BE,BUY,False,ORIGINAL_STOP_BEFORE_ARM,24586.5,-89.0,-148.0,0.0,DOUBLE_STOP_NOT_RESCUED,STOP,,,
2225,2025-09-16 09:30,2025-09-16T13:30:00+00:00,NY,SEPTEMBER,VALIDATED_SOURCE,NQZ5,2,2,-118.0,RESOLVED,SELL,STOP,16.0,2025-09-16 13:30:00.022596787+00:00,STOP,78.0,24586.5,STOP,16.0,24589.25,-89.0,-59.0,-148.0,DOUBLE_STOP,2.0,COST_COVER_BE,BUY,False,ORIGINAL_STOP_BEFORE_ARM,24586.5,-89.0,-148.0,0.0,DOUBLE_STOP_NOT_RESCUED,STOP,,,
2225,2025-09-16 09:30,2025-09-16T13:30:00+00:00,NY,SEPTEMBER,VALIDATED_SOURCE,NQZ5,2,2,-118.0,RESOLVED,SELL,STOP,16.0,2025-09-16 13:30:00.022596787+00:00,STOP,78.0,24586.5,STOP,16.0,24589.25,-89.0,-59.0,-148.0,DOUBLE_STOP,3.0,PRICE_BE,BUY,False,ORIGINAL_STOP_BEFORE_ARM,24586.5,-89.0,-148.0,0.0,DOUBLE_STOP_NOT_RESCUED,STOP,,,
2225,2025-09-16 09:30,2025-09-16T13:30:00+00:00,NY,SEPTEMBER,VALIDATED_SOURCE,NQZ5,2,2,-118.0,RESOLVED,SELL,STOP,16.0,2025-09-16 13:30:00.022596787+00:00,STOP,78.0,24586.5,STOP,16.0,24589.25,-89.0,-59.0,-148.0,DOUBLE_STOP,3.0,COST_COVER_BE,BUY,False,ORIGINAL_STOP_BEFORE_ARM,24586.5,-89.0,-148.0,0.0,DOUBLE_STOP_NOT_RESCUED,STOP,,,
2225,2025-09-16 09:30,2025-09-16T13:30:00+00:00,NY,SEPTEMBER,VALIDATED_SOURCE,NQZ5,2,2,-118.0,RESOLVED,SELL,STOP,16.0,2025-09-16 13:30:00.022596787+00:00,STOP,78.0,24586.5,STOP,16.0,24589.25,-89.0,-59.0,-148.0,DOUBLE_STOP,4.0,PRICE_BE,BUY,False,ORIGINAL_STOP_BEFORE_ARM,24586.5,-89.0,-148.0,0.0,DOUBLE_STOP_NOT_RESCUED,STOP,,,
2225,2025-09-16 09:30,2025-09-16T13:30:00+00:00,NY,SEPTEMBER,VALIDATED_SOURCE,NQZ5,2,2,-118.0,RESOLVED,SELL,STOP,16.0,2025-09-16 13:30:00.022596787+00:00,STOP,78.0,24586.5,STOP,16.0,24589.25,-89.0,-59.0,-148.0,DOUBLE_STOP,4.0,COST_COVER_BE,BUY,False,ORIGINAL_STOP_BEFORE_ARM,24586.5,-89.0,-148.0,0.0,DOUBLE_STOP_NOT_RESCUED,STOP,,,
2225,2025-09-16 09:30,2025-09-16T13:30:00+00:00,NY,SEPTEMBER,VALIDATED_SOURCE,NQZ5,2,2,-118.0,RESOLVED,SELL,STOP,16.0,2025-09-16 13:30:00.022596787+00:00,STOP,78.0,24586.5,STOP,16.0,24589.25,-89.0,-59.0,-148.0,DOUBLE_STOP,5.0,PRICE_BE,BUY,False,ORIGINAL_STOP_BEFORE_ARM,24586.5,-89.0,-148.0,0.0,DOUBLE_STOP_NOT_RESCUED,STOP,,,
2225,2025-09-16 09:30,2025-09-16T13:30:00+00:00,NY,SEPTEMBER,VALIDATED_SOURCE,NQZ5,2,2,-118.0,RESOLVED,SELL,STOP,16.0,2025-09-16 13:30:00.022596787+00:00,STOP,78.0,24586.5,STOP,16.0,24589.25,-89.0,-59.0,-148.0,DOUBLE_STOP,5.0,COST_COVER_BE,BUY,False,ORIGINAL_STOP_BEFORE_ARM,24586.5,-89.0,-148.0,0.0,DOUBLE_STOP_NOT_RESCUED,STOP,,,
2225,2025-09-16 09:30,2025-09-16T13:30:00+00:00,NY,SEPTEMBER,VALIDATED_SOURCE,NQZ5,2,2,-118.0,RESOLVED,SELL,STOP,16.0,2025-09-16 13:30:00.022596787+00:00,STOP,78.0,24586.5,STOP,16.0,24589.25,-89.0,-59.0,-148.0,DOUBLE_STOP,8.0,PRICE_BE,BUY,False,ORIGINAL_STOP_BEFORE_ARM,24586.5,-89.0,-148.0,0.0,DOUBLE_STOP_NOT_RESCUED,STOP,,,
2225,2025-09-16 09:30,2025-09-16T13:30:00+00:00,NY,SEPTEMBER,VALIDATED_SOURCE,NQZ5,2,2,-118.0,RESOLVED,SELL,STOP,16.0,2025-09-16 13:30:00.022596787+00:00,STOP,78.0,24586.5,STOP,16.0,24589.25,-89.0,-59.0,-148.0,DOUBLE_STOP,8.0,COST_COVER_BE,BUY,False,ORIGINAL_STOP_BEFORE_ARM,24586.5,-89.0,-148.0,0.0,DOUBLE_STOP_NOT_RESCUED,STOP,,,
2225,2025-09-16 09:30,2025-09-16T13:30:00+00:00,NY,SEPTEMBER,VALIDATED_SOURCE,NQZ5,2,4,-118.0,RESOLVED,SELL,STOP,16.0,2025-09-16 13:30:00.022596787+00:00,STOP,78.0,24586.0,STOP,16.0,24589.75,-109.0,-79.0,-188.0,DOUBLE_STOP,0.5,PRICE_BE,BUY,True,PRICE_BE,24587.5,-49.0,-128.0,60.0,DOUBLE_STOP_RESCUED,STOP,24.0,2025-09-16 13:30:00.043762303+00:00,-109.0
2225,2025-09-16 09:30,2025-09-16T13:30:00+00:00,NY,SEPTEMBER,VALIDATED_SOURCE,NQZ5,2,4,-118.0,RESOLVED,SELL,STOP,16.0,2025-09-16 13:30:00.022596787+00:00,STOP,78.0,24586.0,STOP,16.0,24589.75,-109.0,-79.0,-188.0,DOUBLE_STOP,0.5,COST_COVER_BE,BUY,True,COST_COVER_BE,24588.0,-29.0,-108.0,80.0,DOUBLE_STOP_RESCUED,STOP,24.0,2025-09-16 13:30:00.043762303+00:00,-109.0
2225,2025-09-16 09:30,2025-09-16T13:30:00+00:00,NY,SEPTEMBER,VALIDATED_SOURCE,NQZ5,2,4,-118.0,RESOLVED,SELL,STOP,16.0,2025-09-16 13:30:00.022596787+00:00,STOP,78.0,24586.0,STOP,16.0,24589.75,-109.0,-79.0,-188.0,DOUBLE_STOP,1.0,PRICE_BE,BUY,True,PRICE_BE,24587.5,-49.0,-128.0,60.0,DOUBLE_STOP_RESCUED,STOP,25.0,2025-09-16 13:30:00.045629335+00:00,-109.0
2225,2025-09-16 09:30,2025-09-16T13:30:00+00:00,NY,SEPTEMBER,VALIDATED_SOURCE,NQZ5,2,4,-118.0,RESOLVED,SELL,STOP,16.0,2025-09-16 13:30:00.022596787+00:00,STOP,78.0,24586.0,STOP,16.0,24589.75,-109.0,-79.0,-188.0,DOUBLE_STOP,1.0,COST_COVER_BE,BUY,True,COST_COVER_BE,24588.0,-29.0,-108.0,80.0,DOUBLE_STOP_RESCUED,STOP,25.0,2025-09-16 13:30:00.045629335+00:00,-109.0
2225,2025-09-16 09:30,2025-09-16T13:30:00+00:00,NY,SEPTEMBER,VALIDATED_SOURCE,NQZ5,2,4,-118.0,RESOLVED,SELL,STOP,16.0,2025-09-16 13:30:00.022596787+00:00,STOP,78.0,24586.0,STOP,16.0,24589.75,-109.0,-79.0,-188.0,DOUBLE_STOP,2.0,PRICE_BE,BUY,False,ORIGINAL_STOP_BEFORE_ARM,24586.0,-109.0,-188.0,0.0,DOUBLE_STOP_NOT_RESCUED,STOP,,,
2225,2025-09-16 09:30,2025-09-16T13:30:00+00:00,NY,SEPTEMBER,VALIDATED_SOURCE,NQZ5,2,4,-118.0,RESOLVED,SELL,STOP,16.0,2025-09-16 13:30:00.022596787+00:00,STOP,78.0,24586.0,STOP,16.0,24589.75,-109.0,-79.0,-188.0,DOUBLE_STOP,2.0,COST_COVER_BE,BUY,False,ORIGINAL_STOP_BEFORE_ARM,24586.0,-109.0,-188.0,0.0,DOUBLE_STOP_NOT_RESCUED,STOP,,,
2225,2025-09-16 09:30,2025-09-16T13:30:00+00:00,NY,SEPTEMBER,VALIDATED_SOURCE,NQZ5,2,4,-118.0,RESOLVED,SELL,STOP,16.0,2025-09-16 13:30:00.022596787+00:00,STOP,78.0,24586.0,STOP,16.0,24589.75,-109.0,-79.0,-188.0,DOUBLE_STOP,3.0,PRICE_BE,BUY,False,ORIGINAL_STOP_BEFORE_ARM,24586.0,-109.0,-188.0,0.0,DOUBLE_STOP_NOT_RESCUED,STOP,,,
2225,2025-09-16 09:30,2025-09-16T13:30:00+00:00,NY,SEPTEMBER,VALIDATED_SOURCE,NQZ5,2,4,-118.0,RESOLVED,SELL,STOP,16.0,2025-09-16 13:30:00.022596787+00:00,STOP,78.0,24586.0,STOP,16.0,24589.75,-109.0,-79.0,-188.0,DOUBLE_STOP,3.0,COST_COVER_BE,BUY,False,ORIGINAL_STOP_BEFORE_ARM,24586.0,-109.0,-188.0,0.0,DOUBLE_STOP_NOT_RESCUED,STOP,,,
2225,2025-09-16 09:30,2025-09-16T13:30:00+00:00,NY,SEPTEMBER,VALIDATED_SOURCE,NQZ5,2,4,-118.0,RESOLVED,SELL,STOP,16.0,2025-09-16 13:30:00.022596787+00:00,STOP,78.0,24586.0,STOP,16.0,24589.75,-109.0,-79.0,-188.0,DOUBLE_STOP,4.0,PRICE_BE,BUY,False,ORIGINAL_STOP_BEFORE_ARM,24586.0,-109.0,-188.0,0.0,DOUBLE_STOP_NOT_RESCUED,STOP,,,
2225,2025-09-16 09:30,2025-09-16T13:30:00+00:00,NY,SEPTEMBER,VALIDATED_SOURCE,NQZ5,2,4,-118.0,RESOLVED,SELL,STOP,16.0,2025-09-16 13:30:00.022596787+00:00,STOP,78.0,24586.0,STOP,16.0,24589.75,-109.0,-79.0,-188.0,DOUBLE_STOP,4.0,COST_COVER_BE,BUY,False,ORIGINAL_STOP_BEFORE_ARM,24586.0,-109.0,-188.0,0.0,DOUBLE_STOP_NOT_RESCUED,STOP,,,
2225,2025-09-16 09:30,2025-09-16T13:30:00+00:00,NY,SEPTEMBER,VALIDATED_SOURCE,NQZ5,2,4,-118.0,RESOLVED,SELL,STOP,16.0,2025-09-16 13:30:00.022596787+00:00,STOP,78.0,24586.0,STOP,16.0,24589.75,-109.0,-79.0,-188.0,DOUBLE_STOP,5.0,PRICE_BE,BUY,False,ORIGINAL_STOP_BEFORE_ARM,24586.0,-109.0,-188.0,0.0,DOUBLE_STOP_NOT_RESCUED,STOP,,,
2225,2025-09-16 09:30,2025-09-16T13:30:00+00:00,NY,SEPTEMBER,VALIDATED_SOURCE,NQZ5,2,4,-118.0,RESOLVED,SELL,STOP,16.0,2025-09-16 13:30:00.022596787+00:00,STOP,78.0,24586.0,STOP,16.0,24589.75,-109.0,-79.0,-188.0,DOUBLE_STOP,5.0,COST_COVER_BE,BUY,False,ORIGINAL_STOP_BEFORE_ARM,24586.0,-109.0,-188.0,0.0,DOUBLE_STOP_NOT_RESCUED,STOP,,,
2225,2025-09-16 09:30,2025-09-16T13:30:00+00:00,NY,SEPTEMBER,VALIDATED_SOURCE,NQZ5,2,4,-118.0,RESOLVED,SELL,STOP,16.0,2025-09-16 13:30:00.022596787+00:00,STOP,78.0,24586.0,STOP,16.0,24589.75,-109.0,-79.0,-188.0,DOUBLE_STOP,8.0,PRICE_BE,BUY,False,ORIGINAL_STOP_BEFORE_ARM,24586.0,-109.0,-188.0,0.0,DOUBLE_STOP_NOT_RESCUED,STOP,,,
2225,2025-09-16 09:30,2025-09-16T13:30:00+00:00,NY,SEPTEMBER,VALIDATED_SOURCE,NQZ5,2,4,-118.0,RESOLVED,SELL,STOP,16.0,2025-09-16 13:30:00.022596787+00:00,STOP,78.0,24586.0,STOP,16.0,24589.75,-109.0,-79.0,-188.0,DOUBLE_STOP,8.0,COST_COVER_BE,BUY,False,ORIGINAL_STOP_BEFORE_ARM,24586.0,-109.0,-188.0,0.0,DOUBLE_STOP_NOT_RESCUED,STOP,,,
2226,2025-09-17 09:30,2025-09-17T13:30:00+00:00,NY,SEPTEMBER,DIAGNOSTIC_ONLY_DEGRADED_SOURCE,NQZ5,2,0,572.0,RESOLVED,SELL,STOP,5.0,2025-09-17 13:30:00.002117549+00:00,TARGET,1061.0,24537.25,STOP,5.0,24521.75,631.0,-49.0,582.0,BUY_TARGET,0.5,PRICE_BE,BUY,True,PRICE_BE,24521.25,-9.0,-58.0,-640.0,TARGET_WINNER_SCRATCHED,TARGET,9.0,2025-09-17 13:30:00.014722617+00:00,631.0
2226,2025-09-17 09:30,2025-09-17T13:30:00+00:00,NY,SEPTEMBER,DIAGNOSTIC_ONLY_DEGRADED_SOURCE,NQZ5,2,0,572.0,RESOLVED,SELL,STOP,5.0,2025-09-17 13:30:00.002117549+00:00,TARGET,1061.0,24537.25,STOP,5.0,24521.75,631.0,-49.0,582.0,BUY_TARGET,0.5,COST_COVER_BE,BUY,True,COST_COVER_BE,24521.75,11.0,-38.0,-620.0,TARGET_WINNER_SCRATCHED,TARGET,9.0,2025-09-17 13:30:00.014722617+00:00,631.0
2226,2025-09-17 09:30,2025-09-17T13:30:00+00:00,NY,SEPTEMBER,DIAGNOSTIC_ONLY_DEGRADED_SOURCE,NQZ5,2,0,572.0,RESOLVED,SELL,STOP,5.0,2025-09-17 13:30:00.002117549+00:00,TARGET,1061.0,24537.25,STOP,5.0,24521.75,631.0,-49.0,582.0,BUY_TARGET,1.0,PRICE_BE,BUY,True,PRICE_BE,24521.25,-9.0,-58.0,-640.0,TARGET_WINNER_SCRATCHED,TARGET,14.0,2025-09-17 13:30:00.030602951+00:00,631.0
2226,2025-09-17 09:30,2025-09-17T13:30:00+00:00,NY,SEPTEMBER,DIAGNOSTIC_ONLY_DEGRADED_SOURCE,NQZ5,2,0,572.0,RESOLVED,SELL,STOP,5.0,2025-09-17 13:30:00.002117549+00:00,TARGET,1061.0,24537.25,STOP,5.0,24521.75,631.0,-49.0,582.0,BUY_TARGET,1.0,COST_COVER_BE,BUY,True,COST_COVER_BE,24521.75,11.0,-38.0,-620.0,TARGET_WINNER_SCRATCHED,TARGET,14.0,2025-09-17 13:30:00.030602951+00:00,631.0
2226,2025-09-17 09:30,2025-09-17T13:30:00+00:00,NY,SEPTEMBER,DIAGNOSTIC_ONLY_DEGRADED_SOURCE,NQZ5,2,0,572.0,RESOLVED,SELL,STOP,5.0,2025-09-17 13:30:00.002117549+00:00,TARGET,1061.0,24537.25,STOP,5.0,24521.75,631.0,-49.0,582.0,BUY_TARGET,2.0,PRICE_BE,BUY,True,PRICE_BE,24521.25,-9.0,-58.0,-640.0,TARGET_WINNER_SCRATCHED,TARGET,86.0,2025-09-17 13:30:00.209824685+00:00,631.0
2226,2025-09-17 09:30,2025-09-17T13:30:00+00:00,NY,SEPTEMBER,DIAGNOSTIC_ONLY_DEGRADED_SOURCE,NQZ5,2,0,572.0,RESOLVED,SELL,STOP,5.0,2025-09-17 13:30:00.002117549+00:00,TARGET,1061.0,24537.25,STOP,5.0,24521.75,631.0,-49.0,582.0,BUY_TARGET,2.0,COST_COVER_BE,BUY,True,COST_COVER_BE,24521.75,11.0,-38.0,-620.0,TARGET_WINNER_SCRATCHED,TARGET,86.0,2025-09-17 13:30:00.209824685+00:00,631.0
2226,2025-09-17 09:30,2025-09-17T13:30:00+00:00,NY,SEPTEMBER,DIAGNOSTIC_ONLY_DEGRADED_SOURCE,NQZ5,2,0,572.0,RESOLVED,SELL,STOP,5.0,2025-09-17 13:30:00.002117549+00:00,TARGET,1061.0,24537.25,STOP,5.0,24521.75,631.0,-49.0,582.0,BUY_TARGET,3.0,PRICE_BE,BUY,True,PRICE_BE,24521.25,-9.0,-58.0,-640.0,TARGET_WINNER_SCRATCHED,TARGET,163.0,2025-09-17 13:30:00.740994581+00:00,631.0
2226,2025-09-17 09:30,2025-09-17T13:30:00+00:00,NY,SEPTEMBER,DIAGNOSTIC_ONLY_DEGRADED_SOURCE,NQZ5,2,0,572.0,RESOLVED,SELL,STOP,5.0,2025-09-17 13:30:00.002117549+00:00,TARGET,1061.0,24537.25,STOP,5.0,24521.75,631.0,-49.0,582.0,BUY_TARGET,3.0,COST_COVER_BE,BUY,True,COST_COVER_BE,24521.75,11.0,-38.0,-620.0,TARGET_WINNER_SCRATCHED,TARGET,163.0,2025-09-17 13:30:00.740994581+00:00,631.0
2226,2025-09-17 09:30,2025-09-17T13:30:00+00:00,NY,SEPTEMBER,DIAGNOSTIC_ONLY_DEGRADED_SOURCE,NQZ5,2,0,572.0,RESOLVED,SELL,STOP,5.0,2025-09-17 13:30:00.002117549+00:00,TARGET,1061.0,24537.25,STOP,5.0,24521.75,631.0,-49.0,582.0,BUY_TARGET,4.0,PRICE_BE,BUY,True,TARGET_AFTER_ARM,24537.25,631.0,582.0,0.0,TARGET_WINNER_PRESERVED,TARGET,289.0,2025-09-17 13:30:01.610148145+00:00,
2226,2025-09-17 09:30,2025-09-17T13:30:00+00:00,NY,SEPTEMBER,DIAGNOSTIC_ONLY_DEGRADED_SOURCE,NQZ5,2,0,572.0,RESOLVED,SELL,STOP,5.0,2025-09-17 13:30:00.002117549+00:00,TARGET,1061.0,24537.25,STOP,5.0,24521.75,631.0,-49.0,582.0,BUY_TARGET,4.0,COST_COVER_BE,BUY,True,TARGET_AFTER_ARM,24537.25,631.0,582.0,0.0,TARGET_WINNER_PRESERVED,TARGET,289.0,2025-09-17 13:30:01.610148145+00:00,
2226,2025-09-17 09:30,2025-09-17T13:30:00+00:00,NY,SEPTEMBER,DIAGNOSTIC_ONLY_DEGRADED_SOURCE,NQZ5,2,0,572.0,RESOLVED,SELL,STOP,5.0,2025-09-17 13:30:00.002117549+00:00,TARGET,1061.0,24537.25,STOP,5.0,24521.75,631.0,-49.0,582.0,BUY_TARGET,5.0,PRICE_BE,BUY,True,TARGET_AFTER_ARM,24537.25,631.0,582.0,0.0,TARGET_WINNER_PRESERVED,TARGET,302.0,2025-09-17 13:30:01.740394455+00:00,
2226,2025-09-17 09:30,2025-09-17T13:30:00+00:00,NY,SEPTEMBER,DIAGNOSTIC_ONLY_DEGRADED_SOURCE,NQZ5,2,0,572.0,RESOLVED,SELL,STOP,5.0,2025-09-17 13:30:00.002117549+00:00,TARGET,1061.0,24537.25,STOP,5.0,24521.75,631.0,-49.0,582.0,BUY_TARGET,5.0,COST_COVER_BE,BUY,True,TARGET_AFTER_ARM,24537.25,631.0,582.0,0.0,TARGET_WINNER_PRESERVED,TARGET,302.0,2025-09-17 13:30:01.740394455+00:00,
2226,2025-09-17 09:30,2025-09-17T13:30:00+00:00,NY,SEPTEMBER,DIAGNOSTIC_ONLY_DEGRADED_SOURCE,NQZ5,2,0,572.0,RESOLVED,SELL,STOP,5.0,2025-09-17 13:30:00.002117549+00:00,TARGET,1061.0,24537.25,STOP,5.0,24521.75,631.0,-49.0,582.0,BUY_TARGET,8.0,PRICE_BE,BUY,True,TARGET_AFTER_ARM,24537.25,631.0,582.0,0.0,TARGET_WINNER_PRESERVED,TARGET,410.0,2025-09-17 13:30:02.383752753+00:00,
2226,2025-09-17 09:30,2025-09-17T13:30:00+00:00,NY,SEPTEMBER,DIAGNOSTIC_ONLY_DEGRADED_SOURCE,NQZ5,2,0,572.0,RESOLVED,SELL,STOP,5.0,2025-09-17 13:30:00.002117549+00:00,TARGET,1061.0,24537.25,STOP,5.0,24521.75,631.0,-49.0,582.0,BUY_TARGET,8.0,COST_COVER_BE,BUY,True,TARGET_AFTER_ARM,24537.25,631.0,582.0,0.0,TARGET_WINNER_PRESERVED,TARGET,410.0,2025-09-17 13:30:02.383752753+00:00,
2226,2025-09-17 09:30,2025-09-17T13:30:00+00:00,NY,SEPTEMBER,DIAGNOSTIC_ONLY_DEGRADED_SOURCE,NQZ5,2,1,572.0,RESOLVED,SELL,STOP,5.0,2025-09-17 13:30:00.002117549+00:00,TARGET,1061.0,24537.25,STOP,5.0,24522.0,631.0,-59.0,572.0,BUY_TARGET,0.5,PRICE_BE,BUY,True,PRICE_BE,24521.0,-19.0,-78.0,-650.0,TARGET_WINNER_SCRATCHED,TARGET,9.0,2025-09-17 13:30:00.014722617+00:00,631.0
2226,2025-09-17 09:30,2025-09-17T13:30:00+00:00,NY,SEPTEMBER,DIAGNOSTIC_ONLY_DEGRADED_SOURCE,NQZ5,2,1,572.0,RESOLVED,SELL,STOP,5.0,2025-09-17 13:30:00.002117549+00:00,TARGET,1061.0,24537.25,STOP,5.0,24522.0,631.0,-59.0,572.0,BUY_TARGET,0.5,COST_COVER_BE,BUY,True,COST_COVER_BE,24521.5,1.0,-58.0,-630.0,TARGET_WINNER_SCRATCHED,TARGET,9.0,2025-09-17 13:30:00.014722617+00:00,631.0
2226,2025-09-17 09:30,2025-09-17T13:30:00+00:00,NY,SEPTEMBER,DIAGNOSTIC_ONLY_DEGRADED_SOURCE,NQZ5,2,1,572.0,RESOLVED,SELL,STOP,5.0,2025-09-17 13:30:00.002117549+00:00,TARGET,1061.0,24537.25,STOP,5.0,24522.0,631.0,-59.0,572.0,BUY_TARGET,1.0,PRICE_BE,BUY,True,PRICE_BE,24521.0,-19.0,-78.0,-650.0,TARGET_WINNER_SCRATCHED,TARGET,14.0,2025-09-17 13:30:00.030602951+00:00,631.0
2226,2025-09-17 09:30,2025-09-17T13:30:00+00:00,NY,SEPTEMBER,DIAGNOSTIC_ONLY_DEGRADED_SOURCE,NQZ5,2,1,572.0,RESOLVED,SELL,STOP,5.0,2025-09-17 13:30:00.002117549+00:00,TARGET,1061.0,24537.25,STOP,5.0,24522.0,631.0,-59.0,572.0,BUY_TARGET,1.0,COST_COVER_BE,BUY,True,COST_COVER_BE,24521.5,1.0,-58.0,-630.0,TARGET_WINNER_SCRATCHED,TARGET,14.0,2025-09-17 13:30:00.030602951+00:00,631.0
2226,2025-09-17 09:30,2025-09-17T13:30:00+00:00,NY,SEPTEMBER,DIAGNOSTIC_ONLY_DEGRADED_SOURCE,NQZ5,2,1,572.0,RESOLVED,SELL,STOP,5.0,2025-09-17 13:30:00.002117549+00:00,TARGET,1061.0,24537.25,STOP,5.0,24522.0,631.0,-59.0,572.0,BUY_TARGET,2.0,PRICE_BE,BUY,True,PRICE_BE,24521.0,-19.0,-78.0,-650.0,TARGET_WINNER_SCRATCHED,TARGET,86.0,2025-09-17 13:30:00.209824685+00:00,631.0
2226,2025-09-17 09:30,2025-09-17T13:30:00+00:00,NY,SEPTEMBER,DIAGNOSTIC_ONLY_DEGRADED_SOURCE,NQZ5,2,1,572.0,RESOLVED,SELL,STOP,5.0,2025-09-17 13:30:00.002117549+00:00,TARGET,1061.0,24537.25,STOP,5.0,24522.0,631.0,-59.0,572.0,BUY_TARGET,2.0,COST_COVER_BE,BUY,True,COST_COVER_BE,24521.5,1.0,-58.0,-630.0,TARGET_WINNER_SCRATCHED,TARGET,86.0,2025-09-17 13:30:00.209824685+00:00,631.0
2226,2025-09-17 09:30,2025-09-17T13:30:00+00:00,NY,SEPTEMBER,DIAGNOSTIC_ONLY_DEGRADED_SOURCE,NQZ5,2,1,572.0,RESOLVED,SELL,STOP,5.0,2025-09-17 13:30:00.002117549+00:00,TARGET,1061.0,24537.25,STOP,5.0,24522.0,631.0,-59.0,572.0,BUY_TARGET,3.0,PRICE_BE,BUY,True,PRICE_BE,24521.0,-19.0,-78.0,-650.0,TARGET_WINNER_SCRATCHED,TARGET,163.0,2025-09-17 13:30:00.740994581+00:00,631.0
2226,2025-09-17 09:30,2025-09-17T13:30:00+00:00,NY,SEPTEMBER,DIAGNOSTIC_ONLY_DEGRADED_SOURCE,NQZ5,2,1,572.0,RESOLVED,SELL,STOP,5.0,2025-09-17 13:30:00.002117549+00:00,TARGET,1061.0,24537.25,STOP,5.0,24522.0,631.0,-59.0,572.0,BUY_TARGET,3.0,COST_COVER_BE,BUY,True,COST_COVER_BE,24521.5,1.0,-58.0,-630.0,TARGET_WINNER_SCRATCHED,TARGET,163.0,2025-09-17 13:30:00.740994581+00:00,631.0
2226,2025-09-17 09:30,2025-09-17T13:30:00+00:00,NY,SEPTEMBER,DIAGNOSTIC_ONLY_DEGRADED_SOURCE,NQZ5,2,1,572.0,RESOLVED,SELL,STOP,5.0,2025-09-17 13:30:00.002117549+00:00,TARGET,1061.0,24537.25,STOP,5.0,24522.0,631.0,-59.0,572.0,BUY_TARGET,4.0,PRICE_BE,BUY,True,TARGET_AFTER_ARM,24537.25,631.0,572.0,0.0,TARGET_WINNER_PRESERVED,TARGET,289.0,2025-09-17 13:30:01.610148145+00:00,
2226,2025-09-17 09:30,2025-09-17T13:30:00+00:00,NY,SEPTEMBER,DIAGNOSTIC_ONLY_DEGRADED_SOURCE,NQZ5,2,1,572.0,RESOLVED,SELL,STOP,5.0,2025-09-17 13:30:00.002117549+00:00,TARGET,1061.0,24537.25,STOP,5.0,24522.0,631.0,-59.0,572.0,BUY_TARGET,4.0,COST_COVER_BE,BUY,True,TARGET_AFTER_ARM,24537.25,631.0,572.0,0.0,TARGET_WINNER_PRESERVED,TARGET,289.0,2025-09-17 13:30:01.610148145+00:00,
2226,2025-09-17 09:30,2025-09-17T13:30:00+00:00,NY,SEPTEMBER,DIAGNOSTIC_ONLY_DEGRADED_SOURCE,NQZ5,2,1,572.0,RESOLVED,SELL,STOP,5.0,2025-09-17 13:30:00.002117549+00:00,TARGET,1061.0,24537.25,STOP,5.0,24522.0,631.0,-59.0,572.0,BUY_TARGET,5.0,PRICE_BE,BUY,True,TARGET_AFTER_ARM,24537.25,631.0,572.0,0.0,TARGET_WINNER_PRESERVED,TARGET,302.0,2025-09-17 13:30:01.740394455+00:00,
2226,2025-09-17 09:30,2025-09-17T13:30:00+00:00,NY,SEPTEMBER,DIAGNOSTIC_ONLY_DEGRADED_SOURCE,NQZ5,2,1,572.0,RESOLVED,SELL,STOP,5.0,2025-09-17 13:30:00.002117549+00:00,TARGET,1061.0,24537.25,STOP,5.0,24522.0,631.0,-59.0,572.0,BUY_TARGET,5.0,COST_COVER_BE,BUY,True,TARGET_AFTER_ARM,24537.25,631.0,572.0,0.0,TARGET_WINNER_PRESERVED,TARGET,302.0,2025-09-17 13:30:01.740394455+00:00,
2226,2025-09-17 09:30,2025-09-17T13:30:00+00:00,NY,SEPTEMBER,DIAGNOSTIC_ONLY_DEGRADED_SOURCE,NQZ5,2,1,572.0,RESOLVED,SELL,STOP,5.0,2025-09-17 13:30:00.002117549+00:00,TARGET,1061.0,24537.25,STOP,5.0,24522.0,631.0,-59.0,572.0,BUY_TARGET,8.0,PRICE_BE,BUY,True,TARGET_AFTER_ARM,24537.25,631.0,572.0,0.0,TARGET_WINNER_PRESERVED,TARGET,410.0,2025-09-17 13:30:02.383752753+00:00,
2226,2025-09-17 09:30,2025-09-17T13:30:00+00:00,NY,SEPTEMBER,DIAGNOSTIC_ONLY_DEGRADED_SOURCE,NQZ5,2,1,572.0,RESOLVED,SELL,STOP,5.0,2025-09-17 13:30:00.002117549+00:00,TARGET,1061.0,24537.25,STOP,5.0,24522.0,631.0,-59.0,572.0,BUY_TARGET,8.0,COST_COVER_BE,BUY,True,TARGET_AFTER_ARM,24537.25,631.0,572.0,0.0,TARGET_WINNER_PRESERVED,TARGET,410.0,2025-09-17 13:30:02.383752753+00:00,
2226,2025-09-17 09:30,2025-09-17T13:30:00+00:00,NY,SEPTEMBER,DIAGNOSTIC_ONLY_DEGRADED_SOURCE,NQZ5,2,2,572.0,RESOLVED,SELL,STOP,5.0,2025-09-17 13:30:00.002117549+00:00,TARGET,1061.0,24537.25,STOP,5.0,24522.25,631.0,-69.0,562.0,BUY_TARGET,0.5,PRICE_BE,BUY,True,PRICE_BE,24520.75,-29.0,-98.0,-660.0,TARGET_WINNER_SCRATCHED,TARGET,9.0,2025-09-17 13:30:00.014722617+00:00,631.0
2226,2025-09-17 09:30,2025-09-17T13:30:00+00:00,NY,SEPTEMBER,DIAGNOSTIC_ONLY_DEGRADED_SOURCE,NQZ5,2,2,572.0,RESOLVED,SELL,STOP,5.0,2025-09-17 13:30:00.002117549+00:00,TARGET,1061.0,24537.25,STOP,5.0,24522.25,631.0,-69.0,562.0,BUY_TARGET,0.5,COST_COVER_BE,BUY,True,COST_COVER_BE,24521.25,-9.0,-78.0,-640.0,TARGET_WINNER_SCRATCHED,TARGET,9.0,2025-09-17 13:30:00.014722617+00:00,631.0
2226,2025-09-17 09:30,2025-09-17T13:30:00+00:00,NY,SEPTEMBER,DIAGNOSTIC_ONLY_DEGRADED_SOURCE,NQZ5,2,2,572.0,RESOLVED,SELL,STOP,5.0,2025-09-17 13:30:00.002117549+00:00,TARGET,1061.0,24537.25,STOP,5.0,24522.25,631.0,-69.0,562.0,BUY_TARGET,1.0,PRICE_BE,BUY,True,PRICE_BE,24520.75,-29.0,-98.0,-660.0,TARGET_WINNER_SCRATCHED,TARGET,14.0,2025-09-17 13:30:00.030602951+00:00,631.0
2226,2025-09-17 09:30,2025-09-17T13:30:00+00:00,NY,SEPTEMBER,DIAGNOSTIC_ONLY_DEGRADED_SOURCE,NQZ5,2,2,572.0,RESOLVED,SELL,STOP,5.0,2025-09-17 13:30:00.002117549+00:00,TARGET,1061.0,24537.25,STOP,5.0,24522.25,631.0,-69.0,562.0,BUY_TARGET,1.0,COST_COVER_BE,BUY,True,COST_COVER_BE,24521.25,-9.0,-78.0,-640.0,TARGET_WINNER_SCRATCHED,TARGET,14.0,2025-09-17 13:30:00.030602951+00:00,631.0
2226,2025-09-17 09:30,2025-09-17T13:30:00+00:00,NY,SEPTEMBER,DIAGNOSTIC_ONLY_DEGRADED_SOURCE,NQZ5,2,2,572.0,RESOLVED,SELL,STOP,5.0,2025-09-17 13:30:00.002117549+00:00,TARGET,1061.0,24537.25,STOP,5.0,24522.25,631.0,-69.0,562.0,BUY_TARGET,2.0,PRICE_BE,BUY,True,PRICE_BE,24520.75,-29.0,-98.0,-660.0,TARGET_WINNER_SCRATCHED,TARGET,86.0,2025-09-17 13:30:00.209824685+00:00,631.0
2226,2025-09-17 09:30,2025-09-17T13:30:00+00:00,NY,SEPTEMBER,DIAGNOSTIC_ONLY_DEGRADED_SOURCE,NQZ5,2,2,572.0,RESOLVED,SELL,STOP,5.0,2025-09-17 13:30:00.002117549+00:00,TARGET,1061.0,24537.25,STOP,5.0,24522.25,631.0,-69.0,562.0,BUY_TARGET,2.0,COST_COVER_BE,BUY,True,COST_COVER_BE,24521.25,-9.0,-78.0,-640.0,TARGET_WINNER_SCRATCHED,TARGET,86.0,2025-09-17 13:30:00.209824685+00:00,631.0
2226,2025-09-17 09:30,2025-09-17T13:30:00+00:00,NY,SEPTEMBER,DIAGNOSTIC_ONLY_DEGRADED_SOURCE,NQZ5,2,2,572.0,RESOLVED,SELL,STOP,5.0,2025-09-17 13:30:00.002117549+00:00,TARGET,1061.0,24537.25,STOP,5.0,24522.25,631.0,-69.0,562.0,BUY_TARGET,3.0,PRICE_BE,BUY,True,PRICE_BE,24520.75,-29.0,-98.0,-660.0,TARGET_WINNER_SCRATCHED,TARGET,163.0,2025-09-17 13:30:00.740994581+00:00,631.0
2226,2025-09-17 09:30,2025-09-17T13:30:00+00:00,NY,SEPTEMBER,DIAGNOSTIC_ONLY_DEGRADED_SOURCE,NQZ5,2,2,572.0,RESOLVED,SELL,STOP,5.0,2025-09-17 13:30:00.002117549+00:00,TARGET,1061.0,24537.25,STOP,5.0,24522.25,631.0,-69.0,562.0,BUY_TARGET,3.0,COST_COVER_BE,BUY,True,COST_COVER_BE,24521.25,-9.0,-78.0,-640.0,TARGET_WINNER_SCRATCHED,TARGET,163.0,2025-09-17 13:30:00.740994581+00:00,631.0
2226,2025-09-17 09:30,2025-09-17T13:30:00+00:00,NY,SEPTEMBER,DIAGNOSTIC_ONLY_DEGRADED_SOURCE,NQZ5,2,2,572.0,RESOLVED,SELL,STOP,5.0,2025-09-17 13:30:00.002117549+00:00,TARGET,1061.0,24537.25,STOP,5.0,24522.25,631.0,-69.0,562.0,BUY_TARGET,4.0,PRICE_BE,BUY,True,TARGET_AFTER_ARM,24537.25,631.0,562.0,0.0,TARGET_WINNER_PRESERVED,TARGET,289.0,2025-09-17 13:30:01.610148145+00:00,
2226,2025-09-17 09:30,2025-09-17T13:30:00+00:00,NY,SEPTEMBER,DIAGNOSTIC_ONLY_DEGRADED_SOURCE,NQZ5,2,2,572.0,RESOLVED,SELL,STOP,5.0,2025-09-17 13:30:00.002117549+00:00,TARGET,1061.0,24537.25,STOP,5.0,24522.25,631.0,-69.0,562.0,BUY_TARGET,4.0,COST_COVER_BE,BUY,True,TARGET_AFTER_ARM,24537.25,631.0,562.0,0.0,TARGET_WINNER_PRESERVED,TARGET,289.0,2025-09-17 13:30:01.610148145+00:00,
2226,2025-09-17 09:30,2025-09-17T13:30:00+00:00,NY,SEPTEMBER,DIAGNOSTIC_ONLY_DEGRADED_SOURCE,NQZ5,2,2,572.0,RESOLVED,SELL,STOP,5.0,2025-09-17 13:30:00.002117549+00:00,TARGET,1061.0,24537.25,STOP,5.0,24522.25,631.0,-69.0,562.0,BUY_TARGET,5.0,PRICE_BE,BUY,True,TARGET_AFTER_ARM,24537.25,631.0,562.0,0.0,TARGET_WINNER_PRESERVED,TARGET,302.0,2025-09-17 13:30:01.740394455+00:00,
2226,2025-09-17 09:30,2025-09-17T13:30:00+00:00,NY,SEPTEMBER,DIAGNOSTIC_ONLY_DEGRADED_SOURCE,NQZ5,2,2,572.0,RESOLVED,SELL,STOP,5.0,2025-09-17 13:30:00.002117549+00:00,TARGET,1061.0,24537.25,STOP,5.0,24522.25,631.0,-69.0,562.0,BUY_TARGET,5.0,COST_COVER_BE,BUY,True,TARGET_AFTER_ARM,24537.25,631.0,562.0,0.0,TARGET_WINNER_PRESERVED,TARGET,302.0,2025-09-17 13:30:01.740394455+00:00,
2226,2025-09-17 09:30,2025-09-17T13:30:00+00:00,NY,SEPTEMBER,DIAGNOSTIC_ONLY_DEGRADED_SOURCE,NQZ5,2,2,572.0,RESOLVED,SELL,STOP,5.0,2025-09-17 13:30:00.002117549+00:00,TARGET,1061.0,24537.25,STOP,5.0,24522.25,631.0,-69.0,562.0,BUY_TARGET,8.0,PRICE_BE,BUY,True,TARGET_AFTER_ARM,24537.25,631.0,562.0,0.0,TARGET_WINNER_PRESERVED,TARGET,410.0,2025-09-17 13:30:02.383752753+00:00,
2226,2025-09-17 09:30,2025-09-17T13:30:00+00:00,NY,SEPTEMBER,DIAGNOSTIC_ONLY_DEGRADED_SOURCE,NQZ5,2,2,572.0,RESOLVED,SELL,STOP,5.0,2025-09-17 13:30:00.002117549+00:00,TARGET,1061.0,24537.25,STOP,5.0,24522.25,631.0,-69.0,562.0,BUY_TARGET,8.0,COST_COVER_BE,BUY,True,TARGET_AFTER_ARM,24537.25,631.0,562.0,0.0,TARGET_WINNER_PRESERVED,TARGET,410.0,2025-09-17 13:30:02.383752753+00:00,
2226,2025-09-17 09:30,2025-09-17T13:30:00+00:00,NY,SEPTEMBER,DIAGNOSTIC_ONLY_DEGRADED_SOURCE,NQZ5,2,4,572.0,RESOLVED,SELL,STOP,5.0,2025-09-17 13:30:00.002117549+00:00,TARGET,1061.0,24537.25,STOP,5.0,24522.75,631.0,-89.0,542.0,BUY_TARGET,0.5,PRICE_BE,BUY,True,PRICE_BE,24520.25,-49.0,-138.0,-680.0,TARGET_WINNER_SCRATCHED,TARGET,9.0,2025-09-17 13:30:00.014722617+00:00,631.0
2226,2025-09-17 09:30,2025-09-17T13:30:00+00:00,NY,SEPTEMBER,DIAGNOSTIC_ONLY_DEGRADED_SOURCE,NQZ5,2,4,572.0,RESOLVED,SELL,STOP,5.0,2025-09-17 13:30:00.002117549+00:00,TARGET,1061.0,24537.25,STOP,5.0,24522.75,631.0,-89.0,542.0,BUY_TARGET,0.5,COST_COVER_BE,BUY,True,COST_COVER_BE,24520.75,-29.0,-118.0,-660.0,TARGET_WINNER_SCRATCHED,TARGET,9.0,2025-09-17 13:30:00.014722617+00:00,631.0
2226,2025-09-17 09:30,2025-09-17T13:30:00+00:00,NY,SEPTEMBER,DIAGNOSTIC_ONLY_DEGRADED_SOURCE,NQZ5,2,4,572.0,RESOLVED,SELL,STOP,5.0,2025-09-17 13:30:00.002117549+00:00,TARGET,1061.0,24537.25,STOP,5.0,24522.75,631.0,-89.0,542.0,BUY_TARGET,1.0,PRICE_BE,BUY,True,PRICE_BE,24520.25,-49.0,-138.0,-680.0,TARGET_WINNER_SCRATCHED,TARGET,14.0,2025-09-17 13:30:00.030602951+00:00,631.0
2226,2025-09-17 09:30,2025-09-17T13:30:00+00:00,NY,SEPTEMBER,DIAGNOSTIC_ONLY_DEGRADED_SOURCE,NQZ5,2,4,572.0,RESOLVED,SELL,STOP,5.0,2025-09-17 13:30:00.002117549+00:00,TARGET,1061.0,24537.25,STOP,5.0,24522.75,631.0,-89.0,542.0,BUY_TARGET,1.0,COST_COVER_BE,BUY,True,COST_COVER_BE,24520.75,-29.0,-118.0,-660.0,TARGET_WINNER_SCRATCHED,TARGET,14.0,2025-09-17 13:30:00.030602951+00:00,631.0
2226,2025-09-17 09:30,2025-09-17T13:30:00+00:00,NY,SEPTEMBER,DIAGNOSTIC_ONLY_DEGRADED_SOURCE,NQZ5,2,4,572.0,RESOLVED,SELL,STOP,5.0,2025-09-17 13:30:00.002117549+00:00,TARGET,1061.0,24537.25,STOP,5.0,24522.75,631.0,-89.0,542.0,BUY_TARGET,2.0,PRICE_BE,BUY,True,PRICE_BE,24520.25,-49.0,-138.0,-680.0,TARGET_WINNER_SCRATCHED,TARGET,86.0,2025-09-17 13:30:00.209824685+00:00,631.0
2226,2025-09-17 09:30,2025-09-17T13:30:00+00:00,NY,SEPTEMBER,DIAGNOSTIC_ONLY_DEGRADED_SOURCE,NQZ5,2,4,572.0,RESOLVED,SELL,STOP,5.0,2025-09-17 13:30:00.002117549+00:00,TARGET,1061.0,24537.25,STOP,5.0,24522.75,631.0,-89.0,542.0,BUY_TARGET,2.0,COST_COVER_BE,BUY,True,COST_COVER_BE,24520.75,-29.0,-118.0,-660.0,TARGET_WINNER_SCRATCHED,TARGET,86.0,2025-09-17 13:30:00.209824685+00:00,631.0
2226,2025-09-17 09:30,2025-09-17T13:30:00+00:00,NY,SEPTEMBER,DIAGNOSTIC_ONLY_DEGRADED_SOURCE,NQZ5,2,4,572.0,RESOLVED,SELL,STOP,5.0,2025-09-17 13:30:00.002117549+00:00,TARGET,1061.0,24537.25,STOP,5.0,24522.75,631.0,-89.0,542.0,BUY_TARGET,3.0,PRICE_BE,BUY,True,PRICE_BE,24520.25,-49.0,-138.0,-680.0,TARGET_WINNER_SCRATCHED,TARGET,163.0,2025-09-17 13:30:00.740994581+00:00,631.0
2226,2025-09-17 09:30,2025-09-17T13:30:00+00:00,NY,SEPTEMBER,DIAGNOSTIC_ONLY_DEGRADED_SOURCE,NQZ5,2,4,572.0,RESOLVED,SELL,STOP,5.0,2025-09-17 13:30:00.002117549+00:00,TARGET,1061.0,24537.25,STOP,5.0,24522.75,631.0,-89.0,542.0,BUY_TARGET,3.0,COST_COVER_BE,BUY,True,COST_COVER_BE,24520.75,-29.0,-118.0,-660.0,TARGET_WINNER_SCRATCHED,TARGET,163.0,2025-09-17 13:30:00.740994581+00:00,631.0
2226,2025-09-17 09:30,2025-09-17T13:30:00+00:00,NY,SEPTEMBER,DIAGNOSTIC_ONLY_DEGRADED_SOURCE,NQZ5,2,4,572.0,RESOLVED,SELL,STOP,5.0,2025-09-17 13:30:00.002117549+00:00,TARGET,1061.0,24537.25,STOP,5.0,24522.75,631.0,-89.0,542.0,BUY_TARGET,4.0,PRICE_BE,BUY,True,TARGET_AFTER_ARM,24537.25,631.0,542.0,0.0,TARGET_WINNER_PRESERVED,TARGET,289.0,2025-09-17 13:30:01.610148145+00:00,
2226,2025-09-17 09:30,2025-09-17T13:30:00+00:00,NY,SEPTEMBER,DIAGNOSTIC_ONLY_DEGRADED_SOURCE,NQZ5,2,4,572.0,RESOLVED,SELL,STOP,5.0,2025-09-17 13:30:00.002117549+00:00,TARGET,1061.0,24537.25,STOP,5.0,24522.75,631.0,-89.0,542.0,BUY_TARGET,4.0,COST_COVER_BE,BUY,True,TARGET_AFTER_ARM,24537.25,631.0,542.0,0.0,TARGET_WINNER_PRESERVED,TARGET,289.0,2025-09-17 13:30:01.610148145+00:00,
2226,2025-09-17 09:30,2025-09-17T13:30:00+00:00,NY,SEPTEMBER,DIAGNOSTIC_ONLY_DEGRADED_SOURCE,NQZ5,2,4,572.0,RESOLVED,SELL,STOP,5.0,2025-09-17 13:30:00.002117549+00:00,TARGET,1061.0,24537.25,STOP,5.0,24522.75,631.0,-89.0,542.0,BUY_TARGET,5.0,PRICE_BE,BUY,True,TARGET_AFTER_ARM,24537.25,631.0,542.0,0.0,TARGET_WINNER_PRESERVED,TARGET,302.0,2025-09-17 13:30:01.740394455+00:00,
2226,2025-09-17 09:30,2025-09-17T13:30:00+00:00,NY,SEPTEMBER,DIAGNOSTIC_ONLY_DEGRADED_SOURCE,NQZ5,2,4,572.0,RESOLVED,SELL,STOP,5.0,2025-09-17 13:30:00.002117549+00:00,TARGET,1061.0,24537.25,STOP,5.0,24522.75,631.0,-89.0,542.0,BUY_TARGET,5.0,COST_COVER_BE,BUY,True,TARGET_AFTER_ARM,24537.25,631.0,542.0,0.0,TARGET_WINNER_PRESERVED,TARGET,302.0,2025-09-17 13:30:01.740394455+00:00,
2226,2025-09-17 09:30,2025-09-17T13:30:00+00:00,NY,SEPTEMBER,DIAGNOSTIC_ONLY_DEGRADED_SOURCE,NQZ5,2,4,572.0,RESOLVED,SELL,STOP,5.0,2025-09-17 13:30:00.002117549+00:00,TARGET,1061.0,24537.25,STOP,5.0,24522.75,631.0,-89.0,542.0,BUY_TARGET,8.0,PRICE_BE,BUY,True,TARGET_AFTER_ARM,24537.25,631.0,542.0,0.0,TARGET_WINNER_PRESERVED,TARGET,410.0,2025-09-17 13:30:02.383752753+00:00,
2226,2025-09-17 09:30,2025-09-17T13:30:00+00:00,NY,SEPTEMBER,DIAGNOSTIC_ONLY_DEGRADED_SOURCE,NQZ5,2,4,572.0,RESOLVED,SELL,STOP,5.0,2025-09-17 13:30:00.002117549+00:00,TARGET,1061.0,24537.25,STOP,5.0,24522.75,631.0,-89.0,542.0,BUY_TARGET,8.0,COST_COVER_BE,BUY,True,TARGET_AFTER_ARM,24537.25,631.0,542.0,0.0,TARGET_WINNER_PRESERVED,TARGET,410.0,2025-09-17 13:30:02.383752753+00:00,
2227,2025-09-17 18:00,2025-09-17T22:00:00+00:00,WEEKDAY_WEAK,SEPTEMBER,DIAGNOSTIC_ONLY_DEGRADED_SOURCE,NQZ5,1,0,-59.0,RESOLVED,SELL,STOP,0.0,2025-09-17 22:00:00.021525167+00:00,STOP,7.0,24497.0,STOP,0.0,24504.0,-39.5,-119.5,-159.0,DOUBLE_STOP,0.5,PRICE_BE,BUY,False,ORIGINAL_STOP_BEFORE_ARM,24497.0,-39.5,-159.0,0.0,DOUBLE_STOP_NOT_RESCUED,STOP,,,
2227,2025-09-17 18:00,2025-09-17T22:00:00+00:00,WEEKDAY_WEAK,SEPTEMBER,DIAGNOSTIC_ONLY_DEGRADED_SOURCE,NQZ5,1,0,-59.0,RESOLVED,SELL,STOP,0.0,2025-09-17 22:00:00.021525167+00:00,STOP,7.0,24497.0,STOP,0.0,24504.0,-39.5,-119.5,-159.0,DOUBLE_STOP,0.5,COST_COVER_BE,BUY,False,ORIGINAL_STOP_BEFORE_ARM,24497.0,-39.5,-159.0,0.0,DOUBLE_STOP_NOT_RESCUED,STOP,,,
2227,2025-09-17 18:00,2025-09-17T22:00:00+00:00,WEEKDAY_WEAK,SEPTEMBER,DIAGNOSTIC_ONLY_DEGRADED_SOURCE,NQZ5,1,0,-59.0,RESOLVED,SELL,STOP,0.0,2025-09-17 22:00:00.021525167+00:00,STOP,7.0,24497.0,STOP,0.0,24504.0,-39.5,-119.5,-159.0,DOUBLE_STOP,1.0,PRICE_BE,BUY,False,ORIGINAL_STOP_BEFORE_ARM,24497.0,-39.5,-159.0,0.0,DOUBLE_STOP_NOT_RESCUED,STOP,,,
2227,2025-09-17 18:00,2025-09-17T22:00:00+00:00,WEEKDAY_WEAK,SEPTEMBER,DIAGNOSTIC_ONLY_DEGRADED_SOURCE,NQZ5,1,0,-59.0,RESOLVED,SELL,STOP,0.0,2025-09-17 22:00:00.021525167+00:00,STOP,7.0,24497.0,STOP,0.0,24504.0,-39.5,-119.5,-159.0,DOUBLE_STOP,1.0,COST_COVER_BE,BUY,False,ORIGINAL_STOP_BEFORE_ARM,24497.0,-39.5,-159.0,0.0,DOUBLE_STOP_NOT_RESCUED,STOP,,,
2227,2025-09-17 18:00,2025-09-17T22:00:00+00:00,WEEKDAY_WEAK,SEPTEMBER,DIAGNOSTIC_ONLY_DEGRADED_SOURCE,NQZ5,1,0,-59.0,RESOLVED,SELL,STOP,0.0,2025-09-17 22:00:00.021525167+00:00,STOP,7.0,24497.0,STOP,0.0,24504.0,-39.5,-119.5,-159.0,DOUBLE_STOP,2.0,PRICE_BE,BUY,False,ORIGINAL_STOP_BEFORE_ARM,24497.0,-39.5,-159.0,0.0,DOUBLE_STOP_NOT_RESCUED,STOP,,,
2227,2025-09-17 18:00,2025-09-17T22:00:00+00:00,WEEKDAY_WEAK,SEPTEMBER,DIAGNOSTIC_ONLY_DEGRADED_SOURCE,NQZ5,1,0,-59.0,RESOLVED,SELL,STOP,0.0,2025-09-17 22:00:00.021525167+00:00,STOP,7.0,24497.0,STOP,0.0,24504.0,-39.5,-119.5,-159.0,DOUBLE_STOP,2.0,COST_COVER_BE,BUY,False,ORIGINAL_STOP_BEFORE_ARM,24497.0,-39.5,-159.0,0.0,DOUBLE_STOP_NOT_RESCUED,STOP,,,
2227,2025-09-17 18:00,2025-09-17T22:00:00+00:00,WEEKDAY_WEAK,SEPTEMBER,DIAGNOSTIC_ONLY_DEGRADED_SOURCE,NQZ5,1,0,-59.0,RESOLVED,SELL,STOP,0.0,2025-09-17 22:00:00.021525167+00:00,STOP,7.0,24497.0,STOP,0.0,24504.0,-39.5,-119.5,-159.0,DOUBLE_STOP,3.0,PRICE_BE,BUY,False,ORIGINAL_STOP_BEFORE_ARM,24497.0,-39.5,-159.0,0.0,DOUBLE_STOP_NOT_RESCUED,STOP,,,
2227,2025-09-17 18:00,2025-09-17T22:00:00+00:00,WEEKDAY_WEAK,SEPTEMBER,DIAGNOSTIC_ONLY_DEGRADED_SOURCE,NQZ5,1,0,-59.0,RESOLVED,SELL,STOP,0.0,2025-09-17 22:00:00.021525167+00:00,STOP,7.0,24497.0,STOP,0.0,24504.0,-39.5,-119.5,-159.0,DOUBLE_STOP,3.0,COST_COVER_BE,BUY,False,ORIGINAL_STOP_BEFORE_ARM,24497.0,-39.5,-159.0,0.0,DOUBLE_STOP_NOT_RESCUED,STOP,,,
2227,2025-09-17 18:00,2025-09-17T22:00:00+00:00,WEEKDAY_WEAK,SEPTEMBER,DIAGNOSTIC_ONLY_DEGRADED_SOURCE,NQZ5,1,0,-59.0,RESOLVED,SELL,STOP,0.0,2025-09-17 22:00:00.021525167+00:00,STOP,7.0,24497.0,STOP,0.0,24504.0,-39.5,-119.5,-159.0,DOUBLE_STOP,4.0,PRICE_BE,BUY,False,ORIGINAL_STOP_BEFORE_ARM,24497.0,-39.5,-159.0,0.0,DOUBLE_STOP_NOT_RESCUED,STOP,,,
2227,2025-09-17 18:00,2025-09-17T22:00:00+00:00,WEEKDAY_WEAK,SEPTEMBER,DIAGNOSTIC_ONLY_DEGRADED_SOURCE,NQZ5,1,0,-59.0,RESOLVED,SELL,STOP,0.0,2025-09-17 22:00:00.021525167+00:00,STOP,7.0,24497.0,STOP,0.0,24504.0,-39.5,-119.5,-159.0,DOUBLE_STOP,4.0,COST_COVER_BE,BUY,False,ORIGINAL_STOP_BEFORE_ARM,24497.0,-39.5,-159.0,0.0,DOUBLE_STOP_NOT_RESCUED,STOP,,,
2227,2025-09-17 18:00,2025-09-17T22:00:00+00:00,WEEKDAY_WEAK,SEPTEMBER,DIAGNOSTIC_ONLY_DEGRADED_SOURCE,NQZ5,1,0,-59.0,RESOLVED,SELL,STOP,0.0,2025-09-17 22:00:00.021525167+00:00,STOP,7.0,24497.0,STOP,0.0,24504.0,-39.5,-119.5,-159.0,DOUBLE_STOP,5.0,PRICE_BE,BUY,False,ORIGINAL_STOP_BEFORE_ARM,24497.0,-39.5,-159.0,0.0,DOUBLE_STOP_NOT_RESCUED,STOP,,,
2227,2025-09-17 18:00,2025-09-17T22:00:00+00:00,WEEKDAY_WEAK,SEPTEMBER,DIAGNOSTIC_ONLY_DEGRADED_SOURCE,NQZ5,1,0,-59.0,RESOLVED,SELL,STOP,0.0,2025-09-17 22:00:00.021525167+00:00,STOP,7.0,24497.0,STOP,0.0,24504.0,-39.5,-119.5,-159.0,DOUBLE_STOP,5.0,COST_COVER_BE,BUY,False,ORIGINAL_STOP_BEFORE_ARM,24497.0,-39.5,-159.0,0.0,DOUBLE_STOP_NOT_RESCUED,STOP,,,
2227,2025-09-17 18:00,2025-09-17T22:00:00+00:00,WEEKDAY_WEAK,SEPTEMBER,DIAGNOSTIC_ONLY_DEGRADED_SOURCE,NQZ5,1,0,-59.0,RESOLVED,SELL,STOP,0.0,2025-09-17 22:00:00.021525167+00:00,STOP,7.0,24497.0,STOP,0.0,24504.0,-39.5,-119.5,-159.0,DOUBLE_STOP,8.0,PRICE_BE,BUY,False,ORIGINAL_STOP_BEFORE_ARM,24497.0,-39.5,-159.0,0.0,DOUBLE_STOP_NOT_RESCUED,STOP,,,
2227,2025-09-17 18:00,2025-09-17T22:00:00+00:00,WEEKDAY_WEAK,SEPTEMBER,DIAGNOSTIC_ONLY_DEGRADED_SOURCE,NQZ5,1,0,-59.0,RESOLVED,SELL,STOP,0.0,2025-09-17 22:00:00.021525167+00:00,STOP,7.0,24497.0,STOP,0.0,24504.0,-39.5,-119.5,-159.0,DOUBLE_STOP,8.0,COST_COVER_BE,BUY,False,ORIGINAL_STOP_BEFORE_ARM,24497.0,-39.5,-159.0,0.0,DOUBLE_STOP_NOT_RESCUED,STOP,,,
2227,2025-09-17 18:00,2025-09-17T22:00:00+00:00,WEEKDAY_WEAK,SEPTEMBER,DIAGNOSTIC_ONLY_DEGRADED_SOURCE,NQZ5,1,1,-59.0,RESOLVED,SELL,STOP,0.0,2025-09-17 22:00:00.021525167+00:00,STOP,7.0,24496.75,STOP,0.0,24504.25,-44.5,-124.5,-169.0,DOUBLE_STOP,0.5,PRICE_BE,BUY,False,ORIGINAL_STOP_BEFORE_ARM,24496.75,-44.5,-169.0,0.0,DOUBLE_STOP_NOT_RESCUED,STOP,,,
2227,2025-09-17 18:00,2025-09-17T22:00:00+00:00,WEEKDAY_WEAK,SEPTEMBER,DIAGNOSTIC_ONLY_DEGRADED_SOURCE,NQZ5,1,1,-59.0,RESOLVED,SELL,STOP,0.0,2025-09-17 22:00:00.021525167+00:00,STOP,7.0,24496.75,STOP,0.0,24504.25,-44.5,-124.5,-169.0,DOUBLE_STOP,0.5,COST_COVER_BE,BUY,False,ORIGINAL_STOP_BEFORE_ARM,24496.75,-44.5,-169.0,0.0,DOUBLE_STOP_NOT_RESCUED,STOP,,,
2227,2025-09-17 18:00,2025-09-17T22:00:00+00:00,WEEKDAY_WEAK,SEPTEMBER,DIAGNOSTIC_ONLY_DEGRADED_SOURCE,NQZ5,1,1,-59.0,RESOLVED,SELL,STOP,0.0,2025-09-17 22:00:00.021525167+00:00,STOP,7.0,24496.75,STOP,0.0,24504.25,-44.5,-124.5,-169.0,DOUBLE_STOP,1.0,PRICE_BE,BUY,False,ORIGINAL_STOP_BEFORE_ARM,24496.75,-44.5,-169.0,0.0,DOUBLE_STOP_NOT_RESCUED,STOP,,,
2227,2025-09-17 18:00,2025-09-17T22:00:00+00:00,WEEKDAY_WEAK,SEPTEMBER,DIAGNOSTIC_ONLY_DEGRADED_SOURCE,NQZ5,1,1,-59.0,RESOLVED,SELL,STOP,0.0,2025-09-17 22:00:00.021525167+00:00,STOP,7.0,24496.75,STOP,0.0,24504.25,-44.5,-124.5,-169.0,DOUBLE_STOP,1.0,COST_COVER_BE,BUY,False,ORIGINAL_STOP_BEFORE_ARM,24496.75,-44.5,-169.0,0.0,DOUBLE_STOP_NOT_RESCUED,STOP,,,
2227,2025-09-17 18:00,2025-09-17T22:00:00+00:00,WEEKDAY_WEAK,SEPTEMBER,DIAGNOSTIC_ONLY_DEGRADED_SOURCE,NQZ5,1,1,-59.0,RESOLVED,SELL,STOP,0.0,2025-09-17 22:00:00.021525167+00:00,STOP,7.0,24496.75,STOP,0.0,24504.25,-44.5,-124.5,-169.0,DOUBLE_STOP,2.0,PRICE_BE,BUY,False,ORIGINAL_STOP_BEFORE_ARM,24496.75,-44.5,-169.0,0.0,DOUBLE_STOP_NOT_RESCUED,STOP,,,
2227,2025-09-17 18:00,2025-09-17T22:00:00+00:00,WEEKDAY_WEAK,SEPTEMBER,DIAGNOSTIC_ONLY_DEGRADED_SOURCE,NQZ5,1,1,-59.0,RESOLVED,SELL,STOP,0.0,2025-09-17 22:00:00.021525167+00:00,STOP,7.0,24496.75,STOP,0.0,24504.25,-44.5,-124.5,-169.0,DOUBLE_STOP,2.0,COST_COVER_BE,BUY,False,ORIGINAL_STOP_BEFORE_ARM,24496.75,-44.5,-169.0,0.0,DOUBLE_STOP_NOT_RESCUED,STOP,,,
2227,2025-09-17 18:00,2025-09-17T22:00:00+00:00,WEEKDAY_WEAK,SEPTEMBER,DIAGNOSTIC_ONLY_DEGRADED_SOURCE,NQZ5,1,1,-59.0,RESOLVED,SELL,STOP,0.0,2025-09-17 22:00:00.021525167+00:00,STOP,7.0,24496.75,STOP,0.0,24504.25,-44.5,-124.5,-169.0,DOUBLE_STOP,3.0,PRICE_BE,BUY,False,ORIGINAL_STOP_BEFORE_ARM,24496.75,-44.5,-169.0,0.0,DOUBLE_STOP_NOT_RESCUED,STOP,,,
2227,2025-09-17 18:00,2025-09-17T22:00:00+00:00,WEEKDAY_WEAK,SEPTEMBER,DIAGNOSTIC_ONLY_DEGRADED_SOURCE,NQZ5,1,1,-59.0,RESOLVED,SELL,STOP,0.0,2025-09-17 22:00:00.021525167+00:00,STOP,7.0,24496.75,STOP,0.0,24504.25,-44.5,-124.5,-169.0,DOUBLE_STOP,3.0,COST_COVER_BE,BUY,False,ORIGINAL_STOP_BEFORE_ARM,24496.75,-44.5,-169.0,0.0,DOUBLE_STOP_NOT_RESCUED,STOP,,,
2227,2025-09-17 18:00,2025-09-17T22:00:00+00:00,WEEKDAY_WEAK,SEPTEMBER,DIAGNOSTIC_ONLY_DEGRADED_SOURCE,NQZ5,1,1,-59.0,RESOLVED,SELL,STOP,0.0,2025-09-17 22:00:00.021525167+00:00,STOP,7.0,24496.75,STOP,0.0,24504.25,-44.5,-124.5,-169.0,DOUBLE_STOP,4.0,PRICE_BE,BUY,False,ORIGINAL_STOP_BEFORE_ARM,24496.75,-44.5,-169.0,0.0,DOUBLE_STOP_NOT_RESCUED,STOP,,,
2227,2025-09-17 18:00,2025-09-17T22:00:00+00:00,WEEKDAY_WEAK,SEPTEMBER,DIAGNOSTIC_ONLY_DEGRADED_SOURCE,NQZ5,1,1,-59.0,RESOLVED,SELL,STOP,0.0,2025-09-17 22:00:00.021525167+00:00,STOP,7.0,24496.75,STOP,0.0,24504.25,-44.5,-124.5,-169.0,DOUBLE_STOP,4.0,COST_COVER_BE,BUY,False,ORIGINAL_STOP_BEFORE_ARM,24496.75,-44.5,-169.0,0.0,DOUBLE_STOP_NOT_RESCUED,STOP,,,
2227,2025-09-17 18:00,2025-09-17T22:00:00+00:00,WEEKDAY_WEAK,SEPTEMBER,DIAGNOSTIC_ONLY_DEGRADED_SOURCE,NQZ5,1,1,-59.0,RESOLVED,SELL,STOP,0.0,2025-09-17 22:00:00.021525167+00:00,STOP,7.0,24496.75,STOP,0.0,24504.25,-44.5,-124.5,-169.0,DOUBLE_STOP,5.0,PRICE_BE,BUY,False,ORIGINAL_STOP_BEFORE_ARM,24496.75,-44.5,-169.0,0.0,DOUBLE_STOP_NOT_RESCUED,STOP,,,
2227,2025-09-17 18:00,2025-09-17T22:00:00+00:00,WEEKDAY_WEAK,SEPTEMBER,DIAGNOSTIC_ONLY_DEGRADED_SOURCE,NQZ5,1,1,-59.0,RESOLVED,SELL,STOP,0.0,2025-09-17 22:00:00.021525167+00:00,STOP,7.0,24496.75,STOP,0.0,24504.25,-44.5,-124.5,-169.0,DOUBLE_STOP,5.0,COST_COVER_BE,BUY,False,ORIGINAL_STOP_BEFORE_ARM,24496.75,-44.5,-169.0,0.0,DOUBLE_STOP_NOT_RESCUED,STOP,,,
2227,2025-09-17 18:00,2025-09-17T22:00:00+00:00,WEEKDAY_WEAK,SEPTEMBER,DIAGNOSTIC_ONLY_DEGRADED_SOURCE,NQZ5,1,1,-59.0,RESOLVED,SELL,STOP,0.0,2025-09-17 22:00:00.021525167+00:00,STOP,7.0,24496.75,STOP,0.0,24504.25,-44.5,-124.5,-169.0,DOUBLE_STOP,8.0,PRICE_BE,BUY,False,ORIGINAL_STOP_BEFORE_ARM,24496.75,-44.5,-169.0,0.0,DOUBLE_STOP_NOT_RESCUED,STOP,,,
2227,2025-09-17 18:00,2025-09-17T22:00:00+00:00,WEEKDAY_WEAK,SEPTEMBER,DIAGNOSTIC_ONLY_DEGRADED_SOURCE,NQZ5,1,1,-59.0,RESOLVED,SELL,STOP,0.0,2025-09-17 22:00:00.021525167+00:00,STOP,7.0,24496.75,STOP,0.0,24504.25,-44.5,-124.5,-169.0,DOUBLE_STOP,8.0,COST_COVER_BE,BUY,False,ORIGINAL_STOP_BEFORE_ARM,24496.75,-44.5,-169.0,0.0,DOUBLE_STOP_NOT_RESCUED,STOP,,,
2227,2025-09-17 18:00,2025-09-17T22:00:00+00:00,WEEKDAY_WEAK,SEPTEMBER,DIAGNOSTIC_ONLY_DEGRADED_SOURCE,NQZ5,1,2,-59.0,RESOLVED,SELL,STOP,0.0,2025-09-17 22:00:00.021525167+00:00,STOP,7.0,24496.5,STOP,0.0,24504.5,-49.5,-129.5,-179.0,DOUBLE_STOP,0.5,PRICE_BE,BUY,False,ORIGINAL_STOP_BEFORE_ARM,24496.5,-49.5,-179.0,0.0,DOUBLE_STOP_NOT_RESCUED,STOP,,,
2227,2025-09-17 18:00,2025-09-17T22:00:00+00:00,WEEKDAY_WEAK,SEPTEMBER,DIAGNOSTIC_ONLY_DEGRADED_SOURCE,NQZ5,1,2,-59.0,RESOLVED,SELL,STOP,0.0,2025-09-17 22:00:00.021525167+00:00,STOP,7.0,24496.5,STOP,0.0,24504.5,-49.5,-129.5,-179.0,DOUBLE_STOP,0.5,COST_COVER_BE,BUY,False,ORIGINAL_STOP_BEFORE_ARM,24496.5,-49.5,-179.0,0.0,DOUBLE_STOP_NOT_RESCUED,STOP,,,
2227,2025-09-17 18:00,2025-09-17T22:00:00+00:00,WEEKDAY_WEAK,SEPTEMBER,DIAGNOSTIC_ONLY_DEGRADED_SOURCE,NQZ5,1,2,-59.0,RESOLVED,SELL,STOP,0.0,2025-09-17 22:00:00.021525167+00:00,STOP,7.0,24496.5,STOP,0.0,24504.5,-49.5,-129.5,-179.0,DOUBLE_STOP,1.0,PRICE_BE,BUY,False,ORIGINAL_STOP_BEFORE_ARM,24496.5,-49.5,-179.0,0.0,DOUBLE_STOP_NOT_RESCUED,STOP,,,
2227,2025-09-17 18:00,2025-09-17T22:00:00+00:00,WEEKDAY_WEAK,SEPTEMBER,DIAGNOSTIC_ONLY_DEGRADED_SOURCE,NQZ5,1,2,-59.0,RESOLVED,SELL,STOP,0.0,2025-09-17 22:00:00.021525167+00:00,STOP,7.0,24496.5,STOP,0.0,24504.5,-49.5,-129.5,-179.0,DOUBLE_STOP,1.0,COST_COVER_BE,BUY,False,ORIGINAL_STOP_BEFORE_ARM,24496.5,-49.5,-179.0,0.0,DOUBLE_STOP_NOT_RESCUED,STOP,,,
2227,2025-09-17 18:00,2025-09-17T22:00:00+00:00,WEEKDAY_WEAK,SEPTEMBER,DIAGNOSTIC_ONLY_DEGRADED_SOURCE,NQZ5,1,2,-59.0,RESOLVED,SELL,STOP,0.0,2025-09-17 22:00:00.021525167+00:00,STOP,7.0,24496.5,STOP,0.0,24504.5,-49.5,-129.5,-179.0,DOUBLE_STOP,2.0,PRICE_BE,BUY,False,ORIGINAL_STOP_BEFORE_ARM,24496.5,-49.5,-179.0,0.0,DOUBLE_STOP_NOT_RESCUED,STOP,,,
2227,2025-09-17 18:00,2025-09-17T22:00:00+00:00,WEEKDAY_WEAK,SEPTEMBER,DIAGNOSTIC_ONLY_DEGRADED_SOURCE,NQZ5,1,2,-59.0,RESOLVED,SELL,STOP,0.0,2025-09-17 22:00:00.021525167+00:00,STOP,7.0,24496.5,STOP,0.0,24504.5,-49.5,-129.5,-179.0,DOUBLE_STOP,2.0,COST_COVER_BE,BUY,False,ORIGINAL_STOP_BEFORE_ARM,24496.5,-49.5,-179.0,0.0,DOUBLE_STOP_NOT_RESCUED,STOP,,,
2227,2025-09-17 18:00,2025-09-17T22:00:00+00:00,WEEKDAY_WEAK,SEPTEMBER,DIAGNOSTIC_ONLY_DEGRADED_SOURCE,NQZ5,1,2,-59.0,RESOLVED,SELL,STOP,0.0,2025-09-17 22:00:00.021525167+00:00,STOP,7.0,24496.5,STOP,0.0,24504.5,-49.5,-129.5,-179.0,DOUBLE_STOP,3.0,PRICE_BE,BUY,False,ORIGINAL_STOP_BEFORE_ARM,24496.5,-49.5,-179.0,0.0,DOUBLE_STOP_NOT_RESCUED,STOP,,,
2227,2025-09-17 18:00,2025-09-17T22:00:00+00:00,WEEKDAY_WEAK,SEPTEMBER,DIAGNOSTIC_ONLY_DEGRADED_SOURCE,NQZ5,1,2,-59.0,RESOLVED,SELL,STOP,0.0,2025-09-17 22:00:00.021525167+00:00,STOP,7.0,24496.5,STOP,0.0,24504.5,-49.5,-129.5,-179.0,DOUBLE_STOP,3.0,COST_COVER_BE,BUY,False,ORIGINAL_STOP_BEFORE_ARM,24496.5,-49.5,-179.0,0.0,DOUBLE_STOP_NOT_RESCUED,STOP,,,
2227,2025-09-17 18:00,2025-09-17T22:00:00+00:00,WEEKDAY_WEAK,SEPTEMBER,DIAGNOSTIC_ONLY_DEGRADED_SOURCE,NQZ5,1,2,-59.0,RESOLVED,SELL,STOP,0.0,2025-09-17 22:00:00.021525167+00:00,STOP,7.0,24496.5,STOP,0.0,24504.5,-49.5,-129.5,-179.0,DOUBLE_STOP,4.0,PRICE_BE,BUY,False,ORIGINAL_STOP_BEFORE_ARM,24496.5,-49.5,-179.0,0.0,DOUBLE_STOP_NOT_RESCUED,STOP,,,
2227,2025-09-17 18:00,2025-09-17T22:00:00+00:00,WEEKDAY_WEAK,SEPTEMBER,DIAGNOSTIC_ONLY_DEGRADED_SOURCE,NQZ5,1,2,-59.0,RESOLVED,SELL,STOP,0.0,2025-09-17 22:00:00.021525167+00:00,STOP,7.0,24496.5,STOP,0.0,24504.5,-49.5,-129.5,-179.0,DOUBLE_STOP,4.0,COST_COVER_BE,BUY,False,ORIGINAL_STOP_BEFORE_ARM,24496.5,-49.5,-179.0,0.0,DOUBLE_STOP_NOT_RESCUED,STOP,,,
2227,2025-09-17 18:00,2025-09-17T22:00:00+00:00,WEEKDAY_WEAK,SEPTEMBER,DIAGNOSTIC_ONLY_DEGRADED_SOURCE,NQZ5,1,2,-59.0,RESOLVED,SELL,STOP,0.0,2025-09-17 22:00:00.021525167+00:00,STOP,7.0,24496.5,STOP,0.0,24504.5,-49.5,-129.5,-179.0,DOUBLE_STOP,5.0,PRICE_BE,BUY,False,ORIGINAL_STOP_BEFORE_ARM,24496.5,-49.5,-179.0,0.0,DOUBLE_STOP_NOT_RESCUED,STOP,,,
2227,2025-09-17 18:00,2025-09-17T22:00:00+00:00,WEEKDAY_WEAK,SEPTEMBER,DIAGNOSTIC_ONLY_DEGRADED_SOURCE,NQZ5,1,2,-59.0,RESOLVED,SELL,STOP,0.0,2025-09-17 22:00:00.021525167+00:00,STOP,7.0,24496.5,STOP,0.0,24504.5,-49.5,-129.5,-179.0,DOUBLE_STOP,5.0,COST_COVER_BE,BUY,False,ORIGINAL_STOP_BEFORE_ARM,24496.5,-49.5,-179.0,0.0,DOUBLE_STOP_NOT_RESCUED,STOP,,,
2227,2025-09-17 18:00,2025-09-17T22:00:00+00:00,WEEKDAY_WEAK,SEPTEMBER,DIAGNOSTIC_ONLY_DEGRADED_SOURCE,NQZ5,1,2,-59.0,RESOLVED,SELL,STOP,0.0,2025-09-17 22:00:00.021525167+00:00,STOP,7.0,24496.5,STOP,0.0,24504.5,-49.5,-129.5,-179.0,DOUBLE_STOP,8.0,PRICE_BE,BUY,False,ORIGINAL_STOP_BEFORE_ARM,24496.5,-49.5,-179.0,0.0,DOUBLE_STOP_NOT_RESCUED,STOP,,,
2227,2025-09-17 18:00,2025-09-17T22:00:00+00:00,WEEKDAY_WEAK,SEPTEMBER,DIAGNOSTIC_ONLY_DEGRADED_SOURCE,NQZ5,1,2,-59.0,RESOLVED,SELL,STOP,0.0,2025-09-17 22:00:00.021525167+00:00,STOP,7.0,24496.5,STOP,0.0,24504.5,-49.5,-129.5,-179.0,DOUBLE_STOP,8.0,COST_COVER_BE,BUY,False,ORIGINAL_STOP_BEFORE_ARM,24496.5,-49.5,-179.0,0.0,DOUBLE_STOP_NOT_RESCUED,STOP,,,
2227,2025-09-17 18:00,2025-09-17T22:00:00+00:00,WEEKDAY_WEAK,SEPTEMBER,DIAGNOSTIC_ONLY_DEGRADED_SOURCE,NQZ5,1,4,-59.0,RESOLVED,SELL,STOP,0.0,2025-09-17 22:00:00.021525167+00:00,STOP,7.0,24496.0,STOP,0.0,24505.0,-59.5,-139.5,-199.0,DOUBLE_STOP,0.5,PRICE_BE,BUY,False,ORIGINAL_STOP_BEFORE_ARM,24496.0,-59.5,-199.0,0.0,DOUBLE_STOP_NOT_RESCUED,STOP,,,
2227,2025-09-17 18:00,2025-09-17T22:00:00+00:00,WEEKDAY_WEAK,SEPTEMBER,DIAGNOSTIC_ONLY_DEGRADED_SOURCE,NQZ5,1,4,-59.0,RESOLVED,SELL,STOP,0.0,2025-09-17 22:00:00.021525167+00:00,STOP,7.0,24496.0,STOP,0.0,24505.0,-59.5,-139.5,-199.0,DOUBLE_STOP,0.5,COST_COVER_BE,BUY,False,ORIGINAL_STOP_BEFORE_ARM,24496.0,-59.5,-199.0,0.0,DOUBLE_STOP_NOT_RESCUED,STOP,,,
2227,2025-09-17 18:00,2025-09-17T22:00:00+00:00,WEEKDAY_WEAK,SEPTEMBER,DIAGNOSTIC_ONLY_DEGRADED_SOURCE,NQZ5,1,4,-59.0,RESOLVED,SELL,STOP,0.0,2025-09-17 22:00:00.021525167+00:00,STOP,7.0,24496.0,STOP,0.0,24505.0,-59.5,-139.5,-199.0,DOUBLE_STOP,1.0,PRICE_BE,BUY,False,ORIGINAL_STOP_BEFORE_ARM,24496.0,-59.5,-199.0,0.0,DOUBLE_STOP_NOT_RESCUED,STOP,,,
2227,2025-09-17 18:00,2025-09-17T22:00:00+00:00,WEEKDAY_WEAK,SEPTEMBER,DIAGNOSTIC_ONLY_DEGRADED_SOURCE,NQZ5,1,4,-59.0,RESOLVED,SELL,STOP,0.0,2025-09-17 22:00:00.021525167+00:00,STOP,7.0,24496.0,STOP,0.0,24505.0,-59.5,-139.5,-199.0,DOUBLE_STOP,1.0,COST_COVER_BE,BUY,False,ORIGINAL_STOP_BEFORE_ARM,24496.0,-59.5,-199.0,0.0,DOUBLE_STOP_NOT_RESCUED,STOP,,,
2227,2025-09-17 18:00,2025-09-17T22:00:00+00:00,WEEKDAY_WEAK,SEPTEMBER,DIAGNOSTIC_ONLY_DEGRADED_SOURCE,NQZ5,1,4,-59.0,RESOLVED,SELL,STOP,0.0,2025-09-17 22:00:00.021525167+00:00,STOP,7.0,24496.0,STOP,0.0,24505.0,-59.5,-139.5,-199.0,DOUBLE_STOP,2.0,PRICE_BE,BUY,False,ORIGINAL_STOP_BEFORE_ARM,24496.0,-59.5,-199.0,0.0,DOUBLE_STOP_NOT_RESCUED,STOP,,,
2227,2025-09-17 18:00,2025-09-17T22:00:00+00:00,WEEKDAY_WEAK,SEPTEMBER,DIAGNOSTIC_ONLY_DEGRADED_SOURCE,NQZ5,1,4,-59.0,RESOLVED,SELL,STOP,0.0,2025-09-17 22:00:00.021525167+00:00,STOP,7.0,24496.0,STOP,0.0,24505.0,-59.5,-139.5,-199.0,DOUBLE_STOP,2.0,COST_COVER_BE,BUY,False,ORIGINAL_STOP_BEFORE_ARM,24496.0,-59.5,-199.0,0.0,DOUBLE_STOP_NOT_RESCUED,STOP,,,
2227,2025-09-17 18:00,2025-09-17T22:00:00+00:00,WEEKDAY_WEAK,SEPTEMBER,DIAGNOSTIC_ONLY_DEGRADED_SOURCE,NQZ5,1,4,-59.0,RESOLVED,SELL,STOP,0.0,2025-09-17 22:00:00.021525167+00:00,STOP,7.0,24496.0,STOP,0.0,24505.0,-59.5,-139.5,-199.0,DOUBLE_STOP,3.0,PRICE_BE,BUY,False,ORIGINAL_STOP_BEFORE_ARM,24496.0,-59.5,-199.0,0.0,DOUBLE_STOP_NOT_RESCUED,STOP,,,
2227,2025-09-17 18:00,2025-09-17T22:00:00+00:00,WEEKDAY_WEAK,SEPTEMBER,DIAGNOSTIC_ONLY_DEGRADED_SOURCE,NQZ5,1,4,-59.0,RESOLVED,SELL,STOP,0.0,2025-09-17 22:00:00.021525167+00:00,STOP,7.0,24496.0,STOP,0.0,24505.0,-59.5,-139.5,-199.0,DOUBLE_STOP,3.0,COST_COVER_BE,BUY,False,ORIGINAL_STOP_BEFORE_ARM,24496.0,-59.5,-199.0,0.0,DOUBLE_STOP_NOT_RESCUED,STOP,,,
2227,2025-09-17 18:00,2025-09-17T22:00:00+00:00,WEEKDAY_WEAK,SEPTEMBER,DIAGNOSTIC_ONLY_DEGRADED_SOURCE,NQZ5,1,4,-59.0,RESOLVED,SELL,STOP,0.0,2025-09-17 22:00:00.021525167+00:00,STOP,7.0,24496.0,STOP,0.0,24505.0,-59.5,-139.5,-199.0,DOUBLE_STOP,4.0,PRICE_BE,BUY,False,ORIGINAL_STOP_BEFORE_ARM,24496.0,-59.5,-199.0,0.0,DOUBLE_STOP_NOT_RESCUED,STOP,,,
2227,2025-09-17 18:00,2025-09-17T22:00:00+00:00,WEEKDAY_WEAK,SEPTEMBER,DIAGNOSTIC_ONLY_DEGRADED_SOURCE,NQZ5,1,4,-59.0,RESOLVED,SELL,STOP,0.0,2025-09-17 22:00:00.021525167+00:00,STOP,7.0,24496.0,STOP,0.0,24505.0,-59.5,-139.5,-199.0,DOUBLE_STOP,4.0,COST_COVER_BE,BUY,False,ORIGINAL_STOP_BEFORE_ARM,24496.0,-59.5,-199.0,0.0,DOUBLE_STOP_NOT_RESCUED,STOP,,,
2227,2025-09-17 18:00,2025-09-17T22:00:00+00:00,WEEKDAY_WEAK,SEPTEMBER,DIAGNOSTIC_ONLY_DEGRADED_SOURCE,NQZ5,1,4,-59.0,RESOLVED,SELL,STOP,0.0,2025-09-17 22:00:00.021525167+00:00,STOP,7.0,24496.0,STOP,0.0,24505.0,-59.5,-139.5,-199.0,DOUBLE_STOP,5.0,PRICE_BE,BUY,False,ORIGINAL_STOP_BEFORE_ARM,24496.0,-59.5,-199.0,0.0,DOUBLE_STOP_NOT_RESCUED,STOP,,,
2227,2025-09-17 18:00,2025-09-17T22:00:00+00:00,WEEKDAY_WEAK,SEPTEMBER,DIAGNOSTIC_ONLY_DEGRADED_SOURCE,NQZ5,1,4,-59.0,RESOLVED,SELL,STOP,0.0,2025-09-17 22:00:00.021525167+00:00,STOP,7.0,24496.0,STOP,0.0,24505.0,-59.5,-139.5,-199.0,DOUBLE_STOP,5.0,COST_COVER_BE,BUY,False,ORIGINAL_STOP_BEFORE_ARM,24496.0,-59.5,-199.0,0.0,DOUBLE_STOP_NOT_RESCUED,STOP,,,
2227,2025-09-17 18:00,2025-09-17T22:00:00+00:00,WEEKDAY_WEAK,SEPTEMBER,DIAGNOSTIC_ONLY_DEGRADED_SOURCE,NQZ5,1,4,-59.0,RESOLVED,SELL,STOP,0.0,2025-09-17 22:00:00.021525167+00:00,STOP,7.0,24496.0,STOP,0.0,24505.0,-59.5,-139.5,-199.0,DOUBLE_STOP,8.0,PRICE_BE,BUY,False,ORIGINAL_STOP_BEFORE_ARM,24496.0,-59.5,-199.0,0.0,DOUBLE_STOP_NOT_RESCUED,STOP,,,
2227,2025-09-17 18:00,2025-09-17T22:00:00+00:00,WEEKDAY_WEAK,SEPTEMBER,DIAGNOSTIC_ONLY_DEGRADED_SOURCE,NQZ5,1,4,-59.0,RESOLVED,SELL,STOP,0.0,2025-09-17 22:00:00.021525167+00:00,STOP,7.0,24496.0,STOP,0.0,24505.0,-59.5,-139.5,-199.0,DOUBLE_STOP,8.0,COST_COVER_BE,BUY,False,ORIGINAL_STOP_BEFORE_ARM,24496.0,-59.5,-199.0,0.0,DOUBLE_STOP_NOT_RESCUED,STOP,,,
2228,2025-09-18 09:30,2025-09-18T13:30:00+00:00,NY,SEPTEMBER,VALIDATED_SOURCE,NQZ5,2,0,572.0,RESOLVED,BUY,STOP,15.0,2025-09-18 13:30:00.011009345+00:00,STOP,15.0,24679.5,STOP,25.0,24680.5,-19.0,-59.0,-78.0,DOUBLE_STOP,0.5,PRICE_BE,SELL,True,PRICE_BE,24680.0,-39.0,-58.0,20.0,DOUBLE_STOP_RESCUED,STOP,18.0,2025-09-18 13:30:00.011413775+00:00,-59.0
2228,2025-09-18 09:30,2025-09-18T13:30:00+00:00,NY,SEPTEMBER,VALIDATED_SOURCE,NQZ5,2,0,572.0,RESOLVED,BUY,STOP,15.0,2025-09-18 13:30:00.011009345+00:00,STOP,15.0,24679.5,STOP,25.0,24680.5,-19.0,-59.0,-78.0,DOUBLE_STOP,0.5,COST_COVER_BE,SELL,True,COST_COVER_BE,24680.0,-39.0,-58.0,20.0,DOUBLE_STOP_RESCUED,STOP,18.0,2025-09-18 13:30:00.011413775+00:00,-59.0
2228,2025-09-18 09:30,2025-09-18T13:30:00+00:00,NY,SEPTEMBER,VALIDATED_SOURCE,NQZ5,2,0,572.0,RESOLVED,BUY,STOP,15.0,2025-09-18 13:30:00.011009345+00:00,STOP,15.0,24679.5,STOP,25.0,24680.5,-19.0,-59.0,-78.0,DOUBLE_STOP,1.0,PRICE_BE,SELL,False,ORIGINAL_STOP_BEFORE_ARM,24680.5,-59.0,-78.0,0.0,DOUBLE_STOP_NOT_RESCUED,STOP,,,
2228,2025-09-18 09:30,2025-09-18T13:30:00+00:00,NY,SEPTEMBER,VALIDATED_SOURCE,NQZ5,2,0,572.0,RESOLVED,BUY,STOP,15.0,2025-09-18 13:30:00.011009345+00:00,STOP,15.0,24679.5,STOP,25.0,24680.5,-19.0,-59.0,-78.0,DOUBLE_STOP,1.0,COST_COVER_BE,SELL,False,ORIGINAL_STOP_BEFORE_ARM,24680.5,-59.0,-78.0,0.0,DOUBLE_STOP_NOT_RESCUED,STOP,,,
2228,2025-09-18 09:30,2025-09-18T13:30:00+00:00,NY,SEPTEMBER,VALIDATED_SOURCE,NQZ5,2,0,572.0,RESOLVED,BUY,STOP,15.0,2025-09-18 13:30:00.011009345+00:00,STOP,15.0,24679.5,STOP,25.0,24680.5,-19.0,-59.0,-78.0,DOUBLE_STOP,2.0,PRICE_BE,SELL,False,ORIGINAL_STOP_BEFORE_ARM,24680.5,-59.0,-78.0,0.0,DOUBLE_STOP_NOT_RESCUED,STOP,,,
2228,2025-09-18 09:30,2025-09-18T13:30:00+00:00,NY,SEPTEMBER,VALIDATED_SOURCE,NQZ5,2,0,572.0,RESOLVED,BUY,STOP,15.0,2025-09-18 13:30:00.011009345+00:00,STOP,15.0,24679.5,STOP,25.0,24680.5,-19.0,-59.0,-78.0,DOUBLE_STOP,2.0,COST_COVER_BE,SELL,False,ORIGINAL_STOP_BEFORE_ARM,24680.5,-59.0,-78.0,0.0,DOUBLE_STOP_NOT_RESCUED,STOP,,,
2228,2025-09-18 09:30,2025-09-18T13:30:00+00:00,NY,SEPTEMBER,VALIDATED_SOURCE,NQZ5,2,0,572.0,RESOLVED,BUY,STOP,15.0,2025-09-18 13:30:00.011009345+00:00,STOP,15.0,24679.5,STOP,25.0,24680.5,-19.0,-59.0,-78.0,DOUBLE_STOP,3.0,PRICE_BE,SELL,False,ORIGINAL_STOP_BEFORE_ARM,24680.5,-59.0,-78.0,0.0,DOUBLE_STOP_NOT_RESCUED,STOP,,,
2228,2025-09-18 09:30,2025-09-18T13:30:00+00:00,NY,SEPTEMBER,VALIDATED_SOURCE,NQZ5,2,0,572.0,RESOLVED,BUY,STOP,15.0,2025-09-18 13:30:00.011009345+00:00,STOP,15.0,24679.5,STOP,25.0,24680.5,-19.0,-59.0,-78.0,DOUBLE_STOP,3.0,COST_COVER_BE,SELL,False,ORIGINAL_STOP_BEFORE_ARM,24680.5,-59.0,-78.0,0.0,DOUBLE_STOP_NOT_RESCUED,STOP,,,
2228,2025-09-18 09:30,2025-09-18T13:30:00+00:00,NY,SEPTEMBER,VALIDATED_SOURCE,NQZ5,2,0,572.0,RESOLVED,BUY,STOP,15.0,2025-09-18 13:30:00.011009345+00:00,STOP,15.0,24679.5,STOP,25.0,24680.5,-19.0,-59.0,-78.0,DOUBLE_STOP,4.0,PRICE_BE,SELL,False,ORIGINAL_STOP_BEFORE_ARM,24680.5,-59.0,-78.0,0.0,DOUBLE_STOP_NOT_RESCUED,STOP,,,
2228,2025-09-18 09:30,2025-09-18T13:30:00+00:00,NY,SEPTEMBER,VALIDATED_SOURCE,NQZ5,2,0,572.0,RESOLVED,BUY,STOP,15.0,2025-09-18 13:30:00.011009345+00:00,STOP,15.0,24679.5,STOP,25.0,24680.5,-19.0,-59.0,-78.0,DOUBLE_STOP,4.0,COST_COVER_BE,SELL,False,ORIGINAL_STOP_BEFORE_ARM,24680.5,-59.0,-78.0,0.0,DOUBLE_STOP_NOT_RESCUED,STOP,,,
2228,2025-09-18 09:30,2025-09-18T13:30:00+00:00,NY,SEPTEMBER,VALIDATED_SOURCE,NQZ5,2,0,572.0,RESOLVED,BUY,STOP,15.0,2025-09-18 13:30:00.011009345+00:00,STOP,15.0,24679.5,STOP,25.0,24680.5,-19.0,-59.0,-78.0,DOUBLE_STOP,5.0,PRICE_BE,SELL,False,ORIGINAL_STOP_BEFORE_ARM,24680.5,-59.0,-78.0,0.0,DOUBLE_STOP_NOT_RESCUED,STOP,,,
2228,2025-09-18 09:30,2025-09-18T13:30:00+00:00,NY,SEPTEMBER,VALIDATED_SOURCE,NQZ5,2,0,572.0,RESOLVED,BUY,STOP,15.0,2025-09-18 13:30:00.011009345+00:00,STOP,15.0,24679.5,STOP,25.0,24680.5,-19.0,-59.0,-78.0,DOUBLE_STOP,5.0,COST_COVER_BE,SELL,False,ORIGINAL_STOP_BEFORE_ARM,24680.5,-59.0,-78.0,0.0,DOUBLE_STOP_NOT_RESCUED,STOP,,,
2228,2025-09-18 09:30,2025-09-18T13:30:00+00:00,NY,SEPTEMBER,VALIDATED_SOURCE,NQZ5,2,0,572.0,RESOLVED,BUY,STOP,15.0,2025-09-18 13:30:00.011009345+00:00,STOP,15.0,24679.5,STOP,25.0,24680.5,-19.0,-59.0,-78.0,DOUBLE_STOP,8.0,PRICE_BE,SELL,False,ORIGINAL_STOP_BEFORE_ARM,24680.5,-59.0,-78.0,0.0,DOUBLE_STOP_NOT_RESCUED,STOP,,,
2228,2025-09-18 09:30,2025-09-18T13:30:00+00:00,NY,SEPTEMBER,VALIDATED_SOURCE,NQZ5,2,0,572.0,RESOLVED,BUY,STOP,15.0,2025-09-18 13:30:00.011009345+00:00,STOP,15.0,24679.5,STOP,25.0,24680.5,-19.0,-59.0,-78.0,DOUBLE_STOP,8.0,COST_COVER_BE,SELL,False,ORIGINAL_STOP_BEFORE_ARM,24680.5,-59.0,-78.0,0.0,DOUBLE_STOP_NOT_RESCUED,STOP,,,
2228,2025-09-18 09:30,2025-09-18T13:30:00+00:00,NY,SEPTEMBER,VALIDATED_SOURCE,NQZ5,2,1,572.0,RESOLVED,BUY,STOP,15.0,2025-09-18 13:30:00.011009345+00:00,STOP,15.0,24679.25,STOP,25.0,24680.75,-29.0,-69.0,-98.0,DOUBLE_STOP,0.5,PRICE_BE,SELL,True,PRICE_BE,24680.25,-49.0,-78.0,20.0,DOUBLE_STOP_RESCUED,STOP,18.0,2025-09-18 13:30:00.011413775+00:00,-69.0
2228,2025-09-18 09:30,2025-09-18T13:30:00+00:00,NY,SEPTEMBER,VALIDATED_SOURCE,NQZ5,2,1,572.0,RESOLVED,BUY,STOP,15.0,2025-09-18 13:30:00.011009345+00:00,STOP,15.0,24679.25,STOP,25.0,24680.75,-29.0,-69.0,-98.0,DOUBLE_STOP,0.5,COST_COVER_BE,SELL,True,COST_COVER_BE,24680.25,-49.0,-78.0,20.0,DOUBLE_STOP_RESCUED,STOP,18.0,2025-09-18 13:30:00.011413775+00:00,-69.0
2228,2025-09-18 09:30,2025-09-18T13:30:00+00:00,NY,SEPTEMBER,VALIDATED_SOURCE,NQZ5,2,1,572.0,RESOLVED,BUY,STOP,15.0,2025-09-18 13:30:00.011009345+00:00,STOP,15.0,24679.25,STOP,25.0,24680.75,-29.0,-69.0,-98.0,DOUBLE_STOP,1.0,PRICE_BE,SELL,False,ORIGINAL_STOP_BEFORE_ARM,24680.75,-69.0,-98.0,0.0,DOUBLE_STOP_NOT_RESCUED,STOP,,,
2228,2025-09-18 09:30,2025-09-18T13:30:00+00:00,NY,SEPTEMBER,VALIDATED_SOURCE,NQZ5,2,1,572.0,RESOLVED,BUY,STOP,15.0,2025-09-18 13:30:00.011009345+00:00,STOP,15.0,24679.25,STOP,25.0,24680.75,-29.0,-69.0,-98.0,DOUBLE_STOP,1.0,COST_COVER_BE,SELL,False,ORIGINAL_STOP_BEFORE_ARM,24680.75,-69.0,-98.0,0.0,DOUBLE_STOP_NOT_RESCUED,STOP,,,
2228,2025-09-18 09:30,2025-09-18T13:30:00+00:00,NY,SEPTEMBER,VALIDATED_SOURCE,NQZ5,2,1,572.0,RESOLVED,BUY,STOP,15.0,2025-09-18 13:30:00.011009345+00:00,STOP,15.0,24679.25,STOP,25.0,24680.75,-29.0,-69.0,-98.0,DOUBLE_STOP,2.0,PRICE_BE,SELL,False,ORIGINAL_STOP_BEFORE_ARM,24680.75,-69.0,-98.0,0.0,DOUBLE_STOP_NOT_RESCUED,STOP,,,
2228,2025-09-18 09:30,2025-09-18T13:30:00+00:00,NY,SEPTEMBER,VALIDATED_SOURCE,NQZ5,2,1,572.0,RESOLVED,BUY,STOP,15.0,2025-09-18 13:30:00.011009345+00:00,STOP,15.0,24679.25,STOP,25.0,24680.75,-29.0,-69.0,-98.0,DOUBLE_STOP,2.0,COST_COVER_BE,SELL,False,ORIGINAL_STOP_BEFORE_ARM,24680.75,-69.0,-98.0,0.0,DOUBLE_STOP_NOT_RESCUED,STOP,,,
2228,2025-09-18 09:30,2025-09-18T13:30:00+00:00,NY,SEPTEMBER,VALIDATED_SOURCE,NQZ5,2,1,572.0,RESOLVED,BUY,STOP,15.0,2025-09-18 13:30:00.011009345+00:00,STOP,15.0,24679.25,STOP,25.0,24680.75,-29.0,-69.0,-98.0,DOUBLE_STOP,3.0,PRICE_BE,SELL,False,ORIGINAL_STOP_BEFORE_ARM,24680.75,-69.0,-98.0,0.0,DOUBLE_STOP_NOT_RESCUED,STOP,,,
2228,2025-09-18 09:30,2025-09-18T13:30:00+00:00,NY,SEPTEMBER,VALIDATED_SOURCE,NQZ5,2,1,572.0,RESOLVED,BUY,STOP,15.0,2025-09-18 13:30:00.011009345+00:00,STOP,15.0,24679.25,STOP,25.0,24680.75,-29.0,-69.0,-98.0,DOUBLE_STOP,3.0,COST_COVER_BE,SELL,False,ORIGINAL_STOP_BEFORE_ARM,24680.75,-69.0,-98.0,0.0,DOUBLE_STOP_NOT_RESCUED,STOP,,,
2228,2025-09-18 09:30,2025-09-18T13:30:00+00:00,NY,SEPTEMBER,VALIDATED_SOURCE,NQZ5,2,1,572.0,RESOLVED,BUY,STOP,15.0,2025-09-18 13:30:00.011009345+00:00,STOP,15.0,24679.25,STOP,25.0,24680.75,-29.0,-69.0,-98.0,DOUBLE_STOP,4.0,PRICE_BE,SELL,False,ORIGINAL_STOP_BEFORE_ARM,24680.75,-69.0,-98.0,0.0,DOUBLE_STOP_NOT_RESCUED,STOP,,,
2228,2025-09-18 09:30,2025-09-18T13:30:00+00:00,NY,SEPTEMBER,VALIDATED_SOURCE,NQZ5,2,1,572.0,RESOLVED,BUY,STOP,15.0,2025-09-18 13:30:00.011009345+00:00,STOP,15.0,24679.25,STOP,25.0,24680.75,-29.0,-69.0,-98.0,DOUBLE_STOP,4.0,COST_COVER_BE,SELL,False,ORIGINAL_STOP_BEFORE_ARM,24680.75,-69.0,-98.0,0.0,DOUBLE_STOP_NOT_RESCUED,STOP,,,
2228,2025-09-18 09:30,2025-09-18T13:30:00+00:00,NY,SEPTEMBER,VALIDATED_SOURCE,NQZ5,2,1,572.0,RESOLVED,BUY,STOP,15.0,2025-09-18 13:30:00.011009345+00:00,STOP,15.0,24679.25,STOP,25.0,24680.75,-29.0,-69.0,-98.0,DOUBLE_STOP,5.0,PRICE_BE,SELL,False,ORIGINAL_STOP_BEFORE_ARM,24680.75,-69.0,-98.0,0.0,DOUBLE_STOP_NOT_RESCUED,STOP,,,
2228,2025-09-18 09:30,2025-09-18T13:30:00+00:00,NY,SEPTEMBER,VALIDATED_SOURCE,NQZ5,2,1,572.0,RESOLVED,BUY,STOP,15.0,2025-09-18 13:30:00.011009345+00:00,STOP,15.0,24679.25,STOP,25.0,24680.75,-29.0,-69.0,-98.0,DOUBLE_STOP,5.0,COST_COVER_BE,SELL,False,ORIGINAL_STOP_BEFORE_ARM,24680.75,-69.0,-98.0,0.0,DOUBLE_STOP_NOT_RESCUED,STOP,,,
2228,2025-09-18 09:30,2025-09-18T13:30:00+00:00,NY,SEPTEMBER,VALIDATED_SOURCE,NQZ5,2,1,572.0,RESOLVED,BUY,STOP,15.0,2025-09-18 13:30:00.011009345+00:00,STOP,15.0,24679.25,STOP,25.0,24680.75,-29.0,-69.0,-98.0,DOUBLE_STOP,8.0,PRICE_BE,SELL,False,ORIGINAL_STOP_BEFORE_ARM,24680.75,-69.0,-98.0,0.0,DOUBLE_STOP_NOT_RESCUED,STOP,,,
2228,2025-09-18 09:30,2025-09-18T13:30:00+00:00,NY,SEPTEMBER,VALIDATED_SOURCE,NQZ5,2,1,572.0,RESOLVED,BUY,STOP,15.0,2025-09-18 13:30:00.011009345+00:00,STOP,15.0,24679.25,STOP,25.0,24680.75,-29.0,-69.0,-98.0,DOUBLE_STOP,8.0,COST_COVER_BE,SELL,False,ORIGINAL_STOP_BEFORE_ARM,24680.75,-69.0,-98.0,0.0,DOUBLE_STOP_NOT_RESCUED,STOP,,,
2228,2025-09-18 09:30,2025-09-18T13:30:00+00:00,NY,SEPTEMBER,VALIDATED_SOURCE,NQZ5,2,2,572.0,RESOLVED,BUY,STOP,15.0,2025-09-18 13:30:00.011009345+00:00,STOP,15.0,24679.0,STOP,25.0,24681.0,-39.0,-79.0,-118.0,DOUBLE_STOP,0.5,PRICE_BE,SELL,True,PRICE_BE,24680.5,-59.0,-98.0,20.0,DOUBLE_STOP_RESCUED,STOP,18.0,2025-09-18 13:30:00.011413775+00:00,-79.0
2228,2025-09-18 09:30,2025-09-18T13:30:00+00:00,NY,SEPTEMBER,VALIDATED_SOURCE,NQZ5,2,2,572.0,RESOLVED,BUY,STOP,15.0,2025-09-18 13:30:00.011009345+00:00,STOP,15.0,24679.0,STOP,25.0,24681.0,-39.0,-79.0,-118.0,DOUBLE_STOP,0.5,COST_COVER_BE,SELL,True,COST_COVER_BE,24680.5,-59.0,-98.0,20.0,DOUBLE_STOP_RESCUED,STOP,18.0,2025-09-18 13:30:00.011413775+00:00,-79.0
2228,2025-09-18 09:30,2025-09-18T13:30:00+00:00,NY,SEPTEMBER,VALIDATED_SOURCE,NQZ5,2,2,572.0,RESOLVED,BUY,STOP,15.0,2025-09-18 13:30:00.011009345+00:00,STOP,15.0,24679.0,STOP,25.0,24681.0,-39.0,-79.0,-118.0,DOUBLE_STOP,1.0,PRICE_BE,SELL,False,ORIGINAL_STOP_BEFORE_ARM,24681.0,-79.0,-118.0,0.0,DOUBLE_STOP_NOT_RESCUED,STOP,,,
2228,2025-09-18 09:30,2025-09-18T13:30:00+00:00,NY,SEPTEMBER,VALIDATED_SOURCE,NQZ5,2,2,572.0,RESOLVED,BUY,STOP,15.0,2025-09-18 13:30:00.011009345+00:00,STOP,15.0,24679.0,STOP,25.0,24681.0,-39.0,-79.0,-118.0,DOUBLE_STOP,1.0,COST_COVER_BE,SELL,False,ORIGINAL_STOP_BEFORE_ARM,24681.0,-79.0,-118.0,0.0,DOUBLE_STOP_NOT_RESCUED,STOP,,,
2228,2025-09-18 09:30,2025-09-18T13:30:00+00:00,NY,SEPTEMBER,VALIDATED_SOURCE,NQZ5,2,2,572.0,RESOLVED,BUY,STOP,15.0,2025-09-18 13:30:00.011009345+00:00,STOP,15.0,24679.0,STOP,25.0,24681.0,-39.0,-79.0,-118.0,DOUBLE_STOP,2.0,PRICE_BE,SELL,False,ORIGINAL_STOP_BEFORE_ARM,24681.0,-79.0,-118.0,0.0,DOUBLE_STOP_NOT_RESCUED,STOP,,,
2228,2025-09-18 09:30,2025-09-18T13:30:00+00:00,NY,SEPTEMBER,VALIDATED_SOURCE,NQZ5,2,2,572.0,RESOLVED,BUY,STOP,15.0,2025-09-18 13:30:00.011009345+00:00,STOP,15.0,24679.0,STOP,25.0,24681.0,-39.0,-79.0,-118.0,DOUBLE_STOP,2.0,COST_COVER_BE,SELL,False,ORIGINAL_STOP_BEFORE_ARM,24681.0,-79.0,-118.0,0.0,DOUBLE_STOP_NOT_RESCUED,STOP,,,
2228,2025-09-18 09:30,2025-09-18T13:30:00+00:00,NY,SEPTEMBER,VALIDATED_SOURCE,NQZ5,2,2,572.0,RESOLVED,BUY,STOP,15.0,2025-09-18 13:30:00.011009345+00:00,STOP,15.0,24679.0,STOP,25.0,24681.0,-39.0,-79.0,-118.0,DOUBLE_STOP,3.0,PRICE_BE,SELL,False,ORIGINAL_STOP_BEFORE_ARM,24681.0,-79.0,-118.0,0.0,DOUBLE_STOP_NOT_RESCUED,STOP,,,
2228,2025-09-18 09:30,2025-09-18T13:30:00+00:00,NY,SEPTEMBER,VALIDATED_SOURCE,NQZ5,2,2,572.0,RESOLVED,BUY,STOP,15.0,2025-09-18 13:30:00.011009345+00:00,STOP,15.0,24679.0,STOP,25.0,24681.0,-39.0,-79.0,-118.0,DOUBLE_STOP,3.0,COST_COVER_BE,SELL,False,ORIGINAL_STOP_BEFORE_ARM,24681.0,-79.0,-118.0,0.0,DOUBLE_STOP_NOT_RESCUED,STOP,,,
2228,2025-09-18 09:30,2025-09-18T13:30:00+00:00,NY,SEPTEMBER,VALIDATED_SOURCE,NQZ5,2,2,572.0,RESOLVED,BUY,STOP,15.0,2025-09-18 13:30:00.011009345+00:00,STOP,15.0,24679.0,STOP,25.0,24681.0,-39.0,-79.0,-118.0,DOUBLE_STOP,4.0,PRICE_BE,SELL,False,ORIGINAL_STOP_BEFORE_ARM,24681.0,-79.0,-118.0,0.0,DOUBLE_STOP_NOT_RESCUED,STOP,,,
2228,2025-09-18 09:30,2025-09-18T13:30:00+00:00,NY,SEPTEMBER,VALIDATED_SOURCE,NQZ5,2,2,572.0,RESOLVED,BUY,STOP,15.0,2025-09-18 13:30:00.011009345+00:00,STOP,15.0,24679.0,STOP,25.0,24681.0,-39.0,-79.0,-118.0,DOUBLE_STOP,4.0,COST_COVER_BE,SELL,False,ORIGINAL_STOP_BEFORE_ARM,24681.0,-79.0,-118.0,0.0,DOUBLE_STOP_NOT_RESCUED,STOP,,,
2228,2025-09-18 09:30,2025-09-18T13:30:00+00:00,NY,SEPTEMBER,VALIDATED_SOURCE,NQZ5,2,2,572.0,RESOLVED,BUY,STOP,15.0,2025-09-18 13:30:00.011009345+00:00,STOP,15.0,24679.0,STOP,25.0,24681.0,-39.0,-79.0,-118.0,DOUBLE_STOP,5.0,PRICE_BE,SELL,False,ORIGINAL_STOP_BEFORE_ARM,24681.0,-79.0,-118.0,0.0,DOUBLE_STOP_NOT_RESCUED,STOP,,,
2228,2025-09-18 09:30,2025-09-18T13:30:00+00:00,NY,SEPTEMBER,VALIDATED_SOURCE,NQZ5,2,2,572.0,RESOLVED,BUY,STOP,15.0,2025-09-18 13:30:00.011009345+00:00,STOP,15.0,24679.0,STOP,25.0,24681.0,-39.0,-79.0,-118.0,DOUBLE_STOP,5.0,COST_COVER_BE,SELL,False,ORIGINAL_STOP_BEFORE_ARM,24681.0,-79.0,-118.0,0.0,DOUBLE_STOP_NOT_RESCUED,STOP,,,
2228,2025-09-18 09:30,2025-09-18T13:30:00+00:00,NY,SEPTEMBER,VALIDATED_SOURCE,NQZ5,2,2,572.0,RESOLVED,BUY,STOP,15.0,2025-09-18 13:30:00.011009345+00:00,STOP,15.0,24679.0,STOP,25.0,24681.0,-39.0,-79.0,-118.0,DOUBLE_STOP,8.0,PRICE_BE,SELL,False,ORIGINAL_STOP_BEFORE_ARM,24681.0,-79.0,-118.0,0.0,DOUBLE_STOP_NOT_RESCUED,STOP,,,
2228,2025-09-18 09:30,2025-09-18T13:30:00+00:00,NY,SEPTEMBER,VALIDATED_SOURCE,NQZ5,2,2,572.0,RESOLVED,BUY,STOP,15.0,2025-09-18 13:30:00.011009345+00:00,STOP,15.0,24679.0,STOP,25.0,24681.0,-39.0,-79.0,-118.0,DOUBLE_STOP,8.0,COST_COVER_BE,SELL,False,ORIGINAL_STOP_BEFORE_ARM,24681.0,-79.0,-118.0,0.0,DOUBLE_STOP_NOT_RESCUED,STOP,,,
2228,2025-09-18 09:30,2025-09-18T13:30:00+00:00,NY,SEPTEMBER,VALIDATED_SOURCE,NQZ5,2,4,572.0,RESOLVED,BUY,STOP,15.0,2025-09-18 13:30:00.011009345+00:00,STOP,15.0,24678.5,STOP,25.0,24681.5,-59.0,-99.0,-158.0,DOUBLE_STOP,0.5,PRICE_BE,SELL,True,PRICE_BE,24681.0,-79.0,-138.0,20.0,DOUBLE_STOP_RESCUED,STOP,18.0,2025-09-18 13:30:00.011413775+00:00,-99.0
2228,2025-09-18 09:30,2025-09-18T13:30:00+00:00,NY,SEPTEMBER,VALIDATED_SOURCE,NQZ5,2,4,572.0,RESOLVED,BUY,STOP,15.0,2025-09-18 13:30:00.011009345+00:00,STOP,15.0,24678.5,STOP,25.0,24681.5,-59.0,-99.0,-158.0,DOUBLE_STOP,0.5,COST_COVER_BE,SELL,True,COST_COVER_BE,24681.0,-79.0,-138.0,20.0,DOUBLE_STOP_RESCUED,STOP,18.0,2025-09-18 13:30:00.011413775+00:00,-99.0
2228,2025-09-18 09:30,2025-09-18T13:30:00+00:00,NY,SEPTEMBER,VALIDATED_SOURCE,NQZ5,2,4,572.0,RESOLVED,BUY,STOP,15.0,2025-09-18 13:30:00.011009345+00:00,STOP,15.0,24678.5,STOP,25.0,24681.5,-59.0,-99.0,-158.0,DOUBLE_STOP,1.0,PRICE_BE,SELL,False,ORIGINAL_STOP_BEFORE_ARM,24681.5,-99.0,-158.0,0.0,DOUBLE_STOP_NOT_RESCUED,STOP,,,
2228,2025-09-18 09:30,2025-09-18T13:30:00+00:00,NY,SEPTEMBER,VALIDATED_SOURCE,NQZ5,2,4,572.0,RESOLVED,BUY,STOP,15.0,2025-09-18 13:30:00.011009345+00:00,STOP,15.0,24678.5,STOP,25.0,24681.5,-59.0,-99.0,-158.0,DOUBLE_STOP,1.0,COST_COVER_BE,SELL,False,ORIGINAL_STOP_BEFORE_ARM,24681.5,-99.0,-158.0,0.0,DOUBLE_STOP_NOT_RESCUED,STOP,,,
2228,2025-09-18 09:30,2025-09-18T13:30:00+00:00,NY,SEPTEMBER,VALIDATED_SOURCE,NQZ5,2,4,572.0,RESOLVED,BUY,STOP,15.0,2025-09-18 13:30:00.011009345+00:00,STOP,15.0,24678.5,STOP,25.0,24681.5,-59.0,-99.0,-158.0,DOUBLE_STOP,2.0,PRICE_BE,SELL,False,ORIGINAL_STOP_BEFORE_ARM,24681.5,-99.0,-158.0,0.0,DOUBLE_STOP_NOT_RESCUED,STOP,,,
2228,2025-09-18 09:30,2025-09-18T13:30:00+00:00,NY,SEPTEMBER,VALIDATED_SOURCE,NQZ5,2,4,572.0,RESOLVED,BUY,STOP,15.0,2025-09-18 13:30:00.011009345+00:00,STOP,15.0,24678.5,STOP,25.0,24681.5,-59.0,-99.0,-158.0,DOUBLE_STOP,2.0,COST_COVER_BE,SELL,False,ORIGINAL_STOP_BEFORE_ARM,24681.5,-99.0,-158.0,0.0,DOUBLE_STOP_NOT_RESCUED,STOP,,,
2228,2025-09-18 09:30,2025-09-18T13:30:00+00:00,NY,SEPTEMBER,VALIDATED_SOURCE,NQZ5,2,4,572.0,RESOLVED,BUY,STOP,15.0,2025-09-18 13:30:00.011009345+00:00,STOP,15.0,24678.5,STOP,25.0,24681.5,-59.0,-99.0,-158.0,DOUBLE_STOP,3.0,PRICE_BE,SELL,False,ORIGINAL_STOP_BEFORE_ARM,24681.5,-99.0,-158.0,0.0,DOUBLE_STOP_NOT_RESCUED,STOP,,,
2228,2025-09-18 09:30,2025-09-18T13:30:00+00:00,NY,SEPTEMBER,VALIDATED_SOURCE,NQZ5,2,4,572.0,RESOLVED,BUY,STOP,15.0,2025-09-18 13:30:00.011009345+00:00,STOP,15.0,24678.5,STOP,25.0,24681.5,-59.0,-99.0,-158.0,DOUBLE_STOP,3.0,COST_COVER_BE,SELL,False,ORIGINAL_STOP_BEFORE_ARM,24681.5,-99.0,-158.0,0.0,DOUBLE_STOP_NOT_RESCUED,STOP,,,
2228,2025-09-18 09:30,2025-09-18T13:30:00+00:00,NY,SEPTEMBER,VALIDATED_SOURCE,NQZ5,2,4,572.0,RESOLVED,BUY,STOP,15.0,2025-09-18 13:30:00.011009345+00:00,STOP,15.0,24678.5,STOP,25.0,24681.5,-59.0,-99.0,-158.0,DOUBLE_STOP,4.0,PRICE_BE,SELL,False,ORIGINAL_STOP_BEFORE_ARM,24681.5,-99.0,-158.0,0.0,DOUBLE_STOP_NOT_RESCUED,STOP,,,
2228,2025-09-18 09:30,2025-09-18T13:30:00+00:00,NY,SEPTEMBER,VALIDATED_SOURCE,NQZ5,2,4,572.0,RESOLVED,BUY,STOP,15.0,2025-09-18 13:30:00.011009345+00:00,STOP,15.0,24678.5,STOP,25.0,24681.5,-59.0,-99.0,-158.0,DOUBLE_STOP,4.0,COST_COVER_BE,SELL,False,ORIGINAL_STOP_BEFORE_ARM,24681.5,-99.0,-158.0,0.0,DOUBLE_STOP_NOT_RESCUED,STOP,,,
2228,2025-09-18 09:30,2025-09-18T13:30:00+00:00,NY,SEPTEMBER,VALIDATED_SOURCE,NQZ5,2,4,572.0,RESOLVED,BUY,STOP,15.0,2025-09-18 13:30:00.011009345+00:00,STOP,15.0,24678.5,STOP,25.0,24681.5,-59.0,-99.0,-158.0,DOUBLE_STOP,5.0,PRICE_BE,SELL,False,ORIGINAL_STOP_BEFORE_ARM,24681.5,-99.0,-158.0,0.0,DOUBLE_STOP_NOT_RESCUED,STOP,,,
2228,2025-09-18 09:30,2025-09-18T13:30:00+00:00,NY,SEPTEMBER,VALIDATED_SOURCE,NQZ5,2,4,572.0,RESOLVED,BUY,STOP,15.0,2025-09-18 13:30:00.011009345+00:00,STOP,15.0,24678.5,STOP,25.0,24681.5,-59.0,-99.0,-158.0,DOUBLE_STOP,5.0,COST_COVER_BE,SELL,False,ORIGINAL_STOP_BEFORE_ARM,24681.5,-99.0,-158.0,0.0,DOUBLE_STOP_NOT_RESCUED,STOP,,,
2228,2025-09-18 09:30,2025-09-18T13:30:00+00:00,NY,SEPTEMBER,VALIDATED_SOURCE,NQZ5,2,4,572.0,RESOLVED,BUY,STOP,15.0,2025-09-18 13:30:00.011009345+00:00,STOP,15.0,24678.5,STOP,25.0,24681.5,-59.0,-99.0,-158.0,DOUBLE_STOP,8.0,PRICE_BE,SELL,False,ORIGINAL_STOP_BEFORE_ARM,24681.5,-99.0,-158.0,0.0,DOUBLE_STOP_NOT_RESCUED,STOP,,,
2228,2025-09-18 09:30,2025-09-18T13:30:00+00:00,NY,SEPTEMBER,VALIDATED_SOURCE,NQZ5,2,4,572.0,RESOLVED,BUY,STOP,15.0,2025-09-18 13:30:00.011009345+00:00,STOP,15.0,24678.5,STOP,25.0,24681.5,-59.0,-99.0,-158.0,DOUBLE_STOP,8.0,COST_COVER_BE,SELL,False,ORIGINAL_STOP_BEFORE_ARM,24681.5,-99.0,-158.0,0.0,DOUBLE_STOP_NOT_RESCUED,STOP,,,
2229,2025-09-19 09:30,2025-09-19T13:30:00+00:00,NY,SEPTEMBER,VALIDATED_SOURCE,NQZ5,2,0,-118.0,RESOLVED,SELL,STOP,0.0,2025-09-19 13:30:00.001511483+00:00,STOP,15.0,24767.75,STOP,0.0,24768.5,-19.0,-49.0,-68.0,DOUBLE_STOP,0.5,PRICE_BE,BUY,True,PRICE_BE,24768.0,-9.0,-58.0,10.0,DOUBLE_STOP_RESCUED,STOP,12.0,2025-09-19 13:30:00.008145437+00:00,-19.0
2229,2025-09-19 09:30,2025-09-19T13:30:00+00:00,NY,SEPTEMBER,VALIDATED_SOURCE,NQZ5,2,0,-118.0,RESOLVED,SELL,STOP,0.0,2025-09-19 13:30:00.001511483+00:00,STOP,15.0,24767.75,STOP,0.0,24768.5,-19.0,-49.0,-68.0,DOUBLE_STOP,0.5,COST_COVER_BE,BUY,True,COST_COVER_BE,24768.5,11.0,-38.0,30.0,DOUBLE_STOP_RESCUED,STOP,12.0,2025-09-19 13:30:00.008145437+00:00,-19.0
2229,2025-09-19 09:30,2025-09-19T13:30:00+00:00,NY,SEPTEMBER,VALIDATED_SOURCE,NQZ5,2,0,-118.0,RESOLVED,SELL,STOP,0.0,2025-09-19 13:30:00.001511483+00:00,STOP,15.0,24767.75,STOP,0.0,24768.5,-19.0,-49.0,-68.0,DOUBLE_STOP,1.0,PRICE_BE,BUY,False,ORIGINAL_STOP_BEFORE_ARM,24767.75,-19.0,-68.0,0.0,DOUBLE_STOP_NOT_RESCUED,STOP,,,
2229,2025-09-19 09:30,2025-09-19T13:30:00+00:00,NY,SEPTEMBER,VALIDATED_SOURCE,NQZ5,2,0,-118.0,RESOLVED,SELL,STOP,0.0,2025-09-19 13:30:00.001511483+00:00,STOP,15.0,24767.75,STOP,0.0,24768.5,-19.0,-49.0,-68.0,DOUBLE_STOP,1.0,COST_COVER_BE,BUY,False,ORIGINAL_STOP_BEFORE_ARM,24767.75,-19.0,-68.0,0.0,DOUBLE_STOP_NOT_RESCUED,STOP,,,
2229,2025-09-19 09:30,2025-09-19T13:30:00+00:00,NY,SEPTEMBER,VALIDATED_SOURCE,NQZ5,2,0,-118.0,RESOLVED,SELL,STOP,0.0,2025-09-19 13:30:00.001511483+00:00,STOP,15.0,24767.75,STOP,0.0,24768.5,-19.0,-49.0,-68.0,DOUBLE_STOP,2.0,PRICE_BE,BUY,False,ORIGINAL_STOP_BEFORE_ARM,24767.75,-19.0,-68.0,0.0,DOUBLE_STOP_NOT_RESCUED,STOP,,,
2229,2025-09-19 09:30,2025-09-19T13:30:00+00:00,NY,SEPTEMBER,VALIDATED_SOURCE,NQZ5,2,0,-118.0,RESOLVED,SELL,STOP,0.0,2025-09-19 13:30:00.001511483+00:00,STOP,15.0,24767.75,STOP,0.0,24768.5,-19.0,-49.0,-68.0,DOUBLE_STOP,2.0,COST_COVER_BE,BUY,False,ORIGINAL_STOP_BEFORE_ARM,24767.75,-19.0,-68.0,0.0,DOUBLE_STOP_NOT_RESCUED,STOP,,,
2229,2025-09-19 09:30,2025-09-19T13:30:00+00:00,NY,SEPTEMBER,VALIDATED_SOURCE,NQZ5,2,0,-118.0,RESOLVED,SELL,STOP,0.0,2025-09-19 13:30:00.001511483+00:00,STOP,15.0,24767.75,STOP,0.0,24768.5,-19.0,-49.0,-68.0,DOUBLE_STOP,3.0,PRICE_BE,BUY,False,ORIGINAL_STOP_BEFORE_ARM,24767.75,-19.0,-68.0,0.0,DOUBLE_STOP_NOT_RESCUED,STOP,,,
2229,2025-09-19 09:30,2025-09-19T13:30:00+00:00,NY,SEPTEMBER,VALIDATED_SOURCE,NQZ5,2,0,-118.0,RESOLVED,SELL,STOP,0.0,2025-09-19 13:30:00.001511483+00:00,STOP,15.0,24767.75,STOP,0.0,24768.5,-19.0,-49.0,-68.0,DOUBLE_STOP,3.0,COST_COVER_BE,BUY,False,ORIGINAL_STOP_BEFORE_ARM,24767.75,-19.0,-68.0,0.0,DOUBLE_STOP_NOT_RESCUED,STOP,,,
2229,2025-09-19 09:30,2025-09-19T13:30:00+00:00,NY,SEPTEMBER,VALIDATED_SOURCE,NQZ5,2,0,-118.0,RESOLVED,SELL,STOP,0.0,2025-09-19 13:30:00.001511483+00:00,STOP,15.0,24767.75,STOP,0.0,24768.5,-19.0,-49.0,-68.0,DOUBLE_STOP,4.0,PRICE_BE,BUY,False,ORIGINAL_STOP_BEFORE_ARM,24767.75,-19.0,-68.0,0.0,DOUBLE_STOP_NOT_RESCUED,STOP,,,
2229,2025-09-19 09:30,2025-09-19T13:30:00+00:00,NY,SEPTEMBER,VALIDATED_SOURCE,NQZ5,2,0,-118.0,RESOLVED,SELL,STOP,0.0,2025-09-19 13:30:00.001511483+00:00,STOP,15.0,24767.75,STOP,0.0,24768.5,-19.0,-49.0,-68.0,DOUBLE_STOP,4.0,COST_COVER_BE,BUY,False,ORIGINAL_STOP_BEFORE_ARM,24767.75,-19.0,-68.0,0.0,DOUBLE_STOP_NOT_RESCUED,STOP,,,
2229,2025-09-19 09:30,2025-09-19T13:30:00+00:00,NY,SEPTEMBER,VALIDATED_SOURCE,NQZ5,2,0,-118.0,RESOLVED,SELL,STOP,0.0,2025-09-19 13:30:00.001511483+00:00,STOP,15.0,24767.75,STOP,0.0,24768.5,-19.0,-49.0,-68.0,DOUBLE_STOP,5.0,PRICE_BE,BUY,False,ORIGINAL_STOP_BEFORE_ARM,24767.75,-19.0,-68.0,0.0,DOUBLE_STOP_NOT_RESCUED,STOP,,,
2229,2025-09-19 09:30,2025-09-19T13:30:00+00:00,NY,SEPTEMBER,VALIDATED_SOURCE,NQZ5,2,0,-118.0,RESOLVED,SELL,STOP,0.0,2025-09-19 13:30:00.001511483+00:00,STOP,15.0,24767.75,STOP,0.0,24768.5,-19.0,-49.0,-68.0,DOUBLE_STOP,5.0,COST_COVER_BE,BUY,False,ORIGINAL_STOP_BEFORE_ARM,24767.75,-19.0,-68.0,0.0,DOUBLE_STOP_NOT_RESCUED,STOP,,,
2229,2025-09-19 09:30,2025-09-19T13:30:00+00:00,NY,SEPTEMBER,VALIDATED_SOURCE,NQZ5,2,0,-118.0,RESOLVED,SELL,STOP,0.0,2025-09-19 13:30:00.001511483+00:00,STOP,15.0,24767.75,STOP,0.0,24768.5,-19.0,-49.0,-68.0,DOUBLE_STOP,8.0,PRICE_BE,BUY,False,ORIGINAL_STOP_BEFORE_ARM,24767.75,-19.0,-68.0,0.0,DOUBLE_STOP_NOT_RESCUED,STOP,,,
2229,2025-09-19 09:30,2025-09-19T13:30:00+00:00,NY,SEPTEMBER,VALIDATED_SOURCE,NQZ5,2,0,-118.0,RESOLVED,SELL,STOP,0.0,2025-09-19 13:30:00.001511483+00:00,STOP,15.0,24767.75,STOP,0.0,24768.5,-19.0,-49.0,-68.0,DOUBLE_STOP,8.0,COST_COVER_BE,BUY,False,ORIGINAL_STOP_BEFORE_ARM,24767.75,-19.0,-68.0,0.0,DOUBLE_STOP_NOT_RESCUED,STOP,,,
2229,2025-09-19 09:30,2025-09-19T13:30:00+00:00,NY,SEPTEMBER,VALIDATED_SOURCE,NQZ5,2,1,-118.0,RESOLVED,SELL,STOP,0.0,2025-09-19 13:30:00.001511483+00:00,STOP,15.0,24767.5,STOP,0.0,24768.75,-29.0,-59.0,-88.0,DOUBLE_STOP,0.5,PRICE_BE,BUY,True,PRICE_BE,24767.75,-19.0,-78.0,10.0,DOUBLE_STOP_RESCUED,STOP,12.0,2025-09-19 13:30:00.008145437+00:00,-29.0
2229,2025-09-19 09:30,2025-09-19T13:30:00+00:00,NY,SEPTEMBER,VALIDATED_SOURCE,NQZ5,2,1,-118.0,RESOLVED,SELL,STOP,0.0,2025-09-19 13:30:00.001511483+00:00,STOP,15.0,24767.5,STOP,0.0,24768.75,-29.0,-59.0,-88.0,DOUBLE_STOP,0.5,COST_COVER_BE,BUY,True,COST_COVER_BE,24768.25,1.0,-58.0,30.0,DOUBLE_STOP_RESCUED,STOP,12.0,2025-09-19 13:30:00.008145437+00:00,-29.0
2229,2025-09-19 09:30,2025-09-19T13:30:00+00:00,NY,SEPTEMBER,VALIDATED_SOURCE,NQZ5,2,1,-118.0,RESOLVED,SELL,STOP,0.0,2025-09-19 13:30:00.001511483+00:00,STOP,15.0,24767.5,STOP,0.0,24768.75,-29.0,-59.0,-88.0,DOUBLE_STOP,1.0,PRICE_BE,BUY,False,ORIGINAL_STOP_BEFORE_ARM,24767.5,-29.0,-88.0,0.0,DOUBLE_STOP_NOT_RESCUED,STOP,,,
2229,2025-09-19 09:30,2025-09-19T13:30:00+00:00,NY,SEPTEMBER,VALIDATED_SOURCE,NQZ5,2,1,-118.0,RESOLVED,SELL,STOP,0.0,2025-09-19 13:30:00.001511483+00:00,STOP,15.0,24767.5,STOP,0.0,24768.75,-29.0,-59.0,-88.0,DOUBLE_STOP,1.0,COST_COVER_BE,BUY,False,ORIGINAL_STOP_BEFORE_ARM,24767.5,-29.0,-88.0,0.0,DOUBLE_STOP_NOT_RESCUED,STOP,,,
2229,2025-09-19 09:30,2025-09-19T13:30:00+00:00,NY,SEPTEMBER,VALIDATED_SOURCE,NQZ5,2,1,-118.0,RESOLVED,SELL,STOP,0.0,2025-09-19 13:30:00.001511483+00:00,STOP,15.0,24767.5,STOP,0.0,24768.75,-29.0,-59.0,-88.0,DOUBLE_STOP,2.0,PRICE_BE,BUY,False,ORIGINAL_STOP_BEFORE_ARM,24767.5,-29.0,-88.0,0.0,DOUBLE_STOP_NOT_RESCUED,STOP,,,
2229,2025-09-19 09:30,2025-09-19T13:30:00+00:00,NY,SEPTEMBER,VALIDATED_SOURCE,NQZ5,2,1,-118.0,RESOLVED,SELL,STOP,0.0,2025-09-19 13:30:00.001511483+00:00,STOP,15.0,24767.5,STOP,0.0,24768.75,-29.0,-59.0,-88.0,DOUBLE_STOP,2.0,COST_COVER_BE,BUY,False,ORIGINAL_STOP_BEFORE_ARM,24767.5,-29.0,-88.0,0.0,DOUBLE_STOP_NOT_RESCUED,STOP,,,
2229,2025-09-19 09:30,2025-09-19T13:30:00+00:00,NY,SEPTEMBER,VALIDATED_SOURCE,NQZ5,2,1,-118.0,RESOLVED,SELL,STOP,0.0,2025-09-19 13:30:00.001511483+00:00,STOP,15.0,24767.5,STOP,0.0,24768.75,-29.0,-59.0,-88.0,DOUBLE_STOP,3.0,PRICE_BE,BUY,False,ORIGINAL_STOP_BEFORE_ARM,24767.5,-29.0,-88.0,0.0,DOUBLE_STOP_NOT_RESCUED,STOP,,,
2229,2025-09-19 09:30,2025-09-19T13:30:00+00:00,NY,SEPTEMBER,VALIDATED_SOURCE,NQZ5,2,1,-118.0,RESOLVED,SELL,STOP,0.0,2025-09-19 13:30:00.001511483+00:00,STOP,15.0,24767.5,STOP,0.0,24768.75,-29.0,-59.0,-88.0,DOUBLE_STOP,3.0,COST_COVER_BE,BUY,False,ORIGINAL_STOP_BEFORE_ARM,24767.5,-29.0,-88.0,0.0,DOUBLE_STOP_NOT_RESCUED,STOP,,,
2229,2025-09-19 09:30,2025-09-19T13:30:00+00:00,NY,SEPTEMBER,VALIDATED_SOURCE,NQZ5,2,1,-118.0,RESOLVED,SELL,STOP,0.0,2025-09-19 13:30:00.001511483+00:00,STOP,15.0,24767.5,STOP,0.0,24768.75,-29.0,-59.0,-88.0,DOUBLE_STOP,4.0,PRICE_BE,BUY,False,ORIGINAL_STOP_BEFORE_ARM,24767.5,-29.0,-88.0,0.0,DOUBLE_STOP_NOT_RESCUED,STOP,,,
2229,2025-09-19 09:30,2025-09-19T13:30:00+00:00,NY,SEPTEMBER,VALIDATED_SOURCE,NQZ5,2,1,-118.0,RESOLVED,SELL,STOP,0.0,2025-09-19 13:30:00.001511483+00:00,STOP,15.0,24767.5,STOP,0.0,24768.75,-29.0,-59.0,-88.0,DOUBLE_STOP,4.0,COST_COVER_BE,BUY,False,ORIGINAL_STOP_BEFORE_ARM,24767.5,-29.0,-88.0,0.0,DOUBLE_STOP_NOT_RESCUED,STOP,,,
2229,2025-09-19 09:30,2025-09-19T13:30:00+00:00,NY,SEPTEMBER,VALIDATED_SOURCE,NQZ5,2,1,-118.0,RESOLVED,SELL,STOP,0.0,2025-09-19 13:30:00.001511483+00:00,STOP,15.0,24767.5,STOP,0.0,24768.75,-29.0,-59.0,-88.0,DOUBLE_STOP,5.0,PRICE_BE,BUY,False,ORIGINAL_STOP_BEFORE_ARM,24767.5,-29.0,-88.0,0.0,DOUBLE_STOP_NOT_RESCUED,STOP,,,
2229,2025-09-19 09:30,2025-09-19T13:30:00+00:00,NY,SEPTEMBER,VALIDATED_SOURCE,NQZ5,2,1,-118.0,RESOLVED,SELL,STOP,0.0,2025-09-19 13:30:00.001511483+00:00,STOP,15.0,24767.5,STOP,0.0,24768.75,-29.0,-59.0,-88.0,DOUBLE_STOP,5.0,COST_COVER_BE,BUY,False,ORIGINAL_STOP_BEFORE_ARM,24767.5,-29.0,-88.0,0.0,DOUBLE_STOP_NOT_RESCUED,STOP,,,
2229,2025-09-19 09:30,2025-09-19T13:30:00+00:00,NY,SEPTEMBER,VALIDATED_SOURCE,NQZ5,2,1,-118.0,RESOLVED,SELL,STOP,0.0,2025-09-19 13:30:00.001511483+00:00,STOP,15.0,24767.5,STOP,0.0,24768.75,-29.0,-59.0,-88.0,DOUBLE_STOP,8.0,PRICE_BE,BUY,False,ORIGINAL_STOP_BEFORE_ARM,24767.5,-29.0,-88.0,0.0,DOUBLE_STOP_NOT_RESCUED,STOP,,,
2229,2025-09-19 09:30,2025-09-19T13:30:00+00:00,NY,SEPTEMBER,VALIDATED_SOURCE,NQZ5,2,1,-118.0,RESOLVED,SELL,STOP,0.0,2025-09-19 13:30:00.001511483+00:00,STOP,15.0,24767.5,STOP,0.0,24768.75,-29.0,-59.0,-88.0,DOUBLE_STOP,8.0,COST_COVER_BE,BUY,False,ORIGINAL_STOP_BEFORE_ARM,24767.5,-29.0,-88.0,0.0,DOUBLE_STOP_NOT_RESCUED,STOP,,,
2229,2025-09-19 09:30,2025-09-19T13:30:00+00:00,NY,SEPTEMBER,VALIDATED_SOURCE,NQZ5,2,2,-118.0,RESOLVED,SELL,STOP,0.0,2025-09-19 13:30:00.001511483+00:00,STOP,15.0,24767.25,STOP,0.0,24769.0,-39.0,-69.0,-108.0,DOUBLE_STOP,0.5,PRICE_BE,BUY,True,PRICE_BE,24767.5,-29.0,-98.0,10.0,DOUBLE_STOP_RESCUED,STOP,12.0,2025-09-19 13:30:00.008145437+00:00,-39.0
2229,2025-09-19 09:30,2025-09-19T13:30:00+00:00,NY,SEPTEMBER,VALIDATED_SOURCE,NQZ5,2,2,-118.0,RESOLVED,SELL,STOP,0.0,2025-09-19 13:30:00.001511483+00:00,STOP,15.0,24767.25,STOP,0.0,24769.0,-39.0,-69.0,-108.0,DOUBLE_STOP,0.5,COST_COVER_BE,BUY,True,COST_COVER_BE,24768.0,-9.0,-78.0,30.0,DOUBLE_STOP_RESCUED,STOP,12.0,2025-09-19 13:30:00.008145437+00:00,-39.0
2229,2025-09-19 09:30,2025-09-19T13:30:00+00:00,NY,SEPTEMBER,VALIDATED_SOURCE,NQZ5,2,2,-118.0,RESOLVED,SELL,STOP,0.0,2025-09-19 13:30:00.001511483+00:00,STOP,15.0,24767.25,STOP,0.0,24769.0,-39.0,-69.0,-108.0,DOUBLE_STOP,1.0,PRICE_BE,BUY,False,ORIGINAL_STOP_BEFORE_ARM,24767.25,-39.0,-108.0,0.0,DOUBLE_STOP_NOT_RESCUED,STOP,,,
2229,2025-09-19 09:30,2025-09-19T13:30:00+00:00,NY,SEPTEMBER,VALIDATED_SOURCE,NQZ5,2,2,-118.0,RESOLVED,SELL,STOP,0.0,2025-09-19 13:30:00.001511483+00:00,STOP,15.0,24767.25,STOP,0.0,24769.0,-39.0,-69.0,-108.0,DOUBLE_STOP,1.0,COST_COVER_BE,BUY,False,ORIGINAL_STOP_BEFORE_ARM,24767.25,-39.0,-108.0,0.0,DOUBLE_STOP_NOT_RESCUED,STOP,,,
2229,2025-09-19 09:30,2025-09-19T13:30:00+00:00,NY,SEPTEMBER,VALIDATED_SOURCE,NQZ5,2,2,-118.0,RESOLVED,SELL,STOP,0.0,2025-09-19 13:30:00.001511483+00:00,STOP,15.0,24767.25,STOP,0.0,24769.0,-39.0,-69.0,-108.0,DOUBLE_STOP,2.0,PRICE_BE,BUY,False,ORIGINAL_STOP_BEFORE_ARM,24767.25,-39.0,-108.0,0.0,DOUBLE_STOP_NOT_RESCUED,STOP,,,
2229,2025-09-19 09:30,2025-09-19T13:30:00+00:00,NY,SEPTEMBER,VALIDATED_SOURCE,NQZ5,2,2,-118.0,RESOLVED,SELL,STOP,0.0,2025-09-19 13:30:00.001511483+00:00,STOP,15.0,24767.25,STOP,0.0,24769.0,-39.0,-69.0,-108.0,DOUBLE_STOP,2.0,COST_COVER_BE,BUY,False,ORIGINAL_STOP_BEFORE_ARM,24767.25,-39.0,-108.0,0.0,DOUBLE_STOP_NOT_RESCUED,STOP,,,
2229,2025-09-19 09:30,2025-09-19T13:30:00+00:00,NY,SEPTEMBER,VALIDATED_SOURCE,NQZ5,2,2,-118.0,RESOLVED,SELL,STOP,0.0,2025-09-19 13:30:00.001511483+00:00,STOP,15.0,24767.25,STOP,0.0,24769.0,-39.0,-69.0,-108.0,DOUBLE_STOP,3.0,PRICE_BE,BUY,False,ORIGINAL_STOP_BEFORE_ARM,24767.25,-39.0,-108.0,0.0,DOUBLE_STOP_NOT_RESCUED,STOP,,,
2229,2025-09-19 09:30,2025-09-19T13:30:00+00:00,NY,SEPTEMBER,VALIDATED_SOURCE,NQZ5,2,2,-118.0,RESOLVED,SELL,STOP,0.0,2025-09-19 13:30:00.001511483+00:00,STOP,15.0,24767.25,STOP,0.0,24769.0,-39.0,-69.0,-108.0,DOUBLE_STOP,3.0,COST_COVER_BE,BUY,False,ORIGINAL_STOP_BEFORE_ARM,24767.25,-39.0,-108.0,0.0,DOUBLE_STOP_NOT_RESCUED,STOP,,,
2229,2025-09-19 09:30,2025-09-19T13:30:00+00:00,NY,SEPTEMBER,VALIDATED_SOURCE,NQZ5,2,2,-118.0,RESOLVED,SELL,STOP,0.0,2025-09-19 13:30:00.001511483+00:00,STOP,15.0,24767.25,STOP,0.0,24769.0,-39.0,-69.0,-108.0,DOUBLE_STOP,4.0,PRICE_BE,BUY,False,ORIGINAL_STOP_BEFORE_ARM,24767.25,-39.0,-108.0,0.0,DOUBLE_STOP_NOT_RESCUED,STOP,,,
2229,2025-09-19 09:30,2025-09-19T13:30:00+00:00,NY,SEPTEMBER,VALIDATED_SOURCE,NQZ5,2,2,-118.0,RESOLVED,SELL,STOP,0.0,2025-09-19 13:30:00.001511483+00:00,STOP,15.0,24767.25,STOP,0.0,24769.0,-39.0,-69.0,-108.0,DOUBLE_STOP,4.0,COST_COVER_BE,BUY,False,ORIGINAL_STOP_BEFORE_ARM,24767.25,-39.0,-108.0,0.0,DOUBLE_STOP_NOT_RESCUED,STOP,,,
2229,2025-09-19 09:30,2025-09-19T13:30:00+00:00,NY,SEPTEMBER,VALIDATED_SOURCE,NQZ5,2,2,-118.0,RESOLVED,SELL,STOP,0.0,2025-09-19 13:30:00.001511483+00:00,STOP,15.0,24767.25,STOP,0.0,24769.0,-39.0,-69.0,-108.0,DOUBLE_STOP,5.0,PRICE_BE,BUY,False,ORIGINAL_STOP_BEFORE_ARM,24767.25,-39.0,-108.0,0.0,DOUBLE_STOP_NOT_RESCUED,STOP,,,
2229,2025-09-19 09:30,2025-09-19T13:30:00+00:00,NY,SEPTEMBER,VALIDATED_SOURCE,NQZ5,2,2,-118.0,RESOLVED,SELL,STOP,0.0,2025-09-19 13:30:00.001511483+00:00,STOP,15.0,24767.25,STOP,0.0,24769.0,-39.0,-69.0,-108.0,DOUBLE_STOP,5.0,COST_COVER_BE,BUY,False,ORIGINAL_STOP_BEFORE_ARM,24767.25,-39.0,-108.0,0.0,DOUBLE_STOP_NOT_RESCUED,STOP,,,
2229,2025-09-19 09:30,2025-09-19T13:30:00+00:00,NY,SEPTEMBER,VALIDATED_SOURCE,NQZ5,2,2,-118.0,RESOLVED,SELL,STOP,0.0,2025-09-19 13:30:00.001511483+00:00,STOP,15.0,24767.25,STOP,0.0,24769.0,-39.0,-69.0,-108.0,DOUBLE_STOP,8.0,PRICE_BE,BUY,False,ORIGINAL_STOP_BEFORE_ARM,24767.25,-39.0,-108.0,0.0,DOUBLE_STOP_NOT_RESCUED,STOP,,,
2229,2025-09-19 09:30,2025-09-19T13:30:00+00:00,NY,SEPTEMBER,VALIDATED_SOURCE,NQZ5,2,2,-118.0,RESOLVED,SELL,STOP,0.0,2025-09-19 13:30:00.001511483+00:00,STOP,15.0,24767.25,STOP,0.0,24769.0,-39.0,-69.0,-108.0,DOUBLE_STOP,8.0,COST_COVER_BE,BUY,False,ORIGINAL_STOP_BEFORE_ARM,24767.25,-39.0,-108.0,0.0,DOUBLE_STOP_NOT_RESCUED,STOP,,,
2229,2025-09-19 09:30,2025-09-19T13:30:00+00:00,NY,SEPTEMBER,VALIDATED_SOURCE,NQZ5,2,4,-118.0,RESOLVED,SELL,STOP,0.0,2025-09-19 13:30:00.001511483+00:00,STOP,15.0,24766.75,STOP,0.0,24769.5,-59.0,-89.0,-148.0,DOUBLE_STOP,0.5,PRICE_BE,BUY,True,PRICE_BE,24767.0,-49.0,-138.0,10.0,DOUBLE_STOP_RESCUED,STOP,12.0,2025-09-19 13:30:00.008145437+00:00,-59.0
2229,2025-09-19 09:30,2025-09-19T13:30:00+00:00,NY,SEPTEMBER,VALIDATED_SOURCE,NQZ5,2,4,-118.0,RESOLVED,SELL,STOP,0.0,2025-09-19 13:30:00.001511483+00:00,STOP,15.0,24766.75,STOP,0.0,24769.5,-59.0,-89.0,-148.0,DOUBLE_STOP,0.5,COST_COVER_BE,BUY,True,COST_COVER_BE,24767.5,-29.0,-118.0,30.0,DOUBLE_STOP_RESCUED,STOP,12.0,2025-09-19 13:30:00.008145437+00:00,-59.0
2229,2025-09-19 09:30,2025-09-19T13:30:00+00:00,NY,SEPTEMBER,VALIDATED_SOURCE,NQZ5,2,4,-118.0,RESOLVED,SELL,STOP,0.0,2025-09-19 13:30:00.001511483+00:00,STOP,15.0,24766.75,STOP,0.0,24769.5,-59.0,-89.0,-148.0,DOUBLE_STOP,1.0,PRICE_BE,BUY,False,ORIGINAL_STOP_BEFORE_ARM,24766.75,-59.0,-148.0,0.0,DOUBLE_STOP_NOT_RESCUED,STOP,,,
2229,2025-09-19 09:30,2025-09-19T13:30:00+00:00,NY,SEPTEMBER,VALIDATED_SOURCE,NQZ5,2,4,-118.0,RESOLVED,SELL,STOP,0.0,2025-09-19 13:30:00.001511483+00:00,STOP,15.0,24766.75,STOP,0.0,24769.5,-59.0,-89.0,-148.0,DOUBLE_STOP,1.0,COST_COVER_BE,BUY,False,ORIGINAL_STOP_BEFORE_ARM,24766.75,-59.0,-148.0,0.0,DOUBLE_STOP_NOT_RESCUED,STOP,,,
2229,2025-09-19 09:30,2025-09-19T13:30:00+00:00,NY,SEPTEMBER,VALIDATED_SOURCE,NQZ5,2,4,-118.0,RESOLVED,SELL,STOP,0.0,2025-09-19 13:30:00.001511483+00:00,STOP,15.0,24766.75,STOP,0.0,24769.5,-59.0,-89.0,-148.0,DOUBLE_STOP,2.0,PRICE_BE,BUY,False,ORIGINAL_STOP_BEFORE_ARM,24766.75,-59.0,-148.0,0.0,DOUBLE_STOP_NOT_RESCUED,STOP,,,
2229,2025-09-19 09:30,2025-09-19T13:30:00+00:00,NY,SEPTEMBER,VALIDATED_SOURCE,NQZ5,2,4,-118.0,RESOLVED,SELL,STOP,0.0,2025-09-19 13:30:00.001511483+00:00,STOP,15.0,24766.75,STOP,0.0,24769.5,-59.0,-89.0,-148.0,DOUBLE_STOP,2.0,COST_COVER_BE,BUY,False,ORIGINAL_STOP_BEFORE_ARM,24766.75,-59.0,-148.0,0.0,DOUBLE_STOP_NOT_RESCUED,STOP,,,
2229,2025-09-19 09:30,2025-09-19T13:30:00+00:00,NY,SEPTEMBER,VALIDATED_SOURCE,NQZ5,2,4,-118.0,RESOLVED,SELL,STOP,0.0,2025-09-19 13:30:00.001511483+00:00,STOP,15.0,24766.75,STOP,0.0,24769.5,-59.0,-89.0,-148.0,DOUBLE_STOP,3.0,PRICE_BE,BUY,False,ORIGINAL_STOP_BEFORE_ARM,24766.75,-59.0,-148.0,0.0,DOUBLE_STOP_NOT_RESCUED,STOP,,,
2229,2025-09-19 09:30,2025-09-19T13:30:00+00:00,NY,SEPTEMBER,VALIDATED_SOURCE,NQZ5,2,4,-118.0,RESOLVED,SELL,STOP,0.0,2025-09-19 13:30:00.001511483+00:00,STOP,15.0,24766.75,STOP,0.0,24769.5,-59.0,-89.0,-148.0,DOUBLE_STOP,3.0,COST_COVER_BE,BUY,False,ORIGINAL_STOP_BEFORE_ARM,24766.75,-59.0,-148.0,0.0,DOUBLE_STOP_NOT_RESCUED,STOP,,,
2229,2025-09-19 09:30,2025-09-19T13:30:00+00:00,NY,SEPTEMBER,VALIDATED_SOURCE,NQZ5,2,4,-118.0,RESOLVED,SELL,STOP,0.0,2025-09-19 13:30:00.001511483+00:00,STOP,15.0,24766.75,STOP,0.0,24769.5,-59.0,-89.0,-148.0,DOUBLE_STOP,4.0,PRICE_BE,BUY,False,ORIGINAL_STOP_BEFORE_ARM,24766.75,-59.0,-148.0,0.0,DOUBLE_STOP_NOT_RESCUED,STOP,,,
2229,2025-09-19 09:30,2025-09-19T13:30:00+00:00,NY,SEPTEMBER,VALIDATED_SOURCE,NQZ5,2,4,-118.0,RESOLVED,SELL,STOP,0.0,2025-09-19 13:30:00.001511483+00:00,STOP,15.0,24766.75,STOP,0.0,24769.5,-59.0,-89.0,-148.0,DOUBLE_STOP,4.0,COST_COVER_BE,BUY,False,ORIGINAL_STOP_BEFORE_ARM,24766.75,-59.0,-148.0,0.0,DOUBLE_STOP_NOT_RESCUED,STOP,,,
2229,2025-09-19 09:30,2025-09-19T13:30:00+00:00,NY,SEPTEMBER,VALIDATED_SOURCE,NQZ5,2,4,-118.0,RESOLVED,SELL,STOP,0.0,2025-09-19 13:30:00.001511483+00:00,STOP,15.0,24766.75,STOP,0.0,24769.5,-59.0,-89.0,-148.0,DOUBLE_STOP,5.0,PRICE_BE,BUY,False,ORIGINAL_STOP_BEFORE_ARM,24766.75,-59.0,-148.0,0.0,DOUBLE_STOP_NOT_RESCUED,STOP,,,
2229,2025-09-19 09:30,2025-09-19T13:30:00+00:00,NY,SEPTEMBER,VALIDATED_SOURCE,NQZ5,2,4,-118.0,RESOLVED,SELL,STOP,0.0,2025-09-19 13:30:00.001511483+00:00,STOP,15.0,24766.75,STOP,0.0,24769.5,-59.0,-89.0,-148.0,DOUBLE_STOP,5.0,COST_COVER_BE,BUY,False,ORIGINAL_STOP_BEFORE_ARM,24766.75,-59.0,-148.0,0.0,DOUBLE_STOP_NOT_RESCUED,STOP,,,
2229,2025-09-19 09:30,2025-09-19T13:30:00+00:00,NY,SEPTEMBER,VALIDATED_SOURCE,NQZ5,2,4,-118.0,RESOLVED,SELL,STOP,0.0,2025-09-19 13:30:00.001511483+00:00,STOP,15.0,24766.75,STOP,0.0,24769.5,-59.0,-89.0,-148.0,DOUBLE_STOP,8.0,PRICE_BE,BUY,False,ORIGINAL_STOP_BEFORE_ARM,24766.75,-59.0,-148.0,0.0,DOUBLE_STOP_NOT_RESCUED,STOP,,,
2229,2025-09-19 09:30,2025-09-19T13:30:00+00:00,NY,SEPTEMBER,VALIDATED_SOURCE,NQZ5,2,4,-118.0,RESOLVED,SELL,STOP,0.0,2025-09-19 13:30:00.001511483+00:00,STOP,15.0,24766.75,STOP,0.0,24769.5,-59.0,-89.0,-148.0,DOUBLE_STOP,8.0,COST_COVER_BE,BUY,False,ORIGINAL_STOP_BEFORE_ARM,24766.75,-59.0,-148.0,0.0,DOUBLE_STOP_NOT_RESCUED,STOP,,,
