trade_number,entry_time_et,entry_time_utc,source_status,route,active_symbol,quantity,tv_outcome,tv_pair_net,dna_tp,dna_sp,formula_tp,buy_entry_offset,sell_entry_offset,entry_offset_difference,geometry_mode,trigger_mode,start_offset_ms,status,raw_outcome,first_exit_direction,first_exit_reason,first_exit_time,buy_exit_reason,sell_exit_reason,buy_exit_price,sell_exit_price,raw_buy_net,raw_sell_net,raw_pair_net,buy_target,sell_target,buy_stop,sell_stop
2175,2025-08-03 18:00:00,2025-08-03T22:00:00+00:00,VALIDATED_SOURCE,WEEKLY,NQU5,2,DOUBLE_STOP,-118.0,9.75,1.0,9.75,0.0,0.0,0.0,DNA_TP_DNA_SP,TRADE_TOUCH,0,RESOLVED,DOUBLE_STOP,BUY,STOP,2025-08-03 22:00:00.090916277+00:00,STOP,STOP,22849.25,22850.75,-49.0,-49.0,-98.0,22860.0,22840.0,22849.25,22850.75
2175,2025-08-03 18:00:00,2025-08-03T22:00:00+00:00,VALIDATED_SOURCE,WEEKLY,NQU5,2,DOUBLE_STOP,-118.0,9.75,1.0,9.75,0.0,0.0,0.0,DNA_TP_DNA_SP,TRADE_TOUCH,1,RESOLVED,DOUBLE_STOP,BUY,STOP,2025-08-03 22:00:00.090916277+00:00,STOP,STOP,22849.25,22850.75,-49.0,-49.0,-98.0,22860.0,22840.0,22849.25,22850.75
2175,2025-08-03 18:00:00,2025-08-03T22:00:00+00:00,VALIDATED_SOURCE,WEEKLY,NQU5,2,DOUBLE_STOP,-118.0,9.75,1.0,9.75,0.0,0.0,0.0,DNA_TP_DNA_SP,TRADE_TOUCH,100,RESOLVED,DOUBLE_STOP,BUY,STOP,2025-08-03 22:00:00.124718131+00:00,STOP,STOP,22849.25,22850.75,-49.0,-49.0,-98.0,22860.0,22840.0,22849.25,22850.75
2175,2025-08-03 18:00:00,2025-08-03T22:00:00+00:00,VALIDATED_SOURCE,WEEKLY,NQU5,2,DOUBLE_STOP,-118.0,9.75,1.0,9.75,0.0,0.0,0.0,DNA_TP_DNA_SP,TRADE_TOUCH,500,RESOLVED,BUY_TARGET,SELL,STOP,2025-08-03 22:00:00.553907655+00:00,TARGET,STOP,22860.0,22850.75,381.0,-49.0,332.0,22860.0,22840.0,22849.25,22850.75
2175,2025-08-03 18:00:00,2025-08-03T22:00:00+00:00,VALIDATED_SOURCE,WEEKLY,NQU5,2,DOUBLE_STOP,-118.0,9.75,1.0,9.75,0.0,0.0,0.0,DNA_TP_DNA_SP,MID_TOUCH,0,RESOLVED,DOUBLE_STOP,SELL,STOP,2025-08-03 22:00:00.011434951+00:00,STOP,STOP,22849.25,22850.75,-49.0,-49.0,-98.0,22860.0,22840.0,22849.25,22850.75
2175,2025-08-03 18:00:00,2025-08-03T22:00:00+00:00,VALIDATED_SOURCE,WEEKLY,NQU5,2,DOUBLE_STOP,-118.0,9.75,1.0,9.75,0.0,0.0,0.0,DNA_TP_DNA_SP,MID_TOUCH,1,RESOLVED,DOUBLE_STOP,SELL,STOP,2025-08-03 22:00:00.011434951+00:00,STOP,STOP,22849.25,22850.75,-49.0,-49.0,-98.0,22860.0,22840.0,22849.25,22850.75
2175,2025-08-03 18:00:00,2025-08-03T22:00:00+00:00,VALIDATED_SOURCE,WEEKLY,NQU5,2,DOUBLE_STOP,-118.0,9.75,1.0,9.75,0.0,0.0,0.0,DNA_TP_DNA_SP,MID_TOUCH,100,RESOLVED,DOUBLE_STOP,BUY,STOP,2025-08-03 22:00:00.124718131+00:00,STOP,STOP,22849.25,22850.75,-49.0,-49.0,-98.0,22860.0,22840.0,22849.25,22850.75
2175,2025-08-03 18:00:00,2025-08-03T22:00:00+00:00,VALIDATED_SOURCE,WEEKLY,NQU5,2,DOUBLE_STOP,-118.0,9.75,1.0,9.75,0.0,0.0,0.0,DNA_TP_DNA_SP,MID_TOUCH,500,RESOLVED,BUY_TARGET,SELL,STOP,2025-08-03 22:00:00.612599187+00:00,TARGET,STOP,22860.0,22850.75,381.0,-49.0,332.0,22860.0,22840.0,22849.25,22850.75
2175,2025-08-03 18:00:00,2025-08-03T22:00:00+00:00,VALIDATED_SOURCE,WEEKLY,NQU5,2,DOUBLE_STOP,-118.0,9.75,1.0,9.75,0.0,0.0,0.0,DNA_TP_DNA_SP,BBO_EXECUTABLE,0,RESOLVED,DOUBLE_STOP,SELL,STOP,2025-08-03 22:00:00.011434951+00:00,STOP,STOP,22847.75,22852.0,-109.0,-99.0,-208.0,22860.0,22840.0,22849.25,22850.75
2175,2025-08-03 18:00:00,2025-08-03T22:00:00+00:00,VALIDATED_SOURCE,WEEKLY,NQU5,2,DOUBLE_STOP,-118.0,9.75,1.0,9.75,0.0,0.0,0.0,DNA_TP_DNA_SP,BBO_EXECUTABLE,1,RESOLVED,DOUBLE_STOP,SELL,STOP,2025-08-03 22:00:00.011434951+00:00,STOP,STOP,22847.75,22852.0,-109.0,-99.0,-208.0,22860.0,22840.0,22849.25,22850.75
2175,2025-08-03 18:00:00,2025-08-03T22:00:00+00:00,VALIDATED_SOURCE,WEEKLY,NQU5,2,DOUBLE_STOP,-118.0,9.75,1.0,9.75,0.0,0.0,0.0,DNA_TP_DNA_SP,BBO_EXECUTABLE,100,UNRESOLVED_BOTH_WORKERS_EXIT_SAME_EVENT,UNRESOLVED,,,,,,,,,,,,,,
2175,2025-08-03 18:00:00,2025-08-03T22:00:00+00:00,VALIDATED_SOURCE,WEEKLY,NQU5,2,DOUBLE_STOP,-118.0,9.75,1.0,9.75,0.0,0.0,0.0,DNA_TP_DNA_SP,BBO_EXECUTABLE,500,UNRESOLVED_BOTH_WORKERS_EXIT_SAME_EVENT,UNRESOLVED,,,,,,,,,,,,,,
2175,2025-08-03 18:00:00,2025-08-03T22:00:00+00:00,VALIDATED_SOURCE,WEEKLY,NQU5,2,DOUBLE_STOP,-118.0,9.75,1.0,9.75,0.0,0.0,0.0,DNA_TP_DNA_SP,LEGACY_STAGE3F,0,RESOLVED,DOUBLE_STOP,SELL,STOP,2025-08-03 22:00:00.011434951+00:00,STOP,STOP,22847.75,22852.0,-109.0,-99.0,-208.0,22860.0,22840.0,22849.25,22850.75
2175,2025-08-03 18:00:00,2025-08-03T22:00:00+00:00,VALIDATED_SOURCE,WEEKLY,NQU5,2,DOUBLE_STOP,-118.0,9.75,1.0,9.75,0.0,0.0,0.0,DNA_TP_DNA_SP,LEGACY_STAGE3F,1,RESOLVED,DOUBLE_STOP,SELL,STOP,2025-08-03 22:00:00.011434951+00:00,STOP,STOP,22847.75,22852.0,-109.0,-99.0,-208.0,22860.0,22840.0,22849.25,22850.75
2175,2025-08-03 18:00:00,2025-08-03T22:00:00+00:00,VALIDATED_SOURCE,WEEKLY,NQU5,2,DOUBLE_STOP,-118.0,9.75,1.0,9.75,0.0,0.0,0.0,DNA_TP_DNA_SP,LEGACY_STAGE3F,100,UNRESOLVED_BOTH_WORKERS_EXIT_SAME_EVENT,UNRESOLVED,,,,,,,,,,,,,,
2175,2025-08-03 18:00:00,2025-08-03T22:00:00+00:00,VALIDATED_SOURCE,WEEKLY,NQU5,2,DOUBLE_STOP,-118.0,9.75,1.0,9.75,0.0,0.0,0.0,DNA_TP_DNA_SP,LEGACY_STAGE3F,500,UNRESOLVED_BOTH_WORKERS_EXIT_SAME_EVENT,UNRESOLVED,,,,,,,,,,,,,,
2175,2025-08-03 18:00:00,2025-08-03T22:00:00+00:00,VALIDATED_SOURCE,WEEKLY,NQU5,2,DOUBLE_STOP,-118.0,9.75,1.0,9.75,0.0,0.0,0.0,DNA_TP_REGISTRY_STOP,TRADE_TOUCH,0,RESOLVED,DOUBLE_STOP,BUY,STOP,2025-08-03 22:00:00.090916277+00:00,STOP,STOP,22849.25,22850.75,-49.0,-49.0,-98.0,22860.0,22840.0,22849.25,22850.75
2175,2025-08-03 18:00:00,2025-08-03T22:00:00+00:00,VALIDATED_SOURCE,WEEKLY,NQU5,2,DOUBLE_STOP,-118.0,9.75,1.0,9.75,0.0,0.0,0.0,DNA_TP_REGISTRY_STOP,TRADE_TOUCH,1,RESOLVED,DOUBLE_STOP,BUY,STOP,2025-08-03 22:00:00.090916277+00:00,STOP,STOP,22849.25,22850.75,-49.0,-49.0,-98.0,22860.0,22840.0,22849.25,22850.75
2175,2025-08-03 18:00:00,2025-08-03T22:00:00+00:00,VALIDATED_SOURCE,WEEKLY,NQU5,2,DOUBLE_STOP,-118.0,9.75,1.0,9.75,0.0,0.0,0.0,DNA_TP_REGISTRY_STOP,TRADE_TOUCH,100,RESOLVED,DOUBLE_STOP,BUY,STOP,2025-08-03 22:00:00.124718131+00:00,STOP,STOP,22849.25,22850.75,-49.0,-49.0,-98.0,22860.0,22840.0,22849.25,22850.75
2175,2025-08-03 18:00:00,2025-08-03T22:00:00+00:00,VALIDATED_SOURCE,WEEKLY,NQU5,2,DOUBLE_STOP,-118.0,9.75,1.0,9.75,0.0,0.0,0.0,DNA_TP_REGISTRY_STOP,TRADE_TOUCH,500,RESOLVED,BUY_TARGET,SELL,STOP,2025-08-03 22:00:00.553907655+00:00,TARGET,STOP,22860.0,22850.75,381.0,-49.0,332.0,22860.0,22840.0,22849.25,22850.75
2175,2025-08-03 18:00:00,2025-08-03T22:00:00+00:00,VALIDATED_SOURCE,WEEKLY,NQU5,2,DOUBLE_STOP,-118.0,9.75,1.0,9.75,0.0,0.0,0.0,DNA_TP_REGISTRY_STOP,MID_TOUCH,0,RESOLVED,DOUBLE_STOP,SELL,STOP,2025-08-03 22:00:00.011434951+00:00,STOP,STOP,22849.25,22850.75,-49.0,-49.0,-98.0,22860.0,22840.0,22849.25,22850.75
2175,2025-08-03 18:00:00,2025-08-03T22:00:00+00:00,VALIDATED_SOURCE,WEEKLY,NQU5,2,DOUBLE_STOP,-118.0,9.75,1.0,9.75,0.0,0.0,0.0,DNA_TP_REGISTRY_STOP,MID_TOUCH,1,RESOLVED,DOUBLE_STOP,SELL,STOP,2025-08-03 22:00:00.011434951+00:00,STOP,STOP,22849.25,22850.75,-49.0,-49.0,-98.0,22860.0,22840.0,22849.25,22850.75
2175,2025-08-03 18:00:00,2025-08-03T22:00:00+00:00,VALIDATED_SOURCE,WEEKLY,NQU5,2,DOUBLE_STOP,-118.0,9.75,1.0,9.75,0.0,0.0,0.0,DNA_TP_REGISTRY_STOP,MID_TOUCH,100,RESOLVED,DOUBLE_STOP,BUY,STOP,2025-08-03 22:00:00.124718131+00:00,STOP,STOP,22849.25,22850.75,-49.0,-49.0,-98.0,22860.0,22840.0,22849.25,22850.75
2175,2025-08-03 18:00:00,2025-08-03T22:00:00+00:00,VALIDATED_SOURCE,WEEKLY,NQU5,2,DOUBLE_STOP,-118.0,9.75,1.0,9.75,0.0,0.0,0.0,DNA_TP_REGISTRY_STOP,MID_TOUCH,500,RESOLVED,BUY_TARGET,SELL,STOP,2025-08-03 22:00:00.612599187+00:00,TARGET,STOP,22860.0,22850.75,381.0,-49.0,332.0,22860.0,22840.0,22849.25,22850.75
2175,2025-08-03 18:00:00,2025-08-03T22:00:00+00:00,VALIDATED_SOURCE,WEEKLY,NQU5,2,DOUBLE_STOP,-118.0,9.75,1.0,9.75,0.0,0.0,0.0,DNA_TP_REGISTRY_STOP,BBO_EXECUTABLE,0,RESOLVED,DOUBLE_STOP,SELL,STOP,2025-08-03 22:00:00.011434951+00:00,STOP,STOP,22847.75,22852.0,-109.0,-99.0,-208.0,22860.0,22840.0,22849.25,22850.75
2175,2025-08-03 18:00:00,2025-08-03T22:00:00+00:00,VALIDATED_SOURCE,WEEKLY,NQU5,2,DOUBLE_STOP,-118.0,9.75,1.0,9.75,0.0,0.0,0.0,DNA_TP_REGISTRY_STOP,BBO_EXECUTABLE,1,RESOLVED,DOUBLE_STOP,SELL,STOP,2025-08-03 22:00:00.011434951+00:00,STOP,STOP,22847.75,22852.0,-109.0,-99.0,-208.0,22860.0,22840.0,22849.25,22850.75
2175,2025-08-03 18:00:00,2025-08-03T22:00:00+00:00,VALIDATED_SOURCE,WEEKLY,NQU5,2,DOUBLE_STOP,-118.0,9.75,1.0,9.75,0.0,0.0,0.0,DNA_TP_REGISTRY_STOP,BBO_EXECUTABLE,100,UNRESOLVED_BOTH_WORKERS_EXIT_SAME_EVENT,UNRESOLVED,,,,,,,,,,,,,,
2175,2025-08-03 18:00:00,2025-08-03T22:00:00+00:00,VALIDATED_SOURCE,WEEKLY,NQU5,2,DOUBLE_STOP,-118.0,9.75,1.0,9.75,0.0,0.0,0.0,DNA_TP_REGISTRY_STOP,BBO_EXECUTABLE,500,UNRESOLVED_BOTH_WORKERS_EXIT_SAME_EVENT,UNRESOLVED,,,,,,,,,,,,,,
2175,2025-08-03 18:00:00,2025-08-03T22:00:00+00:00,VALIDATED_SOURCE,WEEKLY,NQU5,2,DOUBLE_STOP,-118.0,9.75,1.0,9.75,0.0,0.0,0.0,DNA_TP_REGISTRY_STOP,LEGACY_STAGE3F,0,RESOLVED,DOUBLE_STOP,SELL,STOP,2025-08-03 22:00:00.011434951+00:00,STOP,STOP,22847.75,22852.0,-109.0,-99.0,-208.0,22860.0,22840.0,22849.25,22850.75
2175,2025-08-03 18:00:00,2025-08-03T22:00:00+00:00,VALIDATED_SOURCE,WEEKLY,NQU5,2,DOUBLE_STOP,-118.0,9.75,1.0,9.75,0.0,0.0,0.0,DNA_TP_REGISTRY_STOP,LEGACY_STAGE3F,1,RESOLVED,DOUBLE_STOP,SELL,STOP,2025-08-03 22:00:00.011434951+00:00,STOP,STOP,22847.75,22852.0,-109.0,-99.0,-208.0,22860.0,22840.0,22849.25,22850.75
2175,2025-08-03 18:00:00,2025-08-03T22:00:00+00:00,VALIDATED_SOURCE,WEEKLY,NQU5,2,DOUBLE_STOP,-118.0,9.75,1.0,9.75,0.0,0.0,0.0,DNA_TP_REGISTRY_STOP,LEGACY_STAGE3F,100,UNRESOLVED_BOTH_WORKERS_EXIT_SAME_EVENT,UNRESOLVED,,,,,,,,,,,,,,
2175,2025-08-03 18:00:00,2025-08-03T22:00:00+00:00,VALIDATED_SOURCE,WEEKLY,NQU5,2,DOUBLE_STOP,-118.0,9.75,1.0,9.75,0.0,0.0,0.0,DNA_TP_REGISTRY_STOP,LEGACY_STAGE3F,500,UNRESOLVED_BOTH_WORKERS_EXIT_SAME_EVENT,UNRESOLVED,,,,,,,,,,,,,,
2175,2025-08-03 18:00:00,2025-08-03T22:00:00+00:00,VALIDATED_SOURCE,WEEKLY,NQU5,2,DOUBLE_STOP,-118.0,9.75,1.0,9.75,0.0,0.0,0.0,FORMULA_TP_REGISTRY_STOP,TRADE_TOUCH,0,RESOLVED,DOUBLE_STOP,BUY,STOP,2025-08-03 22:00:00.090916277+00:00,STOP,STOP,22849.25,22850.75,-49.0,-49.0,-98.0,22860.0,22840.0,22849.25,22850.75
2175,2025-08-03 18:00:00,2025-08-03T22:00:00+00:00,VALIDATED_SOURCE,WEEKLY,NQU5,2,DOUBLE_STOP,-118.0,9.75,1.0,9.75,0.0,0.0,0.0,FORMULA_TP_REGISTRY_STOP,TRADE_TOUCH,1,RESOLVED,DOUBLE_STOP,BUY,STOP,2025-08-03 22:00:00.090916277+00:00,STOP,STOP,22849.25,22850.75,-49.0,-49.0,-98.0,22860.0,22840.0,22849.25,22850.75
2175,2025-08-03 18:00:00,2025-08-03T22:00:00+00:00,VALIDATED_SOURCE,WEEKLY,NQU5,2,DOUBLE_STOP,-118.0,9.75,1.0,9.75,0.0,0.0,0.0,FORMULA_TP_REGISTRY_STOP,TRADE_TOUCH,100,RESOLVED,DOUBLE_STOP,BUY,STOP,2025-08-03 22:00:00.124718131+00:00,STOP,STOP,22849.25,22850.75,-49.0,-49.0,-98.0,22860.0,22840.0,22849.25,22850.75
2175,2025-08-03 18:00:00,2025-08-03T22:00:00+00:00,VALIDATED_SOURCE,WEEKLY,NQU5,2,DOUBLE_STOP,-118.0,9.75,1.0,9.75,0.0,0.0,0.0,FORMULA_TP_REGISTRY_STOP,TRADE_TOUCH,500,RESOLVED,BUY_TARGET,SELL,STOP,2025-08-03 22:00:00.553907655+00:00,TARGET,STOP,22860.0,22850.75,381.0,-49.0,332.0,22860.0,22840.0,22849.25,22850.75
2175,2025-08-03 18:00:00,2025-08-03T22:00:00+00:00,VALIDATED_SOURCE,WEEKLY,NQU5,2,DOUBLE_STOP,-118.0,9.75,1.0,9.75,0.0,0.0,0.0,FORMULA_TP_REGISTRY_STOP,MID_TOUCH,0,RESOLVED,DOUBLE_STOP,SELL,STOP,2025-08-03 22:00:00.011434951+00:00,STOP,STOP,22849.25,22850.75,-49.0,-49.0,-98.0,22860.0,22840.0,22849.25,22850.75
2175,2025-08-03 18:00:00,2025-08-03T22:00:00+00:00,VALIDATED_SOURCE,WEEKLY,NQU5,2,DOUBLE_STOP,-118.0,9.75,1.0,9.75,0.0,0.0,0.0,FORMULA_TP_REGISTRY_STOP,MID_TOUCH,1,RESOLVED,DOUBLE_STOP,SELL,STOP,2025-08-03 22:00:00.011434951+00:00,STOP,STOP,22849.25,22850.75,-49.0,-49.0,-98.0,22860.0,22840.0,22849.25,22850.75
2175,2025-08-03 18:00:00,2025-08-03T22:00:00+00:00,VALIDATED_SOURCE,WEEKLY,NQU5,2,DOUBLE_STOP,-118.0,9.75,1.0,9.75,0.0,0.0,0.0,FORMULA_TP_REGISTRY_STOP,MID_TOUCH,100,RESOLVED,DOUBLE_STOP,BUY,STOP,2025-08-03 22:00:00.124718131+00:00,STOP,STOP,22849.25,22850.75,-49.0,-49.0,-98.0,22860.0,22840.0,22849.25,22850.75
2175,2025-08-03 18:00:00,2025-08-03T22:00:00+00:00,VALIDATED_SOURCE,WEEKLY,NQU5,2,DOUBLE_STOP,-118.0,9.75,1.0,9.75,0.0,0.0,0.0,FORMULA_TP_REGISTRY_STOP,MID_TOUCH,500,RESOLVED,BUY_TARGET,SELL,STOP,2025-08-03 22:00:00.612599187+00:00,TARGET,STOP,22860.0,22850.75,381.0,-49.0,332.0,22860.0,22840.0,22849.25,22850.75
2175,2025-08-03 18:00:00,2025-08-03T22:00:00+00:00,VALIDATED_SOURCE,WEEKLY,NQU5,2,DOUBLE_STOP,-118.0,9.75,1.0,9.75,0.0,0.0,0.0,FORMULA_TP_REGISTRY_STOP,BBO_EXECUTABLE,0,RESOLVED,DOUBLE_STOP,SELL,STOP,2025-08-03 22:00:00.011434951+00:00,STOP,STOP,22847.75,22852.0,-109.0,-99.0,-208.0,22860.0,22840.0,22849.25,22850.75
2175,2025-08-03 18:00:00,2025-08-03T22:00:00+00:00,VALIDATED_SOURCE,WEEKLY,NQU5,2,DOUBLE_STOP,-118.0,9.75,1.0,9.75,0.0,0.0,0.0,FORMULA_TP_REGISTRY_STOP,BBO_EXECUTABLE,1,RESOLVED,DOUBLE_STOP,SELL,STOP,2025-08-03 22:00:00.011434951+00:00,STOP,STOP,22847.75,22852.0,-109.0,-99.0,-208.0,22860.0,22840.0,22849.25,22850.75
2175,2025-08-03 18:00:00,2025-08-03T22:00:00+00:00,VALIDATED_SOURCE,WEEKLY,NQU5,2,DOUBLE_STOP,-118.0,9.75,1.0,9.75,0.0,0.0,0.0,FORMULA_TP_REGISTRY_STOP,BBO_EXECUTABLE,100,UNRESOLVED_BOTH_WORKERS_EXIT_SAME_EVENT,UNRESOLVED,,,,,,,,,,,,,,
2175,2025-08-03 18:00:00,2025-08-03T22:00:00+00:00,VALIDATED_SOURCE,WEEKLY,NQU5,2,DOUBLE_STOP,-118.0,9.75,1.0,9.75,0.0,0.0,0.0,FORMULA_TP_REGISTRY_STOP,BBO_EXECUTABLE,500,UNRESOLVED_BOTH_WORKERS_EXIT_SAME_EVENT,UNRESOLVED,,,,,,,,,,,,,,
2175,2025-08-03 18:00:00,2025-08-03T22:00:00+00:00,VALIDATED_SOURCE,WEEKLY,NQU5,2,DOUBLE_STOP,-118.0,9.75,1.0,9.75,0.0,0.0,0.0,FORMULA_TP_REGISTRY_STOP,LEGACY_STAGE3F,0,RESOLVED,DOUBLE_STOP,SELL,STOP,2025-08-03 22:00:00.011434951+00:00,STOP,STOP,22847.75,22852.0,-109.0,-99.0,-208.0,22860.0,22840.0,22849.25,22850.75
2175,2025-08-03 18:00:00,2025-08-03T22:00:00+00:00,VALIDATED_SOURCE,WEEKLY,NQU5,2,DOUBLE_STOP,-118.0,9.75,1.0,9.75,0.0,0.0,0.0,FORMULA_TP_REGISTRY_STOP,LEGACY_STAGE3F,1,RESOLVED,DOUBLE_STOP,SELL,STOP,2025-08-03 22:00:00.011434951+00:00,STOP,STOP,22847.75,22852.0,-109.0,-99.0,-208.0,22860.0,22840.0,22849.25,22850.75
2175,2025-08-03 18:00:00,2025-08-03T22:00:00+00:00,VALIDATED_SOURCE,WEEKLY,NQU5,2,DOUBLE_STOP,-118.0,9.75,1.0,9.75,0.0,0.0,0.0,FORMULA_TP_REGISTRY_STOP,LEGACY_STAGE3F,100,UNRESOLVED_BOTH_WORKERS_EXIT_SAME_EVENT,UNRESOLVED,,,,,,,,,,,,,,
2175,2025-08-03 18:00:00,2025-08-03T22:00:00+00:00,VALIDATED_SOURCE,WEEKLY,NQU5,2,DOUBLE_STOP,-118.0,9.75,1.0,9.75,0.0,0.0,0.0,FORMULA_TP_REGISTRY_STOP,LEGACY_STAGE3F,500,UNRESOLVED_BOTH_WORKERS_EXIT_SAME_EVENT,UNRESOLVED,,,,,,,,,,,,,,
2176,2025-08-04 09:30:00,2025-08-04T13:30:00+00:00,VALIDATED_SOURCE,NY,NQU5,2,DOUBLE_STOP,-118.0,16.0,1.0,16.0,0.0,0.0,0.0,DNA_TP_DNA_SP,TRADE_TOUCH,0,RESOLVED,DOUBLE_STOP,SELL,STOP,2025-08-04 13:30:00.001358323+00:00,STOP,STOP,23093.25,23094.75,-49.0,-49.0,-98.0,23110.25,23077.75,23093.25,23094.75
2176,2025-08-04 09:30:00,2025-08-04T13:30:00+00:00,VALIDATED_SOURCE,NY,NQU5,2,DOUBLE_STOP,-118.0,16.0,1.0,16.0,0.0,0.0,0.0,DNA_TP_DNA_SP,TRADE_TOUCH,1,RESOLVED,DOUBLE_STOP,SELL,STOP,2025-08-04 13:30:00.001358323+00:00,STOP,STOP,23093.25,23094.75,-49.0,-49.0,-98.0,23110.25,23077.75,23093.25,23094.75
2176,2025-08-04 09:30:00,2025-08-04T13:30:00+00:00,VALIDATED_SOURCE,NY,NQU5,2,DOUBLE_STOP,-118.0,16.0,1.0,16.0,0.0,0.0,0.0,DNA_TP_DNA_SP,TRADE_TOUCH,100,RESOLVED,DOUBLE_STOP,SELL,STOP,2025-08-04 13:30:00.106468161+00:00,STOP,STOP,23093.25,23094.75,-49.0,-49.0,-98.0,23110.25,23077.75,23093.25,23094.75
2176,2025-08-04 09:30:00,2025-08-04T13:30:00+00:00,VALIDATED_SOURCE,NY,NQU5,2,DOUBLE_STOP,-118.0,16.0,1.0,16.0,0.0,0.0,0.0,DNA_TP_DNA_SP,TRADE_TOUCH,500,RESOLVED,DOUBLE_STOP,SELL,STOP,2025-08-04 13:30:00.501381329+00:00,STOP,STOP,23093.25,23094.75,-49.0,-49.0,-98.0,23110.25,23077.75,23093.25,23094.75
2176,2025-08-04 09:30:00,2025-08-04T13:30:00+00:00,VALIDATED_SOURCE,NY,NQU5,2,DOUBLE_STOP,-118.0,16.0,1.0,16.0,0.0,0.0,0.0,DNA_TP_DNA_SP,MID_TOUCH,0,RESOLVED,DOUBLE_STOP,SELL,STOP,2025-08-04 13:30:00.005456993+00:00,STOP,STOP,23093.25,23094.75,-49.0,-49.0,-98.0,23110.25,23077.75,23093.25,23094.75
2176,2025-08-04 09:30:00,2025-08-04T13:30:00+00:00,VALIDATED_SOURCE,NY,NQU5,2,DOUBLE_STOP,-118.0,16.0,1.0,16.0,0.0,0.0,0.0,DNA_TP_DNA_SP,MID_TOUCH,1,RESOLVED,DOUBLE_STOP,SELL,STOP,2025-08-04 13:30:00.005456993+00:00,STOP,STOP,23093.25,23094.75,-49.0,-49.0,-98.0,23110.25,23077.75,23093.25,23094.75
2176,2025-08-04 09:30:00,2025-08-04T13:30:00+00:00,VALIDATED_SOURCE,NY,NQU5,2,DOUBLE_STOP,-118.0,16.0,1.0,16.0,0.0,0.0,0.0,DNA_TP_DNA_SP,MID_TOUCH,100,RESOLVED,DOUBLE_STOP,SELL,STOP,2025-08-04 13:30:00.106468161+00:00,STOP,STOP,23093.25,23094.75,-49.0,-49.0,-98.0,23110.25,23077.75,23093.25,23094.75
2176,2025-08-04 09:30:00,2025-08-04T13:30:00+00:00,VALIDATED_SOURCE,NY,NQU5,2,DOUBLE_STOP,-118.0,16.0,1.0,16.0,0.0,0.0,0.0,DNA_TP_DNA_SP,MID_TOUCH,500,RESOLVED,DOUBLE_STOP,SELL,STOP,2025-08-04 13:30:00.501381329+00:00,STOP,STOP,23093.25,23094.75,-49.0,-49.0,-98.0,23110.25,23077.75,23093.25,23094.75
2176,2025-08-04 09:30:00,2025-08-04T13:30:00+00:00,VALIDATED_SOURCE,NY,NQU5,2,DOUBLE_STOP,-118.0,16.0,1.0,16.0,0.0,0.0,0.0,DNA_TP_DNA_SP,BBO_EXECUTABLE,0,RESOLVED,DOUBLE_STOP,SELL,STOP,2025-08-04 13:30:00.001358323+00:00,STOP,STOP,23093.25,23094.75,-49.0,-49.0,-98.0,23110.25,23077.75,23093.25,23094.75
2176,2025-08-04 09:30:00,2025-08-04T13:30:00+00:00,VALIDATED_SOURCE,NY,NQU5,2,DOUBLE_STOP,-118.0,16.0,1.0,16.0,0.0,0.0,0.0,DNA_TP_DNA_SP,BBO_EXECUTABLE,1,RESOLVED,DOUBLE_STOP,SELL,STOP,2025-08-04 13:30:00.001358323+00:00,STOP,STOP,23093.25,23094.75,-49.0,-49.0,-98.0,23110.25,23077.75,23093.25,23094.75
2176,2025-08-04 09:30:00,2025-08-04T13:30:00+00:00,VALIDATED_SOURCE,NY,NQU5,2,DOUBLE_STOP,-118.0,16.0,1.0,16.0,0.0,0.0,0.0,DNA_TP_DNA_SP,BBO_EXECUTABLE,100,RESOLVED,DOUBLE_STOP,SELL,STOP,2025-08-04 13:30:00.106468161+00:00,STOP,STOP,23093.25,23096.25,-49.0,-109.0,-158.0,23110.25,23077.75,23093.25,23094.75
2176,2025-08-04 09:30:00,2025-08-04T13:30:00+00:00,VALIDATED_SOURCE,NY,NQU5,2,DOUBLE_STOP,-118.0,16.0,1.0,16.0,0.0,0.0,0.0,DNA_TP_DNA_SP,BBO_EXECUTABLE,500,RESOLVED,DOUBLE_STOP,SELL,STOP,2025-08-04 13:30:00.501381329+00:00,STOP,STOP,23093.25,23096.25,-49.0,-109.0,-158.0,23110.25,23077.75,23093.25,23094.75
2176,2025-08-04 09:30:00,2025-08-04T13:30:00+00:00,VALIDATED_SOURCE,NY,NQU5,2,DOUBLE_STOP,-118.0,16.0,1.0,16.0,0.0,0.0,0.0,DNA_TP_DNA_SP,LEGACY_STAGE3F,0,RESOLVED,DOUBLE_STOP,SELL,STOP,2025-08-04 13:30:00.001358323+00:00,STOP,STOP,23093.25,23094.75,-49.0,-49.0,-98.0,23110.25,23077.75,23093.25,23094.75
2176,2025-08-04 09:30:00,2025-08-04T13:30:00+00:00,VALIDATED_SOURCE,NY,NQU5,2,DOUBLE_STOP,-118.0,16.0,1.0,16.0,0.0,0.0,0.0,DNA_TP_DNA_SP,LEGACY_STAGE3F,1,RESOLVED,DOUBLE_STOP,SELL,STOP,2025-08-04 13:30:00.001358323+00:00,STOP,STOP,23093.25,23094.75,-49.0,-49.0,-98.0,23110.25,23077.75,23093.25,23094.75
2176,2025-08-04 09:30:00,2025-08-04T13:30:00+00:00,VALIDATED_SOURCE,NY,NQU5,2,DOUBLE_STOP,-118.0,16.0,1.0,16.0,0.0,0.0,0.0,DNA_TP_DNA_SP,LEGACY_STAGE3F,100,RESOLVED,DOUBLE_STOP,SELL,STOP,2025-08-04 13:30:00.106468161+00:00,STOP,STOP,23093.25,23096.25,-49.0,-109.0,-158.0,23110.25,23077.75,23093.25,23094.75
2176,2025-08-04 09:30:00,2025-08-04T13:30:00+00:00,VALIDATED_SOURCE,NY,NQU5,2,DOUBLE_STOP,-118.0,16.0,1.0,16.0,0.0,0.0,0.0,DNA_TP_DNA_SP,LEGACY_STAGE3F,500,RESOLVED,DOUBLE_STOP,SELL,STOP,2025-08-04 13:30:00.501381329+00:00,STOP,STOP,23093.25,23096.25,-49.0,-109.0,-158.0,23110.25,23077.75,23093.25,23094.75
2176,2025-08-04 09:30:00,2025-08-04T13:30:00+00:00,VALIDATED_SOURCE,NY,NQU5,2,DOUBLE_STOP,-118.0,16.0,1.0,16.0,0.0,0.0,0.0,DNA_TP_REGISTRY_STOP,TRADE_TOUCH,0,RESOLVED,DOUBLE_STOP,SELL,STOP,2025-08-04 13:30:00.001358323+00:00,STOP,STOP,23093.25,23094.75,-49.0,-49.0,-98.0,23110.25,23077.75,23093.25,23094.75
2176,2025-08-04 09:30:00,2025-08-04T13:30:00+00:00,VALIDATED_SOURCE,NY,NQU5,2,DOUBLE_STOP,-118.0,16.0,1.0,16.0,0.0,0.0,0.0,DNA_TP_REGISTRY_STOP,TRADE_TOUCH,1,RESOLVED,DOUBLE_STOP,SELL,STOP,2025-08-04 13:30:00.001358323+00:00,STOP,STOP,23093.25,23094.75,-49.0,-49.0,-98.0,23110.25,23077.75,23093.25,23094.75
2176,2025-08-04 09:30:00,2025-08-04T13:30:00+00:00,VALIDATED_SOURCE,NY,NQU5,2,DOUBLE_STOP,-118.0,16.0,1.0,16.0,0.0,0.0,0.0,DNA_TP_REGISTRY_STOP,TRADE_TOUCH,100,RESOLVED,DOUBLE_STOP,SELL,STOP,2025-08-04 13:30:00.106468161+00:00,STOP,STOP,23093.25,23094.75,-49.0,-49.0,-98.0,23110.25,23077.75,23093.25,23094.75
2176,2025-08-04 09:30:00,2025-08-04T13:30:00+00:00,VALIDATED_SOURCE,NY,NQU5,2,DOUBLE_STOP,-118.0,16.0,1.0,16.0,0.0,0.0,0.0,DNA_TP_REGISTRY_STOP,TRADE_TOUCH,500,RESOLVED,DOUBLE_STOP,SELL,STOP,2025-08-04 13:30:00.501381329+00:00,STOP,STOP,23093.25,23094.75,-49.0,-49.0,-98.0,23110.25,23077.75,23093.25,23094.75
2176,2025-08-04 09:30:00,2025-08-04T13:30:00+00:00,VALIDATED_SOURCE,NY,NQU5,2,DOUBLE_STOP,-118.0,16.0,1.0,16.0,0.0,0.0,0.0,DNA_TP_REGISTRY_STOP,MID_TOUCH,0,RESOLVED,DOUBLE_STOP,SELL,STOP,2025-08-04 13:30:00.005456993+00:00,STOP,STOP,23093.25,23094.75,-49.0,-49.0,-98.0,23110.25,23077.75,23093.25,23094.75
2176,2025-08-04 09:30:00,2025-08-04T13:30:00+00:00,VALIDATED_SOURCE,NY,NQU5,2,DOUBLE_STOP,-118.0,16.0,1.0,16.0,0.0,0.0,0.0,DNA_TP_REGISTRY_STOP,MID_TOUCH,1,RESOLVED,DOUBLE_STOP,SELL,STOP,2025-08-04 13:30:00.005456993+00:00,STOP,STOP,23093.25,23094.75,-49.0,-49.0,-98.0,23110.25,23077.75,23093.25,23094.75
2176,2025-08-04 09:30:00,2025-08-04T13:30:00+00:00,VALIDATED_SOURCE,NY,NQU5,2,DOUBLE_STOP,-118.0,16.0,1.0,16.0,0.0,0.0,0.0,DNA_TP_REGISTRY_STOP,MID_TOUCH,100,RESOLVED,DOUBLE_STOP,SELL,STOP,2025-08-04 13:30:00.106468161+00:00,STOP,STOP,23093.25,23094.75,-49.0,-49.0,-98.0,23110.25,23077.75,23093.25,23094.75
2176,2025-08-04 09:30:00,2025-08-04T13:30:00+00:00,VALIDATED_SOURCE,NY,NQU5,2,DOUBLE_STOP,-118.0,16.0,1.0,16.0,0.0,0.0,0.0,DNA_TP_REGISTRY_STOP,MID_TOUCH,500,RESOLVED,DOUBLE_STOP,SELL,STOP,2025-08-04 13:30:00.501381329+00:00,STOP,STOP,23093.25,23094.75,-49.0,-49.0,-98.0,23110.25,23077.75,23093.25,23094.75
2176,2025-08-04 09:30:00,2025-08-04T13:30:00+00:00,VALIDATED_SOURCE,NY,NQU5,2,DOUBLE_STOP,-118.0,16.0,1.0,16.0,0.0,0.0,0.0,DNA_TP_REGISTRY_STOP,BBO_EXECUTABLE,0,RESOLVED,DOUBLE_STOP,SELL,STOP,2025-08-04 13:30:00.001358323+00:00,STOP,STOP,23093.25,23094.75,-49.0,-49.0,-98.0,23110.25,23077.75,23093.25,23094.75
2176,2025-08-04 09:30:00,2025-08-04T13:30:00+00:00,VALIDATED_SOURCE,NY,NQU5,2,DOUBLE_STOP,-118.0,16.0,1.0,16.0,0.0,0.0,0.0,DNA_TP_REGISTRY_STOP,BBO_EXECUTABLE,1,RESOLVED,DOUBLE_STOP,SELL,STOP,2025-08-04 13:30:00.001358323+00:00,STOP,STOP,23093.25,23094.75,-49.0,-49.0,-98.0,23110.25,23077.75,23093.25,23094.75
2176,2025-08-04 09:30:00,2025-08-04T13:30:00+00:00,VALIDATED_SOURCE,NY,NQU5,2,DOUBLE_STOP,-118.0,16.0,1.0,16.0,0.0,0.0,0.0,DNA_TP_REGISTRY_STOP,BBO_EXECUTABLE,100,RESOLVED,DOUBLE_STOP,SELL,STOP,2025-08-04 13:30:00.106468161+00:00,STOP,STOP,23093.25,23096.25,-49.0,-109.0,-158.0,23110.25,23077.75,23093.25,23094.75
2176,2025-08-04 09:30:00,2025-08-04T13:30:00+00:00,VALIDATED_SOURCE,NY,NQU5,2,DOUBLE_STOP,-118.0,16.0,1.0,16.0,0.0,0.0,0.0,DNA_TP_REGISTRY_STOP,BBO_EXECUTABLE,500,RESOLVED,DOUBLE_STOP,SELL,STOP,2025-08-04 13:30:00.501381329+00:00,STOP,STOP,23093.25,23096.25,-49.0,-109.0,-158.0,23110.25,23077.75,23093.25,23094.75
2176,2025-08-04 09:30:00,2025-08-04T13:30:00+00:00,VALIDATED_SOURCE,NY,NQU5,2,DOUBLE_STOP,-118.0,16.0,1.0,16.0,0.0,0.0,0.0,DNA_TP_REGISTRY_STOP,LEGACY_STAGE3F,0,RESOLVED,DOUBLE_STOP,SELL,STOP,2025-08-04 13:30:00.001358323+00:00,STOP,STOP,23093.25,23094.75,-49.0,-49.0,-98.0,23110.25,23077.75,23093.25,23094.75
2176,2025-08-04 09:30:00,2025-08-04T13:30:00+00:00,VALIDATED_SOURCE,NY,NQU5,2,DOUBLE_STOP,-118.0,16.0,1.0,16.0,0.0,0.0,0.0,DNA_TP_REGISTRY_STOP,LEGACY_STAGE3F,1,RESOLVED,DOUBLE_STOP,SELL,STOP,2025-08-04 13:30:00.001358323+00:00,STOP,STOP,23093.25,23094.75,-49.0,-49.0,-98.0,23110.25,23077.75,23093.25,23094.75
2176,2025-08-04 09:30:00,2025-08-04T13:30:00+00:00,VALIDATED_SOURCE,NY,NQU5,2,DOUBLE_STOP,-118.0,16.0,1.0,16.0,0.0,0.0,0.0,DNA_TP_REGISTRY_STOP,LEGACY_STAGE3F,100,RESOLVED,DOUBLE_STOP,SELL,STOP,2025-08-04 13:30:00.106468161+00:00,STOP,STOP,23093.25,23096.25,-49.0,-109.0,-158.0,23110.25,23077.75,23093.25,23094.75
2176,2025-08-04 09:30:00,2025-08-04T13:30:00+00:00,VALIDATED_SOURCE,NY,NQU5,2,DOUBLE_STOP,-118.0,16.0,1.0,16.0,0.0,0.0,0.0,DNA_TP_REGISTRY_STOP,LEGACY_STAGE3F,500,RESOLVED,DOUBLE_STOP,SELL,STOP,2025-08-04 13:30:00.501381329+00:00,STOP,STOP,23093.25,23096.25,-49.0,-109.0,-158.0,23110.25,23077.75,23093.25,23094.75
2176,2025-08-04 09:30:00,2025-08-04T13:30:00+00:00,VALIDATED_SOURCE,NY,NQU5,2,DOUBLE_STOP,-118.0,16.0,1.0,16.0,0.0,0.0,0.0,FORMULA_TP_REGISTRY_STOP,TRADE_TOUCH,0,RESOLVED,DOUBLE_STOP,SELL,STOP,2025-08-04 13:30:00.001358323+00:00,STOP,STOP,23093.25,23094.75,-49.0,-49.0,-98.0,23110.25,23077.75,23093.25,23094.75
2176,2025-08-04 09:30:00,2025-08-04T13:30:00+00:00,VALIDATED_SOURCE,NY,NQU5,2,DOUBLE_STOP,-118.0,16.0,1.0,16.0,0.0,0.0,0.0,FORMULA_TP_REGISTRY_STOP,TRADE_TOUCH,1,RESOLVED,DOUBLE_STOP,SELL,STOP,2025-08-04 13:30:00.001358323+00:00,STOP,STOP,23093.25,23094.75,-49.0,-49.0,-98.0,23110.25,23077.75,23093.25,23094.75
2176,2025-08-04 09:30:00,2025-08-04T13:30:00+00:00,VALIDATED_SOURCE,NY,NQU5,2,DOUBLE_STOP,-118.0,16.0,1.0,16.0,0.0,0.0,0.0,FORMULA_TP_REGISTRY_STOP,TRADE_TOUCH,100,RESOLVED,DOUBLE_STOP,SELL,STOP,2025-08-04 13:30:00.106468161+00:00,STOP,STOP,23093.25,23094.75,-49.0,-49.0,-98.0,23110.25,23077.75,23093.25,23094.75
2176,2025-08-04 09:30:00,2025-08-04T13:30:00+00:00,VALIDATED_SOURCE,NY,NQU5,2,DOUBLE_STOP,-118.0,16.0,1.0,16.0,0.0,0.0,0.0,FORMULA_TP_REGISTRY_STOP,TRADE_TOUCH,500,RESOLVED,DOUBLE_STOP,SELL,STOP,2025-08-04 13:30:00.501381329+00:00,STOP,STOP,23093.25,23094.75,-49.0,-49.0,-98.0,23110.25,23077.75,23093.25,23094.75
2176,2025-08-04 09:30:00,2025-08-04T13:30:00+00:00,VALIDATED_SOURCE,NY,NQU5,2,DOUBLE_STOP,-118.0,16.0,1.0,16.0,0.0,0.0,0.0,FORMULA_TP_REGISTRY_STOP,MID_TOUCH,0,RESOLVED,DOUBLE_STOP,SELL,STOP,2025-08-04 13:30:00.005456993+00:00,STOP,STOP,23093.25,23094.75,-49.0,-49.0,-98.0,23110.25,23077.75,23093.25,23094.75
2176,2025-08-04 09:30:00,2025-08-04T13:30:00+00:00,VALIDATED_SOURCE,NY,NQU5,2,DOUBLE_STOP,-118.0,16.0,1.0,16.0,0.0,0.0,0.0,FORMULA_TP_REGISTRY_STOP,MID_TOUCH,1,RESOLVED,DOUBLE_STOP,SELL,STOP,2025-08-04 13:30:00.005456993+00:00,STOP,STOP,23093.25,23094.75,-49.0,-49.0,-98.0,23110.25,23077.75,23093.25,23094.75
2176,2025-08-04 09:30:00,2025-08-04T13:30:00+00:00,VALIDATED_SOURCE,NY,NQU5,2,DOUBLE_STOP,-118.0,16.0,1.0,16.0,0.0,0.0,0.0,FORMULA_TP_REGISTRY_STOP,MID_TOUCH,100,RESOLVED,DOUBLE_STOP,SELL,STOP,2025-08-04 13:30:00.106468161+00:00,STOP,STOP,23093.25,23094.75,-49.0,-49.0,-98.0,23110.25,23077.75,23093.25,23094.75
2176,2025-08-04 09:30:00,2025-08-04T13:30:00+00:00,VALIDATED_SOURCE,NY,NQU5,2,DOUBLE_STOP,-118.0,16.0,1.0,16.0,0.0,0.0,0.0,FORMULA_TP_REGISTRY_STOP,MID_TOUCH,500,RESOLVED,DOUBLE_STOP,SELL,STOP,2025-08-04 13:30:00.501381329+00:00,STOP,STOP,23093.25,23094.75,-49.0,-49.0,-98.0,23110.25,23077.75,23093.25,23094.75
2176,2025-08-04 09:30:00,2025-08-04T13:30:00+00:00,VALIDATED_SOURCE,NY,NQU5,2,DOUBLE_STOP,-118.0,16.0,1.0,16.0,0.0,0.0,0.0,FORMULA_TP_REGISTRY_STOP,BBO_EXECUTABLE,0,RESOLVED,DOUBLE_STOP,SELL,STOP,2025-08-04 13:30:00.001358323+00:00,STOP,STOP,23093.25,23094.75,-49.0,-49.0,-98.0,23110.25,23077.75,23093.25,23094.75
2176,2025-08-04 09:30:00,2025-08-04T13:30:00+00:00,VALIDATED_SOURCE,NY,NQU5,2,DOUBLE_STOP,-118.0,16.0,1.0,16.0,0.0,0.0,0.0,FORMULA_TP_REGISTRY_STOP,BBO_EXECUTABLE,1,RESOLVED,DOUBLE_STOP,SELL,STOP,2025-08-04 13:30:00.001358323+00:00,STOP,STOP,23093.25,23094.75,-49.0,-49.0,-98.0,23110.25,23077.75,23093.25,23094.75
2176,2025-08-04 09:30:00,2025-08-04T13:30:00+00:00,VALIDATED_SOURCE,NY,NQU5,2,DOUBLE_STOP,-118.0,16.0,1.0,16.0,0.0,0.0,0.0,FORMULA_TP_REGISTRY_STOP,BBO_EXECUTABLE,100,RESOLVED,DOUBLE_STOP,SELL,STOP,2025-08-04 13:30:00.106468161+00:00,STOP,STOP,23093.25,23096.25,-49.0,-109.0,-158.0,23110.25,23077.75,23093.25,23094.75
2176,2025-08-04 09:30:00,2025-08-04T13:30:00+00:00,VALIDATED_SOURCE,NY,NQU5,2,DOUBLE_STOP,-118.0,16.0,1.0,16.0,0.0,0.0,0.0,FORMULA_TP_REGISTRY_STOP,BBO_EXECUTABLE,500,RESOLVED,DOUBLE_STOP,SELL,STOP,2025-08-04 13:30:00.501381329+00:00,STOP,STOP,23093.25,23096.25,-49.0,-109.0,-158.0,23110.25,23077.75,23093.25,23094.75
2176,2025-08-04 09:30:00,2025-08-04T13:30:00+00:00,VALIDATED_SOURCE,NY,NQU5,2,DOUBLE_STOP,-118.0,16.0,1.0,16.0,0.0,0.0,0.0,FORMULA_TP_REGISTRY_STOP,LEGACY_STAGE3F,0,RESOLVED,DOUBLE_STOP,SELL,STOP,2025-08-04 13:30:00.001358323+00:00,STOP,STOP,23093.25,23094.75,-49.0,-49.0,-98.0,23110.25,23077.75,23093.25,23094.75
2176,2025-08-04 09:30:00,2025-08-04T13:30:00+00:00,VALIDATED_SOURCE,NY,NQU5,2,DOUBLE_STOP,-118.0,16.0,1.0,16.0,0.0,0.0,0.0,FORMULA_TP_REGISTRY_STOP,LEGACY_STAGE3F,1,RESOLVED,DOUBLE_STOP,SELL,STOP,2025-08-04 13:30:00.001358323+00:00,STOP,STOP,23093.25,23094.75,-49.0,-49.0,-98.0,23110.25,23077.75,23093.25,23094.75
2176,2025-08-04 09:30:00,2025-08-04T13:30:00+00:00,VALIDATED_SOURCE,NY,NQU5,2,DOUBLE_STOP,-118.0,16.0,1.0,16.0,0.0,0.0,0.0,FORMULA_TP_REGISTRY_STOP,LEGACY_STAGE3F,100,RESOLVED,DOUBLE_STOP,SELL,STOP,2025-08-04 13:30:00.106468161+00:00,STOP,STOP,23093.25,23096.25,-49.0,-109.0,-158.0,23110.25,23077.75,23093.25,23094.75
2176,2025-08-04 09:30:00,2025-08-04T13:30:00+00:00,VALIDATED_SOURCE,NY,NQU5,2,DOUBLE_STOP,-118.0,16.0,1.0,16.0,0.0,0.0,0.0,FORMULA_TP_REGISTRY_STOP,LEGACY_STAGE3F,500,RESOLVED,DOUBLE_STOP,SELL,STOP,2025-08-04 13:30:00.501381329+00:00,STOP,STOP,23093.25,23096.25,-49.0,-109.0,-158.0,23110.25,23077.75,23093.25,23094.75
2177,2025-08-04 18:00:00,2025-08-04T22:00:00+00:00,VALIDATED_SOURCE,WEEKDAY_PREMIUM,NQU5,2,DOUBLE_STOP,-118.0,10.0,1.0,10.0,0.0,0.0,0.0,DNA_TP_DNA_SP,TRADE_TOUCH,0,RESOLVED,DOUBLE_STOP,BUY,STOP,2025-08-04 22:00:00.014832971+00:00,STOP,STOP,23353.25,23354.75,-49.0,-49.0,-98.0,23364.25,23343.75,23353.25,23354.75
2177,2025-08-04 18:00:00,2025-08-04T22:00:00+00:00,VALIDATED_SOURCE,WEEKDAY_PREMIUM,NQU5,2,DOUBLE_STOP,-118.0,10.0,1.0,10.0,0.0,0.0,0.0,DNA_TP_DNA_SP,TRADE_TOUCH,1,RESOLVED,DOUBLE_STOP,BUY,STOP,2025-08-04 22:00:00.014832971+00:00,STOP,STOP,23353.25,23354.75,-49.0,-49.0,-98.0,23364.25,23343.75,23353.25,23354.75
2177,2025-08-04 18:00:00,2025-08-04T22:00:00+00:00,VALIDATED_SOURCE,WEEKDAY_PREMIUM,NQU5,2,DOUBLE_STOP,-118.0,10.0,1.0,10.0,0.0,0.0,0.0,DNA_TP_DNA_SP,TRADE_TOUCH,100,RESOLVED,DOUBLE_STOP,BUY,STOP,2025-08-04 22:00:00.115589063+00:00,STOP,STOP,23353.25,23354.75,-49.0,-49.0,-98.0,23364.25,23343.75,23353.25,23354.75
2177,2025-08-04 18:00:00,2025-08-04T22:00:00+00:00,VALIDATED_SOURCE,WEEKDAY_PREMIUM,NQU5,2,DOUBLE_STOP,-118.0,10.0,1.0,10.0,0.0,0.0,0.0,DNA_TP_DNA_SP,TRADE_TOUCH,500,RESOLVED,DOUBLE_STOP,SELL,STOP,2025-08-04 22:00:00.508833083+00:00,STOP,STOP,23353.25,23354.75,-49.0,-49.0,-98.0,23364.25,23343.75,23353.25,23354.75
2177,2025-08-04 18:00:00,2025-08-04T22:00:00+00:00,VALIDATED_SOURCE,WEEKDAY_PREMIUM,NQU5,2,DOUBLE_STOP,-118.0,10.0,1.0,10.0,0.0,0.0,0.0,DNA_TP_DNA_SP,MID_TOUCH,0,RESOLVED,DOUBLE_STOP,BUY,STOP,2025-08-04 22:00:00.017757959+00:00,STOP,STOP,23353.25,23354.75,-49.0,-49.0,-98.0,23364.25,23343.75,23353.25,23354.75
2177,2025-08-04 18:00:00,2025-08-04T22:00:00+00:00,VALIDATED_SOURCE,WEEKDAY_PREMIUM,NQU5,2,DOUBLE_STOP,-118.0,10.0,1.0,10.0,0.0,0.0,0.0,DNA_TP_DNA_SP,MID_TOUCH,1,RESOLVED,DOUBLE_STOP,BUY,STOP,2025-08-04 22:00:00.017757959+00:00,STOP,STOP,23353.25,23354.75,-49.0,-49.0,-98.0,23364.25,23343.75,23353.25,23354.75
2177,2025-08-04 18:00:00,2025-08-04T22:00:00+00:00,VALIDATED_SOURCE,WEEKDAY_PREMIUM,NQU5,2,DOUBLE_STOP,-118.0,10.0,1.0,10.0,0.0,0.0,0.0,DNA_TP_DNA_SP,MID_TOUCH,100,RESOLVED,DOUBLE_STOP,BUY,STOP,2025-08-04 22:00:00.115589063+00:00,STOP,STOP,23353.25,23354.75,-49.0,-49.0,-98.0,23364.25,23343.75,23353.25,23354.75
2177,2025-08-04 18:00:00,2025-08-04T22:00:00+00:00,VALIDATED_SOURCE,WEEKDAY_PREMIUM,NQU5,2,DOUBLE_STOP,-118.0,10.0,1.0,10.0,0.0,0.0,0.0,DNA_TP_DNA_SP,MID_TOUCH,500,RESOLVED,DOUBLE_STOP,SELL,STOP,2025-08-04 22:00:00.508833083+00:00,STOP,STOP,23353.25,23354.75,-49.0,-49.0,-98.0,23364.25,23343.75,23353.25,23354.75
2177,2025-08-04 18:00:00,2025-08-04T22:00:00+00:00,VALIDATED_SOURCE,WEEKDAY_PREMIUM,NQU5,2,DOUBLE_STOP,-118.0,10.0,1.0,10.0,0.0,0.0,0.0,DNA_TP_DNA_SP,BBO_EXECUTABLE,0,RESOLVED,DOUBLE_STOP,SELL,STOP,2025-08-04 22:00:00.005266717+00:00,STOP,STOP,23353.0,23355.25,-59.0,-69.0,-128.0,23364.25,23343.75,23353.25,23354.75
2177,2025-08-04 18:00:00,2025-08-04T22:00:00+00:00,VALIDATED_SOURCE,WEEKDAY_PREMIUM,NQU5,2,DOUBLE_STOP,-118.0,10.0,1.0,10.0,0.0,0.0,0.0,DNA_TP_DNA_SP,BBO_EXECUTABLE,1,RESOLVED,DOUBLE_STOP,SELL,STOP,2025-08-04 22:00:00.005266717+00:00,STOP,STOP,23353.0,23355.25,-59.0,-69.0,-128.0,23364.25,23343.75,23353.25,23354.75
2177,2025-08-04 18:00:00,2025-08-04T22:00:00+00:00,VALIDATED_SOURCE,WEEKDAY_PREMIUM,NQU5,2,DOUBLE_STOP,-118.0,10.0,1.0,10.0,0.0,0.0,0.0,DNA_TP_DNA_SP,BBO_EXECUTABLE,100,RESOLVED,DOUBLE_STOP,BUY,STOP,2025-08-04 22:00:00.115589063+00:00,STOP,STOP,23351.0,23355.25,-139.0,-69.0,-208.0,23364.25,23343.75,23353.25,23354.75
2177,2025-08-04 18:00:00,2025-08-04T22:00:00+00:00,VALIDATED_SOURCE,WEEKDAY_PREMIUM,NQU5,2,DOUBLE_STOP,-118.0,10.0,1.0,10.0,0.0,0.0,0.0,DNA_TP_DNA_SP,BBO_EXECUTABLE,500,RESOLVED,DOUBLE_STOP,SELL,STOP,2025-08-04 22:00:00.508833083+00:00,STOP,STOP,23351.75,23359.75,-109.0,-249.0,-358.0,23364.25,23343.75,23353.25,23354.75
2177,2025-08-04 18:00:00,2025-08-04T22:00:00+00:00,VALIDATED_SOURCE,WEEKDAY_PREMIUM,NQU5,2,DOUBLE_STOP,-118.0,10.0,1.0,10.0,0.0,0.0,0.0,DNA_TP_DNA_SP,LEGACY_STAGE3F,0,RESOLVED,DOUBLE_STOP,SELL,STOP,2025-08-04 22:00:00.005266717+00:00,STOP,STOP,23353.0,23355.25,-59.0,-69.0,-128.0,23364.25,23343.75,23353.25,23354.75
2177,2025-08-04 18:00:00,2025-08-04T22:00:00+00:00,VALIDATED_SOURCE,WEEKDAY_PREMIUM,NQU5,2,DOUBLE_STOP,-118.0,10.0,1.0,10.0,0.0,0.0,0.0,DNA_TP_DNA_SP,LEGACY_STAGE3F,1,RESOLVED,DOUBLE_STOP,SELL,STOP,2025-08-04 22:00:00.005266717+00:00,STOP,STOP,23353.0,23355.25,-59.0,-69.0,-128.0,23364.25,23343.75,23353.25,23354.75
2177,2025-08-04 18:00:00,2025-08-04T22:00:00+00:00,VALIDATED_SOURCE,WEEKDAY_PREMIUM,NQU5,2,DOUBLE_STOP,-118.0,10.0,1.0,10.0,0.0,0.0,0.0,DNA_TP_DNA_SP,LEGACY_STAGE3F,100,RESOLVED,DOUBLE_STOP,BUY,STOP,2025-08-04 22:00:00.115589063+00:00,STOP,STOP,23351.0,23355.25,-139.0,-69.0,-208.0,23364.25,23343.75,23353.25,23354.75
2177,2025-08-04 18:00:00,2025-08-04T22:00:00+00:00,VALIDATED_SOURCE,WEEKDAY_PREMIUM,NQU5,2,DOUBLE_STOP,-118.0,10.0,1.0,10.0,0.0,0.0,0.0,DNA_TP_DNA_SP,LEGACY_STAGE3F,500,RESOLVED,DOUBLE_STOP,SELL,STOP,2025-08-04 22:00:00.508833083+00:00,STOP,STOP,23351.75,23359.75,-109.0,-249.0,-358.0,23364.25,23343.75,23353.25,23354.75
2177,2025-08-04 18:00:00,2025-08-04T22:00:00+00:00,VALIDATED_SOURCE,WEEKDAY_PREMIUM,NQU5,2,DOUBLE_STOP,-118.0,10.0,1.0,10.0,0.0,0.0,0.0,DNA_TP_REGISTRY_STOP,TRADE_TOUCH,0,RESOLVED,DOUBLE_STOP,BUY,STOP,2025-08-04 22:00:00.014832971+00:00,STOP,STOP,23353.25,23354.75,-49.0,-49.0,-98.0,23364.25,23343.75,23353.25,23354.75
2177,2025-08-04 18:00:00,2025-08-04T22:00:00+00:00,VALIDATED_SOURCE,WEEKDAY_PREMIUM,NQU5,2,DOUBLE_STOP,-118.0,10.0,1.0,10.0,0.0,0.0,0.0,DNA_TP_REGISTRY_STOP,TRADE_TOUCH,1,RESOLVED,DOUBLE_STOP,BUY,STOP,2025-08-04 22:00:00.014832971+00:00,STOP,STOP,23353.25,23354.75,-49.0,-49.0,-98.0,23364.25,23343.75,23353.25,23354.75
2177,2025-08-04 18:00:00,2025-08-04T22:00:00+00:00,VALIDATED_SOURCE,WEEKDAY_PREMIUM,NQU5,2,DOUBLE_STOP,-118.0,10.0,1.0,10.0,0.0,0.0,0.0,DNA_TP_REGISTRY_STOP,TRADE_TOUCH,100,RESOLVED,DOUBLE_STOP,BUY,STOP,2025-08-04 22:00:00.115589063+00:00,STOP,STOP,23353.25,23354.75,-49.0,-49.0,-98.0,23364.25,23343.75,23353.25,23354.75
2177,2025-08-04 18:00:00,2025-08-04T22:00:00+00:00,VALIDATED_SOURCE,WEEKDAY_PREMIUM,NQU5,2,DOUBLE_STOP,-118.0,10.0,1.0,10.0,0.0,0.0,0.0,DNA_TP_REGISTRY_STOP,TRADE_TOUCH,500,RESOLVED,DOUBLE_STOP,SELL,STOP,2025-08-04 22:00:00.508833083+00:00,STOP,STOP,23353.25,23354.75,-49.0,-49.0,-98.0,23364.25,23343.75,23353.25,23354.75
2177,2025-08-04 18:00:00,2025-08-04T22:00:00+00:00,VALIDATED_SOURCE,WEEKDAY_PREMIUM,NQU5,2,DOUBLE_STOP,-118.0,10.0,1.0,10.0,0.0,0.0,0.0,DNA_TP_REGISTRY_STOP,MID_TOUCH,0,RESOLVED,DOUBLE_STOP,BUY,STOP,2025-08-04 22:00:00.017757959+00:00,STOP,STOP,23353.25,23354.75,-49.0,-49.0,-98.0,23364.25,23343.75,23353.25,23354.75
2177,2025-08-04 18:00:00,2025-08-04T22:00:00+00:00,VALIDATED_SOURCE,WEEKDAY_PREMIUM,NQU5,2,DOUBLE_STOP,-118.0,10.0,1.0,10.0,0.0,0.0,0.0,DNA_TP_REGISTRY_STOP,MID_TOUCH,1,RESOLVED,DOUBLE_STOP,BUY,STOP,2025-08-04 22:00:00.017757959+00:00,STOP,STOP,23353.25,23354.75,-49.0,-49.0,-98.0,23364.25,23343.75,23353.25,23354.75
2177,2025-08-04 18:00:00,2025-08-04T22:00:00+00:00,VALIDATED_SOURCE,WEEKDAY_PREMIUM,NQU5,2,DOUBLE_STOP,-118.0,10.0,1.0,10.0,0.0,0.0,0.0,DNA_TP_REGISTRY_STOP,MID_TOUCH,100,RESOLVED,DOUBLE_STOP,BUY,STOP,2025-08-04 22:00:00.115589063+00:00,STOP,STOP,23353.25,23354.75,-49.0,-49.0,-98.0,23364.25,23343.75,23353.25,23354.75
2177,2025-08-04 18:00:00,2025-08-04T22:00:00+00:00,VALIDATED_SOURCE,WEEKDAY_PREMIUM,NQU5,2,DOUBLE_STOP,-118.0,10.0,1.0,10.0,0.0,0.0,0.0,DNA_TP_REGISTRY_STOP,MID_TOUCH,500,RESOLVED,DOUBLE_STOP,SELL,STOP,2025-08-04 22:00:00.508833083+00:00,STOP,STOP,23353.25,23354.75,-49.0,-49.0,-98.0,23364.25,23343.75,23353.25,23354.75
2177,2025-08-04 18:00:00,2025-08-04T22:00:00+00:00,VALIDATED_SOURCE,WEEKDAY_PREMIUM,NQU5,2,DOUBLE_STOP,-118.0,10.0,1.0,10.0,0.0,0.0,0.0,DNA_TP_REGISTRY_STOP,BBO_EXECUTABLE,0,RESOLVED,DOUBLE_STOP,SELL,STOP,2025-08-04 22:00:00.005266717+00:00,STOP,STOP,23353.0,23355.25,-59.0,-69.0,-128.0,23364.25,23343.75,23353.25,23354.75
2177,2025-08-04 18:00:00,2025-08-04T22:00:00+00:00,VALIDATED_SOURCE,WEEKDAY_PREMIUM,NQU5,2,DOUBLE_STOP,-118.0,10.0,1.0,10.0,0.0,0.0,0.0,DNA_TP_REGISTRY_STOP,BBO_EXECUTABLE,1,RESOLVED,DOUBLE_STOP,SELL,STOP,2025-08-04 22:00:00.005266717+00:00,STOP,STOP,23353.0,23355.25,-59.0,-69.0,-128.0,23364.25,23343.75,23353.25,23354.75
2177,2025-08-04 18:00:00,2025-08-04T22:00:00+00:00,VALIDATED_SOURCE,WEEKDAY_PREMIUM,NQU5,2,DOUBLE_STOP,-118.0,10.0,1.0,10.0,0.0,0.0,0.0,DNA_TP_REGISTRY_STOP,BBO_EXECUTABLE,100,RESOLVED,DOUBLE_STOP,BUY,STOP,2025-08-04 22:00:00.115589063+00:00,STOP,STOP,23351.0,23355.25,-139.0,-69.0,-208.0,23364.25,23343.75,23353.25,23354.75
2177,2025-08-04 18:00:00,2025-08-04T22:00:00+00:00,VALIDATED_SOURCE,WEEKDAY_PREMIUM,NQU5,2,DOUBLE_STOP,-118.0,10.0,1.0,10.0,0.0,0.0,0.0,DNA_TP_REGISTRY_STOP,BBO_EXECUTABLE,500,RESOLVED,DOUBLE_STOP,SELL,STOP,2025-08-04 22:00:00.508833083+00:00,STOP,STOP,23351.75,23359.75,-109.0,-249.0,-358.0,23364.25,23343.75,23353.25,23354.75
2177,2025-08-04 18:00:00,2025-08-04T22:00:00+00:00,VALIDATED_SOURCE,WEEKDAY_PREMIUM,NQU5,2,DOUBLE_STOP,-118.0,10.0,1.0,10.0,0.0,0.0,0.0,DNA_TP_REGISTRY_STOP,LEGACY_STAGE3F,0,RESOLVED,DOUBLE_STOP,SELL,STOP,2025-08-04 22:00:00.005266717+00:00,STOP,STOP,23353.0,23355.25,-59.0,-69.0,-128.0,23364.25,23343.75,23353.25,23354.75
2177,2025-08-04 18:00:00,2025-08-04T22:00:00+00:00,VALIDATED_SOURCE,WEEKDAY_PREMIUM,NQU5,2,DOUBLE_STOP,-118.0,10.0,1.0,10.0,0.0,0.0,0.0,DNA_TP_REGISTRY_STOP,LEGACY_STAGE3F,1,RESOLVED,DOUBLE_STOP,SELL,STOP,2025-08-04 22:00:00.005266717+00:00,STOP,STOP,23353.0,23355.25,-59.0,-69.0,-128.0,23364.25,23343.75,23353.25,23354.75
2177,2025-08-04 18:00:00,2025-08-04T22:00:00+00:00,VALIDATED_SOURCE,WEEKDAY_PREMIUM,NQU5,2,DOUBLE_STOP,-118.0,10.0,1.0,10.0,0.0,0.0,0.0,DNA_TP_REGISTRY_STOP,LEGACY_STAGE3F,100,RESOLVED,DOUBLE_STOP,BUY,STOP,2025-08-04 22:00:00.115589063+00:00,STOP,STOP,23351.0,23355.25,-139.0,-69.0,-208.0,23364.25,23343.75,23353.25,23354.75
2177,2025-08-04 18:00:00,2025-08-04T22:00:00+00:00,VALIDATED_SOURCE,WEEKDAY_PREMIUM,NQU5,2,DOUBLE_STOP,-118.0,10.0,1.0,10.0,0.0,0.0,0.0,DNA_TP_REGISTRY_STOP,LEGACY_STAGE3F,500,RESOLVED,DOUBLE_STOP,SELL,STOP,2025-08-04 22:00:00.508833083+00:00,STOP,STOP,23351.75,23359.75,-109.0,-249.0,-358.0,23364.25,23343.75,23353.25,23354.75
2177,2025-08-04 18:00:00,2025-08-04T22:00:00+00:00,VALIDATED_SOURCE,WEEKDAY_PREMIUM,NQU5,2,DOUBLE_STOP,-118.0,10.0,1.0,10.0,0.0,0.0,0.0,FORMULA_TP_REGISTRY_STOP,TRADE_TOUCH,0,RESOLVED,DOUBLE_STOP,BUY,STOP,2025-08-04 22:00:00.014832971+00:00,STOP,STOP,23353.25,23354.75,-49.0,-49.0,-98.0,23364.25,23343.75,23353.25,23354.75
2177,2025-08-04 18:00:00,2025-08-04T22:00:00+00:00,VALIDATED_SOURCE,WEEKDAY_PREMIUM,NQU5,2,DOUBLE_STOP,-118.0,10.0,1.0,10.0,0.0,0.0,0.0,FORMULA_TP_REGISTRY_STOP,TRADE_TOUCH,1,RESOLVED,DOUBLE_STOP,BUY,STOP,2025-08-04 22:00:00.014832971+00:00,STOP,STOP,23353.25,23354.75,-49.0,-49.0,-98.0,23364.25,23343.75,23353.25,23354.75
2177,2025-08-04 18:00:00,2025-08-04T22:00:00+00:00,VALIDATED_SOURCE,WEEKDAY_PREMIUM,NQU5,2,DOUBLE_STOP,-118.0,10.0,1.0,10.0,0.0,0.0,0.0,FORMULA_TP_REGISTRY_STOP,TRADE_TOUCH,100,RESOLVED,DOUBLE_STOP,BUY,STOP,2025-08-04 22:00:00.115589063+00:00,STOP,STOP,23353.25,23354.75,-49.0,-49.0,-98.0,23364.25,23343.75,23353.25,23354.75
2177,2025-08-04 18:00:00,2025-08-04T22:00:00+00:00,VALIDATED_SOURCE,WEEKDAY_PREMIUM,NQU5,2,DOUBLE_STOP,-118.0,10.0,1.0,10.0,0.0,0.0,0.0,FORMULA_TP_REGISTRY_STOP,TRADE_TOUCH,500,RESOLVED,DOUBLE_STOP,SELL,STOP,2025-08-04 22:00:00.508833083+00:00,STOP,STOP,23353.25,23354.75,-49.0,-49.0,-98.0,23364.25,23343.75,23353.25,23354.75
2177,2025-08-04 18:00:00,2025-08-04T22:00:00+00:00,VALIDATED_SOURCE,WEEKDAY_PREMIUM,NQU5,2,DOUBLE_STOP,-118.0,10.0,1.0,10.0,0.0,0.0,0.0,FORMULA_TP_REGISTRY_STOP,MID_TOUCH,0,RESOLVED,DOUBLE_STOP,BUY,STOP,2025-08-04 22:00:00.017757959+00:00,STOP,STOP,23353.25,23354.75,-49.0,-49.0,-98.0,23364.25,23343.75,23353.25,23354.75
2177,2025-08-04 18:00:00,2025-08-04T22:00:00+00:00,VALIDATED_SOURCE,WEEKDAY_PREMIUM,NQU5,2,DOUBLE_STOP,-118.0,10.0,1.0,10.0,0.0,0.0,0.0,FORMULA_TP_REGISTRY_STOP,MID_TOUCH,1,RESOLVED,DOUBLE_STOP,BUY,STOP,2025-08-04 22:00:00.017757959+00:00,STOP,STOP,23353.25,23354.75,-49.0,-49.0,-98.0,23364.25,23343.75,23353.25,23354.75
2177,2025-08-04 18:00:00,2025-08-04T22:00:00+00:00,VALIDATED_SOURCE,WEEKDAY_PREMIUM,NQU5,2,DOUBLE_STOP,-118.0,10.0,1.0,10.0,0.0,0.0,0.0,FORMULA_TP_REGISTRY_STOP,MID_TOUCH,100,RESOLVED,DOUBLE_STOP,BUY,STOP,2025-08-04 22:00:00.115589063+00:00,STOP,STOP,23353.25,23354.75,-49.0,-49.0,-98.0,23364.25,23343.75,23353.25,23354.75
2177,2025-08-04 18:00:00,2025-08-04T22:00:00+00:00,VALIDATED_SOURCE,WEEKDAY_PREMIUM,NQU5,2,DOUBLE_STOP,-118.0,10.0,1.0,10.0,0.0,0.0,0.0,FORMULA_TP_REGISTRY_STOP,MID_TOUCH,500,RESOLVED,DOUBLE_STOP,SELL,STOP,2025-08-04 22:00:00.508833083+00:00,STOP,STOP,23353.25,23354.75,-49.0,-49.0,-98.0,23364.25,23343.75,23353.25,23354.75
2177,2025-08-04 18:00:00,2025-08-04T22:00:00+00:00,VALIDATED_SOURCE,WEEKDAY_PREMIUM,NQU5,2,DOUBLE_STOP,-118.0,10.0,1.0,10.0,0.0,0.0,0.0,FORMULA_TP_REGISTRY_STOP,BBO_EXECUTABLE,0,RESOLVED,DOUBLE_STOP,SELL,STOP,2025-08-04 22:00:00.005266717+00:00,STOP,STOP,23353.0,23355.25,-59.0,-69.0,-128.0,23364.25,23343.75,23353.25,23354.75
2177,2025-08-04 18:00:00,2025-08-04T22:00:00+00:00,VALIDATED_SOURCE,WEEKDAY_PREMIUM,NQU5,2,DOUBLE_STOP,-118.0,10.0,1.0,10.0,0.0,0.0,0.0,FORMULA_TP_REGISTRY_STOP,BBO_EXECUTABLE,1,RESOLVED,DOUBLE_STOP,SELL,STOP,2025-08-04 22:00:00.005266717+00:00,STOP,STOP,23353.0,23355.25,-59.0,-69.0,-128.0,23364.25,23343.75,23353.25,23354.75
2177,2025-08-04 18:00:00,2025-08-04T22:00:00+00:00,VALIDATED_SOURCE,WEEKDAY_PREMIUM,NQU5,2,DOUBLE_STOP,-118.0,10.0,1.0,10.0,0.0,0.0,0.0,FORMULA_TP_REGISTRY_STOP,BBO_EXECUTABLE,100,RESOLVED,DOUBLE_STOP,BUY,STOP,2025-08-04 22:00:00.115589063+00:00,STOP,STOP,23351.0,23355.25,-139.0,-69.0,-208.0,23364.25,23343.75,23353.25,23354.75
2177,2025-08-04 18:00:00,2025-08-04T22:00:00+00:00,VALIDATED_SOURCE,WEEKDAY_PREMIUM,NQU5,2,DOUBLE_STOP,-118.0,10.0,1.0,10.0,0.0,0.0,0.0,FORMULA_TP_REGISTRY_STOP,BBO_EXECUTABLE,500,RESOLVED,DOUBLE_STOP,SELL,STOP,2025-08-04 22:00:00.508833083+00:00,STOP,STOP,23351.75,23359.75,-109.0,-249.0,-358.0,23364.25,23343.75,23353.25,23354.75
2177,2025-08-04 18:00:00,2025-08-04T22:00:00+00:00,VALIDATED_SOURCE,WEEKDAY_PREMIUM,NQU5,2,DOUBLE_STOP,-118.0,10.0,1.0,10.0,0.0,0.0,0.0,FORMULA_TP_REGISTRY_STOP,LEGACY_STAGE3F,0,RESOLVED,DOUBLE_STOP,SELL,STOP,2025-08-04 22:00:00.005266717+00:00,STOP,STOP,23353.0,23355.25,-59.0,-69.0,-128.0,23364.25,23343.75,23353.25,23354.75
2177,2025-08-04 18:00:00,2025-08-04T22:00:00+00:00,VALIDATED_SOURCE,WEEKDAY_PREMIUM,NQU5,2,DOUBLE_STOP,-118.0,10.0,1.0,10.0,0.0,0.0,0.0,FORMULA_TP_REGISTRY_STOP,LEGACY_STAGE3F,1,RESOLVED,DOUBLE_STOP,SELL,STOP,2025-08-04 22:00:00.005266717+00:00,STOP,STOP,23353.0,23355.25,-59.0,-69.0,-128.0,23364.25,23343.75,23353.25,23354.75
2177,2025-08-04 18:00:00,2025-08-04T22:00:00+00:00,VALIDATED_SOURCE,WEEKDAY_PREMIUM,NQU5,2,DOUBLE_STOP,-118.0,10.0,1.0,10.0,0.0,0.0,0.0,FORMULA_TP_REGISTRY_STOP,LEGACY_STAGE3F,100,RESOLVED,DOUBLE_STOP,BUY,STOP,2025-08-04 22:00:00.115589063+00:00,STOP,STOP,23351.0,23355.25,-139.0,-69.0,-208.0,23364.25,23343.75,23353.25,23354.75
2177,2025-08-04 18:00:00,2025-08-04T22:00:00+00:00,VALIDATED_SOURCE,WEEKDAY_PREMIUM,NQU5,2,DOUBLE_STOP,-118.0,10.0,1.0,10.0,0.0,0.0,0.0,FORMULA_TP_REGISTRY_STOP,LEGACY_STAGE3F,500,RESOLVED,DOUBLE_STOP,SELL,STOP,2025-08-04 22:00:00.508833083+00:00,STOP,STOP,23351.75,23359.75,-109.0,-249.0,-358.0,23364.25,23343.75,23353.25,23354.75
2178,2025-08-05 09:30:00,2025-08-05T13:30:00+00:00,VALIDATED_SOURCE,NY,NQU5,2,DOUBLE_STOP,-118.0,16.0,1.0,16.0,0.0,0.0,0.0,DNA_TP_DNA_SP,TRADE_TOUCH,0,RESOLVED,DOUBLE_STOP,SELL,STOP,2025-08-05 13:30:00.002312089+00:00,STOP,STOP,23347.5,23349.0,-49.0,-49.0,-98.0,23364.5,23332.0,23347.5,23349.0
2178,2025-08-05 09:30:00,2025-08-05T13:30:00+00:00,VALIDATED_SOURCE,NY,NQU5,2,DOUBLE_STOP,-118.0,16.0,1.0,16.0,0.0,0.0,0.0,DNA_TP_DNA_SP,TRADE_TOUCH,1,RESOLVED,DOUBLE_STOP,SELL,STOP,2025-08-05 13:30:00.002312089+00:00,STOP,STOP,23347.5,23349.0,-49.0,-49.0,-98.0,23364.5,23332.0,23347.5,23349.0
2178,2025-08-05 09:30:00,2025-08-05T13:30:00+00:00,VALIDATED_SOURCE,NY,NQU5,2,DOUBLE_STOP,-118.0,16.0,1.0,16.0,0.0,0.0,0.0,DNA_TP_DNA_SP,TRADE_TOUCH,100,RESOLVED,DOUBLE_STOP,BUY,STOP,2025-08-05 13:30:00.101006575+00:00,STOP,STOP,23347.5,23349.0,-49.0,-49.0,-98.0,23364.5,23332.0,23347.5,23349.0
2178,2025-08-05 09:30:00,2025-08-05T13:30:00+00:00,VALIDATED_SOURCE,NY,NQU5,2,DOUBLE_STOP,-118.0,16.0,1.0,16.0,0.0,0.0,0.0,DNA_TP_DNA_SP,TRADE_TOUCH,500,RESOLVED,DOUBLE_STOP,BUY,STOP,2025-08-05 13:30:00.515384139+00:00,STOP,STOP,23347.5,23349.0,-49.0,-49.0,-98.0,23364.5,23332.0,23347.5,23349.0
2178,2025-08-05 09:30:00,2025-08-05T13:30:00+00:00,VALIDATED_SOURCE,NY,NQU5,2,DOUBLE_STOP,-118.0,16.0,1.0,16.0,0.0,0.0,0.0,DNA_TP_DNA_SP,MID_TOUCH,0,RESOLVED,DOUBLE_STOP,SELL,STOP,2025-08-05 13:30:00.002424301+00:00,STOP,STOP,23347.5,23349.0,-49.0,-49.0,-98.0,23364.5,23332.0,23347.5,23349.0
2178,2025-08-05 09:30:00,2025-08-05T13:30:00+00:00,VALIDATED_SOURCE,NY,NQU5,2,DOUBLE_STOP,-118.0,16.0,1.0,16.0,0.0,0.0,0.0,DNA_TP_DNA_SP,MID_TOUCH,1,RESOLVED,DOUBLE_STOP,SELL,STOP,2025-08-05 13:30:00.002424301+00:00,STOP,STOP,23347.5,23349.0,-49.0,-49.0,-98.0,23364.5,23332.0,23347.5,23349.0
2178,2025-08-05 09:30:00,2025-08-05T13:30:00+00:00,VALIDATED_SOURCE,NY,NQU5,2,DOUBLE_STOP,-118.0,16.0,1.0,16.0,0.0,0.0,0.0,DNA_TP_DNA_SP,MID_TOUCH,100,RESOLVED,DOUBLE_STOP,BUY,STOP,2025-08-05 13:30:00.101006575+00:00,STOP,STOP,23347.5,23349.0,-49.0,-49.0,-98.0,23364.5,23332.0,23347.5,23349.0
2178,2025-08-05 09:30:00,2025-08-05T13:30:00+00:00,VALIDATED_SOURCE,NY,NQU5,2,DOUBLE_STOP,-118.0,16.0,1.0,16.0,0.0,0.0,0.0,DNA_TP_DNA_SP,MID_TOUCH,500,RESOLVED,DOUBLE_STOP,BUY,STOP,2025-08-05 13:30:00.515384139+00:00,STOP,STOP,23347.5,23349.0,-49.0,-49.0,-98.0,23364.5,23332.0,23347.5,23349.0
2178,2025-08-05 09:30:00,2025-08-05T13:30:00+00:00,VALIDATED_SOURCE,NY,NQU5,2,DOUBLE_STOP,-118.0,16.0,1.0,16.0,0.0,0.0,0.0,DNA_TP_DNA_SP,BBO_EXECUTABLE,0,RESOLVED,DOUBLE_STOP,SELL,STOP,2025-08-05 13:30:00.002312089+00:00,STOP,STOP,23347.5,23349.0,-49.0,-49.0,-98.0,23364.5,23332.0,23347.5,23349.0
2178,2025-08-05 09:30:00,2025-08-05T13:30:00+00:00,VALIDATED_SOURCE,NY,NQU5,2,DOUBLE_STOP,-118.0,16.0,1.0,16.0,0.0,0.0,0.0,DNA_TP_DNA_SP,BBO_EXECUTABLE,1,RESOLVED,DOUBLE_STOP,SELL,STOP,2025-08-05 13:30:00.002312089+00:00,STOP,STOP,23347.5,23349.0,-49.0,-49.0,-98.0,23364.5,23332.0,23347.5,23349.0
2178,2025-08-05 09:30:00,2025-08-05T13:30:00+00:00,VALIDATED_SOURCE,NY,NQU5,2,DOUBLE_STOP,-118.0,16.0,1.0,16.0,0.0,0.0,0.0,DNA_TP_DNA_SP,BBO_EXECUTABLE,100,RESOLVED,DOUBLE_STOP,BUY,STOP,2025-08-05 13:30:00.101006575+00:00,STOP,STOP,23347.25,23349.0,-59.0,-49.0,-108.0,23364.5,23332.0,23347.5,23349.0
2178,2025-08-05 09:30:00,2025-08-05T13:30:00+00:00,VALIDATED_SOURCE,NY,NQU5,2,DOUBLE_STOP,-118.0,16.0,1.0,16.0,0.0,0.0,0.0,DNA_TP_DNA_SP,BBO_EXECUTABLE,500,RESOLVED,DOUBLE_STOP,BUY,STOP,2025-08-05 13:30:00.515384139+00:00,STOP,STOP,23341.25,23349.0,-299.0,-49.0,-348.0,23364.5,23332.0,23347.5,23349.0
2178,2025-08-05 09:30:00,2025-08-05T13:30:00+00:00,VALIDATED_SOURCE,NY,NQU5,2,DOUBLE_STOP,-118.0,16.0,1.0,16.0,0.0,0.0,0.0,DNA_TP_DNA_SP,LEGACY_STAGE3F,0,RESOLVED,DOUBLE_STOP,SELL,STOP,2025-08-05 13:30:00.002312089+00:00,STOP,STOP,23347.5,23349.0,-49.0,-49.0,-98.0,23364.5,23332.0,23347.5,23349.0
2178,2025-08-05 09:30:00,2025-08-05T13:30:00+00:00,VALIDATED_SOURCE,NY,NQU5,2,DOUBLE_STOP,-118.0,16.0,1.0,16.0,0.0,0.0,0.0,DNA_TP_DNA_SP,LEGACY_STAGE3F,1,RESOLVED,DOUBLE_STOP,SELL,STOP,2025-08-05 13:30:00.002312089+00:00,STOP,STOP,23347.5,23349.0,-49.0,-49.0,-98.0,23364.5,23332.0,23347.5,23349.0
2178,2025-08-05 09:30:00,2025-08-05T13:30:00+00:00,VALIDATED_SOURCE,NY,NQU5,2,DOUBLE_STOP,-118.0,16.0,1.0,16.0,0.0,0.0,0.0,DNA_TP_DNA_SP,LEGACY_STAGE3F,100,RESOLVED,DOUBLE_STOP,BUY,STOP,2025-08-05 13:30:00.101006575+00:00,STOP,STOP,23347.25,23349.0,-59.0,-49.0,-108.0,23364.5,23332.0,23347.5,23349.0
2178,2025-08-05 09:30:00,2025-08-05T13:30:00+00:00,VALIDATED_SOURCE,NY,NQU5,2,DOUBLE_STOP,-118.0,16.0,1.0,16.0,0.0,0.0,0.0,DNA_TP_DNA_SP,LEGACY_STAGE3F,500,RESOLVED,DOUBLE_STOP,BUY,STOP,2025-08-05 13:30:00.515384139+00:00,STOP,STOP,23341.25,23349.0,-299.0,-49.0,-348.0,23364.5,23332.0,23347.5,23349.0
2178,2025-08-05 09:30:00,2025-08-05T13:30:00+00:00,VALIDATED_SOURCE,NY,NQU5,2,DOUBLE_STOP,-118.0,16.0,1.0,16.0,0.0,0.0,0.0,DNA_TP_REGISTRY_STOP,TRADE_TOUCH,0,RESOLVED,DOUBLE_STOP,SELL,STOP,2025-08-05 13:30:00.002312089+00:00,STOP,STOP,23347.5,23349.0,-49.0,-49.0,-98.0,23364.5,23332.0,23347.5,23349.0
2178,2025-08-05 09:30:00,2025-08-05T13:30:00+00:00,VALIDATED_SOURCE,NY,NQU5,2,DOUBLE_STOP,-118.0,16.0,1.0,16.0,0.0,0.0,0.0,DNA_TP_REGISTRY_STOP,TRADE_TOUCH,1,RESOLVED,DOUBLE_STOP,SELL,STOP,2025-08-05 13:30:00.002312089+00:00,STOP,STOP,23347.5,23349.0,-49.0,-49.0,-98.0,23364.5,23332.0,23347.5,23349.0
2178,2025-08-05 09:30:00,2025-08-05T13:30:00+00:00,VALIDATED_SOURCE,NY,NQU5,2,DOUBLE_STOP,-118.0,16.0,1.0,16.0,0.0,0.0,0.0,DNA_TP_REGISTRY_STOP,TRADE_TOUCH,100,RESOLVED,DOUBLE_STOP,BUY,STOP,2025-08-05 13:30:00.101006575+00:00,STOP,STOP,23347.5,23349.0,-49.0,-49.0,-98.0,23364.5,23332.0,23347.5,23349.0
2178,2025-08-05 09:30:00,2025-08-05T13:30:00+00:00,VALIDATED_SOURCE,NY,NQU5,2,DOUBLE_STOP,-118.0,16.0,1.0,16.0,0.0,0.0,0.0,DNA_TP_REGISTRY_STOP,TRADE_TOUCH,500,RESOLVED,DOUBLE_STOP,BUY,STOP,2025-08-05 13:30:00.515384139+00:00,STOP,STOP,23347.5,23349.0,-49.0,-49.0,-98.0,23364.5,23332.0,23347.5,23349.0
2178,2025-08-05 09:30:00,2025-08-05T13:30:00+00:00,VALIDATED_SOURCE,NY,NQU5,2,DOUBLE_STOP,-118.0,16.0,1.0,16.0,0.0,0.0,0.0,DNA_TP_REGISTRY_STOP,MID_TOUCH,0,RESOLVED,DOUBLE_STOP,SELL,STOP,2025-08-05 13:30:00.002424301+00:00,STOP,STOP,23347.5,23349.0,-49.0,-49.0,-98.0,23364.5,23332.0,23347.5,23349.0
2178,2025-08-05 09:30:00,2025-08-05T13:30:00+00:00,VALIDATED_SOURCE,NY,NQU5,2,DOUBLE_STOP,-118.0,16.0,1.0,16.0,0.0,0.0,0.0,DNA_TP_REGISTRY_STOP,MID_TOUCH,1,RESOLVED,DOUBLE_STOP,SELL,STOP,2025-08-05 13:30:00.002424301+00:00,STOP,STOP,23347.5,23349.0,-49.0,-49.0,-98.0,23364.5,23332.0,23347.5,23349.0
2178,2025-08-05 09:30:00,2025-08-05T13:30:00+00:00,VALIDATED_SOURCE,NY,NQU5,2,DOUBLE_STOP,-118.0,16.0,1.0,16.0,0.0,0.0,0.0,DNA_TP_REGISTRY_STOP,MID_TOUCH,100,RESOLVED,DOUBLE_STOP,BUY,STOP,2025-08-05 13:30:00.101006575+00:00,STOP,STOP,23347.5,23349.0,-49.0,-49.0,-98.0,23364.5,23332.0,23347.5,23349.0
2178,2025-08-05 09:30:00,2025-08-05T13:30:00+00:00,VALIDATED_SOURCE,NY,NQU5,2,DOUBLE_STOP,-118.0,16.0,1.0,16.0,0.0,0.0,0.0,DNA_TP_REGISTRY_STOP,MID_TOUCH,500,RESOLVED,DOUBLE_STOP,BUY,STOP,2025-08-05 13:30:00.515384139+00:00,STOP,STOP,23347.5,23349.0,-49.0,-49.0,-98.0,23364.5,23332.0,23347.5,23349.0
2178,2025-08-05 09:30:00,2025-08-05T13:30:00+00:00,VALIDATED_SOURCE,NY,NQU5,2,DOUBLE_STOP,-118.0,16.0,1.0,16.0,0.0,0.0,0.0,DNA_TP_REGISTRY_STOP,BBO_EXECUTABLE,0,RESOLVED,DOUBLE_STOP,SELL,STOP,2025-08-05 13:30:00.002312089+00:00,STOP,STOP,23347.5,23349.0,-49.0,-49.0,-98.0,23364.5,23332.0,23347.5,23349.0
2178,2025-08-05 09:30:00,2025-08-05T13:30:00+00:00,VALIDATED_SOURCE,NY,NQU5,2,DOUBLE_STOP,-118.0,16.0,1.0,16.0,0.0,0.0,0.0,DNA_TP_REGISTRY_STOP,BBO_EXECUTABLE,1,RESOLVED,DOUBLE_STOP,SELL,STOP,2025-08-05 13:30:00.002312089+00:00,STOP,STOP,23347.5,23349.0,-49.0,-49.0,-98.0,23364.5,23332.0,23347.5,23349.0
2178,2025-08-05 09:30:00,2025-08-05T13:30:00+00:00,VALIDATED_SOURCE,NY,NQU5,2,DOUBLE_STOP,-118.0,16.0,1.0,16.0,0.0,0.0,0.0,DNA_TP_REGISTRY_STOP,BBO_EXECUTABLE,100,RESOLVED,DOUBLE_STOP,BUY,STOP,2025-08-05 13:30:00.101006575+00:00,STOP,STOP,23347.25,23349.0,-59.0,-49.0,-108.0,23364.5,23332.0,23347.5,23349.0
2178,2025-08-05 09:30:00,2025-08-05T13:30:00+00:00,VALIDATED_SOURCE,NY,NQU5,2,DOUBLE_STOP,-118.0,16.0,1.0,16.0,0.0,0.0,0.0,DNA_TP_REGISTRY_STOP,BBO_EXECUTABLE,500,RESOLVED,DOUBLE_STOP,BUY,STOP,2025-08-05 13:30:00.515384139+00:00,STOP,STOP,23341.25,23349.0,-299.0,-49.0,-348.0,23364.5,23332.0,23347.5,23349.0
2178,2025-08-05 09:30:00,2025-08-05T13:30:00+00:00,VALIDATED_SOURCE,NY,NQU5,2,DOUBLE_STOP,-118.0,16.0,1.0,16.0,0.0,0.0,0.0,DNA_TP_REGISTRY_STOP,LEGACY_STAGE3F,0,RESOLVED,DOUBLE_STOP,SELL,STOP,2025-08-05 13:30:00.002312089+00:00,STOP,STOP,23347.5,23349.0,-49.0,-49.0,-98.0,23364.5,23332.0,23347.5,23349.0
2178,2025-08-05 09:30:00,2025-08-05T13:30:00+00:00,VALIDATED_SOURCE,NY,NQU5,2,DOUBLE_STOP,-118.0,16.0,1.0,16.0,0.0,0.0,0.0,DNA_TP_REGISTRY_STOP,LEGACY_STAGE3F,1,RESOLVED,DOUBLE_STOP,SELL,STOP,2025-08-05 13:30:00.002312089+00:00,STOP,STOP,23347.5,23349.0,-49.0,-49.0,-98.0,23364.5,23332.0,23347.5,23349.0
2178,2025-08-05 09:30:00,2025-08-05T13:30:00+00:00,VALIDATED_SOURCE,NY,NQU5,2,DOUBLE_STOP,-118.0,16.0,1.0,16.0,0.0,0.0,0.0,DNA_TP_REGISTRY_STOP,LEGACY_STAGE3F,100,RESOLVED,DOUBLE_STOP,BUY,STOP,2025-08-05 13:30:00.101006575+00:00,STOP,STOP,23347.25,23349.0,-59.0,-49.0,-108.0,23364.5,23332.0,23347.5,23349.0
2178,2025-08-05 09:30:00,2025-08-05T13:30:00+00:00,VALIDATED_SOURCE,NY,NQU5,2,DOUBLE_STOP,-118.0,16.0,1.0,16.0,0.0,0.0,0.0,DNA_TP_REGISTRY_STOP,LEGACY_STAGE3F,500,RESOLVED,DOUBLE_STOP,BUY,STOP,2025-08-05 13:30:00.515384139+00:00,STOP,STOP,23341.25,23349.0,-299.0,-49.0,-348.0,23364.5,23332.0,23347.5,23349.0
2178,2025-08-05 09:30:00,2025-08-05T13:30:00+00:00,VALIDATED_SOURCE,NY,NQU5,2,DOUBLE_STOP,-118.0,16.0,1.0,16.0,0.0,0.0,0.0,FORMULA_TP_REGISTRY_STOP,TRADE_TOUCH,0,RESOLVED,DOUBLE_STOP,SELL,STOP,2025-08-05 13:30:00.002312089+00:00,STOP,STOP,23347.5,23349.0,-49.0,-49.0,-98.0,23364.5,23332.0,23347.5,23349.0
2178,2025-08-05 09:30:00,2025-08-05T13:30:00+00:00,VALIDATED_SOURCE,NY,NQU5,2,DOUBLE_STOP,-118.0,16.0,1.0,16.0,0.0,0.0,0.0,FORMULA_TP_REGISTRY_STOP,TRADE_TOUCH,1,RESOLVED,DOUBLE_STOP,SELL,STOP,2025-08-05 13:30:00.002312089+00:00,STOP,STOP,23347.5,23349.0,-49.0,-49.0,-98.0,23364.5,23332.0,23347.5,23349.0
2178,2025-08-05 09:30:00,2025-08-05T13:30:00+00:00,VALIDATED_SOURCE,NY,NQU5,2,DOUBLE_STOP,-118.0,16.0,1.0,16.0,0.0,0.0,0.0,FORMULA_TP_REGISTRY_STOP,TRADE_TOUCH,100,RESOLVED,DOUBLE_STOP,BUY,STOP,2025-08-05 13:30:00.101006575+00:00,STOP,STOP,23347.5,23349.0,-49.0,-49.0,-98.0,23364.5,23332.0,23347.5,23349.0
2178,2025-08-05 09:30:00,2025-08-05T13:30:00+00:00,VALIDATED_SOURCE,NY,NQU5,2,DOUBLE_STOP,-118.0,16.0,1.0,16.0,0.0,0.0,0.0,FORMULA_TP_REGISTRY_STOP,TRADE_TOUCH,500,RESOLVED,DOUBLE_STOP,BUY,STOP,2025-08-05 13:30:00.515384139+00:00,STOP,STOP,23347.5,23349.0,-49.0,-49.0,-98.0,23364.5,23332.0,23347.5,23349.0
2178,2025-08-05 09:30:00,2025-08-05T13:30:00+00:00,VALIDATED_SOURCE,NY,NQU5,2,DOUBLE_STOP,-118.0,16.0,1.0,16.0,0.0,0.0,0.0,FORMULA_TP_REGISTRY_STOP,MID_TOUCH,0,RESOLVED,DOUBLE_STOP,SELL,STOP,2025-08-05 13:30:00.002424301+00:00,STOP,STOP,23347.5,23349.0,-49.0,-49.0,-98.0,23364.5,23332.0,23347.5,23349.0
2178,2025-08-05 09:30:00,2025-08-05T13:30:00+00:00,VALIDATED_SOURCE,NY,NQU5,2,DOUBLE_STOP,-118.0,16.0,1.0,16.0,0.0,0.0,0.0,FORMULA_TP_REGISTRY_STOP,MID_TOUCH,1,RESOLVED,DOUBLE_STOP,SELL,STOP,2025-08-05 13:30:00.002424301+00:00,STOP,STOP,23347.5,23349.0,-49.0,-49.0,-98.0,23364.5,23332.0,23347.5,23349.0
2178,2025-08-05 09:30:00,2025-08-05T13:30:00+00:00,VALIDATED_SOURCE,NY,NQU5,2,DOUBLE_STOP,-118.0,16.0,1.0,16.0,0.0,0.0,0.0,FORMULA_TP_REGISTRY_STOP,MID_TOUCH,100,RESOLVED,DOUBLE_STOP,BUY,STOP,2025-08-05 13:30:00.101006575+00:00,STOP,STOP,23347.5,23349.0,-49.0,-49.0,-98.0,23364.5,23332.0,23347.5,23349.0
2178,2025-08-05 09:30:00,2025-08-05T13:30:00+00:00,VALIDATED_SOURCE,NY,NQU5,2,DOUBLE_STOP,-118.0,16.0,1.0,16.0,0.0,0.0,0.0,FORMULA_TP_REGISTRY_STOP,MID_TOUCH,500,RESOLVED,DOUBLE_STOP,BUY,STOP,2025-08-05 13:30:00.515384139+00:00,STOP,STOP,23347.5,23349.0,-49.0,-49.0,-98.0,23364.5,23332.0,23347.5,23349.0
2178,2025-08-05 09:30:00,2025-08-05T13:30:00+00:00,VALIDATED_SOURCE,NY,NQU5,2,DOUBLE_STOP,-118.0,16.0,1.0,16.0,0.0,0.0,0.0,FORMULA_TP_REGISTRY_STOP,BBO_EXECUTABLE,0,RESOLVED,DOUBLE_STOP,SELL,STOP,2025-08-05 13:30:00.002312089+00:00,STOP,STOP,23347.5,23349.0,-49.0,-49.0,-98.0,23364.5,23332.0,23347.5,23349.0
2178,2025-08-05 09:30:00,2025-08-05T13:30:00+00:00,VALIDATED_SOURCE,NY,NQU5,2,DOUBLE_STOP,-118.0,16.0,1.0,16.0,0.0,0.0,0.0,FORMULA_TP_REGISTRY_STOP,BBO_EXECUTABLE,1,RESOLVED,DOUBLE_STOP,SELL,STOP,2025-08-05 13:30:00.002312089+00:00,STOP,STOP,23347.5,23349.0,-49.0,-49.0,-98.0,23364.5,23332.0,23347.5,23349.0
2178,2025-08-05 09:30:00,2025-08-05T13:30:00+00:00,VALIDATED_SOURCE,NY,NQU5,2,DOUBLE_STOP,-118.0,16.0,1.0,16.0,0.0,0.0,0.0,FORMULA_TP_REGISTRY_STOP,BBO_EXECUTABLE,100,RESOLVED,DOUBLE_STOP,BUY,STOP,2025-08-05 13:30:00.101006575+00:00,STOP,STOP,23347.25,23349.0,-59.0,-49.0,-108.0,23364.5,23332.0,23347.5,23349.0
2178,2025-08-05 09:30:00,2025-08-05T13:30:00+00:00,VALIDATED_SOURCE,NY,NQU5,2,DOUBLE_STOP,-118.0,16.0,1.0,16.0,0.0,0.0,0.0,FORMULA_TP_REGISTRY_STOP,BBO_EXECUTABLE,500,RESOLVED,DOUBLE_STOP,BUY,STOP,2025-08-05 13:30:00.515384139+00:00,STOP,STOP,23341.25,23349.0,-299.0,-49.0,-348.0,23364.5,23332.0,23347.5,23349.0
2178,2025-08-05 09:30:00,2025-08-05T13:30:00+00:00,VALIDATED_SOURCE,NY,NQU5,2,DOUBLE_STOP,-118.0,16.0,1.0,16.0,0.0,0.0,0.0,FORMULA_TP_REGISTRY_STOP,LEGACY_STAGE3F,0,RESOLVED,DOUBLE_STOP,SELL,STOP,2025-08-05 13:30:00.002312089+00:00,STOP,STOP,23347.5,23349.0,-49.0,-49.0,-98.0,23364.5,23332.0,23347.5,23349.0
2178,2025-08-05 09:30:00,2025-08-05T13:30:00+00:00,VALIDATED_SOURCE,NY,NQU5,2,DOUBLE_STOP,-118.0,16.0,1.0,16.0,0.0,0.0,0.0,FORMULA_TP_REGISTRY_STOP,LEGACY_STAGE3F,1,RESOLVED,DOUBLE_STOP,SELL,STOP,2025-08-05 13:30:00.002312089+00:00,STOP,STOP,23347.5,23349.0,-49.0,-49.0,-98.0,23364.5,23332.0,23347.5,23349.0
2178,2025-08-05 09:30:00,2025-08-05T13:30:00+00:00,VALIDATED_SOURCE,NY,NQU5,2,DOUBLE_STOP,-118.0,16.0,1.0,16.0,0.0,0.0,0.0,FORMULA_TP_REGISTRY_STOP,LEGACY_STAGE3F,100,RESOLVED,DOUBLE_STOP,BUY,STOP,2025-08-05 13:30:00.101006575+00:00,STOP,STOP,23347.25,23349.0,-59.0,-49.0,-108.0,23364.5,23332.0,23347.5,23349.0
2178,2025-08-05 09:30:00,2025-08-05T13:30:00+00:00,VALIDATED_SOURCE,NY,NQU5,2,DOUBLE_STOP,-118.0,16.0,1.0,16.0,0.0,0.0,0.0,FORMULA_TP_REGISTRY_STOP,LEGACY_STAGE3F,500,RESOLVED,DOUBLE_STOP,BUY,STOP,2025-08-05 13:30:00.515384139+00:00,STOP,STOP,23341.25,23349.0,-299.0,-49.0,-348.0,23364.5,23332.0,23347.5,23349.0
2179,2025-08-05 18:00:00,2025-08-05T22:00:00+00:00,VALIDATED_SOURCE,WEEKDAY_PREMIUM,NQU5,2,SELL_TARGET,332.0,10.0,1.0,10.0,0.0,0.0,0.0,DNA_TP_DNA_SP,TRADE_TOUCH,0,RESOLVED,DOUBLE_STOP,BUY,STOP,2025-08-05 22:00:00.021693303+00:00,STOP,STOP,23091.0,23092.5,-49.0,-49.0,-98.0,23102.0,23081.5,23091.0,23092.5
2179,2025-08-05 18:00:00,2025-08-05T22:00:00+00:00,VALIDATED_SOURCE,WEEKDAY_PREMIUM,NQU5,2,SELL_TARGET,332.0,10.0,1.0,10.0,0.0,0.0,0.0,DNA_TP_DNA_SP,TRADE_TOUCH,1,RESOLVED,DOUBLE_STOP,BUY,STOP,2025-08-05 22:00:00.021693303+00:00,STOP,STOP,23091.0,23092.5,-49.0,-49.0,-98.0,23102.0,23081.5,23091.0,23092.5
2179,2025-08-05 18:00:00,2025-08-05T22:00:00+00:00,VALIDATED_SOURCE,WEEKDAY_PREMIUM,NQU5,2,SELL_TARGET,332.0,10.0,1.0,10.0,0.0,0.0,0.0,DNA_TP_DNA_SP,TRADE_TOUCH,100,RESOLVED,BUY_TARGET,SELL,STOP,2025-08-05 22:00:00.859014893+00:00,TARGET,STOP,23102.0,23092.5,391.0,-49.0,342.0,23102.0,23081.5,23091.0,23092.5
2179,2025-08-05 18:00:00,2025-08-05T22:00:00+00:00,VALIDATED_SOURCE,WEEKDAY_PREMIUM,NQU5,2,SELL_TARGET,332.0,10.0,1.0,10.0,0.0,0.0,0.0,DNA_TP_DNA_SP,TRADE_TOUCH,500,RESOLVED,BUY_TARGET,SELL,STOP,2025-08-05 22:00:00.859014893+00:00,TARGET,STOP,23102.0,23092.5,391.0,-49.0,342.0,23102.0,23081.5,23091.0,23092.5
2179,2025-08-05 18:00:00,2025-08-05T22:00:00+00:00,VALIDATED_SOURCE,WEEKDAY_PREMIUM,NQU5,2,SELL_TARGET,332.0,10.0,1.0,10.0,0.0,0.0,0.0,DNA_TP_DNA_SP,MID_TOUCH,0,RESOLVED,DOUBLE_STOP,SELL,STOP,2025-08-05 22:00:00.021693303+00:00,STOP,STOP,23091.0,23092.5,-49.0,-49.0,-98.0,23102.0,23081.5,23091.0,23092.5
2179,2025-08-05 18:00:00,2025-08-05T22:00:00+00:00,VALIDATED_SOURCE,WEEKDAY_PREMIUM,NQU5,2,SELL_TARGET,332.0,10.0,1.0,10.0,0.0,0.0,0.0,DNA_TP_DNA_SP,MID_TOUCH,1,RESOLVED,DOUBLE_STOP,SELL,STOP,2025-08-05 22:00:00.021693303+00:00,STOP,STOP,23091.0,23092.5,-49.0,-49.0,-98.0,23102.0,23081.5,23091.0,23092.5
2179,2025-08-05 18:00:00,2025-08-05T22:00:00+00:00,VALIDATED_SOURCE,WEEKDAY_PREMIUM,NQU5,2,SELL_TARGET,332.0,10.0,1.0,10.0,0.0,0.0,0.0,DNA_TP_DNA_SP,MID_TOUCH,100,RESOLVED,BUY_TARGET,SELL,STOP,2025-08-05 22:00:00.859014893+00:00,TARGET,STOP,23102.0,23092.5,391.0,-49.0,342.0,23102.0,23081.5,23091.0,23092.5
2179,2025-08-05 18:00:00,2025-08-05T22:00:00+00:00,VALIDATED_SOURCE,WEEKDAY_PREMIUM,NQU5,2,SELL_TARGET,332.0,10.0,1.0,10.0,0.0,0.0,0.0,DNA_TP_DNA_SP,MID_TOUCH,500,RESOLVED,BUY_TARGET,SELL,STOP,2025-08-05 22:00:00.859014893+00:00,TARGET,STOP,23102.0,23092.5,391.0,-49.0,342.0,23102.0,23081.5,23091.0,23092.5
2179,2025-08-05 18:00:00,2025-08-05T22:00:00+00:00,VALIDATED_SOURCE,WEEKDAY_PREMIUM,NQU5,2,SELL_TARGET,332.0,10.0,1.0,10.0,0.0,0.0,0.0,DNA_TP_DNA_SP,BBO_EXECUTABLE,0,RESOLVED,DOUBLE_STOP,BUY,STOP,2025-08-05 22:00:00.017707045+00:00,STOP,STOP,23091.0,23100.0,-49.0,-349.0,-398.0,23102.0,23081.5,23091.0,23092.5
2179,2025-08-05 18:00:00,2025-08-05T22:00:00+00:00,VALIDATED_SOURCE,WEEKDAY_PREMIUM,NQU5,2,SELL_TARGET,332.0,10.0,1.0,10.0,0.0,0.0,0.0,DNA_TP_DNA_SP,BBO_EXECUTABLE,1,RESOLVED,DOUBLE_STOP,BUY,STOP,2025-08-05 22:00:00.017707045+00:00,STOP,STOP,23091.0,23100.0,-49.0,-349.0,-398.0,23102.0,23081.5,23091.0,23092.5
2179,2025-08-05 18:00:00,2025-08-05T22:00:00+00:00,VALIDATED_SOURCE,WEEKDAY_PREMIUM,NQU5,2,SELL_TARGET,332.0,10.0,1.0,10.0,0.0,0.0,0.0,DNA_TP_DNA_SP,BBO_EXECUTABLE,100,RESOLVED,BUY_TARGET,SELL,STOP,2025-08-05 22:00:00.859014893+00:00,TARGET,STOP,23102.0,23093.5,391.0,-89.0,302.0,23102.0,23081.5,23091.0,23092.5
2179,2025-08-05 18:00:00,2025-08-05T22:00:00+00:00,VALIDATED_SOURCE,WEEKDAY_PREMIUM,NQU5,2,SELL_TARGET,332.0,10.0,1.0,10.0,0.0,0.0,0.0,DNA_TP_DNA_SP,BBO_EXECUTABLE,500,RESOLVED,BUY_TARGET,SELL,STOP,2025-08-05 22:00:00.859014893+00:00,TARGET,STOP,23102.0,23093.5,391.0,-89.0,302.0,23102.0,23081.5,23091.0,23092.5
2179,2025-08-05 18:00:00,2025-08-05T22:00:00+00:00,VALIDATED_SOURCE,WEEKDAY_PREMIUM,NQU5,2,SELL_TARGET,332.0,10.0,1.0,10.0,0.0,0.0,0.0,DNA_TP_DNA_SP,LEGACY_STAGE3F,0,RESOLVED,DOUBLE_STOP,BUY,STOP,2025-08-05 22:00:00.017707045+00:00,STOP,STOP,23091.0,23100.0,-49.0,-349.0,-398.0,23102.0,23081.5,23091.0,23092.5
2179,2025-08-05 18:00:00,2025-08-05T22:00:00+00:00,VALIDATED_SOURCE,WEEKDAY_PREMIUM,NQU5,2,SELL_TARGET,332.0,10.0,1.0,10.0,0.0,0.0,0.0,DNA_TP_DNA_SP,LEGACY_STAGE3F,1,RESOLVED,DOUBLE_STOP,BUY,STOP,2025-08-05 22:00:00.017707045+00:00,STOP,STOP,23091.0,23100.0,-49.0,-349.0,-398.0,23102.0,23081.5,23091.0,23092.5
2179,2025-08-05 18:00:00,2025-08-05T22:00:00+00:00,VALIDATED_SOURCE,WEEKDAY_PREMIUM,NQU5,2,SELL_TARGET,332.0,10.0,1.0,10.0,0.0,0.0,0.0,DNA_TP_DNA_SP,LEGACY_STAGE3F,100,RESOLVED,BUY_TARGET,SELL,STOP,2025-08-05 22:00:00.859014893+00:00,TARGET,STOP,23102.0,23093.5,391.0,-89.0,302.0,23102.0,23081.5,23091.0,23092.5
2179,2025-08-05 18:00:00,2025-08-05T22:00:00+00:00,VALIDATED_SOURCE,WEEKDAY_PREMIUM,NQU5,2,SELL_TARGET,332.0,10.0,1.0,10.0,0.0,0.0,0.0,DNA_TP_DNA_SP,LEGACY_STAGE3F,500,RESOLVED,BUY_TARGET,SELL,STOP,2025-08-05 22:00:00.859014893+00:00,TARGET,STOP,23102.0,23093.5,391.0,-89.0,302.0,23102.0,23081.5,23091.0,23092.5
2179,2025-08-05 18:00:00,2025-08-05T22:00:00+00:00,VALIDATED_SOURCE,WEEKDAY_PREMIUM,NQU5,2,SELL_TARGET,332.0,10.0,1.0,10.0,0.0,0.0,0.0,DNA_TP_REGISTRY_STOP,TRADE_TOUCH,0,RESOLVED,DOUBLE_STOP,BUY,STOP,2025-08-05 22:00:00.021693303+00:00,STOP,STOP,23091.0,23092.5,-49.0,-49.0,-98.0,23102.0,23081.5,23091.0,23092.5
2179,2025-08-05 18:00:00,2025-08-05T22:00:00+00:00,VALIDATED_SOURCE,WEEKDAY_PREMIUM,NQU5,2,SELL_TARGET,332.0,10.0,1.0,10.0,0.0,0.0,0.0,DNA_TP_REGISTRY_STOP,TRADE_TOUCH,1,RESOLVED,DOUBLE_STOP,BUY,STOP,2025-08-05 22:00:00.021693303+00:00,STOP,STOP,23091.0,23092.5,-49.0,-49.0,-98.0,23102.0,23081.5,23091.0,23092.5
2179,2025-08-05 18:00:00,2025-08-05T22:00:00+00:00,VALIDATED_SOURCE,WEEKDAY_PREMIUM,NQU5,2,SELL_TARGET,332.0,10.0,1.0,10.0,0.0,0.0,0.0,DNA_TP_REGISTRY_STOP,TRADE_TOUCH,100,RESOLVED,BUY_TARGET,SELL,STOP,2025-08-05 22:00:00.859014893+00:00,TARGET,STOP,23102.0,23092.5,391.0,-49.0,342.0,23102.0,23081.5,23091.0,23092.5
2179,2025-08-05 18:00:00,2025-08-05T22:00:00+00:00,VALIDATED_SOURCE,WEEKDAY_PREMIUM,NQU5,2,SELL_TARGET,332.0,10.0,1.0,10.0,0.0,0.0,0.0,DNA_TP_REGISTRY_STOP,TRADE_TOUCH,500,RESOLVED,BUY_TARGET,SELL,STOP,2025-08-05 22:00:00.859014893+00:00,TARGET,STOP,23102.0,23092.5,391.0,-49.0,342.0,23102.0,23081.5,23091.0,23092.5
2179,2025-08-05 18:00:00,2025-08-05T22:00:00+00:00,VALIDATED_SOURCE,WEEKDAY_PREMIUM,NQU5,2,SELL_TARGET,332.0,10.0,1.0,10.0,0.0,0.0,0.0,DNA_TP_REGISTRY_STOP,MID_TOUCH,0,RESOLVED,DOUBLE_STOP,SELL,STOP,2025-08-05 22:00:00.021693303+00:00,STOP,STOP,23091.0,23092.5,-49.0,-49.0,-98.0,23102.0,23081.5,23091.0,23092.5
2179,2025-08-05 18:00:00,2025-08-05T22:00:00+00:00,VALIDATED_SOURCE,WEEKDAY_PREMIUM,NQU5,2,SELL_TARGET,332.0,10.0,1.0,10.0,0.0,0.0,0.0,DNA_TP_REGISTRY_STOP,MID_TOUCH,1,RESOLVED,DOUBLE_STOP,SELL,STOP,2025-08-05 22:00:00.021693303+00:00,STOP,STOP,23091.0,23092.5,-49.0,-49.0,-98.0,23102.0,23081.5,23091.0,23092.5
2179,2025-08-05 18:00:00,2025-08-05T22:00:00+00:00,VALIDATED_SOURCE,WEEKDAY_PREMIUM,NQU5,2,SELL_TARGET,332.0,10.0,1.0,10.0,0.0,0.0,0.0,DNA_TP_REGISTRY_STOP,MID_TOUCH,100,RESOLVED,BUY_TARGET,SELL,STOP,2025-08-05 22:00:00.859014893+00:00,TARGET,STOP,23102.0,23092.5,391.0,-49.0,342.0,23102.0,23081.5,23091.0,23092.5
2179,2025-08-05 18:00:00,2025-08-05T22:00:00+00:00,VALIDATED_SOURCE,WEEKDAY_PREMIUM,NQU5,2,SELL_TARGET,332.0,10.0,1.0,10.0,0.0,0.0,0.0,DNA_TP_REGISTRY_STOP,MID_TOUCH,500,RESOLVED,BUY_TARGET,SELL,STOP,2025-08-05 22:00:00.859014893+00:00,TARGET,STOP,23102.0,23092.5,391.0,-49.0,342.0,23102.0,23081.5,23091.0,23092.5
2179,2025-08-05 18:00:00,2025-08-05T22:00:00+00:00,VALIDATED_SOURCE,WEEKDAY_PREMIUM,NQU5,2,SELL_TARGET,332.0,10.0,1.0,10.0,0.0,0.0,0.0,DNA_TP_REGISTRY_STOP,BBO_EXECUTABLE,0,RESOLVED,DOUBLE_STOP,BUY,STOP,2025-08-05 22:00:00.017707045+00:00,STOP,STOP,23091.0,23100.0,-49.0,-349.0,-398.0,23102.0,23081.5,23091.0,23092.5
2179,2025-08-05 18:00:00,2025-08-05T22:00:00+00:00,VALIDATED_SOURCE,WEEKDAY_PREMIUM,NQU5,2,SELL_TARGET,332.0,10.0,1.0,10.0,0.0,0.0,0.0,DNA_TP_REGISTRY_STOP,BBO_EXECUTABLE,1,RESOLVED,DOUBLE_STOP,BUY,STOP,2025-08-05 22:00:00.017707045+00:00,STOP,STOP,23091.0,23100.0,-49.0,-349.0,-398.0,23102.0,23081.5,23091.0,23092.5
2179,2025-08-05 18:00:00,2025-08-05T22:00:00+00:00,VALIDATED_SOURCE,WEEKDAY_PREMIUM,NQU5,2,SELL_TARGET,332.0,10.0,1.0,10.0,0.0,0.0,0.0,DNA_TP_REGISTRY_STOP,BBO_EXECUTABLE,100,RESOLVED,BUY_TARGET,SELL,STOP,2025-08-05 22:00:00.859014893+00:00,TARGET,STOP,23102.0,23093.5,391.0,-89.0,302.0,23102.0,23081.5,23091.0,23092.5
2179,2025-08-05 18:00:00,2025-08-05T22:00:00+00:00,VALIDATED_SOURCE,WEEKDAY_PREMIUM,NQU5,2,SELL_TARGET,332.0,10.0,1.0,10.0,0.0,0.0,0.0,DNA_TP_REGISTRY_STOP,BBO_EXECUTABLE,500,RESOLVED,BUY_TARGET,SELL,STOP,2025-08-05 22:00:00.859014893+00:00,TARGET,STOP,23102.0,23093.5,391.0,-89.0,302.0,23102.0,23081.5,23091.0,23092.5
2179,2025-08-05 18:00:00,2025-08-05T22:00:00+00:00,VALIDATED_SOURCE,WEEKDAY_PREMIUM,NQU5,2,SELL_TARGET,332.0,10.0,1.0,10.0,0.0,0.0,0.0,DNA_TP_REGISTRY_STOP,LEGACY_STAGE3F,0,RESOLVED,DOUBLE_STOP,BUY,STOP,2025-08-05 22:00:00.017707045+00:00,STOP,STOP,23091.0,23100.0,-49.0,-349.0,-398.0,23102.0,23081.5,23091.0,23092.5
2179,2025-08-05 18:00:00,2025-08-05T22:00:00+00:00,VALIDATED_SOURCE,WEEKDAY_PREMIUM,NQU5,2,SELL_TARGET,332.0,10.0,1.0,10.0,0.0,0.0,0.0,DNA_TP_REGISTRY_STOP,LEGACY_STAGE3F,1,RESOLVED,DOUBLE_STOP,BUY,STOP,2025-08-05 22:00:00.017707045+00:00,STOP,STOP,23091.0,23100.0,-49.0,-349.0,-398.0,23102.0,23081.5,23091.0,23092.5
2179,2025-08-05 18:00:00,2025-08-05T22:00:00+00:00,VALIDATED_SOURCE,WEEKDAY_PREMIUM,NQU5,2,SELL_TARGET,332.0,10.0,1.0,10.0,0.0,0.0,0.0,DNA_TP_REGISTRY_STOP,LEGACY_STAGE3F,100,RESOLVED,BUY_TARGET,SELL,STOP,2025-08-05 22:00:00.859014893+00:00,TARGET,STOP,23102.0,23093.5,391.0,-89.0,302.0,23102.0,23081.5,23091.0,23092.5
2179,2025-08-05 18:00:00,2025-08-05T22:00:00+00:00,VALIDATED_SOURCE,WEEKDAY_PREMIUM,NQU5,2,SELL_TARGET,332.0,10.0,1.0,10.0,0.0,0.0,0.0,DNA_TP_REGISTRY_STOP,LEGACY_STAGE3F,500,RESOLVED,BUY_TARGET,SELL,STOP,2025-08-05 22:00:00.859014893+00:00,TARGET,STOP,23102.0,23093.5,391.0,-89.0,302.0,23102.0,23081.5,23091.0,23092.5
2179,2025-08-05 18:00:00,2025-08-05T22:00:00+00:00,VALIDATED_SOURCE,WEEKDAY_PREMIUM,NQU5,2,SELL_TARGET,332.0,10.0,1.0,10.0,0.0,0.0,0.0,FORMULA_TP_REGISTRY_STOP,TRADE_TOUCH,0,RESOLVED,DOUBLE_STOP,BUY,STOP,2025-08-05 22:00:00.021693303+00:00,STOP,STOP,23091.0,23092.5,-49.0,-49.0,-98.0,23102.0,23081.5,23091.0,23092.5
2179,2025-08-05 18:00:00,2025-08-05T22:00:00+00:00,VALIDATED_SOURCE,WEEKDAY_PREMIUM,NQU5,2,SELL_TARGET,332.0,10.0,1.0,10.0,0.0,0.0,0.0,FORMULA_TP_REGISTRY_STOP,TRADE_TOUCH,1,RESOLVED,DOUBLE_STOP,BUY,STOP,2025-08-05 22:00:00.021693303+00:00,STOP,STOP,23091.0,23092.5,-49.0,-49.0,-98.0,23102.0,23081.5,23091.0,23092.5
2179,2025-08-05 18:00:00,2025-08-05T22:00:00+00:00,VALIDATED_SOURCE,WEEKDAY_PREMIUM,NQU5,2,SELL_TARGET,332.0,10.0,1.0,10.0,0.0,0.0,0.0,FORMULA_TP_REGISTRY_STOP,TRADE_TOUCH,100,RESOLVED,BUY_TARGET,SELL,STOP,2025-08-05 22:00:00.859014893+00:00,TARGET,STOP,23102.0,23092.5,391.0,-49.0,342.0,23102.0,23081.5,23091.0,23092.5
2179,2025-08-05 18:00:00,2025-08-05T22:00:00+00:00,VALIDATED_SOURCE,WEEKDAY_PREMIUM,NQU5,2,SELL_TARGET,332.0,10.0,1.0,10.0,0.0,0.0,0.0,FORMULA_TP_REGISTRY_STOP,TRADE_TOUCH,500,RESOLVED,BUY_TARGET,SELL,STOP,2025-08-05 22:00:00.859014893+00:00,TARGET,STOP,23102.0,23092.5,391.0,-49.0,342.0,23102.0,23081.5,23091.0,23092.5
2179,2025-08-05 18:00:00,2025-08-05T22:00:00+00:00,VALIDATED_SOURCE,WEEKDAY_PREMIUM,NQU5,2,SELL_TARGET,332.0,10.0,1.0,10.0,0.0,0.0,0.0,FORMULA_TP_REGISTRY_STOP,MID_TOUCH,0,RESOLVED,DOUBLE_STOP,SELL,STOP,2025-08-05 22:00:00.021693303+00:00,STOP,STOP,23091.0,23092.5,-49.0,-49.0,-98.0,23102.0,23081.5,23091.0,23092.5
2179,2025-08-05 18:00:00,2025-08-05T22:00:00+00:00,VALIDATED_SOURCE,WEEKDAY_PREMIUM,NQU5,2,SELL_TARGET,332.0,10.0,1.0,10.0,0.0,0.0,0.0,FORMULA_TP_REGISTRY_STOP,MID_TOUCH,1,RESOLVED,DOUBLE_STOP,SELL,STOP,2025-08-05 22:00:00.021693303+00:00,STOP,STOP,23091.0,23092.5,-49.0,-49.0,-98.0,23102.0,23081.5,23091.0,23092.5
2179,2025-08-05 18:00:00,2025-08-05T22:00:00+00:00,VALIDATED_SOURCE,WEEKDAY_PREMIUM,NQU5,2,SELL_TARGET,332.0,10.0,1.0,10.0,0.0,0.0,0.0,FORMULA_TP_REGISTRY_STOP,MID_TOUCH,100,RESOLVED,BUY_TARGET,SELL,STOP,2025-08-05 22:00:00.859014893+00:00,TARGET,STOP,23102.0,23092.5,391.0,-49.0,342.0,23102.0,23081.5,23091.0,23092.5
2179,2025-08-05 18:00:00,2025-08-05T22:00:00+00:00,VALIDATED_SOURCE,WEEKDAY_PREMIUM,NQU5,2,SELL_TARGET,332.0,10.0,1.0,10.0,0.0,0.0,0.0,FORMULA_TP_REGISTRY_STOP,MID_TOUCH,500,RESOLVED,BUY_TARGET,SELL,STOP,2025-08-05 22:00:00.859014893+00:00,TARGET,STOP,23102.0,23092.5,391.0,-49.0,342.0,23102.0,23081.5,23091.0,23092.5
2179,2025-08-05 18:00:00,2025-08-05T22:00:00+00:00,VALIDATED_SOURCE,WEEKDAY_PREMIUM,NQU5,2,SELL_TARGET,332.0,10.0,1.0,10.0,0.0,0.0,0.0,FORMULA_TP_REGISTRY_STOP,BBO_EXECUTABLE,0,RESOLVED,DOUBLE_STOP,BUY,STOP,2025-08-05 22:00:00.017707045+00:00,STOP,STOP,23091.0,23100.0,-49.0,-349.0,-398.0,23102.0,23081.5,23091.0,23092.5
2179,2025-08-05 18:00:00,2025-08-05T22:00:00+00:00,VALIDATED_SOURCE,WEEKDAY_PREMIUM,NQU5,2,SELL_TARGET,332.0,10.0,1.0,10.0,0.0,0.0,0.0,FORMULA_TP_REGISTRY_STOP,BBO_EXECUTABLE,1,RESOLVED,DOUBLE_STOP,BUY,STOP,2025-08-05 22:00:00.017707045+00:00,STOP,STOP,23091.0,23100.0,-49.0,-349.0,-398.0,23102.0,23081.5,23091.0,23092.5
2179,2025-08-05 18:00:00,2025-08-05T22:00:00+00:00,VALIDATED_SOURCE,WEEKDAY_PREMIUM,NQU5,2,SELL_TARGET,332.0,10.0,1.0,10.0,0.0,0.0,0.0,FORMULA_TP_REGISTRY_STOP,BBO_EXECUTABLE,100,RESOLVED,BUY_TARGET,SELL,STOP,2025-08-05 22:00:00.859014893+00:00,TARGET,STOP,23102.0,23093.5,391.0,-89.0,302.0,23102.0,23081.5,23091.0,23092.5
2179,2025-08-05 18:00:00,2025-08-05T22:00:00+00:00,VALIDATED_SOURCE,WEEKDAY_PREMIUM,NQU5,2,SELL_TARGET,332.0,10.0,1.0,10.0,0.0,0.0,0.0,FORMULA_TP_REGISTRY_STOP,BBO_EXECUTABLE,500,RESOLVED,BUY_TARGET,SELL,STOP,2025-08-05 22:00:00.859014893+00:00,TARGET,STOP,23102.0,23093.5,391.0,-89.0,302.0,23102.0,23081.5,23091.0,23092.5
2179,2025-08-05 18:00:00,2025-08-05T22:00:00+00:00,VALIDATED_SOURCE,WEEKDAY_PREMIUM,NQU5,2,SELL_TARGET,332.0,10.0,1.0,10.0,0.0,0.0,0.0,FORMULA_TP_REGISTRY_STOP,LEGACY_STAGE3F,0,RESOLVED,DOUBLE_STOP,BUY,STOP,2025-08-05 22:00:00.017707045+00:00,STOP,STOP,23091.0,23100.0,-49.0,-349.0,-398.0,23102.0,23081.5,23091.0,23092.5
2179,2025-08-05 18:00:00,2025-08-05T22:00:00+00:00,VALIDATED_SOURCE,WEEKDAY_PREMIUM,NQU5,2,SELL_TARGET,332.0,10.0,1.0,10.0,0.0,0.0,0.0,FORMULA_TP_REGISTRY_STOP,LEGACY_STAGE3F,1,RESOLVED,DOUBLE_STOP,BUY,STOP,2025-08-05 22:00:00.017707045+00:00,STOP,STOP,23091.0,23100.0,-49.0,-349.0,-398.0,23102.0,23081.5,23091.0,23092.5
2179,2025-08-05 18:00:00,2025-08-05T22:00:00+00:00,VALIDATED_SOURCE,WEEKDAY_PREMIUM,NQU5,2,SELL_TARGET,332.0,10.0,1.0,10.0,0.0,0.0,0.0,FORMULA_TP_REGISTRY_STOP,LEGACY_STAGE3F,100,RESOLVED,BUY_TARGET,SELL,STOP,2025-08-05 22:00:00.859014893+00:00,TARGET,STOP,23102.0,23093.5,391.0,-89.0,302.0,23102.0,23081.5,23091.0,23092.5
2179,2025-08-05 18:00:00,2025-08-05T22:00:00+00:00,VALIDATED_SOURCE,WEEKDAY_PREMIUM,NQU5,2,SELL_TARGET,332.0,10.0,1.0,10.0,0.0,0.0,0.0,FORMULA_TP_REGISTRY_STOP,LEGACY_STAGE3F,500,RESOLVED,BUY_TARGET,SELL,STOP,2025-08-05 22:00:00.859014893+00:00,TARGET,STOP,23102.0,23093.5,391.0,-89.0,302.0,23102.0,23081.5,23091.0,23092.5
2180,2025-08-06 09:30:00,2025-08-06T13:30:00+00:00,VALIDATED_SOURCE,NY,NQU5,2,DOUBLE_STOP,-118.0,16.0,1.0,16.0,0.0,0.0,0.0,DNA_TP_DNA_SP,TRADE_TOUCH,0,RESOLVED,DOUBLE_STOP,BUY,STOP,2025-08-06 13:30:00.001585691+00:00,STOP,STOP,23168.5,23170.0,-49.0,-49.0,-98.0,23185.5,23153.0,23168.5,23170.0
2180,2025-08-06 09:30:00,2025-08-06T13:30:00+00:00,VALIDATED_SOURCE,NY,NQU5,2,DOUBLE_STOP,-118.0,16.0,1.0,16.0,0.0,0.0,0.0,DNA_TP_DNA_SP,TRADE_TOUCH,1,RESOLVED,DOUBLE_STOP,BUY,STOP,2025-08-06 13:30:00.001585691+00:00,STOP,STOP,23168.5,23170.0,-49.0,-49.0,-98.0,23185.5,23153.0,23168.5,23170.0
2180,2025-08-06 09:30:00,2025-08-06T13:30:00+00:00,VALIDATED_SOURCE,NY,NQU5,2,DOUBLE_STOP,-118.0,16.0,1.0,16.0,0.0,0.0,0.0,DNA_TP_DNA_SP,TRADE_TOUCH,100,RESOLVED,DOUBLE_STOP,SELL,STOP,2025-08-06 13:30:00.104283871+00:00,STOP,STOP,23168.5,23170.0,-49.0,-49.0,-98.0,23185.5,23153.0,23168.5,23170.0
2180,2025-08-06 09:30:00,2025-08-06T13:30:00+00:00,VALIDATED_SOURCE,NY,NQU5,2,DOUBLE_STOP,-118.0,16.0,1.0,16.0,0.0,0.0,0.0,DNA_TP_DNA_SP,TRADE_TOUCH,500,RESOLVED,DOUBLE_STOP,SELL,STOP,2025-08-06 13:30:00.503782705+00:00,STOP,STOP,23168.5,23170.0,-49.0,-49.0,-98.0,23185.5,23153.0,23168.5,23170.0
2180,2025-08-06 09:30:00,2025-08-06T13:30:00+00:00,VALIDATED_SOURCE,NY,NQU5,2,DOUBLE_STOP,-118.0,16.0,1.0,16.0,0.0,0.0,0.0,DNA_TP_DNA_SP,MID_TOUCH,0,RESOLVED,DOUBLE_STOP,SELL,STOP,2025-08-06 13:30:00.006855161+00:00,STOP,STOP,23168.5,23170.0,-49.0,-49.0,-98.0,23185.5,23153.0,23168.5,23170.0
2180,2025-08-06 09:30:00,2025-08-06T13:30:00+00:00,VALIDATED_SOURCE,NY,NQU5,2,DOUBLE_STOP,-118.0,16.0,1.0,16.0,0.0,0.0,0.0,DNA_TP_DNA_SP,MID_TOUCH,1,RESOLVED,DOUBLE_STOP,SELL,STOP,2025-08-06 13:30:00.006855161+00:00,STOP,STOP,23168.5,23170.0,-49.0,-49.0,-98.0,23185.5,23153.0,23168.5,23170.0
2180,2025-08-06 09:30:00,2025-08-06T13:30:00+00:00,VALIDATED_SOURCE,NY,NQU5,2,DOUBLE_STOP,-118.0,16.0,1.0,16.0,0.0,0.0,0.0,DNA_TP_DNA_SP,MID_TOUCH,100,RESOLVED,DOUBLE_STOP,SELL,STOP,2025-08-06 13:30:00.104283871+00:00,STOP,STOP,23168.5,23170.0,-49.0,-49.0,-98.0,23185.5,23153.0,23168.5,23170.0
2180,2025-08-06 09:30:00,2025-08-06T13:30:00+00:00,VALIDATED_SOURCE,NY,NQU5,2,DOUBLE_STOP,-118.0,16.0,1.0,16.0,0.0,0.0,0.0,DNA_TP_DNA_SP,MID_TOUCH,500,RESOLVED,DOUBLE_STOP,SELL,STOP,2025-08-06 13:30:00.503782705+00:00,STOP,STOP,23168.5,23170.0,-49.0,-49.0,-98.0,23185.5,23153.0,23168.5,23170.0
2180,2025-08-06 09:30:00,2025-08-06T13:30:00+00:00,VALIDATED_SOURCE,NY,NQU5,2,DOUBLE_STOP,-118.0,16.0,1.0,16.0,0.0,0.0,0.0,DNA_TP_DNA_SP,BBO_EXECUTABLE,0,RESOLVED,DOUBLE_STOP,BUY,STOP,2025-08-06 13:30:00.001585691+00:00,STOP,STOP,23168.5,23170.0,-49.0,-49.0,-98.0,23185.5,23153.0,23168.5,23170.0
2180,2025-08-06 09:30:00,2025-08-06T13:30:00+00:00,VALIDATED_SOURCE,NY,NQU5,2,DOUBLE_STOP,-118.0,16.0,1.0,16.0,0.0,0.0,0.0,DNA_TP_DNA_SP,BBO_EXECUTABLE,1,RESOLVED,DOUBLE_STOP,BUY,STOP,2025-08-06 13:30:00.001585691+00:00,STOP,STOP,23168.5,23170.0,-49.0,-49.0,-98.0,23185.5,23153.0,23168.5,23170.0
2180,2025-08-06 09:30:00,2025-08-06T13:30:00+00:00,VALIDATED_SOURCE,NY,NQU5,2,DOUBLE_STOP,-118.0,16.0,1.0,16.0,0.0,0.0,0.0,DNA_TP_DNA_SP,BBO_EXECUTABLE,100,RESOLVED,DOUBLE_STOP,SELL,STOP,2025-08-06 13:30:00.104283871+00:00,STOP,STOP,23168.25,23171.5,-59.0,-109.0,-168.0,23185.5,23153.0,23168.5,23170.0
2180,2025-08-06 09:30:00,2025-08-06T13:30:00+00:00,VALIDATED_SOURCE,NY,NQU5,2,DOUBLE_STOP,-118.0,16.0,1.0,16.0,0.0,0.0,0.0,DNA_TP_DNA_SP,BBO_EXECUTABLE,500,RESOLVED,DOUBLE_STOP,SELL,STOP,2025-08-06 13:30:00.503782705+00:00,STOP,STOP,23168.5,23172.25,-49.0,-139.0,-188.0,23185.5,23153.0,23168.5,23170.0
2180,2025-08-06 09:30:00,2025-08-06T13:30:00+00:00,VALIDATED_SOURCE,NY,NQU5,2,DOUBLE_STOP,-118.0,16.0,1.0,16.0,0.0,0.0,0.0,DNA_TP_DNA_SP,LEGACY_STAGE3F,0,RESOLVED,DOUBLE_STOP,BUY,STOP,2025-08-06 13:30:00.001585691+00:00,STOP,STOP,23168.5,23170.0,-49.0,-49.0,-98.0,23185.5,23153.0,23168.5,23170.0
2180,2025-08-06 09:30:00,2025-08-06T13:30:00+00:00,VALIDATED_SOURCE,NY,NQU5,2,DOUBLE_STOP,-118.0,16.0,1.0,16.0,0.0,0.0,0.0,DNA_TP_DNA_SP,LEGACY_STAGE3F,1,RESOLVED,DOUBLE_STOP,BUY,STOP,2025-08-06 13:30:00.001585691+00:00,STOP,STOP,23168.5,23170.0,-49.0,-49.0,-98.0,23185.5,23153.0,23168.5,23170.0
2180,2025-08-06 09:30:00,2025-08-06T13:30:00+00:00,VALIDATED_SOURCE,NY,NQU5,2,DOUBLE_STOP,-118.0,16.0,1.0,16.0,0.0,0.0,0.0,DNA_TP_DNA_SP,LEGACY_STAGE3F,100,RESOLVED,DOUBLE_STOP,SELL,STOP,2025-08-06 13:30:00.104283871+00:00,STOP,STOP,23169.5,23171.5,-9.0,-109.0,-118.0,23185.5,23153.0,23168.5,23170.0
2180,2025-08-06 09:30:00,2025-08-06T13:30:00+00:00,VALIDATED_SOURCE,NY,NQU5,2,DOUBLE_STOP,-118.0,16.0,1.0,16.0,0.0,0.0,0.0,DNA_TP_DNA_SP,LEGACY_STAGE3F,500,RESOLVED,DOUBLE_STOP,SELL,STOP,2025-08-06 13:30:00.503782705+00:00,STOP,STOP,23168.5,23172.25,-49.0,-139.0,-188.0,23185.5,23153.0,23168.5,23170.0
2180,2025-08-06 09:30:00,2025-08-06T13:30:00+00:00,VALIDATED_SOURCE,NY,NQU5,2,DOUBLE_STOP,-118.0,16.0,1.0,16.0,0.0,0.0,0.0,DNA_TP_REGISTRY_STOP,TRADE_TOUCH,0,RESOLVED,DOUBLE_STOP,BUY,STOP,2025-08-06 13:30:00.001585691+00:00,STOP,STOP,23168.5,23170.0,-49.0,-49.0,-98.0,23185.5,23153.0,23168.5,23170.0
2180,2025-08-06 09:30:00,2025-08-06T13:30:00+00:00,VALIDATED_SOURCE,NY,NQU5,2,DOUBLE_STOP,-118.0,16.0,1.0,16.0,0.0,0.0,0.0,DNA_TP_REGISTRY_STOP,TRADE_TOUCH,1,RESOLVED,DOUBLE_STOP,BUY,STOP,2025-08-06 13:30:00.001585691+00:00,STOP,STOP,23168.5,23170.0,-49.0,-49.0,-98.0,23185.5,23153.0,23168.5,23170.0
2180,2025-08-06 09:30:00,2025-08-06T13:30:00+00:00,VALIDATED_SOURCE,NY,NQU5,2,DOUBLE_STOP,-118.0,16.0,1.0,16.0,0.0,0.0,0.0,DNA_TP_REGISTRY_STOP,TRADE_TOUCH,100,RESOLVED,DOUBLE_STOP,SELL,STOP,2025-08-06 13:30:00.104283871+00:00,STOP,STOP,23168.5,23170.0,-49.0,-49.0,-98.0,23185.5,23153.0,23168.5,23170.0
2180,2025-08-06 09:30:00,2025-08-06T13:30:00+00:00,VALIDATED_SOURCE,NY,NQU5,2,DOUBLE_STOP,-118.0,16.0,1.0,16.0,0.0,0.0,0.0,DNA_TP_REGISTRY_STOP,TRADE_TOUCH,500,RESOLVED,DOUBLE_STOP,SELL,STOP,2025-08-06 13:30:00.503782705+00:00,STOP,STOP,23168.5,23170.0,-49.0,-49.0,-98.0,23185.5,23153.0,23168.5,23170.0
2180,2025-08-06 09:30:00,2025-08-06T13:30:00+00:00,VALIDATED_SOURCE,NY,NQU5,2,DOUBLE_STOP,-118.0,16.0,1.0,16.0,0.0,0.0,0.0,DNA_TP_REGISTRY_STOP,MID_TOUCH,0,RESOLVED,DOUBLE_STOP,SELL,STOP,2025-08-06 13:30:00.006855161+00:00,STOP,STOP,23168.5,23170.0,-49.0,-49.0,-98.0,23185.5,23153.0,23168.5,23170.0
2180,2025-08-06 09:30:00,2025-08-06T13:30:00+00:00,VALIDATED_SOURCE,NY,NQU5,2,DOUBLE_STOP,-118.0,16.0,1.0,16.0,0.0,0.0,0.0,DNA_TP_REGISTRY_STOP,MID_TOUCH,1,RESOLVED,DOUBLE_STOP,SELL,STOP,2025-08-06 13:30:00.006855161+00:00,STOP,STOP,23168.5,23170.0,-49.0,-49.0,-98.0,23185.5,23153.0,23168.5,23170.0
2180,2025-08-06 09:30:00,2025-08-06T13:30:00+00:00,VALIDATED_SOURCE,NY,NQU5,2,DOUBLE_STOP,-118.0,16.0,1.0,16.0,0.0,0.0,0.0,DNA_TP_REGISTRY_STOP,MID_TOUCH,100,RESOLVED,DOUBLE_STOP,SELL,STOP,2025-08-06 13:30:00.104283871+00:00,STOP,STOP,23168.5,23170.0,-49.0,-49.0,-98.0,23185.5,23153.0,23168.5,23170.0
2180,2025-08-06 09:30:00,2025-08-06T13:30:00+00:00,VALIDATED_SOURCE,NY,NQU5,2,DOUBLE_STOP,-118.0,16.0,1.0,16.0,0.0,0.0,0.0,DNA_TP_REGISTRY_STOP,MID_TOUCH,500,RESOLVED,DOUBLE_STOP,SELL,STOP,2025-08-06 13:30:00.503782705+00:00,STOP,STOP,23168.5,23170.0,-49.0,-49.0,-98.0,23185.5,23153.0,23168.5,23170.0
2180,2025-08-06 09:30:00,2025-08-06T13:30:00+00:00,VALIDATED_SOURCE,NY,NQU5,2,DOUBLE_STOP,-118.0,16.0,1.0,16.0,0.0,0.0,0.0,DNA_TP_REGISTRY_STOP,BBO_EXECUTABLE,0,RESOLVED,DOUBLE_STOP,BUY,STOP,2025-08-06 13:30:00.001585691+00:00,STOP,STOP,23168.5,23170.0,-49.0,-49.0,-98.0,23185.5,23153.0,23168.5,23170.0
2180,2025-08-06 09:30:00,2025-08-06T13:30:00+00:00,VALIDATED_SOURCE,NY,NQU5,2,DOUBLE_STOP,-118.0,16.0,1.0,16.0,0.0,0.0,0.0,DNA_TP_REGISTRY_STOP,BBO_EXECUTABLE,1,RESOLVED,DOUBLE_STOP,BUY,STOP,2025-08-06 13:30:00.001585691+00:00,STOP,STOP,23168.5,23170.0,-49.0,-49.0,-98.0,23185.5,23153.0,23168.5,23170.0
2180,2025-08-06 09:30:00,2025-08-06T13:30:00+00:00,VALIDATED_SOURCE,NY,NQU5,2,DOUBLE_STOP,-118.0,16.0,1.0,16.0,0.0,0.0,0.0,DNA_TP_REGISTRY_STOP,BBO_EXECUTABLE,100,RESOLVED,DOUBLE_STOP,SELL,STOP,2025-08-06 13:30:00.104283871+00:00,STOP,STOP,23168.25,23171.5,-59.0,-109.0,-168.0,23185.5,23153.0,23168.5,23170.0
2180,2025-08-06 09:30:00,2025-08-06T13:30:00+00:00,VALIDATED_SOURCE,NY,NQU5,2,DOUBLE_STOP,-118.0,16.0,1.0,16.0,0.0,0.0,0.0,DNA_TP_REGISTRY_STOP,BBO_EXECUTABLE,500,RESOLVED,DOUBLE_STOP,SELL,STOP,2025-08-06 13:30:00.503782705+00:00,STOP,STOP,23168.5,23172.25,-49.0,-139.0,-188.0,23185.5,23153.0,23168.5,23170.0
2180,2025-08-06 09:30:00,2025-08-06T13:30:00+00:00,VALIDATED_SOURCE,NY,NQU5,2,DOUBLE_STOP,-118.0,16.0,1.0,16.0,0.0,0.0,0.0,DNA_TP_REGISTRY_STOP,LEGACY_STAGE3F,0,RESOLVED,DOUBLE_STOP,BUY,STOP,2025-08-06 13:30:00.001585691+00:00,STOP,STOP,23168.5,23170.0,-49.0,-49.0,-98.0,23185.5,23153.0,23168.5,23170.0
2180,2025-08-06 09:30:00,2025-08-06T13:30:00+00:00,VALIDATED_SOURCE,NY,NQU5,2,DOUBLE_STOP,-118.0,16.0,1.0,16.0,0.0,0.0,0.0,DNA_TP_REGISTRY_STOP,LEGACY_STAGE3F,1,RESOLVED,DOUBLE_STOP,BUY,STOP,2025-08-06 13:30:00.001585691+00:00,STOP,STOP,23168.5,23170.0,-49.0,-49.0,-98.0,23185.5,23153.0,23168.5,23170.0
2180,2025-08-06 09:30:00,2025-08-06T13:30:00+00:00,VALIDATED_SOURCE,NY,NQU5,2,DOUBLE_STOP,-118.0,16.0,1.0,16.0,0.0,0.0,0.0,DNA_TP_REGISTRY_STOP,LEGACY_STAGE3F,100,RESOLVED,DOUBLE_STOP,SELL,STOP,2025-08-06 13:30:00.104283871+00:00,STOP,STOP,23169.5,23171.5,-9.0,-109.0,-118.0,23185.5,23153.0,23168.5,23170.0
2180,2025-08-06 09:30:00,2025-08-06T13:30:00+00:00,VALIDATED_SOURCE,NY,NQU5,2,DOUBLE_STOP,-118.0,16.0,1.0,16.0,0.0,0.0,0.0,DNA_TP_REGISTRY_STOP,LEGACY_STAGE3F,500,RESOLVED,DOUBLE_STOP,SELL,STOP,2025-08-06 13:30:00.503782705+00:00,STOP,STOP,23168.5,23172.25,-49.0,-139.0,-188.0,23185.5,23153.0,23168.5,23170.0
2180,2025-08-06 09:30:00,2025-08-06T13:30:00+00:00,VALIDATED_SOURCE,NY,NQU5,2,DOUBLE_STOP,-118.0,16.0,1.0,16.0,0.0,0.0,0.0,FORMULA_TP_REGISTRY_STOP,TRADE_TOUCH,0,RESOLVED,DOUBLE_STOP,BUY,STOP,2025-08-06 13:30:00.001585691+00:00,STOP,STOP,23168.5,23170.0,-49.0,-49.0,-98.0,23185.5,23153.0,23168.5,23170.0
2180,2025-08-06 09:30:00,2025-08-06T13:30:00+00:00,VALIDATED_SOURCE,NY,NQU5,2,DOUBLE_STOP,-118.0,16.0,1.0,16.0,0.0,0.0,0.0,FORMULA_TP_REGISTRY_STOP,TRADE_TOUCH,1,RESOLVED,DOUBLE_STOP,BUY,STOP,2025-08-06 13:30:00.001585691+00:00,STOP,STOP,23168.5,23170.0,-49.0,-49.0,-98.0,23185.5,23153.0,23168.5,23170.0
2180,2025-08-06 09:30:00,2025-08-06T13:30:00+00:00,VALIDATED_SOURCE,NY,NQU5,2,DOUBLE_STOP,-118.0,16.0,1.0,16.0,0.0,0.0,0.0,FORMULA_TP_REGISTRY_STOP,TRADE_TOUCH,100,RESOLVED,DOUBLE_STOP,SELL,STOP,2025-08-06 13:30:00.104283871+00:00,STOP,STOP,23168.5,23170.0,-49.0,-49.0,-98.0,23185.5,23153.0,23168.5,23170.0
2180,2025-08-06 09:30:00,2025-08-06T13:30:00+00:00,VALIDATED_SOURCE,NY,NQU5,2,DOUBLE_STOP,-118.0,16.0,1.0,16.0,0.0,0.0,0.0,FORMULA_TP_REGISTRY_STOP,TRADE_TOUCH,500,RESOLVED,DOUBLE_STOP,SELL,STOP,2025-08-06 13:30:00.503782705+00:00,STOP,STOP,23168.5,23170.0,-49.0,-49.0,-98.0,23185.5,23153.0,23168.5,23170.0
2180,2025-08-06 09:30:00,2025-08-06T13:30:00+00:00,VALIDATED_SOURCE,NY,NQU5,2,DOUBLE_STOP,-118.0,16.0,1.0,16.0,0.0,0.0,0.0,FORMULA_TP_REGISTRY_STOP,MID_TOUCH,0,RESOLVED,DOUBLE_STOP,SELL,STOP,2025-08-06 13:30:00.006855161+00:00,STOP,STOP,23168.5,23170.0,-49.0,-49.0,-98.0,23185.5,23153.0,23168.5,23170.0
2180,2025-08-06 09:30:00,2025-08-06T13:30:00+00:00,VALIDATED_SOURCE,NY,NQU5,2,DOUBLE_STOP,-118.0,16.0,1.0,16.0,0.0,0.0,0.0,FORMULA_TP_REGISTRY_STOP,MID_TOUCH,1,RESOLVED,DOUBLE_STOP,SELL,STOP,2025-08-06 13:30:00.006855161+00:00,STOP,STOP,23168.5,23170.0,-49.0,-49.0,-98.0,23185.5,23153.0,23168.5,23170.0
2180,2025-08-06 09:30:00,2025-08-06T13:30:00+00:00,VALIDATED_SOURCE,NY,NQU5,2,DOUBLE_STOP,-118.0,16.0,1.0,16.0,0.0,0.0,0.0,FORMULA_TP_REGISTRY_STOP,MID_TOUCH,100,RESOLVED,DOUBLE_STOP,SELL,STOP,2025-08-06 13:30:00.104283871+00:00,STOP,STOP,23168.5,23170.0,-49.0,-49.0,-98.0,23185.5,23153.0,23168.5,23170.0
2180,2025-08-06 09:30:00,2025-08-06T13:30:00+00:00,VALIDATED_SOURCE,NY,NQU5,2,DOUBLE_STOP,-118.0,16.0,1.0,16.0,0.0,0.0,0.0,FORMULA_TP_REGISTRY_STOP,MID_TOUCH,500,RESOLVED,DOUBLE_STOP,SELL,STOP,2025-08-06 13:30:00.503782705+00:00,STOP,STOP,23168.5,23170.0,-49.0,-49.0,-98.0,23185.5,23153.0,23168.5,23170.0
2180,2025-08-06 09:30:00,2025-08-06T13:30:00+00:00,VALIDATED_SOURCE,NY,NQU5,2,DOUBLE_STOP,-118.0,16.0,1.0,16.0,0.0,0.0,0.0,FORMULA_TP_REGISTRY_STOP,BBO_EXECUTABLE,0,RESOLVED,DOUBLE_STOP,BUY,STOP,2025-08-06 13:30:00.001585691+00:00,STOP,STOP,23168.5,23170.0,-49.0,-49.0,-98.0,23185.5,23153.0,23168.5,23170.0
2180,2025-08-06 09:30:00,2025-08-06T13:30:00+00:00,VALIDATED_SOURCE,NY,NQU5,2,DOUBLE_STOP,-118.0,16.0,1.0,16.0,0.0,0.0,0.0,FORMULA_TP_REGISTRY_STOP,BBO_EXECUTABLE,1,RESOLVED,DOUBLE_STOP,BUY,STOP,2025-08-06 13:30:00.001585691+00:00,STOP,STOP,23168.5,23170.0,-49.0,-49.0,-98.0,23185.5,23153.0,23168.5,23170.0
2180,2025-08-06 09:30:00,2025-08-06T13:30:00+00:00,VALIDATED_SOURCE,NY,NQU5,2,DOUBLE_STOP,-118.0,16.0,1.0,16.0,0.0,0.0,0.0,FORMULA_TP_REGISTRY_STOP,BBO_EXECUTABLE,100,RESOLVED,DOUBLE_STOP,SELL,STOP,2025-08-06 13:30:00.104283871+00:00,STOP,STOP,23168.25,23171.5,-59.0,-109.0,-168.0,23185.5,23153.0,23168.5,23170.0
2180,2025-08-06 09:30:00,2025-08-06T13:30:00+00:00,VALIDATED_SOURCE,NY,NQU5,2,DOUBLE_STOP,-118.0,16.0,1.0,16.0,0.0,0.0,0.0,FORMULA_TP_REGISTRY_STOP,BBO_EXECUTABLE,500,RESOLVED,DOUBLE_STOP,SELL,STOP,2025-08-06 13:30:00.503782705+00:00,STOP,STOP,23168.5,23172.25,-49.0,-139.0,-188.0,23185.5,23153.0,23168.5,23170.0
2180,2025-08-06 09:30:00,2025-08-06T13:30:00+00:00,VALIDATED_SOURCE,NY,NQU5,2,DOUBLE_STOP,-118.0,16.0,1.0,16.0,0.0,0.0,0.0,FORMULA_TP_REGISTRY_STOP,LEGACY_STAGE3F,0,RESOLVED,DOUBLE_STOP,BUY,STOP,2025-08-06 13:30:00.001585691+00:00,STOP,STOP,23168.5,23170.0,-49.0,-49.0,-98.0,23185.5,23153.0,23168.5,23170.0
2180,2025-08-06 09:30:00,2025-08-06T13:30:00+00:00,VALIDATED_SOURCE,NY,NQU5,2,DOUBLE_STOP,-118.0,16.0,1.0,16.0,0.0,0.0,0.0,FORMULA_TP_REGISTRY_STOP,LEGACY_STAGE3F,1,RESOLVED,DOUBLE_STOP,BUY,STOP,2025-08-06 13:30:00.001585691+00:00,STOP,STOP,23168.5,23170.0,-49.0,-49.0,-98.0,23185.5,23153.0,23168.5,23170.0
2180,2025-08-06 09:30:00,2025-08-06T13:30:00+00:00,VALIDATED_SOURCE,NY,NQU5,2,DOUBLE_STOP,-118.0,16.0,1.0,16.0,0.0,0.0,0.0,FORMULA_TP_REGISTRY_STOP,LEGACY_STAGE3F,100,RESOLVED,DOUBLE_STOP,SELL,STOP,2025-08-06 13:30:00.104283871+00:00,STOP,STOP,23169.5,23171.5,-9.0,-109.0,-118.0,23185.5,23153.0,23168.5,23170.0
2180,2025-08-06 09:30:00,2025-08-06T13:30:00+00:00,VALIDATED_SOURCE,NY,NQU5,2,DOUBLE_STOP,-118.0,16.0,1.0,16.0,0.0,0.0,0.0,FORMULA_TP_REGISTRY_STOP,LEGACY_STAGE3F,500,RESOLVED,DOUBLE_STOP,SELL,STOP,2025-08-06 13:30:00.503782705+00:00,STOP,STOP,23168.5,23172.25,-49.0,-139.0,-188.0,23185.5,23153.0,23168.5,23170.0
2181,2025-08-07 09:30:00,2025-08-07T13:30:00+00:00,VALIDATED_SOURCE,NY,NQU5,2,SELL_TARGET,572.0,16.0,1.0,16.0,0.0,0.0,0.0,DNA_TP_DNA_SP,TRADE_TOUCH,0,RESOLVED,DOUBLE_STOP,SELL,STOP,2025-08-07 13:30:00.015403787+00:00,STOP,STOP,23600.25,23601.75,-49.0,-49.0,-98.0,23617.25,23584.75,23600.25,23601.75
2181,2025-08-07 09:30:00,2025-08-07T13:30:00+00:00,VALIDATED_SOURCE,NY,NQU5,2,SELL_TARGET,572.0,16.0,1.0,16.0,0.0,0.0,0.0,DNA_TP_DNA_SP,TRADE_TOUCH,1,RESOLVED,DOUBLE_STOP,SELL,STOP,2025-08-07 13:30:00.015403787+00:00,STOP,STOP,23600.25,23601.75,-49.0,-49.0,-98.0,23617.25,23584.75,23600.25,23601.75
2181,2025-08-07 09:30:00,2025-08-07T13:30:00+00:00,VALIDATED_SOURCE,NY,NQU5,2,SELL_TARGET,572.0,16.0,1.0,16.0,0.0,0.0,0.0,DNA_TP_DNA_SP,TRADE_TOUCH,100,RESOLVED,DOUBLE_STOP,SELL,STOP,2025-08-07 13:30:00.246014513+00:00,STOP,STOP,23600.25,23601.75,-49.0,-49.0,-98.0,23617.25,23584.75,23600.25,23601.75
2181,2025-08-07 09:30:00,2025-08-07T13:30:00+00:00,VALIDATED_SOURCE,NY,NQU5,2,SELL_TARGET,572.0,16.0,1.0,16.0,0.0,0.0,0.0,DNA_TP_DNA_SP,TRADE_TOUCH,500,RESOLVED,DOUBLE_STOP,BUY,STOP,2025-08-07 13:30:00.516169551+00:00,STOP,STOP,23600.25,23601.75,-49.0,-49.0,-98.0,23617.25,23584.75,23600.25,23601.75
2181,2025-08-07 09:30:00,2025-08-07T13:30:00+00:00,VALIDATED_SOURCE,NY,NQU5,2,SELL_TARGET,572.0,16.0,1.0,16.0,0.0,0.0,0.0,DNA_TP_DNA_SP,MID_TOUCH,0,RESOLVED,DOUBLE_STOP,SELL,STOP,2025-08-07 13:30:00.017354419+00:00,STOP,STOP,23600.25,23601.75,-49.0,-49.0,-98.0,23617.25,23584.75,23600.25,23601.75
2181,2025-08-07 09:30:00,2025-08-07T13:30:00+00:00,VALIDATED_SOURCE,NY,NQU5,2,SELL_TARGET,572.0,16.0,1.0,16.0,0.0,0.0,0.0,DNA_TP_DNA_SP,MID_TOUCH,1,RESOLVED,DOUBLE_STOP,SELL,STOP,2025-08-07 13:30:00.017354419+00:00,STOP,STOP,23600.25,23601.75,-49.0,-49.0,-98.0,23617.25,23584.75,23600.25,23601.75
2181,2025-08-07 09:30:00,2025-08-07T13:30:00+00:00,VALIDATED_SOURCE,NY,NQU5,2,SELL_TARGET,572.0,16.0,1.0,16.0,0.0,0.0,0.0,DNA_TP_DNA_SP,MID_TOUCH,100,RESOLVED,DOUBLE_STOP,SELL,STOP,2025-08-07 13:30:00.247309493+00:00,STOP,STOP,23600.25,23601.75,-49.0,-49.0,-98.0,23617.25,23584.75,23600.25,23601.75
2181,2025-08-07 09:30:00,2025-08-07T13:30:00+00:00,VALIDATED_SOURCE,NY,NQU5,2,SELL_TARGET,572.0,16.0,1.0,16.0,0.0,0.0,0.0,DNA_TP_DNA_SP,MID_TOUCH,500,RESOLVED,DOUBLE_STOP,BUY,STOP,2025-08-07 13:30:00.516169551+00:00,STOP,STOP,23600.25,23601.75,-49.0,-49.0,-98.0,23617.25,23584.75,23600.25,23601.75
2181,2025-08-07 09:30:00,2025-08-07T13:30:00+00:00,VALIDATED_SOURCE,NY,NQU5,2,SELL_TARGET,572.0,16.0,1.0,16.0,0.0,0.0,0.0,DNA_TP_DNA_SP,BBO_EXECUTABLE,0,RESOLVED,DOUBLE_STOP,BUY,STOP,2025-08-07 13:30:00.005987843+00:00,STOP,STOP,23600.25,23601.75,-49.0,-49.0,-98.0,23617.25,23584.75,23600.25,23601.75
2181,2025-08-07 09:30:00,2025-08-07T13:30:00+00:00,VALIDATED_SOURCE,NY,NQU5,2,SELL_TARGET,572.0,16.0,1.0,16.0,0.0,0.0,0.0,DNA_TP_DNA_SP,BBO_EXECUTABLE,1,RESOLVED,DOUBLE_STOP,BUY,STOP,2025-08-07 13:30:00.005987843+00:00,STOP,STOP,23600.25,23601.75,-49.0,-49.0,-98.0,23617.25,23584.75,23600.25,23601.75
2181,2025-08-07 09:30:00,2025-08-07T13:30:00+00:00,VALIDATED_SOURCE,NY,NQU5,2,SELL_TARGET,572.0,16.0,1.0,16.0,0.0,0.0,0.0,DNA_TP_DNA_SP,BBO_EXECUTABLE,100,RESOLVED,DOUBLE_STOP,BUY,STOP,2025-08-07 13:30:00.117150477+00:00,STOP,STOP,23600.25,23601.75,-49.0,-49.0,-98.0,23617.25,23584.75,23600.25,23601.75
2181,2025-08-07 09:30:00,2025-08-07T13:30:00+00:00,VALIDATED_SOURCE,NY,NQU5,2,SELL_TARGET,572.0,16.0,1.0,16.0,0.0,0.0,0.0,DNA_TP_DNA_SP,BBO_EXECUTABLE,500,RESOLVED,DOUBLE_STOP,BUY,STOP,2025-08-07 13:30:00.516169551+00:00,STOP,STOP,23599.0,23601.75,-99.0,-49.0,-148.0,23617.25,23584.75,23600.25,23601.75
2181,2025-08-07 09:30:00,2025-08-07T13:30:00+00:00,VALIDATED_SOURCE,NY,NQU5,2,SELL_TARGET,572.0,16.0,1.0,16.0,0.0,0.0,0.0,DNA_TP_DNA_SP,LEGACY_STAGE3F,0,RESOLVED,DOUBLE_STOP,BUY,STOP,2025-08-07 13:30:00.005987843+00:00,STOP,STOP,23600.25,23601.75,-49.0,-49.0,-98.0,23617.25,23584.75,23600.25,23601.75
2181,2025-08-07 09:30:00,2025-08-07T13:30:00+00:00,VALIDATED_SOURCE,NY,NQU5,2,SELL_TARGET,572.0,16.0,1.0,16.0,0.0,0.0,0.0,DNA_TP_DNA_SP,LEGACY_STAGE3F,1,RESOLVED,DOUBLE_STOP,BUY,STOP,2025-08-07 13:30:00.005987843+00:00,STOP,STOP,23600.25,23601.75,-49.0,-49.0,-98.0,23617.25,23584.75,23600.25,23601.75
2181,2025-08-07 09:30:00,2025-08-07T13:30:00+00:00,VALIDATED_SOURCE,NY,NQU5,2,SELL_TARGET,572.0,16.0,1.0,16.0,0.0,0.0,0.0,DNA_TP_DNA_SP,LEGACY_STAGE3F,100,RESOLVED,DOUBLE_STOP,BUY,STOP,2025-08-07 13:30:00.117150477+00:00,STOP,STOP,23600.25,23601.75,-49.0,-49.0,-98.0,23617.25,23584.75,23600.25,23601.75
2181,2025-08-07 09:30:00,2025-08-07T13:30:00+00:00,VALIDATED_SOURCE,NY,NQU5,2,SELL_TARGET,572.0,16.0,1.0,16.0,0.0,0.0,0.0,DNA_TP_DNA_SP,LEGACY_STAGE3F,500,RESOLVED,DOUBLE_STOP,BUY,STOP,2025-08-07 13:30:00.516169551+00:00,STOP,STOP,23599.0,23601.75,-99.0,-49.0,-148.0,23617.25,23584.75,23600.25,23601.75
2181,2025-08-07 09:30:00,2025-08-07T13:30:00+00:00,VALIDATED_SOURCE,NY,NQU5,2,SELL_TARGET,572.0,16.0,1.0,16.0,0.0,0.0,0.0,DNA_TP_REGISTRY_STOP,TRADE_TOUCH,0,RESOLVED,DOUBLE_STOP,SELL,STOP,2025-08-07 13:30:00.015403787+00:00,STOP,STOP,23600.25,23601.75,-49.0,-49.0,-98.0,23617.25,23584.75,23600.25,23601.75
2181,2025-08-07 09:30:00,2025-08-07T13:30:00+00:00,VALIDATED_SOURCE,NY,NQU5,2,SELL_TARGET,572.0,16.0,1.0,16.0,0.0,0.0,0.0,DNA_TP_REGISTRY_STOP,TRADE_TOUCH,1,RESOLVED,DOUBLE_STOP,SELL,STOP,2025-08-07 13:30:00.015403787+00:00,STOP,STOP,23600.25,23601.75,-49.0,-49.0,-98.0,23617.25,23584.75,23600.25,23601.75
2181,2025-08-07 09:30:00,2025-08-07T13:30:00+00:00,VALIDATED_SOURCE,NY,NQU5,2,SELL_TARGET,572.0,16.0,1.0,16.0,0.0,0.0,0.0,DNA_TP_REGISTRY_STOP,TRADE_TOUCH,100,RESOLVED,DOUBLE_STOP,SELL,STOP,2025-08-07 13:30:00.246014513+00:00,STOP,STOP,23600.25,23601.75,-49.0,-49.0,-98.0,23617.25,23584.75,23600.25,23601.75
2181,2025-08-07 09:30:00,2025-08-07T13:30:00+00:00,VALIDATED_SOURCE,NY,NQU5,2,SELL_TARGET,572.0,16.0,1.0,16.0,0.0,0.0,0.0,DNA_TP_REGISTRY_STOP,TRADE_TOUCH,500,RESOLVED,DOUBLE_STOP,BUY,STOP,2025-08-07 13:30:00.516169551+00:00,STOP,STOP,23600.25,23601.75,-49.0,-49.0,-98.0,23617.25,23584.75,23600.25,23601.75
2181,2025-08-07 09:30:00,2025-08-07T13:30:00+00:00,VALIDATED_SOURCE,NY,NQU5,2,SELL_TARGET,572.0,16.0,1.0,16.0,0.0,0.0,0.0,DNA_TP_REGISTRY_STOP,MID_TOUCH,0,RESOLVED,DOUBLE_STOP,SELL,STOP,2025-08-07 13:30:00.017354419+00:00,STOP,STOP,23600.25,23601.75,-49.0,-49.0,-98.0,23617.25,23584.75,23600.25,23601.75
2181,2025-08-07 09:30:00,2025-08-07T13:30:00+00:00,VALIDATED_SOURCE,NY,NQU5,2,SELL_TARGET,572.0,16.0,1.0,16.0,0.0,0.0,0.0,DNA_TP_REGISTRY_STOP,MID_TOUCH,1,RESOLVED,DOUBLE_STOP,SELL,STOP,2025-08-07 13:30:00.017354419+00:00,STOP,STOP,23600.25,23601.75,-49.0,-49.0,-98.0,23617.25,23584.75,23600.25,23601.75
2181,2025-08-07 09:30:00,2025-08-07T13:30:00+00:00,VALIDATED_SOURCE,NY,NQU5,2,SELL_TARGET,572.0,16.0,1.0,16.0,0.0,0.0,0.0,DNA_TP_REGISTRY_STOP,MID_TOUCH,100,RESOLVED,DOUBLE_STOP,SELL,STOP,2025-08-07 13:30:00.247309493+00:00,STOP,STOP,23600.25,23601.75,-49.0,-49.0,-98.0,23617.25,23584.75,23600.25,23601.75
2181,2025-08-07 09:30:00,2025-08-07T13:30:00+00:00,VALIDATED_SOURCE,NY,NQU5,2,SELL_TARGET,572.0,16.0,1.0,16.0,0.0,0.0,0.0,DNA_TP_REGISTRY_STOP,MID_TOUCH,500,RESOLVED,DOUBLE_STOP,BUY,STOP,2025-08-07 13:30:00.516169551+00:00,STOP,STOP,23600.25,23601.75,-49.0,-49.0,-98.0,23617.25,23584.75,23600.25,23601.75
2181,2025-08-07 09:30:00,2025-08-07T13:30:00+00:00,VALIDATED_SOURCE,NY,NQU5,2,SELL_TARGET,572.0,16.0,1.0,16.0,0.0,0.0,0.0,DNA_TP_REGISTRY_STOP,BBO_EXECUTABLE,0,RESOLVED,DOUBLE_STOP,BUY,STOP,2025-08-07 13:30:00.005987843+00:00,STOP,STOP,23600.25,23601.75,-49.0,-49.0,-98.0,23617.25,23584.75,23600.25,23601.75
2181,2025-08-07 09:30:00,2025-08-07T13:30:00+00:00,VALIDATED_SOURCE,NY,NQU5,2,SELL_TARGET,572.0,16.0,1.0,16.0,0.0,0.0,0.0,DNA_TP_REGISTRY_STOP,BBO_EXECUTABLE,1,RESOLVED,DOUBLE_STOP,BUY,STOP,2025-08-07 13:30:00.005987843+00:00,STOP,STOP,23600.25,23601.75,-49.0,-49.0,-98.0,23617.25,23584.75,23600.25,23601.75
2181,2025-08-07 09:30:00,2025-08-07T13:30:00+00:00,VALIDATED_SOURCE,NY,NQU5,2,SELL_TARGET,572.0,16.0,1.0,16.0,0.0,0.0,0.0,DNA_TP_REGISTRY_STOP,BBO_EXECUTABLE,100,RESOLVED,DOUBLE_STOP,BUY,STOP,2025-08-07 13:30:00.117150477+00:00,STOP,STOP,23600.25,23601.75,-49.0,-49.0,-98.0,23617.25,23584.75,23600.25,23601.75
2181,2025-08-07 09:30:00,2025-08-07T13:30:00+00:00,VALIDATED_SOURCE,NY,NQU5,2,SELL_TARGET,572.0,16.0,1.0,16.0,0.0,0.0,0.0,DNA_TP_REGISTRY_STOP,BBO_EXECUTABLE,500,RESOLVED,DOUBLE_STOP,BUY,STOP,2025-08-07 13:30:00.516169551+00:00,STOP,STOP,23599.0,23601.75,-99.0,-49.0,-148.0,23617.25,23584.75,23600.25,23601.75
2181,2025-08-07 09:30:00,2025-08-07T13:30:00+00:00,VALIDATED_SOURCE,NY,NQU5,2,SELL_TARGET,572.0,16.0,1.0,16.0,0.0,0.0,0.0,DNA_TP_REGISTRY_STOP,LEGACY_STAGE3F,0,RESOLVED,DOUBLE_STOP,BUY,STOP,2025-08-07 13:30:00.005987843+00:00,STOP,STOP,23600.25,23601.75,-49.0,-49.0,-98.0,23617.25,23584.75,23600.25,23601.75
2181,2025-08-07 09:30:00,2025-08-07T13:30:00+00:00,VALIDATED_SOURCE,NY,NQU5,2,SELL_TARGET,572.0,16.0,1.0,16.0,0.0,0.0,0.0,DNA_TP_REGISTRY_STOP,LEGACY_STAGE3F,1,RESOLVED,DOUBLE_STOP,BUY,STOP,2025-08-07 13:30:00.005987843+00:00,STOP,STOP,23600.25,23601.75,-49.0,-49.0,-98.0,23617.25,23584.75,23600.25,23601.75
2181,2025-08-07 09:30:00,2025-08-07T13:30:00+00:00,VALIDATED_SOURCE,NY,NQU5,2,SELL_TARGET,572.0,16.0,1.0,16.0,0.0,0.0,0.0,DNA_TP_REGISTRY_STOP,LEGACY_STAGE3F,100,RESOLVED,DOUBLE_STOP,BUY,STOP,2025-08-07 13:30:00.117150477+00:00,STOP,STOP,23600.25,23601.75,-49.0,-49.0,-98.0,23617.25,23584.75,23600.25,23601.75
2181,2025-08-07 09:30:00,2025-08-07T13:30:00+00:00,VALIDATED_SOURCE,NY,NQU5,2,SELL_TARGET,572.0,16.0,1.0,16.0,0.0,0.0,0.0,DNA_TP_REGISTRY_STOP,LEGACY_STAGE3F,500,RESOLVED,DOUBLE_STOP,BUY,STOP,2025-08-07 13:30:00.516169551+00:00,STOP,STOP,23599.0,23601.75,-99.0,-49.0,-148.0,23617.25,23584.75,23600.25,23601.75
2181,2025-08-07 09:30:00,2025-08-07T13:30:00+00:00,VALIDATED_SOURCE,NY,NQU5,2,SELL_TARGET,572.0,16.0,1.0,16.0,0.0,0.0,0.0,FORMULA_TP_REGISTRY_STOP,TRADE_TOUCH,0,RESOLVED,DOUBLE_STOP,SELL,STOP,2025-08-07 13:30:00.015403787+00:00,STOP,STOP,23600.25,23601.75,-49.0,-49.0,-98.0,23617.25,23584.75,23600.25,23601.75
2181,2025-08-07 09:30:00,2025-08-07T13:30:00+00:00,VALIDATED_SOURCE,NY,NQU5,2,SELL_TARGET,572.0,16.0,1.0,16.0,0.0,0.0,0.0,FORMULA_TP_REGISTRY_STOP,TRADE_TOUCH,1,RESOLVED,DOUBLE_STOP,SELL,STOP,2025-08-07 13:30:00.015403787+00:00,STOP,STOP,23600.25,23601.75,-49.0,-49.0,-98.0,23617.25,23584.75,23600.25,23601.75
2181,2025-08-07 09:30:00,2025-08-07T13:30:00+00:00,VALIDATED_SOURCE,NY,NQU5,2,SELL_TARGET,572.0,16.0,1.0,16.0,0.0,0.0,0.0,FORMULA_TP_REGISTRY_STOP,TRADE_TOUCH,100,RESOLVED,DOUBLE_STOP,SELL,STOP,2025-08-07 13:30:00.246014513+00:00,STOP,STOP,23600.25,23601.75,-49.0,-49.0,-98.0,23617.25,23584.75,23600.25,23601.75
2181,2025-08-07 09:30:00,2025-08-07T13:30:00+00:00,VALIDATED_SOURCE,NY,NQU5,2,SELL_TARGET,572.0,16.0,1.0,16.0,0.0,0.0,0.0,FORMULA_TP_REGISTRY_STOP,TRADE_TOUCH,500,RESOLVED,DOUBLE_STOP,BUY,STOP,2025-08-07 13:30:00.516169551+00:00,STOP,STOP,23600.25,23601.75,-49.0,-49.0,-98.0,23617.25,23584.75,23600.25,23601.75
2181,2025-08-07 09:30:00,2025-08-07T13:30:00+00:00,VALIDATED_SOURCE,NY,NQU5,2,SELL_TARGET,572.0,16.0,1.0,16.0,0.0,0.0,0.0,FORMULA_TP_REGISTRY_STOP,MID_TOUCH,0,RESOLVED,DOUBLE_STOP,SELL,STOP,2025-08-07 13:30:00.017354419+00:00,STOP,STOP,23600.25,23601.75,-49.0,-49.0,-98.0,23617.25,23584.75,23600.25,23601.75
2181,2025-08-07 09:30:00,2025-08-07T13:30:00+00:00,VALIDATED_SOURCE,NY,NQU5,2,SELL_TARGET,572.0,16.0,1.0,16.0,0.0,0.0,0.0,FORMULA_TP_REGISTRY_STOP,MID_TOUCH,1,RESOLVED,DOUBLE_STOP,SELL,STOP,2025-08-07 13:30:00.017354419+00:00,STOP,STOP,23600.25,23601.75,-49.0,-49.0,-98.0,23617.25,23584.75,23600.25,23601.75
2181,2025-08-07 09:30:00,2025-08-07T13:30:00+00:00,VALIDATED_SOURCE,NY,NQU5,2,SELL_TARGET,572.0,16.0,1.0,16.0,0.0,0.0,0.0,FORMULA_TP_REGISTRY_STOP,MID_TOUCH,100,RESOLVED,DOUBLE_STOP,SELL,STOP,2025-08-07 13:30:00.247309493+00:00,STOP,STOP,23600.25,23601.75,-49.0,-49.0,-98.0,23617.25,23584.75,23600.25,23601.75
2181,2025-08-07 09:30:00,2025-08-07T13:30:00+00:00,VALIDATED_SOURCE,NY,NQU5,2,SELL_TARGET,572.0,16.0,1.0,16.0,0.0,0.0,0.0,FORMULA_TP_REGISTRY_STOP,MID_TOUCH,500,RESOLVED,DOUBLE_STOP,BUY,STOP,2025-08-07 13:30:00.516169551+00:00,STOP,STOP,23600.25,23601.75,-49.0,-49.0,-98.0,23617.25,23584.75,23600.25,23601.75
2181,2025-08-07 09:30:00,2025-08-07T13:30:00+00:00,VALIDATED_SOURCE,NY,NQU5,2,SELL_TARGET,572.0,16.0,1.0,16.0,0.0,0.0,0.0,FORMULA_TP_REGISTRY_STOP,BBO_EXECUTABLE,0,RESOLVED,DOUBLE_STOP,BUY,STOP,2025-08-07 13:30:00.005987843+00:00,STOP,STOP,23600.25,23601.75,-49.0,-49.0,-98.0,23617.25,23584.75,23600.25,23601.75
2181,2025-08-07 09:30:00,2025-08-07T13:30:00+00:00,VALIDATED_SOURCE,NY,NQU5,2,SELL_TARGET,572.0,16.0,1.0,16.0,0.0,0.0,0.0,FORMULA_TP_REGISTRY_STOP,BBO_EXECUTABLE,1,RESOLVED,DOUBLE_STOP,BUY,STOP,2025-08-07 13:30:00.005987843+00:00,STOP,STOP,23600.25,23601.75,-49.0,-49.0,-98.0,23617.25,23584.75,23600.25,23601.75
2181,2025-08-07 09:30:00,2025-08-07T13:30:00+00:00,VALIDATED_SOURCE,NY,NQU5,2,SELL_TARGET,572.0,16.0,1.0,16.0,0.0,0.0,0.0,FORMULA_TP_REGISTRY_STOP,BBO_EXECUTABLE,100,RESOLVED,DOUBLE_STOP,BUY,STOP,2025-08-07 13:30:00.117150477+00:00,STOP,STOP,23600.25,23601.75,-49.0,-49.0,-98.0,23617.25,23584.75,23600.25,23601.75
2181,2025-08-07 09:30:00,2025-08-07T13:30:00+00:00,VALIDATED_SOURCE,NY,NQU5,2,SELL_TARGET,572.0,16.0,1.0,16.0,0.0,0.0,0.0,FORMULA_TP_REGISTRY_STOP,BBO_EXECUTABLE,500,RESOLVED,DOUBLE_STOP,BUY,STOP,2025-08-07 13:30:00.516169551+00:00,STOP,STOP,23599.0,23601.75,-99.0,-49.0,-148.0,23617.25,23584.75,23600.25,23601.75
2181,2025-08-07 09:30:00,2025-08-07T13:30:00+00:00,VALIDATED_SOURCE,NY,NQU5,2,SELL_TARGET,572.0,16.0,1.0,16.0,0.0,0.0,0.0,FORMULA_TP_REGISTRY_STOP,LEGACY_STAGE3F,0,RESOLVED,DOUBLE_STOP,BUY,STOP,2025-08-07 13:30:00.005987843+00:00,STOP,STOP,23600.25,23601.75,-49.0,-49.0,-98.0,23617.25,23584.75,23600.25,23601.75
2181,2025-08-07 09:30:00,2025-08-07T13:30:00+00:00,VALIDATED_SOURCE,NY,NQU5,2,SELL_TARGET,572.0,16.0,1.0,16.0,0.0,0.0,0.0,FORMULA_TP_REGISTRY_STOP,LEGACY_STAGE3F,1,RESOLVED,DOUBLE_STOP,BUY,STOP,2025-08-07 13:30:00.005987843+00:00,STOP,STOP,23600.25,23601.75,-49.0,-49.0,-98.0,23617.25,23584.75,23600.25,23601.75
2181,2025-08-07 09:30:00,2025-08-07T13:30:00+00:00,VALIDATED_SOURCE,NY,NQU5,2,SELL_TARGET,572.0,16.0,1.0,16.0,0.0,0.0,0.0,FORMULA_TP_REGISTRY_STOP,LEGACY_STAGE3F,100,RESOLVED,DOUBLE_STOP,BUY,STOP,2025-08-07 13:30:00.117150477+00:00,STOP,STOP,23600.25,23601.75,-49.0,-49.0,-98.0,23617.25,23584.75,23600.25,23601.75
2181,2025-08-07 09:30:00,2025-08-07T13:30:00+00:00,VALIDATED_SOURCE,NY,NQU5,2,SELL_TARGET,572.0,16.0,1.0,16.0,0.0,0.0,0.0,FORMULA_TP_REGISTRY_STOP,LEGACY_STAGE3F,500,RESOLVED,DOUBLE_STOP,BUY,STOP,2025-08-07 13:30:00.516169551+00:00,STOP,STOP,23599.0,23601.75,-99.0,-49.0,-148.0,23617.25,23584.75,23600.25,23601.75
2182,2025-08-07 18:00:00,2025-08-07T22:00:00+00:00,VALIDATED_SOURCE,WEEKDAY_WEAK,NQU5,1,DOUBLE_STOP,-59.0,10.0,1.0,10.0,0.0,0.0,0.0,DNA_TP_DNA_SP,TRADE_TOUCH,0,RESOLVED,DOUBLE_STOP,SELL,STOP,2025-08-07 22:00:00.027019439+00:00,STOP,STOP,23517.5,23519.0,-24.5,-24.5,-49.0,23528.5,23508.0,23517.5,23519.0
2182,2025-08-07 18:00:00,2025-08-07T22:00:00+00:00,VALIDATED_SOURCE,WEEKDAY_WEAK,NQU5,1,DOUBLE_STOP,-59.0,10.0,1.0,10.0,0.0,0.0,0.0,DNA_TP_DNA_SP,TRADE_TOUCH,1,RESOLVED,DOUBLE_STOP,SELL,STOP,2025-08-07 22:00:00.027019439+00:00,STOP,STOP,23517.5,23519.0,-24.5,-24.5,-49.0,23528.5,23508.0,23517.5,23519.0
2182,2025-08-07 18:00:00,2025-08-07T22:00:00+00:00,VALIDATED_SOURCE,WEEKDAY_WEAK,NQU5,1,DOUBLE_STOP,-59.0,10.0,1.0,10.0,0.0,0.0,0.0,DNA_TP_DNA_SP,TRADE_TOUCH,100,RESOLVED,BUY_TARGET,SELL,STOP,2025-08-07 22:00:00.138382359+00:00,TARGET,STOP,23528.5,23519.0,195.5,-24.5,171.0,23528.5,23508.0,23517.5,23519.0
2182,2025-08-07 18:00:00,2025-08-07T22:00:00+00:00,VALIDATED_SOURCE,WEEKDAY_WEAK,NQU5,1,DOUBLE_STOP,-59.0,10.0,1.0,10.0,0.0,0.0,0.0,DNA_TP_DNA_SP,TRADE_TOUCH,500,RESOLVED,BUY_TARGET,SELL,STOP,2025-08-07 22:00:00.848814165+00:00,TARGET,STOP,23528.5,23519.0,195.5,-24.5,171.0,23528.5,23508.0,23517.5,23519.0
2182,2025-08-07 18:00:00,2025-08-07T22:00:00+00:00,VALIDATED_SOURCE,WEEKDAY_WEAK,NQU5,1,DOUBLE_STOP,-59.0,10.0,1.0,10.0,0.0,0.0,0.0,DNA_TP_DNA_SP,MID_TOUCH,0,RESOLVED,DOUBLE_STOP,SELL,STOP,2025-08-07 22:00:00.027019439+00:00,STOP,STOP,23517.5,23519.0,-24.5,-24.5,-49.0,23528.5,23508.0,23517.5,23519.0
2182,2025-08-07 18:00:00,2025-08-07T22:00:00+00:00,VALIDATED_SOURCE,WEEKDAY_WEAK,NQU5,1,DOUBLE_STOP,-59.0,10.0,1.0,10.0,0.0,0.0,0.0,DNA_TP_DNA_SP,MID_TOUCH,1,RESOLVED,DOUBLE_STOP,SELL,STOP,2025-08-07 22:00:00.027019439+00:00,STOP,STOP,23517.5,23519.0,-24.5,-24.5,-49.0,23528.5,23508.0,23517.5,23519.0
2182,2025-08-07 18:00:00,2025-08-07T22:00:00+00:00,VALIDATED_SOURCE,WEEKDAY_WEAK,NQU5,1,DOUBLE_STOP,-59.0,10.0,1.0,10.0,0.0,0.0,0.0,DNA_TP_DNA_SP,MID_TOUCH,100,RESOLVED,DOUBLE_STOP,BUY,STOP,2025-08-07 22:00:00.123844241+00:00,STOP,STOP,23517.5,23519.0,-24.5,-24.5,-49.0,23528.5,23508.0,23517.5,23519.0
2182,2025-08-07 18:00:00,2025-08-07T22:00:00+00:00,VALIDATED_SOURCE,WEEKDAY_WEAK,NQU5,1,DOUBLE_STOP,-59.0,10.0,1.0,10.0,0.0,0.0,0.0,DNA_TP_DNA_SP,MID_TOUCH,500,RESOLVED,BUY_TARGET,SELL,STOP,2025-08-07 22:00:00.604479169+00:00,TARGET,STOP,23528.5,23519.0,195.5,-24.5,171.0,23528.5,23508.0,23517.5,23519.0
2182,2025-08-07 18:00:00,2025-08-07T22:00:00+00:00,VALIDATED_SOURCE,WEEKDAY_WEAK,NQU5,1,DOUBLE_STOP,-59.0,10.0,1.0,10.0,0.0,0.0,0.0,DNA_TP_DNA_SP,BBO_EXECUTABLE,0,RESOLVED,DOUBLE_STOP,BUY,STOP,2025-08-07 22:00:00.012350651+00:00,STOP,STOP,23517.5,23521.5,-24.5,-74.5,-99.0,23528.5,23508.0,23517.5,23519.0
2182,2025-08-07 18:00:00,2025-08-07T22:00:00+00:00,VALIDATED_SOURCE,WEEKDAY_WEAK,NQU5,1,DOUBLE_STOP,-59.0,10.0,1.0,10.0,0.0,0.0,0.0,DNA_TP_DNA_SP,BBO_EXECUTABLE,1,RESOLVED,DOUBLE_STOP,BUY,STOP,2025-08-07 22:00:00.012350651+00:00,STOP,STOP,23517.5,23521.5,-24.5,-74.5,-99.0,23528.5,23508.0,23517.5,23519.0
2182,2025-08-07 18:00:00,2025-08-07T22:00:00+00:00,VALIDATED_SOURCE,WEEKDAY_WEAK,NQU5,1,DOUBLE_STOP,-59.0,10.0,1.0,10.0,0.0,0.0,0.0,DNA_TP_DNA_SP,BBO_EXECUTABLE,100,RESOLVED,DOUBLE_STOP,BUY,STOP,2025-08-07 22:00:00.123844241+00:00,STOP,STOP,23515.25,23519.0,-69.5,-24.5,-94.0,23528.5,23508.0,23517.5,23519.0
2182,2025-08-07 18:00:00,2025-08-07T22:00:00+00:00,VALIDATED_SOURCE,WEEKDAY_WEAK,NQU5,1,DOUBLE_STOP,-59.0,10.0,1.0,10.0,0.0,0.0,0.0,DNA_TP_DNA_SP,BBO_EXECUTABLE,500,RESOLVED,DOUBLE_STOP,SELL,STOP,2025-08-07 22:00:00.604479169+00:00,STOP,STOP,23517.0,23521.25,-34.5,-69.5,-104.0,23528.5,23508.0,23517.5,23519.0
2182,2025-08-07 18:00:00,2025-08-07T22:00:00+00:00,VALIDATED_SOURCE,WEEKDAY_WEAK,NQU5,1,DOUBLE_STOP,-59.0,10.0,1.0,10.0,0.0,0.0,0.0,DNA_TP_DNA_SP,LEGACY_STAGE3F,0,RESOLVED,DOUBLE_STOP,BUY,STOP,2025-08-07 22:00:00.012350651+00:00,STOP,STOP,23517.5,23521.5,-24.5,-74.5,-99.0,23528.5,23508.0,23517.5,23519.0
2182,2025-08-07 18:00:00,2025-08-07T22:00:00+00:00,VALIDATED_SOURCE,WEEKDAY_WEAK,NQU5,1,DOUBLE_STOP,-59.0,10.0,1.0,10.0,0.0,0.0,0.0,DNA_TP_DNA_SP,LEGACY_STAGE3F,1,RESOLVED,DOUBLE_STOP,BUY,STOP,2025-08-07 22:00:00.012350651+00:00,STOP,STOP,23517.5,23521.5,-24.5,-74.5,-99.0,23528.5,23508.0,23517.5,23519.0
2182,2025-08-07 18:00:00,2025-08-07T22:00:00+00:00,VALIDATED_SOURCE,WEEKDAY_WEAK,NQU5,1,DOUBLE_STOP,-59.0,10.0,1.0,10.0,0.0,0.0,0.0,DNA_TP_DNA_SP,LEGACY_STAGE3F,100,RESOLVED,DOUBLE_STOP,BUY,STOP,2025-08-07 22:00:00.123844241+00:00,STOP,STOP,23515.25,23519.0,-69.5,-24.5,-94.0,23528.5,23508.0,23517.5,23519.0
2182,2025-08-07 18:00:00,2025-08-07T22:00:00+00:00,VALIDATED_SOURCE,WEEKDAY_WEAK,NQU5,1,DOUBLE_STOP,-59.0,10.0,1.0,10.0,0.0,0.0,0.0,DNA_TP_DNA_SP,LEGACY_STAGE3F,500,RESOLVED,DOUBLE_STOP,SELL,STOP,2025-08-07 22:00:00.604479169+00:00,STOP,STOP,23517.0,23521.25,-34.5,-69.5,-104.0,23528.5,23508.0,23517.5,23519.0
2182,2025-08-07 18:00:00,2025-08-07T22:00:00+00:00,VALIDATED_SOURCE,WEEKDAY_WEAK,NQU5,1,DOUBLE_STOP,-59.0,10.0,1.0,10.0,0.0,0.0,0.0,DNA_TP_REGISTRY_STOP,TRADE_TOUCH,0,RESOLVED,DOUBLE_STOP,SELL,STOP,2025-08-07 22:00:00.027019439+00:00,STOP,STOP,23517.5,23519.0,-24.5,-24.5,-49.0,23528.5,23508.0,23517.5,23519.0
2182,2025-08-07 18:00:00,2025-08-07T22:00:00+00:00,VALIDATED_SOURCE,WEEKDAY_WEAK,NQU5,1,DOUBLE_STOP,-59.0,10.0,1.0,10.0,0.0,0.0,0.0,DNA_TP_REGISTRY_STOP,TRADE_TOUCH,1,RESOLVED,DOUBLE_STOP,SELL,STOP,2025-08-07 22:00:00.027019439+00:00,STOP,STOP,23517.5,23519.0,-24.5,-24.5,-49.0,23528.5,23508.0,23517.5,23519.0
2182,2025-08-07 18:00:00,2025-08-07T22:00:00+00:00,VALIDATED_SOURCE,WEEKDAY_WEAK,NQU5,1,DOUBLE_STOP,-59.0,10.0,1.0,10.0,0.0,0.0,0.0,DNA_TP_REGISTRY_STOP,TRADE_TOUCH,100,RESOLVED,BUY_TARGET,SELL,STOP,2025-08-07 22:00:00.138382359+00:00,TARGET,STOP,23528.5,23519.0,195.5,-24.5,171.0,23528.5,23508.0,23517.5,23519.0
2182,2025-08-07 18:00:00,2025-08-07T22:00:00+00:00,VALIDATED_SOURCE,WEEKDAY_WEAK,NQU5,1,DOUBLE_STOP,-59.0,10.0,1.0,10.0,0.0,0.0,0.0,DNA_TP_REGISTRY_STOP,TRADE_TOUCH,500,RESOLVED,BUY_TARGET,SELL,STOP,2025-08-07 22:00:00.848814165+00:00,TARGET,STOP,23528.5,23519.0,195.5,-24.5,171.0,23528.5,23508.0,23517.5,23519.0
2182,2025-08-07 18:00:00,2025-08-07T22:00:00+00:00,VALIDATED_SOURCE,WEEKDAY_WEAK,NQU5,1,DOUBLE_STOP,-59.0,10.0,1.0,10.0,0.0,0.0,0.0,DNA_TP_REGISTRY_STOP,MID_TOUCH,0,RESOLVED,DOUBLE_STOP,SELL,STOP,2025-08-07 22:00:00.027019439+00:00,STOP,STOP,23517.5,23519.0,-24.5,-24.5,-49.0,23528.5,23508.0,23517.5,23519.0
2182,2025-08-07 18:00:00,2025-08-07T22:00:00+00:00,VALIDATED_SOURCE,WEEKDAY_WEAK,NQU5,1,DOUBLE_STOP,-59.0,10.0,1.0,10.0,0.0,0.0,0.0,DNA_TP_REGISTRY_STOP,MID_TOUCH,1,RESOLVED,DOUBLE_STOP,SELL,STOP,2025-08-07 22:00:00.027019439+00:00,STOP,STOP,23517.5,23519.0,-24.5,-24.5,-49.0,23528.5,23508.0,23517.5,23519.0
2182,2025-08-07 18:00:00,2025-08-07T22:00:00+00:00,VALIDATED_SOURCE,WEEKDAY_WEAK,NQU5,1,DOUBLE_STOP,-59.0,10.0,1.0,10.0,0.0,0.0,0.0,DNA_TP_REGISTRY_STOP,MID_TOUCH,100,RESOLVED,DOUBLE_STOP,BUY,STOP,2025-08-07 22:00:00.123844241+00:00,STOP,STOP,23517.5,23519.0,-24.5,-24.5,-49.0,23528.5,23508.0,23517.5,23519.0
2182,2025-08-07 18:00:00,2025-08-07T22:00:00+00:00,VALIDATED_SOURCE,WEEKDAY_WEAK,NQU5,1,DOUBLE_STOP,-59.0,10.0,1.0,10.0,0.0,0.0,0.0,DNA_TP_REGISTRY_STOP,MID_TOUCH,500,RESOLVED,BUY_TARGET,SELL,STOP,2025-08-07 22:00:00.604479169+00:00,TARGET,STOP,23528.5,23519.0,195.5,-24.5,171.0,23528.5,23508.0,23517.5,23519.0
2182,2025-08-07 18:00:00,2025-08-07T22:00:00+00:00,VALIDATED_SOURCE,WEEKDAY_WEAK,NQU5,1,DOUBLE_STOP,-59.0,10.0,1.0,10.0,0.0,0.0,0.0,DNA_TP_REGISTRY_STOP,BBO_EXECUTABLE,0,RESOLVED,DOUBLE_STOP,BUY,STOP,2025-08-07 22:00:00.012350651+00:00,STOP,STOP,23517.5,23521.5,-24.5,-74.5,-99.0,23528.5,23508.0,23517.5,23519.0
2182,2025-08-07 18:00:00,2025-08-07T22:00:00+00:00,VALIDATED_SOURCE,WEEKDAY_WEAK,NQU5,1,DOUBLE_STOP,-59.0,10.0,1.0,10.0,0.0,0.0,0.0,DNA_TP_REGISTRY_STOP,BBO_EXECUTABLE,1,RESOLVED,DOUBLE_STOP,BUY,STOP,2025-08-07 22:00:00.012350651+00:00,STOP,STOP,23517.5,23521.5,-24.5,-74.5,-99.0,23528.5,23508.0,23517.5,23519.0
2182,2025-08-07 18:00:00,2025-08-07T22:00:00+00:00,VALIDATED_SOURCE,WEEKDAY_WEAK,NQU5,1,DOUBLE_STOP,-59.0,10.0,1.0,10.0,0.0,0.0,0.0,DNA_TP_REGISTRY_STOP,BBO_EXECUTABLE,100,RESOLVED,DOUBLE_STOP,BUY,STOP,2025-08-07 22:00:00.123844241+00:00,STOP,STOP,23515.25,23519.0,-69.5,-24.5,-94.0,23528.5,23508.0,23517.5,23519.0
2182,2025-08-07 18:00:00,2025-08-07T22:00:00+00:00,VALIDATED_SOURCE,WEEKDAY_WEAK,NQU5,1,DOUBLE_STOP,-59.0,10.0,1.0,10.0,0.0,0.0,0.0,DNA_TP_REGISTRY_STOP,BBO_EXECUTABLE,500,RESOLVED,DOUBLE_STOP,SELL,STOP,2025-08-07 22:00:00.604479169+00:00,STOP,STOP,23517.0,23521.25,-34.5,-69.5,-104.0,23528.5,23508.0,23517.5,23519.0
2182,2025-08-07 18:00:00,2025-08-07T22:00:00+00:00,VALIDATED_SOURCE,WEEKDAY_WEAK,NQU5,1,DOUBLE_STOP,-59.0,10.0,1.0,10.0,0.0,0.0,0.0,DNA_TP_REGISTRY_STOP,LEGACY_STAGE3F,0,RESOLVED,DOUBLE_STOP,BUY,STOP,2025-08-07 22:00:00.012350651+00:00,STOP,STOP,23517.5,23521.5,-24.5,-74.5,-99.0,23528.5,23508.0,23517.5,23519.0
2182,2025-08-07 18:00:00,2025-08-07T22:00:00+00:00,VALIDATED_SOURCE,WEEKDAY_WEAK,NQU5,1,DOUBLE_STOP,-59.0,10.0,1.0,10.0,0.0,0.0,0.0,DNA_TP_REGISTRY_STOP,LEGACY_STAGE3F,1,RESOLVED,DOUBLE_STOP,BUY,STOP,2025-08-07 22:00:00.012350651+00:00,STOP,STOP,23517.5,23521.5,-24.5,-74.5,-99.0,23528.5,23508.0,23517.5,23519.0
2182,2025-08-07 18:00:00,2025-08-07T22:00:00+00:00,VALIDATED_SOURCE,WEEKDAY_WEAK,NQU5,1,DOUBLE_STOP,-59.0,10.0,1.0,10.0,0.0,0.0,0.0,DNA_TP_REGISTRY_STOP,LEGACY_STAGE3F,100,RESOLVED,DOUBLE_STOP,BUY,STOP,2025-08-07 22:00:00.123844241+00:00,STOP,STOP,23515.25,23519.0,-69.5,-24.5,-94.0,23528.5,23508.0,23517.5,23519.0
2182,2025-08-07 18:00:00,2025-08-07T22:00:00+00:00,VALIDATED_SOURCE,WEEKDAY_WEAK,NQU5,1,DOUBLE_STOP,-59.0,10.0,1.0,10.0,0.0,0.0,0.0,DNA_TP_REGISTRY_STOP,LEGACY_STAGE3F,500,RESOLVED,DOUBLE_STOP,SELL,STOP,2025-08-07 22:00:00.604479169+00:00,STOP,STOP,23517.0,23521.25,-34.5,-69.5,-104.0,23528.5,23508.0,23517.5,23519.0
2182,2025-08-07 18:00:00,2025-08-07T22:00:00+00:00,VALIDATED_SOURCE,WEEKDAY_WEAK,NQU5,1,DOUBLE_STOP,-59.0,10.0,1.0,10.0,0.0,0.0,0.0,FORMULA_TP_REGISTRY_STOP,TRADE_TOUCH,0,RESOLVED,DOUBLE_STOP,SELL,STOP,2025-08-07 22:00:00.027019439+00:00,STOP,STOP,23517.5,23519.0,-24.5,-24.5,-49.0,23528.5,23508.0,23517.5,23519.0
2182,2025-08-07 18:00:00,2025-08-07T22:00:00+00:00,VALIDATED_SOURCE,WEEKDAY_WEAK,NQU5,1,DOUBLE_STOP,-59.0,10.0,1.0,10.0,0.0,0.0,0.0,FORMULA_TP_REGISTRY_STOP,TRADE_TOUCH,1,RESOLVED,DOUBLE_STOP,SELL,STOP,2025-08-07 22:00:00.027019439+00:00,STOP,STOP,23517.5,23519.0,-24.5,-24.5,-49.0,23528.5,23508.0,23517.5,23519.0
2182,2025-08-07 18:00:00,2025-08-07T22:00:00+00:00,VALIDATED_SOURCE,WEEKDAY_WEAK,NQU5,1,DOUBLE_STOP,-59.0,10.0,1.0,10.0,0.0,0.0,0.0,FORMULA_TP_REGISTRY_STOP,TRADE_TOUCH,100,RESOLVED,BUY_TARGET,SELL,STOP,2025-08-07 22:00:00.138382359+00:00,TARGET,STOP,23528.5,23519.0,195.5,-24.5,171.0,23528.5,23508.0,23517.5,23519.0
2182,2025-08-07 18:00:00,2025-08-07T22:00:00+00:00,VALIDATED_SOURCE,WEEKDAY_WEAK,NQU5,1,DOUBLE_STOP,-59.0,10.0,1.0,10.0,0.0,0.0,0.0,FORMULA_TP_REGISTRY_STOP,TRADE_TOUCH,500,RESOLVED,BUY_TARGET,SELL,STOP,2025-08-07 22:00:00.848814165+00:00,TARGET,STOP,23528.5,23519.0,195.5,-24.5,171.0,23528.5,23508.0,23517.5,23519.0
2182,2025-08-07 18:00:00,2025-08-07T22:00:00+00:00,VALIDATED_SOURCE,WEEKDAY_WEAK,NQU5,1,DOUBLE_STOP,-59.0,10.0,1.0,10.0,0.0,0.0,0.0,FORMULA_TP_REGISTRY_STOP,MID_TOUCH,0,RESOLVED,DOUBLE_STOP,SELL,STOP,2025-08-07 22:00:00.027019439+00:00,STOP,STOP,23517.5,23519.0,-24.5,-24.5,-49.0,23528.5,23508.0,23517.5,23519.0
2182,2025-08-07 18:00:00,2025-08-07T22:00:00+00:00,VALIDATED_SOURCE,WEEKDAY_WEAK,NQU5,1,DOUBLE_STOP,-59.0,10.0,1.0,10.0,0.0,0.0,0.0,FORMULA_TP_REGISTRY_STOP,MID_TOUCH,1,RESOLVED,DOUBLE_STOP,SELL,STOP,2025-08-07 22:00:00.027019439+00:00,STOP,STOP,23517.5,23519.0,-24.5,-24.5,-49.0,23528.5,23508.0,23517.5,23519.0
2182,2025-08-07 18:00:00,2025-08-07T22:00:00+00:00,VALIDATED_SOURCE,WEEKDAY_WEAK,NQU5,1,DOUBLE_STOP,-59.0,10.0,1.0,10.0,0.0,0.0,0.0,FORMULA_TP_REGISTRY_STOP,MID_TOUCH,100,RESOLVED,DOUBLE_STOP,BUY,STOP,2025-08-07 22:00:00.123844241+00:00,STOP,STOP,23517.5,23519.0,-24.5,-24.5,-49.0,23528.5,23508.0,23517.5,23519.0
2182,2025-08-07 18:00:00,2025-08-07T22:00:00+00:00,VALIDATED_SOURCE,WEEKDAY_WEAK,NQU5,1,DOUBLE_STOP,-59.0,10.0,1.0,10.0,0.0,0.0,0.0,FORMULA_TP_REGISTRY_STOP,MID_TOUCH,500,RESOLVED,BUY_TARGET,SELL,STOP,2025-08-07 22:00:00.604479169+00:00,TARGET,STOP,23528.5,23519.0,195.5,-24.5,171.0,23528.5,23508.0,23517.5,23519.0
2182,2025-08-07 18:00:00,2025-08-07T22:00:00+00:00,VALIDATED_SOURCE,WEEKDAY_WEAK,NQU5,1,DOUBLE_STOP,-59.0,10.0,1.0,10.0,0.0,0.0,0.0,FORMULA_TP_REGISTRY_STOP,BBO_EXECUTABLE,0,RESOLVED,DOUBLE_STOP,BUY,STOP,2025-08-07 22:00:00.012350651+00:00,STOP,STOP,23517.5,23521.5,-24.5,-74.5,-99.0,23528.5,23508.0,23517.5,23519.0
2182,2025-08-07 18:00:00,2025-08-07T22:00:00+00:00,VALIDATED_SOURCE,WEEKDAY_WEAK,NQU5,1,DOUBLE_STOP,-59.0,10.0,1.0,10.0,0.0,0.0,0.0,FORMULA_TP_REGISTRY_STOP,BBO_EXECUTABLE,1,RESOLVED,DOUBLE_STOP,BUY,STOP,2025-08-07 22:00:00.012350651+00:00,STOP,STOP,23517.5,23521.5,-24.5,-74.5,-99.0,23528.5,23508.0,23517.5,23519.0
2182,2025-08-07 18:00:00,2025-08-07T22:00:00+00:00,VALIDATED_SOURCE,WEEKDAY_WEAK,NQU5,1,DOUBLE_STOP,-59.0,10.0,1.0,10.0,0.0,0.0,0.0,FORMULA_TP_REGISTRY_STOP,BBO_EXECUTABLE,100,RESOLVED,DOUBLE_STOP,BUY,STOP,2025-08-07 22:00:00.123844241+00:00,STOP,STOP,23515.25,23519.0,-69.5,-24.5,-94.0,23528.5,23508.0,23517.5,23519.0
2182,2025-08-07 18:00:00,2025-08-07T22:00:00+00:00,VALIDATED_SOURCE,WEEKDAY_WEAK,NQU5,1,DOUBLE_STOP,-59.0,10.0,1.0,10.0,0.0,0.0,0.0,FORMULA_TP_REGISTRY_STOP,BBO_EXECUTABLE,500,RESOLVED,DOUBLE_STOP,SELL,STOP,2025-08-07 22:00:00.604479169+00:00,STOP,STOP,23517.0,23521.25,-34.5,-69.5,-104.0,23528.5,23508.0,23517.5,23519.0
2182,2025-08-07 18:00:00,2025-08-07T22:00:00+00:00,VALIDATED_SOURCE,WEEKDAY_WEAK,NQU5,1,DOUBLE_STOP,-59.0,10.0,1.0,10.0,0.0,0.0,0.0,FORMULA_TP_REGISTRY_STOP,LEGACY_STAGE3F,0,RESOLVED,DOUBLE_STOP,BUY,STOP,2025-08-07 22:00:00.012350651+00:00,STOP,STOP,23517.5,23521.5,-24.5,-74.5,-99.0,23528.5,23508.0,23517.5,23519.0
2182,2025-08-07 18:00:00,2025-08-07T22:00:00+00:00,VALIDATED_SOURCE,WEEKDAY_WEAK,NQU5,1,DOUBLE_STOP,-59.0,10.0,1.0,10.0,0.0,0.0,0.0,FORMULA_TP_REGISTRY_STOP,LEGACY_STAGE3F,1,RESOLVED,DOUBLE_STOP,BUY,STOP,2025-08-07 22:00:00.012350651+00:00,STOP,STOP,23517.5,23521.5,-24.5,-74.5,-99.0,23528.5,23508.0,23517.5,23519.0
2182,2025-08-07 18:00:00,2025-08-07T22:00:00+00:00,VALIDATED_SOURCE,WEEKDAY_WEAK,NQU5,1,DOUBLE_STOP,-59.0,10.0,1.0,10.0,0.0,0.0,0.0,FORMULA_TP_REGISTRY_STOP,LEGACY_STAGE3F,100,RESOLVED,DOUBLE_STOP,BUY,STOP,2025-08-07 22:00:00.123844241+00:00,STOP,STOP,23515.25,23519.0,-69.5,-24.5,-94.0,23528.5,23508.0,23517.5,23519.0
2182,2025-08-07 18:00:00,2025-08-07T22:00:00+00:00,VALIDATED_SOURCE,WEEKDAY_WEAK,NQU5,1,DOUBLE_STOP,-59.0,10.0,1.0,10.0,0.0,0.0,0.0,FORMULA_TP_REGISTRY_STOP,LEGACY_STAGE3F,500,RESOLVED,DOUBLE_STOP,SELL,STOP,2025-08-07 22:00:00.604479169+00:00,STOP,STOP,23517.0,23521.25,-34.5,-69.5,-104.0,23528.5,23508.0,23517.5,23519.0
2183,2025-08-08 09:30:00,2025-08-08T13:30:00+00:00,VALIDATED_SOURCE,NY,NQU5,2,DOUBLE_STOP,-118.0,16.0,1.0,16.0,0.0,0.0,0.0,DNA_TP_DNA_SP,TRADE_TOUCH,0,RESOLVED,BUY_TARGET,SELL,STOP,2025-08-08 13:30:00.010224383+00:00,TARGET,STOP,23558.0,23542.5,631.0,-49.0,582.0,23558.0,23525.5,23541.0,23542.5
2183,2025-08-08 09:30:00,2025-08-08T13:30:00+00:00,VALIDATED_SOURCE,NY,NQU5,2,DOUBLE_STOP,-118.0,16.0,1.0,16.0,0.0,0.0,0.0,DNA_TP_DNA_SP,TRADE_TOUCH,1,RESOLVED,BUY_TARGET,SELL,STOP,2025-08-08 13:30:00.010224383+00:00,TARGET,STOP,23558.0,23542.5,631.0,-49.0,582.0,23558.0,23525.5,23541.0,23542.5
2183,2025-08-08 09:30:00,2025-08-08T13:30:00+00:00,VALIDATED_SOURCE,NY,NQU5,2,DOUBLE_STOP,-118.0,16.0,1.0,16.0,0.0,0.0,0.0,DNA_TP_DNA_SP,TRADE_TOUCH,100,RESOLVED,BUY_TARGET,SELL,STOP,2025-08-08 13:30:00.103513739+00:00,TARGET,STOP,23558.0,23542.5,631.0,-49.0,582.0,23558.0,23525.5,23541.0,23542.5
2183,2025-08-08 09:30:00,2025-08-08T13:30:00+00:00,VALIDATED_SOURCE,NY,NQU5,2,DOUBLE_STOP,-118.0,16.0,1.0,16.0,0.0,0.0,0.0,DNA_TP_DNA_SP,TRADE_TOUCH,500,RESOLVED,BUY_TARGET,SELL,STOP,2025-08-08 13:30:00.500125225+00:00,TARGET,STOP,23558.0,23542.5,631.0,-49.0,582.0,23558.0,23525.5,23541.0,23542.5
2183,2025-08-08 09:30:00,2025-08-08T13:30:00+00:00,VALIDATED_SOURCE,NY,NQU5,2,DOUBLE_STOP,-118.0,16.0,1.0,16.0,0.0,0.0,0.0,DNA_TP_DNA_SP,MID_TOUCH,0,RESOLVED,BUY_TARGET,SELL,STOP,2025-08-08 13:30:00.014212657+00:00,TARGET,STOP,23558.0,23542.5,631.0,-49.0,582.0,23558.0,23525.5,23541.0,23542.5
2183,2025-08-08 09:30:00,2025-08-08T13:30:00+00:00,VALIDATED_SOURCE,NY,NQU5,2,DOUBLE_STOP,-118.0,16.0,1.0,16.0,0.0,0.0,0.0,DNA_TP_DNA_SP,MID_TOUCH,1,RESOLVED,BUY_TARGET,SELL,STOP,2025-08-08 13:30:00.014212657+00:00,TARGET,STOP,23558.0,23542.5,631.0,-49.0,582.0,23558.0,23525.5,23541.0,23542.5
2183,2025-08-08 09:30:00,2025-08-08T13:30:00+00:00,VALIDATED_SOURCE,NY,NQU5,2,DOUBLE_STOP,-118.0,16.0,1.0,16.0,0.0,0.0,0.0,DNA_TP_DNA_SP,MID_TOUCH,100,RESOLVED,BUY_TARGET,SELL,STOP,2025-08-08 13:30:00.103513739+00:00,TARGET,STOP,23558.0,23542.5,631.0,-49.0,582.0,23558.0,23525.5,23541.0,23542.5
2183,2025-08-08 09:30:00,2025-08-08T13:30:00+00:00,VALIDATED_SOURCE,NY,NQU5,2,DOUBLE_STOP,-118.0,16.0,1.0,16.0,0.0,0.0,0.0,DNA_TP_DNA_SP,MID_TOUCH,500,RESOLVED,BUY_TARGET,SELL,STOP,2025-08-08 13:30:00.500125225+00:00,TARGET,STOP,23558.0,23542.5,631.0,-49.0,582.0,23558.0,23525.5,23541.0,23542.5
2183,2025-08-08 09:30:00,2025-08-08T13:30:00+00:00,VALIDATED_SOURCE,NY,NQU5,2,DOUBLE_STOP,-118.0,16.0,1.0,16.0,0.0,0.0,0.0,DNA_TP_DNA_SP,BBO_EXECUTABLE,0,RESOLVED,BUY_TARGET,SELL,STOP,2025-08-08 13:30:00.010224383+00:00,TARGET,STOP,23558.0,23542.5,631.0,-49.0,582.0,23558.0,23525.5,23541.0,23542.5
2183,2025-08-08 09:30:00,2025-08-08T13:30:00+00:00,VALIDATED_SOURCE,NY,NQU5,2,DOUBLE_STOP,-118.0,16.0,1.0,16.0,0.0,0.0,0.0,DNA_TP_DNA_SP,BBO_EXECUTABLE,1,RESOLVED,BUY_TARGET,SELL,STOP,2025-08-08 13:30:00.010224383+00:00,TARGET,STOP,23558.0,23542.5,631.0,-49.0,582.0,23558.0,23525.5,23541.0,23542.5
2183,2025-08-08 09:30:00,2025-08-08T13:30:00+00:00,VALIDATED_SOURCE,NY,NQU5,2,DOUBLE_STOP,-118.0,16.0,1.0,16.0,0.0,0.0,0.0,DNA_TP_DNA_SP,BBO_EXECUTABLE,100,RESOLVED,BUY_TARGET,SELL,STOP,2025-08-08 13:30:00.103513739+00:00,TARGET,STOP,23558.0,23546.0,631.0,-189.0,442.0,23558.0,23525.5,23541.0,23542.5
2183,2025-08-08 09:30:00,2025-08-08T13:30:00+00:00,VALIDATED_SOURCE,NY,NQU5,2,DOUBLE_STOP,-118.0,16.0,1.0,16.0,0.0,0.0,0.0,DNA_TP_DNA_SP,BBO_EXECUTABLE,500,RESOLVED,BUY_TARGET,SELL,STOP,2025-08-08 13:30:00.500125225+00:00,TARGET,STOP,23558.0,23544.75,631.0,-139.0,492.0,23558.0,23525.5,23541.0,23542.5
2183,2025-08-08 09:30:00,2025-08-08T13:30:00+00:00,VALIDATED_SOURCE,NY,NQU5,2,DOUBLE_STOP,-118.0,16.0,1.0,16.0,0.0,0.0,0.0,DNA_TP_DNA_SP,LEGACY_STAGE3F,0,RESOLVED,BUY_TARGET,SELL,STOP,2025-08-08 13:30:00.010224383+00:00,TARGET,STOP,23558.0,23542.5,631.0,-49.0,582.0,23558.0,23525.5,23541.0,23542.5
2183,2025-08-08 09:30:00,2025-08-08T13:30:00+00:00,VALIDATED_SOURCE,NY,NQU5,2,DOUBLE_STOP,-118.0,16.0,1.0,16.0,0.0,0.0,0.0,DNA_TP_DNA_SP,LEGACY_STAGE3F,1,RESOLVED,BUY_TARGET,SELL,STOP,2025-08-08 13:30:00.010224383+00:00,TARGET,STOP,23558.0,23542.5,631.0,-49.0,582.0,23558.0,23525.5,23541.0,23542.5
2183,2025-08-08 09:30:00,2025-08-08T13:30:00+00:00,VALIDATED_SOURCE,NY,NQU5,2,DOUBLE_STOP,-118.0,16.0,1.0,16.0,0.0,0.0,0.0,DNA_TP_DNA_SP,LEGACY_STAGE3F,100,RESOLVED,BUY_TARGET,SELL,STOP,2025-08-08 13:30:00.103513739+00:00,TARGET,STOP,23558.0,23546.0,631.0,-189.0,442.0,23558.0,23525.5,23541.0,23542.5
2183,2025-08-08 09:30:00,2025-08-08T13:30:00+00:00,VALIDATED_SOURCE,NY,NQU5,2,DOUBLE_STOP,-118.0,16.0,1.0,16.0,0.0,0.0,0.0,DNA_TP_DNA_SP,LEGACY_STAGE3F,500,RESOLVED,BUY_TARGET,SELL,STOP,2025-08-08 13:30:00.500125225+00:00,TARGET,STOP,23558.0,23544.75,631.0,-139.0,492.0,23558.0,23525.5,23541.0,23542.5
2183,2025-08-08 09:30:00,2025-08-08T13:30:00+00:00,VALIDATED_SOURCE,NY,NQU5,2,DOUBLE_STOP,-118.0,16.0,1.0,16.0,0.0,0.0,0.0,DNA_TP_REGISTRY_STOP,TRADE_TOUCH,0,RESOLVED,BUY_TARGET,SELL,STOP,2025-08-08 13:30:00.010224383+00:00,TARGET,STOP,23558.0,23542.5,631.0,-49.0,582.0,23558.0,23525.5,23541.0,23542.5
2183,2025-08-08 09:30:00,2025-08-08T13:30:00+00:00,VALIDATED_SOURCE,NY,NQU5,2,DOUBLE_STOP,-118.0,16.0,1.0,16.0,0.0,0.0,0.0,DNA_TP_REGISTRY_STOP,TRADE_TOUCH,1,RESOLVED,BUY_TARGET,SELL,STOP,2025-08-08 13:30:00.010224383+00:00,TARGET,STOP,23558.0,23542.5,631.0,-49.0,582.0,23558.0,23525.5,23541.0,23542.5
2183,2025-08-08 09:30:00,2025-08-08T13:30:00+00:00,VALIDATED_SOURCE,NY,NQU5,2,DOUBLE_STOP,-118.0,16.0,1.0,16.0,0.0,0.0,0.0,DNA_TP_REGISTRY_STOP,TRADE_TOUCH,100,RESOLVED,BUY_TARGET,SELL,STOP,2025-08-08 13:30:00.103513739+00:00,TARGET,STOP,23558.0,23542.5,631.0,-49.0,582.0,23558.0,23525.5,23541.0,23542.5
2183,2025-08-08 09:30:00,2025-08-08T13:30:00+00:00,VALIDATED_SOURCE,NY,NQU5,2,DOUBLE_STOP,-118.0,16.0,1.0,16.0,0.0,0.0,0.0,DNA_TP_REGISTRY_STOP,TRADE_TOUCH,500,RESOLVED,BUY_TARGET,SELL,STOP,2025-08-08 13:30:00.500125225+00:00,TARGET,STOP,23558.0,23542.5,631.0,-49.0,582.0,23558.0,23525.5,23541.0,23542.5
2183,2025-08-08 09:30:00,2025-08-08T13:30:00+00:00,VALIDATED_SOURCE,NY,NQU5,2,DOUBLE_STOP,-118.0,16.0,1.0,16.0,0.0,0.0,0.0,DNA_TP_REGISTRY_STOP,MID_TOUCH,0,RESOLVED,BUY_TARGET,SELL,STOP,2025-08-08 13:30:00.014212657+00:00,TARGET,STOP,23558.0,23542.5,631.0,-49.0,582.0,23558.0,23525.5,23541.0,23542.5
2183,2025-08-08 09:30:00,2025-08-08T13:30:00+00:00,VALIDATED_SOURCE,NY,NQU5,2,DOUBLE_STOP,-118.0,16.0,1.0,16.0,0.0,0.0,0.0,DNA_TP_REGISTRY_STOP,MID_TOUCH,1,RESOLVED,BUY_TARGET,SELL,STOP,2025-08-08 13:30:00.014212657+00:00,TARGET,STOP,23558.0,23542.5,631.0,-49.0,582.0,23558.0,23525.5,23541.0,23542.5
2183,2025-08-08 09:30:00,2025-08-08T13:30:00+00:00,VALIDATED_SOURCE,NY,NQU5,2,DOUBLE_STOP,-118.0,16.0,1.0,16.0,0.0,0.0,0.0,DNA_TP_REGISTRY_STOP,MID_TOUCH,100,RESOLVED,BUY_TARGET,SELL,STOP,2025-08-08 13:30:00.103513739+00:00,TARGET,STOP,23558.0,23542.5,631.0,-49.0,582.0,23558.0,23525.5,23541.0,23542.5
2183,2025-08-08 09:30:00,2025-08-08T13:30:00+00:00,VALIDATED_SOURCE,NY,NQU5,2,DOUBLE_STOP,-118.0,16.0,1.0,16.0,0.0,0.0,0.0,DNA_TP_REGISTRY_STOP,MID_TOUCH,500,RESOLVED,BUY_TARGET,SELL,STOP,2025-08-08 13:30:00.500125225+00:00,TARGET,STOP,23558.0,23542.5,631.0,-49.0,582.0,23558.0,23525.5,23541.0,23542.5
2183,2025-08-08 09:30:00,2025-08-08T13:30:00+00:00,VALIDATED_SOURCE,NY,NQU5,2,DOUBLE_STOP,-118.0,16.0,1.0,16.0,0.0,0.0,0.0,DNA_TP_REGISTRY_STOP,BBO_EXECUTABLE,0,RESOLVED,BUY_TARGET,SELL,STOP,2025-08-08 13:30:00.010224383+00:00,TARGET,STOP,23558.0,23542.5,631.0,-49.0,582.0,23558.0,23525.5,23541.0,23542.5
2183,2025-08-08 09:30:00,2025-08-08T13:30:00+00:00,VALIDATED_SOURCE,NY,NQU5,2,DOUBLE_STOP,-118.0,16.0,1.0,16.0,0.0,0.0,0.0,DNA_TP_REGISTRY_STOP,BBO_EXECUTABLE,1,RESOLVED,BUY_TARGET,SELL,STOP,2025-08-08 13:30:00.010224383+00:00,TARGET,STOP,23558.0,23542.5,631.0,-49.0,582.0,23558.0,23525.5,23541.0,23542.5
2183,2025-08-08 09:30:00,2025-08-08T13:30:00+00:00,VALIDATED_SOURCE,NY,NQU5,2,DOUBLE_STOP,-118.0,16.0,1.0,16.0,0.0,0.0,0.0,DNA_TP_REGISTRY_STOP,BBO_EXECUTABLE,100,RESOLVED,BUY_TARGET,SELL,STOP,2025-08-08 13:30:00.103513739+00:00,TARGET,STOP,23558.0,23546.0,631.0,-189.0,442.0,23558.0,23525.5,23541.0,23542.5
2183,2025-08-08 09:30:00,2025-08-08T13:30:00+00:00,VALIDATED_SOURCE,NY,NQU5,2,DOUBLE_STOP,-118.0,16.0,1.0,16.0,0.0,0.0,0.0,DNA_TP_REGISTRY_STOP,BBO_EXECUTABLE,500,RESOLVED,BUY_TARGET,SELL,STOP,2025-08-08 13:30:00.500125225+00:00,TARGET,STOP,23558.0,23544.75,631.0,-139.0,492.0,23558.0,23525.5,23541.0,23542.5
2183,2025-08-08 09:30:00,2025-08-08T13:30:00+00:00,VALIDATED_SOURCE,NY,NQU5,2,DOUBLE_STOP,-118.0,16.0,1.0,16.0,0.0,0.0,0.0,DNA_TP_REGISTRY_STOP,LEGACY_STAGE3F,0,RESOLVED,BUY_TARGET,SELL,STOP,2025-08-08 13:30:00.010224383+00:00,TARGET,STOP,23558.0,23542.5,631.0,-49.0,582.0,23558.0,23525.5,23541.0,23542.5
2183,2025-08-08 09:30:00,2025-08-08T13:30:00+00:00,VALIDATED_SOURCE,NY,NQU5,2,DOUBLE_STOP,-118.0,16.0,1.0,16.0,0.0,0.0,0.0,DNA_TP_REGISTRY_STOP,LEGACY_STAGE3F,1,RESOLVED,BUY_TARGET,SELL,STOP,2025-08-08 13:30:00.010224383+00:00,TARGET,STOP,23558.0,23542.5,631.0,-49.0,582.0,23558.0,23525.5,23541.0,23542.5
2183,2025-08-08 09:30:00,2025-08-08T13:30:00+00:00,VALIDATED_SOURCE,NY,NQU5,2,DOUBLE_STOP,-118.0,16.0,1.0,16.0,0.0,0.0,0.0,DNA_TP_REGISTRY_STOP,LEGACY_STAGE3F,100,RESOLVED,BUY_TARGET,SELL,STOP,2025-08-08 13:30:00.103513739+00:00,TARGET,STOP,23558.0,23546.0,631.0,-189.0,442.0,23558.0,23525.5,23541.0,23542.5
2183,2025-08-08 09:30:00,2025-08-08T13:30:00+00:00,VALIDATED_SOURCE,NY,NQU5,2,DOUBLE_STOP,-118.0,16.0,1.0,16.0,0.0,0.0,0.0,DNA_TP_REGISTRY_STOP,LEGACY_STAGE3F,500,RESOLVED,BUY_TARGET,SELL,STOP,2025-08-08 13:30:00.500125225+00:00,TARGET,STOP,23558.0,23544.75,631.0,-139.0,492.0,23558.0,23525.5,23541.0,23542.5
2183,2025-08-08 09:30:00,2025-08-08T13:30:00+00:00,VALIDATED_SOURCE,NY,NQU5,2,DOUBLE_STOP,-118.0,16.0,1.0,16.0,0.0,0.0,0.0,FORMULA_TP_REGISTRY_STOP,TRADE_TOUCH,0,RESOLVED,BUY_TARGET,SELL,STOP,2025-08-08 13:30:00.010224383+00:00,TARGET,STOP,23558.0,23542.5,631.0,-49.0,582.0,23558.0,23525.5,23541.0,23542.5
2183,2025-08-08 09:30:00,2025-08-08T13:30:00+00:00,VALIDATED_SOURCE,NY,NQU5,2,DOUBLE_STOP,-118.0,16.0,1.0,16.0,0.0,0.0,0.0,FORMULA_TP_REGISTRY_STOP,TRADE_TOUCH,1,RESOLVED,BUY_TARGET,SELL,STOP,2025-08-08 13:30:00.010224383+00:00,TARGET,STOP,23558.0,23542.5,631.0,-49.0,582.0,23558.0,23525.5,23541.0,23542.5
2183,2025-08-08 09:30:00,2025-08-08T13:30:00+00:00,VALIDATED_SOURCE,NY,NQU5,2,DOUBLE_STOP,-118.0,16.0,1.0,16.0,0.0,0.0,0.0,FORMULA_TP_REGISTRY_STOP,TRADE_TOUCH,100,RESOLVED,BUY_TARGET,SELL,STOP,2025-08-08 13:30:00.103513739+00:00,TARGET,STOP,23558.0,23542.5,631.0,-49.0,582.0,23558.0,23525.5,23541.0,23542.5
2183,2025-08-08 09:30:00,2025-08-08T13:30:00+00:00,VALIDATED_SOURCE,NY,NQU5,2,DOUBLE_STOP,-118.0,16.0,1.0,16.0,0.0,0.0,0.0,FORMULA_TP_REGISTRY_STOP,TRADE_TOUCH,500,RESOLVED,BUY_TARGET,SELL,STOP,2025-08-08 13:30:00.500125225+00:00,TARGET,STOP,23558.0,23542.5,631.0,-49.0,582.0,23558.0,23525.5,23541.0,23542.5
2183,2025-08-08 09:30:00,2025-08-08T13:30:00+00:00,VALIDATED_SOURCE,NY,NQU5,2,DOUBLE_STOP,-118.0,16.0,1.0,16.0,0.0,0.0,0.0,FORMULA_TP_REGISTRY_STOP,MID_TOUCH,0,RESOLVED,BUY_TARGET,SELL,STOP,2025-08-08 13:30:00.014212657+00:00,TARGET,STOP,23558.0,23542.5,631.0,-49.0,582.0,23558.0,23525.5,23541.0,23542.5
2183,2025-08-08 09:30:00,2025-08-08T13:30:00+00:00,VALIDATED_SOURCE,NY,NQU5,2,DOUBLE_STOP,-118.0,16.0,1.0,16.0,0.0,0.0,0.0,FORMULA_TP_REGISTRY_STOP,MID_TOUCH,1,RESOLVED,BUY_TARGET,SELL,STOP,2025-08-08 13:30:00.014212657+00:00,TARGET,STOP,23558.0,23542.5,631.0,-49.0,582.0,23558.0,23525.5,23541.0,23542.5
2183,2025-08-08 09:30:00,2025-08-08T13:30:00+00:00,VALIDATED_SOURCE,NY,NQU5,2,DOUBLE_STOP,-118.0,16.0,1.0,16.0,0.0,0.0,0.0,FORMULA_TP_REGISTRY_STOP,MID_TOUCH,100,RESOLVED,BUY_TARGET,SELL,STOP,2025-08-08 13:30:00.103513739+00:00,TARGET,STOP,23558.0,23542.5,631.0,-49.0,582.0,23558.0,23525.5,23541.0,23542.5
2183,2025-08-08 09:30:00,2025-08-08T13:30:00+00:00,VALIDATED_SOURCE,NY,NQU5,2,DOUBLE_STOP,-118.0,16.0,1.0,16.0,0.0,0.0,0.0,FORMULA_TP_REGISTRY_STOP,MID_TOUCH,500,RESOLVED,BUY_TARGET,SELL,STOP,2025-08-08 13:30:00.500125225+00:00,TARGET,STOP,23558.0,23542.5,631.0,-49.0,582.0,23558.0,23525.5,23541.0,23542.5
2183,2025-08-08 09:30:00,2025-08-08T13:30:00+00:00,VALIDATED_SOURCE,NY,NQU5,2,DOUBLE_STOP,-118.0,16.0,1.0,16.0,0.0,0.0,0.0,FORMULA_TP_REGISTRY_STOP,BBO_EXECUTABLE,0,RESOLVED,BUY_TARGET,SELL,STOP,2025-08-08 13:30:00.010224383+00:00,TARGET,STOP,23558.0,23542.5,631.0,-49.0,582.0,23558.0,23525.5,23541.0,23542.5
2183,2025-08-08 09:30:00,2025-08-08T13:30:00+00:00,VALIDATED_SOURCE,NY,NQU5,2,DOUBLE_STOP,-118.0,16.0,1.0,16.0,0.0,0.0,0.0,FORMULA_TP_REGISTRY_STOP,BBO_EXECUTABLE,1,RESOLVED,BUY_TARGET,SELL,STOP,2025-08-08 13:30:00.010224383+00:00,TARGET,STOP,23558.0,23542.5,631.0,-49.0,582.0,23558.0,23525.5,23541.0,23542.5
2183,2025-08-08 09:30:00,2025-08-08T13:30:00+00:00,VALIDATED_SOURCE,NY,NQU5,2,DOUBLE_STOP,-118.0,16.0,1.0,16.0,0.0,0.0,0.0,FORMULA_TP_REGISTRY_STOP,BBO_EXECUTABLE,100,RESOLVED,BUY_TARGET,SELL,STOP,2025-08-08 13:30:00.103513739+00:00,TARGET,STOP,23558.0,23546.0,631.0,-189.0,442.0,23558.0,23525.5,23541.0,23542.5
2183,2025-08-08 09:30:00,2025-08-08T13:30:00+00:00,VALIDATED_SOURCE,NY,NQU5,2,DOUBLE_STOP,-118.0,16.0,1.0,16.0,0.0,0.0,0.0,FORMULA_TP_REGISTRY_STOP,BBO_EXECUTABLE,500,RESOLVED,BUY_TARGET,SELL,STOP,2025-08-08 13:30:00.500125225+00:00,TARGET,STOP,23558.0,23544.75,631.0,-139.0,492.0,23558.0,23525.5,23541.0,23542.5
2183,2025-08-08 09:30:00,2025-08-08T13:30:00+00:00,VALIDATED_SOURCE,NY,NQU5,2,DOUBLE_STOP,-118.0,16.0,1.0,16.0,0.0,0.0,0.0,FORMULA_TP_REGISTRY_STOP,LEGACY_STAGE3F,0,RESOLVED,BUY_TARGET,SELL,STOP,2025-08-08 13:30:00.010224383+00:00,TARGET,STOP,23558.0,23542.5,631.0,-49.0,582.0,23558.0,23525.5,23541.0,23542.5
2183,2025-08-08 09:30:00,2025-08-08T13:30:00+00:00,VALIDATED_SOURCE,NY,NQU5,2,DOUBLE_STOP,-118.0,16.0,1.0,16.0,0.0,0.0,0.0,FORMULA_TP_REGISTRY_STOP,LEGACY_STAGE3F,1,RESOLVED,BUY_TARGET,SELL,STOP,2025-08-08 13:30:00.010224383+00:00,TARGET,STOP,23558.0,23542.5,631.0,-49.0,582.0,23558.0,23525.5,23541.0,23542.5
2183,2025-08-08 09:30:00,2025-08-08T13:30:00+00:00,VALIDATED_SOURCE,NY,NQU5,2,DOUBLE_STOP,-118.0,16.0,1.0,16.0,0.0,0.0,0.0,FORMULA_TP_REGISTRY_STOP,LEGACY_STAGE3F,100,RESOLVED,BUY_TARGET,SELL,STOP,2025-08-08 13:30:00.103513739+00:00,TARGET,STOP,23558.0,23546.0,631.0,-189.0,442.0,23558.0,23525.5,23541.0,23542.5
2183,2025-08-08 09:30:00,2025-08-08T13:30:00+00:00,VALIDATED_SOURCE,NY,NQU5,2,DOUBLE_STOP,-118.0,16.0,1.0,16.0,0.0,0.0,0.0,FORMULA_TP_REGISTRY_STOP,LEGACY_STAGE3F,500,RESOLVED,BUY_TARGET,SELL,STOP,2025-08-08 13:30:00.500125225+00:00,TARGET,STOP,23558.0,23544.75,631.0,-139.0,492.0,23558.0,23525.5,23541.0,23542.5
2184,2025-08-10 18:00:00,2025-08-10T22:00:00+00:00,VALIDATED_SOURCE,WEEKLY,NQU5,2,DOUBLE_STOP,-118.0,10.0,1.0,10.0,0.0,0.0,0.0,DNA_TP_DNA_SP,TRADE_TOUCH,0,RESOLVED,DOUBLE_STOP,BUY,STOP,2025-08-10 22:00:00.069726097+00:00,STOP,STOP,23763.25,23764.75,-49.0,-49.0,-98.0,23774.25,23753.75,23763.25,23764.75
2184,2025-08-10 18:00:00,2025-08-10T22:00:00+00:00,VALIDATED_SOURCE,WEEKLY,NQU5,2,DOUBLE_STOP,-118.0,10.0,1.0,10.0,0.0,0.0,0.0,DNA_TP_DNA_SP,TRADE_TOUCH,1,RESOLVED,DOUBLE_STOP,BUY,STOP,2025-08-10 22:00:00.069726097+00:00,STOP,STOP,23763.25,23764.75,-49.0,-49.0,-98.0,23774.25,23753.75,23763.25,23764.75
2184,2025-08-10 18:00:00,2025-08-10T22:00:00+00:00,VALIDATED_SOURCE,WEEKLY,NQU5,2,DOUBLE_STOP,-118.0,10.0,1.0,10.0,0.0,0.0,0.0,DNA_TP_DNA_SP,TRADE_TOUCH,100,RESOLVED,DOUBLE_STOP,BUY,STOP,2025-08-10 22:00:00.101023519+00:00,STOP,STOP,23763.25,23764.75,-49.0,-49.0,-98.0,23774.25,23753.75,23763.25,23764.75
2184,2025-08-10 18:00:00,2025-08-10T22:00:00+00:00,VALIDATED_SOURCE,WEEKLY,NQU5,2,DOUBLE_STOP,-118.0,10.0,1.0,10.0,0.0,0.0,0.0,DNA_TP_DNA_SP,TRADE_TOUCH,500,RESOLVED,SELL_TARGET,BUY,STOP,2025-08-10 22:00:00.515770463+00:00,STOP,TARGET,23763.25,23753.75,-49.0,391.0,342.0,23774.25,23753.75,23763.25,23764.75
2184,2025-08-10 18:00:00,2025-08-10T22:00:00+00:00,VALIDATED_SOURCE,WEEKLY,NQU5,2,DOUBLE_STOP,-118.0,10.0,1.0,10.0,0.0,0.0,0.0,DNA_TP_DNA_SP,MID_TOUCH,0,RESOLVED,SELL_TARGET,BUY,STOP,2025-08-10 22:00:00.079490311+00:00,STOP,TARGET,23763.25,23753.75,-49.0,391.0,342.0,23774.25,23753.75,23763.25,23764.75
2184,2025-08-10 18:00:00,2025-08-10T22:00:00+00:00,VALIDATED_SOURCE,WEEKLY,NQU5,2,DOUBLE_STOP,-118.0,10.0,1.0,10.0,0.0,0.0,0.0,DNA_TP_DNA_SP,MID_TOUCH,1,RESOLVED,SELL_TARGET,BUY,STOP,2025-08-10 22:00:00.079490311+00:00,STOP,TARGET,23763.25,23753.75,-49.0,391.0,342.0,23774.25,23753.75,23763.25,23764.75
2184,2025-08-10 18:00:00,2025-08-10T22:00:00+00:00,VALIDATED_SOURCE,WEEKLY,NQU5,2,DOUBLE_STOP,-118.0,10.0,1.0,10.0,0.0,0.0,0.0,DNA_TP_DNA_SP,MID_TOUCH,100,RESOLVED,SELL_TARGET,BUY,STOP,2025-08-10 22:00:00.107670853+00:00,STOP,TARGET,23763.25,23753.75,-49.0,391.0,342.0,23774.25,23753.75,23763.25,23764.75
2184,2025-08-10 18:00:00,2025-08-10T22:00:00+00:00,VALIDATED_SOURCE,WEEKLY,NQU5,2,DOUBLE_STOP,-118.0,10.0,1.0,10.0,0.0,0.0,0.0,DNA_TP_DNA_SP,MID_TOUCH,500,RESOLVED,SELL_TARGET,BUY,STOP,2025-08-10 22:00:00.515770463+00:00,STOP,TARGET,23763.25,23753.75,-49.0,391.0,342.0,23774.25,23753.75,23763.25,23764.75
2184,2025-08-10 18:00:00,2025-08-10T22:00:00+00:00,VALIDATED_SOURCE,WEEKLY,NQU5,2,DOUBLE_STOP,-118.0,10.0,1.0,10.0,0.0,0.0,0.0,DNA_TP_DNA_SP,BBO_EXECUTABLE,0,RESOLVED,DOUBLE_STOP,BUY,STOP,2025-08-10 22:00:00.069726097+00:00,STOP,STOP,23763.0,23766.0,-59.0,-99.0,-158.0,23774.25,23753.75,23763.25,23764.75
2184,2025-08-10 18:00:00,2025-08-10T22:00:00+00:00,VALIDATED_SOURCE,WEEKLY,NQU5,2,DOUBLE_STOP,-118.0,10.0,1.0,10.0,0.0,0.0,0.0,DNA_TP_DNA_SP,BBO_EXECUTABLE,1,RESOLVED,DOUBLE_STOP,BUY,STOP,2025-08-10 22:00:00.069726097+00:00,STOP,STOP,23763.0,23766.0,-59.0,-99.0,-158.0,23774.25,23753.75,23763.25,23764.75
2184,2025-08-10 18:00:00,2025-08-10T22:00:00+00:00,VALIDATED_SOURCE,WEEKLY,NQU5,2,DOUBLE_STOP,-118.0,10.0,1.0,10.0,0.0,0.0,0.0,DNA_TP_DNA_SP,BBO_EXECUTABLE,100,RESOLVED,DOUBLE_STOP,BUY,STOP,2025-08-10 22:00:00.101023519+00:00,STOP,STOP,23762.25,23766.0,-89.0,-99.0,-188.0,23774.25,23753.75,23763.25,23764.75
2184,2025-08-10 18:00:00,2025-08-10T22:00:00+00:00,VALIDATED_SOURCE,WEEKLY,NQU5,2,DOUBLE_STOP,-118.0,10.0,1.0,10.0,0.0,0.0,0.0,DNA_TP_DNA_SP,BBO_EXECUTABLE,500,RESOLVED,SELL_TARGET,BUY,STOP,2025-08-10 22:00:00.515770463+00:00,STOP,TARGET,23759.5,23753.75,-199.0,391.0,192.0,23774.25,23753.75,23763.25,23764.75
2184,2025-08-10 18:00:00,2025-08-10T22:00:00+00:00,VALIDATED_SOURCE,WEEKLY,NQU5,2,DOUBLE_STOP,-118.0,10.0,1.0,10.0,0.0,0.0,0.0,DNA_TP_DNA_SP,LEGACY_STAGE3F,0,RESOLVED,DOUBLE_STOP,BUY,STOP,2025-08-10 22:00:00.069726097+00:00,STOP,STOP,23763.0,23766.0,-59.0,-99.0,-158.0,23774.25,23753.75,23763.25,23764.75
2184,2025-08-10 18:00:00,2025-08-10T22:00:00+00:00,VALIDATED_SOURCE,WEEKLY,NQU5,2,DOUBLE_STOP,-118.0,10.0,1.0,10.0,0.0,0.0,0.0,DNA_TP_DNA_SP,LEGACY_STAGE3F,1,RESOLVED,DOUBLE_STOP,BUY,STOP,2025-08-10 22:00:00.069726097+00:00,STOP,STOP,23763.0,23766.0,-59.0,-99.0,-158.0,23774.25,23753.75,23763.25,23764.75
2184,2025-08-10 18:00:00,2025-08-10T22:00:00+00:00,VALIDATED_SOURCE,WEEKLY,NQU5,2,DOUBLE_STOP,-118.0,10.0,1.0,10.0,0.0,0.0,0.0,DNA_TP_DNA_SP,LEGACY_STAGE3F,100,RESOLVED,DOUBLE_STOP,BUY,STOP,2025-08-10 22:00:00.101023519+00:00,STOP,STOP,23762.25,23766.0,-89.0,-99.0,-188.0,23774.25,23753.75,23763.25,23764.75
2184,2025-08-10 18:00:00,2025-08-10T22:00:00+00:00,VALIDATED_SOURCE,WEEKLY,NQU5,2,DOUBLE_STOP,-118.0,10.0,1.0,10.0,0.0,0.0,0.0,DNA_TP_DNA_SP,LEGACY_STAGE3F,500,RESOLVED,SELL_TARGET,BUY,STOP,2025-08-10 22:00:00.515770463+00:00,STOP,TARGET,23759.5,23753.75,-199.0,391.0,192.0,23774.25,23753.75,23763.25,23764.75
2184,2025-08-10 18:00:00,2025-08-10T22:00:00+00:00,VALIDATED_SOURCE,WEEKLY,NQU5,2,DOUBLE_STOP,-118.0,10.0,1.0,10.0,0.0,0.0,0.0,DNA_TP_REGISTRY_STOP,TRADE_TOUCH,0,RESOLVED,DOUBLE_STOP,BUY,STOP,2025-08-10 22:00:00.069726097+00:00,STOP,STOP,23763.25,23764.75,-49.0,-49.0,-98.0,23774.25,23753.75,23763.25,23764.75
2184,2025-08-10 18:00:00,2025-08-10T22:00:00+00:00,VALIDATED_SOURCE,WEEKLY,NQU5,2,DOUBLE_STOP,-118.0,10.0,1.0,10.0,0.0,0.0,0.0,DNA_TP_REGISTRY_STOP,TRADE_TOUCH,1,RESOLVED,DOUBLE_STOP,BUY,STOP,2025-08-10 22:00:00.069726097+00:00,STOP,STOP,23763.25,23764.75,-49.0,-49.0,-98.0,23774.25,23753.75,23763.25,23764.75
2184,2025-08-10 18:00:00,2025-08-10T22:00:00+00:00,VALIDATED_SOURCE,WEEKLY,NQU5,2,DOUBLE_STOP,-118.0,10.0,1.0,10.0,0.0,0.0,0.0,DNA_TP_REGISTRY_STOP,TRADE_TOUCH,100,RESOLVED,DOUBLE_STOP,BUY,STOP,2025-08-10 22:00:00.101023519+00:00,STOP,STOP,23763.25,23764.75,-49.0,-49.0,-98.0,23774.25,23753.75,23763.25,23764.75
2184,2025-08-10 18:00:00,2025-08-10T22:00:00+00:00,VALIDATED_SOURCE,WEEKLY,NQU5,2,DOUBLE_STOP,-118.0,10.0,1.0,10.0,0.0,0.0,0.0,DNA_TP_REGISTRY_STOP,TRADE_TOUCH,500,RESOLVED,SELL_TARGET,BUY,STOP,2025-08-10 22:00:00.515770463+00:00,STOP,TARGET,23763.25,23753.75,-49.0,391.0,342.0,23774.25,23753.75,23763.25,23764.75
2184,2025-08-10 18:00:00,2025-08-10T22:00:00+00:00,VALIDATED_SOURCE,WEEKLY,NQU5,2,DOUBLE_STOP,-118.0,10.0,1.0,10.0,0.0,0.0,0.0,DNA_TP_REGISTRY_STOP,MID_TOUCH,0,RESOLVED,SELL_TARGET,BUY,STOP,2025-08-10 22:00:00.079490311+00:00,STOP,TARGET,23763.25,23753.75,-49.0,391.0,342.0,23774.25,23753.75,23763.25,23764.75
2184,2025-08-10 18:00:00,2025-08-10T22:00:00+00:00,VALIDATED_SOURCE,WEEKLY,NQU5,2,DOUBLE_STOP,-118.0,10.0,1.0,10.0,0.0,0.0,0.0,DNA_TP_REGISTRY_STOP,MID_TOUCH,1,RESOLVED,SELL_TARGET,BUY,STOP,2025-08-10 22:00:00.079490311+00:00,STOP,TARGET,23763.25,23753.75,-49.0,391.0,342.0,23774.25,23753.75,23763.25,23764.75
2184,2025-08-10 18:00:00,2025-08-10T22:00:00+00:00,VALIDATED_SOURCE,WEEKLY,NQU5,2,DOUBLE_STOP,-118.0,10.0,1.0,10.0,0.0,0.0,0.0,DNA_TP_REGISTRY_STOP,MID_TOUCH,100,RESOLVED,SELL_TARGET,BUY,STOP,2025-08-10 22:00:00.107670853+00:00,STOP,TARGET,23763.25,23753.75,-49.0,391.0,342.0,23774.25,23753.75,23763.25,23764.75
2184,2025-08-10 18:00:00,2025-08-10T22:00:00+00:00,VALIDATED_SOURCE,WEEKLY,NQU5,2,DOUBLE_STOP,-118.0,10.0,1.0,10.0,0.0,0.0,0.0,DNA_TP_REGISTRY_STOP,MID_TOUCH,500,RESOLVED,SELL_TARGET,BUY,STOP,2025-08-10 22:00:00.515770463+00:00,STOP,TARGET,23763.25,23753.75,-49.0,391.0,342.0,23774.25,23753.75,23763.25,23764.75
2184,2025-08-10 18:00:00,2025-08-10T22:00:00+00:00,VALIDATED_SOURCE,WEEKLY,NQU5,2,DOUBLE_STOP,-118.0,10.0,1.0,10.0,0.0,0.0,0.0,DNA_TP_REGISTRY_STOP,BBO_EXECUTABLE,0,RESOLVED,DOUBLE_STOP,BUY,STOP,2025-08-10 22:00:00.069726097+00:00,STOP,STOP,23763.0,23766.0,-59.0,-99.0,-158.0,23774.25,23753.75,23763.25,23764.75
2184,2025-08-10 18:00:00,2025-08-10T22:00:00+00:00,VALIDATED_SOURCE,WEEKLY,NQU5,2,DOUBLE_STOP,-118.0,10.0,1.0,10.0,0.0,0.0,0.0,DNA_TP_REGISTRY_STOP,BBO_EXECUTABLE,1,RESOLVED,DOUBLE_STOP,BUY,STOP,2025-08-10 22:00:00.069726097+00:00,STOP,STOP,23763.0,23766.0,-59.0,-99.0,-158.0,23774.25,23753.75,23763.25,23764.75
2184,2025-08-10 18:00:00,2025-08-10T22:00:00+00:00,VALIDATED_SOURCE,WEEKLY,NQU5,2,DOUBLE_STOP,-118.0,10.0,1.0,10.0,0.0,0.0,0.0,DNA_TP_REGISTRY_STOP,BBO_EXECUTABLE,100,RESOLVED,DOUBLE_STOP,BUY,STOP,2025-08-10 22:00:00.101023519+00:00,STOP,STOP,23762.25,23766.0,-89.0,-99.0,-188.0,23774.25,23753.75,23763.25,23764.75
2184,2025-08-10 18:00:00,2025-08-10T22:00:00+00:00,VALIDATED_SOURCE,WEEKLY,NQU5,2,DOUBLE_STOP,-118.0,10.0,1.0,10.0,0.0,0.0,0.0,DNA_TP_REGISTRY_STOP,BBO_EXECUTABLE,500,RESOLVED,SELL_TARGET,BUY,STOP,2025-08-10 22:00:00.515770463+00:00,STOP,TARGET,23759.5,23753.75,-199.0,391.0,192.0,23774.25,23753.75,23763.25,23764.75
2184,2025-08-10 18:00:00,2025-08-10T22:00:00+00:00,VALIDATED_SOURCE,WEEKLY,NQU5,2,DOUBLE_STOP,-118.0,10.0,1.0,10.0,0.0,0.0,0.0,DNA_TP_REGISTRY_STOP,LEGACY_STAGE3F,0,RESOLVED,DOUBLE_STOP,BUY,STOP,2025-08-10 22:00:00.069726097+00:00,STOP,STOP,23763.0,23766.0,-59.0,-99.0,-158.0,23774.25,23753.75,23763.25,23764.75
2184,2025-08-10 18:00:00,2025-08-10T22:00:00+00:00,VALIDATED_SOURCE,WEEKLY,NQU5,2,DOUBLE_STOP,-118.0,10.0,1.0,10.0,0.0,0.0,0.0,DNA_TP_REGISTRY_STOP,LEGACY_STAGE3F,1,RESOLVED,DOUBLE_STOP,BUY,STOP,2025-08-10 22:00:00.069726097+00:00,STOP,STOP,23763.0,23766.0,-59.0,-99.0,-158.0,23774.25,23753.75,23763.25,23764.75
2184,2025-08-10 18:00:00,2025-08-10T22:00:00+00:00,VALIDATED_SOURCE,WEEKLY,NQU5,2,DOUBLE_STOP,-118.0,10.0,1.0,10.0,0.0,0.0,0.0,DNA_TP_REGISTRY_STOP,LEGACY_STAGE3F,100,RESOLVED,DOUBLE_STOP,BUY,STOP,2025-08-10 22:00:00.101023519+00:00,STOP,STOP,23762.25,23766.0,-89.0,-99.0,-188.0,23774.25,23753.75,23763.25,23764.75
2184,2025-08-10 18:00:00,2025-08-10T22:00:00+00:00,VALIDATED_SOURCE,WEEKLY,NQU5,2,DOUBLE_STOP,-118.0,10.0,1.0,10.0,0.0,0.0,0.0,DNA_TP_REGISTRY_STOP,LEGACY_STAGE3F,500,RESOLVED,SELL_TARGET,BUY,STOP,2025-08-10 22:00:00.515770463+00:00,STOP,TARGET,23759.5,23753.75,-199.0,391.0,192.0,23774.25,23753.75,23763.25,23764.75
2184,2025-08-10 18:00:00,2025-08-10T22:00:00+00:00,VALIDATED_SOURCE,WEEKLY,NQU5,2,DOUBLE_STOP,-118.0,10.0,1.0,10.0,0.0,0.0,0.0,FORMULA_TP_REGISTRY_STOP,TRADE_TOUCH,0,RESOLVED,DOUBLE_STOP,BUY,STOP,2025-08-10 22:00:00.069726097+00:00,STOP,STOP,23763.25,23764.75,-49.0,-49.0,-98.0,23774.25,23753.75,23763.25,23764.75
2184,2025-08-10 18:00:00,2025-08-10T22:00:00+00:00,VALIDATED_SOURCE,WEEKLY,NQU5,2,DOUBLE_STOP,-118.0,10.0,1.0,10.0,0.0,0.0,0.0,FORMULA_TP_REGISTRY_STOP,TRADE_TOUCH,1,RESOLVED,DOUBLE_STOP,BUY,STOP,2025-08-10 22:00:00.069726097+00:00,STOP,STOP,23763.25,23764.75,-49.0,-49.0,-98.0,23774.25,23753.75,23763.25,23764.75
2184,2025-08-10 18:00:00,2025-08-10T22:00:00+00:00,VALIDATED_SOURCE,WEEKLY,NQU5,2,DOUBLE_STOP,-118.0,10.0,1.0,10.0,0.0,0.0,0.0,FORMULA_TP_REGISTRY_STOP,TRADE_TOUCH,100,RESOLVED,DOUBLE_STOP,BUY,STOP,2025-08-10 22:00:00.101023519+00:00,STOP,STOP,23763.25,23764.75,-49.0,-49.0,-98.0,23774.25,23753.75,23763.25,23764.75
2184,2025-08-10 18:00:00,2025-08-10T22:00:00+00:00,VALIDATED_SOURCE,WEEKLY,NQU5,2,DOUBLE_STOP,-118.0,10.0,1.0,10.0,0.0,0.0,0.0,FORMULA_TP_REGISTRY_STOP,TRADE_TOUCH,500,RESOLVED,SELL_TARGET,BUY,STOP,2025-08-10 22:00:00.515770463+00:00,STOP,TARGET,23763.25,23753.75,-49.0,391.0,342.0,23774.25,23753.75,23763.25,23764.75
2184,2025-08-10 18:00:00,2025-08-10T22:00:00+00:00,VALIDATED_SOURCE,WEEKLY,NQU5,2,DOUBLE_STOP,-118.0,10.0,1.0,10.0,0.0,0.0,0.0,FORMULA_TP_REGISTRY_STOP,MID_TOUCH,0,RESOLVED,SELL_TARGET,BUY,STOP,2025-08-10 22:00:00.079490311+00:00,STOP,TARGET,23763.25,23753.75,-49.0,391.0,342.0,23774.25,23753.75,23763.25,23764.75
2184,2025-08-10 18:00:00,2025-08-10T22:00:00+00:00,VALIDATED_SOURCE,WEEKLY,NQU5,2,DOUBLE_STOP,-118.0,10.0,1.0,10.0,0.0,0.0,0.0,FORMULA_TP_REGISTRY_STOP,MID_TOUCH,1,RESOLVED,SELL_TARGET,BUY,STOP,2025-08-10 22:00:00.079490311+00:00,STOP,TARGET,23763.25,23753.75,-49.0,391.0,342.0,23774.25,23753.75,23763.25,23764.75
2184,2025-08-10 18:00:00,2025-08-10T22:00:00+00:00,VALIDATED_SOURCE,WEEKLY,NQU5,2,DOUBLE_STOP,-118.0,10.0,1.0,10.0,0.0,0.0,0.0,FORMULA_TP_REGISTRY_STOP,MID_TOUCH,100,RESOLVED,SELL_TARGET,BUY,STOP,2025-08-10 22:00:00.107670853+00:00,STOP,TARGET,23763.25,23753.75,-49.0,391.0,342.0,23774.25,23753.75,23763.25,23764.75
2184,2025-08-10 18:00:00,2025-08-10T22:00:00+00:00,VALIDATED_SOURCE,WEEKLY,NQU5,2,DOUBLE_STOP,-118.0,10.0,1.0,10.0,0.0,0.0,0.0,FORMULA_TP_REGISTRY_STOP,MID_TOUCH,500,RESOLVED,SELL_TARGET,BUY,STOP,2025-08-10 22:00:00.515770463+00:00,STOP,TARGET,23763.25,23753.75,-49.0,391.0,342.0,23774.25,23753.75,23763.25,23764.75
2184,2025-08-10 18:00:00,2025-08-10T22:00:00+00:00,VALIDATED_SOURCE,WEEKLY,NQU5,2,DOUBLE_STOP,-118.0,10.0,1.0,10.0,0.0,0.0,0.0,FORMULA_TP_REGISTRY_STOP,BBO_EXECUTABLE,0,RESOLVED,DOUBLE_STOP,BUY,STOP,2025-08-10 22:00:00.069726097+00:00,STOP,STOP,23763.0,23766.0,-59.0,-99.0,-158.0,23774.25,23753.75,23763.25,23764.75
2184,2025-08-10 18:00:00,2025-08-10T22:00:00+00:00,VALIDATED_SOURCE,WEEKLY,NQU5,2,DOUBLE_STOP,-118.0,10.0,1.0,10.0,0.0,0.0,0.0,FORMULA_TP_REGISTRY_STOP,BBO_EXECUTABLE,1,RESOLVED,DOUBLE_STOP,BUY,STOP,2025-08-10 22:00:00.069726097+00:00,STOP,STOP,23763.0,23766.0,-59.0,-99.0,-158.0,23774.25,23753.75,23763.25,23764.75
2184,2025-08-10 18:00:00,2025-08-10T22:00:00+00:00,VALIDATED_SOURCE,WEEKLY,NQU5,2,DOUBLE_STOP,-118.0,10.0,1.0,10.0,0.0,0.0,0.0,FORMULA_TP_REGISTRY_STOP,BBO_EXECUTABLE,100,RESOLVED,DOUBLE_STOP,BUY,STOP,2025-08-10 22:00:00.101023519+00:00,STOP,STOP,23762.25,23766.0,-89.0,-99.0,-188.0,23774.25,23753.75,23763.25,23764.75
2184,2025-08-10 18:00:00,2025-08-10T22:00:00+00:00,VALIDATED_SOURCE,WEEKLY,NQU5,2,DOUBLE_STOP,-118.0,10.0,1.0,10.0,0.0,0.0,0.0,FORMULA_TP_REGISTRY_STOP,BBO_EXECUTABLE,500,RESOLVED,SELL_TARGET,BUY,STOP,2025-08-10 22:00:00.515770463+00:00,STOP,TARGET,23759.5,23753.75,-199.0,391.0,192.0,23774.25,23753.75,23763.25,23764.75
2184,2025-08-10 18:00:00,2025-08-10T22:00:00+00:00,VALIDATED_SOURCE,WEEKLY,NQU5,2,DOUBLE_STOP,-118.0,10.0,1.0,10.0,0.0,0.0,0.0,FORMULA_TP_REGISTRY_STOP,LEGACY_STAGE3F,0,RESOLVED,DOUBLE_STOP,BUY,STOP,2025-08-10 22:00:00.069726097+00:00,STOP,STOP,23763.0,23766.0,-59.0,-99.0,-158.0,23774.25,23753.75,23763.25,23764.75
2184,2025-08-10 18:00:00,2025-08-10T22:00:00+00:00,VALIDATED_SOURCE,WEEKLY,NQU5,2,DOUBLE_STOP,-118.0,10.0,1.0,10.0,0.0,0.0,0.0,FORMULA_TP_REGISTRY_STOP,LEGACY_STAGE3F,1,RESOLVED,DOUBLE_STOP,BUY,STOP,2025-08-10 22:00:00.069726097+00:00,STOP,STOP,23763.0,23766.0,-59.0,-99.0,-158.0,23774.25,23753.75,23763.25,23764.75
2184,2025-08-10 18:00:00,2025-08-10T22:00:00+00:00,VALIDATED_SOURCE,WEEKLY,NQU5,2,DOUBLE_STOP,-118.0,10.0,1.0,10.0,0.0,0.0,0.0,FORMULA_TP_REGISTRY_STOP,LEGACY_STAGE3F,100,RESOLVED,DOUBLE_STOP,BUY,STOP,2025-08-10 22:00:00.101023519+00:00,STOP,STOP,23762.25,23766.0,-89.0,-99.0,-188.0,23774.25,23753.75,23763.25,23764.75
2184,2025-08-10 18:00:00,2025-08-10T22:00:00+00:00,VALIDATED_SOURCE,WEEKLY,NQU5,2,DOUBLE_STOP,-118.0,10.0,1.0,10.0,0.0,0.0,0.0,FORMULA_TP_REGISTRY_STOP,LEGACY_STAGE3F,500,RESOLVED,SELL_TARGET,BUY,STOP,2025-08-10 22:00:00.515770463+00:00,STOP,TARGET,23759.5,23753.75,-199.0,391.0,192.0,23774.25,23753.75,23763.25,23764.75
2185,2025-08-11 09:30:00,2025-08-11T13:30:00+00:00,VALIDATED_SOURCE,NY,NQU5,2,DOUBLE_STOP,-118.0,16.0,1.0,16.0,0.0,0.0,0.0,DNA_TP_DNA_SP,TRADE_TOUCH,0,RESOLVED,DOUBLE_STOP,SELL,STOP,2025-08-11 13:30:00.021664129+00:00,STOP,STOP,23715.0,23716.5,-49.0,-49.0,-98.0,23732.0,23699.5,23715.0,23716.5
2185,2025-08-11 09:30:00,2025-08-11T13:30:00+00:00,VALIDATED_SOURCE,NY,NQU5,2,DOUBLE_STOP,-118.0,16.0,1.0,16.0,0.0,0.0,0.0,DNA_TP_DNA_SP,TRADE_TOUCH,1,RESOLVED,DOUBLE_STOP,SELL,STOP,2025-08-11 13:30:00.021664129+00:00,STOP,STOP,23715.0,23716.5,-49.0,-49.0,-98.0,23732.0,23699.5,23715.0,23716.5
2185,2025-08-11 09:30:00,2025-08-11T13:30:00+00:00,VALIDATED_SOURCE,NY,NQU5,2,DOUBLE_STOP,-118.0,16.0,1.0,16.0,0.0,0.0,0.0,DNA_TP_DNA_SP,TRADE_TOUCH,100,RESOLVED,DOUBLE_STOP,SELL,STOP,2025-08-11 13:30:00.105150567+00:00,STOP,STOP,23715.0,23716.5,-49.0,-49.0,-98.0,23732.0,23699.5,23715.0,23716.5
2185,2025-08-11 09:30:00,2025-08-11T13:30:00+00:00,VALIDATED_SOURCE,NY,NQU5,2,DOUBLE_STOP,-118.0,16.0,1.0,16.0,0.0,0.0,0.0,DNA_TP_DNA_SP,TRADE_TOUCH,500,RESOLVED,DOUBLE_STOP,SELL,STOP,2025-08-11 13:30:00.512672515+00:00,STOP,STOP,23715.0,23716.5,-49.0,-49.0,-98.0,23732.0,23699.5,23715.0,23716.5
2185,2025-08-11 09:30:00,2025-08-11T13:30:00+00:00,VALIDATED_SOURCE,NY,NQU5,2,DOUBLE_STOP,-118.0,16.0,1.0,16.0,0.0,0.0,0.0,DNA_TP_DNA_SP,MID_TOUCH,0,RESOLVED,DOUBLE_STOP,SELL,STOP,2025-08-11 13:30:00.023842883+00:00,STOP,STOP,23715.0,23716.5,-49.0,-49.0,-98.0,23732.0,23699.5,23715.0,23716.5
2185,2025-08-11 09:30:00,2025-08-11T13:30:00+00:00,VALIDATED_SOURCE,NY,NQU5,2,DOUBLE_STOP,-118.0,16.0,1.0,16.0,0.0,0.0,0.0,DNA_TP_DNA_SP,MID_TOUCH,1,RESOLVED,DOUBLE_STOP,SELL,STOP,2025-08-11 13:30:00.023842883+00:00,STOP,STOP,23715.0,23716.5,-49.0,-49.0,-98.0,23732.0,23699.5,23715.0,23716.5
2185,2025-08-11 09:30:00,2025-08-11T13:30:00+00:00,VALIDATED_SOURCE,NY,NQU5,2,DOUBLE_STOP,-118.0,16.0,1.0,16.0,0.0,0.0,0.0,DNA_TP_DNA_SP,MID_TOUCH,100,RESOLVED,DOUBLE_STOP,SELL,STOP,2025-08-11 13:30:00.105150567+00:00,STOP,STOP,23715.0,23716.5,-49.0,-49.0,-98.0,23732.0,23699.5,23715.0,23716.5
2185,2025-08-11 09:30:00,2025-08-11T13:30:00+00:00,VALIDATED_SOURCE,NY,NQU5,2,DOUBLE_STOP,-118.0,16.0,1.0,16.0,0.0,0.0,0.0,DNA_TP_DNA_SP,MID_TOUCH,500,RESOLVED,DOUBLE_STOP,SELL,STOP,2025-08-11 13:30:00.512672515+00:00,STOP,STOP,23715.0,23716.5,-49.0,-49.0,-98.0,23732.0,23699.5,23715.0,23716.5
2185,2025-08-11 09:30:00,2025-08-11T13:30:00+00:00,VALIDATED_SOURCE,NY,NQU5,2,DOUBLE_STOP,-118.0,16.0,1.0,16.0,0.0,0.0,0.0,DNA_TP_DNA_SP,BBO_EXECUTABLE,0,RESOLVED,DOUBLE_STOP,SELL,STOP,2025-08-11 13:30:00.000428373+00:00,STOP,STOP,23715.0,23716.5,-49.0,-49.0,-98.0,23732.0,23699.5,23715.0,23716.5
2185,2025-08-11 09:30:00,2025-08-11T13:30:00+00:00,VALIDATED_SOURCE,NY,NQU5,2,DOUBLE_STOP,-118.0,16.0,1.0,16.0,0.0,0.0,0.0,DNA_TP_DNA_SP,BBO_EXECUTABLE,1,RESOLVED,DOUBLE_STOP,SELL,STOP,2025-08-11 13:30:00.001148513+00:00,STOP,STOP,23715.0,23716.5,-49.0,-49.0,-98.0,23732.0,23699.5,23715.0,23716.5
2185,2025-08-11 09:30:00,2025-08-11T13:30:00+00:00,VALIDATED_SOURCE,NY,NQU5,2,DOUBLE_STOP,-118.0,16.0,1.0,16.0,0.0,0.0,0.0,DNA_TP_DNA_SP,BBO_EXECUTABLE,100,RESOLVED,DOUBLE_STOP,SELL,STOP,2025-08-11 13:30:00.105150567+00:00,STOP,STOP,23715.0,23716.75,-49.0,-59.0,-108.0,23732.0,23699.5,23715.0,23716.5
2185,2025-08-11 09:30:00,2025-08-11T13:30:00+00:00,VALIDATED_SOURCE,NY,NQU5,2,DOUBLE_STOP,-118.0,16.0,1.0,16.0,0.0,0.0,0.0,DNA_TP_DNA_SP,BBO_EXECUTABLE,500,RESOLVED,DOUBLE_STOP,SELL,STOP,2025-08-11 13:30:00.512672515+00:00,STOP,STOP,23715.0,23717.0,-49.0,-69.0,-118.0,23732.0,23699.5,23715.0,23716.5
2185,2025-08-11 09:30:00,2025-08-11T13:30:00+00:00,VALIDATED_SOURCE,NY,NQU5,2,DOUBLE_STOP,-118.0,16.0,1.0,16.0,0.0,0.0,0.0,DNA_TP_DNA_SP,LEGACY_STAGE3F,0,RESOLVED,DOUBLE_STOP,SELL,STOP,2025-08-11 13:30:00.000428373+00:00,STOP,STOP,23715.0,23716.5,-49.0,-49.0,-98.0,23732.0,23699.5,23715.0,23716.5
2185,2025-08-11 09:30:00,2025-08-11T13:30:00+00:00,VALIDATED_SOURCE,NY,NQU5,2,DOUBLE_STOP,-118.0,16.0,1.0,16.0,0.0,0.0,0.0,DNA_TP_DNA_SP,LEGACY_STAGE3F,1,RESOLVED,DOUBLE_STOP,SELL,STOP,2025-08-11 13:30:00.001148513+00:00,STOP,STOP,23715.0,23716.5,-49.0,-49.0,-98.0,23732.0,23699.5,23715.0,23716.5
2185,2025-08-11 09:30:00,2025-08-11T13:30:00+00:00,VALIDATED_SOURCE,NY,NQU5,2,DOUBLE_STOP,-118.0,16.0,1.0,16.0,0.0,0.0,0.0,DNA_TP_DNA_SP,LEGACY_STAGE3F,100,RESOLVED,DOUBLE_STOP,SELL,STOP,2025-08-11 13:30:00.105150567+00:00,STOP,STOP,23715.0,23716.75,-49.0,-59.0,-108.0,23732.0,23699.5,23715.0,23716.5
2185,2025-08-11 09:30:00,2025-08-11T13:30:00+00:00,VALIDATED_SOURCE,NY,NQU5,2,DOUBLE_STOP,-118.0,16.0,1.0,16.0,0.0,0.0,0.0,DNA_TP_DNA_SP,LEGACY_STAGE3F,500,RESOLVED,DOUBLE_STOP,SELL,STOP,2025-08-11 13:30:00.512672515+00:00,STOP,STOP,23715.0,23717.0,-49.0,-69.0,-118.0,23732.0,23699.5,23715.0,23716.5
2185,2025-08-11 09:30:00,2025-08-11T13:30:00+00:00,VALIDATED_SOURCE,NY,NQU5,2,DOUBLE_STOP,-118.0,16.0,1.0,16.0,0.0,0.0,0.0,DNA_TP_REGISTRY_STOP,TRADE_TOUCH,0,RESOLVED,DOUBLE_STOP,SELL,STOP,2025-08-11 13:30:00.021664129+00:00,STOP,STOP,23715.0,23716.5,-49.0,-49.0,-98.0,23732.0,23699.5,23715.0,23716.5
2185,2025-08-11 09:30:00,2025-08-11T13:30:00+00:00,VALIDATED_SOURCE,NY,NQU5,2,DOUBLE_STOP,-118.0,16.0,1.0,16.0,0.0,0.0,0.0,DNA_TP_REGISTRY_STOP,TRADE_TOUCH,1,RESOLVED,DOUBLE_STOP,SELL,STOP,2025-08-11 13:30:00.021664129+00:00,STOP,STOP,23715.0,23716.5,-49.0,-49.0,-98.0,23732.0,23699.5,23715.0,23716.5
2185,2025-08-11 09:30:00,2025-08-11T13:30:00+00:00,VALIDATED_SOURCE,NY,NQU5,2,DOUBLE_STOP,-118.0,16.0,1.0,16.0,0.0,0.0,0.0,DNA_TP_REGISTRY_STOP,TRADE_TOUCH,100,RESOLVED,DOUBLE_STOP,SELL,STOP,2025-08-11 13:30:00.105150567+00:00,STOP,STOP,23715.0,23716.5,-49.0,-49.0,-98.0,23732.0,23699.5,23715.0,23716.5
2185,2025-08-11 09:30:00,2025-08-11T13:30:00+00:00,VALIDATED_SOURCE,NY,NQU5,2,DOUBLE_STOP,-118.0,16.0,1.0,16.0,0.0,0.0,0.0,DNA_TP_REGISTRY_STOP,TRADE_TOUCH,500,RESOLVED,DOUBLE_STOP,SELL,STOP,2025-08-11 13:30:00.512672515+00:00,STOP,STOP,23715.0,23716.5,-49.0,-49.0,-98.0,23732.0,23699.5,23715.0,23716.5
2185,2025-08-11 09:30:00,2025-08-11T13:30:00+00:00,VALIDATED_SOURCE,NY,NQU5,2,DOUBLE_STOP,-118.0,16.0,1.0,16.0,0.0,0.0,0.0,DNA_TP_REGISTRY_STOP,MID_TOUCH,0,RESOLVED,DOUBLE_STOP,SELL,STOP,2025-08-11 13:30:00.023842883+00:00,STOP,STOP,23715.0,23716.5,-49.0,-49.0,-98.0,23732.0,23699.5,23715.0,23716.5
2185,2025-08-11 09:30:00,2025-08-11T13:30:00+00:00,VALIDATED_SOURCE,NY,NQU5,2,DOUBLE_STOP,-118.0,16.0,1.0,16.0,0.0,0.0,0.0,DNA_TP_REGISTRY_STOP,MID_TOUCH,1,RESOLVED,DOUBLE_STOP,SELL,STOP,2025-08-11 13:30:00.023842883+00:00,STOP,STOP,23715.0,23716.5,-49.0,-49.0,-98.0,23732.0,23699.5,23715.0,23716.5
2185,2025-08-11 09:30:00,2025-08-11T13:30:00+00:00,VALIDATED_SOURCE,NY,NQU5,2,DOUBLE_STOP,-118.0,16.0,1.0,16.0,0.0,0.0,0.0,DNA_TP_REGISTRY_STOP,MID_TOUCH,100,RESOLVED,DOUBLE_STOP,SELL,STOP,2025-08-11 13:30:00.105150567+00:00,STOP,STOP,23715.0,23716.5,-49.0,-49.0,-98.0,23732.0,23699.5,23715.0,23716.5
2185,2025-08-11 09:30:00,2025-08-11T13:30:00+00:00,VALIDATED_SOURCE,NY,NQU5,2,DOUBLE_STOP,-118.0,16.0,1.0,16.0,0.0,0.0,0.0,DNA_TP_REGISTRY_STOP,MID_TOUCH,500,RESOLVED,DOUBLE_STOP,SELL,STOP,2025-08-11 13:30:00.512672515+00:00,STOP,STOP,23715.0,23716.5,-49.0,-49.0,-98.0,23732.0,23699.5,23715.0,23716.5
2185,2025-08-11 09:30:00,2025-08-11T13:30:00+00:00,VALIDATED_SOURCE,NY,NQU5,2,DOUBLE_STOP,-118.0,16.0,1.0,16.0,0.0,0.0,0.0,DNA_TP_REGISTRY_STOP,BBO_EXECUTABLE,0,RESOLVED,DOUBLE_STOP,SELL,STOP,2025-08-11 13:30:00.000428373+00:00,STOP,STOP,23715.0,23716.5,-49.0,-49.0,-98.0,23732.0,23699.5,23715.0,23716.5
2185,2025-08-11 09:30:00,2025-08-11T13:30:00+00:00,VALIDATED_SOURCE,NY,NQU5,2,DOUBLE_STOP,-118.0,16.0,1.0,16.0,0.0,0.0,0.0,DNA_TP_REGISTRY_STOP,BBO_EXECUTABLE,1,RESOLVED,DOUBLE_STOP,SELL,STOP,2025-08-11 13:30:00.001148513+00:00,STOP,STOP,23715.0,23716.5,-49.0,-49.0,-98.0,23732.0,23699.5,23715.0,23716.5
2185,2025-08-11 09:30:00,2025-08-11T13:30:00+00:00,VALIDATED_SOURCE,NY,NQU5,2,DOUBLE_STOP,-118.0,16.0,1.0,16.0,0.0,0.0,0.0,DNA_TP_REGISTRY_STOP,BBO_EXECUTABLE,100,RESOLVED,DOUBLE_STOP,SELL,STOP,2025-08-11 13:30:00.105150567+00:00,STOP,STOP,23715.0,23716.75,-49.0,-59.0,-108.0,23732.0,23699.5,23715.0,23716.5
2185,2025-08-11 09:30:00,2025-08-11T13:30:00+00:00,VALIDATED_SOURCE,NY,NQU5,2,DOUBLE_STOP,-118.0,16.0,1.0,16.0,0.0,0.0,0.0,DNA_TP_REGISTRY_STOP,BBO_EXECUTABLE,500,RESOLVED,DOUBLE_STOP,SELL,STOP,2025-08-11 13:30:00.512672515+00:00,STOP,STOP,23715.0,23717.0,-49.0,-69.0,-118.0,23732.0,23699.5,23715.0,23716.5
2185,2025-08-11 09:30:00,2025-08-11T13:30:00+00:00,VALIDATED_SOURCE,NY,NQU5,2,DOUBLE_STOP,-118.0,16.0,1.0,16.0,0.0,0.0,0.0,DNA_TP_REGISTRY_STOP,LEGACY_STAGE3F,0,RESOLVED,DOUBLE_STOP,SELL,STOP,2025-08-11 13:30:00.000428373+00:00,STOP,STOP,23715.0,23716.5,-49.0,-49.0,-98.0,23732.0,23699.5,23715.0,23716.5
2185,2025-08-11 09:30:00,2025-08-11T13:30:00+00:00,VALIDATED_SOURCE,NY,NQU5,2,DOUBLE_STOP,-118.0,16.0,1.0,16.0,0.0,0.0,0.0,DNA_TP_REGISTRY_STOP,LEGACY_STAGE3F,1,RESOLVED,DOUBLE_STOP,SELL,STOP,2025-08-11 13:30:00.001148513+00:00,STOP,STOP,23715.0,23716.5,-49.0,-49.0,-98.0,23732.0,23699.5,23715.0,23716.5
2185,2025-08-11 09:30:00,2025-08-11T13:30:00+00:00,VALIDATED_SOURCE,NY,NQU5,2,DOUBLE_STOP,-118.0,16.0,1.0,16.0,0.0,0.0,0.0,DNA_TP_REGISTRY_STOP,LEGACY_STAGE3F,100,RESOLVED,DOUBLE_STOP,SELL,STOP,2025-08-11 13:30:00.105150567+00:00,STOP,STOP,23715.0,23716.75,-49.0,-59.0,-108.0,23732.0,23699.5,23715.0,23716.5
2185,2025-08-11 09:30:00,2025-08-11T13:30:00+00:00,VALIDATED_SOURCE,NY,NQU5,2,DOUBLE_STOP,-118.0,16.0,1.0,16.0,0.0,0.0,0.0,DNA_TP_REGISTRY_STOP,LEGACY_STAGE3F,500,RESOLVED,DOUBLE_STOP,SELL,STOP,2025-08-11 13:30:00.512672515+00:00,STOP,STOP,23715.0,23717.0,-49.0,-69.0,-118.0,23732.0,23699.5,23715.0,23716.5
2185,2025-08-11 09:30:00,2025-08-11T13:30:00+00:00,VALIDATED_SOURCE,NY,NQU5,2,DOUBLE_STOP,-118.0,16.0,1.0,16.0,0.0,0.0,0.0,FORMULA_TP_REGISTRY_STOP,TRADE_TOUCH,0,RESOLVED,DOUBLE_STOP,SELL,STOP,2025-08-11 13:30:00.021664129+00:00,STOP,STOP,23715.0,23716.5,-49.0,-49.0,-98.0,23732.0,23699.5,23715.0,23716.5
2185,2025-08-11 09:30:00,2025-08-11T13:30:00+00:00,VALIDATED_SOURCE,NY,NQU5,2,DOUBLE_STOP,-118.0,16.0,1.0,16.0,0.0,0.0,0.0,FORMULA_TP_REGISTRY_STOP,TRADE_TOUCH,1,RESOLVED,DOUBLE_STOP,SELL,STOP,2025-08-11 13:30:00.021664129+00:00,STOP,STOP,23715.0,23716.5,-49.0,-49.0,-98.0,23732.0,23699.5,23715.0,23716.5
2185,2025-08-11 09:30:00,2025-08-11T13:30:00+00:00,VALIDATED_SOURCE,NY,NQU5,2,DOUBLE_STOP,-118.0,16.0,1.0,16.0,0.0,0.0,0.0,FORMULA_TP_REGISTRY_STOP,TRADE_TOUCH,100,RESOLVED,DOUBLE_STOP,SELL,STOP,2025-08-11 13:30:00.105150567+00:00,STOP,STOP,23715.0,23716.5,-49.0,-49.0,-98.0,23732.0,23699.5,23715.0,23716.5
2185,2025-08-11 09:30:00,2025-08-11T13:30:00+00:00,VALIDATED_SOURCE,NY,NQU5,2,DOUBLE_STOP,-118.0,16.0,1.0,16.0,0.0,0.0,0.0,FORMULA_TP_REGISTRY_STOP,TRADE_TOUCH,500,RESOLVED,DOUBLE_STOP,SELL,STOP,2025-08-11 13:30:00.512672515+00:00,STOP,STOP,23715.0,23716.5,-49.0,-49.0,-98.0,23732.0,23699.5,23715.0,23716.5
2185,2025-08-11 09:30:00,2025-08-11T13:30:00+00:00,VALIDATED_SOURCE,NY,NQU5,2,DOUBLE_STOP,-118.0,16.0,1.0,16.0,0.0,0.0,0.0,FORMULA_TP_REGISTRY_STOP,MID_TOUCH,0,RESOLVED,DOUBLE_STOP,SELL,STOP,2025-08-11 13:30:00.023842883+00:00,STOP,STOP,23715.0,23716.5,-49.0,-49.0,-98.0,23732.0,23699.5,23715.0,23716.5
2185,2025-08-11 09:30:00,2025-08-11T13:30:00+00:00,VALIDATED_SOURCE,NY,NQU5,2,DOUBLE_STOP,-118.0,16.0,1.0,16.0,0.0,0.0,0.0,FORMULA_TP_REGISTRY_STOP,MID_TOUCH,1,RESOLVED,DOUBLE_STOP,SELL,STOP,2025-08-11 13:30:00.023842883+00:00,STOP,STOP,23715.0,23716.5,-49.0,-49.0,-98.0,23732.0,23699.5,23715.0,23716.5
2185,2025-08-11 09:30:00,2025-08-11T13:30:00+00:00,VALIDATED_SOURCE,NY,NQU5,2,DOUBLE_STOP,-118.0,16.0,1.0,16.0,0.0,0.0,0.0,FORMULA_TP_REGISTRY_STOP,MID_TOUCH,100,RESOLVED,DOUBLE_STOP,SELL,STOP,2025-08-11 13:30:00.105150567+00:00,STOP,STOP,23715.0,23716.5,-49.0,-49.0,-98.0,23732.0,23699.5,23715.0,23716.5
2185,2025-08-11 09:30:00,2025-08-11T13:30:00+00:00,VALIDATED_SOURCE,NY,NQU5,2,DOUBLE_STOP,-118.0,16.0,1.0,16.0,0.0,0.0,0.0,FORMULA_TP_REGISTRY_STOP,MID_TOUCH,500,RESOLVED,DOUBLE_STOP,SELL,STOP,2025-08-11 13:30:00.512672515+00:00,STOP,STOP,23715.0,23716.5,-49.0,-49.0,-98.0,23732.0,23699.5,23715.0,23716.5
2185,2025-08-11 09:30:00,2025-08-11T13:30:00+00:00,VALIDATED_SOURCE,NY,NQU5,2,DOUBLE_STOP,-118.0,16.0,1.0,16.0,0.0,0.0,0.0,FORMULA_TP_REGISTRY_STOP,BBO_EXECUTABLE,0,RESOLVED,DOUBLE_STOP,SELL,STOP,2025-08-11 13:30:00.000428373+00:00,STOP,STOP,23715.0,23716.5,-49.0,-49.0,-98.0,23732.0,23699.5,23715.0,23716.5
2185,2025-08-11 09:30:00,2025-08-11T13:30:00+00:00,VALIDATED_SOURCE,NY,NQU5,2,DOUBLE_STOP,-118.0,16.0,1.0,16.0,0.0,0.0,0.0,FORMULA_TP_REGISTRY_STOP,BBO_EXECUTABLE,1,RESOLVED,DOUBLE_STOP,SELL,STOP,2025-08-11 13:30:00.001148513+00:00,STOP,STOP,23715.0,23716.5,-49.0,-49.0,-98.0,23732.0,23699.5,23715.0,23716.5
2185,2025-08-11 09:30:00,2025-08-11T13:30:00+00:00,VALIDATED_SOURCE,NY,NQU5,2,DOUBLE_STOP,-118.0,16.0,1.0,16.0,0.0,0.0,0.0,FORMULA_TP_REGISTRY_STOP,BBO_EXECUTABLE,100,RESOLVED,DOUBLE_STOP,SELL,STOP,2025-08-11 13:30:00.105150567+00:00,STOP,STOP,23715.0,23716.75,-49.0,-59.0,-108.0,23732.0,23699.5,23715.0,23716.5
2185,2025-08-11 09:30:00,2025-08-11T13:30:00+00:00,VALIDATED_SOURCE,NY,NQU5,2,DOUBLE_STOP,-118.0,16.0,1.0,16.0,0.0,0.0,0.0,FORMULA_TP_REGISTRY_STOP,BBO_EXECUTABLE,500,RESOLVED,DOUBLE_STOP,SELL,STOP,2025-08-11 13:30:00.512672515+00:00,STOP,STOP,23715.0,23717.0,-49.0,-69.0,-118.0,23732.0,23699.5,23715.0,23716.5
2185,2025-08-11 09:30:00,2025-08-11T13:30:00+00:00,VALIDATED_SOURCE,NY,NQU5,2,DOUBLE_STOP,-118.0,16.0,1.0,16.0,0.0,0.0,0.0,FORMULA_TP_REGISTRY_STOP,LEGACY_STAGE3F,0,RESOLVED,DOUBLE_STOP,SELL,STOP,2025-08-11 13:30:00.000428373+00:00,STOP,STOP,23715.0,23716.5,-49.0,-49.0,-98.0,23732.0,23699.5,23715.0,23716.5
2185,2025-08-11 09:30:00,2025-08-11T13:30:00+00:00,VALIDATED_SOURCE,NY,NQU5,2,DOUBLE_STOP,-118.0,16.0,1.0,16.0,0.0,0.0,0.0,FORMULA_TP_REGISTRY_STOP,LEGACY_STAGE3F,1,RESOLVED,DOUBLE_STOP,SELL,STOP,2025-08-11 13:30:00.001148513+00:00,STOP,STOP,23715.0,23716.5,-49.0,-49.0,-98.0,23732.0,23699.5,23715.0,23716.5
2185,2025-08-11 09:30:00,2025-08-11T13:30:00+00:00,VALIDATED_SOURCE,NY,NQU5,2,DOUBLE_STOP,-118.0,16.0,1.0,16.0,0.0,0.0,0.0,FORMULA_TP_REGISTRY_STOP,LEGACY_STAGE3F,100,RESOLVED,DOUBLE_STOP,SELL,STOP,2025-08-11 13:30:00.105150567+00:00,STOP,STOP,23715.0,23716.75,-49.0,-59.0,-108.0,23732.0,23699.5,23715.0,23716.5
2185,2025-08-11 09:30:00,2025-08-11T13:30:00+00:00,VALIDATED_SOURCE,NY,NQU5,2,DOUBLE_STOP,-118.0,16.0,1.0,16.0,0.0,0.0,0.0,FORMULA_TP_REGISTRY_STOP,LEGACY_STAGE3F,500,RESOLVED,DOUBLE_STOP,SELL,STOP,2025-08-11 13:30:00.512672515+00:00,STOP,STOP,23715.0,23717.0,-49.0,-69.0,-118.0,23732.0,23699.5,23715.0,23716.5
2186,2025-08-12 09:30:00,2025-08-12T13:30:00+00:00,VALIDATED_SOURCE,NY,NQU5,2,SELL_TARGET,572.0,16.0,1.0,16.0,0.0,0.0,0.0,DNA_TP_DNA_SP,TRADE_TOUCH,0,RESOLVED,DOUBLE_STOP,SELL,STOP,2025-08-12 13:30:00.002884207+00:00,STOP,STOP,23732.25,23733.75,-49.0,-49.0,-98.0,23749.25,23716.75,23732.25,23733.75
2186,2025-08-12 09:30:00,2025-08-12T13:30:00+00:00,VALIDATED_SOURCE,NY,NQU5,2,SELL_TARGET,572.0,16.0,1.0,16.0,0.0,0.0,0.0,DNA_TP_DNA_SP,TRADE_TOUCH,1,RESOLVED,DOUBLE_STOP,SELL,STOP,2025-08-12 13:30:00.002884207+00:00,STOP,STOP,23732.25,23733.75,-49.0,-49.0,-98.0,23749.25,23716.75,23732.25,23733.75
2186,2025-08-12 09:30:00,2025-08-12T13:30:00+00:00,VALIDATED_SOURCE,NY,NQU5,2,SELL_TARGET,572.0,16.0,1.0,16.0,0.0,0.0,0.0,DNA_TP_DNA_SP,TRADE_TOUCH,100,RESOLVED,DOUBLE_STOP,SELL,STOP,2025-08-12 13:30:00.127699567+00:00,STOP,STOP,23732.25,23733.75,-49.0,-49.0,-98.0,23749.25,23716.75,23732.25,23733.75
2186,2025-08-12 09:30:00,2025-08-12T13:30:00+00:00,VALIDATED_SOURCE,NY,NQU5,2,SELL_TARGET,572.0,16.0,1.0,16.0,0.0,0.0,0.0,DNA_TP_DNA_SP,TRADE_TOUCH,500,RESOLVED,DOUBLE_STOP,BUY,STOP,2025-08-12 13:30:00.501269457+00:00,STOP,STOP,23732.25,23733.75,-49.0,-49.0,-98.0,23749.25,23716.75,23732.25,23733.75
2186,2025-08-12 09:30:00,2025-08-12T13:30:00+00:00,VALIDATED_SOURCE,NY,NQU5,2,SELL_TARGET,572.0,16.0,1.0,16.0,0.0,0.0,0.0,DNA_TP_DNA_SP,MID_TOUCH,0,RESOLVED,DOUBLE_STOP,BUY,STOP,2025-08-12 13:30:00.009216151+00:00,STOP,STOP,23732.25,23733.75,-49.0,-49.0,-98.0,23749.25,23716.75,23732.25,23733.75
2186,2025-08-12 09:30:00,2025-08-12T13:30:00+00:00,VALIDATED_SOURCE,NY,NQU5,2,SELL_TARGET,572.0,16.0,1.0,16.0,0.0,0.0,0.0,DNA_TP_DNA_SP,MID_TOUCH,1,RESOLVED,DOUBLE_STOP,BUY,STOP,2025-08-12 13:30:00.009216151+00:00,STOP,STOP,23732.25,23733.75,-49.0,-49.0,-98.0,23749.25,23716.75,23732.25,23733.75
2186,2025-08-12 09:30:00,2025-08-12T13:30:00+00:00,VALIDATED_SOURCE,NY,NQU5,2,SELL_TARGET,572.0,16.0,1.0,16.0,0.0,0.0,0.0,DNA_TP_DNA_SP,MID_TOUCH,100,RESOLVED,DOUBLE_STOP,SELL,STOP,2025-08-12 13:30:00.137415729+00:00,STOP,STOP,23732.25,23733.75,-49.0,-49.0,-98.0,23749.25,23716.75,23732.25,23733.75
2186,2025-08-12 09:30:00,2025-08-12T13:30:00+00:00,VALIDATED_SOURCE,NY,NQU5,2,SELL_TARGET,572.0,16.0,1.0,16.0,0.0,0.0,0.0,DNA_TP_DNA_SP,MID_TOUCH,500,RESOLVED,DOUBLE_STOP,BUY,STOP,2025-08-12 13:30:00.501269457+00:00,STOP,STOP,23732.25,23733.75,-49.0,-49.0,-98.0,23749.25,23716.75,23732.25,23733.75
2186,2025-08-12 09:30:00,2025-08-12T13:30:00+00:00,VALIDATED_SOURCE,NY,NQU5,2,SELL_TARGET,572.0,16.0,1.0,16.0,0.0,0.0,0.0,DNA_TP_DNA_SP,BBO_EXECUTABLE,0,RESOLVED,DOUBLE_STOP,BUY,STOP,2025-08-12 13:30:00.001428925+00:00,STOP,STOP,23732.25,23733.75,-49.0,-49.0,-98.0,23749.25,23716.75,23732.25,23733.75
2186,2025-08-12 09:30:00,2025-08-12T13:30:00+00:00,VALIDATED_SOURCE,NY,NQU5,2,SELL_TARGET,572.0,16.0,1.0,16.0,0.0,0.0,0.0,DNA_TP_DNA_SP,BBO_EXECUTABLE,1,RESOLVED,DOUBLE_STOP,BUY,STOP,2025-08-12 13:30:00.001428925+00:00,STOP,STOP,23732.25,23733.75,-49.0,-49.0,-98.0,23749.25,23716.75,23732.25,23733.75
2186,2025-08-12 09:30:00,2025-08-12T13:30:00+00:00,VALIDATED_SOURCE,NY,NQU5,2,SELL_TARGET,572.0,16.0,1.0,16.0,0.0,0.0,0.0,DNA_TP_DNA_SP,BBO_EXECUTABLE,100,RESOLVED,DOUBLE_STOP,BUY,STOP,2025-08-12 13:30:00.114805719+00:00,STOP,STOP,23732.25,23733.75,-49.0,-49.0,-98.0,23749.25,23716.75,23732.25,23733.75
2186,2025-08-12 09:30:00,2025-08-12T13:30:00+00:00,VALIDATED_SOURCE,NY,NQU5,2,SELL_TARGET,572.0,16.0,1.0,16.0,0.0,0.0,0.0,DNA_TP_DNA_SP,BBO_EXECUTABLE,500,RESOLVED,DOUBLE_STOP,BUY,STOP,2025-08-12 13:30:00.501269457+00:00,STOP,STOP,23729.75,23733.75,-149.0,-49.0,-198.0,23749.25,23716.75,23732.25,23733.75
2186,2025-08-12 09:30:00,2025-08-12T13:30:00+00:00,VALIDATED_SOURCE,NY,NQU5,2,SELL_TARGET,572.0,16.0,1.0,16.0,0.0,0.0,0.0,DNA_TP_DNA_SP,LEGACY_STAGE3F,0,RESOLVED,DOUBLE_STOP,BUY,STOP,2025-08-12 13:30:00.001428925+00:00,STOP,STOP,23732.25,23733.75,-49.0,-49.0,-98.0,23749.25,23716.75,23732.25,23733.75
2186,2025-08-12 09:30:00,2025-08-12T13:30:00+00:00,VALIDATED_SOURCE,NY,NQU5,2,SELL_TARGET,572.0,16.0,1.0,16.0,0.0,0.0,0.0,DNA_TP_DNA_SP,LEGACY_STAGE3F,1,RESOLVED,DOUBLE_STOP,BUY,STOP,2025-08-12 13:30:00.001428925+00:00,STOP,STOP,23732.25,23733.75,-49.0,-49.0,-98.0,23749.25,23716.75,23732.25,23733.75
2186,2025-08-12 09:30:00,2025-08-12T13:30:00+00:00,VALIDATED_SOURCE,NY,NQU5,2,SELL_TARGET,572.0,16.0,1.0,16.0,0.0,0.0,0.0,DNA_TP_DNA_SP,LEGACY_STAGE3F,100,RESOLVED,DOUBLE_STOP,BUY,STOP,2025-08-12 13:30:00.114805719+00:00,STOP,STOP,23732.25,23733.75,-49.0,-49.0,-98.0,23749.25,23716.75,23732.25,23733.75
2186,2025-08-12 09:30:00,2025-08-12T13:30:00+00:00,VALIDATED_SOURCE,NY,NQU5,2,SELL_TARGET,572.0,16.0,1.0,16.0,0.0,0.0,0.0,DNA_TP_DNA_SP,LEGACY_STAGE3F,500,RESOLVED,DOUBLE_STOP,BUY,STOP,2025-08-12 13:30:00.501269457+00:00,STOP,STOP,23729.75,23733.75,-149.0,-49.0,-198.0,23749.25,23716.75,23732.25,23733.75
2186,2025-08-12 09:30:00,2025-08-12T13:30:00+00:00,VALIDATED_SOURCE,NY,NQU5,2,SELL_TARGET,572.0,16.0,1.0,16.0,0.0,0.0,0.0,DNA_TP_REGISTRY_STOP,TRADE_TOUCH,0,RESOLVED,DOUBLE_STOP,SELL,STOP,2025-08-12 13:30:00.002884207+00:00,STOP,STOP,23732.25,23733.75,-49.0,-49.0,-98.0,23749.25,23716.75,23732.25,23733.75
2186,2025-08-12 09:30:00,2025-08-12T13:30:00+00:00,VALIDATED_SOURCE,NY,NQU5,2,SELL_TARGET,572.0,16.0,1.0,16.0,0.0,0.0,0.0,DNA_TP_REGISTRY_STOP,TRADE_TOUCH,1,RESOLVED,DOUBLE_STOP,SELL,STOP,2025-08-12 13:30:00.002884207+00:00,STOP,STOP,23732.25,23733.75,-49.0,-49.0,-98.0,23749.25,23716.75,23732.25,23733.75
2186,2025-08-12 09:30:00,2025-08-12T13:30:00+00:00,VALIDATED_SOURCE,NY,NQU5,2,SELL_TARGET,572.0,16.0,1.0,16.0,0.0,0.0,0.0,DNA_TP_REGISTRY_STOP,TRADE_TOUCH,100,RESOLVED,DOUBLE_STOP,SELL,STOP,2025-08-12 13:30:00.127699567+00:00,STOP,STOP,23732.25,23733.75,-49.0,-49.0,-98.0,23749.25,23716.75,23732.25,23733.75
2186,2025-08-12 09:30:00,2025-08-12T13:30:00+00:00,VALIDATED_SOURCE,NY,NQU5,2,SELL_TARGET,572.0,16.0,1.0,16.0,0.0,0.0,0.0,DNA_TP_REGISTRY_STOP,TRADE_TOUCH,500,RESOLVED,DOUBLE_STOP,BUY,STOP,2025-08-12 13:30:00.501269457+00:00,STOP,STOP,23732.25,23733.75,-49.0,-49.0,-98.0,23749.25,23716.75,23732.25,23733.75
2186,2025-08-12 09:30:00,2025-08-12T13:30:00+00:00,VALIDATED_SOURCE,NY,NQU5,2,SELL_TARGET,572.0,16.0,1.0,16.0,0.0,0.0,0.0,DNA_TP_REGISTRY_STOP,MID_TOUCH,0,RESOLVED,DOUBLE_STOP,BUY,STOP,2025-08-12 13:30:00.009216151+00:00,STOP,STOP,23732.25,23733.75,-49.0,-49.0,-98.0,23749.25,23716.75,23732.25,23733.75
2186,2025-08-12 09:30:00,2025-08-12T13:30:00+00:00,VALIDATED_SOURCE,NY,NQU5,2,SELL_TARGET,572.0,16.0,1.0,16.0,0.0,0.0,0.0,DNA_TP_REGISTRY_STOP,MID_TOUCH,1,RESOLVED,DOUBLE_STOP,BUY,STOP,2025-08-12 13:30:00.009216151+00:00,STOP,STOP,23732.25,23733.75,-49.0,-49.0,-98.0,23749.25,23716.75,23732.25,23733.75
2186,2025-08-12 09:30:00,2025-08-12T13:30:00+00:00,VALIDATED_SOURCE,NY,NQU5,2,SELL_TARGET,572.0,16.0,1.0,16.0,0.0,0.0,0.0,DNA_TP_REGISTRY_STOP,MID_TOUCH,100,RESOLVED,DOUBLE_STOP,SELL,STOP,2025-08-12 13:30:00.137415729+00:00,STOP,STOP,23732.25,23733.75,-49.0,-49.0,-98.0,23749.25,23716.75,23732.25,23733.75
2186,2025-08-12 09:30:00,2025-08-12T13:30:00+00:00,VALIDATED_SOURCE,NY,NQU5,2,SELL_TARGET,572.0,16.0,1.0,16.0,0.0,0.0,0.0,DNA_TP_REGISTRY_STOP,MID_TOUCH,500,RESOLVED,DOUBLE_STOP,BUY,STOP,2025-08-12 13:30:00.501269457+00:00,STOP,STOP,23732.25,23733.75,-49.0,-49.0,-98.0,23749.25,23716.75,23732.25,23733.75
2186,2025-08-12 09:30:00,2025-08-12T13:30:00+00:00,VALIDATED_SOURCE,NY,NQU5,2,SELL_TARGET,572.0,16.0,1.0,16.0,0.0,0.0,0.0,DNA_TP_REGISTRY_STOP,BBO_EXECUTABLE,0,RESOLVED,DOUBLE_STOP,BUY,STOP,2025-08-12 13:30:00.001428925+00:00,STOP,STOP,23732.25,23733.75,-49.0,-49.0,-98.0,23749.25,23716.75,23732.25,23733.75
2186,2025-08-12 09:30:00,2025-08-12T13:30:00+00:00,VALIDATED_SOURCE,NY,NQU5,2,SELL_TARGET,572.0,16.0,1.0,16.0,0.0,0.0,0.0,DNA_TP_REGISTRY_STOP,BBO_EXECUTABLE,1,RESOLVED,DOUBLE_STOP,BUY,STOP,2025-08-12 13:30:00.001428925+00:00,STOP,STOP,23732.25,23733.75,-49.0,-49.0,-98.0,23749.25,23716.75,23732.25,23733.75
2186,2025-08-12 09:30:00,2025-08-12T13:30:00+00:00,VALIDATED_SOURCE,NY,NQU5,2,SELL_TARGET,572.0,16.0,1.0,16.0,0.0,0.0,0.0,DNA_TP_REGISTRY_STOP,BBO_EXECUTABLE,100,RESOLVED,DOUBLE_STOP,BUY,STOP,2025-08-12 13:30:00.114805719+00:00,STOP,STOP,23732.25,23733.75,-49.0,-49.0,-98.0,23749.25,23716.75,23732.25,23733.75
2186,2025-08-12 09:30:00,2025-08-12T13:30:00+00:00,VALIDATED_SOURCE,NY,NQU5,2,SELL_TARGET,572.0,16.0,1.0,16.0,0.0,0.0,0.0,DNA_TP_REGISTRY_STOP,BBO_EXECUTABLE,500,RESOLVED,DOUBLE_STOP,BUY,STOP,2025-08-12 13:30:00.501269457+00:00,STOP,STOP,23729.75,23733.75,-149.0,-49.0,-198.0,23749.25,23716.75,23732.25,23733.75
2186,2025-08-12 09:30:00,2025-08-12T13:30:00+00:00,VALIDATED_SOURCE,NY,NQU5,2,SELL_TARGET,572.0,16.0,1.0,16.0,0.0,0.0,0.0,DNA_TP_REGISTRY_STOP,LEGACY_STAGE3F,0,RESOLVED,DOUBLE_STOP,BUY,STOP,2025-08-12 13:30:00.001428925+00:00,STOP,STOP,23732.25,23733.75,-49.0,-49.0,-98.0,23749.25,23716.75,23732.25,23733.75
2186,2025-08-12 09:30:00,2025-08-12T13:30:00+00:00,VALIDATED_SOURCE,NY,NQU5,2,SELL_TARGET,572.0,16.0,1.0,16.0,0.0,0.0,0.0,DNA_TP_REGISTRY_STOP,LEGACY_STAGE3F,1,RESOLVED,DOUBLE_STOP,BUY,STOP,2025-08-12 13:30:00.001428925+00:00,STOP,STOP,23732.25,23733.75,-49.0,-49.0,-98.0,23749.25,23716.75,23732.25,23733.75
2186,2025-08-12 09:30:00,2025-08-12T13:30:00+00:00,VALIDATED_SOURCE,NY,NQU5,2,SELL_TARGET,572.0,16.0,1.0,16.0,0.0,0.0,0.0,DNA_TP_REGISTRY_STOP,LEGACY_STAGE3F,100,RESOLVED,DOUBLE_STOP,BUY,STOP,2025-08-12 13:30:00.114805719+00:00,STOP,STOP,23732.25,23733.75,-49.0,-49.0,-98.0,23749.25,23716.75,23732.25,23733.75
2186,2025-08-12 09:30:00,2025-08-12T13:30:00+00:00,VALIDATED_SOURCE,NY,NQU5,2,SELL_TARGET,572.0,16.0,1.0,16.0,0.0,0.0,0.0,DNA_TP_REGISTRY_STOP,LEGACY_STAGE3F,500,RESOLVED,DOUBLE_STOP,BUY,STOP,2025-08-12 13:30:00.501269457+00:00,STOP,STOP,23729.75,23733.75,-149.0,-49.0,-198.0,23749.25,23716.75,23732.25,23733.75
2186,2025-08-12 09:30:00,2025-08-12T13:30:00+00:00,VALIDATED_SOURCE,NY,NQU5,2,SELL_TARGET,572.0,16.0,1.0,16.0,0.0,0.0,0.0,FORMULA_TP_REGISTRY_STOP,TRADE_TOUCH,0,RESOLVED,DOUBLE_STOP,SELL,STOP,2025-08-12 13:30:00.002884207+00:00,STOP,STOP,23732.25,23733.75,-49.0,-49.0,-98.0,23749.25,23716.75,23732.25,23733.75
2186,2025-08-12 09:30:00,2025-08-12T13:30:00+00:00,VALIDATED_SOURCE,NY,NQU5,2,SELL_TARGET,572.0,16.0,1.0,16.0,0.0,0.0,0.0,FORMULA_TP_REGISTRY_STOP,TRADE_TOUCH,1,RESOLVED,DOUBLE_STOP,SELL,STOP,2025-08-12 13:30:00.002884207+00:00,STOP,STOP,23732.25,23733.75,-49.0,-49.0,-98.0,23749.25,23716.75,23732.25,23733.75
2186,2025-08-12 09:30:00,2025-08-12T13:30:00+00:00,VALIDATED_SOURCE,NY,NQU5,2,SELL_TARGET,572.0,16.0,1.0,16.0,0.0,0.0,0.0,FORMULA_TP_REGISTRY_STOP,TRADE_TOUCH,100,RESOLVED,DOUBLE_STOP,SELL,STOP,2025-08-12 13:30:00.127699567+00:00,STOP,STOP,23732.25,23733.75,-49.0,-49.0,-98.0,23749.25,23716.75,23732.25,23733.75
2186,2025-08-12 09:30:00,2025-08-12T13:30:00+00:00,VALIDATED_SOURCE,NY,NQU5,2,SELL_TARGET,572.0,16.0,1.0,16.0,0.0,0.0,0.0,FORMULA_TP_REGISTRY_STOP,TRADE_TOUCH,500,RESOLVED,DOUBLE_STOP,BUY,STOP,2025-08-12 13:30:00.501269457+00:00,STOP,STOP,23732.25,23733.75,-49.0,-49.0,-98.0,23749.25,23716.75,23732.25,23733.75
2186,2025-08-12 09:30:00,2025-08-12T13:30:00+00:00,VALIDATED_SOURCE,NY,NQU5,2,SELL_TARGET,572.0,16.0,1.0,16.0,0.0,0.0,0.0,FORMULA_TP_REGISTRY_STOP,MID_TOUCH,0,RESOLVED,DOUBLE_STOP,BUY,STOP,2025-08-12 13:30:00.009216151+00:00,STOP,STOP,23732.25,23733.75,-49.0,-49.0,-98.0,23749.25,23716.75,23732.25,23733.75
2186,2025-08-12 09:30:00,2025-08-12T13:30:00+00:00,VALIDATED_SOURCE,NY,NQU5,2,SELL_TARGET,572.0,16.0,1.0,16.0,0.0,0.0,0.0,FORMULA_TP_REGISTRY_STOP,MID_TOUCH,1,RESOLVED,DOUBLE_STOP,BUY,STOP,2025-08-12 13:30:00.009216151+00:00,STOP,STOP,23732.25,23733.75,-49.0,-49.0,-98.0,23749.25,23716.75,23732.25,23733.75
2186,2025-08-12 09:30:00,2025-08-12T13:30:00+00:00,VALIDATED_SOURCE,NY,NQU5,2,SELL_TARGET,572.0,16.0,1.0,16.0,0.0,0.0,0.0,FORMULA_TP_REGISTRY_STOP,MID_TOUCH,100,RESOLVED,DOUBLE_STOP,SELL,STOP,2025-08-12 13:30:00.137415729+00:00,STOP,STOP,23732.25,23733.75,-49.0,-49.0,-98.0,23749.25,23716.75,23732.25,23733.75
2186,2025-08-12 09:30:00,2025-08-12T13:30:00+00:00,VALIDATED_SOURCE,NY,NQU5,2,SELL_TARGET,572.0,16.0,1.0,16.0,0.0,0.0,0.0,FORMULA_TP_REGISTRY_STOP,MID_TOUCH,500,RESOLVED,DOUBLE_STOP,BUY,STOP,2025-08-12 13:30:00.501269457+00:00,STOP,STOP,23732.25,23733.75,-49.0,-49.0,-98.0,23749.25,23716.75,23732.25,23733.75
2186,2025-08-12 09:30:00,2025-08-12T13:30:00+00:00,VALIDATED_SOURCE,NY,NQU5,2,SELL_TARGET,572.0,16.0,1.0,16.0,0.0,0.0,0.0,FORMULA_TP_REGISTRY_STOP,BBO_EXECUTABLE,0,RESOLVED,DOUBLE_STOP,BUY,STOP,2025-08-12 13:30:00.001428925+00:00,STOP,STOP,23732.25,23733.75,-49.0,-49.0,-98.0,23749.25,23716.75,23732.25,23733.75
2186,2025-08-12 09:30:00,2025-08-12T13:30:00+00:00,VALIDATED_SOURCE,NY,NQU5,2,SELL_TARGET,572.0,16.0,1.0,16.0,0.0,0.0,0.0,FORMULA_TP_REGISTRY_STOP,BBO_EXECUTABLE,1,RESOLVED,DOUBLE_STOP,BUY,STOP,2025-08-12 13:30:00.001428925+00:00,STOP,STOP,23732.25,23733.75,-49.0,-49.0,-98.0,23749.25,23716.75,23732.25,23733.75
2186,2025-08-12 09:30:00,2025-08-12T13:30:00+00:00,VALIDATED_SOURCE,NY,NQU5,2,SELL_TARGET,572.0,16.0,1.0,16.0,0.0,0.0,0.0,FORMULA_TP_REGISTRY_STOP,BBO_EXECUTABLE,100,RESOLVED,DOUBLE_STOP,BUY,STOP,2025-08-12 13:30:00.114805719+00:00,STOP,STOP,23732.25,23733.75,-49.0,-49.0,-98.0,23749.25,23716.75,23732.25,23733.75
2186,2025-08-12 09:30:00,2025-08-12T13:30:00+00:00,VALIDATED_SOURCE,NY,NQU5,2,SELL_TARGET,572.0,16.0,1.0,16.0,0.0,0.0,0.0,FORMULA_TP_REGISTRY_STOP,BBO_EXECUTABLE,500,RESOLVED,DOUBLE_STOP,BUY,STOP,2025-08-12 13:30:00.501269457+00:00,STOP,STOP,23729.75,23733.75,-149.0,-49.0,-198.0,23749.25,23716.75,23732.25,23733.75
2186,2025-08-12 09:30:00,2025-08-12T13:30:00+00:00,VALIDATED_SOURCE,NY,NQU5,2,SELL_TARGET,572.0,16.0,1.0,16.0,0.0,0.0,0.0,FORMULA_TP_REGISTRY_STOP,LEGACY_STAGE3F,0,RESOLVED,DOUBLE_STOP,BUY,STOP,2025-08-12 13:30:00.001428925+00:00,STOP,STOP,23732.25,23733.75,-49.0,-49.0,-98.0,23749.25,23716.75,23732.25,23733.75
2186,2025-08-12 09:30:00,2025-08-12T13:30:00+00:00,VALIDATED_SOURCE,NY,NQU5,2,SELL_TARGET,572.0,16.0,1.0,16.0,0.0,0.0,0.0,FORMULA_TP_REGISTRY_STOP,LEGACY_STAGE3F,1,RESOLVED,DOUBLE_STOP,BUY,STOP,2025-08-12 13:30:00.001428925+00:00,STOP,STOP,23732.25,23733.75,-49.0,-49.0,-98.0,23749.25,23716.75,23732.25,23733.75
2186,2025-08-12 09:30:00,2025-08-12T13:30:00+00:00,VALIDATED_SOURCE,NY,NQU5,2,SELL_TARGET,572.0,16.0,1.0,16.0,0.0,0.0,0.0,FORMULA_TP_REGISTRY_STOP,LEGACY_STAGE3F,100,RESOLVED,DOUBLE_STOP,BUY,STOP,2025-08-12 13:30:00.114805719+00:00,STOP,STOP,23732.25,23733.75,-49.0,-49.0,-98.0,23749.25,23716.75,23732.25,23733.75
2186,2025-08-12 09:30:00,2025-08-12T13:30:00+00:00,VALIDATED_SOURCE,NY,NQU5,2,SELL_TARGET,572.0,16.0,1.0,16.0,0.0,0.0,0.0,FORMULA_TP_REGISTRY_STOP,LEGACY_STAGE3F,500,RESOLVED,DOUBLE_STOP,BUY,STOP,2025-08-12 13:30:00.501269457+00:00,STOP,STOP,23729.75,23733.75,-149.0,-49.0,-198.0,23749.25,23716.75,23732.25,23733.75
2187,2025-08-12 18:00:00,2025-08-12T22:00:00+00:00,VALIDATED_SOURCE,WEEKDAY_WEAK,NQU5,1,SELL_TARGET,166.0,10.0,1.0,10.0,0.0,0.0,0.0,DNA_TP_DNA_SP,TRADE_TOUCH,0,RESOLVED,SELL_TARGET,BUY,STOP,2025-08-12 22:00:00.004098373+00:00,STOP,TARGET,23944.25,23934.75,-24.5,195.5,171.0,23955.25,23934.75,23944.25,23945.75
2187,2025-08-12 18:00:00,2025-08-12T22:00:00+00:00,VALIDATED_SOURCE,WEEKDAY_WEAK,NQU5,1,SELL_TARGET,166.0,10.0,1.0,10.0,0.0,0.0,0.0,DNA_TP_DNA_SP,TRADE_TOUCH,1,RESOLVED,SELL_TARGET,BUY,STOP,2025-08-12 22:00:00.004098373+00:00,STOP,TARGET,23944.25,23934.75,-24.5,195.5,171.0,23955.25,23934.75,23944.25,23945.75
2187,2025-08-12 18:00:00,2025-08-12T22:00:00+00:00,VALIDATED_SOURCE,WEEKDAY_WEAK,NQU5,1,SELL_TARGET,166.0,10.0,1.0,10.0,0.0,0.0,0.0,DNA_TP_DNA_SP,TRADE_TOUCH,100,RESOLVED,SELL_TARGET,BUY,STOP,2025-08-12 22:00:00.110292121+00:00,STOP,TARGET,23944.25,23934.75,-24.5,195.5,171.0,23955.25,23934.75,23944.25,23945.75
2187,2025-08-12 18:00:00,2025-08-12T22:00:00+00:00,VALIDATED_SOURCE,WEEKDAY_WEAK,NQU5,1,SELL_TARGET,166.0,10.0,1.0,10.0,0.0,0.0,0.0,DNA_TP_DNA_SP,TRADE_TOUCH,500,RESOLVED,SELL_TARGET,BUY,STOP,2025-08-12 22:00:00.526387057+00:00,STOP,TARGET,23944.25,23934.75,-24.5,195.5,171.0,23955.25,23934.75,23944.25,23945.75
2187,2025-08-12 18:00:00,2025-08-12T22:00:00+00:00,VALIDATED_SOURCE,WEEKDAY_WEAK,NQU5,1,SELL_TARGET,166.0,10.0,1.0,10.0,0.0,0.0,0.0,DNA_TP_DNA_SP,MID_TOUCH,0,RESOLVED,SELL_TARGET,BUY,STOP,2025-08-12 22:00:00.004242019+00:00,STOP,TARGET,23944.25,23934.75,-24.5,195.5,171.0,23955.25,23934.75,23944.25,23945.75
2187,2025-08-12 18:00:00,2025-08-12T22:00:00+00:00,VALIDATED_SOURCE,WEEKDAY_WEAK,NQU5,1,SELL_TARGET,166.0,10.0,1.0,10.0,0.0,0.0,0.0,DNA_TP_DNA_SP,MID_TOUCH,1,RESOLVED,SELL_TARGET,BUY,STOP,2025-08-12 22:00:00.004242019+00:00,STOP,TARGET,23944.25,23934.75,-24.5,195.5,171.0,23955.25,23934.75,23944.25,23945.75
2187,2025-08-12 18:00:00,2025-08-12T22:00:00+00:00,VALIDATED_SOURCE,WEEKDAY_WEAK,NQU5,1,SELL_TARGET,166.0,10.0,1.0,10.0,0.0,0.0,0.0,DNA_TP_DNA_SP,MID_TOUCH,100,RESOLVED,SELL_TARGET,BUY,STOP,2025-08-12 22:00:00.110292121+00:00,STOP,TARGET,23944.25,23934.75,-24.5,195.5,171.0,23955.25,23934.75,23944.25,23945.75
2187,2025-08-12 18:00:00,2025-08-12T22:00:00+00:00,VALIDATED_SOURCE,WEEKDAY_WEAK,NQU5,1,SELL_TARGET,166.0,10.0,1.0,10.0,0.0,0.0,0.0,DNA_TP_DNA_SP,MID_TOUCH,500,RESOLVED,SELL_TARGET,BUY,STOP,2025-08-12 22:00:00.526387057+00:00,STOP,TARGET,23944.25,23934.75,-24.5,195.5,171.0,23955.25,23934.75,23944.25,23945.75
2187,2025-08-12 18:00:00,2025-08-12T22:00:00+00:00,VALIDATED_SOURCE,WEEKDAY_WEAK,NQU5,1,SELL_TARGET,166.0,10.0,1.0,10.0,0.0,0.0,0.0,DNA_TP_DNA_SP,BBO_EXECUTABLE,0,UNRESOLVED_BOTH_WORKERS_EXIT_SAME_EVENT,UNRESOLVED,,,,,,,,,,,,,,
2187,2025-08-12 18:00:00,2025-08-12T22:00:00+00:00,VALIDATED_SOURCE,WEEKDAY_WEAK,NQU5,1,SELL_TARGET,166.0,10.0,1.0,10.0,0.0,0.0,0.0,DNA_TP_DNA_SP,BBO_EXECUTABLE,1,UNRESOLVED_BOTH_WORKERS_EXIT_SAME_EVENT,UNRESOLVED,,,,,,,,,,,,,,
2187,2025-08-12 18:00:00,2025-08-12T22:00:00+00:00,VALIDATED_SOURCE,WEEKDAY_WEAK,NQU5,1,SELL_TARGET,166.0,10.0,1.0,10.0,0.0,0.0,0.0,DNA_TP_DNA_SP,BBO_EXECUTABLE,100,RESOLVED,SELL_TARGET,BUY,STOP,2025-08-12 22:00:00.110292121+00:00,STOP,TARGET,23939.0,23934.75,-129.5,195.5,66.0,23955.25,23934.75,23944.25,23945.75
2187,2025-08-12 18:00:00,2025-08-12T22:00:00+00:00,VALIDATED_SOURCE,WEEKDAY_WEAK,NQU5,1,SELL_TARGET,166.0,10.0,1.0,10.0,0.0,0.0,0.0,DNA_TP_DNA_SP,BBO_EXECUTABLE,500,RESOLVED,SELL_TARGET,BUY,STOP,2025-08-12 22:00:00.526387057+00:00,STOP,TARGET,23935.5,23934.75,-199.5,195.5,-4.0,23955.25,23934.75,23944.25,23945.75
2187,2025-08-12 18:00:00,2025-08-12T22:00:00+00:00,VALIDATED_SOURCE,WEEKDAY_WEAK,NQU5,1,SELL_TARGET,166.0,10.0,1.0,10.0,0.0,0.0,0.0,DNA_TP_DNA_SP,LEGACY_STAGE3F,0,UNRESOLVED_BOTH_WORKERS_EXIT_SAME_EVENT,UNRESOLVED,,,,,,,,,,,,,,
2187,2025-08-12 18:00:00,2025-08-12T22:00:00+00:00,VALIDATED_SOURCE,WEEKDAY_WEAK,NQU5,1,SELL_TARGET,166.0,10.0,1.0,10.0,0.0,0.0,0.0,DNA_TP_DNA_SP,LEGACY_STAGE3F,1,UNRESOLVED_BOTH_WORKERS_EXIT_SAME_EVENT,UNRESOLVED,,,,,,,,,,,,,,
2187,2025-08-12 18:00:00,2025-08-12T22:00:00+00:00,VALIDATED_SOURCE,WEEKDAY_WEAK,NQU5,1,SELL_TARGET,166.0,10.0,1.0,10.0,0.0,0.0,0.0,DNA_TP_DNA_SP,LEGACY_STAGE3F,100,RESOLVED,SELL_TARGET,BUY,STOP,2025-08-12 22:00:00.110292121+00:00,STOP,TARGET,23939.0,23934.75,-129.5,195.5,66.0,23955.25,23934.75,23944.25,23945.75
2187,2025-08-12 18:00:00,2025-08-12T22:00:00+00:00,VALIDATED_SOURCE,WEEKDAY_WEAK,NQU5,1,SELL_TARGET,166.0,10.0,1.0,10.0,0.0,0.0,0.0,DNA_TP_DNA_SP,LEGACY_STAGE3F,500,RESOLVED,SELL_TARGET,BUY,STOP,2025-08-12 22:00:00.526387057+00:00,STOP,TARGET,23935.5,23934.75,-199.5,195.5,-4.0,23955.25,23934.75,23944.25,23945.75
2187,2025-08-12 18:00:00,2025-08-12T22:00:00+00:00,VALIDATED_SOURCE,WEEKDAY_WEAK,NQU5,1,SELL_TARGET,166.0,10.0,1.0,10.0,0.0,0.0,0.0,DNA_TP_REGISTRY_STOP,TRADE_TOUCH,0,RESOLVED,SELL_TARGET,BUY,STOP,2025-08-12 22:00:00.004098373+00:00,STOP,TARGET,23944.25,23934.75,-24.5,195.5,171.0,23955.25,23934.75,23944.25,23945.75
2187,2025-08-12 18:00:00,2025-08-12T22:00:00+00:00,VALIDATED_SOURCE,WEEKDAY_WEAK,NQU5,1,SELL_TARGET,166.0,10.0,1.0,10.0,0.0,0.0,0.0,DNA_TP_REGISTRY_STOP,TRADE_TOUCH,1,RESOLVED,SELL_TARGET,BUY,STOP,2025-08-12 22:00:00.004098373+00:00,STOP,TARGET,23944.25,23934.75,-24.5,195.5,171.0,23955.25,23934.75,23944.25,23945.75
2187,2025-08-12 18:00:00,2025-08-12T22:00:00+00:00,VALIDATED_SOURCE,WEEKDAY_WEAK,NQU5,1,SELL_TARGET,166.0,10.0,1.0,10.0,0.0,0.0,0.0,DNA_TP_REGISTRY_STOP,TRADE_TOUCH,100,RESOLVED,SELL_TARGET,BUY,STOP,2025-08-12 22:00:00.110292121+00:00,STOP,TARGET,23944.25,23934.75,-24.5,195.5,171.0,23955.25,23934.75,23944.25,23945.75
2187,2025-08-12 18:00:00,2025-08-12T22:00:00+00:00,VALIDATED_SOURCE,WEEKDAY_WEAK,NQU5,1,SELL_TARGET,166.0,10.0,1.0,10.0,0.0,0.0,0.0,DNA_TP_REGISTRY_STOP,TRADE_TOUCH,500,RESOLVED,SELL_TARGET,BUY,STOP,2025-08-12 22:00:00.526387057+00:00,STOP,TARGET,23944.25,23934.75,-24.5,195.5,171.0,23955.25,23934.75,23944.25,23945.75
2187,2025-08-12 18:00:00,2025-08-12T22:00:00+00:00,VALIDATED_SOURCE,WEEKDAY_WEAK,NQU5,1,SELL_TARGET,166.0,10.0,1.0,10.0,0.0,0.0,0.0,DNA_TP_REGISTRY_STOP,MID_TOUCH,0,RESOLVED,SELL_TARGET,BUY,STOP,2025-08-12 22:00:00.004242019+00:00,STOP,TARGET,23944.25,23934.75,-24.5,195.5,171.0,23955.25,23934.75,23944.25,23945.75
2187,2025-08-12 18:00:00,2025-08-12T22:00:00+00:00,VALIDATED_SOURCE,WEEKDAY_WEAK,NQU5,1,SELL_TARGET,166.0,10.0,1.0,10.0,0.0,0.0,0.0,DNA_TP_REGISTRY_STOP,MID_TOUCH,1,RESOLVED,SELL_TARGET,BUY,STOP,2025-08-12 22:00:00.004242019+00:00,STOP,TARGET,23944.25,23934.75,-24.5,195.5,171.0,23955.25,23934.75,23944.25,23945.75
2187,2025-08-12 18:00:00,2025-08-12T22:00:00+00:00,VALIDATED_SOURCE,WEEKDAY_WEAK,NQU5,1,SELL_TARGET,166.0,10.0,1.0,10.0,0.0,0.0,0.0,DNA_TP_REGISTRY_STOP,MID_TOUCH,100,RESOLVED,SELL_TARGET,BUY,STOP,2025-08-12 22:00:00.110292121+00:00,STOP,TARGET,23944.25,23934.75,-24.5,195.5,171.0,23955.25,23934.75,23944.25,23945.75
2187,2025-08-12 18:00:00,2025-08-12T22:00:00+00:00,VALIDATED_SOURCE,WEEKDAY_WEAK,NQU5,1,SELL_TARGET,166.0,10.0,1.0,10.0,0.0,0.0,0.0,DNA_TP_REGISTRY_STOP,MID_TOUCH,500,RESOLVED,SELL_TARGET,BUY,STOP,2025-08-12 22:00:00.526387057+00:00,STOP,TARGET,23944.25,23934.75,-24.5,195.5,171.0,23955.25,23934.75,23944.25,23945.75
2187,2025-08-12 18:00:00,2025-08-12T22:00:00+00:00,VALIDATED_SOURCE,WEEKDAY_WEAK,NQU5,1,SELL_TARGET,166.0,10.0,1.0,10.0,0.0,0.0,0.0,DNA_TP_REGISTRY_STOP,BBO_EXECUTABLE,0,UNRESOLVED_BOTH_WORKERS_EXIT_SAME_EVENT,UNRESOLVED,,,,,,,,,,,,,,
2187,2025-08-12 18:00:00,2025-08-12T22:00:00+00:00,VALIDATED_SOURCE,WEEKDAY_WEAK,NQU5,1,SELL_TARGET,166.0,10.0,1.0,10.0,0.0,0.0,0.0,DNA_TP_REGISTRY_STOP,BBO_EXECUTABLE,1,UNRESOLVED_BOTH_WORKERS_EXIT_SAME_EVENT,UNRESOLVED,,,,,,,,,,,,,,
2187,2025-08-12 18:00:00,2025-08-12T22:00:00+00:00,VALIDATED_SOURCE,WEEKDAY_WEAK,NQU5,1,SELL_TARGET,166.0,10.0,1.0,10.0,0.0,0.0,0.0,DNA_TP_REGISTRY_STOP,BBO_EXECUTABLE,100,RESOLVED,SELL_TARGET,BUY,STOP,2025-08-12 22:00:00.110292121+00:00,STOP,TARGET,23939.0,23934.75,-129.5,195.5,66.0,23955.25,23934.75,23944.25,23945.75
2187,2025-08-12 18:00:00,2025-08-12T22:00:00+00:00,VALIDATED_SOURCE,WEEKDAY_WEAK,NQU5,1,SELL_TARGET,166.0,10.0,1.0,10.0,0.0,0.0,0.0,DNA_TP_REGISTRY_STOP,BBO_EXECUTABLE,500,RESOLVED,SELL_TARGET,BUY,STOP,2025-08-12 22:00:00.526387057+00:00,STOP,TARGET,23935.5,23934.75,-199.5,195.5,-4.0,23955.25,23934.75,23944.25,23945.75
2187,2025-08-12 18:00:00,2025-08-12T22:00:00+00:00,VALIDATED_SOURCE,WEEKDAY_WEAK,NQU5,1,SELL_TARGET,166.0,10.0,1.0,10.0,0.0,0.0,0.0,DNA_TP_REGISTRY_STOP,LEGACY_STAGE3F,0,UNRESOLVED_BOTH_WORKERS_EXIT_SAME_EVENT,UNRESOLVED,,,,,,,,,,,,,,
2187,2025-08-12 18:00:00,2025-08-12T22:00:00+00:00,VALIDATED_SOURCE,WEEKDAY_WEAK,NQU5,1,SELL_TARGET,166.0,10.0,1.0,10.0,0.0,0.0,0.0,DNA_TP_REGISTRY_STOP,LEGACY_STAGE3F,1,UNRESOLVED_BOTH_WORKERS_EXIT_SAME_EVENT,UNRESOLVED,,,,,,,,,,,,,,
2187,2025-08-12 18:00:00,2025-08-12T22:00:00+00:00,VALIDATED_SOURCE,WEEKDAY_WEAK,NQU5,1,SELL_TARGET,166.0,10.0,1.0,10.0,0.0,0.0,0.0,DNA_TP_REGISTRY_STOP,LEGACY_STAGE3F,100,RESOLVED,SELL_TARGET,BUY,STOP,2025-08-12 22:00:00.110292121+00:00,STOP,TARGET,23939.0,23934.75,-129.5,195.5,66.0,23955.25,23934.75,23944.25,23945.75
2187,2025-08-12 18:00:00,2025-08-12T22:00:00+00:00,VALIDATED_SOURCE,WEEKDAY_WEAK,NQU5,1,SELL_TARGET,166.0,10.0,1.0,10.0,0.0,0.0,0.0,DNA_TP_REGISTRY_STOP,LEGACY_STAGE3F,500,RESOLVED,SELL_TARGET,BUY,STOP,2025-08-12 22:00:00.526387057+00:00,STOP,TARGET,23935.5,23934.75,-199.5,195.5,-4.0,23955.25,23934.75,23944.25,23945.75
2187,2025-08-12 18:00:00,2025-08-12T22:00:00+00:00,VALIDATED_SOURCE,WEEKDAY_WEAK,NQU5,1,SELL_TARGET,166.0,10.0,1.0,10.0,0.0,0.0,0.0,FORMULA_TP_REGISTRY_STOP,TRADE_TOUCH,0,RESOLVED,SELL_TARGET,BUY,STOP,2025-08-12 22:00:00.004098373+00:00,STOP,TARGET,23944.25,23934.75,-24.5,195.5,171.0,23955.25,23934.75,23944.25,23945.75
2187,2025-08-12 18:00:00,2025-08-12T22:00:00+00:00,VALIDATED_SOURCE,WEEKDAY_WEAK,NQU5,1,SELL_TARGET,166.0,10.0,1.0,10.0,0.0,0.0,0.0,FORMULA_TP_REGISTRY_STOP,TRADE_TOUCH,1,RESOLVED,SELL_TARGET,BUY,STOP,2025-08-12 22:00:00.004098373+00:00,STOP,TARGET,23944.25,23934.75,-24.5,195.5,171.0,23955.25,23934.75,23944.25,23945.75
2187,2025-08-12 18:00:00,2025-08-12T22:00:00+00:00,VALIDATED_SOURCE,WEEKDAY_WEAK,NQU5,1,SELL_TARGET,166.0,10.0,1.0,10.0,0.0,0.0,0.0,FORMULA_TP_REGISTRY_STOP,TRADE_TOUCH,100,RESOLVED,SELL_TARGET,BUY,STOP,2025-08-12 22:00:00.110292121+00:00,STOP,TARGET,23944.25,23934.75,-24.5,195.5,171.0,23955.25,23934.75,23944.25,23945.75
2187,2025-08-12 18:00:00,2025-08-12T22:00:00+00:00,VALIDATED_SOURCE,WEEKDAY_WEAK,NQU5,1,SELL_TARGET,166.0,10.0,1.0,10.0,0.0,0.0,0.0,FORMULA_TP_REGISTRY_STOP,TRADE_TOUCH,500,RESOLVED,SELL_TARGET,BUY,STOP,2025-08-12 22:00:00.526387057+00:00,STOP,TARGET,23944.25,23934.75,-24.5,195.5,171.0,23955.25,23934.75,23944.25,23945.75
2187,2025-08-12 18:00:00,2025-08-12T22:00:00+00:00,VALIDATED_SOURCE,WEEKDAY_WEAK,NQU5,1,SELL_TARGET,166.0,10.0,1.0,10.0,0.0,0.0,0.0,FORMULA_TP_REGISTRY_STOP,MID_TOUCH,0,RESOLVED,SELL_TARGET,BUY,STOP,2025-08-12 22:00:00.004242019+00:00,STOP,TARGET,23944.25,23934.75,-24.5,195.5,171.0,23955.25,23934.75,23944.25,23945.75
2187,2025-08-12 18:00:00,2025-08-12T22:00:00+00:00,VALIDATED_SOURCE,WEEKDAY_WEAK,NQU5,1,SELL_TARGET,166.0,10.0,1.0,10.0,0.0,0.0,0.0,FORMULA_TP_REGISTRY_STOP,MID_TOUCH,1,RESOLVED,SELL_TARGET,BUY,STOP,2025-08-12 22:00:00.004242019+00:00,STOP,TARGET,23944.25,23934.75,-24.5,195.5,171.0,23955.25,23934.75,23944.25,23945.75
2187,2025-08-12 18:00:00,2025-08-12T22:00:00+00:00,VALIDATED_SOURCE,WEEKDAY_WEAK,NQU5,1,SELL_TARGET,166.0,10.0,1.0,10.0,0.0,0.0,0.0,FORMULA_TP_REGISTRY_STOP,MID_TOUCH,100,RESOLVED,SELL_TARGET,BUY,STOP,2025-08-12 22:00:00.110292121+00:00,STOP,TARGET,23944.25,23934.75,-24.5,195.5,171.0,23955.25,23934.75,23944.25,23945.75
2187,2025-08-12 18:00:00,2025-08-12T22:00:00+00:00,VALIDATED_SOURCE,WEEKDAY_WEAK,NQU5,1,SELL_TARGET,166.0,10.0,1.0,10.0,0.0,0.0,0.0,FORMULA_TP_REGISTRY_STOP,MID_TOUCH,500,RESOLVED,SELL_TARGET,BUY,STOP,2025-08-12 22:00:00.526387057+00:00,STOP,TARGET,23944.25,23934.75,-24.5,195.5,171.0,23955.25,23934.75,23944.25,23945.75
2187,2025-08-12 18:00:00,2025-08-12T22:00:00+00:00,VALIDATED_SOURCE,WEEKDAY_WEAK,NQU5,1,SELL_TARGET,166.0,10.0,1.0,10.0,0.0,0.0,0.0,FORMULA_TP_REGISTRY_STOP,BBO_EXECUTABLE,0,UNRESOLVED_BOTH_WORKERS_EXIT_SAME_EVENT,UNRESOLVED,,,,,,,,,,,,,,
2187,2025-08-12 18:00:00,2025-08-12T22:00:00+00:00,VALIDATED_SOURCE,WEEKDAY_WEAK,NQU5,1,SELL_TARGET,166.0,10.0,1.0,10.0,0.0,0.0,0.0,FORMULA_TP_REGISTRY_STOP,BBO_EXECUTABLE,1,UNRESOLVED_BOTH_WORKERS_EXIT_SAME_EVENT,UNRESOLVED,,,,,,,,,,,,,,
2187,2025-08-12 18:00:00,2025-08-12T22:00:00+00:00,VALIDATED_SOURCE,WEEKDAY_WEAK,NQU5,1,SELL_TARGET,166.0,10.0,1.0,10.0,0.0,0.0,0.0,FORMULA_TP_REGISTRY_STOP,BBO_EXECUTABLE,100,RESOLVED,SELL_TARGET,BUY,STOP,2025-08-12 22:00:00.110292121+00:00,STOP,TARGET,23939.0,23934.75,-129.5,195.5,66.0,23955.25,23934.75,23944.25,23945.75
2187,2025-08-12 18:00:00,2025-08-12T22:00:00+00:00,VALIDATED_SOURCE,WEEKDAY_WEAK,NQU5,1,SELL_TARGET,166.0,10.0,1.0,10.0,0.0,0.0,0.0,FORMULA_TP_REGISTRY_STOP,BBO_EXECUTABLE,500,RESOLVED,SELL_TARGET,BUY,STOP,2025-08-12 22:00:00.526387057+00:00,STOP,TARGET,23935.5,23934.75,-199.5,195.5,-4.0,23955.25,23934.75,23944.25,23945.75
2187,2025-08-12 18:00:00,2025-08-12T22:00:00+00:00,VALIDATED_SOURCE,WEEKDAY_WEAK,NQU5,1,SELL_TARGET,166.0,10.0,1.0,10.0,0.0,0.0,0.0,FORMULA_TP_REGISTRY_STOP,LEGACY_STAGE3F,0,UNRESOLVED_BOTH_WORKERS_EXIT_SAME_EVENT,UNRESOLVED,,,,,,,,,,,,,,
2187,2025-08-12 18:00:00,2025-08-12T22:00:00+00:00,VALIDATED_SOURCE,WEEKDAY_WEAK,NQU5,1,SELL_TARGET,166.0,10.0,1.0,10.0,0.0,0.0,0.0,FORMULA_TP_REGISTRY_STOP,LEGACY_STAGE3F,1,UNRESOLVED_BOTH_WORKERS_EXIT_SAME_EVENT,UNRESOLVED,,,,,,,,,,,,,,
2187,2025-08-12 18:00:00,2025-08-12T22:00:00+00:00,VALIDATED_SOURCE,WEEKDAY_WEAK,NQU5,1,SELL_TARGET,166.0,10.0,1.0,10.0,0.0,0.0,0.0,FORMULA_TP_REGISTRY_STOP,LEGACY_STAGE3F,100,RESOLVED,SELL_TARGET,BUY,STOP,2025-08-12 22:00:00.110292121+00:00,STOP,TARGET,23939.0,23934.75,-129.5,195.5,66.0,23955.25,23934.75,23944.25,23945.75
2187,2025-08-12 18:00:00,2025-08-12T22:00:00+00:00,VALIDATED_SOURCE,WEEKDAY_WEAK,NQU5,1,SELL_TARGET,166.0,10.0,1.0,10.0,0.0,0.0,0.0,FORMULA_TP_REGISTRY_STOP,LEGACY_STAGE3F,500,RESOLVED,SELL_TARGET,BUY,STOP,2025-08-12 22:00:00.526387057+00:00,STOP,TARGET,23935.5,23934.75,-199.5,195.5,-4.0,23955.25,23934.75,23944.25,23945.75
2188,2025-08-13 09:30:00,2025-08-13T13:30:00+00:00,VALIDATED_SOURCE,NY,NQU5,2,DOUBLE_STOP,-118.0,16.0,1.0,16.0,0.0,0.0,0.0,DNA_TP_DNA_SP,TRADE_TOUCH,0,RESOLVED,DOUBLE_STOP,BUY,STOP,2025-08-13 13:30:00.006217433+00:00,STOP,STOP,24043.75,24045.25,-49.0,-49.0,-98.0,24060.75,24028.25,24043.75,24045.25
2188,2025-08-13 09:30:00,2025-08-13T13:30:00+00:00,VALIDATED_SOURCE,NY,NQU5,2,DOUBLE_STOP,-118.0,16.0,1.0,16.0,0.0,0.0,0.0,DNA_TP_DNA_SP,TRADE_TOUCH,1,RESOLVED,DOUBLE_STOP,BUY,STOP,2025-08-13 13:30:00.006217433+00:00,STOP,STOP,24043.75,24045.25,-49.0,-49.0,-98.0,24060.75,24028.25,24043.75,24045.25
2188,2025-08-13 09:30:00,2025-08-13T13:30:00+00:00,VALIDATED_SOURCE,NY,NQU5,2,DOUBLE_STOP,-118.0,16.0,1.0,16.0,0.0,0.0,0.0,DNA_TP_DNA_SP,TRADE_TOUCH,100,RESOLVED,DOUBLE_STOP,SELL,STOP,2025-08-13 13:30:00.102511363+00:00,STOP,STOP,24043.75,24045.25,-49.0,-49.0,-98.0,24060.75,24028.25,24043.75,24045.25
2188,2025-08-13 09:30:00,2025-08-13T13:30:00+00:00,VALIDATED_SOURCE,NY,NQU5,2,DOUBLE_STOP,-118.0,16.0,1.0,16.0,0.0,0.0,0.0,DNA_TP_DNA_SP,TRADE_TOUCH,500,RESOLVED,DOUBLE_STOP,BUY,STOP,2025-08-13 13:30:00.506761203+00:00,STOP,STOP,24043.75,24045.25,-49.0,-49.0,-98.0,24060.75,24028.25,24043.75,24045.25
2188,2025-08-13 09:30:00,2025-08-13T13:30:00+00:00,VALIDATED_SOURCE,NY,NQU5,2,DOUBLE_STOP,-118.0,16.0,1.0,16.0,0.0,0.0,0.0,DNA_TP_DNA_SP,MID_TOUCH,0,RESOLVED,DOUBLE_STOP,SELL,STOP,2025-08-13 13:30:00.030399991+00:00,STOP,STOP,24043.75,24045.25,-49.0,-49.0,-98.0,24060.75,24028.25,24043.75,24045.25
2188,2025-08-13 09:30:00,2025-08-13T13:30:00+00:00,VALIDATED_SOURCE,NY,NQU5,2,DOUBLE_STOP,-118.0,16.0,1.0,16.0,0.0,0.0,0.0,DNA_TP_DNA_SP,MID_TOUCH,1,RESOLVED,DOUBLE_STOP,SELL,STOP,2025-08-13 13:30:00.030399991+00:00,STOP,STOP,24043.75,24045.25,-49.0,-49.0,-98.0,24060.75,24028.25,24043.75,24045.25
2188,2025-08-13 09:30:00,2025-08-13T13:30:00+00:00,VALIDATED_SOURCE,NY,NQU5,2,DOUBLE_STOP,-118.0,16.0,1.0,16.0,0.0,0.0,0.0,DNA_TP_DNA_SP,MID_TOUCH,100,RESOLVED,DOUBLE_STOP,SELL,STOP,2025-08-13 13:30:00.103005837+00:00,STOP,STOP,24043.75,24045.25,-49.0,-49.0,-98.0,24060.75,24028.25,24043.75,24045.25
2188,2025-08-13 09:30:00,2025-08-13T13:30:00+00:00,VALIDATED_SOURCE,NY,NQU5,2,DOUBLE_STOP,-118.0,16.0,1.0,16.0,0.0,0.0,0.0,DNA_TP_DNA_SP,MID_TOUCH,500,RESOLVED,DOUBLE_STOP,BUY,STOP,2025-08-13 13:30:00.506761203+00:00,STOP,STOP,24043.75,24045.25,-49.0,-49.0,-98.0,24060.75,24028.25,24043.75,24045.25
2188,2025-08-13 09:30:00,2025-08-13T13:30:00+00:00,VALIDATED_SOURCE,NY,NQU5,2,DOUBLE_STOP,-118.0,16.0,1.0,16.0,0.0,0.0,0.0,DNA_TP_DNA_SP,BBO_EXECUTABLE,0,RESOLVED,DOUBLE_STOP,BUY,STOP,2025-08-13 13:30:00.006217433+00:00,STOP,STOP,24043.75,24045.25,-49.0,-49.0,-98.0,24060.75,24028.25,24043.75,24045.25
2188,2025-08-13 09:30:00,2025-08-13T13:30:00+00:00,VALIDATED_SOURCE,NY,NQU5,2,DOUBLE_STOP,-118.0,16.0,1.0,16.0,0.0,0.0,0.0,DNA_TP_DNA_SP,BBO_EXECUTABLE,1,RESOLVED,DOUBLE_STOP,BUY,STOP,2025-08-13 13:30:00.006217433+00:00,STOP,STOP,24043.75,24045.25,-49.0,-49.0,-98.0,24060.75,24028.25,24043.75,24045.25
2188,2025-08-13 09:30:00,2025-08-13T13:30:00+00:00,VALIDATED_SOURCE,NY,NQU5,2,DOUBLE_STOP,-118.0,16.0,1.0,16.0,0.0,0.0,0.0,DNA_TP_DNA_SP,BBO_EXECUTABLE,100,RESOLVED,DOUBLE_STOP,SELL,STOP,2025-08-13 13:30:00.102511363+00:00,STOP,STOP,24043.5,24045.25,-59.0,-49.0,-108.0,24060.75,24028.25,24043.75,24045.25
2188,2025-08-13 09:30:00,2025-08-13T13:30:00+00:00,VALIDATED_SOURCE,NY,NQU5,2,DOUBLE_STOP,-118.0,16.0,1.0,16.0,0.0,0.0,0.0,DNA_TP_DNA_SP,BBO_EXECUTABLE,500,RESOLVED,DOUBLE_STOP,BUY,STOP,2025-08-13 13:30:00.506761203+00:00,STOP,STOP,24042.75,24045.25,-89.0,-49.0,-138.0,24060.75,24028.25,24043.75,24045.25
2188,2025-08-13 09:30:00,2025-08-13T13:30:00+00:00,VALIDATED_SOURCE,NY,NQU5,2,DOUBLE_STOP,-118.0,16.0,1.0,16.0,0.0,0.0,0.0,DNA_TP_DNA_SP,LEGACY_STAGE3F,0,RESOLVED,DOUBLE_STOP,BUY,STOP,2025-08-13 13:30:00.006217433+00:00,STOP,STOP,24043.75,24045.25,-49.0,-49.0,-98.0,24060.75,24028.25,24043.75,24045.25
2188,2025-08-13 09:30:00,2025-08-13T13:30:00+00:00,VALIDATED_SOURCE,NY,NQU5,2,DOUBLE_STOP,-118.0,16.0,1.0,16.0,0.0,0.0,0.0,DNA_TP_DNA_SP,LEGACY_STAGE3F,1,RESOLVED,DOUBLE_STOP,BUY,STOP,2025-08-13 13:30:00.006217433+00:00,STOP,STOP,24043.75,24045.25,-49.0,-49.0,-98.0,24060.75,24028.25,24043.75,24045.25
2188,2025-08-13 09:30:00,2025-08-13T13:30:00+00:00,VALIDATED_SOURCE,NY,NQU5,2,DOUBLE_STOP,-118.0,16.0,1.0,16.0,0.0,0.0,0.0,DNA_TP_DNA_SP,LEGACY_STAGE3F,100,RESOLVED,DOUBLE_STOP,SELL,STOP,2025-08-13 13:30:00.102511363+00:00,STOP,STOP,24043.5,24045.25,-59.0,-49.0,-108.0,24060.75,24028.25,24043.75,24045.25
2188,2025-08-13 09:30:00,2025-08-13T13:30:00+00:00,VALIDATED_SOURCE,NY,NQU5,2,DOUBLE_STOP,-118.0,16.0,1.0,16.0,0.0,0.0,0.0,DNA_TP_DNA_SP,LEGACY_STAGE3F,500,RESOLVED,DOUBLE_STOP,BUY,STOP,2025-08-13 13:30:00.506761203+00:00,STOP,STOP,24042.75,24045.25,-89.0,-49.0,-138.0,24060.75,24028.25,24043.75,24045.25
2188,2025-08-13 09:30:00,2025-08-13T13:30:00+00:00,VALIDATED_SOURCE,NY,NQU5,2,DOUBLE_STOP,-118.0,16.0,1.0,16.0,0.0,0.0,0.0,DNA_TP_REGISTRY_STOP,TRADE_TOUCH,0,RESOLVED,DOUBLE_STOP,BUY,STOP,2025-08-13 13:30:00.006217433+00:00,STOP,STOP,24043.75,24045.25,-49.0,-49.0,-98.0,24060.75,24028.25,24043.75,24045.25
2188,2025-08-13 09:30:00,2025-08-13T13:30:00+00:00,VALIDATED_SOURCE,NY,NQU5,2,DOUBLE_STOP,-118.0,16.0,1.0,16.0,0.0,0.0,0.0,DNA_TP_REGISTRY_STOP,TRADE_TOUCH,1,RESOLVED,DOUBLE_STOP,BUY,STOP,2025-08-13 13:30:00.006217433+00:00,STOP,STOP,24043.75,24045.25,-49.0,-49.0,-98.0,24060.75,24028.25,24043.75,24045.25
2188,2025-08-13 09:30:00,2025-08-13T13:30:00+00:00,VALIDATED_SOURCE,NY,NQU5,2,DOUBLE_STOP,-118.0,16.0,1.0,16.0,0.0,0.0,0.0,DNA_TP_REGISTRY_STOP,TRADE_TOUCH,100,RESOLVED,DOUBLE_STOP,SELL,STOP,2025-08-13 13:30:00.102511363+00:00,STOP,STOP,24043.75,24045.25,-49.0,-49.0,-98.0,24060.75,24028.25,24043.75,24045.25
2188,2025-08-13 09:30:00,2025-08-13T13:30:00+00:00,VALIDATED_SOURCE,NY,NQU5,2,DOUBLE_STOP,-118.0,16.0,1.0,16.0,0.0,0.0,0.0,DNA_TP_REGISTRY_STOP,TRADE_TOUCH,500,RESOLVED,DOUBLE_STOP,BUY,STOP,2025-08-13 13:30:00.506761203+00:00,STOP,STOP,24043.75,24045.25,-49.0,-49.0,-98.0,24060.75,24028.25,24043.75,24045.25
2188,2025-08-13 09:30:00,2025-08-13T13:30:00+00:00,VALIDATED_SOURCE,NY,NQU5,2,DOUBLE_STOP,-118.0,16.0,1.0,16.0,0.0,0.0,0.0,DNA_TP_REGISTRY_STOP,MID_TOUCH,0,RESOLVED,DOUBLE_STOP,SELL,STOP,2025-08-13 13:30:00.030399991+00:00,STOP,STOP,24043.75,24045.25,-49.0,-49.0,-98.0,24060.75,24028.25,24043.75,24045.25
2188,2025-08-13 09:30:00,2025-08-13T13:30:00+00:00,VALIDATED_SOURCE,NY,NQU5,2,DOUBLE_STOP,-118.0,16.0,1.0,16.0,0.0,0.0,0.0,DNA_TP_REGISTRY_STOP,MID_TOUCH,1,RESOLVED,DOUBLE_STOP,SELL,STOP,2025-08-13 13:30:00.030399991+00:00,STOP,STOP,24043.75,24045.25,-49.0,-49.0,-98.0,24060.75,24028.25,24043.75,24045.25
2188,2025-08-13 09:30:00,2025-08-13T13:30:00+00:00,VALIDATED_SOURCE,NY,NQU5,2,DOUBLE_STOP,-118.0,16.0,1.0,16.0,0.0,0.0,0.0,DNA_TP_REGISTRY_STOP,MID_TOUCH,100,RESOLVED,DOUBLE_STOP,SELL,STOP,2025-08-13 13:30:00.103005837+00:00,STOP,STOP,24043.75,24045.25,-49.0,-49.0,-98.0,24060.75,24028.25,24043.75,24045.25
2188,2025-08-13 09:30:00,2025-08-13T13:30:00+00:00,VALIDATED_SOURCE,NY,NQU5,2,DOUBLE_STOP,-118.0,16.0,1.0,16.0,0.0,0.0,0.0,DNA_TP_REGISTRY_STOP,MID_TOUCH,500,RESOLVED,DOUBLE_STOP,BUY,STOP,2025-08-13 13:30:00.506761203+00:00,STOP,STOP,24043.75,24045.25,-49.0,-49.0,-98.0,24060.75,24028.25,24043.75,24045.25
2188,2025-08-13 09:30:00,2025-08-13T13:30:00+00:00,VALIDATED_SOURCE,NY,NQU5,2,DOUBLE_STOP,-118.0,16.0,1.0,16.0,0.0,0.0,0.0,DNA_TP_REGISTRY_STOP,BBO_EXECUTABLE,0,RESOLVED,DOUBLE_STOP,BUY,STOP,2025-08-13 13:30:00.006217433+00:00,STOP,STOP,24043.75,24045.25,-49.0,-49.0,-98.0,24060.75,24028.25,24043.75,24045.25
2188,2025-08-13 09:30:00,2025-08-13T13:30:00+00:00,VALIDATED_SOURCE,NY,NQU5,2,DOUBLE_STOP,-118.0,16.0,1.0,16.0,0.0,0.0,0.0,DNA_TP_REGISTRY_STOP,BBO_EXECUTABLE,1,RESOLVED,DOUBLE_STOP,BUY,STOP,2025-08-13 13:30:00.006217433+00:00,STOP,STOP,24043.75,24045.25,-49.0,-49.0,-98.0,24060.75,24028.25,24043.75,24045.25
2188,2025-08-13 09:30:00,2025-08-13T13:30:00+00:00,VALIDATED_SOURCE,NY,NQU5,2,DOUBLE_STOP,-118.0,16.0,1.0,16.0,0.0,0.0,0.0,DNA_TP_REGISTRY_STOP,BBO_EXECUTABLE,100,RESOLVED,DOUBLE_STOP,SELL,STOP,2025-08-13 13:30:00.102511363+00:00,STOP,STOP,24043.5,24045.25,-59.0,-49.0,-108.0,24060.75,24028.25,24043.75,24045.25
2188,2025-08-13 09:30:00,2025-08-13T13:30:00+00:00,VALIDATED_SOURCE,NY,NQU5,2,DOUBLE_STOP,-118.0,16.0,1.0,16.0,0.0,0.0,0.0,DNA_TP_REGISTRY_STOP,BBO_EXECUTABLE,500,RESOLVED,DOUBLE_STOP,BUY,STOP,2025-08-13 13:30:00.506761203+00:00,STOP,STOP,24042.75,24045.25,-89.0,-49.0,-138.0,24060.75,24028.25,24043.75,24045.25
2188,2025-08-13 09:30:00,2025-08-13T13:30:00+00:00,VALIDATED_SOURCE,NY,NQU5,2,DOUBLE_STOP,-118.0,16.0,1.0,16.0,0.0,0.0,0.0,DNA_TP_REGISTRY_STOP,LEGACY_STAGE3F,0,RESOLVED,DOUBLE_STOP,BUY,STOP,2025-08-13 13:30:00.006217433+00:00,STOP,STOP,24043.75,24045.25,-49.0,-49.0,-98.0,24060.75,24028.25,24043.75,24045.25
2188,2025-08-13 09:30:00,2025-08-13T13:30:00+00:00,VALIDATED_SOURCE,NY,NQU5,2,DOUBLE_STOP,-118.0,16.0,1.0,16.0,0.0,0.0,0.0,DNA_TP_REGISTRY_STOP,LEGACY_STAGE3F,1,RESOLVED,DOUBLE_STOP,BUY,STOP,2025-08-13 13:30:00.006217433+00:00,STOP,STOP,24043.75,24045.25,-49.0,-49.0,-98.0,24060.75,24028.25,24043.75,24045.25
2188,2025-08-13 09:30:00,2025-08-13T13:30:00+00:00,VALIDATED_SOURCE,NY,NQU5,2,DOUBLE_STOP,-118.0,16.0,1.0,16.0,0.0,0.0,0.0,DNA_TP_REGISTRY_STOP,LEGACY_STAGE3F,100,RESOLVED,DOUBLE_STOP,SELL,STOP,2025-08-13 13:30:00.102511363+00:00,STOP,STOP,24043.5,24045.25,-59.0,-49.0,-108.0,24060.75,24028.25,24043.75,24045.25
2188,2025-08-13 09:30:00,2025-08-13T13:30:00+00:00,VALIDATED_SOURCE,NY,NQU5,2,DOUBLE_STOP,-118.0,16.0,1.0,16.0,0.0,0.0,0.0,DNA_TP_REGISTRY_STOP,LEGACY_STAGE3F,500,RESOLVED,DOUBLE_STOP,BUY,STOP,2025-08-13 13:30:00.506761203+00:00,STOP,STOP,24042.75,24045.25,-89.0,-49.0,-138.0,24060.75,24028.25,24043.75,24045.25
2188,2025-08-13 09:30:00,2025-08-13T13:30:00+00:00,VALIDATED_SOURCE,NY,NQU5,2,DOUBLE_STOP,-118.0,16.0,1.0,16.0,0.0,0.0,0.0,FORMULA_TP_REGISTRY_STOP,TRADE_TOUCH,0,RESOLVED,DOUBLE_STOP,BUY,STOP,2025-08-13 13:30:00.006217433+00:00,STOP,STOP,24043.75,24045.25,-49.0,-49.0,-98.0,24060.75,24028.25,24043.75,24045.25
2188,2025-08-13 09:30:00,2025-08-13T13:30:00+00:00,VALIDATED_SOURCE,NY,NQU5,2,DOUBLE_STOP,-118.0,16.0,1.0,16.0,0.0,0.0,0.0,FORMULA_TP_REGISTRY_STOP,TRADE_TOUCH,1,RESOLVED,DOUBLE_STOP,BUY,STOP,2025-08-13 13:30:00.006217433+00:00,STOP,STOP,24043.75,24045.25,-49.0,-49.0,-98.0,24060.75,24028.25,24043.75,24045.25
2188,2025-08-13 09:30:00,2025-08-13T13:30:00+00:00,VALIDATED_SOURCE,NY,NQU5,2,DOUBLE_STOP,-118.0,16.0,1.0,16.0,0.0,0.0,0.0,FORMULA_TP_REGISTRY_STOP,TRADE_TOUCH,100,RESOLVED,DOUBLE_STOP,SELL,STOP,2025-08-13 13:30:00.102511363+00:00,STOP,STOP,24043.75,24045.25,-49.0,-49.0,-98.0,24060.75,24028.25,24043.75,24045.25
2188,2025-08-13 09:30:00,2025-08-13T13:30:00+00:00,VALIDATED_SOURCE,NY,NQU5,2,DOUBLE_STOP,-118.0,16.0,1.0,16.0,0.0,0.0,0.0,FORMULA_TP_REGISTRY_STOP,TRADE_TOUCH,500,RESOLVED,DOUBLE_STOP,BUY,STOP,2025-08-13 13:30:00.506761203+00:00,STOP,STOP,24043.75,24045.25,-49.0,-49.0,-98.0,24060.75,24028.25,24043.75,24045.25
2188,2025-08-13 09:30:00,2025-08-13T13:30:00+00:00,VALIDATED_SOURCE,NY,NQU5,2,DOUBLE_STOP,-118.0,16.0,1.0,16.0,0.0,0.0,0.0,FORMULA_TP_REGISTRY_STOP,MID_TOUCH,0,RESOLVED,DOUBLE_STOP,SELL,STOP,2025-08-13 13:30:00.030399991+00:00,STOP,STOP,24043.75,24045.25,-49.0,-49.0,-98.0,24060.75,24028.25,24043.75,24045.25
2188,2025-08-13 09:30:00,2025-08-13T13:30:00+00:00,VALIDATED_SOURCE,NY,NQU5,2,DOUBLE_STOP,-118.0,16.0,1.0,16.0,0.0,0.0,0.0,FORMULA_TP_REGISTRY_STOP,MID_TOUCH,1,RESOLVED,DOUBLE_STOP,SELL,STOP,2025-08-13 13:30:00.030399991+00:00,STOP,STOP,24043.75,24045.25,-49.0,-49.0,-98.0,24060.75,24028.25,24043.75,24045.25
2188,2025-08-13 09:30:00,2025-08-13T13:30:00+00:00,VALIDATED_SOURCE,NY,NQU5,2,DOUBLE_STOP,-118.0,16.0,1.0,16.0,0.0,0.0,0.0,FORMULA_TP_REGISTRY_STOP,MID_TOUCH,100,RESOLVED,DOUBLE_STOP,SELL,STOP,2025-08-13 13:30:00.103005837+00:00,STOP,STOP,24043.75,24045.25,-49.0,-49.0,-98.0,24060.75,24028.25,24043.75,24045.25
2188,2025-08-13 09:30:00,2025-08-13T13:30:00+00:00,VALIDATED_SOURCE,NY,NQU5,2,DOUBLE_STOP,-118.0,16.0,1.0,16.0,0.0,0.0,0.0,FORMULA_TP_REGISTRY_STOP,MID_TOUCH,500,RESOLVED,DOUBLE_STOP,BUY,STOP,2025-08-13 13:30:00.506761203+00:00,STOP,STOP,24043.75,24045.25,-49.0,-49.0,-98.0,24060.75,24028.25,24043.75,24045.25
2188,2025-08-13 09:30:00,2025-08-13T13:30:00+00:00,VALIDATED_SOURCE,NY,NQU5,2,DOUBLE_STOP,-118.0,16.0,1.0,16.0,0.0,0.0,0.0,FORMULA_TP_REGISTRY_STOP,BBO_EXECUTABLE,0,RESOLVED,DOUBLE_STOP,BUY,STOP,2025-08-13 13:30:00.006217433+00:00,STOP,STOP,24043.75,24045.25,-49.0,-49.0,-98.0,24060.75,24028.25,24043.75,24045.25
2188,2025-08-13 09:30:00,2025-08-13T13:30:00+00:00,VALIDATED_SOURCE,NY,NQU5,2,DOUBLE_STOP,-118.0,16.0,1.0,16.0,0.0,0.0,0.0,FORMULA_TP_REGISTRY_STOP,BBO_EXECUTABLE,1,RESOLVED,DOUBLE_STOP,BUY,STOP,2025-08-13 13:30:00.006217433+00:00,STOP,STOP,24043.75,24045.25,-49.0,-49.0,-98.0,24060.75,24028.25,24043.75,24045.25
2188,2025-08-13 09:30:00,2025-08-13T13:30:00+00:00,VALIDATED_SOURCE,NY,NQU5,2,DOUBLE_STOP,-118.0,16.0,1.0,16.0,0.0,0.0,0.0,FORMULA_TP_REGISTRY_STOP,BBO_EXECUTABLE,100,RESOLVED,DOUBLE_STOP,SELL,STOP,2025-08-13 13:30:00.102511363+00:00,STOP,STOP,24043.5,24045.25,-59.0,-49.0,-108.0,24060.75,24028.25,24043.75,24045.25
2188,2025-08-13 09:30:00,2025-08-13T13:30:00+00:00,VALIDATED_SOURCE,NY,NQU5,2,DOUBLE_STOP,-118.0,16.0,1.0,16.0,0.0,0.0,0.0,FORMULA_TP_REGISTRY_STOP,BBO_EXECUTABLE,500,RESOLVED,DOUBLE_STOP,BUY,STOP,2025-08-13 13:30:00.506761203+00:00,STOP,STOP,24042.75,24045.25,-89.0,-49.0,-138.0,24060.75,24028.25,24043.75,24045.25
2188,2025-08-13 09:30:00,2025-08-13T13:30:00+00:00,VALIDATED_SOURCE,NY,NQU5,2,DOUBLE_STOP,-118.0,16.0,1.0,16.0,0.0,0.0,0.0,FORMULA_TP_REGISTRY_STOP,LEGACY_STAGE3F,0,RESOLVED,DOUBLE_STOP,BUY,STOP,2025-08-13 13:30:00.006217433+00:00,STOP,STOP,24043.75,24045.25,-49.0,-49.0,-98.0,24060.75,24028.25,24043.75,24045.25
2188,2025-08-13 09:30:00,2025-08-13T13:30:00+00:00,VALIDATED_SOURCE,NY,NQU5,2,DOUBLE_STOP,-118.0,16.0,1.0,16.0,0.0,0.0,0.0,FORMULA_TP_REGISTRY_STOP,LEGACY_STAGE3F,1,RESOLVED,DOUBLE_STOP,BUY,STOP,2025-08-13 13:30:00.006217433+00:00,STOP,STOP,24043.75,24045.25,-49.0,-49.0,-98.0,24060.75,24028.25,24043.75,24045.25
2188,2025-08-13 09:30:00,2025-08-13T13:30:00+00:00,VALIDATED_SOURCE,NY,NQU5,2,DOUBLE_STOP,-118.0,16.0,1.0,16.0,0.0,0.0,0.0,FORMULA_TP_REGISTRY_STOP,LEGACY_STAGE3F,100,RESOLVED,DOUBLE_STOP,SELL,STOP,2025-08-13 13:30:00.102511363+00:00,STOP,STOP,24043.5,24045.25,-59.0,-49.0,-108.0,24060.75,24028.25,24043.75,24045.25
2188,2025-08-13 09:30:00,2025-08-13T13:30:00+00:00,VALIDATED_SOURCE,NY,NQU5,2,DOUBLE_STOP,-118.0,16.0,1.0,16.0,0.0,0.0,0.0,FORMULA_TP_REGISTRY_STOP,LEGACY_STAGE3F,500,RESOLVED,DOUBLE_STOP,BUY,STOP,2025-08-13 13:30:00.506761203+00:00,STOP,STOP,24042.75,24045.25,-89.0,-49.0,-138.0,24060.75,24028.25,24043.75,24045.25
2189,2025-08-14 09:30:00,2025-08-14T13:30:00+00:00,VALIDATED_SOURCE,NY,NQU5,2,SELL_TARGET,572.0,16.0,1.0,16.0,0.0,0.0,0.0,DNA_TP_DNA_SP,TRADE_TOUCH,0,RESOLVED,DOUBLE_STOP,SELL,STOP,2025-08-14 13:30:00.002120361+00:00,STOP,STOP,23857.0,23858.5,-49.0,-49.0,-98.0,23874.0,23841.5,23857.0,23858.5
2189,2025-08-14 09:30:00,2025-08-14T13:30:00+00:00,VALIDATED_SOURCE,NY,NQU5,2,SELL_TARGET,572.0,16.0,1.0,16.0,0.0,0.0,0.0,DNA_TP_DNA_SP,TRADE_TOUCH,1,RESOLVED,DOUBLE_STOP,SELL,STOP,2025-08-14 13:30:00.002120361+00:00,STOP,STOP,23857.0,23858.5,-49.0,-49.0,-98.0,23874.0,23841.5,23857.0,23858.5
2189,2025-08-14 09:30:00,2025-08-14T13:30:00+00:00,VALIDATED_SOURCE,NY,NQU5,2,SELL_TARGET,572.0,16.0,1.0,16.0,0.0,0.0,0.0,DNA_TP_DNA_SP,TRADE_TOUCH,100,RESOLVED,DOUBLE_STOP,SELL,STOP,2025-08-14 13:30:00.101065667+00:00,STOP,STOP,23857.0,23858.5,-49.0,-49.0,-98.0,23874.0,23841.5,23857.0,23858.5
2189,2025-08-14 09:30:00,2025-08-14T13:30:00+00:00,VALIDATED_SOURCE,NY,NQU5,2,SELL_TARGET,572.0,16.0,1.0,16.0,0.0,0.0,0.0,DNA_TP_DNA_SP,TRADE_TOUCH,500,RESOLVED,DOUBLE_STOP,BUY,STOP,2025-08-14 13:30:00.543101447+00:00,STOP,STOP,23857.0,23858.5,-49.0,-49.0,-98.0,23874.0,23841.5,23857.0,23858.5
2189,2025-08-14 09:30:00,2025-08-14T13:30:00+00:00,VALIDATED_SOURCE,NY,NQU5,2,SELL_TARGET,572.0,16.0,1.0,16.0,0.0,0.0,0.0,DNA_TP_DNA_SP,MID_TOUCH,0,RESOLVED,DOUBLE_STOP,SELL,STOP,2025-08-14 13:30:00.004159751+00:00,STOP,STOP,23857.0,23858.5,-49.0,-49.0,-98.0,23874.0,23841.5,23857.0,23858.5
2189,2025-08-14 09:30:00,2025-08-14T13:30:00+00:00,VALIDATED_SOURCE,NY,NQU5,2,SELL_TARGET,572.0,16.0,1.0,16.0,0.0,0.0,0.0,DNA_TP_DNA_SP,MID_TOUCH,1,RESOLVED,DOUBLE_STOP,SELL,STOP,2025-08-14 13:30:00.004159751+00:00,STOP,STOP,23857.0,23858.5,-49.0,-49.0,-98.0,23874.0,23841.5,23857.0,23858.5
2189,2025-08-14 09:30:00,2025-08-14T13:30:00+00:00,VALIDATED_SOURCE,NY,NQU5,2,SELL_TARGET,572.0,16.0,1.0,16.0,0.0,0.0,0.0,DNA_TP_DNA_SP,MID_TOUCH,100,RESOLVED,DOUBLE_STOP,SELL,STOP,2025-08-14 13:30:00.101065667+00:00,STOP,STOP,23857.0,23858.5,-49.0,-49.0,-98.0,23874.0,23841.5,23857.0,23858.5
2189,2025-08-14 09:30:00,2025-08-14T13:30:00+00:00,VALIDATED_SOURCE,NY,NQU5,2,SELL_TARGET,572.0,16.0,1.0,16.0,0.0,0.0,0.0,DNA_TP_DNA_SP,MID_TOUCH,500,RESOLVED,DOUBLE_STOP,SELL,STOP,2025-08-14 13:30:00.518301855+00:00,STOP,STOP,23857.0,23858.5,-49.0,-49.0,-98.0,23874.0,23841.5,23857.0,23858.5
2189,2025-08-14 09:30:00,2025-08-14T13:30:00+00:00,VALIDATED_SOURCE,NY,NQU5,2,SELL_TARGET,572.0,16.0,1.0,16.0,0.0,0.0,0.0,DNA_TP_DNA_SP,BBO_EXECUTABLE,0,RESOLVED,DOUBLE_STOP,SELL,STOP,2025-08-14 13:30:00.001561399+00:00,STOP,STOP,23857.0,23858.5,-49.0,-49.0,-98.0,23874.0,23841.5,23857.0,23858.5
2189,2025-08-14 09:30:00,2025-08-14T13:30:00+00:00,VALIDATED_SOURCE,NY,NQU5,2,SELL_TARGET,572.0,16.0,1.0,16.0,0.0,0.0,0.0,DNA_TP_DNA_SP,BBO_EXECUTABLE,1,RESOLVED,DOUBLE_STOP,SELL,STOP,2025-08-14 13:30:00.001561399+00:00,STOP,STOP,23857.0,23858.5,-49.0,-49.0,-98.0,23874.0,23841.5,23857.0,23858.5
2189,2025-08-14 09:30:00,2025-08-14T13:30:00+00:00,VALIDATED_SOURCE,NY,NQU5,2,SELL_TARGET,572.0,16.0,1.0,16.0,0.0,0.0,0.0,DNA_TP_DNA_SP,BBO_EXECUTABLE,100,RESOLVED,DOUBLE_STOP,SELL,STOP,2025-08-14 13:30:00.101065667+00:00,STOP,STOP,23857.0,23862.75,-49.0,-219.0,-268.0,23874.0,23841.5,23857.0,23858.5
2189,2025-08-14 09:30:00,2025-08-14T13:30:00+00:00,VALIDATED_SOURCE,NY,NQU5,2,SELL_TARGET,572.0,16.0,1.0,16.0,0.0,0.0,0.0,DNA_TP_DNA_SP,BBO_EXECUTABLE,500,RESOLVED,DOUBLE_STOP,SELL,STOP,2025-08-14 13:30:00.518301855+00:00,STOP,STOP,23857.0,23858.75,-49.0,-59.0,-108.0,23874.0,23841.5,23857.0,23858.5
2189,2025-08-14 09:30:00,2025-08-14T13:30:00+00:00,VALIDATED_SOURCE,NY,NQU5,2,SELL_TARGET,572.0,16.0,1.0,16.0,0.0,0.0,0.0,DNA_TP_DNA_SP,LEGACY_STAGE3F,0,RESOLVED,DOUBLE_STOP,SELL,STOP,2025-08-14 13:30:00.001561399+00:00,STOP,STOP,23857.0,23858.5,-49.0,-49.0,-98.0,23874.0,23841.5,23857.0,23858.5
2189,2025-08-14 09:30:00,2025-08-14T13:30:00+00:00,VALIDATED_SOURCE,NY,NQU5,2,SELL_TARGET,572.0,16.0,1.0,16.0,0.0,0.0,0.0,DNA_TP_DNA_SP,LEGACY_STAGE3F,1,RESOLVED,DOUBLE_STOP,SELL,STOP,2025-08-14 13:30:00.001561399+00:00,STOP,STOP,23857.0,23858.5,-49.0,-49.0,-98.0,23874.0,23841.5,23857.0,23858.5
2189,2025-08-14 09:30:00,2025-08-14T13:30:00+00:00,VALIDATED_SOURCE,NY,NQU5,2,SELL_TARGET,572.0,16.0,1.0,16.0,0.0,0.0,0.0,DNA_TP_DNA_SP,LEGACY_STAGE3F,100,RESOLVED,DOUBLE_STOP,SELL,STOP,2025-08-14 13:30:00.101065667+00:00,STOP,STOP,23857.0,23862.75,-49.0,-219.0,-268.0,23874.0,23841.5,23857.0,23858.5
2189,2025-08-14 09:30:00,2025-08-14T13:30:00+00:00,VALIDATED_SOURCE,NY,NQU5,2,SELL_TARGET,572.0,16.0,1.0,16.0,0.0,0.0,0.0,DNA_TP_DNA_SP,LEGACY_STAGE3F,500,RESOLVED,DOUBLE_STOP,SELL,STOP,2025-08-14 13:30:00.518301855+00:00,STOP,STOP,23857.0,23858.75,-49.0,-59.0,-108.0,23874.0,23841.5,23857.0,23858.5
2189,2025-08-14 09:30:00,2025-08-14T13:30:00+00:00,VALIDATED_SOURCE,NY,NQU5,2,SELL_TARGET,572.0,16.0,1.0,16.0,0.0,0.0,0.0,DNA_TP_REGISTRY_STOP,TRADE_TOUCH,0,RESOLVED,DOUBLE_STOP,SELL,STOP,2025-08-14 13:30:00.002120361+00:00,STOP,STOP,23857.0,23858.5,-49.0,-49.0,-98.0,23874.0,23841.5,23857.0,23858.5
2189,2025-08-14 09:30:00,2025-08-14T13:30:00+00:00,VALIDATED_SOURCE,NY,NQU5,2,SELL_TARGET,572.0,16.0,1.0,16.0,0.0,0.0,0.0,DNA_TP_REGISTRY_STOP,TRADE_TOUCH,1,RESOLVED,DOUBLE_STOP,SELL,STOP,2025-08-14 13:30:00.002120361+00:00,STOP,STOP,23857.0,23858.5,-49.0,-49.0,-98.0,23874.0,23841.5,23857.0,23858.5
2189,2025-08-14 09:30:00,2025-08-14T13:30:00+00:00,VALIDATED_SOURCE,NY,NQU5,2,SELL_TARGET,572.0,16.0,1.0,16.0,0.0,0.0,0.0,DNA_TP_REGISTRY_STOP,TRADE_TOUCH,100,RESOLVED,DOUBLE_STOP,SELL,STOP,2025-08-14 13:30:00.101065667+00:00,STOP,STOP,23857.0,23858.5,-49.0,-49.0,-98.0,23874.0,23841.5,23857.0,23858.5
2189,2025-08-14 09:30:00,2025-08-14T13:30:00+00:00,VALIDATED_SOURCE,NY,NQU5,2,SELL_TARGET,572.0,16.0,1.0,16.0,0.0,0.0,0.0,DNA_TP_REGISTRY_STOP,TRADE_TOUCH,500,RESOLVED,DOUBLE_STOP,BUY,STOP,2025-08-14 13:30:00.543101447+00:00,STOP,STOP,23857.0,23858.5,-49.0,-49.0,-98.0,23874.0,23841.5,23857.0,23858.5
2189,2025-08-14 09:30:00,2025-08-14T13:30:00+00:00,VALIDATED_SOURCE,NY,NQU5,2,SELL_TARGET,572.0,16.0,1.0,16.0,0.0,0.0,0.0,DNA_TP_REGISTRY_STOP,MID_TOUCH,0,RESOLVED,DOUBLE_STOP,SELL,STOP,2025-08-14 13:30:00.004159751+00:00,STOP,STOP,23857.0,23858.5,-49.0,-49.0,-98.0,23874.0,23841.5,23857.0,23858.5
2189,2025-08-14 09:30:00,2025-08-14T13:30:00+00:00,VALIDATED_SOURCE,NY,NQU5,2,SELL_TARGET,572.0,16.0,1.0,16.0,0.0,0.0,0.0,DNA_TP_REGISTRY_STOP,MID_TOUCH,1,RESOLVED,DOUBLE_STOP,SELL,STOP,2025-08-14 13:30:00.004159751+00:00,STOP,STOP,23857.0,23858.5,-49.0,-49.0,-98.0,23874.0,23841.5,23857.0,23858.5
2189,2025-08-14 09:30:00,2025-08-14T13:30:00+00:00,VALIDATED_SOURCE,NY,NQU5,2,SELL_TARGET,572.0,16.0,1.0,16.0,0.0,0.0,0.0,DNA_TP_REGISTRY_STOP,MID_TOUCH,100,RESOLVED,DOUBLE_STOP,SELL,STOP,2025-08-14 13:30:00.101065667+00:00,STOP,STOP,23857.0,23858.5,-49.0,-49.0,-98.0,23874.0,23841.5,23857.0,23858.5
2189,2025-08-14 09:30:00,2025-08-14T13:30:00+00:00,VALIDATED_SOURCE,NY,NQU5,2,SELL_TARGET,572.0,16.0,1.0,16.0,0.0,0.0,0.0,DNA_TP_REGISTRY_STOP,MID_TOUCH,500,RESOLVED,DOUBLE_STOP,SELL,STOP,2025-08-14 13:30:00.518301855+00:00,STOP,STOP,23857.0,23858.5,-49.0,-49.0,-98.0,23874.0,23841.5,23857.0,23858.5
2189,2025-08-14 09:30:00,2025-08-14T13:30:00+00:00,VALIDATED_SOURCE,NY,NQU5,2,SELL_TARGET,572.0,16.0,1.0,16.0,0.0,0.0,0.0,DNA_TP_REGISTRY_STOP,BBO_EXECUTABLE,0,RESOLVED,DOUBLE_STOP,SELL,STOP,2025-08-14 13:30:00.001561399+00:00,STOP,STOP,23857.0,23858.5,-49.0,-49.0,-98.0,23874.0,23841.5,23857.0,23858.5
2189,2025-08-14 09:30:00,2025-08-14T13:30:00+00:00,VALIDATED_SOURCE,NY,NQU5,2,SELL_TARGET,572.0,16.0,1.0,16.0,0.0,0.0,0.0,DNA_TP_REGISTRY_STOP,BBO_EXECUTABLE,1,RESOLVED,DOUBLE_STOP,SELL,STOP,2025-08-14 13:30:00.001561399+00:00,STOP,STOP,23857.0,23858.5,-49.0,-49.0,-98.0,23874.0,23841.5,23857.0,23858.5
2189,2025-08-14 09:30:00,2025-08-14T13:30:00+00:00,VALIDATED_SOURCE,NY,NQU5,2,SELL_TARGET,572.0,16.0,1.0,16.0,0.0,0.0,0.0,DNA_TP_REGISTRY_STOP,BBO_EXECUTABLE,100,RESOLVED,DOUBLE_STOP,SELL,STOP,2025-08-14 13:30:00.101065667+00:00,STOP,STOP,23857.0,23862.75,-49.0,-219.0,-268.0,23874.0,23841.5,23857.0,23858.5
2189,2025-08-14 09:30:00,2025-08-14T13:30:00+00:00,VALIDATED_SOURCE,NY,NQU5,2,SELL_TARGET,572.0,16.0,1.0,16.0,0.0,0.0,0.0,DNA_TP_REGISTRY_STOP,BBO_EXECUTABLE,500,RESOLVED,DOUBLE_STOP,SELL,STOP,2025-08-14 13:30:00.518301855+00:00,STOP,STOP,23857.0,23858.75,-49.0,-59.0,-108.0,23874.0,23841.5,23857.0,23858.5
2189,2025-08-14 09:30:00,2025-08-14T13:30:00+00:00,VALIDATED_SOURCE,NY,NQU5,2,SELL_TARGET,572.0,16.0,1.0,16.0,0.0,0.0,0.0,DNA_TP_REGISTRY_STOP,LEGACY_STAGE3F,0,RESOLVED,DOUBLE_STOP,SELL,STOP,2025-08-14 13:30:00.001561399+00:00,STOP,STOP,23857.0,23858.5,-49.0,-49.0,-98.0,23874.0,23841.5,23857.0,23858.5
2189,2025-08-14 09:30:00,2025-08-14T13:30:00+00:00,VALIDATED_SOURCE,NY,NQU5,2,SELL_TARGET,572.0,16.0,1.0,16.0,0.0,0.0,0.0,DNA_TP_REGISTRY_STOP,LEGACY_STAGE3F,1,RESOLVED,DOUBLE_STOP,SELL,STOP,2025-08-14 13:30:00.001561399+00:00,STOP,STOP,23857.0,23858.5,-49.0,-49.0,-98.0,23874.0,23841.5,23857.0,23858.5
2189,2025-08-14 09:30:00,2025-08-14T13:30:00+00:00,VALIDATED_SOURCE,NY,NQU5,2,SELL_TARGET,572.0,16.0,1.0,16.0,0.0,0.0,0.0,DNA_TP_REGISTRY_STOP,LEGACY_STAGE3F,100,RESOLVED,DOUBLE_STOP,SELL,STOP,2025-08-14 13:30:00.101065667+00:00,STOP,STOP,23857.0,23862.75,-49.0,-219.0,-268.0,23874.0,23841.5,23857.0,23858.5
2189,2025-08-14 09:30:00,2025-08-14T13:30:00+00:00,VALIDATED_SOURCE,NY,NQU5,2,SELL_TARGET,572.0,16.0,1.0,16.0,0.0,0.0,0.0,DNA_TP_REGISTRY_STOP,LEGACY_STAGE3F,500,RESOLVED,DOUBLE_STOP,SELL,STOP,2025-08-14 13:30:00.518301855+00:00,STOP,STOP,23857.0,23858.75,-49.0,-59.0,-108.0,23874.0,23841.5,23857.0,23858.5
2189,2025-08-14 09:30:00,2025-08-14T13:30:00+00:00,VALIDATED_SOURCE,NY,NQU5,2,SELL_TARGET,572.0,16.0,1.0,16.0,0.0,0.0,0.0,FORMULA_TP_REGISTRY_STOP,TRADE_TOUCH,0,RESOLVED,DOUBLE_STOP,SELL,STOP,2025-08-14 13:30:00.002120361+00:00,STOP,STOP,23857.0,23858.5,-49.0,-49.0,-98.0,23874.0,23841.5,23857.0,23858.5
2189,2025-08-14 09:30:00,2025-08-14T13:30:00+00:00,VALIDATED_SOURCE,NY,NQU5,2,SELL_TARGET,572.0,16.0,1.0,16.0,0.0,0.0,0.0,FORMULA_TP_REGISTRY_STOP,TRADE_TOUCH,1,RESOLVED,DOUBLE_STOP,SELL,STOP,2025-08-14 13:30:00.002120361+00:00,STOP,STOP,23857.0,23858.5,-49.0,-49.0,-98.0,23874.0,23841.5,23857.0,23858.5
2189,2025-08-14 09:30:00,2025-08-14T13:30:00+00:00,VALIDATED_SOURCE,NY,NQU5,2,SELL_TARGET,572.0,16.0,1.0,16.0,0.0,0.0,0.0,FORMULA_TP_REGISTRY_STOP,TRADE_TOUCH,100,RESOLVED,DOUBLE_STOP,SELL,STOP,2025-08-14 13:30:00.101065667+00:00,STOP,STOP,23857.0,23858.5,-49.0,-49.0,-98.0,23874.0,23841.5,23857.0,23858.5
2189,2025-08-14 09:30:00,2025-08-14T13:30:00+00:00,VALIDATED_SOURCE,NY,NQU5,2,SELL_TARGET,572.0,16.0,1.0,16.0,0.0,0.0,0.0,FORMULA_TP_REGISTRY_STOP,TRADE_TOUCH,500,RESOLVED,DOUBLE_STOP,BUY,STOP,2025-08-14 13:30:00.543101447+00:00,STOP,STOP,23857.0,23858.5,-49.0,-49.0,-98.0,23874.0,23841.5,23857.0,23858.5
2189,2025-08-14 09:30:00,2025-08-14T13:30:00+00:00,VALIDATED_SOURCE,NY,NQU5,2,SELL_TARGET,572.0,16.0,1.0,16.0,0.0,0.0,0.0,FORMULA_TP_REGISTRY_STOP,MID_TOUCH,0,RESOLVED,DOUBLE_STOP,SELL,STOP,2025-08-14 13:30:00.004159751+00:00,STOP,STOP,23857.0,23858.5,-49.0,-49.0,-98.0,23874.0,23841.5,23857.0,23858.5
2189,2025-08-14 09:30:00,2025-08-14T13:30:00+00:00,VALIDATED_SOURCE,NY,NQU5,2,SELL_TARGET,572.0,16.0,1.0,16.0,0.0,0.0,0.0,FORMULA_TP_REGISTRY_STOP,MID_TOUCH,1,RESOLVED,DOUBLE_STOP,SELL,STOP,2025-08-14 13:30:00.004159751+00:00,STOP,STOP,23857.0,23858.5,-49.0,-49.0,-98.0,23874.0,23841.5,23857.0,23858.5
2189,2025-08-14 09:30:00,2025-08-14T13:30:00+00:00,VALIDATED_SOURCE,NY,NQU5,2,SELL_TARGET,572.0,16.0,1.0,16.0,0.0,0.0,0.0,FORMULA_TP_REGISTRY_STOP,MID_TOUCH,100,RESOLVED,DOUBLE_STOP,SELL,STOP,2025-08-14 13:30:00.101065667+00:00,STOP,STOP,23857.0,23858.5,-49.0,-49.0,-98.0,23874.0,23841.5,23857.0,23858.5
2189,2025-08-14 09:30:00,2025-08-14T13:30:00+00:00,VALIDATED_SOURCE,NY,NQU5,2,SELL_TARGET,572.0,16.0,1.0,16.0,0.0,0.0,0.0,FORMULA_TP_REGISTRY_STOP,MID_TOUCH,500,RESOLVED,DOUBLE_STOP,SELL,STOP,2025-08-14 13:30:00.518301855+00:00,STOP,STOP,23857.0,23858.5,-49.0,-49.0,-98.0,23874.0,23841.5,23857.0,23858.5
2189,2025-08-14 09:30:00,2025-08-14T13:30:00+00:00,VALIDATED_SOURCE,NY,NQU5,2,SELL_TARGET,572.0,16.0,1.0,16.0,0.0,0.0,0.0,FORMULA_TP_REGISTRY_STOP,BBO_EXECUTABLE,0,RESOLVED,DOUBLE_STOP,SELL,STOP,2025-08-14 13:30:00.001561399+00:00,STOP,STOP,23857.0,23858.5,-49.0,-49.0,-98.0,23874.0,23841.5,23857.0,23858.5
2189,2025-08-14 09:30:00,2025-08-14T13:30:00+00:00,VALIDATED_SOURCE,NY,NQU5,2,SELL_TARGET,572.0,16.0,1.0,16.0,0.0,0.0,0.0,FORMULA_TP_REGISTRY_STOP,BBO_EXECUTABLE,1,RESOLVED,DOUBLE_STOP,SELL,STOP,2025-08-14 13:30:00.001561399+00:00,STOP,STOP,23857.0,23858.5,-49.0,-49.0,-98.0,23874.0,23841.5,23857.0,23858.5
2189,2025-08-14 09:30:00,2025-08-14T13:30:00+00:00,VALIDATED_SOURCE,NY,NQU5,2,SELL_TARGET,572.0,16.0,1.0,16.0,0.0,0.0,0.0,FORMULA_TP_REGISTRY_STOP,BBO_EXECUTABLE,100,RESOLVED,DOUBLE_STOP,SELL,STOP,2025-08-14 13:30:00.101065667+00:00,STOP,STOP,23857.0,23862.75,-49.0,-219.0,-268.0,23874.0,23841.5,23857.0,23858.5
2189,2025-08-14 09:30:00,2025-08-14T13:30:00+00:00,VALIDATED_SOURCE,NY,NQU5,2,SELL_TARGET,572.0,16.0,1.0,16.0,0.0,0.0,0.0,FORMULA_TP_REGISTRY_STOP,BBO_EXECUTABLE,500,RESOLVED,DOUBLE_STOP,SELL,STOP,2025-08-14 13:30:00.518301855+00:00,STOP,STOP,23857.0,23858.75,-49.0,-59.0,-108.0,23874.0,23841.5,23857.0,23858.5
2189,2025-08-14 09:30:00,2025-08-14T13:30:00+00:00,VALIDATED_SOURCE,NY,NQU5,2,SELL_TARGET,572.0,16.0,1.0,16.0,0.0,0.0,0.0,FORMULA_TP_REGISTRY_STOP,LEGACY_STAGE3F,0,RESOLVED,DOUBLE_STOP,SELL,STOP,2025-08-14 13:30:00.001561399+00:00,STOP,STOP,23857.0,23858.5,-49.0,-49.0,-98.0,23874.0,23841.5,23857.0,23858.5
2189,2025-08-14 09:30:00,2025-08-14T13:30:00+00:00,VALIDATED_SOURCE,NY,NQU5,2,SELL_TARGET,572.0,16.0,1.0,16.0,0.0,0.0,0.0,FORMULA_TP_REGISTRY_STOP,LEGACY_STAGE3F,1,RESOLVED,DOUBLE_STOP,SELL,STOP,2025-08-14 13:30:00.001561399+00:00,STOP,STOP,23857.0,23858.5,-49.0,-49.0,-98.0,23874.0,23841.5,23857.0,23858.5
2189,2025-08-14 09:30:00,2025-08-14T13:30:00+00:00,VALIDATED_SOURCE,NY,NQU5,2,SELL_TARGET,572.0,16.0,1.0,16.0,0.0,0.0,0.0,FORMULA_TP_REGISTRY_STOP,LEGACY_STAGE3F,100,RESOLVED,DOUBLE_STOP,SELL,STOP,2025-08-14 13:30:00.101065667+00:00,STOP,STOP,23857.0,23862.75,-49.0,-219.0,-268.0,23874.0,23841.5,23857.0,23858.5
2189,2025-08-14 09:30:00,2025-08-14T13:30:00+00:00,VALIDATED_SOURCE,NY,NQU5,2,SELL_TARGET,572.0,16.0,1.0,16.0,0.0,0.0,0.0,FORMULA_TP_REGISTRY_STOP,LEGACY_STAGE3F,500,RESOLVED,DOUBLE_STOP,SELL,STOP,2025-08-14 13:30:00.518301855+00:00,STOP,STOP,23857.0,23858.75,-49.0,-59.0,-108.0,23874.0,23841.5,23857.0,23858.5
2190,2025-08-14 18:00:00,2025-08-14T22:00:00+00:00,VALIDATED_SOURCE,WEEKDAY_WEAK,NQU5,1,DOUBLE_STOP,-59.0,10.0,1.0,10.0,0.0,0.0,0.0,DNA_TP_DNA_SP,TRADE_TOUCH,0,RESOLVED,DOUBLE_STOP,BUY,STOP,2025-08-14 22:00:00.016362047+00:00,STOP,STOP,23888.0,23889.5,-24.5,-24.5,-49.0,23899.0,23878.5,23888.0,23889.5
2190,2025-08-14 18:00:00,2025-08-14T22:00:00+00:00,VALIDATED_SOURCE,WEEKDAY_WEAK,NQU5,1,DOUBLE_STOP,-59.0,10.0,1.0,10.0,0.0,0.0,0.0,DNA_TP_DNA_SP,TRADE_TOUCH,1,RESOLVED,DOUBLE_STOP,BUY,STOP,2025-08-14 22:00:00.016362047+00:00,STOP,STOP,23888.0,23889.5,-24.5,-24.5,-49.0,23899.0,23878.5,23888.0,23889.5
2190,2025-08-14 18:00:00,2025-08-14T22:00:00+00:00,VALIDATED_SOURCE,WEEKDAY_WEAK,NQU5,1,DOUBLE_STOP,-59.0,10.0,1.0,10.0,0.0,0.0,0.0,DNA_TP_DNA_SP,TRADE_TOUCH,100,RESOLVED,DOUBLE_STOP,BUY,STOP,2025-08-14 22:00:00.154547745+00:00,STOP,STOP,23888.0,23889.5,-24.5,-24.5,-49.0,23899.0,23878.5,23888.0,23889.5
2190,2025-08-14 18:00:00,2025-08-14T22:00:00+00:00,VALIDATED_SOURCE,WEEKDAY_WEAK,NQU5,1,DOUBLE_STOP,-59.0,10.0,1.0,10.0,0.0,0.0,0.0,DNA_TP_DNA_SP,TRADE_TOUCH,500,RESOLVED,DOUBLE_STOP,BUY,STOP,2025-08-14 22:00:00.553434745+00:00,STOP,STOP,23888.0,23889.5,-24.5,-24.5,-49.0,23899.0,23878.5,23888.0,23889.5
2190,2025-08-14 18:00:00,2025-08-14T22:00:00+00:00,VALIDATED_SOURCE,WEEKDAY_WEAK,NQU5,1,DOUBLE_STOP,-59.0,10.0,1.0,10.0,0.0,0.0,0.0,DNA_TP_DNA_SP,MID_TOUCH,0,RESOLVED,SELL_TARGET,BUY,STOP,2025-08-14 22:00:00.016362047+00:00,STOP,TARGET,23888.0,23878.5,-24.5,195.5,171.0,23899.0,23878.5,23888.0,23889.5
2190,2025-08-14 18:00:00,2025-08-14T22:00:00+00:00,VALIDATED_SOURCE,WEEKDAY_WEAK,NQU5,1,DOUBLE_STOP,-59.0,10.0,1.0,10.0,0.0,0.0,0.0,DNA_TP_DNA_SP,MID_TOUCH,1,RESOLVED,SELL_TARGET,BUY,STOP,2025-08-14 22:00:00.016362047+00:00,STOP,TARGET,23888.0,23878.5,-24.5,195.5,171.0,23899.0,23878.5,23888.0,23889.5
2190,2025-08-14 18:00:00,2025-08-14T22:00:00+00:00,VALIDATED_SOURCE,WEEKDAY_WEAK,NQU5,1,DOUBLE_STOP,-59.0,10.0,1.0,10.0,0.0,0.0,0.0,DNA_TP_DNA_SP,MID_TOUCH,100,RESOLVED,SELL_TARGET,BUY,STOP,2025-08-14 22:00:00.154547745+00:00,STOP,TARGET,23888.0,23878.5,-24.5,195.5,171.0,23899.0,23878.5,23888.0,23889.5
2190,2025-08-14 18:00:00,2025-08-14T22:00:00+00:00,VALIDATED_SOURCE,WEEKDAY_WEAK,NQU5,1,DOUBLE_STOP,-59.0,10.0,1.0,10.0,0.0,0.0,0.0,DNA_TP_DNA_SP,MID_TOUCH,500,RESOLVED,SELL_TARGET,BUY,STOP,2025-08-14 22:00:00.553434745+00:00,STOP,TARGET,23888.0,23878.5,-24.5,195.5,171.0,23899.0,23878.5,23888.0,23889.5
2190,2025-08-14 18:00:00,2025-08-14T22:00:00+00:00,VALIDATED_SOURCE,WEEKDAY_WEAK,NQU5,1,DOUBLE_STOP,-59.0,10.0,1.0,10.0,0.0,0.0,0.0,DNA_TP_DNA_SP,BBO_EXECUTABLE,0,RESOLVED,DOUBLE_STOP,SELL,STOP,2025-08-14 22:00:00.011795725+00:00,STOP,STOP,23885.25,23889.5,-79.5,-24.5,-104.0,23899.0,23878.5,23888.0,23889.5
2190,2025-08-14 18:00:00,2025-08-14T22:00:00+00:00,VALIDATED_SOURCE,WEEKDAY_WEAK,NQU5,1,DOUBLE_STOP,-59.0,10.0,1.0,10.0,0.0,0.0,0.0,DNA_TP_DNA_SP,BBO_EXECUTABLE,1,RESOLVED,DOUBLE_STOP,SELL,STOP,2025-08-14 22:00:00.011795725+00:00,STOP,STOP,23885.25,23889.5,-79.5,-24.5,-104.0,23899.0,23878.5,23888.0,23889.5
2190,2025-08-14 18:00:00,2025-08-14T22:00:00+00:00,VALIDATED_SOURCE,WEEKDAY_WEAK,NQU5,1,DOUBLE_STOP,-59.0,10.0,1.0,10.0,0.0,0.0,0.0,DNA_TP_DNA_SP,BBO_EXECUTABLE,100,RESOLVED,SELL_TARGET,BUY,STOP,2025-08-14 22:00:00.154547745+00:00,STOP,TARGET,23880.5,23878.5,-174.5,195.5,21.0,23899.0,23878.5,23888.0,23889.5
2190,2025-08-14 18:00:00,2025-08-14T22:00:00+00:00,VALIDATED_SOURCE,WEEKDAY_WEAK,NQU5,1,DOUBLE_STOP,-59.0,10.0,1.0,10.0,0.0,0.0,0.0,DNA_TP_DNA_SP,BBO_EXECUTABLE,500,RESOLVED,SELL_TARGET,BUY,STOP,2025-08-14 22:00:00.553434745+00:00,STOP,TARGET,23882.5,23878.5,-134.5,195.5,61.0,23899.0,23878.5,23888.0,23889.5
2190,2025-08-14 18:00:00,2025-08-14T22:00:00+00:00,VALIDATED_SOURCE,WEEKDAY_WEAK,NQU5,1,DOUBLE_STOP,-59.0,10.0,1.0,10.0,0.0,0.0,0.0,DNA_TP_DNA_SP,LEGACY_STAGE3F,0,RESOLVED,DOUBLE_STOP,SELL,STOP,2025-08-14 22:00:00.011795725+00:00,STOP,STOP,23885.25,23889.5,-79.5,-24.5,-104.0,23899.0,23878.5,23888.0,23889.5
2190,2025-08-14 18:00:00,2025-08-14T22:00:00+00:00,VALIDATED_SOURCE,WEEKDAY_WEAK,NQU5,1,DOUBLE_STOP,-59.0,10.0,1.0,10.0,0.0,0.0,0.0,DNA_TP_DNA_SP,LEGACY_STAGE3F,1,RESOLVED,DOUBLE_STOP,SELL,STOP,2025-08-14 22:00:00.011795725+00:00,STOP,STOP,23885.25,23889.5,-79.5,-24.5,-104.0,23899.0,23878.5,23888.0,23889.5
2190,2025-08-14 18:00:00,2025-08-14T22:00:00+00:00,VALIDATED_SOURCE,WEEKDAY_WEAK,NQU5,1,DOUBLE_STOP,-59.0,10.0,1.0,10.0,0.0,0.0,0.0,DNA_TP_DNA_SP,LEGACY_STAGE3F,100,RESOLVED,DOUBLE_STOP,BUY,STOP,2025-08-14 22:00:00.154547745+00:00,STOP,STOP,23880.5,23886.5,-174.5,35.5,-139.0,23899.0,23878.5,23888.0,23889.5
2190,2025-08-14 18:00:00,2025-08-14T22:00:00+00:00,VALIDATED_SOURCE,WEEKDAY_WEAK,NQU5,1,DOUBLE_STOP,-59.0,10.0,1.0,10.0,0.0,0.0,0.0,DNA_TP_DNA_SP,LEGACY_STAGE3F,500,RESOLVED,DOUBLE_STOP,BUY,STOP,2025-08-14 22:00:00.553434745+00:00,STOP,STOP,23882.5,23886.5,-134.5,35.5,-99.0,23899.0,23878.5,23888.0,23889.5
2190,2025-08-14 18:00:00,2025-08-14T22:00:00+00:00,VALIDATED_SOURCE,WEEKDAY_WEAK,NQU5,1,DOUBLE_STOP,-59.0,10.0,1.0,10.0,0.0,0.0,0.0,DNA_TP_REGISTRY_STOP,TRADE_TOUCH,0,RESOLVED,DOUBLE_STOP,BUY,STOP,2025-08-14 22:00:00.016362047+00:00,STOP,STOP,23888.0,23889.5,-24.5,-24.5,-49.0,23899.0,23878.5,23888.0,23889.5
2190,2025-08-14 18:00:00,2025-08-14T22:00:00+00:00,VALIDATED_SOURCE,WEEKDAY_WEAK,NQU5,1,DOUBLE_STOP,-59.0,10.0,1.0,10.0,0.0,0.0,0.0,DNA_TP_REGISTRY_STOP,TRADE_TOUCH,1,RESOLVED,DOUBLE_STOP,BUY,STOP,2025-08-14 22:00:00.016362047+00:00,STOP,STOP,23888.0,23889.5,-24.5,-24.5,-49.0,23899.0,23878.5,23888.0,23889.5
2190,2025-08-14 18:00:00,2025-08-14T22:00:00+00:00,VALIDATED_SOURCE,WEEKDAY_WEAK,NQU5,1,DOUBLE_STOP,-59.0,10.0,1.0,10.0,0.0,0.0,0.0,DNA_TP_REGISTRY_STOP,TRADE_TOUCH,100,RESOLVED,DOUBLE_STOP,BUY,STOP,2025-08-14 22:00:00.154547745+00:00,STOP,STOP,23888.0,23889.5,-24.5,-24.5,-49.0,23899.0,23878.5,23888.0,23889.5
2190,2025-08-14 18:00:00,2025-08-14T22:00:00+00:00,VALIDATED_SOURCE,WEEKDAY_WEAK,NQU5,1,DOUBLE_STOP,-59.0,10.0,1.0,10.0,0.0,0.0,0.0,DNA_TP_REGISTRY_STOP,TRADE_TOUCH,500,RESOLVED,DOUBLE_STOP,BUY,STOP,2025-08-14 22:00:00.553434745+00:00,STOP,STOP,23888.0,23889.5,-24.5,-24.5,-49.0,23899.0,23878.5,23888.0,23889.5
2190,2025-08-14 18:00:00,2025-08-14T22:00:00+00:00,VALIDATED_SOURCE,WEEKDAY_WEAK,NQU5,1,DOUBLE_STOP,-59.0,10.0,1.0,10.0,0.0,0.0,0.0,DNA_TP_REGISTRY_STOP,MID_TOUCH,0,RESOLVED,SELL_TARGET,BUY,STOP,2025-08-14 22:00:00.016362047+00:00,STOP,TARGET,23888.0,23878.5,-24.5,195.5,171.0,23899.0,23878.5,23888.0,23889.5
2190,2025-08-14 18:00:00,2025-08-14T22:00:00+00:00,VALIDATED_SOURCE,WEEKDAY_WEAK,NQU5,1,DOUBLE_STOP,-59.0,10.0,1.0,10.0,0.0,0.0,0.0,DNA_TP_REGISTRY_STOP,MID_TOUCH,1,RESOLVED,SELL_TARGET,BUY,STOP,2025-08-14 22:00:00.016362047+00:00,STOP,TARGET,23888.0,23878.5,-24.5,195.5,171.0,23899.0,23878.5,23888.0,23889.5
2190,2025-08-14 18:00:00,2025-08-14T22:00:00+00:00,VALIDATED_SOURCE,WEEKDAY_WEAK,NQU5,1,DOUBLE_STOP,-59.0,10.0,1.0,10.0,0.0,0.0,0.0,DNA_TP_REGISTRY_STOP,MID_TOUCH,100,RESOLVED,SELL_TARGET,BUY,STOP,2025-08-14 22:00:00.154547745+00:00,STOP,TARGET,23888.0,23878.5,-24.5,195.5,171.0,23899.0,23878.5,23888.0,23889.5
2190,2025-08-14 18:00:00,2025-08-14T22:00:00+00:00,VALIDATED_SOURCE,WEEKDAY_WEAK,NQU5,1,DOUBLE_STOP,-59.0,10.0,1.0,10.0,0.0,0.0,0.0,DNA_TP_REGISTRY_STOP,MID_TOUCH,500,RESOLVED,SELL_TARGET,BUY,STOP,2025-08-14 22:00:00.553434745+00:00,STOP,TARGET,23888.0,23878.5,-24.5,195.5,171.0,23899.0,23878.5,23888.0,23889.5
2190,2025-08-14 18:00:00,2025-08-14T22:00:00+00:00,VALIDATED_SOURCE,WEEKDAY_WEAK,NQU5,1,DOUBLE_STOP,-59.0,10.0,1.0,10.0,0.0,0.0,0.0,DNA_TP_REGISTRY_STOP,BBO_EXECUTABLE,0,RESOLVED,DOUBLE_STOP,SELL,STOP,2025-08-14 22:00:00.011795725+00:00,STOP,STOP,23885.25,23889.5,-79.5,-24.5,-104.0,23899.0,23878.5,23888.0,23889.5
2190,2025-08-14 18:00:00,2025-08-14T22:00:00+00:00,VALIDATED_SOURCE,WEEKDAY_WEAK,NQU5,1,DOUBLE_STOP,-59.0,10.0,1.0,10.0,0.0,0.0,0.0,DNA_TP_REGISTRY_STOP,BBO_EXECUTABLE,1,RESOLVED,DOUBLE_STOP,SELL,STOP,2025-08-14 22:00:00.011795725+00:00,STOP,STOP,23885.25,23889.5,-79.5,-24.5,-104.0,23899.0,23878.5,23888.0,23889.5
2190,2025-08-14 18:00:00,2025-08-14T22:00:00+00:00,VALIDATED_SOURCE,WEEKDAY_WEAK,NQU5,1,DOUBLE_STOP,-59.0,10.0,1.0,10.0,0.0,0.0,0.0,DNA_TP_REGISTRY_STOP,BBO_EXECUTABLE,100,RESOLVED,SELL_TARGET,BUY,STOP,2025-08-14 22:00:00.154547745+00:00,STOP,TARGET,23880.5,23878.5,-174.5,195.5,21.0,23899.0,23878.5,23888.0,23889.5
2190,2025-08-14 18:00:00,2025-08-14T22:00:00+00:00,VALIDATED_SOURCE,WEEKDAY_WEAK,NQU5,1,DOUBLE_STOP,-59.0,10.0,1.0,10.0,0.0,0.0,0.0,DNA_TP_REGISTRY_STOP,BBO_EXECUTABLE,500,RESOLVED,SELL_TARGET,BUY,STOP,2025-08-14 22:00:00.553434745+00:00,STOP,TARGET,23882.5,23878.5,-134.5,195.5,61.0,23899.0,23878.5,23888.0,23889.5
2190,2025-08-14 18:00:00,2025-08-14T22:00:00+00:00,VALIDATED_SOURCE,WEEKDAY_WEAK,NQU5,1,DOUBLE_STOP,-59.0,10.0,1.0,10.0,0.0,0.0,0.0,DNA_TP_REGISTRY_STOP,LEGACY_STAGE3F,0,RESOLVED,DOUBLE_STOP,SELL,STOP,2025-08-14 22:00:00.011795725+00:00,STOP,STOP,23885.25,23889.5,-79.5,-24.5,-104.0,23899.0,23878.5,23888.0,23889.5
2190,2025-08-14 18:00:00,2025-08-14T22:00:00+00:00,VALIDATED_SOURCE,WEEKDAY_WEAK,NQU5,1,DOUBLE_STOP,-59.0,10.0,1.0,10.0,0.0,0.0,0.0,DNA_TP_REGISTRY_STOP,LEGACY_STAGE3F,1,RESOLVED,DOUBLE_STOP,SELL,STOP,2025-08-14 22:00:00.011795725+00:00,STOP,STOP,23885.25,23889.5,-79.5,-24.5,-104.0,23899.0,23878.5,23888.0,23889.5
2190,2025-08-14 18:00:00,2025-08-14T22:00:00+00:00,VALIDATED_SOURCE,WEEKDAY_WEAK,NQU5,1,DOUBLE_STOP,-59.0,10.0,1.0,10.0,0.0,0.0,0.0,DNA_TP_REGISTRY_STOP,LEGACY_STAGE3F,100,RESOLVED,DOUBLE_STOP,BUY,STOP,2025-08-14 22:00:00.154547745+00:00,STOP,STOP,23880.5,23886.5,-174.5,35.5,-139.0,23899.0,23878.5,23888.0,23889.5
2190,2025-08-14 18:00:00,2025-08-14T22:00:00+00:00,VALIDATED_SOURCE,WEEKDAY_WEAK,NQU5,1,DOUBLE_STOP,-59.0,10.0,1.0,10.0,0.0,0.0,0.0,DNA_TP_REGISTRY_STOP,LEGACY_STAGE3F,500,RESOLVED,DOUBLE_STOP,BUY,STOP,2025-08-14 22:00:00.553434745+00:00,STOP,STOP,23882.5,23886.5,-134.5,35.5,-99.0,23899.0,23878.5,23888.0,23889.5
2190,2025-08-14 18:00:00,2025-08-14T22:00:00+00:00,VALIDATED_SOURCE,WEEKDAY_WEAK,NQU5,1,DOUBLE_STOP,-59.0,10.0,1.0,10.0,0.0,0.0,0.0,FORMULA_TP_REGISTRY_STOP,TRADE_TOUCH,0,RESOLVED,DOUBLE_STOP,BUY,STOP,2025-08-14 22:00:00.016362047+00:00,STOP,STOP,23888.0,23889.5,-24.5,-24.5,-49.0,23899.0,23878.5,23888.0,23889.5
2190,2025-08-14 18:00:00,2025-08-14T22:00:00+00:00,VALIDATED_SOURCE,WEEKDAY_WEAK,NQU5,1,DOUBLE_STOP,-59.0,10.0,1.0,10.0,0.0,0.0,0.0,FORMULA_TP_REGISTRY_STOP,TRADE_TOUCH,1,RESOLVED,DOUBLE_STOP,BUY,STOP,2025-08-14 22:00:00.016362047+00:00,STOP,STOP,23888.0,23889.5,-24.5,-24.5,-49.0,23899.0,23878.5,23888.0,23889.5
2190,2025-08-14 18:00:00,2025-08-14T22:00:00+00:00,VALIDATED_SOURCE,WEEKDAY_WEAK,NQU5,1,DOUBLE_STOP,-59.0,10.0,1.0,10.0,0.0,0.0,0.0,FORMULA_TP_REGISTRY_STOP,TRADE_TOUCH,100,RESOLVED,DOUBLE_STOP,BUY,STOP,2025-08-14 22:00:00.154547745+00:00,STOP,STOP,23888.0,23889.5,-24.5,-24.5,-49.0,23899.0,23878.5,23888.0,23889.5
2190,2025-08-14 18:00:00,2025-08-14T22:00:00+00:00,VALIDATED_SOURCE,WEEKDAY_WEAK,NQU5,1,DOUBLE_STOP,-59.0,10.0,1.0,10.0,0.0,0.0,0.0,FORMULA_TP_REGISTRY_STOP,TRADE_TOUCH,500,RESOLVED,DOUBLE_STOP,BUY,STOP,2025-08-14 22:00:00.553434745+00:00,STOP,STOP,23888.0,23889.5,-24.5,-24.5,-49.0,23899.0,23878.5,23888.0,23889.5
2190,2025-08-14 18:00:00,2025-08-14T22:00:00+00:00,VALIDATED_SOURCE,WEEKDAY_WEAK,NQU5,1,DOUBLE_STOP,-59.0,10.0,1.0,10.0,0.0,0.0,0.0,FORMULA_TP_REGISTRY_STOP,MID_TOUCH,0,RESOLVED,SELL_TARGET,BUY,STOP,2025-08-14 22:00:00.016362047+00:00,STOP,TARGET,23888.0,23878.5,-24.5,195.5,171.0,23899.0,23878.5,23888.0,23889.5
2190,2025-08-14 18:00:00,2025-08-14T22:00:00+00:00,VALIDATED_SOURCE,WEEKDAY_WEAK,NQU5,1,DOUBLE_STOP,-59.0,10.0,1.0,10.0,0.0,0.0,0.0,FORMULA_TP_REGISTRY_STOP,MID_TOUCH,1,RESOLVED,SELL_TARGET,BUY,STOP,2025-08-14 22:00:00.016362047+00:00,STOP,TARGET,23888.0,23878.5,-24.5,195.5,171.0,23899.0,23878.5,23888.0,23889.5
2190,2025-08-14 18:00:00,2025-08-14T22:00:00+00:00,VALIDATED_SOURCE,WEEKDAY_WEAK,NQU5,1,DOUBLE_STOP,-59.0,10.0,1.0,10.0,0.0,0.0,0.0,FORMULA_TP_REGISTRY_STOP,MID_TOUCH,100,RESOLVED,SELL_TARGET,BUY,STOP,2025-08-14 22:00:00.154547745+00:00,STOP,TARGET,23888.0,23878.5,-24.5,195.5,171.0,23899.0,23878.5,23888.0,23889.5
2190,2025-08-14 18:00:00,2025-08-14T22:00:00+00:00,VALIDATED_SOURCE,WEEKDAY_WEAK,NQU5,1,DOUBLE_STOP,-59.0,10.0,1.0,10.0,0.0,0.0,0.0,FORMULA_TP_REGISTRY_STOP,MID_TOUCH,500,RESOLVED,SELL_TARGET,BUY,STOP,2025-08-14 22:00:00.553434745+00:00,STOP,TARGET,23888.0,23878.5,-24.5,195.5,171.0,23899.0,23878.5,23888.0,23889.5
2190,2025-08-14 18:00:00,2025-08-14T22:00:00+00:00,VALIDATED_SOURCE,WEEKDAY_WEAK,NQU5,1,DOUBLE_STOP,-59.0,10.0,1.0,10.0,0.0,0.0,0.0,FORMULA_TP_REGISTRY_STOP,BBO_EXECUTABLE,0,RESOLVED,DOUBLE_STOP,SELL,STOP,2025-08-14 22:00:00.011795725+00:00,STOP,STOP,23885.25,23889.5,-79.5,-24.5,-104.0,23899.0,23878.5,23888.0,23889.5
2190,2025-08-14 18:00:00,2025-08-14T22:00:00+00:00,VALIDATED_SOURCE,WEEKDAY_WEAK,NQU5,1,DOUBLE_STOP,-59.0,10.0,1.0,10.0,0.0,0.0,0.0,FORMULA_TP_REGISTRY_STOP,BBO_EXECUTABLE,1,RESOLVED,DOUBLE_STOP,SELL,STOP,2025-08-14 22:00:00.011795725+00:00,STOP,STOP,23885.25,23889.5,-79.5,-24.5,-104.0,23899.0,23878.5,23888.0,23889.5
2190,2025-08-14 18:00:00,2025-08-14T22:00:00+00:00,VALIDATED_SOURCE,WEEKDAY_WEAK,NQU5,1,DOUBLE_STOP,-59.0,10.0,1.0,10.0,0.0,0.0,0.0,FORMULA_TP_REGISTRY_STOP,BBO_EXECUTABLE,100,RESOLVED,SELL_TARGET,BUY,STOP,2025-08-14 22:00:00.154547745+00:00,STOP,TARGET,23880.5,23878.5,-174.5,195.5,21.0,23899.0,23878.5,23888.0,23889.5
2190,2025-08-14 18:00:00,2025-08-14T22:00:00+00:00,VALIDATED_SOURCE,WEEKDAY_WEAK,NQU5,1,DOUBLE_STOP,-59.0,10.0,1.0,10.0,0.0,0.0,0.0,FORMULA_TP_REGISTRY_STOP,BBO_EXECUTABLE,500,RESOLVED,SELL_TARGET,BUY,STOP,2025-08-14 22:00:00.553434745+00:00,STOP,TARGET,23882.5,23878.5,-134.5,195.5,61.0,23899.0,23878.5,23888.0,23889.5
2190,2025-08-14 18:00:00,2025-08-14T22:00:00+00:00,VALIDATED_SOURCE,WEEKDAY_WEAK,NQU5,1,DOUBLE_STOP,-59.0,10.0,1.0,10.0,0.0,0.0,0.0,FORMULA_TP_REGISTRY_STOP,LEGACY_STAGE3F,0,RESOLVED,DOUBLE_STOP,SELL,STOP,2025-08-14 22:00:00.011795725+00:00,STOP,STOP,23885.25,23889.5,-79.5,-24.5,-104.0,23899.0,23878.5,23888.0,23889.5
2190,2025-08-14 18:00:00,2025-08-14T22:00:00+00:00,VALIDATED_SOURCE,WEEKDAY_WEAK,NQU5,1,DOUBLE_STOP,-59.0,10.0,1.0,10.0,0.0,0.0,0.0,FORMULA_TP_REGISTRY_STOP,LEGACY_STAGE3F,1,RESOLVED,DOUBLE_STOP,SELL,STOP,2025-08-14 22:00:00.011795725+00:00,STOP,STOP,23885.25,23889.5,-79.5,-24.5,-104.0,23899.0,23878.5,23888.0,23889.5
2190,2025-08-14 18:00:00,2025-08-14T22:00:00+00:00,VALIDATED_SOURCE,WEEKDAY_WEAK,NQU5,1,DOUBLE_STOP,-59.0,10.0,1.0,10.0,0.0,0.0,0.0,FORMULA_TP_REGISTRY_STOP,LEGACY_STAGE3F,100,RESOLVED,DOUBLE_STOP,BUY,STOP,2025-08-14 22:00:00.154547745+00:00,STOP,STOP,23880.5,23886.5,-174.5,35.5,-139.0,23899.0,23878.5,23888.0,23889.5
2190,2025-08-14 18:00:00,2025-08-14T22:00:00+00:00,VALIDATED_SOURCE,WEEKDAY_WEAK,NQU5,1,DOUBLE_STOP,-59.0,10.0,1.0,10.0,0.0,0.0,0.0,FORMULA_TP_REGISTRY_STOP,LEGACY_STAGE3F,500,RESOLVED,DOUBLE_STOP,BUY,STOP,2025-08-14 22:00:00.553434745+00:00,STOP,STOP,23882.5,23886.5,-134.5,35.5,-99.0,23899.0,23878.5,23888.0,23889.5
2191,2025-08-15 09:30:00,2025-08-15T13:30:00+00:00,VALIDATED_SOURCE,NY,NQU5,2,DOUBLE_STOP,-118.0,16.0,1.0,16.0,0.0,0.0,0.0,DNA_TP_DNA_SP,TRADE_TOUCH,0,RESOLVED,DOUBLE_STOP,SELL,STOP,2025-08-15 13:30:00.004084377+00:00,STOP,STOP,23908.5,23910.0,-49.0,-49.0,-98.0,23925.5,23893.0,23908.5,23910.0
2191,2025-08-15 09:30:00,2025-08-15T13:30:00+00:00,VALIDATED_SOURCE,NY,NQU5,2,DOUBLE_STOP,-118.0,16.0,1.0,16.0,0.0,0.0,0.0,DNA_TP_DNA_SP,TRADE_TOUCH,1,RESOLVED,DOUBLE_STOP,SELL,STOP,2025-08-15 13:30:00.004084377+00:00,STOP,STOP,23908.5,23910.0,-49.0,-49.0,-98.0,23925.5,23893.0,23908.5,23910.0
2191,2025-08-15 09:30:00,2025-08-15T13:30:00+00:00,VALIDATED_SOURCE,NY,NQU5,2,DOUBLE_STOP,-118.0,16.0,1.0,16.0,0.0,0.0,0.0,DNA_TP_DNA_SP,TRADE_TOUCH,100,RESOLVED,DOUBLE_STOP,SELL,STOP,2025-08-15 13:30:00.109477267+00:00,STOP,STOP,23908.5,23910.0,-49.0,-49.0,-98.0,23925.5,23893.0,23908.5,23910.0
2191,2025-08-15 09:30:00,2025-08-15T13:30:00+00:00,VALIDATED_SOURCE,NY,NQU5,2,DOUBLE_STOP,-118.0,16.0,1.0,16.0,0.0,0.0,0.0,DNA_TP_DNA_SP,TRADE_TOUCH,500,RESOLVED,SELL_TARGET,BUY,STOP,2025-08-15 13:30:00.505150007+00:00,STOP,TARGET,23908.5,23893.0,-49.0,631.0,582.0,23925.5,23893.0,23908.5,23910.0
2191,2025-08-15 09:30:00,2025-08-15T13:30:00+00:00,VALIDATED_SOURCE,NY,NQU5,2,DOUBLE_STOP,-118.0,16.0,1.0,16.0,0.0,0.0,0.0,DNA_TP_DNA_SP,MID_TOUCH,0,RESOLVED,DOUBLE_STOP,SELL,STOP,2025-08-15 13:30:00.006093739+00:00,STOP,STOP,23908.5,23910.0,-49.0,-49.0,-98.0,23925.5,23893.0,23908.5,23910.0
2191,2025-08-15 09:30:00,2025-08-15T13:30:00+00:00,VALIDATED_SOURCE,NY,NQU5,2,DOUBLE_STOP,-118.0,16.0,1.0,16.0,0.0,0.0,0.0,DNA_TP_DNA_SP,MID_TOUCH,1,RESOLVED,DOUBLE_STOP,SELL,STOP,2025-08-15 13:30:00.006093739+00:00,STOP,STOP,23908.5,23910.0,-49.0,-49.0,-98.0,23925.5,23893.0,23908.5,23910.0
2191,2025-08-15 09:30:00,2025-08-15T13:30:00+00:00,VALIDATED_SOURCE,NY,NQU5,2,DOUBLE_STOP,-118.0,16.0,1.0,16.0,0.0,0.0,0.0,DNA_TP_DNA_SP,MID_TOUCH,100,RESOLVED,DOUBLE_STOP,SELL,STOP,2025-08-15 13:30:00.108182075+00:00,STOP,STOP,23908.5,23910.0,-49.0,-49.0,-98.0,23925.5,23893.0,23908.5,23910.0
2191,2025-08-15 09:30:00,2025-08-15T13:30:00+00:00,VALIDATED_SOURCE,NY,NQU5,2,DOUBLE_STOP,-118.0,16.0,1.0,16.0,0.0,0.0,0.0,DNA_TP_DNA_SP,MID_TOUCH,500,RESOLVED,SELL_TARGET,BUY,STOP,2025-08-15 13:30:00.505150007+00:00,STOP,TARGET,23908.5,23893.0,-49.0,631.0,582.0,23925.5,23893.0,23908.5,23910.0
2191,2025-08-15 09:30:00,2025-08-15T13:30:00+00:00,VALIDATED_SOURCE,NY,NQU5,2,DOUBLE_STOP,-118.0,16.0,1.0,16.0,0.0,0.0,0.0,DNA_TP_DNA_SP,BBO_EXECUTABLE,0,RESOLVED,DOUBLE_STOP,SELL,STOP,2025-08-15 13:30:00.004084377+00:00,STOP,STOP,23908.5,23910.25,-49.0,-59.0,-108.0,23925.5,23893.0,23908.5,23910.0
2191,2025-08-15 09:30:00,2025-08-15T13:30:00+00:00,VALIDATED_SOURCE,NY,NQU5,2,DOUBLE_STOP,-118.0,16.0,1.0,16.0,0.0,0.0,0.0,DNA_TP_DNA_SP,BBO_EXECUTABLE,1,RESOLVED,DOUBLE_STOP,SELL,STOP,2025-08-15 13:30:00.004084377+00:00,STOP,STOP,23908.5,23910.25,-49.0,-59.0,-108.0,23925.5,23893.0,23908.5,23910.0
2191,2025-08-15 09:30:00,2025-08-15T13:30:00+00:00,VALIDATED_SOURCE,NY,NQU5,2,DOUBLE_STOP,-118.0,16.0,1.0,16.0,0.0,0.0,0.0,DNA_TP_DNA_SP,BBO_EXECUTABLE,100,RESOLVED,DOUBLE_STOP,SELL,STOP,2025-08-15 13:30:00.108182075+00:00,STOP,STOP,23908.5,23910.25,-49.0,-59.0,-108.0,23925.5,23893.0,23908.5,23910.0
2191,2025-08-15 09:30:00,2025-08-15T13:30:00+00:00,VALIDATED_SOURCE,NY,NQU5,2,DOUBLE_STOP,-118.0,16.0,1.0,16.0,0.0,0.0,0.0,DNA_TP_DNA_SP,BBO_EXECUTABLE,500,RESOLVED,SELL_TARGET,BUY,STOP,2025-08-15 13:30:00.505150007+00:00,STOP,TARGET,23907.5,23893.0,-89.0,631.0,542.0,23925.5,23893.0,23908.5,23910.0
2191,2025-08-15 09:30:00,2025-08-15T13:30:00+00:00,VALIDATED_SOURCE,NY,NQU5,2,DOUBLE_STOP,-118.0,16.0,1.0,16.0,0.0,0.0,0.0,DNA_TP_DNA_SP,LEGACY_STAGE3F,0,RESOLVED,DOUBLE_STOP,SELL,STOP,2025-08-15 13:30:00.004084377+00:00,STOP,STOP,23908.5,23910.25,-49.0,-59.0,-108.0,23925.5,23893.0,23908.5,23910.0
2191,2025-08-15 09:30:00,2025-08-15T13:30:00+00:00,VALIDATED_SOURCE,NY,NQU5,2,DOUBLE_STOP,-118.0,16.0,1.0,16.0,0.0,0.0,0.0,DNA_TP_DNA_SP,LEGACY_STAGE3F,1,RESOLVED,DOUBLE_STOP,SELL,STOP,2025-08-15 13:30:00.004084377+00:00,STOP,STOP,23908.5,23910.25,-49.0,-59.0,-108.0,23925.5,23893.0,23908.5,23910.0
2191,2025-08-15 09:30:00,2025-08-15T13:30:00+00:00,VALIDATED_SOURCE,NY,NQU5,2,DOUBLE_STOP,-118.0,16.0,1.0,16.0,0.0,0.0,0.0,DNA_TP_DNA_SP,LEGACY_STAGE3F,100,RESOLVED,DOUBLE_STOP,SELL,STOP,2025-08-15 13:30:00.108182075+00:00,STOP,STOP,23908.5,23910.25,-49.0,-59.0,-108.0,23925.5,23893.0,23908.5,23910.0
2191,2025-08-15 09:30:00,2025-08-15T13:30:00+00:00,VALIDATED_SOURCE,NY,NQU5,2,DOUBLE_STOP,-118.0,16.0,1.0,16.0,0.0,0.0,0.0,DNA_TP_DNA_SP,LEGACY_STAGE3F,500,RESOLVED,SELL_TARGET,BUY,STOP,2025-08-15 13:30:00.505150007+00:00,STOP,TARGET,23907.5,23893.0,-89.0,631.0,542.0,23925.5,23893.0,23908.5,23910.0
2191,2025-08-15 09:30:00,2025-08-15T13:30:00+00:00,VALIDATED_SOURCE,NY,NQU5,2,DOUBLE_STOP,-118.0,16.0,1.0,16.0,0.0,0.0,0.0,DNA_TP_REGISTRY_STOP,TRADE_TOUCH,0,RESOLVED,DOUBLE_STOP,SELL,STOP,2025-08-15 13:30:00.004084377+00:00,STOP,STOP,23908.5,23910.0,-49.0,-49.0,-98.0,23925.5,23893.0,23908.5,23910.0
2191,2025-08-15 09:30:00,2025-08-15T13:30:00+00:00,VALIDATED_SOURCE,NY,NQU5,2,DOUBLE_STOP,-118.0,16.0,1.0,16.0,0.0,0.0,0.0,DNA_TP_REGISTRY_STOP,TRADE_TOUCH,1,RESOLVED,DOUBLE_STOP,SELL,STOP,2025-08-15 13:30:00.004084377+00:00,STOP,STOP,23908.5,23910.0,-49.0,-49.0,-98.0,23925.5,23893.0,23908.5,23910.0
2191,2025-08-15 09:30:00,2025-08-15T13:30:00+00:00,VALIDATED_SOURCE,NY,NQU5,2,DOUBLE_STOP,-118.0,16.0,1.0,16.0,0.0,0.0,0.0,DNA_TP_REGISTRY_STOP,TRADE_TOUCH,100,RESOLVED,DOUBLE_STOP,SELL,STOP,2025-08-15 13:30:00.109477267+00:00,STOP,STOP,23908.5,23910.0,-49.0,-49.0,-98.0,23925.5,23893.0,23908.5,23910.0
2191,2025-08-15 09:30:00,2025-08-15T13:30:00+00:00,VALIDATED_SOURCE,NY,NQU5,2,DOUBLE_STOP,-118.0,16.0,1.0,16.0,0.0,0.0,0.0,DNA_TP_REGISTRY_STOP,TRADE_TOUCH,500,RESOLVED,SELL_TARGET,BUY,STOP,2025-08-15 13:30:00.505150007+00:00,STOP,TARGET,23908.5,23893.0,-49.0,631.0,582.0,23925.5,23893.0,23908.5,23910.0
2191,2025-08-15 09:30:00,2025-08-15T13:30:00+00:00,VALIDATED_SOURCE,NY,NQU5,2,DOUBLE_STOP,-118.0,16.0,1.0,16.0,0.0,0.0,0.0,DNA_TP_REGISTRY_STOP,MID_TOUCH,0,RESOLVED,DOUBLE_STOP,SELL,STOP,2025-08-15 13:30:00.006093739+00:00,STOP,STOP,23908.5,23910.0,-49.0,-49.0,-98.0,23925.5,23893.0,23908.5,23910.0
2191,2025-08-15 09:30:00,2025-08-15T13:30:00+00:00,VALIDATED_SOURCE,NY,NQU5,2,DOUBLE_STOP,-118.0,16.0,1.0,16.0,0.0,0.0,0.0,DNA_TP_REGISTRY_STOP,MID_TOUCH,1,RESOLVED,DOUBLE_STOP,SELL,STOP,2025-08-15 13:30:00.006093739+00:00,STOP,STOP,23908.5,23910.0,-49.0,-49.0,-98.0,23925.5,23893.0,23908.5,23910.0
2191,2025-08-15 09:30:00,2025-08-15T13:30:00+00:00,VALIDATED_SOURCE,NY,NQU5,2,DOUBLE_STOP,-118.0,16.0,1.0,16.0,0.0,0.0,0.0,DNA_TP_REGISTRY_STOP,MID_TOUCH,100,RESOLVED,DOUBLE_STOP,SELL,STOP,2025-08-15 13:30:00.108182075+00:00,STOP,STOP,23908.5,23910.0,-49.0,-49.0,-98.0,23925.5,23893.0,23908.5,23910.0
2191,2025-08-15 09:30:00,2025-08-15T13:30:00+00:00,VALIDATED_SOURCE,NY,NQU5,2,DOUBLE_STOP,-118.0,16.0,1.0,16.0,0.0,0.0,0.0,DNA_TP_REGISTRY_STOP,MID_TOUCH,500,RESOLVED,SELL_TARGET,BUY,STOP,2025-08-15 13:30:00.505150007+00:00,STOP,TARGET,23908.5,23893.0,-49.0,631.0,582.0,23925.5,23893.0,23908.5,23910.0
2191,2025-08-15 09:30:00,2025-08-15T13:30:00+00:00,VALIDATED_SOURCE,NY,NQU5,2,DOUBLE_STOP,-118.0,16.0,1.0,16.0,0.0,0.0,0.0,DNA_TP_REGISTRY_STOP,BBO_EXECUTABLE,0,RESOLVED,DOUBLE_STOP,SELL,STOP,2025-08-15 13:30:00.004084377+00:00,STOP,STOP,23908.5,23910.25,-49.0,-59.0,-108.0,23925.5,23893.0,23908.5,23910.0
2191,2025-08-15 09:30:00,2025-08-15T13:30:00+00:00,VALIDATED_SOURCE,NY,NQU5,2,DOUBLE_STOP,-118.0,16.0,1.0,16.0,0.0,0.0,0.0,DNA_TP_REGISTRY_STOP,BBO_EXECUTABLE,1,RESOLVED,DOUBLE_STOP,SELL,STOP,2025-08-15 13:30:00.004084377+00:00,STOP,STOP,23908.5,23910.25,-49.0,-59.0,-108.0,23925.5,23893.0,23908.5,23910.0
2191,2025-08-15 09:30:00,2025-08-15T13:30:00+00:00,VALIDATED_SOURCE,NY,NQU5,2,DOUBLE_STOP,-118.0,16.0,1.0,16.0,0.0,0.0,0.0,DNA_TP_REGISTRY_STOP,BBO_EXECUTABLE,100,RESOLVED,DOUBLE_STOP,SELL,STOP,2025-08-15 13:30:00.108182075+00:00,STOP,STOP,23908.5,23910.25,-49.0,-59.0,-108.0,23925.5,23893.0,23908.5,23910.0
2191,2025-08-15 09:30:00,2025-08-15T13:30:00+00:00,VALIDATED_SOURCE,NY,NQU5,2,DOUBLE_STOP,-118.0,16.0,1.0,16.0,0.0,0.0,0.0,DNA_TP_REGISTRY_STOP,BBO_EXECUTABLE,500,RESOLVED,SELL_TARGET,BUY,STOP,2025-08-15 13:30:00.505150007+00:00,STOP,TARGET,23907.5,23893.0,-89.0,631.0,542.0,23925.5,23893.0,23908.5,23910.0
2191,2025-08-15 09:30:00,2025-08-15T13:30:00+00:00,VALIDATED_SOURCE,NY,NQU5,2,DOUBLE_STOP,-118.0,16.0,1.0,16.0,0.0,0.0,0.0,DNA_TP_REGISTRY_STOP,LEGACY_STAGE3F,0,RESOLVED,DOUBLE_STOP,SELL,STOP,2025-08-15 13:30:00.004084377+00:00,STOP,STOP,23908.5,23910.25,-49.0,-59.0,-108.0,23925.5,23893.0,23908.5,23910.0
2191,2025-08-15 09:30:00,2025-08-15T13:30:00+00:00,VALIDATED_SOURCE,NY,NQU5,2,DOUBLE_STOP,-118.0,16.0,1.0,16.0,0.0,0.0,0.0,DNA_TP_REGISTRY_STOP,LEGACY_STAGE3F,1,RESOLVED,DOUBLE_STOP,SELL,STOP,2025-08-15 13:30:00.004084377+00:00,STOP,STOP,23908.5,23910.25,-49.0,-59.0,-108.0,23925.5,23893.0,23908.5,23910.0
2191,2025-08-15 09:30:00,2025-08-15T13:30:00+00:00,VALIDATED_SOURCE,NY,NQU5,2,DOUBLE_STOP,-118.0,16.0,1.0,16.0,0.0,0.0,0.0,DNA_TP_REGISTRY_STOP,LEGACY_STAGE3F,100,RESOLVED,DOUBLE_STOP,SELL,STOP,2025-08-15 13:30:00.108182075+00:00,STOP,STOP,23908.5,23910.25,-49.0,-59.0,-108.0,23925.5,23893.0,23908.5,23910.0
2191,2025-08-15 09:30:00,2025-08-15T13:30:00+00:00,VALIDATED_SOURCE,NY,NQU5,2,DOUBLE_STOP,-118.0,16.0,1.0,16.0,0.0,0.0,0.0,DNA_TP_REGISTRY_STOP,LEGACY_STAGE3F,500,RESOLVED,SELL_TARGET,BUY,STOP,2025-08-15 13:30:00.505150007+00:00,STOP,TARGET,23907.5,23893.0,-89.0,631.0,542.0,23925.5,23893.0,23908.5,23910.0
2191,2025-08-15 09:30:00,2025-08-15T13:30:00+00:00,VALIDATED_SOURCE,NY,NQU5,2,DOUBLE_STOP,-118.0,16.0,1.0,16.0,0.0,0.0,0.0,FORMULA_TP_REGISTRY_STOP,TRADE_TOUCH,0,RESOLVED,DOUBLE_STOP,SELL,STOP,2025-08-15 13:30:00.004084377+00:00,STOP,STOP,23908.5,23910.0,-49.0,-49.0,-98.0,23925.5,23893.0,23908.5,23910.0
2191,2025-08-15 09:30:00,2025-08-15T13:30:00+00:00,VALIDATED_SOURCE,NY,NQU5,2,DOUBLE_STOP,-118.0,16.0,1.0,16.0,0.0,0.0,0.0,FORMULA_TP_REGISTRY_STOP,TRADE_TOUCH,1,RESOLVED,DOUBLE_STOP,SELL,STOP,2025-08-15 13:30:00.004084377+00:00,STOP,STOP,23908.5,23910.0,-49.0,-49.0,-98.0,23925.5,23893.0,23908.5,23910.0
2191,2025-08-15 09:30:00,2025-08-15T13:30:00+00:00,VALIDATED_SOURCE,NY,NQU5,2,DOUBLE_STOP,-118.0,16.0,1.0,16.0,0.0,0.0,0.0,FORMULA_TP_REGISTRY_STOP,TRADE_TOUCH,100,RESOLVED,DOUBLE_STOP,SELL,STOP,2025-08-15 13:30:00.109477267+00:00,STOP,STOP,23908.5,23910.0,-49.0,-49.0,-98.0,23925.5,23893.0,23908.5,23910.0
2191,2025-08-15 09:30:00,2025-08-15T13:30:00+00:00,VALIDATED_SOURCE,NY,NQU5,2,DOUBLE_STOP,-118.0,16.0,1.0,16.0,0.0,0.0,0.0,FORMULA_TP_REGISTRY_STOP,TRADE_TOUCH,500,RESOLVED,SELL_TARGET,BUY,STOP,2025-08-15 13:30:00.505150007+00:00,STOP,TARGET,23908.5,23893.0,-49.0,631.0,582.0,23925.5,23893.0,23908.5,23910.0
2191,2025-08-15 09:30:00,2025-08-15T13:30:00+00:00,VALIDATED_SOURCE,NY,NQU5,2,DOUBLE_STOP,-118.0,16.0,1.0,16.0,0.0,0.0,0.0,FORMULA_TP_REGISTRY_STOP,MID_TOUCH,0,RESOLVED,DOUBLE_STOP,SELL,STOP,2025-08-15 13:30:00.006093739+00:00,STOP,STOP,23908.5,23910.0,-49.0,-49.0,-98.0,23925.5,23893.0,23908.5,23910.0
2191,2025-08-15 09:30:00,2025-08-15T13:30:00+00:00,VALIDATED_SOURCE,NY,NQU5,2,DOUBLE_STOP,-118.0,16.0,1.0,16.0,0.0,0.0,0.0,FORMULA_TP_REGISTRY_STOP,MID_TOUCH,1,RESOLVED,DOUBLE_STOP,SELL,STOP,2025-08-15 13:30:00.006093739+00:00,STOP,STOP,23908.5,23910.0,-49.0,-49.0,-98.0,23925.5,23893.0,23908.5,23910.0
2191,2025-08-15 09:30:00,2025-08-15T13:30:00+00:00,VALIDATED_SOURCE,NY,NQU5,2,DOUBLE_STOP,-118.0,16.0,1.0,16.0,0.0,0.0,0.0,FORMULA_TP_REGISTRY_STOP,MID_TOUCH,100,RESOLVED,DOUBLE_STOP,SELL,STOP,2025-08-15 13:30:00.108182075+00:00,STOP,STOP,23908.5,23910.0,-49.0,-49.0,-98.0,23925.5,23893.0,23908.5,23910.0
2191,2025-08-15 09:30:00,2025-08-15T13:30:00+00:00,VALIDATED_SOURCE,NY,NQU5,2,DOUBLE_STOP,-118.0,16.0,1.0,16.0,0.0,0.0,0.0,FORMULA_TP_REGISTRY_STOP,MID_TOUCH,500,RESOLVED,SELL_TARGET,BUY,STOP,2025-08-15 13:30:00.505150007+00:00,STOP,TARGET,23908.5,23893.0,-49.0,631.0,582.0,23925.5,23893.0,23908.5,23910.0
2191,2025-08-15 09:30:00,2025-08-15T13:30:00+00:00,VALIDATED_SOURCE,NY,NQU5,2,DOUBLE_STOP,-118.0,16.0,1.0,16.0,0.0,0.0,0.0,FORMULA_TP_REGISTRY_STOP,BBO_EXECUTABLE,0,RESOLVED,DOUBLE_STOP,SELL,STOP,2025-08-15 13:30:00.004084377+00:00,STOP,STOP,23908.5,23910.25,-49.0,-59.0,-108.0,23925.5,23893.0,23908.5,23910.0
2191,2025-08-15 09:30:00,2025-08-15T13:30:00+00:00,VALIDATED_SOURCE,NY,NQU5,2,DOUBLE_STOP,-118.0,16.0,1.0,16.0,0.0,0.0,0.0,FORMULA_TP_REGISTRY_STOP,BBO_EXECUTABLE,1,RESOLVED,DOUBLE_STOP,SELL,STOP,2025-08-15 13:30:00.004084377+00:00,STOP,STOP,23908.5,23910.25,-49.0,-59.0,-108.0,23925.5,23893.0,23908.5,23910.0
2191,2025-08-15 09:30:00,2025-08-15T13:30:00+00:00,VALIDATED_SOURCE,NY,NQU5,2,DOUBLE_STOP,-118.0,16.0,1.0,16.0,0.0,0.0,0.0,FORMULA_TP_REGISTRY_STOP,BBO_EXECUTABLE,100,RESOLVED,DOUBLE_STOP,SELL,STOP,2025-08-15 13:30:00.108182075+00:00,STOP,STOP,23908.5,23910.25,-49.0,-59.0,-108.0,23925.5,23893.0,23908.5,23910.0
2191,2025-08-15 09:30:00,2025-08-15T13:30:00+00:00,VALIDATED_SOURCE,NY,NQU5,2,DOUBLE_STOP,-118.0,16.0,1.0,16.0,0.0,0.0,0.0,FORMULA_TP_REGISTRY_STOP,BBO_EXECUTABLE,500,RESOLVED,SELL_TARGET,BUY,STOP,2025-08-15 13:30:00.505150007+00:00,STOP,TARGET,23907.5,23893.0,-89.0,631.0,542.0,23925.5,23893.0,23908.5,23910.0
2191,2025-08-15 09:30:00,2025-08-15T13:30:00+00:00,VALIDATED_SOURCE,NY,NQU5,2,DOUBLE_STOP,-118.0,16.0,1.0,16.0,0.0,0.0,0.0,FORMULA_TP_REGISTRY_STOP,LEGACY_STAGE3F,0,RESOLVED,DOUBLE_STOP,SELL,STOP,2025-08-15 13:30:00.004084377+00:00,STOP,STOP,23908.5,23910.25,-49.0,-59.0,-108.0,23925.5,23893.0,23908.5,23910.0
2191,2025-08-15 09:30:00,2025-08-15T13:30:00+00:00,VALIDATED_SOURCE,NY,NQU5,2,DOUBLE_STOP,-118.0,16.0,1.0,16.0,0.0,0.0,0.0,FORMULA_TP_REGISTRY_STOP,LEGACY_STAGE3F,1,RESOLVED,DOUBLE_STOP,SELL,STOP,2025-08-15 13:30:00.004084377+00:00,STOP,STOP,23908.5,23910.25,-49.0,-59.0,-108.0,23925.5,23893.0,23908.5,23910.0
2191,2025-08-15 09:30:00,2025-08-15T13:30:00+00:00,VALIDATED_SOURCE,NY,NQU5,2,DOUBLE_STOP,-118.0,16.0,1.0,16.0,0.0,0.0,0.0,FORMULA_TP_REGISTRY_STOP,LEGACY_STAGE3F,100,RESOLVED,DOUBLE_STOP,SELL,STOP,2025-08-15 13:30:00.108182075+00:00,STOP,STOP,23908.5,23910.25,-49.0,-59.0,-108.0,23925.5,23893.0,23908.5,23910.0
2191,2025-08-15 09:30:00,2025-08-15T13:30:00+00:00,VALIDATED_SOURCE,NY,NQU5,2,DOUBLE_STOP,-118.0,16.0,1.0,16.0,0.0,0.0,0.0,FORMULA_TP_REGISTRY_STOP,LEGACY_STAGE3F,500,RESOLVED,SELL_TARGET,BUY,STOP,2025-08-15 13:30:00.505150007+00:00,STOP,TARGET,23907.5,23893.0,-89.0,631.0,542.0,23925.5,23893.0,23908.5,23910.0
2223,2025-09-14 18:00:00,2025-09-14T22:00:00+00:00,VALIDATED_SOURCE,WEEKLY,NQU5,2,DOUBLE_STOP,-118.0,10.0,1.0,10.0,0.0,0.0,0.0,DNA_TP_DNA_SP,TRADE_TOUCH,0,RESOLVED,DOUBLE_STOP,BUY,STOP,2025-09-14 22:00:00.090704431+00:00,STOP,STOP,24114.5,24116.0,-49.0,-49.0,-98.0,24125.5,24105.0,24114.5,24116.0
2223,2025-09-14 18:00:00,2025-09-14T22:00:00+00:00,VALIDATED_SOURCE,WEEKLY,NQU5,2,DOUBLE_STOP,-118.0,10.0,1.0,10.0,0.0,0.0,0.0,DNA_TP_DNA_SP,TRADE_TOUCH,1,RESOLVED,DOUBLE_STOP,BUY,STOP,2025-09-14 22:00:00.090704431+00:00,STOP,STOP,24114.5,24116.0,-49.0,-49.0,-98.0,24125.5,24105.0,24114.5,24116.0
2223,2025-09-14 18:00:00,2025-09-14T22:00:00+00:00,VALIDATED_SOURCE,WEEKLY,NQU5,2,DOUBLE_STOP,-118.0,10.0,1.0,10.0,0.0,0.0,0.0,DNA_TP_DNA_SP,TRADE_TOUCH,100,RESOLVED,DOUBLE_STOP,SELL,STOP,2025-09-14 22:00:00.122904335+00:00,STOP,STOP,24114.5,24116.0,-49.0,-49.0,-98.0,24125.5,24105.0,24114.5,24116.0
2223,2025-09-14 18:00:00,2025-09-14T22:00:00+00:00,VALIDATED_SOURCE,WEEKLY,NQU5,2,DOUBLE_STOP,-118.0,10.0,1.0,10.0,0.0,0.0,0.0,DNA_TP_DNA_SP,TRADE_TOUCH,500,RESOLVED,DOUBLE_STOP,SELL,STOP,2025-09-14 22:00:00.781954069+00:00,STOP,STOP,24114.5,24116.0,-49.0,-49.0,-98.0,24125.5,24105.0,24114.5,24116.0
2223,2025-09-14 18:00:00,2025-09-14T22:00:00+00:00,VALIDATED_SOURCE,WEEKLY,NQU5,2,DOUBLE_STOP,-118.0,10.0,1.0,10.0,0.0,0.0,0.0,DNA_TP_DNA_SP,MID_TOUCH,0,RESOLVED,DOUBLE_STOP,SELL,STOP,2025-09-14 22:00:00.090704431+00:00,STOP,STOP,24114.5,24116.0,-49.0,-49.0,-98.0,24125.5,24105.0,24114.5,24116.0
2223,2025-09-14 18:00:00,2025-09-14T22:00:00+00:00,VALIDATED_SOURCE,WEEKLY,NQU5,2,DOUBLE_STOP,-118.0,10.0,1.0,10.0,0.0,0.0,0.0,DNA_TP_DNA_SP,MID_TOUCH,1,RESOLVED,DOUBLE_STOP,SELL,STOP,2025-09-14 22:00:00.090704431+00:00,STOP,STOP,24114.5,24116.0,-49.0,-49.0,-98.0,24125.5,24105.0,24114.5,24116.0
2223,2025-09-14 18:00:00,2025-09-14T22:00:00+00:00,VALIDATED_SOURCE,WEEKLY,NQU5,2,DOUBLE_STOP,-118.0,10.0,1.0,10.0,0.0,0.0,0.0,DNA_TP_DNA_SP,MID_TOUCH,100,RESOLVED,DOUBLE_STOP,SELL,STOP,2025-09-14 22:00:00.122904335+00:00,STOP,STOP,24114.5,24116.0,-49.0,-49.0,-98.0,24125.5,24105.0,24114.5,24116.0
2223,2025-09-14 18:00:00,2025-09-14T22:00:00+00:00,VALIDATED_SOURCE,WEEKLY,NQU5,2,DOUBLE_STOP,-118.0,10.0,1.0,10.0,0.0,0.0,0.0,DNA_TP_DNA_SP,MID_TOUCH,500,RESOLVED,DOUBLE_STOP,SELL,STOP,2025-09-14 22:00:00.781954069+00:00,STOP,STOP,24114.5,24116.0,-49.0,-49.0,-98.0,24125.5,24105.0,24114.5,24116.0
2223,2025-09-14 18:00:00,2025-09-14T22:00:00+00:00,VALIDATED_SOURCE,WEEKLY,NQU5,2,DOUBLE_STOP,-118.0,10.0,1.0,10.0,0.0,0.0,0.0,DNA_TP_DNA_SP,BBO_EXECUTABLE,0,UNRESOLVED_BOTH_WORKERS_EXIT_SAME_EVENT,UNRESOLVED,,,,,,,,,,,,,,
2223,2025-09-14 18:00:00,2025-09-14T22:00:00+00:00,VALIDATED_SOURCE,WEEKLY,NQU5,2,DOUBLE_STOP,-118.0,10.0,1.0,10.0,0.0,0.0,0.0,DNA_TP_DNA_SP,BBO_EXECUTABLE,1,UNRESOLVED_BOTH_WORKERS_EXIT_SAME_EVENT,UNRESOLVED,,,,,,,,,,,,,,
2223,2025-09-14 18:00:00,2025-09-14T22:00:00+00:00,VALIDATED_SOURCE,WEEKLY,NQU5,2,DOUBLE_STOP,-118.0,10.0,1.0,10.0,0.0,0.0,0.0,DNA_TP_DNA_SP,BBO_EXECUTABLE,100,RESOLVED,DOUBLE_STOP,SELL,STOP,2025-09-14 22:00:00.122904335+00:00,STOP,STOP,24113.25,24121.75,-99.0,-279.0,-378.0,24125.5,24105.0,24114.5,24116.0
2223,2025-09-14 18:00:00,2025-09-14T22:00:00+00:00,VALIDATED_SOURCE,WEEKLY,NQU5,2,DOUBLE_STOP,-118.0,10.0,1.0,10.0,0.0,0.0,0.0,DNA_TP_DNA_SP,BBO_EXECUTABLE,500,RESOLVED,DOUBLE_STOP,SELL,STOP,2025-09-14 22:00:00.781954069+00:00,STOP,STOP,24112.0,24124.75,-149.0,-399.0,-548.0,24125.5,24105.0,24114.5,24116.0
2223,2025-09-14 18:00:00,2025-09-14T22:00:00+00:00,VALIDATED_SOURCE,WEEKLY,NQU5,2,DOUBLE_STOP,-118.0,10.0,1.0,10.0,0.0,0.0,0.0,DNA_TP_DNA_SP,LEGACY_STAGE3F,0,UNRESOLVED_BOTH_WORKERS_EXIT_SAME_EVENT,UNRESOLVED,,,,,,,,,,,,,,
2223,2025-09-14 18:00:00,2025-09-14T22:00:00+00:00,VALIDATED_SOURCE,WEEKLY,NQU5,2,DOUBLE_STOP,-118.0,10.0,1.0,10.0,0.0,0.0,0.0,DNA_TP_DNA_SP,LEGACY_STAGE3F,1,UNRESOLVED_BOTH_WORKERS_EXIT_SAME_EVENT,UNRESOLVED,,,,,,,,,,,,,,
2223,2025-09-14 18:00:00,2025-09-14T22:00:00+00:00,VALIDATED_SOURCE,WEEKLY,NQU5,2,DOUBLE_STOP,-118.0,10.0,1.0,10.0,0.0,0.0,0.0,DNA_TP_DNA_SP,LEGACY_STAGE3F,100,RESOLVED,DOUBLE_STOP,SELL,STOP,2025-09-14 22:00:00.122904335+00:00,STOP,STOP,24113.25,24121.75,-99.0,-279.0,-378.0,24125.5,24105.0,24114.5,24116.0
2223,2025-09-14 18:00:00,2025-09-14T22:00:00+00:00,VALIDATED_SOURCE,WEEKLY,NQU5,2,DOUBLE_STOP,-118.0,10.0,1.0,10.0,0.0,0.0,0.0,DNA_TP_DNA_SP,LEGACY_STAGE3F,500,RESOLVED,DOUBLE_STOP,SELL,STOP,2025-09-14 22:00:00.781954069+00:00,STOP,STOP,24112.0,24124.75,-149.0,-399.0,-548.0,24125.5,24105.0,24114.5,24116.0
2223,2025-09-14 18:00:00,2025-09-14T22:00:00+00:00,VALIDATED_SOURCE,WEEKLY,NQU5,2,DOUBLE_STOP,-118.0,10.0,1.0,10.0,0.0,0.0,0.0,DNA_TP_REGISTRY_STOP,TRADE_TOUCH,0,RESOLVED,DOUBLE_STOP,BUY,STOP,2025-09-14 22:00:00.090704431+00:00,STOP,STOP,24114.5,24116.0,-49.0,-49.0,-98.0,24125.5,24105.0,24114.5,24116.0
2223,2025-09-14 18:00:00,2025-09-14T22:00:00+00:00,VALIDATED_SOURCE,WEEKLY,NQU5,2,DOUBLE_STOP,-118.0,10.0,1.0,10.0,0.0,0.0,0.0,DNA_TP_REGISTRY_STOP,TRADE_TOUCH,1,RESOLVED,DOUBLE_STOP,BUY,STOP,2025-09-14 22:00:00.090704431+00:00,STOP,STOP,24114.5,24116.0,-49.0,-49.0,-98.0,24125.5,24105.0,24114.5,24116.0
2223,2025-09-14 18:00:00,2025-09-14T22:00:00+00:00,VALIDATED_SOURCE,WEEKLY,NQU5,2,DOUBLE_STOP,-118.0,10.0,1.0,10.0,0.0,0.0,0.0,DNA_TP_REGISTRY_STOP,TRADE_TOUCH,100,RESOLVED,DOUBLE_STOP,SELL,STOP,2025-09-14 22:00:00.122904335+00:00,STOP,STOP,24114.5,24116.0,-49.0,-49.0,-98.0,24125.5,24105.0,24114.5,24116.0
2223,2025-09-14 18:00:00,2025-09-14T22:00:00+00:00,VALIDATED_SOURCE,WEEKLY,NQU5,2,DOUBLE_STOP,-118.0,10.0,1.0,10.0,0.0,0.0,0.0,DNA_TP_REGISTRY_STOP,TRADE_TOUCH,500,RESOLVED,DOUBLE_STOP,SELL,STOP,2025-09-14 22:00:00.781954069+00:00,STOP,STOP,24114.5,24116.0,-49.0,-49.0,-98.0,24125.5,24105.0,24114.5,24116.0
2223,2025-09-14 18:00:00,2025-09-14T22:00:00+00:00,VALIDATED_SOURCE,WEEKLY,NQU5,2,DOUBLE_STOP,-118.0,10.0,1.0,10.0,0.0,0.0,0.0,DNA_TP_REGISTRY_STOP,MID_TOUCH,0,RESOLVED,DOUBLE_STOP,SELL,STOP,2025-09-14 22:00:00.090704431+00:00,STOP,STOP,24114.5,24116.0,-49.0,-49.0,-98.0,24125.5,24105.0,24114.5,24116.0
2223,2025-09-14 18:00:00,2025-09-14T22:00:00+00:00,VALIDATED_SOURCE,WEEKLY,NQU5,2,DOUBLE_STOP,-118.0,10.0,1.0,10.0,0.0,0.0,0.0,DNA_TP_REGISTRY_STOP,MID_TOUCH,1,RESOLVED,DOUBLE_STOP,SELL,STOP,2025-09-14 22:00:00.090704431+00:00,STOP,STOP,24114.5,24116.0,-49.0,-49.0,-98.0,24125.5,24105.0,24114.5,24116.0
2223,2025-09-14 18:00:00,2025-09-14T22:00:00+00:00,VALIDATED_SOURCE,WEEKLY,NQU5,2,DOUBLE_STOP,-118.0,10.0,1.0,10.0,0.0,0.0,0.0,DNA_TP_REGISTRY_STOP,MID_TOUCH,100,RESOLVED,DOUBLE_STOP,SELL,STOP,2025-09-14 22:00:00.122904335+00:00,STOP,STOP,24114.5,24116.0,-49.0,-49.0,-98.0,24125.5,24105.0,24114.5,24116.0
2223,2025-09-14 18:00:00,2025-09-14T22:00:00+00:00,VALIDATED_SOURCE,WEEKLY,NQU5,2,DOUBLE_STOP,-118.0,10.0,1.0,10.0,0.0,0.0,0.0,DNA_TP_REGISTRY_STOP,MID_TOUCH,500,RESOLVED,DOUBLE_STOP,SELL,STOP,2025-09-14 22:00:00.781954069+00:00,STOP,STOP,24114.5,24116.0,-49.0,-49.0,-98.0,24125.5,24105.0,24114.5,24116.0
2223,2025-09-14 18:00:00,2025-09-14T22:00:00+00:00,VALIDATED_SOURCE,WEEKLY,NQU5,2,DOUBLE_STOP,-118.0,10.0,1.0,10.0,0.0,0.0,0.0,DNA_TP_REGISTRY_STOP,BBO_EXECUTABLE,0,UNRESOLVED_BOTH_WORKERS_EXIT_SAME_EVENT,UNRESOLVED,,,,,,,,,,,,,,
2223,2025-09-14 18:00:00,2025-09-14T22:00:00+00:00,VALIDATED_SOURCE,WEEKLY,NQU5,2,DOUBLE_STOP,-118.0,10.0,1.0,10.0,0.0,0.0,0.0,DNA_TP_REGISTRY_STOP,BBO_EXECUTABLE,1,UNRESOLVED_BOTH_WORKERS_EXIT_SAME_EVENT,UNRESOLVED,,,,,,,,,,,,,,
2223,2025-09-14 18:00:00,2025-09-14T22:00:00+00:00,VALIDATED_SOURCE,WEEKLY,NQU5,2,DOUBLE_STOP,-118.0,10.0,1.0,10.0,0.0,0.0,0.0,DNA_TP_REGISTRY_STOP,BBO_EXECUTABLE,100,RESOLVED,DOUBLE_STOP,SELL,STOP,2025-09-14 22:00:00.122904335+00:00,STOP,STOP,24113.25,24121.75,-99.0,-279.0,-378.0,24125.5,24105.0,24114.5,24116.0
2223,2025-09-14 18:00:00,2025-09-14T22:00:00+00:00,VALIDATED_SOURCE,WEEKLY,NQU5,2,DOUBLE_STOP,-118.0,10.0,1.0,10.0,0.0,0.0,0.0,DNA_TP_REGISTRY_STOP,BBO_EXECUTABLE,500,RESOLVED,DOUBLE_STOP,SELL,STOP,2025-09-14 22:00:00.781954069+00:00,STOP,STOP,24112.0,24124.75,-149.0,-399.0,-548.0,24125.5,24105.0,24114.5,24116.0
2223,2025-09-14 18:00:00,2025-09-14T22:00:00+00:00,VALIDATED_SOURCE,WEEKLY,NQU5,2,DOUBLE_STOP,-118.0,10.0,1.0,10.0,0.0,0.0,0.0,DNA_TP_REGISTRY_STOP,LEGACY_STAGE3F,0,UNRESOLVED_BOTH_WORKERS_EXIT_SAME_EVENT,UNRESOLVED,,,,,,,,,,,,,,
2223,2025-09-14 18:00:00,2025-09-14T22:00:00+00:00,VALIDATED_SOURCE,WEEKLY,NQU5,2,DOUBLE_STOP,-118.0,10.0,1.0,10.0,0.0,0.0,0.0,DNA_TP_REGISTRY_STOP,LEGACY_STAGE3F,1,UNRESOLVED_BOTH_WORKERS_EXIT_SAME_EVENT,UNRESOLVED,,,,,,,,,,,,,,
2223,2025-09-14 18:00:00,2025-09-14T22:00:00+00:00,VALIDATED_SOURCE,WEEKLY,NQU5,2,DOUBLE_STOP,-118.0,10.0,1.0,10.0,0.0,0.0,0.0,DNA_TP_REGISTRY_STOP,LEGACY_STAGE3F,100,RESOLVED,DOUBLE_STOP,SELL,STOP,2025-09-14 22:00:00.122904335+00:00,STOP,STOP,24113.25,24121.75,-99.0,-279.0,-378.0,24125.5,24105.0,24114.5,24116.0
2223,2025-09-14 18:00:00,2025-09-14T22:00:00+00:00,VALIDATED_SOURCE,WEEKLY,NQU5,2,DOUBLE_STOP,-118.0,10.0,1.0,10.0,0.0,0.0,0.0,DNA_TP_REGISTRY_STOP,LEGACY_STAGE3F,500,RESOLVED,DOUBLE_STOP,SELL,STOP,2025-09-14 22:00:00.781954069+00:00,STOP,STOP,24112.0,24124.75,-149.0,-399.0,-548.0,24125.5,24105.0,24114.5,24116.0
2223,2025-09-14 18:00:00,2025-09-14T22:00:00+00:00,VALIDATED_SOURCE,WEEKLY,NQU5,2,DOUBLE_STOP,-118.0,10.0,1.0,10.0,0.0,0.0,0.0,FORMULA_TP_REGISTRY_STOP,TRADE_TOUCH,0,RESOLVED,DOUBLE_STOP,BUY,STOP,2025-09-14 22:00:00.090704431+00:00,STOP,STOP,24114.5,24116.0,-49.0,-49.0,-98.0,24125.5,24105.0,24114.5,24116.0
2223,2025-09-14 18:00:00,2025-09-14T22:00:00+00:00,VALIDATED_SOURCE,WEEKLY,NQU5,2,DOUBLE_STOP,-118.0,10.0,1.0,10.0,0.0,0.0,0.0,FORMULA_TP_REGISTRY_STOP,TRADE_TOUCH,1,RESOLVED,DOUBLE_STOP,BUY,STOP,2025-09-14 22:00:00.090704431+00:00,STOP,STOP,24114.5,24116.0,-49.0,-49.0,-98.0,24125.5,24105.0,24114.5,24116.0
2223,2025-09-14 18:00:00,2025-09-14T22:00:00+00:00,VALIDATED_SOURCE,WEEKLY,NQU5,2,DOUBLE_STOP,-118.0,10.0,1.0,10.0,0.0,0.0,0.0,FORMULA_TP_REGISTRY_STOP,TRADE_TOUCH,100,RESOLVED,DOUBLE_STOP,SELL,STOP,2025-09-14 22:00:00.122904335+00:00,STOP,STOP,24114.5,24116.0,-49.0,-49.0,-98.0,24125.5,24105.0,24114.5,24116.0
2223,2025-09-14 18:00:00,2025-09-14T22:00:00+00:00,VALIDATED_SOURCE,WEEKLY,NQU5,2,DOUBLE_STOP,-118.0,10.0,1.0,10.0,0.0,0.0,0.0,FORMULA_TP_REGISTRY_STOP,TRADE_TOUCH,500,RESOLVED,DOUBLE_STOP,SELL,STOP,2025-09-14 22:00:00.781954069+00:00,STOP,STOP,24114.5,24116.0,-49.0,-49.0,-98.0,24125.5,24105.0,24114.5,24116.0
2223,2025-09-14 18:00:00,2025-09-14T22:00:00+00:00,VALIDATED_SOURCE,WEEKLY,NQU5,2,DOUBLE_STOP,-118.0,10.0,1.0,10.0,0.0,0.0,0.0,FORMULA_TP_REGISTRY_STOP,MID_TOUCH,0,RESOLVED,DOUBLE_STOP,SELL,STOP,2025-09-14 22:00:00.090704431+00:00,STOP,STOP,24114.5,24116.0,-49.0,-49.0,-98.0,24125.5,24105.0,24114.5,24116.0
2223,2025-09-14 18:00:00,2025-09-14T22:00:00+00:00,VALIDATED_SOURCE,WEEKLY,NQU5,2,DOUBLE_STOP,-118.0,10.0,1.0,10.0,0.0,0.0,0.0,FORMULA_TP_REGISTRY_STOP,MID_TOUCH,1,RESOLVED,DOUBLE_STOP,SELL,STOP,2025-09-14 22:00:00.090704431+00:00,STOP,STOP,24114.5,24116.0,-49.0,-49.0,-98.0,24125.5,24105.0,24114.5,24116.0
2223,2025-09-14 18:00:00,2025-09-14T22:00:00+00:00,VALIDATED_SOURCE,WEEKLY,NQU5,2,DOUBLE_STOP,-118.0,10.0,1.0,10.0,0.0,0.0,0.0,FORMULA_TP_REGISTRY_STOP,MID_TOUCH,100,RESOLVED,DOUBLE_STOP,SELL,STOP,2025-09-14 22:00:00.122904335+00:00,STOP,STOP,24114.5,24116.0,-49.0,-49.0,-98.0,24125.5,24105.0,24114.5,24116.0
2223,2025-09-14 18:00:00,2025-09-14T22:00:00+00:00,VALIDATED_SOURCE,WEEKLY,NQU5,2,DOUBLE_STOP,-118.0,10.0,1.0,10.0,0.0,0.0,0.0,FORMULA_TP_REGISTRY_STOP,MID_TOUCH,500,RESOLVED,DOUBLE_STOP,SELL,STOP,2025-09-14 22:00:00.781954069+00:00,STOP,STOP,24114.5,24116.0,-49.0,-49.0,-98.0,24125.5,24105.0,24114.5,24116.0
2223,2025-09-14 18:00:00,2025-09-14T22:00:00+00:00,VALIDATED_SOURCE,WEEKLY,NQU5,2,DOUBLE_STOP,-118.0,10.0,1.0,10.0,0.0,0.0,0.0,FORMULA_TP_REGISTRY_STOP,BBO_EXECUTABLE,0,UNRESOLVED_BOTH_WORKERS_EXIT_SAME_EVENT,UNRESOLVED,,,,,,,,,,,,,,
2223,2025-09-14 18:00:00,2025-09-14T22:00:00+00:00,VALIDATED_SOURCE,WEEKLY,NQU5,2,DOUBLE_STOP,-118.0,10.0,1.0,10.0,0.0,0.0,0.0,FORMULA_TP_REGISTRY_STOP,BBO_EXECUTABLE,1,UNRESOLVED_BOTH_WORKERS_EXIT_SAME_EVENT,UNRESOLVED,,,,,,,,,,,,,,
2223,2025-09-14 18:00:00,2025-09-14T22:00:00+00:00,VALIDATED_SOURCE,WEEKLY,NQU5,2,DOUBLE_STOP,-118.0,10.0,1.0,10.0,0.0,0.0,0.0,FORMULA_TP_REGISTRY_STOP,BBO_EXECUTABLE,100,RESOLVED,DOUBLE_STOP,SELL,STOP,2025-09-14 22:00:00.122904335+00:00,STOP,STOP,24113.25,24121.75,-99.0,-279.0,-378.0,24125.5,24105.0,24114.5,24116.0
2223,2025-09-14 18:00:00,2025-09-14T22:00:00+00:00,VALIDATED_SOURCE,WEEKLY,NQU5,2,DOUBLE_STOP,-118.0,10.0,1.0,10.0,0.0,0.0,0.0,FORMULA_TP_REGISTRY_STOP,BBO_EXECUTABLE,500,RESOLVED,DOUBLE_STOP,SELL,STOP,2025-09-14 22:00:00.781954069+00:00,STOP,STOP,24112.0,24124.75,-149.0,-399.0,-548.0,24125.5,24105.0,24114.5,24116.0
2223,2025-09-14 18:00:00,2025-09-14T22:00:00+00:00,VALIDATED_SOURCE,WEEKLY,NQU5,2,DOUBLE_STOP,-118.0,10.0,1.0,10.0,0.0,0.0,0.0,FORMULA_TP_REGISTRY_STOP,LEGACY_STAGE3F,0,UNRESOLVED_BOTH_WORKERS_EXIT_SAME_EVENT,UNRESOLVED,,,,,,,,,,,,,,
2223,2025-09-14 18:00:00,2025-09-14T22:00:00+00:00,VALIDATED_SOURCE,WEEKLY,NQU5,2,DOUBLE_STOP,-118.0,10.0,1.0,10.0,0.0,0.0,0.0,FORMULA_TP_REGISTRY_STOP,LEGACY_STAGE3F,1,UNRESOLVED_BOTH_WORKERS_EXIT_SAME_EVENT,UNRESOLVED,,,,,,,,,,,,,,
2223,2025-09-14 18:00:00,2025-09-14T22:00:00+00:00,VALIDATED_SOURCE,WEEKLY,NQU5,2,DOUBLE_STOP,-118.0,10.0,1.0,10.0,0.0,0.0,0.0,FORMULA_TP_REGISTRY_STOP,LEGACY_STAGE3F,100,RESOLVED,DOUBLE_STOP,SELL,STOP,2025-09-14 22:00:00.122904335+00:00,STOP,STOP,24113.25,24121.75,-99.0,-279.0,-378.0,24125.5,24105.0,24114.5,24116.0
2223,2025-09-14 18:00:00,2025-09-14T22:00:00+00:00,VALIDATED_SOURCE,WEEKLY,NQU5,2,DOUBLE_STOP,-118.0,10.0,1.0,10.0,0.0,0.0,0.0,FORMULA_TP_REGISTRY_STOP,LEGACY_STAGE3F,500,RESOLVED,DOUBLE_STOP,SELL,STOP,2025-09-14 22:00:00.781954069+00:00,STOP,STOP,24112.0,24124.75,-149.0,-399.0,-548.0,24125.5,24105.0,24114.5,24116.0
2224,2025-09-15 09:30:00,2025-09-15T13:30:00+00:00,VALIDATED_SOURCE,NY,NQZ5,2,DOUBLE_STOP,-118.0,16.0,1.0,16.0,-240.75,-240.75,0.0,DNA_TP_DNA_SP,TRADE_TOUCH,0,RESOLVED,DOUBLE_STOP,SELL,STOP,2025-09-15 13:30:00.029880037+00:00,STOP,STOP,24417.75,24419.25,-49.0,-49.0,-98.0,24434.75,24402.25,24417.75,24419.25
2224,2025-09-15 09:30:00,2025-09-15T13:30:00+00:00,VALIDATED_SOURCE,NY,NQZ5,2,DOUBLE_STOP,-118.0,16.0,1.0,16.0,-240.75,-240.75,0.0,DNA_TP_DNA_SP,TRADE_TOUCH,1,RESOLVED,DOUBLE_STOP,SELL,STOP,2025-09-15 13:30:00.029880037+00:00,STOP,STOP,24417.75,24419.25,-49.0,-49.0,-98.0,24434.75,24402.25,24417.75,24419.25
2224,2025-09-15 09:30:00,2025-09-15T13:30:00+00:00,VALIDATED_SOURCE,NY,NQZ5,2,DOUBLE_STOP,-118.0,16.0,1.0,16.0,-240.75,-240.75,0.0,DNA_TP_DNA_SP,TRADE_TOUCH,100,RESOLVED,DOUBLE_STOP,SELL,STOP,2025-09-15 13:30:00.104784565+00:00,STOP,STOP,24417.75,24419.25,-49.0,-49.0,-98.0,24434.75,24402.25,24417.75,24419.25
2224,2025-09-15 09:30:00,2025-09-15T13:30:00+00:00,VALIDATED_SOURCE,NY,NQZ5,2,DOUBLE_STOP,-118.0,16.0,1.0,16.0,-240.75,-240.75,0.0,DNA_TP_DNA_SP,TRADE_TOUCH,500,RESOLVED,DOUBLE_STOP,BUY,STOP,2025-09-15 13:30:00.509065877+00:00,STOP,STOP,24417.75,24419.25,-49.0,-49.0,-98.0,24434.75,24402.25,24417.75,24419.25
2224,2025-09-15 09:30:00,2025-09-15T13:30:00+00:00,VALIDATED_SOURCE,NY,NQZ5,2,DOUBLE_STOP,-118.0,16.0,1.0,16.0,-240.75,-240.75,0.0,DNA_TP_DNA_SP,MID_TOUCH,0,RESOLVED,DOUBLE_STOP,SELL,STOP,2025-09-15 13:30:00.030823253+00:00,STOP,STOP,24417.75,24419.25,-49.0,-49.0,-98.0,24434.75,24402.25,24417.75,24419.25
2224,2025-09-15 09:30:00,2025-09-15T13:30:00+00:00,VALIDATED_SOURCE,NY,NQZ5,2,DOUBLE_STOP,-118.0,16.0,1.0,16.0,-240.75,-240.75,0.0,DNA_TP_DNA_SP,MID_TOUCH,1,RESOLVED,DOUBLE_STOP,SELL,STOP,2025-09-15 13:30:00.030823253+00:00,STOP,STOP,24417.75,24419.25,-49.0,-49.0,-98.0,24434.75,24402.25,24417.75,24419.25
2224,2025-09-15 09:30:00,2025-09-15T13:30:00+00:00,VALIDATED_SOURCE,NY,NQZ5,2,DOUBLE_STOP,-118.0,16.0,1.0,16.0,-240.75,-240.75,0.0,DNA_TP_DNA_SP,MID_TOUCH,100,RESOLVED,DOUBLE_STOP,SELL,STOP,2025-09-15 13:30:00.109781199+00:00,STOP,STOP,24417.75,24419.25,-49.0,-49.0,-98.0,24434.75,24402.25,24417.75,24419.25
2224,2025-09-15 09:30:00,2025-09-15T13:30:00+00:00,VALIDATED_SOURCE,NY,NQZ5,2,DOUBLE_STOP,-118.0,16.0,1.0,16.0,-240.75,-240.75,0.0,DNA_TP_DNA_SP,MID_TOUCH,500,RESOLVED,DOUBLE_STOP,BUY,STOP,2025-09-15 13:30:00.509065877+00:00,STOP,STOP,24417.75,24419.25,-49.0,-49.0,-98.0,24434.75,24402.25,24417.75,24419.25
2224,2025-09-15 09:30:00,2025-09-15T13:30:00+00:00,VALIDATED_SOURCE,NY,NQZ5,2,DOUBLE_STOP,-118.0,16.0,1.0,16.0,-240.75,-240.75,0.0,DNA_TP_DNA_SP,BBO_EXECUTABLE,0,RESOLVED,DOUBLE_STOP,BUY,STOP,2025-09-15 13:30:00.000504713+00:00,STOP,STOP,24417.75,24419.25,-49.0,-49.0,-98.0,24434.75,24402.25,24417.75,24419.25
2224,2025-09-15 09:30:00,2025-09-15T13:30:00+00:00,VALIDATED_SOURCE,NY,NQZ5,2,DOUBLE_STOP,-118.0,16.0,1.0,16.0,-240.75,-240.75,0.0,DNA_TP_DNA_SP,BBO_EXECUTABLE,1,RESOLVED,DOUBLE_STOP,BUY,STOP,2025-09-15 13:30:00.024160539+00:00,STOP,STOP,24417.75,24419.25,-49.0,-49.0,-98.0,24434.75,24402.25,24417.75,24419.25
2224,2025-09-15 09:30:00,2025-09-15T13:30:00+00:00,VALIDATED_SOURCE,NY,NQZ5,2,DOUBLE_STOP,-118.0,16.0,1.0,16.0,-240.75,-240.75,0.0,DNA_TP_DNA_SP,BBO_EXECUTABLE,100,RESOLVED,DOUBLE_STOP,SELL,STOP,2025-09-15 13:30:00.104784565+00:00,STOP,STOP,24417.75,24419.25,-49.0,-49.0,-98.0,24434.75,24402.25,24417.75,24419.25
2224,2025-09-15 09:30:00,2025-09-15T13:30:00+00:00,VALIDATED_SOURCE,NY,NQZ5,2,DOUBLE_STOP,-118.0,16.0,1.0,16.0,-240.75,-240.75,0.0,DNA_TP_DNA_SP,BBO_EXECUTABLE,500,RESOLVED,DOUBLE_STOP,BUY,STOP,2025-09-15 13:30:00.509065877+00:00,STOP,STOP,24417.25,24419.5,-69.0,-59.0,-128.0,24434.75,24402.25,24417.75,24419.25
2224,2025-09-15 09:30:00,2025-09-15T13:30:00+00:00,VALIDATED_SOURCE,NY,NQZ5,2,DOUBLE_STOP,-118.0,16.0,1.0,16.0,-240.75,-240.75,0.0,DNA_TP_DNA_SP,LEGACY_STAGE3F,0,RESOLVED,DOUBLE_STOP,BUY,STOP,2025-09-15 13:30:00.000504713+00:00,STOP,STOP,24417.75,24419.25,-49.0,-49.0,-98.0,24434.75,24402.25,24417.75,24419.25
2224,2025-09-15 09:30:00,2025-09-15T13:30:00+00:00,VALIDATED_SOURCE,NY,NQZ5,2,DOUBLE_STOP,-118.0,16.0,1.0,16.0,-240.75,-240.75,0.0,DNA_TP_DNA_SP,LEGACY_STAGE3F,1,RESOLVED,DOUBLE_STOP,BUY,STOP,2025-09-15 13:30:00.024160539+00:00,STOP,STOP,24417.75,24419.25,-49.0,-49.0,-98.0,24434.75,24402.25,24417.75,24419.25
2224,2025-09-15 09:30:00,2025-09-15T13:30:00+00:00,VALIDATED_SOURCE,NY,NQZ5,2,DOUBLE_STOP,-118.0,16.0,1.0,16.0,-240.75,-240.75,0.0,DNA_TP_DNA_SP,LEGACY_STAGE3F,100,RESOLVED,DOUBLE_STOP,SELL,STOP,2025-09-15 13:30:00.104784565+00:00,STOP,STOP,24417.75,24419.25,-49.0,-49.0,-98.0,24434.75,24402.25,24417.75,24419.25
2224,2025-09-15 09:30:00,2025-09-15T13:30:00+00:00,VALIDATED_SOURCE,NY,NQZ5,2,DOUBLE_STOP,-118.0,16.0,1.0,16.0,-240.75,-240.75,0.0,DNA_TP_DNA_SP,LEGACY_STAGE3F,500,RESOLVED,DOUBLE_STOP,BUY,STOP,2025-09-15 13:30:00.509065877+00:00,STOP,STOP,24417.25,24419.5,-69.0,-59.0,-128.0,24434.75,24402.25,24417.75,24419.25
2224,2025-09-15 09:30:00,2025-09-15T13:30:00+00:00,VALIDATED_SOURCE,NY,NQZ5,2,DOUBLE_STOP,-118.0,16.0,1.0,16.0,-240.75,-240.75,0.0,DNA_TP_REGISTRY_STOP,TRADE_TOUCH,0,RESOLVED,DOUBLE_STOP,SELL,STOP,2025-09-15 13:30:00.029880037+00:00,STOP,STOP,24417.75,24419.25,-49.0,-49.0,-98.0,24434.75,24402.25,24417.75,24419.25
2224,2025-09-15 09:30:00,2025-09-15T13:30:00+00:00,VALIDATED_SOURCE,NY,NQZ5,2,DOUBLE_STOP,-118.0,16.0,1.0,16.0,-240.75,-240.75,0.0,DNA_TP_REGISTRY_STOP,TRADE_TOUCH,1,RESOLVED,DOUBLE_STOP,SELL,STOP,2025-09-15 13:30:00.029880037+00:00,STOP,STOP,24417.75,24419.25,-49.0,-49.0,-98.0,24434.75,24402.25,24417.75,24419.25
2224,2025-09-15 09:30:00,2025-09-15T13:30:00+00:00,VALIDATED_SOURCE,NY,NQZ5,2,DOUBLE_STOP,-118.0,16.0,1.0,16.0,-240.75,-240.75,0.0,DNA_TP_REGISTRY_STOP,TRADE_TOUCH,100,RESOLVED,DOUBLE_STOP,SELL,STOP,2025-09-15 13:30:00.104784565+00:00,STOP,STOP,24417.75,24419.25,-49.0,-49.0,-98.0,24434.75,24402.25,24417.75,24419.25
2224,2025-09-15 09:30:00,2025-09-15T13:30:00+00:00,VALIDATED_SOURCE,NY,NQZ5,2,DOUBLE_STOP,-118.0,16.0,1.0,16.0,-240.75,-240.75,0.0,DNA_TP_REGISTRY_STOP,TRADE_TOUCH,500,RESOLVED,DOUBLE_STOP,BUY,STOP,2025-09-15 13:30:00.509065877+00:00,STOP,STOP,24417.75,24419.25,-49.0,-49.0,-98.0,24434.75,24402.25,24417.75,24419.25
2224,2025-09-15 09:30:00,2025-09-15T13:30:00+00:00,VALIDATED_SOURCE,NY,NQZ5,2,DOUBLE_STOP,-118.0,16.0,1.0,16.0,-240.75,-240.75,0.0,DNA_TP_REGISTRY_STOP,MID_TOUCH,0,RESOLVED,DOUBLE_STOP,SELL,STOP,2025-09-15 13:30:00.030823253+00:00,STOP,STOP,24417.75,24419.25,-49.0,-49.0,-98.0,24434.75,24402.25,24417.75,24419.25
2224,2025-09-15 09:30:00,2025-09-15T13:30:00+00:00,VALIDATED_SOURCE,NY,NQZ5,2,DOUBLE_STOP,-118.0,16.0,1.0,16.0,-240.75,-240.75,0.0,DNA_TP_REGISTRY_STOP,MID_TOUCH,1,RESOLVED,DOUBLE_STOP,SELL,STOP,2025-09-15 13:30:00.030823253+00:00,STOP,STOP,24417.75,24419.25,-49.0,-49.0,-98.0,24434.75,24402.25,24417.75,24419.25
2224,2025-09-15 09:30:00,2025-09-15T13:30:00+00:00,VALIDATED_SOURCE,NY,NQZ5,2,DOUBLE_STOP,-118.0,16.0,1.0,16.0,-240.75,-240.75,0.0,DNA_TP_REGISTRY_STOP,MID_TOUCH,100,RESOLVED,DOUBLE_STOP,SELL,STOP,2025-09-15 13:30:00.109781199+00:00,STOP,STOP,24417.75,24419.25,-49.0,-49.0,-98.0,24434.75,24402.25,24417.75,24419.25
2224,2025-09-15 09:30:00,2025-09-15T13:30:00+00:00,VALIDATED_SOURCE,NY,NQZ5,2,DOUBLE_STOP,-118.0,16.0,1.0,16.0,-240.75,-240.75,0.0,DNA_TP_REGISTRY_STOP,MID_TOUCH,500,RESOLVED,DOUBLE_STOP,BUY,STOP,2025-09-15 13:30:00.509065877+00:00,STOP,STOP,24417.75,24419.25,-49.0,-49.0,-98.0,24434.75,24402.25,24417.75,24419.25
2224,2025-09-15 09:30:00,2025-09-15T13:30:00+00:00,VALIDATED_SOURCE,NY,NQZ5,2,DOUBLE_STOP,-118.0,16.0,1.0,16.0,-240.75,-240.75,0.0,DNA_TP_REGISTRY_STOP,BBO_EXECUTABLE,0,RESOLVED,DOUBLE_STOP,BUY,STOP,2025-09-15 13:30:00.000504713+00:00,STOP,STOP,24417.75,24419.25,-49.0,-49.0,-98.0,24434.75,24402.25,24417.75,24419.25
2224,2025-09-15 09:30:00,2025-09-15T13:30:00+00:00,VALIDATED_SOURCE,NY,NQZ5,2,DOUBLE_STOP,-118.0,16.0,1.0,16.0,-240.75,-240.75,0.0,DNA_TP_REGISTRY_STOP,BBO_EXECUTABLE,1,RESOLVED,DOUBLE_STOP,BUY,STOP,2025-09-15 13:30:00.024160539+00:00,STOP,STOP,24417.75,24419.25,-49.0,-49.0,-98.0,24434.75,24402.25,24417.75,24419.25
2224,2025-09-15 09:30:00,2025-09-15T13:30:00+00:00,VALIDATED_SOURCE,NY,NQZ5,2,DOUBLE_STOP,-118.0,16.0,1.0,16.0,-240.75,-240.75,0.0,DNA_TP_REGISTRY_STOP,BBO_EXECUTABLE,100,RESOLVED,DOUBLE_STOP,SELL,STOP,2025-09-15 13:30:00.104784565+00:00,STOP,STOP,24417.75,24419.25,-49.0,-49.0,-98.0,24434.75,24402.25,24417.75,24419.25
2224,2025-09-15 09:30:00,2025-09-15T13:30:00+00:00,VALIDATED_SOURCE,NY,NQZ5,2,DOUBLE_STOP,-118.0,16.0,1.0,16.0,-240.75,-240.75,0.0,DNA_TP_REGISTRY_STOP,BBO_EXECUTABLE,500,RESOLVED,DOUBLE_STOP,BUY,STOP,2025-09-15 13:30:00.509065877+00:00,STOP,STOP,24417.25,24419.5,-69.0,-59.0,-128.0,24434.75,24402.25,24417.75,24419.25
2224,2025-09-15 09:30:00,2025-09-15T13:30:00+00:00,VALIDATED_SOURCE,NY,NQZ5,2,DOUBLE_STOP,-118.0,16.0,1.0,16.0,-240.75,-240.75,0.0,DNA_TP_REGISTRY_STOP,LEGACY_STAGE3F,0,RESOLVED,DOUBLE_STOP,BUY,STOP,2025-09-15 13:30:00.000504713+00:00,STOP,STOP,24417.75,24419.25,-49.0,-49.0,-98.0,24434.75,24402.25,24417.75,24419.25
2224,2025-09-15 09:30:00,2025-09-15T13:30:00+00:00,VALIDATED_SOURCE,NY,NQZ5,2,DOUBLE_STOP,-118.0,16.0,1.0,16.0,-240.75,-240.75,0.0,DNA_TP_REGISTRY_STOP,LEGACY_STAGE3F,1,RESOLVED,DOUBLE_STOP,BUY,STOP,2025-09-15 13:30:00.024160539+00:00,STOP,STOP,24417.75,24419.25,-49.0,-49.0,-98.0,24434.75,24402.25,24417.75,24419.25
2224,2025-09-15 09:30:00,2025-09-15T13:30:00+00:00,VALIDATED_SOURCE,NY,NQZ5,2,DOUBLE_STOP,-118.0,16.0,1.0,16.0,-240.75,-240.75,0.0,DNA_TP_REGISTRY_STOP,LEGACY_STAGE3F,100,RESOLVED,DOUBLE_STOP,SELL,STOP,2025-09-15 13:30:00.104784565+00:00,STOP,STOP,24417.75,24419.25,-49.0,-49.0,-98.0,24434.75,24402.25,24417.75,24419.25
2224,2025-09-15 09:30:00,2025-09-15T13:30:00+00:00,VALIDATED_SOURCE,NY,NQZ5,2,DOUBLE_STOP,-118.0,16.0,1.0,16.0,-240.75,-240.75,0.0,DNA_TP_REGISTRY_STOP,LEGACY_STAGE3F,500,RESOLVED,DOUBLE_STOP,BUY,STOP,2025-09-15 13:30:00.509065877+00:00,STOP,STOP,24417.25,24419.5,-69.0,-59.0,-128.0,24434.75,24402.25,24417.75,24419.25
2224,2025-09-15 09:30:00,2025-09-15T13:30:00+00:00,VALIDATED_SOURCE,NY,NQZ5,2,DOUBLE_STOP,-118.0,16.0,1.0,16.0,-240.75,-240.75,0.0,FORMULA_TP_REGISTRY_STOP,TRADE_TOUCH,0,RESOLVED,DOUBLE_STOP,SELL,STOP,2025-09-15 13:30:00.029880037+00:00,STOP,STOP,24417.75,24419.25,-49.0,-49.0,-98.0,24434.75,24402.25,24417.75,24419.25
2224,2025-09-15 09:30:00,2025-09-15T13:30:00+00:00,VALIDATED_SOURCE,NY,NQZ5,2,DOUBLE_STOP,-118.0,16.0,1.0,16.0,-240.75,-240.75,0.0,FORMULA_TP_REGISTRY_STOP,TRADE_TOUCH,1,RESOLVED,DOUBLE_STOP,SELL,STOP,2025-09-15 13:30:00.029880037+00:00,STOP,STOP,24417.75,24419.25,-49.0,-49.0,-98.0,24434.75,24402.25,24417.75,24419.25
2224,2025-09-15 09:30:00,2025-09-15T13:30:00+00:00,VALIDATED_SOURCE,NY,NQZ5,2,DOUBLE_STOP,-118.0,16.0,1.0,16.0,-240.75,-240.75,0.0,FORMULA_TP_REGISTRY_STOP,TRADE_TOUCH,100,RESOLVED,DOUBLE_STOP,SELL,STOP,2025-09-15 13:30:00.104784565+00:00,STOP,STOP,24417.75,24419.25,-49.0,-49.0,-98.0,24434.75,24402.25,24417.75,24419.25
2224,2025-09-15 09:30:00,2025-09-15T13:30:00+00:00,VALIDATED_SOURCE,NY,NQZ5,2,DOUBLE_STOP,-118.0,16.0,1.0,16.0,-240.75,-240.75,0.0,FORMULA_TP_REGISTRY_STOP,TRADE_TOUCH,500,RESOLVED,DOUBLE_STOP,BUY,STOP,2025-09-15 13:30:00.509065877+00:00,STOP,STOP,24417.75,24419.25,-49.0,-49.0,-98.0,24434.75,24402.25,24417.75,24419.25
2224,2025-09-15 09:30:00,2025-09-15T13:30:00+00:00,VALIDATED_SOURCE,NY,NQZ5,2,DOUBLE_STOP,-118.0,16.0,1.0,16.0,-240.75,-240.75,0.0,FORMULA_TP_REGISTRY_STOP,MID_TOUCH,0,RESOLVED,DOUBLE_STOP,SELL,STOP,2025-09-15 13:30:00.030823253+00:00,STOP,STOP,24417.75,24419.25,-49.0,-49.0,-98.0,24434.75,24402.25,24417.75,24419.25
2224,2025-09-15 09:30:00,2025-09-15T13:30:00+00:00,VALIDATED_SOURCE,NY,NQZ5,2,DOUBLE_STOP,-118.0,16.0,1.0,16.0,-240.75,-240.75,0.0,FORMULA_TP_REGISTRY_STOP,MID_TOUCH,1,RESOLVED,DOUBLE_STOP,SELL,STOP,2025-09-15 13:30:00.030823253+00:00,STOP,STOP,24417.75,24419.25,-49.0,-49.0,-98.0,24434.75,24402.25,24417.75,24419.25
2224,2025-09-15 09:30:00,2025-09-15T13:30:00+00:00,VALIDATED_SOURCE,NY,NQZ5,2,DOUBLE_STOP,-118.0,16.0,1.0,16.0,-240.75,-240.75,0.0,FORMULA_TP_REGISTRY_STOP,MID_TOUCH,100,RESOLVED,DOUBLE_STOP,SELL,STOP,2025-09-15 13:30:00.109781199+00:00,STOP,STOP,24417.75,24419.25,-49.0,-49.0,-98.0,24434.75,24402.25,24417.75,24419.25
2224,2025-09-15 09:30:00,2025-09-15T13:30:00+00:00,VALIDATED_SOURCE,NY,NQZ5,2,DOUBLE_STOP,-118.0,16.0,1.0,16.0,-240.75,-240.75,0.0,FORMULA_TP_REGISTRY_STOP,MID_TOUCH,500,RESOLVED,DOUBLE_STOP,BUY,STOP,2025-09-15 13:30:00.509065877+00:00,STOP,STOP,24417.75,24419.25,-49.0,-49.0,-98.0,24434.75,24402.25,24417.75,24419.25
2224,2025-09-15 09:30:00,2025-09-15T13:30:00+00:00,VALIDATED_SOURCE,NY,NQZ5,2,DOUBLE_STOP,-118.0,16.0,1.0,16.0,-240.75,-240.75,0.0,FORMULA_TP_REGISTRY_STOP,BBO_EXECUTABLE,0,RESOLVED,DOUBLE_STOP,BUY,STOP,2025-09-15 13:30:00.000504713+00:00,STOP,STOP,24417.75,24419.25,-49.0,-49.0,-98.0,24434.75,24402.25,24417.75,24419.25
2224,2025-09-15 09:30:00,2025-09-15T13:30:00+00:00,VALIDATED_SOURCE,NY,NQZ5,2,DOUBLE_STOP,-118.0,16.0,1.0,16.0,-240.75,-240.75,0.0,FORMULA_TP_REGISTRY_STOP,BBO_EXECUTABLE,1,RESOLVED,DOUBLE_STOP,BUY,STOP,2025-09-15 13:30:00.024160539+00:00,STOP,STOP,24417.75,24419.25,-49.0,-49.0,-98.0,24434.75,24402.25,24417.75,24419.25
2224,2025-09-15 09:30:00,2025-09-15T13:30:00+00:00,VALIDATED_SOURCE,NY,NQZ5,2,DOUBLE_STOP,-118.0,16.0,1.0,16.0,-240.75,-240.75,0.0,FORMULA_TP_REGISTRY_STOP,BBO_EXECUTABLE,100,RESOLVED,DOUBLE_STOP,SELL,STOP,2025-09-15 13:30:00.104784565+00:00,STOP,STOP,24417.75,24419.25,-49.0,-49.0,-98.0,24434.75,24402.25,24417.75,24419.25
2224,2025-09-15 09:30:00,2025-09-15T13:30:00+00:00,VALIDATED_SOURCE,NY,NQZ5,2,DOUBLE_STOP,-118.0,16.0,1.0,16.0,-240.75,-240.75,0.0,FORMULA_TP_REGISTRY_STOP,BBO_EXECUTABLE,500,RESOLVED,DOUBLE_STOP,BUY,STOP,2025-09-15 13:30:00.509065877+00:00,STOP,STOP,24417.25,24419.5,-69.0,-59.0,-128.0,24434.75,24402.25,24417.75,24419.25
2224,2025-09-15 09:30:00,2025-09-15T13:30:00+00:00,VALIDATED_SOURCE,NY,NQZ5,2,DOUBLE_STOP,-118.0,16.0,1.0,16.0,-240.75,-240.75,0.0,FORMULA_TP_REGISTRY_STOP,LEGACY_STAGE3F,0,RESOLVED,DOUBLE_STOP,BUY,STOP,2025-09-15 13:30:00.000504713+00:00,STOP,STOP,24417.75,24419.25,-49.0,-49.0,-98.0,24434.75,24402.25,24417.75,24419.25
2224,2025-09-15 09:30:00,2025-09-15T13:30:00+00:00,VALIDATED_SOURCE,NY,NQZ5,2,DOUBLE_STOP,-118.0,16.0,1.0,16.0,-240.75,-240.75,0.0,FORMULA_TP_REGISTRY_STOP,LEGACY_STAGE3F,1,RESOLVED,DOUBLE_STOP,BUY,STOP,2025-09-15 13:30:00.024160539+00:00,STOP,STOP,24417.75,24419.25,-49.0,-49.0,-98.0,24434.75,24402.25,24417.75,24419.25
2224,2025-09-15 09:30:00,2025-09-15T13:30:00+00:00,VALIDATED_SOURCE,NY,NQZ5,2,DOUBLE_STOP,-118.0,16.0,1.0,16.0,-240.75,-240.75,0.0,FORMULA_TP_REGISTRY_STOP,LEGACY_STAGE3F,100,RESOLVED,DOUBLE_STOP,SELL,STOP,2025-09-15 13:30:00.104784565+00:00,STOP,STOP,24417.75,24419.25,-49.0,-49.0,-98.0,24434.75,24402.25,24417.75,24419.25
2224,2025-09-15 09:30:00,2025-09-15T13:30:00+00:00,VALIDATED_SOURCE,NY,NQZ5,2,DOUBLE_STOP,-118.0,16.0,1.0,16.0,-240.75,-240.75,0.0,FORMULA_TP_REGISTRY_STOP,LEGACY_STAGE3F,500,RESOLVED,DOUBLE_STOP,BUY,STOP,2025-09-15 13:30:00.509065877+00:00,STOP,STOP,24417.25,24419.5,-69.0,-59.0,-128.0,24434.75,24402.25,24417.75,24419.25
2225,2025-09-16 09:30:00,2025-09-16T13:30:00+00:00,VALIDATED_SOURCE,NY,NQZ5,2,DOUBLE_STOP,-118.0,16.0,1.0,16.0,0.0,0.0,0.0,DNA_TP_DNA_SP,TRADE_TOUCH,0,RESOLVED,DOUBLE_STOP,SELL,STOP,2025-09-16 13:30:00.022596787+00:00,STOP,STOP,24587.5,24589.0,-49.0,-49.0,-98.0,24604.5,24572.0,24587.5,24589.0
2225,2025-09-16 09:30:00,2025-09-16T13:30:00+00:00,VALIDATED_SOURCE,NY,NQZ5,2,DOUBLE_STOP,-118.0,16.0,1.0,16.0,0.0,0.0,0.0,DNA_TP_DNA_SP,TRADE_TOUCH,1,RESOLVED,DOUBLE_STOP,SELL,STOP,2025-09-16 13:30:00.022596787+00:00,STOP,STOP,24587.5,24589.0,-49.0,-49.0,-98.0,24604.5,24572.0,24587.5,24589.0
2225,2025-09-16 09:30:00,2025-09-16T13:30:00+00:00,VALIDATED_SOURCE,NY,NQZ5,2,DOUBLE_STOP,-118.0,16.0,1.0,16.0,0.0,0.0,0.0,DNA_TP_DNA_SP,TRADE_TOUCH,100,RESOLVED,DOUBLE_STOP,SELL,STOP,2025-09-16 13:30:00.100448203+00:00,STOP,STOP,24587.5,24589.0,-49.0,-49.0,-98.0,24604.5,24572.0,24587.5,24589.0
2225,2025-09-16 09:30:00,2025-09-16T13:30:00+00:00,VALIDATED_SOURCE,NY,NQZ5,2,DOUBLE_STOP,-118.0,16.0,1.0,16.0,0.0,0.0,0.0,DNA_TP_DNA_SP,TRADE_TOUCH,500,RESOLVED,DOUBLE_STOP,BUY,STOP,2025-09-16 13:30:00.505679779+00:00,STOP,STOP,24587.5,24589.0,-49.0,-49.0,-98.0,24604.5,24572.0,24587.5,24589.0
2225,2025-09-16 09:30:00,2025-09-16T13:30:00+00:00,VALIDATED_SOURCE,NY,NQZ5,2,DOUBLE_STOP,-118.0,16.0,1.0,16.0,0.0,0.0,0.0,DNA_TP_DNA_SP,MID_TOUCH,0,RESOLVED,DOUBLE_STOP,SELL,STOP,2025-09-16 13:30:00.043762303+00:00,STOP,STOP,24587.5,24589.0,-49.0,-49.0,-98.0,24604.5,24572.0,24587.5,24589.0
2225,2025-09-16 09:30:00,2025-09-16T13:30:00+00:00,VALIDATED_SOURCE,NY,NQZ5,2,DOUBLE_STOP,-118.0,16.0,1.0,16.0,0.0,0.0,0.0,DNA_TP_DNA_SP,MID_TOUCH,1,RESOLVED,DOUBLE_STOP,SELL,STOP,2025-09-16 13:30:00.043762303+00:00,STOP,STOP,24587.5,24589.0,-49.0,-49.0,-98.0,24604.5,24572.0,24587.5,24589.0
2225,2025-09-16 09:30:00,2025-09-16T13:30:00+00:00,VALIDATED_SOURCE,NY,NQZ5,2,DOUBLE_STOP,-118.0,16.0,1.0,16.0,0.0,0.0,0.0,DNA_TP_DNA_SP,MID_TOUCH,100,RESOLVED,DOUBLE_STOP,SELL,STOP,2025-09-16 13:30:00.100448203+00:00,STOP,STOP,24587.5,24589.0,-49.0,-49.0,-98.0,24604.5,24572.0,24587.5,24589.0
2225,2025-09-16 09:30:00,2025-09-16T13:30:00+00:00,VALIDATED_SOURCE,NY,NQZ5,2,DOUBLE_STOP,-118.0,16.0,1.0,16.0,0.0,0.0,0.0,DNA_TP_DNA_SP,MID_TOUCH,500,RESOLVED,DOUBLE_STOP,BUY,STOP,2025-09-16 13:30:00.505679779+00:00,STOP,STOP,24587.5,24589.0,-49.0,-49.0,-98.0,24604.5,24572.0,24587.5,24589.0
2225,2025-09-16 09:30:00,2025-09-16T13:30:00+00:00,VALIDATED_SOURCE,NY,NQZ5,2,DOUBLE_STOP,-118.0,16.0,1.0,16.0,0.0,0.0,0.0,DNA_TP_DNA_SP,BBO_EXECUTABLE,0,RESOLVED,DOUBLE_STOP,SELL,STOP,2025-09-16 13:30:00.037111025+00:00,STOP,STOP,24587.0,24589.0,-69.0,-49.0,-118.0,24604.5,24572.0,24587.5,24589.0
2225,2025-09-16 09:30:00,2025-09-16T13:30:00+00:00,VALIDATED_SOURCE,NY,NQZ5,2,DOUBLE_STOP,-118.0,16.0,1.0,16.0,0.0,0.0,0.0,DNA_TP_DNA_SP,BBO_EXECUTABLE,1,RESOLVED,DOUBLE_STOP,SELL,STOP,2025-09-16 13:30:00.037111025+00:00,STOP,STOP,24587.0,24589.0,-69.0,-49.0,-118.0,24604.5,24572.0,24587.5,24589.0
2225,2025-09-16 09:30:00,2025-09-16T13:30:00+00:00,VALIDATED_SOURCE,NY,NQZ5,2,DOUBLE_STOP,-118.0,16.0,1.0,16.0,0.0,0.0,0.0,DNA_TP_DNA_SP,BBO_EXECUTABLE,100,RESOLVED,DOUBLE_STOP,SELL,STOP,2025-09-16 13:30:00.100448203+00:00,STOP,STOP,24587.0,24589.25,-69.0,-59.0,-128.0,24604.5,24572.0,24587.5,24589.0
2225,2025-09-16 09:30:00,2025-09-16T13:30:00+00:00,VALIDATED_SOURCE,NY,NQZ5,2,DOUBLE_STOP,-118.0,16.0,1.0,16.0,0.0,0.0,0.0,DNA_TP_DNA_SP,BBO_EXECUTABLE,500,RESOLVED,DOUBLE_STOP,BUY,STOP,2025-09-16 13:30:00.505679779+00:00,STOP,STOP,24587.25,24589.0,-59.0,-49.0,-108.0,24604.5,24572.0,24587.5,24589.0
2225,2025-09-16 09:30:00,2025-09-16T13:30:00+00:00,VALIDATED_SOURCE,NY,NQZ5,2,DOUBLE_STOP,-118.0,16.0,1.0,16.0,0.0,0.0,0.0,DNA_TP_DNA_SP,LEGACY_STAGE3F,0,RESOLVED,DOUBLE_STOP,SELL,STOP,2025-09-16 13:30:00.022596787+00:00,STOP,STOP,24587.0,24588.75,-69.0,-39.0,-108.0,24604.5,24572.0,24587.5,24589.0
2225,2025-09-16 09:30:00,2025-09-16T13:30:00+00:00,VALIDATED_SOURCE,NY,NQZ5,2,DOUBLE_STOP,-118.0,16.0,1.0,16.0,0.0,0.0,0.0,DNA_TP_DNA_SP,LEGACY_STAGE3F,1,RESOLVED,DOUBLE_STOP,SELL,STOP,2025-09-16 13:30:00.022596787+00:00,STOP,STOP,24587.0,24588.75,-69.0,-39.0,-108.0,24604.5,24572.0,24587.5,24589.0
2225,2025-09-16 09:30:00,2025-09-16T13:30:00+00:00,VALIDATED_SOURCE,NY,NQZ5,2,DOUBLE_STOP,-118.0,16.0,1.0,16.0,0.0,0.0,0.0,DNA_TP_DNA_SP,LEGACY_STAGE3F,100,RESOLVED,DOUBLE_STOP,SELL,STOP,2025-09-16 13:30:00.100448203+00:00,STOP,STOP,24587.0,24589.25,-69.0,-59.0,-128.0,24604.5,24572.0,24587.5,24589.0
2225,2025-09-16 09:30:00,2025-09-16T13:30:00+00:00,VALIDATED_SOURCE,NY,NQZ5,2,DOUBLE_STOP,-118.0,16.0,1.0,16.0,0.0,0.0,0.0,DNA_TP_DNA_SP,LEGACY_STAGE3F,500,RESOLVED,DOUBLE_STOP,BUY,STOP,2025-09-16 13:30:00.505679779+00:00,STOP,STOP,24587.25,24589.0,-59.0,-49.0,-108.0,24604.5,24572.0,24587.5,24589.0
2225,2025-09-16 09:30:00,2025-09-16T13:30:00+00:00,VALIDATED_SOURCE,NY,NQZ5,2,DOUBLE_STOP,-118.0,16.0,1.0,16.0,0.0,0.0,0.0,DNA_TP_REGISTRY_STOP,TRADE_TOUCH,0,RESOLVED,DOUBLE_STOP,SELL,STOP,2025-09-16 13:30:00.022596787+00:00,STOP,STOP,24587.5,24589.0,-49.0,-49.0,-98.0,24604.5,24572.0,24587.5,24589.0
2225,2025-09-16 09:30:00,2025-09-16T13:30:00+00:00,VALIDATED_SOURCE,NY,NQZ5,2,DOUBLE_STOP,-118.0,16.0,1.0,16.0,0.0,0.0,0.0,DNA_TP_REGISTRY_STOP,TRADE_TOUCH,1,RESOLVED,DOUBLE_STOP,SELL,STOP,2025-09-16 13:30:00.022596787+00:00,STOP,STOP,24587.5,24589.0,-49.0,-49.0,-98.0,24604.5,24572.0,24587.5,24589.0
2225,2025-09-16 09:30:00,2025-09-16T13:30:00+00:00,VALIDATED_SOURCE,NY,NQZ5,2,DOUBLE_STOP,-118.0,16.0,1.0,16.0,0.0,0.0,0.0,DNA_TP_REGISTRY_STOP,TRADE_TOUCH,100,RESOLVED,DOUBLE_STOP,SELL,STOP,2025-09-16 13:30:00.100448203+00:00,STOP,STOP,24587.5,24589.0,-49.0,-49.0,-98.0,24604.5,24572.0,24587.5,24589.0
2225,2025-09-16 09:30:00,2025-09-16T13:30:00+00:00,VALIDATED_SOURCE,NY,NQZ5,2,DOUBLE_STOP,-118.0,16.0,1.0,16.0,0.0,0.0,0.0,DNA_TP_REGISTRY_STOP,TRADE_TOUCH,500,RESOLVED,DOUBLE_STOP,BUY,STOP,2025-09-16 13:30:00.505679779+00:00,STOP,STOP,24587.5,24589.0,-49.0,-49.0,-98.0,24604.5,24572.0,24587.5,24589.0
2225,2025-09-16 09:30:00,2025-09-16T13:30:00+00:00,VALIDATED_SOURCE,NY,NQZ5,2,DOUBLE_STOP,-118.0,16.0,1.0,16.0,0.0,0.0,0.0,DNA_TP_REGISTRY_STOP,MID_TOUCH,0,RESOLVED,DOUBLE_STOP,SELL,STOP,2025-09-16 13:30:00.043762303+00:00,STOP,STOP,24587.5,24589.0,-49.0,-49.0,-98.0,24604.5,24572.0,24587.5,24589.0
2225,2025-09-16 09:30:00,2025-09-16T13:30:00+00:00,VALIDATED_SOURCE,NY,NQZ5,2,DOUBLE_STOP,-118.0,16.0,1.0,16.0,0.0,0.0,0.0,DNA_TP_REGISTRY_STOP,MID_TOUCH,1,RESOLVED,DOUBLE_STOP,SELL,STOP,2025-09-16 13:30:00.043762303+00:00,STOP,STOP,24587.5,24589.0,-49.0,-49.0,-98.0,24604.5,24572.0,24587.5,24589.0
2225,2025-09-16 09:30:00,2025-09-16T13:30:00+00:00,VALIDATED_SOURCE,NY,NQZ5,2,DOUBLE_STOP,-118.0,16.0,1.0,16.0,0.0,0.0,0.0,DNA_TP_REGISTRY_STOP,MID_TOUCH,100,RESOLVED,DOUBLE_STOP,SELL,STOP,2025-09-16 13:30:00.100448203+00:00,STOP,STOP,24587.5,24589.0,-49.0,-49.0,-98.0,24604.5,24572.0,24587.5,24589.0
2225,2025-09-16 09:30:00,2025-09-16T13:30:00+00:00,VALIDATED_SOURCE,NY,NQZ5,2,DOUBLE_STOP,-118.0,16.0,1.0,16.0,0.0,0.0,0.0,DNA_TP_REGISTRY_STOP,MID_TOUCH,500,RESOLVED,DOUBLE_STOP,BUY,STOP,2025-09-16 13:30:00.505679779+00:00,STOP,STOP,24587.5,24589.0,-49.0,-49.0,-98.0,24604.5,24572.0,24587.5,24589.0
2225,2025-09-16 09:30:00,2025-09-16T13:30:00+00:00,VALIDATED_SOURCE,NY,NQZ5,2,DOUBLE_STOP,-118.0,16.0,1.0,16.0,0.0,0.0,0.0,DNA_TP_REGISTRY_STOP,BBO_EXECUTABLE,0,RESOLVED,DOUBLE_STOP,SELL,STOP,2025-09-16 13:30:00.037111025+00:00,STOP,STOP,24587.0,24589.0,-69.0,-49.0,-118.0,24604.5,24572.0,24587.5,24589.0
2225,2025-09-16 09:30:00,2025-09-16T13:30:00+00:00,VALIDATED_SOURCE,NY,NQZ5,2,DOUBLE_STOP,-118.0,16.0,1.0,16.0,0.0,0.0,0.0,DNA_TP_REGISTRY_STOP,BBO_EXECUTABLE,1,RESOLVED,DOUBLE_STOP,SELL,STOP,2025-09-16 13:30:00.037111025+00:00,STOP,STOP,24587.0,24589.0,-69.0,-49.0,-118.0,24604.5,24572.0,24587.5,24589.0
2225,2025-09-16 09:30:00,2025-09-16T13:30:00+00:00,VALIDATED_SOURCE,NY,NQZ5,2,DOUBLE_STOP,-118.0,16.0,1.0,16.0,0.0,0.0,0.0,DNA_TP_REGISTRY_STOP,BBO_EXECUTABLE,100,RESOLVED,DOUBLE_STOP,SELL,STOP,2025-09-16 13:30:00.100448203+00:00,STOP,STOP,24587.0,24589.25,-69.0,-59.0,-128.0,24604.5,24572.0,24587.5,24589.0
2225,2025-09-16 09:30:00,2025-09-16T13:30:00+00:00,VALIDATED_SOURCE,NY,NQZ5,2,DOUBLE_STOP,-118.0,16.0,1.0,16.0,0.0,0.0,0.0,DNA_TP_REGISTRY_STOP,BBO_EXECUTABLE,500,RESOLVED,DOUBLE_STOP,BUY,STOP,2025-09-16 13:30:00.505679779+00:00,STOP,STOP,24587.25,24589.0,-59.0,-49.0,-108.0,24604.5,24572.0,24587.5,24589.0
2225,2025-09-16 09:30:00,2025-09-16T13:30:00+00:00,VALIDATED_SOURCE,NY,NQZ5,2,DOUBLE_STOP,-118.0,16.0,1.0,16.0,0.0,0.0,0.0,DNA_TP_REGISTRY_STOP,LEGACY_STAGE3F,0,RESOLVED,DOUBLE_STOP,SELL,STOP,2025-09-16 13:30:00.022596787+00:00,STOP,STOP,24587.0,24588.75,-69.0,-39.0,-108.0,24604.5,24572.0,24587.5,24589.0
2225,2025-09-16 09:30:00,2025-09-16T13:30:00+00:00,VALIDATED_SOURCE,NY,NQZ5,2,DOUBLE_STOP,-118.0,16.0,1.0,16.0,0.0,0.0,0.0,DNA_TP_REGISTRY_STOP,LEGACY_STAGE3F,1,RESOLVED,DOUBLE_STOP,SELL,STOP,2025-09-16 13:30:00.022596787+00:00,STOP,STOP,24587.0,24588.75,-69.0,-39.0,-108.0,24604.5,24572.0,24587.5,24589.0
2225,2025-09-16 09:30:00,2025-09-16T13:30:00+00:00,VALIDATED_SOURCE,NY,NQZ5,2,DOUBLE_STOP,-118.0,16.0,1.0,16.0,0.0,0.0,0.0,DNA_TP_REGISTRY_STOP,LEGACY_STAGE3F,100,RESOLVED,DOUBLE_STOP,SELL,STOP,2025-09-16 13:30:00.100448203+00:00,STOP,STOP,24587.0,24589.25,-69.0,-59.0,-128.0,24604.5,24572.0,24587.5,24589.0
2225,2025-09-16 09:30:00,2025-09-16T13:30:00+00:00,VALIDATED_SOURCE,NY,NQZ5,2,DOUBLE_STOP,-118.0,16.0,1.0,16.0,0.0,0.0,0.0,DNA_TP_REGISTRY_STOP,LEGACY_STAGE3F,500,RESOLVED,DOUBLE_STOP,BUY,STOP,2025-09-16 13:30:00.505679779+00:00,STOP,STOP,24587.25,24589.0,-59.0,-49.0,-108.0,24604.5,24572.0,24587.5,24589.0
2225,2025-09-16 09:30:00,2025-09-16T13:30:00+00:00,VALIDATED_SOURCE,NY,NQZ5,2,DOUBLE_STOP,-118.0,16.0,1.0,16.0,0.0,0.0,0.0,FORMULA_TP_REGISTRY_STOP,TRADE_TOUCH,0,RESOLVED,DOUBLE_STOP,SELL,STOP,2025-09-16 13:30:00.022596787+00:00,STOP,STOP,24587.5,24589.0,-49.0,-49.0,-98.0,24604.5,24572.0,24587.5,24589.0
2225,2025-09-16 09:30:00,2025-09-16T13:30:00+00:00,VALIDATED_SOURCE,NY,NQZ5,2,DOUBLE_STOP,-118.0,16.0,1.0,16.0,0.0,0.0,0.0,FORMULA_TP_REGISTRY_STOP,TRADE_TOUCH,1,RESOLVED,DOUBLE_STOP,SELL,STOP,2025-09-16 13:30:00.022596787+00:00,STOP,STOP,24587.5,24589.0,-49.0,-49.0,-98.0,24604.5,24572.0,24587.5,24589.0
2225,2025-09-16 09:30:00,2025-09-16T13:30:00+00:00,VALIDATED_SOURCE,NY,NQZ5,2,DOUBLE_STOP,-118.0,16.0,1.0,16.0,0.0,0.0,0.0,FORMULA_TP_REGISTRY_STOP,TRADE_TOUCH,100,RESOLVED,DOUBLE_STOP,SELL,STOP,2025-09-16 13:30:00.100448203+00:00,STOP,STOP,24587.5,24589.0,-49.0,-49.0,-98.0,24604.5,24572.0,24587.5,24589.0
2225,2025-09-16 09:30:00,2025-09-16T13:30:00+00:00,VALIDATED_SOURCE,NY,NQZ5,2,DOUBLE_STOP,-118.0,16.0,1.0,16.0,0.0,0.0,0.0,FORMULA_TP_REGISTRY_STOP,TRADE_TOUCH,500,RESOLVED,DOUBLE_STOP,BUY,STOP,2025-09-16 13:30:00.505679779+00:00,STOP,STOP,24587.5,24589.0,-49.0,-49.0,-98.0,24604.5,24572.0,24587.5,24589.0
2225,2025-09-16 09:30:00,2025-09-16T13:30:00+00:00,VALIDATED_SOURCE,NY,NQZ5,2,DOUBLE_STOP,-118.0,16.0,1.0,16.0,0.0,0.0,0.0,FORMULA_TP_REGISTRY_STOP,MID_TOUCH,0,RESOLVED,DOUBLE_STOP,SELL,STOP,2025-09-16 13:30:00.043762303+00:00,STOP,STOP,24587.5,24589.0,-49.0,-49.0,-98.0,24604.5,24572.0,24587.5,24589.0
2225,2025-09-16 09:30:00,2025-09-16T13:30:00+00:00,VALIDATED_SOURCE,NY,NQZ5,2,DOUBLE_STOP,-118.0,16.0,1.0,16.0,0.0,0.0,0.0,FORMULA_TP_REGISTRY_STOP,MID_TOUCH,1,RESOLVED,DOUBLE_STOP,SELL,STOP,2025-09-16 13:30:00.043762303+00:00,STOP,STOP,24587.5,24589.0,-49.0,-49.0,-98.0,24604.5,24572.0,24587.5,24589.0
2225,2025-09-16 09:30:00,2025-09-16T13:30:00+00:00,VALIDATED_SOURCE,NY,NQZ5,2,DOUBLE_STOP,-118.0,16.0,1.0,16.0,0.0,0.0,0.0,FORMULA_TP_REGISTRY_STOP,MID_TOUCH,100,RESOLVED,DOUBLE_STOP,SELL,STOP,2025-09-16 13:30:00.100448203+00:00,STOP,STOP,24587.5,24589.0,-49.0,-49.0,-98.0,24604.5,24572.0,24587.5,24589.0
2225,2025-09-16 09:30:00,2025-09-16T13:30:00+00:00,VALIDATED_SOURCE,NY,NQZ5,2,DOUBLE_STOP,-118.0,16.0,1.0,16.0,0.0,0.0,0.0,FORMULA_TP_REGISTRY_STOP,MID_TOUCH,500,RESOLVED,DOUBLE_STOP,BUY,STOP,2025-09-16 13:30:00.505679779+00:00,STOP,STOP,24587.5,24589.0,-49.0,-49.0,-98.0,24604.5,24572.0,24587.5,24589.0
2225,2025-09-16 09:30:00,2025-09-16T13:30:00+00:00,VALIDATED_SOURCE,NY,NQZ5,2,DOUBLE_STOP,-118.0,16.0,1.0,16.0,0.0,0.0,0.0,FORMULA_TP_REGISTRY_STOP,BBO_EXECUTABLE,0,RESOLVED,DOUBLE_STOP,SELL,STOP,2025-09-16 13:30:00.037111025+00:00,STOP,STOP,24587.0,24589.0,-69.0,-49.0,-118.0,24604.5,24572.0,24587.5,24589.0
2225,2025-09-16 09:30:00,2025-09-16T13:30:00+00:00,VALIDATED_SOURCE,NY,NQZ5,2,DOUBLE_STOP,-118.0,16.0,1.0,16.0,0.0,0.0,0.0,FORMULA_TP_REGISTRY_STOP,BBO_EXECUTABLE,1,RESOLVED,DOUBLE_STOP,SELL,STOP,2025-09-16 13:30:00.037111025+00:00,STOP,STOP,24587.0,24589.0,-69.0,-49.0,-118.0,24604.5,24572.0,24587.5,24589.0
2225,2025-09-16 09:30:00,2025-09-16T13:30:00+00:00,VALIDATED_SOURCE,NY,NQZ5,2,DOUBLE_STOP,-118.0,16.0,1.0,16.0,0.0,0.0,0.0,FORMULA_TP_REGISTRY_STOP,BBO_EXECUTABLE,100,RESOLVED,DOUBLE_STOP,SELL,STOP,2025-09-16 13:30:00.100448203+00:00,STOP,STOP,24587.0,24589.25,-69.0,-59.0,-128.0,24604.5,24572.0,24587.5,24589.0
2225,2025-09-16 09:30:00,2025-09-16T13:30:00+00:00,VALIDATED_SOURCE,NY,NQZ5,2,DOUBLE_STOP,-118.0,16.0,1.0,16.0,0.0,0.0,0.0,FORMULA_TP_REGISTRY_STOP,BBO_EXECUTABLE,500,RESOLVED,DOUBLE_STOP,BUY,STOP,2025-09-16 13:30:00.505679779+00:00,STOP,STOP,24587.25,24589.0,-59.0,-49.0,-108.0,24604.5,24572.0,24587.5,24589.0
2225,2025-09-16 09:30:00,2025-09-16T13:30:00+00:00,VALIDATED_SOURCE,NY,NQZ5,2,DOUBLE_STOP,-118.0,16.0,1.0,16.0,0.0,0.0,0.0,FORMULA_TP_REGISTRY_STOP,LEGACY_STAGE3F,0,RESOLVED,DOUBLE_STOP,SELL,STOP,2025-09-16 13:30:00.022596787+00:00,STOP,STOP,24587.0,24588.75,-69.0,-39.0,-108.0,24604.5,24572.0,24587.5,24589.0
2225,2025-09-16 09:30:00,2025-09-16T13:30:00+00:00,VALIDATED_SOURCE,NY,NQZ5,2,DOUBLE_STOP,-118.0,16.0,1.0,16.0,0.0,0.0,0.0,FORMULA_TP_REGISTRY_STOP,LEGACY_STAGE3F,1,RESOLVED,DOUBLE_STOP,SELL,STOP,2025-09-16 13:30:00.022596787+00:00,STOP,STOP,24587.0,24588.75,-69.0,-39.0,-108.0,24604.5,24572.0,24587.5,24589.0
2225,2025-09-16 09:30:00,2025-09-16T13:30:00+00:00,VALIDATED_SOURCE,NY,NQZ5,2,DOUBLE_STOP,-118.0,16.0,1.0,16.0,0.0,0.0,0.0,FORMULA_TP_REGISTRY_STOP,LEGACY_STAGE3F,100,RESOLVED,DOUBLE_STOP,SELL,STOP,2025-09-16 13:30:00.100448203+00:00,STOP,STOP,24587.0,24589.25,-69.0,-59.0,-128.0,24604.5,24572.0,24587.5,24589.0
2225,2025-09-16 09:30:00,2025-09-16T13:30:00+00:00,VALIDATED_SOURCE,NY,NQZ5,2,DOUBLE_STOP,-118.0,16.0,1.0,16.0,0.0,0.0,0.0,FORMULA_TP_REGISTRY_STOP,LEGACY_STAGE3F,500,RESOLVED,DOUBLE_STOP,BUY,STOP,2025-09-16 13:30:00.505679779+00:00,STOP,STOP,24587.25,24589.0,-59.0,-49.0,-108.0,24604.5,24572.0,24587.5,24589.0
2226,2025-09-17 09:30:00,2025-09-17T13:30:00+00:00,DIAGNOSTIC_ONLY_DEGRADED_SOURCE,NY,NQZ5,2,BUY_TARGET,572.0,16.0,1.0,16.0,0.0,0.0,0.0,DNA_TP_DNA_SP,TRADE_TOUCH,0,RESOLVED,BUY_TARGET,SELL,STOP,2025-09-17 13:30:00.002117549+00:00,TARGET,STOP,24537.25,24521.75,631.0,-49.0,582.0,24537.25,24504.75,24520.25,24521.75
2226,2025-09-17 09:30:00,2025-09-17T13:30:00+00:00,DIAGNOSTIC_ONLY_DEGRADED_SOURCE,NY,NQZ5,2,BUY_TARGET,572.0,16.0,1.0,16.0,0.0,0.0,0.0,DNA_TP_DNA_SP,TRADE_TOUCH,1,RESOLVED,BUY_TARGET,SELL,STOP,2025-09-17 13:30:00.002117549+00:00,TARGET,STOP,24537.25,24521.75,631.0,-49.0,582.0,24537.25,24504.75,24520.25,24521.75
2226,2025-09-17 09:30:00,2025-09-17T13:30:00+00:00,DIAGNOSTIC_ONLY_DEGRADED_SOURCE,NY,NQZ5,2,BUY_TARGET,572.0,16.0,1.0,16.0,0.0,0.0,0.0,DNA_TP_DNA_SP,TRADE_TOUCH,100,RESOLVED,BUY_TARGET,SELL,STOP,2025-09-17 13:30:00.100940145+00:00,TARGET,STOP,24537.25,24521.75,631.0,-49.0,582.0,24537.25,24504.75,24520.25,24521.75
2226,2025-09-17 09:30:00,2025-09-17T13:30:00+00:00,DIAGNOSTIC_ONLY_DEGRADED_SOURCE,NY,NQZ5,2,BUY_TARGET,572.0,16.0,1.0,16.0,0.0,0.0,0.0,DNA_TP_DNA_SP,TRADE_TOUCH,500,RESOLVED,BUY_TARGET,SELL,STOP,2025-09-17 13:30:00.501462447+00:00,TARGET,STOP,24537.25,24521.75,631.0,-49.0,582.0,24537.25,24504.75,24520.25,24521.75
2226,2025-09-17 09:30:00,2025-09-17T13:30:00+00:00,DIAGNOSTIC_ONLY_DEGRADED_SOURCE,NY,NQZ5,2,BUY_TARGET,572.0,16.0,1.0,16.0,0.0,0.0,0.0,DNA_TP_DNA_SP,MID_TOUCH,0,RESOLVED,BUY_TARGET,SELL,STOP,2025-09-17 13:30:00.006073675+00:00,TARGET,STOP,24537.25,24521.75,631.0,-49.0,582.0,24537.25,24504.75,24520.25,24521.75
2226,2025-09-17 09:30:00,2025-09-17T13:30:00+00:00,DIAGNOSTIC_ONLY_DEGRADED_SOURCE,NY,NQZ5,2,BUY_TARGET,572.0,16.0,1.0,16.0,0.0,0.0,0.0,DNA_TP_DNA_SP,MID_TOUCH,1,RESOLVED,BUY_TARGET,SELL,STOP,2025-09-17 13:30:00.006073675+00:00,TARGET,STOP,24537.25,24521.75,631.0,-49.0,582.0,24537.25,24504.75,24520.25,24521.75
2226,2025-09-17 09:30:00,2025-09-17T13:30:00+00:00,DIAGNOSTIC_ONLY_DEGRADED_SOURCE,NY,NQZ5,2,BUY_TARGET,572.0,16.0,1.0,16.0,0.0,0.0,0.0,DNA_TP_DNA_SP,MID_TOUCH,100,RESOLVED,BUY_TARGET,SELL,STOP,2025-09-17 13:30:00.100940145+00:00,TARGET,STOP,24537.25,24521.75,631.0,-49.0,582.0,24537.25,24504.75,24520.25,24521.75
2226,2025-09-17 09:30:00,2025-09-17T13:30:00+00:00,DIAGNOSTIC_ONLY_DEGRADED_SOURCE,NY,NQZ5,2,BUY_TARGET,572.0,16.0,1.0,16.0,0.0,0.0,0.0,DNA_TP_DNA_SP,MID_TOUCH,500,RESOLVED,BUY_TARGET,SELL,STOP,2025-09-17 13:30:00.501462447+00:00,TARGET,STOP,24537.25,24521.75,631.0,-49.0,582.0,24537.25,24504.75,24520.25,24521.75
2226,2025-09-17 09:30:00,2025-09-17T13:30:00+00:00,DIAGNOSTIC_ONLY_DEGRADED_SOURCE,NY,NQZ5,2,BUY_TARGET,572.0,16.0,1.0,16.0,0.0,0.0,0.0,DNA_TP_DNA_SP,BBO_EXECUTABLE,0,RESOLVED,BUY_TARGET,SELL,STOP,2025-09-17 13:30:00.002117549+00:00,TARGET,STOP,24537.25,24521.75,631.0,-49.0,582.0,24537.25,24504.75,24520.25,24521.75
2226,2025-09-17 09:30:00,2025-09-17T13:30:00+00:00,DIAGNOSTIC_ONLY_DEGRADED_SOURCE,NY,NQZ5,2,BUY_TARGET,572.0,16.0,1.0,16.0,0.0,0.0,0.0,DNA_TP_DNA_SP,BBO_EXECUTABLE,1,RESOLVED,BUY_TARGET,SELL,STOP,2025-09-17 13:30:00.002117549+00:00,TARGET,STOP,24537.25,24521.75,631.0,-49.0,582.0,24537.25,24504.75,24520.25,24521.75
2226,2025-09-17 09:30:00,2025-09-17T13:30:00+00:00,DIAGNOSTIC_ONLY_DEGRADED_SOURCE,NY,NQZ5,2,BUY_TARGET,572.0,16.0,1.0,16.0,0.0,0.0,0.0,DNA_TP_DNA_SP,BBO_EXECUTABLE,100,RESOLVED,BUY_TARGET,SELL,STOP,2025-09-17 13:30:00.100940145+00:00,TARGET,STOP,24537.25,24522.0,631.0,-59.0,572.0,24537.25,24504.75,24520.25,24521.75
2226,2025-09-17 09:30:00,2025-09-17T13:30:00+00:00,DIAGNOSTIC_ONLY_DEGRADED_SOURCE,NY,NQZ5,2,BUY_TARGET,572.0,16.0,1.0,16.0,0.0,0.0,0.0,DNA_TP_DNA_SP,BBO_EXECUTABLE,500,RESOLVED,BUY_TARGET,SELL,STOP,2025-09-17 13:30:00.501462447+00:00,TARGET,STOP,24537.25,24523.25,631.0,-109.0,522.0,24537.25,24504.75,24520.25,24521.75
2226,2025-09-17 09:30:00,2025-09-17T13:30:00+00:00,DIAGNOSTIC_ONLY_DEGRADED_SOURCE,NY,NQZ5,2,BUY_TARGET,572.0,16.0,1.0,16.0,0.0,0.0,0.0,DNA_TP_DNA_SP,LEGACY_STAGE3F,0,RESOLVED,BUY_TARGET,SELL,STOP,2025-09-17 13:30:00.002117549+00:00,TARGET,STOP,24537.25,24521.75,631.0,-49.0,582.0,24537.25,24504.75,24520.25,24521.75
2226,2025-09-17 09:30:00,2025-09-17T13:30:00+00:00,DIAGNOSTIC_ONLY_DEGRADED_SOURCE,NY,NQZ5,2,BUY_TARGET,572.0,16.0,1.0,16.0,0.0,0.0,0.0,DNA_TP_DNA_SP,LEGACY_STAGE3F,1,RESOLVED,BUY_TARGET,SELL,STOP,2025-09-17 13:30:00.002117549+00:00,TARGET,STOP,24537.25,24521.75,631.0,-49.0,582.0,24537.25,24504.75,24520.25,24521.75
2226,2025-09-17 09:30:00,2025-09-17T13:30:00+00:00,DIAGNOSTIC_ONLY_DEGRADED_SOURCE,NY,NQZ5,2,BUY_TARGET,572.0,16.0,1.0,16.0,0.0,0.0,0.0,DNA_TP_DNA_SP,LEGACY_STAGE3F,100,RESOLVED,BUY_TARGET,SELL,STOP,2025-09-17 13:30:00.100940145+00:00,TARGET,STOP,24537.25,24522.0,631.0,-59.0,572.0,24537.25,24504.75,24520.25,24521.75
2226,2025-09-17 09:30:00,2025-09-17T13:30:00+00:00,DIAGNOSTIC_ONLY_DEGRADED_SOURCE,NY,NQZ5,2,BUY_TARGET,572.0,16.0,1.0,16.0,0.0,0.0,0.0,DNA_TP_DNA_SP,LEGACY_STAGE3F,500,RESOLVED,BUY_TARGET,SELL,STOP,2025-09-17 13:30:00.501462447+00:00,TARGET,STOP,24537.25,24523.25,631.0,-109.0,522.0,24537.25,24504.75,24520.25,24521.75
2226,2025-09-17 09:30:00,2025-09-17T13:30:00+00:00,DIAGNOSTIC_ONLY_DEGRADED_SOURCE,NY,NQZ5,2,BUY_TARGET,572.0,16.0,1.0,16.0,0.0,0.0,0.0,DNA_TP_REGISTRY_STOP,TRADE_TOUCH,0,RESOLVED,BUY_TARGET,SELL,STOP,2025-09-17 13:30:00.002117549+00:00,TARGET,STOP,24537.25,24521.75,631.0,-49.0,582.0,24537.25,24504.75,24520.25,24521.75
2226,2025-09-17 09:30:00,2025-09-17T13:30:00+00:00,DIAGNOSTIC_ONLY_DEGRADED_SOURCE,NY,NQZ5,2,BUY_TARGET,572.0,16.0,1.0,16.0,0.0,0.0,0.0,DNA_TP_REGISTRY_STOP,TRADE_TOUCH,1,RESOLVED,BUY_TARGET,SELL,STOP,2025-09-17 13:30:00.002117549+00:00,TARGET,STOP,24537.25,24521.75,631.0,-49.0,582.0,24537.25,24504.75,24520.25,24521.75
2226,2025-09-17 09:30:00,2025-09-17T13:30:00+00:00,DIAGNOSTIC_ONLY_DEGRADED_SOURCE,NY,NQZ5,2,BUY_TARGET,572.0,16.0,1.0,16.0,0.0,0.0,0.0,DNA_TP_REGISTRY_STOP,TRADE_TOUCH,100,RESOLVED,BUY_TARGET,SELL,STOP,2025-09-17 13:30:00.100940145+00:00,TARGET,STOP,24537.25,24521.75,631.0,-49.0,582.0,24537.25,24504.75,24520.25,24521.75
2226,2025-09-17 09:30:00,2025-09-17T13:30:00+00:00,DIAGNOSTIC_ONLY_DEGRADED_SOURCE,NY,NQZ5,2,BUY_TARGET,572.0,16.0,1.0,16.0,0.0,0.0,0.0,DNA_TP_REGISTRY_STOP,TRADE_TOUCH,500,RESOLVED,BUY_TARGET,SELL,STOP,2025-09-17 13:30:00.501462447+00:00,TARGET,STOP,24537.25,24521.75,631.0,-49.0,582.0,24537.25,24504.75,24520.25,24521.75
2226,2025-09-17 09:30:00,2025-09-17T13:30:00+00:00,DIAGNOSTIC_ONLY_DEGRADED_SOURCE,NY,NQZ5,2,BUY_TARGET,572.0,16.0,1.0,16.0,0.0,0.0,0.0,DNA_TP_REGISTRY_STOP,MID_TOUCH,0,RESOLVED,BUY_TARGET,SELL,STOP,2025-09-17 13:30:00.006073675+00:00,TARGET,STOP,24537.25,24521.75,631.0,-49.0,582.0,24537.25,24504.75,24520.25,24521.75
2226,2025-09-17 09:30:00,2025-09-17T13:30:00+00:00,DIAGNOSTIC_ONLY_DEGRADED_SOURCE,NY,NQZ5,2,BUY_TARGET,572.0,16.0,1.0,16.0,0.0,0.0,0.0,DNA_TP_REGISTRY_STOP,MID_TOUCH,1,RESOLVED,BUY_TARGET,SELL,STOP,2025-09-17 13:30:00.006073675+00:00,TARGET,STOP,24537.25,24521.75,631.0,-49.0,582.0,24537.25,24504.75,24520.25,24521.75
2226,2025-09-17 09:30:00,2025-09-17T13:30:00+00:00,DIAGNOSTIC_ONLY_DEGRADED_SOURCE,NY,NQZ5,2,BUY_TARGET,572.0,16.0,1.0,16.0,0.0,0.0,0.0,DNA_TP_REGISTRY_STOP,MID_TOUCH,100,RESOLVED,BUY_TARGET,SELL,STOP,2025-09-17 13:30:00.100940145+00:00,TARGET,STOP,24537.25,24521.75,631.0,-49.0,582.0,24537.25,24504.75,24520.25,24521.75
2226,2025-09-17 09:30:00,2025-09-17T13:30:00+00:00,DIAGNOSTIC_ONLY_DEGRADED_SOURCE,NY,NQZ5,2,BUY_TARGET,572.0,16.0,1.0,16.0,0.0,0.0,0.0,DNA_TP_REGISTRY_STOP,MID_TOUCH,500,RESOLVED,BUY_TARGET,SELL,STOP,2025-09-17 13:30:00.501462447+00:00,TARGET,STOP,24537.25,24521.75,631.0,-49.0,582.0,24537.25,24504.75,24520.25,24521.75
2226,2025-09-17 09:30:00,2025-09-17T13:30:00+00:00,DIAGNOSTIC_ONLY_DEGRADED_SOURCE,NY,NQZ5,2,BUY_TARGET,572.0,16.0,1.0,16.0,0.0,0.0,0.0,DNA_TP_REGISTRY_STOP,BBO_EXECUTABLE,0,RESOLVED,BUY_TARGET,SELL,STOP,2025-09-17 13:30:00.002117549+00:00,TARGET,STOP,24537.25,24521.75,631.0,-49.0,582.0,24537.25,24504.75,24520.25,24521.75
2226,2025-09-17 09:30:00,2025-09-17T13:30:00+00:00,DIAGNOSTIC_ONLY_DEGRADED_SOURCE,NY,NQZ5,2,BUY_TARGET,572.0,16.0,1.0,16.0,0.0,0.0,0.0,DNA_TP_REGISTRY_STOP,BBO_EXECUTABLE,1,RESOLVED,BUY_TARGET,SELL,STOP,2025-09-17 13:30:00.002117549+00:00,TARGET,STOP,24537.25,24521.75,631.0,-49.0,582.0,24537.25,24504.75,24520.25,24521.75
2226,2025-09-17 09:30:00,2025-09-17T13:30:00+00:00,DIAGNOSTIC_ONLY_DEGRADED_SOURCE,NY,NQZ5,2,BUY_TARGET,572.0,16.0,1.0,16.0,0.0,0.0,0.0,DNA_TP_REGISTRY_STOP,BBO_EXECUTABLE,100,RESOLVED,BUY_TARGET,SELL,STOP,2025-09-17 13:30:00.100940145+00:00,TARGET,STOP,24537.25,24522.0,631.0,-59.0,572.0,24537.25,24504.75,24520.25,24521.75
2226,2025-09-17 09:30:00,2025-09-17T13:30:00+00:00,DIAGNOSTIC_ONLY_DEGRADED_SOURCE,NY,NQZ5,2,BUY_TARGET,572.0,16.0,1.0,16.0,0.0,0.0,0.0,DNA_TP_REGISTRY_STOP,BBO_EXECUTABLE,500,RESOLVED,BUY_TARGET,SELL,STOP,2025-09-17 13:30:00.501462447+00:00,TARGET,STOP,24537.25,24523.25,631.0,-109.0,522.0,24537.25,24504.75,24520.25,24521.75
2226,2025-09-17 09:30:00,2025-09-17T13:30:00+00:00,DIAGNOSTIC_ONLY_DEGRADED_SOURCE,NY,NQZ5,2,BUY_TARGET,572.0,16.0,1.0,16.0,0.0,0.0,0.0,DNA_TP_REGISTRY_STOP,LEGACY_STAGE3F,0,RESOLVED,BUY_TARGET,SELL,STOP,2025-09-17 13:30:00.002117549+00:00,TARGET,STOP,24537.25,24521.75,631.0,-49.0,582.0,24537.25,24504.75,24520.25,24521.75
2226,2025-09-17 09:30:00,2025-09-17T13:30:00+00:00,DIAGNOSTIC_ONLY_DEGRADED_SOURCE,NY,NQZ5,2,BUY_TARGET,572.0,16.0,1.0,16.0,0.0,0.0,0.0,DNA_TP_REGISTRY_STOP,LEGACY_STAGE3F,1,RESOLVED,BUY_TARGET,SELL,STOP,2025-09-17 13:30:00.002117549+00:00,TARGET,STOP,24537.25,24521.75,631.0,-49.0,582.0,24537.25,24504.75,24520.25,24521.75
2226,2025-09-17 09:30:00,2025-09-17T13:30:00+00:00,DIAGNOSTIC_ONLY_DEGRADED_SOURCE,NY,NQZ5,2,BUY_TARGET,572.0,16.0,1.0,16.0,0.0,0.0,0.0,DNA_TP_REGISTRY_STOP,LEGACY_STAGE3F,100,RESOLVED,BUY_TARGET,SELL,STOP,2025-09-17 13:30:00.100940145+00:00,TARGET,STOP,24537.25,24522.0,631.0,-59.0,572.0,24537.25,24504.75,24520.25,24521.75
2226,2025-09-17 09:30:00,2025-09-17T13:30:00+00:00,DIAGNOSTIC_ONLY_DEGRADED_SOURCE,NY,NQZ5,2,BUY_TARGET,572.0,16.0,1.0,16.0,0.0,0.0,0.0,DNA_TP_REGISTRY_STOP,LEGACY_STAGE3F,500,RESOLVED,BUY_TARGET,SELL,STOP,2025-09-17 13:30:00.501462447+00:00,TARGET,STOP,24537.25,24523.25,631.0,-109.0,522.0,24537.25,24504.75,24520.25,24521.75
2226,2025-09-17 09:30:00,2025-09-17T13:30:00+00:00,DIAGNOSTIC_ONLY_DEGRADED_SOURCE,NY,NQZ5,2,BUY_TARGET,572.0,16.0,1.0,16.0,0.0,0.0,0.0,FORMULA_TP_REGISTRY_STOP,TRADE_TOUCH,0,RESOLVED,BUY_TARGET,SELL,STOP,2025-09-17 13:30:00.002117549+00:00,TARGET,STOP,24537.25,24521.75,631.0,-49.0,582.0,24537.25,24504.75,24520.25,24521.75
2226,2025-09-17 09:30:00,2025-09-17T13:30:00+00:00,DIAGNOSTIC_ONLY_DEGRADED_SOURCE,NY,NQZ5,2,BUY_TARGET,572.0,16.0,1.0,16.0,0.0,0.0,0.0,FORMULA_TP_REGISTRY_STOP,TRADE_TOUCH,1,RESOLVED,BUY_TARGET,SELL,STOP,2025-09-17 13:30:00.002117549+00:00,TARGET,STOP,24537.25,24521.75,631.0,-49.0,582.0,24537.25,24504.75,24520.25,24521.75
2226,2025-09-17 09:30:00,2025-09-17T13:30:00+00:00,DIAGNOSTIC_ONLY_DEGRADED_SOURCE,NY,NQZ5,2,BUY_TARGET,572.0,16.0,1.0,16.0,0.0,0.0,0.0,FORMULA_TP_REGISTRY_STOP,TRADE_TOUCH,100,RESOLVED,BUY_TARGET,SELL,STOP,2025-09-17 13:30:00.100940145+00:00,TARGET,STOP,24537.25,24521.75,631.0,-49.0,582.0,24537.25,24504.75,24520.25,24521.75
2226,2025-09-17 09:30:00,2025-09-17T13:30:00+00:00,DIAGNOSTIC_ONLY_DEGRADED_SOURCE,NY,NQZ5,2,BUY_TARGET,572.0,16.0,1.0,16.0,0.0,0.0,0.0,FORMULA_TP_REGISTRY_STOP,TRADE_TOUCH,500,RESOLVED,BUY_TARGET,SELL,STOP,2025-09-17 13:30:00.501462447+00:00,TARGET,STOP,24537.25,24521.75,631.0,-49.0,582.0,24537.25,24504.75,24520.25,24521.75
2226,2025-09-17 09:30:00,2025-09-17T13:30:00+00:00,DIAGNOSTIC_ONLY_DEGRADED_SOURCE,NY,NQZ5,2,BUY_TARGET,572.0,16.0,1.0,16.0,0.0,0.0,0.0,FORMULA_TP_REGISTRY_STOP,MID_TOUCH,0,RESOLVED,BUY_TARGET,SELL,STOP,2025-09-17 13:30:00.006073675+00:00,TARGET,STOP,24537.25,24521.75,631.0,-49.0,582.0,24537.25,24504.75,24520.25,24521.75
2226,2025-09-17 09:30:00,2025-09-17T13:30:00+00:00,DIAGNOSTIC_ONLY_DEGRADED_SOURCE,NY,NQZ5,2,BUY_TARGET,572.0,16.0,1.0,16.0,0.0,0.0,0.0,FORMULA_TP_REGISTRY_STOP,MID_TOUCH,1,RESOLVED,BUY_TARGET,SELL,STOP,2025-09-17 13:30:00.006073675+00:00,TARGET,STOP,24537.25,24521.75,631.0,-49.0,582.0,24537.25,24504.75,24520.25,24521.75
2226,2025-09-17 09:30:00,2025-09-17T13:30:00+00:00,DIAGNOSTIC_ONLY_DEGRADED_SOURCE,NY,NQZ5,2,BUY_TARGET,572.0,16.0,1.0,16.0,0.0,0.0,0.0,FORMULA_TP_REGISTRY_STOP,MID_TOUCH,100,RESOLVED,BUY_TARGET,SELL,STOP,2025-09-17 13:30:00.100940145+00:00,TARGET,STOP,24537.25,24521.75,631.0,-49.0,582.0,24537.25,24504.75,24520.25,24521.75
2226,2025-09-17 09:30:00,2025-09-17T13:30:00+00:00,DIAGNOSTIC_ONLY_DEGRADED_SOURCE,NY,NQZ5,2,BUY_TARGET,572.0,16.0,1.0,16.0,0.0,0.0,0.0,FORMULA_TP_REGISTRY_STOP,MID_TOUCH,500,RESOLVED,BUY_TARGET,SELL,STOP,2025-09-17 13:30:00.501462447+00:00,TARGET,STOP,24537.25,24521.75,631.0,-49.0,582.0,24537.25,24504.75,24520.25,24521.75
2226,2025-09-17 09:30:00,2025-09-17T13:30:00+00:00,DIAGNOSTIC_ONLY_DEGRADED_SOURCE,NY,NQZ5,2,BUY_TARGET,572.0,16.0,1.0,16.0,0.0,0.0,0.0,FORMULA_TP_REGISTRY_STOP,BBO_EXECUTABLE,0,RESOLVED,BUY_TARGET,SELL,STOP,2025-09-17 13:30:00.002117549+00:00,TARGET,STOP,24537.25,24521.75,631.0,-49.0,582.0,24537.25,24504.75,24520.25,24521.75
2226,2025-09-17 09:30:00,2025-09-17T13:30:00+00:00,DIAGNOSTIC_ONLY_DEGRADED_SOURCE,NY,NQZ5,2,BUY_TARGET,572.0,16.0,1.0,16.0,0.0,0.0,0.0,FORMULA_TP_REGISTRY_STOP,BBO_EXECUTABLE,1,RESOLVED,BUY_TARGET,SELL,STOP,2025-09-17 13:30:00.002117549+00:00,TARGET,STOP,24537.25,24521.75,631.0,-49.0,582.0,24537.25,24504.75,24520.25,24521.75
2226,2025-09-17 09:30:00,2025-09-17T13:30:00+00:00,DIAGNOSTIC_ONLY_DEGRADED_SOURCE,NY,NQZ5,2,BUY_TARGET,572.0,16.0,1.0,16.0,0.0,0.0,0.0,FORMULA_TP_REGISTRY_STOP,BBO_EXECUTABLE,100,RESOLVED,BUY_TARGET,SELL,STOP,2025-09-17 13:30:00.100940145+00:00,TARGET,STOP,24537.25,24522.0,631.0,-59.0,572.0,24537.25,24504.75,24520.25,24521.75
2226,2025-09-17 09:30:00,2025-09-17T13:30:00+00:00,DIAGNOSTIC_ONLY_DEGRADED_SOURCE,NY,NQZ5,2,BUY_TARGET,572.0,16.0,1.0,16.0,0.0,0.0,0.0,FORMULA_TP_REGISTRY_STOP,BBO_EXECUTABLE,500,RESOLVED,BUY_TARGET,SELL,STOP,2025-09-17 13:30:00.501462447+00:00,TARGET,STOP,24537.25,24523.25,631.0,-109.0,522.0,24537.25,24504.75,24520.25,24521.75
2226,2025-09-17 09:30:00,2025-09-17T13:30:00+00:00,DIAGNOSTIC_ONLY_DEGRADED_SOURCE,NY,NQZ5,2,BUY_TARGET,572.0,16.0,1.0,16.0,0.0,0.0,0.0,FORMULA_TP_REGISTRY_STOP,LEGACY_STAGE3F,0,RESOLVED,BUY_TARGET,SELL,STOP,2025-09-17 13:30:00.002117549+00:00,TARGET,STOP,24537.25,24521.75,631.0,-49.0,582.0,24537.25,24504.75,24520.25,24521.75
2226,2025-09-17 09:30:00,2025-09-17T13:30:00+00:00,DIAGNOSTIC_ONLY_DEGRADED_SOURCE,NY,NQZ5,2,BUY_TARGET,572.0,16.0,1.0,16.0,0.0,0.0,0.0,FORMULA_TP_REGISTRY_STOP,LEGACY_STAGE3F,1,RESOLVED,BUY_TARGET,SELL,STOP,2025-09-17 13:30:00.002117549+00:00,TARGET,STOP,24537.25,24521.75,631.0,-49.0,582.0,24537.25,24504.75,24520.25,24521.75
2226,2025-09-17 09:30:00,2025-09-17T13:30:00+00:00,DIAGNOSTIC_ONLY_DEGRADED_SOURCE,NY,NQZ5,2,BUY_TARGET,572.0,16.0,1.0,16.0,0.0,0.0,0.0,FORMULA_TP_REGISTRY_STOP,LEGACY_STAGE3F,100,RESOLVED,BUY_TARGET,SELL,STOP,2025-09-17 13:30:00.100940145+00:00,TARGET,STOP,24537.25,24522.0,631.0,-59.0,572.0,24537.25,24504.75,24520.25,24521.75
2226,2025-09-17 09:30:00,2025-09-17T13:30:00+00:00,DIAGNOSTIC_ONLY_DEGRADED_SOURCE,NY,NQZ5,2,BUY_TARGET,572.0,16.0,1.0,16.0,0.0,0.0,0.0,FORMULA_TP_REGISTRY_STOP,LEGACY_STAGE3F,500,RESOLVED,BUY_TARGET,SELL,STOP,2025-09-17 13:30:00.501462447+00:00,TARGET,STOP,24537.25,24523.25,631.0,-109.0,522.0,24537.25,24504.75,24520.25,24521.75
2227,2025-09-17 18:00:00,2025-09-17T22:00:00+00:00,DIAGNOSTIC_ONLY_DEGRADED_SOURCE,WEEKDAY_WEAK,NQZ5,1,DOUBLE_STOP,-59.0,10.0,1.0,10.0,0.0,0.0,0.0,DNA_TP_DNA_SP,TRADE_TOUCH,0,RESOLVED,DOUBLE_STOP,SELL,STOP,2025-09-17 22:00:00.021525167+00:00,STOP,STOP,24497.75,24499.25,-24.5,-24.5,-49.0,24508.75,24488.25,24497.75,24499.25
2227,2025-09-17 18:00:00,2025-09-17T22:00:00+00:00,DIAGNOSTIC_ONLY_DEGRADED_SOURCE,WEEKDAY_WEAK,NQZ5,1,DOUBLE_STOP,-59.0,10.0,1.0,10.0,0.0,0.0,0.0,DNA_TP_DNA_SP,TRADE_TOUCH,1,RESOLVED,DOUBLE_STOP,SELL,STOP,2025-09-17 22:00:00.021525167+00:00,STOP,STOP,24497.75,24499.25,-24.5,-24.5,-49.0,24508.75,24488.25,24497.75,24499.25
2227,2025-09-17 18:00:00,2025-09-17T22:00:00+00:00,DIAGNOSTIC_ONLY_DEGRADED_SOURCE,WEEKDAY_WEAK,NQZ5,1,DOUBLE_STOP,-59.0,10.0,1.0,10.0,0.0,0.0,0.0,DNA_TP_DNA_SP,TRADE_TOUCH,100,RESOLVED,DOUBLE_STOP,BUY,STOP,2025-09-17 22:00:00.101247415+00:00,STOP,STOP,24497.75,24499.25,-24.5,-24.5,-49.0,24508.75,24488.25,24497.75,24499.25
2227,2025-09-17 18:00:00,2025-09-17T22:00:00+00:00,DIAGNOSTIC_ONLY_DEGRADED_SOURCE,WEEKDAY_WEAK,NQZ5,1,DOUBLE_STOP,-59.0,10.0,1.0,10.0,0.0,0.0,0.0,DNA_TP_DNA_SP,TRADE_TOUCH,500,RESOLVED,DOUBLE_STOP,SELL,STOP,2025-09-17 22:00:00.630393213+00:00,STOP,STOP,24497.75,24499.25,-24.5,-24.5,-49.0,24508.75,24488.25,24497.75,24499.25
2227,2025-09-17 18:00:00,2025-09-17T22:00:00+00:00,DIAGNOSTIC_ONLY_DEGRADED_SOURCE,WEEKDAY_WEAK,NQZ5,1,DOUBLE_STOP,-59.0,10.0,1.0,10.0,0.0,0.0,0.0,DNA_TP_DNA_SP,MID_TOUCH,0,RESOLVED,DOUBLE_STOP,SELL,STOP,2025-09-17 22:00:00.021525167+00:00,STOP,STOP,24497.75,24499.25,-24.5,-24.5,-49.0,24508.75,24488.25,24497.75,24499.25
2227,2025-09-17 18:00:00,2025-09-17T22:00:00+00:00,DIAGNOSTIC_ONLY_DEGRADED_SOURCE,WEEKDAY_WEAK,NQZ5,1,DOUBLE_STOP,-59.0,10.0,1.0,10.0,0.0,0.0,0.0,DNA_TP_DNA_SP,MID_TOUCH,1,RESOLVED,DOUBLE_STOP,SELL,STOP,2025-09-17 22:00:00.021525167+00:00,STOP,STOP,24497.75,24499.25,-24.5,-24.5,-49.0,24508.75,24488.25,24497.75,24499.25
2227,2025-09-17 18:00:00,2025-09-17T22:00:00+00:00,DIAGNOSTIC_ONLY_DEGRADED_SOURCE,WEEKDAY_WEAK,NQZ5,1,DOUBLE_STOP,-59.0,10.0,1.0,10.0,0.0,0.0,0.0,DNA_TP_DNA_SP,MID_TOUCH,100,RESOLVED,DOUBLE_STOP,BUY,STOP,2025-09-17 22:00:00.101247415+00:00,STOP,STOP,24497.75,24499.25,-24.5,-24.5,-49.0,24508.75,24488.25,24497.75,24499.25
2227,2025-09-17 18:00:00,2025-09-17T22:00:00+00:00,DIAGNOSTIC_ONLY_DEGRADED_SOURCE,WEEKDAY_WEAK,NQZ5,1,DOUBLE_STOP,-59.0,10.0,1.0,10.0,0.0,0.0,0.0,DNA_TP_DNA_SP,MID_TOUCH,500,RESOLVED,DOUBLE_STOP,BUY,STOP,2025-09-17 22:00:00.630393213+00:00,STOP,STOP,24497.75,24499.25,-24.5,-24.5,-49.0,24508.75,24488.25,24497.75,24499.25
2227,2025-09-17 18:00:00,2025-09-17T22:00:00+00:00,DIAGNOSTIC_ONLY_DEGRADED_SOURCE,WEEKDAY_WEAK,NQZ5,1,DOUBLE_STOP,-59.0,10.0,1.0,10.0,0.0,0.0,0.0,DNA_TP_DNA_SP,BBO_EXECUTABLE,0,RESOLVED,DOUBLE_STOP,SELL,STOP,2025-09-17 22:00:00.021525167+00:00,STOP,STOP,24497.0,24504.0,-39.5,-119.5,-159.0,24508.75,24488.25,24497.75,24499.25
2227,2025-09-17 18:00:00,2025-09-17T22:00:00+00:00,DIAGNOSTIC_ONLY_DEGRADED_SOURCE,WEEKDAY_WEAK,NQZ5,1,DOUBLE_STOP,-59.0,10.0,1.0,10.0,0.0,0.0,0.0,DNA_TP_DNA_SP,BBO_EXECUTABLE,1,RESOLVED,DOUBLE_STOP,SELL,STOP,2025-09-17 22:00:00.021525167+00:00,STOP,STOP,24497.0,24504.0,-39.5,-119.5,-159.0,24508.75,24488.25,24497.75,24499.25
2227,2025-09-17 18:00:00,2025-09-17T22:00:00+00:00,DIAGNOSTIC_ONLY_DEGRADED_SOURCE,WEEKDAY_WEAK,NQZ5,1,DOUBLE_STOP,-59.0,10.0,1.0,10.0,0.0,0.0,0.0,DNA_TP_DNA_SP,BBO_EXECUTABLE,100,RESOLVED,DOUBLE_STOP,BUY,STOP,2025-09-17 22:00:00.101247415+00:00,STOP,STOP,24496.5,24499.5,-49.5,-29.5,-79.0,24508.75,24488.25,24497.75,24499.25
2227,2025-09-17 18:00:00,2025-09-17T22:00:00+00:00,DIAGNOSTIC_ONLY_DEGRADED_SOURCE,WEEKDAY_WEAK,NQZ5,1,DOUBLE_STOP,-59.0,10.0,1.0,10.0,0.0,0.0,0.0,DNA_TP_DNA_SP,BBO_EXECUTABLE,500,UNRESOLVED_BOTH_WORKERS_EXIT_SAME_EVENT,UNRESOLVED,,,,,,,,,,,,,,
2227,2025-09-17 18:00:00,2025-09-17T22:00:00+00:00,DIAGNOSTIC_ONLY_DEGRADED_SOURCE,WEEKDAY_WEAK,NQZ5,1,DOUBLE_STOP,-59.0,10.0,1.0,10.0,0.0,0.0,0.0,DNA_TP_DNA_SP,LEGACY_STAGE3F,0,RESOLVED,DOUBLE_STOP,SELL,STOP,2025-09-17 22:00:00.021525167+00:00,STOP,STOP,24497.0,24504.0,-39.5,-119.5,-159.0,24508.75,24488.25,24497.75,24499.25
2227,2025-09-17 18:00:00,2025-09-17T22:00:00+00:00,DIAGNOSTIC_ONLY_DEGRADED_SOURCE,WEEKDAY_WEAK,NQZ5,1,DOUBLE_STOP,-59.0,10.0,1.0,10.0,0.0,0.0,0.0,DNA_TP_DNA_SP,LEGACY_STAGE3F,1,RESOLVED,DOUBLE_STOP,SELL,STOP,2025-09-17 22:00:00.021525167+00:00,STOP,STOP,24497.0,24504.0,-39.5,-119.5,-159.0,24508.75,24488.25,24497.75,24499.25
2227,2025-09-17 18:00:00,2025-09-17T22:00:00+00:00,DIAGNOSTIC_ONLY_DEGRADED_SOURCE,WEEKDAY_WEAK,NQZ5,1,DOUBLE_STOP,-59.0,10.0,1.0,10.0,0.0,0.0,0.0,DNA_TP_DNA_SP,LEGACY_STAGE3F,100,RESOLVED,DOUBLE_STOP,BUY,STOP,2025-09-17 22:00:00.101247415+00:00,STOP,STOP,24496.5,24499.5,-49.5,-29.5,-79.0,24508.75,24488.25,24497.75,24499.25
2227,2025-09-17 18:00:00,2025-09-17T22:00:00+00:00,DIAGNOSTIC_ONLY_DEGRADED_SOURCE,WEEKDAY_WEAK,NQZ5,1,DOUBLE_STOP,-59.0,10.0,1.0,10.0,0.0,0.0,0.0,DNA_TP_DNA_SP,LEGACY_STAGE3F,500,UNRESOLVED_BOTH_WORKERS_EXIT_SAME_EVENT,UNRESOLVED,,,,,,,,,,,,,,
2227,2025-09-17 18:00:00,2025-09-17T22:00:00+00:00,DIAGNOSTIC_ONLY_DEGRADED_SOURCE,WEEKDAY_WEAK,NQZ5,1,DOUBLE_STOP,-59.0,10.0,1.0,10.0,0.0,0.0,0.0,DNA_TP_REGISTRY_STOP,TRADE_TOUCH,0,RESOLVED,DOUBLE_STOP,SELL,STOP,2025-09-17 22:00:00.021525167+00:00,STOP,STOP,24497.75,24499.25,-24.5,-24.5,-49.0,24508.75,24488.25,24497.75,24499.25
2227,2025-09-17 18:00:00,2025-09-17T22:00:00+00:00,DIAGNOSTIC_ONLY_DEGRADED_SOURCE,WEEKDAY_WEAK,NQZ5,1,DOUBLE_STOP,-59.0,10.0,1.0,10.0,0.0,0.0,0.0,DNA_TP_REGISTRY_STOP,TRADE_TOUCH,1,RESOLVED,DOUBLE_STOP,SELL,STOP,2025-09-17 22:00:00.021525167+00:00,STOP,STOP,24497.75,24499.25,-24.5,-24.5,-49.0,24508.75,24488.25,24497.75,24499.25
2227,2025-09-17 18:00:00,2025-09-17T22:00:00+00:00,DIAGNOSTIC_ONLY_DEGRADED_SOURCE,WEEKDAY_WEAK,NQZ5,1,DOUBLE_STOP,-59.0,10.0,1.0,10.0,0.0,0.0,0.0,DNA_TP_REGISTRY_STOP,TRADE_TOUCH,100,RESOLVED,DOUBLE_STOP,BUY,STOP,2025-09-17 22:00:00.101247415+00:00,STOP,STOP,24497.75,24499.25,-24.5,-24.5,-49.0,24508.75,24488.25,24497.75,24499.25
2227,2025-09-17 18:00:00,2025-09-17T22:00:00+00:00,DIAGNOSTIC_ONLY_DEGRADED_SOURCE,WEEKDAY_WEAK,NQZ5,1,DOUBLE_STOP,-59.0,10.0,1.0,10.0,0.0,0.0,0.0,DNA_TP_REGISTRY_STOP,TRADE_TOUCH,500,RESOLVED,DOUBLE_STOP,SELL,STOP,2025-09-17 22:00:00.630393213+00:00,STOP,STOP,24497.75,24499.25,-24.5,-24.5,-49.0,24508.75,24488.25,24497.75,24499.25
2227,2025-09-17 18:00:00,2025-09-17T22:00:00+00:00,DIAGNOSTIC_ONLY_DEGRADED_SOURCE,WEEKDAY_WEAK,NQZ5,1,DOUBLE_STOP,-59.0,10.0,1.0,10.0,0.0,0.0,0.0,DNA_TP_REGISTRY_STOP,MID_TOUCH,0,RESOLVED,DOUBLE_STOP,SELL,STOP,2025-09-17 22:00:00.021525167+00:00,STOP,STOP,24497.75,24499.25,-24.5,-24.5,-49.0,24508.75,24488.25,24497.75,24499.25
2227,2025-09-17 18:00:00,2025-09-17T22:00:00+00:00,DIAGNOSTIC_ONLY_DEGRADED_SOURCE,WEEKDAY_WEAK,NQZ5,1,DOUBLE_STOP,-59.0,10.0,1.0,10.0,0.0,0.0,0.0,DNA_TP_REGISTRY_STOP,MID_TOUCH,1,RESOLVED,DOUBLE_STOP,SELL,STOP,2025-09-17 22:00:00.021525167+00:00,STOP,STOP,24497.75,24499.25,-24.5,-24.5,-49.0,24508.75,24488.25,24497.75,24499.25
2227,2025-09-17 18:00:00,2025-09-17T22:00:00+00:00,DIAGNOSTIC_ONLY_DEGRADED_SOURCE,WEEKDAY_WEAK,NQZ5,1,DOUBLE_STOP,-59.0,10.0,1.0,10.0,0.0,0.0,0.0,DNA_TP_REGISTRY_STOP,MID_TOUCH,100,RESOLVED,DOUBLE_STOP,BUY,STOP,2025-09-17 22:00:00.101247415+00:00,STOP,STOP,24497.75,24499.25,-24.5,-24.5,-49.0,24508.75,24488.25,24497.75,24499.25
2227,2025-09-17 18:00:00,2025-09-17T22:00:00+00:00,DIAGNOSTIC_ONLY_DEGRADED_SOURCE,WEEKDAY_WEAK,NQZ5,1,DOUBLE_STOP,-59.0,10.0,1.0,10.0,0.0,0.0,0.0,DNA_TP_REGISTRY_STOP,MID_TOUCH,500,RESOLVED,DOUBLE_STOP,BUY,STOP,2025-09-17 22:00:00.630393213+00:00,STOP,STOP,24497.75,24499.25,-24.5,-24.5,-49.0,24508.75,24488.25,24497.75,24499.25
2227,2025-09-17 18:00:00,2025-09-17T22:00:00+00:00,DIAGNOSTIC_ONLY_DEGRADED_SOURCE,WEEKDAY_WEAK,NQZ5,1,DOUBLE_STOP,-59.0,10.0,1.0,10.0,0.0,0.0,0.0,DNA_TP_REGISTRY_STOP,BBO_EXECUTABLE,0,RESOLVED,DOUBLE_STOP,SELL,STOP,2025-09-17 22:00:00.021525167+00:00,STOP,STOP,24497.0,24504.0,-39.5,-119.5,-159.0,24508.75,24488.25,24497.75,24499.25
2227,2025-09-17 18:00:00,2025-09-17T22:00:00+00:00,DIAGNOSTIC_ONLY_DEGRADED_SOURCE,WEEKDAY_WEAK,NQZ5,1,DOUBLE_STOP,-59.0,10.0,1.0,10.0,0.0,0.0,0.0,DNA_TP_REGISTRY_STOP,BBO_EXECUTABLE,1,RESOLVED,DOUBLE_STOP,SELL,STOP,2025-09-17 22:00:00.021525167+00:00,STOP,STOP,24497.0,24504.0,-39.5,-119.5,-159.0,24508.75,24488.25,24497.75,24499.25
2227,2025-09-17 18:00:00,2025-09-17T22:00:00+00:00,DIAGNOSTIC_ONLY_DEGRADED_SOURCE,WEEKDAY_WEAK,NQZ5,1,DOUBLE_STOP,-59.0,10.0,1.0,10.0,0.0,0.0,0.0,DNA_TP_REGISTRY_STOP,BBO_EXECUTABLE,100,RESOLVED,DOUBLE_STOP,BUY,STOP,2025-09-17 22:00:00.101247415+00:00,STOP,STOP,24496.5,24499.5,-49.5,-29.5,-79.0,24508.75,24488.25,24497.75,24499.25
2227,2025-09-17 18:00:00,2025-09-17T22:00:00+00:00,DIAGNOSTIC_ONLY_DEGRADED_SOURCE,WEEKDAY_WEAK,NQZ5,1,DOUBLE_STOP,-59.0,10.0,1.0,10.0,0.0,0.0,0.0,DNA_TP_REGISTRY_STOP,BBO_EXECUTABLE,500,UNRESOLVED_BOTH_WORKERS_EXIT_SAME_EVENT,UNRESOLVED,,,,,,,,,,,,,,
2227,2025-09-17 18:00:00,2025-09-17T22:00:00+00:00,DIAGNOSTIC_ONLY_DEGRADED_SOURCE,WEEKDAY_WEAK,NQZ5,1,DOUBLE_STOP,-59.0,10.0,1.0,10.0,0.0,0.0,0.0,DNA_TP_REGISTRY_STOP,LEGACY_STAGE3F,0,RESOLVED,DOUBLE_STOP,SELL,STOP,2025-09-17 22:00:00.021525167+00:00,STOP,STOP,24497.0,24504.0,-39.5,-119.5,-159.0,24508.75,24488.25,24497.75,24499.25
2227,2025-09-17 18:00:00,2025-09-17T22:00:00+00:00,DIAGNOSTIC_ONLY_DEGRADED_SOURCE,WEEKDAY_WEAK,NQZ5,1,DOUBLE_STOP,-59.0,10.0,1.0,10.0,0.0,0.0,0.0,DNA_TP_REGISTRY_STOP,LEGACY_STAGE3F,1,RESOLVED,DOUBLE_STOP,SELL,STOP,2025-09-17 22:00:00.021525167+00:00,STOP,STOP,24497.0,24504.0,-39.5,-119.5,-159.0,24508.75,24488.25,24497.75,24499.25
2227,2025-09-17 18:00:00,2025-09-17T22:00:00+00:00,DIAGNOSTIC_ONLY_DEGRADED_SOURCE,WEEKDAY_WEAK,NQZ5,1,DOUBLE_STOP,-59.0,10.0,1.0,10.0,0.0,0.0,0.0,DNA_TP_REGISTRY_STOP,LEGACY_STAGE3F,100,RESOLVED,DOUBLE_STOP,BUY,STOP,2025-09-17 22:00:00.101247415+00:00,STOP,STOP,24496.5,24499.5,-49.5,-29.5,-79.0,24508.75,24488.25,24497.75,24499.25
2227,2025-09-17 18:00:00,2025-09-17T22:00:00+00:00,DIAGNOSTIC_ONLY_DEGRADED_SOURCE,WEEKDAY_WEAK,NQZ5,1,DOUBLE_STOP,-59.0,10.0,1.0,10.0,0.0,0.0,0.0,DNA_TP_REGISTRY_STOP,LEGACY_STAGE3F,500,UNRESOLVED_BOTH_WORKERS_EXIT_SAME_EVENT,UNRESOLVED,,,,,,,,,,,,,,
2227,2025-09-17 18:00:00,2025-09-17T22:00:00+00:00,DIAGNOSTIC_ONLY_DEGRADED_SOURCE,WEEKDAY_WEAK,NQZ5,1,DOUBLE_STOP,-59.0,10.0,1.0,10.0,0.0,0.0,0.0,FORMULA_TP_REGISTRY_STOP,TRADE_TOUCH,0,RESOLVED,DOUBLE_STOP,SELL,STOP,2025-09-17 22:00:00.021525167+00:00,STOP,STOP,24497.75,24499.25,-24.5,-24.5,-49.0,24508.75,24488.25,24497.75,24499.25
2227,2025-09-17 18:00:00,2025-09-17T22:00:00+00:00,DIAGNOSTIC_ONLY_DEGRADED_SOURCE,WEEKDAY_WEAK,NQZ5,1,DOUBLE_STOP,-59.0,10.0,1.0,10.0,0.0,0.0,0.0,FORMULA_TP_REGISTRY_STOP,TRADE_TOUCH,1,RESOLVED,DOUBLE_STOP,SELL,STOP,2025-09-17 22:00:00.021525167+00:00,STOP,STOP,24497.75,24499.25,-24.5,-24.5,-49.0,24508.75,24488.25,24497.75,24499.25
2227,2025-09-17 18:00:00,2025-09-17T22:00:00+00:00,DIAGNOSTIC_ONLY_DEGRADED_SOURCE,WEEKDAY_WEAK,NQZ5,1,DOUBLE_STOP,-59.0,10.0,1.0,10.0,0.0,0.0,0.0,FORMULA_TP_REGISTRY_STOP,TRADE_TOUCH,100,RESOLVED,DOUBLE_STOP,BUY,STOP,2025-09-17 22:00:00.101247415+00:00,STOP,STOP,24497.75,24499.25,-24.5,-24.5,-49.0,24508.75,24488.25,24497.75,24499.25
2227,2025-09-17 18:00:00,2025-09-17T22:00:00+00:00,DIAGNOSTIC_ONLY_DEGRADED_SOURCE,WEEKDAY_WEAK,NQZ5,1,DOUBLE_STOP,-59.0,10.0,1.0,10.0,0.0,0.0,0.0,FORMULA_TP_REGISTRY_STOP,TRADE_TOUCH,500,RESOLVED,DOUBLE_STOP,SELL,STOP,2025-09-17 22:00:00.630393213+00:00,STOP,STOP,24497.75,24499.25,-24.5,-24.5,-49.0,24508.75,24488.25,24497.75,24499.25
2227,2025-09-17 18:00:00,2025-09-17T22:00:00+00:00,DIAGNOSTIC_ONLY_DEGRADED_SOURCE,WEEKDAY_WEAK,NQZ5,1,DOUBLE_STOP,-59.0,10.0,1.0,10.0,0.0,0.0,0.0,FORMULA_TP_REGISTRY_STOP,MID_TOUCH,0,RESOLVED,DOUBLE_STOP,SELL,STOP,2025-09-17 22:00:00.021525167+00:00,STOP,STOP,24497.75,24499.25,-24.5,-24.5,-49.0,24508.75,24488.25,24497.75,24499.25
2227,2025-09-17 18:00:00,2025-09-17T22:00:00+00:00,DIAGNOSTIC_ONLY_DEGRADED_SOURCE,WEEKDAY_WEAK,NQZ5,1,DOUBLE_STOP,-59.0,10.0,1.0,10.0,0.0,0.0,0.0,FORMULA_TP_REGISTRY_STOP,MID_TOUCH,1,RESOLVED,DOUBLE_STOP,SELL,STOP,2025-09-17 22:00:00.021525167+00:00,STOP,STOP,24497.75,24499.25,-24.5,-24.5,-49.0,24508.75,24488.25,24497.75,24499.25
2227,2025-09-17 18:00:00,2025-09-17T22:00:00+00:00,DIAGNOSTIC_ONLY_DEGRADED_SOURCE,WEEKDAY_WEAK,NQZ5,1,DOUBLE_STOP,-59.0,10.0,1.0,10.0,0.0,0.0,0.0,FORMULA_TP_REGISTRY_STOP,MID_TOUCH,100,RESOLVED,DOUBLE_STOP,BUY,STOP,2025-09-17 22:00:00.101247415+00:00,STOP,STOP,24497.75,24499.25,-24.5,-24.5,-49.0,24508.75,24488.25,24497.75,24499.25
2227,2025-09-17 18:00:00,2025-09-17T22:00:00+00:00,DIAGNOSTIC_ONLY_DEGRADED_SOURCE,WEEKDAY_WEAK,NQZ5,1,DOUBLE_STOP,-59.0,10.0,1.0,10.0,0.0,0.0,0.0,FORMULA_TP_REGISTRY_STOP,MID_TOUCH,500,RESOLVED,DOUBLE_STOP,BUY,STOP,2025-09-17 22:00:00.630393213+00:00,STOP,STOP,24497.75,24499.25,-24.5,-24.5,-49.0,24508.75,24488.25,24497.75,24499.25
2227,2025-09-17 18:00:00,2025-09-17T22:00:00+00:00,DIAGNOSTIC_ONLY_DEGRADED_SOURCE,WEEKDAY_WEAK,NQZ5,1,DOUBLE_STOP,-59.0,10.0,1.0,10.0,0.0,0.0,0.0,FORMULA_TP_REGISTRY_STOP,BBO_EXECUTABLE,0,RESOLVED,DOUBLE_STOP,SELL,STOP,2025-09-17 22:00:00.021525167+00:00,STOP,STOP,24497.0,24504.0,-39.5,-119.5,-159.0,24508.75,24488.25,24497.75,24499.25
2227,2025-09-17 18:00:00,2025-09-17T22:00:00+00:00,DIAGNOSTIC_ONLY_DEGRADED_SOURCE,WEEKDAY_WEAK,NQZ5,1,DOUBLE_STOP,-59.0,10.0,1.0,10.0,0.0,0.0,0.0,FORMULA_TP_REGISTRY_STOP,BBO_EXECUTABLE,1,RESOLVED,DOUBLE_STOP,SELL,STOP,2025-09-17 22:00:00.021525167+00:00,STOP,STOP,24497.0,24504.0,-39.5,-119.5,-159.0,24508.75,24488.25,24497.75,24499.25
2227,2025-09-17 18:00:00,2025-09-17T22:00:00+00:00,DIAGNOSTIC_ONLY_DEGRADED_SOURCE,WEEKDAY_WEAK,NQZ5,1,DOUBLE_STOP,-59.0,10.0,1.0,10.0,0.0,0.0,0.0,FORMULA_TP_REGISTRY_STOP,BBO_EXECUTABLE,100,RESOLVED,DOUBLE_STOP,BUY,STOP,2025-09-17 22:00:00.101247415+00:00,STOP,STOP,24496.5,24499.5,-49.5,-29.5,-79.0,24508.75,24488.25,24497.75,24499.25
2227,2025-09-17 18:00:00,2025-09-17T22:00:00+00:00,DIAGNOSTIC_ONLY_DEGRADED_SOURCE,WEEKDAY_WEAK,NQZ5,1,DOUBLE_STOP,-59.0,10.0,1.0,10.0,0.0,0.0,0.0,FORMULA_TP_REGISTRY_STOP,BBO_EXECUTABLE,500,UNRESOLVED_BOTH_WORKERS_EXIT_SAME_EVENT,UNRESOLVED,,,,,,,,,,,,,,
2227,2025-09-17 18:00:00,2025-09-17T22:00:00+00:00,DIAGNOSTIC_ONLY_DEGRADED_SOURCE,WEEKDAY_WEAK,NQZ5,1,DOUBLE_STOP,-59.0,10.0,1.0,10.0,0.0,0.0,0.0,FORMULA_TP_REGISTRY_STOP,LEGACY_STAGE3F,0,RESOLVED,DOUBLE_STOP,SELL,STOP,2025-09-17 22:00:00.021525167+00:00,STOP,STOP,24497.0,24504.0,-39.5,-119.5,-159.0,24508.75,24488.25,24497.75,24499.25
2227,2025-09-17 18:00:00,2025-09-17T22:00:00+00:00,DIAGNOSTIC_ONLY_DEGRADED_SOURCE,WEEKDAY_WEAK,NQZ5,1,DOUBLE_STOP,-59.0,10.0,1.0,10.0,0.0,0.0,0.0,FORMULA_TP_REGISTRY_STOP,LEGACY_STAGE3F,1,RESOLVED,DOUBLE_STOP,SELL,STOP,2025-09-17 22:00:00.021525167+00:00,STOP,STOP,24497.0,24504.0,-39.5,-119.5,-159.0,24508.75,24488.25,24497.75,24499.25
2227,2025-09-17 18:00:00,2025-09-17T22:00:00+00:00,DIAGNOSTIC_ONLY_DEGRADED_SOURCE,WEEKDAY_WEAK,NQZ5,1,DOUBLE_STOP,-59.0,10.0,1.0,10.0,0.0,0.0,0.0,FORMULA_TP_REGISTRY_STOP,LEGACY_STAGE3F,100,RESOLVED,DOUBLE_STOP,BUY,STOP,2025-09-17 22:00:00.101247415+00:00,STOP,STOP,24496.5,24499.5,-49.5,-29.5,-79.0,24508.75,24488.25,24497.75,24499.25
2227,2025-09-17 18:00:00,2025-09-17T22:00:00+00:00,DIAGNOSTIC_ONLY_DEGRADED_SOURCE,WEEKDAY_WEAK,NQZ5,1,DOUBLE_STOP,-59.0,10.0,1.0,10.0,0.0,0.0,0.0,FORMULA_TP_REGISTRY_STOP,LEGACY_STAGE3F,500,UNRESOLVED_BOTH_WORKERS_EXIT_SAME_EVENT,UNRESOLVED,,,,,,,,,,,,,,
2228,2025-09-18 09:30:00,2025-09-18T13:30:00+00:00,VALIDATED_SOURCE,NY,NQZ5,2,SELL_TARGET,572.0,16.0,1.0,16.0,0.0,0.0,0.0,DNA_TP_DNA_SP,TRADE_TOUCH,0,RESOLVED,DOUBLE_STOP,BUY,STOP,2025-09-18 13:30:00.011009345+00:00,STOP,STOP,24678.75,24680.25,-49.0,-49.0,-98.0,24695.75,24663.25,24678.75,24680.25
2228,2025-09-18 09:30:00,2025-09-18T13:30:00+00:00,VALIDATED_SOURCE,NY,NQZ5,2,SELL_TARGET,572.0,16.0,1.0,16.0,0.0,0.0,0.0,DNA_TP_DNA_SP,TRADE_TOUCH,1,RESOLVED,DOUBLE_STOP,BUY,STOP,2025-09-18 13:30:00.011009345+00:00,STOP,STOP,24678.75,24680.25,-49.0,-49.0,-98.0,24695.75,24663.25,24678.75,24680.25
2228,2025-09-18 09:30:00,2025-09-18T13:30:00+00:00,VALIDATED_SOURCE,NY,NQZ5,2,SELL_TARGET,572.0,16.0,1.0,16.0,0.0,0.0,0.0,DNA_TP_DNA_SP,TRADE_TOUCH,100,RESOLVED,DOUBLE_STOP,SELL,STOP,2025-09-18 13:30:00.116056651+00:00,STOP,STOP,24678.75,24680.25,-49.0,-49.0,-98.0,24695.75,24663.25,24678.75,24680.25
2228,2025-09-18 09:30:00,2025-09-18T13:30:00+00:00,VALIDATED_SOURCE,NY,NQZ5,2,SELL_TARGET,572.0,16.0,1.0,16.0,0.0,0.0,0.0,DNA_TP_DNA_SP,TRADE_TOUCH,500,RESOLVED,DOUBLE_STOP,BUY,STOP,2025-09-18 13:30:00.503406969+00:00,STOP,STOP,24678.75,24680.25,-49.0,-49.0,-98.0,24695.75,24663.25,24678.75,24680.25
2228,2025-09-18 09:30:00,2025-09-18T13:30:00+00:00,VALIDATED_SOURCE,NY,NQZ5,2,SELL_TARGET,572.0,16.0,1.0,16.0,0.0,0.0,0.0,DNA_TP_DNA_SP,MID_TOUCH,0,RESOLVED,DOUBLE_STOP,BUY,STOP,2025-09-18 13:30:00.011413775+00:00,STOP,STOP,24678.75,24680.25,-49.0,-49.0,-98.0,24695.75,24663.25,24678.75,24680.25
2228,2025-09-18 09:30:00,2025-09-18T13:30:00+00:00,VALIDATED_SOURCE,NY,NQZ5,2,SELL_TARGET,572.0,16.0,1.0,16.0,0.0,0.0,0.0,DNA_TP_DNA_SP,MID_TOUCH,1,RESOLVED,DOUBLE_STOP,BUY,STOP,2025-09-18 13:30:00.011413775+00:00,STOP,STOP,24678.75,24680.25,-49.0,-49.0,-98.0,24695.75,24663.25,24678.75,24680.25
2228,2025-09-18 09:30:00,2025-09-18T13:30:00+00:00,VALIDATED_SOURCE,NY,NQZ5,2,SELL_TARGET,572.0,16.0,1.0,16.0,0.0,0.0,0.0,DNA_TP_DNA_SP,MID_TOUCH,100,RESOLVED,DOUBLE_STOP,SELL,STOP,2025-09-18 13:30:00.116056651+00:00,STOP,STOP,24678.75,24680.25,-49.0,-49.0,-98.0,24695.75,24663.25,24678.75,24680.25
2228,2025-09-18 09:30:00,2025-09-18T13:30:00+00:00,VALIDATED_SOURCE,NY,NQZ5,2,SELL_TARGET,572.0,16.0,1.0,16.0,0.0,0.0,0.0,DNA_TP_DNA_SP,MID_TOUCH,500,RESOLVED,DOUBLE_STOP,BUY,STOP,2025-09-18 13:30:00.503406969+00:00,STOP,STOP,24678.75,24680.25,-49.0,-49.0,-98.0,24695.75,24663.25,24678.75,24680.25
2228,2025-09-18 09:30:00,2025-09-18T13:30:00+00:00,VALIDATED_SOURCE,NY,NQZ5,2,SELL_TARGET,572.0,16.0,1.0,16.0,0.0,0.0,0.0,DNA_TP_DNA_SP,BBO_EXECUTABLE,0,RESOLVED,DOUBLE_STOP,BUY,STOP,2025-09-18 13:30:00.011413775+00:00,STOP,STOP,24678.25,24680.5,-69.0,-59.0,-128.0,24695.75,24663.25,24678.75,24680.25
2228,2025-09-18 09:30:00,2025-09-18T13:30:00+00:00,VALIDATED_SOURCE,NY,NQZ5,2,SELL_TARGET,572.0,16.0,1.0,16.0,0.0,0.0,0.0,DNA_TP_DNA_SP,BBO_EXECUTABLE,1,RESOLVED,DOUBLE_STOP,BUY,STOP,2025-09-18 13:30:00.011413775+00:00,STOP,STOP,24678.25,24680.5,-69.0,-59.0,-128.0,24695.75,24663.25,24678.75,24680.25
2228,2025-09-18 09:30:00,2025-09-18T13:30:00+00:00,VALIDATED_SOURCE,NY,NQZ5,2,SELL_TARGET,572.0,16.0,1.0,16.0,0.0,0.0,0.0,DNA_TP_DNA_SP,BBO_EXECUTABLE,100,RESOLVED,DOUBLE_STOP,SELL,STOP,2025-09-18 13:30:00.116056651+00:00,STOP,STOP,24678.75,24681.25,-49.0,-89.0,-138.0,24695.75,24663.25,24678.75,24680.25
2228,2025-09-18 09:30:00,2025-09-18T13:30:00+00:00,VALIDATED_SOURCE,NY,NQZ5,2,SELL_TARGET,572.0,16.0,1.0,16.0,0.0,0.0,0.0,DNA_TP_DNA_SP,BBO_EXECUTABLE,500,RESOLVED,DOUBLE_STOP,BUY,STOP,2025-09-18 13:30:00.503406969+00:00,STOP,STOP,24677.25,24680.5,-109.0,-59.0,-168.0,24695.75,24663.25,24678.75,24680.25
2228,2025-09-18 09:30:00,2025-09-18T13:30:00+00:00,VALIDATED_SOURCE,NY,NQZ5,2,SELL_TARGET,572.0,16.0,1.0,16.0,0.0,0.0,0.0,DNA_TP_DNA_SP,LEGACY_STAGE3F,0,RESOLVED,DOUBLE_STOP,BUY,STOP,2025-09-18 13:30:00.011009345+00:00,STOP,STOP,24679.5,24680.5,-19.0,-59.0,-78.0,24695.75,24663.25,24678.75,24680.25
2228,2025-09-18 09:30:00,2025-09-18T13:30:00+00:00,VALIDATED_SOURCE,NY,NQZ5,2,SELL_TARGET,572.0,16.0,1.0,16.0,0.0,0.0,0.0,DNA_TP_DNA_SP,LEGACY_STAGE3F,1,RESOLVED,DOUBLE_STOP,BUY,STOP,2025-09-18 13:30:00.011009345+00:00,STOP,STOP,24679.5,24680.5,-19.0,-59.0,-78.0,24695.75,24663.25,24678.75,24680.25
2228,2025-09-18 09:30:00,2025-09-18T13:30:00+00:00,VALIDATED_SOURCE,NY,NQZ5,2,SELL_TARGET,572.0,16.0,1.0,16.0,0.0,0.0,0.0,DNA_TP_DNA_SP,LEGACY_STAGE3F,100,RESOLVED,DOUBLE_STOP,SELL,STOP,2025-09-18 13:30:00.116056651+00:00,STOP,STOP,24678.75,24681.25,-49.0,-89.0,-138.0,24695.75,24663.25,24678.75,24680.25
2228,2025-09-18 09:30:00,2025-09-18T13:30:00+00:00,VALIDATED_SOURCE,NY,NQZ5,2,SELL_TARGET,572.0,16.0,1.0,16.0,0.0,0.0,0.0,DNA_TP_DNA_SP,LEGACY_STAGE3F,500,RESOLVED,DOUBLE_STOP,BUY,STOP,2025-09-18 13:30:00.503406969+00:00,STOP,STOP,24677.25,24680.5,-109.0,-59.0,-168.0,24695.75,24663.25,24678.75,24680.25
2228,2025-09-18 09:30:00,2025-09-18T13:30:00+00:00,VALIDATED_SOURCE,NY,NQZ5,2,SELL_TARGET,572.0,16.0,1.0,16.0,0.0,0.0,0.0,DNA_TP_REGISTRY_STOP,TRADE_TOUCH,0,RESOLVED,DOUBLE_STOP,BUY,STOP,2025-09-18 13:30:00.011009345+00:00,STOP,STOP,24678.75,24680.25,-49.0,-49.0,-98.0,24695.75,24663.25,24678.75,24680.25
2228,2025-09-18 09:30:00,2025-09-18T13:30:00+00:00,VALIDATED_SOURCE,NY,NQZ5,2,SELL_TARGET,572.0,16.0,1.0,16.0,0.0,0.0,0.0,DNA_TP_REGISTRY_STOP,TRADE_TOUCH,1,RESOLVED,DOUBLE_STOP,BUY,STOP,2025-09-18 13:30:00.011009345+00:00,STOP,STOP,24678.75,24680.25,-49.0,-49.0,-98.0,24695.75,24663.25,24678.75,24680.25
2228,2025-09-18 09:30:00,2025-09-18T13:30:00+00:00,VALIDATED_SOURCE,NY,NQZ5,2,SELL_TARGET,572.0,16.0,1.0,16.0,0.0,0.0,0.0,DNA_TP_REGISTRY_STOP,TRADE_TOUCH,100,RESOLVED,DOUBLE_STOP,SELL,STOP,2025-09-18 13:30:00.116056651+00:00,STOP,STOP,24678.75,24680.25,-49.0,-49.0,-98.0,24695.75,24663.25,24678.75,24680.25
2228,2025-09-18 09:30:00,2025-09-18T13:30:00+00:00,VALIDATED_SOURCE,NY,NQZ5,2,SELL_TARGET,572.0,16.0,1.0,16.0,0.0,0.0,0.0,DNA_TP_REGISTRY_STOP,TRADE_TOUCH,500,RESOLVED,DOUBLE_STOP,BUY,STOP,2025-09-18 13:30:00.503406969+00:00,STOP,STOP,24678.75,24680.25,-49.0,-49.0,-98.0,24695.75,24663.25,24678.75,24680.25
2228,2025-09-18 09:30:00,2025-09-18T13:30:00+00:00,VALIDATED_SOURCE,NY,NQZ5,2,SELL_TARGET,572.0,16.0,1.0,16.0,0.0,0.0,0.0,DNA_TP_REGISTRY_STOP,MID_TOUCH,0,RESOLVED,DOUBLE_STOP,BUY,STOP,2025-09-18 13:30:00.011413775+00:00,STOP,STOP,24678.75,24680.25,-49.0,-49.0,-98.0,24695.75,24663.25,24678.75,24680.25
2228,2025-09-18 09:30:00,2025-09-18T13:30:00+00:00,VALIDATED_SOURCE,NY,NQZ5,2,SELL_TARGET,572.0,16.0,1.0,16.0,0.0,0.0,0.0,DNA_TP_REGISTRY_STOP,MID_TOUCH,1,RESOLVED,DOUBLE_STOP,BUY,STOP,2025-09-18 13:30:00.011413775+00:00,STOP,STOP,24678.75,24680.25,-49.0,-49.0,-98.0,24695.75,24663.25,24678.75,24680.25
2228,2025-09-18 09:30:00,2025-09-18T13:30:00+00:00,VALIDATED_SOURCE,NY,NQZ5,2,SELL_TARGET,572.0,16.0,1.0,16.0,0.0,0.0,0.0,DNA_TP_REGISTRY_STOP,MID_TOUCH,100,RESOLVED,DOUBLE_STOP,SELL,STOP,2025-09-18 13:30:00.116056651+00:00,STOP,STOP,24678.75,24680.25,-49.0,-49.0,-98.0,24695.75,24663.25,24678.75,24680.25
2228,2025-09-18 09:30:00,2025-09-18T13:30:00+00:00,VALIDATED_SOURCE,NY,NQZ5,2,SELL_TARGET,572.0,16.0,1.0,16.0,0.0,0.0,0.0,DNA_TP_REGISTRY_STOP,MID_TOUCH,500,RESOLVED,DOUBLE_STOP,BUY,STOP,2025-09-18 13:30:00.503406969+00:00,STOP,STOP,24678.75,24680.25,-49.0,-49.0,-98.0,24695.75,24663.25,24678.75,24680.25
2228,2025-09-18 09:30:00,2025-09-18T13:30:00+00:00,VALIDATED_SOURCE,NY,NQZ5,2,SELL_TARGET,572.0,16.0,1.0,16.0,0.0,0.0,0.0,DNA_TP_REGISTRY_STOP,BBO_EXECUTABLE,0,RESOLVED,DOUBLE_STOP,BUY,STOP,2025-09-18 13:30:00.011413775+00:00,STOP,STOP,24678.25,24680.5,-69.0,-59.0,-128.0,24695.75,24663.25,24678.75,24680.25
2228,2025-09-18 09:30:00,2025-09-18T13:30:00+00:00,VALIDATED_SOURCE,NY,NQZ5,2,SELL_TARGET,572.0,16.0,1.0,16.0,0.0,0.0,0.0,DNA_TP_REGISTRY_STOP,BBO_EXECUTABLE,1,RESOLVED,DOUBLE_STOP,BUY,STOP,2025-09-18 13:30:00.011413775+00:00,STOP,STOP,24678.25,24680.5,-69.0,-59.0,-128.0,24695.75,24663.25,24678.75,24680.25
2228,2025-09-18 09:30:00,2025-09-18T13:30:00+00:00,VALIDATED_SOURCE,NY,NQZ5,2,SELL_TARGET,572.0,16.0,1.0,16.0,0.0,0.0,0.0,DNA_TP_REGISTRY_STOP,BBO_EXECUTABLE,100,RESOLVED,DOUBLE_STOP,SELL,STOP,2025-09-18 13:30:00.116056651+00:00,STOP,STOP,24678.75,24681.25,-49.0,-89.0,-138.0,24695.75,24663.25,24678.75,24680.25
2228,2025-09-18 09:30:00,2025-09-18T13:30:00+00:00,VALIDATED_SOURCE,NY,NQZ5,2,SELL_TARGET,572.0,16.0,1.0,16.0,0.0,0.0,0.0,DNA_TP_REGISTRY_STOP,BBO_EXECUTABLE,500,RESOLVED,DOUBLE_STOP,BUY,STOP,2025-09-18 13:30:00.503406969+00:00,STOP,STOP,24677.25,24680.5,-109.0,-59.0,-168.0,24695.75,24663.25,24678.75,24680.25
2228,2025-09-18 09:30:00,2025-09-18T13:30:00+00:00,VALIDATED_SOURCE,NY,NQZ5,2,SELL_TARGET,572.0,16.0,1.0,16.0,0.0,0.0,0.0,DNA_TP_REGISTRY_STOP,LEGACY_STAGE3F,0,RESOLVED,DOUBLE_STOP,BUY,STOP,2025-09-18 13:30:00.011009345+00:00,STOP,STOP,24679.5,24680.5,-19.0,-59.0,-78.0,24695.75,24663.25,24678.75,24680.25
2228,2025-09-18 09:30:00,2025-09-18T13:30:00+00:00,VALIDATED_SOURCE,NY,NQZ5,2,SELL_TARGET,572.0,16.0,1.0,16.0,0.0,0.0,0.0,DNA_TP_REGISTRY_STOP,LEGACY_STAGE3F,1,RESOLVED,DOUBLE_STOP,BUY,STOP,2025-09-18 13:30:00.011009345+00:00,STOP,STOP,24679.5,24680.5,-19.0,-59.0,-78.0,24695.75,24663.25,24678.75,24680.25
2228,2025-09-18 09:30:00,2025-09-18T13:30:00+00:00,VALIDATED_SOURCE,NY,NQZ5,2,SELL_TARGET,572.0,16.0,1.0,16.0,0.0,0.0,0.0,DNA_TP_REGISTRY_STOP,LEGACY_STAGE3F,100,RESOLVED,DOUBLE_STOP,SELL,STOP,2025-09-18 13:30:00.116056651+00:00,STOP,STOP,24678.75,24681.25,-49.0,-89.0,-138.0,24695.75,24663.25,24678.75,24680.25
2228,2025-09-18 09:30:00,2025-09-18T13:30:00+00:00,VALIDATED_SOURCE,NY,NQZ5,2,SELL_TARGET,572.0,16.0,1.0,16.0,0.0,0.0,0.0,DNA_TP_REGISTRY_STOP,LEGACY_STAGE3F,500,RESOLVED,DOUBLE_STOP,BUY,STOP,2025-09-18 13:30:00.503406969+00:00,STOP,STOP,24677.25,24680.5,-109.0,-59.0,-168.0,24695.75,24663.25,24678.75,24680.25
2228,2025-09-18 09:30:00,2025-09-18T13:30:00+00:00,VALIDATED_SOURCE,NY,NQZ5,2,SELL_TARGET,572.0,16.0,1.0,16.0,0.0,0.0,0.0,FORMULA_TP_REGISTRY_STOP,TRADE_TOUCH,0,RESOLVED,DOUBLE_STOP,BUY,STOP,2025-09-18 13:30:00.011009345+00:00,STOP,STOP,24678.75,24680.25,-49.0,-49.0,-98.0,24695.75,24663.25,24678.75,24680.25
2228,2025-09-18 09:30:00,2025-09-18T13:30:00+00:00,VALIDATED_SOURCE,NY,NQZ5,2,SELL_TARGET,572.0,16.0,1.0,16.0,0.0,0.0,0.0,FORMULA_TP_REGISTRY_STOP,TRADE_TOUCH,1,RESOLVED,DOUBLE_STOP,BUY,STOP,2025-09-18 13:30:00.011009345+00:00,STOP,STOP,24678.75,24680.25,-49.0,-49.0,-98.0,24695.75,24663.25,24678.75,24680.25
2228,2025-09-18 09:30:00,2025-09-18T13:30:00+00:00,VALIDATED_SOURCE,NY,NQZ5,2,SELL_TARGET,572.0,16.0,1.0,16.0,0.0,0.0,0.0,FORMULA_TP_REGISTRY_STOP,TRADE_TOUCH,100,RESOLVED,DOUBLE_STOP,SELL,STOP,2025-09-18 13:30:00.116056651+00:00,STOP,STOP,24678.75,24680.25,-49.0,-49.0,-98.0,24695.75,24663.25,24678.75,24680.25
2228,2025-09-18 09:30:00,2025-09-18T13:30:00+00:00,VALIDATED_SOURCE,NY,NQZ5,2,SELL_TARGET,572.0,16.0,1.0,16.0,0.0,0.0,0.0,FORMULA_TP_REGISTRY_STOP,TRADE_TOUCH,500,RESOLVED,DOUBLE_STOP,BUY,STOP,2025-09-18 13:30:00.503406969+00:00,STOP,STOP,24678.75,24680.25,-49.0,-49.0,-98.0,24695.75,24663.25,24678.75,24680.25
2228,2025-09-18 09:30:00,2025-09-18T13:30:00+00:00,VALIDATED_SOURCE,NY,NQZ5,2,SELL_TARGET,572.0,16.0,1.0,16.0,0.0,0.0,0.0,FORMULA_TP_REGISTRY_STOP,MID_TOUCH,0,RESOLVED,DOUBLE_STOP,BUY,STOP,2025-09-18 13:30:00.011413775+00:00,STOP,STOP,24678.75,24680.25,-49.0,-49.0,-98.0,24695.75,24663.25,24678.75,24680.25
2228,2025-09-18 09:30:00,2025-09-18T13:30:00+00:00,VALIDATED_SOURCE,NY,NQZ5,2,SELL_TARGET,572.0,16.0,1.0,16.0,0.0,0.0,0.0,FORMULA_TP_REGISTRY_STOP,MID_TOUCH,1,RESOLVED,DOUBLE_STOP,BUY,STOP,2025-09-18 13:30:00.011413775+00:00,STOP,STOP,24678.75,24680.25,-49.0,-49.0,-98.0,24695.75,24663.25,24678.75,24680.25
2228,2025-09-18 09:30:00,2025-09-18T13:30:00+00:00,VALIDATED_SOURCE,NY,NQZ5,2,SELL_TARGET,572.0,16.0,1.0,16.0,0.0,0.0,0.0,FORMULA_TP_REGISTRY_STOP,MID_TOUCH,100,RESOLVED,DOUBLE_STOP,SELL,STOP,2025-09-18 13:30:00.116056651+00:00,STOP,STOP,24678.75,24680.25,-49.0,-49.0,-98.0,24695.75,24663.25,24678.75,24680.25
2228,2025-09-18 09:30:00,2025-09-18T13:30:00+00:00,VALIDATED_SOURCE,NY,NQZ5,2,SELL_TARGET,572.0,16.0,1.0,16.0,0.0,0.0,0.0,FORMULA_TP_REGISTRY_STOP,MID_TOUCH,500,RESOLVED,DOUBLE_STOP,BUY,STOP,2025-09-18 13:30:00.503406969+00:00,STOP,STOP,24678.75,24680.25,-49.0,-49.0,-98.0,24695.75,24663.25,24678.75,24680.25
2228,2025-09-18 09:30:00,2025-09-18T13:30:00+00:00,VALIDATED_SOURCE,NY,NQZ5,2,SELL_TARGET,572.0,16.0,1.0,16.0,0.0,0.0,0.0,FORMULA_TP_REGISTRY_STOP,BBO_EXECUTABLE,0,RESOLVED,DOUBLE_STOP,BUY,STOP,2025-09-18 13:30:00.011413775+00:00,STOP,STOP,24678.25,24680.5,-69.0,-59.0,-128.0,24695.75,24663.25,24678.75,24680.25
2228,2025-09-18 09:30:00,2025-09-18T13:30:00+00:00,VALIDATED_SOURCE,NY,NQZ5,2,SELL_TARGET,572.0,16.0,1.0,16.0,0.0,0.0,0.0,FORMULA_TP_REGISTRY_STOP,BBO_EXECUTABLE,1,RESOLVED,DOUBLE_STOP,BUY,STOP,2025-09-18 13:30:00.011413775+00:00,STOP,STOP,24678.25,24680.5,-69.0,-59.0,-128.0,24695.75,24663.25,24678.75,24680.25
2228,2025-09-18 09:30:00,2025-09-18T13:30:00+00:00,VALIDATED_SOURCE,NY,NQZ5,2,SELL_TARGET,572.0,16.0,1.0,16.0,0.0,0.0,0.0,FORMULA_TP_REGISTRY_STOP,BBO_EXECUTABLE,100,RESOLVED,DOUBLE_STOP,SELL,STOP,2025-09-18 13:30:00.116056651+00:00,STOP,STOP,24678.75,24681.25,-49.0,-89.0,-138.0,24695.75,24663.25,24678.75,24680.25
2228,2025-09-18 09:30:00,2025-09-18T13:30:00+00:00,VALIDATED_SOURCE,NY,NQZ5,2,SELL_TARGET,572.0,16.0,1.0,16.0,0.0,0.0,0.0,FORMULA_TP_REGISTRY_STOP,BBO_EXECUTABLE,500,RESOLVED,DOUBLE_STOP,BUY,STOP,2025-09-18 13:30:00.503406969+00:00,STOP,STOP,24677.25,24680.5,-109.0,-59.0,-168.0,24695.75,24663.25,24678.75,24680.25
2228,2025-09-18 09:30:00,2025-09-18T13:30:00+00:00,VALIDATED_SOURCE,NY,NQZ5,2,SELL_TARGET,572.0,16.0,1.0,16.0,0.0,0.0,0.0,FORMULA_TP_REGISTRY_STOP,LEGACY_STAGE3F,0,RESOLVED,DOUBLE_STOP,BUY,STOP,2025-09-18 13:30:00.011009345+00:00,STOP,STOP,24679.5,24680.5,-19.0,-59.0,-78.0,24695.75,24663.25,24678.75,24680.25
2228,2025-09-18 09:30:00,2025-09-18T13:30:00+00:00,VALIDATED_SOURCE,NY,NQZ5,2,SELL_TARGET,572.0,16.0,1.0,16.0,0.0,0.0,0.0,FORMULA_TP_REGISTRY_STOP,LEGACY_STAGE3F,1,RESOLVED,DOUBLE_STOP,BUY,STOP,2025-09-18 13:30:00.011009345+00:00,STOP,STOP,24679.5,24680.5,-19.0,-59.0,-78.0,24695.75,24663.25,24678.75,24680.25
2228,2025-09-18 09:30:00,2025-09-18T13:30:00+00:00,VALIDATED_SOURCE,NY,NQZ5,2,SELL_TARGET,572.0,16.0,1.0,16.0,0.0,0.0,0.0,FORMULA_TP_REGISTRY_STOP,LEGACY_STAGE3F,100,RESOLVED,DOUBLE_STOP,SELL,STOP,2025-09-18 13:30:00.116056651+00:00,STOP,STOP,24678.75,24681.25,-49.0,-89.0,-138.0,24695.75,24663.25,24678.75,24680.25
2228,2025-09-18 09:30:00,2025-09-18T13:30:00+00:00,VALIDATED_SOURCE,NY,NQZ5,2,SELL_TARGET,572.0,16.0,1.0,16.0,0.0,0.0,0.0,FORMULA_TP_REGISTRY_STOP,LEGACY_STAGE3F,500,RESOLVED,DOUBLE_STOP,BUY,STOP,2025-09-18 13:30:00.503406969+00:00,STOP,STOP,24677.25,24680.5,-109.0,-59.0,-168.0,24695.75,24663.25,24678.75,24680.25
2229,2025-09-19 09:30:00,2025-09-19T13:30:00+00:00,VALIDATED_SOURCE,NY,NQZ5,2,DOUBLE_STOP,-118.0,16.0,1.0,16.0,0.0,0.0,0.0,DNA_TP_DNA_SP,TRADE_TOUCH,0,RESOLVED,DOUBLE_STOP,SELL,STOP,2025-09-19 13:30:00.002401229+00:00,STOP,STOP,24767.0,24768.5,-49.0,-49.0,-98.0,24784.0,24751.5,24767.0,24768.5
2229,2025-09-19 09:30:00,2025-09-19T13:30:00+00:00,VALIDATED_SOURCE,NY,NQZ5,2,DOUBLE_STOP,-118.0,16.0,1.0,16.0,0.0,0.0,0.0,DNA_TP_DNA_SP,TRADE_TOUCH,1,RESOLVED,DOUBLE_STOP,SELL,STOP,2025-09-19 13:30:00.002401229+00:00,STOP,STOP,24767.0,24768.5,-49.0,-49.0,-98.0,24784.0,24751.5,24767.0,24768.5
2229,2025-09-19 09:30:00,2025-09-19T13:30:00+00:00,VALIDATED_SOURCE,NY,NQZ5,2,DOUBLE_STOP,-118.0,16.0,1.0,16.0,0.0,0.0,0.0,DNA_TP_DNA_SP,TRADE_TOUCH,100,RESOLVED,DOUBLE_STOP,SELL,STOP,2025-09-19 13:30:00.100678789+00:00,STOP,STOP,24767.0,24768.5,-49.0,-49.0,-98.0,24784.0,24751.5,24767.0,24768.5
2229,2025-09-19 09:30:00,2025-09-19T13:30:00+00:00,VALIDATED_SOURCE,NY,NQZ5,2,DOUBLE_STOP,-118.0,16.0,1.0,16.0,0.0,0.0,0.0,DNA_TP_DNA_SP,TRADE_TOUCH,500,RESOLVED,DOUBLE_STOP,SELL,STOP,2025-09-19 13:30:00.500245683+00:00,STOP,STOP,24767.0,24768.5,-49.0,-49.0,-98.0,24784.0,24751.5,24767.0,24768.5
2229,2025-09-19 09:30:00,2025-09-19T13:30:00+00:00,VALIDATED_SOURCE,NY,NQZ5,2,DOUBLE_STOP,-118.0,16.0,1.0,16.0,0.0,0.0,0.0,DNA_TP_DNA_SP,MID_TOUCH,0,RESOLVED,DOUBLE_STOP,SELL,STOP,2025-09-19 13:30:00.003867851+00:00,STOP,STOP,24767.0,24768.5,-49.0,-49.0,-98.0,24784.0,24751.5,24767.0,24768.5
2229,2025-09-19 09:30:00,2025-09-19T13:30:00+00:00,VALIDATED_SOURCE,NY,NQZ5,2,DOUBLE_STOP,-118.0,16.0,1.0,16.0,0.0,0.0,0.0,DNA_TP_DNA_SP,MID_TOUCH,1,RESOLVED,DOUBLE_STOP,SELL,STOP,2025-09-19 13:30:00.003867851+00:00,STOP,STOP,24767.0,24768.5,-49.0,-49.0,-98.0,24784.0,24751.5,24767.0,24768.5
2229,2025-09-19 09:30:00,2025-09-19T13:30:00+00:00,VALIDATED_SOURCE,NY,NQZ5,2,DOUBLE_STOP,-118.0,16.0,1.0,16.0,0.0,0.0,0.0,DNA_TP_DNA_SP,MID_TOUCH,100,RESOLVED,DOUBLE_STOP,SELL,STOP,2025-09-19 13:30:00.100678789+00:00,STOP,STOP,24767.0,24768.5,-49.0,-49.0,-98.0,24784.0,24751.5,24767.0,24768.5
2229,2025-09-19 09:30:00,2025-09-19T13:30:00+00:00,VALIDATED_SOURCE,NY,NQZ5,2,DOUBLE_STOP,-118.0,16.0,1.0,16.0,0.0,0.0,0.0,DNA_TP_DNA_SP,MID_TOUCH,500,RESOLVED,DOUBLE_STOP,SELL,STOP,2025-09-19 13:30:00.500245683+00:00,STOP,STOP,24767.0,24768.5,-49.0,-49.0,-98.0,24784.0,24751.5,24767.0,24768.5
2229,2025-09-19 09:30:00,2025-09-19T13:30:00+00:00,VALIDATED_SOURCE,NY,NQZ5,2,DOUBLE_STOP,-118.0,16.0,1.0,16.0,0.0,0.0,0.0,DNA_TP_DNA_SP,BBO_EXECUTABLE,0,RESOLVED,DOUBLE_STOP,SELL,STOP,2025-09-19 13:30:00.001511483+00:00,STOP,STOP,24767.0,24768.5,-49.0,-49.0,-98.0,24784.0,24751.5,24767.0,24768.5
2229,2025-09-19 09:30:00,2025-09-19T13:30:00+00:00,VALIDATED_SOURCE,NY,NQZ5,2,DOUBLE_STOP,-118.0,16.0,1.0,16.0,0.0,0.0,0.0,DNA_TP_DNA_SP,BBO_EXECUTABLE,1,RESOLVED,DOUBLE_STOP,SELL,STOP,2025-09-19 13:30:00.001511483+00:00,STOP,STOP,24767.0,24768.5,-49.0,-49.0,-98.0,24784.0,24751.5,24767.0,24768.5
2229,2025-09-19 09:30:00,2025-09-19T13:30:00+00:00,VALIDATED_SOURCE,NY,NQZ5,2,DOUBLE_STOP,-118.0,16.0,1.0,16.0,0.0,0.0,0.0,DNA_TP_DNA_SP,BBO_EXECUTABLE,100,RESOLVED,DOUBLE_STOP,SELL,STOP,2025-09-19 13:30:00.100678789+00:00,STOP,STOP,24767.0,24771.75,-49.0,-179.0,-228.0,24784.0,24751.5,24767.0,24768.5
2229,2025-09-19 09:30:00,2025-09-19T13:30:00+00:00,VALIDATED_SOURCE,NY,NQZ5,2,DOUBLE_STOP,-118.0,16.0,1.0,16.0,0.0,0.0,0.0,DNA_TP_DNA_SP,BBO_EXECUTABLE,500,RESOLVED,DOUBLE_STOP,SELL,STOP,2025-09-19 13:30:00.500245683+00:00,STOP,STOP,24767.0,24771.75,-49.0,-179.0,-228.0,24784.0,24751.5,24767.0,24768.5
2229,2025-09-19 09:30:00,2025-09-19T13:30:00+00:00,VALIDATED_SOURCE,NY,NQZ5,2,DOUBLE_STOP,-118.0,16.0,1.0,16.0,0.0,0.0,0.0,DNA_TP_DNA_SP,LEGACY_STAGE3F,0,RESOLVED,DOUBLE_STOP,SELL,STOP,2025-09-19 13:30:00.001511483+00:00,STOP,STOP,24767.75,24768.5,-19.0,-49.0,-68.0,24784.0,24751.5,24767.0,24768.5
2229,2025-09-19 09:30:00,2025-09-19T13:30:00+00:00,VALIDATED_SOURCE,NY,NQZ5,2,DOUBLE_STOP,-118.0,16.0,1.0,16.0,0.0,0.0,0.0,DNA_TP_DNA_SP,LEGACY_STAGE3F,1,RESOLVED,DOUBLE_STOP,SELL,STOP,2025-09-19 13:30:00.001511483+00:00,STOP,STOP,24767.75,24768.5,-19.0,-49.0,-68.0,24784.0,24751.5,24767.0,24768.5
2229,2025-09-19 09:30:00,2025-09-19T13:30:00+00:00,VALIDATED_SOURCE,NY,NQZ5,2,DOUBLE_STOP,-118.0,16.0,1.0,16.0,0.0,0.0,0.0,DNA_TP_DNA_SP,LEGACY_STAGE3F,100,RESOLVED,DOUBLE_STOP,SELL,STOP,2025-09-19 13:30:00.100678789+00:00,STOP,STOP,24767.0,24771.75,-49.0,-179.0,-228.0,24784.0,24751.5,24767.0,24768.5
2229,2025-09-19 09:30:00,2025-09-19T13:30:00+00:00,VALIDATED_SOURCE,NY,NQZ5,2,DOUBLE_STOP,-118.0,16.0,1.0,16.0,0.0,0.0,0.0,DNA_TP_DNA_SP,LEGACY_STAGE3F,500,RESOLVED,DOUBLE_STOP,SELL,STOP,2025-09-19 13:30:00.500245683+00:00,STOP,STOP,24767.0,24771.75,-49.0,-179.0,-228.0,24784.0,24751.5,24767.0,24768.5
2229,2025-09-19 09:30:00,2025-09-19T13:30:00+00:00,VALIDATED_SOURCE,NY,NQZ5,2,DOUBLE_STOP,-118.0,16.0,1.0,16.0,0.0,0.0,0.0,DNA_TP_REGISTRY_STOP,TRADE_TOUCH,0,RESOLVED,DOUBLE_STOP,SELL,STOP,2025-09-19 13:30:00.002401229+00:00,STOP,STOP,24767.0,24768.5,-49.0,-49.0,-98.0,24784.0,24751.5,24767.0,24768.5
2229,2025-09-19 09:30:00,2025-09-19T13:30:00+00:00,VALIDATED_SOURCE,NY,NQZ5,2,DOUBLE_STOP,-118.0,16.0,1.0,16.0,0.0,0.0,0.0,DNA_TP_REGISTRY_STOP,TRADE_TOUCH,1,RESOLVED,DOUBLE_STOP,SELL,STOP,2025-09-19 13:30:00.002401229+00:00,STOP,STOP,24767.0,24768.5,-49.0,-49.0,-98.0,24784.0,24751.5,24767.0,24768.5
2229,2025-09-19 09:30:00,2025-09-19T13:30:00+00:00,VALIDATED_SOURCE,NY,NQZ5,2,DOUBLE_STOP,-118.0,16.0,1.0,16.0,0.0,0.0,0.0,DNA_TP_REGISTRY_STOP,TRADE_TOUCH,100,RESOLVED,DOUBLE_STOP,SELL,STOP,2025-09-19 13:30:00.100678789+00:00,STOP,STOP,24767.0,24768.5,-49.0,-49.0,-98.0,24784.0,24751.5,24767.0,24768.5
2229,2025-09-19 09:30:00,2025-09-19T13:30:00+00:00,VALIDATED_SOURCE,NY,NQZ5,2,DOUBLE_STOP,-118.0,16.0,1.0,16.0,0.0,0.0,0.0,DNA_TP_REGISTRY_STOP,TRADE_TOUCH,500,RESOLVED,DOUBLE_STOP,SELL,STOP,2025-09-19 13:30:00.500245683+00:00,STOP,STOP,24767.0,24768.5,-49.0,-49.0,-98.0,24784.0,24751.5,24767.0,24768.5
2229,2025-09-19 09:30:00,2025-09-19T13:30:00+00:00,VALIDATED_SOURCE,NY,NQZ5,2,DOUBLE_STOP,-118.0,16.0,1.0,16.0,0.0,0.0,0.0,DNA_TP_REGISTRY_STOP,MID_TOUCH,0,RESOLVED,DOUBLE_STOP,SELL,STOP,2025-09-19 13:30:00.003867851+00:00,STOP,STOP,24767.0,24768.5,-49.0,-49.0,-98.0,24784.0,24751.5,24767.0,24768.5
2229,2025-09-19 09:30:00,2025-09-19T13:30:00+00:00,VALIDATED_SOURCE,NY,NQZ5,2,DOUBLE_STOP,-118.0,16.0,1.0,16.0,0.0,0.0,0.0,DNA_TP_REGISTRY_STOP,MID_TOUCH,1,RESOLVED,DOUBLE_STOP,SELL,STOP,2025-09-19 13:30:00.003867851+00:00,STOP,STOP,24767.0,24768.5,-49.0,-49.0,-98.0,24784.0,24751.5,24767.0,24768.5
2229,2025-09-19 09:30:00,2025-09-19T13:30:00+00:00,VALIDATED_SOURCE,NY,NQZ5,2,DOUBLE_STOP,-118.0,16.0,1.0,16.0,0.0,0.0,0.0,DNA_TP_REGISTRY_STOP,MID_TOUCH,100,RESOLVED,DOUBLE_STOP,SELL,STOP,2025-09-19 13:30:00.100678789+00:00,STOP,STOP,24767.0,24768.5,-49.0,-49.0,-98.0,24784.0,24751.5,24767.0,24768.5
2229,2025-09-19 09:30:00,2025-09-19T13:30:00+00:00,VALIDATED_SOURCE,NY,NQZ5,2,DOUBLE_STOP,-118.0,16.0,1.0,16.0,0.0,0.0,0.0,DNA_TP_REGISTRY_STOP,MID_TOUCH,500,RESOLVED,DOUBLE_STOP,SELL,STOP,2025-09-19 13:30:00.500245683+00:00,STOP,STOP,24767.0,24768.5,-49.0,-49.0,-98.0,24784.0,24751.5,24767.0,24768.5
2229,2025-09-19 09:30:00,2025-09-19T13:30:00+00:00,VALIDATED_SOURCE,NY,NQZ5,2,DOUBLE_STOP,-118.0,16.0,1.0,16.0,0.0,0.0,0.0,DNA_TP_REGISTRY_STOP,BBO_EXECUTABLE,0,RESOLVED,DOUBLE_STOP,SELL,STOP,2025-09-19 13:30:00.001511483+00:00,STOP,STOP,24767.0,24768.5,-49.0,-49.0,-98.0,24784.0,24751.5,24767.0,24768.5
2229,2025-09-19 09:30:00,2025-09-19T13:30:00+00:00,VALIDATED_SOURCE,NY,NQZ5,2,DOUBLE_STOP,-118.0,16.0,1.0,16.0,0.0,0.0,0.0,DNA_TP_REGISTRY_STOP,BBO_EXECUTABLE,1,RESOLVED,DOUBLE_STOP,SELL,STOP,2025-09-19 13:30:00.001511483+00:00,STOP,STOP,24767.0,24768.5,-49.0,-49.0,-98.0,24784.0,24751.5,24767.0,24768.5
2229,2025-09-19 09:30:00,2025-09-19T13:30:00+00:00,VALIDATED_SOURCE,NY,NQZ5,2,DOUBLE_STOP,-118.0,16.0,1.0,16.0,0.0,0.0,0.0,DNA_TP_REGISTRY_STOP,BBO_EXECUTABLE,100,RESOLVED,DOUBLE_STOP,SELL,STOP,2025-09-19 13:30:00.100678789+00:00,STOP,STOP,24767.0,24771.75,-49.0,-179.0,-228.0,24784.0,24751.5,24767.0,24768.5
2229,2025-09-19 09:30:00,2025-09-19T13:30:00+00:00,VALIDATED_SOURCE,NY,NQZ5,2,DOUBLE_STOP,-118.0,16.0,1.0,16.0,0.0,0.0,0.0,DNA_TP_REGISTRY_STOP,BBO_EXECUTABLE,500,RESOLVED,DOUBLE_STOP,SELL,STOP,2025-09-19 13:30:00.500245683+00:00,STOP,STOP,24767.0,24771.75,-49.0,-179.0,-228.0,24784.0,24751.5,24767.0,24768.5
2229,2025-09-19 09:30:00,2025-09-19T13:30:00+00:00,VALIDATED_SOURCE,NY,NQZ5,2,DOUBLE_STOP,-118.0,16.0,1.0,16.0,0.0,0.0,0.0,DNA_TP_REGISTRY_STOP,LEGACY_STAGE3F,0,RESOLVED,DOUBLE_STOP,SELL,STOP,2025-09-19 13:30:00.001511483+00:00,STOP,STOP,24767.75,24768.5,-19.0,-49.0,-68.0,24784.0,24751.5,24767.0,24768.5
2229,2025-09-19 09:30:00,2025-09-19T13:30:00+00:00,VALIDATED_SOURCE,NY,NQZ5,2,DOUBLE_STOP,-118.0,16.0,1.0,16.0,0.0,0.0,0.0,DNA_TP_REGISTRY_STOP,LEGACY_STAGE3F,1,RESOLVED,DOUBLE_STOP,SELL,STOP,2025-09-19 13:30:00.001511483+00:00,STOP,STOP,24767.75,24768.5,-19.0,-49.0,-68.0,24784.0,24751.5,24767.0,24768.5
2229,2025-09-19 09:30:00,2025-09-19T13:30:00+00:00,VALIDATED_SOURCE,NY,NQZ5,2,DOUBLE_STOP,-118.0,16.0,1.0,16.0,0.0,0.0,0.0,DNA_TP_REGISTRY_STOP,LEGACY_STAGE3F,100,RESOLVED,DOUBLE_STOP,SELL,STOP,2025-09-19 13:30:00.100678789+00:00,STOP,STOP,24767.0,24771.75,-49.0,-179.0,-228.0,24784.0,24751.5,24767.0,24768.5
2229,2025-09-19 09:30:00,2025-09-19T13:30:00+00:00,VALIDATED_SOURCE,NY,NQZ5,2,DOUBLE_STOP,-118.0,16.0,1.0,16.0,0.0,0.0,0.0,DNA_TP_REGISTRY_STOP,LEGACY_STAGE3F,500,RESOLVED,DOUBLE_STOP,SELL,STOP,2025-09-19 13:30:00.500245683+00:00,STOP,STOP,24767.0,24771.75,-49.0,-179.0,-228.0,24784.0,24751.5,24767.0,24768.5
2229,2025-09-19 09:30:00,2025-09-19T13:30:00+00:00,VALIDATED_SOURCE,NY,NQZ5,2,DOUBLE_STOP,-118.0,16.0,1.0,16.0,0.0,0.0,0.0,FORMULA_TP_REGISTRY_STOP,TRADE_TOUCH,0,RESOLVED,DOUBLE_STOP,SELL,STOP,2025-09-19 13:30:00.002401229+00:00,STOP,STOP,24767.0,24768.5,-49.0,-49.0,-98.0,24784.0,24751.5,24767.0,24768.5
2229,2025-09-19 09:30:00,2025-09-19T13:30:00+00:00,VALIDATED_SOURCE,NY,NQZ5,2,DOUBLE_STOP,-118.0,16.0,1.0,16.0,0.0,0.0,0.0,FORMULA_TP_REGISTRY_STOP,TRADE_TOUCH,1,RESOLVED,DOUBLE_STOP,SELL,STOP,2025-09-19 13:30:00.002401229+00:00,STOP,STOP,24767.0,24768.5,-49.0,-49.0,-98.0,24784.0,24751.5,24767.0,24768.5
2229,2025-09-19 09:30:00,2025-09-19T13:30:00+00:00,VALIDATED_SOURCE,NY,NQZ5,2,DOUBLE_STOP,-118.0,16.0,1.0,16.0,0.0,0.0,0.0,FORMULA_TP_REGISTRY_STOP,TRADE_TOUCH,100,RESOLVED,DOUBLE_STOP,SELL,STOP,2025-09-19 13:30:00.100678789+00:00,STOP,STOP,24767.0,24768.5,-49.0,-49.0,-98.0,24784.0,24751.5,24767.0,24768.5
2229,2025-09-19 09:30:00,2025-09-19T13:30:00+00:00,VALIDATED_SOURCE,NY,NQZ5,2,DOUBLE_STOP,-118.0,16.0,1.0,16.0,0.0,0.0,0.0,FORMULA_TP_REGISTRY_STOP,TRADE_TOUCH,500,RESOLVED,DOUBLE_STOP,SELL,STOP,2025-09-19 13:30:00.500245683+00:00,STOP,STOP,24767.0,24768.5,-49.0,-49.0,-98.0,24784.0,24751.5,24767.0,24768.5
2229,2025-09-19 09:30:00,2025-09-19T13:30:00+00:00,VALIDATED_SOURCE,NY,NQZ5,2,DOUBLE_STOP,-118.0,16.0,1.0,16.0,0.0,0.0,0.0,FORMULA_TP_REGISTRY_STOP,MID_TOUCH,0,RESOLVED,DOUBLE_STOP,SELL,STOP,2025-09-19 13:30:00.003867851+00:00,STOP,STOP,24767.0,24768.5,-49.0,-49.0,-98.0,24784.0,24751.5,24767.0,24768.5
2229,2025-09-19 09:30:00,2025-09-19T13:30:00+00:00,VALIDATED_SOURCE,NY,NQZ5,2,DOUBLE_STOP,-118.0,16.0,1.0,16.0,0.0,0.0,0.0,FORMULA_TP_REGISTRY_STOP,MID_TOUCH,1,RESOLVED,DOUBLE_STOP,SELL,STOP,2025-09-19 13:30:00.003867851+00:00,STOP,STOP,24767.0,24768.5,-49.0,-49.0,-98.0,24784.0,24751.5,24767.0,24768.5
2229,2025-09-19 09:30:00,2025-09-19T13:30:00+00:00,VALIDATED_SOURCE,NY,NQZ5,2,DOUBLE_STOP,-118.0,16.0,1.0,16.0,0.0,0.0,0.0,FORMULA_TP_REGISTRY_STOP,MID_TOUCH,100,RESOLVED,DOUBLE_STOP,SELL,STOP,2025-09-19 13:30:00.100678789+00:00,STOP,STOP,24767.0,24768.5,-49.0,-49.0,-98.0,24784.0,24751.5,24767.0,24768.5
2229,2025-09-19 09:30:00,2025-09-19T13:30:00+00:00,VALIDATED_SOURCE,NY,NQZ5,2,DOUBLE_STOP,-118.0,16.0,1.0,16.0,0.0,0.0,0.0,FORMULA_TP_REGISTRY_STOP,MID_TOUCH,500,RESOLVED,DOUBLE_STOP,SELL,STOP,2025-09-19 13:30:00.500245683+00:00,STOP,STOP,24767.0,24768.5,-49.0,-49.0,-98.0,24784.0,24751.5,24767.0,24768.5
2229,2025-09-19 09:30:00,2025-09-19T13:30:00+00:00,VALIDATED_SOURCE,NY,NQZ5,2,DOUBLE_STOP,-118.0,16.0,1.0,16.0,0.0,0.0,0.0,FORMULA_TP_REGISTRY_STOP,BBO_EXECUTABLE,0,RESOLVED,DOUBLE_STOP,SELL,STOP,2025-09-19 13:30:00.001511483+00:00,STOP,STOP,24767.0,24768.5,-49.0,-49.0,-98.0,24784.0,24751.5,24767.0,24768.5
2229,2025-09-19 09:30:00,2025-09-19T13:30:00+00:00,VALIDATED_SOURCE,NY,NQZ5,2,DOUBLE_STOP,-118.0,16.0,1.0,16.0,0.0,0.0,0.0,FORMULA_TP_REGISTRY_STOP,BBO_EXECUTABLE,1,RESOLVED,DOUBLE_STOP,SELL,STOP,2025-09-19 13:30:00.001511483+00:00,STOP,STOP,24767.0,24768.5,-49.0,-49.0,-98.0,24784.0,24751.5,24767.0,24768.5
2229,2025-09-19 09:30:00,2025-09-19T13:30:00+00:00,VALIDATED_SOURCE,NY,NQZ5,2,DOUBLE_STOP,-118.0,16.0,1.0,16.0,0.0,0.0,0.0,FORMULA_TP_REGISTRY_STOP,BBO_EXECUTABLE,100,RESOLVED,DOUBLE_STOP,SELL,STOP,2025-09-19 13:30:00.100678789+00:00,STOP,STOP,24767.0,24771.75,-49.0,-179.0,-228.0,24784.0,24751.5,24767.0,24768.5
2229,2025-09-19 09:30:00,2025-09-19T13:30:00+00:00,VALIDATED_SOURCE,NY,NQZ5,2,DOUBLE_STOP,-118.0,16.0,1.0,16.0,0.0,0.0,0.0,FORMULA_TP_REGISTRY_STOP,BBO_EXECUTABLE,500,RESOLVED,DOUBLE_STOP,SELL,STOP,2025-09-19 13:30:00.500245683+00:00,STOP,STOP,24767.0,24771.75,-49.0,-179.0,-228.0,24784.0,24751.5,24767.0,24768.5
2229,2025-09-19 09:30:00,2025-09-19T13:30:00+00:00,VALIDATED_SOURCE,NY,NQZ5,2,DOUBLE_STOP,-118.0,16.0,1.0,16.0,0.0,0.0,0.0,FORMULA_TP_REGISTRY_STOP,LEGACY_STAGE3F,0,RESOLVED,DOUBLE_STOP,SELL,STOP,2025-09-19 13:30:00.001511483+00:00,STOP,STOP,24767.75,24768.5,-19.0,-49.0,-68.0,24784.0,24751.5,24767.0,24768.5
2229,2025-09-19 09:30:00,2025-09-19T13:30:00+00:00,VALIDATED_SOURCE,NY,NQZ5,2,DOUBLE_STOP,-118.0,16.0,1.0,16.0,0.0,0.0,0.0,FORMULA_TP_REGISTRY_STOP,LEGACY_STAGE3F,1,RESOLVED,DOUBLE_STOP,SELL,STOP,2025-09-19 13:30:00.001511483+00:00,STOP,STOP,24767.75,24768.5,-19.0,-49.0,-68.0,24784.0,24751.5,24767.0,24768.5
2229,2025-09-19 09:30:00,2025-09-19T13:30:00+00:00,VALIDATED_SOURCE,NY,NQZ5,2,DOUBLE_STOP,-118.0,16.0,1.0,16.0,0.0,0.0,0.0,FORMULA_TP_REGISTRY_STOP,LEGACY_STAGE3F,100,RESOLVED,DOUBLE_STOP,SELL,STOP,2025-09-19 13:30:00.100678789+00:00,STOP,STOP,24767.0,24771.75,-49.0,-179.0,-228.0,24784.0,24751.5,24767.0,24768.5
2229,2025-09-19 09:30:00,2025-09-19T13:30:00+00:00,VALIDATED_SOURCE,NY,NQZ5,2,DOUBLE_STOP,-118.0,16.0,1.0,16.0,0.0,0.0,0.0,FORMULA_TP_REGISTRY_STOP,LEGACY_STAGE3F,500,RESOLVED,DOUBLE_STOP,SELL,STOP,2025-09-19 13:30:00.500245683+00:00,STOP,STOP,24767.0,24771.75,-49.0,-179.0,-228.0,24784.0,24751.5,24767.0,24768.5
