Trade number,Type,Date and time,Signal,Price USD,Size (qty),Size (value),Net PnL USD,Return %,Commission USD,Favorable excursion USD,Favorable excursion %,Adverse excursion USD,Adverse excursion %,Cumulative PnL USD,Cumulative PnL %,Duration (bars)
1,Exit long,2020-01-02 09:30,NQ09B BUY NY STOP,8820.25,2,352860,-59,-0.02,9,0,0.00,-54.5,-0.02,-59,-0.02,0
1,Entry long,2020-01-02 09:30,[CC] BUY NY,8821.5,2,352860,-59,-0.02,9,0,0.00,-54.5,-0.02,-59,-0.02,0
2,Exit long,2020-01-03 09:30,NQ09B BUY NY STOP,8771,2,350890,-59,-0.02,9,0,0.00,-54.5,-0.02,-118,-0.05,0
2,Entry long,2020-01-03 09:30,[CC] BUY NY,8772.25,2,350890,-59,-0.02,9,0,0.00,-54.5,-0.02,-118,-0.05,0
3,Exit long,2020-01-05 18:00,NQ09B BUY WEEKLY STOP,8771.25,2,350900,-59,-0.02,9,0,0.00,-54.5,-0.02,-177,-0.07,0
3,Entry long,2020-01-05 18:00,[CC] BUY WEEKLY,8772.5,2,350900,-59,-0.02,9,0,0.00,-54.5,-0.02,-177,-0.07,0
4,Exit long,2020-01-06 09:30,NQ09B BUY NY STOP,8738,2,349570,-59,-0.02,9,0,0.00,-54.5,-0.02,-236,-0.09,0
4,Entry long,2020-01-06 09:30,[CC] BUY NY,8739.25,2,349570,-59,-0.02,9,0,0.00,-54.5,-0.02,-236,-0.09,0
5,Exit long,2020-01-07 09:30,NQ09B BUY NY STOP,8866,2,354690,-59,-0.02,9,285.5,0.08,-54.5,-0.02,-295,-0.12,0
5,Entry long,2020-01-07 09:30,[CC] BUY NY,8867.25,2,354690,-59,-0.02,9,285.5,0.08,-54.5,-0.02,-295,-0.12,0
6,Exit long,2020-01-08 09:30,NQ09B BUY NY STOP,8860.25,2,354460,-59,-0.02,9,0,0.00,-54.5,-0.02,-354,-0.14,0
6,Entry long,2020-01-08 09:30,[CC] BUY NY,8861.5,2,354460,-59,-0.02,9,0,0.00,-54.5,-0.02,-354,-0.14,0
7,Exit long,2020-01-09 09:30,NQ09B BUY NY STOP,9000.75,2,360080,-59,-0.02,9,0,0.00,-54.5,-0.02,-413,-0.17,0
7,Entry long,2020-01-09 09:30,[CC] BUY NY,9002,2,360080,-59,-0.02,9,0,0.00,-54.5,-0.02,-413,-0.17,0
8,Exit long,2020-01-10 09:30,NQ09B BUY NY STOP,9037,2,361530,-59,-0.02,9,135.5,0.04,-54.5,-0.02,-472,-0.19,0
8,Entry long,2020-01-10 09:30,[CC] BUY NY,9038.25,2,361530,-59,-0.02,9,135.5,0.04,-54.5,-0.02,-472,-0.19,0
9,Exit long,2020-01-12 18:00,NQ09B BUY WEEKLY W80,8987.25,2,359170,311,0.09,9,315.5,0.09,-14.5,0.00,-161,-0.06,0
9,Entry long,2020-01-12 18:00,[CC] BUY WEEKLY,8979.25,2,359170,311,0.09,9,315.5,0.09,-14.5,0.00,-161,-0.06,0
10,Exit long,2020-01-13 09:30,NQ09B BUY NY STOP,9016.5,2,360710,-59,-0.02,9,0,0.00,-54.5,-0.02,-220,-0.09,0
10,Entry long,2020-01-13 09:30,[CC] BUY NY,9017.75,2,360710,-59,-0.02,9,0,0.00,-54.5,-0.02,-220,-0.09,0
11,Exit long,2020-01-14 09:30,NQ09B BUY NY STOP,9075.5,2,363070,-59,-0.02,9,375.5,0.10,-54.5,-0.02,-279,-0.11,0
11,Entry long,2020-01-14 09:30,[CC] BUY NY,9076.75,2,363070,-59,-0.02,9,375.5,0.10,-54.5,-0.02,-279,-0.11,0
12,Exit long,2020-01-15 09:30,NQ09B BUY NY STOP,9053,2,362170,-59,-0.02,9,0,0.00,-54.5,-0.02,-338,-0.14,0
12,Entry long,2020-01-15 09:30,[CC] BUY NY,9054.25,2,362170,-59,-0.02,9,0,0.00,-54.5,-0.02,-338,-0.14,0
13,Exit long,2020-01-16 09:30,NQ09B BUY NY STOP,9094.75,2,363840,-59,-0.02,9,0,0.00,-54.5,-0.01,-397,-0.16,0
13,Entry long,2020-01-16 09:30,[CC] BUY NY,9096,2,363840,-59,-0.02,9,0,0.00,-54.5,-0.01,-397,-0.16,0
14,Exit long,2020-01-17 09:30,NQ09B BUY NY STOP,9174.5,2,367030,-59,-0.02,9,165.5,0.05,-54.5,-0.01,-456,-0.18,0
14,Entry long,2020-01-17 09:30,[CC] BUY NY,9175.75,2,367030,-59,-0.02,9,165.5,0.05,-54.5,-0.01,-456,-0.18,0
15,Exit long,2020-01-19 18:00,NQ09B BUY WEEKLY STOP,9173,2,366970,-59,-0.02,9,195.5,0.05,-54.5,-0.01,-515,-0.21,0
15,Entry long,2020-01-19 18:00,[CC] BUY WEEKLY,9174.25,2,366970,-59,-0.02,9,195.5,0.05,-54.5,-0.01,-515,-0.21,0
16,Exit long,2020-01-20 09:30,NQ09B BUY NY STOP,9165.75,2,366680,-59,-0.02,9,0,0.00,-54.5,-0.01,-574,-0.23,0
16,Entry long,2020-01-20 09:30,[CC] BUY NY,9167,2,366680,-59,-0.02,9,0,0.00,-54.5,-0.01,-574,-0.23,0
17,Exit long,2020-01-21 09:30,NQ09B BUY NY STOP,9152.75,2,366160,-59,-0.02,9,0,0.00,-54.5,-0.01,-633,-0.25,0
17,Entry long,2020-01-21 09:30,[CC] BUY NY,9154,2,366160,-59,-0.02,9,0,0.00,-54.5,-0.01,-633,-0.25,0
18,Exit long,2020-01-22 09:30,NQ09B BUY NY STOP,9222.25,2,368940,-59,-0.02,9,105.5,0.03,-54.5,-0.01,-692,-0.28,0
18,Entry long,2020-01-22 09:30,[CC] BUY NY,9223.5,2,368940,-59,-0.02,9,105.5,0.03,-54.5,-0.01,-692,-0.28,0
19,Exit long,2020-01-23 09:30,NQ09B BUY NY STOP,9192,2,367730,-59,-0.02,9,305.5,0.08,-54.5,-0.01,-751,-0.30,0
19,Entry long,2020-01-23 09:30,[CC] BUY NY,9193.25,2,367730,-59,-0.02,9,305.5,0.08,-54.5,-0.01,-751,-0.30,0
20,Exit long,2020-01-24 09:30,NQ09B BUY NY STOP,9272,2,370930,-59,-0.02,9,395.5,0.11,-54.5,-0.01,-810,-0.32,0
20,Entry long,2020-01-24 09:30,[CC] BUY NY,9273.25,2,370930,-59,-0.02,9,395.5,0.11,-54.5,-0.01,-810,-0.32,0
21,Exit long,2020-01-26 18:00,NQ09B BUY WEEKLY STOP,9076,2,363090,-59,-0.02,9,0,0.00,-54.5,-0.02,-869,-0.35,0
21,Entry long,2020-01-26 18:00,[CC] BUY WEEKLY,9077.25,2,363090,-59,-0.02,9,0,0.00,-54.5,-0.02,-869,-0.35,0
22,Exit long,2020-01-27 09:30,NQ09B BUY NY N130 TP2,8960.25,2,357900,501,0.14,9,505.5,0.14,-14.5,0.00,-368,-0.15,0
22,Entry long,2020-01-27 09:30,[CC] BUY NY,8947.5,2,357900,501,0.14,9,505.5,0.14,-14.5,0.00,-368,-0.15,0
23,Exit long,2020-01-27 18:00,NQ09B BUY WEEKDAY 1800 D80,8960.75,1,179055,155.5,0.09,4.5,157.75,0.09,-7.25,0.00,-212.5,-0.08,0
23,Entry long,2020-01-27 18:00,[CC] BUY WEAK,8952.75,1,179055,155.5,0.09,4.5,157.75,0.09,-7.25,0.00,-212.5,-0.08,0
24,Exit long,2020-01-28 09:30,NQ09B BUY NY STOP,9022.75,2,360960,-59,-0.02,9,0,0.00,-54.5,-0.02,-271.5,-0.11,0
24,Entry long,2020-01-28 09:30,[CC] BUY NY,9024,2,360960,-59,-0.02,9,0,0.00,-54.5,-0.02,-271.5,-0.11,0
25,Exit long,2020-01-28 18:00,NQ09B BUY WEEKDAY 1800 STOP,9118.5,2,364790,-59,-0.02,9,245.5,0.07,-54.5,-0.01,-330.5,-0.13,0
25,Entry long,2020-01-28 18:00,[CC] BUY PREMIUM,9119.75,2,364790,-59,-0.02,9,245.5,0.07,-54.5,-0.01,-330.5,-0.13,0
26,Exit long,2020-01-29 09:30,NQ09B BUY NY STOP,9148,2,365970,-59,-0.02,9,145.5,0.04,-54.5,-0.01,-389.5,-0.16,0
26,Entry long,2020-01-29 09:30,[CC] BUY NY,9149.25,2,365970,-59,-0.02,9,145.5,0.04,-54.5,-0.01,-389.5,-0.16,0
27,Exit long,2020-01-29 18:00,NQ09B BUY WEEKDAY 1800 STOP,9110.25,2,364460,-59,-0.02,9,0,0.00,-54.5,-0.01,-448.5,-0.18,0
27,Entry long,2020-01-29 18:00,[CC] BUY PREMIUM,9111.5,2,364460,-59,-0.02,9,0,0.00,-54.5,-0.01,-448.5,-0.18,0
28,Exit long,2020-01-30 09:30,NQ09B BUY NY STOP,9050.75,2,362080,-59,-0.02,9,0,0.00,-54.5,-0.02,-507.5,-0.20,0
28,Entry long,2020-01-30 09:30,[CC] BUY NY,9052,2,362080,-59,-0.02,9,0,0.00,-54.5,-0.02,-507.5,-0.20,0
29,Exit long,2020-01-30 18:00,NQ09B BUY WEEKDAY 1800 STOP,9225.5,2,369070,-59,-0.02,9,65.5,0.02,-54.5,-0.01,-566.5,-0.23,0
29,Entry long,2020-01-30 18:00,[CC] BUY PREMIUM,9226.75,2,369070,-59,-0.02,9,65.5,0.02,-54.5,-0.01,-566.5,-0.23,0
30,Exit long,2020-01-31 09:30,NQ09B BUY NY STOP,9180.5,2,367270,-59,-0.02,9,85.5,0.02,-54.5,-0.01,-625.5,-0.25,0
30,Entry long,2020-01-31 09:30,[CC] BUY NY,9181.75,2,367270,-59,-0.02,9,85.5,0.02,-54.5,-0.01,-625.5,-0.25,0
31,Exit long,2020-02-02 18:00,NQ09B BUY WEEKLY STOP,8981.75,2,359320,-59,-0.02,9,0,0.00,-54.5,-0.02,-684.5,-0.27,0
31,Entry long,2020-02-02 18:00,[CC] BUY WEEKLY,8983,2,359320,-59,-0.02,9,0,0.00,-54.5,-0.02,-684.5,-0.27,0
32,Exit long,2020-02-03 09:30,NQ09B BUY NY STOP,9040.5,2,361670,-59,-0.02,9,0,0.00,-54.5,-0.02,-743.5,-0.30,0
32,Entry long,2020-02-03 09:30,[CC] BUY NY,9041.75,2,361670,-59,-0.02,9,0,0.00,-54.5,-0.02,-743.5,-0.30,0
33,Exit long,2020-02-03 18:00,NQ09B BUY WEEKDAY 1800 STOP,9098,2,363970,-59,-0.02,9,0,0.00,-54.5,-0.01,-802.5,-0.32,0
33,Entry long,2020-02-03 18:00,[CC] BUY PREMIUM,9099.25,2,363970,-59,-0.02,9,0,0.00,-54.5,-0.01,-802.5,-0.32,0
34,Exit long,2020-02-04 09:30,NQ09B BUY NY STOP,9257,2,370330,-59,-0.02,9,455.5,0.12,-54.5,-0.01,-861.5,-0.34,0
34,Entry long,2020-02-04 09:30,[CC] BUY NY,9258.25,2,370330,-59,-0.02,9,455.5,0.12,-54.5,-0.01,-861.5,-0.34,0
35,Exit long,2020-02-04 18:00,NQ09B BUY WEEKDAY 1800 STOP,9356,2,374290,-59,-0.02,9,85.5,0.02,-54.5,-0.01,-920.5,-0.37,0
35,Entry long,2020-02-04 18:00,[CC] BUY PREMIUM,9357.25,2,374290,-59,-0.02,9,85.5,0.02,-54.5,-0.01,-920.5,-0.37,0
36,Exit long,2020-02-05 09:30,NQ09B BUY NY STOP,9456,2,378290,-59,-0.02,9,15.5,0.00,-54.5,-0.01,-979.5,-0.39,0
36,Entry long,2020-02-05 09:30,[CC] BUY NY,9457.25,2,378290,-59,-0.02,9,15.5,0.00,-54.5,-0.01,-979.5,-0.39,0
37,Exit long,2020-02-05 18:00,NQ09B BUY WEEKDAY 1800 STOP,9389,1,187805,-29.5,-0.02,4.5,127.75,0.07,-27.25,-0.01,-1009,-0.40,0
37,Entry long,2020-02-05 18:00,[CC] BUY WEAK,9390.25,1,187805,-29.5,-0.02,4.5,127.75,0.07,-27.25,-0.01,-1009,-0.40,0
38,Exit long,2020-02-06 09:30,NQ09B BUY NY STOP,9395.5,2,375870,-59,-0.02,9,455.5,0.12,-54.5,-0.01,-1068,-0.43,0
38,Entry long,2020-02-06 09:30,[CC] BUY NY,9396.75,2,375870,-59,-0.02,9,455.5,0.12,-54.5,-0.01,-1068,-0.43,0
39,Exit long,2020-02-06 18:00,NQ09B BUY WEEKDAY 1800 STOP,9466,1,189345,-29.5,-0.02,4.5,72.75,0.04,-27.25,-0.01,-1097.5,-0.44,0
39,Entry long,2020-02-06 18:00,[CC] BUY WEAK,9467.25,1,189345,-29.5,-0.02,4.5,72.75,0.04,-27.25,-0.01,-1097.5,-0.44,0
40,Exit long,2020-02-07 09:30,NQ09B BUY NY STOP,9410.25,2,376460,-59,-0.02,9,495.5,0.13,-54.5,-0.01,-1156.5,-0.46,0
40,Entry long,2020-02-07 09:30,[CC] BUY NY,9411.5,2,376460,-59,-0.02,9,495.5,0.13,-54.5,-0.01,-1156.5,-0.46,0
41,Exit long,2020-02-09 18:00,NQ09B BUY WEEKLY STOP,9400.5,2,376070,-59,-0.02,9,0,0.00,-54.5,-0.01,-1215.5,-0.49,0
41,Entry long,2020-02-09 18:00,[CC] BUY WEEKLY,9401.75,2,376070,-59,-0.02,9,0,0.00,-54.5,-0.01,-1215.5,-0.49,0
42,Exit long,2020-02-10 09:30,NQ09B BUY NY STOP,9379.25,2,375220,-59,-0.02,9,0,0.00,-54.5,-0.01,-1274.5,-0.51,0
42,Entry long,2020-02-10 09:30,[CC] BUY NY,9380.5,2,375220,-59,-0.02,9,0,0.00,-54.5,-0.01,-1274.5,-0.51,0
43,Exit long,2020-02-11 09:30,NQ09B BUY NY STOP,9575.75,2,383080,-59,-0.02,9,175.5,0.05,-54.5,-0.01,-1333.5,-0.53,0
43,Entry long,2020-02-11 09:30,[CC] BUY NY,9577,2,383080,-59,-0.02,9,175.5,0.05,-54.5,-0.01,-1333.5,-0.53,0
44,Exit long,2020-02-11 18:00,NQ09B BUY WEEKDAY 1800 STOP,9535.25,1,190730,-29.5,-0.02,4.5,0,0.00,-27.25,-0.01,-1363,-0.55,0
44,Entry long,2020-02-11 18:00,[CC] BUY WEAK,9536.5,1,190730,-29.5,-0.02,4.5,0,0.00,-27.25,-0.01,-1363,-0.55,0
45,Exit long,2020-02-12 09:30,NQ09B BUY NY STOP,9579.5,2,383230,-59,-0.02,9,0,0.00,-54.5,-0.01,-1422,-0.57,0
45,Entry long,2020-02-12 09:30,[CC] BUY NY,9580.75,2,383230,-59,-0.02,9,0,0.00,-54.5,-0.01,-1422,-0.57,0
46,Exit long,2020-02-13 09:30,NQ09B BUY NY STOP,9548.75,2,382000,-59,-0.02,9,0,0.00,-54.5,-0.01,-1481,-0.59,0
46,Entry long,2020-02-13 09:30,[CC] BUY NY,9550,2,382000,-59,-0.02,9,0,0.00,-54.5,-0.01,-1481,-0.59,0
47,Exit long,2020-02-13 18:00,NQ09B BUY WEEKDAY 1800 STOP,9625.25,2,385060,-59,-0.02,9,0,0.00,-54.5,-0.01,-1540,-0.62,0
47,Entry long,2020-02-13 18:00,[CC] BUY PREMIUM,9626.5,2,385060,-59,-0.02,9,0,0.00,-54.5,-0.01,-1540,-0.62,0
48,Exit long,2020-02-14 09:30,NQ09B BUY NY STOP,9617.75,2,384760,-59,-0.02,9,0,0.00,-54.5,-0.01,-1599,-0.64,0
48,Entry long,2020-02-14 09:30,[CC] BUY NY,9619,2,384760,-59,-0.02,9,0,0.00,-54.5,-0.01,-1599,-0.64,0
49,Exit long,2020-02-16 18:00,NQ09B BUY WEEKLY STOP,9634,2,385410,-59,-0.02,9,0,0.00,-54.5,-0.01,-1658,-0.66,0
49,Entry long,2020-02-16 18:00,[CC] BUY WEEKLY,9635.25,2,385410,-59,-0.02,9,0,0.00,-54.5,-0.01,-1658,-0.66,0
50,Exit long,2020-02-17 12:30,NQ09B BUY NY N130 TP2,9669.25,2,386260,501,0.13,9,505.5,0.13,-34.5,-0.01,-1157,-0.46,6
50,Entry long,2020-02-17 09:30,[CC] BUY NY,9656.5,2,386260,501,0.13,9,505.5,0.13,-34.5,-0.01,-1157,-0.46,6
51,Exit long,2020-02-18 09:30,NQ09B BUY NY STOP,9582.75,2,383360,-59,-0.02,9,0,0.00,-54.5,-0.01,-1216,-0.49,0
51,Entry long,2020-02-18 09:30,[CC] BUY NY,9584,2,383360,-59,-0.02,9,0,0.00,-54.5,-0.01,-1216,-0.49,0
52,Exit long,2020-02-18 18:00,NQ09B BUY WEEKDAY 1800 STOP,9642.25,1,192870,-29.5,-0.02,4.5,0,0.00,-27.25,-0.01,-1245.5,-0.50,0
52,Entry long,2020-02-18 18:00,[CC] BUY WEAK,9643.5,1,192870,-29.5,-0.02,4.5,0,0.00,-27.25,-0.01,-1245.5,-0.50,0
53,Exit long,2020-02-19 09:30,NQ09B BUY NY STOP,9689.25,2,387620,-59,-0.02,9,0,0.00,-54.5,-0.01,-1304.5,-0.52,0
53,Entry long,2020-02-19 09:30,[CC] BUY NY,9690.5,2,387620,-59,-0.02,9,0,0.00,-54.5,-0.01,-1304.5,-0.52,0
54,Exit long,2020-02-20 09:30,NQ09B BUY NY STOP,9703.75,2,388200,-59,-0.02,9,0,0.00,-54.5,-0.01,-1363.5,-0.55,0
54,Entry long,2020-02-20 09:30,[CC] BUY NY,9705,2,388200,-59,-0.02,9,0,0.00,-54.5,-0.01,-1363.5,-0.55,0
55,Exit long,2020-02-20 18:00,NQ09B BUY WEEKDAY 1800 STOP,9616.25,2,384700,-59,-0.02,9,245.5,0.06,-54.5,-0.01,-1422.5,-0.57,0
55,Entry long,2020-02-20 18:00,[CC] BUY PREMIUM,9617.5,2,384700,-59,-0.02,9,245.5,0.06,-54.5,-0.01,-1422.5,-0.57,0
56,Exit long,2020-02-21 09:30,NQ09B BUY NY N130 TP2,9603,2,383610,501,0.13,9,505.5,0.13,-14.5,0.00,-921.5,-0.37,0
56,Entry long,2020-02-21 09:30,[CC] BUY NY,9590.25,2,383610,501,0.13,9,505.5,0.13,-14.5,0.00,-921.5,-0.37,0
57,Exit long,2020-02-23 18:00,NQ09B BUY WEEKLY W80,9363.5,2,374220,311,0.08,9,315.5,0.08,-14.5,0.00,-610.5,-0.24,0
57,Entry long,2020-02-23 18:00,[CC] BUY WEEKLY,9355.5,2,374220,311,0.08,9,315.5,0.08,-14.5,0.00,-610.5,-0.24,0
58,Exit long,2020-02-24 09:30,NQ09B BUY NY N130 TP2,9117,2,364170,501,0.14,9,505.5,0.14,-14.5,0.00,-109.5,-0.04,0
58,Entry long,2020-02-24 09:30,[CC] BUY NY,9104.25,2,364170,501,0.14,9,505.5,0.14,-14.5,0.00,-109.5,-0.04,0
59,Exit long,2020-02-24 18:00,NQ09B BUY WEEKDAY 1800 D80,9099.25,2,363650,311,0.09,9,315.5,0.09,-14.5,0.00,201.5,0.08,0
59,Entry long,2020-02-24 18:00,[CC] BUY PREMIUM,9091.25,2,363650,311,0.09,9,315.5,0.09,-14.5,0.00,201.5,0.08,0
60,Exit long,2020-02-25 09:30,NQ09B BUY NY STOP,9158.25,2,366380,-59,-0.02,9,0,0.00,-54.5,-0.01,142.5,0.06,0
60,Entry long,2020-02-25 09:30,[CC] BUY NY,9159.5,2,366380,-59,-0.02,9,0,0.00,-54.5,-0.01,142.5,0.06,0
61,Exit long,2020-02-25 18:00,NQ09B BUY WEEKDAY 1800 STOP,8867.25,2,354740,-59,-0.02,9,0,0.00,-54.5,-0.02,83.5,0.03,0
61,Entry long,2020-02-25 18:00,[CC] BUY PREMIUM,8868.5,2,354740,-59,-0.02,9,0,0.00,-54.5,-0.02,83.5,0.03,0
62,Exit long,2020-02-26 09:30,NQ09B BUY NY STOP,8889.75,2,355640,-59,-0.02,9,0,0.00,-54.5,-0.02,24.5,0.01,0
62,Entry long,2020-02-26 09:30,[CC] BUY NY,8891,2,355640,-59,-0.02,9,0,0.00,-54.5,-0.02,24.5,0.01,0
63,Exit long,2020-02-26 18:00,NQ09B BUY WEEKDAY 1800 STOP,8810.5,2,352470,-59,-0.02,9,0,0.00,-54.5,-0.02,-34.5,-0.01,0
63,Entry long,2020-02-26 18:00,[CC] BUY PREMIUM,8811.75,2,352470,-59,-0.02,9,0,0.00,-54.5,-0.02,-34.5,-0.01,0
64,Exit long,2020-02-27 09:30,NQ09B BUY NY STOP,8657,2,346330,-59,-0.02,9,0,0.00,-54.5,-0.02,-93.5,-0.04,0
64,Entry long,2020-02-27 09:30,[CC] BUY NY,8658.25,2,346330,-59,-0.02,9,0,0.00,-54.5,-0.02,-93.5,-0.04,0
65,Exit long,2020-02-27 18:00,NQ09B BUY WEEKDAY 1800 D80,8355.25,2,333890,311,0.09,9,315.5,0.09,-14.5,0.00,217.5,0.09,0
65,Entry long,2020-02-27 18:00,[CC] BUY PREMIUM,8347.25,2,333890,311,0.09,9,315.5,0.09,-14.5,0.00,217.5,0.09,0
66,Exit long,2020-02-28 09:30,NQ09B BUY NY STOP,8160,2,326450,-59,-0.02,9,0,0.00,-54.5,-0.02,158.5,0.06,0
66,Entry long,2020-02-28 09:30,[CC] BUY NY,8161.25,2,326450,-59,-0.02,9,0,0.00,-54.5,-0.02,158.5,0.06,0
67,Exit long,2020-03-01 18:00,NQ09B BUY WEEKLY STOP,8348.25,2,333980,-59,-0.02,9,55.5,0.02,-54.5,-0.02,99.5,0.04,0
67,Entry long,2020-03-01 18:00,[CC] BUY WEEKLY,8349.5,2,333980,-59,-0.02,9,55.5,0.02,-54.5,-0.02,99.5,0.04,0
68,Exit long,2020-03-02 09:30,NQ09B BUY NY N130 TP2,8577,2,342570,501,0.15,9,505.5,0.15,-14.5,0.00,600.5,0.24,0
68,Entry long,2020-03-02 09:30,[CC] BUY NY,8564.25,2,342570,501,0.15,9,505.5,0.15,-14.5,0.00,600.5,0.24,0
69,Exit long,2020-03-02 18:00,NQ09B BUY WEEKDAY 1800 STOP,8829.5,2,353230,-59,-0.02,9,0,0.00,-54.5,-0.02,541.5,0.22,0
69,Entry long,2020-03-02 18:00,[CC] BUY PREMIUM,8830.75,2,353230,-59,-0.02,9,0,0.00,-54.5,-0.02,541.5,0.22,0
70,Exit long,2020-03-03 09:30,NQ09B BUY NY STOP,8900,2,356050,-59,-0.02,9,105.5,0.03,-54.5,-0.02,482.5,0.19,0
70,Entry long,2020-03-03 09:30,[CC] BUY NY,8901.25,2,356050,-59,-0.02,9,105.5,0.03,-54.5,-0.02,482.5,0.19,0
71,Exit long,2020-03-03 18:00,NQ09B BUY WEEKDAY 1800 D80,8565.75,2,342310,311,0.09,9,315.5,0.09,-14.5,0.00,793.5,0.32,0
71,Entry long,2020-03-03 18:00,[CC] BUY PREMIUM,8557.75,2,342310,311,0.09,9,315.5,0.09,-14.5,0.00,793.5,0.32,0
72,Exit long,2020-03-04 09:30,NQ09B BUY NY STOP,8744.5,2,349830,-59,-0.02,9,0,0.00,-54.5,-0.02,734.5,0.29,0
72,Entry long,2020-03-04 09:30,[CC] BUY NY,8745.75,2,349830,-59,-0.02,9,0,0.00,-54.5,-0.02,734.5,0.29,0
73,Exit long,2020-03-05 09:30,NQ09B BUY NY STOP,8715.25,2,348660,-59,-0.02,9,0,0.00,-54.5,-0.02,675.5,0.27,0
73,Entry long,2020-03-05 09:30,[CC] BUY NY,8716.5,2,348660,-59,-0.02,9,0,0.00,-54.5,-0.02,675.5,0.27,0
74,Exit long,2020-03-05 18:00,NQ09B BUY WEEKDAY 1800 STOP,8676,1,173545,-29.5,-0.02,4.5,92.75,0.05,-27.25,-0.02,646,0.26,0
74,Entry long,2020-03-05 18:00,[CC] BUY WEAK,8677.25,1,173545,-29.5,-0.02,4.5,92.75,0.05,-27.25,-0.02,646,0.26,0
75,Exit long,2020-03-06 09:30,NQ09B BUY NY STOP,8383.5,2,335390,-59,-0.02,9,0,0.00,-54.5,-0.02,587,0.23,0
75,Entry long,2020-03-06 09:30,[CC] BUY NY,8384.75,2,335390,-59,-0.02,9,0,0.00,-54.5,-0.02,587,0.23,0
76,Exit long,2020-03-08 18:00,NQ09B BUY WEEKLY STOP,8368,2,334770,-59,-0.02,9,225.5,0.07,-54.5,-0.02,528,0.21,0
76,Entry long,2020-03-08 18:00,[CC] BUY WEEKLY,8369.25,2,334770,-59,-0.02,9,225.5,0.07,-54.5,-0.02,528,0.21,0
77,Exit long,2020-03-09 09:30,NQ09B BUY NY STOP,7972,2,318930,-59,-0.02,9,5.5,0.00,-54.5,-0.02,469,0.19,0
77,Entry long,2020-03-09 09:30,[CC] BUY NY,7973.25,2,318930,-59,-0.02,9,5.5,0.00,-54.5,-0.02,469,0.19,0
78,Exit long,2020-03-09 18:00,NQ09B BUY WEEKDAY 1800 D80,7902,1,157880,155.5,0.10,4.5,157.75,0.10,-7.25,0.00,624.5,0.25,0
78,Entry long,2020-03-09 18:00,[CC] BUY WEAK,7894,1,157880,155.5,0.10,4.5,157.75,0.10,-7.25,0.00,624.5,0.25,0
79,Exit long,2020-03-10 09:30,NQ09B BUY NY STOP,8236.5,2,329510,-59,-0.02,9,265.5,0.08,-54.5,-0.02,565.5,0.23,0
79,Entry long,2020-03-10 09:30,[CC] BUY NY,8237.75,2,329510,-59,-0.02,9,265.5,0.08,-54.5,-0.02,565.5,0.23,0
80,Exit long,2020-03-10 18:00,NQ09B BUY WEEKDAY 1800 D80,8325.25,1,166345,155.5,0.09,4.5,157.75,0.09,-7.25,0.00,721,0.29,0
80,Entry long,2020-03-10 18:00,[CC] BUY WEAK,8317.25,1,166345,155.5,0.09,4.5,157.75,0.09,-7.25,0.00,721,0.29,0
81,Exit long,2020-03-11 09:30,NQ09B BUY NY STOP,8162.75,2,326560,-59,-0.02,9,0,0.00,-54.5,-0.02,662,0.26,0
81,Entry long,2020-03-11 09:30,[CC] BUY NY,8164,2,326560,-59,-0.02,9,0,0.00,-54.5,-0.02,662,0.26,0
82,Exit long,2020-03-11 18:00,NQ09B BUY WEEKDAY 1800 STOP,7997.75,1,159980,-29.5,-0.02,4.5,0,0.00,-27.25,-0.02,632.5,0.25,0
82,Entry long,2020-03-11 18:00,[CC] BUY WEAK,7999,1,159980,-29.5,-0.02,4.5,0,0.00,-27.25,-0.02,632.5,0.25,0
83,Exit long,2020-03-12 09:30,NQ09B BUY NY N130 TP2,7518.5,2,300230,501,0.17,9,505.5,0.17,-14.5,0.00,1133.5,0.45,0
83,Entry long,2020-03-12 09:30,[CC] BUY NY,7505.75,2,300230,501,0.17,9,505.5,0.17,-14.5,0.00,1133.5,0.45,0
84,Exit long,2020-03-12 18:00,NQ09B BUY WEEKDAY 1800 D80,7108.25,2,284010,311,0.11,9,315.5,0.11,-14.5,-0.01,1444.5,0.58,0
84,Entry long,2020-03-12 18:00,[CC] BUY PREMIUM,7100.25,2,284010,311,0.11,9,315.5,0.11,-14.5,-0.01,1444.5,0.58,0
85,Exit long,2020-03-13 09:30,NQ09B BUY NY N130 TP2,7703,2,307610,501,0.16,9,505.5,0.16,-14.5,0.00,1945.5,0.78,0
85,Entry long,2020-03-13 09:30,[CC] BUY NY,7690.25,2,307610,501,0.16,9,505.5,0.16,-14.5,0.00,1945.5,0.78,0
86,Exit long,2020-03-15 18:00,NQ09B BUY WEEKLY STOP,7902,2,316130,-59,-0.02,9,75.5,0.02,-54.5,-0.02,1886.5,0.75,0
86,Entry long,2020-03-15 18:00,[CC] BUY WEEKLY,7903.25,2,316130,-59,-0.02,9,75.5,0.02,-54.5,-0.02,1886.5,0.75,0
87,Exit long,2020-03-16 09:30,NQ09B BUY NY STOP,7228.75,2,295860,-6719,-2.27,9,0,0.00,-6714.5,-2.27,-4832.5,-1.93,0
87,Entry long,2020-03-16 09:30,[CC] BUY NY,7396.5,2,295860,-6719,-2.27,9,0,0.00,-6714.5,-2.27,-4832.5,-1.93,0
88,Exit long,2020-03-16 18:00,NQ09B BUY WEEKDAY 1800 STOP,7035.25,2,281460,-59,-0.02,9,0,0.00,-54.5,-0.02,-4891.5,-1.96,0
88,Entry long,2020-03-16 18:00,[CC] BUY PREMIUM,7036.5,2,281460,-59,-0.02,9,0,0.00,-54.5,-0.02,-4891.5,-1.96,0
89,Exit long,2020-03-17 09:30,NQ09B BUY NY STOP,7166.25,2,286700,-59,-0.02,9,0,0.00,-54.5,-0.02,-4950.5,-1.98,0
89,Entry long,2020-03-17 09:30,[CC] BUY NY,7167.5,2,286700,-59,-0.02,9,0,0.00,-54.5,-0.02,-4950.5,-1.98,0
90,Exit long,2020-03-17 18:00,NQ09B BUY WEEKDAY 1800 STOP,7342.25,2,293740,-59,-0.02,9,0,0.00,-54.5,-0.02,-5009.5,-2.00,0
90,Entry long,2020-03-17 18:00,[CC] BUY PREMIUM,7343.5,2,293740,-59,-0.02,9,0,0.00,-54.5,-0.02,-5009.5,-2.00,0
91,Exit long,2020-03-18 09:30,NQ09B BUY NY STOP,6973,2,278970,-59,-0.02,9,0,0.00,-54.5,-0.02,-5068.5,-2.03,0
91,Entry long,2020-03-18 09:30,[CC] BUY NY,6974.25,2,278970,-59,-0.02,9,0,0.00,-54.5,-0.02,-5068.5,-2.03,0
92,Exit long,2020-03-18 18:00,NQ09B BUY WEEKDAY 1800 STOP,7233.25,1,144690,-29.5,-0.02,4.5,102.75,0.07,-27.25,-0.02,-5098,-2.04,0
92,Entry long,2020-03-18 18:00,[CC] BUY WEAK,7234.5,1,144690,-29.5,-0.02,4.5,102.75,0.07,-27.25,-0.02,-5098,-2.04,0
93,Exit long,2020-03-19 09:30,NQ09B BUY NY N130 TP2,7190.25,2,287100,501,0.17,9,505.5,0.18,-14.5,-0.01,-4597,-1.84,0
93,Entry long,2020-03-19 09:30,[CC] BUY NY,7177.5,2,287100,501,0.17,9,505.5,0.18,-14.5,-0.01,-4597,-1.84,0
94,Exit long,2020-03-19 18:00,NQ09B BUY WEEKDAY 1800 D80,7185.25,2,287090,311,0.11,9,315.5,0.11,-14.5,-0.01,-4286,-1.71,0
94,Entry long,2020-03-19 18:00,[CC] BUY PREMIUM,7177.25,2,287090,311,0.11,9,315.5,0.11,-14.5,-0.01,-4286,-1.71,0
95,Exit long,2020-03-20 09:30,NQ09B BUY NY STOP,7428,2,297170,-59,-0.02,9,475.5,0.16,-54.5,-0.02,-4345,-1.74,0
95,Entry long,2020-03-20 09:30,[CC] BUY NY,7429.25,2,297170,-59,-0.02,9,475.5,0.16,-54.5,-0.02,-4345,-1.74,0
96,Exit long,2020-03-22 18:00,NQ09B BUY WEEKLY STOP,6797,2,271930,-59,-0.02,9,0,0.00,-54.5,-0.02,-4404,-1.76,0
96,Entry long,2020-03-22 18:00,[CC] BUY WEEKLY,6798.25,2,271930,-59,-0.02,9,0,0.00,-54.5,-0.02,-4404,-1.76,0
97,Exit long,2020-03-23 09:30,NQ09B BUY NY STOP,6998.75,2,280000,-59,-0.02,9,435.5,0.16,-54.5,-0.02,-4463,-1.79,0
97,Entry long,2020-03-23 09:30,[CC] BUY NY,7000,2,280000,-59,-0.02,9,435.5,0.16,-54.5,-0.02,-4463,-1.79,0
98,Exit long,2020-03-23 18:00,NQ09B BUY WEEKDAY 1800 D80,7014,1,140120,155.5,0.11,4.5,157.75,0.11,-7.25,-0.01,-4307.5,-1.72,0
98,Entry long,2020-03-23 18:00,[CC] BUY WEAK,7006,1,140120,155.5,0.11,4.5,157.75,0.11,-7.25,-0.01,-4307.5,-1.72,0
99,Exit long,2020-03-24 09:30,NQ09B BUY NY N130 TP2,7392.25,2,295180,501,0.17,9,505.5,0.17,-14.5,0.00,-3806.5,-1.52,0
99,Entry long,2020-03-24 09:30,[CC] BUY NY,7379.5,2,295180,501,0.17,9,505.5,0.17,-14.5,0.00,-3806.5,-1.52,0
100,Exit long,2020-03-24 18:00,NQ09B BUY WEEKDAY 1800 D80,7553,1,150900,155.5,0.10,4.5,157.75,0.10,-7.25,0.00,-3651,-1.46,0
100,Entry long,2020-03-24 18:00,[CC] BUY WEAK,7545,1,150900,155.5,0.10,4.5,157.75,0.10,-7.25,0.00,-3651,-1.46,0
101,Exit long,2020-03-25 09:30,NQ09B BUY NY N130 TP2,7568.25,2,302220,501,0.17,9,505.5,0.17,-14.5,0.00,-3150,-1.26,0
101,Entry long,2020-03-25 09:30,[CC] BUY NY,7555.5,2,302220,501,0.17,9,505.5,0.17,-14.5,0.00,-3150,-1.26,0
102,Exit long,2020-03-25 18:00,NQ09B BUY WEEKDAY 1800 STOP,7482.5,1,149675,-29.5,-0.02,4.5,0,0.00,-27.25,-0.02,-3179.5,-1.27,0
102,Entry long,2020-03-25 18:00,[CC] BUY WEAK,7483.75,1,149675,-29.5,-0.02,4.5,0,0.00,-27.25,-0.02,-3179.5,-1.27,0
103,Exit long,2020-03-26 09:30,NQ09B BUY NY STOP,7526.25,2,301100,-59,-0.02,9,0,0.00,-54.5,-0.02,-3238.5,-1.30,0
103,Entry long,2020-03-26 09:30,[CC] BUY NY,7527.5,2,301100,-59,-0.02,9,0,0.00,-54.5,-0.02,-3238.5,-1.30,0
104,Exit long,2020-03-27 09:30,NQ09B BUY NY STOP,7653.75,2,306200,-59,-0.02,9,0,0.00,-54.5,-0.02,-3297.5,-1.32,0
104,Entry long,2020-03-27 09:30,[CC] BUY NY,7655,2,306200,-59,-0.02,9,0,0.00,-54.5,-0.02,-3297.5,-1.32,0
105,Exit long,2020-03-29 18:00,NQ09B BUY WEEKLY STOP,7394.75,2,295840,-59,-0.02,9,0,0.00,-54.5,-0.02,-3356.5,-1.34,0
105,Entry long,2020-03-29 18:00,[CC] BUY WEEKLY,7396,2,295840,-59,-0.02,9,0,0.00,-54.5,-0.02,-3356.5,-1.34,0
106,Exit long,2020-03-30 09:30,NQ09B BUY NY STOP,7660.5,2,306470,-59,-0.02,9,0,0.00,-54.5,-0.02,-3415.5,-1.37,0
106,Entry long,2020-03-30 09:30,[CC] BUY NY,7661.75,2,306470,-59,-0.02,9,0,0.00,-54.5,-0.02,-3415.5,-1.37,0
107,Exit long,2020-03-31 09:30,NQ09B BUY NY STOP,7843.75,2,313800,-59,-0.02,9,395.5,0.13,-54.5,-0.02,-3474.5,-1.39,0
107,Entry long,2020-03-31 09:30,[CC] BUY NY,7845,2,313800,-59,-0.02,9,395.5,0.13,-54.5,-0.02,-3474.5,-1.39,0
108,Exit long,2020-03-31 18:00,NQ09B BUY WEEKDAY 1800 STOP,7771.5,1,155455,-29.5,-0.02,4.5,12.75,0.01,-27.25,-0.02,-3504,-1.40,0
108,Entry long,2020-03-31 18:00,[CC] BUY WEAK,7772.75,1,155455,-29.5,-0.02,4.5,12.75,0.01,-27.25,-0.02,-3504,-1.40,0
109,Exit long,2020-04-01 09:30,NQ09B BUY NY STOP,7562.5,2,302550,-59,-0.02,9,0,0.00,-54.5,-0.02,-3563,-1.43,0
109,Entry long,2020-04-01 09:30,[CC] BUY NY,7563.75,2,302550,-59,-0.02,9,0,0.00,-54.5,-0.02,-3563,-1.43,0
110,Exit long,2020-04-01 18:00,NQ09B BUY WEEKDAY 1800 STOP,7472.5,1,149475,-29.5,-0.02,4.5,0,0.00,-27.25,-0.02,-3592.5,-1.44,0
110,Entry long,2020-04-01 18:00,[CC] BUY WEAK,7473.75,1,149475,-29.5,-0.02,4.5,0,0.00,-27.25,-0.02,-3592.5,-1.44,0
111,Exit long,2020-04-02 09:30,NQ09B BUY NY STOP,7431.75,2,297320,-59,-0.02,9,0,0.00,-54.5,-0.02,-3651.5,-1.46,0
111,Entry long,2020-04-02 09:30,[CC] BUY NY,7433,2,297320,-59,-0.02,9,0,0.00,-54.5,-0.02,-3651.5,-1.46,0
112,Exit long,2020-04-03 09:30,NQ09B BUY NY STOP,7591.75,2,303720,-59,-0.02,9,0,0.00,-54.5,-0.02,-3710.5,-1.48,0
112,Entry long,2020-04-03 09:30,[CC] BUY NY,7593,2,303720,-59,-0.02,9,0,0.00,-54.5,-0.02,-3710.5,-1.48,0
113,Exit long,2020-04-05 18:00,NQ09B BUY WEEKLY W80,7544,2,301440,311,0.10,9,315.5,0.10,-24.5,-0.01,-3399.5,-1.36,0
113,Entry long,2020-04-05 18:00,[CC] BUY WEEKLY,7536,2,301440,311,0.10,9,315.5,0.10,-24.5,-0.01,-3399.5,-1.36,0
114,Exit long,2020-04-06 09:30,NQ09B BUY NY N130 TP2,7811,2,311930,501,0.16,9,505.5,0.16,-14.5,0.00,-2898.5,-1.16,0
114,Entry long,2020-04-06 09:30,[CC] BUY NY,7798.25,2,311930,501,0.16,9,505.5,0.16,-14.5,0.00,-2898.5,-1.16,0
115,Exit long,2020-04-07 09:30,NQ09B BUY NY N130 TP2,8295.5,2,331310,501,0.15,9,505.5,0.15,-14.5,0.00,-2397.5,-0.96,0
115,Entry long,2020-04-07 09:30,[CC] BUY NY,8282.75,2,331310,501,0.15,9,505.5,0.15,-14.5,0.00,-2397.5,-0.96,0
116,Exit long,2020-04-08 09:30,NQ09B BUY NY STOP,8114.75,2,324640,-59,-0.02,9,0,0.00,-54.5,-0.02,-2456.5,-0.98,0
116,Entry long,2020-04-08 09:30,[CC] BUY NY,8116,2,324640,-59,-0.02,9,0,0.00,-54.5,-0.02,-2456.5,-0.98,0
117,Exit long,2020-04-09 09:30,NQ09B BUY NY STOP,8283.5,2,331390,-59,-0.02,9,335.5,0.10,-54.5,-0.02,-2515.5,-1.01,0
117,Entry long,2020-04-09 09:30,[CC] BUY NY,8284.75,2,331390,-59,-0.02,9,335.5,0.10,-54.5,-0.02,-2515.5,-1.01,0
118,Exit long,2020-04-13 09:30,NQ09B BUY NY STOP,8188,2,327570,-59,-0.02,9,0,0.00,-54.5,-0.02,-2574.5,-1.03,0
118,Entry long,2020-04-13 09:30,[CC] BUY NY,8189.25,2,327570,-59,-0.02,9,0,0.00,-54.5,-0.02,-2574.5,-1.03,0
119,Exit long,2020-04-14 09:30,NQ09B BUY NY N130 TP2,8500.25,2,339500,501,0.15,9,505.5,0.15,-14.5,0.00,-2073.5,-0.83,0
119,Entry long,2020-04-14 09:30,[CC] BUY NY,8487.5,2,339500,501,0.15,9,505.5,0.15,-14.5,0.00,-2073.5,-0.83,0
120,Exit long,2020-04-15 09:30,NQ09B BUY NY N130 TP2,8556.25,2,341740,501,0.15,9,505.5,0.15,-14.5,0.00,-1572.5,-0.63,0
120,Entry long,2020-04-15 09:30,[CC] BUY NY,8543.5,2,341740,501,0.15,9,505.5,0.15,-14.5,0.00,-1572.5,-0.63,0
121,Exit long,2020-04-15 18:00,NQ09B BUY WEEKDAY 1800 STOP,8575,1,171525,-29.5,-0.02,4.5,0,0.00,-27.25,-0.02,-1602,-0.64,0
121,Entry long,2020-04-15 18:00,[CC] BUY WEAK,8576.25,1,171525,-29.5,-0.02,4.5,0,0.00,-27.25,-0.02,-1602,-0.64,0
122,Exit long,2020-04-16 09:30,NQ09B BUY NY STOP,8677.25,2,347140,-59,-0.02,9,0,0.00,-54.5,-0.02,-1661,-0.66,0
122,Entry long,2020-04-16 09:30,[CC] BUY NY,8678.5,2,347140,-59,-0.02,9,0,0.00,-54.5,-0.02,-1661,-0.66,0
123,Exit long,2020-04-16 18:00,NQ09B BUY WEEKDAY 1800 D80,8918,1,178200,155.5,0.09,4.5,157.75,0.09,-7.25,0.00,-1505.5,-0.60,0
123,Entry long,2020-04-16 18:00,[CC] BUY WEAK,8910,1,178200,155.5,0.09,4.5,157.75,0.09,-7.25,0.00,-1505.5,-0.60,0
124,Exit long,2020-04-17 09:30,NQ09B BUY NY N130 TP2,8862,2,353970,501,0.14,9,505.5,0.14,-14.5,0.00,-1004.5,-0.40,0
124,Entry long,2020-04-17 09:30,[CC] BUY NY,8849.25,2,353970,501,0.14,9,505.5,0.14,-14.5,0.00,-1004.5,-0.40,0
125,Exit long,2020-04-19 18:00,NQ09B BUY WEEKLY STOP,8798.5,2,351990,-59,-0.02,9,0,0.00,-54.5,-0.02,-1063.5,-0.43,0
125,Entry long,2020-04-19 18:00,[CC] BUY WEEKLY,8799.75,2,351990,-59,-0.02,9,0,0.00,-54.5,-0.02,-1063.5,-0.43,0
126,Exit long,2020-04-20 09:30,NQ09B BUY NY STOP,8736,2,349490,-59,-0.02,9,0,0.00,-54.5,-0.02,-1122.5,-0.45,0
126,Entry long,2020-04-20 09:30,[CC] BUY NY,8737.25,2,349490,-59,-0.02,9,0,0.00,-54.5,-0.02,-1122.5,-0.45,0
127,Exit long,2020-04-20 18:00,NQ09B BUY WEEKDAY 1800 D80,8703.25,1,173905,155.5,0.09,4.5,157.75,0.09,-7.25,0.00,-967,-0.39,0
127,Entry long,2020-04-20 18:00,[CC] BUY WEAK,8695.25,1,173905,155.5,0.09,4.5,157.75,0.09,-7.25,0.00,-967,-0.39,0
128,Exit long,2020-04-21 09:30,NQ09B BUY NY N130 TP2,8643.5,2,345230,501,0.15,9,505.5,0.15,-14.5,0.00,-466,-0.19,0
128,Entry long,2020-04-21 09:30,[CC] BUY NY,8630.75,2,345230,501,0.15,9,505.5,0.15,-14.5,0.00,-466,-0.19,0
129,Exit long,2020-04-21 18:00,NQ09B BUY WEEKDAY 1800 STOP,8446,2,337890,-59,-0.02,9,0,0.00,-54.5,-0.02,-525,-0.21,0
129,Entry long,2020-04-21 18:00,[CC] BUY PREMIUM,8447.25,2,337890,-59,-0.02,9,0,0.00,-54.5,-0.02,-525,-0.21,0
130,Exit long,2020-04-22 09:30,NQ09B BUY NY STOP,8567.25,2,342740,-59,-0.02,9,305.5,0.09,-54.5,-0.02,-584,-0.23,0
130,Entry long,2020-04-22 09:30,[CC] BUY NY,8568.5,2,342740,-59,-0.02,9,305.5,0.09,-54.5,-0.02,-584,-0.23,0
131,Exit long,2020-04-23 09:30,NQ09B BUY NY STOP,8675.75,2,347080,-59,-0.02,9,0,0.00,-54.5,-0.02,-643,-0.26,0
131,Entry long,2020-04-23 09:30,[CC] BUY NY,8677,2,347080,-59,-0.02,9,0,0.00,-54.5,-0.02,-643,-0.26,0
132,Exit long,2020-04-23 18:00,NQ09B BUY WEEKDAY 1800 STOP,8587.25,1,171770,-29.5,-0.02,4.5,72.75,0.04,-27.25,-0.02,-672.5,-0.27,0
132,Entry long,2020-04-23 18:00,[CC] BUY WEAK,8588.5,1,171770,-29.5,-0.02,4.5,72.75,0.04,-27.25,-0.02,-672.5,-0.27,0
133,Exit long,2020-04-24 09:30,NQ09B BUY NY STOP,8643.5,2,345790,-59,-0.02,9,0,0.00,-54.5,-0.02,-731.5,-0.29,0
133,Entry long,2020-04-24 09:30,[CC] BUY NY,8644.75,2,345790,-59,-0.02,9,0,0.00,-54.5,-0.02,-731.5,-0.29,0
134,Exit long,2020-04-26 18:00,NQ09B BUY WEEKLY W80,8774.25,2,350650,311,0.09,9,315.5,0.09,-14.5,0.00,-420.5,-0.17,0
134,Entry long,2020-04-26 18:00,[CC] BUY WEEKLY,8766.25,2,350650,311,0.09,9,315.5,0.09,-14.5,0.00,-420.5,-0.17,0
135,Exit long,2020-04-27 09:30,NQ09B BUY NY STOP,8857,2,354330,-59,-0.02,9,65.5,0.02,-54.5,-0.02,-479.5,-0.19,0
135,Entry long,2020-04-27 09:30,[CC] BUY NY,8858.25,2,354330,-59,-0.02,9,65.5,0.02,-54.5,-0.02,-479.5,-0.19,0
136,Exit long,2020-04-28 09:30,NQ09B BUY NY STOP,8902.25,2,356140,-59,-0.02,9,65.5,0.02,-54.5,-0.02,-538.5,-0.22,0
136,Entry long,2020-04-28 09:30,[CC] BUY NY,8903.5,2,356140,-59,-0.02,9,65.5,0.02,-54.5,-0.02,-538.5,-0.22,0
137,Exit long,2020-04-28 18:00,NQ09B BUY WEEKDAY 1800 D80,8767.5,1,175190,155.5,0.09,4.5,157.75,0.09,-7.25,0.00,-383,-0.15,0
137,Entry long,2020-04-28 18:00,[CC] BUY WEAK,8759.5,1,175190,155.5,0.09,4.5,157.75,0.09,-7.25,0.00,-383,-0.15,0
138,Exit long,2020-04-29 09:30,NQ09B BUY NY STOP,8859,2,354410,-59,-0.02,9,145.5,0.04,-54.5,-0.02,-442,-0.18,0
138,Entry long,2020-04-29 09:30,[CC] BUY NY,8860.25,2,354410,-59,-0.02,9,145.5,0.04,-54.5,-0.02,-442,-0.18,0
139,Exit long,2020-04-29 18:00,NQ09B BUY WEEKDAY 1800 STOP,9108.5,2,364390,-59,-0.02,9,0,0.00,-54.5,-0.01,-501,-0.20,0
139,Entry long,2020-04-29 18:00,[CC] BUY PREMIUM,9109.75,2,364390,-59,-0.02,9,0,0.00,-54.5,-0.01,-501,-0.20,0
140,Exit long,2020-04-30 09:30,NQ09B BUY NY STOP,9014.75,2,360640,-59,-0.02,9,55.5,0.02,-54.5,-0.02,-560,-0.22,0
140,Entry long,2020-04-30 09:30,[CC] BUY NY,9016,2,360640,-59,-0.02,9,55.5,0.02,-54.5,-0.02,-560,-0.22,0
141,Exit long,2020-04-30 18:00,NQ09B BUY WEEKDAY 1800 STOP,8846,2,353890,-59,-0.02,9,165.5,0.05,-54.5,-0.02,-619,-0.25,0
141,Entry long,2020-04-30 18:00,[CC] BUY PREMIUM,8847.25,2,353890,-59,-0.02,9,165.5,0.05,-54.5,-0.02,-619,-0.25,0
142,Exit long,2020-05-01 09:30,NQ09B BUY NY STOP,8790,2,351650,-59,-0.02,9,0,0.00,-54.5,-0.02,-678,-0.27,0
142,Entry long,2020-05-01 09:30,[CC] BUY NY,8791.25,2,351650,-59,-0.02,9,0,0.00,-54.5,-0.02,-678,-0.27,0
143,Exit long,2020-05-03 18:00,NQ09B BUY WEEKLY STOP,8623,2,344970,-59,-0.02,9,285.5,0.08,-54.5,-0.02,-737,-0.29,0
143,Entry long,2020-05-03 18:00,[CC] BUY WEEKLY,8624.25,2,344970,-59,-0.02,9,285.5,0.08,-54.5,-0.02,-737,-0.29,0
144,Exit long,2020-05-04 09:30,NQ09B BUY NY N130 TP2,8684,2,346850,501,0.14,9,505.5,0.15,-14.5,0.00,-236,-0.09,0
144,Entry long,2020-05-04 09:30,[CC] BUY NY,8671.25,2,346850,501,0.14,9,505.5,0.15,-14.5,0.00,-236,-0.09,0
145,Exit long,2020-05-05 09:30,NQ09B BUY NY STOP,8906.25,2,356300,-59,-0.02,9,0,0.00,-54.5,-0.02,-295,-0.12,0
145,Entry long,2020-05-05 09:30,[CC] BUY NY,8907.5,2,356300,-59,-0.02,9,0,0.00,-54.5,-0.02,-295,-0.12,0
146,Exit long,2020-05-05 18:00,NQ09B BUY WEEKDAY 1800 STOP,8927.5,1,178575,-29.5,-0.02,4.5,0,0.00,-27.25,-0.02,-324.5,-0.13,0
146,Entry long,2020-05-05 18:00,[CC] BUY WEAK,8928.75,1,178575,-29.5,-0.02,4.5,0,0.00,-27.25,-0.02,-324.5,-0.13,0
147,Exit long,2020-05-06 09:30,NQ09B BUY NY STOP,8986.5,2,359510,-59,-0.02,9,0,0.00,-54.5,-0.02,-383.5,-0.15,0
147,Entry long,2020-05-06 09:30,[CC] BUY NY,8987.75,2,359510,-59,-0.02,9,0,0.00,-54.5,-0.02,-383.5,-0.15,0
148,Exit long,2020-05-07 09:30,NQ09B BUY NY STOP,9085.5,2,363470,-59,-0.02,9,0,0.00,-54.5,-0.01,-442.5,-0.18,0
148,Entry long,2020-05-07 09:30,[CC] BUY NY,9086.75,2,363470,-59,-0.02,9,0,0.00,-54.5,-0.01,-442.5,-0.18,0
149,Exit long,2020-05-08 09:30,NQ09B BUY NY STOP,9157.5,2,366350,-59,-0.02,9,355.5,0.10,-54.5,-0.01,-501.5,-0.20,0
149,Entry long,2020-05-08 09:30,[CC] BUY NY,9158.75,2,366350,-59,-0.02,9,355.5,0.10,-54.5,-0.01,-501.5,-0.20,0
150,Exit long,2020-05-10 18:00,NQ09B BUY WEEKLY STOP,9193.75,2,367800,-59,-0.02,9,275.5,0.07,-54.5,-0.01,-560.5,-0.22,0
150,Entry long,2020-05-10 18:00,[CC] BUY WEEKLY,9195,2,367800,-59,-0.02,9,275.5,0.07,-54.5,-0.01,-560.5,-0.22,0
151,Exit long,2020-05-11 09:30,NQ09B BUY NY STOP,9156.25,2,366300,-59,-0.02,9,0,0.00,-54.5,-0.01,-619.5,-0.25,0
151,Entry long,2020-05-11 09:30,[CC] BUY NY,9157.5,2,366300,-59,-0.02,9,0,0.00,-54.5,-0.01,-619.5,-0.25,0
152,Exit long,2020-05-12 09:30,NQ09B BUY NY STOP,9319,2,372810,-59,-0.02,9,0,0.00,-54.5,-0.01,-678.5,-0.27,0
152,Entry long,2020-05-12 09:30,[CC] BUY NY,9320.25,2,372810,-59,-0.02,9,0,0.00,-54.5,-0.01,-678.5,-0.27,0
153,Exit long,2020-05-12 18:00,NQ09B BUY WEEKDAY 1800 STOP,9044.75,2,361840,-59,-0.02,9,305.5,0.08,-54.5,-0.02,-737.5,-0.29,0
153,Entry long,2020-05-12 18:00,[CC] BUY PREMIUM,9046,2,361840,-59,-0.02,9,305.5,0.08,-54.5,-0.02,-737.5,-0.29,0
154,Exit long,2020-05-13 09:30,NQ09B BUY NY N130 TP2,9135,2,364890,501,0.14,9,505.5,0.14,-14.5,0.00,-236.5,-0.09,0
154,Entry long,2020-05-13 09:30,[CC] BUY NY,9122.25,2,364890,501,0.14,9,505.5,0.14,-14.5,0.00,-236.5,-0.09,0
155,Exit long,2020-05-13 18:00,NQ09B BUY WEEKDAY 1800 D80,9021,1,180260,155.5,0.09,4.5,157.75,0.09,-7.25,0.00,-81,-0.03,0
155,Entry long,2020-05-13 18:00,[CC] BUY WEAK,9013,1,180260,155.5,0.09,4.5,157.75,0.09,-7.25,0.00,-81,-0.03,0
156,Exit long,2020-05-14 09:30,NQ09B BUY NY STOP,8933.25,2,357380,-59,-0.02,9,0,0.00,-54.5,-0.02,-140,-0.06,0
156,Entry long,2020-05-14 09:30,[CC] BUY NY,8934.5,2,357380,-59,-0.02,9,0,0.00,-54.5,-0.02,-140,-0.06,0
157,Exit long,2020-05-14 18:00,NQ09B BUY WEEKDAY 1800 STOP,9084.5,1,181715,-29.5,-0.02,4.5,117.75,0.06,-27.25,-0.01,-169.5,-0.07,0
157,Entry long,2020-05-14 18:00,[CC] BUY WEAK,9085.75,1,181715,-29.5,-0.02,4.5,117.75,0.06,-27.25,-0.01,-169.5,-0.07,0
158,Exit long,2020-05-15 09:30,NQ09B BUY NY STOP,8961,2,358490,-59,-0.02,9,0,0.00,-54.5,-0.02,-228.5,-0.09,0
158,Entry long,2020-05-15 09:30,[CC] BUY NY,8962.25,2,358490,-59,-0.02,9,0,0.00,-54.5,-0.02,-228.5,-0.09,0
159,Exit long,2020-05-17 18:00,NQ09B BUY WEEKLY W80,9143.25,2,365410,311,0.09,9,315.5,0.09,-14.5,0.00,82.5,0.03,0
159,Entry long,2020-05-17 18:00,[CC] BUY WEEKLY,9135.25,2,365410,311,0.09,9,315.5,0.09,-14.5,0.00,82.5,0.03,0
160,Exit long,2020-05-18 09:30,NQ09B BUY NY STOP,9267.75,2,370760,-59,-0.02,9,285.5,0.08,-54.5,-0.01,23.5,0.01,0
160,Entry long,2020-05-18 09:30,[CC] BUY NY,9269,2,370760,-59,-0.02,9,285.5,0.08,-54.5,-0.01,23.5,0.01,0
161,Exit long,2020-05-19 09:30,NQ09B BUY NY STOP,9325.75,2,373080,-59,-0.02,9,0,0.00,-54.5,-0.01,-35.5,-0.01,0
161,Entry long,2020-05-19 09:30,[CC] BUY NY,9327,2,373080,-59,-0.02,9,0,0.00,-54.5,-0.01,-35.5,-0.01,0
162,Exit long,2020-05-20 09:30,NQ09B BUY NY N130 TP2,9415,2,376090,501,0.13,9,505.5,0.13,-14.5,0.00,465.5,0.19,0
162,Entry long,2020-05-20 09:30,[CC] BUY NY,9402.25,2,376090,501,0.13,9,505.5,0.13,-14.5,0.00,465.5,0.19,0
163,Exit long,2020-05-21 09:30,NQ09B BUY NY STOP,9482.5,2,379350,-59,-0.02,9,245.5,0.06,-54.5,-0.01,406.5,0.16,0
163,Entry long,2020-05-21 09:30,[CC] BUY NY,9483.75,2,379350,-59,-0.02,9,245.5,0.06,-54.5,-0.01,406.5,0.16,0
164,Exit long,2020-05-22 09:30,NQ09B BUY NY STOP,9357.25,2,374340,-59,-0.02,9,395.5,0.11,-54.5,-0.01,347.5,0.14,0
164,Entry long,2020-05-22 09:30,[CC] BUY NY,9358.5,2,374340,-59,-0.02,9,395.5,0.11,-54.5,-0.01,347.5,0.14,0
165,Exit long,2020-05-24 18:00,NQ09B BUY WEEKLY STOP,9395.25,2,375860,-59,-0.02,9,0,0.00,-54.5,-0.01,288.5,0.12,0
165,Entry long,2020-05-24 18:00,[CC] BUY WEEKLY,9396.5,2,375860,-59,-0.02,9,0,0.00,-54.5,-0.01,288.5,0.12,0
166,Exit long,2020-05-25 09:30,NQ09B BUY NY STOP,9517,2,380730,-59,-0.02,9,45.5,0.01,-54.5,-0.01,229.5,0.09,0
166,Entry long,2020-05-25 09:30,[CC] BUY NY,9518.25,2,380730,-59,-0.02,9,45.5,0.01,-54.5,-0.01,229.5,0.09,0
167,Exit long,2020-05-26 09:30,NQ09B BUY NY STOP,9557.75,2,382360,-59,-0.02,9,425.5,0.11,-54.5,-0.01,170.5,0.07,0
167,Entry long,2020-05-26 09:30,[CC] BUY NY,9559,2,382360,-59,-0.02,9,425.5,0.11,-54.5,-0.01,170.5,0.07,0
168,Exit long,2020-05-27 09:30,NQ09B BUY NY STOP,9360.25,2,374460,-59,-0.02,9,0,0.00,-54.5,-0.01,111.5,0.04,0
168,Entry long,2020-05-27 09:30,[CC] BUY NY,9361.5,2,374460,-59,-0.02,9,0,0.00,-54.5,-0.01,111.5,0.04,0
169,Exit long,2020-05-28 09:30,NQ09B BUY NY STOP,9382,2,375330,-59,-0.02,9,0,0.00,-54.5,-0.01,52.5,0.02,0
169,Entry long,2020-05-28 09:30,[CC] BUY NY,9383.25,2,375330,-59,-0.02,9,0,0.00,-54.5,-0.01,52.5,0.02,0
170,Exit long,2020-05-28 18:00,NQ09B BUY WEEKDAY 1800 STOP,9452.5,1,189075,-29.5,-0.02,4.5,107.75,0.06,-27.25,-0.01,23,0.01,0
170,Entry long,2020-05-28 18:00,[CC] BUY WEAK,9453.75,1,189075,-29.5,-0.02,4.5,107.75,0.06,-27.25,-0.01,23,0.01,0
171,Exit long,2020-05-29 09:30,NQ09B BUY NY STOP,9440.5,2,377670,-59,-0.02,9,0,0.00,-54.5,-0.01,-36,-0.01,0
171,Entry long,2020-05-29 09:30,[CC] BUY NY,9441.75,2,377670,-59,-0.02,9,0,0.00,-54.5,-0.01,-36,-0.01,0
172,Exit long,2020-05-31 18:00,NQ09B BUY WEEKLY W80,9521.25,2,380530,311,0.08,9,315.5,0.08,-14.5,0.00,275,0.11,0
172,Entry long,2020-05-31 18:00,[CC] BUY WEEKLY,9513.25,2,380530,311,0.08,9,315.5,0.08,-14.5,0.00,275,0.11,0
173,Exit long,2020-06-01 09:30,NQ09B BUY NY STOP,9519.25,2,380820,-59,-0.02,9,0,0.00,-54.5,-0.01,216,0.09,0
173,Entry long,2020-06-01 09:30,[CC] BUY NY,9520.5,2,380820,-59,-0.02,9,0,0.00,-54.5,-0.01,216,0.09,0
174,Exit long,2020-06-02 09:30,NQ09B BUY NY STOP,9603.25,2,384180,-59,-0.02,9,35.5,0.01,-54.5,-0.01,157,0.06,0
174,Entry long,2020-06-02 09:30,[CC] BUY NY,9604.5,2,384180,-59,-0.02,9,35.5,0.01,-54.5,-0.01,157,0.06,0
175,Exit long,2020-06-02 18:00,NQ09B BUY WEEKDAY 1800 STOP,9656.5,1,193155,-29.5,-0.02,4.5,32.75,0.02,-27.25,-0.01,127.5,0.05,0
175,Entry long,2020-06-02 18:00,[CC] BUY WEAK,9657.75,1,193155,-29.5,-0.02,4.5,32.75,0.02,-27.25,-0.01,127.5,0.05,0
176,Exit long,2020-06-03 09:30,NQ09B BUY NY N130 TP2,9690.25,2,387100,501,0.13,9,505.5,0.13,-14.5,0.00,628.5,0.25,0
176,Entry long,2020-06-03 09:30,[CC] BUY NY,9677.5,2,387100,501,0.13,9,505.5,0.13,-14.5,0.00,628.5,0.25,0
177,Exit long,2020-06-04 09:30,NQ09B BUY NY STOP,9680.25,2,387260,-59,-0.02,9,0,0.00,-54.5,-0.01,569.5,0.23,0
177,Entry long,2020-06-04 09:30,[CC] BUY NY,9681.5,2,387260,-59,-0.02,9,0,0.00,-54.5,-0.01,569.5,0.23,0
178,Exit long,2020-06-04 18:00,NQ09B BUY WEEKDAY 1800 STOP,9642.5,1,192875,-29.5,-0.02,4.5,0,0.00,-27.25,-0.01,540,0.22,0
178,Entry long,2020-06-04 18:00,[CC] BUY WEAK,9643.75,1,192875,-29.5,-0.02,4.5,0,0.00,-27.25,-0.01,540,0.22,0
179,Exit long,2020-06-05 09:30,NQ09B BUY NY STOP,9669.75,2,386840,-59,-0.02,9,0,0.00,-54.5,-0.01,481,0.19,0
179,Entry long,2020-06-05 09:30,[CC] BUY NY,9671,2,386840,-59,-0.02,9,0,0.00,-54.5,-0.01,481,0.19,0
180,Exit long,2020-06-07 18:00,NQ09B BUY WEEKLY STOP,9818,2,392770,-59,-0.02,9,0,0.00,-54.5,-0.01,422,0.17,0
180,Entry long,2020-06-07 18:00,[CC] BUY WEEKLY,9819.25,2,392770,-59,-0.02,9,0,0.00,-54.5,-0.01,422,0.17,0
181,Exit long,2020-06-08 09:30,NQ09B BUY NY STOP,9808.5,2,392390,-59,-0.02,9,275.5,0.07,-54.5,-0.01,363,0.15,0
181,Entry long,2020-06-08 09:30,[CC] BUY NY,9809.75,2,392390,-59,-0.02,9,275.5,0.07,-54.5,-0.01,363,0.15,0
182,Exit long,2020-06-09 09:30,NQ09B BUY NY STOP,9856.5,2,394310,-59,-0.01,9,0,0.00,-54.5,-0.01,304,0.12,0
182,Entry long,2020-06-09 09:30,[CC] BUY NY,9857.75,2,394310,-59,-0.01,9,0,0.00,-54.5,-0.01,304,0.12,0
183,Exit long,2020-06-09 18:00,NQ09B BUY WEEKDAY 1800 D80,9968.25,1,199205,155.5,0.08,4.5,157.75,0.08,-7.25,0.00,459.5,0.18,0
183,Entry long,2020-06-09 18:00,[CC] BUY WEAK,9960.25,1,199205,155.5,0.08,4.5,157.75,0.08,-7.25,0.00,459.5,0.18,0
184,Exit long,2020-06-10 09:30,NQ09B BUY NY STOP,10037.5,2,401550,-59,-0.01,9,0,0.00,-54.5,-0.01,400.5,0.16,0
184,Entry long,2020-06-10 09:30,[CC] BUY NY,10038.75,2,401550,-59,-0.01,9,0,0.00,-54.5,-0.01,400.5,0.16,0
185,Exit long,2020-06-10 18:00,NQ09B BUY WEEKDAY 1800 STOP,10085.25,1,201730,-29.5,-0.01,4.5,0,0.00,-27.25,-0.01,371,0.15,0
185,Entry long,2020-06-10 18:00,[CC] BUY WEAK,10086.5,1,201730,-29.5,-0.01,4.5,0,0.00,-27.25,-0.01,371,0.15,0
186,Exit long,2020-06-11 09:30,NQ09B BUY NY STOP,9926,2,397090,-59,-0.01,9,0,0.00,-54.5,-0.01,312,0.12,0
186,Entry long,2020-06-11 09:30,[CC] BUY NY,9927.25,2,397090,-59,-0.01,9,0,0.00,-54.5,-0.01,312,0.12,0
187,Exit long,2020-06-11 18:00,NQ09B BUY WEEKDAY 1800 STOP,9615,2,384650,-59,-0.02,9,0,0.00,-54.5,-0.01,253,0.10,0
187,Entry long,2020-06-11 18:00,[CC] BUY PREMIUM,9616.25,2,384650,-59,-0.02,9,0,0.00,-54.5,-0.01,253,0.10,0
188,Exit long,2020-06-12 09:30,NQ09B BUY NY N130 TP2,9809.75,2,391880,501,0.13,9,505.5,0.13,-14.5,0.00,754,0.30,0
188,Entry long,2020-06-12 09:30,[CC] BUY NY,9797,2,391880,501,0.13,9,505.5,0.13,-14.5,0.00,754,0.30,0
189,Exit long,2020-06-14 18:00,NQ09B BUY WEEKLY W80,9545,2,381480,311,0.08,9,315.5,0.08,-14.5,0.00,1065,0.43,0
189,Entry long,2020-06-14 18:00,[CC] BUY WEEKLY,9537,2,381480,311,0.08,9,315.5,0.08,-14.5,0.00,1065,0.43,0
190,Exit long,2020-06-15 09:30,NQ09B BUY NY N130 TP2,9535.75,2,380920,501,0.13,9,505.5,0.13,-14.5,0.00,1566,0.63,0
190,Entry long,2020-06-15 09:30,[CC] BUY NY,9523,2,380920,501,0.13,9,505.5,0.13,-14.5,0.00,1566,0.63,0
191,Exit long,2020-06-16 09:30,NQ09B BUY NY STOP,9975.75,2,399080,-59,-0.01,9,275.5,0.07,-54.5,-0.01,1507,0.60,0
191,Entry long,2020-06-16 09:30,[CC] BUY NY,9977,2,399080,-59,-0.01,9,275.5,0.07,-54.5,-0.01,1507,0.60,0
192,Exit long,2020-06-17 09:30,NQ09B BUY NY STOP,10001.75,2,400120,-59,-0.01,9,115.5,0.03,-54.5,-0.01,1448,0.58,0
192,Entry long,2020-06-17 09:30,[CC] BUY NY,10003,2,400120,-59,-0.01,9,115.5,0.03,-54.5,-0.01,1448,0.58,0
193,Exit long,2020-06-17 18:00,NQ09B BUY WEEKDAY 1800 STOP,9981.25,1,199650,-29.5,-0.01,4.5,32.75,0.02,-27.25,-0.01,1418.5,0.57,0
193,Entry long,2020-06-17 18:00,[CC] BUY WEAK,9982.5,1,199650,-29.5,-0.01,4.5,32.75,0.02,-27.25,-0.01,1418.5,0.57,0
194,Exit long,2020-06-18 09:30,NQ09B BUY NY STOP,9954.5,2,398230,-59,-0.01,9,0,0.00,-54.5,-0.01,1359.5,0.54,0
194,Entry long,2020-06-18 09:30,[CC] BUY NY,9955.75,2,398230,-59,-0.01,9,0,0.00,-54.5,-0.01,1359.5,0.54,0
195,Exit long,2020-06-18 18:00,NQ09B BUY WEEKDAY 1800 STOP,9984,1,199705,-29.5,-0.01,4.5,0,0.00,-27.25,-0.01,1330,0.53,0
195,Entry long,2020-06-18 18:00,[CC] BUY WEAK,9985.25,1,199705,-29.5,-0.01,4.5,0,0.00,-27.25,-0.01,1330,0.53,0
196,Exit long,2020-06-19 09:30,NQ09B BUY NY STOP,10097.25,2,403940,-59,-0.01,9,55.5,0.01,-54.5,-0.01,1271,0.51,0
196,Entry long,2020-06-19 09:30,[CC] BUY NY,10098.5,2,403940,-59,-0.01,9,55.5,0.01,-54.5,-0.01,1271,0.51,0
197,Exit long,2020-06-21 18:00,NQ09B BUY WEEKLY STOP,9867,2,394730,-59,-0.01,9,0,0.00,-54.5,-0.01,1212,0.48,0
197,Entry long,2020-06-21 18:00,[CC] BUY WEEKLY,9868.25,2,394730,-59,-0.01,9,0,0.00,-54.5,-0.01,1212,0.48,0
198,Exit long,2020-06-22 09:30,NQ09B BUY NY STOP,9990,2,399650,-59,-0.01,9,0,0.00,-54.5,-0.01,1153,0.46,0
198,Entry long,2020-06-22 09:30,[CC] BUY NY,9991.25,2,399650,-59,-0.01,9,0,0.00,-54.5,-0.01,1153,0.46,0
199,Exit long,2020-06-23 09:30,NQ09B BUY NY STOP,10180.75,2,407280,-59,-0.01,9,35.5,0.01,-54.5,-0.01,1094,0.44,0
199,Entry long,2020-06-23 09:30,[CC] BUY NY,10182,2,407280,-59,-0.01,9,35.5,0.01,-54.5,-0.01,1094,0.44,0
200,Exit long,2020-06-23 18:00,NQ09B BUY WEEKDAY 1800 STOP,10182,2,407330,-59,-0.01,9,0,0.00,-54.5,-0.01,1035,0.41,0
200,Entry long,2020-06-23 18:00,[CC] BUY PREMIUM,10183.25,2,407330,-59,-0.01,9,0,0.00,-54.5,-0.01,1035,0.41,0
201,Exit long,2020-06-24 09:30,NQ09B BUY NY STOP,10166.25,2,406700,-59,-0.01,9,0,0.00,-54.5,-0.01,976,0.39,0
201,Entry long,2020-06-24 09:30,[CC] BUY NY,10167.5,2,406700,-59,-0.01,9,0,0.00,-54.5,-0.01,976,0.39,0
202,Exit long,2020-06-24 18:00,NQ09B BUY WEEKDAY 1800 STOP,10004.25,2,400220,-59,-0.01,9,0,0.00,-54.5,-0.01,917,0.37,0
202,Entry long,2020-06-24 18:00,[CC] BUY PREMIUM,10005.5,2,400220,-59,-0.01,9,0,0.00,-54.5,-0.01,917,0.37,0
203,Exit long,2020-06-25 09:30,NQ09B BUY NY STOP,9996,2,399890,-59,-0.01,9,0,0.00,-54.5,-0.01,858,0.34,0
203,Entry long,2020-06-25 09:30,[CC] BUY NY,9997.25,2,399890,-59,-0.01,9,0,0.00,-54.5,-0.01,858,0.34,0
204,Exit long,2020-06-25 18:00,NQ09B BUY WEEKDAY 1800 STOP,10086,1,201745,-29.5,-0.01,4.5,0,0.00,-27.25,-0.01,828.5,0.33,0
204,Entry long,2020-06-25 18:00,[CC] BUY WEAK,10087.25,1,201745,-29.5,-0.01,4.5,0,0.00,-27.25,-0.01,828.5,0.33,0
205,Exit long,2020-06-26 09:30,NQ09B BUY NY STOP,10071.75,2,402920,-59,-0.01,9,365.5,0.09,-54.5,-0.01,769.5,0.31,0
205,Entry long,2020-06-26 09:30,[CC] BUY NY,10073,2,402920,-59,-0.01,9,365.5,0.09,-54.5,-0.01,769.5,0.31,0
206,Exit long,2020-06-28 18:00,NQ09B BUY WEEKLY STOP,9784.5,2,391430,-59,-0.02,9,0,0.00,-54.5,-0.01,710.5,0.28,0
206,Entry long,2020-06-28 18:00,[CC] BUY WEEKLY,9785.75,2,391430,-59,-0.02,9,0,0.00,-54.5,-0.01,710.5,0.28,0
207,Exit long,2020-06-29 09:30,NQ09B BUY NY N130 TP2,9849.5,2,393470,501,0.13,9,505.5,0.13,-14.5,0.00,1211.5,0.48,0
207,Entry long,2020-06-29 09:30,[CC] BUY NY,9836.75,2,393470,501,0.13,9,505.5,0.13,-14.5,0.00,1211.5,0.48,0
208,Exit long,2020-06-29 18:00,NQ09B BUY WEEKDAY 1800 STOP,9982,2,399330,-59,-0.01,9,125.5,0.03,-54.5,-0.01,1152.5,0.46,0
208,Entry long,2020-06-29 18:00,[CC] BUY PREMIUM,9983.25,2,399330,-59,-0.01,9,125.5,0.03,-54.5,-0.01,1152.5,0.46,0
209,Exit long,2020-06-30 09:30,NQ09B BUY NY STOP,9948.5,2,397990,-59,-0.01,9,0,0.00,-54.5,-0.01,1093.5,0.44,0
209,Entry long,2020-06-30 09:30,[CC] BUY NY,9949.75,2,397990,-59,-0.01,9,0,0.00,-54.5,-0.01,1093.5,0.44,0
210,Exit long,2020-06-30 18:00,NQ09B BUY WEEKDAY 1800 STOP,10140,1,202825,-29.5,-0.01,4.5,82.75,0.04,-27.25,-0.01,1064,0.43,0
210,Entry long,2020-06-30 18:00,[CC] BUY WEAK,10141.25,1,202825,-29.5,-0.01,4.5,82.75,0.04,-27.25,-0.01,1064,0.43,0
211,Exit long,2020-07-01 09:30,NQ09B BUY NY STOP,10147.75,2,405960,-59,-0.01,9,0,0.00,-54.5,-0.01,1005,0.40,0
211,Entry long,2020-07-01 09:30,[CC] BUY NY,10149,2,405960,-59,-0.01,9,0,0.00,-54.5,-0.01,1005,0.40,0
212,Exit long,2020-07-01 18:00,NQ09B BUY WEEKDAY 1800 STOP,10257.5,1,205175,-29.5,-0.01,4.5,77.75,0.04,-27.25,-0.01,975.5,0.39,0
212,Entry long,2020-07-01 18:00,[CC] BUY WEAK,10258.75,1,205175,-29.5,-0.01,4.5,77.75,0.04,-27.25,-0.01,975.5,0.39,0
213,Exit long,2020-07-02 09:30,NQ09B BUY NY STOP,10367.5,2,414750,-59,-0.01,9,0,0.00,-54.5,-0.01,916.5,0.37,0
213,Entry long,2020-07-02 09:30,[CC] BUY NY,10368.75,2,414750,-59,-0.01,9,0,0.00,-54.5,-0.01,916.5,0.37,0
214,Exit long,2020-07-03 09:30,NQ09B BUY NY STOP,10353.25,2,414180,-59,-0.01,9,125.5,0.03,-54.5,-0.01,857.5,0.34,0
214,Entry long,2020-07-03 09:30,[CC] BUY NY,10354.5,2,414180,-59,-0.01,9,125.5,0.03,-54.5,-0.01,857.5,0.34,0
215,Exit long,2020-07-06 09:30,NQ09B BUY NY N130 TP2,10483.5,2,418830,501,0.12,9,505.5,0.12,-34.5,-0.01,1358.5,0.54,0
215,Entry long,2020-07-06 09:30,[CC] BUY NY,10470.75,2,418830,501,0.12,9,505.5,0.12,-34.5,-0.01,1358.5,0.54,0
216,Exit long,2020-07-07 09:30,NQ09B BUY NY STOP,10578.5,2,423190,-59,-0.01,9,0,0.00,-54.5,-0.01,1299.5,0.52,0
216,Entry long,2020-07-07 09:30,[CC] BUY NY,10579.75,2,423190,-59,-0.01,9,0,0.00,-54.5,-0.01,1299.5,0.52,0
217,Exit long,2020-07-08 09:30,NQ09B BUY NY STOP,10572.5,2,422950,-59,-0.01,9,0,0.00,-54.5,-0.01,1240.5,0.50,0
217,Entry long,2020-07-08 09:30,[CC] BUY NY,10573.75,2,422950,-59,-0.01,9,0,0.00,-54.5,-0.01,1240.5,0.50,0
218,Exit long,2020-07-09 09:30,NQ09B BUY NY STOP,10733,2,429370,-59,-0.01,9,0,0.00,-54.5,-0.01,1181.5,0.47,0
218,Entry long,2020-07-09 09:30,[CC] BUY NY,10734.25,2,429370,-59,-0.01,9,0,0.00,-54.5,-0.01,1181.5,0.47,0
219,Exit long,2020-07-10 09:30,NQ09B BUY NY N130 TP2,10747,2,429370,501,0.12,9,505.5,0.12,-14.5,0.00,1682.5,0.67,0
219,Entry long,2020-07-10 09:30,[CC] BUY NY,10734.25,2,429370,501,0.12,9,505.5,0.12,-14.5,0.00,1682.5,0.67,0
220,Exit long,2020-07-12 18:00,NQ09B BUY WEEKLY W80,10856.5,2,433940,311,0.07,9,315.5,0.07,-34.5,-0.01,1993.5,0.80,0
220,Entry long,2020-07-12 18:00,[CC] BUY WEEKLY,10848.5,2,433940,311,0.07,9,315.5,0.07,-34.5,-0.01,1993.5,0.80,0
221,Exit long,2020-07-13 09:30,NQ09B BUY NY STOP,10936.75,2,437520,-59,-0.01,9,0,0.00,-54.5,-0.01,1934.5,0.77,0
221,Entry long,2020-07-13 09:30,[CC] BUY NY,10938,2,437520,-59,-0.01,9,0,0.00,-54.5,-0.01,1934.5,0.77,0
222,Exit long,2020-07-13 18:00,NQ09B BUY WEEKDAY 1800 STOP,10601,1,212045,-29.5,-0.01,4.5,0,0.00,-27.25,-0.01,1905,0.76,0
222,Entry long,2020-07-13 18:00,[CC] BUY WEAK,10602.25,1,212045,-29.5,-0.01,4.5,0,0.00,-27.25,-0.01,1905,0.76,0
223,Exit long,2020-07-14 09:30,NQ09B BUY NY STOP,10491.75,2,419720,-59,-0.01,9,0,0.00,-54.5,-0.01,1846,0.74,0
223,Entry long,2020-07-14 09:30,[CC] BUY NY,10493,2,419720,-59,-0.01,9,0,0.00,-54.5,-0.01,1846,0.74,0
224,Exit long,2020-07-14 18:00,NQ09B BUY WEEKDAY 1800 D80,10714.25,2,428250,311,0.07,9,315.5,0.07,-14.5,0.00,2157,0.86,0
224,Entry long,2020-07-14 18:00,[CC] BUY PREMIUM,10706.25,2,428250,311,0.07,9,315.5,0.07,-14.5,0.00,2157,0.86,0
225,Exit long,2020-07-15 09:30,NQ09B BUY NY N130 TP2,10737.75,2,429000,501,0.12,9,505.5,0.12,-14.5,0.00,2658,1.06,0
225,Entry long,2020-07-15 09:30,[CC] BUY NY,10725,2,429000,501,0.12,9,505.5,0.12,-14.5,0.00,2658,1.06,0
226,Exit long,2020-07-16 09:30,NQ09B BUY NY STOP,10570.25,2,422860,-59,-0.01,9,0,0.00,-54.5,-0.01,2599,1.04,0
226,Entry long,2020-07-16 09:30,[CC] BUY NY,10571.5,2,422860,-59,-0.01,9,0,0.00,-54.5,-0.01,2599,1.04,0
227,Exit long,2020-07-17 09:30,NQ09B BUY NY STOP,10642,2,425730,-59,-0.01,9,265.5,0.06,-54.5,-0.01,2540,1.02,0
227,Entry long,2020-07-17 09:30,[CC] BUY NY,10643.25,2,425730,-59,-0.01,9,265.5,0.06,-54.5,-0.01,2540,1.02,0
228,Exit long,2020-07-19 18:00,NQ09B BUY WEEKLY STOP,10620.25,2,424860,-59,-0.01,9,0,0.00,-54.5,-0.01,2481,0.99,0
228,Entry long,2020-07-19 18:00,[CC] BUY WEEKLY,10621.5,2,424860,-59,-0.01,9,0,0.00,-54.5,-0.01,2481,0.99,0
229,Exit long,2020-07-20 09:30,NQ09B BUY NY STOP,10658.25,2,426380,-59,-0.01,9,0,0.00,-54.5,-0.01,2422,0.97,0
229,Entry long,2020-07-20 09:30,[CC] BUY NY,10659.5,2,426380,-59,-0.01,9,0,0.00,-54.5,-0.01,2422,0.97,0
230,Exit long,2020-07-21 09:30,NQ09B BUY NY STOP,11000.5,2,440070,-59,-0.01,9,35.5,0.01,-54.5,-0.01,2363,0.95,0
230,Entry long,2020-07-21 09:30,[CC] BUY NY,11001.75,2,440070,-59,-0.01,9,35.5,0.01,-54.5,-0.01,2363,0.95,0
231,Exit long,2020-07-22 09:30,NQ09B BUY NY STOP,10837,2,433530,-59,-0.01,9,0,0.00,-54.5,-0.01,2304,0.92,0
231,Entry long,2020-07-22 09:30,[CC] BUY NY,10838.25,2,433530,-59,-0.01,9,0,0.00,-54.5,-0.01,2304,0.92,0
232,Exit long,2020-07-22 18:00,NQ09B BUY WEEKDAY 1800 STOP,10849,1,217005,-29.5,-0.01,4.5,0,0.00,-27.25,-0.01,2274.5,0.91,0
232,Entry long,2020-07-22 18:00,[CC] BUY WEAK,10850.25,1,217005,-29.5,-0.01,4.5,0,0.00,-27.25,-0.01,2274.5,0.91,0
233,Exit long,2020-07-23 09:30,NQ09B BUY NY STOP,10841.5,2,433710,-59,-0.01,9,65.5,0.02,-54.5,-0.01,2215.5,0.89,0
233,Entry long,2020-07-23 09:30,[CC] BUY NY,10842.75,2,433710,-59,-0.01,9,65.5,0.02,-54.5,-0.01,2215.5,0.89,0
234,Exit long,2020-07-23 18:00,NQ09B BUY WEEKDAY 1800 D80,10573.75,1,211315,155.5,0.07,4.5,157.75,0.07,-17.25,-0.01,2371,0.95,0
234,Entry long,2020-07-23 18:00,[CC] BUY WEAK,10565.75,1,211315,155.5,0.07,4.5,157.75,0.07,-17.25,-0.01,2371,0.95,0
235,Exit long,2020-07-24 09:30,NQ09B BUY NY N130 TP2,10428.5,2,416630,501,0.12,9,505.5,0.12,-14.5,0.00,2872,1.15,0
235,Entry long,2020-07-24 09:30,[CC] BUY NY,10415.75,2,416630,501,0.12,9,505.5,0.12,-14.5,0.00,2872,1.15,0
236,Exit long,2020-07-26 18:00,NQ09B BUY WEEKLY STOP,10489,2,419610,-59,-0.01,9,0,0.00,-54.5,-0.01,2813,1.13,0
236,Entry long,2020-07-26 18:00,[CC] BUY WEEKLY,10490.25,2,419610,-59,-0.01,9,0,0.00,-54.5,-0.01,2813,1.13,0
237,Exit long,2020-07-27 09:30,NQ09B BUY NY N130 TP2,10559.75,2,421880,501,0.12,9,505.5,0.12,-14.5,0.00,3314,1.33,0
237,Entry long,2020-07-27 09:30,[CC] BUY NY,10547,2,421880,501,0.12,9,505.5,0.12,-14.5,0.00,3314,1.33,0
238,Exit long,2020-07-28 09:30,NQ09B BUY NY N130 TP2,10644,2,425250,501,0.12,9,505.5,0.12,-14.5,0.00,3815,1.53,0
238,Entry long,2020-07-28 09:30,[CC] BUY NY,10631.25,2,425250,501,0.12,9,505.5,0.12,-14.5,0.00,3815,1.53,0
239,Exit long,2020-07-29 09:30,NQ09B BUY NY STOP,10587.75,2,423560,-59,-0.01,9,0,0.00,-54.5,-0.01,3756,1.50,0
239,Entry long,2020-07-29 09:30,[CC] BUY NY,10589,2,423560,-59,-0.01,9,0,0.00,-54.5,-0.01,3756,1.50,0
240,Exit long,2020-07-29 18:00,NQ09B BUY WEEKDAY 1800 STOP,10699,2,428010,-59,-0.01,9,65.5,0.02,-54.5,-0.01,3697,1.48,0
240,Entry long,2020-07-29 18:00,[CC] BUY PREMIUM,10700.25,2,428010,-59,-0.01,9,65.5,0.02,-54.5,-0.01,3697,1.48,0
241,Exit long,2020-07-30 09:30,NQ09B BUY NY STOP,10565.5,2,422670,-59,-0.01,9,0,0.00,-54.5,-0.01,3638,1.46,0
241,Entry long,2020-07-30 09:30,[CC] BUY NY,10566.75,2,422670,-59,-0.01,9,0,0.00,-54.5,-0.01,3638,1.46,0
242,Exit long,2020-07-30 18:00,NQ09B BUY WEEKDAY 1800 D80,10914.75,2,436270,311,0.07,9,315.5,0.07,-34.5,-0.01,3949,1.58,0
242,Entry long,2020-07-30 18:00,[CC] BUY PREMIUM,10906.75,2,436270,311,0.07,9,315.5,0.07,-34.5,-0.01,3949,1.58,0
243,Exit long,2020-07-31 09:30,NQ09B BUY NY STOP,10894.75,2,435840,-59,-0.01,9,225.5,0.05,-54.5,-0.01,3890,1.56,0
243,Entry long,2020-07-31 09:30,[CC] BUY NY,10896,2,435840,-59,-0.01,9,225.5,0.05,-54.5,-0.01,3890,1.56,0
244,Exit long,2020-08-02 18:00,NQ09B BUY WEEKLY W80,10941.5,2,437340,311,0.07,9,315.5,0.07,-14.5,0.00,4201,1.68,0
244,Entry long,2020-08-02 18:00,[CC] BUY WEEKLY,10933.5,2,437340,311,0.07,9,315.5,0.07,-14.5,0.00,4201,1.68,0
245,Exit long,2020-08-03 09:30,NQ09B BUY NY STOP,10986.25,2,439500,-59,-0.01,9,0,0.00,-54.5,-0.01,4142,1.66,0
245,Entry long,2020-08-03 09:30,[CC] BUY NY,10987.5,2,439500,-59,-0.01,9,0,0.00,-54.5,-0.01,4142,1.66,0
246,Exit long,2020-08-04 09:30,NQ09B BUY NY STOP,11014,2,440610,-59,-0.01,9,0,0.00,-54.5,-0.01,4083,1.63,0
246,Entry long,2020-08-04 09:30,[CC] BUY NY,11015.25,2,440610,-59,-0.01,9,0,0.00,-54.5,-0.01,4083,1.63,0
247,Exit long,2020-08-05 09:30,NQ09B BUY NY STOP,11100.25,2,444060,-59,-0.01,9,75.5,0.02,-54.5,-0.01,4024,1.61,0
247,Entry long,2020-08-05 09:30,[CC] BUY NY,11101.5,2,444060,-59,-0.01,9,75.5,0.02,-54.5,-0.01,4024,1.61,0
248,Exit long,2020-08-06 09:30,NQ09B BUY NY STOP,11097.75,2,443960,-59,-0.01,9,0,0.00,-54.5,-0.01,3965,1.59,0
248,Entry long,2020-08-06 09:30,[CC] BUY NY,11099,2,443960,-59,-0.01,9,0,0.00,-54.5,-0.01,3965,1.59,0
249,Exit long,2020-08-07 09:30,NQ09B BUY NY STOP,11231.75,2,449320,-59,-0.01,9,295.5,0.07,-54.5,-0.01,3906,1.56,0
249,Entry long,2020-08-07 09:30,[CC] BUY NY,11233,2,449320,-59,-0.01,9,295.5,0.07,-54.5,-0.01,3906,1.56,0
250,Exit long,2020-08-09 18:00,NQ09B BUY WEEKLY W80,11148.5,2,445620,311,0.07,9,315.5,0.07,-14.5,0.00,4217,1.69,0
250,Entry long,2020-08-09 18:00,[CC] BUY WEEKLY,11140.5,2,445620,311,0.07,9,315.5,0.07,-14.5,0.00,4217,1.69,0
251,Exit long,2020-08-10 09:30,NQ09B BUY NY STOP,11136.75,2,445520,-59,-0.01,9,235.5,0.05,-54.5,-0.01,4158,1.66,0
251,Entry long,2020-08-10 09:30,[CC] BUY NY,11138,2,445520,-59,-0.01,9,235.5,0.05,-54.5,-0.01,4158,1.66,0
252,Exit long,2020-08-11 09:30,NQ09B BUY NY STOP,11026.25,2,441100,-59,-0.01,9,95.5,0.02,-54.5,-0.01,4099,1.64,0
252,Entry long,2020-08-11 09:30,[CC] BUY NY,11027.5,2,441100,-59,-0.01,9,95.5,0.02,-54.5,-0.01,4099,1.64,0
253,Exit long,2020-08-11 18:00,NQ09B BUY WEEKDAY 1800 STOP,10927.5,2,437150,-59,-0.01,9,0,0.00,-54.5,-0.01,4040,1.62,0
253,Entry long,2020-08-11 18:00,[CC] BUY PREMIUM,10928.75,2,437150,-59,-0.01,9,0,0.00,-54.5,-0.01,4040,1.62,0
254,Exit long,2020-08-12 09:30,NQ09B BUY NY STOP,10957.25,2,438340,-59,-0.01,9,0,0.00,-54.5,-0.01,3981,1.59,0
254,Entry long,2020-08-12 09:30,[CC] BUY NY,10958.5,2,438340,-59,-0.01,9,0,0.00,-54.5,-0.01,3981,1.59,0
255,Exit long,2020-08-12 18:00,NQ09B BUY WEEKDAY 1800 STOP,11114.5,2,444630,-59,-0.01,9,0,0.00,-54.5,-0.01,3922,1.57,0
255,Entry long,2020-08-12 18:00,[CC] BUY PREMIUM,11115.75,2,444630,-59,-0.01,9,0,0.00,-54.5,-0.01,3922,1.57,0
256,Exit long,2020-08-13 09:30,NQ09B BUY NY STOP,11172.5,2,446950,-59,-0.01,9,0,0.00,-54.5,-0.01,3863,1.55,0
256,Entry long,2020-08-13 09:30,[CC] BUY NY,11173.75,2,446950,-59,-0.01,9,0,0.00,-54.5,-0.01,3863,1.55,0
257,Exit long,2020-08-14 09:30,NQ09B BUY NY STOP,11190,2,447650,-59,-0.01,9,345.5,0.08,-54.5,-0.01,3804,1.52,0
257,Entry long,2020-08-14 09:30,[CC] BUY NY,11191.25,2,447650,-59,-0.01,9,345.5,0.08,-54.5,-0.01,3804,1.52,0
258,Exit long,2020-08-16 18:00,NQ09B BUY WEEKLY STOP,11144,2,445810,-59,-0.01,9,0,0.00,-54.5,-0.01,3745,1.50,0
258,Entry long,2020-08-16 18:00,[CC] BUY WEEKLY,11145.25,2,445810,-59,-0.01,9,0,0.00,-54.5,-0.01,3745,1.50,0
259,Exit long,2020-08-17 09:30,NQ09B BUY NY STOP,11227.75,2,449160,-59,-0.01,9,0,0.00,-54.5,-0.01,3686,1.47,0
259,Entry long,2020-08-17 09:30,[CC] BUY NY,11229,2,449160,-59,-0.01,9,0,0.00,-54.5,-0.01,3686,1.47,0
260,Exit long,2020-08-18 09:30,NQ09B BUY NY STOP,11329,2,453210,-59,-0.01,9,0,0.00,-54.5,-0.01,3627,1.45,0
260,Entry long,2020-08-18 09:30,[CC] BUY NY,11330.25,2,453210,-59,-0.01,9,0,0.00,-54.5,-0.01,3627,1.45,0
261,Exit long,2020-08-19 09:30,NQ09B BUY NY STOP,11391.5,2,455710,-59,-0.01,9,465.5,0.10,-54.5,-0.01,3568,1.43,0
261,Entry long,2020-08-19 09:30,[CC] BUY NY,11392.75,2,455710,-59,-0.01,9,465.5,0.10,-54.5,-0.01,3568,1.43,0
262,Exit long,2020-08-20 09:30,NQ09B BUY NY STOP,11283.5,2,451390,-59,-0.01,9,0,0.00,-54.5,-0.01,3509,1.40,0
262,Entry long,2020-08-20 09:30,[CC] BUY NY,11284.75,2,451390,-59,-0.01,9,0,0.00,-54.5,-0.01,3509,1.40,0
263,Exit long,2020-08-21 09:30,NQ09B BUY NY STOP,11480.25,2,459260,-59,-0.01,9,305.5,0.07,-54.5,-0.01,3450,1.38,0
263,Entry long,2020-08-21 09:30,[CC] BUY NY,11481.5,2,459260,-59,-0.01,9,305.5,0.07,-54.5,-0.01,3450,1.38,0
264,Exit long,2020-08-23 18:00,NQ09B BUY WEEKLY STOP,11580,2,463250,-59,-0.01,9,305.5,0.07,-54.5,-0.01,3391,1.36,0
264,Entry long,2020-08-23 18:00,[CC] BUY WEEKLY,11581.25,2,463250,-59,-0.01,9,305.5,0.07,-54.5,-0.01,3391,1.36,0
265,Exit long,2020-08-24 09:30,NQ09B BUY NY STOP,11686.25,2,467500,-59,-0.01,9,0,0.00,-54.5,-0.01,3332,1.33,0
265,Entry long,2020-08-24 09:30,[CC] BUY NY,11687.5,2,467500,-59,-0.01,9,0,0.00,-54.5,-0.01,3332,1.33,0
266,Exit long,2020-08-25 09:30,NQ09B BUY NY STOP,11590.25,2,463660,-59,-0.01,9,0,0.00,-54.5,-0.01,3273,1.31,0
266,Entry long,2020-08-25 09:30,[CC] BUY NY,11591.5,2,463660,-59,-0.01,9,0,0.00,-54.5,-0.01,3273,1.31,0
267,Exit long,2020-08-25 18:00,NQ09B BUY WEEKDAY 1800 STOP,11738.5,2,469590,-59,-0.01,9,0,0.00,-54.5,-0.01,3214,1.29,0
267,Entry long,2020-08-25 18:00,[CC] BUY PREMIUM,11739.75,2,469590,-59,-0.01,9,0,0.00,-54.5,-0.01,3214,1.29,0
268,Exit long,2020-08-26 09:30,NQ09B BUY NY STOP,11767.25,2,470740,-59,-0.01,9,0,0.00,-54.5,-0.01,3155,1.26,0
268,Entry long,2020-08-26 09:30,[CC] BUY NY,11768.5,2,470740,-59,-0.01,9,0,0.00,-54.5,-0.01,3155,1.26,0
269,Exit long,2020-08-26 18:00,NQ09B BUY WEEKDAY 1800 STOP,11983.5,1,239695,-29.5,-0.01,4.5,0,0.00,-27.25,-0.01,3125.5,1.25,0
269,Entry long,2020-08-26 18:00,[CC] BUY WEAK,11984.75,1,239695,-29.5,-0.01,4.5,0,0.00,-27.25,-0.01,3125.5,1.25,0
270,Exit long,2020-08-27 09:30,NQ09B BUY NY STOP,12012.25,2,480540,-59,-0.01,9,85.5,0.02,-54.5,-0.01,3066.5,1.23,0
270,Entry long,2020-08-27 09:30,[CC] BUY NY,12013.5,2,480540,-59,-0.01,9,85.5,0.02,-54.5,-0.01,3066.5,1.23,0
271,Exit long,2020-08-27 18:00,NQ09B BUY WEEKDAY 1800 STOP,11952.25,1,239070,-29.5,-0.01,4.5,12.75,0.01,-27.25,-0.01,3037,1.21,0
271,Entry long,2020-08-27 18:00,[CC] BUY WEAK,11953.5,1,239070,-29.5,-0.01,4.5,12.75,0.01,-27.25,-0.01,3037,1.21,0
272,Exit long,2020-08-28 09:30,NQ09B BUY NY STOP,11978.5,2,479190,-59,-0.01,9,0,0.00,-54.5,-0.01,2978,1.19,0
272,Entry long,2020-08-28 09:30,[CC] BUY NY,11979.75,2,479190,-59,-0.01,9,0,0.00,-54.5,-0.01,2978,1.19,0
273,Exit long,2020-08-30 18:00,NQ09B BUY WEEKLY STOP,12001.75,2,480120,-59,-0.01,9,0,0.00,-54.5,-0.01,2919,1.17,0
273,Entry long,2020-08-30 18:00,[CC] BUY WEEKLY,12003,2,480120,-59,-0.01,9,0,0.00,-54.5,-0.01,2919,1.17,0
274,Exit long,2020-08-31 09:30,NQ09B BUY NY STOP,12016.25,2,480700,-59,-0.01,9,0,0.00,-54.5,-0.01,2860,1.14,0
274,Entry long,2020-08-31 09:30,[CC] BUY NY,12017.5,2,480700,-59,-0.01,9,0,0.00,-54.5,-0.01,2860,1.14,0
275,Exit long,2020-08-31 18:00,NQ09B BUY WEEKDAY 1800 STOP,12108.75,1,242200,-29.5,-0.01,4.5,0,0.00,-27.25,-0.01,2830.5,1.13,0
275,Entry long,2020-08-31 18:00,[CC] BUY WEAK,12110,1,242200,-29.5,-0.01,4.5,0,0.00,-27.25,-0.01,2830.5,1.13,0
276,Exit long,2020-09-01 09:30,NQ09B BUY NY STOP,12197.75,2,487960,-59,-0.01,9,135.5,0.03,-54.5,-0.01,2771.5,1.11,0
276,Entry long,2020-09-01 09:30,[CC] BUY NY,12199,2,487960,-59,-0.01,9,135.5,0.03,-54.5,-0.01,2771.5,1.11,0
277,Exit long,2020-09-01 18:00,NQ09B BUY WEEKDAY 1800 STOP,12324.5,2,493030,-59,-0.01,9,35.5,0.01,-54.5,-0.01,2712.5,1.09,0
277,Entry long,2020-09-01 18:00,[CC] BUY PREMIUM,12325.75,2,493030,-59,-0.01,9,35.5,0.01,-54.5,-0.01,2712.5,1.09,0
278,Exit long,2020-09-02 09:30,NQ09B BUY NY STOP,12431.25,2,497300,-59,-0.01,9,85.5,0.02,-54.5,-0.01,2653.5,1.06,0
278,Entry long,2020-09-02 09:30,[CC] BUY NY,12432.5,2,497300,-59,-0.01,9,85.5,0.02,-54.5,-0.01,2653.5,1.06,0
279,Exit long,2020-09-03 09:30,NQ09B BUY NY N130 TP2,12237.25,2,488980,501,0.10,9,505.5,0.10,-14.5,0.00,3154.5,1.26,0
279,Entry long,2020-09-03 09:30,[CC] BUY NY,12224.5,2,488980,501,0.10,9,505.5,0.10,-14.5,0.00,3154.5,1.26,0
280,Exit long,2020-09-03 18:00,NQ09B BUY WEEKDAY 1800 STOP,11744,2,469810,-59,-0.01,9,0,0.00,-54.5,-0.01,3095.5,1.24,0
280,Entry long,2020-09-03 18:00,[CC] BUY PREMIUM,11745.25,2,469810,-59,-0.01,9,0,0.00,-54.5,-0.01,3095.5,1.24,0
281,Exit long,2020-09-04 09:30,NQ09B BUY NY STOP,11713,2,468570,-59,-0.01,9,0,0.00,-54.5,-0.01,3036.5,1.21,0
281,Entry long,2020-09-04 09:30,[CC] BUY NY,11714.25,2,468570,-59,-0.01,9,0,0.00,-54.5,-0.01,3036.5,1.21,0
282,Exit long,2020-09-06 18:00,NQ09B BUY WEEKLY W80,11539.25,2,461250,311,0.07,9,315.5,0.07,-14.5,0.00,3347.5,1.34,0
282,Entry long,2020-09-06 18:00,[CC] BUY WEEKLY,11531.25,2,461250,311,0.07,9,315.5,0.07,-14.5,0.00,3347.5,1.34,0
283,Exit long,2020-09-07 09:30,NQ09B BUY NY STOP,11456.75,2,458320,-59,-0.01,9,0,0.00,-54.5,-0.01,3288.5,1.32,0
283,Entry long,2020-09-07 09:30,[CC] BUY NY,11458,2,458320,-59,-0.01,9,0,0.00,-54.5,-0.01,3288.5,1.32,0
284,Exit long,2020-09-08 09:30,NQ09B BUY NY STOP,11157.25,2,446340,-59,-0.01,9,0,0.00,-54.5,-0.01,3229.5,1.29,0
284,Entry long,2020-09-08 09:30,[CC] BUY NY,11158.5,2,446340,-59,-0.01,9,0,0.00,-54.5,-0.01,3229.5,1.29,0
285,Exit long,2020-09-08 18:00,NQ09B BUY WEEKDAY 1800 STOP,11005,2,440250,-59,-0.01,9,225.5,0.05,-54.5,-0.01,3170.5,1.27,0
285,Entry long,2020-09-08 18:00,[CC] BUY PREMIUM,11006.25,2,440250,-59,-0.01,9,225.5,0.05,-54.5,-0.01,3170.5,1.27,0
286,Exit long,2020-09-09 09:30,NQ09B BUY NY N130 TP2,11305.25,2,451700,501,0.11,9,505.5,0.11,-14.5,0.00,3671.5,1.47,0
286,Entry long,2020-09-09 09:30,[CC] BUY NY,11292.5,2,451700,501,0.11,9,505.5,0.11,-14.5,0.00,3671.5,1.47,0
287,Exit long,2020-09-09 18:00,NQ09B BUY WEEKDAY 1800 D80,11386,1,227560,155.5,0.07,4.5,157.75,0.07,-7.25,0.00,3827,1.53,0
287,Entry long,2020-09-09 18:00,[CC] BUY WEAK,11378,1,227560,155.5,0.07,4.5,157.75,0.07,-7.25,0.00,3827,1.53,0
288,Exit long,2020-09-10 09:30,NQ09B BUY NY N130 TP2,11530.5,2,460710,501,0.11,9,505.5,0.11,-14.5,0.00,4328,1.73,0
288,Entry long,2020-09-10 09:30,[CC] BUY NY,11517.75,2,460710,501,0.11,9,505.5,0.11,-14.5,0.00,4328,1.73,0
289,Exit long,2020-09-10 18:00,NQ09B BUY WEEKDAY 1800 D80,11195.25,1,223745,155.5,0.07,4.5,157.75,0.07,-7.25,0.00,4483.5,1.79,0
289,Entry long,2020-09-10 18:00,[CC] BUY WEAK,11187.25,1,223745,155.5,0.07,4.5,157.75,0.07,-7.25,0.00,4483.5,1.79,0
290,Exit long,2020-09-11 09:30,NQ09B BUY NY N130 TP2,11257.5,2,449790,501,0.11,9,505.5,0.11,-14.5,0.00,4984.5,1.99,0
290,Entry long,2020-09-11 09:30,[CC] BUY NY,11244.75,2,449790,501,0.11,9,505.5,0.11,-14.5,0.00,4984.5,1.99,0
291,Exit long,2020-09-13 18:00,NQ09B BUY WEEKLY W80,11112.25,2,444170,311,0.07,9,315.5,0.07,-14.5,0.00,5295.5,2.12,0
291,Entry long,2020-09-13 18:00,[CC] BUY WEEKLY,11104.25,2,444170,311,0.07,9,315.5,0.07,-14.5,0.00,5295.5,2.12,0
292,Exit long,2020-09-14 09:30,NQ09B BUY NY N130 TP2,11255.75,2,449720,501,0.11,9,505.5,0.11,-14.5,0.00,5796.5,2.32,0
292,Entry long,2020-09-14 09:30,[CC] BUY NY,11243,2,449720,501,0.11,9,505.5,0.11,-14.5,0.00,5796.5,2.32,0
293,Exit long,2020-09-15 09:30,NQ09B BUY NY STOP,11416.75,2,456720,-59,-0.01,9,265.5,0.06,-54.5,-0.01,5737.5,2.30,0
293,Entry long,2020-09-15 09:30,[CC] BUY NY,11418,2,456720,-59,-0.01,9,265.5,0.06,-54.5,-0.01,5737.5,2.30,0
294,Exit long,2020-09-16 09:30,NQ09B BUY NY STOP,11451.75,2,458120,-59,-0.01,9,0,0.00,-54.5,-0.01,5678.5,2.27,0
294,Entry long,2020-09-16 09:30,[CC] BUY NY,11453,2,458120,-59,-0.01,9,0,0.00,-54.5,-0.01,5678.5,2.27,0
295,Exit long,2020-09-16 18:00,NQ09B BUY WEEKDAY 1800 D80,11265.25,1,225145,155.5,0.07,4.5,157.75,0.07,-7.25,0.00,5834,2.33,0
295,Entry long,2020-09-16 18:00,[CC] BUY WEAK,11257.25,1,225145,155.5,0.07,4.5,157.75,0.07,-7.25,0.00,5834,2.33,0
296,Exit long,2020-09-17 09:30,NQ09B BUY NY STOP,10948.25,2,437980,-59,-0.01,9,0,0.00,-54.5,-0.01,5775,2.31,0
296,Entry long,2020-09-17 09:30,[CC] BUY NY,10949.5,2,437980,-59,-0.01,9,0,0.00,-54.5,-0.01,5775,2.31,0
297,Exit long,2020-09-17 18:00,NQ09B BUY WEEKDAY 1800 STOP,11065.5,1,221335,-29.5,-0.01,4.5,57.75,0.03,-27.25,-0.01,5745.5,2.30,0
297,Entry long,2020-09-17 18:00,[CC] BUY WEAK,11066.75,1,221335,-29.5,-0.01,4.5,57.75,0.03,-27.25,-0.01,5745.5,2.30,0
298,Exit long,2020-09-18 09:30,NQ09B BUY NY N130 TP2,11128.5,2,444630,501,0.11,9,505.5,0.11,-14.5,0.00,6246.5,2.50,0
298,Entry long,2020-09-18 09:30,[CC] BUY NY,11115.75,2,444630,501,0.11,9,505.5,0.11,-14.5,0.00,6246.5,2.50,0
299,Exit long,2020-09-20 18:00,NQ09B BUY WEEKLY W80,10928.25,2,436810,311,0.07,9,315.5,0.07,-14.5,0.00,6557.5,2.62,0
299,Entry long,2020-09-20 18:00,[CC] BUY WEEKLY,10920.25,2,436810,311,0.07,9,315.5,0.07,-14.5,0.00,6557.5,2.62,0
300,Exit long,2020-09-21 09:30,NQ09B BUY NY STOP,10756.75,2,430320,-59,-0.01,9,0,0.00,-54.5,-0.01,6498.5,2.60,0
300,Entry long,2020-09-21 09:30,[CC] BUY NY,10758,2,430320,-59,-0.01,9,0,0.00,-54.5,-0.01,6498.5,2.60,0
301,Exit long,2020-09-21 18:00,NQ09B BUY WEEKDAY 1800 D80,10974.5,1,219330,155.5,0.07,4.5,157.75,0.07,-7.25,0.00,6654,2.66,0
301,Entry long,2020-09-21 18:00,[CC] BUY WEAK,10966.5,1,219330,155.5,0.07,4.5,157.75,0.07,-7.25,0.00,6654,2.66,0
302,Exit long,2020-09-22 09:30,NQ09B BUY NY STOP,11066.25,2,442700,-59,-0.01,9,285.5,0.06,-54.5,-0.01,6595,2.64,0
302,Entry long,2020-09-22 09:30,[CC] BUY NY,11067.5,2,442700,-59,-0.01,9,285.5,0.06,-54.5,-0.01,6595,2.64,0
303,Exit long,2020-09-23 09:30,NQ09B BUY NY STOP,11152,2,446130,-59,-0.01,9,305.5,0.07,-54.5,-0.01,6536,2.61,0
303,Entry long,2020-09-23 09:30,[CC] BUY NY,11153.25,2,446130,-59,-0.01,9,305.5,0.07,-54.5,-0.01,6536,2.61,0
304,Exit long,2020-09-24 09:30,NQ09B BUY NY STOP,10718.5,2,428790,-59,-0.01,9,0,0.00,-54.5,-0.01,6477,2.59,0
304,Entry long,2020-09-24 09:30,[CC] BUY NY,10719.75,2,428790,-59,-0.01,9,0,0.00,-54.5,-0.01,6477,2.59,0
305,Exit long,2020-09-24 18:00,NQ09B BUY WEEKDAY 1800 D80,10922.5,2,436580,311,0.07,9,315.5,0.07,-14.5,0.00,6788,2.72,0
305,Entry long,2020-09-24 18:00,[CC] BUY PREMIUM,10914.5,2,436580,311,0.07,9,315.5,0.07,-14.5,0.00,6788,2.72,0
306,Exit long,2020-09-25 09:30,NQ09B BUY NY N130 TP2,10908.25,2,435820,501,0.11,9,505.5,0.12,-14.5,0.00,7289,2.92,0
306,Entry long,2020-09-25 09:30,[CC] BUY NY,10895.5,2,435820,501,0.11,9,505.5,0.12,-14.5,0.00,7289,2.92,0
307,Exit long,2020-09-27 18:00,NQ09B BUY WEEKLY W80,11153.25,2,445810,311,0.07,9,315.5,0.07,-14.5,0.00,7600,3.04,0
307,Entry long,2020-09-27 18:00,[CC] BUY WEEKLY,11145.25,2,445810,311,0.07,9,315.5,0.07,-14.5,0.00,7600,3.04,0
308,Exit long,2020-09-28 09:30,NQ09B BUY NY STOP,11339.75,2,453640,-59,-0.01,9,75.5,0.02,-54.5,-0.01,7541,3.02,0
308,Entry long,2020-09-28 09:30,[CC] BUY NY,11341,2,453640,-59,-0.01,9,75.5,0.02,-54.5,-0.01,7541,3.02,0
309,Exit long,2020-09-29 09:30,NQ09B BUY NY STOP,11345,2,453850,-59,-0.01,9,0,0.00,-54.5,-0.01,7482,2.99,0
309,Entry long,2020-09-29 09:30,[CC] BUY NY,11346.25,2,453850,-59,-0.01,9,0,0.00,-54.5,-0.01,7482,2.99,0
310,Exit long,2020-09-29 18:00,NQ09B BUY WEEKDAY 1800 STOP,11320,1,226425,-29.5,-0.01,4.5,97.75,0.04,-27.25,-0.01,7452.5,2.98,0
310,Entry long,2020-09-29 18:00,[CC] BUY WEAK,11321.25,1,226425,-29.5,-0.01,4.5,97.75,0.04,-27.25,-0.01,7452.5,2.98,0
311,Exit long,2020-09-30 09:30,NQ09B BUY NY STOP,11319,2,452810,-59,-0.01,9,0,0.00,-54.5,-0.01,7393.5,2.96,0
311,Entry long,2020-09-30 09:30,[CC] BUY NY,11320.25,2,452810,-59,-0.01,9,0,0.00,-54.5,-0.01,7393.5,2.96,0
312,Exit long,2020-10-01 09:30,NQ09B BUY NY STOP,11554.5,2,462230,-59,-0.01,9,475.5,0.10,-54.5,-0.01,7334.5,2.93,0
312,Entry long,2020-10-01 09:30,[CC] BUY NY,11555.75,2,462230,-59,-0.01,9,475.5,0.10,-54.5,-0.01,7334.5,2.93,0
313,Exit long,2020-10-02 09:30,NQ09B BUY NY STOP,11315.25,2,452660,-59,-0.01,9,0,0.00,-54.5,-0.01,7275.5,2.91,0
313,Entry long,2020-10-02 09:30,[CC] BUY NY,11316.5,2,452660,-59,-0.01,9,0,0.00,-54.5,-0.01,7275.5,2.91,0
314,Exit long,2020-10-04 18:00,NQ09B BUY WEEKLY W80,11316.75,2,452350,311,0.07,9,315.5,0.07,-14.5,0.00,7586.5,3.03,0
314,Entry long,2020-10-04 18:00,[CC] BUY WEEKLY,11308.75,2,452350,311,0.07,9,315.5,0.07,-14.5,0.00,7586.5,3.03,0
315,Exit long,2020-10-05 09:30,NQ09B BUY NY STOP,11324.25,2,453020,-59,-0.01,9,0,0.00,-54.5,-0.01,7527.5,3.01,0
315,Entry long,2020-10-05 09:30,[CC] BUY NY,11325.5,2,453020,-59,-0.01,9,0,0.00,-54.5,-0.01,7527.5,3.01,0
316,Exit long,2020-10-06 09:30,NQ09B BUY NY STOP,11446,2,457890,-59,-0.01,9,0,0.00,-54.5,-0.01,7468.5,2.99,0
316,Entry long,2020-10-06 09:30,[CC] BUY NY,11447.25,2,457890,-59,-0.01,9,0,0.00,-54.5,-0.01,7468.5,2.99,0
317,Exit long,2020-10-06 18:00,NQ09B BUY WEEKDAY 1800 STOP,11219.5,2,448830,-59,-0.01,9,0,0.00,-54.5,-0.01,7409.5,2.96,0
317,Entry long,2020-10-06 18:00,[CC] BUY PREMIUM,11220.75,2,448830,-59,-0.01,9,0,0.00,-54.5,-0.01,7409.5,2.96,0
318,Exit long,2020-10-07 09:30,NQ09B BUY NY STOP,11384.5,2,455430,-59,-0.01,9,0,0.00,-54.5,-0.01,7350.5,2.94,0
318,Entry long,2020-10-07 09:30,[CC] BUY NY,11385.75,2,455430,-59,-0.01,9,0,0.00,-54.5,-0.01,7350.5,2.94,0
319,Exit long,2020-10-08 09:30,NQ09B BUY NY STOP,11570.5,2,462870,-59,-0.01,9,195.5,0.04,-54.5,-0.01,7291.5,2.92,0
319,Entry long,2020-10-08 09:30,[CC] BUY NY,11571.75,2,462870,-59,-0.01,9,195.5,0.04,-54.5,-0.01,7291.5,2.92,0
320,Exit long,2020-10-08 18:00,NQ09B BUY WEEKDAY 1800 STOP,11561,1,231245,-29.5,-0.01,4.5,0,0.00,-27.25,-0.01,7262,2.90,0
320,Entry long,2020-10-08 18:00,[CC] BUY WEAK,11562.25,1,231245,-29.5,-0.01,4.5,0,0.00,-27.25,-0.01,7262,2.90,0
321,Exit long,2020-10-09 09:30,NQ09B BUY NY STOP,11601,2,464090,-59,-0.01,9,0,0.00,-54.5,-0.01,7203,2.88,0
321,Entry long,2020-10-09 09:30,[CC] BUY NY,11602.25,2,464090,-59,-0.01,9,0,0.00,-54.5,-0.01,7203,2.88,0
322,Exit long,2020-10-11 18:00,NQ09B BUY WEEKLY STOP,11721.75,2,468920,-59,-0.01,9,5.5,0.00,-54.5,-0.01,7144,2.86,0
322,Entry long,2020-10-11 18:00,[CC] BUY WEEKLY,11723,2,468920,-59,-0.01,9,5.5,0.00,-54.5,-0.01,7144,2.86,0
323,Exit long,2020-10-12 09:30,NQ09B BUY NY STOP,11910.75,2,476480,-59,-0.01,9,35.5,0.01,-54.5,-0.01,7085,2.83,0
323,Entry long,2020-10-12 09:30,[CC] BUY NY,11912,2,476480,-59,-0.01,9,35.5,0.01,-54.5,-0.01,7085,2.83,0
324,Exit long,2020-10-12 18:00,NQ09B BUY WEEKDAY 1800 STOP,12099,1,242005,-29.5,-0.01,4.5,0,0.00,-27.25,-0.01,7055.5,2.82,0
324,Entry long,2020-10-12 18:00,[CC] BUY WEAK,12100.25,1,242005,-29.5,-0.01,4.5,0,0.00,-27.25,-0.01,7055.5,2.82,0
325,Exit long,2020-10-13 09:30,NQ09B BUY NY STOP,12149.75,2,486040,-59,-0.01,9,105.5,0.02,-54.5,-0.01,6996.5,2.80,0
325,Entry long,2020-10-13 09:30,[CC] BUY NY,12151,2,486040,-59,-0.01,9,105.5,0.02,-54.5,-0.01,6996.5,2.80,0
326,Exit long,2020-10-13 18:00,NQ09B BUY WEEKDAY 1800 STOP,12078.75,1,241600,-29.5,-0.01,4.5,0,0.00,-27.25,-0.01,6967,2.79,0
326,Entry long,2020-10-13 18:00,[CC] BUY WEAK,12080,1,241600,-29.5,-0.01,4.5,0,0.00,-27.25,-0.01,6967,2.79,0
327,Exit long,2020-10-14 09:30,NQ09B BUY NY STOP,12110.25,2,484460,-59,-0.01,9,15.5,0.00,-54.5,-0.01,6908,2.76,0
327,Entry long,2020-10-14 09:30,[CC] BUY NY,12111.5,2,484460,-59,-0.01,9,15.5,0.00,-54.5,-0.01,6908,2.76,0
328,Exit long,2020-10-14 18:00,NQ09B BUY WEEKDAY 1800 STOP,11949,2,478010,-59,-0.01,9,0,0.00,-54.5,-0.01,6849,2.74,0
328,Entry long,2020-10-14 18:00,[CC] BUY PREMIUM,11950.25,2,478010,-59,-0.01,9,0,0.00,-54.5,-0.01,6849,2.74,0
329,Exit long,2020-10-15 09:30,NQ09B BUY NY STOP,11774.25,2,471020,-59,-0.01,9,0,0.00,-54.5,-0.01,6790,2.72,0
329,Entry long,2020-10-15 09:30,[CC] BUY NY,11775.5,2,471020,-59,-0.01,9,0,0.00,-54.5,-0.01,6790,2.72,0
330,Exit long,2020-10-16 09:30,NQ09B BUY NY STOP,11960,2,478450,-59,-0.01,9,25.5,0.01,-54.5,-0.01,6731,2.69,0
330,Entry long,2020-10-16 09:30,[CC] BUY NY,11961.25,2,478450,-59,-0.01,9,25.5,0.01,-54.5,-0.01,6731,2.69,0
331,Exit long,2020-10-18 18:00,NQ09B BUY WEEKLY W80,11825,2,472680,311,0.07,9,315.5,0.07,-14.5,0.00,7042,2.82,0
331,Entry long,2020-10-18 18:00,[CC] BUY WEEKLY,11817,2,472680,311,0.07,9,315.5,0.07,-14.5,0.00,7042,2.82,0
332,Exit long,2020-10-19 09:30,NQ09B BUY NY STOP,11908.5,2,476390,-59,-0.01,9,405.5,0.09,-54.5,-0.01,6983,2.79,0
332,Entry long,2020-10-19 09:30,[CC] BUY NY,11909.75,2,476390,-59,-0.01,9,405.5,0.09,-54.5,-0.01,6983,2.79,0
333,Exit long,2020-10-19 18:00,NQ09B BUY WEEKDAY 1800 D80,11705.75,2,467910,311,0.07,9,315.5,0.07,-14.5,0.00,7294,2.92,0
333,Entry long,2020-10-19 18:00,[CC] BUY PREMIUM,11697.75,2,467910,311,0.07,9,315.5,0.07,-14.5,0.00,7294,2.92,0
334,Exit long,2020-10-20 09:30,NQ09B BUY NY STOP,11665.5,2,466670,-59,-0.01,9,0,0.00,-54.5,-0.01,7235,2.89,0
334,Entry long,2020-10-20 09:30,[CC] BUY NY,11666.75,2,466670,-59,-0.01,9,0,0.00,-54.5,-0.01,7235,2.89,0
335,Exit long,2020-10-20 18:00,NQ09B BUY WEEKDAY 1800 STOP,11674.25,1,233510,-29.5,-0.01,4.5,0,0.00,-27.25,-0.01,7205.5,2.88,0
335,Entry long,2020-10-20 18:00,[CC] BUY WEAK,11675.5,1,233510,-29.5,-0.01,4.5,0,0.00,-27.25,-0.01,7205.5,2.88,0
336,Exit long,2020-10-21 09:30,NQ09B BUY NY STOP,11669,2,466810,-59,-0.01,9,0,0.00,-54.5,-0.01,7146.5,2.86,0
336,Entry long,2020-10-21 09:30,[CC] BUY NY,11670.25,2,466810,-59,-0.01,9,0,0.00,-54.5,-0.01,7146.5,2.86,0
337,Exit long,2020-10-22 09:30,NQ09B BUY NY STOP,11685.25,2,467460,-59,-0.01,9,0,0.00,-54.5,-0.01,7087.5,2.84,0
337,Entry long,2020-10-22 09:30,[CC] BUY NY,11686.5,2,467460,-59,-0.01,9,0,0.00,-54.5,-0.01,7087.5,2.84,0
338,Exit long,2020-10-23 09:30,NQ09B BUY NY STOP,11676.5,2,467110,-59,-0.01,9,45.5,0.01,-54.5,-0.01,7028.5,2.81,0
338,Entry long,2020-10-23 09:30,[CC] BUY NY,11677.75,2,467110,-59,-0.01,9,45.5,0.01,-54.5,-0.01,7028.5,2.81,0
339,Exit long,2020-10-25 18:00,NQ09B BUY WEEKLY STOP,11633,2,465370,-59,-0.01,9,225.5,0.05,-54.5,-0.01,6969.5,2.79,0
339,Entry long,2020-10-25 18:00,[CC] BUY WEEKLY,11634.25,2,465370,-59,-0.01,9,225.5,0.05,-54.5,-0.01,6969.5,2.79,0
340,Exit long,2020-10-26 09:30,NQ09B BUY NY STOP,11574.75,2,463040,-59,-0.01,9,0,0.00,-54.5,-0.01,6910.5,2.76,0
340,Entry long,2020-10-26 09:30,[CC] BUY NY,11576,2,463040,-59,-0.01,9,0,0.00,-54.5,-0.01,6910.5,2.76,0
341,Exit long,2020-10-27 09:30,NQ09B BUY NY N130 TP2,11548,2,461410,501,0.11,9,505.5,0.11,-14.5,0.00,7411.5,2.96,0
341,Entry long,2020-10-27 09:30,[CC] BUY NY,11535.25,2,461410,501,0.11,9,505.5,0.11,-14.5,0.00,7411.5,2.96,0
342,Exit long,2020-10-27 18:00,NQ09B BUY WEEKDAY 1800 STOP,11557.5,1,231175,-29.5,-0.01,4.5,12.75,0.01,-27.25,-0.01,7382,2.95,0
342,Entry long,2020-10-27 18:00,[CC] BUY WEAK,11558.75,1,231175,-29.5,-0.01,4.5,12.75,0.01,-27.25,-0.01,7382,2.95,0
343,Exit long,2020-10-28 09:30,NQ09B BUY NY N130 TP2,11413.5,2,456030,501,0.11,9,505.5,0.11,-14.5,0.00,7883,3.15,0
343,Entry long,2020-10-28 09:30,[CC] BUY NY,11400.75,2,456030,501,0.11,9,505.5,0.11,-14.5,0.00,7883,3.15,0
344,Exit long,2020-10-28 18:00,NQ09B BUY WEEKDAY 1800 D80,11188.75,2,447230,311,0.07,9,315.5,0.07,-14.5,0.00,8194,3.28,0
344,Entry long,2020-10-28 18:00,[CC] BUY PREMIUM,11180.75,2,447230,311,0.07,9,315.5,0.07,-14.5,0.00,8194,3.28,0
345,Exit long,2020-10-29 09:30,NQ09B BUY NY STOP,11188.75,2,447600,-59,-0.01,9,0,0.00,-54.5,-0.01,8135,3.25,0
345,Entry long,2020-10-29 09:30,[CC] BUY NY,11190,2,447600,-59,-0.01,9,0,0.00,-54.5,-0.01,8135,3.25,0
346,Exit long,2020-10-29 18:00,NQ09B BUY WEEKDAY 1800 STOP,11212.25,2,448540,-59,-0.01,9,0,0.00,-54.5,-0.01,8076,3.23,0
346,Entry long,2020-10-29 18:00,[CC] BUY PREMIUM,11213.5,2,448540,-59,-0.01,9,0,0.00,-54.5,-0.01,8076,3.23,0
347,Exit long,2020-10-30 09:30,NQ09B BUY NY STOP,11245.25,2,449860,-59,-0.01,9,0,0.00,-54.5,-0.01,8017,3.21,0
347,Entry long,2020-10-30 09:30,[CC] BUY NY,11246.5,2,449860,-59,-0.01,9,0,0.00,-54.5,-0.01,8017,3.21,0
348,Exit long,2020-11-01 18:00,NQ09B BUY WEEKLY STOP,11033.5,2,441390,-59,-0.01,9,0,0.00,-54.5,-0.01,7958,3.18,0
348,Entry long,2020-11-01 18:00,[CC] BUY WEEKLY,11034.75,2,441390,-59,-0.01,9,0,0.00,-54.5,-0.01,7958,3.18,0
349,Exit long,2020-11-02 09:30,NQ09B BUY NY N130 TP2,11152.25,2,445580,501,0.11,9,505.5,0.11,-14.5,0.00,8459,3.38,0
349,Entry long,2020-11-02 09:30,[CC] BUY NY,11139.5,2,445580,501,0.11,9,505.5,0.11,-14.5,0.00,8459,3.38,0
350,Exit long,2020-11-03 09:30,NQ09B BUY NY STOP,11143.5,2,445790,-59,-0.01,9,335.5,0.08,-54.5,-0.01,8400,3.36,0
350,Entry long,2020-11-03 09:30,[CC] BUY NY,11144.75,2,445790,-59,-0.01,9,335.5,0.08,-54.5,-0.01,8400,3.36,0
351,Exit long,2020-11-03 18:00,NQ09B BUY WEEKDAY 1800 STOP,11263,1,225285,-29.5,-0.01,4.5,0,0.00,-27.25,-0.01,8370.5,3.35,0
351,Entry long,2020-11-03 18:00,[CC] BUY WEAK,11264.25,1,225285,-29.5,-0.01,4.5,0,0.00,-27.25,-0.01,8370.5,3.35,0
352,Exit long,2020-11-04 09:30,NQ09B BUY NY STOP,11626.5,2,465110,-59,-0.01,9,0,0.00,-54.5,-0.01,8311.5,3.32,0
352,Entry long,2020-11-04 09:30,[CC] BUY NY,11627.75,2,465110,-59,-0.01,9,0,0.00,-54.5,-0.01,8311.5,3.32,0
353,Exit long,2020-11-04 18:00,NQ09B BUY WEEKDAY 1800 D80,11838.25,2,473210,311,0.07,9,315.5,0.07,-14.5,0.00,8622.5,3.45,0
353,Entry long,2020-11-04 18:00,[CC] BUY PREMIUM,11830.25,2,473210,311,0.07,9,315.5,0.07,-14.5,0.00,8622.5,3.45,0
354,Exit long,2020-11-05 09:30,NQ09B BUY NY STOP,12029,2,481210,-59,-0.01,9,185.5,0.04,-54.5,-0.01,8563.5,3.43,0
354,Entry long,2020-11-05 09:30,[CC] BUY NY,12030.25,2,481210,-59,-0.01,9,185.5,0.04,-54.5,-0.01,8563.5,3.43,0
355,Exit long,2020-11-05 18:00,NQ09B BUY WEEKDAY 1800 STOP,12087.5,1,241775,-29.5,-0.01,4.5,2.75,0.00,-27.25,-0.01,8534,3.41,0
355,Entry long,2020-11-05 18:00,[CC] BUY WEAK,12088.75,1,241775,-29.5,-0.01,4.5,2.75,0.00,-27.25,-0.01,8534,3.41,0
356,Exit long,2020-11-06 09:30,NQ09B BUY NY N130 TP2,12048,2,481410,501,0.10,9,505.5,0.11,-14.5,0.00,9035,3.61,0
356,Entry long,2020-11-06 09:30,[CC] BUY NY,12035.25,2,481410,501,0.10,9,505.5,0.11,-14.5,0.00,9035,3.61,0
357,Exit long,2020-11-08 18:00,NQ09B BUY WEEKLY STOP,12138.25,2,485580,-59,-0.01,9,0,0.00,-54.5,-0.01,8976,3.59,0
357,Entry long,2020-11-08 18:00,[CC] BUY WEEKLY,12139.5,2,485580,-59,-0.01,9,0,0.00,-54.5,-0.01,8976,3.59,0
358,Exit long,2020-11-09 09:30,NQ09B BUY NY N130 TP2,12204.25,2,487660,501,0.10,9,505.5,0.10,-14.5,0.00,9477,3.79,0
358,Entry long,2020-11-09 09:30,[CC] BUY NY,12191.5,2,487660,501,0.10,9,505.5,0.10,-14.5,0.00,9477,3.79,0
359,Exit long,2020-11-09 18:00,NQ09B BUY WEEKDAY 1800 STOP,11862.5,1,237275,-29.5,-0.01,4.5,0,0.00,-27.25,-0.01,9447.5,3.78,0
359,Entry long,2020-11-09 18:00,[CC] BUY WEAK,11863.75,1,237275,-29.5,-0.01,4.5,0,0.00,-27.25,-0.01,9447.5,3.78,0
360,Exit long,2020-11-10 09:30,NQ09B BUY NY STOP,11690.75,2,467680,-59,-0.01,9,0,0.00,-54.5,-0.01,9388.5,3.76,0
360,Entry long,2020-11-10 09:30,[CC] BUY NY,11692,2,467680,-59,-0.01,9,0,0.00,-54.5,-0.01,9388.5,3.76,0
361,Exit long,2020-11-11 09:30,NQ09B BUY NY STOP,11718.5,2,468790,-59,-0.01,9,0,0.00,-54.5,-0.01,9329.5,3.73,0
361,Entry long,2020-11-11 09:30,[CC] BUY NY,11719.75,2,468790,-59,-0.01,9,0,0.00,-54.5,-0.01,9329.5,3.73,0
362,Exit long,2020-11-11 18:00,NQ09B BUY WEEKDAY 1800 STOP,11897.5,1,237975,-29.5,-0.01,4.5,17.75,0.01,-27.25,-0.01,9300,3.72,0
362,Entry long,2020-11-11 18:00,[CC] BUY WEAK,11898.75,1,237975,-29.5,-0.01,4.5,17.75,0.01,-27.25,-0.01,9300,3.72,0
363,Exit long,2020-11-12 09:30,NQ09B BUY NY STOP,11916.5,2,476710,-59,-0.01,9,475.5,0.10,-54.5,-0.01,9241,3.70,0
363,Entry long,2020-11-12 09:30,[CC] BUY NY,11917.75,2,476710,-59,-0.01,9,475.5,0.10,-54.5,-0.01,9241,3.70,0
364,Exit long,2020-11-13 09:30,NQ09B BUY NY STOP,11888.75,2,475600,-59,-0.01,9,0,0.00,-54.5,-0.01,9182,3.67,0
364,Entry long,2020-11-13 09:30,[CC] BUY NY,11890,2,475600,-59,-0.01,9,0,0.00,-54.5,-0.01,9182,3.67,0
365,Exit long,2020-11-15 18:00,NQ09B BUY WEEKLY W80,11965.5,2,478300,311,0.07,9,315.5,0.07,-14.5,0.00,9493,3.80,0
365,Entry long,2020-11-15 18:00,[CC] BUY WEEKLY,11957.5,2,478300,311,0.07,9,315.5,0.07,-14.5,0.00,9493,3.80,0
366,Exit long,2020-11-16 09:30,NQ09B BUY NY STOP,11914.5,2,476630,-59,-0.01,9,385.5,0.08,-54.5,-0.01,9434,3.77,0
366,Entry long,2020-11-16 09:30,[CC] BUY NY,11915.75,2,476630,-59,-0.01,9,385.5,0.08,-54.5,-0.01,9434,3.77,0
367,Exit long,2020-11-17 09:30,NQ09B BUY NY STOP,12026.75,2,481120,-59,-0.01,9,0,0.00,-54.5,-0.01,9375,3.75,0
367,Entry long,2020-11-17 09:30,[CC] BUY NY,12028,2,481120,-59,-0.01,9,0,0.00,-54.5,-0.01,9375,3.75,0
368,Exit long,2020-11-17 18:00,NQ09B BUY WEEKDAY 1800 STOP,11971,1,239445,-29.5,-0.01,4.5,0,0.00,-27.25,-0.01,9345.5,3.74,0
368,Entry long,2020-11-17 18:00,[CC] BUY WEAK,11972.25,1,239445,-29.5,-0.01,4.5,0,0.00,-27.25,-0.01,9345.5,3.74,0
369,Exit long,2020-11-18 09:30,NQ09B BUY NY STOP,11958.25,2,478380,-59,-0.01,9,365.5,0.08,-54.5,-0.01,9286.5,3.71,0
369,Entry long,2020-11-18 09:30,[CC] BUY NY,11959.5,2,478380,-59,-0.01,9,365.5,0.08,-54.5,-0.01,9286.5,3.71,0
370,Exit long,2020-11-18 18:00,NQ09B BUY WEEKDAY 1800 STOP,11875,1,237525,-29.5,-0.01,4.5,0,0.00,-27.25,-0.01,9257,3.70,0
370,Entry long,2020-11-18 18:00,[CC] BUY WEAK,11876.25,1,237525,-29.5,-0.01,4.5,0,0.00,-27.25,-0.01,9257,3.70,0
371,Exit long,2020-11-19 09:30,NQ09B BUY NY N130 TP2,11882.5,2,474790,501,0.11,9,505.5,0.11,-14.5,0.00,9758,3.90,0
371,Entry long,2020-11-19 09:30,[CC] BUY NY,11869.75,2,474790,501,0.11,9,505.5,0.11,-14.5,0.00,9758,3.90,0
372,Exit long,2020-11-19 18:00,NQ09B BUY WEEKDAY 1800 STOP,11959,1,239205,-29.5,-0.01,4.5,0,0.00,-27.25,-0.01,9728.5,3.89,0
372,Entry long,2020-11-19 18:00,[CC] BUY WEAK,11960.25,1,239205,-29.5,-0.01,4.5,0,0.00,-27.25,-0.01,9728.5,3.89,0
373,Exit long,2020-11-20 09:30,NQ09B BUY NY STOP,11983,2,479370,-59,-0.01,9,0,0.00,-54.5,-0.01,9669.5,3.87,0
373,Entry long,2020-11-20 09:30,[CC] BUY NY,11984.25,2,479370,-59,-0.01,9,0,0.00,-54.5,-0.01,9669.5,3.87,0
374,Exit long,2020-11-22 18:00,NQ09B BUY WEEKLY STOP,11893,2,475770,-59,-0.01,9,0,0.00,-54.5,-0.01,9610.5,3.84,0
374,Entry long,2020-11-22 18:00,[CC] BUY WEEKLY,11894.25,2,475770,-59,-0.01,9,0,0.00,-54.5,-0.01,9610.5,3.84,0
375,Exit long,2020-11-23 09:30,NQ09B BUY NY STOP,11945.25,2,477860,-59,-0.01,9,0,0.00,-54.5,-0.01,9551.5,3.82,0
375,Entry long,2020-11-23 09:30,[CC] BUY NY,11946.5,2,477860,-59,-0.01,9,0,0.00,-54.5,-0.01,9551.5,3.82,0
376,Exit long,2020-11-24 09:30,NQ09B BUY NY STOP,11948.25,2,477980,-59,-0.01,9,265.5,0.06,-54.5,-0.01,9492.5,3.80,0
376,Entry long,2020-11-24 09:30,[CC] BUY NY,11949.5,2,477980,-59,-0.01,9,265.5,0.06,-54.5,-0.01,9492.5,3.80,0
377,Exit long,2020-11-24 18:00,NQ09B BUY WEEKDAY 1800 STOP,12097.5,2,483950,-59,-0.01,9,175.5,0.04,-54.5,-0.01,9433.5,3.77,0
377,Entry long,2020-11-24 18:00,[CC] BUY PREMIUM,12098.75,2,483950,-59,-0.01,9,175.5,0.04,-54.5,-0.01,9433.5,3.77,0
378,Exit long,2020-11-25 09:30,NQ09B BUY NY STOP,12111.25,2,484500,-59,-0.01,9,0,0.00,-54.5,-0.01,9374.5,3.75,0
378,Entry long,2020-11-25 09:30,[CC] BUY NY,12112.5,2,484500,-59,-0.01,9,0,0.00,-54.5,-0.01,9374.5,3.75,0
379,Exit long,2020-11-26 09:30,NQ09B BUY NY STOP,12198,2,487970,-59,-0.01,9,0,0.00,-54.5,-0.01,9315.5,3.73,0
379,Entry long,2020-11-26 09:30,[CC] BUY NY,12199.25,2,487970,-59,-0.01,9,0,0.00,-54.5,-0.01,9315.5,3.73,0
380,Exit long,2020-11-27 09:30,NQ09B BUY NY STOP,12226.75,2,489120,-59,-0.01,9,0,0.00,-54.5,-0.01,9256.5,3.70,0
380,Entry long,2020-11-27 09:30,[CC] BUY NY,12228,2,489120,-59,-0.01,9,0,0.00,-54.5,-0.01,9256.5,3.70,0
381,Exit long,2020-11-30 09:30,NQ09B BUY NY STOP,12269.75,2,490840,-59,-0.01,9,0,0.00,-54.5,-0.01,9197.5,3.68,0
381,Entry long,2020-11-30 09:30,[CC] BUY NY,12271,2,490840,-59,-0.01,9,0,0.00,-54.5,-0.01,9197.5,3.68,0
382,Exit long,2020-11-30 18:00,NQ09B BUY WEEKDAY 1800 STOP,12335,2,493450,-59,-0.01,9,215.5,0.04,-54.5,-0.01,9138.5,3.66,0
382,Entry long,2020-11-30 18:00,[CC] BUY PREMIUM,12336.25,2,493450,-59,-0.01,9,215.5,0.04,-54.5,-0.01,9138.5,3.66,0
383,Exit long,2020-12-01 09:30,NQ09B BUY NY STOP,12375.25,2,495060,-59,-0.01,9,315.5,0.06,-54.5,-0.01,9079.5,3.63,0
383,Entry long,2020-12-01 09:30,[CC] BUY NY,12376.5,2,495060,-59,-0.01,9,315.5,0.06,-54.5,-0.01,9079.5,3.63,0
384,Exit long,2020-12-01 18:00,NQ09B BUY WEEKDAY 1800 D80,12464.5,1,249130,155.5,0.06,4.5,157.75,0.06,-7.25,0.00,9235,3.69,0
384,Entry long,2020-12-01 18:00,[CC] BUY WEAK,12456.5,1,249130,155.5,0.06,4.5,157.75,0.06,-7.25,0.00,9235,3.69,0
385,Exit long,2020-12-02 09:30,NQ09B BUY NY STOP,12389.5,2,495630,-59,-0.01,9,275.5,0.06,-54.5,-0.01,9176,3.67,0
385,Entry long,2020-12-02 09:30,[CC] BUY NY,12390.75,2,495630,-59,-0.01,9,275.5,0.06,-54.5,-0.01,9176,3.67,0
386,Exit long,2020-12-03 09:30,NQ09B BUY NY STOP,12463.75,2,498600,-59,-0.01,9,0,0.00,-54.5,-0.01,9117,3.65,0
386,Entry long,2020-12-03 09:30,[CC] BUY NY,12465,2,498600,-59,-0.01,9,0,0.00,-54.5,-0.01,9117,3.65,0
387,Exit long,2020-12-04 09:30,NQ09B BUY NY STOP,12474,2,499010,-59,-0.01,9,265.5,0.05,-54.5,-0.01,9058,3.62,0
387,Entry long,2020-12-04 09:30,[CC] BUY NY,12475.25,2,499010,-59,-0.01,9,265.5,0.05,-54.5,-0.01,9058,3.62,0
388,Exit long,2020-12-06 18:00,NQ09B BUY WEEKLY STOP,12524,2,501010,-59,-0.01,9,0,0.00,-54.5,-0.01,8999,3.60,0
388,Entry long,2020-12-06 18:00,[CC] BUY WEEKLY,12525.25,2,501010,-59,-0.01,9,0,0.00,-54.5,-0.01,8999,3.60,0
389,Exit long,2020-12-07 09:30,NQ09B BUY NY STOP,12531.75,2,501320,-59,-0.01,9,0,0.00,-54.5,-0.01,8940,3.58,0
389,Entry long,2020-12-07 09:30,[CC] BUY NY,12533,2,501320,-59,-0.01,9,0,0.00,-54.5,-0.01,8940,3.58,0
390,Exit long,2020-12-07 18:00,NQ09B BUY WEEKDAY 1800 STOP,12573,2,502970,-59,-0.01,9,0,0.00,-54.5,-0.01,8881,3.55,0
390,Entry long,2020-12-07 18:00,[CC] BUY PREMIUM,12574.25,2,502970,-59,-0.01,9,0,0.00,-54.5,-0.01,8881,3.55,0
391,Exit long,2020-12-08 09:30,NQ09B BUY NY STOP,12576,2,503090,-59,-0.01,9,395.5,0.08,-54.5,-0.01,8822,3.53,0
391,Entry long,2020-12-08 09:30,[CC] BUY NY,12577.25,2,503090,-59,-0.01,9,395.5,0.08,-54.5,-0.01,8822,3.53,0
392,Exit long,2020-12-09 09:30,NQ09B BUY NY STOP,12630,2,505250,-59,-0.01,9,35.5,0.01,-54.5,-0.01,8763,3.51,0
392,Entry long,2020-12-09 09:30,[CC] BUY NY,12631.25,2,505250,-59,-0.01,9,35.5,0.01,-54.5,-0.01,8763,3.51,0
393,Exit long,2020-12-10 09:30,NQ09B BUY NY N130 TP2,12277.75,2,490600,501,0.10,9,505.5,0.10,-14.5,0.00,9264,3.71,0
393,Entry long,2020-12-10 09:30,[CC] BUY NY,12265,2,490600,501,0.10,9,505.5,0.10,-14.5,0.00,9264,3.71,0
394,Exit long,2020-12-11 09:30,NQ09B BUY NY N130 TP2,12342.75,2,493200,501,0.10,9,505.5,0.10,-14.5,0.00,9765,3.91,0
394,Entry long,2020-12-11 09:30,[CC] BUY NY,12330,2,493200,501,0.10,9,505.5,0.10,-14.5,0.00,9765,3.91,0
395,Exit long,2020-12-13 18:00,NQ09B BUY WEEKLY STOP,12404.5,2,496230,-59,-0.01,9,0,0.00,-54.5,-0.01,9706,3.88,0
395,Entry long,2020-12-13 18:00,[CC] BUY WEEKLY,12405.75,2,496230,-59,-0.01,9,0,0.00,-54.5,-0.01,9706,3.88,0
396,Exit long,2020-12-14 09:30,NQ09B BUY NY STOP,12420,2,496850,-59,-0.01,9,0,0.00,-54.5,-0.01,9647,3.86,0
396,Entry long,2020-12-14 09:30,[CC] BUY NY,12421.25,2,496850,-59,-0.01,9,0,0.00,-54.5,-0.01,9647,3.86,0
397,Exit long,2020-12-15 09:30,NQ09B BUY NY N130 TP2,12577.5,2,502590,501,0.10,9,505.5,0.10,-14.5,0.00,10148,4.06,0
397,Entry long,2020-12-15 09:30,[CC] BUY NY,12564.75,2,502590,501,0.10,9,505.5,0.10,-14.5,0.00,10148,4.06,0
398,Exit long,2020-12-16 09:30,NQ09B BUY NY STOP,12616.75,2,504720,-59,-0.01,9,285.5,0.06,-54.5,-0.01,10089,4.04,0
398,Entry long,2020-12-16 09:30,[CC] BUY NY,12618,2,504720,-59,-0.01,9,285.5,0.06,-54.5,-0.01,10089,4.04,0
399,Exit long,2020-12-16 18:00,NQ09B BUY WEEKDAY 1800 STOP,12680.25,1,253630,-29.5,-0.01,4.5,0,0.00,-27.25,-0.01,10059.5,4.02,0
399,Entry long,2020-12-16 18:00,[CC] BUY WEAK,12681.5,1,253630,-29.5,-0.01,4.5,0,0.00,-27.25,-0.01,10059.5,4.02,0
400,Exit long,2020-12-17 09:30,NQ09B BUY NY STOP,12736.25,2,509500,-59,-0.01,9,0,0.00,-54.5,-0.01,10000.5,4.00,0
400,Entry long,2020-12-17 09:30,[CC] BUY NY,12737.5,2,509500,-59,-0.01,9,0,0.00,-54.5,-0.01,10000.5,4.00,0
401,Exit long,2020-12-18 09:30,NQ09B BUY NY N130 TP2,12787.75,2,511000,501,0.10,9,505.5,0.10,-14.5,0.00,10501.5,4.20,0
401,Entry long,2020-12-18 09:30,[CC] BUY NY,12775,2,511000,501,0.10,9,505.5,0.10,-14.5,0.00,10501.5,4.20,0
402,Exit long,2020-12-20 18:00,NQ09B BUY WEEKLY W80,12768.25,2,510410,311,0.06,9,315.5,0.06,-14.5,0.00,10812.5,4.32,0
402,Entry long,2020-12-20 18:00,[CC] BUY WEEKLY,12760.25,2,510410,311,0.06,9,315.5,0.06,-14.5,0.00,10812.5,4.32,0
403,Exit long,2020-12-21 09:30,NQ09B BUY NY STOP,12580.5,2,503270,-59,-0.01,9,0,0.00,-54.5,-0.01,10753.5,4.30,0
403,Entry long,2020-12-21 09:30,[CC] BUY NY,12581.75,2,503270,-59,-0.01,9,0,0.00,-54.5,-0.01,10753.5,4.30,0
404,Exit long,2020-12-22 09:30,NQ09B BUY NY STOP,12718.25,2,508780,-59,-0.01,9,25.5,0.01,-54.5,-0.01,10694.5,4.28,0
404,Entry long,2020-12-22 09:30,[CC] BUY NY,12719.5,2,508780,-59,-0.01,9,25.5,0.01,-54.5,-0.01,10694.5,4.28,0
405,Exit long,2020-12-23 09:30,NQ09B BUY NY STOP,12713,2,508570,-59,-0.01,9,365.5,0.07,-54.5,-0.01,10635.5,4.25,0
405,Entry long,2020-12-23 09:30,[CC] BUY NY,12714.25,2,508570,-59,-0.01,9,365.5,0.07,-54.5,-0.01,10635.5,4.25,0
406,Exit long,2020-12-23 18:00,NQ09B BUY WEEKDAY 1800 STOP,12659.75,1,253220,-29.5,-0.01,4.5,132.75,0.05,-27.25,-0.01,10606,4.24,0
406,Entry long,2020-12-23 18:00,[CC] BUY WEAK,12661,1,253220,-29.5,-0.01,4.5,132.75,0.05,-27.25,-0.01,10606,4.24,0
407,Exit long,2020-12-24 09:30,NQ09B BUY NY STOP,12658.75,2,506400,-59,-0.01,9,0,0.00,-54.5,-0.01,10547,4.22,0
407,Entry long,2020-12-24 09:30,[CC] BUY NY,12660,2,506400,-59,-0.01,9,0,0.00,-54.5,-0.01,10547,4.22,0
408,Exit long,2020-12-28 09:30,NQ09B BUY NY STOP,12815.25,2,512660,-59,-0.01,9,135.5,0.03,-54.5,-0.01,10488,4.20,0
408,Entry long,2020-12-28 09:30,[CC] BUY NY,12816.5,2,512660,-59,-0.01,9,135.5,0.03,-54.5,-0.01,10488,4.20,0
409,Exit long,2020-12-29 09:30,NQ09B BUY NY STOP,12890.75,2,515680,-59,-0.01,9,0,0.00,-54.5,-0.01,10429,4.17,0
409,Entry long,2020-12-29 09:30,[CC] BUY NY,12892,2,515680,-59,-0.01,9,0,0.00,-54.5,-0.01,10429,4.17,0
410,Exit long,2020-12-30 09:30,NQ09B BUY NY STOP,12896,2,515890,-59,-0.01,9,495.5,0.10,-54.5,-0.01,10370,4.15,0
410,Entry long,2020-12-30 09:30,[CC] BUY NY,12897.25,2,515890,-59,-0.01,9,495.5,0.10,-54.5,-0.01,10370,4.15,0
411,Exit long,2020-12-30 18:00,NQ09B BUY WEEKDAY 1800 D80,12848.25,1,256805,155.5,0.06,4.5,157.75,0.06,-7.25,0.00,10525.5,4.21,0
411,Entry long,2020-12-30 18:00,[CC] BUY WEAK,12840.25,1,256805,155.5,0.06,4.5,157.75,0.06,-7.25,0.00,10525.5,4.21,0
412,Exit long,2020-12-31 09:30,NQ09B BUY NY STOP,12840.5,2,513670,-59,-0.01,9,315.5,0.06,-54.5,-0.01,10466.5,4.19,0
412,Entry long,2020-12-31 09:30,[CC] BUY NY,12841.75,2,513670,-59,-0.01,9,315.5,0.06,-54.5,-0.01,10466.5,4.19,0
413,Exit long,2021-01-03 18:00,NQ09B BUY WEEKLY W80,12897.25,2,515570,311,0.06,9,315.5,0.06,-14.5,0.00,10777.5,4.31,0
413,Entry long,2021-01-03 18:00,[CC] BUY WEEKLY,12889.25,2,515570,311,0.06,9,315.5,0.06,-14.5,0.00,10777.5,4.31,0
414,Exit long,2021-01-04 09:30,NQ09B BUY NY STOP,12932.75,2,517360,-59,-0.01,9,285.5,0.06,-54.5,-0.01,10718.5,4.29,0
414,Entry long,2021-01-04 09:30,[CC] BUY NY,12934,2,517360,-59,-0.01,9,285.5,0.06,-54.5,-0.01,10718.5,4.29,0
415,Exit long,2021-01-04 18:00,NQ09B BUY WEEKDAY 1800 STOP,12681.75,1,253660,-29.5,-0.01,4.5,117.75,0.05,-27.25,-0.01,10689,4.28,0
415,Entry long,2021-01-04 18:00,[CC] BUY WEAK,12683,1,253660,-29.5,-0.01,4.5,117.75,0.05,-27.25,-0.01,10689,4.28,0
416,Exit long,2021-01-05 09:30,NQ09B BUY NY STOP,12650,2,506050,-59,-0.01,9,0,0.00,-54.5,-0.01,10630,4.25,0
416,Entry long,2021-01-05 09:30,[CC] BUY NY,12651.25,2,506050,-59,-0.01,9,0,0.00,-54.5,-0.01,10630,4.25,0
417,Exit long,2021-01-05 18:00,NQ09B BUY WEEKDAY 1800 STOP,12799.25,1,256010,-29.5,-0.01,4.5,0,0.00,-27.25,-0.01,10600.5,4.24,0
417,Entry long,2021-01-05 18:00,[CC] BUY WEAK,12800.5,1,256010,-29.5,-0.01,4.5,0,0.00,-27.25,-0.01,10600.5,4.24,0
418,Exit long,2021-01-06 09:30,NQ09B BUY NY N130 TP2,12611.25,2,503940,501,0.10,9,505.5,0.10,-14.5,0.00,11101.5,4.44,0
418,Entry long,2021-01-06 09:30,[CC] BUY NY,12598.5,2,503940,501,0.10,9,505.5,0.10,-14.5,0.00,11101.5,4.44,0
419,Exit long,2021-01-06 18:00,NQ09B BUY WEEKDAY 1800 STOP,12657.5,2,506350,-59,-0.01,9,245.5,0.05,-54.5,-0.01,11042.5,4.42,0
419,Entry long,2021-01-06 18:00,[CC] BUY PREMIUM,12658.75,2,506350,-59,-0.01,9,245.5,0.05,-54.5,-0.01,11042.5,4.42,0
420,Exit long,2021-01-07 09:30,NQ09B BUY NY STOP,12727,2,509130,-59,-0.01,9,0,0.00,-54.5,-0.01,10983.5,4.39,0
420,Entry long,2021-01-07 09:30,[CC] BUY NY,12728.25,2,509130,-59,-0.01,9,0,0.00,-54.5,-0.01,10983.5,4.39,0
421,Exit long,2021-01-07 18:00,NQ09B BUY WEEKDAY 1800 STOP,12926,1,258545,-29.5,-0.01,4.5,0,0.00,-27.25,-0.01,10954,4.38,0
421,Entry long,2021-01-07 18:00,[CC] BUY WEAK,12927.25,1,258545,-29.5,-0.01,4.5,0,0.00,-27.25,-0.01,10954,4.38,0
422,Exit long,2021-01-08 09:30,NQ09B BUY NY N130 TP2,13032,2,520770,501,0.10,9,505.5,0.10,-14.5,0.00,11455,4.58,0
422,Entry long,2021-01-08 09:30,[CC] BUY NY,13019.25,2,520770,501,0.10,9,505.5,0.10,-14.5,0.00,11455,4.58,0
423,Exit long,2021-01-10 18:00,NQ09B BUY WEEKLY W80,13101.5,2,523740,311,0.06,9,315.5,0.06,-14.5,0.00,11766,4.71,0
423,Entry long,2021-01-10 18:00,[CC] BUY WEEKLY,13093.5,2,523740,311,0.06,9,315.5,0.06,-14.5,0.00,11766,4.71,0
424,Exit long,2021-01-11 09:30,NQ09B BUY NY STOP,12963.25,2,518580,-59,-0.01,9,405.5,0.08,-54.5,-0.01,11707,4.68,0
424,Entry long,2021-01-11 09:30,[CC] BUY NY,12964.5,2,518580,-59,-0.01,9,405.5,0.08,-54.5,-0.01,11707,4.68,0
425,Exit long,2021-01-11 18:00,NQ09B BUY WEEKDAY 1800 STOP,12909.75,1,258220,-29.5,-0.01,4.5,152.75,0.06,-27.25,-0.01,11677.5,4.67,0
425,Entry long,2021-01-11 18:00,[CC] BUY WEAK,12911,1,258220,-29.5,-0.01,4.5,152.75,0.06,-27.25,-0.01,11677.5,4.67,0
426,Exit long,2021-01-12 09:30,NQ09B BUY NY STOP,12901.5,2,516110,-59,-0.01,9,0,0.00,-54.5,-0.01,11618.5,4.65,0
426,Entry long,2021-01-12 09:30,[CC] BUY NY,12902.75,2,516110,-59,-0.01,9,0,0.00,-54.5,-0.01,11618.5,4.65,0
427,Exit long,2021-01-13 09:30,NQ09B BUY NY STOP,12888.25,2,515580,-59,-0.01,9,0,0.00,-54.5,-0.01,11559.5,4.62,0
427,Entry long,2021-01-13 09:30,[CC] BUY NY,12889.5,2,515580,-59,-0.01,9,0,0.00,-54.5,-0.01,11559.5,4.62,0
428,Exit long,2021-01-14 09:30,NQ09B BUY NY STOP,12984.75,2,519440,-59,-0.01,9,0,0.00,-54.5,-0.01,11500.5,4.60,0
428,Entry long,2021-01-14 09:30,[CC] BUY NY,12986,2,519440,-59,-0.01,9,0,0.00,-54.5,-0.01,11500.5,4.60,0
429,Exit long,2021-01-15 09:30,NQ09B BUY NY STOP,12889,2,515610,-59,-0.01,9,0,0.00,-54.5,-0.01,11441.5,4.58,0
429,Entry long,2021-01-15 09:30,[CC] BUY NY,12890.25,2,515610,-59,-0.01,9,0,0.00,-54.5,-0.01,11441.5,4.58,0
430,Exit long,2021-01-17 18:00,NQ09B BUY WEEKLY STOP,12773.25,2,510980,-59,-0.01,9,0,0.00,-54.5,-0.01,11382.5,4.55,0
430,Entry long,2021-01-17 18:00,[CC] BUY WEEKLY,12774.5,2,510980,-59,-0.01,9,0,0.00,-54.5,-0.01,11382.5,4.55,0
431,Exit long,2021-01-18 09:30,NQ09B BUY NY STOP,12799.25,2,512020,-59,-0.01,9,255.5,0.05,-54.5,-0.01,11323.5,4.53,0
431,Entry long,2021-01-18 09:30,[CC] BUY NY,12800.5,2,512020,-59,-0.01,9,255.5,0.05,-54.5,-0.01,11323.5,4.53,0
432,Exit long,2021-01-18 18:00,NQ09B BUY WEEKDAY 1800 STOP,12811,1,256245,-29.5,-0.01,4.5,0,0.00,-27.25,-0.01,11294,4.52,0
432,Entry long,2021-01-18 18:00,[CC] BUY WEAK,12812.25,1,256245,-29.5,-0.01,4.5,0,0.00,-27.25,-0.01,11294,4.52,0
433,Exit long,2021-01-19 09:30,NQ09B BUY NY STOP,12895.5,2,515870,-59,-0.01,9,0,0.00,-54.5,-0.01,11235,4.49,0
433,Entry long,2021-01-19 09:30,[CC] BUY NY,12896.75,2,515870,-59,-0.01,9,0,0.00,-54.5,-0.01,11235,4.49,0
434,Exit long,2021-01-19 18:00,NQ09B BUY WEEKDAY 1800 STOP,13029,2,521210,-59,-0.01,9,0,0.00,-54.5,-0.01,11176,4.47,0
434,Entry long,2021-01-19 18:00,[CC] BUY PREMIUM,13030.25,2,521210,-59,-0.01,9,0,0.00,-54.5,-0.01,11176,4.47,0
435,Exit long,2021-01-20 09:30,NQ09B BUY NY STOP,13136,2,525490,-59,-0.01,9,495.5,0.09,-54.5,-0.01,11117,4.45,0
435,Entry long,2021-01-20 09:30,[CC] BUY NY,13137.25,2,525490,-59,-0.01,9,495.5,0.09,-54.5,-0.01,11117,4.45,0
436,Exit long,2021-01-20 18:00,NQ09B BUY WEEKDAY 1800 D80,13296.75,1,265775,155.5,0.06,4.5,157.75,0.06,-17.25,-0.01,11272.5,4.51,0
436,Entry long,2021-01-20 18:00,[CC] BUY WEAK,13288.75,1,265775,155.5,0.06,4.5,157.75,0.06,-17.25,-0.01,11272.5,4.51,0
437,Exit long,2021-01-21 09:30,NQ09B BUY NY STOP,13339,2,533610,-59,-0.01,9,135.5,0.03,-54.5,-0.01,11213.5,4.49,0
437,Entry long,2021-01-21 09:30,[CC] BUY NY,13340.25,2,533610,-59,-0.01,9,135.5,0.03,-54.5,-0.01,11213.5,4.49,0
438,Exit long,2021-01-22 09:30,NQ09B BUY NY N130 TP2,13360.75,2,533920,501,0.09,9,505.5,0.09,-14.5,0.00,11714.5,4.69,0
438,Entry long,2021-01-22 09:30,[CC] BUY NY,13348,2,533920,501,0.09,9,505.5,0.09,-14.5,0.00,11714.5,4.69,0
439,Exit long,2021-01-24 18:00,NQ09B BUY WEEKLY STOP,13369,2,534810,-59,-0.01,9,0,0.00,-54.5,-0.01,11655.5,4.66,0
439,Entry long,2021-01-24 18:00,[CC] BUY WEEKLY,13370.25,2,534810,-59,-0.01,9,0,0.00,-54.5,-0.01,11655.5,4.66,0
440,Exit long,2021-01-25 09:30,NQ09B BUY NY STOP,13496.75,2,539920,-59,-0.01,9,0,0.00,-54.5,-0.01,11596.5,4.64,0
440,Entry long,2021-01-25 09:30,[CC] BUY NY,13498,2,539920,-59,-0.01,9,0,0.00,-54.5,-0.01,11596.5,4.64,0
441,Exit long,2021-01-25 18:00,NQ09B BUY WEEKDAY 1800 STOP,13458.75,1,269200,-29.5,-0.01,4.5,102.75,0.04,-27.25,-0.01,11567,4.63,0
441,Entry long,2021-01-25 18:00,[CC] BUY WEAK,13460,1,269200,-29.5,-0.01,4.5,102.75,0.04,-27.25,-0.01,11567,4.63,0
442,Exit long,2021-01-26 09:30,NQ09B BUY NY STOP,13492.25,2,539740,-59,-0.01,9,0,0.00,-54.5,-0.01,11508,4.60,0
442,Entry long,2021-01-26 09:30,[CC] BUY NY,13493.5,2,539740,-59,-0.01,9,0,0.00,-54.5,-0.01,11508,4.60,0
443,Exit long,2021-01-26 18:00,NQ09B BUY WEEKDAY 1800 STOP,13550,2,542050,-59,-0.01,9,0,0.00,-54.5,-0.01,11449,4.58,0
443,Entry long,2021-01-26 18:00,[CC] BUY PREMIUM,13551.25,2,542050,-59,-0.01,9,0,0.00,-54.5,-0.01,11449,4.58,0
444,Exit long,2021-01-27 09:30,NQ09B BUY NY STOP,13388.5,2,535590,-59,-0.01,9,0,0.00,-54.5,-0.01,11390,4.56,0
444,Entry long,2021-01-27 09:30,[CC] BUY NY,13389.75,2,535590,-59,-0.01,9,0,0.00,-54.5,-0.01,11390,4.56,0
445,Exit long,2021-01-27 18:00,NQ09B BUY WEEKDAY 1800 STOP,13051.5,2,522110,-59,-0.01,9,55.5,0.01,-54.5,-0.01,11331,4.53,0
445,Entry long,2021-01-27 18:00,[CC] BUY PREMIUM,13052.75,2,522110,-59,-0.01,9,55.5,0.01,-54.5,-0.01,11331,4.53,0
446,Exit long,2021-01-28 09:30,NQ09B BUY NY STOP,13154.25,2,526220,-59,-0.01,9,0,0.00,-54.5,-0.01,11272,4.51,0
446,Entry long,2021-01-28 09:30,[CC] BUY NY,13155.5,2,526220,-59,-0.01,9,0,0.00,-54.5,-0.01,11272,4.51,0
447,Exit long,2021-01-28 18:00,NQ09B BUY WEEKDAY 1800 D80,13164.25,2,526250,311,0.06,9,315.5,0.06,-14.5,0.00,11583,4.63,0
447,Entry long,2021-01-28 18:00,[CC] BUY PREMIUM,13156.25,2,526250,311,0.06,9,315.5,0.06,-14.5,0.00,11583,4.63,0
448,Exit long,2021-01-29 09:30,NQ09B BUY NY STOP,13109.5,2,524430,-59,-0.01,9,0,0.00,-54.5,-0.01,11524,4.61,0
448,Entry long,2021-01-29 09:30,[CC] BUY NY,13110.75,2,524430,-59,-0.01,9,0,0.00,-54.5,-0.01,11524,4.61,0
449,Exit long,2021-01-31 18:00,NQ09B BUY WEEKLY W80,12857.25,2,513970,311,0.06,9,315.5,0.06,-14.5,0.00,11835,4.73,0
449,Entry long,2021-01-31 18:00,[CC] BUY WEEKLY,12849.25,2,513970,311,0.06,9,315.5,0.06,-14.5,0.00,11835,4.73,0
450,Exit long,2021-02-01 09:30,NQ09B BUY NY STOP,13050.5,2,522070,-59,-0.01,9,0,0.00,-54.5,-0.01,11776,4.71,0
450,Entry long,2021-02-01 09:30,[CC] BUY NY,13051.75,2,522070,-59,-0.01,9,0,0.00,-54.5,-0.01,11776,4.71,0
451,Exit long,2021-02-01 18:00,NQ09B BUY WEEKDAY 1800 STOP,13231.5,1,264655,-29.5,-0.01,4.5,0,0.00,-27.25,-0.01,11746.5,4.70,0
451,Entry long,2021-02-01 18:00,[CC] BUY WEAK,13232.75,1,264655,-29.5,-0.01,4.5,0,0.00,-27.25,-0.01,11746.5,4.70,0
452,Exit long,2021-02-02 09:30,NQ09B BUY NY STOP,13351.25,2,534100,-59,-0.01,9,0,0.00,-54.5,-0.01,11687.5,4.68,0
452,Entry long,2021-02-02 09:30,[CC] BUY NY,13352.5,2,534100,-59,-0.01,9,0,0.00,-54.5,-0.01,11687.5,4.68,0
453,Exit long,2021-02-02 18:00,NQ09B BUY WEEKDAY 1800 STOP,13505,2,540250,-59,-0.01,9,145.5,0.03,-54.5,-0.01,11628.5,4.65,0
453,Entry long,2021-02-02 18:00,[CC] BUY PREMIUM,13506.25,2,540250,-59,-0.01,9,145.5,0.03,-54.5,-0.01,11628.5,4.65,0
454,Exit long,2021-02-03 09:30,NQ09B BUY NY N130 TP2,13544.5,2,541270,501,0.09,9,505.5,0.09,-14.5,0.00,12129.5,4.85,0
454,Entry long,2021-02-03 09:30,[CC] BUY NY,13531.75,2,541270,501,0.09,9,505.5,0.09,-14.5,0.00,12129.5,4.85,0
455,Exit long,2021-02-03 18:00,NQ09B BUY WEEKDAY 1800 D80,13437.75,2,537190,311,0.06,9,315.5,0.06,-14.5,0.00,12440.5,4.98,0
455,Entry long,2021-02-03 18:00,[CC] BUY PREMIUM,13429.75,2,537190,311,0.06,9,315.5,0.06,-14.5,0.00,12440.5,4.98,0
456,Exit long,2021-02-04 09:30,NQ09B BUY NY N130 TP2,13462,2,537970,501,0.09,9,505.5,0.09,-14.5,0.00,12941.5,5.18,0
456,Entry long,2021-02-04 09:30,[CC] BUY NY,13449.25,2,537970,501,0.09,9,505.5,0.09,-14.5,0.00,12941.5,5.18,0
457,Exit long,2021-02-05 09:30,NQ09B BUY NY STOP,13589,2,543610,-59,-0.01,9,115.5,0.02,-54.5,-0.01,12882.5,5.15,0
457,Entry long,2021-02-05 09:30,[CC] BUY NY,13590.25,2,543610,-59,-0.01,9,115.5,0.02,-54.5,-0.01,12882.5,5.15,0
458,Exit long,2021-02-07 18:00,NQ09B BUY WEEKLY STOP,13622.75,2,544960,-59,-0.01,9,0,0.00,-54.5,-0.01,12823.5,5.13,0
458,Entry long,2021-02-07 18:00,[CC] BUY WEEKLY,13624,2,544960,-59,-0.01,9,0,0.00,-54.5,-0.01,12823.5,5.13,0
459,Exit long,2021-02-08 09:30,NQ09B BUY NY STOP,13665.25,2,546660,-59,-0.01,9,285.5,0.05,-54.5,-0.01,12764.5,5.11,0
459,Entry long,2021-02-08 09:30,[CC] BUY NY,13666.5,2,546660,-59,-0.01,9,285.5,0.05,-54.5,-0.01,12764.5,5.11,0
460,Exit long,2021-02-09 09:30,NQ09B BUY NY N130 TP2,13658.75,2,545840,501,0.09,9,505.5,0.09,-34.5,-0.01,13265.5,5.31,0
460,Entry long,2021-02-09 09:30,[CC] BUY NY,13646,2,545840,501,0.09,9,505.5,0.09,-34.5,-0.01,13265.5,5.31,0
461,Exit long,2021-02-10 09:30,NQ09B BUY NY STOP,13741.75,2,549720,-59,-0.01,9,0,0.00,-54.5,-0.01,13206.5,5.28,0
461,Entry long,2021-02-10 09:30,[CC] BUY NY,13743,2,549720,-59,-0.01,9,0,0.00,-54.5,-0.01,13206.5,5.28,0
462,Exit long,2021-02-11 09:30,NQ09B BUY NY STOP,13716.25,2,548700,-59,-0.01,9,0,0.00,-54.5,-0.01,13147.5,5.26,0
462,Entry long,2021-02-11 09:30,[CC] BUY NY,13717.5,2,548700,-59,-0.01,9,0,0.00,-54.5,-0.01,13147.5,5.26,0
463,Exit long,2021-02-11 18:00,NQ09B BUY WEEKDAY 1800 STOP,13710.25,1,274230,-29.5,-0.01,4.5,32.75,0.01,-27.25,-0.01,13118,5.25,0
463,Entry long,2021-02-11 18:00,[CC] BUY WEAK,13711.5,1,274230,-29.5,-0.01,4.5,32.75,0.01,-27.25,-0.01,13118,5.25,0
464,Exit long,2021-02-12 09:30,NQ09B BUY NY STOP,13692.5,2,547750,-59,-0.01,9,75.5,0.01,-54.5,-0.01,13059,5.22,0
464,Entry long,2021-02-12 09:30,[CC] BUY NY,13693.75,2,547750,-59,-0.01,9,75.5,0.01,-54.5,-0.01,13059,5.22,0
465,Exit long,2021-02-14 18:00,NQ09B BUY WEEKLY W80,13837.75,2,553190,311,0.06,9,315.5,0.06,-14.5,0.00,13370,5.35,0
465,Entry long,2021-02-14 18:00,[CC] BUY WEEKLY,13829.75,2,553190,311,0.06,9,315.5,0.06,-14.5,0.00,13370,5.35,0
466,Exit long,2021-02-15 09:30,NQ09B BUY NY STOP,13849.75,2,554040,-59,-0.01,9,0,0.00,-54.5,-0.01,13311,5.32,0
466,Entry long,2021-02-15 09:30,[CC] BUY NY,13851,2,554040,-59,-0.01,9,0,0.00,-54.5,-0.01,13311,5.32,0
467,Exit long,2021-02-15 18:00,NQ09B BUY WEEKDAY 1800 STOP,13871.5,1,277455,-29.5,-0.01,4.5,62.75,0.02,-27.25,-0.01,13281.5,5.31,0
467,Entry long,2021-02-15 18:00,[CC] BUY WEAK,13872.75,1,277455,-29.5,-0.01,4.5,62.75,0.02,-27.25,-0.01,13281.5,5.31,0
468,Exit long,2021-02-16 09:30,NQ09B BUY NY STOP,13834.75,2,553440,-59,-0.01,9,0,0.00,-54.5,-0.01,13222.5,5.29,0
468,Entry long,2021-02-16 09:30,[CC] BUY NY,13836,2,553440,-59,-0.01,9,0,0.00,-54.5,-0.01,13222.5,5.29,0
469,Exit long,2021-02-17 09:30,NQ09B BUY NY N130 TP2,13651.5,2,545550,501,0.09,9,505.5,0.09,-14.5,0.00,13723.5,5.49,0
469,Entry long,2021-02-17 09:30,[CC] BUY NY,13638.75,2,545550,501,0.09,9,505.5,0.09,-14.5,0.00,13723.5,5.49,0
470,Exit long,2021-02-18 09:30,NQ09B BUY NY STOP,13543.25,2,541780,-59,-0.01,9,415.5,0.08,-54.5,-0.01,13664.5,5.47,0
470,Entry long,2021-02-18 09:30,[CC] BUY NY,13544.5,2,541780,-59,-0.01,9,415.5,0.08,-54.5,-0.01,13664.5,5.47,0
471,Exit long,2021-02-19 09:30,NQ09B BUY NY STOP,13694.5,2,547830,-59,-0.01,9,185.5,0.03,-54.5,-0.01,13605.5,5.44,0
471,Entry long,2021-02-19 09:30,[CC] BUY NY,13695.75,2,547830,-59,-0.01,9,185.5,0.03,-54.5,-0.01,13605.5,5.44,0
472,Exit long,2021-02-21 18:00,NQ09B BUY WEEKLY W80,13593.25,2,543410,311,0.06,9,315.5,0.06,-14.5,0.00,13916.5,5.57,0
472,Entry long,2021-02-21 18:00,[CC] BUY WEEKLY,13585.25,2,543410,311,0.06,9,315.5,0.06,-14.5,0.00,13916.5,5.57,0
473,Exit long,2021-02-22 09:30,NQ09B BUY NY N130 TP2,13404.25,2,535660,501,0.09,9,505.5,0.09,-14.5,0.00,14417.5,5.77,0
473,Entry long,2021-02-22 09:30,[CC] BUY NY,13391.5,2,535660,501,0.09,9,505.5,0.09,-14.5,0.00,14417.5,5.77,0
474,Exit long,2021-02-23 09:30,NQ09B BUY NY N130 TP2,13014,2,520050,501,0.10,9,505.5,0.10,-14.5,0.00,14918.5,5.97,0
474,Entry long,2021-02-23 09:30,[CC] BUY NY,13001.25,2,520050,501,0.10,9,505.5,0.10,-14.5,0.00,14918.5,5.97,0
475,Exit long,2021-02-23 18:00,NQ09B BUY WEEKDAY 1800 STOP,13169.75,2,526840,-59,-0.01,9,0,0.00,-54.5,-0.01,14859.5,5.94,0
475,Entry long,2021-02-23 18:00,[CC] BUY PREMIUM,13171,2,526840,-59,-0.01,9,0,0.00,-54.5,-0.01,14859.5,5.94,0
476,Exit long,2021-02-24 09:30,NQ09B BUY NY STOP,13072.75,2,522960,-59,-0.01,9,0,0.00,-54.5,-0.01,14800.5,5.92,0
476,Entry long,2021-02-24 09:30,[CC] BUY NY,13074,2,522960,-59,-0.01,9,0,0.00,-54.5,-0.01,14800.5,5.92,0
477,Exit long,2021-02-24 18:00,NQ09B BUY WEEKDAY 1800 STOP,13303.75,1,266100,-29.5,-0.01,4.5,0,0.00,-27.25,-0.01,14771,5.91,0
477,Entry long,2021-02-24 18:00,[CC] BUY WEAK,13305,1,266100,-29.5,-0.01,4.5,0,0.00,-27.25,-0.01,14771,5.91,0
478,Exit long,2021-02-25 09:30,NQ09B BUY NY STOP,13179.75,2,527240,-59,-0.01,9,0,0.00,-54.5,-0.01,14712,5.88,0
478,Entry long,2021-02-25 09:30,[CC] BUY NY,13181,2,527240,-59,-0.01,9,0,0.00,-54.5,-0.01,14712,5.88,0
479,Exit long,2021-02-25 18:00,NQ09B BUY WEEKDAY 1800 D80,12810.75,2,512110,311,0.06,9,315.5,0.06,-14.5,0.00,15023,6.01,0
479,Entry long,2021-02-25 18:00,[CC] BUY PREMIUM,12802.75,2,512110,311,0.06,9,315.5,0.06,-14.5,0.00,15023,6.01,0
480,Exit long,2021-02-26 09:30,NQ09B BUY NY STOP,12951.75,2,518120,-59,-0.01,9,0,0.00,-54.5,-0.01,14964,5.99,0
480,Entry long,2021-02-26 09:30,[CC] BUY NY,12953,2,518120,-59,-0.01,9,0,0.00,-54.5,-0.01,14964,5.99,0
481,Exit long,2021-02-28 18:00,NQ09B BUY WEEKLY STOP,12956.5,2,518310,-59,-0.01,9,0,0.00,-54.5,-0.01,14905,5.96,0
481,Entry long,2021-02-28 18:00,[CC] BUY WEEKLY,12957.75,2,518310,-59,-0.01,9,0,0.00,-54.5,-0.01,14905,5.96,0
482,Exit long,2021-03-01 09:30,NQ09B BUY NY N130 TP2,13112.25,2,523980,501,0.10,9,505.5,0.10,-14.5,0.00,15406,6.16,0
482,Entry long,2021-03-01 09:30,[CC] BUY NY,13099.5,2,523980,501,0.10,9,505.5,0.10,-14.5,0.00,15406,6.16,0
483,Exit long,2021-03-01 18:00,NQ09B BUY WEEKDAY 1800 STOP,13311.25,2,532500,-59,-0.01,9,0,0.00,-54.5,-0.01,15347,6.14,0
483,Entry long,2021-03-01 18:00,[CC] BUY PREMIUM,13312.5,2,532500,-59,-0.01,9,0,0.00,-54.5,-0.01,15347,6.14,0
484,Exit long,2021-03-02 09:30,NQ09B BUY NY STOP,13296.5,2,531910,-59,-0.01,9,205.5,0.04,-54.5,-0.01,15288,6.12,0
484,Entry long,2021-03-02 09:30,[CC] BUY NY,13297.75,2,531910,-59,-0.01,9,205.5,0.04,-54.5,-0.01,15288,6.12,0
485,Exit long,2021-03-02 18:00,NQ09B BUY WEEKDAY 1800 STOP,13060.25,1,261230,-29.5,-0.01,4.5,0,0.00,-27.25,-0.01,15258.5,6.10,0
485,Entry long,2021-03-02 18:00,[CC] BUY WEAK,13061.5,1,261230,-29.5,-0.01,4.5,0,0.00,-27.25,-0.01,15258.5,6.10,0
486,Exit long,2021-03-03 09:30,NQ09B BUY NY STOP,13011.75,2,520520,-59,-0.01,9,0,0.00,-54.5,-0.01,15199.5,6.08,0
486,Entry long,2021-03-03 09:30,[CC] BUY NY,13013,2,520520,-59,-0.01,9,0,0.00,-54.5,-0.01,15199.5,6.08,0
487,Exit long,2021-03-04 09:30,NQ09B BUY NY STOP,12663.25,2,506580,-59,-0.01,9,0,0.00,-54.5,-0.01,15140.5,6.06,0
487,Entry long,2021-03-04 09:30,[CC] BUY NY,12664.5,2,506580,-59,-0.01,9,0,0.00,-54.5,-0.01,15140.5,6.06,0
488,Exit long,2021-03-04 18:00,NQ09B BUY WEEKDAY 1800 D80,12443.25,1,248705,155.5,0.06,4.5,157.75,0.06,-7.25,0.00,15296,6.12,0
488,Entry long,2021-03-04 18:00,[CC] BUY WEAK,12435.25,1,248705,155.5,0.06,4.5,157.75,0.06,-7.25,0.00,15296,6.12,0
489,Exit long,2021-03-05 09:30,NQ09B BUY NY N130 TP2,12595.75,2,503320,501,0.10,9,505.5,0.10,-14.5,0.00,15797,6.32,0
489,Entry long,2021-03-05 09:30,[CC] BUY NY,12583,2,503320,501,0.10,9,505.5,0.10,-14.5,0.00,15797,6.32,0
490,Exit long,2021-03-07 18:00,NQ09B BUY WEEKLY STOP,12714,2,508610,-59,-0.01,9,0,0.00,-54.5,-0.01,15738,6.30,0
490,Entry long,2021-03-07 18:00,[CC] BUY WEEKLY,12715.25,2,508610,-59,-0.01,9,0,0.00,-54.5,-0.01,15738,6.30,0
491,Exit long,2021-03-08 09:30,NQ09B BUY NY STOP,12634.25,2,505420,-59,-0.01,9,355.5,0.07,-54.5,-0.01,15679,6.27,0
491,Entry long,2021-03-08 09:30,[CC] BUY NY,12635.5,2,505420,-59,-0.01,9,355.5,0.07,-54.5,-0.01,15679,6.27,0
492,Exit long,2021-03-09 09:30,NQ09B BUY NY STOP,12608.25,2,504380,-59,-0.01,9,0,0.00,-54.5,-0.01,15620,6.25,0
492,Entry long,2021-03-09 09:30,[CC] BUY NY,12609.5,2,504380,-59,-0.01,9,0,0.00,-54.5,-0.01,15620,6.25,0
493,Exit long,2021-03-09 18:00,NQ09B BUY WEEKDAY 1800 STOP,12811,1,256245,-29.5,-0.01,4.5,112.75,0.04,-27.25,-0.01,15590.5,6.24,0
493,Entry long,2021-03-09 18:00,[CC] BUY WEAK,12812.25,1,256245,-29.5,-0.01,4.5,112.75,0.04,-27.25,-0.01,15590.5,6.24,0
494,Exit long,2021-03-10 09:30,NQ09B BUY NY STOP,12966.75,2,518720,-59,-0.01,9,55.5,0.01,-54.5,-0.01,15531.5,6.21,0
494,Entry long,2021-03-10 09:30,[CC] BUY NY,12968,2,518720,-59,-0.01,9,55.5,0.01,-54.5,-0.01,15531.5,6.21,0
495,Exit long,2021-03-11 09:30,NQ09B BUY NY STOP,12950.5,2,518070,-59,-0.01,9,0,0.00,-54.5,-0.01,15472.5,6.19,0
495,Entry long,2021-03-11 09:30,[CC] BUY NY,12951.75,2,518070,-59,-0.01,9,0,0.00,-54.5,-0.01,15472.5,6.19,0
496,Exit long,2021-03-12 09:30,NQ09B BUY NY STOP,12870,2,514850,-59,-0.01,9,95.5,0.02,-54.5,-0.01,15413.5,6.17,0
496,Entry long,2021-03-12 09:30,[CC] BUY NY,12871.25,2,514850,-59,-0.01,9,95.5,0.02,-54.5,-0.01,15413.5,6.17,0
497,Exit long,2021-03-14 18:00,NQ09B BUY WEEKLY W80,12958.25,2,518010,311,0.06,9,315.5,0.06,-24.5,0.00,15724.5,6.29,0
497,Entry long,2021-03-14 18:00,[CC] BUY WEEKLY,12950.25,2,518010,311,0.06,9,315.5,0.06,-24.5,0.00,15724.5,6.29,0
498,Exit long,2021-03-15 09:30,NQ09B BUY NY STOP,12949.5,2,518030,-59,-0.01,9,0,0.00,-54.5,-0.01,15665.5,6.27,0
498,Entry long,2021-03-15 09:30,[CC] BUY NY,12950.75,2,518030,-59,-0.01,9,0,0.00,-54.5,-0.01,15665.5,6.27,0
499,Exit long,2021-03-16 09:30,NQ09B BUY NY N130 TP2,13172.75,2,526400,501,0.10,9,505.5,0.10,-14.5,0.00,16166.5,6.47,0
499,Entry long,2021-03-16 09:30,[CC] BUY NY,13160,2,526400,501,0.10,9,505.5,0.10,-14.5,0.00,16166.5,6.47,0
500,Exit long,2021-03-17 09:30,NQ09B BUY NY STOP,13006,2,520290,-59,-0.01,9,335.5,0.06,-54.5,-0.01,16107.5,6.44,0
500,Entry long,2021-03-17 09:30,[CC] BUY NY,13007.25,2,520290,-59,-0.01,9,335.5,0.06,-54.5,-0.01,16107.5,6.44,0
501,Exit long,2021-03-17 18:00,NQ09B BUY WEEKDAY 1800 STOP,13186,1,263745,-29.5,-0.01,4.5,0,0.00,-27.25,-0.01,16078,6.43,0
501,Entry long,2021-03-17 18:00,[CC] BUY WEAK,13187.25,1,263745,-29.5,-0.01,4.5,0,0.00,-27.25,-0.01,16078,6.43,0
502,Exit long,2021-03-18 09:30,NQ09B BUY NY STOP,12978.5,2,519190,-59,-0.01,9,0,0.00,-54.5,-0.01,16019,6.41,0
502,Entry long,2021-03-18 09:30,[CC] BUY NY,12979.75,2,519190,-59,-0.01,9,0,0.00,-54.5,-0.01,16019,6.41,0
503,Exit long,2021-03-18 18:00,NQ09B BUY WEEKDAY 1800 D80,12801.75,1,255875,155.5,0.06,4.5,157.75,0.06,-7.25,0.00,16174.5,6.47,0
503,Entry long,2021-03-18 18:00,[CC] BUY WEAK,12793.75,1,255875,155.5,0.06,4.5,157.75,0.06,-7.25,0.00,16174.5,6.47,0
504,Exit long,2021-03-19 09:30,NQ09B BUY NY STOP,12774.75,2,511040,-59,-0.01,9,0,0.00,-54.5,-0.01,16115.5,6.45,0
504,Entry long,2021-03-19 09:30,[CC] BUY NY,12776,2,511040,-59,-0.01,9,0,0.00,-54.5,-0.01,16115.5,6.45,0
505,Exit long,2021-03-21 18:00,NQ09B BUY WEEKLY STOP,12806,2,512290,-59,-0.01,9,0,0.00,-54.5,-0.01,16056.5,6.42,0
505,Entry long,2021-03-21 18:00,[CC] BUY WEEKLY,12807.25,2,512290,-59,-0.01,9,0,0.00,-54.5,-0.01,16056.5,6.42,0
506,Exit long,2021-03-22 09:30,NQ09B BUY NY N130 TP2,12941.25,2,517140,501,0.10,9,505.5,0.10,-34.5,-0.01,16557.5,6.62,0
506,Entry long,2021-03-22 09:30,[CC] BUY NY,12928.5,2,517140,501,0.10,9,505.5,0.10,-34.5,-0.01,16557.5,6.62,0
507,Exit long,2021-03-22 18:00,NQ09B BUY WEEKDAY 1800 STOP,13068,1,261385,-29.5,-0.01,4.5,0,0.00,-27.25,-0.01,16528,6.61,0
507,Entry long,2021-03-22 18:00,[CC] BUY WEAK,13069.25,1,261385,-29.5,-0.01,4.5,0,0.00,-27.25,-0.01,16528,6.61,0
508,Exit long,2021-03-23 09:30,NQ09B BUY NY STOP,13112.5,2,524550,-59,-0.01,9,215.5,0.04,-54.5,-0.01,16469,6.59,0
508,Entry long,2021-03-23 09:30,[CC] BUY NY,13113.75,2,524550,-59,-0.01,9,215.5,0.04,-54.5,-0.01,16469,6.59,0
509,Exit long,2021-03-24 09:30,NQ09B BUY NY STOP,13069.75,2,522840,-59,-0.01,9,45.5,0.01,-54.5,-0.01,16410,6.56,0
509,Entry long,2021-03-24 09:30,[CC] BUY NY,13071,2,522840,-59,-0.01,9,45.5,0.01,-54.5,-0.01,16410,6.56,0
510,Exit long,2021-03-25 09:30,NQ09B BUY NY N130 TP2,12730.5,2,508710,501,0.10,9,505.5,0.10,-14.5,0.00,16911,6.76,0
510,Entry long,2021-03-25 09:30,[CC] BUY NY,12717.75,2,508710,501,0.10,9,505.5,0.10,-14.5,0.00,16911,6.76,0
511,Exit long,2021-03-26 09:30,NQ09B BUY NY STOP,12762.25,2,510540,-59,-0.01,9,0,0.00,-54.5,-0.01,16852,6.74,0
511,Entry long,2021-03-26 09:30,[CC] BUY NY,12763.5,2,510540,-59,-0.01,9,0,0.00,-54.5,-0.01,16852,6.74,0
512,Exit long,2021-03-28 18:00,NQ09B BUY WEEKLY STOP,12974.75,2,519040,-59,-0.01,9,0,0.00,-54.5,-0.01,16793,6.72,0
512,Entry long,2021-03-28 18:00,[CC] BUY WEEKLY,12976,2,519040,-59,-0.01,9,0,0.00,-54.5,-0.01,16793,6.72,0
513,Exit long,2021-03-29 09:30,NQ09B BUY NY STOP,12940.25,2,517660,-59,-0.01,9,455.5,0.09,-54.5,-0.01,16734,6.69,0
513,Entry long,2021-03-29 09:30,[CC] BUY NY,12941.5,2,517660,-59,-0.01,9,455.5,0.09,-54.5,-0.01,16734,6.69,0
514,Exit long,2021-03-30 09:30,NQ09B BUY NY N130 TP2,12886.5,2,514950,501,0.10,9,505.5,0.10,-14.5,0.00,17235,6.89,0
514,Entry long,2021-03-30 09:30,[CC] BUY NY,12873.75,2,514950,501,0.10,9,505.5,0.10,-14.5,0.00,17235,6.89,0
515,Exit long,2021-03-31 09:30,NQ09B BUY NY STOP,12967,2,518730,-59,-0.01,9,425.5,0.08,-54.5,-0.01,17176,6.87,0
515,Entry long,2021-03-31 09:30,[CC] BUY NY,12968.25,2,518730,-59,-0.01,9,425.5,0.08,-54.5,-0.01,17176,6.87,0
516,Exit long,2021-04-01 09:30,NQ09B BUY NY STOP,13252,2,530130,-59,-0.01,9,0,0.00,-54.5,-0.01,17117,6.85,0
516,Entry long,2021-04-01 09:30,[CC] BUY NY,13253.25,2,530130,-59,-0.01,9,0,0.00,-54.5,-0.01,17117,6.85,0
517,Exit long,2021-04-04 18:00,NQ09B BUY WEEKLY STOP,13338,2,533570,-59,-0.01,9,75.5,0.01,-54.5,-0.01,17058,6.82,0
517,Entry long,2021-04-04 18:00,[CC] BUY WEEKLY,13339.25,2,533570,-59,-0.01,9,75.5,0.01,-54.5,-0.01,17058,6.82,0
518,Exit long,2021-04-05 09:30,NQ09B BUY NY STOP,13418,2,536770,-59,-0.01,9,0,0.00,-54.5,-0.01,16999,6.80,0
518,Entry long,2021-04-05 09:30,[CC] BUY NY,13419.25,2,536770,-59,-0.01,9,0,0.00,-54.5,-0.01,16999,6.80,0
519,Exit long,2021-04-05 18:00,NQ09B BUY WEEKDAY 1800 STOP,13602.75,1,272080,-29.5,-0.01,4.5,0,0.00,-27.25,-0.01,16969.5,6.79,0
519,Entry long,2021-04-05 18:00,[CC] BUY WEAK,13604,1,272080,-29.5,-0.01,4.5,0,0.00,-27.25,-0.01,16969.5,6.79,0
520,Exit long,2021-04-06 09:30,NQ09B BUY NY STOP,13566.75,2,542720,-59,-0.01,9,255.5,0.05,-54.5,-0.01,16910.5,6.76,0
520,Entry long,2021-04-06 09:30,[CC] BUY NY,13568,2,542720,-59,-0.01,9,255.5,0.05,-54.5,-0.01,16910.5,6.76,0
521,Exit long,2021-04-07 09:30,NQ09B BUY NY STOP,13551.5,2,542110,-59,-0.01,9,295.5,0.05,-54.5,-0.01,16851.5,6.74,0
521,Entry long,2021-04-07 09:30,[CC] BUY NY,13552.75,2,542110,-59,-0.01,9,295.5,0.05,-54.5,-0.01,16851.5,6.74,0
522,Exit long,2021-04-08 09:30,NQ09B BUY NY N130 TP2,13739.5,2,549070,501,0.09,9,505.5,0.09,-14.5,0.00,17352.5,6.94,0
522,Entry long,2021-04-08 09:30,[CC] BUY NY,13726.75,2,549070,501,0.09,9,505.5,0.09,-14.5,0.00,17352.5,6.94,0
523,Exit long,2021-04-08 18:00,NQ09B BUY WEEKDAY 1800 STOP,13785.5,2,551470,-59,-0.01,9,135.5,0.02,-54.5,-0.01,17293.5,6.92,0
523,Entry long,2021-04-08 18:00,[CC] BUY PREMIUM,13786.75,2,551470,-59,-0.01,9,135.5,0.02,-54.5,-0.01,17293.5,6.92,0
524,Exit long,2021-04-09 09:30,NQ09B BUY NY STOP,13688.5,2,547590,-59,-0.01,9,395.5,0.07,-54.5,-0.01,17234.5,6.89,0
524,Entry long,2021-04-09 09:30,[CC] BUY NY,13689.75,2,547590,-59,-0.01,9,395.5,0.07,-54.5,-0.01,17234.5,6.89,0
525,Exit long,2021-04-11 18:00,NQ09B BUY WEEKLY STOP,13816.75,2,552720,-59,-0.01,9,75.5,0.01,-54.5,-0.01,17175.5,6.87,0
525,Entry long,2021-04-11 18:00,[CC] BUY WEEKLY,13818,2,552720,-59,-0.01,9,75.5,0.01,-54.5,-0.01,17175.5,6.87,0
526,Exit long,2021-04-12 09:30,NQ09B BUY NY STOP,13783.5,2,551390,-59,-0.01,9,0,0.00,-54.5,-0.01,17116.5,6.85,0
526,Entry long,2021-04-12 09:30,[CC] BUY NY,13784.75,2,551390,-59,-0.01,9,0,0.00,-54.5,-0.01,17116.5,6.85,0
527,Exit long,2021-04-13 09:30,NQ09B BUY NY STOP,13876.25,2,555100,-59,-0.01,9,365.5,0.07,-54.5,-0.01,17057.5,6.82,0
527,Entry long,2021-04-13 09:30,[CC] BUY NY,13877.5,2,555100,-59,-0.01,9,365.5,0.07,-54.5,-0.01,17057.5,6.82,0
528,Exit long,2021-04-14 09:30,NQ09B BUY NY STOP,13982,2,559330,-59,-0.01,9,205.5,0.04,-54.5,-0.01,16998.5,6.80,0
528,Entry long,2021-04-14 09:30,[CC] BUY NY,13983.25,2,559330,-59,-0.01,9,205.5,0.04,-54.5,-0.01,16998.5,6.80,0
529,Exit long,2021-04-15 09:30,NQ09B BUY NY STOP,13928,2,557170,-59,-0.01,9,0,0.00,-54.5,-0.01,16939.5,6.78,0
529,Entry long,2021-04-15 09:30,[CC] BUY NY,13929.25,2,557170,-59,-0.01,9,0,0.00,-54.5,-0.01,16939.5,6.78,0
530,Exit long,2021-04-15 18:00,NQ09B BUY WEEKDAY 1800 STOP,14001,1,280045,-29.5,-0.01,4.5,0,0.00,-27.25,-0.01,16910,6.76,0
530,Entry long,2021-04-15 18:00,[CC] BUY WEAK,14002.25,1,280045,-29.5,-0.01,4.5,0,0.00,-27.25,-0.01,16910,6.76,0
531,Exit long,2021-04-16 09:30,NQ09B BUY NY STOP,14037.75,2,561560,-59,-0.01,9,0,0.00,-54.5,-0.01,16851,6.74,0
531,Entry long,2021-04-16 09:30,[CC] BUY NY,14039,2,561560,-59,-0.01,9,0,0.00,-54.5,-0.01,16851,6.74,0
532,Exit long,2021-04-18 18:00,NQ09B BUY WEEKLY W80,13997.25,2,559570,311,0.06,9,315.5,0.06,-14.5,0.00,17162,6.86,0
532,Entry long,2021-04-18 18:00,[CC] BUY WEEKLY,13989.25,2,559570,311,0.06,9,315.5,0.06,-14.5,0.00,17162,6.86,0
533,Exit long,2021-04-19 09:30,NQ09B BUY NY STOP,13963.75,2,558600,-59,-0.01,9,0,0.00,-54.5,-0.01,17103,6.84,0
533,Entry long,2021-04-19 09:30,[CC] BUY NY,13965,2,558600,-59,-0.01,9,0,0.00,-54.5,-0.01,17103,6.84,0
534,Exit long,2021-04-20 09:30,NQ09B BUY NY STOP,13873,2,554970,-59,-0.01,9,0,0.00,-54.5,-0.01,17044,6.82,0
534,Entry long,2021-04-20 09:30,[CC] BUY NY,13874.25,2,554970,-59,-0.01,9,0,0.00,-54.5,-0.01,17044,6.82,0
535,Exit long,2021-04-20 18:00,NQ09B BUY WEEKDAY 1800 STOP,13739,2,549610,-59,-0.01,9,0,0.00,-54.5,-0.01,16985,6.79,0
535,Entry long,2021-04-20 18:00,[CC] BUY PREMIUM,13740.25,2,549610,-59,-0.01,9,0,0.00,-54.5,-0.01,16985,6.79,0
536,Exit long,2021-04-21 09:30,NQ09B BUY NY STOP,13746,2,549890,-59,-0.01,9,0,0.00,-54.5,-0.01,16926,6.77,0
536,Entry long,2021-04-21 09:30,[CC] BUY NY,13747.25,2,549890,-59,-0.01,9,0,0.00,-54.5,-0.01,16926,6.77,0
537,Exit long,2021-04-21 18:00,NQ09B BUY WEEKDAY 1800 STOP,13895.5,2,555870,-59,-0.01,9,145.5,0.03,-54.5,-0.01,16867,6.75,0
537,Entry long,2021-04-21 18:00,[CC] BUY PREMIUM,13896.75,2,555870,-59,-0.01,9,145.5,0.03,-54.5,-0.01,16867,6.75,0
538,Exit long,2021-04-22 09:30,NQ09B BUY NY STOP,13900,2,556050,-59,-0.01,9,425.5,0.08,-54.5,-0.01,16808,6.72,0
538,Entry long,2021-04-22 09:30,[CC] BUY NY,13901.25,2,556050,-59,-0.01,9,425.5,0.08,-54.5,-0.01,16808,6.72,0
539,Exit long,2021-04-23 09:30,NQ09B BUY NY N130 TP2,13789.5,2,551070,501,0.09,9,505.5,0.09,-34.5,-0.01,17309,6.92,0
539,Entry long,2021-04-23 09:30,[CC] BUY NY,13776.75,2,551070,501,0.09,9,505.5,0.09,-34.5,-0.01,17309,6.92,0
540,Exit long,2021-04-25 18:00,NQ09B BUY WEEKLY STOP,13918.75,2,556800,-59,-0.01,9,235.5,0.04,-54.5,-0.01,17250,6.90,0
540,Entry long,2021-04-25 18:00,[CC] BUY WEEKLY,13920,2,556800,-59,-0.01,9,235.5,0.04,-54.5,-0.01,17250,6.90,0
541,Exit long,2021-04-26 09:30,NQ09B BUY NY STOP,13932.75,2,557360,-59,-0.01,9,0,0.00,-54.5,-0.01,17191,6.88,0
541,Entry long,2021-04-26 09:30,[CC] BUY NY,13934,2,557360,-59,-0.01,9,0,0.00,-54.5,-0.01,17191,6.88,0
542,Exit long,2021-04-26 18:00,NQ09B BUY WEEKDAY 1800 STOP,14023.75,1,280500,-29.5,-0.01,4.5,32.75,0.01,-27.25,-0.01,17161.5,6.86,0
542,Entry long,2021-04-26 18:00,[CC] BUY WEAK,14025,1,280500,-29.5,-0.01,4.5,32.75,0.01,-27.25,-0.01,17161.5,6.86,0
543,Exit long,2021-04-27 09:30,NQ09B BUY NY STOP,14024,2,561010,-59,-0.01,9,375.5,0.07,-54.5,-0.01,17102.5,6.84,0
543,Entry long,2021-04-27 09:30,[CC] BUY NY,14025.25,2,561010,-59,-0.01,9,375.5,0.07,-54.5,-0.01,17102.5,6.84,0
544,Exit long,2021-04-28 09:30,NQ09B BUY NY STOP,13938.75,2,557600,-59,-0.01,9,115.5,0.02,-54.5,-0.01,17043.5,6.82,0
544,Entry long,2021-04-28 09:30,[CC] BUY NY,13940,2,557600,-59,-0.01,9,115.5,0.02,-54.5,-0.01,17043.5,6.82,0
545,Exit long,2021-04-28 18:00,NQ09B BUY WEEKDAY 1800 STOP,13972.5,2,558950,-59,-0.01,9,0,0.00,-54.5,-0.01,16984.5,6.79,0
545,Entry long,2021-04-28 18:00,[CC] BUY PREMIUM,13973.75,2,558950,-59,-0.01,9,0,0.00,-54.5,-0.01,16984.5,6.79,0
546,Exit long,2021-04-29 09:30,NQ09B BUY NY N130 TP2,14055,2,561690,501,0.09,9,505.5,0.09,-14.5,0.00,17485.5,6.99,0
546,Entry long,2021-04-29 09:30,[CC] BUY NY,14042.25,2,561690,501,0.09,9,505.5,0.09,-14.5,0.00,17485.5,6.99,0
547,Exit long,2021-04-29 18:00,NQ09B BUY WEEKDAY 1800 STOP,13947.25,1,278970,-29.5,-0.01,4.5,0,0.00,-27.25,-0.01,17456,6.98,0
547,Entry long,2021-04-29 18:00,[CC] BUY WEAK,13948.5,1,278970,-29.5,-0.01,4.5,0,0.00,-27.25,-0.01,17456,6.98,0
548,Exit long,2021-04-30 09:30,NQ09B BUY NY STOP,13852,2,554130,-59,-0.01,9,0,0.00,-54.5,-0.01,17397,6.96,0
548,Entry long,2021-04-30 09:30,[CC] BUY NY,13853.25,2,554130,-59,-0.01,9,0,0.00,-54.5,-0.01,17397,6.96,0
549,Exit long,2021-05-02 18:00,NQ09B BUY WEEKLY STOP,13879.25,2,555220,-59,-0.01,9,265.5,0.05,-54.5,-0.01,17338,6.94,0
549,Entry long,2021-05-02 18:00,[CC] BUY WEEKLY,13880.5,2,555220,-59,-0.01,9,265.5,0.05,-54.5,-0.01,17338,6.94,0
550,Exit long,2021-05-03 09:30,NQ09B BUY NY STOP,13914,2,556610,-59,-0.01,9,35.5,0.01,-54.5,-0.01,17279,6.91,0
550,Entry long,2021-05-03 09:30,[CC] BUY NY,13915.25,2,556610,-59,-0.01,9,35.5,0.01,-54.5,-0.01,17279,6.91,0
551,Exit long,2021-05-04 09:30,NQ09B BUY NY N130 TP2,13696.25,2,547340,501,0.09,9,505.5,0.09,-14.5,0.00,17780,7.11,0
551,Entry long,2021-05-04 09:30,[CC] BUY NY,13683.5,2,547340,501,0.09,9,505.5,0.09,-14.5,0.00,17780,7.11,0
552,Exit long,2021-05-05 09:30,NQ09B BUY NY STOP,13628.25,2,545180,-59,-0.01,9,0,0.00,-54.5,-0.01,17721,7.09,0
552,Entry long,2021-05-05 09:30,[CC] BUY NY,13629.5,2,545180,-59,-0.01,9,0,0.00,-54.5,-0.01,17721,7.09,0
553,Exit long,2021-05-05 18:00,NQ09B BUY WEEKDAY 1800 D80,13492.25,1,269685,155.5,0.06,4.5,157.75,0.06,-12.25,0.00,17876.5,7.15,0
553,Entry long,2021-05-05 18:00,[CC] BUY WEAK,13484.25,1,269685,155.5,0.06,4.5,157.75,0.06,-12.25,0.00,17876.5,7.15,0
554,Exit long,2021-05-06 09:30,NQ09B BUY NY STOP,13483.75,2,539400,-59,-0.01,9,95.5,0.02,-54.5,-0.01,17817.5,7.13,0
554,Entry long,2021-05-06 09:30,[CC] BUY NY,13485,2,539400,-59,-0.01,9,95.5,0.02,-54.5,-0.01,17817.5,7.13,0
555,Exit long,2021-05-06 18:00,NQ09B BUY WEEKDAY 1800 STOP,13613.5,1,272295,-29.5,-0.01,4.5,0,0.00,-27.25,-0.01,17788,7.12,0
555,Entry long,2021-05-06 18:00,[CC] BUY WEAK,13614.75,1,272295,-29.5,-0.01,4.5,0,0.00,-27.25,-0.01,17788,7.12,0
556,Exit long,2021-05-07 09:30,NQ09B BUY NY STOP,13713.5,2,548590,-59,-0.01,9,315.5,0.06,-54.5,-0.01,17729,7.09,0
556,Entry long,2021-05-07 09:30,[CC] BUY NY,13714.75,2,548590,-59,-0.01,9,315.5,0.06,-54.5,-0.01,17729,7.09,0
557,Exit long,2021-05-09 18:00,NQ09B BUY WEEKLY STOP,13717,2,548730,-59,-0.01,9,0,0.00,-54.5,-0.01,17670,7.07,0
557,Entry long,2021-05-09 18:00,[CC] BUY WEEKLY,13718.25,2,548730,-59,-0.01,9,0,0.00,-54.5,-0.01,17670,7.07,0
558,Exit long,2021-05-10 09:30,NQ09B BUY NY STOP,13648.75,2,546000,-59,-0.01,9,305.5,0.06,-54.5,-0.01,17611,7.04,0
558,Entry long,2021-05-10 09:30,[CC] BUY NY,13650,2,546000,-59,-0.01,9,305.5,0.06,-54.5,-0.01,17611,7.04,0
559,Exit long,2021-05-10 18:00,NQ09B BUY WEEKDAY 1800 STOP,13315.5,2,532670,-59,-0.01,9,0,0.00,-54.5,-0.01,17552,7.02,0
559,Entry long,2021-05-10 18:00,[CC] BUY PREMIUM,13316.75,2,532670,-59,-0.01,9,0,0.00,-54.5,-0.01,17552,7.02,0
560,Exit long,2021-05-11 09:30,NQ09B BUY NY N130 TP2,13126.25,2,524540,501,0.10,9,505.5,0.10,-14.5,0.00,18053,7.22,0
560,Entry long,2021-05-11 09:30,[CC] BUY NY,13113.5,2,524540,501,0.10,9,505.5,0.10,-14.5,0.00,18053,7.22,0
561,Exit long,2021-05-12 09:30,NQ09B BUY NY STOP,13131.75,2,525320,-59,-0.01,9,0,0.00,-54.5,-0.01,17994,7.20,0
561,Entry long,2021-05-12 09:30,[CC] BUY NY,13133,2,525320,-59,-0.01,9,0,0.00,-54.5,-0.01,17994,7.20,0
562,Exit long,2021-05-12 18:00,NQ09B BUY WEEKDAY 1800 D80,12977,2,518760,311,0.06,9,315.5,0.06,-14.5,0.00,18305,7.32,0
562,Entry long,2021-05-12 18:00,[CC] BUY PREMIUM,12969,2,518760,311,0.06,9,315.5,0.06,-14.5,0.00,18305,7.32,0
563,Exit long,2021-05-13 09:30,NQ09B BUY NY STOP,13120,2,524850,-59,-0.01,9,0,0.00,-54.5,-0.01,18246,7.30,0
563,Entry long,2021-05-13 09:30,[CC] BUY NY,13121.25,2,524850,-59,-0.01,9,0,0.00,-54.5,-0.01,18246,7.30,0
564,Exit long,2021-05-14 09:30,NQ09B BUY NY STOP,13231,2,529290,-59,-0.01,9,0,0.00,-54.5,-0.01,18187,7.27,0
564,Entry long,2021-05-14 09:30,[CC] BUY NY,13232.25,2,529290,-59,-0.01,9,0,0.00,-54.5,-0.01,18187,7.27,0
565,Exit long,2021-05-16 18:00,NQ09B BUY WEEKLY STOP,13379.25,2,535220,-59,-0.01,9,0,0.00,-54.5,-0.01,18128,7.25,0
565,Entry long,2021-05-16 18:00,[CC] BUY WEEKLY,13380.5,2,535220,-59,-0.01,9,0,0.00,-54.5,-0.01,18128,7.25,0
566,Exit long,2021-05-17 09:30,NQ09B BUY NY STOP,13312.5,2,532550,-59,-0.01,9,285.5,0.05,-54.5,-0.01,18069,7.23,0
566,Entry long,2021-05-17 09:30,[CC] BUY NY,13313.75,2,532550,-59,-0.01,9,285.5,0.05,-54.5,-0.01,18069,7.23,0
567,Exit long,2021-05-18 09:30,NQ09B BUY NY STOP,13344,2,533810,-59,-0.01,9,415.5,0.08,-54.5,-0.01,18010,7.20,0
567,Entry long,2021-05-18 09:30,[CC] BUY NY,13345.25,2,533810,-59,-0.01,9,415.5,0.08,-54.5,-0.01,18010,7.20,0
568,Exit long,2021-05-18 18:00,NQ09B BUY WEEKDAY 1800 D80,13190.25,1,263645,155.5,0.06,4.5,157.75,0.06,-17.25,-0.01,18165.5,7.27,0
568,Entry long,2021-05-18 18:00,[CC] BUY WEAK,13182.25,1,263645,155.5,0.06,4.5,157.75,0.06,-17.25,-0.01,18165.5,7.27,0
569,Exit long,2021-05-19 09:30,NQ09B BUY NY STOP,12983.5,2,519390,-59,-0.01,9,0,0.00,-54.5,-0.01,18106.5,7.24,0
569,Entry long,2021-05-19 09:30,[CC] BUY NY,12984.75,2,519390,-59,-0.01,9,0,0.00,-54.5,-0.01,18106.5,7.24,0
570,Exit long,2021-05-20 09:30,NQ09B BUY NY STOP,13291,2,531690,-59,-0.01,9,0,0.00,-54.5,-0.01,18047.5,7.22,0
570,Entry long,2021-05-20 09:30,[CC] BUY NY,13292.25,2,531690,-59,-0.01,9,0,0.00,-54.5,-0.01,18047.5,7.22,0
571,Exit long,2021-05-20 18:00,NQ09B BUY WEEKDAY 1800 STOP,13491.5,1,269855,-29.5,-0.01,4.5,112.75,0.04,-27.25,-0.01,18018,7.21,0
571,Entry long,2021-05-20 18:00,[CC] BUY WEAK,13492.75,1,269855,-29.5,-0.01,4.5,112.75,0.04,-27.25,-0.01,18018,7.21,0
572,Exit long,2021-05-21 09:30,NQ09B BUY NY N130 TP2,13564.75,2,542080,501,0.09,9,505.5,0.09,-14.5,0.00,18519,7.41,0
572,Entry long,2021-05-21 09:30,[CC] BUY NY,13552,2,542080,501,0.09,9,505.5,0.09,-14.5,0.00,18519,7.41,0
573,Exit long,2021-05-23 18:00,NQ09B BUY WEEKLY W80,13391.5,2,535340,311,0.06,9,315.5,0.06,-14.5,0.00,18830,7.53,0
573,Entry long,2021-05-23 18:00,[CC] BUY WEEKLY,13383.5,2,535340,311,0.06,9,315.5,0.06,-14.5,0.00,18830,7.53,0
574,Exit long,2021-05-24 09:30,NQ09B BUY NY STOP,13508,2,540370,-59,-0.01,9,0,0.00,-54.5,-0.01,18771,7.51,0
574,Entry long,2021-05-24 09:30,[CC] BUY NY,13509.25,2,540370,-59,-0.01,9,0,0.00,-54.5,-0.01,18771,7.51,0
575,Exit long,2021-05-25 09:30,NQ09B BUY NY STOP,13700.25,2,548060,-59,-0.01,9,0,0.00,-54.5,-0.01,18712,7.48,0
575,Entry long,2021-05-25 09:30,[CC] BUY NY,13701.5,2,548060,-59,-0.01,9,0,0.00,-54.5,-0.01,18712,7.48,0
576,Exit long,2021-05-25 18:00,NQ09B BUY WEEKDAY 1800 STOP,13669.25,1,273410,-29.5,-0.01,4.5,77.75,0.03,-27.25,-0.01,18682.5,7.47,0
576,Entry long,2021-05-25 18:00,[CC] BUY WEAK,13670.5,1,273410,-29.5,-0.01,4.5,77.75,0.03,-27.25,-0.01,18682.5,7.47,0
577,Exit long,2021-05-26 09:30,NQ09B BUY NY STOP,13684.75,2,547440,-59,-0.01,9,0,0.00,-54.5,-0.01,18623.5,7.45,0
577,Entry long,2021-05-26 09:30,[CC] BUY NY,13686,2,547440,-59,-0.01,9,0,0.00,-54.5,-0.01,18623.5,7.45,0
578,Exit long,2021-05-27 09:30,NQ09B BUY NY STOP,13684.25,2,547420,-59,-0.01,9,385.5,0.07,-54.5,-0.01,18564.5,7.43,0
578,Entry long,2021-05-27 09:30,[CC] BUY NY,13685.5,2,547420,-59,-0.01,9,385.5,0.07,-54.5,-0.01,18564.5,7.43,0
579,Exit long,2021-05-27 18:00,NQ09B BUY WEEKDAY 1800 STOP,13693.75,2,547800,-59,-0.01,9,105.5,0.02,-54.5,-0.01,18505.5,7.40,0
579,Entry long,2021-05-27 18:00,[CC] BUY PREMIUM,13695,2,547800,-59,-0.01,9,105.5,0.02,-54.5,-0.01,18505.5,7.40,0
580,Exit long,2021-05-28 09:30,NQ09B BUY NY STOP,13702.5,2,548150,-59,-0.01,9,0,0.00,-54.5,-0.01,18446.5,7.38,0
580,Entry long,2021-05-28 09:30,[CC] BUY NY,13703.75,2,548150,-59,-0.01,9,0,0.00,-54.5,-0.01,18446.5,7.38,0
581,Exit long,2021-05-30 18:00,NQ09B BUY WEEKLY STOP,13698,2,547970,-59,-0.01,9,0,0.00,-54.5,-0.01,18387.5,7.36,0
581,Entry long,2021-05-30 18:00,[CC] BUY WEEKLY,13699.25,2,547970,-59,-0.01,9,0,0.00,-54.5,-0.01,18387.5,7.36,0
582,Exit long,2021-05-31 09:30,NQ09B BUY NY STOP,13676.75,2,547120,-59,-0.01,9,75.5,0.01,-54.5,-0.01,18328.5,7.33,0
582,Entry long,2021-05-31 09:30,[CC] BUY NY,13678,2,547120,-59,-0.01,9,75.5,0.01,-54.5,-0.01,18328.5,7.33,0
583,Exit long,2021-06-01 09:30,NQ09B BUY NY STOP,13751.25,2,550100,-59,-0.01,9,325.5,0.06,-54.5,-0.01,18269.5,7.31,0
583,Entry long,2021-06-01 09:30,[CC] BUY NY,13752.5,2,550100,-59,-0.01,9,325.5,0.06,-54.5,-0.01,18269.5,7.31,0
584,Exit long,2021-06-02 09:30,NQ09B BUY NY STOP,13666,2,546690,-59,-0.01,9,0,0.00,-54.5,-0.01,18210.5,7.28,0
584,Entry long,2021-06-02 09:30,[CC] BUY NY,13667.25,2,546690,-59,-0.01,9,0,0.00,-54.5,-0.01,18210.5,7.28,0
585,Exit long,2021-06-02 18:30,NQ09B BUY WEEKDAY 1800 STOP,13678.5,1,273595,-29.5,-0.01,4.5,142.75,0.05,-27.25,-0.01,18181,7.27,1
585,Entry long,2021-06-02 18:00,[CC] BUY WEAK,13679.75,1,273595,-29.5,-0.01,4.5,142.75,0.05,-27.25,-0.01,18181,7.27,1
586,Exit long,2021-06-03 09:30,NQ09B BUY NY STOP,13554.5,2,542230,-59,-0.01,9,0,0.00,-54.5,-0.01,18122,7.25,0
586,Entry long,2021-06-03 09:30,[CC] BUY NY,13555.75,2,542230,-59,-0.01,9,0,0.00,-54.5,-0.01,18122,7.25,0
587,Exit long,2021-06-03 18:00,NQ09B BUY WEEKDAY 1800 STOP,13530.75,1,270640,-29.5,-0.01,4.5,0,0.00,-27.25,-0.01,18092.5,7.24,0
587,Entry long,2021-06-03 18:00,[CC] BUY WEAK,13532,1,270640,-29.5,-0.01,4.5,0,0.00,-27.25,-0.01,18092.5,7.24,0
588,Exit long,2021-06-04 09:30,NQ09B BUY NY STOP,13609,2,544410,-59,-0.01,9,0,0.00,-54.5,-0.01,18033.5,7.21,0
588,Entry long,2021-06-04 09:30,[CC] BUY NY,13610.25,2,544410,-59,-0.01,9,0,0.00,-54.5,-0.01,18033.5,7.21,0
589,Exit long,2021-06-06 18:00,NQ09B BUY WEEKLY STOP,13772.25,2,550940,-59,-0.01,9,0,0.00,-54.5,-0.01,17974.5,7.19,0
589,Entry long,2021-06-06 18:00,[CC] BUY WEEKLY,13773.5,2,550940,-59,-0.01,9,0,0.00,-54.5,-0.01,17974.5,7.19,0
590,Exit long,2021-06-07 09:30,NQ09B BUY NY STOP,13737.25,2,549540,-59,-0.01,9,415.5,0.08,-54.5,-0.01,17915.5,7.17,0
590,Entry long,2021-06-07 09:30,[CC] BUY NY,13738.5,2,549540,-59,-0.01,9,415.5,0.08,-54.5,-0.01,17915.5,7.17,0
591,Exit long,2021-06-07 18:00,NQ09B BUY WEEKDAY 1800 STOP,13822,2,552930,-59,-0.01,9,115.5,0.02,-54.5,-0.01,17856.5,7.14,0
591,Entry long,2021-06-07 18:00,[CC] BUY PREMIUM,13823.25,2,552930,-59,-0.01,9,115.5,0.02,-54.5,-0.01,17856.5,7.14,0
592,Exit long,2021-06-08 09:30,NQ09B BUY NY STOP,13877.75,2,555160,-59,-0.01,9,95.5,0.02,-54.5,-0.01,17797.5,7.12,0
592,Entry long,2021-06-08 09:30,[CC] BUY NY,13879,2,555160,-59,-0.01,9,95.5,0.02,-54.5,-0.01,17797.5,7.12,0
593,Exit long,2021-06-09 09:30,NQ09B BUY NY STOP,13870,2,554850,-59,-0.01,9,0,0.00,-54.5,-0.01,17738.5,7.10,0
593,Entry long,2021-06-09 09:30,[CC] BUY NY,13871.25,2,554850,-59,-0.01,9,0,0.00,-54.5,-0.01,17738.5,7.10,0
594,Exit long,2021-06-10 09:30,NQ09B BUY NY STOP,13830,2,553250,-59,-0.01,9,0,0.00,-54.5,-0.01,17679.5,7.07,0
594,Entry long,2021-06-10 09:30,[CC] BUY NY,13831.25,2,553250,-59,-0.01,9,0,0.00,-54.5,-0.01,17679.5,7.07,0
595,Exit long,2021-06-10 18:00,NQ09B BUY WEEKDAY 1800 STOP,13974.5,1,279515,-29.5,-0.01,4.5,22.75,0.01,-27.25,-0.01,17650,7.06,0
595,Entry long,2021-06-10 18:00,[CC] BUY WEAK,13975.75,1,279515,-29.5,-0.01,4.5,22.75,0.01,-27.25,-0.01,17650,7.06,0
596,Exit long,2021-06-11 09:30,NQ09B BUY NY STOP,13959,2,558410,-59,-0.01,9,285.5,0.05,-54.5,-0.01,17591,7.04,0
596,Entry long,2021-06-11 09:30,[CC] BUY NY,13960.25,2,558410,-59,-0.01,9,285.5,0.05,-54.5,-0.01,17591,7.04,0
597,Exit long,2021-06-13 18:00,NQ09B BUY WEEKLY STOP,13998,2,559970,-59,-0.01,9,0,0.00,-54.5,-0.01,17532,7.01,0
597,Entry long,2021-06-13 18:00,[CC] BUY WEEKLY,13999.25,2,559970,-59,-0.01,9,0,0.00,-54.5,-0.01,17532,7.01,0
598,Exit long,2021-06-14 09:30,NQ09B BUY NY STOP,14013.75,2,560600,-59,-0.01,9,0,0.00,-54.5,-0.01,17473,6.99,0
598,Entry long,2021-06-14 09:30,[CC] BUY NY,14015,2,560600,-59,-0.01,9,0,0.00,-54.5,-0.01,17473,6.99,0
599,Exit long,2021-06-15 09:30,NQ09B BUY NY STOP,14108.75,2,564400,-59,-0.01,9,125.5,0.02,-54.5,-0.01,17414,6.97,0
599,Entry long,2021-06-15 09:30,[CC] BUY NY,14110,2,564400,-59,-0.01,9,125.5,0.02,-54.5,-0.01,17414,6.97,0
600,Exit long,2021-06-16 09:30,NQ09B BUY NY STOP,14049.25,2,562020,-59,-0.01,9,0,0.00,-54.5,-0.01,17355,6.94,0
600,Entry long,2021-06-16 09:30,[CC] BUY NY,14050.5,2,562020,-59,-0.01,9,0,0.00,-54.5,-0.01,17355,6.94,0
601,Exit long,2021-06-16 18:00,NQ09B BUY WEEKDAY 1800 STOP,13940,2,557650,-59,-0.01,9,0,0.00,-54.5,-0.01,17296,6.92,0
601,Entry long,2021-06-16 18:00,[CC] BUY PREMIUM,13941.25,2,557650,-59,-0.01,9,0,0.00,-54.5,-0.01,17296,6.92,0
602,Exit long,2021-06-17 09:30,NQ09B BUY NY STOP,13933.25,2,557380,-59,-0.01,9,0,0.00,-54.5,-0.01,17237,6.89,0
602,Entry long,2021-06-17 09:30,[CC] BUY NY,13934.5,2,557380,-59,-0.01,9,0,0.00,-54.5,-0.01,17237,6.89,0
603,Exit long,2021-06-17 18:00,NQ09B BUY WEEKDAY 1800 STOP,14179,2,567210,-59,-0.01,9,75.5,0.01,-54.5,-0.01,17178,6.87,0
603,Entry long,2021-06-17 18:00,[CC] BUY PREMIUM,14180.25,2,567210,-59,-0.01,9,75.5,0.01,-54.5,-0.01,17178,6.87,0
604,Exit long,2021-06-18 09:30,NQ09B BUY NY STOP,14079.5,2,563230,-59,-0.01,9,0,0.00,-54.5,-0.01,17119,6.85,0
604,Entry long,2021-06-18 09:30,[CC] BUY NY,14080.75,2,563230,-59,-0.01,9,0,0.00,-54.5,-0.01,17119,6.85,0
605,Exit long,2021-06-20 18:00,NQ09B BUY WEEKLY STOP,14021.75,2,560920,-59,-0.01,9,0,0.00,-54.5,-0.01,17060,6.82,0
605,Entry long,2021-06-20 18:00,[CC] BUY WEEKLY,14023,2,560920,-59,-0.01,9,0,0.00,-54.5,-0.01,17060,6.82,0
606,Exit long,2021-06-21 09:30,NQ09B BUY NY N130 TP2,14065,2,562090,501,0.09,9,505.5,0.09,-14.5,0.00,17561,7.02,0
606,Entry long,2021-06-21 09:30,[CC] BUY NY,14052.25,2,562090,501,0.09,9,505.5,0.09,-14.5,0.00,17561,7.02,0
607,Exit long,2021-06-22 09:30,NQ09B BUY NY STOP,14119,2,564810,-59,-0.01,9,0,0.00,-54.5,-0.01,17502,7.00,0
607,Entry long,2021-06-22 09:30,[CC] BUY NY,14120.25,2,564810,-59,-0.01,9,0,0.00,-54.5,-0.01,17502,7.00,0
608,Exit long,2021-06-23 09:30,NQ09B BUY NY STOP,14257,2,570330,-59,-0.01,9,0,0.00,-54.5,-0.01,17443,6.98,0
608,Entry long,2021-06-23 09:30,[CC] BUY NY,14258.25,2,570330,-59,-0.01,9,0,0.00,-54.5,-0.01,17443,6.98,0
609,Exit long,2021-06-24 09:30,NQ09B BUY NY STOP,14348.75,2,574000,-59,-0.01,9,0,0.00,-54.5,-0.01,17384,6.95,0
609,Entry long,2021-06-24 09:30,[CC] BUY NY,14350,2,574000,-59,-0.01,9,0,0.00,-54.5,-0.01,17384,6.95,0
610,Exit long,2021-06-24 18:00,NQ09B BUY WEEKDAY 1800 STOP,14364.75,1,287320,-29.5,-0.01,4.5,17.75,0.01,-27.25,-0.01,17354.5,6.94,0
610,Entry long,2021-06-24 18:00,[CC] BUY WEAK,14366,1,287320,-29.5,-0.01,4.5,17.75,0.01,-27.25,-0.01,17354.5,6.94,0
611,Exit long,2021-06-25 09:30,NQ09B BUY NY STOP,14378.5,2,575190,-59,-0.01,9,425.5,0.07,-54.5,-0.01,17295.5,6.92,0
611,Entry long,2021-06-25 09:30,[CC] BUY NY,14379.75,2,575190,-59,-0.01,9,425.5,0.07,-54.5,-0.01,17295.5,6.92,0
612,Exit long,2021-06-27 18:00,NQ09B BUY WEEKLY STOP,14349,2,574010,-59,-0.01,9,15.5,0.00,-54.5,-0.01,17236.5,6.89,0
612,Entry long,2021-06-27 18:00,[CC] BUY WEEKLY,14350.25,2,574010,-59,-0.01,9,15.5,0.00,-54.5,-0.01,17236.5,6.89,0
613,Exit long,2021-06-28 09:30,NQ09B BUY NY STOP,14393,2,575770,-59,-0.01,9,0,0.00,-54.5,-0.01,17177.5,6.87,0
613,Entry long,2021-06-28 09:30,[CC] BUY NY,14394.25,2,575770,-59,-0.01,9,0,0.00,-54.5,-0.01,17177.5,6.87,0
614,Exit long,2021-06-29 09:30,NQ09B BUY NY STOP,14504.75,2,580240,-59,-0.01,9,185.5,0.03,-54.5,-0.01,17118.5,6.85,0
614,Entry long,2021-06-29 09:30,[CC] BUY NY,14506,2,580240,-59,-0.01,9,185.5,0.03,-54.5,-0.01,17118.5,6.85,0
615,Exit long,2021-06-30 09:30,NQ09B BUY NY STOP,14557.75,2,582360,-59,-0.01,9,405.5,0.07,-54.5,-0.01,17059.5,6.82,0
615,Entry long,2021-06-30 09:30,[CC] BUY NY,14559,2,582360,-59,-0.01,9,405.5,0.07,-54.5,-0.01,17059.5,6.82,0
616,Exit long,2021-07-01 09:30,NQ09B BUY NY STOP,14526.75,2,581120,-59,-0.01,9,0,0.00,-54.5,-0.01,17000.5,6.80,0
616,Entry long,2021-07-01 09:30,[CC] BUY NY,14528,2,581120,-59,-0.01,9,0,0.00,-54.5,-0.01,17000.5,6.80,0
617,Exit long,2021-07-01 18:00,NQ09B BUY WEEKDAY 1800 STOP,14542.75,1,290880,-29.5,-0.01,4.5,0,0.00,-27.25,-0.01,16971,6.79,0
617,Entry long,2021-07-01 18:00,[CC] BUY WEAK,14544,1,290880,-29.5,-0.01,4.5,0,0.00,-27.25,-0.01,16971,6.79,0
618,Exit long,2021-07-02 09:30,NQ09B BUY NY STOP,14628,2,585170,-59,-0.01,9,0,0.00,-54.5,-0.01,16912,6.76,0
618,Entry long,2021-07-02 09:30,[CC] BUY NY,14629.25,2,585170,-59,-0.01,9,0,0.00,-54.5,-0.01,16912,6.76,0
619,Exit long,2021-07-04 18:00,NQ09B BUY WEEKLY STOP,14703.25,2,588180,-59,-0.01,9,0,0.00,-54.5,-0.01,16853,6.74,0
619,Entry long,2021-07-04 18:00,[CC] BUY WEEKLY,14704.5,2,588180,-59,-0.01,9,0,0.00,-54.5,-0.01,16853,6.74,0
620,Exit long,2021-07-05 09:30,NQ09B BUY NY STOP,14703,2,588170,-59,-0.01,9,5.5,0.00,-54.5,-0.01,16794,6.72,0
620,Entry long,2021-07-05 09:30,[CC] BUY NY,14704.25,2,588170,-59,-0.01,9,5.5,0.00,-54.5,-0.01,16794,6.72,0
621,Exit long,2021-07-06 09:30,NQ09B BUY NY STOP,14739.5,2,589630,-59,-0.01,9,0,0.00,-54.5,-0.01,16735,6.69,0
621,Entry long,2021-07-06 09:30,[CC] BUY NY,14740.75,2,589630,-59,-0.01,9,0,0.00,-54.5,-0.01,16735,6.69,0
622,Exit long,2021-07-06 18:00,NQ09B BUY WEEKDAY 1800 STOP,14763.5,1,295295,-29.5,-0.01,4.5,0,0.00,-27.25,-0.01,16705.5,6.68,0
622,Entry long,2021-07-06 18:00,[CC] BUY WEAK,14764.75,1,295295,-29.5,-0.01,4.5,0,0.00,-27.25,-0.01,16705.5,6.68,0
623,Exit long,2021-07-07 09:30,NQ09B BUY NY STOP,14870.25,2,594860,-59,-0.01,9,485.5,0.08,-54.5,-0.01,16646.5,6.66,0
623,Entry long,2021-07-07 09:30,[CC] BUY NY,14871.5,2,594860,-59,-0.01,9,485.5,0.08,-54.5,-0.01,16646.5,6.66,0
624,Exit long,2021-07-08 09:30,NQ09B BUY NY STOP,14593,2,583770,-59,-0.01,9,0,0.00,-54.5,-0.01,16587.5,6.64,0
624,Entry long,2021-07-08 09:30,[CC] BUY NY,14594.25,2,583770,-59,-0.01,9,0,0.00,-54.5,-0.01,16587.5,6.64,0
625,Exit long,2021-07-09 09:30,NQ09B BUY NY STOP,14692.5,2,587750,-59,-0.01,9,0,0.00,-54.5,-0.01,16528.5,6.61,0
625,Entry long,2021-07-09 09:30,[CC] BUY NY,14693.75,2,587750,-59,-0.01,9,0,0.00,-54.5,-0.01,16528.5,6.61,0
626,Exit long,2021-07-11 18:00,NQ09B BUY WEEKLY W80,14832.25,2,592970,311,0.05,9,315.5,0.05,-14.5,0.00,16839.5,6.74,0
626,Entry long,2021-07-11 18:00,[CC] BUY WEEKLY,14824.25,2,592970,311,0.05,9,315.5,0.05,-14.5,0.00,16839.5,6.74,0
627,Exit long,2021-07-12 09:30,NQ09B BUY NY STOP,14869.75,2,594840,-59,-0.01,9,0,0.00,-54.5,-0.01,16780.5,6.71,0
627,Entry long,2021-07-12 09:30,[CC] BUY NY,14871,2,594840,-59,-0.01,9,0,0.00,-54.5,-0.01,16780.5,6.71,0
628,Exit long,2021-07-13 09:30,NQ09B BUY NY STOP,14852,2,594130,-59,-0.01,9,0,0.00,-54.5,-0.01,16721.5,6.69,0
628,Entry long,2021-07-13 09:30,[CC] BUY NY,14853.25,2,594130,-59,-0.01,9,0,0.00,-54.5,-0.01,16721.5,6.69,0
629,Exit long,2021-07-13 18:00,NQ09B BUY WEEKDAY 1800 STOP,14868.75,1,297400,-29.5,-0.01,4.5,0,0.00,-27.25,-0.01,16692,6.68,0
629,Entry long,2021-07-13 18:00,[CC] BUY WEAK,14870,1,297400,-29.5,-0.01,4.5,0,0.00,-27.25,-0.01,16692,6.68,0
630,Exit long,2021-07-14 09:30,NQ09B BUY NY STOP,14968,2,598770,-59,-0.01,9,0,0.00,-54.5,-0.01,16633,6.65,0
630,Entry long,2021-07-14 09:30,[CC] BUY NY,14969.25,2,598770,-59,-0.01,9,0,0.00,-54.5,-0.01,16633,6.65,0
631,Exit long,2021-07-14 18:00,NQ09B BUY WEEKDAY 1800 STOP,14894,1,297905,-29.5,-0.01,4.5,0,0.00,-27.25,-0.01,16603.5,6.64,0
631,Entry long,2021-07-14 18:00,[CC] BUY WEAK,14895.25,1,297905,-29.5,-0.01,4.5,0,0.00,-27.25,-0.01,16603.5,6.64,0
632,Exit long,2021-07-15 09:30,NQ09B BUY NY STOP,14892,2,595730,-59,-0.01,9,355.5,0.06,-54.5,-0.01,16544.5,6.62,0
632,Entry long,2021-07-15 09:30,[CC] BUY NY,14893.25,2,595730,-59,-0.01,9,355.5,0.06,-54.5,-0.01,16544.5,6.62,0
633,Exit long,2021-07-16 09:30,NQ09B BUY NY STOP,14828.75,2,593200,-59,-0.01,9,0,0.00,-54.5,-0.01,16485.5,6.59,0
633,Entry long,2021-07-16 09:30,[CC] BUY NY,14830,2,593200,-59,-0.01,9,0,0.00,-54.5,-0.01,16485.5,6.59,0
634,Exit long,2021-07-18 18:00,NQ09B BUY WEEKLY STOP,14674,2,587010,-59,-0.01,9,255.5,0.04,-54.5,-0.01,16426.5,6.57,0
634,Entry long,2021-07-18 18:00,[CC] BUY WEEKLY,14675.25,2,587010,-59,-0.01,9,255.5,0.04,-54.5,-0.01,16426.5,6.57,0
635,Exit long,2021-07-19 09:30,NQ09B BUY NY N130 TP2,14541.75,2,581160,501,0.09,9,505.5,0.09,-14.5,0.00,16927.5,6.77,0
635,Entry long,2021-07-19 09:30,[CC] BUY NY,14529,2,581160,501,0.09,9,505.5,0.09,-14.5,0.00,16927.5,6.77,0
636,Exit long,2021-07-19 18:00,NQ09B BUY WEEKDAY 1800 STOP,14592.75,2,583760,-59,-0.01,9,225.5,0.04,-54.5,-0.01,16868.5,6.75,0
636,Entry long,2021-07-19 18:00,[CC] BUY PREMIUM,14594,2,583760,-59,-0.01,9,225.5,0.04,-54.5,-0.01,16868.5,6.75,0
637,Exit long,2021-07-20 09:30,NQ09B BUY NY STOP,14590.5,2,583670,-59,-0.01,9,355.5,0.06,-54.5,-0.01,16809.5,6.72,0
637,Entry long,2021-07-20 09:30,[CC] BUY NY,14591.75,2,583670,-59,-0.01,9,355.5,0.06,-54.5,-0.01,16809.5,6.72,0
638,Exit long,2021-07-20 18:00,NQ09B BUY WEEKDAY 1800 STOP,14728.75,1,294600,-29.5,-0.01,4.5,27.75,0.01,-27.25,-0.01,16780,6.71,0
638,Entry long,2021-07-20 18:00,[CC] BUY WEAK,14730,1,294600,-29.5,-0.01,4.5,27.75,0.01,-27.25,-0.01,16780,6.71,0
639,Exit long,2021-07-21 09:30,NQ09B BUY NY STOP,14701,2,588090,-59,-0.01,9,0,0.00,-54.5,-0.01,16721,6.69,0
639,Entry long,2021-07-21 09:30,[CC] BUY NY,14702.25,2,588090,-59,-0.01,9,0,0.00,-54.5,-0.01,16721,6.69,0
640,Exit long,2021-07-21 18:00,NQ09B BUY WEEKDAY 1800 STOP,14835.75,1,296740,-29.5,-0.01,4.5,17.75,0.01,-27.25,-0.01,16691.5,6.68,0
640,Entry long,2021-07-21 18:00,[CC] BUY WEAK,14837,1,296740,-29.5,-0.01,4.5,17.75,0.01,-27.25,-0.01,16691.5,6.68,0
641,Exit long,2021-07-22 09:30,NQ09B BUY NY N130 TP2,14853,2,593610,501,0.08,9,505.5,0.09,-34.5,-0.01,17192.5,6.88,0
641,Entry long,2021-07-22 09:30,[CC] BUY NY,14840.25,2,593610,501,0.08,9,505.5,0.09,-34.5,-0.01,17192.5,6.88,0
642,Exit long,2021-07-22 18:00,NQ09B BUY WEEKDAY 1800 STOP,14978.5,2,599190,-59,-0.01,9,0,0.00,-54.5,-0.01,17133.5,6.85,0
642,Entry long,2021-07-22 18:00,[CC] BUY PREMIUM,14979.75,2,599190,-59,-0.01,9,0,0.00,-54.5,-0.01,17133.5,6.85,0
643,Exit long,2021-07-23 09:30,NQ09B BUY NY STOP,14984.75,2,599440,-59,-0.01,9,315.5,0.05,-54.5,-0.01,17074.5,6.83,0
643,Entry long,2021-07-23 09:30,[CC] BUY NY,14986,2,599440,-59,-0.01,9,315.5,0.05,-54.5,-0.01,17074.5,6.83,0
644,Exit long,2021-07-25 18:00,NQ09B BUY WEEKLY STOP,15097,2,603930,-59,-0.01,9,0,0.00,-54.5,-0.01,17015.5,6.81,0
644,Entry long,2021-07-25 18:00,[CC] BUY WEEKLY,15098.25,2,603930,-59,-0.01,9,0,0.00,-54.5,-0.01,17015.5,6.81,0
645,Exit long,2021-07-26 09:30,NQ09B BUY NY STOP,15074.5,2,603030,-59,-0.01,9,135.5,0.02,-54.5,-0.01,16956.5,6.78,0
645,Entry long,2021-07-26 09:30,[CC] BUY NY,15075.75,2,603030,-59,-0.01,9,135.5,0.02,-54.5,-0.01,16956.5,6.78,0
646,Exit long,2021-07-27 09:30,NQ09B BUY NY STOP,15104.25,2,604220,-59,-0.01,9,55.5,0.01,-54.5,-0.01,16897.5,6.76,0
646,Entry long,2021-07-27 09:30,[CC] BUY NY,15105.5,2,604220,-59,-0.01,9,55.5,0.01,-54.5,-0.01,16897.5,6.76,0
647,Exit long,2021-07-27 18:00,NQ09B BUY WEEKDAY 1800 STOP,14874.75,2,595040,-59,-0.01,9,0,0.00,-54.5,-0.01,16838.5,6.74,0
647,Entry long,2021-07-27 18:00,[CC] BUY PREMIUM,14876,2,595040,-59,-0.01,9,0,0.00,-54.5,-0.01,16838.5,6.74,0
648,Exit long,2021-07-28 09:30,NQ09B BUY NY STOP,14997.25,2,599940,-59,-0.01,9,0,0.00,-54.5,-0.01,16779.5,6.71,0
648,Entry long,2021-07-28 09:30,[CC] BUY NY,14998.5,2,599940,-59,-0.01,9,0,0.00,-54.5,-0.01,16779.5,6.71,0
649,Exit long,2021-07-28 18:00,NQ09B BUY WEEKDAY 1800 STOP,14983.75,1,299700,-29.5,-0.01,4.5,17.75,0.01,-27.25,-0.01,16750,6.70,0
649,Entry long,2021-07-28 18:00,[CC] BUY WEAK,14985,1,299700,-29.5,-0.01,4.5,17.75,0.01,-27.25,-0.01,16750,6.70,0
650,Exit long,2021-07-29 09:30,NQ09B BUY NY STOP,14982.25,2,599340,-59,-0.01,9,0,0.00,-54.5,-0.01,16691,6.68,0
650,Entry long,2021-07-29 09:30,[CC] BUY NY,14983.5,2,599340,-59,-0.01,9,0,0.00,-54.5,-0.01,16691,6.68,0
651,Exit long,2021-07-29 18:00,NQ09B BUY WEEKDAY 1800 STOP,14904.25,2,596220,-59,-0.01,9,0,0.00,-54.5,-0.01,16632,6.65,0
651,Entry long,2021-07-29 18:00,[CC] BUY PREMIUM,14905.5,2,596220,-59,-0.01,9,0,0.00,-54.5,-0.01,16632,6.65,0
652,Exit long,2021-07-30 09:30,NQ09B BUY NY STOP,14868,2,594770,-59,-0.01,9,0,0.00,-54.5,-0.01,16573,6.63,0
652,Entry long,2021-07-30 09:30,[CC] BUY NY,14869.25,2,594770,-59,-0.01,9,0,0.00,-54.5,-0.01,16573,6.63,0
653,Exit long,2021-08-01 18:00,NQ09B BUY WEEKLY STOP,14971.75,2,598920,-59,-0.01,9,0,0.00,-54.5,-0.01,16514,6.61,0
653,Entry long,2021-08-01 18:00,[CC] BUY WEEKLY,14973,2,598920,-59,-0.01,9,0,0.00,-54.5,-0.01,16514,6.61,0
654,Exit long,2021-08-02 09:30,NQ09B BUY NY STOP,15026.75,2,601120,-59,-0.01,9,0,0.00,-54.5,-0.01,16455,6.58,0
654,Entry long,2021-08-02 09:30,[CC] BUY NY,15028,2,601120,-59,-0.01,9,0,0.00,-54.5,-0.01,16455,6.58,0
655,Exit long,2021-08-03 09:30,NQ09B BUY NY STOP,14985,2,599450,-59,-0.01,9,485.5,0.08,-54.5,-0.01,16396,6.56,0
655,Entry long,2021-08-03 09:30,[CC] BUY NY,14986.25,2,599450,-59,-0.01,9,485.5,0.08,-54.5,-0.01,16396,6.56,0
656,Exit long,2021-08-03 18:00,NQ09B BUY WEEKDAY 1800 STOP,15037,1,300765,-29.5,-0.01,4.5,0,0.00,-27.25,-0.01,16366.5,6.55,0
656,Entry long,2021-08-03 18:00,[CC] BUY WEAK,15038.25,1,300765,-29.5,-0.01,4.5,0,0.00,-27.25,-0.01,16366.5,6.55,0
657,Exit long,2021-08-04 09:30,NQ09B BUY NY STOP,15043.75,2,601800,-59,-0.01,9,0,0.00,-54.5,-0.01,16307.5,6.52,0
657,Entry long,2021-08-04 09:30,[CC] BUY NY,15045,2,601800,-59,-0.01,9,0,0.00,-54.5,-0.01,16307.5,6.52,0
658,Exit long,2021-08-05 09:30,NQ09B BUY NY STOP,15100.5,2,604070,-59,-0.01,9,185.5,0.03,-54.5,-0.01,16248.5,6.50,0
658,Entry long,2021-08-05 09:30,[CC] BUY NY,15101.75,2,604070,-59,-0.01,9,185.5,0.03,-54.5,-0.01,16248.5,6.50,0
659,Exit long,2021-08-05 18:00,NQ09B BUY WEEKDAY 1800 STOP,15166.75,1,303360,-29.5,-0.01,4.5,17.75,0.01,-27.25,-0.01,16219,6.49,0
659,Entry long,2021-08-05 18:00,[CC] BUY WEAK,15168,1,303360,-29.5,-0.01,4.5,17.75,0.01,-27.25,-0.01,16219,6.49,0
660,Exit long,2021-08-06 09:30,NQ09B BUY NY STOP,15108.25,2,604380,-59,-0.01,9,0,0.00,-54.5,-0.01,16160,6.46,0
660,Entry long,2021-08-06 09:30,[CC] BUY NY,15109.5,2,604380,-59,-0.01,9,0,0.00,-54.5,-0.01,16160,6.46,0
661,Exit long,2021-08-08 18:00,NQ09B BUY WEEKLY STOP,15089.25,2,603620,-59,-0.01,9,0,0.00,-54.5,-0.01,16101,6.44,0
661,Entry long,2021-08-08 18:00,[CC] BUY WEEKLY,15090.5,2,603620,-59,-0.01,9,0,0.00,-54.5,-0.01,16101,6.44,0
662,Exit long,2021-08-09 09:30,NQ09B BUY NY STOP,15114.5,2,604630,-59,-0.01,9,0,0.00,-54.5,-0.01,16042,6.42,0
662,Entry long,2021-08-09 09:30,[CC] BUY NY,15115.75,2,604630,-59,-0.01,9,0,0.00,-54.5,-0.01,16042,6.42,0
663,Exit long,2021-08-10 09:30,NQ09B BUY NY STOP,15143.5,2,605790,-59,-0.01,9,355.5,0.06,-54.5,-0.01,15983,6.39,0
663,Entry long,2021-08-10 09:30,[CC] BUY NY,15144.75,2,605790,-59,-0.01,9,355.5,0.06,-54.5,-0.01,15983,6.39,0
664,Exit long,2021-08-11 09:30,NQ09B BUY NY STOP,15097.25,2,603940,-59,-0.01,9,0,0.00,-54.5,-0.01,15924,6.37,0
664,Entry long,2021-08-11 09:30,[CC] BUY NY,15098.5,2,603940,-59,-0.01,9,0,0.00,-54.5,-0.01,15924,6.37,0
665,Exit long,2021-08-12 09:30,NQ09B BUY NY STOP,14998.5,2,599990,-59,-0.01,9,225.5,0.04,-54.5,-0.01,15865,6.35,0
665,Entry long,2021-08-12 09:30,[CC] BUY NY,14999.75,2,599990,-59,-0.01,9,225.5,0.04,-54.5,-0.01,15865,6.35,0
666,Exit long,2021-08-13 09:30,NQ09B BUY NY STOP,15088,2,603570,-59,-0.01,9,245.5,0.04,-54.5,-0.01,15806,6.32,0
666,Entry long,2021-08-13 09:30,[CC] BUY NY,15089.25,2,603570,-59,-0.01,9,245.5,0.04,-54.5,-0.01,15806,6.32,0
667,Exit long,2021-08-15 18:00,NQ09B BUY WEEKLY STOP,15118.25,2,604780,-59,-0.01,9,0,0.00,-54.5,-0.01,15747,6.30,0
667,Entry long,2021-08-15 18:00,[CC] BUY WEEKLY,15119.5,2,604780,-59,-0.01,9,0,0.00,-54.5,-0.01,15747,6.30,0
668,Exit long,2021-08-16 09:30,NQ09B BUY NY STOP,15078.75,2,603200,-59,-0.01,9,0,0.00,-54.5,-0.01,15688,6.28,0
668,Entry long,2021-08-16 09:30,[CC] BUY NY,15080,2,603200,-59,-0.01,9,0,0.00,-54.5,-0.01,15688,6.28,0
669,Exit long,2021-08-16 18:00,NQ09B BUY WEEKDAY 1800 STOP,15130.5,1,302635,-29.5,-0.01,4.5,37.75,0.01,-27.25,-0.01,15658.5,6.26,0
669,Entry long,2021-08-16 18:00,[CC] BUY WEAK,15131.75,1,302635,-29.5,-0.01,4.5,37.75,0.01,-27.25,-0.01,15658.5,6.26,0
670,Exit long,2021-08-17 09:30,NQ09B BUY NY STOP,15016,2,600690,-59,-0.01,9,145.5,0.02,-54.5,-0.01,15599.5,6.24,0
670,Entry long,2021-08-17 09:30,[CC] BUY NY,15017.25,2,600690,-59,-0.01,9,145.5,0.02,-54.5,-0.01,15599.5,6.24,0
671,Exit long,2021-08-17 18:00,NQ09B BUY WEEKDAY 1800 STOP,14969.25,2,598820,-59,-0.01,9,0,0.00,-54.5,-0.01,15540.5,6.22,0
671,Entry long,2021-08-17 18:00,[CC] BUY PREMIUM,14970.5,2,598820,-59,-0.01,9,0,0.00,-54.5,-0.01,15540.5,6.22,0
672,Exit long,2021-08-18 09:30,NQ09B BUY NY STOP,14977.75,2,599160,-59,-0.01,9,0,0.00,-54.5,-0.01,15481.5,6.19,0
672,Entry long,2021-08-18 09:30,[CC] BUY NY,14979,2,599160,-59,-0.01,9,0,0.00,-54.5,-0.01,15481.5,6.19,0
673,Exit long,2021-08-18 18:00,NQ09B BUY WEEKDAY 1800 STOP,14839,1,296805,-29.5,-0.01,4.5,0,0.00,-27.25,-0.01,15452,6.18,0
673,Entry long,2021-08-18 18:00,[CC] BUY WEAK,14840.25,1,296805,-29.5,-0.01,4.5,0,0.00,-27.25,-0.01,15452,6.18,0
674,Exit long,2021-08-19 09:30,NQ09B BUY NY STOP,14773.5,2,590990,-59,-0.01,9,0,0.00,-54.5,-0.01,15393,6.16,0
674,Entry long,2021-08-19 09:30,[CC] BUY NY,14774.75,2,590990,-59,-0.01,9,0,0.00,-54.5,-0.01,15393,6.16,0
675,Exit long,2021-08-19 18:00,NQ09B BUY WEEKDAY 1800 STOP,14942.25,2,597740,-59,-0.01,9,135.5,0.02,-54.5,-0.01,15334,6.13,0
675,Entry long,2021-08-19 18:00,[CC] BUY PREMIUM,14943.5,2,597740,-59,-0.01,9,135.5,0.02,-54.5,-0.01,15334,6.13,0
676,Exit long,2021-08-20 09:30,NQ09B BUY NY STOP,14972.5,2,598950,-59,-0.01,9,0,0.00,-54.5,-0.01,15275,6.11,0
676,Entry long,2021-08-20 09:30,[CC] BUY NY,14973.75,2,598950,-59,-0.01,9,0,0.00,-54.5,-0.01,15275,6.11,0
677,Exit long,2021-08-22 18:00,NQ09B BUY WEEKLY STOP,15089,2,603610,-59,-0.01,9,0,0.00,-54.5,-0.01,15216,6.09,0
677,Entry long,2021-08-22 18:00,[CC] BUY WEEKLY,15090.25,2,603610,-59,-0.01,9,0,0.00,-54.5,-0.01,15216,6.09,0
678,Exit long,2021-08-23 09:30,NQ09B BUY NY STOP,15126,2,605090,-59,-0.01,9,0,0.00,-54.5,-0.01,15157,6.06,0
678,Entry long,2021-08-23 09:30,[CC] BUY NY,15127.25,2,605090,-59,-0.01,9,0,0.00,-54.5,-0.01,15157,6.06,0
679,Exit long,2021-08-24 09:30,NQ09B BUY NY STOP,15332.25,2,613340,-59,-0.01,9,0,0.00,-54.5,-0.01,15098,6.04,0
679,Entry long,2021-08-24 09:30,[CC] BUY NY,15333.5,2,613340,-59,-0.01,9,0,0.00,-54.5,-0.01,15098,6.04,0
680,Exit long,2021-08-25 09:30,NQ09B BUY NY STOP,15364.25,2,614620,-59,-0.01,9,0,0.00,-54.5,-0.01,15039,6.02,0
680,Entry long,2021-08-25 09:30,[CC] BUY NY,15365.5,2,614620,-59,-0.01,9,0,0.00,-54.5,-0.01,15039,6.02,0
681,Exit long,2021-08-26 09:30,NQ09B BUY NY N130 TP2,15348.5,2,613430,501,0.08,9,505.5,0.08,-34.5,-0.01,15540,6.22,0
681,Entry long,2021-08-26 09:30,[CC] BUY NY,15335.75,2,613430,501,0.08,9,505.5,0.08,-34.5,-0.01,15540,6.22,0
682,Exit long,2021-08-26 18:00,NQ09B BUY WEEKDAY 1800 STOP,15285,1,305725,-29.5,-0.01,4.5,0,0.00,-27.25,-0.01,15510.5,6.20,0
682,Entry long,2021-08-26 18:00,[CC] BUY WEAK,15286.25,1,305725,-29.5,-0.01,4.5,0,0.00,-27.25,-0.01,15510.5,6.20,0
683,Exit long,2021-08-27 09:30,NQ09B BUY NY STOP,15300,2,612050,-59,-0.01,9,0,0.00,-54.5,-0.01,15451.5,6.18,0
683,Entry long,2021-08-27 09:30,[CC] BUY NY,15301.25,2,612050,-59,-0.01,9,0,0.00,-54.5,-0.01,15451.5,6.18,0
684,Exit long,2021-08-29 18:00,NQ09B BUY WEEKLY STOP,15431.75,2,617320,-59,-0.01,9,55.5,0.01,-54.5,-0.01,15392.5,6.16,0
684,Entry long,2021-08-29 18:00,[CC] BUY WEEKLY,15433,2,617320,-59,-0.01,9,55.5,0.01,-54.5,-0.01,15392.5,6.16,0
685,Exit long,2021-08-30 09:30,NQ09B BUY NY N130 TP2,15468.5,2,618230,501,0.08,9,505.5,0.08,-24.5,0.00,15893.5,6.36,0
685,Entry long,2021-08-30 09:30,[CC] BUY NY,15455.75,2,618230,501,0.08,9,505.5,0.08,-24.5,0.00,15893.5,6.36,0
686,Exit long,2021-08-31 09:30,NQ09B BUY NY STOP,15606.5,2,624310,-59,-0.01,9,55.5,0.01,-54.5,-0.01,15834.5,6.33,0
686,Entry long,2021-08-31 09:30,[CC] BUY NY,15607.75,2,624310,-59,-0.01,9,55.5,0.01,-54.5,-0.01,15834.5,6.33,0
687,Exit long,2021-09-01 09:30,NQ09B BUY NY STOP,15629,2,625210,-59,-0.01,9,0,0.00,-54.5,-0.01,15775.5,6.31,0
687,Entry long,2021-09-01 09:30,[CC] BUY NY,15630.25,2,625210,-59,-0.01,9,0,0.00,-54.5,-0.01,15775.5,6.31,0
688,Exit long,2021-09-01 18:00,NQ09B BUY WEEKDAY 1800 STOP,15609,1,312205,-29.5,-0.01,4.5,0,0.00,-27.25,-0.01,15746,6.30,0
688,Entry long,2021-09-01 18:00,[CC] BUY WEAK,15610.25,1,312205,-29.5,-0.01,4.5,0,0.00,-27.25,-0.01,15746,6.30,0
689,Exit long,2021-09-02 09:30,NQ09B BUY NY STOP,15667.25,2,626740,-59,-0.01,9,0,0.00,-54.5,-0.01,15687,6.27,0
689,Entry long,2021-09-02 09:30,[CC] BUY NY,15668.5,2,626740,-59,-0.01,9,0,0.00,-54.5,-0.01,15687,6.27,0
690,Exit long,2021-09-03 09:30,NQ09B BUY NY STOP,15554.75,2,622240,-59,-0.01,9,0,0.00,-54.5,-0.01,15628,6.25,0
690,Entry long,2021-09-03 09:30,[CC] BUY NY,15556,2,622240,-59,-0.01,9,0,0.00,-54.5,-0.01,15628,6.25,0
691,Exit long,2021-09-05 18:00,NQ09B BUY WEEKLY STOP,15655,2,626250,-59,-0.01,9,0,0.00,-54.5,-0.01,15569,6.23,0
691,Entry long,2021-09-05 18:00,[CC] BUY WEEKLY,15656.25,2,626250,-59,-0.01,9,0,0.00,-54.5,-0.01,15569,6.23,0
692,Exit long,2021-09-06 09:30,NQ09B BUY NY STOP,15687.5,2,627550,-59,-0.01,9,0,0.00,-54.5,-0.01,15510,6.20,0
692,Entry long,2021-09-06 09:30,[CC] BUY NY,15688.75,2,627550,-59,-0.01,9,0,0.00,-54.5,-0.01,15510,6.20,0
693,Exit long,2021-09-06 18:00,NQ09B BUY WEEKDAY 1800 STOP,15701,1,314045,-29.5,-0.01,4.5,0,0.00,-27.25,-0.01,15480.5,6.19,0
693,Entry long,2021-09-06 18:00,[CC] BUY WEAK,15702.25,1,314045,-29.5,-0.01,4.5,0,0.00,-27.25,-0.01,15480.5,6.19,0
694,Exit long,2021-09-07 09:30,NQ09B BUY NY N130 TP2,15668,2,626210,501,0.08,9,505.5,0.08,-14.5,0.00,15981.5,6.39,0
694,Entry long,2021-09-07 09:30,[CC] BUY NY,15655.25,2,626210,501,0.08,9,505.5,0.08,-14.5,0.00,15981.5,6.39,0
695,Exit long,2021-09-07 18:00,NQ09B BUY WEEKDAY 1800 STOP,15670,1,313425,-29.5,-0.01,4.5,0,0.00,-27.25,-0.01,15952,6.38,0
695,Entry long,2021-09-07 18:00,[CC] BUY WEAK,15671.25,1,313425,-29.5,-0.01,4.5,0,0.00,-27.25,-0.01,15952,6.38,0
696,Exit long,2021-09-08 09:30,NQ09B BUY NY STOP,15665,2,626650,-59,-0.01,9,35.5,0.01,-54.5,-0.01,15893,6.36,0
696,Entry long,2021-09-08 09:30,[CC] BUY NY,15666.25,2,626650,-59,-0.01,9,35.5,0.01,-54.5,-0.01,15893,6.36,0
697,Exit long,2021-09-09 09:30,NQ09B BUY NY STOP,15629.5,2,625230,-59,-0.01,9,0,0.00,-54.5,-0.01,15834,6.33,0
697,Entry long,2021-09-09 09:30,[CC] BUY NY,15630.75,2,625230,-59,-0.01,9,0,0.00,-54.5,-0.01,15834,6.33,0
698,Exit long,2021-09-09 18:00,NQ09B BUY WEEKDAY 1800 STOP,15560,1,311225,-29.5,-0.01,4.5,0,0.00,-27.25,-0.01,15804.5,6.32,0
698,Entry long,2021-09-09 18:00,[CC] BUY WEAK,15561.25,1,311225,-29.5,-0.01,4.5,0,0.00,-27.25,-0.01,15804.5,6.32,0
699,Exit long,2021-09-10 09:30,NQ09B BUY NY N130 TP2,15650.5,2,625510,501,0.08,9,505.5,0.08,-24.5,0.00,16305.5,6.52,0
699,Entry long,2021-09-10 09:30,[CC] BUY NY,15637.75,2,625510,501,0.08,9,505.5,0.08,-24.5,0.00,16305.5,6.52,0
700,Exit long,2021-09-12 18:00,NQ09B BUY WEEKLY STOP,15451.5,2,618110,-59,-0.01,9,0,0.00,-54.5,-0.01,16246.5,6.50,0
700,Entry long,2021-09-12 18:00,[CC] BUY WEEKLY,15452.75,2,618110,-59,-0.01,9,0,0.00,-54.5,-0.01,16246.5,6.50,0
701,Exit long,2021-09-13 09:30,NQ09B BUY NY N130 TP2,15559.5,2,621870,501,0.08,9,505.5,0.08,-14.5,0.00,16747.5,6.70,0
701,Entry long,2021-09-13 09:30,[CC] BUY NY,15546.75,2,621870,501,0.08,9,505.5,0.08,-14.5,0.00,16747.5,6.70,0
702,Exit long,2021-09-14 09:30,NQ09B BUY NY STOP,15491.75,2,619720,-59,-0.01,9,0,0.00,-54.5,-0.01,16688.5,6.68,0
702,Entry long,2021-09-14 09:30,[CC] BUY NY,15493,2,619720,-59,-0.01,9,0,0.00,-54.5,-0.01,16688.5,6.68,0
703,Exit long,2021-09-15 09:30,NQ09B BUY NY STOP,15404,2,616210,-59,-0.01,9,0,0.00,-54.5,-0.01,16629.5,6.65,0
703,Entry long,2021-09-15 09:30,[CC] BUY NY,15405.25,2,616210,-59,-0.01,9,0,0.00,-54.5,-0.01,16629.5,6.65,0
704,Exit long,2021-09-15 18:00,NQ09B BUY WEEKDAY 1800 STOP,15508.75,1,310200,-29.5,-0.01,4.5,37.75,0.01,-27.25,-0.01,16600,6.64,0
704,Entry long,2021-09-15 18:00,[CC] BUY WEAK,15510,1,310200,-29.5,-0.01,4.5,37.75,0.01,-27.25,-0.01,16600,6.64,0
705,Exit long,2021-09-16 09:30,NQ09B BUY NY STOP,15440.75,2,617680,-59,-0.01,9,0,0.00,-54.5,-0.01,16541,6.62,0
705,Entry long,2021-09-16 09:30,[CC] BUY NY,15442,2,617680,-59,-0.01,9,0,0.00,-54.5,-0.01,16541,6.62,0
706,Exit long,2021-09-16 18:00,NQ09B BUY WEEKDAY 1800 STOP,15496.75,1,309960,-29.5,-0.01,4.5,52.75,0.02,-27.25,-0.01,16511.5,6.60,0
706,Entry long,2021-09-16 18:00,[CC] BUY WEAK,15498,1,309960,-29.5,-0.01,4.5,52.75,0.02,-27.25,-0.01,16511.5,6.60,0
707,Exit long,2021-09-17 09:30,NQ09B BUY NY STOP,15482.75,2,619360,-59,-0.01,9,35.5,0.01,-54.5,-0.01,16452.5,6.58,0
707,Entry long,2021-09-17 09:30,[CC] BUY NY,15484,2,619360,-59,-0.01,9,35.5,0.01,-54.5,-0.01,16452.5,6.58,0
708,Exit long,2021-09-19 18:00,NQ09B BUY WEEKLY STOP,15283,2,611370,-59,-0.01,9,0,0.00,-54.5,-0.01,16393.5,6.56,0
708,Entry long,2021-09-19 18:00,[CC] BUY WEEKLY,15284.25,2,611370,-59,-0.01,9,0,0.00,-54.5,-0.01,16393.5,6.56,0
709,Exit long,2021-09-20 09:30,NQ09B BUY NY STOP,15075,2,603050,-59,-0.01,9,0,0.00,-54.5,-0.01,16334.5,6.53,0
709,Entry long,2021-09-20 09:30,[CC] BUY NY,15076.25,2,603050,-59,-0.01,9,0,0.00,-54.5,-0.01,16334.5,6.53,0
710,Exit long,2021-09-20 18:00,NQ09B BUY WEEKDAY 1800 STOP,14991,1,299845,-29.5,-0.01,4.5,0,0.00,-27.25,-0.01,16305,6.52,0
710,Entry long,2021-09-20 18:00,[CC] BUY WEAK,14992.25,1,299845,-29.5,-0.01,4.5,0,0.00,-27.25,-0.01,16305,6.52,0
711,Exit long,2021-09-21 09:30,NQ09B BUY NY N130 TP2,15095.25,2,603300,501,0.08,9,505.5,0.08,-14.5,0.00,16806,6.72,0
711,Entry long,2021-09-21 09:30,[CC] BUY NY,15082.5,2,603300,501,0.08,9,505.5,0.08,-14.5,0.00,16806,6.72,0
712,Exit long,2021-09-21 18:00,NQ09B BUY WEEKDAY 1800 STOP,14991.75,1,299860,-29.5,-0.01,4.5,0,0.00,-27.25,-0.01,16776.5,6.71,0
712,Entry long,2021-09-21 18:00,[CC] BUY WEAK,14993,1,299860,-29.5,-0.01,4.5,0,0.00,-27.25,-0.01,16776.5,6.71,0
713,Exit long,2021-09-22 09:30,NQ09B BUY NY STOP,15061,2,602490,-59,-0.01,9,345.5,0.06,-54.5,-0.01,16717.5,6.69,0
713,Entry long,2021-09-22 09:30,[CC] BUY NY,15062.25,2,602490,-59,-0.01,9,345.5,0.06,-54.5,-0.01,16717.5,6.69,0
714,Exit long,2021-09-22 18:00,NQ09B BUY WEEKDAY 1800 STOP,15177.25,2,607140,-59,-0.01,9,0,0.00,-54.5,-0.01,16658.5,6.66,0
714,Entry long,2021-09-22 18:00,[CC] BUY PREMIUM,15178.5,2,607140,-59,-0.01,9,0,0.00,-54.5,-0.01,16658.5,6.66,0
715,Exit long,2021-09-23 09:30,NQ09B BUY NY STOP,15209.75,2,608440,-59,-0.01,9,0,0.00,-54.5,-0.01,16599.5,6.64,0
715,Entry long,2021-09-23 09:30,[CC] BUY NY,15211,2,608440,-59,-0.01,9,0,0.00,-54.5,-0.01,16599.5,6.64,0
716,Exit long,2021-09-23 18:00,NQ09B BUY WEEKDAY 1800 STOP,15299.25,1,306010,-29.5,-0.01,4.5,0,0.00,-27.25,-0.01,16570,6.63,0
716,Entry long,2021-09-23 18:00,[CC] BUY WEAK,15300.5,1,306010,-29.5,-0.01,4.5,0,0.00,-27.25,-0.01,16570,6.63,0
717,Exit long,2021-09-24 09:30,NQ09B BUY NY STOP,15205.5,2,608270,-59,-0.01,9,0,0.00,-54.5,-0.01,16511,6.60,0
717,Entry long,2021-09-24 09:30,[CC] BUY NY,15206.75,2,608270,-59,-0.01,9,0,0.00,-54.5,-0.01,16511,6.60,0
718,Exit long,2021-09-26 18:00,NQ09B BUY WEEKLY W80,15327.25,2,612770,311,0.05,9,315.5,0.05,-24.5,0.00,16822,6.73,0
718,Entry long,2021-09-26 18:00,[CC] BUY WEEKLY,15319.25,2,612770,311,0.05,9,315.5,0.05,-24.5,0.00,16822,6.73,0
719,Exit long,2021-09-27 09:30,NQ09B BUY NY N130 TP2,15198.25,2,607420,501,0.08,9,505.5,0.08,-14.5,0.00,17323,6.93,0
719,Entry long,2021-09-27 09:30,[CC] BUY NY,15185.5,2,607420,501,0.08,9,505.5,0.08,-14.5,0.00,17323,6.93,0
720,Exit long,2021-09-28 09:30,NQ09B BUY NY STOP,15000.5,2,600070,-59,-0.01,9,0,0.00,-54.5,-0.01,17264,6.91,0
720,Entry long,2021-09-28 09:30,[CC] BUY NY,15001.75,2,600070,-59,-0.01,9,0,0.00,-54.5,-0.01,17264,6.91,0
721,Exit long,2021-09-28 18:00,NQ09B BUY WEEKDAY 1800 D80,14777.5,1,295390,155.5,0.05,4.5,157.75,0.05,-12.25,0.00,17419.5,6.97,0
721,Entry long,2021-09-28 18:00,[CC] BUY WEAK,14769.5,1,295390,155.5,0.05,4.5,157.75,0.05,-12.25,0.00,17419.5,6.97,0
722,Exit long,2021-09-29 09:30,NQ09B BUY NY STOP,14816.75,2,592720,-59,-0.01,9,0,0.00,-54.5,-0.01,17360.5,6.94,0
722,Entry long,2021-09-29 09:30,[CC] BUY NY,14818,2,592720,-59,-0.01,9,0,0.00,-54.5,-0.01,17360.5,6.94,0
723,Exit long,2021-09-30 09:30,NQ09B BUY NY STOP,14808.75,2,592400,-59,-0.01,9,0,0.00,-54.5,-0.01,17301.5,6.92,0
723,Entry long,2021-09-30 09:30,[CC] BUY NY,14810,2,592400,-59,-0.01,9,0,0.00,-54.5,-0.01,17301.5,6.92,0
724,Exit long,2021-09-30 18:00,NQ09B BUY WEEKDAY 1800 STOP,14701.25,1,294050,-29.5,-0.01,4.5,0,0.00,-27.25,-0.01,17272,6.91,0
724,Entry long,2021-09-30 18:00,[CC] BUY WEAK,14702.5,1,294050,-29.5,-0.01,4.5,0,0.00,-27.25,-0.01,17272,6.91,0
725,Exit long,2021-10-01 09:30,NQ09B BUY NY N130 TP2,14723,2,588410,501,0.09,9,505.5,0.09,-14.5,0.00,17773,7.11,0
725,Entry long,2021-10-01 09:30,[CC] BUY NY,14710.25,2,588410,501,0.09,9,505.5,0.09,-14.5,0.00,17773,7.11,0
726,Exit long,2021-10-03 18:00,NQ09B BUY WEEKLY STOP,14784,2,591410,-59,-0.01,9,0,0.00,-54.5,-0.01,17714,7.09,0
726,Entry long,2021-10-03 18:00,[CC] BUY WEEKLY,14785.25,2,591410,-59,-0.01,9,0,0.00,-54.5,-0.01,17714,7.09,0
727,Exit long,2021-10-04 09:30,NQ09B BUY NY N130 TP2,14717.25,2,588180,501,0.09,9,505.5,0.09,-14.5,0.00,18215,7.29,0
727,Entry long,2021-10-04 09:30,[CC] BUY NY,14704.5,2,588180,501,0.09,9,505.5,0.09,-14.5,0.00,18215,7.29,0
728,Exit long,2021-10-04 18:00,NQ09B BUY WEEKDAY 1800 STOP,14492.75,2,579760,-59,-0.01,9,195.5,0.03,-54.5,-0.01,18156,7.26,0
728,Entry long,2021-10-04 18:00,[CC] BUY PREMIUM,14494,2,579760,-59,-0.01,9,195.5,0.03,-54.5,-0.01,18156,7.26,0
729,Exit long,2021-10-05 09:30,NQ09B BUY NY STOP,14506,2,580290,-59,-0.01,9,0,0.00,-54.5,-0.01,18097,7.24,0
729,Entry long,2021-10-05 09:30,[CC] BUY NY,14507.25,2,580290,-59,-0.01,9,0,0.00,-54.5,-0.01,18097,7.24,0
730,Exit long,2021-10-05 18:00,NQ09B BUY WEEKDAY 1800 STOP,14661,1,293245,-29.5,-0.01,4.5,0,0.00,-27.25,-0.01,18067.5,7.23,0
730,Entry long,2021-10-05 18:00,[CC] BUY WEAK,14662.25,1,293245,-29.5,-0.01,4.5,0,0.00,-27.25,-0.01,18067.5,7.23,0
731,Exit long,2021-10-06 09:30,NQ09B BUY NY STOP,14521,2,580890,-59,-0.01,9,0,0.00,-54.5,-0.01,18008.5,7.20,0
731,Entry long,2021-10-06 09:30,[CC] BUY NY,14522.25,2,580890,-59,-0.01,9,0,0.00,-54.5,-0.01,18008.5,7.20,0
732,Exit long,2021-10-07 09:30,NQ09B BUY NY STOP,14881.25,2,595300,-59,-0.01,9,0,0.00,-54.5,-0.01,17949.5,7.18,0
732,Entry long,2021-10-07 09:30,[CC] BUY NY,14882.5,2,595300,-59,-0.01,9,0,0.00,-54.5,-0.01,17949.5,7.18,0
733,Exit long,2021-10-07 18:00,NQ09B BUY WEEKDAY 1800 STOP,14890.25,1,297830,-29.5,-0.01,4.5,0,0.00,-27.25,-0.01,17920,7.17,0
733,Entry long,2021-10-07 18:00,[CC] BUY WEAK,14891.5,1,297830,-29.5,-0.01,4.5,0,0.00,-27.25,-0.01,17920,7.17,0
734,Exit long,2021-10-08 09:30,NQ09B BUY NY STOP,14932.25,2,597340,-59,-0.01,9,375.5,0.06,-54.5,-0.01,17861,7.14,0
734,Entry long,2021-10-08 09:30,[CC] BUY NY,14933.5,2,597340,-59,-0.01,9,375.5,0.06,-54.5,-0.01,17861,7.14,0
735,Exit long,2021-10-10 18:00,NQ09B BUY WEEKLY W80,14818.5,2,592420,311,0.05,9,315.5,0.05,-14.5,0.00,18172,7.27,0
735,Entry long,2021-10-10 18:00,[CC] BUY WEEKLY,14810.5,2,592420,311,0.05,9,315.5,0.05,-14.5,0.00,18172,7.27,0
736,Exit long,2021-10-11 09:30,NQ09B BUY NY STOP,14747.25,2,589940,-59,-0.01,9,0,0.00,-54.5,-0.01,18113,7.25,0
736,Entry long,2021-10-11 09:30,[CC] BUY NY,14748.5,2,589940,-59,-0.01,9,0,0.00,-54.5,-0.01,18113,7.25,0
737,Exit long,2021-10-12 09:30,NQ09B BUY NY N130 TP2,14772.75,2,590400,501,0.08,9,505.5,0.09,-14.5,0.00,18614,7.45,0
737,Entry long,2021-10-12 09:30,[CC] BUY NY,14760,2,590400,501,0.08,9,505.5,0.09,-14.5,0.00,18614,7.45,0
738,Exit long,2021-10-12 18:00,NQ09B BUY WEEKDAY 1800 STOP,14593,1,291885,-29.5,-0.01,4.5,0,0.00,-27.25,-0.01,18584.5,7.43,0
738,Entry long,2021-10-12 18:00,[CC] BUY WEAK,14594.25,1,291885,-29.5,-0.01,4.5,0,0.00,-27.25,-0.01,18584.5,7.43,0
739,Exit long,2021-10-13 09:30,NQ09B BUY NY N130 TP2,14759.75,2,589880,501,0.08,9,505.5,0.09,-14.5,0.00,19085.5,7.63,0
739,Entry long,2021-10-13 09:30,[CC] BUY NY,14747,2,589880,501,0.08,9,505.5,0.09,-14.5,0.00,19085.5,7.63,0
740,Exit long,2021-10-14 09:30,NQ09B BUY NY STOP,14918.25,2,596780,-59,-0.01,9,285.5,0.05,-54.5,-0.01,19026.5,7.61,0
740,Entry long,2021-10-14 09:30,[CC] BUY NY,14919.5,2,596780,-59,-0.01,9,285.5,0.05,-54.5,-0.01,19026.5,7.61,0
741,Exit long,2021-10-15 09:30,NQ09B BUY NY STOP,15087.75,2,603560,-59,-0.01,9,405.5,0.07,-54.5,-0.01,18967.5,7.59,0
741,Entry long,2021-10-15 09:30,[CC] BUY NY,15089,2,603560,-59,-0.01,9,405.5,0.07,-54.5,-0.01,18967.5,7.59,0
742,Exit long,2021-10-17 18:00,NQ09B BUY WEEKLY W80,15153.25,2,605810,311,0.05,9,315.5,0.05,-24.5,0.00,19278.5,7.71,0
742,Entry long,2021-10-17 18:00,[CC] BUY WEEKLY,15145.25,2,605810,311,0.05,9,315.5,0.05,-24.5,0.00,19278.5,7.71,0
743,Exit long,2021-10-18 09:30,NQ09B BUY NY STOP,15075.5,2,603070,-59,-0.01,9,0,0.00,-54.5,-0.01,19219.5,7.69,0
743,Entry long,2021-10-18 09:30,[CC] BUY NY,15076.75,2,603070,-59,-0.01,9,0,0.00,-54.5,-0.01,19219.5,7.69,0
744,Exit long,2021-10-19 09:30,NQ09B BUY NY STOP,15329.5,2,613230,-59,-0.01,9,245.5,0.04,-54.5,-0.01,19160.5,7.66,0
744,Entry long,2021-10-19 09:30,[CC] BUY NY,15330.75,2,613230,-59,-0.01,9,245.5,0.04,-54.5,-0.01,19160.5,7.66,0
745,Exit long,2021-10-20 09:30,NQ09B BUY NY STOP,15418.75,2,616800,-59,-0.01,9,375.5,0.06,-54.5,-0.01,19101.5,7.64,0
745,Entry long,2021-10-20 09:30,[CC] BUY NY,15420,2,616800,-59,-0.01,9,375.5,0.06,-54.5,-0.01,19101.5,7.64,0
746,Exit long,2021-10-21 09:30,NQ09B BUY NY STOP,15345.5,2,613870,-59,-0.01,9,0,0.00,-54.5,-0.01,19042.5,7.62,0
746,Entry long,2021-10-21 09:30,[CC] BUY NY,15346.75,2,613870,-59,-0.01,9,0,0.00,-54.5,-0.01,19042.5,7.62,0
747,Exit long,2021-10-21 18:00,NQ09B BUY WEEKDAY 1800 STOP,15382,2,615330,-59,-0.01,9,145.5,0.02,-54.5,-0.01,18983.5,7.59,0
747,Entry long,2021-10-21 18:00,[CC] BUY PREMIUM,15383.25,2,615330,-59,-0.01,9,145.5,0.02,-54.5,-0.01,18983.5,7.59,0
748,Exit long,2021-10-22 09:30,NQ09B BUY NY N130 TP2,15435.5,2,616910,501,0.08,9,505.5,0.08,-14.5,0.00,19484.5,7.79,0
748,Entry long,2021-10-22 09:30,[CC] BUY NY,15422.75,2,616910,501,0.08,9,505.5,0.08,-14.5,0.00,19484.5,7.79,0
749,Exit long,2021-10-24 18:00,NQ09B BUY WEEKLY STOP,15323.25,2,612980,-59,-0.01,9,185.5,0.03,-54.5,-0.01,19425.5,7.77,0
749,Entry long,2021-10-24 18:00,[CC] BUY WEEKLY,15324.5,2,612980,-59,-0.01,9,185.5,0.03,-54.5,-0.01,19425.5,7.77,0
750,Exit long,2021-10-25 09:30,NQ09B BUY NY STOP,15404.25,2,616220,-59,-0.01,9,0,0.00,-54.5,-0.01,19366.5,7.75,0
750,Entry long,2021-10-25 09:30,[CC] BUY NY,15405.5,2,616220,-59,-0.01,9,0,0.00,-54.5,-0.01,19366.5,7.75,0
751,Exit long,2021-10-25 18:00,NQ09B BUY WEEKDAY 1800 STOP,15542,2,621730,-59,-0.01,9,0,0.00,-54.5,-0.01,19307.5,7.72,0
751,Entry long,2021-10-25 18:00,[CC] BUY PREMIUM,15543.25,2,621730,-59,-0.01,9,0,0.00,-54.5,-0.01,19307.5,7.72,0
752,Exit long,2021-10-26 09:30,NQ09B BUY NY STOP,15596.75,2,623920,-59,-0.01,9,0,0.00,-54.5,-0.01,19248.5,7.70,0
752,Entry long,2021-10-26 09:30,[CC] BUY NY,15598,2,623920,-59,-0.01,9,0,0.00,-54.5,-0.01,19248.5,7.70,0
753,Exit long,2021-10-26 18:00,NQ09B BUY WEEKDAY 1800 STOP,15531.25,2,621300,-59,-0.01,9,0,0.00,-54.5,-0.01,19189.5,7.68,0
753,Entry long,2021-10-26 18:00,[CC] BUY PREMIUM,15532.5,2,621300,-59,-0.01,9,0,0.00,-54.5,-0.01,19189.5,7.68,0
754,Exit long,2021-10-27 09:30,NQ09B BUY NY STOP,15569.75,2,622840,-59,-0.01,9,0,0.00,-54.5,-0.01,19130.5,7.65,0
754,Entry long,2021-10-27 09:30,[CC] BUY NY,15571,2,622840,-59,-0.01,9,0,0.00,-54.5,-0.01,19130.5,7.65,0
755,Exit long,2021-10-27 18:00,NQ09B BUY WEEKDAY 1800 D80,15603.25,1,311905,155.5,0.05,4.5,157.75,0.05,-7.25,0.00,19286,7.71,0
755,Entry long,2021-10-27 18:00,[CC] BUY WEAK,15595.25,1,311905,155.5,0.05,4.5,157.75,0.05,-7.25,0.00,19286,7.71,0
756,Exit long,2021-10-28 09:30,NQ09B BUY NY STOP,15667.75,2,626760,-59,-0.01,9,0,0.00,-54.5,-0.01,19227,7.69,0
756,Entry long,2021-10-28 09:30,[CC] BUY NY,15669,2,626760,-59,-0.01,9,0,0.00,-54.5,-0.01,19227,7.69,0
757,Exit long,2021-10-28 18:00,NQ09B BUY WEEKDAY 1800 STOP,15678.75,2,627200,-59,-0.01,9,0,0.00,-54.5,-0.01,19168,7.67,0
757,Entry long,2021-10-28 18:00,[CC] BUY PREMIUM,15680,2,627200,-59,-0.01,9,0,0.00,-54.5,-0.01,19168,7.67,0
758,Exit long,2021-10-29 09:30,NQ09B BUY NY STOP,15630,2,625250,-59,-0.01,9,0,0.00,-54.5,-0.01,19109,7.64,0
758,Entry long,2021-10-29 09:30,[CC] BUY NY,15631.25,2,625250,-59,-0.01,9,0,0.00,-54.5,-0.01,19109,7.64,0
759,Exit long,2021-10-31 18:00,NQ09B BUY WEEKLY W80,15893.5,2,635420,311,0.05,9,315.5,0.05,-14.5,0.00,19420,7.77,0
759,Entry long,2021-10-31 18:00,[CC] BUY WEEKLY,15885.5,2,635420,311,0.05,9,315.5,0.05,-14.5,0.00,19420,7.77,0
760,Exit long,2021-11-01 09:30,NQ09B BUY NY STOP,15857,2,634330,-59,-0.01,9,405.5,0.06,-54.5,-0.01,19361,7.74,0
760,Entry long,2021-11-01 09:30,[CC] BUY NY,15858.25,2,634330,-59,-0.01,9,405.5,0.06,-54.5,-0.01,19361,7.74,0
761,Exit long,2021-11-02 09:30,NQ09B BUY NY STOP,15864.75,2,634640,-59,-0.01,9,0,0.00,-54.5,-0.01,19302,7.72,0
761,Entry long,2021-11-02 09:30,[CC] BUY NY,15866,2,634640,-59,-0.01,9,0,0.00,-54.5,-0.01,19302,7.72,0
762,Exit long,2021-11-03 09:30,NQ09B BUY NY N130 TP2,15993.5,2,639230,501,0.08,9,505.5,0.08,-14.5,0.00,19803,7.92,0
762,Entry long,2021-11-03 09:30,[CC] BUY NY,15980.75,2,639230,501,0.08,9,505.5,0.08,-14.5,0.00,19803,7.92,0
763,Exit long,2021-11-04 09:30,NQ09B BUY NY STOP,16179.25,2,647220,-59,-0.01,9,65.5,0.01,-54.5,-0.01,19744,7.90,0
763,Entry long,2021-11-04 09:30,[CC] BUY NY,16180.5,2,647220,-59,-0.01,9,65.5,0.01,-54.5,-0.01,19744,7.90,0
764,Exit long,2021-11-05 09:30,NQ09B BUY NY N130 TP2,16423,2,656410,501,0.08,9,505.5,0.08,-14.5,0.00,20245,8.10,0
764,Entry long,2021-11-05 09:30,[CC] BUY NY,16410.25,2,656410,501,0.08,9,505.5,0.08,-14.5,0.00,20245,8.10,0
765,Exit long,2021-11-07 18:00,NQ09B BUY WEEKLY W80,16301.25,2,651730,311,0.05,9,315.5,0.05,-14.5,0.00,20556,8.22,0
765,Entry long,2021-11-07 18:00,[CC] BUY WEEKLY,16293.25,2,651730,311,0.05,9,315.5,0.05,-14.5,0.00,20556,8.22,0
766,Exit long,2021-11-08 09:30,NQ09B BUY NY STOP,16348.75,2,654000,-59,-0.01,9,0,0.00,-54.5,-0.01,20497,8.20,0
766,Entry long,2021-11-08 09:30,[CC] BUY NY,16350,2,654000,-59,-0.01,9,0,0.00,-54.5,-0.01,20497,8.20,0
767,Exit long,2021-11-09 09:30,NQ09B BUY NY STOP,16375,2,655050,-59,-0.01,9,0,0.00,-54.5,-0.01,20438,8.18,0
767,Entry long,2021-11-09 09:30,[CC] BUY NY,16376.25,2,655050,-59,-0.01,9,0,0.00,-54.5,-0.01,20438,8.18,0
768,Exit long,2021-11-10 09:30,NQ09B BUY NY STOP,16100.5,2,644070,-59,-0.01,9,285.5,0.04,-54.5,-0.01,20379,8.15,0
768,Entry long,2021-11-10 09:30,[CC] BUY NY,16101.75,2,644070,-59,-0.01,9,285.5,0.04,-54.5,-0.01,20379,8.15,0
769,Exit long,2021-11-11 09:30,NQ09B BUY NY STOP,16101.75,2,644120,-59,-0.01,9,295.5,0.05,-54.5,-0.01,20320,8.13,0
769,Entry long,2021-11-11 09:30,[CC] BUY NY,16103,2,644120,-59,-0.01,9,295.5,0.05,-54.5,-0.01,20320,8.13,0
770,Exit long,2021-11-12 09:30,NQ09B BUY NY STOP,16069,2,642810,-59,-0.01,9,305.5,0.05,-54.5,-0.01,20261,8.10,0
770,Entry long,2021-11-12 09:30,[CC] BUY NY,16070.25,2,642810,-59,-0.01,9,305.5,0.05,-54.5,-0.01,20261,8.10,0
771,Exit long,2021-11-14 18:00,NQ09B BUY WEEKLY STOP,16211.25,2,648500,-59,-0.01,9,0,0.00,-54.5,-0.01,20202,8.08,0
771,Entry long,2021-11-14 18:00,[CC] BUY WEEKLY,16212.5,2,648500,-59,-0.01,9,0,0.00,-54.5,-0.01,20202,8.08,0
772,Exit long,2021-11-15 09:30,NQ09B BUY NY STOP,16240,2,649650,-59,-0.01,9,245.5,0.04,-54.5,-0.01,20143,8.06,0
772,Entry long,2021-11-15 09:30,[CC] BUY NY,16241.25,2,649650,-59,-0.01,9,245.5,0.04,-54.5,-0.01,20143,8.06,0
773,Exit long,2021-11-16 09:30,NQ09B BUY NY STOP,16156.25,2,646300,-59,-0.01,9,0,0.00,-54.5,-0.01,20084,8.03,0
773,Entry long,2021-11-16 09:30,[CC] BUY NY,16157.5,2,646300,-59,-0.01,9,0,0.00,-54.5,-0.01,20084,8.03,0
774,Exit long,2021-11-17 09:30,NQ09B BUY NY STOP,16314.25,2,652620,-59,-0.01,9,275.5,0.04,-54.5,-0.01,20025,8.01,0
774,Entry long,2021-11-17 09:30,[CC] BUY NY,16315.5,2,652620,-59,-0.01,9,275.5,0.04,-54.5,-0.01,20025,8.01,0
775,Exit long,2021-11-17 18:00,NQ09B BUY WEEKDAY 1800 D80,16330.75,1,326455,155.5,0.05,4.5,157.75,0.05,-12.25,0.00,20180.5,8.07,0
775,Entry long,2021-11-17 18:00,[CC] BUY WEAK,16322.75,1,326455,155.5,0.05,4.5,157.75,0.05,-12.25,0.00,20180.5,8.07,0
776,Exit long,2021-11-18 09:30,NQ09B BUY NY STOP,16397,2,655930,-59,-0.01,9,165.5,0.03,-54.5,-0.01,20121.5,8.05,0
776,Entry long,2021-11-18 09:30,[CC] BUY NY,16398.25,2,655930,-59,-0.01,9,165.5,0.03,-54.5,-0.01,20121.5,8.05,0
777,Exit long,2021-11-18 18:00,NQ09B BUY WEEKDAY 1800 STOP,16502.25,2,660140,-59,-0.01,9,35.5,0.01,-54.5,-0.01,20062.5,8.03,0
777,Entry long,2021-11-18 18:00,[CC] BUY PREMIUM,16503.5,2,660140,-59,-0.01,9,35.5,0.01,-54.5,-0.01,20062.5,8.03,0
778,Exit long,2021-11-19 09:30,NQ09B BUY NY STOP,16548,2,661970,-59,-0.01,9,405.5,0.06,-54.5,-0.01,20003.5,8.00,0
778,Entry long,2021-11-19 09:30,[CC] BUY NY,16549.25,2,661970,-59,-0.01,9,405.5,0.06,-54.5,-0.01,20003.5,8.00,0
779,Exit long,2021-11-21 18:00,NQ09B BUY WEEKLY STOP,16599.25,2,664020,-59,-0.01,9,0,0.00,-54.5,-0.01,19944.5,7.98,0
779,Entry long,2021-11-21 18:00,[CC] BUY WEEKLY,16600.5,2,664020,-59,-0.01,9,0,0.00,-54.5,-0.01,19944.5,7.98,0
780,Exit long,2021-11-22 09:30,NQ09B BUY NY N130 TP2,16651.5,2,665550,501,0.08,9,505.5,0.08,-24.5,0.00,20445.5,8.18,0
780,Entry long,2021-11-22 09:30,[CC] BUY NY,16638.75,2,665550,501,0.08,9,505.5,0.08,-24.5,0.00,20445.5,8.18,0
781,Exit long,2021-11-22 18:00,NQ09B BUY WEEKDAY 1800 STOP,16398,1,327985,-29.5,-0.01,4.5,0,0.00,-27.25,-0.01,20416,8.17,0
781,Entry long,2021-11-22 18:00,[CC] BUY WEAK,16399.25,1,327985,-29.5,-0.01,4.5,0,0.00,-27.25,-0.01,20416,8.17,0
782,Exit long,2021-11-23 09:30,NQ09B BUY NY N130 TP2,16344,2,653250,501,0.08,9,505.5,0.08,-14.5,0.00,20917,8.37,0
782,Entry long,2021-11-23 09:30,[CC] BUY NY,16331.25,2,653250,501,0.08,9,505.5,0.08,-14.5,0.00,20917,8.37,0
783,Exit long,2021-11-23 18:00,NQ09B BUY WEEKDAY 1800 STOP,16299.25,1,326010,-29.5,-0.01,4.5,0,0.00,-27.25,-0.01,20887.5,8.36,0
783,Entry long,2021-11-23 18:00,[CC] BUY WEAK,16300.5,1,326010,-29.5,-0.01,4.5,0,0.00,-27.25,-0.01,20887.5,8.36,0
784,Exit long,2021-11-24 09:30,NQ09B BUY NY STOP,16198,2,647970,-59,-0.01,9,355.5,0.05,-54.5,-0.01,20828.5,8.33,0
784,Entry long,2021-11-24 09:30,[CC] BUY NY,16199.25,2,647970,-59,-0.01,9,355.5,0.05,-54.5,-0.01,20828.5,8.33,0
785,Exit long,2021-11-25 09:30,NQ09B BUY NY STOP,16386.75,2,655520,-59,-0.01,9,105.5,0.02,-54.5,-0.01,20769.5,8.31,0
785,Entry long,2021-11-25 09:30,[CC] BUY NY,16388,2,655520,-59,-0.01,9,105.5,0.02,-54.5,-0.01,20769.5,8.31,0
786,Exit long,2021-11-26 09:30,NQ09B BUY NY STOP,16250,2,650050,-59,-0.01,9,0,0.00,-54.5,-0.01,20710.5,8.28,0
786,Entry long,2021-11-26 09:30,[CC] BUY NY,16251.25,2,650050,-59,-0.01,9,0,0.00,-54.5,-0.01,20710.5,8.28,0
787,Exit long,2021-11-29 09:30,NQ09B BUY NY STOP,16238.75,2,649600,-59,-0.01,9,0,0.00,-54.5,-0.01,20651.5,8.26,0
787,Entry long,2021-11-29 09:30,[CC] BUY NY,16240,2,649600,-59,-0.01,9,0,0.00,-54.5,-0.01,20651.5,8.26,0
788,Exit long,2021-11-30 09:30,NQ09B BUY NY N130 TP2,16368,2,654210,501,0.08,9,505.5,0.08,-14.5,0.00,21152.5,8.46,0
788,Entry long,2021-11-30 09:30,[CC] BUY NY,16355.25,2,654210,501,0.08,9,505.5,0.08,-14.5,0.00,21152.5,8.46,0
789,Exit long,2021-11-30 18:00,NQ09B BUY WEEKDAY 1800 D80,16247,2,649560,311,0.05,9,315.5,0.05,-14.5,0.00,21463.5,8.59,0
789,Entry long,2021-11-30 18:00,[CC] BUY PREMIUM,16239,2,649560,311,0.05,9,315.5,0.05,-14.5,0.00,21463.5,8.59,0
790,Exit long,2021-12-01 09:30,NQ09B BUY NY N130 TP2,16352,2,653570,501,0.08,9,505.5,0.08,-14.5,0.00,21964.5,8.79,0
790,Entry long,2021-12-01 09:30,[CC] BUY NY,16339.25,2,653570,501,0.08,9,505.5,0.08,-14.5,0.00,21964.5,8.79,0
791,Exit long,2021-12-01 18:00,NQ09B BUY WEEKDAY 1800 D80,15900,1,317840,155.5,0.05,4.5,157.75,0.05,-7.25,0.00,22120,8.85,0
791,Entry long,2021-12-01 18:00,[CC] BUY WEAK,15892,1,317840,155.5,0.05,4.5,157.75,0.05,-7.25,0.00,22120,8.85,0
792,Exit long,2021-12-02 09:30,NQ09B BUY NY STOP,15822,2,632930,-59,-0.01,9,0,0.00,-54.5,-0.01,22061,8.82,0
792,Entry long,2021-12-02 09:30,[CC] BUY NY,15823.25,2,632930,-59,-0.01,9,0,0.00,-54.5,-0.01,22061,8.82,0
793,Exit long,2021-12-02 18:00,NQ09B BUY WEEKDAY 1800 STOP,16019,2,640810,-59,-0.01,9,295.5,0.05,-54.5,-0.01,22002,8.80,0
793,Entry long,2021-12-02 18:00,[CC] BUY PREMIUM,16020.25,2,640810,-59,-0.01,9,295.5,0.05,-54.5,-0.01,22002,8.80,0
794,Exit long,2021-12-03 09:30,NQ09B BUY NY STOP,16046.25,2,641900,-59,-0.01,9,0,0.00,-54.5,-0.01,21943,8.78,0
794,Entry long,2021-12-03 09:30,[CC] BUY NY,16047.5,2,641900,-59,-0.01,9,0,0.00,-54.5,-0.01,21943,8.78,0
795,Exit long,2021-12-05 18:00,NQ09B BUY WEEKLY W80,15724.5,2,628660,311,0.05,9,315.5,0.05,-14.5,0.00,22254,8.90,0
795,Entry long,2021-12-05 18:00,[CC] BUY WEEKLY,15716.5,2,628660,311,0.05,9,315.5,0.05,-14.5,0.00,22254,8.90,0
796,Exit long,2021-12-06 09:30,NQ09B BUY NY N130 TP2,15747.25,2,629380,501,0.08,9,505.5,0.08,-14.5,0.00,22755,9.10,0
796,Entry long,2021-12-06 09:30,[CC] BUY NY,15734.5,2,629380,501,0.08,9,505.5,0.08,-14.5,0.00,22755,9.10,0
797,Exit long,2021-12-07 09:30,NQ09B BUY NY STOP,16118.75,2,644800,-59,-0.01,9,0,0.00,-54.5,-0.01,22696,9.08,0
797,Entry long,2021-12-07 09:30,[CC] BUY NY,16120,2,644800,-59,-0.01,9,0,0.00,-54.5,-0.01,22696,9.08,0
798,Exit long,2021-12-08 09:30,NQ09B BUY NY STOP,16329.5,2,653230,-59,-0.01,9,105.5,0.02,-54.5,-0.01,22637,9.05,0
798,Entry long,2021-12-08 09:30,[CC] BUY NY,16330.75,2,653230,-59,-0.01,9,105.5,0.02,-54.5,-0.01,22637,9.05,0
799,Exit long,2021-12-09 09:30,NQ09B BUY NY STOP,16335.75,2,653480,-59,-0.01,9,0,0.00,-54.5,-0.01,22578,9.03,0
799,Entry long,2021-12-09 09:30,[CC] BUY NY,16337,2,653480,-59,-0.01,9,0,0.00,-54.5,-0.01,22578,9.03,0
800,Exit long,2021-12-10 09:30,NQ09B BUY NY STOP,16263.75,2,650600,-59,-0.01,9,0,0.00,-54.5,-0.01,22519,9.01,0
800,Entry long,2021-12-10 09:30,[CC] BUY NY,16265,2,650600,-59,-0.01,9,0,0.00,-54.5,-0.01,22519,9.01,0
801,Exit long,2021-12-12 18:00,NQ09B BUY WEEKLY STOP,16320.75,2,652880,-59,-0.01,9,0,0.00,-54.5,-0.01,22460,8.98,0
801,Entry long,2021-12-12 18:00,[CC] BUY WEEKLY,16322,2,652880,-59,-0.01,9,0,0.00,-54.5,-0.01,22460,8.98,0
802,Exit long,2021-12-13 09:30,NQ09B BUY NY STOP,16324.5,2,653030,-59,-0.01,9,445.5,0.07,-54.5,-0.01,22401,8.96,0
802,Entry long,2021-12-13 09:30,[CC] BUY NY,16325.75,2,653030,-59,-0.01,9,445.5,0.07,-54.5,-0.01,22401,8.96,0
803,Exit long,2021-12-14 09:30,NQ09B BUY NY STOP,15881.25,2,635300,-59,-0.01,9,0,0.00,-54.5,-0.01,22342,8.94,0
803,Entry long,2021-12-14 09:30,[CC] BUY NY,15882.5,2,635300,-59,-0.01,9,0,0.00,-54.5,-0.01,22342,8.94,0
804,Exit long,2021-12-15 09:30,NQ09B BUY NY N130 TP2,15921,2,636330,501,0.08,9,505.5,0.08,-14.5,0.00,22843,9.14,0
804,Entry long,2021-12-15 09:30,[CC] BUY NY,15908.25,2,636330,501,0.08,9,505.5,0.08,-14.5,0.00,22843,9.14,0
805,Exit long,2021-12-16 09:30,NQ09B BUY NY STOP,16321.25,2,652900,-59,-0.01,9,405.5,0.06,-54.5,-0.01,22784,9.11,0
805,Entry long,2021-12-16 09:30,[CC] BUY NY,16322.5,2,652900,-59,-0.01,9,405.5,0.06,-54.5,-0.01,22784,9.11,0
806,Exit long,2021-12-17 09:30,NQ09B BUY NY STOP,15712.25,2,628540,-59,-0.01,9,0,0.00,-54.5,-0.01,22725,9.09,0
806,Entry long,2021-12-17 09:30,[CC] BUY NY,15713.5,2,628540,-59,-0.01,9,0,0.00,-54.5,-0.01,22725,9.09,0
807,Exit long,2021-12-19 18:00,NQ09B BUY WEEKLY STOP,15808.5,2,632390,-59,-0.01,9,0,0.00,-54.5,-0.01,22666,9.07,0
807,Entry long,2021-12-19 18:00,[CC] BUY WEEKLY,15809.75,2,632390,-59,-0.01,9,0,0.00,-54.5,-0.01,22666,9.07,0
808,Exit long,2021-12-20 09:30,NQ09B BUY NY N130 TP2,15591,2,623130,501,0.08,9,505.5,0.08,-14.5,0.00,23167,9.27,0
808,Entry long,2021-12-20 09:30,[CC] BUY NY,15578.25,2,623130,501,0.08,9,505.5,0.08,-14.5,0.00,23167,9.27,0
809,Exit long,2021-12-21 09:30,NQ09B BUY NY STOP,15761.25,2,630500,-59,-0.01,9,0,0.00,-54.5,-0.01,23108,9.24,0
809,Entry long,2021-12-21 09:30,[CC] BUY NY,15762.5,2,630500,-59,-0.01,9,0,0.00,-54.5,-0.01,23108,9.24,0
810,Exit long,2021-12-22 09:30,NQ09B BUY NY STOP,15961.25,2,638500,-59,-0.01,9,315.5,0.05,-54.5,-0.01,23049,9.22,0
810,Entry long,2021-12-22 09:30,[CC] BUY NY,15962.5,2,638500,-59,-0.01,9,315.5,0.05,-54.5,-0.01,23049,9.22,0
811,Exit long,2021-12-23 09:30,NQ09B BUY NY STOP,16183.5,2,647390,-59,-0.01,9,0,0.00,-54.5,-0.01,22990,9.20,0
811,Entry long,2021-12-23 09:30,[CC] BUY NY,16184.75,2,647390,-59,-0.01,9,0,0.00,-54.5,-0.01,22990,9.20,0
812,Exit long,2021-12-26 18:00,NQ09B BUY WEEKLY W80,16312.5,2,652180,311,0.05,9,315.5,0.05,-14.5,0.00,23301,9.32,0
812,Entry long,2021-12-26 18:00,[CC] BUY WEEKLY,16304.5,2,652180,311,0.05,9,315.5,0.05,-14.5,0.00,23301,9.32,0
813,Exit long,2021-12-27 09:30,NQ09B BUY NY STOP,16345.5,2,653870,-59,-0.01,9,0,0.00,-54.5,-0.01,23242,9.30,0
813,Entry long,2021-12-27 09:30,[CC] BUY NY,16346.75,2,653870,-59,-0.01,9,0,0.00,-54.5,-0.01,23242,9.30,0
814,Exit long,2021-12-28 09:30,NQ09B BUY NY STOP,16600.5,2,664070,-59,-0.01,9,265.5,0.04,-54.5,-0.01,23183,9.27,0
814,Entry long,2021-12-28 09:30,[CC] BUY NY,16601.75,2,664070,-59,-0.01,9,265.5,0.04,-54.5,-0.01,23183,9.27,0
815,Exit long,2021-12-29 09:30,NQ09B BUY NY STOP,16495.5,2,659870,-59,-0.01,9,0,0.00,-54.5,-0.01,23124,9.25,0
815,Entry long,2021-12-29 09:30,[CC] BUY NY,16496.75,2,659870,-59,-0.01,9,0,0.00,-54.5,-0.01,23124,9.25,0
816,Exit long,2021-12-30 09:30,NQ09B BUY NY STOP,16474.5,2,659030,-59,-0.01,9,0,0.00,-54.5,-0.01,23065,9.23,0
816,Entry long,2021-12-30 09:30,[CC] BUY NY,16475.75,2,659030,-59,-0.01,9,0,0.00,-54.5,-0.01,23065,9.23,0
817,Exit long,2021-12-31 09:30,NQ09B BUY NY STOP,16407,2,656330,-59,-0.01,9,0,0.00,-54.5,-0.01,23006,9.20,0
817,Entry long,2021-12-31 09:30,[CC] BUY NY,16408.25,2,656330,-59,-0.01,9,0,0.00,-54.5,-0.01,23006,9.20,0
818,Exit long,2022-01-02 18:00,NQ09B BUY WEEKLY W80,16364.25,2,654250,311,0.05,9,315.5,0.05,-14.5,0.00,23317,9.33,0
818,Entry long,2022-01-02 18:00,[CC] BUY WEEKLY,16356.25,2,654250,311,0.05,9,315.5,0.05,-14.5,0.00,23317,9.33,0
819,Exit long,2022-01-03 09:30,NQ09B BUY NY STOP,16382,2,655330,-59,-0.01,9,0,0.00,-54.5,-0.01,23258,9.30,0
819,Entry long,2022-01-03 09:30,[CC] BUY NY,16383.25,2,655330,-59,-0.01,9,0,0.00,-54.5,-0.01,23258,9.30,0
820,Exit long,2022-01-04 09:30,NQ09B BUY NY STOP,16508.75,2,660400,-59,-0.01,9,75.5,0.01,-54.5,-0.01,23199,9.28,0
820,Entry long,2022-01-04 09:30,[CC] BUY NY,16510,2,660400,-59,-0.01,9,75.5,0.01,-54.5,-0.01,23199,9.28,0
821,Exit long,2022-01-05 09:30,NQ09B BUY NY N130 TP2,16213.25,2,648020,501,0.08,9,505.5,0.08,-14.5,0.00,23700,9.48,0
821,Entry long,2022-01-05 09:30,[CC] BUY NY,16200.5,2,648020,501,0.08,9,505.5,0.08,-14.5,0.00,23700,9.48,0
822,Exit long,2022-01-05 18:00,NQ09B BUY WEEKDAY 1800 STOP,15762.75,1,315280,-29.5,-0.01,4.5,17.75,0.01,-27.25,-0.01,23670.5,9.47,0
822,Entry long,2022-01-05 18:00,[CC] BUY WEAK,15764,1,315280,-29.5,-0.01,4.5,17.75,0.01,-27.25,-0.01,23670.5,9.47,0
823,Exit long,2022-01-06 09:30,NQ09B BUY NY STOP,15690,2,627650,-59,-0.01,9,0,0.00,-54.5,-0.01,23611.5,9.44,0
823,Entry long,2022-01-06 09:30,[CC] BUY NY,15691.25,2,627650,-59,-0.01,9,0,0.00,-54.5,-0.01,23611.5,9.44,0
824,Exit long,2022-01-06 18:00,NQ09B BUY WEEKDAY 1800 STOP,15800.75,2,632080,-59,-0.01,9,0,0.00,-54.5,-0.01,23552.5,9.42,0
824,Entry long,2022-01-06 18:00,[CC] BUY PREMIUM,15802,2,632080,-59,-0.01,9,0,0.00,-54.5,-0.01,23552.5,9.42,0
825,Exit long,2022-01-07 09:30,NQ09B BUY NY N130 TP2,15770,2,630290,501,0.08,9,505.5,0.08,-14.5,0.00,24053.5,9.62,0
825,Entry long,2022-01-07 09:30,[CC] BUY NY,15757.25,2,630290,501,0.08,9,505.5,0.08,-14.5,0.00,24053.5,9.62,0
826,Exit long,2022-01-09 18:00,NQ09B BUY WEEKLY W80,15598.25,2,623610,311,0.05,9,315.5,0.05,-14.5,0.00,24364.5,9.75,0
826,Entry long,2022-01-09 18:00,[CC] BUY WEEKLY,15590.25,2,623610,311,0.05,9,315.5,0.05,-14.5,0.00,24364.5,9.75,0
827,Exit long,2022-01-10 09:30,NQ09B BUY NY N130 TP2,15390,2,615090,501,0.08,9,505.5,0.08,-14.5,0.00,24865.5,9.95,0
827,Entry long,2022-01-10 09:30,[CC] BUY NY,15377.25,2,615090,501,0.08,9,505.5,0.08,-14.5,0.00,24865.5,9.95,0
828,Exit long,2022-01-10 18:00,NQ09B BUY WEEKDAY 1800 STOP,15621.25,1,312450,-29.5,-0.01,4.5,32.75,0.01,-27.25,-0.01,24836,9.93,0
828,Entry long,2022-01-10 18:00,[CC] BUY WEAK,15622.5,1,312450,-29.5,-0.01,4.5,32.75,0.01,-27.25,-0.01,24836,9.93,0
829,Exit long,2022-01-11 09:30,NQ09B BUY NY N130 TP2,15578.5,2,622630,501,0.08,9,505.5,0.08,-14.5,0.00,25337,10.13,0
829,Entry long,2022-01-11 09:30,[CC] BUY NY,15565.75,2,622630,501,0.08,9,505.5,0.08,-14.5,0.00,25337,10.13,0
830,Exit long,2022-01-12 09:30,NQ09B BUY NY STOP,15937.5,2,637550,-59,-0.01,9,0,0.00,-54.5,-0.01,25278,10.11,0
830,Entry long,2022-01-12 09:30,[CC] BUY NY,15938.75,2,637550,-59,-0.01,9,0,0.00,-54.5,-0.01,25278,10.11,0
831,Exit long,2022-01-13 09:30,NQ09B BUY NY N130 TP2,15963.5,2,638030,501,0.08,9,505.5,0.08,-14.5,0.00,25779,10.31,0
831,Entry long,2022-01-13 09:30,[CC] BUY NY,15950.75,2,638030,501,0.08,9,505.5,0.08,-14.5,0.00,25779,10.31,0
832,Exit long,2022-01-13 18:00,NQ09B BUY WEEKDAY 1800 STOP,15504,1,310105,-29.5,-0.01,4.5,0,0.00,-27.25,-0.01,25749.5,10.30,0
832,Entry long,2022-01-13 18:00,[CC] BUY WEAK,15505.25,1,310105,-29.5,-0.01,4.5,0,0.00,-27.25,-0.01,25749.5,10.30,0
833,Exit long,2022-01-14 09:30,NQ09B BUY NY STOP,15388.25,2,615580,-59,-0.01,9,0,0.00,-54.5,-0.01,25690.5,10.28,0
833,Entry long,2022-01-14 09:30,[CC] BUY NY,15389.5,2,615580,-59,-0.01,9,0,0.00,-54.5,-0.01,25690.5,10.28,0
834,Exit long,2022-01-16 18:00,NQ09B BUY WEEKLY STOP,15615.75,2,624680,-59,-0.01,9,0,0.00,-54.5,-0.01,25631.5,10.25,0
834,Entry long,2022-01-16 18:00,[CC] BUY WEEKLY,15617,2,624680,-59,-0.01,9,0,0.00,-54.5,-0.01,25631.5,10.25,0
835,Exit long,2022-01-17 09:30,NQ09B BUY NY STOP,15596.75,2,623920,-59,-0.01,9,0,0.00,-54.5,-0.01,25572.5,10.23,0
835,Entry long,2022-01-17 09:30,[CC] BUY NY,15598,2,623920,-59,-0.01,9,0,0.00,-54.5,-0.01,25572.5,10.23,0
836,Exit long,2022-01-18 09:30,NQ09B BUY NY N130 TP2,15360.75,2,613920,501,0.08,9,505.5,0.08,-14.5,0.00,26073.5,10.43,0
836,Entry long,2022-01-18 09:30,[CC] BUY NY,15348,2,613920,501,0.08,9,505.5,0.08,-14.5,0.00,26073.5,10.43,0
837,Exit long,2022-01-19 09:30,NQ09B BUY NY STOP,15266.25,2,610700,-59,-0.01,9,0,0.00,-54.5,-0.01,26014.5,10.41,0
837,Entry long,2022-01-19 09:30,[CC] BUY NY,15267.5,2,610700,-59,-0.01,9,0,0.00,-54.5,-0.01,26014.5,10.41,0
838,Exit long,2022-01-19 18:00,NQ09B BUY WEEKDAY 1800 STOP,15041.25,1,300850,-29.5,-0.01,4.5,0,0.00,-27.25,-0.01,25985,10.39,0
838,Entry long,2022-01-19 18:00,[CC] BUY WEAK,15042.5,1,300850,-29.5,-0.01,4.5,0,0.00,-27.25,-0.01,25985,10.39,0
839,Exit long,2022-01-20 09:30,NQ09B BUY NY STOP,15167.5,2,606750,-59,-0.01,9,0,0.00,-54.5,-0.01,25926,10.37,0
839,Entry long,2022-01-20 09:30,[CC] BUY NY,15168.75,2,606750,-59,-0.01,9,0,0.00,-54.5,-0.01,25926,10.37,0
840,Exit long,2022-01-20 18:00,NQ09B BUY WEEKDAY 1800 STOP,14721,2,588890,-59,-0.01,9,0,0.00,-54.5,-0.01,25867,10.35,0
840,Entry long,2022-01-20 18:00,[CC] BUY PREMIUM,14722.25,2,588890,-59,-0.01,9,0,0.00,-54.5,-0.01,25867,10.35,0
841,Exit long,2022-01-21 09:30,NQ09B BUY NY STOP,14744.5,2,589830,-59,-0.01,9,0,0.00,-54.5,-0.01,25808,10.32,0
841,Entry long,2022-01-21 09:30,[CC] BUY NY,14745.75,2,589830,-59,-0.01,9,0,0.00,-54.5,-0.01,25808,10.32,0
842,Exit long,2022-01-23 18:00,NQ09B BUY WEEKLY STOP,14409,2,576410,-59,-0.01,9,0,0.00,-54.5,-0.01,25749,10.30,0
842,Entry long,2022-01-23 18:00,[CC] BUY WEEKLY,14410.25,2,576410,-59,-0.01,9,0,0.00,-54.5,-0.01,25749,10.30,0
843,Exit long,2022-01-24 09:30,NQ09B BUY NY N130 TP2,14204,2,567650,501,0.09,9,505.5,0.09,-14.5,0.00,26250,10.50,0
843,Entry long,2022-01-24 09:30,[CC] BUY NY,14191.25,2,567650,501,0.09,9,505.5,0.09,-14.5,0.00,26250,10.50,0
844,Exit long,2022-01-24 18:00,NQ09B BUY WEEKDAY 1800 STOP,14494,1,289905,-29.5,-0.01,4.5,0,0.00,-27.25,-0.01,26220.5,10.49,0
844,Entry long,2022-01-24 18:00,[CC] BUY WEAK,14495.25,1,289905,-29.5,-0.01,4.5,0,0.00,-27.25,-0.01,26220.5,10.49,0
845,Exit long,2022-01-25 09:30,NQ09B BUY NY STOP,14218.5,2,568790,-59,-0.01,9,0,0.00,-54.5,-0.01,26161.5,10.46,0
845,Entry long,2022-01-25 09:30,[CC] BUY NY,14219.75,2,568790,-59,-0.01,9,0,0.00,-54.5,-0.01,26161.5,10.46,0
846,Exit long,2022-01-25 18:00,NQ09B BUY WEEKDAY 1800 D80,13953.75,2,557830,311,0.06,9,315.5,0.06,-14.5,0.00,26472.5,10.59,0
846,Entry long,2022-01-25 18:00,[CC] BUY PREMIUM,13945.75,2,557830,311,0.06,9,315.5,0.06,-14.5,0.00,26472.5,10.59,0
847,Exit long,2022-01-26 09:30,NQ09B BUY NY N130 TP2,14488.75,2,579040,501,0.09,9,505.5,0.09,-14.5,0.00,26973.5,10.79,0
847,Entry long,2022-01-26 09:30,[CC] BUY NY,14476,2,579040,501,0.09,9,505.5,0.09,-14.5,0.00,26973.5,10.79,0
848,Exit long,2022-01-26 18:00,NQ09B BUY WEEKDAY 1800 STOP,14193,1,283885,-29.5,-0.01,4.5,0,0.00,-27.25,-0.01,26944,10.78,0
848,Entry long,2022-01-26 18:00,[CC] BUY WEAK,14194.25,1,283885,-29.5,-0.01,4.5,0,0.00,-27.25,-0.01,26944,10.78,0
849,Exit long,2022-01-27 09:30,NQ09B BUY NY N130 TP2,14346,2,573330,501,0.09,9,505.5,0.09,-14.5,0.00,27445,10.98,0
849,Entry long,2022-01-27 09:30,[CC] BUY NY,14333.25,2,573330,501,0.09,9,505.5,0.09,-14.5,0.00,27445,10.98,0
850,Exit long,2022-01-27 18:00,NQ09B BUY WEEKDAY 1800 D80,14176,2,566720,311,0.05,9,315.5,0.06,-14.5,0.00,27756,11.10,0
850,Entry long,2022-01-27 18:00,[CC] BUY PREMIUM,14168,2,566720,311,0.05,9,315.5,0.06,-14.5,0.00,27756,11.10,0
851,Exit long,2022-01-28 09:30,NQ09B BUY NY N130 TP2,14081.5,2,562750,501,0.09,9,505.5,0.09,-14.5,0.00,28257,11.30,0
851,Entry long,2022-01-28 09:30,[CC] BUY NY,14068.75,2,562750,501,0.09,9,505.5,0.09,-14.5,0.00,28257,11.30,0
852,Exit long,2022-01-30 18:00,NQ09B BUY WEEKLY W80,14462.25,2,578170,311,0.05,9,315.5,0.05,-14.5,0.00,28568,11.43,0
852,Entry long,2022-01-30 18:00,[CC] BUY WEEKLY,14454.25,2,578170,311,0.05,9,315.5,0.05,-14.5,0.00,28568,11.43,0
853,Exit long,2022-01-31 09:30,NQ09B BUY NY N130 TP2,14501.25,2,579540,501,0.09,9,505.5,0.09,-14.5,0.00,29069,11.63,0
853,Entry long,2022-01-31 09:30,[CC] BUY NY,14488.5,2,579540,501,0.09,9,505.5,0.09,-14.5,0.00,29069,11.63,0
854,Exit long,2022-02-01 09:30,NQ09B BUY NY STOP,14943,2,597770,-59,-0.01,9,305.5,0.05,-54.5,-0.01,29010,11.60,0
854,Entry long,2022-02-01 09:30,[CC] BUY NY,14944.25,2,597770,-59,-0.01,9,305.5,0.05,-54.5,-0.01,29010,11.60,0
855,Exit long,2022-02-01 18:00,NQ09B BUY WEEKDAY 1800 STOP,15128,2,605170,-59,-0.01,9,145.5,0.02,-54.5,-0.01,28951,11.58,0
855,Entry long,2022-02-01 18:00,[CC] BUY PREMIUM,15129.25,2,605170,-59,-0.01,9,145.5,0.02,-54.5,-0.01,28951,11.58,0
856,Exit long,2022-02-02 09:30,NQ09B BUY NY STOP,15166.75,2,606720,-59,-0.01,9,165.5,0.03,-54.5,-0.01,28892,11.56,0
856,Entry long,2022-02-02 09:30,[CC] BUY NY,15168,2,606720,-59,-0.01,9,165.5,0.03,-54.5,-0.01,28892,11.56,0
857,Exit long,2022-02-02 18:00,NQ09B BUY WEEKDAY 1800 D80,14860.75,2,594110,311,0.05,9,315.5,0.05,-14.5,0.00,29203,11.68,0
857,Entry long,2022-02-02 18:00,[CC] BUY PREMIUM,14852.75,2,594110,311,0.05,9,315.5,0.05,-14.5,0.00,29203,11.68,0
858,Exit long,2022-02-03 09:30,NQ09B BUY NY STOP,14703,2,588170,-59,-0.01,9,0,0.00,-54.5,-0.01,29144,11.66,0
858,Entry long,2022-02-03 09:30,[CC] BUY NY,14704.25,2,588170,-59,-0.01,9,0,0.00,-54.5,-0.01,29144,11.66,0
859,Exit long,2022-02-03 18:00,NQ09B BUY WEEKDAY 1800 STOP,14769,2,590810,-59,-0.01,9,55.5,0.01,-54.5,-0.01,29085,11.63,0
859,Entry long,2022-02-03 18:00,[CC] BUY PREMIUM,14770.25,2,590810,-59,-0.01,9,55.5,0.01,-54.5,-0.01,29085,11.63,0
860,Exit long,2022-02-04 09:30,NQ09B BUY NY N130 TP2,14532.25,2,580780,501,0.09,9,505.5,0.09,-14.5,0.00,29586,11.83,0
860,Entry long,2022-02-04 09:30,[CC] BUY NY,14519.5,2,580780,501,0.09,9,505.5,0.09,-14.5,0.00,29586,11.83,0
861,Exit long,2022-02-06 18:00,NQ09B BUY WEEKLY W80,14690.75,2,587310,311,0.05,9,315.5,0.05,-14.5,0.00,29897,11.96,0
861,Entry long,2022-02-06 18:00,[CC] BUY WEEKLY,14682.75,2,587310,311,0.05,9,315.5,0.05,-14.5,0.00,29897,11.96,0
862,Exit long,2022-02-07 09:30,NQ09B BUY NY N130 TP2,14721.25,2,588340,501,0.09,9,505.5,0.09,-14.5,0.00,30398,12.16,0
862,Entry long,2022-02-07 09:30,[CC] BUY NY,14708.5,2,588340,501,0.09,9,505.5,0.09,-14.5,0.00,30398,12.16,0
863,Exit long,2022-02-08 09:30,NQ09B BUY NY STOP,14515.25,2,580660,-59,-0.01,9,0,0.00,-54.5,-0.01,30339,12.14,0
863,Entry long,2022-02-08 09:30,[CC] BUY NY,14516.5,2,580660,-59,-0.01,9,0,0.00,-54.5,-0.01,30339,12.14,0
864,Exit long,2022-02-09 09:30,NQ09B BUY NY N130 TP2,14932,2,596770,501,0.08,9,505.5,0.08,-14.5,0.00,30840,12.34,0
864,Entry long,2022-02-09 09:30,[CC] BUY NY,14919.25,2,596770,501,0.08,9,505.5,0.08,-14.5,0.00,30840,12.34,0
865,Exit long,2022-02-10 09:30,NQ09B BUY NY STOP,14741.25,2,589700,-59,-0.01,9,0,0.00,-54.5,-0.01,30781,12.31,0
865,Entry long,2022-02-10 09:30,[CC] BUY NY,14742.5,2,589700,-59,-0.01,9,0,0.00,-54.5,-0.01,30781,12.31,0
866,Exit long,2022-02-10 18:00,NQ09B BUY WEEKDAY 1800 STOP,14697.25,1,293970,-29.5,-0.01,4.5,27.75,0.01,-27.25,-0.01,30751.5,12.30,0
866,Entry long,2022-02-10 18:00,[CC] BUY WEAK,14698.5,1,293970,-29.5,-0.01,4.5,27.75,0.01,-27.25,-0.01,30751.5,12.30,0
867,Exit long,2022-02-11 09:30,NQ09B BUY NY STOP,14699.75,2,588040,-59,-0.01,9,0,0.00,-54.5,-0.01,30692.5,12.28,0
867,Entry long,2022-02-11 09:30,[CC] BUY NY,14701,2,588040,-59,-0.01,9,0,0.00,-54.5,-0.01,30692.5,12.28,0
868,Exit long,2022-02-13 18:00,NQ09B BUY WEEKLY W80,14258.25,2,570010,311,0.05,9,315.5,0.06,-14.5,0.00,31003.5,12.40,0
868,Entry long,2022-02-13 18:00,[CC] BUY WEEKLY,14250.25,2,570010,311,0.05,9,315.5,0.06,-14.5,0.00,31003.5,12.40,0
869,Exit long,2022-02-14 09:30,NQ09B BUY NY STOP,14208.25,2,568380,-59,-0.01,9,0,0.00,-54.5,-0.01,30944.5,12.38,0
869,Entry long,2022-02-14 09:30,[CC] BUY NY,14209.5,2,568380,-59,-0.01,9,0,0.00,-54.5,-0.01,30944.5,12.38,0
870,Exit long,2022-02-15 09:30,NQ09B BUY NY STOP,14471.25,2,578900,-59,-0.01,9,0,0.00,-54.5,-0.01,30885.5,12.35,0
870,Entry long,2022-02-15 09:30,[CC] BUY NY,14472.5,2,578900,-59,-0.01,9,0,0.00,-54.5,-0.01,30885.5,12.35,0
871,Exit long,2022-02-15 18:00,NQ09B BUY WEEKDAY 1800 STOP,14587,1,291765,-29.5,-0.01,4.5,22.75,0.01,-27.25,-0.01,30856,12.34,0
871,Entry long,2022-02-15 18:00,[CC] BUY WEAK,14588.25,1,291765,-29.5,-0.01,4.5,22.75,0.01,-27.25,-0.01,30856,12.34,0
872,Exit long,2022-02-16 09:30,NQ09B BUY NY STOP,14513,2,580570,-59,-0.01,9,105.5,0.02,-54.5,-0.01,30797,12.32,0
872,Entry long,2022-02-16 09:30,[CC] BUY NY,14514.25,2,580570,-59,-0.01,9,105.5,0.02,-54.5,-0.01,30797,12.32,0
873,Exit long,2022-02-16 18:00,NQ09B BUY WEEKDAY 1800 STOP,14591.25,1,291850,-29.5,-0.01,4.5,0,0.00,-27.25,-0.01,30767.5,12.31,0
873,Entry long,2022-02-16 18:00,[CC] BUY WEAK,14592.5,1,291850,-29.5,-0.01,4.5,0,0.00,-27.25,-0.01,30767.5,12.31,0
874,Exit long,2022-02-17 09:30,NQ09B BUY NY STOP,14461.5,2,578510,-59,-0.01,9,0,0.00,-54.5,-0.01,30708.5,12.28,0
874,Entry long,2022-02-17 09:30,[CC] BUY NY,14462.75,2,578510,-59,-0.01,9,0,0.00,-54.5,-0.01,30708.5,12.28,0
875,Exit long,2022-02-18 09:30,NQ09B BUY NY N130 TP2,14217.5,2,568190,501,0.09,9,505.5,0.09,-14.5,0.00,31209.5,12.48,0
875,Entry long,2022-02-18 09:30,[CC] BUY NY,14204.75,2,568190,501,0.09,9,505.5,0.09,-14.5,0.00,31209.5,12.48,0
876,Exit long,2022-02-20 18:00,NQ09B BUY WEEKLY STOP,13951.75,2,558120,-59,-0.01,9,105.5,0.02,-54.5,-0.01,31150.5,12.46,0
876,Entry long,2022-02-20 18:00,[CC] BUY WEEKLY,13953,2,558120,-59,-0.01,9,105.5,0.02,-54.5,-0.01,31150.5,12.46,0
877,Exit long,2022-02-21 09:30,NQ09B BUY NY STOP,13861.25,2,554500,-59,-0.01,9,0,0.00,-54.5,-0.01,31091.5,12.44,0
877,Entry long,2022-02-21 09:30,[CC] BUY NY,13862.5,2,554500,-59,-0.01,9,0,0.00,-54.5,-0.01,31091.5,12.44,0
878,Exit long,2022-02-22 09:30,NQ09B BUY NY STOP,13879.75,2,555240,-59,-0.01,9,0,0.00,-54.5,-0.01,31032.5,12.41,0
878,Entry long,2022-02-22 09:30,[CC] BUY NY,13881,2,555240,-59,-0.01,9,0,0.00,-54.5,-0.01,31032.5,12.41,0
879,Exit long,2022-02-22 18:00,NQ09B BUY WEEKDAY 1800 STOP,13927.25,1,278570,-29.5,-0.01,4.5,0,0.00,-27.25,-0.01,31003,12.40,0
879,Entry long,2022-02-22 18:00,[CC] BUY WEAK,13928.5,1,278570,-29.5,-0.01,4.5,0,0.00,-27.25,-0.01,31003,12.40,0
880,Exit long,2022-02-23 09:30,NQ09B BUY NY STOP,13994.5,2,559830,-59,-0.01,9,0,0.00,-54.5,-0.01,30944,12.38,0
880,Entry long,2022-02-23 09:30,[CC] BUY NY,13995.75,2,559830,-59,-0.01,9,0,0.00,-54.5,-0.01,30944,12.38,0
881,Exit long,2022-02-23 18:00,NQ09B BUY WEEKDAY 1800 STOP,13483.25,1,269690,-29.5,-0.01,4.5,0,0.00,-27.25,-0.01,30914.5,12.37,0
881,Entry long,2022-02-23 18:00,[CC] BUY WEAK,13484.5,1,269690,-29.5,-0.01,4.5,0,0.00,-27.25,-0.01,30914.5,12.37,0
882,Exit long,2022-02-24 09:30,NQ09B BUY NY STOP,13072.75,2,522960,-59,-0.01,9,0,0.00,-54.5,-0.01,30855.5,12.34,0
882,Entry long,2022-02-24 09:30,[CC] BUY NY,13074,2,522960,-59,-0.01,9,0,0.00,-54.5,-0.01,30855.5,12.34,0
883,Exit long,2022-02-24 18:00,NQ09B BUY WEEKDAY 1800 STOP,13908.5,1,278195,-29.5,-0.01,4.5,107.75,0.04,-27.25,-0.01,30826,12.33,0
883,Entry long,2022-02-24 18:00,[CC] BUY WEAK,13909.75,1,278195,-29.5,-0.01,4.5,107.75,0.04,-27.25,-0.01,30826,12.33,0
884,Exit long,2022-02-25 09:30,NQ09B BUY NY STOP,13993.5,2,559790,-59,-0.01,9,265.5,0.05,-54.5,-0.01,30767,12.31,0
884,Entry long,2022-02-25 09:30,[CC] BUY NY,13994.75,2,559790,-59,-0.01,9,265.5,0.05,-54.5,-0.01,30767,12.31,0
885,Exit long,2022-02-27 18:00,NQ09B BUY WEEKLY STOP,13899.25,2,556020,-59,-0.01,9,0,0.00,-54.5,-0.01,30708,12.28,0
885,Entry long,2022-02-27 18:00,[CC] BUY WEEKLY,13900.5,2,556020,-59,-0.01,9,0,0.00,-54.5,-0.01,30708,12.28,0
886,Exit long,2022-02-28 09:30,NQ09B BUY NY STOP,14041,2,561690,-59,-0.01,9,0,0.00,-54.5,-0.01,30649,12.26,0
886,Entry long,2022-02-28 09:30,[CC] BUY NY,14042.25,2,561690,-59,-0.01,9,0,0.00,-54.5,-0.01,30649,12.26,0
887,Exit long,2022-03-01 09:30,NQ09B BUY NY STOP,14174,2,567010,-59,-0.01,9,0,0.00,-54.5,-0.01,30590,12.24,0
887,Entry long,2022-03-01 09:30,[CC] BUY NY,14175.25,2,567010,-59,-0.01,9,0,0.00,-54.5,-0.01,30590,12.24,0
888,Exit long,2022-03-02 09:30,NQ09B BUY NY N130 TP2,14080.5,2,562710,501,0.09,9,505.5,0.09,-14.5,0.00,31091,12.44,0
888,Entry long,2022-03-02 09:30,[CC] BUY NY,14067.75,2,562710,501,0.09,9,505.5,0.09,-14.5,0.00,31091,12.44,0
889,Exit long,2022-03-02 18:00,NQ09B BUY WEEKDAY 1800 STOP,14195.5,2,567870,-59,-0.01,9,0,0.00,-54.5,-0.01,31032,12.41,0
889,Entry long,2022-03-02 18:00,[CC] BUY PREMIUM,14196.75,2,567870,-59,-0.01,9,0,0.00,-54.5,-0.01,31032,12.41,0
890,Exit long,2022-03-03 09:30,NQ09B BUY NY STOP,14349.5,2,574030,-59,-0.01,9,185.5,0.03,-54.5,-0.01,30973,12.39,0
890,Entry long,2022-03-03 09:30,[CC] BUY NY,14350.75,2,574030,-59,-0.01,9,185.5,0.03,-54.5,-0.01,30973,12.39,0
891,Exit long,2022-03-04 09:30,NQ09B BUY NY N130 TP2,13948,2,557410,501,0.09,9,505.5,0.09,-14.5,0.00,31474,12.59,0
891,Entry long,2022-03-04 09:30,[CC] BUY NY,13935.25,2,557410,501,0.09,9,505.5,0.09,-14.5,0.00,31474,12.59,0
892,Exit long,2022-03-06 18:00,NQ09B BUY WEEKLY STOP,13762.5,2,550550,-59,-0.01,9,0,0.00,-54.5,-0.01,31415,12.57,0
892,Entry long,2022-03-06 18:00,[CC] BUY WEEKLY,13763.75,2,550550,-59,-0.01,9,0,0.00,-54.5,-0.01,31415,12.57,0
893,Exit long,2022-03-07 09:30,NQ09B BUY NY STOP,13830,2,553250,-59,-0.01,9,0,0.00,-54.5,-0.01,31356,12.54,0
893,Entry long,2022-03-07 09:30,[CC] BUY NY,13831.25,2,553250,-59,-0.01,9,0,0.00,-54.5,-0.01,31356,12.54,0
894,Exit long,2022-03-07 18:00,NQ09B BUY WEEKDAY 1800 STOP,13282,1,265665,-29.5,-0.01,4.5,132.75,0.05,-27.25,-0.01,31326.5,12.53,0
894,Entry long,2022-03-07 18:00,[CC] BUY WEAK,13283.25,1,265665,-29.5,-0.01,4.5,132.75,0.05,-27.25,-0.01,31326.5,12.53,0
895,Exit long,2022-03-08 09:30,NQ09B BUY NY N130 TP2,13299.25,2,531460,501,0.09,9,505.5,0.10,-14.5,0.00,31827.5,12.73,0
895,Entry long,2022-03-08 09:30,[CC] BUY NY,13286.5,2,531460,501,0.09,9,505.5,0.10,-14.5,0.00,31827.5,12.73,0
896,Exit long,2022-03-09 09:30,NQ09B BUY NY N130 TP2,13616.25,2,544140,501,0.09,9,505.5,0.09,-14.5,0.00,32328.5,12.93,0
896,Entry long,2022-03-09 09:30,[CC] BUY NY,13603.5,2,544140,501,0.09,9,505.5,0.09,-14.5,0.00,32328.5,12.93,0
897,Exit long,2022-03-09 18:00,NQ09B BUY WEEKDAY 1800 STOP,13777,1,275565,-29.5,-0.01,4.5,0,0.00,-27.25,-0.01,32299,12.92,0
897,Entry long,2022-03-09 18:00,[CC] BUY WEAK,13778.25,1,275565,-29.5,-0.01,4.5,0,0.00,-27.25,-0.01,32299,12.92,0
898,Exit long,2022-03-10 09:30,NQ09B BUY NY N130 TP2,13578,2,542610,501,0.09,9,505.5,0.09,-14.5,0.00,32800,13.12,0
898,Entry long,2022-03-10 09:30,[CC] BUY NY,13565.25,2,542610,501,0.09,9,505.5,0.09,-14.5,0.00,32800,13.12,0
899,Exit long,2022-03-11 09:30,NQ09B BUY NY STOP,13710,2,548450,-59,-0.01,9,485.5,0.09,-54.5,-0.01,32741,13.10,0
899,Entry long,2022-03-11 09:30,[CC] BUY NY,13711.25,2,548450,-59,-0.01,9,485.5,0.09,-54.5,-0.01,32741,13.10,0
900,Exit long,2022-03-13 18:00,NQ09B BUY WEEKLY STOP,13361,2,534490,-59,-0.01,9,0,0.00,-54.5,-0.01,32682,13.07,0
900,Entry long,2022-03-13 18:00,[CC] BUY WEEKLY,13362.25,2,534490,-59,-0.01,9,0,0.00,-54.5,-0.01,32682,13.07,0
901,Exit long,2022-03-14 09:30,NQ09B BUY NY STOP,13249.5,2,530030,-59,-0.01,9,0,0.00,-54.5,-0.01,32623,13.05,0
901,Entry long,2022-03-14 09:30,[CC] BUY NY,13250.75,2,530030,-59,-0.01,9,0,0.00,-54.5,-0.01,32623,13.05,0
902,Exit long,2022-03-15 09:30,NQ09B BUY NY STOP,13154.5,2,526230,-59,-0.01,9,0,0.00,-54.5,-0.01,32564,13.03,0
902,Entry long,2022-03-15 09:30,[CC] BUY NY,13155.75,2,526230,-59,-0.01,9,0,0.00,-54.5,-0.01,32564,13.03,0
903,Exit long,2022-03-16 09:30,NQ09B BUY NY STOP,13617.75,2,544760,-59,-0.01,9,0,0.00,-54.5,-0.01,32505,13.00,0
903,Entry long,2022-03-16 09:30,[CC] BUY NY,13619,2,544760,-59,-0.01,9,0,0.00,-54.5,-0.01,32505,13.00,0
904,Exit long,2022-03-16 18:00,NQ09B BUY WEEKDAY 1800 STOP,13990,2,559650,-59,-0.01,9,145.5,0.03,-54.5,-0.01,32446,12.98,0
904,Entry long,2022-03-16 18:00,[CC] BUY PREMIUM,13991.25,2,559650,-59,-0.01,9,145.5,0.03,-54.5,-0.01,32446,12.98,0
905,Exit long,2022-03-17 09:30,NQ09B BUY NY N130 TP2,13885.25,2,554900,501,0.09,9,505.5,0.09,-14.5,0.00,32947,13.18,0
905,Entry long,2022-03-17 09:30,[CC] BUY NY,13872.5,2,554900,501,0.09,9,505.5,0.09,-14.5,0.00,32947,13.18,0
906,Exit long,2022-03-17 18:00,NQ09B BUY WEEKDAY 1800 STOP,14055.75,2,562280,-59,-0.01,9,0,0.00,-54.5,-0.01,32888,13.16,0
906,Entry long,2022-03-17 18:00,[CC] BUY PREMIUM,14057,2,562280,-59,-0.01,9,0,0.00,-54.5,-0.01,32888,13.16,0
907,Exit long,2022-03-18 09:30,NQ09B BUY NY N130 TP2,14059.5,2,561870,501,0.09,9,505.5,0.09,-14.5,0.00,33389,13.36,0
907,Entry long,2022-03-18 09:30,[CC] BUY NY,14046.75,2,561870,501,0.09,9,505.5,0.09,-14.5,0.00,33389,13.36,0
908,Exit long,2022-03-20 18:00,NQ09B BUY WEEKLY STOP,14403,2,576170,-59,-0.01,9,0,0.00,-54.5,-0.01,33330,13.33,0
908,Entry long,2022-03-20 18:00,[CC] BUY WEEKLY,14404.25,2,576170,-59,-0.01,9,0,0.00,-54.5,-0.01,33330,13.33,0
909,Exit long,2022-03-21 09:30,NQ09B BUY NY STOP,14370.5,2,574870,-59,-0.01,9,0,0.00,-54.5,-0.01,33271,13.31,0
909,Entry long,2022-03-21 09:30,[CC] BUY NY,14371.75,2,574870,-59,-0.01,9,0,0.00,-54.5,-0.01,33271,13.31,0
910,Exit long,2022-03-22 09:30,NQ09B BUY NY STOP,14389.5,2,575630,-59,-0.01,9,0,0.00,-54.5,-0.01,33212,13.28,0
910,Entry long,2022-03-22 09:30,[CC] BUY NY,14390.75,2,575630,-59,-0.01,9,0,0.00,-54.5,-0.01,33212,13.28,0
911,Exit long,2022-03-23 09:30,NQ09B BUY NY N130 TP2,14544.75,2,581280,501,0.09,9,505.5,0.09,-14.5,0.00,33713,13.49,0
911,Entry long,2022-03-23 09:30,[CC] BUY NY,14532,2,581280,501,0.09,9,505.5,0.09,-14.5,0.00,33713,13.49,0
912,Exit long,2022-03-24 09:30,NQ09B BUY NY STOP,14522.75,2,580960,-59,-0.01,9,185.5,0.03,-54.5,-0.01,33654,13.46,0
912,Entry long,2022-03-24 09:30,[CC] BUY NY,14524,2,580960,-59,-0.01,9,185.5,0.03,-54.5,-0.01,33654,13.46,0
913,Exit long,2022-03-25 09:30,NQ09B BUY NY STOP,14762.25,2,590540,-59,-0.01,9,0,0.00,-54.5,-0.01,33595,13.44,0
913,Entry long,2022-03-25 09:30,[CC] BUY NY,14763.5,2,590540,-59,-0.01,9,0,0.00,-54.5,-0.01,33595,13.44,0
914,Exit long,2022-03-27 18:00,NQ09B BUY WEEKLY W80,14764.25,2,590250,311,0.05,9,315.5,0.05,-14.5,0.00,33906,13.56,0
914,Entry long,2022-03-27 18:00,[CC] BUY WEEKLY,14756.25,2,590250,311,0.05,9,315.5,0.05,-14.5,0.00,33906,13.56,0
915,Exit long,2022-03-28 09:30,NQ09B BUY NY STOP,14752.25,2,590140,-59,-0.01,9,0,0.00,-54.5,-0.01,33847,13.54,0
915,Entry long,2022-03-28 09:30,[CC] BUY NY,14753.5,2,590140,-59,-0.01,9,0,0.00,-54.5,-0.01,33847,13.54,0
916,Exit long,2022-03-29 09:30,NQ09B BUY NY STOP,15146.75,2,605920,-59,-0.01,9,0,0.00,-54.5,-0.01,33788,13.52,0
916,Entry long,2022-03-29 09:30,[CC] BUY NY,15148,2,605920,-59,-0.01,9,0,0.00,-54.5,-0.01,33788,13.52,0
917,Exit long,2022-03-30 09:30,NQ09B BUY NY STOP,15165,2,606650,-59,-0.01,9,0,0.00,-54.5,-0.01,33729,13.49,0
917,Entry long,2022-03-30 09:30,[CC] BUY NY,15166.25,2,606650,-59,-0.01,9,0,0.00,-54.5,-0.01,33729,13.49,0
918,Exit long,2022-03-31 09:30,NQ09B BUY NY STOP,15079.25,2,603220,-59,-0.01,9,375.5,0.06,-54.5,-0.01,33670,13.47,0
918,Entry long,2022-03-31 09:30,[CC] BUY NY,15080.5,2,603220,-59,-0.01,9,375.5,0.06,-54.5,-0.01,33670,13.47,0
919,Exit long,2022-04-01 09:30,NQ09B BUY NY STOP,14898.25,2,595980,-59,-0.01,9,0,0.00,-54.5,-0.01,33611,13.44,0
919,Entry long,2022-04-01 09:30,[CC] BUY NY,14899.5,2,595980,-59,-0.01,9,0,0.00,-54.5,-0.01,33611,13.44,0
920,Exit long,2022-04-03 18:00,NQ09B BUY WEEKLY STOP,14845,2,593850,-59,-0.01,9,0,0.00,-54.5,-0.01,33552,13.42,0
920,Entry long,2022-04-03 18:00,[CC] BUY WEEKLY,14846.25,2,593850,-59,-0.01,9,0,0.00,-54.5,-0.01,33552,13.42,0
921,Exit long,2022-04-04 09:30,NQ09B BUY NY STOP,14894.25,2,595820,-59,-0.01,9,0,0.00,-54.5,-0.01,33493,13.40,0
921,Entry long,2022-04-04 09:30,[CC] BUY NY,14895.5,2,595820,-59,-0.01,9,0,0.00,-54.5,-0.01,33493,13.40,0
922,Exit long,2022-04-05 09:30,NQ09B BUY NY STOP,15104.25,2,604220,-59,-0.01,9,0,0.00,-54.5,-0.01,33434,13.37,0
922,Entry long,2022-04-05 09:30,[CC] BUY NY,15105.5,2,604220,-59,-0.01,9,0,0.00,-54.5,-0.01,33434,13.37,0
923,Exit long,2022-04-06 09:30,NQ09B BUY NY STOP,14601.75,2,584120,-59,-0.01,9,0,0.00,-54.5,-0.01,33375,13.35,0
923,Entry long,2022-04-06 09:30,[CC] BUY NY,14603,2,584120,-59,-0.01,9,0,0.00,-54.5,-0.01,33375,13.35,0
924,Exit long,2022-04-07 09:30,NQ09B BUY NY STOP,14466.25,2,578700,-59,-0.01,9,0,0.00,-54.5,-0.01,33316,13.33,0
924,Entry long,2022-04-07 09:30,[CC] BUY NY,14467.5,2,578700,-59,-0.01,9,0,0.00,-54.5,-0.01,33316,13.33,0
925,Exit long,2022-04-08 09:30,NQ09B BUY NY STOP,14467,2,578730,-59,-0.01,9,335.5,0.06,-54.5,-0.01,33257,13.30,0
925,Entry long,2022-04-08 09:30,[CC] BUY NY,14468.25,2,578730,-59,-0.01,9,335.5,0.06,-54.5,-0.01,33257,13.30,0
926,Exit long,2022-04-10 18:00,NQ09B BUY WEEKLY STOP,14344,2,573810,-59,-0.01,9,0,0.00,-54.5,-0.01,33198,13.28,0
926,Entry long,2022-04-10 18:00,[CC] BUY WEEKLY,14345.25,2,573810,-59,-0.01,9,0,0.00,-54.5,-0.01,33198,13.28,0
927,Exit long,2022-04-11 09:30,NQ09B BUY NY N130 TP2,14171.25,2,566340,501,0.09,9,505.5,0.09,-14.5,0.00,33699,13.48,0
927,Entry long,2022-04-11 09:30,[CC] BUY NY,14158.5,2,566340,501,0.09,9,505.5,0.09,-14.5,0.00,33699,13.48,0
928,Exit long,2022-04-12 09:30,NQ09B BUY NY STOP,14198.75,2,568000,-59,-0.01,9,115.5,0.02,-54.5,-0.01,33640,13.46,0
928,Entry long,2022-04-12 09:30,[CC] BUY NY,14200,2,568000,-59,-0.01,9,115.5,0.02,-54.5,-0.01,33640,13.46,0
929,Exit long,2022-04-13 09:30,NQ09B BUY NY N130 TP2,13965.75,2,558120,501,0.09,9,505.5,0.09,-14.5,0.00,34141,13.66,0
929,Entry long,2022-04-13 09:30,[CC] BUY NY,13953,2,558120,501,0.09,9,505.5,0.09,-14.5,0.00,34141,13.66,0
930,Exit long,2022-04-14 09:30,NQ09B BUY NY STOP,14223,2,568970,-59,-0.01,9,285.5,0.05,-54.5,-0.01,34082,13.63,0
930,Entry long,2022-04-14 09:30,[CC] BUY NY,14224.25,2,568970,-59,-0.01,9,285.5,0.05,-54.5,-0.01,34082,13.63,0
931,Exit long,2022-04-17 18:00,NQ09B BUY WEEKLY W80,13900.25,2,555690,311,0.06,9,315.5,0.06,-14.5,0.00,34393,13.76,0
931,Entry long,2022-04-17 18:00,[CC] BUY WEEKLY,13892.25,2,555690,311,0.06,9,315.5,0.06,-14.5,0.00,34393,13.76,0
932,Exit long,2022-04-18 09:30,NQ09B BUY NY STOP,13849.25,2,554020,-59,-0.01,9,0,0.00,-54.5,-0.01,34334,13.73,0
932,Entry long,2022-04-18 09:30,[CC] BUY NY,13850.5,2,554020,-59,-0.01,9,0,0.00,-54.5,-0.01,34334,13.73,0
933,Exit long,2022-04-19 09:30,NQ09B BUY NY STOP,13874.5,2,555030,-59,-0.01,9,0,0.00,-54.5,-0.01,34275,13.71,0
933,Entry long,2022-04-19 09:30,[CC] BUY NY,13875.75,2,555030,-59,-0.01,9,0,0.00,-54.5,-0.01,34275,13.71,0
934,Exit long,2022-04-20 09:30,NQ09B BUY NY N130 TP2,14264.75,2,570080,501,0.09,9,505.5,0.09,-14.5,0.00,34776,13.91,0
934,Entry long,2022-04-20 09:30,[CC] BUY NY,14252,2,570080,501,0.09,9,505.5,0.09,-14.5,0.00,34776,13.91,0
935,Exit long,2022-04-20 18:00,NQ09B BUY WEEKDAY 1800 STOP,14069,2,562810,-59,-0.01,9,0,0.00,-54.5,-0.01,34717,13.89,0
935,Entry long,2022-04-20 18:00,[CC] BUY PREMIUM,14070.25,2,562810,-59,-0.01,9,0,0.00,-54.5,-0.01,34717,13.89,0
936,Exit long,2022-04-21 09:30,NQ09B BUY NY STOP,14171.5,2,566910,-59,-0.01,9,0,0.00,-54.5,-0.01,34658,13.86,0
936,Entry long,2022-04-21 09:30,[CC] BUY NY,14172.75,2,566910,-59,-0.01,9,0,0.00,-54.5,-0.01,34658,13.86,0
937,Exit long,2022-04-22 09:30,NQ09B BUY NY STOP,13724.5,2,549030,-59,-0.01,9,0,0.00,-54.5,-0.01,34599,13.84,0
937,Entry long,2022-04-22 09:30,[CC] BUY NY,13725.75,2,549030,-59,-0.01,9,0,0.00,-54.5,-0.01,34599,13.84,0
938,Exit long,2022-04-24 18:00,NQ09B BUY WEEKLY W80,13342.5,2,533380,311,0.06,9,315.5,0.06,-14.5,0.00,34910,13.96,0
938,Entry long,2022-04-24 18:00,[CC] BUY WEEKLY,13334.5,2,533380,311,0.06,9,315.5,0.06,-14.5,0.00,34910,13.96,0
939,Exit long,2022-04-25 09:30,NQ09B BUY NY STOP,13288,2,531570,-59,-0.01,9,0,0.00,-54.5,-0.01,34851,13.94,0
939,Entry long,2022-04-25 09:30,[CC] BUY NY,13289.25,2,531570,-59,-0.01,9,0,0.00,-54.5,-0.01,34851,13.94,0
940,Exit long,2022-04-26 09:30,NQ09B BUY NY STOP,13442.25,2,537740,-59,-0.01,9,285.5,0.05,-54.5,-0.01,34792,13.92,0
940,Entry long,2022-04-26 09:30,[CC] BUY NY,13443.5,2,537740,-59,-0.01,9,285.5,0.05,-54.5,-0.01,34792,13.92,0
941,Exit long,2022-04-26 18:00,NQ09B BUY WEEKDAY 1800 STOP,12880,2,515250,-59,-0.01,9,0,0.00,-54.5,-0.01,34733,13.89,0
941,Entry long,2022-04-26 18:00,[CC] BUY PREMIUM,12881.25,2,515250,-59,-0.01,9,0,0.00,-54.5,-0.01,34733,13.89,0
942,Exit long,2022-04-27 09:30,NQ09B BUY NY STOP,13020.75,2,520880,-59,-0.01,9,0,0.00,-54.5,-0.01,34674,13.87,0
942,Entry long,2022-04-27 09:30,[CC] BUY NY,13022,2,520880,-59,-0.01,9,0,0.00,-54.5,-0.01,34674,13.87,0
943,Exit long,2022-04-27 18:00,NQ09B BUY WEEKDAY 1800 STOP,13190,2,527650,-59,-0.01,9,195.5,0.04,-54.5,-0.01,34615,13.85,0
943,Entry long,2022-04-27 18:00,[CC] BUY PREMIUM,13191.25,2,527650,-59,-0.01,9,195.5,0.04,-54.5,-0.01,34615,13.85,0
944,Exit long,2022-04-28 09:30,NQ09B BUY NY STOP,13211.75,2,528520,-59,-0.01,9,0,0.00,-54.5,-0.01,34556,13.82,0
944,Entry long,2022-04-28 09:30,[CC] BUY NY,13213,2,528520,-59,-0.01,9,0,0.00,-54.5,-0.01,34556,13.82,0
945,Exit long,2022-04-28 18:00,NQ09B BUY WEEKDAY 1800 D80,13227.75,2,528790,311,0.06,9,315.5,0.06,-14.5,0.00,34867,13.95,0
945,Entry long,2022-04-28 18:00,[CC] BUY PREMIUM,13219.75,2,528790,311,0.06,9,315.5,0.06,-14.5,0.00,34867,13.95,0
946,Exit long,2022-04-29 09:30,NQ09B BUY NY STOP,13286.5,2,531510,-59,-0.01,9,0,0.00,-54.5,-0.01,34808,13.92,0
946,Entry long,2022-04-29 09:30,[CC] BUY NY,13287.75,2,531510,-59,-0.01,9,0,0.00,-54.5,-0.01,34808,13.92,0
947,Exit long,2022-05-01 18:00,NQ09B BUY WEEKLY W80,12900.5,2,515700,311,0.06,9,315.5,0.06,-14.5,0.00,35119,14.05,0
947,Entry long,2022-05-01 18:00,[CC] BUY WEEKLY,12892.5,2,515700,311,0.06,9,315.5,0.06,-14.5,0.00,35119,14.05,0
948,Exit long,2022-05-02 09:30,NQ09B BUY NY STOP,12839.75,2,513640,-59,-0.01,9,0,0.00,-54.5,-0.01,35060,14.02,0
948,Entry long,2022-05-02 09:30,[CC] BUY NY,12841,2,513640,-59,-0.01,9,0,0.00,-54.5,-0.01,35060,14.02,0
949,Exit long,2022-05-03 09:30,NQ09B BUY NY STOP,13072.25,2,522940,-59,-0.01,9,255.5,0.05,-54.5,-0.01,35001,14.00,0
949,Entry long,2022-05-03 09:30,[CC] BUY NY,13073.5,2,522940,-59,-0.01,9,255.5,0.05,-54.5,-0.01,35001,14.00,0
950,Exit long,2022-05-03 18:00,NQ09B BUY WEEKDAY 1800 STOP,13120,1,262425,-29.5,-0.01,4.5,0,0.00,-27.25,-0.01,34971.5,13.99,0
950,Entry long,2022-05-03 18:00,[CC] BUY WEAK,13121.25,1,262425,-29.5,-0.01,4.5,0,0.00,-27.25,-0.01,34971.5,13.99,0
951,Exit long,2022-05-04 09:30,NQ09B BUY NY STOP,13105.75,2,524280,-59,-0.01,9,285.5,0.05,-54.5,-0.01,34912.5,13.97,0
951,Entry long,2022-05-04 09:30,[CC] BUY NY,13107,2,524280,-59,-0.01,9,285.5,0.05,-54.5,-0.01,34912.5,13.97,0
952,Exit long,2022-05-05 09:30,NQ09B BUY NY STOP,13341.5,2,533710,-59,-0.01,9,135.5,0.03,-54.5,-0.01,34853.5,13.94,0
952,Entry long,2022-05-05 09:30,[CC] BUY NY,13342.75,2,533710,-59,-0.01,9,135.5,0.03,-54.5,-0.01,34853.5,13.94,0
953,Exit long,2022-05-05 18:00,NQ09B BUY WEEKDAY 1800 STOP,12882.25,2,515340,-59,-0.01,9,75.5,0.01,-54.5,-0.01,34794.5,13.92,0
953,Entry long,2022-05-05 18:00,[CC] BUY PREMIUM,12883.5,2,515340,-59,-0.01,9,75.5,0.01,-54.5,-0.01,34794.5,13.92,0
954,Exit long,2022-05-06 09:30,NQ09B BUY NY N130 TP2,12773,2,510410,501,0.10,9,505.5,0.10,-14.5,0.00,35295.5,14.12,0
954,Entry long,2022-05-06 09:30,[CC] BUY NY,12760.25,2,510410,501,0.10,9,505.5,0.10,-14.5,0.00,35295.5,14.12,0
955,Exit long,2022-05-08 18:00,NQ09B BUY WEEKLY W80,12613.25,2,504210,311,0.06,9,315.5,0.06,-14.5,0.00,35606.5,14.24,0
955,Entry long,2022-05-08 18:00,[CC] BUY WEEKLY,12605.25,2,504210,311,0.06,9,315.5,0.06,-14.5,0.00,35606.5,14.24,0
956,Exit long,2022-05-09 09:30,NQ09B BUY NY STOP,12448.25,2,497980,-59,-0.01,9,0,0.00,-54.5,-0.01,35547.5,14.22,0
956,Entry long,2022-05-09 09:30,[CC] BUY NY,12449.5,2,497980,-59,-0.01,9,0,0.00,-54.5,-0.01,35547.5,14.22,0
957,Exit long,2022-05-10 09:30,NQ09B BUY NY STOP,12495.5,2,499870,-59,-0.01,9,0,0.00,-54.5,-0.01,35488.5,14.20,0
957,Entry long,2022-05-10 09:30,[CC] BUY NY,12496.75,2,499870,-59,-0.01,9,0,0.00,-54.5,-0.01,35488.5,14.20,0
958,Exit long,2022-05-10 18:00,NQ09B BUY WEEKDAY 1800 STOP,12327.75,1,246580,-29.5,-0.01,4.5,0,0.00,-27.25,-0.01,35459,14.18,0
958,Entry long,2022-05-10 18:00,[CC] BUY WEAK,12329,1,246580,-29.5,-0.01,4.5,0,0.00,-27.25,-0.01,35459,14.18,0
959,Exit long,2022-05-11 09:30,NQ09B BUY NY STOP,12244.5,2,489830,-59,-0.01,9,0,0.00,-54.5,-0.01,35400,14.16,0
959,Entry long,2022-05-11 09:30,[CC] BUY NY,12245.75,2,489830,-59,-0.01,9,0,0.00,-54.5,-0.01,35400,14.16,0
960,Exit long,2022-05-12 09:30,NQ09B BUY NY STOP,11790.75,2,471680,-59,-0.01,9,0,0.00,-54.5,-0.01,35341,14.14,0
960,Entry long,2022-05-12 09:30,[CC] BUY NY,11792,2,471680,-59,-0.01,9,0,0.00,-54.5,-0.01,35341,14.14,0
961,Exit long,2022-05-12 18:00,NQ09B BUY WEEKDAY 1800 D80,11899.75,2,475670,311,0.07,9,315.5,0.07,-14.5,0.00,35652,14.26,0
961,Entry long,2022-05-12 18:00,[CC] BUY PREMIUM,11891.75,2,475670,311,0.07,9,315.5,0.07,-14.5,0.00,35652,14.26,0
962,Exit long,2022-05-13 09:30,NQ09B BUY NY N130 TP2,12145,2,485290,501,0.10,9,505.5,0.10,-14.5,0.00,36153,14.46,0
962,Entry long,2022-05-13 09:30,[CC] BUY NY,12132.25,2,485290,501,0.10,9,505.5,0.10,-14.5,0.00,36153,14.46,0
963,Exit long,2022-05-15 18:00,NQ09B BUY WEEKLY STOP,12408,2,496370,-59,-0.01,9,0,0.00,-54.5,-0.01,36094,14.44,0
963,Entry long,2022-05-15 18:00,[CC] BUY WEEKLY,12409.25,2,496370,-59,-0.01,9,0,0.00,-54.5,-0.01,36094,14.44,0
964,Exit long,2022-05-16 09:30,NQ09B BUY NY N130 TP2,12324.5,2,492470,501,0.10,9,505.5,0.10,-14.5,0.00,36595,14.64,0
964,Entry long,2022-05-16 09:30,[CC] BUY NY,12311.75,2,492470,501,0.10,9,505.5,0.10,-14.5,0.00,36595,14.64,0
965,Exit long,2022-05-17 09:30,NQ09B BUY NY N130 TP2,12504.25,2,499660,501,0.10,9,505.5,0.10,-14.5,0.00,37096,14.84,0
965,Entry long,2022-05-17 09:30,[CC] BUY NY,12491.5,2,499660,501,0.10,9,505.5,0.10,-14.5,0.00,37096,14.84,0
966,Exit long,2022-05-18 09:30,NQ09B BUY NY STOP,12367.25,2,494740,-59,-0.01,9,0,0.00,-54.5,-0.01,37037,14.81,0
966,Entry long,2022-05-18 09:30,[CC] BUY NY,12368.5,2,494740,-59,-0.01,9,0,0.00,-54.5,-0.01,37037,14.81,0
967,Exit long,2022-05-18 18:00,NQ09B BUY WEEKDAY 1800 STOP,11906,1,238145,-29.5,-0.01,4.5,117.75,0.05,-27.25,-0.01,37007.5,14.80,0
967,Entry long,2022-05-18 18:00,[CC] BUY WEAK,11907.25,1,238145,-29.5,-0.01,4.5,117.75,0.05,-27.25,-0.01,37007.5,14.80,0
968,Exit long,2022-05-19 09:30,NQ09B BUY NY N130 TP2,11877.25,2,474580,501,0.11,9,505.5,0.11,-14.5,0.00,37508.5,15.00,0
968,Entry long,2022-05-19 09:30,[CC] BUY NY,11864.5,2,474580,501,0.11,9,505.5,0.11,-14.5,0.00,37508.5,15.00,0
969,Exit long,2022-05-20 09:30,NQ09B BUY NY N130 TP2,12039.25,2,481060,501,0.10,9,505.5,0.11,-14.5,0.00,38009.5,15.20,0
969,Entry long,2022-05-20 09:30,[CC] BUY NY,12026.5,2,481060,501,0.10,9,505.5,0.11,-14.5,0.00,38009.5,15.20,0
970,Exit long,2022-05-22 18:00,NQ09B BUY WEEKLY STOP,11865,2,474650,-59,-0.01,9,0,0.00,-54.5,-0.01,37950.5,15.18,0
970,Entry long,2022-05-22 18:00,[CC] BUY WEEKLY,11866.25,2,474650,-59,-0.01,9,0,0.00,-54.5,-0.01,37950.5,15.18,0
971,Exit long,2022-05-23 09:30,NQ09B BUY NY N130 TP2,11897.75,2,475400,501,0.11,9,505.5,0.11,-14.5,0.00,38451.5,15.38,0
971,Entry long,2022-05-23 09:30,[CC] BUY NY,11885,2,475400,501,0.11,9,505.5,0.11,-14.5,0.00,38451.5,15.38,0
972,Exit long,2022-05-24 09:30,NQ09B BUY NY N130 TP2,11829.5,2,472670,501,0.11,9,505.5,0.11,-14.5,0.00,38952.5,15.58,0
972,Entry long,2022-05-24 09:30,[CC] BUY NY,11816.75,2,472670,501,0.11,9,505.5,0.11,-14.5,0.00,38952.5,15.58,0
973,Exit long,2022-05-25 09:30,NQ09B BUY NY STOP,11716.25,2,468700,-59,-0.01,9,0,0.00,-54.5,-0.01,38893.5,15.56,0
973,Entry long,2022-05-25 09:30,[CC] BUY NY,11717.5,2,468700,-59,-0.01,9,0,0.00,-54.5,-0.01,38893.5,15.56,0
974,Exit long,2022-05-25 18:00,NQ09B BUY WEEKDAY 1800 D80,11895.75,1,237755,155.5,0.07,4.5,157.75,0.07,-7.25,0.00,39049,15.62,0
974,Entry long,2022-05-25 18:00,[CC] BUY WEAK,11887.75,1,237755,155.5,0.07,4.5,157.75,0.07,-7.25,0.00,39049,15.62,0
975,Exit long,2022-05-26 09:30,NQ09B BUY NY STOP,11911.75,2,476520,-59,-0.01,9,0,0.00,-54.5,-0.01,38990,15.60,0
975,Entry long,2022-05-26 09:30,[CC] BUY NY,11913,2,476520,-59,-0.01,9,0,0.00,-54.5,-0.01,38990,15.60,0
976,Exit long,2022-05-27 09:30,NQ09B BUY NY STOP,12406.5,2,496310,-59,-0.01,9,0,0.00,-54.5,-0.01,38931,15.57,0
976,Entry long,2022-05-27 09:30,[CC] BUY NY,12407.75,2,496310,-59,-0.01,9,0,0.00,-54.5,-0.01,38931,15.57,0
977,Exit long,2022-05-29 18:00,NQ09B BUY WEEKLY STOP,12704.25,2,508220,-59,-0.01,9,0,0.00,-54.5,-0.01,38872,15.55,0
977,Entry long,2022-05-29 18:00,[CC] BUY WEEKLY,12705.5,2,508220,-59,-0.01,9,0,0.00,-54.5,-0.01,38872,15.55,0
978,Exit long,2022-05-30 09:30,NQ09B BUY NY STOP,12756,2,510290,-59,-0.01,9,0,0.00,-54.5,-0.01,38813,15.53,0
978,Entry long,2022-05-30 09:30,[CC] BUY NY,12757.25,2,510290,-59,-0.01,9,0,0.00,-54.5,-0.01,38813,15.53,0
979,Exit long,2022-05-31 09:30,NQ09B BUY NY STOP,12675.75,2,507080,-59,-0.01,9,435.5,0.09,-54.5,-0.01,38754,15.50,0
979,Entry long,2022-05-31 09:30,[CC] BUY NY,12677,2,507080,-59,-0.01,9,435.5,0.09,-54.5,-0.01,38754,15.50,0
980,Exit long,2022-06-01 09:30,NQ09B BUY NY STOP,12732.5,2,509350,-59,-0.01,9,0,0.00,-54.5,-0.01,38695,15.48,0
980,Entry long,2022-06-01 09:30,[CC] BUY NY,12733.75,2,509350,-59,-0.01,9,0,0.00,-54.5,-0.01,38695,15.48,0
981,Exit long,2022-06-02 09:30,NQ09B BUY NY N130 TP2,12515.5,2,500110,501,0.10,9,505.5,0.10,-14.5,0.00,39196,15.68,0
981,Entry long,2022-06-02 09:30,[CC] BUY NY,12502.75,2,500110,501,0.10,9,505.5,0.10,-14.5,0.00,39196,15.68,0
982,Exit long,2022-06-03 09:30,NQ09B BUY NY STOP,12672.5,2,506950,-59,-0.01,9,0,0.00,-54.5,-0.01,39137,15.65,0
982,Entry long,2022-06-03 09:30,[CC] BUY NY,12673.75,2,506950,-59,-0.01,9,0,0.00,-54.5,-0.01,39137,15.65,0
983,Exit long,2022-06-05 18:00,NQ09B BUY WEEKLY W80,12558,2,502000,311,0.06,9,315.5,0.06,-14.5,0.00,39448,15.78,0
983,Entry long,2022-06-05 18:00,[CC] BUY WEEKLY,12550,2,502000,311,0.06,9,315.5,0.06,-14.5,0.00,39448,15.78,0
984,Exit long,2022-06-06 09:30,NQ09B BUY NY STOP,12740.5,2,509670,-59,-0.01,9,0,0.00,-54.5,-0.01,39389,15.76,0
984,Entry long,2022-06-06 09:30,[CC] BUY NY,12741.75,2,509670,-59,-0.01,9,0,0.00,-54.5,-0.01,39389,15.76,0
985,Exit long,2022-06-07 09:30,NQ09B BUY NY N130 TP2,12470,2,498290,501,0.10,9,505.5,0.10,-14.5,0.00,39890,15.96,0
985,Entry long,2022-06-07 09:30,[CC] BUY NY,12457.25,2,498290,501,0.10,9,505.5,0.10,-14.5,0.00,39890,15.96,0
986,Exit long,2022-06-08 09:30,NQ09B BUY NY N130 TP2,12686.75,2,506960,501,0.10,9,505.5,0.10,-14.5,0.00,40391,16.16,0
986,Entry long,2022-06-08 09:30,[CC] BUY NY,12674,2,506960,501,0.10,9,505.5,0.10,-14.5,0.00,40391,16.16,0
987,Exit long,2022-06-09 09:30,NQ09B BUY NY STOP,12541.75,2,501720,-59,-0.01,9,0,0.00,-54.5,-0.01,40332,16.13,0
987,Entry long,2022-06-09 09:30,[CC] BUY NY,12543,2,501720,-59,-0.01,9,0,0.00,-54.5,-0.01,40332,16.13,0
988,Exit long,2022-06-10 09:30,NQ09B BUY NY N130 TP2,12055,2,481690,501,0.10,9,505.5,0.10,-14.5,0.00,40833,16.33,0
988,Entry long,2022-06-10 09:30,[CC] BUY NY,12042.25,2,481690,501,0.10,9,505.5,0.10,-14.5,0.00,40833,16.33,0
989,Exit long,2022-06-12 18:00,NQ09B BUY WEEKLY STOP,11767,2,470730,-59,-0.01,9,165.5,0.04,-54.5,-0.01,40774,16.31,0
989,Entry long,2022-06-12 18:00,[CC] BUY WEEKLY,11768.25,2,470730,-59,-0.01,9,165.5,0.04,-54.5,-0.01,40774,16.31,0
990,Exit long,2022-06-13 09:30,NQ09B BUY NY STOP,11465.25,2,458660,-59,-0.01,9,0,0.00,-54.5,-0.01,40715,16.29,0
990,Entry long,2022-06-13 09:30,[CC] BUY NY,11466.5,2,458660,-59,-0.01,9,0,0.00,-54.5,-0.01,40715,16.29,0
991,Exit long,2022-06-14 09:30,NQ09B BUY NY N130 TP2,11427.75,2,456600,501,0.11,9,505.5,0.11,-14.5,0.00,41216,16.49,0
991,Entry long,2022-06-14 09:30,[CC] BUY NY,11415,2,456600,501,0.11,9,505.5,0.11,-14.5,0.00,41216,16.49,0
992,Exit long,2022-06-14 18:00,NQ09B BUY WEEKDAY 1800 STOP,11363.75,1,227300,-29.5,-0.01,4.5,0,0.00,-27.25,-0.01,41186.5,16.47,0
992,Entry long,2022-06-14 18:00,[CC] BUY WEAK,11365,1,227300,-29.5,-0.01,4.5,0,0.00,-27.25,-0.01,41186.5,16.47,0
993,Exit long,2022-06-15 09:30,NQ09B BUY NY STOP,11486.25,2,459500,-59,-0.01,9,0,0.00,-54.5,-0.01,41127.5,16.45,0
993,Entry long,2022-06-15 09:30,[CC] BUY NY,11487.5,2,459500,-59,-0.01,9,0,0.00,-54.5,-0.01,41127.5,16.45,0
994,Exit long,2022-06-15 18:00,NQ09B BUY WEEKDAY 1800 D80,11654.5,1,232930,155.5,0.07,4.5,157.75,0.07,-7.25,0.00,41283,16.51,0
994,Entry long,2022-06-15 18:00,[CC] BUY WEAK,11646.5,1,232930,155.5,0.07,4.5,157.75,0.07,-7.25,0.00,41283,16.51,0
995,Exit long,2022-06-16 09:30,NQ09B BUY NY N130 TP2,11342,2,453170,501,0.11,9,505.5,0.11,-14.5,0.00,41784,16.71,0
995,Entry long,2022-06-16 09:30,[CC] BUY NY,11329.25,2,453170,501,0.11,9,505.5,0.11,-14.5,0.00,41784,16.71,0
996,Exit long,2022-06-16 18:00,NQ09B BUY WEEKDAY 1800 STOP,11205.75,2,448280,-59,-0.01,9,0,0.00,-54.5,-0.01,41725,16.69,0
996,Entry long,2022-06-16 18:00,[CC] BUY PREMIUM,11207,2,448280,-59,-0.01,9,0,0.00,-54.5,-0.01,41725,16.69,0
997,Exit long,2022-06-17 09:30,NQ09B BUY NY STOP,11189.5,2,447630,-59,-0.01,9,0,0.00,-54.5,-0.01,41666,16.67,0
997,Entry long,2022-06-17 09:30,[CC] BUY NY,11190.75,2,447630,-59,-0.01,9,0,0.00,-54.5,-0.01,41666,16.67,0
998,Exit long,2022-06-19 18:00,NQ09B BUY WEEKLY STOP,11331.5,2,453310,-59,-0.01,9,0,0.00,-54.5,-0.01,41607,16.64,0
998,Entry long,2022-06-19 18:00,[CC] BUY WEEKLY,11332.75,2,453310,-59,-0.01,9,0,0.00,-54.5,-0.01,41607,16.64,0
999,Exit long,2022-06-20 09:30,NQ09B BUY NY STOP,11365.25,2,454660,-59,-0.01,9,375.5,0.08,-54.5,-0.01,41548,16.62,0
999,Entry long,2022-06-20 09:30,[CC] BUY NY,11366.5,2,454660,-59,-0.01,9,375.5,0.08,-54.5,-0.01,41548,16.62,0
1000,Exit long,2022-06-21 09:30,NQ09B BUY NY STOP,11480,2,459250,-59,-0.01,9,0,0.00,-54.5,-0.01,41489,16.60,0
1000,Entry long,2022-06-21 09:30,[CC] BUY NY,11481.25,2,459250,-59,-0.01,9,0,0.00,-54.5,-0.01,41489,16.60,0
1001,Exit long,2022-06-22 09:30,NQ09B BUY NY STOP,11469.25,2,458820,-59,-0.01,9,0,0.00,-54.5,-0.01,41430,16.57,0
1001,Entry long,2022-06-22 09:30,[CC] BUY NY,11470.5,2,458820,-59,-0.01,9,0,0.00,-54.5,-0.01,41430,16.57,0
1002,Exit long,2022-06-23 09:30,NQ09B BUY NY N130 TP2,11673.75,2,466440,501,0.11,9,505.5,0.11,-14.5,0.00,41931,16.77,0
1002,Entry long,2022-06-23 09:30,[CC] BUY NY,11661,2,466440,501,0.11,9,505.5,0.11,-14.5,0.00,41931,16.77,0
1003,Exit long,2022-06-23 18:00,NQ09B BUY WEEKDAY 1800 D80,11696,2,467520,311,0.07,9,315.5,0.07,-14.5,0.00,42242,16.90,0
1003,Entry long,2022-06-23 18:00,[CC] BUY PREMIUM,11688,2,467520,311,0.07,9,315.5,0.07,-14.5,0.00,42242,16.90,0
1004,Exit long,2022-06-24 09:30,NQ09B BUY NY STOP,11848.5,2,473990,-59,-0.01,9,0,0.00,-54.5,-0.01,42183,16.87,0
1004,Entry long,2022-06-24 09:30,[CC] BUY NY,11849.75,2,473990,-59,-0.01,9,0,0.00,-54.5,-0.01,42183,16.87,0
1005,Exit long,2022-06-26 18:00,NQ09B BUY WEEKLY STOP,12136.5,2,485510,-59,-0.01,9,0,0.00,-54.5,-0.01,42124,16.85,0
1005,Entry long,2022-06-26 18:00,[CC] BUY WEEKLY,12137.75,2,485510,-59,-0.01,9,0,0.00,-54.5,-0.01,42124,16.85,0
1006,Exit long,2022-06-27 09:30,NQ09B BUY NY N130 TP2,12202.25,2,487580,501,0.10,9,505.5,0.10,-14.5,0.00,42625,17.05,0
1006,Entry long,2022-06-27 09:30,[CC] BUY NY,12189.5,2,487580,501,0.10,9,505.5,0.10,-14.5,0.00,42625,17.05,0
1007,Exit long,2022-06-28 09:30,NQ09B BUY NY STOP,12063,2,482570,-59,-0.01,9,0,0.00,-54.5,-0.01,42566,17.03,0
1007,Entry long,2022-06-28 09:30,[CC] BUY NY,12064.25,2,482570,-59,-0.01,9,0,0.00,-54.5,-0.01,42566,17.03,0
1008,Exit long,2022-06-29 09:30,NQ09B BUY NY N130 TP2,11682.25,2,466780,501,0.11,9,505.5,0.11,-14.5,0.00,43067,17.23,0
1008,Entry long,2022-06-29 09:30,[CC] BUY NY,11669.5,2,466780,501,0.11,9,505.5,0.11,-14.5,0.00,43067,17.23,0
1009,Exit long,2022-06-30 09:30,NQ09B BUY NY N130 TP2,11568,2,462210,501,0.11,9,505.5,0.11,-14.5,0.00,43568,17.43,0
1009,Entry long,2022-06-30 09:30,[CC] BUY NY,11555.25,2,462210,501,0.11,9,505.5,0.11,-14.5,0.00,43568,17.43,0
1010,Exit long,2022-07-01 09:30,NQ09B BUY NY STOP,11479.25,2,459220,-59,-0.01,9,0,0.00,-54.5,-0.01,43509,17.40,0
1010,Entry long,2022-07-01 09:30,[CC] BUY NY,11480.5,2,459220,-59,-0.01,9,0,0.00,-54.5,-0.01,43509,17.40,0
1011,Exit long,2022-07-03 18:00,NQ09B BUY WEEKLY STOP,11605,2,464250,-59,-0.01,9,0,0.00,-54.5,-0.01,43450,17.38,0
1011,Entry long,2022-07-03 18:00,[CC] BUY WEEKLY,11606.25,2,464250,-59,-0.01,9,0,0.00,-54.5,-0.01,43450,17.38,0
1012,Exit long,2022-07-04 09:30,NQ09B BUY NY STOP,11566.75,2,462720,-59,-0.01,9,105.5,0.02,-54.5,-0.01,43391,17.36,0
1012,Entry long,2022-07-04 09:30,[CC] BUY NY,11568,2,462720,-59,-0.01,9,105.5,0.02,-54.5,-0.01,43391,17.36,0
1013,Exit long,2022-07-05 09:30,NQ09B BUY NY STOP,11452.75,2,458160,-59,-0.01,9,465.5,0.10,-54.5,-0.01,43332,17.33,0
1013,Entry long,2022-07-05 09:30,[CC] BUY NY,11454,2,458160,-59,-0.01,9,465.5,0.10,-54.5,-0.01,43332,17.33,0
1014,Exit long,2022-07-06 09:30,NQ09B BUY NY STOP,11824.75,2,473040,-59,-0.01,9,0,0.00,-54.5,-0.01,43273,17.31,0
1014,Entry long,2022-07-06 09:30,[CC] BUY NY,11826,2,473040,-59,-0.01,9,0,0.00,-54.5,-0.01,43273,17.31,0
1015,Exit long,2022-07-07 09:30,NQ09B BUY NY STOP,11918,2,476770,-59,-0.01,9,0,0.00,-54.5,-0.01,43214,17.29,0
1015,Entry long,2022-07-07 09:30,[CC] BUY NY,11919.25,2,476770,-59,-0.01,9,0,0.00,-54.5,-0.01,43214,17.29,0
1016,Exit long,2022-07-08 09:30,NQ09B BUY NY STOP,12016,2,480690,-59,-0.01,9,0,0.00,-54.5,-0.01,43155,17.26,0
1016,Entry long,2022-07-08 09:30,[CC] BUY NY,12017.25,2,480690,-59,-0.01,9,0,0.00,-54.5,-0.01,43155,17.26,0
1017,Exit long,2022-07-10 18:00,NQ09B BUY WEEKLY STOP,12148.75,2,486000,-59,-0.01,9,0,0.00,-54.5,-0.01,43096,17.24,0
1017,Entry long,2022-07-10 18:00,[CC] BUY WEEKLY,12150,2,486000,-59,-0.01,9,0,0.00,-54.5,-0.01,43096,17.24,0
1018,Exit long,2022-07-11 09:30,NQ09B BUY NY STOP,12049.25,2,482020,-59,-0.01,9,445.5,0.09,-54.5,-0.01,43037,17.21,0
1018,Entry long,2022-07-11 09:30,[CC] BUY NY,12050.5,2,482020,-59,-0.01,9,445.5,0.09,-54.5,-0.01,43037,17.21,0
1019,Exit long,2022-07-12 09:30,NQ09B BUY NY STOP,11942.5,2,477750,-59,-0.01,9,0,0.00,-54.5,-0.01,42978,17.19,0
1019,Entry long,2022-07-12 09:30,[CC] BUY NY,11943.75,2,477750,-59,-0.01,9,0,0.00,-54.5,-0.01,42978,17.19,0
1020,Exit long,2022-07-13 09:30,NQ09B BUY NY STOP,11542.25,2,461740,-59,-0.01,9,0,0.00,-54.5,-0.01,42919,17.17,0
1020,Entry long,2022-07-13 09:30,[CC] BUY NY,11543.5,2,461740,-59,-0.01,9,0,0.00,-54.5,-0.01,42919,17.17,0
1021,Exit long,2022-07-14 09:30,NQ09B BUY NY N130 TP2,11655.25,2,465700,501,0.11,9,505.5,0.11,-14.5,0.00,43420,17.37,0
1021,Entry long,2022-07-14 09:30,[CC] BUY NY,11642.5,2,465700,501,0.11,9,505.5,0.11,-14.5,0.00,43420,17.37,0
1022,Exit long,2022-07-15 09:30,NQ09B BUY NY STOP,11922.75,2,476960,-59,-0.01,9,0,0.00,-54.5,-0.01,43361,17.34,0
1022,Entry long,2022-07-15 09:30,[CC] BUY NY,11924,2,476960,-59,-0.01,9,0,0.00,-54.5,-0.01,43361,17.34,0
1023,Exit long,2022-07-17 18:00,NQ09B BUY WEEKLY W80,12051.75,2,481750,311,0.06,9,315.5,0.07,-14.5,0.00,43672,17.47,0
1023,Entry long,2022-07-17 18:00,[CC] BUY WEEKLY,12043.75,2,481750,311,0.06,9,315.5,0.07,-14.5,0.00,43672,17.47,0
1024,Exit long,2022-07-18 09:30,NQ09B BUY NY N130 TP2,12137.25,2,484980,501,0.10,9,505.5,0.10,-14.5,0.00,44173,17.67,0
1024,Entry long,2022-07-18 09:30,[CC] BUY NY,12124.5,2,484980,501,0.10,9,505.5,0.10,-14.5,0.00,44173,17.67,0
1025,Exit long,2022-07-19 09:30,NQ09B BUY NY STOP,12059.75,2,482440,-59,-0.01,9,0,0.00,-54.5,-0.01,44114,17.65,0
1025,Entry long,2022-07-19 09:30,[CC] BUY NY,12061,2,482440,-59,-0.01,9,0,0.00,-54.5,-0.01,44114,17.65,0
1026,Exit long,2022-07-20 09:30,NQ09B BUY NY N130 TP2,12302,2,491570,501,0.10,9,505.5,0.10,-14.5,0.00,44615,17.85,0
1026,Entry long,2022-07-20 09:30,[CC] BUY NY,12289.25,2,491570,501,0.10,9,505.5,0.10,-14.5,0.00,44615,17.85,0
1027,Exit long,2022-07-21 09:30,NQ09B BUY NY N130 TP2,12496.5,2,499350,501,0.10,9,505.5,0.10,-14.5,0.00,45116,18.05,0
1027,Entry long,2022-07-21 09:30,[CC] BUY NY,12483.75,2,499350,501,0.10,9,505.5,0.10,-14.5,0.00,45116,18.05,0
1028,Exit long,2022-07-22 09:30,NQ09B BUY NY STOP,12605.75,2,504280,-59,-0.01,9,265.5,0.05,-54.5,-0.01,45057,18.02,0
1028,Entry long,2022-07-22 09:30,[CC] BUY NY,12607,2,504280,-59,-0.01,9,265.5,0.05,-54.5,-0.01,45057,18.02,0
1029,Exit long,2022-07-24 18:00,NQ09B BUY WEEKLY W80,12452.75,2,497790,311,0.06,9,315.5,0.06,-14.5,0.00,45368,18.15,0
1029,Entry long,2022-07-24 18:00,[CC] BUY WEEKLY,12444.75,2,497790,311,0.06,9,315.5,0.06,-14.5,0.00,45368,18.15,0
1030,Exit long,2022-07-25 09:30,NQ09B BUY NY STOP,12423.25,2,496980,-59,-0.01,9,0,0.00,-54.5,-0.01,45309,18.12,0
1030,Entry long,2022-07-25 09:30,[CC] BUY NY,12424.5,2,496980,-59,-0.01,9,0,0.00,-54.5,-0.01,45309,18.12,0
1031,Exit long,2022-07-26 09:30,NQ09B BUY NY STOP,12277.5,2,491150,-59,-0.01,9,495.5,0.10,-54.5,-0.01,45250,18.10,0
1031,Entry long,2022-07-26 09:30,[CC] BUY NY,12278.75,2,491150,-59,-0.01,9,495.5,0.10,-54.5,-0.01,45250,18.10,0
1032,Exit long,2022-07-26 18:00,NQ09B BUY WEEKDAY 1800 D80,12200.25,2,487690,311,0.06,9,315.5,0.06,-24.5,-0.01,45561,18.22,0
1032,Entry long,2022-07-26 18:00,[CC] BUY PREMIUM,12192.25,2,487690,311,0.06,9,315.5,0.06,-24.5,-0.01,45561,18.22,0
1033,Exit long,2022-07-27 09:30,NQ09B BUY NY N130 TP2,12315.5,2,492110,501,0.10,9,505.5,0.10,-14.5,0.00,46062,18.42,0
1033,Entry long,2022-07-27 09:30,[CC] BUY NY,12302.75,2,492110,501,0.10,9,505.5,0.10,-14.5,0.00,46062,18.42,0
1034,Exit long,2022-07-28 09:30,NQ09B BUY NY STOP,12605.5,2,504270,-59,-0.01,9,0,0.00,-54.5,-0.01,46003,18.40,0
1034,Entry long,2022-07-28 09:30,[CC] BUY NY,12606.75,2,504270,-59,-0.01,9,0,0.00,-54.5,-0.01,46003,18.40,0
1035,Exit long,2022-07-28 18:00,NQ09B BUY WEEKDAY 1800 STOP,12919.25,2,516820,-59,-0.01,9,0,0.00,-54.5,-0.01,45944,18.38,0
1035,Entry long,2022-07-28 18:00,[CC] BUY PREMIUM,12920.5,2,516820,-59,-0.01,9,0,0.00,-54.5,-0.01,45944,18.38,0
1036,Exit long,2022-07-29 09:30,NQ09B BUY NY N130 TP2,12816.5,2,512150,501,0.10,9,505.5,0.10,-14.5,0.00,46445,18.58,0
1036,Entry long,2022-07-29 09:30,[CC] BUY NY,12803.75,2,512150,501,0.10,9,505.5,0.10,-14.5,0.00,46445,18.58,0
1037,Exit long,2022-07-31 18:00,NQ09B BUY WEEKLY W80,12989.25,2,519250,311,0.06,9,315.5,0.06,-14.5,0.00,46756,18.70,0
1037,Entry long,2022-07-31 18:00,[CC] BUY WEEKLY,12981.25,2,519250,311,0.06,9,315.5,0.06,-14.5,0.00,46756,18.70,0
1038,Exit long,2022-08-01 09:30,NQ09B BUY NY N130 TP2,12910,2,515890,501,0.10,9,505.5,0.10,-14.5,0.00,47257,18.90,0
1038,Entry long,2022-08-01 09:30,[CC] BUY NY,12897.25,2,515890,501,0.10,9,505.5,0.10,-14.5,0.00,47257,18.90,0
1039,Exit long,2022-08-02 09:30,NQ09B BUY NY STOP,12863.75,2,514600,-59,-0.01,9,0,0.00,-54.5,-0.01,47198,18.88,0
1039,Entry long,2022-08-02 09:30,[CC] BUY NY,12865,2,514600,-59,-0.01,9,0,0.00,-54.5,-0.01,47198,18.88,0
1040,Exit long,2022-08-03 09:30,NQ09B BUY NY STOP,12992.25,2,519740,-59,-0.01,9,0,0.00,-54.5,-0.01,47139,18.86,0
1040,Entry long,2022-08-03 09:30,[CC] BUY NY,12993.5,2,519740,-59,-0.01,9,0,0.00,-54.5,-0.01,47139,18.86,0
1041,Exit long,2022-08-04 09:30,NQ09B BUY NY N130 TP2,13287.5,2,530990,501,0.09,9,505.5,0.10,-14.5,0.00,47640,19.06,0
1041,Entry long,2022-08-04 09:30,[CC] BUY NY,13274.75,2,530990,501,0.09,9,505.5,0.10,-14.5,0.00,47640,19.06,0
1042,Exit long,2022-08-05 09:30,NQ09B BUY NY STOP,13117.25,2,524740,-59,-0.01,9,0,0.00,-54.5,-0.01,47581,19.03,0
1042,Entry long,2022-08-05 09:30,[CC] BUY NY,13118.5,2,524740,-59,-0.01,9,0,0.00,-54.5,-0.01,47581,19.03,0
1043,Exit long,2022-08-07 18:00,NQ09B BUY WEEKLY STOP,13226.75,2,529120,-59,-0.01,9,0,0.00,-54.5,-0.01,47522,19.01,0
1043,Entry long,2022-08-07 18:00,[CC] BUY WEEKLY,13228,2,529120,-59,-0.01,9,0,0.00,-54.5,-0.01,47522,19.01,0
1044,Exit long,2022-08-08 09:30,NQ09B BUY NY STOP,13263.25,2,530580,-59,-0.01,9,0,0.00,-54.5,-0.01,47463,18.99,0
1044,Entry long,2022-08-08 09:30,[CC] BUY NY,13264.5,2,530580,-59,-0.01,9,0,0.00,-54.5,-0.01,47463,18.99,0
1045,Exit long,2022-08-08 18:00,NQ09B BUY WEEKDAY 1800 STOP,13205.25,2,528260,-59,-0.01,9,115.5,0.02,-54.5,-0.01,47404,18.96,0
1045,Entry long,2022-08-08 18:00,[CC] BUY PREMIUM,13206.5,2,528260,-59,-0.01,9,115.5,0.02,-54.5,-0.01,47404,18.96,0
1046,Exit long,2022-08-09 09:30,NQ09B BUY NY STOP,13100,2,524050,-59,-0.01,9,435.5,0.08,-54.5,-0.01,47345,18.94,0
1046,Entry long,2022-08-09 09:30,[CC] BUY NY,13101.25,2,524050,-59,-0.01,9,435.5,0.08,-54.5,-0.01,47345,18.94,0
1047,Exit long,2022-08-10 09:30,NQ09B BUY NY N130 TP2,13353.25,2,533620,501,0.09,9,505.5,0.09,-14.5,0.00,47846,19.14,0
1047,Entry long,2022-08-10 09:30,[CC] BUY NY,13340.5,2,533620,501,0.09,9,505.5,0.09,-14.5,0.00,47846,19.14,0
1048,Exit long,2022-08-11 09:30,NQ09B BUY NY N130 TP2,13502.5,2,539590,501,0.09,9,505.5,0.09,-14.5,0.00,48347,19.34,0
1048,Entry long,2022-08-11 09:30,[CC] BUY NY,13489.75,2,539590,501,0.09,9,505.5,0.09,-14.5,0.00,48347,19.34,0
1049,Exit long,2022-08-12 09:30,NQ09B BUY NY N130 TP2,13415.5,2,536110,501,0.09,9,505.5,0.09,-14.5,0.00,48848,19.54,0
1049,Entry long,2022-08-12 09:30,[CC] BUY NY,13402.75,2,536110,501,0.09,9,505.5,0.09,-14.5,0.00,48848,19.54,0
1050,Exit long,2022-08-14 18:00,NQ09B BUY WEEKLY STOP,13570.5,2,542870,-59,-0.01,9,105.5,0.02,-54.5,-0.01,48789,19.52,0
1050,Entry long,2022-08-14 18:00,[CC] BUY WEEKLY,13571.75,2,542870,-59,-0.01,9,105.5,0.02,-54.5,-0.01,48789,19.52,0
1051,Exit long,2022-08-15 09:30,NQ09B BUY NY N130 TP2,13547.75,2,541400,501,0.09,9,505.5,0.09,-34.5,-0.01,49290,19.72,0
1051,Entry long,2022-08-15 09:30,[CC] BUY NY,13535,2,541400,501,0.09,9,505.5,0.09,-34.5,-0.01,49290,19.72,0
1052,Exit long,2022-08-16 09:30,NQ09B BUY NY STOP,13640.75,2,545680,-59,-0.01,9,0,0.00,-54.5,-0.01,49231,19.69,0
1052,Entry long,2022-08-16 09:30,[CC] BUY NY,13642,2,545680,-59,-0.01,9,0,0.00,-54.5,-0.01,49231,19.69,0
1053,Exit long,2022-08-16 18:00,NQ09B BUY WEEKDAY 1800 STOP,13657,1,273165,-29.5,-0.01,4.5,67.75,0.02,-27.25,-0.01,49201.5,19.68,0
1053,Entry long,2022-08-16 18:00,[CC] BUY WEAK,13658.25,1,273165,-29.5,-0.01,4.5,67.75,0.02,-27.25,-0.01,49201.5,19.68,0
1054,Exit long,2022-08-17 09:30,NQ09B BUY NY STOP,13516.25,2,540700,-59,-0.01,9,0,0.00,-54.5,-0.01,49142.5,19.66,0
1054,Entry long,2022-08-17 09:30,[CC] BUY NY,13517.5,2,540700,-59,-0.01,9,0,0.00,-54.5,-0.01,49142.5,19.66,0
1055,Exit long,2022-08-18 09:30,NQ09B BUY NY STOP,13490.5,2,539670,-59,-0.01,9,245.5,0.05,-54.5,-0.01,49083.5,19.63,0
1055,Entry long,2022-08-18 09:30,[CC] BUY NY,13491.75,2,539670,-59,-0.01,9,245.5,0.05,-54.5,-0.01,49083.5,19.63,0
1056,Exit long,2022-08-19 09:30,NQ09B BUY NY STOP,13398,2,535970,-59,-0.01,9,0,0.00,-54.5,-0.01,49024.5,19.61,0
1056,Entry long,2022-08-19 09:30,[CC] BUY NY,13399.25,2,535970,-59,-0.01,9,0,0.00,-54.5,-0.01,49024.5,19.61,0
1057,Exit long,2022-08-21 18:00,NQ09B BUY WEEKLY STOP,13225.5,2,529070,-59,-0.01,9,0,0.00,-54.5,-0.01,48965.5,19.59,0
1057,Entry long,2022-08-21 18:00,[CC] BUY WEEKLY,13226.75,2,529070,-59,-0.01,9,0,0.00,-54.5,-0.01,48965.5,19.59,0
1058,Exit long,2022-08-22 09:30,NQ09B BUY NY STOP,13079.25,2,523220,-59,-0.01,9,465.5,0.09,-54.5,-0.01,48906.5,19.56,0
1058,Entry long,2022-08-22 09:30,[CC] BUY NY,13080.5,2,523220,-59,-0.01,9,465.5,0.09,-54.5,-0.01,48906.5,19.56,0
1059,Exit long,2022-08-23 09:30,NQ09B BUY NY STOP,12898,2,515970,-59,-0.01,9,0,0.00,-54.5,-0.01,48847.5,19.54,0
1059,Entry long,2022-08-23 09:30,[CC] BUY NY,12899.25,2,515970,-59,-0.01,9,0,0.00,-54.5,-0.01,48847.5,19.54,0
1060,Exit long,2022-08-24 09:30,NQ09B BUY NY STOP,12875.5,2,515070,-59,-0.01,9,0,0.00,-54.5,-0.01,48788.5,19.52,0
1060,Entry long,2022-08-24 09:30,[CC] BUY NY,12876.75,2,515070,-59,-0.01,9,0,0.00,-54.5,-0.01,48788.5,19.52,0
1061,Exit long,2022-08-24 18:00,NQ09B BUY WEEKDAY 1800 STOP,12943,1,258885,-29.5,-0.01,4.5,0,0.00,-27.25,-0.01,48759,19.50,0
1061,Entry long,2022-08-24 18:00,[CC] BUY WEAK,12944.25,1,258885,-29.5,-0.01,4.5,0,0.00,-27.25,-0.01,48759,19.50,0
1062,Exit long,2022-08-25 09:30,NQ09B BUY NY STOP,13006.5,2,520310,-59,-0.01,9,255.5,0.05,-54.5,-0.01,48700,19.48,0
1062,Entry long,2022-08-25 09:30,[CC] BUY NY,13007.75,2,520310,-59,-0.01,9,255.5,0.05,-54.5,-0.01,48700,19.48,0
1063,Exit long,2022-08-26 09:30,NQ09B BUY NY STOP,13145,2,525850,-59,-0.01,9,435.5,0.08,-54.5,-0.01,48641,19.46,0
1063,Entry long,2022-08-26 09:30,[CC] BUY NY,13146.25,2,525850,-59,-0.01,9,435.5,0.08,-54.5,-0.01,48641,19.46,0
1064,Exit long,2022-08-28 18:00,NQ09B BUY WEEKLY STOP,12484,2,499410,-59,-0.01,9,0,0.00,-54.5,-0.01,48582,19.43,0
1064,Entry long,2022-08-28 18:00,[CC] BUY WEEKLY,12485.25,2,499410,-59,-0.01,9,0,0.00,-54.5,-0.01,48582,19.43,0
1065,Exit long,2022-08-29 09:30,NQ09B BUY NY STOP,12502.5,2,500150,-59,-0.01,9,0,0.00,-54.5,-0.01,48523,19.41,0
1065,Entry long,2022-08-29 09:30,[CC] BUY NY,12503.75,2,500150,-59,-0.01,9,0,0.00,-54.5,-0.01,48523,19.41,0
1066,Exit long,2022-08-29 18:00,NQ09B BUY WEEKDAY 1800 STOP,12502.5,1,250075,-29.5,-0.01,4.5,0,0.00,-27.25,-0.01,48493.5,19.40,0
1066,Entry long,2022-08-29 18:00,[CC] BUY WEAK,12503.75,1,250075,-29.5,-0.01,4.5,0,0.00,-27.25,-0.01,48493.5,19.40,0
1067,Exit long,2022-08-30 09:30,NQ09B BUY NY N130 TP2,12576.5,2,502550,501,0.10,9,505.5,0.10,-14.5,0.00,48994.5,19.60,0
1067,Entry long,2022-08-30 09:30,[CC] BUY NY,12563.75,2,502550,501,0.10,9,505.5,0.10,-14.5,0.00,48994.5,19.60,0
1068,Exit long,2022-08-30 18:00,NQ09B BUY WEEKDAY 1800 STOP,12365,1,247325,-29.5,-0.01,4.5,127.75,0.05,-27.25,-0.01,48965,19.59,0
1068,Entry long,2022-08-30 18:00,[CC] BUY WEAK,12366.25,1,247325,-29.5,-0.01,4.5,127.75,0.05,-27.25,-0.01,48965,19.59,0
1069,Exit long,2022-08-31 09:30,NQ09B BUY NY STOP,12476.25,2,499100,-59,-0.01,9,0,0.00,-54.5,-0.01,48906,19.56,0
1069,Entry long,2022-08-31 09:30,[CC] BUY NY,12477.5,2,499100,-59,-0.01,9,0,0.00,-54.5,-0.01,48906,19.56,0
1070,Exit long,2022-09-01 09:30,NQ09B BUY NY N130 TP2,12185.25,2,486900,501,0.10,9,505.5,0.10,-14.5,0.00,49407,19.76,0
1070,Entry long,2022-09-01 09:30,[CC] BUY NY,12172.5,2,486900,501,0.10,9,505.5,0.10,-14.5,0.00,49407,19.76,0
1071,Exit long,2022-09-02 09:30,NQ09B BUY NY STOP,12403.75,2,496200,-59,-0.01,9,395.5,0.08,-54.5,-0.01,49348,19.74,0
1071,Entry long,2022-09-02 09:30,[CC] BUY NY,12405,2,496200,-59,-0.01,9,395.5,0.08,-54.5,-0.01,49348,19.74,0
1072,Exit long,2022-09-04 18:00,NQ09B BUY WEEKLY W80,12118.75,2,484430,311,0.06,9,315.5,0.07,-14.5,0.00,49659,19.86,0
1072,Entry long,2022-09-04 18:00,[CC] BUY WEEKLY,12110.75,2,484430,311,0.06,9,315.5,0.07,-14.5,0.00,49659,19.86,0
1073,Exit long,2022-09-05 09:30,NQ09B BUY NY STOP,12111.75,2,484520,-59,-0.01,9,75.5,0.02,-54.5,-0.01,49600,19.84,0
1073,Entry long,2022-09-05 09:30,[CC] BUY NY,12113,2,484520,-59,-0.01,9,75.5,0.02,-54.5,-0.01,49600,19.84,0
1074,Exit long,2022-09-06 09:30,NQ09B BUY NY STOP,12127.25,2,485140,-59,-0.01,9,0,0.00,-54.5,-0.01,49541,19.82,0
1074,Entry long,2022-09-06 09:30,[CC] BUY NY,12128.5,2,485140,-59,-0.01,9,0,0.00,-54.5,-0.01,49541,19.82,0
1075,Exit long,2022-09-07 09:30,NQ09B BUY NY STOP,12038.75,2,481600,-59,-0.01,9,0,0.00,-54.5,-0.01,49482,19.79,0
1075,Entry long,2022-09-07 09:30,[CC] BUY NY,12040,2,481600,-59,-0.01,9,0,0.00,-54.5,-0.01,49482,19.79,0
1076,Exit long,2022-09-08 09:30,NQ09B BUY NY STOP,12174.75,2,487040,-59,-0.01,9,5.5,0.00,-54.5,-0.01,49423,19.77,0
1076,Entry long,2022-09-08 09:30,[CC] BUY NY,12176,2,487040,-59,-0.01,9,5.5,0.00,-54.5,-0.01,49423,19.77,0
1077,Exit long,2022-09-09 09:30,NQ09B BUY NY STOP,12415.75,2,496680,-59,-0.01,9,0,0.00,-54.5,-0.01,49364,19.75,0
1077,Entry long,2022-09-09 09:30,[CC] BUY NY,12417,2,496680,-59,-0.01,9,0,0.00,-54.5,-0.01,49364,19.75,0
1078,Exit long,2022-09-11 18:00,NQ09B BUY WEEKLY W80,12634.25,2,505050,311,0.06,9,315.5,0.06,-14.5,0.00,49675,19.87,0
1078,Entry long,2022-09-11 18:00,[CC] BUY WEEKLY,12626.25,2,505050,311,0.06,9,315.5,0.06,-14.5,0.00,49675,19.87,0
1079,Exit long,2022-09-12 09:30,NQ09B BUY NY STOP,12649.25,2,506020,-59,-0.01,9,0,0.00,-54.5,-0.01,49616,19.85,0
1079,Entry long,2022-09-12 09:30,[CC] BUY NY,12650.5,2,506020,-59,-0.01,9,0,0.00,-54.5,-0.01,49616,19.85,0
1080,Exit long,2022-09-13 09:30,NQ09B BUY NY STOP,12454.25,2,498220,-59,-0.01,9,0,0.00,-54.5,-0.01,49557,19.82,0
1080,Entry long,2022-09-13 09:30,[CC] BUY NY,12455.5,2,498220,-59,-0.01,9,0,0.00,-54.5,-0.01,49557,19.82,0
1081,Exit long,2022-09-14 09:30,NQ09B BUY NY STOP,12169.25,2,486820,-59,-0.01,9,365.5,0.08,-54.5,-0.01,49498,19.80,0
1081,Entry long,2022-09-14 09:30,[CC] BUY NY,12170.5,2,486820,-59,-0.01,9,365.5,0.08,-54.5,-0.01,49498,19.80,0
1082,Exit long,2022-09-15 09:30,NQ09B BUY NY N130 TP2,12144.25,2,485260,501,0.10,9,505.5,0.10,-14.5,0.00,49999,20.00,0
1082,Entry long,2022-09-15 09:30,[CC] BUY NY,12131.5,2,485260,501,0.10,9,505.5,0.10,-14.5,0.00,49999,20.00,0
1083,Exit long,2022-09-15 18:00,NQ09B BUY WEEKDAY 1800 STOP,11950.5,1,239035,-29.5,-0.01,4.5,82.75,0.03,-27.25,-0.01,49969.5,19.99,0
1083,Entry long,2022-09-15 18:00,[CC] BUY WEAK,11951.75,1,239035,-29.5,-0.01,4.5,82.75,0.03,-27.25,-0.01,49969.5,19.99,0
1084,Exit long,2022-09-16 09:30,NQ09B BUY NY STOP,11865.5,2,474670,-59,-0.01,9,175.5,0.04,-54.5,-0.01,49910.5,19.96,0
1084,Entry long,2022-09-16 09:30,[CC] BUY NY,11866.75,2,474670,-59,-0.01,9,175.5,0.04,-54.5,-0.01,49910.5,19.96,0
1085,Exit long,2022-09-18 18:00,NQ09B BUY WEEKLY W80,11928.25,2,476810,311,0.07,9,315.5,0.07,-14.5,0.00,50221.5,20.09,0
1085,Entry long,2022-09-18 18:00,[CC] BUY WEEKLY,11920.25,2,476810,311,0.07,9,315.5,0.07,-14.5,0.00,50221.5,20.09,0
1086,Exit long,2022-09-19 09:30,NQ09B BUY NY STOP,11818.75,2,472800,-59,-0.01,9,0,0.00,-54.5,-0.01,50162.5,20.06,0
1086,Entry long,2022-09-19 09:30,[CC] BUY NY,11820,2,472800,-59,-0.01,9,0,0.00,-54.5,-0.01,50162.5,20.06,0
1087,Exit long,2022-09-19 18:00,NQ09B BUY WEEKDAY 1800 STOP,12044.75,1,240920,-29.5,-0.01,4.5,0,0.00,-27.25,-0.01,50133,20.05,0
1087,Entry long,2022-09-19 18:00,[CC] BUY WEAK,12046,1,240920,-29.5,-0.01,4.5,0,0.00,-27.25,-0.01,50133,20.05,0
1088,Exit long,2022-09-20 09:30,NQ09B BUY NY STOP,11915.5,2,476670,-59,-0.01,9,0,0.00,-54.5,-0.01,50074,20.03,0
1088,Entry long,2022-09-20 09:30,[CC] BUY NY,11916.75,2,476670,-59,-0.01,9,0,0.00,-54.5,-0.01,50074,20.03,0
1089,Exit long,2022-09-21 09:30,NQ09B BUY NY N130 TP2,11975.5,2,478510,501,0.10,9,505.5,0.11,-14.5,0.00,50575,20.23,0
1089,Entry long,2022-09-21 09:30,[CC] BUY NY,11962.75,2,478510,501,0.10,9,505.5,0.11,-14.5,0.00,50575,20.23,0
1090,Exit long,2022-09-21 18:00,NQ09B BUY WEEKDAY 1800 STOP,11660.25,1,233230,-29.5,-0.01,4.5,0,0.00,-27.25,-0.01,50545.5,20.22,0
1090,Entry long,2022-09-21 18:00,[CC] BUY WEAK,11661.5,1,233230,-29.5,-0.01,4.5,0,0.00,-27.25,-0.01,50545.5,20.22,0
1091,Exit long,2022-09-22 09:30,NQ09B BUY NY STOP,11641,2,465690,-59,-0.01,9,0,0.00,-54.5,-0.01,50486.5,20.19,0
1091,Entry long,2022-09-22 09:30,[CC] BUY NY,11642.25,2,465690,-59,-0.01,9,0,0.00,-54.5,-0.01,50486.5,20.19,0
1092,Exit long,2022-09-22 18:00,NQ09B BUY WEEKDAY 1800 STOP,11582.75,1,231680,-29.5,-0.01,4.5,0,0.00,-27.25,-0.01,50457,20.18,0
1092,Entry long,2022-09-22 18:00,[CC] BUY WEAK,11584,1,231680,-29.5,-0.01,4.5,0,0.00,-27.25,-0.01,50457,20.18,0
1093,Exit long,2022-09-23 09:30,NQ09B BUY NY STOP,11460,2,458450,-59,-0.01,9,385.5,0.08,-54.5,-0.01,50398,20.16,0
1093,Entry long,2022-09-23 09:30,[CC] BUY NY,11461.25,2,458450,-59,-0.01,9,385.5,0.08,-54.5,-0.01,50398,20.16,0
1094,Exit long,2022-09-25 18:00,NQ09B BUY WEEKLY W80,11370.75,2,454510,311,0.07,9,315.5,0.07,-14.5,0.00,50709,20.28,0
1094,Entry long,2022-09-25 18:00,[CC] BUY WEEKLY,11362.75,2,454510,311,0.07,9,315.5,0.07,-14.5,0.00,50709,20.28,0
1095,Exit long,2022-09-26 09:30,NQ09B BUY NY STOP,11351,2,454090,-59,-0.01,9,0,0.00,-54.5,-0.01,50650,20.26,0
1095,Entry long,2022-09-26 09:30,[CC] BUY NY,11352.25,2,454090,-59,-0.01,9,0,0.00,-54.5,-0.01,50650,20.26,0
1096,Exit long,2022-09-27 09:30,NQ09B BUY NY STOP,11469.5,2,458830,-59,-0.01,9,0,0.00,-54.5,-0.01,50591,20.24,0
1096,Entry long,2022-09-27 09:30,[CC] BUY NY,11470.75,2,458830,-59,-0.01,9,0,0.00,-54.5,-0.01,50591,20.24,0
1097,Exit long,2022-09-27 18:00,NQ09B BUY WEEKDAY 1800 STOP,11360,1,227225,-29.5,-0.01,4.5,0,0.00,-27.25,-0.01,50561.5,20.22,0
1097,Entry long,2022-09-27 18:00,[CC] BUY WEAK,11361.25,1,227225,-29.5,-0.01,4.5,0,0.00,-27.25,-0.01,50561.5,20.22,0
1098,Exit long,2022-09-28 09:30,NQ09B BUY NY STOP,11330,2,453250,-59,-0.01,9,345.5,0.08,-54.5,-0.01,50502.5,20.20,0
1098,Entry long,2022-09-28 09:30,[CC] BUY NY,11331.25,2,453250,-59,-0.01,9,345.5,0.08,-54.5,-0.01,50502.5,20.20,0
1099,Exit long,2022-09-29 09:30,NQ09B BUY NY N130 TP2,11400,2,455490,501,0.11,9,505.5,0.11,-14.5,0.00,51003.5,20.40,0
1099,Entry long,2022-09-29 09:30,[CC] BUY NY,11387.25,2,455490,501,0.11,9,505.5,0.11,-14.5,0.00,51003.5,20.40,0
1100,Exit long,2022-09-30 09:30,NQ09B BUY NY STOP,11185.5,2,447470,-59,-0.01,9,0,0.00,-54.5,-0.01,50944.5,20.38,0
1100,Entry long,2022-09-30 09:30,[CC] BUY NY,11186.75,2,447470,-59,-0.01,9,0,0.00,-54.5,-0.01,50944.5,20.38,0
1101,Exit long,2022-10-02 18:00,NQ09B BUY WEEKLY STOP,11029,2,441210,-59,-0.01,9,145.5,0.03,-54.5,-0.01,50885.5,20.35,0
1101,Entry long,2022-10-02 18:00,[CC] BUY WEEKLY,11030.25,2,441210,-59,-0.01,9,145.5,0.03,-54.5,-0.01,50885.5,20.35,0
1102,Exit long,2022-10-03 09:30,NQ09B BUY NY N130 TP2,11118,2,444210,501,0.11,9,505.5,0.11,-14.5,0.00,51386.5,20.55,0
1102,Entry long,2022-10-03 09:30,[CC] BUY NY,11105.25,2,444210,501,0.11,9,505.5,0.11,-14.5,0.00,51386.5,20.55,0
1103,Exit long,2022-10-04 09:30,NQ09B BUY NY STOP,11515,2,460650,-59,-0.01,9,0,0.00,-54.5,-0.01,51327.5,20.53,0
1103,Entry long,2022-10-04 09:30,[CC] BUY NY,11516.25,2,460650,-59,-0.01,9,0,0.00,-54.5,-0.01,51327.5,20.53,0
1104,Exit long,2022-10-05 09:30,NQ09B BUY NY STOP,11485,2,459450,-59,-0.01,9,0,0.00,-54.5,-0.01,51268.5,20.51,0
1104,Entry long,2022-10-05 09:30,[CC] BUY NY,11486.25,2,459450,-59,-0.01,9,0,0.00,-54.5,-0.01,51268.5,20.51,0
1105,Exit long,2022-10-06 09:30,NQ09B BUY NY STOP,11589.5,2,463630,-59,-0.01,9,0,0.00,-54.5,-0.01,51209.5,20.48,0
1105,Entry long,2022-10-06 09:30,[CC] BUY NY,11590.75,2,463630,-59,-0.01,9,0,0.00,-54.5,-0.01,51209.5,20.48,0
1106,Exit long,2022-10-07 09:30,NQ09B BUY NY STOP,11344.75,2,453840,-59,-0.01,9,75.5,0.02,-54.5,-0.01,51150.5,20.46,0
1106,Entry long,2022-10-07 09:30,[CC] BUY NY,11346,2,453840,-59,-0.01,9,75.5,0.02,-54.5,-0.01,51150.5,20.46,0
1107,Exit long,2022-10-09 18:00,NQ09B BUY WEEKLY STOP,11066.75,2,442720,-59,-0.01,9,5.5,0.00,-54.5,-0.01,51091.5,20.44,0
1107,Entry long,2022-10-09 18:00,[CC] BUY WEEKLY,11068,2,442720,-59,-0.01,9,5.5,0.00,-54.5,-0.01,51091.5,20.44,0
1108,Exit long,2022-10-10 09:30,NQ09B BUY NY N130 TP2,11121.75,2,444360,501,0.11,9,505.5,0.11,-14.5,0.00,51592.5,20.64,0
1108,Entry long,2022-10-10 09:30,[CC] BUY NY,11109,2,444360,501,0.11,9,505.5,0.11,-14.5,0.00,51592.5,20.64,0
1109,Exit long,2022-10-11 09:30,NQ09B BUY NY N130 TP2,10933,2,436810,501,0.11,9,505.5,0.12,-14.5,0.00,52093.5,20.84,0
1109,Entry long,2022-10-11 09:30,[CC] BUY NY,10920.25,2,436810,501,0.11,9,505.5,0.12,-14.5,0.00,52093.5,20.84,0
1110,Exit long,2022-10-11 18:00,NQ09B BUY WEEKDAY 1800 STOP,10874,2,435010,-59,-0.01,9,75.5,0.02,-54.5,-0.01,52034.5,20.81,0
1110,Entry long,2022-10-11 18:00,[CC] BUY PREMIUM,10875.25,2,435010,-59,-0.01,9,75.5,0.02,-54.5,-0.01,52034.5,20.81,0
1111,Exit long,2022-10-12 09:30,NQ09B BUY NY STOP,10864.5,2,434630,-59,-0.01,9,345.5,0.08,-54.5,-0.01,51975.5,20.79,0
1111,Entry long,2022-10-12 09:30,[CC] BUY NY,10865.75,2,434630,-59,-0.01,9,345.5,0.08,-54.5,-0.01,51975.5,20.79,0
1112,Exit long,2022-10-13 09:30,NQ09B BUY NY N130 TP2,10536,2,420930,501,0.12,9,505.5,0.12,-14.5,0.00,52476.5,20.99,0
1112,Entry long,2022-10-13 09:30,[CC] BUY NY,10523.25,2,420930,501,0.12,9,505.5,0.12,-14.5,0.00,52476.5,20.99,0
1113,Exit long,2022-10-14 09:30,NQ09B BUY NY N130 TP2,11194.25,2,447260,501,0.11,9,505.5,0.11,-14.5,0.00,52977.5,21.19,0
1113,Entry long,2022-10-14 09:30,[CC] BUY NY,11181.5,2,447260,501,0.11,9,505.5,0.11,-14.5,0.00,52977.5,21.19,0
1114,Exit long,2022-10-16 18:00,NQ09B BUY WEEKLY STOP,10719,2,428810,-59,-0.01,9,0,0.00,-54.5,-0.01,52918.5,21.17,0
1114,Entry long,2022-10-16 18:00,[CC] BUY WEEKLY,10720.25,2,428810,-59,-0.01,9,0,0.00,-54.5,-0.01,52918.5,21.17,0
1115,Exit long,2022-10-17 09:30,NQ09B BUY NY STOP,11000.25,2,440060,-59,-0.01,9,0,0.00,-54.5,-0.01,52859.5,21.14,0
1115,Entry long,2022-10-17 09:30,[CC] BUY NY,11001.5,2,440060,-59,-0.01,9,0,0.00,-54.5,-0.01,52859.5,21.14,0
1116,Exit long,2022-10-18 09:30,NQ09B BUY NY STOP,11402.5,2,456150,-59,-0.01,9,0,0.00,-54.5,-0.01,52800.5,21.12,0
1116,Entry long,2022-10-18 09:30,[CC] BUY NY,11403.75,2,456150,-59,-0.01,9,0,0.00,-54.5,-0.01,52800.5,21.12,0
1117,Exit long,2022-10-18 18:00,NQ09B BUY WEEKDAY 1800 STOP,11319.25,2,452820,-59,-0.01,9,0,0.00,-54.5,-0.01,52741.5,21.10,0
1117,Entry long,2022-10-18 18:00,[CC] BUY PREMIUM,11320.5,2,452820,-59,-0.01,9,0,0.00,-54.5,-0.01,52741.5,21.10,0
1118,Exit long,2022-10-19 09:30,NQ09B BUY NY STOP,11128.75,2,445200,-59,-0.01,9,0,0.00,-54.5,-0.01,52682.5,21.07,0
1118,Entry long,2022-10-19 09:30,[CC] BUY NY,11130,2,445200,-59,-0.01,9,0,0.00,-54.5,-0.01,52682.5,21.07,0
1119,Exit long,2022-10-19 18:00,NQ09B BUY WEEKDAY 1800 STOP,11133,1,222685,-29.5,-0.01,4.5,137.75,0.06,-27.25,-0.01,52653,21.06,0
1119,Entry long,2022-10-19 18:00,[CC] BUY WEAK,11134.25,1,222685,-29.5,-0.01,4.5,137.75,0.06,-27.25,-0.01,52653,21.06,0
1120,Exit long,2022-10-20 09:30,NQ09B BUY NY STOP,11110,2,444450,-59,-0.01,9,0,0.00,-54.5,-0.01,52594,21.04,0
1120,Entry long,2022-10-20 09:30,[CC] BUY NY,11111.25,2,444450,-59,-0.01,9,0,0.00,-54.5,-0.01,52594,21.04,0
1121,Exit long,2022-10-20 18:00,NQ09B BUY WEEKDAY 1800 STOP,11060.25,1,221230,-29.5,-0.01,4.5,37.75,0.02,-27.25,-0.01,52564.5,21.03,0
1121,Entry long,2022-10-20 18:00,[CC] BUY WEAK,11061.5,1,221230,-29.5,-0.01,4.5,37.75,0.02,-27.25,-0.01,52564.5,21.03,0
1122,Exit long,2022-10-21 09:30,NQ09B BUY NY N130 TP2,11056.75,2,441760,501,0.11,9,505.5,0.11,-14.5,0.00,53065.5,21.23,0
1122,Entry long,2022-10-21 09:30,[CC] BUY NY,11044,2,441760,501,0.11,9,505.5,0.11,-14.5,0.00,53065.5,21.23,0
1123,Exit long,2022-10-23 18:00,NQ09B BUY WEEKLY STOP,11392.75,2,455760,-59,-0.01,9,0,0.00,-54.5,-0.01,53006.5,21.20,0
1123,Entry long,2022-10-23 18:00,[CC] BUY WEEKLY,11394,2,455760,-59,-0.01,9,0,0.00,-54.5,-0.01,53006.5,21.20,0
1124,Exit long,2022-10-24 09:30,NQ09B BUY NY STOP,11358.5,2,454390,-59,-0.01,9,495.5,0.11,-54.5,-0.01,52947.5,21.18,0
1124,Entry long,2022-10-24 09:30,[CC] BUY NY,11359.75,2,454390,-59,-0.01,9,495.5,0.11,-54.5,-0.01,52947.5,21.18,0
1125,Exit long,2022-10-25 09:30,NQ09B BUY NY STOP,11514.75,2,460640,-59,-0.01,9,0,0.00,-54.5,-0.01,52888.5,21.16,0
1125,Entry long,2022-10-25 09:30,[CC] BUY NY,11516,2,460640,-59,-0.01,9,0,0.00,-54.5,-0.01,52888.5,21.16,0
1126,Exit long,2022-10-25 18:00,NQ09B BUY WEEKDAY 1800 D80,11518.25,2,460410,311,0.07,9,315.5,0.07,-14.5,0.00,53199.5,21.28,0
1126,Entry long,2022-10-25 18:00,[CC] BUY PREMIUM,11510.25,2,460410,311,0.07,9,315.5,0.07,-14.5,0.00,53199.5,21.28,0
1127,Exit long,2022-10-26 09:30,NQ09B BUY NY N130 TP2,11487.5,2,458990,501,0.11,9,505.5,0.11,-14.5,0.00,53700.5,21.48,0
1127,Entry long,2022-10-26 09:30,[CC] BUY NY,11474.75,2,458990,501,0.11,9,505.5,0.11,-14.5,0.00,53700.5,21.48,0
1128,Exit long,2022-10-26 18:00,NQ09B BUY WEEKDAY 1800 STOP,11416.75,1,228360,-29.5,-0.01,4.5,0,0.00,-27.25,-0.01,53671,21.47,0
1128,Entry long,2022-10-26 18:00,[CC] BUY WEAK,11418,1,228360,-29.5,-0.01,4.5,0,0.00,-27.25,-0.01,53671,21.47,0
1129,Exit long,2022-10-27 09:30,NQ09B BUY NY N130 TP2,11414,2,456050,501,0.11,9,505.5,0.11,-34.5,-0.01,54172,21.67,0
1129,Entry long,2022-10-27 09:30,[CC] BUY NY,11401.25,2,456050,501,0.11,9,505.5,0.11,-34.5,-0.01,54172,21.67,0
1130,Exit long,2022-10-27 18:00,NQ09B BUY WEEKDAY 1800 D80,11131,2,444920,311,0.07,9,315.5,0.07,-14.5,0.00,54483,21.79,0
1130,Entry long,2022-10-27 18:00,[CC] BUY PREMIUM,11123,2,444920,311,0.07,9,315.5,0.07,-14.5,0.00,54483,21.79,0
1131,Exit long,2022-10-28 09:30,NQ09B BUY NY STOP,11212.75,2,448560,-59,-0.01,9,0,0.00,-54.5,-0.01,54424,21.77,0
1131,Entry long,2022-10-28 09:30,[CC] BUY NY,11214,2,448560,-59,-0.01,9,0,0.00,-54.5,-0.01,54424,21.77,0
1132,Exit long,2022-10-30 18:00,NQ09B BUY WEEKLY STOP,11591.5,2,463710,-59,-0.01,9,85.5,0.02,-54.5,-0.01,54365,21.75,0
1132,Entry long,2022-10-30 18:00,[CC] BUY WEEKLY,11592.75,2,463710,-59,-0.01,9,85.5,0.02,-54.5,-0.01,54365,21.75,0
1133,Exit long,2022-10-31 09:30,NQ09B BUY NY N130 TP2,11501.25,2,459540,501,0.11,9,505.5,0.11,-14.5,0.00,54866,21.95,0
1133,Entry long,2022-10-31 09:30,[CC] BUY NY,11488.5,2,459540,501,0.11,9,505.5,0.11,-14.5,0.00,54866,21.95,0
1134,Exit long,2022-11-01 09:30,NQ09B BUY NY STOP,11594.25,2,463820,-59,-0.01,9,0,0.00,-54.5,-0.01,54807,21.92,0
1134,Entry long,2022-11-01 09:30,[CC] BUY NY,11595.5,2,463820,-59,-0.01,9,0,0.00,-54.5,-0.01,54807,21.92,0
1135,Exit long,2022-11-02 09:30,NQ09B BUY NY STOP,11329,2,453210,-59,-0.01,9,425.5,0.09,-54.5,-0.01,54748,21.90,0
1135,Entry long,2022-11-02 09:30,[CC] BUY NY,11330.25,2,453210,-59,-0.01,9,425.5,0.09,-54.5,-0.01,54748,21.90,0
1136,Exit long,2022-11-03 09:30,NQ09B BUY NY N130 TP2,10842.25,2,433180,501,0.12,9,505.5,0.12,-14.5,0.00,55249,22.10,0
1136,Entry long,2022-11-03 09:30,[CC] BUY NY,10829.5,2,433180,501,0.12,9,505.5,0.12,-14.5,0.00,55249,22.10,0
1137,Exit long,2022-11-04 09:30,NQ09B BUY NY N130 TP2,10945.25,2,437300,501,0.11,9,505.5,0.12,-14.5,0.00,55750,22.30,0
1137,Entry long,2022-11-04 09:30,[CC] BUY NY,10932.5,2,437300,501,0.11,9,505.5,0.12,-14.5,0.00,55750,22.30,0
1138,Exit long,2022-11-06 18:00,NQ09B BUY WEEKLY W80,10794.75,2,431470,311,0.07,9,315.5,0.07,-14.5,0.00,56061,22.42,0
1138,Entry long,2022-11-06 18:00,[CC] BUY WEEKLY,10786.75,2,431470,311,0.07,9,315.5,0.07,-14.5,0.00,56061,22.42,0
1139,Exit long,2022-11-07 09:30,NQ09B BUY NY N130 TP2,10951.75,2,437560,501,0.11,9,505.5,0.12,-14.5,0.00,56562,22.62,0
1139,Entry long,2022-11-07 09:30,[CC] BUY NY,10939,2,437560,501,0.11,9,505.5,0.12,-14.5,0.00,56562,22.62,0
1140,Exit long,2022-11-08 09:30,NQ09B BUY NY STOP,11075.5,2,443070,-59,-0.01,9,245.5,0.06,-54.5,-0.01,56503,22.60,0
1140,Entry long,2022-11-08 09:30,[CC] BUY NY,11076.75,2,443070,-59,-0.01,9,245.5,0.06,-54.5,-0.01,56503,22.60,0
1141,Exit long,2022-11-09 09:30,NQ09B BUY NY STOP,11017.25,2,440740,-59,-0.01,9,5.5,0.00,-54.5,-0.01,56444,22.58,0
1141,Entry long,2022-11-09 09:30,[CC] BUY NY,11018.5,2,440740,-59,-0.01,9,5.5,0.00,-54.5,-0.01,56444,22.58,0
1142,Exit long,2022-11-10 09:30,NQ09B BUY NY STOP,11355.5,2,454270,-59,-0.01,9,0,0.00,-54.5,-0.01,56385,22.55,0
1142,Entry long,2022-11-10 09:30,[CC] BUY NY,11356.75,2,454270,-59,-0.01,9,0,0.00,-54.5,-0.01,56385,22.55,0
1143,Exit long,2022-11-10 18:00,NQ09B BUY WEEKDAY 1800 STOP,11668.75,2,466800,-59,-0.01,9,85.5,0.02,-54.5,-0.01,56326,22.53,0
1143,Entry long,2022-11-10 18:00,[CC] BUY PREMIUM,11670,2,466800,-59,-0.01,9,85.5,0.02,-54.5,-0.01,56326,22.53,0
1144,Exit long,2022-11-11 09:30,NQ09B BUY NY N130 TP2,11637.25,2,464980,501,0.11,9,505.5,0.11,-14.5,0.00,56827,22.73,0
1144,Entry long,2022-11-11 09:30,[CC] BUY NY,11624.5,2,464980,501,0.11,9,505.5,0.11,-14.5,0.00,56827,22.73,0
1145,Exit long,2022-11-13 18:00,NQ09B BUY WEEKLY STOP,11790,2,471650,-59,-0.01,9,295.5,0.06,-54.5,-0.01,56768,22.71,0
1145,Entry long,2022-11-13 18:00,[CC] BUY WEEKLY,11791.25,2,471650,-59,-0.01,9,295.5,0.06,-54.5,-0.01,56768,22.71,0
1146,Exit long,2022-11-14 09:30,NQ09B BUY NY STOP,11759.25,2,470420,-59,-0.01,9,0,0.00,-54.5,-0.01,56709,22.68,0
1146,Entry long,2022-11-14 09:30,[CC] BUY NY,11760.5,2,470420,-59,-0.01,9,0,0.00,-54.5,-0.01,56709,22.68,0
1147,Exit long,2022-11-15 09:30,NQ09B BUY NY STOP,12020.25,2,480860,-59,-0.01,9,0,0.00,-54.5,-0.01,56650,22.66,0
1147,Entry long,2022-11-15 09:30,[CC] BUY NY,12021.5,2,480860,-59,-0.01,9,0,0.00,-54.5,-0.01,56650,22.66,0
1148,Exit long,2022-11-16 09:30,NQ09B BUY NY STOP,11822.75,2,472960,-59,-0.01,9,485.5,0.10,-54.5,-0.01,56591,22.64,0
1148,Entry long,2022-11-16 09:30,[CC] BUY NY,11824,2,472960,-59,-0.01,9,485.5,0.10,-54.5,-0.01,56591,22.64,0
1149,Exit long,2022-11-16 18:00,NQ09B BUY WEEKDAY 1800 STOP,11776.75,1,235560,-29.5,-0.01,4.5,117.75,0.05,-27.25,-0.01,56561.5,22.62,0
1149,Entry long,2022-11-16 18:00,[CC] BUY WEAK,11778,1,235560,-29.5,-0.01,4.5,117.75,0.05,-27.25,-0.01,56561.5,22.62,0
1150,Exit long,2022-11-17 09:30,NQ09B BUY NY STOP,11550,2,462050,-59,-0.01,9,0,0.00,-54.5,-0.01,56502.5,22.60,0
1150,Entry long,2022-11-17 09:30,[CC] BUY NY,11551.25,2,462050,-59,-0.01,9,0,0.00,-54.5,-0.01,56502.5,22.60,0
1151,Exit long,2022-11-18 09:30,NQ09B BUY NY STOP,11836.75,2,473520,-59,-0.01,9,175.5,0.04,-54.5,-0.01,56443.5,22.58,0
1151,Entry long,2022-11-18 09:30,[CC] BUY NY,11838,2,473520,-59,-0.01,9,175.5,0.04,-54.5,-0.01,56443.5,22.58,0
1152,Exit long,2022-11-20 18:00,NQ09B BUY WEEKLY STOP,11722,2,468930,-59,-0.01,9,0,0.00,-54.5,-0.01,56384.5,22.55,0
1152,Entry long,2022-11-20 18:00,[CC] BUY WEEKLY,11723.25,2,468930,-59,-0.01,9,0,0.00,-54.5,-0.01,56384.5,22.55,0
1153,Exit long,2022-11-21 09:30,NQ09B BUY NY STOP,11648.5,2,465990,-59,-0.01,9,0,0.00,-54.5,-0.01,56325.5,22.53,0
1153,Entry long,2022-11-21 09:30,[CC] BUY NY,11649.75,2,465990,-59,-0.01,9,0,0.00,-54.5,-0.01,56325.5,22.53,0
1154,Exit long,2022-11-22 09:30,NQ09B BUY NY STOP,11616.25,2,464700,-59,-0.01,9,425.5,0.09,-54.5,-0.01,56266.5,22.51,0
1154,Entry long,2022-11-22 09:30,[CC] BUY NY,11617.5,2,464700,-59,-0.01,9,425.5,0.09,-54.5,-0.01,56266.5,22.51,0
1155,Exit long,2022-11-23 09:30,NQ09B BUY NY STOP,11748.5,2,469990,-59,-0.01,9,0,0.00,-54.5,-0.01,56207.5,22.48,0
1155,Entry long,2022-11-23 09:30,[CC] BUY NY,11749.75,2,469990,-59,-0.01,9,0,0.00,-54.5,-0.01,56207.5,22.48,0
1156,Exit long,2022-11-24 09:30,NQ09B BUY NY STOP,11913,2,476570,-59,-0.01,9,0,0.00,-54.5,-0.01,56148.5,22.46,0
1156,Entry long,2022-11-24 09:30,[CC] BUY NY,11914.25,2,476570,-59,-0.01,9,0,0.00,-54.5,-0.01,56148.5,22.46,0
1157,Exit long,2022-11-25 09:30,NQ09B BUY NY STOP,11797.25,2,471940,-59,-0.01,9,285.5,0.06,-54.5,-0.01,56089.5,22.44,0
1157,Entry long,2022-11-25 09:30,[CC] BUY NY,11798.5,2,471940,-59,-0.01,9,285.5,0.06,-54.5,-0.01,56089.5,22.44,0
1158,Exit long,2022-11-27 18:00,NQ09B BUY WEEKLY STOP,11730.25,2,469260,-59,-0.01,9,0,0.00,-54.5,-0.01,56030.5,22.41,0
1158,Entry long,2022-11-27 18:00,[CC] BUY WEEKLY,11731.5,2,469260,-59,-0.01,9,0,0.00,-54.5,-0.01,56030.5,22.41,0
1159,Exit long,2022-11-28 09:30,NQ09B BUY NY STOP,11702.5,2,468150,-59,-0.01,9,0,0.00,-54.5,-0.01,55971.5,22.39,0
1159,Entry long,2022-11-28 09:30,[CC] BUY NY,11703.75,2,468150,-59,-0.01,9,0,0.00,-54.5,-0.01,55971.5,22.39,0
1160,Exit long,2022-11-29 09:30,NQ09B BUY NY STOP,11621,2,464890,-59,-0.01,9,225.5,0.05,-54.5,-0.01,55912.5,22.37,0
1160,Entry long,2022-11-29 09:30,[CC] BUY NY,11622.25,2,464890,-59,-0.01,9,225.5,0.05,-54.5,-0.01,55912.5,22.37,0
1161,Exit long,2022-11-30 09:30,NQ09B BUY NY STOP,11533,2,461370,-59,-0.01,9,0,0.00,-54.5,-0.01,55853.5,22.34,0
1161,Entry long,2022-11-30 09:30,[CC] BUY NY,11534.25,2,461370,-59,-0.01,9,0,0.00,-54.5,-0.01,55853.5,22.34,0
1162,Exit long,2022-11-30 18:00,NQ09B BUY WEEKDAY 1800 STOP,12078.25,2,483180,-59,-0.01,9,255.5,0.05,-54.5,-0.01,55794.5,22.32,0
1162,Entry long,2022-11-30 18:00,[CC] BUY PREMIUM,12079.5,2,483180,-59,-0.01,9,255.5,0.05,-54.5,-0.01,55794.5,22.32,0
1163,Exit long,2022-12-01 09:30,NQ09B BUY NY N130 TP2,12070,2,482290,501,0.10,9,505.5,0.10,-14.5,0.00,56295.5,22.52,0
1163,Entry long,2022-12-01 09:30,[CC] BUY NY,12057.25,2,482290,501,0.10,9,505.5,0.10,-14.5,0.00,56295.5,22.52,0
1164,Exit long,2022-12-02 09:30,NQ09B BUY NY STOP,11844.5,2,473830,-59,-0.01,9,0,0.00,-54.5,-0.01,56236.5,22.49,0
1164,Entry long,2022-12-02 09:30,[CC] BUY NY,11845.75,2,473830,-59,-0.01,9,0,0.00,-54.5,-0.01,56236.5,22.49,0
1165,Exit long,2022-12-04 18:00,NQ09B BUY WEEKLY STOP,11999.5,2,480030,-59,-0.01,9,0,0.00,-54.5,-0.01,56177.5,22.47,0
1165,Entry long,2022-12-04 18:00,[CC] BUY WEEKLY,12000.75,2,480030,-59,-0.01,9,0,0.00,-54.5,-0.01,56177.5,22.47,0
1166,Exit long,2022-12-05 09:30,NQ09B BUY NY STOP,11919,2,476810,-59,-0.01,9,0,0.00,-54.5,-0.01,56118.5,22.45,0
1166,Entry long,2022-12-05 09:30,[CC] BUY NY,11920.25,2,476810,-59,-0.01,9,0,0.00,-54.5,-0.01,56118.5,22.45,0
1167,Exit long,2022-12-06 09:30,NQ09B BUY NY STOP,11798,2,471970,-59,-0.01,9,255.5,0.05,-54.5,-0.01,56059.5,22.42,0
1167,Entry long,2022-12-06 09:30,[CC] BUY NY,11799.25,2,471970,-59,-0.01,9,255.5,0.05,-54.5,-0.01,56059.5,22.42,0
1168,Exit long,2022-12-07 09:30,NQ09B BUY NY STOP,11508.5,2,460390,-59,-0.01,9,0,0.00,-54.5,-0.01,56000.5,22.40,0
1168,Entry long,2022-12-07 09:30,[CC] BUY NY,11509.75,2,460390,-59,-0.01,9,0,0.00,-54.5,-0.01,56000.5,22.40,0
1169,Exit long,2022-12-08 09:30,NQ09B BUY NY STOP,11564.5,2,462630,-59,-0.01,9,265.5,0.06,-54.5,-0.01,55941.5,22.38,0
1169,Entry long,2022-12-08 09:30,[CC] BUY NY,11565.75,2,462630,-59,-0.01,9,265.5,0.06,-54.5,-0.01,55941.5,22.38,0
1170,Exit long,2022-12-08 18:00,NQ09B BUY WEEKDAY 1800 STOP,11640.5,1,232835,-29.5,-0.01,4.5,0,0.00,-27.25,-0.01,55912,22.36,0
1170,Entry long,2022-12-08 18:00,[CC] BUY WEAK,11641.75,1,232835,-29.5,-0.01,4.5,0,0.00,-27.25,-0.01,55912,22.36,0
1171,Exit long,2022-12-09 09:30,NQ09B BUY NY N130 TP2,11614.75,2,464080,501,0.11,9,505.5,0.11,-14.5,0.00,56413,22.57,0
1171,Entry long,2022-12-09 09:30,[CC] BUY NY,11602,2,464080,501,0.11,9,505.5,0.11,-14.5,0.00,56413,22.57,0
1172,Exit long,2022-12-11 18:00,NQ09B BUY WEEKLY STOP,11552,2,462130,-59,-0.01,9,0,0.00,-54.5,-0.01,56354,22.54,0
1172,Entry long,2022-12-11 18:00,[CC] BUY WEEKLY,11553.25,2,462130,-59,-0.01,9,0,0.00,-54.5,-0.01,56354,22.54,0
1173,Exit long,2022-12-12 09:30,NQ09B BUY NY STOP,11576.25,2,463100,-59,-0.01,9,0,0.00,-54.5,-0.01,56295,22.52,0
1173,Entry long,2022-12-12 09:30,[CC] BUY NY,11577.5,2,463100,-59,-0.01,9,0,0.00,-54.5,-0.01,56295,22.52,0
1174,Exit long,2022-12-13 09:30,NQ09B BUY NY STOP,12287.75,2,491560,-59,-0.01,9,285.5,0.06,-54.5,-0.01,56236,22.49,0
1174,Entry long,2022-12-13 09:30,[CC] BUY NY,12289,2,491560,-59,-0.01,9,285.5,0.06,-54.5,-0.01,56236,22.49,0
1175,Exit long,2022-12-14 09:30,NQ09B BUY NY STOP,11930,2,477250,-59,-0.01,9,0,0.00,-54.5,-0.01,56177,22.47,0
1175,Entry long,2022-12-14 09:30,[CC] BUY NY,11931.25,2,477250,-59,-0.01,9,0,0.00,-54.5,-0.01,56177,22.47,0
1176,Exit long,2022-12-15 09:30,NQ09B BUY NY N130 TP2,11699.25,2,467460,501,0.11,9,505.5,0.11,-14.5,0.00,56678,22.67,0
1176,Entry long,2022-12-15 09:30,[CC] BUY NY,11686.5,2,467460,501,0.11,9,505.5,0.11,-14.5,0.00,56678,22.67,0
1177,Exit long,2022-12-15 18:00,NQ09B BUY WEEKDAY 1800 D80,11454.75,1,228935,155.5,0.07,4.5,157.75,0.07,-17.25,-0.01,56833.5,22.73,0
1177,Entry long,2022-12-15 18:00,[CC] BUY WEAK,11446.75,1,228935,155.5,0.07,4.5,157.75,0.07,-17.25,-0.01,56833.5,22.73,0
1178,Exit long,2022-12-16 09:30,NQ09B BUY NY STOP,11428,2,457170,-59,-0.01,9,0,0.00,-54.5,-0.01,56774.5,22.71,0
1178,Entry long,2022-12-16 09:30,[CC] BUY NY,11429.25,2,457170,-59,-0.01,9,0,0.00,-54.5,-0.01,56774.5,22.71,0
1179,Exit long,2022-12-18 18:00,NQ09B BUY WEEKLY STOP,11327.75,2,453160,-59,-0.01,9,0,0.00,-54.5,-0.01,56715.5,22.69,0
1179,Entry long,2022-12-18 18:00,[CC] BUY WEEKLY,11329,2,453160,-59,-0.01,9,0,0.00,-54.5,-0.01,56715.5,22.69,0
1180,Exit long,2022-12-19 09:30,NQ09B BUY NY STOP,11353,2,454170,-59,-0.01,9,185.5,0.04,-54.5,-0.01,56656.5,22.66,0
1180,Entry long,2022-12-19 09:30,[CC] BUY NY,11354.25,2,454170,-59,-0.01,9,185.5,0.04,-54.5,-0.01,56656.5,22.66,0
1181,Exit long,2022-12-20 09:30,NQ09B BUY NY N130 TP2,11146.5,2,445350,501,0.11,9,505.5,0.11,-14.5,0.00,57157.5,22.86,0
1181,Entry long,2022-12-20 09:30,[CC] BUY NY,11133.75,2,445350,501,0.11,9,505.5,0.11,-14.5,0.00,57157.5,22.86,0
1182,Exit long,2022-12-21 09:30,NQ09B BUY NY STOP,11216.5,2,448710,-59,-0.01,9,485.5,0.11,-54.5,-0.01,57098.5,22.84,0
1182,Entry long,2022-12-21 09:30,[CC] BUY NY,11217.75,2,448710,-59,-0.01,9,485.5,0.11,-54.5,-0.01,57098.5,22.84,0
1183,Exit long,2022-12-22 09:30,NQ09B BUY NY STOP,11202,2,448130,-59,-0.01,9,195.5,0.04,-54.5,-0.01,57039.5,22.82,0
1183,Entry long,2022-12-22 09:30,[CC] BUY NY,11203.25,2,448130,-59,-0.01,9,195.5,0.04,-54.5,-0.01,57039.5,22.82,0
1184,Exit long,2022-12-23 09:30,NQ09B BUY NY STOP,10996,2,439890,-59,-0.01,9,0,0.00,-54.5,-0.01,56980.5,22.79,0
1184,Entry long,2022-12-23 09:30,[CC] BUY NY,10997.25,2,439890,-59,-0.01,9,0,0.00,-54.5,-0.01,56980.5,22.79,0
1185,Exit long,2022-12-27 09:30,NQ09B BUY NY STOP,11050.5,2,442070,-59,-0.01,9,165.5,0.04,-54.5,-0.01,56921.5,22.77,0
1185,Entry long,2022-12-27 09:30,[CC] BUY NY,11051.75,2,442070,-59,-0.01,9,165.5,0.04,-54.5,-0.01,56921.5,22.77,0
1186,Exit long,2022-12-28 09:30,NQ09B BUY NY STOP,10899.25,2,436020,-59,-0.01,9,0,0.00,-54.5,-0.01,56862.5,22.75,0
1186,Entry long,2022-12-28 09:30,[CC] BUY NY,10900.5,2,436020,-59,-0.01,9,0,0.00,-54.5,-0.01,56862.5,22.75,0
1187,Exit long,2022-12-29 09:30,NQ09B BUY NY N130 TP2,10898.5,2,435430,501,0.12,9,505.5,0.12,-14.5,0.00,57363.5,22.95,0
1187,Entry long,2022-12-29 09:30,[CC] BUY NY,10885.75,2,435430,501,0.12,9,505.5,0.12,-14.5,0.00,57363.5,22.95,0
1188,Exit long,2022-12-30 09:30,NQ09B BUY NY STOP,10910.5,2,436470,-59,-0.01,9,0,0.00,-54.5,-0.01,57304.5,22.92,0
1188,Entry long,2022-12-30 09:30,[CC] BUY NY,10911.75,2,436470,-59,-0.01,9,0,0.00,-54.5,-0.01,57304.5,22.92,0
1189,Exit long,2023-01-03 09:30,NQ09B BUY NY N130 TP2,11132,2,444770,501,0.11,9,505.5,0.11,-14.5,0.00,57805.5,23.12,0
1189,Entry long,2023-01-03 09:30,[CC] BUY NY,11119.25,2,444770,501,0.11,9,505.5,0.11,-14.5,0.00,57805.5,23.12,0
1190,Exit long,2023-01-04 09:30,NQ09B BUY NY STOP,11032.5,2,441350,-59,-0.01,9,295.5,0.07,-54.5,-0.01,57746.5,23.10,0
1190,Entry long,2023-01-04 09:30,[CC] BUY NY,11033.75,2,441350,-59,-0.01,9,295.5,0.07,-54.5,-0.01,57746.5,23.10,0
1191,Exit long,2023-01-05 09:30,NQ09B BUY NY STOP,10921.5,2,436910,-59,-0.01,9,75.5,0.02,-54.5,-0.01,57687.5,23.08,0
1191,Entry long,2023-01-05 09:30,[CC] BUY NY,10922.75,2,436910,-59,-0.01,9,75.5,0.02,-54.5,-0.01,57687.5,23.08,0
1192,Exit long,2023-01-06 09:30,NQ09B BUY NY STOP,10890,2,435650,-59,-0.01,9,0,0.00,-54.5,-0.01,57628.5,23.05,0
1192,Entry long,2023-01-06 09:30,[CC] BUY NY,10891.25,2,435650,-59,-0.01,9,0,0.00,-54.5,-0.01,57628.5,23.05,0
1193,Exit long,2023-01-08 18:00,NQ09B BUY WEEKLY STOP,11125.5,2,445070,-59,-0.01,9,0,0.00,-54.5,-0.01,57569.5,23.03,0
1193,Entry long,2023-01-08 18:00,[CC] BUY WEEKLY,11126.75,2,445070,-59,-0.01,9,0,0.00,-54.5,-0.01,57569.5,23.03,0
1194,Exit long,2023-01-09 09:30,NQ09B BUY NY N130 TP2,11212.75,2,448000,501,0.11,9,505.5,0.11,-34.5,-0.01,58070.5,23.23,0
1194,Entry long,2023-01-09 09:30,[CC] BUY NY,11200,2,448000,501,0.11,9,505.5,0.11,-34.5,-0.01,58070.5,23.23,0
1195,Exit long,2023-01-10 09:30,NQ09B BUY NY STOP,11141.75,2,445720,-59,-0.01,9,0,0.00,-54.5,-0.01,58011.5,23.20,0
1195,Entry long,2023-01-10 09:30,[CC] BUY NY,11143,2,445720,-59,-0.01,9,0,0.00,-54.5,-0.01,58011.5,23.20,0
1196,Exit long,2023-01-11 09:30,NQ09B BUY NY N130 TP2,11336.75,2,452960,501,0.11,9,505.5,0.11,-14.5,0.00,58512.5,23.41,0
1196,Entry long,2023-01-11 09:30,[CC] BUY NY,11324,2,452960,501,0.11,9,505.5,0.11,-14.5,0.00,58512.5,23.41,0
1197,Exit long,2023-01-12 09:30,NQ09B BUY NY N130 TP2,11503,2,459610,501,0.11,9,505.5,0.11,-14.5,0.00,59013.5,23.61,0
1197,Entry long,2023-01-12 09:30,[CC] BUY NY,11490.25,2,459610,501,0.11,9,505.5,0.11,-14.5,0.00,59013.5,23.61,0
1198,Exit long,2023-01-13 09:30,NQ09B BUY NY STOP,11423,2,456970,-59,-0.01,9,0,0.00,-54.5,-0.01,58954.5,23.58,0
1198,Entry long,2023-01-13 09:30,[CC] BUY NY,11424.25,2,456970,-59,-0.01,9,0,0.00,-54.5,-0.01,58954.5,23.58,0
1199,Exit long,2023-01-15 18:00,NQ09B BUY WEEKLY STOP,11612.5,2,464550,-59,-0.01,9,235.5,0.05,-54.5,-0.01,58895.5,23.56,0
1199,Entry long,2023-01-15 18:00,[CC] BUY WEEKLY,11613.75,2,464550,-59,-0.01,9,235.5,0.05,-54.5,-0.01,58895.5,23.56,0
1200,Exit long,2023-01-16 09:30,NQ09B BUY NY STOP,11590.25,2,463660,-59,-0.01,9,0,0.00,-54.5,-0.01,58836.5,23.53,0
1200,Entry long,2023-01-16 09:30,[CC] BUY NY,11591.5,2,463660,-59,-0.01,9,0,0.00,-54.5,-0.01,58836.5,23.53,0
1201,Exit long,2023-01-17 09:30,NQ09B BUY NY STOP,11597.75,2,463960,-59,-0.01,9,0,0.00,-54.5,-0.01,58777.5,23.51,0
1201,Entry long,2023-01-17 09:30,[CC] BUY NY,11599,2,463960,-59,-0.01,9,0,0.00,-54.5,-0.01,58777.5,23.51,0
1202,Exit long,2023-01-18 09:30,NQ09B BUY NY STOP,11694,2,467810,-59,-0.01,9,0,0.00,-54.5,-0.01,58718.5,23.49,0
1202,Entry long,2023-01-18 09:30,[CC] BUY NY,11695.25,2,467810,-59,-0.01,9,0,0.00,-54.5,-0.01,58718.5,23.49,0
1203,Exit long,2023-01-19 09:30,NQ09B BUY NY STOP,11406.25,2,456300,-59,-0.01,9,0,0.00,-54.5,-0.01,58659.5,23.46,0
1203,Entry long,2023-01-19 09:30,[CC] BUY NY,11407.5,2,456300,-59,-0.01,9,0,0.00,-54.5,-0.01,58659.5,23.46,0
1204,Exit long,2023-01-19 18:00,NQ09B BUY WEEKDAY 1800 STOP,11400,2,456050,-59,-0.01,9,205.5,0.05,-54.5,-0.01,58600.5,23.44,0
1204,Entry long,2023-01-19 18:00,[CC] BUY PREMIUM,11401.25,2,456050,-59,-0.01,9,205.5,0.05,-54.5,-0.01,58600.5,23.44,0
1205,Exit long,2023-01-20 09:30,NQ09B BUY NY STOP,11427.25,2,457140,-59,-0.01,9,25.5,0.01,-54.5,-0.01,58541.5,23.42,0
1205,Entry long,2023-01-20 09:30,[CC] BUY NY,11428.5,2,457140,-59,-0.01,9,25.5,0.01,-54.5,-0.01,58541.5,23.42,0
1206,Exit long,2023-01-22 18:00,NQ09B BUY WEEKLY W80,11685,2,467080,311,0.07,9,315.5,0.07,-14.5,0.00,58852.5,23.54,0
1206,Entry long,2023-01-22 18:00,[CC] BUY WEEKLY,11677,2,467080,311,0.07,9,315.5,0.07,-14.5,0.00,58852.5,23.54,0
1207,Exit long,2023-01-23 09:30,NQ09B BUY NY STOP,11703,2,468170,-59,-0.01,9,385.5,0.08,-54.5,-0.01,58793.5,23.52,0
1207,Entry long,2023-01-23 09:30,[CC] BUY NY,11704.25,2,468170,-59,-0.01,9,385.5,0.08,-54.5,-0.01,58793.5,23.52,0
1208,Exit long,2023-01-23 18:00,NQ09B BUY WEEKDAY 1800 STOP,11932,1,238665,-29.5,-0.01,4.5,52.75,0.02,-27.25,-0.01,58764,23.51,0
1208,Entry long,2023-01-23 18:00,[CC] BUY WEAK,11933.25,1,238665,-29.5,-0.01,4.5,52.75,0.02,-27.25,-0.01,58764,23.51,0
1209,Exit long,2023-01-24 09:30,NQ09B BUY NY STOP,11859,2,474410,-59,-0.01,9,0,0.00,-54.5,-0.01,58705,23.48,0
1209,Entry long,2023-01-24 09:30,[CC] BUY NY,11860.25,2,474410,-59,-0.01,9,0,0.00,-54.5,-0.01,58705,23.48,0
1210,Exit long,2023-01-24 18:00,NQ09B BUY WEEKDAY 1800 STOP,11969.5,2,478830,-59,-0.01,9,225.5,0.05,-54.5,-0.01,58646,23.46,0
1210,Entry long,2023-01-24 18:00,[CC] BUY PREMIUM,11970.75,2,478830,-59,-0.01,9,225.5,0.05,-54.5,-0.01,58646,23.46,0
1211,Exit long,2023-01-25 09:30,NQ09B BUY NY STOP,11711.5,2,468510,-59,-0.01,9,0,0.00,-54.5,-0.01,58587,23.43,0
1211,Entry long,2023-01-25 09:30,[CC] BUY NY,11712.75,2,468510,-59,-0.01,9,0,0.00,-54.5,-0.01,58587,23.43,0
1212,Exit long,2023-01-25 18:00,NQ09B BUY WEEKDAY 1800 STOP,11873.75,1,237500,-29.5,-0.01,4.5,62.75,0.03,-27.25,-0.01,58557.5,23.42,0
1212,Entry long,2023-01-25 18:00,[CC] BUY WEAK,11875,1,237500,-29.5,-0.01,4.5,62.75,0.03,-27.25,-0.01,58557.5,23.42,0
1213,Exit long,2023-01-26 09:30,NQ09B BUY NY STOP,12016.75,2,480720,-59,-0.01,9,0,0.00,-54.5,-0.01,58498.5,23.40,0
1213,Entry long,2023-01-26 09:30,[CC] BUY NY,12018,2,480720,-59,-0.01,9,0,0.00,-54.5,-0.01,58498.5,23.40,0
1214,Exit long,2023-01-26 18:00,NQ09B BUY WEEKDAY 1800 STOP,12048,2,481970,-59,-0.01,9,65.5,0.01,-54.5,-0.01,58439.5,23.38,0
1214,Entry long,2023-01-26 18:00,[CC] BUY PREMIUM,12049.25,2,481970,-59,-0.01,9,65.5,0.01,-54.5,-0.01,58439.5,23.38,0
1215,Exit long,2023-01-27 09:30,NQ09B BUY NY STOP,12046.25,2,481900,-59,-0.01,9,0,0.00,-54.5,-0.01,58380.5,23.35,0
1215,Entry long,2023-01-27 09:30,[CC] BUY NY,12047.5,2,481900,-59,-0.01,9,0,0.00,-54.5,-0.01,58380.5,23.35,0
1216,Exit long,2023-01-29 18:00,NQ09B BUY WEEKLY W80,12220.75,2,488510,311,0.06,9,315.5,0.06,-14.5,0.00,58691.5,23.48,0
1216,Entry long,2023-01-29 18:00,[CC] BUY WEEKLY,12212.75,2,488510,311,0.06,9,315.5,0.06,-14.5,0.00,58691.5,23.48,0
1217,Exit long,2023-01-30 09:30,NQ09B BUY NY STOP,12081.25,2,483300,-59,-0.01,9,0,0.00,-54.5,-0.01,58632.5,23.45,0
1217,Entry long,2023-01-30 09:30,[CC] BUY NY,12082.5,2,483300,-59,-0.01,9,0,0.00,-54.5,-0.01,58632.5,23.45,0
1218,Exit long,2023-01-31 09:30,NQ09B BUY NY STOP,11973.25,2,478980,-59,-0.01,9,0,0.00,-54.5,-0.01,58573.5,23.43,0
1218,Entry long,2023-01-31 09:30,[CC] BUY NY,11974.5,2,478980,-59,-0.01,9,0,0.00,-54.5,-0.01,58573.5,23.43,0
1219,Exit long,2023-02-01 09:30,NQ09B BUY NY STOP,12142.75,2,485760,-59,-0.01,9,475.5,0.10,-54.5,-0.01,58514.5,23.41,0
1219,Entry long,2023-02-01 09:30,[CC] BUY NY,12144,2,485760,-59,-0.01,9,475.5,0.10,-54.5,-0.01,58514.5,23.41,0
1220,Exit long,2023-02-01 18:00,NQ09B BUY WEEKDAY 1800 STOP,12519,2,500810,-59,-0.01,9,0,0.00,-54.5,-0.01,58455.5,23.38,0
1220,Entry long,2023-02-01 18:00,[CC] BUY PREMIUM,12520.25,2,500810,-59,-0.01,9,0,0.00,-54.5,-0.01,58455.5,23.38,0
1221,Exit long,2023-02-02 09:30,NQ09B BUY NY STOP,12680.25,2,507260,-59,-0.01,9,0,0.00,-54.5,-0.01,58396.5,23.36,0
1221,Entry long,2023-02-02 09:30,[CC] BUY NY,12681.5,2,507260,-59,-0.01,9,0,0.00,-54.5,-0.01,58396.5,23.36,0
1222,Exit long,2023-02-02 18:00,NQ09B BUY WEEKDAY 1800 D80,12756.5,2,509940,311,0.06,9,315.5,0.06,-14.5,0.00,58707.5,23.48,0
1222,Entry long,2023-02-02 18:00,[CC] BUY PREMIUM,12748.5,2,509940,311,0.06,9,315.5,0.06,-14.5,0.00,58707.5,23.48,0
1223,Exit long,2023-02-03 09:30,NQ09B BUY NY STOP,12573.25,2,502980,-59,-0.01,9,0,0.00,-54.5,-0.01,58648.5,23.46,0
1223,Entry long,2023-02-03 09:30,[CC] BUY NY,12574.5,2,502980,-59,-0.01,9,0,0.00,-54.5,-0.01,58648.5,23.46,0
1224,Exit long,2023-02-05 18:00,NQ09B BUY WEEKLY W80,12580.25,2,502890,311,0.06,9,315.5,0.06,-14.5,0.00,58959.5,23.58,0
1224,Entry long,2023-02-05 18:00,[CC] BUY WEEKLY,12572.25,2,502890,311,0.06,9,315.5,0.06,-14.5,0.00,58959.5,23.58,0
1225,Exit long,2023-02-06 09:30,NQ09B BUY NY STOP,12508,2,500370,-59,-0.01,9,0,0.00,-54.5,-0.01,58900.5,23.56,0
1225,Entry long,2023-02-06 09:30,[CC] BUY NY,12509.25,2,500370,-59,-0.01,9,0,0.00,-54.5,-0.01,58900.5,23.56,0
1226,Exit long,2023-02-07 09:30,NQ09B BUY NY STOP,12503,2,500170,-59,-0.01,9,0,0.00,-54.5,-0.01,58841.5,23.54,0
1226,Entry long,2023-02-07 09:30,[CC] BUY NY,12504.25,2,500170,-59,-0.01,9,0,0.00,-54.5,-0.01,58841.5,23.54,0
1227,Exit long,2023-02-08 09:30,NQ09B BUY NY N130 TP2,12726.75,2,508560,501,0.10,9,505.5,0.10,-14.5,0.00,59342.5,23.74,0
1227,Entry long,2023-02-08 09:30,[CC] BUY NY,12714,2,508560,501,0.10,9,505.5,0.10,-14.5,0.00,59342.5,23.74,0
1228,Exit long,2023-02-09 09:30,NQ09B BUY NY STOP,12721.5,2,508910,-59,-0.01,9,225.5,0.04,-54.5,-0.01,59283.5,23.71,0
1228,Entry long,2023-02-09 09:30,[CC] BUY NY,12722.75,2,508910,-59,-0.01,9,225.5,0.04,-54.5,-0.01,59283.5,23.71,0
1229,Exit long,2023-02-10 09:30,NQ09B BUY NY STOP,12334.25,2,493420,-59,-0.01,9,0,0.00,-54.5,-0.01,59224.5,23.69,0
1229,Entry long,2023-02-10 09:30,[CC] BUY NY,12335.5,2,493420,-59,-0.01,9,0,0.00,-54.5,-0.01,59224.5,23.69,0
1230,Exit long,2023-02-12 18:00,NQ09B BUY WEEKLY W80,12365.75,2,494310,311,0.06,9,315.5,0.06,-14.5,0.00,59535.5,23.81,0
1230,Entry long,2023-02-12 18:00,[CC] BUY WEEKLY,12357.75,2,494310,311,0.06,9,315.5,0.06,-14.5,0.00,59535.5,23.81,0
1231,Exit long,2023-02-13 09:30,NQ09B BUY NY STOP,12401.25,2,496100,-59,-0.01,9,295.5,0.06,-54.5,-0.01,59476.5,23.79,0
1231,Entry long,2023-02-13 09:30,[CC] BUY NY,12402.5,2,496100,-59,-0.01,9,295.5,0.06,-54.5,-0.01,59476.5,23.79,0
1232,Exit long,2023-02-14 09:30,NQ09B BUY NY STOP,12473,2,498970,-59,-0.01,9,185.5,0.04,-54.5,-0.01,59417.5,23.77,0
1232,Entry long,2023-02-14 09:30,[CC] BUY NY,12474.25,2,498970,-59,-0.01,9,185.5,0.04,-54.5,-0.01,59417.5,23.77,0
1233,Exit long,2023-02-15 09:30,NQ09B BUY NY STOP,12552.5,2,502150,-59,-0.01,9,0,0.00,-54.5,-0.01,59358.5,23.74,0
1233,Entry long,2023-02-15 09:30,[CC] BUY NY,12553.75,2,502150,-59,-0.01,9,0,0.00,-54.5,-0.01,59358.5,23.74,0
1234,Exit long,2023-02-16 09:30,NQ09B BUY NY STOP,12523,2,500970,-59,-0.01,9,0,0.00,-54.5,-0.01,59299.5,23.72,0
1234,Entry long,2023-02-16 09:30,[CC] BUY NY,12524.25,2,500970,-59,-0.01,9,0,0.00,-54.5,-0.01,59299.5,23.72,0
1235,Exit long,2023-02-17 09:30,NQ09B BUY NY STOP,12389,2,495610,-59,-0.01,9,0,0.00,-54.5,-0.01,59240.5,23.70,0
1235,Entry long,2023-02-17 09:30,[CC] BUY NY,12390.25,2,495610,-59,-0.01,9,0,0.00,-54.5,-0.01,59240.5,23.70,0
1236,Exit long,2023-02-19 18:00,NQ09B BUY WEEKLY STOP,12379,2,495210,-59,-0.01,9,115.5,0.02,-54.5,-0.01,59181.5,23.67,0
1236,Entry long,2023-02-19 18:00,[CC] BUY WEEKLY,12380.25,2,495210,-59,-0.01,9,115.5,0.02,-54.5,-0.01,59181.5,23.67,0
1237,Exit long,2023-02-20 09:30,NQ09B BUY NY STOP,12392.25,2,495740,-59,-0.01,9,85.5,0.02,-54.5,-0.01,59122.5,23.65,0
1237,Entry long,2023-02-20 09:30,[CC] BUY NY,12393.5,2,495740,-59,-0.01,9,85.5,0.02,-54.5,-0.01,59122.5,23.65,0
1238,Exit long,2023-02-21 09:30,NQ09B BUY NY STOP,12228,2,489170,-59,-0.01,9,0,0.00,-54.5,-0.01,59063.5,23.63,0
1238,Entry long,2023-02-21 09:30,[CC] BUY NY,12229.25,2,489170,-59,-0.01,9,0,0.00,-54.5,-0.01,59063.5,23.63,0
1239,Exit long,2023-02-22 09:30,NQ09B BUY NY STOP,12119.75,2,484840,-59,-0.01,9,0,0.00,-54.5,-0.01,59004.5,23.60,0
1239,Entry long,2023-02-22 09:30,[CC] BUY NY,12121,2,484840,-59,-0.01,9,0,0.00,-54.5,-0.01,59004.5,23.60,0
1240,Exit long,2023-02-22 18:00,NQ09B BUY WEEKDAY 1800 STOP,12175.25,2,487060,-59,-0.01,9,105.5,0.02,-54.5,-0.01,58945.5,23.58,0
1240,Entry long,2023-02-22 18:00,[CC] BUY PREMIUM,12176.5,2,487060,-59,-0.01,9,105.5,0.02,-54.5,-0.01,58945.5,23.58,0
1241,Exit long,2023-02-23 09:30,NQ09B BUY NY STOP,12251.5,2,490110,-59,-0.01,9,275.5,0.06,-54.5,-0.01,58886.5,23.55,0
1241,Entry long,2023-02-23 09:30,[CC] BUY NY,12252.75,2,490110,-59,-0.01,9,275.5,0.06,-54.5,-0.01,58886.5,23.55,0
1242,Exit long,2023-02-24 09:30,NQ09B BUY NY STOP,11992.75,2,479760,-59,-0.01,9,0,0.00,-54.5,-0.01,58827.5,23.53,0
1242,Entry long,2023-02-24 09:30,[CC] BUY NY,11994,2,479760,-59,-0.01,9,0,0.00,-54.5,-0.01,58827.5,23.53,0
1243,Exit long,2023-02-26 18:00,NQ09B BUY WEEKLY STOP,12002,2,480130,-59,-0.01,9,215.5,0.04,-54.5,-0.01,58768.5,23.51,0
1243,Entry long,2023-02-26 18:00,[CC] BUY WEEKLY,12003.25,2,480130,-59,-0.01,9,215.5,0.04,-54.5,-0.01,58768.5,23.51,0
1244,Exit long,2023-02-27 09:30,NQ09B BUY NY STOP,12130,2,485250,-59,-0.01,9,475.5,0.10,-54.5,-0.01,58709.5,23.48,0
1244,Entry long,2023-02-27 09:30,[CC] BUY NY,12131.25,2,485250,-59,-0.01,9,475.5,0.10,-54.5,-0.01,58709.5,23.48,0
1245,Exit long,2023-02-28 09:30,NQ09B BUY NY STOP,12054.75,2,482240,-59,-0.01,9,0,0.00,-54.5,-0.01,58650.5,23.46,0
1245,Entry long,2023-02-28 09:30,[CC] BUY NY,12056,2,482240,-59,-0.01,9,0,0.00,-54.5,-0.01,58650.5,23.46,0
1246,Exit long,2023-03-01 09:30,NQ09B BUY NY STOP,12051,2,482090,-59,-0.01,9,305.5,0.06,-54.5,-0.01,58591.5,23.44,0
1246,Entry long,2023-03-01 09:30,[CC] BUY NY,12052.25,2,482090,-59,-0.01,9,305.5,0.06,-54.5,-0.01,58591.5,23.44,0
1247,Exit long,2023-03-02 09:30,NQ09B BUY NY STOP,11856.5,2,474310,-59,-0.01,9,0,0.00,-54.5,-0.01,58532.5,23.41,0
1247,Entry long,2023-03-02 09:30,[CC] BUY NY,11857.75,2,474310,-59,-0.01,9,0,0.00,-54.5,-0.01,58532.5,23.41,0
1248,Exit long,2023-03-03 09:30,NQ09B BUY NY STOP,12133.75,2,485400,-59,-0.01,9,155.5,0.03,-54.5,-0.01,58473.5,23.39,0
1248,Entry long,2023-03-03 09:30,[CC] BUY NY,12135,2,485400,-59,-0.01,9,155.5,0.03,-54.5,-0.01,58473.5,23.39,0
1249,Exit long,2023-03-05 18:00,NQ09B BUY WEEKLY W80,12314.5,2,492260,311,0.06,9,315.5,0.06,-14.5,0.00,58784.5,23.51,0
1249,Entry long,2023-03-05 18:00,[CC] BUY WEEKLY,12306.5,2,492260,311,0.06,9,315.5,0.06,-14.5,0.00,58784.5,23.51,0
1250,Exit long,2023-03-06 09:30,NQ09B BUY NY STOP,12359.75,2,494440,-59,-0.01,9,0,0.00,-54.5,-0.01,58725.5,23.49,0
1250,Entry long,2023-03-06 09:30,[CC] BUY NY,12361,2,494440,-59,-0.01,9,0,0.00,-54.5,-0.01,58725.5,23.49,0
1251,Exit long,2023-03-07 09:30,NQ09B BUY NY STOP,12323.25,2,492980,-59,-0.01,9,0,0.00,-54.5,-0.01,58666.5,23.47,0
1251,Entry long,2023-03-07 09:30,[CC] BUY NY,12324.5,2,492980,-59,-0.01,9,0,0.00,-54.5,-0.01,58666.5,23.47,0
1252,Exit long,2023-03-07 18:00,NQ09B BUY WEEKDAY 1800 D80,12178.25,1,243405,155.5,0.06,4.5,157.75,0.06,-7.25,0.00,58822,23.53,0
1252,Entry long,2023-03-07 18:00,[CC] BUY WEAK,12170.25,1,243405,155.5,0.06,4.5,157.75,0.06,-7.25,0.00,58822,23.53,0
1253,Exit long,2023-03-08 09:30,NQ09B BUY NY STOP,12184.25,2,487420,-59,-0.01,9,0,0.00,-54.5,-0.01,58763,23.51,0
1253,Entry long,2023-03-08 09:30,[CC] BUY NY,12185.5,2,487420,-59,-0.01,9,0,0.00,-54.5,-0.01,58763,23.51,0
1254,Exit long,2023-03-09 09:30,NQ09B BUY NY STOP,12245.25,2,489860,-59,-0.01,9,0,0.00,-54.5,-0.01,58704,23.48,0
1254,Entry long,2023-03-09 09:30,[CC] BUY NY,12246.5,2,489860,-59,-0.01,9,0,0.00,-54.5,-0.01,58704,23.48,0
1255,Exit long,2023-03-09 18:00,NQ09B BUY WEEKDAY 1800 STOP,12004,1,240105,-29.5,-0.01,4.5,2.75,0.00,-27.25,-0.01,58674.5,23.47,0
1255,Entry long,2023-03-09 18:00,[CC] BUY WEAK,12005.25,1,240105,-29.5,-0.01,4.5,2.75,0.00,-27.25,-0.01,58674.5,23.47,0
1256,Exit long,2023-03-10 09:30,NQ09B BUY NY STOP,12017,2,480730,-59,-0.01,9,365.5,0.08,-54.5,-0.01,58615.5,23.45,0
1256,Entry long,2023-03-10 09:30,[CC] BUY NY,12018.25,2,480730,-59,-0.01,9,365.5,0.08,-54.5,-0.01,58615.5,23.45,0
1257,Exit long,2023-03-12 18:00,NQ09B BUY WEEKLY W80,11903,2,475800,311,0.07,9,315.5,0.07,-14.5,0.00,58926.5,23.57,0
1257,Entry long,2023-03-12 18:00,[CC] BUY WEEKLY,11895,2,475800,311,0.07,9,315.5,0.07,-14.5,0.00,58926.5,23.57,0
1258,Exit long,2023-03-13 09:30,NQ09B BUY NY STOP,11767.5,2,470750,-59,-0.01,9,0,0.00,-54.5,-0.01,58867.5,23.55,0
1258,Entry long,2023-03-13 09:30,[CC] BUY NY,11768.75,2,470750,-59,-0.01,9,0,0.00,-54.5,-0.01,58867.5,23.55,0
1259,Exit long,2023-03-13 18:00,NQ09B BUY WEEKDAY 1800 STOP,12079,1,241605,-29.5,-0.01,4.5,0,0.00,-27.25,-0.01,58838,23.54,0
1259,Entry long,2023-03-13 18:00,[CC] BUY WEAK,12080.25,1,241605,-29.5,-0.01,4.5,0,0.00,-27.25,-0.01,58838,23.54,0
1260,Exit long,2023-03-14 09:30,NQ09B BUY NY STOP,12207.5,2,488350,-59,-0.01,9,0,0.00,-54.5,-0.01,58779,23.51,0
1260,Entry long,2023-03-14 09:30,[CC] BUY NY,12208.75,2,488350,-59,-0.01,9,0,0.00,-54.5,-0.01,58779,23.51,0
1261,Exit long,2023-03-15 09:30,NQ09B BUY NY STOP,12209.5,2,488430,-59,-0.01,9,0,0.00,-54.5,-0.01,58720,23.49,0
1261,Entry long,2023-03-15 09:30,[CC] BUY NY,12210.75,2,488430,-59,-0.01,9,0,0.00,-54.5,-0.01,58720,23.49,0
1262,Exit long,2023-03-16 09:30,NQ09B BUY NY N130 TP2,12358.25,2,493820,501,0.10,9,505.5,0.10,-14.5,0.00,59221,23.69,0
1262,Entry long,2023-03-16 09:30,[CC] BUY NY,12345.5,2,493820,501,0.10,9,505.5,0.10,-14.5,0.00,59221,23.69,0
1263,Exit long,2023-03-17 09:30,NQ09B BUY NY STOP,12711.5,2,508510,-59,-0.01,9,0,0.00,-54.5,-0.01,59162,23.66,0
1263,Entry long,2023-03-17 09:30,[CC] BUY NY,12712.75,2,508510,-59,-0.01,9,0,0.00,-54.5,-0.01,59162,23.66,0
1264,Exit long,2023-03-19 18:00,NQ09B BUY WEEKLY STOP,12689,2,507610,-59,-0.01,9,0,0.00,-54.5,-0.01,59103,23.64,0
1264,Entry long,2023-03-19 18:00,[CC] BUY WEEKLY,12690.25,2,507610,-59,-0.01,9,0,0.00,-54.5,-0.01,59103,23.64,0
1265,Exit long,2023-03-20 09:30,NQ09B BUY NY STOP,12622,2,504930,-59,-0.01,9,385.5,0.08,-54.5,-0.01,59044,23.62,0
1265,Entry long,2023-03-20 09:30,[CC] BUY NY,12623.25,2,504930,-59,-0.01,9,385.5,0.08,-54.5,-0.01,59044,23.62,0
1266,Exit long,2023-03-21 09:30,NQ09B BUY NY STOP,12774.25,2,511020,-59,-0.01,9,0,0.00,-54.5,-0.01,58985,23.59,0
1266,Entry long,2023-03-21 09:30,[CC] BUY NY,12775.5,2,511020,-59,-0.01,9,0,0.00,-54.5,-0.01,58985,23.59,0
1267,Exit long,2023-03-22 09:30,NQ09B BUY NY STOP,12871.75,2,514920,-59,-0.01,9,215.5,0.04,-54.5,-0.01,58926,23.57,0
1267,Entry long,2023-03-22 09:30,[CC] BUY NY,12873,2,514920,-59,-0.01,9,215.5,0.04,-54.5,-0.01,58926,23.57,0
1268,Exit long,2023-03-22 18:00,NQ09B BUY WEEKDAY 1800 STOP,12694,1,253905,-29.5,-0.01,4.5,0,0.00,-27.25,-0.01,58896.5,23.56,0
1268,Entry long,2023-03-22 18:00,[CC] BUY WEAK,12695.25,1,253905,-29.5,-0.01,4.5,0,0.00,-27.25,-0.01,58896.5,23.56,0
1269,Exit long,2023-03-23 09:30,NQ09B BUY NY STOP,12854,2,514210,-59,-0.01,9,0,0.00,-54.5,-0.01,58837.5,23.54,0
1269,Entry long,2023-03-23 09:30,[CC] BUY NY,12855.25,2,514210,-59,-0.01,9,0,0.00,-54.5,-0.01,58837.5,23.54,0
1270,Exit long,2023-03-23 18:00,NQ09B BUY WEEKDAY 1800 STOP,12870.5,1,257435,-29.5,-0.01,4.5,0,0.00,-27.25,-0.01,58808,23.52,0
1270,Entry long,2023-03-23 18:00,[CC] BUY WEAK,12871.75,1,257435,-29.5,-0.01,4.5,0,0.00,-27.25,-0.01,58808,23.52,0
1271,Exit long,2023-03-24 09:30,NQ09B BUY NY N130 TP2,12839.75,2,513080,501,0.10,9,505.5,0.10,-14.5,0.00,59309,23.72,0
1271,Entry long,2023-03-24 09:30,[CC] BUY NY,12827,2,513080,501,0.10,9,505.5,0.10,-14.5,0.00,59309,23.72,0
1272,Exit long,2023-03-26 18:00,NQ09B BUY WEEKLY STOP,12915,2,516650,-59,-0.01,9,215.5,0.04,-54.5,-0.01,59250,23.70,0
1272,Entry long,2023-03-26 18:00,[CC] BUY WEEKLY,12916.25,2,516650,-59,-0.01,9,215.5,0.04,-54.5,-0.01,59250,23.70,0
1273,Exit long,2023-03-27 09:30,NQ09B BUY NY STOP,12918.25,2,516780,-59,-0.01,9,245.5,0.05,-54.5,-0.01,59191,23.68,0
1273,Entry long,2023-03-27 09:30,[CC] BUY NY,12919.5,2,516780,-59,-0.01,9,245.5,0.05,-54.5,-0.01,59191,23.68,0
1274,Exit long,2023-03-28 09:30,NQ09B BUY NY STOP,12775.25,2,511060,-59,-0.01,9,25.5,0.00,-54.5,-0.01,59132,23.65,0
1274,Entry long,2023-03-28 09:30,[CC] BUY NY,12776.5,2,511060,-59,-0.01,9,25.5,0.00,-54.5,-0.01,59132,23.65,0
1275,Exit long,2023-03-29 09:30,NQ09B BUY NY STOP,12886.25,2,515500,-59,-0.01,9,0,0.00,-54.5,-0.01,59073,23.63,0
1275,Entry long,2023-03-29 09:30,[CC] BUY NY,12887.5,2,515500,-59,-0.01,9,0,0.00,-54.5,-0.01,59073,23.63,0
1276,Exit long,2023-03-30 09:30,NQ09B BUY NY N130 TP2,13077.75,2,522600,501,0.10,9,505.5,0.10,-14.5,0.00,59574,23.83,0
1276,Entry long,2023-03-30 09:30,[CC] BUY NY,13065,2,522600,501,0.10,9,505.5,0.10,-14.5,0.00,59574,23.83,0
1277,Exit long,2023-03-31 09:30,NQ09B BUY NY STOP,13091,2,523690,-59,-0.01,9,0,0.00,-54.5,-0.01,59515,23.81,0
1277,Entry long,2023-03-31 09:30,[CC] BUY NY,13092.25,2,523690,-59,-0.01,9,0,0.00,-54.5,-0.01,59515,23.81,0
1278,Exit long,2023-04-02 18:00,NQ09B BUY WEEKLY W80,13270.25,2,530490,311,0.06,9,315.5,0.06,-14.5,0.00,59826,23.93,0
1278,Entry long,2023-04-02 18:00,[CC] BUY WEEKLY,13262.25,2,530490,311,0.06,9,315.5,0.06,-14.5,0.00,59826,23.93,0
1279,Exit long,2023-04-03 09:30,NQ09B BUY NY STOP,13209,2,528410,-59,-0.01,9,0,0.00,-54.5,-0.01,59767,23.91,0
1279,Entry long,2023-04-03 09:30,[CC] BUY NY,13210.25,2,528410,-59,-0.01,9,0,0.00,-54.5,-0.01,59767,23.91,0
1280,Exit long,2023-04-04 09:30,NQ09B BUY NY STOP,13283.75,2,531400,-59,-0.01,9,445.5,0.08,-54.5,-0.01,59708,23.88,0
1280,Entry long,2023-04-04 09:30,[CC] BUY NY,13285,2,531400,-59,-0.01,9,445.5,0.08,-54.5,-0.01,59708,23.88,0
1281,Exit long,2023-04-05 09:30,NQ09B BUY NY STOP,13172.75,2,526960,-59,-0.01,9,315.5,0.06,-54.5,-0.01,59649,23.86,0
1281,Entry long,2023-04-05 09:30,[CC] BUY NY,13174,2,526960,-59,-0.01,9,315.5,0.06,-54.5,-0.01,59649,23.86,0
1282,Exit long,2023-04-06 09:30,NQ09B BUY NY STOP,13011.5,2,520510,-59,-0.01,9,25.5,0.00,-54.5,-0.01,59590,23.84,0
1282,Entry long,2023-04-06 09:30,[CC] BUY NY,13012.75,2,520510,-59,-0.01,9,25.5,0.00,-54.5,-0.01,59590,23.84,0
1283,Exit long,2023-04-09 18:00,NQ09B BUY NY STOP,13178.75,2,527200,-59,-0.01,9,175.5,0.03,-54.5,-0.01,59531,23.81,0
1283,Entry long,2023-04-09 18:00,[CC] BUY NY,13180,2,527200,-59,-0.01,9,175.5,0.03,-54.5,-0.01,59531,23.81,0
1284,Exit long,2023-04-10 09:30,NQ09B BUY NY STOP,13042.75,2,521760,-59,-0.01,9,245.5,0.05,-54.5,-0.01,59472,23.79,0
1284,Entry long,2023-04-10 09:30,[CC] BUY NY,13044,2,521760,-59,-0.01,9,245.5,0.05,-54.5,-0.01,59472,23.79,0
1285,Exit long,2023-04-11 09:30,NQ09B BUY NY STOP,13158.25,2,526380,-59,-0.01,9,15.5,0.00,-54.5,-0.01,59413,23.77,0
1285,Entry long,2023-04-11 09:30,[CC] BUY NY,13159.5,2,526380,-59,-0.01,9,15.5,0.00,-54.5,-0.01,59413,23.77,0
1286,Exit long,2023-04-12 09:30,NQ09B BUY NY STOP,13156,2,526290,-59,-0.01,9,0,0.00,-54.5,-0.01,59354,23.74,0
1286,Entry long,2023-04-12 09:30,[CC] BUY NY,13157.25,2,526290,-59,-0.01,9,0,0.00,-54.5,-0.01,59354,23.74,0
1287,Exit long,2023-04-13 09:30,NQ09B BUY NY STOP,13026.75,2,521120,-59,-0.01,9,0,0.00,-54.5,-0.01,59295,23.72,0
1287,Entry long,2023-04-13 09:30,[CC] BUY NY,13028,2,521120,-59,-0.01,9,0,0.00,-54.5,-0.01,59295,23.72,0
1288,Exit long,2023-04-13 18:00,NQ09B BUY WEEKDAY 1800 STOP,13182,2,527330,-59,-0.01,9,35.5,0.01,-54.5,-0.01,59236,23.69,0
1288,Entry long,2023-04-13 18:00,[CC] BUY PREMIUM,13183.25,2,527330,-59,-0.01,9,35.5,0.01,-54.5,-0.01,59236,23.69,0
1289,Exit long,2023-04-14 09:30,NQ09B BUY NY STOP,13138.25,2,525580,-59,-0.01,9,0,0.00,-54.5,-0.01,59177,23.67,0
1289,Entry long,2023-04-14 09:30,[CC] BUY NY,13139.5,2,525580,-59,-0.01,9,0,0.00,-54.5,-0.01,59177,23.67,0
1290,Exit long,2023-04-16 18:00,NQ09B BUY WEEKLY STOP,13211.5,2,528510,-59,-0.01,9,75.5,0.01,-54.5,-0.01,59118,23.65,0
1290,Entry long,2023-04-16 18:00,[CC] BUY WEEKLY,13212.75,2,528510,-59,-0.01,9,75.5,0.01,-54.5,-0.01,59118,23.65,0
1291,Exit long,2023-04-17 09:30,NQ09B BUY NY STOP,13161.5,2,526510,-59,-0.01,9,0,0.00,-54.5,-0.01,59059,23.62,0
1291,Entry long,2023-04-17 09:30,[CC] BUY NY,13162.75,2,526510,-59,-0.01,9,0,0.00,-54.5,-0.01,59059,23.62,0
1292,Exit long,2023-04-18 09:30,NQ09B BUY NY STOP,13279,2,531210,-59,-0.01,9,155.5,0.03,-54.5,-0.01,59000,23.60,0
1292,Entry long,2023-04-18 09:30,[CC] BUY NY,13280.25,2,531210,-59,-0.01,9,155.5,0.03,-54.5,-0.01,59000,23.60,0
1293,Exit long,2023-04-19 09:30,NQ09B BUY NY STOP,13084.25,2,523420,-59,-0.01,9,0,0.00,-54.5,-0.01,58941,23.58,0
1293,Entry long,2023-04-19 09:30,[CC] BUY NY,13085.5,2,523420,-59,-0.01,9,0,0.00,-54.5,-0.01,58941,23.58,0
1294,Exit long,2023-04-20 09:30,NQ09B BUY NY STOP,13050.5,2,522070,-59,-0.01,9,0,0.00,-54.5,-0.01,58882,23.55,0
1294,Entry long,2023-04-20 09:30,[CC] BUY NY,13051.75,2,522070,-59,-0.01,9,0,0.00,-54.5,-0.01,58882,23.55,0
1295,Exit long,2023-04-21 09:30,NQ09B BUY NY STOP,13056.75,2,522320,-59,-0.01,9,0,0.00,-54.5,-0.01,58823,23.53,0
1295,Entry long,2023-04-21 09:30,[CC] BUY NY,13058,2,522320,-59,-0.01,9,0,0.00,-54.5,-0.01,58823,23.53,0
1296,Exit long,2023-04-23 18:00,NQ09B BUY WEEKLY STOP,13069,2,522810,-59,-0.01,9,15.5,0.00,-54.5,-0.01,58764,23.51,0
1296,Entry long,2023-04-23 18:00,[CC] BUY WEEKLY,13070.25,2,522810,-59,-0.01,9,15.5,0.00,-54.5,-0.01,58764,23.51,0
1297,Exit long,2023-04-24 09:30,NQ09B BUY NY N130 TP2,13090.5,2,523110,501,0.10,9,505.5,0.10,-14.5,0.00,59265,23.71,0
1297,Entry long,2023-04-24 09:30,[CC] BUY NY,13077.75,2,523110,501,0.10,9,505.5,0.10,-14.5,0.00,59265,23.71,0
1298,Exit long,2023-04-24 18:00,NQ09B BUY WEEKDAY 1800 STOP,13049.25,1,261010,-29.5,-0.01,4.5,0,0.00,-27.25,-0.01,59235.5,23.69,0
1298,Entry long,2023-04-24 18:00,[CC] BUY WEAK,13050.5,1,261010,-29.5,-0.01,4.5,0,0.00,-27.25,-0.01,59235.5,23.69,0
1299,Exit long,2023-04-25 09:30,NQ09B BUY NY STOP,12987.25,2,519540,-59,-0.01,9,0,0.00,-54.5,-0.01,59176.5,23.67,0
1299,Entry long,2023-04-25 09:30,[CC] BUY NY,12988.5,2,519540,-59,-0.01,9,0,0.00,-54.5,-0.01,59176.5,23.67,0
1300,Exit long,2023-04-25 18:00,NQ09B BUY WEEKDAY 1800 STOP,12939,2,517610,-59,-0.01,9,0,0.00,-54.5,-0.01,59117.5,23.65,0
1300,Entry long,2023-04-25 18:00,[CC] BUY PREMIUM,12940.25,2,517610,-59,-0.01,9,0,0.00,-54.5,-0.01,59117.5,23.65,0
1301,Exit long,2023-04-26 09:30,NQ09B BUY NY STOP,12949.25,2,518020,-59,-0.01,9,255.5,0.05,-54.5,-0.01,59058.5,23.62,0
1301,Entry long,2023-04-26 09:30,[CC] BUY NY,12950.5,2,518020,-59,-0.01,9,255.5,0.05,-54.5,-0.01,59058.5,23.62,0
1302,Exit long,2023-04-26 18:00,NQ09B BUY WEEKDAY 1800 STOP,12964,2,518610,-59,-0.01,9,165.5,0.03,-54.5,-0.01,58999.5,23.60,0
1302,Entry long,2023-04-26 18:00,[CC] BUY PREMIUM,12965.25,2,518610,-59,-0.01,9,165.5,0.03,-54.5,-0.01,58999.5,23.60,0
1303,Exit long,2023-04-27 09:30,NQ09B BUY NY STOP,13039.75,2,521640,-59,-0.01,9,135.5,0.03,-54.5,-0.01,58940.5,23.58,0
1303,Entry long,2023-04-27 09:30,[CC] BUY NY,13041,2,521640,-59,-0.01,9,135.5,0.03,-54.5,-0.01,58940.5,23.58,0
1304,Exit long,2023-04-27 18:00,NQ09B BUY WEEKDAY 1800 D80,13223.25,2,528610,311,0.06,9,315.5,0.06,-14.5,0.00,59251.5,23.70,0
1304,Entry long,2023-04-27 18:00,[CC] BUY PREMIUM,13215.25,2,528610,311,0.06,9,315.5,0.06,-14.5,0.00,59251.5,23.70,0
1305,Exit long,2023-04-28 09:30,NQ09B BUY NY STOP,13219.25,2,528820,-59,-0.01,9,0,0.00,-54.5,-0.01,59192.5,23.68,0
1305,Entry long,2023-04-28 09:30,[CC] BUY NY,13220.5,2,528820,-59,-0.01,9,0,0.00,-54.5,-0.01,59192.5,23.68,0
1306,Exit long,2023-04-30 18:00,NQ09B BUY WEEKLY W80,13325.25,2,532690,311,0.06,9,315.5,0.06,-14.5,0.00,59503.5,23.80,0
1306,Entry long,2023-04-30 18:00,[CC] BUY WEEKLY,13317.25,2,532690,311,0.06,9,315.5,0.06,-14.5,0.00,59503.5,23.80,0
1307,Exit long,2023-05-01 09:30,NQ09B BUY NY STOP,13299.75,2,532040,-59,-0.01,9,0,0.00,-54.5,-0.01,59444.5,23.78,0
1307,Entry long,2023-05-01 09:30,[CC] BUY NY,13301,2,532040,-59,-0.01,9,0,0.00,-54.5,-0.01,59444.5,23.78,0
1308,Exit long,2023-05-01 18:00,NQ09B BUY WEEKDAY 1800 STOP,13289,1,265805,-29.5,-0.01,4.5,0,0.00,-27.25,-0.01,59415,23.77,0
1308,Entry long,2023-05-01 18:00,[CC] BUY WEAK,13290.25,1,265805,-29.5,-0.01,4.5,0,0.00,-27.25,-0.01,59415,23.77,0
1309,Exit long,2023-05-02 09:30,NQ09B BUY NY STOP,13300,2,532050,-59,-0.01,9,315.5,0.06,-54.5,-0.01,59356,23.74,0
1309,Entry long,2023-05-02 09:30,[CC] BUY NY,13301.25,2,532050,-59,-0.01,9,315.5,0.06,-54.5,-0.01,59356,23.74,0
1310,Exit long,2023-05-02 18:00,NQ09B BUY WEEKDAY 1800 STOP,13161,1,263245,-29.5,-0.01,4.5,57.75,0.02,-27.25,-0.01,59326.5,23.73,0
1310,Entry long,2023-05-02 18:00,[CC] BUY WEAK,13162.25,1,263245,-29.5,-0.01,4.5,57.75,0.02,-27.25,-0.01,59326.5,23.73,0
1311,Exit long,2023-05-03 09:30,NQ09B BUY NY STOP,13197.75,2,527960,-59,-0.01,9,315.5,0.06,-54.5,-0.01,59267.5,23.71,0
1311,Entry long,2023-05-03 09:30,[CC] BUY NY,13199,2,527960,-59,-0.01,9,315.5,0.06,-54.5,-0.01,59267.5,23.71,0
1312,Exit long,2023-05-03 18:00,NQ09B BUY WEEKDAY 1800 STOP,13063,1,261285,-29.5,-0.01,4.5,0,0.00,-27.25,-0.01,59238,23.70,0
1312,Entry long,2023-05-03 18:00,[CC] BUY WEAK,13064.25,1,261285,-29.5,-0.01,4.5,0,0.00,-27.25,-0.01,59238,23.70,0
1313,Exit long,2023-05-04 09:30,NQ09B BUY NY STOP,13081.75,2,523320,-59,-0.01,9,115.5,0.02,-54.5,-0.01,59179,23.67,0
1313,Entry long,2023-05-04 09:30,[CC] BUY NY,13083,2,523320,-59,-0.01,9,115.5,0.02,-54.5,-0.01,59179,23.67,0
1314,Exit long,2023-05-04 18:00,NQ09B BUY WEEKDAY 1800 STOP,13059,1,261205,-29.5,-0.01,4.5,0,0.00,-27.25,-0.01,59149.5,23.66,0
1314,Entry long,2023-05-04 18:00,[CC] BUY WEAK,13060.25,1,261205,-29.5,-0.01,4.5,0,0.00,-27.25,-0.01,59149.5,23.66,0
1315,Exit long,2023-05-05 09:30,NQ09B BUY NY STOP,13138.25,2,525580,-59,-0.01,9,0,0.00,-54.5,-0.01,59090.5,23.64,0
1315,Entry long,2023-05-05 09:30,[CC] BUY NY,13139.5,2,525580,-59,-0.01,9,0,0.00,-54.5,-0.01,59090.5,23.64,0
1316,Exit long,2023-05-07 18:00,NQ09B BUY WEEKLY STOP,13315,2,532650,-59,-0.01,9,0,0.00,-54.5,-0.01,59031.5,23.61,0
1316,Entry long,2023-05-07 18:00,[CC] BUY WEEKLY,13316.25,2,532650,-59,-0.01,9,0,0.00,-54.5,-0.01,59031.5,23.61,0
1317,Exit long,2023-05-08 09:30,NQ09B BUY NY STOP,13300,2,532050,-59,-0.01,9,0,0.00,-54.5,-0.01,58972.5,23.59,0
1317,Entry long,2023-05-08 09:30,[CC] BUY NY,13301.25,2,532050,-59,-0.01,9,0,0.00,-54.5,-0.01,58972.5,23.59,0
1318,Exit long,2023-05-09 09:30,NQ09B BUY NY STOP,13280,2,531250,-59,-0.01,9,0,0.00,-54.5,-0.01,58913.5,23.57,0
1318,Entry long,2023-05-09 09:30,[CC] BUY NY,13281.25,2,531250,-59,-0.01,9,0,0.00,-54.5,-0.01,58913.5,23.57,0
1319,Exit long,2023-05-10 09:30,NQ09B BUY NY STOP,13365.5,2,534670,-59,-0.01,9,0,0.00,-54.5,-0.01,58854.5,23.54,0
1319,Entry long,2023-05-10 09:30,[CC] BUY NY,13366.75,2,534670,-59,-0.01,9,0,0.00,-54.5,-0.01,58854.5,23.54,0
1320,Exit long,2023-05-11 09:30,NQ09B BUY NY STOP,13426.25,2,537100,-59,-0.01,9,225.5,0.04,-54.5,-0.01,58795.5,23.52,0
1320,Entry long,2023-05-11 09:30,[CC] BUY NY,13427.5,2,537100,-59,-0.01,9,225.5,0.04,-54.5,-0.01,58795.5,23.52,0
1321,Exit long,2023-05-12 09:30,NQ09B BUY NY STOP,13467,2,538730,-59,-0.01,9,0,0.00,-54.5,-0.01,58736.5,23.49,0
1321,Entry long,2023-05-12 09:30,[CC] BUY NY,13468.25,2,538730,-59,-0.01,9,0,0.00,-54.5,-0.01,58736.5,23.49,0
1322,Exit long,2023-05-14 18:00,NQ09B BUY WEEKLY STOP,13377.75,2,535160,-59,-0.01,9,0,0.00,-54.5,-0.01,58677.5,23.47,0
1322,Entry long,2023-05-14 18:00,[CC] BUY WEEKLY,13379,2,535160,-59,-0.01,9,0,0.00,-54.5,-0.01,58677.5,23.47,0
1323,Exit long,2023-05-15 09:30,NQ09B BUY NY STOP,13415.75,2,536680,-59,-0.01,9,95.5,0.02,-54.5,-0.01,58618.5,23.45,0
1323,Entry long,2023-05-15 09:30,[CC] BUY NY,13417,2,536680,-59,-0.01,9,95.5,0.02,-54.5,-0.01,58618.5,23.45,0
1324,Exit long,2023-05-16 09:30,NQ09B BUY NY STOP,13435,2,537450,-59,-0.01,9,0,0.00,-54.5,-0.01,58559.5,23.42,0
1324,Entry long,2023-05-16 09:30,[CC] BUY NY,13436.25,2,537450,-59,-0.01,9,0,0.00,-54.5,-0.01,58559.5,23.42,0
1325,Exit long,2023-05-17 09:30,NQ09B BUY NY STOP,13524,2,541010,-59,-0.01,9,0,0.00,-54.5,-0.01,58500.5,23.40,0
1325,Entry long,2023-05-17 09:30,[CC] BUY NY,13525.25,2,541010,-59,-0.01,9,0,0.00,-54.5,-0.01,58500.5,23.40,0
1326,Exit long,2023-05-18 09:30,NQ09B BUY NY STOP,13652.75,2,546160,-59,-0.01,9,0,0.00,-54.5,-0.01,58441.5,23.38,0
1326,Entry long,2023-05-18 09:30,[CC] BUY NY,13654,2,546160,-59,-0.01,9,0,0.00,-54.5,-0.01,58441.5,23.38,0
1327,Exit long,2023-05-18 18:00,NQ09B BUY WEEKDAY 1800 STOP,13907.5,2,556350,-59,-0.01,9,125.5,0.02,-54.5,-0.01,58382.5,23.35,0
1327,Entry long,2023-05-18 18:00,[CC] BUY PREMIUM,13908.75,2,556350,-59,-0.01,9,125.5,0.02,-54.5,-0.01,58382.5,23.35,0
1328,Exit long,2023-05-19 09:30,NQ09B BUY NY STOP,13897.25,2,555940,-59,-0.01,9,285.5,0.05,-54.5,-0.01,58323.5,23.33,0
1328,Entry long,2023-05-19 09:30,[CC] BUY NY,13898.5,2,555940,-59,-0.01,9,285.5,0.05,-54.5,-0.01,58323.5,23.33,0
1329,Exit long,2023-05-21 18:00,NQ09B BUY WEEKLY STOP,13804.5,2,552230,-59,-0.01,9,0,0.00,-54.5,-0.01,58264.5,23.31,0
1329,Entry long,2023-05-21 18:00,[CC] BUY WEEKLY,13805.75,2,552230,-59,-0.01,9,0,0.00,-54.5,-0.01,58264.5,23.31,0
1330,Exit long,2023-05-22 09:30,NQ09B BUY NY STOP,13847,2,553930,-59,-0.01,9,0,0.00,-54.5,-0.01,58205.5,23.28,0
1330,Entry long,2023-05-22 09:30,[CC] BUY NY,13848.25,2,553930,-59,-0.01,9,0,0.00,-54.5,-0.01,58205.5,23.28,0
1331,Exit long,2023-05-23 09:30,NQ09B BUY NY STOP,13830,2,553250,-59,-0.01,9,0,0.00,-54.5,-0.01,58146.5,23.26,0
1331,Entry long,2023-05-23 09:30,[CC] BUY NY,13831.25,2,553250,-59,-0.01,9,0,0.00,-54.5,-0.01,58146.5,23.26,0
1332,Exit long,2023-05-24 09:30,NQ09B BUY NY N130 TP2,13656.25,2,545740,501,0.09,9,505.5,0.09,-14.5,0.00,58647.5,23.46,0
1332,Entry long,2023-05-24 09:30,[CC] BUY NY,13643.5,2,545740,501,0.09,9,505.5,0.09,-14.5,0.00,58647.5,23.46,0
1333,Exit long,2023-05-24 18:00,NQ09B BUY WEEKDAY 1800 STOP,13876,2,555090,-59,-0.01,9,255.5,0.05,-54.5,-0.01,58588.5,23.44,0
1333,Entry long,2023-05-24 18:00,[CC] BUY PREMIUM,13877.25,2,555090,-59,-0.01,9,255.5,0.05,-54.5,-0.01,58588.5,23.44,0
1334,Exit long,2023-05-25 09:30,NQ09B BUY NY STOP,13953.75,2,558200,-59,-0.01,9,425.5,0.08,-54.5,-0.01,58529.5,23.41,0
1334,Entry long,2023-05-25 09:30,[CC] BUY NY,13955,2,558200,-59,-0.01,9,425.5,0.08,-54.5,-0.01,58529.5,23.41,0
1335,Exit long,2023-05-26 09:30,NQ09B BUY NY STOP,14017.5,2,560750,-59,-0.01,9,0,0.00,-54.5,-0.01,58470.5,23.39,0
1335,Entry long,2023-05-26 09:30,[CC] BUY NY,14018.75,2,560750,-59,-0.01,9,0,0.00,-54.5,-0.01,58470.5,23.39,0
1336,Exit long,2023-05-28 18:00,NQ09B BUY WEEKLY W80,14445.75,2,577510,311,0.05,9,315.5,0.05,-14.5,0.00,58781.5,23.51,0
1336,Entry long,2023-05-28 18:00,[CC] BUY WEEKLY,14437.75,2,577510,311,0.05,9,315.5,0.05,-14.5,0.00,58781.5,23.51,0
1337,Exit long,2023-05-29 09:30,NQ09B BUY NY STOP,14377.25,2,575140,-59,-0.01,9,5.5,0.00,-54.5,-0.01,58722.5,23.49,0
1337,Entry long,2023-05-29 09:30,[CC] BUY NY,14378.5,2,575140,-59,-0.01,9,5.5,0.00,-54.5,-0.01,58722.5,23.49,0
1338,Exit long,2023-05-30 09:30,NQ09B BUY NY N130 TP2,14523,2,580410,501,0.09,9,505.5,0.09,-14.5,0.00,59223.5,23.69,0
1338,Entry long,2023-05-30 09:30,[CC] BUY NY,14510.25,2,580410,501,0.09,9,505.5,0.09,-14.5,0.00,59223.5,23.69,0
1339,Exit long,2023-05-31 09:30,NQ09B BUY NY STOP,14329,2,573210,-59,-0.01,9,0,0.00,-54.5,-0.01,59164.5,23.67,0
1339,Entry long,2023-05-31 09:30,[CC] BUY NY,14330.25,2,573210,-59,-0.01,9,0,0.00,-54.5,-0.01,59164.5,23.67,0
1340,Exit long,2023-05-31 18:00,NQ09B BUY WEEKDAY 1800 D80,14297.75,1,285795,155.5,0.05,4.5,157.75,0.06,-12.25,0.00,59320,23.73,0
1340,Entry long,2023-05-31 18:00,[CC] BUY WEAK,14289.75,1,285795,155.5,0.05,4.5,157.75,0.06,-12.25,0.00,59320,23.73,0
1341,Exit long,2023-06-01 09:30,NQ09B BUY NY STOP,14297,2,571930,-59,-0.01,9,295.5,0.05,-54.5,-0.01,59261,23.70,0
1341,Entry long,2023-06-01 09:30,[CC] BUY NY,14298.25,2,571930,-59,-0.01,9,295.5,0.05,-54.5,-0.01,59261,23.70,0
1342,Exit long,2023-06-02 09:30,NQ09B BUY NY N130 TP2,14556.25,2,581740,501,0.09,9,505.5,0.09,-24.5,0.00,59762,23.90,0
1342,Entry long,2023-06-02 09:30,[CC] BUY NY,14543.5,2,581740,501,0.09,9,505.5,0.09,-24.5,0.00,59762,23.90,0
1343,Exit long,2023-06-04 18:00,NQ09B BUY WEEKLY STOP,14576,2,583090,-59,-0.01,9,85.5,0.01,-54.5,-0.01,59703,23.88,0
1343,Entry long,2023-06-04 18:00,[CC] BUY WEEKLY,14577.25,2,583090,-59,-0.01,9,85.5,0.01,-54.5,-0.01,59703,23.88,0
1344,Exit long,2023-06-05 09:30,NQ09B BUY NY N130 TP2,14581.25,2,582740,501,0.09,9,505.5,0.09,-34.5,-0.01,60204,24.08,0
1344,Entry long,2023-06-05 09:30,[CC] BUY NY,14568.5,2,582740,501,0.09,9,505.5,0.09,-34.5,-0.01,60204,24.08,0
1345,Exit long,2023-06-06 09:30,NQ09B BUY NY STOP,14560,2,582450,-59,-0.01,9,5.5,0.00,-54.5,-0.01,60145,24.06,0
1345,Entry long,2023-06-06 09:30,[CC] BUY NY,14561.25,2,582450,-59,-0.01,9,5.5,0.00,-54.5,-0.01,60145,24.06,0
1346,Exit long,2023-06-07 09:30,NQ09B BUY NY N130 TP2,14605.25,2,583700,501,0.09,9,505.5,0.09,-34.5,-0.01,60646,24.26,0
1346,Entry long,2023-06-07 09:30,[CC] BUY NY,14592.5,2,583700,501,0.09,9,505.5,0.09,-34.5,-0.01,60646,24.26,0
1347,Exit long,2023-06-08 09:30,NQ09B BUY NY STOP,14337,2,573530,-59,-0.01,9,0,0.00,-54.5,-0.01,60587,24.23,0
1347,Entry long,2023-06-08 09:30,[CC] BUY NY,14338.25,2,573530,-59,-0.01,9,0,0.00,-54.5,-0.01,60587,24.23,0
1348,Exit long,2023-06-08 18:00,NQ09B BUY WEEKDAY 1800 STOP,14516,2,580690,-59,-0.01,9,125.5,0.02,-54.5,-0.01,60528,24.21,0
1348,Entry long,2023-06-08 18:00,[CC] BUY PREMIUM,14517.25,2,580690,-59,-0.01,9,125.5,0.02,-54.5,-0.01,60528,24.21,0
1349,Exit long,2023-06-09 09:30,NQ09B BUY NY STOP,14560.75,2,582480,-59,-0.01,9,0,0.00,-54.5,-0.01,60469,24.19,0
1349,Entry long,2023-06-09 09:30,[CC] BUY NY,14562,2,582480,-59,-0.01,9,0,0.00,-54.5,-0.01,60469,24.19,0
1350,Exit long,2023-06-11 18:00,NQ09B BUY WEEKLY STOP,14559.25,2,582420,-59,-0.01,9,115.5,0.02,-54.5,-0.01,60410,24.16,0
1350,Entry long,2023-06-11 18:00,[CC] BUY WEEKLY,14560.5,2,582420,-59,-0.01,9,115.5,0.02,-54.5,-0.01,60410,24.16,0
1351,Exit long,2023-06-12 09:30,NQ09B BUY NY N130 TP2,14635.75,2,584920,501,0.09,9,505.5,0.09,-14.5,0.00,60911,24.36,0
1351,Entry long,2023-06-12 09:30,[CC] BUY NY,14623,2,584920,501,0.09,9,505.5,0.09,-14.5,0.00,60911,24.36,0
1352,Exit long,2023-06-13 09:30,NQ09B BUY NY N130 TP2,15110,2,603890,501,0.08,9,505.5,0.08,-14.5,0.00,61412,24.56,0
1352,Entry long,2023-06-13 09:30,[CC] BUY NY,15097.25,2,603890,501,0.08,9,505.5,0.08,-14.5,0.00,61412,24.56,0
1353,Exit long,2023-06-13 18:00,NQ09B BUY WEEKDAY 1800 D80,15118.5,1,302210,155.5,0.05,4.5,157.75,0.05,-17.25,-0.01,61567.5,24.63,0
1353,Entry long,2023-06-13 18:00,[CC] BUY WEAK,15110.5,1,302210,155.5,0.05,4.5,157.75,0.05,-17.25,-0.01,61567.5,24.63,0
1354,Exit long,2023-06-14 09:30,NQ09B BUY NY STOP,15094.5,2,603830,-59,-0.01,9,225.5,0.04,-54.5,-0.01,61508.5,24.60,0
1354,Entry long,2023-06-14 09:30,[CC] BUY NY,15095.75,2,603830,-59,-0.01,9,225.5,0.04,-54.5,-0.01,61508.5,24.60,0
1355,Exit long,2023-06-14 18:00,NQ09B BUY WEEKDAY 1800 STOP,15221,2,608890,-59,-0.01,9,0,0.00,-54.5,-0.01,61449.5,24.58,0
1355,Entry long,2023-06-14 18:00,[CC] BUY PREMIUM,15222.25,2,608890,-59,-0.01,9,0,0.00,-54.5,-0.01,61449.5,24.58,0
1356,Exit long,2023-06-15 09:30,NQ09B BUY NY N130 TP2,15154,2,605650,501,0.08,9,505.5,0.08,-14.5,0.00,61950.5,24.78,0
1356,Entry long,2023-06-15 09:30,[CC] BUY NY,15141.25,2,605650,501,0.08,9,505.5,0.08,-14.5,0.00,61950.5,24.78,0
1357,Exit long,2023-06-16 09:30,NQ09B BUY NY STOP,15470,2,618850,-59,-0.01,9,165.5,0.03,-54.5,-0.01,61891.5,24.76,0
1357,Entry long,2023-06-16 09:30,[CC] BUY NY,15471.25,2,618850,-59,-0.01,9,165.5,0.03,-54.5,-0.01,61891.5,24.76,0
1358,Exit long,2023-06-18 18:00,NQ09B BUY WEEKLY STOP,15302.25,2,612140,-59,-0.01,9,0,0.00,-54.5,-0.01,61832.5,24.73,0
1358,Entry long,2023-06-18 18:00,[CC] BUY WEEKLY,15303.5,2,612140,-59,-0.01,9,0,0.00,-54.5,-0.01,61832.5,24.73,0
1359,Exit long,2023-06-19 09:30,NQ09B BUY NY STOP,15250,2,610050,-59,-0.01,9,65.5,0.01,-54.5,-0.01,61773.5,24.71,0
1359,Entry long,2023-06-19 09:30,[CC] BUY NY,15251.25,2,610050,-59,-0.01,9,65.5,0.01,-54.5,-0.01,61773.5,24.71,0
1360,Exit long,2023-06-20 09:30,NQ09B BUY NY STOP,15210.5,2,608470,-59,-0.01,9,0,0.00,-54.5,-0.01,61714.5,24.69,0
1360,Entry long,2023-06-20 09:30,[CC] BUY NY,15211.75,2,608470,-59,-0.01,9,0,0.00,-54.5,-0.01,61714.5,24.69,0
1361,Exit long,2023-06-21 09:30,NQ09B BUY NY N130 TP2,15214.75,2,608080,501,0.08,9,505.5,0.08,-14.5,0.00,62215.5,24.89,0
1361,Entry long,2023-06-21 09:30,[CC] BUY NY,15202,2,608080,501,0.08,9,505.5,0.08,-14.5,0.00,62215.5,24.89,0
1362,Exit long,2023-06-22 09:30,NQ09B BUY NY STOP,14980.5,2,599270,-59,-0.01,9,0,0.00,-54.5,-0.01,62156.5,24.86,0
1362,Entry long,2023-06-22 09:30,[CC] BUY NY,14981.75,2,599270,-59,-0.01,9,0,0.00,-54.5,-0.01,62156.5,24.86,0
1363,Exit long,2023-06-22 18:00,NQ09B BUY WEEKDAY 1800 STOP,15235,2,609450,-59,-0.01,9,0,0.00,-54.5,-0.01,62097.5,24.84,0
1363,Entry long,2023-06-22 18:00,[CC] BUY PREMIUM,15236.25,2,609450,-59,-0.01,9,0,0.00,-54.5,-0.01,62097.5,24.84,0
1364,Exit long,2023-06-23 09:30,NQ09B BUY NY STOP,15042.5,2,601750,-59,-0.01,9,0,0.00,-54.5,-0.01,62038.5,24.82,0
1364,Entry long,2023-06-23 09:30,[CC] BUY NY,15043.75,2,601750,-59,-0.01,9,0,0.00,-54.5,-0.01,62038.5,24.82,0
1365,Exit long,2023-06-25 18:00,NQ09B BUY WEEKLY STOP,15056.75,2,602320,-59,-0.01,9,0,0.00,-54.5,-0.01,61979.5,24.79,0
1365,Entry long,2023-06-25 18:00,[CC] BUY WEEKLY,15058,2,602320,-59,-0.01,9,0,0.00,-54.5,-0.01,61979.5,24.79,0
1366,Exit long,2023-06-26 09:30,NQ09B BUY NY STOP,15035.5,2,601470,-59,-0.01,9,0,0.00,-54.5,-0.01,61920.5,24.77,0
1366,Entry long,2023-06-26 09:30,[CC] BUY NY,15036.75,2,601470,-59,-0.01,9,0,0.00,-54.5,-0.01,61920.5,24.77,0
1367,Exit long,2023-06-27 09:30,NQ09B BUY NY N130 TP2,14930.75,2,596720,501,0.08,9,505.5,0.08,-14.5,0.00,62421.5,24.97,0
1367,Entry long,2023-06-27 09:30,[CC] BUY NY,14918,2,596720,501,0.08,9,505.5,0.08,-14.5,0.00,62421.5,24.97,0
1368,Exit long,2023-06-28 09:30,NQ09B BUY NY STOP,15028.5,2,601190,-59,-0.01,9,0,0.00,-54.5,-0.01,62362.5,24.95,0
1368,Entry long,2023-06-28 09:30,[CC] BUY NY,15029.75,2,601190,-59,-0.01,9,0,0.00,-54.5,-0.01,62362.5,24.95,0
1369,Exit long,2023-06-29 09:30,NQ09B BUY NY N130 TP2,15132.25,2,604780,501,0.08,9,505.5,0.08,-14.5,0.00,62863.5,25.15,0
1369,Entry long,2023-06-29 09:30,[CC] BUY NY,15119.5,2,604780,501,0.08,9,505.5,0.08,-14.5,0.00,62863.5,25.15,0
1370,Exit long,2023-06-30 09:30,NQ09B BUY NY STOP,15251,2,610090,-59,-0.01,9,0,0.00,-54.5,-0.01,62804.5,25.12,0
1370,Entry long,2023-06-30 09:30,[CC] BUY NY,15252.25,2,610090,-59,-0.01,9,0,0.00,-54.5,-0.01,62804.5,25.12,0
1371,Exit long,2023-07-02 18:00,NQ09B BUY WEEKLY W80,15339.25,2,613250,311,0.05,9,315.5,0.05,-34.5,-0.01,63115.5,25.25,0
1371,Entry long,2023-07-02 18:00,[CC] BUY WEEKLY,15331.25,2,613250,311,0.05,9,315.5,0.05,-34.5,-0.01,63115.5,25.25,0
1372,Exit long,2023-07-03 09:30,NQ09B BUY NY STOP,15354.25,2,614220,-59,-0.01,9,0,0.00,-54.5,-0.01,63056.5,25.22,0
1372,Entry long,2023-07-03 09:30,[CC] BUY NY,15355.5,2,614220,-59,-0.01,9,0,0.00,-54.5,-0.01,63056.5,25.22,0
1373,Exit long,2023-07-03 18:00,NQ09B BUY WEEKDAY 1800 STOP,15356,1,307145,-29.5,-0.01,4.5,37.75,0.01,-27.25,-0.01,63027,25.21,0
1373,Entry long,2023-07-03 18:00,[CC] BUY WEAK,15357.25,1,307145,-29.5,-0.01,4.5,37.75,0.01,-27.25,-0.01,63027,25.21,0
1374,Exit long,2023-07-04 09:30,NQ09B BUY NY STOP,15362.75,2,614560,-59,-0.01,9,0,0.00,-54.5,-0.01,62968,25.19,0
1374,Entry long,2023-07-04 09:30,[CC] BUY NY,15364,2,614560,-59,-0.01,9,0,0.00,-54.5,-0.01,62968,25.19,0
1375,Exit long,2023-07-05 09:30,NQ09B BUY NY STOP,15292.5,2,611750,-59,-0.01,9,0,0.00,-54.5,-0.01,62909,25.16,0
1375,Entry long,2023-07-05 09:30,[CC] BUY NY,15293.75,2,611750,-59,-0.01,9,0,0.00,-54.5,-0.01,62909,25.16,0
1376,Exit long,2023-07-06 09:30,NQ09B BUY NY N130 TP2,15209,2,607850,501,0.08,9,505.5,0.08,-14.5,0.00,63410,25.36,0
1376,Entry long,2023-07-06 09:30,[CC] BUY NY,15196.25,2,607850,501,0.08,9,505.5,0.08,-14.5,0.00,63410,25.36,0
1377,Exit long,2023-07-07 09:30,NQ09B BUY NY STOP,15219.5,2,608830,-59,-0.01,9,0,0.00,-54.5,-0.01,63351,25.34,0
1377,Entry long,2023-07-07 09:30,[CC] BUY NY,15220.75,2,608830,-59,-0.01,9,0,0.00,-54.5,-0.01,63351,25.34,0
1378,Exit long,2023-07-09 18:00,NQ09B BUY WEEKLY STOP,15197.5,2,607950,-59,-0.01,9,0,0.00,-54.5,-0.01,63292,25.32,0
1378,Entry long,2023-07-09 18:00,[CC] BUY WEEKLY,15198.75,2,607950,-59,-0.01,9,0,0.00,-54.5,-0.01,63292,25.32,0
1379,Exit long,2023-07-10 09:30,NQ09B BUY NY STOP,15167.5,2,606750,-59,-0.01,9,0,0.00,-54.5,-0.01,63233,25.29,0
1379,Entry long,2023-07-10 09:30,[CC] BUY NY,15168.75,2,606750,-59,-0.01,9,0,0.00,-54.5,-0.01,63233,25.29,0
1380,Exit long,2023-07-11 09:30,NQ09B BUY NY STOP,15201,2,608090,-59,-0.01,9,465.5,0.08,-54.5,-0.01,63174,25.27,0
1380,Entry long,2023-07-11 09:30,[CC] BUY NY,15202.25,2,608090,-59,-0.01,9,465.5,0.08,-54.5,-0.01,63174,25.27,0
1381,Exit long,2023-07-12 09:30,NQ09B BUY NY N130 TP2,15443.25,2,617220,501,0.08,9,505.5,0.08,-14.5,0.00,63675,25.47,0
1381,Entry long,2023-07-12 09:30,[CC] BUY NY,15430.5,2,617220,501,0.08,9,505.5,0.08,-14.5,0.00,63675,25.47,0
1382,Exit long,2023-07-13 09:30,NQ09B BUY NY N130 TP2,15589.25,2,623060,501,0.08,9,505.5,0.08,-14.5,0.00,64176,25.67,0
1382,Entry long,2023-07-13 09:30,[CC] BUY NY,15576.5,2,623060,501,0.08,9,505.5,0.08,-14.5,0.00,64176,25.67,0
1383,Exit long,2023-07-14 09:30,NQ09B BUY NY N130 TP2,15735,2,628890,501,0.08,9,505.5,0.08,-34.5,-0.01,64677,25.87,0
1383,Entry long,2023-07-14 09:30,[CC] BUY NY,15722.25,2,628890,501,0.08,9,505.5,0.08,-34.5,-0.01,64677,25.87,0
1384,Exit long,2023-07-16 18:00,NQ09B BUY WEEKLY STOP,15689,2,627610,-59,-0.01,9,0,0.00,-54.5,-0.01,64618,25.85,0
1384,Entry long,2023-07-16 18:00,[CC] BUY WEEKLY,15690.25,2,627610,-59,-0.01,9,0,0.00,-54.5,-0.01,64618,25.85,0
1385,Exit long,2023-07-17 09:30,NQ09B BUY NY STOP,15728.75,2,629200,-59,-0.01,9,0,0.00,-54.5,-0.01,64559,25.82,0
1385,Entry long,2023-07-17 09:30,[CC] BUY NY,15730,2,629200,-59,-0.01,9,0,0.00,-54.5,-0.01,64559,25.82,0
1386,Exit long,2023-07-18 09:30,NQ09B BUY NY STOP,15814.25,2,632620,-59,-0.01,9,15.5,0.00,-54.5,-0.01,64500,25.80,0
1386,Entry long,2023-07-18 09:30,[CC] BUY NY,15815.5,2,632620,-59,-0.01,9,15.5,0.00,-54.5,-0.01,64500,25.80,0
1387,Exit long,2023-07-19 09:30,NQ09B BUY NY N130 TP2,16025.75,2,640520,501,0.08,9,505.5,0.08,-14.5,0.00,65001,26.00,0
1387,Entry long,2023-07-19 09:30,[CC] BUY NY,16013,2,640520,501,0.08,9,505.5,0.08,-14.5,0.00,65001,26.00,0
1388,Exit long,2023-07-19 18:00,NQ09B BUY WEEKDAY 1800 STOP,15921.75,1,318460,-29.5,-0.01,4.5,52.75,0.02,-27.25,-0.01,64971.5,25.99,0
1388,Entry long,2023-07-19 18:00,[CC] BUY WEAK,15923,1,318460,-29.5,-0.01,4.5,52.75,0.02,-27.25,-0.01,64971.5,25.99,0
1389,Exit long,2023-07-20 09:30,NQ09B BUY NY STOP,15832.75,2,633360,-59,-0.01,9,0,0.00,-54.5,-0.01,64912.5,25.97,0
1389,Entry long,2023-07-20 09:30,[CC] BUY NY,15834,2,633360,-59,-0.01,9,0,0.00,-54.5,-0.01,64912.5,25.97,0
1390,Exit long,2023-07-21 09:30,NQ09B BUY NY N130 TP2,15701.25,2,627540,501,0.08,9,505.5,0.08,-14.5,0.00,65413.5,26.17,0
1390,Entry long,2023-07-21 09:30,[CC] BUY NY,15688.5,2,627540,501,0.08,9,505.5,0.08,-14.5,0.00,65413.5,26.17,0
1391,Exit long,2023-07-23 18:00,NQ09B BUY WEEKLY STOP,15555,2,622250,-59,-0.01,9,0,0.00,-54.5,-0.01,65354.5,26.14,0
1391,Entry long,2023-07-23 18:00,[CC] BUY WEEKLY,15556.25,2,622250,-59,-0.01,9,0,0.00,-54.5,-0.01,65354.5,26.14,0
1392,Exit long,2023-07-24 09:30,NQ09B BUY NY STOP,15577.5,2,623150,-59,-0.01,9,0,0.00,-54.5,-0.01,65295.5,26.12,0
1392,Entry long,2023-07-24 09:30,[CC] BUY NY,15578.75,2,623150,-59,-0.01,9,0,0.00,-54.5,-0.01,65295.5,26.12,0
1393,Exit long,2023-07-25 09:30,NQ09B BUY NY STOP,15588,2,623570,-59,-0.01,9,0,0.00,-54.5,-0.01,65236.5,26.09,0
1393,Entry long,2023-07-25 09:30,[CC] BUY NY,15589.25,2,623570,-59,-0.01,9,0,0.00,-54.5,-0.01,65236.5,26.09,0
1394,Exit long,2023-07-25 18:00,NQ09B BUY WEEKDAY 1800 D80,15738.5,2,629220,311,0.05,9,315.5,0.05,-14.5,0.00,65547.5,26.22,0
1394,Entry long,2023-07-25 18:00,[CC] BUY PREMIUM,15730.5,2,629220,311,0.05,9,315.5,0.05,-14.5,0.00,65547.5,26.22,0
1395,Exit long,2023-07-26 09:30,NQ09B BUY NY N130 TP2,15632,2,624770,501,0.08,9,505.5,0.08,-14.5,0.00,66048.5,26.42,0
1395,Entry long,2023-07-26 09:30,[CC] BUY NY,15619.25,2,624770,501,0.08,9,505.5,0.08,-14.5,0.00,66048.5,26.42,0
1396,Exit long,2023-07-26 18:00,NQ09B BUY WEEKDAY 1800 STOP,15637.75,2,625560,-59,-0.01,9,0,0.00,-54.5,-0.01,65989.5,26.40,0
1396,Entry long,2023-07-26 18:00,[CC] BUY PREMIUM,15639,2,625560,-59,-0.01,9,0,0.00,-54.5,-0.01,65989.5,26.40,0
1397,Exit long,2023-07-27 09:30,NQ09B BUY NY STOP,15833.75,2,633400,-59,-0.01,9,0,0.00,-54.5,-0.01,65930.5,26.37,0
1397,Entry long,2023-07-27 09:30,[CC] BUY NY,15835,2,633400,-59,-0.01,9,0,0.00,-54.5,-0.01,65930.5,26.37,0
1398,Exit long,2023-07-28 09:30,NQ09B BUY NY N130 TP2,15750.75,2,629520,501,0.08,9,505.5,0.08,-14.5,0.00,66431.5,26.57,0
1398,Entry long,2023-07-28 09:30,[CC] BUY NY,15738,2,629520,501,0.08,9,505.5,0.08,-14.5,0.00,66431.5,26.57,0
1399,Exit long,2023-07-30 18:00,NQ09B BUY WEEKLY STOP,15849,2,634010,-59,-0.01,9,0,0.00,-54.5,-0.01,66372.5,26.55,0
1399,Entry long,2023-07-30 18:00,[CC] BUY WEEKLY,15850.25,2,634010,-59,-0.01,9,0,0.00,-54.5,-0.01,66372.5,26.55,0
1400,Exit long,2023-07-31 09:30,NQ09B BUY NY STOP,15859,2,634410,-59,-0.01,9,0,0.00,-54.5,-0.01,66313.5,26.53,0
1400,Entry long,2023-07-31 09:30,[CC] BUY NY,15860.25,2,634410,-59,-0.01,9,0,0.00,-54.5,-0.01,66313.5,26.53,0
1401,Exit long,2023-08-01 09:30,NQ09B BUY NY STOP,15795.5,2,631870,-59,-0.01,9,205.5,0.03,-54.5,-0.01,66254.5,26.50,0
1401,Entry long,2023-08-01 09:30,[CC] BUY NY,15796.75,2,631870,-59,-0.01,9,205.5,0.03,-54.5,-0.01,66254.5,26.50,0
1402,Exit long,2023-08-01 18:00,NQ09B BUY WEEKDAY 1800 STOP,15756,1,315145,-29.5,-0.01,4.5,2.75,0.00,-27.25,-0.01,66225,26.49,0
1402,Entry long,2023-08-01 18:00,[CC] BUY WEAK,15757.25,1,315145,-29.5,-0.01,4.5,2.75,0.00,-27.25,-0.01,66225,26.49,0
1403,Exit long,2023-08-02 09:30,NQ09B BUY NY STOP,15666.5,2,626710,-59,-0.01,9,35.5,0.01,-54.5,-0.01,66166,26.47,0
1403,Entry long,2023-08-02 09:30,[CC] BUY NY,15667.75,2,626710,-59,-0.01,9,35.5,0.01,-54.5,-0.01,66166,26.47,0
1404,Exit long,2023-08-02 18:00,NQ09B BUY WEEKDAY 1800 STOP,15454.75,1,309120,-29.5,-0.01,4.5,0,0.00,-27.25,-0.01,66136.5,26.45,0
1404,Entry long,2023-08-02 18:00,[CC] BUY WEAK,15456,1,309120,-29.5,-0.01,4.5,0,0.00,-27.25,-0.01,66136.5,26.45,0
1405,Exit long,2023-08-03 09:30,NQ09B BUY NY STOP,15357,2,614330,-59,-0.01,9,0,0.00,-54.5,-0.01,66077.5,26.43,0
1405,Entry long,2023-08-03 09:30,[CC] BUY NY,15358.25,2,614330,-59,-0.01,9,0,0.00,-54.5,-0.01,66077.5,26.43,0
1406,Exit long,2023-08-03 18:00,NQ09B BUY WEEKDAY 1800 STOP,15440,2,617650,-59,-0.01,9,0,0.00,-54.5,-0.01,66018.5,26.41,0
1406,Entry long,2023-08-03 18:00,[CC] BUY PREMIUM,15441.25,2,617650,-59,-0.01,9,0,0.00,-54.5,-0.01,66018.5,26.41,0
1407,Exit long,2023-08-04 09:30,NQ09B BUY NY STOP,15510.5,2,620470,-59,-0.01,9,0,0.00,-54.5,-0.01,65959.5,26.38,0
1407,Entry long,2023-08-04 09:30,[CC] BUY NY,15511.75,2,620470,-59,-0.01,9,0,0.00,-54.5,-0.01,65959.5,26.38,0
1408,Exit long,2023-08-06 18:00,NQ09B BUY WEEKLY STOP,15369.5,2,614830,-59,-0.01,9,0,0.00,-54.5,-0.01,65900.5,26.36,0
1408,Entry long,2023-08-06 18:00,[CC] BUY WEEKLY,15370.75,2,614830,-59,-0.01,9,0,0.00,-54.5,-0.01,65900.5,26.36,0
1409,Exit long,2023-08-07 09:30,NQ09B BUY NY STOP,15432.5,2,617350,-59,-0.01,9,0,0.00,-54.5,-0.01,65841.5,26.34,0
1409,Entry long,2023-08-07 09:30,[CC] BUY NY,15433.75,2,617350,-59,-0.01,9,0,0.00,-54.5,-0.01,65841.5,26.34,0
1410,Exit long,2023-08-08 09:30,NQ09B BUY NY STOP,15378,2,615170,-59,-0.01,9,5.5,0.00,-54.5,-0.01,65782.5,26.31,0
1410,Entry long,2023-08-08 09:30,[CC] BUY NY,15379.25,2,615170,-59,-0.01,9,5.5,0.00,-54.5,-0.01,65782.5,26.31,0
1411,Exit long,2023-08-09 09:30,NQ09B BUY NY STOP,15360,2,614450,-59,-0.01,9,285.5,0.05,-54.5,-0.01,65723.5,26.29,0
1411,Entry long,2023-08-09 09:30,[CC] BUY NY,15361.25,2,614450,-59,-0.01,9,285.5,0.05,-54.5,-0.01,65723.5,26.29,0
1412,Exit long,2023-08-10 09:30,NQ09B BUY NY STOP,15299.75,2,612040,-59,-0.01,9,0,0.00,-54.5,-0.01,65664.5,26.27,0
1412,Entry long,2023-08-10 09:30,[CC] BUY NY,15301,2,612040,-59,-0.01,9,0,0.00,-54.5,-0.01,65664.5,26.27,0
1413,Exit long,2023-08-11 09:30,NQ09B BUY NY STOP,15090.75,2,603680,-59,-0.01,9,0,0.00,-54.5,-0.01,65605.5,26.24,0
1413,Entry long,2023-08-11 09:30,[CC] BUY NY,15092,2,603680,-59,-0.01,9,0,0.00,-54.5,-0.01,65605.5,26.24,0
1414,Exit long,2023-08-13 18:00,NQ09B BUY WEEKLY STOP,15103,2,604170,-59,-0.01,9,0,0.00,-54.5,-0.01,65546.5,26.22,0
1414,Entry long,2023-08-13 18:00,[CC] BUY WEEKLY,15104.25,2,604170,-59,-0.01,9,0,0.00,-54.5,-0.01,65546.5,26.22,0
1415,Exit long,2023-08-14 09:30,NQ09B BUY NY STOP,15067.25,2,602740,-59,-0.01,9,385.5,0.06,-54.5,-0.01,65487.5,26.20,0
1415,Entry long,2023-08-14 09:30,[CC] BUY NY,15068.5,2,602740,-59,-0.01,9,385.5,0.06,-54.5,-0.01,65487.5,26.20,0
1416,Exit long,2023-08-15 09:30,NQ09B BUY NY STOP,15224,2,609010,-59,-0.01,9,0,0.00,-54.5,-0.01,65428.5,26.17,0
1416,Entry long,2023-08-15 09:30,[CC] BUY NY,15225.25,2,609010,-59,-0.01,9,0,0.00,-54.5,-0.01,65428.5,26.17,0
1417,Exit long,2023-08-16 09:30,NQ09B BUY NY STOP,15078.75,2,603200,-59,-0.01,9,415.5,0.07,-54.5,-0.01,65369.5,26.15,0
1417,Entry long,2023-08-16 09:30,[CC] BUY NY,15080,2,603200,-59,-0.01,9,415.5,0.07,-54.5,-0.01,65369.5,26.15,0
1418,Exit long,2023-08-16 18:00,NQ09B BUY WEEKDAY 1800 STOP,14939.25,1,298810,-29.5,-0.01,4.5,0,0.00,-27.25,-0.01,65340,26.14,0
1418,Entry long,2023-08-16 18:00,[CC] BUY WEAK,14940.5,1,298810,-29.5,-0.01,4.5,0,0.00,-27.25,-0.01,65340,26.14,0
1419,Exit long,2023-08-17 09:30,NQ09B BUY NY N130 TP2,15007.25,2,599780,501,0.08,9,505.5,0.08,-14.5,0.00,65841,26.34,0
1419,Entry long,2023-08-17 09:30,[CC] BUY NY,14994.5,2,599780,501,0.08,9,505.5,0.08,-14.5,0.00,65841,26.34,0
1420,Exit long,2023-08-17 18:00,NQ09B BUY WEEKDAY 1800 STOP,14747,2,589930,-59,-0.01,9,0,0.00,-54.5,-0.01,65782,26.31,0
1420,Entry long,2023-08-17 18:00,[CC] BUY PREMIUM,14748.25,2,589930,-59,-0.01,9,0,0.00,-54.5,-0.01,65782,26.31,0
1421,Exit long,2023-08-18 09:30,NQ09B BUY NY STOP,14631.25,2,585300,-59,-0.01,9,0,0.00,-54.5,-0.01,65723,26.29,0
1421,Entry long,2023-08-18 09:30,[CC] BUY NY,14632.5,2,585300,-59,-0.01,9,0,0.00,-54.5,-0.01,65723,26.29,0
1422,Exit long,2023-08-20 18:00,NQ09B BUY WEEKLY STOP,14761.5,2,590510,-59,-0.01,9,0,0.00,-54.5,-0.01,65664,26.27,0
1422,Entry long,2023-08-20 18:00,[CC] BUY WEEKLY,14762.75,2,590510,-59,-0.01,9,0,0.00,-54.5,-0.01,65664,26.27,0
1423,Exit long,2023-08-21 09:30,NQ09B BUY NY STOP,14807.75,2,592360,-59,-0.01,9,0,0.00,-54.5,-0.01,65605,26.24,0
1423,Entry long,2023-08-21 09:30,[CC] BUY NY,14809,2,592360,-59,-0.01,9,0,0.00,-54.5,-0.01,65605,26.24,0
1424,Exit long,2023-08-22 09:30,NQ09B BUY NY STOP,15090.5,2,603670,-59,-0.01,9,15.5,0.00,-54.5,-0.01,65546,26.22,0
1424,Entry long,2023-08-22 09:30,[CC] BUY NY,15091.75,2,603670,-59,-0.01,9,15.5,0.00,-54.5,-0.01,65546,26.22,0
1425,Exit long,2023-08-23 09:30,NQ09B BUY NY STOP,15008.25,2,600380,-59,-0.01,9,0,0.00,-54.5,-0.01,65487,26.19,0
1425,Entry long,2023-08-23 09:30,[CC] BUY NY,15009.5,2,600380,-59,-0.01,9,0,0.00,-54.5,-0.01,65487,26.19,0
1426,Exit long,2023-08-23 18:00,NQ09B BUY WEEKDAY 1800 STOP,15332,2,613330,-59,-0.01,9,0,0.00,-54.5,-0.01,65428,26.17,0
1426,Entry long,2023-08-23 18:00,[CC] BUY PREMIUM,15333.25,2,613330,-59,-0.01,9,0,0.00,-54.5,-0.01,65428,26.17,0
1427,Exit long,2023-08-24 09:30,NQ09B BUY NY STOP,15334.5,2,613430,-59,-0.01,9,155.5,0.03,-54.5,-0.01,65369,26.15,0
1427,Entry long,2023-08-24 09:30,[CC] BUY NY,15335.75,2,613430,-59,-0.01,9,155.5,0.03,-54.5,-0.01,65369,26.15,0
1428,Exit long,2023-08-24 18:00,NQ09B BUY WEEKDAY 1800 STOP,14832,1,296665,-29.5,-0.01,4.5,0,0.00,-27.25,-0.01,65339.5,26.14,0
1428,Entry long,2023-08-24 18:00,[CC] BUY WEAK,14833.25,1,296665,-29.5,-0.01,4.5,0,0.00,-27.25,-0.01,65339.5,26.14,0
1429,Exit long,2023-08-25 09:30,NQ09B BUY NY STOP,14896.25,2,595900,-59,-0.01,9,0,0.00,-54.5,-0.01,65280.5,26.11,0
1429,Entry long,2023-08-25 09:30,[CC] BUY NY,14897.5,2,595900,-59,-0.01,9,0,0.00,-54.5,-0.01,65280.5,26.11,0
1430,Exit long,2023-08-27 18:00,NQ09B BUY WEEKLY STOP,14990,2,599650,-59,-0.01,9,0,0.00,-54.5,-0.01,65221.5,26.09,0
1430,Entry long,2023-08-27 18:00,[CC] BUY WEEKLY,14991.25,2,599650,-59,-0.01,9,0,0.00,-54.5,-0.01,65221.5,26.09,0
1431,Exit long,2023-08-28 09:30,NQ09B BUY NY N130 TP2,15110.5,2,603910,501,0.08,9,505.5,0.08,-14.5,0.00,65722.5,26.29,0
1431,Entry long,2023-08-28 09:30,[CC] BUY NY,15097.75,2,603910,501,0.08,9,505.5,0.08,-14.5,0.00,65722.5,26.29,0
1432,Exit long,2023-08-29 09:30,NQ09B BUY NY STOP,15075.75,2,603080,-59,-0.01,9,0,0.00,-54.5,-0.01,65663.5,26.27,0
1432,Entry long,2023-08-29 09:30,[CC] BUY NY,15077,2,603080,-59,-0.01,9,0,0.00,-54.5,-0.01,65663.5,26.27,0
1433,Exit long,2023-08-30 09:30,NQ09B BUY NY STOP,15415.25,2,616660,-59,-0.01,9,0,0.00,-54.5,-0.01,65604.5,26.24,0
1433,Entry long,2023-08-30 09:30,[CC] BUY NY,15416.5,2,616660,-59,-0.01,9,0,0.00,-54.5,-0.01,65604.5,26.24,0
1434,Exit long,2023-08-31 09:30,NQ09B BUY NY STOP,15491.25,2,619700,-59,-0.01,9,0,0.00,-54.5,-0.01,65545.5,26.22,0
1434,Entry long,2023-08-31 09:30,[CC] BUY NY,15492.5,2,619700,-59,-0.01,9,0,0.00,-54.5,-0.01,65545.5,26.22,0
1435,Exit long,2023-09-01 09:30,NQ09B BUY NY N130 TP2,15646,2,625330,501,0.08,9,505.5,0.08,-14.5,0.00,66046.5,26.42,0
1435,Entry long,2023-09-01 09:30,[CC] BUY NY,15633.25,2,625330,501,0.08,9,505.5,0.08,-14.5,0.00,66046.5,26.42,0
1436,Exit long,2023-09-03 18:00,NQ09B BUY WEEKLY STOP,15516,2,620690,-59,-0.01,9,0,0.00,-54.5,-0.01,65987.5,26.40,0
1436,Entry long,2023-09-03 18:00,[CC] BUY WEEKLY,15517.25,2,620690,-59,-0.01,9,0,0.00,-54.5,-0.01,65987.5,26.40,0
1437,Exit long,2023-09-04 09:30,NQ09B BUY NY STOP,15554,2,622210,-59,-0.01,9,0,0.00,-54.5,-0.01,65928.5,26.37,0
1437,Entry long,2023-09-04 09:30,[CC] BUY NY,15555.25,2,622210,-59,-0.01,9,0,0.00,-54.5,-0.01,65928.5,26.37,0
1438,Exit long,2023-09-05 09:30,NQ09B BUY NY N130 TP2,15494.75,2,619280,501,0.08,9,505.5,0.08,-14.5,0.00,66429.5,26.57,0
1438,Entry long,2023-09-05 09:30,[CC] BUY NY,15482,2,619280,501,0.08,9,505.5,0.08,-14.5,0.00,66429.5,26.57,0
1439,Exit long,2023-09-06 09:30,NQ09B BUY NY STOP,15498.5,2,619990,-59,-0.01,9,175.5,0.03,-54.5,-0.01,66370.5,26.55,0
1439,Entry long,2023-09-06 09:30,[CC] BUY NY,15499.75,2,619990,-59,-0.01,9,175.5,0.03,-54.5,-0.01,66370.5,26.55,0
1440,Exit long,2023-09-07 09:30,NQ09B BUY NY STOP,15199.5,2,608030,-59,-0.01,9,95.5,0.02,-54.5,-0.01,66311.5,26.52,0
1440,Entry long,2023-09-07 09:30,[CC] BUY NY,15200.75,2,608030,-59,-0.01,9,95.5,0.02,-54.5,-0.01,66311.5,26.52,0
1441,Exit long,2023-09-08 09:30,NQ09B BUY NY STOP,15272,2,610930,-59,-0.01,9,0,0.00,-54.5,-0.01,66252.5,26.50,0
1441,Entry long,2023-09-08 09:30,[CC] BUY NY,15273.25,2,610930,-59,-0.01,9,0,0.00,-54.5,-0.01,66252.5,26.50,0
1442,Exit long,2023-09-10 18:00,NQ09B BUY WEEKLY STOP,15307,2,612330,-59,-0.01,9,185.5,0.03,-54.5,-0.01,66193.5,26.48,0
1442,Entry long,2023-09-10 18:00,[CC] BUY WEEKLY,15308.25,2,612330,-59,-0.01,9,185.5,0.03,-54.5,-0.01,66193.5,26.48,0
1443,Exit long,2023-09-11 09:30,NQ09B BUY NY STOP,15419,2,616810,-59,-0.01,9,0,0.00,-54.5,-0.01,66134.5,26.45,0
1443,Entry long,2023-09-11 09:30,[CC] BUY NY,15420.25,2,616810,-59,-0.01,9,0,0.00,-54.5,-0.01,66134.5,26.45,0
1444,Exit long,2023-09-12 09:30,NQ09B BUY NY STOP,15599.5,2,624030,-59,-0.01,9,0,0.00,-54.5,-0.01,66075.5,26.43,0
1444,Entry long,2023-09-12 09:30,[CC] BUY NY,15600.75,2,624030,-59,-0.01,9,0,0.00,-54.5,-0.01,66075.5,26.43,0
1445,Exit long,2023-09-13 09:30,NQ09B BUY NY STOP,15502.75,2,620160,-59,-0.01,9,0,0.00,-54.5,-0.01,66016.5,26.41,0
1445,Entry long,2023-09-13 09:30,[CC] BUY NY,15504,2,620160,-59,-0.01,9,0,0.00,-54.5,-0.01,66016.5,26.41,0
1446,Exit long,2023-09-14 09:30,NQ09B BUY NY N130 TP2,15633,2,624810,501,0.08,9,505.5,0.08,-14.5,0.00,66517.5,26.61,0
1446,Entry long,2023-09-14 09:30,[CC] BUY NY,15620.25,2,624810,501,0.08,9,505.5,0.08,-14.5,0.00,66517.5,26.61,0
1447,Exit long,2023-09-14 18:00,NQ09B BUY WEEKDAY 1800 STOP,15676,1,313545,-29.5,-0.01,4.5,32.75,0.01,-27.25,-0.01,66488,26.60,0
1447,Entry long,2023-09-14 18:00,[CC] BUY WEAK,15677.25,1,313545,-29.5,-0.01,4.5,32.75,0.01,-27.25,-0.01,66488,26.60,0
1448,Exit long,2023-09-15 09:30,NQ09B BUY NY N130 TP2,15623.5,2,624430,501,0.08,9,505.5,0.08,-14.5,0.00,66989,26.80,0
1448,Entry long,2023-09-15 09:30,[CC] BUY NY,15610.75,2,624430,501,0.08,9,505.5,0.08,-14.5,0.00,66989,26.80,0
1449,Exit long,2023-09-17 18:00,NQ09B BUY WEEKLY STOP,15381.25,2,615300,-59,-0.01,9,0,0.00,-54.5,-0.01,66930,26.77,0
1449,Entry long,2023-09-17 18:00,[CC] BUY WEEKLY,15382.5,2,615300,-59,-0.01,9,0,0.00,-54.5,-0.01,66930,26.77,0
1450,Exit long,2023-09-18 09:30,NQ09B BUY NY STOP,15354.75,2,614240,-59,-0.01,9,0,0.00,-54.5,-0.01,66871,26.75,0
1450,Entry long,2023-09-18 09:30,[CC] BUY NY,15356,2,614240,-59,-0.01,9,0,0.00,-54.5,-0.01,66871,26.75,0
1451,Exit long,2023-09-19 09:30,NQ09B BUY NY STOP,15354,2,614210,-59,-0.01,9,105.5,0.02,-54.5,-0.01,66812,26.72,0
1451,Entry long,2023-09-19 09:30,[CC] BUY NY,15355.25,2,614210,-59,-0.01,9,105.5,0.02,-54.5,-0.01,66812,26.72,0
1452,Exit long,2023-09-20 09:30,NQ09B BUY NY STOP,15418.25,2,616780,-59,-0.01,9,0,0.00,-54.5,-0.01,66753,26.70,0
1452,Entry long,2023-09-20 09:30,[CC] BUY NY,15419.5,2,616780,-59,-0.01,9,0,0.00,-54.5,-0.01,66753,26.70,0
1453,Exit long,2023-09-20 18:00,NQ09B BUY WEEKDAY 1800 D80,15141.5,2,605340,311,0.05,9,315.5,0.05,-14.5,0.00,67064,26.83,0
1453,Entry long,2023-09-20 18:00,[CC] BUY PREMIUM,15133.5,2,605340,311,0.05,9,315.5,0.05,-14.5,0.00,67064,26.83,0
1454,Exit long,2023-09-21 09:30,NQ09B BUY NY STOP,14987,2,599530,-59,-0.01,9,0,0.00,-54.5,-0.01,67005,26.80,0
1454,Entry long,2023-09-21 09:30,[CC] BUY NY,14988.25,2,599530,-59,-0.01,9,0,0.00,-54.5,-0.01,67005,26.80,0
1455,Exit long,2023-09-22 09:30,NQ09B BUY NY STOP,14936.5,2,597510,-59,-0.01,9,125.5,0.02,-54.5,-0.01,66946,26.78,0
1455,Entry long,2023-09-22 09:30,[CC] BUY NY,14937.75,2,597510,-59,-0.01,9,125.5,0.02,-54.5,-0.01,66946,26.78,0
1456,Exit long,2023-09-24 18:00,NQ09B BUY WEEKLY W80,14888.5,2,595220,311,0.05,9,315.5,0.05,-14.5,0.00,67257,26.90,0
1456,Entry long,2023-09-24 18:00,[CC] BUY WEEKLY,14880.5,2,595220,311,0.05,9,315.5,0.05,-14.5,0.00,67257,26.90,0
1457,Exit long,2023-09-25 09:30,NQ09B BUY NY STOP,14823.5,2,592990,-59,-0.01,9,425.5,0.07,-54.5,-0.01,67198,26.88,0
1457,Entry long,2023-09-25 09:30,[CC] BUY NY,14824.75,2,592990,-59,-0.01,9,425.5,0.07,-54.5,-0.01,67198,26.88,0
1458,Exit long,2023-09-26 09:30,NQ09B BUY NY N130 TP2,14838,2,593010,501,0.08,9,505.5,0.09,-14.5,0.00,67699,27.08,0
1458,Entry long,2023-09-26 09:30,[CC] BUY NY,14825.25,2,593010,501,0.08,9,505.5,0.09,-14.5,0.00,67699,27.08,0
1459,Exit long,2023-09-27 09:30,NQ09B BUY NY STOP,14752,2,590130,-59,-0.01,9,0,0.00,-54.5,-0.01,67640,27.06,0
1459,Entry long,2023-09-27 09:30,[CC] BUY NY,14753.25,2,590130,-59,-0.01,9,0,0.00,-54.5,-0.01,67640,27.06,0
1460,Exit long,2023-09-27 18:00,NQ09B BUY WEEKDAY 1800 STOP,14771.5,1,295455,-29.5,-0.01,4.5,37.75,0.01,-27.25,-0.01,67610.5,27.04,0
1460,Entry long,2023-09-27 18:00,[CC] BUY WEAK,14772.75,1,295455,-29.5,-0.01,4.5,37.75,0.01,-27.25,-0.01,67610.5,27.04,0
1461,Exit long,2023-09-28 09:30,NQ09B BUY NY N130 TP2,14708,2,587810,501,0.09,9,505.5,0.09,-14.5,0.00,68111.5,27.24,0
1461,Entry long,2023-09-28 09:30,[CC] BUY NY,14695.25,2,587810,501,0.09,9,505.5,0.09,-14.5,0.00,68111.5,27.24,0
1462,Exit long,2023-09-28 18:00,NQ09B BUY WEEKDAY 1800 STOP,14875.5,1,297535,-29.5,-0.01,4.5,0,0.00,-27.25,-0.01,68082,27.23,0
1462,Entry long,2023-09-28 18:00,[CC] BUY WEAK,14876.75,1,297535,-29.5,-0.01,4.5,0,0.00,-27.25,-0.01,68082,27.23,0
1463,Exit long,2023-09-29 09:30,NQ09B BUY NY N130 TP2,15014.5,2,600070,501,0.08,9,505.5,0.08,-14.5,0.00,68583,27.43,0
1463,Entry long,2023-09-29 09:30,[CC] BUY NY,15001.75,2,600070,501,0.08,9,505.5,0.08,-14.5,0.00,68583,27.43,0
1464,Exit long,2023-10-01 18:00,NQ09B BUY WEEKLY STOP,14964,2,598610,-59,-0.01,9,0,0.00,-54.5,-0.01,68524,27.41,0
1464,Entry long,2023-10-01 18:00,[CC] BUY WEEKLY,14965.25,2,598610,-59,-0.01,9,0,0.00,-54.5,-0.01,68524,27.41,0
1465,Exit long,2023-10-02 09:30,NQ09B BUY NY STOP,14872.75,2,594960,-59,-0.01,9,0,0.00,-54.5,-0.01,68465,27.39,0
1465,Entry long,2023-10-02 09:30,[CC] BUY NY,14874,2,594960,-59,-0.01,9,0,0.00,-54.5,-0.01,68465,27.39,0
1466,Exit long,2023-10-03 09:30,NQ09B BUY NY STOP,14879.25,2,595220,-59,-0.01,9,0,0.00,-54.5,-0.01,68406,27.36,0
1466,Entry long,2023-10-03 09:30,[CC] BUY NY,14880.5,2,595220,-59,-0.01,9,0,0.00,-54.5,-0.01,68406,27.36,0
1467,Exit long,2023-10-03 18:00,NQ09B BUY WEEKDAY 1800 STOP,14712.75,1,294280,-29.5,-0.01,4.5,92.75,0.03,-27.25,-0.01,68376.5,27.35,0
1467,Entry long,2023-10-03 18:00,[CC] BUY WEAK,14714,1,294280,-29.5,-0.01,4.5,92.75,0.03,-27.25,-0.01,68376.5,27.35,0
1468,Exit long,2023-10-04 09:30,NQ09B BUY NY STOP,14752,2,590130,-59,-0.01,9,0,0.00,-54.5,-0.01,68317.5,27.33,0
1468,Entry long,2023-10-04 09:30,[CC] BUY NY,14753.25,2,590130,-59,-0.01,9,0,0.00,-54.5,-0.01,68317.5,27.33,0
1469,Exit long,2023-10-05 09:30,NQ09B BUY NY STOP,14908,2,596370,-59,-0.01,9,425.5,0.07,-54.5,-0.01,68258.5,27.30,0
1469,Entry long,2023-10-05 09:30,[CC] BUY NY,14909.25,2,596370,-59,-0.01,9,425.5,0.07,-54.5,-0.01,68258.5,27.30,0
1470,Exit long,2023-10-06 09:30,NQ09B BUY NY STOP,14735.75,2,589480,-59,-0.01,9,0,0.00,-54.5,-0.01,68199.5,27.28,0
1470,Entry long,2023-10-06 09:30,[CC] BUY NY,14737,2,589480,-59,-0.01,9,0,0.00,-54.5,-0.01,68199.5,27.28,0
1471,Exit long,2023-10-08 18:00,NQ09B BUY WEEKLY STOP,15039.25,2,601620,-59,-0.01,9,0,0.00,-54.5,-0.01,68140.5,27.26,0
1471,Entry long,2023-10-08 18:00,[CC] BUY WEEKLY,15040.5,2,601620,-59,-0.01,9,0,0.00,-54.5,-0.01,68140.5,27.26,0
1472,Exit long,2023-10-09 09:30,NQ09B BUY NY STOP,15011.25,2,600500,-59,-0.01,9,135.5,0.02,-54.5,-0.01,68081.5,27.23,0
1472,Entry long,2023-10-09 09:30,[CC] BUY NY,15012.5,2,600500,-59,-0.01,9,135.5,0.02,-54.5,-0.01,68081.5,27.23,0
1473,Exit long,2023-10-10 09:30,NQ09B BUY NY STOP,15200,2,608050,-59,-0.01,9,0,0.00,-54.5,-0.01,68022.5,27.21,0
1473,Entry long,2023-10-10 09:30,[CC] BUY NY,15201.25,2,608050,-59,-0.01,9,0,0.00,-54.5,-0.01,68022.5,27.21,0
1474,Exit long,2023-10-11 09:30,NQ09B BUY NY STOP,15324.25,2,613020,-59,-0.01,9,0,0.00,-54.5,-0.01,67963.5,27.19,0
1474,Entry long,2023-10-11 09:30,[CC] BUY NY,15325.5,2,613020,-59,-0.01,9,0,0.00,-54.5,-0.01,67963.5,27.19,0
1475,Exit long,2023-10-12 09:30,NQ09B BUY NY STOP,15391.75,2,615720,-59,-0.01,9,395.5,0.06,-54.5,-0.01,67904.5,27.16,0
1475,Entry long,2023-10-12 09:30,[CC] BUY NY,15393,2,615720,-59,-0.01,9,395.5,0.06,-54.5,-0.01,67904.5,27.16,0
1476,Exit long,2023-10-13 09:30,NQ09B BUY NY STOP,15341.25,2,613700,-59,-0.01,9,0,0.00,-54.5,-0.01,67845.5,27.14,0
1476,Entry long,2023-10-13 09:30,[CC] BUY NY,15342.5,2,613700,-59,-0.01,9,0,0.00,-54.5,-0.01,67845.5,27.14,0
1477,Exit long,2023-10-15 18:00,NQ09B BUY WEEKLY W80,15128.25,2,604810,311,0.05,9,315.5,0.05,-14.5,0.00,68156.5,27.26,0
1477,Entry long,2023-10-15 18:00,[CC] BUY WEEKLY,15120.25,2,604810,311,0.05,9,315.5,0.05,-14.5,0.00,68156.5,27.26,0
1478,Exit long,2023-10-16 09:30,NQ09B BUY NY STOP,15174.75,2,607040,-59,-0.01,9,0,0.00,-54.5,-0.01,68097.5,27.24,0
1478,Entry long,2023-10-16 09:30,[CC] BUY NY,15176,2,607040,-59,-0.01,9,0,0.00,-54.5,-0.01,68097.5,27.24,0
1479,Exit long,2023-10-17 09:30,NQ09B BUY NY STOP,15137.5,2,605550,-59,-0.01,9,125.5,0.02,-54.5,-0.01,68038.5,27.22,0
1479,Entry long,2023-10-17 09:30,[CC] BUY NY,15138.75,2,605550,-59,-0.01,9,125.5,0.02,-54.5,-0.01,68038.5,27.22,0
1480,Exit long,2023-10-18 09:30,NQ09B BUY NY STOP,15129.75,2,605240,-59,-0.01,9,0,0.00,-54.5,-0.01,67979.5,27.19,0
1480,Entry long,2023-10-18 09:30,[CC] BUY NY,15131,2,605240,-59,-0.01,9,0,0.00,-54.5,-0.01,67979.5,27.19,0
1481,Exit long,2023-10-19 09:30,NQ09B BUY NY STOP,15086.5,2,603510,-59,-0.01,9,0,0.00,-54.5,-0.01,67920.5,27.17,0
1481,Entry long,2023-10-19 09:30,[CC] BUY NY,15087.75,2,603510,-59,-0.01,9,0,0.00,-54.5,-0.01,67920.5,27.17,0
1482,Exit long,2023-10-20 09:30,NQ09B BUY NY STOP,14861.5,2,594510,-59,-0.01,9,35.5,0.01,-54.5,-0.01,67861.5,27.14,0
1482,Entry long,2023-10-20 09:30,[CC] BUY NY,14862.75,2,594510,-59,-0.01,9,35.5,0.01,-54.5,-0.01,67861.5,27.14,0
1483,Exit long,2023-10-22 18:00,NQ09B BUY WEEKLY W80,14688.25,2,587210,311,0.05,9,315.5,0.05,-14.5,0.00,68172.5,27.27,0
1483,Entry long,2023-10-22 18:00,[CC] BUY WEEKLY,14680.25,2,587210,311,0.05,9,315.5,0.05,-14.5,0.00,68172.5,27.27,0
1484,Exit long,2023-10-23 09:30,NQ09B BUY NY N130 TP2,14615.5,2,584110,501,0.09,9,505.5,0.09,-14.5,0.00,68673.5,27.47,0
1484,Entry long,2023-10-23 09:30,[CC] BUY NY,14602.75,2,584110,501,0.09,9,505.5,0.09,-14.5,0.00,68673.5,27.47,0
1485,Exit long,2023-10-24 09:30,NQ09B BUY NY STOP,14777.25,2,591140,-59,-0.01,9,0,0.00,-54.5,-0.01,68614.5,27.45,0
1485,Entry long,2023-10-24 09:30,[CC] BUY NY,14778.5,2,591140,-59,-0.01,9,0,0.00,-54.5,-0.01,68614.5,27.45,0
1486,Exit long,2023-10-24 18:00,NQ09B BUY WEEKDAY 1800 D80,14836.25,2,593130,311,0.05,9,315.5,0.05,-14.5,0.00,68925.5,27.57,0
1486,Entry long,2023-10-24 18:00,[CC] BUY PREMIUM,14828.25,2,593130,311,0.05,9,315.5,0.05,-14.5,0.00,68925.5,27.57,0
1487,Exit long,2023-10-25 09:30,NQ09B BUY NY STOP,14740.75,2,589680,-59,-0.01,9,285.5,0.05,-54.5,-0.01,68866.5,27.55,0
1487,Entry long,2023-10-25 09:30,[CC] BUY NY,14742,2,589680,-59,-0.01,9,285.5,0.05,-54.5,-0.01,68866.5,27.55,0
1488,Exit long,2023-10-25 18:00,NQ09B BUY WEEKDAY 1800 STOP,14424,1,288505,-29.5,-0.01,4.5,92.75,0.03,-27.25,-0.01,68837,27.53,0
1488,Entry long,2023-10-25 18:00,[CC] BUY WEAK,14425.25,1,288505,-29.5,-0.01,4.5,92.75,0.03,-27.25,-0.01,68837,27.53,0
1489,Exit long,2023-10-26 09:30,NQ09B BUY NY STOP,14419.75,2,576840,-59,-0.01,9,0,0.00,-54.5,-0.01,68778,27.51,0
1489,Entry long,2023-10-26 09:30,[CC] BUY NY,14421,2,576840,-59,-0.01,9,0,0.00,-54.5,-0.01,68778,27.51,0
1490,Exit long,2023-10-26 18:00,NQ09B BUY WEEKDAY 1800 STOP,14247.25,1,284970,-29.5,-0.01,4.5,0,0.00,-27.25,-0.01,68748.5,27.50,0
1490,Entry long,2023-10-26 18:00,[CC] BUY WEAK,14248.5,1,284970,-29.5,-0.01,4.5,0,0.00,-27.25,-0.01,68748.5,27.50,0
1491,Exit long,2023-10-27 09:30,NQ09B BUY NY N130 TP2,14320,2,572290,501,0.09,9,505.5,0.09,-24.5,0.00,69249.5,27.70,0
1491,Entry long,2023-10-27 09:30,[CC] BUY NY,14307.25,2,572290,501,0.09,9,505.5,0.09,-24.5,0.00,69249.5,27.70,0
1492,Exit long,2023-10-29 18:00,NQ09B BUY WEEKLY STOP,14335,2,573450,-59,-0.01,9,145.5,0.03,-54.5,-0.01,69190.5,27.68,0
1492,Entry long,2023-10-29 18:00,[CC] BUY WEEKLY,14336.25,2,573450,-59,-0.01,9,145.5,0.03,-54.5,-0.01,69190.5,27.68,0
1493,Exit long,2023-10-30 09:30,NQ09B BUY NY STOP,14364.75,2,574640,-59,-0.01,9,0,0.00,-54.5,-0.01,69131.5,27.65,0
1493,Entry long,2023-10-30 09:30,[CC] BUY NY,14366,2,574640,-59,-0.01,9,0,0.00,-54.5,-0.01,69131.5,27.65,0
1494,Exit long,2023-10-31 09:30,NQ09B BUY NY STOP,14418.25,2,576780,-59,-0.01,9,365.5,0.06,-54.5,-0.01,69072.5,27.63,0
1494,Entry long,2023-10-31 09:30,[CC] BUY NY,14419.5,2,576780,-59,-0.01,9,365.5,0.06,-54.5,-0.01,69072.5,27.63,0
1495,Exit long,2023-11-01 09:30,NQ09B BUY NY STOP,14519.25,2,580820,-59,-0.01,9,0,0.00,-54.5,-0.01,69013.5,27.61,0
1495,Entry long,2023-11-01 09:30,[CC] BUY NY,14520.5,2,580820,-59,-0.01,9,0,0.00,-54.5,-0.01,69013.5,27.61,0
1496,Exit long,2023-11-01 18:00,NQ09B BUY WEEKDAY 1800 STOP,14760.25,1,295230,-29.5,-0.01,4.5,0,0.00,-27.25,-0.01,68984,27.59,0
1496,Entry long,2023-11-01 18:00,[CC] BUY WEAK,14761.5,1,295230,-29.5,-0.01,4.5,0,0.00,-27.25,-0.01,68984,27.59,0
1497,Exit long,2023-11-02 09:30,NQ09B BUY NY N130 TP2,14933.5,2,596830,501,0.08,9,505.5,0.08,-14.5,0.00,69485,27.79,0
1497,Entry long,2023-11-02 09:30,[CC] BUY NY,14920.75,2,596830,501,0.08,9,505.5,0.08,-14.5,0.00,69485,27.79,0
1498,Exit long,2023-11-02 18:00,NQ09B BUY WEEKDAY 1800 STOP,14927,2,597130,-59,-0.01,9,0,0.00,-54.5,-0.01,69426,27.77,0
1498,Entry long,2023-11-02 18:00,[CC] BUY PREMIUM,14928.25,2,597130,-59,-0.01,9,0,0.00,-54.5,-0.01,69426,27.77,0
1499,Exit long,2023-11-03 09:30,NQ09B BUY NY STOP,15050,2,602050,-59,-0.01,9,0,0.00,-54.5,-0.01,69367,27.75,0
1499,Entry long,2023-11-03 09:30,[CC] BUY NY,15051.25,2,602050,-59,-0.01,9,0,0.00,-54.5,-0.01,69367,27.75,0
1500,Exit long,2023-11-05 18:00,NQ09B BUY WEEKLY STOP,15186,2,607490,-59,-0.01,9,0,0.00,-54.5,-0.01,69308,27.72,0
1500,Entry long,2023-11-05 18:00,[CC] BUY WEEKLY,15187.25,2,607490,-59,-0.01,9,0,0.00,-54.5,-0.01,69308,27.72,0
1501,Exit long,2023-11-06 09:30,NQ09B BUY NY STOP,15203,2,608170,-59,-0.01,9,0,0.00,-54.5,-0.01,69249,27.70,0
1501,Entry long,2023-11-06 09:30,[CC] BUY NY,15204.25,2,608170,-59,-0.01,9,0,0.00,-54.5,-0.01,69249,27.70,0
1502,Exit long,2023-11-07 09:30,NQ09B BUY NY STOP,15274.75,2,611040,-59,-0.01,9,445.5,0.07,-54.5,-0.01,69190,27.68,0
1502,Entry long,2023-11-07 09:30,[CC] BUY NY,15276,2,611040,-59,-0.01,9,445.5,0.07,-54.5,-0.01,69190,27.68,0
1503,Exit long,2023-11-08 09:30,NQ09B BUY NY STOP,15387.5,2,615550,-59,-0.01,9,0,0.00,-54.5,-0.01,69131,27.65,0
1503,Entry long,2023-11-08 09:30,[CC] BUY NY,15388.75,2,615550,-59,-0.01,9,0,0.00,-54.5,-0.01,69131,27.65,0
1504,Exit long,2023-11-09 09:30,NQ09B BUY NY N130 TP2,15417.5,2,616190,501,0.08,9,505.5,0.08,-14.5,0.00,69632,27.85,0
1504,Entry long,2023-11-09 09:30,[CC] BUY NY,15404.75,2,616190,501,0.08,9,505.5,0.08,-14.5,0.00,69632,27.85,0
1505,Exit long,2023-11-10 09:30,NQ09B BUY NY STOP,15326.75,2,613120,-59,-0.01,9,95.5,0.02,-54.5,-0.01,69573,27.83,0
1505,Entry long,2023-11-10 09:30,[CC] BUY NY,15328,2,613120,-59,-0.01,9,95.5,0.02,-54.5,-0.01,69573,27.83,0
1506,Exit long,2023-11-12 18:00,NQ09B BUY WEEKLY STOP,15585.25,2,623460,-59,-0.01,9,0,0.00,-54.5,-0.01,69514,27.81,0
1506,Entry long,2023-11-12 18:00,[CC] BUY WEEKLY,15586.5,2,623460,-59,-0.01,9,0,0.00,-54.5,-0.01,69514,27.81,0
1507,Exit long,2023-11-13 09:30,NQ09B BUY NY STOP,15528.75,2,621200,-59,-0.01,9,355.5,0.06,-54.5,-0.01,69455,27.78,0
1507,Entry long,2023-11-13 09:30,[CC] BUY NY,15530,2,621200,-59,-0.01,9,355.5,0.06,-54.5,-0.01,69455,27.78,0
1508,Exit long,2023-11-14 09:30,NQ09B BUY NY STOP,15811,2,632490,-59,-0.01,9,0,0.00,-54.5,-0.01,69396,27.76,0
1508,Entry long,2023-11-14 09:30,[CC] BUY NY,15812.25,2,632490,-59,-0.01,9,0,0.00,-54.5,-0.01,69396,27.76,0
1509,Exit long,2023-11-15 09:30,NQ09B BUY NY STOP,15956.25,2,638300,-59,-0.01,9,355.5,0.06,-54.5,-0.01,69337,27.73,0
1509,Entry long,2023-11-15 09:30,[CC] BUY NY,15957.5,2,638300,-59,-0.01,9,355.5,0.06,-54.5,-0.01,69337,27.73,0
1510,Exit long,2023-11-16 09:30,NQ09B BUY NY STOP,15849.75,2,634040,-59,-0.01,9,165.5,0.03,-54.5,-0.01,69278,27.71,0
1510,Entry long,2023-11-16 09:30,[CC] BUY NY,15851,2,634040,-59,-0.01,9,165.5,0.03,-54.5,-0.01,69278,27.71,0
1511,Exit long,2023-11-17 09:30,NQ09B BUY NY STOP,15861.75,2,634520,-59,-0.01,9,0,0.00,-54.5,-0.01,69219,27.69,0
1511,Entry long,2023-11-17 09:30,[CC] BUY NY,15863,2,634520,-59,-0.01,9,0,0.00,-54.5,-0.01,69219,27.69,0
1512,Exit long,2023-11-19 18:00,NQ09B BUY WEEKLY W80,15903.25,2,635810,311,0.05,9,315.5,0.05,-14.5,0.00,69530,27.81,0
1512,Entry long,2023-11-19 18:00,[CC] BUY WEEKLY,15895.25,2,635810,311,0.05,9,315.5,0.05,-14.5,0.00,69530,27.81,0
1513,Exit long,2023-11-20 09:30,NQ09B BUY NY N130 TP2,15908,2,635810,501,0.08,9,505.5,0.08,-24.5,0.00,70031,28.01,0
1513,Entry long,2023-11-20 09:30,[CC] BUY NY,15895.25,2,635810,501,0.08,9,505.5,0.08,-24.5,0.00,70031,28.01,0
1514,Exit long,2023-11-21 09:30,NQ09B BUY NY STOP,16012,2,640530,-59,-0.01,9,85.5,0.01,-54.5,-0.01,69972,27.99,0
1514,Entry long,2023-11-21 09:30,[CC] BUY NY,16013.25,2,640530,-59,-0.01,9,85.5,0.01,-54.5,-0.01,69972,27.99,0
1515,Exit long,2023-11-21 18:00,NQ09B BUY WEEKDAY 1800 STOP,15966.25,2,638700,-59,-0.01,9,55.5,0.01,-54.5,-0.01,69913,27.97,0
1515,Entry long,2023-11-21 18:00,[CC] BUY PREMIUM,15967.5,2,638700,-59,-0.01,9,55.5,0.01,-54.5,-0.01,69913,27.97,0
1516,Exit long,2023-11-22 09:30,NQ09B BUY NY N130 TP2,16082.75,2,642800,501,0.08,9,505.5,0.08,-34.5,-0.01,70414,28.17,0
1516,Entry long,2023-11-22 09:30,[CC] BUY NY,16070,2,642800,501,0.08,9,505.5,0.08,-34.5,-0.01,70414,28.17,0
1517,Exit long,2023-11-23 09:30,NQ09B BUY NY STOP,16062,2,642530,-59,-0.01,9,15.5,0.00,-54.5,-0.01,70355,28.14,0
1517,Entry long,2023-11-23 09:30,[CC] BUY NY,16063.25,2,642530,-59,-0.01,9,15.5,0.00,-54.5,-0.01,70355,28.14,0
1518,Exit long,2023-11-24 09:30,NQ09B BUY NY N130 TP2,16041.5,2,641150,501,0.08,9,505.5,0.08,-14.5,0.00,70856,28.34,0
1518,Entry long,2023-11-24 09:30,[CC] BUY NY,16028.75,2,641150,501,0.08,9,505.5,0.08,-14.5,0.00,70856,28.34,0
1519,Exit long,2023-11-26 18:00,NQ09B BUY WEEKLY STOP,16007,2,640330,-59,-0.01,9,25.5,0.00,-54.5,-0.01,70797,28.32,0
1519,Entry long,2023-11-26 18:00,[CC] BUY WEEKLY,16008.25,2,640330,-59,-0.01,9,25.5,0.00,-54.5,-0.01,70797,28.32,0
1520,Exit long,2023-11-27 09:30,NQ09B BUY NY STOP,15998,2,639970,-59,-0.01,9,0,0.00,-54.5,-0.01,70738,28.30,0
1520,Entry long,2023-11-27 09:30,[CC] BUY NY,15999.25,2,639970,-59,-0.01,9,0,0.00,-54.5,-0.01,70738,28.30,0
1521,Exit long,2023-11-28 09:30,NQ09B BUY NY STOP,15973.5,2,638990,-59,-0.01,9,0,0.00,-54.5,-0.01,70679,28.27,0
1521,Entry long,2023-11-28 09:30,[CC] BUY NY,15974.75,2,638990,-59,-0.01,9,0,0.00,-54.5,-0.01,70679,28.27,0
1522,Exit long,2023-11-29 09:30,NQ09B BUY NY STOP,16146.25,2,645900,-59,-0.01,9,0,0.00,-54.5,-0.01,70620,28.25,0
1522,Entry long,2023-11-29 09:30,[CC] BUY NY,16147.5,2,645900,-59,-0.01,9,0,0.00,-54.5,-0.01,70620,28.25,0
1523,Exit long,2023-11-29 18:00,NQ09B BUY WEEKDAY 1800 STOP,16039.25,1,320810,-29.5,-0.01,4.5,0,0.00,-27.25,-0.01,70590.5,28.24,0
1523,Entry long,2023-11-29 18:00,[CC] BUY WEAK,16040.5,1,320810,-29.5,-0.01,4.5,0,0.00,-27.25,-0.01,70590.5,28.24,0
1524,Exit long,2023-11-30 09:30,NQ09B BUY NY N130 TP2,16045.5,2,641310,501,0.08,9,505.5,0.08,-14.5,0.00,71091.5,28.44,0
1524,Entry long,2023-11-30 09:30,[CC] BUY NY,16032.75,2,641310,501,0.08,9,505.5,0.08,-14.5,0.00,71091.5,28.44,0
1525,Exit long,2023-11-30 18:00,NQ09B BUY WEEKDAY 1800 STOP,15954,2,638210,-59,-0.01,9,0,0.00,-54.5,-0.01,71032.5,28.41,0
1525,Entry long,2023-11-30 18:00,[CC] BUY PREMIUM,15955.25,2,638210,-59,-0.01,9,0,0.00,-54.5,-0.01,71032.5,28.41,0
1526,Exit long,2023-12-01 09:30,NQ09B BUY NY STOP,15932.5,2,637350,-59,-0.01,9,75.5,0.01,-54.5,-0.01,70973.5,28.39,0
1526,Entry long,2023-12-01 09:30,[CC] BUY NY,15933.75,2,637350,-59,-0.01,9,75.5,0.01,-54.5,-0.01,70973.5,28.39,0
1527,Exit long,2023-12-03 18:00,NQ09B BUY WEEKLY STOP,16021,2,640890,-59,-0.01,9,145.5,0.02,-54.5,-0.01,70914.5,28.37,0
1527,Entry long,2023-12-03 18:00,[CC] BUY WEEKLY,16022.25,2,640890,-59,-0.01,9,145.5,0.02,-54.5,-0.01,70914.5,28.37,0
1528,Exit long,2023-12-04 09:30,NQ09B BUY NY N130 TP2,15875.5,2,634510,501,0.08,9,505.5,0.08,-14.5,0.00,71415.5,28.57,0
1528,Entry long,2023-12-04 09:30,[CC] BUY NY,15862.75,2,634510,501,0.08,9,505.5,0.08,-14.5,0.00,71415.5,28.57,0
1529,Exit long,2023-12-05 09:30,NQ09B BUY NY STOP,15790.25,2,631660,-59,-0.01,9,0,0.00,-54.5,-0.01,71356.5,28.54,0
1529,Entry long,2023-12-05 09:30,[CC] BUY NY,15791.5,2,631660,-59,-0.01,9,0,0.00,-54.5,-0.01,71356.5,28.54,0
1530,Exit long,2023-12-05 18:00,NQ09B BUY WEEKDAY 1800 STOP,15896,1,317945,-29.5,-0.01,4.5,12.75,0.00,-27.25,-0.01,71327,28.53,0
1530,Entry long,2023-12-05 18:00,[CC] BUY WEAK,15897.25,1,317945,-29.5,-0.01,4.5,12.75,0.00,-27.25,-0.01,71327,28.53,0
1531,Exit long,2023-12-06 09:30,NQ09B BUY NY STOP,16032.5,2,641350,-59,-0.01,9,155.5,0.02,-54.5,-0.01,71268,28.51,0
1531,Entry long,2023-12-06 09:30,[CC] BUY NY,16033.75,2,641350,-59,-0.01,9,155.5,0.02,-54.5,-0.01,71268,28.51,0
1532,Exit long,2023-12-07 09:30,NQ09B BUY NY STOP,15933.25,2,637380,-59,-0.01,9,0,0.00,-54.5,-0.01,71209,28.48,0
1532,Entry long,2023-12-07 09:30,[CC] BUY NY,15934.5,2,637380,-59,-0.01,9,0,0.00,-54.5,-0.01,71209,28.48,0
1533,Exit long,2023-12-08 09:30,NQ09B BUY NY STOP,15955,2,638250,-59,-0.01,9,0,0.00,-54.5,-0.01,71150,28.46,0
1533,Entry long,2023-12-08 09:30,[CC] BUY NY,15956.25,2,638250,-59,-0.01,9,0,0.00,-54.5,-0.01,71150,28.46,0
1534,Exit long,2023-12-10 18:00,NQ09B BUY WEEKLY STOP,16092,2,643730,-59,-0.01,9,25.5,0.00,-54.5,-0.01,71091,28.44,0
1534,Entry long,2023-12-10 18:00,[CC] BUY WEEKLY,16093.25,2,643730,-59,-0.01,9,25.5,0.00,-54.5,-0.01,71091,28.44,0
1535,Exit long,2023-12-11 09:30,NQ09B BUY NY STOP,16076.5,2,643110,-59,-0.01,9,0,0.00,-54.5,-0.01,71032,28.41,0
1535,Entry long,2023-12-11 09:30,[CC] BUY NY,16077.75,2,643110,-59,-0.01,9,0,0.00,-54.5,-0.01,71032,28.41,0
1536,Exit long,2023-12-12 09:30,NQ09B BUY NY STOP,16443.25,2,657780,-59,-0.01,9,165.5,0.03,-54.5,-0.01,70973,28.39,0
1536,Entry long,2023-12-12 09:30,[CC] BUY NY,16444.5,2,657780,-59,-0.01,9,165.5,0.03,-54.5,-0.01,70973,28.39,0
1537,Exit long,2023-12-13 09:30,NQ09B BUY NY STOP,16608.5,2,664390,-59,-0.01,9,0,0.00,-54.5,-0.01,70914,28.37,0
1537,Entry long,2023-12-13 09:30,[CC] BUY NY,16609.75,2,664390,-59,-0.01,9,0,0.00,-54.5,-0.01,70914,28.37,0
1538,Exit long,2023-12-14 09:30,NQ09B BUY NY STOP,16819.5,2,672830,-59,-0.01,9,0,0.00,-54.5,-0.01,70855,28.34,0
1538,Entry long,2023-12-14 09:30,[CC] BUY NY,16820.75,2,672830,-59,-0.01,9,0,0.00,-54.5,-0.01,70855,28.34,0
1539,Exit long,2023-12-15 09:30,NQ09B BUY NY STOP,16786.5,2,671510,-59,-0.01,9,0,0.00,-54.5,-0.01,70796,28.32,0
1539,Entry long,2023-12-15 09:30,[CC] BUY NY,16787.75,2,671510,-59,-0.01,9,0,0.00,-54.5,-0.01,70796,28.32,0
1540,Exit long,2023-12-17 18:00,NQ09B BUY WEEKLY W80,16828.5,2,672820,311,0.05,9,315.5,0.05,-14.5,0.00,71107,28.44,0
1540,Entry long,2023-12-17 18:00,[CC] BUY WEEKLY,16820.5,2,672820,311,0.05,9,315.5,0.05,-14.5,0.00,71107,28.44,0
1541,Exit long,2023-12-18 09:30,NQ09B BUY NY STOP,16845.5,2,673870,-59,-0.01,9,0,0.00,-54.5,-0.01,71048,28.42,0
1541,Entry long,2023-12-18 09:30,[CC] BUY NY,16846.75,2,673870,-59,-0.01,9,0,0.00,-54.5,-0.01,71048,28.42,0
1542,Exit long,2023-12-19 09:30,NQ09B BUY NY STOP,16951.25,2,678100,-59,-0.01,9,0,0.00,-54.5,-0.01,70989,28.40,0
1542,Entry long,2023-12-19 09:30,[CC] BUY NY,16952.5,2,678100,-59,-0.01,9,0,0.00,-54.5,-0.01,70989,28.40,0
1543,Exit long,2023-12-20 09:30,NQ09B BUY NY STOP,16984.5,2,679430,-59,-0.01,9,335.5,0.05,-54.5,-0.01,70930,28.37,0
1543,Entry long,2023-12-20 09:30,[CC] BUY NY,16985.75,2,679430,-59,-0.01,9,335.5,0.05,-54.5,-0.01,70930,28.37,0
1544,Exit long,2023-12-20 18:00,NQ09B BUY WEEKDAY 1800 D80,16798.5,2,671620,311,0.05,9,315.5,0.05,-14.5,0.00,71241,28.50,0
1544,Entry long,2023-12-20 18:00,[CC] BUY PREMIUM,16790.5,2,671620,311,0.05,9,315.5,0.05,-14.5,0.00,71241,28.50,0
1545,Exit long,2023-12-21 09:30,NQ09B BUY NY STOP,16921.25,2,676900,-59,-0.01,9,0,0.00,-54.5,-0.01,71182,28.47,0
1545,Entry long,2023-12-21 09:30,[CC] BUY NY,16922.5,2,676900,-59,-0.01,9,0,0.00,-54.5,-0.01,71182,28.47,0
1546,Exit long,2023-12-22 09:30,NQ09B BUY NY STOP,16998.25,2,679980,-59,-0.01,9,0,0.00,-54.5,-0.01,71123,28.45,0
1546,Entry long,2023-12-22 09:30,[CC] BUY NY,16999.5,2,679980,-59,-0.01,9,0,0.00,-54.5,-0.01,71123,28.45,0
1547,Exit long,2023-12-26 09:30,NQ09B BUY NY STOP,17008.5,2,680390,-59,-0.01,9,0,0.00,-54.5,-0.01,71064,28.43,0
1547,Entry long,2023-12-26 09:30,[CC] BUY NY,17009.75,2,680390,-59,-0.01,9,0,0.00,-54.5,-0.01,71064,28.43,0
1548,Exit long,2023-12-27 09:30,NQ09B BUY NY N130 TP2,17105,2,683680,511,0.07,9,515.5,0.08,-14.5,0.00,71575,28.63,0
1548,Entry long,2023-12-27 09:30,[CC] BUY NY,17092,2,683680,511,0.07,9,515.5,0.08,-14.5,0.00,71575,28.63,0
1549,Exit long,2023-12-28 09:30,NQ09B BUY NY STOP,17147.25,2,685940,-59,-0.01,9,415.5,0.06,-54.5,-0.01,71516,28.61,0
1549,Entry long,2023-12-28 09:30,[CC] BUY NY,17148.5,2,685940,-59,-0.01,9,415.5,0.06,-54.5,-0.01,71516,28.61,0
1550,Exit long,2023-12-29 09:30,NQ09B BUY NY STOP,17088,2,683570,-59,-0.01,9,0,0.00,-54.5,-0.01,71457,28.58,0
1550,Entry long,2023-12-29 09:30,[CC] BUY NY,17089.25,2,683570,-59,-0.01,9,0,0.00,-54.5,-0.01,71457,28.58,0
1551,Exit long,2024-01-02 09:30,NQ09B BUY NY STOP,16860.75,2,674480,-59,-0.01,9,455.5,0.07,-54.5,-0.01,71398,28.56,0
1551,Entry long,2024-01-02 09:30,[CC] BUY NY,16862,2,674480,-59,-0.01,9,455.5,0.07,-54.5,-0.01,71398,28.56,0
1552,Exit long,2024-01-03 09:30,NQ09B BUY NY N130 TP2,16623,2,664410,501,0.08,9,505.5,0.08,-14.5,0.00,71899,28.76,0
1552,Entry long,2024-01-03 09:30,[CC] BUY NY,16610.25,2,664410,501,0.08,9,505.5,0.08,-14.5,0.00,71899,28.76,0
1553,Exit long,2024-01-04 09:30,NQ09B BUY NY STOP,16452.25,2,658140,-59,-0.01,9,0,0.00,-54.5,-0.01,71840,28.74,0
1553,Entry long,2024-01-04 09:30,[CC] BUY NY,16453.5,2,658140,-59,-0.01,9,0,0.00,-54.5,-0.01,71840,28.74,0
1554,Exit long,2024-01-05 09:30,NQ09B BUY NY STOP,16448.25,2,657980,-59,-0.01,9,0,0.00,-54.5,-0.01,71781,28.71,0
1554,Entry long,2024-01-05 09:30,[CC] BUY NY,16449.5,2,657980,-59,-0.01,9,0,0.00,-54.5,-0.01,71781,28.71,0
1555,Exit long,2024-01-07 18:00,NQ09B BUY WEEKLY STOP,16469,2,658810,-59,-0.01,9,0,0.00,-54.5,-0.01,71722,28.69,0
1555,Entry long,2024-01-07 18:00,[CC] BUY WEEKLY,16470.25,2,658810,-59,-0.01,9,0,0.00,-54.5,-0.01,71722,28.69,0
1556,Exit long,2024-01-08 09:30,NQ09B BUY NY STOP,16511,2,660490,-59,-0.01,9,0,0.00,-54.5,-0.01,71663,28.67,0
1556,Entry long,2024-01-08 09:30,[CC] BUY NY,16512.25,2,660490,-59,-0.01,9,0,0.00,-54.5,-0.01,71663,28.67,0
1557,Exit long,2024-01-09 09:30,NQ09B BUY NY STOP,16668.25,2,666780,-59,-0.01,9,0,0.00,-54.5,-0.01,71604,28.64,0
1557,Entry long,2024-01-09 09:30,[CC] BUY NY,16669.5,2,666780,-59,-0.01,9,0,0.00,-54.5,-0.01,71604,28.64,0
1558,Exit long,2024-01-10 09:30,NQ09B BUY NY N130 TP2,16853,2,673610,501,0.07,9,505.5,0.08,-34.5,-0.01,72105,28.84,0
1558,Entry long,2024-01-10 09:30,[CC] BUY NY,16840.25,2,673610,501,0.07,9,505.5,0.08,-34.5,-0.01,72105,28.84,0
1559,Exit long,2024-01-11 09:30,NQ09B BUY NY STOP,16983.5,2,679390,-59,-0.01,9,0,0.00,-54.5,-0.01,72046,28.82,0
1559,Entry long,2024-01-11 09:30,[CC] BUY NY,16984.75,2,679390,-59,-0.01,9,0,0.00,-54.5,-0.01,72046,28.82,0
1560,Exit long,2024-01-12 09:30,NQ09B BUY NY STOP,17007,2,680330,-59,-0.01,9,235.5,0.03,-54.5,-0.01,71987,28.79,0
1560,Entry long,2024-01-12 09:30,[CC] BUY NY,17008.25,2,680330,-59,-0.01,9,235.5,0.03,-54.5,-0.01,71987,28.79,0
1561,Exit long,2024-01-14 18:00,NQ09B BUY WEEKLY STOP,16960.75,2,678480,-59,-0.01,9,75.5,0.01,-54.5,-0.01,71928,28.77,0
1561,Entry long,2024-01-14 18:00,[CC] BUY WEEKLY,16962,2,678480,-59,-0.01,9,75.5,0.01,-54.5,-0.01,71928,28.77,0
1562,Exit long,2024-01-15 09:30,NQ09B BUY NY STOP,16956.75,2,678320,-59,-0.01,9,0,0.00,-54.5,-0.01,71869,28.75,0
1562,Entry long,2024-01-15 09:30,[CC] BUY NY,16958,2,678320,-59,-0.01,9,0,0.00,-54.5,-0.01,71869,28.75,0
1563,Exit long,2024-01-16 09:30,NQ09B BUY NY STOP,16916,2,676690,-59,-0.01,9,0,0.00,-54.5,-0.01,71810,28.72,0
1563,Entry long,2024-01-16 09:30,[CC] BUY NY,16917.25,2,676690,-59,-0.01,9,0,0.00,-54.5,-0.01,71810,28.72,0
1564,Exit long,2024-01-17 09:30,NQ09B BUY NY N130 TP2,16838.25,2,673020,501,0.07,9,505.5,0.08,-14.5,0.00,72311,28.92,0
1564,Entry long,2024-01-17 09:30,[CC] BUY NY,16825.5,2,673020,501,0.07,9,505.5,0.08,-14.5,0.00,72311,28.92,0
1565,Exit long,2024-01-18 09:30,NQ09B BUY NY STOP,16996,2,679890,-59,-0.01,9,0,0.00,-54.5,-0.01,72252,28.90,0
1565,Entry long,2024-01-18 09:30,[CC] BUY NY,16997.25,2,679890,-59,-0.01,9,0,0.00,-54.5,-0.01,72252,28.90,0
1566,Exit long,2024-01-19 09:30,NQ09B BUY NY STOP,17189.75,2,687640,-59,-0.01,9,385.5,0.06,-54.5,-0.01,72193,28.88,0
1566,Entry long,2024-01-19 09:30,[CC] BUY NY,17191,2,687640,-59,-0.01,9,385.5,0.06,-54.5,-0.01,72193,28.88,0
1567,Exit long,2024-01-21 18:00,NQ09B BUY WEEKLY W80,17474.25,2,698650,311,0.04,9,315.5,0.05,-14.5,0.00,72504,29.00,0
1567,Entry long,2024-01-21 18:00,[CC] BUY WEEKLY,17466.25,2,698650,311,0.04,9,315.5,0.05,-14.5,0.00,72504,29.00,0
1568,Exit long,2024-01-22 09:30,NQ09B BUY NY STOP,17527.25,2,701140,-59,-0.01,9,0,0.00,-54.5,-0.01,72445,28.98,0
1568,Entry long,2024-01-22 09:30,[CC] BUY NY,17528.5,2,701140,-59,-0.01,9,0,0.00,-54.5,-0.01,72445,28.98,0
1569,Exit long,2024-01-23 09:30,NQ09B BUY NY STOP,17486.5,2,699510,-59,-0.01,9,5.5,0.00,-54.5,-0.01,72386,28.95,0
1569,Entry long,2024-01-23 09:30,[CC] BUY NY,17487.75,2,699510,-59,-0.01,9,5.5,0.00,-54.5,-0.01,72386,28.95,0
1570,Exit long,2024-01-23 18:00,NQ09B BUY WEEKDAY 1800 STOP,17553,2,702170,-59,-0.01,9,0,0.00,-54.5,-0.01,72327,28.93,0
1570,Entry long,2024-01-23 18:00,[CC] BUY PREMIUM,17554.25,2,702170,-59,-0.01,9,0,0.00,-54.5,-0.01,72327,28.93,0
1571,Exit long,2024-01-24 09:30,NQ09B BUY NY STOP,17691.5,2,707710,-59,-0.01,9,105.5,0.01,-54.5,-0.01,72268,28.91,0
1571,Entry long,2024-01-24 09:30,[CC] BUY NY,17692.75,2,707710,-59,-0.01,9,105.5,0.01,-54.5,-0.01,72268,28.91,0
1572,Exit long,2024-01-24 18:00,NQ09B BUY WEEKDAY 1800 STOP,17613.75,1,352300,-29.5,-0.01,4.5,0,0.00,-27.25,-0.01,72238.5,28.90,0
1572,Entry long,2024-01-24 18:00,[CC] BUY WEAK,17615,1,352300,-29.5,-0.01,4.5,0,0.00,-27.25,-0.01,72238.5,28.90,0
1573,Exit long,2024-01-25 09:30,NQ09B BUY NY STOP,17721,2,708890,-59,-0.01,9,175.5,0.02,-54.5,-0.01,72179.5,28.87,0
1573,Entry long,2024-01-25 09:30,[CC] BUY NY,17722.25,2,708890,-59,-0.01,9,175.5,0.02,-54.5,-0.01,72179.5,28.87,0
1574,Exit long,2024-01-25 18:00,NQ09B BUY WEEKDAY 1800 STOP,17570.25,2,702860,-59,-0.01,9,0,0.00,-54.5,-0.01,72120.5,28.85,0
1574,Entry long,2024-01-25 18:00,[CC] BUY PREMIUM,17571.5,2,702860,-59,-0.01,9,0,0.00,-54.5,-0.01,72120.5,28.85,0
1575,Exit long,2024-01-26 09:30,NQ09B BUY NY N130 TP2,17571,2,702320,511,0.07,9,515.5,0.07,-14.5,0.00,72631.5,29.05,0
1575,Entry long,2024-01-26 09:30,[CC] BUY NY,17558,2,702320,511,0.07,9,515.5,0.07,-14.5,0.00,72631.5,29.05,0
1576,Exit long,2024-01-28 18:00,NQ09B BUY WEEKLY STOP,17501,2,700090,-59,-0.01,9,0,0.00,-54.5,-0.01,72572.5,29.03,0
1576,Entry long,2024-01-28 18:00,[CC] BUY WEEKLY,17502.25,2,700090,-59,-0.01,9,0,0.00,-54.5,-0.01,72572.5,29.03,0
1577,Exit long,2024-01-29 09:30,NQ09B BUY NY STOP,17547,2,701930,-59,-0.01,9,335.5,0.05,-54.5,-0.01,72513.5,29.01,0
1577,Entry long,2024-01-29 09:30,[CC] BUY NY,17548.25,2,701930,-59,-0.01,9,335.5,0.05,-54.5,-0.01,72513.5,29.01,0
1578,Exit long,2024-01-30 09:30,NQ09B BUY NY STOP,17660.75,2,706480,-59,-0.01,9,0,0.00,-54.5,-0.01,72454.5,28.98,0
1578,Entry long,2024-01-30 09:30,[CC] BUY NY,17662,2,706480,-59,-0.01,9,0,0.00,-54.5,-0.01,72454.5,28.98,0
1579,Exit long,2024-01-30 18:00,NQ09B BUY WEEKDAY 1800 STOP,17414.5,2,696630,-59,-0.01,9,0,0.00,-54.5,-0.01,72395.5,28.96,0
1579,Entry long,2024-01-30 18:00,[CC] BUY PREMIUM,17415.75,2,696630,-59,-0.01,9,0,0.00,-54.5,-0.01,72395.5,28.96,0
1580,Exit long,2024-01-31 09:30,NQ09B BUY NY N130 TP2,17413.25,2,696010,511,0.07,9,515.5,0.07,-14.5,0.00,72906.5,29.16,0
1580,Entry long,2024-01-31 09:30,[CC] BUY NY,17400.25,2,696010,511,0.07,9,515.5,0.07,-14.5,0.00,72906.5,29.16,0
1581,Exit long,2024-01-31 18:00,NQ09B BUY WEEKDAY 1800 STOP,17272.25,2,690940,-59,-0.01,9,0,0.00,-54.5,-0.01,72847.5,29.14,0
1581,Entry long,2024-01-31 18:00,[CC] BUY PREMIUM,17273.5,2,690940,-59,-0.01,9,0,0.00,-54.5,-0.01,72847.5,29.14,0
1582,Exit long,2024-02-01 09:30,NQ09B BUY NY STOP,17306,2,692290,-59,-0.01,9,0,0.00,-54.5,-0.01,72788.5,29.12,0
1582,Entry long,2024-02-01 09:30,[CC] BUY NY,17307.25,2,692290,-59,-0.01,9,0,0.00,-54.5,-0.01,72788.5,29.12,0
1583,Exit long,2024-02-01 18:00,NQ09B BUY WEEKDAY 1800 STOP,17587,2,703530,-59,-0.01,9,0,0.00,-54.5,-0.01,72729.5,29.09,0
1583,Entry long,2024-02-01 18:00,[CC] BUY PREMIUM,17588.25,2,703530,-59,-0.01,9,0,0.00,-54.5,-0.01,72729.5,29.09,0
1584,Exit long,2024-02-02 09:30,NQ09B BUY NY N130 TP2,17521,2,700320,511,0.07,9,515.5,0.07,-14.5,0.00,73240.5,29.30,0
1584,Entry long,2024-02-02 09:30,[CC] BUY NY,17508,2,700320,511,0.07,9,515.5,0.07,-14.5,0.00,73240.5,29.30,0
1585,Exit long,2024-02-04 18:00,NQ09B BUY WEEKLY STOP,17695,2,707850,-59,-0.01,9,0,0.00,-54.5,-0.01,73181.5,29.27,0
1585,Entry long,2024-02-04 18:00,[CC] BUY WEEKLY,17696.25,2,707850,-59,-0.01,9,0,0.00,-54.5,-0.01,73181.5,29.27,0
1586,Exit long,2024-02-05 09:30,NQ09B BUY NY N130 TP2,17736.5,2,708920,531,0.07,9,535.5,0.08,-14.5,0.00,73712.5,29.49,0
1586,Entry long,2024-02-05 09:30,[CC] BUY NY,17723,2,708920,531,0.07,9,535.5,0.08,-14.5,0.00,73712.5,29.49,0
1587,Exit long,2024-02-06 09:30,NQ09B BUY NY STOP,17740,2,709650,-59,-0.01,9,0,0.00,-54.5,-0.01,73653.5,29.46,0
1587,Entry long,2024-02-06 09:30,[CC] BUY NY,17741.25,2,709650,-59,-0.01,9,0,0.00,-54.5,-0.01,73653.5,29.46,0
1588,Exit long,2024-02-07 09:30,NQ09B BUY NY STOP,17772.5,2,710950,-59,-0.01,9,175.5,0.02,-54.5,-0.01,73594.5,29.44,0
1588,Entry long,2024-02-07 09:30,[CC] BUY NY,17773.75,2,710950,-59,-0.01,9,175.5,0.02,-54.5,-0.01,73594.5,29.44,0
1589,Exit long,2024-02-08 09:30,NQ09B BUY NY STOP,17834.75,2,713440,-59,-0.01,9,365.5,0.05,-54.5,-0.01,73535.5,29.41,0
1589,Entry long,2024-02-08 09:30,[CC] BUY NY,17836,2,713440,-59,-0.01,9,365.5,0.05,-54.5,-0.01,73535.5,29.41,0
1590,Exit long,2024-02-09 09:30,NQ09B BUY NY STOP,17908,2,716370,-59,-0.01,9,75.5,0.01,-54.5,-0.01,73476.5,29.39,0
1590,Entry long,2024-02-09 09:30,[CC] BUY NY,17909.25,2,716370,-59,-0.01,9,75.5,0.01,-54.5,-0.01,73476.5,29.39,0
1591,Exit long,2024-02-11 18:00,NQ09B BUY WEEKLY STOP,18039,2,721610,-59,-0.01,9,135.5,0.02,-54.5,-0.01,73417.5,29.37,0
1591,Entry long,2024-02-11 18:00,[CC] BUY WEEKLY,18040.25,2,721610,-59,-0.01,9,135.5,0.02,-54.5,-0.01,73417.5,29.37,0
1592,Exit long,2024-02-12 09:30,NQ09B BUY NY N130 TP2,18043.5,2,721200,531,0.07,9,535.5,0.07,-14.5,0.00,73948.5,29.58,0
1592,Entry long,2024-02-12 09:30,[CC] BUY NY,18030,2,721200,531,0.07,9,535.5,0.07,-14.5,0.00,73948.5,29.58,0
1593,Exit long,2024-02-13 09:30,NQ09B BUY NY STOP,17627,2,705130,-59,-0.01,9,385.5,0.05,-54.5,-0.01,73889.5,29.56,0
1593,Entry long,2024-02-13 09:30,[CC] BUY NY,17628.25,2,705130,-59,-0.01,9,385.5,0.05,-54.5,-0.01,73889.5,29.56,0
1594,Exit long,2024-02-14 09:30,NQ09B BUY NY STOP,17787.75,2,711560,-59,-0.01,9,0,0.00,-54.5,-0.01,73830.5,29.53,0
1594,Entry long,2024-02-14 09:30,[CC] BUY NY,17789,2,711560,-59,-0.01,9,0,0.00,-54.5,-0.01,73830.5,29.53,0
1595,Exit long,2024-02-15 09:30,NQ09B BUY NY N130 TP2,17901.75,2,715530,531,0.07,9,535.5,0.07,-14.5,0.00,74361.5,29.74,0
1595,Entry long,2024-02-15 09:30,[CC] BUY NY,17888.25,2,715530,531,0.07,9,535.5,0.07,-14.5,0.00,74361.5,29.74,0
1596,Exit long,2024-02-15 18:00,NQ09B BUY WEEKDAY 1800 STOP,17951,1,359045,-29.5,-0.01,4.5,0,0.00,-27.25,-0.01,74332,29.73,0
1596,Entry long,2024-02-15 18:00,[CC] BUY WEAK,17952.25,1,359045,-29.5,-0.01,4.5,0,0.00,-27.25,-0.01,74332,29.73,0
1597,Exit long,2024-02-16 09:30,NQ09B BUY NY STOP,17925.75,2,717080,-59,-0.01,9,115.5,0.02,-54.5,-0.01,74273,29.71,0
1597,Entry long,2024-02-16 09:30,[CC] BUY NY,17927,2,717080,-59,-0.01,9,115.5,0.02,-54.5,-0.01,74273,29.71,0
1598,Exit long,2024-02-18 18:00,NQ09B BUY WEEKLY STOP,17728.25,2,709180,-59,-0.01,9,0,0.00,-54.5,-0.01,74214,29.69,0
1598,Entry long,2024-02-18 18:00,[CC] BUY WEEKLY,17729.5,2,709180,-59,-0.01,9,0,0.00,-54.5,-0.01,74214,29.69,0
1599,Exit long,2024-02-19 09:30,NQ09B BUY NY STOP,17788.25,2,711580,-59,-0.01,9,0,0.00,-54.5,-0.01,74155,29.66,0
1599,Entry long,2024-02-19 09:30,[CC] BUY NY,17789.5,2,711580,-59,-0.01,9,0,0.00,-54.5,-0.01,74155,29.66,0
1600,Exit long,2024-02-20 09:30,NQ09B BUY NY STOP,17660.25,2,706460,-59,-0.01,9,0,0.00,-54.5,-0.01,74096,29.64,0
1600,Entry long,2024-02-20 09:30,[CC] BUY NY,17661.5,2,706460,-59,-0.01,9,0,0.00,-54.5,-0.01,74096,29.64,0
1601,Exit long,2024-02-20 18:00,NQ09B BUY WEEKDAY 1800 STOP,17572,2,702930,-59,-0.01,9,0,0.00,-54.5,-0.01,74037,29.61,0
1601,Entry long,2024-02-20 18:00,[CC] BUY PREMIUM,17573.25,2,702930,-59,-0.01,9,0,0.00,-54.5,-0.01,74037,29.61,0
1602,Exit long,2024-02-21 09:30,NQ09B BUY NY N130 TP2,17508,2,699800,511,0.07,9,515.5,0.07,-14.5,0.00,74548,29.82,0
1602,Entry long,2024-02-21 09:30,[CC] BUY NY,17495,2,699800,511,0.07,9,515.5,0.07,-14.5,0.00,74548,29.82,0
1603,Exit long,2024-02-21 18:00,NQ09B BUY WEEKDAY 1800 STOP,17701.5,2,708110,-59,-0.01,9,235.5,0.03,-54.5,-0.01,74489,29.80,0
1603,Entry long,2024-02-21 18:00,[CC] BUY PREMIUM,17702.75,2,708110,-59,-0.01,9,235.5,0.03,-54.5,-0.01,74489,29.80,0
1604,Exit long,2024-02-22 09:30,NQ09B BUY NY N130 TP2,17909.75,2,715850,531,0.07,9,535.5,0.07,-14.5,0.00,75020,30.01,0
1604,Entry long,2024-02-22 09:30,[CC] BUY NY,17896.25,2,715850,531,0.07,9,535.5,0.07,-14.5,0.00,75020,30.01,0
1605,Exit long,2024-02-23 09:30,NQ09B BUY NY STOP,18104.5,2,724230,-59,-0.01,9,0,0.00,-54.5,-0.01,74961,29.98,0
1605,Entry long,2024-02-23 09:30,[CC] BUY NY,18105.75,2,724230,-59,-0.01,9,0,0.00,-54.5,-0.01,74961,29.98,0
1606,Exit long,2024-02-25 18:00,NQ09B BUY WEEKLY STOP,17960.5,2,718470,-59,-0.01,9,285.5,0.04,-54.5,-0.01,74902,29.96,0
1606,Entry long,2024-02-25 18:00,[CC] BUY WEEKLY,17961.75,2,718470,-59,-0.01,9,285.5,0.04,-54.5,-0.01,74902,29.96,0
1607,Exit long,2024-02-26 09:30,NQ09B BUY NY STOP,18016.25,2,720700,-59,-0.01,9,0,0.00,-54.5,-0.01,74843,29.94,0
1607,Entry long,2024-02-26 09:30,[CC] BUY NY,18017.5,2,720700,-59,-0.01,9,0,0.00,-54.5,-0.01,74843,29.94,0
1608,Exit long,2024-02-26 18:00,NQ09B BUY WEEKDAY 1800 STOP,17950,2,718050,-59,-0.01,9,45.5,0.01,-54.5,-0.01,74784,29.91,0
1608,Entry long,2024-02-26 18:00,[CC] BUY PREMIUM,17951.25,2,718050,-59,-0.01,9,45.5,0.01,-54.5,-0.01,74784,29.91,0
1609,Exit long,2024-02-27 09:30,NQ09B BUY NY STOP,18017.25,2,720740,-59,-0.01,9,345.5,0.05,-54.5,-0.01,74725,29.89,0
1609,Entry long,2024-02-27 09:30,[CC] BUY NY,18018.5,2,720740,-59,-0.01,9,345.5,0.05,-54.5,-0.01,74725,29.89,0
1610,Exit long,2024-02-28 09:30,NQ09B BUY NY N130 TP2,17937.5,2,716960,531,0.07,9,535.5,0.07,-14.5,0.00,75256,30.10,0
1610,Entry long,2024-02-28 09:30,[CC] BUY NY,17924,2,716960,531,0.07,9,535.5,0.07,-14.5,0.00,75256,30.10,0
1611,Exit long,2024-02-28 18:00,NQ09B BUY WEEKDAY 1800 STOP,17869,2,714810,-59,-0.01,9,0,0.00,-54.5,-0.01,75197,30.08,0
1611,Entry long,2024-02-28 18:00,[CC] BUY PREMIUM,17870.25,2,714810,-59,-0.01,9,0,0.00,-54.5,-0.01,75197,30.08,0
1612,Exit long,2024-02-29 09:30,NQ09B BUY NY STOP,18029,2,721210,-59,-0.01,9,0,0.00,-54.5,-0.01,75138,30.06,0
1612,Entry long,2024-02-29 09:30,[CC] BUY NY,18030.25,2,721210,-59,-0.01,9,0,0.00,-54.5,-0.01,75138,30.06,0
1613,Exit long,2024-03-01 09:30,NQ09B BUY NY STOP,18095.5,2,723870,-59,-0.01,9,0,0.00,-54.5,-0.01,75079,30.03,0
1613,Entry long,2024-03-01 09:30,[CC] BUY NY,18096.75,2,723870,-59,-0.01,9,0,0.00,-54.5,-0.01,75079,30.03,0
1614,Exit long,2024-03-03 18:00,NQ09B BUY WEEKLY STOP,18335,2,733450,-59,-0.01,9,0,0.00,-54.5,-0.01,75020,30.01,0
1614,Entry long,2024-03-03 18:00,[CC] BUY WEEKLY,18336.25,2,733450,-59,-0.01,9,0,0.00,-54.5,-0.01,75020,30.01,0
1615,Exit long,2024-03-04 09:30,NQ09B BUY NY STOP,18329.25,2,733220,-59,-0.01,9,165.5,0.02,-54.5,-0.01,74961,29.98,0
1615,Entry long,2024-03-04 09:30,[CC] BUY NY,18330.5,2,733220,-59,-0.01,9,165.5,0.02,-54.5,-0.01,74961,29.98,0
1616,Exit long,2024-03-05 09:30,NQ09B BUY NY STOP,18132.75,2,725360,-59,-0.01,9,45.5,0.01,-54.5,-0.01,74902,29.96,0
1616,Entry long,2024-03-05 09:30,[CC] BUY NY,18134,2,725360,-59,-0.01,9,45.5,0.01,-54.5,-0.01,74902,29.96,0
1617,Exit long,2024-03-05 18:00,NQ09B BUY WEEKDAY 1800 STOP,17980,2,719250,-59,-0.01,9,155.5,0.02,-54.5,-0.01,74843,29.94,0
1617,Entry long,2024-03-05 18:00,[CC] BUY PREMIUM,17981.25,2,719250,-59,-0.01,9,155.5,0.02,-54.5,-0.01,74843,29.94,0
1618,Exit long,2024-03-06 09:30,NQ09B BUY NY STOP,18103.25,2,724180,-59,-0.01,9,0,0.00,-54.5,-0.01,74784,29.91,0
1618,Entry long,2024-03-06 09:30,[CC] BUY NY,18104.5,2,724180,-59,-0.01,9,0,0.00,-54.5,-0.01,74784,29.91,0
1619,Exit long,2024-03-07 09:30,NQ09B BUY NY STOP,18181.25,2,727300,-59,-0.01,9,465.5,0.06,-54.5,-0.01,74725,29.89,0
1619,Entry long,2024-03-07 09:30,[CC] BUY NY,18182.5,2,727300,-59,-0.01,9,465.5,0.06,-54.5,-0.01,74725,29.89,0
1620,Exit long,2024-03-07 18:00,NQ09B BUY WEEKDAY 1800 D80,18287.5,2,731170,321,0.04,9,325.5,0.04,-14.5,0.00,75046,30.02,0
1620,Entry long,2024-03-07 18:00,[CC] BUY PREMIUM,18279.25,2,731170,321,0.04,9,325.5,0.04,-14.5,0.00,75046,30.02,0
1621,Exit long,2024-03-08 09:30,NQ09B BUY NY STOP,18317,2,732730,-59,-0.01,9,0,0.00,-54.5,-0.01,74987,29.99,0
1621,Entry long,2024-03-08 09:30,[CC] BUY NY,18318.25,2,732730,-59,-0.01,9,0,0.00,-54.5,-0.01,74987,29.99,0
1622,Exit long,2024-03-10 18:00,NQ09B BUY WEEKLY W80,18064.5,2,722250,321,0.04,9,325.5,0.05,-14.5,0.00,75308,30.12,0
1622,Entry long,2024-03-10 18:00,[CC] BUY WEEKLY,18056.25,2,722250,321,0.04,9,325.5,0.05,-14.5,0.00,75308,30.12,0
1623,Exit long,2024-03-11 09:30,NQ09B BUY NY STOP,17975.25,2,719060,-59,-0.01,9,515.5,0.07,-54.5,-0.01,75249,30.10,0
1623,Entry long,2024-03-11 09:30,[CC] BUY NY,17976.5,2,719060,-59,-0.01,9,515.5,0.07,-54.5,-0.01,75249,30.10,0
1624,Exit long,2024-03-11 18:00,NQ09B BUY WEEKDAY 1800 STOP,18252,2,730130,-59,-0.01,9,0,0.00,-54.5,-0.01,75190,30.08,0
1624,Entry long,2024-03-11 18:00,[CC] BUY PREMIUM,18253.25,2,730130,-59,-0.01,9,0,0.00,-54.5,-0.01,75190,30.08,0
1625,Exit long,2024-03-12 09:30,NQ09B BUY NY N130 TP2,18325.5,2,732470,541,0.07,9,545.5,0.07,-14.5,0.00,75731,30.29,0
1625,Entry long,2024-03-12 09:30,[CC] BUY NY,18311.75,2,732470,541,0.07,9,545.5,0.07,-14.5,0.00,75731,30.29,0
1626,Exit long,2024-03-13 09:30,NQ09B BUY NY STOP,18427.25,2,737140,-59,-0.01,9,45.5,0.01,-54.5,-0.01,75672,30.27,0
1626,Entry long,2024-03-13 09:30,[CC] BUY NY,18428.5,2,737140,-59,-0.01,9,45.5,0.01,-54.5,-0.01,75672,30.27,0
1627,Exit long,2024-03-14 09:30,NQ09B BUY NY STOP,18374.25,2,735020,-59,-0.01,9,335.5,0.05,-54.5,-0.01,75613,30.25,0
1627,Entry long,2024-03-14 09:30,[CC] BUY NY,18375.5,2,735020,-59,-0.01,9,335.5,0.05,-54.5,-0.01,75613,30.25,0
1628,Exit long,2024-03-14 18:00,NQ09B BUY WEEKDAY 1800 STOP,18250,1,365025,-29.5,-0.01,4.5,0,0.00,-27.25,-0.01,75583.5,30.23,0
1628,Entry long,2024-03-14 18:00,[CC] BUY WEAK,18251.25,1,365025,-29.5,-0.01,4.5,0,0.00,-27.25,-0.01,75583.5,30.23,0
1629,Exit long,2024-03-15 09:30,NQ09B BUY NY N130 TP2,18166.25,2,726110,531,0.07,9,535.5,0.07,-14.5,0.00,76114.5,30.45,0
1629,Entry long,2024-03-15 09:30,[CC] BUY NY,18152.75,2,726110,531,0.07,9,535.5,0.07,-14.5,0.00,76114.5,30.45,0
1630,Exit long,2024-03-17 18:00,NQ09B BUY WEEKLY W80,18082,2,722950,321,0.04,9,325.5,0.05,-14.5,0.00,76435.5,30.57,0
1630,Entry long,2024-03-17 18:00,[CC] BUY WEEKLY,18073.75,2,722950,321,0.04,9,325.5,0.05,-14.5,0.00,76435.5,30.57,0
1631,Exit long,2024-03-18 09:30,NQ09B BUY NY STOP,18283,2,731370,-59,-0.01,9,0,0.00,-54.5,-0.01,76376.5,30.55,0
1631,Entry long,2024-03-18 09:30,[CC] BUY NY,18284.25,2,731370,-59,-0.01,9,0,0.00,-54.5,-0.01,76376.5,30.55,0
1632,Exit long,2024-03-18 18:00,NQ09B BUY WEEKDAY 1800 STOP,18221,1,364445,-29.5,-0.01,4.5,87.75,0.02,-27.25,-0.01,76347,30.54,0
1632,Entry long,2024-03-18 18:00,[CC] BUY WEAK,18222.25,1,364445,-29.5,-0.01,4.5,87.75,0.02,-27.25,-0.01,76347,30.54,0
1633,Exit long,2024-03-19 09:30,NQ09B BUY NY STOP,18142.25,2,725740,-59,-0.01,9,355.5,0.05,-54.5,-0.01,76288,30.52,0
1633,Entry long,2024-03-19 09:30,[CC] BUY NY,18143.5,2,725740,-59,-0.01,9,355.5,0.05,-54.5,-0.01,76288,30.52,0
1634,Exit long,2024-03-19 18:00,NQ09B BUY WEEKDAY 1800 STOP,18273,1,365485,-29.5,-0.01,4.5,62.75,0.02,-27.25,-0.01,76258.5,30.50,0
1634,Entry long,2024-03-19 18:00,[CC] BUY WEAK,18274.25,1,365485,-29.5,-0.01,4.5,62.75,0.02,-27.25,-0.01,76258.5,30.50,0
1635,Exit long,2024-03-20 09:30,NQ09B BUY NY STOP,18317,2,732730,-59,-0.01,9,0,0.00,-54.5,-0.01,76199.5,30.48,0
1635,Entry long,2024-03-20 09:30,[CC] BUY NY,18318.25,2,732730,-59,-0.01,9,0,0.00,-54.5,-0.01,76199.5,30.48,0
1636,Exit long,2024-03-21 09:30,NQ09B BUY NY STOP,18686.5,2,747510,-59,-0.01,9,175.5,0.02,-54.5,-0.01,76140.5,30.46,0
1636,Entry long,2024-03-21 09:30,[CC] BUY NY,18687.75,2,747510,-59,-0.01,9,175.5,0.02,-54.5,-0.01,76140.5,30.46,0
1637,Exit long,2024-03-22 09:30,NQ09B BUY NY STOP,18536.5,2,741510,-59,-0.01,9,285.5,0.04,-54.5,-0.01,76081.5,30.43,0
1637,Entry long,2024-03-22 09:30,[CC] BUY NY,18537.75,2,741510,-59,-0.01,9,285.5,0.04,-54.5,-0.01,76081.5,30.43,0
1638,Exit long,2024-03-24 18:00,NQ09B BUY WEEKLY STOP,18566,2,742690,-59,-0.01,9,0,0.00,-54.5,-0.01,76022.5,30.41,0
1638,Entry long,2024-03-24 18:00,[CC] BUY WEEKLY,18567.25,2,742690,-59,-0.01,9,0,0.00,-54.5,-0.01,76022.5,30.41,0
1639,Exit long,2024-03-25 09:30,NQ09B BUY NY STOP,18458.25,2,738380,-59,-0.01,9,0,0.00,-54.5,-0.01,75963.5,30.39,0
1639,Entry long,2024-03-25 09:30,[CC] BUY NY,18459.5,2,738380,-59,-0.01,9,0,0.00,-54.5,-0.01,75963.5,30.39,0
1640,Exit long,2024-03-25 18:00,NQ09B BUY WEEKDAY 1800 STOP,18530.25,1,370630,-29.5,-0.01,4.5,0,0.00,-27.25,-0.01,75934,30.37,0
1640,Entry long,2024-03-25 18:00,[CC] BUY WEAK,18531.5,1,370630,-29.5,-0.01,4.5,0,0.00,-27.25,-0.01,75934,30.37,0
1641,Exit long,2024-03-26 09:30,NQ09B BUY NY STOP,18567.75,2,742760,-59,-0.01,9,0,0.00,-54.5,-0.01,75875,30.35,0
1641,Entry long,2024-03-26 09:30,[CC] BUY NY,18569,2,742760,-59,-0.01,9,0,0.00,-54.5,-0.01,75875,30.35,0
1642,Exit long,2024-03-27 09:30,NQ09B BUY NY STOP,18565.5,2,742670,-59,-0.01,9,195.5,0.03,-54.5,-0.01,75816,30.33,0
1642,Entry long,2024-03-27 09:30,[CC] BUY NY,18566.75,2,742670,-59,-0.01,9,195.5,0.03,-54.5,-0.01,75816,30.33,0
1643,Exit long,2024-03-28 09:30,NQ09B BUY NY STOP,18499,2,740010,-59,-0.01,9,165.5,0.02,-54.5,-0.01,75757,30.30,0
1643,Entry long,2024-03-28 09:30,[CC] BUY NY,18500.25,2,740010,-59,-0.01,9,165.5,0.02,-54.5,-0.01,75757,30.30,0
1644,Exit long,2024-03-31 18:00,NQ09B BUY WEEKLY STOP,18502,2,740130,-59,-0.01,9,0,0.00,-54.5,-0.01,75698,30.28,0
1644,Entry long,2024-03-31 18:00,[CC] BUY WEEKLY,18503.25,2,740130,-59,-0.01,9,0,0.00,-54.5,-0.01,75698,30.28,0
1645,Exit long,2024-04-01 09:30,NQ09B BUY NY STOP,18499.5,2,740030,-59,-0.01,9,0,0.00,-54.5,-0.01,75639,30.26,0
1645,Entry long,2024-04-01 09:30,[CC] BUY NY,18500.75,2,740030,-59,-0.01,9,0,0.00,-54.5,-0.01,75639,30.26,0
1646,Exit long,2024-04-02 09:30,NQ09B BUY NY STOP,18286.5,2,731510,-59,-0.01,9,165.5,0.02,-54.5,-0.01,75580,30.23,0
1646,Entry long,2024-04-02 09:30,[CC] BUY NY,18287.75,2,731510,-59,-0.01,9,165.5,0.02,-54.5,-0.01,75580,30.23,0
1647,Exit long,2024-04-03 09:30,NQ09B BUY NY STOP,18239.5,2,729630,-59,-0.01,9,0,0.00,-54.5,-0.01,75521,30.21,0
1647,Entry long,2024-04-03 09:30,[CC] BUY NY,18240.75,2,729630,-59,-0.01,9,0,0.00,-54.5,-0.01,75521,30.21,0
1648,Exit long,2024-04-04 09:30,NQ09B BUY NY STOP,18540.25,2,741660,-59,-0.01,9,395.5,0.05,-54.5,-0.01,75462,30.18,0
1648,Entry long,2024-04-04 09:30,[CC] BUY NY,18541.5,2,741660,-59,-0.01,9,395.5,0.05,-54.5,-0.01,75462,30.18,0
1649,Exit long,2024-04-04 18:00,NQ09B BUY WEEKDAY 1800 STOP,18085.25,1,361730,-29.5,-0.01,4.5,0,0.00,-27.25,-0.01,75432.5,30.17,0
1649,Entry long,2024-04-04 18:00,[CC] BUY WEAK,18086.5,1,361730,-29.5,-0.01,4.5,0,0.00,-27.25,-0.01,75432.5,30.17,0
1650,Exit long,2024-04-05 09:30,NQ09B BUY NY STOP,18137,2,725530,-59,-0.01,9,0,0.00,-54.5,-0.01,75373.5,30.15,0
1650,Entry long,2024-04-05 09:30,[CC] BUY NY,18138.25,2,725530,-59,-0.01,9,0,0.00,-54.5,-0.01,75373.5,30.15,0
1651,Exit long,2024-04-07 18:00,NQ09B BUY WEEKLY STOP,18347.25,2,733940,-59,-0.01,9,0,0.00,-54.5,-0.01,75314.5,30.13,0
1651,Entry long,2024-04-07 18:00,[CC] BUY WEEKLY,18348.5,2,733940,-59,-0.01,9,0,0.00,-54.5,-0.01,75314.5,30.13,0
1652,Exit long,2024-04-08 09:30,NQ09B BUY NY STOP,18329.25,2,733220,-59,-0.01,9,255.5,0.03,-54.5,-0.01,75255.5,30.10,0
1652,Entry long,2024-04-08 09:30,[CC] BUY NY,18330.5,2,733220,-59,-0.01,9,255.5,0.03,-54.5,-0.01,75255.5,30.10,0
1653,Exit long,2024-04-09 09:30,NQ09B BUY NY STOP,18390.25,2,735660,-59,-0.01,9,535.5,0.07,-54.5,-0.01,75196.5,30.08,0
1653,Entry long,2024-04-09 09:30,[CC] BUY NY,18391.5,2,735660,-59,-0.01,9,535.5,0.07,-54.5,-0.01,75196.5,30.08,0
1654,Exit long,2024-04-10 09:30,NQ09B BUY NY STOP,18139,2,725610,-59,-0.01,9,0,0.00,-54.5,-0.01,75137.5,30.06,0
1654,Entry long,2024-04-10 09:30,[CC] BUY NY,18140.25,2,725610,-59,-0.01,9,0,0.00,-54.5,-0.01,75137.5,30.06,0
1655,Exit long,2024-04-10 18:00,NQ09B BUY WEEKDAY 1800 STOP,18183,1,363685,-29.5,-0.01,4.5,0,0.00,-27.25,-0.01,75108,30.04,0
1655,Entry long,2024-04-10 18:00,[CC] BUY WEAK,18184.25,1,363685,-29.5,-0.01,4.5,0,0.00,-27.25,-0.01,75108,30.04,0
1656,Exit long,2024-04-11 09:30,NQ09B BUY NY STOP,18264.25,2,730620,-59,-0.01,9,335.5,0.05,-54.5,-0.01,75049,30.02,0
1656,Entry long,2024-04-11 09:30,[CC] BUY NY,18265.5,2,730620,-59,-0.01,9,335.5,0.05,-54.5,-0.01,75049,30.02,0
1657,Exit long,2024-04-12 09:30,NQ09B BUY NY STOP,18296,2,731890,-59,-0.01,9,0,0.00,-54.5,-0.01,74990,30.00,0
1657,Entry long,2024-04-12 09:30,[CC] BUY NY,18297.25,2,731890,-59,-0.01,9,0,0.00,-54.5,-0.01,74990,30.00,0
1658,Exit long,2024-04-14 18:00,NQ09B BUY WEEKLY STOP,18150,2,726050,-59,-0.01,9,0,0.00,-54.5,-0.01,74931,29.97,0
1658,Entry long,2024-04-14 18:00,[CC] BUY WEEKLY,18151.25,2,726050,-59,-0.01,9,0,0.00,-54.5,-0.01,74931,29.97,0
1659,Exit long,2024-04-15 09:30,NQ09B BUY NY STOP,18334.75,2,733440,-59,-0.01,9,115.5,0.02,-54.5,-0.01,74872,29.95,0
1659,Entry long,2024-04-15 09:30,[CC] BUY NY,18336,2,733440,-59,-0.01,9,115.5,0.02,-54.5,-0.01,74872,29.95,0
1660,Exit long,2024-04-15 18:00,NQ09B BUY WEEKDAY 1800 STOP,17878,1,357585,-29.5,-0.01,4.5,0,0.00,-27.25,-0.01,74842.5,29.94,0
1660,Entry long,2024-04-15 18:00,[CC] BUY WEAK,17879.25,1,357585,-29.5,-0.01,4.5,0,0.00,-27.25,-0.01,74842.5,29.94,0
1661,Exit long,2024-04-16 09:30,NQ09B BUY NY N130 TP2,17882,2,714740,531,0.07,9,535.5,0.07,-14.5,0.00,75373.5,30.15,0
1661,Entry long,2024-04-16 09:30,[CC] BUY NY,17868.5,2,714740,531,0.07,9,535.5,0.07,-14.5,0.00,75373.5,30.15,0
1662,Exit long,2024-04-17 09:30,NQ09B BUY NY STOP,17956.25,2,718300,-59,-0.01,9,75.5,0.01,-54.5,-0.01,75314.5,30.13,0
1662,Entry long,2024-04-17 09:30,[CC] BUY NY,17957.5,2,718300,-59,-0.01,9,75.5,0.01,-54.5,-0.01,75314.5,30.13,0
1663,Exit long,2024-04-18 09:30,NQ09B BUY NY STOP,17672.5,2,706950,-59,-0.01,9,195.5,0.03,-54.5,-0.01,75255.5,30.10,0
1663,Entry long,2024-04-18 09:30,[CC] BUY NY,17673.75,2,706950,-59,-0.01,9,195.5,0.03,-54.5,-0.01,75255.5,30.10,0
1664,Exit long,2024-04-18 18:00,NQ09B BUY WEEKDAY 1800 STOP,17529.75,1,350620,-29.5,-0.01,4.5,0,0.00,-27.25,-0.01,75226,30.09,0
1664,Entry long,2024-04-18 18:00,[CC] BUY WEAK,17531,1,350620,-29.5,-0.01,4.5,0,0.00,-27.25,-0.01,75226,30.09,0
1665,Exit long,2024-04-19 09:30,NQ09B BUY NY STOP,17494,2,699810,-59,-0.01,9,25.5,0.00,-54.5,-0.01,75167,30.07,0
1665,Entry long,2024-04-19 09:30,[CC] BUY NY,17495.25,2,699810,-59,-0.01,9,25.5,0.00,-54.5,-0.01,75167,30.07,0
1666,Exit long,2024-04-21 18:00,NQ09B BUY WEEKLY W80,17236.5,2,689140,311,0.05,9,315.5,0.05,-14.5,0.00,75478,30.19,0
1666,Entry long,2024-04-21 18:00,[CC] BUY WEEKLY,17228.5,2,689140,311,0.05,9,315.5,0.05,-14.5,0.00,75478,30.19,0
1667,Exit long,2024-04-22 09:30,NQ09B BUY NY N130 TP2,17302,2,691560,511,0.07,9,515.5,0.07,-14.5,0.00,75989,30.40,0
1667,Entry long,2024-04-22 09:30,[CC] BUY NY,17289,2,691560,511,0.07,9,515.5,0.07,-14.5,0.00,75989,30.40,0
1668,Exit long,2024-04-23 09:30,NQ09B BUY NY STOP,17427.75,2,697160,-59,-0.01,9,0,0.00,-54.5,-0.01,75930,30.37,0
1668,Entry long,2024-04-23 09:30,[CC] BUY NY,17429,2,697160,-59,-0.01,9,0,0.00,-54.5,-0.01,75930,30.37,0
1669,Exit long,2024-04-24 09:30,NQ09B BUY NY STOP,17730,2,709250,-59,-0.01,9,0,0.00,-54.5,-0.01,75871,30.35,0
1669,Entry long,2024-04-24 09:30,[CC] BUY NY,17731.25,2,709250,-59,-0.01,9,0,0.00,-54.5,-0.01,75871,30.35,0
1670,Exit long,2024-04-24 18:00,NQ09B BUY WEEKDAY 1800 STOP,17449,2,698010,-59,-0.01,9,0,0.00,-54.5,-0.01,75812,30.32,0
1670,Entry long,2024-04-24 18:00,[CC] BUY PREMIUM,17450.25,2,698010,-59,-0.01,9,0,0.00,-54.5,-0.01,75812,30.32,0
1671,Exit long,2024-04-25 09:30,NQ09B BUY NY STOP,17352.75,2,694160,-59,-0.01,9,185.5,0.03,-54.5,-0.01,75753,30.30,0
1671,Entry long,2024-04-25 09:30,[CC] BUY NY,17354,2,694160,-59,-0.01,9,185.5,0.03,-54.5,-0.01,75753,30.30,0
1672,Exit long,2024-04-25 18:00,NQ09B BUY WEEKDAY 1800 D80,17816.75,2,712340,321,0.05,9,325.5,0.05,-14.5,0.00,76074,30.43,0
1672,Entry long,2024-04-25 18:00,[CC] BUY PREMIUM,17808.5,2,712340,321,0.05,9,325.5,0.05,-14.5,0.00,76074,30.43,0
1673,Exit long,2024-04-26 09:30,NQ09B BUY NY STOP,17695.75,2,707880,-59,-0.01,9,0,0.00,-54.5,-0.01,76015,30.41,0
1673,Entry long,2024-04-26 09:30,[CC] BUY NY,17697,2,707880,-59,-0.01,9,0,0.00,-54.5,-0.01,76015,30.41,0
1674,Exit long,2024-04-28 18:00,NQ09B BUY WEEKLY STOP,17863.75,2,714600,-59,-0.01,9,0,0.00,-54.5,-0.01,75956,30.38,0
1674,Entry long,2024-04-28 18:00,[CC] BUY WEEKLY,17865,2,714600,-59,-0.01,9,0,0.00,-54.5,-0.01,75956,30.38,0
1675,Exit long,2024-04-29 09:30,NQ09B BUY NY STOP,17920.5,2,716870,-59,-0.01,9,0,0.00,-54.5,-0.01,75897,30.36,0
1675,Entry long,2024-04-29 09:30,[CC] BUY NY,17921.75,2,716870,-59,-0.01,9,0,0.00,-54.5,-0.01,75897,30.36,0
1676,Exit long,2024-04-30 09:30,NQ09B BUY NY STOP,17835.25,2,713460,-59,-0.01,9,0,0.00,-54.5,-0.01,75838,30.34,0
1676,Entry long,2024-04-30 09:30,[CC] BUY NY,17836.5,2,713460,-59,-0.01,9,0,0.00,-54.5,-0.01,75838,30.34,0
1677,Exit long,2024-04-30 18:00,NQ09B BUY WEEKDAY 1800 STOP,17461.5,2,698510,-59,-0.01,9,0,0.00,-54.5,-0.01,75779,30.31,0
1677,Entry long,2024-04-30 18:00,[CC] BUY PREMIUM,17462.75,2,698510,-59,-0.01,9,0,0.00,-54.5,-0.01,75779,30.31,0
1678,Exit long,2024-05-01 09:30,NQ09B BUY NY N130 TP2,17515,2,700080,511,0.07,9,515.5,0.07,-14.5,0.00,76290,30.52,0
1678,Entry long,2024-05-01 09:30,[CC] BUY NY,17502,2,700080,511,0.07,9,515.5,0.07,-14.5,0.00,76290,30.52,0
1679,Exit long,2024-05-01 18:00,NQ09B BUY WEEKDAY 1800 D80,17495.25,2,699490,311,0.04,9,315.5,0.05,-14.5,0.00,76601,30.64,0
1679,Entry long,2024-05-01 18:00,[CC] BUY PREMIUM,17487.25,2,699490,311,0.04,9,315.5,0.05,-14.5,0.00,76601,30.64,0
1680,Exit long,2024-05-02 09:30,NQ09B BUY NY N130 TP2,17596.25,2,703330,511,0.07,9,515.5,0.07,-14.5,0.00,77112,30.84,0
1680,Entry long,2024-05-02 09:30,[CC] BUY NY,17583.25,2,703330,511,0.07,9,515.5,0.07,-14.5,0.00,77112,30.84,0
1681,Exit long,2024-05-02 18:00,NQ09B BUY WEEKDAY 1800 STOP,17743.25,2,709780,-59,-0.01,9,15.5,0.00,-54.5,-0.01,77053,30.82,0
1681,Entry long,2024-05-02 18:00,[CC] BUY PREMIUM,17744.5,2,709780,-59,-0.01,9,15.5,0.00,-54.5,-0.01,77053,30.82,0
1682,Exit long,2024-05-03 09:30,NQ09B BUY NY STOP,17956.5,2,718310,-59,-0.01,9,305.5,0.04,-54.5,-0.01,76994,30.80,0
1682,Entry long,2024-05-03 09:30,[CC] BUY NY,17957.75,2,718310,-59,-0.01,9,305.5,0.04,-54.5,-0.01,76994,30.80,0
1683,Exit long,2024-05-05 18:00,NQ09B BUY WEEKLY W80,18056,2,721910,321,0.04,9,325.5,0.05,-14.5,0.00,77315,30.93,0
1683,Entry long,2024-05-05 18:00,[CC] BUY WEEKLY,18047.75,2,721910,321,0.04,9,325.5,0.05,-14.5,0.00,77315,30.93,0
1684,Exit long,2024-05-06 09:30,NQ09B BUY NY STOP,18073.25,2,722980,-59,-0.01,9,75.5,0.01,-54.5,-0.01,77256,30.90,0
1684,Entry long,2024-05-06 09:30,[CC] BUY NY,18074.5,2,722980,-59,-0.01,9,75.5,0.01,-54.5,-0.01,77256,30.90,0
1685,Exit long,2024-05-07 09:30,NQ09B BUY NY STOP,18210.25,2,728460,-59,-0.01,9,0,0.00,-54.5,-0.01,77197,30.88,0
1685,Entry long,2024-05-07 09:30,[CC] BUY NY,18211.5,2,728460,-59,-0.01,9,0,0.00,-54.5,-0.01,77197,30.88,0
1686,Exit long,2024-05-08 09:30,NQ09B BUY NY STOP,18083,2,723370,-59,-0.01,9,0,0.00,-54.5,-0.01,77138,30.86,0
1686,Entry long,2024-05-08 09:30,[CC] BUY NY,18084.25,2,723370,-59,-0.01,9,0,0.00,-54.5,-0.01,77138,30.86,0
1687,Exit long,2024-05-09 09:30,NQ09B BUY NY STOP,18185.75,2,727480,-59,-0.01,9,0,0.00,-54.5,-0.01,77079,30.83,0
1687,Entry long,2024-05-09 09:30,[CC] BUY NY,18187,2,727480,-59,-0.01,9,0,0.00,-54.5,-0.01,77079,30.83,0
1688,Exit long,2024-05-10 09:30,NQ09B BUY NY STOP,18273.25,2,730980,-59,-0.01,9,0,0.00,-54.5,-0.01,77020,30.81,0
1688,Entry long,2024-05-10 09:30,[CC] BUY NY,18274.5,2,730980,-59,-0.01,9,0,0.00,-54.5,-0.01,77020,30.81,0
1689,Exit long,2024-05-12 18:00,NQ09B BUY WEEKLY STOP,18237,2,729530,-59,-0.01,9,0,0.00,-54.5,-0.01,76961,30.78,0
1689,Entry long,2024-05-12 18:00,[CC] BUY WEEKLY,18238.25,2,729530,-59,-0.01,9,0,0.00,-54.5,-0.01,76961,30.78,0
1690,Exit long,2024-05-13 09:30,NQ09B BUY NY STOP,18330.75,2,733280,-59,-0.01,9,165.5,0.02,-54.5,-0.01,76902,30.76,0
1690,Entry long,2024-05-13 09:30,[CC] BUY NY,18332,2,733280,-59,-0.01,9,165.5,0.02,-54.5,-0.01,76902,30.76,0
1691,Exit long,2024-05-14 09:30,NQ09B BUY NY STOP,18273.25,2,730980,-59,-0.01,9,0,0.00,-54.5,-0.01,76843,30.74,0
1691,Entry long,2024-05-14 09:30,[CC] BUY NY,18274.5,2,730980,-59,-0.01,9,0,0.00,-54.5,-0.01,76843,30.74,0
1692,Exit long,2024-05-15 09:30,NQ09B BUY NY STOP,18508.5,2,740390,-59,-0.01,9,0,0.00,-54.5,-0.01,76784,30.71,0
1692,Entry long,2024-05-15 09:30,[CC] BUY NY,18509.75,2,740390,-59,-0.01,9,0,0.00,-54.5,-0.01,76784,30.71,0
1693,Exit long,2024-05-16 09:30,NQ09B BUY NY STOP,18677.75,2,747160,-59,-0.01,9,0,0.00,-54.5,-0.01,76725,30.69,0
1693,Entry long,2024-05-16 09:30,[CC] BUY NY,18679,2,747160,-59,-0.01,9,0,0.00,-54.5,-0.01,76725,30.69,0
1694,Exit long,2024-05-17 09:30,NQ09B BUY NY STOP,18650.25,2,746060,-59,-0.01,9,0,0.00,-54.5,-0.01,76666,30.67,0
1694,Entry long,2024-05-17 09:30,[CC] BUY NY,18651.5,2,746060,-59,-0.01,9,0,0.00,-54.5,-0.01,76666,30.67,0
1695,Exit long,2024-05-19 18:00,NQ09B BUY WEEKLY W80,18642.25,2,745350,331,0.04,9,335.5,0.05,-34.5,0.00,76997,30.80,0
1695,Entry long,2024-05-19 18:00,[CC] BUY WEEKLY,18633.75,2,745350,331,0.04,9,335.5,0.05,-34.5,0.00,76997,30.80,0
1696,Exit long,2024-05-20 09:30,NQ09B BUY NY STOP,18642.5,2,745750,-59,-0.01,9,0,0.00,-54.5,-0.01,76938,30.78,0
1696,Entry long,2024-05-20 09:30,[CC] BUY NY,18643.75,2,745750,-59,-0.01,9,0,0.00,-54.5,-0.01,76938,30.78,0
1697,Exit long,2024-05-21 09:30,NQ09B BUY NY STOP,18685,2,747450,-59,-0.01,9,0,0.00,-54.5,-0.01,76879,30.75,0
1697,Entry long,2024-05-21 09:30,[CC] BUY NY,18686.25,2,747450,-59,-0.01,9,0,0.00,-54.5,-0.01,76879,30.75,0
1698,Exit long,2024-05-22 09:30,NQ09B BUY NY STOP,18807,2,752330,-59,-0.01,9,0,0.00,-54.5,-0.01,76820,30.73,0
1698,Entry long,2024-05-22 09:30,[CC] BUY NY,18808.25,2,752330,-59,-0.01,9,0,0.00,-54.5,-0.01,76820,30.73,0
1699,Exit long,2024-05-22 18:00,NQ09B BUY WEEKDAY 1800 STOP,18859.5,2,754430,-59,-0.01,9,0,0.00,-54.5,-0.01,76761,30.70,0
1699,Entry long,2024-05-22 18:00,[CC] BUY PREMIUM,18860.75,2,754430,-59,-0.01,9,0,0.00,-54.5,-0.01,76761,30.70,0
1700,Exit long,2024-05-23 09:30,NQ09B BUY NY STOP,18980.5,2,759270,-59,-0.01,9,25.5,0.00,-54.5,-0.01,76702,30.68,0
1700,Entry long,2024-05-23 09:30,[CC] BUY NY,18981.75,2,759270,-59,-0.01,9,25.5,0.00,-54.5,-0.01,76702,30.68,0
1701,Exit long,2024-05-24 09:30,NQ09B BUY NY STOP,18761.25,2,750500,-59,-0.01,9,505.5,0.07,-54.5,-0.01,76643,30.66,0
1701,Entry long,2024-05-24 09:30,[CC] BUY NY,18762.5,2,750500,-59,-0.01,9,505.5,0.07,-54.5,-0.01,76643,30.66,0
1702,Exit long,2024-05-26 18:00,NQ09B BUY WEEKLY STOP,18873.75,2,755000,-59,-0.01,9,0,0.00,-54.5,-0.01,76584,30.63,0
1702,Entry long,2024-05-26 18:00,[CC] BUY WEEKLY,18875,2,755000,-59,-0.01,9,0,0.00,-54.5,-0.01,76584,30.63,0
1703,Exit long,2024-05-27 09:30,NQ09B BUY NY STOP,18878,2,755170,-59,-0.01,9,0,0.00,-54.5,-0.01,76525,30.61,0
1703,Entry long,2024-05-27 09:30,[CC] BUY NY,18879.25,2,755170,-59,-0.01,9,0,0.00,-54.5,-0.01,76525,30.61,0
1704,Exit long,2024-05-27 18:00,NQ09B BUY WEEKDAY 1800 STOP,18949.5,1,379015,-29.5,-0.01,4.5,77.75,0.02,-27.25,-0.01,76495.5,30.60,0
1704,Entry long,2024-05-27 18:00,[CC] BUY WEAK,18950.75,1,379015,-29.5,-0.01,4.5,77.75,0.02,-27.25,-0.01,76495.5,30.60,0
1705,Exit long,2024-05-28 09:30,NQ09B BUY NY N130 TP2,18934.25,2,756820,541,0.07,9,545.5,0.07,-14.5,0.00,77036.5,30.81,0
1705,Entry long,2024-05-28 09:30,[CC] BUY NY,18920.5,2,756820,541,0.07,9,545.5,0.07,-14.5,0.00,77036.5,30.81,0
1706,Exit long,2024-05-29 09:30,NQ09B BUY NY STOP,18764.25,2,750620,-59,-0.01,9,0,0.00,-54.5,-0.01,76977.5,30.79,0
1706,Entry long,2024-05-29 09:30,[CC] BUY NY,18765.5,2,750620,-59,-0.01,9,0,0.00,-54.5,-0.01,76977.5,30.79,0
1707,Exit long,2024-05-29 18:00,NQ09B BUY WEEKDAY 1800 STOP,18752,2,750130,-59,-0.01,9,0,0.00,-54.5,-0.01,76918.5,30.77,0
1707,Entry long,2024-05-29 18:00,[CC] BUY PREMIUM,18753.25,2,750130,-59,-0.01,9,0,0.00,-54.5,-0.01,76918.5,30.77,0
1708,Exit long,2024-05-30 09:30,NQ09B BUY NY STOP,18763.75,2,750600,-59,-0.01,9,175.5,0.02,-54.5,-0.01,76859.5,30.74,0
1708,Entry long,2024-05-30 09:30,[CC] BUY NY,18765,2,750600,-59,-0.01,9,175.5,0.02,-54.5,-0.01,76859.5,30.74,0
1709,Exit long,2024-05-30 18:00,NQ09B BUY WEEKDAY 1800 STOP,18589.75,1,371820,-29.5,-0.01,4.5,27.75,0.01,-27.25,-0.01,76830,30.73,0
1709,Entry long,2024-05-30 18:00,[CC] BUY WEAK,18591,1,371820,-29.5,-0.01,4.5,27.75,0.01,-27.25,-0.01,76830,30.73,0
1710,Exit long,2024-05-31 09:30,NQ09B BUY NY STOP,18601,2,744090,-59,-0.01,9,525.5,0.07,-54.5,-0.01,76771,30.71,0
1710,Entry long,2024-05-31 09:30,[CC] BUY NY,18602.25,2,744090,-59,-0.01,9,525.5,0.07,-54.5,-0.01,76771,30.71,0
1711,Exit long,2024-06-02 18:00,NQ09B BUY WEEKLY STOP,18589.25,2,743620,-59,-0.01,9,315.5,0.04,-54.5,-0.01,76712,30.68,0
1711,Entry long,2024-06-02 18:00,[CC] BUY WEEKLY,18590.5,2,743620,-59,-0.01,9,315.5,0.04,-54.5,-0.01,76712,30.68,0
1712,Exit long,2024-06-03 09:30,NQ09B BUY NY STOP,18711.75,2,748520,-59,-0.01,9,0,0.00,-54.5,-0.01,76653,30.66,0
1712,Entry long,2024-06-03 09:30,[CC] BUY NY,18713,2,748520,-59,-0.01,9,0,0.00,-54.5,-0.01,76653,30.66,0
1713,Exit long,2024-06-04 09:30,NQ09B BUY NY STOP,18636.75,2,745520,-59,-0.01,9,505.5,0.07,-54.5,-0.01,76594,30.64,0
1713,Entry long,2024-06-04 09:30,[CC] BUY NY,18638,2,745520,-59,-0.01,9,505.5,0.07,-54.5,-0.01,76594,30.64,0
1714,Exit long,2024-06-04 18:00,NQ09B BUY WEEKDAY 1800 STOP,18710,1,374225,-29.5,-0.01,4.5,67.75,0.02,-27.25,-0.01,76564.5,30.63,0
1714,Entry long,2024-06-04 18:00,[CC] BUY WEAK,18711.25,1,374225,-29.5,-0.01,4.5,67.75,0.02,-27.25,-0.01,76564.5,30.63,0
1715,Exit long,2024-06-05 09:30,NQ09B BUY NY STOP,18847.75,2,753960,-59,-0.01,9,145.5,0.02,-54.5,-0.01,76505.5,30.60,0
1715,Entry long,2024-06-05 09:30,[CC] BUY NY,18849,2,753960,-59,-0.01,9,145.5,0.02,-54.5,-0.01,76505.5,30.60,0
1716,Exit long,2024-06-06 09:30,NQ09B BUY NY STOP,19101.75,2,764120,-59,-0.01,9,395.5,0.05,-54.5,-0.01,76446.5,30.58,0
1716,Entry long,2024-06-06 09:30,[CC] BUY NY,19103,2,764120,-59,-0.01,9,395.5,0.05,-54.5,-0.01,76446.5,30.58,0
1717,Exit long,2024-06-07 09:30,NQ09B BUY NY STOP,19039.5,2,761630,-59,-0.01,9,0,0.00,-54.5,-0.01,76387.5,30.56,0
1717,Entry long,2024-06-07 09:30,[CC] BUY NY,19040.75,2,761630,-59,-0.01,9,0,0.00,-54.5,-0.01,76387.5,30.56,0
1718,Exit long,2024-06-09 18:00,NQ09B BUY WEEKLY STOP,19024,2,761010,-59,-0.01,9,0,0.00,-54.5,-0.01,76328.5,30.53,0
1718,Entry long,2024-06-09 18:00,[CC] BUY WEEKLY,19025.25,2,761010,-59,-0.01,9,0,0.00,-54.5,-0.01,76328.5,30.53,0
1719,Exit long,2024-06-10 09:30,NQ09B BUY NY STOP,18987.75,2,759560,-59,-0.01,9,0,0.00,-54.5,-0.01,76269.5,30.51,0
1719,Entry long,2024-06-10 09:30,[CC] BUY NY,18989,2,759560,-59,-0.01,9,0,0.00,-54.5,-0.01,76269.5,30.51,0
1720,Exit long,2024-06-11 09:30,NQ09B BUY NY STOP,19057,2,762330,-59,-0.01,9,0,0.00,-54.5,-0.01,76210.5,30.48,0
1720,Entry long,2024-06-11 09:30,[CC] BUY NY,19058.25,2,762330,-59,-0.01,9,0,0.00,-54.5,-0.01,76210.5,30.48,0
1721,Exit long,2024-06-12 09:30,NQ09B BUY NY STOP,19401.25,2,776100,-59,-0.01,9,0,0.00,-54.5,-0.01,76151.5,30.46,0
1721,Entry long,2024-06-12 09:30,[CC] BUY NY,19402.5,2,776100,-59,-0.01,9,0,0.00,-54.5,-0.01,76151.5,30.46,0
1722,Exit long,2024-06-12 18:00,NQ09B BUY WEEKDAY 1800 STOP,19601,2,784090,-59,-0.01,9,15.5,0.00,-54.5,-0.01,76092.5,30.44,0
1722,Entry long,2024-06-12 18:00,[CC] BUY PREMIUM,19602.25,2,784090,-59,-0.01,9,15.5,0.00,-54.5,-0.01,76092.5,30.44,0
1723,Exit long,2024-06-13 09:30,NQ09B BUY NY STOP,19635.75,2,785480,-59,-0.01,9,0,0.00,-54.5,-0.01,76033.5,30.41,0
1723,Entry long,2024-06-13 09:30,[CC] BUY NY,19637,2,785480,-59,-0.01,9,0,0.00,-54.5,-0.01,76033.5,30.41,0
1724,Exit long,2024-06-13 18:00,NQ09B BUY WEEKDAY 1800 STOP,19601.75,1,392060,-29.5,-0.01,4.5,117.75,0.03,-27.25,-0.01,76004,30.40,0
1724,Entry long,2024-06-13 18:00,[CC] BUY WEAK,19603,1,392060,-29.5,-0.01,4.5,117.75,0.03,-27.25,-0.01,76004,30.40,0
1725,Exit long,2024-06-14 09:30,NQ09B BUY NY STOP,19577,2,783130,-59,-0.01,9,225.5,0.03,-54.5,-0.01,75945,30.38,0
1725,Entry long,2024-06-14 09:30,[CC] BUY NY,19578.25,2,783130,-59,-0.01,9,225.5,0.03,-54.5,-0.01,75945,30.38,0
1726,Exit long,2024-06-16 18:00,NQ09B BUY WEEKLY W80,19964,2,798200,351,0.04,9,355.5,0.04,-14.5,0.00,76296,30.52,0
1726,Entry long,2024-06-16 18:00,[CC] BUY WEEKLY,19955,2,798200,351,0.04,9,355.5,0.04,-14.5,0.00,76296,30.52,0
1727,Exit long,2024-06-17 09:30,NQ09B BUY NY N130 TP2,19972.75,2,798330,571,0.07,9,575.5,0.07,-14.5,0.00,76867,30.75,0
1727,Entry long,2024-06-17 09:30,[CC] BUY NY,19958.25,2,798330,571,0.07,9,575.5,0.07,-14.5,0.00,76867,30.75,0
1728,Exit long,2024-06-18 09:30,NQ09B BUY NY STOP,20190.75,2,807680,-59,-0.01,9,0,0.00,-54.5,-0.01,76808,30.72,0
1728,Entry long,2024-06-18 09:30,[CC] BUY NY,20192,2,807680,-59,-0.01,9,0,0.00,-54.5,-0.01,76808,30.72,0
1729,Exit long,2024-06-19 09:30,NQ09B BUY NY STOP,20241.75,2,809720,-59,-0.01,9,375.5,0.05,-54.5,-0.01,76749,30.70,0
1729,Entry long,2024-06-19 09:30,[CC] BUY NY,20243,2,809720,-59,-0.01,9,375.5,0.05,-54.5,-0.01,76749,30.70,0
1730,Exit long,2024-06-20 09:30,NQ09B BUY NY STOP,20244.75,2,809840,-59,-0.01,9,345.5,0.04,-54.5,-0.01,76690,30.68,0
1730,Entry long,2024-06-20 09:30,[CC] BUY NY,20246,2,809840,-59,-0.01,9,345.5,0.04,-54.5,-0.01,76690,30.68,0
1731,Exit long,2024-06-21 09:30,NQ09B BUY NY STOP,20016,2,800690,-59,-0.01,9,185.5,0.02,-54.5,-0.01,76631,30.65,0
1731,Entry long,2024-06-21 09:30,[CC] BUY NY,20017.25,2,800690,-59,-0.01,9,185.5,0.02,-54.5,-0.01,76631,30.65,0
1732,Exit long,2024-06-23 18:00,NQ09B BUY WEEKLY W80,20024,2,800600,351,0.04,9,355.5,0.04,-14.5,0.00,76982,30.79,0
1732,Entry long,2024-06-23 18:00,[CC] BUY WEEKLY,20015,2,800600,351,0.04,9,355.5,0.04,-14.5,0.00,76982,30.79,0
1733,Exit long,2024-06-24 09:30,NQ09B BUY NY STOP,19921.5,2,796910,-59,-0.01,9,0,0.00,-54.5,-0.01,76923,30.77,0
1733,Entry long,2024-06-24 09:30,[CC] BUY NY,19922.75,2,796910,-59,-0.01,9,0,0.00,-54.5,-0.01,76923,30.77,0
1734,Exit long,2024-06-24 18:00,NQ09B BUY WEEKDAY 1800 STOP,19755,1,395125,-29.5,-0.01,4.5,0,0.00,-27.25,-0.01,76893.5,30.76,0
1734,Entry long,2024-06-24 18:00,[CC] BUY WEAK,19756.25,1,395125,-29.5,-0.01,4.5,0,0.00,-27.25,-0.01,76893.5,30.76,0
1735,Exit long,2024-06-25 09:30,NQ09B BUY NY STOP,19829,2,793210,-59,-0.01,9,335.5,0.04,-54.5,-0.01,76834.5,30.73,0
1735,Entry long,2024-06-25 09:30,[CC] BUY NY,19830.25,2,793210,-59,-0.01,9,335.5,0.04,-54.5,-0.01,76834.5,30.73,0
1736,Exit long,2024-06-26 09:30,NQ09B BUY NY STOP,19928.25,2,797180,-59,-0.01,9,0,0.00,-54.5,-0.01,76775.5,30.71,0
1736,Entry long,2024-06-26 09:30,[CC] BUY NY,19929.5,2,797180,-59,-0.01,9,0,0.00,-54.5,-0.01,76775.5,30.71,0
1737,Exit long,2024-06-26 18:00,NQ09B BUY WEEKDAY 1800 D80,19955.25,1,398925,175.5,0.04,4.5,177.75,0.04,-7.25,0.00,76951,30.78,0
1737,Entry long,2024-06-26 18:00,[CC] BUY WEAK,19946.25,1,398925,175.5,0.04,4.5,177.75,0.04,-7.25,0.00,76951,30.78,0
1738,Exit long,2024-06-27 09:30,NQ09B BUY NY STOP,19989.5,2,799630,-59,-0.01,9,0,0.00,-54.5,-0.01,76892,30.76,0
1738,Entry long,2024-06-27 09:30,[CC] BUY NY,19990.75,2,799630,-59,-0.01,9,0,0.00,-54.5,-0.01,76892,30.76,0
1739,Exit long,2024-06-28 09:30,NQ09B BUY NY STOP,20069.5,2,802830,-59,-0.01,9,165.5,0.02,-54.5,-0.01,76833,30.73,0
1739,Entry long,2024-06-28 09:30,[CC] BUY NY,20070.75,2,802830,-59,-0.01,9,165.5,0.02,-54.5,-0.01,76833,30.73,0
1740,Exit long,2024-06-30 18:00,NQ09B BUY WEEKLY W80,19979.25,2,798810,351,0.04,9,355.5,0.04,-14.5,0.00,77184,30.87,0
1740,Entry long,2024-06-30 18:00,[CC] BUY WEEKLY,19970.25,2,798810,351,0.04,9,355.5,0.04,-14.5,0.00,77184,30.87,0
1741,Exit long,2024-07-01 09:30,NQ09B BUY NY STOP,19970.75,2,798880,-59,-0.01,9,545.5,0.07,-54.5,-0.01,77125,30.85,0
1741,Entry long,2024-07-01 09:30,[CC] BUY NY,19972,2,798880,-59,-0.01,9,545.5,0.07,-54.5,-0.01,77125,30.85,0
1742,Exit long,2024-07-02 09:30,NQ09B BUY NY STOP,19981.25,2,799300,-59,-0.01,9,0,0.00,-54.5,-0.01,77066,30.83,0
1742,Entry long,2024-07-02 09:30,[CC] BUY NY,19982.5,2,799300,-59,-0.01,9,0,0.00,-54.5,-0.01,77066,30.83,0
1743,Exit long,2024-07-02 18:00,NQ09B BUY WEEKDAY 1800 STOP,20240,1,404825,-29.5,-0.01,4.5,12.75,0.00,-27.25,-0.01,77036.5,30.81,0
1743,Entry long,2024-07-02 18:00,[CC] BUY WEAK,20241.25,1,404825,-29.5,-0.01,4.5,12.75,0.00,-27.25,-0.01,77036.5,30.81,0
1744,Exit long,2024-07-03 09:30,NQ09B BUY NY N130 TP2,20231,2,808660,571,0.07,9,575.5,0.07,-24.5,0.00,77607.5,31.04,0
1744,Entry long,2024-07-03 09:30,[CC] BUY NY,20216.5,2,808660,571,0.07,9,575.5,0.07,-24.5,0.00,77607.5,31.04,0
1745,Exit long,2024-07-03 18:00,NQ09B BUY WEEKDAY 1800 STOP,20418.25,1,408390,-29.5,-0.01,4.5,17.75,0.00,-27.25,-0.01,77578,31.03,0
1745,Entry long,2024-07-03 18:00,[CC] BUY WEAK,20419.5,1,408390,-29.5,-0.01,4.5,17.75,0.00,-27.25,-0.01,77578,31.03,0
1746,Exit long,2024-07-04 09:30,NQ09B BUY NY STOP,20404.25,2,816220,-59,-0.01,9,25.5,0.00,-54.5,-0.01,77519,31.01,0
1746,Entry long,2024-07-04 09:30,[CC] BUY NY,20405.5,2,816220,-59,-0.01,9,25.5,0.00,-54.5,-0.01,77519,31.01,0
1747,Exit long,2024-07-05 09:30,NQ09B BUY NY STOP,20440.5,2,817670,-59,-0.01,9,0,0.00,-54.5,-0.01,77460,30.98,0
1747,Entry long,2024-07-05 09:30,[CC] BUY NY,20441.75,2,817670,-59,-0.01,9,0,0.00,-54.5,-0.01,77460,30.98,0
1748,Exit long,2024-07-07 18:00,NQ09B BUY WEEKLY STOP,20590.5,2,823670,-59,-0.01,9,0,0.00,-54.5,-0.01,77401,30.96,0
1748,Entry long,2024-07-07 18:00,[CC] BUY WEEKLY,20591.75,2,823670,-59,-0.01,9,0,0.00,-54.5,-0.01,77401,30.96,0
1749,Exit long,2024-07-08 09:30,NQ09B BUY NY STOP,20631.5,2,825310,-59,-0.01,9,475.5,0.06,-54.5,-0.01,77342,30.94,0
1749,Entry long,2024-07-08 09:30,[CC] BUY NY,20632.75,2,825310,-59,-0.01,9,475.5,0.06,-54.5,-0.01,77342,30.94,0
1750,Exit long,2024-07-09 09:30,NQ09B BUY NY STOP,20722.25,2,828940,-59,-0.01,9,0,0.00,-54.5,-0.01,77283,30.91,0
1750,Entry long,2024-07-09 09:30,[CC] BUY NY,20723.5,2,828940,-59,-0.01,9,0,0.00,-54.5,-0.01,77283,30.91,0
1751,Exit long,2024-07-10 09:30,NQ09B BUY NY STOP,20757,2,830330,-59,-0.01,9,385.5,0.05,-54.5,-0.01,77224,30.89,0
1751,Entry long,2024-07-10 09:30,[CC] BUY NY,20758.25,2,830330,-59,-0.01,9,385.5,0.05,-54.5,-0.01,77224,30.89,0
1752,Exit long,2024-07-11 09:30,NQ09B BUY NY STOP,20893.5,2,835790,-59,-0.01,9,295.5,0.04,-54.5,-0.01,77165,30.87,0
1752,Entry long,2024-07-11 09:30,[CC] BUY NY,20894.75,2,835790,-59,-0.01,9,295.5,0.04,-54.5,-0.01,77165,30.87,0
1753,Exit long,2024-07-11 18:00,NQ09B BUY WEEKDAY 1800 STOP,20431.75,1,408660,-29.5,-0.01,4.5,0,0.00,-27.25,-0.01,77135.5,30.85,0
1753,Entry long,2024-07-11 18:00,[CC] BUY WEAK,20433,1,408660,-29.5,-0.01,4.5,0,0.00,-27.25,-0.01,77135.5,30.85,0
1754,Exit long,2024-07-12 09:30,NQ09B BUY NY STOP,20442.25,2,817740,-59,-0.01,9,0,0.00,-54.5,-0.01,77076.5,30.83,0
1754,Entry long,2024-07-12 09:30,[CC] BUY NY,20443.5,2,817740,-59,-0.01,9,0,0.00,-54.5,-0.01,77076.5,30.83,0
1755,Exit long,2024-07-14 18:00,NQ09B BUY WEEKLY W80,20589.25,2,823210,351,0.04,9,355.5,0.04,-14.5,0.00,77427.5,30.97,0
1755,Entry long,2024-07-14 18:00,[CC] BUY WEEKLY,20580.25,2,823210,351,0.04,9,355.5,0.04,-14.5,0.00,77427.5,30.97,0
1756,Exit long,2024-07-15 09:30,NQ09B BUY NY STOP,20609,2,824410,-59,-0.01,9,0,0.00,-54.5,-0.01,77368.5,30.95,0
1756,Entry long,2024-07-15 09:30,[CC] BUY NY,20610.25,2,824410,-59,-0.01,9,0,0.00,-54.5,-0.01,77368.5,30.95,0
1757,Exit long,2024-07-16 09:30,NQ09B BUY NY STOP,20648.25,2,825980,-59,-0.01,9,0,0.00,-54.5,-0.01,77309.5,30.92,0
1757,Entry long,2024-07-16 09:30,[CC] BUY NY,20649.5,2,825980,-59,-0.01,9,0,0.00,-54.5,-0.01,77309.5,30.92,0
1758,Exit long,2024-07-17 09:30,NQ09B BUY NY STOP,20259.5,2,810430,-59,-0.01,9,265.5,0.03,-54.5,-0.01,77250.5,30.90,0
1758,Entry long,2024-07-17 09:30,[CC] BUY NY,20260.75,2,810430,-59,-0.01,9,265.5,0.03,-54.5,-0.01,77250.5,30.90,0
1759,Exit long,2024-07-18 09:30,NQ09B BUY NY STOP,20140.5,2,805670,-59,-0.01,9,295.5,0.04,-54.5,-0.01,77191.5,30.88,0
1759,Entry long,2024-07-18 09:30,[CC] BUY NY,20141.75,2,805670,-59,-0.01,9,295.5,0.04,-54.5,-0.01,77191.5,30.88,0
1760,Exit long,2024-07-18 18:00,NQ09B BUY WEEKDAY 1800 STOP,19954,2,798210,-59,-0.01,9,0,0.00,-54.5,-0.01,77132.5,30.85,0
1760,Entry long,2024-07-18 18:00,[CC] BUY PREMIUM,19955.25,2,798210,-59,-0.01,9,0,0.00,-54.5,-0.01,77132.5,30.85,0
1761,Exit long,2024-07-19 09:30,NQ09B BUY NY STOP,19867.5,2,794750,-59,-0.01,9,0,0.00,-54.5,-0.01,77073.5,30.83,0
1761,Entry long,2024-07-19 09:30,[CC] BUY NY,19868.75,2,794750,-59,-0.01,9,0,0.00,-54.5,-0.01,77073.5,30.83,0
1762,Exit long,2024-07-21 18:00,NQ09B BUY WEEKLY W80,19758.25,2,789970,351,0.04,9,355.5,0.05,-14.5,0.00,77424.5,30.97,0
1762,Entry long,2024-07-21 18:00,[CC] BUY WEEKLY,19749.25,2,789970,351,0.04,9,355.5,0.05,-14.5,0.00,77424.5,30.97,0
1763,Exit long,2024-07-22 09:30,NQ09B BUY NY STOP,19953.75,2,798200,-59,-0.01,9,165.5,0.02,-54.5,-0.01,77365.5,30.95,0
1763,Entry long,2024-07-22 09:30,[CC] BUY NY,19955,2,798200,-59,-0.01,9,165.5,0.02,-54.5,-0.01,77365.5,30.95,0
1764,Exit long,2024-07-23 09:30,NQ09B BUY NY N130 TP2,19972.5,2,798320,571,0.07,9,575.5,0.07,-14.5,0.00,77936.5,31.17,0
1764,Entry long,2024-07-23 09:30,[CC] BUY NY,19958,2,798320,571,0.07,9,575.5,0.07,-14.5,0.00,77936.5,31.17,0
1765,Exit long,2024-07-23 18:00,NQ09B BUY WEEKDAY 1800 STOP,19882,1,397665,-29.5,-0.01,4.5,0,0.00,-27.25,-0.01,77907,31.16,0
1765,Entry long,2024-07-23 18:00,[CC] BUY WEAK,19883.25,1,397665,-29.5,-0.01,4.5,0,0.00,-27.25,-0.01,77907,31.16,0
1766,Exit long,2024-07-24 09:30,NQ09B BUY NY STOP,19639.5,2,785630,-59,-0.01,9,515.5,0.07,-54.5,-0.01,77848,31.14,0
1766,Entry long,2024-07-24 09:30,[CC] BUY NY,19640.75,2,785630,-59,-0.01,9,515.5,0.07,-54.5,-0.01,77848,31.14,0
1767,Exit long,2024-07-24 18:00,NQ09B BUY WEEKDAY 1800 STOP,19259,2,770410,-59,-0.01,9,0,0.00,-54.5,-0.01,77789,31.12,0
1767,Entry long,2024-07-24 18:00,[CC] BUY PREMIUM,19260.25,2,770410,-59,-0.01,9,0,0.00,-54.5,-0.01,77789,31.12,0
1768,Exit long,2024-07-25 09:30,NQ09B BUY NY STOP,19216,2,768690,-59,-0.01,9,375.5,0.05,-54.5,-0.01,77730,31.09,0
1768,Entry long,2024-07-25 09:30,[CC] BUY NY,19217.25,2,768690,-59,-0.01,9,375.5,0.05,-54.5,-0.01,77730,31.09,0
1769,Exit long,2024-07-25 18:00,NQ09B BUY WEEKDAY 1800 STOP,19002,1,380065,-29.5,-0.01,4.5,0,0.00,-27.25,-0.01,77700.5,31.08,0
1769,Entry long,2024-07-25 18:00,[CC] BUY WEAK,19003.25,1,380065,-29.5,-0.01,4.5,0,0.00,-27.25,-0.01,77700.5,31.08,0
1770,Exit long,2024-07-26 09:30,NQ09B BUY NY STOP,19162,2,766530,-59,-0.01,9,115.5,0.02,-54.5,-0.01,77641.5,31.06,0
1770,Entry long,2024-07-26 09:30,[CC] BUY NY,19163.25,2,766530,-59,-0.01,9,115.5,0.02,-54.5,-0.01,77641.5,31.06,0
1771,Exit long,2024-07-28 18:00,NQ09B BUY WEEKLY STOP,19170.75,2,766880,-59,-0.01,9,0,0.00,-54.5,-0.01,77582.5,31.03,0
1771,Entry long,2024-07-28 18:00,[CC] BUY WEEKLY,19172,2,766880,-59,-0.01,9,0,0.00,-54.5,-0.01,77582.5,31.03,0
1772,Exit long,2024-07-29 09:30,NQ09B BUY NY STOP,19284.25,2,771420,-59,-0.01,9,285.5,0.04,-54.5,-0.01,77523.5,31.01,0
1772,Entry long,2024-07-29 09:30,[CC] BUY NY,19285.5,2,771420,-59,-0.01,9,285.5,0.04,-54.5,-0.01,77523.5,31.01,0
1773,Exit long,2024-07-30 09:30,NQ09B BUY NY STOP,19287,2,771530,-59,-0.01,9,415.5,0.05,-54.5,-0.01,77464.5,30.99,0
1773,Entry long,2024-07-30 09:30,[CC] BUY NY,19288.25,2,771530,-59,-0.01,9,415.5,0.05,-54.5,-0.01,77464.5,30.99,0
1774,Exit long,2024-07-30 18:00,NQ09B BUY WEEKDAY 1800 STOP,18864.75,2,754640,-59,-0.01,9,0,0.00,-54.5,-0.01,77405.5,30.96,0
1774,Entry long,2024-07-30 18:00,[CC] BUY PREMIUM,18866,2,754640,-59,-0.01,9,0,0.00,-54.5,-0.01,77405.5,30.96,0
1775,Exit long,2024-07-31 09:30,NQ09B BUY NY N130 TP2,19386,2,774880,551,0.07,9,555.5,0.07,-14.5,0.00,77956.5,31.18,0
1775,Entry long,2024-07-31 09:30,[CC] BUY NY,19372,2,774880,551,0.07,9,555.5,0.07,-14.5,0.00,77956.5,31.18,0
1776,Exit long,2024-07-31 18:00,NQ09B BUY WEEKDAY 1800 STOP,19592.25,2,783740,-59,-0.01,9,0,0.00,-54.5,-0.01,77897.5,31.16,0
1776,Entry long,2024-07-31 18:00,[CC] BUY PREMIUM,19593.5,2,783740,-59,-0.01,9,0,0.00,-54.5,-0.01,77897.5,31.16,0
1777,Exit long,2024-08-01 09:30,NQ09B BUY NY STOP,19524,2,781010,-59,-0.01,9,0,0.00,-54.5,-0.01,77838.5,31.14,0
1777,Entry long,2024-08-01 09:30,[CC] BUY NY,19525.25,2,781010,-59,-0.01,9,0,0.00,-54.5,-0.01,77838.5,31.14,0
1778,Exit long,2024-08-01 18:00,NQ09B BUY WEEKDAY 1800 STOP,18955.5,2,758270,-59,-0.01,9,0,0.00,-54.5,-0.01,77779.5,31.11,0
1778,Entry long,2024-08-01 18:00,[CC] BUY PREMIUM,18956.75,2,758270,-59,-0.01,9,0,0.00,-54.5,-0.01,77779.5,31.11,0
1779,Exit long,2024-08-02 09:30,NQ09B BUY NY STOP,18649.5,2,746030,-59,-0.01,9,145.5,0.02,-54.5,-0.01,77720.5,31.09,0
1779,Entry long,2024-08-02 09:30,[CC] BUY NY,18650.75,2,746030,-59,-0.01,9,145.5,0.02,-54.5,-0.01,77720.5,31.09,0
1780,Exit long,2024-08-04 18:00,NQ09B BUY WEEKLY STOP,18389,2,735610,-59,-0.01,9,0,0.00,-54.5,-0.01,77661.5,31.06,0
1780,Entry long,2024-08-04 18:00,[CC] BUY WEEKLY,18390.25,2,735610,-59,-0.01,9,0,0.00,-54.5,-0.01,77661.5,31.06,0
1781,Exit long,2024-08-05 09:30,NQ09B BUY NY STOP,17560.75,2,702480,-59,-0.01,9,0,0.00,-54.5,-0.01,77602.5,31.04,0
1781,Entry long,2024-08-05 09:30,[CC] BUY NY,17562,2,702480,-59,-0.01,9,0,0.00,-54.5,-0.01,77602.5,31.04,0
1782,Exit long,2024-08-05 18:00,NQ09B BUY WEEKDAY 1800 STOP,18164.75,2,726640,-59,-0.01,9,0,0.00,-54.5,-0.01,77543.5,31.02,0
1782,Entry long,2024-08-05 18:00,[CC] BUY PREMIUM,18166,2,726640,-59,-0.01,9,0,0.00,-54.5,-0.01,77543.5,31.02,0
1783,Exit long,2024-08-06 09:30,NQ09B BUY NY STOP,18077,2,723130,-59,-0.01,9,0,0.00,-54.5,-0.01,77484.5,30.99,0
1783,Entry long,2024-08-06 09:30,[CC] BUY NY,18078.25,2,723130,-59,-0.01,9,0,0.00,-54.5,-0.01,77484.5,30.99,0
1784,Exit long,2024-08-06 18:00,NQ09B BUY WEEKDAY 1800 STOP,18032,2,721330,-59,-0.01,9,0,0.00,-54.5,-0.01,77425.5,30.97,0
1784,Entry long,2024-08-06 18:00,[CC] BUY PREMIUM,18033.25,2,721330,-59,-0.01,9,0,0.00,-54.5,-0.01,77425.5,30.97,0
1785,Exit long,2024-08-07 09:30,NQ09B BUY NY STOP,18452.25,2,738140,-59,-0.01,9,0,0.00,-54.5,-0.01,77366.5,30.95,0
1785,Entry long,2024-08-07 09:30,[CC] BUY NY,18453.5,2,738140,-59,-0.01,9,0,0.00,-54.5,-0.01,77366.5,30.95,0
1786,Exit long,2024-08-07 18:00,NQ09B BUY WEEKDAY 1800 STOP,17872,2,714930,-59,-0.01,9,0,0.00,-54.5,-0.01,77307.5,30.92,0
1786,Entry long,2024-08-07 18:00,[CC] BUY PREMIUM,17873.25,2,714930,-59,-0.01,9,0,0.00,-54.5,-0.01,77307.5,30.92,0
1787,Exit long,2024-08-08 09:30,NQ09B BUY NY N130 TP2,18238.25,2,728990,531,0.07,9,535.5,0.07,-14.5,0.00,77838.5,31.14,0
1787,Entry long,2024-08-08 09:30,[CC] BUY NY,18224.75,2,728990,531,0.07,9,535.5,0.07,-14.5,0.00,77838.5,31.14,0
1788,Exit long,2024-08-09 09:30,NQ09B BUY NY N130 TP2,18465,2,738050,541,0.07,9,545.5,0.07,-14.5,0.00,78379.5,31.35,0
1788,Entry long,2024-08-09 09:30,[CC] BUY NY,18451.25,2,738050,541,0.07,9,545.5,0.07,-14.5,0.00,78379.5,31.35,0
1789,Exit long,2024-08-11 18:00,NQ09B BUY WEEKLY STOP,18589,2,743610,-59,-0.01,9,0,0.00,-54.5,-0.01,78320.5,31.33,0
1789,Entry long,2024-08-11 18:00,[CC] BUY WEEKLY,18590.25,2,743610,-59,-0.01,9,0,0.00,-54.5,-0.01,78320.5,31.33,0
1790,Exit long,2024-08-12 09:30,NQ09B BUY NY STOP,18640.25,2,745660,-59,-0.01,9,0,0.00,-54.5,-0.01,78261.5,31.30,0
1790,Entry long,2024-08-12 09:30,[CC] BUY NY,18641.5,2,745660,-59,-0.01,9,0,0.00,-54.5,-0.01,78261.5,31.30,0
1791,Exit long,2024-08-13 09:30,NQ09B BUY NY STOP,18820.75,2,752880,-59,-0.01,9,0,0.00,-54.5,-0.01,78202.5,31.28,0
1791,Entry long,2024-08-13 09:30,[CC] BUY NY,18822,2,752880,-59,-0.01,9,0,0.00,-54.5,-0.01,78202.5,31.28,0
1792,Exit long,2024-08-14 09:30,NQ09B BUY NY STOP,19136.25,2,765500,-59,-0.01,9,0,0.00,-54.5,-0.01,78143.5,31.26,0
1792,Entry long,2024-08-14 09:30,[CC] BUY NY,19137.5,2,765500,-59,-0.01,9,0,0.00,-54.5,-0.01,78143.5,31.26,0
1793,Exit long,2024-08-15 09:30,NQ09B BUY NY STOP,19351,2,774090,-59,-0.01,9,0,0.00,-54.5,-0.01,78084.5,31.23,0
1793,Entry long,2024-08-15 09:30,[CC] BUY NY,19352.25,2,774090,-59,-0.01,9,0,0.00,-54.5,-0.01,78084.5,31.23,0
1794,Exit long,2024-08-16 09:30,NQ09B BUY NY STOP,19502.5,2,780150,-59,-0.01,9,395.5,0.05,-54.5,-0.01,78025.5,31.21,0
1794,Entry long,2024-08-16 09:30,[CC] BUY NY,19503.75,2,780150,-59,-0.01,9,395.5,0.05,-54.5,-0.01,78025.5,31.21,0
1795,Exit long,2024-08-18 18:00,NQ09B BUY WEEKLY STOP,19628,2,785170,-59,-0.01,9,0,0.00,-54.5,-0.01,77966.5,31.19,0
1795,Entry long,2024-08-18 18:00,[CC] BUY WEEKLY,19629.25,2,785170,-59,-0.01,9,0,0.00,-54.5,-0.01,77966.5,31.19,0
1796,Exit long,2024-08-19 09:30,NQ09B BUY NY STOP,19603.5,2,784190,-59,-0.01,9,385.5,0.05,-54.5,-0.01,77907.5,31.16,0
1796,Entry long,2024-08-19 09:30,[CC] BUY NY,19604.75,2,784190,-59,-0.01,9,385.5,0.05,-54.5,-0.01,77907.5,31.16,0
1797,Exit long,2024-08-20 09:30,NQ09B BUY NY STOP,19816.75,2,792720,-59,-0.01,9,0,0.00,-54.5,-0.01,77848.5,31.14,0
1797,Entry long,2024-08-20 09:30,[CC] BUY NY,19818,2,792720,-59,-0.01,9,0,0.00,-54.5,-0.01,77848.5,31.14,0
1798,Exit long,2024-08-21 09:30,NQ09B BUY NY STOP,19841,2,793690,-59,-0.01,9,275.5,0.03,-54.5,-0.01,77789.5,31.12,0
1798,Entry long,2024-08-21 09:30,[CC] BUY NY,19842.25,2,793690,-59,-0.01,9,275.5,0.03,-54.5,-0.01,77789.5,31.12,0
1799,Exit long,2024-08-22 09:30,NQ09B BUY NY STOP,19996.5,2,799910,-59,-0.01,9,0,0.00,-54.5,-0.01,77730.5,31.09,0
1799,Entry long,2024-08-22 09:30,[CC] BUY NY,19997.75,2,799910,-59,-0.01,9,0,0.00,-54.5,-0.01,77730.5,31.09,0
1800,Exit long,2024-08-22 18:00,NQ09B BUY WEEKDAY 1800 STOP,19620.5,1,392435,-29.5,-0.01,4.5,122.75,0.03,-27.25,-0.01,77701,31.08,0
1800,Entry long,2024-08-22 18:00,[CC] BUY WEAK,19621.75,1,392435,-29.5,-0.01,4.5,122.75,0.03,-27.25,-0.01,77701,31.08,0
1801,Exit long,2024-08-23 09:30,NQ09B BUY NY STOP,19754.25,2,790220,-59,-0.01,9,365.5,0.05,-54.5,-0.01,77642,31.06,0
1801,Entry long,2024-08-23 09:30,[CC] BUY NY,19755.5,2,790220,-59,-0.01,9,365.5,0.05,-54.5,-0.01,77642,31.06,0
1802,Exit long,2024-08-25 18:00,NQ09B BUY WEEKLY STOP,19786.75,2,791520,-59,-0.01,9,0,0.00,-54.5,-0.01,77583,31.03,0
1802,Entry long,2024-08-25 18:00,[CC] BUY WEEKLY,19788,2,791520,-59,-0.01,9,0,0.00,-54.5,-0.01,77583,31.03,0
1803,Exit long,2024-08-26 09:30,NQ09B BUY NY STOP,19762,2,790530,-59,-0.01,9,0,0.00,-54.5,-0.01,77524,31.01,0
1803,Entry long,2024-08-26 09:30,[CC] BUY NY,19763.25,2,790530,-59,-0.01,9,0,0.00,-54.5,-0.01,77524,31.01,0
1804,Exit long,2024-08-27 09:30,NQ09B BUY NY N130 TP2,19537.75,2,780950,551,0.07,9,555.5,0.07,-14.5,0.00,78075,31.23,0
1804,Entry long,2024-08-27 09:30,[CC] BUY NY,19523.75,2,780950,551,0.07,9,555.5,0.07,-14.5,0.00,78075,31.23,0
1805,Exit long,2024-08-28 09:30,NQ09B BUY NY STOP,19624.75,2,785040,-59,-0.01,9,0,0.00,-54.5,-0.01,78016,31.21,0
1805,Entry long,2024-08-28 09:30,[CC] BUY NY,19626,2,785040,-59,-0.01,9,0,0.00,-54.5,-0.01,78016,31.21,0
1806,Exit long,2024-08-28 18:00,NQ09B BUY WEEKDAY 1800 STOP,19216,2,768690,-59,-0.01,9,0,0.00,-54.5,-0.01,77957,31.18,0
1806,Entry long,2024-08-28 18:00,[CC] BUY PREMIUM,19217.25,2,768690,-59,-0.01,9,0,0.00,-54.5,-0.01,77957,31.18,0
1807,Exit long,2024-08-29 09:30,NQ09B BUY NY STOP,19497,2,779930,-59,-0.01,9,0,0.00,-54.5,-0.01,77898,31.16,0
1807,Entry long,2024-08-29 09:30,[CC] BUY NY,19498.25,2,779930,-59,-0.01,9,0,0.00,-54.5,-0.01,77898,31.16,0
1808,Exit long,2024-08-30 09:30,NQ09B BUY NY N130 TP2,19573.5,2,782380,551,0.07,9,555.5,0.07,-14.5,0.00,78449,31.38,0
1808,Entry long,2024-08-30 09:30,[CC] BUY NY,19559.5,2,782380,551,0.07,9,555.5,0.07,-14.5,0.00,78449,31.38,0
1809,Exit long,2024-09-01 18:00,NQ09B BUY WEEKLY W80,19608,2,783970,341,0.04,9,345.5,0.04,-14.5,0.00,78790,31.52,0
1809,Entry long,2024-09-01 18:00,[CC] BUY WEEKLY,19599.25,2,783970,341,0.04,9,345.5,0.04,-14.5,0.00,78790,31.52,0
1810,Exit long,2024-09-02 09:30,NQ09B BUY NY STOP,19617.75,2,784760,-59,-0.01,9,0,0.00,-54.5,-0.01,78731,31.49,0
1810,Entry long,2024-09-02 09:30,[CC] BUY NY,19619,2,784760,-59,-0.01,9,0,0.00,-54.5,-0.01,78731,31.49,0
1811,Exit long,2024-09-02 18:00,NQ09B BUY WEEKDAY 1800 D80,19655.75,1,392935,175.5,0.04,4.5,177.75,0.05,-7.25,0.00,78906.5,31.56,0
1811,Entry long,2024-09-02 18:00,[CC] BUY WEAK,19646.75,1,392935,175.5,0.04,4.5,177.75,0.05,-7.25,0.00,78906.5,31.56,0
1812,Exit long,2024-09-03 09:30,NQ09B BUY NY STOP,19477,2,779130,-59,-0.01,9,195.5,0.03,-54.5,-0.01,78847.5,31.54,0
1812,Entry long,2024-09-03 09:30,[CC] BUY NY,19478.25,2,779130,-59,-0.01,9,195.5,0.03,-54.5,-0.01,78847.5,31.54,0
1813,Exit long,2024-09-03 18:00,NQ09B BUY WEEKDAY 1800 D80,19002.75,1,379880,170.5,0.04,4.5,172.75,0.05,-7.25,0.00,79018,31.61,0
1813,Entry long,2024-09-03 18:00,[CC] BUY WEAK,18994,1,379880,170.5,0.04,4.5,172.75,0.05,-7.25,0.00,79018,31.61,0
1814,Exit long,2024-09-04 09:30,NQ09B BUY NY STOP,18877.25,2,755140,-59,-0.01,9,0,0.00,-54.5,-0.01,78959,31.58,0
1814,Entry long,2024-09-04 09:30,[CC] BUY NY,18878.5,2,755140,-59,-0.01,9,0,0.00,-54.5,-0.01,78959,31.58,0
1815,Exit long,2024-09-05 09:30,NQ09B BUY NY STOP,18885.5,2,755470,-59,-0.01,9,0,0.00,-54.5,-0.01,78900,31.56,0
1815,Entry long,2024-09-05 09:30,[CC] BUY NY,18886.75,2,755470,-59,-0.01,9,0,0.00,-54.5,-0.01,78900,31.56,0
1816,Exit long,2024-09-05 18:00,NQ09B BUY WEEKDAY 1800 STOP,18920,1,378425,-29.5,-0.01,4.5,0,0.00,-27.25,-0.01,78870.5,31.55,0
1816,Entry long,2024-09-05 18:00,[CC] BUY WEAK,18921.25,1,378425,-29.5,-0.01,4.5,0,0.00,-27.25,-0.01,78870.5,31.55,0
1817,Exit long,2024-09-06 09:30,NQ09B BUY NY N130 TP2,18943.75,2,757200,541,0.07,9,545.5,0.07,-14.5,0.00,79411.5,31.76,0
1817,Entry long,2024-09-06 09:30,[CC] BUY NY,18930,2,757200,541,0.07,9,545.5,0.07,-14.5,0.00,79411.5,31.76,0
1818,Exit long,2024-09-08 18:00,NQ09B BUY WEEKLY STOP,18399,2,736010,-59,-0.01,9,0,0.00,-54.5,-0.01,79352.5,31.74,0
1818,Entry long,2024-09-08 18:00,[CC] BUY WEEKLY,18400.25,2,736010,-59,-0.01,9,0,0.00,-54.5,-0.01,79352.5,31.74,0
1819,Exit long,2024-09-09 09:30,NQ09B BUY NY STOP,18627.75,2,745160,-59,-0.01,9,0,0.00,-54.5,-0.01,79293.5,31.72,0
1819,Entry long,2024-09-09 09:30,[CC] BUY NY,18629,2,745160,-59,-0.01,9,0,0.00,-54.5,-0.01,79293.5,31.72,0
1820,Exit long,2024-09-10 09:30,NQ09B BUY NY STOP,18757.25,2,750340,-59,-0.01,9,0,0.00,-54.5,-0.01,79234.5,31.69,0
1820,Entry long,2024-09-10 09:30,[CC] BUY NY,18758.5,2,750340,-59,-0.01,9,0,0.00,-54.5,-0.01,79234.5,31.69,0
1821,Exit long,2024-09-11 09:30,NQ09B BUY NY STOP,18901.5,2,756110,-59,-0.01,9,145.5,0.02,-54.5,-0.01,79175.5,31.67,0
1821,Entry long,2024-09-11 09:30,[CC] BUY NY,18902.75,2,756110,-59,-0.01,9,145.5,0.02,-54.5,-0.01,79175.5,31.67,0
1822,Exit long,2024-09-12 09:30,NQ09B BUY NY N130 TP2,19273,2,770360,551,0.07,9,555.5,0.07,-14.5,0.00,79726.5,31.89,0
1822,Entry long,2024-09-12 09:30,[CC] BUY NY,19259,2,770360,551,0.07,9,555.5,0.07,-14.5,0.00,79726.5,31.89,0
1823,Exit long,2024-09-12 18:00,NQ09B BUY WEEKDAY 1800 STOP,19418.5,2,776790,-59,-0.01,9,0,0.00,-54.5,-0.01,79667.5,31.87,0
1823,Entry long,2024-09-12 18:00,[CC] BUY PREMIUM,19419.75,2,776790,-59,-0.01,9,0,0.00,-54.5,-0.01,79667.5,31.87,0
1824,Exit long,2024-09-13 09:30,NQ09B BUY NY STOP,19408.25,2,776380,-59,-0.01,9,0,0.00,-54.5,-0.01,79608.5,31.84,0
1824,Entry long,2024-09-13 09:30,[CC] BUY NY,19409.5,2,776380,-59,-0.01,9,0,0.00,-54.5,-0.01,79608.5,31.84,0
1825,Exit long,2024-09-15 18:00,NQ09B BUY WEEKLY STOP,19497,2,779930,-59,-0.01,9,0,0.00,-54.5,-0.01,79549.5,31.82,0
1825,Entry long,2024-09-15 18:00,[CC] BUY WEEKLY,19498.25,2,779930,-59,-0.01,9,0,0.00,-54.5,-0.01,79549.5,31.82,0
1826,Exit long,2024-09-16 09:30,NQ09B BUY NY STOP,19434.25,2,777420,-59,-0.01,9,185.5,0.02,-54.5,-0.01,79490.5,31.80,0
1826,Entry long,2024-09-16 09:30,[CC] BUY NY,19435.5,2,777420,-59,-0.01,9,185.5,0.02,-54.5,-0.01,79490.5,31.80,0
1827,Exit long,2024-09-17 09:30,NQ09B BUY NY STOP,19794.5,2,791830,-59,-0.01,9,0,0.00,-54.5,-0.01,79431.5,31.77,0
1827,Entry long,2024-09-17 09:30,[CC] BUY NY,19795.75,2,791830,-59,-0.01,9,0,0.00,-54.5,-0.01,79431.5,31.77,0
1828,Exit long,2024-09-18 09:30,NQ09B BUY NY STOP,19729.5,2,789230,-59,-0.01,9,225.5,0.03,-54.5,-0.01,79372.5,31.75,0
1828,Entry long,2024-09-18 09:30,[CC] BUY NY,19730.75,2,789230,-59,-0.01,9,225.5,0.03,-54.5,-0.01,79372.5,31.75,0
1829,Exit long,2024-09-18 18:00,NQ09B BUY WEEKDAY 1800 STOP,19647.75,1,392980,-29.5,-0.01,4.5,0,0.00,-27.25,-0.01,79343,31.74,0
1829,Entry long,2024-09-18 18:00,[CC] BUY WEAK,19649,1,392980,-29.5,-0.01,4.5,0,0.00,-27.25,-0.01,79343,31.74,0
1830,Exit long,2024-09-19 09:30,NQ09B BUY NY STOP,20051.25,2,802100,-59,-0.01,9,235.5,0.03,-54.5,-0.01,79284,31.71,0
1830,Entry long,2024-09-19 09:30,[CC] BUY NY,20052.5,2,802100,-59,-0.01,9,235.5,0.03,-54.5,-0.01,79284,31.71,0
1831,Exit long,2024-09-20 09:30,NQ09B BUY NY STOP,20034,2,801410,-59,-0.01,9,0,0.00,-54.5,-0.01,79225,31.69,0
1831,Entry long,2024-09-20 09:30,[CC] BUY NY,20035.25,2,801410,-59,-0.01,9,0,0.00,-54.5,-0.01,79225,31.69,0
1832,Exit long,2024-09-22 18:00,NQ09B BUY WEEKLY STOP,20039,2,801610,-59,-0.01,9,345.5,0.04,-54.5,-0.01,79166,31.67,0
1832,Entry long,2024-09-22 18:00,[CC] BUY WEEKLY,20040.25,2,801610,-59,-0.01,9,345.5,0.04,-54.5,-0.01,79166,31.67,0
1833,Exit long,2024-09-23 09:30,NQ09B BUY NY STOP,20076.25,2,803100,-59,-0.01,9,325.5,0.04,-54.5,-0.01,79107,31.64,0
1833,Entry long,2024-09-23 09:30,[CC] BUY NY,20077.5,2,803100,-59,-0.01,9,325.5,0.04,-54.5,-0.01,79107,31.64,0
1834,Exit long,2024-09-24 09:30,NQ09B BUY NY N130 TP2,20149.75,2,805410,571,0.07,9,575.5,0.07,-14.5,0.00,79678,31.87,0
1834,Entry long,2024-09-24 09:30,[CC] BUY NY,20135.25,2,805410,571,0.07,9,575.5,0.07,-14.5,0.00,79678,31.87,0
1835,Exit long,2024-09-25 09:30,NQ09B BUY NY STOP,20140,2,805650,-59,-0.01,9,0,0.00,-54.5,-0.01,79619,31.85,0
1835,Entry long,2024-09-25 09:30,[CC] BUY NY,20141.25,2,805650,-59,-0.01,9,0,0.00,-54.5,-0.01,79619,31.85,0
1836,Exit long,2024-09-26 09:30,NQ09B BUY NY STOP,20502,2,820130,-59,-0.01,9,565.5,0.07,-54.5,-0.01,79560,31.82,0
1836,Entry long,2024-09-26 09:30,[CC] BUY NY,20503.25,2,820130,-59,-0.01,9,565.5,0.07,-54.5,-0.01,79560,31.82,0
1837,Exit long,2024-09-27 09:30,NQ09B BUY NY STOP,20376.5,2,815110,-59,-0.01,9,205.5,0.03,-54.5,-0.01,79501,31.80,0
1837,Entry long,2024-09-27 09:30,[CC] BUY NY,20377.75,2,815110,-59,-0.01,9,205.5,0.03,-54.5,-0.01,79501,31.80,0
1838,Exit long,2024-09-29 18:00,NQ09B BUY WEEKLY W80,20207.75,2,807950,351,0.04,9,355.5,0.04,-14.5,0.00,79852,31.94,0
1838,Entry long,2024-09-29 18:00,[CC] BUY WEEKLY,20198.75,2,807950,351,0.04,9,355.5,0.04,-14.5,0.00,79852,31.94,0
1839,Exit long,2024-09-30 09:30,NQ09B BUY NY STOP,20178.5,2,807190,-59,-0.01,9,0,0.00,-54.5,-0.01,79793,31.92,0
1839,Entry long,2024-09-30 09:30,[CC] BUY NY,20179.75,2,807190,-59,-0.01,9,0,0.00,-54.5,-0.01,79793,31.92,0
1840,Exit long,2024-09-30 18:00,NQ09B BUY WEEKDAY 1800 D80,20243.5,2,809380,351,0.04,9,355.5,0.04,-24.5,0.00,80144,32.06,0
1840,Entry long,2024-09-30 18:00,[CC] BUY PREMIUM,20234.5,2,809380,351,0.04,9,355.5,0.04,-24.5,0.00,80144,32.06,0
1841,Exit long,2024-10-01 09:30,NQ09B BUY NY STOP,20251,2,810090,-59,-0.01,9,545.5,0.07,-54.5,-0.01,80085,32.03,0
1841,Entry long,2024-10-01 09:30,[CC] BUY NY,20252.25,2,810090,-59,-0.01,9,545.5,0.07,-54.5,-0.01,80085,32.03,0
1842,Exit long,2024-10-01 18:00,NQ09B BUY WEEKDAY 1800 D80,19984.5,1,399510,175.5,0.04,4.5,177.75,0.04,-7.25,0.00,80260.5,32.10,0
1842,Entry long,2024-10-01 18:00,[CC] BUY WEAK,19975.5,1,399510,175.5,0.04,4.5,177.75,0.04,-7.25,0.00,80260.5,32.10,0
1843,Exit long,2024-10-02 09:30,NQ09B BUY NY N130 TP2,19957.5,2,797720,571,0.07,9,575.5,0.07,-14.5,0.00,80831.5,32.33,0
1843,Entry long,2024-10-02 09:30,[CC] BUY NY,19943,2,797720,571,0.07,9,575.5,0.07,-14.5,0.00,80831.5,32.33,0
1844,Exit long,2024-10-02 18:00,NQ09B BUY WEEKDAY 1800 STOP,20054.5,2,802230,-59,-0.01,9,175.5,0.02,-54.5,-0.01,80772.5,32.31,0
1844,Entry long,2024-10-02 18:00,[CC] BUY PREMIUM,20055.75,2,802230,-59,-0.01,9,175.5,0.02,-54.5,-0.01,80772.5,32.31,0
1845,Exit long,2024-10-03 09:30,NQ09B BUY NY STOP,19911,2,796490,-59,-0.01,9,0,0.00,-54.5,-0.01,80713.5,32.29,0
1845,Entry long,2024-10-03 09:30,[CC] BUY NY,19912.25,2,796490,-59,-0.01,9,0,0.00,-54.5,-0.01,80713.5,32.29,0
1846,Exit long,2024-10-03 18:00,NQ09B BUY WEEKDAY 1800 STOP,19964.5,2,798630,-59,-0.01,9,0,0.00,-54.5,-0.01,80654.5,32.26,0
1846,Entry long,2024-10-03 18:00,[CC] BUY PREMIUM,19965.75,2,798630,-59,-0.01,9,0,0.00,-54.5,-0.01,80654.5,32.26,0
1847,Exit long,2024-10-04 09:30,NQ09B BUY NY STOP,20226.25,2,809100,-59,-0.01,9,325.5,0.04,-54.5,-0.01,80595.5,32.24,0
1847,Entry long,2024-10-04 09:30,[CC] BUY NY,20227.5,2,809100,-59,-0.01,9,325.5,0.04,-54.5,-0.01,80595.5,32.24,0
1848,Exit long,2024-10-06 18:00,NQ09B BUY WEEKLY STOP,20219,2,808810,-59,-0.01,9,0,0.00,-54.5,-0.01,80536.5,32.21,0
1848,Entry long,2024-10-06 18:00,[CC] BUY WEEKLY,20220.25,2,808810,-59,-0.01,9,0,0.00,-54.5,-0.01,80536.5,32.21,0
1849,Exit long,2024-10-07 09:30,NQ09B BUY NY STOP,20136,2,805490,-59,-0.01,9,0,0.00,-54.5,-0.01,80477.5,32.19,0
1849,Entry long,2024-10-07 09:30,[CC] BUY NY,20137.25,2,805490,-59,-0.01,9,0,0.00,-54.5,-0.01,80477.5,32.19,0
1850,Exit long,2024-10-07 18:00,NQ09B BUY WEEKDAY 1800 STOP,20024.75,1,400520,-29.5,-0.01,4.5,97.75,0.02,-27.25,-0.01,80448,32.18,0
1850,Entry long,2024-10-07 18:00,[CC] BUY WEAK,20026,1,400520,-29.5,-0.01,4.5,97.75,0.02,-27.25,-0.01,80448,32.18,0
1851,Exit long,2024-10-08 09:30,NQ09B BUY NY STOP,20102.25,2,804140,-59,-0.01,9,105.5,0.01,-54.5,-0.01,80389,32.16,0
1851,Entry long,2024-10-08 09:30,[CC] BUY NY,20103.5,2,804140,-59,-0.01,9,105.5,0.01,-54.5,-0.01,80389,32.16,0
1852,Exit long,2024-10-09 09:30,NQ09B BUY NY STOP,20281,2,811290,-59,-0.01,9,305.5,0.04,-54.5,-0.01,80330,32.13,0
1852,Entry long,2024-10-09 09:30,[CC] BUY NY,20282.25,2,811290,-59,-0.01,9,305.5,0.04,-54.5,-0.01,80330,32.13,0
1853,Exit long,2024-10-09 18:00,NQ09B BUY WEEKDAY 1800 STOP,20444.25,1,408910,-29.5,-0.01,4.5,142.75,0.03,-27.25,-0.01,80300.5,32.12,0
1853,Entry long,2024-10-09 18:00,[CC] BUY WEAK,20445.5,1,408910,-29.5,-0.01,4.5,142.75,0.03,-27.25,-0.01,80300.5,32.12,0
1854,Exit long,2024-10-10 09:30,NQ09B BUY NY STOP,20358,2,814370,-59,-0.01,9,0,0.00,-54.5,-0.01,80241.5,32.10,0
1854,Entry long,2024-10-10 09:30,[CC] BUY NY,20359.25,2,814370,-59,-0.01,9,0,0.00,-54.5,-0.01,80241.5,32.10,0
1855,Exit long,2024-10-11 09:30,NQ09B BUY NY STOP,20339.25,2,813620,-59,-0.01,9,275.5,0.03,-54.5,-0.01,80182.5,32.07,0
1855,Entry long,2024-10-11 09:30,[CC] BUY NY,20340.5,2,813620,-59,-0.01,9,275.5,0.03,-54.5,-0.01,80182.5,32.07,0
1856,Exit long,2024-10-13 18:00,NQ09B BUY WEEKLY STOP,20431.5,2,817310,-59,-0.01,9,285.5,0.03,-54.5,-0.01,80123.5,32.05,0
1856,Entry long,2024-10-13 18:00,[CC] BUY WEEKLY,20432.75,2,817310,-59,-0.01,9,285.5,0.03,-54.5,-0.01,80123.5,32.05,0
1857,Exit long,2024-10-14 09:30,NQ09B BUY NY STOP,20549.5,2,822030,-59,-0.01,9,0,0.00,-54.5,-0.01,80064.5,32.03,0
1857,Entry long,2024-10-14 09:30,[CC] BUY NY,20550.75,2,822030,-59,-0.01,9,0,0.00,-54.5,-0.01,80064.5,32.03,0
1858,Exit long,2024-10-14 18:00,NQ09B BUY WEEKDAY 1800 STOP,20637.75,1,412780,-29.5,-0.01,4.5,32.75,0.01,-27.25,-0.01,80035,32.01,0
1858,Entry long,2024-10-14 18:00,[CC] BUY WEAK,20639,1,412780,-29.5,-0.01,4.5,32.75,0.01,-27.25,-0.01,80035,32.01,0
1859,Exit long,2024-10-15 09:30,NQ09B BUY NY STOP,20630.75,2,825280,-59,-0.01,9,475.5,0.06,-54.5,-0.01,79976,31.99,0
1859,Entry long,2024-10-15 09:30,[CC] BUY NY,20632,2,825280,-59,-0.01,9,475.5,0.06,-54.5,-0.01,79976,31.99,0
1860,Exit long,2024-10-16 09:30,NQ09B BUY NY STOP,20351.5,2,814110,-59,-0.01,9,175.5,0.02,-54.5,-0.01,79917,31.97,0
1860,Entry long,2024-10-16 09:30,[CC] BUY NY,20352.75,2,814110,-59,-0.01,9,175.5,0.02,-54.5,-0.01,79917,31.97,0
1861,Exit long,2024-10-16 18:00,NQ09B BUY WEEKDAY 1800 STOP,20327,1,406565,-29.5,-0.01,4.5,0,0.00,-27.25,-0.01,79887.5,31.96,0
1861,Entry long,2024-10-16 18:00,[CC] BUY WEAK,20328.25,1,406565,-29.5,-0.01,4.5,0,0.00,-27.25,-0.01,79887.5,31.96,0
1862,Exit long,2024-10-17 09:30,NQ09B BUY NY STOP,20572.25,2,822940,-59,-0.01,9,95.5,0.01,-54.5,-0.01,79828.5,31.93,0
1862,Entry long,2024-10-17 09:30,[CC] BUY NY,20573.5,2,822940,-59,-0.01,9,95.5,0.01,-54.5,-0.01,79828.5,31.93,0
1863,Exit long,2024-10-18 09:30,NQ09B BUY NY STOP,20464.75,2,818640,-59,-0.01,9,75.5,0.01,-54.5,-0.01,79769.5,31.91,0
1863,Entry long,2024-10-18 09:30,[CC] BUY NY,20466,2,818640,-59,-0.01,9,75.5,0.01,-54.5,-0.01,79769.5,31.91,0
1864,Exit long,2024-10-20 18:00,NQ09B BUY WEEKLY W80,20505.5,2,819860,351,0.04,9,355.5,0.04,-24.5,0.00,80120.5,32.05,0
1864,Entry long,2024-10-20 18:00,[CC] BUY WEEKLY,20496.5,2,819860,351,0.04,9,355.5,0.04,-24.5,0.00,80120.5,32.05,0
1865,Exit long,2024-10-21 09:30,NQ09B BUY NY STOP,20426.75,2,817120,-59,-0.01,9,0,0.00,-54.5,-0.01,80061.5,32.02,0
1865,Entry long,2024-10-21 09:30,[CC] BUY NY,20428,2,817120,-59,-0.01,9,0,0.00,-54.5,-0.01,80061.5,32.02,0
1866,Exit long,2024-10-22 09:30,NQ09B BUY NY N130 TP2,20417.75,2,816120,581,0.07,9,585.5,0.07,-14.5,0.00,80642.5,32.26,0
1866,Entry long,2024-10-22 09:30,[CC] BUY NY,20403,2,816120,581,0.07,9,585.5,0.07,-14.5,0.00,80642.5,32.26,0
1867,Exit long,2024-10-23 09:30,NQ09B BUY NY STOP,20434,2,817410,-59,-0.01,9,0,0.00,-54.5,-0.01,80583.5,32.23,0
1867,Entry long,2024-10-23 09:30,[CC] BUY NY,20435.25,2,817410,-59,-0.01,9,0,0.00,-54.5,-0.01,80583.5,32.23,0
1868,Exit long,2024-10-23 18:00,NQ09B BUY WEEKDAY 1800 STOP,20293.25,1,405890,-29.5,-0.01,4.5,77.75,0.02,-27.25,-0.01,80554,32.22,0
1868,Entry long,2024-10-23 18:00,[CC] BUY WEAK,20294.5,1,405890,-29.5,-0.01,4.5,77.75,0.02,-27.25,-0.01,80554,32.22,0
1869,Exit long,2024-10-24 09:30,NQ09B BUY NY STOP,20371.5,2,814910,-59,-0.01,9,135.5,0.02,-54.5,-0.01,80495,32.20,0
1869,Entry long,2024-10-24 09:30,[CC] BUY NY,20372.75,2,814910,-59,-0.01,9,135.5,0.02,-54.5,-0.01,80495,32.20,0
1870,Exit long,2024-10-24 18:00,NQ09B BUY WEEKDAY 1800 STOP,20387.5,1,407775,-29.5,-0.01,4.5,0,0.00,-27.25,-0.01,80465.5,32.19,0
1870,Entry long,2024-10-24 18:00,[CC] BUY WEAK,20388.75,1,407775,-29.5,-0.01,4.5,0,0.00,-27.25,-0.01,80465.5,32.19,0
1871,Exit long,2024-10-25 09:30,NQ09B BUY NY STOP,20490.25,2,819660,-59,-0.01,9,0,0.00,-54.5,-0.01,80406.5,32.16,0
1871,Entry long,2024-10-25 09:30,[CC] BUY NY,20491.5,2,819660,-59,-0.01,9,0,0.00,-54.5,-0.01,80406.5,32.16,0
1872,Exit long,2024-10-27 18:00,NQ09B BUY WEEKLY W80,20534.75,2,821030,351,0.04,9,355.5,0.04,-24.5,0.00,80757.5,32.30,0
1872,Entry long,2024-10-27 18:00,[CC] BUY WEEKLY,20525.75,2,821030,351,0.04,9,355.5,0.04,-24.5,0.00,80757.5,32.30,0
1873,Exit long,2024-10-28 09:30,NQ09B BUY NY STOP,20624.25,2,825020,-59,-0.01,9,45.5,0.01,-54.5,-0.01,80698.5,32.28,0
1873,Entry long,2024-10-28 09:30,[CC] BUY NY,20625.5,2,825020,-59,-0.01,9,45.5,0.01,-54.5,-0.01,80698.5,32.28,0
1874,Exit long,2024-10-29 09:30,NQ09B BUY NY N130 TP2,20526,2,820450,581,0.07,9,585.5,0.07,-14.5,0.00,81279.5,32.51,0
1874,Entry long,2024-10-29 09:30,[CC] BUY NY,20511.25,2,820450,581,0.07,9,585.5,0.07,-14.5,0.00,81279.5,32.51,0
1875,Exit long,2024-10-30 09:30,NQ09B BUY NY STOP,20660.25,2,826460,-59,-0.01,9,305.5,0.04,-54.5,-0.01,81220.5,32.49,0
1875,Entry long,2024-10-30 09:30,[CC] BUY NY,20661.5,2,826460,-59,-0.01,9,305.5,0.04,-54.5,-0.01,81220.5,32.49,0
1876,Exit long,2024-10-30 18:00,NQ09B BUY WEEKDAY 1800 D80,20491.25,2,819290,351,0.04,9,355.5,0.04,-14.5,0.00,81571.5,32.63,0
1876,Entry long,2024-10-30 18:00,[CC] BUY PREMIUM,20482.25,2,819290,351,0.04,9,355.5,0.04,-14.5,0.00,81571.5,32.63,0
1877,Exit long,2024-10-31 09:30,NQ09B BUY NY STOP,20365,2,814650,-59,-0.01,9,115.5,0.01,-54.5,-0.01,81512.5,32.61,0
1877,Entry long,2024-10-31 09:30,[CC] BUY NY,20366.25,2,814650,-59,-0.01,9,115.5,0.01,-54.5,-0.01,81512.5,32.61,0
1878,Exit long,2024-10-31 18:00,NQ09B BUY WEEKDAY 1800 STOP,20070,1,401425,-29.5,-0.01,4.5,0,0.00,-27.25,-0.01,81483,32.59,0
1878,Entry long,2024-10-31 18:00,[CC] BUY WEAK,20071.25,1,401425,-29.5,-0.01,4.5,0,0.00,-27.25,-0.01,81483,32.59,0
1879,Exit long,2024-11-01 09:30,NQ09B BUY NY STOP,20068,2,802770,-59,-0.01,9,0,0.00,-54.5,-0.01,81424,32.57,0
1879,Entry long,2024-11-01 09:30,[CC] BUY NY,20069.25,2,802770,-59,-0.01,9,0,0.00,-54.5,-0.01,81424,32.57,0
1880,Exit long,2024-11-03 18:00,NQ09B BUY WEEKLY STOP,20137,2,805530,-59,-0.01,9,0,0.00,-54.5,-0.01,81365,32.55,0
1880,Entry long,2024-11-03 18:00,[CC] BUY WEEKLY,20138.25,2,805530,-59,-0.01,9,0,0.00,-54.5,-0.01,81365,32.55,0
1881,Exit long,2024-11-04 09:30,NQ09B BUY NY N130 TP2,20135,2,804820,571,0.07,9,575.5,0.07,-14.5,0.00,81936,32.77,0
1881,Entry long,2024-11-04 09:30,[CC] BUY NY,20120.5,2,804820,571,0.07,9,575.5,0.07,-14.5,0.00,81936,32.77,0
1882,Exit long,2024-11-05 09:30,NQ09B BUY NY STOP,20151.25,2,806100,-59,-0.01,9,0,0.00,-54.5,-0.01,81877,32.75,0
1882,Entry long,2024-11-05 09:30,[CC] BUY NY,20152.5,2,806100,-59,-0.01,9,0,0.00,-54.5,-0.01,81877,32.75,0
1883,Exit long,2024-11-05 18:00,NQ09B BUY WEEKDAY 1800 STOP,20359.5,1,407215,-29.5,-0.01,4.5,67.75,0.02,-27.25,-0.01,81847.5,32.74,0
1883,Entry long,2024-11-05 18:00,[CC] BUY WEAK,20360.75,1,407215,-29.5,-0.01,4.5,67.75,0.02,-27.25,-0.01,81847.5,32.74,0
1884,Exit long,2024-11-06 09:30,NQ09B BUY NY STOP,20683.75,2,827400,-59,-0.01,9,0,0.00,-54.5,-0.01,81788.5,32.72,0
1884,Entry long,2024-11-06 09:30,[CC] BUY NY,20685,2,827400,-59,-0.01,9,0,0.00,-54.5,-0.01,81788.5,32.72,0
1885,Exit long,2024-11-06 18:00,NQ09B BUY WEEKDAY 1800 STOP,20922.5,2,836950,-59,-0.01,9,0,0.00,-54.5,-0.01,81729.5,32.69,0
1885,Entry long,2024-11-06 18:00,[CC] BUY PREMIUM,20923.75,2,836950,-59,-0.01,9,0,0.00,-54.5,-0.01,81729.5,32.69,0
1886,Exit long,2024-11-07 09:30,NQ09B BUY NY STOP,21005.75,2,840280,-59,-0.01,9,0,0.00,-54.5,-0.01,81670.5,32.67,0
1886,Entry long,2024-11-07 09:30,[CC] BUY NY,21007,2,840280,-59,-0.01,9,0,0.00,-54.5,-0.01,81670.5,32.67,0
1887,Exit long,2024-11-08 09:30,NQ09B BUY NY N130 TP2,21200.75,2,847430,591,0.07,9,595.5,0.07,-14.5,0.00,82261.5,32.90,0
1887,Entry long,2024-11-08 09:30,[CC] BUY NY,21185.75,2,847430,591,0.07,9,595.5,0.07,-14.5,0.00,82261.5,32.90,0
1888,Exit long,2024-11-10 18:00,NQ09B BUY WEEKLY STOP,21248.75,2,850000,-59,-0.01,9,0,0.00,-54.5,-0.01,82202.5,32.88,0
1888,Entry long,2024-11-10 18:00,[CC] BUY WEEKLY,21250,2,850000,-59,-0.01,9,0,0.00,-54.5,-0.01,82202.5,32.88,0
1889,Exit long,2024-11-11 09:30,NQ09B BUY NY STOP,21282,2,851330,-59,-0.01,9,375.5,0.04,-54.5,-0.01,82143.5,32.86,0
1889,Entry long,2024-11-11 09:30,[CC] BUY NY,21283.25,2,851330,-59,-0.01,9,375.5,0.04,-54.5,-0.01,82143.5,32.86,0
1890,Exit long,2024-11-12 09:30,NQ09B BUY NY STOP,21213.25,2,848580,-59,-0.01,9,315.5,0.04,-54.5,-0.01,82084.5,32.83,0
1890,Entry long,2024-11-12 09:30,[CC] BUY NY,21214.5,2,848580,-59,-0.01,9,315.5,0.04,-54.5,-0.01,82084.5,32.83,0
1891,Exit long,2024-11-12 18:00,NQ09B BUY WEEKDAY 1800 STOP,21177,1,423565,-29.5,-0.01,4.5,107.75,0.03,-27.25,-0.01,82055,32.82,0
1891,Entry long,2024-11-12 18:00,[CC] BUY WEAK,21178.25,1,423565,-29.5,-0.01,4.5,107.75,0.03,-27.25,-0.01,82055,32.82,0
1892,Exit long,2024-11-13 09:30,NQ09B BUY NY STOP,21157.75,2,846360,-59,-0.01,9,0,0.00,-54.5,-0.01,81996,32.80,0
1892,Entry long,2024-11-13 09:30,[CC] BUY NY,21159,2,846360,-59,-0.01,9,0,0.00,-54.5,-0.01,81996,32.80,0
1893,Exit long,2024-11-13 18:00,NQ09B BUY WEEKDAY 1800 STOP,21166,1,423345,-29.5,-0.01,4.5,0,0.00,-27.25,-0.01,81966.5,32.79,0
1893,Entry long,2024-11-13 18:00,[CC] BUY WEAK,21167.25,1,423345,-29.5,-0.01,4.5,0,0.00,-27.25,-0.01,81966.5,32.79,0
1894,Exit long,2024-11-14 09:30,NQ09B BUY NY STOP,21136.75,2,845520,-59,-0.01,9,0,0.00,-54.5,-0.01,81907.5,32.76,0
1894,Entry long,2024-11-14 09:30,[CC] BUY NY,21138,2,845520,-59,-0.01,9,0,0.00,-54.5,-0.01,81907.5,32.76,0
1895,Exit long,2024-11-14 18:00,NQ09B BUY WEEKDAY 1800 STOP,20976.5,1,419555,-29.5,-0.01,4.5,72.75,0.02,-27.25,-0.01,81878,32.75,0
1895,Entry long,2024-11-14 18:00,[CC] BUY WEAK,20977.75,1,419555,-29.5,-0.01,4.5,72.75,0.02,-27.25,-0.01,81878,32.75,0
1896,Exit long,2024-11-15 09:30,NQ09B BUY NY N130 TP2,20773.75,2,830360,581,0.07,9,585.5,0.07,-14.5,0.00,82459,32.98,0
1896,Entry long,2024-11-15 09:30,[CC] BUY NY,20759,2,830360,581,0.07,9,585.5,0.07,-14.5,0.00,82459,32.98,0
1897,Exit long,2024-11-17 18:00,NQ09B BUY WEEKLY W80,20513.25,2,820170,351,0.04,9,355.5,0.04,-14.5,0.00,82810,33.12,0
1897,Entry long,2024-11-17 18:00,[CC] BUY WEEKLY,20504.25,2,820170,351,0.04,9,355.5,0.04,-14.5,0.00,82810,33.12,0
1898,Exit long,2024-11-18 09:30,NQ09B BUY NY STOP,20556,2,822290,-59,-0.01,9,85.5,0.01,-54.5,-0.01,82751,33.10,0
1898,Entry long,2024-11-18 09:30,[CC] BUY NY,20557.25,2,822290,-59,-0.01,9,85.5,0.01,-54.5,-0.01,82751,33.10,0
1899,Exit long,2024-11-19 09:30,NQ09B BUY NY STOP,20520.5,2,820870,-59,-0.01,9,0,0.00,-54.5,-0.01,82692,33.08,0
1899,Entry long,2024-11-19 09:30,[CC] BUY NY,20521.75,2,820870,-59,-0.01,9,0,0.00,-54.5,-0.01,82692,33.08,0
1900,Exit long,2024-11-20 09:30,NQ09B BUY NY STOP,20752,2,830130,-59,-0.01,9,105.5,0.01,-54.5,-0.01,82633,33.05,0
1900,Entry long,2024-11-20 09:30,[CC] BUY NY,20753.25,2,830130,-59,-0.01,9,105.5,0.01,-54.5,-0.01,82633,33.05,0
1901,Exit long,2024-11-20 18:00,NQ09B BUY WEEKDAY 1800 STOP,20737,2,829530,-59,-0.01,9,0,0.00,-54.5,-0.01,82574,33.03,0
1901,Entry long,2024-11-20 18:00,[CC] BUY PREMIUM,20738.25,2,829530,-59,-0.01,9,0,0.00,-54.5,-0.01,82574,33.03,0
1902,Exit long,2024-11-21 09:30,NQ09B BUY NY N130 TP2,20891,2,835050,581,0.07,9,585.5,0.07,-14.5,0.00,83155,33.26,0
1902,Entry long,2024-11-21 09:30,[CC] BUY NY,20876.25,2,835050,581,0.07,9,585.5,0.07,-14.5,0.00,83155,33.26,0
1903,Exit long,2024-11-21 18:00,NQ09B BUY WEEKDAY 1800 STOP,20793,2,831770,-59,-0.01,9,105.5,0.01,-54.5,-0.01,83096,33.24,0
1903,Entry long,2024-11-21 18:00,[CC] BUY PREMIUM,20794.25,2,831770,-59,-0.01,9,105.5,0.01,-54.5,-0.01,83096,33.24,0
1904,Exit long,2024-11-22 09:30,NQ09B BUY NY STOP,20790.25,2,831660,-59,-0.01,9,0,0.00,-54.5,-0.01,83037,33.21,0
1904,Entry long,2024-11-22 09:30,[CC] BUY NY,20791.5,2,831660,-59,-0.01,9,0,0.00,-54.5,-0.01,83037,33.21,0
1905,Exit long,2024-11-24 18:00,NQ09B BUY WEEKLY STOP,20934,2,837410,-59,-0.01,9,0,0.00,-54.5,-0.01,82978,33.19,0
1905,Entry long,2024-11-24 18:00,[CC] BUY WEEKLY,20935.25,2,837410,-59,-0.01,9,0,0.00,-54.5,-0.01,82978,33.19,0
1906,Exit long,2024-11-25 09:30,NQ09B BUY NY STOP,21015.5,2,840670,-59,-0.01,9,225.5,0.03,-54.5,-0.01,82919,33.17,0
1906,Entry long,2024-11-25 09:30,[CC] BUY NY,21016.75,2,840670,-59,-0.01,9,225.5,0.03,-54.5,-0.01,82919,33.17,0
1907,Exit long,2024-11-25 18:00,NQ09B BUY WEEKDAY 1800 STOP,20905.25,1,418130,-29.5,-0.01,4.5,0,0.00,-27.25,-0.01,82889.5,33.16,0
1907,Entry long,2024-11-25 18:00,[CC] BUY WEAK,20906.5,1,418130,-29.5,-0.01,4.5,0,0.00,-27.25,-0.01,82889.5,33.16,0
1908,Exit long,2024-11-26 09:30,NQ09B BUY NY STOP,20937.75,2,837560,-59,-0.01,9,0,0.00,-54.5,-0.01,82830.5,33.13,0
1908,Entry long,2024-11-26 09:30,[CC] BUY NY,20939,2,837560,-59,-0.01,9,0,0.00,-54.5,-0.01,82830.5,33.13,0
1909,Exit long,2024-11-27 09:30,NQ09B BUY NY STOP,20935.25,2,837460,-59,-0.01,9,115.5,0.01,-54.5,-0.01,82771.5,33.11,0
1909,Entry long,2024-11-27 09:30,[CC] BUY NY,20936.5,2,837460,-59,-0.01,9,115.5,0.01,-54.5,-0.01,82771.5,33.11,0
1910,Exit long,2024-11-28 09:30,NQ09B BUY NY N130 TP2,20889,2,834970,581,0.07,9,585.5,0.07,-14.5,0.00,83352.5,33.34,0
1910,Entry long,2024-11-28 09:30,[CC] BUY NY,20874.25,2,834970,581,0.07,9,585.5,0.07,-14.5,0.00,83352.5,33.34,0
1911,Exit long,2024-11-29 09:30,NQ09B BUY NY STOP,20829.5,2,833230,-59,-0.01,9,575.5,0.07,-54.5,-0.01,83293.5,33.32,0
1911,Entry long,2024-11-29 09:30,[CC] BUY NY,20830.75,2,833230,-59,-0.01,9,575.5,0.07,-54.5,-0.01,83293.5,33.32,0
1912,Exit long,2024-12-01 18:00,NQ09B BUY WEEKLY STOP,20994.25,2,839820,-59,-0.01,9,335.5,0.04,-54.5,-0.01,83234.5,33.29,0
1912,Entry long,2024-12-01 18:00,[CC] BUY WEEKLY,20995.5,2,839820,-59,-0.01,9,335.5,0.04,-54.5,-0.01,83234.5,33.29,0
1913,Exit long,2024-12-02 09:30,NQ09B BUY NY STOP,21041.75,2,841720,-59,-0.01,9,0,0.00,-54.5,-0.01,83175.5,33.27,0
1913,Entry long,2024-12-02 09:30,[CC] BUY NY,21043,2,841720,-59,-0.01,9,0,0.00,-54.5,-0.01,83175.5,33.27,0
1914,Exit long,2024-12-02 18:00,NQ09B BUY WEEKDAY 1800 STOP,21219,1,424405,-29.5,-0.01,4.5,0,0.00,-27.25,-0.01,83146,33.26,0
1914,Entry long,2024-12-02 18:00,[CC] BUY WEAK,21220.25,1,424405,-29.5,-0.01,4.5,0,0.00,-27.25,-0.01,83146,33.26,0
1915,Exit long,2024-12-03 09:30,NQ09B BUY NY STOP,21157,2,846330,-59,-0.01,9,0,0.00,-54.5,-0.01,83087,33.23,0
1915,Entry long,2024-12-03 09:30,[CC] BUY NY,21158.25,2,846330,-59,-0.01,9,0,0.00,-54.5,-0.01,83087,33.23,0
1916,Exit long,2024-12-04 09:30,NQ09B BUY NY STOP,21416.5,2,856710,-59,-0.01,9,0,0.00,-54.5,-0.01,83028,33.21,0
1916,Entry long,2024-12-04 09:30,[CC] BUY NY,21417.75,2,856710,-59,-0.01,9,0,0.00,-54.5,-0.01,83028,33.21,0
1917,Exit long,2024-12-05 09:30,NQ09B BUY NY N130 TP2,21550.5,2,861420,591,0.07,9,595.5,0.07,-14.5,0.00,83619,33.45,0
1917,Entry long,2024-12-05 09:30,[CC] BUY NY,21535.5,2,861420,591,0.07,9,595.5,0.07,-14.5,0.00,83619,33.45,0
1918,Exit long,2024-12-06 09:30,NQ09B BUY NY STOP,21490,2,859650,-59,-0.01,9,0,0.00,-54.5,-0.01,83560,33.42,0
1918,Entry long,2024-12-06 09:30,[CC] BUY NY,21491.25,2,859650,-59,-0.01,9,0,0.00,-54.5,-0.01,83560,33.42,0
1919,Exit long,2024-12-08 18:00,NQ09B BUY WEEKLY STOP,21648,2,865970,-59,-0.01,9,0,0.00,-54.5,-0.01,83501,33.40,0
1919,Entry long,2024-12-08 18:00,[CC] BUY WEEKLY,21649.25,2,865970,-59,-0.01,9,0,0.00,-54.5,-0.01,83501,33.40,0
1920,Exit long,2024-12-09 09:30,NQ09B BUY NY N130 TP2,21630.75,2,864610,611,0.07,9,615.5,0.07,-14.5,0.00,84112,33.64,0
1920,Entry long,2024-12-09 09:30,[CC] BUY NY,21615.25,2,864610,611,0.07,9,615.5,0.07,-14.5,0.00,84112,33.64,0
1921,Exit long,2024-12-10 09:30,NQ09B BUY NY STOP,21531.75,2,861320,-59,-0.01,9,5.5,0.00,-54.5,-0.01,84053,33.62,0
1921,Entry long,2024-12-10 09:30,[CC] BUY NY,21533,2,861320,-59,-0.01,9,5.5,0.00,-54.5,-0.01,84053,33.62,0
1922,Exit long,2024-12-11 09:30,NQ09B BUY NY STOP,21588.5,2,863590,-59,-0.01,9,0,0.00,-54.5,-0.01,83994,33.60,0
1922,Entry long,2024-12-11 09:30,[CC] BUY NY,21589.75,2,863590,-59,-0.01,9,0,0.00,-54.5,-0.01,83994,33.60,0
1923,Exit long,2024-12-12 09:30,NQ09B BUY NY STOP,21693,2,867770,-59,-0.01,9,95.5,0.01,-54.5,-0.01,83935,33.57,0
1923,Entry long,2024-12-12 09:30,[CC] BUY NY,21694.25,2,867770,-59,-0.01,9,95.5,0.01,-54.5,-0.01,83935,33.57,0
1924,Exit long,2024-12-12 18:00,NQ09B BUY WEEKDAY 1800 D80,21730.5,1,434420,185.5,0.04,4.5,187.75,0.04,-7.25,0.00,84120.5,33.65,0
1924,Entry long,2024-12-12 18:00,[CC] BUY WEAK,21721,1,434420,185.5,0.04,4.5,187.75,0.04,-7.25,0.00,84120.5,33.65,0
1925,Exit long,2024-12-13 09:30,NQ09B BUY NY STOP,21794.25,2,871820,-59,-0.01,9,0,0.00,-54.5,-0.01,84061.5,33.62,0
1925,Entry long,2024-12-13 09:30,[CC] BUY NY,21795.5,2,871820,-59,-0.01,9,0,0.00,-54.5,-0.01,84061.5,33.62,0
1926,Exit long,2024-12-15 18:00,NQ09B BUY WEEKLY W80,21790,2,871220,371,0.04,9,375.5,0.04,-14.5,0.00,84432.5,33.77,0
1926,Entry long,2024-12-15 18:00,[CC] BUY WEEKLY,21780.5,2,871220,371,0.04,9,375.5,0.04,-14.5,0.00,84432.5,33.77,0
1927,Exit long,2024-12-16 09:30,NQ09B BUY NY STOP,21898.5,2,875990,-59,-0.01,9,0,0.00,-54.5,-0.01,84373.5,33.75,0
1927,Entry long,2024-12-16 09:30,[CC] BUY NY,21899.75,2,875990,-59,-0.01,9,0,0.00,-54.5,-0.01,84373.5,33.75,0
1928,Exit long,2024-12-17 09:30,NQ09B BUY NY STOP,22335,2,893450,-59,-0.01,9,65.5,0.01,-54.5,-0.01,84314.5,33.73,0
1928,Entry long,2024-12-17 09:30,[CC] BUY NY,22336.25,2,893450,-59,-0.01,9,65.5,0.01,-54.5,-0.01,84314.5,33.73,0
1929,Exit long,2024-12-17 18:00,NQ09B BUY WEEKDAY 1800 STOP,22308.25,1,446190,-29.5,-0.01,4.5,0,0.00,-27.25,-0.01,84285,33.71,0
1929,Entry long,2024-12-17 18:00,[CC] BUY WEAK,22309.5,1,446190,-29.5,-0.01,4.5,0,0.00,-27.25,-0.01,84285,33.71,0
1930,Exit long,2024-12-18 09:30,NQ09B BUY NY N130 TP2,22296.5,2,891230,621,0.07,9,625.5,0.07,-14.5,0.00,84906,33.96,0
1930,Entry long,2024-12-18 09:30,[CC] BUY NY,22280.75,2,891230,621,0.07,9,625.5,0.07,-14.5,0.00,84906,33.96,0
1931,Exit long,2024-12-18 18:00,NQ09B BUY WEEKDAY 1800 D80,21509.25,2,860000,361,0.04,9,365.5,0.04,-14.5,0.00,85267,34.11,0
1931,Entry long,2024-12-18 18:00,[CC] BUY PREMIUM,21500,2,860000,361,0.04,9,365.5,0.04,-14.5,0.00,85267,34.11,0
1932,Exit long,2024-12-19 09:30,NQ09B BUY NY N130 TP2,21692.75,2,867090,611,0.07,9,615.5,0.07,-14.5,0.00,85878,34.35,0
1932,Entry long,2024-12-19 09:30,[CC] BUY NY,21677.25,2,867090,611,0.07,9,615.5,0.07,-14.5,0.00,85878,34.35,0
1933,Exit long,2024-12-19 18:00,NQ09B BUY WEEKDAY 1800 STOP,21428.25,2,857180,-59,-0.01,9,0,0.00,-54.5,-0.01,85819,34.33,0
1933,Entry long,2024-12-19 18:00,[CC] BUY PREMIUM,21429.5,2,857180,-59,-0.01,9,0,0.00,-54.5,-0.01,85819,34.33,0
1934,Exit long,2024-12-20 09:30,NQ09B BUY NY N130 TP2,21225.75,2,848430,591,0.07,9,595.5,0.07,-14.5,0.00,86410,34.56,0
1934,Entry long,2024-12-20 09:30,[CC] BUY NY,21210.75,2,848430,591,0.07,9,595.5,0.07,-14.5,0.00,86410,34.56,0
1935,Exit long,2024-12-22 18:00,NQ09B BUY WEEKLY W80,21575.5,2,862650,361,0.04,9,365.5,0.04,-24.5,0.00,86771,34.71,0
1935,Entry long,2024-12-22 18:00,[CC] BUY WEEKLY,21566.25,2,862650,361,0.04,9,365.5,0.04,-24.5,0.00,86771,34.71,0
1936,Exit long,2024-12-23 09:30,NQ09B BUY NY STOP,21618.25,2,864780,-59,-0.01,9,0,0.00,-54.5,-0.01,86712,34.68,0
1936,Entry long,2024-12-23 09:30,[CC] BUY NY,21619.5,2,864780,-59,-0.01,9,0,0.00,-54.5,-0.01,86712,34.68,0
1937,Exit long,2024-12-24 09:30,NQ09B BUY NY N130 TP2,21842,2,873060,611,0.07,9,615.5,0.07,-14.5,0.00,87323,34.93,0
1937,Entry long,2024-12-24 09:30,[CC] BUY NY,21826.5,2,873060,611,0.07,9,615.5,0.07,-14.5,0.00,87323,34.93,0
1938,Exit long,2024-12-25 18:00,NQ09B BUY WEEKDAY 1800 STOP,22048.5,2,881990,-59,-0.01,9,0,0.00,-54.5,-0.01,87264,34.91,0
1938,Entry long,2024-12-25 18:00,[CC] BUY PREMIUM,22049.75,2,881990,-59,-0.01,9,0,0.00,-54.5,-0.01,87264,34.91,0
1939,Exit long,2024-12-26 09:30,NQ09B BUY NY STOP,21960.5,2,878470,-59,-0.01,9,0,0.00,-54.5,-0.01,87205,34.88,0
1939,Entry long,2024-12-26 09:30,[CC] BUY NY,21961.75,2,878470,-59,-0.01,9,0,0.00,-54.5,-0.01,87205,34.88,0
1940,Exit long,2024-12-27 09:30,NQ09B BUY NY N130 TP2,21861.75,2,873850,611,0.07,9,615.5,0.07,-14.5,0.00,87816,35.13,0
1940,Entry long,2024-12-27 09:30,[CC] BUY NY,21846.25,2,873850,611,0.07,9,615.5,0.07,-14.5,0.00,87816,35.13,0
1941,Exit long,2024-12-29 18:00,NQ09B BUY WEEKLY STOP,21710,2,868450,-59,-0.01,9,0,0.00,-54.5,-0.01,87757,35.10,0
1941,Entry long,2024-12-29 18:00,[CC] BUY WEEKLY,21711.25,2,868450,-59,-0.01,9,0,0.00,-54.5,-0.01,87757,35.10,0
1942,Exit long,2024-12-30 09:30,NQ09B BUY NY STOP,21408,2,856370,-59,-0.01,9,265.5,0.03,-54.5,-0.01,87698,35.08,0
1942,Entry long,2024-12-30 09:30,[CC] BUY NY,21409.25,2,856370,-59,-0.01,9,265.5,0.03,-54.5,-0.01,87698,35.08,0
1943,Exit long,2024-12-30 18:00,NQ09B BUY WEEKDAY 1800 STOP,21389.25,1,427810,-29.5,-0.01,4.5,0,0.00,-27.25,-0.01,87668.5,35.07,0
1943,Entry long,2024-12-30 18:00,[CC] BUY WEAK,21390.5,1,427810,-29.5,-0.01,4.5,0,0.00,-27.25,-0.01,87668.5,35.07,0
1944,Exit long,2024-12-31 09:30,NQ09B BUY NY STOP,21455,2,858250,-59,-0.01,9,0,0.00,-54.5,-0.01,87609.5,35.04,0
1944,Entry long,2024-12-31 09:30,[CC] BUY NY,21456.25,2,858250,-59,-0.01,9,0,0.00,-54.5,-0.01,87609.5,35.04,0
1945,Exit long,2025-01-01 18:00,NQ09B BUY WEEKDAY 1800 STOP,21268,1,425385,-29.5,-0.01,4.5,0,0.00,-27.25,-0.01,87580,35.03,0
1945,Entry long,2025-01-01 18:00,[CC] BUY WEAK,21269.25,1,425385,-29.5,-0.01,4.5,0,0.00,-27.25,-0.01,87580,35.03,0
1946,Exit long,2025-01-02 09:30,NQ09B BUY NY N130 TP2,21363,2,853920,591,0.07,9,595.5,0.07,-14.5,0.00,88171,35.27,0
1946,Entry long,2025-01-02 09:30,[CC] BUY NY,21348,2,853920,591,0.07,9,595.5,0.07,-14.5,0.00,88171,35.27,0
1947,Exit long,2025-01-02 18:00,NQ09B BUY WEEKDAY 1800 STOP,21185.75,1,423740,-29.5,-0.01,4.5,32.75,0.01,-27.25,-0.01,88141.5,35.26,0
1947,Entry long,2025-01-02 18:00,[CC] BUY WEAK,21187,1,423740,-29.5,-0.01,4.5,32.75,0.01,-27.25,-0.01,88141.5,35.26,0
1948,Exit long,2025-01-03 09:30,NQ09B BUY NY STOP,21292.75,2,851760,-59,-0.01,9,0,0.00,-54.5,-0.01,88082.5,35.23,0
1948,Entry long,2025-01-03 09:30,[CC] BUY NY,21294,2,851760,-59,-0.01,9,0,0.00,-54.5,-0.01,88082.5,35.23,0
1949,Exit long,2025-01-05 18:00,NQ09B BUY WEEKLY W80,21541.75,2,861300,361,0.04,9,365.5,0.04,-14.5,0.00,88443.5,35.38,0
1949,Entry long,2025-01-05 18:00,[CC] BUY WEEKLY,21532.5,2,861300,361,0.04,9,365.5,0.04,-14.5,0.00,88443.5,35.38,0
1950,Exit long,2025-01-06 09:30,NQ09B BUY NY STOP,21731.75,2,869320,-59,-0.01,9,0,0.00,-54.5,-0.01,88384.5,35.35,0
1950,Entry long,2025-01-06 09:30,[CC] BUY NY,21733,2,869320,-59,-0.01,9,0,0.00,-54.5,-0.01,88384.5,35.35,0
1951,Exit long,2025-01-07 09:30,NQ09B BUY NY STOP,21790.75,2,871680,-59,-0.01,9,555.5,0.06,-54.5,-0.01,88325.5,35.33,0
1951,Entry long,2025-01-07 09:30,[CC] BUY NY,21792,2,871680,-59,-0.01,9,555.5,0.06,-54.5,-0.01,88325.5,35.33,0
1952,Exit long,2025-01-08 09:30,NQ09B BUY NY N130 TP2,21371,2,854240,591,0.07,9,595.5,0.07,-14.5,0.00,88916.5,35.57,0
1952,Entry long,2025-01-08 09:30,[CC] BUY NY,21356,2,854240,591,0.07,9,595.5,0.07,-14.5,0.00,88916.5,35.57,0
1953,Exit long,2025-01-08 18:00,NQ09B BUY WEEKDAY 1800 STOP,21333.75,1,426700,-29.5,-0.01,4.5,0,0.00,-27.25,-0.01,88887,35.55,0
1953,Entry long,2025-01-08 18:00,[CC] BUY WEAK,21335,1,426700,-29.5,-0.01,4.5,0,0.00,-27.25,-0.01,88887,35.55,0
1954,Exit long,2025-01-09 18:00,NQ09B BUY WEEKDAY 1800 STOP,21301.75,1,426060,-29.5,-0.01,4.5,117.75,0.03,-27.25,-0.01,88857.5,35.54,0
1954,Entry long,2025-01-09 18:00,[CC] BUY WEAK,21303,1,426060,-29.5,-0.01,4.5,117.75,0.03,-27.25,-0.01,88857.5,35.54,0
1955,Exit long,2025-01-10 09:30,NQ09B BUY NY STOP,21191.5,2,847710,-59,-0.01,9,175.5,0.02,-54.5,-0.01,88798.5,35.52,0
1955,Entry long,2025-01-10 09:30,[CC] BUY NY,21192.75,2,847710,-59,-0.01,9,175.5,0.02,-54.5,-0.01,88798.5,35.52,0
1956,Exit long,2025-01-12 18:00,NQ09B BUY WEEKLY STOP,21026.5,2,841110,-59,-0.01,9,0,0.00,-54.5,-0.01,88739.5,35.50,0
1956,Entry long,2025-01-12 18:00,[CC] BUY WEEKLY,21027.75,2,841110,-59,-0.01,9,0,0.00,-54.5,-0.01,88739.5,35.50,0
1957,Exit long,2025-01-13 09:30,NQ09B BUY NY N130 TP2,20780.75,2,830640,581,0.07,9,585.5,0.07,-14.5,0.00,89320.5,35.73,0
1957,Entry long,2025-01-13 09:30,[CC] BUY NY,20766,2,830640,581,0.07,9,585.5,0.07,-14.5,0.00,89320.5,35.73,0
1958,Exit long,2025-01-14 09:30,NQ09B BUY NY STOP,21070.5,2,842870,-59,-0.01,9,465.5,0.06,-54.5,-0.01,89261.5,35.70,0
1958,Entry long,2025-01-14 09:30,[CC] BUY NY,21071.75,2,842870,-59,-0.01,9,465.5,0.06,-54.5,-0.01,89261.5,35.70,0
1959,Exit long,2025-01-15 09:30,NQ09B BUY NY STOP,21250.25,2,850060,-59,-0.01,9,0,0.00,-54.5,-0.01,89202.5,35.68,0
1959,Entry long,2025-01-15 09:30,[CC] BUY NY,21251.5,2,850060,-59,-0.01,9,0,0.00,-54.5,-0.01,89202.5,35.68,0
1960,Exit long,2025-01-16 09:30,NQ09B BUY NY STOP,21493.5,2,859790,-59,-0.01,9,125.5,0.01,-54.5,-0.01,89143.5,35.66,0
1960,Entry long,2025-01-16 09:30,[CC] BUY NY,21494.75,2,859790,-59,-0.01,9,125.5,0.01,-54.5,-0.01,89143.5,35.66,0
1961,Exit long,2025-01-17 09:30,NQ09B BUY NY STOP,21646.25,2,865900,-59,-0.01,9,245.5,0.03,-54.5,-0.01,89084.5,35.63,0
1961,Entry long,2025-01-17 09:30,[CC] BUY NY,21647.5,2,865900,-59,-0.01,9,245.5,0.03,-54.5,-0.01,89084.5,35.63,0
1962,Exit long,2025-01-19 18:00,NQ09B BUY WEEKLY W80,21609.5,2,864010,361,0.04,9,365.5,0.04,-14.5,0.00,89445.5,35.78,0
1962,Entry long,2025-01-19 18:00,[CC] BUY WEEKLY,21600.25,2,864010,361,0.04,9,365.5,0.04,-14.5,0.00,89445.5,35.78,0
1963,Exit long,2025-01-20 09:30,NQ09B BUY NY STOP,21722.75,2,868960,-59,-0.01,9,0,0.00,-54.5,-0.01,89386.5,35.75,0
1963,Entry long,2025-01-20 09:30,[CC] BUY NY,21724,2,868960,-59,-0.01,9,0,0.00,-54.5,-0.01,89386.5,35.75,0
1964,Exit long,2025-01-20 18:00,NQ09B BUY WEEKDAY 1800 STOP,21686.25,1,433750,-29.5,-0.01,4.5,0,0.00,-27.25,-0.01,89357,35.74,0
1964,Entry long,2025-01-20 18:00,[CC] BUY WEAK,21687.5,1,433750,-29.5,-0.01,4.5,0,0.00,-27.25,-0.01,89357,35.74,0
1965,Exit long,2025-01-21 09:30,NQ09B BUY NY STOP,21709.75,2,868440,-59,-0.01,9,285.5,0.03,-54.5,-0.01,89298,35.72,0
1965,Entry long,2025-01-21 09:30,[CC] BUY NY,21711,2,868440,-59,-0.01,9,285.5,0.03,-54.5,-0.01,89298,35.72,0
1966,Exit long,2025-01-22 09:30,NQ09B BUY NY STOP,21912.75,2,876560,-59,-0.01,9,0,0.00,-54.5,-0.01,89239,35.70,0
1966,Entry long,2025-01-22 09:30,[CC] BUY NY,21914,2,876560,-59,-0.01,9,0,0.00,-54.5,-0.01,89239,35.70,0
1967,Exit long,2025-01-23 09:30,NQ09B BUY NY STOP,21887.75,2,875560,-59,-0.01,9,415.5,0.05,-54.5,-0.01,89180,35.67,0
1967,Entry long,2025-01-23 09:30,[CC] BUY NY,21889,2,875560,-59,-0.01,9,415.5,0.05,-54.5,-0.01,89180,35.67,0
1968,Exit long,2025-01-24 09:30,NQ09B BUY NY STOP,22043.25,2,881780,-59,-0.01,9,315.5,0.04,-54.5,-0.01,89121,35.65,0
1968,Entry long,2025-01-24 09:30,[CC] BUY NY,22044.5,2,881780,-59,-0.01,9,315.5,0.04,-54.5,-0.01,89121,35.65,0
1969,Exit long,2025-01-26 18:00,NQ09B BUY WEEKLY STOP,21770,2,870850,-59,-0.01,9,0,0.00,-54.5,-0.01,89062,35.62,0
1969,Entry long,2025-01-26 18:00,[CC] BUY WEEKLY,21771.25,2,870850,-59,-0.01,9,0,0.00,-54.5,-0.01,89062,35.62,0
1970,Exit long,2025-01-27 09:30,NQ09B BUY NY STOP,21122.5,2,844950,-59,-0.01,9,0,0.00,-54.5,-0.01,89003,35.60,0
1970,Entry long,2025-01-27 09:30,[CC] BUY NY,21123.75,2,844950,-59,-0.01,9,0,0.00,-54.5,-0.01,89003,35.60,0
1971,Exit long,2025-01-27 18:00,NQ09B BUY WEEKDAY 1800 D80,21352.75,1,426870,180.5,0.04,4.5,182.75,0.04,-7.25,0.00,89183.5,35.67,0
1971,Entry long,2025-01-27 18:00,[CC] BUY WEAK,21343.5,1,426870,180.5,0.04,4.5,182.75,0.04,-7.25,0.00,89183.5,35.67,0
1972,Exit long,2025-01-28 09:30,NQ09B BUY NY N130 TP2,21318,2,852120,591,0.07,9,595.5,0.07,-14.5,0.00,89774.5,35.91,0
1972,Entry long,2025-01-28 09:30,[CC] BUY NY,21303,2,852120,591,0.07,9,595.5,0.07,-14.5,0.00,89774.5,35.91,0
1973,Exit long,2025-01-29 09:30,NQ09B BUY NY STOP,21598.75,2,864000,-59,-0.01,9,245.5,0.03,-54.5,-0.01,89715.5,35.89,0
1973,Entry long,2025-01-29 09:30,[CC] BUY NY,21600,2,864000,-59,-0.01,9,245.5,0.03,-54.5,-0.01,89715.5,35.89,0
1974,Exit long,2025-01-29 18:00,NQ09B BUY WEEKDAY 1800 STOP,21546.75,2,861920,-59,-0.01,9,0,0.00,-54.5,-0.01,89656.5,35.86,0
1974,Entry long,2025-01-29 18:00,[CC] BUY PREMIUM,21548,2,861920,-59,-0.01,9,0,0.00,-54.5,-0.01,89656.5,35.86,0
1975,Exit long,2025-01-30 09:30,NQ09B BUY NY N130 TP2,21665.75,2,866010,611,0.07,9,615.5,0.07,-14.5,0.00,90267.5,36.11,0
1975,Entry long,2025-01-30 09:30,[CC] BUY NY,21650.25,2,866010,611,0.07,9,615.5,0.07,-14.5,0.00,90267.5,36.11,0
1976,Exit long,2025-01-30 18:00,NQ09B BUY WEEKDAY 1800 STOP,21679,1,433605,-29.5,-0.01,4.5,0,0.00,-27.25,-0.01,90238,36.10,0
1976,Entry long,2025-01-30 18:00,[CC] BUY WEAK,21680.25,1,433605,-29.5,-0.01,4.5,0,0.00,-27.25,-0.01,90238,36.10,0
1977,Exit long,2025-01-31 09:30,NQ09B BUY NY STOP,21773,2,870970,-59,-0.01,9,0,0.00,-54.5,-0.01,90179,36.07,0
1977,Entry long,2025-01-31 09:30,[CC] BUY NY,21774.25,2,870970,-59,-0.01,9,0,0.00,-54.5,-0.01,90179,36.07,0
1978,Exit long,2025-02-02 18:00,NQ09B BUY WEEKLY STOP,21199,2,848010,-59,-0.01,9,0,0.00,-54.5,-0.01,90120,36.05,0
1978,Entry long,2025-02-02 18:00,[CC] BUY WEEKLY,21200.25,2,848010,-59,-0.01,9,0,0.00,-54.5,-0.01,90120,36.05,0
1979,Exit long,2025-02-03 09:30,NQ09B BUY NY STOP,21214.5,2,848630,-59,-0.01,9,0,0.00,-54.5,-0.01,90061,36.02,0
1979,Entry long,2025-02-03 09:30,[CC] BUY NY,21215.75,2,848630,-59,-0.01,9,0,0.00,-54.5,-0.01,90061,36.02,0
1980,Exit long,2025-02-03 18:00,NQ09B BUY WEEKDAY 1800 STOP,21591,2,863690,-59,-0.01,9,305.5,0.04,-54.5,-0.01,90002,36.00,0
1980,Entry long,2025-02-03 18:00,[CC] BUY PREMIUM,21592.25,2,863690,-59,-0.01,9,305.5,0.04,-54.5,-0.01,90002,36.00,0
1981,Exit long,2025-02-04 09:30,NQ09B BUY NY STOP,21420.25,2,856860,-59,-0.01,9,0,0.00,-54.5,-0.01,89943,35.98,0
1981,Entry long,2025-02-04 09:30,[CC] BUY NY,21421.5,2,856860,-59,-0.01,9,0,0.00,-54.5,-0.01,89943,35.98,0
1982,Exit long,2025-02-04 18:00,NQ09B BUY WEEKDAY 1800 STOP,21561,2,862490,-59,-0.01,9,0,0.00,-54.5,-0.01,89884,35.95,0
1982,Entry long,2025-02-04 18:00,[CC] BUY PREMIUM,21562.25,2,862490,-59,-0.01,9,0,0.00,-54.5,-0.01,89884,35.95,0
1983,Exit long,2025-02-05 09:30,NQ09B BUY NY STOP,21550,2,862050,-59,-0.01,9,445.5,0.05,-54.5,-0.01,89825,35.93,0
1983,Entry long,2025-02-05 09:30,[CC] BUY NY,21551.25,2,862050,-59,-0.01,9,445.5,0.05,-54.5,-0.01,89825,35.93,0
1984,Exit long,2025-02-06 09:30,NQ09B BUY NY STOP,21776,2,871090,-59,-0.01,9,175.5,0.02,-54.5,-0.01,89766,35.91,0
1984,Entry long,2025-02-06 09:30,[CC] BUY NY,21777.25,2,871090,-59,-0.01,9,175.5,0.02,-54.5,-0.01,89766,35.91,0
1985,Exit long,2025-02-06 18:00,NQ09B BUY WEEKDAY 1800 STOP,21816.75,1,436360,-29.5,-0.01,4.5,0,0.00,-27.25,-0.01,89736.5,35.89,0
1985,Entry long,2025-02-06 18:00,[CC] BUY WEAK,21818,1,436360,-29.5,-0.01,4.5,0,0.00,-27.25,-0.01,89736.5,35.89,0
1986,Exit long,2025-02-07 09:30,NQ09B BUY NY STOP,21885,2,875450,-59,-0.01,9,0,0.00,-54.5,-0.01,89677.5,35.87,0
1986,Entry long,2025-02-07 09:30,[CC] BUY NY,21886.25,2,875450,-59,-0.01,9,0,0.00,-54.5,-0.01,89677.5,35.87,0
1987,Exit long,2025-02-09 18:00,NQ09B BUY WEEKLY STOP,21462.25,2,858540,-59,-0.01,9,0,0.00,-54.5,-0.01,89618.5,35.85,0
1987,Entry long,2025-02-09 18:00,[CC] BUY WEEKLY,21463.5,2,858540,-59,-0.01,9,0,0.00,-54.5,-0.01,89618.5,35.85,0
1988,Exit long,2025-02-10 09:30,NQ09B BUY NY N130 TP2,21780,2,870580,611,0.07,9,615.5,0.07,-14.5,0.00,90229.5,36.09,0
1988,Entry long,2025-02-10 09:30,[CC] BUY NY,21764.5,2,870580,611,0.07,9,615.5,0.07,-14.5,0.00,90229.5,36.09,0
1989,Exit long,2025-02-11 09:30,NQ09B BUY NY STOP,21705,2,868250,-59,-0.01,9,0,0.00,-54.5,-0.01,90170.5,36.07,0
1989,Entry long,2025-02-11 09:30,[CC] BUY NY,21706.25,2,868250,-59,-0.01,9,0,0.00,-54.5,-0.01,90170.5,36.07,0
1990,Exit long,2025-02-12 09:30,NQ09B BUY NY STOP,21550,2,862050,-59,-0.01,9,0,0.00,-54.5,-0.01,90111.5,36.04,0
1990,Entry long,2025-02-12 09:30,[CC] BUY NY,21551.25,2,862050,-59,-0.01,9,0,0.00,-54.5,-0.01,90111.5,36.04,0
1991,Exit long,2025-02-12 18:00,NQ09B BUY WEEKDAY 1800 STOP,21860.25,2,874460,-59,-0.01,9,305.5,0.03,-54.5,-0.01,90052.5,36.02,0
1991,Entry long,2025-02-12 18:00,[CC] BUY PREMIUM,21861.5,2,874460,-59,-0.01,9,305.5,0.03,-54.5,-0.01,90052.5,36.02,0
1992,Exit long,2025-02-13 09:30,NQ09B BUY NY STOP,21869,2,874810,-59,-0.01,9,0,0.00,-54.5,-0.01,89993.5,36.00,0
1992,Entry long,2025-02-13 09:30,[CC] BUY NY,21870.25,2,874810,-59,-0.01,9,0,0.00,-54.5,-0.01,89993.5,36.00,0
1993,Exit long,2025-02-14 09:30,NQ09B BUY NY STOP,22107,2,884330,-59,-0.01,9,0,0.00,-54.5,-0.01,89934.5,35.97,0
1993,Entry long,2025-02-14 09:30,[CC] BUY NY,22108.25,2,884330,-59,-0.01,9,0,0.00,-54.5,-0.01,89934.5,35.97,0
1994,Exit long,2025-02-16 18:00,NQ09B BUY WEEKLY STOP,22234.75,2,889440,-59,-0.01,9,65.5,0.01,-54.5,-0.01,89875.5,35.95,0
1994,Entry long,2025-02-16 18:00,[CC] BUY WEEKLY,22236,2,889440,-59,-0.01,9,65.5,0.01,-54.5,-0.01,89875.5,35.95,0
1995,Exit long,2025-02-17 09:30,NQ09B BUY NY STOP,22240.25,2,889660,-59,-0.01,9,55.5,0.01,-54.5,-0.01,89816.5,35.93,0
1995,Entry long,2025-02-17 09:30,[CC] BUY NY,22241.5,2,889660,-59,-0.01,9,55.5,0.01,-54.5,-0.01,89816.5,35.93,0
1996,Exit long,2025-02-18 09:30,NQ09B BUY NY STOP,22256.75,2,890320,-59,-0.01,9,395.5,0.04,-54.5,-0.01,89757.5,35.90,0
1996,Entry long,2025-02-18 09:30,[CC] BUY NY,22258,2,890320,-59,-0.01,9,395.5,0.04,-54.5,-0.01,89757.5,35.90,0
1997,Exit long,2025-02-19 09:30,NQ09B BUY NY STOP,22206.25,2,888300,-59,-0.01,9,85.5,0.01,-54.5,-0.01,89698.5,35.88,0
1997,Entry long,2025-02-19 09:30,[CC] BUY NY,22207.5,2,888300,-59,-0.01,9,85.5,0.01,-54.5,-0.01,89698.5,35.88,0
1998,Exit long,2025-02-20 09:30,NQ09B BUY NY N130 TP2,22225.25,2,888390,611,0.07,9,615.5,0.07,-14.5,0.00,90309.5,36.12,0
1998,Entry long,2025-02-20 09:30,[CC] BUY NY,22209.75,2,888390,611,0.07,9,615.5,0.07,-14.5,0.00,90309.5,36.12,0
1999,Exit long,2025-02-21 09:30,NQ09B BUY NY STOP,22185.25,2,887460,-59,-0.01,9,55.5,0.01,-54.5,-0.01,90250.5,36.10,0
1999,Entry long,2025-02-21 09:30,[CC] BUY NY,22186.5,2,887460,-59,-0.01,9,55.5,0.01,-54.5,-0.01,90250.5,36.10,0
2000,Exit long,2025-02-23 18:00,NQ09B BUY WEEKLY W80,21710.5,2,868040,371,0.04,9,375.5,0.04,-14.5,0.00,90621.5,36.25,0
2000,Entry long,2025-02-23 18:00,[CC] BUY WEEKLY,21701,2,868040,371,0.04,9,375.5,0.04,-14.5,0.00,90621.5,36.25,0
2001,Exit long,2025-02-24 09:30,NQ09B BUY NY STOP,21751.5,2,870110,-59,-0.01,9,0,0.00,-54.5,-0.01,90562.5,36.23,0
2001,Entry long,2025-02-24 09:30,[CC] BUY NY,21752.75,2,870110,-59,-0.01,9,0,0.00,-54.5,-0.01,90562.5,36.23,0
2002,Exit long,2025-02-25 09:30,NQ09B BUY NY STOP,21390,2,855650,-59,-0.01,9,65.5,0.01,-54.5,-0.01,90503.5,36.20,0
2002,Entry long,2025-02-25 09:30,[CC] BUY NY,21391.25,2,855650,-59,-0.01,9,65.5,0.01,-54.5,-0.01,90503.5,36.20,0
2003,Exit long,2025-02-25 18:00,NQ09B BUY WEEKDAY 1800 D80,21240,1,424615,180.5,0.04,4.5,182.75,0.04,-7.25,0.00,90684,36.27,0
2003,Entry long,2025-02-25 18:00,[CC] BUY WEAK,21230.75,1,424615,180.5,0.04,4.5,182.75,0.04,-7.25,0.00,90684,36.27,0
2004,Exit long,2025-02-26 09:30,NQ09B BUY NY STOP,21237.75,2,849560,-59,-0.01,9,65.5,0.01,-54.5,-0.01,90625,36.25,0
2004,Entry long,2025-02-26 09:30,[CC] BUY NY,21239,2,849560,-59,-0.01,9,65.5,0.01,-54.5,-0.01,90625,36.25,0
2005,Exit long,2025-02-26 18:00,NQ09B BUY WEEKDAY 1800 D80,21258.5,2,849970,361,0.04,9,365.5,0.04,-14.5,0.00,90986,36.39,0
2005,Entry long,2025-02-26 18:00,[CC] BUY PREMIUM,21249.25,2,849970,361,0.04,9,365.5,0.04,-14.5,0.00,90986,36.39,0
2006,Exit long,2025-02-27 09:30,NQ09B BUY NY STOP,21339.75,2,853640,-59,-0.01,9,0,0.00,-54.5,-0.01,90927,36.37,0
2006,Entry long,2025-02-27 09:30,[CC] BUY NY,21341,2,853640,-59,-0.01,9,0,0.00,-54.5,-0.01,90927,36.37,0
2007,Exit long,2025-02-27 18:00,NQ09B BUY WEEKDAY 1800 STOP,20648.5,1,412995,-29.5,-0.01,4.5,0,0.00,-27.25,-0.01,90897.5,36.36,0
2007,Entry long,2025-02-27 18:00,[CC] BUY WEAK,20649.75,1,412995,-29.5,-0.01,4.5,0,0.00,-27.25,-0.01,90897.5,36.36,0
2008,Exit long,2025-02-28 09:30,NQ09B BUY NY STOP,20589.25,2,823620,-59,-0.01,9,195.5,0.02,-54.5,-0.01,90838.5,36.34,0
2008,Entry long,2025-02-28 09:30,[CC] BUY NY,20590.5,2,823620,-59,-0.01,9,195.5,0.02,-54.5,-0.01,90838.5,36.34,0
2009,Exit long,2025-03-02 18:00,NQ09B BUY WEEKLY STOP,21004.25,2,840220,-59,-0.01,9,165.5,0.02,-54.5,-0.01,90779.5,36.31,0
2009,Entry long,2025-03-02 18:00,[CC] BUY WEEKLY,21005.5,2,840220,-59,-0.01,9,165.5,0.02,-54.5,-0.01,90779.5,36.31,0
2010,Exit long,2025-03-03 09:30,NQ09B BUY NY STOP,21054.5,2,842230,-59,-0.01,9,0,0.00,-54.5,-0.01,90720.5,36.29,0
2010,Entry long,2025-03-03 09:30,[CC] BUY NY,21055.75,2,842230,-59,-0.01,9,0,0.00,-54.5,-0.01,90720.5,36.29,0
2011,Exit long,2025-03-04 09:30,NQ09B BUY NY N130 TP2,20357.5,2,813710,581,0.07,9,585.5,0.07,-14.5,0.00,91301.5,36.52,0
2011,Entry long,2025-03-04 09:30,[CC] BUY NY,20342.75,2,813710,581,0.07,9,585.5,0.07,-14.5,0.00,91301.5,36.52,0
2012,Exit long,2025-03-04 18:00,NQ09B BUY WEEKDAY 1800 D80,20564.25,2,822210,351,0.04,9,355.5,0.04,-14.5,0.00,91652.5,36.66,0
2012,Entry long,2025-03-04 18:00,[CC] BUY PREMIUM,20555.25,2,822210,351,0.04,9,355.5,0.04,-14.5,0.00,91652.5,36.66,0
2013,Exit long,2025-03-05 09:30,NQ09B BUY NY N130 TP2,20436.25,2,816860,581,0.07,9,585.5,0.07,-14.5,0.00,92233.5,36.89,0
2013,Entry long,2025-03-05 09:30,[CC] BUY NY,20421.5,2,816860,581,0.07,9,585.5,0.07,-14.5,0.00,92233.5,36.89,0
2014,Exit long,2025-03-05 18:00,NQ09B BUY WEEKDAY 1800 D80,20614.5,2,824220,351,0.04,9,355.5,0.04,-34.5,0.00,92584.5,37.03,0
2014,Entry long,2025-03-05 18:00,[CC] BUY PREMIUM,20605.5,2,824220,351,0.04,9,355.5,0.04,-34.5,0.00,92584.5,37.03,0
2015,Exit long,2025-03-06 09:30,NQ09B BUY NY STOP,20309.75,2,812440,-59,-0.01,9,195.5,0.02,-54.5,-0.01,92525.5,37.01,0
2015,Entry long,2025-03-06 09:30,[CC] BUY NY,20311,2,812440,-59,-0.01,9,195.5,0.02,-54.5,-0.01,92525.5,37.01,0
2016,Exit long,2025-03-06 18:00,NQ09B BUY WEEKDAY 1800 STOP,20213.5,1,404295,-29.5,-0.01,4.5,0,0.00,-27.25,-0.01,92496,37.00,0
2016,Entry long,2025-03-06 18:00,[CC] BUY WEAK,20214.75,1,404295,-29.5,-0.01,4.5,0,0.00,-27.25,-0.01,92496,37.00,0
2017,Exit long,2025-03-07 09:30,NQ09B BUY NY STOP,20035.5,2,801470,-59,-0.01,9,0,0.00,-54.5,-0.01,92437,36.97,0
2017,Entry long,2025-03-07 09:30,[CC] BUY NY,20036.75,2,801470,-59,-0.01,9,0,0.00,-54.5,-0.01,92437,36.97,0
2018,Exit long,2025-03-09 18:00,NQ09B BUY WEEKLY STOP,20146,2,805890,-59,-0.01,9,0,0.00,-54.5,-0.01,92378,36.95,0
2018,Entry long,2025-03-09 18:00,[CC] BUY WEEKLY,20147.25,2,805890,-59,-0.01,9,0,0.00,-54.5,-0.01,92378,36.95,0
2019,Exit long,2025-03-10 09:30,NQ09B BUY NY N130 TP2,19895.75,2,795250,571,0.07,9,575.5,0.07,-14.5,0.00,92949,37.18,0
2019,Entry long,2025-03-10 09:30,[CC] BUY NY,19881.25,2,795250,571,0.07,9,575.5,0.07,-14.5,0.00,92949,37.18,0
2020,Exit long,2025-03-11 09:30,NQ09B BUY NY STOP,19419.5,2,776830,-59,-0.01,9,0,0.00,-54.5,-0.01,92890,37.16,0
2020,Entry long,2025-03-11 09:30,[CC] BUY NY,19420.75,2,776830,-59,-0.01,9,0,0.00,-54.5,-0.01,92890,37.16,0
2021,Exit long,2025-03-11 18:00,NQ09B BUY WEEKDAY 1800 STOP,19411.75,1,388260,-29.5,-0.01,4.5,0,0.00,-27.25,-0.01,92860.5,37.14,0
2021,Entry long,2025-03-11 18:00,[CC] BUY WEAK,19413,1,388260,-29.5,-0.01,4.5,0,0.00,-27.25,-0.01,92860.5,37.14,0
2022,Exit long,2025-03-12 09:30,NQ09B BUY NY STOP,19695.5,2,787870,-59,-0.01,9,0,0.00,-54.5,-0.01,92801.5,37.12,0
2022,Entry long,2025-03-12 09:30,[CC] BUY NY,19696.75,2,787870,-59,-0.01,9,0,0.00,-54.5,-0.01,92801.5,37.12,0
2023,Exit long,2025-03-12 18:00,NQ09B BUY WEEKDAY 1800 STOP,19571,1,391445,-29.5,-0.01,4.5,0,0.00,-27.25,-0.01,92772,37.11,0
2023,Entry long,2025-03-12 18:00,[CC] BUY WEAK,19572.25,1,391445,-29.5,-0.01,4.5,0,0.00,-27.25,-0.01,92772,37.11,0
2024,Exit long,2025-03-13 09:30,NQ09B BUY NY STOP,19573,2,782970,-59,-0.01,9,105.5,0.01,-54.5,-0.01,92713,37.09,0
2024,Entry long,2025-03-13 09:30,[CC] BUY NY,19574.25,2,782970,-59,-0.01,9,105.5,0.01,-54.5,-0.01,92713,37.09,0
2025,Exit long,2025-03-14 09:30,NQ09B BUY NY STOP,19464,2,778610,-59,-0.01,9,0,0.00,-54.5,-0.01,92654,37.06,0
2025,Entry long,2025-03-14 09:30,[CC] BUY NY,19465.25,2,778610,-59,-0.01,9,0,0.00,-54.5,-0.01,92654,37.06,0
2026,Exit long,2025-03-16 18:00,NQ09B BUY WEEKLY W80,19677.5,2,786740,351,0.04,9,355.5,0.05,-14.5,0.00,93005,37.20,0
2026,Entry long,2025-03-16 18:00,[CC] BUY WEEKLY,19668.5,2,786740,351,0.04,9,355.5,0.05,-14.5,0.00,93005,37.20,0
2027,Exit long,2025-03-17 09:30,NQ09B BUY NY STOP,19701.75,2,788120,-59,-0.01,9,0,0.00,-54.5,-0.01,92946,37.18,0
2027,Entry long,2025-03-17 09:30,[CC] BUY NY,19703,2,788120,-59,-0.01,9,0,0.00,-54.5,-0.01,92946,37.18,0
2028,Exit long,2025-03-18 09:30,NQ09B BUY NY STOP,19897,2,795930,-59,-0.01,9,75.5,0.01,-54.5,-0.01,92887,37.15,0
2028,Entry long,2025-03-18 09:30,[CC] BUY NY,19898.25,2,795930,-59,-0.01,9,75.5,0.01,-54.5,-0.01,92887,37.15,0
2029,Exit long,2025-03-19 09:30,NQ09B BUY NY STOP,19788,2,791570,-59,-0.01,9,0,0.00,-54.5,-0.01,92828,37.13,0
2029,Entry long,2025-03-19 09:30,[CC] BUY NY,19789.25,2,791570,-59,-0.01,9,0,0.00,-54.5,-0.01,92828,37.13,0
2030,Exit long,2025-03-20 09:30,NQ09B BUY NY STOP,19785.5,2,791470,-59,-0.01,9,0,0.00,-54.5,-0.01,92769,37.11,0
2030,Entry long,2025-03-20 09:30,[CC] BUY NY,19786.75,2,791470,-59,-0.01,9,0,0.00,-54.5,-0.01,92769,37.11,0
2031,Exit long,2025-03-21 09:30,NQ09B BUY NY STOP,19656.25,2,786300,-59,-0.01,9,0,0.00,-54.5,-0.01,92710,37.08,0
2031,Entry long,2025-03-21 09:30,[CC] BUY NY,19657.5,2,786300,-59,-0.01,9,0,0.00,-54.5,-0.01,92710,37.08,0
2032,Exit long,2025-03-23 18:00,NQ09B BUY WEEKLY W80,20059.75,2,802030,351,0.04,9,355.5,0.04,-14.5,0.00,93061,37.22,0
2032,Entry long,2025-03-23 18:00,[CC] BUY WEEKLY,20050.75,2,802030,351,0.04,9,355.5,0.04,-14.5,0.00,93061,37.22,0
2033,Exit long,2025-03-24 09:30,NQ09B BUY NY N130 TP2,20271,2,810260,571,0.07,9,575.5,0.07,-14.5,0.00,93632,37.45,0
2033,Entry long,2025-03-24 09:30,[CC] BUY NY,20256.5,2,810260,571,0.07,9,575.5,0.07,-14.5,0.00,93632,37.45,0
2034,Exit long,2025-03-25 09:30,NQ09B BUY NY STOP,20400.25,2,816060,-59,-0.01,9,0,0.00,-54.5,-0.01,93573,37.43,0
2034,Entry long,2025-03-25 09:30,[CC] BUY NY,20401.5,2,816060,-59,-0.01,9,0,0.00,-54.5,-0.01,93573,37.43,0
2035,Exit long,2025-03-26 09:30,NQ09B BUY NY N130 TP2,20454,2,817570,581,0.07,9,585.5,0.07,-14.5,0.00,94154,37.66,0
2035,Entry long,2025-03-26 09:30,[CC] BUY NY,20439.25,2,817570,581,0.07,9,585.5,0.07,-14.5,0.00,94154,37.66,0
2036,Exit long,2025-03-27 09:30,NQ09B BUY NY N130 TP2,20043.25,2,801150,571,0.07,9,575.5,0.07,-14.5,0.00,94725,37.89,0
2036,Entry long,2025-03-27 09:30,[CC] BUY NY,20028.75,2,801150,571,0.07,9,575.5,0.07,-14.5,0.00,94725,37.89,0
2037,Exit long,2025-03-28 09:30,NQ09B BUY NY STOP,19910,2,796450,-59,-0.01,9,235.5,0.03,-54.5,-0.01,94666,37.87,0
2037,Entry long,2025-03-28 09:30,[CC] BUY NY,19911.25,2,796450,-59,-0.01,9,235.5,0.03,-54.5,-0.01,94666,37.87,0
2038,Exit long,2025-03-30 18:00,NQ09B BUY WEEKLY STOP,19318.75,2,772800,-59,-0.01,9,0,0.00,-54.5,-0.01,94607,37.84,0
2038,Entry long,2025-03-30 18:00,[CC] BUY WEEKLY,19320,2,772800,-59,-0.01,9,0,0.00,-54.5,-0.01,94607,37.84,0
2039,Exit long,2025-03-31 09:30,NQ09B BUY NY N130 TP2,19180.75,2,766670,551,0.07,9,555.5,0.07,-14.5,0.00,95158,38.06,0
2039,Entry long,2025-03-31 09:30,[CC] BUY NY,19166.75,2,766670,551,0.07,9,555.5,0.07,-14.5,0.00,95158,38.06,0
2040,Exit long,2025-04-01 09:30,NQ09B BUY NY STOP,19379.5,2,775230,-59,-0.01,9,0,0.00,-54.5,-0.01,95099,38.04,0
2040,Entry long,2025-04-01 09:30,[CC] BUY NY,19380.75,2,775230,-59,-0.01,9,0,0.00,-54.5,-0.01,95099,38.04,0
2041,Exit long,2025-04-01 18:00,NQ09B BUY WEEKDAY 1800 STOP,19599.5,1,392015,-29.5,-0.01,4.5,0,0.00,-27.25,-0.01,95069.5,38.03,0
2041,Entry long,2025-04-01 18:00,[CC] BUY WEAK,19600.75,1,392015,-29.5,-0.01,4.5,0,0.00,-27.25,-0.01,95069.5,38.03,0
2042,Exit long,2025-04-02 09:30,NQ09B BUY NY STOP,19327,2,773130,-59,-0.01,9,0,0.00,-54.5,-0.01,95010.5,38.00,0
2042,Entry long,2025-04-02 09:30,[CC] BUY NY,19328.25,2,773130,-59,-0.01,9,0,0.00,-54.5,-0.01,95010.5,38.00,0
2043,Exit long,2025-04-02 18:00,NQ09B BUY WEEKDAY 1800 D80,19029,2,760810,341,0.04,9,345.5,0.05,-14.5,0.00,95351.5,38.14,0
2043,Entry long,2025-04-02 18:00,[CC] BUY PREMIUM,19020.25,2,760810,341,0.04,9,345.5,0.05,-14.5,0.00,95351.5,38.14,0
2044,Exit long,2025-04-03 09:30,NQ09B BUY NY STOP,18923.25,2,756980,-59,-0.01,9,0,0.00,-54.5,-0.01,95292.5,38.12,0
2044,Entry long,2025-04-03 09:30,[CC] BUY NY,18924.5,2,756980,-59,-0.01,9,0,0.00,-54.5,-0.01,95292.5,38.12,0
2045,Exit long,2025-04-03 18:00,NQ09B BUY WEEKDAY 1800 STOP,18659,1,373205,-29.5,-0.01,4.5,0,0.00,-27.25,-0.01,95263,38.11,0
2045,Entry long,2025-04-03 18:00,[CC] BUY WEAK,18660.25,1,373205,-29.5,-0.01,4.5,0,0.00,-27.25,-0.01,95263,38.11,0
2046,Exit long,2025-04-04 09:30,NQ09B BUY NY STOP,18153.5,2,726190,-59,-0.01,9,0,0.00,-54.5,-0.01,95204,38.08,0
2046,Entry long,2025-04-04 09:30,[CC] BUY NY,18154.75,2,726190,-59,-0.01,9,0,0.00,-54.5,-0.01,95204,38.08,0
2047,Exit long,2025-04-06 18:00,NQ09B BUY WEEKLY STOP,17099,2,684010,-59,-0.01,9,0,0.00,-54.5,-0.01,95145,38.06,0
2047,Entry long,2025-04-06 18:00,[CC] BUY WEEKLY,17100.25,2,684010,-59,-0.01,9,0,0.00,-54.5,-0.01,95145,38.06,0
2048,Exit long,2025-04-07 09:30,NQ09B BUY NY N130 TP2,16938,2,677010,501,0.07,9,505.5,0.07,-14.5,0.00,95646,38.26,0
2048,Entry long,2025-04-07 09:30,[CC] BUY NY,16925.25,2,677010,501,0.07,9,505.5,0.07,-14.5,0.00,95646,38.26,0
2049,Exit long,2025-04-07 18:00,NQ09B BUY WEEKDAY 1800 STOP,17664,2,706610,-59,-0.01,9,0,0.00,-54.5,-0.01,95587,38.23,0
2049,Entry long,2025-04-07 18:00,[CC] BUY PREMIUM,17665.25,2,706610,-59,-0.01,9,0,0.00,-54.5,-0.01,95587,38.23,0
2050,Exit long,2025-04-08 09:30,NQ09B BUY NY STOP,18149.5,2,726030,-59,-0.01,9,0,0.00,-54.5,-0.01,95528,38.21,0
2050,Entry long,2025-04-08 09:30,[CC] BUY NY,18150.75,2,726030,-59,-0.01,9,0,0.00,-54.5,-0.01,95528,38.21,0
2051,Exit long,2025-04-08 18:00,NQ09B BUY WEEKDAY 1800 D80,17228.5,1,344410,155.5,0.05,4.5,157.75,0.05,-7.25,0.00,95683.5,38.27,0
2051,Entry long,2025-04-08 18:00,[CC] BUY WEAK,17220.5,1,344410,155.5,0.05,4.5,157.75,0.05,-7.25,0.00,95683.5,38.27,0
2052,Exit long,2025-04-09 09:30,NQ09B BUY NY STOP,17207.5,2,688350,-59,-0.01,9,0,0.00,-54.5,-0.01,95624.5,38.25,0
2052,Entry long,2025-04-09 09:30,[CC] BUY NY,17208.75,2,688350,-59,-0.01,9,0,0.00,-54.5,-0.01,95624.5,38.25,0
2053,Exit long,2025-04-09 18:00,NQ09B BUY WEEKDAY 1800 STOP,19265.75,2,770680,-59,-0.01,9,0,0.00,-54.5,-0.01,95565.5,38.23,0
2053,Entry long,2025-04-09 18:00,[CC] BUY PREMIUM,19267,2,770680,-59,-0.01,9,0,0.00,-54.5,-0.01,95565.5,38.23,0
2054,Exit long,2025-04-10 09:30,NQ09B BUY NY STOP,18789.75,2,751640,-59,-0.01,9,0,0.00,-54.5,-0.01,95506.5,38.20,0
2054,Entry long,2025-04-10 09:30,[CC] BUY NY,18791,2,751640,-59,-0.01,9,0,0.00,-54.5,-0.01,95506.5,38.20,0
2055,Exit long,2025-04-10 18:00,NQ09B BUY WEEKDAY 1800 D80,18473.5,1,369300,165.5,0.04,4.5,167.75,0.05,-7.25,0.00,95672,38.27,0
2055,Entry long,2025-04-10 18:00,[CC] BUY WEAK,18465,1,369300,165.5,0.04,4.5,167.75,0.05,-7.25,0.00,95672,38.27,0
2056,Exit long,2025-04-11 09:30,NQ09B BUY NY N130 TP2,18429.5,2,736630,541,0.07,9,545.5,0.07,-14.5,0.00,96213,38.49,0
2056,Entry long,2025-04-11 09:30,[CC] BUY NY,18415.75,2,736630,541,0.07,9,545.5,0.07,-14.5,0.00,96213,38.49,0
2057,Exit long,2025-04-13 18:00,NQ09B BUY WEEKLY W80,19233.75,2,769010,331,0.04,9,335.5,0.04,-14.5,0.00,96544,38.62,0
2057,Entry long,2025-04-13 18:00,[CC] BUY WEEKLY,19225.25,2,769010,331,0.04,9,335.5,0.04,-14.5,0.00,96544,38.62,0
2058,Exit long,2025-04-14 09:30,NQ09B BUY NY N130 TP2,19246.25,2,769290,551,0.07,9,555.5,0.07,-14.5,0.00,97095,38.84,0
2058,Entry long,2025-04-14 09:30,[CC] BUY NY,19232.25,2,769290,551,0.07,9,555.5,0.07,-14.5,0.00,97095,38.84,0
2059,Exit long,2025-04-14 18:00,NQ09B BUY WEEKDAY 1800 STOP,18901.5,1,378055,-29.5,-0.01,4.5,122.75,0.03,-27.25,-0.01,97065.5,38.83,0
2059,Entry long,2025-04-14 18:00,[CC] BUY WEAK,18902.75,1,378055,-29.5,-0.01,4.5,122.75,0.03,-27.25,-0.01,97065.5,38.83,0
2060,Exit long,2025-04-15 09:30,NQ09B BUY NY STOP,18985.75,2,759480,-59,-0.01,9,0,0.00,-54.5,-0.01,97006.5,38.80,0
2060,Entry long,2025-04-15 09:30,[CC] BUY NY,18987,2,759480,-59,-0.01,9,0,0.00,-54.5,-0.01,97006.5,38.80,0
2061,Exit long,2025-04-16 09:30,NQ09B BUY NY STOP,18583.25,2,743380,-59,-0.01,9,0,0.00,-54.5,-0.01,96947.5,38.78,0
2061,Entry long,2025-04-16 09:30,[CC] BUY NY,18584.5,2,743380,-59,-0.01,9,0,0.00,-54.5,-0.01,96947.5,38.78,0
2062,Exit long,2025-04-16 18:00,NQ09B BUY WEEKDAY 1800 STOP,18390.25,1,367830,-29.5,-0.01,4.5,0,0.00,-27.25,-0.01,96918,38.77,0
2062,Entry long,2025-04-16 18:00,[CC] BUY WEAK,18391.5,1,367830,-29.5,-0.01,4.5,0,0.00,-27.25,-0.01,96918,38.77,0
2063,Exit long,2025-04-17 09:30,NQ09B BUY NY STOP,18497.25,2,739940,-59,-0.01,9,435.5,0.06,-54.5,-0.01,96859,38.74,0
2063,Entry long,2025-04-17 09:30,[CC] BUY NY,18498.5,2,739940,-59,-0.01,9,435.5,0.06,-54.5,-0.01,96859,38.74,0
2064,Exit long,2025-04-20 18:00,NQ09B BUY WEEKLY STOP,18305.25,2,732260,-59,-0.01,9,0,0.00,-54.5,-0.01,96800,38.72,0
2064,Entry long,2025-04-20 18:00,[CC] BUY WEEKLY,18306.5,2,732260,-59,-0.01,9,0,0.00,-54.5,-0.01,96800,38.72,0
2065,Exit long,2025-04-21 09:30,NQ09B BUY NY STOP,18128.25,2,725180,-59,-0.01,9,0,0.00,-54.5,-0.01,96741,38.70,0
2065,Entry long,2025-04-21 09:30,[CC] BUY NY,18129.5,2,725180,-59,-0.01,9,0,0.00,-54.5,-0.01,96741,38.70,0
2066,Exit long,2025-04-22 09:30,NQ09B BUY NY STOP,18151.25,2,726100,-59,-0.01,9,255.5,0.04,-54.5,-0.01,96682,38.67,0
2066,Entry long,2025-04-22 09:30,[CC] BUY NY,18152.5,2,726100,-59,-0.01,9,255.5,0.04,-54.5,-0.01,96682,38.67,0
2067,Exit long,2025-04-23 09:30,NQ09B BUY NY STOP,18948,2,757970,-59,-0.01,9,0,0.00,-54.5,-0.01,96623,38.65,0
2067,Entry long,2025-04-23 09:30,[CC] BUY NY,18949.25,2,757970,-59,-0.01,9,0,0.00,-54.5,-0.01,96623,38.65,0
2068,Exit long,2025-04-23 18:00,NQ09B BUY WEEKDAY 1800 D80,18835.25,1,376535,165.5,0.04,4.5,167.75,0.04,-7.25,0.00,96788.5,38.72,0
2068,Entry long,2025-04-23 18:00,[CC] BUY WEAK,18826.75,1,376535,165.5,0.04,4.5,167.75,0.04,-7.25,0.00,96788.5,38.72,0
2069,Exit long,2025-04-24 09:30,NQ09B BUY NY N130 TP2,18889.25,2,755020,541,0.07,9,545.5,0.07,-14.5,0.00,97329.5,38.93,0
2069,Entry long,2025-04-24 09:30,[CC] BUY NY,18875.5,2,755020,541,0.07,9,545.5,0.07,-14.5,0.00,97329.5,38.93,0
2070,Exit long,2025-04-24 18:00,NQ09B BUY WEEKDAY 1800 D80,19414,1,388105,170.5,0.04,4.5,172.75,0.04,-7.25,0.00,97500,39.00,0
2070,Entry long,2025-04-24 18:00,[CC] BUY WEAK,19405.25,1,388105,170.5,0.04,4.5,172.75,0.04,-7.25,0.00,97500,39.00,0
2071,Exit long,2025-04-25 09:30,NQ09B BUY NY N130 TP2,19316.25,2,772090,551,0.07,9,555.5,0.07,-14.5,0.00,98051,39.22,0
2071,Entry long,2025-04-25 09:30,[CC] BUY NY,19302.25,2,772090,551,0.07,9,555.5,0.07,-14.5,0.00,98051,39.22,0
2072,Exit long,2025-04-27 18:00,NQ09B BUY WEEKLY STOP,19523.5,2,780990,-59,-0.01,9,0,0.00,-54.5,-0.01,97992,39.20,0
2072,Entry long,2025-04-27 18:00,[CC] BUY WEEKLY,19524.75,2,780990,-59,-0.01,9,0,0.00,-54.5,-0.01,97992,39.20,0
2073,Exit long,2025-04-28 09:30,NQ09B BUY NY N130 TP2,19562.5,2,781940,551,0.07,9,555.5,0.07,-14.5,0.00,98543,39.42,0
2073,Entry long,2025-04-28 09:30,[CC] BUY NY,19548.5,2,781940,551,0.07,9,555.5,0.07,-14.5,0.00,98543,39.42,0
2074,Exit long,2025-04-29 09:30,NQ09B BUY NY STOP,19425.75,2,777080,-59,-0.01,9,0,0.00,-54.5,-0.01,98484,39.39,0
2074,Entry long,2025-04-29 09:30,[CC] BUY NY,19427,2,777080,-59,-0.01,9,0,0.00,-54.5,-0.01,98484,39.39,0
2075,Exit long,2025-04-29 18:00,NQ09B BUY WEEKDAY 1800 STOP,19598.75,1,392000,-29.5,-0.01,4.5,0,0.00,-27.25,-0.01,98454.5,39.38,0
2075,Entry long,2025-04-29 18:00,[CC] BUY WEAK,19600,1,392000,-29.5,-0.01,4.5,0,0.00,-27.25,-0.01,98454.5,39.38,0
2076,Exit long,2025-04-30 09:30,NQ09B BUY NY STOP,19300.25,2,772060,-59,-0.01,9,115.5,0.01,-54.5,-0.01,98395.5,39.36,0
2076,Entry long,2025-04-30 09:30,[CC] BUY NY,19301.5,2,772060,-59,-0.01,9,115.5,0.01,-54.5,-0.01,98395.5,39.36,0
2077,Exit long,2025-04-30 18:00,NQ09B BUY WEEKDAY 1800 STOP,19833,2,793370,-59,-0.01,9,0,0.00,-54.5,-0.01,98336.5,39.33,0
2077,Entry long,2025-04-30 18:00,[CC] BUY PREMIUM,19834.25,2,793370,-59,-0.01,9,0,0.00,-54.5,-0.01,98336.5,39.33,0
2078,Exit long,2025-05-01 09:30,NQ09B BUY NY N130 TP2,19985.75,2,798850,571,0.07,9,575.5,0.07,-14.5,0.00,98907.5,39.56,0
2078,Entry long,2025-05-01 09:30,[CC] BUY NY,19971.25,2,798850,571,0.07,9,575.5,0.07,-14.5,0.00,98907.5,39.56,0
2079,Exit long,2025-05-01 18:00,NQ09B BUY WEEKDAY 1800 D80,19791.75,2,791310,351,0.04,9,355.5,0.04,-14.5,0.00,99258.5,39.70,0
2079,Entry long,2025-05-01 18:00,[CC] BUY PREMIUM,19782.75,2,791310,351,0.04,9,355.5,0.04,-14.5,0.00,99258.5,39.70,0
2080,Exit long,2025-05-02 09:30,NQ09B BUY NY STOP,20090,2,803650,-59,-0.01,9,0,0.00,-54.5,-0.01,99199.5,39.68,0
2080,Entry long,2025-05-02 09:30,[CC] BUY NY,20091.25,2,803650,-59,-0.01,9,0,0.00,-54.5,-0.01,99199.5,39.68,0
2081,Exit long,2025-05-04 18:00,NQ09B BUY WEEKLY W80,20190.75,2,807270,351,0.04,9,355.5,0.04,-14.5,0.00,99550.5,39.82,0
2081,Entry long,2025-05-04 18:00,[CC] BUY WEEKLY,20181.75,2,807270,351,0.04,9,355.5,0.04,-14.5,0.00,99550.5,39.82,0
2082,Exit long,2025-05-05 09:30,NQ09B BUY NY STOP,20009.25,2,800420,-59,-0.01,9,0,0.00,-54.5,-0.01,99491.5,39.80,0
2082,Entry long,2025-05-05 09:30,[CC] BUY NY,20010.5,2,800420,-59,-0.01,9,0,0.00,-54.5,-0.01,99491.5,39.80,0
2083,Exit long,2025-05-06 09:30,NQ09B BUY NY STOP,19794.5,2,791830,-59,-0.01,9,0,0.00,-54.5,-0.01,99432.5,39.77,0
2083,Entry long,2025-05-06 09:30,[CC] BUY NY,19795.75,2,791830,-59,-0.01,9,0,0.00,-54.5,-0.01,99432.5,39.77,0
2084,Exit long,2025-05-06 18:00,NQ09B BUY WEEKDAY 1800 STOP,19808,1,396185,-29.5,-0.01,4.5,0,0.00,-27.25,-0.01,99403,39.76,0
2084,Entry long,2025-05-06 18:00,[CC] BUY WEAK,19809.25,1,396185,-29.5,-0.01,4.5,0,0.00,-27.25,-0.01,99403,39.76,0
2085,Exit long,2025-05-07 09:30,NQ09B BUY NY N130 TP2,19914.25,2,795990,571,0.07,9,575.5,0.07,-14.5,0.00,99974,39.99,0
2085,Entry long,2025-05-07 09:30,[CC] BUY NY,19899.75,2,795990,571,0.07,9,575.5,0.07,-14.5,0.00,99974,39.99,0
2086,Exit long,2025-05-08 09:30,NQ09B BUY NY STOP,20162,2,806530,-59,-0.01,9,425.5,0.05,-54.5,-0.01,99915,39.97,0
2086,Entry long,2025-05-08 09:30,[CC] BUY NY,20163.25,2,806530,-59,-0.01,9,425.5,0.05,-54.5,-0.01,99915,39.97,0
2087,Exit long,2025-05-09 09:30,NQ09B BUY NY STOP,20226,2,809090,-59,-0.01,9,0,0.00,-54.5,-0.01,99856,39.94,0
2087,Entry long,2025-05-09 09:30,[CC] BUY NY,20227.25,2,809090,-59,-0.01,9,0,0.00,-54.5,-0.01,99856,39.94,0
2088,Exit long,2025-05-11 18:00,NQ09B BUY WEEKLY STOP,20397.5,2,815950,-59,-0.01,9,0,0.00,-54.5,-0.01,99797,39.92,0
2088,Entry long,2025-05-11 18:00,[CC] BUY WEEKLY,20398.75,2,815950,-59,-0.01,9,0,0.00,-54.5,-0.01,99797,39.92,0
2089,Exit long,2025-05-12 09:30,NQ09B BUY NY STOP,20918,2,836770,-59,-0.01,9,115.5,0.01,-54.5,-0.01,99738,39.90,0
2089,Entry long,2025-05-12 09:30,[CC] BUY NY,20919.25,2,836770,-59,-0.01,9,115.5,0.01,-54.5,-0.01,99738,39.90,0
2090,Exit long,2025-05-13 09:30,NQ09B BUY NY STOP,21003.5,2,840190,-59,-0.01,9,0,0.00,-54.5,-0.01,99679,39.87,0
2090,Entry long,2025-05-13 09:30,[CC] BUY NY,21004.75,2,840190,-59,-0.01,9,0,0.00,-54.5,-0.01,99679,39.87,0
2091,Exit long,2025-05-14 09:30,NQ09B BUY NY N130 TP2,21330,2,852600,591,0.07,9,595.5,0.07,-34.5,0.00,100270,40.11,0
2091,Entry long,2025-05-14 09:30,[CC] BUY NY,21315,2,852600,591,0.07,9,595.5,0.07,-34.5,0.00,100270,40.11,0
2092,Exit long,2025-05-15 09:30,NQ09B BUY NY STOP,21301.5,2,852110,-59,-0.01,9,0,0.00,-54.5,-0.01,100211,40.08,0
2092,Entry long,2025-05-15 09:30,[CC] BUY NY,21302.75,2,852110,-59,-0.01,9,0,0.00,-54.5,-0.01,100211,40.08,0
2093,Exit long,2025-05-16 09:30,NQ09B BUY NY STOP,21466.5,2,858710,-59,-0.01,9,85.5,0.01,-54.5,-0.01,100152,40.06,0
2093,Entry long,2025-05-16 09:30,[CC] BUY NY,21467.75,2,858710,-59,-0.01,9,85.5,0.01,-54.5,-0.01,100152,40.06,0
2094,Exit long,2025-05-18 18:00,NQ09B BUY WEEKLY STOP,21309.75,2,852440,-59,-0.01,9,0,0.00,-54.5,-0.01,100093,40.04,0
2094,Entry long,2025-05-18 18:00,[CC] BUY WEEKLY,21311,2,852440,-59,-0.01,9,0,0.00,-54.5,-0.01,100093,40.04,0
2095,Exit long,2025-05-19 09:30,NQ09B BUY NY STOP,21202.25,2,848140,-59,-0.01,9,0,0.00,-54.5,-0.01,100034,40.01,0
2095,Entry long,2025-05-19 09:30,[CC] BUY NY,21203.5,2,848140,-59,-0.01,9,0,0.00,-54.5,-0.01,100034,40.01,0
2096,Exit long,2025-05-20 09:30,NQ09B BUY NY STOP,21412,2,856530,-59,-0.01,9,0,0.00,-54.5,-0.01,99975,39.99,0
2096,Entry long,2025-05-20 09:30,[CC] BUY NY,21413.25,2,856530,-59,-0.01,9,0,0.00,-54.5,-0.01,99975,39.99,0
2097,Exit long,2025-05-21 09:30,NQ09B BUY NY STOP,21277.75,2,851160,-59,-0.01,9,0,0.00,-54.5,-0.01,99916,39.97,0
2097,Entry long,2025-05-21 09:30,[CC] BUY NY,21279,2,851160,-59,-0.01,9,0,0.00,-54.5,-0.01,99916,39.97,0
2098,Exit long,2025-05-22 09:30,NQ09B BUY NY N130 TP2,21186.5,2,846860,591,0.07,9,595.5,0.07,-14.5,0.00,100507,40.20,0
2098,Entry long,2025-05-22 09:30,[CC] BUY NY,21171.5,2,846860,591,0.07,9,595.5,0.07,-14.5,0.00,100507,40.20,0
2099,Exit long,2025-05-22 18:00,NQ09B BUY WEEKDAY 1800 D80,21233.25,1,424480,180.5,0.04,4.5,182.75,0.04,-7.25,0.00,100687.5,40.28,0
2099,Entry long,2025-05-22 18:00,[CC] BUY WEAK,21224,1,424480,180.5,0.04,4.5,182.75,0.04,-7.25,0.00,100687.5,40.28,0
2100,Exit long,2025-05-23 09:30,NQ09B BUY NY STOP,20848,2,833970,-59,-0.01,9,0,0.00,-54.5,-0.01,100628.5,40.25,0
2100,Entry long,2025-05-23 09:30,[CC] BUY NY,20849.25,2,833970,-59,-0.01,9,0,0.00,-54.5,-0.01,100628.5,40.25,0
2101,Exit long,2025-05-25 18:00,NQ09B BUY WEEKLY STOP,20977,2,839130,-59,-0.01,9,0,0.00,-54.5,-0.01,100569.5,40.23,0
2101,Entry long,2025-05-25 18:00,[CC] BUY WEEKLY,20978.25,2,839130,-59,-0.01,9,0,0.00,-54.5,-0.01,100569.5,40.23,0
2102,Exit long,2025-05-26 09:30,NQ09B BUY NY STOP,21259,2,850410,-59,-0.01,9,0,0.00,-54.5,-0.01,100510.5,40.20,0
2102,Entry long,2025-05-26 09:30,[CC] BUY NY,21260.25,2,850410,-59,-0.01,9,0,0.00,-54.5,-0.01,100510.5,40.20,0
2103,Exit long,2025-05-27 09:30,NQ09B BUY NY N130 TP2,21274.75,2,850390,591,0.07,9,595.5,0.07,-14.5,0.00,101101.5,40.44,0
2103,Entry long,2025-05-27 09:30,[CC] BUY NY,21259.75,2,850390,591,0.07,9,595.5,0.07,-14.5,0.00,101101.5,40.44,0
2104,Exit long,2025-05-28 09:30,NQ09B BUY NY STOP,21504.25,2,860220,-59,-0.01,9,0,0.00,-54.5,-0.01,101042.5,40.42,0
2104,Entry long,2025-05-28 09:30,[CC] BUY NY,21505.5,2,860220,-59,-0.01,9,0,0.00,-54.5,-0.01,101042.5,40.42,0
2105,Exit long,2025-05-28 18:00,NQ09B BUY WEEKDAY 1800 STOP,21512,2,860530,-59,-0.01,9,165.5,0.02,-54.5,-0.01,100983.5,40.39,0
2105,Entry long,2025-05-28 18:00,[CC] BUY PREMIUM,21513.25,2,860530,-59,-0.01,9,165.5,0.02,-54.5,-0.01,100983.5,40.39,0
2106,Exit long,2025-05-29 09:30,NQ09B BUY NY STOP,21673.25,2,866980,-59,-0.01,9,205.5,0.02,-54.5,-0.01,100924.5,40.37,0
2106,Entry long,2025-05-29 09:30,[CC] BUY NY,21674.5,2,866980,-59,-0.01,9,205.5,0.02,-54.5,-0.01,100924.5,40.37,0
2107,Exit long,2025-05-29 18:00,NQ09B BUY WEEKDAY 1800 STOP,21370.25,1,427430,-29.5,-0.01,4.5,17.75,0.00,-27.25,-0.01,100895,40.36,0
2107,Entry long,2025-05-29 18:00,[CC] BUY WEAK,21371.5,1,427430,-29.5,-0.01,4.5,17.75,0.00,-27.25,-0.01,100895,40.36,0
2108,Exit long,2025-05-30 09:30,NQ09B BUY NY STOP,21381,2,855290,-59,-0.01,9,325.5,0.04,-54.5,-0.01,100836,40.33,0
2108,Entry long,2025-05-30 09:30,[CC] BUY NY,21382.25,2,855290,-59,-0.01,9,325.5,0.04,-54.5,-0.01,100836,40.33,0
2109,Exit long,2025-06-01 18:00,NQ09B BUY WEEKLY STOP,21302.75,2,852160,-59,-0.01,9,0,0.00,-54.5,-0.01,100777,40.31,0
2109,Entry long,2025-06-01 18:00,[CC] BUY WEEKLY,21304,2,852160,-59,-0.01,9,0,0.00,-54.5,-0.01,100777,40.31,0
2110,Exit long,2025-06-02 09:30,NQ09B BUY NY STOP,21286.75,2,851520,-59,-0.01,9,0,0.00,-54.5,-0.01,100718,40.29,0
2110,Entry long,2025-06-02 09:30,[CC] BUY NY,21288,2,851520,-59,-0.01,9,0,0.00,-54.5,-0.01,100718,40.29,0
2111,Exit long,2025-06-03 09:30,NQ09B BUY NY STOP,21546,2,861890,-59,-0.01,9,0,0.00,-54.5,-0.01,100659,40.26,0
2111,Entry long,2025-06-03 09:30,[CC] BUY NY,21547.25,2,861890,-59,-0.01,9,0,0.00,-54.5,-0.01,100659,40.26,0
2112,Exit long,2025-06-03 18:00,NQ09B BUY WEEKDAY 1800 STOP,21687.25,1,433770,-29.5,-0.01,4.5,0,0.00,-27.25,-0.01,100629.5,40.25,0
2112,Entry long,2025-06-03 18:00,[CC] BUY WEAK,21688.5,1,433770,-29.5,-0.01,4.5,0,0.00,-27.25,-0.01,100629.5,40.25,0
2113,Exit long,2025-06-04 09:30,NQ09B BUY NY STOP,21724.75,2,869040,-59,-0.01,9,0,0.00,-54.5,-0.01,100570.5,40.23,0
2113,Entry long,2025-06-04 09:30,[CC] BUY NY,21726,2,869040,-59,-0.01,9,0,0.00,-54.5,-0.01,100570.5,40.23,0
2114,Exit long,2025-06-05 09:30,NQ09B BUY NY N130 TP2,21828,2,872500,611,0.07,9,615.5,0.07,-14.5,0.00,101181.5,40.47,0
2114,Entry long,2025-06-05 09:30,[CC] BUY NY,21812.5,2,872500,611,0.07,9,615.5,0.07,-14.5,0.00,101181.5,40.47,0
2115,Exit long,2025-06-05 18:00,NQ09B BUY WEEKDAY 1800 D80,21480.5,2,858850,361,0.04,9,365.5,0.04,-14.5,0.00,101542.5,40.62,0
2115,Entry long,2025-06-05 18:00,[CC] BUY PREMIUM,21471.25,2,858850,361,0.04,9,365.5,0.04,-14.5,0.00,101542.5,40.62,0
2116,Exit long,2025-06-06 09:30,NQ09B BUY NY N130 TP2,21813.5,2,871920,611,0.07,9,615.5,0.07,-14.5,0.00,102153.5,40.86,0
2116,Entry long,2025-06-06 09:30,[CC] BUY NY,21798,2,871920,611,0.07,9,615.5,0.07,-14.5,0.00,102153.5,40.86,0
2117,Exit long,2025-06-08 18:00,NQ09B BUY WEEKLY STOP,21798.25,2,871980,-59,-0.01,9,0,0.00,-54.5,-0.01,102094.5,40.84,0
2117,Entry long,2025-06-08 18:00,[CC] BUY WEEKLY,21799.5,2,871980,-59,-0.01,9,0,0.00,-54.5,-0.01,102094.5,40.84,0
2118,Exit long,2025-06-09 09:30,NQ09B BUY NY N130 TP2,21813.25,2,871910,611,0.07,9,615.5,0.07,-14.5,0.00,102705.5,41.08,0
2118,Entry long,2025-06-09 09:30,[CC] BUY NY,21797.75,2,871910,611,0.07,9,615.5,0.07,-14.5,0.00,102705.5,41.08,0
2119,Exit long,2025-06-10 09:30,NQ09B BUY NY STOP,21835.25,2,873460,-59,-0.01,9,0,0.00,-54.5,-0.01,102646.5,41.06,0
2119,Entry long,2025-06-10 09:30,[CC] BUY NY,21836.5,2,873460,-59,-0.01,9,0,0.00,-54.5,-0.01,102646.5,41.06,0
2120,Exit long,2025-06-11 09:30,NQ09B BUY NY STOP,22016.25,2,880700,-59,-0.01,9,295.5,0.03,-54.5,-0.01,102587.5,41.04,0
2120,Entry long,2025-06-11 09:30,[CC] BUY NY,22017.5,2,880700,-59,-0.01,9,295.5,0.03,-54.5,-0.01,102587.5,41.04,0
2121,Exit long,2025-06-11 18:00,NQ09B BUY WEEKDAY 1800 STOP,21870,1,437425,-29.5,-0.01,4.5,67.75,0.02,-27.25,-0.01,102558,41.02,0
2121,Entry long,2025-06-11 18:00,[CC] BUY WEAK,21871.25,1,437425,-29.5,-0.01,4.5,67.75,0.02,-27.25,-0.01,102558,41.02,0
2122,Exit long,2025-06-12 09:30,NQ09B BUY NY STOP,21828.5,2,873190,-59,-0.01,9,0,0.00,-54.5,-0.01,102499,41.00,0
2122,Entry long,2025-06-12 09:30,[CC] BUY NY,21829.75,2,873190,-59,-0.01,9,0,0.00,-54.5,-0.01,102499,41.00,0
2123,Exit long,2025-06-13 09:30,NQ09B BUY NY STOP,21678.75,2,867200,-59,-0.01,9,0,0.00,-54.5,-0.01,102440,40.98,0
2123,Entry long,2025-06-13 09:30,[CC] BUY NY,21680,2,867200,-59,-0.01,9,0,0.00,-54.5,-0.01,102440,40.98,0
2124,Exit long,2025-06-15 18:00,NQ09B BUY WEEKLY STOP,21771.5,2,870910,-59,-0.01,9,0,0.00,-54.5,-0.01,102381,40.95,0
2124,Entry long,2025-06-15 18:00,[CC] BUY WEEKLY,21772.75,2,870910,-59,-0.01,9,0,0.00,-54.5,-0.01,102381,40.95,0
2125,Exit long,2025-06-16 09:30,NQ09B BUY NY N130 TP2,22030.25,2,880590,611,0.07,9,615.5,0.07,-34.5,0.00,102992,41.20,0
2125,Entry long,2025-06-16 09:30,[CC] BUY NY,22014.75,2,880590,611,0.07,9,615.5,0.07,-34.5,0.00,102992,41.20,0
2126,Exit long,2025-06-17 09:30,NQ09B BUY NY STOP,22063,2,882570,-59,-0.01,9,0,0.00,-54.5,-0.01,102933,41.17,0
2126,Entry long,2025-06-17 09:30,[CC] BUY NY,22064.25,2,882570,-59,-0.01,9,0,0.00,-54.5,-0.01,102933,41.17,0
2127,Exit long,2025-06-17 18:00,NQ09B BUY WEEKDAY 1800 D80,21937.25,1,438555,185.5,0.04,4.5,187.75,0.04,-7.25,0.00,103118.5,41.25,0
2127,Entry long,2025-06-17 18:00,[CC] BUY WEAK,21927.75,1,438555,185.5,0.04,4.5,187.75,0.04,-7.25,0.00,103118.5,41.25,0
2128,Exit long,2025-06-18 09:30,NQ09B BUY NY STOP,21992,2,879730,-59,-0.01,9,85.5,0.01,-54.5,-0.01,103059.5,41.22,0
2128,Entry long,2025-06-18 09:30,[CC] BUY NY,21993.25,2,879730,-59,-0.01,9,85.5,0.01,-54.5,-0.01,103059.5,41.22,0
2129,Exit long,2025-06-18 18:00,NQ09B BUY WEEKDAY 1800 STOP,21955.75,1,439140,-29.5,-0.01,4.5,0,0.00,-27.25,-0.01,103030,41.21,0
2129,Entry long,2025-06-18 18:00,[CC] BUY WEAK,21957,1,439140,-29.5,-0.01,4.5,0,0.00,-27.25,-0.01,103030,41.21,0
2130,Exit long,2025-06-19 09:30,NQ09B BUY NY STOP,21783.5,2,871390,-59,-0.01,9,75.5,0.01,-54.5,-0.01,102971,41.19,0
2130,Entry long,2025-06-19 09:30,[CC] BUY NY,21784.75,2,871390,-59,-0.01,9,75.5,0.01,-54.5,-0.01,102971,41.19,0
2131,Exit long,2025-06-19 18:00,NQ09B BUY WEEKDAY 1800 STOP,21747.25,1,434970,-29.5,-0.01,4.5,0,0.00,-27.25,-0.01,102941.5,41.18,0
2131,Entry long,2025-06-19 18:00,[CC] BUY WEAK,21748.5,1,434970,-29.5,-0.01,4.5,0,0.00,-27.25,-0.01,102941.5,41.18,0
2132,Exit long,2025-06-20 09:30,NQ09B BUY NY N130 TP2,22090.75,2,883010,611,0.07,9,615.5,0.07,-14.5,0.00,103552.5,41.42,0
2132,Entry long,2025-06-20 09:30,[CC] BUY NY,22075.25,2,883010,611,0.07,9,615.5,0.07,-14.5,0.00,103552.5,41.42,0
2133,Exit long,2025-06-22 18:00,NQ09B BUY WEEKLY W80,21658,2,865940,371,0.04,9,375.5,0.04,-14.5,0.00,103923.5,41.57,0
2133,Entry long,2025-06-22 18:00,[CC] BUY WEEKLY,21648.5,2,865940,371,0.04,9,375.5,0.04,-14.5,0.00,103923.5,41.57,0
2134,Exit long,2025-06-23 09:30,NQ09B BUY NY STOP,21868.25,2,874780,-59,-0.01,9,55.5,0.01,-54.5,-0.01,103864.5,41.55,0
2134,Entry long,2025-06-23 09:30,[CC] BUY NY,21869.5,2,874780,-59,-0.01,9,55.5,0.01,-54.5,-0.01,103864.5,41.55,0
2135,Exit long,2025-06-24 09:30,NQ09B BUY NY STOP,22285.25,2,891460,-59,-0.01,9,0,0.00,-54.5,-0.01,103805.5,41.52,0
2135,Entry long,2025-06-24 09:30,[CC] BUY NY,22286.5,2,891460,-59,-0.01,9,0,0.00,-54.5,-0.01,103805.5,41.52,0
2136,Exit long,2025-06-25 09:30,NQ09B BUY NY STOP,22498,2,899970,-59,-0.01,9,0,0.00,-54.5,-0.01,103746.5,41.50,0
2136,Entry long,2025-06-25 09:30,[CC] BUY NY,22499.25,2,899970,-59,-0.01,9,0,0.00,-54.5,-0.01,103746.5,41.50,0
2137,Exit long,2025-06-26 09:30,NQ09B BUY NY STOP,22551.25,2,902100,-59,-0.01,9,555.5,0.06,-54.5,-0.01,103687.5,41.48,0
2137,Entry long,2025-06-26 09:30,[CC] BUY NY,22552.5,2,902100,-59,-0.01,9,555.5,0.06,-54.5,-0.01,103687.5,41.48,0
2138,Exit long,2025-06-27 09:30,NQ09B BUY NY N130 TP2,22723.5,2,908310,621,0.07,9,625.5,0.07,-14.5,0.00,104308.5,41.72,0
2138,Entry long,2025-06-27 09:30,[CC] BUY NY,22707.75,2,908310,621,0.07,9,625.5,0.07,-14.5,0.00,104308.5,41.72,0
2139,Exit long,2025-06-29 18:00,NQ09B BUY WEEKLY W80,22761.5,2,910070,381,0.04,9,385.5,0.04,-14.5,0.00,104689.5,41.88,0
2139,Entry long,2025-06-29 18:00,[CC] BUY WEEKLY,22751.75,2,910070,381,0.04,9,385.5,0.04,-14.5,0.00,104689.5,41.88,0
2140,Exit long,2025-06-30 09:30,NQ09B BUY NY STOP,22870.75,2,914880,-59,-0.01,9,135.5,0.01,-54.5,-0.01,104630.5,41.85,0
2140,Entry long,2025-06-30 09:30,[CC] BUY NY,22872,2,914880,-59,-0.01,9,135.5,0.01,-54.5,-0.01,104630.5,41.85,0
2141,Exit long,2025-07-01 09:30,NQ09B BUY NY STOP,22801.25,2,912100,-59,-0.01,9,0,0.00,-54.5,-0.01,104571.5,41.83,0
2141,Entry long,2025-07-01 09:30,[CC] BUY NY,22802.5,2,912100,-59,-0.01,9,0,0.00,-54.5,-0.01,104571.5,41.83,0
2142,Exit long,2025-07-02 09:30,NQ09B BUY NY STOP,22653.25,2,906180,-59,-0.01,9,0,0.00,-54.5,-0.01,104512.5,41.81,0
2142,Entry long,2025-07-02 09:30,[CC] BUY NY,22654.5,2,906180,-59,-0.01,9,0,0.00,-54.5,-0.01,104512.5,41.81,0
2143,Exit long,2025-07-02 18:00,NQ09B BUY WEEKDAY 1800 STOP,22844,1,456905,-29.5,-0.01,4.5,0,0.00,-27.25,-0.01,104483,41.79,0
2143,Entry long,2025-07-02 18:00,[CC] BUY WEAK,22845.25,1,456905,-29.5,-0.01,4.5,0,0.00,-27.25,-0.01,104483,41.79,0
2144,Exit long,2025-07-03 09:30,NQ09B BUY NY STOP,22931,2,917290,-59,-0.01,9,0,0.00,-54.5,-0.01,104424,41.77,0
2144,Entry long,2025-07-03 09:30,[CC] BUY NY,22932.25,2,917290,-59,-0.01,9,0,0.00,-54.5,-0.01,104424,41.77,0
2145,Exit long,2025-07-03 18:00,NQ09B BUY WEEKDAY 1800 STOP,23058.25,1,461190,-29.5,-0.01,4.5,22.75,0.00,-27.25,-0.01,104394.5,41.76,0
2145,Entry long,2025-07-03 18:00,[CC] BUY WEAK,23059.5,1,461190,-29.5,-0.01,4.5,22.75,0.00,-27.25,-0.01,104394.5,41.76,0
2146,Exit long,2025-07-04 09:30,NQ09B BUY NY STOP,22917,2,916730,-59,-0.01,9,225.5,0.02,-54.5,-0.01,104335.5,41.73,0
2146,Entry long,2025-07-04 09:30,[CC] BUY NY,22918.25,2,916730,-59,-0.01,9,225.5,0.02,-54.5,-0.01,104335.5,41.73,0
2147,Exit long,2025-07-06 18:00,NQ09B BUY WEEKLY STOP,22969,2,918810,-59,-0.01,9,0,0.00,-54.5,-0.01,104276.5,41.71,0
2147,Entry long,2025-07-06 18:00,[CC] BUY WEEKLY,22970.25,2,918810,-59,-0.01,9,0,0.00,-54.5,-0.01,104276.5,41.71,0
2148,Exit long,2025-07-07 09:30,NQ09B BUY NY N130 TP2,22959.5,2,917740,631,0.07,9,635.5,0.07,-14.5,0.00,104907.5,41.96,0
2148,Entry long,2025-07-07 09:30,[CC] BUY NY,22943.5,2,917740,631,0.07,9,635.5,0.07,-14.5,0.00,104907.5,41.96,0
2149,Exit long,2025-07-07 18:00,NQ09B BUY WEEKDAY 1800 STOP,22836.75,2,913520,-59,-0.01,9,0,0.00,-54.5,-0.01,104848.5,41.94,0
2149,Entry long,2025-07-07 18:00,[CC] BUY PREMIUM,22838,2,913520,-59,-0.01,9,0,0.00,-54.5,-0.01,104848.5,41.94,0
2150,Exit long,2025-07-08 09:30,NQ09B BUY NY STOP,22934.5,2,917430,-59,-0.01,9,305.5,0.03,-54.5,-0.01,104789.5,41.92,0
2150,Entry long,2025-07-08 09:30,[CC] BUY NY,22935.75,2,917430,-59,-0.01,9,305.5,0.03,-54.5,-0.01,104789.5,41.92,0
2151,Exit long,2025-07-09 09:30,NQ09B BUY NY STOP,22977.75,2,919160,-59,-0.01,9,0,0.00,-54.5,-0.01,104730.5,41.89,0
2151,Entry long,2025-07-09 09:30,[CC] BUY NY,22979,2,919160,-59,-0.01,9,0,0.00,-54.5,-0.01,104730.5,41.89,0
2152,Exit long,2025-07-10 09:30,NQ09B BUY NY N130 TP2,23088.5,2,922900,631,0.07,9,635.5,0.07,-14.5,0.00,105361.5,42.14,0
2152,Entry long,2025-07-10 09:30,[CC] BUY NY,23072.5,2,922900,631,0.07,9,635.5,0.07,-14.5,0.00,105361.5,42.14,0
2153,Exit long,2025-07-11 09:30,NQ09B BUY NY STOP,22914.25,2,916620,-59,-0.01,9,0,0.00,-54.5,-0.01,105302.5,42.12,0
2153,Entry long,2025-07-11 09:30,[CC] BUY NY,22915.5,2,916620,-59,-0.01,9,0,0.00,-54.5,-0.01,105302.5,42.12,0
2154,Exit long,2025-07-13 18:00,NQ09B BUY WEEKLY STOP,22859.75,2,914440,-59,-0.01,9,145.5,0.02,-54.5,-0.01,105243.5,42.10,0
2154,Entry long,2025-07-13 18:00,[CC] BUY WEEKLY,22861,2,914440,-59,-0.01,9,145.5,0.02,-54.5,-0.01,105243.5,42.10,0
2155,Exit long,2025-07-14 09:30,NQ09B BUY NY STOP,22941.75,2,917720,-59,-0.01,9,0,0.00,-54.5,-0.01,105184.5,42.07,0
2155,Entry long,2025-07-14 09:30,[CC] BUY NY,22943,2,917720,-59,-0.01,9,0,0.00,-54.5,-0.01,105184.5,42.07,0
2156,Exit long,2025-07-15 09:30,NQ09B BUY NY N130 TP2,23216.5,2,928020,631,0.07,9,635.5,0.07,-14.5,0.00,105815.5,42.33,0
2156,Entry long,2025-07-15 09:30,[CC] BUY NY,23200.5,2,928020,631,0.07,9,635.5,0.07,-14.5,0.00,105815.5,42.33,0
2157,Exit long,2025-07-16 09:30,NQ09B BUY NY STOP,23073.25,2,922980,-59,-0.01,9,595.5,0.06,-54.5,-0.01,105756.5,42.30,0
2157,Entry long,2025-07-16 09:30,[CC] BUY NY,23074.5,2,922980,-59,-0.01,9,595.5,0.06,-54.5,-0.01,105756.5,42.30,0
2158,Exit long,2025-07-17 09:30,NQ09B BUY NY N130 TP2,23116.5,2,924020,631,0.07,9,635.5,0.07,-14.5,0.00,106387.5,42.56,0
2158,Entry long,2025-07-17 09:30,[CC] BUY NY,23100.5,2,924020,631,0.07,9,635.5,0.07,-14.5,0.00,106387.5,42.56,0
2159,Exit long,2025-07-18 09:30,NQ09B BUY NY STOP,23300,2,932050,-59,-0.01,9,345.5,0.04,-54.5,-0.01,106328.5,42.53,0
2159,Entry long,2025-07-18 09:30,[CC] BUY NY,23301.25,2,932050,-59,-0.01,9,345.5,0.04,-54.5,-0.01,106328.5,42.53,0
2160,Exit long,2025-07-20 18:00,NQ09B BUY WEEKLY STOP,23231.5,2,929310,-59,-0.01,9,45.5,0.00,-54.5,-0.01,106269.5,42.51,0
2160,Entry long,2025-07-20 18:00,[CC] BUY WEEKLY,23232.75,2,929310,-59,-0.01,9,45.5,0.00,-54.5,-0.01,106269.5,42.51,0
2161,Exit long,2025-07-21 09:30,NQ09B BUY NY STOP,23255.25,2,930260,-59,-0.01,9,0,0.00,-54.5,-0.01,106210.5,42.48,0
2161,Entry long,2025-07-21 09:30,[CC] BUY NY,23256.5,2,930260,-59,-0.01,9,0,0.00,-54.5,-0.01,106210.5,42.48,0
2162,Exit long,2025-07-22 09:30,NQ09B BUY NY STOP,23345,2,933850,-59,-0.01,9,135.5,0.01,-54.5,-0.01,106151.5,42.46,0
2162,Entry long,2025-07-22 09:30,[CC] BUY NY,23346.25,2,933850,-59,-0.01,9,135.5,0.01,-54.5,-0.01,106151.5,42.46,0
2163,Exit long,2025-07-23 09:30,NQ09B BUY NY STOP,23260.5,2,930470,-59,-0.01,9,75.5,0.01,-54.5,-0.01,106092.5,42.44,0
2163,Entry long,2025-07-23 09:30,[CC] BUY NY,23261.75,2,930470,-59,-0.01,9,75.5,0.01,-54.5,-0.01,106092.5,42.44,0
2164,Exit long,2025-07-23 18:00,NQ09B BUY WEEKDAY 1800 STOP,23401.25,2,936100,-59,-0.01,9,65.5,0.01,-54.5,-0.01,106033.5,42.41,0
2164,Entry long,2025-07-23 18:00,[CC] BUY PREMIUM,23402.5,2,936100,-59,-0.01,9,65.5,0.01,-54.5,-0.01,106033.5,42.41,0
2165,Exit long,2025-07-24 09:30,NQ09B BUY NY N130 TP2,23390.25,2,934970,631,0.07,9,635.5,0.07,-14.5,0.00,106664.5,42.67,0
2165,Entry long,2025-07-24 09:30,[CC] BUY NY,23374.25,2,934970,631,0.07,9,635.5,0.07,-14.5,0.00,106664.5,42.67,0
2166,Exit long,2025-07-25 09:30,NQ09B BUY NY STOP,23359,2,934410,-59,-0.01,9,495.5,0.05,-54.5,-0.01,106605.5,42.64,0
2166,Entry long,2025-07-25 09:30,[CC] BUY NY,23360.25,2,934410,-59,-0.01,9,495.5,0.05,-54.5,-0.01,106605.5,42.64,0
2167,Exit long,2025-07-27 18:00,NQ09B BUY WEEKLY STOP,23519,2,940810,-59,-0.01,9,0,0.00,-54.5,-0.01,106546.5,42.62,0
2167,Entry long,2025-07-27 18:00,[CC] BUY WEEKLY,23520.25,2,940810,-59,-0.01,9,0,0.00,-54.5,-0.01,106546.5,42.62,0
2168,Exit long,2025-07-28 09:30,NQ09B BUY NY STOP,23471.75,2,938920,-59,-0.01,9,0,0.00,-54.5,-0.01,106487.5,42.60,0
2168,Entry long,2025-07-28 09:30,[CC] BUY NY,23473,2,938920,-59,-0.01,9,0,0.00,-54.5,-0.01,106487.5,42.60,0
2169,Exit long,2025-07-29 09:30,NQ09B BUY NY STOP,23594.25,2,943820,-59,-0.01,9,0,0.00,-54.5,-0.01,106428.5,42.57,0
2169,Entry long,2025-07-29 09:30,[CC] BUY NY,23595.5,2,943820,-59,-0.01,9,0,0.00,-54.5,-0.01,106428.5,42.57,0
2170,Exit long,2025-07-30 09:30,NQ09B BUY NY STOP,23486,2,939490,-59,-0.01,9,145.5,0.02,-54.5,-0.01,106369.5,42.55,0
2170,Entry long,2025-07-30 09:30,[CC] BUY NY,23487.25,2,939490,-59,-0.01,9,145.5,0.02,-54.5,-0.01,106369.5,42.55,0
2171,Exit long,2025-07-30 18:00,NQ09B BUY WEEKDAY 1800 STOP,23704,2,948210,-59,-0.01,9,0,0.00,-54.5,-0.01,106310.5,42.52,0
2171,Entry long,2025-07-30 18:00,[CC] BUY PREMIUM,23705.25,2,948210,-59,-0.01,9,0,0.00,-54.5,-0.01,106310.5,42.52,0
2172,Exit long,2025-07-31 09:30,NQ09B BUY NY STOP,23746.25,2,949900,-59,-0.01,9,175.5,0.02,-54.5,-0.01,106251.5,42.50,0
2172,Entry long,2025-07-31 09:30,[CC] BUY NY,23747.5,2,949900,-59,-0.01,9,175.5,0.02,-54.5,-0.01,106251.5,42.50,0
2173,Exit long,2025-07-31 18:00,NQ09B BUY WEEKDAY 1800 STOP,23307.5,2,932350,-59,-0.01,9,0,0.00,-54.5,-0.01,106192.5,42.48,0
2173,Entry long,2025-07-31 18:00,[CC] BUY PREMIUM,23308.75,2,932350,-59,-0.01,9,0,0.00,-54.5,-0.01,106192.5,42.48,0
2174,Exit long,2025-08-01 09:30,NQ09B BUY NY STOP,23086.5,2,923510,-59,-0.01,9,315.5,0.03,-54.5,-0.01,106133.5,42.45,0
2174,Entry long,2025-08-01 09:30,[CC] BUY NY,23087.75,2,923510,-59,-0.01,9,315.5,0.03,-54.5,-0.01,106133.5,42.45,0
2175,Exit long,2025-08-03 18:00,NQ09B BUY WEEKLY STOP,22849,2,914010,-59,-0.01,9,0,0.00,-54.5,-0.01,106074.5,42.43,0
2175,Entry long,2025-08-03 18:00,[CC] BUY WEEKLY,22850.25,2,914010,-59,-0.01,9,0,0.00,-54.5,-0.01,106074.5,42.43,0
2176,Exit long,2025-08-04 09:30,NQ09B BUY NY STOP,23093,2,923770,-59,-0.01,9,0,0.00,-54.5,-0.01,106015.5,42.41,0
2176,Entry long,2025-08-04 09:30,[CC] BUY NY,23094.25,2,923770,-59,-0.01,9,0,0.00,-54.5,-0.01,106015.5,42.41,0
2177,Exit long,2025-08-04 18:00,NQ09B BUY WEEKDAY 1800 STOP,23353,2,934170,-59,-0.01,9,225.5,0.02,-54.5,-0.01,105956.5,42.38,0
2177,Entry long,2025-08-04 18:00,[CC] BUY PREMIUM,23354.25,2,934170,-59,-0.01,9,225.5,0.02,-54.5,-0.01,105956.5,42.38,0
2178,Exit long,2025-08-05 09:30,NQ09B BUY NY STOP,23347.25,2,933940,-59,-0.01,9,355.5,0.04,-54.5,-0.01,105897.5,42.36,0
2178,Entry long,2025-08-05 09:30,[CC] BUY NY,23348.5,2,933940,-59,-0.01,9,355.5,0.04,-54.5,-0.01,105897.5,42.36,0
2179,Exit long,2025-08-05 18:00,NQ09B BUY WEEKDAY 1800 STOP,23090.75,2,923680,-59,-0.01,9,0,0.00,-54.5,-0.01,105838.5,42.34,0
2179,Entry long,2025-08-05 18:00,[CC] BUY PREMIUM,23092,2,923680,-59,-0.01,9,0,0.00,-54.5,-0.01,105838.5,42.34,0
2180,Exit long,2025-08-06 09:30,NQ09B BUY NY STOP,23168.25,2,926780,-59,-0.01,9,0,0.00,-54.5,-0.01,105779.5,42.31,0
2180,Entry long,2025-08-06 09:30,[CC] BUY NY,23169.5,2,926780,-59,-0.01,9,0,0.00,-54.5,-0.01,105779.5,42.31,0
2181,Exit long,2025-08-07 09:30,NQ09B BUY NY STOP,23600,2,944050,-59,-0.01,9,0,0.00,-54.5,-0.01,105720.5,42.29,0
2181,Entry long,2025-08-07 09:30,[CC] BUY NY,23601.25,2,944050,-59,-0.01,9,0,0.00,-54.5,-0.01,105720.5,42.29,0
2182,Exit long,2025-08-07 18:00,NQ09B BUY WEEKDAY 1800 STOP,23517.25,1,470370,-29.5,-0.01,4.5,0,0.00,-27.25,-0.01,105691,42.28,0
2182,Entry long,2025-08-07 18:00,[CC] BUY WEAK,23518.5,1,470370,-29.5,-0.01,4.5,0,0.00,-27.25,-0.01,105691,42.28,0
2183,Exit long,2025-08-08 09:30,NQ09B BUY NY STOP,23540.75,2,941680,-59,-0.01,9,0,0.00,-54.5,-0.01,105632,42.25,0
2183,Entry long,2025-08-08 09:30,[CC] BUY NY,23542,2,941680,-59,-0.01,9,0,0.00,-54.5,-0.01,105632,42.25,0
2184,Exit long,2025-08-10 18:00,NQ09B BUY WEEKLY STOP,23763,2,950570,-59,-0.01,9,255.5,0.03,-54.5,-0.01,105573,42.23,0
2184,Entry long,2025-08-10 18:00,[CC] BUY WEEKLY,23764.25,2,950570,-59,-0.01,9,255.5,0.03,-54.5,-0.01,105573,42.23,0
2185,Exit long,2025-08-11 09:30,NQ09B BUY NY STOP,23714.75,2,948640,-59,-0.01,9,565.5,0.06,-54.5,-0.01,105514,42.21,0
2185,Entry long,2025-08-11 09:30,[CC] BUY NY,23716,2,948640,-59,-0.01,9,565.5,0.06,-54.5,-0.01,105514,42.21,0
2186,Exit long,2025-08-12 09:30,NQ09B BUY NY STOP,23732,2,949330,-59,-0.01,9,0,0.00,-54.5,-0.01,105455,42.18,0
2186,Entry long,2025-08-12 09:30,[CC] BUY NY,23733.25,2,949330,-59,-0.01,9,0,0.00,-54.5,-0.01,105455,42.18,0
2187,Exit long,2025-08-12 18:00,NQ09B BUY WEEKDAY 1800 STOP,23944,1,478905,-29.5,-0.01,4.5,0,0.00,-27.25,-0.01,105425.5,42.17,0
2187,Entry long,2025-08-12 18:00,[CC] BUY WEAK,23945.25,1,478905,-29.5,-0.01,4.5,0,0.00,-27.25,-0.01,105425.5,42.17,0
2188,Exit long,2025-08-13 09:30,NQ09B BUY NY STOP,24043.5,2,961790,-59,-0.01,9,0,0.00,-54.5,-0.01,105366.5,42.15,0
2188,Entry long,2025-08-13 09:30,[CC] BUY NY,24044.75,2,961790,-59,-0.01,9,0,0.00,-54.5,-0.01,105366.5,42.15,0
2189,Exit long,2025-08-14 09:30,NQ09B BUY NY STOP,23856.75,2,954320,-59,-0.01,9,0,0.00,-54.5,-0.01,105307.5,42.12,0
2189,Entry long,2025-08-14 09:30,[CC] BUY NY,23858,2,954320,-59,-0.01,9,0,0.00,-54.5,-0.01,105307.5,42.12,0
2190,Exit long,2025-08-14 18:00,NQ09B BUY WEEKDAY 1800 STOP,23887.75,1,477780,-29.5,-0.01,4.5,7.75,0.00,-27.25,-0.01,105278,42.11,0
2190,Entry long,2025-08-14 18:00,[CC] BUY WEAK,23889,1,477780,-29.5,-0.01,4.5,7.75,0.00,-27.25,-0.01,105278,42.11,0
2191,Exit long,2025-08-15 09:30,NQ09B BUY NY STOP,23908.25,2,956380,-59,-0.01,9,55.5,0.01,-54.5,-0.01,105219,42.09,0
2191,Entry long,2025-08-15 09:30,[CC] BUY NY,23909.5,2,956380,-59,-0.01,9,55.5,0.01,-54.5,-0.01,105219,42.09,0
2192,Exit long,2025-08-17 18:00,NQ09B BUY WEEKLY W80,23805.25,2,951810,391,0.04,9,395.5,0.04,-14.5,0.00,105610,42.24,0
2192,Entry long,2025-08-17 18:00,[CC] BUY WEEKLY,23795.25,2,951810,391,0.04,9,395.5,0.04,-14.5,0.00,105610,42.24,0
2193,Exit long,2025-08-18 09:30,NQ09B BUY NY N130 TP2,23784.5,2,950740,631,0.07,9,635.5,0.07,-24.5,0.00,106241,42.50,0
2193,Entry long,2025-08-18 09:30,[CC] BUY NY,23768.5,2,950740,631,0.07,9,635.5,0.07,-24.5,0.00,106241,42.50,0
2194,Exit long,2025-08-19 09:30,NQ09B BUY NY STOP,23761.5,2,950510,-59,-0.01,9,305.5,0.03,-54.5,-0.01,106182,42.47,0
2194,Entry long,2025-08-19 09:30,[CC] BUY NY,23762.75,2,950510,-59,-0.01,9,305.5,0.03,-54.5,-0.01,106182,42.47,0
2195,Exit long,2025-08-20 09:30,NQ09B BUY NY STOP,23425.25,2,937060,-59,-0.01,9,215.5,0.02,-54.5,-0.01,106123,42.45,0
2195,Entry long,2025-08-20 09:30,[CC] BUY NY,23426.5,2,937060,-59,-0.01,9,215.5,0.02,-54.5,-0.01,106123,42.45,0
2196,Exit long,2025-08-21 09:30,NQ09B BUY NY STOP,23259.5,2,930430,-59,-0.01,9,485.5,0.05,-54.5,-0.01,106064,42.43,0
2196,Entry long,2025-08-21 09:30,[CC] BUY NY,23260.75,2,930430,-59,-0.01,9,485.5,0.05,-54.5,-0.01,106064,42.43,0
2197,Exit long,2025-08-21 18:00,NQ09B BUY WEEKDAY 1800 STOP,23224.25,1,464510,-29.5,-0.01,4.5,0,0.00,-27.25,-0.01,106034.5,42.41,0
2197,Entry long,2025-08-21 18:00,[CC] BUY WEAK,23225.5,1,464510,-29.5,-0.01,4.5,0,0.00,-27.25,-0.01,106034.5,42.41,0
2198,Exit long,2025-08-22 09:30,NQ09B BUY NY STOP,23263.5,2,930590,-59,-0.01,9,315.5,0.03,-54.5,-0.01,105975.5,42.39,0
2198,Entry long,2025-08-22 09:30,[CC] BUY NY,23264.75,2,930590,-59,-0.01,9,315.5,0.03,-54.5,-0.01,105975.5,42.39,0
2199,Exit long,2025-08-24 18:00,NQ09B BUY WEEKLY STOP,23601,2,944090,-59,-0.01,9,205.5,0.02,-54.5,-0.01,105916.5,42.37,0
2199,Entry long,2025-08-24 18:00,[CC] BUY WEEKLY,23602.25,2,944090,-59,-0.01,9,205.5,0.02,-54.5,-0.01,105916.5,42.37,0
2200,Exit long,2025-08-25 09:30,NQ09B BUY NY N130 TP2,23512.25,2,939850,631,0.07,9,635.5,0.07,-14.5,0.00,106547.5,42.62,0
2200,Entry long,2025-08-25 09:30,[CC] BUY NY,23496.25,2,939850,631,0.07,9,635.5,0.07,-14.5,0.00,106547.5,42.62,0
2201,Exit long,2025-08-25 18:00,NQ09B BUY WEEKDAY 1800 STOP,23504.75,1,470120,-29.5,-0.01,4.5,0,0.00,-27.25,-0.01,106518,42.61,0
2201,Entry long,2025-08-25 18:00,[CC] BUY WEAK,23506,1,470120,-29.5,-0.01,4.5,0,0.00,-27.25,-0.01,106518,42.61,0
2202,Exit long,2025-08-26 09:30,NQ09B BUY NY STOP,23469.75,2,938840,-59,-0.01,9,0,0.00,-54.5,-0.01,106459,42.58,0
2202,Entry long,2025-08-26 09:30,[CC] BUY NY,23471,2,938840,-59,-0.01,9,0,0.00,-54.5,-0.01,106459,42.58,0
2203,Exit long,2025-08-27 09:30,NQ09B BUY NY STOP,23540,2,941650,-59,-0.01,9,0,0.00,-54.5,-0.01,106400,42.56,0
2203,Entry long,2025-08-27 09:30,[CC] BUY NY,23541.25,2,941650,-59,-0.01,9,0,0.00,-54.5,-0.01,106400,42.56,0
2204,Exit long,2025-08-27 18:00,NQ09B BUY WEEKDAY 1800 STOP,23541.25,2,941700,-59,-0.01,9,305.5,0.03,-54.5,-0.01,106341,42.54,0
2204,Entry long,2025-08-27 18:00,[CC] BUY PREMIUM,23542.5,2,941700,-59,-0.01,9,305.5,0.03,-54.5,-0.01,106341,42.54,0
2205,Exit long,2025-08-28 09:30,NQ09B BUY NY STOP,23639.25,2,945620,-59,-0.01,9,0,0.00,-54.5,-0.01,106282,42.51,0
2205,Entry long,2025-08-28 09:30,[CC] BUY NY,23640.5,2,945620,-59,-0.01,9,0,0.00,-54.5,-0.01,106282,42.51,0
2206,Exit long,2025-08-29 09:30,NQ09B BUY NY STOP,23651,2,946090,-59,-0.01,9,625.5,0.07,-54.5,-0.01,106223,42.49,0
2206,Entry long,2025-08-29 09:30,[CC] BUY NY,23652.25,2,946090,-59,-0.01,9,625.5,0.07,-54.5,-0.01,106223,42.49,0
2207,Exit long,2025-08-31 18:00,NQ09B BUY WEEKLY STOP,23478,2,939170,-59,-0.01,9,0,0.00,-54.5,-0.01,106164,42.47,0
2207,Entry long,2025-08-31 18:00,[CC] BUY WEEKLY,23479.25,2,939170,-59,-0.01,9,0,0.00,-54.5,-0.01,106164,42.47,0
2208,Exit long,2025-09-01 09:30,NQ09B BUY NY STOP,23475,2,939050,-59,-0.01,9,45.5,0.00,-54.5,-0.01,106105,42.44,0
2208,Entry long,2025-09-01 09:30,[CC] BUY NY,23476.25,2,939050,-59,-0.01,9,45.5,0.00,-54.5,-0.01,106105,42.44,0
2209,Exit long,2025-09-01 18:00,NQ09B BUY WEEKDAY 1800 STOP,23501.25,1,470050,-29.5,-0.01,4.5,137.75,0.03,-27.25,-0.01,106075.5,42.43,0
2209,Entry long,2025-09-01 18:00,[CC] BUY WEAK,23502.5,1,470050,-29.5,-0.01,4.5,137.75,0.03,-27.25,-0.01,106075.5,42.43,0
2210,Exit long,2025-09-02 09:30,NQ09B BUY NY STOP,23099.25,2,924020,-59,-0.01,9,75.5,0.01,-54.5,-0.01,106016.5,42.41,0
2210,Entry long,2025-09-02 09:30,[CC] BUY NY,23100.5,2,924020,-59,-0.01,9,75.5,0.01,-54.5,-0.01,106016.5,42.41,0
2211,Exit long,2025-09-02 18:00,NQ09B BUY WEEKDAY 1800 STOP,23381,2,935290,-59,-0.01,9,215.5,0.02,-54.5,-0.01,105957.5,42.38,0
2211,Entry long,2025-09-02 18:00,[CC] BUY PREMIUM,23382.25,2,935290,-59,-0.01,9,215.5,0.02,-54.5,-0.01,105957.5,42.38,0
2212,Exit long,2025-09-03 09:30,NQ09B BUY NY STOP,23422.5,2,936950,-59,-0.01,9,555.5,0.06,-54.5,-0.01,105898.5,42.36,0
2212,Entry long,2025-09-03 09:30,[CC] BUY NY,23423.75,2,936950,-59,-0.01,9,555.5,0.06,-54.5,-0.01,105898.5,42.36,0
2213,Exit long,2025-09-03 18:00,NQ09B BUY WEEKDAY 1800 STOP,23455.75,1,469140,-29.5,-0.01,4.5,22.75,0.00,-27.25,-0.01,105869,42.35,0
2213,Entry long,2025-09-03 18:00,[CC] BUY WEAK,23457,1,469140,-29.5,-0.01,4.5,22.75,0.00,-27.25,-0.01,105869,42.35,0
2214,Exit long,2025-09-04 09:30,NQ09B BUY NY STOP,23479.5,2,939230,-59,-0.01,9,0,0.00,-54.5,-0.01,105810,42.32,0
2214,Entry long,2025-09-04 09:30,[CC] BUY NY,23480.75,2,939230,-59,-0.01,9,0,0.00,-54.5,-0.01,105810,42.32,0
2215,Exit long,2025-09-05 09:30,NQ09B BUY NY N130 TP2,23891.25,2,955010,631,0.07,9,635.5,0.07,-14.5,0.00,106441,42.58,0
2215,Entry long,2025-09-05 09:30,[CC] BUY NY,23875.25,2,955010,631,0.07,9,635.5,0.07,-14.5,0.00,106441,42.58,0
2216,Exit long,2025-09-07 18:00,NQ09B BUY WEEKLY W80,23683.75,2,946950,391,0.04,9,395.5,0.04,-14.5,0.00,106832,42.73,0
2216,Entry long,2025-09-07 18:00,[CC] BUY WEEKLY,23673.75,2,946950,391,0.04,9,395.5,0.04,-14.5,0.00,106832,42.73,0
2217,Exit long,2025-09-08 09:30,NQ09B BUY NY STOP,23783.25,2,951380,-59,-0.01,9,0,0.00,-54.5,-0.01,106773,42.71,0
2217,Entry long,2025-09-08 09:30,[CC] BUY NY,23784.5,2,951380,-59,-0.01,9,0,0.00,-54.5,-0.01,106773,42.71,0
2218,Exit long,2025-09-09 09:30,NQ09B BUY NY STOP,23834.5,2,953430,-59,-0.01,9,0,0.00,-54.5,-0.01,106714,42.69,0
2218,Entry long,2025-09-09 09:30,[CC] BUY NY,23835.75,2,953430,-59,-0.01,9,0,0.00,-54.5,-0.01,106714,42.69,0
2219,Exit long,2025-09-09 18:00,NQ09B BUY WEEKDAY 1800 STOP,23897.5,1,477975,-29.5,-0.01,4.5,0,0.00,-27.25,-0.01,106684.5,42.67,0
2219,Entry long,2025-09-09 18:00,[CC] BUY WEAK,23898.75,1,477975,-29.5,-0.01,4.5,0,0.00,-27.25,-0.01,106684.5,42.67,0
2220,Exit long,2025-09-10 09:30,NQ09B BUY NY STOP,23997.75,2,959960,-59,-0.01,9,55.5,0.01,-54.5,-0.01,106625.5,42.65,0
2220,Entry long,2025-09-10 09:30,[CC] BUY NY,23999,2,959960,-59,-0.01,9,55.5,0.01,-54.5,-0.01,106625.5,42.65,0
2221,Exit long,2025-09-11 09:30,NQ09B BUY NY STOP,23976.25,2,959100,-59,-0.01,9,0,0.00,-54.5,-0.01,106566.5,42.63,0
2221,Entry long,2025-09-11 09:30,[CC] BUY NY,23977.5,2,959100,-59,-0.01,9,0,0.00,-54.5,-0.01,106566.5,42.63,0
2222,Exit long,2025-09-12 09:30,NQ09B BUY NY STOP,24039.75,2,961640,-59,-0.01,9,0,0.00,-54.5,-0.01,106507.5,42.60,0
2222,Entry long,2025-09-12 09:30,[CC] BUY NY,24041,2,961640,-59,-0.01,9,0,0.00,-54.5,-0.01,106507.5,42.60,0
2223,Exit long,2025-09-14 18:00,NQ09B BUY WEEKLY STOP,24114.25,2,964620,-59,-0.01,9,275.5,0.03,-54.5,-0.01,106448.5,42.58,0
2223,Entry long,2025-09-14 18:00,[CC] BUY WEEKLY,24115.5,2,964620,-59,-0.01,9,275.5,0.03,-54.5,-0.01,106448.5,42.58,0
2224,Exit long,2025-09-15 09:30,NQ09B BUY NY STOP,24176.75,2,967120,-59,-0.01,9,0,0.00,-54.5,-0.01,106389.5,42.56,0
2224,Entry long,2025-09-15 09:30,[CC] BUY NY,24178,2,967120,-59,-0.01,9,0,0.00,-54.5,-0.01,106389.5,42.56,0
2225,Exit long,2025-09-16 09:30,NQ09B BUY NY STOP,24587.25,2,983540,-59,-0.01,9,475.5,0.05,-54.5,-0.01,106330.5,42.53,0
2225,Entry long,2025-09-16 09:30,[CC] BUY NY,24588.5,2,983540,-59,-0.01,9,475.5,0.05,-54.5,-0.01,106330.5,42.53,0
2226,Exit long,2025-09-17 09:30,NQ09B BUY NY N130 TP2,24537.25,2,980850,631,0.06,9,635.5,0.06,-14.5,0.00,106961.5,42.78,0
2226,Entry long,2025-09-17 09:30,[CC] BUY NY,24521.25,2,980850,631,0.06,9,635.5,0.06,-14.5,0.00,106961.5,42.78,0
2227,Exit long,2025-09-17 18:00,NQ09B BUY WEEKDAY 1800 STOP,24497.5,1,489975,-29.5,-0.01,4.5,0,0.00,-27.25,-0.01,106932,42.77,0
2227,Entry long,2025-09-17 18:00,[CC] BUY WEAK,24498.75,1,489975,-29.5,-0.01,4.5,0,0.00,-27.25,-0.01,106932,42.77,0
2228,Exit long,2025-09-18 09:30,NQ09B BUY NY STOP,24678.5,2,987190,-59,-0.01,9,0,0.00,-54.5,-0.01,106873,42.75,0
2228,Entry long,2025-09-18 09:30,[CC] BUY NY,24679.75,2,987190,-59,-0.01,9,0,0.00,-54.5,-0.01,106873,42.75,0
2229,Exit long,2025-09-19 09:30,NQ09B BUY NY STOP,24766.75,2,990720,-59,-0.01,9,605.5,0.06,-54.5,-0.01,106814,42.73,0
2229,Entry long,2025-09-19 09:30,[CC] BUY NY,24768,2,990720,-59,-0.01,9,605.5,0.06,-54.5,-0.01,106814,42.73,0
2230,Exit long,2025-09-21 18:00,NQ09B BUY WEEKLY STOP,24849,2,994010,-59,-0.01,9,0,0.00,-54.5,-0.01,106755,42.70,0
2230,Entry long,2025-09-21 18:00,[CC] BUY WEEKLY,24850.25,2,994010,-59,-0.01,9,0,0.00,-54.5,-0.01,106755,42.70,0
2231,Exit long,2025-09-22 09:30,NQ09B BUY NY STOP,24814.5,2,992630,-59,-0.01,9,0,0.00,-54.5,-0.01,106696,42.68,0
2231,Entry long,2025-09-22 09:30,[CC] BUY NY,24815.75,2,992630,-59,-0.01,9,0,0.00,-54.5,-0.01,106696,42.68,0
2232,Exit long,2025-09-23 09:30,NQ09B BUY NY STOP,25000,2,1000050,-59,-0.01,9,335.5,0.03,-54.5,-0.01,106637,42.65,0
2232,Entry long,2025-09-23 09:30,[CC] BUY NY,25001.25,2,1000050,-59,-0.01,9,335.5,0.03,-54.5,-0.01,106637,42.65,0
2233,Exit long,2025-09-24 09:30,NQ09B BUY NY STOP,24884.25,2,995420,-59,-0.01,9,545.5,0.05,-54.5,-0.01,106578,42.63,0
2233,Entry long,2025-09-24 09:30,[CC] BUY NY,24885.5,2,995420,-59,-0.01,9,545.5,0.05,-54.5,-0.01,106578,42.63,0
2234,Exit long,2025-09-25 09:30,NQ09B BUY NY STOP,24575.25,2,983060,-59,-0.01,9,85.5,0.01,-54.5,-0.01,106519,42.61,0
2234,Entry long,2025-09-25 09:30,[CC] BUY NY,24576.5,2,983060,-59,-0.01,9,85.5,0.01,-54.5,-0.01,106519,42.61,0
2235,Exit long,2025-09-25 18:00,NQ09B BUY WEEKDAY 1800 STOP,24641.5,1,492855,-29.5,-0.01,4.5,82.75,0.02,-27.25,-0.01,106489.5,42.60,0
2235,Entry long,2025-09-25 18:00,[CC] BUY WEAK,24642.75,1,492855,-29.5,-0.01,4.5,82.75,0.02,-27.25,-0.01,106489.5,42.60,0
2236,Exit long,2025-09-26 09:30,NQ09B BUY NY N130 TP2,24670.5,2,986180,631,0.06,9,635.5,0.06,-14.5,0.00,107120.5,42.85,0
2236,Entry long,2025-09-26 09:30,[CC] BUY NY,24654.5,2,986180,631,0.06,9,635.5,0.06,-14.5,0.00,107120.5,42.85,0
2237,Exit long,2025-09-28 18:00,NQ09B BUY WEEKLY STOP,24725.5,2,989070,-59,-0.01,9,0,0.00,-54.5,-0.01,107061.5,42.82,0
2237,Entry long,2025-09-28 18:00,[CC] BUY WEEKLY,24726.75,2,989070,-59,-0.01,9,0,0.00,-54.5,-0.01,107061.5,42.82,0
2238,Exit long,2025-09-29 09:30,NQ09B BUY NY STOP,24849.75,2,994040,-59,-0.01,9,0,0.00,-54.5,-0.01,107002.5,42.80,0
2238,Entry long,2025-09-29 09:30,[CC] BUY NY,24851,2,994040,-59,-0.01,9,0,0.00,-54.5,-0.01,107002.5,42.80,0
2239,Exit long,2025-09-29 18:00,NQ09B BUY WEEKDAY 1800 STOP,24816.75,2,992720,-59,-0.01,9,185.5,0.02,-54.5,-0.01,106943.5,42.78,0
2239,Entry long,2025-09-29 18:00,[CC] BUY PREMIUM,24818,2,992720,-59,-0.01,9,185.5,0.02,-54.5,-0.01,106943.5,42.78,0
2240,Exit long,2025-09-30 09:30,NQ09B BUY NY STOP,24819.5,2,992830,-59,-0.01,9,405.5,0.04,-54.5,-0.01,106884.5,42.75,0
2240,Entry long,2025-09-30 09:30,[CC] BUY NY,24820.75,2,992830,-59,-0.01,9,405.5,0.04,-54.5,-0.01,106884.5,42.75,0
2241,Exit long,2025-09-30 18:00,NQ09B BUY WEEKDAY 1800 STOP,24842,2,993730,-59,-0.01,9,0,0.00,-54.5,-0.01,106825.5,42.73,0
2241,Entry long,2025-09-30 18:00,[CC] BUY PREMIUM,24843.25,2,993730,-59,-0.01,9,0,0.00,-54.5,-0.01,106825.5,42.73,0
2242,Exit long,2025-10-01 09:30,NQ09B BUY NY STOP,24762,2,990530,-59,-0.01,9,0,0.00,-54.5,-0.01,106766.5,42.71,0
2242,Entry long,2025-10-01 09:30,[CC] BUY NY,24763.25,2,990530,-59,-0.01,9,0,0.00,-54.5,-0.01,106766.5,42.71,0
2243,Exit long,2025-10-02 09:30,NQ09B BUY NY STOP,25164.25,2,1006620,-59,-0.01,9,135.5,0.01,-54.5,-0.01,106707.5,42.68,0
2243,Entry long,2025-10-02 09:30,[CC] BUY NY,25165.5,2,1006620,-59,-0.01,9,135.5,0.01,-54.5,-0.01,106707.5,42.68,0
2244,Exit long,2025-10-03 09:30,NQ09B BUY NY STOP,25132.5,2,1005350,-59,-0.01,9,0,0.00,-54.5,-0.01,106648.5,42.66,0
2244,Entry long,2025-10-03 09:30,[CC] BUY NY,25133.75,2,1005350,-59,-0.01,9,0,0.00,-54.5,-0.01,106648.5,42.66,0
2245,Exit long,2025-10-05 18:00,NQ09B BUY WEEKLY STOP,24999,2,1000010,-59,-0.01,9,0,0.00,-54.5,-0.01,106589.5,42.64,0
2245,Entry long,2025-10-05 18:00,[CC] BUY WEEKLY,25000.25,2,1000010,-59,-0.01,9,0,0.00,-54.5,-0.01,106589.5,42.64,0
2246,Exit long,2025-10-06 09:30,NQ09B BUY NY STOP,25213.25,2,1008580,-59,-0.01,9,285.5,0.03,-54.5,-0.01,106530.5,42.61,0
2246,Entry long,2025-10-06 09:30,[CC] BUY NY,25214.5,2,1008580,-59,-0.01,9,285.5,0.03,-54.5,-0.01,106530.5,42.61,0
2247,Exit long,2025-10-07 09:30,NQ09B BUY NY STOP,25236,2,1009490,-59,-0.01,9,405.5,0.04,-54.5,-0.01,106471.5,42.59,0
2247,Entry long,2025-10-07 09:30,[CC] BUY NY,25237.25,2,1009490,-59,-0.01,9,405.5,0.04,-54.5,-0.01,106471.5,42.59,0
2248,Exit long,2025-10-08 09:30,NQ09B BUY NY STOP,25078.75,2,1003200,-59,-0.01,9,0,0.00,-54.5,-0.01,106412.5,42.57,0
2248,Entry long,2025-10-08 09:30,[CC] BUY NY,25080,2,1003200,-59,-0.01,9,0,0.00,-54.5,-0.01,106412.5,42.57,0
2249,Exit long,2025-10-09 09:30,NQ09B BUY NY STOP,25328,2,1013170,-59,-0.01,9,215.5,0.02,-54.5,-0.01,106353.5,42.54,0
2249,Entry long,2025-10-09 09:30,[CC] BUY NY,25329.25,2,1013170,-59,-0.01,9,215.5,0.02,-54.5,-0.01,106353.5,42.54,0
2250,Exit long,2025-10-10 09:30,NQ09B BUY NY STOP,25312,2,1012530,-59,-0.01,9,0,0.00,-54.5,-0.01,106294.5,42.52,0
2250,Entry long,2025-10-10 09:30,[CC] BUY NY,25313.25,2,1012530,-59,-0.01,9,0,0.00,-54.5,-0.01,106294.5,42.52,0
2251,Exit long,2025-10-12 18:00,NQ09B BUY WEEKLY W80,24552.25,2,981690,391,0.04,9,395.5,0.04,-14.5,0.00,106685.5,42.67,0
2251,Entry long,2025-10-12 18:00,[CC] BUY WEEKLY,24542.25,2,981690,391,0.04,9,395.5,0.04,-14.5,0.00,106685.5,42.67,0
2252,Exit long,2025-10-13 09:30,NQ09B BUY NY N130 TP2,24841,2,993000,631,0.06,9,635.5,0.06,-14.5,0.00,107316.5,42.93,0
2252,Entry long,2025-10-13 09:30,[CC] BUY NY,24825,2,993000,631,0.06,9,635.5,0.06,-14.5,0.00,107316.5,42.93,0
2253,Exit long,2025-10-14 09:30,NQ09B BUY NY STOP,24637.75,2,985560,-59,-0.01,9,95.5,0.01,-54.5,-0.01,107257.5,42.90,0
2253,Entry long,2025-10-14 09:30,[CC] BUY NY,24639,2,985560,-59,-0.01,9,95.5,0.01,-54.5,-0.01,107257.5,42.90,0
2254,Exit long,2025-10-14 18:00,NQ09B BUY WEEKDAY 1800 STOP,24753,1,495085,-29.5,-0.01,4.5,0,0.00,-27.25,-0.01,107228,42.89,0
2254,Entry long,2025-10-14 18:00,[CC] BUY WEAK,24754.25,1,495085,-29.5,-0.01,4.5,0,0.00,-27.25,-0.01,107228,42.89,0
2255,Exit long,2025-10-15 09:30,NQ09B BUY NY STOP,25001.5,2,1000110,-59,-0.01,9,25.5,0.00,-54.5,-0.01,107169,42.87,0
2255,Entry long,2025-10-15 09:30,[CC] BUY NY,25002.75,2,1000110,-59,-0.01,9,25.5,0.00,-54.5,-0.01,107169,42.87,0
2256,Exit long,2025-10-15 18:00,NQ09B BUY WEEKDAY 1800 D80,24947.25,1,498745,195.5,0.04,4.5,197.75,0.04,-17.25,0.00,107364.5,42.95,0
2256,Entry long,2025-10-15 18:00,[CC] BUY WEAK,24937.25,1,498745,195.5,0.04,4.5,197.75,0.04,-17.25,0.00,107364.5,42.95,0
2257,Exit long,2025-10-16 09:30,NQ09B BUY NY STOP,25044.25,2,1001820,-59,-0.01,9,0,0.00,-54.5,-0.01,107305.5,42.92,0
2257,Entry long,2025-10-16 09:30,[CC] BUY NY,25045.5,2,1001820,-59,-0.01,9,0,0.00,-54.5,-0.01,107305.5,42.92,0
2258,Exit long,2025-10-16 18:00,NQ09B BUY WEEKDAY 1800 STOP,24792.75,1,495880,-29.5,-0.01,4.5,0,0.00,-27.25,-0.01,107276,42.91,0
2258,Entry long,2025-10-16 18:00,[CC] BUY WEAK,24794,1,495880,-29.5,-0.01,4.5,0,0.00,-27.25,-0.01,107276,42.91,0
2259,Exit long,2025-10-17 09:30,NQ09B BUY NY STOP,24735.25,2,989460,-59,-0.01,9,0,0.00,-54.5,-0.01,107217,42.89,0
2259,Entry long,2025-10-17 09:30,[CC] BUY NY,24736.5,2,989460,-59,-0.01,9,0,0.00,-54.5,-0.01,107217,42.89,0
2260,Exit long,2025-10-19 18:00,NQ09B BUY WEEKLY STOP,25064.75,2,1002640,-59,-0.01,9,0,0.00,-54.5,-0.01,107158,42.86,0
2260,Entry long,2025-10-19 18:00,[CC] BUY WEEKLY,25066,2,1002640,-59,-0.01,9,0,0.00,-54.5,-0.01,107158,42.86,0
2261,Exit long,2025-10-20 09:30,NQ09B BUY NY STOP,25118,2,1004770,-59,-0.01,9,0,0.00,-54.5,-0.01,107099,42.84,0
2261,Entry long,2025-10-20 09:30,[CC] BUY NY,25119.25,2,1004770,-59,-0.01,9,0,0.00,-54.5,-0.01,107099,42.84,0
2262,Exit long,2025-10-21 09:30,NQ09B BUY NY STOP,25299.75,2,1012040,-59,-0.01,9,135.5,0.01,-54.5,-0.01,107040,42.82,0
2262,Entry long,2025-10-21 09:30,[CC] BUY NY,25301,2,1012040,-59,-0.01,9,135.5,0.01,-54.5,-0.01,107040,42.82,0
2263,Exit long,2025-10-22 09:30,NQ09B BUY NY STOP,25264.5,2,1010630,-59,-0.01,9,225.5,0.02,-54.5,-0.01,106981,42.79,0
2263,Entry long,2025-10-22 09:30,[CC] BUY NY,25265.75,2,1010630,-59,-0.01,9,225.5,0.02,-54.5,-0.01,106981,42.79,0
2264,Exit long,2025-10-22 18:00,NQ09B BUY WEEKDAY 1800 STOP,25011.25,1,500250,-29.5,-0.01,4.5,0,0.00,-27.25,-0.01,106951.5,42.78,0
2264,Entry long,2025-10-22 18:00,[CC] BUY WEAK,25012.5,1,500250,-29.5,-0.01,4.5,0,0.00,-27.25,-0.01,106951.5,42.78,0
2265,Exit long,2025-10-23 09:30,NQ09B BUY NY STOP,25015.25,2,1000660,-59,-0.01,9,0,0.00,-54.5,-0.01,106892.5,42.76,0
2265,Entry long,2025-10-23 09:30,[CC] BUY NY,25016.5,2,1000660,-59,-0.01,9,0,0.00,-54.5,-0.01,106892.5,42.76,0
2266,Exit long,2025-10-23 18:00,NQ09B BUY WEEKDAY 1800 STOP,25282.25,1,505670,-29.5,-0.01,4.5,0,0.00,-27.25,-0.01,106863,42.75,0
2266,Entry long,2025-10-23 18:00,[CC] BUY WEAK,25283.5,1,505670,-29.5,-0.01,4.5,0,0.00,-27.25,-0.01,106863,42.75,0
2267,Exit long,2025-10-24 09:30,NQ09B BUY NY N130 TP2,25482.75,2,1018670,631,0.06,9,635.5,0.06,-14.5,0.00,107494,43.00,0
2267,Entry long,2025-10-24 09:30,[CC] BUY NY,25466.75,2,1018670,631,0.06,9,635.5,0.06,-14.5,0.00,107494,43.00,0
2268,Exit long,2025-10-26 18:00,NQ09B BUY WEEKLY STOP,25722.5,2,1028950,-59,-0.01,9,0,0.00,-54.5,-0.01,107435,42.97,0
2268,Entry long,2025-10-26 18:00,[CC] BUY WEEKLY,25723.75,2,1028950,-59,-0.01,9,0,0.00,-54.5,-0.01,107435,42.97,0
2269,Exit long,2025-10-27 09:30,NQ09B BUY NY STOP,25814.75,2,1032640,-59,-0.01,9,0,0.00,-54.5,-0.01,107376,42.95,0
2269,Entry long,2025-10-27 09:30,[CC] BUY NY,25816,2,1032640,-59,-0.01,9,0,0.00,-54.5,-0.01,107376,42.95,0
2270,Exit long,2025-10-28 09:30,NQ09B BUY NY STOP,26050.5,2,1042070,-59,-0.01,9,0,0.00,-54.5,-0.01,107317,42.93,0
2270,Entry long,2025-10-28 09:30,[CC] BUY NY,26051.75,2,1042070,-59,-0.01,9,0,0.00,-54.5,-0.01,107317,42.93,0
2271,Exit long,2025-10-29 09:30,NQ09B BUY NY STOP,26265,2,1050650,-59,-0.01,9,0,0.00,-54.5,-0.01,107258,42.90,0
2271,Entry long,2025-10-29 09:30,[CC] BUY NY,26266.25,2,1050650,-59,-0.01,9,0,0.00,-54.5,-0.01,107258,42.90,0
2272,Exit long,2025-10-29 18:00,NQ09B BUY WEEKDAY 1800 STOP,26153.5,2,1046190,-59,-0.01,9,0,0.00,-54.5,-0.01,107199,42.88,0
2272,Entry long,2025-10-29 18:00,[CC] BUY PREMIUM,26154.75,2,1046190,-59,-0.01,9,0,0.00,-54.5,-0.01,107199,42.88,0
2273,Exit long,2025-10-30 09:30,NQ09B BUY NY STOP,26124.25,2,1045020,-59,-0.01,9,75.5,0.01,-54.5,-0.01,107140,42.86,0
2273,Entry long,2025-10-30 09:30,[CC] BUY NY,26125.5,2,1045020,-59,-0.01,9,75.5,0.01,-54.5,-0.01,107140,42.86,0
2274,Exit long,2025-10-30 18:00,NQ09B BUY WEEKDAY 1800 D80,26160.75,2,1046030,391,0.04,9,395.5,0.04,-24.5,0.00,107531,43.01,0
2274,Entry long,2025-10-30 18:00,[CC] BUY PREMIUM,26150.75,2,1046030,391,0.04,9,395.5,0.04,-24.5,0.00,107531,43.01,0
2275,Exit long,2025-10-31 09:30,NQ09B BUY NY STOP,26198.25,2,1047980,-59,-0.01,9,0,0.00,-54.5,-0.01,107472,42.99,0
2275,Entry long,2025-10-31 09:30,[CC] BUY NY,26199.5,2,1047980,-59,-0.01,9,0,0.00,-54.5,-0.01,107472,42.99,0
2276,Exit long,2025-11-02 18:00,NQ09B BUY WEEKLY STOP,26027.25,2,1041140,-59,-0.01,9,0,0.00,-54.5,-0.01,107413,42.97,0
2276,Entry long,2025-11-02 18:00,[CC] BUY WEEKLY,26028.5,2,1041140,-59,-0.01,9,0,0.00,-54.5,-0.01,107413,42.97,0
2277,Exit long,2025-11-03 09:30,NQ09B BUY NY STOP,26234.75,2,1049440,-59,-0.01,9,0,0.00,-54.5,-0.01,107354,42.94,0
2277,Entry long,2025-11-03 09:30,[CC] BUY NY,26236,2,1049440,-59,-0.01,9,0,0.00,-54.5,-0.01,107354,42.94,0
2278,Exit long,2025-11-04 09:30,NQ09B BUY NY STOP,25741,2,1029690,-59,-0.01,9,565.5,0.05,-54.5,-0.01,107295,42.92,0
2278,Entry long,2025-11-04 09:30,[CC] BUY NY,25742.25,2,1029690,-59,-0.01,9,565.5,0.05,-54.5,-0.01,107295,42.92,0
2279,Exit long,2025-11-04 18:00,NQ09B BUY WEEKDAY 1800 STOP,25544,1,510905,-29.5,-0.01,4.5,0,0.00,-27.25,-0.01,107265.5,42.91,0
2279,Entry long,2025-11-04 18:00,[CC] BUY WEAK,25545.25,1,510905,-29.5,-0.01,4.5,0,0.00,-27.25,-0.01,107265.5,42.91,0
2280,Exit long,2025-11-05 09:30,NQ09B BUY NY N130 TP2,25558.5,2,1021700,631,0.06,9,635.5,0.06,-14.5,0.00,107896.5,43.16,0
2280,Entry long,2025-11-05 09:30,[CC] BUY NY,25542.5,2,1021700,631,0.06,9,635.5,0.06,-14.5,0.00,107896.5,43.16,0
2281,Exit long,2025-11-06 09:30,NQ09B BUY NY STOP,25673,2,1026970,-59,-0.01,9,455.5,0.04,-54.5,-0.01,107837.5,43.14,0
2281,Entry long,2025-11-06 09:30,[CC] BUY NY,25674.25,2,1026970,-59,-0.01,9,455.5,0.04,-54.5,-0.01,107837.5,43.14,0
2282,Exit long,2025-11-06 18:00,NQ09B BUY WEEKDAY 1800 STOP,25313.75,2,1012600,-59,-0.01,9,0,0.00,-54.5,-0.01,107778.5,43.11,0
2282,Entry long,2025-11-06 18:00,[CC] BUY PREMIUM,25315,2,1012600,-59,-0.01,9,0,0.00,-54.5,-0.01,107778.5,43.11,0
2283,Exit long,2025-11-07 09:30,NQ09B BUY NY STOP,25109.5,2,1004430,-59,-0.01,9,5.5,0.00,-54.5,-0.01,107719.5,43.09,0
2283,Entry long,2025-11-07 09:30,[CC] BUY NY,25110.75,2,1004430,-59,-0.01,9,5.5,0.00,-54.5,-0.01,107719.5,43.09,0
2284,Exit long,2025-11-09 18:00,NQ09B BUY WEEKLY W80,25331,2,1012840,391,0.04,9,395.5,0.04,-14.5,0.00,108110.5,43.24,0
2284,Entry long,2025-11-09 18:00,[CC] BUY WEEKLY,25321,2,1012840,391,0.04,9,395.5,0.04,-14.5,0.00,108110.5,43.24,0
2285,Exit long,2025-11-10 09:30,NQ09B BUY NY STOP,25537.75,2,1021560,-59,-0.01,9,0,0.00,-54.5,-0.01,108051.5,43.22,0
2285,Entry long,2025-11-10 09:30,[CC] BUY NY,25539,2,1021560,-59,-0.01,9,0,0.00,-54.5,-0.01,108051.5,43.22,0
2286,Exit long,2025-11-11 09:30,NQ09B BUY NY STOP,25604,2,1024210,-59,-0.01,9,0,0.00,-54.5,-0.01,107992.5,43.20,0
2286,Entry long,2025-11-11 09:30,[CC] BUY NY,25605.25,2,1024210,-59,-0.01,9,0,0.00,-54.5,-0.01,107992.5,43.20,0
2287,Exit long,2025-11-12 09:30,NQ09B BUY NY STOP,25777.5,2,1031150,-59,-0.01,9,75.5,0.01,-54.5,-0.01,107933.5,43.17,0
2287,Entry long,2025-11-12 09:30,[CC] BUY NY,25778.75,2,1031150,-59,-0.01,9,75.5,0.01,-54.5,-0.01,107933.5,43.17,0
2288,Exit long,2025-11-13 09:30,NQ09B BUY NY N130 TP2,25493.5,2,1019100,631,0.06,9,635.5,0.06,-14.5,0.00,108564.5,43.43,0
2288,Entry long,2025-11-13 09:30,[CC] BUY NY,25477.5,2,1019100,631,0.06,9,635.5,0.06,-14.5,0.00,108564.5,43.43,0
2289,Exit long,2025-11-13 18:00,NQ09B BUY WEEKDAY 1800 STOP,25094.25,1,501910,-29.5,-0.01,4.5,0,0.00,-27.25,-0.01,108535,43.41,0
2289,Entry long,2025-11-13 18:00,[CC] BUY WEAK,25095.5,1,501910,-29.5,-0.01,4.5,0,0.00,-27.25,-0.01,108535,43.41,0
2290,Exit long,2025-11-14 09:30,NQ09B BUY NY N130 TP2,24739.75,2,988950,631,0.06,9,635.5,0.06,-14.5,0.00,109166,43.67,0
2290,Entry long,2025-11-14 09:30,[CC] BUY NY,24723.75,2,988950,631,0.06,9,635.5,0.06,-14.5,0.00,109166,43.67,0
2291,Exit long,2025-11-16 18:00,NQ09B BUY WEEKLY STOP,25141.25,2,1005700,-59,-0.01,9,75.5,0.01,-54.5,-0.01,109107,43.64,0
2291,Entry long,2025-11-16 18:00,[CC] BUY WEEKLY,25142.5,2,1005700,-59,-0.01,9,75.5,0.01,-54.5,-0.01,109107,43.64,0
2292,Exit long,2025-11-17 09:30,NQ09B BUY NY STOP,24996.75,2,999920,-59,-0.01,9,0,0.00,-54.5,-0.01,109048,43.62,0
2292,Entry long,2025-11-17 09:30,[CC] BUY NY,24998,2,999920,-59,-0.01,9,0,0.00,-54.5,-0.01,109048,43.62,0
2293,Exit long,2025-11-17 18:00,NQ09B BUY WEEKDAY 1800 STOP,24904.5,1,498115,-29.5,-0.01,4.5,0,0.00,-27.25,-0.01,109018.5,43.61,0
2293,Entry long,2025-11-17 18:00,[CC] BUY WEAK,24905.75,1,498115,-29.5,-0.01,4.5,0,0.00,-27.25,-0.01,109018.5,43.61,0
2294,Exit long,2025-11-18 09:30,NQ09B BUY NY STOP,24717.25,2,988740,-59,-0.01,9,0,0.00,-54.5,-0.01,108959.5,43.58,0
2294,Entry long,2025-11-18 09:30,[CC] BUY NY,24718.5,2,988740,-59,-0.01,9,0,0.00,-54.5,-0.01,108959.5,43.58,0
2295,Exit long,2025-11-18 18:00,NQ09B BUY WEEKDAY 1800 STOP,24550,2,982050,-59,-0.01,9,0,0.00,-54.5,-0.01,108900.5,43.56,0
2295,Entry long,2025-11-18 18:00,[CC] BUY PREMIUM,24551.25,2,982050,-59,-0.01,9,0,0.00,-54.5,-0.01,108900.5,43.56,0
2296,Exit long,2025-11-19 09:30,NQ09B BUY NY STOP,24610.5,2,984470,-59,-0.01,9,0,0.00,-54.5,-0.01,108841.5,43.54,0
2296,Entry long,2025-11-19 09:30,[CC] BUY NY,24611.75,2,984470,-59,-0.01,9,0,0.00,-54.5,-0.01,108841.5,43.54,0
2297,Exit long,2025-11-19 18:00,NQ09B BUY WEEKDAY 1800 STOP,24965.75,2,998680,-59,-0.01,9,0,0.00,-54.5,-0.01,108782.5,43.51,0
2297,Entry long,2025-11-19 18:00,[CC] BUY PREMIUM,24967,2,998680,-59,-0.01,9,0,0.00,-54.5,-0.01,108782.5,43.51,0
2298,Exit long,2025-11-20 09:30,NQ09B BUY NY N130 TP2,25227.75,2,1008470,631,0.06,9,635.5,0.06,-14.5,0.00,109413.5,43.77,0
2298,Entry long,2025-11-20 09:30,[CC] BUY NY,25211.75,2,1008470,631,0.06,9,635.5,0.06,-14.5,0.00,109413.5,43.77,0
2299,Exit long,2025-11-20 18:00,NQ09B BUY WEEKDAY 1800 D80,24120.25,2,964410,391,0.04,9,395.5,0.04,-14.5,0.00,109804.5,43.92,0
2299,Entry long,2025-11-20 18:00,[CC] BUY PREMIUM,24110.25,2,964410,391,0.04,9,395.5,0.04,-14.5,0.00,109804.5,43.92,0
2300,Exit long,2025-11-21 09:30,NQ09B BUY NY STOP,24202.5,2,968150,-59,-0.01,9,0,0.00,-54.5,-0.01,109745.5,43.90,0
2300,Entry long,2025-11-21 09:30,[CC] BUY NY,24203.75,2,968150,-59,-0.01,9,0,0.00,-54.5,-0.01,109745.5,43.90,0
2301,Exit long,2025-11-23 18:00,NQ09B BUY WEEKLY W80,24466,2,978240,391,0.04,9,395.5,0.04,-14.5,0.00,110136.5,44.05,0
2301,Entry long,2025-11-23 18:00,[CC] BUY WEEKLY,24456,2,978240,391,0.04,9,395.5,0.04,-14.5,0.00,110136.5,44.05,0
2302,Exit long,2025-11-24 09:30,NQ09B BUY NY STOP,24521.25,2,980900,-59,-0.01,9,0,0.00,-54.5,-0.01,110077.5,44.03,0
2302,Entry long,2025-11-24 09:30,[CC] BUY NY,24522.5,2,980900,-59,-0.01,9,0,0.00,-54.5,-0.01,110077.5,44.03,0
2303,Exit long,2025-11-25 09:30,NQ09B BUY NY N130 TP2,24873.5,2,994300,631,0.06,9,635.5,0.06,-14.5,0.00,110708.5,44.28,0
2303,Entry long,2025-11-25 09:30,[CC] BUY NY,24857.5,2,994300,631,0.06,9,635.5,0.06,-14.5,0.00,110708.5,44.28,0
2304,Exit long,2025-11-26 09:30,NQ09B BUY NY STOP,25221.25,2,1008900,-59,-0.01,9,0,0.00,-54.5,-0.01,110649.5,44.26,0
2304,Entry long,2025-11-26 09:30,[CC] BUY NY,25222.5,2,1008900,-59,-0.01,9,0,0.00,-54.5,-0.01,110649.5,44.26,0
2305,Exit long,2025-11-27 09:30,NQ09B BUY NY N130 TP2,25317.75,2,1012070,631,0.06,9,635.5,0.06,-24.5,0.00,111280.5,44.51,0
2305,Entry long,2025-11-27 09:30,[CC] BUY NY,25301.75,2,1012070,631,0.06,9,635.5,0.06,-24.5,0.00,111280.5,44.51,0
2306,Exit long,2025-11-28 09:30,NQ09B BUY NY STOP,25357,2,1014330,-59,-0.01,9,0,0.00,-54.5,-0.01,111221.5,44.49,0
2306,Entry long,2025-11-28 09:30,[CC] BUY NY,25358.25,2,1014330,-59,-0.01,9,0,0.00,-54.5,-0.01,111221.5,44.49,0
2307,Exit long,2025-11-30 18:00,NQ09B BUY WEEKLY STOP,25481.5,2,1019310,-59,-0.01,9,0,0.00,-54.5,-0.01,111162.5,44.47,0
2307,Entry long,2025-11-30 18:00,[CC] BUY WEEKLY,25482.75,2,1019310,-59,-0.01,9,0,0.00,-54.5,-0.01,111162.5,44.47,0
2308,Exit long,2025-12-01 09:30,NQ09B BUY NY STOP,25254,2,1010210,-59,-0.01,9,0,0.00,-54.5,-0.01,111103.5,44.44,0
2308,Entry long,2025-12-01 09:30,[CC] BUY NY,25255.25,2,1010210,-59,-0.01,9,0,0.00,-54.5,-0.01,111103.5,44.44,0
2309,Exit long,2025-12-02 09:30,NQ09B BUY NY STOP,25491.75,2,1019720,-59,-0.01,9,0,0.00,-54.5,-0.01,111044.5,44.42,0
2309,Entry long,2025-12-02 09:30,[CC] BUY NY,25493,2,1019720,-59,-0.01,9,0,0.00,-54.5,-0.01,111044.5,44.42,0
2310,Exit long,2025-12-03 09:30,NQ09B BUY NY STOP,25494.25,2,1019820,-59,-0.01,9,0,0.00,-54.5,-0.01,110985.5,44.39,0
2310,Entry long,2025-12-03 09:30,[CC] BUY NY,25495.5,2,1019820,-59,-0.01,9,0,0.00,-54.5,-0.01,110985.5,44.39,0
2311,Exit long,2025-12-04 09:30,NQ09B BUY NY STOP,25711,2,1028490,-59,-0.01,9,25.5,0.00,-54.5,-0.01,110926.5,44.37,0
2311,Entry long,2025-12-04 09:30,[CC] BUY NY,25712.25,2,1028490,-59,-0.01,9,25.5,0.00,-54.5,-0.01,110926.5,44.37,0
2312,Exit long,2025-12-05 09:30,NQ09B BUY NY STOP,25679,2,1027210,-59,-0.01,9,0,0.00,-54.5,-0.01,110867.5,44.35,0
2312,Entry long,2025-12-05 09:30,[CC] BUY NY,25680.25,2,1027210,-59,-0.01,9,0,0.00,-54.5,-0.01,110867.5,44.35,0
2313,Exit long,2025-12-07 18:00,NQ09B BUY WEEKLY W80,25760.25,2,1030010,391,0.04,9,395.5,0.04,-14.5,0.00,111258.5,44.50,0
2313,Entry long,2025-12-07 18:00,[CC] BUY WEEKLY,25750.25,2,1030010,391,0.04,9,395.5,0.04,-14.5,0.00,111258.5,44.50,0
2314,Exit long,2025-12-08 09:30,NQ09B BUY NY STOP,25790,2,1031650,-59,-0.01,9,0,0.00,-54.5,-0.01,111199.5,44.48,0
2314,Entry long,2025-12-08 09:30,[CC] BUY NY,25791.25,2,1031650,-59,-0.01,9,0,0.00,-54.5,-0.01,111199.5,44.48,0
2315,Exit long,2025-12-08 18:00,NQ09B BUY WEEKDAY 1800 D80,25723.25,2,1028530,391,0.04,9,395.5,0.04,-14.5,0.00,111590.5,44.64,0
2315,Entry long,2025-12-08 18:00,[CC] BUY PREMIUM,25713.25,2,1028530,391,0.04,9,395.5,0.04,-14.5,0.00,111590.5,44.64,0
2316,Exit long,2025-12-09 09:30,NQ09B BUY NY N130 TP2,25634.75,2,1024750,631,0.06,9,635.5,0.06,-14.5,0.00,112221.5,44.89,0
2316,Entry long,2025-12-09 09:30,[CC] BUY NY,25618.75,2,1024750,631,0.06,9,635.5,0.06,-14.5,0.00,112221.5,44.89,0
2317,Exit long,2025-12-10 09:30,NQ09B BUY NY N130 TP2,25663.5,2,1025900,631,0.06,9,635.5,0.06,-14.5,0.00,112852.5,45.14,0
2317,Entry long,2025-12-10 09:30,[CC] BUY NY,25647.5,2,1025900,631,0.06,9,635.5,0.06,-14.5,0.00,112852.5,45.14,0
2318,Exit long,2025-12-11 09:30,NQ09B BUY NY STOP,25642.5,2,1025750,-59,-0.01,9,255.5,0.02,-54.5,-0.01,112793.5,45.12,0
2318,Entry long,2025-12-11 09:30,[CC] BUY NY,25643.75,2,1025750,-59,-0.01,9,255.5,0.02,-54.5,-0.01,112793.5,45.12,0
2319,Exit long,2025-12-11 18:00,NQ09B BUY WEEKDAY 1800 STOP,25700,2,1028050,-59,-0.01,9,0,0.00,-54.5,-0.01,112734.5,45.09,0
2319,Entry long,2025-12-11 18:00,[CC] BUY PREMIUM,25701.25,2,1028050,-59,-0.01,9,0,0.00,-54.5,-0.01,112734.5,45.09,0
2320,Exit long,2025-12-12 09:30,NQ09B BUY NY N130 TP2,25576.5,2,1022420,631,0.06,9,635.5,0.06,-14.5,0.00,113365.5,45.35,0
2320,Entry long,2025-12-12 09:30,[CC] BUY NY,25560.5,2,1022420,631,0.06,9,635.5,0.06,-14.5,0.00,113365.5,45.35,0
2321,Exit long,2025-12-14 18:00,NQ09B BUY WEEKLY W80,25233.75,2,1008950,391,0.04,9,395.5,0.04,-14.5,0.00,113756.5,45.50,0
2321,Entry long,2025-12-14 18:00,[CC] BUY WEEKLY,25223.75,2,1008950,391,0.04,9,395.5,0.04,-14.5,0.00,113756.5,45.50,0
2322,Exit long,2025-12-15 09:30,NQ09B BUY NY STOP,25407,2,1016330,-59,-0.01,9,65.5,0.01,-54.5,-0.01,113697.5,45.48,0
2322,Entry long,2025-12-15 09:30,[CC] BUY NY,25408.25,2,1016330,-59,-0.01,9,65.5,0.01,-54.5,-0.01,113697.5,45.48,0
2323,Exit long,2025-12-16 09:30,NQ09B BUY NY STOP,25231,2,1009290,-59,-0.01,9,0,0.00,-54.5,-0.01,113638.5,45.46,0
2323,Entry long,2025-12-16 09:30,[CC] BUY NY,25232.25,2,1009290,-59,-0.01,9,0,0.00,-54.5,-0.01,113638.5,45.46,0
2324,Exit long,2025-12-17 09:30,NQ09B BUY NY N130 TP2,25438.75,2,1016910,631,0.06,9,635.5,0.06,-14.5,0.00,114269.5,45.71,0
2324,Entry long,2025-12-17 09:30,[CC] BUY NY,25422.75,2,1016910,631,0.06,9,635.5,0.06,-14.5,0.00,114269.5,45.71,0
2325,Exit long,2025-12-17 18:00,NQ09B BUY WEEKDAY 1800 STOP,24982.5,1,499675,-29.5,-0.01,4.5,0,0.00,-27.25,-0.01,114240,45.70,0
2325,Entry long,2025-12-17 18:00,[CC] BUY WEAK,24983.75,1,499675,-29.5,-0.01,4.5,0,0.00,-27.25,-0.01,114240,45.70,0
2326,Exit long,2025-12-18 09:30,NQ09B BUY NY STOP,25277.75,2,1011160,-59,-0.01,9,0,0.00,-54.5,-0.01,114181,45.67,0
2326,Entry long,2025-12-18 09:30,[CC] BUY NY,25279,2,1011160,-59,-0.01,9,0,0.00,-54.5,-0.01,114181,45.67,0
2327,Exit long,2025-12-18 18:00,NQ09B BUY WEEKDAY 1800 STOP,25239,1,504805,-29.5,-0.01,4.5,0,0.00,-27.25,-0.01,114151.5,45.66,0
2327,Entry long,2025-12-18 18:00,[CC] BUY WEAK,25240.25,1,504805,-29.5,-0.01,4.5,0,0.00,-27.25,-0.01,114151.5,45.66,0
2328,Exit long,2025-12-19 09:30,NQ09B BUY NY STOP,25360.25,2,1014460,-59,-0.01,9,0,0.00,-54.5,-0.01,114092.5,45.64,0
2328,Entry long,2025-12-19 09:30,[CC] BUY NY,25361.5,2,1014460,-59,-0.01,9,0,0.00,-54.5,-0.01,114092.5,45.64,0
2329,Exit long,2025-12-21 18:00,NQ09B BUY WEEKLY W80,25645.5,2,1025420,391,0.04,9,395.5,0.04,-14.5,0.00,114483.5,45.79,0
2329,Entry long,2025-12-21 18:00,[CC] BUY WEEKLY,25635.5,2,1025420,391,0.04,9,395.5,0.04,-14.5,0.00,114483.5,45.79,0
2330,Exit long,2025-12-22 09:30,NQ09B BUY NY STOP,25779.75,2,1031240,-59,-0.01,9,545.5,0.05,-54.5,-0.01,114424.5,45.77,0
2330,Entry long,2025-12-22 09:30,[CC] BUY NY,25781,2,1031240,-59,-0.01,9,545.5,0.05,-54.5,-0.01,114424.5,45.77,0
2331,Exit long,2025-12-23 09:30,NQ09B BUY NY STOP,25643.25,2,1025780,-59,-0.01,9,0,0.00,-54.5,-0.01,114365.5,45.75,0
2331,Entry long,2025-12-23 09:30,[CC] BUY NY,25644.5,2,1025780,-59,-0.01,9,0,0.00,-54.5,-0.01,114365.5,45.75,0
2332,Exit long,2025-12-24 09:30,NQ09B BUY NY STOP,25794,2,1031810,-59,-0.01,9,0,0.00,-54.5,-0.01,114306.5,45.72,0
2332,Entry long,2025-12-24 09:30,[CC] BUY NY,25795.25,2,1031810,-59,-0.01,9,0,0.00,-54.5,-0.01,114306.5,45.72,0
2333,Exit long,2025-12-25 18:00,NQ09B BUY WEEKDAY 1800 STOP,25867,1,517365,-29.5,-0.01,4.5,0,0.00,-27.25,-0.01,114277,45.71,0
2333,Entry long,2025-12-25 18:00,[CC] BUY WEAK,25868.25,1,517365,-29.5,-0.01,4.5,0,0.00,-27.25,-0.01,114277,45.71,0
2334,Exit long,2025-12-26 09:30,NQ09B BUY NY STOP,25898,2,1035970,-59,-0.01,9,465.5,0.04,-54.5,-0.01,114218,45.69,0
2334,Entry long,2025-12-26 09:30,[CC] BUY NY,25899.25,2,1035970,-59,-0.01,9,465.5,0.04,-54.5,-0.01,114218,45.69,0
2335,Exit long,2025-12-28 18:00,NQ09B BUY WEEKLY STOP,25862.25,2,1034540,-59,-0.01,9,0,0.00,-54.5,-0.01,114159,45.66,0
2335,Entry long,2025-12-28 18:00,[CC] BUY WEEKLY,25863.5,2,1034540,-59,-0.01,9,0,0.00,-54.5,-0.01,114159,45.66,0
2336,Exit long,2025-12-29 09:30,NQ09B BUY NY N130 TP2,25723,2,1028280,631,0.06,9,635.5,0.06,-14.5,0.00,114790,45.92,0
2336,Entry long,2025-12-29 09:30,[CC] BUY NY,25707,2,1028280,631,0.06,9,635.5,0.06,-14.5,0.00,114790,45.92,0
2337,Exit long,2025-12-30 09:30,NQ09B BUY NY STOP,25691.75,2,1027720,-59,-0.01,9,0,0.00,-54.5,-0.01,114731,45.89,0
2337,Entry long,2025-12-30 09:30,[CC] BUY NY,25693,2,1027720,-59,-0.01,9,0,0.00,-54.5,-0.01,114731,45.89,0
2338,Exit long,2025-12-31 09:30,NQ09B BUY NY STOP,25677.75,2,1027160,-59,-0.01,9,515.5,0.05,-54.5,-0.01,114672,45.87,0
2338,Entry long,2025-12-31 09:30,[CC] BUY NY,25679,2,1027160,-59,-0.01,9,515.5,0.05,-54.5,-0.01,114672,45.87,0
2339,Exit long,2026-01-02 09:30,NQ09B BUY NY STOP,25686,2,1027490,-59,-0.01,9,0,0.00,-54.5,-0.01,114613,45.85,0
2339,Entry long,2026-01-02 09:30,[CC] BUY NY,25687.25,2,1027490,-59,-0.01,9,0,0.00,-54.5,-0.01,114613,45.85,0
2340,Exit long,2026-01-04 18:00,NQ09B BUY WEEKLY STOP,25430.75,2,1017280,-59,-0.01,9,0,0.00,-54.5,-0.01,114554,45.82,0
2340,Entry long,2026-01-04 18:00,[CC] BUY WEEKLY,25432,2,1017280,-59,-0.01,9,0,0.00,-54.5,-0.01,114554,45.82,0
2341,Exit long,2026-01-05 09:30,NQ09B BUY NY N130 TP2,25658.75,2,1025710,631,0.06,9,635.5,0.06,-14.5,0.00,115185,46.07,0
2341,Entry long,2026-01-05 09:30,[CC] BUY NY,25642.75,2,1025710,631,0.06,9,635.5,0.06,-14.5,0.00,115185,46.07,0
2342,Exit long,2026-01-06 09:30,NQ09B BUY NY STOP,25635,2,1025450,-59,-0.01,9,0,0.00,-54.5,-0.01,115126,46.05,0
2342,Entry long,2026-01-06 09:30,[CC] BUY NY,25636.25,2,1025450,-59,-0.01,9,0,0.00,-54.5,-0.01,115126,46.05,0
2343,Exit long,2026-01-07 09:30,NQ09B BUY NY STOP,25789.75,2,1031640,-59,-0.01,9,0,0.00,-54.5,-0.01,115067,46.03,0
2343,Entry long,2026-01-07 09:30,[CC] BUY NY,25791,2,1031640,-59,-0.01,9,0,0.00,-54.5,-0.01,115067,46.03,0
2344,Exit long,2026-01-08 09:30,NQ09B BUY NY N130 TP2,25802.75,2,1031470,631,0.06,9,635.5,0.06,-14.5,0.00,115698,46.28,0
2344,Entry long,2026-01-08 09:30,[CC] BUY NY,25786.75,2,1031470,631,0.06,9,635.5,0.06,-14.5,0.00,115698,46.28,0
2345,Exit long,2026-01-08 18:00,NQ09B BUY WEEKDAY 1800 STOP,25724,2,1029010,-59,-0.01,9,75.5,0.01,-54.5,-0.01,115639,46.26,0
2345,Entry long,2026-01-08 18:00,[CC] BUY PREMIUM,25725.25,2,1029010,-59,-0.01,9,75.5,0.01,-54.5,-0.01,115639,46.26,0
2346,Exit long,2026-01-09 09:30,NQ09B BUY NY STOP,25713,2,1028570,-59,-0.01,9,55.5,0.01,-54.5,-0.01,115580,46.23,0
2346,Entry long,2026-01-09 09:30,[CC] BUY NY,25714.25,2,1028570,-59,-0.01,9,55.5,0.01,-54.5,-0.01,115580,46.23,0
2347,Exit long,2026-01-11 18:00,NQ09B BUY WEEKLY W80,25959.25,2,1037970,391,0.04,9,395.5,0.04,-14.5,0.00,115971,46.39,0
2347,Entry long,2026-01-11 18:00,[CC] BUY WEEKLY,25949.25,2,1037970,391,0.04,9,395.5,0.04,-14.5,0.00,115971,46.39,0
2348,Exit long,2026-01-12 09:30,NQ09B BUY NY STOP,25745.25,2,1029860,-59,-0.01,9,0,0.00,-54.5,-0.01,115912,46.36,0
2348,Entry long,2026-01-12 09:30,[CC] BUY NY,25746.5,2,1029860,-59,-0.01,9,0,0.00,-54.5,-0.01,115912,46.36,0
2349,Exit long,2026-01-12 18:00,NQ09B BUY WEEKDAY 1800 STOP,25952.5,1,519075,-29.5,-0.01,4.5,2.75,0.00,-27.25,-0.01,115882.5,46.35,0
2349,Entry long,2026-01-12 18:00,[CC] BUY WEAK,25953.75,1,519075,-29.5,-0.01,4.5,2.75,0.00,-27.25,-0.01,115882.5,46.35,0
2350,Exit long,2026-01-13 09:30,NQ09B BUY NY STOP,25949.5,2,1038030,-59,-0.01,9,0,0.00,-54.5,-0.01,115823.5,46.33,0
2350,Entry long,2026-01-13 09:30,[CC] BUY NY,25950.75,2,1038030,-59,-0.01,9,0,0.00,-54.5,-0.01,115823.5,46.33,0
2351,Exit long,2026-01-14 09:30,NQ09B BUY NY N130 TP2,25756,2,1029600,631,0.06,9,635.5,0.06,-14.5,0.00,116454.5,46.58,0
2351,Entry long,2026-01-14 09:30,[CC] BUY NY,25740,2,1029600,631,0.06,9,635.5,0.06,-14.5,0.00,116454.5,46.58,0
2352,Exit long,2026-01-14 18:00,NQ09B BUY WEEKDAY 1800 STOP,25592,1,511865,-29.5,-0.01,4.5,0,0.00,-27.25,-0.01,116425,46.57,0
2352,Entry long,2026-01-14 18:00,[CC] BUY WEAK,25593.25,1,511865,-29.5,-0.01,4.5,0,0.00,-27.25,-0.01,116425,46.57,0
2353,Exit long,2026-01-15 09:30,NQ09B BUY NY N130 TP2,25941,2,1037000,631,0.06,9,635.5,0.06,-14.5,0.00,117056,46.82,0
2353,Entry long,2026-01-15 09:30,[CC] BUY NY,25925,2,1037000,631,0.06,9,635.5,0.06,-14.5,0.00,117056,46.82,0
2354,Exit long,2026-01-16 09:30,NQ09B BUY NY N130 TP2,25884.25,2,1034730,631,0.06,9,635.5,0.06,-14.5,0.00,117687,47.07,0
2354,Entry long,2026-01-16 09:30,[CC] BUY NY,25868.25,2,1034730,631,0.06,9,635.5,0.06,-14.5,0.00,117687,47.07,0
2355,Exit long,2026-01-18 18:00,NQ09B BUY WEEKLY STOP,25470,2,1018850,-59,-0.01,9,25.5,0.00,-54.5,-0.01,117628,47.05,0
2355,Entry long,2026-01-18 18:00,[CC] BUY WEEKLY,25471.25,2,1018850,-59,-0.01,9,25.5,0.00,-54.5,-0.01,117628,47.05,0
2356,Exit long,2026-01-19 09:30,NQ09B BUY NY STOP,25290.25,2,1011660,-59,-0.01,9,215.5,0.02,-54.5,-0.01,117569,47.03,0
2356,Entry long,2026-01-19 09:30,[CC] BUY NY,25291.5,2,1011660,-59,-0.01,9,215.5,0.02,-54.5,-0.01,117569,47.03,0
2357,Exit long,2026-01-19 18:00,NQ09B BUY WEEKDAY 1800 D80,25405,1,507900,195.5,0.04,4.5,197.75,0.04,-7.25,0.00,117764.5,47.11,0
2357,Entry long,2026-01-19 18:00,[CC] BUY WEAK,25395,1,507900,195.5,0.04,4.5,197.75,0.04,-7.25,0.00,117764.5,47.11,0
2358,Exit long,2026-01-20 09:30,NQ09B BUY NY STOP,25242.5,2,1009750,-59,-0.01,9,0,0.00,-54.5,-0.01,117705.5,47.08,0
2358,Entry long,2026-01-20 09:30,[CC] BUY NY,25243.75,2,1009750,-59,-0.01,9,0,0.00,-54.5,-0.01,117705.5,47.08,0
2359,Exit long,2026-01-20 18:00,NQ09B BUY WEEKDAY 1800 STOP,25148.5,1,502995,-29.5,-0.01,4.5,0,0.00,-27.25,-0.01,117676,47.07,0
2359,Entry long,2026-01-20 18:00,[CC] BUY WEAK,25149.75,1,502995,-29.5,-0.01,4.5,0,0.00,-27.25,-0.01,117676,47.07,0
2360,Exit long,2026-01-21 09:30,NQ09B BUY NY N130 TP2,25212.75,2,1007870,631,0.06,9,635.5,0.06,-14.5,0.00,118307,47.32,0
2360,Entry long,2026-01-21 09:30,[CC] BUY NY,25196.75,2,1007870,631,0.06,9,635.5,0.06,-14.5,0.00,118307,47.32,0
2361,Exit long,2026-01-22 09:30,NQ09B BUY NY STOP,25728,2,1029170,-59,-0.01,9,95.5,0.01,-54.5,-0.01,118248,47.30,0
2361,Entry long,2026-01-22 09:30,[CC] BUY NY,25729.25,2,1029170,-59,-0.01,9,95.5,0.01,-54.5,-0.01,118248,47.30,0
2362,Exit long,2026-01-22 18:00,NQ09B BUY WEEKDAY 1800 D80,25615.25,2,1024210,391,0.04,9,395.5,0.04,-14.5,0.00,118639,47.46,0
2362,Entry long,2026-01-22 18:00,[CC] BUY PREMIUM,25605.25,2,1024210,391,0.04,9,395.5,0.04,-14.5,0.00,118639,47.46,0
2363,Exit long,2026-01-23 09:30,NQ09B BUY NY STOP,25607,2,1024330,-59,-0.01,9,0,0.00,-54.5,-0.01,118580,47.43,0
2363,Entry long,2026-01-23 09:30,[CC] BUY NY,25608.25,2,1024330,-59,-0.01,9,0,0.00,-54.5,-0.01,118580,47.43,0
2364,Exit long,2026-01-25 18:00,NQ09B BUY WEEKLY STOP,25584.5,2,1023430,-59,-0.01,9,0,0.00,-54.5,-0.01,118521,47.41,0
2364,Entry long,2026-01-25 18:00,[CC] BUY WEEKLY,25585.75,2,1023430,-59,-0.01,9,0,0.00,-54.5,-0.01,118521,47.41,0
2365,Exit long,2026-01-26 09:30,NQ09B BUY NY N130 TP2,25765.25,2,1029970,631,0.06,9,635.5,0.06,-14.5,0.00,119152,47.66,0
2365,Entry long,2026-01-26 09:30,[CC] BUY NY,25749.25,2,1029970,631,0.06,9,635.5,0.06,-14.5,0.00,119152,47.66,0
2366,Exit long,2026-01-27 09:30,NQ09B BUY NY STOP,25981.75,2,1039320,-59,-0.01,9,0,0.00,-54.5,-0.01,119093,47.64,0
2366,Entry long,2026-01-27 09:30,[CC] BUY NY,25983,2,1039320,-59,-0.01,9,0,0.00,-54.5,-0.01,119093,47.64,0
2367,Exit long,2026-01-27 18:00,NQ09B BUY WEEKDAY 1800 D80,26121.5,2,1044460,391,0.04,9,395.5,0.04,-14.5,0.00,119484,47.79,0
2367,Entry long,2026-01-27 18:00,[CC] BUY PREMIUM,26111.5,2,1044460,391,0.04,9,395.5,0.04,-14.5,0.00,119484,47.79,0
2368,Exit long,2026-01-28 09:30,NQ09B BUY NY STOP,26251.5,2,1050110,-59,-0.01,9,0,0.00,-54.5,-0.01,119425,47.77,0
2368,Entry long,2026-01-28 09:30,[CC] BUY NY,26252.75,2,1050110,-59,-0.01,9,0,0.00,-54.5,-0.01,119425,47.77,0
2369,Exit long,2026-01-28 18:00,NQ09B BUY WEEKDAY 1800 D80,26292.75,2,1051310,391,0.04,9,395.5,0.04,-14.5,0.00,119816,47.93,0
2369,Entry long,2026-01-28 18:00,[CC] BUY PREMIUM,26282.75,2,1051310,391,0.04,9,395.5,0.04,-14.5,0.00,119816,47.93,0
2370,Exit long,2026-01-29 09:30,NQ09B BUY NY N130 TP2,26149.75,2,1045350,631,0.06,9,635.5,0.06,-14.5,0.00,120447,48.18,0
2370,Entry long,2026-01-29 09:30,[CC] BUY NY,26133.75,2,1045350,631,0.06,9,635.5,0.06,-14.5,0.00,120447,48.18,0
2371,Exit long,2026-01-29 18:00,NQ09B BUY WEEKDAY 1800 D80,26008.75,1,519975,195.5,0.04,4.5,197.75,0.04,-7.25,0.00,120642.5,48.26,0
2371,Entry long,2026-01-29 18:00,[CC] BUY WEAK,25998.75,1,519975,195.5,0.04,4.5,197.75,0.04,-7.25,0.00,120642.5,48.26,0
2372,Exit long,2026-01-30 09:30,NQ09B BUY NY STOP,25833.25,2,1033380,-59,-0.01,9,0,0.00,-54.5,-0.01,120583.5,48.23,0
2372,Entry long,2026-01-30 09:30,[CC] BUY NY,25834.5,2,1033380,-59,-0.01,9,0,0.00,-54.5,-0.01,120583.5,48.23,0
2373,Exit long,2026-02-01 18:00,NQ09B BUY WEEKLY STOP,25529,2,1021210,-59,-0.01,9,275.5,0.03,-54.5,-0.01,120524.5,48.21,0
2373,Entry long,2026-02-01 18:00,[CC] BUY WEEKLY,25530.25,2,1021210,-59,-0.01,9,275.5,0.03,-54.5,-0.01,120524.5,48.21,0
2374,Exit long,2026-02-02 09:30,NQ09B BUY NY STOP,25541.5,2,1021710,-59,-0.01,9,0,0.00,-54.5,-0.01,120465.5,48.19,0
2374,Entry long,2026-02-02 09:30,[CC] BUY NY,25542.75,2,1021710,-59,-0.01,9,0,0.00,-54.5,-0.01,120465.5,48.19,0
2375,Exit long,2026-02-02 18:00,NQ09B BUY WEEKDAY 1800 STOP,25875.5,1,517535,-29.5,-0.01,4.5,0,0.00,-27.25,-0.01,120436,48.17,0
2375,Entry long,2026-02-02 18:00,[CC] BUY WEAK,25876.75,1,517535,-29.5,-0.01,4.5,0,0.00,-27.25,-0.01,120436,48.17,0
2376,Exit long,2026-02-03 09:30,NQ09B BUY NY N130 TP2,25951,2,1037400,631,0.06,9,635.5,0.06,-14.5,0.00,121067,48.43,0
2376,Entry long,2026-02-03 09:30,[CC] BUY NY,25935,2,1037400,631,0.06,9,635.5,0.06,-14.5,0.00,121067,48.43,0
2377,Exit long,2026-02-03 18:00,NQ09B BUY WEEKDAY 1800 STOP,25386.5,1,507755,-29.5,-0.01,4.5,0,0.00,-27.25,-0.01,121037.5,48.42,0
2377,Entry long,2026-02-03 18:00,[CC] BUY WEAK,25387.75,1,507755,-29.5,-0.01,4.5,0,0.00,-27.25,-0.01,121037.5,48.42,0
2378,Exit long,2026-02-04 09:30,NQ09B BUY NY STOP,25384.5,2,1015430,-59,-0.01,9,35.5,0.00,-54.5,-0.01,120978.5,48.39,0
2378,Entry long,2026-02-04 09:30,[CC] BUY NY,25385.75,2,1015430,-59,-0.01,9,35.5,0.00,-54.5,-0.01,120978.5,48.39,0
2379,Exit long,2026-02-04 18:00,NQ09B BUY WEEKDAY 1800 STOP,25060.75,2,1002480,-59,-0.01,9,0,0.00,-54.5,-0.01,120919.5,48.37,0
2379,Entry long,2026-02-04 18:00,[CC] BUY PREMIUM,25062,2,1002480,-59,-0.01,9,0,0.00,-54.5,-0.01,120919.5,48.37,0
2380,Exit long,2026-02-05 09:30,NQ09B BUY NY N130 TP2,24786.5,2,990820,631,0.06,9,635.5,0.06,-14.5,0.00,121550.5,48.62,0
2380,Entry long,2026-02-05 09:30,[CC] BUY NY,24770.5,2,990820,631,0.06,9,635.5,0.06,-14.5,0.00,121550.5,48.62,0
2381,Exit long,2026-02-05 18:00,NQ09B BUY WEEKDAY 1800 STOP,24415,2,976650,-59,-0.01,9,0,0.00,-54.5,-0.01,121491.5,48.60,0
2381,Entry long,2026-02-05 18:00,[CC] BUY PREMIUM,24416.25,2,976650,-59,-0.01,9,0,0.00,-54.5,-0.01,121491.5,48.60,0
2382,Exit long,2026-02-06 09:30,NQ09B BUY NY STOP,24759.5,2,990430,-59,-0.01,9,0,0.00,-54.5,-0.01,121432.5,48.57,0
2382,Entry long,2026-02-06 09:30,[CC] BUY NY,24760.75,2,990430,-59,-0.01,9,0,0.00,-54.5,-0.01,121432.5,48.57,0
2383,Exit long,2026-02-08 18:00,NQ09B BUY WEEKLY W80,25164,2,1006160,391,0.04,9,395.5,0.04,-14.5,0.00,121823.5,48.73,0
2383,Entry long,2026-02-08 18:00,[CC] BUY WEEKLY,25154,2,1006160,391,0.04,9,395.5,0.04,-14.5,0.00,121823.5,48.73,0
2384,Exit long,2026-02-09 09:30,NQ09B BUY NY N130 TP2,25074,2,1002320,631,0.06,9,635.5,0.06,-14.5,0.00,122454.5,48.98,0
2384,Entry long,2026-02-09 09:30,[CC] BUY NY,25058,2,1002320,631,0.06,9,635.5,0.06,-14.5,0.00,122454.5,48.98,0
2385,Exit long,2026-02-10 09:30,NQ09B BUY NY STOP,25375.5,2,1015070,-59,-0.01,9,0,0.00,-54.5,-0.01,122395.5,48.96,0
2385,Entry long,2026-02-10 09:30,[CC] BUY NY,25376.75,2,1015070,-59,-0.01,9,0,0.00,-54.5,-0.01,122395.5,48.96,0
2386,Exit long,2026-02-11 09:30,NQ09B BUY NY N130 TP2,25434.75,2,1016750,631,0.06,9,635.5,0.06,-14.5,0.00,123026.5,49.21,0
2386,Entry long,2026-02-11 09:30,[CC] BUY NY,25418.75,2,1016750,631,0.06,9,635.5,0.06,-14.5,0.00,123026.5,49.21,0
2387,Exit long,2026-02-12 09:30,NQ09B BUY NY STOP,25345.25,2,1013860,-59,-0.01,9,0,0.00,-54.5,-0.01,122967.5,49.19,0
2387,Entry long,2026-02-12 09:30,[CC] BUY NY,25346.5,2,1013860,-59,-0.01,9,0,0.00,-54.5,-0.01,122967.5,49.19,0
2388,Exit long,2026-02-13 09:30,NQ09B BUY NY STOP,24742,2,989730,-59,-0.01,9,0,0.00,-54.5,-0.01,122908.5,49.16,0
2388,Entry long,2026-02-13 09:30,[CC] BUY NY,24743.25,2,989730,-59,-0.01,9,0,0.00,-54.5,-0.01,122908.5,49.16,0
2389,Exit long,2026-02-15 18:00,NQ09B BUY WEEKLY STOP,24788.75,2,991600,-59,-0.01,9,0,0.00,-54.5,-0.01,122849.5,49.14,0
2389,Entry long,2026-02-15 18:00,[CC] BUY WEEKLY,24790,2,991600,-59,-0.01,9,0,0.00,-54.5,-0.01,122849.5,49.14,0
2390,Exit long,2026-02-16 09:30,NQ09B BUY NY STOP,24761.75,2,990520,-59,-0.01,9,535.5,0.05,-54.5,-0.01,122790.5,49.12,0
2390,Entry long,2026-02-16 09:30,[CC] BUY NY,24763,2,990520,-59,-0.01,9,535.5,0.05,-54.5,-0.01,122790.5,49.12,0
2391,Exit long,2026-02-16 18:00,NQ09B BUY WEEKDAY 1800 STOP,24745.25,1,494930,-29.5,-0.01,4.5,0,0.00,-27.25,-0.01,122761,49.10,0
2391,Entry long,2026-02-16 18:00,[CC] BUY WEAK,24746.5,1,494930,-29.5,-0.01,4.5,0,0.00,-27.25,-0.01,122761,49.10,0
2392,Exit long,2026-02-17 09:30,NQ09B BUY NY STOP,24658.25,2,986380,-59,-0.01,9,0,0.00,-54.5,-0.01,122702,49.08,0
2392,Entry long,2026-02-17 09:30,[CC] BUY NY,24659.5,2,986380,-59,-0.01,9,0,0.00,-54.5,-0.01,122702,49.08,0
2393,Exit long,2026-02-17 18:00,NQ09B BUY WEEKDAY 1800 STOP,24772.75,1,495480,-29.5,-0.01,4.5,182.75,0.04,-27.25,-0.01,122672.5,49.07,0
2393,Entry long,2026-02-17 18:00,[CC] BUY WEAK,24774,1,495480,-29.5,-0.01,4.5,182.75,0.04,-27.25,-0.01,122672.5,49.07,0
2394,Exit long,2026-02-18 09:30,NQ09B BUY NY N130 TP2,24825.75,2,992390,631,0.06,9,635.5,0.06,-14.5,0.00,123303.5,49.32,0
2394,Entry long,2026-02-18 09:30,[CC] BUY NY,24809.75,2,992390,631,0.06,9,635.5,0.06,-14.5,0.00,123303.5,49.32,0
2395,Exit long,2026-02-19 09:30,NQ09B BUY NY STOP,24832.75,2,993360,-59,-0.01,9,0,0.00,-54.5,-0.01,123244.5,49.30,0
2395,Entry long,2026-02-19 09:30,[CC] BUY NY,24834,2,993360,-59,-0.01,9,0,0.00,-54.5,-0.01,123244.5,49.30,0
2396,Exit long,2026-02-20 09:30,NQ09B BUY NY STOP,24714.25,2,988620,-59,-0.01,9,0,0.00,-54.5,-0.01,123185.5,49.27,0
2396,Entry long,2026-02-20 09:30,[CC] BUY NY,24715.5,2,988620,-59,-0.01,9,0,0.00,-54.5,-0.01,123185.5,49.27,0
2397,Exit long,2026-02-22 18:00,NQ09B BUY WEEKLY STOP,25032.75,2,1001360,-59,-0.01,9,0,0.00,-54.5,-0.01,123126.5,49.25,0
2397,Entry long,2026-02-22 18:00,[CC] BUY WEEKLY,25034,2,1001360,-59,-0.01,9,0,0.00,-54.5,-0.01,123126.5,49.25,0
2398,Exit long,2026-02-23 09:30,NQ09B BUY NY STOP,24980,2,999250,-59,-0.01,9,0,0.00,-54.5,-0.01,123067.5,49.23,0
2398,Entry long,2026-02-23 09:30,[CC] BUY NY,24981.25,2,999250,-59,-0.01,9,0,0.00,-54.5,-0.01,123067.5,49.23,0
2399,Exit long,2026-02-24 09:30,NQ09B BUY NY N130 TP2,24821.25,2,992210,631,0.06,9,635.5,0.06,-14.5,0.00,123698.5,49.48,0
2399,Entry long,2026-02-24 09:30,[CC] BUY NY,24805.25,2,992210,631,0.06,9,635.5,0.06,-14.5,0.00,123698.5,49.48,0
2400,Exit long,2026-02-25 09:30,NQ09B BUY NY STOP,25159.25,2,1006420,-59,-0.01,9,0,0.00,-54.5,-0.01,123639.5,49.46,0
2400,Entry long,2026-02-25 09:30,[CC] BUY NY,25160.5,2,1006420,-59,-0.01,9,0,0.00,-54.5,-0.01,123639.5,49.46,0
2401,Exit long,2026-02-25 18:00,NQ09B BUY WEEKDAY 1800 STOP,25387.25,2,1015540,-59,-0.01,9,0,0.00,-54.5,-0.01,123580.5,49.43,0
2401,Entry long,2026-02-25 18:00,[CC] BUY PREMIUM,25388.5,2,1015540,-59,-0.01,9,0,0.00,-54.5,-0.01,123580.5,49.43,0
2402,Exit long,2026-02-26 09:30,NQ09B BUY NY STOP,25341,2,1013690,-59,-0.01,9,0,0.00,-54.5,-0.01,123521.5,49.41,0
2402,Entry long,2026-02-26 09:30,[CC] BUY NY,25342.25,2,1013690,-59,-0.01,9,0,0.00,-54.5,-0.01,123521.5,49.41,0
2403,Exit long,2026-02-26 18:00,NQ09B BUY WEEKDAY 1800 STOP,25023.25,2,1000980,-59,-0.01,9,215.5,0.02,-54.5,-0.01,123462.5,49.39,0
2403,Entry long,2026-02-26 18:00,[CC] BUY PREMIUM,25024.5,2,1000980,-59,-0.01,9,215.5,0.02,-54.5,-0.01,123462.5,49.39,0
2404,Exit long,2026-02-27 09:30,NQ09B BUY NY STOP,24814.25,2,992620,-59,-0.01,9,0,0.00,-54.5,-0.01,123403.5,49.36,0
2404,Entry long,2026-02-27 09:30,[CC] BUY NY,24815.5,2,992620,-59,-0.01,9,0,0.00,-54.5,-0.01,123403.5,49.36,0
2405,Exit long,2026-03-01 18:00,NQ09B BUY WEEKLY STOP,24681.5,2,987310,-59,-0.01,9,0,0.00,-54.5,-0.01,123344.5,49.34,0
2405,Entry long,2026-03-01 18:00,[CC] BUY WEEKLY,24682.75,2,987310,-59,-0.01,9,0,0.00,-54.5,-0.01,123344.5,49.34,0
2406,Exit long,2026-03-02 09:30,NQ09B BUY NY STOP,24643.5,2,985790,-59,-0.01,9,0,0.00,-54.5,-0.01,123285.5,49.31,0
2406,Entry long,2026-03-02 09:30,[CC] BUY NY,24644.75,2,985790,-59,-0.01,9,0,0.00,-54.5,-0.01,123285.5,49.31,0
2407,Exit long,2026-03-02 18:00,NQ09B BUY WEEKDAY 1800 STOP,25001.75,1,500060,-29.5,-0.01,4.5,157.75,0.03,-27.25,-0.01,123256,49.30,0
2407,Entry long,2026-03-02 18:00,[CC] BUY WEAK,25003,1,500060,-29.5,-0.01,4.5,157.75,0.03,-27.25,-0.01,123256,49.30,0
2408,Exit long,2026-03-03 09:30,NQ09B BUY NY STOP,24534,2,981410,-59,-0.01,9,0,0.00,-54.5,-0.01,123197,49.28,0
2408,Entry long,2026-03-03 09:30,[CC] BUY NY,24535.25,2,981410,-59,-0.01,9,0,0.00,-54.5,-0.01,123197,49.28,0
2409,Exit long,2026-03-03 18:00,NQ09B BUY WEEKDAY 1800 STOP,24709.75,2,988440,-59,-0.01,9,155.5,0.02,-54.5,-0.01,123138,49.26,0
2409,Entry long,2026-03-03 18:00,[CC] BUY PREMIUM,24711,2,988440,-59,-0.01,9,155.5,0.02,-54.5,-0.01,123138,49.26,0
2410,Exit long,2026-03-04 09:30,NQ09B BUY NY STOP,24852.5,2,994150,-59,-0.01,9,0,0.00,-54.5,-0.01,123079,49.23,0
2410,Entry long,2026-03-04 09:30,[CC] BUY NY,24853.75,2,994150,-59,-0.01,9,0,0.00,-54.5,-0.01,123079,49.23,0
2411,Exit long,2026-03-05 09:30,NQ09B BUY NY STOP,24986.75,2,999520,-59,-0.01,9,0,0.00,-54.5,-0.01,123020,49.21,0
2411,Entry long,2026-03-05 09:30,[CC] BUY NY,24988,2,999520,-59,-0.01,9,0,0.00,-54.5,-0.01,123020,49.21,0
2412,Exit long,2026-03-06 09:30,NQ09B BUY NY STOP,24684.25,2,987420,-59,-0.01,9,0,0.00,-54.5,-0.01,122961,49.18,0
2412,Entry long,2026-03-06 09:30,[CC] BUY NY,24685.5,2,987420,-59,-0.01,9,0,0.00,-54.5,-0.01,122961,49.18,0
2413,Exit long,2026-03-08 18:00,NQ09B BUY WEEKLY W80,24445.5,2,977420,391,0.04,9,395.5,0.04,-14.5,0.00,123352,49.34,0
2413,Entry long,2026-03-08 18:00,[CC] BUY WEEKLY,24435.5,2,977420,391,0.04,9,395.5,0.04,-14.5,0.00,123352,49.34,0
2414,Exit long,2026-03-09 09:30,NQ09B BUY NY STOP,24431.25,2,977300,-59,-0.01,9,0,0.00,-54.5,-0.01,123293,49.32,0
2414,Entry long,2026-03-09 09:30,[CC] BUY NY,24432.5,2,977300,-59,-0.01,9,0,0.00,-54.5,-0.01,123293,49.32,0
2415,Exit long,2026-03-09 18:00,NQ09B BUY WEEKDAY 1800 STOP,24980.5,1,499635,-29.5,-0.01,4.5,0,0.00,-27.25,-0.01,123263.5,49.31,0
2415,Entry long,2026-03-09 18:00,[CC] BUY WEAK,24981.75,1,499635,-29.5,-0.01,4.5,0,0.00,-27.25,-0.01,123263.5,49.31,0
2416,Exit long,2026-03-10 09:30,NQ09B BUY NY N130 TP2,25007.25,2,999650,631,0.06,9,635.5,0.06,-34.5,0.00,123894.5,49.56,0
2416,Entry long,2026-03-10 09:30,[CC] BUY NY,24991.25,2,999650,631,0.06,9,635.5,0.06,-34.5,0.00,123894.5,49.56,0
2417,Exit long,2026-03-10 18:00,NQ09B BUY WEEKDAY 1800 STOP,25009.25,1,500210,-29.5,-0.01,4.5,117.75,0.02,-27.25,-0.01,123865,49.55,0
2417,Entry long,2026-03-10 18:00,[CC] BUY WEAK,25010.5,1,500210,-29.5,-0.01,4.5,117.75,0.02,-27.25,-0.01,123865,49.55,0
2418,Exit long,2026-03-11 09:30,NQ09B BUY NY N130 TP2,25051,2,1001400,631,0.06,9,635.5,0.06,-14.5,0.00,124496,49.80,0
2418,Entry long,2026-03-11 09:30,[CC] BUY NY,25035,2,1001400,631,0.06,9,635.5,0.06,-14.5,0.00,124496,49.80,0
2419,Exit long,2026-03-12 09:30,NQ09B BUY NY STOP,24774.75,2,991040,-59,-0.01,9,0,0.00,-54.5,-0.01,124437,49.77,0
2419,Entry long,2026-03-12 09:30,[CC] BUY NY,24776,2,991040,-59,-0.01,9,0,0.00,-54.5,-0.01,124437,49.77,0
2420,Exit long,2026-03-12 18:00,NQ09B BUY WEEKDAY 1800 D80,24577.25,1,491345,195.5,0.04,4.5,197.75,0.04,-7.25,0.00,124632.5,49.85,0
2420,Entry long,2026-03-12 18:00,[CC] BUY WEAK,24567.25,1,491345,195.5,0.04,4.5,197.75,0.04,-7.25,0.00,124632.5,49.85,0
2421,Exit long,2026-03-13 09:30,NQ09B BUY NY STOP,24644.5,2,985830,-59,-0.01,9,0,0.00,-54.5,-0.01,124573.5,49.83,0
2421,Entry long,2026-03-13 09:30,[CC] BUY NY,24645.75,2,985830,-59,-0.01,9,0,0.00,-54.5,-0.01,124573.5,49.83,0
2422,Exit long,2026-03-15 18:00,NQ09B BUY WEEKLY STOP,24284,2,971410,-59,-0.01,9,0,0.00,-54.5,-0.01,124514.5,49.81,0
2422,Entry long,2026-03-15 18:00,[CC] BUY WEEKLY,24285.25,2,971410,-59,-0.01,9,0,0.00,-54.5,-0.01,124514.5,49.81,0
2423,Exit long,2026-03-16 09:30,NQ09B BUY NY STOP,24654.75,2,986240,-59,-0.01,9,0,0.00,-54.5,-0.01,124455.5,49.78,0
2423,Entry long,2026-03-16 09:30,[CC] BUY NY,24656,2,986240,-59,-0.01,9,0,0.00,-54.5,-0.01,124455.5,49.78,0
2424,Exit long,2026-03-17 09:30,NQ09B BUY NY STOP,24999.75,2,1000040,-59,-0.01,9,0,0.00,-54.5,-0.01,124396.5,49.76,0
2424,Entry long,2026-03-17 09:30,[CC] BUY NY,25001,2,1000040,-59,-0.01,9,0,0.00,-54.5,-0.01,124396.5,49.76,0
2425,Exit long,2026-03-18 09:30,NQ09B BUY NY STOP,24927.25,2,997140,-59,-0.01,9,0,0.00,-54.5,-0.01,124337.5,49.74,0
2425,Entry long,2026-03-18 09:30,[CC] BUY NY,24928.5,2,997140,-59,-0.01,9,0,0.00,-54.5,-0.01,124337.5,49.74,0
2426,Exit long,2026-03-18 18:00,NQ09B BUY WEEKDAY 1800 STOP,24621,1,492445,-29.5,-0.01,4.5,122.75,0.02,-27.25,-0.01,124308,49.72,0
2426,Entry long,2026-03-18 18:00,[CC] BUY WEAK,24622.25,1,492445,-29.5,-0.01,4.5,122.75,0.02,-27.25,-0.01,124308,49.72,0
2427,Exit long,2026-03-19 09:30,NQ09B BUY NY STOP,24427.25,2,977140,-59,-0.01,9,25.5,0.00,-54.5,-0.01,124249,49.70,0
2427,Entry long,2026-03-19 09:30,[CC] BUY NY,24428.5,2,977140,-59,-0.01,9,25.5,0.00,-54.5,-0.01,124249,49.70,0
2428,Exit long,2026-03-20 09:30,NQ09B BUY NY STOP,24486.25,2,979500,-59,-0.01,9,145.5,0.01,-54.5,-0.01,124190,49.68,0
2428,Entry long,2026-03-20 09:30,[CC] BUY NY,24487.5,2,979500,-59,-0.01,9,145.5,0.01,-54.5,-0.01,124190,49.68,0
2429,Exit long,2026-03-22 18:00,NQ09B BUY WEEKLY STOP,23901,2,956090,-59,-0.01,9,0,0.00,-54.5,-0.01,124131,49.65,0
2429,Entry long,2026-03-22 18:00,[CC] BUY WEEKLY,23902.25,2,956090,-59,-0.01,9,0,0.00,-54.5,-0.01,124131,49.65,0
2430,Exit long,2026-03-23 09:30,NQ09B BUY NY N130 TP2,24509.5,2,979740,631,0.06,9,635.5,0.06,-14.5,0.00,124762,49.90,0
2430,Entry long,2026-03-23 09:30,[CC] BUY NY,24493.5,2,979740,631,0.06,9,635.5,0.06,-14.5,0.00,124762,49.90,0
2431,Exit long,2026-03-23 18:00,NQ09B BUY WEEKDAY 1800 STOP,24416.25,1,488350,-29.5,-0.01,4.5,42.75,0.01,-27.25,-0.01,124732.5,49.89,0
2431,Entry long,2026-03-23 18:00,[CC] BUY WEAK,24417.5,1,488350,-29.5,-0.01,4.5,42.75,0.01,-27.25,-0.01,124732.5,49.89,0
2432,Exit long,2026-03-24 09:30,NQ09B BUY NY STOP,24253.25,2,970180,-59,-0.01,9,0,0.00,-54.5,-0.01,124673.5,49.87,0
2432,Entry long,2026-03-24 09:30,[CC] BUY NY,24254.5,2,970180,-59,-0.01,9,0,0.00,-54.5,-0.01,124673.5,49.87,0
2433,Exit long,2026-03-24 18:00,NQ09B BUY WEEKDAY 1800 STOP,24419,2,976810,-59,-0.01,9,0,0.00,-54.5,-0.01,124614.5,49.85,0
2433,Entry long,2026-03-24 18:00,[CC] BUY PREMIUM,24420.25,2,976810,-59,-0.01,9,0,0.00,-54.5,-0.01,124614.5,49.85,0
2434,Exit long,2026-03-25 09:30,NQ09B BUY NY STOP,24429.75,2,977240,-59,-0.01,9,0,0.00,-54.5,-0.01,124555.5,49.82,0
2434,Entry long,2026-03-25 09:30,[CC] BUY NY,24431,2,977240,-59,-0.01,9,0,0.00,-54.5,-0.01,124555.5,49.82,0
2435,Exit long,2026-03-26 09:30,NQ09B BUY NY STOP,24155.25,2,966260,-59,-0.01,9,0,0.00,-54.5,-0.01,124496.5,49.80,0
2435,Entry long,2026-03-26 09:30,[CC] BUY NY,24156.5,2,966260,-59,-0.01,9,0,0.00,-54.5,-0.01,124496.5,49.80,0
2436,Exit long,2026-03-26 18:00,NQ09B BUY WEEKDAY 1800 D80,23834.25,2,952970,391,0.04,9,395.5,0.04,-14.5,0.00,124887.5,49.96,0
2436,Entry long,2026-03-26 18:00,[CC] BUY PREMIUM,23824.25,2,952970,391,0.04,9,395.5,0.04,-14.5,0.00,124887.5,49.96,0
2437,Exit long,2026-03-27 09:30,NQ09B BUY NY STOP,23653.5,2,946190,-59,-0.01,9,365.5,0.04,-54.5,-0.01,124828.5,49.93,0
2437,Entry long,2026-03-27 09:30,[CC] BUY NY,23654.75,2,946190,-59,-0.01,9,365.5,0.04,-54.5,-0.01,124828.5,49.93,0
2438,Exit long,2026-03-29 18:00,NQ09B BUY WEEKLY STOP,23188.5,2,927590,-59,-0.01,9,0,0.00,-54.5,-0.01,124769.5,49.91,0
2438,Entry long,2026-03-29 18:00,[CC] BUY WEEKLY,23189.75,2,927590,-59,-0.01,9,0,0.00,-54.5,-0.01,124769.5,49.91,0
2439,Exit long,2026-03-30 09:30,NQ09B BUY NY N130 TP2,23525,2,940360,631,0.07,9,635.5,0.07,-14.5,0.00,125400.5,50.16,0
2439,Entry long,2026-03-30 09:30,[CC] BUY NY,23509,2,940360,631,0.07,9,635.5,0.07,-14.5,0.00,125400.5,50.16,0
2440,Exit long,2026-03-31 09:30,NQ09B BUY NY STOP,23380.75,2,935280,-59,-0.01,9,0,0.00,-54.5,-0.01,125341.5,50.14,0
2440,Entry long,2026-03-31 09:30,[CC] BUY NY,23382,2,935280,-59,-0.01,9,0,0.00,-54.5,-0.01,125341.5,50.14,0
2441,Exit long,2026-03-31 18:00,NQ09B BUY WEEKDAY 1800 STOP,23888,1,477785,-29.5,-0.01,4.5,0,0.00,-27.25,-0.01,125312,50.12,0
2441,Entry long,2026-03-31 18:00,[CC] BUY WEAK,23889.25,1,477785,-29.5,-0.01,4.5,0,0.00,-27.25,-0.01,125312,50.12,0
2442,Exit long,2026-04-01 09:30,NQ09B BUY NY STOP,24086.75,2,963520,-59,-0.01,9,0,0.00,-54.5,-0.01,125253,50.10,0
2442,Entry long,2026-04-01 09:30,[CC] BUY NY,24088,2,963520,-59,-0.01,9,0,0.00,-54.5,-0.01,125253,50.10,0
2443,Exit long,2026-04-02 09:30,NQ09B BUY NY STOP,23762.5,2,950550,-59,-0.01,9,0,0.00,-54.5,-0.01,125194,50.08,0
2443,Entry long,2026-04-02 09:30,[CC] BUY NY,23763.75,2,950550,-59,-0.01,9,0,0.00,-54.5,-0.01,125194,50.08,0
2444,Exit long,2026-04-05 18:00,NQ09B BUY WEEKLY STOP,24092.5,2,963750,-59,-0.01,9,15.5,0.00,-54.5,-0.01,125135,50.05,0
2444,Entry long,2026-04-05 18:00,[CC] BUY WEEKLY,24093.75,2,963750,-59,-0.01,9,15.5,0.00,-54.5,-0.01,125135,50.05,0
2445,Exit long,2026-04-06 09:30,NQ09B BUY NY STOP,24264.25,2,970620,-59,-0.01,9,0,0.00,-54.5,-0.01,125076,50.03,0
2445,Entry long,2026-04-06 09:30,[CC] BUY NY,24265.5,2,970620,-59,-0.01,9,0,0.00,-54.5,-0.01,125076,50.03,0
2446,Exit long,2026-04-07 09:30,NQ09B BUY NY STOP,24242.5,2,969750,-59,-0.01,9,0,0.00,-54.5,-0.01,125017,50.01,0
2446,Entry long,2026-04-07 09:30,[CC] BUY NY,24243.75,2,969750,-59,-0.01,9,0,0.00,-54.5,-0.01,125017,50.01,0
2447,Exit long,2026-04-07 18:00,NQ09B BUY WEEKDAY 1800 STOP,24513,1,490285,-29.5,-0.01,4.5,0,0.00,-27.25,-0.01,124987.5,50.00,0
2447,Entry long,2026-04-07 18:00,[CC] BUY WEAK,24514.25,1,490285,-29.5,-0.01,4.5,0,0.00,-27.25,-0.01,124987.5,50.00,0
2448,Exit long,2026-04-08 09:30,NQ09B BUY NY N130 TP2,25215.75,2,1007990,631,0.06,9,635.5,0.06,-14.5,0.00,125618.5,50.25,0
2448,Entry long,2026-04-08 09:30,[CC] BUY NY,25199.75,2,1007990,631,0.06,9,635.5,0.06,-14.5,0.00,125618.5,50.25,0
2449,Exit long,2026-04-09 09:30,NQ09B BUY NY N130 TP2,25097.25,2,1003250,631,0.06,9,635.5,0.06,-14.5,0.00,126249.5,50.50,0
2449,Entry long,2026-04-09 09:30,[CC] BUY NY,25081.25,2,1003250,631,0.06,9,635.5,0.06,-14.5,0.00,126249.5,50.50,0
2450,Exit long,2026-04-10 09:30,NQ09B BUY NY STOP,25314.25,2,1012620,-59,-0.01,9,0,0.00,-54.5,-0.01,126190.5,50.48,0
2450,Entry long,2026-04-10 09:30,[CC] BUY NY,25315.5,2,1012620,-59,-0.01,9,0,0.00,-54.5,-0.01,126190.5,50.48,0
2451,Exit long,2026-04-12 18:00,NQ09B BUY WEEKLY W80,24990.25,2,999210,391,0.04,9,395.5,0.04,-14.5,0.00,126581.5,50.63,0
2451,Entry long,2026-04-12 18:00,[CC] BUY WEEKLY,24980.25,2,999210,391,0.04,9,395.5,0.04,-14.5,0.00,126581.5,50.63,0
2452,Exit long,2026-04-13 09:30,NQ09B BUY NY STOP,25214.75,2,1008640,-59,-0.01,9,0,0.00,-54.5,-0.01,126522.5,50.61,0
2452,Entry long,2026-04-13 09:30,[CC] BUY NY,25216,2,1008640,-59,-0.01,9,0,0.00,-54.5,-0.01,126522.5,50.61,0
2453,Exit long,2026-04-13 18:00,NQ09B BUY WEEKDAY 1800 STOP,25574.25,2,1023020,-59,-0.01,9,0,0.00,-54.5,-0.01,126463.5,50.59,0
2453,Entry long,2026-04-13 18:00,[CC] BUY PREMIUM,25575.5,2,1023020,-59,-0.01,9,0,0.00,-54.5,-0.01,126463.5,50.59,0
2454,Exit long,2026-04-14 09:30,NQ09B BUY NY N130 TP2,25672.5,2,1026260,631,0.06,9,635.5,0.06,-24.5,0.00,127094.5,50.84,0
2454,Entry long,2026-04-14 09:30,[CC] BUY NY,25656.5,2,1026260,631,0.06,9,635.5,0.06,-24.5,0.00,127094.5,50.84,0
2455,Exit long,2026-04-15 09:30,NQ09B BUY NY N130 TP2,26039.75,2,1040950,631,0.06,9,635.5,0.06,-14.5,0.00,127725.5,51.09,0
2455,Entry long,2026-04-15 09:30,[CC] BUY NY,26023.75,2,1040950,631,0.06,9,635.5,0.06,-14.5,0.00,127725.5,51.09,0
2456,Exit long,2026-04-16 09:30,NQ09B BUY NY STOP,26438,2,1057570,-59,-0.01,9,555.5,0.05,-54.5,-0.01,127666.5,51.07,0
2456,Entry long,2026-04-16 09:30,[CC] BUY NY,26439.25,2,1057570,-59,-0.01,9,555.5,0.05,-54.5,-0.01,127666.5,51.07,0
2457,Exit long,2026-04-17 09:30,NQ09B BUY NY N130 TP2,26708.75,2,1067710,631,0.06,9,635.5,0.06,-14.5,0.00,128297.5,51.32,0
2457,Entry long,2026-04-17 09:30,[CC] BUY NY,26692.75,2,1067710,631,0.06,9,635.5,0.06,-14.5,0.00,128297.5,51.32,0
2458,Exit long,2026-04-19 18:00,NQ09B BUY WEEKLY W80,26610,2,1064000,391,0.04,9,395.5,0.04,-14.5,0.00,128688.5,51.48,0
2458,Entry long,2026-04-19 18:00,[CC] BUY WEEKLY,26600,2,1064000,391,0.04,9,395.5,0.04,-14.5,0.00,128688.5,51.48,0
2459,Exit long,2026-04-20 09:30,NQ09B BUY NY N130 TP2,26812.75,2,1071870,631,0.06,9,635.5,0.06,-14.5,0.00,129319.5,51.73,0
2459,Entry long,2026-04-20 09:30,[CC] BUY NY,26796.75,2,1071870,631,0.06,9,635.5,0.06,-14.5,0.00,129319.5,51.73,0
2460,Exit long,2026-04-20 18:00,NQ09B BUY WEEKDAY 1800 STOP,26775.75,1,535540,-29.5,-0.01,4.5,0,0.00,-27.25,-0.01,129290,51.72,0
2460,Entry long,2026-04-20 18:00,[CC] BUY WEAK,26777,1,535540,-29.5,-0.01,4.5,0,0.00,-27.25,-0.01,129290,51.72,0
2461,Exit long,2026-04-21 09:30,NQ09B BUY NY N130 TP2,26824.25,2,1072330,631,0.06,9,635.5,0.06,-14.5,0.00,129921,51.97,0
2461,Entry long,2026-04-21 09:30,[CC] BUY NY,26808.25,2,1072330,631,0.06,9,635.5,0.06,-14.5,0.00,129921,51.97,0
2462,Exit long,2026-04-21 18:00,NQ09B BUY WEEKDAY 1800 STOP,26728.5,2,1069190,-59,-0.01,9,0,0.00,-54.5,-0.01,129862,51.94,0
2462,Entry long,2026-04-21 18:00,[CC] BUY PREMIUM,26729.75,2,1069190,-59,-0.01,9,0,0.00,-54.5,-0.01,129862,51.94,0
2463,Exit long,2026-04-22 09:30,NQ09B BUY NY STOP,26880,2,1075250,-59,-0.01,9,455.5,0.04,-54.5,-0.01,129803,51.92,0
2463,Entry long,2026-04-22 09:30,[CC] BUY NY,26881.25,2,1075250,-59,-0.01,9,455.5,0.04,-54.5,-0.01,129803,51.92,0
2464,Exit long,2026-04-22 18:00,NQ09B BUY WEEKDAY 1800 STOP,27074,1,541505,-29.5,-0.01,4.5,0,0.00,-27.25,-0.01,129773.5,51.91,0
2464,Entry long,2026-04-22 18:00,[CC] BUY WEAK,27075.25,1,541505,-29.5,-0.01,4.5,0,0.00,-27.25,-0.01,129773.5,51.91,0
2465,Exit long,2026-04-23 09:30,NQ09B BUY NY STOP,27013.25,2,1080580,-59,-0.01,9,105.5,0.01,-54.5,-0.01,129714.5,51.89,0
2465,Entry long,2026-04-23 09:30,[CC] BUY NY,27014.5,2,1080580,-59,-0.01,9,105.5,0.01,-54.5,-0.01,129714.5,51.89,0
2466,Exit long,2026-04-23 18:00,NQ09B BUY WEEKDAY 1800 D80,27002.25,1,539845,195.5,0.04,4.5,197.75,0.04,-7.25,0.00,129910,51.96,0
2466,Entry long,2026-04-23 18:00,[CC] BUY WEAK,26992.25,1,539845,195.5,0.04,4.5,197.75,0.04,-7.25,0.00,129910,51.96,0
2467,Exit long,2026-04-24 09:30,NQ09B BUY NY STOP,27209,2,1088410,-59,-0.01,9,0,0.00,-54.5,-0.01,129851,51.94,0
2467,Entry long,2026-04-24 09:30,[CC] BUY NY,27210.25,2,1088410,-59,-0.01,9,0,0.00,-54.5,-0.01,129851,51.94,0
2468,Exit long,2026-04-26 18:00,NQ09B BUY WEEKLY W80,27413.5,2,1096140,391,0.04,9,395.5,0.04,-14.5,0.00,130242,52.10,0
2468,Entry long,2026-04-26 18:00,[CC] BUY WEEKLY,27403.5,2,1096140,391,0.04,9,395.5,0.04,-14.5,0.00,130242,52.10,0
2469,Exit long,2026-04-27 09:30,NQ09B BUY NY N130 TP2,27427,2,1096440,631,0.06,9,635.5,0.06,-14.5,0.00,130873,52.35,0
2469,Entry long,2026-04-27 09:30,[CC] BUY NY,27411,2,1096440,631,0.06,9,635.5,0.06,-14.5,0.00,130873,52.35,0
2470,Exit long,2026-04-28 09:30,NQ09B BUY NY STOP,27160,2,1086450,-59,-0.01,9,45.5,0.00,-54.5,-0.01,130814,52.33,0
2470,Entry long,2026-04-28 09:30,[CC] BUY NY,27161.25,2,1086450,-59,-0.01,9,45.5,0.00,-54.5,-0.01,130814,52.33,0
2471,Exit long,2026-04-29 09:30,NQ09B BUY NY STOP,27205.75,2,1088280,-59,-0.01,9,435.5,0.04,-54.5,-0.01,130755,52.30,0
2471,Entry long,2026-04-29 09:30,[CC] BUY NY,27207,2,1088280,-59,-0.01,9,435.5,0.04,-54.5,-0.01,130755,52.30,0
2472,Exit long,2026-04-29 18:00,NQ09B BUY WEEKDAY 1800 D80,27217.25,2,1088290,391,0.04,9,395.5,0.04,-14.5,0.00,131146,52.46,0
2472,Entry long,2026-04-29 18:00,[CC] BUY PREMIUM,27207.25,2,1088290,391,0.04,9,395.5,0.04,-14.5,0.00,131146,52.46,0
2473,Exit long,2026-04-30 09:30,NQ09B BUY NY STOP,27490.25,2,1099660,-59,-0.01,9,0,0.00,-54.5,0.00,131087,52.43,0
2473,Entry long,2026-04-30 09:30,[CC] BUY NY,27491.5,2,1099660,-59,-0.01,9,0,0.00,-54.5,0.00,131087,52.43,0
2474,Exit long,2026-04-30 18:00,NQ09B BUY WEEKDAY 1800 D80,27642,1,552640,195.5,0.04,4.5,197.75,0.04,-7.25,0.00,131282.5,52.51,0
2474,Entry long,2026-04-30 18:00,[CC] BUY WEAK,27632,1,552640,195.5,0.04,4.5,197.75,0.04,-7.25,0.00,131282.5,52.51,0
2475,Exit long,2026-05-01 09:30,NQ09B BUY NY STOP,27631.75,2,1105320,-59,-0.01,9,0,0.00,-54.5,0.00,131223.5,52.49,0
2475,Entry long,2026-05-01 09:30,[CC] BUY NY,27633,2,1105320,-59,-0.01,9,0,0.00,-54.5,0.00,131223.5,52.49,0
2476,Exit long,2026-05-03 18:00,NQ09B BUY WEEKLY STOP,27889,2,1115610,-59,-0.01,9,0,0.00,-54.5,0.00,131164.5,52.47,0
2476,Entry long,2026-05-03 18:00,[CC] BUY WEEKLY,27890.25,2,1115610,-59,-0.01,9,0,0.00,-54.5,0.00,131164.5,52.47,0
2477,Exit long,2026-05-04 09:30,NQ09B BUY NY N130 TP2,27870.75,2,1114190,631,0.06,9,635.5,0.06,-14.5,0.00,131795.5,52.72,0
2477,Entry long,2026-05-04 09:30,[CC] BUY NY,27854.75,2,1114190,631,0.06,9,635.5,0.06,-14.5,0.00,131795.5,52.72,0
2478,Exit long,2026-05-05 09:30,NQ09B BUY NY STOP,27987.5,2,1119550,-59,-0.01,9,0,0.00,-54.5,0.00,131736.5,52.69,0
2478,Entry long,2026-05-05 09:30,[CC] BUY NY,27988.75,2,1119550,-59,-0.01,9,0,0.00,-54.5,0.00,131736.5,52.69,0
2479,Exit long,2026-05-05 18:00,NQ09B BUY WEEKDAY 1800 STOP,28249,1,565005,-29.5,-0.01,4.5,0,0.00,-27.25,0.00,131707,52.68,0
2479,Entry long,2026-05-05 18:00,[CC] BUY WEAK,28250.25,1,565005,-29.5,-0.01,4.5,0,0.00,-27.25,0.00,131707,52.68,0
2480,Exit long,2026-05-06 09:30,NQ09B BUY NY STOP,28388.5,2,1135590,-59,-0.01,9,0,0.00,-54.5,0.00,131648,52.66,0
2480,Entry long,2026-05-06 09:30,[CC] BUY NY,28389.75,2,1135590,-59,-0.01,9,0,0.00,-54.5,0.00,131648,52.66,0
2481,Exit long,2026-05-06 18:00,NQ09B BUY WEEKDAY 1800 STOP,28661.75,1,573260,-29.5,-0.01,4.5,0,0.00,-27.25,0.00,131618.5,52.65,0
2481,Entry long,2026-05-06 18:00,[CC] BUY WEAK,28663,1,573260,-29.5,-0.01,4.5,0,0.00,-27.25,0.00,131618.5,52.65,0
2482,Exit long,2026-05-07 09:30,NQ09B BUY NY N130 TP2,28766.25,2,1150010,631,0.05,9,635.5,0.06,-14.5,0.00,132249.5,52.90,0
2482,Entry long,2026-05-07 09:30,[CC] BUY NY,28750.25,2,1150010,631,0.05,9,635.5,0.06,-14.5,0.00,132249.5,52.90,0
2483,Exit long,2026-05-07 18:00,NQ09B BUY WEEKDAY 1800 D80,28592.25,1,571645,195.5,0.03,4.5,197.75,0.03,-7.25,0.00,132445,52.98,0
2483,Entry long,2026-05-07 18:00,[CC] BUY WEAK,28582.25,1,571645,195.5,0.03,4.5,197.75,0.03,-7.25,0.00,132445,52.98,0
2484,Exit long,2026-05-08 09:30,NQ09B BUY NY STOP,28877.5,2,1155150,-59,-0.01,9,0,0.00,-54.5,0.00,132386,52.95,0
2484,Entry long,2026-05-08 09:30,[CC] BUY NY,28878.75,2,1155150,-59,-0.01,9,0,0.00,-54.5,0.00,132386,52.95,0
2485,Exit long,2026-05-10 18:00,NQ09B BUY WEEKLY W80,29304.25,2,1171770,391,0.03,9,395.5,0.03,-14.5,0.00,132777,53.11,0
2485,Entry long,2026-05-10 18:00,[CC] BUY WEEKLY,29294.25,2,1171770,391,0.03,9,395.5,0.03,-14.5,0.00,132777,53.11,0
2486,Exit long,2026-05-11 09:30,NQ09B BUY NY STOP,29304.25,2,1172220,-59,-0.01,9,0,0.00,-54.5,0.00,132718,53.09,0
2486,Entry long,2026-05-11 09:30,[CC] BUY NY,29305.5,2,1172220,-59,-0.01,9,0,0.00,-54.5,0.00,132718,53.09,0
2487,Exit long,2026-05-12 09:30,NQ09B BUY NY STOP,29212,2,1168530,-59,-0.01,9,555.5,0.05,-54.5,0.00,132659,53.06,0
2487,Entry long,2026-05-12 09:30,[CC] BUY NY,29213.25,2,1168530,-59,-0.01,9,555.5,0.05,-54.5,0.00,132659,53.06,0
2488,Exit long,2026-05-12 18:00,NQ09B BUY WEEKDAY 1800 STOP,29142.75,1,582880,-29.5,-0.01,4.5,0,0.00,-27.25,0.00,132629.5,53.05,0
2488,Entry long,2026-05-12 18:00,[CC] BUY WEAK,29144,1,582880,-29.5,-0.01,4.5,0,0.00,-27.25,0.00,132629.5,53.05,0
2489,Exit long,2026-05-13 09:30,NQ09B BUY NY STOP,29285.5,2,1171470,-59,-0.01,9,65.5,0.01,-54.5,0.00,132570.5,53.03,0
2489,Entry long,2026-05-13 09:30,[CC] BUY NY,29286.75,2,1171470,-59,-0.01,9,65.5,0.01,-54.5,0.00,132570.5,53.03,0
2490,Exit long,2026-05-14 09:30,NQ09B BUY NY STOP,29475.25,2,1179060,-59,-0.01,9,0,0.00,-54.5,0.00,132511.5,53.00,0
2490,Entry long,2026-05-14 09:30,[CC] BUY NY,29476.5,2,1179060,-59,-0.01,9,0,0.00,-54.5,0.00,132511.5,53.00,0
2491,Exit long,2026-05-14 18:00,NQ09B BUY WEEKDAY 1800 STOP,29689,1,593805,-29.5,0.00,4.5,0,0.00,-27.25,0.00,132482,52.99,0
2491,Entry long,2026-05-14 18:00,[CC] BUY WEAK,29690.25,1,593805,-29.5,0.00,4.5,0,0.00,-27.25,0.00,132482,52.99,0
2492,Exit long,2026-05-15 09:30,NQ09B BUY NY STOP,29277,2,1171130,-59,-0.01,9,505.5,0.04,-54.5,0.00,132423,52.97,0
2492,Entry long,2026-05-15 09:30,[CC] BUY NY,29278.25,2,1171130,-59,-0.01,9,505.5,0.04,-54.5,0.00,132423,52.97,0
2493,Exit long,2026-05-17 18:00,NQ09B BUY WEEKLY STOP,29134,2,1165410,-59,-0.01,9,0,0.00,-54.5,0.00,132364,52.95,0
2493,Entry long,2026-05-17 18:00,[CC] BUY WEEKLY,29135.25,2,1165410,-59,-0.01,9,0,0.00,-54.5,0.00,132364,52.95,0
2494,Exit long,2026-05-18 09:30,NQ09B BUY NY N130 TP2,29354.75,2,1173550,631,0.05,9,635.5,0.05,-14.5,0.00,132995,53.20,0
2494,Entry long,2026-05-18 09:30,[CC] BUY NY,29338.75,2,1173550,631,0.05,9,635.5,0.05,-14.5,0.00,132995,53.20,0
2495,Exit long,2026-05-19 09:30,NQ09B BUY NY N130 TP2,28866.5,2,1154020,631,0.05,9,635.5,0.06,-14.5,0.00,133626,53.45,0
2495,Entry long,2026-05-19 09:30,[CC] BUY NY,28850.5,2,1154020,631,0.05,9,635.5,0.06,-14.5,0.00,133626,53.45,0
2496,Exit long,2026-05-20 09:30,NQ09B BUY NY STOP,29072.5,2,1162950,-59,-0.01,9,0,0.00,-54.5,0.00,133567,53.43,0
2496,Entry long,2026-05-20 09:30,[CC] BUY NY,29073.75,2,1162950,-59,-0.01,9,0,0.00,-54.5,0.00,133567,53.43,0
2497,Exit long,2026-05-20 18:00,NQ09B BUY WEEKDAY 1800 D80,29263.25,2,1170130,391,0.03,9,395.5,0.03,-14.5,0.00,133958,53.58,0
2497,Entry long,2026-05-20 18:00,[CC] BUY PREMIUM,29253.25,2,1170130,391,0.03,9,395.5,0.03,-14.5,0.00,133958,53.58,0
2498,Exit long,2026-05-21 09:30,NQ09B BUY NY STOP,29216.25,2,1168700,-59,-0.01,9,0,0.00,-54.5,0.00,133899,53.56,0
2498,Entry long,2026-05-21 09:30,[CC] BUY NY,29217.5,2,1168700,-59,-0.01,9,0,0.00,-54.5,0.00,133899,53.56,0
2499,Exit long,2026-05-22 09:30,NQ09B BUY NY STOP,29579,2,1183210,-59,0.00,9,0,0.00,-54.5,0.00,133840,53.54,0
2499,Entry long,2026-05-22 09:30,[CC] BUY NY,29580.25,2,1183210,-59,0.00,9,0,0.00,-54.5,0.00,133840,53.54,0
2500,Exit long,2026-05-24 18:00,NQ09B BUY WEEKLY W80,29686.5,2,1187060,391,0.03,9,395.5,0.03,-14.5,0.00,134231,53.69,0
2500,Entry long,2026-05-24 18:00,[CC] BUY WEEKLY,29676.5,2,1187060,391,0.03,9,395.5,0.03,-14.5,0.00,134231,53.69,0
2501,Exit long,2026-05-25 09:30,NQ09B BUY NY STOP,29939.5,2,1197630,-59,0.00,9,0,0.00,-54.5,0.00,134172,53.67,0
2501,Entry long,2026-05-25 09:30,[CC] BUY NY,29940.75,2,1197630,-59,0.00,9,0,0.00,-54.5,0.00,134172,53.67,0
2502,Exit long,2026-05-25 18:00,NQ09B BUY WEEKDAY 1800 D80,29972.25,2,1198490,391,0.03,9,395.5,0.03,-14.5,0.00,134563,53.83,0
2502,Entry long,2026-05-25 18:00,[CC] BUY PREMIUM,29962.25,2,1198490,391,0.03,9,395.5,0.03,-14.5,0.00,134563,53.83,0
2503,Exit long,2026-05-26 09:30,NQ09B BUY NY N130 TP2,29918.25,2,1196090,631,0.05,9,635.5,0.05,-14.5,0.00,135194,54.08,0
2503,Entry long,2026-05-26 09:30,[CC] BUY NY,29902.25,2,1196090,631,0.05,9,635.5,0.05,-14.5,0.00,135194,54.08,0
2504,Exit long,2026-05-26 18:00,NQ09B BUY WEEKDAY 1800 STOP,30049,1,601005,-29.5,0.00,4.5,0,0.00,-27.25,0.00,135164.5,54.07,0
2504,Entry long,2026-05-26 18:00,[CC] BUY WEAK,30050.25,1,601005,-29.5,0.00,4.5,0,0.00,-27.25,0.00,135164.5,54.07,0
2505,Exit long,2026-05-27 09:30,NQ09B BUY NY STOP,30186.5,2,1207510,-59,0.00,9,165.5,0.01,-54.5,0.00,135105.5,54.04,0
2505,Entry long,2026-05-27 09:30,[CC] BUY NY,30187.75,2,1207510,-59,0.00,9,165.5,0.01,-54.5,0.00,135105.5,54.04,0
2506,Exit long,2026-05-27 18:00,NQ09B BUY WEEKDAY 1800 D80,30130.25,2,1204810,391,0.03,9,395.5,0.03,-14.5,0.00,135496.5,54.20,0
2506,Entry long,2026-05-27 18:00,[CC] BUY PREMIUM,30120.25,2,1204810,391,0.03,9,395.5,0.03,-14.5,0.00,135496.5,54.20,0
2507,Exit long,2026-05-28 09:30,NQ09B BUY NY STOP,30052,2,1202130,-59,0.00,9,0,0.00,-54.5,0.00,135437.5,54.18,0
2507,Entry long,2026-05-28 09:30,[CC] BUY NY,30053.25,2,1202130,-59,0.00,9,0,0.00,-54.5,0.00,135437.5,54.18,0
2508,Exit long,2026-05-29 09:30,NQ09B BUY NY STOP,30382,2,1215330,-59,0.00,9,0,0.00,-54.5,0.00,135378.5,54.15,0
2508,Entry long,2026-05-29 09:30,[CC] BUY NY,30383.25,2,1215330,-59,0.00,9,0,0.00,-54.5,0.00,135378.5,54.15,0
2509,Exit long,2026-05-31 18:00,NQ09B BUY WEEKLY W80,30425.75,2,1216630,391,0.03,9,395.5,0.03,-14.5,0.00,135769.5,54.31,0
2509,Entry long,2026-05-31 18:00,[CC] BUY WEEKLY,30415.75,2,1216630,391,0.03,9,395.5,0.03,-14.5,0.00,135769.5,54.31,0
2510,Exit long,2026-06-01 09:30,NQ09B BUY NY STOP,30342,2,1213730,-59,0.00,9,0,0.00,-54.5,0.00,135710.5,54.28,0
2510,Entry long,2026-06-01 09:30,[CC] BUY NY,30343.25,2,1213730,-59,0.00,9,0,0.00,-54.5,0.00,135710.5,54.28,0
2511,Exit long,2026-06-01 18:00,NQ09B BUY WEEKDAY 1800 STOP,30543.75,2,1221800,-59,0.00,9,85.5,0.01,-54.5,0.00,135651.5,54.26,0
2511,Entry long,2026-06-01 18:00,[CC] BUY PREMIUM,30545,2,1221800,-59,0.00,9,85.5,0.01,-54.5,0.00,135651.5,54.26,0
2512,Exit long,2026-06-02 09:30,NQ09B BUY NY STOP,30556,2,1222290,-59,0.00,9,415.5,0.03,-54.5,0.00,135592.5,54.24,0
2512,Entry long,2026-06-02 09:30,[CC] BUY NY,30557.25,2,1222290,-59,0.00,9,415.5,0.03,-54.5,0.00,135592.5,54.24,0
2513,Exit long,2026-06-03 09:30,NQ09B BUY NY STOP,30753.75,2,1230200,-59,0.00,9,0,0.00,-54.5,0.00,135533.5,54.21,0
2513,Entry long,2026-06-03 09:30,[CC] BUY NY,30755,2,1230200,-59,0.00,9,0,0.00,-54.5,0.00,135533.5,54.21,0
2514,Exit long,2026-06-03 18:00,NQ09B BUY WEEKDAY 1800 STOP,30452,2,1218130,-59,0.00,9,0,0.00,-54.5,0.00,135474.5,54.19,0
2514,Entry long,2026-06-03 18:00,[CC] BUY PREMIUM,30453.25,2,1218130,-59,0.00,9,0,0.00,-54.5,0.00,135474.5,54.19,0
2515,Exit long,2026-06-04 09:30,NQ09B BUY NY STOP,30267.25,2,1210740,-59,0.00,9,0,0.00,-54.5,0.00,135415.5,54.17,0
2515,Entry long,2026-06-04 09:30,[CC] BUY NY,30268.5,2,1210740,-59,0.00,9,0,0.00,-54.5,0.00,135415.5,54.17,0
2516,Exit long,2026-06-05 09:30,NQ09B BUY NY STOP,30034.75,2,1201440,-59,0.00,9,0,0.00,-54.5,0.00,135356.5,54.14,0
2516,Entry long,2026-06-05 09:30,[CC] BUY NY,30036,2,1201440,-59,0.00,9,0,0.00,-54.5,0.00,135356.5,54.14,0
2517,Exit long,2026-06-07 18:00,NQ09B BUY WEEKLY STOP,28843.5,2,1153790,-59,-0.01,9,0,0.00,-54.5,0.00,135297.5,54.12,0
2517,Entry long,2026-06-07 18:00,[CC] BUY WEEKLY,28844.75,2,1153790,-59,-0.01,9,0,0.00,-54.5,0.00,135297.5,54.12,0
2518,Exit long,2026-06-08 09:30,NQ09B BUY NY N130 TP2,29542.25,2,1181050,631,0.05,9,635.5,0.05,-14.5,0.00,135928.5,54.37,0
2518,Entry long,2026-06-08 09:30,[CC] BUY NY,29526.25,2,1181050,631,0.05,9,635.5,0.05,-14.5,0.00,135928.5,54.37,0
2519,Exit long,2026-06-09 09:30,NQ09B BUY NY STOP,29736,2,1189490,-59,0.00,9,425.5,0.04,-54.5,0.00,135869.5,54.35,0
2519,Entry long,2026-06-09 09:30,[CC] BUY NY,29737.25,2,1189490,-59,0.00,9,425.5,0.04,-54.5,0.00,135869.5,54.35,0
2520,Exit long,2026-06-09 18:00,NQ09B BUY WEEKDAY 1800 STOP,29093.75,1,581900,-29.5,-0.01,4.5,72.75,0.01,-27.25,0.00,135840,54.34,0
2520,Entry long,2026-06-09 18:00,[CC] BUY WEAK,29095,1,581900,-29.5,-0.01,4.5,72.75,0.01,-27.25,0.00,135840,54.34,0
2521,Exit long,2026-06-10 09:30,NQ09B BUY NY STOP,28852,2,1154130,-59,-0.01,9,0,0.00,-54.5,0.00,135781,54.31,0
2521,Entry long,2026-06-10 09:30,[CC] BUY NY,28853.25,2,1154130,-59,-0.01,9,0,0.00,-54.5,0.00,135781,54.31,0
2522,Exit long,2026-06-10 18:00,NQ09B BUY WEEKDAY 1800 D80,28465.25,2,1138210,391,0.03,9,395.5,0.03,-14.5,0.00,136172,54.47,0
2522,Entry long,2026-06-10 18:00,[CC] BUY PREMIUM,28455.25,2,1138210,391,0.03,9,395.5,0.03,-14.5,0.00,136172,54.47,0
2523,Exit long,2026-06-11 09:30,NQ09B BUY NY N130 TP2,28769.5,2,1150140,631,0.05,9,635.5,0.06,-14.5,0.00,136803,54.72,0
2523,Entry long,2026-06-11 09:30,[CC] BUY NY,28753.5,2,1150140,631,0.05,9,635.5,0.06,-14.5,0.00,136803,54.72,0
2524,Exit long,2026-06-11 18:00,NQ09B BUY WEEKDAY 1800 STOP,29455.75,1,589140,-29.5,-0.01,4.5,0,0.00,-27.25,0.00,136773.5,54.71,0
2524,Entry long,2026-06-11 18:00,[CC] BUY WEAK,29457,1,589140,-29.5,-0.01,4.5,0,0.00,-27.25,0.00,136773.5,54.71,0
2525,Exit long,2026-06-12 09:30,NQ09B BUY NY STOP,29493.5,2,1179790,-59,-0.01,9,245.5,0.02,-54.5,0.00,136714.5,54.69,0
2525,Entry long,2026-06-12 09:30,[CC] BUY NY,29494.75,2,1179790,-59,-0.01,9,245.5,0.02,-54.5,0.00,136714.5,54.69,0
2526,Exit long,2026-06-14 18:00,NQ09B BUY WEEKLY W80,30201.25,2,1207650,391,0.03,9,395.5,0.03,-14.5,0.00,137105.5,54.84,0
2526,Entry long,2026-06-14 18:00,[CC] BUY WEEKLY,30191.25,2,1207650,391,0.03,9,395.5,0.03,-14.5,0.00,137105.5,54.84,0
2527,Exit long,2026-06-15 09:30,NQ09B BUY NY STOP,30632.25,2,1225340,-59,0.00,9,0,0.00,-54.5,0.00,137046.5,54.82,0
2527,Entry long,2026-06-15 09:30,[CC] BUY NY,30633.5,2,1225340,-59,0.00,9,0,0.00,-54.5,0.00,137046.5,54.82,0
2528,Exit long,2026-06-16 09:30,NQ09B BUY NY STOP,30811.5,2,1232510,-59,0.00,9,245.5,0.02,-54.5,0.00,136987.5,54.80,0
2528,Entry long,2026-06-16 09:30,[CC] BUY NY,30812.75,2,1232510,-59,0.00,9,245.5,0.02,-54.5,0.00,136987.5,54.80,0
2529,Exit long,2026-06-17 09:30,NQ09B BUY NY STOP,30525,2,1221050,-59,0.00,9,55.5,0.00,-54.5,0.00,136928.5,54.77,0
2529,Entry long,2026-06-17 09:30,[CC] BUY NY,30526.25,2,1221050,-59,0.00,9,55.5,0.00,-54.5,0.00,136928.5,54.77,0
2530,Exit long,2026-06-17 18:00,NQ09B BUY WEEKDAY 1800 D80,30152.75,2,1205710,391,0.03,9,395.5,0.03,-14.5,0.00,137319.5,54.93,0
2530,Entry long,2026-06-17 18:00,[CC] BUY PREMIUM,30142.75,2,1205710,391,0.03,9,395.5,0.03,-14.5,0.00,137319.5,54.93,0
2531,Exit long,2026-06-18 09:30,NQ09B BUY NY N130 TP2,30610.75,2,1223790,631,0.05,9,635.5,0.05,-14.5,0.00,137950.5,55.18,0
2531,Entry long,2026-06-18 09:30,[CC] BUY NY,30594.75,2,1223790,631,0.05,9,635.5,0.05,-14.5,0.00,137950.5,55.18,0
2532,Exit long,2026-06-19 09:30,NQ09B BUY NY STOP,30645.25,2,1225860,-59,0.00,9,0,0.00,-54.5,0.00,137891.5,55.16,0
2532,Entry long,2026-06-19 09:30,[CC] BUY NY,30646.5,2,1225860,-59,0.00,9,0,0.00,-54.5,0.00,137891.5,55.16,0
2533,Exit long,2026-06-21 18:00,NQ09B BUY WEEKLY W80,30587.25,2,1223090,391,0.03,9,395.5,0.03,-14.5,0.00,138282.5,55.31,0
2533,Entry long,2026-06-21 18:00,[CC] BUY WEEKLY,30577.25,2,1223090,391,0.03,9,395.5,0.03,-14.5,0.00,138282.5,55.31,0
2534,Exit long,2026-06-22 09:30,NQ09B BUY NY STOP,30821.75,2,1232920,-59,0.00,9,0,0.00,-54.5,0.00,138223.5,55.29,0
2534,Entry long,2026-06-22 09:30,[CC] BUY NY,30823,2,1232920,-59,0.00,9,0,0.00,-54.5,0.00,138223.5,55.29,0
2535,Exit long,2026-06-23 09:30,NQ09B BUY NY N130 TP2,29734.5,2,1188740,631,0.05,9,635.5,0.05,-14.5,0.00,138854.5,55.54,0
2535,Entry long,2026-06-23 09:30,[CC] BUY NY,29718.5,2,1188740,631,0.05,9,635.5,0.05,-14.5,0.00,138854.5,55.54,0
2536,Exit long,2026-06-24 09:30,NQ09B BUY NY STOP,29710.25,2,1188460,-59,0.00,9,0,0.00,-54.5,0.00,138795.5,55.52,0
2536,Entry long,2026-06-24 09:30,[CC] BUY NY,29711.5,2,1188460,-59,0.00,9,0,0.00,-54.5,0.00,138795.5,55.52,0
2537,Exit long,2026-06-24 18:00,NQ09B BUY WEEKDAY 1800 STOP,30088.75,2,1203600,-59,0.00,9,0,0.00,-54.5,0.00,138736.5,55.49,0
2537,Entry long,2026-06-24 18:00,[CC] BUY PREMIUM,30090,2,1203600,-59,0.00,9,0,0.00,-54.5,0.00,138736.5,55.49,0
2538,Exit long,2026-06-25 09:30,NQ09B BUY NY N130 TP2,30169.5,2,1206140,631,0.05,9,635.5,0.05,-14.5,0.00,139367.5,55.75,0
2538,Entry long,2026-06-25 09:30,[CC] BUY NY,30153.5,2,1206140,631,0.05,9,635.5,0.05,-14.5,0.00,139367.5,55.75,0
2539,Exit long,2026-06-25 18:00,NQ09B BUY WEEKDAY 1800 D80,29752.25,1,594845,195.5,0.03,4.5,197.75,0.03,-7.25,0.00,139563,55.83,0
2539,Entry long,2026-06-25 18:00,[CC] BUY WEAK,29742.25,1,594845,195.5,0.03,4.5,197.75,0.03,-7.25,0.00,139563,55.83,0
2540,Exit long,2026-06-26 09:30,NQ09B BUY NY STOP,29361.5,2,1174510,-59,-0.01,9,355.5,0.03,-54.5,0.00,139504,55.80,0
2540,Entry long,2026-06-26 09:30,[CC] BUY NY,29362.75,2,1174510,-59,-0.01,9,355.5,0.03,-54.5,0.00,139504,55.80,0
2541,Exit long,2026-06-28 18:00,NQ09B BUY WEEKLY STOP,29281.5,2,1171310,-59,-0.01,9,0,0.00,-54.5,0.00,139445,55.78,0
2541,Entry long,2026-06-28 18:00,[CC] BUY WEEKLY,29282.75,2,1171310,-59,-0.01,9,0,0.00,-54.5,0.00,139445,55.78,0
2542,Exit long,2026-06-29 09:30,NQ09B BUY NY STOP,29642,2,1185730,-59,0.00,9,0,0.00,-54.5,0.00,139386,55.75,0
2542,Entry long,2026-06-29 09:30,[CC] BUY NY,29643.25,2,1185730,-59,0.00,9,0,0.00,-54.5,0.00,139386,55.75,0
2543,Exit long,2026-06-30 09:30,NQ09B BUY NY STOP,30046.5,2,1201910,-59,0.00,9,0,0.00,-54.5,0.00,139327,55.73,0
2543,Entry long,2026-06-30 09:30,[CC] BUY NY,30047.75,2,1201910,-59,0.00,9,0,0.00,-54.5,0.00,139327,55.73,0
2544,Exit long,2026-07-01 09:30,NQ09B BUY NY N130 TP2,30252,2,1209440,631,0.05,9,635.5,0.05,-14.5,0.00,139958,55.98,0
2544,Entry long,2026-07-01 09:30,[CC] BUY NY,30236,2,1209440,631,0.05,9,635.5,0.05,-14.5,0.00,139958,55.98,0
2545,Exit long,2026-07-01 18:00,NQ09B BUY WEEKDAY 1800 D80,30100,1,601800,195.5,0.03,4.5,197.75,0.03,-7.25,0.00,140153.5,56.06,0
2545,Entry long,2026-07-01 18:00,[CC] BUY WEAK,30090,1,601800,195.5,0.03,4.5,197.75,0.03,-7.25,0.00,140153.5,56.06,0
2546,Exit long,2026-07-02 09:30,NQ09B BUY NY N130 TP2,30092.5,2,1203060,631,0.05,9,635.5,0.05,-14.5,0.00,140784.5,56.31,0
2546,Entry long,2026-07-02 09:30,[CC] BUY NY,30076.5,2,1203060,631,0.05,9,635.5,0.05,-14.5,0.00,140784.5,56.31,0
2547,Exit long,2026-07-03 09:30,NQ09B BUY NY N130 TP2,29937.25,2,1196850,631,0.05,9,635.5,0.05,-14.5,0.00,141415.5,56.57,0
2547,Entry long,2026-07-03 09:30,[CC] BUY NY,29921.25,2,1196850,631,0.05,9,635.5,0.05,-14.5,0.00,141415.5,56.57,0
2548,Exit long,2026-07-05 18:00,NQ09B BUY WEEKLY W80,29940.5,2,1197220,391,0.03,9,395.5,0.03,-14.5,0.00,141806.5,56.72,0
2548,Entry long,2026-07-05 18:00,[CC] BUY WEEKLY,29930.5,2,1197220,391,0.03,9,395.5,0.03,-14.5,0.00,141806.5,56.72,0
2549,Exit long,2026-07-06 09:30,NQ09B BUY NY STOP,29834.75,2,1193440,-59,0.00,9,0,0.00,-54.5,0.00,141747.5,56.70,0
2549,Entry long,2026-07-06 09:30,[CC] BUY NY,29836,2,1193440,-59,0.00,9,0,0.00,-54.5,0.00,141747.5,56.70,0
2550,Exit long,2026-07-07 09:30,NQ09B BUY NY STOP,29592,2,1183730,-59,0.00,9,0,0.00,-54.5,0.00,141688.5,56.68,0
2550,Entry long,2026-07-07 09:30,[CC] BUY NY,29593.25,2,1183730,-59,0.00,9,0,0.00,-54.5,0.00,141688.5,56.68,0
2551,Exit long,2026-07-08 09:30,NQ09B BUY NY STOP,29201.75,2,1168120,-59,-0.01,9,0,0.00,-54.5,0.00,141629.5,56.65,0
2551,Entry long,2026-07-08 09:30,[CC] BUY NY,29203,2,1168120,-59,-0.01,9,0,0.00,-54.5,0.00,141629.5,56.65,0
2552,Exit long,2026-07-08 18:00,NQ09B BUY WEEKDAY 1800 STOP,29411,2,1176490,-59,-0.01,9,0,0.00,-54.5,0.00,141570.5,56.63,0
2552,Entry long,2026-07-08 18:00,[CC] BUY PREMIUM,29412.25,2,1176490,-59,-0.01,9,0,0.00,-54.5,0.00,141570.5,56.63,0
2553,Exit long,2026-07-09 09:30,NQ09B BUY NY N130 TP2,29763,2,1189880,631,0.05,9,635.5,0.05,-14.5,0.00,142201.5,56.88,0
2553,Entry long,2026-07-09 09:30,[CC] BUY NY,29747,2,1189880,631,0.05,9,635.5,0.05,-14.5,0.00,142201.5,56.88,0
2554,Exit long,2026-07-10 09:30,NQ09B BUY NY STOP,29833.75,2,1193400,-59,0.00,9,0,0.00,-54.5,0.00,142142.5,56.86,0
2554,Entry long,2026-07-10 09:30,[CC] BUY NY,29835,2,1193400,-59,0.00,9,0,0.00,-54.5,0.00,142142.5,56.86,0
2555,Exit long,2026-07-12 18:00,NQ09B BUY WEEKLY W80,29962.25,2,1198090,391,0.03,9,395.5,0.03,-14.5,0.00,142533.5,57.01,0
2555,Entry long,2026-07-12 18:00,[CC] BUY WEEKLY,29952.25,2,1198090,391,0.03,9,395.5,0.03,-14.5,0.00,142533.5,57.01,0
2556,Exit long,2026-07-13 09:30,NQ09B BUY NY N130 TP2,29726.25,2,1188410,631,0.05,9,635.5,0.05,-14.5,0.00,143164.5,57.27,0
2556,Entry long,2026-07-13 09:30,[CC] BUY NY,29710.25,2,1188410,631,0.05,9,635.5,0.05,-14.5,0.00,143164.5,57.27,0
2557,Exit long,2026-07-14 09:30,NQ09B BUY NY STOP,29810,2,1192450,-59,0.00,9,175.5,0.01,-54.5,0.00,143105.5,57.24,0
2557,Entry long,2026-07-14 09:30,[CC] BUY NY,29811.25,2,1192450,-59,0.00,9,175.5,0.01,-54.5,0.00,143105.5,57.24,0
2558,Exit long,2026-07-15 09:30,NQ09B BUY NY N130 TP2,29971.75,2,1198230,631,0.05,9,635.5,0.05,-14.5,0.00,143736.5,57.49,0
2558,Entry long,2026-07-15 09:30,[CC] BUY NY,29955.75,2,1198230,631,0.05,9,635.5,0.05,-14.5,0.00,143736.5,57.49,0
2559,Exit long,2026-07-16 09:30,NQ09B BUY NY STOP,29465,2,1178650,-59,-0.01,9,0,0.00,-54.5,0.00,143677.5,57.47,0
2559,Entry long,2026-07-16 09:30,[CC] BUY NY,29466.25,2,1178650,-59,-0.01,9,0,0.00,-54.5,0.00,143677.5,57.47,0
2560,Exit long,2026-07-17 09:30,NQ09B BUY NY STOP,28606.75,2,1144320,-59,-0.01,9,0,0.00,-54.5,0.00,143618.5,57.45,0
2560,Entry long,2026-07-17 09:30,[CC] BUY NY,28608,2,1144320,-59,-0.01,9,0,0.00,-54.5,0.00,143618.5,57.45,0
2561,Exit long,2026-07-19 18:00,NQ09B BUY WEEKLY STOP,28746.75,2,1149920,-59,-0.01,9,0,0.00,-54.5,0.00,143559.5,57.42,0
2561,Entry long,2026-07-19 18:00,[CC] BUY WEEKLY,28748,2,1149920,-59,-0.01,9,0,0.00,-54.5,0.00,143559.5,57.42,0
2562,Exit long,2026-07-20 09:30,NQ09B BUY NY STOP,29044,2,1161810,-59,-0.01,9,0,0.00,-54.5,0.00,143500.5,57.40,0
2562,Entry long,2026-07-20 09:30,[CC] BUY NY,29045.25,2,1161810,-59,-0.01,9,0,0.00,-54.5,0.00,143500.5,57.40,0
2563,Exit long,2026-07-21 09:30,NQ09B BUY NY N130 TP2,29238.75,2,1168910,631,0.05,9,635.5,0.05,-14.5,0.00,144131.5,57.65,0
2563,Entry long,2026-07-21 09:30,[CC] BUY NY,29222.75,2,1168910,631,0.05,9,635.5,0.05,-14.5,0.00,144131.5,57.65,0
2564,Exit long,2026-07-22 09:30,NQ09B BUY NY N130 TP2,29106.75,2,1163630,631,0.05,9,635.5,0.05,-34.5,0.00,144762.5,57.90,0
2564,Entry long,2026-07-22 09:30,[CC] BUY NY,29090.75,2,1163630,631,0.05,9,635.5,0.05,-34.5,0.00,144762.5,57.90,0
2565,Exit long,2026-07-22 18:00,NQ09B BUY WEEKDAY 1800 STOP,29099,1,582005,-29.5,-0.01,4.5,0,0.00,-27.25,0.00,144733,57.89,0
2565,Entry long,2026-07-22 18:00,[CC] BUY WEAK,29100.25,1,582005,-29.5,-0.01,4.5,0,0.00,-27.25,0.00,144733,57.89,0
2566,Exit long,2026-07-23 09:30,NQ09B BUY NY N130 TP2,28734.5,2,1148740,631,0.05,9,635.5,0.06,-14.5,0.00,145364,58.15,0
2566,Entry long,2026-07-23 09:30,[CC] BUY NY,28718.5,2,1148740,631,0.05,9,635.5,0.06,-14.5,0.00,145364,58.15,0
2567,Exit long,2026-07-23 18:00,NQ09B BUY WEEKDAY 1800 STOP,28699.25,1,574010,-29.5,-0.01,4.5,172.75,0.03,-27.25,0.00,145334.5,58.13,0
2567,Entry long,2026-07-23 18:00,[CC] BUY WEAK,28700.5,1,574010,-29.5,-0.01,4.5,172.75,0.03,-27.25,0.00,145334.5,58.13,0
2568,Exit long,2026-07-24 09:30,NQ09B BUY NY STOP,28539,2,1141610,-59,-0.01,9,0,0.00,-54.5,0.00,145275.5,58.11,0
2568,Entry long,2026-07-24 09:30,[CC] BUY NY,28540.25,2,1141610,-59,-0.01,9,0,0.00,-54.5,0.00,145275.5,58.11,0
2569,Exit long,2026-07-26 18:00,NQ09B BUY WEEKLY W80,28510.25,2,1140010,391,0.03,9,395.5,0.03,-14.5,0.00,145666.5,58.27,0
2569,Entry long,2026-07-26 18:00,[CC] BUY WEEKLY,28500.25,2,1140010,391,0.03,9,395.5,0.03,-14.5,0.00,145666.5,58.27,0
2570,Exit long,2026-07-27 09:30,NQ09B BUY NY N130 TP2,28606.75,2,1143630,631,0.06,9,635.5,0.06,-14.5,0.00,146297.5,58.52,0
2570,Entry long,2026-07-27 09:30,[CC] BUY NY,28590.75,2,1143630,631,0.06,9,635.5,0.06,-14.5,0.00,146297.5,58.52,0
2571,Exit long,2026-07-27 18:00,NQ09B BUY WEEKDAY 1800 D80,28220.75,1,564215,195.5,0.03,4.5,197.75,0.04,-7.25,0.00,146493,58.60,0
2571,Entry long,2026-07-27 18:00,[CC] BUY WEAK,28210.75,1,564215,195.5,0.03,4.5,197.75,0.04,-7.25,0.00,146493,58.60,0
2572,Exit long,2026-07-28 09:30,NQ09B BUY NY N130 TP2,27966.25,2,1118010,631,0.06,9,635.5,0.06,-14.5,0.00,147124,58.85,0
2572,Entry long,2026-07-28 09:30,[CC] BUY NY,27950.25,2,1118010,631,0.06,9,635.5,0.06,-14.5,0.00,147124,58.85,0
2573,Exit long,2026-07-28 18:00,NQ09B BUY WEEKDAY 1800 STOP,27961,1,559245,-29.5,-0.01,4.5,0,0.00,-27.25,0.00,147094.5,58.84,0
2573,Entry long,2026-07-28 18:00,[CC] BUY WEAK,27962.25,1,559245,-29.5,-0.01,4.5,0,0.00,-27.25,0.00,147094.5,58.84,0
2574,Exit long,2026-07-29 09:30,NQ09B BUY NY N130 TP2,27930.75,2,1116590,631,0.06,9,635.5,0.06,-14.5,0.00,147725.5,59.09,0
2574,Entry long,2026-07-29 09:30,[CC] BUY NY,27914.75,2,1116590,631,0.06,9,635.5,0.06,-14.5,0.00,147725.5,59.09,0
2575,Exit long,2026-07-29 18:00,NQ09B BUY WEEKDAY 1800 D80,27212.25,1,544045,195.5,0.04,4.5,197.75,0.04,-7.25,0.00,147921,59.17,0
2575,Entry long,2026-07-29 18:00,[CC] BUY WEAK,27202.25,1,544045,195.5,0.04,4.5,197.75,0.04,-7.25,0.00,147921,59.17,0
2576,Exit long,2026-07-30 09:30,NQ09B BUY NY STOP,27876.25,2,1115100,-59,-0.01,9,575.5,0.05,-54.5,0.00,147862,59.14,0
2576,Entry long,2026-07-30 09:30,[CC] BUY NY,27877.5,2,1115100,-59,-0.01,9,575.5,0.05,-54.5,0.00,147862,59.14,0
2577,Exit long,2026-07-30 18:00,NQ09B BUY WEEKDAY 1800 STOP,28316,1,566345,-29.5,-0.01,4.5,0,0.00,-27.25,0.00,147832.5,59.13,0
2577,Entry long,2026-07-30 18:00,[CC] BUY WEAK,28317.25,1,566345,-29.5,-0.01,4.5,0,0.00,-27.25,0.00,147832.5,59.13,0
2578,Exit long,2026-07-31 09:30,NQ09B BUY NY STOP,28575.75,2,1143080,-59,-0.01,9,0,0.00,-54.5,0.00,147773.5,59.11,0
2578,Entry long,2026-07-31 09:30,[CC] BUY NY,28577,2,1143080,-59,-0.01,9,0,0.00,-54.5,0.00,147773.5,59.11,0
2579,Exit long,2026-08-02 18:00,NQ09B BUY WEEKLY STOP,28564,2,1142610,-59,-0.01,9,0,0.00,-54.5,0.00,147714.5,59.09,0
2579,Entry long,2026-08-02 18:00,[CC] BUY WEEKLY,28565.25,2,1142610,-59,-0.01,9,0,0.00,-54.5,0.00,147714.5,59.09,0
2580,Exit long,2026-08-03 09:30,NQ09B BUY NY N130 TP2,28435.25,2,1136770,631,0.06,9,635.5,0.06,-14.5,0.00,148345.5,59.34,0
2580,Entry long,2026-08-03 09:30,[CC] BUY NY,28419.25,2,1136770,631,0.06,9,635.5,0.06,-14.5,0.00,148345.5,59.34,0
2581,Exit long,2026-08-04 09:30,NQ09B BUY NY STOP,29233.75,2,1169400,-59,-0.01,9,0,0.00,-54.5,0.00,148286.5,59.31,0
2581,Entry long,2026-08-04 09:30,[CC] BUY NY,29235,2,1169400,-59,-0.01,9,0,0.00,-54.5,0.00,148286.5,59.31,0
2582,Exit long,2026-08-04 18:00,NQ09B BUY WEEKDAY 1800 STOP,29776.25,1,595550,-29.5,0.00,4.5,0,0.00,-27.25,0.00,148257,59.30,0
2582,Entry long,2026-08-04 18:00,[CC] BUY WEAK,29777.5,1,595550,-29.5,0.00,4.5,0,0.00,-27.25,0.00,148257,59.30,0
2583,Exit long,2026-08-05 09:30,NQ09B BUY NY N130 TP2,29991.25,2,1199010,631,0.05,9,635.5,0.05,-14.5,0.00,148888,59.56,0
2583,Entry long,2026-08-05 09:30,[CC] BUY NY,29975.25,2,1199010,631,0.05,9,635.5,0.05,-14.5,0.00,148888,59.56,0