Trade number,Type,Date and time,Signal,Price USD,Size (qty),Size (value),Net PnL USD,Return %,Commission USD,Favorable excursion USD,Favorable excursion %,Adverse excursion USD,Adverse excursion %,Cumulative PnL USD,Cumulative PnL %,Duration (bars)
1,Exit short,2020-01-02 09:30,NQ09B SELL NY STOP,8822.25,2,352840,-59,-0.02,9,215.5,0.06,-54.5,-0.02,-59,-0.02,0
1,Entry short,2020-01-02 09:30,[CC] SELL NY,8821,2,352840,-59,-0.02,9,215.5,0.06,-54.5,-0.02,-59,-0.02,0
2,Exit short,2020-01-03 09:30,NQ09B SELL NY STOP,8773,2,350870,-59,-0.02,9,45.5,0.01,-54.5,-0.02,-118,-0.05,0
2,Entry short,2020-01-03 09:30,[CC] SELL NY,8771.75,2,350870,-59,-0.02,9,45.5,0.01,-54.5,-0.02,-118,-0.05,0
3,Exit short,2020-01-05 18:00,NQ09B SELL WEEKLY W80,8764,2,350880,311,0.09,9,315.5,0.09,-14.5,0.00,193,0.08,0
3,Entry short,2020-01-05 18:00,[CC] SELL WEEKLY,8772,2,350880,311,0.09,9,315.5,0.09,-14.5,0.00,193,0.08,0
4,Exit short,2020-01-06 09:30,NQ09B SELL NY STOP,8740,2,349550,-59,-0.02,9,385.5,0.11,-54.5,-0.02,134,0.05,0
4,Entry short,2020-01-06 09:30,[CC] SELL NY,8738.75,2,349550,-59,-0.02,9,385.5,0.11,-54.5,-0.02,134,0.05,0
5,Exit short,2020-01-07 09:30,NQ09B SELL NY STOP,8868,2,354670,-59,-0.02,9,0,0.00,-54.5,-0.02,75,0.03,0
5,Entry short,2020-01-07 09:30,[CC] SELL NY,8866.75,2,354670,-59,-0.02,9,0,0.00,-54.5,-0.02,75,0.03,0
6,Exit short,2020-01-08 09:30,NQ09B SELL NY N130 TP2,8848.25,2,354440,501,0.14,9,505.5,0.14,-14.5,0.00,576,0.23,0
6,Entry short,2020-01-08 09:30,[CC] SELL NY,8861,2,354440,501,0.14,9,505.5,0.14,-14.5,0.00,576,0.23,0
7,Exit short,2020-01-09 09:30,NQ09B SELL NY STOP,9002.75,2,360060,-59,-0.02,9,25.5,0.01,-54.5,-0.02,517,0.21,0
7,Entry short,2020-01-09 09:30,[CC] SELL NY,9001.5,2,360060,-59,-0.02,9,25.5,0.01,-54.5,-0.02,517,0.21,0
8,Exit short,2020-01-10 09:30,NQ09B SELL NY STOP,9039,2,361510,-59,-0.02,9,0,0.00,-54.5,-0.02,458,0.18,0
8,Entry short,2020-01-10 09:30,[CC] SELL NY,9037.75,2,361510,-59,-0.02,9,0,0.00,-54.5,-0.02,458,0.18,0
9,Exit short,2020-01-12 18:00,NQ09B SELL WEEKLY STOP,8980,2,359150,-59,-0.02,9,0,0.00,-54.5,-0.02,399,0.16,0
9,Entry short,2020-01-12 18:00,[CC] SELL WEEKLY,8978.75,2,359150,-59,-0.02,9,0,0.00,-54.5,-0.02,399,0.16,0
10,Exit short,2020-01-13 09:30,NQ09B SELL NY STOP,9018.5,2,360690,-59,-0.02,9,85.5,0.02,-54.5,-0.02,340,0.14,0
10,Entry short,2020-01-13 09:30,[CC] SELL NY,9017.25,2,360690,-59,-0.02,9,85.5,0.02,-54.5,-0.02,340,0.14,0
11,Exit short,2020-01-14 09:30,NQ09B SELL NY STOP,9077.5,2,363050,-59,-0.02,9,0,0.00,-54.5,-0.02,281,0.11,0
11,Entry short,2020-01-14 09:30,[CC] SELL NY,9076.25,2,363050,-59,-0.02,9,0,0.00,-54.5,-0.02,281,0.11,0
12,Exit short,2020-01-15 09:30,NQ09B SELL NY STOP,9055,2,362150,-59,-0.02,9,95.5,0.03,-54.5,-0.02,222,0.09,0
12,Entry short,2020-01-15 09:30,[CC] SELL NY,9053.75,2,362150,-59,-0.02,9,95.5,0.03,-54.5,-0.02,222,0.09,0
13,Exit short,2020-01-16 09:30,NQ09B SELL NY STOP,9096.75,2,363820,-59,-0.02,9,295.5,0.08,-54.5,-0.01,163,0.07,0
13,Entry short,2020-01-16 09:30,[CC] SELL NY,9095.5,2,363820,-59,-0.02,9,295.5,0.08,-54.5,-0.01,163,0.07,0
14,Exit short,2020-01-17 09:30,NQ09B SELL NY STOP,9176.5,2,367010,-59,-0.02,9,0,0.00,-54.5,-0.01,104,0.04,0
14,Entry short,2020-01-17 09:30,[CC] SELL NY,9175.25,2,367010,-59,-0.02,9,0,0.00,-54.5,-0.01,104,0.04,0
15,Exit short,2020-01-19 18:00,NQ09B SELL WEEKLY STOP,9175,2,366950,-59,-0.02,9,0,0.00,-54.5,-0.01,45,0.02,0
15,Entry short,2020-01-19 18:00,[CC] SELL WEEKLY,9173.75,2,366950,-59,-0.02,9,0,0.00,-54.5,-0.01,45,0.02,0
16,Exit short,2020-01-20 09:30,NQ09B SELL NY STOP,9167.75,2,366660,-59,-0.02,9,125.5,0.03,-54.5,-0.01,-14,-0.01,0
16,Entry short,2020-01-20 09:30,[CC] SELL NY,9166.5,2,366660,-59,-0.02,9,125.5,0.03,-54.5,-0.01,-14,-0.01,0
17,Exit short,2020-01-21 09:30,NQ09B SELL NY STOP,9154.75,2,366140,-59,-0.02,9,65.5,0.02,-54.5,-0.01,-73,-0.03,0
17,Entry short,2020-01-21 09:30,[CC] SELL NY,9153.5,2,366140,-59,-0.02,9,65.5,0.02,-54.5,-0.01,-73,-0.03,0
18,Exit short,2020-01-22 09:30,NQ09B SELL NY STOP,9224.25,2,368920,-59,-0.02,9,0,0.00,-54.5,-0.01,-132,-0.05,0
18,Entry short,2020-01-22 09:30,[CC] SELL NY,9223,2,368920,-59,-0.02,9,0,0.00,-54.5,-0.01,-132,-0.05,0
19,Exit short,2020-01-23 09:30,NQ09B SELL NY STOP,9194,2,367710,-59,-0.02,9,0,0.00,-54.5,-0.01,-191,-0.08,0
19,Entry short,2020-01-23 09:30,[CC] SELL NY,9192.75,2,367710,-59,-0.02,9,0,0.00,-54.5,-0.01,-191,-0.08,0
20,Exit short,2020-01-24 09:30,NQ09B SELL NY STOP,9274,2,370910,-59,-0.02,9,0,0.00,-54.5,-0.01,-250,-0.10,0
20,Entry short,2020-01-24 09:30,[CC] SELL NY,9272.75,2,370910,-59,-0.02,9,0,0.00,-54.5,-0.01,-250,-0.10,0
21,Exit short,2020-01-26 18:00,NQ09B SELL WEEKLY W80,9068.75,2,363070,311,0.09,9,315.5,0.09,-14.5,0.00,61,0.02,0
21,Entry short,2020-01-26 18:00,[CC] SELL WEEKLY,9076.75,2,363070,311,0.09,9,315.5,0.09,-14.5,0.00,61,0.02,0
22,Exit short,2020-01-27 09:30,NQ09B SELL NY STOP,8948.25,2,357880,-59,-0.02,9,0,0.00,-54.5,-0.02,2,0.00,0
22,Entry short,2020-01-27 09:30,[CC] SELL NY,8947,2,357880,-59,-0.02,9,0,0.00,-54.5,-0.02,2,0.00,0
23,Exit short,2020-01-27 18:00,NQ09B SELL WEEKDAY 1800 STOP,8953.5,1,179045,-29.5,-0.02,4.5,0,0.00,-27.25,-0.02,-27.5,-0.01,0
23,Entry short,2020-01-27 18:00,[CC] SELL WEAK,8952.25,1,179045,-29.5,-0.02,4.5,0,0.00,-27.25,-0.02,-27.5,-0.01,0
24,Exit short,2020-01-28 09:30,NQ09B SELL NY STOP,9024.75,2,360940,-59,-0.02,9,315.5,0.09,-54.5,-0.02,-86.5,-0.03,0
24,Entry short,2020-01-28 09:30,[CC] SELL NY,9023.5,2,360940,-59,-0.02,9,315.5,0.09,-54.5,-0.02,-86.5,-0.03,0
25,Exit short,2020-01-28 18:00,NQ09B SELL WEEKDAY 1800 STOP,9120.5,2,364770,-59,-0.02,9,0,0.00,-54.5,-0.01,-145.5,-0.06,0
25,Entry short,2020-01-28 18:00,[CC] SELL PREMIUM,9119.25,2,364770,-59,-0.02,9,0,0.00,-54.5,-0.01,-145.5,-0.06,0
26,Exit short,2020-01-29 09:30,NQ09B SELL NY STOP,9150,2,365950,-59,-0.02,9,0,0.00,-54.5,-0.01,-204.5,-0.08,0
26,Entry short,2020-01-29 09:30,[CC] SELL NY,9148.75,2,365950,-59,-0.02,9,0,0.00,-54.5,-0.01,-204.5,-0.08,0
27,Exit short,2020-01-29 18:00,NQ09B SELL WEEKDAY 1800 STOP,9112.25,2,364440,-59,-0.02,9,165.5,0.05,-54.5,-0.01,-263.5,-0.11,0
27,Entry short,2020-01-29 18:00,[CC] SELL PREMIUM,9111,2,364440,-59,-0.02,9,165.5,0.05,-54.5,-0.01,-263.5,-0.11,0
28,Exit short,2020-01-30 09:30,NQ09B SELL NY STOP,9052.75,2,362060,-59,-0.02,9,275.5,0.08,-54.5,-0.02,-322.5,-0.13,0
28,Entry short,2020-01-30 09:30,[CC] SELL NY,9051.5,2,362060,-59,-0.02,9,275.5,0.08,-54.5,-0.02,-322.5,-0.13,0
29,Exit short,2020-01-30 18:00,NQ09B SELL WEEKDAY 1800 STOP,9227.5,2,369050,-59,-0.02,9,0,0.00,-54.5,-0.01,-381.5,-0.15,0
29,Entry short,2020-01-30 18:00,[CC] SELL PREMIUM,9226.25,2,369050,-59,-0.02,9,0,0.00,-54.5,-0.01,-381.5,-0.15,0
30,Exit short,2020-01-31 09:30,NQ09B SELL NY STOP,9182.5,2,367250,-59,-0.02,9,0,0.00,-54.5,-0.01,-440.5,-0.18,0
30,Entry short,2020-01-31 09:30,[CC] SELL NY,9181.25,2,367250,-59,-0.02,9,0,0.00,-54.5,-0.01,-440.5,-0.18,0
31,Exit short,2020-02-02 18:00,NQ09B SELL WEEKLY STOP,8983.75,2,359300,-59,-0.02,9,295.5,0.08,-54.5,-0.02,-499.5,-0.20,0
31,Entry short,2020-02-02 18:00,[CC] SELL WEEKLY,8982.5,2,359300,-59,-0.02,9,295.5,0.08,-54.5,-0.02,-499.5,-0.20,0
32,Exit short,2020-02-03 09:30,NQ09B SELL NY STOP,9042.5,2,361650,-59,-0.02,9,215.5,0.06,-54.5,-0.02,-558.5,-0.22,0
32,Entry short,2020-02-03 09:30,[CC] SELL NY,9041.25,2,361650,-59,-0.02,9,215.5,0.06,-54.5,-0.02,-558.5,-0.22,0
33,Exit short,2020-02-03 18:00,NQ09B SELL WEEKDAY 1800 D80,9090.75,2,363950,311,0.09,9,315.5,0.09,-24.5,-0.01,-247.5,-0.10,0
33,Entry short,2020-02-03 18:00,[CC] SELL PREMIUM,9098.75,2,363950,311,0.09,9,315.5,0.09,-24.5,-0.01,-247.5,-0.10,0
34,Exit short,2020-02-04 09:30,NQ09B SELL NY STOP,9259,2,370310,-59,-0.02,9,0,0.00,-54.5,-0.01,-306.5,-0.12,0
34,Entry short,2020-02-04 09:30,[CC] SELL NY,9257.75,2,370310,-59,-0.02,9,0,0.00,-54.5,-0.01,-306.5,-0.12,0
35,Exit short,2020-02-04 18:00,NQ09B SELL WEEKDAY 1800 STOP,9358,2,374270,-59,-0.02,9,0,0.00,-54.5,-0.01,-365.5,-0.15,0
35,Entry short,2020-02-04 18:00,[CC] SELL PREMIUM,9356.75,2,374270,-59,-0.02,9,0,0.00,-54.5,-0.01,-365.5,-0.15,0
36,Exit short,2020-02-05 09:30,NQ09B SELL NY STOP,9458,2,378270,-59,-0.02,9,0,0.00,-54.5,-0.01,-424.5,-0.17,0
36,Entry short,2020-02-05 09:30,[CC] SELL NY,9456.75,2,378270,-59,-0.02,9,0,0.00,-54.5,-0.01,-424.5,-0.17,0
37,Exit short,2020-02-05 18:00,NQ09B SELL WEEKDAY 1800 STOP,9391,1,187795,-29.5,-0.02,4.5,0,0.00,-27.25,-0.01,-454,-0.18,0
37,Entry short,2020-02-05 18:00,[CC] SELL WEAK,9389.75,1,187795,-29.5,-0.02,4.5,0,0.00,-27.25,-0.01,-454,-0.18,0
38,Exit short,2020-02-06 09:30,NQ09B SELL NY STOP,9397.5,2,375850,-59,-0.02,9,0,0.00,-54.5,-0.01,-513,-0.21,0
38,Entry short,2020-02-06 09:30,[CC] SELL NY,9396.25,2,375850,-59,-0.02,9,0,0.00,-54.5,-0.01,-513,-0.21,0
39,Exit short,2020-02-06 18:00,NQ09B SELL WEEKDAY 1800 STOP,9468,1,189335,-29.5,-0.02,4.5,0,0.00,-27.25,-0.01,-542.5,-0.22,0
39,Entry short,2020-02-06 18:00,[CC] SELL WEAK,9466.75,1,189335,-29.5,-0.02,4.5,0,0.00,-27.25,-0.01,-542.5,-0.22,0
40,Exit short,2020-02-07 09:30,NQ09B SELL NY STOP,9412.25,2,376440,-59,-0.02,9,0,0.00,-54.5,-0.01,-601.5,-0.24,0
40,Entry short,2020-02-07 09:30,[CC] SELL NY,9411,2,376440,-59,-0.02,9,0,0.00,-54.5,-0.01,-601.5,-0.24,0
41,Exit short,2020-02-09 18:00,NQ09B SELL WEEKLY W80,9393.25,2,376050,311,0.08,9,315.5,0.08,-14.5,0.00,-290.5,-0.12,0
41,Entry short,2020-02-09 18:00,[CC] SELL WEEKLY,9401.25,2,376050,311,0.08,9,315.5,0.08,-14.5,0.00,-290.5,-0.12,0
42,Exit short,2020-02-10 09:30,NQ09B SELL NY STOP,9381.25,2,375200,-59,-0.02,9,45.5,0.01,-54.5,-0.01,-349.5,-0.14,0
42,Entry short,2020-02-10 09:30,[CC] SELL NY,9380,2,375200,-59,-0.02,9,45.5,0.01,-54.5,-0.01,-349.5,-0.14,0
43,Exit short,2020-02-11 09:30,NQ09B SELL NY STOP,9577.75,2,383060,-59,-0.02,9,0,0.00,-54.5,-0.01,-408.5,-0.16,0
43,Entry short,2020-02-11 09:30,[CC] SELL NY,9576.5,2,383060,-59,-0.02,9,0,0.00,-54.5,-0.01,-408.5,-0.16,0
44,Exit short,2020-02-11 18:00,NQ09B SELL WEEKDAY 1800 STOP,9537.25,1,190720,-29.5,-0.02,4.5,52.75,0.03,-27.25,-0.01,-438,-0.18,0
44,Entry short,2020-02-11 18:00,[CC] SELL WEAK,9536,1,190720,-29.5,-0.02,4.5,52.75,0.03,-27.25,-0.01,-438,-0.18,0
45,Exit short,2020-02-12 09:30,NQ09B SELL NY STOP,9581.5,2,383210,-59,-0.02,9,25.5,0.01,-54.5,-0.01,-497,-0.20,0
45,Entry short,2020-02-12 09:30,[CC] SELL NY,9580.25,2,383210,-59,-0.02,9,25.5,0.01,-54.5,-0.01,-497,-0.20,0
46,Exit short,2020-02-13 09:30,NQ09B SELL NY STOP,9550.75,2,381980,-59,-0.02,9,405.5,0.11,-54.5,-0.01,-556,-0.22,0
46,Entry short,2020-02-13 09:30,[CC] SELL NY,9549.5,2,381980,-59,-0.02,9,405.5,0.11,-54.5,-0.01,-556,-0.22,0
47,Exit short,2020-02-13 18:00,NQ09B SELL WEEKDAY 1800 D80,9618,2,385040,311,0.08,9,315.5,0.08,-24.5,-0.01,-245,-0.10,0
47,Entry short,2020-02-13 18:00,[CC] SELL PREMIUM,9626,2,385040,311,0.08,9,315.5,0.08,-24.5,-0.01,-245,-0.10,0
48,Exit short,2020-02-14 09:30,NQ09B SELL NY STOP,9619.75,2,384740,-59,-0.02,9,205.5,0.05,-54.5,-0.01,-304,-0.12,0
48,Entry short,2020-02-14 09:30,[CC] SELL NY,9618.5,2,384740,-59,-0.02,9,205.5,0.05,-54.5,-0.01,-304,-0.12,0
49,Exit short,2020-02-16 18:00,NQ09B SELL WEEKLY STOP,9636,2,385390,-59,-0.02,9,15.5,0.00,-54.5,-0.01,-363,-0.15,0
49,Entry short,2020-02-16 18:00,[CC] SELL WEEKLY,9634.75,2,385390,-59,-0.02,9,15.5,0.00,-54.5,-0.01,-363,-0.15,0
50,Exit short,2020-02-17 09:30,NQ09B SELL NY STOP,9657.25,2,386240,-59,-0.02,9,0,0.00,-54.5,-0.01,-422,-0.17,0
50,Entry short,2020-02-17 09:30,[CC] SELL NY,9656,2,386240,-59,-0.02,9,0,0.00,-54.5,-0.01,-422,-0.17,0
51,Exit short,2020-02-18 09:30,NQ09B SELL NY STOP,9584.75,2,383340,-59,-0.02,9,355.5,0.09,-54.5,-0.01,-481,-0.19,0
51,Entry short,2020-02-18 09:30,[CC] SELL NY,9583.5,2,383340,-59,-0.02,9,355.5,0.09,-54.5,-0.01,-481,-0.19,0
52,Exit short,2020-02-18 18:00,NQ09B SELL WEEKDAY 1800 STOP,9644.25,1,192860,-29.5,-0.02,4.5,32.75,0.02,-27.25,-0.01,-510.5,-0.20,0
52,Entry short,2020-02-18 18:00,[CC] SELL WEAK,9643,1,192860,-29.5,-0.02,4.5,32.75,0.02,-27.25,-0.01,-510.5,-0.20,0
53,Exit short,2020-02-19 09:30,NQ09B SELL NY STOP,9691.25,2,387600,-59,-0.02,9,335.5,0.09,-54.5,-0.01,-569.5,-0.23,0
53,Entry short,2020-02-19 09:30,[CC] SELL NY,9690,2,387600,-59,-0.02,9,335.5,0.09,-54.5,-0.01,-569.5,-0.23,0
54,Exit short,2020-02-20 09:30,NQ09B SELL NY STOP,9705.75,2,388180,-59,-0.02,9,185.5,0.05,-54.5,-0.01,-628.5,-0.25,0
54,Entry short,2020-02-20 09:30,[CC] SELL NY,9704.5,2,388180,-59,-0.02,9,185.5,0.05,-54.5,-0.01,-628.5,-0.25,0
55,Exit short,2020-02-20 18:00,NQ09B SELL WEEKDAY 1800 STOP,9618.25,2,384680,-59,-0.02,9,0,0.00,-54.5,-0.01,-687.5,-0.27,0
55,Entry short,2020-02-20 18:00,[CC] SELL PREMIUM,9617,2,384680,-59,-0.02,9,0,0.00,-54.5,-0.01,-687.5,-0.27,0
56,Exit short,2020-02-21 09:30,NQ09B SELL NY STOP,9591,2,383590,-59,-0.02,9,0,0.00,-54.5,-0.01,-746.5,-0.30,0
56,Entry short,2020-02-21 09:30,[CC] SELL NY,9589.75,2,383590,-59,-0.02,9,0,0.00,-54.5,-0.01,-746.5,-0.30,0
57,Exit short,2020-02-23 18:00,NQ09B SELL WEEKLY STOP,9356.25,2,374200,-59,-0.02,9,0,0.00,-54.5,-0.01,-805.5,-0.32,0
57,Entry short,2020-02-23 18:00,[CC] SELL WEEKLY,9355,2,374200,-59,-0.02,9,0,0.00,-54.5,-0.01,-805.5,-0.32,0
58,Exit short,2020-02-24 09:30,NQ09B SELL NY STOP,9105,2,364150,-59,-0.02,9,0,0.00,-54.5,-0.01,-864.5,-0.35,0
58,Entry short,2020-02-24 09:30,[CC] SELL NY,9103.75,2,364150,-59,-0.02,9,0,0.00,-54.5,-0.01,-864.5,-0.35,0
59,Exit short,2020-02-24 18:00,NQ09B SELL WEEKDAY 1800 STOP,9092,2,363630,-59,-0.02,9,0,0.00,-54.5,-0.01,-923.5,-0.37,0
59,Entry short,2020-02-24 18:00,[CC] SELL PREMIUM,9090.75,2,363630,-59,-0.02,9,0,0.00,-54.5,-0.01,-923.5,-0.37,0
60,Exit short,2020-02-25 09:30,NQ09B SELL NY N130 TP2,9146.25,2,366360,501,0.14,9,505.5,0.14,-14.5,0.00,-422.5,-0.17,0
60,Entry short,2020-02-25 09:30,[CC] SELL NY,9159,2,366360,501,0.14,9,505.5,0.14,-14.5,0.00,-422.5,-0.17,0
61,Exit short,2020-02-25 18:00,NQ09B SELL WEEKDAY 1800 STOP,8869.25,2,354720,-59,-0.02,9,145.5,0.04,-54.5,-0.02,-481.5,-0.19,0
61,Entry short,2020-02-25 18:00,[CC] SELL PREMIUM,8868,2,354720,-59,-0.02,9,145.5,0.04,-54.5,-0.02,-481.5,-0.19,0
62,Exit short,2020-02-26 09:30,NQ09B SELL NY STOP,8891.75,2,355620,-59,-0.02,9,415.5,0.12,-54.5,-0.02,-540.5,-0.22,0
62,Entry short,2020-02-26 09:30,[CC] SELL NY,8890.5,2,355620,-59,-0.02,9,415.5,0.12,-54.5,-0.02,-540.5,-0.22,0
63,Exit short,2020-02-26 18:00,NQ09B SELL WEEKDAY 1800 STOP,8812.5,2,352450,-59,-0.02,9,265.5,0.08,-54.5,-0.02,-599.5,-0.24,0
63,Entry short,2020-02-26 18:00,[CC] SELL PREMIUM,8811.25,2,352450,-59,-0.02,9,265.5,0.08,-54.5,-0.02,-599.5,-0.24,0
64,Exit short,2020-02-27 09:30,NQ09B SELL NY N130 TP2,8645,2,346310,501,0.14,9,505.5,0.15,-14.5,0.00,-98.5,-0.04,0
64,Entry short,2020-02-27 09:30,[CC] SELL NY,8657.75,2,346310,501,0.14,9,505.5,0.15,-14.5,0.00,-98.5,-0.04,0
65,Exit short,2020-02-27 18:00,NQ09B SELL WEEKDAY 1800 STOP,8348,2,333870,-59,-0.02,9,0,0.00,-54.5,-0.02,-157.5,-0.06,0
65,Entry short,2020-02-27 18:00,[CC] SELL PREMIUM,8346.75,2,333870,-59,-0.02,9,0,0.00,-54.5,-0.02,-157.5,-0.06,0
66,Exit short,2020-02-28 09:30,NQ09B SELL NY N130 TP2,8148,2,326430,501,0.15,9,505.5,0.15,-14.5,0.00,343.5,0.14,0
66,Entry short,2020-02-28 09:30,[CC] SELL NY,8160.75,2,326430,501,0.15,9,505.5,0.15,-14.5,0.00,343.5,0.14,0
67,Exit short,2020-03-01 18:00,NQ09B SELL WEEKLY STOP,8350.25,2,333960,-59,-0.02,9,0,0.00,-54.5,-0.02,284.5,0.11,0
67,Entry short,2020-03-01 18:00,[CC] SELL WEEKLY,8349,2,333960,-59,-0.02,9,0,0.00,-54.5,-0.02,284.5,0.11,0
68,Exit short,2020-03-02 09:30,NQ09B SELL NY STOP,8565,2,342550,-59,-0.02,9,0,0.00,-54.5,-0.02,225.5,0.09,0
68,Entry short,2020-03-02 09:30,[CC] SELL NY,8563.75,2,342550,-59,-0.02,9,0,0.00,-54.5,-0.02,225.5,0.09,0
69,Exit short,2020-03-02 18:00,NQ09B SELL WEEKDAY 1800 STOP,8831.5,2,353210,-59,-0.02,9,205.5,0.06,-54.5,-0.02,166.5,0.07,0
69,Entry short,2020-03-02 18:00,[CC] SELL PREMIUM,8830.25,2,353210,-59,-0.02,9,205.5,0.06,-54.5,-0.02,166.5,0.07,0
70,Exit short,2020-03-03 09:30,NQ09B SELL NY STOP,8902,2,356030,-59,-0.02,9,0,0.00,-54.5,-0.02,107.5,0.04,0
70,Entry short,2020-03-03 09:30,[CC] SELL NY,8900.75,2,356030,-59,-0.02,9,0,0.00,-54.5,-0.02,107.5,0.04,0
71,Exit short,2020-03-03 18:00,NQ09B SELL WEEKDAY 1800 STOP,8558.5,2,342290,-59,-0.02,9,0,0.00,-54.5,-0.02,48.5,0.02,0
71,Entry short,2020-03-03 18:00,[CC] SELL PREMIUM,8557.25,2,342290,-59,-0.02,9,0,0.00,-54.5,-0.02,48.5,0.02,0
72,Exit short,2020-03-04 09:30,NQ09B SELL NY STOP,8746.5,2,349810,-59,-0.02,9,335.5,0.10,-54.5,-0.02,-10.5,0.00,0
72,Entry short,2020-03-04 09:30,[CC] SELL NY,8745.25,2,349810,-59,-0.02,9,335.5,0.10,-54.5,-0.02,-10.5,0.00,0
73,Exit short,2020-03-05 09:30,NQ09B SELL NY N130 TP2,8703.25,2,348640,501,0.14,9,505.5,0.14,-14.5,0.00,490.5,0.20,0
73,Entry short,2020-03-05 09:30,[CC] SELL NY,8716,2,348640,501,0.14,9,505.5,0.14,-14.5,0.00,490.5,0.20,0
74,Exit short,2020-03-05 18:00,NQ09B SELL WEEKDAY 1800 STOP,8678,1,173535,-29.5,-0.02,4.5,0,0.00,-27.25,-0.02,461,0.18,0
74,Entry short,2020-03-05 18:00,[CC] SELL WEAK,8676.75,1,173535,-29.5,-0.02,4.5,0,0.00,-27.25,-0.02,461,0.18,0
75,Exit short,2020-03-06 09:30,NQ09B SELL NY STOP,8385.5,2,335370,-59,-0.02,9,135.5,0.04,-54.5,-0.02,402,0.16,0
75,Entry short,2020-03-06 09:30,[CC] SELL NY,8384.25,2,335370,-59,-0.02,9,135.5,0.04,-54.5,-0.02,402,0.16,0
76,Exit short,2020-03-08 18:00,NQ09B SELL WEEKLY STOP,8370,2,334750,-59,-0.02,9,0,0.00,-54.5,-0.02,343,0.14,0
76,Entry short,2020-03-08 18:00,[CC] SELL WEEKLY,8368.75,2,334750,-59,-0.02,9,0,0.00,-54.5,-0.02,343,0.14,0
77,Exit short,2020-03-09 09:30,NQ09B SELL NY N130 TP2,7960,2,318910,501,0.16,9,505.5,0.16,-34.5,-0.01,844,0.34,0
77,Entry short,2020-03-09 09:30,[CC] SELL NY,7972.75,2,318910,501,0.16,9,505.5,0.16,-34.5,-0.01,844,0.34,0
78,Exit short,2020-03-09 18:00,NQ09B SELL WEEKDAY 1800 STOP,7894.75,1,157870,-29.5,-0.02,4.5,0,0.00,-27.25,-0.02,814.5,0.33,0
78,Entry short,2020-03-09 18:00,[CC] SELL WEAK,7893.5,1,157870,-29.5,-0.02,4.5,0,0.00,-27.25,-0.02,814.5,0.33,0
79,Exit short,2020-03-10 09:30,NQ09B SELL NY STOP,8238.5,2,329490,-59,-0.02,9,0,0.00,-54.5,-0.02,755.5,0.30,0
79,Entry short,2020-03-10 09:30,[CC] SELL NY,8237.25,2,329490,-59,-0.02,9,0,0.00,-54.5,-0.02,755.5,0.30,0
80,Exit short,2020-03-10 18:00,NQ09B SELL WEEKDAY 1800 STOP,8318,1,166335,-29.5,-0.02,4.5,0,0.00,-27.25,-0.02,726,0.29,0
80,Entry short,2020-03-10 18:00,[CC] SELL WEAK,8316.75,1,166335,-29.5,-0.02,4.5,0,0.00,-27.25,-0.02,726,0.29,0
81,Exit short,2020-03-11 09:30,NQ09B SELL NY N130 TP2,8150.75,2,326540,501,0.15,9,505.5,0.15,-14.5,0.00,1227,0.49,0
81,Entry short,2020-03-11 09:30,[CC] SELL NY,8163.5,2,326540,501,0.15,9,505.5,0.15,-14.5,0.00,1227,0.49,0
82,Exit short,2020-03-11 18:00,NQ09B SELL WEEKDAY 1800 D80,7990.5,1,159970,155.5,0.10,4.5,157.75,0.10,-7.25,0.00,1382.5,0.55,0
82,Entry short,2020-03-11 18:00,[CC] SELL WEAK,7998.5,1,159970,155.5,0.10,4.5,157.75,0.10,-7.25,0.00,1382.5,0.55,0
83,Exit short,2020-03-12 09:30,NQ09B SELL NY STOP,7506.5,2,300210,-59,-0.02,9,0,0.00,-54.5,-0.02,1323.5,0.53,0
83,Entry short,2020-03-12 09:30,[CC] SELL NY,7505.25,2,300210,-59,-0.02,9,0,0.00,-54.5,-0.02,1323.5,0.53,0
84,Exit short,2020-03-12 18:00,NQ09B SELL WEEKDAY 1800 STOP,7101,2,283990,-59,-0.02,9,0,0.00,-54.5,-0.02,1264.5,0.51,0
84,Entry short,2020-03-12 18:00,[CC] SELL PREMIUM,7099.75,2,283990,-59,-0.02,9,0,0.00,-54.5,-0.02,1264.5,0.51,0
85,Exit short,2020-03-13 09:30,NQ09B SELL NY STOP,7691,2,307590,-59,-0.02,9,0,0.00,-54.5,-0.02,1205.5,0.48,0
85,Entry short,2020-03-13 09:30,[CC] SELL NY,7689.75,2,307590,-59,-0.02,9,0,0.00,-54.5,-0.02,1205.5,0.48,0
86,Exit short,2020-03-15 18:00,NQ09B SELL WEEKLY STOP,7904,2,316110,-59,-0.02,9,0,0.00,-54.5,-0.02,1146.5,0.46,0
86,Entry short,2020-03-15 18:00,[CC] SELL WEEKLY,7902.75,2,316110,-59,-0.02,9,0,0.00,-54.5,-0.02,1146.5,0.46,0
87,Exit short,2020-03-16 09:30,NQ09B SELL NY N130 TP2,7229,2,295840,6671,2.25,9,6675.5,2.26,-14.5,0.00,7817.5,3.13,0
87,Entry short,2020-03-16 09:30,[CC] SELL NY,7396,2,295840,6671,2.25,9,6675.5,2.26,-14.5,0.00,7817.5,3.13,0
88,Exit short,2020-03-16 18:00,NQ09B SELL WEEKDAY 1800 D80,7028,2,281440,311,0.11,9,315.5,0.11,-14.5,-0.01,8128.5,3.25,0
88,Entry short,2020-03-16 18:00,[CC] SELL PREMIUM,7036,2,281440,311,0.11,9,315.5,0.11,-14.5,-0.01,8128.5,3.25,0
89,Exit short,2020-03-17 09:30,NQ09B SELL NY N130 TP2,7154.25,2,286680,501,0.17,9,505.5,0.18,-14.5,-0.01,8629.5,3.45,0
89,Entry short,2020-03-17 09:30,[CC] SELL NY,7167,2,286680,501,0.17,9,505.5,0.18,-14.5,-0.01,8629.5,3.45,0
90,Exit short,2020-03-17 18:00,NQ09B SELL WEEKDAY 1800 D80,7335,2,293720,311,0.11,9,315.5,0.11,-14.5,0.00,8940.5,3.58,0
90,Entry short,2020-03-17 18:00,[CC] SELL PREMIUM,7343,2,293720,311,0.11,9,315.5,0.11,-14.5,0.00,8940.5,3.58,0
91,Exit short,2020-03-18 09:30,NQ09B SELL NY STOP,6975,2,278950,-59,-0.02,9,485.5,0.17,-54.5,-0.02,8881.5,3.55,0
91,Entry short,2020-03-18 09:30,[CC] SELL NY,6973.75,2,278950,-59,-0.02,9,485.5,0.17,-54.5,-0.02,8881.5,3.55,0
92,Exit short,2020-03-18 18:00,NQ09B SELL WEEKDAY 1800 STOP,7235.25,1,144680,-29.5,-0.02,4.5,0,0.00,-27.25,-0.02,8852,3.54,0
92,Entry short,2020-03-18 18:00,[CC] SELL WEAK,7234,1,144680,-29.5,-0.02,4.5,0,0.00,-27.25,-0.02,8852,3.54,0
93,Exit short,2020-03-19 09:30,NQ09B SELL NY STOP,7178.25,2,287080,-59,-0.02,9,0,0.00,-54.5,-0.02,8793,3.52,0
93,Entry short,2020-03-19 09:30,[CC] SELL NY,7177,2,287080,-59,-0.02,9,0,0.00,-54.5,-0.02,8793,3.52,0
94,Exit short,2020-03-19 18:00,NQ09B SELL WEEKDAY 1800 STOP,7178,2,287070,-59,-0.02,9,0,0.00,-54.5,-0.02,8734,3.49,0
94,Entry short,2020-03-19 18:00,[CC] SELL PREMIUM,7176.75,2,287070,-59,-0.02,9,0,0.00,-54.5,-0.02,8734,3.49,0
95,Exit short,2020-03-20 09:30,NQ09B SELL NY STOP,7430,2,297150,-59,-0.02,9,0,0.00,-54.5,-0.02,8675,3.47,0
95,Entry short,2020-03-20 09:30,[CC] SELL NY,7428.75,2,297150,-59,-0.02,9,0,0.00,-54.5,-0.02,8675,3.47,0
96,Exit short,2020-03-22 18:00,NQ09B SELL WEEKLY W80,6789.75,2,271910,311,0.11,9,315.5,0.12,-14.5,-0.01,8986,3.59,0
96,Entry short,2020-03-22 18:00,[CC] SELL WEEKLY,6797.75,2,271910,311,0.11,9,315.5,0.12,-14.5,-0.01,8986,3.59,0
97,Exit short,2020-03-23 09:30,NQ09B SELL NY STOP,7000.75,2,279980,-59,-0.02,9,0,0.00,-54.5,-0.02,8927,3.57,0
97,Entry short,2020-03-23 09:30,[CC] SELL NY,6999.5,2,279980,-59,-0.02,9,0,0.00,-54.5,-0.02,8927,3.57,0
98,Exit short,2020-03-23 18:00,NQ09B SELL WEEKDAY 1800 STOP,7006.75,1,140110,-29.5,-0.02,4.5,0,0.00,-27.25,-0.02,8897.5,3.56,0
98,Entry short,2020-03-23 18:00,[CC] SELL WEAK,7005.5,1,140110,-29.5,-0.02,4.5,0,0.00,-27.25,-0.02,8897.5,3.56,0
99,Exit short,2020-03-24 09:30,NQ09B SELL NY STOP,7380.25,2,295160,-59,-0.02,9,0,0.00,-54.5,-0.02,8838.5,3.54,0
99,Entry short,2020-03-24 09:30,[CC] SELL NY,7379,2,295160,-59,-0.02,9,0,0.00,-54.5,-0.02,8838.5,3.54,0
100,Exit short,2020-03-24 18:00,NQ09B SELL WEEKDAY 1800 STOP,7545.75,1,150890,-29.5,-0.02,4.5,0,0.00,-27.25,-0.02,8809,3.52,0
100,Entry short,2020-03-24 18:00,[CC] SELL WEAK,7544.5,1,150890,-29.5,-0.02,4.5,0,0.00,-27.25,-0.02,8809,3.52,0
101,Exit short,2020-03-25 09:30,NQ09B SELL NY STOP,7556.25,2,302200,-59,-0.02,9,0,0.00,-54.5,-0.02,8750,3.50,0
101,Entry short,2020-03-25 09:30,[CC] SELL NY,7555,2,302200,-59,-0.02,9,0,0.00,-54.5,-0.02,8750,3.50,0
102,Exit short,2020-03-25 18:00,NQ09B SELL WEEKDAY 1800 D80,7475.25,1,149665,155.5,0.10,4.5,157.75,0.11,-7.25,0.00,8905.5,3.56,0
102,Entry short,2020-03-25 18:00,[CC] SELL WEAK,7483.25,1,149665,155.5,0.10,4.5,157.75,0.11,-7.25,0.00,8905.5,3.56,0
103,Exit short,2020-03-26 09:30,NQ09B SELL NY STOP,7528.25,2,301080,-59,-0.02,9,485.5,0.16,-54.5,-0.02,8846.5,3.54,0
103,Entry short,2020-03-26 09:30,[CC] SELL NY,7527,2,301080,-59,-0.02,9,485.5,0.16,-54.5,-0.02,8846.5,3.54,0
104,Exit short,2020-03-27 09:30,NQ09B SELL NY N130 TP2,7641.75,2,306180,501,0.16,9,505.5,0.17,-14.5,0.00,9347.5,3.74,0
104,Entry short,2020-03-27 09:30,[CC] SELL NY,7654.5,2,306180,501,0.16,9,505.5,0.17,-14.5,0.00,9347.5,3.74,0
105,Exit short,2020-03-29 18:00,NQ09B SELL WEEKLY W80,7387.5,2,295820,311,0.11,9,315.5,0.11,-14.5,0.00,9658.5,3.86,0
105,Entry short,2020-03-29 18:00,[CC] SELL WEEKLY,7395.5,2,295820,311,0.11,9,315.5,0.11,-14.5,0.00,9658.5,3.86,0
106,Exit short,2020-03-30 09:30,NQ09B SELL NY STOP,7662.5,2,306450,-59,-0.02,9,445.5,0.15,-54.5,-0.02,9599.5,3.84,0
106,Entry short,2020-03-30 09:30,[CC] SELL NY,7661.25,2,306450,-59,-0.02,9,445.5,0.15,-54.5,-0.02,9599.5,3.84,0
107,Exit short,2020-03-31 09:30,NQ09B SELL NY STOP,7845.75,2,313780,-59,-0.02,9,0,0.00,-54.5,-0.02,9540.5,3.82,0
107,Entry short,2020-03-31 09:30,[CC] SELL NY,7844.5,2,313780,-59,-0.02,9,0,0.00,-54.5,-0.02,9540.5,3.82,0
108,Exit short,2020-03-31 18:00,NQ09B SELL WEEKDAY 1800 STOP,7773.5,1,155445,-29.5,-0.02,4.5,0,0.00,-27.25,-0.02,9511,3.80,0
108,Entry short,2020-03-31 18:00,[CC] SELL WEAK,7772.25,1,155445,-29.5,-0.02,4.5,0,0.00,-27.25,-0.02,9511,3.80,0
109,Exit short,2020-04-01 09:30,NQ09B SELL NY STOP,7564.5,2,302530,-59,-0.02,9,85.5,0.03,-54.5,-0.02,9452,3.78,0
109,Entry short,2020-04-01 09:30,[CC] SELL NY,7563.25,2,302530,-59,-0.02,9,85.5,0.03,-54.5,-0.02,9452,3.78,0
110,Exit short,2020-04-01 18:00,NQ09B SELL WEEKDAY 1800 D80,7465.25,1,149465,155.5,0.10,4.5,157.75,0.11,-7.25,0.00,9607.5,3.84,0
110,Entry short,2020-04-01 18:00,[CC] SELL WEAK,7473.25,1,149465,155.5,0.10,4.5,157.75,0.11,-7.25,0.00,9607.5,3.84,0
111,Exit short,2020-04-02 09:30,NQ09B SELL NY N130 TP2,7419.75,2,297300,501,0.17,9,505.5,0.17,-14.5,0.00,10108.5,4.04,0
111,Entry short,2020-04-02 09:30,[CC] SELL NY,7432.5,2,297300,501,0.17,9,505.5,0.17,-14.5,0.00,10108.5,4.04,0
112,Exit short,2020-04-03 09:30,NQ09B SELL NY N130 TP2,7579.75,2,303700,501,0.16,9,505.5,0.17,-14.5,0.00,10609.5,4.24,0
112,Entry short,2020-04-03 09:30,[CC] SELL NY,7592.5,2,303700,501,0.16,9,505.5,0.17,-14.5,0.00,10609.5,4.24,0
113,Exit short,2020-04-05 18:00,NQ09B SELL WEEKLY STOP,7536.75,2,301420,-59,-0.02,9,0,0.00,-54.5,-0.02,10550.5,4.22,0
113,Entry short,2020-04-05 18:00,[CC] SELL WEEKLY,7535.5,2,301420,-59,-0.02,9,0,0.00,-54.5,-0.02,10550.5,4.22,0
114,Exit short,2020-04-06 09:30,NQ09B SELL NY STOP,7799,2,311910,-59,-0.02,9,0,0.00,-54.5,-0.02,10491.5,4.20,0
114,Entry short,2020-04-06 09:30,[CC] SELL NY,7797.75,2,311910,-59,-0.02,9,0,0.00,-54.5,-0.02,10491.5,4.20,0
115,Exit short,2020-04-07 09:30,NQ09B SELL NY STOP,8283.5,2,331290,-59,-0.02,9,0,0.00,-54.5,-0.02,10432.5,4.17,0
115,Entry short,2020-04-07 09:30,[CC] SELL NY,8282.25,2,331290,-59,-0.02,9,0,0.00,-54.5,-0.02,10432.5,4.17,0
116,Exit short,2020-04-08 09:30,NQ09B SELL NY STOP,8116.75,2,324620,-59,-0.02,9,55.5,0.02,-54.5,-0.02,10373.5,4.15,0
116,Entry short,2020-04-08 09:30,[CC] SELL NY,8115.5,2,324620,-59,-0.02,9,55.5,0.02,-54.5,-0.02,10373.5,4.15,0
117,Exit short,2020-04-09 09:30,NQ09B SELL NY STOP,8285.5,2,331370,-59,-0.02,9,0,0.00,-54.5,-0.02,10314.5,4.13,0
117,Entry short,2020-04-09 09:30,[CC] SELL NY,8284.25,2,331370,-59,-0.02,9,0,0.00,-54.5,-0.02,10314.5,4.13,0
118,Exit short,2020-04-13 09:30,NQ09B SELL NY STOP,8190,2,327550,-59,-0.02,9,455.5,0.14,-54.5,-0.02,10255.5,4.10,0
118,Entry short,2020-04-13 09:30,[CC] SELL NY,8188.75,2,327550,-59,-0.02,9,455.5,0.14,-54.5,-0.02,10255.5,4.10,0
119,Exit short,2020-04-14 09:30,NQ09B SELL NY STOP,8488.25,2,339480,-59,-0.02,9,0,0.00,-54.5,-0.02,10196.5,4.08,0
119,Entry short,2020-04-14 09:30,[CC] SELL NY,8487,2,339480,-59,-0.02,9,0,0.00,-54.5,-0.02,10196.5,4.08,0
120,Exit short,2020-04-15 09:30,NQ09B SELL NY STOP,8544.25,2,341720,-59,-0.02,9,0,0.00,-54.5,-0.02,10137.5,4.06,0
120,Entry short,2020-04-15 09:30,[CC] SELL NY,8543,2,341720,-59,-0.02,9,0,0.00,-54.5,-0.02,10137.5,4.06,0
121,Exit short,2020-04-15 18:00,NQ09B SELL WEEKDAY 1800 STOP,8577,1,171515,-29.5,-0.02,4.5,47.75,0.03,-27.25,-0.02,10108,4.04,0
121,Entry short,2020-04-15 18:00,[CC] SELL WEAK,8575.75,1,171515,-29.5,-0.02,4.5,47.75,0.03,-27.25,-0.02,10108,4.04,0
122,Exit short,2020-04-16 09:30,NQ09B SELL NY STOP,8679.25,2,347120,-59,-0.02,9,465.5,0.13,-54.5,-0.02,10049,4.02,0
122,Entry short,2020-04-16 09:30,[CC] SELL NY,8678,2,347120,-59,-0.02,9,465.5,0.13,-54.5,-0.02,10049,4.02,0
123,Exit short,2020-04-16 18:00,NQ09B SELL WEEKDAY 1800 STOP,8910.75,1,178190,-29.5,-0.02,4.5,0,0.00,-27.25,-0.02,10019.5,4.01,0
123,Entry short,2020-04-16 18:00,[CC] SELL WEAK,8909.5,1,178190,-29.5,-0.02,4.5,0,0.00,-27.25,-0.02,10019.5,4.01,0
124,Exit short,2020-04-17 09:30,NQ09B SELL NY STOP,8850,2,353950,-59,-0.02,9,0,0.00,-54.5,-0.02,9960.5,3.98,0
124,Entry short,2020-04-17 09:30,[CC] SELL NY,8848.75,2,353950,-59,-0.02,9,0,0.00,-54.5,-0.02,9960.5,3.98,0
125,Exit short,2020-04-19 18:00,NQ09B SELL WEEKLY W80,8791.25,2,351970,311,0.09,9,315.5,0.09,-14.5,0.00,10271.5,4.11,0
125,Entry short,2020-04-19 18:00,[CC] SELL WEEKLY,8799.25,2,351970,311,0.09,9,315.5,0.09,-14.5,0.00,10271.5,4.11,0
126,Exit short,2020-04-20 09:30,NQ09B SELL NY STOP,8738,2,349470,-59,-0.02,9,275.5,0.08,-54.5,-0.02,10212.5,4.09,0
126,Entry short,2020-04-20 09:30,[CC] SELL NY,8736.75,2,349470,-59,-0.02,9,275.5,0.08,-54.5,-0.02,10212.5,4.09,0
127,Exit short,2020-04-20 18:00,NQ09B SELL WEEKDAY 1800 STOP,8696,1,173895,-29.5,-0.02,4.5,0,0.00,-27.25,-0.02,10183,4.07,0
127,Entry short,2020-04-20 18:00,[CC] SELL WEAK,8694.75,1,173895,-29.5,-0.02,4.5,0,0.00,-27.25,-0.02,10183,4.07,0
128,Exit short,2020-04-21 09:30,NQ09B SELL NY STOP,8631.5,2,345210,-59,-0.02,9,0,0.00,-54.5,-0.02,10124,4.05,0
128,Entry short,2020-04-21 09:30,[CC] SELL NY,8630.25,2,345210,-59,-0.02,9,0,0.00,-54.5,-0.02,10124,4.05,0
129,Exit short,2020-04-21 18:00,NQ09B SELL WEEKDAY 1800 STOP,8448,2,337870,-59,-0.02,9,55.5,0.02,-54.5,-0.02,10065,4.03,0
129,Entry short,2020-04-21 18:00,[CC] SELL PREMIUM,8446.75,2,337870,-59,-0.02,9,55.5,0.02,-54.5,-0.02,10065,4.03,0
130,Exit short,2020-04-22 09:30,NQ09B SELL NY STOP,8569.25,2,342720,-59,-0.02,9,0,0.00,-54.5,-0.02,10006,4.00,0
130,Entry short,2020-04-22 09:30,[CC] SELL NY,8568,2,342720,-59,-0.02,9,0,0.00,-54.5,-0.02,10006,4.00,0
131,Exit short,2020-04-23 09:30,NQ09B SELL NY N130 TP2,8663.75,2,347060,501,0.14,9,505.5,0.15,-14.5,0.00,10507,4.20,0
131,Entry short,2020-04-23 09:30,[CC] SELL NY,8676.5,2,347060,501,0.14,9,505.5,0.15,-14.5,0.00,10507,4.20,0
132,Exit short,2020-04-23 18:00,NQ09B SELL WEEKDAY 1800 STOP,8589.25,1,171760,-29.5,-0.02,4.5,0,0.00,-27.25,-0.02,10477.5,4.19,0
132,Entry short,2020-04-23 18:00,[CC] SELL WEAK,8588,1,171760,-29.5,-0.02,4.5,0,0.00,-27.25,-0.02,10477.5,4.19,0
133,Exit short,2020-04-24 09:30,NQ09B SELL NY N130 TP2,8631.5,2,345770,501,0.14,9,505.5,0.15,-14.5,0.00,10978.5,4.39,0
133,Entry short,2020-04-24 09:30,[CC] SELL NY,8644.25,2,345770,501,0.14,9,505.5,0.15,-14.5,0.00,10978.5,4.39,0
134,Exit short,2020-04-26 18:00,NQ09B SELL WEEKLY STOP,8767,2,350630,-59,-0.02,9,0,0.00,-54.5,-0.02,10919.5,4.37,0
134,Entry short,2020-04-26 18:00,[CC] SELL WEEKLY,8765.75,2,350630,-59,-0.02,9,0,0.00,-54.5,-0.02,10919.5,4.37,0
135,Exit short,2020-04-27 09:30,NQ09B SELL NY STOP,8859,2,354310,-59,-0.02,9,0,0.00,-54.5,-0.02,10860.5,4.34,0
135,Entry short,2020-04-27 09:30,[CC] SELL NY,8857.75,2,354310,-59,-0.02,9,0,0.00,-54.5,-0.02,10860.5,4.34,0
136,Exit short,2020-04-28 09:30,NQ09B SELL NY STOP,8904.25,2,356120,-59,-0.02,9,0,0.00,-54.5,-0.02,10801.5,4.32,0
136,Entry short,2020-04-28 09:30,[CC] SELL NY,8903,2,356120,-59,-0.02,9,0,0.00,-54.5,-0.02,10801.5,4.32,0
137,Exit short,2020-04-28 18:00,NQ09B SELL WEEKDAY 1800 STOP,8760.25,1,175180,-29.5,-0.02,4.5,0,0.00,-27.25,-0.02,10772,4.31,0
137,Entry short,2020-04-28 18:00,[CC] SELL WEAK,8759,1,175180,-29.5,-0.02,4.5,0,0.00,-27.25,-0.02,10772,4.31,0
138,Exit short,2020-04-29 09:30,NQ09B SELL NY STOP,8861,2,354390,-59,-0.02,9,0,0.00,-54.5,-0.02,10713,4.29,0
138,Entry short,2020-04-29 09:30,[CC] SELL NY,8859.75,2,354390,-59,-0.02,9,0,0.00,-54.5,-0.02,10713,4.29,0
139,Exit short,2020-04-29 18:00,NQ09B SELL WEEKDAY 1800 D80,9101.25,2,364370,311,0.09,9,315.5,0.09,-14.5,0.00,11024,4.41,0
139,Entry short,2020-04-29 18:00,[CC] SELL PREMIUM,9109.25,2,364370,311,0.09,9,315.5,0.09,-14.5,0.00,11024,4.41,0
140,Exit short,2020-04-30 09:30,NQ09B SELL NY STOP,9016.75,2,360620,-59,-0.02,9,0,0.00,-54.5,-0.02,10965,4.39,0
140,Entry short,2020-04-30 09:30,[CC] SELL NY,9015.5,2,360620,-59,-0.02,9,0,0.00,-54.5,-0.02,10965,4.39,0
141,Exit short,2020-04-30 18:00,NQ09B SELL WEEKDAY 1800 STOP,8848,2,353870,-59,-0.02,9,0,0.00,-54.5,-0.02,10906,4.36,0
141,Entry short,2020-04-30 18:00,[CC] SELL PREMIUM,8846.75,2,353870,-59,-0.02,9,0,0.00,-54.5,-0.02,10906,4.36,0
142,Exit short,2020-05-01 09:30,NQ09B SELL NY STOP,8792,2,351630,-59,-0.02,9,425.5,0.12,-54.5,-0.02,10847,4.34,0
142,Entry short,2020-05-01 09:30,[CC] SELL NY,8790.75,2,351630,-59,-0.02,9,425.5,0.12,-54.5,-0.02,10847,4.34,0
143,Exit short,2020-05-03 18:00,NQ09B SELL WEEKLY STOP,8625,2,344950,-59,-0.02,9,0,0.00,-54.5,-0.02,10788,4.32,0
143,Entry short,2020-05-03 18:00,[CC] SELL WEEKLY,8623.75,2,344950,-59,-0.02,9,0,0.00,-54.5,-0.02,10788,4.32,0
144,Exit short,2020-05-04 09:30,NQ09B SELL NY STOP,8672,2,346830,-59,-0.02,9,0,0.00,-54.5,-0.02,10729,4.29,0
144,Entry short,2020-05-04 09:30,[CC] SELL NY,8670.75,2,346830,-59,-0.02,9,0,0.00,-54.5,-0.02,10729,4.29,0
145,Exit short,2020-05-05 09:30,NQ09B SELL NY STOP,8908.25,2,356280,-59,-0.02,9,465.5,0.13,-54.5,-0.02,10670,4.27,0
145,Entry short,2020-05-05 09:30,[CC] SELL NY,8907,2,356280,-59,-0.02,9,465.5,0.13,-54.5,-0.02,10670,4.27,0
146,Exit short,2020-05-05 18:00,NQ09B SELL WEEKDAY 1800 D80,8920.25,1,178565,155.5,0.09,4.5,157.75,0.09,-7.25,0.00,10825.5,4.33,0
146,Entry short,2020-05-05 18:00,[CC] SELL WEAK,8928.25,1,178565,155.5,0.09,4.5,157.75,0.09,-7.25,0.00,10825.5,4.33,0
147,Exit short,2020-05-06 09:30,NQ09B SELL NY N130 TP2,8974.5,2,359490,501,0.14,9,505.5,0.14,-14.5,0.00,11326.5,4.53,0
147,Entry short,2020-05-06 09:30,[CC] SELL NY,8987.25,2,359490,501,0.14,9,505.5,0.14,-14.5,0.00,11326.5,4.53,0
148,Exit short,2020-05-07 09:30,NQ09B SELL NY STOP,9087.5,2,363450,-59,-0.02,9,485.5,0.13,-54.5,-0.01,11267.5,4.51,0
148,Entry short,2020-05-07 09:30,[CC] SELL NY,9086.25,2,363450,-59,-0.02,9,485.5,0.13,-54.5,-0.01,11267.5,4.51,0
149,Exit short,2020-05-08 09:30,NQ09B SELL NY STOP,9159.5,2,366330,-59,-0.02,9,0,0.00,-54.5,-0.01,11208.5,4.48,0
149,Entry short,2020-05-08 09:30,[CC] SELL NY,9158.25,2,366330,-59,-0.02,9,0,0.00,-54.5,-0.01,11208.5,4.48,0
150,Exit short,2020-05-10 18:00,NQ09B SELL WEEKLY STOP,9195.75,2,367780,-59,-0.02,9,0,0.00,-54.5,-0.01,11149.5,4.46,0
150,Entry short,2020-05-10 18:00,[CC] SELL WEEKLY,9194.5,2,367780,-59,-0.02,9,0,0.00,-54.5,-0.01,11149.5,4.46,0
151,Exit short,2020-05-11 09:30,NQ09B SELL NY STOP,9158.25,2,366280,-59,-0.02,9,375.5,0.10,-54.5,-0.01,11090.5,4.44,0
151,Entry short,2020-05-11 09:30,[CC] SELL NY,9157,2,366280,-59,-0.02,9,375.5,0.10,-54.5,-0.01,11090.5,4.44,0
152,Exit short,2020-05-12 09:30,NQ09B SELL NY N130 TP2,9307,2,372790,501,0.13,9,505.5,0.14,-14.5,0.00,11591.5,4.64,0
152,Entry short,2020-05-12 09:30,[CC] SELL NY,9319.75,2,372790,501,0.13,9,505.5,0.14,-14.5,0.00,11591.5,4.64,0
153,Exit short,2020-05-12 18:00,NQ09B SELL WEEKDAY 1800 STOP,9046.75,2,361820,-59,-0.02,9,0,0.00,-54.5,-0.02,11532.5,4.61,0
153,Entry short,2020-05-12 18:00,[CC] SELL PREMIUM,9045.5,2,361820,-59,-0.02,9,0,0.00,-54.5,-0.02,11532.5,4.61,0
154,Exit short,2020-05-13 09:30,NQ09B SELL NY STOP,9123,2,364870,-59,-0.02,9,0,0.00,-54.5,-0.01,11473.5,4.59,0
154,Entry short,2020-05-13 09:30,[CC] SELL NY,9121.75,2,364870,-59,-0.02,9,0,0.00,-54.5,-0.01,11473.5,4.59,0
155,Exit short,2020-05-13 18:00,NQ09B SELL WEEKDAY 1800 STOP,9013.75,1,180250,-29.5,-0.02,4.5,0,0.00,-27.25,-0.02,11444,4.58,0
155,Entry short,2020-05-13 18:00,[CC] SELL WEAK,9012.5,1,180250,-29.5,-0.02,4.5,0,0.00,-27.25,-0.02,11444,4.58,0
156,Exit short,2020-05-14 09:30,NQ09B SELL NY STOP,8935.25,2,357360,-59,-0.02,9,385.5,0.11,-54.5,-0.02,11385,4.55,0
156,Entry short,2020-05-14 09:30,[CC] SELL NY,8934,2,357360,-59,-0.02,9,385.5,0.11,-54.5,-0.02,11385,4.55,0
157,Exit short,2020-05-14 18:00,NQ09B SELL WEEKDAY 1800 STOP,9086.5,1,181705,-29.5,-0.02,4.5,0,0.00,-27.25,-0.01,11355.5,4.54,0
157,Entry short,2020-05-14 18:00,[CC] SELL WEAK,9085.25,1,181705,-29.5,-0.02,4.5,0,0.00,-27.25,-0.01,11355.5,4.54,0
158,Exit short,2020-05-15 09:30,NQ09B SELL NY STOP,8963,2,358470,-59,-0.02,9,185.5,0.05,-54.5,-0.02,11296.5,4.52,0
158,Entry short,2020-05-15 09:30,[CC] SELL NY,8961.75,2,358470,-59,-0.02,9,185.5,0.05,-54.5,-0.02,11296.5,4.52,0
159,Exit short,2020-05-17 18:00,NQ09B SELL WEEKLY STOP,9136,2,365390,-59,-0.02,9,0,0.00,-54.5,-0.01,11237.5,4.50,0
159,Entry short,2020-05-17 18:00,[CC] SELL WEEKLY,9134.75,2,365390,-59,-0.02,9,0,0.00,-54.5,-0.01,11237.5,4.50,0
160,Exit short,2020-05-18 09:30,NQ09B SELL NY STOP,9269.75,2,370740,-59,-0.02,9,0,0.00,-54.5,-0.01,11178.5,4.47,0
160,Entry short,2020-05-18 09:30,[CC] SELL NY,9268.5,2,370740,-59,-0.02,9,0,0.00,-54.5,-0.01,11178.5,4.47,0
161,Exit short,2020-05-19 09:30,NQ09B SELL NY STOP,9327.75,2,373060,-59,-0.02,9,495.5,0.13,-54.5,-0.01,11119.5,4.45,0
161,Entry short,2020-05-19 09:30,[CC] SELL NY,9326.5,2,373060,-59,-0.02,9,495.5,0.13,-54.5,-0.01,11119.5,4.45,0
162,Exit short,2020-05-20 09:30,NQ09B SELL NY STOP,9403,2,376070,-59,-0.02,9,0,0.00,-54.5,-0.01,11060.5,4.42,0
162,Entry short,2020-05-20 09:30,[CC] SELL NY,9401.75,2,376070,-59,-0.02,9,0,0.00,-54.5,-0.01,11060.5,4.42,0
163,Exit short,2020-05-21 09:30,NQ09B SELL NY STOP,9484.5,2,379330,-59,-0.02,9,0,0.00,-54.5,-0.01,11001.5,4.40,0
163,Entry short,2020-05-21 09:30,[CC] SELL NY,9483.25,2,379330,-59,-0.02,9,0,0.00,-54.5,-0.01,11001.5,4.40,0
164,Exit short,2020-05-22 09:30,NQ09B SELL NY STOP,9359.25,2,374320,-59,-0.02,9,0,0.00,-54.5,-0.01,10942.5,4.38,0
164,Entry short,2020-05-22 09:30,[CC] SELL NY,9358,2,374320,-59,-0.02,9,0,0.00,-54.5,-0.01,10942.5,4.38,0
165,Exit short,2020-05-24 18:00,NQ09B SELL WEEKLY STOP,9397.25,2,375840,-59,-0.02,9,175.5,0.05,-54.5,-0.01,10883.5,4.35,0
165,Entry short,2020-05-24 18:00,[CC] SELL WEEKLY,9396,2,375840,-59,-0.02,9,175.5,0.05,-54.5,-0.01,10883.5,4.35,0
166,Exit short,2020-05-25 09:30,NQ09B SELL NY STOP,9519,2,380710,-59,-0.02,9,0,0.00,-54.5,-0.01,10824.5,4.33,0
166,Entry short,2020-05-25 09:30,[CC] SELL NY,9517.75,2,380710,-59,-0.02,9,0,0.00,-54.5,-0.01,10824.5,4.33,0
167,Exit short,2020-05-26 09:30,NQ09B SELL NY STOP,9559.75,2,382340,-59,-0.02,9,0,0.00,-54.5,-0.01,10765.5,4.31,0
167,Entry short,2020-05-26 09:30,[CC] SELL NY,9558.5,2,382340,-59,-0.02,9,0,0.00,-54.5,-0.01,10765.5,4.31,0
168,Exit short,2020-05-27 09:30,NQ09B SELL NY N130 TP2,9348.25,2,374440,501,0.13,9,505.5,0.13,-14.5,0.00,11266.5,4.51,0
168,Entry short,2020-05-27 09:30,[CC] SELL NY,9361,2,374440,501,0.13,9,505.5,0.13,-14.5,0.00,11266.5,4.51,0
169,Exit short,2020-05-28 09:30,NQ09B SELL NY STOP,9384,2,375310,-59,-0.02,9,15.5,0.00,-54.5,-0.01,11207.5,4.48,0
169,Entry short,2020-05-28 09:30,[CC] SELL NY,9382.75,2,375310,-59,-0.02,9,15.5,0.00,-54.5,-0.01,11207.5,4.48,0
170,Exit short,2020-05-28 18:00,NQ09B SELL WEEKDAY 1800 STOP,9454.5,1,189065,-29.5,-0.02,4.5,0,0.00,-27.25,-0.01,11178,4.47,0
170,Entry short,2020-05-28 18:00,[CC] SELL WEAK,9453.25,1,189065,-29.5,-0.02,4.5,0,0.00,-27.25,-0.01,11178,4.47,0
171,Exit short,2020-05-29 09:30,NQ09B SELL NY N130 TP2,9428.5,2,377650,501,0.13,9,505.5,0.13,-14.5,0.00,11679,4.67,0
171,Entry short,2020-05-29 09:30,[CC] SELL NY,9441.25,2,377650,501,0.13,9,505.5,0.13,-14.5,0.00,11679,4.67,0
172,Exit short,2020-05-31 18:00,NQ09B SELL WEEKLY STOP,9514,2,380510,-59,-0.02,9,0,0.00,-54.5,-0.01,11620,4.65,0
172,Entry short,2020-05-31 18:00,[CC] SELL WEEKLY,9512.75,2,380510,-59,-0.02,9,0,0.00,-54.5,-0.01,11620,4.65,0
173,Exit short,2020-06-01 09:30,NQ09B SELL NY N130 TP2,9507.25,2,380800,501,0.13,9,505.5,0.13,-14.5,0.00,12121,4.85,0
173,Entry short,2020-06-01 09:30,[CC] SELL NY,9520,2,380800,501,0.13,9,505.5,0.13,-14.5,0.00,12121,4.85,0
174,Exit short,2020-06-02 09:30,NQ09B SELL NY STOP,9605.25,2,384160,-59,-0.02,9,0,0.00,-54.5,-0.01,12062,4.82,0
174,Entry short,2020-06-02 09:30,[CC] SELL NY,9604,2,384160,-59,-0.02,9,0,0.00,-54.5,-0.01,12062,4.82,0
175,Exit short,2020-06-02 18:00,NQ09B SELL WEEKDAY 1800 STOP,9658.5,1,193145,-29.5,-0.02,4.5,0,0.00,-27.25,-0.01,12032.5,4.81,0
175,Entry short,2020-06-02 18:00,[CC] SELL WEAK,9657.25,1,193145,-29.5,-0.02,4.5,0,0.00,-27.25,-0.01,12032.5,4.81,0
176,Exit short,2020-06-03 09:30,NQ09B SELL NY STOP,9678.25,2,387080,-59,-0.02,9,0,0.00,-54.5,-0.01,11973.5,4.79,0
176,Entry short,2020-06-03 09:30,[CC] SELL NY,9677,2,387080,-59,-0.02,9,0,0.00,-54.5,-0.01,11973.5,4.79,0
177,Exit short,2020-06-04 09:30,NQ09B SELL NY STOP,9682.25,2,387240,-59,-0.02,9,445.5,0.12,-54.5,-0.01,11914.5,4.77,0
177,Entry short,2020-06-04 09:30,[CC] SELL NY,9681,2,387240,-59,-0.02,9,445.5,0.12,-54.5,-0.01,11914.5,4.77,0
178,Exit short,2020-06-04 18:00,NQ09B SELL WEEKDAY 1800 D80,9635.25,1,192865,155.5,0.08,4.5,157.75,0.08,-12.25,-0.01,12070,4.83,0
178,Entry short,2020-06-04 18:00,[CC] SELL WEAK,9643.25,1,192865,155.5,0.08,4.5,157.75,0.08,-12.25,-0.01,12070,4.83,0
179,Exit short,2020-06-05 09:30,NQ09B SELL NY N130 TP2,9657.75,2,386820,501,0.13,9,505.5,0.13,-14.5,0.00,12571,5.03,0
179,Entry short,2020-06-05 09:30,[CC] SELL NY,9670.5,2,386820,501,0.13,9,505.5,0.13,-14.5,0.00,12571,5.03,0
180,Exit short,2020-06-07 18:00,NQ09B SELL WEEKLY W80,9810.75,2,392750,311,0.08,9,315.5,0.08,-14.5,0.00,12882,5.15,0
180,Entry short,2020-06-07 18:00,[CC] SELL WEEKLY,9818.75,2,392750,311,0.08,9,315.5,0.08,-14.5,0.00,12882,5.15,0
181,Exit short,2020-06-08 09:30,NQ09B SELL NY STOP,9810.5,2,392370,-59,-0.02,9,0,0.00,-54.5,-0.01,12823,5.13,0
181,Entry short,2020-06-08 09:30,[CC] SELL NY,9809.25,2,392370,-59,-0.02,9,0,0.00,-54.5,-0.01,12823,5.13,0
182,Exit short,2020-06-09 09:30,NQ09B SELL NY STOP,9858.5,2,394290,-59,-0.01,9,205.5,0.05,-54.5,-0.01,12764,5.11,0
182,Entry short,2020-06-09 09:30,[CC] SELL NY,9857.25,2,394290,-59,-0.01,9,205.5,0.05,-54.5,-0.01,12764,5.11,0
183,Exit short,2020-06-09 18:00,NQ09B SELL WEEKDAY 1800 STOP,9961,1,199195,-29.5,-0.01,4.5,0,0.00,-27.25,-0.01,12734.5,5.09,0
183,Entry short,2020-06-09 18:00,[CC] SELL WEAK,9959.75,1,199195,-29.5,-0.01,4.5,0,0.00,-27.25,-0.01,12734.5,5.09,0
184,Exit short,2020-06-10 09:30,NQ09B SELL NY STOP,10039.5,2,401530,-59,-0.01,9,445.5,0.11,-54.5,-0.01,12675.5,5.07,0
184,Entry short,2020-06-10 09:30,[CC] SELL NY,10038.25,2,401530,-59,-0.01,9,445.5,0.11,-54.5,-0.01,12675.5,5.07,0
185,Exit short,2020-06-10 18:00,NQ09B SELL WEEKDAY 1800 STOP,10087.25,1,201720,-29.5,-0.01,4.5,67.75,0.03,-27.25,-0.01,12646,5.06,0
185,Entry short,2020-06-10 18:00,[CC] SELL WEAK,10086,1,201720,-29.5,-0.01,4.5,67.75,0.03,-27.25,-0.01,12646,5.06,0
186,Exit short,2020-06-11 09:30,NQ09B SELL NY N130 TP2,9914,2,397070,501,0.13,9,505.5,0.13,-14.5,0.00,13147,5.26,0
186,Entry short,2020-06-11 09:30,[CC] SELL NY,9926.75,2,397070,501,0.13,9,505.5,0.13,-14.5,0.00,13147,5.26,0
187,Exit short,2020-06-11 18:00,NQ09B SELL WEEKDAY 1800 D80,9607.75,2,384630,311,0.08,9,315.5,0.08,-14.5,0.00,13458,5.38,0
187,Entry short,2020-06-11 18:00,[CC] SELL PREMIUM,9615.75,2,384630,311,0.08,9,315.5,0.08,-14.5,0.00,13458,5.38,0
188,Exit short,2020-06-12 09:30,NQ09B SELL NY STOP,9797.75,2,391860,-59,-0.02,9,0,0.00,-54.5,-0.01,13399,5.36,0
188,Entry short,2020-06-12 09:30,[CC] SELL NY,9796.5,2,391860,-59,-0.02,9,0,0.00,-54.5,-0.01,13399,5.36,0
189,Exit short,2020-06-14 18:00,NQ09B SELL WEEKLY STOP,9537.75,2,381460,-59,-0.02,9,0,0.00,-54.5,-0.01,13340,5.34,0
189,Entry short,2020-06-14 18:00,[CC] SELL WEEKLY,9536.5,2,381460,-59,-0.02,9,0,0.00,-54.5,-0.01,13340,5.34,0
190,Exit short,2020-06-15 09:30,NQ09B SELL NY STOP,9523.75,2,380900,-59,-0.02,9,0,0.00,-54.5,-0.01,13281,5.31,0
190,Entry short,2020-06-15 09:30,[CC] SELL NY,9522.5,2,380900,-59,-0.02,9,0,0.00,-54.5,-0.01,13281,5.31,0
191,Exit short,2020-06-16 09:30,NQ09B SELL NY STOP,9977.75,2,399060,-59,-0.01,9,0,0.00,-54.5,-0.01,13222,5.29,0
191,Entry short,2020-06-16 09:30,[CC] SELL NY,9976.5,2,399060,-59,-0.01,9,0,0.00,-54.5,-0.01,13222,5.29,0
192,Exit short,2020-06-17 09:30,NQ09B SELL NY STOP,10003.75,2,400100,-59,-0.01,9,0,0.00,-54.5,-0.01,13163,5.27,0
192,Entry short,2020-06-17 09:30,[CC] SELL NY,10002.5,2,400100,-59,-0.01,9,0,0.00,-54.5,-0.01,13163,5.27,0
193,Exit short,2020-06-17 18:00,NQ09B SELL WEEKDAY 1800 STOP,9983.25,1,199640,-29.5,-0.01,4.5,0,0.00,-27.25,-0.01,13133.5,5.25,0
193,Entry short,2020-06-17 18:00,[CC] SELL WEAK,9982,1,199640,-29.5,-0.01,4.5,0,0.00,-27.25,-0.01,13133.5,5.25,0
194,Exit short,2020-06-18 09:30,NQ09B SELL NY STOP,9956.5,2,398210,-59,-0.01,9,195.5,0.05,-54.5,-0.01,13074.5,5.23,0
194,Entry short,2020-06-18 09:30,[CC] SELL NY,9955.25,2,398210,-59,-0.01,9,195.5,0.05,-54.5,-0.01,13074.5,5.23,0
195,Exit short,2020-06-18 18:00,NQ09B SELL WEEKDAY 1800 STOP,9986,1,199695,-29.5,-0.01,4.5,97.75,0.05,-27.25,-0.01,13045,5.22,0
195,Entry short,2020-06-18 18:00,[CC] SELL WEAK,9984.75,1,199695,-29.5,-0.01,4.5,97.75,0.05,-27.25,-0.01,13045,5.22,0
196,Exit short,2020-06-19 09:30,NQ09B SELL NY STOP,10099.25,2,403920,-59,-0.01,9,0,0.00,-54.5,-0.01,12986,5.19,0
196,Entry short,2020-06-19 09:30,[CC] SELL NY,10098,2,403920,-59,-0.01,9,0,0.00,-54.5,-0.01,12986,5.19,0
197,Exit short,2020-06-21 18:00,NQ09B SELL WEEKLY W80,9859.75,2,394710,311,0.08,9,315.5,0.08,-14.5,0.00,13297,5.32,0
197,Entry short,2020-06-21 18:00,[CC] SELL WEEKLY,9867.75,2,394710,311,0.08,9,315.5,0.08,-14.5,0.00,13297,5.32,0
198,Exit short,2020-06-22 09:30,NQ09B SELL NY STOP,9992,2,399630,-59,-0.01,9,185.5,0.05,-54.5,-0.01,13238,5.30,0
198,Entry short,2020-06-22 09:30,[CC] SELL NY,9990.75,2,399630,-59,-0.01,9,185.5,0.05,-54.5,-0.01,13238,5.30,0
199,Exit short,2020-06-23 09:30,NQ09B SELL NY STOP,10182.75,2,407260,-59,-0.01,9,0,0.00,-54.5,-0.01,13179,5.27,0
199,Entry short,2020-06-23 09:30,[CC] SELL NY,10181.5,2,407260,-59,-0.01,9,0,0.00,-54.5,-0.01,13179,5.27,0
200,Exit short,2020-06-23 18:00,NQ09B SELL WEEKDAY 1800 STOP,10184,2,407310,-59,-0.01,9,305.5,0.08,-54.5,-0.01,13120,5.25,0
200,Entry short,2020-06-23 18:00,[CC] SELL PREMIUM,10182.75,2,407310,-59,-0.01,9,305.5,0.08,-54.5,-0.01,13120,5.25,0
201,Exit short,2020-06-24 09:30,NQ09B SELL NY STOP,10168.25,2,406680,-59,-0.01,9,195.5,0.05,-54.5,-0.01,13061,5.22,0
201,Entry short,2020-06-24 09:30,[CC] SELL NY,10167,2,406680,-59,-0.01,9,195.5,0.05,-54.5,-0.01,13061,5.22,0
202,Exit short,2020-06-24 18:00,NQ09B SELL WEEKDAY 1800 D80,9997,2,400200,311,0.08,9,315.5,0.08,-14.5,0.00,13372,5.35,0
202,Entry short,2020-06-24 18:00,[CC] SELL PREMIUM,10005,2,400200,311,0.08,9,315.5,0.08,-14.5,0.00,13372,5.35,0
203,Exit short,2020-06-25 09:30,NQ09B SELL NY STOP,9998,2,399870,-59,-0.01,9,435.5,0.11,-54.5,-0.01,13313,5.33,0
203,Entry short,2020-06-25 09:30,[CC] SELL NY,9996.75,2,399870,-59,-0.01,9,435.5,0.11,-54.5,-0.01,13313,5.33,0
204,Exit short,2020-06-25 18:00,NQ09B SELL WEEKDAY 1800 STOP,10088,1,201735,-29.5,-0.01,4.5,22.75,0.01,-27.25,-0.01,13283.5,5.31,0
204,Entry short,2020-06-25 18:00,[CC] SELL WEAK,10086.75,1,201735,-29.5,-0.01,4.5,22.75,0.01,-27.25,-0.01,13283.5,5.31,0
205,Exit short,2020-06-26 09:30,NQ09B SELL NY STOP,10073.75,2,402900,-59,-0.01,9,0,0.00,-54.5,-0.01,13224.5,5.29,0
205,Entry short,2020-06-26 09:30,[CC] SELL NY,10072.5,2,402900,-59,-0.01,9,0,0.00,-54.5,-0.01,13224.5,5.29,0
206,Exit short,2020-06-28 18:00,NQ09B SELL WEEKLY STOP,9786.5,2,391410,-59,-0.02,9,195.5,0.05,-54.5,-0.01,13165.5,5.27,0
206,Entry short,2020-06-28 18:00,[CC] SELL WEEKLY,9785.25,2,391410,-59,-0.02,9,195.5,0.05,-54.5,-0.01,13165.5,5.27,0
207,Exit short,2020-06-29 09:30,NQ09B SELL NY STOP,9837.5,2,393450,-59,-0.01,9,0,0.00,-54.5,-0.01,13106.5,5.24,0
207,Entry short,2020-06-29 09:30,[CC] SELL NY,9836.25,2,393450,-59,-0.01,9,0,0.00,-54.5,-0.01,13106.5,5.24,0
208,Exit short,2020-06-29 18:00,NQ09B SELL WEEKDAY 1800 STOP,9984,2,399310,-59,-0.01,9,0,0.00,-54.5,-0.01,13047.5,5.22,0
208,Entry short,2020-06-29 18:00,[CC] SELL PREMIUM,9982.75,2,399310,-59,-0.01,9,0,0.00,-54.5,-0.01,13047.5,5.22,0
209,Exit short,2020-06-30 09:30,NQ09B SELL NY STOP,9950.5,2,397970,-59,-0.01,9,235.5,0.06,-54.5,-0.01,12988.5,5.20,0
209,Entry short,2020-06-30 09:30,[CC] SELL NY,9949.25,2,397970,-59,-0.01,9,235.5,0.06,-54.5,-0.01,12988.5,5.20,0
210,Exit short,2020-06-30 18:00,NQ09B SELL WEEKDAY 1800 STOP,10142,1,202815,-29.5,-0.01,4.5,0,0.00,-27.25,-0.01,12959,5.18,0
210,Entry short,2020-06-30 18:00,[CC] SELL WEAK,10140.75,1,202815,-29.5,-0.01,4.5,0,0.00,-27.25,-0.01,12959,5.18,0
211,Exit short,2020-07-01 09:30,NQ09B SELL NY STOP,10149.75,2,405940,-59,-0.01,9,325.5,0.08,-54.5,-0.01,12900,5.16,0
211,Entry short,2020-07-01 09:30,[CC] SELL NY,10148.5,2,405940,-59,-0.01,9,325.5,0.08,-54.5,-0.01,12900,5.16,0
212,Exit short,2020-07-01 18:00,NQ09B SELL WEEKDAY 1800 STOP,10259.5,1,205165,-29.5,-0.01,4.5,0,0.00,-27.25,-0.01,12870.5,5.15,0
212,Entry short,2020-07-01 18:00,[CC] SELL WEAK,10258.25,1,205165,-29.5,-0.01,4.5,0,0.00,-27.25,-0.01,12870.5,5.15,0
213,Exit short,2020-07-02 09:30,NQ09B SELL NY STOP,10369.5,2,414730,-59,-0.01,9,55.5,0.01,-54.5,-0.01,12811.5,5.12,0
213,Entry short,2020-07-02 09:30,[CC] SELL NY,10368.25,2,414730,-59,-0.01,9,55.5,0.01,-54.5,-0.01,12811.5,5.12,0
214,Exit short,2020-07-03 09:30,NQ09B SELL NY STOP,10355.25,2,414160,-59,-0.01,9,0,0.00,-54.5,-0.01,12752.5,5.10,0
214,Entry short,2020-07-03 09:30,[CC] SELL NY,10354,2,414160,-59,-0.01,9,0,0.00,-54.5,-0.01,12752.5,5.10,0
215,Exit short,2020-07-06 09:30,NQ09B SELL NY STOP,10471.5,2,418810,-59,-0.01,9,5.5,0.00,-54.5,-0.01,12693.5,5.08,0
215,Entry short,2020-07-06 09:30,[CC] SELL NY,10470.25,2,418810,-59,-0.01,9,5.5,0.00,-54.5,-0.01,12693.5,5.08,0
216,Exit short,2020-07-07 09:30,NQ09B SELL NY N130 TP2,10566.5,2,423170,501,0.12,9,505.5,0.12,-14.5,0.00,13194.5,5.28,0
216,Entry short,2020-07-07 09:30,[CC] SELL NY,10579.25,2,423170,501,0.12,9,505.5,0.12,-14.5,0.00,13194.5,5.28,0
217,Exit short,2020-07-08 09:30,NQ09B SELL NY STOP,10574.5,2,422930,-59,-0.01,9,265.5,0.06,-54.5,-0.01,13135.5,5.25,0
217,Entry short,2020-07-08 09:30,[CC] SELL NY,10573.25,2,422930,-59,-0.01,9,265.5,0.06,-54.5,-0.01,13135.5,5.25,0
218,Exit short,2020-07-09 09:30,NQ09B SELL NY N130 TP2,10721,2,429350,501,0.12,9,505.5,0.12,-14.5,0.00,13636.5,5.45,0
218,Entry short,2020-07-09 09:30,[CC] SELL NY,10733.75,2,429350,501,0.12,9,505.5,0.12,-14.5,0.00,13636.5,5.45,0
219,Exit short,2020-07-10 09:30,NQ09B SELL NY STOP,10735,2,429350,-59,-0.01,9,0,0.00,-54.5,-0.01,13577.5,5.43,0
219,Entry short,2020-07-10 09:30,[CC] SELL NY,10733.75,2,429350,-59,-0.01,9,0,0.00,-54.5,-0.01,13577.5,5.43,0
220,Exit short,2020-07-12 18:00,NQ09B SELL WEEKLY STOP,10849.25,2,433920,-59,-0.01,9,5.5,0.00,-54.5,-0.01,13518.5,5.41,0
220,Entry short,2020-07-12 18:00,[CC] SELL WEEKLY,10848,2,433920,-59,-0.01,9,5.5,0.00,-54.5,-0.01,13518.5,5.41,0
221,Exit short,2020-07-13 09:30,NQ09B SELL NY STOP,10938.75,2,437500,-59,-0.01,9,315.5,0.07,-54.5,-0.01,13459.5,5.38,0
221,Entry short,2020-07-13 09:30,[CC] SELL NY,10937.5,2,437500,-59,-0.01,9,315.5,0.07,-54.5,-0.01,13459.5,5.38,0
222,Exit short,2020-07-13 18:00,NQ09B SELL WEEKDAY 1800 STOP,10603,1,212035,-29.5,-0.01,4.5,22.75,0.01,-27.25,-0.01,13430,5.37,0
222,Entry short,2020-07-13 18:00,[CC] SELL WEAK,10601.75,1,212035,-29.5,-0.01,4.5,22.75,0.01,-27.25,-0.01,13430,5.37,0
223,Exit short,2020-07-14 09:30,NQ09B SELL NY STOP,10493.75,2,419700,-59,-0.01,9,475.5,0.11,-54.5,-0.01,13371,5.35,0
223,Entry short,2020-07-14 09:30,[CC] SELL NY,10492.5,2,419700,-59,-0.01,9,475.5,0.11,-54.5,-0.01,13371,5.35,0
224,Exit short,2020-07-14 18:00,NQ09B SELL WEEKDAY 1800 STOP,10707,2,428230,-59,-0.01,9,0,0.00,-54.5,-0.01,13312,5.32,0
224,Entry short,2020-07-14 18:00,[CC] SELL PREMIUM,10705.75,2,428230,-59,-0.01,9,0,0.00,-54.5,-0.01,13312,5.32,0
225,Exit short,2020-07-15 09:30,NQ09B SELL NY STOP,10725.75,2,428980,-59,-0.01,9,0,0.00,-54.5,-0.01,13253,5.30,0
225,Entry short,2020-07-15 09:30,[CC] SELL NY,10724.5,2,428980,-59,-0.01,9,0,0.00,-54.5,-0.01,13253,5.30,0
226,Exit short,2020-07-16 09:30,NQ09B SELL NY N130 TP2,10558.25,2,422840,501,0.12,9,505.5,0.12,-14.5,0.00,13754,5.50,0
226,Entry short,2020-07-16 09:30,[CC] SELL NY,10571,2,422840,501,0.12,9,505.5,0.12,-14.5,0.00,13754,5.50,0
227,Exit short,2020-07-17 09:30,NQ09B SELL NY STOP,10644,2,425710,-59,-0.01,9,0,0.00,-54.5,-0.01,13695,5.48,0
227,Entry short,2020-07-17 09:30,[CC] SELL NY,10642.75,2,425710,-59,-0.01,9,0,0.00,-54.5,-0.01,13695,5.48,0
228,Exit short,2020-07-19 18:00,NQ09B SELL WEEKLY STOP,10622.25,2,424840,-59,-0.01,9,305.5,0.07,-54.5,-0.01,13636,5.45,0
228,Entry short,2020-07-19 18:00,[CC] SELL WEEKLY,10621,2,424840,-59,-0.01,9,305.5,0.07,-54.5,-0.01,13636,5.45,0
229,Exit short,2020-07-20 09:30,NQ09B SELL NY STOP,10660.25,2,426360,-59,-0.01,9,305.5,0.07,-54.5,-0.01,13577,5.43,0
229,Entry short,2020-07-20 09:30,[CC] SELL NY,10659,2,426360,-59,-0.01,9,305.5,0.07,-54.5,-0.01,13577,5.43,0
230,Exit short,2020-07-21 09:30,NQ09B SELL NY STOP,11002.5,2,440050,-59,-0.01,9,0,0.00,-54.5,-0.01,13518,5.41,0
230,Entry short,2020-07-21 09:30,[CC] SELL NY,11001.25,2,440050,-59,-0.01,9,0,0.00,-54.5,-0.01,13518,5.41,0
231,Exit short,2020-07-22 09:30,NQ09B SELL NY N130 TP2,10825,2,433510,501,0.12,9,505.5,0.12,-14.5,0.00,14019,5.61,0
231,Entry short,2020-07-22 09:30,[CC] SELL NY,10837.75,2,433510,501,0.12,9,505.5,0.12,-14.5,0.00,14019,5.61,0
232,Exit short,2020-07-22 18:00,NQ09B SELL WEEKDAY 1800 D80,10841.75,1,216995,155.5,0.07,4.5,157.75,0.07,-7.25,0.00,14174.5,5.67,0
232,Entry short,2020-07-22 18:00,[CC] SELL WEAK,10849.75,1,216995,155.5,0.07,4.5,157.75,0.07,-7.25,0.00,14174.5,5.67,0
233,Exit short,2020-07-23 09:30,NQ09B SELL NY STOP,10843.5,2,433690,-59,-0.01,9,0,0.00,-54.5,-0.01,14115.5,5.65,0
233,Entry short,2020-07-23 09:30,[CC] SELL NY,10842.25,2,433690,-59,-0.01,9,0,0.00,-54.5,-0.01,14115.5,5.65,0
234,Exit short,2020-07-23 18:00,NQ09B SELL WEEKDAY 1800 STOP,10566.5,1,211305,-29.5,-0.01,4.5,2.75,0.00,-27.25,-0.01,14086,5.63,0
234,Entry short,2020-07-23 18:00,[CC] SELL WEAK,10565.25,1,211305,-29.5,-0.01,4.5,2.75,0.00,-27.25,-0.01,14086,5.63,0
235,Exit short,2020-07-24 09:30,NQ09B SELL NY STOP,10416.5,2,416610,-59,-0.01,9,0,0.00,-54.5,-0.01,14027,5.61,0
235,Entry short,2020-07-24 09:30,[CC] SELL NY,10415.25,2,416610,-59,-0.01,9,0,0.00,-54.5,-0.01,14027,5.61,0
236,Exit short,2020-07-26 18:00,NQ09B SELL WEEKLY W80,10481.75,2,419590,311,0.07,9,315.5,0.08,-14.5,0.00,14338,5.74,0
236,Entry short,2020-07-26 18:00,[CC] SELL WEEKLY,10489.75,2,419590,311,0.07,9,315.5,0.08,-14.5,0.00,14338,5.74,0
237,Exit short,2020-07-27 09:30,NQ09B SELL NY STOP,10547.75,2,421860,-59,-0.01,9,0,0.00,-54.5,-0.01,14279,5.71,0
237,Entry short,2020-07-27 09:30,[CC] SELL NY,10546.5,2,421860,-59,-0.01,9,0,0.00,-54.5,-0.01,14279,5.71,0
238,Exit short,2020-07-28 09:30,NQ09B SELL NY STOP,10632,2,425230,-59,-0.01,9,0,0.00,-54.5,-0.01,14220,5.69,0
238,Entry short,2020-07-28 09:30,[CC] SELL NY,10630.75,2,425230,-59,-0.01,9,0,0.00,-54.5,-0.01,14220,5.69,0
239,Exit short,2020-07-29 09:30,NQ09B SELL NY STOP,10589.75,2,423540,-59,-0.01,9,465.5,0.11,-54.5,-0.01,14161,5.66,0
239,Entry short,2020-07-29 09:30,[CC] SELL NY,10588.5,2,423540,-59,-0.01,9,465.5,0.11,-54.5,-0.01,14161,5.66,0
240,Exit short,2020-07-29 18:00,NQ09B SELL WEEKDAY 1800 STOP,10701,2,427990,-59,-0.01,9,0,0.00,-54.5,-0.01,14102,5.64,0
240,Entry short,2020-07-29 18:00,[CC] SELL PREMIUM,10699.75,2,427990,-59,-0.01,9,0,0.00,-54.5,-0.01,14102,5.64,0
241,Exit short,2020-07-30 09:30,NQ09B SELL NY N130 TP2,10553.5,2,422650,501,0.12,9,505.5,0.12,-14.5,0.00,14603,5.84,0
241,Entry short,2020-07-30 09:30,[CC] SELL NY,10566.25,2,422650,501,0.12,9,505.5,0.12,-14.5,0.00,14603,5.84,0
242,Exit short,2020-07-30 18:00,NQ09B SELL WEEKDAY 1800 STOP,10907.5,2,436250,-59,-0.01,9,5.5,0.00,-54.5,-0.01,14544,5.82,0
242,Entry short,2020-07-30 18:00,[CC] SELL PREMIUM,10906.25,2,436250,-59,-0.01,9,5.5,0.00,-54.5,-0.01,14544,5.82,0
243,Exit short,2020-07-31 09:30,NQ09B SELL NY STOP,10896.75,2,435820,-59,-0.01,9,0,0.00,-54.5,-0.01,14485,5.79,0
243,Entry short,2020-07-31 09:30,[CC] SELL NY,10895.5,2,435820,-59,-0.01,9,0,0.00,-54.5,-0.01,14485,5.79,0
244,Exit short,2020-08-02 18:00,NQ09B SELL WEEKLY STOP,10934.25,2,437320,-59,-0.01,9,0,0.00,-54.5,-0.01,14426,5.77,0
244,Entry short,2020-08-02 18:00,[CC] SELL WEEKLY,10933,2,437320,-59,-0.01,9,0,0.00,-54.5,-0.01,14426,5.77,0
245,Exit short,2020-08-03 09:30,NQ09B SELL NY STOP,10988.25,2,439480,-59,-0.01,9,255.5,0.06,-54.5,-0.01,14367,5.75,0
245,Entry short,2020-08-03 09:30,[CC] SELL NY,10987,2,439480,-59,-0.01,9,255.5,0.06,-54.5,-0.01,14367,5.75,0
246,Exit short,2020-08-04 09:30,NQ09B SELL NY STOP,11016,2,440590,-59,-0.01,9,25.5,0.01,-54.5,-0.01,14308,5.72,0
246,Entry short,2020-08-04 09:30,[CC] SELL NY,11014.75,2,440590,-59,-0.01,9,25.5,0.01,-54.5,-0.01,14308,5.72,0
247,Exit short,2020-08-05 09:30,NQ09B SELL NY STOP,11102.25,2,444040,-59,-0.01,9,0,0.00,-54.5,-0.01,14249,5.70,0
247,Entry short,2020-08-05 09:30,[CC] SELL NY,11101,2,444040,-59,-0.01,9,0,0.00,-54.5,-0.01,14249,5.70,0
248,Exit short,2020-08-06 09:30,NQ09B SELL NY STOP,11099.75,2,443940,-59,-0.01,9,95.5,0.02,-54.5,-0.01,14190,5.68,0
248,Entry short,2020-08-06 09:30,[CC] SELL NY,11098.5,2,443940,-59,-0.01,9,95.5,0.02,-54.5,-0.01,14190,5.68,0
249,Exit short,2020-08-07 09:30,NQ09B SELL NY STOP,11233.75,2,449300,-59,-0.01,9,0,0.00,-54.5,-0.01,14131,5.65,0
249,Entry short,2020-08-07 09:30,[CC] SELL NY,11232.5,2,449300,-59,-0.01,9,0,0.00,-54.5,-0.01,14131,5.65,0
250,Exit short,2020-08-09 18:00,NQ09B SELL WEEKLY STOP,11141.25,2,445600,-59,-0.01,9,0,0.00,-54.5,-0.01,14072,5.63,0
250,Entry short,2020-08-09 18:00,[CC] SELL WEEKLY,11140,2,445600,-59,-0.01,9,0,0.00,-54.5,-0.01,14072,5.63,0
251,Exit short,2020-08-10 09:30,NQ09B SELL NY STOP,11138.75,2,445500,-59,-0.01,9,0,0.00,-54.5,-0.01,14013,5.61,0
251,Entry short,2020-08-10 09:30,[CC] SELL NY,11137.5,2,445500,-59,-0.01,9,0,0.00,-54.5,-0.01,14013,5.61,0
252,Exit short,2020-08-11 09:30,NQ09B SELL NY STOP,11028.25,2,441080,-59,-0.01,9,0,0.00,-54.5,-0.01,13954,5.58,0
252,Entry short,2020-08-11 09:30,[CC] SELL NY,11027,2,441080,-59,-0.01,9,0,0.00,-54.5,-0.01,13954,5.58,0
253,Exit short,2020-08-11 18:00,NQ09B SELL WEEKDAY 1800 STOP,10929.5,2,437130,-59,-0.01,9,55.5,0.01,-54.5,-0.01,13895,5.56,0
253,Entry short,2020-08-11 18:00,[CC] SELL PREMIUM,10928.25,2,437130,-59,-0.01,9,55.5,0.01,-54.5,-0.01,13895,5.56,0
254,Exit short,2020-08-12 09:30,NQ09B SELL NY STOP,10959.25,2,438320,-59,-0.01,9,15.5,0.00,-54.5,-0.01,13836,5.53,0
254,Entry short,2020-08-12 09:30,[CC] SELL NY,10958,2,438320,-59,-0.01,9,15.5,0.00,-54.5,-0.01,13836,5.53,0
255,Exit short,2020-08-12 18:00,NQ09B SELL WEEKDAY 1800 D80,11107.25,2,444610,311,0.07,9,315.5,0.07,-14.5,0.00,14147,5.66,0
255,Entry short,2020-08-12 18:00,[CC] SELL PREMIUM,11115.25,2,444610,311,0.07,9,315.5,0.07,-14.5,0.00,14147,5.66,0
256,Exit short,2020-08-13 09:30,NQ09B SELL NY STOP,11174.5,2,446930,-59,-0.01,9,345.5,0.08,-54.5,-0.01,14088,5.64,0
256,Entry short,2020-08-13 09:30,[CC] SELL NY,11173.25,2,446930,-59,-0.01,9,345.5,0.08,-54.5,-0.01,14088,5.64,0
257,Exit short,2020-08-14 09:30,NQ09B SELL NY STOP,11192,2,447630,-59,-0.01,9,0,0.00,-54.5,-0.01,14029,5.61,0
257,Entry short,2020-08-14 09:30,[CC] SELL NY,11190.75,2,447630,-59,-0.01,9,0,0.00,-54.5,-0.01,14029,5.61,0
258,Exit short,2020-08-16 18:00,NQ09B SELL WEEKLY STOP,11146,2,445790,-59,-0.01,9,95.5,0.02,-54.5,-0.01,13970,5.59,0
258,Entry short,2020-08-16 18:00,[CC] SELL WEEKLY,11144.75,2,445790,-59,-0.01,9,95.5,0.02,-54.5,-0.01,13970,5.59,0
259,Exit short,2020-08-17 09:30,NQ09B SELL NY STOP,11229.75,2,449140,-59,-0.01,9,275.5,0.06,-54.5,-0.01,13911,5.56,0
259,Entry short,2020-08-17 09:30,[CC] SELL NY,11228.5,2,449140,-59,-0.01,9,275.5,0.06,-54.5,-0.01,13911,5.56,0
260,Exit short,2020-08-18 09:30,NQ09B SELL NY STOP,11331,2,453190,-59,-0.01,9,155.5,0.03,-54.5,-0.01,13852,5.54,0
260,Entry short,2020-08-18 09:30,[CC] SELL NY,11329.75,2,453190,-59,-0.01,9,155.5,0.03,-54.5,-0.01,13852,5.54,0
261,Exit short,2020-08-19 09:30,NQ09B SELL NY STOP,11393.5,2,455690,-59,-0.01,9,0,0.00,-54.5,-0.01,13793,5.52,0
261,Entry short,2020-08-19 09:30,[CC] SELL NY,11392.25,2,455690,-59,-0.01,9,0,0.00,-54.5,-0.01,13793,5.52,0
262,Exit short,2020-08-20 09:30,NQ09B SELL NY N130 TP2,11271.5,2,451370,501,0.11,9,505.5,0.11,-14.5,0.00,14294,5.72,0
262,Entry short,2020-08-20 09:30,[CC] SELL NY,11284.25,2,451370,501,0.11,9,505.5,0.11,-14.5,0.00,14294,5.72,0
263,Exit short,2020-08-21 09:30,NQ09B SELL NY STOP,11482.25,2,459240,-59,-0.01,9,0,0.00,-54.5,-0.01,14235,5.69,0
263,Entry short,2020-08-21 09:30,[CC] SELL NY,11481,2,459240,-59,-0.01,9,0,0.00,-54.5,-0.01,14235,5.69,0
264,Exit short,2020-08-23 18:00,NQ09B SELL WEEKLY STOP,11582,2,463230,-59,-0.01,9,0,0.00,-54.5,-0.01,14176,5.67,0
264,Entry short,2020-08-23 18:00,[CC] SELL WEEKLY,11580.75,2,463230,-59,-0.01,9,0,0.00,-54.5,-0.01,14176,5.67,0
265,Exit short,2020-08-24 09:30,NQ09B SELL NY STOP,11688.25,2,467480,-59,-0.01,9,205.5,0.04,-54.5,-0.01,14117,5.65,0
265,Entry short,2020-08-24 09:30,[CC] SELL NY,11687,2,467480,-59,-0.01,9,205.5,0.04,-54.5,-0.01,14117,5.65,0
266,Exit short,2020-08-25 09:30,NQ09B SELL NY N130 TP2,11578.25,2,463640,501,0.11,9,505.5,0.11,-14.5,0.00,14618,5.85,0
266,Entry short,2020-08-25 09:30,[CC] SELL NY,11591,2,463640,501,0.11,9,505.5,0.11,-14.5,0.00,14618,5.85,0
267,Exit short,2020-08-25 18:00,NQ09B SELL WEEKDAY 1800 D80,11731.25,2,469570,311,0.07,9,315.5,0.07,-24.5,-0.01,14929,5.97,0
267,Entry short,2020-08-25 18:00,[CC] SELL PREMIUM,11739.25,2,469570,311,0.07,9,315.5,0.07,-24.5,-0.01,14929,5.97,0
268,Exit short,2020-08-26 09:30,NQ09B SELL NY STOP,11769.25,2,470720,-59,-0.01,9,205.5,0.04,-54.5,-0.01,14870,5.95,0
268,Entry short,2020-08-26 09:30,[CC] SELL NY,11768,2,470720,-59,-0.01,9,205.5,0.04,-54.5,-0.01,14870,5.95,0
269,Exit short,2020-08-26 18:00,NQ09B SELL WEEKDAY 1800 D80,11976.25,1,239685,155.5,0.06,4.5,157.75,0.07,-7.25,0.00,15025.5,6.01,0
269,Entry short,2020-08-26 18:00,[CC] SELL WEAK,11984.25,1,239685,155.5,0.06,4.5,157.75,0.07,-7.25,0.00,15025.5,6.01,0
270,Exit short,2020-08-27 09:30,NQ09B SELL NY STOP,12014.25,2,480520,-59,-0.01,9,0,0.00,-54.5,-0.01,14966.5,5.99,0
270,Entry short,2020-08-27 09:30,[CC] SELL NY,12013,2,480520,-59,-0.01,9,0,0.00,-54.5,-0.01,14966.5,5.99,0
271,Exit short,2020-08-27 18:00,NQ09B SELL WEEKDAY 1800 STOP,11954.25,1,239060,-29.5,-0.01,4.5,0,0.00,-27.25,-0.01,14937,5.97,0
271,Entry short,2020-08-27 18:00,[CC] SELL WEAK,11953,1,239060,-29.5,-0.01,4.5,0,0.00,-27.25,-0.01,14937,5.97,0
272,Exit short,2020-08-28 09:30,NQ09B SELL NY STOP,11980.5,2,479170,-59,-0.01,9,245.5,0.05,-54.5,-0.01,14878,5.95,0
272,Entry short,2020-08-28 09:30,[CC] SELL NY,11979.25,2,479170,-59,-0.01,9,245.5,0.05,-54.5,-0.01,14878,5.95,0
273,Exit short,2020-08-30 18:00,NQ09B SELL WEEKLY STOP,12003.75,2,480100,-59,-0.01,9,175.5,0.04,-54.5,-0.01,14819,5.93,0
273,Entry short,2020-08-30 18:00,[CC] SELL WEEKLY,12002.5,2,480100,-59,-0.01,9,175.5,0.04,-54.5,-0.01,14819,5.93,0
274,Exit short,2020-08-31 09:30,NQ09B SELL NY N130 TP2,12004.25,2,480680,501,0.10,9,505.5,0.11,-14.5,0.00,15320,6.13,0
274,Entry short,2020-08-31 09:30,[CC] SELL NY,12017,2,480680,501,0.10,9,505.5,0.11,-14.5,0.00,15320,6.13,0
275,Exit short,2020-08-31 18:00,NQ09B SELL WEEKDAY 1800 STOP,12110.75,1,242190,-29.5,-0.01,4.5,57.75,0.02,-27.25,-0.01,15290.5,6.12,0
275,Entry short,2020-08-31 18:00,[CC] SELL WEAK,12109.5,1,242190,-29.5,-0.01,4.5,57.75,0.02,-27.25,-0.01,15290.5,6.12,0
276,Exit short,2020-09-01 09:30,NQ09B SELL NY STOP,12199.75,2,487940,-59,-0.01,9,0,0.00,-54.5,-0.01,15231.5,6.09,0
276,Entry short,2020-09-01 09:30,[CC] SELL NY,12198.5,2,487940,-59,-0.01,9,0,0.00,-54.5,-0.01,15231.5,6.09,0
277,Exit short,2020-09-01 18:00,NQ09B SELL WEEKDAY 1800 STOP,12326.5,2,493010,-59,-0.01,9,0,0.00,-54.5,-0.01,15172.5,6.07,0
277,Entry short,2020-09-01 18:00,[CC] SELL PREMIUM,12325.25,2,493010,-59,-0.01,9,0,0.00,-54.5,-0.01,15172.5,6.07,0
278,Exit short,2020-09-02 09:30,NQ09B SELL NY STOP,12433.25,2,497280,-59,-0.01,9,0,0.00,-54.5,-0.01,15113.5,6.05,0
278,Entry short,2020-09-02 09:30,[CC] SELL NY,12432,2,497280,-59,-0.01,9,0,0.00,-54.5,-0.01,15113.5,6.05,0
279,Exit short,2020-09-03 09:30,NQ09B SELL NY STOP,12225.25,2,488960,-59,-0.01,9,0,0.00,-54.5,-0.01,15054.5,6.02,0
279,Entry short,2020-09-03 09:30,[CC] SELL NY,12224,2,488960,-59,-0.01,9,0,0.00,-54.5,-0.01,15054.5,6.02,0
280,Exit short,2020-09-03 18:00,NQ09B SELL WEEKDAY 1800 D80,11736.75,2,469790,311,0.07,9,315.5,0.07,-14.5,0.00,15365.5,6.15,0
280,Entry short,2020-09-03 18:00,[CC] SELL PREMIUM,11744.75,2,469790,311,0.07,9,315.5,0.07,-14.5,0.00,15365.5,6.15,0
281,Exit short,2020-09-04 09:30,NQ09B SELL NY N130 TP2,11701,2,468550,501,0.11,9,505.5,0.11,-14.5,0.00,15866.5,6.35,0
281,Entry short,2020-09-04 09:30,[CC] SELL NY,11713.75,2,468550,501,0.11,9,505.5,0.11,-14.5,0.00,15866.5,6.35,0
282,Exit short,2020-09-06 18:00,NQ09B SELL WEEKLY STOP,11532,2,461230,-59,-0.01,9,0,0.00,-54.5,-0.01,15807.5,6.32,0
282,Entry short,2020-09-06 18:00,[CC] SELL WEEKLY,11530.75,2,461230,-59,-0.01,9,0,0.00,-54.5,-0.01,15807.5,6.32,0
283,Exit short,2020-09-07 09:30,NQ09B SELL NY STOP,11458.75,2,458300,-59,-0.01,9,85.5,0.02,-54.5,-0.01,15748.5,6.30,0
283,Entry short,2020-09-07 09:30,[CC] SELL NY,11457.5,2,458300,-59,-0.01,9,85.5,0.02,-54.5,-0.01,15748.5,6.30,0
284,Exit short,2020-09-08 09:30,NQ09B SELL NY N130 TP2,11145.25,2,446320,501,0.11,9,505.5,0.11,-14.5,0.00,16249.5,6.50,0
284,Entry short,2020-09-08 09:30,[CC] SELL NY,11158,2,446320,501,0.11,9,505.5,0.11,-14.5,0.00,16249.5,6.50,0
285,Exit short,2020-09-08 18:00,NQ09B SELL WEEKDAY 1800 STOP,11007,2,440230,-59,-0.01,9,0,0.00,-54.5,-0.01,16190.5,6.48,0
285,Entry short,2020-09-08 18:00,[CC] SELL PREMIUM,11005.75,2,440230,-59,-0.01,9,0,0.00,-54.5,-0.01,16190.5,6.48,0
286,Exit short,2020-09-09 09:30,NQ09B SELL NY STOP,11293.25,2,451680,-59,-0.01,9,0,0.00,-54.5,-0.01,16131.5,6.45,0
286,Entry short,2020-09-09 09:30,[CC] SELL NY,11292,2,451680,-59,-0.01,9,0,0.00,-54.5,-0.01,16131.5,6.45,0
287,Exit short,2020-09-09 18:00,NQ09B SELL WEEKDAY 1800 STOP,11378.75,1,227550,-29.5,-0.01,4.5,0,0.00,-27.25,-0.01,16102,6.44,0
287,Entry short,2020-09-09 18:00,[CC] SELL WEAK,11377.5,1,227550,-29.5,-0.01,4.5,0,0.00,-27.25,-0.01,16102,6.44,0
288,Exit short,2020-09-10 09:30,NQ09B SELL NY STOP,11518.5,2,460690,-59,-0.01,9,0,0.00,-54.5,-0.01,16043,6.42,0
288,Entry short,2020-09-10 09:30,[CC] SELL NY,11517.25,2,460690,-59,-0.01,9,0,0.00,-54.5,-0.01,16043,6.42,0
289,Exit short,2020-09-10 18:00,NQ09B SELL WEEKDAY 1800 STOP,11188,1,223735,-29.5,-0.01,4.5,0,0.00,-27.25,-0.01,16013.5,6.41,0
289,Entry short,2020-09-10 18:00,[CC] SELL WEAK,11186.75,1,223735,-29.5,-0.01,4.5,0,0.00,-27.25,-0.01,16013.5,6.41,0
290,Exit short,2020-09-11 09:30,NQ09B SELL NY STOP,11245.5,2,449770,-59,-0.01,9,0,0.00,-54.5,-0.01,15954.5,6.38,0
290,Entry short,2020-09-11 09:30,[CC] SELL NY,11244.25,2,449770,-59,-0.01,9,0,0.00,-54.5,-0.01,15954.5,6.38,0
291,Exit short,2020-09-13 18:00,NQ09B SELL WEEKLY STOP,11105,2,444150,-59,-0.01,9,0,0.00,-54.5,-0.01,15895.5,6.36,0
291,Entry short,2020-09-13 18:00,[CC] SELL WEEKLY,11103.75,2,444150,-59,-0.01,9,0,0.00,-54.5,-0.01,15895.5,6.36,0
292,Exit short,2020-09-14 09:30,NQ09B SELL NY STOP,11243.75,2,449700,-59,-0.01,9,0,0.00,-54.5,-0.01,15836.5,6.33,0
292,Entry short,2020-09-14 09:30,[CC] SELL NY,11242.5,2,449700,-59,-0.01,9,0,0.00,-54.5,-0.01,15836.5,6.33,0
293,Exit short,2020-09-15 09:30,NQ09B SELL NY STOP,11418.75,2,456700,-59,-0.01,9,0,0.00,-54.5,-0.01,15777.5,6.31,0
293,Entry short,2020-09-15 09:30,[CC] SELL NY,11417.5,2,456700,-59,-0.01,9,0,0.00,-54.5,-0.01,15777.5,6.31,0
294,Exit short,2020-09-16 09:30,NQ09B SELL NY STOP,11453.75,2,458100,-59,-0.01,9,215.5,0.05,-54.5,-0.01,15718.5,6.29,0
294,Entry short,2020-09-16 09:30,[CC] SELL NY,11452.5,2,458100,-59,-0.01,9,215.5,0.05,-54.5,-0.01,15718.5,6.29,0
295,Exit short,2020-09-16 18:00,NQ09B SELL WEEKDAY 1800 STOP,11258,1,225135,-29.5,-0.01,4.5,0,0.00,-27.25,-0.01,15689,6.28,0
295,Entry short,2020-09-16 18:00,[CC] SELL WEAK,11256.75,1,225135,-29.5,-0.01,4.5,0,0.00,-27.25,-0.01,15689,6.28,0
296,Exit short,2020-09-17 09:30,NQ09B SELL NY STOP,10950.25,2,437960,-59,-0.01,9,155.5,0.04,-54.5,-0.01,15630,6.25,0
296,Entry short,2020-09-17 09:30,[CC] SELL NY,10949,2,437960,-59,-0.01,9,155.5,0.04,-54.5,-0.01,15630,6.25,0
297,Exit short,2020-09-17 18:00,NQ09B SELL WEEKDAY 1800 STOP,11067.5,1,221325,-29.5,-0.01,4.5,0,0.00,-27.25,-0.01,15600.5,6.24,0
297,Entry short,2020-09-17 18:00,[CC] SELL WEAK,11066.25,1,221325,-29.5,-0.01,4.5,0,0.00,-27.25,-0.01,15600.5,6.24,0
298,Exit short,2020-09-18 09:30,NQ09B SELL NY STOP,11116.5,2,444610,-59,-0.01,9,0,0.00,-54.5,-0.01,15541.5,6.22,0
298,Entry short,2020-09-18 09:30,[CC] SELL NY,11115.25,2,444610,-59,-0.01,9,0,0.00,-54.5,-0.01,15541.5,6.22,0
299,Exit short,2020-09-20 18:00,NQ09B SELL WEEKLY STOP,10921,2,436790,-59,-0.01,9,0,0.00,-54.5,-0.01,15482.5,6.19,0
299,Entry short,2020-09-20 18:00,[CC] SELL WEEKLY,10919.75,2,436790,-59,-0.01,9,0,0.00,-54.5,-0.01,15482.5,6.19,0
300,Exit short,2020-09-21 09:30,NQ09B SELL NY N130 TP2,10744.75,2,430300,501,0.12,9,505.5,0.12,-14.5,0.00,15983.5,6.39,0
300,Entry short,2020-09-21 09:30,[CC] SELL NY,10757.5,2,430300,501,0.12,9,505.5,0.12,-14.5,0.00,15983.5,6.39,0
301,Exit short,2020-09-21 18:00,NQ09B SELL WEEKDAY 1800 STOP,10967.25,1,219320,-29.5,-0.01,4.5,0,0.00,-27.25,-0.01,15954,6.38,0
301,Entry short,2020-09-21 18:00,[CC] SELL WEAK,10966,1,219320,-29.5,-0.01,4.5,0,0.00,-27.25,-0.01,15954,6.38,0
302,Exit short,2020-09-22 09:30,NQ09B SELL NY STOP,11068.25,2,442680,-59,-0.01,9,0,0.00,-54.5,-0.01,15895,6.36,0
302,Entry short,2020-09-22 09:30,[CC] SELL NY,11067,2,442680,-59,-0.01,9,0,0.00,-54.5,-0.01,15895,6.36,0
303,Exit short,2020-09-23 09:30,NQ09B SELL NY STOP,11154,2,446110,-59,-0.01,9,0,0.00,-54.5,-0.01,15836,6.33,0
303,Entry short,2020-09-23 09:30,[CC] SELL NY,11152.75,2,446110,-59,-0.01,9,0,0.00,-54.5,-0.01,15836,6.33,0
304,Exit short,2020-09-24 09:30,NQ09B SELL NY STOP,10720.5,2,428770,-59,-0.01,9,315.5,0.07,-54.5,-0.01,15777,6.31,0
304,Entry short,2020-09-24 09:30,[CC] SELL NY,10719.25,2,428770,-59,-0.01,9,315.5,0.07,-54.5,-0.01,15777,6.31,0
305,Exit short,2020-09-24 18:00,NQ09B SELL WEEKDAY 1800 STOP,10915.25,2,436560,-59,-0.01,9,0,0.00,-54.5,-0.01,15718,6.29,0
305,Entry short,2020-09-24 18:00,[CC] SELL PREMIUM,10914,2,436560,-59,-0.01,9,0,0.00,-54.5,-0.01,15718,6.29,0
306,Exit short,2020-09-25 09:30,NQ09B SELL NY STOP,10896.25,2,435800,-59,-0.01,9,0,0.00,-54.5,-0.01,15659,6.26,0
306,Entry short,2020-09-25 09:30,[CC] SELL NY,10895,2,435800,-59,-0.01,9,0,0.00,-54.5,-0.01,15659,6.26,0
307,Exit short,2020-09-27 18:00,NQ09B SELL WEEKLY STOP,11146,2,445790,-59,-0.01,9,0,0.00,-54.5,-0.01,15600,6.24,0
307,Entry short,2020-09-27 18:00,[CC] SELL WEEKLY,11144.75,2,445790,-59,-0.01,9,0,0.00,-54.5,-0.01,15600,6.24,0
308,Exit short,2020-09-28 09:30,NQ09B SELL NY STOP,11341.75,2,453620,-59,-0.01,9,0,0.00,-54.5,-0.01,15541,6.22,0
308,Entry short,2020-09-28 09:30,[CC] SELL NY,11340.5,2,453620,-59,-0.01,9,0,0.00,-54.5,-0.01,15541,6.22,0
309,Exit short,2020-09-29 09:30,NQ09B SELL NY N130 TP2,11333,2,453830,501,0.11,9,505.5,0.11,-14.5,0.00,16042,6.42,0
309,Entry short,2020-09-29 09:30,[CC] SELL NY,11345.75,2,453830,501,0.11,9,505.5,0.11,-14.5,0.00,16042,6.42,0
310,Exit short,2020-09-29 18:00,NQ09B SELL WEEKDAY 1800 STOP,11322,1,226415,-29.5,-0.01,4.5,0,0.00,-27.25,-0.01,16012.5,6.40,0
310,Entry short,2020-09-29 18:00,[CC] SELL WEAK,11320.75,1,226415,-29.5,-0.01,4.5,0,0.00,-27.25,-0.01,16012.5,6.40,0
311,Exit short,2020-09-30 09:30,NQ09B SELL NY STOP,11321,2,452790,-59,-0.01,9,375.5,0.08,-54.5,-0.01,15953.5,6.38,0
311,Entry short,2020-09-30 09:30,[CC] SELL NY,11319.75,2,452790,-59,-0.01,9,375.5,0.08,-54.5,-0.01,15953.5,6.38,0
312,Exit short,2020-10-01 09:30,NQ09B SELL NY STOP,11556.5,2,462210,-59,-0.01,9,0,0.00,-54.5,-0.01,15894.5,6.36,0
312,Entry short,2020-10-01 09:30,[CC] SELL NY,11555.25,2,462210,-59,-0.01,9,0,0.00,-54.5,-0.01,15894.5,6.36,0
313,Exit short,2020-10-02 09:30,NQ09B SELL NY N130 TP2,11303.25,2,452640,501,0.11,9,505.5,0.11,-14.5,0.00,16395.5,6.56,0
313,Entry short,2020-10-02 09:30,[CC] SELL NY,11316,2,452640,501,0.11,9,505.5,0.11,-14.5,0.00,16395.5,6.56,0
314,Exit short,2020-10-04 18:00,NQ09B SELL WEEKLY STOP,11309.5,2,452330,-59,-0.01,9,0,0.00,-54.5,-0.01,16336.5,6.53,0
314,Entry short,2020-10-04 18:00,[CC] SELL WEEKLY,11308.25,2,452330,-59,-0.01,9,0,0.00,-54.5,-0.01,16336.5,6.53,0
315,Exit short,2020-10-05 09:30,NQ09B SELL NY STOP,11326.25,2,453000,-59,-0.01,9,135.5,0.03,-54.5,-0.01,16277.5,6.51,0
315,Entry short,2020-10-05 09:30,[CC] SELL NY,11325,2,453000,-59,-0.01,9,135.5,0.03,-54.5,-0.01,16277.5,6.51,0
316,Exit short,2020-10-06 09:30,NQ09B SELL NY STOP,11448,2,457870,-59,-0.01,9,65.5,0.01,-54.5,-0.01,16218.5,6.49,0
316,Entry short,2020-10-06 09:30,[CC] SELL NY,11446.75,2,457870,-59,-0.01,9,65.5,0.01,-54.5,-0.01,16218.5,6.49,0
317,Exit short,2020-10-06 18:00,NQ09B SELL WEEKDAY 1800 D80,11212.25,2,448810,311,0.07,9,315.5,0.07,-14.5,0.00,16529.5,6.61,0
317,Entry short,2020-10-06 18:00,[CC] SELL PREMIUM,11220.25,2,448810,311,0.07,9,315.5,0.07,-14.5,0.00,16529.5,6.61,0
318,Exit short,2020-10-07 09:30,NQ09B SELL NY STOP,11386.5,2,455410,-59,-0.01,9,15.5,0.00,-54.5,-0.01,16470.5,6.59,0
318,Entry short,2020-10-07 09:30,[CC] SELL NY,11385.25,2,455410,-59,-0.01,9,15.5,0.00,-54.5,-0.01,16470.5,6.59,0
319,Exit short,2020-10-08 09:30,NQ09B SELL NY STOP,11572.5,2,462850,-59,-0.01,9,0,0.00,-54.5,-0.01,16411.5,6.56,0
319,Entry short,2020-10-08 09:30,[CC] SELL NY,11571.25,2,462850,-59,-0.01,9,0,0.00,-54.5,-0.01,16411.5,6.56,0
320,Exit short,2020-10-08 18:00,NQ09B SELL WEEKDAY 1800 STOP,11563,1,231235,-29.5,-0.01,4.5,77.75,0.03,-27.25,-0.01,16382,6.55,0
320,Entry short,2020-10-08 18:00,[CC] SELL WEAK,11561.75,1,231235,-29.5,-0.01,4.5,77.75,0.03,-27.25,-0.01,16382,6.55,0
321,Exit short,2020-10-09 09:30,NQ09B SELL NY N130 TP2,11589,2,464070,501,0.11,9,505.5,0.11,-14.5,0.00,16883,6.75,0
321,Entry short,2020-10-09 09:30,[CC] SELL NY,11601.75,2,464070,501,0.11,9,505.5,0.11,-14.5,0.00,16883,6.75,0
322,Exit short,2020-10-11 18:00,NQ09B SELL WEEKLY W80,11714.5,2,468900,311,0.07,9,315.5,0.07,-34.5,-0.01,17194,6.88,0
322,Entry short,2020-10-11 18:00,[CC] SELL WEEKLY,11722.5,2,468900,311,0.07,9,315.5,0.07,-34.5,-0.01,17194,6.88,0
323,Exit short,2020-10-12 09:30,NQ09B SELL NY STOP,11912.75,2,476460,-59,-0.01,9,0,0.00,-54.5,-0.01,17135,6.85,0
323,Entry short,2020-10-12 09:30,[CC] SELL NY,11911.5,2,476460,-59,-0.01,9,0,0.00,-54.5,-0.01,17135,6.85,0
324,Exit short,2020-10-12 18:00,NQ09B SELL WEEKDAY 1800 STOP,12101,1,241995,-29.5,-0.01,4.5,12.75,0.01,-27.25,-0.01,17105.5,6.84,0
324,Entry short,2020-10-12 18:00,[CC] SELL WEAK,12099.75,1,241995,-29.5,-0.01,4.5,12.75,0.01,-27.25,-0.01,17105.5,6.84,0
325,Exit short,2020-10-13 09:30,NQ09B SELL NY STOP,12151.75,2,486020,-59,-0.01,9,0,0.00,-54.5,-0.01,17046.5,6.82,0
325,Entry short,2020-10-13 09:30,[CC] SELL NY,12150.5,2,486020,-59,-0.01,9,0,0.00,-54.5,-0.01,17046.5,6.82,0
326,Exit short,2020-10-13 18:00,NQ09B SELL WEEKDAY 1800 STOP,12080.75,1,241590,-29.5,-0.01,4.5,47.75,0.02,-27.25,-0.01,17017,6.81,0
326,Entry short,2020-10-13 18:00,[CC] SELL WEAK,12079.5,1,241590,-29.5,-0.01,4.5,47.75,0.02,-27.25,-0.01,17017,6.81,0
327,Exit short,2020-10-14 09:30,NQ09B SELL NY STOP,12112.25,2,484440,-59,-0.01,9,0,0.00,-54.5,-0.01,16958,6.78,0
327,Entry short,2020-10-14 09:30,[CC] SELL NY,12111,2,484440,-59,-0.01,9,0,0.00,-54.5,-0.01,16958,6.78,0
328,Exit short,2020-10-14 18:00,NQ09B SELL WEEKDAY 1800 STOP,11951,2,477990,-59,-0.01,9,205.5,0.04,-54.5,-0.01,16899,6.76,0
328,Entry short,2020-10-14 18:00,[CC] SELL PREMIUM,11949.75,2,477990,-59,-0.01,9,205.5,0.04,-54.5,-0.01,16899,6.76,0
329,Exit short,2020-10-15 09:30,NQ09B SELL NY N130 TP2,11762.25,2,471000,501,0.11,9,505.5,0.11,-14.5,0.00,17400,6.96,0
329,Entry short,2020-10-15 09:30,[CC] SELL NY,11775,2,471000,501,0.11,9,505.5,0.11,-14.5,0.00,17400,6.96,0
330,Exit short,2020-10-16 09:30,NQ09B SELL NY STOP,11962,2,478430,-59,-0.01,9,0,0.00,-54.5,-0.01,17341,6.94,0
330,Entry short,2020-10-16 09:30,[CC] SELL NY,11960.75,2,478430,-59,-0.01,9,0,0.00,-54.5,-0.01,17341,6.94,0
331,Exit short,2020-10-18 18:00,NQ09B SELL WEEKLY STOP,11817.75,2,472660,-59,-0.01,9,0,0.00,-54.5,-0.01,17282,6.91,0
331,Entry short,2020-10-18 18:00,[CC] SELL WEEKLY,11816.5,2,472660,-59,-0.01,9,0,0.00,-54.5,-0.01,17282,6.91,0
332,Exit short,2020-10-19 09:30,NQ09B SELL NY STOP,11910.5,2,476370,-59,-0.01,9,0,0.00,-54.5,-0.01,17223,6.89,0
332,Entry short,2020-10-19 09:30,[CC] SELL NY,11909.25,2,476370,-59,-0.01,9,0,0.00,-54.5,-0.01,17223,6.89,0
333,Exit short,2020-10-19 18:00,NQ09B SELL WEEKDAY 1800 STOP,11698.5,2,467890,-59,-0.01,9,0,0.00,-54.5,-0.01,17164,6.87,0
333,Entry short,2020-10-19 18:00,[CC] SELL PREMIUM,11697.25,2,467890,-59,-0.01,9,0,0.00,-54.5,-0.01,17164,6.87,0
334,Exit short,2020-10-20 09:30,NQ09B SELL NY STOP,11667.5,2,466650,-59,-0.01,9,465.5,0.10,-54.5,-0.01,17105,6.84,0
334,Entry short,2020-10-20 09:30,[CC] SELL NY,11666.25,2,466650,-59,-0.01,9,465.5,0.10,-54.5,-0.01,17105,6.84,0
335,Exit short,2020-10-20 18:00,NQ09B SELL WEEKDAY 1800 STOP,11676.25,1,233500,-29.5,-0.01,4.5,52.75,0.02,-27.25,-0.01,17075.5,6.83,0
335,Entry short,2020-10-20 18:00,[CC] SELL WEAK,11675,1,233500,-29.5,-0.01,4.5,52.75,0.02,-27.25,-0.01,17075.5,6.83,0
336,Exit short,2020-10-21 09:30,NQ09B SELL NY N130 TP2,11657,2,466790,501,0.11,9,505.5,0.11,-14.5,0.00,17576.5,7.03,0
336,Entry short,2020-10-21 09:30,[CC] SELL NY,11669.75,2,466790,501,0.11,9,505.5,0.11,-14.5,0.00,17576.5,7.03,0
337,Exit short,2020-10-22 09:30,NQ09B SELL NY STOP,11687.25,2,467440,-59,-0.01,9,35.5,0.01,-54.5,-0.01,17517.5,7.01,0
337,Entry short,2020-10-22 09:30,[CC] SELL NY,11686,2,467440,-59,-0.01,9,35.5,0.01,-54.5,-0.01,17517.5,7.01,0
338,Exit short,2020-10-23 09:30,NQ09B SELL NY STOP,11678.5,2,467090,-59,-0.01,9,0,0.00,-54.5,-0.01,17458.5,6.98,0
338,Entry short,2020-10-23 09:30,[CC] SELL NY,11677.25,2,467090,-59,-0.01,9,0,0.00,-54.5,-0.01,17458.5,6.98,0
339,Exit short,2020-10-25 18:00,NQ09B SELL WEEKLY STOP,11635,2,465350,-59,-0.01,9,0,0.00,-54.5,-0.01,17399.5,6.96,0
339,Entry short,2020-10-25 18:00,[CC] SELL WEEKLY,11633.75,2,465350,-59,-0.01,9,0,0.00,-54.5,-0.01,17399.5,6.96,0
340,Exit short,2020-10-26 09:30,NQ09B SELL NY STOP,11576.75,2,463020,-59,-0.01,9,355.5,0.08,-54.5,-0.01,17340.5,6.94,0
340,Entry short,2020-10-26 09:30,[CC] SELL NY,11575.5,2,463020,-59,-0.01,9,355.5,0.08,-54.5,-0.01,17340.5,6.94,0
341,Exit short,2020-10-27 09:30,NQ09B SELL NY STOP,11536,2,461390,-59,-0.01,9,0,0.00,-54.5,-0.01,17281.5,6.91,0
341,Entry short,2020-10-27 09:30,[CC] SELL NY,11534.75,2,461390,-59,-0.01,9,0,0.00,-54.5,-0.01,17281.5,6.91,0
342,Exit short,2020-10-27 18:00,NQ09B SELL WEEKDAY 1800 STOP,11559.5,1,231165,-29.5,-0.01,4.5,0,0.00,-27.25,-0.01,17252,6.90,0
342,Entry short,2020-10-27 18:00,[CC] SELL WEAK,11558.25,1,231165,-29.5,-0.01,4.5,0,0.00,-27.25,-0.01,17252,6.90,0
343,Exit short,2020-10-28 09:30,NQ09B SELL NY STOP,11401.5,2,456010,-59,-0.01,9,0,0.00,-54.5,-0.01,17193,6.88,0
343,Entry short,2020-10-28 09:30,[CC] SELL NY,11400.25,2,456010,-59,-0.01,9,0,0.00,-54.5,-0.01,17193,6.88,0
344,Exit short,2020-10-28 18:00,NQ09B SELL WEEKDAY 1800 STOP,11181.5,2,447210,-59,-0.01,9,0,0.00,-54.5,-0.01,17134,6.85,0
344,Entry short,2020-10-28 18:00,[CC] SELL PREMIUM,11180.25,2,447210,-59,-0.01,9,0,0.00,-54.5,-0.01,17134,6.85,0
345,Exit short,2020-10-29 09:30,NQ09B SELL NY STOP,11190.75,2,447580,-59,-0.01,9,15.5,0.00,-54.5,-0.01,17075,6.83,0
345,Entry short,2020-10-29 09:30,[CC] SELL NY,11189.5,2,447580,-59,-0.01,9,15.5,0.00,-54.5,-0.01,17075,6.83,0
346,Exit short,2020-10-29 18:00,NQ09B SELL WEEKDAY 1800 STOP,11214.25,2,448520,-59,-0.01,9,285.5,0.06,-54.5,-0.01,17016,6.81,0
346,Entry short,2020-10-29 18:00,[CC] SELL PREMIUM,11213,2,448520,-59,-0.01,9,285.5,0.06,-54.5,-0.01,17016,6.81,0
347,Exit short,2020-10-30 09:30,NQ09B SELL NY N130 TP2,11233.25,2,449840,501,0.11,9,505.5,0.11,-14.5,0.00,17517,7.01,0
347,Entry short,2020-10-30 09:30,[CC] SELL NY,11246,2,449840,501,0.11,9,505.5,0.11,-14.5,0.00,17517,7.01,0
348,Exit short,2020-11-01 18:00,NQ09B SELL WEEKLY W80,11026.25,2,441370,311,0.07,9,315.5,0.07,-14.5,0.00,17828,7.13,0
348,Entry short,2020-11-01 18:00,[CC] SELL WEEKLY,11034.25,2,441370,311,0.07,9,315.5,0.07,-14.5,0.00,17828,7.13,0
349,Exit short,2020-11-02 09:30,NQ09B SELL NY STOP,11140.25,2,445560,-59,-0.01,9,0,0.00,-54.5,-0.01,17769,7.11,0
349,Entry short,2020-11-02 09:30,[CC] SELL NY,11139,2,445560,-59,-0.01,9,0,0.00,-54.5,-0.01,17769,7.11,0
350,Exit short,2020-11-03 09:30,NQ09B SELL NY STOP,11145.5,2,445770,-59,-0.01,9,0,0.00,-54.5,-0.01,17710,7.08,0
350,Entry short,2020-11-03 09:30,[CC] SELL NY,11144.25,2,445770,-59,-0.01,9,0,0.00,-54.5,-0.01,17710,7.08,0
351,Exit short,2020-11-03 18:00,NQ09B SELL WEEKDAY 1800 D80,11255.75,1,225275,155.5,0.07,4.5,157.75,0.07,-7.25,0.00,17865.5,7.15,0
351,Entry short,2020-11-03 18:00,[CC] SELL WEAK,11263.75,1,225275,155.5,0.07,4.5,157.75,0.07,-7.25,0.00,17865.5,7.15,0
352,Exit short,2020-11-04 09:30,NQ09B SELL NY N130 TP2,11614.5,2,465090,501,0.11,9,505.5,0.11,-14.5,0.00,18366.5,7.35,0
352,Entry short,2020-11-04 09:30,[CC] SELL NY,11627.25,2,465090,501,0.11,9,505.5,0.11,-14.5,0.00,18366.5,7.35,0
353,Exit short,2020-11-04 18:00,NQ09B SELL WEEKDAY 1800 STOP,11831,2,473190,-59,-0.01,9,0,0.00,-54.5,-0.01,18307.5,7.32,0
353,Entry short,2020-11-04 18:00,[CC] SELL PREMIUM,11829.75,2,473190,-59,-0.01,9,0,0.00,-54.5,-0.01,18307.5,7.32,0
354,Exit short,2020-11-05 09:30,NQ09B SELL NY STOP,12031,2,481190,-59,-0.01,9,0,0.00,-54.5,-0.01,18248.5,7.30,0
354,Entry short,2020-11-05 09:30,[CC] SELL NY,12029.75,2,481190,-59,-0.01,9,0,0.00,-54.5,-0.01,18248.5,7.30,0
355,Exit short,2020-11-05 18:00,NQ09B SELL WEEKDAY 1800 D80,12080.25,1,241765,155.5,0.06,4.5,157.75,0.07,-17.25,-0.01,18404,7.36,0
355,Entry short,2020-11-05 18:00,[CC] SELL WEAK,12088.25,1,241765,155.5,0.06,4.5,157.75,0.07,-17.25,-0.01,18404,7.36,0
356,Exit short,2020-11-06 09:30,NQ09B SELL NY STOP,12036,2,481390,-59,-0.01,9,0,0.00,-54.5,-0.01,18345,7.34,0
356,Entry short,2020-11-06 09:30,[CC] SELL NY,12034.75,2,481390,-59,-0.01,9,0,0.00,-54.5,-0.01,18345,7.34,0
357,Exit short,2020-11-08 18:00,NQ09B SELL WEEKLY W80,12131,2,485560,311,0.06,9,315.5,0.06,-14.5,0.00,18656,7.46,0
357,Entry short,2020-11-08 18:00,[CC] SELL WEEKLY,12139,2,485560,311,0.06,9,315.5,0.06,-14.5,0.00,18656,7.46,0
358,Exit short,2020-11-09 09:30,NQ09B SELL NY STOP,12192.25,2,487640,-59,-0.01,9,0,0.00,-54.5,-0.01,18597,7.44,0
358,Entry short,2020-11-09 09:30,[CC] SELL NY,12191,2,487640,-59,-0.01,9,0,0.00,-54.5,-0.01,18597,7.44,0
359,Exit short,2020-11-09 18:00,NQ09B SELL WEEKDAY 1800 STOP,11864.5,1,237265,-29.5,-0.01,4.5,72.75,0.03,-27.25,-0.01,18567.5,7.43,0
359,Entry short,2020-11-09 18:00,[CC] SELL WEAK,11863.25,1,237265,-29.5,-0.01,4.5,72.75,0.03,-27.25,-0.01,18567.5,7.43,0
360,Exit short,2020-11-10 09:30,NQ09B SELL NY STOP,11692.75,2,467660,-59,-0.01,9,105.5,0.02,-54.5,-0.01,18508.5,7.40,0
360,Entry short,2020-11-10 09:30,[CC] SELL NY,11691.5,2,467660,-59,-0.01,9,105.5,0.02,-54.5,-0.01,18508.5,7.40,0
361,Exit short,2020-11-11 09:30,NQ09B SELL NY N130 TP2,11706.5,2,468770,501,0.11,9,505.5,0.11,-14.5,0.00,19009.5,7.60,0
361,Entry short,2020-11-11 09:30,[CC] SELL NY,11719.25,2,468770,501,0.11,9,505.5,0.11,-14.5,0.00,19009.5,7.60,0
362,Exit short,2020-11-11 18:00,NQ09B SELL WEEKDAY 1800 STOP,11899.5,1,237965,-29.5,-0.01,4.5,0,0.00,-27.25,-0.01,18980,7.59,0
362,Entry short,2020-11-11 18:00,[CC] SELL WEAK,11898.25,1,237965,-29.5,-0.01,4.5,0,0.00,-27.25,-0.01,18980,7.59,0
363,Exit short,2020-11-12 09:30,NQ09B SELL NY STOP,11918.5,2,476690,-59,-0.01,9,0,0.00,-54.5,-0.01,18921,7.57,0
363,Entry short,2020-11-12 09:30,[CC] SELL NY,11917.25,2,476690,-59,-0.01,9,0,0.00,-54.5,-0.01,18921,7.57,0
364,Exit short,2020-11-13 09:30,NQ09B SELL NY N130 TP2,11876.75,2,475580,501,0.11,9,505.5,0.11,-14.5,0.00,19422,7.77,0
364,Entry short,2020-11-13 09:30,[CC] SELL NY,11889.5,2,475580,501,0.11,9,505.5,0.11,-14.5,0.00,19422,7.77,0
365,Exit short,2020-11-15 18:00,NQ09B SELL WEEKLY STOP,11958.25,2,478280,-59,-0.01,9,0,0.00,-54.5,-0.01,19363,7.75,0
365,Entry short,2020-11-15 18:00,[CC] SELL WEEKLY,11957,2,478280,-59,-0.01,9,0,0.00,-54.5,-0.01,19363,7.75,0
366,Exit short,2020-11-16 09:30,NQ09B SELL NY STOP,11916.5,2,476610,-59,-0.01,9,0,0.00,-54.5,-0.01,19304,7.72,0
366,Entry short,2020-11-16 09:30,[CC] SELL NY,11915.25,2,476610,-59,-0.01,9,0,0.00,-54.5,-0.01,19304,7.72,0
367,Exit short,2020-11-17 09:30,NQ09B SELL NY STOP,12028.75,2,481100,-59,-0.01,9,365.5,0.08,-54.5,-0.01,19245,7.70,0
367,Entry short,2020-11-17 09:30,[CC] SELL NY,12027.5,2,481100,-59,-0.01,9,365.5,0.08,-54.5,-0.01,19245,7.70,0
368,Exit short,2020-11-17 18:00,NQ09B SELL WEEKDAY 1800 STOP,11973,1,239435,-29.5,-0.01,4.5,137.75,0.06,-27.25,-0.01,19215.5,7.69,0
368,Entry short,2020-11-17 18:00,[CC] SELL WEAK,11971.75,1,239435,-29.5,-0.01,4.5,137.75,0.06,-27.25,-0.01,19215.5,7.69,0
369,Exit short,2020-11-18 09:30,NQ09B SELL NY STOP,11960.25,2,478360,-59,-0.01,9,0,0.00,-54.5,-0.01,19156.5,7.66,0
369,Entry short,2020-11-18 09:30,[CC] SELL NY,11959,2,478360,-59,-0.01,9,0,0.00,-54.5,-0.01,19156.5,7.66,0
370,Exit short,2020-11-18 18:00,NQ09B SELL WEEKDAY 1800 D80,11867.75,1,237515,155.5,0.07,4.5,157.75,0.07,-7.25,0.00,19312,7.72,0
370,Entry short,2020-11-18 18:00,[CC] SELL WEAK,11875.75,1,237515,155.5,0.07,4.5,157.75,0.07,-7.25,0.00,19312,7.72,0
371,Exit short,2020-11-19 09:30,NQ09B SELL NY STOP,11870.5,2,474770,-59,-0.01,9,0,0.00,-54.5,-0.01,19253,7.70,0
371,Entry short,2020-11-19 09:30,[CC] SELL NY,11869.25,2,474770,-59,-0.01,9,0,0.00,-54.5,-0.01,19253,7.70,0
372,Exit short,2020-11-19 18:00,NQ09B SELL WEEKDAY 1800 D80,11951.75,1,239195,155.5,0.07,4.5,157.75,0.07,-7.25,0.00,19408.5,7.76,0
372,Entry short,2020-11-19 18:00,[CC] SELL WEAK,11959.75,1,239195,155.5,0.07,4.5,157.75,0.07,-7.25,0.00,19408.5,7.76,0
373,Exit short,2020-11-20 09:30,NQ09B SELL NY N130 TP2,11971,2,479350,501,0.10,9,505.5,0.11,-24.5,-0.01,19909.5,7.96,0
373,Entry short,2020-11-20 09:30,[CC] SELL NY,11983.75,2,479350,501,0.10,9,505.5,0.11,-24.5,-0.01,19909.5,7.96,0
374,Exit short,2020-11-22 18:00,NQ09B SELL WEEKLY STOP,11895,2,475750,-59,-0.01,9,85.5,0.02,-54.5,-0.01,19850.5,7.94,0
374,Entry short,2020-11-22 18:00,[CC] SELL WEEKLY,11893.75,2,475750,-59,-0.01,9,85.5,0.02,-54.5,-0.01,19850.5,7.94,0
375,Exit short,2020-11-23 09:30,NQ09B SELL NY STOP,11947.25,2,477840,-59,-0.01,9,15.5,0.00,-54.5,-0.01,19791.5,7.92,0
375,Entry short,2020-11-23 09:30,[CC] SELL NY,11946,2,477840,-59,-0.01,9,15.5,0.00,-54.5,-0.01,19791.5,7.92,0
376,Exit short,2020-11-24 09:30,NQ09B SELL NY STOP,11950.25,2,477960,-59,-0.01,9,0,0.00,-54.5,-0.01,19732.5,7.89,0
376,Entry short,2020-11-24 09:30,[CC] SELL NY,11949,2,477960,-59,-0.01,9,0,0.00,-54.5,-0.01,19732.5,7.89,0
377,Exit short,2020-11-24 18:00,NQ09B SELL WEEKDAY 1800 STOP,12099.5,2,483930,-59,-0.01,9,0,0.00,-54.5,-0.01,19673.5,7.87,0
377,Entry short,2020-11-24 18:00,[CC] SELL PREMIUM,12098.25,2,483930,-59,-0.01,9,0,0.00,-54.5,-0.01,19673.5,7.87,0
378,Exit short,2020-11-25 09:30,NQ09B SELL NY N130 TP2,12099.25,2,484480,501,0.10,9,505.5,0.10,-14.5,0.00,20174.5,8.07,0
378,Entry short,2020-11-25 09:30,[CC] SELL NY,12112,2,484480,501,0.10,9,505.5,0.10,-14.5,0.00,20174.5,8.07,0
379,Exit short,2020-11-26 09:30,NQ09B SELL NY STOP,12200,2,487950,-59,-0.01,9,35.5,0.01,-54.5,-0.01,20115.5,8.05,0
379,Entry short,2020-11-26 09:30,[CC] SELL NY,12198.75,2,487950,-59,-0.01,9,35.5,0.01,-54.5,-0.01,20115.5,8.05,0
380,Exit short,2020-11-27 09:30,NQ09B SELL NY N130 TP2,12214.75,2,489100,501,0.10,9,505.5,0.10,-14.5,0.00,20616.5,8.25,0
380,Entry short,2020-11-27 09:30,[CC] SELL NY,12227.5,2,489100,501,0.10,9,505.5,0.10,-14.5,0.00,20616.5,8.25,0
381,Exit short,2020-11-30 09:30,NQ09B SELL NY STOP,12271.75,2,490820,-59,-0.01,9,85.5,0.02,-54.5,-0.01,20557.5,8.22,0
381,Entry short,2020-11-30 09:30,[CC] SELL NY,12270.5,2,490820,-59,-0.01,9,85.5,0.02,-54.5,-0.01,20557.5,8.22,0
382,Exit short,2020-11-30 18:00,NQ09B SELL WEEKDAY 1800 STOP,12337,2,493430,-59,-0.01,9,0,0.00,-54.5,-0.01,20498.5,8.20,0
382,Entry short,2020-11-30 18:00,[CC] SELL PREMIUM,12335.75,2,493430,-59,-0.01,9,0,0.00,-54.5,-0.01,20498.5,8.20,0
383,Exit short,2020-12-01 09:30,NQ09B SELL NY STOP,12377.25,2,495040,-59,-0.01,9,0,0.00,-54.5,-0.01,20439.5,8.18,0
383,Entry short,2020-12-01 09:30,[CC] SELL NY,12376,2,495040,-59,-0.01,9,0,0.00,-54.5,-0.01,20439.5,8.18,0
384,Exit short,2020-12-01 18:00,NQ09B SELL WEEKDAY 1800 STOP,12457.25,1,249120,-29.5,-0.01,4.5,0,0.00,-27.25,-0.01,20410,8.16,0
384,Entry short,2020-12-01 18:00,[CC] SELL WEAK,12456,1,249120,-29.5,-0.01,4.5,0,0.00,-27.25,-0.01,20410,8.16,0
385,Exit short,2020-12-02 09:30,NQ09B SELL NY STOP,12391.5,2,495610,-59,-0.01,9,0,0.00,-54.5,-0.01,20351,8.14,0
385,Entry short,2020-12-02 09:30,[CC] SELL NY,12390.25,2,495610,-59,-0.01,9,0,0.00,-54.5,-0.01,20351,8.14,0
386,Exit short,2020-12-03 09:30,NQ09B SELL NY STOP,12465.75,2,498580,-59,-0.01,9,35.5,0.01,-54.5,-0.01,20292,8.12,0
386,Entry short,2020-12-03 09:30,[CC] SELL NY,12464.5,2,498580,-59,-0.01,9,35.5,0.01,-54.5,-0.01,20292,8.12,0
387,Exit short,2020-12-04 09:30,NQ09B SELL NY STOP,12476,2,498990,-59,-0.01,9,0,0.00,-54.5,-0.01,20233,8.09,0
387,Entry short,2020-12-04 09:30,[CC] SELL NY,12474.75,2,498990,-59,-0.01,9,0,0.00,-54.5,-0.01,20233,8.09,0
388,Exit short,2020-12-06 18:00,NQ09B SELL WEEKLY STOP,12526,2,500990,-59,-0.01,9,45.5,0.01,-54.5,-0.01,20174,8.07,0
388,Entry short,2020-12-06 18:00,[CC] SELL WEEKLY,12524.75,2,500990,-59,-0.01,9,45.5,0.01,-54.5,-0.01,20174,8.07,0
389,Exit short,2020-12-07 09:30,NQ09B SELL NY STOP,12533.75,2,501300,-59,-0.01,9,265.5,0.05,-54.5,-0.01,20115,8.05,0
389,Entry short,2020-12-07 09:30,[CC] SELL NY,12532.5,2,501300,-59,-0.01,9,265.5,0.05,-54.5,-0.01,20115,8.05,0
390,Exit short,2020-12-07 18:00,NQ09B SELL WEEKDAY 1800 STOP,12575,2,502950,-59,-0.01,9,145.5,0.03,-54.5,-0.01,20056,8.02,0
390,Entry short,2020-12-07 18:00,[CC] SELL PREMIUM,12573.75,2,502950,-59,-0.01,9,145.5,0.03,-54.5,-0.01,20056,8.02,0
391,Exit short,2020-12-08 09:30,NQ09B SELL NY STOP,12578,2,503070,-59,-0.01,9,0,0.00,-54.5,-0.01,19997,8.00,0
391,Entry short,2020-12-08 09:30,[CC] SELL NY,12576.75,2,503070,-59,-0.01,9,0,0.00,-54.5,-0.01,19997,8.00,0
392,Exit short,2020-12-09 09:30,NQ09B SELL NY STOP,12632,2,505230,-59,-0.01,9,0,0.00,-54.5,-0.01,19938,7.98,0
392,Entry short,2020-12-09 09:30,[CC] SELL NY,12630.75,2,505230,-59,-0.01,9,0,0.00,-54.5,-0.01,19938,7.98,0
393,Exit short,2020-12-10 09:30,NQ09B SELL NY STOP,12265.75,2,490580,-59,-0.01,9,0,0.00,-54.5,-0.01,19879,7.95,0
393,Entry short,2020-12-10 09:30,[CC] SELL NY,12264.5,2,490580,-59,-0.01,9,0,0.00,-54.5,-0.01,19879,7.95,0
394,Exit short,2020-12-11 09:30,NQ09B SELL NY STOP,12330.75,2,493180,-59,-0.01,9,0,0.00,-54.5,-0.01,19820,7.93,0
394,Entry short,2020-12-11 09:30,[CC] SELL NY,12329.5,2,493180,-59,-0.01,9,0,0.00,-54.5,-0.01,19820,7.93,0
395,Exit short,2020-12-13 18:00,NQ09B SELL WEEKLY STOP,12406.5,2,496210,-59,-0.01,9,25.5,0.01,-54.5,-0.01,19761,7.90,0
395,Entry short,2020-12-13 18:00,[CC] SELL WEEKLY,12405.25,2,496210,-59,-0.01,9,25.5,0.01,-54.5,-0.01,19761,7.90,0
396,Exit short,2020-12-14 09:30,NQ09B SELL NY STOP,12422,2,496830,-59,-0.01,9,55.5,0.01,-54.5,-0.01,19702,7.88,0
396,Entry short,2020-12-14 09:30,[CC] SELL NY,12420.75,2,496830,-59,-0.01,9,55.5,0.01,-54.5,-0.01,19702,7.88,0
397,Exit short,2020-12-15 09:30,NQ09B SELL NY STOP,12565.5,2,502570,-59,-0.01,9,0,0.00,-54.5,-0.01,19643,7.86,0
397,Entry short,2020-12-15 09:30,[CC] SELL NY,12564.25,2,502570,-59,-0.01,9,0,0.00,-54.5,-0.01,19643,7.86,0
398,Exit short,2020-12-16 09:30,NQ09B SELL NY STOP,12618.75,2,504700,-59,-0.01,9,0,0.00,-54.5,-0.01,19584,7.83,0
398,Entry short,2020-12-16 09:30,[CC] SELL NY,12617.5,2,504700,-59,-0.01,9,0,0.00,-54.5,-0.01,19584,7.83,0
399,Exit short,2020-12-16 18:00,NQ09B SELL WEEKDAY 1800 STOP,12682.25,1,253620,-29.5,-0.01,4.5,47.75,0.02,-27.25,-0.01,19554.5,7.82,0
399,Entry short,2020-12-16 18:00,[CC] SELL WEAK,12681,1,253620,-29.5,-0.01,4.5,47.75,0.02,-27.25,-0.01,19554.5,7.82,0
400,Exit short,2020-12-17 09:30,NQ09B SELL NY STOP,12738.25,2,509480,-59,-0.01,9,165.5,0.03,-54.5,-0.01,19495.5,7.80,0
400,Entry short,2020-12-17 09:30,[CC] SELL NY,12737,2,509480,-59,-0.01,9,165.5,0.03,-54.5,-0.01,19495.5,7.80,0
401,Exit short,2020-12-18 09:30,NQ09B SELL NY STOP,12775.75,2,510980,-59,-0.01,9,0,0.00,-54.5,-0.01,19436.5,7.77,0
401,Entry short,2020-12-18 09:30,[CC] SELL NY,12774.5,2,510980,-59,-0.01,9,0,0.00,-54.5,-0.01,19436.5,7.77,0
402,Exit short,2020-12-20 18:00,NQ09B SELL WEEKLY STOP,12761,2,510390,-59,-0.01,9,0,0.00,-54.5,-0.01,19377.5,7.75,0
402,Entry short,2020-12-20 18:00,[CC] SELL WEEKLY,12759.75,2,510390,-59,-0.01,9,0,0.00,-54.5,-0.01,19377.5,7.75,0
403,Exit short,2020-12-21 09:30,NQ09B SELL NY STOP,12582.5,2,503250,-59,-0.01,9,445.5,0.09,-54.5,-0.01,19318.5,7.73,0
403,Entry short,2020-12-21 09:30,[CC] SELL NY,12581.25,2,503250,-59,-0.01,9,445.5,0.09,-54.5,-0.01,19318.5,7.73,0
404,Exit short,2020-12-22 09:30,NQ09B SELL NY STOP,12720.25,2,508760,-59,-0.01,9,0,0.00,-54.5,-0.01,19259.5,7.70,0
404,Entry short,2020-12-22 09:30,[CC] SELL NY,12719,2,508760,-59,-0.01,9,0,0.00,-54.5,-0.01,19259.5,7.70,0
405,Exit short,2020-12-23 09:30,NQ09B SELL NY STOP,12715,2,508550,-59,-0.01,9,0,0.00,-54.5,-0.01,19200.5,7.68,0
405,Entry short,2020-12-23 09:30,[CC] SELL NY,12713.75,2,508550,-59,-0.01,9,0,0.00,-54.5,-0.01,19200.5,7.68,0
406,Exit short,2020-12-23 18:00,NQ09B SELL WEEKDAY 1800 STOP,12661.75,1,253210,-29.5,-0.01,4.5,0,0.00,-27.25,-0.01,19171,7.67,0
406,Entry short,2020-12-23 18:00,[CC] SELL WEAK,12660.5,1,253210,-29.5,-0.01,4.5,0,0.00,-27.25,-0.01,19171,7.67,0
407,Exit short,2020-12-24 09:30,NQ09B SELL NY STOP,12660.75,2,506380,-59,-0.01,9,135.5,0.03,-54.5,-0.01,19112,7.64,0
407,Entry short,2020-12-24 09:30,[CC] SELL NY,12659.5,2,506380,-59,-0.01,9,135.5,0.03,-54.5,-0.01,19112,7.64,0
408,Exit short,2020-12-28 09:30,NQ09B SELL NY STOP,12817.25,2,512640,-59,-0.01,9,0,0.00,-54.5,-0.01,19053,7.62,0
408,Entry short,2020-12-28 09:30,[CC] SELL NY,12816,2,512640,-59,-0.01,9,0,0.00,-54.5,-0.01,19053,7.62,0
409,Exit short,2020-12-29 09:30,NQ09B SELL NY N130 TP2,12878.75,2,515660,501,0.10,9,505.5,0.10,-14.5,0.00,19554,7.82,0
409,Entry short,2020-12-29 09:30,[CC] SELL NY,12891.5,2,515660,501,0.10,9,505.5,0.10,-14.5,0.00,19554,7.82,0
410,Exit short,2020-12-30 09:30,NQ09B SELL NY STOP,12898,2,515870,-59,-0.01,9,0,0.00,-54.5,-0.01,19495,7.80,0
410,Entry short,2020-12-30 09:30,[CC] SELL NY,12896.75,2,515870,-59,-0.01,9,0,0.00,-54.5,-0.01,19495,7.80,0
411,Exit short,2020-12-30 18:00,NQ09B SELL WEEKDAY 1800 STOP,12841,1,256795,-29.5,-0.01,4.5,0,0.00,-27.25,-0.01,19465.5,7.79,0
411,Entry short,2020-12-30 18:00,[CC] SELL WEAK,12839.75,1,256795,-29.5,-0.01,4.5,0,0.00,-27.25,-0.01,19465.5,7.79,0
412,Exit short,2020-12-31 09:30,NQ09B SELL NY STOP,12842.5,2,513650,-59,-0.01,9,0,0.00,-54.5,-0.01,19406.5,7.76,0
412,Entry short,2020-12-31 09:30,[CC] SELL NY,12841.25,2,513650,-59,-0.01,9,0,0.00,-54.5,-0.01,19406.5,7.76,0
413,Exit short,2021-01-03 18:00,NQ09B SELL WEEKLY STOP,12890,2,515550,-59,-0.01,9,0,0.00,-54.5,-0.01,19347.5,7.74,0
413,Entry short,2021-01-03 18:00,[CC] SELL WEEKLY,12888.75,2,515550,-59,-0.01,9,0,0.00,-54.5,-0.01,19347.5,7.74,0
414,Exit short,2021-01-04 09:30,NQ09B SELL NY STOP,12934.75,2,517340,-59,-0.01,9,0,0.00,-54.5,-0.01,19288.5,7.72,0
414,Entry short,2021-01-04 09:30,[CC] SELL NY,12933.5,2,517340,-59,-0.01,9,0,0.00,-54.5,-0.01,19288.5,7.72,0
415,Exit short,2021-01-04 18:00,NQ09B SELL WEEKDAY 1800 STOP,12683.75,1,253650,-29.5,-0.01,4.5,0,0.00,-27.25,-0.01,19259,7.70,0
415,Entry short,2021-01-04 18:00,[CC] SELL WEAK,12682.5,1,253650,-29.5,-0.01,4.5,0,0.00,-27.25,-0.01,19259,7.70,0
416,Exit short,2021-01-05 09:30,NQ09B SELL NY STOP,12652,2,506030,-59,-0.01,9,15.5,0.00,-54.5,-0.01,19200,7.68,0
416,Entry short,2021-01-05 09:30,[CC] SELL NY,12650.75,2,506030,-59,-0.01,9,15.5,0.00,-54.5,-0.01,19200,7.68,0
417,Exit short,2021-01-05 18:00,NQ09B SELL WEEKDAY 1800 STOP,12801.25,1,256000,-29.5,-0.01,4.5,137.75,0.05,-27.25,-0.01,19170.5,7.67,0
417,Entry short,2021-01-05 18:00,[CC] SELL WEAK,12800,1,256000,-29.5,-0.01,4.5,137.75,0.05,-27.25,-0.01,19170.5,7.67,0
418,Exit short,2021-01-06 09:30,NQ09B SELL NY STOP,12599.25,2,503920,-59,-0.01,9,0,0.00,-54.5,-0.01,19111.5,7.64,0
418,Entry short,2021-01-06 09:30,[CC] SELL NY,12598,2,503920,-59,-0.01,9,0,0.00,-54.5,-0.01,19111.5,7.64,0
419,Exit short,2021-01-06 18:00,NQ09B SELL WEEKDAY 1800 STOP,12659.5,2,506330,-59,-0.01,9,0,0.00,-54.5,-0.01,19052.5,7.62,0
419,Entry short,2021-01-06 18:00,[CC] SELL PREMIUM,12658.25,2,506330,-59,-0.01,9,0,0.00,-54.5,-0.01,19052.5,7.62,0
420,Exit short,2021-01-07 09:30,NQ09B SELL NY STOP,12729,2,509110,-59,-0.01,9,65.5,0.01,-54.5,-0.01,18993.5,7.60,0
420,Entry short,2021-01-07 09:30,[CC] SELL NY,12727.75,2,509110,-59,-0.01,9,65.5,0.01,-54.5,-0.01,18993.5,7.60,0
421,Exit short,2021-01-07 18:00,NQ09B SELL WEEKDAY 1800 STOP,12928,1,258535,-29.5,-0.01,4.5,42.75,0.02,-27.25,-0.01,18964,7.59,0
421,Entry short,2021-01-07 18:00,[CC] SELL WEAK,12926.75,1,258535,-29.5,-0.01,4.5,42.75,0.02,-27.25,-0.01,18964,7.59,0
422,Exit short,2021-01-08 09:30,NQ09B SELL NY STOP,13020,2,520750,-59,-0.01,9,0,0.00,-54.5,-0.01,18905,7.56,0
422,Entry short,2021-01-08 09:30,[CC] SELL NY,13018.75,2,520750,-59,-0.01,9,0,0.00,-54.5,-0.01,18905,7.56,0
423,Exit short,2021-01-10 18:00,NQ09B SELL WEEKLY STOP,13094.25,2,523720,-59,-0.01,9,0,0.00,-54.5,-0.01,18846,7.54,0
423,Entry short,2021-01-10 18:00,[CC] SELL WEEKLY,13093,2,523720,-59,-0.01,9,0,0.00,-54.5,-0.01,18846,7.54,0
424,Exit short,2021-01-11 09:30,NQ09B SELL NY STOP,12965.25,2,518560,-59,-0.01,9,0,0.00,-54.5,-0.01,18787,7.51,0
424,Entry short,2021-01-11 09:30,[CC] SELL NY,12964,2,518560,-59,-0.01,9,0,0.00,-54.5,-0.01,18787,7.51,0
425,Exit short,2021-01-11 18:00,NQ09B SELL WEEKDAY 1800 STOP,12911.75,1,258210,-29.5,-0.01,4.5,0,0.00,-27.25,-0.01,18757.5,7.50,0
425,Entry short,2021-01-11 18:00,[CC] SELL WEAK,12910.5,1,258210,-29.5,-0.01,4.5,0,0.00,-27.25,-0.01,18757.5,7.50,0
426,Exit short,2021-01-12 09:30,NQ09B SELL NY STOP,12903.5,2,516090,-59,-0.01,9,285.5,0.06,-54.5,-0.01,18698.5,7.48,0
426,Entry short,2021-01-12 09:30,[CC] SELL NY,12902.25,2,516090,-59,-0.01,9,285.5,0.06,-54.5,-0.01,18698.5,7.48,0
427,Exit short,2021-01-13 09:30,NQ09B SELL NY STOP,12890.25,2,515560,-59,-0.01,9,55.5,0.01,-54.5,-0.01,18639.5,7.46,0
427,Entry short,2021-01-13 09:30,[CC] SELL NY,12889,2,515560,-59,-0.01,9,55.5,0.01,-54.5,-0.01,18639.5,7.46,0
428,Exit short,2021-01-14 09:30,NQ09B SELL NY N130 TP2,12972.75,2,519420,501,0.10,9,505.5,0.10,-14.5,0.00,19140.5,7.66,0
428,Entry short,2021-01-14 09:30,[CC] SELL NY,12985.5,2,519420,501,0.10,9,505.5,0.10,-14.5,0.00,19140.5,7.66,0
429,Exit short,2021-01-15 09:30,NQ09B SELL NY STOP,12891,2,515590,-59,-0.01,9,405.5,0.08,-54.5,-0.01,19081.5,7.63,0
429,Entry short,2021-01-15 09:30,[CC] SELL NY,12889.75,2,515590,-59,-0.01,9,405.5,0.08,-54.5,-0.01,19081.5,7.63,0
430,Exit short,2021-01-17 18:00,NQ09B SELL WEEKLY W80,12766,2,510960,311,0.06,9,315.5,0.06,-14.5,0.00,19392.5,7.76,0
430,Entry short,2021-01-17 18:00,[CC] SELL WEEKLY,12774,2,510960,311,0.06,9,315.5,0.06,-14.5,0.00,19392.5,7.76,0
431,Exit short,2021-01-18 09:30,NQ09B SELL NY STOP,12801.25,2,512000,-59,-0.01,9,0,0.00,-54.5,-0.01,19333.5,7.73,0
431,Entry short,2021-01-18 09:30,[CC] SELL NY,12800,2,512000,-59,-0.01,9,0,0.00,-54.5,-0.01,19333.5,7.73,0
432,Exit short,2021-01-18 18:00,NQ09B SELL WEEKDAY 1800 STOP,12813,1,256235,-29.5,-0.01,4.5,17.75,0.01,-27.25,-0.01,19304,7.72,0
432,Entry short,2021-01-18 18:00,[CC] SELL WEAK,12811.75,1,256235,-29.5,-0.01,4.5,17.75,0.01,-27.25,-0.01,19304,7.72,0
433,Exit short,2021-01-19 09:30,NQ09B SELL NY STOP,12897.5,2,515850,-59,-0.01,9,295.5,0.06,-54.5,-0.01,19245,7.70,0
433,Entry short,2021-01-19 09:30,[CC] SELL NY,12896.25,2,515850,-59,-0.01,9,295.5,0.06,-54.5,-0.01,19245,7.70,0
434,Exit short,2021-01-19 18:00,NQ09B SELL WEEKDAY 1800 STOP,13031,2,521190,-59,-0.01,9,45.5,0.01,-54.5,-0.01,19186,7.67,0
434,Entry short,2021-01-19 18:00,[CC] SELL PREMIUM,13029.75,2,521190,-59,-0.01,9,45.5,0.01,-54.5,-0.01,19186,7.67,0
435,Exit short,2021-01-20 09:30,NQ09B SELL NY STOP,13138,2,525470,-59,-0.01,9,0,0.00,-54.5,-0.01,19127,7.65,0
435,Entry short,2021-01-20 09:30,[CC] SELL NY,13136.75,2,525470,-59,-0.01,9,0,0.00,-54.5,-0.01,19127,7.65,0
436,Exit short,2021-01-20 18:00,NQ09B SELL WEEKDAY 1800 STOP,13289.5,1,265765,-29.5,-0.01,4.5,2.75,0.00,-27.25,-0.01,19097.5,7.64,0
436,Entry short,2021-01-20 18:00,[CC] SELL WEAK,13288.25,1,265765,-29.5,-0.01,4.5,2.75,0.00,-27.25,-0.01,19097.5,7.64,0
437,Exit short,2021-01-21 09:30,NQ09B SELL NY STOP,13341,2,533590,-59,-0.01,9,0,0.00,-54.5,-0.01,19038.5,7.62,0
437,Entry short,2021-01-21 09:30,[CC] SELL NY,13339.75,2,533590,-59,-0.01,9,0,0.00,-54.5,-0.01,19038.5,7.62,0
438,Exit short,2021-01-22 09:30,NQ09B SELL NY STOP,13348.75,2,533900,-59,-0.01,9,0,0.00,-54.5,-0.01,18979.5,7.59,0
438,Entry short,2021-01-22 09:30,[CC] SELL NY,13347.5,2,533900,-59,-0.01,9,0,0.00,-54.5,-0.01,18979.5,7.59,0
439,Exit short,2021-01-24 18:00,NQ09B SELL WEEKLY STOP,13371,2,534790,-59,-0.01,9,35.5,0.01,-54.5,-0.01,18920.5,7.57,0
439,Entry short,2021-01-24 18:00,[CC] SELL WEEKLY,13369.75,2,534790,-59,-0.01,9,35.5,0.01,-54.5,-0.01,18920.5,7.57,0
440,Exit short,2021-01-25 09:30,NQ09B SELL NY STOP,13498.75,2,539900,-59,-0.01,9,55.5,0.01,-54.5,-0.01,18861.5,7.54,0
440,Entry short,2021-01-25 09:30,[CC] SELL NY,13497.5,2,539900,-59,-0.01,9,55.5,0.01,-54.5,-0.01,18861.5,7.54,0
441,Exit short,2021-01-25 18:00,NQ09B SELL WEEKDAY 1800 STOP,13460.75,1,269190,-29.5,-0.01,4.5,0,0.00,-27.25,-0.01,18832,7.53,0
441,Entry short,2021-01-25 18:00,[CC] SELL WEAK,13459.5,1,269190,-29.5,-0.01,4.5,0,0.00,-27.25,-0.01,18832,7.53,0
442,Exit short,2021-01-26 09:30,NQ09B SELL NY STOP,13494.25,2,539720,-59,-0.01,9,255.5,0.05,-54.5,-0.01,18773,7.51,0
442,Entry short,2021-01-26 09:30,[CC] SELL NY,13493,2,539720,-59,-0.01,9,255.5,0.05,-54.5,-0.01,18773,7.51,0
443,Exit short,2021-01-26 18:00,NQ09B SELL WEEKDAY 1800 STOP,13552,2,542030,-59,-0.01,9,75.5,0.01,-54.5,-0.01,18714,7.49,0
443,Entry short,2021-01-26 18:00,[CC] SELL PREMIUM,13550.75,2,542030,-59,-0.01,9,75.5,0.01,-54.5,-0.01,18714,7.49,0
444,Exit short,2021-01-27 09:30,NQ09B SELL NY N130 TP2,13376.5,2,535570,501,0.09,9,505.5,0.09,-14.5,0.00,19215,7.69,0
444,Entry short,2021-01-27 09:30,[CC] SELL NY,13389.25,2,535570,501,0.09,9,505.5,0.09,-14.5,0.00,19215,7.69,0
445,Exit short,2021-01-27 18:00,NQ09B SELL WEEKDAY 1800 STOP,13053.5,2,522090,-59,-0.01,9,0,0.00,-54.5,-0.01,19156,7.66,0
445,Entry short,2021-01-27 18:00,[CC] SELL PREMIUM,13052.25,2,522090,-59,-0.01,9,0,0.00,-54.5,-0.01,19156,7.66,0
446,Exit short,2021-01-28 09:30,NQ09B SELL NY N130 TP2,13142.25,2,526200,501,0.10,9,505.5,0.10,-14.5,0.00,19657,7.86,0
446,Entry short,2021-01-28 09:30,[CC] SELL NY,13155,2,526200,501,0.10,9,505.5,0.10,-14.5,0.00,19657,7.86,0
447,Exit short,2021-01-28 18:00,NQ09B SELL WEEKDAY 1800 STOP,13157,2,526230,-59,-0.01,9,0,0.00,-54.5,-0.01,19598,7.84,0
447,Entry short,2021-01-28 18:00,[CC] SELL PREMIUM,13155.75,2,526230,-59,-0.01,9,0,0.00,-54.5,-0.01,19598,7.84,0
448,Exit short,2021-01-29 09:30,NQ09B SELL NY N130 TP2,13097.5,2,524410,501,0.10,9,505.5,0.10,-14.5,0.00,20099,8.04,0
448,Entry short,2021-01-29 09:30,[CC] SELL NY,13110.25,2,524410,501,0.10,9,505.5,0.10,-14.5,0.00,20099,8.04,0
449,Exit short,2021-01-31 18:00,NQ09B SELL WEEKLY STOP,12850,2,513950,-59,-0.01,9,0,0.00,-54.5,-0.01,20040,8.02,0
449,Entry short,2021-01-31 18:00,[CC] SELL WEEKLY,12848.75,2,513950,-59,-0.01,9,0,0.00,-54.5,-0.01,20040,8.02,0
450,Exit short,2021-02-01 09:30,NQ09B SELL NY STOP,13052.5,2,522050,-59,-0.01,9,155.5,0.03,-54.5,-0.01,19981,7.99,0
450,Entry short,2021-02-01 09:30,[CC] SELL NY,13051.25,2,522050,-59,-0.01,9,155.5,0.03,-54.5,-0.01,19981,7.99,0
451,Exit short,2021-02-01 18:00,NQ09B SELL WEEKDAY 1800 STOP,13233.5,1,264645,-29.5,-0.01,4.5,32.75,0.01,-27.25,-0.01,19951.5,7.98,0
451,Entry short,2021-02-01 18:00,[CC] SELL WEAK,13232.25,1,264645,-29.5,-0.01,4.5,32.75,0.01,-27.25,-0.01,19951.5,7.98,0
452,Exit short,2021-02-02 09:30,NQ09B SELL NY STOP,13353.25,2,534080,-59,-0.01,9,275.5,0.05,-54.5,-0.01,19892.5,7.96,0
452,Entry short,2021-02-02 09:30,[CC] SELL NY,13352,2,534080,-59,-0.01,9,275.5,0.05,-54.5,-0.01,19892.5,7.96,0
453,Exit short,2021-02-02 18:00,NQ09B SELL WEEKDAY 1800 STOP,13507,2,540230,-59,-0.01,9,0,0.00,-54.5,-0.01,19833.5,7.93,0
453,Entry short,2021-02-02 18:00,[CC] SELL PREMIUM,13505.75,2,540230,-59,-0.01,9,0,0.00,-54.5,-0.01,19833.5,7.93,0
454,Exit short,2021-02-03 09:30,NQ09B SELL NY STOP,13532.5,2,541250,-59,-0.01,9,0,0.00,-54.5,-0.01,19774.5,7.91,0
454,Entry short,2021-02-03 09:30,[CC] SELL NY,13531.25,2,541250,-59,-0.01,9,0,0.00,-54.5,-0.01,19774.5,7.91,0
455,Exit short,2021-02-03 18:00,NQ09B SELL WEEKDAY 1800 STOP,13430.5,2,537170,-59,-0.01,9,0,0.00,-54.5,-0.01,19715.5,7.89,0
455,Entry short,2021-02-03 18:00,[CC] SELL PREMIUM,13429.25,2,537170,-59,-0.01,9,0,0.00,-54.5,-0.01,19715.5,7.89,0
456,Exit short,2021-02-04 09:30,NQ09B SELL NY STOP,13450,2,537950,-59,-0.01,9,0,0.00,-54.5,-0.01,19656.5,7.86,0
456,Entry short,2021-02-04 09:30,[CC] SELL NY,13448.75,2,537950,-59,-0.01,9,0,0.00,-54.5,-0.01,19656.5,7.86,0
457,Exit short,2021-02-05 09:30,NQ09B SELL NY STOP,13591,2,543590,-59,-0.01,9,0,0.00,-54.5,-0.01,19597.5,7.84,0
457,Entry short,2021-02-05 09:30,[CC] SELL NY,13589.75,2,543590,-59,-0.01,9,0,0.00,-54.5,-0.01,19597.5,7.84,0
458,Exit short,2021-02-07 18:00,NQ09B SELL WEEKLY W80,13615.5,2,544940,311,0.06,9,315.5,0.06,-14.5,0.00,19908.5,7.96,0
458,Entry short,2021-02-07 18:00,[CC] SELL WEEKLY,13623.5,2,544940,311,0.06,9,315.5,0.06,-14.5,0.00,19908.5,7.96,0
459,Exit short,2021-02-08 09:30,NQ09B SELL NY STOP,13667.25,2,546640,-59,-0.01,9,0,0.00,-54.5,-0.01,19849.5,7.94,0
459,Entry short,2021-02-08 09:30,[CC] SELL NY,13666,2,546640,-59,-0.01,9,0,0.00,-54.5,-0.01,19849.5,7.94,0
460,Exit short,2021-02-09 09:30,NQ09B SELL NY STOP,13646.75,2,545820,-59,-0.01,9,5.5,0.00,-54.5,-0.01,19790.5,7.92,0
460,Entry short,2021-02-09 09:30,[CC] SELL NY,13645.5,2,545820,-59,-0.01,9,5.5,0.00,-54.5,-0.01,19790.5,7.92,0
461,Exit short,2021-02-10 09:30,NQ09B SELL NY N130 TP2,13729.75,2,549700,501,0.09,9,505.5,0.09,-14.5,0.00,20291.5,8.12,0
461,Entry short,2021-02-10 09:30,[CC] SELL NY,13742.5,2,549700,501,0.09,9,505.5,0.09,-14.5,0.00,20291.5,8.12,0
462,Exit short,2021-02-11 09:30,NQ09B SELL NY STOP,13718.25,2,548680,-59,-0.01,9,95.5,0.02,-54.5,-0.01,20232.5,8.09,0
462,Entry short,2021-02-11 09:30,[CC] SELL NY,13717,2,548680,-59,-0.01,9,95.5,0.02,-54.5,-0.01,20232.5,8.09,0
463,Exit short,2021-02-11 18:00,NQ09B SELL WEEKDAY 1800 STOP,13712.25,1,274220,-29.5,-0.01,4.5,0,0.00,-27.25,-0.01,20203,8.08,0
463,Entry short,2021-02-11 18:00,[CC] SELL WEAK,13711,1,274220,-29.5,-0.01,4.5,0,0.00,-27.25,-0.01,20203,8.08,0
464,Exit short,2021-02-12 09:30,NQ09B SELL NY STOP,13694.5,2,547730,-59,-0.01,9,0,0.00,-54.5,-0.01,20144,8.06,0
464,Entry short,2021-02-12 09:30,[CC] SELL NY,13693.25,2,547730,-59,-0.01,9,0,0.00,-54.5,-0.01,20144,8.06,0
465,Exit short,2021-02-14 18:00,NQ09B SELL WEEKLY STOP,13830.5,2,553170,-59,-0.01,9,0,0.00,-54.5,-0.01,20085,8.03,0
465,Entry short,2021-02-14 18:00,[CC] SELL WEEKLY,13829.25,2,553170,-59,-0.01,9,0,0.00,-54.5,-0.01,20085,8.03,0
466,Exit short,2021-02-15 09:30,NQ09B SELL NY STOP,13851.75,2,554020,-59,-0.01,9,85.5,0.02,-54.5,-0.01,20026,8.01,0
466,Entry short,2021-02-15 09:30,[CC] SELL NY,13850.5,2,554020,-59,-0.01,9,85.5,0.02,-54.5,-0.01,20026,8.01,0
467,Exit short,2021-02-15 18:00,NQ09B SELL WEEKDAY 1800 STOP,13873.5,1,277445,-29.5,-0.01,4.5,0,0.00,-27.25,-0.01,19996.5,8.00,0
467,Entry short,2021-02-15 18:00,[CC] SELL WEAK,13872.25,1,277445,-29.5,-0.01,4.5,0,0.00,-27.25,-0.01,19996.5,8.00,0
468,Exit short,2021-02-16 09:30,NQ09B SELL NY N130 TP2,13822.75,2,553420,501,0.09,9,505.5,0.09,-14.5,0.00,20497.5,8.20,0
468,Entry short,2021-02-16 09:30,[CC] SELL NY,13835.5,2,553420,501,0.09,9,505.5,0.09,-14.5,0.00,20497.5,8.20,0
469,Exit short,2021-02-17 09:30,NQ09B SELL NY STOP,13639.5,2,545530,-59,-0.01,9,0,0.00,-54.5,-0.01,20438.5,8.18,0
469,Entry short,2021-02-17 09:30,[CC] SELL NY,13638.25,2,545530,-59,-0.01,9,0,0.00,-54.5,-0.01,20438.5,8.18,0
470,Exit short,2021-02-18 09:30,NQ09B SELL NY STOP,13545.25,2,541760,-59,-0.01,9,0,0.00,-54.5,-0.01,20379.5,8.15,0
470,Entry short,2021-02-18 09:30,[CC] SELL NY,13544,2,541760,-59,-0.01,9,0,0.00,-54.5,-0.01,20379.5,8.15,0
471,Exit short,2021-02-19 09:30,NQ09B SELL NY STOP,13696.5,2,547810,-59,-0.01,9,0,0.00,-54.5,-0.01,20320.5,8.13,0
471,Entry short,2021-02-19 09:30,[CC] SELL NY,13695.25,2,547810,-59,-0.01,9,0,0.00,-54.5,-0.01,20320.5,8.13,0
472,Exit short,2021-02-21 18:00,NQ09B SELL WEEKLY STOP,13586,2,543390,-59,-0.01,9,0,0.00,-54.5,-0.01,20261.5,8.10,0
472,Entry short,2021-02-21 18:00,[CC] SELL WEEKLY,13584.75,2,543390,-59,-0.01,9,0,0.00,-54.5,-0.01,20261.5,8.10,0
473,Exit short,2021-02-22 09:30,NQ09B SELL NY STOP,13392.25,2,535640,-59,-0.01,9,0,0.00,-54.5,-0.01,20202.5,8.08,0
473,Entry short,2021-02-22 09:30,[CC] SELL NY,13391,2,535640,-59,-0.01,9,0,0.00,-54.5,-0.01,20202.5,8.08,0
474,Exit short,2021-02-23 09:30,NQ09B SELL NY STOP,13002,2,520030,-59,-0.01,9,0,0.00,-54.5,-0.01,20143.5,8.06,0
474,Entry short,2021-02-23 09:30,[CC] SELL NY,13000.75,2,520030,-59,-0.01,9,0,0.00,-54.5,-0.01,20143.5,8.06,0
475,Exit short,2021-02-23 18:00,NQ09B SELL WEEKDAY 1800 STOP,13171.75,2,526820,-59,-0.01,9,135.5,0.03,-54.5,-0.01,20084.5,8.03,0
475,Entry short,2021-02-23 18:00,[CC] SELL PREMIUM,13170.5,2,526820,-59,-0.01,9,135.5,0.03,-54.5,-0.01,20084.5,8.03,0
476,Exit short,2021-02-24 09:30,NQ09B SELL NY STOP,13074.75,2,522940,-59,-0.01,9,475.5,0.09,-54.5,-0.01,20025.5,8.01,0
476,Entry short,2021-02-24 09:30,[CC] SELL NY,13073.5,2,522940,-59,-0.01,9,475.5,0.09,-54.5,-0.01,20025.5,8.01,0
477,Exit short,2021-02-24 18:00,NQ09B SELL WEEKDAY 1800 D80,13296.5,1,266090,155.5,0.06,4.5,157.75,0.06,-7.25,0.00,20181,8.07,0
477,Entry short,2021-02-24 18:00,[CC] SELL WEAK,13304.5,1,266090,155.5,0.06,4.5,157.75,0.06,-7.25,0.00,20181,8.07,0
478,Exit short,2021-02-25 09:30,NQ09B SELL NY STOP,13181.75,2,527220,-59,-0.01,9,95.5,0.02,-54.5,-0.01,20122,8.05,0
478,Entry short,2021-02-25 09:30,[CC] SELL NY,13180.5,2,527220,-59,-0.01,9,95.5,0.02,-54.5,-0.01,20122,8.05,0
479,Exit short,2021-02-25 18:00,NQ09B SELL WEEKDAY 1800 STOP,12803.5,2,512090,-59,-0.01,9,0,0.00,-54.5,-0.01,20063,8.03,0
479,Entry short,2021-02-25 18:00,[CC] SELL PREMIUM,12802.25,2,512090,-59,-0.01,9,0,0.00,-54.5,-0.01,20063,8.03,0
480,Exit short,2021-02-26 09:30,NQ09B SELL NY N130 TP2,12939.75,2,518100,501,0.10,9,505.5,0.10,-14.5,0.00,20564,8.23,0
480,Entry short,2021-02-26 09:30,[CC] SELL NY,12952.5,2,518100,501,0.10,9,505.5,0.10,-14.5,0.00,20564,8.23,0
481,Exit short,2021-02-28 18:00,NQ09B SELL WEEKLY STOP,12958.5,2,518290,-59,-0.01,9,85.5,0.02,-54.5,-0.01,20505,8.20,0
481,Entry short,2021-02-28 18:00,[CC] SELL WEEKLY,12957.25,2,518290,-59,-0.01,9,85.5,0.02,-54.5,-0.01,20505,8.20,0
482,Exit short,2021-03-01 09:30,NQ09B SELL NY STOP,13100.25,2,523960,-59,-0.01,9,0,0.00,-54.5,-0.01,20446,8.18,0
482,Entry short,2021-03-01 09:30,[CC] SELL NY,13099,2,523960,-59,-0.01,9,0,0.00,-54.5,-0.01,20446,8.18,0
483,Exit short,2021-03-01 18:00,NQ09B SELL WEEKDAY 1800 D80,13304,2,532480,311,0.06,9,315.5,0.06,-14.5,0.00,20757,8.30,0
483,Entry short,2021-03-01 18:00,[CC] SELL PREMIUM,13312,2,532480,311,0.06,9,315.5,0.06,-14.5,0.00,20757,8.30,0
484,Exit short,2021-03-02 09:30,NQ09B SELL NY STOP,13298.5,2,531890,-59,-0.01,9,0,0.00,-54.5,-0.01,20698,8.28,0
484,Entry short,2021-03-02 09:30,[CC] SELL NY,13297.25,2,531890,-59,-0.01,9,0,0.00,-54.5,-0.01,20698,8.28,0
485,Exit short,2021-03-02 18:00,NQ09B SELL WEEKDAY 1800 STOP,13062.25,1,261220,-29.5,-0.01,4.5,87.75,0.03,-27.25,-0.01,20668.5,8.27,0
485,Entry short,2021-03-02 18:00,[CC] SELL WEAK,13061,1,261220,-29.5,-0.01,4.5,87.75,0.03,-27.25,-0.01,20668.5,8.27,0
486,Exit short,2021-03-03 09:30,NQ09B SELL NY STOP,13013.75,2,520500,-59,-0.01,9,345.5,0.07,-54.5,-0.01,20609.5,8.24,0
486,Entry short,2021-03-03 09:30,[CC] SELL NY,13012.5,2,520500,-59,-0.01,9,345.5,0.07,-54.5,-0.01,20609.5,8.24,0
487,Exit short,2021-03-04 09:30,NQ09B SELL NY N130 TP2,12651.25,2,506560,501,0.10,9,505.5,0.10,-14.5,0.00,21110.5,8.44,0
487,Entry short,2021-03-04 09:30,[CC] SELL NY,12664,2,506560,501,0.10,9,505.5,0.10,-14.5,0.00,21110.5,8.44,0
488,Exit short,2021-03-04 18:00,NQ09B SELL WEEKDAY 1800 STOP,12436,1,248695,-29.5,-0.01,4.5,0,0.00,-27.25,-0.01,21081,8.43,0
488,Entry short,2021-03-04 18:00,[CC] SELL WEAK,12434.75,1,248695,-29.5,-0.01,4.5,0,0.00,-27.25,-0.01,21081,8.43,0
489,Exit short,2021-03-05 09:30,NQ09B SELL NY STOP,12583.75,2,503300,-59,-0.01,9,0,0.00,-54.5,-0.01,21022,8.41,0
489,Entry short,2021-03-05 09:30,[CC] SELL NY,12582.5,2,503300,-59,-0.01,9,0,0.00,-54.5,-0.01,21022,8.41,0
490,Exit short,2021-03-07 18:00,NQ09B SELL WEEKLY STOP,12716,2,508590,-59,-0.01,9,25.5,0.01,-54.5,-0.01,20963,8.39,0
490,Entry short,2021-03-07 18:00,[CC] SELL WEEKLY,12714.75,2,508590,-59,-0.01,9,25.5,0.01,-54.5,-0.01,20963,8.39,0
491,Exit short,2021-03-08 09:30,NQ09B SELL NY STOP,12636.25,2,505400,-59,-0.01,9,0,0.00,-54.5,-0.01,20904,8.36,0
491,Entry short,2021-03-08 09:30,[CC] SELL NY,12635,2,505400,-59,-0.01,9,0,0.00,-54.5,-0.01,20904,8.36,0
492,Exit short,2021-03-09 09:30,NQ09B SELL NY N130 TP2,12596.25,2,504360,501,0.10,9,505.5,0.10,-14.5,0.00,21405,8.56,0
492,Entry short,2021-03-09 09:30,[CC] SELL NY,12609,2,504360,501,0.10,9,505.5,0.10,-14.5,0.00,21405,8.56,0
493,Exit short,2021-03-09 18:00,NQ09B SELL WEEKDAY 1800 STOP,12813,1,256235,-29.5,-0.01,4.5,0,0.00,-27.25,-0.01,21375.5,8.55,0
493,Entry short,2021-03-09 18:00,[CC] SELL WEAK,12811.75,1,256235,-29.5,-0.01,4.5,0,0.00,-27.25,-0.01,21375.5,8.55,0
494,Exit short,2021-03-10 09:30,NQ09B SELL NY STOP,12968.75,2,518700,-59,-0.01,9,0,0.00,-54.5,-0.01,21316.5,8.53,0
494,Entry short,2021-03-10 09:30,[CC] SELL NY,12967.5,2,518700,-59,-0.01,9,0,0.00,-54.5,-0.01,21316.5,8.53,0
495,Exit short,2021-03-11 09:30,NQ09B SELL NY STOP,12952.5,2,518050,-59,-0.01,9,285.5,0.06,-54.5,-0.01,21257.5,8.50,0
495,Entry short,2021-03-11 09:30,[CC] SELL NY,12951.25,2,518050,-59,-0.01,9,285.5,0.06,-54.5,-0.01,21257.5,8.50,0
496,Exit short,2021-03-12 09:30,NQ09B SELL NY STOP,12872,2,514830,-59,-0.01,9,0,0.00,-54.5,-0.01,21198.5,8.48,0
496,Entry short,2021-03-12 09:30,[CC] SELL NY,12870.75,2,514830,-59,-0.01,9,0,0.00,-54.5,-0.01,21198.5,8.48,0
497,Exit short,2021-03-14 18:00,NQ09B SELL WEEKLY STOP,12951,2,517990,-59,-0.01,9,0,0.00,-54.5,-0.01,21139.5,8.46,0
497,Entry short,2021-03-14 18:00,[CC] SELL WEEKLY,12949.75,2,517990,-59,-0.01,9,0,0.00,-54.5,-0.01,21139.5,8.46,0
498,Exit short,2021-03-15 09:30,NQ09B SELL NY N130 TP2,12937.5,2,518010,501,0.10,9,505.5,0.10,-14.5,0.00,21640.5,8.66,0
498,Entry short,2021-03-15 09:30,[CC] SELL NY,12950.25,2,518010,501,0.10,9,505.5,0.10,-14.5,0.00,21640.5,8.66,0
499,Exit short,2021-03-16 09:30,NQ09B SELL NY STOP,13160.75,2,526380,-59,-0.01,9,0,0.00,-54.5,-0.01,21581.5,8.63,0
499,Entry short,2021-03-16 09:30,[CC] SELL NY,13159.5,2,526380,-59,-0.01,9,0,0.00,-54.5,-0.01,21581.5,8.63,0
500,Exit short,2021-03-17 09:30,NQ09B SELL NY STOP,13008,2,520270,-59,-0.01,9,0,0.00,-54.5,-0.01,21522.5,8.61,0
500,Entry short,2021-03-17 09:30,[CC] SELL NY,13006.75,2,520270,-59,-0.01,9,0,0.00,-54.5,-0.01,21522.5,8.61,0
501,Exit short,2021-03-17 18:00,NQ09B SELL WEEKDAY 1800 D80,13178.75,1,263735,155.5,0.06,4.5,157.75,0.06,-7.25,0.00,21678,8.67,0
501,Entry short,2021-03-17 18:00,[CC] SELL WEAK,13186.75,1,263735,155.5,0.06,4.5,157.75,0.06,-7.25,0.00,21678,8.67,0
502,Exit short,2021-03-18 09:30,NQ09B SELL NY STOP,12980.5,2,519170,-59,-0.01,9,255.5,0.05,-54.5,-0.01,21619,8.65,0
502,Entry short,2021-03-18 09:30,[CC] SELL NY,12979.25,2,519170,-59,-0.01,9,255.5,0.05,-54.5,-0.01,21619,8.65,0
503,Exit short,2021-03-18 18:00,NQ09B SELL WEEKDAY 1800 STOP,12794.5,1,255865,-29.5,-0.01,4.5,0,0.00,-27.25,-0.01,21589.5,8.64,0
503,Entry short,2021-03-18 18:00,[CC] SELL WEAK,12793.25,1,255865,-29.5,-0.01,4.5,0,0.00,-27.25,-0.01,21589.5,8.64,0
504,Exit short,2021-03-19 09:30,NQ09B SELL NY STOP,12776.75,2,511020,-59,-0.01,9,395.5,0.08,-54.5,-0.01,21530.5,8.61,0
504,Entry short,2021-03-19 09:30,[CC] SELL NY,12775.5,2,511020,-59,-0.01,9,395.5,0.08,-54.5,-0.01,21530.5,8.61,0
505,Exit short,2021-03-21 18:00,NQ09B SELL WEEKLY W80,12798.75,2,512270,311,0.06,9,315.5,0.06,-14.5,0.00,21841.5,8.74,0
505,Entry short,2021-03-21 18:00,[CC] SELL WEEKLY,12806.75,2,512270,311,0.06,9,315.5,0.06,-14.5,0.00,21841.5,8.74,0
506,Exit short,2021-03-22 09:30,NQ09B SELL NY STOP,12929.25,2,517120,-59,-0.01,9,5.5,0.00,-54.5,-0.01,21782.5,8.71,0
506,Entry short,2021-03-22 09:30,[CC] SELL NY,12928,2,517120,-59,-0.01,9,5.5,0.00,-54.5,-0.01,21782.5,8.71,0
507,Exit short,2021-03-22 18:00,NQ09B SELL WEEKDAY 1800 STOP,13070,1,261375,-29.5,-0.01,4.5,32.75,0.01,-27.25,-0.01,21753,8.70,0
507,Entry short,2021-03-22 18:00,[CC] SELL WEAK,13068.75,1,261375,-29.5,-0.01,4.5,32.75,0.01,-27.25,-0.01,21753,8.70,0
508,Exit short,2021-03-23 09:30,NQ09B SELL NY STOP,13114.5,2,524530,-59,-0.01,9,0,0.00,-54.5,-0.01,21694,8.68,0
508,Entry short,2021-03-23 09:30,[CC] SELL NY,13113.25,2,524530,-59,-0.01,9,0,0.00,-54.5,-0.01,21694,8.68,0
509,Exit short,2021-03-24 09:30,NQ09B SELL NY STOP,13071.75,2,522820,-59,-0.01,9,0,0.00,-54.5,-0.01,21635,8.65,0
509,Entry short,2021-03-24 09:30,[CC] SELL NY,13070.5,2,522820,-59,-0.01,9,0,0.00,-54.5,-0.01,21635,8.65,0
510,Exit short,2021-03-25 09:30,NQ09B SELL NY STOP,12718.5,2,508690,-59,-0.01,9,0,0.00,-54.5,-0.01,21576,8.63,0
510,Entry short,2021-03-25 09:30,[CC] SELL NY,12717.25,2,508690,-59,-0.01,9,0,0.00,-54.5,-0.01,21576,8.63,0
511,Exit short,2021-03-26 09:30,NQ09B SELL NY STOP,12764.25,2,510520,-59,-0.01,9,365.5,0.07,-54.5,-0.01,21517,8.61,0
511,Entry short,2021-03-26 09:30,[CC] SELL NY,12763,2,510520,-59,-0.01,9,365.5,0.07,-54.5,-0.01,21517,8.61,0
512,Exit short,2021-03-28 18:00,NQ09B SELL WEEKLY W80,12967.5,2,519020,311,0.06,9,315.5,0.06,-14.5,0.00,21828,8.73,0
512,Entry short,2021-03-28 18:00,[CC] SELL WEEKLY,12975.5,2,519020,311,0.06,9,315.5,0.06,-14.5,0.00,21828,8.73,0
513,Exit short,2021-03-29 09:30,NQ09B SELL NY STOP,12942.25,2,517640,-59,-0.01,9,0,0.00,-54.5,-0.01,21769,8.71,0
513,Entry short,2021-03-29 09:30,[CC] SELL NY,12941,2,517640,-59,-0.01,9,0,0.00,-54.5,-0.01,21769,8.71,0
514,Exit short,2021-03-30 09:30,NQ09B SELL NY STOP,12874.5,2,514930,-59,-0.01,9,0,0.00,-54.5,-0.01,21710,8.68,0
514,Entry short,2021-03-30 09:30,[CC] SELL NY,12873.25,2,514930,-59,-0.01,9,0,0.00,-54.5,-0.01,21710,8.68,0
515,Exit short,2021-03-31 09:30,NQ09B SELL NY STOP,12969,2,518710,-59,-0.01,9,0,0.00,-54.5,-0.01,21651,8.66,0
515,Entry short,2021-03-31 09:30,[CC] SELL NY,12967.75,2,518710,-59,-0.01,9,0,0.00,-54.5,-0.01,21651,8.66,0
516,Exit short,2021-04-01 09:30,NQ09B SELL NY STOP,13254,2,530110,-59,-0.01,9,435.5,0.08,-54.5,-0.01,21592,8.64,0
516,Entry short,2021-04-01 09:30,[CC] SELL NY,13252.75,2,530110,-59,-0.01,9,435.5,0.08,-54.5,-0.01,21592,8.64,0
517,Exit short,2021-04-04 18:00,NQ09B SELL WEEKLY STOP,13340,2,533550,-59,-0.01,9,0,0.00,-54.5,-0.01,21533,8.61,0
517,Entry short,2021-04-04 18:00,[CC] SELL WEEKLY,13338.75,2,533550,-59,-0.01,9,0,0.00,-54.5,-0.01,21533,8.61,0
518,Exit short,2021-04-05 09:30,NQ09B SELL NY STOP,13420,2,536750,-59,-0.01,9,375.5,0.07,-54.5,-0.01,21474,8.59,0
518,Entry short,2021-04-05 09:30,[CC] SELL NY,13418.75,2,536750,-59,-0.01,9,375.5,0.07,-54.5,-0.01,21474,8.59,0
519,Exit short,2021-04-05 18:00,NQ09B SELL WEEKDAY 1800 STOP,13604.75,1,272070,-29.5,-0.01,4.5,57.75,0.02,-27.25,-0.01,21444.5,8.58,0
519,Entry short,2021-04-05 18:00,[CC] SELL WEAK,13603.5,1,272070,-29.5,-0.01,4.5,57.75,0.02,-27.25,-0.01,21444.5,8.58,0
520,Exit short,2021-04-06 09:30,NQ09B SELL NY STOP,13568.75,2,542700,-59,-0.01,9,0,0.00,-54.5,-0.01,21385.5,8.55,0
520,Entry short,2021-04-06 09:30,[CC] SELL NY,13567.5,2,542700,-59,-0.01,9,0,0.00,-54.5,-0.01,21385.5,8.55,0
521,Exit short,2021-04-07 09:30,NQ09B SELL NY STOP,13553.5,2,542090,-59,-0.01,9,0,0.00,-54.5,-0.01,21326.5,8.53,0
521,Entry short,2021-04-07 09:30,[CC] SELL NY,13552.25,2,542090,-59,-0.01,9,0,0.00,-54.5,-0.01,21326.5,8.53,0
522,Exit short,2021-04-08 09:30,NQ09B SELL NY STOP,13727.5,2,549050,-59,-0.01,9,0,0.00,-54.5,-0.01,21267.5,8.51,0
522,Entry short,2021-04-08 09:30,[CC] SELL NY,13726.25,2,549050,-59,-0.01,9,0,0.00,-54.5,-0.01,21267.5,8.51,0
523,Exit short,2021-04-08 18:00,NQ09B SELL WEEKDAY 1800 STOP,13787.5,2,551450,-59,-0.01,9,0,0.00,-54.5,-0.01,21208.5,8.48,0
523,Entry short,2021-04-08 18:00,[CC] SELL PREMIUM,13786.25,2,551450,-59,-0.01,9,0,0.00,-54.5,-0.01,21208.5,8.48,0
524,Exit short,2021-04-09 09:30,NQ09B SELL NY STOP,13690.5,2,547570,-59,-0.01,9,0,0.00,-54.5,-0.01,21149.5,8.46,0
524,Entry short,2021-04-09 09:30,[CC] SELL NY,13689.25,2,547570,-59,-0.01,9,0,0.00,-54.5,-0.01,21149.5,8.46,0
525,Exit short,2021-04-11 18:00,NQ09B SELL WEEKLY STOP,13818.75,2,552700,-59,-0.01,9,0,0.00,-54.5,-0.01,21090.5,8.44,0
525,Entry short,2021-04-11 18:00,[CC] SELL WEEKLY,13817.5,2,552700,-59,-0.01,9,0,0.00,-54.5,-0.01,21090.5,8.44,0
526,Exit short,2021-04-12 09:30,NQ09B SELL NY STOP,13785.5,2,551370,-59,-0.01,9,305.5,0.06,-54.5,-0.01,21031.5,8.41,0
526,Entry short,2021-04-12 09:30,[CC] SELL NY,13784.25,2,551370,-59,-0.01,9,305.5,0.06,-54.5,-0.01,21031.5,8.41,0
527,Exit short,2021-04-13 09:30,NQ09B SELL NY STOP,13878.25,2,555080,-59,-0.01,9,0,0.00,-54.5,-0.01,20972.5,8.39,0
527,Entry short,2021-04-13 09:30,[CC] SELL NY,13877,2,555080,-59,-0.01,9,0,0.00,-54.5,-0.01,20972.5,8.39,0
528,Exit short,2021-04-14 09:30,NQ09B SELL NY STOP,13984,2,559310,-59,-0.01,9,0,0.00,-54.5,-0.01,20913.5,8.37,0
528,Entry short,2021-04-14 09:30,[CC] SELL NY,13982.75,2,559310,-59,-0.01,9,0,0.00,-54.5,-0.01,20913.5,8.37,0
529,Exit short,2021-04-15 09:30,NQ09B SELL NY STOP,13930,2,557150,-59,-0.01,9,225.5,0.04,-54.5,-0.01,20854.5,8.34,0
529,Entry short,2021-04-15 09:30,[CC] SELL NY,13928.75,2,557150,-59,-0.01,9,225.5,0.04,-54.5,-0.01,20854.5,8.34,0
530,Exit short,2021-04-15 18:00,NQ09B SELL WEEKDAY 1800 D80,13993.75,1,280035,155.5,0.06,4.5,157.75,0.06,-7.25,0.00,21010,8.40,0
530,Entry short,2021-04-15 18:00,[CC] SELL WEAK,14001.75,1,280035,155.5,0.06,4.5,157.75,0.06,-7.25,0.00,21010,8.40,0
531,Exit short,2021-04-16 09:30,NQ09B SELL NY N130 TP2,14025.75,2,561540,501,0.09,9,505.5,0.09,-14.5,0.00,21511,8.60,0
531,Entry short,2021-04-16 09:30,[CC] SELL NY,14038.5,2,561540,501,0.09,9,505.5,0.09,-14.5,0.00,21511,8.60,0
532,Exit short,2021-04-18 18:00,NQ09B SELL WEEKLY STOP,13990,2,559550,-59,-0.01,9,0,0.00,-54.5,-0.01,21452,8.58,0
532,Entry short,2021-04-18 18:00,[CC] SELL WEEKLY,13988.75,2,559550,-59,-0.01,9,0,0.00,-54.5,-0.01,21452,8.58,0
533,Exit short,2021-04-19 09:30,NQ09B SELL NY N130 TP2,13951.75,2,558580,501,0.09,9,505.5,0.09,-14.5,0.00,21953,8.78,0
533,Entry short,2021-04-19 09:30,[CC] SELL NY,13964.5,2,558580,501,0.09,9,505.5,0.09,-14.5,0.00,21953,8.78,0
534,Exit short,2021-04-20 09:30,NQ09B SELL NY N130 TP2,13861,2,554950,501,0.09,9,505.5,0.09,-14.5,0.00,22454,8.98,0
534,Entry short,2021-04-20 09:30,[CC] SELL NY,13873.75,2,554950,501,0.09,9,505.5,0.09,-14.5,0.00,22454,8.98,0
535,Exit short,2021-04-20 18:00,NQ09B SELL WEEKDAY 1800 STOP,13741,2,549590,-59,-0.01,9,45.5,0.01,-54.5,-0.01,22395,8.96,0
535,Entry short,2021-04-20 18:00,[CC] SELL PREMIUM,13739.75,2,549590,-59,-0.01,9,45.5,0.01,-54.5,-0.01,22395,8.96,0
536,Exit short,2021-04-21 09:30,NQ09B SELL NY STOP,13748,2,549870,-59,-0.01,9,465.5,0.08,-54.5,-0.01,22336,8.93,0
536,Entry short,2021-04-21 09:30,[CC] SELL NY,13746.75,2,549870,-59,-0.01,9,465.5,0.08,-54.5,-0.01,22336,8.93,0
537,Exit short,2021-04-21 18:00,NQ09B SELL WEEKDAY 1800 STOP,13897.5,2,555850,-59,-0.01,9,0,0.00,-54.5,-0.01,22277,8.91,0
537,Entry short,2021-04-21 18:00,[CC] SELL PREMIUM,13896.25,2,555850,-59,-0.01,9,0,0.00,-54.5,-0.01,22277,8.91,0
538,Exit short,2021-04-22 09:30,NQ09B SELL NY STOP,13902,2,556030,-59,-0.01,9,0,0.00,-54.5,-0.01,22218,8.89,0
538,Entry short,2021-04-22 09:30,[CC] SELL NY,13900.75,2,556030,-59,-0.01,9,0,0.00,-54.5,-0.01,22218,8.89,0
539,Exit short,2021-04-23 09:30,NQ09B SELL NY STOP,13777.5,2,551050,-59,-0.01,9,5.5,0.00,-54.5,-0.01,22159,8.86,0
539,Entry short,2021-04-23 09:30,[CC] SELL NY,13776.25,2,551050,-59,-0.01,9,5.5,0.00,-54.5,-0.01,22159,8.86,0
540,Exit short,2021-04-25 18:00,NQ09B SELL WEEKLY STOP,13920.75,2,556780,-59,-0.01,9,0,0.00,-54.5,-0.01,22100,8.84,0
540,Entry short,2021-04-25 18:00,[CC] SELL WEEKLY,13919.5,2,556780,-59,-0.01,9,0,0.00,-54.5,-0.01,22100,8.84,0
541,Exit short,2021-04-26 09:30,NQ09B SELL NY STOP,13934.75,2,557340,-59,-0.01,9,435.5,0.08,-54.5,-0.01,22041,8.82,0
541,Entry short,2021-04-26 09:30,[CC] SELL NY,13933.5,2,557340,-59,-0.01,9,435.5,0.08,-54.5,-0.01,22041,8.82,0
542,Exit short,2021-04-26 18:00,NQ09B SELL WEEKDAY 1800 STOP,14025.75,1,280490,-29.5,-0.01,4.5,0,0.00,-27.25,-0.01,22011.5,8.80,0
542,Entry short,2021-04-26 18:00,[CC] SELL WEAK,14024.5,1,280490,-29.5,-0.01,4.5,0,0.00,-27.25,-0.01,22011.5,8.80,0
543,Exit short,2021-04-27 09:30,NQ09B SELL NY STOP,14026,2,560990,-59,-0.01,9,0,0.00,-54.5,-0.01,21952.5,8.78,0
543,Entry short,2021-04-27 09:30,[CC] SELL NY,14024.75,2,560990,-59,-0.01,9,0,0.00,-54.5,-0.01,21952.5,8.78,0
544,Exit short,2021-04-28 09:30,NQ09B SELL NY STOP,13940.75,2,557580,-59,-0.01,9,0,0.00,-54.5,-0.01,21893.5,8.76,0
544,Entry short,2021-04-28 09:30,[CC] SELL NY,13939.5,2,557580,-59,-0.01,9,0,0.00,-54.5,-0.01,21893.5,8.76,0
545,Exit short,2021-04-28 18:00,NQ09B SELL WEEKDAY 1800 D80,13965.25,2,558930,311,0.06,9,315.5,0.06,-14.5,0.00,22204.5,8.88,0
545,Entry short,2021-04-28 18:00,[CC] SELL PREMIUM,13973.25,2,558930,311,0.06,9,315.5,0.06,-14.5,0.00,22204.5,8.88,0
546,Exit short,2021-04-29 09:30,NQ09B SELL NY STOP,14043,2,561670,-59,-0.01,9,0,0.00,-54.5,-0.01,22145.5,8.86,0
546,Entry short,2021-04-29 09:30,[CC] SELL NY,14041.75,2,561670,-59,-0.01,9,0,0.00,-54.5,-0.01,22145.5,8.86,0
547,Exit short,2021-04-29 18:00,NQ09B SELL WEEKDAY 1800 D80,13940,1,278960,155.5,0.06,4.5,157.75,0.06,-12.25,0.00,22301,8.92,0
547,Entry short,2021-04-29 18:00,[CC] SELL WEAK,13948,1,278960,155.5,0.06,4.5,157.75,0.06,-12.25,0.00,22301,8.92,0
548,Exit short,2021-04-30 09:30,NQ09B SELL NY STOP,13854,2,554110,-59,-0.01,9,485.5,0.09,-54.5,-0.01,22242,8.90,0
548,Entry short,2021-04-30 09:30,[CC] SELL NY,13852.75,2,554110,-59,-0.01,9,485.5,0.09,-54.5,-0.01,22242,8.90,0
549,Exit short,2021-05-02 18:00,NQ09B SELL WEEKLY STOP,13881.25,2,555200,-59,-0.01,9,0,0.00,-54.5,-0.01,22183,8.87,0
549,Entry short,2021-05-02 18:00,[CC] SELL WEEKLY,13880,2,555200,-59,-0.01,9,0,0.00,-54.5,-0.01,22183,8.87,0
550,Exit short,2021-05-03 09:30,NQ09B SELL NY STOP,13916,2,556590,-59,-0.01,9,0,0.00,-54.5,-0.01,22124,8.85,0
550,Entry short,2021-05-03 09:30,[CC] SELL NY,13914.75,2,556590,-59,-0.01,9,0,0.00,-54.5,-0.01,22124,8.85,0
551,Exit short,2021-05-04 09:30,NQ09B SELL NY STOP,13684.25,2,547320,-59,-0.01,9,0,0.00,-54.5,-0.01,22065,8.83,0
551,Entry short,2021-05-04 09:30,[CC] SELL NY,13683,2,547320,-59,-0.01,9,0,0.00,-54.5,-0.01,22065,8.83,0
552,Exit short,2021-05-05 09:30,NQ09B SELL NY STOP,13630.25,2,545160,-59,-0.01,9,75.5,0.01,-54.5,-0.01,22006,8.80,0
552,Entry short,2021-05-05 09:30,[CC] SELL NY,13629,2,545160,-59,-0.01,9,75.5,0.01,-54.5,-0.01,22006,8.80,0
553,Exit short,2021-05-05 18:00,NQ09B SELL WEEKDAY 1800 STOP,13485,1,269675,-29.5,-0.01,4.5,0,0.00,-27.25,-0.01,21976.5,8.79,0
553,Entry short,2021-05-05 18:00,[CC] SELL WEAK,13483.75,1,269675,-29.5,-0.01,4.5,0,0.00,-27.25,-0.01,21976.5,8.79,0
554,Exit short,2021-05-06 09:30,NQ09B SELL NY STOP,13485.75,2,539380,-59,-0.01,9,0,0.00,-54.5,-0.01,21917.5,8.77,0
554,Entry short,2021-05-06 09:30,[CC] SELL NY,13484.5,2,539380,-59,-0.01,9,0,0.00,-54.5,-0.01,21917.5,8.77,0
555,Exit short,2021-05-06 18:00,NQ09B SELL WEEKDAY 1800 STOP,13615.5,1,272285,-29.5,-0.01,4.5,32.75,0.01,-27.25,-0.01,21888,8.76,0
555,Entry short,2021-05-06 18:00,[CC] SELL WEAK,13614.25,1,272285,-29.5,-0.01,4.5,32.75,0.01,-27.25,-0.01,21888,8.76,0
556,Exit short,2021-05-07 09:30,NQ09B SELL NY STOP,13715.5,2,548570,-59,-0.01,9,0,0.00,-54.5,-0.01,21829,8.73,0
556,Entry short,2021-05-07 09:30,[CC] SELL NY,13714.25,2,548570,-59,-0.01,9,0,0.00,-54.5,-0.01,21829,8.73,0
557,Exit short,2021-05-09 18:00,NQ09B SELL WEEKLY STOP,13719,2,548710,-59,-0.01,9,265.5,0.05,-54.5,-0.01,21770,8.71,0
557,Entry short,2021-05-09 18:00,[CC] SELL WEEKLY,13717.75,2,548710,-59,-0.01,9,265.5,0.05,-54.5,-0.01,21770,8.71,0
558,Exit short,2021-05-10 09:30,NQ09B SELL NY STOP,13650.75,2,545980,-59,-0.01,9,0,0.00,-54.5,-0.01,21711,8.68,0
558,Entry short,2021-05-10 09:30,[CC] SELL NY,13649.5,2,545980,-59,-0.01,9,0,0.00,-54.5,-0.01,21711,8.68,0
559,Exit short,2021-05-10 18:00,NQ09B SELL WEEKDAY 1800 STOP,13317.5,2,532650,-59,-0.01,9,75.5,0.01,-54.5,-0.01,21652,8.66,0
559,Entry short,2021-05-10 18:00,[CC] SELL PREMIUM,13316.25,2,532650,-59,-0.01,9,75.5,0.01,-54.5,-0.01,21652,8.66,0
560,Exit short,2021-05-11 09:30,NQ09B SELL NY STOP,13114.25,2,524520,-59,-0.01,9,0,0.00,-54.5,-0.01,21593,8.64,0
560,Entry short,2021-05-11 09:30,[CC] SELL NY,13113,2,524520,-59,-0.01,9,0,0.00,-54.5,-0.01,21593,8.64,0
561,Exit short,2021-05-12 09:30,NQ09B SELL NY STOP,13133.75,2,525300,-59,-0.01,9,445.5,0.08,-54.5,-0.01,21534,8.61,0
561,Entry short,2021-05-12 09:30,[CC] SELL NY,13132.5,2,525300,-59,-0.01,9,445.5,0.08,-54.5,-0.01,21534,8.61,0
562,Exit short,2021-05-12 18:00,NQ09B SELL WEEKDAY 1800 STOP,12969.75,2,518740,-59,-0.01,9,0,0.00,-54.5,-0.01,21475,8.59,0
562,Entry short,2021-05-12 18:00,[CC] SELL PREMIUM,12968.5,2,518740,-59,-0.01,9,0,0.00,-54.5,-0.01,21475,8.59,0
563,Exit short,2021-05-13 09:30,NQ09B SELL NY STOP,13122,2,524830,-59,-0.01,9,125.5,0.02,-54.5,-0.01,21416,8.57,0
563,Entry short,2021-05-13 09:30,[CC] SELL NY,13120.75,2,524830,-59,-0.01,9,125.5,0.02,-54.5,-0.01,21416,8.57,0
564,Exit short,2021-05-14 09:30,NQ09B SELL NY N130 TP2,13219,2,529270,501,0.09,9,505.5,0.10,-14.5,0.00,21917,8.77,0
564,Entry short,2021-05-14 09:30,[CC] SELL NY,13231.75,2,529270,501,0.09,9,505.5,0.10,-14.5,0.00,21917,8.77,0
565,Exit short,2021-05-16 18:00,NQ09B SELL WEEKLY STOP,13381.25,2,535200,-59,-0.01,9,115.5,0.02,-54.5,-0.01,21858,8.74,0
565,Entry short,2021-05-16 18:00,[CC] SELL WEEKLY,13380,2,535200,-59,-0.01,9,115.5,0.02,-54.5,-0.01,21858,8.74,0
566,Exit short,2021-05-17 09:30,NQ09B SELL NY STOP,13314.5,2,532530,-59,-0.01,9,0,0.00,-54.5,-0.01,21799,8.72,0
566,Entry short,2021-05-17 09:30,[CC] SELL NY,13313.25,2,532530,-59,-0.01,9,0,0.00,-54.5,-0.01,21799,8.72,0
567,Exit short,2021-05-18 09:30,NQ09B SELL NY STOP,13346,2,533790,-59,-0.01,9,0,0.00,-54.5,-0.01,21740,8.70,0
567,Entry short,2021-05-18 09:30,[CC] SELL NY,13344.75,2,533790,-59,-0.01,9,0,0.00,-54.5,-0.01,21740,8.70,0
568,Exit short,2021-05-18 18:00,NQ09B SELL WEEKDAY 1800 STOP,13183,1,263635,-29.5,-0.01,4.5,2.75,0.00,-27.25,-0.01,21710.5,8.68,0
568,Entry short,2021-05-18 18:00,[CC] SELL WEAK,13181.75,1,263635,-29.5,-0.01,4.5,2.75,0.00,-27.25,-0.01,21710.5,8.68,0
569,Exit short,2021-05-19 09:30,NQ09B SELL NY N130 TP2,12971.5,2,519370,501,0.10,9,505.5,0.10,-14.5,0.00,22211.5,8.88,0
569,Entry short,2021-05-19 09:30,[CC] SELL NY,12984.25,2,519370,501,0.10,9,505.5,0.10,-14.5,0.00,22211.5,8.88,0
570,Exit short,2021-05-20 09:30,NQ09B SELL NY STOP,13293,2,531670,-59,-0.01,9,415.5,0.08,-54.5,-0.01,22152.5,8.86,0
570,Entry short,2021-05-20 09:30,[CC] SELL NY,13291.75,2,531670,-59,-0.01,9,415.5,0.08,-54.5,-0.01,22152.5,8.86,0
571,Exit short,2021-05-20 18:00,NQ09B SELL WEEKDAY 1800 STOP,13493.5,1,269845,-29.5,-0.01,4.5,0,0.00,-27.25,-0.01,22123,8.85,0
571,Entry short,2021-05-20 18:00,[CC] SELL WEAK,13492.25,1,269845,-29.5,-0.01,4.5,0,0.00,-27.25,-0.01,22123,8.85,0
572,Exit short,2021-05-21 09:30,NQ09B SELL NY STOP,13552.75,2,542060,-59,-0.01,9,0,0.00,-54.5,-0.01,22064,8.83,0
572,Entry short,2021-05-21 09:30,[CC] SELL NY,13551.5,2,542060,-59,-0.01,9,0,0.00,-54.5,-0.01,22064,8.83,0
573,Exit short,2021-05-23 18:00,NQ09B SELL WEEKLY STOP,13384.25,2,535320,-59,-0.01,9,0,0.00,-54.5,-0.01,22005,8.80,0
573,Entry short,2021-05-23 18:00,[CC] SELL WEEKLY,13383,2,535320,-59,-0.01,9,0,0.00,-54.5,-0.01,22005,8.80,0
574,Exit short,2021-05-24 09:30,NQ09B SELL NY N130 TP2,13496,2,540350,501,0.09,9,505.5,0.09,-14.5,0.00,22506,9.00,0
574,Entry short,2021-05-24 09:30,[CC] SELL NY,13508.75,2,540350,501,0.09,9,505.5,0.09,-14.5,0.00,22506,9.00,0
575,Exit short,2021-05-25 09:30,NQ09B SELL NY STOP,13702.25,2,548040,-59,-0.01,9,385.5,0.07,-54.5,-0.01,22447,8.98,0
575,Entry short,2021-05-25 09:30,[CC] SELL NY,13701,2,548040,-59,-0.01,9,385.5,0.07,-54.5,-0.01,22447,8.98,0
576,Exit short,2021-05-25 18:00,NQ09B SELL WEEKDAY 1800 STOP,13671.25,1,273400,-29.5,-0.01,4.5,0,0.00,-27.25,-0.01,22417.5,8.97,0
576,Entry short,2021-05-25 18:00,[CC] SELL WEAK,13670,1,273400,-29.5,-0.01,4.5,0,0.00,-27.25,-0.01,22417.5,8.97,0
577,Exit short,2021-05-26 09:30,NQ09B SELL NY STOP,13686.75,2,547420,-59,-0.01,9,235.5,0.04,-54.5,-0.01,22358.5,8.94,0
577,Entry short,2021-05-26 09:30,[CC] SELL NY,13685.5,2,547420,-59,-0.01,9,235.5,0.04,-54.5,-0.01,22358.5,8.94,0
578,Exit short,2021-05-27 09:30,NQ09B SELL NY STOP,13686.25,2,547400,-59,-0.01,9,0,0.00,-54.5,-0.01,22299.5,8.92,0
578,Entry short,2021-05-27 09:30,[CC] SELL NY,13685,2,547400,-59,-0.01,9,0,0.00,-54.5,-0.01,22299.5,8.92,0
579,Exit short,2021-05-27 18:00,NQ09B SELL WEEKDAY 1800 STOP,13695.75,2,547780,-59,-0.01,9,0,0.00,-54.5,-0.01,22240.5,8.90,0
579,Entry short,2021-05-27 18:00,[CC] SELL PREMIUM,13694.5,2,547780,-59,-0.01,9,0,0.00,-54.5,-0.01,22240.5,8.90,0
580,Exit short,2021-05-28 09:30,NQ09B SELL NY STOP,13704.5,2,548130,-59,-0.01,9,295.5,0.05,-54.5,-0.01,22181.5,8.87,0
580,Entry short,2021-05-28 09:30,[CC] SELL NY,13703.25,2,548130,-59,-0.01,9,295.5,0.05,-54.5,-0.01,22181.5,8.87,0
581,Exit short,2021-05-30 18:00,NQ09B SELL WEEKLY STOP,13700,2,547950,-59,-0.01,9,125.5,0.02,-54.5,-0.01,22122.5,8.85,0
581,Entry short,2021-05-30 18:00,[CC] SELL WEEKLY,13698.75,2,547950,-59,-0.01,9,125.5,0.02,-54.5,-0.01,22122.5,8.85,0
582,Exit short,2021-05-31 09:30,NQ09B SELL NY STOP,13678.75,2,547100,-59,-0.01,9,0,0.00,-54.5,-0.01,22063.5,8.83,0
582,Entry short,2021-05-31 09:30,[CC] SELL NY,13677.5,2,547100,-59,-0.01,9,0,0.00,-54.5,-0.01,22063.5,8.83,0
583,Exit short,2021-06-01 09:30,NQ09B SELL NY STOP,13753.25,2,550080,-59,-0.01,9,0,0.00,-54.5,-0.01,22004.5,8.80,0
583,Entry short,2021-06-01 09:30,[CC] SELL NY,13752,2,550080,-59,-0.01,9,0,0.00,-54.5,-0.01,22004.5,8.80,0
584,Exit short,2021-06-02 09:30,NQ09B SELL NY N130 TP2,13654,2,546670,501,0.09,9,505.5,0.09,-14.5,0.00,22505.5,9.00,0
584,Entry short,2021-06-02 09:30,[CC] SELL NY,13666.75,2,546670,501,0.09,9,505.5,0.09,-14.5,0.00,22505.5,9.00,0
585,Exit short,2021-06-02 18:00,NQ09B SELL WEEKDAY 1800 STOP,13680.5,1,273585,-29.5,-0.01,4.5,0,0.00,-27.25,-0.01,22476,8.99,0
585,Entry short,2021-06-02 18:00,[CC] SELL WEAK,13679.25,1,273585,-29.5,-0.01,4.5,0,0.00,-27.25,-0.01,22476,8.99,0
586,Exit short,2021-06-03 09:30,NQ09B SELL NY STOP,13556.5,2,542210,-59,-0.01,9,415.5,0.08,-54.5,-0.01,22417,8.97,0
586,Entry short,2021-06-03 09:30,[CC] SELL NY,13555.25,2,542210,-59,-0.01,9,415.5,0.08,-54.5,-0.01,22417,8.97,0
587,Exit short,2021-06-03 18:00,NQ09B SELL WEEKDAY 1800 STOP,13532.75,1,270630,-29.5,-0.01,4.5,37.75,0.01,-27.25,-0.01,22387.5,8.96,0
587,Entry short,2021-06-03 18:00,[CC] SELL WEAK,13531.5,1,270630,-29.5,-0.01,4.5,37.75,0.01,-27.25,-0.01,22387.5,8.96,0
588,Exit short,2021-06-04 09:30,NQ09B SELL NY STOP,13611,2,544390,-59,-0.01,9,165.5,0.03,-54.5,-0.01,22328.5,8.93,0
588,Entry short,2021-06-04 09:30,[CC] SELL NY,13609.75,2,544390,-59,-0.01,9,165.5,0.03,-54.5,-0.01,22328.5,8.93,0
589,Exit short,2021-06-06 18:00,NQ09B SELL WEEKLY STOP,13774.25,2,550920,-59,-0.01,9,105.5,0.02,-54.5,-0.01,22269.5,8.91,0
589,Entry short,2021-06-06 18:00,[CC] SELL WEEKLY,13773,2,550920,-59,-0.01,9,105.5,0.02,-54.5,-0.01,22269.5,8.91,0
590,Exit short,2021-06-07 09:30,NQ09B SELL NY STOP,13739.25,2,549520,-59,-0.01,9,0,0.00,-54.5,-0.01,22210.5,8.88,0
590,Entry short,2021-06-07 09:30,[CC] SELL NY,13738,2,549520,-59,-0.01,9,0,0.00,-54.5,-0.01,22210.5,8.88,0
591,Exit short,2021-06-07 18:00,NQ09B SELL WEEKDAY 1800 STOP,13824,2,552910,-59,-0.01,9,0,0.00,-54.5,-0.01,22151.5,8.86,0
591,Entry short,2021-06-07 18:00,[CC] SELL PREMIUM,13822.75,2,552910,-59,-0.01,9,0,0.00,-54.5,-0.01,22151.5,8.86,0
592,Exit short,2021-06-08 09:30,NQ09B SELL NY STOP,13879.75,2,555140,-59,-0.01,9,0,0.00,-54.5,-0.01,22092.5,8.84,0
592,Entry short,2021-06-08 09:30,[CC] SELL NY,13878.5,2,555140,-59,-0.01,9,0,0.00,-54.5,-0.01,22092.5,8.84,0
593,Exit short,2021-06-09 09:30,NQ09B SELL NY STOP,13872,2,554830,-59,-0.01,9,355.5,0.06,-54.5,-0.01,22033.5,8.81,0
593,Entry short,2021-06-09 09:30,[CC] SELL NY,13870.75,2,554830,-59,-0.01,9,355.5,0.06,-54.5,-0.01,22033.5,8.81,0
594,Exit short,2021-06-10 09:30,NQ09B SELL NY N130 TP2,13818,2,553230,501,0.09,9,505.5,0.09,-14.5,0.00,22534.5,9.01,0
594,Entry short,2021-06-10 09:30,[CC] SELL NY,13830.75,2,553230,501,0.09,9,505.5,0.09,-14.5,0.00,22534.5,9.01,0
595,Exit short,2021-06-10 18:00,NQ09B SELL WEEKDAY 1800 STOP,13976.5,1,279505,-29.5,-0.01,4.5,0,0.00,-27.25,-0.01,22505,9.00,0
595,Entry short,2021-06-10 18:00,[CC] SELL WEAK,13975.25,1,279505,-29.5,-0.01,4.5,0,0.00,-27.25,-0.01,22505,9.00,0
596,Exit short,2021-06-11 09:30,NQ09B SELL NY STOP,13961,2,558390,-59,-0.01,9,0,0.00,-54.5,-0.01,22446,8.98,0
596,Entry short,2021-06-11 09:30,[CC] SELL NY,13959.75,2,558390,-59,-0.01,9,0,0.00,-54.5,-0.01,22446,8.98,0
597,Exit short,2021-06-13 18:00,NQ09B SELL WEEKLY STOP,14000,2,559950,-59,-0.01,9,25.5,0.00,-54.5,-0.01,22387,8.95,0
597,Entry short,2021-06-13 18:00,[CC] SELL WEEKLY,13998.75,2,559950,-59,-0.01,9,25.5,0.00,-54.5,-0.01,22387,8.95,0
598,Exit short,2021-06-14 09:30,NQ09B SELL NY N130 TP2,14001.75,2,560580,501,0.09,9,505.5,0.09,-14.5,0.00,22888,9.16,0
598,Entry short,2021-06-14 09:30,[CC] SELL NY,14014.5,2,560580,501,0.09,9,505.5,0.09,-14.5,0.00,22888,9.16,0
599,Exit short,2021-06-15 09:30,NQ09B SELL NY STOP,14110.75,2,564380,-59,-0.01,9,0,0.00,-54.5,-0.01,22829,9.13,0
599,Entry short,2021-06-15 09:30,[CC] SELL NY,14109.5,2,564380,-59,-0.01,9,0,0.00,-54.5,-0.01,22829,9.13,0
600,Exit short,2021-06-16 09:30,NQ09B SELL NY STOP,14051.25,2,562000,-59,-0.01,9,295.5,0.05,-54.5,-0.01,22770,9.11,0
600,Entry short,2021-06-16 09:30,[CC] SELL NY,14050,2,562000,-59,-0.01,9,295.5,0.05,-54.5,-0.01,22770,9.11,0
601,Exit short,2021-06-16 18:00,NQ09B SELL WEEKDAY 1800 D80,13932.75,2,557630,311,0.06,9,315.5,0.06,-14.5,0.00,23081,9.23,0
601,Entry short,2021-06-16 18:00,[CC] SELL PREMIUM,13940.75,2,557630,311,0.06,9,315.5,0.06,-14.5,0.00,23081,9.23,0
602,Exit short,2021-06-17 09:30,NQ09B SELL NY STOP,13935.25,2,557360,-59,-0.01,9,75.5,0.01,-54.5,-0.01,23022,9.21,0
602,Entry short,2021-06-17 09:30,[CC] SELL NY,13934,2,557360,-59,-0.01,9,75.5,0.01,-54.5,-0.01,23022,9.21,0
603,Exit short,2021-06-17 18:00,NQ09B SELL WEEKDAY 1800 STOP,14181,2,567190,-59,-0.01,9,0,0.00,-54.5,-0.01,22963,9.19,0
603,Entry short,2021-06-17 18:00,[CC] SELL PREMIUM,14179.75,2,567190,-59,-0.01,9,0,0.00,-54.5,-0.01,22963,9.19,0
604,Exit short,2021-06-18 09:30,NQ09B SELL NY N130 TP2,14067.5,2,563210,501,0.09,9,505.5,0.09,-14.5,0.00,23464,9.39,0
604,Entry short,2021-06-18 09:30,[CC] SELL NY,14080.25,2,563210,501,0.09,9,505.5,0.09,-14.5,0.00,23464,9.39,0
605,Exit short,2021-06-20 18:00,NQ09B SELL WEEKLY W80,14014.5,2,560900,311,0.06,9,315.5,0.06,-14.5,0.00,23775,9.51,0
605,Entry short,2021-06-20 18:00,[CC] SELL WEEKLY,14022.5,2,560900,311,0.06,9,315.5,0.06,-14.5,0.00,23775,9.51,0
606,Exit short,2021-06-21 09:30,NQ09B SELL NY STOP,14053,2,562070,-59,-0.01,9,0,0.00,-54.5,-0.01,23716,9.49,0
606,Entry short,2021-06-21 09:30,[CC] SELL NY,14051.75,2,562070,-59,-0.01,9,0,0.00,-54.5,-0.01,23716,9.49,0
607,Exit short,2021-06-22 09:30,NQ09B SELL NY STOP,14121,2,564790,-59,-0.01,9,485.5,0.09,-54.5,-0.01,23657,9.46,0
607,Entry short,2021-06-22 09:30,[CC] SELL NY,14119.75,2,564790,-59,-0.01,9,485.5,0.09,-54.5,-0.01,23657,9.46,0
608,Exit short,2021-06-23 09:30,NQ09B SELL NY STOP,14259,2,570310,-59,-0.01,9,145.5,0.03,-54.5,-0.01,23598,9.44,0
608,Entry short,2021-06-23 09:30,[CC] SELL NY,14257.75,2,570310,-59,-0.01,9,145.5,0.03,-54.5,-0.01,23598,9.44,0
609,Exit short,2021-06-24 09:30,NQ09B SELL NY STOP,14350.75,2,573980,-59,-0.01,9,215.5,0.04,-54.5,-0.01,23539,9.42,0
609,Entry short,2021-06-24 09:30,[CC] SELL NY,14349.5,2,573980,-59,-0.01,9,215.5,0.04,-54.5,-0.01,23539,9.42,0
610,Exit short,2021-06-24 18:00,NQ09B SELL WEEKDAY 1800 STOP,14366.75,1,287310,-29.5,-0.01,4.5,0,0.00,-27.25,-0.01,23509.5,9.40,0
610,Entry short,2021-06-24 18:00,[CC] SELL WEAK,14365.5,1,287310,-29.5,-0.01,4.5,0,0.00,-27.25,-0.01,23509.5,9.40,0
611,Exit short,2021-06-25 09:30,NQ09B SELL NY STOP,14380.5,2,575170,-59,-0.01,9,0,0.00,-54.5,-0.01,23450.5,9.38,0
611,Entry short,2021-06-25 09:30,[CC] SELL NY,14379.25,2,575170,-59,-0.01,9,0,0.00,-54.5,-0.01,23450.5,9.38,0
612,Exit short,2021-06-27 18:00,NQ09B SELL WEEKLY STOP,14351,2,573990,-59,-0.01,9,0,0.00,-54.5,-0.01,23391.5,9.36,0
612,Entry short,2021-06-27 18:00,[CC] SELL WEEKLY,14349.75,2,573990,-59,-0.01,9,0,0.00,-54.5,-0.01,23391.5,9.36,0
613,Exit short,2021-06-28 09:30,NQ09B SELL NY STOP,14395,2,575750,-59,-0.01,9,115.5,0.02,-54.5,-0.01,23332.5,9.33,0
613,Entry short,2021-06-28 09:30,[CC] SELL NY,14393.75,2,575750,-59,-0.01,9,115.5,0.02,-54.5,-0.01,23332.5,9.33,0
614,Exit short,2021-06-29 09:30,NQ09B SELL NY STOP,14506.75,2,580220,-59,-0.01,9,0,0.00,-54.5,-0.01,23273.5,9.31,0
614,Entry short,2021-06-29 09:30,[CC] SELL NY,14505.5,2,580220,-59,-0.01,9,0,0.00,-54.5,-0.01,23273.5,9.31,0
615,Exit short,2021-06-30 09:30,NQ09B SELL NY STOP,14559.75,2,582340,-59,-0.01,9,0,0.00,-54.5,-0.01,23214.5,9.29,0
615,Entry short,2021-06-30 09:30,[CC] SELL NY,14558.5,2,582340,-59,-0.01,9,0,0.00,-54.5,-0.01,23214.5,9.29,0
616,Exit short,2021-07-01 09:30,NQ09B SELL NY STOP,14528.75,2,581100,-59,-0.01,9,485.5,0.08,-54.5,-0.01,23155.5,9.26,0
616,Entry short,2021-07-01 09:30,[CC] SELL NY,14527.5,2,581100,-59,-0.01,9,485.5,0.08,-54.5,-0.01,23155.5,9.26,0
617,Exit short,2021-07-01 18:00,NQ09B SELL WEEKDAY 1800 D80,14535.5,1,290870,155.5,0.05,4.5,157.75,0.05,-7.25,0.00,23311,9.32,0
617,Entry short,2021-07-01 18:00,[CC] SELL WEAK,14543.5,1,290870,155.5,0.05,4.5,157.75,0.05,-7.25,0.00,23311,9.32,0
618,Exit short,2021-07-02 09:30,NQ09B SELL NY STOP,14630,2,585150,-59,-0.01,9,375.5,0.06,-54.5,-0.01,23252,9.30,0
618,Entry short,2021-07-02 09:30,[CC] SELL NY,14628.75,2,585150,-59,-0.01,9,375.5,0.06,-54.5,-0.01,23252,9.30,0
619,Exit short,2021-07-04 18:00,NQ09B SELL WEEKLY STOP,14705.25,2,588160,-59,-0.01,9,115.5,0.02,-54.5,-0.01,23193,9.28,0
619,Entry short,2021-07-04 18:00,[CC] SELL WEEKLY,14704,2,588160,-59,-0.01,9,115.5,0.02,-54.5,-0.01,23193,9.28,0
620,Exit short,2021-07-05 12:30,NQ09B SELL NY N130 TP2,14691,2,588150,501,0.09,9,505.5,0.09,-34.5,-0.01,23694,9.48,6
620,Entry short,2021-07-05 09:30,[CC] SELL NY,14703.75,2,588150,501,0.09,9,505.5,0.09,-34.5,-0.01,23694,9.48,6
621,Exit short,2021-07-06 09:30,NQ09B SELL NY STOP,14741.5,2,589610,-59,-0.01,9,85.5,0.01,-54.5,-0.01,23635,9.45,0
621,Entry short,2021-07-06 09:30,[CC] SELL NY,14740.25,2,589610,-59,-0.01,9,85.5,0.01,-54.5,-0.01,23635,9.45,0
622,Exit short,2021-07-06 18:00,NQ09B SELL WEEKDAY 1800 STOP,14765.5,1,295285,-29.5,-0.01,4.5,72.75,0.02,-27.25,-0.01,23605.5,9.44,0
622,Entry short,2021-07-06 18:00,[CC] SELL WEAK,14764.25,1,295285,-29.5,-0.01,4.5,72.75,0.02,-27.25,-0.01,23605.5,9.44,0
623,Exit short,2021-07-07 09:30,NQ09B SELL NY STOP,14872.25,2,594840,-59,-0.01,9,0,0.00,-54.5,-0.01,23546.5,9.42,0
623,Entry short,2021-07-07 09:30,[CC] SELL NY,14871,2,594840,-59,-0.01,9,0,0.00,-54.5,-0.01,23546.5,9.42,0
624,Exit short,2021-07-08 09:30,NQ09B SELL NY N130 TP2,14581,2,583750,501,0.09,9,505.5,0.09,-14.5,0.00,24047.5,9.62,0
624,Entry short,2021-07-08 09:30,[CC] SELL NY,14593.75,2,583750,501,0.09,9,505.5,0.09,-14.5,0.00,24047.5,9.62,0
625,Exit short,2021-07-09 09:30,NQ09B SELL NY STOP,14694.5,2,587730,-59,-0.01,9,385.5,0.07,-54.5,-0.01,23988.5,9.60,0
625,Entry short,2021-07-09 09:30,[CC] SELL NY,14693.25,2,587730,-59,-0.01,9,385.5,0.07,-54.5,-0.01,23988.5,9.60,0
626,Exit short,2021-07-11 18:00,NQ09B SELL WEEKLY STOP,14825,2,592950,-59,-0.01,9,0,0.00,-54.5,-0.01,23929.5,9.57,0
626,Entry short,2021-07-11 18:00,[CC] SELL WEEKLY,14823.75,2,592950,-59,-0.01,9,0,0.00,-54.5,-0.01,23929.5,9.57,0
627,Exit short,2021-07-12 09:30,NQ09B SELL NY STOP,14871.75,2,594820,-59,-0.01,9,325.5,0.05,-54.5,-0.01,23870.5,9.55,0
627,Entry short,2021-07-12 09:30,[CC] SELL NY,14870.5,2,594820,-59,-0.01,9,325.5,0.05,-54.5,-0.01,23870.5,9.55,0
628,Exit short,2021-07-13 09:30,NQ09B SELL NY STOP,14854,2,594110,-59,-0.01,9,105.5,0.02,-54.5,-0.01,23811.5,9.52,0
628,Entry short,2021-07-13 09:30,[CC] SELL NY,14852.75,2,594110,-59,-0.01,9,105.5,0.02,-54.5,-0.01,23811.5,9.52,0
629,Exit short,2021-07-13 18:00,NQ09B SELL WEEKDAY 1800 D80,14861.5,1,297390,155.5,0.05,4.5,157.75,0.05,-7.25,0.00,23967,9.59,0
629,Entry short,2021-07-13 18:00,[CC] SELL WEAK,14869.5,1,297390,155.5,0.05,4.5,157.75,0.05,-7.25,0.00,23967,9.59,0
630,Exit short,2021-07-14 09:30,NQ09B SELL NY N130 TP2,14956,2,598750,501,0.08,9,505.5,0.08,-14.5,0.00,24468,9.79,0
630,Entry short,2021-07-14 09:30,[CC] SELL NY,14968.75,2,598750,501,0.08,9,505.5,0.08,-14.5,0.00,24468,9.79,0
631,Exit short,2021-07-14 18:00,NQ09B SELL WEEKDAY 1800 STOP,14896,1,297895,-29.5,-0.01,4.5,47.75,0.02,-27.25,-0.01,24438.5,9.78,0
631,Entry short,2021-07-14 18:00,[CC] SELL WEAK,14894.75,1,297895,-29.5,-0.01,4.5,47.75,0.02,-27.25,-0.01,24438.5,9.78,0
632,Exit short,2021-07-15 09:30,NQ09B SELL NY STOP,14894,2,595710,-59,-0.01,9,0,0.00,-54.5,-0.01,24379.5,9.75,0
632,Entry short,2021-07-15 09:30,[CC] SELL NY,14892.75,2,595710,-59,-0.01,9,0,0.00,-54.5,-0.01,24379.5,9.75,0
633,Exit short,2021-07-16 09:30,NQ09B SELL NY STOP,14830.75,2,593180,-59,-0.01,9,115.5,0.02,-54.5,-0.01,24320.5,9.73,0
633,Entry short,2021-07-16 09:30,[CC] SELL NY,14829.5,2,593180,-59,-0.01,9,115.5,0.02,-54.5,-0.01,24320.5,9.73,0
634,Exit short,2021-07-18 18:00,NQ09B SELL WEEKLY STOP,14676,2,586990,-59,-0.01,9,0,0.00,-54.5,-0.01,24261.5,9.70,0
634,Entry short,2021-07-18 18:00,[CC] SELL WEEKLY,14674.75,2,586990,-59,-0.01,9,0,0.00,-54.5,-0.01,24261.5,9.70,0
635,Exit short,2021-07-19 09:30,NQ09B SELL NY STOP,14529.75,2,581140,-59,-0.01,9,0,0.00,-54.5,-0.01,24202.5,9.68,0
635,Entry short,2021-07-19 09:30,[CC] SELL NY,14528.5,2,581140,-59,-0.01,9,0,0.00,-54.5,-0.01,24202.5,9.68,0
636,Exit short,2021-07-19 18:00,NQ09B SELL WEEKDAY 1800 STOP,14594.75,2,583740,-59,-0.01,9,0,0.00,-54.5,-0.01,24143.5,9.66,0
636,Entry short,2021-07-19 18:00,[CC] SELL PREMIUM,14593.5,2,583740,-59,-0.01,9,0,0.00,-54.5,-0.01,24143.5,9.66,0
637,Exit short,2021-07-20 09:30,NQ09B SELL NY STOP,14592.5,2,583650,-59,-0.01,9,0,0.00,-54.5,-0.01,24084.5,9.63,0
637,Entry short,2021-07-20 09:30,[CC] SELL NY,14591.25,2,583650,-59,-0.01,9,0,0.00,-54.5,-0.01,24084.5,9.63,0
638,Exit short,2021-07-20 18:00,NQ09B SELL WEEKDAY 1800 STOP,14730.75,1,294590,-29.5,-0.01,4.5,0,0.00,-27.25,-0.01,24055,9.62,0
638,Entry short,2021-07-20 18:00,[CC] SELL WEAK,14729.5,1,294590,-29.5,-0.01,4.5,0,0.00,-27.25,-0.01,24055,9.62,0
639,Exit short,2021-07-21 09:30,NQ09B SELL NY STOP,14703,2,588070,-59,-0.01,9,375.5,0.06,-54.5,-0.01,23996,9.60,0
639,Entry short,2021-07-21 09:30,[CC] SELL NY,14701.75,2,588070,-59,-0.01,9,375.5,0.06,-54.5,-0.01,23996,9.60,0
640,Exit short,2021-07-21 18:00,NQ09B SELL WEEKDAY 1800 STOP,14837.75,1,296730,-29.5,-0.01,4.5,0,0.00,-27.25,-0.01,23966.5,9.59,0
640,Entry short,2021-07-21 18:00,[CC] SELL WEAK,14836.5,1,296730,-29.5,-0.01,4.5,0,0.00,-27.25,-0.01,23966.5,9.59,0
641,Exit short,2021-07-22 09:30,NQ09B SELL NY STOP,14841,2,593590,-59,-0.01,9,5.5,0.00,-54.5,-0.01,23907.5,9.56,0
641,Entry short,2021-07-22 09:30,[CC] SELL NY,14839.75,2,593590,-59,-0.01,9,5.5,0.00,-54.5,-0.01,23907.5,9.56,0
642,Exit short,2021-07-22 18:00,NQ09B SELL WEEKDAY 1800 STOP,14980.5,2,599170,-59,-0.01,9,195.5,0.03,-54.5,-0.01,23848.5,9.54,0
642,Entry short,2021-07-22 18:00,[CC] SELL PREMIUM,14979.25,2,599170,-59,-0.01,9,195.5,0.03,-54.5,-0.01,23848.5,9.54,0
643,Exit short,2021-07-23 09:30,NQ09B SELL NY STOP,14986.75,2,599420,-59,-0.01,9,0,0.00,-54.5,-0.01,23789.5,9.52,0
643,Entry short,2021-07-23 09:30,[CC] SELL NY,14985.5,2,599420,-59,-0.01,9,0,0.00,-54.5,-0.01,23789.5,9.52,0
644,Exit short,2021-07-25 18:00,NQ09B SELL WEEKLY STOP,15099,2,603910,-59,-0.01,9,205.5,0.03,-54.5,-0.01,23730.5,9.49,0
644,Entry short,2021-07-25 18:00,[CC] SELL WEEKLY,15097.75,2,603910,-59,-0.01,9,205.5,0.03,-54.5,-0.01,23730.5,9.49,0
645,Exit short,2021-07-26 09:30,NQ09B SELL NY STOP,15076.5,2,603010,-59,-0.01,9,0,0.00,-54.5,-0.01,23671.5,9.47,0
645,Entry short,2021-07-26 09:30,[CC] SELL NY,15075.25,2,603010,-59,-0.01,9,0,0.00,-54.5,-0.01,23671.5,9.47,0
646,Exit short,2021-07-27 09:30,NQ09B SELL NY STOP,15106.25,2,604200,-59,-0.01,9,0,0.00,-54.5,-0.01,23612.5,9.45,0
646,Entry short,2021-07-27 09:30,[CC] SELL NY,15105,2,604200,-59,-0.01,9,0,0.00,-54.5,-0.01,23612.5,9.45,0
647,Exit short,2021-07-27 18:00,NQ09B SELL WEEKDAY 1800 D80,14867.5,2,595020,311,0.05,9,315.5,0.05,-14.5,0.00,23923.5,9.57,0
647,Entry short,2021-07-27 18:00,[CC] SELL PREMIUM,14875.5,2,595020,311,0.05,9,315.5,0.05,-14.5,0.00,23923.5,9.57,0
648,Exit short,2021-07-28 09:30,NQ09B SELL NY N130 TP2,14985.25,2,599920,501,0.08,9,505.5,0.08,-14.5,0.00,24424.5,9.77,0
648,Entry short,2021-07-28 09:30,[CC] SELL NY,14998,2,599920,501,0.08,9,505.5,0.08,-14.5,0.00,24424.5,9.77,0
649,Exit short,2021-07-28 18:00,NQ09B SELL WEEKDAY 1800 STOP,14985.75,1,299690,-29.5,-0.01,4.5,0,0.00,-27.25,-0.01,24395,9.76,0
649,Entry short,2021-07-28 18:00,[CC] SELL WEAK,14984.5,1,299690,-29.5,-0.01,4.5,0,0.00,-27.25,-0.01,24395,9.76,0
650,Exit short,2021-07-29 09:30,NQ09B SELL NY STOP,14984.25,2,599320,-59,-0.01,9,25.5,0.00,-54.5,-0.01,24336,9.73,0
650,Entry short,2021-07-29 09:30,[CC] SELL NY,14983,2,599320,-59,-0.01,9,25.5,0.00,-54.5,-0.01,24336,9.73,0
651,Exit short,2021-07-29 18:00,NQ09B SELL WEEKDAY 1800 STOP,14906.25,2,596200,-59,-0.01,9,145.5,0.02,-54.5,-0.01,24277,9.71,0
651,Entry short,2021-07-29 18:00,[CC] SELL PREMIUM,14905,2,596200,-59,-0.01,9,145.5,0.02,-54.5,-0.01,24277,9.71,0
652,Exit short,2021-07-30 09:30,NQ09B SELL NY STOP,14870,2,594750,-59,-0.01,9,105.5,0.02,-54.5,-0.01,24218,9.69,0
652,Entry short,2021-07-30 09:30,[CC] SELL NY,14868.75,2,594750,-59,-0.01,9,105.5,0.02,-54.5,-0.01,24218,9.69,0
653,Exit short,2021-08-01 18:00,NQ09B SELL WEEKLY STOP,14973.75,2,598900,-59,-0.01,9,135.5,0.02,-54.5,-0.01,24159,9.66,0
653,Entry short,2021-08-01 18:00,[CC] SELL WEEKLY,14972.5,2,598900,-59,-0.01,9,135.5,0.02,-54.5,-0.01,24159,9.66,0
654,Exit short,2021-08-02 09:30,NQ09B SELL NY N130 TP2,15014.75,2,601100,501,0.08,9,505.5,0.08,-14.5,0.00,24660,9.86,0
654,Entry short,2021-08-02 09:30,[CC] SELL NY,15027.5,2,601100,501,0.08,9,505.5,0.08,-14.5,0.00,24660,9.86,0
655,Exit short,2021-08-03 09:30,NQ09B SELL NY STOP,14987,2,599430,-59,-0.01,9,0,0.00,-54.5,-0.01,24601,9.84,0
655,Entry short,2021-08-03 09:30,[CC] SELL NY,14985.75,2,599430,-59,-0.01,9,0,0.00,-54.5,-0.01,24601,9.84,0
656,Exit short,2021-08-03 18:00,NQ09B SELL WEEKDAY 1800 STOP,15039,1,300755,-29.5,-0.01,4.5,52.75,0.02,-27.25,-0.01,24571.5,9.83,0
656,Entry short,2021-08-03 18:00,[CC] SELL WEAK,15037.75,1,300755,-29.5,-0.01,4.5,52.75,0.02,-27.25,-0.01,24571.5,9.83,0
657,Exit short,2021-08-04 09:30,NQ09B SELL NY STOP,15045.75,2,601780,-59,-0.01,9,395.5,0.07,-54.5,-0.01,24512.5,9.81,0
657,Entry short,2021-08-04 09:30,[CC] SELL NY,15044.5,2,601780,-59,-0.01,9,395.5,0.07,-54.5,-0.01,24512.5,9.81,0
658,Exit short,2021-08-05 09:30,NQ09B SELL NY STOP,15102.5,2,604050,-59,-0.01,9,0,0.00,-54.5,-0.01,24453.5,9.78,0
658,Entry short,2021-08-05 09:30,[CC] SELL NY,15101.25,2,604050,-59,-0.01,9,0,0.00,-54.5,-0.01,24453.5,9.78,0
659,Exit short,2021-08-05 18:00,NQ09B SELL WEEKDAY 1800 STOP,15168.75,1,303350,-29.5,-0.01,4.5,0,0.00,-27.25,-0.01,24424,9.77,0
659,Entry short,2021-08-05 18:00,[CC] SELL WEAK,15167.5,1,303350,-29.5,-0.01,4.5,0,0.00,-27.25,-0.01,24424,9.77,0
660,Exit short,2021-08-06 09:30,NQ09B SELL NY STOP,15110.25,2,604360,-59,-0.01,9,175.5,0.03,-54.5,-0.01,24365,9.75,0
660,Entry short,2021-08-06 09:30,[CC] SELL NY,15109,2,604360,-59,-0.01,9,175.5,0.03,-54.5,-0.01,24365,9.75,0
661,Exit short,2021-08-08 18:00,NQ09B SELL WEEKLY STOP,15091.25,2,603600,-59,-0.01,9,185.5,0.03,-54.5,-0.01,24306,9.72,0
661,Entry short,2021-08-08 18:00,[CC] SELL WEEKLY,15090,2,603600,-59,-0.01,9,185.5,0.03,-54.5,-0.01,24306,9.72,0
662,Exit short,2021-08-09 09:30,NQ09B SELL NY STOP,15116.5,2,604610,-59,-0.01,9,15.5,0.00,-54.5,-0.01,24247,9.70,0
662,Entry short,2021-08-09 09:30,[CC] SELL NY,15115.25,2,604610,-59,-0.01,9,15.5,0.00,-54.5,-0.01,24247,9.70,0
663,Exit short,2021-08-10 09:30,NQ09B SELL NY STOP,15145.5,2,605770,-59,-0.01,9,0,0.00,-54.5,-0.01,24188,9.68,0
663,Entry short,2021-08-10 09:30,[CC] SELL NY,15144.25,2,605770,-59,-0.01,9,0,0.00,-54.5,-0.01,24188,9.68,0
664,Exit short,2021-08-11 09:30,NQ09B SELL NY N130 TP2,15085.25,2,603920,501,0.08,9,505.5,0.08,-14.5,0.00,24689,9.88,0
664,Entry short,2021-08-11 09:30,[CC] SELL NY,15098,2,603920,501,0.08,9,505.5,0.08,-14.5,0.00,24689,9.88,0
665,Exit short,2021-08-12 09:30,NQ09B SELL NY STOP,15000.5,2,599970,-59,-0.01,9,0,0.00,-54.5,-0.01,24630,9.85,0
665,Entry short,2021-08-12 09:30,[CC] SELL NY,14999.25,2,599970,-59,-0.01,9,0,0.00,-54.5,-0.01,24630,9.85,0
666,Exit short,2021-08-13 09:30,NQ09B SELL NY STOP,15090,2,603550,-59,-0.01,9,0,0.00,-54.5,-0.01,24571,9.83,0
666,Entry short,2021-08-13 09:30,[CC] SELL NY,15088.75,2,603550,-59,-0.01,9,0,0.00,-54.5,-0.01,24571,9.83,0
667,Exit short,2021-08-15 18:00,NQ09B SELL WEEKLY W80,15111,2,604760,311,0.05,9,315.5,0.05,-14.5,0.00,24882,9.95,0
667,Entry short,2021-08-15 18:00,[CC] SELL WEEKLY,15119,2,604760,311,0.05,9,315.5,0.05,-14.5,0.00,24882,9.95,0
668,Exit short,2021-08-16 09:30,NQ09B SELL NY STOP,15080.75,2,603180,-59,-0.01,9,115.5,0.02,-54.5,-0.01,24823,9.93,0
668,Entry short,2021-08-16 09:30,[CC] SELL NY,15079.5,2,603180,-59,-0.01,9,115.5,0.02,-54.5,-0.01,24823,9.93,0
669,Exit short,2021-08-16 18:00,NQ09B SELL WEEKDAY 1800 STOP,15132.5,1,302625,-29.5,-0.01,4.5,0,0.00,-27.25,-0.01,24793.5,9.92,0
669,Entry short,2021-08-16 18:00,[CC] SELL WEAK,15131.25,1,302625,-29.5,-0.01,4.5,0,0.00,-27.25,-0.01,24793.5,9.92,0
670,Exit short,2021-08-17 09:30,NQ09B SELL NY STOP,15018,2,600670,-59,-0.01,9,0,0.00,-54.5,-0.01,24734.5,9.89,0
670,Entry short,2021-08-17 09:30,[CC] SELL NY,15016.75,2,600670,-59,-0.01,9,0,0.00,-54.5,-0.01,24734.5,9.89,0
671,Exit short,2021-08-17 18:00,NQ09B SELL WEEKDAY 1800 STOP,14971.25,2,598800,-59,-0.01,9,175.5,0.03,-54.5,-0.01,24675.5,9.87,0
671,Entry short,2021-08-17 18:00,[CC] SELL PREMIUM,14970,2,598800,-59,-0.01,9,175.5,0.03,-54.5,-0.01,24675.5,9.87,0
672,Exit short,2021-08-18 09:30,NQ09B SELL NY N130 TP2,14965.75,2,599140,501,0.08,9,505.5,0.08,-14.5,0.00,25176.5,10.07,0
672,Entry short,2021-08-18 09:30,[CC] SELL NY,14978.5,2,599140,501,0.08,9,505.5,0.08,-14.5,0.00,25176.5,10.07,0
673,Exit short,2021-08-18 18:00,NQ09B SELL WEEKDAY 1800 STOP,14841,1,296795,-29.5,-0.01,4.5,92.75,0.03,-27.25,-0.01,25147,10.06,0
673,Entry short,2021-08-18 18:00,[CC] SELL WEAK,14839.75,1,296795,-29.5,-0.01,4.5,92.75,0.03,-27.25,-0.01,25147,10.06,0
674,Exit short,2021-08-19 09:30,NQ09B SELL NY STOP,14775.5,2,590970,-59,-0.01,9,415.5,0.07,-54.5,-0.01,25088,10.04,0
674,Entry short,2021-08-19 09:30,[CC] SELL NY,14774.25,2,590970,-59,-0.01,9,415.5,0.07,-54.5,-0.01,25088,10.04,0
675,Exit short,2021-08-19 18:00,NQ09B SELL WEEKDAY 1800 STOP,14944.25,2,597720,-59,-0.01,9,0,0.00,-54.5,-0.01,25029,10.01,0
675,Entry short,2021-08-19 18:00,[CC] SELL PREMIUM,14943,2,597720,-59,-0.01,9,0,0.00,-54.5,-0.01,25029,10.01,0
676,Exit short,2021-08-20 09:30,NQ09B SELL NY N130 TP2,14960.5,2,598930,501,0.08,9,505.5,0.08,-14.5,0.00,25530,10.21,0
676,Entry short,2021-08-20 09:30,[CC] SELL NY,14973.25,2,598930,501,0.08,9,505.5,0.08,-14.5,0.00,25530,10.21,0
677,Exit short,2021-08-22 18:00,NQ09B SELL WEEKLY STOP,15091,2,603590,-59,-0.01,9,125.5,0.02,-54.5,-0.01,25471,10.19,0
677,Entry short,2021-08-22 18:00,[CC] SELL WEEKLY,15089.75,2,603590,-59,-0.01,9,125.5,0.02,-54.5,-0.01,25471,10.19,0
678,Exit short,2021-08-23 09:30,NQ09B SELL NY STOP,15128,2,605070,-59,-0.01,9,75.5,0.01,-54.5,-0.01,25412,10.16,0
678,Entry short,2021-08-23 09:30,[CC] SELL NY,15126.75,2,605070,-59,-0.01,9,75.5,0.01,-54.5,-0.01,25412,10.16,0
679,Exit short,2021-08-24 09:30,NQ09B SELL NY STOP,15334.25,2,613320,-59,-0.01,9,475.5,0.08,-54.5,-0.01,25353,10.14,0
679,Entry short,2021-08-24 09:30,[CC] SELL NY,15333,2,613320,-59,-0.01,9,475.5,0.08,-54.5,-0.01,25353,10.14,0
680,Exit short,2021-08-25 09:30,NQ09B SELL NY STOP,15366.25,2,614600,-59,-0.01,9,165.5,0.03,-54.5,-0.01,25294,10.12,0
680,Entry short,2021-08-25 09:30,[CC] SELL NY,15365,2,614600,-59,-0.01,9,165.5,0.03,-54.5,-0.01,25294,10.12,0
681,Exit short,2021-08-26 09:30,NQ09B SELL NY STOP,15336.5,2,613410,-59,-0.01,9,5.5,0.00,-54.5,-0.01,25235,10.09,0
681,Entry short,2021-08-26 09:30,[CC] SELL NY,15335.25,2,613410,-59,-0.01,9,5.5,0.00,-54.5,-0.01,25235,10.09,0
682,Exit short,2021-08-26 18:00,NQ09B SELL WEEKDAY 1800 STOP,15287,1,305715,-29.5,-0.01,4.5,102.75,0.03,-27.25,-0.01,25205.5,10.08,0
682,Entry short,2021-08-26 18:00,[CC] SELL WEAK,15285.75,1,305715,-29.5,-0.01,4.5,102.75,0.03,-27.25,-0.01,25205.5,10.08,0
683,Exit short,2021-08-27 09:30,NQ09B SELL NY STOP,15302,2,612030,-59,-0.01,9,185.5,0.03,-54.5,-0.01,25146.5,10.06,0
683,Entry short,2021-08-27 09:30,[CC] SELL NY,15300.75,2,612030,-59,-0.01,9,185.5,0.03,-54.5,-0.01,25146.5,10.06,0
684,Exit short,2021-08-29 18:00,NQ09B SELL WEEKLY STOP,15433.75,2,617300,-59,-0.01,9,0,0.00,-54.5,-0.01,25087.5,10.04,0
684,Entry short,2021-08-29 18:00,[CC] SELL WEEKLY,15432.5,2,617300,-59,-0.01,9,0,0.00,-54.5,-0.01,25087.5,10.04,0
685,Exit short,2021-08-30 09:30,NQ09B SELL NY STOP,15456.5,2,618210,-59,-0.01,9,0,0.00,-54.5,-0.01,25028.5,10.01,0
685,Entry short,2021-08-30 09:30,[CC] SELL NY,15455.25,2,618210,-59,-0.01,9,0,0.00,-54.5,-0.01,25028.5,10.01,0
686,Exit short,2021-08-31 09:30,NQ09B SELL NY STOP,15608.5,2,624290,-59,-0.01,9,0,0.00,-54.5,-0.01,24969.5,9.99,0
686,Entry short,2021-08-31 09:30,[CC] SELL NY,15607.25,2,624290,-59,-0.01,9,0,0.00,-54.5,-0.01,24969.5,9.99,0
687,Exit short,2021-09-01 09:30,NQ09B SELL NY STOP,15631,2,625190,-59,-0.01,9,305.5,0.05,-54.5,-0.01,24910.5,9.96,0
687,Entry short,2021-09-01 09:30,[CC] SELL NY,15629.75,2,625190,-59,-0.01,9,305.5,0.05,-54.5,-0.01,24910.5,9.96,0
688,Exit short,2021-09-01 18:00,NQ09B SELL WEEKDAY 1800 STOP,15611,1,312195,-29.5,-0.01,4.5,37.75,0.01,-27.25,-0.01,24881,9.95,0
688,Entry short,2021-09-01 18:00,[CC] SELL WEAK,15609.75,1,312195,-29.5,-0.01,4.5,37.75,0.01,-27.25,-0.01,24881,9.95,0
689,Exit short,2021-09-02 09:30,NQ09B SELL NY STOP,15669.25,2,626720,-59,-0.01,9,345.5,0.06,-54.5,-0.01,24822,9.93,0
689,Entry short,2021-09-02 09:30,[CC] SELL NY,15668,2,626720,-59,-0.01,9,345.5,0.06,-54.5,-0.01,24822,9.93,0
690,Exit short,2021-09-03 09:30,NQ09B SELL NY STOP,15556.75,2,622220,-59,-0.01,9,45.5,0.01,-54.5,-0.01,24763,9.91,0
690,Entry short,2021-09-03 09:30,[CC] SELL NY,15555.5,2,622220,-59,-0.01,9,45.5,0.01,-54.5,-0.01,24763,9.91,0
691,Exit short,2021-09-05 18:00,NQ09B SELL WEEKLY STOP,15657,2,626230,-59,-0.01,9,25.5,0.00,-54.5,-0.01,24704,9.88,0
691,Entry short,2021-09-05 18:00,[CC] SELL WEEKLY,15655.75,2,626230,-59,-0.01,9,25.5,0.00,-54.5,-0.01,24704,9.88,0
692,Exit short,2021-09-06 09:30,NQ09B SELL NY STOP,15689.5,2,627530,-59,-0.01,9,45.5,0.01,-54.5,-0.01,24645,9.86,0
692,Entry short,2021-09-06 09:30,[CC] SELL NY,15688.25,2,627530,-59,-0.01,9,45.5,0.01,-54.5,-0.01,24645,9.86,0
693,Exit short,2021-09-06 18:30,NQ09B SELL WEEKDAY 1800 D80,15693.75,1,314035,155.5,0.05,4.5,157.75,0.05,-12.25,0.00,24800.5,9.92,1
693,Entry short,2021-09-06 18:00,[CC] SELL WEAK,15701.75,1,314035,155.5,0.05,4.5,157.75,0.05,-12.25,0.00,24800.5,9.92,1
694,Exit short,2021-09-07 09:30,NQ09B SELL NY STOP,15656,2,626190,-59,-0.01,9,0,0.00,-54.5,-0.01,24741.5,9.90,0
694,Entry short,2021-09-07 09:30,[CC] SELL NY,15654.75,2,626190,-59,-0.01,9,0,0.00,-54.5,-0.01,24741.5,9.90,0
695,Exit short,2021-09-07 18:00,NQ09B SELL WEEKDAY 1800 STOP,15672,1,313415,-29.5,-0.01,4.5,32.75,0.01,-27.25,-0.01,24712,9.88,0
695,Entry short,2021-09-07 18:00,[CC] SELL WEAK,15670.75,1,313415,-29.5,-0.01,4.5,32.75,0.01,-27.25,-0.01,24712,9.88,0
696,Exit short,2021-09-08 09:30,NQ09B SELL NY STOP,15667,2,626630,-59,-0.01,9,0,0.00,-54.5,-0.01,24653,9.86,0
696,Entry short,2021-09-08 09:30,[CC] SELL NY,15665.75,2,626630,-59,-0.01,9,0,0.00,-54.5,-0.01,24653,9.86,0
697,Exit short,2021-09-09 09:30,NQ09B SELL NY STOP,15631.5,2,625210,-59,-0.01,9,325.5,0.05,-54.5,-0.01,24594,9.84,0
697,Entry short,2021-09-09 09:30,[CC] SELL NY,15630.25,2,625210,-59,-0.01,9,325.5,0.05,-54.5,-0.01,24594,9.84,0
698,Exit short,2021-09-09 18:00,NQ09B SELL WEEKDAY 1800 STOP,15562,1,311215,-29.5,-0.01,4.5,17.75,0.01,-27.25,-0.01,24564.5,9.83,0
698,Entry short,2021-09-09 18:00,[CC] SELL WEAK,15560.75,1,311215,-29.5,-0.01,4.5,17.75,0.01,-27.25,-0.01,24564.5,9.83,0
699,Exit short,2021-09-10 09:30,NQ09B SELL NY STOP,15638.5,2,625490,-59,-0.01,9,0,0.00,-54.5,-0.01,24505.5,9.80,0
699,Entry short,2021-09-10 09:30,[CC] SELL NY,15637.25,2,625490,-59,-0.01,9,0,0.00,-54.5,-0.01,24505.5,9.80,0
700,Exit short,2021-09-12 18:00,NQ09B SELL WEEKLY STOP,15453.5,2,618090,-59,-0.01,9,285.5,0.05,-54.5,-0.01,24446.5,9.78,0
700,Entry short,2021-09-12 18:00,[CC] SELL WEEKLY,15452.25,2,618090,-59,-0.01,9,285.5,0.05,-54.5,-0.01,24446.5,9.78,0
701,Exit short,2021-09-13 09:30,NQ09B SELL NY STOP,15547.5,2,621850,-59,-0.01,9,0,0.00,-54.5,-0.01,24387.5,9.75,0
701,Entry short,2021-09-13 09:30,[CC] SELL NY,15546.25,2,621850,-59,-0.01,9,0,0.00,-54.5,-0.01,24387.5,9.75,0
702,Exit short,2021-09-14 09:30,NQ09B SELL NY STOP,15493.75,2,619700,-59,-0.01,9,415.5,0.07,-54.5,-0.01,24328.5,9.73,0
702,Entry short,2021-09-14 09:30,[CC] SELL NY,15492.5,2,619700,-59,-0.01,9,415.5,0.07,-54.5,-0.01,24328.5,9.73,0
703,Exit short,2021-09-15 09:30,NQ09B SELL NY N130 TP2,15392,2,616190,501,0.08,9,505.5,0.08,-14.5,0.00,24829.5,9.93,0
703,Entry short,2021-09-15 09:30,[CC] SELL NY,15404.75,2,616190,501,0.08,9,505.5,0.08,-14.5,0.00,24829.5,9.93,0
704,Exit short,2021-09-15 18:00,NQ09B SELL WEEKDAY 1800 STOP,15510.75,1,310190,-29.5,-0.01,4.5,0,0.00,-27.25,-0.01,24800,9.92,0
704,Entry short,2021-09-15 18:00,[CC] SELL WEAK,15509.5,1,310190,-29.5,-0.01,4.5,0,0.00,-27.25,-0.01,24800,9.92,0
705,Exit short,2021-09-16 09:30,NQ09B SELL NY N130 TP2,15428.75,2,617660,501,0.08,9,505.5,0.08,-14.5,0.00,25301,10.12,0
705,Entry short,2021-09-16 09:30,[CC] SELL NY,15441.5,2,617660,501,0.08,9,505.5,0.08,-14.5,0.00,25301,10.12,0
706,Exit short,2021-09-16 18:00,NQ09B SELL WEEKDAY 1800 STOP,15498.75,1,309950,-29.5,-0.01,4.5,0,0.00,-27.25,-0.01,25271.5,10.11,0
706,Entry short,2021-09-16 18:00,[CC] SELL WEAK,15497.5,1,309950,-29.5,-0.01,4.5,0,0.00,-27.25,-0.01,25271.5,10.11,0
707,Exit short,2021-09-17 09:30,NQ09B SELL NY STOP,15484.75,2,619340,-59,-0.01,9,0,0.00,-54.5,-0.01,25212.5,10.08,0
707,Entry short,2021-09-17 09:30,[CC] SELL NY,15483.5,2,619340,-59,-0.01,9,0,0.00,-54.5,-0.01,25212.5,10.08,0
708,Exit short,2021-09-19 18:00,NQ09B SELL WEEKLY STOP,15285,2,611350,-59,-0.01,9,15.5,0.00,-54.5,-0.01,25153.5,10.06,0
708,Entry short,2021-09-19 18:00,[CC] SELL WEEKLY,15283.75,2,611350,-59,-0.01,9,15.5,0.00,-54.5,-0.01,25153.5,10.06,0
709,Exit short,2021-09-20 09:30,NQ09B SELL NY N130 TP2,15063,2,603030,501,0.08,9,505.5,0.08,-14.5,0.00,25654.5,10.26,0
709,Entry short,2021-09-20 09:30,[CC] SELL NY,15075.75,2,603030,501,0.08,9,505.5,0.08,-14.5,0.00,25654.5,10.26,0
710,Exit short,2021-09-20 18:00,NQ09B SELL WEEKDAY 1800 STOP,14993,1,299835,-29.5,-0.01,4.5,37.75,0.01,-27.25,-0.01,25625,10.25,0
710,Entry short,2021-09-20 18:00,[CC] SELL WEAK,14991.75,1,299835,-29.5,-0.01,4.5,37.75,0.01,-27.25,-0.01,25625,10.25,0
711,Exit short,2021-09-21 09:30,NQ09B SELL NY STOP,15083.25,2,603280,-59,-0.01,9,0,0.00,-54.5,-0.01,25566,10.23,0
711,Entry short,2021-09-21 09:30,[CC] SELL NY,15082,2,603280,-59,-0.01,9,0,0.00,-54.5,-0.01,25566,10.23,0
712,Exit short,2021-09-21 18:00,NQ09B SELL WEEKDAY 1800 STOP,14993.75,1,299850,-29.5,-0.01,4.5,107.75,0.04,-27.25,-0.01,25536.5,10.21,0
712,Entry short,2021-09-21 18:00,[CC] SELL WEAK,14992.5,1,299850,-29.5,-0.01,4.5,107.75,0.04,-27.25,-0.01,25536.5,10.21,0
713,Exit short,2021-09-22 09:30,NQ09B SELL NY STOP,15063,2,602470,-59,-0.01,9,0,0.00,-54.5,-0.01,25477.5,10.19,0
713,Entry short,2021-09-22 09:30,[CC] SELL NY,15061.75,2,602470,-59,-0.01,9,0,0.00,-54.5,-0.01,25477.5,10.19,0
714,Exit short,2021-09-22 18:00,NQ09B SELL WEEKDAY 1800 STOP,15179.25,2,607120,-59,-0.01,9,75.5,0.01,-54.5,-0.01,25418.5,10.17,0
714,Entry short,2021-09-22 18:00,[CC] SELL PREMIUM,15178,2,607120,-59,-0.01,9,75.5,0.01,-54.5,-0.01,25418.5,10.17,0
715,Exit short,2021-09-23 09:30,NQ09B SELL NY N130 TP2,15197.75,2,608420,501,0.08,9,505.5,0.08,-14.5,0.00,25919.5,10.37,0
715,Entry short,2021-09-23 09:30,[CC] SELL NY,15210.5,2,608420,501,0.08,9,505.5,0.08,-14.5,0.00,25919.5,10.37,0
716,Exit short,2021-09-23 18:00,NQ09B SELL WEEKDAY 1800 STOP,15301.25,1,306000,-29.5,-0.01,4.5,57.75,0.02,-27.25,-0.01,25890,10.36,0
716,Entry short,2021-09-23 18:00,[CC] SELL WEAK,15300,1,306000,-29.5,-0.01,4.5,57.75,0.02,-27.25,-0.01,25890,10.36,0
717,Exit short,2021-09-24 09:30,NQ09B SELL NY N130 TP2,15193.5,2,608250,501,0.08,9,505.5,0.08,-14.5,0.00,26391,10.56,0
717,Entry short,2021-09-24 09:30,[CC] SELL NY,15206.25,2,608250,501,0.08,9,505.5,0.08,-14.5,0.00,26391,10.56,0
718,Exit short,2021-09-26 18:00,NQ09B SELL WEEKLY STOP,15320,2,612750,-59,-0.01,9,0,0.00,-54.5,-0.01,26332,10.53,0
718,Entry short,2021-09-26 18:00,[CC] SELL WEEKLY,15318.75,2,612750,-59,-0.01,9,0,0.00,-54.5,-0.01,26332,10.53,0
719,Exit short,2021-09-27 09:30,NQ09B SELL NY STOP,15186.25,2,607400,-59,-0.01,9,0,0.00,-54.5,-0.01,26273,10.51,0
719,Entry short,2021-09-27 09:30,[CC] SELL NY,15185,2,607400,-59,-0.01,9,0,0.00,-54.5,-0.01,26273,10.51,0
720,Exit short,2021-09-28 09:30,NQ09B SELL NY N130 TP2,14988.5,2,600050,501,0.08,9,505.5,0.08,-14.5,0.00,26774,10.71,0
720,Entry short,2021-09-28 09:30,[CC] SELL NY,15001.25,2,600050,501,0.08,9,505.5,0.08,-14.5,0.00,26774,10.71,0
721,Exit short,2021-09-28 18:00,NQ09B SELL WEEKDAY 1800 STOP,14770.25,1,295380,-29.5,-0.01,4.5,0,0.00,-27.25,-0.01,26744.5,10.70,0
721,Entry short,2021-09-28 18:00,[CC] SELL WEAK,14769,1,295380,-29.5,-0.01,4.5,0,0.00,-27.25,-0.01,26744.5,10.70,0
722,Exit short,2021-09-29 09:30,NQ09B SELL NY N130 TP2,14804.75,2,592700,501,0.08,9,505.5,0.09,-14.5,0.00,27245.5,10.90,0
722,Entry short,2021-09-29 09:30,[CC] SELL NY,14817.5,2,592700,501,0.08,9,505.5,0.09,-14.5,0.00,27245.5,10.90,0
723,Exit short,2021-09-30 09:30,NQ09B SELL NY STOP,14810.75,2,592380,-59,-0.01,9,105.5,0.02,-54.5,-0.01,27186.5,10.87,0
723,Entry short,2021-09-30 09:30,[CC] SELL NY,14809.5,2,592380,-59,-0.01,9,105.5,0.02,-54.5,-0.01,27186.5,10.87,0
724,Exit short,2021-09-30 18:00,NQ09B SELL WEEKDAY 1800 STOP,14703.25,1,294040,-29.5,-0.01,4.5,52.75,0.02,-27.25,-0.01,27157,10.86,0
724,Entry short,2021-09-30 18:00,[CC] SELL WEAK,14702,1,294040,-29.5,-0.01,4.5,52.75,0.02,-27.25,-0.01,27157,10.86,0
725,Exit short,2021-10-01 09:30,NQ09B SELL NY STOP,14711,2,588390,-59,-0.01,9,0,0.00,-54.5,-0.01,27098,10.84,0
725,Entry short,2021-10-01 09:30,[CC] SELL NY,14709.75,2,588390,-59,-0.01,9,0,0.00,-54.5,-0.01,27098,10.84,0
726,Exit short,2021-10-03 18:00,NQ09B SELL WEEKLY W80,14776.75,2,591390,311,0.05,9,315.5,0.05,-14.5,0.00,27409,10.96,0
726,Entry short,2021-10-03 18:00,[CC] SELL WEEKLY,14784.75,2,591390,311,0.05,9,315.5,0.05,-14.5,0.00,27409,10.96,0
727,Exit short,2021-10-04 09:30,NQ09B SELL NY STOP,14705.25,2,588160,-59,-0.01,9,0,0.00,-54.5,-0.01,27350,10.94,0
727,Entry short,2021-10-04 09:30,[CC] SELL NY,14704,2,588160,-59,-0.01,9,0,0.00,-54.5,-0.01,27350,10.94,0
728,Exit short,2021-10-04 18:00,NQ09B SELL WEEKDAY 1800 STOP,14494.75,2,579740,-59,-0.01,9,0,0.00,-54.5,-0.01,27291,10.92,0
728,Entry short,2021-10-04 18:00,[CC] SELL PREMIUM,14493.5,2,579740,-59,-0.01,9,0,0.00,-54.5,-0.01,27291,10.92,0
729,Exit short,2021-10-05 09:30,NQ09B SELL NY STOP,14508,2,580270,-59,-0.01,9,55.5,0.01,-54.5,-0.01,27232,10.89,0
729,Entry short,2021-10-05 09:30,[CC] SELL NY,14506.75,2,580270,-59,-0.01,9,55.5,0.01,-54.5,-0.01,27232,10.89,0
730,Exit short,2021-10-05 18:00,NQ09B SELL WEEKDAY 1800 STOP,14663,1,293235,-29.5,-0.01,4.5,67.75,0.02,-27.25,-0.01,27202.5,10.88,0
730,Entry short,2021-10-05 18:00,[CC] SELL WEAK,14661.75,1,293235,-29.5,-0.01,4.5,67.75,0.02,-27.25,-0.01,27202.5,10.88,0
731,Exit short,2021-10-06 09:30,NQ09B SELL NY STOP,14523,2,580870,-59,-0.01,9,405.5,0.07,-54.5,-0.01,27143.5,10.86,0
731,Entry short,2021-10-06 09:30,[CC] SELL NY,14521.75,2,580870,-59,-0.01,9,405.5,0.07,-54.5,-0.01,27143.5,10.86,0
732,Exit short,2021-10-07 09:30,NQ09B SELL NY N130 TP2,14869.25,2,595280,501,0.08,9,505.5,0.08,-14.5,0.00,27644.5,11.06,0
732,Entry short,2021-10-07 09:30,[CC] SELL NY,14882,2,595280,501,0.08,9,505.5,0.08,-14.5,0.00,27644.5,11.06,0
733,Exit short,2021-10-07 18:00,NQ09B SELL WEEKDAY 1800 STOP,14892.25,1,297820,-29.5,-0.01,4.5,67.75,0.02,-27.25,-0.01,27615,11.05,0
733,Entry short,2021-10-07 18:00,[CC] SELL WEAK,14891,1,297820,-29.5,-0.01,4.5,67.75,0.02,-27.25,-0.01,27615,11.05,0
734,Exit short,2021-10-08 09:30,NQ09B SELL NY STOP,14934.25,2,597320,-59,-0.01,9,0,0.00,-54.5,-0.01,27556,11.02,0
734,Entry short,2021-10-08 09:30,[CC] SELL NY,14933,2,597320,-59,-0.01,9,0,0.00,-54.5,-0.01,27556,11.02,0
735,Exit short,2021-10-10 18:00,NQ09B SELL WEEKLY STOP,14811.25,2,592400,-59,-0.01,9,0,0.00,-54.5,-0.01,27497,11.00,0
735,Entry short,2021-10-10 18:00,[CC] SELL WEEKLY,14810,2,592400,-59,-0.01,9,0,0.00,-54.5,-0.01,27497,11.00,0
736,Exit short,2021-10-11 09:30,NQ09B SELL NY N130 TP2,14735.25,2,589920,501,0.08,9,505.5,0.09,-14.5,0.00,27998,11.20,0
736,Entry short,2021-10-11 09:30,[CC] SELL NY,14748,2,589920,501,0.08,9,505.5,0.09,-14.5,0.00,27998,11.20,0
737,Exit short,2021-10-12 09:30,NQ09B SELL NY STOP,14760.75,2,590380,-59,-0.01,9,0,0.00,-54.5,-0.01,27939,11.18,0
737,Entry short,2021-10-12 09:30,[CC] SELL NY,14759.5,2,590380,-59,-0.01,9,0,0.00,-54.5,-0.01,27939,11.18,0
738,Exit short,2021-10-12 18:00,NQ09B SELL WEEKDAY 1800 STOP,14595,1,291875,-29.5,-0.01,4.5,52.75,0.02,-27.25,-0.01,27909.5,11.16,0
738,Entry short,2021-10-12 18:00,[CC] SELL WEAK,14593.75,1,291875,-29.5,-0.01,4.5,52.75,0.02,-27.25,-0.01,27909.5,11.16,0
739,Exit short,2021-10-13 09:30,NQ09B SELL NY STOP,14747.75,2,589860,-59,-0.01,9,0,0.00,-54.5,-0.01,27850.5,11.14,0
739,Entry short,2021-10-13 09:30,[CC] SELL NY,14746.5,2,589860,-59,-0.01,9,0,0.00,-54.5,-0.01,27850.5,11.14,0
740,Exit short,2021-10-14 09:30,NQ09B SELL NY STOP,14920.25,2,596760,-59,-0.01,9,0,0.00,-54.5,-0.01,27791.5,11.12,0
740,Entry short,2021-10-14 09:30,[CC] SELL NY,14919,2,596760,-59,-0.01,9,0,0.00,-54.5,-0.01,27791.5,11.12,0
741,Exit short,2021-10-15 09:30,NQ09B SELL NY STOP,15089.75,2,603540,-59,-0.01,9,0,0.00,-54.5,-0.01,27732.5,11.09,0
741,Entry short,2021-10-15 09:30,[CC] SELL NY,15088.5,2,603540,-59,-0.01,9,0,0.00,-54.5,-0.01,27732.5,11.09,0
742,Exit short,2021-10-17 18:00,NQ09B SELL WEEKLY STOP,15146,2,605790,-59,-0.01,9,0,0.00,-54.5,-0.01,27673.5,11.07,0
742,Entry short,2021-10-17 18:00,[CC] SELL WEEKLY,15144.75,2,605790,-59,-0.01,9,0,0.00,-54.5,-0.01,27673.5,11.07,0
743,Exit short,2021-10-18 09:30,NQ09B SELL NY N130 TP2,15063.5,2,603050,501,0.08,9,505.5,0.08,-14.5,0.00,28174.5,11.27,0
743,Entry short,2021-10-18 09:30,[CC] SELL NY,15076.25,2,603050,501,0.08,9,505.5,0.08,-14.5,0.00,28174.5,11.27,0
744,Exit short,2021-10-19 09:30,NQ09B SELL NY STOP,15331.5,2,613210,-59,-0.01,9,0,0.00,-54.5,-0.01,28115.5,11.25,0
744,Entry short,2021-10-19 09:30,[CC] SELL NY,15330.25,2,613210,-59,-0.01,9,0,0.00,-54.5,-0.01,28115.5,11.25,0
745,Exit short,2021-10-20 09:30,NQ09B SELL NY STOP,15420.75,2,616780,-59,-0.01,9,0,0.00,-54.5,-0.01,28056.5,11.22,0
745,Entry short,2021-10-20 09:30,[CC] SELL NY,15419.5,2,616780,-59,-0.01,9,0,0.00,-54.5,-0.01,28056.5,11.22,0
746,Exit short,2021-10-21 09:30,NQ09B SELL NY STOP,15347.5,2,613850,-59,-0.01,9,485.5,0.08,-54.5,-0.01,27997.5,11.20,0
746,Entry short,2021-10-21 09:30,[CC] SELL NY,15346.25,2,613850,-59,-0.01,9,485.5,0.08,-54.5,-0.01,27997.5,11.20,0
747,Exit short,2021-10-21 18:00,NQ09B SELL WEEKDAY 1800 STOP,15384,2,615310,-59,-0.01,9,0,0.00,-54.5,-0.01,27938.5,11.18,0
747,Entry short,2021-10-21 18:00,[CC] SELL PREMIUM,15382.75,2,615310,-59,-0.01,9,0,0.00,-54.5,-0.01,27938.5,11.18,0
748,Exit short,2021-10-22 09:30,NQ09B SELL NY STOP,15423.5,2,616890,-59,-0.01,9,0,0.00,-54.5,-0.01,27879.5,11.15,0
748,Entry short,2021-10-22 09:30,[CC] SELL NY,15422.25,2,616890,-59,-0.01,9,0,0.00,-54.5,-0.01,27879.5,11.15,0
749,Exit short,2021-10-24 18:00,NQ09B SELL WEEKLY STOP,15325.25,2,612960,-59,-0.01,9,0,0.00,-54.5,-0.01,27820.5,11.13,0
749,Entry short,2021-10-24 18:00,[CC] SELL WEEKLY,15324,2,612960,-59,-0.01,9,0,0.00,-54.5,-0.01,27820.5,11.13,0
750,Exit short,2021-10-25 09:30,NQ09B SELL NY STOP,15406.25,2,616200,-59,-0.01,9,465.5,0.08,-54.5,-0.01,27761.5,11.10,0
750,Entry short,2021-10-25 09:30,[CC] SELL NY,15405,2,616200,-59,-0.01,9,465.5,0.08,-54.5,-0.01,27761.5,11.10,0
751,Exit short,2021-10-25 18:00,NQ09B SELL WEEKDAY 1800 D80,15534.75,2,621710,311,0.05,9,315.5,0.05,-14.5,0.00,28072.5,11.23,0
751,Entry short,2021-10-25 18:00,[CC] SELL PREMIUM,15542.75,2,621710,311,0.05,9,315.5,0.05,-14.5,0.00,28072.5,11.23,0
752,Exit short,2021-10-26 09:30,NQ09B SELL NY N130 TP2,15584.75,2,623900,501,0.08,9,505.5,0.08,-14.5,0.00,28573.5,11.43,0
752,Entry short,2021-10-26 09:30,[CC] SELL NY,15597.5,2,623900,501,0.08,9,505.5,0.08,-14.5,0.00,28573.5,11.43,0
753,Exit short,2021-10-26 18:00,NQ09B SELL WEEKDAY 1800 STOP,15533.25,2,621280,-59,-0.01,9,85.5,0.01,-54.5,-0.01,28514.5,11.41,0
753,Entry short,2021-10-26 18:00,[CC] SELL PREMIUM,15532,2,621280,-59,-0.01,9,85.5,0.01,-54.5,-0.01,28514.5,11.41,0
754,Exit short,2021-10-27 09:30,NQ09B SELL NY STOP,15571.75,2,622820,-59,-0.01,9,165.5,0.03,-54.5,-0.01,28455.5,11.38,0
754,Entry short,2021-10-27 09:30,[CC] SELL NY,15570.5,2,622820,-59,-0.01,9,165.5,0.03,-54.5,-0.01,28455.5,11.38,0
755,Exit short,2021-10-27 18:00,NQ09B SELL WEEKDAY 1800 STOP,15596,1,311895,-29.5,-0.01,4.5,0,0.00,-27.25,-0.01,28426,11.37,0
755,Entry short,2021-10-27 18:00,[CC] SELL WEAK,15594.75,1,311895,-29.5,-0.01,4.5,0,0.00,-27.25,-0.01,28426,11.37,0
756,Exit short,2021-10-28 09:30,NQ09B SELL NY N130 TP2,15655.75,2,626740,501,0.08,9,505.5,0.08,-14.5,0.00,28927,11.57,0
756,Entry short,2021-10-28 09:30,[CC] SELL NY,15668.5,2,626740,501,0.08,9,505.5,0.08,-14.5,0.00,28927,11.57,0
757,Exit short,2021-10-28 18:00,NQ09B SELL WEEKDAY 1800 STOP,15680.75,2,627180,-59,-0.01,9,165.5,0.03,-54.5,-0.01,28868,11.55,0
757,Entry short,2021-10-28 18:00,[CC] SELL PREMIUM,15679.5,2,627180,-59,-0.01,9,165.5,0.03,-54.5,-0.01,28868,11.55,0
758,Exit short,2021-10-29 09:30,NQ09B SELL NY N130 TP2,15618,2,625230,501,0.08,9,505.5,0.08,-14.5,0.00,29369,11.75,0
758,Entry short,2021-10-29 09:30,[CC] SELL NY,15630.75,2,625230,501,0.08,9,505.5,0.08,-14.5,0.00,29369,11.75,0
759,Exit short,2021-10-31 18:00,NQ09B SELL WEEKLY STOP,15886.25,2,635400,-59,-0.01,9,0,0.00,-54.5,-0.01,29310,11.72,0
759,Entry short,2021-10-31 18:00,[CC] SELL WEEKLY,15885,2,635400,-59,-0.01,9,0,0.00,-54.5,-0.01,29310,11.72,0
760,Exit short,2021-11-01 09:30,NQ09B SELL NY STOP,15859,2,634310,-59,-0.01,9,0,0.00,-54.5,-0.01,29251,11.70,0
760,Entry short,2021-11-01 09:30,[CC] SELL NY,15857.75,2,634310,-59,-0.01,9,0,0.00,-54.5,-0.01,29251,11.70,0
761,Exit short,2021-11-02 09:30,NQ09B SELL NY STOP,15866.75,2,634620,-59,-0.01,9,55.5,0.01,-54.5,-0.01,29192,11.68,0
761,Entry short,2021-11-02 09:30,[CC] SELL NY,15865.5,2,634620,-59,-0.01,9,55.5,0.01,-54.5,-0.01,29192,11.68,0
762,Exit short,2021-11-03 09:30,NQ09B SELL NY STOP,15981.5,2,639210,-59,-0.01,9,0,0.00,-54.5,-0.01,29133,11.65,0
762,Entry short,2021-11-03 09:30,[CC] SELL NY,15980.25,2,639210,-59,-0.01,9,0,0.00,-54.5,-0.01,29133,11.65,0
763,Exit short,2021-11-04 09:30,NQ09B SELL NY STOP,16181.25,2,647200,-59,-0.01,9,0,0.00,-54.5,-0.01,29074,11.63,0
763,Entry short,2021-11-04 09:30,[CC] SELL NY,16180,2,647200,-59,-0.01,9,0,0.00,-54.5,-0.01,29074,11.63,0
764,Exit short,2021-11-05 09:30,NQ09B SELL NY STOP,16411,2,656390,-59,-0.01,9,0,0.00,-54.5,-0.01,29015,11.61,0
764,Entry short,2021-11-05 09:30,[CC] SELL NY,16409.75,2,656390,-59,-0.01,9,0,0.00,-54.5,-0.01,29015,11.61,0
765,Exit short,2021-11-07 18:00,NQ09B SELL WEEKLY STOP,16294,2,651710,-59,-0.01,9,0,0.00,-54.5,-0.01,28956,11.58,0
765,Entry short,2021-11-07 18:00,[CC] SELL WEEKLY,16292.75,2,651710,-59,-0.01,9,0,0.00,-54.5,-0.01,28956,11.58,0
766,Exit short,2021-11-08 09:30,NQ09B SELL NY N130 TP2,16336.75,2,653980,501,0.08,9,505.5,0.08,-14.5,0.00,29457,11.78,0
766,Entry short,2021-11-08 09:30,[CC] SELL NY,16349.5,2,653980,501,0.08,9,505.5,0.08,-14.5,0.00,29457,11.78,0
767,Exit short,2021-11-09 09:30,NQ09B SELL NY N130 TP2,16363,2,655030,501,0.08,9,505.5,0.08,-14.5,0.00,29958,11.98,0
767,Entry short,2021-11-09 09:30,[CC] SELL NY,16375.75,2,655030,501,0.08,9,505.5,0.08,-14.5,0.00,29958,11.98,0
768,Exit short,2021-11-10 09:30,NQ09B SELL NY STOP,16102.5,2,644050,-59,-0.01,9,0,0.00,-54.5,-0.01,29899,11.96,0
768,Entry short,2021-11-10 09:30,[CC] SELL NY,16101.25,2,644050,-59,-0.01,9,0,0.00,-54.5,-0.01,29899,11.96,0
769,Exit short,2021-11-11 09:30,NQ09B SELL NY STOP,16103.75,2,644100,-59,-0.01,9,0,0.00,-54.5,-0.01,29840,11.94,0
769,Entry short,2021-11-11 09:30,[CC] SELL NY,16102.5,2,644100,-59,-0.01,9,0,0.00,-54.5,-0.01,29840,11.94,0
770,Exit short,2021-11-12 09:30,NQ09B SELL NY STOP,16071,2,642790,-59,-0.01,9,0,0.00,-54.5,-0.01,29781,11.91,0
770,Entry short,2021-11-12 09:30,[CC] SELL NY,16069.75,2,642790,-59,-0.01,9,0,0.00,-54.5,-0.01,29781,11.91,0
771,Exit short,2021-11-14 18:00,NQ09B SELL WEEKLY STOP,16213.25,2,648480,-59,-0.01,9,65.5,0.01,-54.5,-0.01,29722,11.89,0
771,Entry short,2021-11-14 18:00,[CC] SELL WEEKLY,16212,2,648480,-59,-0.01,9,65.5,0.01,-54.5,-0.01,29722,11.89,0
772,Exit short,2021-11-15 09:30,NQ09B SELL NY STOP,16242,2,649630,-59,-0.01,9,0,0.00,-54.5,-0.01,29663,11.87,0
772,Entry short,2021-11-15 09:30,[CC] SELL NY,16240.75,2,649630,-59,-0.01,9,0,0.00,-54.5,-0.01,29663,11.87,0
773,Exit short,2021-11-16 09:30,NQ09B SELL NY STOP,16158.25,2,646280,-59,-0.01,9,305.5,0.05,-54.5,-0.01,29604,11.84,0
773,Entry short,2021-11-16 09:30,[CC] SELL NY,16157,2,646280,-59,-0.01,9,305.5,0.05,-54.5,-0.01,29604,11.84,0
774,Exit short,2021-11-17 09:30,NQ09B SELL NY STOP,16316.25,2,652600,-59,-0.01,9,0,0.00,-54.5,-0.01,29545,11.82,0
774,Entry short,2021-11-17 09:30,[CC] SELL NY,16315,2,652600,-59,-0.01,9,0,0.00,-54.5,-0.01,29545,11.82,0
775,Exit short,2021-11-17 18:00,NQ09B SELL WEEKDAY 1800 STOP,16323.5,1,326445,-29.5,-0.01,4.5,0,0.00,-27.25,-0.01,29515.5,11.81,0
775,Entry short,2021-11-17 18:00,[CC] SELL WEAK,16322.25,1,326445,-29.5,-0.01,4.5,0,0.00,-27.25,-0.01,29515.5,11.81,0
776,Exit short,2021-11-18 09:30,NQ09B SELL NY STOP,16399,2,655910,-59,-0.01,9,0,0.00,-54.5,-0.01,29456.5,11.78,0
776,Entry short,2021-11-18 09:30,[CC] SELL NY,16397.75,2,655910,-59,-0.01,9,0,0.00,-54.5,-0.01,29456.5,11.78,0
777,Exit short,2021-11-18 18:00,NQ09B SELL WEEKDAY 1800 STOP,16504.25,2,660120,-59,-0.01,9,0,0.00,-54.5,-0.01,29397.5,11.76,0
777,Entry short,2021-11-18 18:00,[CC] SELL PREMIUM,16503,2,660120,-59,-0.01,9,0,0.00,-54.5,-0.01,29397.5,11.76,0
778,Exit short,2021-11-19 09:30,NQ09B SELL NY STOP,16550,2,661950,-59,-0.01,9,0,0.00,-54.5,-0.01,29338.5,11.74,0
778,Entry short,2021-11-19 09:30,[CC] SELL NY,16548.75,2,661950,-59,-0.01,9,0,0.00,-54.5,-0.01,29338.5,11.74,0
779,Exit short,2021-11-21 18:00,NQ09B SELL WEEKLY STOP,16601.25,2,664000,-59,-0.01,9,15.5,0.00,-54.5,-0.01,29279.5,11.71,0
779,Entry short,2021-11-21 18:00,[CC] SELL WEEKLY,16600,2,664000,-59,-0.01,9,15.5,0.00,-54.5,-0.01,29279.5,11.71,0
780,Exit short,2021-11-22 09:30,NQ09B SELL NY STOP,16639.5,2,665530,-59,-0.01,9,0,0.00,-54.5,-0.01,29220.5,11.69,0
780,Entry short,2021-11-22 09:30,[CC] SELL NY,16638.25,2,665530,-59,-0.01,9,0,0.00,-54.5,-0.01,29220.5,11.69,0
781,Exit short,2021-11-22 18:00,NQ09B SELL WEEKDAY 1800 STOP,16400,1,327975,-29.5,-0.01,4.5,112.75,0.03,-27.25,-0.01,29191,11.68,0
781,Entry short,2021-11-22 18:00,[CC] SELL WEAK,16398.75,1,327975,-29.5,-0.01,4.5,112.75,0.03,-27.25,-0.01,29191,11.68,0
782,Exit short,2021-11-23 09:30,NQ09B SELL NY STOP,16332,2,653230,-59,-0.01,9,0,0.00,-54.5,-0.01,29132,11.65,0
782,Entry short,2021-11-23 09:30,[CC] SELL NY,16330.75,2,653230,-59,-0.01,9,0,0.00,-54.5,-0.01,29132,11.65,0
783,Exit short,2021-11-23 18:00,NQ09B SELL WEEKDAY 1800 STOP,16301.25,1,326000,-29.5,-0.01,4.5,7.75,0.00,-27.25,-0.01,29102.5,11.64,0
783,Entry short,2021-11-23 18:00,[CC] SELL WEAK,16300,1,326000,-29.5,-0.01,4.5,7.75,0.00,-27.25,-0.01,29102.5,11.64,0
784,Exit short,2021-11-24 09:30,NQ09B SELL NY STOP,16200,2,647950,-59,-0.01,9,0,0.00,-54.5,-0.01,29043.5,11.62,0
784,Entry short,2021-11-24 09:30,[CC] SELL NY,16198.75,2,647950,-59,-0.01,9,0,0.00,-54.5,-0.01,29043.5,11.62,0
785,Exit short,2021-11-25 09:30,NQ09B SELL NY STOP,16388.75,2,655500,-59,-0.01,9,0,0.00,-54.5,-0.01,28984.5,11.59,0
785,Entry short,2021-11-25 09:30,[CC] SELL NY,16387.5,2,655500,-59,-0.01,9,0,0.00,-54.5,-0.01,28984.5,11.59,0
786,Exit short,2021-11-26 09:30,NQ09B SELL NY N130 TP2,16238,2,650030,501,0.08,9,505.5,0.08,-14.5,0.00,29485.5,11.79,0
786,Entry short,2021-11-26 09:30,[CC] SELL NY,16250.75,2,650030,501,0.08,9,505.5,0.08,-14.5,0.00,29485.5,11.79,0
787,Exit short,2021-11-29 09:30,NQ09B SELL NY N130 TP2,16226.75,2,649580,501,0.08,9,505.5,0.08,-14.5,0.00,29986.5,11.99,0
787,Entry short,2021-11-29 09:30,[CC] SELL NY,16239.5,2,649580,501,0.08,9,505.5,0.08,-14.5,0.00,29986.5,11.99,0
788,Exit short,2021-11-30 09:30,NQ09B SELL NY STOP,16356,2,654190,-59,-0.01,9,0,0.00,-54.5,-0.01,29927.5,11.97,0
788,Entry short,2021-11-30 09:30,[CC] SELL NY,16354.75,2,654190,-59,-0.01,9,0,0.00,-54.5,-0.01,29927.5,11.97,0
789,Exit short,2021-11-30 18:00,NQ09B SELL WEEKDAY 1800 STOP,16239.75,2,649540,-59,-0.01,9,0,0.00,-54.5,-0.01,29868.5,11.95,0
789,Entry short,2021-11-30 18:00,[CC] SELL PREMIUM,16238.5,2,649540,-59,-0.01,9,0,0.00,-54.5,-0.01,29868.5,11.95,0
790,Exit short,2021-12-01 09:30,NQ09B SELL NY STOP,16340,2,653550,-59,-0.01,9,0,0.00,-54.5,-0.01,29809.5,11.92,0
790,Entry short,2021-12-01 09:30,[CC] SELL NY,16338.75,2,653550,-59,-0.01,9,0,0.00,-54.5,-0.01,29809.5,11.92,0
791,Exit short,2021-12-01 18:00,NQ09B SELL WEEKDAY 1800 STOP,15892.75,1,317830,-29.5,-0.01,4.5,0,0.00,-27.25,-0.01,29780,11.91,0
791,Entry short,2021-12-01 18:00,[CC] SELL WEAK,15891.5,1,317830,-29.5,-0.01,4.5,0,0.00,-27.25,-0.01,29780,11.91,0
792,Exit short,2021-12-02 09:30,NQ09B SELL NY N130 TP2,15810,2,632910,501,0.08,9,505.5,0.08,-14.5,0.00,30281,12.11,0
792,Entry short,2021-12-02 09:30,[CC] SELL NY,15822.75,2,632910,501,0.08,9,505.5,0.08,-14.5,0.00,30281,12.11,0
793,Exit short,2021-12-02 18:00,NQ09B SELL WEEKDAY 1800 STOP,16021,2,640790,-59,-0.01,9,0,0.00,-54.5,-0.01,30222,12.09,0
793,Entry short,2021-12-02 18:00,[CC] SELL PREMIUM,16019.75,2,640790,-59,-0.01,9,0,0.00,-54.5,-0.01,30222,12.09,0
794,Exit short,2021-12-03 09:30,NQ09B SELL NY N130 TP2,16034.25,2,641880,501,0.08,9,505.5,0.08,-14.5,0.00,30723,12.29,0
794,Entry short,2021-12-03 09:30,[CC] SELL NY,16047,2,641880,501,0.08,9,505.5,0.08,-14.5,0.00,30723,12.29,0
795,Exit short,2021-12-05 18:00,NQ09B SELL WEEKLY STOP,15717.25,2,628640,-59,-0.01,9,0,0.00,-54.5,-0.01,30664,12.27,0
795,Entry short,2021-12-05 18:00,[CC] SELL WEEKLY,15716,2,628640,-59,-0.01,9,0,0.00,-54.5,-0.01,30664,12.27,0
796,Exit short,2021-12-06 09:30,NQ09B SELL NY STOP,15735.25,2,629360,-59,-0.01,9,0,0.00,-54.5,-0.01,30605,12.24,0
796,Entry short,2021-12-06 09:30,[CC] SELL NY,15734,2,629360,-59,-0.01,9,0,0.00,-54.5,-0.01,30605,12.24,0
797,Exit short,2021-12-07 09:30,NQ09B SELL NY STOP,16120.75,2,644780,-59,-0.01,9,15.5,0.00,-54.5,-0.01,30546,12.22,0
797,Entry short,2021-12-07 09:30,[CC] SELL NY,16119.5,2,644780,-59,-0.01,9,15.5,0.00,-54.5,-0.01,30546,12.22,0
798,Exit short,2021-12-08 09:30,NQ09B SELL NY STOP,16331.5,2,653210,-59,-0.01,9,0,0.00,-54.5,-0.01,30487,12.19,0
798,Entry short,2021-12-08 09:30,[CC] SELL NY,16330.25,2,653210,-59,-0.01,9,0,0.00,-54.5,-0.01,30487,12.19,0
799,Exit short,2021-12-09 09:30,NQ09B SELL NY STOP,16337.75,2,653460,-59,-0.01,9,55.5,0.01,-54.5,-0.01,30428,12.17,0
799,Entry short,2021-12-09 09:30,[CC] SELL NY,16336.5,2,653460,-59,-0.01,9,55.5,0.01,-54.5,-0.01,30428,12.17,0
800,Exit short,2021-12-10 09:30,NQ09B SELL NY STOP,16265.75,2,650580,-59,-0.01,9,355.5,0.05,-54.5,-0.01,30369,12.15,0
800,Entry short,2021-12-10 09:30,[CC] SELL NY,16264.5,2,650580,-59,-0.01,9,355.5,0.05,-54.5,-0.01,30369,12.15,0
801,Exit short,2021-12-12 18:00,NQ09B SELL WEEKLY STOP,16322.75,2,652860,-59,-0.01,9,175.5,0.03,-54.5,-0.01,30310,12.12,0
801,Entry short,2021-12-12 18:00,[CC] SELL WEEKLY,16321.5,2,652860,-59,-0.01,9,175.5,0.03,-54.5,-0.01,30310,12.12,0
802,Exit short,2021-12-13 09:30,NQ09B SELL NY STOP,16326.5,2,653010,-59,-0.01,9,0,0.00,-54.5,-0.01,30251,12.10,0
802,Entry short,2021-12-13 09:30,[CC] SELL NY,16325.25,2,653010,-59,-0.01,9,0,0.00,-54.5,-0.01,30251,12.10,0
803,Exit short,2021-12-14 09:30,NQ09B SELL NY N130 TP2,15869.25,2,635280,501,0.08,9,505.5,0.08,-14.5,0.00,30752,12.30,0
803,Entry short,2021-12-14 09:30,[CC] SELL NY,15882,2,635280,501,0.08,9,505.5,0.08,-14.5,0.00,30752,12.30,0
804,Exit short,2021-12-15 09:30,NQ09B SELL NY STOP,15909,2,636310,-59,-0.01,9,0,0.00,-54.5,-0.01,30693,12.28,0
804,Entry short,2021-12-15 09:30,[CC] SELL NY,15907.75,2,636310,-59,-0.01,9,0,0.00,-54.5,-0.01,30693,12.28,0
805,Exit short,2021-12-16 09:30,NQ09B SELL NY STOP,16323.25,2,652880,-59,-0.01,9,0,0.00,-54.5,-0.01,30634,12.25,0
805,Entry short,2021-12-16 09:30,[CC] SELL NY,16322,2,652880,-59,-0.01,9,0,0.00,-54.5,-0.01,30634,12.25,0
806,Exit short,2021-12-17 09:30,NQ09B SELL NY N130 TP2,15700.25,2,628520,501,0.08,9,505.5,0.08,-14.5,0.00,31135,12.45,0
806,Entry short,2021-12-17 09:30,[CC] SELL NY,15713,2,628520,501,0.08,9,505.5,0.08,-14.5,0.00,31135,12.45,0
807,Exit short,2021-12-19 18:00,NQ09B SELL WEEKLY W80,15801.25,2,632370,311,0.05,9,315.5,0.05,-14.5,0.00,31446,12.58,0
807,Entry short,2021-12-19 18:00,[CC] SELL WEEKLY,15809.25,2,632370,311,0.05,9,315.5,0.05,-14.5,0.00,31446,12.58,0
808,Exit short,2021-12-20 09:30,NQ09B SELL NY STOP,15579,2,623110,-59,-0.01,9,0,0.00,-54.5,-0.01,31387,12.55,0
808,Entry short,2021-12-20 09:30,[CC] SELL NY,15577.75,2,623110,-59,-0.01,9,0,0.00,-54.5,-0.01,31387,12.55,0
809,Exit short,2021-12-21 09:30,NQ09B SELL NY STOP,15763.25,2,630480,-59,-0.01,9,415.5,0.07,-54.5,-0.01,31328,12.53,0
809,Entry short,2021-12-21 09:30,[CC] SELL NY,15762,2,630480,-59,-0.01,9,415.5,0.07,-54.5,-0.01,31328,12.53,0
810,Exit short,2021-12-22 09:30,NQ09B SELL NY STOP,15963.25,2,638480,-59,-0.01,9,0,0.00,-54.5,-0.01,31269,12.51,0
810,Entry short,2021-12-22 09:30,[CC] SELL NY,15962,2,638480,-59,-0.01,9,0,0.00,-54.5,-0.01,31269,12.51,0
811,Exit short,2021-12-23 09:30,NQ09B SELL NY STOP,16185.5,2,647370,-59,-0.01,9,305.5,0.05,-54.5,-0.01,31210,12.48,0
811,Entry short,2021-12-23 09:30,[CC] SELL NY,16184.25,2,647370,-59,-0.01,9,305.5,0.05,-54.5,-0.01,31210,12.48,0
812,Exit short,2021-12-26 18:00,NQ09B SELL WEEKLY STOP,16305.25,2,652160,-59,-0.01,9,0,0.00,-54.5,-0.01,31151,12.46,0
812,Entry short,2021-12-26 18:00,[CC] SELL WEEKLY,16304,2,652160,-59,-0.01,9,0,0.00,-54.5,-0.01,31151,12.46,0
813,Exit short,2021-12-27 09:30,NQ09B SELL NY STOP,16347.5,2,653850,-59,-0.01,9,65.5,0.01,-54.5,-0.01,31092,12.44,0
813,Entry short,2021-12-27 09:30,[CC] SELL NY,16346.25,2,653850,-59,-0.01,9,65.5,0.01,-54.5,-0.01,31092,12.44,0
814,Exit short,2021-12-28 09:30,NQ09B SELL NY STOP,16602.5,2,664050,-59,-0.01,9,0,0.00,-54.5,-0.01,31033,12.41,0
814,Entry short,2021-12-28 09:30,[CC] SELL NY,16601.25,2,664050,-59,-0.01,9,0,0.00,-54.5,-0.01,31033,12.41,0
815,Exit short,2021-12-29 09:30,NQ09B SELL NY STOP,16497.5,2,659850,-59,-0.01,9,165.5,0.03,-54.5,-0.01,30974,12.39,0
815,Entry short,2021-12-29 09:30,[CC] SELL NY,16496.25,2,659850,-59,-0.01,9,165.5,0.03,-54.5,-0.01,30974,12.39,0
816,Exit short,2021-12-30 09:30,NQ09B SELL NY N130 TP2,16462.5,2,659010,501,0.08,9,505.5,0.08,-14.5,0.00,31475,12.59,0
816,Entry short,2021-12-30 09:30,[CC] SELL NY,16475.25,2,659010,501,0.08,9,505.5,0.08,-14.5,0.00,31475,12.59,0
817,Exit short,2021-12-31 09:30,NQ09B SELL NY STOP,16409,2,656310,-59,-0.01,9,65.5,0.01,-54.5,-0.01,31416,12.57,0
817,Entry short,2021-12-31 09:30,[CC] SELL NY,16407.75,2,656310,-59,-0.01,9,65.5,0.01,-54.5,-0.01,31416,12.57,0
818,Exit short,2022-01-02 18:00,NQ09B SELL WEEKLY STOP,16357,2,654230,-59,-0.01,9,0,0.00,-54.5,-0.01,31357,12.54,0
818,Entry short,2022-01-02 18:00,[CC] SELL WEEKLY,16355.75,2,654230,-59,-0.01,9,0,0.00,-54.5,-0.01,31357,12.54,0
819,Exit short,2022-01-03 09:30,NQ09B SELL NY STOP,16384,2,655310,-59,-0.01,9,175.5,0.03,-54.5,-0.01,31298,12.52,0
819,Entry short,2022-01-03 09:30,[CC] SELL NY,16382.75,2,655310,-59,-0.01,9,175.5,0.03,-54.5,-0.01,31298,12.52,0
820,Exit short,2022-01-04 09:30,NQ09B SELL NY STOP,16510.75,2,660380,-59,-0.01,9,0,0.00,-54.5,-0.01,31239,12.50,0
820,Entry short,2022-01-04 09:30,[CC] SELL NY,16509.5,2,660380,-59,-0.01,9,0,0.00,-54.5,-0.01,31239,12.50,0
821,Exit short,2022-01-05 09:30,NQ09B SELL NY STOP,16201.25,2,648000,-59,-0.01,9,0,0.00,-54.5,-0.01,31180,12.47,0
821,Entry short,2022-01-05 09:30,[CC] SELL NY,16200,2,648000,-59,-0.01,9,0,0.00,-54.5,-0.01,31180,12.47,0
822,Exit short,2022-01-05 18:00,NQ09B SELL WEEKDAY 1800 STOP,15764.75,1,315270,-29.5,-0.01,4.5,0,0.00,-27.25,-0.01,31150.5,12.46,0
822,Entry short,2022-01-05 18:00,[CC] SELL WEAK,15763.5,1,315270,-29.5,-0.01,4.5,0,0.00,-27.25,-0.01,31150.5,12.46,0
823,Exit short,2022-01-06 09:30,NQ09B SELL NY N130 TP2,15678,2,627630,501,0.08,9,505.5,0.08,-14.5,0.00,31651.5,12.66,0
823,Entry short,2022-01-06 09:30,[CC] SELL NY,15690.75,2,627630,501,0.08,9,505.5,0.08,-14.5,0.00,31651.5,12.66,0
824,Exit short,2022-01-06 18:00,NQ09B SELL WEEKDAY 1800 STOP,15802.75,2,632060,-59,-0.01,9,95.5,0.02,-54.5,-0.01,31592.5,12.64,0
824,Entry short,2022-01-06 18:00,[CC] SELL PREMIUM,15801.5,2,632060,-59,-0.01,9,95.5,0.02,-54.5,-0.01,31592.5,12.64,0
825,Exit short,2022-01-07 09:30,NQ09B SELL NY STOP,15758,2,630270,-59,-0.01,9,0,0.00,-54.5,-0.01,31533.5,12.61,0
825,Entry short,2022-01-07 09:30,[CC] SELL NY,15756.75,2,630270,-59,-0.01,9,0,0.00,-54.5,-0.01,31533.5,12.61,0
826,Exit short,2022-01-09 18:00,NQ09B SELL WEEKLY STOP,15591,2,623590,-59,-0.01,9,0,0.00,-54.5,-0.01,31474.5,12.59,0
826,Entry short,2022-01-09 18:00,[CC] SELL WEEKLY,15589.75,2,623590,-59,-0.01,9,0,0.00,-54.5,-0.01,31474.5,12.59,0
827,Exit short,2022-01-10 09:30,NQ09B SELL NY STOP,15378,2,615070,-59,-0.01,9,0,0.00,-54.5,-0.01,31415.5,12.57,0
827,Entry short,2022-01-10 09:30,[CC] SELL NY,15376.75,2,615070,-59,-0.01,9,0,0.00,-54.5,-0.01,31415.5,12.57,0
828,Exit short,2022-01-10 18:00,NQ09B SELL WEEKDAY 1800 STOP,15623.25,1,312440,-29.5,-0.01,4.5,0,0.00,-27.25,-0.01,31386,12.55,0
828,Entry short,2022-01-10 18:00,[CC] SELL WEAK,15622,1,312440,-29.5,-0.01,4.5,0,0.00,-27.25,-0.01,31386,12.55,0
829,Exit short,2022-01-11 09:30,NQ09B SELL NY STOP,15566.5,2,622610,-59,-0.01,9,0,0.00,-54.5,-0.01,31327,12.53,0
829,Entry short,2022-01-11 09:30,[CC] SELL NY,15565.25,2,622610,-59,-0.01,9,0,0.00,-54.5,-0.01,31327,12.53,0
830,Exit short,2022-01-12 09:30,NQ09B SELL NY STOP,15939.5,2,637530,-59,-0.01,9,465.5,0.07,-54.5,-0.01,31268,12.51,0
830,Entry short,2022-01-12 09:30,[CC] SELL NY,15938.25,2,637530,-59,-0.01,9,465.5,0.07,-54.5,-0.01,31268,12.51,0
831,Exit short,2022-01-13 09:30,NQ09B SELL NY STOP,15951.5,2,638010,-59,-0.01,9,0,0.00,-54.5,-0.01,31209,12.48,0
831,Entry short,2022-01-13 09:30,[CC] SELL NY,15950.25,2,638010,-59,-0.01,9,0,0.00,-54.5,-0.01,31209,12.48,0
832,Exit short,2022-01-13 18:00,NQ09B SELL WEEKDAY 1800 STOP,15506,1,310095,-29.5,-0.01,4.5,37.75,0.01,-27.25,-0.01,31179.5,12.47,0
832,Entry short,2022-01-13 18:00,[CC] SELL WEAK,15504.75,1,310095,-29.5,-0.01,4.5,37.75,0.01,-27.25,-0.01,31179.5,12.47,0
833,Exit short,2022-01-14 09:30,NQ09B SELL NY STOP,15390.25,2,615560,-59,-0.01,9,365.5,0.06,-54.5,-0.01,31120.5,12.45,0
833,Entry short,2022-01-14 09:30,[CC] SELL NY,15389,2,615560,-59,-0.01,9,365.5,0.06,-54.5,-0.01,31120.5,12.45,0
834,Exit short,2022-01-16 18:00,NQ09B SELL WEEKLY W80,15608.5,2,624660,311,0.05,9,315.5,0.05,-14.5,0.00,31431.5,12.57,0
834,Entry short,2022-01-16 18:00,[CC] SELL WEEKLY,15616.5,2,624660,311,0.05,9,315.5,0.05,-14.5,0.00,31431.5,12.57,0
835,Exit short,2022-01-17 09:30,NQ09B SELL NY STOP,15598.75,2,623900,-59,-0.01,9,425.5,0.07,-54.5,-0.01,31372.5,12.55,0
835,Entry short,2022-01-17 09:30,[CC] SELL NY,15597.5,2,623900,-59,-0.01,9,425.5,0.07,-54.5,-0.01,31372.5,12.55,0
836,Exit short,2022-01-18 09:30,NQ09B SELL NY STOP,15348.75,2,613900,-59,-0.01,9,0,0.00,-54.5,-0.01,31313.5,12.53,0
836,Entry short,2022-01-18 09:30,[CC] SELL NY,15347.5,2,613900,-59,-0.01,9,0,0.00,-54.5,-0.01,31313.5,12.53,0
837,Exit short,2022-01-19 09:30,NQ09B SELL NY STOP,15268.25,2,610680,-59,-0.01,9,495.5,0.08,-54.5,-0.01,31254.5,12.50,0
837,Entry short,2022-01-19 09:30,[CC] SELL NY,15267,2,610680,-59,-0.01,9,495.5,0.08,-54.5,-0.01,31254.5,12.50,0
838,Exit short,2022-01-19 18:00,NQ09B SELL WEEKDAY 1800 STOP,15043.25,1,300840,-29.5,-0.01,4.5,37.75,0.01,-27.25,-0.01,31225,12.49,0
838,Entry short,2022-01-19 18:00,[CC] SELL WEAK,15042,1,300840,-29.5,-0.01,4.5,37.75,0.01,-27.25,-0.01,31225,12.49,0
839,Exit short,2022-01-20 09:30,NQ09B SELL NY STOP,15169.5,2,606730,-59,-0.01,9,315.5,0.05,-54.5,-0.01,31166,12.47,0
839,Entry short,2022-01-20 09:30,[CC] SELL NY,15168.25,2,606730,-59,-0.01,9,315.5,0.05,-54.5,-0.01,31166,12.47,0
840,Exit short,2022-01-20 18:00,NQ09B SELL WEEKDAY 1800 D80,14713.75,2,588870,311,0.05,9,315.5,0.05,-14.5,0.00,31477,12.59,0
840,Entry short,2022-01-20 18:00,[CC] SELL PREMIUM,14721.75,2,588870,311,0.05,9,315.5,0.05,-14.5,0.00,31477,12.59,0
841,Exit short,2022-01-21 09:30,NQ09B SELL NY N130 TP2,14732.5,2,589810,501,0.08,9,505.5,0.09,-14.5,0.00,31978,12.79,0
841,Entry short,2022-01-21 09:30,[CC] SELL NY,14745.25,2,589810,501,0.08,9,505.5,0.09,-14.5,0.00,31978,12.79,0
842,Exit short,2022-01-23 18:00,NQ09B SELL WEEKLY W80,14401.75,2,576390,311,0.05,9,315.5,0.05,-14.5,0.00,32289,12.92,0
842,Entry short,2022-01-23 18:00,[CC] SELL WEEKLY,14409.75,2,576390,311,0.05,9,315.5,0.05,-14.5,0.00,32289,12.92,0
843,Exit short,2022-01-24 09:30,NQ09B SELL NY STOP,14192,2,567630,-59,-0.01,9,0,0.00,-54.5,-0.01,32230,12.89,0
843,Entry short,2022-01-24 09:30,[CC] SELL NY,14190.75,2,567630,-59,-0.01,9,0,0.00,-54.5,-0.01,32230,12.89,0
844,Exit short,2022-01-24 18:00,NQ09B SELL WEEKDAY 1800 D80,14486.75,1,289895,155.5,0.05,4.5,157.75,0.05,-7.25,0.00,32385.5,12.95,0
844,Entry short,2022-01-24 18:00,[CC] SELL WEAK,14494.75,1,289895,155.5,0.05,4.5,157.75,0.05,-7.25,0.00,32385.5,12.95,0
845,Exit short,2022-01-25 09:30,NQ09B SELL NY N130 TP2,14206.5,2,568770,501,0.09,9,505.5,0.09,-14.5,0.00,32886.5,13.15,0
845,Entry short,2022-01-25 09:30,[CC] SELL NY,14219.25,2,568770,501,0.09,9,505.5,0.09,-14.5,0.00,32886.5,13.15,0
846,Exit short,2022-01-25 18:00,NQ09B SELL WEEKDAY 1800 STOP,13946.5,2,557810,-59,-0.01,9,0,0.00,-54.5,-0.01,32827.5,13.13,0
846,Entry short,2022-01-25 18:00,[CC] SELL PREMIUM,13945.25,2,557810,-59,-0.01,9,0,0.00,-54.5,-0.01,32827.5,13.13,0
847,Exit short,2022-01-26 09:30,NQ09B SELL NY STOP,14476.75,2,579020,-59,-0.01,9,0,0.00,-54.5,-0.01,32768.5,13.11,0
847,Entry short,2022-01-26 09:30,[CC] SELL NY,14475.5,2,579020,-59,-0.01,9,0,0.00,-54.5,-0.01,32768.5,13.11,0
848,Exit short,2022-01-26 18:00,NQ09B SELL WEEKDAY 1800 D80,14185.75,1,283875,155.5,0.05,4.5,157.75,0.06,-7.25,0.00,32924,13.17,0
848,Entry short,2022-01-26 18:00,[CC] SELL WEAK,14193.75,1,283875,155.5,0.05,4.5,157.75,0.06,-7.25,0.00,32924,13.17,0
849,Exit short,2022-01-27 09:30,NQ09B SELL NY STOP,14334,2,573310,-59,-0.01,9,0,0.00,-54.5,-0.01,32865,13.15,0
849,Entry short,2022-01-27 09:30,[CC] SELL NY,14332.75,2,573310,-59,-0.01,9,0,0.00,-54.5,-0.01,32865,13.15,0
850,Exit short,2022-01-27 18:00,NQ09B SELL WEEKDAY 1800 STOP,14168.75,2,566700,-59,-0.01,9,0,0.00,-54.5,-0.01,32806,13.12,0
850,Entry short,2022-01-27 18:00,[CC] SELL PREMIUM,14167.5,2,566700,-59,-0.01,9,0,0.00,-54.5,-0.01,32806,13.12,0
851,Exit short,2022-01-28 09:30,NQ09B SELL NY STOP,14069.5,2,562730,-59,-0.01,9,0,0.00,-54.5,-0.01,32747,13.10,0
851,Entry short,2022-01-28 09:30,[CC] SELL NY,14068.25,2,562730,-59,-0.01,9,0,0.00,-54.5,-0.01,32747,13.10,0
852,Exit short,2022-01-30 18:00,NQ09B SELL WEEKLY STOP,14455,2,578150,-59,-0.01,9,0,0.00,-54.5,-0.01,32688,13.08,0
852,Entry short,2022-01-30 18:00,[CC] SELL WEEKLY,14453.75,2,578150,-59,-0.01,9,0,0.00,-54.5,-0.01,32688,13.08,0
853,Exit short,2022-01-31 09:30,NQ09B SELL NY STOP,14489.25,2,579520,-59,-0.01,9,0,0.00,-54.5,-0.01,32629,13.05,0
853,Entry short,2022-01-31 09:30,[CC] SELL NY,14488,2,579520,-59,-0.01,9,0,0.00,-54.5,-0.01,32629,13.05,0
854,Exit short,2022-02-01 09:30,NQ09B SELL NY STOP,14945,2,597750,-59,-0.01,9,0,0.00,-54.5,-0.01,32570,13.03,0
854,Entry short,2022-02-01 09:30,[CC] SELL NY,14943.75,2,597750,-59,-0.01,9,0,0.00,-54.5,-0.01,32570,13.03,0
855,Exit short,2022-02-01 18:00,NQ09B SELL WEEKDAY 1800 STOP,15130,2,605150,-59,-0.01,9,0,0.00,-54.5,-0.01,32511,13.00,0
855,Entry short,2022-02-01 18:00,[CC] SELL PREMIUM,15128.75,2,605150,-59,-0.01,9,0,0.00,-54.5,-0.01,32511,13.00,0
856,Exit short,2022-02-02 09:30,NQ09B SELL NY STOP,15168.75,2,606700,-59,-0.01,9,0,0.00,-54.5,-0.01,32452,12.98,0
856,Entry short,2022-02-02 09:30,[CC] SELL NY,15167.5,2,606700,-59,-0.01,9,0,0.00,-54.5,-0.01,32452,12.98,0
857,Exit short,2022-02-02 18:00,NQ09B SELL WEEKDAY 1800 STOP,14853.5,2,594090,-59,-0.01,9,0,0.00,-54.5,-0.01,32393,12.96,0
857,Entry short,2022-02-02 18:00,[CC] SELL PREMIUM,14852.25,2,594090,-59,-0.01,9,0,0.00,-54.5,-0.01,32393,12.96,0
858,Exit short,2022-02-03 09:30,NQ09B SELL NY N130 TP2,14691,2,588150,501,0.09,9,505.5,0.09,-14.5,0.00,32894,13.16,0
858,Entry short,2022-02-03 09:30,[CC] SELL NY,14703.75,2,588150,501,0.09,9,505.5,0.09,-14.5,0.00,32894,13.16,0
859,Exit short,2022-02-03 18:00,NQ09B SELL WEEKDAY 1800 STOP,14771,2,590790,-59,-0.01,9,0,0.00,-54.5,-0.01,32835,13.13,0
859,Entry short,2022-02-03 18:00,[CC] SELL PREMIUM,14769.75,2,590790,-59,-0.01,9,0,0.00,-54.5,-0.01,32835,13.13,0
860,Exit short,2022-02-04 09:30,NQ09B SELL NY STOP,14520.25,2,580760,-59,-0.01,9,0,0.00,-54.5,-0.01,32776,13.11,0
860,Entry short,2022-02-04 09:30,[CC] SELL NY,14519,2,580760,-59,-0.01,9,0,0.00,-54.5,-0.01,32776,13.11,0
861,Exit short,2022-02-06 18:00,NQ09B SELL WEEKLY STOP,14683.5,2,587290,-59,-0.01,9,0,0.00,-54.5,-0.01,32717,13.09,0
861,Entry short,2022-02-06 18:00,[CC] SELL WEEKLY,14682.25,2,587290,-59,-0.01,9,0,0.00,-54.5,-0.01,32717,13.09,0
862,Exit short,2022-02-07 09:30,NQ09B SELL NY STOP,14709.25,2,588320,-59,-0.01,9,0,0.00,-54.5,-0.01,32658,13.06,0
862,Entry short,2022-02-07 09:30,[CC] SELL NY,14708,2,588320,-59,-0.01,9,0,0.00,-54.5,-0.01,32658,13.06,0
863,Exit short,2022-02-08 09:30,NQ09B SELL NY N130 TP2,14503.25,2,580640,501,0.09,9,505.5,0.09,-14.5,0.00,33159,13.26,0
863,Entry short,2022-02-08 09:30,[CC] SELL NY,14516,2,580640,501,0.09,9,505.5,0.09,-14.5,0.00,33159,13.26,0
864,Exit short,2022-02-09 09:30,NQ09B SELL NY STOP,14920,2,596750,-59,-0.01,9,0,0.00,-54.5,-0.01,33100,13.24,0
864,Entry short,2022-02-09 09:30,[CC] SELL NY,14918.75,2,596750,-59,-0.01,9,0,0.00,-54.5,-0.01,33100,13.24,0
865,Exit short,2022-02-10 09:30,NQ09B SELL NY STOP,14743.25,2,589680,-59,-0.01,9,275.5,0.05,-54.5,-0.01,33041,13.22,0
865,Entry short,2022-02-10 09:30,[CC] SELL NY,14742,2,589680,-59,-0.01,9,275.5,0.05,-54.5,-0.01,33041,13.22,0
866,Exit short,2022-02-10 18:00,NQ09B SELL WEEKDAY 1800 STOP,14699.25,1,293960,-29.5,-0.01,4.5,0,0.00,-27.25,-0.01,33011.5,13.20,0
866,Entry short,2022-02-10 18:00,[CC] SELL WEAK,14698,1,293960,-29.5,-0.01,4.5,0,0.00,-27.25,-0.01,33011.5,13.20,0
867,Exit short,2022-02-11 09:30,NQ09B SELL NY STOP,14701.75,2,588020,-59,-0.01,9,95.5,0.02,-54.5,-0.01,32952.5,13.18,0
867,Entry short,2022-02-11 09:30,[CC] SELL NY,14700.5,2,588020,-59,-0.01,9,95.5,0.02,-54.5,-0.01,32952.5,13.18,0
868,Exit short,2022-02-13 18:00,NQ09B SELL WEEKLY STOP,14251,2,569990,-59,-0.01,9,0,0.00,-54.5,-0.01,32893.5,13.16,0
868,Entry short,2022-02-13 18:00,[CC] SELL WEEKLY,14249.75,2,569990,-59,-0.01,9,0,0.00,-54.5,-0.01,32893.5,13.16,0
869,Exit short,2022-02-14 09:30,NQ09B SELL NY N130 TP2,14196.25,2,568360,501,0.09,9,505.5,0.09,-14.5,0.00,33394.5,13.36,0
869,Entry short,2022-02-14 09:30,[CC] SELL NY,14209,2,568360,501,0.09,9,505.5,0.09,-14.5,0.00,33394.5,13.36,0
870,Exit short,2022-02-15 09:30,NQ09B SELL NY N130 TP2,14459.25,2,578880,501,0.09,9,505.5,0.09,-14.5,0.00,33895.5,13.56,0
870,Entry short,2022-02-15 09:30,[CC] SELL NY,14472,2,578880,501,0.09,9,505.5,0.09,-14.5,0.00,33895.5,13.56,0
871,Exit short,2022-02-15 18:00,NQ09B SELL WEEKDAY 1800 STOP,14589,1,291755,-29.5,-0.01,4.5,0,0.00,-27.25,-0.01,33866,13.55,0
871,Entry short,2022-02-15 18:00,[CC] SELL WEAK,14587.75,1,291755,-29.5,-0.01,4.5,0,0.00,-27.25,-0.01,33866,13.55,0
872,Exit short,2022-02-16 09:30,NQ09B SELL NY STOP,14515,2,580550,-59,-0.01,9,0,0.00,-54.5,-0.01,33807,13.52,0
872,Entry short,2022-02-16 09:30,[CC] SELL NY,14513.75,2,580550,-59,-0.01,9,0,0.00,-54.5,-0.01,33807,13.52,0
873,Exit short,2022-02-16 18:00,NQ09B SELL WEEKDAY 1800 D80,14584,1,291840,155.5,0.05,4.5,157.75,0.05,-7.25,0.00,33962.5,13.59,0
873,Entry short,2022-02-16 18:00,[CC] SELL WEAK,14592,1,291840,155.5,0.05,4.5,157.75,0.05,-7.25,0.00,33962.5,13.59,0
874,Exit short,2022-02-17 09:30,NQ09B SELL NY N130 TP2,14449.5,2,578490,501,0.09,9,505.5,0.09,-14.5,0.00,34463.5,13.79,0
874,Entry short,2022-02-17 09:30,[CC] SELL NY,14462.25,2,578490,501,0.09,9,505.5,0.09,-14.5,0.00,34463.5,13.79,0
875,Exit short,2022-02-18 09:30,NQ09B SELL NY STOP,14205.5,2,568170,-59,-0.01,9,0,0.00,-54.5,-0.01,34404.5,13.76,0
875,Entry short,2022-02-18 09:30,[CC] SELL NY,14204.25,2,568170,-59,-0.01,9,0,0.00,-54.5,-0.01,34404.5,13.76,0
876,Exit short,2022-02-20 18:00,NQ09B SELL WEEKLY STOP,13953.75,2,558100,-59,-0.01,9,0,0.00,-54.5,-0.01,34345.5,13.74,0
876,Entry short,2022-02-20 18:00,[CC] SELL WEEKLY,13952.5,2,558100,-59,-0.01,9,0,0.00,-54.5,-0.01,34345.5,13.74,0
877,Exit short,2022-02-21 09:30,NQ09B SELL NY STOP,13863.25,2,554480,-59,-0.01,9,45.5,0.01,-54.5,-0.01,34286.5,13.71,0
877,Entry short,2022-02-21 09:30,[CC] SELL NY,13862,2,554480,-59,-0.01,9,45.5,0.01,-54.5,-0.01,34286.5,13.71,0
878,Exit short,2022-02-22 09:30,NQ09B SELL NY STOP,13881.75,2,555220,-59,-0.01,9,405.5,0.07,-54.5,-0.01,34227.5,13.69,0
878,Entry short,2022-02-22 09:30,[CC] SELL NY,13880.5,2,555220,-59,-0.01,9,405.5,0.07,-54.5,-0.01,34227.5,13.69,0
879,Exit short,2022-02-22 18:00,NQ09B SELL WEEKDAY 1800 D80,13920,1,278560,155.5,0.06,4.5,157.75,0.06,-7.25,0.00,34383,13.75,0
879,Entry short,2022-02-22 18:00,[CC] SELL WEAK,13928,1,278560,155.5,0.06,4.5,157.75,0.06,-7.25,0.00,34383,13.75,0
880,Exit short,2022-02-23 09:30,NQ09B SELL NY N130 TP2,13982.5,2,559810,501,0.09,9,505.5,0.09,-14.5,0.00,34884,13.95,0
880,Entry short,2022-02-23 09:30,[CC] SELL NY,13995.25,2,559810,501,0.09,9,505.5,0.09,-14.5,0.00,34884,13.95,0
881,Exit short,2022-02-23 18:00,NQ09B SELL WEEKDAY 1800 STOP,13485.25,1,269680,-29.5,-0.01,4.5,72.75,0.03,-27.25,-0.01,34854.5,13.94,0
881,Entry short,2022-02-23 18:00,[CC] SELL WEAK,13484,1,269680,-29.5,-0.01,4.5,72.75,0.03,-27.25,-0.01,34854.5,13.94,0
882,Exit short,2022-02-24 09:30,NQ09B SELL NY N130 TP2,13060.75,2,522940,501,0.10,9,505.5,0.10,-14.5,0.00,35355.5,14.14,0
882,Entry short,2022-02-24 09:30,[CC] SELL NY,13073.5,2,522940,501,0.10,9,505.5,0.10,-14.5,0.00,35355.5,14.14,0
883,Exit short,2022-02-24 18:00,NQ09B SELL WEEKDAY 1800 STOP,13910.5,1,278185,-29.5,-0.01,4.5,0,0.00,-27.25,-0.01,35326,14.13,0
883,Entry short,2022-02-24 18:00,[CC] SELL WEAK,13909.25,1,278185,-29.5,-0.01,4.5,0,0.00,-27.25,-0.01,35326,14.13,0
884,Exit short,2022-02-25 09:30,NQ09B SELL NY STOP,13995.5,2,559770,-59,-0.01,9,0,0.00,-54.5,-0.01,35267,14.11,0
884,Entry short,2022-02-25 09:30,[CC] SELL NY,13994.25,2,559770,-59,-0.01,9,0,0.00,-54.5,-0.01,35267,14.11,0
885,Exit short,2022-02-27 18:00,NQ09B SELL WEEKLY W80,13892,2,556000,311,0.06,9,315.5,0.06,-14.5,0.00,35578,14.23,0
885,Entry short,2022-02-27 18:00,[CC] SELL WEEKLY,13900,2,556000,311,0.06,9,315.5,0.06,-14.5,0.00,35578,14.23,0
886,Exit short,2022-02-28 09:30,NQ09B SELL NY STOP,14043,2,561670,-59,-0.01,9,335.5,0.06,-54.5,-0.01,35519,14.21,0
886,Entry short,2022-02-28 09:30,[CC] SELL NY,14041.75,2,561670,-59,-0.01,9,335.5,0.06,-54.5,-0.01,35519,14.21,0
887,Exit short,2022-03-01 09:30,NQ09B SELL NY N130 TP2,14162,2,566990,501,0.09,9,505.5,0.09,-14.5,0.00,36020,14.41,0
887,Entry short,2022-03-01 09:30,[CC] SELL NY,14174.75,2,566990,501,0.09,9,505.5,0.09,-14.5,0.00,36020,14.41,0
888,Exit short,2022-03-02 09:30,NQ09B SELL NY STOP,14068.5,2,562690,-59,-0.01,9,0,0.00,-54.5,-0.01,35961,14.38,0
888,Entry short,2022-03-02 09:30,[CC] SELL NY,14067.25,2,562690,-59,-0.01,9,0,0.00,-54.5,-0.01,35961,14.38,0
889,Exit short,2022-03-02 18:00,NQ09B SELL WEEKDAY 1800 D80,14188.25,2,567850,311,0.05,9,315.5,0.06,-14.5,0.00,36272,14.51,0
889,Entry short,2022-03-02 18:00,[CC] SELL PREMIUM,14196.25,2,567850,311,0.05,9,315.5,0.06,-14.5,0.00,36272,14.51,0
890,Exit short,2022-03-03 09:30,NQ09B SELL NY STOP,14351.5,2,574010,-59,-0.01,9,0,0.00,-54.5,-0.01,36213,14.49,0
890,Entry short,2022-03-03 09:30,[CC] SELL NY,14350.25,2,574010,-59,-0.01,9,0,0.00,-54.5,-0.01,36213,14.49,0
891,Exit short,2022-03-04 09:30,NQ09B SELL NY STOP,13936,2,557390,-59,-0.01,9,0,0.00,-54.5,-0.01,36154,14.46,0
891,Entry short,2022-03-04 09:30,[CC] SELL NY,13934.75,2,557390,-59,-0.01,9,0,0.00,-54.5,-0.01,36154,14.46,0
892,Exit short,2022-03-06 18:00,NQ09B SELL WEEKLY W80,13755.25,2,550530,311,0.06,9,315.5,0.06,-14.5,0.00,36465,14.59,0
892,Entry short,2022-03-06 18:00,[CC] SELL WEEKLY,13763.25,2,550530,311,0.06,9,315.5,0.06,-14.5,0.00,36465,14.59,0
893,Exit short,2022-03-07 09:30,NQ09B SELL NY N130 TP2,13818,2,553230,501,0.09,9,505.5,0.09,-14.5,0.00,36966,14.79,0
893,Entry short,2022-03-07 09:30,[CC] SELL NY,13830.75,2,553230,501,0.09,9,505.5,0.09,-14.5,0.00,36966,14.79,0
894,Exit short,2022-03-07 18:00,NQ09B SELL WEEKDAY 1800 STOP,13284,1,265655,-29.5,-0.01,4.5,0,0.00,-27.25,-0.01,36936.5,14.77,0
894,Entry short,2022-03-07 18:00,[CC] SELL WEAK,13282.75,1,265655,-29.5,-0.01,4.5,0,0.00,-27.25,-0.01,36936.5,14.77,0
895,Exit short,2022-03-08 09:30,NQ09B SELL NY STOP,13287.25,2,531440,-59,-0.01,9,0,0.00,-54.5,-0.01,36877.5,14.75,0
895,Entry short,2022-03-08 09:30,[CC] SELL NY,13286,2,531440,-59,-0.01,9,0,0.00,-54.5,-0.01,36877.5,14.75,0
896,Exit short,2022-03-09 09:30,NQ09B SELL NY STOP,13604.25,2,544120,-59,-0.01,9,0,0.00,-54.5,-0.01,36818.5,14.73,0
896,Entry short,2022-03-09 09:30,[CC] SELL NY,13603,2,544120,-59,-0.01,9,0,0.00,-54.5,-0.01,36818.5,14.73,0
897,Exit short,2022-03-09 18:00,NQ09B SELL WEEKDAY 1800 D80,13769.75,1,275555,155.5,0.06,4.5,157.75,0.06,-7.25,0.00,36974,14.79,0
897,Entry short,2022-03-09 18:00,[CC] SELL WEAK,13777.75,1,275555,155.5,0.06,4.5,157.75,0.06,-7.25,0.00,36974,14.79,0
898,Exit short,2022-03-10 09:30,NQ09B SELL NY STOP,13566,2,542590,-59,-0.01,9,0,0.00,-54.5,-0.01,36915,14.77,0
898,Entry short,2022-03-10 09:30,[CC] SELL NY,13564.75,2,542590,-59,-0.01,9,0,0.00,-54.5,-0.01,36915,14.77,0
899,Exit short,2022-03-11 09:30,NQ09B SELL NY STOP,13712,2,548430,-59,-0.01,9,0,0.00,-54.5,-0.01,36856,14.74,0
899,Entry short,2022-03-11 09:30,[CC] SELL NY,13710.75,2,548430,-59,-0.01,9,0,0.00,-54.5,-0.01,36856,14.74,0
900,Exit short,2022-03-13 18:00,NQ09B SELL WEEKLY W80,13353.75,2,534470,311,0.06,9,315.5,0.06,-14.5,0.00,37167,14.87,0
900,Entry short,2022-03-13 18:00,[CC] SELL WEEKLY,13361.75,2,534470,311,0.06,9,315.5,0.06,-14.5,0.00,37167,14.87,0
901,Exit short,2022-03-14 09:30,NQ09B SELL NY N130 TP2,13237.5,2,530010,501,0.09,9,505.5,0.10,-14.5,0.00,37668,15.07,0
901,Entry short,2022-03-14 09:30,[CC] SELL NY,13250.25,2,530010,501,0.09,9,505.5,0.10,-14.5,0.00,37668,15.07,0
902,Exit short,2022-03-15 09:30,NQ09B SELL NY STOP,13156.5,2,526210,-59,-0.01,9,205.5,0.04,-54.5,-0.01,37609,15.04,0
902,Entry short,2022-03-15 09:30,[CC] SELL NY,13155.25,2,526210,-59,-0.01,9,205.5,0.04,-54.5,-0.01,37609,15.04,0
903,Exit short,2022-03-16 09:30,NQ09B SELL NY STOP,13619.75,2,544740,-59,-0.01,9,245.5,0.05,-54.5,-0.01,37550,15.02,0
903,Entry short,2022-03-16 09:30,[CC] SELL NY,13618.5,2,544740,-59,-0.01,9,245.5,0.05,-54.5,-0.01,37550,15.02,0
904,Exit short,2022-03-16 18:00,NQ09B SELL WEEKDAY 1800 STOP,13992,2,559630,-59,-0.01,9,0,0.00,-54.5,-0.01,37491,15.00,0
904,Entry short,2022-03-16 18:00,[CC] SELL PREMIUM,13990.75,2,559630,-59,-0.01,9,0,0.00,-54.5,-0.01,37491,15.00,0
905,Exit short,2022-03-17 09:30,NQ09B SELL NY STOP,13873.25,2,554880,-59,-0.01,9,0,0.00,-54.5,-0.01,37432,14.97,0
905,Entry short,2022-03-17 09:30,[CC] SELL NY,13872,2,554880,-59,-0.01,9,0,0.00,-54.5,-0.01,37432,14.97,0
906,Exit short,2022-03-17 18:00,NQ09B SELL WEEKDAY 1800 STOP,14057.75,2,562260,-59,-0.01,9,155.5,0.03,-54.5,-0.01,37373,14.95,0
906,Entry short,2022-03-17 18:00,[CC] SELL PREMIUM,14056.5,2,562260,-59,-0.01,9,155.5,0.03,-54.5,-0.01,37373,14.95,0
907,Exit short,2022-03-18 09:30,NQ09B SELL NY STOP,14047.5,2,561850,-59,-0.01,9,0,0.00,-54.5,-0.01,37314,14.93,0
907,Entry short,2022-03-18 09:30,[CC] SELL NY,14046.25,2,561850,-59,-0.01,9,0,0.00,-54.5,-0.01,37314,14.93,0
908,Exit short,2022-03-20 18:00,NQ09B SELL WEEKLY STOP,14405,2,576150,-59,-0.01,9,55.5,0.01,-54.5,-0.01,37255,14.90,0
908,Entry short,2022-03-20 18:00,[CC] SELL WEEKLY,14403.75,2,576150,-59,-0.01,9,55.5,0.01,-54.5,-0.01,37255,14.90,0
909,Exit short,2022-03-21 09:30,NQ09B SELL NY N130 TP2,14358.5,2,574850,501,0.09,9,505.5,0.09,-14.5,0.00,37756,15.10,0
909,Entry short,2022-03-21 09:30,[CC] SELL NY,14371.25,2,574850,501,0.09,9,505.5,0.09,-14.5,0.00,37756,15.10,0
910,Exit short,2022-03-22 09:30,NQ09B SELL NY N130 TP2,14377.5,2,575610,501,0.09,9,505.5,0.09,-14.5,0.00,38257,15.30,0
910,Entry short,2022-03-22 09:30,[CC] SELL NY,14390.25,2,575610,501,0.09,9,505.5,0.09,-14.5,0.00,38257,15.30,0
911,Exit short,2022-03-23 09:30,NQ09B SELL NY STOP,14532.75,2,581260,-59,-0.01,9,0,0.00,-54.5,-0.01,38198,15.28,0
911,Entry short,2022-03-23 09:30,[CC] SELL NY,14531.5,2,581260,-59,-0.01,9,0,0.00,-54.5,-0.01,38198,15.28,0
912,Exit short,2022-03-24 09:30,NQ09B SELL NY STOP,14524.75,2,580940,-59,-0.01,9,0,0.00,-54.5,-0.01,38139,15.26,0
912,Entry short,2022-03-24 09:30,[CC] SELL NY,14523.5,2,580940,-59,-0.01,9,0,0.00,-54.5,-0.01,38139,15.26,0
913,Exit short,2022-03-25 09:30,NQ09B SELL NY N130 TP2,14750.25,2,590520,501,0.08,9,505.5,0.09,-14.5,0.00,38640,15.46,0
913,Entry short,2022-03-25 09:30,[CC] SELL NY,14763,2,590520,501,0.08,9,505.5,0.09,-14.5,0.00,38640,15.46,0
914,Exit short,2022-03-27 18:00,NQ09B SELL WEEKLY STOP,14757,2,590230,-59,-0.01,9,0,0.00,-54.5,-0.01,38581,15.43,0
914,Entry short,2022-03-27 18:00,[CC] SELL WEEKLY,14755.75,2,590230,-59,-0.01,9,0,0.00,-54.5,-0.01,38581,15.43,0
915,Exit short,2022-03-28 09:30,NQ09B SELL NY STOP,14754.25,2,590120,-59,-0.01,9,125.5,0.02,-54.5,-0.01,38522,15.41,0
915,Entry short,2022-03-28 09:30,[CC] SELL NY,14753,2,590120,-59,-0.01,9,125.5,0.02,-54.5,-0.01,38522,15.41,0
916,Exit short,2022-03-29 09:30,NQ09B SELL NY STOP,15148.75,2,605900,-59,-0.01,9,415.5,0.07,-54.5,-0.01,38463,15.39,0
916,Entry short,2022-03-29 09:30,[CC] SELL NY,15147.5,2,605900,-59,-0.01,9,415.5,0.07,-54.5,-0.01,38463,15.39,0
917,Exit short,2022-03-30 09:30,NQ09B SELL NY STOP,15167,2,606630,-59,-0.01,9,55.5,0.01,-54.5,-0.01,38404,15.36,0
917,Entry short,2022-03-30 09:30,[CC] SELL NY,15165.75,2,606630,-59,-0.01,9,55.5,0.01,-54.5,-0.01,38404,15.36,0
918,Exit short,2022-03-31 09:30,NQ09B SELL NY STOP,15081.25,2,603200,-59,-0.01,9,0,0.00,-54.5,-0.01,38345,15.34,0
918,Entry short,2022-03-31 09:30,[CC] SELL NY,15080,2,603200,-59,-0.01,9,0,0.00,-54.5,-0.01,38345,15.34,0
919,Exit short,2022-04-01 09:30,NQ09B SELL NY N130 TP2,14886.25,2,595960,501,0.08,9,505.5,0.08,-14.5,0.00,38846,15.54,0
919,Entry short,2022-04-01 09:30,[CC] SELL NY,14899,2,595960,501,0.08,9,505.5,0.08,-14.5,0.00,38846,15.54,0
920,Exit short,2022-04-03 18:00,NQ09B SELL WEEKLY STOP,14847,2,593830,-59,-0.01,9,145.5,0.02,-54.5,-0.01,38787,15.51,0
920,Entry short,2022-04-03 18:00,[CC] SELL WEEKLY,14845.75,2,593830,-59,-0.01,9,145.5,0.02,-54.5,-0.01,38787,15.51,0
921,Exit short,2022-04-04 09:30,NQ09B SELL NY STOP,14896.25,2,595800,-59,-0.01,9,455.5,0.08,-54.5,-0.01,38728,15.49,0
921,Entry short,2022-04-04 09:30,[CC] SELL NY,14895,2,595800,-59,-0.01,9,455.5,0.08,-54.5,-0.01,38728,15.49,0
922,Exit short,2022-04-05 09:30,NQ09B SELL NY STOP,15106.25,2,604200,-59,-0.01,9,365.5,0.06,-54.5,-0.01,38669,15.47,0
922,Entry short,2022-04-05 09:30,[CC] SELL NY,15105,2,604200,-59,-0.01,9,365.5,0.06,-54.5,-0.01,38669,15.47,0
923,Exit short,2022-04-06 09:30,NQ09B SELL NY STOP,14603.75,2,584100,-59,-0.01,9,375.5,0.06,-54.5,-0.01,38610,15.44,0
923,Entry short,2022-04-06 09:30,[CC] SELL NY,14602.5,2,584100,-59,-0.01,9,375.5,0.06,-54.5,-0.01,38610,15.44,0
924,Exit short,2022-04-07 09:30,NQ09B SELL NY STOP,14468.25,2,578680,-59,-0.01,9,305.5,0.05,-54.5,-0.01,38551,15.42,0
924,Entry short,2022-04-07 09:30,[CC] SELL NY,14467,2,578680,-59,-0.01,9,305.5,0.05,-54.5,-0.01,38551,15.42,0
925,Exit short,2022-04-08 09:30,NQ09B SELL NY STOP,14469,2,578710,-59,-0.01,9,0,0.00,-54.5,-0.01,38492,15.40,0
925,Entry short,2022-04-08 09:30,[CC] SELL NY,14467.75,2,578710,-59,-0.01,9,0,0.00,-54.5,-0.01,38492,15.40,0
926,Exit short,2022-04-10 18:00,NQ09B SELL WEEKLY STOP,14346,2,573790,-59,-0.01,9,155.5,0.03,-54.5,-0.01,38433,15.37,0
926,Entry short,2022-04-10 18:00,[CC] SELL WEEKLY,14344.75,2,573790,-59,-0.01,9,155.5,0.03,-54.5,-0.01,38433,15.37,0
927,Exit short,2022-04-11 09:30,NQ09B SELL NY STOP,14159.25,2,566320,-59,-0.01,9,0,0.00,-54.5,-0.01,38374,15.35,0
927,Entry short,2022-04-11 09:30,[CC] SELL NY,14158,2,566320,-59,-0.01,9,0,0.00,-54.5,-0.01,38374,15.35,0
928,Exit short,2022-04-12 09:30,NQ09B SELL NY STOP,14200.75,2,567980,-59,-0.01,9,0,0.00,-54.5,-0.01,38315,15.33,0
928,Entry short,2022-04-12 09:30,[CC] SELL NY,14199.5,2,567980,-59,-0.01,9,0,0.00,-54.5,-0.01,38315,15.33,0
929,Exit short,2022-04-13 09:30,NQ09B SELL NY STOP,13953.75,2,558100,-59,-0.01,9,0,0.00,-54.5,-0.01,38256,15.30,0
929,Entry short,2022-04-13 09:30,[CC] SELL NY,13952.5,2,558100,-59,-0.01,9,0,0.00,-54.5,-0.01,38256,15.30,0
930,Exit short,2022-04-14 09:30,NQ09B SELL NY STOP,14225,2,568950,-59,-0.01,9,0,0.00,-54.5,-0.01,38197,15.28,0
930,Entry short,2022-04-14 09:30,[CC] SELL NY,14223.75,2,568950,-59,-0.01,9,0,0.00,-54.5,-0.01,38197,15.28,0
931,Exit short,2022-04-17 18:00,NQ09B SELL WEEKLY STOP,13893,2,555670,-59,-0.01,9,0,0.00,-54.5,-0.01,38138,15.26,0
931,Entry short,2022-04-17 18:00,[CC] SELL WEEKLY,13891.75,2,555670,-59,-0.01,9,0,0.00,-54.5,-0.01,38138,15.26,0
932,Exit short,2022-04-18 09:30,NQ09B SELL NY STOP,13851.25,2,554000,-59,-0.01,9,45.5,0.01,-54.5,-0.01,38079,15.23,0
932,Entry short,2022-04-18 09:30,[CC] SELL NY,13850,2,554000,-59,-0.01,9,45.5,0.01,-54.5,-0.01,38079,15.23,0
933,Exit short,2022-04-19 09:30,NQ09B SELL NY N130 TP2,13862.5,2,555010,501,0.09,9,505.5,0.09,-14.5,0.00,38580,15.43,0
933,Entry short,2022-04-19 09:30,[CC] SELL NY,13875.25,2,555010,501,0.09,9,505.5,0.09,-14.5,0.00,38580,15.43,0
934,Exit short,2022-04-20 09:30,NQ09B SELL NY STOP,14252.75,2,570060,-59,-0.01,9,0,0.00,-54.5,-0.01,38521,15.41,0
934,Entry short,2022-04-20 09:30,[CC] SELL NY,14251.5,2,570060,-59,-0.01,9,0,0.00,-54.5,-0.01,38521,15.41,0
935,Exit short,2022-04-20 18:00,NQ09B SELL WEEKDAY 1800 STOP,14071,2,562790,-59,-0.01,9,255.5,0.05,-54.5,-0.01,38462,15.38,0
935,Entry short,2022-04-20 18:00,[CC] SELL PREMIUM,14069.75,2,562790,-59,-0.01,9,255.5,0.05,-54.5,-0.01,38462,15.38,0
936,Exit short,2022-04-21 09:30,NQ09B SELL NY STOP,14173.5,2,566890,-59,-0.01,9,305.5,0.05,-54.5,-0.01,38403,15.36,0
936,Entry short,2022-04-21 09:30,[CC] SELL NY,14172.25,2,566890,-59,-0.01,9,305.5,0.05,-54.5,-0.01,38403,15.36,0
937,Exit short,2022-04-22 09:30,NQ09B SELL NY N130 TP2,13712.5,2,549010,501,0.09,9,505.5,0.09,-14.5,0.00,38904,15.56,0
937,Entry short,2022-04-22 09:30,[CC] SELL NY,13725.25,2,549010,501,0.09,9,505.5,0.09,-14.5,0.00,38904,15.56,0
938,Exit short,2022-04-24 18:00,NQ09B SELL WEEKLY STOP,13335.25,2,533360,-59,-0.01,9,0,0.00,-54.5,-0.01,38845,15.54,0
938,Entry short,2022-04-24 18:00,[CC] SELL WEEKLY,13334,2,533360,-59,-0.01,9,0,0.00,-54.5,-0.01,38845,15.54,0
939,Exit short,2022-04-25 09:30,NQ09B SELL NY N130 TP2,13276,2,531550,501,0.09,9,505.5,0.10,-14.5,0.00,39346,15.74,0
939,Entry short,2022-04-25 09:30,[CC] SELL NY,13288.75,2,531550,501,0.09,9,505.5,0.10,-14.5,0.00,39346,15.74,0
940,Exit short,2022-04-26 09:30,NQ09B SELL NY STOP,13444.25,2,537720,-59,-0.01,9,0,0.00,-54.5,-0.01,39287,15.71,0
940,Entry short,2022-04-26 09:30,[CC] SELL NY,13443,2,537720,-59,-0.01,9,0,0.00,-54.5,-0.01,39287,15.71,0
941,Exit short,2022-04-26 18:00,NQ09B SELL WEEKDAY 1800 STOP,12882,2,515230,-59,-0.01,9,95.5,0.02,-54.5,-0.01,39228,15.69,0
941,Entry short,2022-04-26 18:00,[CC] SELL PREMIUM,12880.75,2,515230,-59,-0.01,9,95.5,0.02,-54.5,-0.01,39228,15.69,0
942,Exit short,2022-04-27 09:30,NQ09B SELL NY STOP,13022.75,2,520860,-59,-0.01,9,455.5,0.09,-54.5,-0.01,39169,15.67,0
942,Entry short,2022-04-27 09:30,[CC] SELL NY,13021.5,2,520860,-59,-0.01,9,455.5,0.09,-54.5,-0.01,39169,15.67,0
943,Exit short,2022-04-27 18:00,NQ09B SELL WEEKDAY 1800 STOP,13192,2,527630,-59,-0.01,9,0,0.00,-54.5,-0.01,39110,15.64,0
943,Entry short,2022-04-27 18:00,[CC] SELL PREMIUM,13190.75,2,527630,-59,-0.01,9,0,0.00,-54.5,-0.01,39110,15.64,0
944,Exit short,2022-04-28 09:30,NQ09B SELL NY N130 TP2,13199.75,2,528500,501,0.09,9,505.5,0.10,-14.5,0.00,39611,15.84,0
944,Entry short,2022-04-28 09:30,[CC] SELL NY,13212.5,2,528500,501,0.09,9,505.5,0.10,-14.5,0.00,39611,15.84,0
945,Exit short,2022-04-28 18:00,NQ09B SELL WEEKDAY 1800 STOP,13220.5,2,528770,-59,-0.01,9,0,0.00,-54.5,-0.01,39552,15.82,0
945,Entry short,2022-04-28 18:00,[CC] SELL PREMIUM,13219.25,2,528770,-59,-0.01,9,0,0.00,-54.5,-0.01,39552,15.82,0
946,Exit short,2022-04-29 09:30,NQ09B SELL NY N130 TP2,13274.5,2,531490,501,0.09,9,505.5,0.10,-14.5,0.00,40053,16.02,0
946,Entry short,2022-04-29 09:30,[CC] SELL NY,13287.25,2,531490,501,0.09,9,505.5,0.10,-14.5,0.00,40053,16.02,0
947,Exit short,2022-05-01 18:00,NQ09B SELL WEEKLY STOP,12893.25,2,515680,-59,-0.01,9,0,0.00,-54.5,-0.01,39994,16.00,0
947,Entry short,2022-05-01 18:00,[CC] SELL WEEKLY,12892,2,515680,-59,-0.01,9,0,0.00,-54.5,-0.01,39994,16.00,0
948,Exit short,2022-05-02 09:30,NQ09B SELL NY N130 TP2,12827.75,2,513620,501,0.10,9,505.5,0.10,-14.5,0.00,40495,16.20,0
948,Entry short,2022-05-02 09:30,[CC] SELL NY,12840.5,2,513620,501,0.10,9,505.5,0.10,-14.5,0.00,40495,16.20,0
949,Exit short,2022-05-03 09:30,NQ09B SELL NY STOP,13074.25,2,522920,-59,-0.01,9,0,0.00,-54.5,-0.01,40436,16.17,0
949,Entry short,2022-05-03 09:30,[CC] SELL NY,13073,2,522920,-59,-0.01,9,0,0.00,-54.5,-0.01,40436,16.17,0
950,Exit short,2022-05-03 18:00,NQ09B SELL WEEKDAY 1800 D80,13112.75,1,262415,155.5,0.06,4.5,157.75,0.06,-12.25,0.00,40591.5,16.24,0
950,Entry short,2022-05-03 18:00,[CC] SELL WEAK,13120.75,1,262415,155.5,0.06,4.5,157.75,0.06,-12.25,0.00,40591.5,16.24,0
951,Exit short,2022-05-04 09:30,NQ09B SELL NY STOP,13107.75,2,524260,-59,-0.01,9,0,0.00,-54.5,-0.01,40532.5,16.21,0
951,Entry short,2022-05-04 09:30,[CC] SELL NY,13106.5,2,524260,-59,-0.01,9,0,0.00,-54.5,-0.01,40532.5,16.21,0
952,Exit short,2022-05-05 09:30,NQ09B SELL NY STOP,13343.5,2,533690,-59,-0.01,9,0,0.00,-54.5,-0.01,40473.5,16.19,0
952,Entry short,2022-05-05 09:30,[CC] SELL NY,13342.25,2,533690,-59,-0.01,9,0,0.00,-54.5,-0.01,40473.5,16.19,0
953,Exit short,2022-05-05 18:00,NQ09B SELL WEEKDAY 1800 STOP,12884.25,2,515320,-59,-0.01,9,0,0.00,-54.5,-0.01,40414.5,16.17,0
953,Entry short,2022-05-05 18:00,[CC] SELL PREMIUM,12883,2,515320,-59,-0.01,9,0,0.00,-54.5,-0.01,40414.5,16.17,0
954,Exit short,2022-05-06 09:30,NQ09B SELL NY STOP,12761,2,510390,-59,-0.01,9,0,0.00,-54.5,-0.01,40355.5,16.14,0
954,Entry short,2022-05-06 09:30,[CC] SELL NY,12759.75,2,510390,-59,-0.01,9,0,0.00,-54.5,-0.01,40355.5,16.14,0
955,Exit short,2022-05-08 18:00,NQ09B SELL WEEKLY STOP,12606,2,504190,-59,-0.01,9,0,0.00,-54.5,-0.01,40296.5,16.12,0
955,Entry short,2022-05-08 18:00,[CC] SELL WEEKLY,12604.75,2,504190,-59,-0.01,9,0,0.00,-54.5,-0.01,40296.5,16.12,0
956,Exit short,2022-05-09 09:30,NQ09B SELL NY N130 TP2,12436.25,2,497960,501,0.10,9,505.5,0.10,-14.5,0.00,40797.5,16.32,0
956,Entry short,2022-05-09 09:30,[CC] SELL NY,12449,2,497960,501,0.10,9,505.5,0.10,-14.5,0.00,40797.5,16.32,0
957,Exit short,2022-05-10 09:30,NQ09B SELL NY N130 TP2,12483.5,2,499850,501,0.10,9,505.5,0.10,-14.5,0.00,41298.5,16.52,0
957,Entry short,2022-05-10 09:30,[CC] SELL NY,12496.25,2,499850,501,0.10,9,505.5,0.10,-14.5,0.00,41298.5,16.52,0
958,Exit short,2022-05-10 18:00,NQ09B SELL WEEKDAY 1800 STOP,12329.75,1,246570,-29.5,-0.01,4.5,87.75,0.04,-27.25,-0.01,41269,16.51,0
958,Entry short,2022-05-10 18:00,[CC] SELL WEAK,12328.5,1,246570,-29.5,-0.01,4.5,87.75,0.04,-27.25,-0.01,41269,16.51,0
959,Exit short,2022-05-11 09:30,NQ09B SELL NY N130 TP2,12232.5,2,489810,501,0.10,9,505.5,0.10,-14.5,0.00,41770,16.71,0
959,Entry short,2022-05-11 09:30,[CC] SELL NY,12245.25,2,489810,501,0.10,9,505.5,0.10,-14.5,0.00,41770,16.71,0
960,Exit short,2022-05-12 09:30,NQ09B SELL NY N130 TP2,11778.75,2,471660,501,0.11,9,505.5,0.11,-14.5,0.00,42271,16.91,0
960,Entry short,2022-05-12 09:30,[CC] SELL NY,11791.5,2,471660,501,0.11,9,505.5,0.11,-14.5,0.00,42271,16.91,0
961,Exit short,2022-05-12 18:00,NQ09B SELL WEEKDAY 1800 STOP,11892.5,2,475650,-59,-0.01,9,0,0.00,-54.5,-0.01,42212,16.88,0
961,Entry short,2022-05-12 18:00,[CC] SELL PREMIUM,11891.25,2,475650,-59,-0.01,9,0,0.00,-54.5,-0.01,42212,16.88,0
962,Exit short,2022-05-13 09:30,NQ09B SELL NY STOP,12133,2,485270,-59,-0.01,9,0,0.00,-54.5,-0.01,42153,16.86,0
962,Entry short,2022-05-13 09:30,[CC] SELL NY,12131.75,2,485270,-59,-0.01,9,0,0.00,-54.5,-0.01,42153,16.86,0
963,Exit short,2022-05-15 18:00,NQ09B SELL WEEKLY W80,12400.75,2,496350,311,0.06,9,315.5,0.06,-14.5,0.00,42464,16.99,0
963,Entry short,2022-05-15 18:00,[CC] SELL WEEKLY,12408.75,2,496350,311,0.06,9,315.5,0.06,-14.5,0.00,42464,16.99,0
964,Exit short,2022-05-16 09:30,NQ09B SELL NY STOP,12312.5,2,492450,-59,-0.01,9,0,0.00,-54.5,-0.01,42405,16.96,0
964,Entry short,2022-05-16 09:30,[CC] SELL NY,12311.25,2,492450,-59,-0.01,9,0,0.00,-54.5,-0.01,42405,16.96,0
965,Exit short,2022-05-17 09:30,NQ09B SELL NY STOP,12492.25,2,499640,-59,-0.01,9,0,0.00,-54.5,-0.01,42346,16.94,0
965,Entry short,2022-05-17 09:30,[CC] SELL NY,12491,2,499640,-59,-0.01,9,0,0.00,-54.5,-0.01,42346,16.94,0
966,Exit short,2022-05-18 09:30,NQ09B SELL NY N130 TP2,12355.25,2,494720,501,0.10,9,505.5,0.10,-14.5,0.00,42847,17.14,0
966,Entry short,2022-05-18 09:30,[CC] SELL NY,12368,2,494720,501,0.10,9,505.5,0.10,-14.5,0.00,42847,17.14,0
967,Exit short,2022-05-18 18:00,NQ09B SELL WEEKDAY 1800 STOP,11908,1,238135,-29.5,-0.01,4.5,0,0.00,-27.25,-0.01,42817.5,17.13,0
967,Entry short,2022-05-18 18:00,[CC] SELL WEAK,11906.75,1,238135,-29.5,-0.01,4.5,0,0.00,-27.25,-0.01,42817.5,17.13,0
968,Exit short,2022-05-19 09:30,NQ09B SELL NY STOP,11865.25,2,474560,-59,-0.01,9,0,0.00,-54.5,-0.01,42758.5,17.10,0
968,Entry short,2022-05-19 09:30,[CC] SELL NY,11864,2,474560,-59,-0.01,9,0,0.00,-54.5,-0.01,42758.5,17.10,0
969,Exit short,2022-05-20 09:30,NQ09B SELL NY STOP,12027.25,2,481040,-59,-0.01,9,0,0.00,-54.5,-0.01,42699.5,17.08,0
969,Entry short,2022-05-20 09:30,[CC] SELL NY,12026,2,481040,-59,-0.01,9,0,0.00,-54.5,-0.01,42699.5,17.08,0
970,Exit short,2022-05-22 18:00,NQ09B SELL WEEKLY STOP,11867,2,474630,-59,-0.01,9,305.5,0.06,-54.5,-0.01,42640.5,17.06,0
970,Entry short,2022-05-22 18:00,[CC] SELL WEEKLY,11865.75,2,474630,-59,-0.01,9,305.5,0.06,-54.5,-0.01,42640.5,17.06,0
971,Exit short,2022-05-23 09:30,NQ09B SELL NY STOP,11885.75,2,475380,-59,-0.01,9,0,0.00,-54.5,-0.01,42581.5,17.03,0
971,Entry short,2022-05-23 09:30,[CC] SELL NY,11884.5,2,475380,-59,-0.01,9,0,0.00,-54.5,-0.01,42581.5,17.03,0
972,Exit short,2022-05-24 09:30,NQ09B SELL NY STOP,11817.5,2,472650,-59,-0.01,9,0,0.00,-54.5,-0.01,42522.5,17.01,0
972,Entry short,2022-05-24 09:30,[CC] SELL NY,11816.25,2,472650,-59,-0.01,9,0,0.00,-54.5,-0.01,42522.5,17.01,0
973,Exit short,2022-05-25 09:30,NQ09B SELL NY STOP,11718.25,2,468680,-59,-0.01,9,355.5,0.08,-54.5,-0.01,42463.5,16.99,0
973,Entry short,2022-05-25 09:30,[CC] SELL NY,11717,2,468680,-59,-0.01,9,355.5,0.08,-54.5,-0.01,42463.5,16.99,0
974,Exit short,2022-05-25 18:00,NQ09B SELL WEEKDAY 1800 STOP,11888.5,1,237745,-29.5,-0.01,4.5,0,0.00,-27.25,-0.01,42434,16.97,0
974,Entry short,2022-05-25 18:00,[CC] SELL WEAK,11887.25,1,237745,-29.5,-0.01,4.5,0,0.00,-27.25,-0.01,42434,16.97,0
975,Exit short,2022-05-26 09:30,NQ09B SELL NY N130 TP2,11899.75,2,476500,501,0.11,9,505.5,0.11,-14.5,0.00,42935,17.17,0
975,Entry short,2022-05-26 09:30,[CC] SELL NY,11912.5,2,476500,501,0.11,9,505.5,0.11,-14.5,0.00,42935,17.17,0
976,Exit short,2022-05-27 09:30,NQ09B SELL NY STOP,12408.5,2,496290,-59,-0.01,9,205.5,0.04,-54.5,-0.01,42876,17.15,0
976,Entry short,2022-05-27 09:30,[CC] SELL NY,12407.25,2,496290,-59,-0.01,9,205.5,0.04,-54.5,-0.01,42876,17.15,0
977,Exit short,2022-05-29 18:00,NQ09B SELL WEEKLY W80,12697,2,508200,311,0.06,9,315.5,0.06,-14.5,0.00,43187,17.27,0
977,Entry short,2022-05-29 18:00,[CC] SELL WEEKLY,12705,2,508200,311,0.06,9,315.5,0.06,-14.5,0.00,43187,17.27,0
978,Exit short,2022-05-30 09:30,NQ09B SELL NY STOP,12758,2,510270,-59,-0.01,9,45.5,0.01,-54.5,-0.01,43128,17.25,0
978,Entry short,2022-05-30 09:30,[CC] SELL NY,12756.75,2,510270,-59,-0.01,9,45.5,0.01,-54.5,-0.01,43128,17.25,0
979,Exit short,2022-05-31 09:30,NQ09B SELL NY STOP,12677.75,2,507060,-59,-0.01,9,0,0.00,-54.5,-0.01,43069,17.23,0
979,Entry short,2022-05-31 09:30,[CC] SELL NY,12676.5,2,507060,-59,-0.01,9,0,0.00,-54.5,-0.01,43069,17.23,0
980,Exit short,2022-06-01 09:30,NQ09B SELL NY STOP,12734.5,2,509330,-59,-0.01,9,65.5,0.01,-54.5,-0.01,43010,17.20,0
980,Entry short,2022-06-01 09:30,[CC] SELL NY,12733.25,2,509330,-59,-0.01,9,65.5,0.01,-54.5,-0.01,43010,17.20,0
981,Exit short,2022-06-02 09:30,NQ09B SELL NY STOP,12503.5,2,500090,-59,-0.01,9,0,0.00,-54.5,-0.01,42951,17.18,0
981,Entry short,2022-06-02 09:30,[CC] SELL NY,12502.25,2,500090,-59,-0.01,9,0,0.00,-54.5,-0.01,42951,17.18,0
982,Exit short,2022-06-03 09:30,NQ09B SELL NY N130 TP2,12660.5,2,506930,501,0.10,9,505.5,0.10,-14.5,0.00,43452,17.38,0
982,Entry short,2022-06-03 09:30,[CC] SELL NY,12673.25,2,506930,501,0.10,9,505.5,0.10,-14.5,0.00,43452,17.38,0
983,Exit short,2022-06-05 18:00,NQ09B SELL WEEKLY STOP,12550.75,2,501980,-59,-0.01,9,0,0.00,-54.5,-0.01,43393,17.36,0
983,Entry short,2022-06-05 18:00,[CC] SELL WEEKLY,12549.5,2,501980,-59,-0.01,9,0,0.00,-54.5,-0.01,43393,17.36,0
984,Exit short,2022-06-06 09:30,NQ09B SELL NY STOP,12742.5,2,509650,-59,-0.01,9,195.5,0.04,-54.5,-0.01,43334,17.33,0
984,Entry short,2022-06-06 09:30,[CC] SELL NY,12741.25,2,509650,-59,-0.01,9,195.5,0.04,-54.5,-0.01,43334,17.33,0
985,Exit short,2022-06-07 09:30,NQ09B SELL NY STOP,12458,2,498270,-59,-0.01,9,0,0.00,-54.5,-0.01,43275,17.31,0
985,Entry short,2022-06-07 09:30,[CC] SELL NY,12456.75,2,498270,-59,-0.01,9,0,0.00,-54.5,-0.01,43275,17.31,0
986,Exit short,2022-06-08 09:30,NQ09B SELL NY STOP,12674.75,2,506940,-59,-0.01,9,0,0.00,-54.5,-0.01,43216,17.29,0
986,Entry short,2022-06-08 09:30,[CC] SELL NY,12673.5,2,506940,-59,-0.01,9,0,0.00,-54.5,-0.01,43216,17.29,0
987,Exit short,2022-06-09 09:30,NQ09B SELL NY N130 TP2,12529.75,2,501700,501,0.10,9,505.5,0.10,-14.5,0.00,43717,17.49,0
987,Entry short,2022-06-09 09:30,[CC] SELL NY,12542.5,2,501700,501,0.10,9,505.5,0.10,-14.5,0.00,43717,17.49,0
988,Exit short,2022-06-10 09:30,NQ09B SELL NY STOP,12043,2,481670,-59,-0.01,9,0,0.00,-54.5,-0.01,43658,17.46,0
988,Entry short,2022-06-10 09:30,[CC] SELL NY,12041.75,2,481670,-59,-0.01,9,0,0.00,-54.5,-0.01,43658,17.46,0
989,Exit short,2022-06-12 18:00,NQ09B SELL WEEKLY STOP,11769,2,470710,-59,-0.01,9,0,0.00,-54.5,-0.01,43599,17.44,0
989,Entry short,2022-06-12 18:00,[CC] SELL WEEKLY,11767.75,2,470710,-59,-0.01,9,0,0.00,-54.5,-0.01,43599,17.44,0
990,Exit short,2022-06-13 09:30,NQ09B SELL NY STOP,11467.25,2,458640,-59,-0.01,9,85.5,0.02,-54.5,-0.01,43540,17.42,0
990,Entry short,2022-06-13 09:30,[CC] SELL NY,11466,2,458640,-59,-0.01,9,85.5,0.02,-54.5,-0.01,43540,17.42,0
991,Exit short,2022-06-14 09:30,NQ09B SELL NY STOP,11415.75,2,456580,-59,-0.01,9,0,0.00,-54.5,-0.01,43481,17.39,0
991,Entry short,2022-06-14 09:30,[CC] SELL NY,11414.5,2,456580,-59,-0.01,9,0,0.00,-54.5,-0.01,43481,17.39,0
992,Exit short,2022-06-14 18:00,NQ09B SELL WEEKDAY 1800 STOP,11365.75,1,227290,-29.5,-0.01,4.5,27.75,0.01,-27.25,-0.01,43451.5,17.38,0
992,Entry short,2022-06-14 18:00,[CC] SELL WEAK,11364.5,1,227290,-29.5,-0.01,4.5,27.75,0.01,-27.25,-0.01,43451.5,17.38,0
993,Exit short,2022-06-15 09:30,NQ09B SELL NY N130 TP2,11474.25,2,459480,501,0.11,9,505.5,0.11,-14.5,0.00,43952.5,17.58,0
993,Entry short,2022-06-15 09:30,[CC] SELL NY,11487,2,459480,501,0.11,9,505.5,0.11,-14.5,0.00,43952.5,17.58,0
994,Exit short,2022-06-15 18:00,NQ09B SELL WEEKDAY 1800 STOP,11647.25,1,232920,-29.5,-0.01,4.5,0,0.00,-27.25,-0.01,43923,17.57,0
994,Entry short,2022-06-15 18:00,[CC] SELL WEAK,11646,1,232920,-29.5,-0.01,4.5,0,0.00,-27.25,-0.01,43923,17.57,0
995,Exit short,2022-06-16 09:30,NQ09B SELL NY STOP,11330,2,453150,-59,-0.01,9,0,0.00,-54.5,-0.01,43864,17.55,0
995,Entry short,2022-06-16 09:30,[CC] SELL NY,11328.75,2,453150,-59,-0.01,9,0,0.00,-54.5,-0.01,43864,17.55,0
996,Exit short,2022-06-16 18:00,NQ09B SELL WEEKDAY 1800 STOP,11207.75,2,448260,-59,-0.01,9,95.5,0.02,-54.5,-0.01,43805,17.52,0
996,Entry short,2022-06-16 18:00,[CC] SELL PREMIUM,11206.5,2,448260,-59,-0.01,9,95.5,0.02,-54.5,-0.01,43805,17.52,0
997,Exit short,2022-06-17 09:30,NQ09B SELL NY STOP,11191.5,2,447610,-59,-0.01,9,225.5,0.05,-54.5,-0.01,43746,17.50,0
997,Entry short,2022-06-17 09:30,[CC] SELL NY,11190.25,2,447610,-59,-0.01,9,225.5,0.05,-54.5,-0.01,43746,17.50,0
998,Exit short,2022-06-19 18:00,NQ09B SELL WEEKLY W80,11324.25,2,453290,311,0.07,9,315.5,0.07,-14.5,0.00,44057,17.62,0
998,Entry short,2022-06-19 18:00,[CC] SELL WEEKLY,11332.25,2,453290,311,0.07,9,315.5,0.07,-14.5,0.00,44057,17.62,0
999,Exit short,2022-06-20 09:30,NQ09B SELL NY STOP,11367.25,2,454640,-59,-0.01,9,0,0.00,-54.5,-0.01,43998,17.60,0
999,Entry short,2022-06-20 09:30,[CC] SELL NY,11366,2,454640,-59,-0.01,9,0,0.00,-54.5,-0.01,43998,17.60,0
1000,Exit short,2022-06-21 09:30,NQ09B SELL NY STOP,11482,2,459230,-59,-0.01,9,195.5,0.04,-54.5,-0.01,43939,17.58,0
1000,Entry short,2022-06-21 09:30,[CC] SELL NY,11480.75,2,459230,-59,-0.01,9,195.5,0.04,-54.5,-0.01,43939,17.58,0
1001,Exit short,2022-06-22 09:30,NQ09B SELL NY N130 TP2,11457.25,2,458800,501,0.11,9,505.5,0.11,-14.5,0.00,44440,17.78,0
1001,Entry short,2022-06-22 09:30,[CC] SELL NY,11470,2,458800,501,0.11,9,505.5,0.11,-14.5,0.00,44440,17.78,0
1002,Exit short,2022-06-23 09:30,NQ09B SELL NY STOP,11661.75,2,466420,-59,-0.01,9,0,0.00,-54.5,-0.01,44381,17.75,0
1002,Entry short,2022-06-23 09:30,[CC] SELL NY,11660.5,2,466420,-59,-0.01,9,0,0.00,-54.5,-0.01,44381,17.75,0
1003,Exit short,2022-06-23 18:00,NQ09B SELL WEEKDAY 1800 STOP,11688.75,2,467500,-59,-0.01,9,0,0.00,-54.5,-0.01,44322,17.73,0
1003,Entry short,2022-06-23 18:00,[CC] SELL PREMIUM,11687.5,2,467500,-59,-0.01,9,0,0.00,-54.5,-0.01,44322,17.73,0
1004,Exit short,2022-06-24 09:30,NQ09B SELL NY STOP,11850.5,2,473970,-59,-0.01,9,415.5,0.09,-54.5,-0.01,44263,17.71,0
1004,Entry short,2022-06-24 09:30,[CC] SELL NY,11849.25,2,473970,-59,-0.01,9,415.5,0.09,-54.5,-0.01,44263,17.71,0
1005,Exit short,2022-06-26 18:00,NQ09B SELL WEEKLY W80,12129.25,2,485490,311,0.06,9,315.5,0.06,-14.5,0.00,44574,17.83,0
1005,Entry short,2022-06-26 18:00,[CC] SELL WEEKLY,12137.25,2,485490,311,0.06,9,315.5,0.06,-14.5,0.00,44574,17.83,0
1006,Exit short,2022-06-27 09:30,NQ09B SELL NY STOP,12190.25,2,487560,-59,-0.01,9,0,0.00,-54.5,-0.01,44515,17.81,0
1006,Entry short,2022-06-27 09:30,[CC] SELL NY,12189,2,487560,-59,-0.01,9,0,0.00,-54.5,-0.01,44515,17.81,0
1007,Exit short,2022-06-28 09:30,NQ09B SELL NY N130 TP2,12051,2,482550,501,0.10,9,505.5,0.10,-14.5,0.00,45016,18.01,0
1007,Entry short,2022-06-28 09:30,[CC] SELL NY,12063.75,2,482550,501,0.10,9,505.5,0.10,-14.5,0.00,45016,18.01,0
1008,Exit short,2022-06-29 09:30,NQ09B SELL NY STOP,11670.25,2,466760,-59,-0.01,9,0,0.00,-54.5,-0.01,44957,17.98,0
1008,Entry short,2022-06-29 09:30,[CC] SELL NY,11669,2,466760,-59,-0.01,9,0,0.00,-54.5,-0.01,44957,17.98,0
1009,Exit short,2022-06-30 09:30,NQ09B SELL NY STOP,11556,2,462190,-59,-0.01,9,0,0.00,-54.5,-0.01,44898,17.96,0
1009,Entry short,2022-06-30 09:30,[CC] SELL NY,11554.75,2,462190,-59,-0.01,9,0,0.00,-54.5,-0.01,44898,17.96,0
1010,Exit short,2022-07-01 09:30,NQ09B SELL NY N130 TP2,11467.25,2,459200,501,0.11,9,505.5,0.11,-14.5,0.00,45399,18.16,0
1010,Entry short,2022-07-01 09:30,[CC] SELL NY,11480,2,459200,501,0.11,9,505.5,0.11,-14.5,0.00,45399,18.16,0
1011,Exit short,2022-07-03 18:00,NQ09B SELL WEEKLY W80,11597.75,2,464230,311,0.07,9,315.5,0.07,-14.5,0.00,45710,18.28,0
1011,Entry short,2022-07-03 18:00,[CC] SELL WEEKLY,11605.75,2,464230,311,0.07,9,315.5,0.07,-14.5,0.00,45710,18.28,0
1012,Exit short,2022-07-04 09:30,NQ09B SELL NY STOP,11568.75,2,462700,-59,-0.01,9,0,0.00,-54.5,-0.01,45651,18.26,0
1012,Entry short,2022-07-04 09:30,[CC] SELL NY,11567.5,2,462700,-59,-0.01,9,0,0.00,-54.5,-0.01,45651,18.26,0
1013,Exit short,2022-07-05 09:30,NQ09B SELL NY STOP,11454.75,2,458140,-59,-0.01,9,0,0.00,-54.5,-0.01,45592,18.24,0
1013,Entry short,2022-07-05 09:30,[CC] SELL NY,11453.5,2,458140,-59,-0.01,9,0,0.00,-54.5,-0.01,45592,18.24,0
1014,Exit short,2022-07-06 09:30,NQ09B SELL NY N130 TP2,11812.75,2,473020,501,0.11,9,505.5,0.11,-14.5,0.00,46093,18.44,0
1014,Entry short,2022-07-06 09:30,[CC] SELL NY,11825.5,2,473020,501,0.11,9,505.5,0.11,-14.5,0.00,46093,18.44,0
1015,Exit short,2022-07-07 09:30,NQ09B SELL NY STOP,11920,2,476750,-59,-0.01,9,15.5,0.00,-54.5,-0.01,46034,18.41,0
1015,Entry short,2022-07-07 09:30,[CC] SELL NY,11918.75,2,476750,-59,-0.01,9,15.5,0.00,-54.5,-0.01,46034,18.41,0
1016,Exit short,2022-07-08 09:30,NQ09B SELL NY N130 TP2,12004,2,480670,501,0.10,9,505.5,0.11,-14.5,0.00,46535,18.61,0
1016,Entry short,2022-07-08 09:30,[CC] SELL NY,12016.75,2,480670,501,0.10,9,505.5,0.11,-14.5,0.00,46535,18.61,0
1017,Exit short,2022-07-10 18:00,NQ09B SELL WEEKLY W80,12141.5,2,485980,311,0.06,9,315.5,0.06,-14.5,0.00,46846,18.74,0
1017,Entry short,2022-07-10 18:00,[CC] SELL WEEKLY,12149.5,2,485980,311,0.06,9,315.5,0.06,-14.5,0.00,46846,18.74,0
1018,Exit short,2022-07-11 09:30,NQ09B SELL NY STOP,12051.25,2,482000,-59,-0.01,9,0,0.00,-54.5,-0.01,46787,18.71,0
1018,Entry short,2022-07-11 09:30,[CC] SELL NY,12050,2,482000,-59,-0.01,9,0,0.00,-54.5,-0.01,46787,18.71,0
1019,Exit short,2022-07-12 09:30,NQ09B SELL NY N130 TP2,11930.5,2,477730,501,0.10,9,505.5,0.11,-14.5,0.00,47288,18.92,0
1019,Entry short,2022-07-12 09:30,[CC] SELL NY,11943.25,2,477730,501,0.10,9,505.5,0.11,-14.5,0.00,47288,18.92,0
1020,Exit short,2022-07-13 09:30,NQ09B SELL NY N130 TP2,11530.25,2,461720,501,0.11,9,505.5,0.11,-14.5,0.00,47789,19.12,0
1020,Entry short,2022-07-13 09:30,[CC] SELL NY,11543,2,461720,501,0.11,9,505.5,0.11,-14.5,0.00,47789,19.12,0
1021,Exit short,2022-07-14 09:30,NQ09B SELL NY STOP,11643.25,2,465680,-59,-0.01,9,0,0.00,-54.5,-0.01,47730,19.09,0
1021,Entry short,2022-07-14 09:30,[CC] SELL NY,11642,2,465680,-59,-0.01,9,0,0.00,-54.5,-0.01,47730,19.09,0
1022,Exit short,2022-07-15 09:30,NQ09B SELL NY STOP,11924.75,2,476940,-59,-0.01,9,55.5,0.01,-54.5,-0.01,47671,19.07,0
1022,Entry short,2022-07-15 09:30,[CC] SELL NY,11923.5,2,476940,-59,-0.01,9,55.5,0.01,-54.5,-0.01,47671,19.07,0
1023,Exit short,2022-07-17 18:00,NQ09B SELL WEEKLY STOP,12044.5,2,481730,-59,-0.01,9,0,0.00,-54.5,-0.01,47612,19.04,0
1023,Entry short,2022-07-17 18:00,[CC] SELL WEEKLY,12043.25,2,481730,-59,-0.01,9,0,0.00,-54.5,-0.01,47612,19.04,0
1024,Exit short,2022-07-18 09:30,NQ09B SELL NY STOP,12125.25,2,484960,-59,-0.01,9,0,0.00,-54.5,-0.01,47553,19.02,0
1024,Entry short,2022-07-18 09:30,[CC] SELL NY,12124,2,484960,-59,-0.01,9,0,0.00,-54.5,-0.01,47553,19.02,0
1025,Exit short,2022-07-19 09:30,NQ09B SELL NY N130 TP2,12047.75,2,482420,501,0.10,9,505.5,0.10,-14.5,0.00,48054,19.22,0
1025,Entry short,2022-07-19 09:30,[CC] SELL NY,12060.5,2,482420,501,0.10,9,505.5,0.10,-14.5,0.00,48054,19.22,0
1026,Exit short,2022-07-20 09:30,NQ09B SELL NY STOP,12290,2,491550,-59,-0.01,9,0,0.00,-54.5,-0.01,47995,19.20,0
1026,Entry short,2022-07-20 09:30,[CC] SELL NY,12288.75,2,491550,-59,-0.01,9,0,0.00,-54.5,-0.01,47995,19.20,0
1027,Exit short,2022-07-21 09:30,NQ09B SELL NY STOP,12484.5,2,499330,-59,-0.01,9,0,0.00,-54.5,-0.01,47936,19.17,0
1027,Entry short,2022-07-21 09:30,[CC] SELL NY,12483.25,2,499330,-59,-0.01,9,0,0.00,-54.5,-0.01,47936,19.17,0
1028,Exit short,2022-07-22 09:30,NQ09B SELL NY STOP,12607.75,2,504260,-59,-0.01,9,0,0.00,-54.5,-0.01,47877,19.15,0
1028,Entry short,2022-07-22 09:30,[CC] SELL NY,12606.5,2,504260,-59,-0.01,9,0,0.00,-54.5,-0.01,47877,19.15,0
1029,Exit short,2022-07-24 18:00,NQ09B SELL WEEKLY STOP,12445.5,2,497770,-59,-0.01,9,0,0.00,-54.5,-0.01,47818,19.13,0
1029,Entry short,2022-07-24 18:00,[CC] SELL WEEKLY,12444.25,2,497770,-59,-0.01,9,0,0.00,-54.5,-0.01,47818,19.13,0
1030,Exit short,2022-07-25 09:30,NQ09B SELL NY N130 TP2,12411.25,2,496960,501,0.10,9,505.5,0.10,-14.5,0.00,48319,19.33,0
1030,Entry short,2022-07-25 09:30,[CC] SELL NY,12424,2,496960,501,0.10,9,505.5,0.10,-14.5,0.00,48319,19.33,0
1031,Exit short,2022-07-26 09:30,NQ09B SELL NY STOP,12279.5,2,491130,-59,-0.01,9,0,0.00,-54.5,-0.01,48260,19.30,0
1031,Entry short,2022-07-26 09:30,[CC] SELL NY,12278.25,2,491130,-59,-0.01,9,0,0.00,-54.5,-0.01,48260,19.30,0
1032,Exit short,2022-07-26 18:00,NQ09B SELL WEEKDAY 1800 STOP,12193,2,487670,-59,-0.01,9,0,0.00,-54.5,-0.01,48201,19.28,0
1032,Entry short,2022-07-26 18:00,[CC] SELL PREMIUM,12191.75,2,487670,-59,-0.01,9,0,0.00,-54.5,-0.01,48201,19.28,0
1033,Exit short,2022-07-27 09:30,NQ09B SELL NY STOP,12303.5,2,492090,-59,-0.01,9,0,0.00,-54.5,-0.01,48142,19.26,0
1033,Entry short,2022-07-27 09:30,[CC] SELL NY,12302.25,2,492090,-59,-0.01,9,0,0.00,-54.5,-0.01,48142,19.26,0
1034,Exit short,2022-07-28 09:30,NQ09B SELL NY N130 TP2,12593.5,2,504250,501,0.10,9,505.5,0.10,-14.5,0.00,48643,19.46,0
1034,Entry short,2022-07-28 09:30,[CC] SELL NY,12606.25,2,504250,501,0.10,9,505.5,0.10,-14.5,0.00,48643,19.46,0
1035,Exit short,2022-07-28 18:00,NQ09B SELL WEEKDAY 1800 D80,12912,2,516800,311,0.06,9,315.5,0.06,-14.5,0.00,48954,19.58,0
1035,Entry short,2022-07-28 18:00,[CC] SELL PREMIUM,12920,2,516800,311,0.06,9,315.5,0.06,-14.5,0.00,48954,19.58,0
1036,Exit short,2022-07-29 09:30,NQ09B SELL NY STOP,12804.5,2,512130,-59,-0.01,9,0,0.00,-54.5,-0.01,48895,19.56,0
1036,Entry short,2022-07-29 09:30,[CC] SELL NY,12803.25,2,512130,-59,-0.01,9,0,0.00,-54.5,-0.01,48895,19.56,0
1037,Exit short,2022-07-31 18:00,NQ09B SELL WEEKLY STOP,12982,2,519230,-59,-0.01,9,0,0.00,-54.5,-0.01,48836,19.53,0
1037,Entry short,2022-07-31 18:00,[CC] SELL WEEKLY,12980.75,2,519230,-59,-0.01,9,0,0.00,-54.5,-0.01,48836,19.53,0
1038,Exit short,2022-08-01 09:30,NQ09B SELL NY STOP,12898,2,515870,-59,-0.01,9,0,0.00,-54.5,-0.01,48777,19.51,0
1038,Entry short,2022-08-01 09:30,[CC] SELL NY,12896.75,2,515870,-59,-0.01,9,0,0.00,-54.5,-0.01,48777,19.51,0
1039,Exit short,2022-08-02 09:30,NQ09B SELL NY STOP,12865.75,2,514580,-59,-0.01,9,455.5,0.09,-54.5,-0.01,48718,19.49,0
1039,Entry short,2022-08-02 09:30,[CC] SELL NY,12864.5,2,514580,-59,-0.01,9,455.5,0.09,-54.5,-0.01,48718,19.49,0
1040,Exit short,2022-08-03 09:30,NQ09B SELL NY STOP,12994.25,2,519720,-59,-0.01,9,135.5,0.03,-54.5,-0.01,48659,19.46,0
1040,Entry short,2022-08-03 09:30,[CC] SELL NY,12993,2,519720,-59,-0.01,9,135.5,0.03,-54.5,-0.01,48659,19.46,0
1041,Exit short,2022-08-04 09:30,NQ09B SELL NY STOP,13275.5,2,530970,-59,-0.01,9,0,0.00,-54.5,-0.01,48600,19.44,0
1041,Entry short,2022-08-04 09:30,[CC] SELL NY,13274.25,2,530970,-59,-0.01,9,0,0.00,-54.5,-0.01,48600,19.44,0
1042,Exit short,2022-08-05 09:30,NQ09B SELL NY STOP,13119.25,2,524720,-59,-0.01,9,135.5,0.03,-54.5,-0.01,48541,19.42,0
1042,Entry short,2022-08-05 09:30,[CC] SELL NY,13118,2,524720,-59,-0.01,9,135.5,0.03,-54.5,-0.01,48541,19.42,0
1043,Exit short,2022-08-07 18:00,NQ09B SELL WEEKLY W80,13219.5,2,529100,311,0.06,9,315.5,0.06,-14.5,0.00,48852,19.54,0
1043,Entry short,2022-08-07 18:00,[CC] SELL WEEKLY,13227.5,2,529100,311,0.06,9,315.5,0.06,-14.5,0.00,48852,19.54,0
1044,Exit short,2022-08-08 09:30,NQ09B SELL NY N130 TP2,13251.25,2,530560,501,0.09,9,505.5,0.10,-14.5,0.00,49353,19.74,0
1044,Entry short,2022-08-08 09:30,[CC] SELL NY,13264,2,530560,501,0.09,9,505.5,0.10,-14.5,0.00,49353,19.74,0
1045,Exit short,2022-08-08 18:00,NQ09B SELL WEEKDAY 1800 STOP,13207.25,2,528240,-59,-0.01,9,0,0.00,-54.5,-0.01,49294,19.72,0
1045,Entry short,2022-08-08 18:00,[CC] SELL PREMIUM,13206,2,528240,-59,-0.01,9,0,0.00,-54.5,-0.01,49294,19.72,0
1046,Exit short,2022-08-09 09:30,NQ09B SELL NY STOP,13102,2,524030,-59,-0.01,9,0,0.00,-54.5,-0.01,49235,19.69,0
1046,Entry short,2022-08-09 09:30,[CC] SELL NY,13100.75,2,524030,-59,-0.01,9,0,0.00,-54.5,-0.01,49235,19.69,0
1047,Exit short,2022-08-10 09:30,NQ09B SELL NY STOP,13341.25,2,533600,-59,-0.01,9,0,0.00,-54.5,-0.01,49176,19.67,0
1047,Entry short,2022-08-10 09:30,[CC] SELL NY,13340,2,533600,-59,-0.01,9,0,0.00,-54.5,-0.01,49176,19.67,0
1048,Exit short,2022-08-11 09:30,NQ09B SELL NY STOP,13490.5,2,539570,-59,-0.01,9,0,0.00,-54.5,-0.01,49117,19.65,0
1048,Entry short,2022-08-11 09:30,[CC] SELL NY,13489.25,2,539570,-59,-0.01,9,0,0.00,-54.5,-0.01,49117,19.65,0
1049,Exit short,2022-08-12 09:30,NQ09B SELL NY STOP,13403.5,2,536090,-59,-0.01,9,0,0.00,-54.5,-0.01,49058,19.62,0
1049,Entry short,2022-08-12 09:30,[CC] SELL NY,13402.25,2,536090,-59,-0.01,9,0,0.00,-54.5,-0.01,49058,19.62,0
1050,Exit short,2022-08-14 18:00,NQ09B SELL WEEKLY STOP,13572.5,2,542850,-59,-0.01,9,0,0.00,-54.5,-0.01,48999,19.60,0
1050,Entry short,2022-08-14 18:00,[CC] SELL WEEKLY,13571.25,2,542850,-59,-0.01,9,0,0.00,-54.5,-0.01,48999,19.60,0
1051,Exit short,2022-08-15 09:30,NQ09B SELL NY STOP,13535.75,2,541380,-59,-0.01,9,5.5,0.00,-54.5,-0.01,48940,19.58,0
1051,Entry short,2022-08-15 09:30,[CC] SELL NY,13534.5,2,541380,-59,-0.01,9,5.5,0.00,-54.5,-0.01,48940,19.58,0
1052,Exit short,2022-08-16 09:30,NQ09B SELL NY N130 TP2,13628.75,2,545660,501,0.09,9,505.5,0.09,-14.5,0.00,49441,19.78,0
1052,Entry short,2022-08-16 09:30,[CC] SELL NY,13641.5,2,545660,501,0.09,9,505.5,0.09,-14.5,0.00,49441,19.78,0
1053,Exit short,2022-08-16 18:00,NQ09B SELL WEEKDAY 1800 STOP,13659,1,273155,-29.5,-0.01,4.5,0,0.00,-27.25,-0.01,49411.5,19.76,0
1053,Entry short,2022-08-16 18:00,[CC] SELL WEAK,13657.75,1,273155,-29.5,-0.01,4.5,0,0.00,-27.25,-0.01,49411.5,19.76,0
1054,Exit short,2022-08-17 09:30,NQ09B SELL NY STOP,13518.25,2,540680,-59,-0.01,9,175.5,0.03,-54.5,-0.01,49352.5,19.74,0
1054,Entry short,2022-08-17 09:30,[CC] SELL NY,13517,2,540680,-59,-0.01,9,175.5,0.03,-54.5,-0.01,49352.5,19.74,0
1055,Exit short,2022-08-18 09:30,NQ09B SELL NY STOP,13492.5,2,539650,-59,-0.01,9,0,0.00,-54.5,-0.01,49293.5,19.72,0
1055,Entry short,2022-08-18 09:30,[CC] SELL NY,13491.25,2,539650,-59,-0.01,9,0,0.00,-54.5,-0.01,49293.5,19.72,0
1056,Exit short,2022-08-19 09:30,NQ09B SELL NY STOP,13400,2,535950,-59,-0.01,9,405.5,0.08,-54.5,-0.01,49234.5,19.69,0
1056,Entry short,2022-08-19 09:30,[CC] SELL NY,13398.75,2,535950,-59,-0.01,9,405.5,0.08,-54.5,-0.01,49234.5,19.69,0
1057,Exit short,2022-08-21 18:00,NQ09B SELL WEEKLY W80,13218.25,2,529050,311,0.06,9,315.5,0.06,-14.5,0.00,49545.5,19.82,0
1057,Entry short,2022-08-21 18:00,[CC] SELL WEEKLY,13226.25,2,529050,311,0.06,9,315.5,0.06,-14.5,0.00,49545.5,19.82,0
1058,Exit short,2022-08-22 09:30,NQ09B SELL NY STOP,13081.25,2,523200,-59,-0.01,9,0,0.00,-54.5,-0.01,49486.5,19.79,0
1058,Entry short,2022-08-22 09:30,[CC] SELL NY,13080,2,523200,-59,-0.01,9,0,0.00,-54.5,-0.01,49486.5,19.79,0
1059,Exit short,2022-08-23 09:30,NQ09B SELL NY STOP,12900,2,515950,-59,-0.01,9,215.5,0.04,-54.5,-0.01,49427.5,19.77,0
1059,Entry short,2022-08-23 09:30,[CC] SELL NY,12898.75,2,515950,-59,-0.01,9,215.5,0.04,-54.5,-0.01,49427.5,19.77,0
1060,Exit short,2022-08-24 09:30,NQ09B SELL NY N130 TP2,12863.5,2,515050,501,0.10,9,505.5,0.10,-14.5,0.00,49928.5,19.97,0
1060,Entry short,2022-08-24 09:30,[CC] SELL NY,12876.25,2,515050,501,0.10,9,505.5,0.10,-14.5,0.00,49928.5,19.97,0
1061,Exit short,2022-08-24 18:00,NQ09B SELL WEEKDAY 1800 STOP,12945,1,258875,-29.5,-0.01,4.5,32.75,0.01,-27.25,-0.01,49899,19.96,0
1061,Entry short,2022-08-24 18:00,[CC] SELL WEAK,12943.75,1,258875,-29.5,-0.01,4.5,32.75,0.01,-27.25,-0.01,49899,19.96,0
1062,Exit short,2022-08-25 09:30,NQ09B SELL NY STOP,13008.5,2,520290,-59,-0.01,9,0,0.00,-54.5,-0.01,49840,19.94,0
1062,Entry short,2022-08-25 09:30,[CC] SELL NY,13007.25,2,520290,-59,-0.01,9,0,0.00,-54.5,-0.01,49840,19.94,0
1063,Exit short,2022-08-26 09:30,NQ09B SELL NY STOP,13147,2,525830,-59,-0.01,9,0,0.00,-54.5,-0.01,49781,19.91,0
1063,Entry short,2022-08-26 09:30,[CC] SELL NY,13145.75,2,525830,-59,-0.01,9,0,0.00,-54.5,-0.01,49781,19.91,0
1064,Exit short,2022-08-28 18:00,NQ09B SELL WEEKLY W80,12476.75,2,499390,311,0.06,9,315.5,0.06,-14.5,0.00,50092,20.04,0
1064,Entry short,2022-08-28 18:00,[CC] SELL WEEKLY,12484.75,2,499390,311,0.06,9,315.5,0.06,-14.5,0.00,50092,20.04,0
1065,Exit short,2022-08-29 09:30,NQ09B SELL NY N130 TP2,12490.5,2,500130,501,0.10,9,505.5,0.10,-14.5,0.00,50593,20.24,0
1065,Entry short,2022-08-29 09:30,[CC] SELL NY,12503.25,2,500130,501,0.10,9,505.5,0.10,-14.5,0.00,50593,20.24,0
1066,Exit short,2022-08-29 18:00,NQ09B SELL WEEKDAY 1800 STOP,12504.5,1,250065,-29.5,-0.01,4.5,22.75,0.01,-27.25,-0.01,50563.5,20.23,0
1066,Entry short,2022-08-29 18:00,[CC] SELL WEAK,12503.25,1,250065,-29.5,-0.01,4.5,22.75,0.01,-27.25,-0.01,50563.5,20.23,0
1067,Exit short,2022-08-30 09:30,NQ09B SELL NY STOP,12564.5,2,502530,-59,-0.01,9,0,0.00,-54.5,-0.01,50504.5,20.20,0
1067,Entry short,2022-08-30 09:30,[CC] SELL NY,12563.25,2,502530,-59,-0.01,9,0,0.00,-54.5,-0.01,50504.5,20.20,0
1068,Exit short,2022-08-30 18:00,NQ09B SELL WEEKDAY 1800 STOP,12367,1,247315,-29.5,-0.01,4.5,0,0.00,-27.25,-0.01,50475,20.19,0
1068,Entry short,2022-08-30 18:00,[CC] SELL WEAK,12365.75,1,247315,-29.5,-0.01,4.5,0,0.00,-27.25,-0.01,50475,20.19,0
1069,Exit short,2022-08-31 09:30,NQ09B SELL NY N130 TP2,12464.25,2,499080,501,0.10,9,505.5,0.10,-24.5,0.00,50976,20.39,0
1069,Entry short,2022-08-31 09:30,[CC] SELL NY,12477,2,499080,501,0.10,9,505.5,0.10,-24.5,0.00,50976,20.39,0
1070,Exit short,2022-09-01 09:30,NQ09B SELL NY STOP,12173.25,2,486880,-59,-0.01,9,0,0.00,-54.5,-0.01,50917,20.37,0
1070,Entry short,2022-09-01 09:30,[CC] SELL NY,12172,2,486880,-59,-0.01,9,0,0.00,-54.5,-0.01,50917,20.37,0
1071,Exit short,2022-09-02 09:30,NQ09B SELL NY STOP,12405.75,2,496180,-59,-0.01,9,0,0.00,-54.5,-0.01,50858,20.34,0
1071,Entry short,2022-09-02 09:30,[CC] SELL NY,12404.5,2,496180,-59,-0.01,9,0,0.00,-54.5,-0.01,50858,20.34,0
1072,Exit short,2022-09-04 18:00,NQ09B SELL WEEKLY STOP,12111.5,2,484410,-59,-0.01,9,0,0.00,-54.5,-0.01,50799,20.32,0
1072,Entry short,2022-09-04 18:00,[CC] SELL WEEKLY,12110.25,2,484410,-59,-0.01,9,0,0.00,-54.5,-0.01,50799,20.32,0
1073,Exit short,2022-09-05 09:30,NQ09B SELL NY STOP,12113.75,2,484500,-59,-0.01,9,0,0.00,-54.5,-0.01,50740,20.30,0
1073,Entry short,2022-09-05 09:30,[CC] SELL NY,12112.5,2,484500,-59,-0.01,9,0,0.00,-54.5,-0.01,50740,20.30,0
1074,Exit short,2022-09-06 09:30,NQ09B SELL NY N130 TP2,12115.25,2,485120,501,0.10,9,505.5,0.10,-14.5,0.00,51241,20.50,0
1074,Entry short,2022-09-06 09:30,[CC] SELL NY,12128,2,485120,501,0.10,9,505.5,0.10,-14.5,0.00,51241,20.50,0
1075,Exit short,2022-09-07 09:30,NQ09B SELL NY STOP,12040.75,2,481580,-59,-0.01,9,135.5,0.03,-54.5,-0.01,51182,20.47,0
1075,Entry short,2022-09-07 09:30,[CC] SELL NY,12039.5,2,481580,-59,-0.01,9,135.5,0.03,-54.5,-0.01,51182,20.47,0
1076,Exit short,2022-09-08 09:30,NQ09B SELL NY N130 TP2,12162.75,2,487020,501,0.10,9,505.5,0.10,-34.5,-0.01,51683,20.67,0
1076,Entry short,2022-09-08 09:30,[CC] SELL NY,12175.5,2,487020,501,0.10,9,505.5,0.10,-34.5,-0.01,51683,20.67,0
1077,Exit short,2022-09-09 09:30,NQ09B SELL NY STOP,12417.75,2,496660,-59,-0.01,9,35.5,0.01,-54.5,-0.01,51624,20.65,0
1077,Entry short,2022-09-09 09:30,[CC] SELL NY,12416.5,2,496660,-59,-0.01,9,35.5,0.01,-54.5,-0.01,51624,20.65,0
1078,Exit short,2022-09-11 18:00,NQ09B SELL WEEKLY STOP,12627,2,505030,-59,-0.01,9,0,0.00,-54.5,-0.01,51565,20.63,0
1078,Entry short,2022-09-11 18:00,[CC] SELL WEEKLY,12625.75,2,505030,-59,-0.01,9,0,0.00,-54.5,-0.01,51565,20.63,0
1079,Exit short,2022-09-12 09:30,NQ09B SELL NY STOP,12651.25,2,506000,-59,-0.01,9,335.5,0.07,-54.5,-0.01,51506,20.60,0
1079,Entry short,2022-09-12 09:30,[CC] SELL NY,12650,2,506000,-59,-0.01,9,335.5,0.07,-54.5,-0.01,51506,20.60,0
1080,Exit short,2022-09-13 09:30,NQ09B SELL NY STOP,12456.25,2,498200,-59,-0.01,9,485.5,0.10,-54.5,-0.01,51447,20.58,0
1080,Entry short,2022-09-13 09:30,[CC] SELL NY,12455,2,498200,-59,-0.01,9,485.5,0.10,-54.5,-0.01,51447,20.58,0
1081,Exit short,2022-09-14 09:30,NQ09B SELL NY STOP,12171.25,2,486800,-59,-0.01,9,0,0.00,-54.5,-0.01,51388,20.56,0
1081,Entry short,2022-09-14 09:30,[CC] SELL NY,12170,2,486800,-59,-0.01,9,0,0.00,-54.5,-0.01,51388,20.56,0
1082,Exit short,2022-09-15 09:30,NQ09B SELL NY STOP,12132.25,2,485240,-59,-0.01,9,0,0.00,-54.5,-0.01,51329,20.53,0
1082,Entry short,2022-09-15 09:30,[CC] SELL NY,12131,2,485240,-59,-0.01,9,0,0.00,-54.5,-0.01,51329,20.53,0
1083,Exit short,2022-09-15 18:00,NQ09B SELL WEEKDAY 1800 STOP,11952.5,1,239025,-29.5,-0.01,4.5,0,0.00,-27.25,-0.01,51299.5,20.52,0
1083,Entry short,2022-09-15 18:00,[CC] SELL WEAK,11951.25,1,239025,-29.5,-0.01,4.5,0,0.00,-27.25,-0.01,51299.5,20.52,0
1084,Exit short,2022-09-16 09:30,NQ09B SELL NY STOP,11867.5,2,474650,-59,-0.01,9,0,0.00,-54.5,-0.01,51240.5,20.50,0
1084,Entry short,2022-09-16 09:30,[CC] SELL NY,11866.25,2,474650,-59,-0.01,9,0,0.00,-54.5,-0.01,51240.5,20.50,0
1085,Exit short,2022-09-18 18:00,NQ09B SELL WEEKLY STOP,11921,2,476790,-59,-0.01,9,0,0.00,-54.5,-0.01,51181.5,20.47,0
1085,Entry short,2022-09-18 18:00,[CC] SELL WEEKLY,11919.75,2,476790,-59,-0.01,9,0,0.00,-54.5,-0.01,51181.5,20.47,0
1086,Exit short,2022-09-19 09:30,NQ09B SELL NY STOP,11820.75,2,472780,-59,-0.01,9,145.5,0.03,-54.5,-0.01,51122.5,20.45,0
1086,Entry short,2022-09-19 09:30,[CC] SELL NY,11819.5,2,472780,-59,-0.01,9,145.5,0.03,-54.5,-0.01,51122.5,20.45,0
1087,Exit short,2022-09-19 18:00,NQ09B SELL WEEKDAY 1800 STOP,12046.75,1,240910,-29.5,-0.01,4.5,67.75,0.03,-27.25,-0.01,51093,20.44,0
1087,Entry short,2022-09-19 18:00,[CC] SELL WEAK,12045.5,1,240910,-29.5,-0.01,4.5,67.75,0.03,-27.25,-0.01,51093,20.44,0
1088,Exit short,2022-09-20 09:30,NQ09B SELL NY STOP,11917.5,2,476650,-59,-0.01,9,225.5,0.05,-54.5,-0.01,51034,20.41,0
1088,Entry short,2022-09-20 09:30,[CC] SELL NY,11916.25,2,476650,-59,-0.01,9,225.5,0.05,-54.5,-0.01,51034,20.41,0
1089,Exit short,2022-09-21 09:30,NQ09B SELL NY STOP,11963.5,2,478490,-59,-0.01,9,0,0.00,-54.5,-0.01,50975,20.39,0
1089,Entry short,2022-09-21 09:30,[CC] SELL NY,11962.25,2,478490,-59,-0.01,9,0,0.00,-54.5,-0.01,50975,20.39,0
1090,Exit short,2022-09-21 18:00,NQ09B SELL WEEKDAY 1800 STOP,11662.25,1,233220,-29.5,-0.01,4.5,77.75,0.03,-27.25,-0.01,50945.5,20.38,0
1090,Entry short,2022-09-21 18:00,[CC] SELL WEAK,11661,1,233220,-29.5,-0.01,4.5,77.75,0.03,-27.25,-0.01,50945.5,20.38,0
1091,Exit short,2022-09-22 09:30,NQ09B SELL NY STOP,11643,2,465670,-59,-0.01,9,375.5,0.08,-54.5,-0.01,50886.5,20.35,0
1091,Entry short,2022-09-22 09:30,[CC] SELL NY,11641.75,2,465670,-59,-0.01,9,375.5,0.08,-54.5,-0.01,50886.5,20.35,0
1092,Exit short,2022-09-22 18:00,NQ09B SELL WEEKDAY 1800 D80,11575.5,1,231670,155.5,0.07,4.5,157.75,0.07,-7.25,0.00,51042,20.42,0
1092,Entry short,2022-09-22 18:00,[CC] SELL WEAK,11583.5,1,231670,155.5,0.07,4.5,157.75,0.07,-7.25,0.00,51042,20.42,0
1093,Exit short,2022-09-23 09:30,NQ09B SELL NY STOP,11462,2,458430,-59,-0.01,9,0,0.00,-54.5,-0.01,50983,20.39,0
1093,Entry short,2022-09-23 09:30,[CC] SELL NY,11460.75,2,458430,-59,-0.01,9,0,0.00,-54.5,-0.01,50983,20.39,0
1094,Exit short,2022-09-25 18:00,NQ09B SELL WEEKLY STOP,11363.5,2,454490,-59,-0.01,9,0,0.00,-54.5,-0.01,50924,20.37,0
1094,Entry short,2022-09-25 18:00,[CC] SELL WEEKLY,11362.25,2,454490,-59,-0.01,9,0,0.00,-54.5,-0.01,50924,20.37,0
1095,Exit short,2022-09-26 09:30,NQ09B SELL NY STOP,11353,2,454070,-59,-0.01,9,365.5,0.08,-54.5,-0.01,50865,20.35,0
1095,Entry short,2022-09-26 09:30,[CC] SELL NY,11351.75,2,454070,-59,-0.01,9,365.5,0.08,-54.5,-0.01,50865,20.35,0
1096,Exit short,2022-09-27 09:30,NQ09B SELL NY STOP,11471.5,2,458810,-59,-0.01,9,365.5,0.08,-54.5,-0.01,50806,20.32,0
1096,Entry short,2022-09-27 09:30,[CC] SELL NY,11470.25,2,458810,-59,-0.01,9,365.5,0.08,-54.5,-0.01,50806,20.32,0
1097,Exit short,2022-09-27 18:00,NQ09B SELL WEEKDAY 1800 STOP,11362,1,227215,-29.5,-0.01,4.5,117.75,0.05,-27.25,-0.01,50776.5,20.31,0
1097,Entry short,2022-09-27 18:00,[CC] SELL WEAK,11360.75,1,227215,-29.5,-0.01,4.5,117.75,0.05,-27.25,-0.01,50776.5,20.31,0
1098,Exit short,2022-09-28 09:30,NQ09B SELL NY STOP,11332,2,453230,-59,-0.01,9,0,0.00,-54.5,-0.01,50717.5,20.29,0
1098,Entry short,2022-09-28 09:30,[CC] SELL NY,11330.75,2,453230,-59,-0.01,9,0,0.00,-54.5,-0.01,50717.5,20.29,0
1099,Exit short,2022-09-29 09:30,NQ09B SELL NY STOP,11388,2,455470,-59,-0.01,9,0,0.00,-54.5,-0.01,50658.5,20.26,0
1099,Entry short,2022-09-29 09:30,[CC] SELL NY,11386.75,2,455470,-59,-0.01,9,0,0.00,-54.5,-0.01,50658.5,20.26,0
1100,Exit short,2022-09-30 09:30,NQ09B SELL NY N130 TP2,11173.5,2,447450,501,0.11,9,505.5,0.11,-14.5,0.00,51159.5,20.46,0
1100,Entry short,2022-09-30 09:30,[CC] SELL NY,11186.25,2,447450,501,0.11,9,505.5,0.11,-14.5,0.00,51159.5,20.46,0
1101,Exit short,2022-10-02 18:00,NQ09B SELL WEEKLY STOP,11031,2,441190,-59,-0.01,9,0,0.00,-54.5,-0.01,51100.5,20.44,0
1101,Entry short,2022-10-02 18:00,[CC] SELL WEEKLY,11029.75,2,441190,-59,-0.01,9,0,0.00,-54.5,-0.01,51100.5,20.44,0
1102,Exit short,2022-10-03 09:30,NQ09B SELL NY STOP,11106,2,444190,-59,-0.01,9,0,0.00,-54.5,-0.01,51041.5,20.42,0
1102,Entry short,2022-10-03 09:30,[CC] SELL NY,11104.75,2,444190,-59,-0.01,9,0,0.00,-54.5,-0.01,51041.5,20.42,0
1103,Exit short,2022-10-04 09:30,NQ09B SELL NY STOP,11517,2,460630,-59,-0.01,9,55.5,0.01,-54.5,-0.01,50982.5,20.39,0
1103,Entry short,2022-10-04 09:30,[CC] SELL NY,11515.75,2,460630,-59,-0.01,9,55.5,0.01,-54.5,-0.01,50982.5,20.39,0
1104,Exit short,2022-10-05 09:30,NQ09B SELL NY STOP,11487,2,459430,-59,-0.01,9,295.5,0.06,-54.5,-0.01,50923.5,20.37,0
1104,Entry short,2022-10-05 09:30,[CC] SELL NY,11485.75,2,459430,-59,-0.01,9,295.5,0.06,-54.5,-0.01,50923.5,20.37,0
1105,Exit short,2022-10-06 09:30,NQ09B SELL NY STOP,11591.5,2,463610,-59,-0.01,9,35.5,0.01,-54.5,-0.01,50864.5,20.35,0
1105,Entry short,2022-10-06 09:30,[CC] SELL NY,11590.25,2,463610,-59,-0.01,9,35.5,0.01,-54.5,-0.01,50864.5,20.35,0
1106,Exit short,2022-10-07 09:30,NQ09B SELL NY STOP,11346.75,2,453820,-59,-0.01,9,0,0.00,-54.5,-0.01,50805.5,20.32,0
1106,Entry short,2022-10-07 09:30,[CC] SELL NY,11345.5,2,453820,-59,-0.01,9,0,0.00,-54.5,-0.01,50805.5,20.32,0
1107,Exit short,2022-10-09 18:00,NQ09B SELL WEEKLY W80,11059.5,2,442700,311,0.07,9,315.5,0.07,-34.5,-0.01,51116.5,20.45,0
1107,Entry short,2022-10-09 18:00,[CC] SELL WEEKLY,11067.5,2,442700,311,0.07,9,315.5,0.07,-34.5,-0.01,51116.5,20.45,0
1108,Exit short,2022-10-10 09:30,NQ09B SELL NY STOP,11109.75,2,444340,-59,-0.01,9,0,0.00,-54.5,-0.01,51057.5,20.42,0
1108,Entry short,2022-10-10 09:30,[CC] SELL NY,11108.5,2,444340,-59,-0.01,9,0,0.00,-54.5,-0.01,51057.5,20.42,0
1109,Exit short,2022-10-11 09:30,NQ09B SELL NY STOP,10921,2,436790,-59,-0.01,9,0,0.00,-54.5,-0.01,50998.5,20.40,0
1109,Entry short,2022-10-11 09:30,[CC] SELL NY,10919.75,2,436790,-59,-0.01,9,0,0.00,-54.5,-0.01,50998.5,20.40,0
1110,Exit short,2022-10-11 18:00,NQ09B SELL WEEKDAY 1800 STOP,10876,2,434990,-59,-0.01,9,0,0.00,-54.5,-0.01,50939.5,20.38,0
1110,Entry short,2022-10-11 18:00,[CC] SELL PREMIUM,10874.75,2,434990,-59,-0.01,9,0,0.00,-54.5,-0.01,50939.5,20.38,0
1111,Exit short,2022-10-12 09:30,NQ09B SELL NY STOP,10866.5,2,434610,-59,-0.01,9,0,0.00,-54.5,-0.01,50880.5,20.35,0
1111,Entry short,2022-10-12 09:30,[CC] SELL NY,10865.25,2,434610,-59,-0.01,9,0,0.00,-54.5,-0.01,50880.5,20.35,0
1112,Exit short,2022-10-13 09:30,NQ09B SELL NY STOP,10524,2,420910,-59,-0.01,9,0,0.00,-54.5,-0.01,50821.5,20.33,0
1112,Entry short,2022-10-13 09:30,[CC] SELL NY,10522.75,2,420910,-59,-0.01,9,0,0.00,-54.5,-0.01,50821.5,20.33,0
1113,Exit short,2022-10-14 09:30,NQ09B SELL NY STOP,11182.25,2,447240,-59,-0.01,9,0,0.00,-54.5,-0.01,50762.5,20.31,0
1113,Entry short,2022-10-14 09:30,[CC] SELL NY,11181,2,447240,-59,-0.01,9,0,0.00,-54.5,-0.01,50762.5,20.31,0
1114,Exit short,2022-10-16 18:00,NQ09B SELL WEEKLY STOP,10721,2,428790,-59,-0.01,9,265.5,0.06,-54.5,-0.01,50703.5,20.28,0
1114,Entry short,2022-10-16 18:00,[CC] SELL WEEKLY,10719.75,2,428790,-59,-0.01,9,265.5,0.06,-54.5,-0.01,50703.5,20.28,0
1115,Exit short,2022-10-17 09:30,NQ09B SELL NY STOP,11002.25,2,440040,-59,-0.01,9,75.5,0.02,-54.5,-0.01,50644.5,20.26,0
1115,Entry short,2022-10-17 09:30,[CC] SELL NY,11001,2,440040,-59,-0.01,9,75.5,0.02,-54.5,-0.01,50644.5,20.26,0
1116,Exit short,2022-10-18 09:30,NQ09B SELL NY N130 TP2,11390.5,2,456130,501,0.11,9,505.5,0.11,-14.5,0.00,51145.5,20.46,0
1116,Entry short,2022-10-18 09:30,[CC] SELL NY,11403.25,2,456130,501,0.11,9,505.5,0.11,-14.5,0.00,51145.5,20.46,0
1117,Exit short,2022-10-18 18:00,NQ09B SELL WEEKDAY 1800 STOP,11321.25,2,452800,-59,-0.01,9,15.5,0.00,-54.5,-0.01,51086.5,20.43,0
1117,Entry short,2022-10-18 18:00,[CC] SELL PREMIUM,11320,2,452800,-59,-0.01,9,15.5,0.00,-54.5,-0.01,51086.5,20.43,0
1118,Exit short,2022-10-19 09:30,NQ09B SELL NY STOP,11130.75,2,445180,-59,-0.01,9,425.5,0.10,-54.5,-0.01,51027.5,20.41,0
1118,Entry short,2022-10-19 09:30,[CC] SELL NY,11129.5,2,445180,-59,-0.01,9,425.5,0.10,-54.5,-0.01,51027.5,20.41,0
1119,Exit short,2022-10-19 18:00,NQ09B SELL WEEKDAY 1800 STOP,11135,1,222675,-29.5,-0.01,4.5,0,0.00,-27.25,-0.01,50998,20.40,0
1119,Entry short,2022-10-19 18:00,[CC] SELL WEAK,11133.75,1,222675,-29.5,-0.01,4.5,0,0.00,-27.25,-0.01,50998,20.40,0
1120,Exit short,2022-10-20 09:30,NQ09B SELL NY STOP,11112,2,444430,-59,-0.01,9,285.5,0.06,-54.5,-0.01,50939,20.38,0
1120,Entry short,2022-10-20 09:30,[CC] SELL NY,11110.75,2,444430,-59,-0.01,9,285.5,0.06,-54.5,-0.01,50939,20.38,0
1121,Exit short,2022-10-20 18:00,NQ09B SELL WEEKDAY 1800 STOP,11062.25,1,221220,-29.5,-0.01,4.5,0,0.00,-27.25,-0.01,50909.5,20.36,0
1121,Entry short,2022-10-20 18:00,[CC] SELL WEAK,11061,1,221220,-29.5,-0.01,4.5,0,0.00,-27.25,-0.01,50909.5,20.36,0
1122,Exit short,2022-10-21 09:30,NQ09B SELL NY STOP,11044.75,2,441740,-59,-0.01,9,0,0.00,-54.5,-0.01,50850.5,20.34,0
1122,Entry short,2022-10-21 09:30,[CC] SELL NY,11043.5,2,441740,-59,-0.01,9,0,0.00,-54.5,-0.01,50850.5,20.34,0
1123,Exit short,2022-10-23 18:00,NQ09B SELL WEEKLY STOP,11394.75,2,455740,-59,-0.01,9,215.5,0.05,-54.5,-0.01,50791.5,20.32,0
1123,Entry short,2022-10-23 18:00,[CC] SELL WEEKLY,11393.5,2,455740,-59,-0.01,9,215.5,0.05,-54.5,-0.01,50791.5,20.32,0
1124,Exit short,2022-10-24 09:30,NQ09B SELL NY STOP,11360.5,2,454370,-59,-0.01,9,0,0.00,-54.5,-0.01,50732.5,20.29,0
1124,Entry short,2022-10-24 09:30,[CC] SELL NY,11359.25,2,454370,-59,-0.01,9,0,0.00,-54.5,-0.01,50732.5,20.29,0
1125,Exit short,2022-10-25 09:30,NQ09B SELL NY STOP,11516.75,2,460620,-59,-0.01,9,15.5,0.00,-54.5,-0.01,50673.5,20.27,0
1125,Entry short,2022-10-25 09:30,[CC] SELL NY,11515.5,2,460620,-59,-0.01,9,15.5,0.00,-54.5,-0.01,50673.5,20.27,0
1126,Exit short,2022-10-25 18:00,NQ09B SELL WEEKDAY 1800 STOP,11511,2,460390,-59,-0.01,9,0,0.00,-54.5,-0.01,50614.5,20.25,0
1126,Entry short,2022-10-25 18:00,[CC] SELL PREMIUM,11509.75,2,460390,-59,-0.01,9,0,0.00,-54.5,-0.01,50614.5,20.25,0
1127,Exit short,2022-10-26 09:30,NQ09B SELL NY STOP,11475.5,2,458970,-59,-0.01,9,0,0.00,-54.5,-0.01,50555.5,20.22,0
1127,Entry short,2022-10-26 09:30,[CC] SELL NY,11474.25,2,458970,-59,-0.01,9,0,0.00,-54.5,-0.01,50555.5,20.22,0
1128,Exit short,2022-10-26 18:00,NQ09B SELL WEEKDAY 1800 STOP,11418.75,1,228350,-29.5,-0.01,4.5,27.75,0.01,-27.25,-0.01,50526,20.21,0
1128,Entry short,2022-10-26 18:00,[CC] SELL WEAK,11417.5,1,228350,-29.5,-0.01,4.5,27.75,0.01,-27.25,-0.01,50526,20.21,0
1129,Exit short,2022-10-27 09:30,NQ09B SELL NY STOP,11402,2,456030,-59,-0.01,9,5.5,0.00,-54.5,-0.01,50467,20.19,0
1129,Entry short,2022-10-27 09:30,[CC] SELL NY,11400.75,2,456030,-59,-0.01,9,5.5,0.00,-54.5,-0.01,50467,20.19,0
1130,Exit short,2022-10-27 18:00,NQ09B SELL WEEKDAY 1800 STOP,11123.75,2,444900,-59,-0.01,9,0,0.00,-54.5,-0.01,50408,20.16,0
1130,Entry short,2022-10-27 18:00,[CC] SELL PREMIUM,11122.5,2,444900,-59,-0.01,9,0,0.00,-54.5,-0.01,50408,20.16,0
1131,Exit short,2022-10-28 09:30,NQ09B SELL NY STOP,11214.75,2,448540,-59,-0.01,9,285.5,0.06,-54.5,-0.01,50349,20.14,0
1131,Entry short,2022-10-28 09:30,[CC] SELL NY,11213.5,2,448540,-59,-0.01,9,285.5,0.06,-54.5,-0.01,50349,20.14,0
1132,Exit short,2022-10-30 18:00,NQ09B SELL WEEKLY STOP,11593.5,2,463690,-59,-0.01,9,0,0.00,-54.5,-0.01,50290,20.12,0
1132,Entry short,2022-10-30 18:00,[CC] SELL WEEKLY,11592.25,2,463690,-59,-0.01,9,0,0.00,-54.5,-0.01,50290,20.12,0
1133,Exit short,2022-10-31 09:30,NQ09B SELL NY STOP,11489.25,2,459520,-59,-0.01,9,0,0.00,-54.5,-0.01,50231,20.09,0
1133,Entry short,2022-10-31 09:30,[CC] SELL NY,11488,2,459520,-59,-0.01,9,0,0.00,-54.5,-0.01,50231,20.09,0
1134,Exit short,2022-11-01 09:30,NQ09B SELL NY N130 TP2,11582.25,2,463800,501,0.11,9,505.5,0.11,-14.5,0.00,50732,20.29,0
1134,Entry short,2022-11-01 09:30,[CC] SELL NY,11595,2,463800,501,0.11,9,505.5,0.11,-14.5,0.00,50732,20.29,0
1135,Exit short,2022-11-02 09:30,NQ09B SELL NY STOP,11331,2,453190,-59,-0.01,9,0,0.00,-54.5,-0.01,50673,20.27,0
1135,Entry short,2022-11-02 09:30,[CC] SELL NY,11329.75,2,453190,-59,-0.01,9,0,0.00,-54.5,-0.01,50673,20.27,0
1136,Exit short,2022-11-03 09:30,NQ09B SELL NY STOP,10830.25,2,433160,-59,-0.01,9,0,0.00,-54.5,-0.01,50614,20.25,0
1136,Entry short,2022-11-03 09:30,[CC] SELL NY,10829,2,433160,-59,-0.01,9,0,0.00,-54.5,-0.01,50614,20.25,0
1137,Exit short,2022-11-04 09:30,NQ09B SELL NY STOP,10933.25,2,437280,-59,-0.01,9,0,0.00,-54.5,-0.01,50555,20.22,0
1137,Entry short,2022-11-04 09:30,[CC] SELL NY,10932,2,437280,-59,-0.01,9,0,0.00,-54.5,-0.01,50555,20.22,0
1138,Exit short,2022-11-06 18:00,NQ09B SELL WEEKLY STOP,10787.5,2,431450,-59,-0.01,9,0,0.00,-54.5,-0.01,50496,20.20,0
1138,Entry short,2022-11-06 18:00,[CC] SELL WEEKLY,10786.25,2,431450,-59,-0.01,9,0,0.00,-54.5,-0.01,50496,20.20,0
1139,Exit short,2022-11-07 09:30,NQ09B SELL NY STOP,10939.75,2,437540,-59,-0.01,9,0,0.00,-54.5,-0.01,50437,20.17,0
1139,Entry short,2022-11-07 09:30,[CC] SELL NY,10938.5,2,437540,-59,-0.01,9,0,0.00,-54.5,-0.01,50437,20.17,0
1140,Exit short,2022-11-08 09:30,NQ09B SELL NY STOP,11077.5,2,443050,-59,-0.01,9,0,0.00,-54.5,-0.01,50378,20.15,0
1140,Entry short,2022-11-08 09:30,[CC] SELL NY,11076.25,2,443050,-59,-0.01,9,0,0.00,-54.5,-0.01,50378,20.15,0
1141,Exit short,2022-11-09 09:30,NQ09B SELL NY N130 TP2,11005.25,2,440720,501,0.11,9,505.5,0.11,-34.5,-0.01,50879,20.35,0
1141,Entry short,2022-11-09 09:30,[CC] SELL NY,11018,2,440720,501,0.11,9,505.5,0.11,-34.5,-0.01,50879,20.35,0
1142,Exit short,2022-11-10 09:30,NQ09B SELL NY N130 TP2,11343.5,2,454250,501,0.11,9,505.5,0.11,-14.5,0.00,51380,20.55,0
1142,Entry short,2022-11-10 09:30,[CC] SELL NY,11356.25,2,454250,501,0.11,9,505.5,0.11,-14.5,0.00,51380,20.55,0
1143,Exit short,2022-11-10 18:00,NQ09B SELL WEEKDAY 1800 STOP,11670.75,2,466780,-59,-0.01,9,0,0.00,-54.5,-0.01,51321,20.53,0
1143,Entry short,2022-11-10 18:00,[CC] SELL PREMIUM,11669.5,2,466780,-59,-0.01,9,0,0.00,-54.5,-0.01,51321,20.53,0
1144,Exit short,2022-11-11 09:30,NQ09B SELL NY STOP,11625.25,2,464960,-59,-0.01,9,0,0.00,-54.5,-0.01,51262,20.50,0
1144,Entry short,2022-11-11 09:30,[CC] SELL NY,11624,2,464960,-59,-0.01,9,0,0.00,-54.5,-0.01,51262,20.50,0
1145,Exit short,2022-11-13 18:00,NQ09B SELL WEEKLY STOP,11792,2,471630,-59,-0.01,9,0,0.00,-54.5,-0.01,51203,20.48,0
1145,Entry short,2022-11-13 18:00,[CC] SELL WEEKLY,11790.75,2,471630,-59,-0.01,9,0,0.00,-54.5,-0.01,51203,20.48,0
1146,Exit short,2022-11-14 09:30,NQ09B SELL NY N130 TP2,11747.25,2,470400,501,0.11,9,505.5,0.11,-14.5,0.00,51704,20.68,0
1146,Entry short,2022-11-14 09:30,[CC] SELL NY,11760,2,470400,501,0.11,9,505.5,0.11,-14.5,0.00,51704,20.68,0
1147,Exit short,2022-11-15 09:30,NQ09B SELL NY STOP,12022.25,2,480840,-59,-0.01,9,135.5,0.03,-54.5,-0.01,51645,20.66,0
1147,Entry short,2022-11-15 09:30,[CC] SELL NY,12021,2,480840,-59,-0.01,9,135.5,0.03,-54.5,-0.01,51645,20.66,0
1148,Exit short,2022-11-16 09:30,NQ09B SELL NY STOP,11824.75,2,472940,-59,-0.01,9,0,0.00,-54.5,-0.01,51586,20.63,0
1148,Entry short,2022-11-16 09:30,[CC] SELL NY,11823.5,2,472940,-59,-0.01,9,0,0.00,-54.5,-0.01,51586,20.63,0
1149,Exit short,2022-11-16 18:00,NQ09B SELL WEEKDAY 1800 STOP,11778.75,1,235550,-29.5,-0.01,4.5,0,0.00,-27.25,-0.01,51556.5,20.62,0
1149,Entry short,2022-11-16 18:00,[CC] SELL WEAK,11777.5,1,235550,-29.5,-0.01,4.5,0,0.00,-27.25,-0.01,51556.5,20.62,0
1150,Exit short,2022-11-17 09:30,NQ09B SELL NY STOP,11552,2,462030,-59,-0.01,9,275.5,0.06,-54.5,-0.01,51497.5,20.60,0
1150,Entry short,2022-11-17 09:30,[CC] SELL NY,11550.75,2,462030,-59,-0.01,9,275.5,0.06,-54.5,-0.01,51497.5,20.60,0
1151,Exit short,2022-11-18 09:30,NQ09B SELL NY STOP,11838.75,2,473500,-59,-0.01,9,0,0.00,-54.5,-0.01,51438.5,20.58,0
1151,Entry short,2022-11-18 09:30,[CC] SELL NY,11837.5,2,473500,-59,-0.01,9,0,0.00,-54.5,-0.01,51438.5,20.58,0
1152,Exit short,2022-11-20 18:00,NQ09B SELL WEEKLY STOP,11724,2,468910,-59,-0.01,9,15.5,0.00,-54.5,-0.01,51379.5,20.55,0
1152,Entry short,2022-11-20 18:00,[CC] SELL WEEKLY,11722.75,2,468910,-59,-0.01,9,15.5,0.00,-54.5,-0.01,51379.5,20.55,0
1153,Exit short,2022-11-21 09:30,NQ09B SELL NY N130 TP2,11636.5,2,465970,501,0.11,9,505.5,0.11,-14.5,0.00,51880.5,20.75,0
1153,Entry short,2022-11-21 09:30,[CC] SELL NY,11649.25,2,465970,501,0.11,9,505.5,0.11,-14.5,0.00,51880.5,20.75,0
1154,Exit short,2022-11-22 09:30,NQ09B SELL NY STOP,11618.25,2,464680,-59,-0.01,9,0,0.00,-54.5,-0.01,51821.5,20.73,0
1154,Entry short,2022-11-22 09:30,[CC] SELL NY,11617,2,464680,-59,-0.01,9,0,0.00,-54.5,-0.01,51821.5,20.73,0
1155,Exit short,2022-11-23 09:30,NQ09B SELL NY STOP,11750.5,2,469970,-59,-0.01,9,155.5,0.03,-54.5,-0.01,51762.5,20.71,0
1155,Entry short,2022-11-23 09:30,[CC] SELL NY,11749.25,2,469970,-59,-0.01,9,155.5,0.03,-54.5,-0.01,51762.5,20.71,0
1156,Exit short,2022-11-24 09:30,NQ09B SELL NY STOP,11915,2,476550,-59,-0.01,9,55.5,0.01,-54.5,-0.01,51703.5,20.68,0
1156,Entry short,2022-11-24 09:30,[CC] SELL NY,11913.75,2,476550,-59,-0.01,9,55.5,0.01,-54.5,-0.01,51703.5,20.68,0
1157,Exit short,2022-11-25 09:30,NQ09B SELL NY STOP,11799.25,2,471920,-59,-0.01,9,0,0.00,-54.5,-0.01,51644.5,20.66,0
1157,Entry short,2022-11-25 09:30,[CC] SELL NY,11798,2,471920,-59,-0.01,9,0,0.00,-54.5,-0.01,51644.5,20.66,0
1158,Exit short,2022-11-27 18:00,NQ09B SELL WEEKLY W80,11723,2,469240,311,0.07,9,315.5,0.07,-14.5,0.00,51955.5,20.78,0
1158,Entry short,2022-11-27 18:00,[CC] SELL WEEKLY,11731,2,469240,311,0.07,9,315.5,0.07,-14.5,0.00,51955.5,20.78,0
1159,Exit short,2022-11-28 09:30,NQ09B SELL NY STOP,11704.5,2,468130,-59,-0.01,9,365.5,0.08,-54.5,-0.01,51896.5,20.76,0
1159,Entry short,2022-11-28 09:30,[CC] SELL NY,11703.25,2,468130,-59,-0.01,9,365.5,0.08,-54.5,-0.01,51896.5,20.76,0
1160,Exit short,2022-11-29 09:30,NQ09B SELL NY STOP,11623,2,464870,-59,-0.01,9,0,0.00,-54.5,-0.01,51837.5,20.74,0
1160,Entry short,2022-11-29 09:30,[CC] SELL NY,11621.75,2,464870,-59,-0.01,9,0,0.00,-54.5,-0.01,51837.5,20.74,0
1161,Exit short,2022-11-30 09:30,NQ09B SELL NY N130 TP2,11521,2,461350,501,0.11,9,505.5,0.11,-14.5,0.00,52338.5,20.94,0
1161,Entry short,2022-11-30 09:30,[CC] SELL NY,11533.75,2,461350,501,0.11,9,505.5,0.11,-14.5,0.00,52338.5,20.94,0
1162,Exit short,2022-11-30 18:00,NQ09B SELL WEEKDAY 1800 STOP,12080.25,2,483160,-59,-0.01,9,0,0.00,-54.5,-0.01,52279.5,20.91,0
1162,Entry short,2022-11-30 18:00,[CC] SELL PREMIUM,12079,2,483160,-59,-0.01,9,0,0.00,-54.5,-0.01,52279.5,20.91,0
1163,Exit short,2022-12-01 09:30,NQ09B SELL NY STOP,12058,2,482270,-59,-0.01,9,0,0.00,-54.5,-0.01,52220.5,20.89,0
1163,Entry short,2022-12-01 09:30,[CC] SELL NY,12056.75,2,482270,-59,-0.01,9,0,0.00,-54.5,-0.01,52220.5,20.89,0
1164,Exit short,2022-12-02 09:30,NQ09B SELL NY STOP,11846.5,2,473810,-59,-0.01,9,35.5,0.01,-54.5,-0.01,52161.5,20.86,0
1164,Entry short,2022-12-02 09:30,[CC] SELL NY,11845.25,2,473810,-59,-0.01,9,35.5,0.01,-54.5,-0.01,52161.5,20.86,0
1165,Exit short,2022-12-04 18:00,NQ09B SELL WEEKLY STOP,12001.5,2,480010,-59,-0.01,9,305.5,0.06,-54.5,-0.01,52102.5,20.84,0
1165,Entry short,2022-12-04 18:00,[CC] SELL WEEKLY,12000.25,2,480010,-59,-0.01,9,305.5,0.06,-54.5,-0.01,52102.5,20.84,0
1166,Exit short,2022-12-05 09:30,NQ09B SELL NY STOP,11921,2,476790,-59,-0.01,9,315.5,0.07,-54.5,-0.01,52043.5,20.82,0
1166,Entry short,2022-12-05 09:30,[CC] SELL NY,11919.75,2,476790,-59,-0.01,9,315.5,0.07,-54.5,-0.01,52043.5,20.82,0
1167,Exit short,2022-12-06 09:30,NQ09B SELL NY STOP,11800,2,471950,-59,-0.01,9,0,0.00,-54.5,-0.01,51984.5,20.79,0
1167,Entry short,2022-12-06 09:30,[CC] SELL NY,11798.75,2,471950,-59,-0.01,9,0,0.00,-54.5,-0.01,51984.5,20.79,0
1168,Exit short,2022-12-07 09:30,NQ09B SELL NY N130 TP2,11496.5,2,460370,501,0.11,9,505.5,0.11,-14.5,0.00,52485.5,20.99,0
1168,Entry short,2022-12-07 09:30,[CC] SELL NY,11509.25,2,460370,501,0.11,9,505.5,0.11,-14.5,0.00,52485.5,20.99,0
1169,Exit short,2022-12-08 09:30,NQ09B SELL NY STOP,11566.5,2,462610,-59,-0.01,9,0,0.00,-54.5,-0.01,52426.5,20.97,0
1169,Entry short,2022-12-08 09:30,[CC] SELL NY,11565.25,2,462610,-59,-0.01,9,0,0.00,-54.5,-0.01,52426.5,20.97,0
1170,Exit short,2022-12-08 18:00,NQ09B SELL WEEKDAY 1800 STOP,11642.5,1,232825,-29.5,-0.01,4.5,62.75,0.03,-27.25,-0.01,52397,20.96,0
1170,Entry short,2022-12-08 18:00,[CC] SELL WEAK,11641.25,1,232825,-29.5,-0.01,4.5,62.75,0.03,-27.25,-0.01,52397,20.96,0
1171,Exit short,2022-12-09 09:30,NQ09B SELL NY STOP,11602.75,2,464060,-59,-0.01,9,0,0.00,-54.5,-0.01,52338,20.94,0
1171,Entry short,2022-12-09 09:30,[CC] SELL NY,11601.5,2,464060,-59,-0.01,9,0,0.00,-54.5,-0.01,52338,20.94,0
1172,Exit short,2022-12-11 18:00,NQ09B SELL WEEKLY STOP,11554,2,462110,-59,-0.01,9,135.5,0.03,-54.5,-0.01,52279,20.91,0
1172,Entry short,2022-12-11 18:00,[CC] SELL WEEKLY,11552.75,2,462110,-59,-0.01,9,135.5,0.03,-54.5,-0.01,52279,20.91,0
1173,Exit short,2022-12-12 09:30,NQ09B SELL NY STOP,11578.25,2,463080,-59,-0.01,9,305.5,0.07,-54.5,-0.01,52220,20.89,0
1173,Entry short,2022-12-12 09:30,[CC] SELL NY,11577,2,463080,-59,-0.01,9,305.5,0.07,-54.5,-0.01,52220,20.89,0
1174,Exit short,2022-12-13 09:30,NQ09B SELL NY STOP,12289.75,2,491540,-59,-0.01,9,0,0.00,-54.5,-0.01,52161,20.86,0
1174,Entry short,2022-12-13 09:30,[CC] SELL NY,12288.5,2,491540,-59,-0.01,9,0,0.00,-54.5,-0.01,52161,20.86,0
1175,Exit short,2022-12-14 09:30,NQ09B SELL NY STOP,11932,2,477230,-59,-0.01,9,25.5,0.01,-54.5,-0.01,52102,20.84,0
1175,Entry short,2022-12-14 09:30,[CC] SELL NY,11930.75,2,477230,-59,-0.01,9,25.5,0.01,-54.5,-0.01,52102,20.84,0
1176,Exit short,2022-12-15 09:30,NQ09B SELL NY STOP,11687.25,2,467440,-59,-0.01,9,0,0.00,-54.5,-0.01,52043,20.82,0
1176,Entry short,2022-12-15 09:30,[CC] SELL NY,11686,2,467440,-59,-0.01,9,0,0.00,-54.5,-0.01,52043,20.82,0
1177,Exit short,2022-12-15 18:00,NQ09B SELL WEEKDAY 1800 STOP,11447.5,1,228925,-29.5,-0.01,4.5,2.75,0.00,-27.25,-0.01,52013.5,20.81,0
1177,Entry short,2022-12-15 18:00,[CC] SELL WEAK,11446.25,1,228925,-29.5,-0.01,4.5,2.75,0.00,-27.25,-0.01,52013.5,20.81,0
1178,Exit short,2022-12-16 09:30,NQ09B SELL NY N130 TP2,11416,2,457150,501,0.11,9,505.5,0.11,-14.5,0.00,52514.5,21.01,0
1178,Entry short,2022-12-16 09:30,[CC] SELL NY,11428.75,2,457150,501,0.11,9,505.5,0.11,-14.5,0.00,52514.5,21.01,0
1179,Exit short,2022-12-18 18:00,NQ09B SELL WEEKLY W80,11320.5,2,453140,311,0.07,9,315.5,0.07,-14.5,0.00,52825.5,21.13,0
1179,Entry short,2022-12-18 18:00,[CC] SELL WEEKLY,11328.5,2,453140,311,0.07,9,315.5,0.07,-14.5,0.00,52825.5,21.13,0
1180,Exit short,2022-12-19 09:30,NQ09B SELL NY STOP,11355,2,454150,-59,-0.01,9,0,0.00,-54.5,-0.01,52766.5,21.11,0
1180,Entry short,2022-12-19 09:30,[CC] SELL NY,11353.75,2,454150,-59,-0.01,9,0,0.00,-54.5,-0.01,52766.5,21.11,0
1181,Exit short,2022-12-20 09:30,NQ09B SELL NY STOP,11134.5,2,445330,-59,-0.01,9,0,0.00,-54.5,-0.01,52707.5,21.08,0
1181,Entry short,2022-12-20 09:30,[CC] SELL NY,11133.25,2,445330,-59,-0.01,9,0,0.00,-54.5,-0.01,52707.5,21.08,0
1182,Exit short,2022-12-21 09:30,NQ09B SELL NY STOP,11218.5,2,448690,-59,-0.01,9,0,0.00,-54.5,-0.01,52648.5,21.06,0
1182,Entry short,2022-12-21 09:30,[CC] SELL NY,11217.25,2,448690,-59,-0.01,9,0,0.00,-54.5,-0.01,52648.5,21.06,0
1183,Exit short,2022-12-22 09:30,NQ09B SELL NY STOP,11204,2,448110,-59,-0.01,9,0,0.00,-54.5,-0.01,52589.5,21.04,0
1183,Entry short,2022-12-22 09:30,[CC] SELL NY,11202.75,2,448110,-59,-0.01,9,0,0.00,-54.5,-0.01,52589.5,21.04,0
1184,Exit short,2022-12-23 09:30,NQ09B SELL NY N130 TP2,10984,2,439870,501,0.11,9,505.5,0.11,-14.5,0.00,53090.5,21.24,0
1184,Entry short,2022-12-23 09:30,[CC] SELL NY,10996.75,2,439870,501,0.11,9,505.5,0.11,-14.5,0.00,53090.5,21.24,0
1185,Exit short,2022-12-27 09:30,NQ09B SELL NY STOP,11052.5,2,442050,-59,-0.01,9,0,0.00,-54.5,-0.01,53031.5,21.21,0
1185,Entry short,2022-12-27 09:30,[CC] SELL NY,11051.25,2,442050,-59,-0.01,9,0,0.00,-54.5,-0.01,53031.5,21.21,0
1186,Exit short,2022-12-28 09:30,NQ09B SELL NY N130 TP2,10887.25,2,436000,501,0.11,9,505.5,0.12,-14.5,0.00,53532.5,21.41,0
1186,Entry short,2022-12-28 09:30,[CC] SELL NY,10900,2,436000,501,0.11,9,505.5,0.12,-14.5,0.00,53532.5,21.41,0
1187,Exit short,2022-12-29 09:30,NQ09B SELL NY STOP,10886.5,2,435410,-59,-0.01,9,0,0.00,-54.5,-0.01,53473.5,21.39,0
1187,Entry short,2022-12-29 09:30,[CC] SELL NY,10885.25,2,435410,-59,-0.01,9,0,0.00,-54.5,-0.01,53473.5,21.39,0
1188,Exit short,2022-12-30 09:30,NQ09B SELL NY N130 TP2,10898.5,2,436450,501,0.11,9,505.5,0.12,-14.5,0.00,53974.5,21.59,0
1188,Entry short,2022-12-30 09:30,[CC] SELL NY,10911.25,2,436450,501,0.11,9,505.5,0.12,-14.5,0.00,53974.5,21.59,0
1189,Exit short,2023-01-03 09:30,NQ09B SELL NY STOP,11120,2,444750,-59,-0.01,9,0,0.00,-54.5,-0.01,53915.5,21.57,0
1189,Entry short,2023-01-03 09:30,[CC] SELL NY,11118.75,2,444750,-59,-0.01,9,0,0.00,-54.5,-0.01,53915.5,21.57,0
1190,Exit short,2023-01-04 09:30,NQ09B SELL NY STOP,11034.5,2,441330,-59,-0.01,9,0,0.00,-54.5,-0.01,53856.5,21.54,0
1190,Entry short,2023-01-04 09:30,[CC] SELL NY,11033.25,2,441330,-59,-0.01,9,0,0.00,-54.5,-0.01,53856.5,21.54,0
1191,Exit short,2023-01-05 09:30,NQ09B SELL NY STOP,10923.5,2,436890,-59,-0.01,9,0,0.00,-54.5,-0.01,53797.5,21.52,0
1191,Entry short,2023-01-05 09:30,[CC] SELL NY,10922.25,2,436890,-59,-0.01,9,0,0.00,-54.5,-0.01,53797.5,21.52,0
1192,Exit short,2023-01-06 09:30,NQ09B SELL NY N130 TP2,10878,2,435630,501,0.12,9,505.5,0.12,-14.5,0.00,54298.5,21.72,0
1192,Entry short,2023-01-06 09:30,[CC] SELL NY,10890.75,2,435630,501,0.12,9,505.5,0.12,-14.5,0.00,54298.5,21.72,0
1193,Exit short,2023-01-08 18:00,NQ09B SELL WEEKLY STOP,11127.5,2,445050,-59,-0.01,9,115.5,0.03,-54.5,-0.01,54239.5,21.70,0
1193,Entry short,2023-01-08 18:00,[CC] SELL WEEKLY,11126.25,2,445050,-59,-0.01,9,115.5,0.03,-54.5,-0.01,54239.5,21.70,0
1194,Exit short,2023-01-09 09:30,NQ09B SELL NY STOP,11200.75,2,447980,-59,-0.01,9,5.5,0.00,-54.5,-0.01,54180.5,21.67,0
1194,Entry short,2023-01-09 09:30,[CC] SELL NY,11199.5,2,447980,-59,-0.01,9,5.5,0.00,-54.5,-0.01,54180.5,21.67,0
1195,Exit short,2023-01-10 09:30,NQ09B SELL NY STOP,11143.75,2,445700,-59,-0.01,9,175.5,0.04,-54.5,-0.01,54121.5,21.65,0
1195,Entry short,2023-01-10 09:30,[CC] SELL NY,11142.5,2,445700,-59,-0.01,9,175.5,0.04,-54.5,-0.01,54121.5,21.65,0
1196,Exit short,2023-01-11 09:30,NQ09B SELL NY STOP,11324.75,2,452940,-59,-0.01,9,0,0.00,-54.5,-0.01,54062.5,21.63,0
1196,Entry short,2023-01-11 09:30,[CC] SELL NY,11323.5,2,452940,-59,-0.01,9,0,0.00,-54.5,-0.01,54062.5,21.63,0
1197,Exit short,2023-01-12 09:30,NQ09B SELL NY STOP,11491,2,459590,-59,-0.01,9,0,0.00,-54.5,-0.01,54003.5,21.60,0
1197,Entry short,2023-01-12 09:30,[CC] SELL NY,11489.75,2,459590,-59,-0.01,9,0,0.00,-54.5,-0.01,54003.5,21.60,0
1198,Exit short,2023-01-13 09:30,NQ09B SELL NY STOP,11425,2,456950,-59,-0.01,9,265.5,0.06,-54.5,-0.01,53944.5,21.58,0
1198,Entry short,2023-01-13 09:30,[CC] SELL NY,11423.75,2,456950,-59,-0.01,9,265.5,0.06,-54.5,-0.01,53944.5,21.58,0
1199,Exit short,2023-01-15 18:00,NQ09B SELL WEEKLY STOP,11614.5,2,464530,-59,-0.01,9,0,0.00,-54.5,-0.01,53885.5,21.55,0
1199,Entry short,2023-01-15 18:00,[CC] SELL WEEKLY,11613.25,2,464530,-59,-0.01,9,0,0.00,-54.5,-0.01,53885.5,21.55,0
1200,Exit short,2023-01-16 09:30,NQ09B SELL NY STOP,11592.25,2,463640,-59,-0.01,9,115.5,0.02,-54.5,-0.01,53826.5,21.53,0
1200,Entry short,2023-01-16 09:30,[CC] SELL NY,11591,2,463640,-59,-0.01,9,115.5,0.02,-54.5,-0.01,53826.5,21.53,0
1201,Exit short,2023-01-17 09:30,NQ09B SELL NY N130 TP2,11585.75,2,463940,501,0.11,9,505.5,0.11,-14.5,0.00,54327.5,21.73,0
1201,Entry short,2023-01-17 09:30,[CC] SELL NY,11598.5,2,463940,501,0.11,9,505.5,0.11,-14.5,0.00,54327.5,21.73,0
1202,Exit short,2023-01-18 09:30,NQ09B SELL NY N130 TP2,11682,2,467790,501,0.11,9,505.5,0.11,-14.5,0.00,54828.5,21.93,0
1202,Entry short,2023-01-18 09:30,[CC] SELL NY,11694.75,2,467790,501,0.11,9,505.5,0.11,-14.5,0.00,54828.5,21.93,0
1203,Exit short,2023-01-19 09:30,NQ09B SELL NY STOP,11408.25,2,456280,-59,-0.01,9,405.5,0.09,-54.5,-0.01,54769.5,21.91,0
1203,Entry short,2023-01-19 09:30,[CC] SELL NY,11407,2,456280,-59,-0.01,9,405.5,0.09,-54.5,-0.01,54769.5,21.91,0
1204,Exit short,2023-01-19 18:00,NQ09B SELL WEEKDAY 1800 STOP,11402,2,456030,-59,-0.01,9,0,0.00,-54.5,-0.01,54710.5,21.88,0
1204,Entry short,2023-01-19 18:00,[CC] SELL PREMIUM,11400.75,2,456030,-59,-0.01,9,0,0.00,-54.5,-0.01,54710.5,21.88,0
1205,Exit short,2023-01-20 09:30,NQ09B SELL NY STOP,11429.25,2,457120,-59,-0.01,9,0,0.00,-54.5,-0.01,54651.5,21.86,0
1205,Entry short,2023-01-20 09:30,[CC] SELL NY,11428,2,457120,-59,-0.01,9,0,0.00,-54.5,-0.01,54651.5,21.86,0
1206,Exit short,2023-01-22 18:00,NQ09B SELL WEEKLY STOP,11677.75,2,467060,-59,-0.01,9,0,0.00,-54.5,-0.01,54592.5,21.84,0
1206,Entry short,2023-01-22 18:00,[CC] SELL WEEKLY,11676.5,2,467060,-59,-0.01,9,0,0.00,-54.5,-0.01,54592.5,21.84,0
1207,Exit short,2023-01-23 09:30,NQ09B SELL NY STOP,11705,2,468150,-59,-0.01,9,0,0.00,-54.5,-0.01,54533.5,21.81,0
1207,Entry short,2023-01-23 09:30,[CC] SELL NY,11703.75,2,468150,-59,-0.01,9,0,0.00,-54.5,-0.01,54533.5,21.81,0
1208,Exit short,2023-01-23 18:00,NQ09B SELL WEEKDAY 1800 STOP,11934,1,238655,-29.5,-0.01,4.5,0,0.00,-27.25,-0.01,54504,21.80,0
1208,Entry short,2023-01-23 18:00,[CC] SELL WEAK,11932.75,1,238655,-29.5,-0.01,4.5,0,0.00,-27.25,-0.01,54504,21.80,0
1209,Exit short,2023-01-24 09:30,NQ09B SELL NY N130 TP2,11847,2,474390,501,0.11,9,505.5,0.11,-14.5,0.00,55005,22.00,0
1209,Entry short,2023-01-24 09:30,[CC] SELL NY,11859.75,2,474390,501,0.11,9,505.5,0.11,-14.5,0.00,55005,22.00,0
1210,Exit short,2023-01-24 18:00,NQ09B SELL WEEKDAY 1800 STOP,11971.5,2,478810,-59,-0.01,9,0,0.00,-54.5,-0.01,54946,21.98,0
1210,Entry short,2023-01-24 18:00,[CC] SELL PREMIUM,11970.25,2,478810,-59,-0.01,9,0,0.00,-54.5,-0.01,54946,21.98,0
1211,Exit short,2023-01-25 09:30,NQ09B SELL NY N130 TP2,11699.5,2,468490,501,0.11,9,505.5,0.11,-24.5,-0.01,55447,22.18,0
1211,Entry short,2023-01-25 09:30,[CC] SELL NY,11712.25,2,468490,501,0.11,9,505.5,0.11,-24.5,-0.01,55447,22.18,0
1212,Exit short,2023-01-25 18:00,NQ09B SELL WEEKDAY 1800 STOP,11875.75,1,237490,-29.5,-0.01,4.5,0,0.00,-27.25,-0.01,55417.5,22.17,0
1212,Entry short,2023-01-25 18:00,[CC] SELL WEAK,11874.5,1,237490,-29.5,-0.01,4.5,0,0.00,-27.25,-0.01,55417.5,22.17,0
1213,Exit short,2023-01-26 09:30,NQ09B SELL NY STOP,12018.75,2,480700,-59,-0.01,9,35.5,0.01,-54.5,-0.01,55358.5,22.14,0
1213,Entry short,2023-01-26 09:30,[CC] SELL NY,12017.5,2,480700,-59,-0.01,9,35.5,0.01,-54.5,-0.01,55358.5,22.14,0
1214,Exit short,2023-01-26 18:00,NQ09B SELL WEEKDAY 1800 STOP,12050,2,481950,-59,-0.01,9,0,0.00,-54.5,-0.01,55299.5,22.12,0
1214,Entry short,2023-01-26 18:00,[CC] SELL PREMIUM,12048.75,2,481950,-59,-0.01,9,0,0.00,-54.5,-0.01,55299.5,22.12,0
1215,Exit short,2023-01-27 09:30,NQ09B SELL NY STOP,12048.25,2,481880,-59,-0.01,9,205.5,0.04,-54.5,-0.01,55240.5,22.10,0
1215,Entry short,2023-01-27 09:30,[CC] SELL NY,12047,2,481880,-59,-0.01,9,205.5,0.04,-54.5,-0.01,55240.5,22.10,0
1216,Exit short,2023-01-29 18:00,NQ09B SELL WEEKLY STOP,12213.5,2,488490,-59,-0.01,9,0,0.00,-54.5,-0.01,55181.5,22.07,0
1216,Entry short,2023-01-29 18:00,[CC] SELL WEEKLY,12212.25,2,488490,-59,-0.01,9,0,0.00,-54.5,-0.01,55181.5,22.07,0
1217,Exit short,2023-01-30 09:30,NQ09B SELL NY N130 TP2,12069.25,2,483280,501,0.10,9,505.5,0.10,-14.5,0.00,55682.5,22.27,0
1217,Entry short,2023-01-30 09:30,[CC] SELL NY,12082,2,483280,501,0.10,9,505.5,0.10,-14.5,0.00,55682.5,22.27,0
1218,Exit short,2023-01-31 09:30,NQ09B SELL NY STOP,11975.25,2,478960,-59,-0.01,9,195.5,0.04,-54.5,-0.01,55623.5,22.25,0
1218,Entry short,2023-01-31 09:30,[CC] SELL NY,11974,2,478960,-59,-0.01,9,195.5,0.04,-54.5,-0.01,55623.5,22.25,0
1219,Exit short,2023-02-01 09:30,NQ09B SELL NY STOP,12144.75,2,485740,-59,-0.01,9,0,0.00,-54.5,-0.01,55564.5,22.23,0
1219,Entry short,2023-02-01 09:30,[CC] SELL NY,12143.5,2,485740,-59,-0.01,9,0,0.00,-54.5,-0.01,55564.5,22.23,0
1220,Exit short,2023-02-01 18:00,NQ09B SELL WEEKDAY 1800 STOP,12521,2,500790,-59,-0.01,9,25.5,0.01,-54.5,-0.01,55505.5,22.20,0
1220,Entry short,2023-02-01 18:00,[CC] SELL PREMIUM,12519.75,2,500790,-59,-0.01,9,25.5,0.01,-54.5,-0.01,55505.5,22.20,0
1221,Exit short,2023-02-02 09:30,NQ09B SELL NY STOP,12682.25,2,507240,-59,-0.01,9,115.5,0.02,-54.5,-0.01,55446.5,22.18,0
1221,Entry short,2023-02-02 09:30,[CC] SELL NY,12681,2,507240,-59,-0.01,9,115.5,0.02,-54.5,-0.01,55446.5,22.18,0
1222,Exit short,2023-02-02 18:00,NQ09B SELL WEEKDAY 1800 STOP,12749.25,2,509920,-59,-0.01,9,0,0.00,-54.5,-0.01,55387.5,22.16,0
1222,Entry short,2023-02-02 18:00,[CC] SELL PREMIUM,12748,2,509920,-59,-0.01,9,0,0.00,-54.5,-0.01,55387.5,22.16,0
1223,Exit short,2023-02-03 09:30,NQ09B SELL NY N130 TP2,12561.25,2,502960,501,0.10,9,505.5,0.10,-14.5,0.00,55888.5,22.36,0
1223,Entry short,2023-02-03 09:30,[CC] SELL NY,12574,2,502960,501,0.10,9,505.5,0.10,-14.5,0.00,55888.5,22.36,0
1224,Exit short,2023-02-05 18:00,NQ09B SELL WEEKLY STOP,12573,2,502870,-59,-0.01,9,0,0.00,-54.5,-0.01,55829.5,22.33,0
1224,Entry short,2023-02-05 18:00,[CC] SELL WEEKLY,12571.75,2,502870,-59,-0.01,9,0,0.00,-54.5,-0.01,55829.5,22.33,0
1225,Exit short,2023-02-06 09:30,NQ09B SELL NY STOP,12510,2,500350,-59,-0.01,9,245.5,0.05,-54.5,-0.01,55770.5,22.31,0
1225,Entry short,2023-02-06 09:30,[CC] SELL NY,12508.75,2,500350,-59,-0.01,9,245.5,0.05,-54.5,-0.01,55770.5,22.31,0
1226,Exit short,2023-02-07 09:30,NQ09B SELL NY STOP,12505,2,500150,-59,-0.01,9,365.5,0.07,-54.5,-0.01,55711.5,22.28,0
1226,Entry short,2023-02-07 09:30,[CC] SELL NY,12503.75,2,500150,-59,-0.01,9,365.5,0.07,-54.5,-0.01,55711.5,22.28,0
1227,Exit short,2023-02-08 09:30,NQ09B SELL NY STOP,12714.75,2,508540,-59,-0.01,9,0,0.00,-54.5,-0.01,55652.5,22.26,0
1227,Entry short,2023-02-08 09:30,[CC] SELL NY,12713.5,2,508540,-59,-0.01,9,0,0.00,-54.5,-0.01,55652.5,22.26,0
1228,Exit short,2023-02-09 09:30,NQ09B SELL NY STOP,12723.5,2,508890,-59,-0.01,9,0,0.00,-54.5,-0.01,55593.5,22.24,0
1228,Entry short,2023-02-09 09:30,[CC] SELL NY,12722.25,2,508890,-59,-0.01,9,0,0.00,-54.5,-0.01,55593.5,22.24,0
1229,Exit short,2023-02-10 09:30,NQ09B SELL NY STOP,12336.25,2,493400,-59,-0.01,9,185.5,0.04,-54.5,-0.01,55534.5,22.21,0
1229,Entry short,2023-02-10 09:30,[CC] SELL NY,12335,2,493400,-59,-0.01,9,185.5,0.04,-54.5,-0.01,55534.5,22.21,0
1230,Exit short,2023-02-12 18:00,NQ09B SELL WEEKLY STOP,12358.5,2,494290,-59,-0.01,9,0,0.00,-54.5,-0.01,55475.5,22.19,0
1230,Entry short,2023-02-12 18:00,[CC] SELL WEEKLY,12357.25,2,494290,-59,-0.01,9,0,0.00,-54.5,-0.01,55475.5,22.19,0
1231,Exit short,2023-02-13 09:30,NQ09B SELL NY STOP,12403.25,2,496080,-59,-0.01,9,0,0.00,-54.5,-0.01,55416.5,22.17,0
1231,Entry short,2023-02-13 09:30,[CC] SELL NY,12402,2,496080,-59,-0.01,9,0,0.00,-54.5,-0.01,55416.5,22.17,0
1232,Exit short,2023-02-14 09:30,NQ09B SELL NY STOP,12475,2,498950,-59,-0.01,9,0,0.00,-54.5,-0.01,55357.5,22.14,0
1232,Entry short,2023-02-14 09:30,[CC] SELL NY,12473.75,2,498950,-59,-0.01,9,0,0.00,-54.5,-0.01,55357.5,22.14,0
1233,Exit short,2023-02-15 09:30,NQ09B SELL NY STOP,12554.5,2,502130,-59,-0.01,9,35.5,0.01,-54.5,-0.01,55298.5,22.12,0
1233,Entry short,2023-02-15 09:30,[CC] SELL NY,12553.25,2,502130,-59,-0.01,9,35.5,0.01,-54.5,-0.01,55298.5,22.12,0
1234,Exit short,2023-02-16 09:30,NQ09B SELL NY STOP,12525,2,500950,-59,-0.01,9,45.5,0.01,-54.5,-0.01,55239.5,22.10,0
1234,Entry short,2023-02-16 09:30,[CC] SELL NY,12523.75,2,500950,-59,-0.01,9,45.5,0.01,-54.5,-0.01,55239.5,22.10,0
1235,Exit short,2023-02-17 09:30,NQ09B SELL NY N130 TP2,12377,2,495590,501,0.10,9,505.5,0.10,-14.5,0.00,55740.5,22.30,0
1235,Entry short,2023-02-17 09:30,[CC] SELL NY,12389.75,2,495590,501,0.10,9,505.5,0.10,-14.5,0.00,55740.5,22.30,0
1236,Exit short,2023-02-19 18:00,NQ09B SELL WEEKLY STOP,12381,2,495190,-59,-0.01,9,0,0.00,-54.5,-0.01,55681.5,22.27,0
1236,Entry short,2023-02-19 18:00,[CC] SELL WEEKLY,12379.75,2,495190,-59,-0.01,9,0,0.00,-54.5,-0.01,55681.5,22.27,0
1237,Exit short,2023-02-20 09:30,NQ09B SELL NY STOP,12394.25,2,495720,-59,-0.01,9,0,0.00,-54.5,-0.01,55622.5,22.25,0
1237,Entry short,2023-02-20 09:30,[CC] SELL NY,12393,2,495720,-59,-0.01,9,0,0.00,-54.5,-0.01,55622.5,22.25,0
1238,Exit short,2023-02-21 09:30,NQ09B SELL NY STOP,12230,2,489150,-59,-0.01,9,325.5,0.07,-54.5,-0.01,55563.5,22.23,0
1238,Entry short,2023-02-21 09:30,[CC] SELL NY,12228.75,2,489150,-59,-0.01,9,325.5,0.07,-54.5,-0.01,55563.5,22.23,0
1239,Exit short,2023-02-22 09:30,NQ09B SELL NY STOP,12121.75,2,484820,-59,-0.01,9,195.5,0.04,-54.5,-0.01,55504.5,22.20,0
1239,Entry short,2023-02-22 09:30,[CC] SELL NY,12120.5,2,484820,-59,-0.01,9,195.5,0.04,-54.5,-0.01,55504.5,22.20,0
1240,Exit short,2023-02-22 18:00,NQ09B SELL WEEKDAY 1800 STOP,12177.25,2,487040,-59,-0.01,9,0,0.00,-54.5,-0.01,55445.5,22.18,0
1240,Entry short,2023-02-22 18:00,[CC] SELL PREMIUM,12176,2,487040,-59,-0.01,9,0,0.00,-54.5,-0.01,55445.5,22.18,0
1241,Exit short,2023-02-23 09:30,NQ09B SELL NY STOP,12253.5,2,490090,-59,-0.01,9,0,0.00,-54.5,-0.01,55386.5,22.15,0
1241,Entry short,2023-02-23 09:30,[CC] SELL NY,12252.25,2,490090,-59,-0.01,9,0,0.00,-54.5,-0.01,55386.5,22.15,0
1242,Exit short,2023-02-24 09:30,NQ09B SELL NY STOP,11994.75,2,479740,-59,-0.01,9,495.5,0.10,-54.5,-0.01,55327.5,22.13,0
1242,Entry short,2023-02-24 09:30,[CC] SELL NY,11993.5,2,479740,-59,-0.01,9,495.5,0.10,-54.5,-0.01,55327.5,22.13,0
1243,Exit short,2023-02-26 18:00,NQ09B SELL WEEKLY STOP,12004,2,480110,-59,-0.01,9,0,0.00,-54.5,-0.01,55268.5,22.11,0
1243,Entry short,2023-02-26 18:00,[CC] SELL WEEKLY,12002.75,2,480110,-59,-0.01,9,0,0.00,-54.5,-0.01,55268.5,22.11,0
1244,Exit short,2023-02-27 09:30,NQ09B SELL NY STOP,12132,2,485230,-59,-0.01,9,0,0.00,-54.5,-0.01,55209.5,22.08,0
1244,Entry short,2023-02-27 09:30,[CC] SELL NY,12130.75,2,485230,-59,-0.01,9,0,0.00,-54.5,-0.01,55209.5,22.08,0
1245,Exit short,2023-02-28 09:30,NQ09B SELL NY N130 TP2,12042.75,2,482220,501,0.10,9,505.5,0.10,-14.5,0.00,55710.5,22.28,0
1245,Entry short,2023-02-28 09:30,[CC] SELL NY,12055.5,2,482220,501,0.10,9,505.5,0.10,-14.5,0.00,55710.5,22.28,0
1246,Exit short,2023-03-01 09:30,NQ09B SELL NY STOP,12053,2,482070,-59,-0.01,9,0,0.00,-54.5,-0.01,55651.5,22.26,0
1246,Entry short,2023-03-01 09:30,[CC] SELL NY,12051.75,2,482070,-59,-0.01,9,0,0.00,-54.5,-0.01,55651.5,22.26,0
1247,Exit short,2023-03-02 09:30,NQ09B SELL NY STOP,11858.5,2,474290,-59,-0.01,9,435.5,0.09,-54.5,-0.01,55592.5,22.24,0
1247,Entry short,2023-03-02 09:30,[CC] SELL NY,11857.25,2,474290,-59,-0.01,9,435.5,0.09,-54.5,-0.01,55592.5,22.24,0
1248,Exit short,2023-03-03 09:30,NQ09B SELL NY STOP,12135.75,2,485380,-59,-0.01,9,0,0.00,-54.5,-0.01,55533.5,22.21,0
1248,Entry short,2023-03-03 09:30,[CC] SELL NY,12134.5,2,485380,-59,-0.01,9,0,0.00,-54.5,-0.01,55533.5,22.21,0
1249,Exit short,2023-03-05 18:00,NQ09B SELL WEEKLY STOP,12307.25,2,492240,-59,-0.01,9,0,0.00,-54.5,-0.01,55474.5,22.19,0
1249,Entry short,2023-03-05 18:00,[CC] SELL WEEKLY,12306,2,492240,-59,-0.01,9,0,0.00,-54.5,-0.01,55474.5,22.19,0
1250,Exit short,2023-03-06 09:30,NQ09B SELL NY STOP,12361.75,2,494420,-59,-0.01,9,105.5,0.02,-54.5,-0.01,55415.5,22.17,0
1250,Entry short,2023-03-06 09:30,[CC] SELL NY,12360.5,2,494420,-59,-0.01,9,105.5,0.02,-54.5,-0.01,55415.5,22.17,0
1251,Exit short,2023-03-07 09:30,NQ09B SELL NY STOP,12325.25,2,492960,-59,-0.01,9,435.5,0.09,-54.5,-0.01,55356.5,22.14,0
1251,Entry short,2023-03-07 09:30,[CC] SELL NY,12324,2,492960,-59,-0.01,9,435.5,0.09,-54.5,-0.01,55356.5,22.14,0
1252,Exit short,2023-03-07 18:00,NQ09B SELL WEEKDAY 1800 STOP,12171,1,243395,-29.5,-0.01,4.5,0,0.00,-27.25,-0.01,55327,22.13,0
1252,Entry short,2023-03-07 18:00,[CC] SELL WEAK,12169.75,1,243395,-29.5,-0.01,4.5,0,0.00,-27.25,-0.01,55327,22.13,0
1253,Exit short,2023-03-08 09:30,NQ09B SELL NY STOP,12186.25,2,487400,-59,-0.01,9,265.5,0.05,-54.5,-0.01,55268,22.11,0
1253,Entry short,2023-03-08 09:30,[CC] SELL NY,12185,2,487400,-59,-0.01,9,265.5,0.05,-54.5,-0.01,55268,22.11,0
1254,Exit short,2023-03-09 09:30,NQ09B SELL NY N130 TP2,12233.25,2,489840,501,0.10,9,505.5,0.10,-14.5,0.00,55769,22.31,0
1254,Entry short,2023-03-09 09:30,[CC] SELL NY,12246,2,489840,501,0.10,9,505.5,0.10,-14.5,0.00,55769,22.31,0
1255,Exit short,2023-03-09 18:00,NQ09B SELL WEEKDAY 1800 D80,11996.75,1,240095,155.5,0.06,4.5,157.75,0.07,-17.25,-0.01,55924.5,22.37,0
1255,Entry short,2023-03-09 18:00,[CC] SELL WEAK,12004.75,1,240095,155.5,0.06,4.5,157.75,0.07,-17.25,-0.01,55924.5,22.37,0
1256,Exit short,2023-03-10 09:30,NQ09B SELL NY STOP,12019,2,480710,-59,-0.01,9,0,0.00,-54.5,-0.01,55865.5,22.35,0
1256,Entry short,2023-03-10 09:30,[CC] SELL NY,12017.75,2,480710,-59,-0.01,9,0,0.00,-54.5,-0.01,55865.5,22.35,0
1257,Exit short,2023-03-12 18:00,NQ09B SELL WEEKLY STOP,11895.75,2,475780,-59,-0.01,9,0,0.00,-54.5,-0.01,55806.5,22.32,0
1257,Entry short,2023-03-12 18:00,[CC] SELL WEEKLY,11894.5,2,475780,-59,-0.01,9,0,0.00,-54.5,-0.01,55806.5,22.32,0
1258,Exit short,2023-03-13 09:30,NQ09B SELL NY N130 TP2,11755.5,2,470730,501,0.11,9,505.5,0.11,-14.5,0.00,56307.5,22.52,0
1258,Entry short,2023-03-13 09:30,[CC] SELL NY,11768.25,2,470730,501,0.11,9,505.5,0.11,-14.5,0.00,56307.5,22.52,0
1259,Exit short,2023-03-13 18:00,NQ09B SELL WEEKDAY 1800 D80,12071.75,1,241595,155.5,0.06,4.5,157.75,0.07,-7.25,0.00,56463,22.59,0
1259,Entry short,2023-03-13 18:00,[CC] SELL WEAK,12079.75,1,241595,155.5,0.06,4.5,157.75,0.07,-7.25,0.00,56463,22.59,0
1260,Exit short,2023-03-14 09:30,NQ09B SELL NY STOP,12209.5,2,488330,-59,-0.01,9,295.5,0.06,-54.5,-0.01,56404,22.56,0
1260,Entry short,2023-03-14 09:30,[CC] SELL NY,12208.25,2,488330,-59,-0.01,9,295.5,0.06,-54.5,-0.01,56404,22.56,0
1261,Exit short,2023-03-15 09:30,NQ09B SELL NY STOP,12211.5,2,488410,-59,-0.01,9,485.5,0.10,-54.5,-0.01,56345,22.54,0
1261,Entry short,2023-03-15 09:30,[CC] SELL NY,12210.25,2,488410,-59,-0.01,9,485.5,0.10,-54.5,-0.01,56345,22.54,0
1262,Exit short,2023-03-16 09:30,NQ09B SELL NY STOP,12346.25,2,493800,-59,-0.01,9,0,0.00,-54.5,-0.01,56286,22.51,0
1262,Entry short,2023-03-16 09:30,[CC] SELL NY,12345,2,493800,-59,-0.01,9,0,0.00,-54.5,-0.01,56286,22.51,0
1263,Exit short,2023-03-17 09:30,NQ09B SELL NY N130 TP2,12699.5,2,508490,501,0.10,9,505.5,0.10,-14.5,0.00,56787,22.71,0
1263,Entry short,2023-03-17 09:30,[CC] SELL NY,12712.25,2,508490,501,0.10,9,505.5,0.10,-14.5,0.00,56787,22.71,0
1264,Exit short,2023-03-19 18:00,NQ09B SELL WEEKLY W80,12681.75,2,507590,311,0.06,9,315.5,0.06,-14.5,0.00,57098,22.84,0
1264,Entry short,2023-03-19 18:00,[CC] SELL WEEKLY,12689.75,2,507590,311,0.06,9,315.5,0.06,-14.5,0.00,57098,22.84,0
1265,Exit short,2023-03-20 09:30,NQ09B SELL NY STOP,12624,2,504910,-59,-0.01,9,0,0.00,-54.5,-0.01,57039,22.82,0
1265,Entry short,2023-03-20 09:30,[CC] SELL NY,12622.75,2,504910,-59,-0.01,9,0,0.00,-54.5,-0.01,57039,22.82,0
1266,Exit short,2023-03-21 09:30,NQ09B SELL NY STOP,12776.25,2,511000,-59,-0.01,9,35.5,0.01,-54.5,-0.01,56980,22.79,0
1266,Entry short,2023-03-21 09:30,[CC] SELL NY,12775,2,511000,-59,-0.01,9,35.5,0.01,-54.5,-0.01,56980,22.79,0
1267,Exit short,2023-03-22 09:30,NQ09B SELL NY STOP,12873.75,2,514900,-59,-0.01,9,0,0.00,-54.5,-0.01,56921,22.77,0
1267,Entry short,2023-03-22 09:30,[CC] SELL NY,12872.5,2,514900,-59,-0.01,9,0,0.00,-54.5,-0.01,56921,22.77,0
1268,Exit short,2023-03-22 18:00,NQ09B SELL WEEKDAY 1800 STOP,12696,1,253895,-29.5,-0.01,4.5,7.75,0.00,-27.25,-0.01,56891.5,22.76,0
1268,Entry short,2023-03-22 18:00,[CC] SELL WEAK,12694.75,1,253895,-29.5,-0.01,4.5,7.75,0.00,-27.25,-0.01,56891.5,22.76,0
1269,Exit short,2023-03-23 09:30,NQ09B SELL NY STOP,12856,2,514190,-59,-0.01,9,45.5,0.01,-54.5,-0.01,56832.5,22.73,0
1269,Entry short,2023-03-23 09:30,[CC] SELL NY,12854.75,2,514190,-59,-0.01,9,45.5,0.01,-54.5,-0.01,56832.5,22.73,0
1270,Exit short,2023-03-23 18:00,NQ09B SELL WEEKDAY 1800 STOP,12872.5,1,257425,-29.5,-0.01,4.5,52.75,0.02,-27.25,-0.01,56803,22.72,0
1270,Entry short,2023-03-23 18:00,[CC] SELL WEAK,12871.25,1,257425,-29.5,-0.01,4.5,52.75,0.02,-27.25,-0.01,56803,22.72,0
1271,Exit short,2023-03-24 09:30,NQ09B SELL NY STOP,12827.75,2,513060,-59,-0.01,9,0,0.00,-54.5,-0.01,56744,22.70,0
1271,Entry short,2023-03-24 09:30,[CC] SELL NY,12826.5,2,513060,-59,-0.01,9,0,0.00,-54.5,-0.01,56744,22.70,0
1272,Exit short,2023-03-26 18:00,NQ09B SELL WEEKLY STOP,12917,2,516630,-59,-0.01,9,0,0.00,-54.5,-0.01,56685,22.67,0
1272,Entry short,2023-03-26 18:00,[CC] SELL WEEKLY,12915.75,2,516630,-59,-0.01,9,0,0.00,-54.5,-0.01,56685,22.67,0
1273,Exit short,2023-03-27 09:30,NQ09B SELL NY STOP,12920.25,2,516760,-59,-0.01,9,0,0.00,-54.5,-0.01,56626,22.65,0
1273,Entry short,2023-03-27 09:30,[CC] SELL NY,12919,2,516760,-59,-0.01,9,0,0.00,-54.5,-0.01,56626,22.65,0
1274,Exit short,2023-03-28 09:30,NQ09B SELL NY STOP,12777.25,2,511040,-59,-0.01,9,0,0.00,-54.5,-0.01,56567,22.63,0
1274,Entry short,2023-03-28 09:30,[CC] SELL NY,12776,2,511040,-59,-0.01,9,0,0.00,-54.5,-0.01,56567,22.63,0
1275,Exit short,2023-03-29 09:30,NQ09B SELL NY STOP,12888.25,2,515480,-59,-0.01,9,235.5,0.05,-54.5,-0.01,56508,22.60,0
1275,Entry short,2023-03-29 09:30,[CC] SELL NY,12887,2,515480,-59,-0.01,9,235.5,0.05,-54.5,-0.01,56508,22.60,0
1276,Exit short,2023-03-30 09:30,NQ09B SELL NY STOP,13065.75,2,522580,-59,-0.01,9,0,0.00,-54.5,-0.01,56449,22.58,0
1276,Entry short,2023-03-30 09:30,[CC] SELL NY,13064.5,2,522580,-59,-0.01,9,0,0.00,-54.5,-0.01,56449,22.58,0
1277,Exit short,2023-03-31 09:30,NQ09B SELL NY STOP,13093,2,523670,-59,-0.01,9,455.5,0.09,-54.5,-0.01,56390,22.56,0
1277,Entry short,2023-03-31 09:30,[CC] SELL NY,13091.75,2,523670,-59,-0.01,9,455.5,0.09,-54.5,-0.01,56390,22.56,0
1278,Exit short,2023-04-02 18:00,NQ09B SELL WEEKLY STOP,13263,2,530470,-59,-0.01,9,0,0.00,-54.5,-0.01,56331,22.53,0
1278,Entry short,2023-04-02 18:00,[CC] SELL WEEKLY,13261.75,2,530470,-59,-0.01,9,0,0.00,-54.5,-0.01,56331,22.53,0
1279,Exit short,2023-04-03 09:30,NQ09B SELL NY STOP,13211,2,528390,-59,-0.01,9,455.5,0.09,-54.5,-0.01,56272,22.51,0
1279,Entry short,2023-04-03 09:30,[CC] SELL NY,13209.75,2,528390,-59,-0.01,9,455.5,0.09,-54.5,-0.01,56272,22.51,0
1280,Exit short,2023-04-04 09:30,NQ09B SELL NY STOP,13285.75,2,531380,-59,-0.01,9,0,0.00,-54.5,-0.01,56213,22.49,0
1280,Entry short,2023-04-04 09:30,[CC] SELL NY,13284.5,2,531380,-59,-0.01,9,0,0.00,-54.5,-0.01,56213,22.49,0
1281,Exit short,2023-04-05 09:30,NQ09B SELL NY STOP,13174.75,2,526940,-59,-0.01,9,0,0.00,-54.5,-0.01,56154,22.46,0
1281,Entry short,2023-04-05 09:30,[CC] SELL NY,13173.5,2,526940,-59,-0.01,9,0,0.00,-54.5,-0.01,56154,22.46,0
1282,Exit short,2023-04-06 09:30,NQ09B SELL NY STOP,13013.5,2,520490,-59,-0.01,9,0,0.00,-54.5,-0.01,56095,22.44,0
1282,Entry short,2023-04-06 09:30,[CC] SELL NY,13012.25,2,520490,-59,-0.01,9,0,0.00,-54.5,-0.01,56095,22.44,0
1283,Exit short,2023-04-09 18:00,NQ09B SELL NY STOP,13180.75,2,527180,-59,-0.01,9,0,0.00,-54.5,-0.01,56036,22.41,0
1283,Entry short,2023-04-09 18:00,[CC] SELL NY,13179.5,2,527180,-59,-0.01,9,0,0.00,-54.5,-0.01,56036,22.41,0
1284,Exit short,2023-04-10 09:30,NQ09B SELL NY STOP,13044.75,2,521740,-59,-0.01,9,0,0.00,-54.5,-0.01,55977,22.39,0
1284,Entry short,2023-04-10 09:30,[CC] SELL NY,13043.5,2,521740,-59,-0.01,9,0,0.00,-54.5,-0.01,55977,22.39,0
1285,Exit short,2023-04-11 09:30,NQ09B SELL NY STOP,13160.25,2,526360,-59,-0.01,9,0,0.00,-54.5,-0.01,55918,22.37,0
1285,Entry short,2023-04-11 09:30,[CC] SELL NY,13159,2,526360,-59,-0.01,9,0,0.00,-54.5,-0.01,55918,22.37,0
1286,Exit short,2023-04-12 09:30,NQ09B SELL NY N130 TP2,13144,2,526270,501,0.10,9,505.5,0.10,-14.5,0.00,56419,22.57,0
1286,Entry short,2023-04-12 09:30,[CC] SELL NY,13156.75,2,526270,501,0.10,9,505.5,0.10,-14.5,0.00,56419,22.57,0
1287,Exit short,2023-04-13 09:30,NQ09B SELL NY STOP,13028.75,2,521100,-59,-0.01,9,305.5,0.06,-54.5,-0.01,56360,22.54,0
1287,Entry short,2023-04-13 09:30,[CC] SELL NY,13027.5,2,521100,-59,-0.01,9,305.5,0.06,-54.5,-0.01,56360,22.54,0
1288,Exit short,2023-04-13 18:00,NQ09B SELL WEEKDAY 1800 STOP,13184,2,527310,-59,-0.01,9,0,0.00,-54.5,-0.01,56301,22.52,0
1288,Entry short,2023-04-13 18:00,[CC] SELL PREMIUM,13182.75,2,527310,-59,-0.01,9,0,0.00,-54.5,-0.01,56301,22.52,0
1289,Exit short,2023-04-14 09:30,NQ09B SELL NY STOP,13140.25,2,525560,-59,-0.01,9,215.5,0.04,-54.5,-0.01,56242,22.50,0
1289,Entry short,2023-04-14 09:30,[CC] SELL NY,13139,2,525560,-59,-0.01,9,215.5,0.04,-54.5,-0.01,56242,22.50,0
1290,Exit short,2023-04-16 18:00,NQ09B SELL WEEKLY STOP,13213.5,2,528490,-59,-0.01,9,0,0.00,-54.5,-0.01,56183,22.47,0
1290,Entry short,2023-04-16 18:00,[CC] SELL WEEKLY,13212.25,2,528490,-59,-0.01,9,0,0.00,-54.5,-0.01,56183,22.47,0
1291,Exit short,2023-04-17 09:30,NQ09B SELL NY N130 TP2,13149.5,2,526490,501,0.10,9,505.5,0.10,-14.5,0.00,56684,22.67,0
1291,Entry short,2023-04-17 09:30,[CC] SELL NY,13162.25,2,526490,501,0.10,9,505.5,0.10,-14.5,0.00,56684,22.67,0
1292,Exit short,2023-04-18 09:30,NQ09B SELL NY STOP,13281,2,531190,-59,-0.01,9,0,0.00,-54.5,-0.01,56625,22.65,0
1292,Entry short,2023-04-18 09:30,[CC] SELL NY,13279.75,2,531190,-59,-0.01,9,0,0.00,-54.5,-0.01,56625,22.65,0
1293,Exit short,2023-04-19 09:30,NQ09B SELL NY STOP,13086.25,2,523400,-59,-0.01,9,175.5,0.03,-54.5,-0.01,56566,22.63,0
1293,Entry short,2023-04-19 09:30,[CC] SELL NY,13085,2,523400,-59,-0.01,9,175.5,0.03,-54.5,-0.01,56566,22.63,0
1294,Exit short,2023-04-20 09:30,NQ09B SELL NY STOP,13052.5,2,522050,-59,-0.01,9,195.5,0.04,-54.5,-0.01,56507,22.60,0
1294,Entry short,2023-04-20 09:30,[CC] SELL NY,13051.25,2,522050,-59,-0.01,9,195.5,0.04,-54.5,-0.01,56507,22.60,0
1295,Exit short,2023-04-21 09:30,NQ09B SELL NY N130 TP2,13044.75,2,522300,501,0.10,9,505.5,0.10,-14.5,0.00,57008,22.80,0
1295,Entry short,2023-04-21 09:30,[CC] SELL NY,13057.5,2,522300,501,0.10,9,505.5,0.10,-14.5,0.00,57008,22.80,0
1296,Exit short,2023-04-23 18:00,NQ09B SELL WEEKLY STOP,13071,2,522790,-59,-0.01,9,0,0.00,-54.5,-0.01,56949,22.78,0
1296,Entry short,2023-04-23 18:00,[CC] SELL WEEKLY,13069.75,2,522790,-59,-0.01,9,0,0.00,-54.5,-0.01,56949,22.78,0
1297,Exit short,2023-04-24 09:30,NQ09B SELL NY STOP,13078.5,2,523090,-59,-0.01,9,0,0.00,-54.5,-0.01,56890,22.76,0
1297,Entry short,2023-04-24 09:30,[CC] SELL NY,13077.25,2,523090,-59,-0.01,9,0,0.00,-54.5,-0.01,56890,22.76,0
1298,Exit short,2023-04-24 18:00,NQ09B SELL WEEKDAY 1800 STOP,13051.25,1,261000,-29.5,-0.01,4.5,147.75,0.06,-27.25,-0.01,56860.5,22.74,0
1298,Entry short,2023-04-24 18:00,[CC] SELL WEAK,13050,1,261000,-29.5,-0.01,4.5,147.75,0.06,-27.25,-0.01,56860.5,22.74,0
1299,Exit short,2023-04-25 09:30,NQ09B SELL NY STOP,12989.25,2,519520,-59,-0.01,9,295.5,0.06,-54.5,-0.01,56801.5,22.72,0
1299,Entry short,2023-04-25 09:30,[CC] SELL NY,12988,2,519520,-59,-0.01,9,295.5,0.06,-54.5,-0.01,56801.5,22.72,0
1300,Exit short,2023-04-25 18:00,NQ09B SELL WEEKDAY 1800 D80,12931.75,2,517590,311,0.06,9,315.5,0.06,-14.5,0.00,57112.5,22.85,0
1300,Entry short,2023-04-25 18:00,[CC] SELL PREMIUM,12939.75,2,517590,311,0.06,9,315.5,0.06,-14.5,0.00,57112.5,22.85,0
1301,Exit short,2023-04-26 09:30,NQ09B SELL NY STOP,12951.25,2,518000,-59,-0.01,9,0,0.00,-54.5,-0.01,57053.5,22.82,0
1301,Entry short,2023-04-26 09:30,[CC] SELL NY,12950,2,518000,-59,-0.01,9,0,0.00,-54.5,-0.01,57053.5,22.82,0
1302,Exit short,2023-04-26 18:00,NQ09B SELL WEEKDAY 1800 STOP,12966,2,518590,-59,-0.01,9,0,0.00,-54.5,-0.01,56994.5,22.80,0
1302,Entry short,2023-04-26 18:00,[CC] SELL PREMIUM,12964.75,2,518590,-59,-0.01,9,0,0.00,-54.5,-0.01,56994.5,22.80,0
1303,Exit short,2023-04-27 09:30,NQ09B SELL NY STOP,13041.75,2,521620,-59,-0.01,9,0,0.00,-54.5,-0.01,56935.5,22.77,0
1303,Entry short,2023-04-27 09:30,[CC] SELL NY,13040.5,2,521620,-59,-0.01,9,0,0.00,-54.5,-0.01,56935.5,22.77,0
1304,Exit short,2023-04-27 18:00,NQ09B SELL WEEKDAY 1800 STOP,13216,2,528590,-59,-0.01,9,0,0.00,-54.5,-0.01,56876.5,22.75,0
1304,Entry short,2023-04-27 18:00,[CC] SELL PREMIUM,13214.75,2,528590,-59,-0.01,9,0,0.00,-54.5,-0.01,56876.5,22.75,0
1305,Exit short,2023-04-28 09:30,NQ09B SELL NY N130 TP2,13207.25,2,528800,501,0.09,9,505.5,0.10,-14.5,0.00,57377.5,22.95,0
1305,Entry short,2023-04-28 09:30,[CC] SELL NY,13220,2,528800,501,0.09,9,505.5,0.10,-14.5,0.00,57377.5,22.95,0
1306,Exit short,2023-04-30 18:00,NQ09B SELL WEEKLY STOP,13318,2,532670,-59,-0.01,9,0,0.00,-54.5,-0.01,57318.5,22.93,0
1306,Entry short,2023-04-30 18:00,[CC] SELL WEEKLY,13316.75,2,532670,-59,-0.01,9,0,0.00,-54.5,-0.01,57318.5,22.93,0
1307,Exit short,2023-05-01 09:30,NQ09B SELL NY STOP,13301.75,2,532020,-59,-0.01,9,285.5,0.05,-54.5,-0.01,57259.5,22.90,0
1307,Entry short,2023-05-01 09:30,[CC] SELL NY,13300.5,2,532020,-59,-0.01,9,285.5,0.05,-54.5,-0.01,57259.5,22.90,0
1308,Exit short,2023-05-01 18:00,NQ09B SELL WEEKDAY 1800 D80,13281.75,1,265795,155.5,0.06,4.5,157.75,0.06,-7.25,0.00,57415,22.97,0
1308,Entry short,2023-05-01 18:00,[CC] SELL WEAK,13289.75,1,265795,155.5,0.06,4.5,157.75,0.06,-7.25,0.00,57415,22.97,0
1309,Exit short,2023-05-02 09:30,NQ09B SELL NY STOP,13302,2,532030,-59,-0.01,9,0,0.00,-54.5,-0.01,57356,22.94,0
1309,Entry short,2023-05-02 09:30,[CC] SELL NY,13300.75,2,532030,-59,-0.01,9,0,0.00,-54.5,-0.01,57356,22.94,0
1310,Exit short,2023-05-02 18:00,NQ09B SELL WEEKDAY 1800 STOP,13163,1,263235,-29.5,-0.01,4.5,0,0.00,-27.25,-0.01,57326.5,22.93,0
1310,Entry short,2023-05-02 18:00,[CC] SELL WEAK,13161.75,1,263235,-29.5,-0.01,4.5,0,0.00,-27.25,-0.01,57326.5,22.93,0
1311,Exit short,2023-05-03 09:30,NQ09B SELL NY STOP,13199.75,2,527940,-59,-0.01,9,0,0.00,-54.5,-0.01,57267.5,22.91,0
1311,Entry short,2023-05-03 09:30,[CC] SELL NY,13198.5,2,527940,-59,-0.01,9,0,0.00,-54.5,-0.01,57267.5,22.91,0
1312,Exit short,2023-05-03 18:00,NQ09B SELL WEEKDAY 1800 D80,13055.75,1,261275,155.5,0.06,4.5,157.75,0.06,-7.25,0.00,57423,22.97,0
1312,Entry short,2023-05-03 18:00,[CC] SELL WEAK,13063.75,1,261275,155.5,0.06,4.5,157.75,0.06,-7.25,0.00,57423,22.97,0
1313,Exit short,2023-05-04 09:30,NQ09B SELL NY STOP,13083.75,2,523300,-59,-0.01,9,0,0.00,-54.5,-0.01,57364,22.95,0
1313,Entry short,2023-05-04 09:30,[CC] SELL NY,13082.5,2,523300,-59,-0.01,9,0,0.00,-54.5,-0.01,57364,22.95,0
1314,Exit short,2023-05-04 18:00,NQ09B SELL WEEKDAY 1800 STOP,13061,1,261195,-29.5,-0.01,4.5,77.75,0.03,-27.25,-0.01,57334.5,22.93,0
1314,Entry short,2023-05-04 18:00,[CC] SELL WEAK,13059.75,1,261195,-29.5,-0.01,4.5,77.75,0.03,-27.25,-0.01,57334.5,22.93,0
1315,Exit short,2023-05-05 09:30,NQ09B SELL NY N130 TP2,13126.25,2,525560,501,0.10,9,505.5,0.10,-14.5,0.00,57835.5,23.13,0
1315,Entry short,2023-05-05 09:30,[CC] SELL NY,13139,2,525560,501,0.10,9,505.5,0.10,-14.5,0.00,57835.5,23.13,0
1316,Exit short,2023-05-07 18:00,NQ09B SELL WEEKLY STOP,13317,2,532630,-59,-0.01,9,195.5,0.04,-54.5,-0.01,57776.5,23.11,0
1316,Entry short,2023-05-07 18:00,[CC] SELL WEEKLY,13315.75,2,532630,-59,-0.01,9,195.5,0.04,-54.5,-0.01,57776.5,23.11,0
1317,Exit short,2023-05-08 09:30,NQ09B SELL NY STOP,13302,2,532030,-59,-0.01,9,345.5,0.06,-54.5,-0.01,57717.5,23.09,0
1317,Entry short,2023-05-08 09:30,[CC] SELL NY,13300.75,2,532030,-59,-0.01,9,345.5,0.06,-54.5,-0.01,57717.5,23.09,0
1318,Exit short,2023-05-09 09:30,NQ09B SELL NY STOP,13282,2,531230,-59,-0.01,9,65.5,0.01,-54.5,-0.01,57658.5,23.06,0
1318,Entry short,2023-05-09 09:30,[CC] SELL NY,13280.75,2,531230,-59,-0.01,9,65.5,0.01,-54.5,-0.01,57658.5,23.06,0
1319,Exit short,2023-05-10 09:30,NQ09B SELL NY STOP,13367.5,2,534650,-59,-0.01,9,45.5,0.01,-54.5,-0.01,57599.5,23.04,0
1319,Entry short,2023-05-10 09:30,[CC] SELL NY,13366.25,2,534650,-59,-0.01,9,45.5,0.01,-54.5,-0.01,57599.5,23.04,0
1320,Exit short,2023-05-11 09:30,NQ09B SELL NY STOP,13428.25,2,537080,-59,-0.01,9,0,0.00,-54.5,-0.01,57540.5,23.02,0
1320,Entry short,2023-05-11 09:30,[CC] SELL NY,13427,2,537080,-59,-0.01,9,0,0.00,-54.5,-0.01,57540.5,23.02,0
1321,Exit short,2023-05-12 09:30,NQ09B SELL NY STOP,13469,2,538710,-59,-0.01,9,135.5,0.03,-54.5,-0.01,57481.5,22.99,0
1321,Entry short,2023-05-12 09:30,[CC] SELL NY,13467.75,2,538710,-59,-0.01,9,135.5,0.03,-54.5,-0.01,57481.5,22.99,0
1322,Exit short,2023-05-14 18:00,NQ09B SELL WEEKLY W80,13370.5,2,535140,311,0.06,9,315.5,0.06,-14.5,0.00,57792.5,23.12,0
1322,Entry short,2023-05-14 18:00,[CC] SELL WEEKLY,13378.5,2,535140,311,0.06,9,315.5,0.06,-14.5,0.00,57792.5,23.12,0
1323,Exit short,2023-05-15 09:30,NQ09B SELL NY STOP,13417.75,2,536660,-59,-0.01,9,0,0.00,-54.5,-0.01,57733.5,23.09,0
1323,Entry short,2023-05-15 09:30,[CC] SELL NY,13416.5,2,536660,-59,-0.01,9,0,0.00,-54.5,-0.01,57733.5,23.09,0
1324,Exit short,2023-05-16 09:30,NQ09B SELL NY STOP,13437,2,537430,-59,-0.01,9,45.5,0.01,-54.5,-0.01,57674.5,23.07,0
1324,Entry short,2023-05-16 09:30,[CC] SELL NY,13435.75,2,537430,-59,-0.01,9,45.5,0.01,-54.5,-0.01,57674.5,23.07,0
1325,Exit short,2023-05-17 09:30,NQ09B SELL NY STOP,13526,2,540990,-59,-0.01,9,205.5,0.04,-54.5,-0.01,57615.5,23.05,0
1325,Entry short,2023-05-17 09:30,[CC] SELL NY,13524.75,2,540990,-59,-0.01,9,205.5,0.04,-54.5,-0.01,57615.5,23.05,0
1326,Exit short,2023-05-18 09:30,NQ09B SELL NY STOP,13654.75,2,546140,-59,-0.01,9,25.5,0.00,-54.5,-0.01,57556.5,23.02,0
1326,Entry short,2023-05-18 09:30,[CC] SELL NY,13653.5,2,546140,-59,-0.01,9,25.5,0.00,-54.5,-0.01,57556.5,23.02,0
1327,Exit short,2023-05-18 18:00,NQ09B SELL WEEKDAY 1800 STOP,13909.5,2,556330,-59,-0.01,9,0,0.00,-54.5,-0.01,57497.5,23.00,0
1327,Entry short,2023-05-18 18:00,[CC] SELL PREMIUM,13908.25,2,556330,-59,-0.01,9,0,0.00,-54.5,-0.01,57497.5,23.00,0
1328,Exit short,2023-05-19 09:30,NQ09B SELL NY STOP,13899.25,2,555920,-59,-0.01,9,0,0.00,-54.5,-0.01,57438.5,22.98,0
1328,Entry short,2023-05-19 09:30,[CC] SELL NY,13898,2,555920,-59,-0.01,9,0,0.00,-54.5,-0.01,57438.5,22.98,0
1329,Exit short,2023-05-21 18:00,NQ09B SELL WEEKLY W80,13797.25,2,552210,311,0.06,9,315.5,0.06,-14.5,0.00,57749.5,23.10,0
1329,Entry short,2023-05-21 18:00,[CC] SELL WEEKLY,13805.25,2,552210,311,0.06,9,315.5,0.06,-14.5,0.00,57749.5,23.10,0
1330,Exit short,2023-05-22 09:30,NQ09B SELL NY STOP,13849,2,553910,-59,-0.01,9,25.5,0.00,-54.5,-0.01,57690.5,23.08,0
1330,Entry short,2023-05-22 09:30,[CC] SELL NY,13847.75,2,553910,-59,-0.01,9,25.5,0.00,-54.5,-0.01,57690.5,23.08,0
1331,Exit short,2023-05-23 09:30,NQ09B SELL NY STOP,13832,2,553230,-59,-0.01,9,335.5,0.06,-54.5,-0.01,57631.5,23.05,0
1331,Entry short,2023-05-23 09:30,[CC] SELL NY,13830.75,2,553230,-59,-0.01,9,335.5,0.06,-54.5,-0.01,57631.5,23.05,0
1332,Exit short,2023-05-24 09:30,NQ09B SELL NY STOP,13644.25,2,545720,-59,-0.01,9,0,0.00,-54.5,-0.01,57572.5,23.03,0
1332,Entry short,2023-05-24 09:30,[CC] SELL NY,13643,2,545720,-59,-0.01,9,0,0.00,-54.5,-0.01,57572.5,23.03,0
1333,Exit short,2023-05-24 18:00,NQ09B SELL WEEKDAY 1800 STOP,13878,2,555070,-59,-0.01,9,0,0.00,-54.5,-0.01,57513.5,23.01,0
1333,Entry short,2023-05-24 18:00,[CC] SELL PREMIUM,13876.75,2,555070,-59,-0.01,9,0,0.00,-54.5,-0.01,57513.5,23.01,0
1334,Exit short,2023-05-25 09:30,NQ09B SELL NY STOP,13955.75,2,558180,-59,-0.01,9,0,0.00,-54.5,-0.01,57454.5,22.98,0
1334,Entry short,2023-05-25 09:30,[CC] SELL NY,13954.5,2,558180,-59,-0.01,9,0,0.00,-54.5,-0.01,57454.5,22.98,0
1335,Exit short,2023-05-26 09:30,NQ09B SELL NY STOP,14019.5,2,560730,-59,-0.01,9,135.5,0.02,-54.5,-0.01,57395.5,22.96,0
1335,Entry short,2023-05-26 09:30,[CC] SELL NY,14018.25,2,560730,-59,-0.01,9,135.5,0.02,-54.5,-0.01,57395.5,22.96,0
1336,Exit short,2023-05-28 18:00,NQ09B SELL WEEKLY STOP,14438.5,2,577490,-59,-0.01,9,0,0.00,-54.5,-0.01,57336.5,22.93,0
1336,Entry short,2023-05-28 18:00,[CC] SELL WEEKLY,14437.25,2,577490,-59,-0.01,9,0,0.00,-54.5,-0.01,57336.5,22.93,0
1337,Exit short,2023-05-29 10:00,NQ09B SELL NY STOP,14379.25,2,575120,-59,-0.01,9,395.5,0.07,-54.5,-0.01,57277.5,22.91,1
1337,Entry short,2023-05-29 09:30,[CC] SELL NY,14378,2,575120,-59,-0.01,9,395.5,0.07,-54.5,-0.01,57277.5,22.91,1
1338,Exit short,2023-05-30 09:30,NQ09B SELL NY STOP,14511,2,580390,-59,-0.01,9,0,0.00,-54.5,-0.01,57218.5,22.89,0
1338,Entry short,2023-05-30 09:30,[CC] SELL NY,14509.75,2,580390,-59,-0.01,9,0,0.00,-54.5,-0.01,57218.5,22.89,0
1339,Exit short,2023-05-31 09:30,NQ09B SELL NY STOP,14331,2,573190,-59,-0.01,9,225.5,0.04,-54.5,-0.01,57159.5,22.86,0
1339,Entry short,2023-05-31 09:30,[CC] SELL NY,14329.75,2,573190,-59,-0.01,9,225.5,0.04,-54.5,-0.01,57159.5,22.86,0
1340,Exit short,2023-05-31 18:00,NQ09B SELL WEEKDAY 1800 STOP,14290.5,1,285785,-29.5,-0.01,4.5,0,0.00,-27.25,-0.01,57130,22.85,0
1340,Entry short,2023-05-31 18:00,[CC] SELL WEAK,14289.25,1,285785,-29.5,-0.01,4.5,0,0.00,-27.25,-0.01,57130,22.85,0
1341,Exit short,2023-06-01 09:30,NQ09B SELL NY STOP,14299,2,571910,-59,-0.01,9,0,0.00,-54.5,-0.01,57071,22.83,0
1341,Entry short,2023-06-01 09:30,[CC] SELL NY,14297.75,2,571910,-59,-0.01,9,0,0.00,-54.5,-0.01,57071,22.83,0
1342,Exit short,2023-06-02 09:30,NQ09B SELL NY STOP,14544.25,2,581720,-59,-0.01,9,0,0.00,-54.5,-0.01,57012,22.80,0
1342,Entry short,2023-06-02 09:30,[CC] SELL NY,14543,2,581720,-59,-0.01,9,0,0.00,-54.5,-0.01,57012,22.80,0
1343,Exit short,2023-06-04 18:00,NQ09B SELL WEEKLY STOP,14578,2,583070,-59,-0.01,9,0,0.00,-54.5,-0.01,56953,22.78,0
1343,Entry short,2023-06-04 18:00,[CC] SELL WEEKLY,14576.75,2,583070,-59,-0.01,9,0,0.00,-54.5,-0.01,56953,22.78,0
1344,Exit short,2023-06-05 09:30,NQ09B SELL NY STOP,14569.25,2,582720,-59,-0.01,9,5.5,0.00,-54.5,-0.01,56894,22.76,0
1344,Entry short,2023-06-05 09:30,[CC] SELL NY,14568,2,582720,-59,-0.01,9,5.5,0.00,-54.5,-0.01,56894,22.76,0
1345,Exit short,2023-06-06 09:30,NQ09B SELL NY N130 TP2,14548,2,582430,501,0.09,9,505.5,0.09,-34.5,-0.01,57395,22.96,0
1345,Entry short,2023-06-06 09:30,[CC] SELL NY,14560.75,2,582430,501,0.09,9,505.5,0.09,-34.5,-0.01,57395,22.96,0
1346,Exit short,2023-06-07 09:30,NQ09B SELL NY STOP,14593.25,2,583680,-59,-0.01,9,5.5,0.00,-54.5,-0.01,57336,22.93,0
1346,Entry short,2023-06-07 09:30,[CC] SELL NY,14592,2,583680,-59,-0.01,9,5.5,0.00,-54.5,-0.01,57336,22.93,0
1347,Exit short,2023-06-08 09:30,NQ09B SELL NY STOP,14339,2,573510,-59,-0.01,9,285.5,0.05,-54.5,-0.01,57277,22.91,0
1347,Entry short,2023-06-08 09:30,[CC] SELL NY,14337.75,2,573510,-59,-0.01,9,285.5,0.05,-54.5,-0.01,57277,22.91,0
1348,Exit short,2023-06-08 18:00,NQ09B SELL WEEKDAY 1800 STOP,14518,2,580670,-59,-0.01,9,0,0.00,-54.5,-0.01,57218,22.89,0
1348,Entry short,2023-06-08 18:00,[CC] SELL PREMIUM,14516.75,2,580670,-59,-0.01,9,0,0.00,-54.5,-0.01,57218,22.89,0
1349,Exit short,2023-06-09 09:30,NQ09B SELL NY STOP,14562.75,2,582460,-59,-0.01,9,175.5,0.03,-54.5,-0.01,57159,22.86,0
1349,Entry short,2023-06-09 09:30,[CC] SELL NY,14561.5,2,582460,-59,-0.01,9,175.5,0.03,-54.5,-0.01,57159,22.86,0
1350,Exit short,2023-06-11 18:00,NQ09B SELL WEEKLY STOP,14561.25,2,582400,-59,-0.01,9,0,0.00,-54.5,-0.01,57100,22.84,0
1350,Entry short,2023-06-11 18:00,[CC] SELL WEEKLY,14560,2,582400,-59,-0.01,9,0,0.00,-54.5,-0.01,57100,22.84,0
1351,Exit short,2023-06-12 09:30,NQ09B SELL NY STOP,14623.75,2,584900,-59,-0.01,9,0,0.00,-54.5,-0.01,57041,22.82,0
1351,Entry short,2023-06-12 09:30,[CC] SELL NY,14622.5,2,584900,-59,-0.01,9,0,0.00,-54.5,-0.01,57041,22.82,0
1352,Exit short,2023-06-13 09:30,NQ09B SELL NY STOP,15098,2,603870,-59,-0.01,9,0,0.00,-54.5,-0.01,56982,22.79,0
1352,Entry short,2023-06-13 09:30,[CC] SELL NY,15096.75,2,603870,-59,-0.01,9,0,0.00,-54.5,-0.01,56982,22.79,0
1353,Exit short,2023-06-13 18:00,NQ09B SELL WEEKDAY 1800 STOP,15111.25,1,302200,-29.5,-0.01,4.5,2.75,0.00,-27.25,-0.01,56952.5,22.78,0
1353,Entry short,2023-06-13 18:00,[CC] SELL WEAK,15110,1,302200,-29.5,-0.01,4.5,2.75,0.00,-27.25,-0.01,56952.5,22.78,0
1354,Exit short,2023-06-14 09:30,NQ09B SELL NY STOP,15096.5,2,603810,-59,-0.01,9,0,0.00,-54.5,-0.01,56893.5,22.76,0
1354,Entry short,2023-06-14 09:30,[CC] SELL NY,15095.25,2,603810,-59,-0.01,9,0,0.00,-54.5,-0.01,56893.5,22.76,0
1355,Exit short,2023-06-14 18:00,NQ09B SELL WEEKDAY 1800 STOP,15223,2,608870,-59,-0.01,9,195.5,0.03,-54.5,-0.01,56834.5,22.73,0
1355,Entry short,2023-06-14 18:00,[CC] SELL PREMIUM,15221.75,2,608870,-59,-0.01,9,195.5,0.03,-54.5,-0.01,56834.5,22.73,0
1356,Exit short,2023-06-15 09:30,NQ09B SELL NY STOP,15142,2,605630,-59,-0.01,9,0,0.00,-54.5,-0.01,56775.5,22.71,0
1356,Entry short,2023-06-15 09:30,[CC] SELL NY,15140.75,2,605630,-59,-0.01,9,0,0.00,-54.5,-0.01,56775.5,22.71,0
1357,Exit short,2023-06-16 09:30,NQ09B SELL NY STOP,15472,2,618830,-59,-0.01,9,0,0.00,-54.5,-0.01,56716.5,22.69,0
1357,Entry short,2023-06-16 09:30,[CC] SELL NY,15470.75,2,618830,-59,-0.01,9,0,0.00,-54.5,-0.01,56716.5,22.69,0
1358,Exit short,2023-06-18 18:00,NQ09B SELL WEEKLY STOP,15304.25,2,612120,-59,-0.01,9,45.5,0.01,-54.5,-0.01,56657.5,22.66,0
1358,Entry short,2023-06-18 18:00,[CC] SELL WEEKLY,15303,2,612120,-59,-0.01,9,45.5,0.01,-54.5,-0.01,56657.5,22.66,0
1359,Exit short,2023-06-19 09:30,NQ09B SELL NY STOP,15252,2,610030,-59,-0.01,9,0,0.00,-54.5,-0.01,56598.5,22.64,0
1359,Entry short,2023-06-19 09:30,[CC] SELL NY,15250.75,2,610030,-59,-0.01,9,0,0.00,-54.5,-0.01,56598.5,22.64,0
1360,Exit short,2023-06-20 09:30,NQ09B SELL NY STOP,15212.5,2,608450,-59,-0.01,9,265.5,0.04,-54.5,-0.01,56539.5,22.62,0
1360,Entry short,2023-06-20 09:30,[CC] SELL NY,15211.25,2,608450,-59,-0.01,9,265.5,0.04,-54.5,-0.01,56539.5,22.62,0
1361,Exit short,2023-06-21 09:30,NQ09B SELL NY STOP,15202.75,2,608060,-59,-0.01,9,0,0.00,-54.5,-0.01,56480.5,22.59,0
1361,Entry short,2023-06-21 09:30,[CC] SELL NY,15201.5,2,608060,-59,-0.01,9,0,0.00,-54.5,-0.01,56480.5,22.59,0
1362,Exit short,2023-06-22 09:30,NQ09B SELL NY N130 TP2,14968.5,2,599250,501,0.08,9,505.5,0.08,-14.5,0.00,56981.5,22.79,0
1362,Entry short,2023-06-22 09:30,[CC] SELL NY,14981.25,2,599250,501,0.08,9,505.5,0.08,-14.5,0.00,56981.5,22.79,0
1363,Exit short,2023-06-22 18:00,NQ09B SELL WEEKDAY 1800 D80,15227.75,2,609430,311,0.05,9,315.5,0.05,-14.5,0.00,57292.5,22.92,0
1363,Entry short,2023-06-22 18:00,[CC] SELL PREMIUM,15235.75,2,609430,311,0.05,9,315.5,0.05,-14.5,0.00,57292.5,22.92,0
1364,Exit short,2023-06-23 09:30,NQ09B SELL NY STOP,15044.5,2,601730,-59,-0.01,9,355.5,0.06,-54.5,-0.01,57233.5,22.89,0
1364,Entry short,2023-06-23 09:30,[CC] SELL NY,15043.25,2,601730,-59,-0.01,9,355.5,0.06,-54.5,-0.01,57233.5,22.89,0
1365,Exit short,2023-06-25 18:00,NQ09B SELL WEEKLY STOP,15058.75,2,602300,-59,-0.01,9,125.5,0.02,-54.5,-0.01,57174.5,22.87,0
1365,Entry short,2023-06-25 18:00,[CC] SELL WEEKLY,15057.5,2,602300,-59,-0.01,9,125.5,0.02,-54.5,-0.01,57174.5,22.87,0
1366,Exit short,2023-06-26 09:30,NQ09B SELL NY STOP,15037.5,2,601450,-59,-0.01,9,465.5,0.08,-54.5,-0.01,57115.5,22.85,0
1366,Entry short,2023-06-26 09:30,[CC] SELL NY,15036.25,2,601450,-59,-0.01,9,465.5,0.08,-54.5,-0.01,57115.5,22.85,0
1367,Exit short,2023-06-27 09:30,NQ09B SELL NY STOP,14918.75,2,596700,-59,-0.01,9,0,0.00,-54.5,-0.01,57056.5,22.82,0
1367,Entry short,2023-06-27 09:30,[CC] SELL NY,14917.5,2,596700,-59,-0.01,9,0,0.00,-54.5,-0.01,57056.5,22.82,0
1368,Exit short,2023-06-28 09:30,NQ09B SELL NY STOP,15030.5,2,601170,-59,-0.01,9,145.5,0.02,-54.5,-0.01,56997.5,22.80,0
1368,Entry short,2023-06-28 09:30,[CC] SELL NY,15029.25,2,601170,-59,-0.01,9,145.5,0.02,-54.5,-0.01,56997.5,22.80,0
1369,Exit short,2023-06-29 09:30,NQ09B SELL NY STOP,15120.25,2,604760,-59,-0.01,9,0,0.00,-54.5,-0.01,56938.5,22.78,0
1369,Entry short,2023-06-29 09:30,[CC] SELL NY,15119,2,604760,-59,-0.01,9,0,0.00,-54.5,-0.01,56938.5,22.78,0
1370,Exit short,2023-06-30 09:30,NQ09B SELL NY N130 TP2,15239,2,610070,501,0.08,9,505.5,0.08,-14.5,0.00,57439.5,22.98,0
1370,Entry short,2023-06-30 09:30,[CC] SELL NY,15251.75,2,610070,501,0.08,9,505.5,0.08,-14.5,0.00,57439.5,22.98,0
1371,Exit short,2023-07-02 18:00,NQ09B SELL WEEKLY STOP,15332,2,613230,-59,-0.01,9,5.5,0.00,-54.5,-0.01,57380.5,22.95,0
1371,Entry short,2023-07-02 18:00,[CC] SELL WEEKLY,15330.75,2,613230,-59,-0.01,9,5.5,0.00,-54.5,-0.01,57380.5,22.95,0
1372,Exit short,2023-07-03 09:30,NQ09B SELL NY N130 TP2,15342.25,2,614200,501,0.08,9,505.5,0.08,-14.5,0.00,57881.5,23.15,0
1372,Entry short,2023-07-03 09:30,[CC] SELL NY,15355,2,614200,501,0.08,9,505.5,0.08,-14.5,0.00,57881.5,23.15,0
1373,Exit short,2023-07-03 18:00,NQ09B SELL WEEKDAY 1800 STOP,15358,1,307135,-29.5,-0.01,4.5,0,0.00,-27.25,-0.01,57852,23.14,0
1373,Entry short,2023-07-03 18:00,[CC] SELL WEAK,15356.75,1,307135,-29.5,-0.01,4.5,0,0.00,-27.25,-0.01,57852,23.14,0
1374,Exit short,2023-07-04 09:30,NQ09B SELL NY STOP,15364.75,2,614540,-59,-0.01,9,15.5,0.00,-54.5,-0.01,57793,23.12,0
1374,Entry short,2023-07-04 09:30,[CC] SELL NY,15363.5,2,614540,-59,-0.01,9,15.5,0.00,-54.5,-0.01,57793,23.12,0
1375,Exit short,2023-07-05 09:30,NQ09B SELL NY STOP,15294.5,2,611730,-59,-0.01,9,25.5,0.00,-54.5,-0.01,57734,23.09,0
1375,Entry short,2023-07-05 09:30,[CC] SELL NY,15293.25,2,611730,-59,-0.01,9,25.5,0.00,-54.5,-0.01,57734,23.09,0
1376,Exit short,2023-07-06 09:30,NQ09B SELL NY STOP,15197,2,607830,-59,-0.01,9,0,0.00,-54.5,-0.01,57675,23.07,0
1376,Entry short,2023-07-06 09:30,[CC] SELL NY,15195.75,2,607830,-59,-0.01,9,0,0.00,-54.5,-0.01,57675,23.07,0
1377,Exit short,2023-07-07 09:30,NQ09B SELL NY N130 TP2,15207.5,2,608810,501,0.08,9,505.5,0.08,-14.5,0.00,58176,23.27,0
1377,Entry short,2023-07-07 09:30,[CC] SELL NY,15220.25,2,608810,501,0.08,9,505.5,0.08,-14.5,0.00,58176,23.27,0
1378,Exit short,2023-07-09 18:00,NQ09B SELL WEEKLY W80,15190.25,2,607930,311,0.05,9,315.5,0.05,-14.5,0.00,58487,23.39,0
1378,Entry short,2023-07-09 18:00,[CC] SELL WEEKLY,15198.25,2,607930,311,0.05,9,315.5,0.05,-14.5,0.00,58487,23.39,0
1379,Exit short,2023-07-10 09:30,NQ09B SELL NY STOP,15169.5,2,606730,-59,-0.01,9,35.5,0.01,-54.5,-0.01,58428,23.37,0
1379,Entry short,2023-07-10 09:30,[CC] SELL NY,15168.25,2,606730,-59,-0.01,9,35.5,0.01,-54.5,-0.01,58428,23.37,0
1380,Exit short,2023-07-11 09:30,NQ09B SELL NY STOP,15203,2,608070,-59,-0.01,9,0,0.00,-54.5,-0.01,58369,23.35,0
1380,Entry short,2023-07-11 09:30,[CC] SELL NY,15201.75,2,608070,-59,-0.01,9,0,0.00,-54.5,-0.01,58369,23.35,0
1381,Exit short,2023-07-12 09:30,NQ09B SELL NY STOP,15431.25,2,617200,-59,-0.01,9,0,0.00,-54.5,-0.01,58310,23.32,0
1381,Entry short,2023-07-12 09:30,[CC] SELL NY,15430,2,617200,-59,-0.01,9,0,0.00,-54.5,-0.01,58310,23.32,0
1382,Exit short,2023-07-13 09:30,NQ09B SELL NY STOP,15577.25,2,623040,-59,-0.01,9,0,0.00,-54.5,-0.01,58251,23.30,0
1382,Entry short,2023-07-13 09:30,[CC] SELL NY,15576,2,623040,-59,-0.01,9,0,0.00,-54.5,-0.01,58251,23.30,0
1383,Exit short,2023-07-14 09:30,NQ09B SELL NY STOP,15723,2,628870,-59,-0.01,9,5.5,0.00,-54.5,-0.01,58192,23.28,0
1383,Entry short,2023-07-14 09:30,[CC] SELL NY,15721.75,2,628870,-59,-0.01,9,5.5,0.00,-54.5,-0.01,58192,23.28,0
1384,Exit short,2023-07-16 18:00,NQ09B SELL WEEKLY W80,15681.75,2,627590,311,0.05,9,315.5,0.05,-14.5,0.00,58503,23.40,0
1384,Entry short,2023-07-16 18:00,[CC] SELL WEEKLY,15689.75,2,627590,311,0.05,9,315.5,0.05,-14.5,0.00,58503,23.40,0
1385,Exit short,2023-07-17 09:30,NQ09B SELL NY STOP,15730.75,2,629180,-59,-0.01,9,125.5,0.02,-54.5,-0.01,58444,23.38,0
1385,Entry short,2023-07-17 09:30,[CC] SELL NY,15729.5,2,629180,-59,-0.01,9,125.5,0.02,-54.5,-0.01,58444,23.38,0
1386,Exit short,2023-07-18 09:30,NQ09B SELL NY STOP,15816.25,2,632600,-59,-0.01,9,0,0.00,-54.5,-0.01,58385,23.35,0
1386,Entry short,2023-07-18 09:30,[CC] SELL NY,15815,2,632600,-59,-0.01,9,0,0.00,-54.5,-0.01,58385,23.35,0
1387,Exit short,2023-07-19 09:30,NQ09B SELL NY STOP,16013.75,2,640500,-59,-0.01,9,0,0.00,-54.5,-0.01,58326,23.33,0
1387,Entry short,2023-07-19 09:30,[CC] SELL NY,16012.5,2,640500,-59,-0.01,9,0,0.00,-54.5,-0.01,58326,23.33,0
1388,Exit short,2023-07-19 18:00,NQ09B SELL WEEKDAY 1800 STOP,15923.75,1,318450,-29.5,-0.01,4.5,0,0.00,-27.25,-0.01,58296.5,23.32,0
1388,Entry short,2023-07-19 18:00,[CC] SELL WEAK,15922.5,1,318450,-29.5,-0.01,4.5,0,0.00,-27.25,-0.01,58296.5,23.32,0
1389,Exit short,2023-07-20 09:30,NQ09B SELL NY STOP,15834.75,2,633340,-59,-0.01,9,65.5,0.01,-54.5,-0.01,58237.5,23.30,0
1389,Entry short,2023-07-20 09:30,[CC] SELL NY,15833.5,2,633340,-59,-0.01,9,65.5,0.01,-54.5,-0.01,58237.5,23.30,0
1390,Exit short,2023-07-21 09:30,NQ09B SELL NY STOP,15689.25,2,627520,-59,-0.01,9,0,0.00,-54.5,-0.01,58178.5,23.27,0
1390,Entry short,2023-07-21 09:30,[CC] SELL NY,15688,2,627520,-59,-0.01,9,0,0.00,-54.5,-0.01,58178.5,23.27,0
1391,Exit short,2023-07-23 18:00,NQ09B SELL WEEKLY STOP,15557,2,622230,-59,-0.01,9,115.5,0.02,-54.5,-0.01,58119.5,23.25,0
1391,Entry short,2023-07-23 18:00,[CC] SELL WEEKLY,15555.75,2,622230,-59,-0.01,9,115.5,0.02,-54.5,-0.01,58119.5,23.25,0
1392,Exit short,2023-07-24 09:30,NQ09B SELL NY STOP,15579.5,2,623130,-59,-0.01,9,165.5,0.03,-54.5,-0.01,58060.5,23.22,0
1392,Entry short,2023-07-24 09:30,[CC] SELL NY,15578.25,2,623130,-59,-0.01,9,165.5,0.03,-54.5,-0.01,58060.5,23.22,0
1393,Exit short,2023-07-25 09:30,NQ09B SELL NY STOP,15590,2,623550,-59,-0.01,9,35.5,0.01,-54.5,-0.01,58001.5,23.20,0
1393,Entry short,2023-07-25 09:30,[CC] SELL NY,15588.75,2,623550,-59,-0.01,9,35.5,0.01,-54.5,-0.01,58001.5,23.20,0
1394,Exit short,2023-07-25 18:00,NQ09B SELL WEEKDAY 1800 STOP,15731.25,2,629200,-59,-0.01,9,0,0.00,-54.5,-0.01,57942.5,23.18,0
1394,Entry short,2023-07-25 18:00,[CC] SELL PREMIUM,15730,2,629200,-59,-0.01,9,0,0.00,-54.5,-0.01,57942.5,23.18,0
1395,Exit short,2023-07-26 09:30,NQ09B SELL NY STOP,15620,2,624750,-59,-0.01,9,0,0.00,-54.5,-0.01,57883.5,23.15,0
1395,Entry short,2023-07-26 09:30,[CC] SELL NY,15618.75,2,624750,-59,-0.01,9,0,0.00,-54.5,-0.01,57883.5,23.15,0
1396,Exit short,2023-07-26 18:00,NQ09B SELL WEEKDAY 1800 STOP,15639.75,2,625540,-59,-0.01,9,65.5,0.01,-54.5,-0.01,57824.5,23.13,0
1396,Entry short,2023-07-26 18:00,[CC] SELL PREMIUM,15638.5,2,625540,-59,-0.01,9,65.5,0.01,-54.5,-0.01,57824.5,23.13,0
1397,Exit short,2023-07-27 09:30,NQ09B SELL NY STOP,15835.75,2,633380,-59,-0.01,9,455.5,0.07,-54.5,-0.01,57765.5,23.11,0
1397,Entry short,2023-07-27 09:30,[CC] SELL NY,15834.5,2,633380,-59,-0.01,9,455.5,0.07,-54.5,-0.01,57765.5,23.11,0
1398,Exit short,2023-07-28 09:30,NQ09B SELL NY STOP,15738.75,2,629500,-59,-0.01,9,0,0.00,-54.5,-0.01,57706.5,23.08,0
1398,Entry short,2023-07-28 09:30,[CC] SELL NY,15737.5,2,629500,-59,-0.01,9,0,0.00,-54.5,-0.01,57706.5,23.08,0
1399,Exit short,2023-07-30 18:00,NQ09B SELL WEEKLY W80,15841.75,2,633990,311,0.05,9,315.5,0.05,-14.5,0.00,58017.5,23.21,0
1399,Entry short,2023-07-30 18:00,[CC] SELL WEEKLY,15849.75,2,633990,311,0.05,9,315.5,0.05,-14.5,0.00,58017.5,23.21,0
1400,Exit short,2023-07-31 09:30,NQ09B SELL NY N130 TP2,15847,2,634390,501,0.08,9,505.5,0.08,-14.5,0.00,58518.5,23.41,0
1400,Entry short,2023-07-31 09:30,[CC] SELL NY,15859.75,2,634390,501,0.08,9,505.5,0.08,-14.5,0.00,58518.5,23.41,0
1401,Exit short,2023-08-01 09:30,NQ09B SELL NY STOP,15797.5,2,631850,-59,-0.01,9,0,0.00,-54.5,-0.01,58459.5,23.38,0
1401,Entry short,2023-08-01 09:30,[CC] SELL NY,15796.25,2,631850,-59,-0.01,9,0,0.00,-54.5,-0.01,58459.5,23.38,0
1402,Exit short,2023-08-01 18:00,NQ09B SELL WEEKDAY 1800 D80,15748.75,1,315135,155.5,0.05,4.5,157.75,0.05,-17.25,-0.01,58615,23.45,0
1402,Entry short,2023-08-01 18:00,[CC] SELL WEAK,15756.75,1,315135,155.5,0.05,4.5,157.75,0.05,-17.25,-0.01,58615,23.45,0
1403,Exit short,2023-08-02 09:30,NQ09B SELL NY STOP,15668.5,2,626690,-59,-0.01,9,0,0.00,-54.5,-0.01,58556,23.42,0
1403,Entry short,2023-08-02 09:30,[CC] SELL NY,15667.25,2,626690,-59,-0.01,9,0,0.00,-54.5,-0.01,58556,23.42,0
1404,Exit short,2023-08-02 18:00,NQ09B SELL WEEKDAY 1800 STOP,15456.75,1,309110,-29.5,-0.01,4.5,87.75,0.03,-27.25,-0.01,58526.5,23.41,0
1404,Entry short,2023-08-02 18:00,[CC] SELL WEAK,15455.5,1,309110,-29.5,-0.01,4.5,87.75,0.03,-27.25,-0.01,58526.5,23.41,0
1405,Exit short,2023-08-03 09:30,NQ09B SELL NY STOP,15359,2,614310,-59,-0.01,9,255.5,0.04,-54.5,-0.01,58467.5,23.39,0
1405,Entry short,2023-08-03 09:30,[CC] SELL NY,15357.75,2,614310,-59,-0.01,9,255.5,0.04,-54.5,-0.01,58467.5,23.39,0
1406,Exit short,2023-08-03 18:00,NQ09B SELL WEEKDAY 1800 D80,15432.75,2,617630,311,0.05,9,315.5,0.05,-14.5,0.00,58778.5,23.51,0
1406,Entry short,2023-08-03 18:00,[CC] SELL PREMIUM,15440.75,2,617630,311,0.05,9,315.5,0.05,-14.5,0.00,58778.5,23.51,0
1407,Exit short,2023-08-04 09:30,NQ09B SELL NY N130 TP2,15498.5,2,620450,501,0.08,9,505.5,0.08,-14.5,0.00,59279.5,23.71,0
1407,Entry short,2023-08-04 09:30,[CC] SELL NY,15511.25,2,620450,501,0.08,9,505.5,0.08,-14.5,0.00,59279.5,23.71,0
1408,Exit short,2023-08-06 18:00,NQ09B SELL WEEKLY W80,15362.25,2,614810,311,0.05,9,315.5,0.05,-14.5,0.00,59590.5,23.84,0
1408,Entry short,2023-08-06 18:00,[CC] SELL WEEKLY,15370.25,2,614810,311,0.05,9,315.5,0.05,-14.5,0.00,59590.5,23.84,0
1409,Exit short,2023-08-07 09:30,NQ09B SELL NY N130 TP2,15420.5,2,617330,501,0.08,9,505.5,0.08,-14.5,0.00,60091.5,24.04,0
1409,Entry short,2023-08-07 09:30,[CC] SELL NY,15433.25,2,617330,501,0.08,9,505.5,0.08,-14.5,0.00,60091.5,24.04,0
1410,Exit short,2023-08-08 09:30,NQ09B SELL NY N130 TP2,15366,2,615150,501,0.08,9,505.5,0.08,-34.5,-0.01,60592.5,24.24,0
1410,Entry short,2023-08-08 09:30,[CC] SELL NY,15378.75,2,615150,501,0.08,9,505.5,0.08,-34.5,-0.01,60592.5,24.24,0
1411,Exit short,2023-08-09 09:30,NQ09B SELL NY STOP,15362,2,614430,-59,-0.01,9,0,0.00,-54.5,-0.01,60533.5,24.21,0
1411,Entry short,2023-08-09 09:30,[CC] SELL NY,15360.75,2,614430,-59,-0.01,9,0,0.00,-54.5,-0.01,60533.5,24.21,0
1412,Exit short,2023-08-10 09:30,NQ09B SELL NY N130 TP2,15287.75,2,612020,501,0.08,9,505.5,0.08,-14.5,0.00,61034.5,24.41,0
1412,Entry short,2023-08-10 09:30,[CC] SELL NY,15300.5,2,612020,501,0.08,9,505.5,0.08,-14.5,0.00,61034.5,24.41,0
1413,Exit short,2023-08-11 09:30,NQ09B SELL NY N130 TP2,15078.75,2,603660,501,0.08,9,505.5,0.08,-24.5,0.00,61535.5,24.61,0
1413,Entry short,2023-08-11 09:30,[CC] SELL NY,15091.5,2,603660,501,0.08,9,505.5,0.08,-24.5,0.00,61535.5,24.61,0
1414,Exit short,2023-08-13 18:00,NQ09B SELL WEEKLY STOP,15105,2,604150,-59,-0.01,9,135.5,0.02,-54.5,-0.01,61476.5,24.59,0
1414,Entry short,2023-08-13 18:00,[CC] SELL WEEKLY,15103.75,2,604150,-59,-0.01,9,135.5,0.02,-54.5,-0.01,61476.5,24.59,0
1415,Exit short,2023-08-14 09:30,NQ09B SELL NY STOP,15069.25,2,602720,-59,-0.01,9,0,0.00,-54.5,-0.01,61417.5,24.57,0
1415,Entry short,2023-08-14 09:30,[CC] SELL NY,15068,2,602720,-59,-0.01,9,0,0.00,-54.5,-0.01,61417.5,24.57,0
1416,Exit short,2023-08-15 09:30,NQ09B SELL NY N130 TP2,15212,2,608990,501,0.08,9,505.5,0.08,-14.5,0.00,61918.5,24.77,0
1416,Entry short,2023-08-15 09:30,[CC] SELL NY,15224.75,2,608990,501,0.08,9,505.5,0.08,-14.5,0.00,61918.5,24.77,0
1417,Exit short,2023-08-16 09:30,NQ09B SELL NY STOP,15080.75,2,603180,-59,-0.01,9,0,0.00,-54.5,-0.01,61859.5,24.74,0
1417,Entry short,2023-08-16 09:30,[CC] SELL NY,15079.5,2,603180,-59,-0.01,9,0,0.00,-54.5,-0.01,61859.5,24.74,0
1418,Exit short,2023-08-16 18:00,NQ09B SELL WEEKDAY 1800 STOP,14941.25,1,298800,-29.5,-0.01,4.5,37.75,0.01,-27.25,-0.01,61830,24.73,0
1418,Entry short,2023-08-16 18:00,[CC] SELL WEAK,14940,1,298800,-29.5,-0.01,4.5,37.75,0.01,-27.25,-0.01,61830,24.73,0
1419,Exit short,2023-08-17 09:30,NQ09B SELL NY STOP,14995.25,2,599760,-59,-0.01,9,0,0.00,-54.5,-0.01,61771,24.71,0
1419,Entry short,2023-08-17 09:30,[CC] SELL NY,14994,2,599760,-59,-0.01,9,0,0.00,-54.5,-0.01,61771,24.71,0
1420,Exit short,2023-08-17 18:00,NQ09B SELL WEEKDAY 1800 STOP,14749,2,589910,-59,-0.01,9,165.5,0.03,-54.5,-0.01,61712,24.68,0
1420,Entry short,2023-08-17 18:00,[CC] SELL PREMIUM,14747.75,2,589910,-59,-0.01,9,165.5,0.03,-54.5,-0.01,61712,24.68,0
1421,Exit short,2023-08-18 09:30,NQ09B SELL NY STOP,14633.25,2,585280,-59,-0.01,9,335.5,0.06,-54.5,-0.01,61653,24.66,0
1421,Entry short,2023-08-18 09:30,[CC] SELL NY,14632,2,585280,-59,-0.01,9,335.5,0.06,-54.5,-0.01,61653,24.66,0
1422,Exit short,2023-08-20 18:00,NQ09B SELL WEEKLY W80,14754.25,2,590490,311,0.05,9,315.5,0.05,-14.5,0.00,61964,24.79,0
1422,Entry short,2023-08-20 18:00,[CC] SELL WEEKLY,14762.25,2,590490,311,0.05,9,315.5,0.05,-14.5,0.00,61964,24.79,0
1423,Exit short,2023-08-21 09:30,NQ09B SELL NY STOP,14809.75,2,592340,-59,-0.01,9,115.5,0.02,-54.5,-0.01,61905,24.76,0
1423,Entry short,2023-08-21 09:30,[CC] SELL NY,14808.5,2,592340,-59,-0.01,9,115.5,0.02,-54.5,-0.01,61905,24.76,0
1424,Exit short,2023-08-22 09:30,NQ09B SELL NY STOP,15092.5,2,603650,-59,-0.01,9,0,0.00,-54.5,-0.01,61846,24.74,0
1424,Entry short,2023-08-22 09:30,[CC] SELL NY,15091.25,2,603650,-59,-0.01,9,0,0.00,-54.5,-0.01,61846,24.74,0
1425,Exit short,2023-08-23 09:30,NQ09B SELL NY STOP,15010.25,2,600360,-59,-0.01,9,375.5,0.06,-54.5,-0.01,61787,24.71,0
1425,Entry short,2023-08-23 09:30,[CC] SELL NY,15009,2,600360,-59,-0.01,9,375.5,0.06,-54.5,-0.01,61787,24.71,0
1426,Exit short,2023-08-23 18:00,NQ09B SELL WEEKDAY 1800 D80,15324.75,2,613310,311,0.05,9,315.5,0.05,-14.5,0.00,62098,24.84,0
1426,Entry short,2023-08-23 18:00,[CC] SELL PREMIUM,15332.75,2,613310,311,0.05,9,315.5,0.05,-14.5,0.00,62098,24.84,0
1427,Exit short,2023-08-24 09:30,NQ09B SELL NY STOP,15336.5,2,613410,-59,-0.01,9,0,0.00,-54.5,-0.01,62039,24.82,0
1427,Entry short,2023-08-24 09:30,[CC] SELL NY,15335.25,2,613410,-59,-0.01,9,0,0.00,-54.5,-0.01,62039,24.82,0
1428,Exit short,2023-08-24 18:00,NQ09B SELL WEEKDAY 1800 STOP,14834,1,296655,-29.5,-0.01,4.5,52.75,0.02,-27.25,-0.01,62009.5,24.80,0
1428,Entry short,2023-08-24 18:00,[CC] SELL WEAK,14832.75,1,296655,-29.5,-0.01,4.5,52.75,0.02,-27.25,-0.01,62009.5,24.80,0
1429,Exit short,2023-08-25 09:30,NQ09B SELL NY STOP,14898.25,2,595880,-59,-0.01,9,185.5,0.03,-54.5,-0.01,61950.5,24.78,0
1429,Entry short,2023-08-25 09:30,[CC] SELL NY,14897,2,595880,-59,-0.01,9,185.5,0.03,-54.5,-0.01,61950.5,24.78,0
1430,Exit short,2023-08-27 18:00,NQ09B SELL WEEKLY STOP,14992,2,599630,-59,-0.01,9,185.5,0.03,-54.5,-0.01,61891.5,24.76,0
1430,Entry short,2023-08-27 18:00,[CC] SELL WEEKLY,14990.75,2,599630,-59,-0.01,9,185.5,0.03,-54.5,-0.01,61891.5,24.76,0
1431,Exit short,2023-08-28 09:30,NQ09B SELL NY STOP,15098.5,2,603890,-59,-0.01,9,0,0.00,-54.5,-0.01,61832.5,24.73,0
1431,Entry short,2023-08-28 09:30,[CC] SELL NY,15097.25,2,603890,-59,-0.01,9,0,0.00,-54.5,-0.01,61832.5,24.73,0
1432,Exit short,2023-08-29 09:30,NQ09B SELL NY N130 TP2,15063.75,2,603060,501,0.08,9,505.5,0.08,-14.5,0.00,62333.5,24.93,0
1432,Entry short,2023-08-29 09:30,[CC] SELL NY,15076.5,2,603060,501,0.08,9,505.5,0.08,-14.5,0.00,62333.5,24.93,0
1433,Exit short,2023-08-30 09:30,NQ09B SELL NY STOP,15417.25,2,616640,-59,-0.01,9,155.5,0.03,-54.5,-0.01,62274.5,24.91,0
1433,Entry short,2023-08-30 09:30,[CC] SELL NY,15416,2,616640,-59,-0.01,9,155.5,0.03,-54.5,-0.01,62274.5,24.91,0
1434,Exit short,2023-08-31 09:30,NQ09B SELL NY STOP,15493.25,2,619680,-59,-0.01,9,125.5,0.02,-54.5,-0.01,62215.5,24.89,0
1434,Entry short,2023-08-31 09:30,[CC] SELL NY,15492,2,619680,-59,-0.01,9,125.5,0.02,-54.5,-0.01,62215.5,24.89,0
1435,Exit short,2023-09-01 09:30,NQ09B SELL NY STOP,15634,2,625310,-59,-0.01,9,0,0.00,-54.5,-0.01,62156.5,24.86,0
1435,Entry short,2023-09-01 09:30,[CC] SELL NY,15632.75,2,625310,-59,-0.01,9,0,0.00,-54.5,-0.01,62156.5,24.86,0
1436,Exit short,2023-09-03 18:00,NQ09B SELL WEEKLY STOP,15518,2,620670,-59,-0.01,9,235.5,0.04,-54.5,-0.01,62097.5,24.84,0
1436,Entry short,2023-09-03 18:00,[CC] SELL WEEKLY,15516.75,2,620670,-59,-0.01,9,235.5,0.04,-54.5,-0.01,62097.5,24.84,0
1437,Exit short,2023-09-04 09:30,NQ09B SELL NY STOP,15556,2,622190,-59,-0.01,9,15.5,0.00,-54.5,-0.01,62038.5,24.82,0
1437,Entry short,2023-09-04 09:30,[CC] SELL NY,15554.75,2,622190,-59,-0.01,9,15.5,0.00,-54.5,-0.01,62038.5,24.82,0
1438,Exit short,2023-09-05 09:30,NQ09B SELL NY STOP,15482.75,2,619260,-59,-0.01,9,0,0.00,-54.5,-0.01,61979.5,24.79,0
1438,Entry short,2023-09-05 09:30,[CC] SELL NY,15481.5,2,619260,-59,-0.01,9,0,0.00,-54.5,-0.01,61979.5,24.79,0
1439,Exit short,2023-09-06 09:30,NQ09B SELL NY STOP,15500.5,2,619970,-59,-0.01,9,0,0.00,-54.5,-0.01,61920.5,24.77,0
1439,Entry short,2023-09-06 09:30,[CC] SELL NY,15499.25,2,619970,-59,-0.01,9,0,0.00,-54.5,-0.01,61920.5,24.77,0
1440,Exit short,2023-09-07 09:30,NQ09B SELL NY STOP,15201.5,2,608010,-59,-0.01,9,0,0.00,-54.5,-0.01,61861.5,24.74,0
1440,Entry short,2023-09-07 09:30,[CC] SELL NY,15200.25,2,608010,-59,-0.01,9,0,0.00,-54.5,-0.01,61861.5,24.74,0
1441,Exit short,2023-09-08 09:30,NQ09B SELL NY STOP,15274,2,610910,-59,-0.01,9,105.5,0.02,-54.5,-0.01,61802.5,24.72,0
1441,Entry short,2023-09-08 09:30,[CC] SELL NY,15272.75,2,610910,-59,-0.01,9,105.5,0.02,-54.5,-0.01,61802.5,24.72,0
1442,Exit short,2023-09-10 18:00,NQ09B SELL WEEKLY STOP,15309,2,612310,-59,-0.01,9,0,0.00,-54.5,-0.01,61743.5,24.70,0
1442,Entry short,2023-09-10 18:00,[CC] SELL WEEKLY,15307.75,2,612310,-59,-0.01,9,0,0.00,-54.5,-0.01,61743.5,24.70,0
1443,Exit short,2023-09-11 09:30,NQ09B SELL NY STOP,15421,2,616790,-59,-0.01,9,195.5,0.03,-54.5,-0.01,61684.5,24.67,0
1443,Entry short,2023-09-11 09:30,[CC] SELL NY,15419.75,2,616790,-59,-0.01,9,195.5,0.03,-54.5,-0.01,61684.5,24.67,0
1444,Exit short,2023-09-12 09:30,NQ09B SELL NY N130 TP2,15587.5,2,624010,501,0.08,9,505.5,0.08,-14.5,0.00,62185.5,24.87,0
1444,Entry short,2023-09-12 09:30,[CC] SELL NY,15600.25,2,624010,501,0.08,9,505.5,0.08,-14.5,0.00,62185.5,24.87,0
1445,Exit short,2023-09-13 09:30,NQ09B SELL NY STOP,15504.75,2,620140,-59,-0.01,9,395.5,0.06,-54.5,-0.01,62126.5,24.85,0
1445,Entry short,2023-09-13 09:30,[CC] SELL NY,15503.5,2,620140,-59,-0.01,9,395.5,0.06,-54.5,-0.01,62126.5,24.85,0
1446,Exit short,2023-09-14 09:30,NQ09B SELL NY STOP,15621,2,624790,-59,-0.01,9,0,0.00,-54.5,-0.01,62067.5,24.83,0
1446,Entry short,2023-09-14 09:30,[CC] SELL NY,15619.75,2,624790,-59,-0.01,9,0,0.00,-54.5,-0.01,62067.5,24.83,0
1447,Exit short,2023-09-14 18:00,NQ09B SELL WEEKDAY 1800 STOP,15678,1,313535,-29.5,-0.01,4.5,0,0.00,-27.25,-0.01,62038,24.82,0
1447,Entry short,2023-09-14 18:00,[CC] SELL WEAK,15676.75,1,313535,-29.5,-0.01,4.5,0,0.00,-27.25,-0.01,62038,24.82,0
1448,Exit short,2023-09-15 09:30,NQ09B SELL NY STOP,15611.5,2,624410,-59,-0.01,9,0,0.00,-54.5,-0.01,61979,24.79,0
1448,Entry short,2023-09-15 09:30,[CC] SELL NY,15610.25,2,624410,-59,-0.01,9,0,0.00,-54.5,-0.01,61979,24.79,0
1449,Exit short,2023-09-17 18:00,NQ09B SELL WEEKLY STOP,15383.25,2,615280,-59,-0.01,9,95.5,0.02,-54.5,-0.01,61920,24.77,0
1449,Entry short,2023-09-17 18:00,[CC] SELL WEEKLY,15382,2,615280,-59,-0.01,9,95.5,0.02,-54.5,-0.01,61920,24.77,0
1450,Exit short,2023-09-18 09:30,NQ09B SELL NY STOP,15356.75,2,614220,-59,-0.01,9,495.5,0.08,-54.5,-0.01,61861,24.74,0
1450,Entry short,2023-09-18 09:30,[CC] SELL NY,15355.5,2,614220,-59,-0.01,9,495.5,0.08,-54.5,-0.01,61861,24.74,0
1451,Exit short,2023-09-19 09:30,NQ09B SELL NY STOP,15356,2,614190,-59,-0.01,9,0,0.00,-54.5,-0.01,61802,24.72,0
1451,Entry short,2023-09-19 09:30,[CC] SELL NY,15354.75,2,614190,-59,-0.01,9,0,0.00,-54.5,-0.01,61802,24.72,0
1452,Exit short,2023-09-20 09:30,NQ09B SELL NY N130 TP2,15406.25,2,616760,501,0.08,9,505.5,0.08,-24.5,0.00,62303,24.92,0
1452,Entry short,2023-09-20 09:30,[CC] SELL NY,15419,2,616760,501,0.08,9,505.5,0.08,-24.5,0.00,62303,24.92,0
1453,Exit short,2023-09-20 18:00,NQ09B SELL WEEKDAY 1800 STOP,15134.25,2,605320,-59,-0.01,9,0,0.00,-54.5,-0.01,62244,24.90,0
1453,Entry short,2023-09-20 18:00,[CC] SELL PREMIUM,15133,2,605320,-59,-0.01,9,0,0.00,-54.5,-0.01,62244,24.90,0
1454,Exit short,2023-09-21 09:30,NQ09B SELL NY N130 TP2,14975,2,599510,501,0.08,9,505.5,0.08,-14.5,0.00,62745,25.10,0
1454,Entry short,2023-09-21 09:30,[CC] SELL NY,14987.75,2,599510,501,0.08,9,505.5,0.08,-14.5,0.00,62745,25.10,0
1455,Exit short,2023-09-22 09:30,NQ09B SELL NY STOP,14938.5,2,597490,-59,-0.01,9,0,0.00,-54.5,-0.01,62686,25.07,0
1455,Entry short,2023-09-22 09:30,[CC] SELL NY,14937.25,2,597490,-59,-0.01,9,0,0.00,-54.5,-0.01,62686,25.07,0
1456,Exit short,2023-09-24 18:00,NQ09B SELL WEEKLY STOP,14881.25,2,595200,-59,-0.01,9,0,0.00,-54.5,-0.01,62627,25.05,0
1456,Entry short,2023-09-24 18:00,[CC] SELL WEEKLY,14880,2,595200,-59,-0.01,9,0,0.00,-54.5,-0.01,62627,25.05,0
1457,Exit short,2023-09-25 09:30,NQ09B SELL NY STOP,14825.5,2,592970,-59,-0.01,9,0,0.00,-54.5,-0.01,62568,25.03,0
1457,Entry short,2023-09-25 09:30,[CC] SELL NY,14824.25,2,592970,-59,-0.01,9,0,0.00,-54.5,-0.01,62568,25.03,0
1458,Exit short,2023-09-26 09:30,NQ09B SELL NY STOP,14826,2,592990,-59,-0.01,9,0,0.00,-54.5,-0.01,62509,25.00,0
1458,Entry short,2023-09-26 09:30,[CC] SELL NY,14824.75,2,592990,-59,-0.01,9,0,0.00,-54.5,-0.01,62509,25.00,0
1459,Exit short,2023-09-27 09:30,NQ09B SELL NY STOP,14754,2,590110,-59,-0.01,9,135.5,0.02,-54.5,-0.01,62450,24.98,0
1459,Entry short,2023-09-27 09:30,[CC] SELL NY,14752.75,2,590110,-59,-0.01,9,135.5,0.02,-54.5,-0.01,62450,24.98,0
1460,Exit short,2023-09-27 18:00,NQ09B SELL WEEKDAY 1800 STOP,14773.5,1,295445,-29.5,-0.01,4.5,0,0.00,-27.25,-0.01,62420.5,24.97,0
1460,Entry short,2023-09-27 18:00,[CC] SELL WEAK,14772.25,1,295445,-29.5,-0.01,4.5,0,0.00,-27.25,-0.01,62420.5,24.97,0
1461,Exit short,2023-09-28 09:30,NQ09B SELL NY STOP,14696,2,587790,-59,-0.01,9,0,0.00,-54.5,-0.01,62361.5,24.94,0
1461,Entry short,2023-09-28 09:30,[CC] SELL NY,14694.75,2,587790,-59,-0.01,9,0,0.00,-54.5,-0.01,62361.5,24.94,0
1462,Exit short,2023-09-28 18:00,NQ09B SELL WEEKDAY 1800 STOP,14877.5,1,297525,-29.5,-0.01,4.5,37.75,0.01,-27.25,-0.01,62332,24.93,0
1462,Entry short,2023-09-28 18:00,[CC] SELL WEAK,14876.25,1,297525,-29.5,-0.01,4.5,37.75,0.01,-27.25,-0.01,62332,24.93,0
1463,Exit short,2023-09-29 09:30,NQ09B SELL NY STOP,15002.5,2,600050,-59,-0.01,9,0,0.00,-54.5,-0.01,62273,24.91,0
1463,Entry short,2023-09-29 09:30,[CC] SELL NY,15001.25,2,600050,-59,-0.01,9,0,0.00,-54.5,-0.01,62273,24.91,0
1464,Exit short,2023-10-01 18:00,NQ09B SELL WEEKLY W80,14956.75,2,598590,311,0.05,9,315.5,0.05,-14.5,0.00,62584,25.03,0
1464,Entry short,2023-10-01 18:00,[CC] SELL WEEKLY,14964.75,2,598590,311,0.05,9,315.5,0.05,-14.5,0.00,62584,25.03,0
1465,Exit short,2023-10-02 09:30,NQ09B SELL NY N130 TP2,14860.75,2,594940,501,0.08,9,505.5,0.08,-14.5,0.00,63085,25.23,0
1465,Entry short,2023-10-02 09:30,[CC] SELL NY,14873.5,2,594940,501,0.08,9,505.5,0.08,-14.5,0.00,63085,25.23,0
1466,Exit short,2023-10-03 09:30,NQ09B SELL NY STOP,14881.25,2,595200,-59,-0.01,9,255.5,0.04,-54.5,-0.01,63026,25.21,0
1466,Entry short,2023-10-03 09:30,[CC] SELL NY,14880,2,595200,-59,-0.01,9,255.5,0.04,-54.5,-0.01,63026,25.21,0
1467,Exit short,2023-10-03 18:00,NQ09B SELL WEEKDAY 1800 STOP,14714.75,1,294270,-29.5,-0.01,4.5,0,0.00,-27.25,-0.01,62996.5,25.20,0
1467,Entry short,2023-10-03 18:00,[CC] SELL WEAK,14713.5,1,294270,-29.5,-0.01,4.5,0,0.00,-27.25,-0.01,62996.5,25.20,0
1468,Exit short,2023-10-04 09:30,NQ09B SELL NY STOP,14754,2,590110,-59,-0.01,9,145.5,0.02,-54.5,-0.01,62937.5,25.17,0
1468,Entry short,2023-10-04 09:30,[CC] SELL NY,14752.75,2,590110,-59,-0.01,9,145.5,0.02,-54.5,-0.01,62937.5,25.17,0
1469,Exit short,2023-10-05 09:30,NQ09B SELL NY STOP,14910,2,596350,-59,-0.01,9,0,0.00,-54.5,-0.01,62878.5,25.15,0
1469,Entry short,2023-10-05 09:30,[CC] SELL NY,14908.75,2,596350,-59,-0.01,9,0,0.00,-54.5,-0.01,62878.5,25.15,0
1470,Exit short,2023-10-06 09:30,NQ09B SELL NY STOP,14737.75,2,589460,-59,-0.01,9,25.5,0.00,-54.5,-0.01,62819.5,25.13,0
1470,Entry short,2023-10-06 09:30,[CC] SELL NY,14736.5,2,589460,-59,-0.01,9,25.5,0.00,-54.5,-0.01,62819.5,25.13,0
1471,Exit short,2023-10-08 18:00,NQ09B SELL WEEKLY W80,15032,2,601600,311,0.05,9,315.5,0.05,-24.5,0.00,63130.5,25.25,0
1471,Entry short,2023-10-08 18:00,[CC] SELL WEEKLY,15040,2,601600,311,0.05,9,315.5,0.05,-24.5,0.00,63130.5,25.25,0
1472,Exit short,2023-10-09 09:30,NQ09B SELL NY STOP,15013.25,2,600480,-59,-0.01,9,0,0.00,-54.5,-0.01,63071.5,25.23,0
1472,Entry short,2023-10-09 09:30,[CC] SELL NY,15012,2,600480,-59,-0.01,9,0,0.00,-54.5,-0.01,63071.5,25.23,0
1473,Exit short,2023-10-10 09:30,NQ09B SELL NY STOP,15202,2,608030,-59,-0.01,9,455.5,0.07,-54.5,-0.01,63012.5,25.21,0
1473,Entry short,2023-10-10 09:30,[CC] SELL NY,15200.75,2,608030,-59,-0.01,9,455.5,0.07,-54.5,-0.01,63012.5,25.21,0
1474,Exit short,2023-10-11 09:30,NQ09B SELL NY STOP,15326.25,2,613000,-59,-0.01,9,75.5,0.01,-54.5,-0.01,62953.5,25.18,0
1474,Entry short,2023-10-11 09:30,[CC] SELL NY,15325,2,613000,-59,-0.01,9,75.5,0.01,-54.5,-0.01,62953.5,25.18,0
1475,Exit short,2023-10-12 09:30,NQ09B SELL NY STOP,15393.75,2,615700,-59,-0.01,9,0,0.00,-54.5,-0.01,62894.5,25.16,0
1475,Entry short,2023-10-12 09:30,[CC] SELL NY,15392.5,2,615700,-59,-0.01,9,0,0.00,-54.5,-0.01,62894.5,25.16,0
1476,Exit short,2023-10-13 09:30,NQ09B SELL NY N130 TP2,15329.25,2,613680,501,0.08,9,505.5,0.08,-14.5,0.00,63395.5,25.36,0
1476,Entry short,2023-10-13 09:30,[CC] SELL NY,15342,2,613680,501,0.08,9,505.5,0.08,-14.5,0.00,63395.5,25.36,0
1477,Exit short,2023-10-15 18:00,NQ09B SELL WEEKLY STOP,15121,2,604790,-59,-0.01,9,0,0.00,-54.5,-0.01,63336.5,25.33,0
1477,Entry short,2023-10-15 18:00,[CC] SELL WEEKLY,15119.75,2,604790,-59,-0.01,9,0,0.00,-54.5,-0.01,63336.5,25.33,0
1478,Exit short,2023-10-16 09:30,NQ09B SELL NY STOP,15176.75,2,607020,-59,-0.01,9,265.5,0.04,-54.5,-0.01,63277.5,25.31,0
1478,Entry short,2023-10-16 09:30,[CC] SELL NY,15175.5,2,607020,-59,-0.01,9,265.5,0.04,-54.5,-0.01,63277.5,25.31,0
1479,Exit short,2023-10-17 09:30,NQ09B SELL NY STOP,15139.5,2,605530,-59,-0.01,9,0,0.00,-54.5,-0.01,63218.5,25.29,0
1479,Entry short,2023-10-17 09:30,[CC] SELL NY,15138.25,2,605530,-59,-0.01,9,0,0.00,-54.5,-0.01,63218.5,25.29,0
1480,Exit short,2023-10-18 09:30,NQ09B SELL NY STOP,15131.75,2,605220,-59,-0.01,9,195.5,0.03,-54.5,-0.01,63159.5,25.26,0
1480,Entry short,2023-10-18 09:30,[CC] SELL NY,15130.5,2,605220,-59,-0.01,9,195.5,0.03,-54.5,-0.01,63159.5,25.26,0
1481,Exit short,2023-10-19 09:30,NQ09B SELL NY N130 TP2,15074.5,2,603490,501,0.08,9,505.5,0.08,-14.5,0.00,63660.5,25.46,0
1481,Entry short,2023-10-19 09:30,[CC] SELL NY,15087.25,2,603490,501,0.08,9,505.5,0.08,-14.5,0.00,63660.5,25.46,0
1482,Exit short,2023-10-20 09:30,NQ09B SELL NY STOP,14863.5,2,594490,-59,-0.01,9,0,0.00,-54.5,-0.01,63601.5,25.44,0
1482,Entry short,2023-10-20 09:30,[CC] SELL NY,14862.25,2,594490,-59,-0.01,9,0,0.00,-54.5,-0.01,63601.5,25.44,0
1483,Exit short,2023-10-22 18:00,NQ09B SELL WEEKLY STOP,14681,2,587190,-59,-0.01,9,0,0.00,-54.5,-0.01,63542.5,25.42,0
1483,Entry short,2023-10-22 18:00,[CC] SELL WEEKLY,14679.75,2,587190,-59,-0.01,9,0,0.00,-54.5,-0.01,63542.5,25.42,0
1484,Exit short,2023-10-23 09:30,NQ09B SELL NY STOP,14603.5,2,584090,-59,-0.01,9,0,0.00,-54.5,-0.01,63483.5,25.39,0
1484,Entry short,2023-10-23 09:30,[CC] SELL NY,14602.25,2,584090,-59,-0.01,9,0,0.00,-54.5,-0.01,63483.5,25.39,0
1485,Exit short,2023-10-24 09:30,NQ09B SELL NY N130 TP2,14765.25,2,591120,501,0.08,9,505.5,0.09,-14.5,0.00,63984.5,25.59,0
1485,Entry short,2023-10-24 09:30,[CC] SELL NY,14778,2,591120,501,0.08,9,505.5,0.09,-14.5,0.00,63984.5,25.59,0
1486,Exit short,2023-10-24 18:00,NQ09B SELL WEEKDAY 1800 STOP,14829,2,593110,-59,-0.01,9,0,0.00,-54.5,-0.01,63925.5,25.57,0
1486,Entry short,2023-10-24 18:00,[CC] SELL PREMIUM,14827.75,2,593110,-59,-0.01,9,0,0.00,-54.5,-0.01,63925.5,25.57,0
1487,Exit short,2023-10-25 09:30,NQ09B SELL NY STOP,14742.75,2,589660,-59,-0.01,9,0,0.00,-54.5,-0.01,63866.5,25.55,0
1487,Entry short,2023-10-25 09:30,[CC] SELL NY,14741.5,2,589660,-59,-0.01,9,0,0.00,-54.5,-0.01,63866.5,25.55,0
1488,Exit short,2023-10-25 18:00,NQ09B SELL WEEKDAY 1800 STOP,14426,1,288495,-29.5,-0.01,4.5,0,0.00,-27.25,-0.01,63837,25.53,0
1488,Entry short,2023-10-25 18:00,[CC] SELL WEAK,14424.75,1,288495,-29.5,-0.01,4.5,0,0.00,-27.25,-0.01,63837,25.53,0
1489,Exit short,2023-10-26 09:30,NQ09B SELL NY N130 TP2,14407.75,2,576820,501,0.09,9,505.5,0.09,-14.5,0.00,64338,25.74,0
1489,Entry short,2023-10-26 09:30,[CC] SELL NY,14420.5,2,576820,501,0.09,9,505.5,0.09,-14.5,0.00,64338,25.74,0
1490,Exit short,2023-10-26 18:00,NQ09B SELL WEEKDAY 1800 STOP,14249.25,1,284960,-29.5,-0.01,4.5,27.75,0.01,-27.25,-0.01,64308.5,25.72,0
1490,Entry short,2023-10-26 18:00,[CC] SELL WEAK,14248,1,284960,-29.5,-0.01,4.5,27.75,0.01,-27.25,-0.01,64308.5,25.72,0
1491,Exit short,2023-10-27 09:30,NQ09B SELL NY STOP,14308,2,572270,-59,-0.01,9,0,0.00,-54.5,-0.01,64249.5,25.70,0
1491,Entry short,2023-10-27 09:30,[CC] SELL NY,14306.75,2,572270,-59,-0.01,9,0,0.00,-54.5,-0.01,64249.5,25.70,0
1492,Exit short,2023-10-29 18:00,NQ09B SELL WEEKLY STOP,14337,2,573430,-59,-0.01,9,0,0.00,-54.5,-0.01,64190.5,25.68,0
1492,Entry short,2023-10-29 18:00,[CC] SELL WEEKLY,14335.75,2,573430,-59,-0.01,9,0,0.00,-54.5,-0.01,64190.5,25.68,0
1493,Exit short,2023-10-30 09:30,NQ09B SELL NY N130 TP2,14352.75,2,574620,501,0.09,9,505.5,0.09,-14.5,0.00,64691.5,25.88,0
1493,Entry short,2023-10-30 09:30,[CC] SELL NY,14365.5,2,574620,501,0.09,9,505.5,0.09,-14.5,0.00,64691.5,25.88,0
1494,Exit short,2023-10-31 09:30,NQ09B SELL NY STOP,14420.25,2,576760,-59,-0.01,9,0,0.00,-54.5,-0.01,64632.5,25.85,0
1494,Entry short,2023-10-31 09:30,[CC] SELL NY,14419,2,576760,-59,-0.01,9,0,0.00,-54.5,-0.01,64632.5,25.85,0
1495,Exit short,2023-11-01 09:30,NQ09B SELL NY STOP,14521.25,2,580800,-59,-0.01,9,185.5,0.03,-54.5,-0.01,64573.5,25.83,0
1495,Entry short,2023-11-01 09:30,[CC] SELL NY,14520,2,580800,-59,-0.01,9,185.5,0.03,-54.5,-0.01,64573.5,25.83,0
1496,Exit short,2023-11-01 18:00,NQ09B SELL WEEKDAY 1800 STOP,14762.25,1,295220,-29.5,-0.01,4.5,17.75,0.01,-27.25,-0.01,64544,25.82,0
1496,Entry short,2023-11-01 18:00,[CC] SELL WEAK,14761,1,295220,-29.5,-0.01,4.5,17.75,0.01,-27.25,-0.01,64544,25.82,0
1497,Exit short,2023-11-02 09:30,NQ09B SELL NY STOP,14921.5,2,596810,-59,-0.01,9,0,0.00,-54.5,-0.01,64485,25.79,0
1497,Entry short,2023-11-02 09:30,[CC] SELL NY,14920.25,2,596810,-59,-0.01,9,0,0.00,-54.5,-0.01,64485,25.79,0
1498,Exit short,2023-11-02 18:00,NQ09B SELL WEEKDAY 1800 STOP,14929,2,597110,-59,-0.01,9,85.5,0.01,-54.5,-0.01,64426,25.77,0
1498,Entry short,2023-11-02 18:00,[CC] SELL PREMIUM,14927.75,2,597110,-59,-0.01,9,85.5,0.01,-54.5,-0.01,64426,25.77,0
1499,Exit short,2023-11-03 09:30,NQ09B SELL NY STOP,15052,2,602030,-59,-0.01,9,365.5,0.06,-54.5,-0.01,64367,25.75,0
1499,Entry short,2023-11-03 09:30,[CC] SELL NY,15050.75,2,602030,-59,-0.01,9,365.5,0.06,-54.5,-0.01,64367,25.75,0
1500,Exit short,2023-11-05 18:00,NQ09B SELL WEEKLY STOP,15188,2,607470,-59,-0.01,9,105.5,0.02,-54.5,-0.01,64308,25.72,0
1500,Entry short,2023-11-05 18:00,[CC] SELL WEEKLY,15186.75,2,607470,-59,-0.01,9,105.5,0.02,-54.5,-0.01,64308,25.72,0
1501,Exit short,2023-11-06 09:30,NQ09B SELL NY STOP,15205,2,608150,-59,-0.01,9,15.5,0.00,-54.5,-0.01,64249,25.70,0
1501,Entry short,2023-11-06 09:30,[CC] SELL NY,15203.75,2,608150,-59,-0.01,9,15.5,0.00,-54.5,-0.01,64249,25.70,0
1502,Exit short,2023-11-07 09:30,NQ09B SELL NY STOP,15276.75,2,611020,-59,-0.01,9,0,0.00,-54.5,-0.01,64190,25.68,0
1502,Entry short,2023-11-07 09:30,[CC] SELL NY,15275.5,2,611020,-59,-0.01,9,0,0.00,-54.5,-0.01,64190,25.68,0
1503,Exit short,2023-11-08 09:30,NQ09B SELL NY N130 TP2,15375.5,2,615530,501,0.08,9,505.5,0.08,-14.5,0.00,64691,25.88,0
1503,Entry short,2023-11-08 09:30,[CC] SELL NY,15388.25,2,615530,501,0.08,9,505.5,0.08,-14.5,0.00,64691,25.88,0
1504,Exit short,2023-11-09 09:30,NQ09B SELL NY STOP,15405.5,2,616170,-59,-0.01,9,0,0.00,-54.5,-0.01,64632,25.85,0
1504,Entry short,2023-11-09 09:30,[CC] SELL NY,15404.25,2,616170,-59,-0.01,9,0,0.00,-54.5,-0.01,64632,25.85,0
1505,Exit short,2023-11-10 09:30,NQ09B SELL NY STOP,15328.75,2,613100,-59,-0.01,9,0,0.00,-54.5,-0.01,64573,25.83,0
1505,Entry short,2023-11-10 09:30,[CC] SELL NY,15327.5,2,613100,-59,-0.01,9,0,0.00,-54.5,-0.01,64573,25.83,0
1506,Exit short,2023-11-12 18:00,NQ09B SELL WEEKLY W80,15578,2,623440,311,0.05,9,315.5,0.05,-14.5,0.00,64884,25.95,0
1506,Entry short,2023-11-12 18:00,[CC] SELL WEEKLY,15586,2,623440,311,0.05,9,315.5,0.05,-14.5,0.00,64884,25.95,0
1507,Exit short,2023-11-13 09:30,NQ09B SELL NY STOP,15530.75,2,621180,-59,-0.01,9,0,0.00,-54.5,-0.01,64825,25.93,0
1507,Entry short,2023-11-13 09:30,[CC] SELL NY,15529.5,2,621180,-59,-0.01,9,0,0.00,-54.5,-0.01,64825,25.93,0
1508,Exit short,2023-11-14 09:30,NQ09B SELL NY N130 TP2,15799,2,632470,501,0.08,9,505.5,0.08,-14.5,0.00,65326,26.13,0
1508,Entry short,2023-11-14 09:30,[CC] SELL NY,15811.75,2,632470,501,0.08,9,505.5,0.08,-14.5,0.00,65326,26.13,0
1509,Exit short,2023-11-15 09:30,NQ09B SELL NY STOP,15958.25,2,638280,-59,-0.01,9,0,0.00,-54.5,-0.01,65267,26.11,0
1509,Entry short,2023-11-15 09:30,[CC] SELL NY,15957,2,638280,-59,-0.01,9,0,0.00,-54.5,-0.01,65267,26.11,0
1510,Exit short,2023-11-16 09:30,NQ09B SELL NY STOP,15851.75,2,634020,-59,-0.01,9,0,0.00,-54.5,-0.01,65208,26.08,0
1510,Entry short,2023-11-16 09:30,[CC] SELL NY,15850.5,2,634020,-59,-0.01,9,0,0.00,-54.5,-0.01,65208,26.08,0
1511,Exit short,2023-11-17 09:30,NQ09B SELL NY STOP,15863.75,2,634500,-59,-0.01,9,415.5,0.07,-54.5,-0.01,65149,26.06,0
1511,Entry short,2023-11-17 09:30,[CC] SELL NY,15862.5,2,634500,-59,-0.01,9,415.5,0.07,-54.5,-0.01,65149,26.06,0
1512,Exit short,2023-11-19 18:00,NQ09B SELL WEEKLY STOP,15896,2,635790,-59,-0.01,9,0,0.00,-54.5,-0.01,65090,26.04,0
1512,Entry short,2023-11-19 18:00,[CC] SELL WEEKLY,15894.75,2,635790,-59,-0.01,9,0,0.00,-54.5,-0.01,65090,26.04,0
1513,Exit short,2023-11-20 09:30,NQ09B SELL NY STOP,15896,2,635790,-59,-0.01,9,0,0.00,-54.5,-0.01,65031,26.01,0
1513,Entry short,2023-11-20 09:30,[CC] SELL NY,15894.75,2,635790,-59,-0.01,9,0,0.00,-54.5,-0.01,65031,26.01,0
1514,Exit short,2023-11-21 09:30,NQ09B SELL NY STOP,16014,2,640510,-59,-0.01,9,0,0.00,-54.5,-0.01,64972,25.99,0
1514,Entry short,2023-11-21 09:30,[CC] SELL NY,16012.75,2,640510,-59,-0.01,9,0,0.00,-54.5,-0.01,64972,25.99,0
1515,Exit short,2023-11-21 18:00,NQ09B SELL WEEKDAY 1800 STOP,15968.25,2,638680,-59,-0.01,9,0,0.00,-54.5,-0.01,64913,25.97,0
1515,Entry short,2023-11-21 18:00,[CC] SELL PREMIUM,15967,2,638680,-59,-0.01,9,0,0.00,-54.5,-0.01,64913,25.97,0
1516,Exit short,2023-11-22 09:30,NQ09B SELL NY STOP,16070.75,2,642780,-59,-0.01,9,5.5,0.00,-54.5,-0.01,64854,25.94,0
1516,Entry short,2023-11-22 09:30,[CC] SELL NY,16069.5,2,642780,-59,-0.01,9,5.5,0.00,-54.5,-0.01,64854,25.94,0
1517,Exit short,2023-11-23 09:30,NQ09B SELL NY STOP,16064,2,642510,-59,-0.01,9,0,0.00,-54.5,-0.01,64795,25.92,0
1517,Entry short,2023-11-23 09:30,[CC] SELL NY,16062.75,2,642510,-59,-0.01,9,0,0.00,-54.5,-0.01,64795,25.92,0
1518,Exit short,2023-11-24 09:30,NQ09B SELL NY STOP,16029.5,2,641130,-59,-0.01,9,0,0.00,-54.5,-0.01,64736,25.89,0
1518,Entry short,2023-11-24 09:30,[CC] SELL NY,16028.25,2,641130,-59,-0.01,9,0,0.00,-54.5,-0.01,64736,25.89,0
1519,Exit short,2023-11-26 18:00,NQ09B SELL WEEKLY STOP,16009,2,640310,-59,-0.01,9,0,0.00,-54.5,-0.01,64677,25.87,0
1519,Entry short,2023-11-26 18:00,[CC] SELL WEEKLY,16007.75,2,640310,-59,-0.01,9,0,0.00,-54.5,-0.01,64677,25.87,0
1520,Exit short,2023-11-27 09:30,NQ09B SELL NY N130 TP2,15986,2,639950,501,0.08,9,505.5,0.08,-14.5,0.00,65178,26.07,0
1520,Entry short,2023-11-27 09:30,[CC] SELL NY,15998.75,2,639950,501,0.08,9,505.5,0.08,-14.5,0.00,65178,26.07,0
1521,Exit short,2023-11-28 09:30,NQ09B SELL NY STOP,15975.5,2,638970,-59,-0.01,9,35.5,0.01,-54.5,-0.01,65119,26.05,0
1521,Entry short,2023-11-28 09:30,[CC] SELL NY,15974.25,2,638970,-59,-0.01,9,35.5,0.01,-54.5,-0.01,65119,26.05,0
1522,Exit short,2023-11-29 09:30,NQ09B SELL NY STOP,16148.25,2,645880,-59,-0.01,9,15.5,0.00,-54.5,-0.01,65060,26.02,0
1522,Entry short,2023-11-29 09:30,[CC] SELL NY,16147,2,645880,-59,-0.01,9,15.5,0.00,-54.5,-0.01,65060,26.02,0
1523,Exit short,2023-11-29 18:00,NQ09B SELL WEEKDAY 1800 STOP,16041.25,1,320800,-29.5,-0.01,4.5,57.75,0.02,-27.25,-0.01,65030.5,26.01,0
1523,Entry short,2023-11-29 18:00,[CC] SELL WEAK,16040,1,320800,-29.5,-0.01,4.5,57.75,0.02,-27.25,-0.01,65030.5,26.01,0
1524,Exit short,2023-11-30 09:30,NQ09B SELL NY STOP,16033.5,2,641290,-59,-0.01,9,0,0.00,-54.5,-0.01,64971.5,25.99,0
1524,Entry short,2023-11-30 09:30,[CC] SELL NY,16032.25,2,641290,-59,-0.01,9,0,0.00,-54.5,-0.01,64971.5,25.99,0
1525,Exit short,2023-11-30 18:00,NQ09B SELL WEEKDAY 1800 STOP,15956,2,638190,-59,-0.01,9,185.5,0.03,-54.5,-0.01,64912.5,25.97,0
1525,Entry short,2023-11-30 18:00,[CC] SELL PREMIUM,15954.75,2,638190,-59,-0.01,9,185.5,0.03,-54.5,-0.01,64912.5,25.97,0
1526,Exit short,2023-12-01 09:30,NQ09B SELL NY STOP,15934.5,2,637330,-59,-0.01,9,0,0.00,-54.5,-0.01,64853.5,25.94,0
1526,Entry short,2023-12-01 09:30,[CC] SELL NY,15933.25,2,637330,-59,-0.01,9,0,0.00,-54.5,-0.01,64853.5,25.94,0
1527,Exit short,2023-12-03 18:00,NQ09B SELL WEEKLY STOP,16023,2,640870,-59,-0.01,9,0,0.00,-54.5,-0.01,64794.5,25.92,0
1527,Entry short,2023-12-03 18:00,[CC] SELL WEEKLY,16021.75,2,640870,-59,-0.01,9,0,0.00,-54.5,-0.01,64794.5,25.92,0
1528,Exit short,2023-12-04 09:30,NQ09B SELL NY STOP,15863.5,2,634490,-59,-0.01,9,0,0.00,-54.5,-0.01,64735.5,25.89,0
1528,Entry short,2023-12-04 09:30,[CC] SELL NY,15862.25,2,634490,-59,-0.01,9,0,0.00,-54.5,-0.01,64735.5,25.89,0
1529,Exit short,2023-12-05 09:30,NQ09B SELL NY STOP,15792.25,2,631640,-59,-0.01,9,305.5,0.05,-54.5,-0.01,64676.5,25.87,0
1529,Entry short,2023-12-05 09:30,[CC] SELL NY,15791,2,631640,-59,-0.01,9,305.5,0.05,-54.5,-0.01,64676.5,25.87,0
1530,Exit short,2023-12-05 18:00,NQ09B SELL WEEKDAY 1800 STOP,15898,1,317935,-29.5,-0.01,4.5,0,0.00,-27.25,-0.01,64647,25.86,0
1530,Entry short,2023-12-05 18:00,[CC] SELL WEAK,15896.75,1,317935,-29.5,-0.01,4.5,0,0.00,-27.25,-0.01,64647,25.86,0
1531,Exit short,2023-12-06 09:30,NQ09B SELL NY STOP,16034.5,2,641330,-59,-0.01,9,0,0.00,-54.5,-0.01,64588,25.84,0
1531,Entry short,2023-12-06 09:30,[CC] SELL NY,16033.25,2,641330,-59,-0.01,9,0,0.00,-54.5,-0.01,64588,25.84,0
1532,Exit short,2023-12-07 09:30,NQ09B SELL NY N130 TP2,15921.25,2,637360,501,0.08,9,505.5,0.08,-14.5,0.00,65089,26.04,0
1532,Entry short,2023-12-07 09:30,[CC] SELL NY,15934,2,637360,501,0.08,9,505.5,0.08,-14.5,0.00,65089,26.04,0
1533,Exit short,2023-12-08 09:30,NQ09B SELL NY STOP,15957,2,638230,-59,-0.01,9,335.5,0.05,-54.5,-0.01,65030,26.01,0
1533,Entry short,2023-12-08 09:30,[CC] SELL NY,15955.75,2,638230,-59,-0.01,9,335.5,0.05,-54.5,-0.01,65030,26.01,0
1534,Exit short,2023-12-10 18:00,NQ09B SELL WEEKLY STOP,16094,2,643710,-59,-0.01,9,0,0.00,-54.5,-0.01,64971,25.99,0
1534,Entry short,2023-12-10 18:00,[CC] SELL WEEKLY,16092.75,2,643710,-59,-0.01,9,0,0.00,-54.5,-0.01,64971,25.99,0
1535,Exit short,2023-12-11 09:30,NQ09B SELL NY STOP,16078.5,2,643090,-59,-0.01,9,335.5,0.05,-54.5,-0.01,64912,25.96,0
1535,Entry short,2023-12-11 09:30,[CC] SELL NY,16077.25,2,643090,-59,-0.01,9,335.5,0.05,-54.5,-0.01,64912,25.96,0
1536,Exit short,2023-12-12 09:30,NQ09B SELL NY STOP,16445.25,2,657760,-59,-0.01,9,0,0.00,-54.5,-0.01,64853,25.94,0
1536,Entry short,2023-12-12 09:30,[CC] SELL NY,16444,2,657760,-59,-0.01,9,0,0.00,-54.5,-0.01,64853,25.94,0
1537,Exit short,2023-12-13 09:30,NQ09B SELL NY STOP,16610.5,2,664370,-59,-0.01,9,125.5,0.02,-54.5,-0.01,64794,25.92,0
1537,Entry short,2023-12-13 09:30,[CC] SELL NY,16609.25,2,664370,-59,-0.01,9,125.5,0.02,-54.5,-0.01,64794,25.92,0
1538,Exit short,2023-12-14 09:30,NQ09B SELL NY STOP,16821.5,2,672810,-59,-0.01,9,345.5,0.05,-54.5,-0.01,64735,25.89,0
1538,Entry short,2023-12-14 09:30,[CC] SELL NY,16820.25,2,672810,-59,-0.01,9,345.5,0.05,-54.5,-0.01,64735,25.89,0
1539,Exit short,2023-12-15 09:30,NQ09B SELL NY STOP,16788.5,2,671490,-59,-0.01,9,285.5,0.04,-54.5,-0.01,64676,25.87,0
1539,Entry short,2023-12-15 09:30,[CC] SELL NY,16787.25,2,671490,-59,-0.01,9,285.5,0.04,-54.5,-0.01,64676,25.87,0
1540,Exit short,2023-12-17 18:00,NQ09B SELL WEEKLY STOP,16821.25,2,672800,-59,-0.01,9,0,0.00,-54.5,-0.01,64617,25.85,0
1540,Entry short,2023-12-17 18:00,[CC] SELL WEEKLY,16820,2,672800,-59,-0.01,9,0,0.00,-54.5,-0.01,64617,25.85,0
1541,Exit short,2023-12-18 09:30,NQ09B SELL NY N130 TP2,16833.5,2,673850,501,0.07,9,505.5,0.08,-14.5,0.00,65118,26.05,0
1541,Entry short,2023-12-18 09:30,[CC] SELL NY,16846.25,2,673850,501,0.07,9,505.5,0.08,-14.5,0.00,65118,26.05,0
1542,Exit short,2023-12-19 09:30,NQ09B SELL NY STOP,16953.25,2,678080,-59,-0.01,9,295.5,0.04,-54.5,-0.01,65059,26.02,0
1542,Entry short,2023-12-19 09:30,[CC] SELL NY,16952,2,678080,-59,-0.01,9,295.5,0.04,-54.5,-0.01,65059,26.02,0
1543,Exit short,2023-12-20 09:30,NQ09B SELL NY STOP,16986.5,2,679410,-59,-0.01,9,0,0.00,-54.5,-0.01,65000,26.00,0
1543,Entry short,2023-12-20 09:30,[CC] SELL NY,16985.25,2,679410,-59,-0.01,9,0,0.00,-54.5,-0.01,65000,26.00,0
1544,Exit short,2023-12-20 18:00,NQ09B SELL WEEKDAY 1800 STOP,16791.25,2,671600,-59,-0.01,9,0,0.00,-54.5,-0.01,64941,25.98,0
1544,Entry short,2023-12-20 18:00,[CC] SELL PREMIUM,16790,2,671600,-59,-0.01,9,0,0.00,-54.5,-0.01,64941,25.98,0
1545,Exit short,2023-12-21 09:30,NQ09B SELL NY STOP,16923.25,2,676880,-59,-0.01,9,435.5,0.06,-54.5,-0.01,64882,25.95,0
1545,Entry short,2023-12-21 09:30,[CC] SELL NY,16922,2,676880,-59,-0.01,9,435.5,0.06,-54.5,-0.01,64882,25.95,0
1546,Exit short,2023-12-22 09:30,NQ09B SELL NY STOP,17000.25,2,679960,-59,-0.01,9,175.5,0.03,-54.5,-0.01,64823,25.93,0
1546,Entry short,2023-12-22 09:30,[CC] SELL NY,16999,2,679960,-59,-0.01,9,175.5,0.03,-54.5,-0.01,64823,25.93,0
1547,Exit short,2023-12-26 09:30,NQ09B SELL NY STOP,17010.5,2,680370,-59,-0.01,9,145.5,0.02,-54.5,-0.01,64764,25.91,0
1547,Entry short,2023-12-26 09:30,[CC] SELL NY,17009.25,2,680370,-59,-0.01,9,145.5,0.02,-54.5,-0.01,64764,25.91,0
1548,Exit short,2023-12-27 09:30,NQ09B SELL NY STOP,17092.75,2,683660,-59,-0.01,9,0,0.00,-54.5,-0.01,64705,25.88,0
1548,Entry short,2023-12-27 09:30,[CC] SELL NY,17091.5,2,683660,-59,-0.01,9,0,0.00,-54.5,-0.01,64705,25.88,0
1549,Exit short,2023-12-28 09:30,NQ09B SELL NY STOP,17149.25,2,685920,-59,-0.01,9,0,0.00,-54.5,-0.01,64646,25.86,0
1549,Entry short,2023-12-28 09:30,[CC] SELL NY,17148,2,685920,-59,-0.01,9,0,0.00,-54.5,-0.01,64646,25.86,0
1550,Exit short,2023-12-29 09:30,NQ09B SELL NY STOP,17090,2,683550,-59,-0.01,9,295.5,0.04,-54.5,-0.01,64587,25.83,0
1550,Entry short,2023-12-29 09:30,[CC] SELL NY,17088.75,2,683550,-59,-0.01,9,295.5,0.04,-54.5,-0.01,64587,25.83,0
1551,Exit short,2024-01-02 09:30,NQ09B SELL NY STOP,16862.75,2,674460,-59,-0.01,9,0,0.00,-54.5,-0.01,64528,25.81,0
1551,Entry short,2024-01-02 09:30,[CC] SELL NY,16861.5,2,674460,-59,-0.01,9,0,0.00,-54.5,-0.01,64528,25.81,0
1552,Exit short,2024-01-03 09:30,NQ09B SELL NY STOP,16611,2,664390,-59,-0.01,9,0,0.00,-54.5,-0.01,64469,25.79,0
1552,Entry short,2024-01-03 09:30,[CC] SELL NY,16609.75,2,664390,-59,-0.01,9,0,0.00,-54.5,-0.01,64469,25.79,0
1553,Exit short,2024-01-04 09:30,NQ09B SELL NY STOP,16454.25,2,658120,-59,-0.01,9,385.5,0.06,-54.5,-0.01,64410,25.76,0
1553,Entry short,2024-01-04 09:30,[CC] SELL NY,16453,2,658120,-59,-0.01,9,385.5,0.06,-54.5,-0.01,64410,25.76,0
1554,Exit short,2024-01-05 09:30,NQ09B SELL NY STOP,16450.25,2,657960,-59,-0.01,9,455.5,0.07,-54.5,-0.01,64351,25.74,0
1554,Entry short,2024-01-05 09:30,[CC] SELL NY,16449,2,657960,-59,-0.01,9,455.5,0.07,-54.5,-0.01,64351,25.74,0
1555,Exit short,2024-01-07 18:00,NQ09B SELL WEEKLY W80,16461.75,2,658790,311,0.05,9,315.5,0.05,-14.5,0.00,64662,25.86,0
1555,Entry short,2024-01-07 18:00,[CC] SELL WEEKLY,16469.75,2,658790,311,0.05,9,315.5,0.05,-14.5,0.00,64662,25.86,0
1556,Exit short,2024-01-08 09:30,NQ09B SELL NY STOP,16513,2,660470,-59,-0.01,9,245.5,0.04,-54.5,-0.01,64603,25.84,0
1556,Entry short,2024-01-08 09:30,[CC] SELL NY,16511.75,2,660470,-59,-0.01,9,245.5,0.04,-54.5,-0.01,64603,25.84,0
1557,Exit short,2024-01-09 09:30,NQ09B SELL NY STOP,16670.25,2,666760,-59,-0.01,9,105.5,0.02,-54.5,-0.01,64544,25.82,0
1557,Entry short,2024-01-09 09:30,[CC] SELL NY,16669,2,666760,-59,-0.01,9,105.5,0.02,-54.5,-0.01,64544,25.82,0
1558,Exit short,2024-01-10 09:30,NQ09B SELL NY STOP,16841,2,673590,-59,-0.01,9,5.5,0.00,-54.5,-0.01,64485,25.79,0
1558,Entry short,2024-01-10 09:30,[CC] SELL NY,16839.75,2,673590,-59,-0.01,9,5.5,0.00,-54.5,-0.01,64485,25.79,0
1559,Exit short,2024-01-11 09:30,NQ09B SELL NY STOP,16985.5,2,679370,-59,-0.01,9,365.5,0.05,-54.5,-0.01,64426,25.77,0
1559,Entry short,2024-01-11 09:30,[CC] SELL NY,16984.25,2,679370,-59,-0.01,9,365.5,0.05,-54.5,-0.01,64426,25.77,0
1560,Exit short,2024-01-12 09:30,NQ09B SELL NY STOP,17009,2,680310,-59,-0.01,9,0,0.00,-54.5,-0.01,64367,25.75,0
1560,Entry short,2024-01-12 09:30,[CC] SELL NY,17007.75,2,680310,-59,-0.01,9,0,0.00,-54.5,-0.01,64367,25.75,0
1561,Exit short,2024-01-14 18:00,NQ09B SELL WEEKLY STOP,16962.75,2,678460,-59,-0.01,9,0,0.00,-54.5,-0.01,64308,25.72,0
1561,Entry short,2024-01-14 18:00,[CC] SELL WEEKLY,16961.5,2,678460,-59,-0.01,9,0,0.00,-54.5,-0.01,64308,25.72,0
1562,Exit short,2024-01-15 09:30,NQ09B SELL NY STOP,16958.75,2,678300,-59,-0.01,9,65.5,0.01,-54.5,-0.01,64249,25.70,0
1562,Entry short,2024-01-15 09:30,[CC] SELL NY,16957.5,2,678300,-59,-0.01,9,65.5,0.01,-54.5,-0.01,64249,25.70,0
1563,Exit short,2024-01-16 09:30,NQ09B SELL NY STOP,16918,2,676670,-59,-0.01,9,465.5,0.07,-54.5,-0.01,64190,25.68,0
1563,Entry short,2024-01-16 09:30,[CC] SELL NY,16916.75,2,676670,-59,-0.01,9,465.5,0.07,-54.5,-0.01,64190,25.68,0
1564,Exit short,2024-01-17 09:30,NQ09B SELL NY STOP,16826.25,2,673000,-59,-0.01,9,0,0.00,-54.5,-0.01,64131,25.65,0
1564,Entry short,2024-01-17 09:30,[CC] SELL NY,16825,2,673000,-59,-0.01,9,0,0.00,-54.5,-0.01,64131,25.65,0
1565,Exit short,2024-01-18 09:30,NQ09B SELL NY STOP,16998,2,679870,-59,-0.01,9,75.5,0.01,-54.5,-0.01,64072,25.63,0
1565,Entry short,2024-01-18 09:30,[CC] SELL NY,16996.75,2,679870,-59,-0.01,9,75.5,0.01,-54.5,-0.01,64072,25.63,0
1566,Exit short,2024-01-19 09:30,NQ09B SELL NY STOP,17191.75,2,687620,-59,-0.01,9,0,0.00,-54.5,-0.01,64013,25.61,0
1566,Entry short,2024-01-19 09:30,[CC] SELL NY,17190.5,2,687620,-59,-0.01,9,0,0.00,-54.5,-0.01,64013,25.61,0
1567,Exit short,2024-01-21 18:00,NQ09B SELL WEEKLY STOP,17467,2,698630,-59,-0.01,9,0,0.00,-54.5,-0.01,63954,25.58,0
1567,Entry short,2024-01-21 18:00,[CC] SELL WEEKLY,17465.75,2,698630,-59,-0.01,9,0,0.00,-54.5,-0.01,63954,25.58,0
1568,Exit short,2024-01-22 09:30,NQ09B SELL NY STOP,17529.25,2,701120,-59,-0.01,9,15.5,0.00,-54.5,-0.01,63895,25.56,0
1568,Entry short,2024-01-22 09:30,[CC] SELL NY,17528,2,701120,-59,-0.01,9,15.5,0.00,-54.5,-0.01,63895,25.56,0
1569,Exit short,2024-01-23 09:30,NQ09B SELL NY N130 TP2,17474.25,2,699490,511,0.07,9,515.5,0.07,-34.5,0.00,64406,25.76,0
1569,Entry short,2024-01-23 09:30,[CC] SELL NY,17487.25,2,699490,511,0.07,9,515.5,0.07,-34.5,0.00,64406,25.76,0
1570,Exit short,2024-01-23 18:00,NQ09B SELL WEEKDAY 1800 STOP,17555,2,702150,-59,-0.01,9,55.5,0.01,-54.5,-0.01,64347,25.74,0
1570,Entry short,2024-01-23 18:00,[CC] SELL PREMIUM,17553.75,2,702150,-59,-0.01,9,55.5,0.01,-54.5,-0.01,64347,25.74,0
1571,Exit short,2024-01-24 09:30,NQ09B SELL NY STOP,17693.5,2,707690,-59,-0.01,9,0,0.00,-54.5,-0.01,64288,25.72,0
1571,Entry short,2024-01-24 09:30,[CC] SELL NY,17692.25,2,707690,-59,-0.01,9,0,0.00,-54.5,-0.01,64288,25.72,0
1572,Exit short,2024-01-24 18:00,NQ09B SELL WEEKDAY 1800 STOP,17615.75,1,352290,-29.5,-0.01,4.5,17.75,0.01,-27.25,-0.01,64258.5,25.70,0
1572,Entry short,2024-01-24 18:00,[CC] SELL WEAK,17614.5,1,352290,-29.5,-0.01,4.5,17.75,0.01,-27.25,-0.01,64258.5,25.70,0
1573,Exit short,2024-01-25 09:30,NQ09B SELL NY STOP,17723,2,708870,-59,-0.01,9,0,0.00,-54.5,-0.01,64199.5,25.68,0
1573,Entry short,2024-01-25 09:30,[CC] SELL NY,17721.75,2,708870,-59,-0.01,9,0,0.00,-54.5,-0.01,64199.5,25.68,0
1574,Exit short,2024-01-25 18:00,NQ09B SELL WEEKDAY 1800 D80,17563,2,702840,311,0.04,9,315.5,0.04,-24.5,0.00,64510.5,25.80,0
1574,Entry short,2024-01-25 18:00,[CC] SELL PREMIUM,17571,2,702840,311,0.04,9,315.5,0.04,-24.5,0.00,64510.5,25.80,0
1575,Exit short,2024-01-26 09:30,NQ09B SELL NY STOP,17558.75,2,702300,-59,-0.01,9,0,0.00,-54.5,-0.01,64451.5,25.78,0
1575,Entry short,2024-01-26 09:30,[CC] SELL NY,17557.5,2,702300,-59,-0.01,9,0,0.00,-54.5,-0.01,64451.5,25.78,0
1576,Exit short,2024-01-28 18:00,NQ09B SELL WEEKLY W80,17493.75,2,700070,311,0.04,9,315.5,0.05,-14.5,0.00,64762.5,25.91,0
1576,Entry short,2024-01-28 18:00,[CC] SELL WEEKLY,17501.75,2,700070,311,0.04,9,315.5,0.05,-14.5,0.00,64762.5,25.91,0
1577,Exit short,2024-01-29 09:30,NQ09B SELL NY STOP,17549,2,701910,-59,-0.01,9,0,0.00,-54.5,-0.01,64703.5,25.88,0
1577,Entry short,2024-01-29 09:30,[CC] SELL NY,17547.75,2,701910,-59,-0.01,9,0,0.00,-54.5,-0.01,64703.5,25.88,0
1578,Exit short,2024-01-30 09:30,NQ09B SELL NY STOP,17662.75,2,706460,-59,-0.01,9,295.5,0.04,-54.5,-0.01,64644.5,25.86,0
1578,Entry short,2024-01-30 09:30,[CC] SELL NY,17661.5,2,706460,-59,-0.01,9,295.5,0.04,-54.5,-0.01,64644.5,25.86,0
1579,Exit short,2024-01-30 18:00,NQ09B SELL WEEKDAY 1800 STOP,17416.5,2,696610,-59,-0.01,9,205.5,0.03,-54.5,-0.01,64585.5,25.83,0
1579,Entry short,2024-01-30 18:00,[CC] SELL PREMIUM,17415.25,2,696610,-59,-0.01,9,205.5,0.03,-54.5,-0.01,64585.5,25.83,0
1580,Exit short,2024-01-31 09:30,NQ09B SELL NY STOP,17401,2,695990,-59,-0.01,9,0,0.00,-54.5,-0.01,64526.5,25.81,0
1580,Entry short,2024-01-31 09:30,[CC] SELL NY,17399.75,2,695990,-59,-0.01,9,0,0.00,-54.5,-0.01,64526.5,25.81,0
1581,Exit short,2024-01-31 18:00,NQ09B SELL WEEKDAY 1800 STOP,17274.25,2,690920,-59,-0.01,9,245.5,0.04,-54.5,-0.01,64467.5,25.79,0
1581,Entry short,2024-01-31 18:00,[CC] SELL PREMIUM,17273,2,690920,-59,-0.01,9,245.5,0.04,-54.5,-0.01,64467.5,25.79,0
1582,Exit short,2024-02-01 09:30,NQ09B SELL NY STOP,17308,2,692270,-59,-0.01,9,495.5,0.07,-54.5,-0.01,64408.5,25.76,0
1582,Entry short,2024-02-01 09:30,[CC] SELL NY,17306.75,2,692270,-59,-0.01,9,495.5,0.07,-54.5,-0.01,64408.5,25.76,0
1583,Exit short,2024-02-01 18:00,NQ09B SELL WEEKDAY 1800 D80,17579.5,2,703510,321,0.05,9,325.5,0.05,-14.5,0.00,64729.5,25.89,0
1583,Entry short,2024-02-01 18:00,[CC] SELL PREMIUM,17587.75,2,703510,321,0.05,9,325.5,0.05,-14.5,0.00,64729.5,25.89,0
1584,Exit short,2024-02-02 09:30,NQ09B SELL NY STOP,17508.75,2,700300,-59,-0.01,9,0,0.00,-54.5,-0.01,64670.5,25.87,0
1584,Entry short,2024-02-02 09:30,[CC] SELL NY,17507.5,2,700300,-59,-0.01,9,0,0.00,-54.5,-0.01,64670.5,25.87,0
1585,Exit short,2024-02-04 18:00,NQ09B SELL WEEKLY STOP,17697,2,707830,-59,-0.01,9,195.5,0.03,-54.5,-0.01,64611.5,25.84,0
1585,Entry short,2024-02-04 18:00,[CC] SELL WEEKLY,17695.75,2,707830,-59,-0.01,9,195.5,0.03,-54.5,-0.01,64611.5,25.84,0
1586,Exit short,2024-02-05 09:30,NQ09B SELL NY STOP,17723.75,2,708900,-59,-0.01,9,0,0.00,-54.5,-0.01,64552.5,25.82,0
1586,Entry short,2024-02-05 09:30,[CC] SELL NY,17722.5,2,708900,-59,-0.01,9,0,0.00,-54.5,-0.01,64552.5,25.82,0
1587,Exit short,2024-02-06 09:30,NQ09B SELL NY N130 TP2,17727.25,2,709630,531,0.07,9,535.5,0.08,-14.5,0.00,65083.5,26.03,0
1587,Entry short,2024-02-06 09:30,[CC] SELL NY,17740.75,2,709630,531,0.07,9,535.5,0.08,-14.5,0.00,65083.5,26.03,0
1588,Exit short,2024-02-07 09:30,NQ09B SELL NY STOP,17774.5,2,710930,-59,-0.01,9,0,0.00,-54.5,-0.01,65024.5,26.01,0
1588,Entry short,2024-02-07 09:30,[CC] SELL NY,17773.25,2,710930,-59,-0.01,9,0,0.00,-54.5,-0.01,65024.5,26.01,0
1589,Exit short,2024-02-08 09:30,NQ09B SELL NY STOP,17836.75,2,713420,-59,-0.01,9,0,0.00,-54.5,-0.01,64965.5,25.99,0
1589,Entry short,2024-02-08 09:30,[CC] SELL NY,17835.5,2,713420,-59,-0.01,9,0,0.00,-54.5,-0.01,64965.5,25.99,0
1590,Exit short,2024-02-09 09:30,NQ09B SELL NY STOP,17910,2,716350,-59,-0.01,9,0,0.00,-54.5,-0.01,64906.5,25.96,0
1590,Entry short,2024-02-09 09:30,[CC] SELL NY,17908.75,2,716350,-59,-0.01,9,0,0.00,-54.5,-0.01,64906.5,25.96,0
1591,Exit short,2024-02-11 18:00,NQ09B SELL WEEKLY STOP,18041,2,721590,-59,-0.01,9,0,0.00,-54.5,-0.01,64847.5,25.94,0
1591,Entry short,2024-02-11 18:00,[CC] SELL WEEKLY,18039.75,2,721590,-59,-0.01,9,0,0.00,-54.5,-0.01,64847.5,25.94,0
1592,Exit short,2024-02-12 09:30,NQ09B SELL NY STOP,18030.75,2,721180,-59,-0.01,9,0,0.00,-54.5,-0.01,64788.5,25.92,0
1592,Entry short,2024-02-12 09:30,[CC] SELL NY,18029.5,2,721180,-59,-0.01,9,0,0.00,-54.5,-0.01,64788.5,25.92,0
1593,Exit short,2024-02-13 09:30,NQ09B SELL NY STOP,17629,2,705110,-59,-0.01,9,0,0.00,-54.5,-0.01,64729.5,25.89,0
1593,Entry short,2024-02-13 09:30,[CC] SELL NY,17627.75,2,705110,-59,-0.01,9,0,0.00,-54.5,-0.01,64729.5,25.89,0
1594,Exit short,2024-02-14 09:30,NQ09B SELL NY STOP,17789.75,2,711540,-59,-0.01,9,175.5,0.02,-54.5,-0.01,64670.5,25.87,0
1594,Entry short,2024-02-14 09:30,[CC] SELL NY,17788.5,2,711540,-59,-0.01,9,175.5,0.02,-54.5,-0.01,64670.5,25.87,0
1595,Exit short,2024-02-15 09:30,NQ09B SELL NY STOP,17889,2,715510,-59,-0.01,9,0,0.00,-54.5,-0.01,64611.5,25.84,0
1595,Entry short,2024-02-15 09:30,[CC] SELL NY,17887.75,2,715510,-59,-0.01,9,0,0.00,-54.5,-0.01,64611.5,25.84,0
1596,Exit short,2024-02-15 18:00,NQ09B SELL WEEKDAY 1800 STOP,17953,1,359035,-29.5,-0.01,4.5,27.75,0.01,-27.25,-0.01,64582,25.83,0
1596,Entry short,2024-02-15 18:00,[CC] SELL WEAK,17951.75,1,359035,-29.5,-0.01,4.5,27.75,0.01,-27.25,-0.01,64582,25.83,0
1597,Exit short,2024-02-16 09:30,NQ09B SELL NY STOP,17927.75,2,717060,-59,-0.01,9,0,0.00,-54.5,-0.01,64523,25.81,0
1597,Entry short,2024-02-16 09:30,[CC] SELL NY,17926.5,2,717060,-59,-0.01,9,0,0.00,-54.5,-0.01,64523,25.81,0
1598,Exit short,2024-02-18 18:00,NQ09B SELL WEEKLY STOP,17730.25,2,709160,-59,-0.01,9,105.5,0.01,-54.5,-0.01,64464,25.79,0
1598,Entry short,2024-02-18 18:00,[CC] SELL WEEKLY,17729,2,709160,-59,-0.01,9,105.5,0.01,-54.5,-0.01,64464,25.79,0
1599,Exit short,2024-02-19 09:30,NQ09B SELL NY STOP,17790.25,2,711560,-59,-0.01,9,155.5,0.02,-54.5,-0.01,64405,25.76,0
1599,Entry short,2024-02-19 09:30,[CC] SELL NY,17789,2,711560,-59,-0.01,9,155.5,0.02,-54.5,-0.01,64405,25.76,0
1600,Exit short,2024-02-20 09:30,NQ09B SELL NY STOP,17662.25,2,706440,-59,-0.01,9,455.5,0.06,-54.5,-0.01,64346,25.74,0
1600,Entry short,2024-02-20 09:30,[CC] SELL NY,17661,2,706440,-59,-0.01,9,455.5,0.06,-54.5,-0.01,64346,25.74,0
1601,Exit short,2024-02-20 18:00,NQ09B SELL WEEKDAY 1800 STOP,17574,2,702910,-59,-0.01,9,265.5,0.04,-54.5,-0.01,64287,25.71,0
1601,Entry short,2024-02-20 18:00,[CC] SELL PREMIUM,17572.75,2,702910,-59,-0.01,9,265.5,0.04,-54.5,-0.01,64287,25.71,0
1602,Exit short,2024-02-21 09:30,NQ09B SELL NY STOP,17495.75,2,699780,-59,-0.01,9,0,0.00,-54.5,-0.01,64228,25.69,0
1602,Entry short,2024-02-21 09:30,[CC] SELL NY,17494.5,2,699780,-59,-0.01,9,0,0.00,-54.5,-0.01,64228,25.69,0
1603,Exit short,2024-02-21 18:00,NQ09B SELL WEEKDAY 1800 STOP,17703.5,2,708090,-59,-0.01,9,0,0.00,-54.5,-0.01,64169,25.67,0
1603,Entry short,2024-02-21 18:00,[CC] SELL PREMIUM,17702.25,2,708090,-59,-0.01,9,0,0.00,-54.5,-0.01,64169,25.67,0
1604,Exit short,2024-02-22 09:30,NQ09B SELL NY STOP,17897,2,715830,-59,-0.01,9,0,0.00,-54.5,-0.01,64110,25.64,0
1604,Entry short,2024-02-22 09:30,[CC] SELL NY,17895.75,2,715830,-59,-0.01,9,0,0.00,-54.5,-0.01,64110,25.64,0
1605,Exit short,2024-02-23 09:30,NQ09B SELL NY STOP,18106.5,2,724210,-59,-0.01,9,325.5,0.04,-54.5,-0.01,64051,25.62,0
1605,Entry short,2024-02-23 09:30,[CC] SELL NY,18105.25,2,724210,-59,-0.01,9,325.5,0.04,-54.5,-0.01,64051,25.62,0
1606,Exit short,2024-02-25 18:00,NQ09B SELL WEEKLY STOP,17962.5,2,718450,-59,-0.01,9,0,0.00,-54.5,-0.01,63992,25.60,0
1606,Entry short,2024-02-25 18:00,[CC] SELL WEEKLY,17961.25,2,718450,-59,-0.01,9,0,0.00,-54.5,-0.01,63992,25.60,0
1607,Exit short,2024-02-26 09:30,NQ09B SELL NY STOP,18018.25,2,720680,-59,-0.01,9,285.5,0.04,-54.5,-0.01,63933,25.57,0
1607,Entry short,2024-02-26 09:30,[CC] SELL NY,18017,2,720680,-59,-0.01,9,285.5,0.04,-54.5,-0.01,63933,25.57,0
1608,Exit short,2024-02-26 18:00,NQ09B SELL WEEKDAY 1800 STOP,17952,2,718030,-59,-0.01,9,0,0.00,-54.5,-0.01,63874,25.55,0
1608,Entry short,2024-02-26 18:00,[CC] SELL PREMIUM,17950.75,2,718030,-59,-0.01,9,0,0.00,-54.5,-0.01,63874,25.55,0
1609,Exit short,2024-02-27 09:30,NQ09B SELL NY STOP,18019.25,2,720720,-59,-0.01,9,0,0.00,-54.5,-0.01,63815,25.53,0
1609,Entry short,2024-02-27 09:30,[CC] SELL NY,18018,2,720720,-59,-0.01,9,0,0.00,-54.5,-0.01,63815,25.53,0
1610,Exit short,2024-02-28 09:30,NQ09B SELL NY STOP,17924.75,2,716940,-59,-0.01,9,0,0.00,-54.5,-0.01,63756,25.50,0
1610,Entry short,2024-02-28 09:30,[CC] SELL NY,17923.5,2,716940,-59,-0.01,9,0,0.00,-54.5,-0.01,63756,25.50,0
1611,Exit short,2024-02-28 18:00,NQ09B SELL WEEKDAY 1800 STOP,17871,2,714790,-59,-0.01,9,175.5,0.02,-54.5,-0.01,63697,25.48,0
1611,Entry short,2024-02-28 18:00,[CC] SELL PREMIUM,17869.75,2,714790,-59,-0.01,9,175.5,0.02,-54.5,-0.01,63697,25.48,0
1612,Exit short,2024-02-29 09:30,NQ09B SELL NY STOP,18031,2,721190,-59,-0.01,9,355.5,0.05,-54.5,-0.01,63638,25.46,0
1612,Entry short,2024-02-29 09:30,[CC] SELL NY,18029.75,2,721190,-59,-0.01,9,355.5,0.05,-54.5,-0.01,63638,25.46,0
1613,Exit short,2024-03-01 09:30,NQ09B SELL NY STOP,18097.5,2,723850,-59,-0.01,9,95.5,0.01,-54.5,-0.01,63579,25.43,0
1613,Entry short,2024-03-01 09:30,[CC] SELL NY,18096.25,2,723850,-59,-0.01,9,95.5,0.01,-54.5,-0.01,63579,25.43,0
1614,Exit short,2024-03-03 18:00,NQ09B SELL WEEKLY STOP,18337,2,733430,-59,-0.01,9,105.5,0.01,-54.5,-0.01,63520,25.41,0
1614,Entry short,2024-03-03 18:00,[CC] SELL WEEKLY,18335.75,2,733430,-59,-0.01,9,105.5,0.01,-54.5,-0.01,63520,25.41,0
1615,Exit short,2024-03-04 09:30,NQ09B SELL NY STOP,18331.25,2,733200,-59,-0.01,9,0,0.00,-54.5,-0.01,63461,25.38,0
1615,Entry short,2024-03-04 09:30,[CC] SELL NY,18330,2,733200,-59,-0.01,9,0,0.00,-54.5,-0.01,63461,25.38,0
1616,Exit short,2024-03-05 09:30,NQ09B SELL NY STOP,18134.75,2,725340,-59,-0.01,9,0,0.00,-54.5,-0.01,63402,25.36,0
1616,Entry short,2024-03-05 09:30,[CC] SELL NY,18133.5,2,725340,-59,-0.01,9,0,0.00,-54.5,-0.01,63402,25.36,0
1617,Exit short,2024-03-05 18:00,NQ09B SELL WEEKDAY 1800 STOP,17982,2,719230,-59,-0.01,9,0,0.00,-54.5,-0.01,63343,25.34,0
1617,Entry short,2024-03-05 18:00,[CC] SELL PREMIUM,17980.75,2,719230,-59,-0.01,9,0,0.00,-54.5,-0.01,63343,25.34,0
1618,Exit short,2024-03-06 09:30,NQ09B SELL NY STOP,18105.25,2,724160,-59,-0.01,9,445.5,0.06,-54.5,-0.01,63284,25.31,0
1618,Entry short,2024-03-06 09:30,[CC] SELL NY,18104,2,724160,-59,-0.01,9,445.5,0.06,-54.5,-0.01,63284,25.31,0
1619,Exit short,2024-03-07 09:30,NQ09B SELL NY STOP,18183.25,2,727280,-59,-0.01,9,0,0.00,-54.5,-0.01,63225,25.29,0
1619,Entry short,2024-03-07 09:30,[CC] SELL NY,18182,2,727280,-59,-0.01,9,0,0.00,-54.5,-0.01,63225,25.29,0
1620,Exit short,2024-03-07 18:00,NQ09B SELL WEEKDAY 1800 STOP,18280,2,731150,-59,-0.01,9,0,0.00,-54.5,-0.01,63166,25.27,0
1620,Entry short,2024-03-07 18:00,[CC] SELL PREMIUM,18278.75,2,731150,-59,-0.01,9,0,0.00,-54.5,-0.01,63166,25.27,0
1621,Exit short,2024-03-08 09:30,NQ09B SELL NY N130 TP2,18304,2,732710,541,0.07,9,545.5,0.07,-14.5,0.00,63707,25.48,0
1621,Entry short,2024-03-08 09:30,[CC] SELL NY,18317.75,2,732710,541,0.07,9,545.5,0.07,-14.5,0.00,63707,25.48,0
1622,Exit short,2024-03-10 18:00,NQ09B SELL WEEKLY STOP,18057,2,722230,-59,-0.01,9,0,0.00,-54.5,-0.01,63648,25.46,0
1622,Entry short,2024-03-10 18:00,[CC] SELL WEEKLY,18055.75,2,722230,-59,-0.01,9,0,0.00,-54.5,-0.01,63648,25.46,0
1623,Exit short,2024-03-11 09:30,NQ09B SELL NY STOP,17977.25,2,719040,-59,-0.01,9,0,0.00,-54.5,-0.01,63589,25.44,0
1623,Entry short,2024-03-11 09:30,[CC] SELL NY,17976,2,719040,-59,-0.01,9,0,0.00,-54.5,-0.01,63589,25.44,0
1624,Exit short,2024-03-11 18:00,NQ09B SELL WEEKDAY 1800 STOP,18254,2,730110,-59,-0.01,9,205.5,0.03,-54.5,-0.01,63530,25.41,0
1624,Entry short,2024-03-11 18:00,[CC] SELL PREMIUM,18252.75,2,730110,-59,-0.01,9,205.5,0.03,-54.5,-0.01,63530,25.41,0
1625,Exit short,2024-03-12 09:30,NQ09B SELL NY STOP,18312.5,2,732450,-59,-0.01,9,0,0.00,-54.5,-0.01,63471,25.39,0
1625,Entry short,2024-03-12 09:30,[CC] SELL NY,18311.25,2,732450,-59,-0.01,9,0,0.00,-54.5,-0.01,63471,25.39,0
1626,Exit short,2024-03-13 09:30,NQ09B SELL NY STOP,18429.25,2,737120,-59,-0.01,9,0,0.00,-54.5,-0.01,63412,25.36,0
1626,Entry short,2024-03-13 09:30,[CC] SELL NY,18428,2,737120,-59,-0.01,9,0,0.00,-54.5,-0.01,63412,25.36,0
1627,Exit short,2024-03-14 09:30,NQ09B SELL NY STOP,18376.25,2,735000,-59,-0.01,9,0,0.00,-54.5,-0.01,63353,25.34,0
1627,Entry short,2024-03-14 09:30,[CC] SELL NY,18375,2,735000,-59,-0.01,9,0,0.00,-54.5,-0.01,63353,25.34,0
1628,Exit short,2024-03-14 18:00,NQ09B SELL WEEKDAY 1800 STOP,18252,1,365015,-29.5,-0.01,4.5,17.75,0.00,-27.25,-0.01,63323.5,25.33,0
1628,Entry short,2024-03-14 18:00,[CC] SELL WEAK,18250.75,1,365015,-29.5,-0.01,4.5,17.75,0.00,-27.25,-0.01,63323.5,25.33,0
1629,Exit short,2024-03-15 09:30,NQ09B SELL NY STOP,18153.5,2,726090,-59,-0.01,9,0,0.00,-54.5,-0.01,63264.5,25.31,0
1629,Entry short,2024-03-15 09:30,[CC] SELL NY,18152.25,2,726090,-59,-0.01,9,0,0.00,-54.5,-0.01,63264.5,25.31,0
1630,Exit short,2024-03-17 18:00,NQ09B SELL WEEKLY STOP,18074.5,2,722930,-59,-0.01,9,0,0.00,-54.5,-0.01,63205.5,25.28,0
1630,Entry short,2024-03-17 18:00,[CC] SELL WEEKLY,18073.25,2,722930,-59,-0.01,9,0,0.00,-54.5,-0.01,63205.5,25.28,0
1631,Exit short,2024-03-18 09:30,NQ09B SELL NY STOP,18285,2,731350,-59,-0.01,9,245.5,0.03,-54.5,-0.01,63146.5,25.26,0
1631,Entry short,2024-03-18 09:30,[CC] SELL NY,18283.75,2,731350,-59,-0.01,9,245.5,0.03,-54.5,-0.01,63146.5,25.26,0
1632,Exit short,2024-03-18 18:00,NQ09B SELL WEEKDAY 1800 STOP,18223,1,364435,-29.5,-0.01,4.5,0,0.00,-27.25,-0.01,63117,25.25,0
1632,Entry short,2024-03-18 18:00,[CC] SELL WEAK,18221.75,1,364435,-29.5,-0.01,4.5,0,0.00,-27.25,-0.01,63117,25.25,0
1633,Exit short,2024-03-19 09:30,NQ09B SELL NY STOP,18144.25,2,725720,-59,-0.01,9,0,0.00,-54.5,-0.01,63058,25.22,0
1633,Entry short,2024-03-19 09:30,[CC] SELL NY,18143,2,725720,-59,-0.01,9,0,0.00,-54.5,-0.01,63058,25.22,0
1634,Exit short,2024-03-19 18:00,NQ09B SELL WEEKDAY 1800 STOP,18275,1,365475,-29.5,-0.01,4.5,0,0.00,-27.25,-0.01,63028.5,25.21,0
1634,Entry short,2024-03-19 18:00,[CC] SELL WEAK,18273.75,1,365475,-29.5,-0.01,4.5,0,0.00,-27.25,-0.01,63028.5,25.21,0
1635,Exit short,2024-03-20 09:30,NQ09B SELL NY N130 TP2,18304,2,732710,541,0.07,9,545.5,0.07,-14.5,0.00,63569.5,25.43,0
1635,Entry short,2024-03-20 09:30,[CC] SELL NY,18317.75,2,732710,541,0.07,9,545.5,0.07,-14.5,0.00,63569.5,25.43,0
1636,Exit short,2024-03-21 09:30,NQ09B SELL NY STOP,18688.5,2,747490,-59,-0.01,9,0,0.00,-54.5,-0.01,63510.5,25.40,0
1636,Entry short,2024-03-21 09:30,[CC] SELL NY,18687.25,2,747490,-59,-0.01,9,0,0.00,-54.5,-0.01,63510.5,25.40,0
1637,Exit short,2024-03-22 09:30,NQ09B SELL NY STOP,18538.5,2,741490,-59,-0.01,9,0,0.00,-54.5,-0.01,63451.5,25.38,0
1637,Entry short,2024-03-22 09:30,[CC] SELL NY,18537.25,2,741490,-59,-0.01,9,0,0.00,-54.5,-0.01,63451.5,25.38,0
1638,Exit short,2024-03-24 18:00,NQ09B SELL WEEKLY STOP,18568,2,742670,-59,-0.01,9,195.5,0.03,-54.5,-0.01,63392.5,25.36,0
1638,Entry short,2024-03-24 18:00,[CC] SELL WEEKLY,18566.75,2,742670,-59,-0.01,9,195.5,0.03,-54.5,-0.01,63392.5,25.36,0
1639,Exit short,2024-03-25 09:30,NQ09B SELL NY N130 TP2,18445.25,2,738360,541,0.07,9,545.5,0.07,-14.5,0.00,63933.5,25.57,0
1639,Entry short,2024-03-25 09:30,[CC] SELL NY,18459,2,738360,541,0.07,9,545.5,0.07,-14.5,0.00,63933.5,25.57,0
1640,Exit short,2024-03-25 18:00,NQ09B SELL WEEKDAY 1800 STOP,18532.25,1,370620,-29.5,-0.01,4.5,17.75,0.00,-27.25,-0.01,63904,25.56,0
1640,Entry short,2024-03-25 18:00,[CC] SELL WEAK,18531,1,370620,-29.5,-0.01,4.5,17.75,0.00,-27.25,-0.01,63904,25.56,0
1641,Exit short,2024-03-26 09:30,NQ09B SELL NY N130 TP2,18554.75,2,742740,541,0.07,9,545.5,0.07,-14.5,0.00,64445,25.78,0
1641,Entry short,2024-03-26 09:30,[CC] SELL NY,18568.5,2,742740,541,0.07,9,545.5,0.07,-14.5,0.00,64445,25.78,0
1642,Exit short,2024-03-27 09:30,NQ09B SELL NY STOP,18567.5,2,742650,-59,-0.01,9,0,0.00,-54.5,-0.01,64386,25.75,0
1642,Entry short,2024-03-27 09:30,[CC] SELL NY,18566.25,2,742650,-59,-0.01,9,0,0.00,-54.5,-0.01,64386,25.75,0
1643,Exit short,2024-03-28 09:30,NQ09B SELL NY STOP,18501,2,739990,-59,-0.01,9,0,0.00,-54.5,-0.01,64327,25.73,0
1643,Entry short,2024-03-28 09:30,[CC] SELL NY,18499.75,2,739990,-59,-0.01,9,0,0.00,-54.5,-0.01,64327,25.73,0
1644,Exit short,2024-03-31 18:00,NQ09B SELL WEEKLY STOP,18504,2,740110,-59,-0.01,9,85.5,0.01,-54.5,-0.01,64268,25.71,0
1644,Entry short,2024-03-31 18:00,[CC] SELL WEEKLY,18502.75,2,740110,-59,-0.01,9,85.5,0.01,-54.5,-0.01,64268,25.71,0
1645,Exit short,2024-04-01 09:30,NQ09B SELL NY N130 TP2,18486.5,2,740010,541,0.07,9,545.5,0.07,-14.5,0.00,64809,25.92,0
1645,Entry short,2024-04-01 09:30,[CC] SELL NY,18500.25,2,740010,541,0.07,9,545.5,0.07,-14.5,0.00,64809,25.92,0
1646,Exit short,2024-04-02 09:30,NQ09B SELL NY STOP,18288.5,2,731490,-59,-0.01,9,0,0.00,-54.5,-0.01,64750,25.90,0
1646,Entry short,2024-04-02 09:30,[CC] SELL NY,18287.25,2,731490,-59,-0.01,9,0,0.00,-54.5,-0.01,64750,25.90,0
1647,Exit short,2024-04-03 09:30,NQ09B SELL NY STOP,18241.5,2,729610,-59,-0.01,9,25.5,0.00,-54.5,-0.01,64691,25.88,0
1647,Entry short,2024-04-03 09:30,[CC] SELL NY,18240.25,2,729610,-59,-0.01,9,25.5,0.00,-54.5,-0.01,64691,25.88,0
1648,Exit short,2024-04-04 09:30,NQ09B SELL NY STOP,18542.25,2,741640,-59,-0.01,9,0,0.00,-54.5,-0.01,64632,25.85,0
1648,Entry short,2024-04-04 09:30,[CC] SELL NY,18541,2,741640,-59,-0.01,9,0,0.00,-54.5,-0.01,64632,25.85,0
1649,Exit short,2024-04-04 18:00,NQ09B SELL WEEKDAY 1800 STOP,18087.25,1,361720,-29.5,-0.01,4.5,72.75,0.02,-27.25,-0.01,64602.5,25.84,0
1649,Entry short,2024-04-04 18:00,[CC] SELL WEAK,18086,1,361720,-29.5,-0.01,4.5,72.75,0.02,-27.25,-0.01,64602.5,25.84,0
1650,Exit short,2024-04-05 09:30,NQ09B SELL NY N130 TP2,18124.25,2,725510,531,0.07,9,535.5,0.07,-14.5,0.00,65133.5,26.05,0
1650,Entry short,2024-04-05 09:30,[CC] SELL NY,18137.75,2,725510,531,0.07,9,535.5,0.07,-14.5,0.00,65133.5,26.05,0
1651,Exit short,2024-04-07 18:00,NQ09B SELL WEEKLY W80,18339.5,2,733920,331,0.05,9,335.5,0.05,-14.5,0.00,65464.5,26.19,0
1651,Entry short,2024-04-07 18:00,[CC] SELL WEEKLY,18348,2,733920,331,0.05,9,335.5,0.05,-14.5,0.00,65464.5,26.19,0
1652,Exit short,2024-04-08 09:30,NQ09B SELL NY STOP,18331.25,2,733200,-59,-0.01,9,0,0.00,-54.5,-0.01,65405.5,26.16,0
1652,Entry short,2024-04-08 09:30,[CC] SELL NY,18330,2,733200,-59,-0.01,9,0,0.00,-54.5,-0.01,65405.5,26.16,0
1653,Exit short,2024-04-09 09:30,NQ09B SELL NY STOP,18392.25,2,735640,-59,-0.01,9,0,0.00,-54.5,-0.01,65346.5,26.14,0
1653,Entry short,2024-04-09 09:30,[CC] SELL NY,18391,2,735640,-59,-0.01,9,0,0.00,-54.5,-0.01,65346.5,26.14,0
1654,Exit short,2024-04-10 09:30,NQ09B SELL NY N130 TP2,18126.25,2,725590,531,0.07,9,535.5,0.07,-14.5,0.00,65877.5,26.35,0
1654,Entry short,2024-04-10 09:30,[CC] SELL NY,18139.75,2,725590,531,0.07,9,535.5,0.07,-14.5,0.00,65877.5,26.35,0
1655,Exit short,2024-04-10 18:00,NQ09B SELL WEEKDAY 1800 D80,18175.5,1,363675,160.5,0.04,4.5,162.75,0.04,-7.25,0.00,66038,26.42,0
1655,Entry short,2024-04-10 18:00,[CC] SELL WEAK,18183.75,1,363675,160.5,0.04,4.5,162.75,0.04,-7.25,0.00,66038,26.42,0
1656,Exit short,2024-04-11 09:30,NQ09B SELL NY STOP,18266.25,2,730600,-59,-0.01,9,0,0.00,-54.5,-0.01,65979,26.39,0
1656,Entry short,2024-04-11 09:30,[CC] SELL NY,18265,2,730600,-59,-0.01,9,0,0.00,-54.5,-0.01,65979,26.39,0
1657,Exit short,2024-04-12 09:30,NQ09B SELL NY N130 TP2,18283,2,731870,541,0.07,9,545.5,0.07,-14.5,0.00,66520,26.61,0
1657,Entry short,2024-04-12 09:30,[CC] SELL NY,18296.75,2,731870,541,0.07,9,545.5,0.07,-14.5,0.00,66520,26.61,0
1658,Exit short,2024-04-14 18:00,NQ09B SELL WEEKLY STOP,18152,2,726030,-59,-0.01,9,155.5,0.02,-54.5,-0.01,66461,26.58,0
1658,Entry short,2024-04-14 18:00,[CC] SELL WEEKLY,18150.75,2,726030,-59,-0.01,9,155.5,0.02,-54.5,-0.01,66461,26.58,0
1659,Exit short,2024-04-15 09:30,NQ09B SELL NY STOP,18336.75,2,733420,-59,-0.01,9,0,0.00,-54.5,-0.01,66402,26.56,0
1659,Entry short,2024-04-15 09:30,[CC] SELL NY,18335.5,2,733420,-59,-0.01,9,0,0.00,-54.5,-0.01,66402,26.56,0
1660,Exit short,2024-04-15 18:00,NQ09B SELL WEEKDAY 1800 STOP,17880,1,357575,-29.5,-0.01,4.5,92.75,0.03,-27.25,-0.01,66372.5,26.55,0
1660,Entry short,2024-04-15 18:00,[CC] SELL WEAK,17878.75,1,357575,-29.5,-0.01,4.5,92.75,0.03,-27.25,-0.01,66372.5,26.55,0
1661,Exit short,2024-04-16 09:30,NQ09B SELL NY STOP,17869.25,2,714720,-59,-0.01,9,0,0.00,-54.5,-0.01,66313.5,26.53,0
1661,Entry short,2024-04-16 09:30,[CC] SELL NY,17868,2,714720,-59,-0.01,9,0,0.00,-54.5,-0.01,66313.5,26.53,0
1662,Exit short,2024-04-17 09:30,NQ09B SELL NY STOP,17958.25,2,718280,-59,-0.01,9,0,0.00,-54.5,-0.01,66254.5,26.50,0
1662,Entry short,2024-04-17 09:30,[CC] SELL NY,17957,2,718280,-59,-0.01,9,0,0.00,-54.5,-0.01,66254.5,26.50,0
1663,Exit short,2024-04-18 09:30,NQ09B SELL NY STOP,17674.5,2,706930,-59,-0.01,9,0,0.00,-54.5,-0.01,66195.5,26.48,0
1663,Entry short,2024-04-18 09:30,[CC] SELL NY,17673.25,2,706930,-59,-0.01,9,0,0.00,-54.5,-0.01,66195.5,26.48,0
1664,Exit short,2024-04-18 18:00,NQ09B SELL WEEKDAY 1800 STOP,17531.75,1,350610,-29.5,-0.01,4.5,82.75,0.02,-27.25,-0.01,66166,26.47,0
1664,Entry short,2024-04-18 18:00,[CC] SELL WEAK,17530.5,1,350610,-29.5,-0.01,4.5,82.75,0.02,-27.25,-0.01,66166,26.47,0
1665,Exit short,2024-04-19 09:30,NQ09B SELL NY STOP,17496,2,699790,-59,-0.01,9,0,0.00,-54.5,-0.01,66107,26.44,0
1665,Entry short,2024-04-19 09:30,[CC] SELL NY,17494.75,2,699790,-59,-0.01,9,0,0.00,-54.5,-0.01,66107,26.44,0
1666,Exit short,2024-04-21 18:00,NQ09B SELL WEEKLY STOP,17229.25,2,689120,-59,-0.01,9,0,0.00,-54.5,-0.01,66048,26.42,0
1666,Entry short,2024-04-21 18:00,[CC] SELL WEEKLY,17228,2,689120,-59,-0.01,9,0,0.00,-54.5,-0.01,66048,26.42,0
1667,Exit short,2024-04-22 09:30,NQ09B SELL NY STOP,17289.75,2,691540,-59,-0.01,9,0,0.00,-54.5,-0.01,65989,26.40,0
1667,Entry short,2024-04-22 09:30,[CC] SELL NY,17288.5,2,691540,-59,-0.01,9,0,0.00,-54.5,-0.01,65989,26.40,0
1668,Exit short,2024-04-23 09:30,NQ09B SELL NY N130 TP2,17415.5,2,697140,511,0.07,9,515.5,0.07,-14.5,0.00,66500,26.60,0
1668,Entry short,2024-04-23 09:30,[CC] SELL NY,17428.5,2,697140,511,0.07,9,515.5,0.07,-14.5,0.00,66500,26.60,0
1669,Exit short,2024-04-24 09:30,NQ09B SELL NY N130 TP2,17717.25,2,709230,531,0.07,9,535.5,0.08,-14.5,0.00,67031,26.81,0
1669,Entry short,2024-04-24 09:30,[CC] SELL NY,17730.75,2,709230,531,0.07,9,535.5,0.08,-14.5,0.00,67031,26.81,0
1670,Exit short,2024-04-24 18:00,NQ09B SELL WEEKDAY 1800 D80,17441.75,2,697990,311,0.04,9,315.5,0.05,-14.5,0.00,67342,26.94,0
1670,Entry short,2024-04-24 18:00,[CC] SELL PREMIUM,17449.75,2,697990,311,0.04,9,315.5,0.05,-14.5,0.00,67342,26.94,0
1671,Exit short,2024-04-25 09:30,NQ09B SELL NY STOP,17354.75,2,694140,-59,-0.01,9,0,0.00,-54.5,-0.01,67283,26.91,0
1671,Entry short,2024-04-25 09:30,[CC] SELL NY,17353.5,2,694140,-59,-0.01,9,0,0.00,-54.5,-0.01,67283,26.91,0
1672,Exit short,2024-04-25 18:00,NQ09B SELL WEEKDAY 1800 STOP,17809.25,2,712320,-59,-0.01,9,0,0.00,-54.5,-0.01,67224,26.89,0
1672,Entry short,2024-04-25 18:00,[CC] SELL PREMIUM,17808,2,712320,-59,-0.01,9,0,0.00,-54.5,-0.01,67224,26.89,0
1673,Exit short,2024-04-26 09:30,NQ09B SELL NY N130 TP2,17683,2,707860,531,0.08,9,535.5,0.08,-14.5,0.00,67755,27.10,0
1673,Entry short,2024-04-26 09:30,[CC] SELL NY,17696.5,2,707860,531,0.08,9,535.5,0.08,-14.5,0.00,67755,27.10,0
1674,Exit short,2024-04-28 18:00,NQ09B SELL WEEKLY W80,17856.25,2,714580,321,0.04,9,325.5,0.05,-14.5,0.00,68076,27.23,0
1674,Entry short,2024-04-28 18:00,[CC] SELL WEEKLY,17864.5,2,714580,321,0.04,9,325.5,0.05,-14.5,0.00,68076,27.23,0
1675,Exit short,2024-04-29 09:30,NQ09B SELL NY STOP,17922.5,2,716850,-59,-0.01,9,465.5,0.06,-54.5,-0.01,68017,27.21,0
1675,Entry short,2024-04-29 09:30,[CC] SELL NY,17921.25,2,716850,-59,-0.01,9,465.5,0.06,-54.5,-0.01,68017,27.21,0
1676,Exit short,2024-04-30 09:30,NQ09B SELL NY STOP,17837.25,2,713440,-59,-0.01,9,475.5,0.07,-54.5,-0.01,67958,27.18,0
1676,Entry short,2024-04-30 09:30,[CC] SELL NY,17836,2,713440,-59,-0.01,9,475.5,0.07,-54.5,-0.01,67958,27.18,0
1677,Exit short,2024-04-30 18:00,NQ09B SELL WEEKDAY 1800 D80,17454.25,2,698490,311,0.04,9,315.5,0.05,-14.5,0.00,68269,27.31,0
1677,Entry short,2024-04-30 18:00,[CC] SELL PREMIUM,17462.25,2,698490,311,0.04,9,315.5,0.05,-14.5,0.00,68269,27.31,0
1678,Exit short,2024-05-01 09:30,NQ09B SELL NY STOP,17502.75,2,700060,-59,-0.01,9,0,0.00,-54.5,-0.01,68210,27.28,0
1678,Entry short,2024-05-01 09:30,[CC] SELL NY,17501.5,2,700060,-59,-0.01,9,0,0.00,-54.5,-0.01,68210,27.28,0
1679,Exit short,2024-05-01 18:00,NQ09B SELL WEEKDAY 1800 STOP,17488,2,699470,-59,-0.01,9,0,0.00,-54.5,-0.01,68151,27.26,0
1679,Entry short,2024-05-01 18:00,[CC] SELL PREMIUM,17486.75,2,699470,-59,-0.01,9,0,0.00,-54.5,-0.01,68151,27.26,0
1680,Exit short,2024-05-02 09:30,NQ09B SELL NY STOP,17584,2,703310,-59,-0.01,9,0,0.00,-54.5,-0.01,68092,27.24,0
1680,Entry short,2024-05-02 09:30,[CC] SELL NY,17582.75,2,703310,-59,-0.01,9,0,0.00,-54.5,-0.01,68092,27.24,0
1681,Exit short,2024-05-02 18:00,NQ09B SELL WEEKDAY 1800 STOP,17745.25,2,709760,-59,-0.01,9,0,0.00,-54.5,-0.01,68033,27.21,0
1681,Entry short,2024-05-02 18:00,[CC] SELL PREMIUM,17744,2,709760,-59,-0.01,9,0,0.00,-54.5,-0.01,68033,27.21,0
1682,Exit short,2024-05-03 09:30,NQ09B SELL NY STOP,17958.5,2,718290,-59,-0.01,9,0,0.00,-54.5,-0.01,67974,27.19,0
1682,Entry short,2024-05-03 09:30,[CC] SELL NY,17957.25,2,718290,-59,-0.01,9,0,0.00,-54.5,-0.01,67974,27.19,0
1683,Exit short,2024-05-05 18:00,NQ09B SELL WEEKLY STOP,18048.5,2,721890,-59,-0.01,9,0,0.00,-54.5,-0.01,67915,27.17,0
1683,Entry short,2024-05-05 18:00,[CC] SELL WEEKLY,18047.25,2,721890,-59,-0.01,9,0,0.00,-54.5,-0.01,67915,27.17,0
1684,Exit short,2024-05-06 09:30,NQ09B SELL NY STOP,18075.25,2,722960,-59,-0.01,9,0,0.00,-54.5,-0.01,67856,27.14,0
1684,Entry short,2024-05-06 09:30,[CC] SELL NY,18074,2,722960,-59,-0.01,9,0,0.00,-54.5,-0.01,67856,27.14,0
1685,Exit short,2024-05-07 09:30,NQ09B SELL NY N130 TP2,18197.5,2,728440,531,0.07,9,535.5,0.07,-14.5,0.00,68387,27.35,0
1685,Entry short,2024-05-07 09:30,[CC] SELL NY,18211,2,728440,531,0.07,9,535.5,0.07,-14.5,0.00,68387,27.35,0
1686,Exit short,2024-05-08 09:30,NQ09B SELL NY STOP,18085,2,723350,-59,-0.01,9,205.5,0.03,-54.5,-0.01,68328,27.33,0
1686,Entry short,2024-05-08 09:30,[CC] SELL NY,18083.75,2,723350,-59,-0.01,9,205.5,0.03,-54.5,-0.01,68328,27.33,0
1687,Exit short,2024-05-09 09:30,NQ09B SELL NY N130 TP2,18173,2,727460,531,0.07,9,535.5,0.07,-14.5,0.00,68859,27.54,0
1687,Entry short,2024-05-09 09:30,[CC] SELL NY,18186.5,2,727460,531,0.07,9,535.5,0.07,-14.5,0.00,68859,27.54,0
1688,Exit short,2024-05-10 09:30,NQ09B SELL NY N130 TP2,18260.25,2,730960,541,0.07,9,545.5,0.07,-14.5,0.00,69400,27.76,0
1688,Entry short,2024-05-10 09:30,[CC] SELL NY,18274,2,730960,541,0.07,9,545.5,0.07,-14.5,0.00,69400,27.76,0
1689,Exit short,2024-05-12 18:00,NQ09B SELL WEEKLY STOP,18239,2,729510,-59,-0.01,9,175.5,0.02,-54.5,-0.01,69341,27.74,0
1689,Entry short,2024-05-12 18:00,[CC] SELL WEEKLY,18237.75,2,729510,-59,-0.01,9,175.5,0.02,-54.5,-0.01,69341,27.74,0
1690,Exit short,2024-05-13 09:30,NQ09B SELL NY STOP,18332.75,2,733260,-59,-0.01,9,0,0.00,-54.5,-0.01,69282,27.71,0
1690,Entry short,2024-05-13 09:30,[CC] SELL NY,18331.5,2,733260,-59,-0.01,9,0,0.00,-54.5,-0.01,69282,27.71,0
1691,Exit short,2024-05-14 09:30,NQ09B SELL NY STOP,18275.25,2,730960,-59,-0.01,9,335.5,0.05,-54.5,-0.01,69223,27.69,0
1691,Entry short,2024-05-14 09:30,[CC] SELL NY,18274,2,730960,-59,-0.01,9,335.5,0.05,-54.5,-0.01,69223,27.69,0
1692,Exit short,2024-05-15 09:30,NQ09B SELL NY N130 TP2,18495.5,2,740370,541,0.07,9,545.5,0.07,-14.5,0.00,69764,27.91,0
1692,Entry short,2024-05-15 09:30,[CC] SELL NY,18509.25,2,740370,541,0.07,9,545.5,0.07,-14.5,0.00,69764,27.91,0
1693,Exit short,2024-05-16 09:30,NQ09B SELL NY STOP,18679.75,2,747140,-59,-0.01,9,255.5,0.03,-54.5,-0.01,69705,27.88,0
1693,Entry short,2024-05-16 09:30,[CC] SELL NY,18678.5,2,747140,-59,-0.01,9,255.5,0.03,-54.5,-0.01,69705,27.88,0
1694,Exit short,2024-05-17 09:30,NQ09B SELL NY STOP,18652.25,2,746040,-59,-0.01,9,425.5,0.06,-54.5,-0.01,69646,27.86,0
1694,Entry short,2024-05-17 09:30,[CC] SELL NY,18651,2,746040,-59,-0.01,9,425.5,0.06,-54.5,-0.01,69646,27.86,0
1695,Exit short,2024-05-19 18:00,NQ09B SELL WEEKLY STOP,18634.5,2,745330,-59,-0.01,9,5.5,0.00,-54.5,-0.01,69587,27.83,0
1695,Entry short,2024-05-19 18:00,[CC] SELL WEEKLY,18633.25,2,745330,-59,-0.01,9,5.5,0.00,-54.5,-0.01,69587,27.83,0
1696,Exit short,2024-05-20 09:30,NQ09B SELL NY STOP,18644.5,2,745730,-59,-0.01,9,315.5,0.04,-54.5,-0.01,69528,27.81,0
1696,Entry short,2024-05-20 09:30,[CC] SELL NY,18643.25,2,745730,-59,-0.01,9,315.5,0.04,-54.5,-0.01,69528,27.81,0
1697,Exit short,2024-05-21 09:30,NQ09B SELL NY STOP,18687,2,747430,-59,-0.01,9,305.5,0.04,-54.5,-0.01,69469,27.79,0
1697,Entry short,2024-05-21 09:30,[CC] SELL NY,18685.75,2,747430,-59,-0.01,9,305.5,0.04,-54.5,-0.01,69469,27.79,0
1698,Exit short,2024-05-22 09:30,NQ09B SELL NY STOP,18809,2,752310,-59,-0.01,9,85.5,0.01,-54.5,-0.01,69410,27.76,0
1698,Entry short,2024-05-22 09:30,[CC] SELL NY,18807.75,2,752310,-59,-0.01,9,85.5,0.01,-54.5,-0.01,69410,27.76,0
1699,Exit short,2024-05-22 18:00,NQ09B SELL WEEKDAY 1800 STOP,18861.5,2,754410,-59,-0.01,9,205.5,0.03,-54.5,-0.01,69351,27.74,0
1699,Entry short,2024-05-22 18:00,[CC] SELL PREMIUM,18860.25,2,754410,-59,-0.01,9,205.5,0.03,-54.5,-0.01,69351,27.74,0
1700,Exit short,2024-05-23 09:30,NQ09B SELL NY STOP,18982.5,2,759250,-59,-0.01,9,0,0.00,-54.5,-0.01,69292,27.72,0
1700,Entry short,2024-05-23 09:30,[CC] SELL NY,18981.25,2,759250,-59,-0.01,9,0,0.00,-54.5,-0.01,69292,27.72,0
1701,Exit short,2024-05-24 09:30,NQ09B SELL NY STOP,18763.25,2,750480,-59,-0.01,9,0,0.00,-54.5,-0.01,69233,27.69,0
1701,Entry short,2024-05-24 09:30,[CC] SELL NY,18762,2,750480,-59,-0.01,9,0,0.00,-54.5,-0.01,69233,27.69,0
1702,Exit short,2024-05-26 18:00,NQ09B SELL WEEKLY STOP,18875.75,2,754980,-59,-0.01,9,225.5,0.03,-54.5,-0.01,69174,27.67,0
1702,Entry short,2024-05-26 18:00,[CC] SELL WEEKLY,18874.5,2,754980,-59,-0.01,9,225.5,0.03,-54.5,-0.01,69174,27.67,0
1703,Exit short,2024-05-27 09:30,NQ09B SELL NY STOP,18880,2,755150,-59,-0.01,9,25.5,0.00,-54.5,-0.01,69115,27.65,0
1703,Entry short,2024-05-27 09:30,[CC] SELL NY,18878.75,2,755150,-59,-0.01,9,25.5,0.00,-54.5,-0.01,69115,27.65,0
1704,Exit short,2024-05-27 18:00,NQ09B SELL WEEKDAY 1800 STOP,18951.5,1,379005,-29.5,-0.01,4.5,0,0.00,-27.25,-0.01,69085.5,27.63,0
1704,Entry short,2024-05-27 18:00,[CC] SELL WEAK,18950.25,1,379005,-29.5,-0.01,4.5,0,0.00,-27.25,-0.01,69085.5,27.63,0
1705,Exit short,2024-05-28 09:30,NQ09B SELL NY STOP,18921.25,2,756800,-59,-0.01,9,0,0.00,-54.5,-0.01,69026.5,27.61,0
1705,Entry short,2024-05-28 09:30,[CC] SELL NY,18920,2,756800,-59,-0.01,9,0,0.00,-54.5,-0.01,69026.5,27.61,0
1706,Exit short,2024-05-29 09:30,NQ09B SELL NY STOP,18766.25,2,750600,-59,-0.01,9,155.5,0.02,-54.5,-0.01,68967.5,27.59,0
1706,Entry short,2024-05-29 09:30,[CC] SELL NY,18765,2,750600,-59,-0.01,9,155.5,0.02,-54.5,-0.01,68967.5,27.59,0
1707,Exit short,2024-05-29 18:00,NQ09B SELL WEEKDAY 1800 STOP,18754,2,750110,-59,-0.01,9,45.5,0.01,-54.5,-0.01,68908.5,27.56,0
1707,Entry short,2024-05-29 18:00,[CC] SELL PREMIUM,18752.75,2,750110,-59,-0.01,9,45.5,0.01,-54.5,-0.01,68908.5,27.56,0
1708,Exit short,2024-05-30 09:30,NQ09B SELL NY STOP,18765.75,2,750580,-59,-0.01,9,0,0.00,-54.5,-0.01,68849.5,27.54,0
1708,Entry short,2024-05-30 09:30,[CC] SELL NY,18764.5,2,750580,-59,-0.01,9,0,0.00,-54.5,-0.01,68849.5,27.54,0
1709,Exit short,2024-05-30 18:00,NQ09B SELL WEEKDAY 1800 STOP,18591.75,1,371810,-29.5,-0.01,4.5,0,0.00,-27.25,-0.01,68820,27.53,0
1709,Entry short,2024-05-30 18:00,[CC] SELL WEAK,18590.5,1,371810,-29.5,-0.01,4.5,0,0.00,-27.25,-0.01,68820,27.53,0
1710,Exit short,2024-05-31 09:30,NQ09B SELL NY STOP,18603,2,744070,-59,-0.01,9,0,0.00,-54.5,-0.01,68761,27.50,0
1710,Entry short,2024-05-31 09:30,[CC] SELL NY,18601.75,2,744070,-59,-0.01,9,0,0.00,-54.5,-0.01,68761,27.50,0
1711,Exit short,2024-06-02 18:00,NQ09B SELL WEEKLY STOP,18591.25,2,743600,-59,-0.01,9,0,0.00,-54.5,-0.01,68702,27.48,0
1711,Entry short,2024-06-02 18:00,[CC] SELL WEEKLY,18590,2,743600,-59,-0.01,9,0,0.00,-54.5,-0.01,68702,27.48,0
1712,Exit short,2024-06-03 09:30,NQ09B SELL NY N130 TP2,18698.75,2,748500,541,0.07,9,545.5,0.07,-14.5,0.00,69243,27.70,0
1712,Entry short,2024-06-03 09:30,[CC] SELL NY,18712.5,2,748500,541,0.07,9,545.5,0.07,-14.5,0.00,69243,27.70,0
1713,Exit short,2024-06-04 09:30,NQ09B SELL NY STOP,18638.75,2,745500,-59,-0.01,9,0,0.00,-54.5,-0.01,69184,27.67,0
1713,Entry short,2024-06-04 09:30,[CC] SELL NY,18637.5,2,745500,-59,-0.01,9,0,0.00,-54.5,-0.01,69184,27.67,0
1714,Exit short,2024-06-04 18:00,NQ09B SELL WEEKDAY 1800 STOP,18712,1,374215,-29.5,-0.01,4.5,0,0.00,-27.25,-0.01,69154.5,27.66,0
1714,Entry short,2024-06-04 18:00,[CC] SELL WEAK,18710.75,1,374215,-29.5,-0.01,4.5,0,0.00,-27.25,-0.01,69154.5,27.66,0
1715,Exit short,2024-06-05 09:30,NQ09B SELL NY STOP,18849.75,2,753940,-59,-0.01,9,0,0.00,-54.5,-0.01,69095.5,27.64,0
1715,Entry short,2024-06-05 09:30,[CC] SELL NY,18848.5,2,753940,-59,-0.01,9,0,0.00,-54.5,-0.01,69095.5,27.64,0
1716,Exit short,2024-06-06 09:30,NQ09B SELL NY STOP,19103.75,2,764100,-59,-0.01,9,0,0.00,-54.5,-0.01,69036.5,27.61,0
1716,Entry short,2024-06-06 09:30,[CC] SELL NY,19102.5,2,764100,-59,-0.01,9,0,0.00,-54.5,-0.01,69036.5,27.61,0
1717,Exit short,2024-06-07 09:30,NQ09B SELL NY N130 TP2,19026.25,2,761610,551,0.07,9,555.5,0.07,-24.5,0.00,69587.5,27.83,0
1717,Entry short,2024-06-07 09:30,[CC] SELL NY,19040.25,2,761610,551,0.07,9,555.5,0.07,-24.5,0.00,69587.5,27.83,0
1718,Exit short,2024-06-09 18:00,NQ09B SELL WEEKLY W80,19016,2,760990,341,0.04,9,345.5,0.05,-14.5,0.00,69928.5,27.97,0
1718,Entry short,2024-06-09 18:00,[CC] SELL WEEKLY,19024.75,2,760990,341,0.04,9,345.5,0.05,-14.5,0.00,69928.5,27.97,0
1719,Exit short,2024-06-10 09:30,NQ09B SELL NY STOP,18989.75,2,759540,-59,-0.01,9,425.5,0.06,-54.5,-0.01,69869.5,27.95,0
1719,Entry short,2024-06-10 09:30,[CC] SELL NY,18988.5,2,759540,-59,-0.01,9,425.5,0.06,-54.5,-0.01,69869.5,27.95,0
1720,Exit short,2024-06-11 09:30,NQ09B SELL NY STOP,19059,2,762310,-59,-0.01,9,455.5,0.06,-54.5,-0.01,69810.5,27.92,0
1720,Entry short,2024-06-11 09:30,[CC] SELL NY,19057.75,2,762310,-59,-0.01,9,455.5,0.06,-54.5,-0.01,69810.5,27.92,0
1721,Exit short,2024-06-12 09:30,NQ09B SELL NY N130 TP2,19388,2,776080,551,0.07,9,555.5,0.07,-14.5,0.00,70361.5,28.14,0
1721,Entry short,2024-06-12 09:30,[CC] SELL NY,19402,2,776080,551,0.07,9,555.5,0.07,-14.5,0.00,70361.5,28.14,0
1722,Exit short,2024-06-12 18:00,NQ09B SELL WEEKDAY 1800 STOP,19603,2,784070,-59,-0.01,9,0,0.00,-54.5,-0.01,70302.5,28.12,0
1722,Entry short,2024-06-12 18:00,[CC] SELL PREMIUM,19601.75,2,784070,-59,-0.01,9,0,0.00,-54.5,-0.01,70302.5,28.12,0
1723,Exit short,2024-06-13 09:30,NQ09B SELL NY STOP,19637.75,2,785460,-59,-0.01,9,335.5,0.04,-54.5,-0.01,70243.5,28.10,0
1723,Entry short,2024-06-13 09:30,[CC] SELL NY,19636.5,2,785460,-59,-0.01,9,335.5,0.04,-54.5,-0.01,70243.5,28.10,0
1724,Exit short,2024-06-13 18:00,NQ09B SELL WEEKDAY 1800 STOP,19603.75,1,392050,-29.5,-0.01,4.5,0,0.00,-27.25,-0.01,70214,28.09,0
1724,Entry short,2024-06-13 18:00,[CC] SELL WEAK,19602.5,1,392050,-29.5,-0.01,4.5,0,0.00,-27.25,-0.01,70214,28.09,0
1725,Exit short,2024-06-14 09:30,NQ09B SELL NY STOP,19579,2,783110,-59,-0.01,9,0,0.00,-54.5,-0.01,70155,28.06,0
1725,Entry short,2024-06-14 09:30,[CC] SELL NY,19577.75,2,783110,-59,-0.01,9,0,0.00,-54.5,-0.01,70155,28.06,0
1726,Exit short,2024-06-16 18:00,NQ09B SELL WEEKLY STOP,19955.75,2,798180,-59,-0.01,9,0,0.00,-54.5,-0.01,70096,28.04,0
1726,Entry short,2024-06-16 18:00,[CC] SELL WEEKLY,19954.5,2,798180,-59,-0.01,9,0,0.00,-54.5,-0.01,70096,28.04,0
1727,Exit short,2024-06-17 09:30,NQ09B SELL NY STOP,19959,2,798310,-59,-0.01,9,0,0.00,-54.5,-0.01,70037,28.01,0
1727,Entry short,2024-06-17 09:30,[CC] SELL NY,19957.75,2,798310,-59,-0.01,9,0,0.00,-54.5,-0.01,70037,28.01,0
1728,Exit short,2024-06-18 09:30,NQ09B SELL NY STOP,20192.75,2,807660,-59,-0.01,9,365.5,0.05,-54.5,-0.01,69978,27.99,0
1728,Entry short,2024-06-18 09:30,[CC] SELL NY,20191.5,2,807660,-59,-0.01,9,365.5,0.05,-54.5,-0.01,69978,27.99,0
1729,Exit short,2024-06-19 09:30,NQ09B SELL NY STOP,20243.75,2,809700,-59,-0.01,9,0,0.00,-54.5,-0.01,69919,27.97,0
1729,Entry short,2024-06-19 09:30,[CC] SELL NY,20242.5,2,809700,-59,-0.01,9,0,0.00,-54.5,-0.01,69919,27.97,0
1730,Exit short,2024-06-20 09:30,NQ09B SELL NY STOP,20246.75,2,809820,-59,-0.01,9,0,0.00,-54.5,-0.01,69860,27.94,0
1730,Entry short,2024-06-20 09:30,[CC] SELL NY,20245.5,2,809820,-59,-0.01,9,0,0.00,-54.5,-0.01,69860,27.94,0
1731,Exit short,2024-06-21 09:30,NQ09B SELL NY STOP,20018,2,800670,-59,-0.01,9,0,0.00,-54.5,-0.01,69801,27.92,0
1731,Entry short,2024-06-21 09:30,[CC] SELL NY,20016.75,2,800670,-59,-0.01,9,0,0.00,-54.5,-0.01,69801,27.92,0
1732,Exit short,2024-06-23 18:00,NQ09B SELL WEEKLY STOP,20015.75,2,800580,-59,-0.01,9,0,0.00,-54.5,-0.01,69742,27.90,0
1732,Entry short,2024-06-23 18:00,[CC] SELL WEEKLY,20014.5,2,800580,-59,-0.01,9,0,0.00,-54.5,-0.01,69742,27.90,0
1733,Exit short,2024-06-24 09:30,NQ09B SELL NY STOP,19923.5,2,796890,-59,-0.01,9,525.5,0.07,-54.5,-0.01,69683,27.87,0
1733,Entry short,2024-06-24 09:30,[CC] SELL NY,19922.25,2,796890,-59,-0.01,9,525.5,0.07,-54.5,-0.01,69683,27.87,0
1734,Exit short,2024-06-24 18:00,NQ09B SELL WEEKDAY 1800 STOP,19757,1,395115,-29.5,-0.01,4.5,107.75,0.03,-27.25,-0.01,69653.5,27.86,0
1734,Entry short,2024-06-24 18:00,[CC] SELL WEAK,19755.75,1,395115,-29.5,-0.01,4.5,107.75,0.03,-27.25,-0.01,69653.5,27.86,0
1735,Exit short,2024-06-25 09:30,NQ09B SELL NY STOP,19831,2,793190,-59,-0.01,9,0,0.00,-54.5,-0.01,69594.5,27.84,0
1735,Entry short,2024-06-25 09:30,[CC] SELL NY,19829.75,2,793190,-59,-0.01,9,0,0.00,-54.5,-0.01,69594.5,27.84,0
1736,Exit short,2024-06-26 09:30,NQ09B SELL NY STOP,19930.25,2,797160,-59,-0.01,9,385.5,0.05,-54.5,-0.01,69535.5,27.81,0
1736,Entry short,2024-06-26 09:30,[CC] SELL NY,19929,2,797160,-59,-0.01,9,385.5,0.05,-54.5,-0.01,69535.5,27.81,0
1737,Exit short,2024-06-26 18:00,NQ09B SELL WEEKDAY 1800 STOP,19947,1,398915,-29.5,-0.01,4.5,0,0.00,-27.25,-0.01,69506,27.80,0
1737,Entry short,2024-06-26 18:00,[CC] SELL WEAK,19945.75,1,398915,-29.5,-0.01,4.5,0,0.00,-27.25,-0.01,69506,27.80,0
1738,Exit short,2024-06-27 09:30,NQ09B SELL NY STOP,19991.5,2,799610,-59,-0.01,9,15.5,0.00,-54.5,-0.01,69447,27.78,0
1738,Entry short,2024-06-27 09:30,[CC] SELL NY,19990.25,2,799610,-59,-0.01,9,15.5,0.00,-54.5,-0.01,69447,27.78,0
1739,Exit short,2024-06-28 09:30,NQ09B SELL NY STOP,20071.5,2,802810,-59,-0.01,9,0,0.00,-54.5,-0.01,69388,27.76,0
1739,Entry short,2024-06-28 09:30,[CC] SELL NY,20070.25,2,802810,-59,-0.01,9,0,0.00,-54.5,-0.01,69388,27.76,0
1740,Exit short,2024-06-30 18:00,NQ09B SELL WEEKLY STOP,19971,2,798790,-59,-0.01,9,0,0.00,-54.5,-0.01,69329,27.73,0
1740,Entry short,2024-06-30 18:00,[CC] SELL WEEKLY,19969.75,2,798790,-59,-0.01,9,0,0.00,-54.5,-0.01,69329,27.73,0
1741,Exit short,2024-07-01 09:30,NQ09B SELL NY STOP,19972.75,2,798860,-59,-0.01,9,0,0.00,-54.5,-0.01,69270,27.71,0
1741,Entry short,2024-07-01 09:30,[CC] SELL NY,19971.5,2,798860,-59,-0.01,9,0,0.00,-54.5,-0.01,69270,27.71,0
1742,Exit short,2024-07-02 09:30,NQ09B SELL NY STOP,19983.25,2,799280,-59,-0.01,9,205.5,0.03,-54.5,-0.01,69211,27.68,0
1742,Entry short,2024-07-02 09:30,[CC] SELL NY,19982,2,799280,-59,-0.01,9,205.5,0.03,-54.5,-0.01,69211,27.68,0
1743,Exit short,2024-07-02 18:00,NQ09B SELL WEEKDAY 1800 STOP,20242,1,404815,-29.5,-0.01,4.5,0,0.00,-27.25,-0.01,69181.5,27.67,0
1743,Entry short,2024-07-02 18:00,[CC] SELL WEAK,20240.75,1,404815,-29.5,-0.01,4.5,0,0.00,-27.25,-0.01,69181.5,27.67,0
1744,Exit short,2024-07-03 09:30,NQ09B SELL NY STOP,20217.25,2,808640,-59,-0.01,9,0,0.00,-54.5,-0.01,69122.5,27.65,0
1744,Entry short,2024-07-03 09:30,[CC] SELL NY,20216,2,808640,-59,-0.01,9,0,0.00,-54.5,-0.01,69122.5,27.65,0
1745,Exit short,2024-07-03 18:00,NQ09B SELL WEEKDAY 1800 STOP,20420.25,1,408380,-29.5,-0.01,4.5,0,0.00,-27.25,-0.01,69093,27.64,0
1745,Entry short,2024-07-03 18:00,[CC] SELL WEAK,20419,1,408380,-29.5,-0.01,4.5,0,0.00,-27.25,-0.01,69093,27.64,0
1746,Exit short,2024-07-04 09:30,NQ09B SELL NY STOP,20406.25,2,816200,-59,-0.01,9,0,0.00,-54.5,-0.01,69034,27.61,0
1746,Entry short,2024-07-04 09:30,[CC] SELL NY,20405,2,816200,-59,-0.01,9,0,0.00,-54.5,-0.01,69034,27.61,0
1747,Exit short,2024-07-05 09:30,NQ09B SELL NY STOP,20442.5,2,817650,-59,-0.01,9,35.5,0.00,-54.5,-0.01,68975,27.59,0
1747,Entry short,2024-07-05 09:30,[CC] SELL NY,20441.25,2,817650,-59,-0.01,9,35.5,0.00,-54.5,-0.01,68975,27.59,0
1748,Exit short,2024-07-07 18:00,NQ09B SELL WEEKLY W80,20582.25,2,823650,351,0.04,9,355.5,0.04,-14.5,0.00,69326,27.73,0
1748,Entry short,2024-07-07 18:00,[CC] SELL WEEKLY,20591.25,2,823650,351,0.04,9,355.5,0.04,-14.5,0.00,69326,27.73,0
1749,Exit short,2024-07-08 09:30,NQ09B SELL NY STOP,20633.5,2,825290,-59,-0.01,9,0,0.00,-54.5,-0.01,69267,27.71,0
1749,Entry short,2024-07-08 09:30,[CC] SELL NY,20632.25,2,825290,-59,-0.01,9,0,0.00,-54.5,-0.01,69267,27.71,0
1750,Exit short,2024-07-09 09:30,NQ09B SELL NY STOP,20724.25,2,828920,-59,-0.01,9,65.5,0.01,-54.5,-0.01,69208,27.68,0
1750,Entry short,2024-07-09 09:30,[CC] SELL NY,20723,2,828920,-59,-0.01,9,65.5,0.01,-54.5,-0.01,69208,27.68,0
1751,Exit short,2024-07-10 09:30,NQ09B SELL NY STOP,20759,2,830310,-59,-0.01,9,0,0.00,-54.5,-0.01,69149,27.66,0
1751,Entry short,2024-07-10 09:30,[CC] SELL NY,20757.75,2,830310,-59,-0.01,9,0,0.00,-54.5,-0.01,69149,27.66,0
1752,Exit short,2024-07-11 09:30,NQ09B SELL NY STOP,20895.5,2,835770,-59,-0.01,9,0,0.00,-54.5,-0.01,69090,27.64,0
1752,Entry short,2024-07-11 09:30,[CC] SELL NY,20894.25,2,835770,-59,-0.01,9,0,0.00,-54.5,-0.01,69090,27.64,0
1753,Exit short,2024-07-11 18:00,NQ09B SELL WEEKDAY 1800 D80,20423.5,1,408650,175.5,0.04,4.5,177.75,0.04,-7.25,0.00,69265.5,27.71,0
1753,Entry short,2024-07-11 18:00,[CC] SELL WEAK,20432.5,1,408650,175.5,0.04,4.5,177.75,0.04,-7.25,0.00,69265.5,27.71,0
1754,Exit short,2024-07-12 09:30,NQ09B SELL NY N130 TP2,20428.25,2,817720,581,0.07,9,585.5,0.07,-14.5,0.00,69846.5,27.94,0
1754,Entry short,2024-07-12 09:30,[CC] SELL NY,20443,2,817720,581,0.07,9,585.5,0.07,-14.5,0.00,69846.5,27.94,0
1755,Exit short,2024-07-14 18:00,NQ09B SELL WEEKLY STOP,20581,2,823190,-59,-0.01,9,0,0.00,-54.5,-0.01,69787.5,27.92,0
1755,Entry short,2024-07-14 18:00,[CC] SELL WEEKLY,20579.75,2,823190,-59,-0.01,9,0,0.00,-54.5,-0.01,69787.5,27.92,0
1756,Exit short,2024-07-15 09:30,NQ09B SELL NY STOP,20611,2,824390,-59,-0.01,9,355.5,0.04,-54.5,-0.01,69728.5,27.89,0
1756,Entry short,2024-07-15 09:30,[CC] SELL NY,20609.75,2,824390,-59,-0.01,9,355.5,0.04,-54.5,-0.01,69728.5,27.89,0
1757,Exit short,2024-07-16 09:30,NQ09B SELL NY N130 TP2,20634.25,2,825960,581,0.07,9,585.5,0.07,-14.5,0.00,70309.5,28.12,0
1757,Entry short,2024-07-16 09:30,[CC] SELL NY,20649,2,825960,581,0.07,9,585.5,0.07,-14.5,0.00,70309.5,28.12,0
1758,Exit short,2024-07-17 09:30,NQ09B SELL NY STOP,20261.5,2,810410,-59,-0.01,9,0,0.00,-54.5,-0.01,70250.5,28.10,0
1758,Entry short,2024-07-17 09:30,[CC] SELL NY,20260.25,2,810410,-59,-0.01,9,0,0.00,-54.5,-0.01,70250.5,28.10,0
1759,Exit short,2024-07-18 09:30,NQ09B SELL NY STOP,20142.5,2,805650,-59,-0.01,9,0,0.00,-54.5,-0.01,70191.5,28.08,0
1759,Entry short,2024-07-18 09:30,[CC] SELL NY,20141.25,2,805650,-59,-0.01,9,0,0.00,-54.5,-0.01,70191.5,28.08,0
1760,Exit short,2024-07-18 18:00,NQ09B SELL WEEKDAY 1800 STOP,19956,2,798190,-59,-0.01,9,305.5,0.04,-54.5,-0.01,70132.5,28.05,0
1760,Entry short,2024-07-18 18:00,[CC] SELL PREMIUM,19954.75,2,798190,-59,-0.01,9,305.5,0.04,-54.5,-0.01,70132.5,28.05,0
1761,Exit short,2024-07-19 09:30,NQ09B SELL NY N130 TP2,19853.75,2,794730,571,0.07,9,575.5,0.07,-14.5,0.00,70703.5,28.28,0
1761,Entry short,2024-07-19 09:30,[CC] SELL NY,19868.25,2,794730,571,0.07,9,575.5,0.07,-14.5,0.00,70703.5,28.28,0
1762,Exit short,2024-07-21 18:00,NQ09B SELL WEEKLY STOP,19750,2,789950,-59,-0.01,9,0,0.00,-54.5,-0.01,70644.5,28.26,0
1762,Entry short,2024-07-21 18:00,[CC] SELL WEEKLY,19748.75,2,789950,-59,-0.01,9,0,0.00,-54.5,-0.01,70644.5,28.26,0
1763,Exit short,2024-07-22 09:30,NQ09B SELL NY STOP,19955.75,2,798180,-59,-0.01,9,0,0.00,-54.5,-0.01,70585.5,28.23,0
1763,Entry short,2024-07-22 09:30,[CC] SELL NY,19954.5,2,798180,-59,-0.01,9,0,0.00,-54.5,-0.01,70585.5,28.23,0
1764,Exit short,2024-07-23 09:30,NQ09B SELL NY STOP,19958.75,2,798300,-59,-0.01,9,0,0.00,-54.5,-0.01,70526.5,28.21,0
1764,Entry short,2024-07-23 09:30,[CC] SELL NY,19957.5,2,798300,-59,-0.01,9,0,0.00,-54.5,-0.01,70526.5,28.21,0
1765,Exit short,2024-07-23 18:00,NQ09B SELL WEEKDAY 1800 D80,19873.75,1,397655,175.5,0.04,4.5,177.75,0.04,-7.25,0.00,70702,28.28,0
1765,Entry short,2024-07-23 18:00,[CC] SELL WEAK,19882.75,1,397655,175.5,0.04,4.5,177.75,0.04,-7.25,0.00,70702,28.28,0
1766,Exit short,2024-07-24 09:30,NQ09B SELL NY STOP,19641.5,2,785610,-59,-0.01,9,0,0.00,-54.5,-0.01,70643,28.26,0
1766,Entry short,2024-07-24 09:30,[CC] SELL NY,19640.25,2,785610,-59,-0.01,9,0,0.00,-54.5,-0.01,70643,28.26,0
1767,Exit short,2024-07-24 18:00,NQ09B SELL WEEKDAY 1800 STOP,19261,2,770390,-59,-0.01,9,85.5,0.01,-54.5,-0.01,70584,28.23,0
1767,Entry short,2024-07-24 18:00,[CC] SELL PREMIUM,19259.75,2,770390,-59,-0.01,9,85.5,0.01,-54.5,-0.01,70584,28.23,0
1768,Exit short,2024-07-25 09:30,NQ09B SELL NY STOP,19218,2,768670,-59,-0.01,9,0,0.00,-54.5,-0.01,70525,28.21,0
1768,Entry short,2024-07-25 09:30,[CC] SELL NY,19216.75,2,768670,-59,-0.01,9,0,0.00,-54.5,-0.01,70525,28.21,0
1769,Exit short,2024-07-25 18:00,NQ09B SELL WEEKDAY 1800 STOP,19004,1,380055,-29.5,-0.01,4.5,77.75,0.02,-27.25,-0.01,70495.5,28.20,0
1769,Entry short,2024-07-25 18:00,[CC] SELL WEAK,19002.75,1,380055,-29.5,-0.01,4.5,77.75,0.02,-27.25,-0.01,70495.5,28.20,0
1770,Exit short,2024-07-26 09:30,NQ09B SELL NY STOP,19164,2,766510,-59,-0.01,9,0,0.00,-54.5,-0.01,70436.5,28.17,0
1770,Entry short,2024-07-26 09:30,[CC] SELL NY,19162.75,2,766510,-59,-0.01,9,0,0.00,-54.5,-0.01,70436.5,28.17,0
1771,Exit short,2024-07-28 18:00,NQ09B SELL WEEKLY STOP,19172.75,2,766860,-59,-0.01,9,145.5,0.02,-54.5,-0.01,70377.5,28.15,0
1771,Entry short,2024-07-28 18:00,[CC] SELL WEEKLY,19171.5,2,766860,-59,-0.01,9,145.5,0.02,-54.5,-0.01,70377.5,28.15,0
1772,Exit short,2024-07-29 09:30,NQ09B SELL NY STOP,19286.25,2,771400,-59,-0.01,9,0,0.00,-54.5,-0.01,70318.5,28.13,0
1772,Entry short,2024-07-29 09:30,[CC] SELL NY,19285,2,771400,-59,-0.01,9,0,0.00,-54.5,-0.01,70318.5,28.13,0
1773,Exit short,2024-07-30 09:30,NQ09B SELL NY STOP,19289,2,771510,-59,-0.01,9,0,0.00,-54.5,-0.01,70259.5,28.10,0
1773,Entry short,2024-07-30 09:30,[CC] SELL NY,19287.75,2,771510,-59,-0.01,9,0,0.00,-54.5,-0.01,70259.5,28.10,0
1774,Exit short,2024-07-30 18:00,NQ09B SELL WEEKDAY 1800 STOP,18866.75,2,754620,-59,-0.01,9,145.5,0.02,-54.5,-0.01,70200.5,28.08,0
1774,Entry short,2024-07-30 18:00,[CC] SELL PREMIUM,18865.5,2,754620,-59,-0.01,9,145.5,0.02,-54.5,-0.01,70200.5,28.08,0
1775,Exit short,2024-07-31 09:30,NQ09B SELL NY STOP,19372.75,2,774860,-59,-0.01,9,0,0.00,-54.5,-0.01,70141.5,28.06,0
1775,Entry short,2024-07-31 09:30,[CC] SELL NY,19371.5,2,774860,-59,-0.01,9,0,0.00,-54.5,-0.01,70141.5,28.06,0
1776,Exit short,2024-07-31 18:00,NQ09B SELL WEEKDAY 1800 D80,19584.25,2,783720,341,0.04,9,345.5,0.04,-14.5,0.00,70482.5,28.19,0
1776,Entry short,2024-07-31 18:00,[CC] SELL PREMIUM,19593,2,783720,341,0.04,9,345.5,0.04,-14.5,0.00,70482.5,28.19,0
1777,Exit short,2024-08-01 09:30,NQ09B SELL NY STOP,19526,2,780990,-59,-0.01,9,445.5,0.06,-54.5,-0.01,70423.5,28.17,0
1777,Entry short,2024-08-01 09:30,[CC] SELL NY,19524.75,2,780990,-59,-0.01,9,445.5,0.06,-54.5,-0.01,70423.5,28.17,0
1778,Exit short,2024-08-01 18:00,NQ09B SELL WEEKDAY 1800 D80,18947.5,2,758250,341,0.04,9,345.5,0.05,-14.5,0.00,70764.5,28.31,0
1778,Entry short,2024-08-01 18:00,[CC] SELL PREMIUM,18956.25,2,758250,341,0.04,9,345.5,0.05,-14.5,0.00,70764.5,28.31,0
1779,Exit short,2024-08-02 09:30,NQ09B SELL NY STOP,18651.5,2,746010,-59,-0.01,9,0,0.00,-54.5,-0.01,70705.5,28.28,0
1779,Entry short,2024-08-02 09:30,[CC] SELL NY,18650.25,2,746010,-59,-0.01,9,0,0.00,-54.5,-0.01,70705.5,28.28,0
1780,Exit short,2024-08-04 18:00,NQ09B SELL WEEKLY W80,18381.25,2,735590,331,0.04,9,335.5,0.05,-14.5,0.00,71036.5,28.41,0
1780,Entry short,2024-08-04 18:00,[CC] SELL WEEKLY,18389.75,2,735590,331,0.04,9,335.5,0.05,-14.5,0.00,71036.5,28.41,0
1781,Exit short,2024-08-05 09:30,NQ09B SELL NY N130 TP2,17548.5,2,702460,511,0.07,9,515.5,0.07,-14.5,0.00,71547.5,28.62,0
1781,Entry short,2024-08-05 09:30,[CC] SELL NY,17561.5,2,702460,511,0.07,9,515.5,0.07,-14.5,0.00,71547.5,28.62,0
1782,Exit short,2024-08-05 18:00,NQ09B SELL WEEKDAY 1800 STOP,18166.75,2,726620,-59,-0.01,9,135.5,0.02,-54.5,-0.01,71488.5,28.60,0
1782,Entry short,2024-08-05 18:00,[CC] SELL PREMIUM,18165.5,2,726620,-59,-0.01,9,135.5,0.02,-54.5,-0.01,71488.5,28.60,0
1783,Exit short,2024-08-06 09:30,NQ09B SELL NY STOP,18079,2,723110,-59,-0.01,9,485.5,0.07,-54.5,-0.01,71429.5,28.57,0
1783,Entry short,2024-08-06 09:30,[CC] SELL NY,18077.75,2,723110,-59,-0.01,9,485.5,0.07,-54.5,-0.01,71429.5,28.57,0
1784,Exit short,2024-08-06 18:00,NQ09B SELL WEEKDAY 1800 STOP,18034,2,721310,-59,-0.01,9,95.5,0.01,-54.5,-0.01,71370.5,28.55,0
1784,Entry short,2024-08-06 18:00,[CC] SELL PREMIUM,18032.75,2,721310,-59,-0.01,9,95.5,0.01,-54.5,-0.01,71370.5,28.55,0
1785,Exit short,2024-08-07 09:30,NQ09B SELL NY N130 TP2,18439.25,2,738120,541,0.07,9,545.5,0.07,-14.5,0.00,71911.5,28.76,0
1785,Entry short,2024-08-07 09:30,[CC] SELL NY,18453,2,738120,541,0.07,9,545.5,0.07,-14.5,0.00,71911.5,28.76,0
1786,Exit short,2024-08-07 18:00,NQ09B SELL WEEKDAY 1800 STOP,17874,2,714910,-59,-0.01,9,215.5,0.03,-54.5,-0.01,71852.5,28.74,0
1786,Entry short,2024-08-07 18:00,[CC] SELL PREMIUM,17872.75,2,714910,-59,-0.01,9,215.5,0.03,-54.5,-0.01,71852.5,28.74,0
1787,Exit short,2024-08-08 09:30,NQ09B SELL NY STOP,18225.5,2,728970,-59,-0.01,9,0,0.00,-54.5,-0.01,71793.5,28.72,0
1787,Entry short,2024-08-08 09:30,[CC] SELL NY,18224.25,2,728970,-59,-0.01,9,0,0.00,-54.5,-0.01,71793.5,28.72,0
1788,Exit short,2024-08-09 09:30,NQ09B SELL NY STOP,18452,2,738030,-59,-0.01,9,0,0.00,-54.5,-0.01,71734.5,28.69,0
1788,Entry short,2024-08-09 09:30,[CC] SELL NY,18450.75,2,738030,-59,-0.01,9,0,0.00,-54.5,-0.01,71734.5,28.69,0
1789,Exit short,2024-08-11 18:00,NQ09B SELL WEEKLY W80,18581.25,2,743590,331,0.04,9,335.5,0.05,-14.5,0.00,72065.5,28.83,0
1789,Entry short,2024-08-11 18:00,[CC] SELL WEEKLY,18589.75,2,743590,331,0.04,9,335.5,0.05,-14.5,0.00,72065.5,28.83,0
1790,Exit short,2024-08-12 09:30,NQ09B SELL NY STOP,18642.25,2,745640,-59,-0.01,9,285.5,0.04,-54.5,-0.01,72006.5,28.80,0
1790,Entry short,2024-08-12 09:30,[CC] SELL NY,18641,2,745640,-59,-0.01,9,285.5,0.04,-54.5,-0.01,72006.5,28.80,0
1791,Exit short,2024-08-13 09:30,NQ09B SELL NY STOP,18822.75,2,752860,-59,-0.01,9,205.5,0.03,-54.5,-0.01,71947.5,28.78,0
1791,Entry short,2024-08-13 09:30,[CC] SELL NY,18821.5,2,752860,-59,-0.01,9,205.5,0.03,-54.5,-0.01,71947.5,28.78,0
1792,Exit short,2024-08-14 09:30,NQ09B SELL NY N130 TP2,19123,2,765480,551,0.07,9,555.5,0.07,-14.5,0.00,72498.5,29.00,0
1792,Entry short,2024-08-14 09:30,[CC] SELL NY,19137,2,765480,551,0.07,9,555.5,0.07,-14.5,0.00,72498.5,29.00,0
1793,Exit short,2024-08-15 09:30,NQ09B SELL NY N130 TP2,19337.75,2,774070,551,0.07,9,555.5,0.07,-14.5,0.00,73049.5,29.22,0
1793,Entry short,2024-08-15 09:30,[CC] SELL NY,19351.75,2,774070,551,0.07,9,555.5,0.07,-14.5,0.00,73049.5,29.22,0
1794,Exit short,2024-08-16 09:30,NQ09B SELL NY STOP,19504.5,2,780130,-59,-0.01,9,0,0.00,-54.5,-0.01,72990.5,29.20,0
1794,Entry short,2024-08-16 09:30,[CC] SELL NY,19503.25,2,780130,-59,-0.01,9,0,0.00,-54.5,-0.01,72990.5,29.20,0
1795,Exit short,2024-08-18 18:00,NQ09B SELL WEEKLY W80,19619.75,2,785150,351,0.04,9,355.5,0.05,-14.5,0.00,73341.5,29.34,0
1795,Entry short,2024-08-18 18:00,[CC] SELL WEEKLY,19628.75,2,785150,351,0.04,9,355.5,0.05,-14.5,0.00,73341.5,29.34,0
1796,Exit short,2024-08-19 09:30,NQ09B SELL NY STOP,19605.5,2,784170,-59,-0.01,9,0,0.00,-54.5,-0.01,73282.5,29.31,0
1796,Entry short,2024-08-19 09:30,[CC] SELL NY,19604.25,2,784170,-59,-0.01,9,0,0.00,-54.5,-0.01,73282.5,29.31,0
1797,Exit short,2024-08-20 09:30,NQ09B SELL NY STOP,19818.75,2,792700,-59,-0.01,9,15.5,0.00,-54.5,-0.01,73223.5,29.29,0
1797,Entry short,2024-08-20 09:30,[CC] SELL NY,19817.5,2,792700,-59,-0.01,9,15.5,0.00,-54.5,-0.01,73223.5,29.29,0
1798,Exit short,2024-08-21 09:30,NQ09B SELL NY STOP,19843,2,793670,-59,-0.01,9,0,0.00,-54.5,-0.01,73164.5,29.27,0
1798,Entry short,2024-08-21 09:30,[CC] SELL NY,19841.75,2,793670,-59,-0.01,9,0,0.00,-54.5,-0.01,73164.5,29.27,0
1799,Exit short,2024-08-22 09:30,NQ09B SELL NY STOP,19998.5,2,799890,-59,-0.01,9,405.5,0.05,-54.5,-0.01,73105.5,29.24,0
1799,Entry short,2024-08-22 09:30,[CC] SELL NY,19997.25,2,799890,-59,-0.01,9,405.5,0.05,-54.5,-0.01,73105.5,29.24,0
1800,Exit short,2024-08-22 18:00,NQ09B SELL WEEKDAY 1800 STOP,19622.5,1,392425,-29.5,-0.01,4.5,0,0.00,-27.25,-0.01,73076,29.23,0
1800,Entry short,2024-08-22 18:00,[CC] SELL WEAK,19621.25,1,392425,-29.5,-0.01,4.5,0,0.00,-27.25,-0.01,73076,29.23,0
1801,Exit short,2024-08-23 09:30,NQ09B SELL NY STOP,19756.25,2,790200,-59,-0.01,9,0,0.00,-54.5,-0.01,73017,29.21,0
1801,Entry short,2024-08-23 09:30,[CC] SELL NY,19755,2,790200,-59,-0.01,9,0,0.00,-54.5,-0.01,73017,29.21,0
1802,Exit short,2024-08-25 18:00,NQ09B SELL WEEKLY W80,19778.5,2,791500,351,0.04,9,355.5,0.04,-14.5,0.00,73368,29.35,0
1802,Entry short,2024-08-25 18:00,[CC] SELL WEEKLY,19787.5,2,791500,351,0.04,9,355.5,0.04,-14.5,0.00,73368,29.35,0
1803,Exit short,2024-08-26 09:30,NQ09B SELL NY N130 TP2,19748.25,2,790510,571,0.07,9,575.5,0.07,-14.5,0.00,73939,29.58,0
1803,Entry short,2024-08-26 09:30,[CC] SELL NY,19762.75,2,790510,571,0.07,9,575.5,0.07,-14.5,0.00,73939,29.58,0
1804,Exit short,2024-08-27 09:30,NQ09B SELL NY STOP,19524.5,2,780930,-59,-0.01,9,0,0.00,-54.5,-0.01,73880,29.55,0
1804,Entry short,2024-08-27 09:30,[CC] SELL NY,19523.25,2,780930,-59,-0.01,9,0,0.00,-54.5,-0.01,73880,29.55,0
1805,Exit short,2024-08-28 09:30,NQ09B SELL NY STOP,19626.75,2,785020,-59,-0.01,9,195.5,0.02,-54.5,-0.01,73821,29.53,0
1805,Entry short,2024-08-28 09:30,[CC] SELL NY,19625.5,2,785020,-59,-0.01,9,195.5,0.02,-54.5,-0.01,73821,29.53,0
1806,Exit short,2024-08-28 18:00,NQ09B SELL WEEKDAY 1800 D80,19208,2,768670,341,0.04,9,345.5,0.04,-14.5,0.00,74162,29.66,0
1806,Entry short,2024-08-28 18:00,[CC] SELL PREMIUM,19216.75,2,768670,341,0.04,9,345.5,0.04,-14.5,0.00,74162,29.66,0
1807,Exit short,2024-08-29 09:30,NQ09B SELL NY N130 TP2,19483.75,2,779910,551,0.07,9,555.5,0.07,-14.5,0.00,74713,29.89,0
1807,Entry short,2024-08-29 09:30,[CC] SELL NY,19497.75,2,779910,551,0.07,9,555.5,0.07,-14.5,0.00,74713,29.89,0
1808,Exit short,2024-08-30 09:30,NQ09B SELL NY STOP,19560.25,2,782360,-59,-0.01,9,0,0.00,-54.5,-0.01,74654,29.86,0
1808,Entry short,2024-08-30 09:30,[CC] SELL NY,19559,2,782360,-59,-0.01,9,0,0.00,-54.5,-0.01,74654,29.86,0
1809,Exit short,2024-09-01 18:00,NQ09B SELL WEEKLY STOP,19600,2,783950,-59,-0.01,9,0,0.00,-54.5,-0.01,74595,29.84,0
1809,Entry short,2024-09-01 18:00,[CC] SELL WEEKLY,19598.75,2,783950,-59,-0.01,9,0,0.00,-54.5,-0.01,74595,29.84,0
1810,Exit short,2024-09-02 09:30,NQ09B SELL NY STOP,19619.75,2,784740,-59,-0.01,9,65.5,0.01,-54.5,-0.01,74536,29.81,0
1810,Entry short,2024-09-02 09:30,[CC] SELL NY,19618.5,2,784740,-59,-0.01,9,65.5,0.01,-54.5,-0.01,74536,29.81,0
1811,Exit short,2024-09-02 18:00,NQ09B SELL WEEKDAY 1800 STOP,19647.5,1,392925,-29.5,-0.01,4.5,0,0.00,-27.25,-0.01,74506.5,29.80,0
1811,Entry short,2024-09-02 18:00,[CC] SELL WEAK,19646.25,1,392925,-29.5,-0.01,4.5,0,0.00,-27.25,-0.01,74506.5,29.80,0
1812,Exit short,2024-09-03 09:30,NQ09B SELL NY STOP,19479,2,779110,-59,-0.01,9,0,0.00,-54.5,-0.01,74447.5,29.78,0
1812,Entry short,2024-09-03 09:30,[CC] SELL NY,19477.75,2,779110,-59,-0.01,9,0,0.00,-54.5,-0.01,74447.5,29.78,0
1813,Exit short,2024-09-03 18:00,NQ09B SELL WEEKDAY 1800 STOP,18994.75,1,379870,-29.5,-0.01,4.5,0,0.00,-27.25,-0.01,74418,29.77,0
1813,Entry short,2024-09-03 18:00,[CC] SELL WEAK,18993.5,1,379870,-29.5,-0.01,4.5,0,0.00,-27.25,-0.01,74418,29.77,0
1814,Exit short,2024-09-04 09:30,NQ09B SELL NY N130 TP2,18864.25,2,755120,541,0.07,9,545.5,0.07,-14.5,0.00,74959,29.98,0
1814,Entry short,2024-09-04 09:30,[CC] SELL NY,18878,2,755120,541,0.07,9,545.5,0.07,-14.5,0.00,74959,29.98,0
1815,Exit short,2024-09-05 09:30,NQ09B SELL NY STOP,18887.5,2,755450,-59,-0.01,9,45.5,0.01,-54.5,-0.01,74900,29.96,0
1815,Entry short,2024-09-05 09:30,[CC] SELL NY,18886.25,2,755450,-59,-0.01,9,45.5,0.01,-54.5,-0.01,74900,29.96,0
1816,Exit short,2024-09-05 18:00,NQ09B SELL WEEKDAY 1800 STOP,18922,1,378415,-29.5,-0.01,4.5,82.75,0.02,-27.25,-0.01,74870.5,29.95,0
1816,Entry short,2024-09-05 18:00,[CC] SELL WEAK,18920.75,1,378415,-29.5,-0.01,4.5,82.75,0.02,-27.25,-0.01,74870.5,29.95,0
1817,Exit short,2024-09-06 09:30,NQ09B SELL NY STOP,18930.75,2,757180,-59,-0.01,9,0,0.00,-54.5,-0.01,74811.5,29.92,0
1817,Entry short,2024-09-06 09:30,[CC] SELL NY,18929.5,2,757180,-59,-0.01,9,0,0.00,-54.5,-0.01,74811.5,29.92,0
1818,Exit short,2024-09-08 18:00,NQ09B SELL WEEKLY STOP,18401,2,735990,-59,-0.01,9,65.5,0.01,-54.5,-0.01,74752.5,29.90,0
1818,Entry short,2024-09-08 18:00,[CC] SELL WEEKLY,18399.75,2,735990,-59,-0.01,9,65.5,0.01,-54.5,-0.01,74752.5,29.90,0
1819,Exit short,2024-09-09 09:30,NQ09B SELL NY N130 TP2,18614.75,2,745140,541,0.07,9,545.5,0.07,-14.5,0.00,75293.5,30.12,0
1819,Entry short,2024-09-09 09:30,[CC] SELL NY,18628.5,2,745140,541,0.07,9,545.5,0.07,-14.5,0.00,75293.5,30.12,0
1820,Exit short,2024-09-10 09:30,NQ09B SELL NY STOP,18759.25,2,750320,-59,-0.01,9,415.5,0.06,-54.5,-0.01,75234.5,30.09,0
1820,Entry short,2024-09-10 09:30,[CC] SELL NY,18758,2,750320,-59,-0.01,9,415.5,0.06,-54.5,-0.01,75234.5,30.09,0
1821,Exit short,2024-09-11 09:30,NQ09B SELL NY STOP,18903.5,2,756090,-59,-0.01,9,0,0.00,-54.5,-0.01,75175.5,30.07,0
1821,Entry short,2024-09-11 09:30,[CC] SELL NY,18902.25,2,756090,-59,-0.01,9,0,0.00,-54.5,-0.01,75175.5,30.07,0
1822,Exit short,2024-09-12 09:30,NQ09B SELL NY STOP,19259.75,2,770340,-59,-0.01,9,0,0.00,-54.5,-0.01,75116.5,30.05,0
1822,Entry short,2024-09-12 09:30,[CC] SELL NY,19258.5,2,770340,-59,-0.01,9,0,0.00,-54.5,-0.01,75116.5,30.05,0
1823,Exit short,2024-09-12 18:00,NQ09B SELL WEEKDAY 1800 STOP,19420.5,2,776770,-59,-0.01,9,235.5,0.03,-54.5,-0.01,75057.5,30.02,0
1823,Entry short,2024-09-12 18:00,[CC] SELL PREMIUM,19419.25,2,776770,-59,-0.01,9,235.5,0.03,-54.5,-0.01,75057.5,30.02,0
1824,Exit short,2024-09-13 09:30,NQ09B SELL NY STOP,19410.25,2,776360,-59,-0.01,9,425.5,0.05,-54.5,-0.01,74998.5,30.00,0
1824,Entry short,2024-09-13 09:30,[CC] SELL NY,19409,2,776360,-59,-0.01,9,425.5,0.05,-54.5,-0.01,74998.5,30.00,0
1825,Exit short,2024-09-15 18:00,NQ09B SELL WEEKLY STOP,19499,2,779910,-59,-0.01,9,25.5,0.00,-54.5,-0.01,74939.5,29.98,0
1825,Entry short,2024-09-15 18:00,[CC] SELL WEEKLY,19497.75,2,779910,-59,-0.01,9,25.5,0.00,-54.5,-0.01,74939.5,29.98,0
1826,Exit short,2024-09-16 09:30,NQ09B SELL NY STOP,19436.25,2,777400,-59,-0.01,9,0,0.00,-54.5,-0.01,74880.5,29.95,0
1826,Entry short,2024-09-16 09:30,[CC] SELL NY,19435,2,777400,-59,-0.01,9,0,0.00,-54.5,-0.01,74880.5,29.95,0
1827,Exit short,2024-09-17 09:30,NQ09B SELL NY N130 TP2,19780.75,2,791810,571,0.07,9,575.5,0.07,-14.5,0.00,75451.5,30.18,0
1827,Entry short,2024-09-17 09:30,[CC] SELL NY,19795.25,2,791810,571,0.07,9,575.5,0.07,-14.5,0.00,75451.5,30.18,0
1828,Exit short,2024-09-18 09:30,NQ09B SELL NY STOP,19731.5,2,789210,-59,-0.01,9,0,0.00,-54.5,-0.01,75392.5,30.16,0
1828,Entry short,2024-09-18 09:30,[CC] SELL NY,19730.25,2,789210,-59,-0.01,9,0,0.00,-54.5,-0.01,75392.5,30.16,0
1829,Exit short,2024-09-18 18:00,NQ09B SELL WEEKDAY 1800 D80,19639.5,1,392970,175.5,0.04,4.5,177.75,0.05,-7.25,0.00,75568,30.23,0
1829,Entry short,2024-09-18 18:00,[CC] SELL WEAK,19648.5,1,392970,175.5,0.04,4.5,177.75,0.05,-7.25,0.00,75568,30.23,0
1830,Exit short,2024-09-19 09:30,NQ09B SELL NY STOP,20053.25,2,802080,-59,-0.01,9,0,0.00,-54.5,-0.01,75509,30.20,0
1830,Entry short,2024-09-19 09:30,[CC] SELL NY,20052,2,802080,-59,-0.01,9,0,0.00,-54.5,-0.01,75509,30.20,0
1831,Exit short,2024-09-20 09:30,NQ09B SELL NY STOP,20036,2,801390,-59,-0.01,9,155.5,0.02,-54.5,-0.01,75450,30.18,0
1831,Entry short,2024-09-20 09:30,[CC] SELL NY,20034.75,2,801390,-59,-0.01,9,155.5,0.02,-54.5,-0.01,75450,30.18,0
1832,Exit short,2024-09-22 18:00,NQ09B SELL WEEKLY STOP,20041,2,801590,-59,-0.01,9,0,0.00,-54.5,-0.01,75391,30.16,0
1832,Entry short,2024-09-22 18:00,[CC] SELL WEEKLY,20039.75,2,801590,-59,-0.01,9,0,0.00,-54.5,-0.01,75391,30.16,0
1833,Exit short,2024-09-23 09:30,NQ09B SELL NY STOP,20078.25,2,803080,-59,-0.01,9,0,0.00,-54.5,-0.01,75332,30.13,0
1833,Entry short,2024-09-23 09:30,[CC] SELL NY,20077,2,803080,-59,-0.01,9,0,0.00,-54.5,-0.01,75332,30.13,0
1834,Exit short,2024-09-24 09:30,NQ09B SELL NY STOP,20136,2,805390,-59,-0.01,9,0,0.00,-54.5,-0.01,75273,30.11,0
1834,Entry short,2024-09-24 09:30,[CC] SELL NY,20134.75,2,805390,-59,-0.01,9,0,0.00,-54.5,-0.01,75273,30.11,0
1835,Exit short,2024-09-25 09:30,NQ09B SELL NY STOP,20142,2,805630,-59,-0.01,9,105.5,0.01,-54.5,-0.01,75214,30.09,0
1835,Entry short,2024-09-25 09:30,[CC] SELL NY,20140.75,2,805630,-59,-0.01,9,105.5,0.01,-54.5,-0.01,75214,30.09,0
1836,Exit short,2024-09-26 09:30,NQ09B SELL NY STOP,20504,2,820110,-59,-0.01,9,0,0.00,-54.5,-0.01,75155,30.06,0
1836,Entry short,2024-09-26 09:30,[CC] SELL NY,20502.75,2,820110,-59,-0.01,9,0,0.00,-54.5,-0.01,75155,30.06,0
1837,Exit short,2024-09-27 09:30,NQ09B SELL NY STOP,20378.5,2,815090,-59,-0.01,9,0,0.00,-54.5,-0.01,75096,30.04,0
1837,Entry short,2024-09-27 09:30,[CC] SELL NY,20377.25,2,815090,-59,-0.01,9,0,0.00,-54.5,-0.01,75096,30.04,0
1838,Exit short,2024-09-29 18:00,NQ09B SELL WEEKLY STOP,20199.5,2,807930,-59,-0.01,9,0,0.00,-54.5,-0.01,75037,30.01,0
1838,Entry short,2024-09-29 18:00,[CC] SELL WEEKLY,20198.25,2,807930,-59,-0.01,9,0,0.00,-54.5,-0.01,75037,30.01,0
1839,Exit short,2024-09-30 09:30,NQ09B SELL NY STOP,20180.5,2,807170,-59,-0.01,9,415.5,0.05,-54.5,-0.01,74978,29.99,0
1839,Entry short,2024-09-30 09:30,[CC] SELL NY,20179.25,2,807170,-59,-0.01,9,415.5,0.05,-54.5,-0.01,74978,29.99,0
1840,Exit short,2024-09-30 18:00,NQ09B SELL WEEKDAY 1800 STOP,20235.25,2,809360,-59,-0.01,9,0,0.00,-54.5,-0.01,74919,29.97,0
1840,Entry short,2024-09-30 18:00,[CC] SELL PREMIUM,20234,2,809360,-59,-0.01,9,0,0.00,-54.5,-0.01,74919,29.97,0
1841,Exit short,2024-10-01 09:30,NQ09B SELL NY STOP,20253,2,810070,-59,-0.01,9,0,0.00,-54.5,-0.01,74860,29.94,0
1841,Entry short,2024-10-01 09:30,[CC] SELL NY,20251.75,2,810070,-59,-0.01,9,0,0.00,-54.5,-0.01,74860,29.94,0
1842,Exit short,2024-10-01 18:00,NQ09B SELL WEEKDAY 1800 STOP,19976.25,1,399500,-29.5,-0.01,4.5,0,0.00,-27.25,-0.01,74830.5,29.93,0
1842,Entry short,2024-10-01 18:00,[CC] SELL WEAK,19975,1,399500,-29.5,-0.01,4.5,0,0.00,-27.25,-0.01,74830.5,29.93,0
1843,Exit short,2024-10-02 09:30,NQ09B SELL NY STOP,19943.75,2,797700,-59,-0.01,9,0,0.00,-54.5,-0.01,74771.5,29.91,0
1843,Entry short,2024-10-02 09:30,[CC] SELL NY,19942.5,2,797700,-59,-0.01,9,0,0.00,-54.5,-0.01,74771.5,29.91,0
1844,Exit short,2024-10-02 18:00,NQ09B SELL WEEKDAY 1800 STOP,20056.5,2,802210,-59,-0.01,9,0,0.00,-54.5,-0.01,74712.5,29.89,0
1844,Entry short,2024-10-02 18:00,[CC] SELL PREMIUM,20055.25,2,802210,-59,-0.01,9,0,0.00,-54.5,-0.01,74712.5,29.89,0
1845,Exit short,2024-10-03 09:30,NQ09B SELL NY N130 TP2,19897.25,2,796470,571,0.07,9,575.5,0.07,-14.5,0.00,75283.5,30.11,0
1845,Entry short,2024-10-03 09:30,[CC] SELL NY,19911.75,2,796470,571,0.07,9,575.5,0.07,-14.5,0.00,75283.5,30.11,0
1846,Exit short,2024-10-03 18:00,NQ09B SELL WEEKDAY 1800 D80,19956.25,2,798610,351,0.04,9,355.5,0.04,-14.5,0.00,75634.5,30.25,0
1846,Entry short,2024-10-03 18:00,[CC] SELL PREMIUM,19965.25,2,798610,351,0.04,9,355.5,0.04,-14.5,0.00,75634.5,30.25,0
1847,Exit short,2024-10-04 09:30,NQ09B SELL NY STOP,20228.25,2,809080,-59,-0.01,9,0,0.00,-54.5,-0.01,75575.5,30.23,0
1847,Entry short,2024-10-04 09:30,[CC] SELL NY,20227,2,809080,-59,-0.01,9,0,0.00,-54.5,-0.01,75575.5,30.23,0
1848,Exit short,2024-10-06 18:00,NQ09B SELL WEEKLY W80,20210.75,2,808790,351,0.04,9,355.5,0.04,-14.5,0.00,75926.5,30.37,0
1848,Entry short,2024-10-06 18:00,[CC] SELL WEEKLY,20219.75,2,808790,351,0.04,9,355.5,0.04,-14.5,0.00,75926.5,30.37,0
1849,Exit short,2024-10-07 09:30,NQ09B SELL NY N130 TP2,20122.25,2,805470,571,0.07,9,575.5,0.07,-14.5,0.00,76497.5,30.60,0
1849,Entry short,2024-10-07 09:30,[CC] SELL NY,20136.75,2,805470,571,0.07,9,575.5,0.07,-14.5,0.00,76497.5,30.60,0
1850,Exit short,2024-10-07 18:00,NQ09B SELL WEEKDAY 1800 STOP,20026.75,1,400510,-29.5,-0.01,4.5,0,0.00,-27.25,-0.01,76468,30.59,0
1850,Entry short,2024-10-07 18:00,[CC] SELL WEAK,20025.5,1,400510,-29.5,-0.01,4.5,0,0.00,-27.25,-0.01,76468,30.59,0
1851,Exit short,2024-10-08 09:30,NQ09B SELL NY STOP,20104.25,2,804120,-59,-0.01,9,0,0.00,-54.5,-0.01,76409,30.56,0
1851,Entry short,2024-10-08 09:30,[CC] SELL NY,20103,2,804120,-59,-0.01,9,0,0.00,-54.5,-0.01,76409,30.56,0
1852,Exit short,2024-10-09 09:30,NQ09B SELL NY STOP,20283,2,811270,-59,-0.01,9,0,0.00,-54.5,-0.01,76350,30.54,0
1852,Entry short,2024-10-09 09:30,[CC] SELL NY,20281.75,2,811270,-59,-0.01,9,0,0.00,-54.5,-0.01,76350,30.54,0
1853,Exit short,2024-10-09 18:00,NQ09B SELL WEEKDAY 1800 STOP,20446.25,1,408900,-29.5,-0.01,4.5,0,0.00,-27.25,-0.01,76320.5,30.53,0
1853,Entry short,2024-10-09 18:00,[CC] SELL WEAK,20445,1,408900,-29.5,-0.01,4.5,0,0.00,-27.25,-0.01,76320.5,30.53,0
1854,Exit short,2024-10-10 09:30,NQ09B SELL NY N130 TP2,20344,2,814350,581,0.07,9,585.5,0.07,-14.5,0.00,76901.5,30.76,0
1854,Entry short,2024-10-10 09:30,[CC] SELL NY,20358.75,2,814350,581,0.07,9,585.5,0.07,-14.5,0.00,76901.5,30.76,0
1855,Exit short,2024-10-11 09:30,NQ09B SELL NY STOP,20341.25,2,813600,-59,-0.01,9,0,0.00,-54.5,-0.01,76842.5,30.74,0
1855,Entry short,2024-10-11 09:30,[CC] SELL NY,20340,2,813600,-59,-0.01,9,0,0.00,-54.5,-0.01,76842.5,30.74,0
1856,Exit short,2024-10-13 18:00,NQ09B SELL WEEKLY STOP,20433.5,2,817290,-59,-0.01,9,0,0.00,-54.5,-0.01,76783.5,30.71,0
1856,Entry short,2024-10-13 18:00,[CC] SELL WEEKLY,20432.25,2,817290,-59,-0.01,9,0,0.00,-54.5,-0.01,76783.5,30.71,0
1857,Exit short,2024-10-14 09:30,NQ09B SELL NY STOP,20551.5,2,822010,-59,-0.01,9,365.5,0.04,-54.5,-0.01,76724.5,30.69,0
1857,Entry short,2024-10-14 09:30,[CC] SELL NY,20550.25,2,822010,-59,-0.01,9,365.5,0.04,-54.5,-0.01,76724.5,30.69,0
1858,Exit short,2024-10-14 18:00,NQ09B SELL WEEKDAY 1800 STOP,20639.75,1,412770,-29.5,-0.01,4.5,0,0.00,-27.25,-0.01,76695,30.68,0
1858,Entry short,2024-10-14 18:00,[CC] SELL WEAK,20638.5,1,412770,-29.5,-0.01,4.5,0,0.00,-27.25,-0.01,76695,30.68,0
1859,Exit short,2024-10-15 09:30,NQ09B SELL NY STOP,20632.75,2,825260,-59,-0.01,9,0,0.00,-54.5,-0.01,76636,30.65,0
1859,Entry short,2024-10-15 09:30,[CC] SELL NY,20631.5,2,825260,-59,-0.01,9,0,0.00,-54.5,-0.01,76636,30.65,0
1860,Exit short,2024-10-16 09:30,NQ09B SELL NY STOP,20353.5,2,814090,-59,-0.01,9,0,0.00,-54.5,-0.01,76577,30.63,0
1860,Entry short,2024-10-16 09:30,[CC] SELL NY,20352.25,2,814090,-59,-0.01,9,0,0.00,-54.5,-0.01,76577,30.63,0
1861,Exit short,2024-10-16 18:00,NQ09B SELL WEEKDAY 1800 STOP,20329,1,406555,-29.5,-0.01,4.5,57.75,0.01,-27.25,-0.01,76547.5,30.62,0
1861,Entry short,2024-10-16 18:00,[CC] SELL WEAK,20327.75,1,406555,-29.5,-0.01,4.5,57.75,0.01,-27.25,-0.01,76547.5,30.62,0
1862,Exit short,2024-10-17 09:30,NQ09B SELL NY STOP,20574.25,2,822920,-59,-0.01,9,0,0.00,-54.5,-0.01,76488.5,30.60,0
1862,Entry short,2024-10-17 09:30,[CC] SELL NY,20573,2,822920,-59,-0.01,9,0,0.00,-54.5,-0.01,76488.5,30.60,0
1863,Exit short,2024-10-18 09:30,NQ09B SELL NY STOP,20466.75,2,818620,-59,-0.01,9,0,0.00,-54.5,-0.01,76429.5,30.57,0
1863,Entry short,2024-10-18 09:30,[CC] SELL NY,20465.5,2,818620,-59,-0.01,9,0,0.00,-54.5,-0.01,76429.5,30.57,0
1864,Exit short,2024-10-20 18:00,NQ09B SELL WEEKLY STOP,20497.25,2,819840,-59,-0.01,9,0,0.00,-54.5,-0.01,76370.5,30.55,0
1864,Entry short,2024-10-20 18:00,[CC] SELL WEEKLY,20496,2,819840,-59,-0.01,9,0,0.00,-54.5,-0.01,76370.5,30.55,0
1865,Exit short,2024-10-21 09:30,NQ09B SELL NY STOP,20428.75,2,817100,-59,-0.01,9,185.5,0.02,-54.5,-0.01,76311.5,30.52,0
1865,Entry short,2024-10-21 09:30,[CC] SELL NY,20427.5,2,817100,-59,-0.01,9,185.5,0.02,-54.5,-0.01,76311.5,30.52,0
1866,Exit short,2024-10-22 09:30,NQ09B SELL NY STOP,20403.75,2,816100,-59,-0.01,9,0,0.00,-54.5,-0.01,76252.5,30.50,0
1866,Entry short,2024-10-22 09:30,[CC] SELL NY,20402.5,2,816100,-59,-0.01,9,0,0.00,-54.5,-0.01,76252.5,30.50,0
1867,Exit short,2024-10-23 09:30,NQ09B SELL NY N130 TP2,20420,2,817390,581,0.07,9,585.5,0.07,-14.5,0.00,76833.5,30.73,0
1867,Entry short,2024-10-23 09:30,[CC] SELL NY,20434.75,2,817390,581,0.07,9,585.5,0.07,-14.5,0.00,76833.5,30.73,0
1868,Exit short,2024-10-23 18:00,NQ09B SELL WEEKDAY 1800 STOP,20295.25,1,405880,-29.5,-0.01,4.5,0,0.00,-27.25,-0.01,76804,30.72,0
1868,Entry short,2024-10-23 18:00,[CC] SELL WEAK,20294,1,405880,-29.5,-0.01,4.5,0,0.00,-27.25,-0.01,76804,30.72,0
1869,Exit short,2024-10-24 09:30,NQ09B SELL NY STOP,20373.5,2,814890,-59,-0.01,9,0,0.00,-54.5,-0.01,76745,30.70,0
1869,Entry short,2024-10-24 09:30,[CC] SELL NY,20372.25,2,814890,-59,-0.01,9,0,0.00,-54.5,-0.01,76745,30.70,0
1870,Exit short,2024-10-24 18:00,NQ09B SELL WEEKDAY 1800 D80,20379.25,1,407765,175.5,0.04,4.5,177.75,0.04,-7.25,0.00,76920.5,30.77,0
1870,Entry short,2024-10-24 18:00,[CC] SELL WEAK,20388.25,1,407765,175.5,0.04,4.5,177.75,0.04,-7.25,0.00,76920.5,30.77,0
1871,Exit short,2024-10-25 09:30,NQ09B SELL NY STOP,20492.25,2,819640,-59,-0.01,9,25.5,0.00,-54.5,-0.01,76861.5,30.74,0
1871,Entry short,2024-10-25 09:30,[CC] SELL NY,20491,2,819640,-59,-0.01,9,25.5,0.00,-54.5,-0.01,76861.5,30.74,0
1872,Exit short,2024-10-27 18:00,NQ09B SELL WEEKLY STOP,20526.5,2,821010,-59,-0.01,9,0,0.00,-54.5,-0.01,76802.5,30.72,0
1872,Entry short,2024-10-27 18:00,[CC] SELL WEEKLY,20525.25,2,821010,-59,-0.01,9,0,0.00,-54.5,-0.01,76802.5,30.72,0
1873,Exit short,2024-10-28 09:30,NQ09B SELL NY STOP,20626.25,2,825000,-59,-0.01,9,0,0.00,-54.5,-0.01,76743.5,30.70,0
1873,Entry short,2024-10-28 09:30,[CC] SELL NY,20625,2,825000,-59,-0.01,9,0,0.00,-54.5,-0.01,76743.5,30.70,0
1874,Exit short,2024-10-29 09:30,NQ09B SELL NY STOP,20512,2,820430,-59,-0.01,9,0,0.00,-54.5,-0.01,76684.5,30.67,0
1874,Entry short,2024-10-29 09:30,[CC] SELL NY,20510.75,2,820430,-59,-0.01,9,0,0.00,-54.5,-0.01,76684.5,30.67,0
1875,Exit short,2024-10-30 09:30,NQ09B SELL NY STOP,20662.25,2,826440,-59,-0.01,9,0,0.00,-54.5,-0.01,76625.5,30.65,0
1875,Entry short,2024-10-30 09:30,[CC] SELL NY,20661,2,826440,-59,-0.01,9,0,0.00,-54.5,-0.01,76625.5,30.65,0
1876,Exit short,2024-10-30 18:00,NQ09B SELL WEEKDAY 1800 STOP,20483,2,819270,-59,-0.01,9,0,0.00,-54.5,-0.01,76566.5,30.63,0
1876,Entry short,2024-10-30 18:00,[CC] SELL PREMIUM,20481.75,2,819270,-59,-0.01,9,0,0.00,-54.5,-0.01,76566.5,30.63,0
1877,Exit short,2024-10-31 09:30,NQ09B SELL NY STOP,20367,2,814630,-59,-0.01,9,0,0.00,-54.5,-0.01,76507.5,30.60,0
1877,Entry short,2024-10-31 09:30,[CC] SELL NY,20365.75,2,814630,-59,-0.01,9,0,0.00,-54.5,-0.01,76507.5,30.60,0
1878,Exit short,2024-10-31 18:00,NQ09B SELL WEEKDAY 1800 STOP,20072,1,401415,-29.5,-0.01,4.5,97.75,0.02,-27.25,-0.01,76478,30.59,0
1878,Entry short,2024-10-31 18:00,[CC] SELL WEAK,20070.75,1,401415,-29.5,-0.01,4.5,97.75,0.02,-27.25,-0.01,76478,30.59,0
1879,Exit short,2024-11-01 09:30,NQ09B SELL NY STOP,20070,2,802750,-59,-0.01,9,445.5,0.06,-54.5,-0.01,76419,30.57,0
1879,Entry short,2024-11-01 09:30,[CC] SELL NY,20068.75,2,802750,-59,-0.01,9,445.5,0.06,-54.5,-0.01,76419,30.57,0
1880,Exit short,2024-11-03 18:00,NQ09B SELL WEEKLY W80,20128.75,2,805510,351,0.04,9,355.5,0.04,-14.5,0.00,76770,30.71,0
1880,Entry short,2024-11-03 18:00,[CC] SELL WEEKLY,20137.75,2,805510,351,0.04,9,355.5,0.04,-14.5,0.00,76770,30.71,0
1881,Exit short,2024-11-04 09:30,NQ09B SELL NY STOP,20121.25,2,804800,-59,-0.01,9,0,0.00,-54.5,-0.01,76711,30.68,0
1881,Entry short,2024-11-04 09:30,[CC] SELL NY,20120,2,804800,-59,-0.01,9,0,0.00,-54.5,-0.01,76711,30.68,0
1882,Exit short,2024-11-05 09:30,NQ09B SELL NY STOP,20153.25,2,806080,-59,-0.01,9,195.5,0.02,-54.5,-0.01,76652,30.66,0
1882,Entry short,2024-11-05 09:30,[CC] SELL NY,20152,2,806080,-59,-0.01,9,195.5,0.02,-54.5,-0.01,76652,30.66,0
1883,Exit short,2024-11-05 18:00,NQ09B SELL WEEKDAY 1800 STOP,20361.5,1,407205,-29.5,-0.01,4.5,0,0.00,-27.25,-0.01,76622.5,30.65,0
1883,Entry short,2024-11-05 18:00,[CC] SELL WEAK,20360.25,1,407205,-29.5,-0.01,4.5,0,0.00,-27.25,-0.01,76622.5,30.65,0
1884,Exit short,2024-11-06 09:30,NQ09B SELL NY STOP,20685.75,2,827380,-59,-0.01,9,575.5,0.07,-54.5,-0.01,76563.5,30.63,0
1884,Entry short,2024-11-06 09:30,[CC] SELL NY,20684.5,2,827380,-59,-0.01,9,575.5,0.07,-54.5,-0.01,76563.5,30.63,0
1885,Exit short,2024-11-06 18:00,NQ09B SELL WEEKDAY 1800 D80,20914.25,2,836930,351,0.04,9,355.5,0.04,-14.5,0.00,76914.5,30.77,0
1885,Entry short,2024-11-06 18:00,[CC] SELL PREMIUM,20923.25,2,836930,351,0.04,9,355.5,0.04,-14.5,0.00,76914.5,30.77,0
1886,Exit short,2024-11-07 09:30,NQ09B SELL NY STOP,21007.75,2,840260,-59,-0.01,9,95.5,0.01,-54.5,-0.01,76855.5,30.74,0
1886,Entry short,2024-11-07 09:30,[CC] SELL NY,21006.5,2,840260,-59,-0.01,9,95.5,0.01,-54.5,-0.01,76855.5,30.74,0
1887,Exit short,2024-11-08 09:30,NQ09B SELL NY STOP,21186.5,2,847410,-59,-0.01,9,0,0.00,-54.5,-0.01,76796.5,30.72,0
1887,Entry short,2024-11-08 09:30,[CC] SELL NY,21185.25,2,847410,-59,-0.01,9,0,0.00,-54.5,-0.01,76796.5,30.72,0
1888,Exit short,2024-11-10 18:00,NQ09B SELL WEEKLY STOP,21250.75,2,849980,-59,-0.01,9,15.5,0.00,-54.5,-0.01,76737.5,30.70,0
1888,Entry short,2024-11-10 18:00,[CC] SELL WEEKLY,21249.5,2,849980,-59,-0.01,9,15.5,0.00,-54.5,-0.01,76737.5,30.70,0
1889,Exit short,2024-11-11 09:30,NQ09B SELL NY STOP,21284,2,851310,-59,-0.01,9,0,0.00,-54.5,-0.01,76678.5,30.67,0
1889,Entry short,2024-11-11 09:30,[CC] SELL NY,21282.75,2,851310,-59,-0.01,9,0,0.00,-54.5,-0.01,76678.5,30.67,0
1890,Exit short,2024-11-12 09:30,NQ09B SELL NY STOP,21215.25,2,848560,-59,-0.01,9,0,0.00,-54.5,-0.01,76619.5,30.65,0
1890,Entry short,2024-11-12 09:30,[CC] SELL NY,21214,2,848560,-59,-0.01,9,0,0.00,-54.5,-0.01,76619.5,30.65,0
1891,Exit short,2024-11-12 18:00,NQ09B SELL WEEKDAY 1800 STOP,21179,1,423555,-29.5,-0.01,4.5,0,0.00,-27.25,-0.01,76590,30.64,0
1891,Entry short,2024-11-12 18:00,[CC] SELL WEAK,21177.75,1,423555,-29.5,-0.01,4.5,0,0.00,-27.25,-0.01,76590,30.64,0
1892,Exit short,2024-11-13 09:30,NQ09B SELL NY STOP,21159.75,2,846340,-59,-0.01,9,325.5,0.04,-54.5,-0.01,76531,30.61,0
1892,Entry short,2024-11-13 09:30,[CC] SELL NY,21158.5,2,846340,-59,-0.01,9,325.5,0.04,-54.5,-0.01,76531,30.61,0
1893,Exit short,2024-11-13 18:00,NQ09B SELL WEEKDAY 1800 D80,21157.5,1,423335,180.5,0.04,4.5,182.75,0.04,-7.25,0.00,76711.5,30.68,0
1893,Entry short,2024-11-13 18:00,[CC] SELL WEAK,21166.75,1,423335,180.5,0.04,4.5,182.75,0.04,-7.25,0.00,76711.5,30.68,0
1894,Exit short,2024-11-14 09:30,NQ09B SELL NY STOP,21138.75,2,845500,-59,-0.01,9,15.5,0.00,-54.5,-0.01,76652.5,30.66,0
1894,Entry short,2024-11-14 09:30,[CC] SELL NY,21137.5,2,845500,-59,-0.01,9,15.5,0.00,-54.5,-0.01,76652.5,30.66,0
1895,Exit short,2024-11-14 18:00,NQ09B SELL WEEKDAY 1800 STOP,20978.5,1,419545,-29.5,-0.01,4.5,0,0.00,-27.25,-0.01,76623,30.65,0
1895,Entry short,2024-11-14 18:00,[CC] SELL WEAK,20977.25,1,419545,-29.5,-0.01,4.5,0,0.00,-27.25,-0.01,76623,30.65,0
1896,Exit short,2024-11-15 09:30,NQ09B SELL NY STOP,20759.75,2,830340,-59,-0.01,9,0,0.00,-54.5,-0.01,76564,30.63,0
1896,Entry short,2024-11-15 09:30,[CC] SELL NY,20758.5,2,830340,-59,-0.01,9,0,0.00,-54.5,-0.01,76564,30.63,0
1897,Exit short,2024-11-17 18:00,NQ09B SELL WEEKLY STOP,20505,2,820150,-59,-0.01,9,0,0.00,-54.5,-0.01,76505,30.60,0
1897,Entry short,2024-11-17 18:00,[CC] SELL WEEKLY,20503.75,2,820150,-59,-0.01,9,0,0.00,-54.5,-0.01,76505,30.60,0
1898,Exit short,2024-11-18 09:30,NQ09B SELL NY STOP,20558,2,822270,-59,-0.01,9,0,0.00,-54.5,-0.01,76446,30.58,0
1898,Entry short,2024-11-18 09:30,[CC] SELL NY,20556.75,2,822270,-59,-0.01,9,0,0.00,-54.5,-0.01,76446,30.58,0
1899,Exit short,2024-11-19 09:30,NQ09B SELL NY STOP,20522.5,2,820850,-59,-0.01,9,415.5,0.05,-54.5,-0.01,76387,30.55,0
1899,Entry short,2024-11-19 09:30,[CC] SELL NY,20521.25,2,820850,-59,-0.01,9,415.5,0.05,-54.5,-0.01,76387,30.55,0
1900,Exit short,2024-11-20 09:30,NQ09B SELL NY STOP,20754,2,830110,-59,-0.01,9,0,0.00,-54.5,-0.01,76328,30.53,0
1900,Entry short,2024-11-20 09:30,[CC] SELL NY,20752.75,2,830110,-59,-0.01,9,0,0.00,-54.5,-0.01,76328,30.53,0
1901,Exit short,2024-11-20 18:00,NQ09B SELL WEEKDAY 1800 D80,20728.75,2,829510,351,0.04,9,355.5,0.04,-14.5,0.00,76679,30.67,0
1901,Entry short,2024-11-20 18:00,[CC] SELL PREMIUM,20737.75,2,829510,351,0.04,9,355.5,0.04,-14.5,0.00,76679,30.67,0
1902,Exit short,2024-11-21 09:30,NQ09B SELL NY STOP,20877,2,835030,-59,-0.01,9,0,0.00,-54.5,-0.01,76620,30.65,0
1902,Entry short,2024-11-21 09:30,[CC] SELL NY,20875.75,2,835030,-59,-0.01,9,0,0.00,-54.5,-0.01,76620,30.65,0
1903,Exit short,2024-11-21 18:00,NQ09B SELL WEEKDAY 1800 STOP,20795,2,831750,-59,-0.01,9,0,0.00,-54.5,-0.01,76561,30.62,0
1903,Entry short,2024-11-21 18:00,[CC] SELL PREMIUM,20793.75,2,831750,-59,-0.01,9,0,0.00,-54.5,-0.01,76561,30.62,0
1904,Exit short,2024-11-22 09:30,NQ09B SELL NY N130 TP2,20776.25,2,831640,581,0.07,9,585.5,0.07,-14.5,0.00,77142,30.86,0
1904,Entry short,2024-11-22 09:30,[CC] SELL NY,20791,2,831640,581,0.07,9,585.5,0.07,-14.5,0.00,77142,30.86,0
1905,Exit short,2024-11-24 18:00,NQ09B SELL WEEKLY STOP,20936,2,837390,-59,-0.01,9,215.5,0.03,-54.5,-0.01,77083,30.83,0
1905,Entry short,2024-11-24 18:00,[CC] SELL WEEKLY,20934.75,2,837390,-59,-0.01,9,215.5,0.03,-54.5,-0.01,77083,30.83,0
1906,Exit short,2024-11-25 09:30,NQ09B SELL NY STOP,21017.5,2,840650,-59,-0.01,9,0,0.00,-54.5,-0.01,77024,30.81,0
1906,Entry short,2024-11-25 09:30,[CC] SELL NY,21016.25,2,840650,-59,-0.01,9,0,0.00,-54.5,-0.01,77024,30.81,0
1907,Exit short,2024-11-25 18:00,NQ09B SELL WEEKDAY 1800 D80,20897,1,418120,175.5,0.04,4.5,177.75,0.04,-7.25,0.00,77199.5,30.88,0
1907,Entry short,2024-11-25 18:00,[CC] SELL WEAK,20906,1,418120,175.5,0.04,4.5,177.75,0.04,-7.25,0.00,77199.5,30.88,0
1908,Exit short,2024-11-26 09:30,NQ09B SELL NY STOP,20939.75,2,837540,-59,-0.01,9,15.5,0.00,-54.5,-0.01,77140.5,30.86,0
1908,Entry short,2024-11-26 09:30,[CC] SELL NY,20938.5,2,837540,-59,-0.01,9,15.5,0.00,-54.5,-0.01,77140.5,30.86,0
1909,Exit short,2024-11-27 09:30,NQ09B SELL NY STOP,20937.25,2,837440,-59,-0.01,9,0,0.00,-54.5,-0.01,77081.5,30.83,0
1909,Entry short,2024-11-27 09:30,[CC] SELL NY,20936,2,837440,-59,-0.01,9,0,0.00,-54.5,-0.01,77081.5,30.83,0
1910,Exit short,2024-11-28 09:30,NQ09B SELL NY STOP,20875,2,834950,-59,-0.01,9,0,0.00,-54.5,-0.01,77022.5,30.81,0
1910,Entry short,2024-11-28 09:30,[CC] SELL NY,20873.75,2,834950,-59,-0.01,9,0,0.00,-54.5,-0.01,77022.5,30.81,0
1911,Exit short,2024-11-29 09:30,NQ09B SELL NY STOP,20831.5,2,833210,-59,-0.01,9,0,0.00,-54.5,-0.01,76963.5,30.79,0
1911,Entry short,2024-11-29 09:30,[CC] SELL NY,20830.25,2,833210,-59,-0.01,9,0,0.00,-54.5,-0.01,76963.5,30.79,0
1912,Exit short,2024-12-01 18:00,NQ09B SELL WEEKLY STOP,20996.25,2,839800,-59,-0.01,9,0,0.00,-54.5,-0.01,76904.5,30.76,0
1912,Entry short,2024-12-01 18:00,[CC] SELL WEEKLY,20995,2,839800,-59,-0.01,9,0,0.00,-54.5,-0.01,76904.5,30.76,0
1913,Exit short,2024-12-02 09:30,NQ09B SELL NY N130 TP2,21027.5,2,841700,591,0.07,9,595.5,0.07,-14.5,0.00,77495.5,31.00,0
1913,Entry short,2024-12-02 09:30,[CC] SELL NY,21042.5,2,841700,591,0.07,9,595.5,0.07,-14.5,0.00,77495.5,31.00,0
1914,Exit short,2024-12-02 18:00,NQ09B SELL WEEKDAY 1800 D80,21210.5,1,424395,180.5,0.04,4.5,182.75,0.04,-7.25,0.00,77676,31.07,0
1914,Entry short,2024-12-02 18:00,[CC] SELL WEAK,21219.75,1,424395,180.5,0.04,4.5,182.75,0.04,-7.25,0.00,77676,31.07,0
1915,Exit short,2024-12-03 09:30,NQ09B SELL NY N130 TP2,21142.75,2,846310,591,0.07,9,595.5,0.07,-14.5,0.00,78267,31.31,0
1915,Entry short,2024-12-03 09:30,[CC] SELL NY,21157.75,2,846310,591,0.07,9,595.5,0.07,-14.5,0.00,78267,31.31,0
1916,Exit short,2024-12-04 09:30,NQ09B SELL NY N130 TP2,21402.25,2,856690,591,0.07,9,595.5,0.07,-14.5,0.00,78858,31.54,0
1916,Entry short,2024-12-04 09:30,[CC] SELL NY,21417.25,2,856690,591,0.07,9,595.5,0.07,-14.5,0.00,78858,31.54,0
1917,Exit short,2024-12-05 09:30,NQ09B SELL NY STOP,21536.25,2,861400,-59,-0.01,9,0,0.00,-54.5,-0.01,78799,31.52,0
1917,Entry short,2024-12-05 09:30,[CC] SELL NY,21535,2,861400,-59,-0.01,9,0,0.00,-54.5,-0.01,78799,31.52,0
1918,Exit short,2024-12-06 09:30,NQ09B SELL NY STOP,21492,2,859630,-59,-0.01,9,185.5,0.02,-54.5,-0.01,78740,31.50,0
1918,Entry short,2024-12-06 09:30,[CC] SELL NY,21490.75,2,859630,-59,-0.01,9,185.5,0.02,-54.5,-0.01,78740,31.50,0
1919,Exit short,2024-12-08 18:00,NQ09B SELL WEEKLY W80,21639.25,2,865950,371,0.04,9,375.5,0.04,-14.5,0.00,79111,31.64,0
1919,Entry short,2024-12-08 18:00,[CC] SELL WEEKLY,21648.75,2,865950,371,0.04,9,375.5,0.04,-14.5,0.00,79111,31.64,0
1920,Exit short,2024-12-09 09:30,NQ09B SELL NY STOP,21616,2,864590,-59,-0.01,9,0,0.00,-54.5,-0.01,79052,31.62,0
1920,Entry short,2024-12-09 09:30,[CC] SELL NY,21614.75,2,864590,-59,-0.01,9,0,0.00,-54.5,-0.01,79052,31.62,0
1921,Exit short,2024-12-10 09:30,NQ09B SELL NY N130 TP2,21517.5,2,861300,591,0.07,9,595.5,0.07,-34.5,0.00,79643,31.86,0
1921,Entry short,2024-12-10 09:30,[CC] SELL NY,21532.5,2,861300,591,0.07,9,595.5,0.07,-34.5,0.00,79643,31.86,0
1922,Exit short,2024-12-11 09:30,NQ09B SELL NY N130 TP2,21574.25,2,863570,591,0.07,9,595.5,0.07,-14.5,0.00,80234,32.09,0
1922,Entry short,2024-12-11 09:30,[CC] SELL NY,21589.25,2,863570,591,0.07,9,595.5,0.07,-14.5,0.00,80234,32.09,0
1923,Exit short,2024-12-12 09:30,NQ09B SELL NY STOP,21695,2,867750,-59,-0.01,9,0,0.00,-54.5,-0.01,80175,32.07,0
1923,Entry short,2024-12-12 09:30,[CC] SELL NY,21693.75,2,867750,-59,-0.01,9,0,0.00,-54.5,-0.01,80175,32.07,0
1924,Exit short,2024-12-12 18:00,NQ09B SELL WEEKDAY 1800 STOP,21721.75,1,434410,-29.5,-0.01,4.5,0,0.00,-27.25,-0.01,80145.5,32.06,0
1924,Entry short,2024-12-12 18:00,[CC] SELL WEAK,21720.5,1,434410,-29.5,-0.01,4.5,0,0.00,-27.25,-0.01,80145.5,32.06,0
1925,Exit short,2024-12-13 09:30,NQ09B SELL NY STOP,21796.25,2,871800,-59,-0.01,9,195.5,0.02,-54.5,-0.01,80086.5,32.03,0
1925,Entry short,2024-12-13 09:30,[CC] SELL NY,21795,2,871800,-59,-0.01,9,195.5,0.02,-54.5,-0.01,80086.5,32.03,0
1926,Exit short,2024-12-15 18:00,NQ09B SELL WEEKLY STOP,21781.25,2,871200,-59,-0.01,9,0,0.00,-54.5,-0.01,80027.5,32.01,0
1926,Entry short,2024-12-15 18:00,[CC] SELL WEEKLY,21780,2,871200,-59,-0.01,9,0,0.00,-54.5,-0.01,80027.5,32.01,0
1927,Exit short,2024-12-16 09:30,NQ09B SELL NY STOP,21900.5,2,875970,-59,-0.01,9,125.5,0.01,-54.5,-0.01,79968.5,31.99,0
1927,Entry short,2024-12-16 09:30,[CC] SELL NY,21899.25,2,875970,-59,-0.01,9,125.5,0.01,-54.5,-0.01,79968.5,31.99,0
1928,Exit short,2024-12-17 09:30,NQ09B SELL NY STOP,22337,2,893430,-59,-0.01,9,0,0.00,-54.5,-0.01,79909.5,31.96,0
1928,Entry short,2024-12-17 09:30,[CC] SELL NY,22335.75,2,893430,-59,-0.01,9,0,0.00,-54.5,-0.01,79909.5,31.96,0
1929,Exit short,2024-12-17 18:00,NQ09B SELL WEEKDAY 1800 D80,22299.25,1,446180,190.5,0.04,4.5,192.75,0.04,-7.25,0.00,80100,32.04,0
1929,Entry short,2024-12-17 18:00,[CC] SELL WEAK,22309,1,446180,190.5,0.04,4.5,192.75,0.04,-7.25,0.00,80100,32.04,0
1930,Exit short,2024-12-18 09:30,NQ09B SELL NY STOP,22281.5,2,891210,-59,-0.01,9,0,0.00,-54.5,-0.01,80041,32.02,0
1930,Entry short,2024-12-18 09:30,[CC] SELL NY,22280.25,2,891210,-59,-0.01,9,0,0.00,-54.5,-0.01,80041,32.02,0
1931,Exit short,2024-12-18 18:00,NQ09B SELL WEEKDAY 1800 STOP,21500.75,2,859980,-59,-0.01,9,0,0.00,-54.5,-0.01,79982,31.99,0
1931,Entry short,2024-12-18 18:00,[CC] SELL PREMIUM,21499.5,2,859980,-59,-0.01,9,0,0.00,-54.5,-0.01,79982,31.99,0
1932,Exit short,2024-12-19 09:30,NQ09B SELL NY STOP,21678,2,867070,-59,-0.01,9,0,0.00,-54.5,-0.01,79923,31.97,0
1932,Entry short,2024-12-19 09:30,[CC] SELL NY,21676.75,2,867070,-59,-0.01,9,0,0.00,-54.5,-0.01,79923,31.97,0
1933,Exit short,2024-12-19 18:00,NQ09B SELL WEEKDAY 1800 D80,21419.75,2,857160,361,0.04,9,365.5,0.04,-14.5,0.00,80284,32.11,0
1933,Entry short,2024-12-19 18:00,[CC] SELL PREMIUM,21429,2,857160,361,0.04,9,365.5,0.04,-14.5,0.00,80284,32.11,0
1934,Exit short,2024-12-20 09:30,NQ09B SELL NY STOP,21211.5,2,848410,-59,-0.01,9,0,0.00,-54.5,-0.01,80225,32.09,0
1934,Entry short,2024-12-20 09:30,[CC] SELL NY,21210.25,2,848410,-59,-0.01,9,0,0.00,-54.5,-0.01,80225,32.09,0
1935,Exit short,2024-12-22 18:00,NQ09B SELL WEEKLY STOP,21567,2,862630,-59,-0.01,9,0,0.00,-54.5,-0.01,80166,32.07,0
1935,Entry short,2024-12-22 18:00,[CC] SELL WEEKLY,21565.75,2,862630,-59,-0.01,9,0,0.00,-54.5,-0.01,80166,32.07,0
1936,Exit short,2024-12-23 09:30,NQ09B SELL NY STOP,21620.25,2,864760,-59,-0.01,9,395.5,0.05,-54.5,-0.01,80107,32.04,0
1936,Entry short,2024-12-23 09:30,[CC] SELL NY,21619,2,864760,-59,-0.01,9,395.5,0.05,-54.5,-0.01,80107,32.04,0
1937,Exit short,2024-12-24 09:30,NQ09B SELL NY STOP,21827.25,2,873040,-59,-0.01,9,0,0.00,-54.5,-0.01,80048,32.02,0
1937,Entry short,2024-12-24 09:30,[CC] SELL NY,21826,2,873040,-59,-0.01,9,0,0.00,-54.5,-0.01,80048,32.02,0
1938,Exit short,2024-12-25 18:00,NQ09B SELL WEEKDAY 1800 STOP,22050.5,2,881970,-59,-0.01,9,95.5,0.01,-54.5,-0.01,79989,32.00,0
1938,Entry short,2024-12-25 18:00,[CC] SELL PREMIUM,22049.25,2,881970,-59,-0.01,9,95.5,0.01,-54.5,-0.01,79989,32.00,0
1939,Exit short,2024-12-26 09:30,NQ09B SELL NY STOP,21962.5,2,878450,-59,-0.01,9,205.5,0.02,-54.5,-0.01,79930,31.97,0
1939,Entry short,2024-12-26 09:30,[CC] SELL NY,21961.25,2,878450,-59,-0.01,9,205.5,0.02,-54.5,-0.01,79930,31.97,0
1940,Exit short,2024-12-27 09:30,NQ09B SELL NY STOP,21847,2,873830,-59,-0.01,9,0,0.00,-54.5,-0.01,79871,31.95,0
1940,Entry short,2024-12-27 09:30,[CC] SELL NY,21845.75,2,873830,-59,-0.01,9,0,0.00,-54.5,-0.01,79871,31.95,0
1941,Exit short,2024-12-29 18:00,NQ09B SELL WEEKLY STOP,21712,2,868430,-59,-0.01,9,205.5,0.02,-54.5,-0.01,79812,31.92,0
1941,Entry short,2024-12-29 18:00,[CC] SELL WEEKLY,21710.75,2,868430,-59,-0.01,9,205.5,0.02,-54.5,-0.01,79812,31.92,0
1942,Exit short,2024-12-30 09:30,NQ09B SELL NY STOP,21410,2,856350,-59,-0.01,9,0,0.00,-54.5,-0.01,79753,31.90,0
1942,Entry short,2024-12-30 09:30,[CC] SELL NY,21408.75,2,856350,-59,-0.01,9,0,0.00,-54.5,-0.01,79753,31.90,0
1943,Exit short,2024-12-30 18:00,NQ09B SELL WEEKDAY 1800 D80,21380.75,1,427800,180.5,0.04,4.5,182.75,0.04,-7.25,0.00,79933.5,31.97,0
1943,Entry short,2024-12-30 18:00,[CC] SELL WEAK,21390,1,427800,180.5,0.04,4.5,182.75,0.04,-7.25,0.00,79933.5,31.97,0
1944,Exit short,2024-12-31 09:30,NQ09B SELL NY N130 TP2,21440.75,2,858230,591,0.07,9,595.5,0.07,-14.5,0.00,80524.5,32.21,0
1944,Entry short,2024-12-31 09:30,[CC] SELL NY,21455.75,2,858230,591,0.07,9,595.5,0.07,-14.5,0.00,80524.5,32.21,0
1945,Exit short,2025-01-01 18:00,NQ09B SELL WEEKDAY 1800 D80,21259.5,1,425375,180.5,0.04,4.5,182.75,0.04,-7.25,0.00,80705,32.28,0
1945,Entry short,2025-01-01 18:00,[CC] SELL WEAK,21268.75,1,425375,180.5,0.04,4.5,182.75,0.04,-7.25,0.00,80705,32.28,0
1946,Exit short,2025-01-02 09:30,NQ09B SELL NY STOP,21348.75,2,853900,-59,-0.01,9,0,0.00,-54.5,-0.01,80646,32.26,0
1946,Entry short,2025-01-02 09:30,[CC] SELL NY,21347.5,2,853900,-59,-0.01,9,0,0.00,-54.5,-0.01,80646,32.26,0
1947,Exit short,2025-01-02 18:00,NQ09B SELL WEEKDAY 1800 STOP,21187.75,1,423730,-29.5,-0.01,4.5,0,0.00,-27.25,-0.01,80616.5,32.25,0
1947,Entry short,2025-01-02 18:00,[CC] SELL WEAK,21186.5,1,423730,-29.5,-0.01,4.5,0,0.00,-27.25,-0.01,80616.5,32.25,0
1948,Exit short,2025-01-03 09:30,NQ09B SELL NY N130 TP2,21278.5,2,851740,591,0.07,9,595.5,0.07,-14.5,0.00,81207.5,32.48,0
1948,Entry short,2025-01-03 09:30,[CC] SELL NY,21293.5,2,851740,591,0.07,9,595.5,0.07,-14.5,0.00,81207.5,32.48,0
1949,Exit short,2025-01-05 18:00,NQ09B SELL WEEKLY STOP,21533.25,2,861280,-59,-0.01,9,0,0.00,-54.5,-0.01,81148.5,32.46,0
1949,Entry short,2025-01-05 18:00,[CC] SELL WEEKLY,21532,2,861280,-59,-0.01,9,0,0.00,-54.5,-0.01,81148.5,32.46,0
1950,Exit short,2025-01-06 09:30,NQ09B SELL NY STOP,21733.75,2,869300,-59,-0.01,9,355.5,0.04,-54.5,-0.01,81089.5,32.44,0
1950,Entry short,2025-01-06 09:30,[CC] SELL NY,21732.5,2,869300,-59,-0.01,9,355.5,0.04,-54.5,-0.01,81089.5,32.44,0
1951,Exit short,2025-01-07 09:30,NQ09B SELL NY STOP,21792.75,2,871660,-59,-0.01,9,0,0.00,-54.5,-0.01,81030.5,32.41,0
1951,Entry short,2025-01-07 09:30,[CC] SELL NY,21791.5,2,871660,-59,-0.01,9,0,0.00,-54.5,-0.01,81030.5,32.41,0
1952,Exit short,2025-01-08 09:30,NQ09B SELL NY STOP,21356.75,2,854220,-59,-0.01,9,0,0.00,-54.5,-0.01,80971.5,32.39,0
1952,Entry short,2025-01-08 09:30,[CC] SELL NY,21355.5,2,854220,-59,-0.01,9,0,0.00,-54.5,-0.01,80971.5,32.39,0
1953,Exit short,2025-01-08 18:00,NQ09B SELL WEEKDAY 1800 D80,21325.25,1,426690,180.5,0.04,4.5,182.75,0.04,-7.25,0.00,81152,32.46,0
1953,Entry short,2025-01-08 18:00,[CC] SELL WEAK,21334.5,1,426690,180.5,0.04,4.5,182.75,0.04,-7.25,0.00,81152,32.46,0
1954,Exit short,2025-01-09 18:00,NQ09B SELL WEEKDAY 1800 STOP,21303.75,1,426050,-29.5,-0.01,4.5,0,0.00,-27.25,-0.01,81122.5,32.45,0
1954,Entry short,2025-01-09 18:00,[CC] SELL WEAK,21302.5,1,426050,-29.5,-0.01,4.5,0,0.00,-27.25,-0.01,81122.5,32.45,0
1955,Exit short,2025-01-10 09:30,NQ09B SELL NY STOP,21193.5,2,847690,-59,-0.01,9,0,0.00,-54.5,-0.01,81063.5,32.43,0
1955,Entry short,2025-01-10 09:30,[CC] SELL NY,21192.25,2,847690,-59,-0.01,9,0,0.00,-54.5,-0.01,81063.5,32.43,0
1956,Exit short,2025-01-12 18:00,NQ09B SELL WEEKLY W80,21018,2,841090,361,0.04,9,365.5,0.04,-14.5,0.00,81424.5,32.57,0
1956,Entry short,2025-01-12 18:00,[CC] SELL WEEKLY,21027.25,2,841090,361,0.04,9,365.5,0.04,-14.5,0.00,81424.5,32.57,0
1957,Exit short,2025-01-13 09:30,NQ09B SELL NY STOP,20766.75,2,830620,-59,-0.01,9,0,0.00,-54.5,-0.01,81365.5,32.55,0
1957,Entry short,2025-01-13 09:30,[CC] SELL NY,20765.5,2,830620,-59,-0.01,9,0,0.00,-54.5,-0.01,81365.5,32.55,0
1958,Exit short,2025-01-14 09:30,NQ09B SELL NY STOP,21072.5,2,842850,-59,-0.01,9,0,0.00,-54.5,-0.01,81306.5,32.52,0
1958,Entry short,2025-01-14 09:30,[CC] SELL NY,21071.25,2,842850,-59,-0.01,9,0,0.00,-54.5,-0.01,81306.5,32.52,0
1959,Exit short,2025-01-15 09:30,NQ09B SELL NY N130 TP2,21236,2,850040,591,0.07,9,595.5,0.07,-14.5,0.00,81897.5,32.76,0
1959,Entry short,2025-01-15 09:30,[CC] SELL NY,21251,2,850040,591,0.07,9,595.5,0.07,-14.5,0.00,81897.5,32.76,0
1960,Exit short,2025-01-16 09:30,NQ09B SELL NY STOP,21495.5,2,859770,-59,-0.01,9,0,0.00,-54.5,-0.01,81838.5,32.74,0
1960,Entry short,2025-01-16 09:30,[CC] SELL NY,21494.25,2,859770,-59,-0.01,9,0,0.00,-54.5,-0.01,81838.5,32.74,0
1961,Exit short,2025-01-17 09:30,NQ09B SELL NY STOP,21648.25,2,865880,-59,-0.01,9,0,0.00,-54.5,-0.01,81779.5,32.71,0
1961,Entry short,2025-01-17 09:30,[CC] SELL NY,21647,2,865880,-59,-0.01,9,0,0.00,-54.5,-0.01,81779.5,32.71,0
1962,Exit short,2025-01-19 18:00,NQ09B SELL WEEKLY STOP,21601,2,863990,-59,-0.01,9,0,0.00,-54.5,-0.01,81720.5,32.69,0
1962,Entry short,2025-01-19 18:00,[CC] SELL WEEKLY,21599.75,2,863990,-59,-0.01,9,0,0.00,-54.5,-0.01,81720.5,32.69,0
1963,Exit short,2025-01-20 09:30,NQ09B SELL NY STOP,21724.75,2,868940,-59,-0.01,9,405.5,0.05,-54.5,-0.01,81661.5,32.66,0
1963,Entry short,2025-01-20 09:30,[CC] SELL NY,21723.5,2,868940,-59,-0.01,9,405.5,0.05,-54.5,-0.01,81661.5,32.66,0
1964,Exit short,2025-01-20 18:00,NQ09B SELL WEEKDAY 1800 D80,21677.5,1,433740,185.5,0.04,4.5,187.75,0.04,-7.25,0.00,81847,32.74,0
1964,Entry short,2025-01-20 18:00,[CC] SELL WEAK,21687,1,433740,185.5,0.04,4.5,187.75,0.04,-7.25,0.00,81847,32.74,0
1965,Exit short,2025-01-21 09:30,NQ09B SELL NY STOP,21711.75,2,868420,-59,-0.01,9,0,0.00,-54.5,-0.01,81788,32.72,0
1965,Entry short,2025-01-21 09:30,[CC] SELL NY,21710.5,2,868420,-59,-0.01,9,0,0.00,-54.5,-0.01,81788,32.72,0
1966,Exit short,2025-01-22 09:30,NQ09B SELL NY STOP,21914.75,2,876540,-59,-0.01,9,435.5,0.05,-54.5,-0.01,81729,32.69,0
1966,Entry short,2025-01-22 09:30,[CC] SELL NY,21913.5,2,876540,-59,-0.01,9,435.5,0.05,-54.5,-0.01,81729,32.69,0
1967,Exit short,2025-01-23 09:30,NQ09B SELL NY STOP,21889.75,2,875540,-59,-0.01,9,0,0.00,-54.5,-0.01,81670,32.67,0
1967,Entry short,2025-01-23 09:30,[CC] SELL NY,21888.5,2,875540,-59,-0.01,9,0,0.00,-54.5,-0.01,81670,32.67,0
1968,Exit short,2025-01-24 09:30,NQ09B SELL NY STOP,22045.25,2,881760,-59,-0.01,9,0,0.00,-54.5,-0.01,81611,32.64,0
1968,Entry short,2025-01-24 09:30,[CC] SELL NY,22044,2,881760,-59,-0.01,9,0,0.00,-54.5,-0.01,81611,32.64,0
1969,Exit short,2025-01-26 18:00,NQ09B SELL WEEKLY W80,21761.25,2,870830,371,0.04,9,375.5,0.04,-14.5,0.00,81982,32.79,0
1969,Entry short,2025-01-26 18:00,[CC] SELL WEEKLY,21770.75,2,870830,371,0.04,9,375.5,0.04,-14.5,0.00,81982,32.79,0
1970,Exit short,2025-01-27 09:30,NQ09B SELL NY STOP,21124.5,2,844930,-59,-0.01,9,565.5,0.07,-54.5,-0.01,81923,32.77,0
1970,Entry short,2025-01-27 09:30,[CC] SELL NY,21123.25,2,844930,-59,-0.01,9,565.5,0.07,-54.5,-0.01,81923,32.77,0
1971,Exit short,2025-01-27 18:00,NQ09B SELL WEEKDAY 1800 STOP,21344.25,1,426860,-29.5,-0.01,4.5,0,0.00,-27.25,-0.01,81893.5,32.76,0
1971,Entry short,2025-01-27 18:00,[CC] SELL WEAK,21343,1,426860,-29.5,-0.01,4.5,0,0.00,-27.25,-0.01,81893.5,32.76,0
1972,Exit short,2025-01-28 09:30,NQ09B SELL NY STOP,21303.75,2,852100,-59,-0.01,9,0,0.00,-54.5,-0.01,81834.5,32.73,0
1972,Entry short,2025-01-28 09:30,[CC] SELL NY,21302.5,2,852100,-59,-0.01,9,0,0.00,-54.5,-0.01,81834.5,32.73,0
1973,Exit short,2025-01-29 09:30,NQ09B SELL NY STOP,21600.75,2,863980,-59,-0.01,9,0,0.00,-54.5,-0.01,81775.5,32.71,0
1973,Entry short,2025-01-29 09:30,[CC] SELL NY,21599.5,2,863980,-59,-0.01,9,0,0.00,-54.5,-0.01,81775.5,32.71,0
1974,Exit short,2025-01-29 18:00,NQ09B SELL WEEKDAY 1800 D80,21538.25,2,861900,361,0.04,9,365.5,0.04,-14.5,0.00,82136.5,32.85,0
1974,Entry short,2025-01-29 18:00,[CC] SELL PREMIUM,21547.5,2,861900,361,0.04,9,365.5,0.04,-14.5,0.00,82136.5,32.85,0
1975,Exit short,2025-01-30 09:30,NQ09B SELL NY STOP,21651,2,865990,-59,-0.01,9,0,0.00,-54.5,-0.01,82077.5,32.83,0
1975,Entry short,2025-01-30 09:30,[CC] SELL NY,21649.75,2,865990,-59,-0.01,9,0,0.00,-54.5,-0.01,82077.5,32.83,0
1976,Exit short,2025-01-30 18:00,NQ09B SELL WEEKDAY 1800 D80,21670.25,1,433595,185.5,0.04,4.5,187.75,0.04,-7.25,0.00,82263,32.91,0
1976,Entry short,2025-01-30 18:00,[CC] SELL WEAK,21679.75,1,433595,185.5,0.04,4.5,187.75,0.04,-7.25,0.00,82263,32.91,0
1977,Exit short,2025-01-31 09:30,NQ09B SELL NY STOP,21775,2,870950,-59,-0.01,9,345.5,0.04,-54.5,-0.01,82204,32.88,0
1977,Entry short,2025-01-31 09:30,[CC] SELL NY,21773.75,2,870950,-59,-0.01,9,345.5,0.04,-54.5,-0.01,82204,32.88,0
1978,Exit short,2025-02-02 18:00,NQ09B SELL WEEKLY W80,21190.5,2,847990,361,0.04,9,365.5,0.04,-14.5,0.00,82565,33.03,0
1978,Entry short,2025-02-02 18:00,[CC] SELL WEEKLY,21199.75,2,847990,361,0.04,9,365.5,0.04,-14.5,0.00,82565,33.03,0
1979,Exit short,2025-02-03 09:30,NQ09B SELL NY N130 TP2,21200.25,2,848610,591,0.07,9,595.5,0.07,-14.5,0.00,83156,33.26,0
1979,Entry short,2025-02-03 09:30,[CC] SELL NY,21215.25,2,848610,591,0.07,9,595.5,0.07,-14.5,0.00,83156,33.26,0
1980,Exit short,2025-02-03 18:00,NQ09B SELL WEEKDAY 1800 STOP,21593,2,863670,-59,-0.01,9,0,0.00,-54.5,-0.01,83097,33.24,0
1980,Entry short,2025-02-03 18:00,[CC] SELL PREMIUM,21591.75,2,863670,-59,-0.01,9,0,0.00,-54.5,-0.01,83097,33.24,0
1981,Exit short,2025-02-04 09:30,NQ09B SELL NY N130 TP2,21406,2,856840,591,0.07,9,595.5,0.07,-14.5,0.00,83688,33.48,0
1981,Entry short,2025-02-04 09:30,[CC] SELL NY,21421,2,856840,591,0.07,9,595.5,0.07,-14.5,0.00,83688,33.48,0
1982,Exit short,2025-02-04 18:00,NQ09B SELL WEEKDAY 1800 D80,21552.5,2,862470,361,0.04,9,365.5,0.04,-14.5,0.00,84049,33.62,0
1982,Entry short,2025-02-04 18:00,[CC] SELL PREMIUM,21561.75,2,862470,361,0.04,9,365.5,0.04,-14.5,0.00,84049,33.62,0
1983,Exit short,2025-02-05 09:30,NQ09B SELL NY STOP,21552,2,862030,-59,-0.01,9,0,0.00,-54.5,-0.01,83990,33.60,0
1983,Entry short,2025-02-05 09:30,[CC] SELL NY,21550.75,2,862030,-59,-0.01,9,0,0.00,-54.5,-0.01,83990,33.60,0
1984,Exit short,2025-02-06 09:30,NQ09B SELL NY STOP,21778,2,871070,-59,-0.01,9,0,0.00,-54.5,-0.01,83931,33.57,0
1984,Entry short,2025-02-06 09:30,[CC] SELL NY,21776.75,2,871070,-59,-0.01,9,0,0.00,-54.5,-0.01,83931,33.57,0
1985,Exit short,2025-02-06 18:00,NQ09B SELL WEEKDAY 1800 D80,21808,1,436350,185.5,0.04,4.5,187.75,0.04,-7.25,0.00,84116.5,33.65,0
1985,Entry short,2025-02-06 18:00,[CC] SELL WEAK,21817.5,1,436350,185.5,0.04,4.5,187.75,0.04,-7.25,0.00,84116.5,33.65,0
1986,Exit short,2025-02-07 09:30,NQ09B SELL NY N130 TP2,21870.25,2,875430,611,0.07,9,615.5,0.07,-14.5,0.00,84727.5,33.89,0
1986,Entry short,2025-02-07 09:30,[CC] SELL NY,21885.75,2,875430,611,0.07,9,615.5,0.07,-14.5,0.00,84727.5,33.89,0
1987,Exit short,2025-02-09 18:00,NQ09B SELL WEEKLY W80,21453.75,2,858520,361,0.04,9,365.5,0.04,-14.5,0.00,85088.5,34.04,0
1987,Entry short,2025-02-09 18:00,[CC] SELL WEEKLY,21463,2,858520,361,0.04,9,365.5,0.04,-14.5,0.00,85088.5,34.04,0
1988,Exit short,2025-02-10 09:30,NQ09B SELL NY STOP,21765.25,2,870560,-59,-0.01,9,0,0.00,-54.5,-0.01,85029.5,34.01,0
1988,Entry short,2025-02-10 09:30,[CC] SELL NY,21764,2,870560,-59,-0.01,9,0,0.00,-54.5,-0.01,85029.5,34.01,0
1989,Exit short,2025-02-11 09:30,NQ09B SELL NY STOP,21707,2,868230,-59,-0.01,9,195.5,0.02,-54.5,-0.01,84970.5,33.99,0
1989,Entry short,2025-02-11 09:30,[CC] SELL NY,21705.75,2,868230,-59,-0.01,9,195.5,0.02,-54.5,-0.01,84970.5,33.99,0
1990,Exit short,2025-02-12 09:30,NQ09B SELL NY STOP,21552,2,862030,-59,-0.01,9,575.5,0.07,-54.5,-0.01,84911.5,33.96,0
1990,Entry short,2025-02-12 09:30,[CC] SELL NY,21550.75,2,862030,-59,-0.01,9,575.5,0.07,-54.5,-0.01,84911.5,33.96,0
1991,Exit short,2025-02-12 18:00,NQ09B SELL WEEKDAY 1800 STOP,21862.25,2,874440,-59,-0.01,9,0,0.00,-54.5,-0.01,84852.5,33.94,0
1991,Entry short,2025-02-12 18:00,[CC] SELL PREMIUM,21861,2,874440,-59,-0.01,9,0,0.00,-54.5,-0.01,84852.5,33.94,0
1992,Exit short,2025-02-13 09:30,NQ09B SELL NY STOP,21871,2,874790,-59,-0.01,9,275.5,0.03,-54.5,-0.01,84793.5,33.92,0
1992,Entry short,2025-02-13 09:30,[CC] SELL NY,21869.75,2,874790,-59,-0.01,9,275.5,0.03,-54.5,-0.01,84793.5,33.92,0
1993,Exit short,2025-02-14 09:30,NQ09B SELL NY STOP,22109,2,884310,-59,-0.01,9,515.5,0.06,-54.5,-0.01,84734.5,33.89,0
1993,Entry short,2025-02-14 09:30,[CC] SELL NY,22107.75,2,884310,-59,-0.01,9,515.5,0.06,-54.5,-0.01,84734.5,33.89,0
1994,Exit short,2025-02-16 18:00,NQ09B SELL WEEKLY STOP,22236.75,2,889420,-59,-0.01,9,0,0.00,-54.5,-0.01,84675.5,33.87,0
1994,Entry short,2025-02-16 18:00,[CC] SELL WEEKLY,22235.5,2,889420,-59,-0.01,9,0,0.00,-54.5,-0.01,84675.5,33.87,0
1995,Exit short,2025-02-17 09:30,NQ09B SELL NY STOP,22242.25,2,889640,-59,-0.01,9,0,0.00,-54.5,-0.01,84616.5,33.85,0
1995,Entry short,2025-02-17 09:30,[CC] SELL NY,22241,2,889640,-59,-0.01,9,0,0.00,-54.5,-0.01,84616.5,33.85,0
1996,Exit short,2025-02-18 09:30,NQ09B SELL NY STOP,22258.75,2,890300,-59,-0.01,9,0,0.00,-54.5,-0.01,84557.5,33.82,0
1996,Entry short,2025-02-18 09:30,[CC] SELL NY,22257.5,2,890300,-59,-0.01,9,0,0.00,-54.5,-0.01,84557.5,33.82,0
1997,Exit short,2025-02-19 09:30,NQ09B SELL NY STOP,22208.25,2,888280,-59,-0.01,9,0,0.00,-54.5,-0.01,84498.5,33.80,0
1997,Entry short,2025-02-19 09:30,[CC] SELL NY,22207,2,888280,-59,-0.01,9,0,0.00,-54.5,-0.01,84498.5,33.80,0
1998,Exit short,2025-02-20 09:30,NQ09B SELL NY STOP,22210.5,2,888370,-59,-0.01,9,0,0.00,-54.5,-0.01,84439.5,33.78,0
1998,Entry short,2025-02-20 09:30,[CC] SELL NY,22209.25,2,888370,-59,-0.01,9,0,0.00,-54.5,-0.01,84439.5,33.78,0
1999,Exit short,2025-02-21 09:30,NQ09B SELL NY STOP,22187.25,2,887440,-59,-0.01,9,0,0.00,-54.5,-0.01,84380.5,33.75,0
1999,Entry short,2025-02-21 09:30,[CC] SELL NY,22186,2,887440,-59,-0.01,9,0,0.00,-54.5,-0.01,84380.5,33.75,0
2000,Exit short,2025-02-23 18:00,NQ09B SELL WEEKLY STOP,21701.75,2,868020,-59,-0.01,9,0,0.00,-54.5,-0.01,84321.5,33.73,0
2000,Entry short,2025-02-23 18:00,[CC] SELL WEEKLY,21700.5,2,868020,-59,-0.01,9,0,0.00,-54.5,-0.01,84321.5,33.73,0
2001,Exit short,2025-02-24 09:30,NQ09B SELL NY N130 TP2,21736.75,2,870090,611,0.07,9,615.5,0.07,-14.5,0.00,84932.5,33.97,0
2001,Entry short,2025-02-24 09:30,[CC] SELL NY,21752.25,2,870090,611,0.07,9,615.5,0.07,-14.5,0.00,84932.5,33.97,0
2002,Exit short,2025-02-25 09:30,NQ09B SELL NY STOP,21392,2,855630,-59,-0.01,9,0,0.00,-54.5,-0.01,84873.5,33.95,0
2002,Entry short,2025-02-25 09:30,[CC] SELL NY,21390.75,2,855630,-59,-0.01,9,0,0.00,-54.5,-0.01,84873.5,33.95,0
2003,Exit short,2025-02-25 18:00,NQ09B SELL WEEKDAY 1800 STOP,21231.5,1,424605,-29.5,-0.01,4.5,0,0.00,-27.25,-0.01,84844,33.94,0
2003,Entry short,2025-02-25 18:00,[CC] SELL WEAK,21230.25,1,424605,-29.5,-0.01,4.5,0,0.00,-27.25,-0.01,84844,33.94,0
2004,Exit short,2025-02-26 09:30,NQ09B SELL NY STOP,21239.75,2,849540,-59,-0.01,9,0,0.00,-54.5,-0.01,84785,33.91,0
2004,Entry short,2025-02-26 09:30,[CC] SELL NY,21238.5,2,849540,-59,-0.01,9,0,0.00,-54.5,-0.01,84785,33.91,0
2005,Exit short,2025-02-26 18:00,NQ09B SELL WEEKDAY 1800 STOP,21250,2,849950,-59,-0.01,9,0,0.00,-54.5,-0.01,84726,33.89,0
2005,Entry short,2025-02-26 18:00,[CC] SELL PREMIUM,21248.75,2,849950,-59,-0.01,9,0,0.00,-54.5,-0.01,84726,33.89,0
2006,Exit short,2025-02-27 09:30,NQ09B SELL NY N130 TP2,21325.5,2,853620,591,0.07,9,595.5,0.07,-14.5,0.00,85317,34.13,0
2006,Entry short,2025-02-27 09:30,[CC] SELL NY,21340.5,2,853620,591,0.07,9,595.5,0.07,-14.5,0.00,85317,34.13,0
2007,Exit short,2025-02-27 18:00,NQ09B SELL WEEKDAY 1800 D80,20640.25,1,412985,175.5,0.04,4.5,177.75,0.04,-7.25,0.00,85492.5,34.20,0
2007,Entry short,2025-02-27 18:00,[CC] SELL WEAK,20649.25,1,412985,175.5,0.04,4.5,177.75,0.04,-7.25,0.00,85492.5,34.20,0
2008,Exit short,2025-02-28 09:30,NQ09B SELL NY STOP,20591.25,2,823600,-59,-0.01,9,0,0.00,-54.5,-0.01,85433.5,34.17,0
2008,Entry short,2025-02-28 09:30,[CC] SELL NY,20590,2,823600,-59,-0.01,9,0,0.00,-54.5,-0.01,85433.5,34.17,0
2009,Exit short,2025-03-02 18:00,NQ09B SELL WEEKLY STOP,21006.25,2,840200,-59,-0.01,9,0,0.00,-54.5,-0.01,85374.5,34.15,0
2009,Entry short,2025-03-02 18:00,[CC] SELL WEEKLY,21005,2,840200,-59,-0.01,9,0,0.00,-54.5,-0.01,85374.5,34.15,0
2010,Exit short,2025-03-03 09:30,NQ09B SELL NY N130 TP2,21040.25,2,842210,591,0.07,9,595.5,0.07,-14.5,0.00,85965.5,34.39,0
2010,Entry short,2025-03-03 09:30,[CC] SELL NY,21055.25,2,842210,591,0.07,9,595.5,0.07,-14.5,0.00,85965.5,34.39,0
2011,Exit short,2025-03-04 09:30,NQ09B SELL NY STOP,20343.5,2,813690,-59,-0.01,9,0,0.00,-54.5,-0.01,85906.5,34.36,0
2011,Entry short,2025-03-04 09:30,[CC] SELL NY,20342.25,2,813690,-59,-0.01,9,0,0.00,-54.5,-0.01,85906.5,34.36,0
2012,Exit short,2025-03-04 18:00,NQ09B SELL WEEKDAY 1800 STOP,20556,2,822190,-59,-0.01,9,0,0.00,-54.5,-0.01,85847.5,34.34,0
2012,Entry short,2025-03-04 18:00,[CC] SELL PREMIUM,20554.75,2,822190,-59,-0.01,9,0,0.00,-54.5,-0.01,85847.5,34.34,0
2013,Exit short,2025-03-05 09:30,NQ09B SELL NY STOP,20422.25,2,816840,-59,-0.01,9,0,0.00,-54.5,-0.01,85788.5,34.32,0
2013,Entry short,2025-03-05 09:30,[CC] SELL NY,20421,2,816840,-59,-0.01,9,0,0.00,-54.5,-0.01,85788.5,34.32,0
2014,Exit short,2025-03-05 18:00,NQ09B SELL WEEKDAY 1800 STOP,20606.25,2,824200,-59,-0.01,9,5.5,0.00,-54.5,-0.01,85729.5,34.29,0
2014,Entry short,2025-03-05 18:00,[CC] SELL PREMIUM,20605,2,824200,-59,-0.01,9,5.5,0.00,-54.5,-0.01,85729.5,34.29,0
2015,Exit short,2025-03-06 09:30,NQ09B SELL NY STOP,20311.75,2,812420,-59,-0.01,9,0,0.00,-54.5,-0.01,85670.5,34.27,0
2015,Entry short,2025-03-06 09:30,[CC] SELL NY,20310.5,2,812420,-59,-0.01,9,0,0.00,-54.5,-0.01,85670.5,34.27,0
2016,Exit short,2025-03-06 18:00,NQ09B SELL WEEKDAY 1800 D80,20205.25,1,404285,175.5,0.04,4.5,177.75,0.04,-7.25,0.00,85846,34.34,0
2016,Entry short,2025-03-06 18:00,[CC] SELL WEAK,20214.25,1,404285,175.5,0.04,4.5,177.75,0.04,-7.25,0.00,85846,34.34,0
2017,Exit short,2025-03-07 09:30,NQ09B SELL NY STOP,20037.5,2,801450,-59,-0.01,9,495.5,0.06,-54.5,-0.01,85787,34.31,0
2017,Entry short,2025-03-07 09:30,[CC] SELL NY,20036.25,2,801450,-59,-0.01,9,495.5,0.06,-54.5,-0.01,85787,34.31,0
2018,Exit short,2025-03-09 18:00,NQ09B SELL WEEKLY W80,20137.75,2,805870,351,0.04,9,355.5,0.04,-14.5,0.00,86138,34.46,0
2018,Entry short,2025-03-09 18:00,[CC] SELL WEEKLY,20146.75,2,805870,351,0.04,9,355.5,0.04,-14.5,0.00,86138,34.46,0
2019,Exit short,2025-03-10 09:30,NQ09B SELL NY STOP,19882,2,795230,-59,-0.01,9,0,0.00,-54.5,-0.01,86079,34.43,0
2019,Entry short,2025-03-10 09:30,[CC] SELL NY,19880.75,2,795230,-59,-0.01,9,0,0.00,-54.5,-0.01,86079,34.43,0
2020,Exit short,2025-03-11 09:30,NQ09B SELL NY N130 TP2,19406.25,2,776810,551,0.07,9,555.5,0.07,-14.5,0.00,86630,34.65,0
2020,Entry short,2025-03-11 09:30,[CC] SELL NY,19420.25,2,776810,551,0.07,9,555.5,0.07,-14.5,0.00,86630,34.65,0
2021,Exit short,2025-03-11 18:00,NQ09B SELL WEEKDAY 1800 D80,19403.75,1,388250,170.5,0.04,4.5,172.75,0.04,-7.25,0.00,86800.5,34.72,0
2021,Entry short,2025-03-11 18:00,[CC] SELL WEAK,19412.5,1,388250,170.5,0.04,4.5,172.75,0.04,-7.25,0.00,86800.5,34.72,0
2022,Exit short,2025-03-12 09:30,NQ09B SELL NY N130 TP2,19681.75,2,787850,571,0.07,9,575.5,0.07,-14.5,0.00,87371.5,34.95,0
2022,Entry short,2025-03-12 09:30,[CC] SELL NY,19696.25,2,787850,571,0.07,9,575.5,0.07,-14.5,0.00,87371.5,34.95,0
2023,Exit short,2025-03-12 18:00,NQ09B SELL WEEKDAY 1800 STOP,19573,1,391435,-29.5,-0.01,4.5,82.75,0.02,-27.25,-0.01,87342,34.94,0
2023,Entry short,2025-03-12 18:00,[CC] SELL WEAK,19571.75,1,391435,-29.5,-0.01,4.5,82.75,0.02,-27.25,-0.01,87342,34.94,0
2024,Exit short,2025-03-13 09:30,NQ09B SELL NY STOP,19575,2,782950,-59,-0.01,9,0,0.00,-54.5,-0.01,87283,34.91,0
2024,Entry short,2025-03-13 09:30,[CC] SELL NY,19573.75,2,782950,-59,-0.01,9,0,0.00,-54.5,-0.01,87283,34.91,0
2025,Exit short,2025-03-14 09:30,NQ09B SELL NY N130 TP2,19450.75,2,778590,551,0.07,9,555.5,0.07,-14.5,0.00,87834,35.13,0
2025,Entry short,2025-03-14 09:30,[CC] SELL NY,19464.75,2,778590,551,0.07,9,555.5,0.07,-14.5,0.00,87834,35.13,0
2026,Exit short,2025-03-16 18:00,NQ09B SELL WEEKLY STOP,19669.25,2,786720,-59,-0.01,9,0,0.00,-54.5,-0.01,87775,35.11,0
2026,Entry short,2025-03-16 18:00,[CC] SELL WEEKLY,19668,2,786720,-59,-0.01,9,0,0.00,-54.5,-0.01,87775,35.11,0
2027,Exit short,2025-03-17 09:30,NQ09B SELL NY N130 TP2,19688,2,788100,571,0.07,9,575.5,0.07,-14.5,0.00,88346,35.34,0
2027,Entry short,2025-03-17 09:30,[CC] SELL NY,19702.5,2,788100,571,0.07,9,575.5,0.07,-14.5,0.00,88346,35.34,0
2028,Exit short,2025-03-18 09:30,NQ09B SELL NY STOP,19899,2,795910,-59,-0.01,9,0,0.00,-54.5,-0.01,88287,35.31,0
2028,Entry short,2025-03-18 09:30,[CC] SELL NY,19897.75,2,795910,-59,-0.01,9,0,0.00,-54.5,-0.01,88287,35.31,0
2029,Exit short,2025-03-19 09:30,NQ09B SELL NY N130 TP2,19774.25,2,791550,571,0.07,9,575.5,0.07,-14.5,0.00,88858,35.54,0
2029,Entry short,2025-03-19 09:30,[CC] SELL NY,19788.75,2,791550,571,0.07,9,575.5,0.07,-14.5,0.00,88858,35.54,0
2030,Exit short,2025-03-20 09:30,NQ09B SELL NY N130 TP2,19771.75,2,791450,571,0.07,9,575.5,0.07,-14.5,0.00,89429,35.77,0
2030,Entry short,2025-03-20 09:30,[CC] SELL NY,19786.25,2,791450,571,0.07,9,575.5,0.07,-14.5,0.00,89429,35.77,0
2031,Exit short,2025-03-21 09:30,NQ09B SELL NY N130 TP2,19642.5,2,786280,571,0.07,9,575.5,0.07,-14.5,0.00,90000,36.00,0
2031,Entry short,2025-03-21 09:30,[CC] SELL NY,19657,2,786280,571,0.07,9,575.5,0.07,-14.5,0.00,90000,36.00,0
2032,Exit short,2025-03-23 18:00,NQ09B SELL WEEKLY STOP,20051.5,2,802010,-59,-0.01,9,0,0.00,-54.5,-0.01,89941,35.98,0
2032,Entry short,2025-03-23 18:00,[CC] SELL WEEKLY,20050.25,2,802010,-59,-0.01,9,0,0.00,-54.5,-0.01,89941,35.98,0
2033,Exit short,2025-03-24 09:30,NQ09B SELL NY STOP,20257.25,2,810240,-59,-0.01,9,0,0.00,-54.5,-0.01,89882,35.95,0
2033,Entry short,2025-03-24 09:30,[CC] SELL NY,20256,2,810240,-59,-0.01,9,0,0.00,-54.5,-0.01,89882,35.95,0
2034,Exit short,2025-03-25 09:30,NQ09B SELL NY N130 TP2,20386.25,2,816040,581,0.07,9,585.5,0.07,-14.5,0.00,90463,36.19,0
2034,Entry short,2025-03-25 09:30,[CC] SELL NY,20401,2,816040,581,0.07,9,585.5,0.07,-14.5,0.00,90463,36.19,0
2035,Exit short,2025-03-26 09:30,NQ09B SELL NY STOP,20440,2,817550,-59,-0.01,9,0,0.00,-54.5,-0.01,90404,36.16,0
2035,Entry short,2025-03-26 09:30,[CC] SELL NY,20438.75,2,817550,-59,-0.01,9,0,0.00,-54.5,-0.01,90404,36.16,0
2036,Exit short,2025-03-27 09:30,NQ09B SELL NY STOP,20029.5,2,801130,-59,-0.01,9,0,0.00,-54.5,-0.01,90345,36.14,0
2036,Entry short,2025-03-27 09:30,[CC] SELL NY,20028.25,2,801130,-59,-0.01,9,0,0.00,-54.5,-0.01,90345,36.14,0
2037,Exit short,2025-03-28 09:30,NQ09B SELL NY STOP,19912,2,796430,-59,-0.01,9,0,0.00,-54.5,-0.01,90286,36.11,0
2037,Entry short,2025-03-28 09:30,[CC] SELL NY,19910.75,2,796430,-59,-0.01,9,0,0.00,-54.5,-0.01,90286,36.11,0
2038,Exit short,2025-03-30 18:00,NQ09B SELL WEEKLY W80,19310.75,2,772780,341,0.04,9,345.5,0.04,-14.5,0.00,90627,36.25,0
2038,Entry short,2025-03-30 18:00,[CC] SELL WEEKLY,19319.5,2,772780,341,0.04,9,345.5,0.04,-14.5,0.00,90627,36.25,0
2039,Exit short,2025-03-31 09:30,NQ09B SELL NY STOP,19167.5,2,766650,-59,-0.01,9,0,0.00,-54.5,-0.01,90568,36.23,0
2039,Entry short,2025-03-31 09:30,[CC] SELL NY,19166.25,2,766650,-59,-0.01,9,0,0.00,-54.5,-0.01,90568,36.23,0
2040,Exit short,2025-04-01 09:30,NQ09B SELL NY N130 TP2,19366.25,2,775210,551,0.07,9,555.5,0.07,-14.5,0.00,91119,36.45,0
2040,Entry short,2025-04-01 09:30,[CC] SELL NY,19380.25,2,775210,551,0.07,9,555.5,0.07,-14.5,0.00,91119,36.45,0
2041,Exit short,2025-04-01 18:00,NQ09B SELL WEEKDAY 1800 STOP,19601.5,1,392005,-29.5,-0.01,4.5,97.75,0.02,-27.25,-0.01,91089.5,36.44,0
2041,Entry short,2025-04-01 18:00,[CC] SELL WEAK,19600.25,1,392005,-29.5,-0.01,4.5,97.75,0.02,-27.25,-0.01,91089.5,36.44,0
2042,Exit short,2025-04-02 09:30,NQ09B SELL NY STOP,19329,2,773110,-59,-0.01,9,445.5,0.06,-54.5,-0.01,91030.5,36.41,0
2042,Entry short,2025-04-02 09:30,[CC] SELL NY,19327.75,2,773110,-59,-0.01,9,445.5,0.06,-54.5,-0.01,91030.5,36.41,0
2043,Exit short,2025-04-02 18:00,NQ09B SELL WEEKDAY 1800 STOP,19021,2,760790,-59,-0.01,9,0,0.00,-54.5,-0.01,90971.5,36.39,0
2043,Entry short,2025-04-02 18:00,[CC] SELL PREMIUM,19019.75,2,760790,-59,-0.01,9,0,0.00,-54.5,-0.01,90971.5,36.39,0
2044,Exit short,2025-04-03 09:30,NQ09B SELL NY STOP,18925.25,2,756960,-59,-0.01,9,505.5,0.07,-54.5,-0.01,90912.5,36.36,0
2044,Entry short,2025-04-03 09:30,[CC] SELL NY,18924,2,756960,-59,-0.01,9,505.5,0.07,-54.5,-0.01,90912.5,36.36,0
2045,Exit short,2025-04-03 18:00,NQ09B SELL WEEKDAY 1800 STOP,18661,1,373195,-29.5,-0.01,4.5,97.75,0.03,-27.25,-0.01,90883,36.35,0
2045,Entry short,2025-04-03 18:00,[CC] SELL WEAK,18659.75,1,373195,-29.5,-0.01,4.5,97.75,0.03,-27.25,-0.01,90883,36.35,0
2046,Exit short,2025-04-04 09:30,NQ09B SELL NY N130 TP2,18140.75,2,726170,531,0.07,9,535.5,0.07,-14.5,0.00,91414,36.57,0
2046,Entry short,2025-04-04 09:30,[CC] SELL NY,18154.25,2,726170,531,0.07,9,535.5,0.07,-14.5,0.00,91414,36.57,0
2047,Exit short,2025-04-06 18:00,NQ09B SELL WEEKLY W80,17091.75,2,683990,311,0.05,9,315.5,0.05,-14.5,0.00,91725,36.69,0
2047,Entry short,2025-04-06 18:00,[CC] SELL WEEKLY,17099.75,2,683990,311,0.05,9,315.5,0.05,-14.5,0.00,91725,36.69,0
2048,Exit short,2025-04-07 09:30,NQ09B SELL NY STOP,16926,2,676990,-59,-0.01,9,0,0.00,-54.5,-0.01,91666,36.67,0
2048,Entry short,2025-04-07 09:30,[CC] SELL NY,16924.75,2,676990,-59,-0.01,9,0,0.00,-54.5,-0.01,91666,36.67,0
2049,Exit short,2025-04-07 18:00,NQ09B SELL WEEKDAY 1800 D80,17656.5,2,706590,321,0.05,9,325.5,0.05,-14.5,0.00,91987,36.79,0
2049,Entry short,2025-04-07 18:00,[CC] SELL PREMIUM,17664.75,2,706590,321,0.05,9,325.5,0.05,-14.5,0.00,91987,36.79,0
2050,Exit short,2025-04-08 09:30,NQ09B SELL NY N130 TP2,18136.75,2,726010,531,0.07,9,535.5,0.07,-14.5,0.00,92518,37.01,0
2050,Entry short,2025-04-08 09:30,[CC] SELL NY,18150.25,2,726010,531,0.07,9,535.5,0.07,-14.5,0.00,92518,37.01,0
2051,Exit short,2025-04-08 18:00,NQ09B SELL WEEKDAY 1800 STOP,17221.25,1,344400,-29.5,-0.01,4.5,0,0.00,-27.25,-0.01,92488.5,37.00,0
2051,Entry short,2025-04-08 18:00,[CC] SELL WEAK,17220,1,344400,-29.5,-0.01,4.5,0,0.00,-27.25,-0.01,92488.5,37.00,0
2052,Exit short,2025-04-09 09:30,NQ09B SELL NY STOP,17209.5,2,688330,-59,-0.01,9,235.5,0.03,-54.5,-0.01,92429.5,36.97,0
2052,Entry short,2025-04-09 09:30,[CC] SELL NY,17208.25,2,688330,-59,-0.01,9,235.5,0.03,-54.5,-0.01,92429.5,36.97,0
2053,Exit short,2025-04-09 18:00,NQ09B SELL WEEKDAY 1800 D80,19257.75,2,770660,341,0.04,9,345.5,0.04,-14.5,0.00,92770.5,37.11,0
2053,Entry short,2025-04-09 18:00,[CC] SELL PREMIUM,19266.5,2,770660,341,0.04,9,345.5,0.04,-14.5,0.00,92770.5,37.11,0
2054,Exit short,2025-04-10 09:30,NQ09B SELL NY N130 TP2,18776.75,2,751620,541,0.07,9,545.5,0.07,-14.5,0.00,93311.5,37.32,0
2054,Entry short,2025-04-10 09:30,[CC] SELL NY,18790.5,2,751620,541,0.07,9,545.5,0.07,-14.5,0.00,93311.5,37.32,0
2055,Exit short,2025-04-10 18:00,NQ09B SELL WEEKDAY 1800 STOP,18465.75,1,369290,-29.5,-0.01,4.5,0,0.00,-27.25,-0.01,93282,37.31,0
2055,Entry short,2025-04-10 18:00,[CC] SELL WEAK,18464.5,1,369290,-29.5,-0.01,4.5,0,0.00,-27.25,-0.01,93282,37.31,0
2056,Exit short,2025-04-11 09:30,NQ09B SELL NY STOP,18416.5,2,736610,-59,-0.01,9,0,0.00,-54.5,-0.01,93223,37.29,0
2056,Entry short,2025-04-11 09:30,[CC] SELL NY,18415.25,2,736610,-59,-0.01,9,0,0.00,-54.5,-0.01,93223,37.29,0
2057,Exit short,2025-04-13 18:00,NQ09B SELL WEEKLY STOP,19226,2,768990,-59,-0.01,9,0,0.00,-54.5,-0.01,93164,37.27,0
2057,Entry short,2025-04-13 18:00,[CC] SELL WEEKLY,19224.75,2,768990,-59,-0.01,9,0,0.00,-54.5,-0.01,93164,37.27,0
2058,Exit short,2025-04-14 09:30,NQ09B SELL NY STOP,19233,2,769270,-59,-0.01,9,0,0.00,-54.5,-0.01,93105,37.24,0
2058,Entry short,2025-04-14 09:30,[CC] SELL NY,19231.75,2,769270,-59,-0.01,9,0,0.00,-54.5,-0.01,93105,37.24,0
2059,Exit short,2025-04-14 18:00,NQ09B SELL WEEKDAY 1800 STOP,18903.5,1,378045,-29.5,-0.01,4.5,0,0.00,-27.25,-0.01,93075.5,37.23,0
2059,Entry short,2025-04-14 18:00,[CC] SELL WEAK,18902.25,1,378045,-29.5,-0.01,4.5,0,0.00,-27.25,-0.01,93075.5,37.23,0
2060,Exit short,2025-04-15 09:30,NQ09B SELL NY N130 TP2,18972.5,2,759460,551,0.07,9,555.5,0.07,-14.5,0.00,93626.5,37.45,0
2060,Entry short,2025-04-15 09:30,[CC] SELL NY,18986.5,2,759460,551,0.07,9,555.5,0.07,-14.5,0.00,93626.5,37.45,0
2061,Exit short,2025-04-16 09:30,NQ09B SELL NY STOP,18585.25,2,743360,-59,-0.01,9,425.5,0.06,-54.5,-0.01,93567.5,37.43,0
2061,Entry short,2025-04-16 09:30,[CC] SELL NY,18584,2,743360,-59,-0.01,9,425.5,0.06,-54.5,-0.01,93567.5,37.43,0
2062,Exit short,2025-04-16 18:00,NQ09B SELL WEEKDAY 1800 STOP,18392.25,1,367820,-29.5,-0.01,4.5,117.75,0.03,-27.25,-0.01,93538,37.42,0
2062,Entry short,2025-04-16 18:00,[CC] SELL WEAK,18391,1,367820,-29.5,-0.01,4.5,117.75,0.03,-27.25,-0.01,93538,37.42,0
2063,Exit short,2025-04-17 09:30,NQ09B SELL NY STOP,18499.25,2,739920,-59,-0.01,9,0,0.00,-54.5,-0.01,93479,37.39,0
2063,Entry short,2025-04-17 09:30,[CC] SELL NY,18498,2,739920,-59,-0.01,9,0,0.00,-54.5,-0.01,93479,37.39,0
2064,Exit short,2025-04-20 18:00,NQ09B SELL WEEKLY W80,18297.5,2,732240,331,0.05,9,335.5,0.05,-14.5,0.00,93810,37.52,0
2064,Entry short,2025-04-20 18:00,[CC] SELL WEEKLY,18306,2,732240,331,0.05,9,335.5,0.05,-14.5,0.00,93810,37.52,0
2065,Exit short,2025-04-21 09:30,NQ09B SELL NY STOP,18130.25,2,725160,-59,-0.01,9,195.5,0.03,-54.5,-0.01,93751,37.50,0
2065,Entry short,2025-04-21 09:30,[CC] SELL NY,18129,2,725160,-59,-0.01,9,195.5,0.03,-54.5,-0.01,93751,37.50,0
2066,Exit short,2025-04-22 09:30,NQ09B SELL NY STOP,18153.25,2,726080,-59,-0.01,9,0,0.00,-54.5,-0.01,93692,37.48,0
2066,Entry short,2025-04-22 09:30,[CC] SELL NY,18152,2,726080,-59,-0.01,9,0,0.00,-54.5,-0.01,93692,37.48,0
2067,Exit short,2025-04-23 09:30,NQ09B SELL NY STOP,18950,2,757950,-59,-0.01,9,395.5,0.05,-54.5,-0.01,93633,37.45,0
2067,Entry short,2025-04-23 09:30,[CC] SELL NY,18948.75,2,757950,-59,-0.01,9,395.5,0.05,-54.5,-0.01,93633,37.45,0
2068,Exit short,2025-04-23 18:00,NQ09B SELL WEEKDAY 1800 STOP,18827.5,1,376525,-29.5,-0.01,4.5,0,0.00,-27.25,-0.01,93603.5,37.44,0
2068,Entry short,2025-04-23 18:00,[CC] SELL WEAK,18826.25,1,376525,-29.5,-0.01,4.5,0,0.00,-27.25,-0.01,93603.5,37.44,0
2069,Exit short,2025-04-24 09:30,NQ09B SELL NY STOP,18876.25,2,755000,-59,-0.01,9,0,0.00,-54.5,-0.01,93544.5,37.42,0
2069,Entry short,2025-04-24 09:30,[CC] SELL NY,18875,2,755000,-59,-0.01,9,0,0.00,-54.5,-0.01,93544.5,37.42,0
2070,Exit short,2025-04-24 18:00,NQ09B SELL WEEKDAY 1800 STOP,19406,1,388095,-29.5,-0.01,4.5,0,0.00,-27.25,-0.01,93515,37.41,0
2070,Entry short,2025-04-24 18:00,[CC] SELL WEAK,19404.75,1,388095,-29.5,-0.01,4.5,0,0.00,-27.25,-0.01,93515,37.41,0
2071,Exit short,2025-04-25 09:30,NQ09B SELL NY STOP,19303,2,772070,-59,-0.01,9,0,0.00,-54.5,-0.01,93456,37.38,0
2071,Entry short,2025-04-25 09:30,[CC] SELL NY,19301.75,2,772070,-59,-0.01,9,0,0.00,-54.5,-0.01,93456,37.38,0
2072,Exit short,2025-04-27 18:00,NQ09B SELL WEEKLY W80,19515.5,2,780970,341,0.04,9,345.5,0.04,-14.5,0.00,93797,37.52,0
2072,Entry short,2025-04-27 18:00,[CC] SELL WEEKLY,19524.25,2,780970,341,0.04,9,345.5,0.04,-14.5,0.00,93797,37.52,0
2073,Exit short,2025-04-28 09:30,NQ09B SELL NY STOP,19549.25,2,781920,-59,-0.01,9,0,0.00,-54.5,-0.01,93738,37.50,0
2073,Entry short,2025-04-28 09:30,[CC] SELL NY,19548,2,781920,-59,-0.01,9,0,0.00,-54.5,-0.01,93738,37.50,0
2074,Exit short,2025-04-29 09:30,NQ09B SELL NY N130 TP2,19412.5,2,777060,551,0.07,9,555.5,0.07,-14.5,0.00,94289,37.72,0
2074,Entry short,2025-04-29 09:30,[CC] SELL NY,19426.5,2,777060,551,0.07,9,555.5,0.07,-14.5,0.00,94289,37.72,0
2075,Exit short,2025-04-29 18:00,NQ09B SELL WEEKDAY 1800 D80,19590.5,1,391990,175.5,0.04,4.5,177.75,0.05,-7.25,0.00,94464.5,37.79,0
2075,Entry short,2025-04-29 18:00,[CC] SELL WEAK,19599.5,1,391990,175.5,0.04,4.5,177.75,0.05,-7.25,0.00,94464.5,37.79,0
2076,Exit short,2025-04-30 09:30,NQ09B SELL NY STOP,19302.25,2,772040,-59,-0.01,9,0,0.00,-54.5,-0.01,94405.5,37.76,0
2076,Entry short,2025-04-30 09:30,[CC] SELL NY,19301,2,772040,-59,-0.01,9,0,0.00,-54.5,-0.01,94405.5,37.76,0
2077,Exit short,2025-04-30 18:00,NQ09B SELL WEEKDAY 1800 D80,19824.75,2,793350,351,0.04,9,355.5,0.04,-14.5,0.00,94756.5,37.90,0
2077,Entry short,2025-04-30 18:00,[CC] SELL PREMIUM,19833.75,2,793350,351,0.04,9,355.5,0.04,-14.5,0.00,94756.5,37.90,0
2078,Exit short,2025-05-01 09:30,NQ09B SELL NY STOP,19972,2,798830,-59,-0.01,9,0,0.00,-54.5,-0.01,94697.5,37.88,0
2078,Entry short,2025-05-01 09:30,[CC] SELL NY,19970.75,2,798830,-59,-0.01,9,0,0.00,-54.5,-0.01,94697.5,37.88,0
2079,Exit short,2025-05-01 18:00,NQ09B SELL WEEKDAY 1800 STOP,19783.5,2,791290,-59,-0.01,9,0,0.00,-54.5,-0.01,94638.5,37.86,0
2079,Entry short,2025-05-01 18:00,[CC] SELL PREMIUM,19782.25,2,791290,-59,-0.01,9,0,0.00,-54.5,-0.01,94638.5,37.86,0
2080,Exit short,2025-05-02 09:30,NQ09B SELL NY N130 TP2,20076.25,2,803630,571,0.07,9,575.5,0.07,-14.5,0.00,95209.5,38.08,0
2080,Entry short,2025-05-02 09:30,[CC] SELL NY,20090.75,2,803630,571,0.07,9,575.5,0.07,-14.5,0.00,95209.5,38.08,0
2081,Exit short,2025-05-04 18:00,NQ09B SELL WEEKLY STOP,20182.5,2,807250,-59,-0.01,9,0,0.00,-54.5,-0.01,95150.5,38.06,0
2081,Entry short,2025-05-04 18:00,[CC] SELL WEEKLY,20181.25,2,807250,-59,-0.01,9,0,0.00,-54.5,-0.01,95150.5,38.06,0
2082,Exit short,2025-05-05 09:30,NQ09B SELL NY N130 TP2,19995.5,2,800400,571,0.07,9,575.5,0.07,-14.5,0.00,95721.5,38.29,0
2082,Entry short,2025-05-05 09:30,[CC] SELL NY,20010,2,800400,571,0.07,9,575.5,0.07,-14.5,0.00,95721.5,38.29,0
2083,Exit short,2025-05-06 09:30,NQ09B SELL NY N130 TP2,19780.75,2,791810,571,0.07,9,575.5,0.07,-14.5,0.00,96292.5,38.52,0
2083,Entry short,2025-05-06 09:30,[CC] SELL NY,19795.25,2,791810,571,0.07,9,575.5,0.07,-14.5,0.00,96292.5,38.52,0
2084,Exit short,2025-05-06 18:00,NQ09B SELL WEEKDAY 1800 D80,19799.75,1,396175,175.5,0.04,4.5,177.75,0.04,-7.25,0.00,96468,38.59,0
2084,Entry short,2025-05-06 18:00,[CC] SELL WEAK,19808.75,1,396175,175.5,0.04,4.5,177.75,0.04,-7.25,0.00,96468,38.59,0
2085,Exit short,2025-05-07 09:30,NQ09B SELL NY STOP,19900.5,2,795970,-59,-0.01,9,0,0.00,-54.5,-0.01,96409,38.56,0
2085,Entry short,2025-05-07 09:30,[CC] SELL NY,19899.25,2,795970,-59,-0.01,9,0,0.00,-54.5,-0.01,96409,38.56,0
2086,Exit short,2025-05-08 09:30,NQ09B SELL NY STOP,20164,2,806510,-59,-0.01,9,0,0.00,-54.5,-0.01,96350,38.54,0
2086,Entry short,2025-05-08 09:30,[CC] SELL NY,20162.75,2,806510,-59,-0.01,9,0,0.00,-54.5,-0.01,96350,38.54,0
2087,Exit short,2025-05-09 09:30,NQ09B SELL NY STOP,20228,2,809070,-59,-0.01,9,15.5,0.00,-54.5,-0.01,96291,38.52,0
2087,Entry short,2025-05-09 09:30,[CC] SELL NY,20226.75,2,809070,-59,-0.01,9,15.5,0.00,-54.5,-0.01,96291,38.52,0
2088,Exit short,2025-05-11 18:00,NQ09B SELL WEEKLY STOP,20399.5,2,815930,-59,-0.01,9,45.5,0.01,-54.5,-0.01,96232,38.49,0
2088,Entry short,2025-05-11 18:00,[CC] SELL WEEKLY,20398.25,2,815930,-59,-0.01,9,45.5,0.01,-54.5,-0.01,96232,38.49,0
2089,Exit short,2025-05-12 09:30,NQ09B SELL NY STOP,20920,2,836750,-59,-0.01,9,0,0.00,-54.5,-0.01,96173,38.47,0
2089,Entry short,2025-05-12 09:30,[CC] SELL NY,20918.75,2,836750,-59,-0.01,9,0,0.00,-54.5,-0.01,96173,38.47,0
2090,Exit short,2025-05-13 09:30,NQ09B SELL NY N130 TP2,20989.25,2,840170,591,0.07,9,595.5,0.07,-14.5,0.00,96764,38.71,0
2090,Entry short,2025-05-13 09:30,[CC] SELL NY,21004.25,2,840170,591,0.07,9,595.5,0.07,-14.5,0.00,96764,38.71,0
2091,Exit short,2025-05-14 09:30,NQ09B SELL NY STOP,21315.75,2,852580,-59,-0.01,9,5.5,0.00,-54.5,-0.01,96705,38.68,0
2091,Entry short,2025-05-14 09:30,[CC] SELL NY,21314.5,2,852580,-59,-0.01,9,5.5,0.00,-54.5,-0.01,96705,38.68,0
2092,Exit short,2025-05-15 09:30,NQ09B SELL NY N130 TP2,21287.25,2,852090,591,0.07,9,595.5,0.07,-14.5,0.00,97296,38.92,0
2092,Entry short,2025-05-15 09:30,[CC] SELL NY,21302.25,2,852090,591,0.07,9,595.5,0.07,-14.5,0.00,97296,38.92,0
2093,Exit short,2025-05-16 09:30,NQ09B SELL NY STOP,21468.5,2,858690,-59,-0.01,9,0,0.00,-54.5,-0.01,97237,38.89,0
2093,Entry short,2025-05-16 09:30,[CC] SELL NY,21467.25,2,858690,-59,-0.01,9,0,0.00,-54.5,-0.01,97237,38.89,0
2094,Exit short,2025-05-18 18:00,NQ09B SELL WEEKLY W80,21301.25,2,852420,361,0.04,9,365.5,0.04,-14.5,0.00,97598,39.04,0
2094,Entry short,2025-05-18 18:00,[CC] SELL WEEKLY,21310.5,2,852420,361,0.04,9,365.5,0.04,-14.5,0.00,97598,39.04,0
2095,Exit short,2025-05-19 09:30,NQ09B SELL NY STOP,21204.25,2,848120,-59,-0.01,9,25.5,0.00,-54.5,-0.01,97539,39.02,0
2095,Entry short,2025-05-19 09:30,[CC] SELL NY,21203,2,848120,-59,-0.01,9,25.5,0.00,-54.5,-0.01,97539,39.02,0
2096,Exit short,2025-05-20 09:30,NQ09B SELL NY STOP,21414,2,856510,-59,-0.01,9,225.5,0.03,-54.5,-0.01,97480,38.99,0
2096,Entry short,2025-05-20 09:30,[CC] SELL NY,21412.75,2,856510,-59,-0.01,9,225.5,0.03,-54.5,-0.01,97480,38.99,0
2097,Exit short,2025-05-21 09:30,NQ09B SELL NY STOP,21279.75,2,851140,-59,-0.01,9,55.5,0.01,-54.5,-0.01,97421,38.97,0
2097,Entry short,2025-05-21 09:30,[CC] SELL NY,21278.5,2,851140,-59,-0.01,9,55.5,0.01,-54.5,-0.01,97421,38.97,0
2098,Exit short,2025-05-22 09:30,NQ09B SELL NY STOP,21172.25,2,846840,-59,-0.01,9,0,0.00,-54.5,-0.01,97362,38.94,0
2098,Entry short,2025-05-22 09:30,[CC] SELL NY,21171,2,846840,-59,-0.01,9,0,0.00,-54.5,-0.01,97362,38.94,0
2099,Exit short,2025-05-22 18:00,NQ09B SELL WEEKDAY 1800 STOP,21224.75,1,424470,-29.5,-0.01,4.5,0,0.00,-27.25,-0.01,97332.5,38.93,0
2099,Entry short,2025-05-22 18:00,[CC] SELL WEAK,21223.5,1,424470,-29.5,-0.01,4.5,0,0.00,-27.25,-0.01,97332.5,38.93,0
2100,Exit short,2025-05-23 09:30,NQ09B SELL NY N130 TP2,20834,2,833950,581,0.07,9,585.5,0.07,-14.5,0.00,97913.5,39.17,0
2100,Entry short,2025-05-23 09:30,[CC] SELL NY,20848.75,2,833950,581,0.07,9,585.5,0.07,-14.5,0.00,97913.5,39.17,0
2101,Exit short,2025-05-25 18:00,NQ09B SELL WEEKLY W80,20968.5,2,839110,361,0.04,9,365.5,0.04,-14.5,0.00,98274.5,39.31,0
2101,Entry short,2025-05-25 18:00,[CC] SELL WEEKLY,20977.75,2,839110,361,0.04,9,365.5,0.04,-14.5,0.00,98274.5,39.31,0
2102,Exit short,2025-05-26 09:30,NQ09B SELL NY STOP,21261,2,850390,-59,-0.01,9,35.5,0.00,-54.5,-0.01,98215.5,39.29,0
2102,Entry short,2025-05-26 09:30,[CC] SELL NY,21259.75,2,850390,-59,-0.01,9,35.5,0.00,-54.5,-0.01,98215.5,39.29,0
2103,Exit short,2025-05-27 09:30,NQ09B SELL NY STOP,21260.5,2,850370,-59,-0.01,9,0,0.00,-54.5,-0.01,98156.5,39.26,0
2103,Entry short,2025-05-27 09:30,[CC] SELL NY,21259.25,2,850370,-59,-0.01,9,0,0.00,-54.5,-0.01,98156.5,39.26,0
2104,Exit short,2025-05-28 09:30,NQ09B SELL NY STOP,21506.25,2,860200,-59,-0.01,9,575.5,0.07,-54.5,-0.01,98097.5,39.24,0
2104,Entry short,2025-05-28 09:30,[CC] SELL NY,21505,2,860200,-59,-0.01,9,575.5,0.07,-54.5,-0.01,98097.5,39.24,0
2105,Exit short,2025-05-28 18:00,NQ09B SELL WEEKDAY 1800 STOP,21514,2,860510,-59,-0.01,9,0,0.00,-54.5,-0.01,98038.5,39.22,0
2105,Entry short,2025-05-28 18:00,[CC] SELL PREMIUM,21512.75,2,860510,-59,-0.01,9,0,0.00,-54.5,-0.01,98038.5,39.22,0
2106,Exit short,2025-05-29 09:30,NQ09B SELL NY STOP,21675.25,2,866960,-59,-0.01,9,0,0.00,-54.5,-0.01,97979.5,39.19,0
2106,Entry short,2025-05-29 09:30,[CC] SELL NY,21674,2,866960,-59,-0.01,9,0,0.00,-54.5,-0.01,97979.5,39.19,0
2107,Exit short,2025-05-29 18:00,NQ09B SELL WEEKDAY 1800 STOP,21372.25,1,427420,-29.5,-0.01,4.5,0,0.00,-27.25,-0.01,97950,39.18,0
2107,Entry short,2025-05-29 18:00,[CC] SELL WEAK,21371,1,427420,-29.5,-0.01,4.5,0,0.00,-27.25,-0.01,97950,39.18,0
2108,Exit short,2025-05-30 09:30,NQ09B SELL NY STOP,21383,2,855270,-59,-0.01,9,0,0.00,-54.5,-0.01,97891,39.16,0
2108,Entry short,2025-05-30 09:30,[CC] SELL NY,21381.75,2,855270,-59,-0.01,9,0,0.00,-54.5,-0.01,97891,39.16,0
2109,Exit short,2025-06-01 18:00,NQ09B SELL WEEKLY STOP,21304.75,2,852140,-59,-0.01,9,325.5,0.04,-54.5,-0.01,97832,39.13,0
2109,Entry short,2025-06-01 18:00,[CC] SELL WEEKLY,21303.5,2,852140,-59,-0.01,9,325.5,0.04,-54.5,-0.01,97832,39.13,0
2110,Exit short,2025-06-02 09:30,NQ09B SELL NY STOP,21288.75,2,851500,-59,-0.01,9,25.5,0.00,-54.5,-0.01,97773,39.11,0
2110,Entry short,2025-06-02 09:30,[CC] SELL NY,21287.5,2,851500,-59,-0.01,9,25.5,0.00,-54.5,-0.01,97773,39.11,0
2111,Exit short,2025-06-03 09:30,NQ09B SELL NY N130 TP2,21531.75,2,861870,591,0.07,9,595.5,0.07,-14.5,0.00,98364,39.35,0
2111,Entry short,2025-06-03 09:30,[CC] SELL NY,21546.75,2,861870,591,0.07,9,595.5,0.07,-14.5,0.00,98364,39.35,0
2112,Exit short,2025-06-03 18:00,NQ09B SELL WEEKDAY 1800 STOP,21689.25,1,433760,-29.5,-0.01,4.5,77.75,0.02,-27.25,-0.01,98334.5,39.33,0
2112,Entry short,2025-06-03 18:00,[CC] SELL WEAK,21688,1,433760,-29.5,-0.01,4.5,77.75,0.02,-27.25,-0.01,98334.5,39.33,0
2113,Exit short,2025-06-04 09:30,NQ09B SELL NY STOP,21726.75,2,869020,-59,-0.01,9,345.5,0.04,-54.5,-0.01,98275.5,39.31,0
2113,Entry short,2025-06-04 09:30,[CC] SELL NY,21725.5,2,869020,-59,-0.01,9,345.5,0.04,-54.5,-0.01,98275.5,39.31,0
2114,Exit short,2025-06-05 09:30,NQ09B SELL NY STOP,21813.25,2,872480,-59,-0.01,9,0,0.00,-54.5,-0.01,98216.5,39.29,0
2114,Entry short,2025-06-05 09:30,[CC] SELL NY,21812,2,872480,-59,-0.01,9,0,0.00,-54.5,-0.01,98216.5,39.29,0
2115,Exit short,2025-06-05 18:00,NQ09B SELL WEEKDAY 1800 STOP,21472,2,858830,-59,-0.01,9,0,0.00,-54.5,-0.01,98157.5,39.26,0
2115,Entry short,2025-06-05 18:00,[CC] SELL PREMIUM,21470.75,2,858830,-59,-0.01,9,0,0.00,-54.5,-0.01,98157.5,39.26,0
2116,Exit short,2025-06-06 09:30,NQ09B SELL NY STOP,21798.75,2,871900,-59,-0.01,9,0,0.00,-54.5,-0.01,98098.5,39.24,0
2116,Entry short,2025-06-06 09:30,[CC] SELL NY,21797.5,2,871900,-59,-0.01,9,0,0.00,-54.5,-0.01,98098.5,39.24,0
2117,Exit short,2025-06-08 18:00,NQ09B SELL WEEKLY STOP,21800.25,2,871960,-59,-0.01,9,155.5,0.02,-54.5,-0.01,98039.5,39.22,0
2117,Entry short,2025-06-08 18:00,[CC] SELL WEEKLY,21799,2,871960,-59,-0.01,9,155.5,0.02,-54.5,-0.01,98039.5,39.22,0
2118,Exit short,2025-06-09 09:30,NQ09B SELL NY STOP,21798.5,2,871890,-59,-0.01,9,0,0.00,-54.5,-0.01,97980.5,39.19,0
2118,Entry short,2025-06-09 09:30,[CC] SELL NY,21797.25,2,871890,-59,-0.01,9,0,0.00,-54.5,-0.01,97980.5,39.19,0
2119,Exit short,2025-06-10 09:30,NQ09B SELL NY N130 TP2,21820.5,2,873440,611,0.07,9,615.5,0.07,-14.5,0.00,98591.5,39.44,0
2119,Entry short,2025-06-10 09:30,[CC] SELL NY,21836,2,873440,611,0.07,9,615.5,0.07,-14.5,0.00,98591.5,39.44,0
2120,Exit short,2025-06-11 09:30,NQ09B SELL NY STOP,22018.25,2,880680,-59,-0.01,9,0,0.00,-54.5,-0.01,98532.5,39.41,0
2120,Entry short,2025-06-11 09:30,[CC] SELL NY,22017,2,880680,-59,-0.01,9,0,0.00,-54.5,-0.01,98532.5,39.41,0
2121,Exit short,2025-06-11 18:00,NQ09B SELL WEEKDAY 1800 STOP,21872,1,437415,-29.5,-0.01,4.5,0,0.00,-27.25,-0.01,98503,39.40,0
2121,Entry short,2025-06-11 18:00,[CC] SELL WEAK,21870.75,1,437415,-29.5,-0.01,4.5,0,0.00,-27.25,-0.01,98503,39.40,0
2122,Exit short,2025-06-12 09:30,NQ09B SELL NY STOP,21830.5,2,873170,-59,-0.01,9,425.5,0.05,-54.5,-0.01,98444,39.38,0
2122,Entry short,2025-06-12 09:30,[CC] SELL NY,21829.25,2,873170,-59,-0.01,9,425.5,0.05,-54.5,-0.01,98444,39.38,0
2123,Exit short,2025-06-13 09:30,NQ09B SELL NY N130 TP2,21664,2,867180,611,0.07,9,615.5,0.07,-14.5,0.00,99055,39.62,0
2123,Entry short,2025-06-13 09:30,[CC] SELL NY,21679.5,2,867180,611,0.07,9,615.5,0.07,-14.5,0.00,99055,39.62,0
2124,Exit short,2025-06-15 18:00,NQ09B SELL WEEKLY W80,21762.75,2,870890,371,0.04,9,375.5,0.04,-14.5,0.00,99426,39.77,0
2124,Entry short,2025-06-15 18:00,[CC] SELL WEEKLY,21772.25,2,870890,371,0.04,9,375.5,0.04,-14.5,0.00,99426,39.77,0
2125,Exit short,2025-06-16 09:30,NQ09B SELL NY STOP,22015.5,2,880570,-59,-0.01,9,5.5,0.00,-54.5,-0.01,99367,39.75,0
2125,Entry short,2025-06-16 09:30,[CC] SELL NY,22014.25,2,880570,-59,-0.01,9,5.5,0.00,-54.5,-0.01,99367,39.75,0
2126,Exit short,2025-06-17 09:30,NQ09B SELL NY STOP,22065,2,882550,-59,-0.01,9,325.5,0.04,-54.5,-0.01,99308,39.72,0
2126,Entry short,2025-06-17 09:30,[CC] SELL NY,22063.75,2,882550,-59,-0.01,9,325.5,0.04,-54.5,-0.01,99308,39.72,0
2127,Exit short,2025-06-17 18:00,NQ09B SELL WEEKDAY 1800 STOP,21928.5,1,438545,-29.5,-0.01,4.5,0,0.00,-27.25,-0.01,99278.5,39.71,0
2127,Entry short,2025-06-17 18:00,[CC] SELL WEAK,21927.25,1,438545,-29.5,-0.01,4.5,0,0.00,-27.25,-0.01,99278.5,39.71,0
2128,Exit short,2025-06-18 09:30,NQ09B SELL NY STOP,21994,2,879710,-59,-0.01,9,0,0.00,-54.5,-0.01,99219.5,39.69,0
2128,Entry short,2025-06-18 09:30,[CC] SELL NY,21992.75,2,879710,-59,-0.01,9,0,0.00,-54.5,-0.01,99219.5,39.69,0
2129,Exit short,2025-06-18 18:00,NQ09B SELL WEEKDAY 1800 STOP,21957.75,1,439130,-29.5,-0.01,4.5,112.75,0.03,-27.25,-0.01,99190,39.68,0
2129,Entry short,2025-06-18 18:00,[CC] SELL WEAK,21956.5,1,439130,-29.5,-0.01,4.5,112.75,0.03,-27.25,-0.01,99190,39.68,0
2130,Exit short,2025-06-19 09:30,NQ09B SELL NY STOP,21785.5,2,871370,-59,-0.01,9,0,0.00,-54.5,-0.01,99131,39.65,0
2130,Entry short,2025-06-19 09:30,[CC] SELL NY,21784.25,2,871370,-59,-0.01,9,0,0.00,-54.5,-0.01,99131,39.65,0
2131,Exit short,2025-06-19 18:00,NQ09B SELL WEEKDAY 1800 STOP,21749.25,1,434960,-29.5,-0.01,4.5,42.75,0.01,-27.25,-0.01,99101.5,39.64,0
2131,Entry short,2025-06-19 18:00,[CC] SELL WEAK,21748,1,434960,-29.5,-0.01,4.5,42.75,0.01,-27.25,-0.01,99101.5,39.64,0
2132,Exit short,2025-06-20 09:30,NQ09B SELL NY STOP,22076,2,882990,-59,-0.01,9,0,0.00,-54.5,-0.01,99042.5,39.62,0
2132,Entry short,2025-06-20 09:30,[CC] SELL NY,22074.75,2,882990,-59,-0.01,9,0,0.00,-54.5,-0.01,99042.5,39.62,0
2133,Exit short,2025-06-22 18:00,NQ09B SELL WEEKLY STOP,21649.25,2,865920,-59,-0.01,9,0,0.00,-54.5,-0.01,98983.5,39.59,0
2133,Entry short,2025-06-22 18:00,[CC] SELL WEEKLY,21648,2,865920,-59,-0.01,9,0,0.00,-54.5,-0.01,98983.5,39.59,0
2134,Exit short,2025-06-23 09:30,NQ09B SELL NY STOP,21870.25,2,874760,-59,-0.01,9,0,0.00,-54.5,-0.01,98924.5,39.57,0
2134,Entry short,2025-06-23 09:30,[CC] SELL NY,21869,2,874760,-59,-0.01,9,0,0.00,-54.5,-0.01,98924.5,39.57,0
2135,Exit short,2025-06-24 09:30,NQ09B SELL NY N130 TP2,22270.25,2,891440,621,0.07,9,625.5,0.07,-14.5,0.00,99545.5,39.82,0
2135,Entry short,2025-06-24 09:30,[CC] SELL NY,22286,2,891440,621,0.07,9,625.5,0.07,-14.5,0.00,99545.5,39.82,0
2136,Exit short,2025-06-25 09:30,NQ09B SELL NY STOP,22500,2,899950,-59,-0.01,9,225.5,0.03,-54.5,-0.01,99486.5,39.79,0
2136,Entry short,2025-06-25 09:30,[CC] SELL NY,22498.75,2,899950,-59,-0.01,9,225.5,0.03,-54.5,-0.01,99486.5,39.79,0
2137,Exit short,2025-06-26 09:30,NQ09B SELL NY STOP,22553.25,2,902080,-59,-0.01,9,0,0.00,-54.5,-0.01,99427.5,39.77,0
2137,Entry short,2025-06-26 09:30,[CC] SELL NY,22552,2,902080,-59,-0.01,9,0,0.00,-54.5,-0.01,99427.5,39.77,0
2138,Exit short,2025-06-27 09:30,NQ09B SELL NY STOP,22708.5,2,908290,-59,-0.01,9,0,0.00,-54.5,-0.01,99368.5,39.75,0
2138,Entry short,2025-06-27 09:30,[CC] SELL NY,22707.25,2,908290,-59,-0.01,9,0,0.00,-54.5,-0.01,99368.5,39.75,0
2139,Exit short,2025-06-29 18:00,NQ09B SELL WEEKLY STOP,22752.5,2,910050,-59,-0.01,9,0,0.00,-54.5,-0.01,99309.5,39.72,0
2139,Entry short,2025-06-29 18:00,[CC] SELL WEEKLY,22751.25,2,910050,-59,-0.01,9,0,0.00,-54.5,-0.01,99309.5,39.72,0
2140,Exit short,2025-06-30 09:30,NQ09B SELL NY STOP,22872.75,2,914860,-59,-0.01,9,0,0.00,-54.5,-0.01,99250.5,39.70,0
2140,Entry short,2025-06-30 09:30,[CC] SELL NY,22871.5,2,914860,-59,-0.01,9,0,0.00,-54.5,-0.01,99250.5,39.70,0
2141,Exit short,2025-07-01 09:30,NQ09B SELL NY STOP,22803.25,2,912080,-59,-0.01,9,345.5,0.04,-54.5,-0.01,99191.5,39.68,0
2141,Entry short,2025-07-01 09:30,[CC] SELL NY,22802,2,912080,-59,-0.01,9,345.5,0.04,-54.5,-0.01,99191.5,39.68,0
2142,Exit short,2025-07-02 09:30,NQ09B SELL NY STOP,22655.25,2,906160,-59,-0.01,9,105.5,0.01,-54.5,-0.01,99132.5,39.65,0
2142,Entry short,2025-07-02 09:30,[CC] SELL NY,22654,2,906160,-59,-0.01,9,105.5,0.01,-54.5,-0.01,99132.5,39.65,0
2143,Exit short,2025-07-02 18:00,NQ09B SELL WEEKDAY 1800 STOP,22846,1,456895,-29.5,-0.01,4.5,87.75,0.02,-27.25,-0.01,99103,39.64,0
2143,Entry short,2025-07-02 18:00,[CC] SELL WEAK,22844.75,1,456895,-29.5,-0.01,4.5,87.75,0.02,-27.25,-0.01,99103,39.64,0
2144,Exit short,2025-07-03 09:30,NQ09B SELL NY STOP,22933,2,917270,-59,-0.01,9,55.5,0.01,-54.5,-0.01,99044,39.62,0
2144,Entry short,2025-07-03 09:30,[CC] SELL NY,22931.75,2,917270,-59,-0.01,9,55.5,0.01,-54.5,-0.01,99044,39.62,0
2145,Exit short,2025-07-03 18:00,NQ09B SELL WEEKDAY 1800 STOP,23060.25,1,461180,-29.5,-0.01,4.5,0,0.00,-27.25,-0.01,99014.5,39.61,0
2145,Entry short,2025-07-03 18:00,[CC] SELL WEAK,23059,1,461180,-29.5,-0.01,4.5,0,0.00,-27.25,-0.01,99014.5,39.61,0
2146,Exit short,2025-07-04 09:30,NQ09B SELL NY STOP,22919,2,916710,-59,-0.01,9,0,0.00,-54.5,-0.01,98955.5,39.58,0
2146,Entry short,2025-07-04 09:30,[CC] SELL NY,22917.75,2,916710,-59,-0.01,9,0,0.00,-54.5,-0.01,98955.5,39.58,0
2147,Exit short,2025-07-06 18:00,NQ09B SELL WEEKLY W80,22960,2,918790,381,0.04,9,385.5,0.04,-14.5,0.00,99336.5,39.73,0
2147,Entry short,2025-07-06 18:00,[CC] SELL WEEKLY,22969.75,2,918790,381,0.04,9,385.5,0.04,-14.5,0.00,99336.5,39.73,0
2148,Exit short,2025-07-07 09:30,NQ09B SELL NY STOP,22944.25,2,917720,-59,-0.01,9,0,0.00,-54.5,-0.01,99277.5,39.71,0
2148,Entry short,2025-07-07 09:30,[CC] SELL NY,22943,2,917720,-59,-0.01,9,0,0.00,-54.5,-0.01,99277.5,39.71,0
2149,Exit short,2025-07-07 18:00,NQ09B SELL WEEKDAY 1800 STOP,22838.75,2,913500,-59,-0.01,9,355.5,0.04,-54.5,-0.01,99218.5,39.69,0
2149,Entry short,2025-07-07 18:00,[CC] SELL PREMIUM,22837.5,2,913500,-59,-0.01,9,355.5,0.04,-54.5,-0.01,99218.5,39.69,0
2150,Exit short,2025-07-08 09:30,NQ09B SELL NY STOP,22936.5,2,917410,-59,-0.01,9,0,0.00,-54.5,-0.01,99159.5,39.66,0
2150,Entry short,2025-07-08 09:30,[CC] SELL NY,22935.25,2,917410,-59,-0.01,9,0,0.00,-54.5,-0.01,99159.5,39.66,0
2151,Exit short,2025-07-09 09:30,NQ09B SELL NY STOP,22979.75,2,919140,-59,-0.01,9,15.5,0.00,-54.5,-0.01,99100.5,39.64,0
2151,Entry short,2025-07-09 09:30,[CC] SELL NY,22978.5,2,919140,-59,-0.01,9,15.5,0.00,-54.5,-0.01,99100.5,39.64,0
2152,Exit short,2025-07-10 09:30,NQ09B SELL NY STOP,23073.25,2,922880,-59,-0.01,9,0,0.00,-54.5,-0.01,99041.5,39.62,0
2152,Entry short,2025-07-10 09:30,[CC] SELL NY,23072,2,922880,-59,-0.01,9,0,0.00,-54.5,-0.01,99041.5,39.62,0
2153,Exit short,2025-07-11 09:30,NQ09B SELL NY STOP,22916.25,2,916600,-59,-0.01,9,225.5,0.02,-54.5,-0.01,98982.5,39.59,0
2153,Entry short,2025-07-11 09:30,[CC] SELL NY,22915,2,916600,-59,-0.01,9,225.5,0.02,-54.5,-0.01,98982.5,39.59,0
2154,Exit short,2025-07-13 18:00,NQ09B SELL WEEKLY STOP,22861.75,2,914420,-59,-0.01,9,0,0.00,-54.5,-0.01,98923.5,39.57,0
2154,Entry short,2025-07-13 18:00,[CC] SELL WEEKLY,22860.5,2,914420,-59,-0.01,9,0,0.00,-54.5,-0.01,98923.5,39.57,0
2155,Exit short,2025-07-14 09:30,NQ09B SELL NY N130 TP2,22926.5,2,917700,631,0.07,9,635.5,0.07,-14.5,0.00,99554.5,39.82,0
2155,Entry short,2025-07-14 09:30,[CC] SELL NY,22942.5,2,917700,631,0.07,9,635.5,0.07,-14.5,0.00,99554.5,39.82,0
2156,Exit short,2025-07-15 09:30,NQ09B SELL NY STOP,23201.25,2,928000,-59,-0.01,9,0,0.00,-54.5,-0.01,99495.5,39.80,0
2156,Entry short,2025-07-15 09:30,[CC] SELL NY,23200,2,928000,-59,-0.01,9,0,0.00,-54.5,-0.01,99495.5,39.80,0
2157,Exit short,2025-07-16 09:30,NQ09B SELL NY STOP,23075.25,2,922960,-59,-0.01,9,0,0.00,-54.5,-0.01,99436.5,39.77,0
2157,Entry short,2025-07-16 09:30,[CC] SELL NY,23074,2,922960,-59,-0.01,9,0,0.00,-54.5,-0.01,99436.5,39.77,0
2158,Exit short,2025-07-17 09:30,NQ09B SELL NY STOP,23101.25,2,924000,-59,-0.01,9,0,0.00,-54.5,-0.01,99377.5,39.75,0
2158,Entry short,2025-07-17 09:30,[CC] SELL NY,23100,2,924000,-59,-0.01,9,0,0.00,-54.5,-0.01,99377.5,39.75,0
2159,Exit short,2025-07-18 09:30,NQ09B SELL NY STOP,23302,2,932030,-59,-0.01,9,0,0.00,-54.5,-0.01,99318.5,39.73,0
2159,Entry short,2025-07-18 09:30,[CC] SELL NY,23300.75,2,932030,-59,-0.01,9,0,0.00,-54.5,-0.01,99318.5,39.73,0
2160,Exit short,2025-07-20 18:00,NQ09B SELL WEEKLY STOP,23233.5,2,929290,-59,-0.01,9,0,0.00,-54.5,-0.01,99259.5,39.70,0
2160,Entry short,2025-07-20 18:00,[CC] SELL WEEKLY,23232.25,2,929290,-59,-0.01,9,0,0.00,-54.5,-0.01,99259.5,39.70,0
2161,Exit short,2025-07-21 09:30,NQ09B SELL NY STOP,23257.25,2,930240,-59,-0.01,9,25.5,0.00,-54.5,-0.01,99200.5,39.68,0
2161,Entry short,2025-07-21 09:30,[CC] SELL NY,23256,2,930240,-59,-0.01,9,25.5,0.00,-54.5,-0.01,99200.5,39.68,0
2162,Exit short,2025-07-22 09:30,NQ09B SELL NY STOP,23347,2,933830,-59,-0.01,9,0,0.00,-54.5,-0.01,99141.5,39.66,0
2162,Entry short,2025-07-22 09:30,[CC] SELL NY,23345.75,2,933830,-59,-0.01,9,0,0.00,-54.5,-0.01,99141.5,39.66,0
2163,Exit short,2025-07-23 09:30,NQ09B SELL NY STOP,23262.5,2,930450,-59,-0.01,9,0,0.00,-54.5,-0.01,99082.5,39.63,0
2163,Entry short,2025-07-23 09:30,[CC] SELL NY,23261.25,2,930450,-59,-0.01,9,0,0.00,-54.5,-0.01,99082.5,39.63,0
2164,Exit short,2025-07-23 18:00,NQ09B SELL WEEKDAY 1800 STOP,23403.25,2,936080,-59,-0.01,9,0,0.00,-54.5,-0.01,99023.5,39.61,0
2164,Entry short,2025-07-23 18:00,[CC] SELL PREMIUM,23402,2,936080,-59,-0.01,9,0,0.00,-54.5,-0.01,99023.5,39.61,0
2165,Exit short,2025-07-24 09:30,NQ09B SELL NY STOP,23375,2,934950,-59,-0.01,9,0,0.00,-54.5,-0.01,98964.5,39.59,0
2165,Entry short,2025-07-24 09:30,[CC] SELL NY,23373.75,2,934950,-59,-0.01,9,0,0.00,-54.5,-0.01,98964.5,39.59,0
2166,Exit short,2025-07-25 09:30,NQ09B SELL NY STOP,23361,2,934390,-59,-0.01,9,0,0.00,-54.5,-0.01,98905.5,39.56,0
2166,Entry short,2025-07-25 09:30,[CC] SELL NY,23359.75,2,934390,-59,-0.01,9,0,0.00,-54.5,-0.01,98905.5,39.56,0
2167,Exit short,2025-07-27 18:00,NQ09B SELL WEEKLY STOP,23521,2,940790,-59,-0.01,9,185.5,0.02,-54.5,-0.01,98846.5,39.54,0
2167,Entry short,2025-07-27 18:00,[CC] SELL WEEKLY,23519.75,2,940790,-59,-0.01,9,185.5,0.02,-54.5,-0.01,98846.5,39.54,0
2168,Exit short,2025-07-28 09:30,NQ09B SELL NY STOP,23473.75,2,938900,-59,-0.01,9,305.5,0.03,-54.5,-0.01,98787.5,39.52,0
2168,Entry short,2025-07-28 09:30,[CC] SELL NY,23472.5,2,938900,-59,-0.01,9,305.5,0.03,-54.5,-0.01,98787.5,39.52,0
2169,Exit short,2025-07-29 09:30,NQ09B SELL NY STOP,23596.25,2,943800,-59,-0.01,9,115.5,0.01,-54.5,-0.01,98728.5,39.49,0
2169,Entry short,2025-07-29 09:30,[CC] SELL NY,23595,2,943800,-59,-0.01,9,115.5,0.01,-54.5,-0.01,98728.5,39.49,0
2170,Exit short,2025-07-30 09:30,NQ09B SELL NY STOP,23488,2,939470,-59,-0.01,9,0,0.00,-54.5,-0.01,98669.5,39.47,0
2170,Entry short,2025-07-30 09:30,[CC] SELL NY,23486.75,2,939470,-59,-0.01,9,0,0.00,-54.5,-0.01,98669.5,39.47,0
2171,Exit short,2025-07-30 18:00,NQ09B SELL WEEKDAY 1800 D80,23694.75,2,948190,391,0.04,9,395.5,0.04,-14.5,0.00,99060.5,39.62,0
2171,Entry short,2025-07-30 18:00,[CC] SELL PREMIUM,23704.75,2,948190,391,0.04,9,395.5,0.04,-14.5,0.00,99060.5,39.62,0
2172,Exit short,2025-07-31 09:30,NQ09B SELL NY STOP,23748.25,2,949880,-59,-0.01,9,0,0.00,-54.5,-0.01,99001.5,39.60,0
2172,Entry short,2025-07-31 09:30,[CC] SELL NY,23747,2,949880,-59,-0.01,9,0,0.00,-54.5,-0.01,99001.5,39.60,0
2173,Exit short,2025-07-31 18:00,NQ09B SELL WEEKDAY 1800 STOP,23309.5,2,932330,-59,-0.01,9,325.5,0.03,-54.5,-0.01,98942.5,39.58,0
2173,Entry short,2025-07-31 18:00,[CC] SELL PREMIUM,23308.25,2,932330,-59,-0.01,9,325.5,0.03,-54.5,-0.01,98942.5,39.58,0
2174,Exit short,2025-08-01 09:30,NQ09B SELL NY STOP,23088.5,2,923490,-59,-0.01,9,0,0.00,-54.5,-0.01,98883.5,39.55,0
2174,Entry short,2025-08-01 09:30,[CC] SELL NY,23087.25,2,923490,-59,-0.01,9,0,0.00,-54.5,-0.01,98883.5,39.55,0
2175,Exit short,2025-08-03 18:00,NQ09B SELL WEEKLY STOP,22851,2,913990,-59,-0.01,9,365.5,0.04,-54.5,-0.01,98824.5,39.53,0
2175,Entry short,2025-08-03 18:00,[CC] SELL WEEKLY,22849.75,2,913990,-59,-0.01,9,365.5,0.04,-54.5,-0.01,98824.5,39.53,0
2176,Exit short,2025-08-04 09:30,NQ09B SELL NY STOP,23095,2,923750,-59,-0.01,9,195.5,0.02,-54.5,-0.01,98765.5,39.51,0
2176,Entry short,2025-08-04 09:30,[CC] SELL NY,23093.75,2,923750,-59,-0.01,9,195.5,0.02,-54.5,-0.01,98765.5,39.51,0
2177,Exit short,2025-08-04 18:00,NQ09B SELL WEEKDAY 1800 STOP,23355,2,934150,-59,-0.01,9,0,0.00,-54.5,-0.01,98706.5,39.48,0
2177,Entry short,2025-08-04 18:00,[CC] SELL PREMIUM,23353.75,2,934150,-59,-0.01,9,0,0.00,-54.5,-0.01,98706.5,39.48,0
2178,Exit short,2025-08-05 09:30,NQ09B SELL NY STOP,23349.25,2,933920,-59,-0.01,9,0,0.00,-54.5,-0.01,98647.5,39.46,0
2178,Entry short,2025-08-05 09:30,[CC] SELL NY,23348,2,933920,-59,-0.01,9,0,0.00,-54.5,-0.01,98647.5,39.46,0
2179,Exit short,2025-08-05 18:00,NQ09B SELL WEEKDAY 1800 D80,23081.5,2,923660,391,0.04,9,395.5,0.04,-14.5,0.00,99038.5,39.62,0
2179,Entry short,2025-08-05 18:00,[CC] SELL PREMIUM,23091.5,2,923660,391,0.04,9,395.5,0.04,-14.5,0.00,99038.5,39.62,0
2180,Exit short,2025-08-06 09:30,NQ09B SELL NY STOP,23170.25,2,926760,-59,-0.01,9,625.5,0.07,-54.5,-0.01,98979.5,39.59,0
2180,Entry short,2025-08-06 09:30,[CC] SELL NY,23169,2,926760,-59,-0.01,9,625.5,0.07,-54.5,-0.01,98979.5,39.59,0
2181,Exit short,2025-08-07 09:30,NQ09B SELL NY N130 TP2,23584.75,2,944030,631,0.07,9,635.5,0.07,-14.5,0.00,99610.5,39.84,0
2181,Entry short,2025-08-07 09:30,[CC] SELL NY,23600.75,2,944030,631,0.07,9,635.5,0.07,-14.5,0.00,99610.5,39.84,0
2182,Exit short,2025-08-07 18:00,NQ09B SELL WEEKDAY 1800 STOP,23519.25,1,470360,-29.5,-0.01,4.5,37.75,0.01,-27.25,-0.01,99581,39.83,0
2182,Entry short,2025-08-07 18:00,[CC] SELL WEAK,23518,1,470360,-29.5,-0.01,4.5,37.75,0.01,-27.25,-0.01,99581,39.83,0
2183,Exit short,2025-08-08 09:30,NQ09B SELL NY STOP,23542.75,2,941660,-59,-0.01,9,455.5,0.05,-54.5,-0.01,99522,39.81,0
2183,Entry short,2025-08-08 09:30,[CC] SELL NY,23541.5,2,941660,-59,-0.01,9,455.5,0.05,-54.5,-0.01,99522,39.81,0
2184,Exit short,2025-08-10 18:00,NQ09B SELL WEEKLY STOP,23765,2,950550,-59,-0.01,9,0,0.00,-54.5,-0.01,99463,39.79,0
2184,Entry short,2025-08-10 18:00,[CC] SELL WEEKLY,23763.75,2,950550,-59,-0.01,9,0,0.00,-54.5,-0.01,99463,39.79,0
2185,Exit short,2025-08-11 09:30,NQ09B SELL NY STOP,23716.75,2,948620,-59,-0.01,9,0,0.00,-54.5,-0.01,99404,39.76,0
2185,Entry short,2025-08-11 09:30,[CC] SELL NY,23715.5,2,948620,-59,-0.01,9,0,0.00,-54.5,-0.01,99404,39.76,0
2186,Exit short,2025-08-12 09:30,NQ09B SELL NY N130 TP2,23716.75,2,949310,631,0.07,9,635.5,0.07,-14.5,0.00,100035,40.01,0
2186,Entry short,2025-08-12 09:30,[CC] SELL NY,23732.75,2,949310,631,0.07,9,635.5,0.07,-14.5,0.00,100035,40.01,0
2187,Exit short,2025-08-12 18:00,NQ09B SELL WEEKDAY 1800 D80,23934.75,1,478895,195.5,0.04,4.5,197.75,0.04,-7.25,0.00,100230.5,40.09,0
2187,Entry short,2025-08-12 18:00,[CC] SELL WEAK,23944.75,1,478895,195.5,0.04,4.5,197.75,0.04,-7.25,0.00,100230.5,40.09,0
2188,Exit short,2025-08-13 09:30,NQ09B SELL NY STOP,24045.5,2,961770,-59,-0.01,9,615.5,0.06,-54.5,-0.01,100171.5,40.07,0
2188,Entry short,2025-08-13 09:30,[CC] SELL NY,24044.25,2,961770,-59,-0.01,9,615.5,0.06,-54.5,-0.01,100171.5,40.07,0
2189,Exit short,2025-08-14 09:30,NQ09B SELL NY N130 TP2,23841.5,2,954300,631,0.07,9,635.5,0.07,-14.5,0.00,100802.5,40.32,0
2189,Entry short,2025-08-14 09:30,[CC] SELL NY,23857.5,2,954300,631,0.07,9,635.5,0.07,-14.5,0.00,100802.5,40.32,0
2190,Exit short,2025-08-14 18:00,NQ09B SELL WEEKDAY 1800 STOP,23889.75,1,477770,-29.5,-0.01,4.5,0,0.00,-27.25,-0.01,100773,40.31,0
2190,Entry short,2025-08-14 18:00,[CC] SELL WEAK,23888.5,1,477770,-29.5,-0.01,4.5,0,0.00,-27.25,-0.01,100773,40.31,0
2191,Exit short,2025-08-15 09:30,NQ09B SELL NY STOP,23910.25,2,956360,-59,-0.01,9,0,0.00,-54.5,-0.01,100714,40.29,0
2191,Entry short,2025-08-15 09:30,[CC] SELL NY,23909,2,956360,-59,-0.01,9,0,0.00,-54.5,-0.01,100714,40.29,0
2192,Exit short,2025-08-17 18:00,NQ09B SELL WEEKLY STOP,23796,2,951790,-59,-0.01,9,0,0.00,-54.5,-0.01,100655,40.26,0
2192,Entry short,2025-08-17 18:00,[CC] SELL WEEKLY,23794.75,2,951790,-59,-0.01,9,0,0.00,-54.5,-0.01,100655,40.26,0
2193,Exit short,2025-08-18 09:30,NQ09B SELL NY STOP,23769.25,2,950720,-59,-0.01,9,0,0.00,-54.5,-0.01,100596,40.24,0
2193,Entry short,2025-08-18 09:30,[CC] SELL NY,23768,2,950720,-59,-0.01,9,0,0.00,-54.5,-0.01,100596,40.24,0
2194,Exit short,2025-08-19 09:30,NQ09B SELL NY STOP,23763.5,2,950490,-59,-0.01,9,0,0.00,-54.5,-0.01,100537,40.21,0
2194,Entry short,2025-08-19 09:30,[CC] SELL NY,23762.25,2,950490,-59,-0.01,9,0,0.00,-54.5,-0.01,100537,40.21,0
2195,Exit short,2025-08-20 09:30,NQ09B SELL NY STOP,23427.25,2,937040,-59,-0.01,9,0,0.00,-54.5,-0.01,100478,40.19,0
2195,Entry short,2025-08-20 09:30,[CC] SELL NY,23426,2,937040,-59,-0.01,9,0,0.00,-54.5,-0.01,100478,40.19,0
2196,Exit short,2025-08-21 09:30,NQ09B SELL NY STOP,23261.5,2,930410,-59,-0.01,9,0,0.00,-54.5,-0.01,100419,40.17,0
2196,Entry short,2025-08-21 09:30,[CC] SELL NY,23260.25,2,930410,-59,-0.01,9,0,0.00,-54.5,-0.01,100419,40.17,0
2197,Exit short,2025-08-21 18:00,NQ09B SELL WEEKDAY 1800 STOP,23226.25,1,464500,-29.5,-0.01,4.5,32.75,0.01,-27.25,-0.01,100389.5,40.16,0
2197,Entry short,2025-08-21 18:00,[CC] SELL WEAK,23225,1,464500,-29.5,-0.01,4.5,32.75,0.01,-27.25,-0.01,100389.5,40.16,0
2198,Exit short,2025-08-22 09:30,NQ09B SELL NY STOP,23265.5,2,930570,-59,-0.01,9,0,0.00,-54.5,-0.01,100330.5,40.13,0
2198,Entry short,2025-08-22 09:30,[CC] SELL NY,23264.25,2,930570,-59,-0.01,9,0,0.00,-54.5,-0.01,100330.5,40.13,0
2199,Exit short,2025-08-24 18:00,NQ09B SELL WEEKLY STOP,23603,2,944070,-59,-0.01,9,0,0.00,-54.5,-0.01,100271.5,40.11,0
2199,Entry short,2025-08-24 18:00,[CC] SELL WEEKLY,23601.75,2,944070,-59,-0.01,9,0,0.00,-54.5,-0.01,100271.5,40.11,0
2200,Exit short,2025-08-25 09:30,NQ09B SELL NY STOP,23497,2,939830,-59,-0.01,9,0,0.00,-54.5,-0.01,100212.5,40.09,0
2200,Entry short,2025-08-25 09:30,[CC] SELL NY,23495.75,2,939830,-59,-0.01,9,0,0.00,-54.5,-0.01,100212.5,40.09,0
2201,Exit short,2025-08-25 18:00,NQ09B SELL WEEKDAY 1800 STOP,23506.75,1,470110,-29.5,-0.01,4.5,127.75,0.03,-27.25,-0.01,100183,40.07,0
2201,Entry short,2025-08-25 18:00,[CC] SELL WEAK,23505.5,1,470110,-29.5,-0.01,4.5,127.75,0.03,-27.25,-0.01,100183,40.07,0
2202,Exit short,2025-08-26 09:30,NQ09B SELL NY STOP,23471.75,2,938820,-59,-0.01,9,125.5,0.01,-54.5,-0.01,100124,40.05,0
2202,Entry short,2025-08-26 09:30,[CC] SELL NY,23470.5,2,938820,-59,-0.01,9,125.5,0.01,-54.5,-0.01,100124,40.05,0
2203,Exit short,2025-08-27 09:30,NQ09B SELL NY N130 TP2,23524.75,2,941630,631,0.07,9,635.5,0.07,-14.5,0.00,100755,40.30,0
2203,Entry short,2025-08-27 09:30,[CC] SELL NY,23540.75,2,941630,631,0.07,9,635.5,0.07,-14.5,0.00,100755,40.30,0
2204,Exit short,2025-08-27 18:00,NQ09B SELL WEEKDAY 1800 STOP,23543.25,2,941680,-59,-0.01,9,0,0.00,-54.5,-0.01,100696,40.28,0
2204,Entry short,2025-08-27 18:00,[CC] SELL PREMIUM,23542,2,941680,-59,-0.01,9,0,0.00,-54.5,-0.01,100696,40.28,0
2205,Exit short,2025-08-28 09:30,NQ09B SELL NY STOP,23641.25,2,945600,-59,-0.01,9,405.5,0.04,-54.5,-0.01,100637,40.25,0
2205,Entry short,2025-08-28 09:30,[CC] SELL NY,23640,2,945600,-59,-0.01,9,405.5,0.04,-54.5,-0.01,100637,40.25,0
2206,Exit short,2025-08-29 09:30,NQ09B SELL NY STOP,23653,2,946070,-59,-0.01,9,0,0.00,-54.5,-0.01,100578,40.23,0
2206,Entry short,2025-08-29 09:30,[CC] SELL NY,23651.75,2,946070,-59,-0.01,9,0,0.00,-54.5,-0.01,100578,40.23,0
2207,Exit short,2025-08-31 18:00,NQ09B SELL WEEKLY W80,23468.75,2,939150,391,0.04,9,395.5,0.04,-14.5,0.00,100969,40.39,0
2207,Entry short,2025-08-31 18:00,[CC] SELL WEEKLY,23478.75,2,939150,391,0.04,9,395.5,0.04,-14.5,0.00,100969,40.39,0
2208,Exit short,2025-09-01 09:30,NQ09B SELL NY STOP,23477,2,939030,-59,-0.01,9,0,0.00,-54.5,-0.01,100910,40.36,0
2208,Entry short,2025-09-01 09:30,[CC] SELL NY,23475.75,2,939030,-59,-0.01,9,0,0.00,-54.5,-0.01,100910,40.36,0
2209,Exit short,2025-09-01 18:00,NQ09B SELL WEEKDAY 1800 STOP,23503.25,1,470040,-29.5,-0.01,4.5,0,0.00,-27.25,-0.01,100880.5,40.35,0
2209,Entry short,2025-09-01 18:00,[CC] SELL WEAK,23502,1,470040,-29.5,-0.01,4.5,0,0.00,-27.25,-0.01,100880.5,40.35,0
2210,Exit short,2025-09-02 09:30,NQ09B SELL NY STOP,23101.25,2,924000,-59,-0.01,9,0,0.00,-54.5,-0.01,100821.5,40.33,0
2210,Entry short,2025-09-02 09:30,[CC] SELL NY,23100,2,924000,-59,-0.01,9,0,0.00,-54.5,-0.01,100821.5,40.33,0
2211,Exit short,2025-09-02 18:00,NQ09B SELL WEEKDAY 1800 STOP,23383,2,935270,-59,-0.01,9,0,0.00,-54.5,-0.01,100762.5,40.31,0
2211,Entry short,2025-09-02 18:00,[CC] SELL PREMIUM,23381.75,2,935270,-59,-0.01,9,0,0.00,-54.5,-0.01,100762.5,40.31,0
2212,Exit short,2025-09-03 09:30,NQ09B SELL NY STOP,23424.5,2,936930,-59,-0.01,9,0,0.00,-54.5,-0.01,100703.5,40.28,0
2212,Entry short,2025-09-03 09:30,[CC] SELL NY,23423.25,2,936930,-59,-0.01,9,0,0.00,-54.5,-0.01,100703.5,40.28,0
2213,Exit short,2025-09-03 18:00,NQ09B SELL WEEKDAY 1800 STOP,23457.75,1,469130,-29.5,-0.01,4.5,0,0.00,-27.25,-0.01,100674,40.27,0
2213,Entry short,2025-09-03 18:00,[CC] SELL WEAK,23456.5,1,469130,-29.5,-0.01,4.5,0,0.00,-27.25,-0.01,100674,40.27,0
2214,Exit short,2025-09-04 09:30,NQ09B SELL NY N130 TP2,23464.25,2,939210,631,0.07,9,635.5,0.07,-14.5,0.00,101305,40.52,0
2214,Entry short,2025-09-04 09:30,[CC] SELL NY,23480.25,2,939210,631,0.07,9,635.5,0.07,-14.5,0.00,101305,40.52,0
2215,Exit short,2025-09-05 09:30,NQ09B SELL NY STOP,23876,2,954990,-59,-0.01,9,0,0.00,-54.5,-0.01,101246,40.50,0
2215,Entry short,2025-09-05 09:30,[CC] SELL NY,23874.75,2,954990,-59,-0.01,9,0,0.00,-54.5,-0.01,101246,40.50,0
2216,Exit short,2025-09-07 18:00,NQ09B SELL WEEKLY STOP,23674.5,2,946930,-59,-0.01,9,0,0.00,-54.5,-0.01,101187,40.47,0
2216,Entry short,2025-09-07 18:00,[CC] SELL WEEKLY,23673.25,2,946930,-59,-0.01,9,0,0.00,-54.5,-0.01,101187,40.47,0
2217,Exit short,2025-09-08 09:30,NQ09B SELL NY STOP,23785.25,2,951360,-59,-0.01,9,485.5,0.05,-54.5,-0.01,101128,40.45,0
2217,Entry short,2025-09-08 09:30,[CC] SELL NY,23784,2,951360,-59,-0.01,9,485.5,0.05,-54.5,-0.01,101128,40.45,0
2218,Exit short,2025-09-09 09:30,NQ09B SELL NY STOP,23836.5,2,953410,-59,-0.01,9,485.5,0.05,-54.5,-0.01,101069,40.43,0
2218,Entry short,2025-09-09 09:30,[CC] SELL NY,23835.25,2,953410,-59,-0.01,9,485.5,0.05,-54.5,-0.01,101069,40.43,0
2219,Exit short,2025-09-09 18:00,NQ09B SELL WEEKDAY 1800 STOP,23899.5,1,477965,-29.5,-0.01,4.5,142.75,0.03,-27.25,-0.01,101039.5,40.42,0
2219,Entry short,2025-09-09 18:00,[CC] SELL WEAK,23898.25,1,477965,-29.5,-0.01,4.5,142.75,0.03,-27.25,-0.01,101039.5,40.42,0
2220,Exit short,2025-09-10 09:30,NQ09B SELL NY STOP,23999.75,2,959940,-59,-0.01,9,0,0.00,-54.5,-0.01,100980.5,40.39,0
2220,Entry short,2025-09-10 09:30,[CC] SELL NY,23998.5,2,959940,-59,-0.01,9,0,0.00,-54.5,-0.01,100980.5,40.39,0
2221,Exit short,2025-09-11 09:30,NQ09B SELL NY STOP,23978.25,2,959080,-59,-0.01,9,365.5,0.04,-54.5,-0.01,100921.5,40.37,0
2221,Entry short,2025-09-11 09:30,[CC] SELL NY,23977,2,959080,-59,-0.01,9,365.5,0.04,-54.5,-0.01,100921.5,40.37,0
2222,Exit short,2025-09-12 09:30,NQ09B SELL NY STOP,24041.75,2,961620,-59,-0.01,9,565.5,0.06,-54.5,-0.01,100862.5,40.35,0
2222,Entry short,2025-09-12 09:30,[CC] SELL NY,24040.5,2,961620,-59,-0.01,9,565.5,0.06,-54.5,-0.01,100862.5,40.35,0
2223,Exit short,2025-09-14 18:00,NQ09B SELL WEEKLY STOP,24116.25,2,964600,-59,-0.01,9,0,0.00,-54.5,-0.01,100803.5,40.32,0
2223,Entry short,2025-09-14 18:00,[CC] SELL WEEKLY,24115,2,964600,-59,-0.01,9,0,0.00,-54.5,-0.01,100803.5,40.32,0
2224,Exit short,2025-09-15 09:30,NQ09B SELL NY STOP,24178.75,2,967100,-59,-0.01,9,185.5,0.02,-54.5,-0.01,100744.5,40.30,0
2224,Entry short,2025-09-15 09:30,[CC] SELL NY,24177.5,2,967100,-59,-0.01,9,185.5,0.02,-54.5,-0.01,100744.5,40.30,0
2225,Exit short,2025-09-16 09:30,NQ09B SELL NY STOP,24589.25,2,983520,-59,-0.01,9,0,0.00,-54.5,-0.01,100685.5,40.27,0
2225,Entry short,2025-09-16 09:30,[CC] SELL NY,24588,2,983520,-59,-0.01,9,0,0.00,-54.5,-0.01,100685.5,40.27,0
2226,Exit short,2025-09-17 09:30,NQ09B SELL NY STOP,24522,2,980830,-59,-0.01,9,0,0.00,-54.5,-0.01,100626.5,40.25,0
2226,Entry short,2025-09-17 09:30,[CC] SELL NY,24520.75,2,980830,-59,-0.01,9,0,0.00,-54.5,-0.01,100626.5,40.25,0
2227,Exit short,2025-09-17 18:00,NQ09B SELL WEEKDAY 1800 STOP,24499.5,1,489965,-29.5,-0.01,4.5,57.75,0.01,-27.25,-0.01,100597,40.24,0
2227,Entry short,2025-09-17 18:00,[CC] SELL WEAK,24498.25,1,489965,-29.5,-0.01,4.5,57.75,0.01,-27.25,-0.01,100597,40.24,0
2228,Exit short,2025-09-18 09:30,NQ09B SELL NY N130 TP2,24663.25,2,987170,631,0.06,9,635.5,0.06,-14.5,0.00,101228,40.49,0
2228,Entry short,2025-09-18 09:30,[CC] SELL NY,24679.25,2,987170,631,0.06,9,635.5,0.06,-14.5,0.00,101228,40.49,0
2229,Exit short,2025-09-19 09:30,NQ09B SELL NY STOP,24768.75,2,990700,-59,-0.01,9,0,0.00,-54.5,-0.01,101169,40.47,0
2229,Entry short,2025-09-19 09:30,[CC] SELL NY,24767.5,2,990700,-59,-0.01,9,0,0.00,-54.5,-0.01,101169,40.47,0
2230,Exit short,2025-09-21 18:00,NQ09B SELL WEEKLY STOP,24851,2,993990,-59,-0.01,9,145.5,0.01,-54.5,-0.01,101110,40.44,0
2230,Entry short,2025-09-21 18:00,[CC] SELL WEEKLY,24849.75,2,993990,-59,-0.01,9,145.5,0.01,-54.5,-0.01,101110,40.44,0
2231,Exit short,2025-09-22 09:30,NQ09B SELL NY STOP,24816.5,2,992610,-59,-0.01,9,35.5,0.00,-54.5,-0.01,101051,40.42,0
2231,Entry short,2025-09-22 09:30,[CC] SELL NY,24815.25,2,992610,-59,-0.01,9,35.5,0.00,-54.5,-0.01,101051,40.42,0
2232,Exit short,2025-09-23 09:30,NQ09B SELL NY STOP,25002,2,1000030,-59,-0.01,9,0,0.00,-54.5,-0.01,100992,40.40,0
2232,Entry short,2025-09-23 09:30,[CC] SELL NY,25000.75,2,1000030,-59,-0.01,9,0,0.00,-54.5,-0.01,100992,40.40,0
2233,Exit short,2025-09-24 09:30,NQ09B SELL NY STOP,24886.25,2,995400,-59,-0.01,9,0,0.00,-54.5,-0.01,100933,40.37,0
2233,Entry short,2025-09-24 09:30,[CC] SELL NY,24885,2,995400,-59,-0.01,9,0,0.00,-54.5,-0.01,100933,40.37,0
2234,Exit short,2025-09-25 09:30,NQ09B SELL NY STOP,24577.25,2,983040,-59,-0.01,9,0,0.00,-54.5,-0.01,100874,40.35,0
2234,Entry short,2025-09-25 09:30,[CC] SELL NY,24576,2,983040,-59,-0.01,9,0,0.00,-54.5,-0.01,100874,40.35,0
2235,Exit short,2025-09-25 18:00,NQ09B SELL WEEKDAY 1800 STOP,24643.5,1,492845,-29.5,-0.01,4.5,0,0.00,-27.25,-0.01,100844.5,40.34,0
2235,Entry short,2025-09-25 18:00,[CC] SELL WEAK,24642.25,1,492845,-29.5,-0.01,4.5,0,0.00,-27.25,-0.01,100844.5,40.34,0
2236,Exit short,2025-09-26 09:30,NQ09B SELL NY STOP,24655.25,2,986160,-59,-0.01,9,0,0.00,-54.5,-0.01,100785.5,40.31,0
2236,Entry short,2025-09-26 09:30,[CC] SELL NY,24654,2,986160,-59,-0.01,9,0,0.00,-54.5,-0.01,100785.5,40.31,0
2237,Exit short,2025-09-28 18:00,NQ09B SELL WEEKLY STOP,24727.5,2,989050,-59,-0.01,9,175.5,0.02,-54.5,-0.01,100726.5,40.29,0
2237,Entry short,2025-09-28 18:00,[CC] SELL WEEKLY,24726.25,2,989050,-59,-0.01,9,175.5,0.02,-54.5,-0.01,100726.5,40.29,0
2238,Exit short,2025-09-29 09:30,NQ09B SELL NY STOP,24851.75,2,994020,-59,-0.01,9,85.5,0.01,-54.5,-0.01,100667.5,40.27,0
2238,Entry short,2025-09-29 09:30,[CC] SELL NY,24850.5,2,994020,-59,-0.01,9,85.5,0.01,-54.5,-0.01,100667.5,40.27,0
2239,Exit short,2025-09-29 18:00,NQ09B SELL WEEKDAY 1800 STOP,24818.75,2,992700,-59,-0.01,9,0,0.00,-54.5,-0.01,100608.5,40.24,0
2239,Entry short,2025-09-29 18:00,[CC] SELL PREMIUM,24817.5,2,992700,-59,-0.01,9,0,0.00,-54.5,-0.01,100608.5,40.24,0
2240,Exit short,2025-09-30 09:30,NQ09B SELL NY STOP,24821.5,2,992810,-59,-0.01,9,0,0.00,-54.5,-0.01,100549.5,40.22,0
2240,Entry short,2025-09-30 09:30,[CC] SELL NY,24820.25,2,992810,-59,-0.01,9,0,0.00,-54.5,-0.01,100549.5,40.22,0
2241,Exit short,2025-09-30 18:00,NQ09B SELL WEEKDAY 1800 STOP,24844,2,993710,-59,-0.01,9,295.5,0.03,-54.5,-0.01,100490.5,40.20,0
2241,Entry short,2025-09-30 18:00,[CC] SELL PREMIUM,24842.75,2,993710,-59,-0.01,9,295.5,0.03,-54.5,-0.01,100490.5,40.20,0
2242,Exit short,2025-10-01 09:30,NQ09B SELL NY N130 TP2,24746.75,2,990510,631,0.06,9,635.5,0.06,-14.5,0.00,101121.5,40.45,0
2242,Entry short,2025-10-01 09:30,[CC] SELL NY,24762.75,2,990510,631,0.06,9,635.5,0.06,-14.5,0.00,101121.5,40.45,0
2243,Exit short,2025-10-02 09:30,NQ09B SELL NY STOP,25166.25,2,1006600,-59,-0.01,9,0,0.00,-54.5,-0.01,101062.5,40.42,0
2243,Entry short,2025-10-02 09:30,[CC] SELL NY,25165,2,1006600,-59,-0.01,9,0,0.00,-54.5,-0.01,101062.5,40.42,0
2244,Exit short,2025-10-03 09:30,NQ09B SELL NY STOP,25134.5,2,1005330,-59,-0.01,9,495.5,0.05,-54.5,-0.01,101003.5,40.40,0
2244,Entry short,2025-10-03 09:30,[CC] SELL NY,25133.25,2,1005330,-59,-0.01,9,495.5,0.05,-54.5,-0.01,101003.5,40.40,0
2245,Exit short,2025-10-05 18:00,NQ09B SELL WEEKLY STOP,25001,2,999990,-59,-0.01,9,185.5,0.02,-54.5,-0.01,100944.5,40.38,0
2245,Entry short,2025-10-05 18:00,[CC] SELL WEEKLY,24999.75,2,999990,-59,-0.01,9,185.5,0.02,-54.5,-0.01,100944.5,40.38,0
2246,Exit short,2025-10-06 09:30,NQ09B SELL NY STOP,25215.25,2,1008560,-59,-0.01,9,0,0.00,-54.5,-0.01,100885.5,40.35,0
2246,Entry short,2025-10-06 09:30,[CC] SELL NY,25214,2,1008560,-59,-0.01,9,0,0.00,-54.5,-0.01,100885.5,40.35,0
2247,Exit short,2025-10-07 09:30,NQ09B SELL NY STOP,25238,2,1009470,-59,-0.01,9,0,0.00,-54.5,-0.01,100826.5,40.33,0
2247,Entry short,2025-10-07 09:30,[CC] SELL NY,25236.75,2,1009470,-59,-0.01,9,0,0.00,-54.5,-0.01,100826.5,40.33,0
2248,Exit short,2025-10-08 09:30,NQ09B SELL NY STOP,25080.75,2,1003180,-59,-0.01,9,215.5,0.02,-54.5,-0.01,100767.5,40.31,0
2248,Entry short,2025-10-08 09:30,[CC] SELL NY,25079.5,2,1003180,-59,-0.01,9,215.5,0.02,-54.5,-0.01,100767.5,40.31,0
2249,Exit short,2025-10-09 09:30,NQ09B SELL NY STOP,25330,2,1013150,-59,-0.01,9,0,0.00,-54.5,-0.01,100708.5,40.28,0
2249,Entry short,2025-10-09 09:30,[CC] SELL NY,25328.75,2,1013150,-59,-0.01,9,0,0.00,-54.5,-0.01,100708.5,40.28,0
2250,Exit short,2025-10-10 09:30,NQ09B SELL NY N130 TP2,25296.75,2,1012510,631,0.06,9,635.5,0.06,-14.5,0.00,101339.5,40.54,0
2250,Entry short,2025-10-10 09:30,[CC] SELL NY,25312.75,2,1012510,631,0.06,9,635.5,0.06,-14.5,0.00,101339.5,40.54,0
2251,Exit short,2025-10-12 18:00,NQ09B SELL WEEKLY STOP,24543,2,981670,-59,-0.01,9,0,0.00,-54.5,-0.01,101280.5,40.51,0
2251,Entry short,2025-10-12 18:00,[CC] SELL WEEKLY,24541.75,2,981670,-59,-0.01,9,0,0.00,-54.5,-0.01,101280.5,40.51,0
2252,Exit short,2025-10-13 09:30,NQ09B SELL NY STOP,24825.75,2,992980,-59,-0.01,9,0,0.00,-54.5,-0.01,101221.5,40.49,0
2252,Entry short,2025-10-13 09:30,[CC] SELL NY,24824.5,2,992980,-59,-0.01,9,0,0.00,-54.5,-0.01,101221.5,40.49,0
2253,Exit short,2025-10-14 09:30,NQ09B SELL NY STOP,24639.75,2,985540,-59,-0.01,9,0,0.00,-54.5,-0.01,101162.5,40.47,0
2253,Entry short,2025-10-14 09:30,[CC] SELL NY,24638.5,2,985540,-59,-0.01,9,0,0.00,-54.5,-0.01,101162.5,40.47,0
2254,Exit short,2025-10-14 18:00,NQ09B SELL WEEKDAY 1800 STOP,24755,1,495075,-29.5,-0.01,4.5,32.75,0.01,-27.25,-0.01,101133,40.45,0
2254,Entry short,2025-10-14 18:00,[CC] SELL WEAK,24753.75,1,495075,-29.5,-0.01,4.5,32.75,0.01,-27.25,-0.01,101133,40.45,0
2255,Exit short,2025-10-15 09:30,NQ09B SELL NY STOP,25003.5,2,1000090,-59,-0.01,9,0,0.00,-54.5,-0.01,101074,40.43,0
2255,Entry short,2025-10-15 09:30,[CC] SELL NY,25002.25,2,1000090,-59,-0.01,9,0,0.00,-54.5,-0.01,101074,40.43,0
2256,Exit short,2025-10-15 18:00,NQ09B SELL WEEKDAY 1800 STOP,24938,1,498735,-29.5,-0.01,4.5,2.75,0.00,-27.25,-0.01,101044.5,40.42,0
2256,Entry short,2025-10-15 18:00,[CC] SELL WEAK,24936.75,1,498735,-29.5,-0.01,4.5,2.75,0.00,-27.25,-0.01,101044.5,40.42,0
2257,Exit short,2025-10-16 09:30,NQ09B SELL NY STOP,25046.25,2,1001800,-59,-0.01,9,175.5,0.02,-54.5,-0.01,100985.5,40.39,0
2257,Entry short,2025-10-16 09:30,[CC] SELL NY,25045,2,1001800,-59,-0.01,9,175.5,0.02,-54.5,-0.01,100985.5,40.39,0
2258,Exit short,2025-10-16 18:00,NQ09B SELL WEEKDAY 1800 D80,24783.5,1,495870,195.5,0.04,4.5,197.75,0.04,-7.25,0.00,101181,40.47,0
2258,Entry short,2025-10-16 18:00,[CC] SELL WEAK,24793.5,1,495870,195.5,0.04,4.5,197.75,0.04,-7.25,0.00,101181,40.47,0
2259,Exit short,2025-10-17 09:30,NQ09B SELL NY N130 TP2,24720,2,989440,631,0.06,9,635.5,0.06,-14.5,0.00,101812,40.72,0
2259,Entry short,2025-10-17 09:30,[CC] SELL NY,24736,2,989440,631,0.06,9,635.5,0.06,-14.5,0.00,101812,40.72,0
2260,Exit short,2025-10-19 18:00,NQ09B SELL WEEKLY W80,25055.5,2,1002620,391,0.04,9,395.5,0.04,-14.5,0.00,102203,40.88,0
2260,Entry short,2025-10-19 18:00,[CC] SELL WEEKLY,25065.5,2,1002620,391,0.04,9,395.5,0.04,-14.5,0.00,102203,40.88,0
2261,Exit short,2025-10-20 09:30,NQ09B SELL NY STOP,25120,2,1004750,-59,-0.01,9,155.5,0.02,-54.5,-0.01,102144,40.86,0
2261,Entry short,2025-10-20 09:30,[CC] SELL NY,25118.75,2,1004750,-59,-0.01,9,155.5,0.02,-54.5,-0.01,102144,40.86,0
2262,Exit short,2025-10-21 09:30,NQ09B SELL NY STOP,25301.75,2,1012020,-59,-0.01,9,0,0.00,-54.5,-0.01,102085,40.83,0
2262,Entry short,2025-10-21 09:30,[CC] SELL NY,25300.5,2,1012020,-59,-0.01,9,0,0.00,-54.5,-0.01,102085,40.83,0
2263,Exit short,2025-10-22 09:30,NQ09B SELL NY STOP,25266.5,2,1010610,-59,-0.01,9,0,0.00,-54.5,-0.01,102026,40.81,0
2263,Entry short,2025-10-22 09:30,[CC] SELL NY,25265.25,2,1010610,-59,-0.01,9,0,0.00,-54.5,-0.01,102026,40.81,0
2264,Exit short,2025-10-22 18:00,NQ09B SELL WEEKDAY 1800 D80,25002,1,500240,195.5,0.04,4.5,197.75,0.04,-7.25,0.00,102221.5,40.89,0
2264,Entry short,2025-10-22 18:00,[CC] SELL WEAK,25012,1,500240,195.5,0.04,4.5,197.75,0.04,-7.25,0.00,102221.5,40.89,0
2265,Exit short,2025-10-23 09:30,NQ09B SELL NY N130 TP2,25000,2,1000640,631,0.06,9,635.5,0.06,-14.5,0.00,102852.5,41.14,0
2265,Entry short,2025-10-23 09:30,[CC] SELL NY,25016,2,1000640,631,0.06,9,635.5,0.06,-14.5,0.00,102852.5,41.14,0
2266,Exit short,2025-10-23 18:00,NQ09B SELL WEEKDAY 1800 STOP,25284.25,1,505660,-29.5,-0.01,4.5,137.75,0.03,-27.25,-0.01,102823,41.13,0
2266,Entry short,2025-10-23 18:00,[CC] SELL WEAK,25283,1,505660,-29.5,-0.01,4.5,137.75,0.03,-27.25,-0.01,102823,41.13,0
2267,Exit short,2025-10-24 09:30,NQ09B SELL NY STOP,25467.5,2,1018650,-59,-0.01,9,0,0.00,-54.5,-0.01,102764,41.11,0
2267,Entry short,2025-10-24 09:30,[CC] SELL NY,25466.25,2,1018650,-59,-0.01,9,0,0.00,-54.5,-0.01,102764,41.11,0
2268,Exit short,2025-10-26 18:00,NQ09B SELL WEEKLY W80,25713.25,2,1028930,391,0.04,9,395.5,0.04,-14.5,0.00,103155,41.26,0
2268,Entry short,2025-10-26 18:00,[CC] SELL WEEKLY,25723.25,2,1028930,391,0.04,9,395.5,0.04,-14.5,0.00,103155,41.26,0
2269,Exit short,2025-10-27 09:30,NQ09B SELL NY STOP,25816.75,2,1032620,-59,-0.01,9,55.5,0.01,-54.5,-0.01,103096,41.24,0
2269,Entry short,2025-10-27 09:30,[CC] SELL NY,25815.5,2,1032620,-59,-0.01,9,55.5,0.01,-54.5,-0.01,103096,41.24,0
2270,Exit short,2025-10-28 09:30,NQ09B SELL NY STOP,26052.5,2,1042050,-59,-0.01,9,95.5,0.01,-54.5,-0.01,103037,41.21,0
2270,Entry short,2025-10-28 09:30,[CC] SELL NY,26051.25,2,1042050,-59,-0.01,9,95.5,0.01,-54.5,-0.01,103037,41.21,0
2271,Exit short,2025-10-29 09:30,NQ09B SELL NY STOP,26267,2,1050630,-59,-0.01,9,15.5,0.00,-54.5,-0.01,102978,41.19,0
2271,Entry short,2025-10-29 09:30,[CC] SELL NY,26265.75,2,1050630,-59,-0.01,9,15.5,0.00,-54.5,-0.01,102978,41.19,0
2272,Exit short,2025-10-29 18:00,NQ09B SELL WEEKDAY 1800 STOP,26155.5,2,1046170,-59,-0.01,9,165.5,0.02,-54.5,-0.01,102919,41.17,0
2272,Entry short,2025-10-29 18:00,[CC] SELL PREMIUM,26154.25,2,1046170,-59,-0.01,9,165.5,0.02,-54.5,-0.01,102919,41.17,0
2273,Exit short,2025-10-30 09:30,NQ09B SELL NY STOP,26126.25,2,1045000,-59,-0.01,9,0,0.00,-54.5,-0.01,102860,41.14,0
2273,Entry short,2025-10-30 09:30,[CC] SELL NY,26125,2,1045000,-59,-0.01,9,0,0.00,-54.5,-0.01,102860,41.14,0
2274,Exit short,2025-10-30 18:00,NQ09B SELL WEEKDAY 1800 STOP,26151.5,2,1046010,-59,-0.01,9,0,0.00,-54.5,-0.01,102801,41.12,0
2274,Entry short,2025-10-30 18:00,[CC] SELL PREMIUM,26150.25,2,1046010,-59,-0.01,9,0,0.00,-54.5,-0.01,102801,41.12,0
2275,Exit short,2025-10-31 09:30,NQ09B SELL NY N130 TP2,26183,2,1047960,631,0.06,9,635.5,0.06,-24.5,0.00,103432,41.37,0
2275,Entry short,2025-10-31 09:30,[CC] SELL NY,26199,2,1047960,631,0.06,9,635.5,0.06,-24.5,0.00,103432,41.37,0
2276,Exit short,2025-11-02 18:00,NQ09B SELL WEEKLY W80,26018,2,1041120,391,0.04,9,395.5,0.04,-14.5,0.00,103823,41.53,0
2276,Entry short,2025-11-02 18:00,[CC] SELL WEEKLY,26028,2,1041120,391,0.04,9,395.5,0.04,-14.5,0.00,103823,41.53,0
2277,Exit short,2025-11-03 09:30,NQ09B SELL NY STOP,26236.75,2,1049420,-59,-0.01,9,375.5,0.04,-54.5,-0.01,103764,41.51,0
2277,Entry short,2025-11-03 09:30,[CC] SELL NY,26235.5,2,1049420,-59,-0.01,9,375.5,0.04,-54.5,-0.01,103764,41.51,0
2278,Exit short,2025-11-04 09:30,NQ09B SELL NY STOP,25743,2,1029670,-59,-0.01,9,0,0.00,-54.5,-0.01,103705,41.48,0
2278,Entry short,2025-11-04 09:30,[CC] SELL NY,25741.75,2,1029670,-59,-0.01,9,0,0.00,-54.5,-0.01,103705,41.48,0
2279,Exit short,2025-11-04 18:00,NQ09B SELL WEEKDAY 1800 D80,25534.75,1,510895,195.5,0.04,4.5,197.75,0.04,-7.25,0.00,103900.5,41.56,0
2279,Entry short,2025-11-04 18:00,[CC] SELL WEAK,25544.75,1,510895,195.5,0.04,4.5,197.75,0.04,-7.25,0.00,103900.5,41.56,0
2280,Exit short,2025-11-05 09:30,NQ09B SELL NY STOP,25543.25,2,1021680,-59,-0.01,9,0,0.00,-54.5,-0.01,103841.5,41.54,0
2280,Entry short,2025-11-05 09:30,[CC] SELL NY,25542,2,1021680,-59,-0.01,9,0,0.00,-54.5,-0.01,103841.5,41.54,0
2281,Exit short,2025-11-06 09:30,NQ09B SELL NY STOP,25675,2,1026950,-59,-0.01,9,0,0.00,-54.5,-0.01,103782.5,41.51,0
2281,Entry short,2025-11-06 09:30,[CC] SELL NY,25673.75,2,1026950,-59,-0.01,9,0,0.00,-54.5,-0.01,103782.5,41.51,0
2282,Exit short,2025-11-06 18:00,NQ09B SELL WEEKDAY 1800 D80,25304.5,2,1012580,391,0.04,9,395.5,0.04,-14.5,0.00,104173.5,41.67,0
2282,Entry short,2025-11-06 18:00,[CC] SELL PREMIUM,25314.5,2,1012580,391,0.04,9,395.5,0.04,-14.5,0.00,104173.5,41.67,0
2283,Exit short,2025-11-07 09:30,NQ09B SELL NY N130 TP2,25094.25,2,1004410,631,0.06,9,635.5,0.06,-34.5,0.00,104804.5,41.92,0
2283,Entry short,2025-11-07 09:30,[CC] SELL NY,25110.25,2,1004410,631,0.06,9,635.5,0.06,-34.5,0.00,104804.5,41.92,0
2284,Exit short,2025-11-09 18:00,NQ09B SELL WEEKLY STOP,25321.75,2,1012820,-59,-0.01,9,0,0.00,-54.5,-0.01,104745.5,41.90,0
2284,Entry short,2025-11-09 18:00,[CC] SELL WEEKLY,25320.5,2,1012820,-59,-0.01,9,0,0.00,-54.5,-0.01,104745.5,41.90,0
2285,Exit short,2025-11-10 09:30,NQ09B SELL NY STOP,25539.75,2,1021540,-59,-0.01,9,525.5,0.05,-54.5,-0.01,104686.5,41.87,0
2285,Entry short,2025-11-10 09:30,[CC] SELL NY,25538.5,2,1021540,-59,-0.01,9,525.5,0.05,-54.5,-0.01,104686.5,41.87,0
2286,Exit short,2025-11-11 09:30,NQ09B SELL NY STOP,25606,2,1024190,-59,-0.01,9,355.5,0.03,-54.5,-0.01,104627.5,41.85,0
2286,Entry short,2025-11-11 09:30,[CC] SELL NY,25604.75,2,1024190,-59,-0.01,9,355.5,0.03,-54.5,-0.01,104627.5,41.85,0
2287,Exit short,2025-11-12 09:30,NQ09B SELL NY STOP,25779.5,2,1031130,-59,-0.01,9,0,0.00,-54.5,-0.01,104568.5,41.83,0
2287,Entry short,2025-11-12 09:30,[CC] SELL NY,25778.25,2,1031130,-59,-0.01,9,0,0.00,-54.5,-0.01,104568.5,41.83,0
2288,Exit short,2025-11-13 09:30,NQ09B SELL NY STOP,25478.25,2,1019080,-59,-0.01,9,0,0.00,-54.5,-0.01,104509.5,41.80,0
2288,Entry short,2025-11-13 09:30,[CC] SELL NY,25477,2,1019080,-59,-0.01,9,0,0.00,-54.5,-0.01,104509.5,41.80,0
2289,Exit short,2025-11-13 18:00,NQ09B SELL WEEKDAY 1800 STOP,25096.25,1,501900,-29.5,-0.01,4.5,142.75,0.03,-27.25,-0.01,104480,41.79,0
2289,Entry short,2025-11-13 18:00,[CC] SELL WEAK,25095,1,501900,-29.5,-0.01,4.5,142.75,0.03,-27.25,-0.01,104480,41.79,0
2290,Exit short,2025-11-14 09:30,NQ09B SELL NY STOP,24724.5,2,988930,-59,-0.01,9,0,0.00,-54.5,-0.01,104421,41.77,0
2290,Entry short,2025-11-14 09:30,[CC] SELL NY,24723.25,2,988930,-59,-0.01,9,0,0.00,-54.5,-0.01,104421,41.77,0
2291,Exit short,2025-11-16 18:00,NQ09B SELL WEEKLY STOP,25143.25,2,1005680,-59,-0.01,9,0,0.00,-54.5,-0.01,104362,41.74,0
2291,Entry short,2025-11-16 18:00,[CC] SELL WEEKLY,25142,2,1005680,-59,-0.01,9,0,0.00,-54.5,-0.01,104362,41.74,0
2292,Exit short,2025-11-17 09:30,NQ09B SELL NY N130 TP2,24981.5,2,999900,631,0.06,9,635.5,0.06,-14.5,0.00,104993,42.00,0
2292,Entry short,2025-11-17 09:30,[CC] SELL NY,24997.5,2,999900,631,0.06,9,635.5,0.06,-14.5,0.00,104993,42.00,0
2293,Exit short,2025-11-17 18:00,NQ09B SELL WEEKDAY 1800 D80,24895.25,1,498105,195.5,0.04,4.5,197.75,0.04,-7.25,0.00,105188.5,42.08,0
2293,Entry short,2025-11-17 18:00,[CC] SELL WEAK,24905.25,1,498105,195.5,0.04,4.5,197.75,0.04,-7.25,0.00,105188.5,42.08,0
2294,Exit short,2025-11-18 09:30,NQ09B SELL NY N130 TP2,24702,2,988720,631,0.06,9,635.5,0.06,-14.5,0.00,105819.5,42.33,0
2294,Entry short,2025-11-18 09:30,[CC] SELL NY,24718,2,988720,631,0.06,9,635.5,0.06,-14.5,0.00,105819.5,42.33,0
2295,Exit short,2025-11-18 18:00,NQ09B SELL WEEKDAY 1800 D80,24540.75,2,982030,391,0.04,9,395.5,0.04,-14.5,0.00,106210.5,42.48,0
2295,Entry short,2025-11-18 18:00,[CC] SELL PREMIUM,24550.75,2,982030,391,0.04,9,395.5,0.04,-14.5,0.00,106210.5,42.48,0
2296,Exit short,2025-11-19 09:30,NQ09B SELL NY N130 TP2,24595.25,2,984450,631,0.06,9,635.5,0.06,-14.5,0.00,106841.5,42.74,0
2296,Entry short,2025-11-19 09:30,[CC] SELL NY,24611.25,2,984450,631,0.06,9,635.5,0.06,-14.5,0.00,106841.5,42.74,0
2297,Exit short,2025-11-19 18:00,NQ09B SELL WEEKDAY 1800 D80,24956.5,2,998660,391,0.04,9,395.5,0.04,-14.5,0.00,107232.5,42.89,0
2297,Entry short,2025-11-19 18:00,[CC] SELL PREMIUM,24966.5,2,998660,391,0.04,9,395.5,0.04,-14.5,0.00,107232.5,42.89,0
2298,Exit short,2025-11-20 09:30,NQ09B SELL NY STOP,25212.5,2,1008450,-59,-0.01,9,0,0.00,-54.5,-0.01,107173.5,42.87,0
2298,Entry short,2025-11-20 09:30,[CC] SELL NY,25211.25,2,1008450,-59,-0.01,9,0,0.00,-54.5,-0.01,107173.5,42.87,0
2299,Exit short,2025-11-20 18:00,NQ09B SELL WEEKDAY 1800 STOP,24111,2,964390,-59,-0.01,9,0,0.00,-54.5,-0.01,107114.5,42.85,0
2299,Entry short,2025-11-20 18:00,[CC] SELL PREMIUM,24109.75,2,964390,-59,-0.01,9,0,0.00,-54.5,-0.01,107114.5,42.85,0
2300,Exit short,2025-11-21 09:30,NQ09B SELL NY N130 TP2,24187.25,2,968130,631,0.07,9,635.5,0.07,-14.5,0.00,107745.5,43.10,0
2300,Entry short,2025-11-21 09:30,[CC] SELL NY,24203.25,2,968130,631,0.07,9,635.5,0.07,-14.5,0.00,107745.5,43.10,0
2301,Exit short,2025-11-23 18:00,NQ09B SELL WEEKLY STOP,24456.75,2,978220,-59,-0.01,9,0,0.00,-54.5,-0.01,107686.5,43.07,0
2301,Entry short,2025-11-23 18:00,[CC] SELL WEEKLY,24455.5,2,978220,-59,-0.01,9,0,0.00,-54.5,-0.01,107686.5,43.07,0
2302,Exit short,2025-11-24 09:30,NQ09B SELL NY STOP,24523.25,2,980880,-59,-0.01,9,205.5,0.02,-54.5,-0.01,107627.5,43.05,0
2302,Entry short,2025-11-24 09:30,[CC] SELL NY,24522,2,980880,-59,-0.01,9,205.5,0.02,-54.5,-0.01,107627.5,43.05,0
2303,Exit short,2025-11-25 09:30,NQ09B SELL NY STOP,24858.25,2,994280,-59,-0.01,9,0,0.00,-54.5,-0.01,107568.5,43.03,0
2303,Entry short,2025-11-25 09:30,[CC] SELL NY,24857,2,994280,-59,-0.01,9,0,0.00,-54.5,-0.01,107568.5,43.03,0
2304,Exit short,2025-11-26 09:30,NQ09B SELL NY STOP,25223.25,2,1008880,-59,-0.01,9,555.5,0.06,-54.5,-0.01,107509.5,43.00,0
2304,Entry short,2025-11-26 09:30,[CC] SELL NY,25222,2,1008880,-59,-0.01,9,555.5,0.06,-54.5,-0.01,107509.5,43.00,0
2305,Exit short,2025-11-27 09:30,NQ09B SELL NY STOP,25302.5,2,1012050,-59,-0.01,9,0,0.00,-54.5,-0.01,107450.5,42.98,0
2305,Entry short,2025-11-27 09:30,[CC] SELL NY,25301.25,2,1012050,-59,-0.01,9,0,0.00,-54.5,-0.01,107450.5,42.98,0
2306,Exit short,2025-11-28 09:30,NQ09B SELL NY STOP,25359,2,1014310,-59,-0.01,9,185.5,0.02,-54.5,-0.01,107391.5,42.96,0
2306,Entry short,2025-11-28 09:30,[CC] SELL NY,25357.75,2,1014310,-59,-0.01,9,185.5,0.02,-54.5,-0.01,107391.5,42.96,0
2307,Exit short,2025-11-30 18:00,NQ09B SELL WEEKLY W80,25472.25,2,1019290,391,0.04,9,395.5,0.04,-14.5,0.00,107782.5,43.11,0
2307,Entry short,2025-11-30 18:00,[CC] SELL WEEKLY,25482.25,2,1019290,391,0.04,9,395.5,0.04,-14.5,0.00,107782.5,43.11,0
2308,Exit short,2025-12-01 09:30,NQ09B SELL NY N130 TP2,25238.75,2,1010190,631,0.06,9,635.5,0.06,-14.5,0.00,108413.5,43.37,0
2308,Entry short,2025-12-01 09:30,[CC] SELL NY,25254.75,2,1010190,631,0.06,9,635.5,0.06,-14.5,0.00,108413.5,43.37,0
2309,Exit short,2025-12-02 09:30,NQ09B SELL NY N130 TP2,25476.5,2,1019700,631,0.06,9,635.5,0.06,-14.5,0.00,109044.5,43.62,0
2309,Entry short,2025-12-02 09:30,[CC] SELL NY,25492.5,2,1019700,631,0.06,9,635.5,0.06,-14.5,0.00,109044.5,43.62,0
2310,Exit short,2025-12-03 09:30,NQ09B SELL NY N130 TP2,25479,2,1019800,631,0.06,9,635.5,0.06,-14.5,0.00,109675.5,43.87,0
2310,Entry short,2025-12-03 09:30,[CC] SELL NY,25495,2,1019800,631,0.06,9,635.5,0.06,-14.5,0.00,109675.5,43.87,0
2311,Exit short,2025-12-04 09:30,NQ09B SELL NY STOP,25713,2,1028470,-59,-0.01,9,0,0.00,-54.5,-0.01,109616.5,43.85,0
2311,Entry short,2025-12-04 09:30,[CC] SELL NY,25711.75,2,1028470,-59,-0.01,9,0,0.00,-54.5,-0.01,109616.5,43.85,0
2312,Exit short,2025-12-05 09:30,NQ09B SELL NY STOP,25681,2,1027190,-59,-0.01,9,55.5,0.01,-54.5,-0.01,109557.5,43.82,0
2312,Entry short,2025-12-05 09:30,[CC] SELL NY,25679.75,2,1027190,-59,-0.01,9,55.5,0.01,-54.5,-0.01,109557.5,43.82,0
2313,Exit short,2025-12-07 18:00,NQ09B SELL WEEKLY STOP,25751,2,1029990,-59,-0.01,9,0,0.00,-54.5,-0.01,109498.5,43.80,0
2313,Entry short,2025-12-07 18:00,[CC] SELL WEEKLY,25749.75,2,1029990,-59,-0.01,9,0,0.00,-54.5,-0.01,109498.5,43.80,0
2314,Exit short,2025-12-08 09:30,NQ09B SELL NY STOP,25792,2,1031630,-59,-0.01,9,475.5,0.05,-54.5,-0.01,109439.5,43.78,0
2314,Entry short,2025-12-08 09:30,[CC] SELL NY,25790.75,2,1031630,-59,-0.01,9,475.5,0.05,-54.5,-0.01,109439.5,43.78,0
2315,Exit short,2025-12-08 18:00,NQ09B SELL WEEKDAY 1800 STOP,25714,2,1028510,-59,-0.01,9,0,0.00,-54.5,-0.01,109380.5,43.75,0
2315,Entry short,2025-12-08 18:00,[CC] SELL PREMIUM,25712.75,2,1028510,-59,-0.01,9,0,0.00,-54.5,-0.01,109380.5,43.75,0
2316,Exit short,2025-12-09 09:30,NQ09B SELL NY STOP,25619.5,2,1024730,-59,-0.01,9,0,0.00,-54.5,-0.01,109321.5,43.73,0
2316,Entry short,2025-12-09 09:30,[CC] SELL NY,25618.25,2,1024730,-59,-0.01,9,0,0.00,-54.5,-0.01,109321.5,43.73,0
2317,Exit short,2025-12-10 09:30,NQ09B SELL NY STOP,25648.25,2,1025880,-59,-0.01,9,0,0.00,-54.5,-0.01,109262.5,43.71,0
2317,Entry short,2025-12-10 09:30,[CC] SELL NY,25647,2,1025880,-59,-0.01,9,0,0.00,-54.5,-0.01,109262.5,43.71,0
2318,Exit short,2025-12-11 09:30,NQ09B SELL NY STOP,25644.5,2,1025730,-59,-0.01,9,0,0.00,-54.5,-0.01,109203.5,43.68,0
2318,Entry short,2025-12-11 09:30,[CC] SELL NY,25643.25,2,1025730,-59,-0.01,9,0,0.00,-54.5,-0.01,109203.5,43.68,0
2319,Exit short,2025-12-11 18:00,NQ09B SELL WEEKDAY 1800 STOP,25702,2,1028030,-59,-0.01,9,195.5,0.02,-54.5,-0.01,109144.5,43.66,0
2319,Entry short,2025-12-11 18:00,[CC] SELL PREMIUM,25700.75,2,1028030,-59,-0.01,9,195.5,0.02,-54.5,-0.01,109144.5,43.66,0
2320,Exit short,2025-12-12 09:30,NQ09B SELL NY STOP,25561.25,2,1022400,-59,-0.01,9,0,0.00,-54.5,-0.01,109085.5,43.63,0
2320,Entry short,2025-12-12 09:30,[CC] SELL NY,25560,2,1022400,-59,-0.01,9,0,0.00,-54.5,-0.01,109085.5,43.63,0
2321,Exit short,2025-12-14 18:00,NQ09B SELL WEEKLY STOP,25224.5,2,1008930,-59,-0.01,9,0,0.00,-54.5,-0.01,109026.5,43.61,0
2321,Entry short,2025-12-14 18:00,[CC] SELL WEEKLY,25223.25,2,1008930,-59,-0.01,9,0,0.00,-54.5,-0.01,109026.5,43.61,0
2322,Exit short,2025-12-15 09:30,NQ09B SELL NY STOP,25409,2,1016310,-59,-0.01,9,0,0.00,-54.5,-0.01,108967.5,43.59,0
2322,Entry short,2025-12-15 09:30,[CC] SELL NY,25407.75,2,1016310,-59,-0.01,9,0,0.00,-54.5,-0.01,108967.5,43.59,0
2323,Exit short,2025-12-16 09:30,NQ09B SELL NY N130 TP2,25215.75,2,1009270,631,0.06,9,635.5,0.06,-14.5,0.00,109598.5,43.84,0
2323,Entry short,2025-12-16 09:30,[CC] SELL NY,25231.75,2,1009270,631,0.06,9,635.5,0.06,-14.5,0.00,109598.5,43.84,0
2324,Exit short,2025-12-17 09:30,NQ09B SELL NY STOP,25423.5,2,1016890,-59,-0.01,9,0,0.00,-54.5,-0.01,109539.5,43.82,0
2324,Entry short,2025-12-17 09:30,[CC] SELL NY,25422.25,2,1016890,-59,-0.01,9,0,0.00,-54.5,-0.01,109539.5,43.82,0
2325,Exit short,2025-12-17 18:00,NQ09B SELL WEEKDAY 1800 STOP,24984.5,1,499665,-29.5,-0.01,4.5,182.75,0.04,-27.25,-0.01,109510,43.80,0
2325,Entry short,2025-12-17 18:00,[CC] SELL WEAK,24983.25,1,499665,-29.5,-0.01,4.5,182.75,0.04,-27.25,-0.01,109510,43.80,0
2326,Exit short,2025-12-18 09:30,NQ09B SELL NY N130 TP2,25262.5,2,1011140,631,0.06,9,635.5,0.06,-14.5,0.00,110141,44.06,0
2326,Entry short,2025-12-18 09:30,[CC] SELL NY,25278.5,2,1011140,631,0.06,9,635.5,0.06,-14.5,0.00,110141,44.06,0
2327,Exit short,2025-12-18 18:00,NQ09B SELL WEEKDAY 1800 D80,25229.75,1,504795,195.5,0.04,4.5,197.75,0.04,-7.25,0.00,110336.5,44.13,0
2327,Entry short,2025-12-18 18:00,[CC] SELL WEAK,25239.75,1,504795,195.5,0.04,4.5,197.75,0.04,-7.25,0.00,110336.5,44.13,0
2328,Exit short,2025-12-19 09:30,NQ09B SELL NY STOP,25362.25,2,1014440,-59,-0.01,9,155.5,0.02,-54.5,-0.01,110277.5,44.11,0
2328,Entry short,2025-12-19 09:30,[CC] SELL NY,25361,2,1014440,-59,-0.01,9,155.5,0.02,-54.5,-0.01,110277.5,44.11,0
2329,Exit short,2025-12-21 18:00,NQ09B SELL WEEKLY STOP,25636.25,2,1025400,-59,-0.01,9,0,0.00,-54.5,-0.01,110218.5,44.09,0
2329,Entry short,2025-12-21 18:00,[CC] SELL WEEKLY,25635,2,1025400,-59,-0.01,9,0,0.00,-54.5,-0.01,110218.5,44.09,0
2330,Exit short,2025-12-22 09:30,NQ09B SELL NY STOP,25781.75,2,1031220,-59,-0.01,9,0,0.00,-54.5,-0.01,110159.5,44.06,0
2330,Entry short,2025-12-22 09:30,[CC] SELL NY,25780.5,2,1031220,-59,-0.01,9,0,0.00,-54.5,-0.01,110159.5,44.06,0
2331,Exit short,2025-12-23 09:30,NQ09B SELL NY STOP,25645.25,2,1025760,-59,-0.01,9,235.5,0.02,-54.5,-0.01,110100.5,44.04,0
2331,Entry short,2025-12-23 09:30,[CC] SELL NY,25644,2,1025760,-59,-0.01,9,235.5,0.02,-54.5,-0.01,110100.5,44.04,0
2332,Exit short,2025-12-24 09:30,NQ09B SELL NY STOP,25796,2,1031790,-59,-0.01,9,425.5,0.04,-54.5,-0.01,110041.5,44.02,0
2332,Entry short,2025-12-24 09:30,[CC] SELL NY,25794.75,2,1031790,-59,-0.01,9,425.5,0.04,-54.5,-0.01,110041.5,44.02,0
2333,Exit short,2025-12-25 18:00,NQ09B SELL WEEKDAY 1800 STOP,25869,1,517355,-29.5,-0.01,4.5,57.75,0.01,-27.25,-0.01,110012,44.00,0
2333,Entry short,2025-12-25 18:00,[CC] SELL WEAK,25867.75,1,517355,-29.5,-0.01,4.5,57.75,0.01,-27.25,-0.01,110012,44.00,0
2334,Exit short,2025-12-26 09:30,NQ09B SELL NY STOP,25900,2,1035950,-59,-0.01,9,0,0.00,-54.5,-0.01,109953,43.98,0
2334,Entry short,2025-12-26 09:30,[CC] SELL NY,25898.75,2,1035950,-59,-0.01,9,0,0.00,-54.5,-0.01,109953,43.98,0
2335,Exit short,2025-12-28 18:00,NQ09B SELL WEEKLY STOP,25864.25,2,1034520,-59,-0.01,9,245.5,0.02,-54.5,-0.01,109894,43.96,0
2335,Entry short,2025-12-28 18:00,[CC] SELL WEEKLY,25863,2,1034520,-59,-0.01,9,245.5,0.02,-54.5,-0.01,109894,43.96,0
2336,Exit short,2025-12-29 09:30,NQ09B SELL NY STOP,25707.75,2,1028260,-59,-0.01,9,0,0.00,-54.5,-0.01,109835,43.93,0
2336,Entry short,2025-12-29 09:30,[CC] SELL NY,25706.5,2,1028260,-59,-0.01,9,0,0.00,-54.5,-0.01,109835,43.93,0
2337,Exit short,2025-12-30 09:30,NQ09B SELL NY STOP,25693.75,2,1027700,-59,-0.01,9,135.5,0.01,-54.5,-0.01,109776,43.91,0
2337,Entry short,2025-12-30 09:30,[CC] SELL NY,25692.5,2,1027700,-59,-0.01,9,135.5,0.01,-54.5,-0.01,109776,43.91,0
2338,Exit short,2025-12-31 09:30,NQ09B SELL NY STOP,25679.75,2,1027140,-59,-0.01,9,0,0.00,-54.5,-0.01,109717,43.89,0
2338,Entry short,2025-12-31 09:30,[CC] SELL NY,25678.5,2,1027140,-59,-0.01,9,0,0.00,-54.5,-0.01,109717,43.89,0
2339,Exit short,2026-01-02 09:30,NQ09B SELL NY N130 TP2,25670.75,2,1027470,631,0.06,9,635.5,0.06,-14.5,0.00,110348,44.14,0
2339,Entry short,2026-01-02 09:30,[CC] SELL NY,25686.75,2,1027470,631,0.06,9,635.5,0.06,-14.5,0.00,110348,44.14,0
2340,Exit short,2026-01-04 18:00,NQ09B SELL WEEKLY W80,25421.5,2,1017260,391,0.04,9,395.5,0.04,-14.5,0.00,110739,44.30,0
2340,Entry short,2026-01-04 18:00,[CC] SELL WEEKLY,25431.5,2,1017260,391,0.04,9,395.5,0.04,-14.5,0.00,110739,44.30,0
2341,Exit short,2026-01-05 09:30,NQ09B SELL NY STOP,25643.5,2,1025690,-59,-0.01,9,0,0.00,-54.5,-0.01,110680,44.27,0
2341,Entry short,2026-01-05 09:30,[CC] SELL NY,25642.25,2,1025690,-59,-0.01,9,0,0.00,-54.5,-0.01,110680,44.27,0
2342,Exit short,2026-01-06 09:30,NQ09B SELL NY STOP,25637,2,1025430,-59,-0.01,9,165.5,0.02,-54.5,-0.01,110621,44.25,0
2342,Entry short,2026-01-06 09:30,[CC] SELL NY,25635.75,2,1025430,-59,-0.01,9,165.5,0.02,-54.5,-0.01,110621,44.25,0
2343,Exit short,2026-01-07 09:30,NQ09B SELL NY N130 TP2,25774.5,2,1031620,631,0.06,9,635.5,0.06,-14.5,0.00,111252,44.50,0
2343,Entry short,2026-01-07 09:30,[CC] SELL NY,25790.5,2,1031620,631,0.06,9,635.5,0.06,-14.5,0.00,111252,44.50,0
2344,Exit short,2026-01-08 09:30,NQ09B SELL NY STOP,25787.5,2,1031450,-59,-0.01,9,0,0.00,-54.5,-0.01,111193,44.48,0
2344,Entry short,2026-01-08 09:30,[CC] SELL NY,25786.25,2,1031450,-59,-0.01,9,0,0.00,-54.5,-0.01,111193,44.48,0
2345,Exit short,2026-01-08 18:00,NQ09B SELL WEEKDAY 1800 STOP,25726,2,1028990,-59,-0.01,9,0,0.00,-54.5,-0.01,111134,44.45,0
2345,Entry short,2026-01-08 18:00,[CC] SELL PREMIUM,25724.75,2,1028990,-59,-0.01,9,0,0.00,-54.5,-0.01,111134,44.45,0
2346,Exit short,2026-01-09 09:30,NQ09B SELL NY STOP,25715,2,1028550,-59,-0.01,9,0,0.00,-54.5,-0.01,111075,44.43,0
2346,Entry short,2026-01-09 09:30,[CC] SELL NY,25713.75,2,1028550,-59,-0.01,9,0,0.00,-54.5,-0.01,111075,44.43,0
2347,Exit short,2026-01-11 18:00,NQ09B SELL WEEKLY STOP,25950,2,1037950,-59,-0.01,9,0,0.00,-54.5,-0.01,111016,44.41,0
2347,Entry short,2026-01-11 18:00,[CC] SELL WEEKLY,25948.75,2,1037950,-59,-0.01,9,0,0.00,-54.5,-0.01,111016,44.41,0
2348,Exit short,2026-01-12 09:30,NQ09B SELL NY STOP,25747.25,2,1029840,-59,-0.01,9,95.5,0.01,-54.5,-0.01,110957,44.38,0
2348,Entry short,2026-01-12 09:30,[CC] SELL NY,25746,2,1029840,-59,-0.01,9,95.5,0.01,-54.5,-0.01,110957,44.38,0
2349,Exit short,2026-01-12 18:00,NQ09B SELL WEEKDAY 1800 D80,25943.25,1,519065,195.5,0.04,4.5,197.75,0.04,-17.25,0.00,111152.5,44.46,0
2349,Entry short,2026-01-12 18:00,[CC] SELL WEAK,25953.25,1,519065,195.5,0.04,4.5,197.75,0.04,-17.25,0.00,111152.5,44.46,0
2350,Exit short,2026-01-13 09:30,NQ09B SELL NY N130 TP2,25934.25,2,1038010,631,0.06,9,635.5,0.06,-14.5,0.00,111783.5,44.71,0
2350,Entry short,2026-01-13 09:30,[CC] SELL NY,25950.25,2,1038010,631,0.06,9,635.5,0.06,-14.5,0.00,111783.5,44.71,0
2351,Exit short,2026-01-14 09:30,NQ09B SELL NY STOP,25740.75,2,1029580,-59,-0.01,9,0,0.00,-54.5,-0.01,111724.5,44.69,0
2351,Entry short,2026-01-14 09:30,[CC] SELL NY,25739.5,2,1029580,-59,-0.01,9,0,0.00,-54.5,-0.01,111724.5,44.69,0
2352,Exit short,2026-01-14 18:00,NQ09B SELL WEEKDAY 1800 STOP,25594,1,511855,-29.5,-0.01,4.5,172.75,0.03,-27.25,-0.01,111695,44.68,0
2352,Entry short,2026-01-14 18:00,[CC] SELL WEAK,25592.75,1,511855,-29.5,-0.01,4.5,172.75,0.03,-27.25,-0.01,111695,44.68,0
2353,Exit short,2026-01-15 09:30,NQ09B SELL NY STOP,25925.75,2,1036980,-59,-0.01,9,0,0.00,-54.5,-0.01,111636,44.65,0
2353,Entry short,2026-01-15 09:30,[CC] SELL NY,25924.5,2,1036980,-59,-0.01,9,0,0.00,-54.5,-0.01,111636,44.65,0
2354,Exit short,2026-01-16 09:30,NQ09B SELL NY STOP,25869,2,1034710,-59,-0.01,9,0,0.00,-54.5,-0.01,111577,44.63,0
2354,Entry short,2026-01-16 09:30,[CC] SELL NY,25867.75,2,1034710,-59,-0.01,9,0,0.00,-54.5,-0.01,111577,44.63,0
2355,Exit short,2026-01-18 18:00,NQ09B SELL WEEKLY STOP,25472,2,1018830,-59,-0.01,9,0,0.00,-54.5,-0.01,111518,44.61,0
2355,Entry short,2026-01-18 18:00,[CC] SELL WEEKLY,25470.75,2,1018830,-59,-0.01,9,0,0.00,-54.5,-0.01,111518,44.61,0
2356,Exit short,2026-01-19 09:30,NQ09B SELL NY STOP,25292.25,2,1011640,-59,-0.01,9,0,0.00,-54.5,-0.01,111459,44.58,0
2356,Entry short,2026-01-19 09:30,[CC] SELL NY,25291,2,1011640,-59,-0.01,9,0,0.00,-54.5,-0.01,111459,44.58,0
2357,Exit short,2026-01-19 18:00,NQ09B SELL WEEKDAY 1800 STOP,25395.75,1,507890,-29.5,-0.01,4.5,0,0.00,-27.25,-0.01,111429.5,44.57,0
2357,Entry short,2026-01-19 18:00,[CC] SELL WEAK,25394.5,1,507890,-29.5,-0.01,4.5,0,0.00,-27.25,-0.01,111429.5,44.57,0
2358,Exit short,2026-01-20 09:30,NQ09B SELL NY STOP,25244.5,2,1009730,-59,-0.01,9,375.5,0.04,-54.5,-0.01,111370.5,44.55,0
2358,Entry short,2026-01-20 09:30,[CC] SELL NY,25243.25,2,1009730,-59,-0.01,9,375.5,0.04,-54.5,-0.01,111370.5,44.55,0
2359,Exit short,2026-01-20 18:00,NQ09B SELL WEEKDAY 1800 D80,25139.25,1,502985,195.5,0.04,4.5,197.75,0.04,-7.25,0.00,111566,44.63,0
2359,Entry short,2026-01-20 18:00,[CC] SELL WEAK,25149.25,1,502985,195.5,0.04,4.5,197.75,0.04,-7.25,0.00,111566,44.63,0
2360,Exit short,2026-01-21 09:30,NQ09B SELL NY STOP,25197.5,2,1007850,-59,-0.01,9,0,0.00,-54.5,-0.01,111507,44.60,0
2360,Entry short,2026-01-21 09:30,[CC] SELL NY,25196.25,2,1007850,-59,-0.01,9,0,0.00,-54.5,-0.01,111507,44.60,0
2361,Exit short,2026-01-22 09:30,NQ09B SELL NY STOP,25730,2,1029150,-59,-0.01,9,0,0.00,-54.5,-0.01,111448,44.58,0
2361,Entry short,2026-01-22 09:30,[CC] SELL NY,25728.75,2,1029150,-59,-0.01,9,0,0.00,-54.5,-0.01,111448,44.58,0
2362,Exit short,2026-01-22 18:00,NQ09B SELL WEEKDAY 1800 STOP,25606,2,1024190,-59,-0.01,9,0,0.00,-54.5,-0.01,111389,44.56,0
2362,Entry short,2026-01-22 18:00,[CC] SELL PREMIUM,25604.75,2,1024190,-59,-0.01,9,0,0.00,-54.5,-0.01,111389,44.56,0
2363,Exit short,2026-01-23 09:30,NQ09B SELL NY N130 TP2,25591.75,2,1024310,631,0.06,9,635.5,0.06,-14.5,0.00,112020,44.81,0
2363,Entry short,2026-01-23 09:30,[CC] SELL NY,25607.75,2,1024310,631,0.06,9,635.5,0.06,-14.5,0.00,112020,44.81,0
2364,Exit short,2026-01-25 18:00,NQ09B SELL WEEKLY W80,25575.25,2,1023410,391,0.04,9,395.5,0.04,-14.5,0.00,112411,44.96,0
2364,Entry short,2026-01-25 18:00,[CC] SELL WEEKLY,25585.25,2,1023410,391,0.04,9,395.5,0.04,-14.5,0.00,112411,44.96,0
2365,Exit short,2026-01-26 09:30,NQ09B SELL NY STOP,25750,2,1029950,-59,-0.01,9,0,0.00,-54.5,-0.01,112352,44.94,0
2365,Entry short,2026-01-26 09:30,[CC] SELL NY,25748.75,2,1029950,-59,-0.01,9,0,0.00,-54.5,-0.01,112352,44.94,0
2366,Exit short,2026-01-27 09:30,NQ09B SELL NY N130 TP2,25966.5,2,1039300,631,0.06,9,635.5,0.06,-14.5,0.00,112983,45.19,0
2366,Entry short,2026-01-27 09:30,[CC] SELL NY,25982.5,2,1039300,631,0.06,9,635.5,0.06,-14.5,0.00,112983,45.19,0
2367,Exit short,2026-01-27 18:00,NQ09B SELL WEEKDAY 1800 STOP,26112.25,2,1044440,-59,-0.01,9,0,0.00,-54.5,-0.01,112924,45.17,0
2367,Entry short,2026-01-27 18:00,[CC] SELL PREMIUM,26111,2,1044440,-59,-0.01,9,0,0.00,-54.5,-0.01,112924,45.17,0
2368,Exit short,2026-01-28 09:30,NQ09B SELL NY N130 TP2,26236.25,2,1050090,631,0.06,9,635.5,0.06,-14.5,0.00,113555,45.42,0
2368,Entry short,2026-01-28 09:30,[CC] SELL NY,26252.25,2,1050090,631,0.06,9,635.5,0.06,-14.5,0.00,113555,45.42,0
2369,Exit short,2026-01-28 18:00,NQ09B SELL WEEKDAY 1800 STOP,26283.5,2,1051290,-59,-0.01,9,0,0.00,-54.5,-0.01,113496,45.40,0
2369,Entry short,2026-01-28 18:00,[CC] SELL PREMIUM,26282.25,2,1051290,-59,-0.01,9,0,0.00,-54.5,-0.01,113496,45.40,0
2370,Exit short,2026-01-29 09:30,NQ09B SELL NY STOP,26134.5,2,1045330,-59,-0.01,9,0,0.00,-54.5,-0.01,113437,45.37,0
2370,Entry short,2026-01-29 09:30,[CC] SELL NY,26133.25,2,1045330,-59,-0.01,9,0,0.00,-54.5,-0.01,113437,45.37,0
2371,Exit short,2026-01-29 18:00,NQ09B SELL WEEKDAY 1800 STOP,25999.5,1,519965,-29.5,-0.01,4.5,0,0.00,-27.25,-0.01,113407.5,45.36,0
2371,Entry short,2026-01-29 18:00,[CC] SELL WEAK,25998.25,1,519965,-29.5,-0.01,4.5,0,0.00,-27.25,-0.01,113407.5,45.36,0
2372,Exit short,2026-01-30 09:30,NQ09B SELL NY N130 TP2,25818,2,1033360,631,0.06,9,635.5,0.06,-14.5,0.00,114038.5,45.62,0
2372,Entry short,2026-01-30 09:30,[CC] SELL NY,25834,2,1033360,631,0.06,9,635.5,0.06,-14.5,0.00,114038.5,45.62,0
2373,Exit short,2026-02-01 18:00,NQ09B SELL WEEKLY STOP,25531,2,1021190,-59,-0.01,9,0,0.00,-54.5,-0.01,113979.5,45.59,0
2373,Entry short,2026-02-01 18:00,[CC] SELL WEEKLY,25529.75,2,1021190,-59,-0.01,9,0,0.00,-54.5,-0.01,113979.5,45.59,0
2374,Exit short,2026-02-02 09:30,NQ09B SELL NY STOP,25543.5,2,1021690,-59,-0.01,9,95.5,0.01,-54.5,-0.01,113920.5,45.57,0
2374,Entry short,2026-02-02 09:30,[CC] SELL NY,25542.25,2,1021690,-59,-0.01,9,95.5,0.01,-54.5,-0.01,113920.5,45.57,0
2375,Exit short,2026-02-02 18:00,NQ09B SELL WEEKDAY 1800 STOP,25877.5,1,517525,-29.5,-0.01,4.5,192.75,0.04,-27.25,-0.01,113891,45.56,0
2375,Entry short,2026-02-02 18:00,[CC] SELL WEAK,25876.25,1,517525,-29.5,-0.01,4.5,192.75,0.04,-27.25,-0.01,113891,45.56,0
2376,Exit short,2026-02-03 09:30,NQ09B SELL NY STOP,25935.75,2,1037380,-59,-0.01,9,0,0.00,-54.5,-0.01,113832,45.53,0
2376,Entry short,2026-02-03 09:30,[CC] SELL NY,25934.5,2,1037380,-59,-0.01,9,0,0.00,-54.5,-0.01,113832,45.53,0
2377,Exit short,2026-02-03 18:00,NQ09B SELL WEEKDAY 1800 STOP,25388.5,1,507745,-29.5,-0.01,4.5,127.75,0.03,-27.25,-0.01,113802.5,45.52,0
2377,Entry short,2026-02-03 18:00,[CC] SELL WEAK,25387.25,1,507745,-29.5,-0.01,4.5,127.75,0.03,-27.25,-0.01,113802.5,45.52,0
2378,Exit short,2026-02-04 09:30,NQ09B SELL NY STOP,25386.5,2,1015410,-59,-0.01,9,0,0.00,-54.5,-0.01,113743.5,45.50,0
2378,Entry short,2026-02-04 09:30,[CC] SELL NY,25385.25,2,1015410,-59,-0.01,9,0,0.00,-54.5,-0.01,113743.5,45.50,0
2379,Exit short,2026-02-04 18:00,NQ09B SELL WEEKDAY 1800 STOP,25062.75,2,1002460,-59,-0.01,9,255.5,0.03,-54.5,-0.01,113684.5,45.47,0
2379,Entry short,2026-02-04 18:00,[CC] SELL PREMIUM,25061.5,2,1002460,-59,-0.01,9,255.5,0.03,-54.5,-0.01,113684.5,45.47,0
2380,Exit short,2026-02-05 09:30,NQ09B SELL NY STOP,24771.25,2,990800,-59,-0.01,9,0,0.00,-54.5,-0.01,113625.5,45.45,0
2380,Entry short,2026-02-05 09:30,[CC] SELL NY,24770,2,990800,-59,-0.01,9,0,0.00,-54.5,-0.01,113625.5,45.45,0
2381,Exit short,2026-02-05 18:00,NQ09B SELL WEEKDAY 1800 D80,24405.75,2,976630,391,0.04,9,395.5,0.04,-14.5,0.00,114016.5,45.61,0
2381,Entry short,2026-02-05 18:00,[CC] SELL PREMIUM,24415.75,2,976630,391,0.04,9,395.5,0.04,-14.5,0.00,114016.5,45.61,0
2382,Exit short,2026-02-06 09:30,NQ09B SELL NY N130 TP2,24744.25,2,990410,631,0.06,9,635.5,0.06,-14.5,0.00,114647.5,45.86,0
2382,Entry short,2026-02-06 09:30,[CC] SELL NY,24760.25,2,990410,631,0.06,9,635.5,0.06,-14.5,0.00,114647.5,45.86,0
2383,Exit short,2026-02-08 18:00,NQ09B SELL WEEKLY STOP,25154.75,2,1006140,-59,-0.01,9,0,0.00,-54.5,-0.01,114588.5,45.84,0
2383,Entry short,2026-02-08 18:00,[CC] SELL WEEKLY,25153.5,2,1006140,-59,-0.01,9,0,0.00,-54.5,-0.01,114588.5,45.84,0
2384,Exit short,2026-02-09 09:30,NQ09B SELL NY STOP,25058.75,2,1002300,-59,-0.01,9,0,0.00,-54.5,-0.01,114529.5,45.81,0
2384,Entry short,2026-02-09 09:30,[CC] SELL NY,25057.5,2,1002300,-59,-0.01,9,0,0.00,-54.5,-0.01,114529.5,45.81,0
2385,Exit short,2026-02-10 09:30,NQ09B SELL NY N130 TP2,25360.25,2,1015050,631,0.06,9,635.5,0.06,-14.5,0.00,115160.5,46.06,0
2385,Entry short,2026-02-10 09:30,[CC] SELL NY,25376.25,2,1015050,631,0.06,9,635.5,0.06,-14.5,0.00,115160.5,46.06,0
2386,Exit short,2026-02-11 09:30,NQ09B SELL NY STOP,25419.5,2,1016730,-59,-0.01,9,0,0.00,-54.5,-0.01,115101.5,46.04,0
2386,Entry short,2026-02-11 09:30,[CC] SELL NY,25418.25,2,1016730,-59,-0.01,9,0,0.00,-54.5,-0.01,115101.5,46.04,0
2387,Exit short,2026-02-12 09:30,NQ09B SELL NY N130 TP2,25330,2,1013840,631,0.06,9,635.5,0.06,-14.5,0.00,115732.5,46.29,0
2387,Entry short,2026-02-12 09:30,[CC] SELL NY,25346,2,1013840,631,0.06,9,635.5,0.06,-14.5,0.00,115732.5,46.29,0
2388,Exit short,2026-02-13 09:30,NQ09B SELL NY N130 TP2,24726.75,2,989710,631,0.06,9,635.5,0.06,-14.5,0.00,116363.5,46.55,0
2388,Entry short,2026-02-13 09:30,[CC] SELL NY,24742.75,2,989710,631,0.06,9,635.5,0.06,-14.5,0.00,116363.5,46.55,0
2389,Exit short,2026-02-15 18:00,NQ09B SELL WEEKLY W80,24779.5,2,991580,391,0.04,9,395.5,0.04,-14.5,0.00,116754.5,46.70,0
2389,Entry short,2026-02-15 18:00,[CC] SELL WEEKLY,24789.5,2,991580,391,0.04,9,395.5,0.04,-14.5,0.00,116754.5,46.70,0
2390,Exit short,2026-02-16 09:30,NQ09B SELL NY STOP,24763.75,2,990500,-59,-0.01,9,0,0.00,-54.5,-0.01,116695.5,46.68,0
2390,Entry short,2026-02-16 09:30,[CC] SELL NY,24762.5,2,990500,-59,-0.01,9,0,0.00,-54.5,-0.01,116695.5,46.68,0
2391,Exit short,2026-02-16 18:00,NQ09B SELL WEEKDAY 1800 STOP,24747.25,1,494920,-29.5,-0.01,4.5,137.75,0.03,-27.25,-0.01,116666,46.67,0
2391,Entry short,2026-02-16 18:00,[CC] SELL WEAK,24746,1,494920,-29.5,-0.01,4.5,137.75,0.03,-27.25,-0.01,116666,46.67,0
2392,Exit short,2026-02-17 09:30,NQ09B SELL NY N130 TP2,24643,2,986360,631,0.06,9,635.5,0.06,-14.5,0.00,117297,46.92,0
2392,Entry short,2026-02-17 09:30,[CC] SELL NY,24659,2,986360,631,0.06,9,635.5,0.06,-14.5,0.00,117297,46.92,0
2393,Exit short,2026-02-17 18:00,NQ09B SELL WEEKDAY 1800 STOP,24774.75,1,495470,-29.5,-0.01,4.5,0,0.00,-27.25,-0.01,117267.5,46.91,0
2393,Entry short,2026-02-17 18:00,[CC] SELL WEAK,24773.5,1,495470,-29.5,-0.01,4.5,0,0.00,-27.25,-0.01,117267.5,46.91,0
2394,Exit short,2026-02-18 09:30,NQ09B SELL NY STOP,24810.5,2,992370,-59,-0.01,9,0,0.00,-54.5,-0.01,117208.5,46.88,0
2394,Entry short,2026-02-18 09:30,[CC] SELL NY,24809.25,2,992370,-59,-0.01,9,0,0.00,-54.5,-0.01,117208.5,46.88,0
2395,Exit short,2026-02-19 09:30,NQ09B SELL NY N130 TP2,24817.5,2,993340,631,0.06,9,635.5,0.06,-14.5,0.00,117839.5,47.14,0
2395,Entry short,2026-02-19 09:30,[CC] SELL NY,24833.5,2,993340,631,0.06,9,635.5,0.06,-14.5,0.00,117839.5,47.14,0
2396,Exit short,2026-02-20 09:30,NQ09B SELL NY N130 TP2,24699,2,988600,631,0.06,9,635.5,0.06,-14.5,0.00,118470.5,47.39,0
2396,Entry short,2026-02-20 09:30,[CC] SELL NY,24715,2,988600,631,0.06,9,635.5,0.06,-14.5,0.00,118470.5,47.39,0
2397,Exit short,2026-02-22 18:00,NQ09B SELL WEEKLY W80,25023.5,2,1001340,391,0.04,9,395.5,0.04,-14.5,0.00,118861.5,47.54,0
2397,Entry short,2026-02-22 18:00,[CC] SELL WEEKLY,25033.5,2,1001340,391,0.04,9,395.5,0.04,-14.5,0.00,118861.5,47.54,0
2398,Exit short,2026-02-23 09:30,NQ09B SELL NY STOP,24982,2,999230,-59,-0.01,9,405.5,0.04,-54.5,-0.01,118802.5,47.52,0
2398,Entry short,2026-02-23 09:30,[CC] SELL NY,24980.75,2,999230,-59,-0.01,9,405.5,0.04,-54.5,-0.01,118802.5,47.52,0
2399,Exit short,2026-02-24 09:30,NQ09B SELL NY STOP,24806,2,992190,-59,-0.01,9,0,0.00,-54.5,-0.01,118743.5,47.50,0
2399,Entry short,2026-02-24 09:30,[CC] SELL NY,24804.75,2,992190,-59,-0.01,9,0,0.00,-54.5,-0.01,118743.5,47.50,0
2400,Exit short,2026-02-25 09:30,NQ09B SELL NY STOP,25161.25,2,1006400,-59,-0.01,9,125.5,0.01,-54.5,-0.01,118684.5,47.47,0
2400,Entry short,2026-02-25 09:30,[CC] SELL NY,25160,2,1006400,-59,-0.01,9,125.5,0.01,-54.5,-0.01,118684.5,47.47,0
2401,Exit short,2026-02-25 18:00,NQ09B SELL WEEKDAY 1800 D80,25378,2,1015520,391,0.04,9,395.5,0.04,-14.5,0.00,119075.5,47.63,0
2401,Entry short,2026-02-25 18:00,[CC] SELL PREMIUM,25388,2,1015520,391,0.04,9,395.5,0.04,-14.5,0.00,119075.5,47.63,0
2402,Exit short,2026-02-26 09:30,NQ09B SELL NY N130 TP2,25325.75,2,1013670,631,0.06,9,635.5,0.06,-14.5,0.00,119706.5,47.88,0
2402,Entry short,2026-02-26 09:30,[CC] SELL NY,25341.75,2,1013670,631,0.06,9,635.5,0.06,-14.5,0.00,119706.5,47.88,0
2403,Exit short,2026-02-26 18:00,NQ09B SELL WEEKDAY 1800 STOP,25025.25,2,1000960,-59,-0.01,9,0,0.00,-54.5,-0.01,119647.5,47.86,0
2403,Entry short,2026-02-26 18:00,[CC] SELL PREMIUM,25024,2,1000960,-59,-0.01,9,0,0.00,-54.5,-0.01,119647.5,47.86,0
2404,Exit short,2026-02-27 09:30,NQ09B SELL NY STOP,24816.25,2,992600,-59,-0.01,9,395.5,0.04,-54.5,-0.01,119588.5,47.84,0
2404,Entry short,2026-02-27 09:30,[CC] SELL NY,24815,2,992600,-59,-0.01,9,395.5,0.04,-54.5,-0.01,119588.5,47.84,0
2405,Exit short,2026-03-01 18:00,NQ09B SELL WEEKLY W80,24672.25,2,987290,391,0.04,9,395.5,0.04,-14.5,0.00,119979.5,47.99,0
2405,Entry short,2026-03-01 18:00,[CC] SELL WEEKLY,24682.25,2,987290,391,0.04,9,395.5,0.04,-14.5,0.00,119979.5,47.99,0
2406,Exit short,2026-03-02 09:30,NQ09B SELL NY N130 TP2,24628.25,2,985770,631,0.06,9,635.5,0.06,-14.5,0.00,120610.5,48.24,0
2406,Entry short,2026-03-02 09:30,[CC] SELL NY,24644.25,2,985770,631,0.06,9,635.5,0.06,-14.5,0.00,120610.5,48.24,0
2407,Exit short,2026-03-02 18:00,NQ09B SELL WEEKDAY 1800 STOP,25003.75,1,500050,-29.5,-0.01,4.5,0,0.00,-27.25,-0.01,120581,48.23,0
2407,Entry short,2026-03-02 18:00,[CC] SELL WEAK,25002.5,1,500050,-29.5,-0.01,4.5,0,0.00,-27.25,-0.01,120581,48.23,0
2408,Exit short,2026-03-03 09:30,NQ09B SELL NY N130 TP2,24518.75,2,981390,631,0.06,9,635.5,0.06,-14.5,0.00,121212,48.48,0
2408,Entry short,2026-03-03 09:30,[CC] SELL NY,24534.75,2,981390,631,0.06,9,635.5,0.06,-14.5,0.00,121212,48.48,0
2409,Exit short,2026-03-03 18:00,NQ09B SELL WEEKDAY 1800 STOP,24711.75,2,988420,-59,-0.01,9,0,0.00,-54.5,-0.01,121153,48.46,0
2409,Entry short,2026-03-03 18:00,[CC] SELL PREMIUM,24710.5,2,988420,-59,-0.01,9,0,0.00,-54.5,-0.01,121153,48.46,0
2410,Exit short,2026-03-04 09:30,NQ09B SELL NY N130 TP2,24837.25,2,994130,631,0.06,9,635.5,0.06,-14.5,0.00,121784,48.71,0
2410,Entry short,2026-03-04 09:30,[CC] SELL NY,24853.25,2,994130,631,0.06,9,635.5,0.06,-14.5,0.00,121784,48.71,0
2411,Exit short,2026-03-05 09:30,NQ09B SELL NY STOP,24988.75,2,999500,-59,-0.01,9,85.5,0.01,-54.5,-0.01,121725,48.69,0
2411,Entry short,2026-03-05 09:30,[CC] SELL NY,24987.5,2,999500,-59,-0.01,9,85.5,0.01,-54.5,-0.01,121725,48.69,0
2412,Exit short,2026-03-06 09:30,NQ09B SELL NY N130 TP2,24669,2,987400,631,0.06,9,635.5,0.06,-14.5,0.00,122356,48.94,0
2412,Entry short,2026-03-06 09:30,[CC] SELL NY,24685,2,987400,631,0.06,9,635.5,0.06,-14.5,0.00,122356,48.94,0
2413,Exit short,2026-03-08 18:00,NQ09B SELL WEEKLY STOP,24436.25,2,977400,-59,-0.01,9,0,0.00,-54.5,-0.01,122297,48.92,0
2413,Entry short,2026-03-08 18:00,[CC] SELL WEEKLY,24435,2,977400,-59,-0.01,9,0,0.00,-54.5,-0.01,122297,48.92,0
2414,Exit short,2026-03-09 09:30,NQ09B SELL NY STOP,24433.25,2,977280,-59,-0.01,9,315.5,0.03,-54.5,-0.01,122238,48.90,0
2414,Entry short,2026-03-09 09:30,[CC] SELL NY,24432,2,977280,-59,-0.01,9,315.5,0.03,-54.5,-0.01,122238,48.90,0
2415,Exit short,2026-03-09 18:00,NQ09B SELL WEEKDAY 1800 D80,24971.25,1,499625,195.5,0.04,4.5,197.75,0.04,-7.25,0.00,122433.5,48.97,0
2415,Entry short,2026-03-09 18:00,[CC] SELL WEAK,24981.25,1,499625,195.5,0.04,4.5,197.75,0.04,-7.25,0.00,122433.5,48.97,0
2416,Exit short,2026-03-10 09:30,NQ09B SELL NY STOP,24992,2,999630,-59,-0.01,9,5.5,0.00,-54.5,-0.01,122374.5,48.95,0
2416,Entry short,2026-03-10 09:30,[CC] SELL NY,24990.75,2,999630,-59,-0.01,9,5.5,0.00,-54.5,-0.01,122374.5,48.95,0
2417,Exit short,2026-03-10 18:00,NQ09B SELL WEEKDAY 1800 STOP,25011.25,1,500200,-29.5,-0.01,4.5,0,0.00,-27.25,-0.01,122345,48.94,0
2417,Entry short,2026-03-10 18:00,[CC] SELL WEAK,25010,1,500200,-29.5,-0.01,4.5,0,0.00,-27.25,-0.01,122345,48.94,0
2418,Exit short,2026-03-11 09:30,NQ09B SELL NY STOP,25035.75,2,1001380,-59,-0.01,9,0,0.00,-54.5,-0.01,122286,48.91,0
2418,Entry short,2026-03-11 09:30,[CC] SELL NY,25034.5,2,1001380,-59,-0.01,9,0,0.00,-54.5,-0.01,122286,48.91,0
2419,Exit short,2026-03-12 09:30,NQ09B SELL NY N130 TP2,24759.5,2,991020,631,0.06,9,635.5,0.06,-14.5,0.00,122917,49.17,0
2419,Entry short,2026-03-12 09:30,[CC] SELL NY,24775.5,2,991020,631,0.06,9,635.5,0.06,-14.5,0.00,122917,49.17,0
2420,Exit short,2026-03-12 18:00,NQ09B SELL WEEKDAY 1800 STOP,24568,1,491335,-29.5,-0.01,4.5,0,0.00,-27.25,-0.01,122887.5,49.16,0
2420,Entry short,2026-03-12 18:00,[CC] SELL WEAK,24566.75,1,491335,-29.5,-0.01,4.5,0,0.00,-27.25,-0.01,122887.5,49.16,0
2421,Exit short,2026-03-13 09:30,NQ09B SELL NY STOP,24646.5,2,985810,-59,-0.01,9,355.5,0.04,-54.5,-0.01,122828.5,49.13,0
2421,Entry short,2026-03-13 09:30,[CC] SELL NY,24645.25,2,985810,-59,-0.01,9,355.5,0.04,-54.5,-0.01,122828.5,49.13,0
2422,Exit short,2026-03-15 18:00,NQ09B SELL WEEKLY STOP,24286,2,971390,-59,-0.01,9,265.5,0.03,-54.5,-0.01,122769.5,49.11,0
2422,Entry short,2026-03-15 18:00,[CC] SELL WEEKLY,24284.75,2,971390,-59,-0.01,9,265.5,0.03,-54.5,-0.01,122769.5,49.11,0
2423,Exit short,2026-03-16 09:30,NQ09B SELL NY N130 TP2,24639.5,2,986220,631,0.06,9,635.5,0.06,-14.5,0.00,123400.5,49.36,0
2423,Entry short,2026-03-16 09:30,[CC] SELL NY,24655.5,2,986220,631,0.06,9,635.5,0.06,-14.5,0.00,123400.5,49.36,0
2424,Exit short,2026-03-17 09:30,NQ09B SELL NY N130 TP2,24984.5,2,1000020,631,0.06,9,635.5,0.06,-14.5,0.00,124031.5,49.61,0
2424,Entry short,2026-03-17 09:30,[CC] SELL NY,25000.5,2,1000020,631,0.06,9,635.5,0.06,-14.5,0.00,124031.5,49.61,0
2425,Exit short,2026-03-18 09:30,NQ09B SELL NY N130 TP2,24912,2,997120,631,0.06,9,635.5,0.06,-14.5,0.00,124662.5,49.86,0
2425,Entry short,2026-03-18 09:30,[CC] SELL NY,24928,2,997120,631,0.06,9,635.5,0.06,-14.5,0.00,124662.5,49.86,0
2426,Exit short,2026-03-18 18:00,NQ09B SELL WEEKDAY 1800 STOP,24623,1,492435,-29.5,-0.01,4.5,0,0.00,-27.25,-0.01,124633,49.85,0
2426,Entry short,2026-03-18 18:00,[CC] SELL WEAK,24621.75,1,492435,-29.5,-0.01,4.5,0,0.00,-27.25,-0.01,124633,49.85,0
2427,Exit short,2026-03-19 09:30,NQ09B SELL NY STOP,24429.25,2,977120,-59,-0.01,9,0,0.00,-54.5,-0.01,124574,49.83,0
2427,Entry short,2026-03-19 09:30,[CC] SELL NY,24428,2,977120,-59,-0.01,9,0,0.00,-54.5,-0.01,124574,49.83,0
2428,Exit short,2026-03-20 09:30,NQ09B SELL NY STOP,24488.25,2,979480,-59,-0.01,9,0,0.00,-54.5,-0.01,124515,49.81,0
2428,Entry short,2026-03-20 09:30,[CC] SELL NY,24487,2,979480,-59,-0.01,9,0,0.00,-54.5,-0.01,124515,49.81,0
2429,Exit short,2026-03-22 18:00,NQ09B SELL WEEKLY W80,23891.75,2,956070,391,0.04,9,395.5,0.04,-14.5,0.00,124906,49.96,0
2429,Entry short,2026-03-22 18:00,[CC] SELL WEEKLY,23901.75,2,956070,391,0.04,9,395.5,0.04,-14.5,0.00,124906,49.96,0
2430,Exit short,2026-03-23 09:30,NQ09B SELL NY STOP,24494.25,2,979720,-59,-0.01,9,0,0.00,-54.5,-0.01,124847,49.94,0
2430,Entry short,2026-03-23 09:30,[CC] SELL NY,24493,2,979720,-59,-0.01,9,0,0.00,-54.5,-0.01,124847,49.94,0
2431,Exit short,2026-03-23 18:00,NQ09B SELL WEEKDAY 1800 STOP,24418.25,1,488340,-29.5,-0.01,4.5,0,0.00,-27.25,-0.01,124817.5,49.93,0
2431,Entry short,2026-03-23 18:00,[CC] SELL WEAK,24417,1,488340,-29.5,-0.01,4.5,0,0.00,-27.25,-0.01,124817.5,49.93,0
2432,Exit short,2026-03-24 09:30,NQ09B SELL NY N130 TP2,24238,2,970160,631,0.07,9,635.5,0.07,-14.5,0.00,125448.5,50.18,0
2432,Entry short,2026-03-24 09:30,[CC] SELL NY,24254,2,970160,631,0.07,9,635.5,0.07,-14.5,0.00,125448.5,50.18,0
2433,Exit short,2026-03-24 18:00,NQ09B SELL WEEKDAY 1800 STOP,24421,2,976790,-59,-0.01,9,25.5,0.00,-54.5,-0.01,125389.5,50.16,0
2433,Entry short,2026-03-24 18:00,[CC] SELL PREMIUM,24419.75,2,976790,-59,-0.01,9,25.5,0.00,-54.5,-0.01,125389.5,50.16,0
2434,Exit short,2026-03-25 09:30,NQ09B SELL NY STOP,24431.75,2,977220,-59,-0.01,9,175.5,0.02,-54.5,-0.01,125330.5,50.13,0
2434,Entry short,2026-03-25 09:30,[CC] SELL NY,24430.5,2,977220,-59,-0.01,9,175.5,0.02,-54.5,-0.01,125330.5,50.13,0
2435,Exit short,2026-03-26 09:30,NQ09B SELL NY N130 TP2,24140,2,966240,631,0.07,9,635.5,0.07,-14.5,0.00,125961.5,50.38,0
2435,Entry short,2026-03-26 09:30,[CC] SELL NY,24156,2,966240,631,0.07,9,635.5,0.07,-14.5,0.00,125961.5,50.38,0
2436,Exit short,2026-03-26 18:00,NQ09B SELL WEEKDAY 1800 STOP,23825,2,952950,-59,-0.01,9,0,0.00,-54.5,-0.01,125902.5,50.36,0
2436,Entry short,2026-03-26 18:00,[CC] SELL PREMIUM,23823.75,2,952950,-59,-0.01,9,0,0.00,-54.5,-0.01,125902.5,50.36,0
2437,Exit short,2026-03-27 09:30,NQ09B SELL NY STOP,23655.5,2,946170,-59,-0.01,9,0,0.00,-54.5,-0.01,125843.5,50.34,0
2437,Entry short,2026-03-27 09:30,[CC] SELL NY,23654.25,2,946170,-59,-0.01,9,0,0.00,-54.5,-0.01,125843.5,50.34,0
2438,Exit short,2026-03-29 18:00,NQ09B SELL WEEKLY W80,23179.25,2,927570,391,0.04,9,395.5,0.04,-14.5,0.00,126234.5,50.49,0
2438,Entry short,2026-03-29 18:00,[CC] SELL WEEKLY,23189.25,2,927570,391,0.04,9,395.5,0.04,-14.5,0.00,126234.5,50.49,0
2439,Exit short,2026-03-30 09:30,NQ09B SELL NY STOP,23509.75,2,940340,-59,-0.01,9,0,0.00,-54.5,-0.01,126175.5,50.47,0
2439,Entry short,2026-03-30 09:30,[CC] SELL NY,23508.5,2,940340,-59,-0.01,9,0,0.00,-54.5,-0.01,126175.5,50.47,0
2440,Exit short,2026-03-31 09:30,NQ09B SELL NY STOP,23382.75,2,935260,-59,-0.01,9,105.5,0.01,-54.5,-0.01,126116.5,50.45,0
2440,Entry short,2026-03-31 09:30,[CC] SELL NY,23381.5,2,935260,-59,-0.01,9,105.5,0.01,-54.5,-0.01,126116.5,50.45,0
2441,Exit short,2026-03-31 18:00,NQ09B SELL WEEKDAY 1800 STOP,23890,1,477775,-29.5,-0.01,4.5,172.75,0.04,-27.25,-0.01,126087,50.43,0
2441,Entry short,2026-03-31 18:00,[CC] SELL WEAK,23888.75,1,477775,-29.5,-0.01,4.5,172.75,0.04,-27.25,-0.01,126087,50.43,0
2442,Exit short,2026-04-01 09:30,NQ09B SELL NY N130 TP2,24071.5,2,963500,631,0.07,9,635.5,0.07,-14.5,0.00,126718,50.69,0
2442,Entry short,2026-04-01 09:30,[CC] SELL NY,24087.5,2,963500,631,0.07,9,635.5,0.07,-14.5,0.00,126718,50.69,0
2443,Exit short,2026-04-02 09:30,NQ09B SELL NY STOP,23764.5,2,950530,-59,-0.01,9,15.5,0.00,-54.5,-0.01,126659,50.66,0
2443,Entry short,2026-04-02 09:30,[CC] SELL NY,23763.25,2,950530,-59,-0.01,9,15.5,0.00,-54.5,-0.01,126659,50.66,0
2444,Exit short,2026-04-05 18:00,NQ09B SELL WEEKLY STOP,24094.5,2,963730,-59,-0.01,9,0,0.00,-54.5,-0.01,126600,50.64,0
2444,Entry short,2026-04-05 18:00,[CC] SELL WEEKLY,24093.25,2,963730,-59,-0.01,9,0,0.00,-54.5,-0.01,126600,50.64,0
2445,Exit short,2026-04-06 09:30,NQ09B SELL NY STOP,24266.25,2,970600,-59,-0.01,9,55.5,0.01,-54.5,-0.01,126541,50.62,0
2445,Entry short,2026-04-06 09:30,[CC] SELL NY,24265,2,970600,-59,-0.01,9,55.5,0.01,-54.5,-0.01,126541,50.62,0
2446,Exit short,2026-04-07 09:30,NQ09B SELL NY N130 TP2,24227.25,2,969730,631,0.07,9,635.5,0.07,-14.5,0.00,127172,50.87,0
2446,Entry short,2026-04-07 09:30,[CC] SELL NY,24243.25,2,969730,631,0.07,9,635.5,0.07,-14.5,0.00,127172,50.87,0
2447,Exit short,2026-04-07 18:00,NQ09B SELL WEEKDAY 1800 D80,24503.75,1,490275,195.5,0.04,4.5,197.75,0.04,-7.25,0.00,127367.5,50.95,0
2447,Entry short,2026-04-07 18:00,[CC] SELL WEAK,24513.75,1,490275,195.5,0.04,4.5,197.75,0.04,-7.25,0.00,127367.5,50.95,0
2448,Exit short,2026-04-08 09:30,NQ09B SELL NY STOP,25200.5,2,1007970,-59,-0.01,9,0,0.00,-54.5,-0.01,127308.5,50.92,0
2448,Entry short,2026-04-08 09:30,[CC] SELL NY,25199.25,2,1007970,-59,-0.01,9,0,0.00,-54.5,-0.01,127308.5,50.92,0
2449,Exit short,2026-04-09 09:30,NQ09B SELL NY STOP,25082,2,1003230,-59,-0.01,9,0,0.00,-54.5,-0.01,127249.5,50.90,0
2449,Entry short,2026-04-09 09:30,[CC] SELL NY,25080.75,2,1003230,-59,-0.01,9,0,0.00,-54.5,-0.01,127249.5,50.90,0
2450,Exit short,2026-04-10 09:30,NQ09B SELL NY STOP,25316.25,2,1012600,-59,-0.01,9,225.5,0.02,-54.5,-0.01,127190.5,50.88,0
2450,Entry short,2026-04-10 09:30,[CC] SELL NY,25315,2,1012600,-59,-0.01,9,225.5,0.02,-54.5,-0.01,127190.5,50.88,0
2451,Exit short,2026-04-12 18:00,NQ09B SELL WEEKLY STOP,24981,2,999190,-59,-0.01,9,0,0.00,-54.5,-0.01,127131.5,50.85,0
2451,Entry short,2026-04-12 18:00,[CC] SELL WEEKLY,24979.75,2,999190,-59,-0.01,9,0,0.00,-54.5,-0.01,127131.5,50.85,0
2452,Exit short,2026-04-13 09:30,NQ09B SELL NY N130 TP2,25199.5,2,1008620,631,0.06,9,635.5,0.06,-14.5,0.00,127762.5,51.11,0
2452,Entry short,2026-04-13 09:30,[CC] SELL NY,25215.5,2,1008620,631,0.06,9,635.5,0.06,-14.5,0.00,127762.5,51.11,0
2453,Exit short,2026-04-13 18:00,NQ09B SELL WEEKDAY 1800 D80,25565,2,1023000,391,0.04,9,395.5,0.04,-14.5,0.00,128153.5,51.26,0
2453,Entry short,2026-04-13 18:00,[CC] SELL PREMIUM,25575,2,1023000,391,0.04,9,395.5,0.04,-14.5,0.00,128153.5,51.26,0
2454,Exit short,2026-04-14 09:30,NQ09B SELL NY STOP,25657.25,2,1026240,-59,-0.01,9,0,0.00,-54.5,-0.01,128094.5,51.24,0
2454,Entry short,2026-04-14 09:30,[CC] SELL NY,25656,2,1026240,-59,-0.01,9,0,0.00,-54.5,-0.01,128094.5,51.24,0
2455,Exit short,2026-04-15 09:30,NQ09B SELL NY STOP,26024.5,2,1040930,-59,-0.01,9,0,0.00,-54.5,-0.01,128035.5,51.21,0
2455,Entry short,2026-04-15 09:30,[CC] SELL NY,26023.25,2,1040930,-59,-0.01,9,0,0.00,-54.5,-0.01,128035.5,51.21,0
2456,Exit short,2026-04-16 09:30,NQ09B SELL NY STOP,26440,2,1057550,-59,-0.01,9,0,0.00,-54.5,-0.01,127976.5,51.19,0
2456,Entry short,2026-04-16 09:30,[CC] SELL NY,26438.75,2,1057550,-59,-0.01,9,0,0.00,-54.5,-0.01,127976.5,51.19,0
2457,Exit short,2026-04-17 09:30,NQ09B SELL NY STOP,26693.5,2,1067690,-59,-0.01,9,0,0.00,-54.5,-0.01,127917.5,51.17,0
2457,Entry short,2026-04-17 09:30,[CC] SELL NY,26692.25,2,1067690,-59,-0.01,9,0,0.00,-54.5,-0.01,127917.5,51.17,0
2458,Exit short,2026-04-19 18:00,NQ09B SELL WEEKLY STOP,26600.75,2,1063980,-59,-0.01,9,0,0.00,-54.5,-0.01,127858.5,51.14,0
2458,Entry short,2026-04-19 18:00,[CC] SELL WEEKLY,26599.5,2,1063980,-59,-0.01,9,0,0.00,-54.5,-0.01,127858.5,51.14,0
2459,Exit short,2026-04-20 09:30,NQ09B SELL NY STOP,26797.5,2,1071850,-59,-0.01,9,0,0.00,-54.5,-0.01,127799.5,51.12,0
2459,Entry short,2026-04-20 09:30,[CC] SELL NY,26796.25,2,1071850,-59,-0.01,9,0,0.00,-54.5,-0.01,127799.5,51.12,0
2460,Exit short,2026-04-20 18:00,NQ09B SELL WEEKDAY 1800 D80,26766.5,1,535530,195.5,0.04,4.5,197.75,0.04,-7.25,0.00,127995,51.20,0
2460,Entry short,2026-04-20 18:00,[CC] SELL WEAK,26776.5,1,535530,195.5,0.04,4.5,197.75,0.04,-7.25,0.00,127995,51.20,0
2461,Exit short,2026-04-21 09:30,NQ09B SELL NY STOP,26809,2,1072310,-59,-0.01,9,0,0.00,-54.5,-0.01,127936,51.17,0
2461,Entry short,2026-04-21 09:30,[CC] SELL NY,26807.75,2,1072310,-59,-0.01,9,0,0.00,-54.5,-0.01,127936,51.17,0
2462,Exit short,2026-04-21 18:00,NQ09B SELL WEEKDAY 1800 STOP,26730.5,2,1069170,-59,-0.01,9,55.5,0.01,-54.5,-0.01,127877,51.15,0
2462,Entry short,2026-04-21 18:00,[CC] SELL PREMIUM,26729.25,2,1069170,-59,-0.01,9,55.5,0.01,-54.5,-0.01,127877,51.15,0
2463,Exit short,2026-04-22 09:30,NQ09B SELL NY STOP,26882,2,1075230,-59,-0.01,9,0,0.00,-54.5,-0.01,127818,51.13,0
2463,Entry short,2026-04-22 09:30,[CC] SELL NY,26880.75,2,1075230,-59,-0.01,9,0,0.00,-54.5,-0.01,127818,51.13,0
2464,Exit short,2026-04-22 18:00,NQ09B SELL WEEKDAY 1800 STOP,27076,1,541495,-29.5,-0.01,4.5,172.75,0.03,-27.25,-0.01,127788.5,51.12,0
2464,Entry short,2026-04-22 18:00,[CC] SELL WEAK,27074.75,1,541495,-29.5,-0.01,4.5,172.75,0.03,-27.25,-0.01,127788.5,51.12,0
2465,Exit short,2026-04-23 09:30,NQ09B SELL NY STOP,27015.25,2,1080560,-59,-0.01,9,0,0.00,-54.5,-0.01,127729.5,51.09,0
2465,Entry short,2026-04-23 09:30,[CC] SELL NY,27014,2,1080560,-59,-0.01,9,0,0.00,-54.5,-0.01,127729.5,51.09,0
2466,Exit short,2026-04-23 18:00,NQ09B SELL WEEKDAY 1800 STOP,26993,1,539835,-29.5,-0.01,4.5,0,0.00,-27.25,-0.01,127700,51.08,0
2466,Entry short,2026-04-23 18:00,[CC] SELL WEAK,26991.75,1,539835,-29.5,-0.01,4.5,0,0.00,-27.25,-0.01,127700,51.08,0
2467,Exit short,2026-04-24 09:30,NQ09B SELL NY N130 TP2,27193.75,2,1088390,631,0.06,9,635.5,0.06,-14.5,0.00,128331,51.33,0
2467,Entry short,2026-04-24 09:30,[CC] SELL NY,27209.75,2,1088390,631,0.06,9,635.5,0.06,-14.5,0.00,128331,51.33,0
2468,Exit short,2026-04-26 18:00,NQ09B SELL WEEKLY STOP,27404.25,2,1096120,-59,-0.01,9,0,0.00,-54.5,0.00,128272,51.31,0
2468,Entry short,2026-04-26 18:00,[CC] SELL WEEKLY,27403,2,1096120,-59,-0.01,9,0,0.00,-54.5,0.00,128272,51.31,0
2469,Exit short,2026-04-27 09:30,NQ09B SELL NY STOP,27411.75,2,1096420,-59,-0.01,9,0,0.00,-54.5,0.00,128213,51.29,0
2469,Entry short,2026-04-27 09:30,[CC] SELL NY,27410.5,2,1096420,-59,-0.01,9,0,0.00,-54.5,0.00,128213,51.29,0
2470,Exit short,2026-04-28 09:30,NQ09B SELL NY STOP,27162,2,1086430,-59,-0.01,9,0,0.00,-54.5,-0.01,128154,51.26,0
2470,Entry short,2026-04-28 09:30,[CC] SELL NY,27160.75,2,1086430,-59,-0.01,9,0,0.00,-54.5,-0.01,128154,51.26,0
2471,Exit short,2026-04-29 09:30,NQ09B SELL NY STOP,27207.75,2,1088260,-59,-0.01,9,0,0.00,-54.5,-0.01,128095,51.24,0
2471,Entry short,2026-04-29 09:30,[CC] SELL NY,27206.5,2,1088260,-59,-0.01,9,0,0.00,-54.5,-0.01,128095,51.24,0
2472,Exit short,2026-04-29 18:00,NQ09B SELL WEEKDAY 1800 STOP,27208,2,1088270,-59,-0.01,9,0,0.00,-54.5,-0.01,128036,51.21,0
2472,Entry short,2026-04-29 18:00,[CC] SELL PREMIUM,27206.75,2,1088270,-59,-0.01,9,0,0.00,-54.5,-0.01,128036,51.21,0
2473,Exit short,2026-04-30 09:30,NQ09B SELL NY N130 TP2,27475,2,1099640,631,0.06,9,635.5,0.06,-24.5,0.00,128667,51.47,0
2473,Entry short,2026-04-30 09:30,[CC] SELL NY,27491,2,1099640,631,0.06,9,635.5,0.06,-24.5,0.00,128667,51.47,0
2474,Exit short,2026-04-30 18:00,NQ09B SELL WEEKDAY 1800 STOP,27632.75,1,552630,-29.5,-0.01,4.5,0,0.00,-27.25,0.00,128637.5,51.46,0
2474,Entry short,2026-04-30 18:00,[CC] SELL WEAK,27631.5,1,552630,-29.5,-0.01,4.5,0,0.00,-27.25,0.00,128637.5,51.46,0
2475,Exit short,2026-05-01 09:30,NQ09B SELL NY STOP,27633.75,2,1105300,-59,-0.01,9,585.5,0.05,-54.5,0.00,128578.5,51.43,0
2475,Entry short,2026-05-01 09:30,[CC] SELL NY,27632.5,2,1105300,-59,-0.01,9,585.5,0.05,-54.5,0.00,128578.5,51.43,0
2476,Exit short,2026-05-03 18:00,NQ09B SELL WEEKLY W80,27879.75,2,1115590,391,0.04,9,395.5,0.04,-14.5,0.00,128969.5,51.59,0
2476,Entry short,2026-05-03 18:00,[CC] SELL WEEKLY,27889.75,2,1115590,391,0.04,9,395.5,0.04,-14.5,0.00,128969.5,51.59,0
2477,Exit short,2026-05-04 09:30,NQ09B SELL NY STOP,27855.5,2,1114170,-59,-0.01,9,0,0.00,-54.5,0.00,128910.5,51.56,0
2477,Entry short,2026-05-04 09:30,[CC] SELL NY,27854.25,2,1114170,-59,-0.01,9,0,0.00,-54.5,0.00,128910.5,51.56,0
2478,Exit short,2026-05-05 09:30,NQ09B SELL NY N130 TP2,27972.25,2,1119530,631,0.06,9,635.5,0.06,-14.5,0.00,129541.5,51.82,0
2478,Entry short,2026-05-05 09:30,[CC] SELL NY,27988.25,2,1119530,631,0.06,9,635.5,0.06,-14.5,0.00,129541.5,51.82,0
2479,Exit short,2026-05-05 18:00,NQ09B SELL WEEKDAY 1800 STOP,28251,1,564995,-29.5,-0.01,4.5,132.75,0.02,-27.25,0.00,129512,51.80,0
2479,Entry short,2026-05-05 18:00,[CC] SELL WEAK,28249.75,1,564995,-29.5,-0.01,4.5,132.75,0.02,-27.25,0.00,129512,51.80,0
2480,Exit short,2026-05-06 09:30,NQ09B SELL NY N130 TP2,28373.25,2,1135570,631,0.06,9,635.5,0.06,-14.5,0.00,130143,52.06,0
2480,Entry short,2026-05-06 09:30,[CC] SELL NY,28389.25,2,1135570,631,0.06,9,635.5,0.06,-14.5,0.00,130143,52.06,0
2481,Exit short,2026-05-06 18:00,NQ09B SELL WEEKDAY 1800 D80,28652.5,1,573250,195.5,0.03,4.5,197.75,0.03,-7.25,0.00,130338.5,52.14,0
2481,Entry short,2026-05-06 18:00,[CC] SELL WEAK,28662.5,1,573250,195.5,0.03,4.5,197.75,0.03,-7.25,0.00,130338.5,52.14,0
2482,Exit short,2026-05-07 09:30,NQ09B SELL NY STOP,28751,2,1149990,-59,-0.01,9,0,0.00,-54.5,0.00,130279.5,52.11,0
2482,Entry short,2026-05-07 09:30,[CC] SELL NY,28749.75,2,1149990,-59,-0.01,9,0,0.00,-54.5,0.00,130279.5,52.11,0
2483,Exit short,2026-05-07 18:00,NQ09B SELL WEEKDAY 1800 STOP,28583,1,571635,-29.5,-0.01,4.5,0,0.00,-27.25,0.00,130250,52.10,0
2483,Entry short,2026-05-07 18:00,[CC] SELL WEAK,28581.75,1,571635,-29.5,-0.01,4.5,0,0.00,-27.25,0.00,130250,52.10,0
2484,Exit short,2026-05-08 09:30,NQ09B SELL NY N130 TP2,28862.25,2,1155130,631,0.05,9,635.5,0.06,-14.5,0.00,130881,52.35,0
2484,Entry short,2026-05-08 09:30,[CC] SELL NY,28878.25,2,1155130,631,0.05,9,635.5,0.06,-14.5,0.00,130881,52.35,0
2485,Exit short,2026-05-10 18:00,NQ09B SELL WEEKLY STOP,29295,2,1171750,-59,-0.01,9,0,0.00,-54.5,0.00,130822,52.33,0
2485,Entry short,2026-05-10 18:00,[CC] SELL WEEKLY,29293.75,2,1171750,-59,-0.01,9,0,0.00,-54.5,0.00,130822,52.33,0
2486,Exit short,2026-05-11 09:30,NQ09B SELL NY N130 TP2,29289,2,1172200,631,0.05,9,635.5,0.05,-14.5,0.00,131453,52.58,0
2486,Entry short,2026-05-11 09:30,[CC] SELL NY,29305,2,1172200,631,0.05,9,635.5,0.05,-14.5,0.00,131453,52.58,0
2487,Exit short,2026-05-12 09:30,NQ09B SELL NY STOP,29214,2,1168510,-59,-0.01,9,0,0.00,-54.5,0.00,131394,52.56,0
2487,Entry short,2026-05-12 09:30,[CC] SELL NY,29212.75,2,1168510,-59,-0.01,9,0,0.00,-54.5,0.00,131394,52.56,0
2488,Exit short,2026-05-12 18:00,NQ09B SELL WEEKDAY 1800 D80,29133.5,1,582870,195.5,0.03,4.5,197.75,0.03,-7.25,0.00,131589.5,52.64,0
2488,Entry short,2026-05-12 18:00,[CC] SELL WEAK,29143.5,1,582870,195.5,0.03,4.5,197.75,0.03,-7.25,0.00,131589.5,52.64,0
2489,Exit short,2026-05-13 09:30,NQ09B SELL NY STOP,29287.5,2,1171450,-59,-0.01,9,0,0.00,-54.5,0.00,131530.5,52.61,0
2489,Entry short,2026-05-13 09:30,[CC] SELL NY,29286.25,2,1171450,-59,-0.01,9,0,0.00,-54.5,0.00,131530.5,52.61,0
2490,Exit short,2026-05-14 09:30,NQ09B SELL NY N130 TP2,29460,2,1179040,631,0.05,9,635.5,0.05,-14.5,0.00,132161.5,52.86,0
2490,Entry short,2026-05-14 09:30,[CC] SELL NY,29476,2,1179040,631,0.05,9,635.5,0.05,-14.5,0.00,132161.5,52.86,0
2491,Exit short,2026-05-14 18:00,NQ09B SELL WEEKDAY 1800 D80,29679.75,1,593795,195.5,0.03,4.5,197.75,0.03,-7.25,0.00,132357,52.94,0
2491,Entry short,2026-05-14 18:00,[CC] SELL WEAK,29689.75,1,593795,195.5,0.03,4.5,197.75,0.03,-7.25,0.00,132357,52.94,0
2492,Exit short,2026-05-15 09:30,NQ09B SELL NY STOP,29279,2,1171110,-59,-0.01,9,0,0.00,-54.5,0.00,132298,52.92,0
2492,Entry short,2026-05-15 09:30,[CC] SELL NY,29277.75,2,1171110,-59,-0.01,9,0,0.00,-54.5,0.00,132298,52.92,0
2493,Exit short,2026-05-17 18:00,NQ09B SELL WEEKLY W80,29124.75,2,1165390,391,0.03,9,395.5,0.03,-14.5,0.00,132689,53.08,0
2493,Entry short,2026-05-17 18:00,[CC] SELL WEEKLY,29134.75,2,1165390,391,0.03,9,395.5,0.03,-14.5,0.00,132689,53.08,0
2494,Exit short,2026-05-18 09:30,NQ09B SELL NY STOP,29339.5,2,1173530,-59,-0.01,9,0,0.00,-54.5,0.00,132630,53.05,0
2494,Entry short,2026-05-18 09:30,[CC] SELL NY,29338.25,2,1173530,-59,-0.01,9,0,0.00,-54.5,0.00,132630,53.05,0
2495,Exit short,2026-05-19 09:30,NQ09B SELL NY STOP,28851.25,2,1154000,-59,-0.01,9,0,0.00,-54.5,0.00,132571,53.03,0
2495,Entry short,2026-05-19 09:30,[CC] SELL NY,28850,2,1154000,-59,-0.01,9,0,0.00,-54.5,0.00,132571,53.03,0
2496,Exit short,2026-05-20 09:30,NQ09B SELL NY STOP,29074.5,2,1162930,-59,-0.01,9,145.5,0.01,-54.5,0.00,132512,53.00,0
2496,Entry short,2026-05-20 09:30,[CC] SELL NY,29073.25,2,1162930,-59,-0.01,9,145.5,0.01,-54.5,0.00,132512,53.00,0
2497,Exit short,2026-05-20 18:00,NQ09B SELL WEEKDAY 1800 STOP,29254,2,1170110,-59,-0.01,9,0,0.00,-54.5,0.00,132453,52.98,0
2497,Entry short,2026-05-20 18:00,[CC] SELL PREMIUM,29252.75,2,1170110,-59,-0.01,9,0,0.00,-54.5,0.00,132453,52.98,0
2498,Exit short,2026-05-21 09:30,NQ09B SELL NY N130 TP2,29201,2,1168680,631,0.05,9,635.5,0.05,-14.5,0.00,133084,53.23,0
2498,Entry short,2026-05-21 09:30,[CC] SELL NY,29217,2,1168680,631,0.05,9,635.5,0.05,-14.5,0.00,133084,53.23,0
2499,Exit short,2026-05-22 09:30,NQ09B SELL NY N130 TP2,29563.75,2,1183190,631,0.05,9,635.5,0.05,-14.5,0.00,133715,53.49,0
2499,Entry short,2026-05-22 09:30,[CC] SELL NY,29579.75,2,1183190,631,0.05,9,635.5,0.05,-14.5,0.00,133715,53.49,0
2500,Exit short,2026-05-24 18:00,NQ09B SELL WEEKLY STOP,29677.25,2,1187040,-59,0.00,9,0,0.00,-54.5,0.00,133656,53.46,0
2500,Entry short,2026-05-24 18:00,[CC] SELL WEEKLY,29676,2,1187040,-59,0.00,9,0,0.00,-54.5,0.00,133656,53.46,0
2501,Exit short,2026-05-25 09:30,NQ09B SELL NY STOP,29941.5,2,1197610,-59,0.00,9,15.5,0.00,-54.5,0.00,133597,53.44,0
2501,Entry short,2026-05-25 09:30,[CC] SELL NY,29940.25,2,1197610,-59,0.00,9,15.5,0.00,-54.5,0.00,133597,53.44,0
2502,Exit short,2026-05-25 18:00,NQ09B SELL WEEKDAY 1800 STOP,29963,2,1198470,-59,0.00,9,0,0.00,-54.5,0.00,133538,53.42,0
2502,Entry short,2026-05-25 18:00,[CC] SELL PREMIUM,29961.75,2,1198470,-59,0.00,9,0,0.00,-54.5,0.00,133538,53.42,0
2503,Exit short,2026-05-26 09:30,NQ09B SELL NY STOP,29903,2,1196070,-59,0.00,9,0,0.00,-54.5,0.00,133479,53.39,0
2503,Entry short,2026-05-26 09:30,[CC] SELL NY,29901.75,2,1196070,-59,0.00,9,0,0.00,-54.5,0.00,133479,53.39,0
2504,Exit short,2026-05-26 18:00,NQ09B SELL WEEKDAY 1800 STOP,30051,1,600995,-29.5,0.00,4.5,62.75,0.01,-27.25,0.00,133449.5,53.38,0
2504,Entry short,2026-05-26 18:00,[CC] SELL WEAK,30049.75,1,600995,-29.5,0.00,4.5,62.75,0.01,-27.25,0.00,133449.5,53.38,0
2505,Exit short,2026-05-27 09:30,NQ09B SELL NY STOP,30188.5,2,1207490,-59,0.00,9,0,0.00,-54.5,0.00,133390.5,53.36,0
2505,Entry short,2026-05-27 09:30,[CC] SELL NY,30187.25,2,1207490,-59,0.00,9,0,0.00,-54.5,0.00,133390.5,53.36,0
2506,Exit short,2026-05-27 18:00,NQ09B SELL WEEKDAY 1800 STOP,30121,2,1204790,-59,0.00,9,0,0.00,-54.5,0.00,133331.5,53.33,0
2506,Entry short,2026-05-27 18:00,[CC] SELL PREMIUM,30119.75,2,1204790,-59,0.00,9,0,0.00,-54.5,0.00,133331.5,53.33,0
2507,Exit short,2026-05-28 09:30,NQ09B SELL NY N130 TP2,30036.75,2,1202110,631,0.05,9,635.5,0.05,-14.5,0.00,133962.5,53.59,0
2507,Entry short,2026-05-28 09:30,[CC] SELL NY,30052.75,2,1202110,631,0.05,9,635.5,0.05,-14.5,0.00,133962.5,53.59,0
2508,Exit short,2026-05-29 09:30,NQ09B SELL NY N130 TP2,30366.75,2,1215310,631,0.05,9,635.5,0.05,-14.5,0.00,134593.5,53.84,0
2508,Entry short,2026-05-29 09:30,[CC] SELL NY,30382.75,2,1215310,631,0.05,9,635.5,0.05,-14.5,0.00,134593.5,53.84,0
2509,Exit short,2026-05-31 18:00,NQ09B SELL WEEKLY STOP,30416.5,2,1216610,-59,0.00,9,0,0.00,-54.5,0.00,134534.5,53.81,0
2509,Entry short,2026-05-31 18:00,[CC] SELL WEEKLY,30415.25,2,1216610,-59,0.00,9,0,0.00,-54.5,0.00,134534.5,53.81,0
2510,Exit short,2026-06-01 09:30,NQ09B SELL NY N130 TP2,30326.75,2,1213710,631,0.05,9,635.5,0.05,-14.5,0.00,135165.5,54.07,0
2510,Entry short,2026-06-01 09:30,[CC] SELL NY,30342.75,2,1213710,631,0.05,9,635.5,0.05,-14.5,0.00,135165.5,54.07,0
2511,Exit short,2026-06-01 18:00,NQ09B SELL WEEKDAY 1800 STOP,30545.75,2,1221780,-59,0.00,9,0,0.00,-54.5,0.00,135106.5,54.04,0
2511,Entry short,2026-06-01 18:00,[CC] SELL PREMIUM,30544.5,2,1221780,-59,0.00,9,0,0.00,-54.5,0.00,135106.5,54.04,0
2512,Exit short,2026-06-02 09:30,NQ09B SELL NY STOP,30558,2,1222270,-59,0.00,9,0,0.00,-54.5,0.00,135047.5,54.02,0
2512,Entry short,2026-06-02 09:30,[CC] SELL NY,30556.75,2,1222270,-59,0.00,9,0,0.00,-54.5,0.00,135047.5,54.02,0
2513,Exit short,2026-06-03 09:30,NQ09B SELL NY N130 TP2,30738.5,2,1230180,631,0.05,9,635.5,0.05,-14.5,0.00,135678.5,54.27,0
2513,Entry short,2026-06-03 09:30,[CC] SELL NY,30754.5,2,1230180,631,0.05,9,635.5,0.05,-14.5,0.00,135678.5,54.27,0
2514,Exit short,2026-06-03 18:00,NQ09B SELL WEEKDAY 1800 D80,30442.75,2,1218110,391,0.03,9,395.5,0.03,-14.5,0.00,136069.5,54.43,0
2514,Entry short,2026-06-03 18:00,[CC] SELL PREMIUM,30452.75,2,1218110,391,0.03,9,395.5,0.03,-14.5,0.00,136069.5,54.43,0
2515,Exit short,2026-06-04 09:30,NQ09B SELL NY N130 TP2,30252,2,1210720,631,0.05,9,635.5,0.05,-14.5,0.00,136700.5,54.68,0
2515,Entry short,2026-06-04 09:30,[CC] SELL NY,30268,2,1210720,631,0.05,9,635.5,0.05,-14.5,0.00,136700.5,54.68,0
2516,Exit short,2026-06-05 09:30,NQ09B SELL NY N130 TP2,30019.5,2,1201420,631,0.05,9,635.5,0.05,-14.5,0.00,137331.5,54.93,0
2516,Entry short,2026-06-05 09:30,[CC] SELL NY,30035.5,2,1201420,631,0.05,9,635.5,0.05,-14.5,0.00,137331.5,54.93,0
2517,Exit short,2026-06-07 18:00,NQ09B SELL WEEKLY W80,28834.25,2,1153770,391,0.03,9,395.5,0.03,-14.5,0.00,137722.5,55.09,0
2517,Entry short,2026-06-07 18:00,[CC] SELL WEEKLY,28844.25,2,1153770,391,0.03,9,395.5,0.03,-14.5,0.00,137722.5,55.09,0
2518,Exit short,2026-06-08 09:30,NQ09B SELL NY STOP,29527,2,1181030,-59,0.00,9,0,0.00,-54.5,0.00,137663.5,55.07,0
2518,Entry short,2026-06-08 09:30,[CC] SELL NY,29525.75,2,1181030,-59,0.00,9,0,0.00,-54.5,0.00,137663.5,55.07,0
2519,Exit short,2026-06-09 09:30,NQ09B SELL NY STOP,29738,2,1189470,-59,0.00,9,0,0.00,-54.5,0.00,137604.5,55.04,0
2519,Entry short,2026-06-09 09:30,[CC] SELL NY,29736.75,2,1189470,-59,0.00,9,0,0.00,-54.5,0.00,137604.5,55.04,0
2520,Exit short,2026-06-09 18:00,NQ09B SELL WEEKDAY 1800 STOP,29095.75,1,581890,-29.5,-0.01,4.5,0,0.00,-27.25,0.00,137575,55.03,0
2520,Entry short,2026-06-09 18:00,[CC] SELL WEAK,29094.5,1,581890,-29.5,-0.01,4.5,0,0.00,-27.25,0.00,137575,55.03,0
2521,Exit short,2026-06-10 09:30,NQ09B SELL NY N130 TP2,28836.75,2,1154110,631,0.05,9,635.5,0.06,-14.5,0.00,138206,55.28,0
2521,Entry short,2026-06-10 09:30,[CC] SELL NY,28852.75,2,1154110,631,0.05,9,635.5,0.06,-14.5,0.00,138206,55.28,0
2522,Exit short,2026-06-10 18:00,NQ09B SELL WEEKDAY 1800 STOP,28456,2,1138190,-59,-0.01,9,0,0.00,-54.5,0.00,138147,55.26,0
2522,Entry short,2026-06-10 18:00,[CC] SELL PREMIUM,28454.75,2,1138190,-59,-0.01,9,0,0.00,-54.5,0.00,138147,55.26,0
2523,Exit short,2026-06-11 09:30,NQ09B SELL NY STOP,28754.25,2,1150120,-59,-0.01,9,0,0.00,-54.5,0.00,138088,55.24,0
2523,Entry short,2026-06-11 09:30,[CC] SELL NY,28753,2,1150120,-59,-0.01,9,0,0.00,-54.5,0.00,138088,55.24,0
2524,Exit short,2026-06-11 18:00,NQ09B SELL WEEKDAY 1800 D80,29446.5,1,589130,195.5,0.03,4.5,197.75,0.03,-7.25,0.00,138283.5,55.31,0
2524,Entry short,2026-06-11 18:00,[CC] SELL WEAK,29456.5,1,589130,195.5,0.03,4.5,197.75,0.03,-7.25,0.00,138283.5,55.31,0
2525,Exit short,2026-06-12 09:30,NQ09B SELL NY STOP,29495.5,2,1179770,-59,-0.01,9,0,0.00,-54.5,0.00,138224.5,55.29,0
2525,Entry short,2026-06-12 09:30,[CC] SELL NY,29494.25,2,1179770,-59,-0.01,9,0,0.00,-54.5,0.00,138224.5,55.29,0
2526,Exit short,2026-06-14 18:00,NQ09B SELL WEEKLY STOP,30192,2,1207630,-59,0.00,9,0,0.00,-54.5,0.00,138165.5,55.27,0
2526,Entry short,2026-06-14 18:00,[CC] SELL WEEKLY,30190.75,2,1207630,-59,0.00,9,0,0.00,-54.5,0.00,138165.5,55.27,0
2527,Exit short,2026-06-15 09:30,NQ09B SELL NY N130 TP2,30617,2,1225320,631,0.05,9,635.5,0.05,-14.5,0.00,138796.5,55.52,0
2527,Entry short,2026-06-15 09:30,[CC] SELL NY,30633,2,1225320,631,0.05,9,635.5,0.05,-14.5,0.00,138796.5,55.52,0
2528,Exit short,2026-06-16 09:30,NQ09B SELL NY STOP,30813.5,2,1232490,-59,0.00,9,0,0.00,-54.5,0.00,138737.5,55.50,0
2528,Entry short,2026-06-16 09:30,[CC] SELL NY,30812.25,2,1232490,-59,0.00,9,0,0.00,-54.5,0.00,138737.5,55.50,0
2529,Exit short,2026-06-17 09:30,NQ09B SELL NY STOP,30527,2,1221030,-59,0.00,9,0,0.00,-54.5,0.00,138678.5,55.47,0
2529,Entry short,2026-06-17 09:30,[CC] SELL NY,30525.75,2,1221030,-59,0.00,9,0,0.00,-54.5,0.00,138678.5,55.47,0
2530,Exit short,2026-06-17 18:00,NQ09B SELL WEEKDAY 1800 STOP,30143.5,2,1205690,-59,0.00,9,0,0.00,-54.5,0.00,138619.5,55.45,0
2530,Entry short,2026-06-17 18:00,[CC] SELL PREMIUM,30142.25,2,1205690,-59,0.00,9,0,0.00,-54.5,0.00,138619.5,55.45,0
2531,Exit short,2026-06-18 09:30,NQ09B SELL NY STOP,30595.5,2,1223770,-59,0.00,9,0,0.00,-54.5,0.00,138560.5,55.42,0
2531,Entry short,2026-06-18 09:30,[CC] SELL NY,30594.25,2,1223770,-59,0.00,9,0,0.00,-54.5,0.00,138560.5,55.42,0
2532,Exit short,2026-06-19 09:30,NQ09B SELL NY STOP,30647.25,2,1225840,-59,0.00,9,565.5,0.05,-54.5,0.00,138501.5,55.40,0
2532,Entry short,2026-06-19 09:30,[CC] SELL NY,30646,2,1225840,-59,0.00,9,565.5,0.05,-54.5,0.00,138501.5,55.40,0
2533,Exit short,2026-06-21 18:00,NQ09B SELL WEEKLY STOP,30578,2,1223070,-59,0.00,9,0,0.00,-54.5,0.00,138442.5,55.38,0
2533,Entry short,2026-06-21 18:00,[CC] SELL WEEKLY,30576.75,2,1223070,-59,0.00,9,0,0.00,-54.5,0.00,138442.5,55.38,0
2534,Exit short,2026-06-22 09:30,NQ09B SELL NY N130 TP2,30806.5,2,1232900,631,0.05,9,635.5,0.05,-14.5,0.00,139073.5,55.63,0
2534,Entry short,2026-06-22 09:30,[CC] SELL NY,30822.5,2,1232900,631,0.05,9,635.5,0.05,-14.5,0.00,139073.5,55.63,0
2535,Exit short,2026-06-23 09:30,NQ09B SELL NY STOP,29719.25,2,1188720,-59,0.00,9,0,0.00,-54.5,0.00,139014.5,55.61,0
2535,Entry short,2026-06-23 09:30,[CC] SELL NY,29718,2,1188720,-59,0.00,9,0,0.00,-54.5,0.00,139014.5,55.61,0
2536,Exit short,2026-06-24 09:30,NQ09B SELL NY N130 TP2,29695,2,1188440,631,0.05,9,635.5,0.05,-14.5,0.00,139645.5,55.86,0
2536,Entry short,2026-06-24 09:30,[CC] SELL NY,29711,2,1188440,631,0.05,9,635.5,0.05,-14.5,0.00,139645.5,55.86,0
2537,Exit short,2026-06-24 18:00,NQ09B SELL WEEKDAY 1800 STOP,30090.75,2,1203580,-59,0.00,9,195.5,0.02,-54.5,0.00,139586.5,55.83,0
2537,Entry short,2026-06-24 18:00,[CC] SELL PREMIUM,30089.5,2,1203580,-59,0.00,9,195.5,0.02,-54.5,0.00,139586.5,55.83,0
2538,Exit short,2026-06-25 09:30,NQ09B SELL NY STOP,30154.25,2,1206120,-59,0.00,9,0,0.00,-54.5,0.00,139527.5,55.81,0
2538,Entry short,2026-06-25 09:30,[CC] SELL NY,30153,2,1206120,-59,0.00,9,0,0.00,-54.5,0.00,139527.5,55.81,0
2539,Exit short,2026-06-25 18:00,NQ09B SELL WEEKDAY 1800 STOP,29743,1,594835,-29.5,0.00,4.5,0,0.00,-27.25,0.00,139498,55.80,0
2539,Entry short,2026-06-25 18:00,[CC] SELL WEAK,29741.75,1,594835,-29.5,0.00,4.5,0,0.00,-27.25,0.00,139498,55.80,0
2540,Exit short,2026-06-26 09:30,NQ09B SELL NY STOP,29363.5,2,1174490,-59,-0.01,9,0,0.00,-54.5,0.00,139439,55.78,0
2540,Entry short,2026-06-26 09:30,[CC] SELL NY,29362.25,2,1174490,-59,-0.01,9,0,0.00,-54.5,0.00,139439,55.78,0
2541,Exit short,2026-06-28 18:00,NQ09B SELL WEEKLY STOP,29283.5,2,1171290,-59,-0.01,9,75.5,0.01,-54.5,0.00,139380,55.75,0
2541,Entry short,2026-06-28 18:00,[CC] SELL WEEKLY,29282.25,2,1171290,-59,-0.01,9,75.5,0.01,-54.5,0.00,139380,55.75,0
2542,Exit short,2026-06-29 09:30,NQ09B SELL NY N130 TP2,29626.75,2,1185710,631,0.05,9,635.5,0.05,-14.5,0.00,140011,56.00,0
2542,Entry short,2026-06-29 09:30,[CC] SELL NY,29642.75,2,1185710,631,0.05,9,635.5,0.05,-14.5,0.00,140011,56.00,0
2543,Exit short,2026-06-30 09:30,NQ09B SELL NY STOP,30048.5,2,1201890,-59,0.00,9,565.5,0.05,-54.5,0.00,139952,55.98,0
2543,Entry short,2026-06-30 09:30,[CC] SELL NY,30047.25,2,1201890,-59,0.00,9,565.5,0.05,-54.5,0.00,139952,55.98,0
2544,Exit short,2026-07-01 09:30,NQ09B SELL NY STOP,30236.75,2,1209420,-59,0.00,9,0,0.00,-54.5,0.00,139893,55.96,0
2544,Entry short,2026-07-01 09:30,[CC] SELL NY,30235.5,2,1209420,-59,0.00,9,0,0.00,-54.5,0.00,139893,55.96,0
2545,Exit short,2026-07-01 18:00,NQ09B SELL WEEKDAY 1800 STOP,30090.75,1,601790,-29.5,0.00,4.5,0,0.00,-27.25,0.00,139863.5,55.95,0
2545,Entry short,2026-07-01 18:00,[CC] SELL WEAK,30089.5,1,601790,-29.5,0.00,4.5,0,0.00,-27.25,0.00,139863.5,55.95,0
2546,Exit short,2026-07-02 09:30,NQ09B SELL NY STOP,30077.25,2,1203040,-59,0.00,9,0,0.00,-54.5,0.00,139804.5,55.92,0
2546,Entry short,2026-07-02 09:30,[CC] SELL NY,30076,2,1203040,-59,0.00,9,0,0.00,-54.5,0.00,139804.5,55.92,0
2547,Exit short,2026-07-03 09:30,NQ09B SELL NY STOP,29922,2,1196830,-59,0.00,9,0,0.00,-54.5,0.00,139745.5,55.90,0
2547,Entry short,2026-07-03 09:30,[CC] SELL NY,29920.75,2,1196830,-59,0.00,9,0,0.00,-54.5,0.00,139745.5,55.90,0
2548,Exit short,2026-07-05 18:00,NQ09B SELL WEEKLY STOP,29931.25,2,1197200,-59,0.00,9,0,0.00,-54.5,0.00,139686.5,55.87,0
2548,Entry short,2026-07-05 18:00,[CC] SELL WEEKLY,29930,2,1197200,-59,0.00,9,0,0.00,-54.5,0.00,139686.5,55.87,0
2549,Exit short,2026-07-06 09:30,NQ09B SELL NY N130 TP2,29819.5,2,1193420,631,0.05,9,635.5,0.05,-14.5,0.00,140317.5,56.13,0
2549,Entry short,2026-07-06 09:30,[CC] SELL NY,29835.5,2,1193420,631,0.05,9,635.5,0.05,-14.5,0.00,140317.5,56.13,0
2550,Exit short,2026-07-07 09:30,NQ09B SELL NY N130 TP2,29576.75,2,1183710,631,0.05,9,635.5,0.05,-14.5,0.00,140948.5,56.38,0
2550,Entry short,2026-07-07 09:30,[CC] SELL NY,29592.75,2,1183710,631,0.05,9,635.5,0.05,-14.5,0.00,140948.5,56.38,0
2551,Exit short,2026-07-08 09:30,NQ09B SELL NY STOP,29203.75,2,1168100,-59,-0.01,9,55.5,0.00,-54.5,0.00,140889.5,56.36,0
2551,Entry short,2026-07-08 09:30,[CC] SELL NY,29202.5,2,1168100,-59,-0.01,9,55.5,0.00,-54.5,0.00,140889.5,56.36,0
2552,Exit short,2026-07-08 18:00,NQ09B SELL WEEKDAY 1800 STOP,29413,2,1176470,-59,-0.01,9,355.5,0.03,-54.5,0.00,140830.5,56.33,0
2552,Entry short,2026-07-08 18:00,[CC] SELL PREMIUM,29411.75,2,1176470,-59,-0.01,9,355.5,0.03,-54.5,0.00,140830.5,56.33,0
2553,Exit short,2026-07-09 09:30,NQ09B SELL NY STOP,29747.75,2,1189860,-59,0.00,9,0,0.00,-54.5,0.00,140771.5,56.31,0
2553,Entry short,2026-07-09 09:30,[CC] SELL NY,29746.5,2,1189860,-59,0.00,9,0,0.00,-54.5,0.00,140771.5,56.31,0
2554,Exit short,2026-07-10 09:30,NQ09B SELL NY N130 TP2,29818.5,2,1193380,631,0.05,9,635.5,0.05,-14.5,0.00,141402.5,56.56,0
2554,Entry short,2026-07-10 09:30,[CC] SELL NY,29834.5,2,1193380,631,0.05,9,635.5,0.05,-14.5,0.00,141402.5,56.56,0
2555,Exit short,2026-07-12 18:00,NQ09B SELL WEEKLY STOP,29953,2,1198070,-59,0.00,9,0,0.00,-54.5,0.00,141343.5,56.54,0
2555,Entry short,2026-07-12 18:00,[CC] SELL WEEKLY,29951.75,2,1198070,-59,0.00,9,0,0.00,-54.5,0.00,141343.5,56.54,0
2556,Exit short,2026-07-13 09:30,NQ09B SELL NY STOP,29711,2,1188390,-59,0.00,9,0,0.00,-54.5,0.00,141284.5,56.51,0
2556,Entry short,2026-07-13 09:30,[CC] SELL NY,29709.75,2,1188390,-59,0.00,9,0,0.00,-54.5,0.00,141284.5,56.51,0
2557,Exit short,2026-07-14 09:30,NQ09B SELL NY STOP,29812,2,1192430,-59,0.00,9,0,0.00,-54.5,0.00,141225.5,56.49,0
2557,Entry short,2026-07-14 09:30,[CC] SELL NY,29810.75,2,1192430,-59,0.00,9,0,0.00,-54.5,0.00,141225.5,56.49,0
2558,Exit short,2026-07-15 09:30,NQ09B SELL NY STOP,29956.5,2,1198210,-59,0.00,9,0,0.00,-54.5,0.00,141166.5,56.47,0
2558,Entry short,2026-07-15 09:30,[CC] SELL NY,29955.25,2,1198210,-59,0.00,9,0,0.00,-54.5,0.00,141166.5,56.47,0
2559,Exit short,2026-07-16 09:30,NQ09B SELL NY N130 TP2,29449.75,2,1178630,631,0.05,9,635.5,0.05,-14.5,0.00,141797.5,56.72,0
2559,Entry short,2026-07-16 09:30,[CC] SELL NY,29465.75,2,1178630,631,0.05,9,635.5,0.05,-14.5,0.00,141797.5,56.72,0
2560,Exit short,2026-07-17 09:30,NQ09B SELL NY N130 TP2,28591.5,2,1144300,631,0.06,9,635.5,0.06,-14.5,0.00,142428.5,56.97,0
2560,Entry short,2026-07-17 09:30,[CC] SELL NY,28607.5,2,1144300,631,0.06,9,635.5,0.06,-14.5,0.00,142428.5,56.97,0
2561,Exit short,2026-07-19 18:00,NQ09B SELL WEEKLY W80,28737.5,2,1149900,391,0.03,9,395.5,0.03,-14.5,0.00,142819.5,57.13,0
2561,Entry short,2026-07-19 18:00,[CC] SELL WEEKLY,28747.5,2,1149900,391,0.03,9,395.5,0.03,-14.5,0.00,142819.5,57.13,0
2562,Exit short,2026-07-20 09:30,NQ09B SELL NY N130 TP2,29028.75,2,1161790,631,0.05,9,635.5,0.05,-14.5,0.00,143450.5,57.38,0
2562,Entry short,2026-07-20 09:30,[CC] SELL NY,29044.75,2,1161790,631,0.05,9,635.5,0.05,-14.5,0.00,143450.5,57.38,0
2563,Exit short,2026-07-21 09:30,NQ09B SELL NY STOP,29223.5,2,1168890,-59,-0.01,9,0,0.00,-54.5,0.00,143391.5,57.36,0
2563,Entry short,2026-07-21 09:30,[CC] SELL NY,29222.25,2,1168890,-59,-0.01,9,0,0.00,-54.5,0.00,143391.5,57.36,0
2564,Exit short,2026-07-22 09:30,NQ09B SELL NY STOP,29091.5,2,1163610,-59,-0.01,9,5.5,0.00,-54.5,0.00,143332.5,57.33,0
2564,Entry short,2026-07-22 09:30,[CC] SELL NY,29090.25,2,1163610,-59,-0.01,9,5.5,0.00,-54.5,0.00,143332.5,57.33,0
2565,Exit short,2026-07-22 18:00,NQ09B SELL WEEKDAY 1800 D80,29089.75,1,581995,195.5,0.03,4.5,197.75,0.03,-7.25,0.00,143528,57.41,0
2565,Entry short,2026-07-22 18:00,[CC] SELL WEAK,29099.75,1,581995,195.5,0.03,4.5,197.75,0.03,-7.25,0.00,143528,57.41,0
2566,Exit short,2026-07-23 09:30,NQ09B SELL NY STOP,28719.25,2,1148720,-59,-0.01,9,0,0.00,-54.5,0.00,143469,57.39,0
2566,Entry short,2026-07-23 09:30,[CC] SELL NY,28718,2,1148720,-59,-0.01,9,0,0.00,-54.5,0.00,143469,57.39,0
2567,Exit short,2026-07-23 18:00,NQ09B SELL WEEKDAY 1800 STOP,28701.25,1,574000,-29.5,-0.01,4.5,0,0.00,-27.25,0.00,143439.5,57.38,0
2567,Entry short,2026-07-23 18:00,[CC] SELL WEAK,28700,1,574000,-29.5,-0.01,4.5,0,0.00,-27.25,0.00,143439.5,57.38,0
2568,Exit short,2026-07-24 09:30,NQ09B SELL NY N130 TP2,28523.75,2,1141590,631,0.06,9,635.5,0.06,-14.5,0.00,144070.5,57.63,0
2568,Entry short,2026-07-24 09:30,[CC] SELL NY,28539.75,2,1141590,631,0.06,9,635.5,0.06,-14.5,0.00,144070.5,57.63,0
2569,Exit short,2026-07-26 18:00,NQ09B SELL WEEKLY STOP,28501,2,1139990,-59,-0.01,9,0,0.00,-54.5,0.00,144011.5,57.60,0
2569,Entry short,2026-07-26 18:00,[CC] SELL WEEKLY,28499.75,2,1139990,-59,-0.01,9,0,0.00,-54.5,0.00,144011.5,57.60,0
2570,Exit short,2026-07-27 09:30,NQ09B SELL NY STOP,28591.5,2,1143610,-59,-0.01,9,0,0.00,-54.5,0.00,143952.5,57.58,0
2570,Entry short,2026-07-27 09:30,[CC] SELL NY,28590.25,2,1143610,-59,-0.01,9,0,0.00,-54.5,0.00,143952.5,57.58,0
2571,Exit short,2026-07-27 18:00,NQ09B SELL WEEKDAY 1800 STOP,28211.5,1,564205,-29.5,-0.01,4.5,0,0.00,-27.25,0.00,143923,57.57,0
2571,Entry short,2026-07-27 18:00,[CC] SELL WEAK,28210.25,1,564205,-29.5,-0.01,4.5,0,0.00,-27.25,0.00,143923,57.57,0
2572,Exit short,2026-07-28 09:30,NQ09B SELL NY STOP,27951,2,1117990,-59,-0.01,9,0,0.00,-54.5,0.00,143864,57.55,0
2572,Entry short,2026-07-28 09:30,[CC] SELL NY,27949.75,2,1117990,-59,-0.01,9,0,0.00,-54.5,0.00,143864,57.55,0
2573,Exit short,2026-07-28 18:00,NQ09B SELL WEEKDAY 1800 STOP,27963,1,559235,-29.5,-0.01,4.5,117.75,0.02,-27.25,0.00,143834.5,57.53,0
2573,Entry short,2026-07-28 18:00,[CC] SELL WEAK,27961.75,1,559235,-29.5,-0.01,4.5,117.75,0.02,-27.25,0.00,143834.5,57.53,0
2574,Exit short,2026-07-29 09:30,NQ09B SELL NY STOP,27915.5,2,1116570,-59,-0.01,9,0,0.00,-54.5,0.00,143775.5,57.51,0
2574,Entry short,2026-07-29 09:30,[CC] SELL NY,27914.25,2,1116570,-59,-0.01,9,0,0.00,-54.5,0.00,143775.5,57.51,0
2575,Exit short,2026-07-29 18:00,NQ09B SELL WEEKDAY 1800 STOP,27203,1,544035,-29.5,-0.01,4.5,0,0.00,-27.25,-0.01,143746,57.50,0
2575,Entry short,2026-07-29 18:00,[CC] SELL WEAK,27201.75,1,544035,-29.5,-0.01,4.5,0,0.00,-27.25,-0.01,143746,57.50,0
2576,Exit short,2026-07-30 09:30,NQ09B SELL NY STOP,27878.25,2,1115080,-59,-0.01,9,0,0.00,-54.5,0.00,143687,57.47,0
2576,Entry short,2026-07-30 09:30,[CC] SELL NY,27877,2,1115080,-59,-0.01,9,0,0.00,-54.5,0.00,143687,57.47,0
2577,Exit short,2026-07-30 18:00,NQ09B SELL WEEKDAY 1800 D80,28306.75,1,566335,195.5,0.03,4.5,197.75,0.03,-7.25,0.00,143882.5,57.55,0
2577,Entry short,2026-07-30 18:00,[CC] SELL WEAK,28316.75,1,566335,195.5,0.03,4.5,197.75,0.03,-7.25,0.00,143882.5,57.55,0
2578,Exit short,2026-07-31 09:30,NQ09B SELL NY N130 TP2,28560.5,2,1143060,631,0.06,9,635.5,0.06,-14.5,0.00,144513.5,57.81,0
2578,Entry short,2026-07-31 09:30,[CC] SELL NY,28576.5,2,1143060,631,0.06,9,635.5,0.06,-14.5,0.00,144513.5,57.81,0
2579,Exit short,2026-08-02 18:00,NQ09B SELL WEEKLY W80,28554.75,2,1142590,391,0.03,9,395.5,0.03,-14.5,0.00,144904.5,57.96,0
2579,Entry short,2026-08-02 18:00,[CC] SELL WEEKLY,28564.75,2,1142590,391,0.03,9,395.5,0.03,-14.5,0.00,144904.5,57.96,0
2580,Exit short,2026-08-03 09:30,NQ09B SELL NY STOP,28420,2,1136750,-59,-0.01,9,0,0.00,-54.5,0.00,144845.5,57.94,0
2580,Entry short,2026-08-03 09:30,[CC] SELL NY,28418.75,2,1136750,-59,-0.01,9,0,0.00,-54.5,0.00,144845.5,57.94,0
2581,Exit short,2026-08-04 09:30,NQ09B SELL NY N130 TP2,29218.5,2,1169380,631,0.05,9,635.5,0.05,-14.5,0.00,145476.5,58.19,0
2581,Entry short,2026-08-04 09:30,[CC] SELL NY,29234.5,2,1169380,631,0.05,9,635.5,0.05,-14.5,0.00,145476.5,58.19,0
2582,Exit short,2026-08-04 18:00,NQ09B SELL WEEKDAY 1800 STOP,29778.25,1,595540,-29.5,0.00,4.5,7.75,0.00,-27.25,0.00,145447,58.18,0
2582,Entry short,2026-08-04 18:00,[CC] SELL WEAK,29777,1,595540,-29.5,0.00,4.5,7.75,0.00,-27.25,0.00,145447,58.18,0
2583,Exit short,2026-08-05 09:30,NQ09B SELL NY STOP,29976,2,1198990,-59,0.00,9,0,0.00,-54.5,0.00,145388,58.16,0
2583,Entry short,2026-08-05 09:30,[CC] SELL NY,29974.75,2,1198990,-59,0.00,9,0,0.00,-54.5,0.00,145388,58.16,0