trade_number,entry_time,route,quantity,buy_net,buy_mfe,buy_commission,buy_exit_signal,sell_net,sell_mfe,sell_commission,sell_exit_signal,entry_dt,month,year,pair_net,survivor,loser,survivor_net,survivor_mfe,survivor_commission,survivor_exit_signal,loser_net,loser_mfe,loser_commission,old_loser_false_leak_screen,survivor_mfe_minus_net,survivor_commission_component,survivor_market_giveback_upper,single_survivor_structure,rank
3,2020-01-05 18:00,WEEKLY,2,-59.0,0.0,9.0,NQ09B BUY WEEKLY STOP,311.0,315.5,9.0,NQ09B SELL WEEKLY W80,2020-01-05 18:00:00,2020-01,2020,252.0,SELL,BUY,311.0,315.5,9.0,NQ09B SELL WEEKLY W80,-59.0,0.0,9.0,59.0,4.5,4.5,0.0,True,1
6,2020-01-08 09:30,NY,2,-59.0,0.0,9.0,NQ09B BUY NY STOP,501.0,505.5,9.0,NQ09B SELL NY N130 TP2,2020-01-08 09:30:00,2020-01,2020,442.0,SELL,BUY,501.0,505.5,9.0,NQ09B SELL NY N130 TP2,-59.0,0.0,9.0,59.0,4.5,4.5,0.0,True,2
9,2020-01-12 18:00,WEEKLY,2,311.0,315.5,9.0,NQ09B BUY WEEKLY W80,-59.0,0.0,9.0,NQ09B SELL WEEKLY STOP,2020-01-12 18:00:00,2020-01,2020,252.0,BUY,SELL,311.0,315.5,9.0,NQ09B BUY WEEKLY W80,-59.0,0.0,9.0,59.0,4.5,4.5,0.0,True,3
21,2020-01-26 18:00,WEEKLY,2,-59.0,0.0,9.0,NQ09B BUY WEEKLY STOP,311.0,315.5,9.0,NQ09B SELL WEEKLY W80,2020-01-26 18:00:00,2020-01,2020,252.0,SELL,BUY,311.0,315.5,9.0,NQ09B SELL WEEKLY W80,-59.0,0.0,9.0,59.0,4.5,4.5,0.0,True,4
22,2020-01-27 09:30,NY,2,501.0,505.5,9.0,NQ09B BUY NY N130 TP2,-59.0,0.0,9.0,NQ09B SELL NY STOP,2020-01-27 09:30:00,2020-01,2020,442.0,BUY,SELL,501.0,505.5,9.0,NQ09B BUY NY N130 TP2,-59.0,0.0,9.0,59.0,4.5,4.5,0.0,True,5
33,2020-02-03 18:00,WEEKDAY_PREMIUM,2,-59.0,0.0,9.0,NQ09B BUY WEEKDAY 1800 STOP,311.0,315.5,9.0,NQ09B SELL WEEKDAY 1800 D80,2020-02-03 18:00:00,2020-02,2020,252.0,SELL,BUY,311.0,315.5,9.0,NQ09B SELL WEEKDAY 1800 D80,-59.0,0.0,9.0,59.0,4.5,4.5,0.0,True,6
41,2020-02-09 18:00,WEEKLY,2,-59.0,0.0,9.0,NQ09B BUY WEEKLY STOP,311.0,315.5,9.0,NQ09B SELL WEEKLY W80,2020-02-09 18:00:00,2020-02,2020,252.0,SELL,BUY,311.0,315.5,9.0,NQ09B SELL WEEKLY W80,-59.0,0.0,9.0,59.0,4.5,4.5,0.0,True,7
47,2020-02-13 18:00,WEEKDAY_PREMIUM,2,-59.0,0.0,9.0,NQ09B BUY WEEKDAY 1800 STOP,311.0,315.5,9.0,NQ09B SELL WEEKDAY 1800 D80,2020-02-13 18:00:00,2020-02,2020,252.0,SELL,BUY,311.0,315.5,9.0,NQ09B SELL WEEKDAY 1800 D80,-59.0,0.0,9.0,59.0,4.5,4.5,0.0,True,8
50,2020-02-17 09:30,NY,2,501.0,505.5,9.0,NQ09B BUY NY N130 TP2,-59.0,0.0,9.0,NQ09B SELL NY STOP,2020-02-17 09:30:00,2020-02,2020,442.0,BUY,SELL,501.0,505.5,9.0,NQ09B BUY NY N130 TP2,-59.0,0.0,9.0,59.0,4.5,4.5,0.0,True,9
56,2020-02-21 09:30,NY,2,501.0,505.5,9.0,NQ09B BUY NY N130 TP2,-59.0,0.0,9.0,NQ09B SELL NY STOP,2020-02-21 09:30:00,2020-02,2020,442.0,BUY,SELL,501.0,505.5,9.0,NQ09B BUY NY N130 TP2,-59.0,0.0,9.0,59.0,4.5,4.5,0.0,True,10
57,2020-02-23 18:00,WEEKLY,2,311.0,315.5,9.0,NQ09B BUY WEEKLY W80,-59.0,0.0,9.0,NQ09B SELL WEEKLY STOP,2020-02-23 18:00:00,2020-02,2020,252.0,BUY,SELL,311.0,315.5,9.0,NQ09B BUY WEEKLY W80,-59.0,0.0,9.0,59.0,4.5,4.5,0.0,True,11
58,2020-02-24 09:30,NY,2,501.0,505.5,9.0,NQ09B BUY NY N130 TP2,-59.0,0.0,9.0,NQ09B SELL NY STOP,2020-02-24 09:30:00,2020-02,2020,442.0,BUY,SELL,501.0,505.5,9.0,NQ09B BUY NY N130 TP2,-59.0,0.0,9.0,59.0,4.5,4.5,0.0,True,12
59,2020-02-24 18:00,WEEKDAY_PREMIUM,2,311.0,315.5,9.0,NQ09B BUY WEEKDAY 1800 D80,-59.0,0.0,9.0,NQ09B SELL WEEKDAY 1800 STOP,2020-02-24 18:00:00,2020-02,2020,252.0,BUY,SELL,311.0,315.5,9.0,NQ09B BUY WEEKDAY 1800 D80,-59.0,0.0,9.0,59.0,4.5,4.5,0.0,True,13
60,2020-02-25 09:30,NY,2,-59.0,0.0,9.0,NQ09B BUY NY STOP,501.0,505.5,9.0,NQ09B SELL NY N130 TP2,2020-02-25 09:30:00,2020-02,2020,442.0,SELL,BUY,501.0,505.5,9.0,NQ09B SELL NY N130 TP2,-59.0,0.0,9.0,59.0,4.5,4.5,0.0,True,14
64,2020-02-27 09:30,NY,2,-59.0,0.0,9.0,NQ09B BUY NY STOP,501.0,505.5,9.0,NQ09B SELL NY N130 TP2,2020-02-27 09:30:00,2020-02,2020,442.0,SELL,BUY,501.0,505.5,9.0,NQ09B SELL NY N130 TP2,-59.0,0.0,9.0,59.0,4.5,4.5,0.0,True,15
65,2020-02-27 18:00,WEEKDAY_PREMIUM,2,311.0,315.5,9.0,NQ09B BUY WEEKDAY 1800 D80,-59.0,0.0,9.0,NQ09B SELL WEEKDAY 1800 STOP,2020-02-27 18:00:00,2020-02,2020,252.0,BUY,SELL,311.0,315.5,9.0,NQ09B BUY WEEKDAY 1800 D80,-59.0,0.0,9.0,59.0,4.5,4.5,0.0,True,16
66,2020-02-28 09:30,NY,2,-59.0,0.0,9.0,NQ09B BUY NY STOP,501.0,505.5,9.0,NQ09B SELL NY N130 TP2,2020-02-28 09:30:00,2020-02,2020,442.0,SELL,BUY,501.0,505.5,9.0,NQ09B SELL NY N130 TP2,-59.0,0.0,9.0,59.0,4.5,4.5,0.0,True,17
68,2020-03-02 09:30,NY,2,501.0,505.5,9.0,NQ09B BUY NY N130 TP2,-59.0,0.0,9.0,NQ09B SELL NY STOP,2020-03-02 09:30:00,2020-03,2020,442.0,BUY,SELL,501.0,505.5,9.0,NQ09B BUY NY N130 TP2,-59.0,0.0,9.0,59.0,4.5,4.5,0.0,True,18
71,2020-03-03 18:00,WEEKDAY_PREMIUM,2,311.0,315.5,9.0,NQ09B BUY WEEKDAY 1800 D80,-59.0,0.0,9.0,NQ09B SELL WEEKDAY 1800 STOP,2020-03-03 18:00:00,2020-03,2020,252.0,BUY,SELL,311.0,315.5,9.0,NQ09B BUY WEEKDAY 1800 D80,-59.0,0.0,9.0,59.0,4.5,4.5,0.0,True,19
73,2020-03-05 09:30,NY,2,-59.0,0.0,9.0,NQ09B BUY NY STOP,501.0,505.5,9.0,NQ09B SELL NY N130 TP2,2020-03-05 09:30:00,2020-03,2020,442.0,SELL,BUY,501.0,505.5,9.0,NQ09B SELL NY N130 TP2,-59.0,0.0,9.0,59.0,4.5,4.5,0.0,True,20
77,2020-03-09 09:30,NY,2,-59.0,5.5,9.0,NQ09B BUY NY STOP,501.0,505.5,9.0,NQ09B SELL NY N130 TP2,2020-03-09 09:30:00,2020-03,2020,442.0,SELL,BUY,501.0,505.5,9.0,NQ09B SELL NY N130 TP2,-59.0,5.5,9.0,64.5,4.5,4.5,0.0,True,21
81,2020-03-11 09:30,NY,2,-59.0,0.0,9.0,NQ09B BUY NY STOP,501.0,505.5,9.0,NQ09B SELL NY N130 TP2,2020-03-11 09:30:00,2020-03,2020,442.0,SELL,BUY,501.0,505.5,9.0,NQ09B SELL NY N130 TP2,-59.0,0.0,9.0,59.0,4.5,4.5,0.0,True,22
83,2020-03-12 09:30,NY,2,501.0,505.5,9.0,NQ09B BUY NY N130 TP2,-59.0,0.0,9.0,NQ09B SELL NY STOP,2020-03-12 09:30:00,2020-03,2020,442.0,BUY,SELL,501.0,505.5,9.0,NQ09B BUY NY N130 TP2,-59.0,0.0,9.0,59.0,4.5,4.5,0.0,True,23
84,2020-03-12 18:00,WEEKDAY_PREMIUM,2,311.0,315.5,9.0,NQ09B BUY WEEKDAY 1800 D80,-59.0,0.0,9.0,NQ09B SELL WEEKDAY 1800 STOP,2020-03-12 18:00:00,2020-03,2020,252.0,BUY,SELL,311.0,315.5,9.0,NQ09B BUY WEEKDAY 1800 D80,-59.0,0.0,9.0,59.0,4.5,4.5,0.0,True,24
85,2020-03-13 09:30,NY,2,501.0,505.5,9.0,NQ09B BUY NY N130 TP2,-59.0,0.0,9.0,NQ09B SELL NY STOP,2020-03-13 09:30:00,2020-03,2020,442.0,BUY,SELL,501.0,505.5,9.0,NQ09B BUY NY N130 TP2,-59.0,0.0,9.0,59.0,4.5,4.5,0.0,True,25
87,2020-03-16 09:30,NY,2,-6719.0,0.0,9.0,NQ09B BUY NY STOP,6671.0,6675.5,9.0,NQ09B SELL NY N130 TP2,2020-03-16 09:30:00,2020-03,2020,-48.0,SELL,BUY,6671.0,6675.5,9.0,NQ09B SELL NY N130 TP2,-6719.0,0.0,9.0,6719.0,4.5,4.5,0.0,True,26
88,2020-03-16 18:00,WEEKDAY_PREMIUM,2,-59.0,0.0,9.0,NQ09B BUY WEEKDAY 1800 STOP,311.0,315.5,9.0,NQ09B SELL WEEKDAY 1800 D80,2020-03-16 18:00:00,2020-03,2020,252.0,SELL,BUY,311.0,315.5,9.0,NQ09B SELL WEEKDAY 1800 D80,-59.0,0.0,9.0,59.0,4.5,4.5,0.0,True,27
89,2020-03-17 09:30,NY,2,-59.0,0.0,9.0,NQ09B BUY NY STOP,501.0,505.5,9.0,NQ09B SELL NY N130 TP2,2020-03-17 09:30:00,2020-03,2020,442.0,SELL,BUY,501.0,505.5,9.0,NQ09B SELL NY N130 TP2,-59.0,0.0,9.0,59.0,4.5,4.5,0.0,True,28
90,2020-03-17 18:00,WEEKDAY_PREMIUM,2,-59.0,0.0,9.0,NQ09B BUY WEEKDAY 1800 STOP,311.0,315.5,9.0,NQ09B SELL WEEKDAY 1800 D80,2020-03-17 18:00:00,2020-03,2020,252.0,SELL,BUY,311.0,315.5,9.0,NQ09B SELL WEEKDAY 1800 D80,-59.0,0.0,9.0,59.0,4.5,4.5,0.0,True,29
93,2020-03-19 09:30,NY,2,501.0,505.5,9.0,NQ09B BUY NY N130 TP2,-59.0,0.0,9.0,NQ09B SELL NY STOP,2020-03-19 09:30:00,2020-03,2020,442.0,BUY,SELL,501.0,505.5,9.0,NQ09B BUY NY N130 TP2,-59.0,0.0,9.0,59.0,4.5,4.5,0.0,True,30
94,2020-03-19 18:00,WEEKDAY_PREMIUM,2,311.0,315.5,9.0,NQ09B BUY WEEKDAY 1800 D80,-59.0,0.0,9.0,NQ09B SELL WEEKDAY 1800 STOP,2020-03-19 18:00:00,2020-03,2020,252.0,BUY,SELL,311.0,315.5,9.0,NQ09B BUY WEEKDAY 1800 D80,-59.0,0.0,9.0,59.0,4.5,4.5,0.0,True,31
96,2020-03-22 18:00,WEEKLY,2,-59.0,0.0,9.0,NQ09B BUY WEEKLY STOP,311.0,315.5,9.0,NQ09B SELL WEEKLY W80,2020-03-22 18:00:00,2020-03,2020,252.0,SELL,BUY,311.0,315.5,9.0,NQ09B SELL WEEKLY W80,-59.0,0.0,9.0,59.0,4.5,4.5,0.0,True,32
99,2020-03-24 09:30,NY,2,501.0,505.5,9.0,NQ09B BUY NY N130 TP2,-59.0,0.0,9.0,NQ09B SELL NY STOP,2020-03-24 09:30:00,2020-03,2020,442.0,BUY,SELL,501.0,505.5,9.0,NQ09B BUY NY N130 TP2,-59.0,0.0,9.0,59.0,4.5,4.5,0.0,True,33
101,2020-03-25 09:30,NY,2,501.0,505.5,9.0,NQ09B BUY NY N130 TP2,-59.0,0.0,9.0,NQ09B SELL NY STOP,2020-03-25 09:30:00,2020-03,2020,442.0,BUY,SELL,501.0,505.5,9.0,NQ09B BUY NY N130 TP2,-59.0,0.0,9.0,59.0,4.5,4.5,0.0,True,34
104,2020-03-27 09:30,NY,2,-59.0,0.0,9.0,NQ09B BUY NY STOP,501.0,505.5,9.0,NQ09B SELL NY N130 TP2,2020-03-27 09:30:00,2020-03,2020,442.0,SELL,BUY,501.0,505.5,9.0,NQ09B SELL NY N130 TP2,-59.0,0.0,9.0,59.0,4.5,4.5,0.0,True,35
105,2020-03-29 18:00,WEEKLY,2,-59.0,0.0,9.0,NQ09B BUY WEEKLY STOP,311.0,315.5,9.0,NQ09B SELL WEEKLY W80,2020-03-29 18:00:00,2020-03,2020,252.0,SELL,BUY,311.0,315.5,9.0,NQ09B SELL WEEKLY W80,-59.0,0.0,9.0,59.0,4.5,4.5,0.0,True,36
111,2020-04-02 09:30,NY,2,-59.0,0.0,9.0,NQ09B BUY NY STOP,501.0,505.5,9.0,NQ09B SELL NY N130 TP2,2020-04-02 09:30:00,2020-04,2020,442.0,SELL,BUY,501.0,505.5,9.0,NQ09B SELL NY N130 TP2,-59.0,0.0,9.0,59.0,4.5,4.5,0.0,True,37
112,2020-04-03 09:30,NY,2,-59.0,0.0,9.0,NQ09B BUY NY STOP,501.0,505.5,9.0,NQ09B SELL NY N130 TP2,2020-04-03 09:30:00,2020-04,2020,442.0,SELL,BUY,501.0,505.5,9.0,NQ09B SELL NY N130 TP2,-59.0,0.0,9.0,59.0,4.5,4.5,0.0,True,38
113,2020-04-05 18:00,WEEKLY,2,311.0,315.5,9.0,NQ09B BUY WEEKLY W80,-59.0,0.0,9.0,NQ09B SELL WEEKLY STOP,2020-04-05 18:00:00,2020-04,2020,252.0,BUY,SELL,311.0,315.5,9.0,NQ09B BUY WEEKLY W80,-59.0,0.0,9.0,59.0,4.5,4.5,0.0,True,39
114,2020-04-06 09:30,NY,2,501.0,505.5,9.0,NQ09B BUY NY N130 TP2,-59.0,0.0,9.0,NQ09B SELL NY STOP,2020-04-06 09:30:00,2020-04,2020,442.0,BUY,SELL,501.0,505.5,9.0,NQ09B BUY NY N130 TP2,-59.0,0.0,9.0,59.0,4.5,4.5,0.0,True,40
115,2020-04-07 09:30,NY,2,501.0,505.5,9.0,NQ09B BUY NY N130 TP2,-59.0,0.0,9.0,NQ09B SELL NY STOP,2020-04-07 09:30:00,2020-04,2020,442.0,BUY,SELL,501.0,505.5,9.0,NQ09B BUY NY N130 TP2,-59.0,0.0,9.0,59.0,4.5,4.5,0.0,True,41
119,2020-04-14 09:30,NY,2,501.0,505.5,9.0,NQ09B BUY NY N130 TP2,-59.0,0.0,9.0,NQ09B SELL NY STOP,2020-04-14 09:30:00,2020-04,2020,442.0,BUY,SELL,501.0,505.5,9.0,NQ09B BUY NY N130 TP2,-59.0,0.0,9.0,59.0,4.5,4.5,0.0,True,42
120,2020-04-15 09:30,NY,2,501.0,505.5,9.0,NQ09B BUY NY N130 TP2,-59.0,0.0,9.0,NQ09B SELL NY STOP,2020-04-15 09:30:00,2020-04,2020,442.0,BUY,SELL,501.0,505.5,9.0,NQ09B BUY NY N130 TP2,-59.0,0.0,9.0,59.0,4.5,4.5,0.0,True,43
124,2020-04-17 09:30,NY,2,501.0,505.5,9.0,NQ09B BUY NY N130 TP2,-59.0,0.0,9.0,NQ09B SELL NY STOP,2020-04-17 09:30:00,2020-04,2020,442.0,BUY,SELL,501.0,505.5,9.0,NQ09B BUY NY N130 TP2,-59.0,0.0,9.0,59.0,4.5,4.5,0.0,True,44
125,2020-04-19 18:00,WEEKLY,2,-59.0,0.0,9.0,NQ09B BUY WEEKLY STOP,311.0,315.5,9.0,NQ09B SELL WEEKLY W80,2020-04-19 18:00:00,2020-04,2020,252.0,SELL,BUY,311.0,315.5,9.0,NQ09B SELL WEEKLY W80,-59.0,0.0,9.0,59.0,4.5,4.5,0.0,True,45
128,2020-04-21 09:30,NY,2,501.0,505.5,9.0,NQ09B BUY NY N130 TP2,-59.0,0.0,9.0,NQ09B SELL NY STOP,2020-04-21 09:30:00,2020-04,2020,442.0,BUY,SELL,501.0,505.5,9.0,NQ09B BUY NY N130 TP2,-59.0,0.0,9.0,59.0,4.5,4.5,0.0,True,46
131,2020-04-23 09:30,NY,2,-59.0,0.0,9.0,NQ09B BUY NY STOP,501.0,505.5,9.0,NQ09B SELL NY N130 TP2,2020-04-23 09:30:00,2020-04,2020,442.0,SELL,BUY,501.0,505.5,9.0,NQ09B SELL NY N130 TP2,-59.0,0.0,9.0,59.0,4.5,4.5,0.0,True,47
133,2020-04-24 09:30,NY,2,-59.0,0.0,9.0,NQ09B BUY NY STOP,501.0,505.5,9.0,NQ09B SELL NY N130 TP2,2020-04-24 09:30:00,2020-04,2020,442.0,SELL,BUY,501.0,505.5,9.0,NQ09B SELL NY N130 TP2,-59.0,0.0,9.0,59.0,4.5,4.5,0.0,True,48
134,2020-04-26 18:00,WEEKLY,2,311.0,315.5,9.0,NQ09B BUY WEEKLY W80,-59.0,0.0,9.0,NQ09B SELL WEEKLY STOP,2020-04-26 18:00:00,2020-04,2020,252.0,BUY,SELL,311.0,315.5,9.0,NQ09B BUY WEEKLY W80,-59.0,0.0,9.0,59.0,4.5,4.5,0.0,True,49
139,2020-04-29 18:00,WEEKDAY_PREMIUM,2,-59.0,0.0,9.0,NQ09B BUY WEEKDAY 1800 STOP,311.0,315.5,9.0,NQ09B SELL WEEKDAY 1800 D80,2020-04-29 18:00:00,2020-04,2020,252.0,SELL,BUY,311.0,315.5,9.0,NQ09B SELL WEEKDAY 1800 D80,-59.0,0.0,9.0,59.0,4.5,4.5,0.0,True,50
144,2020-05-04 09:30,NY,2,501.0,505.5,9.0,NQ09B BUY NY N130 TP2,-59.0,0.0,9.0,NQ09B SELL NY STOP,2020-05-04 09:30:00,2020-05,2020,442.0,BUY,SELL,501.0,505.5,9.0,NQ09B BUY NY N130 TP2,-59.0,0.0,9.0,59.0,4.5,4.5,0.0,True,51
147,2020-05-06 09:30,NY,2,-59.0,0.0,9.0,NQ09B BUY NY STOP,501.0,505.5,9.0,NQ09B SELL NY N130 TP2,2020-05-06 09:30:00,2020-05,2020,442.0,SELL,BUY,501.0,505.5,9.0,NQ09B SELL NY N130 TP2,-59.0,0.0,9.0,59.0,4.5,4.5,0.0,True,52
152,2020-05-12 09:30,NY,2,-59.0,0.0,9.0,NQ09B BUY NY STOP,501.0,505.5,9.0,NQ09B SELL NY N130 TP2,2020-05-12 09:30:00,2020-05,2020,442.0,SELL,BUY,501.0,505.5,9.0,NQ09B SELL NY N130 TP2,-59.0,0.0,9.0,59.0,4.5,4.5,0.0,True,53
154,2020-05-13 09:30,NY,2,501.0,505.5,9.0,NQ09B BUY NY N130 TP2,-59.0,0.0,9.0,NQ09B SELL NY STOP,2020-05-13 09:30:00,2020-05,2020,442.0,BUY,SELL,501.0,505.5,9.0,NQ09B BUY NY N130 TP2,-59.0,0.0,9.0,59.0,4.5,4.5,0.0,True,54
159,2020-05-17 18:00,WEEKLY,2,311.0,315.5,9.0,NQ09B BUY WEEKLY W80,-59.0,0.0,9.0,NQ09B SELL WEEKLY STOP,2020-05-17 18:00:00,2020-05,2020,252.0,BUY,SELL,311.0,315.5,9.0,NQ09B BUY WEEKLY W80,-59.0,0.0,9.0,59.0,4.5,4.5,0.0,True,55
162,2020-05-20 09:30,NY,2,501.0,505.5,9.0,NQ09B BUY NY N130 TP2,-59.0,0.0,9.0,NQ09B SELL NY STOP,2020-05-20 09:30:00,2020-05,2020,442.0,BUY,SELL,501.0,505.5,9.0,NQ09B BUY NY N130 TP2,-59.0,0.0,9.0,59.0,4.5,4.5,0.0,True,56
168,2020-05-27 09:30,NY,2,-59.0,0.0,9.0,NQ09B BUY NY STOP,501.0,505.5,9.0,NQ09B SELL NY N130 TP2,2020-05-27 09:30:00,2020-05,2020,442.0,SELL,BUY,501.0,505.5,9.0,NQ09B SELL NY N130 TP2,-59.0,0.0,9.0,59.0,4.5,4.5,0.0,True,57
171,2020-05-29 09:30,NY,2,-59.0,0.0,9.0,NQ09B BUY NY STOP,501.0,505.5,9.0,NQ09B SELL NY N130 TP2,2020-05-29 09:30:00,2020-05,2020,442.0,SELL,BUY,501.0,505.5,9.0,NQ09B SELL NY N130 TP2,-59.0,0.0,9.0,59.0,4.5,4.5,0.0,True,58
172,2020-05-31 18:00,WEEKLY,2,311.0,315.5,9.0,NQ09B BUY WEEKLY W80,-59.0,0.0,9.0,NQ09B SELL WEEKLY STOP,2020-05-31 18:00:00,2020-05,2020,252.0,BUY,SELL,311.0,315.5,9.0,NQ09B BUY WEEKLY W80,-59.0,0.0,9.0,59.0,4.5,4.5,0.0,True,59
173,2020-06-01 09:30,NY,2,-59.0,0.0,9.0,NQ09B BUY NY STOP,501.0,505.5,9.0,NQ09B SELL NY N130 TP2,2020-06-01 09:30:00,2020-06,2020,442.0,SELL,BUY,501.0,505.5,9.0,NQ09B SELL NY N130 TP2,-59.0,0.0,9.0,59.0,4.5,4.5,0.0,True,60
176,2020-06-03 09:30,NY,2,501.0,505.5,9.0,NQ09B BUY NY N130 TP2,-59.0,0.0,9.0,NQ09B SELL NY STOP,2020-06-03 09:30:00,2020-06,2020,442.0,BUY,SELL,501.0,505.5,9.0,NQ09B BUY NY N130 TP2,-59.0,0.0,9.0,59.0,4.5,4.5,0.0,True,61
179,2020-06-05 09:30,NY,2,-59.0,0.0,9.0,NQ09B BUY NY STOP,501.0,505.5,9.0,NQ09B SELL NY N130 TP2,2020-06-05 09:30:00,2020-06,2020,442.0,SELL,BUY,501.0,505.5,9.0,NQ09B SELL NY N130 TP2,-59.0,0.0,9.0,59.0,4.5,4.5,0.0,True,62
180,2020-06-07 18:00,WEEKLY,2,-59.0,0.0,9.0,NQ09B BUY WEEKLY STOP,311.0,315.5,9.0,NQ09B SELL WEEKLY W80,2020-06-07 18:00:00,2020-06,2020,252.0,SELL,BUY,311.0,315.5,9.0,NQ09B SELL WEEKLY W80,-59.0,0.0,9.0,59.0,4.5,4.5,0.0,True,63
186,2020-06-11 09:30,NY,2,-59.0,0.0,9.0,NQ09B BUY NY STOP,501.0,505.5,9.0,NQ09B SELL NY N130 TP2,2020-06-11 09:30:00,2020-06,2020,442.0,SELL,BUY,501.0,505.5,9.0,NQ09B SELL NY N130 TP2,-59.0,0.0,9.0,59.0,4.5,4.5,0.0,True,64
187,2020-06-11 18:00,WEEKDAY_PREMIUM,2,-59.0,0.0,9.0,NQ09B BUY WEEKDAY 1800 STOP,311.0,315.5,9.0,NQ09B SELL WEEKDAY 1800 D80,2020-06-11 18:00:00,2020-06,2020,252.0,SELL,BUY,311.0,315.5,9.0,NQ09B SELL WEEKDAY 1800 D80,-59.0,0.0,9.0,59.0,4.5,4.5,0.0,True,65
188,2020-06-12 09:30,NY,2,501.0,505.5,9.0,NQ09B BUY NY N130 TP2,-59.0,0.0,9.0,NQ09B SELL NY STOP,2020-06-12 09:30:00,2020-06,2020,442.0,BUY,SELL,501.0,505.5,9.0,NQ09B BUY NY N130 TP2,-59.0,0.0,9.0,59.0,4.5,4.5,0.0,True,66
189,2020-06-14 18:00,WEEKLY,2,311.0,315.5,9.0,NQ09B BUY WEEKLY W80,-59.0,0.0,9.0,NQ09B SELL WEEKLY STOP,2020-06-14 18:00:00,2020-06,2020,252.0,BUY,SELL,311.0,315.5,9.0,NQ09B BUY WEEKLY W80,-59.0,0.0,9.0,59.0,4.5,4.5,0.0,True,67
190,2020-06-15 09:30,NY,2,501.0,505.5,9.0,NQ09B BUY NY N130 TP2,-59.0,0.0,9.0,NQ09B SELL NY STOP,2020-06-15 09:30:00,2020-06,2020,442.0,BUY,SELL,501.0,505.5,9.0,NQ09B BUY NY N130 TP2,-59.0,0.0,9.0,59.0,4.5,4.5,0.0,True,68
197,2020-06-21 18:00,WEEKLY,2,-59.0,0.0,9.0,NQ09B BUY WEEKLY STOP,311.0,315.5,9.0,NQ09B SELL WEEKLY W80,2020-06-21 18:00:00,2020-06,2020,252.0,SELL,BUY,311.0,315.5,9.0,NQ09B SELL WEEKLY W80,-59.0,0.0,9.0,59.0,4.5,4.5,0.0,True,69
202,2020-06-24 18:00,WEEKDAY_PREMIUM,2,-59.0,0.0,9.0,NQ09B BUY WEEKDAY 1800 STOP,311.0,315.5,9.0,NQ09B SELL WEEKDAY 1800 D80,2020-06-24 18:00:00,2020-06,2020,252.0,SELL,BUY,311.0,315.5,9.0,NQ09B SELL WEEKDAY 1800 D80,-59.0,0.0,9.0,59.0,4.5,4.5,0.0,True,70
207,2020-06-29 09:30,NY,2,501.0,505.5,9.0,NQ09B BUY NY N130 TP2,-59.0,0.0,9.0,NQ09B SELL NY STOP,2020-06-29 09:30:00,2020-06,2020,442.0,BUY,SELL,501.0,505.5,9.0,NQ09B BUY NY N130 TP2,-59.0,0.0,9.0,59.0,4.5,4.5,0.0,True,71
215,2020-07-06 09:30,NY,2,501.0,505.5,9.0,NQ09B BUY NY N130 TP2,-59.0,5.5,9.0,NQ09B SELL NY STOP,2020-07-06 09:30:00,2020-07,2020,442.0,BUY,SELL,501.0,505.5,9.0,NQ09B BUY NY N130 TP2,-59.0,5.5,9.0,64.5,4.5,4.5,0.0,True,72
216,2020-07-07 09:30,NY,2,-59.0,0.0,9.0,NQ09B BUY NY STOP,501.0,505.5,9.0,NQ09B SELL NY N130 TP2,2020-07-07 09:30:00,2020-07,2020,442.0,SELL,BUY,501.0,505.5,9.0,NQ09B SELL NY N130 TP2,-59.0,0.0,9.0,59.0,4.5,4.5,0.0,True,73
218,2020-07-09 09:30,NY,2,-59.0,0.0,9.0,NQ09B BUY NY STOP,501.0,505.5,9.0,NQ09B SELL NY N130 TP2,2020-07-09 09:30:00,2020-07,2020,442.0,SELL,BUY,501.0,505.5,9.0,NQ09B SELL NY N130 TP2,-59.0,0.0,9.0,59.0,4.5,4.5,0.0,True,74
219,2020-07-10 09:30,NY,2,501.0,505.5,9.0,NQ09B BUY NY N130 TP2,-59.0,0.0,9.0,NQ09B SELL NY STOP,2020-07-10 09:30:00,2020-07,2020,442.0,BUY,SELL,501.0,505.5,9.0,NQ09B BUY NY N130 TP2,-59.0,0.0,9.0,59.0,4.5,4.5,0.0,True,75
220,2020-07-12 18:00,WEEKLY,2,311.0,315.5,9.0,NQ09B BUY WEEKLY W80,-59.0,5.5,9.0,NQ09B SELL WEEKLY STOP,2020-07-12 18:00:00,2020-07,2020,252.0,BUY,SELL,311.0,315.5,9.0,NQ09B BUY WEEKLY W80,-59.0,5.5,9.0,64.5,4.5,4.5,0.0,True,76
224,2020-07-14 18:00,WEEKDAY_PREMIUM,2,311.0,315.5,9.0,NQ09B BUY WEEKDAY 1800 D80,-59.0,0.0,9.0,NQ09B SELL WEEKDAY 1800 STOP,2020-07-14 18:00:00,2020-07,2020,252.0,BUY,SELL,311.0,315.5,9.0,NQ09B BUY WEEKDAY 1800 D80,-59.0,0.0,9.0,59.0,4.5,4.5,0.0,True,77
225,2020-07-15 09:30,NY,2,501.0,505.5,9.0,NQ09B BUY NY N130 TP2,-59.0,0.0,9.0,NQ09B SELL NY STOP,2020-07-15 09:30:00,2020-07,2020,442.0,BUY,SELL,501.0,505.5,9.0,NQ09B BUY NY N130 TP2,-59.0,0.0,9.0,59.0,4.5,4.5,0.0,True,78
226,2020-07-16 09:30,NY,2,-59.0,0.0,9.0,NQ09B BUY NY STOP,501.0,505.5,9.0,NQ09B SELL NY N130 TP2,2020-07-16 09:30:00,2020-07,2020,442.0,SELL,BUY,501.0,505.5,9.0,NQ09B SELL NY N130 TP2,-59.0,0.0,9.0,59.0,4.5,4.5,0.0,True,79
231,2020-07-22 09:30,NY,2,-59.0,0.0,9.0,NQ09B BUY NY STOP,501.0,505.5,9.0,NQ09B SELL NY N130 TP2,2020-07-22 09:30:00,2020-07,2020,442.0,SELL,BUY,501.0,505.5,9.0,NQ09B SELL NY N130 TP2,-59.0,0.0,9.0,59.0,4.5,4.5,0.0,True,80
235,2020-07-24 09:30,NY,2,501.0,505.5,9.0,NQ09B BUY NY N130 TP2,-59.0,0.0,9.0,NQ09B SELL NY STOP,2020-07-24 09:30:00,2020-07,2020,442.0,BUY,SELL,501.0,505.5,9.0,NQ09B BUY NY N130 TP2,-59.0,0.0,9.0,59.0,4.5,4.5,0.0,True,81
236,2020-07-26 18:00,WEEKLY,2,-59.0,0.0,9.0,NQ09B BUY WEEKLY STOP,311.0,315.5,9.0,NQ09B SELL WEEKLY W80,2020-07-26 18:00:00,2020-07,2020,252.0,SELL,BUY,311.0,315.5,9.0,NQ09B SELL WEEKLY W80,-59.0,0.0,9.0,59.0,4.5,4.5,0.0,True,82
237,2020-07-27 09:30,NY,2,501.0,505.5,9.0,NQ09B BUY NY N130 TP2,-59.0,0.0,9.0,NQ09B SELL NY STOP,2020-07-27 09:30:00,2020-07,2020,442.0,BUY,SELL,501.0,505.5,9.0,NQ09B BUY NY N130 TP2,-59.0,0.0,9.0,59.0,4.5,4.5,0.0,True,83
238,2020-07-28 09:30,NY,2,501.0,505.5,9.0,NQ09B BUY NY N130 TP2,-59.0,0.0,9.0,NQ09B SELL NY STOP,2020-07-28 09:30:00,2020-07,2020,442.0,BUY,SELL,501.0,505.5,9.0,NQ09B BUY NY N130 TP2,-59.0,0.0,9.0,59.0,4.5,4.5,0.0,True,84
241,2020-07-30 09:30,NY,2,-59.0,0.0,9.0,NQ09B BUY NY STOP,501.0,505.5,9.0,NQ09B SELL NY N130 TP2,2020-07-30 09:30:00,2020-07,2020,442.0,SELL,BUY,501.0,505.5,9.0,NQ09B SELL NY N130 TP2,-59.0,0.0,9.0,59.0,4.5,4.5,0.0,True,85
242,2020-07-30 18:00,WEEKDAY_PREMIUM,2,311.0,315.5,9.0,NQ09B BUY WEEKDAY 1800 D80,-59.0,5.5,9.0,NQ09B SELL WEEKDAY 1800 STOP,2020-07-30 18:00:00,2020-07,2020,252.0,BUY,SELL,311.0,315.5,9.0,NQ09B BUY WEEKDAY 1800 D80,-59.0,5.5,9.0,64.5,4.5,4.5,0.0,True,86
244,2020-08-02 18:00,WEEKLY,2,311.0,315.5,9.0,NQ09B BUY WEEKLY W80,-59.0,0.0,9.0,NQ09B SELL WEEKLY STOP,2020-08-02 18:00:00,2020-08,2020,252.0,BUY,SELL,311.0,315.5,9.0,NQ09B BUY WEEKLY W80,-59.0,0.0,9.0,59.0,4.5,4.5,0.0,True,87
250,2020-08-09 18:00,WEEKLY,2,311.0,315.5,9.0,NQ09B BUY WEEKLY W80,-59.0,0.0,9.0,NQ09B SELL WEEKLY STOP,2020-08-09 18:00:00,2020-08,2020,252.0,BUY,SELL,311.0,315.5,9.0,NQ09B BUY WEEKLY W80,-59.0,0.0,9.0,59.0,4.5,4.5,0.0,True,88
255,2020-08-12 18:00,WEEKDAY_PREMIUM,2,-59.0,0.0,9.0,NQ09B BUY WEEKDAY 1800 STOP,311.0,315.5,9.0,NQ09B SELL WEEKDAY 1800 D80,2020-08-12 18:00:00,2020-08,2020,252.0,SELL,BUY,311.0,315.5,9.0,NQ09B SELL WEEKDAY 1800 D80,-59.0,0.0,9.0,59.0,4.5,4.5,0.0,True,89
262,2020-08-20 09:30,NY,2,-59.0,0.0,9.0,NQ09B BUY NY STOP,501.0,505.5,9.0,NQ09B SELL NY N130 TP2,2020-08-20 09:30:00,2020-08,2020,442.0,SELL,BUY,501.0,505.5,9.0,NQ09B SELL NY N130 TP2,-59.0,0.0,9.0,59.0,4.5,4.5,0.0,True,90
266,2020-08-25 09:30,NY,2,-59.0,0.0,9.0,NQ09B BUY NY STOP,501.0,505.5,9.0,NQ09B SELL NY N130 TP2,2020-08-25 09:30:00,2020-08,2020,442.0,SELL,BUY,501.0,505.5,9.0,NQ09B SELL NY N130 TP2,-59.0,0.0,9.0,59.0,4.5,4.5,0.0,True,91
267,2020-08-25 18:00,WEEKDAY_PREMIUM,2,-59.0,0.0,9.0,NQ09B BUY WEEKDAY 1800 STOP,311.0,315.5,9.0,NQ09B SELL WEEKDAY 1800 D80,2020-08-25 18:00:00,2020-08,2020,252.0,SELL,BUY,311.0,315.5,9.0,NQ09B SELL WEEKDAY 1800 D80,-59.0,0.0,9.0,59.0,4.5,4.5,0.0,True,92
274,2020-08-31 09:30,NY,2,-59.0,0.0,9.0,NQ09B BUY NY STOP,501.0,505.5,9.0,NQ09B SELL NY N130 TP2,2020-08-31 09:30:00,2020-08,2020,442.0,SELL,BUY,501.0,505.5,9.0,NQ09B SELL NY N130 TP2,-59.0,0.0,9.0,59.0,4.5,4.5,0.0,True,93
279,2020-09-03 09:30,NY,2,501.0,505.5,9.0,NQ09B BUY NY N130 TP2,-59.0,0.0,9.0,NQ09B SELL NY STOP,2020-09-03 09:30:00,2020-09,2020,442.0,BUY,SELL,501.0,505.5,9.0,NQ09B BUY NY N130 TP2,-59.0,0.0,9.0,59.0,4.5,4.5,0.0,True,94
280,2020-09-03 18:00,WEEKDAY_PREMIUM,2,-59.0,0.0,9.0,NQ09B BUY WEEKDAY 1800 STOP,311.0,315.5,9.0,NQ09B SELL WEEKDAY 1800 D80,2020-09-03 18:00:00,2020-09,2020,252.0,SELL,BUY,311.0,315.5,9.0,NQ09B SELL WEEKDAY 1800 D80,-59.0,0.0,9.0,59.0,4.5,4.5,0.0,True,95
281,2020-09-04 09:30,NY,2,-59.0,0.0,9.0,NQ09B BUY NY STOP,501.0,505.5,9.0,NQ09B SELL NY N130 TP2,2020-09-04 09:30:00,2020-09,2020,442.0,SELL,BUY,501.0,505.5,9.0,NQ09B SELL NY N130 TP2,-59.0,0.0,9.0,59.0,4.5,4.5,0.0,True,96
282,2020-09-06 18:00,WEEKLY,2,311.0,315.5,9.0,NQ09B BUY WEEKLY W80,-59.0,0.0,9.0,NQ09B SELL WEEKLY STOP,2020-09-06 18:00:00,2020-09,2020,252.0,BUY,SELL,311.0,315.5,9.0,NQ09B BUY WEEKLY W80,-59.0,0.0,9.0,59.0,4.5,4.5,0.0,True,97
284,2020-09-08 09:30,NY,2,-59.0,0.0,9.0,NQ09B BUY NY STOP,501.0,505.5,9.0,NQ09B SELL NY N130 TP2,2020-09-08 09:30:00,2020-09,2020,442.0,SELL,BUY,501.0,505.5,9.0,NQ09B SELL NY N130 TP2,-59.0,0.0,9.0,59.0,4.5,4.5,0.0,True,98
286,2020-09-09 09:30,NY,2,501.0,505.5,9.0,NQ09B BUY NY N130 TP2,-59.0,0.0,9.0,NQ09B SELL NY STOP,2020-09-09 09:30:00,2020-09,2020,442.0,BUY,SELL,501.0,505.5,9.0,NQ09B BUY NY N130 TP2,-59.0,0.0,9.0,59.0,4.5,4.5,0.0,True,99
288,2020-09-10 09:30,NY,2,501.0,505.5,9.0,NQ09B BUY NY N130 TP2,-59.0,0.0,9.0,NQ09B SELL NY STOP,2020-09-10 09:30:00,2020-09,2020,442.0,BUY,SELL,501.0,505.5,9.0,NQ09B BUY NY N130 TP2,-59.0,0.0,9.0,59.0,4.5,4.5,0.0,True,100
290,2020-09-11 09:30,NY,2,501.0,505.5,9.0,NQ09B BUY NY N130 TP2,-59.0,0.0,9.0,NQ09B SELL NY STOP,2020-09-11 09:30:00,2020-09,2020,442.0,BUY,SELL,501.0,505.5,9.0,NQ09B BUY NY N130 TP2,-59.0,0.0,9.0,59.0,4.5,4.5,0.0,True,101
291,2020-09-13 18:00,WEEKLY,2,311.0,315.5,9.0,NQ09B BUY WEEKLY W80,-59.0,0.0,9.0,NQ09B SELL WEEKLY STOP,2020-09-13 18:00:00,2020-09,2020,252.0,BUY,SELL,311.0,315.5,9.0,NQ09B BUY WEEKLY W80,-59.0,0.0,9.0,59.0,4.5,4.5,0.0,True,102
292,2020-09-14 09:30,NY,2,501.0,505.5,9.0,NQ09B BUY NY N130 TP2,-59.0,0.0,9.0,NQ09B SELL NY STOP,2020-09-14 09:30:00,2020-09,2020,442.0,BUY,SELL,501.0,505.5,9.0,NQ09B BUY NY N130 TP2,-59.0,0.0,9.0,59.0,4.5,4.5,0.0,True,103
298,2020-09-18 09:30,NY,2,501.0,505.5,9.0,NQ09B BUY NY N130 TP2,-59.0,0.0,9.0,NQ09B SELL NY STOP,2020-09-18 09:30:00,2020-09,2020,442.0,BUY,SELL,501.0,505.5,9.0,NQ09B BUY NY N130 TP2,-59.0,0.0,9.0,59.0,4.5,4.5,0.0,True,104
299,2020-09-20 18:00,WEEKLY,2,311.0,315.5,9.0,NQ09B BUY WEEKLY W80,-59.0,0.0,9.0,NQ09B SELL WEEKLY STOP,2020-09-20 18:00:00,2020-09,2020,252.0,BUY,SELL,311.0,315.5,9.0,NQ09B BUY WEEKLY W80,-59.0,0.0,9.0,59.0,4.5,4.5,0.0,True,105
300,2020-09-21 09:30,NY,2,-59.0,0.0,9.0,NQ09B BUY NY STOP,501.0,505.5,9.0,NQ09B SELL NY N130 TP2,2020-09-21 09:30:00,2020-09,2020,442.0,SELL,BUY,501.0,505.5,9.0,NQ09B SELL NY N130 TP2,-59.0,0.0,9.0,59.0,4.5,4.5,0.0,True,106
305,2020-09-24 18:00,WEEKDAY_PREMIUM,2,311.0,315.5,9.0,NQ09B BUY WEEKDAY 1800 D80,-59.0,0.0,9.0,NQ09B SELL WEEKDAY 1800 STOP,2020-09-24 18:00:00,2020-09,2020,252.0,BUY,SELL,311.0,315.5,9.0,NQ09B BUY WEEKDAY 1800 D80,-59.0,0.0,9.0,59.0,4.5,4.5,0.0,True,107
306,2020-09-25 09:30,NY,2,501.0,505.5,9.0,NQ09B BUY NY N130 TP2,-59.0,0.0,9.0,NQ09B SELL NY STOP,2020-09-25 09:30:00,2020-09,2020,442.0,BUY,SELL,501.0,505.5,9.0,NQ09B BUY NY N130 TP2,-59.0,0.0,9.0,59.0,4.5,4.5,0.0,True,108
307,2020-09-27 18:00,WEEKLY,2,311.0,315.5,9.0,NQ09B BUY WEEKLY W80,-59.0,0.0,9.0,NQ09B SELL WEEKLY STOP,2020-09-27 18:00:00,2020-09,2020,252.0,BUY,SELL,311.0,315.5,9.0,NQ09B BUY WEEKLY W80,-59.0,0.0,9.0,59.0,4.5,4.5,0.0,True,109
309,2020-09-29 09:30,NY,2,-59.0,0.0,9.0,NQ09B BUY NY STOP,501.0,505.5,9.0,NQ09B SELL NY N130 TP2,2020-09-29 09:30:00,2020-09,2020,442.0,SELL,BUY,501.0,505.5,9.0,NQ09B SELL NY N130 TP2,-59.0,0.0,9.0,59.0,4.5,4.5,0.0,True,110
313,2020-10-02 09:30,NY,2,-59.0,0.0,9.0,NQ09B BUY NY STOP,501.0,505.5,9.0,NQ09B SELL NY N130 TP2,2020-10-02 09:30:00,2020-10,2020,442.0,SELL,BUY,501.0,505.5,9.0,NQ09B SELL NY N130 TP2,-59.0,0.0,9.0,59.0,4.5,4.5,0.0,True,111
314,2020-10-04 18:00,WEEKLY,2,311.0,315.5,9.0,NQ09B BUY WEEKLY W80,-59.0,0.0,9.0,NQ09B SELL WEEKLY STOP,2020-10-04 18:00:00,2020-10,2020,252.0,BUY,SELL,311.0,315.5,9.0,NQ09B BUY WEEKLY W80,-59.0,0.0,9.0,59.0,4.5,4.5,0.0,True,112
317,2020-10-06 18:00,WEEKDAY_PREMIUM,2,-59.0,0.0,9.0,NQ09B BUY WEEKDAY 1800 STOP,311.0,315.5,9.0,NQ09B SELL WEEKDAY 1800 D80,2020-10-06 18:00:00,2020-10,2020,252.0,SELL,BUY,311.0,315.5,9.0,NQ09B SELL WEEKDAY 1800 D80,-59.0,0.0,9.0,59.0,4.5,4.5,0.0,True,113
321,2020-10-09 09:30,NY,2,-59.0,0.0,9.0,NQ09B BUY NY STOP,501.0,505.5,9.0,NQ09B SELL NY N130 TP2,2020-10-09 09:30:00,2020-10,2020,442.0,SELL,BUY,501.0,505.5,9.0,NQ09B SELL NY N130 TP2,-59.0,0.0,9.0,59.0,4.5,4.5,0.0,True,114
322,2020-10-11 18:00,WEEKLY,2,-59.0,5.5,9.0,NQ09B BUY WEEKLY STOP,311.0,315.5,9.0,NQ09B SELL WEEKLY W80,2020-10-11 18:00:00,2020-10,2020,252.0,SELL,BUY,311.0,315.5,9.0,NQ09B SELL WEEKLY W80,-59.0,5.5,9.0,64.5,4.5,4.5,0.0,True,115
329,2020-10-15 09:30,NY,2,-59.0,0.0,9.0,NQ09B BUY NY STOP,501.0,505.5,9.0,NQ09B SELL NY N130 TP2,2020-10-15 09:30:00,2020-10,2020,442.0,SELL,BUY,501.0,505.5,9.0,NQ09B SELL NY N130 TP2,-59.0,0.0,9.0,59.0,4.5,4.5,0.0,True,116
331,2020-10-18 18:00,WEEKLY,2,311.0,315.5,9.0,NQ09B BUY WEEKLY W80,-59.0,0.0,9.0,NQ09B SELL WEEKLY STOP,2020-10-18 18:00:00,2020-10,2020,252.0,BUY,SELL,311.0,315.5,9.0,NQ09B BUY WEEKLY W80,-59.0,0.0,9.0,59.0,4.5,4.5,0.0,True,117
333,2020-10-19 18:00,WEEKDAY_PREMIUM,2,311.0,315.5,9.0,NQ09B BUY WEEKDAY 1800 D80,-59.0,0.0,9.0,NQ09B SELL WEEKDAY 1800 STOP,2020-10-19 18:00:00,2020-10,2020,252.0,BUY,SELL,311.0,315.5,9.0,NQ09B BUY WEEKDAY 1800 D80,-59.0,0.0,9.0,59.0,4.5,4.5,0.0,True,118
336,2020-10-21 09:30,NY,2,-59.0,0.0,9.0,NQ09B BUY NY STOP,501.0,505.5,9.0,NQ09B SELL NY N130 TP2,2020-10-21 09:30:00,2020-10,2020,442.0,SELL,BUY,501.0,505.5,9.0,NQ09B SELL NY N130 TP2,-59.0,0.0,9.0,59.0,4.5,4.5,0.0,True,119
341,2020-10-27 09:30,NY,2,501.0,505.5,9.0,NQ09B BUY NY N130 TP2,-59.0,0.0,9.0,NQ09B SELL NY STOP,2020-10-27 09:30:00,2020-10,2020,442.0,BUY,SELL,501.0,505.5,9.0,NQ09B BUY NY N130 TP2,-59.0,0.0,9.0,59.0,4.5,4.5,0.0,True,120
343,2020-10-28 09:30,NY,2,501.0,505.5,9.0,NQ09B BUY NY N130 TP2,-59.0,0.0,9.0,NQ09B SELL NY STOP,2020-10-28 09:30:00,2020-10,2020,442.0,BUY,SELL,501.0,505.5,9.0,NQ09B BUY NY N130 TP2,-59.0,0.0,9.0,59.0,4.5,4.5,0.0,True,121
344,2020-10-28 18:00,WEEKDAY_PREMIUM,2,311.0,315.5,9.0,NQ09B BUY WEEKDAY 1800 D80,-59.0,0.0,9.0,NQ09B SELL WEEKDAY 1800 STOP,2020-10-28 18:00:00,2020-10,2020,252.0,BUY,SELL,311.0,315.5,9.0,NQ09B BUY WEEKDAY 1800 D80,-59.0,0.0,9.0,59.0,4.5,4.5,0.0,True,122
347,2020-10-30 09:30,NY,2,-59.0,0.0,9.0,NQ09B BUY NY STOP,501.0,505.5,9.0,NQ09B SELL NY N130 TP2,2020-10-30 09:30:00,2020-10,2020,442.0,SELL,BUY,501.0,505.5,9.0,NQ09B SELL NY N130 TP2,-59.0,0.0,9.0,59.0,4.5,4.5,0.0,True,123
348,2020-11-01 18:00,WEEKLY,2,-59.0,0.0,9.0,NQ09B BUY WEEKLY STOP,311.0,315.5,9.0,NQ09B SELL WEEKLY W80,2020-11-01 18:00:00,2020-11,2020,252.0,SELL,BUY,311.0,315.5,9.0,NQ09B SELL WEEKLY W80,-59.0,0.0,9.0,59.0,4.5,4.5,0.0,True,124
349,2020-11-02 09:30,NY,2,501.0,505.5,9.0,NQ09B BUY NY N130 TP2,-59.0,0.0,9.0,NQ09B SELL NY STOP,2020-11-02 09:30:00,2020-11,2020,442.0,BUY,SELL,501.0,505.5,9.0,NQ09B BUY NY N130 TP2,-59.0,0.0,9.0,59.0,4.5,4.5,0.0,True,125
352,2020-11-04 09:30,NY,2,-59.0,0.0,9.0,NQ09B BUY NY STOP,501.0,505.5,9.0,NQ09B SELL NY N130 TP2,2020-11-04 09:30:00,2020-11,2020,442.0,SELL,BUY,501.0,505.5,9.0,NQ09B SELL NY N130 TP2,-59.0,0.0,9.0,59.0,4.5,4.5,0.0,True,126
353,2020-11-04 18:00,WEEKDAY_PREMIUM,2,311.0,315.5,9.0,NQ09B BUY WEEKDAY 1800 D80,-59.0,0.0,9.0,NQ09B SELL WEEKDAY 1800 STOP,2020-11-04 18:00:00,2020-11,2020,252.0,BUY,SELL,311.0,315.5,9.0,NQ09B BUY WEEKDAY 1800 D80,-59.0,0.0,9.0,59.0,4.5,4.5,0.0,True,127
356,2020-11-06 09:30,NY,2,501.0,505.5,9.0,NQ09B BUY NY N130 TP2,-59.0,0.0,9.0,NQ09B SELL NY STOP,2020-11-06 09:30:00,2020-11,2020,442.0,BUY,SELL,501.0,505.5,9.0,NQ09B BUY NY N130 TP2,-59.0,0.0,9.0,59.0,4.5,4.5,0.0,True,128
357,2020-11-08 18:00,WEEKLY,2,-59.0,0.0,9.0,NQ09B BUY WEEKLY STOP,311.0,315.5,9.0,NQ09B SELL WEEKLY W80,2020-11-08 18:00:00,2020-11,2020,252.0,SELL,BUY,311.0,315.5,9.0,NQ09B SELL WEEKLY W80,-59.0,0.0,9.0,59.0,4.5,4.5,0.0,True,129
358,2020-11-09 09:30,NY,2,501.0,505.5,9.0,NQ09B BUY NY N130 TP2,-59.0,0.0,9.0,NQ09B SELL NY STOP,2020-11-09 09:30:00,2020-11,2020,442.0,BUY,SELL,501.0,505.5,9.0,NQ09B BUY NY N130 TP2,-59.0,0.0,9.0,59.0,4.5,4.5,0.0,True,130
361,2020-11-11 09:30,NY,2,-59.0,0.0,9.0,NQ09B BUY NY STOP,501.0,505.5,9.0,NQ09B SELL NY N130 TP2,2020-11-11 09:30:00,2020-11,2020,442.0,SELL,BUY,501.0,505.5,9.0,NQ09B SELL NY N130 TP2,-59.0,0.0,9.0,59.0,4.5,4.5,0.0,True,131
364,2020-11-13 09:30,NY,2,-59.0,0.0,9.0,NQ09B BUY NY STOP,501.0,505.5,9.0,NQ09B SELL NY N130 TP2,2020-11-13 09:30:00,2020-11,2020,442.0,SELL,BUY,501.0,505.5,9.0,NQ09B SELL NY N130 TP2,-59.0,0.0,9.0,59.0,4.5,4.5,0.0,True,132
365,2020-11-15 18:00,WEEKLY,2,311.0,315.5,9.0,NQ09B BUY WEEKLY W80,-59.0,0.0,9.0,NQ09B SELL WEEKLY STOP,2020-11-15 18:00:00,2020-11,2020,252.0,BUY,SELL,311.0,315.5,9.0,NQ09B BUY WEEKLY W80,-59.0,0.0,9.0,59.0,4.5,4.5,0.0,True,133
371,2020-11-19 09:30,NY,2,501.0,505.5,9.0,NQ09B BUY NY N130 TP2,-59.0,0.0,9.0,NQ09B SELL NY STOP,2020-11-19 09:30:00,2020-11,2020,442.0,BUY,SELL,501.0,505.5,9.0,NQ09B BUY NY N130 TP2,-59.0,0.0,9.0,59.0,4.5,4.5,0.0,True,134
373,2020-11-20 09:30,NY,2,-59.0,0.0,9.0,NQ09B BUY NY STOP,501.0,505.5,9.0,NQ09B SELL NY N130 TP2,2020-11-20 09:30:00,2020-11,2020,442.0,SELL,BUY,501.0,505.5,9.0,NQ09B SELL NY N130 TP2,-59.0,0.0,9.0,59.0,4.5,4.5,0.0,True,135
378,2020-11-25 09:30,NY,2,-59.0,0.0,9.0,NQ09B BUY NY STOP,501.0,505.5,9.0,NQ09B SELL NY N130 TP2,2020-11-25 09:30:00,2020-11,2020,442.0,SELL,BUY,501.0,505.5,9.0,NQ09B SELL NY N130 TP2,-59.0,0.0,9.0,59.0,4.5,4.5,0.0,True,136
380,2020-11-27 09:30,NY,2,-59.0,0.0,9.0,NQ09B BUY NY STOP,501.0,505.5,9.0,NQ09B SELL NY N130 TP2,2020-11-27 09:30:00,2020-11,2020,442.0,SELL,BUY,501.0,505.5,9.0,NQ09B SELL NY N130 TP2,-59.0,0.0,9.0,59.0,4.5,4.5,0.0,True,137
393,2020-12-10 09:30,NY,2,501.0,505.5,9.0,NQ09B BUY NY N130 TP2,-59.0,0.0,9.0,NQ09B SELL NY STOP,2020-12-10 09:30:00,2020-12,2020,442.0,BUY,SELL,501.0,505.5,9.0,NQ09B BUY NY N130 TP2,-59.0,0.0,9.0,59.0,4.5,4.5,0.0,True,138
394,2020-12-11 09:30,NY,2,501.0,505.5,9.0,NQ09B BUY NY N130 TP2,-59.0,0.0,9.0,NQ09B SELL NY STOP,2020-12-11 09:30:00,2020-12,2020,442.0,BUY,SELL,501.0,505.5,9.0,NQ09B BUY NY N130 TP2,-59.0,0.0,9.0,59.0,4.5,4.5,0.0,True,139
397,2020-12-15 09:30,NY,2,501.0,505.5,9.0,NQ09B BUY NY N130 TP2,-59.0,0.0,9.0,NQ09B SELL NY STOP,2020-12-15 09:30:00,2020-12,2020,442.0,BUY,SELL,501.0,505.5,9.0,NQ09B BUY NY N130 TP2,-59.0,0.0,9.0,59.0,4.5,4.5,0.0,True,140
401,2020-12-18 09:30,NY,2,501.0,505.5,9.0,NQ09B BUY NY N130 TP2,-59.0,0.0,9.0,NQ09B SELL NY STOP,2020-12-18 09:30:00,2020-12,2020,442.0,BUY,SELL,501.0,505.5,9.0,NQ09B BUY NY N130 TP2,-59.0,0.0,9.0,59.0,4.5,4.5,0.0,True,141
402,2020-12-20 18:00,WEEKLY,2,311.0,315.5,9.0,NQ09B BUY WEEKLY W80,-59.0,0.0,9.0,NQ09B SELL WEEKLY STOP,2020-12-20 18:00:00,2020-12,2020,252.0,BUY,SELL,311.0,315.5,9.0,NQ09B BUY WEEKLY W80,-59.0,0.0,9.0,59.0,4.5,4.5,0.0,True,142
409,2020-12-29 09:30,NY,2,-59.0,0.0,9.0,NQ09B BUY NY STOP,501.0,505.5,9.0,NQ09B SELL NY N130 TP2,2020-12-29 09:30:00,2020-12,2020,442.0,SELL,BUY,501.0,505.5,9.0,NQ09B SELL NY N130 TP2,-59.0,0.0,9.0,59.0,4.5,4.5,0.0,True,143
413,2021-01-03 18:00,WEEKLY,2,311.0,315.5,9.0,NQ09B BUY WEEKLY W80,-59.0,0.0,9.0,NQ09B SELL WEEKLY STOP,2021-01-03 18:00:00,2021-01,2021,252.0,BUY,SELL,311.0,315.5,9.0,NQ09B BUY WEEKLY W80,-59.0,0.0,9.0,59.0,4.5,4.5,0.0,True,144
418,2021-01-06 09:30,NY,2,501.0,505.5,9.0,NQ09B BUY NY N130 TP2,-59.0,0.0,9.0,NQ09B SELL NY STOP,2021-01-06 09:30:00,2021-01,2021,442.0,BUY,SELL,501.0,505.5,9.0,NQ09B BUY NY N130 TP2,-59.0,0.0,9.0,59.0,4.5,4.5,0.0,True,145
422,2021-01-08 09:30,NY,2,501.0,505.5,9.0,NQ09B BUY NY N130 TP2,-59.0,0.0,9.0,NQ09B SELL NY STOP,2021-01-08 09:30:00,2021-01,2021,442.0,BUY,SELL,501.0,505.5,9.0,NQ09B BUY NY N130 TP2,-59.0,0.0,9.0,59.0,4.5,4.5,0.0,True,146
423,2021-01-10 18:00,WEEKLY,2,311.0,315.5,9.0,NQ09B BUY WEEKLY W80,-59.0,0.0,9.0,NQ09B SELL WEEKLY STOP,2021-01-10 18:00:00,2021-01,2021,252.0,BUY,SELL,311.0,315.5,9.0,NQ09B BUY WEEKLY W80,-59.0,0.0,9.0,59.0,4.5,4.5,0.0,True,147
428,2021-01-14 09:30,NY,2,-59.0,0.0,9.0,NQ09B BUY NY STOP,501.0,505.5,9.0,NQ09B SELL NY N130 TP2,2021-01-14 09:30:00,2021-01,2021,442.0,SELL,BUY,501.0,505.5,9.0,NQ09B SELL NY N130 TP2,-59.0,0.0,9.0,59.0,4.5,4.5,0.0,True,148
430,2021-01-17 18:00,WEEKLY,2,-59.0,0.0,9.0,NQ09B BUY WEEKLY STOP,311.0,315.5,9.0,NQ09B SELL WEEKLY W80,2021-01-17 18:00:00,2021-01,2021,252.0,SELL,BUY,311.0,315.5,9.0,NQ09B SELL WEEKLY W80,-59.0,0.0,9.0,59.0,4.5,4.5,0.0,True,149
438,2021-01-22 09:30,NY,2,501.0,505.5,9.0,NQ09B BUY NY N130 TP2,-59.0,0.0,9.0,NQ09B SELL NY STOP,2021-01-22 09:30:00,2021-01,2021,442.0,BUY,SELL,501.0,505.5,9.0,NQ09B BUY NY N130 TP2,-59.0,0.0,9.0,59.0,4.5,4.5,0.0,True,150
444,2021-01-27 09:30,NY,2,-59.0,0.0,9.0,NQ09B BUY NY STOP,501.0,505.5,9.0,NQ09B SELL NY N130 TP2,2021-01-27 09:30:00,2021-01,2021,442.0,SELL,BUY,501.0,505.5,9.0,NQ09B SELL NY N130 TP2,-59.0,0.0,9.0,59.0,4.5,4.5,0.0,True,151
446,2021-01-28 09:30,NY,2,-59.0,0.0,9.0,NQ09B BUY NY STOP,501.0,505.5,9.0,NQ09B SELL NY N130 TP2,2021-01-28 09:30:00,2021-01,2021,442.0,SELL,BUY,501.0,505.5,9.0,NQ09B SELL NY N130 TP2,-59.0,0.0,9.0,59.0,4.5,4.5,0.0,True,152
447,2021-01-28 18:00,WEEKDAY_PREMIUM,2,311.0,315.5,9.0,NQ09B BUY WEEKDAY 1800 D80,-59.0,0.0,9.0,NQ09B SELL WEEKDAY 1800 STOP,2021-01-28 18:00:00,2021-01,2021,252.0,BUY,SELL,311.0,315.5,9.0,NQ09B BUY WEEKDAY 1800 D80,-59.0,0.0,9.0,59.0,4.5,4.5,0.0,True,153
448,2021-01-29 09:30,NY,2,-59.0,0.0,9.0,NQ09B BUY NY STOP,501.0,505.5,9.0,NQ09B SELL NY N130 TP2,2021-01-29 09:30:00,2021-01,2021,442.0,SELL,BUY,501.0,505.5,9.0,NQ09B SELL NY N130 TP2,-59.0,0.0,9.0,59.0,4.5,4.5,0.0,True,154
449,2021-01-31 18:00,WEEKLY,2,311.0,315.5,9.0,NQ09B BUY WEEKLY W80,-59.0,0.0,9.0,NQ09B SELL WEEKLY STOP,2021-01-31 18:00:00,2021-01,2021,252.0,BUY,SELL,311.0,315.5,9.0,NQ09B BUY WEEKLY W80,-59.0,0.0,9.0,59.0,4.5,4.5,0.0,True,155
454,2021-02-03 09:30,NY,2,501.0,505.5,9.0,NQ09B BUY NY N130 TP2,-59.0,0.0,9.0,NQ09B SELL NY STOP,2021-02-03 09:30:00,2021-02,2021,442.0,BUY,SELL,501.0,505.5,9.0,NQ09B BUY NY N130 TP2,-59.0,0.0,9.0,59.0,4.5,4.5,0.0,True,156
455,2021-02-03 18:00,WEEKDAY_PREMIUM,2,311.0,315.5,9.0,NQ09B BUY WEEKDAY 1800 D80,-59.0,0.0,9.0,NQ09B SELL WEEKDAY 1800 STOP,2021-02-03 18:00:00,2021-02,2021,252.0,BUY,SELL,311.0,315.5,9.0,NQ09B BUY WEEKDAY 1800 D80,-59.0,0.0,9.0,59.0,4.5,4.5,0.0,True,157
456,2021-02-04 09:30,NY,2,501.0,505.5,9.0,NQ09B BUY NY N130 TP2,-59.0,0.0,9.0,NQ09B SELL NY STOP,2021-02-04 09:30:00,2021-02,2021,442.0,BUY,SELL,501.0,505.5,9.0,NQ09B BUY NY N130 TP2,-59.0,0.0,9.0,59.0,4.5,4.5,0.0,True,158
458,2021-02-07 18:00,WEEKLY,2,-59.0,0.0,9.0,NQ09B BUY WEEKLY STOP,311.0,315.5,9.0,NQ09B SELL WEEKLY W80,2021-02-07 18:00:00,2021-02,2021,252.0,SELL,BUY,311.0,315.5,9.0,NQ09B SELL WEEKLY W80,-59.0,0.0,9.0,59.0,4.5,4.5,0.0,True,159
460,2021-02-09 09:30,NY,2,501.0,505.5,9.0,NQ09B BUY NY N130 TP2,-59.0,5.5,9.0,NQ09B SELL NY STOP,2021-02-09 09:30:00,2021-02,2021,442.0,BUY,SELL,501.0,505.5,9.0,NQ09B BUY NY N130 TP2,-59.0,5.5,9.0,64.5,4.5,4.5,0.0,True,160
461,2021-02-10 09:30,NY,2,-59.0,0.0,9.0,NQ09B BUY NY STOP,501.0,505.5,9.0,NQ09B SELL NY N130 TP2,2021-02-10 09:30:00,2021-02,2021,442.0,SELL,BUY,501.0,505.5,9.0,NQ09B SELL NY N130 TP2,-59.0,0.0,9.0,59.0,4.5,4.5,0.0,True,161
465,2021-02-14 18:00,WEEKLY,2,311.0,315.5,9.0,NQ09B BUY WEEKLY W80,-59.0,0.0,9.0,NQ09B SELL WEEKLY STOP,2021-02-14 18:00:00,2021-02,2021,252.0,BUY,SELL,311.0,315.5,9.0,NQ09B BUY WEEKLY W80,-59.0,0.0,9.0,59.0,4.5,4.5,0.0,True,162
468,2021-02-16 09:30,NY,2,-59.0,0.0,9.0,NQ09B BUY NY STOP,501.0,505.5,9.0,NQ09B SELL NY N130 TP2,2021-02-16 09:30:00,2021-02,2021,442.0,SELL,BUY,501.0,505.5,9.0,NQ09B SELL NY N130 TP2,-59.0,0.0,9.0,59.0,4.5,4.5,0.0,True,163
469,2021-02-17 09:30,NY,2,501.0,505.5,9.0,NQ09B BUY NY N130 TP2,-59.0,0.0,9.0,NQ09B SELL NY STOP,2021-02-17 09:30:00,2021-02,2021,442.0,BUY,SELL,501.0,505.5,9.0,NQ09B BUY NY N130 TP2,-59.0,0.0,9.0,59.0,4.5,4.5,0.0,True,164
472,2021-02-21 18:00,WEEKLY,2,311.0,315.5,9.0,NQ09B BUY WEEKLY W80,-59.0,0.0,9.0,NQ09B SELL WEEKLY STOP,2021-02-21 18:00:00,2021-02,2021,252.0,BUY,SELL,311.0,315.5,9.0,NQ09B BUY WEEKLY W80,-59.0,0.0,9.0,59.0,4.5,4.5,0.0,True,165
473,2021-02-22 09:30,NY,2,501.0,505.5,9.0,NQ09B BUY NY N130 TP2,-59.0,0.0,9.0,NQ09B SELL NY STOP,2021-02-22 09:30:00,2021-02,2021,442.0,BUY,SELL,501.0,505.5,9.0,NQ09B BUY NY N130 TP2,-59.0,0.0,9.0,59.0,4.5,4.5,0.0,True,166
474,2021-02-23 09:30,NY,2,501.0,505.5,9.0,NQ09B BUY NY N130 TP2,-59.0,0.0,9.0,NQ09B SELL NY STOP,2021-02-23 09:30:00,2021-02,2021,442.0,BUY,SELL,501.0,505.5,9.0,NQ09B BUY NY N130 TP2,-59.0,0.0,9.0,59.0,4.5,4.5,0.0,True,167
479,2021-02-25 18:00,WEEKDAY_PREMIUM,2,311.0,315.5,9.0,NQ09B BUY WEEKDAY 1800 D80,-59.0,0.0,9.0,NQ09B SELL WEEKDAY 1800 STOP,2021-02-25 18:00:00,2021-02,2021,252.0,BUY,SELL,311.0,315.5,9.0,NQ09B BUY WEEKDAY 1800 D80,-59.0,0.0,9.0,59.0,4.5,4.5,0.0,True,168
480,2021-02-26 09:30,NY,2,-59.0,0.0,9.0,NQ09B BUY NY STOP,501.0,505.5,9.0,NQ09B SELL NY N130 TP2,2021-02-26 09:30:00,2021-02,2021,442.0,SELL,BUY,501.0,505.5,9.0,NQ09B SELL NY N130 TP2,-59.0,0.0,9.0,59.0,4.5,4.5,0.0,True,169
482,2021-03-01 09:30,NY,2,501.0,505.5,9.0,NQ09B BUY NY N130 TP2,-59.0,0.0,9.0,NQ09B SELL NY STOP,2021-03-01 09:30:00,2021-03,2021,442.0,BUY,SELL,501.0,505.5,9.0,NQ09B BUY NY N130 TP2,-59.0,0.0,9.0,59.0,4.5,4.5,0.0,True,170
483,2021-03-01 18:00,WEEKDAY_PREMIUM,2,-59.0,0.0,9.0,NQ09B BUY WEEKDAY 1800 STOP,311.0,315.5,9.0,NQ09B SELL WEEKDAY 1800 D80,2021-03-01 18:00:00,2021-03,2021,252.0,SELL,BUY,311.0,315.5,9.0,NQ09B SELL WEEKDAY 1800 D80,-59.0,0.0,9.0,59.0,4.5,4.5,0.0,True,171
487,2021-03-04 09:30,NY,2,-59.0,0.0,9.0,NQ09B BUY NY STOP,501.0,505.5,9.0,NQ09B SELL NY N130 TP2,2021-03-04 09:30:00,2021-03,2021,442.0,SELL,BUY,501.0,505.5,9.0,NQ09B SELL NY N130 TP2,-59.0,0.0,9.0,59.0,4.5,4.5,0.0,True,172
489,2021-03-05 09:30,NY,2,501.0,505.5,9.0,NQ09B BUY NY N130 TP2,-59.0,0.0,9.0,NQ09B SELL NY STOP,2021-03-05 09:30:00,2021-03,2021,442.0,BUY,SELL,501.0,505.5,9.0,NQ09B BUY NY N130 TP2,-59.0,0.0,9.0,59.0,4.5,4.5,0.0,True,173
492,2021-03-09 09:30,NY,2,-59.0,0.0,9.0,NQ09B BUY NY STOP,501.0,505.5,9.0,NQ09B SELL NY N130 TP2,2021-03-09 09:30:00,2021-03,2021,442.0,SELL,BUY,501.0,505.5,9.0,NQ09B SELL NY N130 TP2,-59.0,0.0,9.0,59.0,4.5,4.5,0.0,True,174
497,2021-03-14 18:00,WEEKLY,2,311.0,315.5,9.0,NQ09B BUY WEEKLY W80,-59.0,0.0,9.0,NQ09B SELL WEEKLY STOP,2021-03-14 18:00:00,2021-03,2021,252.0,BUY,SELL,311.0,315.5,9.0,NQ09B BUY WEEKLY W80,-59.0,0.0,9.0,59.0,4.5,4.5,0.0,True,175
498,2021-03-15 09:30,NY,2,-59.0,0.0,9.0,NQ09B BUY NY STOP,501.0,505.5,9.0,NQ09B SELL NY N130 TP2,2021-03-15 09:30:00,2021-03,2021,442.0,SELL,BUY,501.0,505.5,9.0,NQ09B SELL NY N130 TP2,-59.0,0.0,9.0,59.0,4.5,4.5,0.0,True,176
499,2021-03-16 09:30,NY,2,501.0,505.5,9.0,NQ09B BUY NY N130 TP2,-59.0,0.0,9.0,NQ09B SELL NY STOP,2021-03-16 09:30:00,2021-03,2021,442.0,BUY,SELL,501.0,505.5,9.0,NQ09B BUY NY N130 TP2,-59.0,0.0,9.0,59.0,4.5,4.5,0.0,True,177
505,2021-03-21 18:00,WEEKLY,2,-59.0,0.0,9.0,NQ09B BUY WEEKLY STOP,311.0,315.5,9.0,NQ09B SELL WEEKLY W80,2021-03-21 18:00:00,2021-03,2021,252.0,SELL,BUY,311.0,315.5,9.0,NQ09B SELL WEEKLY W80,-59.0,0.0,9.0,59.0,4.5,4.5,0.0,True,178
506,2021-03-22 09:30,NY,2,501.0,505.5,9.0,NQ09B BUY NY N130 TP2,-59.0,5.5,9.0,NQ09B SELL NY STOP,2021-03-22 09:30:00,2021-03,2021,442.0,BUY,SELL,501.0,505.5,9.0,NQ09B BUY NY N130 TP2,-59.0,5.5,9.0,64.5,4.5,4.5,0.0,True,179
510,2021-03-25 09:30,NY,2,501.0,505.5,9.0,NQ09B BUY NY N130 TP2,-59.0,0.0,9.0,NQ09B SELL NY STOP,2021-03-25 09:30:00,2021-03,2021,442.0,BUY,SELL,501.0,505.5,9.0,NQ09B BUY NY N130 TP2,-59.0,0.0,9.0,59.0,4.5,4.5,0.0,True,180
512,2021-03-28 18:00,WEEKLY,2,-59.0,0.0,9.0,NQ09B BUY WEEKLY STOP,311.0,315.5,9.0,NQ09B SELL WEEKLY W80,2021-03-28 18:00:00,2021-03,2021,252.0,SELL,BUY,311.0,315.5,9.0,NQ09B SELL WEEKLY W80,-59.0,0.0,9.0,59.0,4.5,4.5,0.0,True,181
514,2021-03-30 09:30,NY,2,501.0,505.5,9.0,NQ09B BUY NY N130 TP2,-59.0,0.0,9.0,NQ09B SELL NY STOP,2021-03-30 09:30:00,2021-03,2021,442.0,BUY,SELL,501.0,505.5,9.0,NQ09B BUY NY N130 TP2,-59.0,0.0,9.0,59.0,4.5,4.5,0.0,True,182
522,2021-04-08 09:30,NY,2,501.0,505.5,9.0,NQ09B BUY NY N130 TP2,-59.0,0.0,9.0,NQ09B SELL NY STOP,2021-04-08 09:30:00,2021-04,2021,442.0,BUY,SELL,501.0,505.5,9.0,NQ09B BUY NY N130 TP2,-59.0,0.0,9.0,59.0,4.5,4.5,0.0,True,183
531,2021-04-16 09:30,NY,2,-59.0,0.0,9.0,NQ09B BUY NY STOP,501.0,505.5,9.0,NQ09B SELL NY N130 TP2,2021-04-16 09:30:00,2021-04,2021,442.0,SELL,BUY,501.0,505.5,9.0,NQ09B SELL NY N130 TP2,-59.0,0.0,9.0,59.0,4.5,4.5,0.0,True,184
532,2021-04-18 18:00,WEEKLY,2,311.0,315.5,9.0,NQ09B BUY WEEKLY W80,-59.0,0.0,9.0,NQ09B SELL WEEKLY STOP,2021-04-18 18:00:00,2021-04,2021,252.0,BUY,SELL,311.0,315.5,9.0,NQ09B BUY WEEKLY W80,-59.0,0.0,9.0,59.0,4.5,4.5,0.0,True,185
533,2021-04-19 09:30,NY,2,-59.0,0.0,9.0,NQ09B BUY NY STOP,501.0,505.5,9.0,NQ09B SELL NY N130 TP2,2021-04-19 09:30:00,2021-04,2021,442.0,SELL,BUY,501.0,505.5,9.0,NQ09B SELL NY N130 TP2,-59.0,0.0,9.0,59.0,4.5,4.5,0.0,True,186
534,2021-04-20 09:30,NY,2,-59.0,0.0,9.0,NQ09B BUY NY STOP,501.0,505.5,9.0,NQ09B SELL NY N130 TP2,2021-04-20 09:30:00,2021-04,2021,442.0,SELL,BUY,501.0,505.5,9.0,NQ09B SELL NY N130 TP2,-59.0,0.0,9.0,59.0,4.5,4.5,0.0,True,187
539,2021-04-23 09:30,NY,2,501.0,505.5,9.0,NQ09B BUY NY N130 TP2,-59.0,5.5,9.0,NQ09B SELL NY STOP,2021-04-23 09:30:00,2021-04,2021,442.0,BUY,SELL,501.0,505.5,9.0,NQ09B BUY NY N130 TP2,-59.0,5.5,9.0,64.5,4.5,4.5,0.0,True,188
545,2021-04-28 18:00,WEEKDAY_PREMIUM,2,-59.0,0.0,9.0,NQ09B BUY WEEKDAY 1800 STOP,311.0,315.5,9.0,NQ09B SELL WEEKDAY 1800 D80,2021-04-28 18:00:00,2021-04,2021,252.0,SELL,BUY,311.0,315.5,9.0,NQ09B SELL WEEKDAY 1800 D80,-59.0,0.0,9.0,59.0,4.5,4.5,0.0,True,189
546,2021-04-29 09:30,NY,2,501.0,505.5,9.0,NQ09B BUY NY N130 TP2,-59.0,0.0,9.0,NQ09B SELL NY STOP,2021-04-29 09:30:00,2021-04,2021,442.0,BUY,SELL,501.0,505.5,9.0,NQ09B BUY NY N130 TP2,-59.0,0.0,9.0,59.0,4.5,4.5,0.0,True,190
551,2021-05-04 09:30,NY,2,501.0,505.5,9.0,NQ09B BUY NY N130 TP2,-59.0,0.0,9.0,NQ09B SELL NY STOP,2021-05-04 09:30:00,2021-05,2021,442.0,BUY,SELL,501.0,505.5,9.0,NQ09B BUY NY N130 TP2,-59.0,0.0,9.0,59.0,4.5,4.5,0.0,True,191
560,2021-05-11 09:30,NY,2,501.0,505.5,9.0,NQ09B BUY NY N130 TP2,-59.0,0.0,9.0,NQ09B SELL NY STOP,2021-05-11 09:30:00,2021-05,2021,442.0,BUY,SELL,501.0,505.5,9.0,NQ09B BUY NY N130 TP2,-59.0,0.0,9.0,59.0,4.5,4.5,0.0,True,192
562,2021-05-12 18:00,WEEKDAY_PREMIUM,2,311.0,315.5,9.0,NQ09B BUY WEEKDAY 1800 D80,-59.0,0.0,9.0,NQ09B SELL WEEKDAY 1800 STOP,2021-05-12 18:00:00,2021-05,2021,252.0,BUY,SELL,311.0,315.5,9.0,NQ09B BUY WEEKDAY 1800 D80,-59.0,0.0,9.0,59.0,4.5,4.5,0.0,True,193
564,2021-05-14 09:30,NY,2,-59.0,0.0,9.0,NQ09B BUY NY STOP,501.0,505.5,9.0,NQ09B SELL NY N130 TP2,2021-05-14 09:30:00,2021-05,2021,442.0,SELL,BUY,501.0,505.5,9.0,NQ09B SELL NY N130 TP2,-59.0,0.0,9.0,59.0,4.5,4.5,0.0,True,194
569,2021-05-19 09:30,NY,2,-59.0,0.0,9.0,NQ09B BUY NY STOP,501.0,505.5,9.0,NQ09B SELL NY N130 TP2,2021-05-19 09:30:00,2021-05,2021,442.0,SELL,BUY,501.0,505.5,9.0,NQ09B SELL NY N130 TP2,-59.0,0.0,9.0,59.0,4.5,4.5,0.0,True,195
572,2021-05-21 09:30,NY,2,501.0,505.5,9.0,NQ09B BUY NY N130 TP2,-59.0,0.0,9.0,NQ09B SELL NY STOP,2021-05-21 09:30:00,2021-05,2021,442.0,BUY,SELL,501.0,505.5,9.0,NQ09B BUY NY N130 TP2,-59.0,0.0,9.0,59.0,4.5,4.5,0.0,True,196
573,2021-05-23 18:00,WEEKLY,2,311.0,315.5,9.0,NQ09B BUY WEEKLY W80,-59.0,0.0,9.0,NQ09B SELL WEEKLY STOP,2021-05-23 18:00:00,2021-05,2021,252.0,BUY,SELL,311.0,315.5,9.0,NQ09B BUY WEEKLY W80,-59.0,0.0,9.0,59.0,4.5,4.5,0.0,True,197
574,2021-05-24 09:30,NY,2,-59.0,0.0,9.0,NQ09B BUY NY STOP,501.0,505.5,9.0,NQ09B SELL NY N130 TP2,2021-05-24 09:30:00,2021-05,2021,442.0,SELL,BUY,501.0,505.5,9.0,NQ09B SELL NY N130 TP2,-59.0,0.0,9.0,59.0,4.5,4.5,0.0,True,198
584,2021-06-02 09:30,NY,2,-59.0,0.0,9.0,NQ09B BUY NY STOP,501.0,505.5,9.0,NQ09B SELL NY N130 TP2,2021-06-02 09:30:00,2021-06,2021,442.0,SELL,BUY,501.0,505.5,9.0,NQ09B SELL NY N130 TP2,-59.0,0.0,9.0,59.0,4.5,4.5,0.0,True,199
594,2021-06-10 09:30,NY,2,-59.0,0.0,9.0,NQ09B BUY NY STOP,501.0,505.5,9.0,NQ09B SELL NY N130 TP2,2021-06-10 09:30:00,2021-06,2021,442.0,SELL,BUY,501.0,505.5,9.0,NQ09B SELL NY N130 TP2,-59.0,0.0,9.0,59.0,4.5,4.5,0.0,True,200
598,2021-06-14 09:30,NY,2,-59.0,0.0,9.0,NQ09B BUY NY STOP,501.0,505.5,9.0,NQ09B SELL NY N130 TP2,2021-06-14 09:30:00,2021-06,2021,442.0,SELL,BUY,501.0,505.5,9.0,NQ09B SELL NY N130 TP2,-59.0,0.0,9.0,59.0,4.5,4.5,0.0,True,201
601,2021-06-16 18:00,WEEKDAY_PREMIUM,2,-59.0,0.0,9.0,NQ09B BUY WEEKDAY 1800 STOP,311.0,315.5,9.0,NQ09B SELL WEEKDAY 1800 D80,2021-06-16 18:00:00,2021-06,2021,252.0,SELL,BUY,311.0,315.5,9.0,NQ09B SELL WEEKDAY 1800 D80,-59.0,0.0,9.0,59.0,4.5,4.5,0.0,True,202
604,2021-06-18 09:30,NY,2,-59.0,0.0,9.0,NQ09B BUY NY STOP,501.0,505.5,9.0,NQ09B SELL NY N130 TP2,2021-06-18 09:30:00,2021-06,2021,442.0,SELL,BUY,501.0,505.5,9.0,NQ09B SELL NY N130 TP2,-59.0,0.0,9.0,59.0,4.5,4.5,0.0,True,203
605,2021-06-20 18:00,WEEKLY,2,-59.0,0.0,9.0,NQ09B BUY WEEKLY STOP,311.0,315.5,9.0,NQ09B SELL WEEKLY W80,2021-06-20 18:00:00,2021-06,2021,252.0,SELL,BUY,311.0,315.5,9.0,NQ09B SELL WEEKLY W80,-59.0,0.0,9.0,59.0,4.5,4.5,0.0,True,204
606,2021-06-21 09:30,NY,2,501.0,505.5,9.0,NQ09B BUY NY N130 TP2,-59.0,0.0,9.0,NQ09B SELL NY STOP,2021-06-21 09:30:00,2021-06,2021,442.0,BUY,SELL,501.0,505.5,9.0,NQ09B BUY NY N130 TP2,-59.0,0.0,9.0,59.0,4.5,4.5,0.0,True,205
620,2021-07-05 09:30,NY,2,-59.0,5.5,9.0,NQ09B BUY NY STOP,501.0,505.5,9.0,NQ09B SELL NY N130 TP2,2021-07-05 09:30:00,2021-07,2021,442.0,SELL,BUY,501.0,505.5,9.0,NQ09B SELL NY N130 TP2,-59.0,5.5,9.0,64.5,4.5,4.5,0.0,True,206
624,2021-07-08 09:30,NY,2,-59.0,0.0,9.0,NQ09B BUY NY STOP,501.0,505.5,9.0,NQ09B SELL NY N130 TP2,2021-07-08 09:30:00,2021-07,2021,442.0,SELL,BUY,501.0,505.5,9.0,NQ09B SELL NY N130 TP2,-59.0,0.0,9.0,59.0,4.5,4.5,0.0,True,207
626,2021-07-11 18:00,WEEKLY,2,311.0,315.5,9.0,NQ09B BUY WEEKLY W80,-59.0,0.0,9.0,NQ09B SELL WEEKLY STOP,2021-07-11 18:00:00,2021-07,2021,252.0,BUY,SELL,311.0,315.5,9.0,NQ09B BUY WEEKLY W80,-59.0,0.0,9.0,59.0,4.5,4.5,0.0,True,208
630,2021-07-14 09:30,NY,2,-59.0,0.0,9.0,NQ09B BUY NY STOP,501.0,505.5,9.0,NQ09B SELL NY N130 TP2,2021-07-14 09:30:00,2021-07,2021,442.0,SELL,BUY,501.0,505.5,9.0,NQ09B SELL NY N130 TP2,-59.0,0.0,9.0,59.0,4.5,4.5,0.0,True,209
635,2021-07-19 09:30,NY,2,501.0,505.5,9.0,NQ09B BUY NY N130 TP2,-59.0,0.0,9.0,NQ09B SELL NY STOP,2021-07-19 09:30:00,2021-07,2021,442.0,BUY,SELL,501.0,505.5,9.0,NQ09B BUY NY N130 TP2,-59.0,0.0,9.0,59.0,4.5,4.5,0.0,True,210
641,2021-07-22 09:30,NY,2,501.0,505.5,9.0,NQ09B BUY NY N130 TP2,-59.0,5.5,9.0,NQ09B SELL NY STOP,2021-07-22 09:30:00,2021-07,2021,442.0,BUY,SELL,501.0,505.5,9.0,NQ09B BUY NY N130 TP2,-59.0,5.5,9.0,64.5,4.5,4.5,0.0,True,211
647,2021-07-27 18:00,WEEKDAY_PREMIUM,2,-59.0,0.0,9.0,NQ09B BUY WEEKDAY 1800 STOP,311.0,315.5,9.0,NQ09B SELL WEEKDAY 1800 D80,2021-07-27 18:00:00,2021-07,2021,252.0,SELL,BUY,311.0,315.5,9.0,NQ09B SELL WEEKDAY 1800 D80,-59.0,0.0,9.0,59.0,4.5,4.5,0.0,True,212
648,2021-07-28 09:30,NY,2,-59.0,0.0,9.0,NQ09B BUY NY STOP,501.0,505.5,9.0,NQ09B SELL NY N130 TP2,2021-07-28 09:30:00,2021-07,2021,442.0,SELL,BUY,501.0,505.5,9.0,NQ09B SELL NY N130 TP2,-59.0,0.0,9.0,59.0,4.5,4.5,0.0,True,213
654,2021-08-02 09:30,NY,2,-59.0,0.0,9.0,NQ09B BUY NY STOP,501.0,505.5,9.0,NQ09B SELL NY N130 TP2,2021-08-02 09:30:00,2021-08,2021,442.0,SELL,BUY,501.0,505.5,9.0,NQ09B SELL NY N130 TP2,-59.0,0.0,9.0,59.0,4.5,4.5,0.0,True,214
664,2021-08-11 09:30,NY,2,-59.0,0.0,9.0,NQ09B BUY NY STOP,501.0,505.5,9.0,NQ09B SELL NY N130 TP2,2021-08-11 09:30:00,2021-08,2021,442.0,SELL,BUY,501.0,505.5,9.0,NQ09B SELL NY N130 TP2,-59.0,0.0,9.0,59.0,4.5,4.5,0.0,True,215
667,2021-08-15 18:00,WEEKLY,2,-59.0,0.0,9.0,NQ09B BUY WEEKLY STOP,311.0,315.5,9.0,NQ09B SELL WEEKLY W80,2021-08-15 18:00:00,2021-08,2021,252.0,SELL,BUY,311.0,315.5,9.0,NQ09B SELL WEEKLY W80,-59.0,0.0,9.0,59.0,4.5,4.5,0.0,True,216
672,2021-08-18 09:30,NY,2,-59.0,0.0,9.0,NQ09B BUY NY STOP,501.0,505.5,9.0,NQ09B SELL NY N130 TP2,2021-08-18 09:30:00,2021-08,2021,442.0,SELL,BUY,501.0,505.5,9.0,NQ09B SELL NY N130 TP2,-59.0,0.0,9.0,59.0,4.5,4.5,0.0,True,217
676,2021-08-20 09:30,NY,2,-59.0,0.0,9.0,NQ09B BUY NY STOP,501.0,505.5,9.0,NQ09B SELL NY N130 TP2,2021-08-20 09:30:00,2021-08,2021,442.0,SELL,BUY,501.0,505.5,9.0,NQ09B SELL NY N130 TP2,-59.0,0.0,9.0,59.0,4.5,4.5,0.0,True,218
681,2021-08-26 09:30,NY,2,501.0,505.5,9.0,NQ09B BUY NY N130 TP2,-59.0,5.5,9.0,NQ09B SELL NY STOP,2021-08-26 09:30:00,2021-08,2021,442.0,BUY,SELL,501.0,505.5,9.0,NQ09B BUY NY N130 TP2,-59.0,5.5,9.0,64.5,4.5,4.5,0.0,True,219
685,2021-08-30 09:30,NY,2,501.0,505.5,9.0,NQ09B BUY NY N130 TP2,-59.0,0.0,9.0,NQ09B SELL NY STOP,2021-08-30 09:30:00,2021-08,2021,442.0,BUY,SELL,501.0,505.5,9.0,NQ09B BUY NY N130 TP2,-59.0,0.0,9.0,59.0,4.5,4.5,0.0,True,220
694,2021-09-07 09:30,NY,2,501.0,505.5,9.0,NQ09B BUY NY N130 TP2,-59.0,0.0,9.0,NQ09B SELL NY STOP,2021-09-07 09:30:00,2021-09,2021,442.0,BUY,SELL,501.0,505.5,9.0,NQ09B BUY NY N130 TP2,-59.0,0.0,9.0,59.0,4.5,4.5,0.0,True,221
699,2021-09-10 09:30,NY,2,501.0,505.5,9.0,NQ09B BUY NY N130 TP2,-59.0,0.0,9.0,NQ09B SELL NY STOP,2021-09-10 09:30:00,2021-09,2021,442.0,BUY,SELL,501.0,505.5,9.0,NQ09B BUY NY N130 TP2,-59.0,0.0,9.0,59.0,4.5,4.5,0.0,True,222
701,2021-09-13 09:30,NY,2,501.0,505.5,9.0,NQ09B BUY NY N130 TP2,-59.0,0.0,9.0,NQ09B SELL NY STOP,2021-09-13 09:30:00,2021-09,2021,442.0,BUY,SELL,501.0,505.5,9.0,NQ09B BUY NY N130 TP2,-59.0,0.0,9.0,59.0,4.5,4.5,0.0,True,223
703,2021-09-15 09:30,NY,2,-59.0,0.0,9.0,NQ09B BUY NY STOP,501.0,505.5,9.0,NQ09B SELL NY N130 TP2,2021-09-15 09:30:00,2021-09,2021,442.0,SELL,BUY,501.0,505.5,9.0,NQ09B SELL NY N130 TP2,-59.0,0.0,9.0,59.0,4.5,4.5,0.0,True,224
705,2021-09-16 09:30,NY,2,-59.0,0.0,9.0,NQ09B BUY NY STOP,501.0,505.5,9.0,NQ09B SELL NY N130 TP2,2021-09-16 09:30:00,2021-09,2021,442.0,SELL,BUY,501.0,505.5,9.0,NQ09B SELL NY N130 TP2,-59.0,0.0,9.0,59.0,4.5,4.5,0.0,True,225
709,2021-09-20 09:30,NY,2,-59.0,0.0,9.0,NQ09B BUY NY STOP,501.0,505.5,9.0,NQ09B SELL NY N130 TP2,2021-09-20 09:30:00,2021-09,2021,442.0,SELL,BUY,501.0,505.5,9.0,NQ09B SELL NY N130 TP2,-59.0,0.0,9.0,59.0,4.5,4.5,0.0,True,226
711,2021-09-21 09:30,NY,2,501.0,505.5,9.0,NQ09B BUY NY N130 TP2,-59.0,0.0,9.0,NQ09B SELL NY STOP,2021-09-21 09:30:00,2021-09,2021,442.0,BUY,SELL,501.0,505.5,9.0,NQ09B BUY NY N130 TP2,-59.0,0.0,9.0,59.0,4.5,4.5,0.0,True,227
715,2021-09-23 09:30,NY,2,-59.0,0.0,9.0,NQ09B BUY NY STOP,501.0,505.5,9.0,NQ09B SELL NY N130 TP2,2021-09-23 09:30:00,2021-09,2021,442.0,SELL,BUY,501.0,505.5,9.0,NQ09B SELL NY N130 TP2,-59.0,0.0,9.0,59.0,4.5,4.5,0.0,True,228
717,2021-09-24 09:30,NY,2,-59.0,0.0,9.0,NQ09B BUY NY STOP,501.0,505.5,9.0,NQ09B SELL NY N130 TP2,2021-09-24 09:30:00,2021-09,2021,442.0,SELL,BUY,501.0,505.5,9.0,NQ09B SELL NY N130 TP2,-59.0,0.0,9.0,59.0,4.5,4.5,0.0,True,229
718,2021-09-26 18:00,WEEKLY,2,311.0,315.5,9.0,NQ09B BUY WEEKLY W80,-59.0,0.0,9.0,NQ09B SELL WEEKLY STOP,2021-09-26 18:00:00,2021-09,2021,252.0,BUY,SELL,311.0,315.5,9.0,NQ09B BUY WEEKLY W80,-59.0,0.0,9.0,59.0,4.5,4.5,0.0,True,230
719,2021-09-27 09:30,NY,2,501.0,505.5,9.0,NQ09B BUY NY N130 TP2,-59.0,0.0,9.0,NQ09B SELL NY STOP,2021-09-27 09:30:00,2021-09,2021,442.0,BUY,SELL,501.0,505.5,9.0,NQ09B BUY NY N130 TP2,-59.0,0.0,9.0,59.0,4.5,4.5,0.0,True,231
720,2021-09-28 09:30,NY,2,-59.0,0.0,9.0,NQ09B BUY NY STOP,501.0,505.5,9.0,NQ09B SELL NY N130 TP2,2021-09-28 09:30:00,2021-09,2021,442.0,SELL,BUY,501.0,505.5,9.0,NQ09B SELL NY N130 TP2,-59.0,0.0,9.0,59.0,4.5,4.5,0.0,True,232
722,2021-09-29 09:30,NY,2,-59.0,0.0,9.0,NQ09B BUY NY STOP,501.0,505.5,9.0,NQ09B SELL NY N130 TP2,2021-09-29 09:30:00,2021-09,2021,442.0,SELL,BUY,501.0,505.5,9.0,NQ09B SELL NY N130 TP2,-59.0,0.0,9.0,59.0,4.5,4.5,0.0,True,233
725,2021-10-01 09:30,NY,2,501.0,505.5,9.0,NQ09B BUY NY N130 TP2,-59.0,0.0,9.0,NQ09B SELL NY STOP,2021-10-01 09:30:00,2021-10,2021,442.0,BUY,SELL,501.0,505.5,9.0,NQ09B BUY NY N130 TP2,-59.0,0.0,9.0,59.0,4.5,4.5,0.0,True,234
726,2021-10-03 18:00,WEEKLY,2,-59.0,0.0,9.0,NQ09B BUY WEEKLY STOP,311.0,315.5,9.0,NQ09B SELL WEEKLY W80,2021-10-03 18:00:00,2021-10,2021,252.0,SELL,BUY,311.0,315.5,9.0,NQ09B SELL WEEKLY W80,-59.0,0.0,9.0,59.0,4.5,4.5,0.0,True,235
727,2021-10-04 09:30,NY,2,501.0,505.5,9.0,NQ09B BUY NY N130 TP2,-59.0,0.0,9.0,NQ09B SELL NY STOP,2021-10-04 09:30:00,2021-10,2021,442.0,BUY,SELL,501.0,505.5,9.0,NQ09B BUY NY N130 TP2,-59.0,0.0,9.0,59.0,4.5,4.5,0.0,True,236
732,2021-10-07 09:30,NY,2,-59.0,0.0,9.0,NQ09B BUY NY STOP,501.0,505.5,9.0,NQ09B SELL NY N130 TP2,2021-10-07 09:30:00,2021-10,2021,442.0,SELL,BUY,501.0,505.5,9.0,NQ09B SELL NY N130 TP2,-59.0,0.0,9.0,59.0,4.5,4.5,0.0,True,237
735,2021-10-10 18:00,WEEKLY,2,311.0,315.5,9.0,NQ09B BUY WEEKLY W80,-59.0,0.0,9.0,NQ09B SELL WEEKLY STOP,2021-10-10 18:00:00,2021-10,2021,252.0,BUY,SELL,311.0,315.5,9.0,NQ09B BUY WEEKLY W80,-59.0,0.0,9.0,59.0,4.5,4.5,0.0,True,238
736,2021-10-11 09:30,NY,2,-59.0,0.0,9.0,NQ09B BUY NY STOP,501.0,505.5,9.0,NQ09B SELL NY N130 TP2,2021-10-11 09:30:00,2021-10,2021,442.0,SELL,BUY,501.0,505.5,9.0,NQ09B SELL NY N130 TP2,-59.0,0.0,9.0,59.0,4.5,4.5,0.0,True,239
737,2021-10-12 09:30,NY,2,501.0,505.5,9.0,NQ09B BUY NY N130 TP2,-59.0,0.0,9.0,NQ09B SELL NY STOP,2021-10-12 09:30:00,2021-10,2021,442.0,BUY,SELL,501.0,505.5,9.0,NQ09B BUY NY N130 TP2,-59.0,0.0,9.0,59.0,4.5,4.5,0.0,True,240
739,2021-10-13 09:30,NY,2,501.0,505.5,9.0,NQ09B BUY NY N130 TP2,-59.0,0.0,9.0,NQ09B SELL NY STOP,2021-10-13 09:30:00,2021-10,2021,442.0,BUY,SELL,501.0,505.5,9.0,NQ09B BUY NY N130 TP2,-59.0,0.0,9.0,59.0,4.5,4.5,0.0,True,241
742,2021-10-17 18:00,WEEKLY,2,311.0,315.5,9.0,NQ09B BUY WEEKLY W80,-59.0,0.0,9.0,NQ09B SELL WEEKLY STOP,2021-10-17 18:00:00,2021-10,2021,252.0,BUY,SELL,311.0,315.5,9.0,NQ09B BUY WEEKLY W80,-59.0,0.0,9.0,59.0,4.5,4.5,0.0,True,242
743,2021-10-18 09:30,NY,2,-59.0,0.0,9.0,NQ09B BUY NY STOP,501.0,505.5,9.0,NQ09B SELL NY N130 TP2,2021-10-18 09:30:00,2021-10,2021,442.0,SELL,BUY,501.0,505.5,9.0,NQ09B SELL NY N130 TP2,-59.0,0.0,9.0,59.0,4.5,4.5,0.0,True,243
748,2021-10-22 09:30,NY,2,501.0,505.5,9.0,NQ09B BUY NY N130 TP2,-59.0,0.0,9.0,NQ09B SELL NY STOP,2021-10-22 09:30:00,2021-10,2021,442.0,BUY,SELL,501.0,505.5,9.0,NQ09B BUY NY N130 TP2,-59.0,0.0,9.0,59.0,4.5,4.5,0.0,True,244
751,2021-10-25 18:00,WEEKDAY_PREMIUM,2,-59.0,0.0,9.0,NQ09B BUY WEEKDAY 1800 STOP,311.0,315.5,9.0,NQ09B SELL WEEKDAY 1800 D80,2021-10-25 18:00:00,2021-10,2021,252.0,SELL,BUY,311.0,315.5,9.0,NQ09B SELL WEEKDAY 1800 D80,-59.0,0.0,9.0,59.0,4.5,4.5,0.0,True,245
752,2021-10-26 09:30,NY,2,-59.0,0.0,9.0,NQ09B BUY NY STOP,501.0,505.5,9.0,NQ09B SELL NY N130 TP2,2021-10-26 09:30:00,2021-10,2021,442.0,SELL,BUY,501.0,505.5,9.0,NQ09B SELL NY N130 TP2,-59.0,0.0,9.0,59.0,4.5,4.5,0.0,True,246
756,2021-10-28 09:30,NY,2,-59.0,0.0,9.0,NQ09B BUY NY STOP,501.0,505.5,9.0,NQ09B SELL NY N130 TP2,2021-10-28 09:30:00,2021-10,2021,442.0,SELL,BUY,501.0,505.5,9.0,NQ09B SELL NY N130 TP2,-59.0,0.0,9.0,59.0,4.5,4.5,0.0,True,247
758,2021-10-29 09:30,NY,2,-59.0,0.0,9.0,NQ09B BUY NY STOP,501.0,505.5,9.0,NQ09B SELL NY N130 TP2,2021-10-29 09:30:00,2021-10,2021,442.0,SELL,BUY,501.0,505.5,9.0,NQ09B SELL NY N130 TP2,-59.0,0.0,9.0,59.0,4.5,4.5,0.0,True,248
759,2021-10-31 18:00,WEEKLY,2,311.0,315.5,9.0,NQ09B BUY WEEKLY W80,-59.0,0.0,9.0,NQ09B SELL WEEKLY STOP,2021-10-31 18:00:00,2021-10,2021,252.0,BUY,SELL,311.0,315.5,9.0,NQ09B BUY WEEKLY W80,-59.0,0.0,9.0,59.0,4.5,4.5,0.0,True,249
762,2021-11-03 09:30,NY,2,501.0,505.5,9.0,NQ09B BUY NY N130 TP2,-59.0,0.0,9.0,NQ09B SELL NY STOP,2021-11-03 09:30:00,2021-11,2021,442.0,BUY,SELL,501.0,505.5,9.0,NQ09B BUY NY N130 TP2,-59.0,0.0,9.0,59.0,4.5,4.5,0.0,True,250
764,2021-11-05 09:30,NY,2,501.0,505.5,9.0,NQ09B BUY NY N130 TP2,-59.0,0.0,9.0,NQ09B SELL NY STOP,2021-11-05 09:30:00,2021-11,2021,442.0,BUY,SELL,501.0,505.5,9.0,NQ09B BUY NY N130 TP2,-59.0,0.0,9.0,59.0,4.5,4.5,0.0,True,251
765,2021-11-07 18:00,WEEKLY,2,311.0,315.5,9.0,NQ09B BUY WEEKLY W80,-59.0,0.0,9.0,NQ09B SELL WEEKLY STOP,2021-11-07 18:00:00,2021-11,2021,252.0,BUY,SELL,311.0,315.5,9.0,NQ09B BUY WEEKLY W80,-59.0,0.0,9.0,59.0,4.5,4.5,0.0,True,252
766,2021-11-08 09:30,NY,2,-59.0,0.0,9.0,NQ09B BUY NY STOP,501.0,505.5,9.0,NQ09B SELL NY N130 TP2,2021-11-08 09:30:00,2021-11,2021,442.0,SELL,BUY,501.0,505.5,9.0,NQ09B SELL NY N130 TP2,-59.0,0.0,9.0,59.0,4.5,4.5,0.0,True,253
767,2021-11-09 09:30,NY,2,-59.0,0.0,9.0,NQ09B BUY NY STOP,501.0,505.5,9.0,NQ09B SELL NY N130 TP2,2021-11-09 09:30:00,2021-11,2021,442.0,SELL,BUY,501.0,505.5,9.0,NQ09B SELL NY N130 TP2,-59.0,0.0,9.0,59.0,4.5,4.5,0.0,True,254
780,2021-11-22 09:30,NY,2,501.0,505.5,9.0,NQ09B BUY NY N130 TP2,-59.0,0.0,9.0,NQ09B SELL NY STOP,2021-11-22 09:30:00,2021-11,2021,442.0,BUY,SELL,501.0,505.5,9.0,NQ09B BUY NY N130 TP2,-59.0,0.0,9.0,59.0,4.5,4.5,0.0,True,255
782,2021-11-23 09:30,NY,2,501.0,505.5,9.0,NQ09B BUY NY N130 TP2,-59.0,0.0,9.0,NQ09B SELL NY STOP,2021-11-23 09:30:00,2021-11,2021,442.0,BUY,SELL,501.0,505.5,9.0,NQ09B BUY NY N130 TP2,-59.0,0.0,9.0,59.0,4.5,4.5,0.0,True,256
786,2021-11-26 09:30,NY,2,-59.0,0.0,9.0,NQ09B BUY NY STOP,501.0,505.5,9.0,NQ09B SELL NY N130 TP2,2021-11-26 09:30:00,2021-11,2021,442.0,SELL,BUY,501.0,505.5,9.0,NQ09B SELL NY N130 TP2,-59.0,0.0,9.0,59.0,4.5,4.5,0.0,True,257
787,2021-11-29 09:30,NY,2,-59.0,0.0,9.0,NQ09B BUY NY STOP,501.0,505.5,9.0,NQ09B SELL NY N130 TP2,2021-11-29 09:30:00,2021-11,2021,442.0,SELL,BUY,501.0,505.5,9.0,NQ09B SELL NY N130 TP2,-59.0,0.0,9.0,59.0,4.5,4.5,0.0,True,258
788,2021-11-30 09:30,NY,2,501.0,505.5,9.0,NQ09B BUY NY N130 TP2,-59.0,0.0,9.0,NQ09B SELL NY STOP,2021-11-30 09:30:00,2021-11,2021,442.0,BUY,SELL,501.0,505.5,9.0,NQ09B BUY NY N130 TP2,-59.0,0.0,9.0,59.0,4.5,4.5,0.0,True,259
789,2021-11-30 18:00,WEEKDAY_PREMIUM,2,311.0,315.5,9.0,NQ09B BUY WEEKDAY 1800 D80,-59.0,0.0,9.0,NQ09B SELL WEEKDAY 1800 STOP,2021-11-30 18:00:00,2021-11,2021,252.0,BUY,SELL,311.0,315.5,9.0,NQ09B BUY WEEKDAY 1800 D80,-59.0,0.0,9.0,59.0,4.5,4.5,0.0,True,260
790,2021-12-01 09:30,NY,2,501.0,505.5,9.0,NQ09B BUY NY N130 TP2,-59.0,0.0,9.0,NQ09B SELL NY STOP,2021-12-01 09:30:00,2021-12,2021,442.0,BUY,SELL,501.0,505.5,9.0,NQ09B BUY NY N130 TP2,-59.0,0.0,9.0,59.0,4.5,4.5,0.0,True,261
792,2021-12-02 09:30,NY,2,-59.0,0.0,9.0,NQ09B BUY NY STOP,501.0,505.5,9.0,NQ09B SELL NY N130 TP2,2021-12-02 09:30:00,2021-12,2021,442.0,SELL,BUY,501.0,505.5,9.0,NQ09B SELL NY N130 TP2,-59.0,0.0,9.0,59.0,4.5,4.5,0.0,True,262
794,2021-12-03 09:30,NY,2,-59.0,0.0,9.0,NQ09B BUY NY STOP,501.0,505.5,9.0,NQ09B SELL NY N130 TP2,2021-12-03 09:30:00,2021-12,2021,442.0,SELL,BUY,501.0,505.5,9.0,NQ09B SELL NY N130 TP2,-59.0,0.0,9.0,59.0,4.5,4.5,0.0,True,263
795,2021-12-05 18:00,WEEKLY,2,311.0,315.5,9.0,NQ09B BUY WEEKLY W80,-59.0,0.0,9.0,NQ09B SELL WEEKLY STOP,2021-12-05 18:00:00,2021-12,2021,252.0,BUY,SELL,311.0,315.5,9.0,NQ09B BUY WEEKLY W80,-59.0,0.0,9.0,59.0,4.5,4.5,0.0,True,264
796,2021-12-06 09:30,NY,2,501.0,505.5,9.0,NQ09B BUY NY N130 TP2,-59.0,0.0,9.0,NQ09B SELL NY STOP,2021-12-06 09:30:00,2021-12,2021,442.0,BUY,SELL,501.0,505.5,9.0,NQ09B BUY NY N130 TP2,-59.0,0.0,9.0,59.0,4.5,4.5,0.0,True,265
803,2021-12-14 09:30,NY,2,-59.0,0.0,9.0,NQ09B BUY NY STOP,501.0,505.5,9.0,NQ09B SELL NY N130 TP2,2021-12-14 09:30:00,2021-12,2021,442.0,SELL,BUY,501.0,505.5,9.0,NQ09B SELL NY N130 TP2,-59.0,0.0,9.0,59.0,4.5,4.5,0.0,True,266
804,2021-12-15 09:30,NY,2,501.0,505.5,9.0,NQ09B BUY NY N130 TP2,-59.0,0.0,9.0,NQ09B SELL NY STOP,2021-12-15 09:30:00,2021-12,2021,442.0,BUY,SELL,501.0,505.5,9.0,NQ09B BUY NY N130 TP2,-59.0,0.0,9.0,59.0,4.5,4.5,0.0,True,267
806,2021-12-17 09:30,NY,2,-59.0,0.0,9.0,NQ09B BUY NY STOP,501.0,505.5,9.0,NQ09B SELL NY N130 TP2,2021-12-17 09:30:00,2021-12,2021,442.0,SELL,BUY,501.0,505.5,9.0,NQ09B SELL NY N130 TP2,-59.0,0.0,9.0,59.0,4.5,4.5,0.0,True,268
807,2021-12-19 18:00,WEEKLY,2,-59.0,0.0,9.0,NQ09B BUY WEEKLY STOP,311.0,315.5,9.0,NQ09B SELL WEEKLY W80,2021-12-19 18:00:00,2021-12,2021,252.0,SELL,BUY,311.0,315.5,9.0,NQ09B SELL WEEKLY W80,-59.0,0.0,9.0,59.0,4.5,4.5,0.0,True,269
808,2021-12-20 09:30,NY,2,501.0,505.5,9.0,NQ09B BUY NY N130 TP2,-59.0,0.0,9.0,NQ09B SELL NY STOP,2021-12-20 09:30:00,2021-12,2021,442.0,BUY,SELL,501.0,505.5,9.0,NQ09B BUY NY N130 TP2,-59.0,0.0,9.0,59.0,4.5,4.5,0.0,True,270
812,2021-12-26 18:00,WEEKLY,2,311.0,315.5,9.0,NQ09B BUY WEEKLY W80,-59.0,0.0,9.0,NQ09B SELL WEEKLY STOP,2021-12-26 18:00:00,2021-12,2021,252.0,BUY,SELL,311.0,315.5,9.0,NQ09B BUY WEEKLY W80,-59.0,0.0,9.0,59.0,4.5,4.5,0.0,True,271
816,2021-12-30 09:30,NY,2,-59.0,0.0,9.0,NQ09B BUY NY STOP,501.0,505.5,9.0,NQ09B SELL NY N130 TP2,2021-12-30 09:30:00,2021-12,2021,442.0,SELL,BUY,501.0,505.5,9.0,NQ09B SELL NY N130 TP2,-59.0,0.0,9.0,59.0,4.5,4.5,0.0,True,272
818,2022-01-02 18:00,WEEKLY,2,311.0,315.5,9.0,NQ09B BUY WEEKLY W80,-59.0,0.0,9.0,NQ09B SELL WEEKLY STOP,2022-01-02 18:00:00,2022-01,2022,252.0,BUY,SELL,311.0,315.5,9.0,NQ09B BUY WEEKLY W80,-59.0,0.0,9.0,59.0,4.5,4.5,0.0,True,273
821,2022-01-05 09:30,NY,2,501.0,505.5,9.0,NQ09B BUY NY N130 TP2,-59.0,0.0,9.0,NQ09B SELL NY STOP,2022-01-05 09:30:00,2022-01,2022,442.0,BUY,SELL,501.0,505.5,9.0,NQ09B BUY NY N130 TP2,-59.0,0.0,9.0,59.0,4.5,4.5,0.0,True,274
823,2022-01-06 09:30,NY,2,-59.0,0.0,9.0,NQ09B BUY NY STOP,501.0,505.5,9.0,NQ09B SELL NY N130 TP2,2022-01-06 09:30:00,2022-01,2022,442.0,SELL,BUY,501.0,505.5,9.0,NQ09B SELL NY N130 TP2,-59.0,0.0,9.0,59.0,4.5,4.5,0.0,True,275
825,2022-01-07 09:30,NY,2,501.0,505.5,9.0,NQ09B BUY NY N130 TP2,-59.0,0.0,9.0,NQ09B SELL NY STOP,2022-01-07 09:30:00,2022-01,2022,442.0,BUY,SELL,501.0,505.5,9.0,NQ09B BUY NY N130 TP2,-59.0,0.0,9.0,59.0,4.5,4.5,0.0,True,276
826,2022-01-09 18:00,WEEKLY,2,311.0,315.5,9.0,NQ09B BUY WEEKLY W80,-59.0,0.0,9.0,NQ09B SELL WEEKLY STOP,2022-01-09 18:00:00,2022-01,2022,252.0,BUY,SELL,311.0,315.5,9.0,NQ09B BUY WEEKLY W80,-59.0,0.0,9.0,59.0,4.5,4.5,0.0,True,277
827,2022-01-10 09:30,NY,2,501.0,505.5,9.0,NQ09B BUY NY N130 TP2,-59.0,0.0,9.0,NQ09B SELL NY STOP,2022-01-10 09:30:00,2022-01,2022,442.0,BUY,SELL,501.0,505.5,9.0,NQ09B BUY NY N130 TP2,-59.0,0.0,9.0,59.0,4.5,4.5,0.0,True,278
829,2022-01-11 09:30,NY,2,501.0,505.5,9.0,NQ09B BUY NY N130 TP2,-59.0,0.0,9.0,NQ09B SELL NY STOP,2022-01-11 09:30:00,2022-01,2022,442.0,BUY,SELL,501.0,505.5,9.0,NQ09B BUY NY N130 TP2,-59.0,0.0,9.0,59.0,4.5,4.5,0.0,True,279
831,2022-01-13 09:30,NY,2,501.0,505.5,9.0,NQ09B BUY NY N130 TP2,-59.0,0.0,9.0,NQ09B SELL NY STOP,2022-01-13 09:30:00,2022-01,2022,442.0,BUY,SELL,501.0,505.5,9.0,NQ09B BUY NY N130 TP2,-59.0,0.0,9.0,59.0,4.5,4.5,0.0,True,280
834,2022-01-16 18:00,WEEKLY,2,-59.0,0.0,9.0,NQ09B BUY WEEKLY STOP,311.0,315.5,9.0,NQ09B SELL WEEKLY W80,2022-01-16 18:00:00,2022-01,2022,252.0,SELL,BUY,311.0,315.5,9.0,NQ09B SELL WEEKLY W80,-59.0,0.0,9.0,59.0,4.5,4.5,0.0,True,281
836,2022-01-18 09:30,NY,2,501.0,505.5,9.0,NQ09B BUY NY N130 TP2,-59.0,0.0,9.0,NQ09B SELL NY STOP,2022-01-18 09:30:00,2022-01,2022,442.0,BUY,SELL,501.0,505.5,9.0,NQ09B BUY NY N130 TP2,-59.0,0.0,9.0,59.0,4.5,4.5,0.0,True,282
840,2022-01-20 18:00,WEEKDAY_PREMIUM,2,-59.0,0.0,9.0,NQ09B BUY WEEKDAY 1800 STOP,311.0,315.5,9.0,NQ09B SELL WEEKDAY 1800 D80,2022-01-20 18:00:00,2022-01,2022,252.0,SELL,BUY,311.0,315.5,9.0,NQ09B SELL WEEKDAY 1800 D80,-59.0,0.0,9.0,59.0,4.5,4.5,0.0,True,283
841,2022-01-21 09:30,NY,2,-59.0,0.0,9.0,NQ09B BUY NY STOP,501.0,505.5,9.0,NQ09B SELL NY N130 TP2,2022-01-21 09:30:00,2022-01,2022,442.0,SELL,BUY,501.0,505.5,9.0,NQ09B SELL NY N130 TP2,-59.0,0.0,9.0,59.0,4.5,4.5,0.0,True,284
842,2022-01-23 18:00,WEEKLY,2,-59.0,0.0,9.0,NQ09B BUY WEEKLY STOP,311.0,315.5,9.0,NQ09B SELL WEEKLY W80,2022-01-23 18:00:00,2022-01,2022,252.0,SELL,BUY,311.0,315.5,9.0,NQ09B SELL WEEKLY W80,-59.0,0.0,9.0,59.0,4.5,4.5,0.0,True,285
843,2022-01-24 09:30,NY,2,501.0,505.5,9.0,NQ09B BUY NY N130 TP2,-59.0,0.0,9.0,NQ09B SELL NY STOP,2022-01-24 09:30:00,2022-01,2022,442.0,BUY,SELL,501.0,505.5,9.0,NQ09B BUY NY N130 TP2,-59.0,0.0,9.0,59.0,4.5,4.5,0.0,True,286
845,2022-01-25 09:30,NY,2,-59.0,0.0,9.0,NQ09B BUY NY STOP,501.0,505.5,9.0,NQ09B SELL NY N130 TP2,2022-01-25 09:30:00,2022-01,2022,442.0,SELL,BUY,501.0,505.5,9.0,NQ09B SELL NY N130 TP2,-59.0,0.0,9.0,59.0,4.5,4.5,0.0,True,287
846,2022-01-25 18:00,WEEKDAY_PREMIUM,2,311.0,315.5,9.0,NQ09B BUY WEEKDAY 1800 D80,-59.0,0.0,9.0,NQ09B SELL WEEKDAY 1800 STOP,2022-01-25 18:00:00,2022-01,2022,252.0,BUY,SELL,311.0,315.5,9.0,NQ09B BUY WEEKDAY 1800 D80,-59.0,0.0,9.0,59.0,4.5,4.5,0.0,True,288
847,2022-01-26 09:30,NY,2,501.0,505.5,9.0,NQ09B BUY NY N130 TP2,-59.0,0.0,9.0,NQ09B SELL NY STOP,2022-01-26 09:30:00,2022-01,2022,442.0,BUY,SELL,501.0,505.5,9.0,NQ09B BUY NY N130 TP2,-59.0,0.0,9.0,59.0,4.5,4.5,0.0,True,289
849,2022-01-27 09:30,NY,2,501.0,505.5,9.0,NQ09B BUY NY N130 TP2,-59.0,0.0,9.0,NQ09B SELL NY STOP,2022-01-27 09:30:00,2022-01,2022,442.0,BUY,SELL,501.0,505.5,9.0,NQ09B BUY NY N130 TP2,-59.0,0.0,9.0,59.0,4.5,4.5,0.0,True,290
850,2022-01-27 18:00,WEEKDAY_PREMIUM,2,311.0,315.5,9.0,NQ09B BUY WEEKDAY 1800 D80,-59.0,0.0,9.0,NQ09B SELL WEEKDAY 1800 STOP,2022-01-27 18:00:00,2022-01,2022,252.0,BUY,SELL,311.0,315.5,9.0,NQ09B BUY WEEKDAY 1800 D80,-59.0,0.0,9.0,59.0,4.5,4.5,0.0,True,291
851,2022-01-28 09:30,NY,2,501.0,505.5,9.0,NQ09B BUY NY N130 TP2,-59.0,0.0,9.0,NQ09B SELL NY STOP,2022-01-28 09:30:00,2022-01,2022,442.0,BUY,SELL,501.0,505.5,9.0,NQ09B BUY NY N130 TP2,-59.0,0.0,9.0,59.0,4.5,4.5,0.0,True,292
852,2022-01-30 18:00,WEEKLY,2,311.0,315.5,9.0,NQ09B BUY WEEKLY W80,-59.0,0.0,9.0,NQ09B SELL WEEKLY STOP,2022-01-30 18:00:00,2022-01,2022,252.0,BUY,SELL,311.0,315.5,9.0,NQ09B BUY WEEKLY W80,-59.0,0.0,9.0,59.0,4.5,4.5,0.0,True,293
853,2022-01-31 09:30,NY,2,501.0,505.5,9.0,NQ09B BUY NY N130 TP2,-59.0,0.0,9.0,NQ09B SELL NY STOP,2022-01-31 09:30:00,2022-01,2022,442.0,BUY,SELL,501.0,505.5,9.0,NQ09B BUY NY N130 TP2,-59.0,0.0,9.0,59.0,4.5,4.5,0.0,True,294
857,2022-02-02 18:00,WEEKDAY_PREMIUM,2,311.0,315.5,9.0,NQ09B BUY WEEKDAY 1800 D80,-59.0,0.0,9.0,NQ09B SELL WEEKDAY 1800 STOP,2022-02-02 18:00:00,2022-02,2022,252.0,BUY,SELL,311.0,315.5,9.0,NQ09B BUY WEEKDAY 1800 D80,-59.0,0.0,9.0,59.0,4.5,4.5,0.0,True,295
858,2022-02-03 09:30,NY,2,-59.0,0.0,9.0,NQ09B BUY NY STOP,501.0,505.5,9.0,NQ09B SELL NY N130 TP2,2022-02-03 09:30:00,2022-02,2022,442.0,SELL,BUY,501.0,505.5,9.0,NQ09B SELL NY N130 TP2,-59.0,0.0,9.0,59.0,4.5,4.5,0.0,True,296
860,2022-02-04 09:30,NY,2,501.0,505.5,9.0,NQ09B BUY NY N130 TP2,-59.0,0.0,9.0,NQ09B SELL NY STOP,2022-02-04 09:30:00,2022-02,2022,442.0,BUY,SELL,501.0,505.5,9.0,NQ09B BUY NY N130 TP2,-59.0,0.0,9.0,59.0,4.5,4.5,0.0,True,297
861,2022-02-06 18:00,WEEKLY,2,311.0,315.5,9.0,NQ09B BUY WEEKLY W80,-59.0,0.0,9.0,NQ09B SELL WEEKLY STOP,2022-02-06 18:00:00,2022-02,2022,252.0,BUY,SELL,311.0,315.5,9.0,NQ09B BUY WEEKLY W80,-59.0,0.0,9.0,59.0,4.5,4.5,0.0,True,298
862,2022-02-07 09:30,NY,2,501.0,505.5,9.0,NQ09B BUY NY N130 TP2,-59.0,0.0,9.0,NQ09B SELL NY STOP,2022-02-07 09:30:00,2022-02,2022,442.0,BUY,SELL,501.0,505.5,9.0,NQ09B BUY NY N130 TP2,-59.0,0.0,9.0,59.0,4.5,4.5,0.0,True,299
863,2022-02-08 09:30,NY,2,-59.0,0.0,9.0,NQ09B BUY NY STOP,501.0,505.5,9.0,NQ09B SELL NY N130 TP2,2022-02-08 09:30:00,2022-02,2022,442.0,SELL,BUY,501.0,505.5,9.0,NQ09B SELL NY N130 TP2,-59.0,0.0,9.0,59.0,4.5,4.5,0.0,True,300
864,2022-02-09 09:30,NY,2,501.0,505.5,9.0,NQ09B BUY NY N130 TP2,-59.0,0.0,9.0,NQ09B SELL NY STOP,2022-02-09 09:30:00,2022-02,2022,442.0,BUY,SELL,501.0,505.5,9.0,NQ09B BUY NY N130 TP2,-59.0,0.0,9.0,59.0,4.5,4.5,0.0,True,301
868,2022-02-13 18:00,WEEKLY,2,311.0,315.5,9.0,NQ09B BUY WEEKLY W80,-59.0,0.0,9.0,NQ09B SELL WEEKLY STOP,2022-02-13 18:00:00,2022-02,2022,252.0,BUY,SELL,311.0,315.5,9.0,NQ09B BUY WEEKLY W80,-59.0,0.0,9.0,59.0,4.5,4.5,0.0,True,302
869,2022-02-14 09:30,NY,2,-59.0,0.0,9.0,NQ09B BUY NY STOP,501.0,505.5,9.0,NQ09B SELL NY N130 TP2,2022-02-14 09:30:00,2022-02,2022,442.0,SELL,BUY,501.0,505.5,9.0,NQ09B SELL NY N130 TP2,-59.0,0.0,9.0,59.0,4.5,4.5,0.0,True,303
870,2022-02-15 09:30,NY,2,-59.0,0.0,9.0,NQ09B BUY NY STOP,501.0,505.5,9.0,NQ09B SELL NY N130 TP2,2022-02-15 09:30:00,2022-02,2022,442.0,SELL,BUY,501.0,505.5,9.0,NQ09B SELL NY N130 TP2,-59.0,0.0,9.0,59.0,4.5,4.5,0.0,True,304
874,2022-02-17 09:30,NY,2,-59.0,0.0,9.0,NQ09B BUY NY STOP,501.0,505.5,9.0,NQ09B SELL NY N130 TP2,2022-02-17 09:30:00,2022-02,2022,442.0,SELL,BUY,501.0,505.5,9.0,NQ09B SELL NY N130 TP2,-59.0,0.0,9.0,59.0,4.5,4.5,0.0,True,305
875,2022-02-18 09:30,NY,2,501.0,505.5,9.0,NQ09B BUY NY N130 TP2,-59.0,0.0,9.0,NQ09B SELL NY STOP,2022-02-18 09:30:00,2022-02,2022,442.0,BUY,SELL,501.0,505.5,9.0,NQ09B BUY NY N130 TP2,-59.0,0.0,9.0,59.0,4.5,4.5,0.0,True,306
880,2022-02-23 09:30,NY,2,-59.0,0.0,9.0,NQ09B BUY NY STOP,501.0,505.5,9.0,NQ09B SELL NY N130 TP2,2022-02-23 09:30:00,2022-02,2022,442.0,SELL,BUY,501.0,505.5,9.0,NQ09B SELL NY N130 TP2,-59.0,0.0,9.0,59.0,4.5,4.5,0.0,True,307
882,2022-02-24 09:30,NY,2,-59.0,0.0,9.0,NQ09B BUY NY STOP,501.0,505.5,9.0,NQ09B SELL NY N130 TP2,2022-02-24 09:30:00,2022-02,2022,442.0,SELL,BUY,501.0,505.5,9.0,NQ09B SELL NY N130 TP2,-59.0,0.0,9.0,59.0,4.5,4.5,0.0,True,308
885,2022-02-27 18:00,WEEKLY,2,-59.0,0.0,9.0,NQ09B BUY WEEKLY STOP,311.0,315.5,9.0,NQ09B SELL WEEKLY W80,2022-02-27 18:00:00,2022-02,2022,252.0,SELL,BUY,311.0,315.5,9.0,NQ09B SELL WEEKLY W80,-59.0,0.0,9.0,59.0,4.5,4.5,0.0,True,309
887,2022-03-01 09:30,NY,2,-59.0,0.0,9.0,NQ09B BUY NY STOP,501.0,505.5,9.0,NQ09B SELL NY N130 TP2,2022-03-01 09:30:00,2022-03,2022,442.0,SELL,BUY,501.0,505.5,9.0,NQ09B SELL NY N130 TP2,-59.0,0.0,9.0,59.0,4.5,4.5,0.0,True,310
888,2022-03-02 09:30,NY,2,501.0,505.5,9.0,NQ09B BUY NY N130 TP2,-59.0,0.0,9.0,NQ09B SELL NY STOP,2022-03-02 09:30:00,2022-03,2022,442.0,BUY,SELL,501.0,505.5,9.0,NQ09B BUY NY N130 TP2,-59.0,0.0,9.0,59.0,4.5,4.5,0.0,True,311
889,2022-03-02 18:00,WEEKDAY_PREMIUM,2,-59.0,0.0,9.0,NQ09B BUY WEEKDAY 1800 STOP,311.0,315.5,9.0,NQ09B SELL WEEKDAY 1800 D80,2022-03-02 18:00:00,2022-03,2022,252.0,SELL,BUY,311.0,315.5,9.0,NQ09B SELL WEEKDAY 1800 D80,-59.0,0.0,9.0,59.0,4.5,4.5,0.0,True,312
891,2022-03-04 09:30,NY,2,501.0,505.5,9.0,NQ09B BUY NY N130 TP2,-59.0,0.0,9.0,NQ09B SELL NY STOP,2022-03-04 09:30:00,2022-03,2022,442.0,BUY,SELL,501.0,505.5,9.0,NQ09B BUY NY N130 TP2,-59.0,0.0,9.0,59.0,4.5,4.5,0.0,True,313
892,2022-03-06 18:00,WEEKLY,2,-59.0,0.0,9.0,NQ09B BUY WEEKLY STOP,311.0,315.5,9.0,NQ09B SELL WEEKLY W80,2022-03-06 18:00:00,2022-03,2022,252.0,SELL,BUY,311.0,315.5,9.0,NQ09B SELL WEEKLY W80,-59.0,0.0,9.0,59.0,4.5,4.5,0.0,True,314
893,2022-03-07 09:30,NY,2,-59.0,0.0,9.0,NQ09B BUY NY STOP,501.0,505.5,9.0,NQ09B SELL NY N130 TP2,2022-03-07 09:30:00,2022-03,2022,442.0,SELL,BUY,501.0,505.5,9.0,NQ09B SELL NY N130 TP2,-59.0,0.0,9.0,59.0,4.5,4.5,0.0,True,315
895,2022-03-08 09:30,NY,2,501.0,505.5,9.0,NQ09B BUY NY N130 TP2,-59.0,0.0,9.0,NQ09B SELL NY STOP,2022-03-08 09:30:00,2022-03,2022,442.0,BUY,SELL,501.0,505.5,9.0,NQ09B BUY NY N130 TP2,-59.0,0.0,9.0,59.0,4.5,4.5,0.0,True,316
896,2022-03-09 09:30,NY,2,501.0,505.5,9.0,NQ09B BUY NY N130 TP2,-59.0,0.0,9.0,NQ09B SELL NY STOP,2022-03-09 09:30:00,2022-03,2022,442.0,BUY,SELL,501.0,505.5,9.0,NQ09B BUY NY N130 TP2,-59.0,0.0,9.0,59.0,4.5,4.5,0.0,True,317
898,2022-03-10 09:30,NY,2,501.0,505.5,9.0,NQ09B BUY NY N130 TP2,-59.0,0.0,9.0,NQ09B SELL NY STOP,2022-03-10 09:30:00,2022-03,2022,442.0,BUY,SELL,501.0,505.5,9.0,NQ09B BUY NY N130 TP2,-59.0,0.0,9.0,59.0,4.5,4.5,0.0,True,318
900,2022-03-13 18:00,WEEKLY,2,-59.0,0.0,9.0,NQ09B BUY WEEKLY STOP,311.0,315.5,9.0,NQ09B SELL WEEKLY W80,2022-03-13 18:00:00,2022-03,2022,252.0,SELL,BUY,311.0,315.5,9.0,NQ09B SELL WEEKLY W80,-59.0,0.0,9.0,59.0,4.5,4.5,0.0,True,319
901,2022-03-14 09:30,NY,2,-59.0,0.0,9.0,NQ09B BUY NY STOP,501.0,505.5,9.0,NQ09B SELL NY N130 TP2,2022-03-14 09:30:00,2022-03,2022,442.0,SELL,BUY,501.0,505.5,9.0,NQ09B SELL NY N130 TP2,-59.0,0.0,9.0,59.0,4.5,4.5,0.0,True,320
905,2022-03-17 09:30,NY,2,501.0,505.5,9.0,NQ09B BUY NY N130 TP2,-59.0,0.0,9.0,NQ09B SELL NY STOP,2022-03-17 09:30:00,2022-03,2022,442.0,BUY,SELL,501.0,505.5,9.0,NQ09B BUY NY N130 TP2,-59.0,0.0,9.0,59.0,4.5,4.5,0.0,True,321
907,2022-03-18 09:30,NY,2,501.0,505.5,9.0,NQ09B BUY NY N130 TP2,-59.0,0.0,9.0,NQ09B SELL NY STOP,2022-03-18 09:30:00,2022-03,2022,442.0,BUY,SELL,501.0,505.5,9.0,NQ09B BUY NY N130 TP2,-59.0,0.0,9.0,59.0,4.5,4.5,0.0,True,322
909,2022-03-21 09:30,NY,2,-59.0,0.0,9.0,NQ09B BUY NY STOP,501.0,505.5,9.0,NQ09B SELL NY N130 TP2,2022-03-21 09:30:00,2022-03,2022,442.0,SELL,BUY,501.0,505.5,9.0,NQ09B SELL NY N130 TP2,-59.0,0.0,9.0,59.0,4.5,4.5,0.0,True,323
910,2022-03-22 09:30,NY,2,-59.0,0.0,9.0,NQ09B BUY NY STOP,501.0,505.5,9.0,NQ09B SELL NY N130 TP2,2022-03-22 09:30:00,2022-03,2022,442.0,SELL,BUY,501.0,505.5,9.0,NQ09B SELL NY N130 TP2,-59.0,0.0,9.0,59.0,4.5,4.5,0.0,True,324
911,2022-03-23 09:30,NY,2,501.0,505.5,9.0,NQ09B BUY NY N130 TP2,-59.0,0.0,9.0,NQ09B SELL NY STOP,2022-03-23 09:30:00,2022-03,2022,442.0,BUY,SELL,501.0,505.5,9.0,NQ09B BUY NY N130 TP2,-59.0,0.0,9.0,59.0,4.5,4.5,0.0,True,325
913,2022-03-25 09:30,NY,2,-59.0,0.0,9.0,NQ09B BUY NY STOP,501.0,505.5,9.0,NQ09B SELL NY N130 TP2,2022-03-25 09:30:00,2022-03,2022,442.0,SELL,BUY,501.0,505.5,9.0,NQ09B SELL NY N130 TP2,-59.0,0.0,9.0,59.0,4.5,4.5,0.0,True,326
914,2022-03-27 18:00,WEEKLY,2,311.0,315.5,9.0,NQ09B BUY WEEKLY W80,-59.0,0.0,9.0,NQ09B SELL WEEKLY STOP,2022-03-27 18:00:00,2022-03,2022,252.0,BUY,SELL,311.0,315.5,9.0,NQ09B BUY WEEKLY W80,-59.0,0.0,9.0,59.0,4.5,4.5,0.0,True,327
919,2022-04-01 09:30,NY,2,-59.0,0.0,9.0,NQ09B BUY NY STOP,501.0,505.5,9.0,NQ09B SELL NY N130 TP2,2022-04-01 09:30:00,2022-04,2022,442.0,SELL,BUY,501.0,505.5,9.0,NQ09B SELL NY N130 TP2,-59.0,0.0,9.0,59.0,4.5,4.5,0.0,True,328
927,2022-04-11 09:30,NY,2,501.0,505.5,9.0,NQ09B BUY NY N130 TP2,-59.0,0.0,9.0,NQ09B SELL NY STOP,2022-04-11 09:30:00,2022-04,2022,442.0,BUY,SELL,501.0,505.5,9.0,NQ09B BUY NY N130 TP2,-59.0,0.0,9.0,59.0,4.5,4.5,0.0,True,329
929,2022-04-13 09:30,NY,2,501.0,505.5,9.0,NQ09B BUY NY N130 TP2,-59.0,0.0,9.0,NQ09B SELL NY STOP,2022-04-13 09:30:00,2022-04,2022,442.0,BUY,SELL,501.0,505.5,9.0,NQ09B BUY NY N130 TP2,-59.0,0.0,9.0,59.0,4.5,4.5,0.0,True,330
931,2022-04-17 18:00,WEEKLY,2,311.0,315.5,9.0,NQ09B BUY WEEKLY W80,-59.0,0.0,9.0,NQ09B SELL WEEKLY STOP,2022-04-17 18:00:00,2022-04,2022,252.0,BUY,SELL,311.0,315.5,9.0,NQ09B BUY WEEKLY W80,-59.0,0.0,9.0,59.0,4.5,4.5,0.0,True,331
933,2022-04-19 09:30,NY,2,-59.0,0.0,9.0,NQ09B BUY NY STOP,501.0,505.5,9.0,NQ09B SELL NY N130 TP2,2022-04-19 09:30:00,2022-04,2022,442.0,SELL,BUY,501.0,505.5,9.0,NQ09B SELL NY N130 TP2,-59.0,0.0,9.0,59.0,4.5,4.5,0.0,True,332
934,2022-04-20 09:30,NY,2,501.0,505.5,9.0,NQ09B BUY NY N130 TP2,-59.0,0.0,9.0,NQ09B SELL NY STOP,2022-04-20 09:30:00,2022-04,2022,442.0,BUY,SELL,501.0,505.5,9.0,NQ09B BUY NY N130 TP2,-59.0,0.0,9.0,59.0,4.5,4.5,0.0,True,333
937,2022-04-22 09:30,NY,2,-59.0,0.0,9.0,NQ09B BUY NY STOP,501.0,505.5,9.0,NQ09B SELL NY N130 TP2,2022-04-22 09:30:00,2022-04,2022,442.0,SELL,BUY,501.0,505.5,9.0,NQ09B SELL NY N130 TP2,-59.0,0.0,9.0,59.0,4.5,4.5,0.0,True,334
938,2022-04-24 18:00,WEEKLY,2,311.0,315.5,9.0,NQ09B BUY WEEKLY W80,-59.0,0.0,9.0,NQ09B SELL WEEKLY STOP,2022-04-24 18:00:00,2022-04,2022,252.0,BUY,SELL,311.0,315.5,9.0,NQ09B BUY WEEKLY W80,-59.0,0.0,9.0,59.0,4.5,4.5,0.0,True,335
939,2022-04-25 09:30,NY,2,-59.0,0.0,9.0,NQ09B BUY NY STOP,501.0,505.5,9.0,NQ09B SELL NY N130 TP2,2022-04-25 09:30:00,2022-04,2022,442.0,SELL,BUY,501.0,505.5,9.0,NQ09B SELL NY N130 TP2,-59.0,0.0,9.0,59.0,4.5,4.5,0.0,True,336
944,2022-04-28 09:30,NY,2,-59.0,0.0,9.0,NQ09B BUY NY STOP,501.0,505.5,9.0,NQ09B SELL NY N130 TP2,2022-04-28 09:30:00,2022-04,2022,442.0,SELL,BUY,501.0,505.5,9.0,NQ09B SELL NY N130 TP2,-59.0,0.0,9.0,59.0,4.5,4.5,0.0,True,337
945,2022-04-28 18:00,WEEKDAY_PREMIUM,2,311.0,315.5,9.0,NQ09B BUY WEEKDAY 1800 D80,-59.0,0.0,9.0,NQ09B SELL WEEKDAY 1800 STOP,2022-04-28 18:00:00,2022-04,2022,252.0,BUY,SELL,311.0,315.5,9.0,NQ09B BUY WEEKDAY 1800 D80,-59.0,0.0,9.0,59.0,4.5,4.5,0.0,True,338
946,2022-04-29 09:30,NY,2,-59.0,0.0,9.0,NQ09B BUY NY STOP,501.0,505.5,9.0,NQ09B SELL NY N130 TP2,2022-04-29 09:30:00,2022-04,2022,442.0,SELL,BUY,501.0,505.5,9.0,NQ09B SELL NY N130 TP2,-59.0,0.0,9.0,59.0,4.5,4.5,0.0,True,339
947,2022-05-01 18:00,WEEKLY,2,311.0,315.5,9.0,NQ09B BUY WEEKLY W80,-59.0,0.0,9.0,NQ09B SELL WEEKLY STOP,2022-05-01 18:00:00,2022-05,2022,252.0,BUY,SELL,311.0,315.5,9.0,NQ09B BUY WEEKLY W80,-59.0,0.0,9.0,59.0,4.5,4.5,0.0,True,340
948,2022-05-02 09:30,NY,2,-59.0,0.0,9.0,NQ09B BUY NY STOP,501.0,505.5,9.0,NQ09B SELL NY N130 TP2,2022-05-02 09:30:00,2022-05,2022,442.0,SELL,BUY,501.0,505.5,9.0,NQ09B SELL NY N130 TP2,-59.0,0.0,9.0,59.0,4.5,4.5,0.0,True,341
954,2022-05-06 09:30,NY,2,501.0,505.5,9.0,NQ09B BUY NY N130 TP2,-59.0,0.0,9.0,NQ09B SELL NY STOP,2022-05-06 09:30:00,2022-05,2022,442.0,BUY,SELL,501.0,505.5,9.0,NQ09B BUY NY N130 TP2,-59.0,0.0,9.0,59.0,4.5,4.5,0.0,True,342
955,2022-05-08 18:00,WEEKLY,2,311.0,315.5,9.0,NQ09B BUY WEEKLY W80,-59.0,0.0,9.0,NQ09B SELL WEEKLY STOP,2022-05-08 18:00:00,2022-05,2022,252.0,BUY,SELL,311.0,315.5,9.0,NQ09B BUY WEEKLY W80,-59.0,0.0,9.0,59.0,4.5,4.5,0.0,True,343
956,2022-05-09 09:30,NY,2,-59.0,0.0,9.0,NQ09B BUY NY STOP,501.0,505.5,9.0,NQ09B SELL NY N130 TP2,2022-05-09 09:30:00,2022-05,2022,442.0,SELL,BUY,501.0,505.5,9.0,NQ09B SELL NY N130 TP2,-59.0,0.0,9.0,59.0,4.5,4.5,0.0,True,344
957,2022-05-10 09:30,NY,2,-59.0,0.0,9.0,NQ09B BUY NY STOP,501.0,505.5,9.0,NQ09B SELL NY N130 TP2,2022-05-10 09:30:00,2022-05,2022,442.0,SELL,BUY,501.0,505.5,9.0,NQ09B SELL NY N130 TP2,-59.0,0.0,9.0,59.0,4.5,4.5,0.0,True,345
959,2022-05-11 09:30,NY,2,-59.0,0.0,9.0,NQ09B BUY NY STOP,501.0,505.5,9.0,NQ09B SELL NY N130 TP2,2022-05-11 09:30:00,2022-05,2022,442.0,SELL,BUY,501.0,505.5,9.0,NQ09B SELL NY N130 TP2,-59.0,0.0,9.0,59.0,4.5,4.5,0.0,True,346
960,2022-05-12 09:30,NY,2,-59.0,0.0,9.0,NQ09B BUY NY STOP,501.0,505.5,9.0,NQ09B SELL NY N130 TP2,2022-05-12 09:30:00,2022-05,2022,442.0,SELL,BUY,501.0,505.5,9.0,NQ09B SELL NY N130 TP2,-59.0,0.0,9.0,59.0,4.5,4.5,0.0,True,347
961,2022-05-12 18:00,WEEKDAY_PREMIUM,2,311.0,315.5,9.0,NQ09B BUY WEEKDAY 1800 D80,-59.0,0.0,9.0,NQ09B SELL WEEKDAY 1800 STOP,2022-05-12 18:00:00,2022-05,2022,252.0,BUY,SELL,311.0,315.5,9.0,NQ09B BUY WEEKDAY 1800 D80,-59.0,0.0,9.0,59.0,4.5,4.5,0.0,True,348
962,2022-05-13 09:30,NY,2,501.0,505.5,9.0,NQ09B BUY NY N130 TP2,-59.0,0.0,9.0,NQ09B SELL NY STOP,2022-05-13 09:30:00,2022-05,2022,442.0,BUY,SELL,501.0,505.5,9.0,NQ09B BUY NY N130 TP2,-59.0,0.0,9.0,59.0,4.5,4.5,0.0,True,349
963,2022-05-15 18:00,WEEKLY,2,-59.0,0.0,9.0,NQ09B BUY WEEKLY STOP,311.0,315.5,9.0,NQ09B SELL WEEKLY W80,2022-05-15 18:00:00,2022-05,2022,252.0,SELL,BUY,311.0,315.5,9.0,NQ09B SELL WEEKLY W80,-59.0,0.0,9.0,59.0,4.5,4.5,0.0,True,350
964,2022-05-16 09:30,NY,2,501.0,505.5,9.0,NQ09B BUY NY N130 TP2,-59.0,0.0,9.0,NQ09B SELL NY STOP,2022-05-16 09:30:00,2022-05,2022,442.0,BUY,SELL,501.0,505.5,9.0,NQ09B BUY NY N130 TP2,-59.0,0.0,9.0,59.0,4.5,4.5,0.0,True,351
965,2022-05-17 09:30,NY,2,501.0,505.5,9.0,NQ09B BUY NY N130 TP2,-59.0,0.0,9.0,NQ09B SELL NY STOP,2022-05-17 09:30:00,2022-05,2022,442.0,BUY,SELL,501.0,505.5,9.0,NQ09B BUY NY N130 TP2,-59.0,0.0,9.0,59.0,4.5,4.5,0.0,True,352
966,2022-05-18 09:30,NY,2,-59.0,0.0,9.0,NQ09B BUY NY STOP,501.0,505.5,9.0,NQ09B SELL NY N130 TP2,2022-05-18 09:30:00,2022-05,2022,442.0,SELL,BUY,501.0,505.5,9.0,NQ09B SELL NY N130 TP2,-59.0,0.0,9.0,59.0,4.5,4.5,0.0,True,353
968,2022-05-19 09:30,NY,2,501.0,505.5,9.0,NQ09B BUY NY N130 TP2,-59.0,0.0,9.0,NQ09B SELL NY STOP,2022-05-19 09:30:00,2022-05,2022,442.0,BUY,SELL,501.0,505.5,9.0,NQ09B BUY NY N130 TP2,-59.0,0.0,9.0,59.0,4.5,4.5,0.0,True,354
969,2022-05-20 09:30,NY,2,501.0,505.5,9.0,NQ09B BUY NY N130 TP2,-59.0,0.0,9.0,NQ09B SELL NY STOP,2022-05-20 09:30:00,2022-05,2022,442.0,BUY,SELL,501.0,505.5,9.0,NQ09B BUY NY N130 TP2,-59.0,0.0,9.0,59.0,4.5,4.5,0.0,True,355
971,2022-05-23 09:30,NY,2,501.0,505.5,9.0,NQ09B BUY NY N130 TP2,-59.0,0.0,9.0,NQ09B SELL NY STOP,2022-05-23 09:30:00,2022-05,2022,442.0,BUY,SELL,501.0,505.5,9.0,NQ09B BUY NY N130 TP2,-59.0,0.0,9.0,59.0,4.5,4.5,0.0,True,356
972,2022-05-24 09:30,NY,2,501.0,505.5,9.0,NQ09B BUY NY N130 TP2,-59.0,0.0,9.0,NQ09B SELL NY STOP,2022-05-24 09:30:00,2022-05,2022,442.0,BUY,SELL,501.0,505.5,9.0,NQ09B BUY NY N130 TP2,-59.0,0.0,9.0,59.0,4.5,4.5,0.0,True,357
975,2022-05-26 09:30,NY,2,-59.0,0.0,9.0,NQ09B BUY NY STOP,501.0,505.5,9.0,NQ09B SELL NY N130 TP2,2022-05-26 09:30:00,2022-05,2022,442.0,SELL,BUY,501.0,505.5,9.0,NQ09B SELL NY N130 TP2,-59.0,0.0,9.0,59.0,4.5,4.5,0.0,True,358
977,2022-05-29 18:00,WEEKLY,2,-59.0,0.0,9.0,NQ09B BUY WEEKLY STOP,311.0,315.5,9.0,NQ09B SELL WEEKLY W80,2022-05-29 18:00:00,2022-05,2022,252.0,SELL,BUY,311.0,315.5,9.0,NQ09B SELL WEEKLY W80,-59.0,0.0,9.0,59.0,4.5,4.5,0.0,True,359
981,2022-06-02 09:30,NY,2,501.0,505.5,9.0,NQ09B BUY NY N130 TP2,-59.0,0.0,9.0,NQ09B SELL NY STOP,2022-06-02 09:30:00,2022-06,2022,442.0,BUY,SELL,501.0,505.5,9.0,NQ09B BUY NY N130 TP2,-59.0,0.0,9.0,59.0,4.5,4.5,0.0,True,360
982,2022-06-03 09:30,NY,2,-59.0,0.0,9.0,NQ09B BUY NY STOP,501.0,505.5,9.0,NQ09B SELL NY N130 TP2,2022-06-03 09:30:00,2022-06,2022,442.0,SELL,BUY,501.0,505.5,9.0,NQ09B SELL NY N130 TP2,-59.0,0.0,9.0,59.0,4.5,4.5,0.0,True,361
983,2022-06-05 18:00,WEEKLY,2,311.0,315.5,9.0,NQ09B BUY WEEKLY W80,-59.0,0.0,9.0,NQ09B SELL WEEKLY STOP,2022-06-05 18:00:00,2022-06,2022,252.0,BUY,SELL,311.0,315.5,9.0,NQ09B BUY WEEKLY W80,-59.0,0.0,9.0,59.0,4.5,4.5,0.0,True,362
985,2022-06-07 09:30,NY,2,501.0,505.5,9.0,NQ09B BUY NY N130 TP2,-59.0,0.0,9.0,NQ09B SELL NY STOP,2022-06-07 09:30:00,2022-06,2022,442.0,BUY,SELL,501.0,505.5,9.0,NQ09B BUY NY N130 TP2,-59.0,0.0,9.0,59.0,4.5,4.5,0.0,True,363
986,2022-06-08 09:30,NY,2,501.0,505.5,9.0,NQ09B BUY NY N130 TP2,-59.0,0.0,9.0,NQ09B SELL NY STOP,2022-06-08 09:30:00,2022-06,2022,442.0,BUY,SELL,501.0,505.5,9.0,NQ09B BUY NY N130 TP2,-59.0,0.0,9.0,59.0,4.5,4.5,0.0,True,364
987,2022-06-09 09:30,NY,2,-59.0,0.0,9.0,NQ09B BUY NY STOP,501.0,505.5,9.0,NQ09B SELL NY N130 TP2,2022-06-09 09:30:00,2022-06,2022,442.0,SELL,BUY,501.0,505.5,9.0,NQ09B SELL NY N130 TP2,-59.0,0.0,9.0,59.0,4.5,4.5,0.0,True,365
988,2022-06-10 09:30,NY,2,501.0,505.5,9.0,NQ09B BUY NY N130 TP2,-59.0,0.0,9.0,NQ09B SELL NY STOP,2022-06-10 09:30:00,2022-06,2022,442.0,BUY,SELL,501.0,505.5,9.0,NQ09B BUY NY N130 TP2,-59.0,0.0,9.0,59.0,4.5,4.5,0.0,True,366
991,2022-06-14 09:30,NY,2,501.0,505.5,9.0,NQ09B BUY NY N130 TP2,-59.0,0.0,9.0,NQ09B SELL NY STOP,2022-06-14 09:30:00,2022-06,2022,442.0,BUY,SELL,501.0,505.5,9.0,NQ09B BUY NY N130 TP2,-59.0,0.0,9.0,59.0,4.5,4.5,0.0,True,367
993,2022-06-15 09:30,NY,2,-59.0,0.0,9.0,NQ09B BUY NY STOP,501.0,505.5,9.0,NQ09B SELL NY N130 TP2,2022-06-15 09:30:00,2022-06,2022,442.0,SELL,BUY,501.0,505.5,9.0,NQ09B SELL NY N130 TP2,-59.0,0.0,9.0,59.0,4.5,4.5,0.0,True,368
995,2022-06-16 09:30,NY,2,501.0,505.5,9.0,NQ09B BUY NY N130 TP2,-59.0,0.0,9.0,NQ09B SELL NY STOP,2022-06-16 09:30:00,2022-06,2022,442.0,BUY,SELL,501.0,505.5,9.0,NQ09B BUY NY N130 TP2,-59.0,0.0,9.0,59.0,4.5,4.5,0.0,True,369
998,2022-06-19 18:00,WEEKLY,2,-59.0,0.0,9.0,NQ09B BUY WEEKLY STOP,311.0,315.5,9.0,NQ09B SELL WEEKLY W80,2022-06-19 18:00:00,2022-06,2022,252.0,SELL,BUY,311.0,315.5,9.0,NQ09B SELL WEEKLY W80,-59.0,0.0,9.0,59.0,4.5,4.5,0.0,True,370
1001,2022-06-22 09:30,NY,2,-59.0,0.0,9.0,NQ09B BUY NY STOP,501.0,505.5,9.0,NQ09B SELL NY N130 TP2,2022-06-22 09:30:00,2022-06,2022,442.0,SELL,BUY,501.0,505.5,9.0,NQ09B SELL NY N130 TP2,-59.0,0.0,9.0,59.0,4.5,4.5,0.0,True,371
1002,2022-06-23 09:30,NY,2,501.0,505.5,9.0,NQ09B BUY NY N130 TP2,-59.0,0.0,9.0,NQ09B SELL NY STOP,2022-06-23 09:30:00,2022-06,2022,442.0,BUY,SELL,501.0,505.5,9.0,NQ09B BUY NY N130 TP2,-59.0,0.0,9.0,59.0,4.5,4.5,0.0,True,372
1003,2022-06-23 18:00,WEEKDAY_PREMIUM,2,311.0,315.5,9.0,NQ09B BUY WEEKDAY 1800 D80,-59.0,0.0,9.0,NQ09B SELL WEEKDAY 1800 STOP,2022-06-23 18:00:00,2022-06,2022,252.0,BUY,SELL,311.0,315.5,9.0,NQ09B BUY WEEKDAY 1800 D80,-59.0,0.0,9.0,59.0,4.5,4.5,0.0,True,373
1005,2022-06-26 18:00,WEEKLY,2,-59.0,0.0,9.0,NQ09B BUY WEEKLY STOP,311.0,315.5,9.0,NQ09B SELL WEEKLY W80,2022-06-26 18:00:00,2022-06,2022,252.0,SELL,BUY,311.0,315.5,9.0,NQ09B SELL WEEKLY W80,-59.0,0.0,9.0,59.0,4.5,4.5,0.0,True,374
1006,2022-06-27 09:30,NY,2,501.0,505.5,9.0,NQ09B BUY NY N130 TP2,-59.0,0.0,9.0,NQ09B SELL NY STOP,2022-06-27 09:30:00,2022-06,2022,442.0,BUY,SELL,501.0,505.5,9.0,NQ09B BUY NY N130 TP2,-59.0,0.0,9.0,59.0,4.5,4.5,0.0,True,375
1007,2022-06-28 09:30,NY,2,-59.0,0.0,9.0,NQ09B BUY NY STOP,501.0,505.5,9.0,NQ09B SELL NY N130 TP2,2022-06-28 09:30:00,2022-06,2022,442.0,SELL,BUY,501.0,505.5,9.0,NQ09B SELL NY N130 TP2,-59.0,0.0,9.0,59.0,4.5,4.5,0.0,True,376
1008,2022-06-29 09:30,NY,2,501.0,505.5,9.0,NQ09B BUY NY N130 TP2,-59.0,0.0,9.0,NQ09B SELL NY STOP,2022-06-29 09:30:00,2022-06,2022,442.0,BUY,SELL,501.0,505.5,9.0,NQ09B BUY NY N130 TP2,-59.0,0.0,9.0,59.0,4.5,4.5,0.0,True,377
1009,2022-06-30 09:30,NY,2,501.0,505.5,9.0,NQ09B BUY NY N130 TP2,-59.0,0.0,9.0,NQ09B SELL NY STOP,2022-06-30 09:30:00,2022-06,2022,442.0,BUY,SELL,501.0,505.5,9.0,NQ09B BUY NY N130 TP2,-59.0,0.0,9.0,59.0,4.5,4.5,0.0,True,378
1010,2022-07-01 09:30,NY,2,-59.0,0.0,9.0,NQ09B BUY NY STOP,501.0,505.5,9.0,NQ09B SELL NY N130 TP2,2022-07-01 09:30:00,2022-07,2022,442.0,SELL,BUY,501.0,505.5,9.0,NQ09B SELL NY N130 TP2,-59.0,0.0,9.0,59.0,4.5,4.5,0.0,True,379
1011,2022-07-03 18:00,WEEKLY,2,-59.0,0.0,9.0,NQ09B BUY WEEKLY STOP,311.0,315.5,9.0,NQ09B SELL WEEKLY W80,2022-07-03 18:00:00,2022-07,2022,252.0,SELL,BUY,311.0,315.5,9.0,NQ09B SELL WEEKLY W80,-59.0,0.0,9.0,59.0,4.5,4.5,0.0,True,380
1014,2022-07-06 09:30,NY,2,-59.0,0.0,9.0,NQ09B BUY NY STOP,501.0,505.5,9.0,NQ09B SELL NY N130 TP2,2022-07-06 09:30:00,2022-07,2022,442.0,SELL,BUY,501.0,505.5,9.0,NQ09B SELL NY N130 TP2,-59.0,0.0,9.0,59.0,4.5,4.5,0.0,True,381
1016,2022-07-08 09:30,NY,2,-59.0,0.0,9.0,NQ09B BUY NY STOP,501.0,505.5,9.0,NQ09B SELL NY N130 TP2,2022-07-08 09:30:00,2022-07,2022,442.0,SELL,BUY,501.0,505.5,9.0,NQ09B SELL NY N130 TP2,-59.0,0.0,9.0,59.0,4.5,4.5,0.0,True,382
1017,2022-07-10 18:00,WEEKLY,2,-59.0,0.0,9.0,NQ09B BUY WEEKLY STOP,311.0,315.5,9.0,NQ09B SELL WEEKLY W80,2022-07-10 18:00:00,2022-07,2022,252.0,SELL,BUY,311.0,315.5,9.0,NQ09B SELL WEEKLY W80,-59.0,0.0,9.0,59.0,4.5,4.5,0.0,True,383
1019,2022-07-12 09:30,NY,2,-59.0,0.0,9.0,NQ09B BUY NY STOP,501.0,505.5,9.0,NQ09B SELL NY N130 TP2,2022-07-12 09:30:00,2022-07,2022,442.0,SELL,BUY,501.0,505.5,9.0,NQ09B SELL NY N130 TP2,-59.0,0.0,9.0,59.0,4.5,4.5,0.0,True,384
1020,2022-07-13 09:30,NY,2,-59.0,0.0,9.0,NQ09B BUY NY STOP,501.0,505.5,9.0,NQ09B SELL NY N130 TP2,2022-07-13 09:30:00,2022-07,2022,442.0,SELL,BUY,501.0,505.5,9.0,NQ09B SELL NY N130 TP2,-59.0,0.0,9.0,59.0,4.5,4.5,0.0,True,385
1021,2022-07-14 09:30,NY,2,501.0,505.5,9.0,NQ09B BUY NY N130 TP2,-59.0,0.0,9.0,NQ09B SELL NY STOP,2022-07-14 09:30:00,2022-07,2022,442.0,BUY,SELL,501.0,505.5,9.0,NQ09B BUY NY N130 TP2,-59.0,0.0,9.0,59.0,4.5,4.5,0.0,True,386
1023,2022-07-17 18:00,WEEKLY,2,311.0,315.5,9.0,NQ09B BUY WEEKLY W80,-59.0,0.0,9.0,NQ09B SELL WEEKLY STOP,2022-07-17 18:00:00,2022-07,2022,252.0,BUY,SELL,311.0,315.5,9.0,NQ09B BUY WEEKLY W80,-59.0,0.0,9.0,59.0,4.5,4.5,0.0,True,387
1024,2022-07-18 09:30,NY,2,501.0,505.5,9.0,NQ09B BUY NY N130 TP2,-59.0,0.0,9.0,NQ09B SELL NY STOP,2022-07-18 09:30:00,2022-07,2022,442.0,BUY,SELL,501.0,505.5,9.0,NQ09B BUY NY N130 TP2,-59.0,0.0,9.0,59.0,4.5,4.5,0.0,True,388
1025,2022-07-19 09:30,NY,2,-59.0,0.0,9.0,NQ09B BUY NY STOP,501.0,505.5,9.0,NQ09B SELL NY N130 TP2,2022-07-19 09:30:00,2022-07,2022,442.0,SELL,BUY,501.0,505.5,9.0,NQ09B SELL NY N130 TP2,-59.0,0.0,9.0,59.0,4.5,4.5,0.0,True,389
1026,2022-07-20 09:30,NY,2,501.0,505.5,9.0,NQ09B BUY NY N130 TP2,-59.0,0.0,9.0,NQ09B SELL NY STOP,2022-07-20 09:30:00,2022-07,2022,442.0,BUY,SELL,501.0,505.5,9.0,NQ09B BUY NY N130 TP2,-59.0,0.0,9.0,59.0,4.5,4.5,0.0,True,390
1027,2022-07-21 09:30,NY,2,501.0,505.5,9.0,NQ09B BUY NY N130 TP2,-59.0,0.0,9.0,NQ09B SELL NY STOP,2022-07-21 09:30:00,2022-07,2022,442.0,BUY,SELL,501.0,505.5,9.0,NQ09B BUY NY N130 TP2,-59.0,0.0,9.0,59.0,4.5,4.5,0.0,True,391
1029,2022-07-24 18:00,WEEKLY,2,311.0,315.5,9.0,NQ09B BUY WEEKLY W80,-59.0,0.0,9.0,NQ09B SELL WEEKLY STOP,2022-07-24 18:00:00,2022-07,2022,252.0,BUY,SELL,311.0,315.5,9.0,NQ09B BUY WEEKLY W80,-59.0,0.0,9.0,59.0,4.5,4.5,0.0,True,392
1030,2022-07-25 09:30,NY,2,-59.0,0.0,9.0,NQ09B BUY NY STOP,501.0,505.5,9.0,NQ09B SELL NY N130 TP2,2022-07-25 09:30:00,2022-07,2022,442.0,SELL,BUY,501.0,505.5,9.0,NQ09B SELL NY N130 TP2,-59.0,0.0,9.0,59.0,4.5,4.5,0.0,True,393
1032,2022-07-26 18:00,WEEKDAY_PREMIUM,2,311.0,315.5,9.0,NQ09B BUY WEEKDAY 1800 D80,-59.0,0.0,9.0,NQ09B SELL WEEKDAY 1800 STOP,2022-07-26 18:00:00,2022-07,2022,252.0,BUY,SELL,311.0,315.5,9.0,NQ09B BUY WEEKDAY 1800 D80,-59.0,0.0,9.0,59.0,4.5,4.5,0.0,True,394
1033,2022-07-27 09:30,NY,2,501.0,505.5,9.0,NQ09B BUY NY N130 TP2,-59.0,0.0,9.0,NQ09B SELL NY STOP,2022-07-27 09:30:00,2022-07,2022,442.0,BUY,SELL,501.0,505.5,9.0,NQ09B BUY NY N130 TP2,-59.0,0.0,9.0,59.0,4.5,4.5,0.0,True,395
1034,2022-07-28 09:30,NY,2,-59.0,0.0,9.0,NQ09B BUY NY STOP,501.0,505.5,9.0,NQ09B SELL NY N130 TP2,2022-07-28 09:30:00,2022-07,2022,442.0,SELL,BUY,501.0,505.5,9.0,NQ09B SELL NY N130 TP2,-59.0,0.0,9.0,59.0,4.5,4.5,0.0,True,396
1035,2022-07-28 18:00,WEEKDAY_PREMIUM,2,-59.0,0.0,9.0,NQ09B BUY WEEKDAY 1800 STOP,311.0,315.5,9.0,NQ09B SELL WEEKDAY 1800 D80,2022-07-28 18:00:00,2022-07,2022,252.0,SELL,BUY,311.0,315.5,9.0,NQ09B SELL WEEKDAY 1800 D80,-59.0,0.0,9.0,59.0,4.5,4.5,0.0,True,397
1036,2022-07-29 09:30,NY,2,501.0,505.5,9.0,NQ09B BUY NY N130 TP2,-59.0,0.0,9.0,NQ09B SELL NY STOP,2022-07-29 09:30:00,2022-07,2022,442.0,BUY,SELL,501.0,505.5,9.0,NQ09B BUY NY N130 TP2,-59.0,0.0,9.0,59.0,4.5,4.5,0.0,True,398
1037,2022-07-31 18:00,WEEKLY,2,311.0,315.5,9.0,NQ09B BUY WEEKLY W80,-59.0,0.0,9.0,NQ09B SELL WEEKLY STOP,2022-07-31 18:00:00,2022-07,2022,252.0,BUY,SELL,311.0,315.5,9.0,NQ09B BUY WEEKLY W80,-59.0,0.0,9.0,59.0,4.5,4.5,0.0,True,399
1038,2022-08-01 09:30,NY,2,501.0,505.5,9.0,NQ09B BUY NY N130 TP2,-59.0,0.0,9.0,NQ09B SELL NY STOP,2022-08-01 09:30:00,2022-08,2022,442.0,BUY,SELL,501.0,505.5,9.0,NQ09B BUY NY N130 TP2,-59.0,0.0,9.0,59.0,4.5,4.5,0.0,True,400
1041,2022-08-04 09:30,NY,2,501.0,505.5,9.0,NQ09B BUY NY N130 TP2,-59.0,0.0,9.0,NQ09B SELL NY STOP,2022-08-04 09:30:00,2022-08,2022,442.0,BUY,SELL,501.0,505.5,9.0,NQ09B BUY NY N130 TP2,-59.0,0.0,9.0,59.0,4.5,4.5,0.0,True,401
1043,2022-08-07 18:00,WEEKLY,2,-59.0,0.0,9.0,NQ09B BUY WEEKLY STOP,311.0,315.5,9.0,NQ09B SELL WEEKLY W80,2022-08-07 18:00:00,2022-08,2022,252.0,SELL,BUY,311.0,315.5,9.0,NQ09B SELL WEEKLY W80,-59.0,0.0,9.0,59.0,4.5,4.5,0.0,True,402
1044,2022-08-08 09:30,NY,2,-59.0,0.0,9.0,NQ09B BUY NY STOP,501.0,505.5,9.0,NQ09B SELL NY N130 TP2,2022-08-08 09:30:00,2022-08,2022,442.0,SELL,BUY,501.0,505.5,9.0,NQ09B SELL NY N130 TP2,-59.0,0.0,9.0,59.0,4.5,4.5,0.0,True,403
1047,2022-08-10 09:30,NY,2,501.0,505.5,9.0,NQ09B BUY NY N130 TP2,-59.0,0.0,9.0,NQ09B SELL NY STOP,2022-08-10 09:30:00,2022-08,2022,442.0,BUY,SELL,501.0,505.5,9.0,NQ09B BUY NY N130 TP2,-59.0,0.0,9.0,59.0,4.5,4.5,0.0,True,404
1048,2022-08-11 09:30,NY,2,501.0,505.5,9.0,NQ09B BUY NY N130 TP2,-59.0,0.0,9.0,NQ09B SELL NY STOP,2022-08-11 09:30:00,2022-08,2022,442.0,BUY,SELL,501.0,505.5,9.0,NQ09B BUY NY N130 TP2,-59.0,0.0,9.0,59.0,4.5,4.5,0.0,True,405
1049,2022-08-12 09:30,NY,2,501.0,505.5,9.0,NQ09B BUY NY N130 TP2,-59.0,0.0,9.0,NQ09B SELL NY STOP,2022-08-12 09:30:00,2022-08,2022,442.0,BUY,SELL,501.0,505.5,9.0,NQ09B BUY NY N130 TP2,-59.0,0.0,9.0,59.0,4.5,4.5,0.0,True,406
1051,2022-08-15 09:30,NY,2,501.0,505.5,9.0,NQ09B BUY NY N130 TP2,-59.0,5.5,9.0,NQ09B SELL NY STOP,2022-08-15 09:30:00,2022-08,2022,442.0,BUY,SELL,501.0,505.5,9.0,NQ09B BUY NY N130 TP2,-59.0,5.5,9.0,64.5,4.5,4.5,0.0,True,407
1052,2022-08-16 09:30,NY,2,-59.0,0.0,9.0,NQ09B BUY NY STOP,501.0,505.5,9.0,NQ09B SELL NY N130 TP2,2022-08-16 09:30:00,2022-08,2022,442.0,SELL,BUY,501.0,505.5,9.0,NQ09B SELL NY N130 TP2,-59.0,0.0,9.0,59.0,4.5,4.5,0.0,True,408
1057,2022-08-21 18:00,WEEKLY,2,-59.0,0.0,9.0,NQ09B BUY WEEKLY STOP,311.0,315.5,9.0,NQ09B SELL WEEKLY W80,2022-08-21 18:00:00,2022-08,2022,252.0,SELL,BUY,311.0,315.5,9.0,NQ09B SELL WEEKLY W80,-59.0,0.0,9.0,59.0,4.5,4.5,0.0,True,409
1060,2022-08-24 09:30,NY,2,-59.0,0.0,9.0,NQ09B BUY NY STOP,501.0,505.5,9.0,NQ09B SELL NY N130 TP2,2022-08-24 09:30:00,2022-08,2022,442.0,SELL,BUY,501.0,505.5,9.0,NQ09B SELL NY N130 TP2,-59.0,0.0,9.0,59.0,4.5,4.5,0.0,True,410
1064,2022-08-28 18:00,WEEKLY,2,-59.0,0.0,9.0,NQ09B BUY WEEKLY STOP,311.0,315.5,9.0,NQ09B SELL WEEKLY W80,2022-08-28 18:00:00,2022-08,2022,252.0,SELL,BUY,311.0,315.5,9.0,NQ09B SELL WEEKLY W80,-59.0,0.0,9.0,59.0,4.5,4.5,0.0,True,411
1065,2022-08-29 09:30,NY,2,-59.0,0.0,9.0,NQ09B BUY NY STOP,501.0,505.5,9.0,NQ09B SELL NY N130 TP2,2022-08-29 09:30:00,2022-08,2022,442.0,SELL,BUY,501.0,505.5,9.0,NQ09B SELL NY N130 TP2,-59.0,0.0,9.0,59.0,4.5,4.5,0.0,True,412
1067,2022-08-30 09:30,NY,2,501.0,505.5,9.0,NQ09B BUY NY N130 TP2,-59.0,0.0,9.0,NQ09B SELL NY STOP,2022-08-30 09:30:00,2022-08,2022,442.0,BUY,SELL,501.0,505.5,9.0,NQ09B BUY NY N130 TP2,-59.0,0.0,9.0,59.0,4.5,4.5,0.0,True,413
1069,2022-08-31 09:30,NY,2,-59.0,0.0,9.0,NQ09B BUY NY STOP,501.0,505.5,9.0,NQ09B SELL NY N130 TP2,2022-08-31 09:30:00,2022-08,2022,442.0,SELL,BUY,501.0,505.5,9.0,NQ09B SELL NY N130 TP2,-59.0,0.0,9.0,59.0,4.5,4.5,0.0,True,414
1070,2022-09-01 09:30,NY,2,501.0,505.5,9.0,NQ09B BUY NY N130 TP2,-59.0,0.0,9.0,NQ09B SELL NY STOP,2022-09-01 09:30:00,2022-09,2022,442.0,BUY,SELL,501.0,505.5,9.0,NQ09B BUY NY N130 TP2,-59.0,0.0,9.0,59.0,4.5,4.5,0.0,True,415
1072,2022-09-04 18:00,WEEKLY,2,311.0,315.5,9.0,NQ09B BUY WEEKLY W80,-59.0,0.0,9.0,NQ09B SELL WEEKLY STOP,2022-09-04 18:00:00,2022-09,2022,252.0,BUY,SELL,311.0,315.5,9.0,NQ09B BUY WEEKLY W80,-59.0,0.0,9.0,59.0,4.5,4.5,0.0,True,416
1074,2022-09-06 09:30,NY,2,-59.0,0.0,9.0,NQ09B BUY NY STOP,501.0,505.5,9.0,NQ09B SELL NY N130 TP2,2022-09-06 09:30:00,2022-09,2022,442.0,SELL,BUY,501.0,505.5,9.0,NQ09B SELL NY N130 TP2,-59.0,0.0,9.0,59.0,4.5,4.5,0.0,True,417
1076,2022-09-08 09:30,NY,2,-59.0,5.5,9.0,NQ09B BUY NY STOP,501.0,505.5,9.0,NQ09B SELL NY N130 TP2,2022-09-08 09:30:00,2022-09,2022,442.0,SELL,BUY,501.0,505.5,9.0,NQ09B SELL NY N130 TP2,-59.0,5.5,9.0,64.5,4.5,4.5,0.0,True,418
1078,2022-09-11 18:00,WEEKLY,2,311.0,315.5,9.0,NQ09B BUY WEEKLY W80,-59.0,0.0,9.0,NQ09B SELL WEEKLY STOP,2022-09-11 18:00:00,2022-09,2022,252.0,BUY,SELL,311.0,315.5,9.0,NQ09B BUY WEEKLY W80,-59.0,0.0,9.0,59.0,4.5,4.5,0.0,True,419
1082,2022-09-15 09:30,NY,2,501.0,505.5,9.0,NQ09B BUY NY N130 TP2,-59.0,0.0,9.0,NQ09B SELL NY STOP,2022-09-15 09:30:00,2022-09,2022,442.0,BUY,SELL,501.0,505.5,9.0,NQ09B BUY NY N130 TP2,-59.0,0.0,9.0,59.0,4.5,4.5,0.0,True,420
1085,2022-09-18 18:00,WEEKLY,2,311.0,315.5,9.0,NQ09B BUY WEEKLY W80,-59.0,0.0,9.0,NQ09B SELL WEEKLY STOP,2022-09-18 18:00:00,2022-09,2022,252.0,BUY,SELL,311.0,315.5,9.0,NQ09B BUY WEEKLY W80,-59.0,0.0,9.0,59.0,4.5,4.5,0.0,True,421
1089,2022-09-21 09:30,NY,2,501.0,505.5,9.0,NQ09B BUY NY N130 TP2,-59.0,0.0,9.0,NQ09B SELL NY STOP,2022-09-21 09:30:00,2022-09,2022,442.0,BUY,SELL,501.0,505.5,9.0,NQ09B BUY NY N130 TP2,-59.0,0.0,9.0,59.0,4.5,4.5,0.0,True,422
1094,2022-09-25 18:00,WEEKLY,2,311.0,315.5,9.0,NQ09B BUY WEEKLY W80,-59.0,0.0,9.0,NQ09B SELL WEEKLY STOP,2022-09-25 18:00:00,2022-09,2022,252.0,BUY,SELL,311.0,315.5,9.0,NQ09B BUY WEEKLY W80,-59.0,0.0,9.0,59.0,4.5,4.5,0.0,True,423
1099,2022-09-29 09:30,NY,2,501.0,505.5,9.0,NQ09B BUY NY N130 TP2,-59.0,0.0,9.0,NQ09B SELL NY STOP,2022-09-29 09:30:00,2022-09,2022,442.0,BUY,SELL,501.0,505.5,9.0,NQ09B BUY NY N130 TP2,-59.0,0.0,9.0,59.0,4.5,4.5,0.0,True,424
1100,2022-09-30 09:30,NY,2,-59.0,0.0,9.0,NQ09B BUY NY STOP,501.0,505.5,9.0,NQ09B SELL NY N130 TP2,2022-09-30 09:30:00,2022-09,2022,442.0,SELL,BUY,501.0,505.5,9.0,NQ09B SELL NY N130 TP2,-59.0,0.0,9.0,59.0,4.5,4.5,0.0,True,425
1102,2022-10-03 09:30,NY,2,501.0,505.5,9.0,NQ09B BUY NY N130 TP2,-59.0,0.0,9.0,NQ09B SELL NY STOP,2022-10-03 09:30:00,2022-10,2022,442.0,BUY,SELL,501.0,505.5,9.0,NQ09B BUY NY N130 TP2,-59.0,0.0,9.0,59.0,4.5,4.5,0.0,True,426
1107,2022-10-09 18:00,WEEKLY,2,-59.0,5.5,9.0,NQ09B BUY WEEKLY STOP,311.0,315.5,9.0,NQ09B SELL WEEKLY W80,2022-10-09 18:00:00,2022-10,2022,252.0,SELL,BUY,311.0,315.5,9.0,NQ09B SELL WEEKLY W80,-59.0,5.5,9.0,64.5,4.5,4.5,0.0,True,427
1108,2022-10-10 09:30,NY,2,501.0,505.5,9.0,NQ09B BUY NY N130 TP2,-59.0,0.0,9.0,NQ09B SELL NY STOP,2022-10-10 09:30:00,2022-10,2022,442.0,BUY,SELL,501.0,505.5,9.0,NQ09B BUY NY N130 TP2,-59.0,0.0,9.0,59.0,4.5,4.5,0.0,True,428
1109,2022-10-11 09:30,NY,2,501.0,505.5,9.0,NQ09B BUY NY N130 TP2,-59.0,0.0,9.0,NQ09B SELL NY STOP,2022-10-11 09:30:00,2022-10,2022,442.0,BUY,SELL,501.0,505.5,9.0,NQ09B BUY NY N130 TP2,-59.0,0.0,9.0,59.0,4.5,4.5,0.0,True,429
1112,2022-10-13 09:30,NY,2,501.0,505.5,9.0,NQ09B BUY NY N130 TP2,-59.0,0.0,9.0,NQ09B SELL NY STOP,2022-10-13 09:30:00,2022-10,2022,442.0,BUY,SELL,501.0,505.5,9.0,NQ09B BUY NY N130 TP2,-59.0,0.0,9.0,59.0,4.5,4.5,0.0,True,430
1113,2022-10-14 09:30,NY,2,501.0,505.5,9.0,NQ09B BUY NY N130 TP2,-59.0,0.0,9.0,NQ09B SELL NY STOP,2022-10-14 09:30:00,2022-10,2022,442.0,BUY,SELL,501.0,505.5,9.0,NQ09B BUY NY N130 TP2,-59.0,0.0,9.0,59.0,4.5,4.5,0.0,True,431
1116,2022-10-18 09:30,NY,2,-59.0,0.0,9.0,NQ09B BUY NY STOP,501.0,505.5,9.0,NQ09B SELL NY N130 TP2,2022-10-18 09:30:00,2022-10,2022,442.0,SELL,BUY,501.0,505.5,9.0,NQ09B SELL NY N130 TP2,-59.0,0.0,9.0,59.0,4.5,4.5,0.0,True,432
1122,2022-10-21 09:30,NY,2,501.0,505.5,9.0,NQ09B BUY NY N130 TP2,-59.0,0.0,9.0,NQ09B SELL NY STOP,2022-10-21 09:30:00,2022-10,2022,442.0,BUY,SELL,501.0,505.5,9.0,NQ09B BUY NY N130 TP2,-59.0,0.0,9.0,59.0,4.5,4.5,0.0,True,433
1126,2022-10-25 18:00,WEEKDAY_PREMIUM,2,311.0,315.5,9.0,NQ09B BUY WEEKDAY 1800 D80,-59.0,0.0,9.0,NQ09B SELL WEEKDAY 1800 STOP,2022-10-25 18:00:00,2022-10,2022,252.0,BUY,SELL,311.0,315.5,9.0,NQ09B BUY WEEKDAY 1800 D80,-59.0,0.0,9.0,59.0,4.5,4.5,0.0,True,434
1127,2022-10-26 09:30,NY,2,501.0,505.5,9.0,NQ09B BUY NY N130 TP2,-59.0,0.0,9.0,NQ09B SELL NY STOP,2022-10-26 09:30:00,2022-10,2022,442.0,BUY,SELL,501.0,505.5,9.0,NQ09B BUY NY N130 TP2,-59.0,0.0,9.0,59.0,4.5,4.5,0.0,True,435
1129,2022-10-27 09:30,NY,2,501.0,505.5,9.0,NQ09B BUY NY N130 TP2,-59.0,5.5,9.0,NQ09B SELL NY STOP,2022-10-27 09:30:00,2022-10,2022,442.0,BUY,SELL,501.0,505.5,9.0,NQ09B BUY NY N130 TP2,-59.0,5.5,9.0,64.5,4.5,4.5,0.0,True,436
1130,2022-10-27 18:00,WEEKDAY_PREMIUM,2,311.0,315.5,9.0,NQ09B BUY WEEKDAY 1800 D80,-59.0,0.0,9.0,NQ09B SELL WEEKDAY 1800 STOP,2022-10-27 18:00:00,2022-10,2022,252.0,BUY,SELL,311.0,315.5,9.0,NQ09B BUY WEEKDAY 1800 D80,-59.0,0.0,9.0,59.0,4.5,4.5,0.0,True,437
1133,2022-10-31 09:30,NY,2,501.0,505.5,9.0,NQ09B BUY NY N130 TP2,-59.0,0.0,9.0,NQ09B SELL NY STOP,2022-10-31 09:30:00,2022-10,2022,442.0,BUY,SELL,501.0,505.5,9.0,NQ09B BUY NY N130 TP2,-59.0,0.0,9.0,59.0,4.5,4.5,0.0,True,438
1134,2022-11-01 09:30,NY,2,-59.0,0.0,9.0,NQ09B BUY NY STOP,501.0,505.5,9.0,NQ09B SELL NY N130 TP2,2022-11-01 09:30:00,2022-11,2022,442.0,SELL,BUY,501.0,505.5,9.0,NQ09B SELL NY N130 TP2,-59.0,0.0,9.0,59.0,4.5,4.5,0.0,True,439
1136,2022-11-03 09:30,NY,2,501.0,505.5,9.0,NQ09B BUY NY N130 TP2,-59.0,0.0,9.0,NQ09B SELL NY STOP,2022-11-03 09:30:00,2022-11,2022,442.0,BUY,SELL,501.0,505.5,9.0,NQ09B BUY NY N130 TP2,-59.0,0.0,9.0,59.0,4.5,4.5,0.0,True,440
1137,2022-11-04 09:30,NY,2,501.0,505.5,9.0,NQ09B BUY NY N130 TP2,-59.0,0.0,9.0,NQ09B SELL NY STOP,2022-11-04 09:30:00,2022-11,2022,442.0,BUY,SELL,501.0,505.5,9.0,NQ09B BUY NY N130 TP2,-59.0,0.0,9.0,59.0,4.5,4.5,0.0,True,441
1138,2022-11-06 18:00,WEEKLY,2,311.0,315.5,9.0,NQ09B BUY WEEKLY W80,-59.0,0.0,9.0,NQ09B SELL WEEKLY STOP,2022-11-06 18:00:00,2022-11,2022,252.0,BUY,SELL,311.0,315.5,9.0,NQ09B BUY WEEKLY W80,-59.0,0.0,9.0,59.0,4.5,4.5,0.0,True,442
1139,2022-11-07 09:30,NY,2,501.0,505.5,9.0,NQ09B BUY NY N130 TP2,-59.0,0.0,9.0,NQ09B SELL NY STOP,2022-11-07 09:30:00,2022-11,2022,442.0,BUY,SELL,501.0,505.5,9.0,NQ09B BUY NY N130 TP2,-59.0,0.0,9.0,59.0,4.5,4.5,0.0,True,443
1141,2022-11-09 09:30,NY,2,-59.0,5.5,9.0,NQ09B BUY NY STOP,501.0,505.5,9.0,NQ09B SELL NY N130 TP2,2022-11-09 09:30:00,2022-11,2022,442.0,SELL,BUY,501.0,505.5,9.0,NQ09B SELL NY N130 TP2,-59.0,5.5,9.0,64.5,4.5,4.5,0.0,True,444
1142,2022-11-10 09:30,NY,2,-59.0,0.0,9.0,NQ09B BUY NY STOP,501.0,505.5,9.0,NQ09B SELL NY N130 TP2,2022-11-10 09:30:00,2022-11,2022,442.0,SELL,BUY,501.0,505.5,9.0,NQ09B SELL NY N130 TP2,-59.0,0.0,9.0,59.0,4.5,4.5,0.0,True,445
1144,2022-11-11 09:30,NY,2,501.0,505.5,9.0,NQ09B BUY NY N130 TP2,-59.0,0.0,9.0,NQ09B SELL NY STOP,2022-11-11 09:30:00,2022-11,2022,442.0,BUY,SELL,501.0,505.5,9.0,NQ09B BUY NY N130 TP2,-59.0,0.0,9.0,59.0,4.5,4.5,0.0,True,446
1146,2022-11-14 09:30,NY,2,-59.0,0.0,9.0,NQ09B BUY NY STOP,501.0,505.5,9.0,NQ09B SELL NY N130 TP2,2022-11-14 09:30:00,2022-11,2022,442.0,SELL,BUY,501.0,505.5,9.0,NQ09B SELL NY N130 TP2,-59.0,0.0,9.0,59.0,4.5,4.5,0.0,True,447
1153,2022-11-21 09:30,NY,2,-59.0,0.0,9.0,NQ09B BUY NY STOP,501.0,505.5,9.0,NQ09B SELL NY N130 TP2,2022-11-21 09:30:00,2022-11,2022,442.0,SELL,BUY,501.0,505.5,9.0,NQ09B SELL NY N130 TP2,-59.0,0.0,9.0,59.0,4.5,4.5,0.0,True,448
1158,2022-11-27 18:00,WEEKLY,2,-59.0,0.0,9.0,NQ09B BUY WEEKLY STOP,311.0,315.5,9.0,NQ09B SELL WEEKLY W80,2022-11-27 18:00:00,2022-11,2022,252.0,SELL,BUY,311.0,315.5,9.0,NQ09B SELL WEEKLY W80,-59.0,0.0,9.0,59.0,4.5,4.5,0.0,True,449
1161,2022-11-30 09:30,NY,2,-59.0,0.0,9.0,NQ09B BUY NY STOP,501.0,505.5,9.0,NQ09B SELL NY N130 TP2,2022-11-30 09:30:00,2022-11,2022,442.0,SELL,BUY,501.0,505.5,9.0,NQ09B SELL NY N130 TP2,-59.0,0.0,9.0,59.0,4.5,4.5,0.0,True,450
1163,2022-12-01 09:30,NY,2,501.0,505.5,9.0,NQ09B BUY NY N130 TP2,-59.0,0.0,9.0,NQ09B SELL NY STOP,2022-12-01 09:30:00,2022-12,2022,442.0,BUY,SELL,501.0,505.5,9.0,NQ09B BUY NY N130 TP2,-59.0,0.0,9.0,59.0,4.5,4.5,0.0,True,451
1168,2022-12-07 09:30,NY,2,-59.0,0.0,9.0,NQ09B BUY NY STOP,501.0,505.5,9.0,NQ09B SELL NY N130 TP2,2022-12-07 09:30:00,2022-12,2022,442.0,SELL,BUY,501.0,505.5,9.0,NQ09B SELL NY N130 TP2,-59.0,0.0,9.0,59.0,4.5,4.5,0.0,True,452
1171,2022-12-09 09:30,NY,2,501.0,505.5,9.0,NQ09B BUY NY N130 TP2,-59.0,0.0,9.0,NQ09B SELL NY STOP,2022-12-09 09:30:00,2022-12,2022,442.0,BUY,SELL,501.0,505.5,9.0,NQ09B BUY NY N130 TP2,-59.0,0.0,9.0,59.0,4.5,4.5,0.0,True,453
1176,2022-12-15 09:30,NY,2,501.0,505.5,9.0,NQ09B BUY NY N130 TP2,-59.0,0.0,9.0,NQ09B SELL NY STOP,2022-12-15 09:30:00,2022-12,2022,442.0,BUY,SELL,501.0,505.5,9.0,NQ09B BUY NY N130 TP2,-59.0,0.0,9.0,59.0,4.5,4.5,0.0,True,454
1178,2022-12-16 09:30,NY,2,-59.0,0.0,9.0,NQ09B BUY NY STOP,501.0,505.5,9.0,NQ09B SELL NY N130 TP2,2022-12-16 09:30:00,2022-12,2022,442.0,SELL,BUY,501.0,505.5,9.0,NQ09B SELL NY N130 TP2,-59.0,0.0,9.0,59.0,4.5,4.5,0.0,True,455
1179,2022-12-18 18:00,WEEKLY,2,-59.0,0.0,9.0,NQ09B BUY WEEKLY STOP,311.0,315.5,9.0,NQ09B SELL WEEKLY W80,2022-12-18 18:00:00,2022-12,2022,252.0,SELL,BUY,311.0,315.5,9.0,NQ09B SELL WEEKLY W80,-59.0,0.0,9.0,59.0,4.5,4.5,0.0,True,456
1181,2022-12-20 09:30,NY,2,501.0,505.5,9.0,NQ09B BUY NY N130 TP2,-59.0,0.0,9.0,NQ09B SELL NY STOP,2022-12-20 09:30:00,2022-12,2022,442.0,BUY,SELL,501.0,505.5,9.0,NQ09B BUY NY N130 TP2,-59.0,0.0,9.0,59.0,4.5,4.5,0.0,True,457
1184,2022-12-23 09:30,NY,2,-59.0,0.0,9.0,NQ09B BUY NY STOP,501.0,505.5,9.0,NQ09B SELL NY N130 TP2,2022-12-23 09:30:00,2022-12,2022,442.0,SELL,BUY,501.0,505.5,9.0,NQ09B SELL NY N130 TP2,-59.0,0.0,9.0,59.0,4.5,4.5,0.0,True,458
1186,2022-12-28 09:30,NY,2,-59.0,0.0,9.0,NQ09B BUY NY STOP,501.0,505.5,9.0,NQ09B SELL NY N130 TP2,2022-12-28 09:30:00,2022-12,2022,442.0,SELL,BUY,501.0,505.5,9.0,NQ09B SELL NY N130 TP2,-59.0,0.0,9.0,59.0,4.5,4.5,0.0,True,459
1187,2022-12-29 09:30,NY,2,501.0,505.5,9.0,NQ09B BUY NY N130 TP2,-59.0,0.0,9.0,NQ09B SELL NY STOP,2022-12-29 09:30:00,2022-12,2022,442.0,BUY,SELL,501.0,505.5,9.0,NQ09B BUY NY N130 TP2,-59.0,0.0,9.0,59.0,4.5,4.5,0.0,True,460
1188,2022-12-30 09:30,NY,2,-59.0,0.0,9.0,NQ09B BUY NY STOP,501.0,505.5,9.0,NQ09B SELL NY N130 TP2,2022-12-30 09:30:00,2022-12,2022,442.0,SELL,BUY,501.0,505.5,9.0,NQ09B SELL NY N130 TP2,-59.0,0.0,9.0,59.0,4.5,4.5,0.0,True,461
1189,2023-01-03 09:30,NY,2,501.0,505.5,9.0,NQ09B BUY NY N130 TP2,-59.0,0.0,9.0,NQ09B SELL NY STOP,2023-01-03 09:30:00,2023-01,2023,442.0,BUY,SELL,501.0,505.5,9.0,NQ09B BUY NY N130 TP2,-59.0,0.0,9.0,59.0,4.5,4.5,0.0,True,462
1192,2023-01-06 09:30,NY,2,-59.0,0.0,9.0,NQ09B BUY NY STOP,501.0,505.5,9.0,NQ09B SELL NY N130 TP2,2023-01-06 09:30:00,2023-01,2023,442.0,SELL,BUY,501.0,505.5,9.0,NQ09B SELL NY N130 TP2,-59.0,0.0,9.0,59.0,4.5,4.5,0.0,True,463
1194,2023-01-09 09:30,NY,2,501.0,505.5,9.0,NQ09B BUY NY N130 TP2,-59.0,5.5,9.0,NQ09B SELL NY STOP,2023-01-09 09:30:00,2023-01,2023,442.0,BUY,SELL,501.0,505.5,9.0,NQ09B BUY NY N130 TP2,-59.0,5.5,9.0,64.5,4.5,4.5,0.0,True,464
1196,2023-01-11 09:30,NY,2,501.0,505.5,9.0,NQ09B BUY NY N130 TP2,-59.0,0.0,9.0,NQ09B SELL NY STOP,2023-01-11 09:30:00,2023-01,2023,442.0,BUY,SELL,501.0,505.5,9.0,NQ09B BUY NY N130 TP2,-59.0,0.0,9.0,59.0,4.5,4.5,0.0,True,465
1197,2023-01-12 09:30,NY,2,501.0,505.5,9.0,NQ09B BUY NY N130 TP2,-59.0,0.0,9.0,NQ09B SELL NY STOP,2023-01-12 09:30:00,2023-01,2023,442.0,BUY,SELL,501.0,505.5,9.0,NQ09B BUY NY N130 TP2,-59.0,0.0,9.0,59.0,4.5,4.5,0.0,True,466
1201,2023-01-17 09:30,NY,2,-59.0,0.0,9.0,NQ09B BUY NY STOP,501.0,505.5,9.0,NQ09B SELL NY N130 TP2,2023-01-17 09:30:00,2023-01,2023,442.0,SELL,BUY,501.0,505.5,9.0,NQ09B SELL NY N130 TP2,-59.0,0.0,9.0,59.0,4.5,4.5,0.0,True,467
1202,2023-01-18 09:30,NY,2,-59.0,0.0,9.0,NQ09B BUY NY STOP,501.0,505.5,9.0,NQ09B SELL NY N130 TP2,2023-01-18 09:30:00,2023-01,2023,442.0,SELL,BUY,501.0,505.5,9.0,NQ09B SELL NY N130 TP2,-59.0,0.0,9.0,59.0,4.5,4.5,0.0,True,468
1206,2023-01-22 18:00,WEEKLY,2,311.0,315.5,9.0,NQ09B BUY WEEKLY W80,-59.0,0.0,9.0,NQ09B SELL WEEKLY STOP,2023-01-22 18:00:00,2023-01,2023,252.0,BUY,SELL,311.0,315.5,9.0,NQ09B BUY WEEKLY W80,-59.0,0.0,9.0,59.0,4.5,4.5,0.0,True,469
1209,2023-01-24 09:30,NY,2,-59.0,0.0,9.0,NQ09B BUY NY STOP,501.0,505.5,9.0,NQ09B SELL NY N130 TP2,2023-01-24 09:30:00,2023-01,2023,442.0,SELL,BUY,501.0,505.5,9.0,NQ09B SELL NY N130 TP2,-59.0,0.0,9.0,59.0,4.5,4.5,0.0,True,470
1211,2023-01-25 09:30,NY,2,-59.0,0.0,9.0,NQ09B BUY NY STOP,501.0,505.5,9.0,NQ09B SELL NY N130 TP2,2023-01-25 09:30:00,2023-01,2023,442.0,SELL,BUY,501.0,505.5,9.0,NQ09B SELL NY N130 TP2,-59.0,0.0,9.0,59.0,4.5,4.5,0.0,True,471
1216,2023-01-29 18:00,WEEKLY,2,311.0,315.5,9.0,NQ09B BUY WEEKLY W80,-59.0,0.0,9.0,NQ09B SELL WEEKLY STOP,2023-01-29 18:00:00,2023-01,2023,252.0,BUY,SELL,311.0,315.5,9.0,NQ09B BUY WEEKLY W80,-59.0,0.0,9.0,59.0,4.5,4.5,0.0,True,472
1217,2023-01-30 09:30,NY,2,-59.0,0.0,9.0,NQ09B BUY NY STOP,501.0,505.5,9.0,NQ09B SELL NY N130 TP2,2023-01-30 09:30:00,2023-01,2023,442.0,SELL,BUY,501.0,505.5,9.0,NQ09B SELL NY N130 TP2,-59.0,0.0,9.0,59.0,4.5,4.5,0.0,True,473
1222,2023-02-02 18:00,WEEKDAY_PREMIUM,2,311.0,315.5,9.0,NQ09B BUY WEEKDAY 1800 D80,-59.0,0.0,9.0,NQ09B SELL WEEKDAY 1800 STOP,2023-02-02 18:00:00,2023-02,2023,252.0,BUY,SELL,311.0,315.5,9.0,NQ09B BUY WEEKDAY 1800 D80,-59.0,0.0,9.0,59.0,4.5,4.5,0.0,True,474
1223,2023-02-03 09:30,NY,2,-59.0,0.0,9.0,NQ09B BUY NY STOP,501.0,505.5,9.0,NQ09B SELL NY N130 TP2,2023-02-03 09:30:00,2023-02,2023,442.0,SELL,BUY,501.0,505.5,9.0,NQ09B SELL NY N130 TP2,-59.0,0.0,9.0,59.0,4.5,4.5,0.0,True,475
1224,2023-02-05 18:00,WEEKLY,2,311.0,315.5,9.0,NQ09B BUY WEEKLY W80,-59.0,0.0,9.0,NQ09B SELL WEEKLY STOP,2023-02-05 18:00:00,2023-02,2023,252.0,BUY,SELL,311.0,315.5,9.0,NQ09B BUY WEEKLY W80,-59.0,0.0,9.0,59.0,4.5,4.5,0.0,True,476
1227,2023-02-08 09:30,NY,2,501.0,505.5,9.0,NQ09B BUY NY N130 TP2,-59.0,0.0,9.0,NQ09B SELL NY STOP,2023-02-08 09:30:00,2023-02,2023,442.0,BUY,SELL,501.0,505.5,9.0,NQ09B BUY NY N130 TP2,-59.0,0.0,9.0,59.0,4.5,4.5,0.0,True,477
1230,2023-02-12 18:00,WEEKLY,2,311.0,315.5,9.0,NQ09B BUY WEEKLY W80,-59.0,0.0,9.0,NQ09B SELL WEEKLY STOP,2023-02-12 18:00:00,2023-02,2023,252.0,BUY,SELL,311.0,315.5,9.0,NQ09B BUY WEEKLY W80,-59.0,0.0,9.0,59.0,4.5,4.5,0.0,True,478
1235,2023-02-17 09:30,NY,2,-59.0,0.0,9.0,NQ09B BUY NY STOP,501.0,505.5,9.0,NQ09B SELL NY N130 TP2,2023-02-17 09:30:00,2023-02,2023,442.0,SELL,BUY,501.0,505.5,9.0,NQ09B SELL NY N130 TP2,-59.0,0.0,9.0,59.0,4.5,4.5,0.0,True,479
1245,2023-02-28 09:30,NY,2,-59.0,0.0,9.0,NQ09B BUY NY STOP,501.0,505.5,9.0,NQ09B SELL NY N130 TP2,2023-02-28 09:30:00,2023-02,2023,442.0,SELL,BUY,501.0,505.5,9.0,NQ09B SELL NY N130 TP2,-59.0,0.0,9.0,59.0,4.5,4.5,0.0,True,480
1249,2023-03-05 18:00,WEEKLY,2,311.0,315.5,9.0,NQ09B BUY WEEKLY W80,-59.0,0.0,9.0,NQ09B SELL WEEKLY STOP,2023-03-05 18:00:00,2023-03,2023,252.0,BUY,SELL,311.0,315.5,9.0,NQ09B BUY WEEKLY W80,-59.0,0.0,9.0,59.0,4.5,4.5,0.0,True,481
1254,2023-03-09 09:30,NY,2,-59.0,0.0,9.0,NQ09B BUY NY STOP,501.0,505.5,9.0,NQ09B SELL NY N130 TP2,2023-03-09 09:30:00,2023-03,2023,442.0,SELL,BUY,501.0,505.5,9.0,NQ09B SELL NY N130 TP2,-59.0,0.0,9.0,59.0,4.5,4.5,0.0,True,482
1257,2023-03-12 18:00,WEEKLY,2,311.0,315.5,9.0,NQ09B BUY WEEKLY W80,-59.0,0.0,9.0,NQ09B SELL WEEKLY STOP,2023-03-12 18:00:00,2023-03,2023,252.0,BUY,SELL,311.0,315.5,9.0,NQ09B BUY WEEKLY W80,-59.0,0.0,9.0,59.0,4.5,4.5,0.0,True,483
1258,2023-03-13 09:30,NY,2,-59.0,0.0,9.0,NQ09B BUY NY STOP,501.0,505.5,9.0,NQ09B SELL NY N130 TP2,2023-03-13 09:30:00,2023-03,2023,442.0,SELL,BUY,501.0,505.5,9.0,NQ09B SELL NY N130 TP2,-59.0,0.0,9.0,59.0,4.5,4.5,0.0,True,484
1262,2023-03-16 09:30,NY,2,501.0,505.5,9.0,NQ09B BUY NY N130 TP2,-59.0,0.0,9.0,NQ09B SELL NY STOP,2023-03-16 09:30:00,2023-03,2023,442.0,BUY,SELL,501.0,505.5,9.0,NQ09B BUY NY N130 TP2,-59.0,0.0,9.0,59.0,4.5,4.5,0.0,True,485
1263,2023-03-17 09:30,NY,2,-59.0,0.0,9.0,NQ09B BUY NY STOP,501.0,505.5,9.0,NQ09B SELL NY N130 TP2,2023-03-17 09:30:00,2023-03,2023,442.0,SELL,BUY,501.0,505.5,9.0,NQ09B SELL NY N130 TP2,-59.0,0.0,9.0,59.0,4.5,4.5,0.0,True,486
1264,2023-03-19 18:00,WEEKLY,2,-59.0,0.0,9.0,NQ09B BUY WEEKLY STOP,311.0,315.5,9.0,NQ09B SELL WEEKLY W80,2023-03-19 18:00:00,2023-03,2023,252.0,SELL,BUY,311.0,315.5,9.0,NQ09B SELL WEEKLY W80,-59.0,0.0,9.0,59.0,4.5,4.5,0.0,True,487
1271,2023-03-24 09:30,NY,2,501.0,505.5,9.0,NQ09B BUY NY N130 TP2,-59.0,0.0,9.0,NQ09B SELL NY STOP,2023-03-24 09:30:00,2023-03,2023,442.0,BUY,SELL,501.0,505.5,9.0,NQ09B BUY NY N130 TP2,-59.0,0.0,9.0,59.0,4.5,4.5,0.0,True,488
1276,2023-03-30 09:30,NY,2,501.0,505.5,9.0,NQ09B BUY NY N130 TP2,-59.0,0.0,9.0,NQ09B SELL NY STOP,2023-03-30 09:30:00,2023-03,2023,442.0,BUY,SELL,501.0,505.5,9.0,NQ09B BUY NY N130 TP2,-59.0,0.0,9.0,59.0,4.5,4.5,0.0,True,489
1278,2023-04-02 18:00,WEEKLY,2,311.0,315.5,9.0,NQ09B BUY WEEKLY W80,-59.0,0.0,9.0,NQ09B SELL WEEKLY STOP,2023-04-02 18:00:00,2023-04,2023,252.0,BUY,SELL,311.0,315.5,9.0,NQ09B BUY WEEKLY W80,-59.0,0.0,9.0,59.0,4.5,4.5,0.0,True,490
1286,2023-04-12 09:30,NY,2,-59.0,0.0,9.0,NQ09B BUY NY STOP,501.0,505.5,9.0,NQ09B SELL NY N130 TP2,2023-04-12 09:30:00,2023-04,2023,442.0,SELL,BUY,501.0,505.5,9.0,NQ09B SELL NY N130 TP2,-59.0,0.0,9.0,59.0,4.5,4.5,0.0,True,491
1291,2023-04-17 09:30,NY,2,-59.0,0.0,9.0,NQ09B BUY NY STOP,501.0,505.5,9.0,NQ09B SELL NY N130 TP2,2023-04-17 09:30:00,2023-04,2023,442.0,SELL,BUY,501.0,505.5,9.0,NQ09B SELL NY N130 TP2,-59.0,0.0,9.0,59.0,4.5,4.5,0.0,True,492
1295,2023-04-21 09:30,NY,2,-59.0,0.0,9.0,NQ09B BUY NY STOP,501.0,505.5,9.0,NQ09B SELL NY N130 TP2,2023-04-21 09:30:00,2023-04,2023,442.0,SELL,BUY,501.0,505.5,9.0,NQ09B SELL NY N130 TP2,-59.0,0.0,9.0,59.0,4.5,4.5,0.0,True,493
1297,2023-04-24 09:30,NY,2,501.0,505.5,9.0,NQ09B BUY NY N130 TP2,-59.0,0.0,9.0,NQ09B SELL NY STOP,2023-04-24 09:30:00,2023-04,2023,442.0,BUY,SELL,501.0,505.5,9.0,NQ09B BUY NY N130 TP2,-59.0,0.0,9.0,59.0,4.5,4.5,0.0,True,494
1300,2023-04-25 18:00,WEEKDAY_PREMIUM,2,-59.0,0.0,9.0,NQ09B BUY WEEKDAY 1800 STOP,311.0,315.5,9.0,NQ09B SELL WEEKDAY 1800 D80,2023-04-25 18:00:00,2023-04,2023,252.0,SELL,BUY,311.0,315.5,9.0,NQ09B SELL WEEKDAY 1800 D80,-59.0,0.0,9.0,59.0,4.5,4.5,0.0,True,495
1304,2023-04-27 18:00,WEEKDAY_PREMIUM,2,311.0,315.5,9.0,NQ09B BUY WEEKDAY 1800 D80,-59.0,0.0,9.0,NQ09B SELL WEEKDAY 1800 STOP,2023-04-27 18:00:00,2023-04,2023,252.0,BUY,SELL,311.0,315.5,9.0,NQ09B BUY WEEKDAY 1800 D80,-59.0,0.0,9.0,59.0,4.5,4.5,0.0,True,496
1305,2023-04-28 09:30,NY,2,-59.0,0.0,9.0,NQ09B BUY NY STOP,501.0,505.5,9.0,NQ09B SELL NY N130 TP2,2023-04-28 09:30:00,2023-04,2023,442.0,SELL,BUY,501.0,505.5,9.0,NQ09B SELL NY N130 TP2,-59.0,0.0,9.0,59.0,4.5,4.5,0.0,True,497
1306,2023-04-30 18:00,WEEKLY,2,311.0,315.5,9.0,NQ09B BUY WEEKLY W80,-59.0,0.0,9.0,NQ09B SELL WEEKLY STOP,2023-04-30 18:00:00,2023-04,2023,252.0,BUY,SELL,311.0,315.5,9.0,NQ09B BUY WEEKLY W80,-59.0,0.0,9.0,59.0,4.5,4.5,0.0,True,498
1315,2023-05-05 09:30,NY,2,-59.0,0.0,9.0,NQ09B BUY NY STOP,501.0,505.5,9.0,NQ09B SELL NY N130 TP2,2023-05-05 09:30:00,2023-05,2023,442.0,SELL,BUY,501.0,505.5,9.0,NQ09B SELL NY N130 TP2,-59.0,0.0,9.0,59.0,4.5,4.5,0.0,True,499
1322,2023-05-14 18:00,WEEKLY,2,-59.0,0.0,9.0,NQ09B BUY WEEKLY STOP,311.0,315.5,9.0,NQ09B SELL WEEKLY W80,2023-05-14 18:00:00,2023-05,2023,252.0,SELL,BUY,311.0,315.5,9.0,NQ09B SELL WEEKLY W80,-59.0,0.0,9.0,59.0,4.5,4.5,0.0,True,500
1329,2023-05-21 18:00,WEEKLY,2,-59.0,0.0,9.0,NQ09B BUY WEEKLY STOP,311.0,315.5,9.0,NQ09B SELL WEEKLY W80,2023-05-21 18:00:00,2023-05,2023,252.0,SELL,BUY,311.0,315.5,9.0,NQ09B SELL WEEKLY W80,-59.0,0.0,9.0,59.0,4.5,4.5,0.0,True,501
1332,2023-05-24 09:30,NY,2,501.0,505.5,9.0,NQ09B BUY NY N130 TP2,-59.0,0.0,9.0,NQ09B SELL NY STOP,2023-05-24 09:30:00,2023-05,2023,442.0,BUY,SELL,501.0,505.5,9.0,NQ09B BUY NY N130 TP2,-59.0,0.0,9.0,59.0,4.5,4.5,0.0,True,502
1336,2023-05-28 18:00,WEEKLY,2,311.0,315.5,9.0,NQ09B BUY WEEKLY W80,-59.0,0.0,9.0,NQ09B SELL WEEKLY STOP,2023-05-28 18:00:00,2023-05,2023,252.0,BUY,SELL,311.0,315.5,9.0,NQ09B BUY WEEKLY W80,-59.0,0.0,9.0,59.0,4.5,4.5,0.0,True,503
1338,2023-05-30 09:30,NY,2,501.0,505.5,9.0,NQ09B BUY NY N130 TP2,-59.0,0.0,9.0,NQ09B SELL NY STOP,2023-05-30 09:30:00,2023-05,2023,442.0,BUY,SELL,501.0,505.5,9.0,NQ09B BUY NY N130 TP2,-59.0,0.0,9.0,59.0,4.5,4.5,0.0,True,504
1342,2023-06-02 09:30,NY,2,501.0,505.5,9.0,NQ09B BUY NY N130 TP2,-59.0,0.0,9.0,NQ09B SELL NY STOP,2023-06-02 09:30:00,2023-06,2023,442.0,BUY,SELL,501.0,505.5,9.0,NQ09B BUY NY N130 TP2,-59.0,0.0,9.0,59.0,4.5,4.5,0.0,True,505
1344,2023-06-05 09:30,NY,2,501.0,505.5,9.0,NQ09B BUY NY N130 TP2,-59.0,5.5,9.0,NQ09B SELL NY STOP,2023-06-05 09:30:00,2023-06,2023,442.0,BUY,SELL,501.0,505.5,9.0,NQ09B BUY NY N130 TP2,-59.0,5.5,9.0,64.5,4.5,4.5,0.0,True,506
1345,2023-06-06 09:30,NY,2,-59.0,5.5,9.0,NQ09B BUY NY STOP,501.0,505.5,9.0,NQ09B SELL NY N130 TP2,2023-06-06 09:30:00,2023-06,2023,442.0,SELL,BUY,501.0,505.5,9.0,NQ09B SELL NY N130 TP2,-59.0,5.5,9.0,64.5,4.5,4.5,0.0,True,507
1346,2023-06-07 09:30,NY,2,501.0,505.5,9.0,NQ09B BUY NY N130 TP2,-59.0,5.5,9.0,NQ09B SELL NY STOP,2023-06-07 09:30:00,2023-06,2023,442.0,BUY,SELL,501.0,505.5,9.0,NQ09B BUY NY N130 TP2,-59.0,5.5,9.0,64.5,4.5,4.5,0.0,True,508
1351,2023-06-12 09:30,NY,2,501.0,505.5,9.0,NQ09B BUY NY N130 TP2,-59.0,0.0,9.0,NQ09B SELL NY STOP,2023-06-12 09:30:00,2023-06,2023,442.0,BUY,SELL,501.0,505.5,9.0,NQ09B BUY NY N130 TP2,-59.0,0.0,9.0,59.0,4.5,4.5,0.0,True,509
1352,2023-06-13 09:30,NY,2,501.0,505.5,9.0,NQ09B BUY NY N130 TP2,-59.0,0.0,9.0,NQ09B SELL NY STOP,2023-06-13 09:30:00,2023-06,2023,442.0,BUY,SELL,501.0,505.5,9.0,NQ09B BUY NY N130 TP2,-59.0,0.0,9.0,59.0,4.5,4.5,0.0,True,510
1356,2023-06-15 09:30,NY,2,501.0,505.5,9.0,NQ09B BUY NY N130 TP2,-59.0,0.0,9.0,NQ09B SELL NY STOP,2023-06-15 09:30:00,2023-06,2023,442.0,BUY,SELL,501.0,505.5,9.0,NQ09B BUY NY N130 TP2,-59.0,0.0,9.0,59.0,4.5,4.5,0.0,True,511
1361,2023-06-21 09:30,NY,2,501.0,505.5,9.0,NQ09B BUY NY N130 TP2,-59.0,0.0,9.0,NQ09B SELL NY STOP,2023-06-21 09:30:00,2023-06,2023,442.0,BUY,SELL,501.0,505.5,9.0,NQ09B BUY NY N130 TP2,-59.0,0.0,9.0,59.0,4.5,4.5,0.0,True,512
1362,2023-06-22 09:30,NY,2,-59.0,0.0,9.0,NQ09B BUY NY STOP,501.0,505.5,9.0,NQ09B SELL NY N130 TP2,2023-06-22 09:30:00,2023-06,2023,442.0,SELL,BUY,501.0,505.5,9.0,NQ09B SELL NY N130 TP2,-59.0,0.0,9.0,59.0,4.5,4.5,0.0,True,513
1363,2023-06-22 18:00,WEEKDAY_PREMIUM,2,-59.0,0.0,9.0,NQ09B BUY WEEKDAY 1800 STOP,311.0,315.5,9.0,NQ09B SELL WEEKDAY 1800 D80,2023-06-22 18:00:00,2023-06,2023,252.0,SELL,BUY,311.0,315.5,9.0,NQ09B SELL WEEKDAY 1800 D80,-59.0,0.0,9.0,59.0,4.5,4.5,0.0,True,514
1367,2023-06-27 09:30,NY,2,501.0,505.5,9.0,NQ09B BUY NY N130 TP2,-59.0,0.0,9.0,NQ09B SELL NY STOP,2023-06-27 09:30:00,2023-06,2023,442.0,BUY,SELL,501.0,505.5,9.0,NQ09B BUY NY N130 TP2,-59.0,0.0,9.0,59.0,4.5,4.5,0.0,True,515
1369,2023-06-29 09:30,NY,2,501.0,505.5,9.0,NQ09B BUY NY N130 TP2,-59.0,0.0,9.0,NQ09B SELL NY STOP,2023-06-29 09:30:00,2023-06,2023,442.0,BUY,SELL,501.0,505.5,9.0,NQ09B BUY NY N130 TP2,-59.0,0.0,9.0,59.0,4.5,4.5,0.0,True,516
1370,2023-06-30 09:30,NY,2,-59.0,0.0,9.0,NQ09B BUY NY STOP,501.0,505.5,9.0,NQ09B SELL NY N130 TP2,2023-06-30 09:30:00,2023-06,2023,442.0,SELL,BUY,501.0,505.5,9.0,NQ09B SELL NY N130 TP2,-59.0,0.0,9.0,59.0,4.5,4.5,0.0,True,517
1371,2023-07-02 18:00,WEEKLY,2,311.0,315.5,9.0,NQ09B BUY WEEKLY W80,-59.0,5.5,9.0,NQ09B SELL WEEKLY STOP,2023-07-02 18:00:00,2023-07,2023,252.0,BUY,SELL,311.0,315.5,9.0,NQ09B BUY WEEKLY W80,-59.0,5.5,9.0,64.5,4.5,4.5,0.0,True,518
1372,2023-07-03 09:30,NY,2,-59.0,0.0,9.0,NQ09B BUY NY STOP,501.0,505.5,9.0,NQ09B SELL NY N130 TP2,2023-07-03 09:30:00,2023-07,2023,442.0,SELL,BUY,501.0,505.5,9.0,NQ09B SELL NY N130 TP2,-59.0,0.0,9.0,59.0,4.5,4.5,0.0,True,519
1376,2023-07-06 09:30,NY,2,501.0,505.5,9.0,NQ09B BUY NY N130 TP2,-59.0,0.0,9.0,NQ09B SELL NY STOP,2023-07-06 09:30:00,2023-07,2023,442.0,BUY,SELL,501.0,505.5,9.0,NQ09B BUY NY N130 TP2,-59.0,0.0,9.0,59.0,4.5,4.5,0.0,True,520
1377,2023-07-07 09:30,NY,2,-59.0,0.0,9.0,NQ09B BUY NY STOP,501.0,505.5,9.0,NQ09B SELL NY N130 TP2,2023-07-07 09:30:00,2023-07,2023,442.0,SELL,BUY,501.0,505.5,9.0,NQ09B SELL NY N130 TP2,-59.0,0.0,9.0,59.0,4.5,4.5,0.0,True,521
1378,2023-07-09 18:00,WEEKLY,2,-59.0,0.0,9.0,NQ09B BUY WEEKLY STOP,311.0,315.5,9.0,NQ09B SELL WEEKLY W80,2023-07-09 18:00:00,2023-07,2023,252.0,SELL,BUY,311.0,315.5,9.0,NQ09B SELL WEEKLY W80,-59.0,0.0,9.0,59.0,4.5,4.5,0.0,True,522
1381,2023-07-12 09:30,NY,2,501.0,505.5,9.0,NQ09B BUY NY N130 TP2,-59.0,0.0,9.0,NQ09B SELL NY STOP,2023-07-12 09:30:00,2023-07,2023,442.0,BUY,SELL,501.0,505.5,9.0,NQ09B BUY NY N130 TP2,-59.0,0.0,9.0,59.0,4.5,4.5,0.0,True,523
1382,2023-07-13 09:30,NY,2,501.0,505.5,9.0,NQ09B BUY NY N130 TP2,-59.0,0.0,9.0,NQ09B SELL NY STOP,2023-07-13 09:30:00,2023-07,2023,442.0,BUY,SELL,501.0,505.5,9.0,NQ09B BUY NY N130 TP2,-59.0,0.0,9.0,59.0,4.5,4.5,0.0,True,524
1383,2023-07-14 09:30,NY,2,501.0,505.5,9.0,NQ09B BUY NY N130 TP2,-59.0,5.5,9.0,NQ09B SELL NY STOP,2023-07-14 09:30:00,2023-07,2023,442.0,BUY,SELL,501.0,505.5,9.0,NQ09B BUY NY N130 TP2,-59.0,5.5,9.0,64.5,4.5,4.5,0.0,True,525
1384,2023-07-16 18:00,WEEKLY,2,-59.0,0.0,9.0,NQ09B BUY WEEKLY STOP,311.0,315.5,9.0,NQ09B SELL WEEKLY W80,2023-07-16 18:00:00,2023-07,2023,252.0,SELL,BUY,311.0,315.5,9.0,NQ09B SELL WEEKLY W80,-59.0,0.0,9.0,59.0,4.5,4.5,0.0,True,526
1387,2023-07-19 09:30,NY,2,501.0,505.5,9.0,NQ09B BUY NY N130 TP2,-59.0,0.0,9.0,NQ09B SELL NY STOP,2023-07-19 09:30:00,2023-07,2023,442.0,BUY,SELL,501.0,505.5,9.0,NQ09B BUY NY N130 TP2,-59.0,0.0,9.0,59.0,4.5,4.5,0.0,True,527
1390,2023-07-21 09:30,NY,2,501.0,505.5,9.0,NQ09B BUY NY N130 TP2,-59.0,0.0,9.0,NQ09B SELL NY STOP,2023-07-21 09:30:00,2023-07,2023,442.0,BUY,SELL,501.0,505.5,9.0,NQ09B BUY NY N130 TP2,-59.0,0.0,9.0,59.0,4.5,4.5,0.0,True,528
1394,2023-07-25 18:00,WEEKDAY_PREMIUM,2,311.0,315.5,9.0,NQ09B BUY WEEKDAY 1800 D80,-59.0,0.0,9.0,NQ09B SELL WEEKDAY 1800 STOP,2023-07-25 18:00:00,2023-07,2023,252.0,BUY,SELL,311.0,315.5,9.0,NQ09B BUY WEEKDAY 1800 D80,-59.0,0.0,9.0,59.0,4.5,4.5,0.0,True,529
1395,2023-07-26 09:30,NY,2,501.0,505.5,9.0,NQ09B BUY NY N130 TP2,-59.0,0.0,9.0,NQ09B SELL NY STOP,2023-07-26 09:30:00,2023-07,2023,442.0,BUY,SELL,501.0,505.5,9.0,NQ09B BUY NY N130 TP2,-59.0,0.0,9.0,59.0,4.5,4.5,0.0,True,530
1398,2023-07-28 09:30,NY,2,501.0,505.5,9.0,NQ09B BUY NY N130 TP2,-59.0,0.0,9.0,NQ09B SELL NY STOP,2023-07-28 09:30:00,2023-07,2023,442.0,BUY,SELL,501.0,505.5,9.0,NQ09B BUY NY N130 TP2,-59.0,0.0,9.0,59.0,4.5,4.5,0.0,True,531
1399,2023-07-30 18:00,WEEKLY,2,-59.0,0.0,9.0,NQ09B BUY WEEKLY STOP,311.0,315.5,9.0,NQ09B SELL WEEKLY W80,2023-07-30 18:00:00,2023-07,2023,252.0,SELL,BUY,311.0,315.5,9.0,NQ09B SELL WEEKLY W80,-59.0,0.0,9.0,59.0,4.5,4.5,0.0,True,532
1400,2023-07-31 09:30,NY,2,-59.0,0.0,9.0,NQ09B BUY NY STOP,501.0,505.5,9.0,NQ09B SELL NY N130 TP2,2023-07-31 09:30:00,2023-07,2023,442.0,SELL,BUY,501.0,505.5,9.0,NQ09B SELL NY N130 TP2,-59.0,0.0,9.0,59.0,4.5,4.5,0.0,True,533
1406,2023-08-03 18:00,WEEKDAY_PREMIUM,2,-59.0,0.0,9.0,NQ09B BUY WEEKDAY 1800 STOP,311.0,315.5,9.0,NQ09B SELL WEEKDAY 1800 D80,2023-08-03 18:00:00,2023-08,2023,252.0,SELL,BUY,311.0,315.5,9.0,NQ09B SELL WEEKDAY 1800 D80,-59.0,0.0,9.0,59.0,4.5,4.5,0.0,True,534
1407,2023-08-04 09:30,NY,2,-59.0,0.0,9.0,NQ09B BUY NY STOP,501.0,505.5,9.0,NQ09B SELL NY N130 TP2,2023-08-04 09:30:00,2023-08,2023,442.0,SELL,BUY,501.0,505.5,9.0,NQ09B SELL NY N130 TP2,-59.0,0.0,9.0,59.0,4.5,4.5,0.0,True,535
1408,2023-08-06 18:00,WEEKLY,2,-59.0,0.0,9.0,NQ09B BUY WEEKLY STOP,311.0,315.5,9.0,NQ09B SELL WEEKLY W80,2023-08-06 18:00:00,2023-08,2023,252.0,SELL,BUY,311.0,315.5,9.0,NQ09B SELL WEEKLY W80,-59.0,0.0,9.0,59.0,4.5,4.5,0.0,True,536
1409,2023-08-07 09:30,NY,2,-59.0,0.0,9.0,NQ09B BUY NY STOP,501.0,505.5,9.0,NQ09B SELL NY N130 TP2,2023-08-07 09:30:00,2023-08,2023,442.0,SELL,BUY,501.0,505.5,9.0,NQ09B SELL NY N130 TP2,-59.0,0.0,9.0,59.0,4.5,4.5,0.0,True,537
1410,2023-08-08 09:30,NY,2,-59.0,5.5,9.0,NQ09B BUY NY STOP,501.0,505.5,9.0,NQ09B SELL NY N130 TP2,2023-08-08 09:30:00,2023-08,2023,442.0,SELL,BUY,501.0,505.5,9.0,NQ09B SELL NY N130 TP2,-59.0,5.5,9.0,64.5,4.5,4.5,0.0,True,538
1412,2023-08-10 09:30,NY,2,-59.0,0.0,9.0,NQ09B BUY NY STOP,501.0,505.5,9.0,NQ09B SELL NY N130 TP2,2023-08-10 09:30:00,2023-08,2023,442.0,SELL,BUY,501.0,505.5,9.0,NQ09B SELL NY N130 TP2,-59.0,0.0,9.0,59.0,4.5,4.5,0.0,True,539
1413,2023-08-11 09:30,NY,2,-59.0,0.0,9.0,NQ09B BUY NY STOP,501.0,505.5,9.0,NQ09B SELL NY N130 TP2,2023-08-11 09:30:00,2023-08,2023,442.0,SELL,BUY,501.0,505.5,9.0,NQ09B SELL NY N130 TP2,-59.0,0.0,9.0,59.0,4.5,4.5,0.0,True,540
1416,2023-08-15 09:30,NY,2,-59.0,0.0,9.0,NQ09B BUY NY STOP,501.0,505.5,9.0,NQ09B SELL NY N130 TP2,2023-08-15 09:30:00,2023-08,2023,442.0,SELL,BUY,501.0,505.5,9.0,NQ09B SELL NY N130 TP2,-59.0,0.0,9.0,59.0,4.5,4.5,0.0,True,541
1419,2023-08-17 09:30,NY,2,501.0,505.5,9.0,NQ09B BUY NY N130 TP2,-59.0,0.0,9.0,NQ09B SELL NY STOP,2023-08-17 09:30:00,2023-08,2023,442.0,BUY,SELL,501.0,505.5,9.0,NQ09B BUY NY N130 TP2,-59.0,0.0,9.0,59.0,4.5,4.5,0.0,True,542
1422,2023-08-20 18:00,WEEKLY,2,-59.0,0.0,9.0,NQ09B BUY WEEKLY STOP,311.0,315.5,9.0,NQ09B SELL WEEKLY W80,2023-08-20 18:00:00,2023-08,2023,252.0,SELL,BUY,311.0,315.5,9.0,NQ09B SELL WEEKLY W80,-59.0,0.0,9.0,59.0,4.5,4.5,0.0,True,543
1426,2023-08-23 18:00,WEEKDAY_PREMIUM,2,-59.0,0.0,9.0,NQ09B BUY WEEKDAY 1800 STOP,311.0,315.5,9.0,NQ09B SELL WEEKDAY 1800 D80,2023-08-23 18:00:00,2023-08,2023,252.0,SELL,BUY,311.0,315.5,9.0,NQ09B SELL WEEKDAY 1800 D80,-59.0,0.0,9.0,59.0,4.5,4.5,0.0,True,544
1431,2023-08-28 09:30,NY,2,501.0,505.5,9.0,NQ09B BUY NY N130 TP2,-59.0,0.0,9.0,NQ09B SELL NY STOP,2023-08-28 09:30:00,2023-08,2023,442.0,BUY,SELL,501.0,505.5,9.0,NQ09B BUY NY N130 TP2,-59.0,0.0,9.0,59.0,4.5,4.5,0.0,True,545
1432,2023-08-29 09:30,NY,2,-59.0,0.0,9.0,NQ09B BUY NY STOP,501.0,505.5,9.0,NQ09B SELL NY N130 TP2,2023-08-29 09:30:00,2023-08,2023,442.0,SELL,BUY,501.0,505.5,9.0,NQ09B SELL NY N130 TP2,-59.0,0.0,9.0,59.0,4.5,4.5,0.0,True,546
1435,2023-09-01 09:30,NY,2,501.0,505.5,9.0,NQ09B BUY NY N130 TP2,-59.0,0.0,9.0,NQ09B SELL NY STOP,2023-09-01 09:30:00,2023-09,2023,442.0,BUY,SELL,501.0,505.5,9.0,NQ09B BUY NY N130 TP2,-59.0,0.0,9.0,59.0,4.5,4.5,0.0,True,547
1438,2023-09-05 09:30,NY,2,501.0,505.5,9.0,NQ09B BUY NY N130 TP2,-59.0,0.0,9.0,NQ09B SELL NY STOP,2023-09-05 09:30:00,2023-09,2023,442.0,BUY,SELL,501.0,505.5,9.0,NQ09B BUY NY N130 TP2,-59.0,0.0,9.0,59.0,4.5,4.5,0.0,True,548
1444,2023-09-12 09:30,NY,2,-59.0,0.0,9.0,NQ09B BUY NY STOP,501.0,505.5,9.0,NQ09B SELL NY N130 TP2,2023-09-12 09:30:00,2023-09,2023,442.0,SELL,BUY,501.0,505.5,9.0,NQ09B SELL NY N130 TP2,-59.0,0.0,9.0,59.0,4.5,4.5,0.0,True,549
1446,2023-09-14 09:30,NY,2,501.0,505.5,9.0,NQ09B BUY NY N130 TP2,-59.0,0.0,9.0,NQ09B SELL NY STOP,2023-09-14 09:30:00,2023-09,2023,442.0,BUY,SELL,501.0,505.5,9.0,NQ09B BUY NY N130 TP2,-59.0,0.0,9.0,59.0,4.5,4.5,0.0,True,550
1448,2023-09-15 09:30,NY,2,501.0,505.5,9.0,NQ09B BUY NY N130 TP2,-59.0,0.0,9.0,NQ09B SELL NY STOP,2023-09-15 09:30:00,2023-09,2023,442.0,BUY,SELL,501.0,505.5,9.0,NQ09B BUY NY N130 TP2,-59.0,0.0,9.0,59.0,4.5,4.5,0.0,True,551
1452,2023-09-20 09:30,NY,2,-59.0,0.0,9.0,NQ09B BUY NY STOP,501.0,505.5,9.0,NQ09B SELL NY N130 TP2,2023-09-20 09:30:00,2023-09,2023,442.0,SELL,BUY,501.0,505.5,9.0,NQ09B SELL NY N130 TP2,-59.0,0.0,9.0,59.0,4.5,4.5,0.0,True,552
1453,2023-09-20 18:00,WEEKDAY_PREMIUM,2,311.0,315.5,9.0,NQ09B BUY WEEKDAY 1800 D80,-59.0,0.0,9.0,NQ09B SELL WEEKDAY 1800 STOP,2023-09-20 18:00:00,2023-09,2023,252.0,BUY,SELL,311.0,315.5,9.0,NQ09B BUY WEEKDAY 1800 D80,-59.0,0.0,9.0,59.0,4.5,4.5,0.0,True,553
1454,2023-09-21 09:30,NY,2,-59.0,0.0,9.0,NQ09B BUY NY STOP,501.0,505.5,9.0,NQ09B SELL NY N130 TP2,2023-09-21 09:30:00,2023-09,2023,442.0,SELL,BUY,501.0,505.5,9.0,NQ09B SELL NY N130 TP2,-59.0,0.0,9.0,59.0,4.5,4.5,0.0,True,554
1456,2023-09-24 18:00,WEEKLY,2,311.0,315.5,9.0,NQ09B BUY WEEKLY W80,-59.0,0.0,9.0,NQ09B SELL WEEKLY STOP,2023-09-24 18:00:00,2023-09,2023,252.0,BUY,SELL,311.0,315.5,9.0,NQ09B BUY WEEKLY W80,-59.0,0.0,9.0,59.0,4.5,4.5,0.0,True,555
1458,2023-09-26 09:30,NY,2,501.0,505.5,9.0,NQ09B BUY NY N130 TP2,-59.0,0.0,9.0,NQ09B SELL NY STOP,2023-09-26 09:30:00,2023-09,2023,442.0,BUY,SELL,501.0,505.5,9.0,NQ09B BUY NY N130 TP2,-59.0,0.0,9.0,59.0,4.5,4.5,0.0,True,556
1461,2023-09-28 09:30,NY,2,501.0,505.5,9.0,NQ09B BUY NY N130 TP2,-59.0,0.0,9.0,NQ09B SELL NY STOP,2023-09-28 09:30:00,2023-09,2023,442.0,BUY,SELL,501.0,505.5,9.0,NQ09B BUY NY N130 TP2,-59.0,0.0,9.0,59.0,4.5,4.5,0.0,True,557
1463,2023-09-29 09:30,NY,2,501.0,505.5,9.0,NQ09B BUY NY N130 TP2,-59.0,0.0,9.0,NQ09B SELL NY STOP,2023-09-29 09:30:00,2023-09,2023,442.0,BUY,SELL,501.0,505.5,9.0,NQ09B BUY NY N130 TP2,-59.0,0.0,9.0,59.0,4.5,4.5,0.0,True,558
1464,2023-10-01 18:00,WEEKLY,2,-59.0,0.0,9.0,NQ09B BUY WEEKLY STOP,311.0,315.5,9.0,NQ09B SELL WEEKLY W80,2023-10-01 18:00:00,2023-10,2023,252.0,SELL,BUY,311.0,315.5,9.0,NQ09B SELL WEEKLY W80,-59.0,0.0,9.0,59.0,4.5,4.5,0.0,True,559
1465,2023-10-02 09:30,NY,2,-59.0,0.0,9.0,NQ09B BUY NY STOP,501.0,505.5,9.0,NQ09B SELL NY N130 TP2,2023-10-02 09:30:00,2023-10,2023,442.0,SELL,BUY,501.0,505.5,9.0,NQ09B SELL NY N130 TP2,-59.0,0.0,9.0,59.0,4.5,4.5,0.0,True,560
1471,2023-10-08 18:00,WEEKLY,2,-59.0,0.0,9.0,NQ09B BUY WEEKLY STOP,311.0,315.5,9.0,NQ09B SELL WEEKLY W80,2023-10-08 18:00:00,2023-10,2023,252.0,SELL,BUY,311.0,315.5,9.0,NQ09B SELL WEEKLY W80,-59.0,0.0,9.0,59.0,4.5,4.5,0.0,True,561
1476,2023-10-13 09:30,NY,2,-59.0,0.0,9.0,NQ09B BUY NY STOP,501.0,505.5,9.0,NQ09B SELL NY N130 TP2,2023-10-13 09:30:00,2023-10,2023,442.0,SELL,BUY,501.0,505.5,9.0,NQ09B SELL NY N130 TP2,-59.0,0.0,9.0,59.0,4.5,4.5,0.0,True,562
1477,2023-10-15 18:00,WEEKLY,2,311.0,315.5,9.0,NQ09B BUY WEEKLY W80,-59.0,0.0,9.0,NQ09B SELL WEEKLY STOP,2023-10-15 18:00:00,2023-10,2023,252.0,BUY,SELL,311.0,315.5,9.0,NQ09B BUY WEEKLY W80,-59.0,0.0,9.0,59.0,4.5,4.5,0.0,True,563
1481,2023-10-19 09:30,NY,2,-59.0,0.0,9.0,NQ09B BUY NY STOP,501.0,505.5,9.0,NQ09B SELL NY N130 TP2,2023-10-19 09:30:00,2023-10,2023,442.0,SELL,BUY,501.0,505.5,9.0,NQ09B SELL NY N130 TP2,-59.0,0.0,9.0,59.0,4.5,4.5,0.0,True,564
1483,2023-10-22 18:00,WEEKLY,2,311.0,315.5,9.0,NQ09B BUY WEEKLY W80,-59.0,0.0,9.0,NQ09B SELL WEEKLY STOP,2023-10-22 18:00:00,2023-10,2023,252.0,BUY,SELL,311.0,315.5,9.0,NQ09B BUY WEEKLY W80,-59.0,0.0,9.0,59.0,4.5,4.5,0.0,True,565
1484,2023-10-23 09:30,NY,2,501.0,505.5,9.0,NQ09B BUY NY N130 TP2,-59.0,0.0,9.0,NQ09B SELL NY STOP,2023-10-23 09:30:00,2023-10,2023,442.0,BUY,SELL,501.0,505.5,9.0,NQ09B BUY NY N130 TP2,-59.0,0.0,9.0,59.0,4.5,4.5,0.0,True,566
1485,2023-10-24 09:30,NY,2,-59.0,0.0,9.0,NQ09B BUY NY STOP,501.0,505.5,9.0,NQ09B SELL NY N130 TP2,2023-10-24 09:30:00,2023-10,2023,442.0,SELL,BUY,501.0,505.5,9.0,NQ09B SELL NY N130 TP2,-59.0,0.0,9.0,59.0,4.5,4.5,0.0,True,567
1486,2023-10-24 18:00,WEEKDAY_PREMIUM,2,311.0,315.5,9.0,NQ09B BUY WEEKDAY 1800 D80,-59.0,0.0,9.0,NQ09B SELL WEEKDAY 1800 STOP,2023-10-24 18:00:00,2023-10,2023,252.0,BUY,SELL,311.0,315.5,9.0,NQ09B BUY WEEKDAY 1800 D80,-59.0,0.0,9.0,59.0,4.5,4.5,0.0,True,568
1489,2023-10-26 09:30,NY,2,-59.0,0.0,9.0,NQ09B BUY NY STOP,501.0,505.5,9.0,NQ09B SELL NY N130 TP2,2023-10-26 09:30:00,2023-10,2023,442.0,SELL,BUY,501.0,505.5,9.0,NQ09B SELL NY N130 TP2,-59.0,0.0,9.0,59.0,4.5,4.5,0.0,True,569
1491,2023-10-27 09:30,NY,2,501.0,505.5,9.0,NQ09B BUY NY N130 TP2,-59.0,0.0,9.0,NQ09B SELL NY STOP,2023-10-27 09:30:00,2023-10,2023,442.0,BUY,SELL,501.0,505.5,9.0,NQ09B BUY NY N130 TP2,-59.0,0.0,9.0,59.0,4.5,4.5,0.0,True,570
1493,2023-10-30 09:30,NY,2,-59.0,0.0,9.0,NQ09B BUY NY STOP,501.0,505.5,9.0,NQ09B SELL NY N130 TP2,2023-10-30 09:30:00,2023-10,2023,442.0,SELL,BUY,501.0,505.5,9.0,NQ09B SELL NY N130 TP2,-59.0,0.0,9.0,59.0,4.5,4.5,0.0,True,571
1497,2023-11-02 09:30,NY,2,501.0,505.5,9.0,NQ09B BUY NY N130 TP2,-59.0,0.0,9.0,NQ09B SELL NY STOP,2023-11-02 09:30:00,2023-11,2023,442.0,BUY,SELL,501.0,505.5,9.0,NQ09B BUY NY N130 TP2,-59.0,0.0,9.0,59.0,4.5,4.5,0.0,True,572
1503,2023-11-08 09:30,NY,2,-59.0,0.0,9.0,NQ09B BUY NY STOP,501.0,505.5,9.0,NQ09B SELL NY N130 TP2,2023-11-08 09:30:00,2023-11,2023,442.0,SELL,BUY,501.0,505.5,9.0,NQ09B SELL NY N130 TP2,-59.0,0.0,9.0,59.0,4.5,4.5,0.0,True,573
1504,2023-11-09 09:30,NY,2,501.0,505.5,9.0,NQ09B BUY NY N130 TP2,-59.0,0.0,9.0,NQ09B SELL NY STOP,2023-11-09 09:30:00,2023-11,2023,442.0,BUY,SELL,501.0,505.5,9.0,NQ09B BUY NY N130 TP2,-59.0,0.0,9.0,59.0,4.5,4.5,0.0,True,574
1506,2023-11-12 18:00,WEEKLY,2,-59.0,0.0,9.0,NQ09B BUY WEEKLY STOP,311.0,315.5,9.0,NQ09B SELL WEEKLY W80,2023-11-12 18:00:00,2023-11,2023,252.0,SELL,BUY,311.0,315.5,9.0,NQ09B SELL WEEKLY W80,-59.0,0.0,9.0,59.0,4.5,4.5,0.0,True,575
1508,2023-11-14 09:30,NY,2,-59.0,0.0,9.0,NQ09B BUY NY STOP,501.0,505.5,9.0,NQ09B SELL NY N130 TP2,2023-11-14 09:30:00,2023-11,2023,442.0,SELL,BUY,501.0,505.5,9.0,NQ09B SELL NY N130 TP2,-59.0,0.0,9.0,59.0,4.5,4.5,0.0,True,576
1512,2023-11-19 18:00,WEEKLY,2,311.0,315.5,9.0,NQ09B BUY WEEKLY W80,-59.0,0.0,9.0,NQ09B SELL WEEKLY STOP,2023-11-19 18:00:00,2023-11,2023,252.0,BUY,SELL,311.0,315.5,9.0,NQ09B BUY WEEKLY W80,-59.0,0.0,9.0,59.0,4.5,4.5,0.0,True,577
1513,2023-11-20 09:30,NY,2,501.0,505.5,9.0,NQ09B BUY NY N130 TP2,-59.0,0.0,9.0,NQ09B SELL NY STOP,2023-11-20 09:30:00,2023-11,2023,442.0,BUY,SELL,501.0,505.5,9.0,NQ09B BUY NY N130 TP2,-59.0,0.0,9.0,59.0,4.5,4.5,0.0,True,578
1516,2023-11-22 09:30,NY,2,501.0,505.5,9.0,NQ09B BUY NY N130 TP2,-59.0,5.5,9.0,NQ09B SELL NY STOP,2023-11-22 09:30:00,2023-11,2023,442.0,BUY,SELL,501.0,505.5,9.0,NQ09B BUY NY N130 TP2,-59.0,5.5,9.0,64.5,4.5,4.5,0.0,True,579
1518,2023-11-24 09:30,NY,2,501.0,505.5,9.0,NQ09B BUY NY N130 TP2,-59.0,0.0,9.0,NQ09B SELL NY STOP,2023-11-24 09:30:00,2023-11,2023,442.0,BUY,SELL,501.0,505.5,9.0,NQ09B BUY NY N130 TP2,-59.0,0.0,9.0,59.0,4.5,4.5,0.0,True,580
1520,2023-11-27 09:30,NY,2,-59.0,0.0,9.0,NQ09B BUY NY STOP,501.0,505.5,9.0,NQ09B SELL NY N130 TP2,2023-11-27 09:30:00,2023-11,2023,442.0,SELL,BUY,501.0,505.5,9.0,NQ09B SELL NY N130 TP2,-59.0,0.0,9.0,59.0,4.5,4.5,0.0,True,581
1524,2023-11-30 09:30,NY,2,501.0,505.5,9.0,NQ09B BUY NY N130 TP2,-59.0,0.0,9.0,NQ09B SELL NY STOP,2023-11-30 09:30:00,2023-11,2023,442.0,BUY,SELL,501.0,505.5,9.0,NQ09B BUY NY N130 TP2,-59.0,0.0,9.0,59.0,4.5,4.5,0.0,True,582
1528,2023-12-04 09:30,NY,2,501.0,505.5,9.0,NQ09B BUY NY N130 TP2,-59.0,0.0,9.0,NQ09B SELL NY STOP,2023-12-04 09:30:00,2023-12,2023,442.0,BUY,SELL,501.0,505.5,9.0,NQ09B BUY NY N130 TP2,-59.0,0.0,9.0,59.0,4.5,4.5,0.0,True,583
1532,2023-12-07 09:30,NY,2,-59.0,0.0,9.0,NQ09B BUY NY STOP,501.0,505.5,9.0,NQ09B SELL NY N130 TP2,2023-12-07 09:30:00,2023-12,2023,442.0,SELL,BUY,501.0,505.5,9.0,NQ09B SELL NY N130 TP2,-59.0,0.0,9.0,59.0,4.5,4.5,0.0,True,584
1540,2023-12-17 18:00,WEEKLY,2,311.0,315.5,9.0,NQ09B BUY WEEKLY W80,-59.0,0.0,9.0,NQ09B SELL WEEKLY STOP,2023-12-17 18:00:00,2023-12,2023,252.0,BUY,SELL,311.0,315.5,9.0,NQ09B BUY WEEKLY W80,-59.0,0.0,9.0,59.0,4.5,4.5,0.0,True,585
1541,2023-12-18 09:30,NY,2,-59.0,0.0,9.0,NQ09B BUY NY STOP,501.0,505.5,9.0,NQ09B SELL NY N130 TP2,2023-12-18 09:30:00,2023-12,2023,442.0,SELL,BUY,501.0,505.5,9.0,NQ09B SELL NY N130 TP2,-59.0,0.0,9.0,59.0,4.5,4.5,0.0,True,586
1544,2023-12-20 18:00,WEEKDAY_PREMIUM,2,311.0,315.5,9.0,NQ09B BUY WEEKDAY 1800 D80,-59.0,0.0,9.0,NQ09B SELL WEEKDAY 1800 STOP,2023-12-20 18:00:00,2023-12,2023,252.0,BUY,SELL,311.0,315.5,9.0,NQ09B BUY WEEKDAY 1800 D80,-59.0,0.0,9.0,59.0,4.5,4.5,0.0,True,587
1548,2023-12-27 09:30,NY,2,511.0,515.5,9.0,NQ09B BUY NY N130 TP2,-59.0,0.0,9.0,NQ09B SELL NY STOP,2023-12-27 09:30:00,2023-12,2023,452.0,BUY,SELL,511.0,515.5,9.0,NQ09B BUY NY N130 TP2,-59.0,0.0,9.0,59.0,4.5,4.5,0.0,True,588
1552,2024-01-03 09:30,NY,2,501.0,505.5,9.0,NQ09B BUY NY N130 TP2,-59.0,0.0,9.0,NQ09B SELL NY STOP,2024-01-03 09:30:00,2024-01,2024,442.0,BUY,SELL,501.0,505.5,9.0,NQ09B BUY NY N130 TP2,-59.0,0.0,9.0,59.0,4.5,4.5,0.0,True,589
1555,2024-01-07 18:00,WEEKLY,2,-59.0,0.0,9.0,NQ09B BUY WEEKLY STOP,311.0,315.5,9.0,NQ09B SELL WEEKLY W80,2024-01-07 18:00:00,2024-01,2024,252.0,SELL,BUY,311.0,315.5,9.0,NQ09B SELL WEEKLY W80,-59.0,0.0,9.0,59.0,4.5,4.5,0.0,True,590
1558,2024-01-10 09:30,NY,2,501.0,505.5,9.0,NQ09B BUY NY N130 TP2,-59.0,5.5,9.0,NQ09B SELL NY STOP,2024-01-10 09:30:00,2024-01,2024,442.0,BUY,SELL,501.0,505.5,9.0,NQ09B BUY NY N130 TP2,-59.0,5.5,9.0,64.5,4.5,4.5,0.0,True,591
1564,2024-01-17 09:30,NY,2,501.0,505.5,9.0,NQ09B BUY NY N130 TP2,-59.0,0.0,9.0,NQ09B SELL NY STOP,2024-01-17 09:30:00,2024-01,2024,442.0,BUY,SELL,501.0,505.5,9.0,NQ09B BUY NY N130 TP2,-59.0,0.0,9.0,59.0,4.5,4.5,0.0,True,592
1567,2024-01-21 18:00,WEEKLY,2,311.0,315.5,9.0,NQ09B BUY WEEKLY W80,-59.0,0.0,9.0,NQ09B SELL WEEKLY STOP,2024-01-21 18:00:00,2024-01,2024,252.0,BUY,SELL,311.0,315.5,9.0,NQ09B BUY WEEKLY W80,-59.0,0.0,9.0,59.0,4.5,4.5,0.0,True,593
1569,2024-01-23 09:30,NY,2,-59.0,5.5,9.0,NQ09B BUY NY STOP,511.0,515.5,9.0,NQ09B SELL NY N130 TP2,2024-01-23 09:30:00,2024-01,2024,452.0,SELL,BUY,511.0,515.5,9.0,NQ09B SELL NY N130 TP2,-59.0,5.5,9.0,64.5,4.5,4.5,0.0,True,594
1574,2024-01-25 18:00,WEEKDAY_PREMIUM,2,-59.0,0.0,9.0,NQ09B BUY WEEKDAY 1800 STOP,311.0,315.5,9.0,NQ09B SELL WEEKDAY 1800 D80,2024-01-25 18:00:00,2024-01,2024,252.0,SELL,BUY,311.0,315.5,9.0,NQ09B SELL WEEKDAY 1800 D80,-59.0,0.0,9.0,59.0,4.5,4.5,0.0,True,595
1575,2024-01-26 09:30,NY,2,511.0,515.5,9.0,NQ09B BUY NY N130 TP2,-59.0,0.0,9.0,NQ09B SELL NY STOP,2024-01-26 09:30:00,2024-01,2024,452.0,BUY,SELL,511.0,515.5,9.0,NQ09B BUY NY N130 TP2,-59.0,0.0,9.0,59.0,4.5,4.5,0.0,True,596
1576,2024-01-28 18:00,WEEKLY,2,-59.0,0.0,9.0,NQ09B BUY WEEKLY STOP,311.0,315.5,9.0,NQ09B SELL WEEKLY W80,2024-01-28 18:00:00,2024-01,2024,252.0,SELL,BUY,311.0,315.5,9.0,NQ09B SELL WEEKLY W80,-59.0,0.0,9.0,59.0,4.5,4.5,0.0,True,597
1580,2024-01-31 09:30,NY,2,511.0,515.5,9.0,NQ09B BUY NY N130 TP2,-59.0,0.0,9.0,NQ09B SELL NY STOP,2024-01-31 09:30:00,2024-01,2024,452.0,BUY,SELL,511.0,515.5,9.0,NQ09B BUY NY N130 TP2,-59.0,0.0,9.0,59.0,4.5,4.5,0.0,True,598
1583,2024-02-01 18:00,WEEKDAY_PREMIUM,2,-59.0,0.0,9.0,NQ09B BUY WEEKDAY 1800 STOP,321.0,325.5,9.0,NQ09B SELL WEEKDAY 1800 D80,2024-02-01 18:00:00,2024-02,2024,262.0,SELL,BUY,321.0,325.5,9.0,NQ09B SELL WEEKDAY 1800 D80,-59.0,0.0,9.0,59.0,4.5,4.5,0.0,True,599
1584,2024-02-02 09:30,NY,2,511.0,515.5,9.0,NQ09B BUY NY N130 TP2,-59.0,0.0,9.0,NQ09B SELL NY STOP,2024-02-02 09:30:00,2024-02,2024,452.0,BUY,SELL,511.0,515.5,9.0,NQ09B BUY NY N130 TP2,-59.0,0.0,9.0,59.0,4.5,4.5,0.0,True,600
1586,2024-02-05 09:30,NY,2,531.0,535.5,9.0,NQ09B BUY NY N130 TP2,-59.0,0.0,9.0,NQ09B SELL NY STOP,2024-02-05 09:30:00,2024-02,2024,472.0,BUY,SELL,531.0,535.5,9.0,NQ09B BUY NY N130 TP2,-59.0,0.0,9.0,59.0,4.5,4.5,0.0,True,601
1587,2024-02-06 09:30,NY,2,-59.0,0.0,9.0,NQ09B BUY NY STOP,531.0,535.5,9.0,NQ09B SELL NY N130 TP2,2024-02-06 09:30:00,2024-02,2024,472.0,SELL,BUY,531.0,535.5,9.0,NQ09B SELL NY N130 TP2,-59.0,0.0,9.0,59.0,4.5,4.5,0.0,True,602
1592,2024-02-12 09:30,NY,2,531.0,535.5,9.0,NQ09B BUY NY N130 TP2,-59.0,0.0,9.0,NQ09B SELL NY STOP,2024-02-12 09:30:00,2024-02,2024,472.0,BUY,SELL,531.0,535.5,9.0,NQ09B BUY NY N130 TP2,-59.0,0.0,9.0,59.0,4.5,4.5,0.0,True,603
1595,2024-02-15 09:30,NY,2,531.0,535.5,9.0,NQ09B BUY NY N130 TP2,-59.0,0.0,9.0,NQ09B SELL NY STOP,2024-02-15 09:30:00,2024-02,2024,472.0,BUY,SELL,531.0,535.5,9.0,NQ09B BUY NY N130 TP2,-59.0,0.0,9.0,59.0,4.5,4.5,0.0,True,604
1602,2024-02-21 09:30,NY,2,511.0,515.5,9.0,NQ09B BUY NY N130 TP2,-59.0,0.0,9.0,NQ09B SELL NY STOP,2024-02-21 09:30:00,2024-02,2024,452.0,BUY,SELL,511.0,515.5,9.0,NQ09B BUY NY N130 TP2,-59.0,0.0,9.0,59.0,4.5,4.5,0.0,True,605
1604,2024-02-22 09:30,NY,2,531.0,535.5,9.0,NQ09B BUY NY N130 TP2,-59.0,0.0,9.0,NQ09B SELL NY STOP,2024-02-22 09:30:00,2024-02,2024,472.0,BUY,SELL,531.0,535.5,9.0,NQ09B BUY NY N130 TP2,-59.0,0.0,9.0,59.0,4.5,4.5,0.0,True,606
1610,2024-02-28 09:30,NY,2,531.0,535.5,9.0,NQ09B BUY NY N130 TP2,-59.0,0.0,9.0,NQ09B SELL NY STOP,2024-02-28 09:30:00,2024-02,2024,472.0,BUY,SELL,531.0,535.5,9.0,NQ09B BUY NY N130 TP2,-59.0,0.0,9.0,59.0,4.5,4.5,0.0,True,607
1620,2024-03-07 18:00,WEEKDAY_PREMIUM,2,321.0,325.5,9.0,NQ09B BUY WEEKDAY 1800 D80,-59.0,0.0,9.0,NQ09B SELL WEEKDAY 1800 STOP,2024-03-07 18:00:00,2024-03,2024,262.0,BUY,SELL,321.0,325.5,9.0,NQ09B BUY WEEKDAY 1800 D80,-59.0,0.0,9.0,59.0,4.5,4.5,0.0,True,608
1621,2024-03-08 09:30,NY,2,-59.0,0.0,9.0,NQ09B BUY NY STOP,541.0,545.5,9.0,NQ09B SELL NY N130 TP2,2024-03-08 09:30:00,2024-03,2024,482.0,SELL,BUY,541.0,545.5,9.0,NQ09B SELL NY N130 TP2,-59.0,0.0,9.0,59.0,4.5,4.5,0.0,True,609
1622,2024-03-10 18:00,WEEKLY,2,321.0,325.5,9.0,NQ09B BUY WEEKLY W80,-59.0,0.0,9.0,NQ09B SELL WEEKLY STOP,2024-03-10 18:00:00,2024-03,2024,262.0,BUY,SELL,321.0,325.5,9.0,NQ09B BUY WEEKLY W80,-59.0,0.0,9.0,59.0,4.5,4.5,0.0,True,610
1625,2024-03-12 09:30,NY,2,541.0,545.5,9.0,NQ09B BUY NY N130 TP2,-59.0,0.0,9.0,NQ09B SELL NY STOP,2024-03-12 09:30:00,2024-03,2024,482.0,BUY,SELL,541.0,545.5,9.0,NQ09B BUY NY N130 TP2,-59.0,0.0,9.0,59.0,4.5,4.5,0.0,True,611
1629,2024-03-15 09:30,NY,2,531.0,535.5,9.0,NQ09B BUY NY N130 TP2,-59.0,0.0,9.0,NQ09B SELL NY STOP,2024-03-15 09:30:00,2024-03,2024,472.0,BUY,SELL,531.0,535.5,9.0,NQ09B BUY NY N130 TP2,-59.0,0.0,9.0,59.0,4.5,4.5,0.0,True,612
1630,2024-03-17 18:00,WEEKLY,2,321.0,325.5,9.0,NQ09B BUY WEEKLY W80,-59.0,0.0,9.0,NQ09B SELL WEEKLY STOP,2024-03-17 18:00:00,2024-03,2024,262.0,BUY,SELL,321.0,325.5,9.0,NQ09B BUY WEEKLY W80,-59.0,0.0,9.0,59.0,4.5,4.5,0.0,True,613
1635,2024-03-20 09:30,NY,2,-59.0,0.0,9.0,NQ09B BUY NY STOP,541.0,545.5,9.0,NQ09B SELL NY N130 TP2,2024-03-20 09:30:00,2024-03,2024,482.0,SELL,BUY,541.0,545.5,9.0,NQ09B SELL NY N130 TP2,-59.0,0.0,9.0,59.0,4.5,4.5,0.0,True,614
1639,2024-03-25 09:30,NY,2,-59.0,0.0,9.0,NQ09B BUY NY STOP,541.0,545.5,9.0,NQ09B SELL NY N130 TP2,2024-03-25 09:30:00,2024-03,2024,482.0,SELL,BUY,541.0,545.5,9.0,NQ09B SELL NY N130 TP2,-59.0,0.0,9.0,59.0,4.5,4.5,0.0,True,615
1641,2024-03-26 09:30,NY,2,-59.0,0.0,9.0,NQ09B BUY NY STOP,541.0,545.5,9.0,NQ09B SELL NY N130 TP2,2024-03-26 09:30:00,2024-03,2024,482.0,SELL,BUY,541.0,545.5,9.0,NQ09B SELL NY N130 TP2,-59.0,0.0,9.0,59.0,4.5,4.5,0.0,True,616
1645,2024-04-01 09:30,NY,2,-59.0,0.0,9.0,NQ09B BUY NY STOP,541.0,545.5,9.0,NQ09B SELL NY N130 TP2,2024-04-01 09:30:00,2024-04,2024,482.0,SELL,BUY,541.0,545.5,9.0,NQ09B SELL NY N130 TP2,-59.0,0.0,9.0,59.0,4.5,4.5,0.0,True,617
1650,2024-04-05 09:30,NY,2,-59.0,0.0,9.0,NQ09B BUY NY STOP,531.0,535.5,9.0,NQ09B SELL NY N130 TP2,2024-04-05 09:30:00,2024-04,2024,472.0,SELL,BUY,531.0,535.5,9.0,NQ09B SELL NY N130 TP2,-59.0,0.0,9.0,59.0,4.5,4.5,0.0,True,618
1651,2024-04-07 18:00,WEEKLY,2,-59.0,0.0,9.0,NQ09B BUY WEEKLY STOP,331.0,335.5,9.0,NQ09B SELL WEEKLY W80,2024-04-07 18:00:00,2024-04,2024,272.0,SELL,BUY,331.0,335.5,9.0,NQ09B SELL WEEKLY W80,-59.0,0.0,9.0,59.0,4.5,4.5,0.0,True,619
1654,2024-04-10 09:30,NY,2,-59.0,0.0,9.0,NQ09B BUY NY STOP,531.0,535.5,9.0,NQ09B SELL NY N130 TP2,2024-04-10 09:30:00,2024-04,2024,472.0,SELL,BUY,531.0,535.5,9.0,NQ09B SELL NY N130 TP2,-59.0,0.0,9.0,59.0,4.5,4.5,0.0,True,620
1657,2024-04-12 09:30,NY,2,-59.0,0.0,9.0,NQ09B BUY NY STOP,541.0,545.5,9.0,NQ09B SELL NY N130 TP2,2024-04-12 09:30:00,2024-04,2024,482.0,SELL,BUY,541.0,545.5,9.0,NQ09B SELL NY N130 TP2,-59.0,0.0,9.0,59.0,4.5,4.5,0.0,True,621
1661,2024-04-16 09:30,NY,2,531.0,535.5,9.0,NQ09B BUY NY N130 TP2,-59.0,0.0,9.0,NQ09B SELL NY STOP,2024-04-16 09:30:00,2024-04,2024,472.0,BUY,SELL,531.0,535.5,9.0,NQ09B BUY NY N130 TP2,-59.0,0.0,9.0,59.0,4.5,4.5,0.0,True,622
1666,2024-04-21 18:00,WEEKLY,2,311.0,315.5,9.0,NQ09B BUY WEEKLY W80,-59.0,0.0,9.0,NQ09B SELL WEEKLY STOP,2024-04-21 18:00:00,2024-04,2024,252.0,BUY,SELL,311.0,315.5,9.0,NQ09B BUY WEEKLY W80,-59.0,0.0,9.0,59.0,4.5,4.5,0.0,True,623
1667,2024-04-22 09:30,NY,2,511.0,515.5,9.0,NQ09B BUY NY N130 TP2,-59.0,0.0,9.0,NQ09B SELL NY STOP,2024-04-22 09:30:00,2024-04,2024,452.0,BUY,SELL,511.0,515.5,9.0,NQ09B BUY NY N130 TP2,-59.0,0.0,9.0,59.0,4.5,4.5,0.0,True,624
1668,2024-04-23 09:30,NY,2,-59.0,0.0,9.0,NQ09B BUY NY STOP,511.0,515.5,9.0,NQ09B SELL NY N130 TP2,2024-04-23 09:30:00,2024-04,2024,452.0,SELL,BUY,511.0,515.5,9.0,NQ09B SELL NY N130 TP2,-59.0,0.0,9.0,59.0,4.5,4.5,0.0,True,625
1669,2024-04-24 09:30,NY,2,-59.0,0.0,9.0,NQ09B BUY NY STOP,531.0,535.5,9.0,NQ09B SELL NY N130 TP2,2024-04-24 09:30:00,2024-04,2024,472.0,SELL,BUY,531.0,535.5,9.0,NQ09B SELL NY N130 TP2,-59.0,0.0,9.0,59.0,4.5,4.5,0.0,True,626
1670,2024-04-24 18:00,WEEKDAY_PREMIUM,2,-59.0,0.0,9.0,NQ09B BUY WEEKDAY 1800 STOP,311.0,315.5,9.0,NQ09B SELL WEEKDAY 1800 D80,2024-04-24 18:00:00,2024-04,2024,252.0,SELL,BUY,311.0,315.5,9.0,NQ09B SELL WEEKDAY 1800 D80,-59.0,0.0,9.0,59.0,4.5,4.5,0.0,True,627
1672,2024-04-25 18:00,WEEKDAY_PREMIUM,2,321.0,325.5,9.0,NQ09B BUY WEEKDAY 1800 D80,-59.0,0.0,9.0,NQ09B SELL WEEKDAY 1800 STOP,2024-04-25 18:00:00,2024-04,2024,262.0,BUY,SELL,321.0,325.5,9.0,NQ09B BUY WEEKDAY 1800 D80,-59.0,0.0,9.0,59.0,4.5,4.5,0.0,True,628
1673,2024-04-26 09:30,NY,2,-59.0,0.0,9.0,NQ09B BUY NY STOP,531.0,535.5,9.0,NQ09B SELL NY N130 TP2,2024-04-26 09:30:00,2024-04,2024,472.0,SELL,BUY,531.0,535.5,9.0,NQ09B SELL NY N130 TP2,-59.0,0.0,9.0,59.0,4.5,4.5,0.0,True,629
1674,2024-04-28 18:00,WEEKLY,2,-59.0,0.0,9.0,NQ09B BUY WEEKLY STOP,321.0,325.5,9.0,NQ09B SELL WEEKLY W80,2024-04-28 18:00:00,2024-04,2024,262.0,SELL,BUY,321.0,325.5,9.0,NQ09B SELL WEEKLY W80,-59.0,0.0,9.0,59.0,4.5,4.5,0.0,True,630
1677,2024-04-30 18:00,WEEKDAY_PREMIUM,2,-59.0,0.0,9.0,NQ09B BUY WEEKDAY 1800 STOP,311.0,315.5,9.0,NQ09B SELL WEEKDAY 1800 D80,2024-04-30 18:00:00,2024-04,2024,252.0,SELL,BUY,311.0,315.5,9.0,NQ09B SELL WEEKDAY 1800 D80,-59.0,0.0,9.0,59.0,4.5,4.5,0.0,True,631
1678,2024-05-01 09:30,NY,2,511.0,515.5,9.0,NQ09B BUY NY N130 TP2,-59.0,0.0,9.0,NQ09B SELL NY STOP,2024-05-01 09:30:00,2024-05,2024,452.0,BUY,SELL,511.0,515.5,9.0,NQ09B BUY NY N130 TP2,-59.0,0.0,9.0,59.0,4.5,4.5,0.0,True,632
1679,2024-05-01 18:00,WEEKDAY_PREMIUM,2,311.0,315.5,9.0,NQ09B BUY WEEKDAY 1800 D80,-59.0,0.0,9.0,NQ09B SELL WEEKDAY 1800 STOP,2024-05-01 18:00:00,2024-05,2024,252.0,BUY,SELL,311.0,315.5,9.0,NQ09B BUY WEEKDAY 1800 D80,-59.0,0.0,9.0,59.0,4.5,4.5,0.0,True,633
1680,2024-05-02 09:30,NY,2,511.0,515.5,9.0,NQ09B BUY NY N130 TP2,-59.0,0.0,9.0,NQ09B SELL NY STOP,2024-05-02 09:30:00,2024-05,2024,452.0,BUY,SELL,511.0,515.5,9.0,NQ09B BUY NY N130 TP2,-59.0,0.0,9.0,59.0,4.5,4.5,0.0,True,634
1683,2024-05-05 18:00,WEEKLY,2,321.0,325.5,9.0,NQ09B BUY WEEKLY W80,-59.0,0.0,9.0,NQ09B SELL WEEKLY STOP,2024-05-05 18:00:00,2024-05,2024,262.0,BUY,SELL,321.0,325.5,9.0,NQ09B BUY WEEKLY W80,-59.0,0.0,9.0,59.0,4.5,4.5,0.0,True,635
1685,2024-05-07 09:30,NY,2,-59.0,0.0,9.0,NQ09B BUY NY STOP,531.0,535.5,9.0,NQ09B SELL NY N130 TP2,2024-05-07 09:30:00,2024-05,2024,472.0,SELL,BUY,531.0,535.5,9.0,NQ09B SELL NY N130 TP2,-59.0,0.0,9.0,59.0,4.5,4.5,0.0,True,636
1687,2024-05-09 09:30,NY,2,-59.0,0.0,9.0,NQ09B BUY NY STOP,531.0,535.5,9.0,NQ09B SELL NY N130 TP2,2024-05-09 09:30:00,2024-05,2024,472.0,SELL,BUY,531.0,535.5,9.0,NQ09B SELL NY N130 TP2,-59.0,0.0,9.0,59.0,4.5,4.5,0.0,True,637
1688,2024-05-10 09:30,NY,2,-59.0,0.0,9.0,NQ09B BUY NY STOP,541.0,545.5,9.0,NQ09B SELL NY N130 TP2,2024-05-10 09:30:00,2024-05,2024,482.0,SELL,BUY,541.0,545.5,9.0,NQ09B SELL NY N130 TP2,-59.0,0.0,9.0,59.0,4.5,4.5,0.0,True,638
1692,2024-05-15 09:30,NY,2,-59.0,0.0,9.0,NQ09B BUY NY STOP,541.0,545.5,9.0,NQ09B SELL NY N130 TP2,2024-05-15 09:30:00,2024-05,2024,482.0,SELL,BUY,541.0,545.5,9.0,NQ09B SELL NY N130 TP2,-59.0,0.0,9.0,59.0,4.5,4.5,0.0,True,639
1695,2024-05-19 18:00,WEEKLY,2,331.0,335.5,9.0,NQ09B BUY WEEKLY W80,-59.0,5.5,9.0,NQ09B SELL WEEKLY STOP,2024-05-19 18:00:00,2024-05,2024,272.0,BUY,SELL,331.0,335.5,9.0,NQ09B BUY WEEKLY W80,-59.0,5.5,9.0,64.5,4.5,4.5,0.0,True,640
1705,2024-05-28 09:30,NY,2,541.0,545.5,9.0,NQ09B BUY NY N130 TP2,-59.0,0.0,9.0,NQ09B SELL NY STOP,2024-05-28 09:30:00,2024-05,2024,482.0,BUY,SELL,541.0,545.5,9.0,NQ09B BUY NY N130 TP2,-59.0,0.0,9.0,59.0,4.5,4.5,0.0,True,641
1712,2024-06-03 09:30,NY,2,-59.0,0.0,9.0,NQ09B BUY NY STOP,541.0,545.5,9.0,NQ09B SELL NY N130 TP2,2024-06-03 09:30:00,2024-06,2024,482.0,SELL,BUY,541.0,545.5,9.0,NQ09B SELL NY N130 TP2,-59.0,0.0,9.0,59.0,4.5,4.5,0.0,True,642
1717,2024-06-07 09:30,NY,2,-59.0,0.0,9.0,NQ09B BUY NY STOP,551.0,555.5,9.0,NQ09B SELL NY N130 TP2,2024-06-07 09:30:00,2024-06,2024,492.0,SELL,BUY,551.0,555.5,9.0,NQ09B SELL NY N130 TP2,-59.0,0.0,9.0,59.0,4.5,4.5,0.0,True,643
1718,2024-06-09 18:00,WEEKLY,2,-59.0,0.0,9.0,NQ09B BUY WEEKLY STOP,341.0,345.5,9.0,NQ09B SELL WEEKLY W80,2024-06-09 18:00:00,2024-06,2024,282.0,SELL,BUY,341.0,345.5,9.0,NQ09B SELL WEEKLY W80,-59.0,0.0,9.0,59.0,4.5,4.5,0.0,True,644
1721,2024-06-12 09:30,NY,2,-59.0,0.0,9.0,NQ09B BUY NY STOP,551.0,555.5,9.0,NQ09B SELL NY N130 TP2,2024-06-12 09:30:00,2024-06,2024,492.0,SELL,BUY,551.0,555.5,9.0,NQ09B SELL NY N130 TP2,-59.0,0.0,9.0,59.0,4.5,4.5,0.0,True,645
1726,2024-06-16 18:00,WEEKLY,2,351.0,355.5,9.0,NQ09B BUY WEEKLY W80,-59.0,0.0,9.0,NQ09B SELL WEEKLY STOP,2024-06-16 18:00:00,2024-06,2024,292.0,BUY,SELL,351.0,355.5,9.0,NQ09B BUY WEEKLY W80,-59.0,0.0,9.0,59.0,4.5,4.5,0.0,True,646
1727,2024-06-17 09:30,NY,2,571.0,575.5,9.0,NQ09B BUY NY N130 TP2,-59.0,0.0,9.0,NQ09B SELL NY STOP,2024-06-17 09:30:00,2024-06,2024,512.0,BUY,SELL,571.0,575.5,9.0,NQ09B BUY NY N130 TP2,-59.0,0.0,9.0,59.0,4.5,4.5,0.0,True,647
1732,2024-06-23 18:00,WEEKLY,2,351.0,355.5,9.0,NQ09B BUY WEEKLY W80,-59.0,0.0,9.0,NQ09B SELL WEEKLY STOP,2024-06-23 18:00:00,2024-06,2024,292.0,BUY,SELL,351.0,355.5,9.0,NQ09B BUY WEEKLY W80,-59.0,0.0,9.0,59.0,4.5,4.5,0.0,True,648
1740,2024-06-30 18:00,WEEKLY,2,351.0,355.5,9.0,NQ09B BUY WEEKLY W80,-59.0,0.0,9.0,NQ09B SELL WEEKLY STOP,2024-06-30 18:00:00,2024-06,2024,292.0,BUY,SELL,351.0,355.5,9.0,NQ09B BUY WEEKLY W80,-59.0,0.0,9.0,59.0,4.5,4.5,0.0,True,649
1744,2024-07-03 09:30,NY,2,571.0,575.5,9.0,NQ09B BUY NY N130 TP2,-59.0,0.0,9.0,NQ09B SELL NY STOP,2024-07-03 09:30:00,2024-07,2024,512.0,BUY,SELL,571.0,575.5,9.0,NQ09B BUY NY N130 TP2,-59.0,0.0,9.0,59.0,4.5,4.5,0.0,True,650
1748,2024-07-07 18:00,WEEKLY,2,-59.0,0.0,9.0,NQ09B BUY WEEKLY STOP,351.0,355.5,9.0,NQ09B SELL WEEKLY W80,2024-07-07 18:00:00,2024-07,2024,292.0,SELL,BUY,351.0,355.5,9.0,NQ09B SELL WEEKLY W80,-59.0,0.0,9.0,59.0,4.5,4.5,0.0,True,651
1754,2024-07-12 09:30,NY,2,-59.0,0.0,9.0,NQ09B BUY NY STOP,581.0,585.5,9.0,NQ09B SELL NY N130 TP2,2024-07-12 09:30:00,2024-07,2024,522.0,SELL,BUY,581.0,585.5,9.0,NQ09B SELL NY N130 TP2,-59.0,0.0,9.0,59.0,4.5,4.5,0.0,True,652
1755,2024-07-14 18:00,WEEKLY,2,351.0,355.5,9.0,NQ09B BUY WEEKLY W80,-59.0,0.0,9.0,NQ09B SELL WEEKLY STOP,2024-07-14 18:00:00,2024-07,2024,292.0,BUY,SELL,351.0,355.5,9.0,NQ09B BUY WEEKLY W80,-59.0,0.0,9.0,59.0,4.5,4.5,0.0,True,653
1757,2024-07-16 09:30,NY,2,-59.0,0.0,9.0,NQ09B BUY NY STOP,581.0,585.5,9.0,NQ09B SELL NY N130 TP2,2024-07-16 09:30:00,2024-07,2024,522.0,SELL,BUY,581.0,585.5,9.0,NQ09B SELL NY N130 TP2,-59.0,0.0,9.0,59.0,4.5,4.5,0.0,True,654
1761,2024-07-19 09:30,NY,2,-59.0,0.0,9.0,NQ09B BUY NY STOP,571.0,575.5,9.0,NQ09B SELL NY N130 TP2,2024-07-19 09:30:00,2024-07,2024,512.0,SELL,BUY,571.0,575.5,9.0,NQ09B SELL NY N130 TP2,-59.0,0.0,9.0,59.0,4.5,4.5,0.0,True,655
1762,2024-07-21 18:00,WEEKLY,2,351.0,355.5,9.0,NQ09B BUY WEEKLY W80,-59.0,0.0,9.0,NQ09B SELL WEEKLY STOP,2024-07-21 18:00:00,2024-07,2024,292.0,BUY,SELL,351.0,355.5,9.0,NQ09B BUY WEEKLY W80,-59.0,0.0,9.0,59.0,4.5,4.5,0.0,True,656
1764,2024-07-23 09:30,NY,2,571.0,575.5,9.0,NQ09B BUY NY N130 TP2,-59.0,0.0,9.0,NQ09B SELL NY STOP,2024-07-23 09:30:00,2024-07,2024,512.0,BUY,SELL,571.0,575.5,9.0,NQ09B BUY NY N130 TP2,-59.0,0.0,9.0,59.0,4.5,4.5,0.0,True,657
1775,2024-07-31 09:30,NY,2,551.0,555.5,9.0,NQ09B BUY NY N130 TP2,-59.0,0.0,9.0,NQ09B SELL NY STOP,2024-07-31 09:30:00,2024-07,2024,492.0,BUY,SELL,551.0,555.5,9.0,NQ09B BUY NY N130 TP2,-59.0,0.0,9.0,59.0,4.5,4.5,0.0,True,658
1776,2024-07-31 18:00,WEEKDAY_PREMIUM,2,-59.0,0.0,9.0,NQ09B BUY WEEKDAY 1800 STOP,341.0,345.5,9.0,NQ09B SELL WEEKDAY 1800 D80,2024-07-31 18:00:00,2024-07,2024,282.0,SELL,BUY,341.0,345.5,9.0,NQ09B SELL WEEKDAY 1800 D80,-59.0,0.0,9.0,59.0,4.5,4.5,0.0,True,659
1778,2024-08-01 18:00,WEEKDAY_PREMIUM,2,-59.0,0.0,9.0,NQ09B BUY WEEKDAY 1800 STOP,341.0,345.5,9.0,NQ09B SELL WEEKDAY 1800 D80,2024-08-01 18:00:00,2024-08,2024,282.0,SELL,BUY,341.0,345.5,9.0,NQ09B SELL WEEKDAY 1800 D80,-59.0,0.0,9.0,59.0,4.5,4.5,0.0,True,660
1780,2024-08-04 18:00,WEEKLY,2,-59.0,0.0,9.0,NQ09B BUY WEEKLY STOP,331.0,335.5,9.0,NQ09B SELL WEEKLY W80,2024-08-04 18:00:00,2024-08,2024,272.0,SELL,BUY,331.0,335.5,9.0,NQ09B SELL WEEKLY W80,-59.0,0.0,9.0,59.0,4.5,4.5,0.0,True,661
1781,2024-08-05 09:30,NY,2,-59.0,0.0,9.0,NQ09B BUY NY STOP,511.0,515.5,9.0,NQ09B SELL NY N130 TP2,2024-08-05 09:30:00,2024-08,2024,452.0,SELL,BUY,511.0,515.5,9.0,NQ09B SELL NY N130 TP2,-59.0,0.0,9.0,59.0,4.5,4.5,0.0,True,662
1785,2024-08-07 09:30,NY,2,-59.0,0.0,9.0,NQ09B BUY NY STOP,541.0,545.5,9.0,NQ09B SELL NY N130 TP2,2024-08-07 09:30:00,2024-08,2024,482.0,SELL,BUY,541.0,545.5,9.0,NQ09B SELL NY N130 TP2,-59.0,0.0,9.0,59.0,4.5,4.5,0.0,True,663
1787,2024-08-08 09:30,NY,2,531.0,535.5,9.0,NQ09B BUY NY N130 TP2,-59.0,0.0,9.0,NQ09B SELL NY STOP,2024-08-08 09:30:00,2024-08,2024,472.0,BUY,SELL,531.0,535.5,9.0,NQ09B BUY NY N130 TP2,-59.0,0.0,9.0,59.0,4.5,4.5,0.0,True,664
1788,2024-08-09 09:30,NY,2,541.0,545.5,9.0,NQ09B BUY NY N130 TP2,-59.0,0.0,9.0,NQ09B SELL NY STOP,2024-08-09 09:30:00,2024-08,2024,482.0,BUY,SELL,541.0,545.5,9.0,NQ09B BUY NY N130 TP2,-59.0,0.0,9.0,59.0,4.5,4.5,0.0,True,665
1789,2024-08-11 18:00,WEEKLY,2,-59.0,0.0,9.0,NQ09B BUY WEEKLY STOP,331.0,335.5,9.0,NQ09B SELL WEEKLY W80,2024-08-11 18:00:00,2024-08,2024,272.0,SELL,BUY,331.0,335.5,9.0,NQ09B SELL WEEKLY W80,-59.0,0.0,9.0,59.0,4.5,4.5,0.0,True,666
1792,2024-08-14 09:30,NY,2,-59.0,0.0,9.0,NQ09B BUY NY STOP,551.0,555.5,9.0,NQ09B SELL NY N130 TP2,2024-08-14 09:30:00,2024-08,2024,492.0,SELL,BUY,551.0,555.5,9.0,NQ09B SELL NY N130 TP2,-59.0,0.0,9.0,59.0,4.5,4.5,0.0,True,667
1793,2024-08-15 09:30,NY,2,-59.0,0.0,9.0,NQ09B BUY NY STOP,551.0,555.5,9.0,NQ09B SELL NY N130 TP2,2024-08-15 09:30:00,2024-08,2024,492.0,SELL,BUY,551.0,555.5,9.0,NQ09B SELL NY N130 TP2,-59.0,0.0,9.0,59.0,4.5,4.5,0.0,True,668
1795,2024-08-18 18:00,WEEKLY,2,-59.0,0.0,9.0,NQ09B BUY WEEKLY STOP,351.0,355.5,9.0,NQ09B SELL WEEKLY W80,2024-08-18 18:00:00,2024-08,2024,292.0,SELL,BUY,351.0,355.5,9.0,NQ09B SELL WEEKLY W80,-59.0,0.0,9.0,59.0,4.5,4.5,0.0,True,669
1802,2024-08-25 18:00,WEEKLY,2,-59.0,0.0,9.0,NQ09B BUY WEEKLY STOP,351.0,355.5,9.0,NQ09B SELL WEEKLY W80,2024-08-25 18:00:00,2024-08,2024,292.0,SELL,BUY,351.0,355.5,9.0,NQ09B SELL WEEKLY W80,-59.0,0.0,9.0,59.0,4.5,4.5,0.0,True,670
1803,2024-08-26 09:30,NY,2,-59.0,0.0,9.0,NQ09B BUY NY STOP,571.0,575.5,9.0,NQ09B SELL NY N130 TP2,2024-08-26 09:30:00,2024-08,2024,512.0,SELL,BUY,571.0,575.5,9.0,NQ09B SELL NY N130 TP2,-59.0,0.0,9.0,59.0,4.5,4.5,0.0,True,671
1804,2024-08-27 09:30,NY,2,551.0,555.5,9.0,NQ09B BUY NY N130 TP2,-59.0,0.0,9.0,NQ09B SELL NY STOP,2024-08-27 09:30:00,2024-08,2024,492.0,BUY,SELL,551.0,555.5,9.0,NQ09B BUY NY N130 TP2,-59.0,0.0,9.0,59.0,4.5,4.5,0.0,True,672
1806,2024-08-28 18:00,WEEKDAY_PREMIUM,2,-59.0,0.0,9.0,NQ09B BUY WEEKDAY 1800 STOP,341.0,345.5,9.0,NQ09B SELL WEEKDAY 1800 D80,2024-08-28 18:00:00,2024-08,2024,282.0,SELL,BUY,341.0,345.5,9.0,NQ09B SELL WEEKDAY 1800 D80,-59.0,0.0,9.0,59.0,4.5,4.5,0.0,True,673
1807,2024-08-29 09:30,NY,2,-59.0,0.0,9.0,NQ09B BUY NY STOP,551.0,555.5,9.0,NQ09B SELL NY N130 TP2,2024-08-29 09:30:00,2024-08,2024,492.0,SELL,BUY,551.0,555.5,9.0,NQ09B SELL NY N130 TP2,-59.0,0.0,9.0,59.0,4.5,4.5,0.0,True,674
1808,2024-08-30 09:30,NY,2,551.0,555.5,9.0,NQ09B BUY NY N130 TP2,-59.0,0.0,9.0,NQ09B SELL NY STOP,2024-08-30 09:30:00,2024-08,2024,492.0,BUY,SELL,551.0,555.5,9.0,NQ09B BUY NY N130 TP2,-59.0,0.0,9.0,59.0,4.5,4.5,0.0,True,675
1809,2024-09-01 18:00,WEEKLY,2,341.0,345.5,9.0,NQ09B BUY WEEKLY W80,-59.0,0.0,9.0,NQ09B SELL WEEKLY STOP,2024-09-01 18:00:00,2024-09,2024,282.0,BUY,SELL,341.0,345.5,9.0,NQ09B BUY WEEKLY W80,-59.0,0.0,9.0,59.0,4.5,4.5,0.0,True,676
1814,2024-09-04 09:30,NY,2,-59.0,0.0,9.0,NQ09B BUY NY STOP,541.0,545.5,9.0,NQ09B SELL NY N130 TP2,2024-09-04 09:30:00,2024-09,2024,482.0,SELL,BUY,541.0,545.5,9.0,NQ09B SELL NY N130 TP2,-59.0,0.0,9.0,59.0,4.5,4.5,0.0,True,677
1817,2024-09-06 09:30,NY,2,541.0,545.5,9.0,NQ09B BUY NY N130 TP2,-59.0,0.0,9.0,NQ09B SELL NY STOP,2024-09-06 09:30:00,2024-09,2024,482.0,BUY,SELL,541.0,545.5,9.0,NQ09B BUY NY N130 TP2,-59.0,0.0,9.0,59.0,4.5,4.5,0.0,True,678
1819,2024-09-09 09:30,NY,2,-59.0,0.0,9.0,NQ09B BUY NY STOP,541.0,545.5,9.0,NQ09B SELL NY N130 TP2,2024-09-09 09:30:00,2024-09,2024,482.0,SELL,BUY,541.0,545.5,9.0,NQ09B SELL NY N130 TP2,-59.0,0.0,9.0,59.0,4.5,4.5,0.0,True,679
1822,2024-09-12 09:30,NY,2,551.0,555.5,9.0,NQ09B BUY NY N130 TP2,-59.0,0.0,9.0,NQ09B SELL NY STOP,2024-09-12 09:30:00,2024-09,2024,492.0,BUY,SELL,551.0,555.5,9.0,NQ09B BUY NY N130 TP2,-59.0,0.0,9.0,59.0,4.5,4.5,0.0,True,680
1827,2024-09-17 09:30,NY,2,-59.0,0.0,9.0,NQ09B BUY NY STOP,571.0,575.5,9.0,NQ09B SELL NY N130 TP2,2024-09-17 09:30:00,2024-09,2024,512.0,SELL,BUY,571.0,575.5,9.0,NQ09B SELL NY N130 TP2,-59.0,0.0,9.0,59.0,4.5,4.5,0.0,True,681
1834,2024-09-24 09:30,NY,2,571.0,575.5,9.0,NQ09B BUY NY N130 TP2,-59.0,0.0,9.0,NQ09B SELL NY STOP,2024-09-24 09:30:00,2024-09,2024,512.0,BUY,SELL,571.0,575.5,9.0,NQ09B BUY NY N130 TP2,-59.0,0.0,9.0,59.0,4.5,4.5,0.0,True,682
1838,2024-09-29 18:00,WEEKLY,2,351.0,355.5,9.0,NQ09B BUY WEEKLY W80,-59.0,0.0,9.0,NQ09B SELL WEEKLY STOP,2024-09-29 18:00:00,2024-09,2024,292.0,BUY,SELL,351.0,355.5,9.0,NQ09B BUY WEEKLY W80,-59.0,0.0,9.0,59.0,4.5,4.5,0.0,True,683
1840,2024-09-30 18:00,WEEKDAY_PREMIUM,2,351.0,355.5,9.0,NQ09B BUY WEEKDAY 1800 D80,-59.0,0.0,9.0,NQ09B SELL WEEKDAY 1800 STOP,2024-09-30 18:00:00,2024-09,2024,292.0,BUY,SELL,351.0,355.5,9.0,NQ09B BUY WEEKDAY 1800 D80,-59.0,0.0,9.0,59.0,4.5,4.5,0.0,True,684
1843,2024-10-02 09:30,NY,2,571.0,575.5,9.0,NQ09B BUY NY N130 TP2,-59.0,0.0,9.0,NQ09B SELL NY STOP,2024-10-02 09:30:00,2024-10,2024,512.0,BUY,SELL,571.0,575.5,9.0,NQ09B BUY NY N130 TP2,-59.0,0.0,9.0,59.0,4.5,4.5,0.0,True,685
1845,2024-10-03 09:30,NY,2,-59.0,0.0,9.0,NQ09B BUY NY STOP,571.0,575.5,9.0,NQ09B SELL NY N130 TP2,2024-10-03 09:30:00,2024-10,2024,512.0,SELL,BUY,571.0,575.5,9.0,NQ09B SELL NY N130 TP2,-59.0,0.0,9.0,59.0,4.5,4.5,0.0,True,686
1846,2024-10-03 18:00,WEEKDAY_PREMIUM,2,-59.0,0.0,9.0,NQ09B BUY WEEKDAY 1800 STOP,351.0,355.5,9.0,NQ09B SELL WEEKDAY 1800 D80,2024-10-03 18:00:00,2024-10,2024,292.0,SELL,BUY,351.0,355.5,9.0,NQ09B SELL WEEKDAY 1800 D80,-59.0,0.0,9.0,59.0,4.5,4.5,0.0,True,687
1848,2024-10-06 18:00,WEEKLY,2,-59.0,0.0,9.0,NQ09B BUY WEEKLY STOP,351.0,355.5,9.0,NQ09B SELL WEEKLY W80,2024-10-06 18:00:00,2024-10,2024,292.0,SELL,BUY,351.0,355.5,9.0,NQ09B SELL WEEKLY W80,-59.0,0.0,9.0,59.0,4.5,4.5,0.0,True,688
1849,2024-10-07 09:30,NY,2,-59.0,0.0,9.0,NQ09B BUY NY STOP,571.0,575.5,9.0,NQ09B SELL NY N130 TP2,2024-10-07 09:30:00,2024-10,2024,512.0,SELL,BUY,571.0,575.5,9.0,NQ09B SELL NY N130 TP2,-59.0,0.0,9.0,59.0,4.5,4.5,0.0,True,689
1854,2024-10-10 09:30,NY,2,-59.0,0.0,9.0,NQ09B BUY NY STOP,581.0,585.5,9.0,NQ09B SELL NY N130 TP2,2024-10-10 09:30:00,2024-10,2024,522.0,SELL,BUY,581.0,585.5,9.0,NQ09B SELL NY N130 TP2,-59.0,0.0,9.0,59.0,4.5,4.5,0.0,True,690
1864,2024-10-20 18:00,WEEKLY,2,351.0,355.5,9.0,NQ09B BUY WEEKLY W80,-59.0,0.0,9.0,NQ09B SELL WEEKLY STOP,2024-10-20 18:00:00,2024-10,2024,292.0,BUY,SELL,351.0,355.5,9.0,NQ09B BUY WEEKLY W80,-59.0,0.0,9.0,59.0,4.5,4.5,0.0,True,691
1866,2024-10-22 09:30,NY,2,581.0,585.5,9.0,NQ09B BUY NY N130 TP2,-59.0,0.0,9.0,NQ09B SELL NY STOP,2024-10-22 09:30:00,2024-10,2024,522.0,BUY,SELL,581.0,585.5,9.0,NQ09B BUY NY N130 TP2,-59.0,0.0,9.0,59.0,4.5,4.5,0.0,True,692
1867,2024-10-23 09:30,NY,2,-59.0,0.0,9.0,NQ09B BUY NY STOP,581.0,585.5,9.0,NQ09B SELL NY N130 TP2,2024-10-23 09:30:00,2024-10,2024,522.0,SELL,BUY,581.0,585.5,9.0,NQ09B SELL NY N130 TP2,-59.0,0.0,9.0,59.0,4.5,4.5,0.0,True,693
1872,2024-10-27 18:00,WEEKLY,2,351.0,355.5,9.0,NQ09B BUY WEEKLY W80,-59.0,0.0,9.0,NQ09B SELL WEEKLY STOP,2024-10-27 18:00:00,2024-10,2024,292.0,BUY,SELL,351.0,355.5,9.0,NQ09B BUY WEEKLY W80,-59.0,0.0,9.0,59.0,4.5,4.5,0.0,True,694
1874,2024-10-29 09:30,NY,2,581.0,585.5,9.0,NQ09B BUY NY N130 TP2,-59.0,0.0,9.0,NQ09B SELL NY STOP,2024-10-29 09:30:00,2024-10,2024,522.0,BUY,SELL,581.0,585.5,9.0,NQ09B BUY NY N130 TP2,-59.0,0.0,9.0,59.0,4.5,4.5,0.0,True,695
1876,2024-10-30 18:00,WEEKDAY_PREMIUM,2,351.0,355.5,9.0,NQ09B BUY WEEKDAY 1800 D80,-59.0,0.0,9.0,NQ09B SELL WEEKDAY 1800 STOP,2024-10-30 18:00:00,2024-10,2024,292.0,BUY,SELL,351.0,355.5,9.0,NQ09B BUY WEEKDAY 1800 D80,-59.0,0.0,9.0,59.0,4.5,4.5,0.0,True,696
1880,2024-11-03 18:00,WEEKLY,2,-59.0,0.0,9.0,NQ09B BUY WEEKLY STOP,351.0,355.5,9.0,NQ09B SELL WEEKLY W80,2024-11-03 18:00:00,2024-11,2024,292.0,SELL,BUY,351.0,355.5,9.0,NQ09B SELL WEEKLY W80,-59.0,0.0,9.0,59.0,4.5,4.5,0.0,True,697
1881,2024-11-04 09:30,NY,2,571.0,575.5,9.0,NQ09B BUY NY N130 TP2,-59.0,0.0,9.0,NQ09B SELL NY STOP,2024-11-04 09:30:00,2024-11,2024,512.0,BUY,SELL,571.0,575.5,9.0,NQ09B BUY NY N130 TP2,-59.0,0.0,9.0,59.0,4.5,4.5,0.0,True,698
1885,2024-11-06 18:00,WEEKDAY_PREMIUM,2,-59.0,0.0,9.0,NQ09B BUY WEEKDAY 1800 STOP,351.0,355.5,9.0,NQ09B SELL WEEKDAY 1800 D80,2024-11-06 18:00:00,2024-11,2024,292.0,SELL,BUY,351.0,355.5,9.0,NQ09B SELL WEEKDAY 1800 D80,-59.0,0.0,9.0,59.0,4.5,4.5,0.0,True,699
1887,2024-11-08 09:30,NY,2,591.0,595.5,9.0,NQ09B BUY NY N130 TP2,-59.0,0.0,9.0,NQ09B SELL NY STOP,2024-11-08 09:30:00,2024-11,2024,532.0,BUY,SELL,591.0,595.5,9.0,NQ09B BUY NY N130 TP2,-59.0,0.0,9.0,59.0,4.5,4.5,0.0,True,700
1896,2024-11-15 09:30,NY,2,581.0,585.5,9.0,NQ09B BUY NY N130 TP2,-59.0,0.0,9.0,NQ09B SELL NY STOP,2024-11-15 09:30:00,2024-11,2024,522.0,BUY,SELL,581.0,585.5,9.0,NQ09B BUY NY N130 TP2,-59.0,0.0,9.0,59.0,4.5,4.5,0.0,True,701
1897,2024-11-17 18:00,WEEKLY,2,351.0,355.5,9.0,NQ09B BUY WEEKLY W80,-59.0,0.0,9.0,NQ09B SELL WEEKLY STOP,2024-11-17 18:00:00,2024-11,2024,292.0,BUY,SELL,351.0,355.5,9.0,NQ09B BUY WEEKLY W80,-59.0,0.0,9.0,59.0,4.5,4.5,0.0,True,702
1901,2024-11-20 18:00,WEEKDAY_PREMIUM,2,-59.0,0.0,9.0,NQ09B BUY WEEKDAY 1800 STOP,351.0,355.5,9.0,NQ09B SELL WEEKDAY 1800 D80,2024-11-20 18:00:00,2024-11,2024,292.0,SELL,BUY,351.0,355.5,9.0,NQ09B SELL WEEKDAY 1800 D80,-59.0,0.0,9.0,59.0,4.5,4.5,0.0,True,703
1902,2024-11-21 09:30,NY,2,581.0,585.5,9.0,NQ09B BUY NY N130 TP2,-59.0,0.0,9.0,NQ09B SELL NY STOP,2024-11-21 09:30:00,2024-11,2024,522.0,BUY,SELL,581.0,585.5,9.0,NQ09B BUY NY N130 TP2,-59.0,0.0,9.0,59.0,4.5,4.5,0.0,True,704
1904,2024-11-22 09:30,NY,2,-59.0,0.0,9.0,NQ09B BUY NY STOP,581.0,585.5,9.0,NQ09B SELL NY N130 TP2,2024-11-22 09:30:00,2024-11,2024,522.0,SELL,BUY,581.0,585.5,9.0,NQ09B SELL NY N130 TP2,-59.0,0.0,9.0,59.0,4.5,4.5,0.0,True,705
1910,2024-11-28 09:30,NY,2,581.0,585.5,9.0,NQ09B BUY NY N130 TP2,-59.0,0.0,9.0,NQ09B SELL NY STOP,2024-11-28 09:30:00,2024-11,2024,522.0,BUY,SELL,581.0,585.5,9.0,NQ09B BUY NY N130 TP2,-59.0,0.0,9.0,59.0,4.5,4.5,0.0,True,706
1913,2024-12-02 09:30,NY,2,-59.0,0.0,9.0,NQ09B BUY NY STOP,591.0,595.5,9.0,NQ09B SELL NY N130 TP2,2024-12-02 09:30:00,2024-12,2024,532.0,SELL,BUY,591.0,595.5,9.0,NQ09B SELL NY N130 TP2,-59.0,0.0,9.0,59.0,4.5,4.5,0.0,True,707
1915,2024-12-03 09:30,NY,2,-59.0,0.0,9.0,NQ09B BUY NY STOP,591.0,595.5,9.0,NQ09B SELL NY N130 TP2,2024-12-03 09:30:00,2024-12,2024,532.0,SELL,BUY,591.0,595.5,9.0,NQ09B SELL NY N130 TP2,-59.0,0.0,9.0,59.0,4.5,4.5,0.0,True,708
1916,2024-12-04 09:30,NY,2,-59.0,0.0,9.0,NQ09B BUY NY STOP,591.0,595.5,9.0,NQ09B SELL NY N130 TP2,2024-12-04 09:30:00,2024-12,2024,532.0,SELL,BUY,591.0,595.5,9.0,NQ09B SELL NY N130 TP2,-59.0,0.0,9.0,59.0,4.5,4.5,0.0,True,709
1917,2024-12-05 09:30,NY,2,591.0,595.5,9.0,NQ09B BUY NY N130 TP2,-59.0,0.0,9.0,NQ09B SELL NY STOP,2024-12-05 09:30:00,2024-12,2024,532.0,BUY,SELL,591.0,595.5,9.0,NQ09B BUY NY N130 TP2,-59.0,0.0,9.0,59.0,4.5,4.5,0.0,True,710
1919,2024-12-08 18:00,WEEKLY,2,-59.0,0.0,9.0,NQ09B BUY WEEKLY STOP,371.0,375.5,9.0,NQ09B SELL WEEKLY W80,2024-12-08 18:00:00,2024-12,2024,312.0,SELL,BUY,371.0,375.5,9.0,NQ09B SELL WEEKLY W80,-59.0,0.0,9.0,59.0,4.5,4.5,0.0,True,711
1920,2024-12-09 09:30,NY,2,611.0,615.5,9.0,NQ09B BUY NY N130 TP2,-59.0,0.0,9.0,NQ09B SELL NY STOP,2024-12-09 09:30:00,2024-12,2024,552.0,BUY,SELL,611.0,615.5,9.0,NQ09B BUY NY N130 TP2,-59.0,0.0,9.0,59.0,4.5,4.5,0.0,True,712
1921,2024-12-10 09:30,NY,2,-59.0,5.5,9.0,NQ09B BUY NY STOP,591.0,595.5,9.0,NQ09B SELL NY N130 TP2,2024-12-10 09:30:00,2024-12,2024,532.0,SELL,BUY,591.0,595.5,9.0,NQ09B SELL NY N130 TP2,-59.0,5.5,9.0,64.5,4.5,4.5,0.0,True,713
1922,2024-12-11 09:30,NY,2,-59.0,0.0,9.0,NQ09B BUY NY STOP,591.0,595.5,9.0,NQ09B SELL NY N130 TP2,2024-12-11 09:30:00,2024-12,2024,532.0,SELL,BUY,591.0,595.5,9.0,NQ09B SELL NY N130 TP2,-59.0,0.0,9.0,59.0,4.5,4.5,0.0,True,714
1926,2024-12-15 18:00,WEEKLY,2,371.0,375.5,9.0,NQ09B BUY WEEKLY W80,-59.0,0.0,9.0,NQ09B SELL WEEKLY STOP,2024-12-15 18:00:00,2024-12,2024,312.0,BUY,SELL,371.0,375.5,9.0,NQ09B BUY WEEKLY W80,-59.0,0.0,9.0,59.0,4.5,4.5,0.0,True,715
1930,2024-12-18 09:30,NY,2,621.0,625.5,9.0,NQ09B BUY NY N130 TP2,-59.0,0.0,9.0,NQ09B SELL NY STOP,2024-12-18 09:30:00,2024-12,2024,562.0,BUY,SELL,621.0,625.5,9.0,NQ09B BUY NY N130 TP2,-59.0,0.0,9.0,59.0,4.5,4.5,0.0,True,716
1931,2024-12-18 18:00,WEEKDAY_PREMIUM,2,361.0,365.5,9.0,NQ09B BUY WEEKDAY 1800 D80,-59.0,0.0,9.0,NQ09B SELL WEEKDAY 1800 STOP,2024-12-18 18:00:00,2024-12,2024,302.0,BUY,SELL,361.0,365.5,9.0,NQ09B BUY WEEKDAY 1800 D80,-59.0,0.0,9.0,59.0,4.5,4.5,0.0,True,717
1932,2024-12-19 09:30,NY,2,611.0,615.5,9.0,NQ09B BUY NY N130 TP2,-59.0,0.0,9.0,NQ09B SELL NY STOP,2024-12-19 09:30:00,2024-12,2024,552.0,BUY,SELL,611.0,615.5,9.0,NQ09B BUY NY N130 TP2,-59.0,0.0,9.0,59.0,4.5,4.5,0.0,True,718
1933,2024-12-19 18:00,WEEKDAY_PREMIUM,2,-59.0,0.0,9.0,NQ09B BUY WEEKDAY 1800 STOP,361.0,365.5,9.0,NQ09B SELL WEEKDAY 1800 D80,2024-12-19 18:00:00,2024-12,2024,302.0,SELL,BUY,361.0,365.5,9.0,NQ09B SELL WEEKDAY 1800 D80,-59.0,0.0,9.0,59.0,4.5,4.5,0.0,True,719
1934,2024-12-20 09:30,NY,2,591.0,595.5,9.0,NQ09B BUY NY N130 TP2,-59.0,0.0,9.0,NQ09B SELL NY STOP,2024-12-20 09:30:00,2024-12,2024,532.0,BUY,SELL,591.0,595.5,9.0,NQ09B BUY NY N130 TP2,-59.0,0.0,9.0,59.0,4.5,4.5,0.0,True,720
1935,2024-12-22 18:00,WEEKLY,2,361.0,365.5,9.0,NQ09B BUY WEEKLY W80,-59.0,0.0,9.0,NQ09B SELL WEEKLY STOP,2024-12-22 18:00:00,2024-12,2024,302.0,BUY,SELL,361.0,365.5,9.0,NQ09B BUY WEEKLY W80,-59.0,0.0,9.0,59.0,4.5,4.5,0.0,True,721
1937,2024-12-24 09:30,NY,2,611.0,615.5,9.0,NQ09B BUY NY N130 TP2,-59.0,0.0,9.0,NQ09B SELL NY STOP,2024-12-24 09:30:00,2024-12,2024,552.0,BUY,SELL,611.0,615.5,9.0,NQ09B BUY NY N130 TP2,-59.0,0.0,9.0,59.0,4.5,4.5,0.0,True,722
1940,2024-12-27 09:30,NY,2,611.0,615.5,9.0,NQ09B BUY NY N130 TP2,-59.0,0.0,9.0,NQ09B SELL NY STOP,2024-12-27 09:30:00,2024-12,2024,552.0,BUY,SELL,611.0,615.5,9.0,NQ09B BUY NY N130 TP2,-59.0,0.0,9.0,59.0,4.5,4.5,0.0,True,723
1944,2024-12-31 09:30,NY,2,-59.0,0.0,9.0,NQ09B BUY NY STOP,591.0,595.5,9.0,NQ09B SELL NY N130 TP2,2024-12-31 09:30:00,2024-12,2024,532.0,SELL,BUY,591.0,595.5,9.0,NQ09B SELL NY N130 TP2,-59.0,0.0,9.0,59.0,4.5,4.5,0.0,True,724
1946,2025-01-02 09:30,NY,2,591.0,595.5,9.0,NQ09B BUY NY N130 TP2,-59.0,0.0,9.0,NQ09B SELL NY STOP,2025-01-02 09:30:00,2025-01,2025,532.0,BUY,SELL,591.0,595.5,9.0,NQ09B BUY NY N130 TP2,-59.0,0.0,9.0,59.0,4.5,4.5,0.0,True,725
1948,2025-01-03 09:30,NY,2,-59.0,0.0,9.0,NQ09B BUY NY STOP,591.0,595.5,9.0,NQ09B SELL NY N130 TP2,2025-01-03 09:30:00,2025-01,2025,532.0,SELL,BUY,591.0,595.5,9.0,NQ09B SELL NY N130 TP2,-59.0,0.0,9.0,59.0,4.5,4.5,0.0,True,726
1949,2025-01-05 18:00,WEEKLY,2,361.0,365.5,9.0,NQ09B BUY WEEKLY W80,-59.0,0.0,9.0,NQ09B SELL WEEKLY STOP,2025-01-05 18:00:00,2025-01,2025,302.0,BUY,SELL,361.0,365.5,9.0,NQ09B BUY WEEKLY W80,-59.0,0.0,9.0,59.0,4.5,4.5,0.0,True,727
1952,2025-01-08 09:30,NY,2,591.0,595.5,9.0,NQ09B BUY NY N130 TP2,-59.0,0.0,9.0,NQ09B SELL NY STOP,2025-01-08 09:30:00,2025-01,2025,532.0,BUY,SELL,591.0,595.5,9.0,NQ09B BUY NY N130 TP2,-59.0,0.0,9.0,59.0,4.5,4.5,0.0,True,728
1956,2025-01-12 18:00,WEEKLY,2,-59.0,0.0,9.0,NQ09B BUY WEEKLY STOP,361.0,365.5,9.0,NQ09B SELL WEEKLY W80,2025-01-12 18:00:00,2025-01,2025,302.0,SELL,BUY,361.0,365.5,9.0,NQ09B SELL WEEKLY W80,-59.0,0.0,9.0,59.0,4.5,4.5,0.0,True,729
1957,2025-01-13 09:30,NY,2,581.0,585.5,9.0,NQ09B BUY NY N130 TP2,-59.0,0.0,9.0,NQ09B SELL NY STOP,2025-01-13 09:30:00,2025-01,2025,522.0,BUY,SELL,581.0,585.5,9.0,NQ09B BUY NY N130 TP2,-59.0,0.0,9.0,59.0,4.5,4.5,0.0,True,730
1959,2025-01-15 09:30,NY,2,-59.0,0.0,9.0,NQ09B BUY NY STOP,591.0,595.5,9.0,NQ09B SELL NY N130 TP2,2025-01-15 09:30:00,2025-01,2025,532.0,SELL,BUY,591.0,595.5,9.0,NQ09B SELL NY N130 TP2,-59.0,0.0,9.0,59.0,4.5,4.5,0.0,True,731
1962,2025-01-19 18:00,WEEKLY,2,361.0,365.5,9.0,NQ09B BUY WEEKLY W80,-59.0,0.0,9.0,NQ09B SELL WEEKLY STOP,2025-01-19 18:00:00,2025-01,2025,302.0,BUY,SELL,361.0,365.5,9.0,NQ09B BUY WEEKLY W80,-59.0,0.0,9.0,59.0,4.5,4.5,0.0,True,732
1969,2025-01-26 18:00,WEEKLY,2,-59.0,0.0,9.0,NQ09B BUY WEEKLY STOP,371.0,375.5,9.0,NQ09B SELL WEEKLY W80,2025-01-26 18:00:00,2025-01,2025,312.0,SELL,BUY,371.0,375.5,9.0,NQ09B SELL WEEKLY W80,-59.0,0.0,9.0,59.0,4.5,4.5,0.0,True,733
1972,2025-01-28 09:30,NY,2,591.0,595.5,9.0,NQ09B BUY NY N130 TP2,-59.0,0.0,9.0,NQ09B SELL NY STOP,2025-01-28 09:30:00,2025-01,2025,532.0,BUY,SELL,591.0,595.5,9.0,NQ09B BUY NY N130 TP2,-59.0,0.0,9.0,59.0,4.5,4.5,0.0,True,734
1974,2025-01-29 18:00,WEEKDAY_PREMIUM,2,-59.0,0.0,9.0,NQ09B BUY WEEKDAY 1800 STOP,361.0,365.5,9.0,NQ09B SELL WEEKDAY 1800 D80,2025-01-29 18:00:00,2025-01,2025,302.0,SELL,BUY,361.0,365.5,9.0,NQ09B SELL WEEKDAY 1800 D80,-59.0,0.0,9.0,59.0,4.5,4.5,0.0,True,735
1975,2025-01-30 09:30,NY,2,611.0,615.5,9.0,NQ09B BUY NY N130 TP2,-59.0,0.0,9.0,NQ09B SELL NY STOP,2025-01-30 09:30:00,2025-01,2025,552.0,BUY,SELL,611.0,615.5,9.0,NQ09B BUY NY N130 TP2,-59.0,0.0,9.0,59.0,4.5,4.5,0.0,True,736
1978,2025-02-02 18:00,WEEKLY,2,-59.0,0.0,9.0,NQ09B BUY WEEKLY STOP,361.0,365.5,9.0,NQ09B SELL WEEKLY W80,2025-02-02 18:00:00,2025-02,2025,302.0,SELL,BUY,361.0,365.5,9.0,NQ09B SELL WEEKLY W80,-59.0,0.0,9.0,59.0,4.5,4.5,0.0,True,737
1979,2025-02-03 09:30,NY,2,-59.0,0.0,9.0,NQ09B BUY NY STOP,591.0,595.5,9.0,NQ09B SELL NY N130 TP2,2025-02-03 09:30:00,2025-02,2025,532.0,SELL,BUY,591.0,595.5,9.0,NQ09B SELL NY N130 TP2,-59.0,0.0,9.0,59.0,4.5,4.5,0.0,True,738
1981,2025-02-04 09:30,NY,2,-59.0,0.0,9.0,NQ09B BUY NY STOP,591.0,595.5,9.0,NQ09B SELL NY N130 TP2,2025-02-04 09:30:00,2025-02,2025,532.0,SELL,BUY,591.0,595.5,9.0,NQ09B SELL NY N130 TP2,-59.0,0.0,9.0,59.0,4.5,4.5,0.0,True,739
1982,2025-02-04 18:00,WEEKDAY_PREMIUM,2,-59.0,0.0,9.0,NQ09B BUY WEEKDAY 1800 STOP,361.0,365.5,9.0,NQ09B SELL WEEKDAY 1800 D80,2025-02-04 18:00:00,2025-02,2025,302.0,SELL,BUY,361.0,365.5,9.0,NQ09B SELL WEEKDAY 1800 D80,-59.0,0.0,9.0,59.0,4.5,4.5,0.0,True,740
1986,2025-02-07 09:30,NY,2,-59.0,0.0,9.0,NQ09B BUY NY STOP,611.0,615.5,9.0,NQ09B SELL NY N130 TP2,2025-02-07 09:30:00,2025-02,2025,552.0,SELL,BUY,611.0,615.5,9.0,NQ09B SELL NY N130 TP2,-59.0,0.0,9.0,59.0,4.5,4.5,0.0,True,741
1987,2025-02-09 18:00,WEEKLY,2,-59.0,0.0,9.0,NQ09B BUY WEEKLY STOP,361.0,365.5,9.0,NQ09B SELL WEEKLY W80,2025-02-09 18:00:00,2025-02,2025,302.0,SELL,BUY,361.0,365.5,9.0,NQ09B SELL WEEKLY W80,-59.0,0.0,9.0,59.0,4.5,4.5,0.0,True,742
1988,2025-02-10 09:30,NY,2,611.0,615.5,9.0,NQ09B BUY NY N130 TP2,-59.0,0.0,9.0,NQ09B SELL NY STOP,2025-02-10 09:30:00,2025-02,2025,552.0,BUY,SELL,611.0,615.5,9.0,NQ09B BUY NY N130 TP2,-59.0,0.0,9.0,59.0,4.5,4.5,0.0,True,743
1998,2025-02-20 09:30,NY,2,611.0,615.5,9.0,NQ09B BUY NY N130 TP2,-59.0,0.0,9.0,NQ09B SELL NY STOP,2025-02-20 09:30:00,2025-02,2025,552.0,BUY,SELL,611.0,615.5,9.0,NQ09B BUY NY N130 TP2,-59.0,0.0,9.0,59.0,4.5,4.5,0.0,True,744
2000,2025-02-23 18:00,WEEKLY,2,371.0,375.5,9.0,NQ09B BUY WEEKLY W80,-59.0,0.0,9.0,NQ09B SELL WEEKLY STOP,2025-02-23 18:00:00,2025-02,2025,312.0,BUY,SELL,371.0,375.5,9.0,NQ09B BUY WEEKLY W80,-59.0,0.0,9.0,59.0,4.5,4.5,0.0,True,745
2001,2025-02-24 09:30,NY,2,-59.0,0.0,9.0,NQ09B BUY NY STOP,611.0,615.5,9.0,NQ09B SELL NY N130 TP2,2025-02-24 09:30:00,2025-02,2025,552.0,SELL,BUY,611.0,615.5,9.0,NQ09B SELL NY N130 TP2,-59.0,0.0,9.0,59.0,4.5,4.5,0.0,True,746
2005,2025-02-26 18:00,WEEKDAY_PREMIUM,2,361.0,365.5,9.0,NQ09B BUY WEEKDAY 1800 D80,-59.0,0.0,9.0,NQ09B SELL WEEKDAY 1800 STOP,2025-02-26 18:00:00,2025-02,2025,302.0,BUY,SELL,361.0,365.5,9.0,NQ09B BUY WEEKDAY 1800 D80,-59.0,0.0,9.0,59.0,4.5,4.5,0.0,True,747
2006,2025-02-27 09:30,NY,2,-59.0,0.0,9.0,NQ09B BUY NY STOP,591.0,595.5,9.0,NQ09B SELL NY N130 TP2,2025-02-27 09:30:00,2025-02,2025,532.0,SELL,BUY,591.0,595.5,9.0,NQ09B SELL NY N130 TP2,-59.0,0.0,9.0,59.0,4.5,4.5,0.0,True,748
2010,2025-03-03 09:30,NY,2,-59.0,0.0,9.0,NQ09B BUY NY STOP,591.0,595.5,9.0,NQ09B SELL NY N130 TP2,2025-03-03 09:30:00,2025-03,2025,532.0,SELL,BUY,591.0,595.5,9.0,NQ09B SELL NY N130 TP2,-59.0,0.0,9.0,59.0,4.5,4.5,0.0,True,749
2011,2025-03-04 09:30,NY,2,581.0,585.5,9.0,NQ09B BUY NY N130 TP2,-59.0,0.0,9.0,NQ09B SELL NY STOP,2025-03-04 09:30:00,2025-03,2025,522.0,BUY,SELL,581.0,585.5,9.0,NQ09B BUY NY N130 TP2,-59.0,0.0,9.0,59.0,4.5,4.5,0.0,True,750
2012,2025-03-04 18:00,WEEKDAY_PREMIUM,2,351.0,355.5,9.0,NQ09B BUY WEEKDAY 1800 D80,-59.0,0.0,9.0,NQ09B SELL WEEKDAY 1800 STOP,2025-03-04 18:00:00,2025-03,2025,292.0,BUY,SELL,351.0,355.5,9.0,NQ09B BUY WEEKDAY 1800 D80,-59.0,0.0,9.0,59.0,4.5,4.5,0.0,True,751
2013,2025-03-05 09:30,NY,2,581.0,585.5,9.0,NQ09B BUY NY N130 TP2,-59.0,0.0,9.0,NQ09B SELL NY STOP,2025-03-05 09:30:00,2025-03,2025,522.0,BUY,SELL,581.0,585.5,9.0,NQ09B BUY NY N130 TP2,-59.0,0.0,9.0,59.0,4.5,4.5,0.0,True,752
2014,2025-03-05 18:00,WEEKDAY_PREMIUM,2,351.0,355.5,9.0,NQ09B BUY WEEKDAY 1800 D80,-59.0,5.5,9.0,NQ09B SELL WEEKDAY 1800 STOP,2025-03-05 18:00:00,2025-03,2025,292.0,BUY,SELL,351.0,355.5,9.0,NQ09B BUY WEEKDAY 1800 D80,-59.0,5.5,9.0,64.5,4.5,4.5,0.0,True,753
2018,2025-03-09 18:00,WEEKLY,2,-59.0,0.0,9.0,NQ09B BUY WEEKLY STOP,351.0,355.5,9.0,NQ09B SELL WEEKLY W80,2025-03-09 18:00:00,2025-03,2025,292.0,SELL,BUY,351.0,355.5,9.0,NQ09B SELL WEEKLY W80,-59.0,0.0,9.0,59.0,4.5,4.5,0.0,True,754
2019,2025-03-10 09:30,NY,2,571.0,575.5,9.0,NQ09B BUY NY N130 TP2,-59.0,0.0,9.0,NQ09B SELL NY STOP,2025-03-10 09:30:00,2025-03,2025,512.0,BUY,SELL,571.0,575.5,9.0,NQ09B BUY NY N130 TP2,-59.0,0.0,9.0,59.0,4.5,4.5,0.0,True,755
2020,2025-03-11 09:30,NY,2,-59.0,0.0,9.0,NQ09B BUY NY STOP,551.0,555.5,9.0,NQ09B SELL NY N130 TP2,2025-03-11 09:30:00,2025-03,2025,492.0,SELL,BUY,551.0,555.5,9.0,NQ09B SELL NY N130 TP2,-59.0,0.0,9.0,59.0,4.5,4.5,0.0,True,756
2022,2025-03-12 09:30,NY,2,-59.0,0.0,9.0,NQ09B BUY NY STOP,571.0,575.5,9.0,NQ09B SELL NY N130 TP2,2025-03-12 09:30:00,2025-03,2025,512.0,SELL,BUY,571.0,575.5,9.0,NQ09B SELL NY N130 TP2,-59.0,0.0,9.0,59.0,4.5,4.5,0.0,True,757
2025,2025-03-14 09:30,NY,2,-59.0,0.0,9.0,NQ09B BUY NY STOP,551.0,555.5,9.0,NQ09B SELL NY N130 TP2,2025-03-14 09:30:00,2025-03,2025,492.0,SELL,BUY,551.0,555.5,9.0,NQ09B SELL NY N130 TP2,-59.0,0.0,9.0,59.0,4.5,4.5,0.0,True,758
2026,2025-03-16 18:00,WEEKLY,2,351.0,355.5,9.0,NQ09B BUY WEEKLY W80,-59.0,0.0,9.0,NQ09B SELL WEEKLY STOP,2025-03-16 18:00:00,2025-03,2025,292.0,BUY,SELL,351.0,355.5,9.0,NQ09B BUY WEEKLY W80,-59.0,0.0,9.0,59.0,4.5,4.5,0.0,True,759
2027,2025-03-17 09:30,NY,2,-59.0,0.0,9.0,NQ09B BUY NY STOP,571.0,575.5,9.0,NQ09B SELL NY N130 TP2,2025-03-17 09:30:00,2025-03,2025,512.0,SELL,BUY,571.0,575.5,9.0,NQ09B SELL NY N130 TP2,-59.0,0.0,9.0,59.0,4.5,4.5,0.0,True,760
2029,2025-03-19 09:30,NY,2,-59.0,0.0,9.0,NQ09B BUY NY STOP,571.0,575.5,9.0,NQ09B SELL NY N130 TP2,2025-03-19 09:30:00,2025-03,2025,512.0,SELL,BUY,571.0,575.5,9.0,NQ09B SELL NY N130 TP2,-59.0,0.0,9.0,59.0,4.5,4.5,0.0,True,761
2030,2025-03-20 09:30,NY,2,-59.0,0.0,9.0,NQ09B BUY NY STOP,571.0,575.5,9.0,NQ09B SELL NY N130 TP2,2025-03-20 09:30:00,2025-03,2025,512.0,SELL,BUY,571.0,575.5,9.0,NQ09B SELL NY N130 TP2,-59.0,0.0,9.0,59.0,4.5,4.5,0.0,True,762
2031,2025-03-21 09:30,NY,2,-59.0,0.0,9.0,NQ09B BUY NY STOP,571.0,575.5,9.0,NQ09B SELL NY N130 TP2,2025-03-21 09:30:00,2025-03,2025,512.0,SELL,BUY,571.0,575.5,9.0,NQ09B SELL NY N130 TP2,-59.0,0.0,9.0,59.0,4.5,4.5,0.0,True,763
2032,2025-03-23 18:00,WEEKLY,2,351.0,355.5,9.0,NQ09B BUY WEEKLY W80,-59.0,0.0,9.0,NQ09B SELL WEEKLY STOP,2025-03-23 18:00:00,2025-03,2025,292.0,BUY,SELL,351.0,355.5,9.0,NQ09B BUY WEEKLY W80,-59.0,0.0,9.0,59.0,4.5,4.5,0.0,True,764
2033,2025-03-24 09:30,NY,2,571.0,575.5,9.0,NQ09B BUY NY N130 TP2,-59.0,0.0,9.0,NQ09B SELL NY STOP,2025-03-24 09:30:00,2025-03,2025,512.0,BUY,SELL,571.0,575.5,9.0,NQ09B BUY NY N130 TP2,-59.0,0.0,9.0,59.0,4.5,4.5,0.0,True,765
2034,2025-03-25 09:30,NY,2,-59.0,0.0,9.0,NQ09B BUY NY STOP,581.0,585.5,9.0,NQ09B SELL NY N130 TP2,2025-03-25 09:30:00,2025-03,2025,522.0,SELL,BUY,581.0,585.5,9.0,NQ09B SELL NY N130 TP2,-59.0,0.0,9.0,59.0,4.5,4.5,0.0,True,766
2035,2025-03-26 09:30,NY,2,581.0,585.5,9.0,NQ09B BUY NY N130 TP2,-59.0,0.0,9.0,NQ09B SELL NY STOP,2025-03-26 09:30:00,2025-03,2025,522.0,BUY,SELL,581.0,585.5,9.0,NQ09B BUY NY N130 TP2,-59.0,0.0,9.0,59.0,4.5,4.5,0.0,True,767
2036,2025-03-27 09:30,NY,2,571.0,575.5,9.0,NQ09B BUY NY N130 TP2,-59.0,0.0,9.0,NQ09B SELL NY STOP,2025-03-27 09:30:00,2025-03,2025,512.0,BUY,SELL,571.0,575.5,9.0,NQ09B BUY NY N130 TP2,-59.0,0.0,9.0,59.0,4.5,4.5,0.0,True,768
2038,2025-03-30 18:00,WEEKLY,2,-59.0,0.0,9.0,NQ09B BUY WEEKLY STOP,341.0,345.5,9.0,NQ09B SELL WEEKLY W80,2025-03-30 18:00:00,2025-03,2025,282.0,SELL,BUY,341.0,345.5,9.0,NQ09B SELL WEEKLY W80,-59.0,0.0,9.0,59.0,4.5,4.5,0.0,True,769
2039,2025-03-31 09:30,NY,2,551.0,555.5,9.0,NQ09B BUY NY N130 TP2,-59.0,0.0,9.0,NQ09B SELL NY STOP,2025-03-31 09:30:00,2025-03,2025,492.0,BUY,SELL,551.0,555.5,9.0,NQ09B BUY NY N130 TP2,-59.0,0.0,9.0,59.0,4.5,4.5,0.0,True,770
2040,2025-04-01 09:30,NY,2,-59.0,0.0,9.0,NQ09B BUY NY STOP,551.0,555.5,9.0,NQ09B SELL NY N130 TP2,2025-04-01 09:30:00,2025-04,2025,492.0,SELL,BUY,551.0,555.5,9.0,NQ09B SELL NY N130 TP2,-59.0,0.0,9.0,59.0,4.5,4.5,0.0,True,771
2043,2025-04-02 18:00,WEEKDAY_PREMIUM,2,341.0,345.5,9.0,NQ09B BUY WEEKDAY 1800 D80,-59.0,0.0,9.0,NQ09B SELL WEEKDAY 1800 STOP,2025-04-02 18:00:00,2025-04,2025,282.0,BUY,SELL,341.0,345.5,9.0,NQ09B BUY WEEKDAY 1800 D80,-59.0,0.0,9.0,59.0,4.5,4.5,0.0,True,772
2046,2025-04-04 09:30,NY,2,-59.0,0.0,9.0,NQ09B BUY NY STOP,531.0,535.5,9.0,NQ09B SELL NY N130 TP2,2025-04-04 09:30:00,2025-04,2025,472.0,SELL,BUY,531.0,535.5,9.0,NQ09B SELL NY N130 TP2,-59.0,0.0,9.0,59.0,4.5,4.5,0.0,True,773
2047,2025-04-06 18:00,WEEKLY,2,-59.0,0.0,9.0,NQ09B BUY WEEKLY STOP,311.0,315.5,9.0,NQ09B SELL WEEKLY W80,2025-04-06 18:00:00,2025-04,2025,252.0,SELL,BUY,311.0,315.5,9.0,NQ09B SELL WEEKLY W80,-59.0,0.0,9.0,59.0,4.5,4.5,0.0,True,774
2048,2025-04-07 09:30,NY,2,501.0,505.5,9.0,NQ09B BUY NY N130 TP2,-59.0,0.0,9.0,NQ09B SELL NY STOP,2025-04-07 09:30:00,2025-04,2025,442.0,BUY,SELL,501.0,505.5,9.0,NQ09B BUY NY N130 TP2,-59.0,0.0,9.0,59.0,4.5,4.5,0.0,True,775
2049,2025-04-07 18:00,WEEKDAY_PREMIUM,2,-59.0,0.0,9.0,NQ09B BUY WEEKDAY 1800 STOP,321.0,325.5,9.0,NQ09B SELL WEEKDAY 1800 D80,2025-04-07 18:00:00,2025-04,2025,262.0,SELL,BUY,321.0,325.5,9.0,NQ09B SELL WEEKDAY 1800 D80,-59.0,0.0,9.0,59.0,4.5,4.5,0.0,True,776
2050,2025-04-08 09:30,NY,2,-59.0,0.0,9.0,NQ09B BUY NY STOP,531.0,535.5,9.0,NQ09B SELL NY N130 TP2,2025-04-08 09:30:00,2025-04,2025,472.0,SELL,BUY,531.0,535.5,9.0,NQ09B SELL NY N130 TP2,-59.0,0.0,9.0,59.0,4.5,4.5,0.0,True,777
2053,2025-04-09 18:00,WEEKDAY_PREMIUM,2,-59.0,0.0,9.0,NQ09B BUY WEEKDAY 1800 STOP,341.0,345.5,9.0,NQ09B SELL WEEKDAY 1800 D80,2025-04-09 18:00:00,2025-04,2025,282.0,SELL,BUY,341.0,345.5,9.0,NQ09B SELL WEEKDAY 1800 D80,-59.0,0.0,9.0,59.0,4.5,4.5,0.0,True,778
2054,2025-04-10 09:30,NY,2,-59.0,0.0,9.0,NQ09B BUY NY STOP,541.0,545.5,9.0,NQ09B SELL NY N130 TP2,2025-04-10 09:30:00,2025-04,2025,482.0,SELL,BUY,541.0,545.5,9.0,NQ09B SELL NY N130 TP2,-59.0,0.0,9.0,59.0,4.5,4.5,0.0,True,779
2056,2025-04-11 09:30,NY,2,541.0,545.5,9.0,NQ09B BUY NY N130 TP2,-59.0,0.0,9.0,NQ09B SELL NY STOP,2025-04-11 09:30:00,2025-04,2025,482.0,BUY,SELL,541.0,545.5,9.0,NQ09B BUY NY N130 TP2,-59.0,0.0,9.0,59.0,4.5,4.5,0.0,True,780
2057,2025-04-13 18:00,WEEKLY,2,331.0,335.5,9.0,NQ09B BUY WEEKLY W80,-59.0,0.0,9.0,NQ09B SELL WEEKLY STOP,2025-04-13 18:00:00,2025-04,2025,272.0,BUY,SELL,331.0,335.5,9.0,NQ09B BUY WEEKLY W80,-59.0,0.0,9.0,59.0,4.5,4.5,0.0,True,781
2058,2025-04-14 09:30,NY,2,551.0,555.5,9.0,NQ09B BUY NY N130 TP2,-59.0,0.0,9.0,NQ09B SELL NY STOP,2025-04-14 09:30:00,2025-04,2025,492.0,BUY,SELL,551.0,555.5,9.0,NQ09B BUY NY N130 TP2,-59.0,0.0,9.0,59.0,4.5,4.5,0.0,True,782
2060,2025-04-15 09:30,NY,2,-59.0,0.0,9.0,NQ09B BUY NY STOP,551.0,555.5,9.0,NQ09B SELL NY N130 TP2,2025-04-15 09:30:00,2025-04,2025,492.0,SELL,BUY,551.0,555.5,9.0,NQ09B SELL NY N130 TP2,-59.0,0.0,9.0,59.0,4.5,4.5,0.0,True,783
2064,2025-04-20 18:00,WEEKLY,2,-59.0,0.0,9.0,NQ09B BUY WEEKLY STOP,331.0,335.5,9.0,NQ09B SELL WEEKLY W80,2025-04-20 18:00:00,2025-04,2025,272.0,SELL,BUY,331.0,335.5,9.0,NQ09B SELL WEEKLY W80,-59.0,0.0,9.0,59.0,4.5,4.5,0.0,True,784
2069,2025-04-24 09:30,NY,2,541.0,545.5,9.0,NQ09B BUY NY N130 TP2,-59.0,0.0,9.0,NQ09B SELL NY STOP,2025-04-24 09:30:00,2025-04,2025,482.0,BUY,SELL,541.0,545.5,9.0,NQ09B BUY NY N130 TP2,-59.0,0.0,9.0,59.0,4.5,4.5,0.0,True,785
2071,2025-04-25 09:30,NY,2,551.0,555.5,9.0,NQ09B BUY NY N130 TP2,-59.0,0.0,9.0,NQ09B SELL NY STOP,2025-04-25 09:30:00,2025-04,2025,492.0,BUY,SELL,551.0,555.5,9.0,NQ09B BUY NY N130 TP2,-59.0,0.0,9.0,59.0,4.5,4.5,0.0,True,786
2072,2025-04-27 18:00,WEEKLY,2,-59.0,0.0,9.0,NQ09B BUY WEEKLY STOP,341.0,345.5,9.0,NQ09B SELL WEEKLY W80,2025-04-27 18:00:00,2025-04,2025,282.0,SELL,BUY,341.0,345.5,9.0,NQ09B SELL WEEKLY W80,-59.0,0.0,9.0,59.0,4.5,4.5,0.0,True,787
2073,2025-04-28 09:30,NY,2,551.0,555.5,9.0,NQ09B BUY NY N130 TP2,-59.0,0.0,9.0,NQ09B SELL NY STOP,2025-04-28 09:30:00,2025-04,2025,492.0,BUY,SELL,551.0,555.5,9.0,NQ09B BUY NY N130 TP2,-59.0,0.0,9.0,59.0,4.5,4.5,0.0,True,788
2074,2025-04-29 09:30,NY,2,-59.0,0.0,9.0,NQ09B BUY NY STOP,551.0,555.5,9.0,NQ09B SELL NY N130 TP2,2025-04-29 09:30:00,2025-04,2025,492.0,SELL,BUY,551.0,555.5,9.0,NQ09B SELL NY N130 TP2,-59.0,0.0,9.0,59.0,4.5,4.5,0.0,True,789
2077,2025-04-30 18:00,WEEKDAY_PREMIUM,2,-59.0,0.0,9.0,NQ09B BUY WEEKDAY 1800 STOP,351.0,355.5,9.0,NQ09B SELL WEEKDAY 1800 D80,2025-04-30 18:00:00,2025-04,2025,292.0,SELL,BUY,351.0,355.5,9.0,NQ09B SELL WEEKDAY 1800 D80,-59.0,0.0,9.0,59.0,4.5,4.5,0.0,True,790
2078,2025-05-01 09:30,NY,2,571.0,575.5,9.0,NQ09B BUY NY N130 TP2,-59.0,0.0,9.0,NQ09B SELL NY STOP,2025-05-01 09:30:00,2025-05,2025,512.0,BUY,SELL,571.0,575.5,9.0,NQ09B BUY NY N130 TP2,-59.0,0.0,9.0,59.0,4.5,4.5,0.0,True,791
2079,2025-05-01 18:00,WEEKDAY_PREMIUM,2,351.0,355.5,9.0,NQ09B BUY WEEKDAY 1800 D80,-59.0,0.0,9.0,NQ09B SELL WEEKDAY 1800 STOP,2025-05-01 18:00:00,2025-05,2025,292.0,BUY,SELL,351.0,355.5,9.0,NQ09B BUY WEEKDAY 1800 D80,-59.0,0.0,9.0,59.0,4.5,4.5,0.0,True,792
2080,2025-05-02 09:30,NY,2,-59.0,0.0,9.0,NQ09B BUY NY STOP,571.0,575.5,9.0,NQ09B SELL NY N130 TP2,2025-05-02 09:30:00,2025-05,2025,512.0,SELL,BUY,571.0,575.5,9.0,NQ09B SELL NY N130 TP2,-59.0,0.0,9.0,59.0,4.5,4.5,0.0,True,793
2081,2025-05-04 18:00,WEEKLY,2,351.0,355.5,9.0,NQ09B BUY WEEKLY W80,-59.0,0.0,9.0,NQ09B SELL WEEKLY STOP,2025-05-04 18:00:00,2025-05,2025,292.0,BUY,SELL,351.0,355.5,9.0,NQ09B BUY WEEKLY W80,-59.0,0.0,9.0,59.0,4.5,4.5,0.0,True,794
2082,2025-05-05 09:30,NY,2,-59.0,0.0,9.0,NQ09B BUY NY STOP,571.0,575.5,9.0,NQ09B SELL NY N130 TP2,2025-05-05 09:30:00,2025-05,2025,512.0,SELL,BUY,571.0,575.5,9.0,NQ09B SELL NY N130 TP2,-59.0,0.0,9.0,59.0,4.5,4.5,0.0,True,795
2083,2025-05-06 09:30,NY,2,-59.0,0.0,9.0,NQ09B BUY NY STOP,571.0,575.5,9.0,NQ09B SELL NY N130 TP2,2025-05-06 09:30:00,2025-05,2025,512.0,SELL,BUY,571.0,575.5,9.0,NQ09B SELL NY N130 TP2,-59.0,0.0,9.0,59.0,4.5,4.5,0.0,True,796
2085,2025-05-07 09:30,NY,2,571.0,575.5,9.0,NQ09B BUY NY N130 TP2,-59.0,0.0,9.0,NQ09B SELL NY STOP,2025-05-07 09:30:00,2025-05,2025,512.0,BUY,SELL,571.0,575.5,9.0,NQ09B BUY NY N130 TP2,-59.0,0.0,9.0,59.0,4.5,4.5,0.0,True,797
2090,2025-05-13 09:30,NY,2,-59.0,0.0,9.0,NQ09B BUY NY STOP,591.0,595.5,9.0,NQ09B SELL NY N130 TP2,2025-05-13 09:30:00,2025-05,2025,532.0,SELL,BUY,591.0,595.5,9.0,NQ09B SELL NY N130 TP2,-59.0,0.0,9.0,59.0,4.5,4.5,0.0,True,798
2091,2025-05-14 09:30,NY,2,591.0,595.5,9.0,NQ09B BUY NY N130 TP2,-59.0,5.5,9.0,NQ09B SELL NY STOP,2025-05-14 09:30:00,2025-05,2025,532.0,BUY,SELL,591.0,595.5,9.0,NQ09B BUY NY N130 TP2,-59.0,5.5,9.0,64.5,4.5,4.5,0.0,True,799
2092,2025-05-15 09:30,NY,2,-59.0,0.0,9.0,NQ09B BUY NY STOP,591.0,595.5,9.0,NQ09B SELL NY N130 TP2,2025-05-15 09:30:00,2025-05,2025,532.0,SELL,BUY,591.0,595.5,9.0,NQ09B SELL NY N130 TP2,-59.0,0.0,9.0,59.0,4.5,4.5,0.0,True,800
2094,2025-05-18 18:00,WEEKLY,2,-59.0,0.0,9.0,NQ09B BUY WEEKLY STOP,361.0,365.5,9.0,NQ09B SELL WEEKLY W80,2025-05-18 18:00:00,2025-05,2025,302.0,SELL,BUY,361.0,365.5,9.0,NQ09B SELL WEEKLY W80,-59.0,0.0,9.0,59.0,4.5,4.5,0.0,True,801
2098,2025-05-22 09:30,NY,2,591.0,595.5,9.0,NQ09B BUY NY N130 TP2,-59.0,0.0,9.0,NQ09B SELL NY STOP,2025-05-22 09:30:00,2025-05,2025,532.0,BUY,SELL,591.0,595.5,9.0,NQ09B BUY NY N130 TP2,-59.0,0.0,9.0,59.0,4.5,4.5,0.0,True,802
2100,2025-05-23 09:30,NY,2,-59.0,0.0,9.0,NQ09B BUY NY STOP,581.0,585.5,9.0,NQ09B SELL NY N130 TP2,2025-05-23 09:30:00,2025-05,2025,522.0,SELL,BUY,581.0,585.5,9.0,NQ09B SELL NY N130 TP2,-59.0,0.0,9.0,59.0,4.5,4.5,0.0,True,803
2101,2025-05-25 18:00,WEEKLY,2,-59.0,0.0,9.0,NQ09B BUY WEEKLY STOP,361.0,365.5,9.0,NQ09B SELL WEEKLY W80,2025-05-25 18:00:00,2025-05,2025,302.0,SELL,BUY,361.0,365.5,9.0,NQ09B SELL WEEKLY W80,-59.0,0.0,9.0,59.0,4.5,4.5,0.0,True,804
2103,2025-05-27 09:30,NY,2,591.0,595.5,9.0,NQ09B BUY NY N130 TP2,-59.0,0.0,9.0,NQ09B SELL NY STOP,2025-05-27 09:30:00,2025-05,2025,532.0,BUY,SELL,591.0,595.5,9.0,NQ09B BUY NY N130 TP2,-59.0,0.0,9.0,59.0,4.5,4.5,0.0,True,805
2111,2025-06-03 09:30,NY,2,-59.0,0.0,9.0,NQ09B BUY NY STOP,591.0,595.5,9.0,NQ09B SELL NY N130 TP2,2025-06-03 09:30:00,2025-06,2025,532.0,SELL,BUY,591.0,595.5,9.0,NQ09B SELL NY N130 TP2,-59.0,0.0,9.0,59.0,4.5,4.5,0.0,True,806
2114,2025-06-05 09:30,NY,2,611.0,615.5,9.0,NQ09B BUY NY N130 TP2,-59.0,0.0,9.0,NQ09B SELL NY STOP,2025-06-05 09:30:00,2025-06,2025,552.0,BUY,SELL,611.0,615.5,9.0,NQ09B BUY NY N130 TP2,-59.0,0.0,9.0,59.0,4.5,4.5,0.0,True,807
2115,2025-06-05 18:00,WEEKDAY_PREMIUM,2,361.0,365.5,9.0,NQ09B BUY WEEKDAY 1800 D80,-59.0,0.0,9.0,NQ09B SELL WEEKDAY 1800 STOP,2025-06-05 18:00:00,2025-06,2025,302.0,BUY,SELL,361.0,365.5,9.0,NQ09B BUY WEEKDAY 1800 D80,-59.0,0.0,9.0,59.0,4.5,4.5,0.0,True,808
2116,2025-06-06 09:30,NY,2,611.0,615.5,9.0,NQ09B BUY NY N130 TP2,-59.0,0.0,9.0,NQ09B SELL NY STOP,2025-06-06 09:30:00,2025-06,2025,552.0,BUY,SELL,611.0,615.5,9.0,NQ09B BUY NY N130 TP2,-59.0,0.0,9.0,59.0,4.5,4.5,0.0,True,809
2118,2025-06-09 09:30,NY,2,611.0,615.5,9.0,NQ09B BUY NY N130 TP2,-59.0,0.0,9.0,NQ09B SELL NY STOP,2025-06-09 09:30:00,2025-06,2025,552.0,BUY,SELL,611.0,615.5,9.0,NQ09B BUY NY N130 TP2,-59.0,0.0,9.0,59.0,4.5,4.5,0.0,True,810
2119,2025-06-10 09:30,NY,2,-59.0,0.0,9.0,NQ09B BUY NY STOP,611.0,615.5,9.0,NQ09B SELL NY N130 TP2,2025-06-10 09:30:00,2025-06,2025,552.0,SELL,BUY,611.0,615.5,9.0,NQ09B SELL NY N130 TP2,-59.0,0.0,9.0,59.0,4.5,4.5,0.0,True,811
2123,2025-06-13 09:30,NY,2,-59.0,0.0,9.0,NQ09B BUY NY STOP,611.0,615.5,9.0,NQ09B SELL NY N130 TP2,2025-06-13 09:30:00,2025-06,2025,552.0,SELL,BUY,611.0,615.5,9.0,NQ09B SELL NY N130 TP2,-59.0,0.0,9.0,59.0,4.5,4.5,0.0,True,812
2124,2025-06-15 18:00,WEEKLY,2,-59.0,0.0,9.0,NQ09B BUY WEEKLY STOP,371.0,375.5,9.0,NQ09B SELL WEEKLY W80,2025-06-15 18:00:00,2025-06,2025,312.0,SELL,BUY,371.0,375.5,9.0,NQ09B SELL WEEKLY W80,-59.0,0.0,9.0,59.0,4.5,4.5,0.0,True,813
2125,2025-06-16 09:30,NY,2,611.0,615.5,9.0,NQ09B BUY NY N130 TP2,-59.0,5.5,9.0,NQ09B SELL NY STOP,2025-06-16 09:30:00,2025-06,2025,552.0,BUY,SELL,611.0,615.5,9.0,NQ09B BUY NY N130 TP2,-59.0,5.5,9.0,64.5,4.5,4.5,0.0,True,814
2132,2025-06-20 09:30,NY,2,611.0,615.5,9.0,NQ09B BUY NY N130 TP2,-59.0,0.0,9.0,NQ09B SELL NY STOP,2025-06-20 09:30:00,2025-06,2025,552.0,BUY,SELL,611.0,615.5,9.0,NQ09B BUY NY N130 TP2,-59.0,0.0,9.0,59.0,4.5,4.5,0.0,True,815
2133,2025-06-22 18:00,WEEKLY,2,371.0,375.5,9.0,NQ09B BUY WEEKLY W80,-59.0,0.0,9.0,NQ09B SELL WEEKLY STOP,2025-06-22 18:00:00,2025-06,2025,312.0,BUY,SELL,371.0,375.5,9.0,NQ09B BUY WEEKLY W80,-59.0,0.0,9.0,59.0,4.5,4.5,0.0,True,816
2135,2025-06-24 09:30,NY,2,-59.0,0.0,9.0,NQ09B BUY NY STOP,621.0,625.5,9.0,NQ09B SELL NY N130 TP2,2025-06-24 09:30:00,2025-06,2025,562.0,SELL,BUY,621.0,625.5,9.0,NQ09B SELL NY N130 TP2,-59.0,0.0,9.0,59.0,4.5,4.5,0.0,True,817
2138,2025-06-27 09:30,NY,2,621.0,625.5,9.0,NQ09B BUY NY N130 TP2,-59.0,0.0,9.0,NQ09B SELL NY STOP,2025-06-27 09:30:00,2025-06,2025,562.0,BUY,SELL,621.0,625.5,9.0,NQ09B BUY NY N130 TP2,-59.0,0.0,9.0,59.0,4.5,4.5,0.0,True,818
2139,2025-06-29 18:00,WEEKLY,2,381.0,385.5,9.0,NQ09B BUY WEEKLY W80,-59.0,0.0,9.0,NQ09B SELL WEEKLY STOP,2025-06-29 18:00:00,2025-06,2025,322.0,BUY,SELL,381.0,385.5,9.0,NQ09B BUY WEEKLY W80,-59.0,0.0,9.0,59.0,4.5,4.5,0.0,True,819
2147,2025-07-06 18:00,WEEKLY,2,-59.0,0.0,9.0,NQ09B BUY WEEKLY STOP,381.0,385.5,9.0,NQ09B SELL WEEKLY W80,2025-07-06 18:00:00,2025-07,2025,322.0,SELL,BUY,381.0,385.5,9.0,NQ09B SELL WEEKLY W80,-59.0,0.0,9.0,59.0,4.5,4.5,0.0,True,820
2148,2025-07-07 09:30,NY,2,631.0,635.5,9.0,NQ09B BUY NY N130 TP2,-59.0,0.0,9.0,NQ09B SELL NY STOP,2025-07-07 09:30:00,2025-07,2025,572.0,BUY,SELL,631.0,635.5,9.0,NQ09B BUY NY N130 TP2,-59.0,0.0,9.0,59.0,4.5,4.5,0.0,True,821
2152,2025-07-10 09:30,NY,2,631.0,635.5,9.0,NQ09B BUY NY N130 TP2,-59.0,0.0,9.0,NQ09B SELL NY STOP,2025-07-10 09:30:00,2025-07,2025,572.0,BUY,SELL,631.0,635.5,9.0,NQ09B BUY NY N130 TP2,-59.0,0.0,9.0,59.0,4.5,4.5,0.0,True,822
2155,2025-07-14 09:30,NY,2,-59.0,0.0,9.0,NQ09B BUY NY STOP,631.0,635.5,9.0,NQ09B SELL NY N130 TP2,2025-07-14 09:30:00,2025-07,2025,572.0,SELL,BUY,631.0,635.5,9.0,NQ09B SELL NY N130 TP2,-59.0,0.0,9.0,59.0,4.5,4.5,0.0,True,823
2156,2025-07-15 09:30,NY,2,631.0,635.5,9.0,NQ09B BUY NY N130 TP2,-59.0,0.0,9.0,NQ09B SELL NY STOP,2025-07-15 09:30:00,2025-07,2025,572.0,BUY,SELL,631.0,635.5,9.0,NQ09B BUY NY N130 TP2,-59.0,0.0,9.0,59.0,4.5,4.5,0.0,True,824
2158,2025-07-17 09:30,NY,2,631.0,635.5,9.0,NQ09B BUY NY N130 TP2,-59.0,0.0,9.0,NQ09B SELL NY STOP,2025-07-17 09:30:00,2025-07,2025,572.0,BUY,SELL,631.0,635.5,9.0,NQ09B BUY NY N130 TP2,-59.0,0.0,9.0,59.0,4.5,4.5,0.0,True,825
2165,2025-07-24 09:30,NY,2,631.0,635.5,9.0,NQ09B BUY NY N130 TP2,-59.0,0.0,9.0,NQ09B SELL NY STOP,2025-07-24 09:30:00,2025-07,2025,572.0,BUY,SELL,631.0,635.5,9.0,NQ09B BUY NY N130 TP2,-59.0,0.0,9.0,59.0,4.5,4.5,0.0,True,826
2171,2025-07-30 18:00,WEEKDAY_PREMIUM,2,-59.0,0.0,9.0,NQ09B BUY WEEKDAY 1800 STOP,391.0,395.5,9.0,NQ09B SELL WEEKDAY 1800 D80,2025-07-30 18:00:00,2025-07,2025,332.0,SELL,BUY,391.0,395.5,9.0,NQ09B SELL WEEKDAY 1800 D80,-59.0,0.0,9.0,59.0,4.5,4.5,0.0,True,827
2179,2025-08-05 18:00,WEEKDAY_PREMIUM,2,-59.0,0.0,9.0,NQ09B BUY WEEKDAY 1800 STOP,391.0,395.5,9.0,NQ09B SELL WEEKDAY 1800 D80,2025-08-05 18:00:00,2025-08,2025,332.0,SELL,BUY,391.0,395.5,9.0,NQ09B SELL WEEKDAY 1800 D80,-59.0,0.0,9.0,59.0,4.5,4.5,0.0,True,828
2181,2025-08-07 09:30,NY,2,-59.0,0.0,9.0,NQ09B BUY NY STOP,631.0,635.5,9.0,NQ09B SELL NY N130 TP2,2025-08-07 09:30:00,2025-08,2025,572.0,SELL,BUY,631.0,635.5,9.0,NQ09B SELL NY N130 TP2,-59.0,0.0,9.0,59.0,4.5,4.5,0.0,True,829
2186,2025-08-12 09:30,NY,2,-59.0,0.0,9.0,NQ09B BUY NY STOP,631.0,635.5,9.0,NQ09B SELL NY N130 TP2,2025-08-12 09:30:00,2025-08,2025,572.0,SELL,BUY,631.0,635.5,9.0,NQ09B SELL NY N130 TP2,-59.0,0.0,9.0,59.0,4.5,4.5,0.0,True,830
2189,2025-08-14 09:30,NY,2,-59.0,0.0,9.0,NQ09B BUY NY STOP,631.0,635.5,9.0,NQ09B SELL NY N130 TP2,2025-08-14 09:30:00,2025-08,2025,572.0,SELL,BUY,631.0,635.5,9.0,NQ09B SELL NY N130 TP2,-59.0,0.0,9.0,59.0,4.5,4.5,0.0,True,831
2192,2025-08-17 18:00,WEEKLY,2,391.0,395.5,9.0,NQ09B BUY WEEKLY W80,-59.0,0.0,9.0,NQ09B SELL WEEKLY STOP,2025-08-17 18:00:00,2025-08,2025,332.0,BUY,SELL,391.0,395.5,9.0,NQ09B BUY WEEKLY W80,-59.0,0.0,9.0,59.0,4.5,4.5,0.0,True,832
2193,2025-08-18 09:30,NY,2,631.0,635.5,9.0,NQ09B BUY NY N130 TP2,-59.0,0.0,9.0,NQ09B SELL NY STOP,2025-08-18 09:30:00,2025-08,2025,572.0,BUY,SELL,631.0,635.5,9.0,NQ09B BUY NY N130 TP2,-59.0,0.0,9.0,59.0,4.5,4.5,0.0,True,833
2200,2025-08-25 09:30,NY,2,631.0,635.5,9.0,NQ09B BUY NY N130 TP2,-59.0,0.0,9.0,NQ09B SELL NY STOP,2025-08-25 09:30:00,2025-08,2025,572.0,BUY,SELL,631.0,635.5,9.0,NQ09B BUY NY N130 TP2,-59.0,0.0,9.0,59.0,4.5,4.5,0.0,True,834
2203,2025-08-27 09:30,NY,2,-59.0,0.0,9.0,NQ09B BUY NY STOP,631.0,635.5,9.0,NQ09B SELL NY N130 TP2,2025-08-27 09:30:00,2025-08,2025,572.0,SELL,BUY,631.0,635.5,9.0,NQ09B SELL NY N130 TP2,-59.0,0.0,9.0,59.0,4.5,4.5,0.0,True,835
2207,2025-08-31 18:00,WEEKLY,2,-59.0,0.0,9.0,NQ09B BUY WEEKLY STOP,391.0,395.5,9.0,NQ09B SELL WEEKLY W80,2025-08-31 18:00:00,2025-08,2025,332.0,SELL,BUY,391.0,395.5,9.0,NQ09B SELL WEEKLY W80,-59.0,0.0,9.0,59.0,4.5,4.5,0.0,True,836
2214,2025-09-04 09:30,NY,2,-59.0,0.0,9.0,NQ09B BUY NY STOP,631.0,635.5,9.0,NQ09B SELL NY N130 TP2,2025-09-04 09:30:00,2025-09,2025,572.0,SELL,BUY,631.0,635.5,9.0,NQ09B SELL NY N130 TP2,-59.0,0.0,9.0,59.0,4.5,4.5,0.0,True,837
2215,2025-09-05 09:30,NY,2,631.0,635.5,9.0,NQ09B BUY NY N130 TP2,-59.0,0.0,9.0,NQ09B SELL NY STOP,2025-09-05 09:30:00,2025-09,2025,572.0,BUY,SELL,631.0,635.5,9.0,NQ09B BUY NY N130 TP2,-59.0,0.0,9.0,59.0,4.5,4.5,0.0,True,838
2216,2025-09-07 18:00,WEEKLY,2,391.0,395.5,9.0,NQ09B BUY WEEKLY W80,-59.0,0.0,9.0,NQ09B SELL WEEKLY STOP,2025-09-07 18:00:00,2025-09,2025,332.0,BUY,SELL,391.0,395.5,9.0,NQ09B BUY WEEKLY W80,-59.0,0.0,9.0,59.0,4.5,4.5,0.0,True,839
2226,2025-09-17 09:30,NY,2,631.0,635.5,9.0,NQ09B BUY NY N130 TP2,-59.0,0.0,9.0,NQ09B SELL NY STOP,2025-09-17 09:30:00,2025-09,2025,572.0,BUY,SELL,631.0,635.5,9.0,NQ09B BUY NY N130 TP2,-59.0,0.0,9.0,59.0,4.5,4.5,0.0,True,840
2228,2025-09-18 09:30,NY,2,-59.0,0.0,9.0,NQ09B BUY NY STOP,631.0,635.5,9.0,NQ09B SELL NY N130 TP2,2025-09-18 09:30:00,2025-09,2025,572.0,SELL,BUY,631.0,635.5,9.0,NQ09B SELL NY N130 TP2,-59.0,0.0,9.0,59.0,4.5,4.5,0.0,True,841
2236,2025-09-26 09:30,NY,2,631.0,635.5,9.0,NQ09B BUY NY N130 TP2,-59.0,0.0,9.0,NQ09B SELL NY STOP,2025-09-26 09:30:00,2025-09,2025,572.0,BUY,SELL,631.0,635.5,9.0,NQ09B BUY NY N130 TP2,-59.0,0.0,9.0,59.0,4.5,4.5,0.0,True,842
2242,2025-10-01 09:30,NY,2,-59.0,0.0,9.0,NQ09B BUY NY STOP,631.0,635.5,9.0,NQ09B SELL NY N130 TP2,2025-10-01 09:30:00,2025-10,2025,572.0,SELL,BUY,631.0,635.5,9.0,NQ09B SELL NY N130 TP2,-59.0,0.0,9.0,59.0,4.5,4.5,0.0,True,843
2250,2025-10-10 09:30,NY,2,-59.0,0.0,9.0,NQ09B BUY NY STOP,631.0,635.5,9.0,NQ09B SELL NY N130 TP2,2025-10-10 09:30:00,2025-10,2025,572.0,SELL,BUY,631.0,635.5,9.0,NQ09B SELL NY N130 TP2,-59.0,0.0,9.0,59.0,4.5,4.5,0.0,True,844
2251,2025-10-12 18:00,WEEKLY,2,391.0,395.5,9.0,NQ09B BUY WEEKLY W80,-59.0,0.0,9.0,NQ09B SELL WEEKLY STOP,2025-10-12 18:00:00,2025-10,2025,332.0,BUY,SELL,391.0,395.5,9.0,NQ09B BUY WEEKLY W80,-59.0,0.0,9.0,59.0,4.5,4.5,0.0,True,845
2252,2025-10-13 09:30,NY,2,631.0,635.5,9.0,NQ09B BUY NY N130 TP2,-59.0,0.0,9.0,NQ09B SELL NY STOP,2025-10-13 09:30:00,2025-10,2025,572.0,BUY,SELL,631.0,635.5,9.0,NQ09B BUY NY N130 TP2,-59.0,0.0,9.0,59.0,4.5,4.5,0.0,True,846
2259,2025-10-17 09:30,NY,2,-59.0,0.0,9.0,NQ09B BUY NY STOP,631.0,635.5,9.0,NQ09B SELL NY N130 TP2,2025-10-17 09:30:00,2025-10,2025,572.0,SELL,BUY,631.0,635.5,9.0,NQ09B SELL NY N130 TP2,-59.0,0.0,9.0,59.0,4.5,4.5,0.0,True,847
2260,2025-10-19 18:00,WEEKLY,2,-59.0,0.0,9.0,NQ09B BUY WEEKLY STOP,391.0,395.5,9.0,NQ09B SELL WEEKLY W80,2025-10-19 18:00:00,2025-10,2025,332.0,SELL,BUY,391.0,395.5,9.0,NQ09B SELL WEEKLY W80,-59.0,0.0,9.0,59.0,4.5,4.5,0.0,True,848
2265,2025-10-23 09:30,NY,2,-59.0,0.0,9.0,NQ09B BUY NY STOP,631.0,635.5,9.0,NQ09B SELL NY N130 TP2,2025-10-23 09:30:00,2025-10,2025,572.0,SELL,BUY,631.0,635.5,9.0,NQ09B SELL NY N130 TP2,-59.0,0.0,9.0,59.0,4.5,4.5,0.0,True,849
2267,2025-10-24 09:30,NY,2,631.0,635.5,9.0,NQ09B BUY NY N130 TP2,-59.0,0.0,9.0,NQ09B SELL NY STOP,2025-10-24 09:30:00,2025-10,2025,572.0,BUY,SELL,631.0,635.5,9.0,NQ09B BUY NY N130 TP2,-59.0,0.0,9.0,59.0,4.5,4.5,0.0,True,850
2268,2025-10-26 18:00,WEEKLY,2,-59.0,0.0,9.0,NQ09B BUY WEEKLY STOP,391.0,395.5,9.0,NQ09B SELL WEEKLY W80,2025-10-26 18:00:00,2025-10,2025,332.0,SELL,BUY,391.0,395.5,9.0,NQ09B SELL WEEKLY W80,-59.0,0.0,9.0,59.0,4.5,4.5,0.0,True,851
2274,2025-10-30 18:00,WEEKDAY_PREMIUM,2,391.0,395.5,9.0,NQ09B BUY WEEKDAY 1800 D80,-59.0,0.0,9.0,NQ09B SELL WEEKDAY 1800 STOP,2025-10-30 18:00:00,2025-10,2025,332.0,BUY,SELL,391.0,395.5,9.0,NQ09B BUY WEEKDAY 1800 D80,-59.0,0.0,9.0,59.0,4.5,4.5,0.0,True,852
2275,2025-10-31 09:30,NY,2,-59.0,0.0,9.0,NQ09B BUY NY STOP,631.0,635.5,9.0,NQ09B SELL NY N130 TP2,2025-10-31 09:30:00,2025-10,2025,572.0,SELL,BUY,631.0,635.5,9.0,NQ09B SELL NY N130 TP2,-59.0,0.0,9.0,59.0,4.5,4.5,0.0,True,853
2276,2025-11-02 18:00,WEEKLY,2,-59.0,0.0,9.0,NQ09B BUY WEEKLY STOP,391.0,395.5,9.0,NQ09B SELL WEEKLY W80,2025-11-02 18:00:00,2025-11,2025,332.0,SELL,BUY,391.0,395.5,9.0,NQ09B SELL WEEKLY W80,-59.0,0.0,9.0,59.0,4.5,4.5,0.0,True,854
2280,2025-11-05 09:30,NY,2,631.0,635.5,9.0,NQ09B BUY NY N130 TP2,-59.0,0.0,9.0,NQ09B SELL NY STOP,2025-11-05 09:30:00,2025-11,2025,572.0,BUY,SELL,631.0,635.5,9.0,NQ09B BUY NY N130 TP2,-59.0,0.0,9.0,59.0,4.5,4.5,0.0,True,855
2282,2025-11-06 18:00,WEEKDAY_PREMIUM,2,-59.0,0.0,9.0,NQ09B BUY WEEKDAY 1800 STOP,391.0,395.5,9.0,NQ09B SELL WEEKDAY 1800 D80,2025-11-06 18:00:00,2025-11,2025,332.0,SELL,BUY,391.0,395.5,9.0,NQ09B SELL WEEKDAY 1800 D80,-59.0,0.0,9.0,59.0,4.5,4.5,0.0,True,856
2283,2025-11-07 09:30,NY,2,-59.0,5.5,9.0,NQ09B BUY NY STOP,631.0,635.5,9.0,NQ09B SELL NY N130 TP2,2025-11-07 09:30:00,2025-11,2025,572.0,SELL,BUY,631.0,635.5,9.0,NQ09B SELL NY N130 TP2,-59.0,5.5,9.0,64.5,4.5,4.5,0.0,True,857
2284,2025-11-09 18:00,WEEKLY,2,391.0,395.5,9.0,NQ09B BUY WEEKLY W80,-59.0,0.0,9.0,NQ09B SELL WEEKLY STOP,2025-11-09 18:00:00,2025-11,2025,332.0,BUY,SELL,391.0,395.5,9.0,NQ09B BUY WEEKLY W80,-59.0,0.0,9.0,59.0,4.5,4.5,0.0,True,858
2288,2025-11-13 09:30,NY,2,631.0,635.5,9.0,NQ09B BUY NY N130 TP2,-59.0,0.0,9.0,NQ09B SELL NY STOP,2025-11-13 09:30:00,2025-11,2025,572.0,BUY,SELL,631.0,635.5,9.0,NQ09B BUY NY N130 TP2,-59.0,0.0,9.0,59.0,4.5,4.5,0.0,True,859
2290,2025-11-14 09:30,NY,2,631.0,635.5,9.0,NQ09B BUY NY N130 TP2,-59.0,0.0,9.0,NQ09B SELL NY STOP,2025-11-14 09:30:00,2025-11,2025,572.0,BUY,SELL,631.0,635.5,9.0,NQ09B BUY NY N130 TP2,-59.0,0.0,9.0,59.0,4.5,4.5,0.0,True,860
2292,2025-11-17 09:30,NY,2,-59.0,0.0,9.0,NQ09B BUY NY STOP,631.0,635.5,9.0,NQ09B SELL NY N130 TP2,2025-11-17 09:30:00,2025-11,2025,572.0,SELL,BUY,631.0,635.5,9.0,NQ09B SELL NY N130 TP2,-59.0,0.0,9.0,59.0,4.5,4.5,0.0,True,861
2294,2025-11-18 09:30,NY,2,-59.0,0.0,9.0,NQ09B BUY NY STOP,631.0,635.5,9.0,NQ09B SELL NY N130 TP2,2025-11-18 09:30:00,2025-11,2025,572.0,SELL,BUY,631.0,635.5,9.0,NQ09B SELL NY N130 TP2,-59.0,0.0,9.0,59.0,4.5,4.5,0.0,True,862
2295,2025-11-18 18:00,WEEKDAY_PREMIUM,2,-59.0,0.0,9.0,NQ09B BUY WEEKDAY 1800 STOP,391.0,395.5,9.0,NQ09B SELL WEEKDAY 1800 D80,2025-11-18 18:00:00,2025-11,2025,332.0,SELL,BUY,391.0,395.5,9.0,NQ09B SELL WEEKDAY 1800 D80,-59.0,0.0,9.0,59.0,4.5,4.5,0.0,True,863
2296,2025-11-19 09:30,NY,2,-59.0,0.0,9.0,NQ09B BUY NY STOP,631.0,635.5,9.0,NQ09B SELL NY N130 TP2,2025-11-19 09:30:00,2025-11,2025,572.0,SELL,BUY,631.0,635.5,9.0,NQ09B SELL NY N130 TP2,-59.0,0.0,9.0,59.0,4.5,4.5,0.0,True,864
2297,2025-11-19 18:00,WEEKDAY_PREMIUM,2,-59.0,0.0,9.0,NQ09B BUY WEEKDAY 1800 STOP,391.0,395.5,9.0,NQ09B SELL WEEKDAY 1800 D80,2025-11-19 18:00:00,2025-11,2025,332.0,SELL,BUY,391.0,395.5,9.0,NQ09B SELL WEEKDAY 1800 D80,-59.0,0.0,9.0,59.0,4.5,4.5,0.0,True,865
2298,2025-11-20 09:30,NY,2,631.0,635.5,9.0,NQ09B BUY NY N130 TP2,-59.0,0.0,9.0,NQ09B SELL NY STOP,2025-11-20 09:30:00,2025-11,2025,572.0,BUY,SELL,631.0,635.5,9.0,NQ09B BUY NY N130 TP2,-59.0,0.0,9.0,59.0,4.5,4.5,0.0,True,866
2299,2025-11-20 18:00,WEEKDAY_PREMIUM,2,391.0,395.5,9.0,NQ09B BUY WEEKDAY 1800 D80,-59.0,0.0,9.0,NQ09B SELL WEEKDAY 1800 STOP,2025-11-20 18:00:00,2025-11,2025,332.0,BUY,SELL,391.0,395.5,9.0,NQ09B BUY WEEKDAY 1800 D80,-59.0,0.0,9.0,59.0,4.5,4.5,0.0,True,867
2300,2025-11-21 09:30,NY,2,-59.0,0.0,9.0,NQ09B BUY NY STOP,631.0,635.5,9.0,NQ09B SELL NY N130 TP2,2025-11-21 09:30:00,2025-11,2025,572.0,SELL,BUY,631.0,635.5,9.0,NQ09B SELL NY N130 TP2,-59.0,0.0,9.0,59.0,4.5,4.5,0.0,True,868
2301,2025-11-23 18:00,WEEKLY,2,391.0,395.5,9.0,NQ09B BUY WEEKLY W80,-59.0,0.0,9.0,NQ09B SELL WEEKLY STOP,2025-11-23 18:00:00,2025-11,2025,332.0,BUY,SELL,391.0,395.5,9.0,NQ09B BUY WEEKLY W80,-59.0,0.0,9.0,59.0,4.5,4.5,0.0,True,869
2303,2025-11-25 09:30,NY,2,631.0,635.5,9.0,NQ09B BUY NY N130 TP2,-59.0,0.0,9.0,NQ09B SELL NY STOP,2025-11-25 09:30:00,2025-11,2025,572.0,BUY,SELL,631.0,635.5,9.0,NQ09B BUY NY N130 TP2,-59.0,0.0,9.0,59.0,4.5,4.5,0.0,True,870
2305,2025-11-27 09:30,NY,2,631.0,635.5,9.0,NQ09B BUY NY N130 TP2,-59.0,0.0,9.0,NQ09B SELL NY STOP,2025-11-27 09:30:00,2025-11,2025,572.0,BUY,SELL,631.0,635.5,9.0,NQ09B BUY NY N130 TP2,-59.0,0.0,9.0,59.0,4.5,4.5,0.0,True,871
2307,2025-11-30 18:00,WEEKLY,2,-59.0,0.0,9.0,NQ09B BUY WEEKLY STOP,391.0,395.5,9.0,NQ09B SELL WEEKLY W80,2025-11-30 18:00:00,2025-11,2025,332.0,SELL,BUY,391.0,395.5,9.0,NQ09B SELL WEEKLY W80,-59.0,0.0,9.0,59.0,4.5,4.5,0.0,True,872
2308,2025-12-01 09:30,NY,2,-59.0,0.0,9.0,NQ09B BUY NY STOP,631.0,635.5,9.0,NQ09B SELL NY N130 TP2,2025-12-01 09:30:00,2025-12,2025,572.0,SELL,BUY,631.0,635.5,9.0,NQ09B SELL NY N130 TP2,-59.0,0.0,9.0,59.0,4.5,4.5,0.0,True,873
2309,2025-12-02 09:30,NY,2,-59.0,0.0,9.0,NQ09B BUY NY STOP,631.0,635.5,9.0,NQ09B SELL NY N130 TP2,2025-12-02 09:30:00,2025-12,2025,572.0,SELL,BUY,631.0,635.5,9.0,NQ09B SELL NY N130 TP2,-59.0,0.0,9.0,59.0,4.5,4.5,0.0,True,874
2310,2025-12-03 09:30,NY,2,-59.0,0.0,9.0,NQ09B BUY NY STOP,631.0,635.5,9.0,NQ09B SELL NY N130 TP2,2025-12-03 09:30:00,2025-12,2025,572.0,SELL,BUY,631.0,635.5,9.0,NQ09B SELL NY N130 TP2,-59.0,0.0,9.0,59.0,4.5,4.5,0.0,True,875
2313,2025-12-07 18:00,WEEKLY,2,391.0,395.5,9.0,NQ09B BUY WEEKLY W80,-59.0,0.0,9.0,NQ09B SELL WEEKLY STOP,2025-12-07 18:00:00,2025-12,2025,332.0,BUY,SELL,391.0,395.5,9.0,NQ09B BUY WEEKLY W80,-59.0,0.0,9.0,59.0,4.5,4.5,0.0,True,876
2315,2025-12-08 18:00,WEEKDAY_PREMIUM,2,391.0,395.5,9.0,NQ09B BUY WEEKDAY 1800 D80,-59.0,0.0,9.0,NQ09B SELL WEEKDAY 1800 STOP,2025-12-08 18:00:00,2025-12,2025,332.0,BUY,SELL,391.0,395.5,9.0,NQ09B BUY WEEKDAY 1800 D80,-59.0,0.0,9.0,59.0,4.5,4.5,0.0,True,877
2316,2025-12-09 09:30,NY,2,631.0,635.5,9.0,NQ09B BUY NY N130 TP2,-59.0,0.0,9.0,NQ09B SELL NY STOP,2025-12-09 09:30:00,2025-12,2025,572.0,BUY,SELL,631.0,635.5,9.0,NQ09B BUY NY N130 TP2,-59.0,0.0,9.0,59.0,4.5,4.5,0.0,True,878
2317,2025-12-10 09:30,NY,2,631.0,635.5,9.0,NQ09B BUY NY N130 TP2,-59.0,0.0,9.0,NQ09B SELL NY STOP,2025-12-10 09:30:00,2025-12,2025,572.0,BUY,SELL,631.0,635.5,9.0,NQ09B BUY NY N130 TP2,-59.0,0.0,9.0,59.0,4.5,4.5,0.0,True,879
2320,2025-12-12 09:30,NY,2,631.0,635.5,9.0,NQ09B BUY NY N130 TP2,-59.0,0.0,9.0,NQ09B SELL NY STOP,2025-12-12 09:30:00,2025-12,2025,572.0,BUY,SELL,631.0,635.5,9.0,NQ09B BUY NY N130 TP2,-59.0,0.0,9.0,59.0,4.5,4.5,0.0,True,880
2321,2025-12-14 18:00,WEEKLY,2,391.0,395.5,9.0,NQ09B BUY WEEKLY W80,-59.0,0.0,9.0,NQ09B SELL WEEKLY STOP,2025-12-14 18:00:00,2025-12,2025,332.0,BUY,SELL,391.0,395.5,9.0,NQ09B BUY WEEKLY W80,-59.0,0.0,9.0,59.0,4.5,4.5,0.0,True,881
2323,2025-12-16 09:30,NY,2,-59.0,0.0,9.0,NQ09B BUY NY STOP,631.0,635.5,9.0,NQ09B SELL NY N130 TP2,2025-12-16 09:30:00,2025-12,2025,572.0,SELL,BUY,631.0,635.5,9.0,NQ09B SELL NY N130 TP2,-59.0,0.0,9.0,59.0,4.5,4.5,0.0,True,882
2324,2025-12-17 09:30,NY,2,631.0,635.5,9.0,NQ09B BUY NY N130 TP2,-59.0,0.0,9.0,NQ09B SELL NY STOP,2025-12-17 09:30:00,2025-12,2025,572.0,BUY,SELL,631.0,635.5,9.0,NQ09B BUY NY N130 TP2,-59.0,0.0,9.0,59.0,4.5,4.5,0.0,True,883
2326,2025-12-18 09:30,NY,2,-59.0,0.0,9.0,NQ09B BUY NY STOP,631.0,635.5,9.0,NQ09B SELL NY N130 TP2,2025-12-18 09:30:00,2025-12,2025,572.0,SELL,BUY,631.0,635.5,9.0,NQ09B SELL NY N130 TP2,-59.0,0.0,9.0,59.0,4.5,4.5,0.0,True,884
2329,2025-12-21 18:00,WEEKLY,2,391.0,395.5,9.0,NQ09B BUY WEEKLY W80,-59.0,0.0,9.0,NQ09B SELL WEEKLY STOP,2025-12-21 18:00:00,2025-12,2025,332.0,BUY,SELL,391.0,395.5,9.0,NQ09B BUY WEEKLY W80,-59.0,0.0,9.0,59.0,4.5,4.5,0.0,True,885
2336,2025-12-29 09:30,NY,2,631.0,635.5,9.0,NQ09B BUY NY N130 TP2,-59.0,0.0,9.0,NQ09B SELL NY STOP,2025-12-29 09:30:00,2025-12,2025,572.0,BUY,SELL,631.0,635.5,9.0,NQ09B BUY NY N130 TP2,-59.0,0.0,9.0,59.0,4.5,4.5,0.0,True,886
2339,2026-01-02 09:30,NY,2,-59.0,0.0,9.0,NQ09B BUY NY STOP,631.0,635.5,9.0,NQ09B SELL NY N130 TP2,2026-01-02 09:30:00,2026-01,2026,572.0,SELL,BUY,631.0,635.5,9.0,NQ09B SELL NY N130 TP2,-59.0,0.0,9.0,59.0,4.5,4.5,0.0,True,887
2340,2026-01-04 18:00,WEEKLY,2,-59.0,0.0,9.0,NQ09B BUY WEEKLY STOP,391.0,395.5,9.0,NQ09B SELL WEEKLY W80,2026-01-04 18:00:00,2026-01,2026,332.0,SELL,BUY,391.0,395.5,9.0,NQ09B SELL WEEKLY W80,-59.0,0.0,9.0,59.0,4.5,4.5,0.0,True,888
2341,2026-01-05 09:30,NY,2,631.0,635.5,9.0,NQ09B BUY NY N130 TP2,-59.0,0.0,9.0,NQ09B SELL NY STOP,2026-01-05 09:30:00,2026-01,2026,572.0,BUY,SELL,631.0,635.5,9.0,NQ09B BUY NY N130 TP2,-59.0,0.0,9.0,59.0,4.5,4.5,0.0,True,889
2343,2026-01-07 09:30,NY,2,-59.0,0.0,9.0,NQ09B BUY NY STOP,631.0,635.5,9.0,NQ09B SELL NY N130 TP2,2026-01-07 09:30:00,2026-01,2026,572.0,SELL,BUY,631.0,635.5,9.0,NQ09B SELL NY N130 TP2,-59.0,0.0,9.0,59.0,4.5,4.5,0.0,True,890
2344,2026-01-08 09:30,NY,2,631.0,635.5,9.0,NQ09B BUY NY N130 TP2,-59.0,0.0,9.0,NQ09B SELL NY STOP,2026-01-08 09:30:00,2026-01,2026,572.0,BUY,SELL,631.0,635.5,9.0,NQ09B BUY NY N130 TP2,-59.0,0.0,9.0,59.0,4.5,4.5,0.0,True,891
2347,2026-01-11 18:00,WEEKLY,2,391.0,395.5,9.0,NQ09B BUY WEEKLY W80,-59.0,0.0,9.0,NQ09B SELL WEEKLY STOP,2026-01-11 18:00:00,2026-01,2026,332.0,BUY,SELL,391.0,395.5,9.0,NQ09B BUY WEEKLY W80,-59.0,0.0,9.0,59.0,4.5,4.5,0.0,True,892
2350,2026-01-13 09:30,NY,2,-59.0,0.0,9.0,NQ09B BUY NY STOP,631.0,635.5,9.0,NQ09B SELL NY N130 TP2,2026-01-13 09:30:00,2026-01,2026,572.0,SELL,BUY,631.0,635.5,9.0,NQ09B SELL NY N130 TP2,-59.0,0.0,9.0,59.0,4.5,4.5,0.0,True,893
2351,2026-01-14 09:30,NY,2,631.0,635.5,9.0,NQ09B BUY NY N130 TP2,-59.0,0.0,9.0,NQ09B SELL NY STOP,2026-01-14 09:30:00,2026-01,2026,572.0,BUY,SELL,631.0,635.5,9.0,NQ09B BUY NY N130 TP2,-59.0,0.0,9.0,59.0,4.5,4.5,0.0,True,894
2353,2026-01-15 09:30,NY,2,631.0,635.5,9.0,NQ09B BUY NY N130 TP2,-59.0,0.0,9.0,NQ09B SELL NY STOP,2026-01-15 09:30:00,2026-01,2026,572.0,BUY,SELL,631.0,635.5,9.0,NQ09B BUY NY N130 TP2,-59.0,0.0,9.0,59.0,4.5,4.5,0.0,True,895
2354,2026-01-16 09:30,NY,2,631.0,635.5,9.0,NQ09B BUY NY N130 TP2,-59.0,0.0,9.0,NQ09B SELL NY STOP,2026-01-16 09:30:00,2026-01,2026,572.0,BUY,SELL,631.0,635.5,9.0,NQ09B BUY NY N130 TP2,-59.0,0.0,9.0,59.0,4.5,4.5,0.0,True,896
2360,2026-01-21 09:30,NY,2,631.0,635.5,9.0,NQ09B BUY NY N130 TP2,-59.0,0.0,9.0,NQ09B SELL NY STOP,2026-01-21 09:30:00,2026-01,2026,572.0,BUY,SELL,631.0,635.5,9.0,NQ09B BUY NY N130 TP2,-59.0,0.0,9.0,59.0,4.5,4.5,0.0,True,897
2362,2026-01-22 18:00,WEEKDAY_PREMIUM,2,391.0,395.5,9.0,NQ09B BUY WEEKDAY 1800 D80,-59.0,0.0,9.0,NQ09B SELL WEEKDAY 1800 STOP,2026-01-22 18:00:00,2026-01,2026,332.0,BUY,SELL,391.0,395.5,9.0,NQ09B BUY WEEKDAY 1800 D80,-59.0,0.0,9.0,59.0,4.5,4.5,0.0,True,898
2363,2026-01-23 09:30,NY,2,-59.0,0.0,9.0,NQ09B BUY NY STOP,631.0,635.5,9.0,NQ09B SELL NY N130 TP2,2026-01-23 09:30:00,2026-01,2026,572.0,SELL,BUY,631.0,635.5,9.0,NQ09B SELL NY N130 TP2,-59.0,0.0,9.0,59.0,4.5,4.5,0.0,True,899
2364,2026-01-25 18:00,WEEKLY,2,-59.0,0.0,9.0,NQ09B BUY WEEKLY STOP,391.0,395.5,9.0,NQ09B SELL WEEKLY W80,2026-01-25 18:00:00,2026-01,2026,332.0,SELL,BUY,391.0,395.5,9.0,NQ09B SELL WEEKLY W80,-59.0,0.0,9.0,59.0,4.5,4.5,0.0,True,900
2365,2026-01-26 09:30,NY,2,631.0,635.5,9.0,NQ09B BUY NY N130 TP2,-59.0,0.0,9.0,NQ09B SELL NY STOP,2026-01-26 09:30:00,2026-01,2026,572.0,BUY,SELL,631.0,635.5,9.0,NQ09B BUY NY N130 TP2,-59.0,0.0,9.0,59.0,4.5,4.5,0.0,True,901
2366,2026-01-27 09:30,NY,2,-59.0,0.0,9.0,NQ09B BUY NY STOP,631.0,635.5,9.0,NQ09B SELL NY N130 TP2,2026-01-27 09:30:00,2026-01,2026,572.0,SELL,BUY,631.0,635.5,9.0,NQ09B SELL NY N130 TP2,-59.0,0.0,9.0,59.0,4.5,4.5,0.0,True,902
2367,2026-01-27 18:00,WEEKDAY_PREMIUM,2,391.0,395.5,9.0,NQ09B BUY WEEKDAY 1800 D80,-59.0,0.0,9.0,NQ09B SELL WEEKDAY 1800 STOP,2026-01-27 18:00:00,2026-01,2026,332.0,BUY,SELL,391.0,395.5,9.0,NQ09B BUY WEEKDAY 1800 D80,-59.0,0.0,9.0,59.0,4.5,4.5,0.0,True,903
2368,2026-01-28 09:30,NY,2,-59.0,0.0,9.0,NQ09B BUY NY STOP,631.0,635.5,9.0,NQ09B SELL NY N130 TP2,2026-01-28 09:30:00,2026-01,2026,572.0,SELL,BUY,631.0,635.5,9.0,NQ09B SELL NY N130 TP2,-59.0,0.0,9.0,59.0,4.5,4.5,0.0,True,904
2369,2026-01-28 18:00,WEEKDAY_PREMIUM,2,391.0,395.5,9.0,NQ09B BUY WEEKDAY 1800 D80,-59.0,0.0,9.0,NQ09B SELL WEEKDAY 1800 STOP,2026-01-28 18:00:00,2026-01,2026,332.0,BUY,SELL,391.0,395.5,9.0,NQ09B BUY WEEKDAY 1800 D80,-59.0,0.0,9.0,59.0,4.5,4.5,0.0,True,905
2370,2026-01-29 09:30,NY,2,631.0,635.5,9.0,NQ09B BUY NY N130 TP2,-59.0,0.0,9.0,NQ09B SELL NY STOP,2026-01-29 09:30:00,2026-01,2026,572.0,BUY,SELL,631.0,635.5,9.0,NQ09B BUY NY N130 TP2,-59.0,0.0,9.0,59.0,4.5,4.5,0.0,True,906
2372,2026-01-30 09:30,NY,2,-59.0,0.0,9.0,NQ09B BUY NY STOP,631.0,635.5,9.0,NQ09B SELL NY N130 TP2,2026-01-30 09:30:00,2026-01,2026,572.0,SELL,BUY,631.0,635.5,9.0,NQ09B SELL NY N130 TP2,-59.0,0.0,9.0,59.0,4.5,4.5,0.0,True,907
2376,2026-02-03 09:30,NY,2,631.0,635.5,9.0,NQ09B BUY NY N130 TP2,-59.0,0.0,9.0,NQ09B SELL NY STOP,2026-02-03 09:30:00,2026-02,2026,572.0,BUY,SELL,631.0,635.5,9.0,NQ09B BUY NY N130 TP2,-59.0,0.0,9.0,59.0,4.5,4.5,0.0,True,908
2380,2026-02-05 09:30,NY,2,631.0,635.5,9.0,NQ09B BUY NY N130 TP2,-59.0,0.0,9.0,NQ09B SELL NY STOP,2026-02-05 09:30:00,2026-02,2026,572.0,BUY,SELL,631.0,635.5,9.0,NQ09B BUY NY N130 TP2,-59.0,0.0,9.0,59.0,4.5,4.5,0.0,True,909
2381,2026-02-05 18:00,WEEKDAY_PREMIUM,2,-59.0,0.0,9.0,NQ09B BUY WEEKDAY 1800 STOP,391.0,395.5,9.0,NQ09B SELL WEEKDAY 1800 D80,2026-02-05 18:00:00,2026-02,2026,332.0,SELL,BUY,391.0,395.5,9.0,NQ09B SELL WEEKDAY 1800 D80,-59.0,0.0,9.0,59.0,4.5,4.5,0.0,True,910
2382,2026-02-06 09:30,NY,2,-59.0,0.0,9.0,NQ09B BUY NY STOP,631.0,635.5,9.0,NQ09B SELL NY N130 TP2,2026-02-06 09:30:00,2026-02,2026,572.0,SELL,BUY,631.0,635.5,9.0,NQ09B SELL NY N130 TP2,-59.0,0.0,9.0,59.0,4.5,4.5,0.0,True,911
2383,2026-02-08 18:00,WEEKLY,2,391.0,395.5,9.0,NQ09B BUY WEEKLY W80,-59.0,0.0,9.0,NQ09B SELL WEEKLY STOP,2026-02-08 18:00:00,2026-02,2026,332.0,BUY,SELL,391.0,395.5,9.0,NQ09B BUY WEEKLY W80,-59.0,0.0,9.0,59.0,4.5,4.5,0.0,True,912
2384,2026-02-09 09:30,NY,2,631.0,635.5,9.0,NQ09B BUY NY N130 TP2,-59.0,0.0,9.0,NQ09B SELL NY STOP,2026-02-09 09:30:00,2026-02,2026,572.0,BUY,SELL,631.0,635.5,9.0,NQ09B BUY NY N130 TP2,-59.0,0.0,9.0,59.0,4.5,4.5,0.0,True,913
2385,2026-02-10 09:30,NY,2,-59.0,0.0,9.0,NQ09B BUY NY STOP,631.0,635.5,9.0,NQ09B SELL NY N130 TP2,2026-02-10 09:30:00,2026-02,2026,572.0,SELL,BUY,631.0,635.5,9.0,NQ09B SELL NY N130 TP2,-59.0,0.0,9.0,59.0,4.5,4.5,0.0,True,914
2386,2026-02-11 09:30,NY,2,631.0,635.5,9.0,NQ09B BUY NY N130 TP2,-59.0,0.0,9.0,NQ09B SELL NY STOP,2026-02-11 09:30:00,2026-02,2026,572.0,BUY,SELL,631.0,635.5,9.0,NQ09B BUY NY N130 TP2,-59.0,0.0,9.0,59.0,4.5,4.5,0.0,True,915
2387,2026-02-12 09:30,NY,2,-59.0,0.0,9.0,NQ09B BUY NY STOP,631.0,635.5,9.0,NQ09B SELL NY N130 TP2,2026-02-12 09:30:00,2026-02,2026,572.0,SELL,BUY,631.0,635.5,9.0,NQ09B SELL NY N130 TP2,-59.0,0.0,9.0,59.0,4.5,4.5,0.0,True,916
2388,2026-02-13 09:30,NY,2,-59.0,0.0,9.0,NQ09B BUY NY STOP,631.0,635.5,9.0,NQ09B SELL NY N130 TP2,2026-02-13 09:30:00,2026-02,2026,572.0,SELL,BUY,631.0,635.5,9.0,NQ09B SELL NY N130 TP2,-59.0,0.0,9.0,59.0,4.5,4.5,0.0,True,917
2389,2026-02-15 18:00,WEEKLY,2,-59.0,0.0,9.0,NQ09B BUY WEEKLY STOP,391.0,395.5,9.0,NQ09B SELL WEEKLY W80,2026-02-15 18:00:00,2026-02,2026,332.0,SELL,BUY,391.0,395.5,9.0,NQ09B SELL WEEKLY W80,-59.0,0.0,9.0,59.0,4.5,4.5,0.0,True,918
2392,2026-02-17 09:30,NY,2,-59.0,0.0,9.0,NQ09B BUY NY STOP,631.0,635.5,9.0,NQ09B SELL NY N130 TP2,2026-02-17 09:30:00,2026-02,2026,572.0,SELL,BUY,631.0,635.5,9.0,NQ09B SELL NY N130 TP2,-59.0,0.0,9.0,59.0,4.5,4.5,0.0,True,919
2394,2026-02-18 09:30,NY,2,631.0,635.5,9.0,NQ09B BUY NY N130 TP2,-59.0,0.0,9.0,NQ09B SELL NY STOP,2026-02-18 09:30:00,2026-02,2026,572.0,BUY,SELL,631.0,635.5,9.0,NQ09B BUY NY N130 TP2,-59.0,0.0,9.0,59.0,4.5,4.5,0.0,True,920
2395,2026-02-19 09:30,NY,2,-59.0,0.0,9.0,NQ09B BUY NY STOP,631.0,635.5,9.0,NQ09B SELL NY N130 TP2,2026-02-19 09:30:00,2026-02,2026,572.0,SELL,BUY,631.0,635.5,9.0,NQ09B SELL NY N130 TP2,-59.0,0.0,9.0,59.0,4.5,4.5,0.0,True,921
2396,2026-02-20 09:30,NY,2,-59.0,0.0,9.0,NQ09B BUY NY STOP,631.0,635.5,9.0,NQ09B SELL NY N130 TP2,2026-02-20 09:30:00,2026-02,2026,572.0,SELL,BUY,631.0,635.5,9.0,NQ09B SELL NY N130 TP2,-59.0,0.0,9.0,59.0,4.5,4.5,0.0,True,922
2397,2026-02-22 18:00,WEEKLY,2,-59.0,0.0,9.0,NQ09B BUY WEEKLY STOP,391.0,395.5,9.0,NQ09B SELL WEEKLY W80,2026-02-22 18:00:00,2026-02,2026,332.0,SELL,BUY,391.0,395.5,9.0,NQ09B SELL WEEKLY W80,-59.0,0.0,9.0,59.0,4.5,4.5,0.0,True,923
2399,2026-02-24 09:30,NY,2,631.0,635.5,9.0,NQ09B BUY NY N130 TP2,-59.0,0.0,9.0,NQ09B SELL NY STOP,2026-02-24 09:30:00,2026-02,2026,572.0,BUY,SELL,631.0,635.5,9.0,NQ09B BUY NY N130 TP2,-59.0,0.0,9.0,59.0,4.5,4.5,0.0,True,924
2401,2026-02-25 18:00,WEEKDAY_PREMIUM,2,-59.0,0.0,9.0,NQ09B BUY WEEKDAY 1800 STOP,391.0,395.5,9.0,NQ09B SELL WEEKDAY 1800 D80,2026-02-25 18:00:00,2026-02,2026,332.0,SELL,BUY,391.0,395.5,9.0,NQ09B SELL WEEKDAY 1800 D80,-59.0,0.0,9.0,59.0,4.5,4.5,0.0,True,925
2402,2026-02-26 09:30,NY,2,-59.0,0.0,9.0,NQ09B BUY NY STOP,631.0,635.5,9.0,NQ09B SELL NY N130 TP2,2026-02-26 09:30:00,2026-02,2026,572.0,SELL,BUY,631.0,635.5,9.0,NQ09B SELL NY N130 TP2,-59.0,0.0,9.0,59.0,4.5,4.5,0.0,True,926
2405,2026-03-01 18:00,WEEKLY,2,-59.0,0.0,9.0,NQ09B BUY WEEKLY STOP,391.0,395.5,9.0,NQ09B SELL WEEKLY W80,2026-03-01 18:00:00,2026-03,2026,332.0,SELL,BUY,391.0,395.5,9.0,NQ09B SELL WEEKLY W80,-59.0,0.0,9.0,59.0,4.5,4.5,0.0,True,927
2406,2026-03-02 09:30,NY,2,-59.0,0.0,9.0,NQ09B BUY NY STOP,631.0,635.5,9.0,NQ09B SELL NY N130 TP2,2026-03-02 09:30:00,2026-03,2026,572.0,SELL,BUY,631.0,635.5,9.0,NQ09B SELL NY N130 TP2,-59.0,0.0,9.0,59.0,4.5,4.5,0.0,True,928
2408,2026-03-03 09:30,NY,2,-59.0,0.0,9.0,NQ09B BUY NY STOP,631.0,635.5,9.0,NQ09B SELL NY N130 TP2,2026-03-03 09:30:00,2026-03,2026,572.0,SELL,BUY,631.0,635.5,9.0,NQ09B SELL NY N130 TP2,-59.0,0.0,9.0,59.0,4.5,4.5,0.0,True,929
2410,2026-03-04 09:30,NY,2,-59.0,0.0,9.0,NQ09B BUY NY STOP,631.0,635.5,9.0,NQ09B SELL NY N130 TP2,2026-03-04 09:30:00,2026-03,2026,572.0,SELL,BUY,631.0,635.5,9.0,NQ09B SELL NY N130 TP2,-59.0,0.0,9.0,59.0,4.5,4.5,0.0,True,930
2412,2026-03-06 09:30,NY,2,-59.0,0.0,9.0,NQ09B BUY NY STOP,631.0,635.5,9.0,NQ09B SELL NY N130 TP2,2026-03-06 09:30:00,2026-03,2026,572.0,SELL,BUY,631.0,635.5,9.0,NQ09B SELL NY N130 TP2,-59.0,0.0,9.0,59.0,4.5,4.5,0.0,True,931
2413,2026-03-08 18:00,WEEKLY,2,391.0,395.5,9.0,NQ09B BUY WEEKLY W80,-59.0,0.0,9.0,NQ09B SELL WEEKLY STOP,2026-03-08 18:00:00,2026-03,2026,332.0,BUY,SELL,391.0,395.5,9.0,NQ09B BUY WEEKLY W80,-59.0,0.0,9.0,59.0,4.5,4.5,0.0,True,932
2416,2026-03-10 09:30,NY,2,631.0,635.5,9.0,NQ09B BUY NY N130 TP2,-59.0,5.5,9.0,NQ09B SELL NY STOP,2026-03-10 09:30:00,2026-03,2026,572.0,BUY,SELL,631.0,635.5,9.0,NQ09B BUY NY N130 TP2,-59.0,5.5,9.0,64.5,4.5,4.5,0.0,True,933
2418,2026-03-11 09:30,NY,2,631.0,635.5,9.0,NQ09B BUY NY N130 TP2,-59.0,0.0,9.0,NQ09B SELL NY STOP,2026-03-11 09:30:00,2026-03,2026,572.0,BUY,SELL,631.0,635.5,9.0,NQ09B BUY NY N130 TP2,-59.0,0.0,9.0,59.0,4.5,4.5,0.0,True,934
2419,2026-03-12 09:30,NY,2,-59.0,0.0,9.0,NQ09B BUY NY STOP,631.0,635.5,9.0,NQ09B SELL NY N130 TP2,2026-03-12 09:30:00,2026-03,2026,572.0,SELL,BUY,631.0,635.5,9.0,NQ09B SELL NY N130 TP2,-59.0,0.0,9.0,59.0,4.5,4.5,0.0,True,935
2423,2026-03-16 09:30,NY,2,-59.0,0.0,9.0,NQ09B BUY NY STOP,631.0,635.5,9.0,NQ09B SELL NY N130 TP2,2026-03-16 09:30:00,2026-03,2026,572.0,SELL,BUY,631.0,635.5,9.0,NQ09B SELL NY N130 TP2,-59.0,0.0,9.0,59.0,4.5,4.5,0.0,True,936
2424,2026-03-17 09:30,NY,2,-59.0,0.0,9.0,NQ09B BUY NY STOP,631.0,635.5,9.0,NQ09B SELL NY N130 TP2,2026-03-17 09:30:00,2026-03,2026,572.0,SELL,BUY,631.0,635.5,9.0,NQ09B SELL NY N130 TP2,-59.0,0.0,9.0,59.0,4.5,4.5,0.0,True,937
2425,2026-03-18 09:30,NY,2,-59.0,0.0,9.0,NQ09B BUY NY STOP,631.0,635.5,9.0,NQ09B SELL NY N130 TP2,2026-03-18 09:30:00,2026-03,2026,572.0,SELL,BUY,631.0,635.5,9.0,NQ09B SELL NY N130 TP2,-59.0,0.0,9.0,59.0,4.5,4.5,0.0,True,938
2429,2026-03-22 18:00,WEEKLY,2,-59.0,0.0,9.0,NQ09B BUY WEEKLY STOP,391.0,395.5,9.0,NQ09B SELL WEEKLY W80,2026-03-22 18:00:00,2026-03,2026,332.0,SELL,BUY,391.0,395.5,9.0,NQ09B SELL WEEKLY W80,-59.0,0.0,9.0,59.0,4.5,4.5,0.0,True,939
2430,2026-03-23 09:30,NY,2,631.0,635.5,9.0,NQ09B BUY NY N130 TP2,-59.0,0.0,9.0,NQ09B SELL NY STOP,2026-03-23 09:30:00,2026-03,2026,572.0,BUY,SELL,631.0,635.5,9.0,NQ09B BUY NY N130 TP2,-59.0,0.0,9.0,59.0,4.5,4.5,0.0,True,940
2432,2026-03-24 09:30,NY,2,-59.0,0.0,9.0,NQ09B BUY NY STOP,631.0,635.5,9.0,NQ09B SELL NY N130 TP2,2026-03-24 09:30:00,2026-03,2026,572.0,SELL,BUY,631.0,635.5,9.0,NQ09B SELL NY N130 TP2,-59.0,0.0,9.0,59.0,4.5,4.5,0.0,True,941
2435,2026-03-26 09:30,NY,2,-59.0,0.0,9.0,NQ09B BUY NY STOP,631.0,635.5,9.0,NQ09B SELL NY N130 TP2,2026-03-26 09:30:00,2026-03,2026,572.0,SELL,BUY,631.0,635.5,9.0,NQ09B SELL NY N130 TP2,-59.0,0.0,9.0,59.0,4.5,4.5,0.0,True,942
2436,2026-03-26 18:00,WEEKDAY_PREMIUM,2,391.0,395.5,9.0,NQ09B BUY WEEKDAY 1800 D80,-59.0,0.0,9.0,NQ09B SELL WEEKDAY 1800 STOP,2026-03-26 18:00:00,2026-03,2026,332.0,BUY,SELL,391.0,395.5,9.0,NQ09B BUY WEEKDAY 1800 D80,-59.0,0.0,9.0,59.0,4.5,4.5,0.0,True,943
2438,2026-03-29 18:00,WEEKLY,2,-59.0,0.0,9.0,NQ09B BUY WEEKLY STOP,391.0,395.5,9.0,NQ09B SELL WEEKLY W80,2026-03-29 18:00:00,2026-03,2026,332.0,SELL,BUY,391.0,395.5,9.0,NQ09B SELL WEEKLY W80,-59.0,0.0,9.0,59.0,4.5,4.5,0.0,True,944
2439,2026-03-30 09:30,NY,2,631.0,635.5,9.0,NQ09B BUY NY N130 TP2,-59.0,0.0,9.0,NQ09B SELL NY STOP,2026-03-30 09:30:00,2026-03,2026,572.0,BUY,SELL,631.0,635.5,9.0,NQ09B BUY NY N130 TP2,-59.0,0.0,9.0,59.0,4.5,4.5,0.0,True,945
2442,2026-04-01 09:30,NY,2,-59.0,0.0,9.0,NQ09B BUY NY STOP,631.0,635.5,9.0,NQ09B SELL NY N130 TP2,2026-04-01 09:30:00,2026-04,2026,572.0,SELL,BUY,631.0,635.5,9.0,NQ09B SELL NY N130 TP2,-59.0,0.0,9.0,59.0,4.5,4.5,0.0,True,946
2446,2026-04-07 09:30,NY,2,-59.0,0.0,9.0,NQ09B BUY NY STOP,631.0,635.5,9.0,NQ09B SELL NY N130 TP2,2026-04-07 09:30:00,2026-04,2026,572.0,SELL,BUY,631.0,635.5,9.0,NQ09B SELL NY N130 TP2,-59.0,0.0,9.0,59.0,4.5,4.5,0.0,True,947
2448,2026-04-08 09:30,NY,2,631.0,635.5,9.0,NQ09B BUY NY N130 TP2,-59.0,0.0,9.0,NQ09B SELL NY STOP,2026-04-08 09:30:00,2026-04,2026,572.0,BUY,SELL,631.0,635.5,9.0,NQ09B BUY NY N130 TP2,-59.0,0.0,9.0,59.0,4.5,4.5,0.0,True,948
2449,2026-04-09 09:30,NY,2,631.0,635.5,9.0,NQ09B BUY NY N130 TP2,-59.0,0.0,9.0,NQ09B SELL NY STOP,2026-04-09 09:30:00,2026-04,2026,572.0,BUY,SELL,631.0,635.5,9.0,NQ09B BUY NY N130 TP2,-59.0,0.0,9.0,59.0,4.5,4.5,0.0,True,949
2451,2026-04-12 18:00,WEEKLY,2,391.0,395.5,9.0,NQ09B BUY WEEKLY W80,-59.0,0.0,9.0,NQ09B SELL WEEKLY STOP,2026-04-12 18:00:00,2026-04,2026,332.0,BUY,SELL,391.0,395.5,9.0,NQ09B BUY WEEKLY W80,-59.0,0.0,9.0,59.0,4.5,4.5,0.0,True,950
2452,2026-04-13 09:30,NY,2,-59.0,0.0,9.0,NQ09B BUY NY STOP,631.0,635.5,9.0,NQ09B SELL NY N130 TP2,2026-04-13 09:30:00,2026-04,2026,572.0,SELL,BUY,631.0,635.5,9.0,NQ09B SELL NY N130 TP2,-59.0,0.0,9.0,59.0,4.5,4.5,0.0,True,951
2453,2026-04-13 18:00,WEEKDAY_PREMIUM,2,-59.0,0.0,9.0,NQ09B BUY WEEKDAY 1800 STOP,391.0,395.5,9.0,NQ09B SELL WEEKDAY 1800 D80,2026-04-13 18:00:00,2026-04,2026,332.0,SELL,BUY,391.0,395.5,9.0,NQ09B SELL WEEKDAY 1800 D80,-59.0,0.0,9.0,59.0,4.5,4.5,0.0,True,952
2454,2026-04-14 09:30,NY,2,631.0,635.5,9.0,NQ09B BUY NY N130 TP2,-59.0,0.0,9.0,NQ09B SELL NY STOP,2026-04-14 09:30:00,2026-04,2026,572.0,BUY,SELL,631.0,635.5,9.0,NQ09B BUY NY N130 TP2,-59.0,0.0,9.0,59.0,4.5,4.5,0.0,True,953
2455,2026-04-15 09:30,NY,2,631.0,635.5,9.0,NQ09B BUY NY N130 TP2,-59.0,0.0,9.0,NQ09B SELL NY STOP,2026-04-15 09:30:00,2026-04,2026,572.0,BUY,SELL,631.0,635.5,9.0,NQ09B BUY NY N130 TP2,-59.0,0.0,9.0,59.0,4.5,4.5,0.0,True,954
2457,2026-04-17 09:30,NY,2,631.0,635.5,9.0,NQ09B BUY NY N130 TP2,-59.0,0.0,9.0,NQ09B SELL NY STOP,2026-04-17 09:30:00,2026-04,2026,572.0,BUY,SELL,631.0,635.5,9.0,NQ09B BUY NY N130 TP2,-59.0,0.0,9.0,59.0,4.5,4.5,0.0,True,955
2458,2026-04-19 18:00,WEEKLY,2,391.0,395.5,9.0,NQ09B BUY WEEKLY W80,-59.0,0.0,9.0,NQ09B SELL WEEKLY STOP,2026-04-19 18:00:00,2026-04,2026,332.0,BUY,SELL,391.0,395.5,9.0,NQ09B BUY WEEKLY W80,-59.0,0.0,9.0,59.0,4.5,4.5,0.0,True,956
2459,2026-04-20 09:30,NY,2,631.0,635.5,9.0,NQ09B BUY NY N130 TP2,-59.0,0.0,9.0,NQ09B SELL NY STOP,2026-04-20 09:30:00,2026-04,2026,572.0,BUY,SELL,631.0,635.5,9.0,NQ09B BUY NY N130 TP2,-59.0,0.0,9.0,59.0,4.5,4.5,0.0,True,957
2461,2026-04-21 09:30,NY,2,631.0,635.5,9.0,NQ09B BUY NY N130 TP2,-59.0,0.0,9.0,NQ09B SELL NY STOP,2026-04-21 09:30:00,2026-04,2026,572.0,BUY,SELL,631.0,635.5,9.0,NQ09B BUY NY N130 TP2,-59.0,0.0,9.0,59.0,4.5,4.5,0.0,True,958
2467,2026-04-24 09:30,NY,2,-59.0,0.0,9.0,NQ09B BUY NY STOP,631.0,635.5,9.0,NQ09B SELL NY N130 TP2,2026-04-24 09:30:00,2026-04,2026,572.0,SELL,BUY,631.0,635.5,9.0,NQ09B SELL NY N130 TP2,-59.0,0.0,9.0,59.0,4.5,4.5,0.0,True,959
2468,2026-04-26 18:00,WEEKLY,2,391.0,395.5,9.0,NQ09B BUY WEEKLY W80,-59.0,0.0,9.0,NQ09B SELL WEEKLY STOP,2026-04-26 18:00:00,2026-04,2026,332.0,BUY,SELL,391.0,395.5,9.0,NQ09B BUY WEEKLY W80,-59.0,0.0,9.0,59.0,4.5,4.5,0.0,True,960
2469,2026-04-27 09:30,NY,2,631.0,635.5,9.0,NQ09B BUY NY N130 TP2,-59.0,0.0,9.0,NQ09B SELL NY STOP,2026-04-27 09:30:00,2026-04,2026,572.0,BUY,SELL,631.0,635.5,9.0,NQ09B BUY NY N130 TP2,-59.0,0.0,9.0,59.0,4.5,4.5,0.0,True,961
2472,2026-04-29 18:00,WEEKDAY_PREMIUM,2,391.0,395.5,9.0,NQ09B BUY WEEKDAY 1800 D80,-59.0,0.0,9.0,NQ09B SELL WEEKDAY 1800 STOP,2026-04-29 18:00:00,2026-04,2026,332.0,BUY,SELL,391.0,395.5,9.0,NQ09B BUY WEEKDAY 1800 D80,-59.0,0.0,9.0,59.0,4.5,4.5,0.0,True,962
2473,2026-04-30 09:30,NY,2,-59.0,0.0,9.0,NQ09B BUY NY STOP,631.0,635.5,9.0,NQ09B SELL NY N130 TP2,2026-04-30 09:30:00,2026-04,2026,572.0,SELL,BUY,631.0,635.5,9.0,NQ09B SELL NY N130 TP2,-59.0,0.0,9.0,59.0,4.5,4.5,0.0,True,963
2476,2026-05-03 18:00,WEEKLY,2,-59.0,0.0,9.0,NQ09B BUY WEEKLY STOP,391.0,395.5,9.0,NQ09B SELL WEEKLY W80,2026-05-03 18:00:00,2026-05,2026,332.0,SELL,BUY,391.0,395.5,9.0,NQ09B SELL WEEKLY W80,-59.0,0.0,9.0,59.0,4.5,4.5,0.0,True,964
2477,2026-05-04 09:30,NY,2,631.0,635.5,9.0,NQ09B BUY NY N130 TP2,-59.0,0.0,9.0,NQ09B SELL NY STOP,2026-05-04 09:30:00,2026-05,2026,572.0,BUY,SELL,631.0,635.5,9.0,NQ09B BUY NY N130 TP2,-59.0,0.0,9.0,59.0,4.5,4.5,0.0,True,965
2478,2026-05-05 09:30,NY,2,-59.0,0.0,9.0,NQ09B BUY NY STOP,631.0,635.5,9.0,NQ09B SELL NY N130 TP2,2026-05-05 09:30:00,2026-05,2026,572.0,SELL,BUY,631.0,635.5,9.0,NQ09B SELL NY N130 TP2,-59.0,0.0,9.0,59.0,4.5,4.5,0.0,True,966
2480,2026-05-06 09:30,NY,2,-59.0,0.0,9.0,NQ09B BUY NY STOP,631.0,635.5,9.0,NQ09B SELL NY N130 TP2,2026-05-06 09:30:00,2026-05,2026,572.0,SELL,BUY,631.0,635.5,9.0,NQ09B SELL NY N130 TP2,-59.0,0.0,9.0,59.0,4.5,4.5,0.0,True,967
2482,2026-05-07 09:30,NY,2,631.0,635.5,9.0,NQ09B BUY NY N130 TP2,-59.0,0.0,9.0,NQ09B SELL NY STOP,2026-05-07 09:30:00,2026-05,2026,572.0,BUY,SELL,631.0,635.5,9.0,NQ09B BUY NY N130 TP2,-59.0,0.0,9.0,59.0,4.5,4.5,0.0,True,968
2484,2026-05-08 09:30,NY,2,-59.0,0.0,9.0,NQ09B BUY NY STOP,631.0,635.5,9.0,NQ09B SELL NY N130 TP2,2026-05-08 09:30:00,2026-05,2026,572.0,SELL,BUY,631.0,635.5,9.0,NQ09B SELL NY N130 TP2,-59.0,0.0,9.0,59.0,4.5,4.5,0.0,True,969
2485,2026-05-10 18:00,WEEKLY,2,391.0,395.5,9.0,NQ09B BUY WEEKLY W80,-59.0,0.0,9.0,NQ09B SELL WEEKLY STOP,2026-05-10 18:00:00,2026-05,2026,332.0,BUY,SELL,391.0,395.5,9.0,NQ09B BUY WEEKLY W80,-59.0,0.0,9.0,59.0,4.5,4.5,0.0,True,970
2486,2026-05-11 09:30,NY,2,-59.0,0.0,9.0,NQ09B BUY NY STOP,631.0,635.5,9.0,NQ09B SELL NY N130 TP2,2026-05-11 09:30:00,2026-05,2026,572.0,SELL,BUY,631.0,635.5,9.0,NQ09B SELL NY N130 TP2,-59.0,0.0,9.0,59.0,4.5,4.5,0.0,True,971
2490,2026-05-14 09:30,NY,2,-59.0,0.0,9.0,NQ09B BUY NY STOP,631.0,635.5,9.0,NQ09B SELL NY N130 TP2,2026-05-14 09:30:00,2026-05,2026,572.0,SELL,BUY,631.0,635.5,9.0,NQ09B SELL NY N130 TP2,-59.0,0.0,9.0,59.0,4.5,4.5,0.0,True,972
2493,2026-05-17 18:00,WEEKLY,2,-59.0,0.0,9.0,NQ09B BUY WEEKLY STOP,391.0,395.5,9.0,NQ09B SELL WEEKLY W80,2026-05-17 18:00:00,2026-05,2026,332.0,SELL,BUY,391.0,395.5,9.0,NQ09B SELL WEEKLY W80,-59.0,0.0,9.0,59.0,4.5,4.5,0.0,True,973
2494,2026-05-18 09:30,NY,2,631.0,635.5,9.0,NQ09B BUY NY N130 TP2,-59.0,0.0,9.0,NQ09B SELL NY STOP,2026-05-18 09:30:00,2026-05,2026,572.0,BUY,SELL,631.0,635.5,9.0,NQ09B BUY NY N130 TP2,-59.0,0.0,9.0,59.0,4.5,4.5,0.0,True,974
2495,2026-05-19 09:30,NY,2,631.0,635.5,9.0,NQ09B BUY NY N130 TP2,-59.0,0.0,9.0,NQ09B SELL NY STOP,2026-05-19 09:30:00,2026-05,2026,572.0,BUY,SELL,631.0,635.5,9.0,NQ09B BUY NY N130 TP2,-59.0,0.0,9.0,59.0,4.5,4.5,0.0,True,975
2497,2026-05-20 18:00,WEEKDAY_PREMIUM,2,391.0,395.5,9.0,NQ09B BUY WEEKDAY 1800 D80,-59.0,0.0,9.0,NQ09B SELL WEEKDAY 1800 STOP,2026-05-20 18:00:00,2026-05,2026,332.0,BUY,SELL,391.0,395.5,9.0,NQ09B BUY WEEKDAY 1800 D80,-59.0,0.0,9.0,59.0,4.5,4.5,0.0,True,976
2498,2026-05-21 09:30,NY,2,-59.0,0.0,9.0,NQ09B BUY NY STOP,631.0,635.5,9.0,NQ09B SELL NY N130 TP2,2026-05-21 09:30:00,2026-05,2026,572.0,SELL,BUY,631.0,635.5,9.0,NQ09B SELL NY N130 TP2,-59.0,0.0,9.0,59.0,4.5,4.5,0.0,True,977
2499,2026-05-22 09:30,NY,2,-59.0,0.0,9.0,NQ09B BUY NY STOP,631.0,635.5,9.0,NQ09B SELL NY N130 TP2,2026-05-22 09:30:00,2026-05,2026,572.0,SELL,BUY,631.0,635.5,9.0,NQ09B SELL NY N130 TP2,-59.0,0.0,9.0,59.0,4.5,4.5,0.0,True,978
2500,2026-05-24 18:00,WEEKLY,2,391.0,395.5,9.0,NQ09B BUY WEEKLY W80,-59.0,0.0,9.0,NQ09B SELL WEEKLY STOP,2026-05-24 18:00:00,2026-05,2026,332.0,BUY,SELL,391.0,395.5,9.0,NQ09B BUY WEEKLY W80,-59.0,0.0,9.0,59.0,4.5,4.5,0.0,True,979
2502,2026-05-25 18:00,WEEKDAY_PREMIUM,2,391.0,395.5,9.0,NQ09B BUY WEEKDAY 1800 D80,-59.0,0.0,9.0,NQ09B SELL WEEKDAY 1800 STOP,2026-05-25 18:00:00,2026-05,2026,332.0,BUY,SELL,391.0,395.5,9.0,NQ09B BUY WEEKDAY 1800 D80,-59.0,0.0,9.0,59.0,4.5,4.5,0.0,True,980
2503,2026-05-26 09:30,NY,2,631.0,635.5,9.0,NQ09B BUY NY N130 TP2,-59.0,0.0,9.0,NQ09B SELL NY STOP,2026-05-26 09:30:00,2026-05,2026,572.0,BUY,SELL,631.0,635.5,9.0,NQ09B BUY NY N130 TP2,-59.0,0.0,9.0,59.0,4.5,4.5,0.0,True,981
2506,2026-05-27 18:00,WEEKDAY_PREMIUM,2,391.0,395.5,9.0,NQ09B BUY WEEKDAY 1800 D80,-59.0,0.0,9.0,NQ09B SELL WEEKDAY 1800 STOP,2026-05-27 18:00:00,2026-05,2026,332.0,BUY,SELL,391.0,395.5,9.0,NQ09B BUY WEEKDAY 1800 D80,-59.0,0.0,9.0,59.0,4.5,4.5,0.0,True,982
2507,2026-05-28 09:30,NY,2,-59.0,0.0,9.0,NQ09B BUY NY STOP,631.0,635.5,9.0,NQ09B SELL NY N130 TP2,2026-05-28 09:30:00,2026-05,2026,572.0,SELL,BUY,631.0,635.5,9.0,NQ09B SELL NY N130 TP2,-59.0,0.0,9.0,59.0,4.5,4.5,0.0,True,983
2508,2026-05-29 09:30,NY,2,-59.0,0.0,9.0,NQ09B BUY NY STOP,631.0,635.5,9.0,NQ09B SELL NY N130 TP2,2026-05-29 09:30:00,2026-05,2026,572.0,SELL,BUY,631.0,635.5,9.0,NQ09B SELL NY N130 TP2,-59.0,0.0,9.0,59.0,4.5,4.5,0.0,True,984
2509,2026-05-31 18:00,WEEKLY,2,391.0,395.5,9.0,NQ09B BUY WEEKLY W80,-59.0,0.0,9.0,NQ09B SELL WEEKLY STOP,2026-05-31 18:00:00,2026-05,2026,332.0,BUY,SELL,391.0,395.5,9.0,NQ09B BUY WEEKLY W80,-59.0,0.0,9.0,59.0,4.5,4.5,0.0,True,985
2510,2026-06-01 09:30,NY,2,-59.0,0.0,9.0,NQ09B BUY NY STOP,631.0,635.5,9.0,NQ09B SELL NY N130 TP2,2026-06-01 09:30:00,2026-06,2026,572.0,SELL,BUY,631.0,635.5,9.0,NQ09B SELL NY N130 TP2,-59.0,0.0,9.0,59.0,4.5,4.5,0.0,True,986
2513,2026-06-03 09:30,NY,2,-59.0,0.0,9.0,NQ09B BUY NY STOP,631.0,635.5,9.0,NQ09B SELL NY N130 TP2,2026-06-03 09:30:00,2026-06,2026,572.0,SELL,BUY,631.0,635.5,9.0,NQ09B SELL NY N130 TP2,-59.0,0.0,9.0,59.0,4.5,4.5,0.0,True,987
2514,2026-06-03 18:00,WEEKDAY_PREMIUM,2,-59.0,0.0,9.0,NQ09B BUY WEEKDAY 1800 STOP,391.0,395.5,9.0,NQ09B SELL WEEKDAY 1800 D80,2026-06-03 18:00:00,2026-06,2026,332.0,SELL,BUY,391.0,395.5,9.0,NQ09B SELL WEEKDAY 1800 D80,-59.0,0.0,9.0,59.0,4.5,4.5,0.0,True,988
2515,2026-06-04 09:30,NY,2,-59.0,0.0,9.0,NQ09B BUY NY STOP,631.0,635.5,9.0,NQ09B SELL NY N130 TP2,2026-06-04 09:30:00,2026-06,2026,572.0,SELL,BUY,631.0,635.5,9.0,NQ09B SELL NY N130 TP2,-59.0,0.0,9.0,59.0,4.5,4.5,0.0,True,989
2516,2026-06-05 09:30,NY,2,-59.0,0.0,9.0,NQ09B BUY NY STOP,631.0,635.5,9.0,NQ09B SELL NY N130 TP2,2026-06-05 09:30:00,2026-06,2026,572.0,SELL,BUY,631.0,635.5,9.0,NQ09B SELL NY N130 TP2,-59.0,0.0,9.0,59.0,4.5,4.5,0.0,True,990
2517,2026-06-07 18:00,WEEKLY,2,-59.0,0.0,9.0,NQ09B BUY WEEKLY STOP,391.0,395.5,9.0,NQ09B SELL WEEKLY W80,2026-06-07 18:00:00,2026-06,2026,332.0,SELL,BUY,391.0,395.5,9.0,NQ09B SELL WEEKLY W80,-59.0,0.0,9.0,59.0,4.5,4.5,0.0,True,991
2518,2026-06-08 09:30,NY,2,631.0,635.5,9.0,NQ09B BUY NY N130 TP2,-59.0,0.0,9.0,NQ09B SELL NY STOP,2026-06-08 09:30:00,2026-06,2026,572.0,BUY,SELL,631.0,635.5,9.0,NQ09B BUY NY N130 TP2,-59.0,0.0,9.0,59.0,4.5,4.5,0.0,True,992
2521,2026-06-10 09:30,NY,2,-59.0,0.0,9.0,NQ09B BUY NY STOP,631.0,635.5,9.0,NQ09B SELL NY N130 TP2,2026-06-10 09:30:00,2026-06,2026,572.0,SELL,BUY,631.0,635.5,9.0,NQ09B SELL NY N130 TP2,-59.0,0.0,9.0,59.0,4.5,4.5,0.0,True,993
2522,2026-06-10 18:00,WEEKDAY_PREMIUM,2,391.0,395.5,9.0,NQ09B BUY WEEKDAY 1800 D80,-59.0,0.0,9.0,NQ09B SELL WEEKDAY 1800 STOP,2026-06-10 18:00:00,2026-06,2026,332.0,BUY,SELL,391.0,395.5,9.0,NQ09B BUY WEEKDAY 1800 D80,-59.0,0.0,9.0,59.0,4.5,4.5,0.0,True,994
2523,2026-06-11 09:30,NY,2,631.0,635.5,9.0,NQ09B BUY NY N130 TP2,-59.0,0.0,9.0,NQ09B SELL NY STOP,2026-06-11 09:30:00,2026-06,2026,572.0,BUY,SELL,631.0,635.5,9.0,NQ09B BUY NY N130 TP2,-59.0,0.0,9.0,59.0,4.5,4.5,0.0,True,995
2526,2026-06-14 18:00,WEEKLY,2,391.0,395.5,9.0,NQ09B BUY WEEKLY W80,-59.0,0.0,9.0,NQ09B SELL WEEKLY STOP,2026-06-14 18:00:00,2026-06,2026,332.0,BUY,SELL,391.0,395.5,9.0,NQ09B BUY WEEKLY W80,-59.0,0.0,9.0,59.0,4.5,4.5,0.0,True,996
2527,2026-06-15 09:30,NY,2,-59.0,0.0,9.0,NQ09B BUY NY STOP,631.0,635.5,9.0,NQ09B SELL NY N130 TP2,2026-06-15 09:30:00,2026-06,2026,572.0,SELL,BUY,631.0,635.5,9.0,NQ09B SELL NY N130 TP2,-59.0,0.0,9.0,59.0,4.5,4.5,0.0,True,997
2530,2026-06-17 18:00,WEEKDAY_PREMIUM,2,391.0,395.5,9.0,NQ09B BUY WEEKDAY 1800 D80,-59.0,0.0,9.0,NQ09B SELL WEEKDAY 1800 STOP,2026-06-17 18:00:00,2026-06,2026,332.0,BUY,SELL,391.0,395.5,9.0,NQ09B BUY WEEKDAY 1800 D80,-59.0,0.0,9.0,59.0,4.5,4.5,0.0,True,998
2531,2026-06-18 09:30,NY,2,631.0,635.5,9.0,NQ09B BUY NY N130 TP2,-59.0,0.0,9.0,NQ09B SELL NY STOP,2026-06-18 09:30:00,2026-06,2026,572.0,BUY,SELL,631.0,635.5,9.0,NQ09B BUY NY N130 TP2,-59.0,0.0,9.0,59.0,4.5,4.5,0.0,True,999
2533,2026-06-21 18:00,WEEKLY,2,391.0,395.5,9.0,NQ09B BUY WEEKLY W80,-59.0,0.0,9.0,NQ09B SELL WEEKLY STOP,2026-06-21 18:00:00,2026-06,2026,332.0,BUY,SELL,391.0,395.5,9.0,NQ09B BUY WEEKLY W80,-59.0,0.0,9.0,59.0,4.5,4.5,0.0,True,1000
2534,2026-06-22 09:30,NY,2,-59.0,0.0,9.0,NQ09B BUY NY STOP,631.0,635.5,9.0,NQ09B SELL NY N130 TP2,2026-06-22 09:30:00,2026-06,2026,572.0,SELL,BUY,631.0,635.5,9.0,NQ09B SELL NY N130 TP2,-59.0,0.0,9.0,59.0,4.5,4.5,0.0,True,1001
2535,2026-06-23 09:30,NY,2,631.0,635.5,9.0,NQ09B BUY NY N130 TP2,-59.0,0.0,9.0,NQ09B SELL NY STOP,2026-06-23 09:30:00,2026-06,2026,572.0,BUY,SELL,631.0,635.5,9.0,NQ09B BUY NY N130 TP2,-59.0,0.0,9.0,59.0,4.5,4.5,0.0,True,1002
2536,2026-06-24 09:30,NY,2,-59.0,0.0,9.0,NQ09B BUY NY STOP,631.0,635.5,9.0,NQ09B SELL NY N130 TP2,2026-06-24 09:30:00,2026-06,2026,572.0,SELL,BUY,631.0,635.5,9.0,NQ09B SELL NY N130 TP2,-59.0,0.0,9.0,59.0,4.5,4.5,0.0,True,1003
2538,2026-06-25 09:30,NY,2,631.0,635.5,9.0,NQ09B BUY NY N130 TP2,-59.0,0.0,9.0,NQ09B SELL NY STOP,2026-06-25 09:30:00,2026-06,2026,572.0,BUY,SELL,631.0,635.5,9.0,NQ09B BUY NY N130 TP2,-59.0,0.0,9.0,59.0,4.5,4.5,0.0,True,1004
2542,2026-06-29 09:30,NY,2,-59.0,0.0,9.0,NQ09B BUY NY STOP,631.0,635.5,9.0,NQ09B SELL NY N130 TP2,2026-06-29 09:30:00,2026-06,2026,572.0,SELL,BUY,631.0,635.5,9.0,NQ09B SELL NY N130 TP2,-59.0,0.0,9.0,59.0,4.5,4.5,0.0,True,1005
2544,2026-07-01 09:30,NY,2,631.0,635.5,9.0,NQ09B BUY NY N130 TP2,-59.0,0.0,9.0,NQ09B SELL NY STOP,2026-07-01 09:30:00,2026-07,2026,572.0,BUY,SELL,631.0,635.5,9.0,NQ09B BUY NY N130 TP2,-59.0,0.0,9.0,59.0,4.5,4.5,0.0,True,1006
2546,2026-07-02 09:30,NY,2,631.0,635.5,9.0,NQ09B BUY NY N130 TP2,-59.0,0.0,9.0,NQ09B SELL NY STOP,2026-07-02 09:30:00,2026-07,2026,572.0,BUY,SELL,631.0,635.5,9.0,NQ09B BUY NY N130 TP2,-59.0,0.0,9.0,59.0,4.5,4.5,0.0,True,1007
2547,2026-07-03 09:30,NY,2,631.0,635.5,9.0,NQ09B BUY NY N130 TP2,-59.0,0.0,9.0,NQ09B SELL NY STOP,2026-07-03 09:30:00,2026-07,2026,572.0,BUY,SELL,631.0,635.5,9.0,NQ09B BUY NY N130 TP2,-59.0,0.0,9.0,59.0,4.5,4.5,0.0,True,1008
2548,2026-07-05 18:00,WEEKLY,2,391.0,395.5,9.0,NQ09B BUY WEEKLY W80,-59.0,0.0,9.0,NQ09B SELL WEEKLY STOP,2026-07-05 18:00:00,2026-07,2026,332.0,BUY,SELL,391.0,395.5,9.0,NQ09B BUY WEEKLY W80,-59.0,0.0,9.0,59.0,4.5,4.5,0.0,True,1009
2549,2026-07-06 09:30,NY,2,-59.0,0.0,9.0,NQ09B BUY NY STOP,631.0,635.5,9.0,NQ09B SELL NY N130 TP2,2026-07-06 09:30:00,2026-07,2026,572.0,SELL,BUY,631.0,635.5,9.0,NQ09B SELL NY N130 TP2,-59.0,0.0,9.0,59.0,4.5,4.5,0.0,True,1010
2550,2026-07-07 09:30,NY,2,-59.0,0.0,9.0,NQ09B BUY NY STOP,631.0,635.5,9.0,NQ09B SELL NY N130 TP2,2026-07-07 09:30:00,2026-07,2026,572.0,SELL,BUY,631.0,635.5,9.0,NQ09B SELL NY N130 TP2,-59.0,0.0,9.0,59.0,4.5,4.5,0.0,True,1011
2553,2026-07-09 09:30,NY,2,631.0,635.5,9.0,NQ09B BUY NY N130 TP2,-59.0,0.0,9.0,NQ09B SELL NY STOP,2026-07-09 09:30:00,2026-07,2026,572.0,BUY,SELL,631.0,635.5,9.0,NQ09B BUY NY N130 TP2,-59.0,0.0,9.0,59.0,4.5,4.5,0.0,True,1012
2554,2026-07-10 09:30,NY,2,-59.0,0.0,9.0,NQ09B BUY NY STOP,631.0,635.5,9.0,NQ09B SELL NY N130 TP2,2026-07-10 09:30:00,2026-07,2026,572.0,SELL,BUY,631.0,635.5,9.0,NQ09B SELL NY N130 TP2,-59.0,0.0,9.0,59.0,4.5,4.5,0.0,True,1013
2555,2026-07-12 18:00,WEEKLY,2,391.0,395.5,9.0,NQ09B BUY WEEKLY W80,-59.0,0.0,9.0,NQ09B SELL WEEKLY STOP,2026-07-12 18:00:00,2026-07,2026,332.0,BUY,SELL,391.0,395.5,9.0,NQ09B BUY WEEKLY W80,-59.0,0.0,9.0,59.0,4.5,4.5,0.0,True,1014
2556,2026-07-13 09:30,NY,2,631.0,635.5,9.0,NQ09B BUY NY N130 TP2,-59.0,0.0,9.0,NQ09B SELL NY STOP,2026-07-13 09:30:00,2026-07,2026,572.0,BUY,SELL,631.0,635.5,9.0,NQ09B BUY NY N130 TP2,-59.0,0.0,9.0,59.0,4.5,4.5,0.0,True,1015
2558,2026-07-15 09:30,NY,2,631.0,635.5,9.0,NQ09B BUY NY N130 TP2,-59.0,0.0,9.0,NQ09B SELL NY STOP,2026-07-15 09:30:00,2026-07,2026,572.0,BUY,SELL,631.0,635.5,9.0,NQ09B BUY NY N130 TP2,-59.0,0.0,9.0,59.0,4.5,4.5,0.0,True,1016
2559,2026-07-16 09:30,NY,2,-59.0,0.0,9.0,NQ09B BUY NY STOP,631.0,635.5,9.0,NQ09B SELL NY N130 TP2,2026-07-16 09:30:00,2026-07,2026,572.0,SELL,BUY,631.0,635.5,9.0,NQ09B SELL NY N130 TP2,-59.0,0.0,9.0,59.0,4.5,4.5,0.0,True,1017
2560,2026-07-17 09:30,NY,2,-59.0,0.0,9.0,NQ09B BUY NY STOP,631.0,635.5,9.0,NQ09B SELL NY N130 TP2,2026-07-17 09:30:00,2026-07,2026,572.0,SELL,BUY,631.0,635.5,9.0,NQ09B SELL NY N130 TP2,-59.0,0.0,9.0,59.0,4.5,4.5,0.0,True,1018
2561,2026-07-19 18:00,WEEKLY,2,-59.0,0.0,9.0,NQ09B BUY WEEKLY STOP,391.0,395.5,9.0,NQ09B SELL WEEKLY W80,2026-07-19 18:00:00,2026-07,2026,332.0,SELL,BUY,391.0,395.5,9.0,NQ09B SELL WEEKLY W80,-59.0,0.0,9.0,59.0,4.5,4.5,0.0,True,1019
2562,2026-07-20 09:30,NY,2,-59.0,0.0,9.0,NQ09B BUY NY STOP,631.0,635.5,9.0,NQ09B SELL NY N130 TP2,2026-07-20 09:30:00,2026-07,2026,572.0,SELL,BUY,631.0,635.5,9.0,NQ09B SELL NY N130 TP2,-59.0,0.0,9.0,59.0,4.5,4.5,0.0,True,1020
2563,2026-07-21 09:30,NY,2,631.0,635.5,9.0,NQ09B BUY NY N130 TP2,-59.0,0.0,9.0,NQ09B SELL NY STOP,2026-07-21 09:30:00,2026-07,2026,572.0,BUY,SELL,631.0,635.5,9.0,NQ09B BUY NY N130 TP2,-59.0,0.0,9.0,59.0,4.5,4.5,0.0,True,1021
2564,2026-07-22 09:30,NY,2,631.0,635.5,9.0,NQ09B BUY NY N130 TP2,-59.0,5.5,9.0,NQ09B SELL NY STOP,2026-07-22 09:30:00,2026-07,2026,572.0,BUY,SELL,631.0,635.5,9.0,NQ09B BUY NY N130 TP2,-59.0,5.5,9.0,64.5,4.5,4.5,0.0,True,1022
2566,2026-07-23 09:30,NY,2,631.0,635.5,9.0,NQ09B BUY NY N130 TP2,-59.0,0.0,9.0,NQ09B SELL NY STOP,2026-07-23 09:30:00,2026-07,2026,572.0,BUY,SELL,631.0,635.5,9.0,NQ09B BUY NY N130 TP2,-59.0,0.0,9.0,59.0,4.5,4.5,0.0,True,1023
2568,2026-07-24 09:30,NY,2,-59.0,0.0,9.0,NQ09B BUY NY STOP,631.0,635.5,9.0,NQ09B SELL NY N130 TP2,2026-07-24 09:30:00,2026-07,2026,572.0,SELL,BUY,631.0,635.5,9.0,NQ09B SELL NY N130 TP2,-59.0,0.0,9.0,59.0,4.5,4.5,0.0,True,1024
2569,2026-07-26 18:00,WEEKLY,2,391.0,395.5,9.0,NQ09B BUY WEEKLY W80,-59.0,0.0,9.0,NQ09B SELL WEEKLY STOP,2026-07-26 18:00:00,2026-07,2026,332.0,BUY,SELL,391.0,395.5,9.0,NQ09B BUY WEEKLY W80,-59.0,0.0,9.0,59.0,4.5,4.5,0.0,True,1025
2570,2026-07-27 09:30,NY,2,631.0,635.5,9.0,NQ09B BUY NY N130 TP2,-59.0,0.0,9.0,NQ09B SELL NY STOP,2026-07-27 09:30:00,2026-07,2026,572.0,BUY,SELL,631.0,635.5,9.0,NQ09B BUY NY N130 TP2,-59.0,0.0,9.0,59.0,4.5,4.5,0.0,True,1026
2572,2026-07-28 09:30,NY,2,631.0,635.5,9.0,NQ09B BUY NY N130 TP2,-59.0,0.0,9.0,NQ09B SELL NY STOP,2026-07-28 09:30:00,2026-07,2026,572.0,BUY,SELL,631.0,635.5,9.0,NQ09B BUY NY N130 TP2,-59.0,0.0,9.0,59.0,4.5,4.5,0.0,True,1027
2574,2026-07-29 09:30,NY,2,631.0,635.5,9.0,NQ09B BUY NY N130 TP2,-59.0,0.0,9.0,NQ09B SELL NY STOP,2026-07-29 09:30:00,2026-07,2026,572.0,BUY,SELL,631.0,635.5,9.0,NQ09B BUY NY N130 TP2,-59.0,0.0,9.0,59.0,4.5,4.5,0.0,True,1028
2578,2026-07-31 09:30,NY,2,-59.0,0.0,9.0,NQ09B BUY NY STOP,631.0,635.5,9.0,NQ09B SELL NY N130 TP2,2026-07-31 09:30:00,2026-07,2026,572.0,SELL,BUY,631.0,635.5,9.0,NQ09B SELL NY N130 TP2,-59.0,0.0,9.0,59.0,4.5,4.5,0.0,True,1029
2579,2026-08-02 18:00,WEEKLY,2,-59.0,0.0,9.0,NQ09B BUY WEEKLY STOP,391.0,395.5,9.0,NQ09B SELL WEEKLY W80,2026-08-02 18:00:00,2026-08,2026,332.0,SELL,BUY,391.0,395.5,9.0,NQ09B SELL WEEKLY W80,-59.0,0.0,9.0,59.0,4.5,4.5,0.0,True,1030
2580,2026-08-03 09:30,NY,2,631.0,635.5,9.0,NQ09B BUY NY N130 TP2,-59.0,0.0,9.0,NQ09B SELL NY STOP,2026-08-03 09:30:00,2026-08,2026,572.0,BUY,SELL,631.0,635.5,9.0,NQ09B BUY NY N130 TP2,-59.0,0.0,9.0,59.0,4.5,4.5,0.0,True,1031
2581,2026-08-04 09:30,NY,2,-59.0,0.0,9.0,NQ09B BUY NY STOP,631.0,635.5,9.0,NQ09B SELL NY N130 TP2,2026-08-04 09:30:00,2026-08,2026,572.0,SELL,BUY,631.0,635.5,9.0,NQ09B SELL NY N130 TP2,-59.0,0.0,9.0,59.0,4.5,4.5,0.0,True,1032
2583,2026-08-05 09:30,NY,2,631.0,635.5,9.0,NQ09B BUY NY N130 TP2,-59.0,0.0,9.0,NQ09B SELL NY STOP,2026-08-05 09:30:00,2026-08,2026,572.0,BUY,SELL,631.0,635.5,9.0,NQ09B BUY NY N130 TP2,-59.0,0.0,9.0,59.0,4.5,4.5,0.0,True,1033
23,2020-01-27 18:00,WEEKDAY_WEAK,1,155.5,157.75,4.5,NQ09B BUY WEEKDAY 1800 D80,-29.5,0.0,4.5,NQ09B SELL WEEKDAY 1800 STOP,2020-01-27 18:00:00,2020-01,2020,126.0,BUY,SELL,155.5,157.75,4.5,NQ09B BUY WEEKDAY 1800 D80,-29.5,0.0,4.5,29.5,2.25,2.25,0.0,True,1034
78,2020-03-09 18:00,WEEKDAY_WEAK,1,155.5,157.75,4.5,NQ09B BUY WEEKDAY 1800 D80,-29.5,0.0,4.5,NQ09B SELL WEEKDAY 1800 STOP,2020-03-09 18:00:00,2020-03,2020,126.0,BUY,SELL,155.5,157.75,4.5,NQ09B BUY WEEKDAY 1800 D80,-29.5,0.0,4.5,29.5,2.25,2.25,0.0,True,1035
80,2020-03-10 18:00,WEEKDAY_WEAK,1,155.5,157.75,4.5,NQ09B BUY WEEKDAY 1800 D80,-29.5,0.0,4.5,NQ09B SELL WEEKDAY 1800 STOP,2020-03-10 18:00:00,2020-03,2020,126.0,BUY,SELL,155.5,157.75,4.5,NQ09B BUY WEEKDAY 1800 D80,-29.5,0.0,4.5,29.5,2.25,2.25,0.0,True,1036
82,2020-03-11 18:00,WEEKDAY_WEAK,1,-29.5,0.0,4.5,NQ09B BUY WEEKDAY 1800 STOP,155.5,157.75,4.5,NQ09B SELL WEEKDAY 1800 D80,2020-03-11 18:00:00,2020-03,2020,126.0,SELL,BUY,155.5,157.75,4.5,NQ09B SELL WEEKDAY 1800 D80,-29.5,0.0,4.5,29.5,2.25,2.25,0.0,True,1037
98,2020-03-23 18:00,WEEKDAY_WEAK,1,155.5,157.75,4.5,NQ09B BUY WEEKDAY 1800 D80,-29.5,0.0,4.5,NQ09B SELL WEEKDAY 1800 STOP,2020-03-23 18:00:00,2020-03,2020,126.0,BUY,SELL,155.5,157.75,4.5,NQ09B BUY WEEKDAY 1800 D80,-29.5,0.0,4.5,29.5,2.25,2.25,0.0,True,1038
100,2020-03-24 18:00,WEEKDAY_WEAK,1,155.5,157.75,4.5,NQ09B BUY WEEKDAY 1800 D80,-29.5,0.0,4.5,NQ09B SELL WEEKDAY 1800 STOP,2020-03-24 18:00:00,2020-03,2020,126.0,BUY,SELL,155.5,157.75,4.5,NQ09B BUY WEEKDAY 1800 D80,-29.5,0.0,4.5,29.5,2.25,2.25,0.0,True,1039
102,2020-03-25 18:00,WEEKDAY_WEAK,1,-29.5,0.0,4.5,NQ09B BUY WEEKDAY 1800 STOP,155.5,157.75,4.5,NQ09B SELL WEEKDAY 1800 D80,2020-03-25 18:00:00,2020-03,2020,126.0,SELL,BUY,155.5,157.75,4.5,NQ09B SELL WEEKDAY 1800 D80,-29.5,0.0,4.5,29.5,2.25,2.25,0.0,True,1040
110,2020-04-01 18:00,WEEKDAY_WEAK,1,-29.5,0.0,4.5,NQ09B BUY WEEKDAY 1800 STOP,155.5,157.75,4.5,NQ09B SELL WEEKDAY 1800 D80,2020-04-01 18:00:00,2020-04,2020,126.0,SELL,BUY,155.5,157.75,4.5,NQ09B SELL WEEKDAY 1800 D80,-29.5,0.0,4.5,29.5,2.25,2.25,0.0,True,1041
123,2020-04-16 18:00,WEEKDAY_WEAK,1,155.5,157.75,4.5,NQ09B BUY WEEKDAY 1800 D80,-29.5,0.0,4.5,NQ09B SELL WEEKDAY 1800 STOP,2020-04-16 18:00:00,2020-04,2020,126.0,BUY,SELL,155.5,157.75,4.5,NQ09B BUY WEEKDAY 1800 D80,-29.5,0.0,4.5,29.5,2.25,2.25,0.0,True,1042
127,2020-04-20 18:00,WEEKDAY_WEAK,1,155.5,157.75,4.5,NQ09B BUY WEEKDAY 1800 D80,-29.5,0.0,4.5,NQ09B SELL WEEKDAY 1800 STOP,2020-04-20 18:00:00,2020-04,2020,126.0,BUY,SELL,155.5,157.75,4.5,NQ09B BUY WEEKDAY 1800 D80,-29.5,0.0,4.5,29.5,2.25,2.25,0.0,True,1043
137,2020-04-28 18:00,WEEKDAY_WEAK,1,155.5,157.75,4.5,NQ09B BUY WEEKDAY 1800 D80,-29.5,0.0,4.5,NQ09B SELL WEEKDAY 1800 STOP,2020-04-28 18:00:00,2020-04,2020,126.0,BUY,SELL,155.5,157.75,4.5,NQ09B BUY WEEKDAY 1800 D80,-29.5,0.0,4.5,29.5,2.25,2.25,0.0,True,1044
146,2020-05-05 18:00,WEEKDAY_WEAK,1,-29.5,0.0,4.5,NQ09B BUY WEEKDAY 1800 STOP,155.5,157.75,4.5,NQ09B SELL WEEKDAY 1800 D80,2020-05-05 18:00:00,2020-05,2020,126.0,SELL,BUY,155.5,157.75,4.5,NQ09B SELL WEEKDAY 1800 D80,-29.5,0.0,4.5,29.5,2.25,2.25,0.0,True,1045
155,2020-05-13 18:00,WEEKDAY_WEAK,1,155.5,157.75,4.5,NQ09B BUY WEEKDAY 1800 D80,-29.5,0.0,4.5,NQ09B SELL WEEKDAY 1800 STOP,2020-05-13 18:00:00,2020-05,2020,126.0,BUY,SELL,155.5,157.75,4.5,NQ09B BUY WEEKDAY 1800 D80,-29.5,0.0,4.5,29.5,2.25,2.25,0.0,True,1046
178,2020-06-04 18:00,WEEKDAY_WEAK,1,-29.5,0.0,4.5,NQ09B BUY WEEKDAY 1800 STOP,155.5,157.75,4.5,NQ09B SELL WEEKDAY 1800 D80,2020-06-04 18:00:00,2020-06,2020,126.0,SELL,BUY,155.5,157.75,4.5,NQ09B SELL WEEKDAY 1800 D80,-29.5,0.0,4.5,29.5,2.25,2.25,0.0,True,1047
183,2020-06-09 18:00,WEEKDAY_WEAK,1,155.5,157.75,4.5,NQ09B BUY WEEKDAY 1800 D80,-29.5,0.0,4.5,NQ09B SELL WEEKDAY 1800 STOP,2020-06-09 18:00:00,2020-06,2020,126.0,BUY,SELL,155.5,157.75,4.5,NQ09B BUY WEEKDAY 1800 D80,-29.5,0.0,4.5,29.5,2.25,2.25,0.0,True,1048
232,2020-07-22 18:00,WEEKDAY_WEAK,1,-29.5,0.0,4.5,NQ09B BUY WEEKDAY 1800 STOP,155.5,157.75,4.5,NQ09B SELL WEEKDAY 1800 D80,2020-07-22 18:00:00,2020-07,2020,126.0,SELL,BUY,155.5,157.75,4.5,NQ09B SELL WEEKDAY 1800 D80,-29.5,0.0,4.5,29.5,2.25,2.25,0.0,True,1049
234,2020-07-23 18:00,WEEKDAY_WEAK,1,155.5,157.75,4.5,NQ09B BUY WEEKDAY 1800 D80,-29.5,2.75,4.5,NQ09B SELL WEEKDAY 1800 STOP,2020-07-23 18:00:00,2020-07,2020,126.0,BUY,SELL,155.5,157.75,4.5,NQ09B BUY WEEKDAY 1800 D80,-29.5,2.75,4.5,32.25,2.25,2.25,0.0,True,1050
269,2020-08-26 18:00,WEEKDAY_WEAK,1,-29.5,0.0,4.5,NQ09B BUY WEEKDAY 1800 STOP,155.5,157.75,4.5,NQ09B SELL WEEKDAY 1800 D80,2020-08-26 18:00:00,2020-08,2020,126.0,SELL,BUY,155.5,157.75,4.5,NQ09B SELL WEEKDAY 1800 D80,-29.5,0.0,4.5,29.5,2.25,2.25,0.0,True,1051
287,2020-09-09 18:00,WEEKDAY_WEAK,1,155.5,157.75,4.5,NQ09B BUY WEEKDAY 1800 D80,-29.5,0.0,4.5,NQ09B SELL WEEKDAY 1800 STOP,2020-09-09 18:00:00,2020-09,2020,126.0,BUY,SELL,155.5,157.75,4.5,NQ09B BUY WEEKDAY 1800 D80,-29.5,0.0,4.5,29.5,2.25,2.25,0.0,True,1052
289,2020-09-10 18:00,WEEKDAY_WEAK,1,155.5,157.75,4.5,NQ09B BUY WEEKDAY 1800 D80,-29.5,0.0,4.5,NQ09B SELL WEEKDAY 1800 STOP,2020-09-10 18:00:00,2020-09,2020,126.0,BUY,SELL,155.5,157.75,4.5,NQ09B BUY WEEKDAY 1800 D80,-29.5,0.0,4.5,29.5,2.25,2.25,0.0,True,1053
295,2020-09-16 18:00,WEEKDAY_WEAK,1,155.5,157.75,4.5,NQ09B BUY WEEKDAY 1800 D80,-29.5,0.0,4.5,NQ09B SELL WEEKDAY 1800 STOP,2020-09-16 18:00:00,2020-09,2020,126.0,BUY,SELL,155.5,157.75,4.5,NQ09B BUY WEEKDAY 1800 D80,-29.5,0.0,4.5,29.5,2.25,2.25,0.0,True,1054
301,2020-09-21 18:00,WEEKDAY_WEAK,1,155.5,157.75,4.5,NQ09B BUY WEEKDAY 1800 D80,-29.5,0.0,4.5,NQ09B SELL WEEKDAY 1800 STOP,2020-09-21 18:00:00,2020-09,2020,126.0,BUY,SELL,155.5,157.75,4.5,NQ09B BUY WEEKDAY 1800 D80,-29.5,0.0,4.5,29.5,2.25,2.25,0.0,True,1055
351,2020-11-03 18:00,WEEKDAY_WEAK,1,-29.5,0.0,4.5,NQ09B BUY WEEKDAY 1800 STOP,155.5,157.75,4.5,NQ09B SELL WEEKDAY 1800 D80,2020-11-03 18:00:00,2020-11,2020,126.0,SELL,BUY,155.5,157.75,4.5,NQ09B SELL WEEKDAY 1800 D80,-29.5,0.0,4.5,29.5,2.25,2.25,0.0,True,1056
355,2020-11-05 18:00,WEEKDAY_WEAK,1,-29.5,2.75,4.5,NQ09B BUY WEEKDAY 1800 STOP,155.5,157.75,4.5,NQ09B SELL WEEKDAY 1800 D80,2020-11-05 18:00:00,2020-11,2020,126.0,SELL,BUY,155.5,157.75,4.5,NQ09B SELL WEEKDAY 1800 D80,-29.5,2.75,4.5,32.25,2.25,2.25,0.0,True,1057
370,2020-11-18 18:00,WEEKDAY_WEAK,1,-29.5,0.0,4.5,NQ09B BUY WEEKDAY 1800 STOP,155.5,157.75,4.5,NQ09B SELL WEEKDAY 1800 D80,2020-11-18 18:00:00,2020-11,2020,126.0,SELL,BUY,155.5,157.75,4.5,NQ09B SELL WEEKDAY 1800 D80,-29.5,0.0,4.5,29.5,2.25,2.25,0.0,True,1058
372,2020-11-19 18:00,WEEKDAY_WEAK,1,-29.5,0.0,4.5,NQ09B BUY WEEKDAY 1800 STOP,155.5,157.75,4.5,NQ09B SELL WEEKDAY 1800 D80,2020-11-19 18:00:00,2020-11,2020,126.0,SELL,BUY,155.5,157.75,4.5,NQ09B SELL WEEKDAY 1800 D80,-29.5,0.0,4.5,29.5,2.25,2.25,0.0,True,1059
384,2020-12-01 18:00,WEEKDAY_WEAK,1,155.5,157.75,4.5,NQ09B BUY WEEKDAY 1800 D80,-29.5,0.0,4.5,NQ09B SELL WEEKDAY 1800 STOP,2020-12-01 18:00:00,2020-12,2020,126.0,BUY,SELL,155.5,157.75,4.5,NQ09B BUY WEEKDAY 1800 D80,-29.5,0.0,4.5,29.5,2.25,2.25,0.0,True,1060
411,2020-12-30 18:00,WEEKDAY_WEAK,1,155.5,157.75,4.5,NQ09B BUY WEEKDAY 1800 D80,-29.5,0.0,4.5,NQ09B SELL WEEKDAY 1800 STOP,2020-12-30 18:00:00,2020-12,2020,126.0,BUY,SELL,155.5,157.75,4.5,NQ09B BUY WEEKDAY 1800 D80,-29.5,0.0,4.5,29.5,2.25,2.25,0.0,True,1061
436,2021-01-20 18:00,WEEKDAY_WEAK,1,155.5,157.75,4.5,NQ09B BUY WEEKDAY 1800 D80,-29.5,2.75,4.5,NQ09B SELL WEEKDAY 1800 STOP,2021-01-20 18:00:00,2021-01,2021,126.0,BUY,SELL,155.5,157.75,4.5,NQ09B BUY WEEKDAY 1800 D80,-29.5,2.75,4.5,32.25,2.25,2.25,0.0,True,1062
477,2021-02-24 18:00,WEEKDAY_WEAK,1,-29.5,0.0,4.5,NQ09B BUY WEEKDAY 1800 STOP,155.5,157.75,4.5,NQ09B SELL WEEKDAY 1800 D80,2021-02-24 18:00:00,2021-02,2021,126.0,SELL,BUY,155.5,157.75,4.5,NQ09B SELL WEEKDAY 1800 D80,-29.5,0.0,4.5,29.5,2.25,2.25,0.0,True,1063
488,2021-03-04 18:00,WEEKDAY_WEAK,1,155.5,157.75,4.5,NQ09B BUY WEEKDAY 1800 D80,-29.5,0.0,4.5,NQ09B SELL WEEKDAY 1800 STOP,2021-03-04 18:00:00,2021-03,2021,126.0,BUY,SELL,155.5,157.75,4.5,NQ09B BUY WEEKDAY 1800 D80,-29.5,0.0,4.5,29.5,2.25,2.25,0.0,True,1064
501,2021-03-17 18:00,WEEKDAY_WEAK,1,-29.5,0.0,4.5,NQ09B BUY WEEKDAY 1800 STOP,155.5,157.75,4.5,NQ09B SELL WEEKDAY 1800 D80,2021-03-17 18:00:00,2021-03,2021,126.0,SELL,BUY,155.5,157.75,4.5,NQ09B SELL WEEKDAY 1800 D80,-29.5,0.0,4.5,29.5,2.25,2.25,0.0,True,1065
503,2021-03-18 18:00,WEEKDAY_WEAK,1,155.5,157.75,4.5,NQ09B BUY WEEKDAY 1800 D80,-29.5,0.0,4.5,NQ09B SELL WEEKDAY 1800 STOP,2021-03-18 18:00:00,2021-03,2021,126.0,BUY,SELL,155.5,157.75,4.5,NQ09B BUY WEEKDAY 1800 D80,-29.5,0.0,4.5,29.5,2.25,2.25,0.0,True,1066
530,2021-04-15 18:00,WEEKDAY_WEAK,1,-29.5,0.0,4.5,NQ09B BUY WEEKDAY 1800 STOP,155.5,157.75,4.5,NQ09B SELL WEEKDAY 1800 D80,2021-04-15 18:00:00,2021-04,2021,126.0,SELL,BUY,155.5,157.75,4.5,NQ09B SELL WEEKDAY 1800 D80,-29.5,0.0,4.5,29.5,2.25,2.25,0.0,True,1067
547,2021-04-29 18:00,WEEKDAY_WEAK,1,-29.5,0.0,4.5,NQ09B BUY WEEKDAY 1800 STOP,155.5,157.75,4.5,NQ09B SELL WEEKDAY 1800 D80,2021-04-29 18:00:00,2021-04,2021,126.0,SELL,BUY,155.5,157.75,4.5,NQ09B SELL WEEKDAY 1800 D80,-29.5,0.0,4.5,29.5,2.25,2.25,0.0,True,1068
553,2021-05-05 18:00,WEEKDAY_WEAK,1,155.5,157.75,4.5,NQ09B BUY WEEKDAY 1800 D80,-29.5,0.0,4.5,NQ09B SELL WEEKDAY 1800 STOP,2021-05-05 18:00:00,2021-05,2021,126.0,BUY,SELL,155.5,157.75,4.5,NQ09B BUY WEEKDAY 1800 D80,-29.5,0.0,4.5,29.5,2.25,2.25,0.0,True,1069
568,2021-05-18 18:00,WEEKDAY_WEAK,1,155.5,157.75,4.5,NQ09B BUY WEEKDAY 1800 D80,-29.5,2.75,4.5,NQ09B SELL WEEKDAY 1800 STOP,2021-05-18 18:00:00,2021-05,2021,126.0,BUY,SELL,155.5,157.75,4.5,NQ09B BUY WEEKDAY 1800 D80,-29.5,2.75,4.5,32.25,2.25,2.25,0.0,True,1070
617,2021-07-01 18:00,WEEKDAY_WEAK,1,-29.5,0.0,4.5,NQ09B BUY WEEKDAY 1800 STOP,155.5,157.75,4.5,NQ09B SELL WEEKDAY 1800 D80,2021-07-01 18:00:00,2021-07,2021,126.0,SELL,BUY,155.5,157.75,4.5,NQ09B SELL WEEKDAY 1800 D80,-29.5,0.0,4.5,29.5,2.25,2.25,0.0,True,1071
629,2021-07-13 18:00,WEEKDAY_WEAK,1,-29.5,0.0,4.5,NQ09B BUY WEEKDAY 1800 STOP,155.5,157.75,4.5,NQ09B SELL WEEKDAY 1800 D80,2021-07-13 18:00:00,2021-07,2021,126.0,SELL,BUY,155.5,157.75,4.5,NQ09B SELL WEEKDAY 1800 D80,-29.5,0.0,4.5,29.5,2.25,2.25,0.0,True,1072
693,2021-09-06 18:00,WEEKDAY_WEAK,1,-29.5,0.0,4.5,NQ09B BUY WEEKDAY 1800 STOP,155.5,157.75,4.5,NQ09B SELL WEEKDAY 1800 D80,2021-09-06 18:00:00,2021-09,2021,126.0,SELL,BUY,155.5,157.75,4.5,NQ09B SELL WEEKDAY 1800 D80,-29.5,0.0,4.5,29.5,2.25,2.25,0.0,True,1073
721,2021-09-28 18:00,WEEKDAY_WEAK,1,155.5,157.75,4.5,NQ09B BUY WEEKDAY 1800 D80,-29.5,0.0,4.5,NQ09B SELL WEEKDAY 1800 STOP,2021-09-28 18:00:00,2021-09,2021,126.0,BUY,SELL,155.5,157.75,4.5,NQ09B BUY WEEKDAY 1800 D80,-29.5,0.0,4.5,29.5,2.25,2.25,0.0,True,1074
755,2021-10-27 18:00,WEEKDAY_WEAK,1,155.5,157.75,4.5,NQ09B BUY WEEKDAY 1800 D80,-29.5,0.0,4.5,NQ09B SELL WEEKDAY 1800 STOP,2021-10-27 18:00:00,2021-10,2021,126.0,BUY,SELL,155.5,157.75,4.5,NQ09B BUY WEEKDAY 1800 D80,-29.5,0.0,4.5,29.5,2.25,2.25,0.0,True,1075
775,2021-11-17 18:00,WEEKDAY_WEAK,1,155.5,157.75,4.5,NQ09B BUY WEEKDAY 1800 D80,-29.5,0.0,4.5,NQ09B SELL WEEKDAY 1800 STOP,2021-11-17 18:00:00,2021-11,2021,126.0,BUY,SELL,155.5,157.75,4.5,NQ09B BUY WEEKDAY 1800 D80,-29.5,0.0,4.5,29.5,2.25,2.25,0.0,True,1076
791,2021-12-01 18:00,WEEKDAY_WEAK,1,155.5,157.75,4.5,NQ09B BUY WEEKDAY 1800 D80,-29.5,0.0,4.5,NQ09B SELL WEEKDAY 1800 STOP,2021-12-01 18:00:00,2021-12,2021,126.0,BUY,SELL,155.5,157.75,4.5,NQ09B BUY WEEKDAY 1800 D80,-29.5,0.0,4.5,29.5,2.25,2.25,0.0,True,1077
844,2022-01-24 18:00,WEEKDAY_WEAK,1,-29.5,0.0,4.5,NQ09B BUY WEEKDAY 1800 STOP,155.5,157.75,4.5,NQ09B SELL WEEKDAY 1800 D80,2022-01-24 18:00:00,2022-01,2022,126.0,SELL,BUY,155.5,157.75,4.5,NQ09B SELL WEEKDAY 1800 D80,-29.5,0.0,4.5,29.5,2.25,2.25,0.0,True,1078
848,2022-01-26 18:00,WEEKDAY_WEAK,1,-29.5,0.0,4.5,NQ09B BUY WEEKDAY 1800 STOP,155.5,157.75,4.5,NQ09B SELL WEEKDAY 1800 D80,2022-01-26 18:00:00,2022-01,2022,126.0,SELL,BUY,155.5,157.75,4.5,NQ09B SELL WEEKDAY 1800 D80,-29.5,0.0,4.5,29.5,2.25,2.25,0.0,True,1079
873,2022-02-16 18:00,WEEKDAY_WEAK,1,-29.5,0.0,4.5,NQ09B BUY WEEKDAY 1800 STOP,155.5,157.75,4.5,NQ09B SELL WEEKDAY 1800 D80,2022-02-16 18:00:00,2022-02,2022,126.0,SELL,BUY,155.5,157.75,4.5,NQ09B SELL WEEKDAY 1800 D80,-29.5,0.0,4.5,29.5,2.25,2.25,0.0,True,1080
879,2022-02-22 18:00,WEEKDAY_WEAK,1,-29.5,0.0,4.5,NQ09B BUY WEEKDAY 1800 STOP,155.5,157.75,4.5,NQ09B SELL WEEKDAY 1800 D80,2022-02-22 18:00:00,2022-02,2022,126.0,SELL,BUY,155.5,157.75,4.5,NQ09B SELL WEEKDAY 1800 D80,-29.5,0.0,4.5,29.5,2.25,2.25,0.0,True,1081
897,2022-03-09 18:00,WEEKDAY_WEAK,1,-29.5,0.0,4.5,NQ09B BUY WEEKDAY 1800 STOP,155.5,157.75,4.5,NQ09B SELL WEEKDAY 1800 D80,2022-03-09 18:00:00,2022-03,2022,126.0,SELL,BUY,155.5,157.75,4.5,NQ09B SELL WEEKDAY 1800 D80,-29.5,0.0,4.5,29.5,2.25,2.25,0.0,True,1082
950,2022-05-03 18:00,WEEKDAY_WEAK,1,-29.5,0.0,4.5,NQ09B BUY WEEKDAY 1800 STOP,155.5,157.75,4.5,NQ09B SELL WEEKDAY 1800 D80,2022-05-03 18:00:00,2022-05,2022,126.0,SELL,BUY,155.5,157.75,4.5,NQ09B SELL WEEKDAY 1800 D80,-29.5,0.0,4.5,29.5,2.25,2.25,0.0,True,1083
974,2022-05-25 18:00,WEEKDAY_WEAK,1,155.5,157.75,4.5,NQ09B BUY WEEKDAY 1800 D80,-29.5,0.0,4.5,NQ09B SELL WEEKDAY 1800 STOP,2022-05-25 18:00:00,2022-05,2022,126.0,BUY,SELL,155.5,157.75,4.5,NQ09B BUY WEEKDAY 1800 D80,-29.5,0.0,4.5,29.5,2.25,2.25,0.0,True,1084
994,2022-06-15 18:00,WEEKDAY_WEAK,1,155.5,157.75,4.5,NQ09B BUY WEEKDAY 1800 D80,-29.5,0.0,4.5,NQ09B SELL WEEKDAY 1800 STOP,2022-06-15 18:00:00,2022-06,2022,126.0,BUY,SELL,155.5,157.75,4.5,NQ09B BUY WEEKDAY 1800 D80,-29.5,0.0,4.5,29.5,2.25,2.25,0.0,True,1085
1092,2022-09-22 18:00,WEEKDAY_WEAK,1,-29.5,0.0,4.5,NQ09B BUY WEEKDAY 1800 STOP,155.5,157.75,4.5,NQ09B SELL WEEKDAY 1800 D80,2022-09-22 18:00:00,2022-09,2022,126.0,SELL,BUY,155.5,157.75,4.5,NQ09B SELL WEEKDAY 1800 D80,-29.5,0.0,4.5,29.5,2.25,2.25,0.0,True,1086
1177,2022-12-15 18:00,WEEKDAY_WEAK,1,155.5,157.75,4.5,NQ09B BUY WEEKDAY 1800 D80,-29.5,2.75,4.5,NQ09B SELL WEEKDAY 1800 STOP,2022-12-15 18:00:00,2022-12,2022,126.0,BUY,SELL,155.5,157.75,4.5,NQ09B BUY WEEKDAY 1800 D80,-29.5,2.75,4.5,32.25,2.25,2.25,0.0,True,1087
1252,2023-03-07 18:00,WEEKDAY_WEAK,1,155.5,157.75,4.5,NQ09B BUY WEEKDAY 1800 D80,-29.5,0.0,4.5,NQ09B SELL WEEKDAY 1800 STOP,2023-03-07 18:00:00,2023-03,2023,126.0,BUY,SELL,155.5,157.75,4.5,NQ09B BUY WEEKDAY 1800 D80,-29.5,0.0,4.5,29.5,2.25,2.25,0.0,True,1088
1255,2023-03-09 18:00,WEEKDAY_WEAK,1,-29.5,2.75,4.5,NQ09B BUY WEEKDAY 1800 STOP,155.5,157.75,4.5,NQ09B SELL WEEKDAY 1800 D80,2023-03-09 18:00:00,2023-03,2023,126.0,SELL,BUY,155.5,157.75,4.5,NQ09B SELL WEEKDAY 1800 D80,-29.5,2.75,4.5,32.25,2.25,2.25,0.0,True,1089
1259,2023-03-13 18:00,WEEKDAY_WEAK,1,-29.5,0.0,4.5,NQ09B BUY WEEKDAY 1800 STOP,155.5,157.75,4.5,NQ09B SELL WEEKDAY 1800 D80,2023-03-13 18:00:00,2023-03,2023,126.0,SELL,BUY,155.5,157.75,4.5,NQ09B SELL WEEKDAY 1800 D80,-29.5,0.0,4.5,29.5,2.25,2.25,0.0,True,1090
1308,2023-05-01 18:00,WEEKDAY_WEAK,1,-29.5,0.0,4.5,NQ09B BUY WEEKDAY 1800 STOP,155.5,157.75,4.5,NQ09B SELL WEEKDAY 1800 D80,2023-05-01 18:00:00,2023-05,2023,126.0,SELL,BUY,155.5,157.75,4.5,NQ09B SELL WEEKDAY 1800 D80,-29.5,0.0,4.5,29.5,2.25,2.25,0.0,True,1091
1312,2023-05-03 18:00,WEEKDAY_WEAK,1,-29.5,0.0,4.5,NQ09B BUY WEEKDAY 1800 STOP,155.5,157.75,4.5,NQ09B SELL WEEKDAY 1800 D80,2023-05-03 18:00:00,2023-05,2023,126.0,SELL,BUY,155.5,157.75,4.5,NQ09B SELL WEEKDAY 1800 D80,-29.5,0.0,4.5,29.5,2.25,2.25,0.0,True,1092
1340,2023-05-31 18:00,WEEKDAY_WEAK,1,155.5,157.75,4.5,NQ09B BUY WEEKDAY 1800 D80,-29.5,0.0,4.5,NQ09B SELL WEEKDAY 1800 STOP,2023-05-31 18:00:00,2023-05,2023,126.0,BUY,SELL,155.5,157.75,4.5,NQ09B BUY WEEKDAY 1800 D80,-29.5,0.0,4.5,29.5,2.25,2.25,0.0,True,1093
1353,2023-06-13 18:00,WEEKDAY_WEAK,1,155.5,157.75,4.5,NQ09B BUY WEEKDAY 1800 D80,-29.5,2.75,4.5,NQ09B SELL WEEKDAY 1800 STOP,2023-06-13 18:00:00,2023-06,2023,126.0,BUY,SELL,155.5,157.75,4.5,NQ09B BUY WEEKDAY 1800 D80,-29.5,2.75,4.5,32.25,2.25,2.25,0.0,True,1094
1402,2023-08-01 18:00,WEEKDAY_WEAK,1,-29.5,2.75,4.5,NQ09B BUY WEEKDAY 1800 STOP,155.5,157.75,4.5,NQ09B SELL WEEKDAY 1800 D80,2023-08-01 18:00:00,2023-08,2023,126.0,SELL,BUY,155.5,157.75,4.5,NQ09B SELL WEEKDAY 1800 D80,-29.5,2.75,4.5,32.25,2.25,2.25,0.0,True,1095
1655,2024-04-10 18:00,WEEKDAY_WEAK,1,-29.5,0.0,4.5,NQ09B BUY WEEKDAY 1800 STOP,160.5,162.75,4.5,NQ09B SELL WEEKDAY 1800 D80,2024-04-10 18:00:00,2024-04,2024,131.0,SELL,BUY,160.5,162.75,4.5,NQ09B SELL WEEKDAY 1800 D80,-29.5,0.0,4.5,29.5,2.25,2.25,0.0,True,1096
1737,2024-06-26 18:00,WEEKDAY_WEAK,1,175.5,177.75,4.5,NQ09B BUY WEEKDAY 1800 D80,-29.5,0.0,4.5,NQ09B SELL WEEKDAY 1800 STOP,2024-06-26 18:00:00,2024-06,2024,146.0,BUY,SELL,175.5,177.75,4.5,NQ09B BUY WEEKDAY 1800 D80,-29.5,0.0,4.5,29.5,2.25,2.25,0.0,True,1097
1753,2024-07-11 18:00,WEEKDAY_WEAK,1,-29.5,0.0,4.5,NQ09B BUY WEEKDAY 1800 STOP,175.5,177.75,4.5,NQ09B SELL WEEKDAY 1800 D80,2024-07-11 18:00:00,2024-07,2024,146.0,SELL,BUY,175.5,177.75,4.5,NQ09B SELL WEEKDAY 1800 D80,-29.5,0.0,4.5,29.5,2.25,2.25,0.0,True,1098
1765,2024-07-23 18:00,WEEKDAY_WEAK,1,-29.5,0.0,4.5,NQ09B BUY WEEKDAY 1800 STOP,175.5,177.75,4.5,NQ09B SELL WEEKDAY 1800 D80,2024-07-23 18:00:00,2024-07,2024,146.0,SELL,BUY,175.5,177.75,4.5,NQ09B SELL WEEKDAY 1800 D80,-29.5,0.0,4.5,29.5,2.25,2.25,0.0,True,1099
1811,2024-09-02 18:00,WEEKDAY_WEAK,1,175.5,177.75,4.5,NQ09B BUY WEEKDAY 1800 D80,-29.5,0.0,4.5,NQ09B SELL WEEKDAY 1800 STOP,2024-09-02 18:00:00,2024-09,2024,146.0,BUY,SELL,175.5,177.75,4.5,NQ09B BUY WEEKDAY 1800 D80,-29.5,0.0,4.5,29.5,2.25,2.25,0.0,True,1100
1813,2024-09-03 18:00,WEEKDAY_WEAK,1,170.5,172.75,4.5,NQ09B BUY WEEKDAY 1800 D80,-29.5,0.0,4.5,NQ09B SELL WEEKDAY 1800 STOP,2024-09-03 18:00:00,2024-09,2024,141.0,BUY,SELL,170.5,172.75,4.5,NQ09B BUY WEEKDAY 1800 D80,-29.5,0.0,4.5,29.5,2.25,2.25,0.0,True,1101
1829,2024-09-18 18:00,WEEKDAY_WEAK,1,-29.5,0.0,4.5,NQ09B BUY WEEKDAY 1800 STOP,175.5,177.75,4.5,NQ09B SELL WEEKDAY 1800 D80,2024-09-18 18:00:00,2024-09,2024,146.0,SELL,BUY,175.5,177.75,4.5,NQ09B SELL WEEKDAY 1800 D80,-29.5,0.0,4.5,29.5,2.25,2.25,0.0,True,1102
1842,2024-10-01 18:00,WEEKDAY_WEAK,1,175.5,177.75,4.5,NQ09B BUY WEEKDAY 1800 D80,-29.5,0.0,4.5,NQ09B SELL WEEKDAY 1800 STOP,2024-10-01 18:00:00,2024-10,2024,146.0,BUY,SELL,175.5,177.75,4.5,NQ09B BUY WEEKDAY 1800 D80,-29.5,0.0,4.5,29.5,2.25,2.25,0.0,True,1103
1870,2024-10-24 18:00,WEEKDAY_WEAK,1,-29.5,0.0,4.5,NQ09B BUY WEEKDAY 1800 STOP,175.5,177.75,4.5,NQ09B SELL WEEKDAY 1800 D80,2024-10-24 18:00:00,2024-10,2024,146.0,SELL,BUY,175.5,177.75,4.5,NQ09B SELL WEEKDAY 1800 D80,-29.5,0.0,4.5,29.5,2.25,2.25,0.0,True,1104
1893,2024-11-13 18:00,WEEKDAY_WEAK,1,-29.5,0.0,4.5,NQ09B BUY WEEKDAY 1800 STOP,180.5,182.75,4.5,NQ09B SELL WEEKDAY 1800 D80,2024-11-13 18:00:00,2024-11,2024,151.0,SELL,BUY,180.5,182.75,4.5,NQ09B SELL WEEKDAY 1800 D80,-29.5,0.0,4.5,29.5,2.25,2.25,0.0,True,1105
1907,2024-11-25 18:00,WEEKDAY_WEAK,1,-29.5,0.0,4.5,NQ09B BUY WEEKDAY 1800 STOP,175.5,177.75,4.5,NQ09B SELL WEEKDAY 1800 D80,2024-11-25 18:00:00,2024-11,2024,146.0,SELL,BUY,175.5,177.75,4.5,NQ09B SELL WEEKDAY 1800 D80,-29.5,0.0,4.5,29.5,2.25,2.25,0.0,True,1106
1914,2024-12-02 18:00,WEEKDAY_WEAK,1,-29.5,0.0,4.5,NQ09B BUY WEEKDAY 1800 STOP,180.5,182.75,4.5,NQ09B SELL WEEKDAY 1800 D80,2024-12-02 18:00:00,2024-12,2024,151.0,SELL,BUY,180.5,182.75,4.5,NQ09B SELL WEEKDAY 1800 D80,-29.5,0.0,4.5,29.5,2.25,2.25,0.0,True,1107
1924,2024-12-12 18:00,WEEKDAY_WEAK,1,185.5,187.75,4.5,NQ09B BUY WEEKDAY 1800 D80,-29.5,0.0,4.5,NQ09B SELL WEEKDAY 1800 STOP,2024-12-12 18:00:00,2024-12,2024,156.0,BUY,SELL,185.5,187.75,4.5,NQ09B BUY WEEKDAY 1800 D80,-29.5,0.0,4.5,29.5,2.25,2.25,0.0,True,1108
1929,2024-12-17 18:00,WEEKDAY_WEAK,1,-29.5,0.0,4.5,NQ09B BUY WEEKDAY 1800 STOP,190.5,192.75,4.5,NQ09B SELL WEEKDAY 1800 D80,2024-12-17 18:00:00,2024-12,2024,161.0,SELL,BUY,190.5,192.75,4.5,NQ09B SELL WEEKDAY 1800 D80,-29.5,0.0,4.5,29.5,2.25,2.25,0.0,True,1109
1943,2024-12-30 18:00,WEEKDAY_WEAK,1,-29.5,0.0,4.5,NQ09B BUY WEEKDAY 1800 STOP,180.5,182.75,4.5,NQ09B SELL WEEKDAY 1800 D80,2024-12-30 18:00:00,2024-12,2024,151.0,SELL,BUY,180.5,182.75,4.5,NQ09B SELL WEEKDAY 1800 D80,-29.5,0.0,4.5,29.5,2.25,2.25,0.0,True,1110
1945,2025-01-01 18:00,WEEKDAY_WEAK,1,-29.5,0.0,4.5,NQ09B BUY WEEKDAY 1800 STOP,180.5,182.75,4.5,NQ09B SELL WEEKDAY 1800 D80,2025-01-01 18:00:00,2025-01,2025,151.0,SELL,BUY,180.5,182.75,4.5,NQ09B SELL WEEKDAY 1800 D80,-29.5,0.0,4.5,29.5,2.25,2.25,0.0,True,1111
1953,2025-01-08 18:00,WEEKDAY_WEAK,1,-29.5,0.0,4.5,NQ09B BUY WEEKDAY 1800 STOP,180.5,182.75,4.5,NQ09B SELL WEEKDAY 1800 D80,2025-01-08 18:00:00,2025-01,2025,151.0,SELL,BUY,180.5,182.75,4.5,NQ09B SELL WEEKDAY 1800 D80,-29.5,0.0,4.5,29.5,2.25,2.25,0.0,True,1112
1964,2025-01-20 18:00,WEEKDAY_WEAK,1,-29.5,0.0,4.5,NQ09B BUY WEEKDAY 1800 STOP,185.5,187.75,4.5,NQ09B SELL WEEKDAY 1800 D80,2025-01-20 18:00:00,2025-01,2025,156.0,SELL,BUY,185.5,187.75,4.5,NQ09B SELL WEEKDAY 1800 D80,-29.5,0.0,4.5,29.5,2.25,2.25,0.0,True,1113
1971,2025-01-27 18:00,WEEKDAY_WEAK,1,180.5,182.75,4.5,NQ09B BUY WEEKDAY 1800 D80,-29.5,0.0,4.5,NQ09B SELL WEEKDAY 1800 STOP,2025-01-27 18:00:00,2025-01,2025,151.0,BUY,SELL,180.5,182.75,4.5,NQ09B BUY WEEKDAY 1800 D80,-29.5,0.0,4.5,29.5,2.25,2.25,0.0,True,1114
1976,2025-01-30 18:00,WEEKDAY_WEAK,1,-29.5,0.0,4.5,NQ09B BUY WEEKDAY 1800 STOP,185.5,187.75,4.5,NQ09B SELL WEEKDAY 1800 D80,2025-01-30 18:00:00,2025-01,2025,156.0,SELL,BUY,185.5,187.75,4.5,NQ09B SELL WEEKDAY 1800 D80,-29.5,0.0,4.5,29.5,2.25,2.25,0.0,True,1115
1985,2025-02-06 18:00,WEEKDAY_WEAK,1,-29.5,0.0,4.5,NQ09B BUY WEEKDAY 1800 STOP,185.5,187.75,4.5,NQ09B SELL WEEKDAY 1800 D80,2025-02-06 18:00:00,2025-02,2025,156.0,SELL,BUY,185.5,187.75,4.5,NQ09B SELL WEEKDAY 1800 D80,-29.5,0.0,4.5,29.5,2.25,2.25,0.0,True,1116
2003,2025-02-25 18:00,WEEKDAY_WEAK,1,180.5,182.75,4.5,NQ09B BUY WEEKDAY 1800 D80,-29.5,0.0,4.5,NQ09B SELL WEEKDAY 1800 STOP,2025-02-25 18:00:00,2025-02,2025,151.0,BUY,SELL,180.5,182.75,4.5,NQ09B BUY WEEKDAY 1800 D80,-29.5,0.0,4.5,29.5,2.25,2.25,0.0,True,1117
2007,2025-02-27 18:00,WEEKDAY_WEAK,1,-29.5,0.0,4.5,NQ09B BUY WEEKDAY 1800 STOP,175.5,177.75,4.5,NQ09B SELL WEEKDAY 1800 D80,2025-02-27 18:00:00,2025-02,2025,146.0,SELL,BUY,175.5,177.75,4.5,NQ09B SELL WEEKDAY 1800 D80,-29.5,0.0,4.5,29.5,2.25,2.25,0.0,True,1118
2016,2025-03-06 18:00,WEEKDAY_WEAK,1,-29.5,0.0,4.5,NQ09B BUY WEEKDAY 1800 STOP,175.5,177.75,4.5,NQ09B SELL WEEKDAY 1800 D80,2025-03-06 18:00:00,2025-03,2025,146.0,SELL,BUY,175.5,177.75,4.5,NQ09B SELL WEEKDAY 1800 D80,-29.5,0.0,4.5,29.5,2.25,2.25,0.0,True,1119
2021,2025-03-11 18:00,WEEKDAY_WEAK,1,-29.5,0.0,4.5,NQ09B BUY WEEKDAY 1800 STOP,170.5,172.75,4.5,NQ09B SELL WEEKDAY 1800 D80,2025-03-11 18:00:00,2025-03,2025,141.0,SELL,BUY,170.5,172.75,4.5,NQ09B SELL WEEKDAY 1800 D80,-29.5,0.0,4.5,29.5,2.25,2.25,0.0,True,1120
2051,2025-04-08 18:00,WEEKDAY_WEAK,1,155.5,157.75,4.5,NQ09B BUY WEEKDAY 1800 D80,-29.5,0.0,4.5,NQ09B SELL WEEKDAY 1800 STOP,2025-04-08 18:00:00,2025-04,2025,126.0,BUY,SELL,155.5,157.75,4.5,NQ09B BUY WEEKDAY 1800 D80,-29.5,0.0,4.5,29.5,2.25,2.25,0.0,True,1121
2055,2025-04-10 18:00,WEEKDAY_WEAK,1,165.5,167.75,4.5,NQ09B BUY WEEKDAY 1800 D80,-29.5,0.0,4.5,NQ09B SELL WEEKDAY 1800 STOP,2025-04-10 18:00:00,2025-04,2025,136.0,BUY,SELL,165.5,167.75,4.5,NQ09B BUY WEEKDAY 1800 D80,-29.5,0.0,4.5,29.5,2.25,2.25,0.0,True,1122
2068,2025-04-23 18:00,WEEKDAY_WEAK,1,165.5,167.75,4.5,NQ09B BUY WEEKDAY 1800 D80,-29.5,0.0,4.5,NQ09B SELL WEEKDAY 1800 STOP,2025-04-23 18:00:00,2025-04,2025,136.0,BUY,SELL,165.5,167.75,4.5,NQ09B BUY WEEKDAY 1800 D80,-29.5,0.0,4.5,29.5,2.25,2.25,0.0,True,1123
2070,2025-04-24 18:00,WEEKDAY_WEAK,1,170.5,172.75,4.5,NQ09B BUY WEEKDAY 1800 D80,-29.5,0.0,4.5,NQ09B SELL WEEKDAY 1800 STOP,2025-04-24 18:00:00,2025-04,2025,141.0,BUY,SELL,170.5,172.75,4.5,NQ09B BUY WEEKDAY 1800 D80,-29.5,0.0,4.5,29.5,2.25,2.25,0.0,True,1124
2075,2025-04-29 18:00,WEEKDAY_WEAK,1,-29.5,0.0,4.5,NQ09B BUY WEEKDAY 1800 STOP,175.5,177.75,4.5,NQ09B SELL WEEKDAY 1800 D80,2025-04-29 18:00:00,2025-04,2025,146.0,SELL,BUY,175.5,177.75,4.5,NQ09B SELL WEEKDAY 1800 D80,-29.5,0.0,4.5,29.5,2.25,2.25,0.0,True,1125
2084,2025-05-06 18:00,WEEKDAY_WEAK,1,-29.5,0.0,4.5,NQ09B BUY WEEKDAY 1800 STOP,175.5,177.75,4.5,NQ09B SELL WEEKDAY 1800 D80,2025-05-06 18:00:00,2025-05,2025,146.0,SELL,BUY,175.5,177.75,4.5,NQ09B SELL WEEKDAY 1800 D80,-29.5,0.0,4.5,29.5,2.25,2.25,0.0,True,1126
2099,2025-05-22 18:00,WEEKDAY_WEAK,1,180.5,182.75,4.5,NQ09B BUY WEEKDAY 1800 D80,-29.5,0.0,4.5,NQ09B SELL WEEKDAY 1800 STOP,2025-05-22 18:00:00,2025-05,2025,151.0,BUY,SELL,180.5,182.75,4.5,NQ09B BUY WEEKDAY 1800 D80,-29.5,0.0,4.5,29.5,2.25,2.25,0.0,True,1127
2127,2025-06-17 18:00,WEEKDAY_WEAK,1,185.5,187.75,4.5,NQ09B BUY WEEKDAY 1800 D80,-29.5,0.0,4.5,NQ09B SELL WEEKDAY 1800 STOP,2025-06-17 18:00:00,2025-06,2025,156.0,BUY,SELL,185.5,187.75,4.5,NQ09B BUY WEEKDAY 1800 D80,-29.5,0.0,4.5,29.5,2.25,2.25,0.0,True,1128
2187,2025-08-12 18:00,WEEKDAY_WEAK,1,-29.5,0.0,4.5,NQ09B BUY WEEKDAY 1800 STOP,195.5,197.75,4.5,NQ09B SELL WEEKDAY 1800 D80,2025-08-12 18:00:00,2025-08,2025,166.0,SELL,BUY,195.5,197.75,4.5,NQ09B SELL WEEKDAY 1800 D80,-29.5,0.0,4.5,29.5,2.25,2.25,0.0,True,1129
2256,2025-10-15 18:00,WEEKDAY_WEAK,1,195.5,197.75,4.5,NQ09B BUY WEEKDAY 1800 D80,-29.5,2.75,4.5,NQ09B SELL WEEKDAY 1800 STOP,2025-10-15 18:00:00,2025-10,2025,166.0,BUY,SELL,195.5,197.75,4.5,NQ09B BUY WEEKDAY 1800 D80,-29.5,2.75,4.5,32.25,2.25,2.25,0.0,True,1130
2258,2025-10-16 18:00,WEEKDAY_WEAK,1,-29.5,0.0,4.5,NQ09B BUY WEEKDAY 1800 STOP,195.5,197.75,4.5,NQ09B SELL WEEKDAY 1800 D80,2025-10-16 18:00:00,2025-10,2025,166.0,SELL,BUY,195.5,197.75,4.5,NQ09B SELL WEEKDAY 1800 D80,-29.5,0.0,4.5,29.5,2.25,2.25,0.0,True,1131
2264,2025-10-22 18:00,WEEKDAY_WEAK,1,-29.5,0.0,4.5,NQ09B BUY WEEKDAY 1800 STOP,195.5,197.75,4.5,NQ09B SELL WEEKDAY 1800 D80,2025-10-22 18:00:00,2025-10,2025,166.0,SELL,BUY,195.5,197.75,4.5,NQ09B SELL WEEKDAY 1800 D80,-29.5,0.0,4.5,29.5,2.25,2.25,0.0,True,1132
2279,2025-11-04 18:00,WEEKDAY_WEAK,1,-29.5,0.0,4.5,NQ09B BUY WEEKDAY 1800 STOP,195.5,197.75,4.5,NQ09B SELL WEEKDAY 1800 D80,2025-11-04 18:00:00,2025-11,2025,166.0,SELL,BUY,195.5,197.75,4.5,NQ09B SELL WEEKDAY 1800 D80,-29.5,0.0,4.5,29.5,2.25,2.25,0.0,True,1133
2293,2025-11-17 18:00,WEEKDAY_WEAK,1,-29.5,0.0,4.5,NQ09B BUY WEEKDAY 1800 STOP,195.5,197.75,4.5,NQ09B SELL WEEKDAY 1800 D80,2025-11-17 18:00:00,2025-11,2025,166.0,SELL,BUY,195.5,197.75,4.5,NQ09B SELL WEEKDAY 1800 D80,-29.5,0.0,4.5,29.5,2.25,2.25,0.0,True,1134
2327,2025-12-18 18:00,WEEKDAY_WEAK,1,-29.5,0.0,4.5,NQ09B BUY WEEKDAY 1800 STOP,195.5,197.75,4.5,NQ09B SELL WEEKDAY 1800 D80,2025-12-18 18:00:00,2025-12,2025,166.0,SELL,BUY,195.5,197.75,4.5,NQ09B SELL WEEKDAY 1800 D80,-29.5,0.0,4.5,29.5,2.25,2.25,0.0,True,1135
2349,2026-01-12 18:00,WEEKDAY_WEAK,1,-29.5,2.75,4.5,NQ09B BUY WEEKDAY 1800 STOP,195.5,197.75,4.5,NQ09B SELL WEEKDAY 1800 D80,2026-01-12 18:00:00,2026-01,2026,166.0,SELL,BUY,195.5,197.75,4.5,NQ09B SELL WEEKDAY 1800 D80,-29.5,2.75,4.5,32.25,2.25,2.25,0.0,True,1136
2357,2026-01-19 18:00,WEEKDAY_WEAK,1,195.5,197.75,4.5,NQ09B BUY WEEKDAY 1800 D80,-29.5,0.0,4.5,NQ09B SELL WEEKDAY 1800 STOP,2026-01-19 18:00:00,2026-01,2026,166.0,BUY,SELL,195.5,197.75,4.5,NQ09B BUY WEEKDAY 1800 D80,-29.5,0.0,4.5,29.5,2.25,2.25,0.0,True,1137
2359,2026-01-20 18:00,WEEKDAY_WEAK,1,-29.5,0.0,4.5,NQ09B BUY WEEKDAY 1800 STOP,195.5,197.75,4.5,NQ09B SELL WEEKDAY 1800 D80,2026-01-20 18:00:00,2026-01,2026,166.0,SELL,BUY,195.5,197.75,4.5,NQ09B SELL WEEKDAY 1800 D80,-29.5,0.0,4.5,29.5,2.25,2.25,0.0,True,1138
2371,2026-01-29 18:00,WEEKDAY_WEAK,1,195.5,197.75,4.5,NQ09B BUY WEEKDAY 1800 D80,-29.5,0.0,4.5,NQ09B SELL WEEKDAY 1800 STOP,2026-01-29 18:00:00,2026-01,2026,166.0,BUY,SELL,195.5,197.75,4.5,NQ09B BUY WEEKDAY 1800 D80,-29.5,0.0,4.5,29.5,2.25,2.25,0.0,True,1139
2415,2026-03-09 18:00,WEEKDAY_WEAK,1,-29.5,0.0,4.5,NQ09B BUY WEEKDAY 1800 STOP,195.5,197.75,4.5,NQ09B SELL WEEKDAY 1800 D80,2026-03-09 18:00:00,2026-03,2026,166.0,SELL,BUY,195.5,197.75,4.5,NQ09B SELL WEEKDAY 1800 D80,-29.5,0.0,4.5,29.5,2.25,2.25,0.0,True,1140
2420,2026-03-12 18:00,WEEKDAY_WEAK,1,195.5,197.75,4.5,NQ09B BUY WEEKDAY 1800 D80,-29.5,0.0,4.5,NQ09B SELL WEEKDAY 1800 STOP,2026-03-12 18:00:00,2026-03,2026,166.0,BUY,SELL,195.5,197.75,4.5,NQ09B BUY WEEKDAY 1800 D80,-29.5,0.0,4.5,29.5,2.25,2.25,0.0,True,1141
2447,2026-04-07 18:00,WEEKDAY_WEAK,1,-29.5,0.0,4.5,NQ09B BUY WEEKDAY 1800 STOP,195.5,197.75,4.5,NQ09B SELL WEEKDAY 1800 D80,2026-04-07 18:00:00,2026-04,2026,166.0,SELL,BUY,195.5,197.75,4.5,NQ09B SELL WEEKDAY 1800 D80,-29.5,0.0,4.5,29.5,2.25,2.25,0.0,True,1142
2460,2026-04-20 18:00,WEEKDAY_WEAK,1,-29.5,0.0,4.5,NQ09B BUY WEEKDAY 1800 STOP,195.5,197.75,4.5,NQ09B SELL WEEKDAY 1800 D80,2026-04-20 18:00:00,2026-04,2026,166.0,SELL,BUY,195.5,197.75,4.5,NQ09B SELL WEEKDAY 1800 D80,-29.5,0.0,4.5,29.5,2.25,2.25,0.0,True,1143
2466,2026-04-23 18:00,WEEKDAY_WEAK,1,195.5,197.75,4.5,NQ09B BUY WEEKDAY 1800 D80,-29.5,0.0,4.5,NQ09B SELL WEEKDAY 1800 STOP,2026-04-23 18:00:00,2026-04,2026,166.0,BUY,SELL,195.5,197.75,4.5,NQ09B BUY WEEKDAY 1800 D80,-29.5,0.0,4.5,29.5,2.25,2.25,0.0,True,1144
2474,2026-04-30 18:00,WEEKDAY_WEAK,1,195.5,197.75,4.5,NQ09B BUY WEEKDAY 1800 D80,-29.5,0.0,4.5,NQ09B SELL WEEKDAY 1800 STOP,2026-04-30 18:00:00,2026-04,2026,166.0,BUY,SELL,195.5,197.75,4.5,NQ09B BUY WEEKDAY 1800 D80,-29.5,0.0,4.5,29.5,2.25,2.25,0.0,True,1145
2481,2026-05-06 18:00,WEEKDAY_WEAK,1,-29.5,0.0,4.5,NQ09B BUY WEEKDAY 1800 STOP,195.5,197.75,4.5,NQ09B SELL WEEKDAY 1800 D80,2026-05-06 18:00:00,2026-05,2026,166.0,SELL,BUY,195.5,197.75,4.5,NQ09B SELL WEEKDAY 1800 D80,-29.5,0.0,4.5,29.5,2.25,2.25,0.0,True,1146
2483,2026-05-07 18:00,WEEKDAY_WEAK,1,195.5,197.75,4.5,NQ09B BUY WEEKDAY 1800 D80,-29.5,0.0,4.5,NQ09B SELL WEEKDAY 1800 STOP,2026-05-07 18:00:00,2026-05,2026,166.0,BUY,SELL,195.5,197.75,4.5,NQ09B BUY WEEKDAY 1800 D80,-29.5,0.0,4.5,29.5,2.25,2.25,0.0,True,1147
2488,2026-05-12 18:00,WEEKDAY_WEAK,1,-29.5,0.0,4.5,NQ09B BUY WEEKDAY 1800 STOP,195.5,197.75,4.5,NQ09B SELL WEEKDAY 1800 D80,2026-05-12 18:00:00,2026-05,2026,166.0,SELL,BUY,195.5,197.75,4.5,NQ09B SELL WEEKDAY 1800 D80,-29.5,0.0,4.5,29.5,2.25,2.25,0.0,True,1148
2491,2026-05-14 18:00,WEEKDAY_WEAK,1,-29.5,0.0,4.5,NQ09B BUY WEEKDAY 1800 STOP,195.5,197.75,4.5,NQ09B SELL WEEKDAY 1800 D80,2026-05-14 18:00:00,2026-05,2026,166.0,SELL,BUY,195.5,197.75,4.5,NQ09B SELL WEEKDAY 1800 D80,-29.5,0.0,4.5,29.5,2.25,2.25,0.0,True,1149
2524,2026-06-11 18:00,WEEKDAY_WEAK,1,-29.5,0.0,4.5,NQ09B BUY WEEKDAY 1800 STOP,195.5,197.75,4.5,NQ09B SELL WEEKDAY 1800 D80,2026-06-11 18:00:00,2026-06,2026,166.0,SELL,BUY,195.5,197.75,4.5,NQ09B SELL WEEKDAY 1800 D80,-29.5,0.0,4.5,29.5,2.25,2.25,0.0,True,1150
2539,2026-06-25 18:00,WEEKDAY_WEAK,1,195.5,197.75,4.5,NQ09B BUY WEEKDAY 1800 D80,-29.5,0.0,4.5,NQ09B SELL WEEKDAY 1800 STOP,2026-06-25 18:00:00,2026-06,2026,166.0,BUY,SELL,195.5,197.75,4.5,NQ09B BUY WEEKDAY 1800 D80,-29.5,0.0,4.5,29.5,2.25,2.25,0.0,True,1151
2545,2026-07-01 18:00,WEEKDAY_WEAK,1,195.5,197.75,4.5,NQ09B BUY WEEKDAY 1800 D80,-29.5,0.0,4.5,NQ09B SELL WEEKDAY 1800 STOP,2026-07-01 18:00:00,2026-07,2026,166.0,BUY,SELL,195.5,197.75,4.5,NQ09B BUY WEEKDAY 1800 D80,-29.5,0.0,4.5,29.5,2.25,2.25,0.0,True,1152
2565,2026-07-22 18:00,WEEKDAY_WEAK,1,-29.5,0.0,4.5,NQ09B BUY WEEKDAY 1800 STOP,195.5,197.75,4.5,NQ09B SELL WEEKDAY 1800 D80,2026-07-22 18:00:00,2026-07,2026,166.0,SELL,BUY,195.5,197.75,4.5,NQ09B SELL WEEKDAY 1800 D80,-29.5,0.0,4.5,29.5,2.25,2.25,0.0,True,1153
2571,2026-07-27 18:00,WEEKDAY_WEAK,1,195.5,197.75,4.5,NQ09B BUY WEEKDAY 1800 D80,-29.5,0.0,4.5,NQ09B SELL WEEKDAY 1800 STOP,2026-07-27 18:00:00,2026-07,2026,166.0,BUY,SELL,195.5,197.75,4.5,NQ09B BUY WEEKDAY 1800 D80,-29.5,0.0,4.5,29.5,2.25,2.25,0.0,True,1154
2575,2026-07-29 18:00,WEEKDAY_WEAK,1,195.5,197.75,4.5,NQ09B BUY WEEKDAY 1800 D80,-29.5,0.0,4.5,NQ09B SELL WEEKDAY 1800 STOP,2026-07-29 18:00:00,2026-07,2026,166.0,BUY,SELL,195.5,197.75,4.5,NQ09B BUY WEEKDAY 1800 D80,-29.5,0.0,4.5,29.5,2.25,2.25,0.0,True,1155
2577,2026-07-30 18:00,WEEKDAY_WEAK,1,-29.5,0.0,4.5,NQ09B BUY WEEKDAY 1800 STOP,195.5,197.75,4.5,NQ09B SELL WEEKDAY 1800 D80,2026-07-30 18:00:00,2026-07,2026,166.0,SELL,BUY,195.5,197.75,4.5,NQ09B SELL WEEKDAY 1800 D80,-29.5,0.0,4.5,29.5,2.25,2.25,0.0,True,1156
